mutation_id	sample_id	cluster_id	cellular_prevalence	cellular_prevalence_std	cluster_assignment_prob
HAMBI_0403_chrm01_circ_1041879	NP_Ct_r01_2016_10_11_L001-L004_merged	0	0.0000	0.0000	1.0000
HAMBI_0403_chrm01_circ_1041879	NP_Ct_r01_2016_12_05_L001-L004_merged	0	0.0000	0.0000	1.0000
HAMBI_0403_chrm01_circ_1041879	NP_Ct_r01_2017_02_06_L001-L004_merged	0	0.0000	0.0000	1.0000
HAMBI_0403_chrm01_circ_1041879	NP_Ct_r01_2017_03_06_L002	0	0.0000	0.0000	1.0000
HAMBI_0403_chrm01_circ_1041879	NP_Ct_r01_2017_04_03_L002	0	0.0000	0.0000	1.0000
HAMBI_0403_chrm01_circ_1041879	NP_Ct_r01_2017_08_21_L001	0	0.0000	0.0000	1.0000
HAMBI_0403_chrm01_circ_1041879	NP_Ct_r01_2017_09_18_L001	0	0.0001	0.0008	1.0000
HAMBI_0403_chrm01_circ_1041879	NP_Ct_r01_2017_11_14_L001-L004_merged	0	0.0101	0.0000	1.0000
HAMBI_0403_chrm01_circ_1041879	NP_Ct_r01_2018_03_06_L001	0	0.0000	0.0000	1.0000
HAMBI_0403_chrm01_circ_1041879	NP_Ct_r01_2018_06_26_L001	0	0.0718	0.0033	1.0000
HAMBI_0403_chrm01_circ_1041879	NP_Ct_r01_2018_07_24_L001	0	0.1290	0.0056	1.0000
HAMBI_0403_chrm01_circ_1041879	NP_Ct_r01_2018_08_21_L002	0	0.1415	0.0048	1.0000
HAMBI_0403_chrm01_circ_1041879	NP_Ct_r01_2018_09_18_L001	0	0.1479	0.0061	1.0000
HAMBI_0403_chrm01_circ_1041879	NP_Ct_r01_2018_10_16_L001	0	0.1271	0.0054	1.0000
HAMBI_0403_chrm01_circ_1041879	NP_Ct_r01_2018_11_13_L001	0	0.1271	0.0058	1.0000
HAMBI_0403_chrm01_circ_1041879	NP_Ct_r01_2018_12_11_L001	0	0.0975	0.0056	1.0000
HAMBI_0403_chrm01_circ_1041879	NP_Ct_r01_2019_02_04_L003	0	0.0507	0.0019	1.0000
HAMBI_0403_chrm01_circ_1041879	NP_Ct_r01_2019_02_25_L003	0	0.0401	0.0017	1.0000
HAMBI_0403_chrm01_circ_1089569	NP_Ct_r01_2016_10_11_L001-L004_merged	0	0.0000	0.0000	1.0000
HAMBI_0403_chrm01_circ_1089569	NP_Ct_r01_2016_12_05_L001-L004_merged	0	0.0000	0.0000	1.0000
HAMBI_0403_chrm01_circ_1089569	NP_Ct_r01_2017_02_06_L001-L004_merged	0	0.0000	0.0000	1.0000
HAMBI_0403_chrm01_circ_1089569	NP_Ct_r01_2017_03_06_L002	0	0.0000	0.0000	1.0000
HAMBI_0403_chrm01_circ_1089569	NP_Ct_r01_2017_04_03_L002	0	0.0000	0.0000	1.0000
HAMBI_0403_chrm01_circ_1089569	NP_Ct_r01_2017_08_21_L001	0	0.0000	0.0000	1.0000
HAMBI_0403_chrm01_circ_1089569	NP_Ct_r01_2017_09_18_L001	0	0.0001	0.0008	1.0000
HAMBI_0403_chrm01_circ_1089569	NP_Ct_r01_2017_11_14_L001-L004_merged	0	0.0101	0.0000	1.0000
HAMBI_0403_chrm01_circ_1089569	NP_Ct_r01_2018_03_06_L001	0	0.0000	0.0000	1.0000
HAMBI_0403_chrm01_circ_1089569	NP_Ct_r01_2018_06_26_L001	0	0.0718	0.0033	1.0000
HAMBI_0403_chrm01_circ_1089569	NP_Ct_r01_2018_07_24_L001	0	0.1290	0.0056	1.0000
HAMBI_0403_chrm01_circ_1089569	NP_Ct_r01_2018_08_21_L002	0	0.1415	0.0048	1.0000
HAMBI_0403_chrm01_circ_1089569	NP_Ct_r01_2018_09_18_L001	0	0.1479	0.0061	1.0000
HAMBI_0403_chrm01_circ_1089569	NP_Ct_r01_2018_10_16_L001	0	0.1271	0.0054	1.0000
HAMBI_0403_chrm01_circ_1089569	NP_Ct_r01_2018_11_13_L001	0	0.1271	0.0058	1.0000
HAMBI_0403_chrm01_circ_1089569	NP_Ct_r01_2018_12_11_L001	0	0.0975	0.0056	1.0000
HAMBI_0403_chrm01_circ_1089569	NP_Ct_r01_2019_02_04_L003	0	0.0507	0.0019	1.0000
HAMBI_0403_chrm01_circ_1089569	NP_Ct_r01_2019_02_25_L003	0	0.0401	0.0017	1.0000
HAMBI_0403_chrm01_circ_1269396	NP_Ct_r01_2016_10_11_L001-L004_merged	0	0.0000	0.0000	1.0000
HAMBI_0403_chrm01_circ_1269396	NP_Ct_r01_2016_12_05_L001-L004_merged	0	0.0000	0.0000	1.0000
HAMBI_0403_chrm01_circ_1269396	NP_Ct_r01_2017_02_06_L001-L004_merged	0	0.0000	0.0000	1.0000
HAMBI_0403_chrm01_circ_1269396	NP_Ct_r01_2017_03_06_L002	0	0.0000	0.0000	1.0000
HAMBI_0403_chrm01_circ_1269396	NP_Ct_r01_2017_04_03_L002	0	0.0000	0.0000	1.0000
HAMBI_0403_chrm01_circ_1269396	NP_Ct_r01_2017_08_21_L001	0	0.0000	0.0000	1.0000
HAMBI_0403_chrm01_circ_1269396	NP_Ct_r01_2017_09_18_L001	0	0.0001	0.0008	1.0000
HAMBI_0403_chrm01_circ_1269396	NP_Ct_r01_2017_11_14_L001-L004_merged	0	0.0101	0.0000	1.0000
HAMBI_0403_chrm01_circ_1269396	NP_Ct_r01_2018_03_06_L001	0	0.0000	0.0000	1.0000
HAMBI_0403_chrm01_circ_1269396	NP_Ct_r01_2018_06_26_L001	0	0.0718	0.0033	1.0000
HAMBI_0403_chrm01_circ_1269396	NP_Ct_r01_2018_07_24_L001	0	0.1290	0.0056	1.0000
HAMBI_0403_chrm01_circ_1269396	NP_Ct_r01_2018_08_21_L002	0	0.1415	0.0048	1.0000
HAMBI_0403_chrm01_circ_1269396	NP_Ct_r01_2018_09_18_L001	0	0.1479	0.0061	1.0000
HAMBI_0403_chrm01_circ_1269396	NP_Ct_r01_2018_10_16_L001	0	0.1271	0.0054	1.0000
HAMBI_0403_chrm01_circ_1269396	NP_Ct_r01_2018_11_13_L001	0	0.1271	0.0058	1.0000
HAMBI_0403_chrm01_circ_1269396	NP_Ct_r01_2018_12_11_L001	0	0.0975	0.0056	1.0000
HAMBI_0403_chrm01_circ_1269396	NP_Ct_r01_2019_02_04_L003	0	0.0507	0.0019	1.0000
HAMBI_0403_chrm01_circ_1269396	NP_Ct_r01_2019_02_25_L003	0	0.0401	0.0017	1.0000
HAMBI_0403_chrm01_circ_1276454	NP_Ct_r01_2016_10_11_L001-L004_merged	0	0.0000	0.0000	1.0000
HAMBI_0403_chrm01_circ_1276454	NP_Ct_r01_2016_12_05_L001-L004_merged	0	0.0000	0.0000	1.0000
HAMBI_0403_chrm01_circ_1276454	NP_Ct_r01_2017_02_06_L001-L004_merged	0	0.0000	0.0000	1.0000
HAMBI_0403_chrm01_circ_1276454	NP_Ct_r01_2017_03_06_L002	0	0.0000	0.0000	1.0000
HAMBI_0403_chrm01_circ_1276454	NP_Ct_r01_2017_04_03_L002	0	0.0000	0.0000	1.0000
HAMBI_0403_chrm01_circ_1276454	NP_Ct_r01_2017_08_21_L001	0	0.0000	0.0000	1.0000
HAMBI_0403_chrm01_circ_1276454	NP_Ct_r01_2017_09_18_L001	0	0.0001	0.0008	1.0000
HAMBI_0403_chrm01_circ_1276454	NP_Ct_r01_2017_11_14_L001-L004_merged	0	0.0101	0.0000	1.0000
HAMBI_0403_chrm01_circ_1276454	NP_Ct_r01_2018_03_06_L001	0	0.0000	0.0000	1.0000
HAMBI_0403_chrm01_circ_1276454	NP_Ct_r01_2018_06_26_L001	0	0.0718	0.0033	1.0000
HAMBI_0403_chrm01_circ_1276454	NP_Ct_r01_2018_07_24_L001	0	0.1290	0.0056	1.0000
HAMBI_0403_chrm01_circ_1276454	NP_Ct_r01_2018_08_21_L002	0	0.1415	0.0048	1.0000
HAMBI_0403_chrm01_circ_1276454	NP_Ct_r01_2018_09_18_L001	0	0.1479	0.0061	1.0000
HAMBI_0403_chrm01_circ_1276454	NP_Ct_r01_2018_10_16_L001	0	0.1271	0.0054	1.0000
HAMBI_0403_chrm01_circ_1276454	NP_Ct_r01_2018_11_13_L001	0	0.1271	0.0058	1.0000
HAMBI_0403_chrm01_circ_1276454	NP_Ct_r01_2018_12_11_L001	0	0.0975	0.0056	1.0000
HAMBI_0403_chrm01_circ_1276454	NP_Ct_r01_2019_02_04_L003	0	0.0507	0.0019	1.0000
HAMBI_0403_chrm01_circ_1276454	NP_Ct_r01_2019_02_25_L003	0	0.0401	0.0017	1.0000
HAMBI_0403_chrm01_circ_1432433	NP_Ct_r01_2016_10_11_L001-L004_merged	0	0.0000	0.0000	1.0000
HAMBI_0403_chrm01_circ_1432433	NP_Ct_r01_2016_12_05_L001-L004_merged	0	0.0000	0.0000	1.0000
HAMBI_0403_chrm01_circ_1432433	NP_Ct_r01_2017_02_06_L001-L004_merged	0	0.0000	0.0000	1.0000
HAMBI_0403_chrm01_circ_1432433	NP_Ct_r01_2017_03_06_L002	0	0.0000	0.0000	1.0000
HAMBI_0403_chrm01_circ_1432433	NP_Ct_r01_2017_04_03_L002	0	0.0000	0.0000	1.0000
HAMBI_0403_chrm01_circ_1432433	NP_Ct_r01_2017_08_21_L001	0	0.0000	0.0000	1.0000
HAMBI_0403_chrm01_circ_1432433	NP_Ct_r01_2017_09_18_L001	0	0.0001	0.0008	1.0000
HAMBI_0403_chrm01_circ_1432433	NP_Ct_r01_2017_11_14_L001-L004_merged	0	0.0101	0.0000	1.0000
HAMBI_0403_chrm01_circ_1432433	NP_Ct_r01_2018_03_06_L001	0	0.0000	0.0000	1.0000
HAMBI_0403_chrm01_circ_1432433	NP_Ct_r01_2018_06_26_L001	0	0.0718	0.0033	1.0000
HAMBI_0403_chrm01_circ_1432433	NP_Ct_r01_2018_07_24_L001	0	0.1290	0.0056	1.0000
HAMBI_0403_chrm01_circ_1432433	NP_Ct_r01_2018_08_21_L002	0	0.1415	0.0048	1.0000
HAMBI_0403_chrm01_circ_1432433	NP_Ct_r01_2018_09_18_L001	0	0.1479	0.0061	1.0000
HAMBI_0403_chrm01_circ_1432433	NP_Ct_r01_2018_10_16_L001	0	0.1271	0.0054	1.0000
HAMBI_0403_chrm01_circ_1432433	NP_Ct_r01_2018_11_13_L001	0	0.1271	0.0058	1.0000
HAMBI_0403_chrm01_circ_1432433	NP_Ct_r01_2018_12_11_L001	0	0.0975	0.0056	1.0000
HAMBI_0403_chrm01_circ_1432433	NP_Ct_r01_2019_02_04_L003	0	0.0507	0.0019	1.0000
HAMBI_0403_chrm01_circ_1432433	NP_Ct_r01_2019_02_25_L003	0	0.0401	0.0017	1.0000
HAMBI_0403_chrm01_circ_1680554	NP_Ct_r01_2016_10_11_L001-L004_merged	0	0.0000	0.0000	1.0000
HAMBI_0403_chrm01_circ_1680554	NP_Ct_r01_2016_12_05_L001-L004_merged	0	0.0000	0.0000	1.0000
HAMBI_0403_chrm01_circ_1680554	NP_Ct_r01_2017_02_06_L001-L004_merged	0	0.0000	0.0000	1.0000
HAMBI_0403_chrm01_circ_1680554	NP_Ct_r01_2017_03_06_L002	0	0.0000	0.0000	1.0000
HAMBI_0403_chrm01_circ_1680554	NP_Ct_r01_2017_04_03_L002	0	0.0000	0.0000	1.0000
HAMBI_0403_chrm01_circ_1680554	NP_Ct_r01_2017_08_21_L001	0	0.0000	0.0000	1.0000
HAMBI_0403_chrm01_circ_1680554	NP_Ct_r01_2017_09_18_L001	0	0.0001	0.0008	1.0000
HAMBI_0403_chrm01_circ_1680554	NP_Ct_r01_2017_11_14_L001-L004_merged	0	0.0101	0.0000	1.0000
HAMBI_0403_chrm01_circ_1680554	NP_Ct_r01_2018_03_06_L001	0	0.0000	0.0000	1.0000
HAMBI_0403_chrm01_circ_1680554	NP_Ct_r01_2018_06_26_L001	0	0.0718	0.0033	1.0000
HAMBI_0403_chrm01_circ_1680554	NP_Ct_r01_2018_07_24_L001	0	0.1290	0.0056	1.0000
HAMBI_0403_chrm01_circ_1680554	NP_Ct_r01_2018_08_21_L002	0	0.1415	0.0048	1.0000
HAMBI_0403_chrm01_circ_1680554	NP_Ct_r01_2018_09_18_L001	0	0.1479	0.0061	1.0000
HAMBI_0403_chrm01_circ_1680554	NP_Ct_r01_2018_10_16_L001	0	0.1271	0.0054	1.0000
HAMBI_0403_chrm01_circ_1680554	NP_Ct_r01_2018_11_13_L001	0	0.1271	0.0058	1.0000
HAMBI_0403_chrm01_circ_1680554	NP_Ct_r01_2018_12_11_L001	0	0.0975	0.0056	1.0000
HAMBI_0403_chrm01_circ_1680554	NP_Ct_r01_2019_02_04_L003	0	0.0507	0.0019	1.0000
HAMBI_0403_chrm01_circ_1680554	NP_Ct_r01_2019_02_25_L003	0	0.0401	0.0017	1.0000
HAMBI_0403_chrm01_circ_1985537	NP_Ct_r01_2016_10_11_L001-L004_merged	0	0.0000	0.0000	1.0000
HAMBI_0403_chrm01_circ_1985537	NP_Ct_r01_2016_12_05_L001-L004_merged	0	0.0000	0.0000	1.0000
HAMBI_0403_chrm01_circ_1985537	NP_Ct_r01_2017_02_06_L001-L004_merged	0	0.0000	0.0000	1.0000
HAMBI_0403_chrm01_circ_1985537	NP_Ct_r01_2017_03_06_L002	0	0.0000	0.0000	1.0000
HAMBI_0403_chrm01_circ_1985537	NP_Ct_r01_2017_04_03_L002	0	0.0000	0.0000	1.0000
HAMBI_0403_chrm01_circ_1985537	NP_Ct_r01_2017_08_21_L001	0	0.0000	0.0000	1.0000
HAMBI_0403_chrm01_circ_1985537	NP_Ct_r01_2017_09_18_L001	0	0.0001	0.0008	1.0000
HAMBI_0403_chrm01_circ_1985537	NP_Ct_r01_2017_11_14_L001-L004_merged	0	0.0101	0.0000	1.0000
HAMBI_0403_chrm01_circ_1985537	NP_Ct_r01_2018_03_06_L001	0	0.0000	0.0000	1.0000
HAMBI_0403_chrm01_circ_1985537	NP_Ct_r01_2018_06_26_L001	0	0.0718	0.0033	1.0000
HAMBI_0403_chrm01_circ_1985537	NP_Ct_r01_2018_07_24_L001	0	0.1290	0.0056	1.0000
HAMBI_0403_chrm01_circ_1985537	NP_Ct_r01_2018_08_21_L002	0	0.1415	0.0048	1.0000
HAMBI_0403_chrm01_circ_1985537	NP_Ct_r01_2018_09_18_L001	0	0.1479	0.0061	1.0000
HAMBI_0403_chrm01_circ_1985537	NP_Ct_r01_2018_10_16_L001	0	0.1271	0.0054	1.0000
HAMBI_0403_chrm01_circ_1985537	NP_Ct_r01_2018_11_13_L001	0	0.1271	0.0058	1.0000
HAMBI_0403_chrm01_circ_1985537	NP_Ct_r01_2018_12_11_L001	0	0.0975	0.0056	1.0000
HAMBI_0403_chrm01_circ_1985537	NP_Ct_r01_2019_02_04_L003	0	0.0507	0.0019	1.0000
HAMBI_0403_chrm01_circ_1985537	NP_Ct_r01_2019_02_25_L003	0	0.0401	0.0017	1.0000
HAMBI_0403_chrm01_circ_2164967	NP_Ct_r01_2016_10_11_L001-L004_merged	0	0.0000	0.0000	1.0000
HAMBI_0403_chrm01_circ_2164967	NP_Ct_r01_2016_12_05_L001-L004_merged	0	0.0000	0.0000	1.0000
HAMBI_0403_chrm01_circ_2164967	NP_Ct_r01_2017_02_06_L001-L004_merged	0	0.0000	0.0000	1.0000
HAMBI_0403_chrm01_circ_2164967	NP_Ct_r01_2017_03_06_L002	0	0.0000	0.0000	1.0000
HAMBI_0403_chrm01_circ_2164967	NP_Ct_r01_2017_04_03_L002	0	0.0000	0.0000	1.0000
HAMBI_0403_chrm01_circ_2164967	NP_Ct_r01_2017_08_21_L001	0	0.0000	0.0000	1.0000
HAMBI_0403_chrm01_circ_2164967	NP_Ct_r01_2017_09_18_L001	0	0.0001	0.0008	1.0000
HAMBI_0403_chrm01_circ_2164967	NP_Ct_r01_2017_11_14_L001-L004_merged	0	0.0101	0.0000	1.0000
HAMBI_0403_chrm01_circ_2164967	NP_Ct_r01_2018_03_06_L001	0	0.0000	0.0000	1.0000
HAMBI_0403_chrm01_circ_2164967	NP_Ct_r01_2018_06_26_L001	0	0.0718	0.0033	1.0000
HAMBI_0403_chrm01_circ_2164967	NP_Ct_r01_2018_07_24_L001	0	0.1290	0.0056	1.0000
HAMBI_0403_chrm01_circ_2164967	NP_Ct_r01_2018_08_21_L002	0	0.1415	0.0048	1.0000
HAMBI_0403_chrm01_circ_2164967	NP_Ct_r01_2018_09_18_L001	0	0.1479	0.0061	1.0000
HAMBI_0403_chrm01_circ_2164967	NP_Ct_r01_2018_10_16_L001	0	0.1271	0.0054	1.0000
HAMBI_0403_chrm01_circ_2164967	NP_Ct_r01_2018_11_13_L001	0	0.1271	0.0058	1.0000
HAMBI_0403_chrm01_circ_2164967	NP_Ct_r01_2018_12_11_L001	0	0.0975	0.0056	1.0000
HAMBI_0403_chrm01_circ_2164967	NP_Ct_r01_2019_02_04_L003	0	0.0507	0.0019	1.0000
HAMBI_0403_chrm01_circ_2164967	NP_Ct_r01_2019_02_25_L003	0	0.0401	0.0017	1.0000
HAMBI_0403_chrm01_circ_2263832	NP_Ct_r01_2016_10_11_L001-L004_merged	0	0.0000	0.0000	1.0000
HAMBI_0403_chrm01_circ_2263832	NP_Ct_r01_2016_12_05_L001-L004_merged	0	0.0000	0.0000	1.0000
HAMBI_0403_chrm01_circ_2263832	NP_Ct_r01_2017_02_06_L001-L004_merged	0	0.0000	0.0000	1.0000
HAMBI_0403_chrm01_circ_2263832	NP_Ct_r01_2017_03_06_L002	0	0.0000	0.0000	1.0000
HAMBI_0403_chrm01_circ_2263832	NP_Ct_r01_2017_04_03_L002	0	0.0000	0.0000	1.0000
HAMBI_0403_chrm01_circ_2263832	NP_Ct_r01_2017_08_21_L001	0	0.0000	0.0000	1.0000
HAMBI_0403_chrm01_circ_2263832	NP_Ct_r01_2017_09_18_L001	0	0.0001	0.0008	1.0000
HAMBI_0403_chrm01_circ_2263832	NP_Ct_r01_2017_11_14_L001-L004_merged	0	0.0101	0.0000	1.0000
HAMBI_0403_chrm01_circ_2263832	NP_Ct_r01_2018_03_06_L001	0	0.0000	0.0000	1.0000
HAMBI_0403_chrm01_circ_2263832	NP_Ct_r01_2018_06_26_L001	0	0.0718	0.0033	1.0000
HAMBI_0403_chrm01_circ_2263832	NP_Ct_r01_2018_07_24_L001	0	0.1290	0.0056	1.0000
HAMBI_0403_chrm01_circ_2263832	NP_Ct_r01_2018_08_21_L002	0	0.1415	0.0048	1.0000
HAMBI_0403_chrm01_circ_2263832	NP_Ct_r01_2018_09_18_L001	0	0.1479	0.0061	1.0000
HAMBI_0403_chrm01_circ_2263832	NP_Ct_r01_2018_10_16_L001	0	0.1271	0.0054	1.0000
HAMBI_0403_chrm01_circ_2263832	NP_Ct_r01_2018_11_13_L001	0	0.1271	0.0058	1.0000
HAMBI_0403_chrm01_circ_2263832	NP_Ct_r01_2018_12_11_L001	0	0.0975	0.0056	1.0000
HAMBI_0403_chrm01_circ_2263832	NP_Ct_r01_2019_02_04_L003	0	0.0507	0.0019	1.0000
HAMBI_0403_chrm01_circ_2263832	NP_Ct_r01_2019_02_25_L003	0	0.0401	0.0017	1.0000
HAMBI_0403_chrm01_circ_2288765	NP_Ct_r01_2016_10_11_L001-L004_merged	0	0.0000	0.0000	1.0000
HAMBI_0403_chrm01_circ_2288765	NP_Ct_r01_2016_12_05_L001-L004_merged	0	0.0000	0.0000	1.0000
HAMBI_0403_chrm01_circ_2288765	NP_Ct_r01_2017_02_06_L001-L004_merged	0	0.0000	0.0000	1.0000
HAMBI_0403_chrm01_circ_2288765	NP_Ct_r01_2017_03_06_L002	0	0.0000	0.0000	1.0000
HAMBI_0403_chrm01_circ_2288765	NP_Ct_r01_2017_04_03_L002	0	0.0000	0.0000	1.0000
HAMBI_0403_chrm01_circ_2288765	NP_Ct_r01_2017_08_21_L001	0	0.0000	0.0000	1.0000
HAMBI_0403_chrm01_circ_2288765	NP_Ct_r01_2017_09_18_L001	0	0.0001	0.0008	1.0000
HAMBI_0403_chrm01_circ_2288765	NP_Ct_r01_2017_11_14_L001-L004_merged	0	0.0101	0.0000	1.0000
HAMBI_0403_chrm01_circ_2288765	NP_Ct_r01_2018_03_06_L001	0	0.0000	0.0000	1.0000
HAMBI_0403_chrm01_circ_2288765	NP_Ct_r01_2018_06_26_L001	0	0.0718	0.0033	1.0000
HAMBI_0403_chrm01_circ_2288765	NP_Ct_r01_2018_07_24_L001	0	0.1290	0.0056	1.0000
HAMBI_0403_chrm01_circ_2288765	NP_Ct_r01_2018_08_21_L002	0	0.1415	0.0048	1.0000
HAMBI_0403_chrm01_circ_2288765	NP_Ct_r01_2018_09_18_L001	0	0.1479	0.0061	1.0000
HAMBI_0403_chrm01_circ_2288765	NP_Ct_r01_2018_10_16_L001	0	0.1271	0.0054	1.0000
HAMBI_0403_chrm01_circ_2288765	NP_Ct_r01_2018_11_13_L001	0	0.1271	0.0058	1.0000
HAMBI_0403_chrm01_circ_2288765	NP_Ct_r01_2018_12_11_L001	0	0.0975	0.0056	1.0000
HAMBI_0403_chrm01_circ_2288765	NP_Ct_r01_2019_02_04_L003	0	0.0507	0.0019	1.0000
HAMBI_0403_chrm01_circ_2288765	NP_Ct_r01_2019_02_25_L003	0	0.0401	0.0017	1.0000
HAMBI_0403_chrm01_circ_2399050	NP_Ct_r01_2016_10_11_L001-L004_merged	0	0.0000	0.0000	1.0000
HAMBI_0403_chrm01_circ_2399050	NP_Ct_r01_2016_12_05_L001-L004_merged	0	0.0000	0.0000	1.0000
HAMBI_0403_chrm01_circ_2399050	NP_Ct_r01_2017_02_06_L001-L004_merged	0	0.0000	0.0000	1.0000
HAMBI_0403_chrm01_circ_2399050	NP_Ct_r01_2017_03_06_L002	0	0.0000	0.0000	1.0000
HAMBI_0403_chrm01_circ_2399050	NP_Ct_r01_2017_04_03_L002	0	0.0000	0.0000	1.0000
HAMBI_0403_chrm01_circ_2399050	NP_Ct_r01_2017_08_21_L001	0	0.0000	0.0000	1.0000
HAMBI_0403_chrm01_circ_2399050	NP_Ct_r01_2017_09_18_L001	0	0.0001	0.0008	1.0000
HAMBI_0403_chrm01_circ_2399050	NP_Ct_r01_2017_11_14_L001-L004_merged	0	0.0101	0.0000	1.0000
HAMBI_0403_chrm01_circ_2399050	NP_Ct_r01_2018_03_06_L001	0	0.0000	0.0000	1.0000
HAMBI_0403_chrm01_circ_2399050	NP_Ct_r01_2018_06_26_L001	0	0.0718	0.0033	1.0000
HAMBI_0403_chrm01_circ_2399050	NP_Ct_r01_2018_07_24_L001	0	0.1290	0.0056	1.0000
HAMBI_0403_chrm01_circ_2399050	NP_Ct_r01_2018_08_21_L002	0	0.1415	0.0048	1.0000
HAMBI_0403_chrm01_circ_2399050	NP_Ct_r01_2018_09_18_L001	0	0.1479	0.0061	1.0000
HAMBI_0403_chrm01_circ_2399050	NP_Ct_r01_2018_10_16_L001	0	0.1271	0.0054	1.0000
HAMBI_0403_chrm01_circ_2399050	NP_Ct_r01_2018_11_13_L001	0	0.1271	0.0058	1.0000
HAMBI_0403_chrm01_circ_2399050	NP_Ct_r01_2018_12_11_L001	0	0.0975	0.0056	1.0000
HAMBI_0403_chrm01_circ_2399050	NP_Ct_r01_2019_02_04_L003	0	0.0507	0.0019	1.0000
HAMBI_0403_chrm01_circ_2399050	NP_Ct_r01_2019_02_25_L003	0	0.0401	0.0017	1.0000
HAMBI_0403_chrm01_circ_2400679	NP_Ct_r01_2016_10_11_L001-L004_merged	0	0.0000	0.0000	1.0000
HAMBI_0403_chrm01_circ_2400679	NP_Ct_r01_2016_12_05_L001-L004_merged	0	0.0000	0.0000	1.0000
HAMBI_0403_chrm01_circ_2400679	NP_Ct_r01_2017_02_06_L001-L004_merged	0	0.0000	0.0000	1.0000
HAMBI_0403_chrm01_circ_2400679	NP_Ct_r01_2017_03_06_L002	0	0.0000	0.0000	1.0000
HAMBI_0403_chrm01_circ_2400679	NP_Ct_r01_2017_04_03_L002	0	0.0000	0.0000	1.0000
HAMBI_0403_chrm01_circ_2400679	NP_Ct_r01_2017_08_21_L001	0	0.0000	0.0000	1.0000
HAMBI_0403_chrm01_circ_2400679	NP_Ct_r01_2017_09_18_L001	0	0.0001	0.0008	1.0000
HAMBI_0403_chrm01_circ_2400679	NP_Ct_r01_2017_11_14_L001-L004_merged	0	0.0101	0.0000	1.0000
HAMBI_0403_chrm01_circ_2400679	NP_Ct_r01_2018_03_06_L001	0	0.0000	0.0000	1.0000
HAMBI_0403_chrm01_circ_2400679	NP_Ct_r01_2018_06_26_L001	0	0.0718	0.0033	1.0000
HAMBI_0403_chrm01_circ_2400679	NP_Ct_r01_2018_07_24_L001	0	0.1290	0.0056	1.0000
HAMBI_0403_chrm01_circ_2400679	NP_Ct_r01_2018_08_21_L002	0	0.1415	0.0048	1.0000
HAMBI_0403_chrm01_circ_2400679	NP_Ct_r01_2018_09_18_L001	0	0.1479	0.0061	1.0000
HAMBI_0403_chrm01_circ_2400679	NP_Ct_r01_2018_10_16_L001	0	0.1271	0.0054	1.0000
HAMBI_0403_chrm01_circ_2400679	NP_Ct_r01_2018_11_13_L001	0	0.1271	0.0058	1.0000
HAMBI_0403_chrm01_circ_2400679	NP_Ct_r01_2018_12_11_L001	0	0.0975	0.0056	1.0000
HAMBI_0403_chrm01_circ_2400679	NP_Ct_r01_2019_02_04_L003	0	0.0507	0.0019	1.0000
HAMBI_0403_chrm01_circ_2400679	NP_Ct_r01_2019_02_25_L003	0	0.0401	0.0017	1.0000
HAMBI_0403_chrm01_circ_2406988	NP_Ct_r01_2016_10_11_L001-L004_merged	0	0.0000	0.0000	1.0000
HAMBI_0403_chrm01_circ_2406988	NP_Ct_r01_2016_12_05_L001-L004_merged	0	0.0000	0.0000	1.0000
HAMBI_0403_chrm01_circ_2406988	NP_Ct_r01_2017_02_06_L001-L004_merged	0	0.0000	0.0000	1.0000
HAMBI_0403_chrm01_circ_2406988	NP_Ct_r01_2017_03_06_L002	0	0.0000	0.0000	1.0000
HAMBI_0403_chrm01_circ_2406988	NP_Ct_r01_2017_04_03_L002	0	0.0000	0.0000	1.0000
HAMBI_0403_chrm01_circ_2406988	NP_Ct_r01_2017_08_21_L001	0	0.0000	0.0000	1.0000
HAMBI_0403_chrm01_circ_2406988	NP_Ct_r01_2017_09_18_L001	0	0.0001	0.0008	1.0000
HAMBI_0403_chrm01_circ_2406988	NP_Ct_r01_2017_11_14_L001-L004_merged	0	0.0101	0.0000	1.0000
HAMBI_0403_chrm01_circ_2406988	NP_Ct_r01_2018_03_06_L001	0	0.0000	0.0000	1.0000
HAMBI_0403_chrm01_circ_2406988	NP_Ct_r01_2018_06_26_L001	0	0.0718	0.0033	1.0000
HAMBI_0403_chrm01_circ_2406988	NP_Ct_r01_2018_07_24_L001	0	0.1290	0.0056	1.0000
HAMBI_0403_chrm01_circ_2406988	NP_Ct_r01_2018_08_21_L002	0	0.1415	0.0048	1.0000
HAMBI_0403_chrm01_circ_2406988	NP_Ct_r01_2018_09_18_L001	0	0.1479	0.0061	1.0000
HAMBI_0403_chrm01_circ_2406988	NP_Ct_r01_2018_10_16_L001	0	0.1271	0.0054	1.0000
HAMBI_0403_chrm01_circ_2406988	NP_Ct_r01_2018_11_13_L001	0	0.1271	0.0058	1.0000
HAMBI_0403_chrm01_circ_2406988	NP_Ct_r01_2018_12_11_L001	0	0.0975	0.0056	1.0000
HAMBI_0403_chrm01_circ_2406988	NP_Ct_r01_2019_02_04_L003	0	0.0507	0.0019	1.0000
HAMBI_0403_chrm01_circ_2406988	NP_Ct_r01_2019_02_25_L003	0	0.0401	0.0017	1.0000
HAMBI_0403_chrm01_circ_2494812	NP_Ct_r01_2016_10_11_L001-L004_merged	0	0.0000	0.0000	1.0000
HAMBI_0403_chrm01_circ_2494812	NP_Ct_r01_2016_12_05_L001-L004_merged	0	0.0000	0.0000	1.0000
HAMBI_0403_chrm01_circ_2494812	NP_Ct_r01_2017_02_06_L001-L004_merged	0	0.0000	0.0000	1.0000
HAMBI_0403_chrm01_circ_2494812	NP_Ct_r01_2017_03_06_L002	0	0.0000	0.0000	1.0000
HAMBI_0403_chrm01_circ_2494812	NP_Ct_r01_2017_04_03_L002	0	0.0000	0.0000	1.0000
HAMBI_0403_chrm01_circ_2494812	NP_Ct_r01_2017_08_21_L001	0	0.0000	0.0000	1.0000
HAMBI_0403_chrm01_circ_2494812	NP_Ct_r01_2017_09_18_L001	0	0.0001	0.0008	1.0000
HAMBI_0403_chrm01_circ_2494812	NP_Ct_r01_2017_11_14_L001-L004_merged	0	0.0101	0.0000	1.0000
HAMBI_0403_chrm01_circ_2494812	NP_Ct_r01_2018_03_06_L001	0	0.0000	0.0000	1.0000
HAMBI_0403_chrm01_circ_2494812	NP_Ct_r01_2018_06_26_L001	0	0.0718	0.0033	1.0000
HAMBI_0403_chrm01_circ_2494812	NP_Ct_r01_2018_07_24_L001	0	0.1290	0.0056	1.0000
HAMBI_0403_chrm01_circ_2494812	NP_Ct_r01_2018_08_21_L002	0	0.1415	0.0048	1.0000
HAMBI_0403_chrm01_circ_2494812	NP_Ct_r01_2018_09_18_L001	0	0.1479	0.0061	1.0000
HAMBI_0403_chrm01_circ_2494812	NP_Ct_r01_2018_10_16_L001	0	0.1271	0.0054	1.0000
HAMBI_0403_chrm01_circ_2494812	NP_Ct_r01_2018_11_13_L001	0	0.1271	0.0058	1.0000
HAMBI_0403_chrm01_circ_2494812	NP_Ct_r01_2018_12_11_L001	0	0.0975	0.0056	1.0000
HAMBI_0403_chrm01_circ_2494812	NP_Ct_r01_2019_02_04_L003	0	0.0507	0.0019	1.0000
HAMBI_0403_chrm01_circ_2494812	NP_Ct_r01_2019_02_25_L003	0	0.0401	0.0017	1.0000
HAMBI_0403_chrm01_circ_2511562	NP_Ct_r01_2016_10_11_L001-L004_merged	0	0.0000	0.0000	1.0000
HAMBI_0403_chrm01_circ_2511562	NP_Ct_r01_2016_12_05_L001-L004_merged	0	0.0000	0.0000	1.0000
HAMBI_0403_chrm01_circ_2511562	NP_Ct_r01_2017_02_06_L001-L004_merged	0	0.0000	0.0000	1.0000
HAMBI_0403_chrm01_circ_2511562	NP_Ct_r01_2017_03_06_L002	0	0.0000	0.0000	1.0000
HAMBI_0403_chrm01_circ_2511562	NP_Ct_r01_2017_04_03_L002	0	0.0000	0.0000	1.0000
HAMBI_0403_chrm01_circ_2511562	NP_Ct_r01_2017_08_21_L001	0	0.0000	0.0000	1.0000
HAMBI_0403_chrm01_circ_2511562	NP_Ct_r01_2017_09_18_L001	0	0.0001	0.0008	1.0000
HAMBI_0403_chrm01_circ_2511562	NP_Ct_r01_2017_11_14_L001-L004_merged	0	0.0101	0.0000	1.0000
HAMBI_0403_chrm01_circ_2511562	NP_Ct_r01_2018_03_06_L001	0	0.0000	0.0000	1.0000
HAMBI_0403_chrm01_circ_2511562	NP_Ct_r01_2018_06_26_L001	0	0.0718	0.0033	1.0000
HAMBI_0403_chrm01_circ_2511562	NP_Ct_r01_2018_07_24_L001	0	0.1290	0.0056	1.0000
HAMBI_0403_chrm01_circ_2511562	NP_Ct_r01_2018_08_21_L002	0	0.1415	0.0048	1.0000
HAMBI_0403_chrm01_circ_2511562	NP_Ct_r01_2018_09_18_L001	0	0.1479	0.0061	1.0000
HAMBI_0403_chrm01_circ_2511562	NP_Ct_r01_2018_10_16_L001	0	0.1271	0.0054	1.0000
HAMBI_0403_chrm01_circ_2511562	NP_Ct_r01_2018_11_13_L001	0	0.1271	0.0058	1.0000
HAMBI_0403_chrm01_circ_2511562	NP_Ct_r01_2018_12_11_L001	0	0.0975	0.0056	1.0000
HAMBI_0403_chrm01_circ_2511562	NP_Ct_r01_2019_02_04_L003	0	0.0507	0.0019	1.0000
HAMBI_0403_chrm01_circ_2511562	NP_Ct_r01_2019_02_25_L003	0	0.0401	0.0017	1.0000
HAMBI_0403_chrm01_circ_2575375	NP_Ct_r01_2016_10_11_L001-L004_merged	0	0.0000	0.0000	1.0000
HAMBI_0403_chrm01_circ_2575375	NP_Ct_r01_2016_12_05_L001-L004_merged	0	0.0000	0.0000	1.0000
HAMBI_0403_chrm01_circ_2575375	NP_Ct_r01_2017_02_06_L001-L004_merged	0	0.0000	0.0000	1.0000
HAMBI_0403_chrm01_circ_2575375	NP_Ct_r01_2017_03_06_L002	0	0.0000	0.0000	1.0000
HAMBI_0403_chrm01_circ_2575375	NP_Ct_r01_2017_04_03_L002	0	0.0000	0.0000	1.0000
HAMBI_0403_chrm01_circ_2575375	NP_Ct_r01_2017_08_21_L001	0	0.0000	0.0000	1.0000
HAMBI_0403_chrm01_circ_2575375	NP_Ct_r01_2017_09_18_L001	0	0.0001	0.0008	1.0000
HAMBI_0403_chrm01_circ_2575375	NP_Ct_r01_2017_11_14_L001-L004_merged	0	0.0101	0.0000	1.0000
HAMBI_0403_chrm01_circ_2575375	NP_Ct_r01_2018_03_06_L001	0	0.0000	0.0000	1.0000
HAMBI_0403_chrm01_circ_2575375	NP_Ct_r01_2018_06_26_L001	0	0.0718	0.0033	1.0000
HAMBI_0403_chrm01_circ_2575375	NP_Ct_r01_2018_07_24_L001	0	0.1290	0.0056	1.0000
HAMBI_0403_chrm01_circ_2575375	NP_Ct_r01_2018_08_21_L002	0	0.1415	0.0048	1.0000
HAMBI_0403_chrm01_circ_2575375	NP_Ct_r01_2018_09_18_L001	0	0.1479	0.0061	1.0000
HAMBI_0403_chrm01_circ_2575375	NP_Ct_r01_2018_10_16_L001	0	0.1271	0.0054	1.0000
HAMBI_0403_chrm01_circ_2575375	NP_Ct_r01_2018_11_13_L001	0	0.1271	0.0058	1.0000
HAMBI_0403_chrm01_circ_2575375	NP_Ct_r01_2018_12_11_L001	0	0.0975	0.0056	1.0000
HAMBI_0403_chrm01_circ_2575375	NP_Ct_r01_2019_02_04_L003	0	0.0507	0.0019	1.0000
HAMBI_0403_chrm01_circ_2575375	NP_Ct_r01_2019_02_25_L003	0	0.0401	0.0017	1.0000
HAMBI_0403_chrm01_circ_2835885	NP_Ct_r01_2016_10_11_L001-L004_merged	0	0.0000	0.0000	1.0000
HAMBI_0403_chrm01_circ_2835885	NP_Ct_r01_2016_12_05_L001-L004_merged	0	0.0000	0.0000	1.0000
HAMBI_0403_chrm01_circ_2835885	NP_Ct_r01_2017_02_06_L001-L004_merged	0	0.0000	0.0000	1.0000
HAMBI_0403_chrm01_circ_2835885	NP_Ct_r01_2017_03_06_L002	0	0.0000	0.0000	1.0000
HAMBI_0403_chrm01_circ_2835885	NP_Ct_r01_2017_04_03_L002	0	0.0000	0.0000	1.0000
HAMBI_0403_chrm01_circ_2835885	NP_Ct_r01_2017_08_21_L001	0	0.0000	0.0000	1.0000
HAMBI_0403_chrm01_circ_2835885	NP_Ct_r01_2017_09_18_L001	0	0.0001	0.0008	1.0000
HAMBI_0403_chrm01_circ_2835885	NP_Ct_r01_2017_11_14_L001-L004_merged	0	0.0101	0.0000	1.0000
HAMBI_0403_chrm01_circ_2835885	NP_Ct_r01_2018_03_06_L001	0	0.0000	0.0000	1.0000
HAMBI_0403_chrm01_circ_2835885	NP_Ct_r01_2018_06_26_L001	0	0.0718	0.0033	1.0000
HAMBI_0403_chrm01_circ_2835885	NP_Ct_r01_2018_07_24_L001	0	0.1290	0.0056	1.0000
HAMBI_0403_chrm01_circ_2835885	NP_Ct_r01_2018_08_21_L002	0	0.1415	0.0048	1.0000
HAMBI_0403_chrm01_circ_2835885	NP_Ct_r01_2018_09_18_L001	0	0.1479	0.0061	1.0000
HAMBI_0403_chrm01_circ_2835885	NP_Ct_r01_2018_10_16_L001	0	0.1271	0.0054	1.0000
HAMBI_0403_chrm01_circ_2835885	NP_Ct_r01_2018_11_13_L001	0	0.1271	0.0058	1.0000
HAMBI_0403_chrm01_circ_2835885	NP_Ct_r01_2018_12_11_L001	0	0.0975	0.0056	1.0000
HAMBI_0403_chrm01_circ_2835885	NP_Ct_r01_2019_02_04_L003	0	0.0507	0.0019	1.0000
HAMBI_0403_chrm01_circ_2835885	NP_Ct_r01_2019_02_25_L003	0	0.0401	0.0017	1.0000
HAMBI_0403_chrm01_circ_3171763	NP_Ct_r01_2016_10_11_L001-L004_merged	0	0.0000	0.0000	1.0000
HAMBI_0403_chrm01_circ_3171763	NP_Ct_r01_2016_12_05_L001-L004_merged	0	0.0000	0.0000	1.0000
HAMBI_0403_chrm01_circ_3171763	NP_Ct_r01_2017_02_06_L001-L004_merged	0	0.0000	0.0000	1.0000
HAMBI_0403_chrm01_circ_3171763	NP_Ct_r01_2017_03_06_L002	0	0.0000	0.0000	1.0000
HAMBI_0403_chrm01_circ_3171763	NP_Ct_r01_2017_04_03_L002	0	0.0000	0.0000	1.0000
HAMBI_0403_chrm01_circ_3171763	NP_Ct_r01_2017_08_21_L001	0	0.0000	0.0000	1.0000
HAMBI_0403_chrm01_circ_3171763	NP_Ct_r01_2017_09_18_L001	0	0.0001	0.0008	1.0000
HAMBI_0403_chrm01_circ_3171763	NP_Ct_r01_2017_11_14_L001-L004_merged	0	0.0101	0.0000	1.0000
HAMBI_0403_chrm01_circ_3171763	NP_Ct_r01_2018_03_06_L001	0	0.0000	0.0000	1.0000
HAMBI_0403_chrm01_circ_3171763	NP_Ct_r01_2018_06_26_L001	0	0.0718	0.0033	1.0000
HAMBI_0403_chrm01_circ_3171763	NP_Ct_r01_2018_07_24_L001	0	0.1290	0.0056	1.0000
HAMBI_0403_chrm01_circ_3171763	NP_Ct_r01_2018_08_21_L002	0	0.1415	0.0048	1.0000
HAMBI_0403_chrm01_circ_3171763	NP_Ct_r01_2018_09_18_L001	0	0.1479	0.0061	1.0000
HAMBI_0403_chrm01_circ_3171763	NP_Ct_r01_2018_10_16_L001	0	0.1271	0.0054	1.0000
HAMBI_0403_chrm01_circ_3171763	NP_Ct_r01_2018_11_13_L001	0	0.1271	0.0058	1.0000
HAMBI_0403_chrm01_circ_3171763	NP_Ct_r01_2018_12_11_L001	0	0.0975	0.0056	1.0000
HAMBI_0403_chrm01_circ_3171763	NP_Ct_r01_2019_02_04_L003	0	0.0507	0.0019	1.0000
HAMBI_0403_chrm01_circ_3171763	NP_Ct_r01_2019_02_25_L003	0	0.0401	0.0017	1.0000
HAMBI_0403_chrm01_circ_3183496	NP_Ct_r01_2016_10_11_L001-L004_merged	0	0.0000	0.0000	1.0000
HAMBI_0403_chrm01_circ_3183496	NP_Ct_r01_2016_12_05_L001-L004_merged	0	0.0000	0.0000	1.0000
HAMBI_0403_chrm01_circ_3183496	NP_Ct_r01_2017_02_06_L001-L004_merged	0	0.0000	0.0000	1.0000
HAMBI_0403_chrm01_circ_3183496	NP_Ct_r01_2017_03_06_L002	0	0.0000	0.0000	1.0000
HAMBI_0403_chrm01_circ_3183496	NP_Ct_r01_2017_04_03_L002	0	0.0000	0.0000	1.0000
HAMBI_0403_chrm01_circ_3183496	NP_Ct_r01_2017_08_21_L001	0	0.0000	0.0000	1.0000
HAMBI_0403_chrm01_circ_3183496	NP_Ct_r01_2017_09_18_L001	0	0.0001	0.0008	1.0000
HAMBI_0403_chrm01_circ_3183496	NP_Ct_r01_2017_11_14_L001-L004_merged	0	0.0101	0.0000	1.0000
HAMBI_0403_chrm01_circ_3183496	NP_Ct_r01_2018_03_06_L001	0	0.0000	0.0000	1.0000
HAMBI_0403_chrm01_circ_3183496	NP_Ct_r01_2018_06_26_L001	0	0.0718	0.0033	1.0000
HAMBI_0403_chrm01_circ_3183496	NP_Ct_r01_2018_07_24_L001	0	0.1290	0.0056	1.0000
HAMBI_0403_chrm01_circ_3183496	NP_Ct_r01_2018_08_21_L002	0	0.1415	0.0048	1.0000
HAMBI_0403_chrm01_circ_3183496	NP_Ct_r01_2018_09_18_L001	0	0.1479	0.0061	1.0000
HAMBI_0403_chrm01_circ_3183496	NP_Ct_r01_2018_10_16_L001	0	0.1271	0.0054	1.0000
HAMBI_0403_chrm01_circ_3183496	NP_Ct_r01_2018_11_13_L001	0	0.1271	0.0058	1.0000
HAMBI_0403_chrm01_circ_3183496	NP_Ct_r01_2018_12_11_L001	0	0.0975	0.0056	1.0000
HAMBI_0403_chrm01_circ_3183496	NP_Ct_r01_2019_02_04_L003	0	0.0507	0.0019	1.0000
HAMBI_0403_chrm01_circ_3183496	NP_Ct_r01_2019_02_25_L003	0	0.0401	0.0017	1.0000
HAMBI_0403_chrm01_circ_3430600	NP_Ct_r01_2016_10_11_L001-L004_merged	0	0.0000	0.0000	0.9996
HAMBI_0403_chrm01_circ_3430600	NP_Ct_r01_2016_12_05_L001-L004_merged	0	0.0000	0.0000	0.9996
HAMBI_0403_chrm01_circ_3430600	NP_Ct_r01_2017_02_06_L001-L004_merged	0	0.0000	0.0000	0.9996
HAMBI_0403_chrm01_circ_3430600	NP_Ct_r01_2017_03_06_L002	0	0.0000	0.0000	0.9996
HAMBI_0403_chrm01_circ_3430600	NP_Ct_r01_2017_04_03_L002	0	0.0000	0.0000	0.9996
HAMBI_0403_chrm01_circ_3430600	NP_Ct_r01_2017_08_21_L001	0	0.0000	0.0000	0.9996
HAMBI_0403_chrm01_circ_3430600	NP_Ct_r01_2017_09_18_L001	0	0.0001	0.0008	0.9996
HAMBI_0403_chrm01_circ_3430600	NP_Ct_r01_2017_11_14_L001-L004_merged	0	0.0101	0.0000	0.9996
HAMBI_0403_chrm01_circ_3430600	NP_Ct_r01_2018_03_06_L001	0	0.0000	0.0000	0.9996
HAMBI_0403_chrm01_circ_3430600	NP_Ct_r01_2018_06_26_L001	0	0.0718	0.0033	0.9996
HAMBI_0403_chrm01_circ_3430600	NP_Ct_r01_2018_07_24_L001	0	0.1290	0.0056	0.9996
HAMBI_0403_chrm01_circ_3430600	NP_Ct_r01_2018_08_21_L002	0	0.1415	0.0048	0.9996
HAMBI_0403_chrm01_circ_3430600	NP_Ct_r01_2018_09_18_L001	0	0.1479	0.0061	0.9996
HAMBI_0403_chrm01_circ_3430600	NP_Ct_r01_2018_10_16_L001	0	0.1271	0.0054	0.9996
HAMBI_0403_chrm01_circ_3430600	NP_Ct_r01_2018_11_13_L001	0	0.1271	0.0058	0.9996
HAMBI_0403_chrm01_circ_3430600	NP_Ct_r01_2018_12_11_L001	0	0.0975	0.0056	0.9996
HAMBI_0403_chrm01_circ_3430600	NP_Ct_r01_2019_02_04_L003	0	0.0507	0.0019	0.9996
HAMBI_0403_chrm01_circ_3430600	NP_Ct_r01_2019_02_25_L003	0	0.0401	0.0017	0.9996
HAMBI_0403_chrm01_circ_3521312	NP_Ct_r01_2016_10_11_L001-L004_merged	0	0.0000	0.0000	1.0000
HAMBI_0403_chrm01_circ_3521312	NP_Ct_r01_2016_12_05_L001-L004_merged	0	0.0000	0.0000	1.0000
HAMBI_0403_chrm01_circ_3521312	NP_Ct_r01_2017_02_06_L001-L004_merged	0	0.0000	0.0000	1.0000
HAMBI_0403_chrm01_circ_3521312	NP_Ct_r01_2017_03_06_L002	0	0.0000	0.0000	1.0000
HAMBI_0403_chrm01_circ_3521312	NP_Ct_r01_2017_04_03_L002	0	0.0000	0.0000	1.0000
HAMBI_0403_chrm01_circ_3521312	NP_Ct_r01_2017_08_21_L001	0	0.0000	0.0000	1.0000
HAMBI_0403_chrm01_circ_3521312	NP_Ct_r01_2017_09_18_L001	0	0.0001	0.0008	1.0000
HAMBI_0403_chrm01_circ_3521312	NP_Ct_r01_2017_11_14_L001-L004_merged	0	0.0101	0.0000	1.0000
HAMBI_0403_chrm01_circ_3521312	NP_Ct_r01_2018_03_06_L001	0	0.0000	0.0000	1.0000
HAMBI_0403_chrm01_circ_3521312	NP_Ct_r01_2018_06_26_L001	0	0.0718	0.0033	1.0000
HAMBI_0403_chrm01_circ_3521312	NP_Ct_r01_2018_07_24_L001	0	0.1290	0.0056	1.0000
HAMBI_0403_chrm01_circ_3521312	NP_Ct_r01_2018_08_21_L002	0	0.1415	0.0048	1.0000
HAMBI_0403_chrm01_circ_3521312	NP_Ct_r01_2018_09_18_L001	0	0.1479	0.0061	1.0000
HAMBI_0403_chrm01_circ_3521312	NP_Ct_r01_2018_10_16_L001	0	0.1271	0.0054	1.0000
HAMBI_0403_chrm01_circ_3521312	NP_Ct_r01_2018_11_13_L001	0	0.1271	0.0058	1.0000
HAMBI_0403_chrm01_circ_3521312	NP_Ct_r01_2018_12_11_L001	0	0.0975	0.0056	1.0000
HAMBI_0403_chrm01_circ_3521312	NP_Ct_r01_2019_02_04_L003	0	0.0507	0.0019	1.0000
HAMBI_0403_chrm01_circ_3521312	NP_Ct_r01_2019_02_25_L003	0	0.0401	0.0017	1.0000
HAMBI_0403_chrm01_circ_3543589	NP_Ct_r01_2016_10_11_L001-L004_merged	0	0.0000	0.0000	1.0000
HAMBI_0403_chrm01_circ_3543589	NP_Ct_r01_2016_12_05_L001-L004_merged	0	0.0000	0.0000	1.0000
HAMBI_0403_chrm01_circ_3543589	NP_Ct_r01_2017_02_06_L001-L004_merged	0	0.0000	0.0000	1.0000
HAMBI_0403_chrm01_circ_3543589	NP_Ct_r01_2017_03_06_L002	0	0.0000	0.0000	1.0000
HAMBI_0403_chrm01_circ_3543589	NP_Ct_r01_2017_04_03_L002	0	0.0000	0.0000	1.0000
HAMBI_0403_chrm01_circ_3543589	NP_Ct_r01_2017_08_21_L001	0	0.0000	0.0000	1.0000
HAMBI_0403_chrm01_circ_3543589	NP_Ct_r01_2017_09_18_L001	0	0.0001	0.0008	1.0000
HAMBI_0403_chrm01_circ_3543589	NP_Ct_r01_2017_11_14_L001-L004_merged	0	0.0101	0.0000	1.0000
HAMBI_0403_chrm01_circ_3543589	NP_Ct_r01_2018_03_06_L001	0	0.0000	0.0000	1.0000
HAMBI_0403_chrm01_circ_3543589	NP_Ct_r01_2018_06_26_L001	0	0.0718	0.0033	1.0000
HAMBI_0403_chrm01_circ_3543589	NP_Ct_r01_2018_07_24_L001	0	0.1290	0.0056	1.0000
HAMBI_0403_chrm01_circ_3543589	NP_Ct_r01_2018_08_21_L002	0	0.1415	0.0048	1.0000
HAMBI_0403_chrm01_circ_3543589	NP_Ct_r01_2018_09_18_L001	0	0.1479	0.0061	1.0000
HAMBI_0403_chrm01_circ_3543589	NP_Ct_r01_2018_10_16_L001	0	0.1271	0.0054	1.0000
HAMBI_0403_chrm01_circ_3543589	NP_Ct_r01_2018_11_13_L001	0	0.1271	0.0058	1.0000
HAMBI_0403_chrm01_circ_3543589	NP_Ct_r01_2018_12_11_L001	0	0.0975	0.0056	1.0000
HAMBI_0403_chrm01_circ_3543589	NP_Ct_r01_2019_02_04_L003	0	0.0507	0.0019	1.0000
HAMBI_0403_chrm01_circ_3543589	NP_Ct_r01_2019_02_25_L003	0	0.0401	0.0017	1.0000
HAMBI_0403_chrm01_circ_3553466	NP_Ct_r01_2016_10_11_L001-L004_merged	0	0.0000	0.0000	1.0000
HAMBI_0403_chrm01_circ_3553466	NP_Ct_r01_2016_12_05_L001-L004_merged	0	0.0000	0.0000	1.0000
HAMBI_0403_chrm01_circ_3553466	NP_Ct_r01_2017_02_06_L001-L004_merged	0	0.0000	0.0000	1.0000
HAMBI_0403_chrm01_circ_3553466	NP_Ct_r01_2017_03_06_L002	0	0.0000	0.0000	1.0000
HAMBI_0403_chrm01_circ_3553466	NP_Ct_r01_2017_04_03_L002	0	0.0000	0.0000	1.0000
HAMBI_0403_chrm01_circ_3553466	NP_Ct_r01_2017_08_21_L001	0	0.0000	0.0000	1.0000
HAMBI_0403_chrm01_circ_3553466	NP_Ct_r01_2017_09_18_L001	0	0.0001	0.0008	1.0000
HAMBI_0403_chrm01_circ_3553466	NP_Ct_r01_2017_11_14_L001-L004_merged	0	0.0101	0.0000	1.0000
HAMBI_0403_chrm01_circ_3553466	NP_Ct_r01_2018_03_06_L001	0	0.0000	0.0000	1.0000
HAMBI_0403_chrm01_circ_3553466	NP_Ct_r01_2018_06_26_L001	0	0.0718	0.0033	1.0000
HAMBI_0403_chrm01_circ_3553466	NP_Ct_r01_2018_07_24_L001	0	0.1290	0.0056	1.0000
HAMBI_0403_chrm01_circ_3553466	NP_Ct_r01_2018_08_21_L002	0	0.1415	0.0048	1.0000
HAMBI_0403_chrm01_circ_3553466	NP_Ct_r01_2018_09_18_L001	0	0.1479	0.0061	1.0000
HAMBI_0403_chrm01_circ_3553466	NP_Ct_r01_2018_10_16_L001	0	0.1271	0.0054	1.0000
HAMBI_0403_chrm01_circ_3553466	NP_Ct_r01_2018_11_13_L001	0	0.1271	0.0058	1.0000
HAMBI_0403_chrm01_circ_3553466	NP_Ct_r01_2018_12_11_L001	0	0.0975	0.0056	1.0000
HAMBI_0403_chrm01_circ_3553466	NP_Ct_r01_2019_02_04_L003	0	0.0507	0.0019	1.0000
HAMBI_0403_chrm01_circ_3553466	NP_Ct_r01_2019_02_25_L003	0	0.0401	0.0017	1.0000
HAMBI_0403_chrm01_circ_362760	NP_Ct_r01_2016_10_11_L001-L004_merged	0	0.0000	0.0000	1.0000
HAMBI_0403_chrm01_circ_362760	NP_Ct_r01_2016_12_05_L001-L004_merged	0	0.0000	0.0000	1.0000
HAMBI_0403_chrm01_circ_362760	NP_Ct_r01_2017_02_06_L001-L004_merged	0	0.0000	0.0000	1.0000
HAMBI_0403_chrm01_circ_362760	NP_Ct_r01_2017_03_06_L002	0	0.0000	0.0000	1.0000
HAMBI_0403_chrm01_circ_362760	NP_Ct_r01_2017_04_03_L002	0	0.0000	0.0000	1.0000
HAMBI_0403_chrm01_circ_362760	NP_Ct_r01_2017_08_21_L001	0	0.0000	0.0000	1.0000
HAMBI_0403_chrm01_circ_362760	NP_Ct_r01_2017_09_18_L001	0	0.0001	0.0008	1.0000
HAMBI_0403_chrm01_circ_362760	NP_Ct_r01_2017_11_14_L001-L004_merged	0	0.0101	0.0000	1.0000
HAMBI_0403_chrm01_circ_362760	NP_Ct_r01_2018_03_06_L001	0	0.0000	0.0000	1.0000
HAMBI_0403_chrm01_circ_362760	NP_Ct_r01_2018_06_26_L001	0	0.0718	0.0033	1.0000
HAMBI_0403_chrm01_circ_362760	NP_Ct_r01_2018_07_24_L001	0	0.1290	0.0056	1.0000
HAMBI_0403_chrm01_circ_362760	NP_Ct_r01_2018_08_21_L002	0	0.1415	0.0048	1.0000
HAMBI_0403_chrm01_circ_362760	NP_Ct_r01_2018_09_18_L001	0	0.1479	0.0061	1.0000
HAMBI_0403_chrm01_circ_362760	NP_Ct_r01_2018_10_16_L001	0	0.1271	0.0054	1.0000
HAMBI_0403_chrm01_circ_362760	NP_Ct_r01_2018_11_13_L001	0	0.1271	0.0058	1.0000
HAMBI_0403_chrm01_circ_362760	NP_Ct_r01_2018_12_11_L001	0	0.0975	0.0056	1.0000
HAMBI_0403_chrm01_circ_362760	NP_Ct_r01_2019_02_04_L003	0	0.0507	0.0019	1.0000
HAMBI_0403_chrm01_circ_362760	NP_Ct_r01_2019_02_25_L003	0	0.0401	0.0017	1.0000
HAMBI_0403_chrm01_circ_370267	NP_Ct_r01_2016_10_11_L001-L004_merged	0	0.0000	0.0000	1.0000
HAMBI_0403_chrm01_circ_370267	NP_Ct_r01_2016_12_05_L001-L004_merged	0	0.0000	0.0000	1.0000
HAMBI_0403_chrm01_circ_370267	NP_Ct_r01_2017_02_06_L001-L004_merged	0	0.0000	0.0000	1.0000
HAMBI_0403_chrm01_circ_370267	NP_Ct_r01_2017_03_06_L002	0	0.0000	0.0000	1.0000
HAMBI_0403_chrm01_circ_370267	NP_Ct_r01_2017_04_03_L002	0	0.0000	0.0000	1.0000
HAMBI_0403_chrm01_circ_370267	NP_Ct_r01_2017_08_21_L001	0	0.0000	0.0000	1.0000
HAMBI_0403_chrm01_circ_370267	NP_Ct_r01_2017_09_18_L001	0	0.0001	0.0008	1.0000
HAMBI_0403_chrm01_circ_370267	NP_Ct_r01_2017_11_14_L001-L004_merged	0	0.0101	0.0000	1.0000
HAMBI_0403_chrm01_circ_370267	NP_Ct_r01_2018_03_06_L001	0	0.0000	0.0000	1.0000
HAMBI_0403_chrm01_circ_370267	NP_Ct_r01_2018_06_26_L001	0	0.0718	0.0033	1.0000
HAMBI_0403_chrm01_circ_370267	NP_Ct_r01_2018_07_24_L001	0	0.1290	0.0056	1.0000
HAMBI_0403_chrm01_circ_370267	NP_Ct_r01_2018_08_21_L002	0	0.1415	0.0048	1.0000
HAMBI_0403_chrm01_circ_370267	NP_Ct_r01_2018_09_18_L001	0	0.1479	0.0061	1.0000
HAMBI_0403_chrm01_circ_370267	NP_Ct_r01_2018_10_16_L001	0	0.1271	0.0054	1.0000
HAMBI_0403_chrm01_circ_370267	NP_Ct_r01_2018_11_13_L001	0	0.1271	0.0058	1.0000
HAMBI_0403_chrm01_circ_370267	NP_Ct_r01_2018_12_11_L001	0	0.0975	0.0056	1.0000
HAMBI_0403_chrm01_circ_370267	NP_Ct_r01_2019_02_04_L003	0	0.0507	0.0019	1.0000
HAMBI_0403_chrm01_circ_370267	NP_Ct_r01_2019_02_25_L003	0	0.0401	0.0017	1.0000
HAMBI_0403_chrm01_circ_3746085	NP_Ct_r01_2016_10_11_L001-L004_merged	0	0.0000	0.0000	1.0000
HAMBI_0403_chrm01_circ_3746085	NP_Ct_r01_2016_12_05_L001-L004_merged	0	0.0000	0.0000	1.0000
HAMBI_0403_chrm01_circ_3746085	NP_Ct_r01_2017_02_06_L001-L004_merged	0	0.0000	0.0000	1.0000
HAMBI_0403_chrm01_circ_3746085	NP_Ct_r01_2017_03_06_L002	0	0.0000	0.0000	1.0000
HAMBI_0403_chrm01_circ_3746085	NP_Ct_r01_2017_04_03_L002	0	0.0000	0.0000	1.0000
HAMBI_0403_chrm01_circ_3746085	NP_Ct_r01_2017_08_21_L001	0	0.0000	0.0000	1.0000
HAMBI_0403_chrm01_circ_3746085	NP_Ct_r01_2017_09_18_L001	0	0.0001	0.0008	1.0000
HAMBI_0403_chrm01_circ_3746085	NP_Ct_r01_2017_11_14_L001-L004_merged	0	0.0101	0.0000	1.0000
HAMBI_0403_chrm01_circ_3746085	NP_Ct_r01_2018_03_06_L001	0	0.0000	0.0000	1.0000
HAMBI_0403_chrm01_circ_3746085	NP_Ct_r01_2018_06_26_L001	0	0.0718	0.0033	1.0000
HAMBI_0403_chrm01_circ_3746085	NP_Ct_r01_2018_07_24_L001	0	0.1290	0.0056	1.0000
HAMBI_0403_chrm01_circ_3746085	NP_Ct_r01_2018_08_21_L002	0	0.1415	0.0048	1.0000
HAMBI_0403_chrm01_circ_3746085	NP_Ct_r01_2018_09_18_L001	0	0.1479	0.0061	1.0000
HAMBI_0403_chrm01_circ_3746085	NP_Ct_r01_2018_10_16_L001	0	0.1271	0.0054	1.0000
HAMBI_0403_chrm01_circ_3746085	NP_Ct_r01_2018_11_13_L001	0	0.1271	0.0058	1.0000
HAMBI_0403_chrm01_circ_3746085	NP_Ct_r01_2018_12_11_L001	0	0.0975	0.0056	1.0000
HAMBI_0403_chrm01_circ_3746085	NP_Ct_r01_2019_02_04_L003	0	0.0507	0.0019	1.0000
HAMBI_0403_chrm01_circ_3746085	NP_Ct_r01_2019_02_25_L003	0	0.0401	0.0017	1.0000
HAMBI_0403_chrm01_circ_3826549	NP_Ct_r01_2016_10_11_L001-L004_merged	0	0.0000	0.0000	1.0000
HAMBI_0403_chrm01_circ_3826549	NP_Ct_r01_2016_12_05_L001-L004_merged	0	0.0000	0.0000	1.0000
HAMBI_0403_chrm01_circ_3826549	NP_Ct_r01_2017_02_06_L001-L004_merged	0	0.0000	0.0000	1.0000
HAMBI_0403_chrm01_circ_3826549	NP_Ct_r01_2017_03_06_L002	0	0.0000	0.0000	1.0000
HAMBI_0403_chrm01_circ_3826549	NP_Ct_r01_2017_04_03_L002	0	0.0000	0.0000	1.0000
HAMBI_0403_chrm01_circ_3826549	NP_Ct_r01_2017_08_21_L001	0	0.0000	0.0000	1.0000
HAMBI_0403_chrm01_circ_3826549	NP_Ct_r01_2017_09_18_L001	0	0.0001	0.0008	1.0000
HAMBI_0403_chrm01_circ_3826549	NP_Ct_r01_2017_11_14_L001-L004_merged	0	0.0101	0.0000	1.0000
HAMBI_0403_chrm01_circ_3826549	NP_Ct_r01_2018_03_06_L001	0	0.0000	0.0000	1.0000
HAMBI_0403_chrm01_circ_3826549	NP_Ct_r01_2018_06_26_L001	0	0.0718	0.0033	1.0000
HAMBI_0403_chrm01_circ_3826549	NP_Ct_r01_2018_07_24_L001	0	0.1290	0.0056	1.0000
HAMBI_0403_chrm01_circ_3826549	NP_Ct_r01_2018_08_21_L002	0	0.1415	0.0048	1.0000
HAMBI_0403_chrm01_circ_3826549	NP_Ct_r01_2018_09_18_L001	0	0.1479	0.0061	1.0000
HAMBI_0403_chrm01_circ_3826549	NP_Ct_r01_2018_10_16_L001	0	0.1271	0.0054	1.0000
HAMBI_0403_chrm01_circ_3826549	NP_Ct_r01_2018_11_13_L001	0	0.1271	0.0058	1.0000
HAMBI_0403_chrm01_circ_3826549	NP_Ct_r01_2018_12_11_L001	0	0.0975	0.0056	1.0000
HAMBI_0403_chrm01_circ_3826549	NP_Ct_r01_2019_02_04_L003	0	0.0507	0.0019	1.0000
HAMBI_0403_chrm01_circ_3826549	NP_Ct_r01_2019_02_25_L003	0	0.0401	0.0017	1.0000
HAMBI_0403_chrm01_circ_3910572	NP_Ct_r01_2016_10_11_L001-L004_merged	0	0.0000	0.0000	1.0000
HAMBI_0403_chrm01_circ_3910572	NP_Ct_r01_2016_12_05_L001-L004_merged	0	0.0000	0.0000	1.0000
HAMBI_0403_chrm01_circ_3910572	NP_Ct_r01_2017_02_06_L001-L004_merged	0	0.0000	0.0000	1.0000
HAMBI_0403_chrm01_circ_3910572	NP_Ct_r01_2017_03_06_L002	0	0.0000	0.0000	1.0000
HAMBI_0403_chrm01_circ_3910572	NP_Ct_r01_2017_04_03_L002	0	0.0000	0.0000	1.0000
HAMBI_0403_chrm01_circ_3910572	NP_Ct_r01_2017_08_21_L001	0	0.0000	0.0000	1.0000
HAMBI_0403_chrm01_circ_3910572	NP_Ct_r01_2017_09_18_L001	0	0.0001	0.0008	1.0000
HAMBI_0403_chrm01_circ_3910572	NP_Ct_r01_2017_11_14_L001-L004_merged	0	0.0101	0.0000	1.0000
HAMBI_0403_chrm01_circ_3910572	NP_Ct_r01_2018_03_06_L001	0	0.0000	0.0000	1.0000
HAMBI_0403_chrm01_circ_3910572	NP_Ct_r01_2018_06_26_L001	0	0.0718	0.0033	1.0000
HAMBI_0403_chrm01_circ_3910572	NP_Ct_r01_2018_07_24_L001	0	0.1290	0.0056	1.0000
HAMBI_0403_chrm01_circ_3910572	NP_Ct_r01_2018_08_21_L002	0	0.1415	0.0048	1.0000
HAMBI_0403_chrm01_circ_3910572	NP_Ct_r01_2018_09_18_L001	0	0.1479	0.0061	1.0000
HAMBI_0403_chrm01_circ_3910572	NP_Ct_r01_2018_10_16_L001	0	0.1271	0.0054	1.0000
HAMBI_0403_chrm01_circ_3910572	NP_Ct_r01_2018_11_13_L001	0	0.1271	0.0058	1.0000
HAMBI_0403_chrm01_circ_3910572	NP_Ct_r01_2018_12_11_L001	0	0.0975	0.0056	1.0000
HAMBI_0403_chrm01_circ_3910572	NP_Ct_r01_2019_02_04_L003	0	0.0507	0.0019	1.0000
HAMBI_0403_chrm01_circ_3910572	NP_Ct_r01_2019_02_25_L003	0	0.0401	0.0017	1.0000
HAMBI_0403_chrm01_circ_3937432	NP_Ct_r01_2016_10_11_L001-L004_merged	0	0.0000	0.0000	1.0000
HAMBI_0403_chrm01_circ_3937432	NP_Ct_r01_2016_12_05_L001-L004_merged	0	0.0000	0.0000	1.0000
HAMBI_0403_chrm01_circ_3937432	NP_Ct_r01_2017_02_06_L001-L004_merged	0	0.0000	0.0000	1.0000
HAMBI_0403_chrm01_circ_3937432	NP_Ct_r01_2017_03_06_L002	0	0.0000	0.0000	1.0000
HAMBI_0403_chrm01_circ_3937432	NP_Ct_r01_2017_04_03_L002	0	0.0000	0.0000	1.0000
HAMBI_0403_chrm01_circ_3937432	NP_Ct_r01_2017_08_21_L001	0	0.0000	0.0000	1.0000
HAMBI_0403_chrm01_circ_3937432	NP_Ct_r01_2017_09_18_L001	0	0.0001	0.0008	1.0000
HAMBI_0403_chrm01_circ_3937432	NP_Ct_r01_2017_11_14_L001-L004_merged	0	0.0101	0.0000	1.0000
HAMBI_0403_chrm01_circ_3937432	NP_Ct_r01_2018_03_06_L001	0	0.0000	0.0000	1.0000
HAMBI_0403_chrm01_circ_3937432	NP_Ct_r01_2018_06_26_L001	0	0.0718	0.0033	1.0000
HAMBI_0403_chrm01_circ_3937432	NP_Ct_r01_2018_07_24_L001	0	0.1290	0.0056	1.0000
HAMBI_0403_chrm01_circ_3937432	NP_Ct_r01_2018_08_21_L002	0	0.1415	0.0048	1.0000
HAMBI_0403_chrm01_circ_3937432	NP_Ct_r01_2018_09_18_L001	0	0.1479	0.0061	1.0000
HAMBI_0403_chrm01_circ_3937432	NP_Ct_r01_2018_10_16_L001	0	0.1271	0.0054	1.0000
HAMBI_0403_chrm01_circ_3937432	NP_Ct_r01_2018_11_13_L001	0	0.1271	0.0058	1.0000
HAMBI_0403_chrm01_circ_3937432	NP_Ct_r01_2018_12_11_L001	0	0.0975	0.0056	1.0000
HAMBI_0403_chrm01_circ_3937432	NP_Ct_r01_2019_02_04_L003	0	0.0507	0.0019	1.0000
HAMBI_0403_chrm01_circ_3937432	NP_Ct_r01_2019_02_25_L003	0	0.0401	0.0017	1.0000
HAMBI_0403_chrm01_circ_4285286	NP_Ct_r01_2016_10_11_L001-L004_merged	0	0.0000	0.0000	1.0000
HAMBI_0403_chrm01_circ_4285286	NP_Ct_r01_2016_12_05_L001-L004_merged	0	0.0000	0.0000	1.0000
HAMBI_0403_chrm01_circ_4285286	NP_Ct_r01_2017_02_06_L001-L004_merged	0	0.0000	0.0000	1.0000
HAMBI_0403_chrm01_circ_4285286	NP_Ct_r01_2017_03_06_L002	0	0.0000	0.0000	1.0000
HAMBI_0403_chrm01_circ_4285286	NP_Ct_r01_2017_04_03_L002	0	0.0000	0.0000	1.0000
HAMBI_0403_chrm01_circ_4285286	NP_Ct_r01_2017_08_21_L001	0	0.0000	0.0000	1.0000
HAMBI_0403_chrm01_circ_4285286	NP_Ct_r01_2017_09_18_L001	0	0.0001	0.0008	1.0000
HAMBI_0403_chrm01_circ_4285286	NP_Ct_r01_2017_11_14_L001-L004_merged	0	0.0101	0.0000	1.0000
HAMBI_0403_chrm01_circ_4285286	NP_Ct_r01_2018_03_06_L001	0	0.0000	0.0000	1.0000
HAMBI_0403_chrm01_circ_4285286	NP_Ct_r01_2018_06_26_L001	0	0.0718	0.0033	1.0000
HAMBI_0403_chrm01_circ_4285286	NP_Ct_r01_2018_07_24_L001	0	0.1290	0.0056	1.0000
HAMBI_0403_chrm01_circ_4285286	NP_Ct_r01_2018_08_21_L002	0	0.1415	0.0048	1.0000
HAMBI_0403_chrm01_circ_4285286	NP_Ct_r01_2018_09_18_L001	0	0.1479	0.0061	1.0000
HAMBI_0403_chrm01_circ_4285286	NP_Ct_r01_2018_10_16_L001	0	0.1271	0.0054	1.0000
HAMBI_0403_chrm01_circ_4285286	NP_Ct_r01_2018_11_13_L001	0	0.1271	0.0058	1.0000
HAMBI_0403_chrm01_circ_4285286	NP_Ct_r01_2018_12_11_L001	0	0.0975	0.0056	1.0000
HAMBI_0403_chrm01_circ_4285286	NP_Ct_r01_2019_02_04_L003	0	0.0507	0.0019	1.0000
HAMBI_0403_chrm01_circ_4285286	NP_Ct_r01_2019_02_25_L003	0	0.0401	0.0017	1.0000
HAMBI_0403_chrm01_circ_4439367	NP_Ct_r01_2016_10_11_L001-L004_merged	0	0.0000	0.0000	1.0000
HAMBI_0403_chrm01_circ_4439367	NP_Ct_r01_2016_12_05_L001-L004_merged	0	0.0000	0.0000	1.0000
HAMBI_0403_chrm01_circ_4439367	NP_Ct_r01_2017_02_06_L001-L004_merged	0	0.0000	0.0000	1.0000
HAMBI_0403_chrm01_circ_4439367	NP_Ct_r01_2017_03_06_L002	0	0.0000	0.0000	1.0000
HAMBI_0403_chrm01_circ_4439367	NP_Ct_r01_2017_04_03_L002	0	0.0000	0.0000	1.0000
HAMBI_0403_chrm01_circ_4439367	NP_Ct_r01_2017_08_21_L001	0	0.0000	0.0000	1.0000
HAMBI_0403_chrm01_circ_4439367	NP_Ct_r01_2017_09_18_L001	0	0.0001	0.0008	1.0000
HAMBI_0403_chrm01_circ_4439367	NP_Ct_r01_2017_11_14_L001-L004_merged	0	0.0101	0.0000	1.0000
HAMBI_0403_chrm01_circ_4439367	NP_Ct_r01_2018_03_06_L001	0	0.0000	0.0000	1.0000
HAMBI_0403_chrm01_circ_4439367	NP_Ct_r01_2018_06_26_L001	0	0.0718	0.0033	1.0000
HAMBI_0403_chrm01_circ_4439367	NP_Ct_r01_2018_07_24_L001	0	0.1290	0.0056	1.0000
HAMBI_0403_chrm01_circ_4439367	NP_Ct_r01_2018_08_21_L002	0	0.1415	0.0048	1.0000
HAMBI_0403_chrm01_circ_4439367	NP_Ct_r01_2018_09_18_L001	0	0.1479	0.0061	1.0000
HAMBI_0403_chrm01_circ_4439367	NP_Ct_r01_2018_10_16_L001	0	0.1271	0.0054	1.0000
HAMBI_0403_chrm01_circ_4439367	NP_Ct_r01_2018_11_13_L001	0	0.1271	0.0058	1.0000
HAMBI_0403_chrm01_circ_4439367	NP_Ct_r01_2018_12_11_L001	0	0.0975	0.0056	1.0000
HAMBI_0403_chrm01_circ_4439367	NP_Ct_r01_2019_02_04_L003	0	0.0507	0.0019	1.0000
HAMBI_0403_chrm01_circ_4439367	NP_Ct_r01_2019_02_25_L003	0	0.0401	0.0017	1.0000
HAMBI_0403_chrm01_circ_4507219	NP_Ct_r01_2016_10_11_L001-L004_merged	0	0.0000	0.0000	1.0000
HAMBI_0403_chrm01_circ_4507219	NP_Ct_r01_2016_12_05_L001-L004_merged	0	0.0000	0.0000	1.0000
HAMBI_0403_chrm01_circ_4507219	NP_Ct_r01_2017_02_06_L001-L004_merged	0	0.0000	0.0000	1.0000
HAMBI_0403_chrm01_circ_4507219	NP_Ct_r01_2017_03_06_L002	0	0.0000	0.0000	1.0000
HAMBI_0403_chrm01_circ_4507219	NP_Ct_r01_2017_04_03_L002	0	0.0000	0.0000	1.0000
HAMBI_0403_chrm01_circ_4507219	NP_Ct_r01_2017_08_21_L001	0	0.0000	0.0000	1.0000
HAMBI_0403_chrm01_circ_4507219	NP_Ct_r01_2017_09_18_L001	0	0.0001	0.0008	1.0000
HAMBI_0403_chrm01_circ_4507219	NP_Ct_r01_2017_11_14_L001-L004_merged	0	0.0101	0.0000	1.0000
HAMBI_0403_chrm01_circ_4507219	NP_Ct_r01_2018_03_06_L001	0	0.0000	0.0000	1.0000
HAMBI_0403_chrm01_circ_4507219	NP_Ct_r01_2018_06_26_L001	0	0.0718	0.0033	1.0000
HAMBI_0403_chrm01_circ_4507219	NP_Ct_r01_2018_07_24_L001	0	0.1290	0.0056	1.0000
HAMBI_0403_chrm01_circ_4507219	NP_Ct_r01_2018_08_21_L002	0	0.1415	0.0048	1.0000
HAMBI_0403_chrm01_circ_4507219	NP_Ct_r01_2018_09_18_L001	0	0.1479	0.0061	1.0000
HAMBI_0403_chrm01_circ_4507219	NP_Ct_r01_2018_10_16_L001	0	0.1271	0.0054	1.0000
HAMBI_0403_chrm01_circ_4507219	NP_Ct_r01_2018_11_13_L001	0	0.1271	0.0058	1.0000
HAMBI_0403_chrm01_circ_4507219	NP_Ct_r01_2018_12_11_L001	0	0.0975	0.0056	1.0000
HAMBI_0403_chrm01_circ_4507219	NP_Ct_r01_2019_02_04_L003	0	0.0507	0.0019	1.0000
HAMBI_0403_chrm01_circ_4507219	NP_Ct_r01_2019_02_25_L003	0	0.0401	0.0017	1.0000
HAMBI_0403_chrm01_circ_4582948	NP_Ct_r01_2016_10_11_L001-L004_merged	0	0.0000	0.0000	1.0000
HAMBI_0403_chrm01_circ_4582948	NP_Ct_r01_2016_12_05_L001-L004_merged	0	0.0000	0.0000	1.0000
HAMBI_0403_chrm01_circ_4582948	NP_Ct_r01_2017_02_06_L001-L004_merged	0	0.0000	0.0000	1.0000
HAMBI_0403_chrm01_circ_4582948	NP_Ct_r01_2017_03_06_L002	0	0.0000	0.0000	1.0000
HAMBI_0403_chrm01_circ_4582948	NP_Ct_r01_2017_04_03_L002	0	0.0000	0.0000	1.0000
HAMBI_0403_chrm01_circ_4582948	NP_Ct_r01_2017_08_21_L001	0	0.0000	0.0000	1.0000
HAMBI_0403_chrm01_circ_4582948	NP_Ct_r01_2017_09_18_L001	0	0.0001	0.0008	1.0000
HAMBI_0403_chrm01_circ_4582948	NP_Ct_r01_2017_11_14_L001-L004_merged	0	0.0101	0.0000	1.0000
HAMBI_0403_chrm01_circ_4582948	NP_Ct_r01_2018_03_06_L001	0	0.0000	0.0000	1.0000
HAMBI_0403_chrm01_circ_4582948	NP_Ct_r01_2018_06_26_L001	0	0.0718	0.0033	1.0000
HAMBI_0403_chrm01_circ_4582948	NP_Ct_r01_2018_07_24_L001	0	0.1290	0.0056	1.0000
HAMBI_0403_chrm01_circ_4582948	NP_Ct_r01_2018_08_21_L002	0	0.1415	0.0048	1.0000
HAMBI_0403_chrm01_circ_4582948	NP_Ct_r01_2018_09_18_L001	0	0.1479	0.0061	1.0000
HAMBI_0403_chrm01_circ_4582948	NP_Ct_r01_2018_10_16_L001	0	0.1271	0.0054	1.0000
HAMBI_0403_chrm01_circ_4582948	NP_Ct_r01_2018_11_13_L001	0	0.1271	0.0058	1.0000
HAMBI_0403_chrm01_circ_4582948	NP_Ct_r01_2018_12_11_L001	0	0.0975	0.0056	1.0000
HAMBI_0403_chrm01_circ_4582948	NP_Ct_r01_2019_02_04_L003	0	0.0507	0.0019	1.0000
HAMBI_0403_chrm01_circ_4582948	NP_Ct_r01_2019_02_25_L003	0	0.0401	0.0017	1.0000
HAMBI_0403_chrm01_circ_4792521	NP_Ct_r01_2016_10_11_L001-L004_merged	0	0.0000	0.0000	1.0000
HAMBI_0403_chrm01_circ_4792521	NP_Ct_r01_2016_12_05_L001-L004_merged	0	0.0000	0.0000	1.0000
HAMBI_0403_chrm01_circ_4792521	NP_Ct_r01_2017_02_06_L001-L004_merged	0	0.0000	0.0000	1.0000
HAMBI_0403_chrm01_circ_4792521	NP_Ct_r01_2017_03_06_L002	0	0.0000	0.0000	1.0000
HAMBI_0403_chrm01_circ_4792521	NP_Ct_r01_2017_04_03_L002	0	0.0000	0.0000	1.0000
HAMBI_0403_chrm01_circ_4792521	NP_Ct_r01_2017_08_21_L001	0	0.0000	0.0000	1.0000
HAMBI_0403_chrm01_circ_4792521	NP_Ct_r01_2017_09_18_L001	0	0.0001	0.0008	1.0000
HAMBI_0403_chrm01_circ_4792521	NP_Ct_r01_2017_11_14_L001-L004_merged	0	0.0101	0.0000	1.0000
HAMBI_0403_chrm01_circ_4792521	NP_Ct_r01_2018_03_06_L001	0	0.0000	0.0000	1.0000
HAMBI_0403_chrm01_circ_4792521	NP_Ct_r01_2018_06_26_L001	0	0.0718	0.0033	1.0000
HAMBI_0403_chrm01_circ_4792521	NP_Ct_r01_2018_07_24_L001	0	0.1290	0.0056	1.0000
HAMBI_0403_chrm01_circ_4792521	NP_Ct_r01_2018_08_21_L002	0	0.1415	0.0048	1.0000
HAMBI_0403_chrm01_circ_4792521	NP_Ct_r01_2018_09_18_L001	0	0.1479	0.0061	1.0000
HAMBI_0403_chrm01_circ_4792521	NP_Ct_r01_2018_10_16_L001	0	0.1271	0.0054	1.0000
HAMBI_0403_chrm01_circ_4792521	NP_Ct_r01_2018_11_13_L001	0	0.1271	0.0058	1.0000
HAMBI_0403_chrm01_circ_4792521	NP_Ct_r01_2018_12_11_L001	0	0.0975	0.0056	1.0000
HAMBI_0403_chrm01_circ_4792521	NP_Ct_r01_2019_02_04_L003	0	0.0507	0.0019	1.0000
HAMBI_0403_chrm01_circ_4792521	NP_Ct_r01_2019_02_25_L003	0	0.0401	0.0017	1.0000
HAMBI_0403_chrm01_circ_4888902	NP_Ct_r01_2016_10_11_L001-L004_merged	0	0.0000	0.0000	1.0000
HAMBI_0403_chrm01_circ_4888902	NP_Ct_r01_2016_12_05_L001-L004_merged	0	0.0000	0.0000	1.0000
HAMBI_0403_chrm01_circ_4888902	NP_Ct_r01_2017_02_06_L001-L004_merged	0	0.0000	0.0000	1.0000
HAMBI_0403_chrm01_circ_4888902	NP_Ct_r01_2017_03_06_L002	0	0.0000	0.0000	1.0000
HAMBI_0403_chrm01_circ_4888902	NP_Ct_r01_2017_04_03_L002	0	0.0000	0.0000	1.0000
HAMBI_0403_chrm01_circ_4888902	NP_Ct_r01_2017_08_21_L001	0	0.0000	0.0000	1.0000
HAMBI_0403_chrm01_circ_4888902	NP_Ct_r01_2017_09_18_L001	0	0.0001	0.0008	1.0000
HAMBI_0403_chrm01_circ_4888902	NP_Ct_r01_2017_11_14_L001-L004_merged	0	0.0101	0.0000	1.0000
HAMBI_0403_chrm01_circ_4888902	NP_Ct_r01_2018_03_06_L001	0	0.0000	0.0000	1.0000
HAMBI_0403_chrm01_circ_4888902	NP_Ct_r01_2018_06_26_L001	0	0.0718	0.0033	1.0000
HAMBI_0403_chrm01_circ_4888902	NP_Ct_r01_2018_07_24_L001	0	0.1290	0.0056	1.0000
HAMBI_0403_chrm01_circ_4888902	NP_Ct_r01_2018_08_21_L002	0	0.1415	0.0048	1.0000
HAMBI_0403_chrm01_circ_4888902	NP_Ct_r01_2018_09_18_L001	0	0.1479	0.0061	1.0000
HAMBI_0403_chrm01_circ_4888902	NP_Ct_r01_2018_10_16_L001	0	0.1271	0.0054	1.0000
HAMBI_0403_chrm01_circ_4888902	NP_Ct_r01_2018_11_13_L001	0	0.1271	0.0058	1.0000
HAMBI_0403_chrm01_circ_4888902	NP_Ct_r01_2018_12_11_L001	0	0.0975	0.0056	1.0000
HAMBI_0403_chrm01_circ_4888902	NP_Ct_r01_2019_02_04_L003	0	0.0507	0.0019	1.0000
HAMBI_0403_chrm01_circ_4888902	NP_Ct_r01_2019_02_25_L003	0	0.0401	0.0017	1.0000
HAMBI_0403_chrm01_circ_5045700	NP_Ct_r01_2016_10_11_L001-L004_merged	0	0.0000	0.0000	1.0000
HAMBI_0403_chrm01_circ_5045700	NP_Ct_r01_2016_12_05_L001-L004_merged	0	0.0000	0.0000	1.0000
HAMBI_0403_chrm01_circ_5045700	NP_Ct_r01_2017_02_06_L001-L004_merged	0	0.0000	0.0000	1.0000
HAMBI_0403_chrm01_circ_5045700	NP_Ct_r01_2017_03_06_L002	0	0.0000	0.0000	1.0000
HAMBI_0403_chrm01_circ_5045700	NP_Ct_r01_2017_04_03_L002	0	0.0000	0.0000	1.0000
HAMBI_0403_chrm01_circ_5045700	NP_Ct_r01_2017_08_21_L001	0	0.0000	0.0000	1.0000
HAMBI_0403_chrm01_circ_5045700	NP_Ct_r01_2017_09_18_L001	0	0.0001	0.0008	1.0000
HAMBI_0403_chrm01_circ_5045700	NP_Ct_r01_2017_11_14_L001-L004_merged	0	0.0101	0.0000	1.0000
HAMBI_0403_chrm01_circ_5045700	NP_Ct_r01_2018_03_06_L001	0	0.0000	0.0000	1.0000
HAMBI_0403_chrm01_circ_5045700	NP_Ct_r01_2018_06_26_L001	0	0.0718	0.0033	1.0000
HAMBI_0403_chrm01_circ_5045700	NP_Ct_r01_2018_07_24_L001	0	0.1290	0.0056	1.0000
HAMBI_0403_chrm01_circ_5045700	NP_Ct_r01_2018_08_21_L002	0	0.1415	0.0048	1.0000
HAMBI_0403_chrm01_circ_5045700	NP_Ct_r01_2018_09_18_L001	0	0.1479	0.0061	1.0000
HAMBI_0403_chrm01_circ_5045700	NP_Ct_r01_2018_10_16_L001	0	0.1271	0.0054	1.0000
HAMBI_0403_chrm01_circ_5045700	NP_Ct_r01_2018_11_13_L001	0	0.1271	0.0058	1.0000
HAMBI_0403_chrm01_circ_5045700	NP_Ct_r01_2018_12_11_L001	0	0.0975	0.0056	1.0000
HAMBI_0403_chrm01_circ_5045700	NP_Ct_r01_2019_02_04_L003	0	0.0507	0.0019	1.0000
HAMBI_0403_chrm01_circ_5045700	NP_Ct_r01_2019_02_25_L003	0	0.0401	0.0017	1.0000
HAMBI_0403_chrm01_circ_5136938	NP_Ct_r01_2016_10_11_L001-L004_merged	0	0.0000	0.0000	1.0000
HAMBI_0403_chrm01_circ_5136938	NP_Ct_r01_2016_12_05_L001-L004_merged	0	0.0000	0.0000	1.0000
HAMBI_0403_chrm01_circ_5136938	NP_Ct_r01_2017_02_06_L001-L004_merged	0	0.0000	0.0000	1.0000
HAMBI_0403_chrm01_circ_5136938	NP_Ct_r01_2017_03_06_L002	0	0.0000	0.0000	1.0000
HAMBI_0403_chrm01_circ_5136938	NP_Ct_r01_2017_04_03_L002	0	0.0000	0.0000	1.0000
HAMBI_0403_chrm01_circ_5136938	NP_Ct_r01_2017_08_21_L001	0	0.0000	0.0000	1.0000
HAMBI_0403_chrm01_circ_5136938	NP_Ct_r01_2017_09_18_L001	0	0.0001	0.0008	1.0000
HAMBI_0403_chrm01_circ_5136938	NP_Ct_r01_2017_11_14_L001-L004_merged	0	0.0101	0.0000	1.0000
HAMBI_0403_chrm01_circ_5136938	NP_Ct_r01_2018_03_06_L001	0	0.0000	0.0000	1.0000
HAMBI_0403_chrm01_circ_5136938	NP_Ct_r01_2018_06_26_L001	0	0.0718	0.0033	1.0000
HAMBI_0403_chrm01_circ_5136938	NP_Ct_r01_2018_07_24_L001	0	0.1290	0.0056	1.0000
HAMBI_0403_chrm01_circ_5136938	NP_Ct_r01_2018_08_21_L002	0	0.1415	0.0048	1.0000
HAMBI_0403_chrm01_circ_5136938	NP_Ct_r01_2018_09_18_L001	0	0.1479	0.0061	1.0000
HAMBI_0403_chrm01_circ_5136938	NP_Ct_r01_2018_10_16_L001	0	0.1271	0.0054	1.0000
HAMBI_0403_chrm01_circ_5136938	NP_Ct_r01_2018_11_13_L001	0	0.1271	0.0058	1.0000
HAMBI_0403_chrm01_circ_5136938	NP_Ct_r01_2018_12_11_L001	0	0.0975	0.0056	1.0000
HAMBI_0403_chrm01_circ_5136938	NP_Ct_r01_2019_02_04_L003	0	0.0507	0.0019	1.0000
HAMBI_0403_chrm01_circ_5136938	NP_Ct_r01_2019_02_25_L003	0	0.0401	0.0017	1.0000
HAMBI_0403_chrm01_circ_5359752	NP_Ct_r01_2016_10_11_L001-L004_merged	0	0.0000	0.0000	1.0000
HAMBI_0403_chrm01_circ_5359752	NP_Ct_r01_2016_12_05_L001-L004_merged	0	0.0000	0.0000	1.0000
HAMBI_0403_chrm01_circ_5359752	NP_Ct_r01_2017_02_06_L001-L004_merged	0	0.0000	0.0000	1.0000
HAMBI_0403_chrm01_circ_5359752	NP_Ct_r01_2017_03_06_L002	0	0.0000	0.0000	1.0000
HAMBI_0403_chrm01_circ_5359752	NP_Ct_r01_2017_04_03_L002	0	0.0000	0.0000	1.0000
HAMBI_0403_chrm01_circ_5359752	NP_Ct_r01_2017_08_21_L001	0	0.0000	0.0000	1.0000
HAMBI_0403_chrm01_circ_5359752	NP_Ct_r01_2017_09_18_L001	0	0.0001	0.0008	1.0000
HAMBI_0403_chrm01_circ_5359752	NP_Ct_r01_2017_11_14_L001-L004_merged	0	0.0101	0.0000	1.0000
HAMBI_0403_chrm01_circ_5359752	NP_Ct_r01_2018_03_06_L001	0	0.0000	0.0000	1.0000
HAMBI_0403_chrm01_circ_5359752	NP_Ct_r01_2018_06_26_L001	0	0.0718	0.0033	1.0000
HAMBI_0403_chrm01_circ_5359752	NP_Ct_r01_2018_07_24_L001	0	0.1290	0.0056	1.0000
HAMBI_0403_chrm01_circ_5359752	NP_Ct_r01_2018_08_21_L002	0	0.1415	0.0048	1.0000
HAMBI_0403_chrm01_circ_5359752	NP_Ct_r01_2018_09_18_L001	0	0.1479	0.0061	1.0000
HAMBI_0403_chrm01_circ_5359752	NP_Ct_r01_2018_10_16_L001	0	0.1271	0.0054	1.0000
HAMBI_0403_chrm01_circ_5359752	NP_Ct_r01_2018_11_13_L001	0	0.1271	0.0058	1.0000
HAMBI_0403_chrm01_circ_5359752	NP_Ct_r01_2018_12_11_L001	0	0.0975	0.0056	1.0000
HAMBI_0403_chrm01_circ_5359752	NP_Ct_r01_2019_02_04_L003	0	0.0507	0.0019	1.0000
HAMBI_0403_chrm01_circ_5359752	NP_Ct_r01_2019_02_25_L003	0	0.0401	0.0017	1.0000
HAMBI_0403_chrm01_circ_5375036	NP_Ct_r01_2016_10_11_L001-L004_merged	0	0.0000	0.0000	1.0000
HAMBI_0403_chrm01_circ_5375036	NP_Ct_r01_2016_12_05_L001-L004_merged	0	0.0000	0.0000	1.0000
HAMBI_0403_chrm01_circ_5375036	NP_Ct_r01_2017_02_06_L001-L004_merged	0	0.0000	0.0000	1.0000
HAMBI_0403_chrm01_circ_5375036	NP_Ct_r01_2017_03_06_L002	0	0.0000	0.0000	1.0000
HAMBI_0403_chrm01_circ_5375036	NP_Ct_r01_2017_04_03_L002	0	0.0000	0.0000	1.0000
HAMBI_0403_chrm01_circ_5375036	NP_Ct_r01_2017_08_21_L001	0	0.0000	0.0000	1.0000
HAMBI_0403_chrm01_circ_5375036	NP_Ct_r01_2017_09_18_L001	0	0.0001	0.0008	1.0000
HAMBI_0403_chrm01_circ_5375036	NP_Ct_r01_2017_11_14_L001-L004_merged	0	0.0101	0.0000	1.0000
HAMBI_0403_chrm01_circ_5375036	NP_Ct_r01_2018_03_06_L001	0	0.0000	0.0000	1.0000
HAMBI_0403_chrm01_circ_5375036	NP_Ct_r01_2018_06_26_L001	0	0.0718	0.0033	1.0000
HAMBI_0403_chrm01_circ_5375036	NP_Ct_r01_2018_07_24_L001	0	0.1290	0.0056	1.0000
HAMBI_0403_chrm01_circ_5375036	NP_Ct_r01_2018_08_21_L002	0	0.1415	0.0048	1.0000
HAMBI_0403_chrm01_circ_5375036	NP_Ct_r01_2018_09_18_L001	0	0.1479	0.0061	1.0000
HAMBI_0403_chrm01_circ_5375036	NP_Ct_r01_2018_10_16_L001	0	0.1271	0.0054	1.0000
HAMBI_0403_chrm01_circ_5375036	NP_Ct_r01_2018_11_13_L001	0	0.1271	0.0058	1.0000
HAMBI_0403_chrm01_circ_5375036	NP_Ct_r01_2018_12_11_L001	0	0.0975	0.0056	1.0000
HAMBI_0403_chrm01_circ_5375036	NP_Ct_r01_2019_02_04_L003	0	0.0507	0.0019	1.0000
HAMBI_0403_chrm01_circ_5375036	NP_Ct_r01_2019_02_25_L003	0	0.0401	0.0017	1.0000
HAMBI_0403_chrm01_circ_5614022	NP_Ct_r01_2016_10_11_L001-L004_merged	0	0.0000	0.0000	1.0000
HAMBI_0403_chrm01_circ_5614022	NP_Ct_r01_2016_12_05_L001-L004_merged	0	0.0000	0.0000	1.0000
HAMBI_0403_chrm01_circ_5614022	NP_Ct_r01_2017_02_06_L001-L004_merged	0	0.0000	0.0000	1.0000
HAMBI_0403_chrm01_circ_5614022	NP_Ct_r01_2017_03_06_L002	0	0.0000	0.0000	1.0000
HAMBI_0403_chrm01_circ_5614022	NP_Ct_r01_2017_04_03_L002	0	0.0000	0.0000	1.0000
HAMBI_0403_chrm01_circ_5614022	NP_Ct_r01_2017_08_21_L001	0	0.0000	0.0000	1.0000
HAMBI_0403_chrm01_circ_5614022	NP_Ct_r01_2017_09_18_L001	0	0.0001	0.0008	1.0000
HAMBI_0403_chrm01_circ_5614022	NP_Ct_r01_2017_11_14_L001-L004_merged	0	0.0101	0.0000	1.0000
HAMBI_0403_chrm01_circ_5614022	NP_Ct_r01_2018_03_06_L001	0	0.0000	0.0000	1.0000
HAMBI_0403_chrm01_circ_5614022	NP_Ct_r01_2018_06_26_L001	0	0.0718	0.0033	1.0000
HAMBI_0403_chrm01_circ_5614022	NP_Ct_r01_2018_07_24_L001	0	0.1290	0.0056	1.0000
HAMBI_0403_chrm01_circ_5614022	NP_Ct_r01_2018_08_21_L002	0	0.1415	0.0048	1.0000
HAMBI_0403_chrm01_circ_5614022	NP_Ct_r01_2018_09_18_L001	0	0.1479	0.0061	1.0000
HAMBI_0403_chrm01_circ_5614022	NP_Ct_r01_2018_10_16_L001	0	0.1271	0.0054	1.0000
HAMBI_0403_chrm01_circ_5614022	NP_Ct_r01_2018_11_13_L001	0	0.1271	0.0058	1.0000
HAMBI_0403_chrm01_circ_5614022	NP_Ct_r01_2018_12_11_L001	0	0.0975	0.0056	1.0000
HAMBI_0403_chrm01_circ_5614022	NP_Ct_r01_2019_02_04_L003	0	0.0507	0.0019	1.0000
HAMBI_0403_chrm01_circ_5614022	NP_Ct_r01_2019_02_25_L003	0	0.0401	0.0017	1.0000
HAMBI_0403_chrm01_circ_684931	NP_Ct_r01_2016_10_11_L001-L004_merged	0	0.0000	0.0000	0.6589
HAMBI_0403_chrm01_circ_684931	NP_Ct_r01_2016_12_05_L001-L004_merged	0	0.0000	0.0000	0.6589
HAMBI_0403_chrm01_circ_684931	NP_Ct_r01_2017_02_06_L001-L004_merged	0	0.0000	0.0000	0.6589
HAMBI_0403_chrm01_circ_684931	NP_Ct_r01_2017_03_06_L002	0	0.0000	0.0000	0.6589
HAMBI_0403_chrm01_circ_684931	NP_Ct_r01_2017_04_03_L002	0	0.0000	0.0000	0.6589
HAMBI_0403_chrm01_circ_684931	NP_Ct_r01_2017_08_21_L001	0	0.0000	0.0000	0.6589
HAMBI_0403_chrm01_circ_684931	NP_Ct_r01_2017_09_18_L001	0	0.0001	0.0008	0.6589
HAMBI_0403_chrm01_circ_684931	NP_Ct_r01_2017_11_14_L001-L004_merged	0	0.0101	0.0000	0.6589
HAMBI_0403_chrm01_circ_684931	NP_Ct_r01_2018_03_06_L001	0	0.0000	0.0000	0.6589
HAMBI_0403_chrm01_circ_684931	NP_Ct_r01_2018_06_26_L001	0	0.0718	0.0033	0.6589
HAMBI_0403_chrm01_circ_684931	NP_Ct_r01_2018_07_24_L001	0	0.1290	0.0056	0.6589
HAMBI_0403_chrm01_circ_684931	NP_Ct_r01_2018_08_21_L002	0	0.1415	0.0048	0.6589
HAMBI_0403_chrm01_circ_684931	NP_Ct_r01_2018_09_18_L001	0	0.1479	0.0061	0.6589
HAMBI_0403_chrm01_circ_684931	NP_Ct_r01_2018_10_16_L001	0	0.1271	0.0054	0.6589
HAMBI_0403_chrm01_circ_684931	NP_Ct_r01_2018_11_13_L001	0	0.1271	0.0058	0.6589
HAMBI_0403_chrm01_circ_684931	NP_Ct_r01_2018_12_11_L001	0	0.0975	0.0056	0.6589
HAMBI_0403_chrm01_circ_684931	NP_Ct_r01_2019_02_04_L003	0	0.0507	0.0019	0.6589
HAMBI_0403_chrm01_circ_684931	NP_Ct_r01_2019_02_25_L003	0	0.0401	0.0017	0.6589
HAMBI_0403_chrm01_circ_788892	NP_Ct_r01_2016_10_11_L001-L004_merged	0	0.0000	0.0000	1.0000
HAMBI_0403_chrm01_circ_788892	NP_Ct_r01_2016_12_05_L001-L004_merged	0	0.0000	0.0000	1.0000
HAMBI_0403_chrm01_circ_788892	NP_Ct_r01_2017_02_06_L001-L004_merged	0	0.0000	0.0000	1.0000
HAMBI_0403_chrm01_circ_788892	NP_Ct_r01_2017_03_06_L002	0	0.0000	0.0000	1.0000
HAMBI_0403_chrm01_circ_788892	NP_Ct_r01_2017_04_03_L002	0	0.0000	0.0000	1.0000
HAMBI_0403_chrm01_circ_788892	NP_Ct_r01_2017_08_21_L001	0	0.0000	0.0000	1.0000
HAMBI_0403_chrm01_circ_788892	NP_Ct_r01_2017_09_18_L001	0	0.0001	0.0008	1.0000
HAMBI_0403_chrm01_circ_788892	NP_Ct_r01_2017_11_14_L001-L004_merged	0	0.0101	0.0000	1.0000
HAMBI_0403_chrm01_circ_788892	NP_Ct_r01_2018_03_06_L001	0	0.0000	0.0000	1.0000
HAMBI_0403_chrm01_circ_788892	NP_Ct_r01_2018_06_26_L001	0	0.0718	0.0033	1.0000
HAMBI_0403_chrm01_circ_788892	NP_Ct_r01_2018_07_24_L001	0	0.1290	0.0056	1.0000
HAMBI_0403_chrm01_circ_788892	NP_Ct_r01_2018_08_21_L002	0	0.1415	0.0048	1.0000
HAMBI_0403_chrm01_circ_788892	NP_Ct_r01_2018_09_18_L001	0	0.1479	0.0061	1.0000
HAMBI_0403_chrm01_circ_788892	NP_Ct_r01_2018_10_16_L001	0	0.1271	0.0054	1.0000
HAMBI_0403_chrm01_circ_788892	NP_Ct_r01_2018_11_13_L001	0	0.1271	0.0058	1.0000
HAMBI_0403_chrm01_circ_788892	NP_Ct_r01_2018_12_11_L001	0	0.0975	0.0056	1.0000
HAMBI_0403_chrm01_circ_788892	NP_Ct_r01_2019_02_04_L003	0	0.0507	0.0019	1.0000
HAMBI_0403_chrm01_circ_788892	NP_Ct_r01_2019_02_25_L003	0	0.0401	0.0017	1.0000
HAMBI_0403_chrm01_circ_832539	NP_Ct_r01_2016_10_11_L001-L004_merged	0	0.0000	0.0000	1.0000
HAMBI_0403_chrm01_circ_832539	NP_Ct_r01_2016_12_05_L001-L004_merged	0	0.0000	0.0000	1.0000
HAMBI_0403_chrm01_circ_832539	NP_Ct_r01_2017_02_06_L001-L004_merged	0	0.0000	0.0000	1.0000
HAMBI_0403_chrm01_circ_832539	NP_Ct_r01_2017_03_06_L002	0	0.0000	0.0000	1.0000
HAMBI_0403_chrm01_circ_832539	NP_Ct_r01_2017_04_03_L002	0	0.0000	0.0000	1.0000
HAMBI_0403_chrm01_circ_832539	NP_Ct_r01_2017_08_21_L001	0	0.0000	0.0000	1.0000
HAMBI_0403_chrm01_circ_832539	NP_Ct_r01_2017_09_18_L001	0	0.0001	0.0008	1.0000
HAMBI_0403_chrm01_circ_832539	NP_Ct_r01_2017_11_14_L001-L004_merged	0	0.0101	0.0000	1.0000
HAMBI_0403_chrm01_circ_832539	NP_Ct_r01_2018_03_06_L001	0	0.0000	0.0000	1.0000
HAMBI_0403_chrm01_circ_832539	NP_Ct_r01_2018_06_26_L001	0	0.0718	0.0033	1.0000
HAMBI_0403_chrm01_circ_832539	NP_Ct_r01_2018_07_24_L001	0	0.1290	0.0056	1.0000
HAMBI_0403_chrm01_circ_832539	NP_Ct_r01_2018_08_21_L002	0	0.1415	0.0048	1.0000
HAMBI_0403_chrm01_circ_832539	NP_Ct_r01_2018_09_18_L001	0	0.1479	0.0061	1.0000
HAMBI_0403_chrm01_circ_832539	NP_Ct_r01_2018_10_16_L001	0	0.1271	0.0054	1.0000
HAMBI_0403_chrm01_circ_832539	NP_Ct_r01_2018_11_13_L001	0	0.1271	0.0058	1.0000
HAMBI_0403_chrm01_circ_832539	NP_Ct_r01_2018_12_11_L001	0	0.0975	0.0056	1.0000
HAMBI_0403_chrm01_circ_832539	NP_Ct_r01_2019_02_04_L003	0	0.0507	0.0019	1.0000
HAMBI_0403_chrm01_circ_832539	NP_Ct_r01_2019_02_25_L003	0	0.0401	0.0017	1.0000
HAMBI_0403_chrm01_circ_957797	NP_Ct_r01_2016_10_11_L001-L004_merged	0	0.0000	0.0000	1.0000
HAMBI_0403_chrm01_circ_957797	NP_Ct_r01_2016_12_05_L001-L004_merged	0	0.0000	0.0000	1.0000
HAMBI_0403_chrm01_circ_957797	NP_Ct_r01_2017_02_06_L001-L004_merged	0	0.0000	0.0000	1.0000
HAMBI_0403_chrm01_circ_957797	NP_Ct_r01_2017_03_06_L002	0	0.0000	0.0000	1.0000
HAMBI_0403_chrm01_circ_957797	NP_Ct_r01_2017_04_03_L002	0	0.0000	0.0000	1.0000
HAMBI_0403_chrm01_circ_957797	NP_Ct_r01_2017_08_21_L001	0	0.0000	0.0000	1.0000
HAMBI_0403_chrm01_circ_957797	NP_Ct_r01_2017_09_18_L001	0	0.0001	0.0008	1.0000
HAMBI_0403_chrm01_circ_957797	NP_Ct_r01_2017_11_14_L001-L004_merged	0	0.0101	0.0000	1.0000
HAMBI_0403_chrm01_circ_957797	NP_Ct_r01_2018_03_06_L001	0	0.0000	0.0000	1.0000
HAMBI_0403_chrm01_circ_957797	NP_Ct_r01_2018_06_26_L001	0	0.0718	0.0033	1.0000
HAMBI_0403_chrm01_circ_957797	NP_Ct_r01_2018_07_24_L001	0	0.1290	0.0056	1.0000
HAMBI_0403_chrm01_circ_957797	NP_Ct_r01_2018_08_21_L002	0	0.1415	0.0048	1.0000
HAMBI_0403_chrm01_circ_957797	NP_Ct_r01_2018_09_18_L001	0	0.1479	0.0061	1.0000
HAMBI_0403_chrm01_circ_957797	NP_Ct_r01_2018_10_16_L001	0	0.1271	0.0054	1.0000
HAMBI_0403_chrm01_circ_957797	NP_Ct_r01_2018_11_13_L001	0	0.1271	0.0058	1.0000
HAMBI_0403_chrm01_circ_957797	NP_Ct_r01_2018_12_11_L001	0	0.0975	0.0056	1.0000
HAMBI_0403_chrm01_circ_957797	NP_Ct_r01_2019_02_04_L003	0	0.0507	0.0019	1.0000
HAMBI_0403_chrm01_circ_957797	NP_Ct_r01_2019_02_25_L003	0	0.0401	0.0017	1.0000
HAMBI_0403_chrm01_circ_958598	NP_Ct_r01_2016_10_11_L001-L004_merged	0	0.0000	0.0000	1.0000
HAMBI_0403_chrm01_circ_958598	NP_Ct_r01_2016_12_05_L001-L004_merged	0	0.0000	0.0000	1.0000
HAMBI_0403_chrm01_circ_958598	NP_Ct_r01_2017_02_06_L001-L004_merged	0	0.0000	0.0000	1.0000
HAMBI_0403_chrm01_circ_958598	NP_Ct_r01_2017_03_06_L002	0	0.0000	0.0000	1.0000
HAMBI_0403_chrm01_circ_958598	NP_Ct_r01_2017_04_03_L002	0	0.0000	0.0000	1.0000
HAMBI_0403_chrm01_circ_958598	NP_Ct_r01_2017_08_21_L001	0	0.0000	0.0000	1.0000
HAMBI_0403_chrm01_circ_958598	NP_Ct_r01_2017_09_18_L001	0	0.0001	0.0008	1.0000
HAMBI_0403_chrm01_circ_958598	NP_Ct_r01_2017_11_14_L001-L004_merged	0	0.0101	0.0000	1.0000
HAMBI_0403_chrm01_circ_958598	NP_Ct_r01_2018_03_06_L001	0	0.0000	0.0000	1.0000
HAMBI_0403_chrm01_circ_958598	NP_Ct_r01_2018_06_26_L001	0	0.0718	0.0033	1.0000
HAMBI_0403_chrm01_circ_958598	NP_Ct_r01_2018_07_24_L001	0	0.1290	0.0056	1.0000
HAMBI_0403_chrm01_circ_958598	NP_Ct_r01_2018_08_21_L002	0	0.1415	0.0048	1.0000
HAMBI_0403_chrm01_circ_958598	NP_Ct_r01_2018_09_18_L001	0	0.1479	0.0061	1.0000
HAMBI_0403_chrm01_circ_958598	NP_Ct_r01_2018_10_16_L001	0	0.1271	0.0054	1.0000
HAMBI_0403_chrm01_circ_958598	NP_Ct_r01_2018_11_13_L001	0	0.1271	0.0058	1.0000
HAMBI_0403_chrm01_circ_958598	NP_Ct_r01_2018_12_11_L001	0	0.0975	0.0056	1.0000
HAMBI_0403_chrm01_circ_958598	NP_Ct_r01_2019_02_04_L003	0	0.0507	0.0019	1.0000
HAMBI_0403_chrm01_circ_958598	NP_Ct_r01_2019_02_25_L003	0	0.0401	0.0017	1.0000
HAMBI_0403_chrm01_circ_966980	NP_Ct_r01_2016_10_11_L001-L004_merged	0	0.0000	0.0000	1.0000
HAMBI_0403_chrm01_circ_966980	NP_Ct_r01_2016_12_05_L001-L004_merged	0	0.0000	0.0000	1.0000
HAMBI_0403_chrm01_circ_966980	NP_Ct_r01_2017_02_06_L001-L004_merged	0	0.0000	0.0000	1.0000
HAMBI_0403_chrm01_circ_966980	NP_Ct_r01_2017_03_06_L002	0	0.0000	0.0000	1.0000
HAMBI_0403_chrm01_circ_966980	NP_Ct_r01_2017_04_03_L002	0	0.0000	0.0000	1.0000
HAMBI_0403_chrm01_circ_966980	NP_Ct_r01_2017_08_21_L001	0	0.0000	0.0000	1.0000
HAMBI_0403_chrm01_circ_966980	NP_Ct_r01_2017_09_18_L001	0	0.0001	0.0008	1.0000
HAMBI_0403_chrm01_circ_966980	NP_Ct_r01_2017_11_14_L001-L004_merged	0	0.0101	0.0000	1.0000
HAMBI_0403_chrm01_circ_966980	NP_Ct_r01_2018_03_06_L001	0	0.0000	0.0000	1.0000
HAMBI_0403_chrm01_circ_966980	NP_Ct_r01_2018_06_26_L001	0	0.0718	0.0033	1.0000
HAMBI_0403_chrm01_circ_966980	NP_Ct_r01_2018_07_24_L001	0	0.1290	0.0056	1.0000
HAMBI_0403_chrm01_circ_966980	NP_Ct_r01_2018_08_21_L002	0	0.1415	0.0048	1.0000
HAMBI_0403_chrm01_circ_966980	NP_Ct_r01_2018_09_18_L001	0	0.1479	0.0061	1.0000
HAMBI_0403_chrm01_circ_966980	NP_Ct_r01_2018_10_16_L001	0	0.1271	0.0054	1.0000
HAMBI_0403_chrm01_circ_966980	NP_Ct_r01_2018_11_13_L001	0	0.1271	0.0058	1.0000
HAMBI_0403_chrm01_circ_966980	NP_Ct_r01_2018_12_11_L001	0	0.0975	0.0056	1.0000
HAMBI_0403_chrm01_circ_966980	NP_Ct_r01_2019_02_04_L003	0	0.0507	0.0019	1.0000
HAMBI_0403_chrm01_circ_966980	NP_Ct_r01_2019_02_25_L003	0	0.0401	0.0017	1.0000
HAMBI_0403_chrm01_circ_1331081	NP_Ct_r01_2016_10_11_L001-L004_merged	1	0.0001	0.0011	1.0000
HAMBI_0403_chrm01_circ_1331081	NP_Ct_r01_2016_12_05_L001-L004_merged	1	0.0022	0.0043	1.0000
HAMBI_0403_chrm01_circ_1331081	NP_Ct_r01_2017_02_06_L001-L004_merged	1	0.2902	0.0184	1.0000
HAMBI_0403_chrm01_circ_1331081	NP_Ct_r01_2017_03_06_L002	1	0.4550	0.0188	1.0000
HAMBI_0403_chrm01_circ_1331081	NP_Ct_r01_2017_04_03_L002	1	0.8367	0.0192	1.0000
HAMBI_0403_chrm01_circ_1331081	NP_Ct_r01_2017_08_21_L001	1	0.0007	0.0028	1.0000
HAMBI_0403_chrm01_circ_1331081	NP_Ct_r01_2017_09_18_L001	1	0.7633	0.0185	1.0000
HAMBI_0403_chrm01_circ_1331081	NP_Ct_r01_2017_11_14_L001-L004_merged	1	0.6170	0.0184	1.0000
HAMBI_0403_chrm01_circ_1331081	NP_Ct_r01_2018_03_06_L001	1	0.0001	0.0007	1.0000
HAMBI_0403_chrm01_circ_1331081	NP_Ct_r01_2018_06_26_L001	1	0.7234	0.0199	1.0000
HAMBI_0403_chrm01_circ_1331081	NP_Ct_r01_2018_07_24_L001	1	0.6952	0.0230	1.0000
HAMBI_0403_chrm01_circ_1331081	NP_Ct_r01_2018_08_21_L002	1	0.8022	0.0176	1.0000
HAMBI_0403_chrm01_circ_1331081	NP_Ct_r01_2018_09_18_L001	1	0.8815	0.0169	1.0000
HAMBI_0403_chrm01_circ_1331081	NP_Ct_r01_2018_10_16_L001	1	0.7476	0.0208	1.0000
HAMBI_0403_chrm01_circ_1331081	NP_Ct_r01_2018_11_13_L001	1	0.6951	0.0244	1.0000
HAMBI_0403_chrm01_circ_1331081	NP_Ct_r01_2018_12_11_L001	1	0.8191	0.0210	1.0000
HAMBI_0403_chrm01_circ_1331081	NP_Ct_r01_2019_02_04_L003	1	0.5667	0.0253	1.0000
HAMBI_0403_chrm01_circ_1331081	NP_Ct_r01_2019_02_25_L003	1	0.5688	0.0208	1.0000
HAMBI_0403_chrm01_circ_3206418	NP_Ct_r01_2016_10_11_L001-L004_merged	1	0.0001	0.0011	1.0000
HAMBI_0403_chrm01_circ_3206418	NP_Ct_r01_2016_12_05_L001-L004_merged	1	0.0022	0.0043	1.0000
HAMBI_0403_chrm01_circ_3206418	NP_Ct_r01_2017_02_06_L001-L004_merged	1	0.2902	0.0184	1.0000
HAMBI_0403_chrm01_circ_3206418	NP_Ct_r01_2017_03_06_L002	1	0.4550	0.0188	1.0000
HAMBI_0403_chrm01_circ_3206418	NP_Ct_r01_2017_04_03_L002	1	0.8367	0.0192	1.0000
HAMBI_0403_chrm01_circ_3206418	NP_Ct_r01_2017_08_21_L001	1	0.0007	0.0028	1.0000
HAMBI_0403_chrm01_circ_3206418	NP_Ct_r01_2017_09_18_L001	1	0.7633	0.0185	1.0000
HAMBI_0403_chrm01_circ_3206418	NP_Ct_r01_2017_11_14_L001-L004_merged	1	0.6170	0.0184	1.0000
HAMBI_0403_chrm01_circ_3206418	NP_Ct_r01_2018_03_06_L001	1	0.0001	0.0007	1.0000
HAMBI_0403_chrm01_circ_3206418	NP_Ct_r01_2018_06_26_L001	1	0.7234	0.0199	1.0000
HAMBI_0403_chrm01_circ_3206418	NP_Ct_r01_2018_07_24_L001	1	0.6952	0.0230	1.0000
HAMBI_0403_chrm01_circ_3206418	NP_Ct_r01_2018_08_21_L002	1	0.8022	0.0176	1.0000
HAMBI_0403_chrm01_circ_3206418	NP_Ct_r01_2018_09_18_L001	1	0.8815	0.0169	1.0000
HAMBI_0403_chrm01_circ_3206418	NP_Ct_r01_2018_10_16_L001	1	0.7476	0.0208	1.0000
HAMBI_0403_chrm01_circ_3206418	NP_Ct_r01_2018_11_13_L001	1	0.6951	0.0244	1.0000
HAMBI_0403_chrm01_circ_3206418	NP_Ct_r01_2018_12_11_L001	1	0.8191	0.0210	1.0000
HAMBI_0403_chrm01_circ_3206418	NP_Ct_r01_2019_02_04_L003	1	0.5667	0.0253	1.0000
HAMBI_0403_chrm01_circ_3206418	NP_Ct_r01_2019_02_25_L003	1	0.5688	0.0208	1.0000
HAMBI_0403_chrm01_circ_3807928	NP_Ct_r01_2016_10_11_L001-L004_merged	1	0.0001	0.0011	1.0000
HAMBI_0403_chrm01_circ_3807928	NP_Ct_r01_2016_12_05_L001-L004_merged	1	0.0022	0.0043	1.0000
HAMBI_0403_chrm01_circ_3807928	NP_Ct_r01_2017_02_06_L001-L004_merged	1	0.2902	0.0184	1.0000
HAMBI_0403_chrm01_circ_3807928	NP_Ct_r01_2017_03_06_L002	1	0.4550	0.0188	1.0000
HAMBI_0403_chrm01_circ_3807928	NP_Ct_r01_2017_04_03_L002	1	0.8367	0.0192	1.0000
HAMBI_0403_chrm01_circ_3807928	NP_Ct_r01_2017_08_21_L001	1	0.0007	0.0028	1.0000
HAMBI_0403_chrm01_circ_3807928	NP_Ct_r01_2017_09_18_L001	1	0.7633	0.0185	1.0000
HAMBI_0403_chrm01_circ_3807928	NP_Ct_r01_2017_11_14_L001-L004_merged	1	0.6170	0.0184	1.0000
HAMBI_0403_chrm01_circ_3807928	NP_Ct_r01_2018_03_06_L001	1	0.0001	0.0007	1.0000
HAMBI_0403_chrm01_circ_3807928	NP_Ct_r01_2018_06_26_L001	1	0.7234	0.0199	1.0000
HAMBI_0403_chrm01_circ_3807928	NP_Ct_r01_2018_07_24_L001	1	0.6952	0.0230	1.0000
HAMBI_0403_chrm01_circ_3807928	NP_Ct_r01_2018_08_21_L002	1	0.8022	0.0176	1.0000
HAMBI_0403_chrm01_circ_3807928	NP_Ct_r01_2018_09_18_L001	1	0.8815	0.0169	1.0000
HAMBI_0403_chrm01_circ_3807928	NP_Ct_r01_2018_10_16_L001	1	0.7476	0.0208	1.0000
HAMBI_0403_chrm01_circ_3807928	NP_Ct_r01_2018_11_13_L001	1	0.6951	0.0244	1.0000
HAMBI_0403_chrm01_circ_3807928	NP_Ct_r01_2018_12_11_L001	1	0.8191	0.0210	1.0000
HAMBI_0403_chrm01_circ_3807928	NP_Ct_r01_2019_02_04_L003	1	0.5667	0.0253	1.0000
HAMBI_0403_chrm01_circ_3807928	NP_Ct_r01_2019_02_25_L003	1	0.5688	0.0208	1.0000
HAMBI_0403_chrm01_circ_406220	NP_Ct_r01_2016_10_11_L001-L004_merged	1	0.0001	0.0011	1.0000
HAMBI_0403_chrm01_circ_406220	NP_Ct_r01_2016_12_05_L001-L004_merged	1	0.0022	0.0043	1.0000
HAMBI_0403_chrm01_circ_406220	NP_Ct_r01_2017_02_06_L001-L004_merged	1	0.2902	0.0184	1.0000
HAMBI_0403_chrm01_circ_406220	NP_Ct_r01_2017_03_06_L002	1	0.4550	0.0188	1.0000
HAMBI_0403_chrm01_circ_406220	NP_Ct_r01_2017_04_03_L002	1	0.8367	0.0192	1.0000
HAMBI_0403_chrm01_circ_406220	NP_Ct_r01_2017_08_21_L001	1	0.0007	0.0028	1.0000
HAMBI_0403_chrm01_circ_406220	NP_Ct_r01_2017_09_18_L001	1	0.7633	0.0185	1.0000
HAMBI_0403_chrm01_circ_406220	NP_Ct_r01_2017_11_14_L001-L004_merged	1	0.6170	0.0184	1.0000
HAMBI_0403_chrm01_circ_406220	NP_Ct_r01_2018_03_06_L001	1	0.0001	0.0007	1.0000
HAMBI_0403_chrm01_circ_406220	NP_Ct_r01_2018_06_26_L001	1	0.7234	0.0199	1.0000
HAMBI_0403_chrm01_circ_406220	NP_Ct_r01_2018_07_24_L001	1	0.6952	0.0230	1.0000
HAMBI_0403_chrm01_circ_406220	NP_Ct_r01_2018_08_21_L002	1	0.8022	0.0176	1.0000
HAMBI_0403_chrm01_circ_406220	NP_Ct_r01_2018_09_18_L001	1	0.8815	0.0169	1.0000
HAMBI_0403_chrm01_circ_406220	NP_Ct_r01_2018_10_16_L001	1	0.7476	0.0208	1.0000
HAMBI_0403_chrm01_circ_406220	NP_Ct_r01_2018_11_13_L001	1	0.6951	0.0244	1.0000
HAMBI_0403_chrm01_circ_406220	NP_Ct_r01_2018_12_11_L001	1	0.8191	0.0210	1.0000
HAMBI_0403_chrm01_circ_406220	NP_Ct_r01_2019_02_04_L003	1	0.5667	0.0253	1.0000
HAMBI_0403_chrm01_circ_406220	NP_Ct_r01_2019_02_25_L003	1	0.5688	0.0208	1.0000
HAMBI_0403_chrm01_circ_444757	NP_Ct_r01_2016_10_11_L001-L004_merged	1	0.0001	0.0011	1.0000
HAMBI_0403_chrm01_circ_444757	NP_Ct_r01_2016_12_05_L001-L004_merged	1	0.0022	0.0043	1.0000
HAMBI_0403_chrm01_circ_444757	NP_Ct_r01_2017_02_06_L001-L004_merged	1	0.2902	0.0184	1.0000
HAMBI_0403_chrm01_circ_444757	NP_Ct_r01_2017_03_06_L002	1	0.4550	0.0188	1.0000
HAMBI_0403_chrm01_circ_444757	NP_Ct_r01_2017_04_03_L002	1	0.8367	0.0192	1.0000
HAMBI_0403_chrm01_circ_444757	NP_Ct_r01_2017_08_21_L001	1	0.0007	0.0028	1.0000
HAMBI_0403_chrm01_circ_444757	NP_Ct_r01_2017_09_18_L001	1	0.7633	0.0185	1.0000
HAMBI_0403_chrm01_circ_444757	NP_Ct_r01_2017_11_14_L001-L004_merged	1	0.6170	0.0184	1.0000
HAMBI_0403_chrm01_circ_444757	NP_Ct_r01_2018_03_06_L001	1	0.0001	0.0007	1.0000
HAMBI_0403_chrm01_circ_444757	NP_Ct_r01_2018_06_26_L001	1	0.7234	0.0199	1.0000
HAMBI_0403_chrm01_circ_444757	NP_Ct_r01_2018_07_24_L001	1	0.6952	0.0230	1.0000
HAMBI_0403_chrm01_circ_444757	NP_Ct_r01_2018_08_21_L002	1	0.8022	0.0176	1.0000
HAMBI_0403_chrm01_circ_444757	NP_Ct_r01_2018_09_18_L001	1	0.8815	0.0169	1.0000
HAMBI_0403_chrm01_circ_444757	NP_Ct_r01_2018_10_16_L001	1	0.7476	0.0208	1.0000
HAMBI_0403_chrm01_circ_444757	NP_Ct_r01_2018_11_13_L001	1	0.6951	0.0244	1.0000
HAMBI_0403_chrm01_circ_444757	NP_Ct_r01_2018_12_11_L001	1	0.8191	0.0210	1.0000
HAMBI_0403_chrm01_circ_444757	NP_Ct_r01_2019_02_04_L003	1	0.5667	0.0253	1.0000
HAMBI_0403_chrm01_circ_444757	NP_Ct_r01_2019_02_25_L003	1	0.5688	0.0208	1.0000
HAMBI_0403_chrm01_circ_1684934	NP_Ct_r01_2016_10_11_L001-L004_merged	2	0.0000	0.0001	1.0000
HAMBI_0403_chrm01_circ_1684934	NP_Ct_r01_2016_12_05_L001-L004_merged	2	0.0000	0.0001	1.0000
HAMBI_0403_chrm01_circ_1684934	NP_Ct_r01_2017_02_06_L001-L004_merged	2	0.0000	0.0000	1.0000
HAMBI_0403_chrm01_circ_1684934	NP_Ct_r01_2017_03_06_L002	2	0.0000	0.0000	1.0000
HAMBI_0403_chrm01_circ_1684934	NP_Ct_r01_2017_04_03_L002	2	0.0000	0.0001	1.0000
HAMBI_0403_chrm01_circ_1684934	NP_Ct_r01_2017_08_21_L001	2	0.0000	0.0005	1.0000
HAMBI_0403_chrm01_circ_1684934	NP_Ct_r01_2017_09_18_L001	2	0.0000	0.0000	1.0000
HAMBI_0403_chrm01_circ_1684934	NP_Ct_r01_2017_11_14_L001-L004_merged	2	0.0000	0.0000	1.0000
HAMBI_0403_chrm01_circ_1684934	NP_Ct_r01_2018_03_06_L001	2	0.0000	0.0001	1.0000
HAMBI_0403_chrm01_circ_1684934	NP_Ct_r01_2018_06_26_L001	2	0.0117	0.0037	1.0000
HAMBI_0403_chrm01_circ_1684934	NP_Ct_r01_2018_07_24_L001	2	0.0508	0.0069	1.0000
HAMBI_0403_chrm01_circ_1684934	NP_Ct_r01_2018_08_21_L002	2	0.2813	0.0126	1.0000
HAMBI_0403_chrm01_circ_1684934	NP_Ct_r01_2018_09_18_L001	2	0.5206	0.0158	1.0000
HAMBI_0403_chrm01_circ_1684934	NP_Ct_r01_2018_10_16_L001	2	0.4689	0.0149	1.0000
HAMBI_0403_chrm01_circ_1684934	NP_Ct_r01_2018_11_13_L001	2	0.3363	0.0158	1.0000
HAMBI_0403_chrm01_circ_1684934	NP_Ct_r01_2018_12_11_L001	2	0.4609	0.0173	1.0000
HAMBI_0403_chrm01_circ_1684934	NP_Ct_r01_2019_02_04_L003	2	0.1403	0.0113	1.0000
HAMBI_0403_chrm01_circ_1684934	NP_Ct_r01_2019_02_25_L003	2	0.1164	0.0092	1.0000
HAMBI_0403_chrm01_circ_1825191	NP_Ct_r01_2016_10_11_L001-L004_merged	2	0.0000	0.0001	1.0000
HAMBI_0403_chrm01_circ_1825191	NP_Ct_r01_2016_12_05_L001-L004_merged	2	0.0000	0.0001	1.0000
HAMBI_0403_chrm01_circ_1825191	NP_Ct_r01_2017_02_06_L001-L004_merged	2	0.0000	0.0000	1.0000
HAMBI_0403_chrm01_circ_1825191	NP_Ct_r01_2017_03_06_L002	2	0.0000	0.0000	1.0000
HAMBI_0403_chrm01_circ_1825191	NP_Ct_r01_2017_04_03_L002	2	0.0000	0.0001	1.0000
HAMBI_0403_chrm01_circ_1825191	NP_Ct_r01_2017_08_21_L001	2	0.0000	0.0005	1.0000
HAMBI_0403_chrm01_circ_1825191	NP_Ct_r01_2017_09_18_L001	2	0.0000	0.0000	1.0000
HAMBI_0403_chrm01_circ_1825191	NP_Ct_r01_2017_11_14_L001-L004_merged	2	0.0000	0.0000	1.0000
HAMBI_0403_chrm01_circ_1825191	NP_Ct_r01_2018_03_06_L001	2	0.0000	0.0001	1.0000
HAMBI_0403_chrm01_circ_1825191	NP_Ct_r01_2018_06_26_L001	2	0.0117	0.0037	1.0000
HAMBI_0403_chrm01_circ_1825191	NP_Ct_r01_2018_07_24_L001	2	0.0508	0.0069	1.0000
HAMBI_0403_chrm01_circ_1825191	NP_Ct_r01_2018_08_21_L002	2	0.2813	0.0126	1.0000
HAMBI_0403_chrm01_circ_1825191	NP_Ct_r01_2018_09_18_L001	2	0.5206	0.0158	1.0000
HAMBI_0403_chrm01_circ_1825191	NP_Ct_r01_2018_10_16_L001	2	0.4689	0.0149	1.0000
HAMBI_0403_chrm01_circ_1825191	NP_Ct_r01_2018_11_13_L001	2	0.3363	0.0158	1.0000
HAMBI_0403_chrm01_circ_1825191	NP_Ct_r01_2018_12_11_L001	2	0.4609	0.0173	1.0000
HAMBI_0403_chrm01_circ_1825191	NP_Ct_r01_2019_02_04_L003	2	0.1403	0.0113	1.0000
HAMBI_0403_chrm01_circ_1825191	NP_Ct_r01_2019_02_25_L003	2	0.1164	0.0092	1.0000
HAMBI_0403_chrm01_circ_2070393	NP_Ct_r01_2016_10_11_L001-L004_merged	2	0.0000	0.0001	1.0000
HAMBI_0403_chrm01_circ_2070393	NP_Ct_r01_2016_12_05_L001-L004_merged	2	0.0000	0.0001	1.0000
HAMBI_0403_chrm01_circ_2070393	NP_Ct_r01_2017_02_06_L001-L004_merged	2	0.0000	0.0000	1.0000
HAMBI_0403_chrm01_circ_2070393	NP_Ct_r01_2017_03_06_L002	2	0.0000	0.0000	1.0000
HAMBI_0403_chrm01_circ_2070393	NP_Ct_r01_2017_04_03_L002	2	0.0000	0.0001	1.0000
HAMBI_0403_chrm01_circ_2070393	NP_Ct_r01_2017_08_21_L001	2	0.0000	0.0005	1.0000
HAMBI_0403_chrm01_circ_2070393	NP_Ct_r01_2017_09_18_L001	2	0.0000	0.0000	1.0000
HAMBI_0403_chrm01_circ_2070393	NP_Ct_r01_2017_11_14_L001-L004_merged	2	0.0000	0.0000	1.0000
HAMBI_0403_chrm01_circ_2070393	NP_Ct_r01_2018_03_06_L001	2	0.0000	0.0001	1.0000
HAMBI_0403_chrm01_circ_2070393	NP_Ct_r01_2018_06_26_L001	2	0.0117	0.0037	1.0000
HAMBI_0403_chrm01_circ_2070393	NP_Ct_r01_2018_07_24_L001	2	0.0508	0.0069	1.0000
HAMBI_0403_chrm01_circ_2070393	NP_Ct_r01_2018_08_21_L002	2	0.2813	0.0126	1.0000
HAMBI_0403_chrm01_circ_2070393	NP_Ct_r01_2018_09_18_L001	2	0.5206	0.0158	1.0000
HAMBI_0403_chrm01_circ_2070393	NP_Ct_r01_2018_10_16_L001	2	0.4689	0.0149	1.0000
HAMBI_0403_chrm01_circ_2070393	NP_Ct_r01_2018_11_13_L001	2	0.3363	0.0158	1.0000
HAMBI_0403_chrm01_circ_2070393	NP_Ct_r01_2018_12_11_L001	2	0.4609	0.0173	1.0000
HAMBI_0403_chrm01_circ_2070393	NP_Ct_r01_2019_02_04_L003	2	0.1403	0.0113	1.0000
HAMBI_0403_chrm01_circ_2070393	NP_Ct_r01_2019_02_25_L003	2	0.1164	0.0092	1.0000
HAMBI_0403_chrm01_circ_283781	NP_Ct_r01_2016_10_11_L001-L004_merged	2	0.0000	0.0001	1.0000
HAMBI_0403_chrm01_circ_283781	NP_Ct_r01_2016_12_05_L001-L004_merged	2	0.0000	0.0001	1.0000
HAMBI_0403_chrm01_circ_283781	NP_Ct_r01_2017_02_06_L001-L004_merged	2	0.0000	0.0000	1.0000
HAMBI_0403_chrm01_circ_283781	NP_Ct_r01_2017_03_06_L002	2	0.0000	0.0000	1.0000
HAMBI_0403_chrm01_circ_283781	NP_Ct_r01_2017_04_03_L002	2	0.0000	0.0001	1.0000
HAMBI_0403_chrm01_circ_283781	NP_Ct_r01_2017_08_21_L001	2	0.0000	0.0005	1.0000
HAMBI_0403_chrm01_circ_283781	NP_Ct_r01_2017_09_18_L001	2	0.0000	0.0000	1.0000
HAMBI_0403_chrm01_circ_283781	NP_Ct_r01_2017_11_14_L001-L004_merged	2	0.0000	0.0000	1.0000
HAMBI_0403_chrm01_circ_283781	NP_Ct_r01_2018_03_06_L001	2	0.0000	0.0001	1.0000
HAMBI_0403_chrm01_circ_283781	NP_Ct_r01_2018_06_26_L001	2	0.0117	0.0037	1.0000
HAMBI_0403_chrm01_circ_283781	NP_Ct_r01_2018_07_24_L001	2	0.0508	0.0069	1.0000
HAMBI_0403_chrm01_circ_283781	NP_Ct_r01_2018_08_21_L002	2	0.2813	0.0126	1.0000
HAMBI_0403_chrm01_circ_283781	NP_Ct_r01_2018_09_18_L001	2	0.5206	0.0158	1.0000
HAMBI_0403_chrm01_circ_283781	NP_Ct_r01_2018_10_16_L001	2	0.4689	0.0149	1.0000
HAMBI_0403_chrm01_circ_283781	NP_Ct_r01_2018_11_13_L001	2	0.3363	0.0158	1.0000
HAMBI_0403_chrm01_circ_283781	NP_Ct_r01_2018_12_11_L001	2	0.4609	0.0173	1.0000
HAMBI_0403_chrm01_circ_283781	NP_Ct_r01_2019_02_04_L003	2	0.1403	0.0113	1.0000
HAMBI_0403_chrm01_circ_283781	NP_Ct_r01_2019_02_25_L003	2	0.1164	0.0092	1.0000
HAMBI_0403_chrm01_circ_3319670	NP_Ct_r01_2016_10_11_L001-L004_merged	2	0.0000	0.0001	1.0000
HAMBI_0403_chrm01_circ_3319670	NP_Ct_r01_2016_12_05_L001-L004_merged	2	0.0000	0.0001	1.0000
HAMBI_0403_chrm01_circ_3319670	NP_Ct_r01_2017_02_06_L001-L004_merged	2	0.0000	0.0000	1.0000
HAMBI_0403_chrm01_circ_3319670	NP_Ct_r01_2017_03_06_L002	2	0.0000	0.0000	1.0000
HAMBI_0403_chrm01_circ_3319670	NP_Ct_r01_2017_04_03_L002	2	0.0000	0.0001	1.0000
HAMBI_0403_chrm01_circ_3319670	NP_Ct_r01_2017_08_21_L001	2	0.0000	0.0005	1.0000
HAMBI_0403_chrm01_circ_3319670	NP_Ct_r01_2017_09_18_L001	2	0.0000	0.0000	1.0000
HAMBI_0403_chrm01_circ_3319670	NP_Ct_r01_2017_11_14_L001-L004_merged	2	0.0000	0.0000	1.0000
HAMBI_0403_chrm01_circ_3319670	NP_Ct_r01_2018_03_06_L001	2	0.0000	0.0001	1.0000
HAMBI_0403_chrm01_circ_3319670	NP_Ct_r01_2018_06_26_L001	2	0.0117	0.0037	1.0000
HAMBI_0403_chrm01_circ_3319670	NP_Ct_r01_2018_07_24_L001	2	0.0508	0.0069	1.0000
HAMBI_0403_chrm01_circ_3319670	NP_Ct_r01_2018_08_21_L002	2	0.2813	0.0126	1.0000
HAMBI_0403_chrm01_circ_3319670	NP_Ct_r01_2018_09_18_L001	2	0.5206	0.0158	1.0000
HAMBI_0403_chrm01_circ_3319670	NP_Ct_r01_2018_10_16_L001	2	0.4689	0.0149	1.0000
HAMBI_0403_chrm01_circ_3319670	NP_Ct_r01_2018_11_13_L001	2	0.3363	0.0158	1.0000
HAMBI_0403_chrm01_circ_3319670	NP_Ct_r01_2018_12_11_L001	2	0.4609	0.0173	1.0000
HAMBI_0403_chrm01_circ_3319670	NP_Ct_r01_2019_02_04_L003	2	0.1403	0.0113	1.0000
HAMBI_0403_chrm01_circ_3319670	NP_Ct_r01_2019_02_25_L003	2	0.1164	0.0092	1.0000
HAMBI_0403_chrm01_circ_3866040	NP_Ct_r01_2016_10_11_L001-L004_merged	2	0.0000	0.0001	1.0000
HAMBI_0403_chrm01_circ_3866040	NP_Ct_r01_2016_12_05_L001-L004_merged	2	0.0000	0.0001	1.0000
HAMBI_0403_chrm01_circ_3866040	NP_Ct_r01_2017_02_06_L001-L004_merged	2	0.0000	0.0000	1.0000
HAMBI_0403_chrm01_circ_3866040	NP_Ct_r01_2017_03_06_L002	2	0.0000	0.0000	1.0000
HAMBI_0403_chrm01_circ_3866040	NP_Ct_r01_2017_04_03_L002	2	0.0000	0.0001	1.0000
HAMBI_0403_chrm01_circ_3866040	NP_Ct_r01_2017_08_21_L001	2	0.0000	0.0005	1.0000
HAMBI_0403_chrm01_circ_3866040	NP_Ct_r01_2017_09_18_L001	2	0.0000	0.0000	1.0000
HAMBI_0403_chrm01_circ_3866040	NP_Ct_r01_2017_11_14_L001-L004_merged	2	0.0000	0.0000	1.0000
HAMBI_0403_chrm01_circ_3866040	NP_Ct_r01_2018_03_06_L001	2	0.0000	0.0001	1.0000
HAMBI_0403_chrm01_circ_3866040	NP_Ct_r01_2018_06_26_L001	2	0.0117	0.0037	1.0000
HAMBI_0403_chrm01_circ_3866040	NP_Ct_r01_2018_07_24_L001	2	0.0508	0.0069	1.0000
HAMBI_0403_chrm01_circ_3866040	NP_Ct_r01_2018_08_21_L002	2	0.2813	0.0126	1.0000
HAMBI_0403_chrm01_circ_3866040	NP_Ct_r01_2018_09_18_L001	2	0.5206	0.0158	1.0000
HAMBI_0403_chrm01_circ_3866040	NP_Ct_r01_2018_10_16_L001	2	0.4689	0.0149	1.0000
HAMBI_0403_chrm01_circ_3866040	NP_Ct_r01_2018_11_13_L001	2	0.3363	0.0158	1.0000
HAMBI_0403_chrm01_circ_3866040	NP_Ct_r01_2018_12_11_L001	2	0.4609	0.0173	1.0000
HAMBI_0403_chrm01_circ_3866040	NP_Ct_r01_2019_02_04_L003	2	0.1403	0.0113	1.0000
HAMBI_0403_chrm01_circ_3866040	NP_Ct_r01_2019_02_25_L003	2	0.1164	0.0092	1.0000
HAMBI_0403_chrm01_circ_4206117	NP_Ct_r01_2016_10_11_L001-L004_merged	2	0.0000	0.0001	1.0000
HAMBI_0403_chrm01_circ_4206117	NP_Ct_r01_2016_12_05_L001-L004_merged	2	0.0000	0.0001	1.0000
HAMBI_0403_chrm01_circ_4206117	NP_Ct_r01_2017_02_06_L001-L004_merged	2	0.0000	0.0000	1.0000
HAMBI_0403_chrm01_circ_4206117	NP_Ct_r01_2017_03_06_L002	2	0.0000	0.0000	1.0000
HAMBI_0403_chrm01_circ_4206117	NP_Ct_r01_2017_04_03_L002	2	0.0000	0.0001	1.0000
HAMBI_0403_chrm01_circ_4206117	NP_Ct_r01_2017_08_21_L001	2	0.0000	0.0005	1.0000
HAMBI_0403_chrm01_circ_4206117	NP_Ct_r01_2017_09_18_L001	2	0.0000	0.0000	1.0000
HAMBI_0403_chrm01_circ_4206117	NP_Ct_r01_2017_11_14_L001-L004_merged	2	0.0000	0.0000	1.0000
HAMBI_0403_chrm01_circ_4206117	NP_Ct_r01_2018_03_06_L001	2	0.0000	0.0001	1.0000
HAMBI_0403_chrm01_circ_4206117	NP_Ct_r01_2018_06_26_L001	2	0.0117	0.0037	1.0000
HAMBI_0403_chrm01_circ_4206117	NP_Ct_r01_2018_07_24_L001	2	0.0508	0.0069	1.0000
HAMBI_0403_chrm01_circ_4206117	NP_Ct_r01_2018_08_21_L002	2	0.2813	0.0126	1.0000
HAMBI_0403_chrm01_circ_4206117	NP_Ct_r01_2018_09_18_L001	2	0.5206	0.0158	1.0000
HAMBI_0403_chrm01_circ_4206117	NP_Ct_r01_2018_10_16_L001	2	0.4689	0.0149	1.0000
HAMBI_0403_chrm01_circ_4206117	NP_Ct_r01_2018_11_13_L001	2	0.3363	0.0158	1.0000
HAMBI_0403_chrm01_circ_4206117	NP_Ct_r01_2018_12_11_L001	2	0.4609	0.0173	1.0000
HAMBI_0403_chrm01_circ_4206117	NP_Ct_r01_2019_02_04_L003	2	0.1403	0.0113	1.0000
HAMBI_0403_chrm01_circ_4206117	NP_Ct_r01_2019_02_25_L003	2	0.1164	0.0092	1.0000
HAMBI_0403_chrm01_circ_4781295	NP_Ct_r01_2016_10_11_L001-L004_merged	2	0.0000	0.0001	1.0000
HAMBI_0403_chrm01_circ_4781295	NP_Ct_r01_2016_12_05_L001-L004_merged	2	0.0000	0.0001	1.0000
HAMBI_0403_chrm01_circ_4781295	NP_Ct_r01_2017_02_06_L001-L004_merged	2	0.0000	0.0000	1.0000
HAMBI_0403_chrm01_circ_4781295	NP_Ct_r01_2017_03_06_L002	2	0.0000	0.0000	1.0000
HAMBI_0403_chrm01_circ_4781295	NP_Ct_r01_2017_04_03_L002	2	0.0000	0.0001	1.0000
HAMBI_0403_chrm01_circ_4781295	NP_Ct_r01_2017_08_21_L001	2	0.0000	0.0005	1.0000
HAMBI_0403_chrm01_circ_4781295	NP_Ct_r01_2017_09_18_L001	2	0.0000	0.0000	1.0000
HAMBI_0403_chrm01_circ_4781295	NP_Ct_r01_2017_11_14_L001-L004_merged	2	0.0000	0.0000	1.0000
HAMBI_0403_chrm01_circ_4781295	NP_Ct_r01_2018_03_06_L001	2	0.0000	0.0001	1.0000
HAMBI_0403_chrm01_circ_4781295	NP_Ct_r01_2018_06_26_L001	2	0.0117	0.0037	1.0000
HAMBI_0403_chrm01_circ_4781295	NP_Ct_r01_2018_07_24_L001	2	0.0508	0.0069	1.0000
HAMBI_0403_chrm01_circ_4781295	NP_Ct_r01_2018_08_21_L002	2	0.2813	0.0126	1.0000
HAMBI_0403_chrm01_circ_4781295	NP_Ct_r01_2018_09_18_L001	2	0.5206	0.0158	1.0000
HAMBI_0403_chrm01_circ_4781295	NP_Ct_r01_2018_10_16_L001	2	0.4689	0.0149	1.0000
HAMBI_0403_chrm01_circ_4781295	NP_Ct_r01_2018_11_13_L001	2	0.3363	0.0158	1.0000
HAMBI_0403_chrm01_circ_4781295	NP_Ct_r01_2018_12_11_L001	2	0.4609	0.0173	1.0000
HAMBI_0403_chrm01_circ_4781295	NP_Ct_r01_2019_02_04_L003	2	0.1403	0.0113	1.0000
HAMBI_0403_chrm01_circ_4781295	NP_Ct_r01_2019_02_25_L003	2	0.1164	0.0092	1.0000
HAMBI_0403_chrm01_circ_5488740	NP_Ct_r01_2016_10_11_L001-L004_merged	2	0.0000	0.0001	1.0000
HAMBI_0403_chrm01_circ_5488740	NP_Ct_r01_2016_12_05_L001-L004_merged	2	0.0000	0.0001	1.0000
HAMBI_0403_chrm01_circ_5488740	NP_Ct_r01_2017_02_06_L001-L004_merged	2	0.0000	0.0000	1.0000
HAMBI_0403_chrm01_circ_5488740	NP_Ct_r01_2017_03_06_L002	2	0.0000	0.0000	1.0000
HAMBI_0403_chrm01_circ_5488740	NP_Ct_r01_2017_04_03_L002	2	0.0000	0.0001	1.0000
HAMBI_0403_chrm01_circ_5488740	NP_Ct_r01_2017_08_21_L001	2	0.0000	0.0005	1.0000
HAMBI_0403_chrm01_circ_5488740	NP_Ct_r01_2017_09_18_L001	2	0.0000	0.0000	1.0000
HAMBI_0403_chrm01_circ_5488740	NP_Ct_r01_2017_11_14_L001-L004_merged	2	0.0000	0.0000	1.0000
HAMBI_0403_chrm01_circ_5488740	NP_Ct_r01_2018_03_06_L001	2	0.0000	0.0001	1.0000
HAMBI_0403_chrm01_circ_5488740	NP_Ct_r01_2018_06_26_L001	2	0.0117	0.0037	1.0000
HAMBI_0403_chrm01_circ_5488740	NP_Ct_r01_2018_07_24_L001	2	0.0508	0.0069	1.0000
HAMBI_0403_chrm01_circ_5488740	NP_Ct_r01_2018_08_21_L002	2	0.2813	0.0126	1.0000
HAMBI_0403_chrm01_circ_5488740	NP_Ct_r01_2018_09_18_L001	2	0.5206	0.0158	1.0000
HAMBI_0403_chrm01_circ_5488740	NP_Ct_r01_2018_10_16_L001	2	0.4689	0.0149	1.0000
HAMBI_0403_chrm01_circ_5488740	NP_Ct_r01_2018_11_13_L001	2	0.3363	0.0158	1.0000
HAMBI_0403_chrm01_circ_5488740	NP_Ct_r01_2018_12_11_L001	2	0.4609	0.0173	1.0000
HAMBI_0403_chrm01_circ_5488740	NP_Ct_r01_2019_02_04_L003	2	0.1403	0.0113	1.0000
HAMBI_0403_chrm01_circ_5488740	NP_Ct_r01_2019_02_25_L003	2	0.1164	0.0092	1.0000
HAMBI_0403_chrm01_circ_848535	NP_Ct_r01_2016_10_11_L001-L004_merged	2	0.0000	0.0001	1.0000
HAMBI_0403_chrm01_circ_848535	NP_Ct_r01_2016_12_05_L001-L004_merged	2	0.0000	0.0001	1.0000
HAMBI_0403_chrm01_circ_848535	NP_Ct_r01_2017_02_06_L001-L004_merged	2	0.0000	0.0000	1.0000
HAMBI_0403_chrm01_circ_848535	NP_Ct_r01_2017_03_06_L002	2	0.0000	0.0000	1.0000
HAMBI_0403_chrm01_circ_848535	NP_Ct_r01_2017_04_03_L002	2	0.0000	0.0001	1.0000
HAMBI_0403_chrm01_circ_848535	NP_Ct_r01_2017_08_21_L001	2	0.0000	0.0005	1.0000
HAMBI_0403_chrm01_circ_848535	NP_Ct_r01_2017_09_18_L001	2	0.0000	0.0000	1.0000
HAMBI_0403_chrm01_circ_848535	NP_Ct_r01_2017_11_14_L001-L004_merged	2	0.0000	0.0000	1.0000
HAMBI_0403_chrm01_circ_848535	NP_Ct_r01_2018_03_06_L001	2	0.0000	0.0001	1.0000
HAMBI_0403_chrm01_circ_848535	NP_Ct_r01_2018_06_26_L001	2	0.0117	0.0037	1.0000
HAMBI_0403_chrm01_circ_848535	NP_Ct_r01_2018_07_24_L001	2	0.0508	0.0069	1.0000
HAMBI_0403_chrm01_circ_848535	NP_Ct_r01_2018_08_21_L002	2	0.2813	0.0126	1.0000
HAMBI_0403_chrm01_circ_848535	NP_Ct_r01_2018_09_18_L001	2	0.5206	0.0158	1.0000
HAMBI_0403_chrm01_circ_848535	NP_Ct_r01_2018_10_16_L001	2	0.4689	0.0149	1.0000
HAMBI_0403_chrm01_circ_848535	NP_Ct_r01_2018_11_13_L001	2	0.3363	0.0158	1.0000
HAMBI_0403_chrm01_circ_848535	NP_Ct_r01_2018_12_11_L001	2	0.4609	0.0173	1.0000
HAMBI_0403_chrm01_circ_848535	NP_Ct_r01_2019_02_04_L003	2	0.1403	0.0113	1.0000
HAMBI_0403_chrm01_circ_848535	NP_Ct_r01_2019_02_25_L003	2	0.1164	0.0092	1.0000
HAMBI_0403_plas01_circ_27065	NP_Ct_r01_2016_10_11_L001-L004_merged	2	0.0000	0.0001	1.0000
HAMBI_0403_plas01_circ_27065	NP_Ct_r01_2016_12_05_L001-L004_merged	2	0.0000	0.0001	1.0000
HAMBI_0403_plas01_circ_27065	NP_Ct_r01_2017_02_06_L001-L004_merged	2	0.0000	0.0000	1.0000
HAMBI_0403_plas01_circ_27065	NP_Ct_r01_2017_03_06_L002	2	0.0000	0.0000	1.0000
HAMBI_0403_plas01_circ_27065	NP_Ct_r01_2017_04_03_L002	2	0.0000	0.0001	1.0000
HAMBI_0403_plas01_circ_27065	NP_Ct_r01_2017_08_21_L001	2	0.0000	0.0005	1.0000
HAMBI_0403_plas01_circ_27065	NP_Ct_r01_2017_09_18_L001	2	0.0000	0.0000	1.0000
HAMBI_0403_plas01_circ_27065	NP_Ct_r01_2017_11_14_L001-L004_merged	2	0.0000	0.0000	1.0000
HAMBI_0403_plas01_circ_27065	NP_Ct_r01_2018_03_06_L001	2	0.0000	0.0001	1.0000
HAMBI_0403_plas01_circ_27065	NP_Ct_r01_2018_06_26_L001	2	0.0117	0.0037	1.0000
HAMBI_0403_plas01_circ_27065	NP_Ct_r01_2018_07_24_L001	2	0.0508	0.0069	1.0000
HAMBI_0403_plas01_circ_27065	NP_Ct_r01_2018_08_21_L002	2	0.2813	0.0126	1.0000
HAMBI_0403_plas01_circ_27065	NP_Ct_r01_2018_09_18_L001	2	0.5206	0.0158	1.0000
HAMBI_0403_plas01_circ_27065	NP_Ct_r01_2018_10_16_L001	2	0.4689	0.0149	1.0000
HAMBI_0403_plas01_circ_27065	NP_Ct_r01_2018_11_13_L001	2	0.3363	0.0158	1.0000
HAMBI_0403_plas01_circ_27065	NP_Ct_r01_2018_12_11_L001	2	0.4609	0.0173	1.0000
HAMBI_0403_plas01_circ_27065	NP_Ct_r01_2019_02_04_L003	2	0.1403	0.0113	1.0000
HAMBI_0403_plas01_circ_27065	NP_Ct_r01_2019_02_25_L003	2	0.1164	0.0092	1.0000
HAMBI_0403_chrm01_circ_1087633	NP_Ct_r01_2016_10_11_L001-L004_merged	3	0.0000	0.0000	1.0000
HAMBI_0403_chrm01_circ_1087633	NP_Ct_r01_2016_12_05_L001-L004_merged	3	0.0000	0.0000	1.0000
HAMBI_0403_chrm01_circ_1087633	NP_Ct_r01_2017_02_06_L001-L004_merged	3	0.0000	0.0000	1.0000
HAMBI_0403_chrm01_circ_1087633	NP_Ct_r01_2017_03_06_L002	3	0.0000	0.0000	1.0000
HAMBI_0403_chrm01_circ_1087633	NP_Ct_r01_2017_04_03_L002	3	0.0000	0.0000	1.0000
HAMBI_0403_chrm01_circ_1087633	NP_Ct_r01_2017_08_21_L001	3	0.0000	0.0000	1.0000
HAMBI_0403_chrm01_circ_1087633	NP_Ct_r01_2017_09_18_L001	3	0.0101	0.0000	1.0000
HAMBI_0403_chrm01_circ_1087633	NP_Ct_r01_2017_11_14_L001-L004_merged	3	0.0101	0.0000	1.0000
HAMBI_0403_chrm01_circ_1087633	NP_Ct_r01_2018_03_06_L001	3	0.0000	0.0000	1.0000
HAMBI_0403_chrm01_circ_1087633	NP_Ct_r01_2018_06_26_L001	3	0.0303	0.0003	1.0000
HAMBI_0403_chrm01_circ_1087633	NP_Ct_r01_2018_07_24_L001	3	0.0404	0.0001	1.0000
HAMBI_0403_chrm01_circ_1087633	NP_Ct_r01_2018_08_21_L002	3	0.0303	0.0000	1.0000
HAMBI_0403_chrm01_circ_1087633	NP_Ct_r01_2018_09_18_L001	3	0.0202	0.0000	1.0000
HAMBI_0403_chrm01_circ_1087633	NP_Ct_r01_2018_10_16_L001	3	0.0202	0.0000	1.0000
HAMBI_0403_chrm01_circ_1087633	NP_Ct_r01_2018_11_13_L001	3	0.0705	0.0016	1.0000
HAMBI_0403_chrm01_circ_1087633	NP_Ct_r01_2018_12_11_L001	3	0.1074	0.0049	1.0000
HAMBI_0403_chrm01_circ_1087633	NP_Ct_r01_2019_02_04_L003	3	0.2169	0.0052	1.0000
HAMBI_0403_chrm01_circ_1087633	NP_Ct_r01_2019_02_25_L003	3	0.2224	0.0028	1.0000
HAMBI_0403_chrm01_circ_1179102	NP_Ct_r01_2016_10_11_L001-L004_merged	3	0.0000	0.0000	1.0000
HAMBI_0403_chrm01_circ_1179102	NP_Ct_r01_2016_12_05_L001-L004_merged	3	0.0000	0.0000	1.0000
HAMBI_0403_chrm01_circ_1179102	NP_Ct_r01_2017_02_06_L001-L004_merged	3	0.0000	0.0000	1.0000
HAMBI_0403_chrm01_circ_1179102	NP_Ct_r01_2017_03_06_L002	3	0.0000	0.0000	1.0000
HAMBI_0403_chrm01_circ_1179102	NP_Ct_r01_2017_04_03_L002	3	0.0000	0.0000	1.0000
HAMBI_0403_chrm01_circ_1179102	NP_Ct_r01_2017_08_21_L001	3	0.0000	0.0000	1.0000
HAMBI_0403_chrm01_circ_1179102	NP_Ct_r01_2017_09_18_L001	3	0.0101	0.0000	1.0000
HAMBI_0403_chrm01_circ_1179102	NP_Ct_r01_2017_11_14_L001-L004_merged	3	0.0101	0.0000	1.0000
HAMBI_0403_chrm01_circ_1179102	NP_Ct_r01_2018_03_06_L001	3	0.0000	0.0000	1.0000
HAMBI_0403_chrm01_circ_1179102	NP_Ct_r01_2018_06_26_L001	3	0.0303	0.0003	1.0000
HAMBI_0403_chrm01_circ_1179102	NP_Ct_r01_2018_07_24_L001	3	0.0404	0.0001	1.0000
HAMBI_0403_chrm01_circ_1179102	NP_Ct_r01_2018_08_21_L002	3	0.0303	0.0000	1.0000
HAMBI_0403_chrm01_circ_1179102	NP_Ct_r01_2018_09_18_L001	3	0.0202	0.0000	1.0000
HAMBI_0403_chrm01_circ_1179102	NP_Ct_r01_2018_10_16_L001	3	0.0202	0.0000	1.0000
HAMBI_0403_chrm01_circ_1179102	NP_Ct_r01_2018_11_13_L001	3	0.0705	0.0016	1.0000
HAMBI_0403_chrm01_circ_1179102	NP_Ct_r01_2018_12_11_L001	3	0.1074	0.0049	1.0000
HAMBI_0403_chrm01_circ_1179102	NP_Ct_r01_2019_02_04_L003	3	0.2169	0.0052	1.0000
HAMBI_0403_chrm01_circ_1179102	NP_Ct_r01_2019_02_25_L003	3	0.2224	0.0028	1.0000
HAMBI_0403_chrm01_circ_1204312	NP_Ct_r01_2016_10_11_L001-L004_merged	3	0.0000	0.0000	1.0000
HAMBI_0403_chrm01_circ_1204312	NP_Ct_r01_2016_12_05_L001-L004_merged	3	0.0000	0.0000	1.0000
HAMBI_0403_chrm01_circ_1204312	NP_Ct_r01_2017_02_06_L001-L004_merged	3	0.0000	0.0000	1.0000
HAMBI_0403_chrm01_circ_1204312	NP_Ct_r01_2017_03_06_L002	3	0.0000	0.0000	1.0000
HAMBI_0403_chrm01_circ_1204312	NP_Ct_r01_2017_04_03_L002	3	0.0000	0.0000	1.0000
HAMBI_0403_chrm01_circ_1204312	NP_Ct_r01_2017_08_21_L001	3	0.0000	0.0000	1.0000
HAMBI_0403_chrm01_circ_1204312	NP_Ct_r01_2017_09_18_L001	3	0.0101	0.0000	1.0000
HAMBI_0403_chrm01_circ_1204312	NP_Ct_r01_2017_11_14_L001-L004_merged	3	0.0101	0.0000	1.0000
HAMBI_0403_chrm01_circ_1204312	NP_Ct_r01_2018_03_06_L001	3	0.0000	0.0000	1.0000
HAMBI_0403_chrm01_circ_1204312	NP_Ct_r01_2018_06_26_L001	3	0.0303	0.0003	1.0000
HAMBI_0403_chrm01_circ_1204312	NP_Ct_r01_2018_07_24_L001	3	0.0404	0.0001	1.0000
HAMBI_0403_chrm01_circ_1204312	NP_Ct_r01_2018_08_21_L002	3	0.0303	0.0000	1.0000
HAMBI_0403_chrm01_circ_1204312	NP_Ct_r01_2018_09_18_L001	3	0.0202	0.0000	1.0000
HAMBI_0403_chrm01_circ_1204312	NP_Ct_r01_2018_10_16_L001	3	0.0202	0.0000	1.0000
HAMBI_0403_chrm01_circ_1204312	NP_Ct_r01_2018_11_13_L001	3	0.0705	0.0016	1.0000
HAMBI_0403_chrm01_circ_1204312	NP_Ct_r01_2018_12_11_L001	3	0.1074	0.0049	1.0000
HAMBI_0403_chrm01_circ_1204312	NP_Ct_r01_2019_02_04_L003	3	0.2169	0.0052	1.0000
HAMBI_0403_chrm01_circ_1204312	NP_Ct_r01_2019_02_25_L003	3	0.2224	0.0028	1.0000
HAMBI_0403_chrm01_circ_1208537	NP_Ct_r01_2016_10_11_L001-L004_merged	3	0.0000	0.0000	1.0000
HAMBI_0403_chrm01_circ_1208537	NP_Ct_r01_2016_12_05_L001-L004_merged	3	0.0000	0.0000	1.0000
HAMBI_0403_chrm01_circ_1208537	NP_Ct_r01_2017_02_06_L001-L004_merged	3	0.0000	0.0000	1.0000
HAMBI_0403_chrm01_circ_1208537	NP_Ct_r01_2017_03_06_L002	3	0.0000	0.0000	1.0000
HAMBI_0403_chrm01_circ_1208537	NP_Ct_r01_2017_04_03_L002	3	0.0000	0.0000	1.0000
HAMBI_0403_chrm01_circ_1208537	NP_Ct_r01_2017_08_21_L001	3	0.0000	0.0000	1.0000
HAMBI_0403_chrm01_circ_1208537	NP_Ct_r01_2017_09_18_L001	3	0.0101	0.0000	1.0000
HAMBI_0403_chrm01_circ_1208537	NP_Ct_r01_2017_11_14_L001-L004_merged	3	0.0101	0.0000	1.0000
HAMBI_0403_chrm01_circ_1208537	NP_Ct_r01_2018_03_06_L001	3	0.0000	0.0000	1.0000
HAMBI_0403_chrm01_circ_1208537	NP_Ct_r01_2018_06_26_L001	3	0.0303	0.0003	1.0000
HAMBI_0403_chrm01_circ_1208537	NP_Ct_r01_2018_07_24_L001	3	0.0404	0.0001	1.0000
HAMBI_0403_chrm01_circ_1208537	NP_Ct_r01_2018_08_21_L002	3	0.0303	0.0000	1.0000
HAMBI_0403_chrm01_circ_1208537	NP_Ct_r01_2018_09_18_L001	3	0.0202	0.0000	1.0000
HAMBI_0403_chrm01_circ_1208537	NP_Ct_r01_2018_10_16_L001	3	0.0202	0.0000	1.0000
HAMBI_0403_chrm01_circ_1208537	NP_Ct_r01_2018_11_13_L001	3	0.0705	0.0016	1.0000
HAMBI_0403_chrm01_circ_1208537	NP_Ct_r01_2018_12_11_L001	3	0.1074	0.0049	1.0000
HAMBI_0403_chrm01_circ_1208537	NP_Ct_r01_2019_02_04_L003	3	0.2169	0.0052	1.0000
HAMBI_0403_chrm01_circ_1208537	NP_Ct_r01_2019_02_25_L003	3	0.2224	0.0028	1.0000
HAMBI_0403_chrm01_circ_1220169	NP_Ct_r01_2016_10_11_L001-L004_merged	3	0.0000	0.0000	1.0000
HAMBI_0403_chrm01_circ_1220169	NP_Ct_r01_2016_12_05_L001-L004_merged	3	0.0000	0.0000	1.0000
HAMBI_0403_chrm01_circ_1220169	NP_Ct_r01_2017_02_06_L001-L004_merged	3	0.0000	0.0000	1.0000
HAMBI_0403_chrm01_circ_1220169	NP_Ct_r01_2017_03_06_L002	3	0.0000	0.0000	1.0000
HAMBI_0403_chrm01_circ_1220169	NP_Ct_r01_2017_04_03_L002	3	0.0000	0.0000	1.0000
HAMBI_0403_chrm01_circ_1220169	NP_Ct_r01_2017_08_21_L001	3	0.0000	0.0000	1.0000
HAMBI_0403_chrm01_circ_1220169	NP_Ct_r01_2017_09_18_L001	3	0.0101	0.0000	1.0000
HAMBI_0403_chrm01_circ_1220169	NP_Ct_r01_2017_11_14_L001-L004_merged	3	0.0101	0.0000	1.0000
HAMBI_0403_chrm01_circ_1220169	NP_Ct_r01_2018_03_06_L001	3	0.0000	0.0000	1.0000
HAMBI_0403_chrm01_circ_1220169	NP_Ct_r01_2018_06_26_L001	3	0.0303	0.0003	1.0000
HAMBI_0403_chrm01_circ_1220169	NP_Ct_r01_2018_07_24_L001	3	0.0404	0.0001	1.0000
HAMBI_0403_chrm01_circ_1220169	NP_Ct_r01_2018_08_21_L002	3	0.0303	0.0000	1.0000
HAMBI_0403_chrm01_circ_1220169	NP_Ct_r01_2018_09_18_L001	3	0.0202	0.0000	1.0000
HAMBI_0403_chrm01_circ_1220169	NP_Ct_r01_2018_10_16_L001	3	0.0202	0.0000	1.0000
HAMBI_0403_chrm01_circ_1220169	NP_Ct_r01_2018_11_13_L001	3	0.0705	0.0016	1.0000
HAMBI_0403_chrm01_circ_1220169	NP_Ct_r01_2018_12_11_L001	3	0.1074	0.0049	1.0000
HAMBI_0403_chrm01_circ_1220169	NP_Ct_r01_2019_02_04_L003	3	0.2169	0.0052	1.0000
HAMBI_0403_chrm01_circ_1220169	NP_Ct_r01_2019_02_25_L003	3	0.2224	0.0028	1.0000
HAMBI_0403_chrm01_circ_1274492	NP_Ct_r01_2016_10_11_L001-L004_merged	3	0.0000	0.0000	1.0000
HAMBI_0403_chrm01_circ_1274492	NP_Ct_r01_2016_12_05_L001-L004_merged	3	0.0000	0.0000	1.0000
HAMBI_0403_chrm01_circ_1274492	NP_Ct_r01_2017_02_06_L001-L004_merged	3	0.0000	0.0000	1.0000
HAMBI_0403_chrm01_circ_1274492	NP_Ct_r01_2017_03_06_L002	3	0.0000	0.0000	1.0000
HAMBI_0403_chrm01_circ_1274492	NP_Ct_r01_2017_04_03_L002	3	0.0000	0.0000	1.0000
HAMBI_0403_chrm01_circ_1274492	NP_Ct_r01_2017_08_21_L001	3	0.0000	0.0000	1.0000
HAMBI_0403_chrm01_circ_1274492	NP_Ct_r01_2017_09_18_L001	3	0.0101	0.0000	1.0000
HAMBI_0403_chrm01_circ_1274492	NP_Ct_r01_2017_11_14_L001-L004_merged	3	0.0101	0.0000	1.0000
HAMBI_0403_chrm01_circ_1274492	NP_Ct_r01_2018_03_06_L001	3	0.0000	0.0000	1.0000
HAMBI_0403_chrm01_circ_1274492	NP_Ct_r01_2018_06_26_L001	3	0.0303	0.0003	1.0000
HAMBI_0403_chrm01_circ_1274492	NP_Ct_r01_2018_07_24_L001	3	0.0404	0.0001	1.0000
HAMBI_0403_chrm01_circ_1274492	NP_Ct_r01_2018_08_21_L002	3	0.0303	0.0000	1.0000
HAMBI_0403_chrm01_circ_1274492	NP_Ct_r01_2018_09_18_L001	3	0.0202	0.0000	1.0000
HAMBI_0403_chrm01_circ_1274492	NP_Ct_r01_2018_10_16_L001	3	0.0202	0.0000	1.0000
HAMBI_0403_chrm01_circ_1274492	NP_Ct_r01_2018_11_13_L001	3	0.0705	0.0016	1.0000
HAMBI_0403_chrm01_circ_1274492	NP_Ct_r01_2018_12_11_L001	3	0.1074	0.0049	1.0000
HAMBI_0403_chrm01_circ_1274492	NP_Ct_r01_2019_02_04_L003	3	0.2169	0.0052	1.0000
HAMBI_0403_chrm01_circ_1274492	NP_Ct_r01_2019_02_25_L003	3	0.2224	0.0028	1.0000
HAMBI_0403_chrm01_circ_1512989	NP_Ct_r01_2016_10_11_L001-L004_merged	3	0.0000	0.0000	1.0000
HAMBI_0403_chrm01_circ_1512989	NP_Ct_r01_2016_12_05_L001-L004_merged	3	0.0000	0.0000	1.0000
HAMBI_0403_chrm01_circ_1512989	NP_Ct_r01_2017_02_06_L001-L004_merged	3	0.0000	0.0000	1.0000
HAMBI_0403_chrm01_circ_1512989	NP_Ct_r01_2017_03_06_L002	3	0.0000	0.0000	1.0000
HAMBI_0403_chrm01_circ_1512989	NP_Ct_r01_2017_04_03_L002	3	0.0000	0.0000	1.0000
HAMBI_0403_chrm01_circ_1512989	NP_Ct_r01_2017_08_21_L001	3	0.0000	0.0000	1.0000
HAMBI_0403_chrm01_circ_1512989	NP_Ct_r01_2017_09_18_L001	3	0.0101	0.0000	1.0000
HAMBI_0403_chrm01_circ_1512989	NP_Ct_r01_2017_11_14_L001-L004_merged	3	0.0101	0.0000	1.0000
HAMBI_0403_chrm01_circ_1512989	NP_Ct_r01_2018_03_06_L001	3	0.0000	0.0000	1.0000
HAMBI_0403_chrm01_circ_1512989	NP_Ct_r01_2018_06_26_L001	3	0.0303	0.0003	1.0000
HAMBI_0403_chrm01_circ_1512989	NP_Ct_r01_2018_07_24_L001	3	0.0404	0.0001	1.0000
HAMBI_0403_chrm01_circ_1512989	NP_Ct_r01_2018_08_21_L002	3	0.0303	0.0000	1.0000
HAMBI_0403_chrm01_circ_1512989	NP_Ct_r01_2018_09_18_L001	3	0.0202	0.0000	1.0000
HAMBI_0403_chrm01_circ_1512989	NP_Ct_r01_2018_10_16_L001	3	0.0202	0.0000	1.0000
HAMBI_0403_chrm01_circ_1512989	NP_Ct_r01_2018_11_13_L001	3	0.0705	0.0016	1.0000
HAMBI_0403_chrm01_circ_1512989	NP_Ct_r01_2018_12_11_L001	3	0.1074	0.0049	1.0000
HAMBI_0403_chrm01_circ_1512989	NP_Ct_r01_2019_02_04_L003	3	0.2169	0.0052	1.0000
HAMBI_0403_chrm01_circ_1512989	NP_Ct_r01_2019_02_25_L003	3	0.2224	0.0028	1.0000
HAMBI_0403_chrm01_circ_1531856	NP_Ct_r01_2016_10_11_L001-L004_merged	3	0.0000	0.0000	1.0000
HAMBI_0403_chrm01_circ_1531856	NP_Ct_r01_2016_12_05_L001-L004_merged	3	0.0000	0.0000	1.0000
HAMBI_0403_chrm01_circ_1531856	NP_Ct_r01_2017_02_06_L001-L004_merged	3	0.0000	0.0000	1.0000
HAMBI_0403_chrm01_circ_1531856	NP_Ct_r01_2017_03_06_L002	3	0.0000	0.0000	1.0000
HAMBI_0403_chrm01_circ_1531856	NP_Ct_r01_2017_04_03_L002	3	0.0000	0.0000	1.0000
HAMBI_0403_chrm01_circ_1531856	NP_Ct_r01_2017_08_21_L001	3	0.0000	0.0000	1.0000
HAMBI_0403_chrm01_circ_1531856	NP_Ct_r01_2017_09_18_L001	3	0.0101	0.0000	1.0000
HAMBI_0403_chrm01_circ_1531856	NP_Ct_r01_2017_11_14_L001-L004_merged	3	0.0101	0.0000	1.0000
HAMBI_0403_chrm01_circ_1531856	NP_Ct_r01_2018_03_06_L001	3	0.0000	0.0000	1.0000
HAMBI_0403_chrm01_circ_1531856	NP_Ct_r01_2018_06_26_L001	3	0.0303	0.0003	1.0000
HAMBI_0403_chrm01_circ_1531856	NP_Ct_r01_2018_07_24_L001	3	0.0404	0.0001	1.0000
HAMBI_0403_chrm01_circ_1531856	NP_Ct_r01_2018_08_21_L002	3	0.0303	0.0000	1.0000
HAMBI_0403_chrm01_circ_1531856	NP_Ct_r01_2018_09_18_L001	3	0.0202	0.0000	1.0000
HAMBI_0403_chrm01_circ_1531856	NP_Ct_r01_2018_10_16_L001	3	0.0202	0.0000	1.0000
HAMBI_0403_chrm01_circ_1531856	NP_Ct_r01_2018_11_13_L001	3	0.0705	0.0016	1.0000
HAMBI_0403_chrm01_circ_1531856	NP_Ct_r01_2018_12_11_L001	3	0.1074	0.0049	1.0000
HAMBI_0403_chrm01_circ_1531856	NP_Ct_r01_2019_02_04_L003	3	0.2169	0.0052	1.0000
HAMBI_0403_chrm01_circ_1531856	NP_Ct_r01_2019_02_25_L003	3	0.2224	0.0028	1.0000
HAMBI_0403_chrm01_circ_1584852	NP_Ct_r01_2016_10_11_L001-L004_merged	3	0.0000	0.0000	1.0000
HAMBI_0403_chrm01_circ_1584852	NP_Ct_r01_2016_12_05_L001-L004_merged	3	0.0000	0.0000	1.0000
HAMBI_0403_chrm01_circ_1584852	NP_Ct_r01_2017_02_06_L001-L004_merged	3	0.0000	0.0000	1.0000
HAMBI_0403_chrm01_circ_1584852	NP_Ct_r01_2017_03_06_L002	3	0.0000	0.0000	1.0000
HAMBI_0403_chrm01_circ_1584852	NP_Ct_r01_2017_04_03_L002	3	0.0000	0.0000	1.0000
HAMBI_0403_chrm01_circ_1584852	NP_Ct_r01_2017_08_21_L001	3	0.0000	0.0000	1.0000
HAMBI_0403_chrm01_circ_1584852	NP_Ct_r01_2017_09_18_L001	3	0.0101	0.0000	1.0000
HAMBI_0403_chrm01_circ_1584852	NP_Ct_r01_2017_11_14_L001-L004_merged	3	0.0101	0.0000	1.0000
HAMBI_0403_chrm01_circ_1584852	NP_Ct_r01_2018_03_06_L001	3	0.0000	0.0000	1.0000
HAMBI_0403_chrm01_circ_1584852	NP_Ct_r01_2018_06_26_L001	3	0.0303	0.0003	1.0000
HAMBI_0403_chrm01_circ_1584852	NP_Ct_r01_2018_07_24_L001	3	0.0404	0.0001	1.0000
HAMBI_0403_chrm01_circ_1584852	NP_Ct_r01_2018_08_21_L002	3	0.0303	0.0000	1.0000
HAMBI_0403_chrm01_circ_1584852	NP_Ct_r01_2018_09_18_L001	3	0.0202	0.0000	1.0000
HAMBI_0403_chrm01_circ_1584852	NP_Ct_r01_2018_10_16_L001	3	0.0202	0.0000	1.0000
HAMBI_0403_chrm01_circ_1584852	NP_Ct_r01_2018_11_13_L001	3	0.0705	0.0016	1.0000
HAMBI_0403_chrm01_circ_1584852	NP_Ct_r01_2018_12_11_L001	3	0.1074	0.0049	1.0000
HAMBI_0403_chrm01_circ_1584852	NP_Ct_r01_2019_02_04_L003	3	0.2169	0.0052	1.0000
HAMBI_0403_chrm01_circ_1584852	NP_Ct_r01_2019_02_25_L003	3	0.2224	0.0028	1.0000
HAMBI_0403_chrm01_circ_162518	NP_Ct_r01_2016_10_11_L001-L004_merged	3	0.0000	0.0000	1.0000
HAMBI_0403_chrm01_circ_162518	NP_Ct_r01_2016_12_05_L001-L004_merged	3	0.0000	0.0000	1.0000
HAMBI_0403_chrm01_circ_162518	NP_Ct_r01_2017_02_06_L001-L004_merged	3	0.0000	0.0000	1.0000
HAMBI_0403_chrm01_circ_162518	NP_Ct_r01_2017_03_06_L002	3	0.0000	0.0000	1.0000
HAMBI_0403_chrm01_circ_162518	NP_Ct_r01_2017_04_03_L002	3	0.0000	0.0000	1.0000
HAMBI_0403_chrm01_circ_162518	NP_Ct_r01_2017_08_21_L001	3	0.0000	0.0000	1.0000
HAMBI_0403_chrm01_circ_162518	NP_Ct_r01_2017_09_18_L001	3	0.0101	0.0000	1.0000
HAMBI_0403_chrm01_circ_162518	NP_Ct_r01_2017_11_14_L001-L004_merged	3	0.0101	0.0000	1.0000
HAMBI_0403_chrm01_circ_162518	NP_Ct_r01_2018_03_06_L001	3	0.0000	0.0000	1.0000
HAMBI_0403_chrm01_circ_162518	NP_Ct_r01_2018_06_26_L001	3	0.0303	0.0003	1.0000
HAMBI_0403_chrm01_circ_162518	NP_Ct_r01_2018_07_24_L001	3	0.0404	0.0001	1.0000
HAMBI_0403_chrm01_circ_162518	NP_Ct_r01_2018_08_21_L002	3	0.0303	0.0000	1.0000
HAMBI_0403_chrm01_circ_162518	NP_Ct_r01_2018_09_18_L001	3	0.0202	0.0000	1.0000
HAMBI_0403_chrm01_circ_162518	NP_Ct_r01_2018_10_16_L001	3	0.0202	0.0000	1.0000
HAMBI_0403_chrm01_circ_162518	NP_Ct_r01_2018_11_13_L001	3	0.0705	0.0016	1.0000
HAMBI_0403_chrm01_circ_162518	NP_Ct_r01_2018_12_11_L001	3	0.1074	0.0049	1.0000
HAMBI_0403_chrm01_circ_162518	NP_Ct_r01_2019_02_04_L003	3	0.2169	0.0052	1.0000
HAMBI_0403_chrm01_circ_162518	NP_Ct_r01_2019_02_25_L003	3	0.2224	0.0028	1.0000
HAMBI_0403_chrm01_circ_1631016	NP_Ct_r01_2016_10_11_L001-L004_merged	3	0.0000	0.0000	1.0000
HAMBI_0403_chrm01_circ_1631016	NP_Ct_r01_2016_12_05_L001-L004_merged	3	0.0000	0.0000	1.0000
HAMBI_0403_chrm01_circ_1631016	NP_Ct_r01_2017_02_06_L001-L004_merged	3	0.0000	0.0000	1.0000
HAMBI_0403_chrm01_circ_1631016	NP_Ct_r01_2017_03_06_L002	3	0.0000	0.0000	1.0000
HAMBI_0403_chrm01_circ_1631016	NP_Ct_r01_2017_04_03_L002	3	0.0000	0.0000	1.0000
HAMBI_0403_chrm01_circ_1631016	NP_Ct_r01_2017_08_21_L001	3	0.0000	0.0000	1.0000
HAMBI_0403_chrm01_circ_1631016	NP_Ct_r01_2017_09_18_L001	3	0.0101	0.0000	1.0000
HAMBI_0403_chrm01_circ_1631016	NP_Ct_r01_2017_11_14_L001-L004_merged	3	0.0101	0.0000	1.0000
HAMBI_0403_chrm01_circ_1631016	NP_Ct_r01_2018_03_06_L001	3	0.0000	0.0000	1.0000
HAMBI_0403_chrm01_circ_1631016	NP_Ct_r01_2018_06_26_L001	3	0.0303	0.0003	1.0000
HAMBI_0403_chrm01_circ_1631016	NP_Ct_r01_2018_07_24_L001	3	0.0404	0.0001	1.0000
HAMBI_0403_chrm01_circ_1631016	NP_Ct_r01_2018_08_21_L002	3	0.0303	0.0000	1.0000
HAMBI_0403_chrm01_circ_1631016	NP_Ct_r01_2018_09_18_L001	3	0.0202	0.0000	1.0000
HAMBI_0403_chrm01_circ_1631016	NP_Ct_r01_2018_10_16_L001	3	0.0202	0.0000	1.0000
HAMBI_0403_chrm01_circ_1631016	NP_Ct_r01_2018_11_13_L001	3	0.0705	0.0016	1.0000
HAMBI_0403_chrm01_circ_1631016	NP_Ct_r01_2018_12_11_L001	3	0.1074	0.0049	1.0000
HAMBI_0403_chrm01_circ_1631016	NP_Ct_r01_2019_02_04_L003	3	0.2169	0.0052	1.0000
HAMBI_0403_chrm01_circ_1631016	NP_Ct_r01_2019_02_25_L003	3	0.2224	0.0028	1.0000
HAMBI_0403_chrm01_circ_1655504	NP_Ct_r01_2016_10_11_L001-L004_merged	3	0.0000	0.0000	1.0000
HAMBI_0403_chrm01_circ_1655504	NP_Ct_r01_2016_12_05_L001-L004_merged	3	0.0000	0.0000	1.0000
HAMBI_0403_chrm01_circ_1655504	NP_Ct_r01_2017_02_06_L001-L004_merged	3	0.0000	0.0000	1.0000
HAMBI_0403_chrm01_circ_1655504	NP_Ct_r01_2017_03_06_L002	3	0.0000	0.0000	1.0000
HAMBI_0403_chrm01_circ_1655504	NP_Ct_r01_2017_04_03_L002	3	0.0000	0.0000	1.0000
HAMBI_0403_chrm01_circ_1655504	NP_Ct_r01_2017_08_21_L001	3	0.0000	0.0000	1.0000
HAMBI_0403_chrm01_circ_1655504	NP_Ct_r01_2017_09_18_L001	3	0.0101	0.0000	1.0000
HAMBI_0403_chrm01_circ_1655504	NP_Ct_r01_2017_11_14_L001-L004_merged	3	0.0101	0.0000	1.0000
HAMBI_0403_chrm01_circ_1655504	NP_Ct_r01_2018_03_06_L001	3	0.0000	0.0000	1.0000
HAMBI_0403_chrm01_circ_1655504	NP_Ct_r01_2018_06_26_L001	3	0.0303	0.0003	1.0000
HAMBI_0403_chrm01_circ_1655504	NP_Ct_r01_2018_07_24_L001	3	0.0404	0.0001	1.0000
HAMBI_0403_chrm01_circ_1655504	NP_Ct_r01_2018_08_21_L002	3	0.0303	0.0000	1.0000
HAMBI_0403_chrm01_circ_1655504	NP_Ct_r01_2018_09_18_L001	3	0.0202	0.0000	1.0000
HAMBI_0403_chrm01_circ_1655504	NP_Ct_r01_2018_10_16_L001	3	0.0202	0.0000	1.0000
HAMBI_0403_chrm01_circ_1655504	NP_Ct_r01_2018_11_13_L001	3	0.0705	0.0016	1.0000
HAMBI_0403_chrm01_circ_1655504	NP_Ct_r01_2018_12_11_L001	3	0.1074	0.0049	1.0000
HAMBI_0403_chrm01_circ_1655504	NP_Ct_r01_2019_02_04_L003	3	0.2169	0.0052	1.0000
HAMBI_0403_chrm01_circ_1655504	NP_Ct_r01_2019_02_25_L003	3	0.2224	0.0028	1.0000
HAMBI_0403_chrm01_circ_1964254	NP_Ct_r01_2016_10_11_L001-L004_merged	3	0.0000	0.0000	1.0000
HAMBI_0403_chrm01_circ_1964254	NP_Ct_r01_2016_12_05_L001-L004_merged	3	0.0000	0.0000	1.0000
HAMBI_0403_chrm01_circ_1964254	NP_Ct_r01_2017_02_06_L001-L004_merged	3	0.0000	0.0000	1.0000
HAMBI_0403_chrm01_circ_1964254	NP_Ct_r01_2017_03_06_L002	3	0.0000	0.0000	1.0000
HAMBI_0403_chrm01_circ_1964254	NP_Ct_r01_2017_04_03_L002	3	0.0000	0.0000	1.0000
HAMBI_0403_chrm01_circ_1964254	NP_Ct_r01_2017_08_21_L001	3	0.0000	0.0000	1.0000
HAMBI_0403_chrm01_circ_1964254	NP_Ct_r01_2017_09_18_L001	3	0.0101	0.0000	1.0000
HAMBI_0403_chrm01_circ_1964254	NP_Ct_r01_2017_11_14_L001-L004_merged	3	0.0101	0.0000	1.0000
HAMBI_0403_chrm01_circ_1964254	NP_Ct_r01_2018_03_06_L001	3	0.0000	0.0000	1.0000
HAMBI_0403_chrm01_circ_1964254	NP_Ct_r01_2018_06_26_L001	3	0.0303	0.0003	1.0000
HAMBI_0403_chrm01_circ_1964254	NP_Ct_r01_2018_07_24_L001	3	0.0404	0.0001	1.0000
HAMBI_0403_chrm01_circ_1964254	NP_Ct_r01_2018_08_21_L002	3	0.0303	0.0000	1.0000
HAMBI_0403_chrm01_circ_1964254	NP_Ct_r01_2018_09_18_L001	3	0.0202	0.0000	1.0000
HAMBI_0403_chrm01_circ_1964254	NP_Ct_r01_2018_10_16_L001	3	0.0202	0.0000	1.0000
HAMBI_0403_chrm01_circ_1964254	NP_Ct_r01_2018_11_13_L001	3	0.0705	0.0016	1.0000
HAMBI_0403_chrm01_circ_1964254	NP_Ct_r01_2018_12_11_L001	3	0.1074	0.0049	1.0000
HAMBI_0403_chrm01_circ_1964254	NP_Ct_r01_2019_02_04_L003	3	0.2169	0.0052	1.0000
HAMBI_0403_chrm01_circ_1964254	NP_Ct_r01_2019_02_25_L003	3	0.2224	0.0028	1.0000
HAMBI_0403_chrm01_circ_19727	NP_Ct_r01_2016_10_11_L001-L004_merged	3	0.0000	0.0000	1.0000
HAMBI_0403_chrm01_circ_19727	NP_Ct_r01_2016_12_05_L001-L004_merged	3	0.0000	0.0000	1.0000
HAMBI_0403_chrm01_circ_19727	NP_Ct_r01_2017_02_06_L001-L004_merged	3	0.0000	0.0000	1.0000
HAMBI_0403_chrm01_circ_19727	NP_Ct_r01_2017_03_06_L002	3	0.0000	0.0000	1.0000
HAMBI_0403_chrm01_circ_19727	NP_Ct_r01_2017_04_03_L002	3	0.0000	0.0000	1.0000
HAMBI_0403_chrm01_circ_19727	NP_Ct_r01_2017_08_21_L001	3	0.0000	0.0000	1.0000
HAMBI_0403_chrm01_circ_19727	NP_Ct_r01_2017_09_18_L001	3	0.0101	0.0000	1.0000
HAMBI_0403_chrm01_circ_19727	NP_Ct_r01_2017_11_14_L001-L004_merged	3	0.0101	0.0000	1.0000
HAMBI_0403_chrm01_circ_19727	NP_Ct_r01_2018_03_06_L001	3	0.0000	0.0000	1.0000
HAMBI_0403_chrm01_circ_19727	NP_Ct_r01_2018_06_26_L001	3	0.0303	0.0003	1.0000
HAMBI_0403_chrm01_circ_19727	NP_Ct_r01_2018_07_24_L001	3	0.0404	0.0001	1.0000
HAMBI_0403_chrm01_circ_19727	NP_Ct_r01_2018_08_21_L002	3	0.0303	0.0000	1.0000
HAMBI_0403_chrm01_circ_19727	NP_Ct_r01_2018_09_18_L001	3	0.0202	0.0000	1.0000
HAMBI_0403_chrm01_circ_19727	NP_Ct_r01_2018_10_16_L001	3	0.0202	0.0000	1.0000
HAMBI_0403_chrm01_circ_19727	NP_Ct_r01_2018_11_13_L001	3	0.0705	0.0016	1.0000
HAMBI_0403_chrm01_circ_19727	NP_Ct_r01_2018_12_11_L001	3	0.1074	0.0049	1.0000
HAMBI_0403_chrm01_circ_19727	NP_Ct_r01_2019_02_04_L003	3	0.2169	0.0052	1.0000
HAMBI_0403_chrm01_circ_19727	NP_Ct_r01_2019_02_25_L003	3	0.2224	0.0028	1.0000
HAMBI_0403_chrm01_circ_1990830	NP_Ct_r01_2016_10_11_L001-L004_merged	3	0.0000	0.0000	1.0000
HAMBI_0403_chrm01_circ_1990830	NP_Ct_r01_2016_12_05_L001-L004_merged	3	0.0000	0.0000	1.0000
HAMBI_0403_chrm01_circ_1990830	NP_Ct_r01_2017_02_06_L001-L004_merged	3	0.0000	0.0000	1.0000
HAMBI_0403_chrm01_circ_1990830	NP_Ct_r01_2017_03_06_L002	3	0.0000	0.0000	1.0000
HAMBI_0403_chrm01_circ_1990830	NP_Ct_r01_2017_04_03_L002	3	0.0000	0.0000	1.0000
HAMBI_0403_chrm01_circ_1990830	NP_Ct_r01_2017_08_21_L001	3	0.0000	0.0000	1.0000
HAMBI_0403_chrm01_circ_1990830	NP_Ct_r01_2017_09_18_L001	3	0.0101	0.0000	1.0000
HAMBI_0403_chrm01_circ_1990830	NP_Ct_r01_2017_11_14_L001-L004_merged	3	0.0101	0.0000	1.0000
HAMBI_0403_chrm01_circ_1990830	NP_Ct_r01_2018_03_06_L001	3	0.0000	0.0000	1.0000
HAMBI_0403_chrm01_circ_1990830	NP_Ct_r01_2018_06_26_L001	3	0.0303	0.0003	1.0000
HAMBI_0403_chrm01_circ_1990830	NP_Ct_r01_2018_07_24_L001	3	0.0404	0.0001	1.0000
HAMBI_0403_chrm01_circ_1990830	NP_Ct_r01_2018_08_21_L002	3	0.0303	0.0000	1.0000
HAMBI_0403_chrm01_circ_1990830	NP_Ct_r01_2018_09_18_L001	3	0.0202	0.0000	1.0000
HAMBI_0403_chrm01_circ_1990830	NP_Ct_r01_2018_10_16_L001	3	0.0202	0.0000	1.0000
HAMBI_0403_chrm01_circ_1990830	NP_Ct_r01_2018_11_13_L001	3	0.0705	0.0016	1.0000
HAMBI_0403_chrm01_circ_1990830	NP_Ct_r01_2018_12_11_L001	3	0.1074	0.0049	1.0000
HAMBI_0403_chrm01_circ_1990830	NP_Ct_r01_2019_02_04_L003	3	0.2169	0.0052	1.0000
HAMBI_0403_chrm01_circ_1990830	NP_Ct_r01_2019_02_25_L003	3	0.2224	0.0028	1.0000
HAMBI_0403_chrm01_circ_2035209	NP_Ct_r01_2016_10_11_L001-L004_merged	3	0.0000	0.0000	1.0000
HAMBI_0403_chrm01_circ_2035209	NP_Ct_r01_2016_12_05_L001-L004_merged	3	0.0000	0.0000	1.0000
HAMBI_0403_chrm01_circ_2035209	NP_Ct_r01_2017_02_06_L001-L004_merged	3	0.0000	0.0000	1.0000
HAMBI_0403_chrm01_circ_2035209	NP_Ct_r01_2017_03_06_L002	3	0.0000	0.0000	1.0000
HAMBI_0403_chrm01_circ_2035209	NP_Ct_r01_2017_04_03_L002	3	0.0000	0.0000	1.0000
HAMBI_0403_chrm01_circ_2035209	NP_Ct_r01_2017_08_21_L001	3	0.0000	0.0000	1.0000
HAMBI_0403_chrm01_circ_2035209	NP_Ct_r01_2017_09_18_L001	3	0.0101	0.0000	1.0000
HAMBI_0403_chrm01_circ_2035209	NP_Ct_r01_2017_11_14_L001-L004_merged	3	0.0101	0.0000	1.0000
HAMBI_0403_chrm01_circ_2035209	NP_Ct_r01_2018_03_06_L001	3	0.0000	0.0000	1.0000
HAMBI_0403_chrm01_circ_2035209	NP_Ct_r01_2018_06_26_L001	3	0.0303	0.0003	1.0000
HAMBI_0403_chrm01_circ_2035209	NP_Ct_r01_2018_07_24_L001	3	0.0404	0.0001	1.0000
HAMBI_0403_chrm01_circ_2035209	NP_Ct_r01_2018_08_21_L002	3	0.0303	0.0000	1.0000
HAMBI_0403_chrm01_circ_2035209	NP_Ct_r01_2018_09_18_L001	3	0.0202	0.0000	1.0000
HAMBI_0403_chrm01_circ_2035209	NP_Ct_r01_2018_10_16_L001	3	0.0202	0.0000	1.0000
HAMBI_0403_chrm01_circ_2035209	NP_Ct_r01_2018_11_13_L001	3	0.0705	0.0016	1.0000
HAMBI_0403_chrm01_circ_2035209	NP_Ct_r01_2018_12_11_L001	3	0.1074	0.0049	1.0000
HAMBI_0403_chrm01_circ_2035209	NP_Ct_r01_2019_02_04_L003	3	0.2169	0.0052	1.0000
HAMBI_0403_chrm01_circ_2035209	NP_Ct_r01_2019_02_25_L003	3	0.2224	0.0028	1.0000
HAMBI_0403_chrm01_circ_2085642	NP_Ct_r01_2016_10_11_L001-L004_merged	3	0.0000	0.0000	1.0000
HAMBI_0403_chrm01_circ_2085642	NP_Ct_r01_2016_12_05_L001-L004_merged	3	0.0000	0.0000	1.0000
HAMBI_0403_chrm01_circ_2085642	NP_Ct_r01_2017_02_06_L001-L004_merged	3	0.0000	0.0000	1.0000
HAMBI_0403_chrm01_circ_2085642	NP_Ct_r01_2017_03_06_L002	3	0.0000	0.0000	1.0000
HAMBI_0403_chrm01_circ_2085642	NP_Ct_r01_2017_04_03_L002	3	0.0000	0.0000	1.0000
HAMBI_0403_chrm01_circ_2085642	NP_Ct_r01_2017_08_21_L001	3	0.0000	0.0000	1.0000
HAMBI_0403_chrm01_circ_2085642	NP_Ct_r01_2017_09_18_L001	3	0.0101	0.0000	1.0000
HAMBI_0403_chrm01_circ_2085642	NP_Ct_r01_2017_11_14_L001-L004_merged	3	0.0101	0.0000	1.0000
HAMBI_0403_chrm01_circ_2085642	NP_Ct_r01_2018_03_06_L001	3	0.0000	0.0000	1.0000
HAMBI_0403_chrm01_circ_2085642	NP_Ct_r01_2018_06_26_L001	3	0.0303	0.0003	1.0000
HAMBI_0403_chrm01_circ_2085642	NP_Ct_r01_2018_07_24_L001	3	0.0404	0.0001	1.0000
HAMBI_0403_chrm01_circ_2085642	NP_Ct_r01_2018_08_21_L002	3	0.0303	0.0000	1.0000
HAMBI_0403_chrm01_circ_2085642	NP_Ct_r01_2018_09_18_L001	3	0.0202	0.0000	1.0000
HAMBI_0403_chrm01_circ_2085642	NP_Ct_r01_2018_10_16_L001	3	0.0202	0.0000	1.0000
HAMBI_0403_chrm01_circ_2085642	NP_Ct_r01_2018_11_13_L001	3	0.0705	0.0016	1.0000
HAMBI_0403_chrm01_circ_2085642	NP_Ct_r01_2018_12_11_L001	3	0.1074	0.0049	1.0000
HAMBI_0403_chrm01_circ_2085642	NP_Ct_r01_2019_02_04_L003	3	0.2169	0.0052	1.0000
HAMBI_0403_chrm01_circ_2085642	NP_Ct_r01_2019_02_25_L003	3	0.2224	0.0028	1.0000
HAMBI_0403_chrm01_circ_2170475	NP_Ct_r01_2016_10_11_L001-L004_merged	3	0.0000	0.0000	1.0000
HAMBI_0403_chrm01_circ_2170475	NP_Ct_r01_2016_12_05_L001-L004_merged	3	0.0000	0.0000	1.0000
HAMBI_0403_chrm01_circ_2170475	NP_Ct_r01_2017_02_06_L001-L004_merged	3	0.0000	0.0000	1.0000
HAMBI_0403_chrm01_circ_2170475	NP_Ct_r01_2017_03_06_L002	3	0.0000	0.0000	1.0000
HAMBI_0403_chrm01_circ_2170475	NP_Ct_r01_2017_04_03_L002	3	0.0000	0.0000	1.0000
HAMBI_0403_chrm01_circ_2170475	NP_Ct_r01_2017_08_21_L001	3	0.0000	0.0000	1.0000
HAMBI_0403_chrm01_circ_2170475	NP_Ct_r01_2017_09_18_L001	3	0.0101	0.0000	1.0000
HAMBI_0403_chrm01_circ_2170475	NP_Ct_r01_2017_11_14_L001-L004_merged	3	0.0101	0.0000	1.0000
HAMBI_0403_chrm01_circ_2170475	NP_Ct_r01_2018_03_06_L001	3	0.0000	0.0000	1.0000
HAMBI_0403_chrm01_circ_2170475	NP_Ct_r01_2018_06_26_L001	3	0.0303	0.0003	1.0000
HAMBI_0403_chrm01_circ_2170475	NP_Ct_r01_2018_07_24_L001	3	0.0404	0.0001	1.0000
HAMBI_0403_chrm01_circ_2170475	NP_Ct_r01_2018_08_21_L002	3	0.0303	0.0000	1.0000
HAMBI_0403_chrm01_circ_2170475	NP_Ct_r01_2018_09_18_L001	3	0.0202	0.0000	1.0000
HAMBI_0403_chrm01_circ_2170475	NP_Ct_r01_2018_10_16_L001	3	0.0202	0.0000	1.0000
HAMBI_0403_chrm01_circ_2170475	NP_Ct_r01_2018_11_13_L001	3	0.0705	0.0016	1.0000
HAMBI_0403_chrm01_circ_2170475	NP_Ct_r01_2018_12_11_L001	3	0.1074	0.0049	1.0000
HAMBI_0403_chrm01_circ_2170475	NP_Ct_r01_2019_02_04_L003	3	0.2169	0.0052	1.0000
HAMBI_0403_chrm01_circ_2170475	NP_Ct_r01_2019_02_25_L003	3	0.2224	0.0028	1.0000
HAMBI_0403_chrm01_circ_2183342	NP_Ct_r01_2016_10_11_L001-L004_merged	3	0.0000	0.0000	1.0000
HAMBI_0403_chrm01_circ_2183342	NP_Ct_r01_2016_12_05_L001-L004_merged	3	0.0000	0.0000	1.0000
HAMBI_0403_chrm01_circ_2183342	NP_Ct_r01_2017_02_06_L001-L004_merged	3	0.0000	0.0000	1.0000
HAMBI_0403_chrm01_circ_2183342	NP_Ct_r01_2017_03_06_L002	3	0.0000	0.0000	1.0000
HAMBI_0403_chrm01_circ_2183342	NP_Ct_r01_2017_04_03_L002	3	0.0000	0.0000	1.0000
HAMBI_0403_chrm01_circ_2183342	NP_Ct_r01_2017_08_21_L001	3	0.0000	0.0000	1.0000
HAMBI_0403_chrm01_circ_2183342	NP_Ct_r01_2017_09_18_L001	3	0.0101	0.0000	1.0000
HAMBI_0403_chrm01_circ_2183342	NP_Ct_r01_2017_11_14_L001-L004_merged	3	0.0101	0.0000	1.0000
HAMBI_0403_chrm01_circ_2183342	NP_Ct_r01_2018_03_06_L001	3	0.0000	0.0000	1.0000
HAMBI_0403_chrm01_circ_2183342	NP_Ct_r01_2018_06_26_L001	3	0.0303	0.0003	1.0000
HAMBI_0403_chrm01_circ_2183342	NP_Ct_r01_2018_07_24_L001	3	0.0404	0.0001	1.0000
HAMBI_0403_chrm01_circ_2183342	NP_Ct_r01_2018_08_21_L002	3	0.0303	0.0000	1.0000
HAMBI_0403_chrm01_circ_2183342	NP_Ct_r01_2018_09_18_L001	3	0.0202	0.0000	1.0000
HAMBI_0403_chrm01_circ_2183342	NP_Ct_r01_2018_10_16_L001	3	0.0202	0.0000	1.0000
HAMBI_0403_chrm01_circ_2183342	NP_Ct_r01_2018_11_13_L001	3	0.0705	0.0016	1.0000
HAMBI_0403_chrm01_circ_2183342	NP_Ct_r01_2018_12_11_L001	3	0.1074	0.0049	1.0000
HAMBI_0403_chrm01_circ_2183342	NP_Ct_r01_2019_02_04_L003	3	0.2169	0.0052	1.0000
HAMBI_0403_chrm01_circ_2183342	NP_Ct_r01_2019_02_25_L003	3	0.2224	0.0028	1.0000
HAMBI_0403_chrm01_circ_2210141	NP_Ct_r01_2016_10_11_L001-L004_merged	3	0.0000	0.0000	1.0000
HAMBI_0403_chrm01_circ_2210141	NP_Ct_r01_2016_12_05_L001-L004_merged	3	0.0000	0.0000	1.0000
HAMBI_0403_chrm01_circ_2210141	NP_Ct_r01_2017_02_06_L001-L004_merged	3	0.0000	0.0000	1.0000
HAMBI_0403_chrm01_circ_2210141	NP_Ct_r01_2017_03_06_L002	3	0.0000	0.0000	1.0000
HAMBI_0403_chrm01_circ_2210141	NP_Ct_r01_2017_04_03_L002	3	0.0000	0.0000	1.0000
HAMBI_0403_chrm01_circ_2210141	NP_Ct_r01_2017_08_21_L001	3	0.0000	0.0000	1.0000
HAMBI_0403_chrm01_circ_2210141	NP_Ct_r01_2017_09_18_L001	3	0.0101	0.0000	1.0000
HAMBI_0403_chrm01_circ_2210141	NP_Ct_r01_2017_11_14_L001-L004_merged	3	0.0101	0.0000	1.0000
HAMBI_0403_chrm01_circ_2210141	NP_Ct_r01_2018_03_06_L001	3	0.0000	0.0000	1.0000
HAMBI_0403_chrm01_circ_2210141	NP_Ct_r01_2018_06_26_L001	3	0.0303	0.0003	1.0000
HAMBI_0403_chrm01_circ_2210141	NP_Ct_r01_2018_07_24_L001	3	0.0404	0.0001	1.0000
HAMBI_0403_chrm01_circ_2210141	NP_Ct_r01_2018_08_21_L002	3	0.0303	0.0000	1.0000
HAMBI_0403_chrm01_circ_2210141	NP_Ct_r01_2018_09_18_L001	3	0.0202	0.0000	1.0000
HAMBI_0403_chrm01_circ_2210141	NP_Ct_r01_2018_10_16_L001	3	0.0202	0.0000	1.0000
HAMBI_0403_chrm01_circ_2210141	NP_Ct_r01_2018_11_13_L001	3	0.0705	0.0016	1.0000
HAMBI_0403_chrm01_circ_2210141	NP_Ct_r01_2018_12_11_L001	3	0.1074	0.0049	1.0000
HAMBI_0403_chrm01_circ_2210141	NP_Ct_r01_2019_02_04_L003	3	0.2169	0.0052	1.0000
HAMBI_0403_chrm01_circ_2210141	NP_Ct_r01_2019_02_25_L003	3	0.2224	0.0028	1.0000
HAMBI_0403_chrm01_circ_2247210	NP_Ct_r01_2016_10_11_L001-L004_merged	3	0.0000	0.0000	1.0000
HAMBI_0403_chrm01_circ_2247210	NP_Ct_r01_2016_12_05_L001-L004_merged	3	0.0000	0.0000	1.0000
HAMBI_0403_chrm01_circ_2247210	NP_Ct_r01_2017_02_06_L001-L004_merged	3	0.0000	0.0000	1.0000
HAMBI_0403_chrm01_circ_2247210	NP_Ct_r01_2017_03_06_L002	3	0.0000	0.0000	1.0000
HAMBI_0403_chrm01_circ_2247210	NP_Ct_r01_2017_04_03_L002	3	0.0000	0.0000	1.0000
HAMBI_0403_chrm01_circ_2247210	NP_Ct_r01_2017_08_21_L001	3	0.0000	0.0000	1.0000
HAMBI_0403_chrm01_circ_2247210	NP_Ct_r01_2017_09_18_L001	3	0.0101	0.0000	1.0000
HAMBI_0403_chrm01_circ_2247210	NP_Ct_r01_2017_11_14_L001-L004_merged	3	0.0101	0.0000	1.0000
HAMBI_0403_chrm01_circ_2247210	NP_Ct_r01_2018_03_06_L001	3	0.0000	0.0000	1.0000
HAMBI_0403_chrm01_circ_2247210	NP_Ct_r01_2018_06_26_L001	3	0.0303	0.0003	1.0000
HAMBI_0403_chrm01_circ_2247210	NP_Ct_r01_2018_07_24_L001	3	0.0404	0.0001	1.0000
HAMBI_0403_chrm01_circ_2247210	NP_Ct_r01_2018_08_21_L002	3	0.0303	0.0000	1.0000
HAMBI_0403_chrm01_circ_2247210	NP_Ct_r01_2018_09_18_L001	3	0.0202	0.0000	1.0000
HAMBI_0403_chrm01_circ_2247210	NP_Ct_r01_2018_10_16_L001	3	0.0202	0.0000	1.0000
HAMBI_0403_chrm01_circ_2247210	NP_Ct_r01_2018_11_13_L001	3	0.0705	0.0016	1.0000
HAMBI_0403_chrm01_circ_2247210	NP_Ct_r01_2018_12_11_L001	3	0.1074	0.0049	1.0000
HAMBI_0403_chrm01_circ_2247210	NP_Ct_r01_2019_02_04_L003	3	0.2169	0.0052	1.0000
HAMBI_0403_chrm01_circ_2247210	NP_Ct_r01_2019_02_25_L003	3	0.2224	0.0028	1.0000
HAMBI_0403_chrm01_circ_2275854	NP_Ct_r01_2016_10_11_L001-L004_merged	3	0.0000	0.0000	1.0000
HAMBI_0403_chrm01_circ_2275854	NP_Ct_r01_2016_12_05_L001-L004_merged	3	0.0000	0.0000	1.0000
HAMBI_0403_chrm01_circ_2275854	NP_Ct_r01_2017_02_06_L001-L004_merged	3	0.0000	0.0000	1.0000
HAMBI_0403_chrm01_circ_2275854	NP_Ct_r01_2017_03_06_L002	3	0.0000	0.0000	1.0000
HAMBI_0403_chrm01_circ_2275854	NP_Ct_r01_2017_04_03_L002	3	0.0000	0.0000	1.0000
HAMBI_0403_chrm01_circ_2275854	NP_Ct_r01_2017_08_21_L001	3	0.0000	0.0000	1.0000
HAMBI_0403_chrm01_circ_2275854	NP_Ct_r01_2017_09_18_L001	3	0.0101	0.0000	1.0000
HAMBI_0403_chrm01_circ_2275854	NP_Ct_r01_2017_11_14_L001-L004_merged	3	0.0101	0.0000	1.0000
HAMBI_0403_chrm01_circ_2275854	NP_Ct_r01_2018_03_06_L001	3	0.0000	0.0000	1.0000
HAMBI_0403_chrm01_circ_2275854	NP_Ct_r01_2018_06_26_L001	3	0.0303	0.0003	1.0000
HAMBI_0403_chrm01_circ_2275854	NP_Ct_r01_2018_07_24_L001	3	0.0404	0.0001	1.0000
HAMBI_0403_chrm01_circ_2275854	NP_Ct_r01_2018_08_21_L002	3	0.0303	0.0000	1.0000
HAMBI_0403_chrm01_circ_2275854	NP_Ct_r01_2018_09_18_L001	3	0.0202	0.0000	1.0000
HAMBI_0403_chrm01_circ_2275854	NP_Ct_r01_2018_10_16_L001	3	0.0202	0.0000	1.0000
HAMBI_0403_chrm01_circ_2275854	NP_Ct_r01_2018_11_13_L001	3	0.0705	0.0016	1.0000
HAMBI_0403_chrm01_circ_2275854	NP_Ct_r01_2018_12_11_L001	3	0.1074	0.0049	1.0000
HAMBI_0403_chrm01_circ_2275854	NP_Ct_r01_2019_02_04_L003	3	0.2169	0.0052	1.0000
HAMBI_0403_chrm01_circ_2275854	NP_Ct_r01_2019_02_25_L003	3	0.2224	0.0028	1.0000
HAMBI_0403_chrm01_circ_2354987	NP_Ct_r01_2016_10_11_L001-L004_merged	3	0.0000	0.0000	1.0000
HAMBI_0403_chrm01_circ_2354987	NP_Ct_r01_2016_12_05_L001-L004_merged	3	0.0000	0.0000	1.0000
HAMBI_0403_chrm01_circ_2354987	NP_Ct_r01_2017_02_06_L001-L004_merged	3	0.0000	0.0000	1.0000
HAMBI_0403_chrm01_circ_2354987	NP_Ct_r01_2017_03_06_L002	3	0.0000	0.0000	1.0000
HAMBI_0403_chrm01_circ_2354987	NP_Ct_r01_2017_04_03_L002	3	0.0000	0.0000	1.0000
HAMBI_0403_chrm01_circ_2354987	NP_Ct_r01_2017_08_21_L001	3	0.0000	0.0000	1.0000
HAMBI_0403_chrm01_circ_2354987	NP_Ct_r01_2017_09_18_L001	3	0.0101	0.0000	1.0000
HAMBI_0403_chrm01_circ_2354987	NP_Ct_r01_2017_11_14_L001-L004_merged	3	0.0101	0.0000	1.0000
HAMBI_0403_chrm01_circ_2354987	NP_Ct_r01_2018_03_06_L001	3	0.0000	0.0000	1.0000
HAMBI_0403_chrm01_circ_2354987	NP_Ct_r01_2018_06_26_L001	3	0.0303	0.0003	1.0000
HAMBI_0403_chrm01_circ_2354987	NP_Ct_r01_2018_07_24_L001	3	0.0404	0.0001	1.0000
HAMBI_0403_chrm01_circ_2354987	NP_Ct_r01_2018_08_21_L002	3	0.0303	0.0000	1.0000
HAMBI_0403_chrm01_circ_2354987	NP_Ct_r01_2018_09_18_L001	3	0.0202	0.0000	1.0000
HAMBI_0403_chrm01_circ_2354987	NP_Ct_r01_2018_10_16_L001	3	0.0202	0.0000	1.0000
HAMBI_0403_chrm01_circ_2354987	NP_Ct_r01_2018_11_13_L001	3	0.0705	0.0016	1.0000
HAMBI_0403_chrm01_circ_2354987	NP_Ct_r01_2018_12_11_L001	3	0.1074	0.0049	1.0000
HAMBI_0403_chrm01_circ_2354987	NP_Ct_r01_2019_02_04_L003	3	0.2169	0.0052	1.0000
HAMBI_0403_chrm01_circ_2354987	NP_Ct_r01_2019_02_25_L003	3	0.2224	0.0028	1.0000
HAMBI_0403_chrm01_circ_2357485	NP_Ct_r01_2016_10_11_L001-L004_merged	3	0.0000	0.0000	1.0000
HAMBI_0403_chrm01_circ_2357485	NP_Ct_r01_2016_12_05_L001-L004_merged	3	0.0000	0.0000	1.0000
HAMBI_0403_chrm01_circ_2357485	NP_Ct_r01_2017_02_06_L001-L004_merged	3	0.0000	0.0000	1.0000
HAMBI_0403_chrm01_circ_2357485	NP_Ct_r01_2017_03_06_L002	3	0.0000	0.0000	1.0000
HAMBI_0403_chrm01_circ_2357485	NP_Ct_r01_2017_04_03_L002	3	0.0000	0.0000	1.0000
HAMBI_0403_chrm01_circ_2357485	NP_Ct_r01_2017_08_21_L001	3	0.0000	0.0000	1.0000
HAMBI_0403_chrm01_circ_2357485	NP_Ct_r01_2017_09_18_L001	3	0.0101	0.0000	1.0000
HAMBI_0403_chrm01_circ_2357485	NP_Ct_r01_2017_11_14_L001-L004_merged	3	0.0101	0.0000	1.0000
HAMBI_0403_chrm01_circ_2357485	NP_Ct_r01_2018_03_06_L001	3	0.0000	0.0000	1.0000
HAMBI_0403_chrm01_circ_2357485	NP_Ct_r01_2018_06_26_L001	3	0.0303	0.0003	1.0000
HAMBI_0403_chrm01_circ_2357485	NP_Ct_r01_2018_07_24_L001	3	0.0404	0.0001	1.0000
HAMBI_0403_chrm01_circ_2357485	NP_Ct_r01_2018_08_21_L002	3	0.0303	0.0000	1.0000
HAMBI_0403_chrm01_circ_2357485	NP_Ct_r01_2018_09_18_L001	3	0.0202	0.0000	1.0000
HAMBI_0403_chrm01_circ_2357485	NP_Ct_r01_2018_10_16_L001	3	0.0202	0.0000	1.0000
HAMBI_0403_chrm01_circ_2357485	NP_Ct_r01_2018_11_13_L001	3	0.0705	0.0016	1.0000
HAMBI_0403_chrm01_circ_2357485	NP_Ct_r01_2018_12_11_L001	3	0.1074	0.0049	1.0000
HAMBI_0403_chrm01_circ_2357485	NP_Ct_r01_2019_02_04_L003	3	0.2169	0.0052	1.0000
HAMBI_0403_chrm01_circ_2357485	NP_Ct_r01_2019_02_25_L003	3	0.2224	0.0028	1.0000
HAMBI_0403_chrm01_circ_2399143	NP_Ct_r01_2016_10_11_L001-L004_merged	3	0.0000	0.0000	1.0000
HAMBI_0403_chrm01_circ_2399143	NP_Ct_r01_2016_12_05_L001-L004_merged	3	0.0000	0.0000	1.0000
HAMBI_0403_chrm01_circ_2399143	NP_Ct_r01_2017_02_06_L001-L004_merged	3	0.0000	0.0000	1.0000
HAMBI_0403_chrm01_circ_2399143	NP_Ct_r01_2017_03_06_L002	3	0.0000	0.0000	1.0000
HAMBI_0403_chrm01_circ_2399143	NP_Ct_r01_2017_04_03_L002	3	0.0000	0.0000	1.0000
HAMBI_0403_chrm01_circ_2399143	NP_Ct_r01_2017_08_21_L001	3	0.0000	0.0000	1.0000
HAMBI_0403_chrm01_circ_2399143	NP_Ct_r01_2017_09_18_L001	3	0.0101	0.0000	1.0000
HAMBI_0403_chrm01_circ_2399143	NP_Ct_r01_2017_11_14_L001-L004_merged	3	0.0101	0.0000	1.0000
HAMBI_0403_chrm01_circ_2399143	NP_Ct_r01_2018_03_06_L001	3	0.0000	0.0000	1.0000
HAMBI_0403_chrm01_circ_2399143	NP_Ct_r01_2018_06_26_L001	3	0.0303	0.0003	1.0000
HAMBI_0403_chrm01_circ_2399143	NP_Ct_r01_2018_07_24_L001	3	0.0404	0.0001	1.0000
HAMBI_0403_chrm01_circ_2399143	NP_Ct_r01_2018_08_21_L002	3	0.0303	0.0000	1.0000
HAMBI_0403_chrm01_circ_2399143	NP_Ct_r01_2018_09_18_L001	3	0.0202	0.0000	1.0000
HAMBI_0403_chrm01_circ_2399143	NP_Ct_r01_2018_10_16_L001	3	0.0202	0.0000	1.0000
HAMBI_0403_chrm01_circ_2399143	NP_Ct_r01_2018_11_13_L001	3	0.0705	0.0016	1.0000
HAMBI_0403_chrm01_circ_2399143	NP_Ct_r01_2018_12_11_L001	3	0.1074	0.0049	1.0000
HAMBI_0403_chrm01_circ_2399143	NP_Ct_r01_2019_02_04_L003	3	0.2169	0.0052	1.0000
HAMBI_0403_chrm01_circ_2399143	NP_Ct_r01_2019_02_25_L003	3	0.2224	0.0028	1.0000
HAMBI_0403_chrm01_circ_2399712	NP_Ct_r01_2016_10_11_L001-L004_merged	3	0.0000	0.0000	1.0000
HAMBI_0403_chrm01_circ_2399712	NP_Ct_r01_2016_12_05_L001-L004_merged	3	0.0000	0.0000	1.0000
HAMBI_0403_chrm01_circ_2399712	NP_Ct_r01_2017_02_06_L001-L004_merged	3	0.0000	0.0000	1.0000
HAMBI_0403_chrm01_circ_2399712	NP_Ct_r01_2017_03_06_L002	3	0.0000	0.0000	1.0000
HAMBI_0403_chrm01_circ_2399712	NP_Ct_r01_2017_04_03_L002	3	0.0000	0.0000	1.0000
HAMBI_0403_chrm01_circ_2399712	NP_Ct_r01_2017_08_21_L001	3	0.0000	0.0000	1.0000
HAMBI_0403_chrm01_circ_2399712	NP_Ct_r01_2017_09_18_L001	3	0.0101	0.0000	1.0000
HAMBI_0403_chrm01_circ_2399712	NP_Ct_r01_2017_11_14_L001-L004_merged	3	0.0101	0.0000	1.0000
HAMBI_0403_chrm01_circ_2399712	NP_Ct_r01_2018_03_06_L001	3	0.0000	0.0000	1.0000
HAMBI_0403_chrm01_circ_2399712	NP_Ct_r01_2018_06_26_L001	3	0.0303	0.0003	1.0000
HAMBI_0403_chrm01_circ_2399712	NP_Ct_r01_2018_07_24_L001	3	0.0404	0.0001	1.0000
HAMBI_0403_chrm01_circ_2399712	NP_Ct_r01_2018_08_21_L002	3	0.0303	0.0000	1.0000
HAMBI_0403_chrm01_circ_2399712	NP_Ct_r01_2018_09_18_L001	3	0.0202	0.0000	1.0000
HAMBI_0403_chrm01_circ_2399712	NP_Ct_r01_2018_10_16_L001	3	0.0202	0.0000	1.0000
HAMBI_0403_chrm01_circ_2399712	NP_Ct_r01_2018_11_13_L001	3	0.0705	0.0016	1.0000
HAMBI_0403_chrm01_circ_2399712	NP_Ct_r01_2018_12_11_L001	3	0.1074	0.0049	1.0000
HAMBI_0403_chrm01_circ_2399712	NP_Ct_r01_2019_02_04_L003	3	0.2169	0.0052	1.0000
HAMBI_0403_chrm01_circ_2399712	NP_Ct_r01_2019_02_25_L003	3	0.2224	0.0028	1.0000
HAMBI_0403_chrm01_circ_245301	NP_Ct_r01_2016_10_11_L001-L004_merged	3	0.0000	0.0000	1.0000
HAMBI_0403_chrm01_circ_245301	NP_Ct_r01_2016_12_05_L001-L004_merged	3	0.0000	0.0000	1.0000
HAMBI_0403_chrm01_circ_245301	NP_Ct_r01_2017_02_06_L001-L004_merged	3	0.0000	0.0000	1.0000
HAMBI_0403_chrm01_circ_245301	NP_Ct_r01_2017_03_06_L002	3	0.0000	0.0000	1.0000
HAMBI_0403_chrm01_circ_245301	NP_Ct_r01_2017_04_03_L002	3	0.0000	0.0000	1.0000
HAMBI_0403_chrm01_circ_245301	NP_Ct_r01_2017_08_21_L001	3	0.0000	0.0000	1.0000
HAMBI_0403_chrm01_circ_245301	NP_Ct_r01_2017_09_18_L001	3	0.0101	0.0000	1.0000
HAMBI_0403_chrm01_circ_245301	NP_Ct_r01_2017_11_14_L001-L004_merged	3	0.0101	0.0000	1.0000
HAMBI_0403_chrm01_circ_245301	NP_Ct_r01_2018_03_06_L001	3	0.0000	0.0000	1.0000
HAMBI_0403_chrm01_circ_245301	NP_Ct_r01_2018_06_26_L001	3	0.0303	0.0003	1.0000
HAMBI_0403_chrm01_circ_245301	NP_Ct_r01_2018_07_24_L001	3	0.0404	0.0001	1.0000
HAMBI_0403_chrm01_circ_245301	NP_Ct_r01_2018_08_21_L002	3	0.0303	0.0000	1.0000
HAMBI_0403_chrm01_circ_245301	NP_Ct_r01_2018_09_18_L001	3	0.0202	0.0000	1.0000
HAMBI_0403_chrm01_circ_245301	NP_Ct_r01_2018_10_16_L001	3	0.0202	0.0000	1.0000
HAMBI_0403_chrm01_circ_245301	NP_Ct_r01_2018_11_13_L001	3	0.0705	0.0016	1.0000
HAMBI_0403_chrm01_circ_245301	NP_Ct_r01_2018_12_11_L001	3	0.1074	0.0049	1.0000
HAMBI_0403_chrm01_circ_245301	NP_Ct_r01_2019_02_04_L003	3	0.2169	0.0052	1.0000
HAMBI_0403_chrm01_circ_245301	NP_Ct_r01_2019_02_25_L003	3	0.2224	0.0028	1.0000
HAMBI_0403_chrm01_circ_264598	NP_Ct_r01_2016_10_11_L001-L004_merged	3	0.0000	0.0000	1.0000
HAMBI_0403_chrm01_circ_264598	NP_Ct_r01_2016_12_05_L001-L004_merged	3	0.0000	0.0000	1.0000
HAMBI_0403_chrm01_circ_264598	NP_Ct_r01_2017_02_06_L001-L004_merged	3	0.0000	0.0000	1.0000
HAMBI_0403_chrm01_circ_264598	NP_Ct_r01_2017_03_06_L002	3	0.0000	0.0000	1.0000
HAMBI_0403_chrm01_circ_264598	NP_Ct_r01_2017_04_03_L002	3	0.0000	0.0000	1.0000
HAMBI_0403_chrm01_circ_264598	NP_Ct_r01_2017_08_21_L001	3	0.0000	0.0000	1.0000
HAMBI_0403_chrm01_circ_264598	NP_Ct_r01_2017_09_18_L001	3	0.0101	0.0000	1.0000
HAMBI_0403_chrm01_circ_264598	NP_Ct_r01_2017_11_14_L001-L004_merged	3	0.0101	0.0000	1.0000
HAMBI_0403_chrm01_circ_264598	NP_Ct_r01_2018_03_06_L001	3	0.0000	0.0000	1.0000
HAMBI_0403_chrm01_circ_264598	NP_Ct_r01_2018_06_26_L001	3	0.0303	0.0003	1.0000
HAMBI_0403_chrm01_circ_264598	NP_Ct_r01_2018_07_24_L001	3	0.0404	0.0001	1.0000
HAMBI_0403_chrm01_circ_264598	NP_Ct_r01_2018_08_21_L002	3	0.0303	0.0000	1.0000
HAMBI_0403_chrm01_circ_264598	NP_Ct_r01_2018_09_18_L001	3	0.0202	0.0000	1.0000
HAMBI_0403_chrm01_circ_264598	NP_Ct_r01_2018_10_16_L001	3	0.0202	0.0000	1.0000
HAMBI_0403_chrm01_circ_264598	NP_Ct_r01_2018_11_13_L001	3	0.0705	0.0016	1.0000
HAMBI_0403_chrm01_circ_264598	NP_Ct_r01_2018_12_11_L001	3	0.1074	0.0049	1.0000
HAMBI_0403_chrm01_circ_264598	NP_Ct_r01_2019_02_04_L003	3	0.2169	0.0052	1.0000
HAMBI_0403_chrm01_circ_264598	NP_Ct_r01_2019_02_25_L003	3	0.2224	0.0028	1.0000
HAMBI_0403_chrm01_circ_2695541	NP_Ct_r01_2016_10_11_L001-L004_merged	3	0.0000	0.0000	1.0000
HAMBI_0403_chrm01_circ_2695541	NP_Ct_r01_2016_12_05_L001-L004_merged	3	0.0000	0.0000	1.0000
HAMBI_0403_chrm01_circ_2695541	NP_Ct_r01_2017_02_06_L001-L004_merged	3	0.0000	0.0000	1.0000
HAMBI_0403_chrm01_circ_2695541	NP_Ct_r01_2017_03_06_L002	3	0.0000	0.0000	1.0000
HAMBI_0403_chrm01_circ_2695541	NP_Ct_r01_2017_04_03_L002	3	0.0000	0.0000	1.0000
HAMBI_0403_chrm01_circ_2695541	NP_Ct_r01_2017_08_21_L001	3	0.0000	0.0000	1.0000
HAMBI_0403_chrm01_circ_2695541	NP_Ct_r01_2017_09_18_L001	3	0.0101	0.0000	1.0000
HAMBI_0403_chrm01_circ_2695541	NP_Ct_r01_2017_11_14_L001-L004_merged	3	0.0101	0.0000	1.0000
HAMBI_0403_chrm01_circ_2695541	NP_Ct_r01_2018_03_06_L001	3	0.0000	0.0000	1.0000
HAMBI_0403_chrm01_circ_2695541	NP_Ct_r01_2018_06_26_L001	3	0.0303	0.0003	1.0000
HAMBI_0403_chrm01_circ_2695541	NP_Ct_r01_2018_07_24_L001	3	0.0404	0.0001	1.0000
HAMBI_0403_chrm01_circ_2695541	NP_Ct_r01_2018_08_21_L002	3	0.0303	0.0000	1.0000
HAMBI_0403_chrm01_circ_2695541	NP_Ct_r01_2018_09_18_L001	3	0.0202	0.0000	1.0000
HAMBI_0403_chrm01_circ_2695541	NP_Ct_r01_2018_10_16_L001	3	0.0202	0.0000	1.0000
HAMBI_0403_chrm01_circ_2695541	NP_Ct_r01_2018_11_13_L001	3	0.0705	0.0016	1.0000
HAMBI_0403_chrm01_circ_2695541	NP_Ct_r01_2018_12_11_L001	3	0.1074	0.0049	1.0000
HAMBI_0403_chrm01_circ_2695541	NP_Ct_r01_2019_02_04_L003	3	0.2169	0.0052	1.0000
HAMBI_0403_chrm01_circ_2695541	NP_Ct_r01_2019_02_25_L003	3	0.2224	0.0028	1.0000
HAMBI_0403_chrm01_circ_2742453	NP_Ct_r01_2016_10_11_L001-L004_merged	3	0.0000	0.0000	1.0000
HAMBI_0403_chrm01_circ_2742453	NP_Ct_r01_2016_12_05_L001-L004_merged	3	0.0000	0.0000	1.0000
HAMBI_0403_chrm01_circ_2742453	NP_Ct_r01_2017_02_06_L001-L004_merged	3	0.0000	0.0000	1.0000
HAMBI_0403_chrm01_circ_2742453	NP_Ct_r01_2017_03_06_L002	3	0.0000	0.0000	1.0000
HAMBI_0403_chrm01_circ_2742453	NP_Ct_r01_2017_04_03_L002	3	0.0000	0.0000	1.0000
HAMBI_0403_chrm01_circ_2742453	NP_Ct_r01_2017_08_21_L001	3	0.0000	0.0000	1.0000
HAMBI_0403_chrm01_circ_2742453	NP_Ct_r01_2017_09_18_L001	3	0.0101	0.0000	1.0000
HAMBI_0403_chrm01_circ_2742453	NP_Ct_r01_2017_11_14_L001-L004_merged	3	0.0101	0.0000	1.0000
HAMBI_0403_chrm01_circ_2742453	NP_Ct_r01_2018_03_06_L001	3	0.0000	0.0000	1.0000
HAMBI_0403_chrm01_circ_2742453	NP_Ct_r01_2018_06_26_L001	3	0.0303	0.0003	1.0000
HAMBI_0403_chrm01_circ_2742453	NP_Ct_r01_2018_07_24_L001	3	0.0404	0.0001	1.0000
HAMBI_0403_chrm01_circ_2742453	NP_Ct_r01_2018_08_21_L002	3	0.0303	0.0000	1.0000
HAMBI_0403_chrm01_circ_2742453	NP_Ct_r01_2018_09_18_L001	3	0.0202	0.0000	1.0000
HAMBI_0403_chrm01_circ_2742453	NP_Ct_r01_2018_10_16_L001	3	0.0202	0.0000	1.0000
HAMBI_0403_chrm01_circ_2742453	NP_Ct_r01_2018_11_13_L001	3	0.0705	0.0016	1.0000
HAMBI_0403_chrm01_circ_2742453	NP_Ct_r01_2018_12_11_L001	3	0.1074	0.0049	1.0000
HAMBI_0403_chrm01_circ_2742453	NP_Ct_r01_2019_02_04_L003	3	0.2169	0.0052	1.0000
HAMBI_0403_chrm01_circ_2742453	NP_Ct_r01_2019_02_25_L003	3	0.2224	0.0028	1.0000
HAMBI_0403_chrm01_circ_2925854	NP_Ct_r01_2016_10_11_L001-L004_merged	3	0.0000	0.0000	1.0000
HAMBI_0403_chrm01_circ_2925854	NP_Ct_r01_2016_12_05_L001-L004_merged	3	0.0000	0.0000	1.0000
HAMBI_0403_chrm01_circ_2925854	NP_Ct_r01_2017_02_06_L001-L004_merged	3	0.0000	0.0000	1.0000
HAMBI_0403_chrm01_circ_2925854	NP_Ct_r01_2017_03_06_L002	3	0.0000	0.0000	1.0000
HAMBI_0403_chrm01_circ_2925854	NP_Ct_r01_2017_04_03_L002	3	0.0000	0.0000	1.0000
HAMBI_0403_chrm01_circ_2925854	NP_Ct_r01_2017_08_21_L001	3	0.0000	0.0000	1.0000
HAMBI_0403_chrm01_circ_2925854	NP_Ct_r01_2017_09_18_L001	3	0.0101	0.0000	1.0000
HAMBI_0403_chrm01_circ_2925854	NP_Ct_r01_2017_11_14_L001-L004_merged	3	0.0101	0.0000	1.0000
HAMBI_0403_chrm01_circ_2925854	NP_Ct_r01_2018_03_06_L001	3	0.0000	0.0000	1.0000
HAMBI_0403_chrm01_circ_2925854	NP_Ct_r01_2018_06_26_L001	3	0.0303	0.0003	1.0000
HAMBI_0403_chrm01_circ_2925854	NP_Ct_r01_2018_07_24_L001	3	0.0404	0.0001	1.0000
HAMBI_0403_chrm01_circ_2925854	NP_Ct_r01_2018_08_21_L002	3	0.0303	0.0000	1.0000
HAMBI_0403_chrm01_circ_2925854	NP_Ct_r01_2018_09_18_L001	3	0.0202	0.0000	1.0000
HAMBI_0403_chrm01_circ_2925854	NP_Ct_r01_2018_10_16_L001	3	0.0202	0.0000	1.0000
HAMBI_0403_chrm01_circ_2925854	NP_Ct_r01_2018_11_13_L001	3	0.0705	0.0016	1.0000
HAMBI_0403_chrm01_circ_2925854	NP_Ct_r01_2018_12_11_L001	3	0.1074	0.0049	1.0000
HAMBI_0403_chrm01_circ_2925854	NP_Ct_r01_2019_02_04_L003	3	0.2169	0.0052	1.0000
HAMBI_0403_chrm01_circ_2925854	NP_Ct_r01_2019_02_25_L003	3	0.2224	0.0028	1.0000
HAMBI_0403_chrm01_circ_2975196	NP_Ct_r01_2016_10_11_L001-L004_merged	3	0.0000	0.0000	1.0000
HAMBI_0403_chrm01_circ_2975196	NP_Ct_r01_2016_12_05_L001-L004_merged	3	0.0000	0.0000	1.0000
HAMBI_0403_chrm01_circ_2975196	NP_Ct_r01_2017_02_06_L001-L004_merged	3	0.0000	0.0000	1.0000
HAMBI_0403_chrm01_circ_2975196	NP_Ct_r01_2017_03_06_L002	3	0.0000	0.0000	1.0000
HAMBI_0403_chrm01_circ_2975196	NP_Ct_r01_2017_04_03_L002	3	0.0000	0.0000	1.0000
HAMBI_0403_chrm01_circ_2975196	NP_Ct_r01_2017_08_21_L001	3	0.0000	0.0000	1.0000
HAMBI_0403_chrm01_circ_2975196	NP_Ct_r01_2017_09_18_L001	3	0.0101	0.0000	1.0000
HAMBI_0403_chrm01_circ_2975196	NP_Ct_r01_2017_11_14_L001-L004_merged	3	0.0101	0.0000	1.0000
HAMBI_0403_chrm01_circ_2975196	NP_Ct_r01_2018_03_06_L001	3	0.0000	0.0000	1.0000
HAMBI_0403_chrm01_circ_2975196	NP_Ct_r01_2018_06_26_L001	3	0.0303	0.0003	1.0000
HAMBI_0403_chrm01_circ_2975196	NP_Ct_r01_2018_07_24_L001	3	0.0404	0.0001	1.0000
HAMBI_0403_chrm01_circ_2975196	NP_Ct_r01_2018_08_21_L002	3	0.0303	0.0000	1.0000
HAMBI_0403_chrm01_circ_2975196	NP_Ct_r01_2018_09_18_L001	3	0.0202	0.0000	1.0000
HAMBI_0403_chrm01_circ_2975196	NP_Ct_r01_2018_10_16_L001	3	0.0202	0.0000	1.0000
HAMBI_0403_chrm01_circ_2975196	NP_Ct_r01_2018_11_13_L001	3	0.0705	0.0016	1.0000
HAMBI_0403_chrm01_circ_2975196	NP_Ct_r01_2018_12_11_L001	3	0.1074	0.0049	1.0000
HAMBI_0403_chrm01_circ_2975196	NP_Ct_r01_2019_02_04_L003	3	0.2169	0.0052	1.0000
HAMBI_0403_chrm01_circ_2975196	NP_Ct_r01_2019_02_25_L003	3	0.2224	0.0028	1.0000
HAMBI_0403_chrm01_circ_2998776	NP_Ct_r01_2016_10_11_L001-L004_merged	3	0.0000	0.0000	1.0000
HAMBI_0403_chrm01_circ_2998776	NP_Ct_r01_2016_12_05_L001-L004_merged	3	0.0000	0.0000	1.0000
HAMBI_0403_chrm01_circ_2998776	NP_Ct_r01_2017_02_06_L001-L004_merged	3	0.0000	0.0000	1.0000
HAMBI_0403_chrm01_circ_2998776	NP_Ct_r01_2017_03_06_L002	3	0.0000	0.0000	1.0000
HAMBI_0403_chrm01_circ_2998776	NP_Ct_r01_2017_04_03_L002	3	0.0000	0.0000	1.0000
HAMBI_0403_chrm01_circ_2998776	NP_Ct_r01_2017_08_21_L001	3	0.0000	0.0000	1.0000
HAMBI_0403_chrm01_circ_2998776	NP_Ct_r01_2017_09_18_L001	3	0.0101	0.0000	1.0000
HAMBI_0403_chrm01_circ_2998776	NP_Ct_r01_2017_11_14_L001-L004_merged	3	0.0101	0.0000	1.0000
HAMBI_0403_chrm01_circ_2998776	NP_Ct_r01_2018_03_06_L001	3	0.0000	0.0000	1.0000
HAMBI_0403_chrm01_circ_2998776	NP_Ct_r01_2018_06_26_L001	3	0.0303	0.0003	1.0000
HAMBI_0403_chrm01_circ_2998776	NP_Ct_r01_2018_07_24_L001	3	0.0404	0.0001	1.0000
HAMBI_0403_chrm01_circ_2998776	NP_Ct_r01_2018_08_21_L002	3	0.0303	0.0000	1.0000
HAMBI_0403_chrm01_circ_2998776	NP_Ct_r01_2018_09_18_L001	3	0.0202	0.0000	1.0000
HAMBI_0403_chrm01_circ_2998776	NP_Ct_r01_2018_10_16_L001	3	0.0202	0.0000	1.0000
HAMBI_0403_chrm01_circ_2998776	NP_Ct_r01_2018_11_13_L001	3	0.0705	0.0016	1.0000
HAMBI_0403_chrm01_circ_2998776	NP_Ct_r01_2018_12_11_L001	3	0.1074	0.0049	1.0000
HAMBI_0403_chrm01_circ_2998776	NP_Ct_r01_2019_02_04_L003	3	0.2169	0.0052	1.0000
HAMBI_0403_chrm01_circ_2998776	NP_Ct_r01_2019_02_25_L003	3	0.2224	0.0028	1.0000
HAMBI_0403_chrm01_circ_3000465	NP_Ct_r01_2016_10_11_L001-L004_merged	3	0.0000	0.0000	1.0000
HAMBI_0403_chrm01_circ_3000465	NP_Ct_r01_2016_12_05_L001-L004_merged	3	0.0000	0.0000	1.0000
HAMBI_0403_chrm01_circ_3000465	NP_Ct_r01_2017_02_06_L001-L004_merged	3	0.0000	0.0000	1.0000
HAMBI_0403_chrm01_circ_3000465	NP_Ct_r01_2017_03_06_L002	3	0.0000	0.0000	1.0000
HAMBI_0403_chrm01_circ_3000465	NP_Ct_r01_2017_04_03_L002	3	0.0000	0.0000	1.0000
HAMBI_0403_chrm01_circ_3000465	NP_Ct_r01_2017_08_21_L001	3	0.0000	0.0000	1.0000
HAMBI_0403_chrm01_circ_3000465	NP_Ct_r01_2017_09_18_L001	3	0.0101	0.0000	1.0000
HAMBI_0403_chrm01_circ_3000465	NP_Ct_r01_2017_11_14_L001-L004_merged	3	0.0101	0.0000	1.0000
HAMBI_0403_chrm01_circ_3000465	NP_Ct_r01_2018_03_06_L001	3	0.0000	0.0000	1.0000
HAMBI_0403_chrm01_circ_3000465	NP_Ct_r01_2018_06_26_L001	3	0.0303	0.0003	1.0000
HAMBI_0403_chrm01_circ_3000465	NP_Ct_r01_2018_07_24_L001	3	0.0404	0.0001	1.0000
HAMBI_0403_chrm01_circ_3000465	NP_Ct_r01_2018_08_21_L002	3	0.0303	0.0000	1.0000
HAMBI_0403_chrm01_circ_3000465	NP_Ct_r01_2018_09_18_L001	3	0.0202	0.0000	1.0000
HAMBI_0403_chrm01_circ_3000465	NP_Ct_r01_2018_10_16_L001	3	0.0202	0.0000	1.0000
HAMBI_0403_chrm01_circ_3000465	NP_Ct_r01_2018_11_13_L001	3	0.0705	0.0016	1.0000
HAMBI_0403_chrm01_circ_3000465	NP_Ct_r01_2018_12_11_L001	3	0.1074	0.0049	1.0000
HAMBI_0403_chrm01_circ_3000465	NP_Ct_r01_2019_02_04_L003	3	0.2169	0.0052	1.0000
HAMBI_0403_chrm01_circ_3000465	NP_Ct_r01_2019_02_25_L003	3	0.2224	0.0028	1.0000
HAMBI_0403_chrm01_circ_3031198	NP_Ct_r01_2016_10_11_L001-L004_merged	3	0.0000	0.0000	1.0000
HAMBI_0403_chrm01_circ_3031198	NP_Ct_r01_2016_12_05_L001-L004_merged	3	0.0000	0.0000	1.0000
HAMBI_0403_chrm01_circ_3031198	NP_Ct_r01_2017_02_06_L001-L004_merged	3	0.0000	0.0000	1.0000
HAMBI_0403_chrm01_circ_3031198	NP_Ct_r01_2017_03_06_L002	3	0.0000	0.0000	1.0000
HAMBI_0403_chrm01_circ_3031198	NP_Ct_r01_2017_04_03_L002	3	0.0000	0.0000	1.0000
HAMBI_0403_chrm01_circ_3031198	NP_Ct_r01_2017_08_21_L001	3	0.0000	0.0000	1.0000
HAMBI_0403_chrm01_circ_3031198	NP_Ct_r01_2017_09_18_L001	3	0.0101	0.0000	1.0000
HAMBI_0403_chrm01_circ_3031198	NP_Ct_r01_2017_11_14_L001-L004_merged	3	0.0101	0.0000	1.0000
HAMBI_0403_chrm01_circ_3031198	NP_Ct_r01_2018_03_06_L001	3	0.0000	0.0000	1.0000
HAMBI_0403_chrm01_circ_3031198	NP_Ct_r01_2018_06_26_L001	3	0.0303	0.0003	1.0000
HAMBI_0403_chrm01_circ_3031198	NP_Ct_r01_2018_07_24_L001	3	0.0404	0.0001	1.0000
HAMBI_0403_chrm01_circ_3031198	NP_Ct_r01_2018_08_21_L002	3	0.0303	0.0000	1.0000
HAMBI_0403_chrm01_circ_3031198	NP_Ct_r01_2018_09_18_L001	3	0.0202	0.0000	1.0000
HAMBI_0403_chrm01_circ_3031198	NP_Ct_r01_2018_10_16_L001	3	0.0202	0.0000	1.0000
HAMBI_0403_chrm01_circ_3031198	NP_Ct_r01_2018_11_13_L001	3	0.0705	0.0016	1.0000
HAMBI_0403_chrm01_circ_3031198	NP_Ct_r01_2018_12_11_L001	3	0.1074	0.0049	1.0000
HAMBI_0403_chrm01_circ_3031198	NP_Ct_r01_2019_02_04_L003	3	0.2169	0.0052	1.0000
HAMBI_0403_chrm01_circ_3031198	NP_Ct_r01_2019_02_25_L003	3	0.2224	0.0028	1.0000
HAMBI_0403_chrm01_circ_3060179	NP_Ct_r01_2016_10_11_L001-L004_merged	3	0.0000	0.0000	1.0000
HAMBI_0403_chrm01_circ_3060179	NP_Ct_r01_2016_12_05_L001-L004_merged	3	0.0000	0.0000	1.0000
HAMBI_0403_chrm01_circ_3060179	NP_Ct_r01_2017_02_06_L001-L004_merged	3	0.0000	0.0000	1.0000
HAMBI_0403_chrm01_circ_3060179	NP_Ct_r01_2017_03_06_L002	3	0.0000	0.0000	1.0000
HAMBI_0403_chrm01_circ_3060179	NP_Ct_r01_2017_04_03_L002	3	0.0000	0.0000	1.0000
HAMBI_0403_chrm01_circ_3060179	NP_Ct_r01_2017_08_21_L001	3	0.0000	0.0000	1.0000
HAMBI_0403_chrm01_circ_3060179	NP_Ct_r01_2017_09_18_L001	3	0.0101	0.0000	1.0000
HAMBI_0403_chrm01_circ_3060179	NP_Ct_r01_2017_11_14_L001-L004_merged	3	0.0101	0.0000	1.0000
HAMBI_0403_chrm01_circ_3060179	NP_Ct_r01_2018_03_06_L001	3	0.0000	0.0000	1.0000
HAMBI_0403_chrm01_circ_3060179	NP_Ct_r01_2018_06_26_L001	3	0.0303	0.0003	1.0000
HAMBI_0403_chrm01_circ_3060179	NP_Ct_r01_2018_07_24_L001	3	0.0404	0.0001	1.0000
HAMBI_0403_chrm01_circ_3060179	NP_Ct_r01_2018_08_21_L002	3	0.0303	0.0000	1.0000
HAMBI_0403_chrm01_circ_3060179	NP_Ct_r01_2018_09_18_L001	3	0.0202	0.0000	1.0000
HAMBI_0403_chrm01_circ_3060179	NP_Ct_r01_2018_10_16_L001	3	0.0202	0.0000	1.0000
HAMBI_0403_chrm01_circ_3060179	NP_Ct_r01_2018_11_13_L001	3	0.0705	0.0016	1.0000
HAMBI_0403_chrm01_circ_3060179	NP_Ct_r01_2018_12_11_L001	3	0.1074	0.0049	1.0000
HAMBI_0403_chrm01_circ_3060179	NP_Ct_r01_2019_02_04_L003	3	0.2169	0.0052	1.0000
HAMBI_0403_chrm01_circ_3060179	NP_Ct_r01_2019_02_25_L003	3	0.2224	0.0028	1.0000
HAMBI_0403_chrm01_circ_3087289	NP_Ct_r01_2016_10_11_L001-L004_merged	3	0.0000	0.0000	1.0000
HAMBI_0403_chrm01_circ_3087289	NP_Ct_r01_2016_12_05_L001-L004_merged	3	0.0000	0.0000	1.0000
HAMBI_0403_chrm01_circ_3087289	NP_Ct_r01_2017_02_06_L001-L004_merged	3	0.0000	0.0000	1.0000
HAMBI_0403_chrm01_circ_3087289	NP_Ct_r01_2017_03_06_L002	3	0.0000	0.0000	1.0000
HAMBI_0403_chrm01_circ_3087289	NP_Ct_r01_2017_04_03_L002	3	0.0000	0.0000	1.0000
HAMBI_0403_chrm01_circ_3087289	NP_Ct_r01_2017_08_21_L001	3	0.0000	0.0000	1.0000
HAMBI_0403_chrm01_circ_3087289	NP_Ct_r01_2017_09_18_L001	3	0.0101	0.0000	1.0000
HAMBI_0403_chrm01_circ_3087289	NP_Ct_r01_2017_11_14_L001-L004_merged	3	0.0101	0.0000	1.0000
HAMBI_0403_chrm01_circ_3087289	NP_Ct_r01_2018_03_06_L001	3	0.0000	0.0000	1.0000
HAMBI_0403_chrm01_circ_3087289	NP_Ct_r01_2018_06_26_L001	3	0.0303	0.0003	1.0000
HAMBI_0403_chrm01_circ_3087289	NP_Ct_r01_2018_07_24_L001	3	0.0404	0.0001	1.0000
HAMBI_0403_chrm01_circ_3087289	NP_Ct_r01_2018_08_21_L002	3	0.0303	0.0000	1.0000
HAMBI_0403_chrm01_circ_3087289	NP_Ct_r01_2018_09_18_L001	3	0.0202	0.0000	1.0000
HAMBI_0403_chrm01_circ_3087289	NP_Ct_r01_2018_10_16_L001	3	0.0202	0.0000	1.0000
HAMBI_0403_chrm01_circ_3087289	NP_Ct_r01_2018_11_13_L001	3	0.0705	0.0016	1.0000
HAMBI_0403_chrm01_circ_3087289	NP_Ct_r01_2018_12_11_L001	3	0.1074	0.0049	1.0000
HAMBI_0403_chrm01_circ_3087289	NP_Ct_r01_2019_02_04_L003	3	0.2169	0.0052	1.0000
HAMBI_0403_chrm01_circ_3087289	NP_Ct_r01_2019_02_25_L003	3	0.2224	0.0028	1.0000
HAMBI_0403_chrm01_circ_3103731	NP_Ct_r01_2016_10_11_L001-L004_merged	3	0.0000	0.0000	1.0000
HAMBI_0403_chrm01_circ_3103731	NP_Ct_r01_2016_12_05_L001-L004_merged	3	0.0000	0.0000	1.0000
HAMBI_0403_chrm01_circ_3103731	NP_Ct_r01_2017_02_06_L001-L004_merged	3	0.0000	0.0000	1.0000
HAMBI_0403_chrm01_circ_3103731	NP_Ct_r01_2017_03_06_L002	3	0.0000	0.0000	1.0000
HAMBI_0403_chrm01_circ_3103731	NP_Ct_r01_2017_04_03_L002	3	0.0000	0.0000	1.0000
HAMBI_0403_chrm01_circ_3103731	NP_Ct_r01_2017_08_21_L001	3	0.0000	0.0000	1.0000
HAMBI_0403_chrm01_circ_3103731	NP_Ct_r01_2017_09_18_L001	3	0.0101	0.0000	1.0000
HAMBI_0403_chrm01_circ_3103731	NP_Ct_r01_2017_11_14_L001-L004_merged	3	0.0101	0.0000	1.0000
HAMBI_0403_chrm01_circ_3103731	NP_Ct_r01_2018_03_06_L001	3	0.0000	0.0000	1.0000
HAMBI_0403_chrm01_circ_3103731	NP_Ct_r01_2018_06_26_L001	3	0.0303	0.0003	1.0000
HAMBI_0403_chrm01_circ_3103731	NP_Ct_r01_2018_07_24_L001	3	0.0404	0.0001	1.0000
HAMBI_0403_chrm01_circ_3103731	NP_Ct_r01_2018_08_21_L002	3	0.0303	0.0000	1.0000
HAMBI_0403_chrm01_circ_3103731	NP_Ct_r01_2018_09_18_L001	3	0.0202	0.0000	1.0000
HAMBI_0403_chrm01_circ_3103731	NP_Ct_r01_2018_10_16_L001	3	0.0202	0.0000	1.0000
HAMBI_0403_chrm01_circ_3103731	NP_Ct_r01_2018_11_13_L001	3	0.0705	0.0016	1.0000
HAMBI_0403_chrm01_circ_3103731	NP_Ct_r01_2018_12_11_L001	3	0.1074	0.0049	1.0000
HAMBI_0403_chrm01_circ_3103731	NP_Ct_r01_2019_02_04_L003	3	0.2169	0.0052	1.0000
HAMBI_0403_chrm01_circ_3103731	NP_Ct_r01_2019_02_25_L003	3	0.2224	0.0028	1.0000
HAMBI_0403_chrm01_circ_3178892	NP_Ct_r01_2016_10_11_L001-L004_merged	3	0.0000	0.0000	1.0000
HAMBI_0403_chrm01_circ_3178892	NP_Ct_r01_2016_12_05_L001-L004_merged	3	0.0000	0.0000	1.0000
HAMBI_0403_chrm01_circ_3178892	NP_Ct_r01_2017_02_06_L001-L004_merged	3	0.0000	0.0000	1.0000
HAMBI_0403_chrm01_circ_3178892	NP_Ct_r01_2017_03_06_L002	3	0.0000	0.0000	1.0000
HAMBI_0403_chrm01_circ_3178892	NP_Ct_r01_2017_04_03_L002	3	0.0000	0.0000	1.0000
HAMBI_0403_chrm01_circ_3178892	NP_Ct_r01_2017_08_21_L001	3	0.0000	0.0000	1.0000
HAMBI_0403_chrm01_circ_3178892	NP_Ct_r01_2017_09_18_L001	3	0.0101	0.0000	1.0000
HAMBI_0403_chrm01_circ_3178892	NP_Ct_r01_2017_11_14_L001-L004_merged	3	0.0101	0.0000	1.0000
HAMBI_0403_chrm01_circ_3178892	NP_Ct_r01_2018_03_06_L001	3	0.0000	0.0000	1.0000
HAMBI_0403_chrm01_circ_3178892	NP_Ct_r01_2018_06_26_L001	3	0.0303	0.0003	1.0000
HAMBI_0403_chrm01_circ_3178892	NP_Ct_r01_2018_07_24_L001	3	0.0404	0.0001	1.0000
HAMBI_0403_chrm01_circ_3178892	NP_Ct_r01_2018_08_21_L002	3	0.0303	0.0000	1.0000
HAMBI_0403_chrm01_circ_3178892	NP_Ct_r01_2018_09_18_L001	3	0.0202	0.0000	1.0000
HAMBI_0403_chrm01_circ_3178892	NP_Ct_r01_2018_10_16_L001	3	0.0202	0.0000	1.0000
HAMBI_0403_chrm01_circ_3178892	NP_Ct_r01_2018_11_13_L001	3	0.0705	0.0016	1.0000
HAMBI_0403_chrm01_circ_3178892	NP_Ct_r01_2018_12_11_L001	3	0.1074	0.0049	1.0000
HAMBI_0403_chrm01_circ_3178892	NP_Ct_r01_2019_02_04_L003	3	0.2169	0.0052	1.0000
HAMBI_0403_chrm01_circ_3178892	NP_Ct_r01_2019_02_25_L003	3	0.2224	0.0028	1.0000
HAMBI_0403_chrm01_circ_3348412	NP_Ct_r01_2016_10_11_L001-L004_merged	3	0.0000	0.0000	1.0000
HAMBI_0403_chrm01_circ_3348412	NP_Ct_r01_2016_12_05_L001-L004_merged	3	0.0000	0.0000	1.0000
HAMBI_0403_chrm01_circ_3348412	NP_Ct_r01_2017_02_06_L001-L004_merged	3	0.0000	0.0000	1.0000
HAMBI_0403_chrm01_circ_3348412	NP_Ct_r01_2017_03_06_L002	3	0.0000	0.0000	1.0000
HAMBI_0403_chrm01_circ_3348412	NP_Ct_r01_2017_04_03_L002	3	0.0000	0.0000	1.0000
HAMBI_0403_chrm01_circ_3348412	NP_Ct_r01_2017_08_21_L001	3	0.0000	0.0000	1.0000
HAMBI_0403_chrm01_circ_3348412	NP_Ct_r01_2017_09_18_L001	3	0.0101	0.0000	1.0000
HAMBI_0403_chrm01_circ_3348412	NP_Ct_r01_2017_11_14_L001-L004_merged	3	0.0101	0.0000	1.0000
HAMBI_0403_chrm01_circ_3348412	NP_Ct_r01_2018_03_06_L001	3	0.0000	0.0000	1.0000
HAMBI_0403_chrm01_circ_3348412	NP_Ct_r01_2018_06_26_L001	3	0.0303	0.0003	1.0000
HAMBI_0403_chrm01_circ_3348412	NP_Ct_r01_2018_07_24_L001	3	0.0404	0.0001	1.0000
HAMBI_0403_chrm01_circ_3348412	NP_Ct_r01_2018_08_21_L002	3	0.0303	0.0000	1.0000
HAMBI_0403_chrm01_circ_3348412	NP_Ct_r01_2018_09_18_L001	3	0.0202	0.0000	1.0000
HAMBI_0403_chrm01_circ_3348412	NP_Ct_r01_2018_10_16_L001	3	0.0202	0.0000	1.0000
HAMBI_0403_chrm01_circ_3348412	NP_Ct_r01_2018_11_13_L001	3	0.0705	0.0016	1.0000
HAMBI_0403_chrm01_circ_3348412	NP_Ct_r01_2018_12_11_L001	3	0.1074	0.0049	1.0000
HAMBI_0403_chrm01_circ_3348412	NP_Ct_r01_2019_02_04_L003	3	0.2169	0.0052	1.0000
HAMBI_0403_chrm01_circ_3348412	NP_Ct_r01_2019_02_25_L003	3	0.2224	0.0028	1.0000
HAMBI_0403_chrm01_circ_3430586	NP_Ct_r01_2016_10_11_L001-L004_merged	3	0.0000	0.0000	1.0000
HAMBI_0403_chrm01_circ_3430586	NP_Ct_r01_2016_12_05_L001-L004_merged	3	0.0000	0.0000	1.0000
HAMBI_0403_chrm01_circ_3430586	NP_Ct_r01_2017_02_06_L001-L004_merged	3	0.0000	0.0000	1.0000
HAMBI_0403_chrm01_circ_3430586	NP_Ct_r01_2017_03_06_L002	3	0.0000	0.0000	1.0000
HAMBI_0403_chrm01_circ_3430586	NP_Ct_r01_2017_04_03_L002	3	0.0000	0.0000	1.0000
HAMBI_0403_chrm01_circ_3430586	NP_Ct_r01_2017_08_21_L001	3	0.0000	0.0000	1.0000
HAMBI_0403_chrm01_circ_3430586	NP_Ct_r01_2017_09_18_L001	3	0.0101	0.0000	1.0000
HAMBI_0403_chrm01_circ_3430586	NP_Ct_r01_2017_11_14_L001-L004_merged	3	0.0101	0.0000	1.0000
HAMBI_0403_chrm01_circ_3430586	NP_Ct_r01_2018_03_06_L001	3	0.0000	0.0000	1.0000
HAMBI_0403_chrm01_circ_3430586	NP_Ct_r01_2018_06_26_L001	3	0.0303	0.0003	1.0000
HAMBI_0403_chrm01_circ_3430586	NP_Ct_r01_2018_07_24_L001	3	0.0404	0.0001	1.0000
HAMBI_0403_chrm01_circ_3430586	NP_Ct_r01_2018_08_21_L002	3	0.0303	0.0000	1.0000
HAMBI_0403_chrm01_circ_3430586	NP_Ct_r01_2018_09_18_L001	3	0.0202	0.0000	1.0000
HAMBI_0403_chrm01_circ_3430586	NP_Ct_r01_2018_10_16_L001	3	0.0202	0.0000	1.0000
HAMBI_0403_chrm01_circ_3430586	NP_Ct_r01_2018_11_13_L001	3	0.0705	0.0016	1.0000
HAMBI_0403_chrm01_circ_3430586	NP_Ct_r01_2018_12_11_L001	3	0.1074	0.0049	1.0000
HAMBI_0403_chrm01_circ_3430586	NP_Ct_r01_2019_02_04_L003	3	0.2169	0.0052	1.0000
HAMBI_0403_chrm01_circ_3430586	NP_Ct_r01_2019_02_25_L003	3	0.2224	0.0028	1.0000
HAMBI_0403_chrm01_circ_3514428	NP_Ct_r01_2016_10_11_L001-L004_merged	3	0.0000	0.0000	1.0000
HAMBI_0403_chrm01_circ_3514428	NP_Ct_r01_2016_12_05_L001-L004_merged	3	0.0000	0.0000	1.0000
HAMBI_0403_chrm01_circ_3514428	NP_Ct_r01_2017_02_06_L001-L004_merged	3	0.0000	0.0000	1.0000
HAMBI_0403_chrm01_circ_3514428	NP_Ct_r01_2017_03_06_L002	3	0.0000	0.0000	1.0000
HAMBI_0403_chrm01_circ_3514428	NP_Ct_r01_2017_04_03_L002	3	0.0000	0.0000	1.0000
HAMBI_0403_chrm01_circ_3514428	NP_Ct_r01_2017_08_21_L001	3	0.0000	0.0000	1.0000
HAMBI_0403_chrm01_circ_3514428	NP_Ct_r01_2017_09_18_L001	3	0.0101	0.0000	1.0000
HAMBI_0403_chrm01_circ_3514428	NP_Ct_r01_2017_11_14_L001-L004_merged	3	0.0101	0.0000	1.0000
HAMBI_0403_chrm01_circ_3514428	NP_Ct_r01_2018_03_06_L001	3	0.0000	0.0000	1.0000
HAMBI_0403_chrm01_circ_3514428	NP_Ct_r01_2018_06_26_L001	3	0.0303	0.0003	1.0000
HAMBI_0403_chrm01_circ_3514428	NP_Ct_r01_2018_07_24_L001	3	0.0404	0.0001	1.0000
HAMBI_0403_chrm01_circ_3514428	NP_Ct_r01_2018_08_21_L002	3	0.0303	0.0000	1.0000
HAMBI_0403_chrm01_circ_3514428	NP_Ct_r01_2018_09_18_L001	3	0.0202	0.0000	1.0000
HAMBI_0403_chrm01_circ_3514428	NP_Ct_r01_2018_10_16_L001	3	0.0202	0.0000	1.0000
HAMBI_0403_chrm01_circ_3514428	NP_Ct_r01_2018_11_13_L001	3	0.0705	0.0016	1.0000
HAMBI_0403_chrm01_circ_3514428	NP_Ct_r01_2018_12_11_L001	3	0.1074	0.0049	1.0000
HAMBI_0403_chrm01_circ_3514428	NP_Ct_r01_2019_02_04_L003	3	0.2169	0.0052	1.0000
HAMBI_0403_chrm01_circ_3514428	NP_Ct_r01_2019_02_25_L003	3	0.2224	0.0028	1.0000
HAMBI_0403_chrm01_circ_3583051	NP_Ct_r01_2016_10_11_L001-L004_merged	3	0.0000	0.0000	1.0000
HAMBI_0403_chrm01_circ_3583051	NP_Ct_r01_2016_12_05_L001-L004_merged	3	0.0000	0.0000	1.0000
HAMBI_0403_chrm01_circ_3583051	NP_Ct_r01_2017_02_06_L001-L004_merged	3	0.0000	0.0000	1.0000
HAMBI_0403_chrm01_circ_3583051	NP_Ct_r01_2017_03_06_L002	3	0.0000	0.0000	1.0000
HAMBI_0403_chrm01_circ_3583051	NP_Ct_r01_2017_04_03_L002	3	0.0000	0.0000	1.0000
HAMBI_0403_chrm01_circ_3583051	NP_Ct_r01_2017_08_21_L001	3	0.0000	0.0000	1.0000
HAMBI_0403_chrm01_circ_3583051	NP_Ct_r01_2017_09_18_L001	3	0.0101	0.0000	1.0000
HAMBI_0403_chrm01_circ_3583051	NP_Ct_r01_2017_11_14_L001-L004_merged	3	0.0101	0.0000	1.0000
HAMBI_0403_chrm01_circ_3583051	NP_Ct_r01_2018_03_06_L001	3	0.0000	0.0000	1.0000
HAMBI_0403_chrm01_circ_3583051	NP_Ct_r01_2018_06_26_L001	3	0.0303	0.0003	1.0000
HAMBI_0403_chrm01_circ_3583051	NP_Ct_r01_2018_07_24_L001	3	0.0404	0.0001	1.0000
HAMBI_0403_chrm01_circ_3583051	NP_Ct_r01_2018_08_21_L002	3	0.0303	0.0000	1.0000
HAMBI_0403_chrm01_circ_3583051	NP_Ct_r01_2018_09_18_L001	3	0.0202	0.0000	1.0000
HAMBI_0403_chrm01_circ_3583051	NP_Ct_r01_2018_10_16_L001	3	0.0202	0.0000	1.0000
HAMBI_0403_chrm01_circ_3583051	NP_Ct_r01_2018_11_13_L001	3	0.0705	0.0016	1.0000
HAMBI_0403_chrm01_circ_3583051	NP_Ct_r01_2018_12_11_L001	3	0.1074	0.0049	1.0000
HAMBI_0403_chrm01_circ_3583051	NP_Ct_r01_2019_02_04_L003	3	0.2169	0.0052	1.0000
HAMBI_0403_chrm01_circ_3583051	NP_Ct_r01_2019_02_25_L003	3	0.2224	0.0028	1.0000
HAMBI_0403_chrm01_circ_3598998	NP_Ct_r01_2016_10_11_L001-L004_merged	3	0.0000	0.0000	1.0000
HAMBI_0403_chrm01_circ_3598998	NP_Ct_r01_2016_12_05_L001-L004_merged	3	0.0000	0.0000	1.0000
HAMBI_0403_chrm01_circ_3598998	NP_Ct_r01_2017_02_06_L001-L004_merged	3	0.0000	0.0000	1.0000
HAMBI_0403_chrm01_circ_3598998	NP_Ct_r01_2017_03_06_L002	3	0.0000	0.0000	1.0000
HAMBI_0403_chrm01_circ_3598998	NP_Ct_r01_2017_04_03_L002	3	0.0000	0.0000	1.0000
HAMBI_0403_chrm01_circ_3598998	NP_Ct_r01_2017_08_21_L001	3	0.0000	0.0000	1.0000
HAMBI_0403_chrm01_circ_3598998	NP_Ct_r01_2017_09_18_L001	3	0.0101	0.0000	1.0000
HAMBI_0403_chrm01_circ_3598998	NP_Ct_r01_2017_11_14_L001-L004_merged	3	0.0101	0.0000	1.0000
HAMBI_0403_chrm01_circ_3598998	NP_Ct_r01_2018_03_06_L001	3	0.0000	0.0000	1.0000
HAMBI_0403_chrm01_circ_3598998	NP_Ct_r01_2018_06_26_L001	3	0.0303	0.0003	1.0000
HAMBI_0403_chrm01_circ_3598998	NP_Ct_r01_2018_07_24_L001	3	0.0404	0.0001	1.0000
HAMBI_0403_chrm01_circ_3598998	NP_Ct_r01_2018_08_21_L002	3	0.0303	0.0000	1.0000
HAMBI_0403_chrm01_circ_3598998	NP_Ct_r01_2018_09_18_L001	3	0.0202	0.0000	1.0000
HAMBI_0403_chrm01_circ_3598998	NP_Ct_r01_2018_10_16_L001	3	0.0202	0.0000	1.0000
HAMBI_0403_chrm01_circ_3598998	NP_Ct_r01_2018_11_13_L001	3	0.0705	0.0016	1.0000
HAMBI_0403_chrm01_circ_3598998	NP_Ct_r01_2018_12_11_L001	3	0.1074	0.0049	1.0000
HAMBI_0403_chrm01_circ_3598998	NP_Ct_r01_2019_02_04_L003	3	0.2169	0.0052	1.0000
HAMBI_0403_chrm01_circ_3598998	NP_Ct_r01_2019_02_25_L003	3	0.2224	0.0028	1.0000
HAMBI_0403_chrm01_circ_363853	NP_Ct_r01_2016_10_11_L001-L004_merged	3	0.0000	0.0000	1.0000
HAMBI_0403_chrm01_circ_363853	NP_Ct_r01_2016_12_05_L001-L004_merged	3	0.0000	0.0000	1.0000
HAMBI_0403_chrm01_circ_363853	NP_Ct_r01_2017_02_06_L001-L004_merged	3	0.0000	0.0000	1.0000
HAMBI_0403_chrm01_circ_363853	NP_Ct_r01_2017_03_06_L002	3	0.0000	0.0000	1.0000
HAMBI_0403_chrm01_circ_363853	NP_Ct_r01_2017_04_03_L002	3	0.0000	0.0000	1.0000
HAMBI_0403_chrm01_circ_363853	NP_Ct_r01_2017_08_21_L001	3	0.0000	0.0000	1.0000
HAMBI_0403_chrm01_circ_363853	NP_Ct_r01_2017_09_18_L001	3	0.0101	0.0000	1.0000
HAMBI_0403_chrm01_circ_363853	NP_Ct_r01_2017_11_14_L001-L004_merged	3	0.0101	0.0000	1.0000
HAMBI_0403_chrm01_circ_363853	NP_Ct_r01_2018_03_06_L001	3	0.0000	0.0000	1.0000
HAMBI_0403_chrm01_circ_363853	NP_Ct_r01_2018_06_26_L001	3	0.0303	0.0003	1.0000
HAMBI_0403_chrm01_circ_363853	NP_Ct_r01_2018_07_24_L001	3	0.0404	0.0001	1.0000
HAMBI_0403_chrm01_circ_363853	NP_Ct_r01_2018_08_21_L002	3	0.0303	0.0000	1.0000
HAMBI_0403_chrm01_circ_363853	NP_Ct_r01_2018_09_18_L001	3	0.0202	0.0000	1.0000
HAMBI_0403_chrm01_circ_363853	NP_Ct_r01_2018_10_16_L001	3	0.0202	0.0000	1.0000
HAMBI_0403_chrm01_circ_363853	NP_Ct_r01_2018_11_13_L001	3	0.0705	0.0016	1.0000
HAMBI_0403_chrm01_circ_363853	NP_Ct_r01_2018_12_11_L001	3	0.1074	0.0049	1.0000
HAMBI_0403_chrm01_circ_363853	NP_Ct_r01_2019_02_04_L003	3	0.2169	0.0052	1.0000
HAMBI_0403_chrm01_circ_363853	NP_Ct_r01_2019_02_25_L003	3	0.2224	0.0028	1.0000
HAMBI_0403_chrm01_circ_3784310	NP_Ct_r01_2016_10_11_L001-L004_merged	3	0.0000	0.0000	1.0000
HAMBI_0403_chrm01_circ_3784310	NP_Ct_r01_2016_12_05_L001-L004_merged	3	0.0000	0.0000	1.0000
HAMBI_0403_chrm01_circ_3784310	NP_Ct_r01_2017_02_06_L001-L004_merged	3	0.0000	0.0000	1.0000
HAMBI_0403_chrm01_circ_3784310	NP_Ct_r01_2017_03_06_L002	3	0.0000	0.0000	1.0000
HAMBI_0403_chrm01_circ_3784310	NP_Ct_r01_2017_04_03_L002	3	0.0000	0.0000	1.0000
HAMBI_0403_chrm01_circ_3784310	NP_Ct_r01_2017_08_21_L001	3	0.0000	0.0000	1.0000
HAMBI_0403_chrm01_circ_3784310	NP_Ct_r01_2017_09_18_L001	3	0.0101	0.0000	1.0000
HAMBI_0403_chrm01_circ_3784310	NP_Ct_r01_2017_11_14_L001-L004_merged	3	0.0101	0.0000	1.0000
HAMBI_0403_chrm01_circ_3784310	NP_Ct_r01_2018_03_06_L001	3	0.0000	0.0000	1.0000
HAMBI_0403_chrm01_circ_3784310	NP_Ct_r01_2018_06_26_L001	3	0.0303	0.0003	1.0000
HAMBI_0403_chrm01_circ_3784310	NP_Ct_r01_2018_07_24_L001	3	0.0404	0.0001	1.0000
HAMBI_0403_chrm01_circ_3784310	NP_Ct_r01_2018_08_21_L002	3	0.0303	0.0000	1.0000
HAMBI_0403_chrm01_circ_3784310	NP_Ct_r01_2018_09_18_L001	3	0.0202	0.0000	1.0000
HAMBI_0403_chrm01_circ_3784310	NP_Ct_r01_2018_10_16_L001	3	0.0202	0.0000	1.0000
HAMBI_0403_chrm01_circ_3784310	NP_Ct_r01_2018_11_13_L001	3	0.0705	0.0016	1.0000
HAMBI_0403_chrm01_circ_3784310	NP_Ct_r01_2018_12_11_L001	3	0.1074	0.0049	1.0000
HAMBI_0403_chrm01_circ_3784310	NP_Ct_r01_2019_02_04_L003	3	0.2169	0.0052	1.0000
HAMBI_0403_chrm01_circ_3784310	NP_Ct_r01_2019_02_25_L003	3	0.2224	0.0028	1.0000
HAMBI_0403_chrm01_circ_3835502	NP_Ct_r01_2016_10_11_L001-L004_merged	3	0.0000	0.0000	1.0000
HAMBI_0403_chrm01_circ_3835502	NP_Ct_r01_2016_12_05_L001-L004_merged	3	0.0000	0.0000	1.0000
HAMBI_0403_chrm01_circ_3835502	NP_Ct_r01_2017_02_06_L001-L004_merged	3	0.0000	0.0000	1.0000
HAMBI_0403_chrm01_circ_3835502	NP_Ct_r01_2017_03_06_L002	3	0.0000	0.0000	1.0000
HAMBI_0403_chrm01_circ_3835502	NP_Ct_r01_2017_04_03_L002	3	0.0000	0.0000	1.0000
HAMBI_0403_chrm01_circ_3835502	NP_Ct_r01_2017_08_21_L001	3	0.0000	0.0000	1.0000
HAMBI_0403_chrm01_circ_3835502	NP_Ct_r01_2017_09_18_L001	3	0.0101	0.0000	1.0000
HAMBI_0403_chrm01_circ_3835502	NP_Ct_r01_2017_11_14_L001-L004_merged	3	0.0101	0.0000	1.0000
HAMBI_0403_chrm01_circ_3835502	NP_Ct_r01_2018_03_06_L001	3	0.0000	0.0000	1.0000
HAMBI_0403_chrm01_circ_3835502	NP_Ct_r01_2018_06_26_L001	3	0.0303	0.0003	1.0000
HAMBI_0403_chrm01_circ_3835502	NP_Ct_r01_2018_07_24_L001	3	0.0404	0.0001	1.0000
HAMBI_0403_chrm01_circ_3835502	NP_Ct_r01_2018_08_21_L002	3	0.0303	0.0000	1.0000
HAMBI_0403_chrm01_circ_3835502	NP_Ct_r01_2018_09_18_L001	3	0.0202	0.0000	1.0000
HAMBI_0403_chrm01_circ_3835502	NP_Ct_r01_2018_10_16_L001	3	0.0202	0.0000	1.0000
HAMBI_0403_chrm01_circ_3835502	NP_Ct_r01_2018_11_13_L001	3	0.0705	0.0016	1.0000
HAMBI_0403_chrm01_circ_3835502	NP_Ct_r01_2018_12_11_L001	3	0.1074	0.0049	1.0000
HAMBI_0403_chrm01_circ_3835502	NP_Ct_r01_2019_02_04_L003	3	0.2169	0.0052	1.0000
HAMBI_0403_chrm01_circ_3835502	NP_Ct_r01_2019_02_25_L003	3	0.2224	0.0028	1.0000
HAMBI_0403_chrm01_circ_4039075	NP_Ct_r01_2016_10_11_L001-L004_merged	3	0.0000	0.0000	1.0000
HAMBI_0403_chrm01_circ_4039075	NP_Ct_r01_2016_12_05_L001-L004_merged	3	0.0000	0.0000	1.0000
HAMBI_0403_chrm01_circ_4039075	NP_Ct_r01_2017_02_06_L001-L004_merged	3	0.0000	0.0000	1.0000
HAMBI_0403_chrm01_circ_4039075	NP_Ct_r01_2017_03_06_L002	3	0.0000	0.0000	1.0000
HAMBI_0403_chrm01_circ_4039075	NP_Ct_r01_2017_04_03_L002	3	0.0000	0.0000	1.0000
HAMBI_0403_chrm01_circ_4039075	NP_Ct_r01_2017_08_21_L001	3	0.0000	0.0000	1.0000
HAMBI_0403_chrm01_circ_4039075	NP_Ct_r01_2017_09_18_L001	3	0.0101	0.0000	1.0000
HAMBI_0403_chrm01_circ_4039075	NP_Ct_r01_2017_11_14_L001-L004_merged	3	0.0101	0.0000	1.0000
HAMBI_0403_chrm01_circ_4039075	NP_Ct_r01_2018_03_06_L001	3	0.0000	0.0000	1.0000
HAMBI_0403_chrm01_circ_4039075	NP_Ct_r01_2018_06_26_L001	3	0.0303	0.0003	1.0000
HAMBI_0403_chrm01_circ_4039075	NP_Ct_r01_2018_07_24_L001	3	0.0404	0.0001	1.0000
HAMBI_0403_chrm01_circ_4039075	NP_Ct_r01_2018_08_21_L002	3	0.0303	0.0000	1.0000
HAMBI_0403_chrm01_circ_4039075	NP_Ct_r01_2018_09_18_L001	3	0.0202	0.0000	1.0000
HAMBI_0403_chrm01_circ_4039075	NP_Ct_r01_2018_10_16_L001	3	0.0202	0.0000	1.0000
HAMBI_0403_chrm01_circ_4039075	NP_Ct_r01_2018_11_13_L001	3	0.0705	0.0016	1.0000
HAMBI_0403_chrm01_circ_4039075	NP_Ct_r01_2018_12_11_L001	3	0.1074	0.0049	1.0000
HAMBI_0403_chrm01_circ_4039075	NP_Ct_r01_2019_02_04_L003	3	0.2169	0.0052	1.0000
HAMBI_0403_chrm01_circ_4039075	NP_Ct_r01_2019_02_25_L003	3	0.2224	0.0028	1.0000
HAMBI_0403_chrm01_circ_4062981	NP_Ct_r01_2016_10_11_L001-L004_merged	3	0.0000	0.0000	1.0000
HAMBI_0403_chrm01_circ_4062981	NP_Ct_r01_2016_12_05_L001-L004_merged	3	0.0000	0.0000	1.0000
HAMBI_0403_chrm01_circ_4062981	NP_Ct_r01_2017_02_06_L001-L004_merged	3	0.0000	0.0000	1.0000
HAMBI_0403_chrm01_circ_4062981	NP_Ct_r01_2017_03_06_L002	3	0.0000	0.0000	1.0000
HAMBI_0403_chrm01_circ_4062981	NP_Ct_r01_2017_04_03_L002	3	0.0000	0.0000	1.0000
HAMBI_0403_chrm01_circ_4062981	NP_Ct_r01_2017_08_21_L001	3	0.0000	0.0000	1.0000
HAMBI_0403_chrm01_circ_4062981	NP_Ct_r01_2017_09_18_L001	3	0.0101	0.0000	1.0000
HAMBI_0403_chrm01_circ_4062981	NP_Ct_r01_2017_11_14_L001-L004_merged	3	0.0101	0.0000	1.0000
HAMBI_0403_chrm01_circ_4062981	NP_Ct_r01_2018_03_06_L001	3	0.0000	0.0000	1.0000
HAMBI_0403_chrm01_circ_4062981	NP_Ct_r01_2018_06_26_L001	3	0.0303	0.0003	1.0000
HAMBI_0403_chrm01_circ_4062981	NP_Ct_r01_2018_07_24_L001	3	0.0404	0.0001	1.0000
HAMBI_0403_chrm01_circ_4062981	NP_Ct_r01_2018_08_21_L002	3	0.0303	0.0000	1.0000
HAMBI_0403_chrm01_circ_4062981	NP_Ct_r01_2018_09_18_L001	3	0.0202	0.0000	1.0000
HAMBI_0403_chrm01_circ_4062981	NP_Ct_r01_2018_10_16_L001	3	0.0202	0.0000	1.0000
HAMBI_0403_chrm01_circ_4062981	NP_Ct_r01_2018_11_13_L001	3	0.0705	0.0016	1.0000
HAMBI_0403_chrm01_circ_4062981	NP_Ct_r01_2018_12_11_L001	3	0.1074	0.0049	1.0000
HAMBI_0403_chrm01_circ_4062981	NP_Ct_r01_2019_02_04_L003	3	0.2169	0.0052	1.0000
HAMBI_0403_chrm01_circ_4062981	NP_Ct_r01_2019_02_25_L003	3	0.2224	0.0028	1.0000
HAMBI_0403_chrm01_circ_4074693	NP_Ct_r01_2016_10_11_L001-L004_merged	3	0.0000	0.0000	1.0000
HAMBI_0403_chrm01_circ_4074693	NP_Ct_r01_2016_12_05_L001-L004_merged	3	0.0000	0.0000	1.0000
HAMBI_0403_chrm01_circ_4074693	NP_Ct_r01_2017_02_06_L001-L004_merged	3	0.0000	0.0000	1.0000
HAMBI_0403_chrm01_circ_4074693	NP_Ct_r01_2017_03_06_L002	3	0.0000	0.0000	1.0000
HAMBI_0403_chrm01_circ_4074693	NP_Ct_r01_2017_04_03_L002	3	0.0000	0.0000	1.0000
HAMBI_0403_chrm01_circ_4074693	NP_Ct_r01_2017_08_21_L001	3	0.0000	0.0000	1.0000
HAMBI_0403_chrm01_circ_4074693	NP_Ct_r01_2017_09_18_L001	3	0.0101	0.0000	1.0000
HAMBI_0403_chrm01_circ_4074693	NP_Ct_r01_2017_11_14_L001-L004_merged	3	0.0101	0.0000	1.0000
HAMBI_0403_chrm01_circ_4074693	NP_Ct_r01_2018_03_06_L001	3	0.0000	0.0000	1.0000
HAMBI_0403_chrm01_circ_4074693	NP_Ct_r01_2018_06_26_L001	3	0.0303	0.0003	1.0000
HAMBI_0403_chrm01_circ_4074693	NP_Ct_r01_2018_07_24_L001	3	0.0404	0.0001	1.0000
HAMBI_0403_chrm01_circ_4074693	NP_Ct_r01_2018_08_21_L002	3	0.0303	0.0000	1.0000
HAMBI_0403_chrm01_circ_4074693	NP_Ct_r01_2018_09_18_L001	3	0.0202	0.0000	1.0000
HAMBI_0403_chrm01_circ_4074693	NP_Ct_r01_2018_10_16_L001	3	0.0202	0.0000	1.0000
HAMBI_0403_chrm01_circ_4074693	NP_Ct_r01_2018_11_13_L001	3	0.0705	0.0016	1.0000
HAMBI_0403_chrm01_circ_4074693	NP_Ct_r01_2018_12_11_L001	3	0.1074	0.0049	1.0000
HAMBI_0403_chrm01_circ_4074693	NP_Ct_r01_2019_02_04_L003	3	0.2169	0.0052	1.0000
HAMBI_0403_chrm01_circ_4074693	NP_Ct_r01_2019_02_25_L003	3	0.2224	0.0028	1.0000
HAMBI_0403_chrm01_circ_4148379	NP_Ct_r01_2016_10_11_L001-L004_merged	3	0.0000	0.0000	1.0000
HAMBI_0403_chrm01_circ_4148379	NP_Ct_r01_2016_12_05_L001-L004_merged	3	0.0000	0.0000	1.0000
HAMBI_0403_chrm01_circ_4148379	NP_Ct_r01_2017_02_06_L001-L004_merged	3	0.0000	0.0000	1.0000
HAMBI_0403_chrm01_circ_4148379	NP_Ct_r01_2017_03_06_L002	3	0.0000	0.0000	1.0000
HAMBI_0403_chrm01_circ_4148379	NP_Ct_r01_2017_04_03_L002	3	0.0000	0.0000	1.0000
HAMBI_0403_chrm01_circ_4148379	NP_Ct_r01_2017_08_21_L001	3	0.0000	0.0000	1.0000
HAMBI_0403_chrm01_circ_4148379	NP_Ct_r01_2017_09_18_L001	3	0.0101	0.0000	1.0000
HAMBI_0403_chrm01_circ_4148379	NP_Ct_r01_2017_11_14_L001-L004_merged	3	0.0101	0.0000	1.0000
HAMBI_0403_chrm01_circ_4148379	NP_Ct_r01_2018_03_06_L001	3	0.0000	0.0000	1.0000
HAMBI_0403_chrm01_circ_4148379	NP_Ct_r01_2018_06_26_L001	3	0.0303	0.0003	1.0000
HAMBI_0403_chrm01_circ_4148379	NP_Ct_r01_2018_07_24_L001	3	0.0404	0.0001	1.0000
HAMBI_0403_chrm01_circ_4148379	NP_Ct_r01_2018_08_21_L002	3	0.0303	0.0000	1.0000
HAMBI_0403_chrm01_circ_4148379	NP_Ct_r01_2018_09_18_L001	3	0.0202	0.0000	1.0000
HAMBI_0403_chrm01_circ_4148379	NP_Ct_r01_2018_10_16_L001	3	0.0202	0.0000	1.0000
HAMBI_0403_chrm01_circ_4148379	NP_Ct_r01_2018_11_13_L001	3	0.0705	0.0016	1.0000
HAMBI_0403_chrm01_circ_4148379	NP_Ct_r01_2018_12_11_L001	3	0.1074	0.0049	1.0000
HAMBI_0403_chrm01_circ_4148379	NP_Ct_r01_2019_02_04_L003	3	0.2169	0.0052	1.0000
HAMBI_0403_chrm01_circ_4148379	NP_Ct_r01_2019_02_25_L003	3	0.2224	0.0028	1.0000
HAMBI_0403_chrm01_circ_417322	NP_Ct_r01_2016_10_11_L001-L004_merged	3	0.0000	0.0000	1.0000
HAMBI_0403_chrm01_circ_417322	NP_Ct_r01_2016_12_05_L001-L004_merged	3	0.0000	0.0000	1.0000
HAMBI_0403_chrm01_circ_417322	NP_Ct_r01_2017_02_06_L001-L004_merged	3	0.0000	0.0000	1.0000
HAMBI_0403_chrm01_circ_417322	NP_Ct_r01_2017_03_06_L002	3	0.0000	0.0000	1.0000
HAMBI_0403_chrm01_circ_417322	NP_Ct_r01_2017_04_03_L002	3	0.0000	0.0000	1.0000
HAMBI_0403_chrm01_circ_417322	NP_Ct_r01_2017_08_21_L001	3	0.0000	0.0000	1.0000
HAMBI_0403_chrm01_circ_417322	NP_Ct_r01_2017_09_18_L001	3	0.0101	0.0000	1.0000
HAMBI_0403_chrm01_circ_417322	NP_Ct_r01_2017_11_14_L001-L004_merged	3	0.0101	0.0000	1.0000
HAMBI_0403_chrm01_circ_417322	NP_Ct_r01_2018_03_06_L001	3	0.0000	0.0000	1.0000
HAMBI_0403_chrm01_circ_417322	NP_Ct_r01_2018_06_26_L001	3	0.0303	0.0003	1.0000
HAMBI_0403_chrm01_circ_417322	NP_Ct_r01_2018_07_24_L001	3	0.0404	0.0001	1.0000
HAMBI_0403_chrm01_circ_417322	NP_Ct_r01_2018_08_21_L002	3	0.0303	0.0000	1.0000
HAMBI_0403_chrm01_circ_417322	NP_Ct_r01_2018_09_18_L001	3	0.0202	0.0000	1.0000
HAMBI_0403_chrm01_circ_417322	NP_Ct_r01_2018_10_16_L001	3	0.0202	0.0000	1.0000
HAMBI_0403_chrm01_circ_417322	NP_Ct_r01_2018_11_13_L001	3	0.0705	0.0016	1.0000
HAMBI_0403_chrm01_circ_417322	NP_Ct_r01_2018_12_11_L001	3	0.1074	0.0049	1.0000
HAMBI_0403_chrm01_circ_417322	NP_Ct_r01_2019_02_04_L003	3	0.2169	0.0052	1.0000
HAMBI_0403_chrm01_circ_417322	NP_Ct_r01_2019_02_25_L003	3	0.2224	0.0028	1.0000
HAMBI_0403_chrm01_circ_42377	NP_Ct_r01_2016_10_11_L001-L004_merged	3	0.0000	0.0000	1.0000
HAMBI_0403_chrm01_circ_42377	NP_Ct_r01_2016_12_05_L001-L004_merged	3	0.0000	0.0000	1.0000
HAMBI_0403_chrm01_circ_42377	NP_Ct_r01_2017_02_06_L001-L004_merged	3	0.0000	0.0000	1.0000
HAMBI_0403_chrm01_circ_42377	NP_Ct_r01_2017_03_06_L002	3	0.0000	0.0000	1.0000
HAMBI_0403_chrm01_circ_42377	NP_Ct_r01_2017_04_03_L002	3	0.0000	0.0000	1.0000
HAMBI_0403_chrm01_circ_42377	NP_Ct_r01_2017_08_21_L001	3	0.0000	0.0000	1.0000
HAMBI_0403_chrm01_circ_42377	NP_Ct_r01_2017_09_18_L001	3	0.0101	0.0000	1.0000
HAMBI_0403_chrm01_circ_42377	NP_Ct_r01_2017_11_14_L001-L004_merged	3	0.0101	0.0000	1.0000
HAMBI_0403_chrm01_circ_42377	NP_Ct_r01_2018_03_06_L001	3	0.0000	0.0000	1.0000
HAMBI_0403_chrm01_circ_42377	NP_Ct_r01_2018_06_26_L001	3	0.0303	0.0003	1.0000
HAMBI_0403_chrm01_circ_42377	NP_Ct_r01_2018_07_24_L001	3	0.0404	0.0001	1.0000
HAMBI_0403_chrm01_circ_42377	NP_Ct_r01_2018_08_21_L002	3	0.0303	0.0000	1.0000
HAMBI_0403_chrm01_circ_42377	NP_Ct_r01_2018_09_18_L001	3	0.0202	0.0000	1.0000
HAMBI_0403_chrm01_circ_42377	NP_Ct_r01_2018_10_16_L001	3	0.0202	0.0000	1.0000
HAMBI_0403_chrm01_circ_42377	NP_Ct_r01_2018_11_13_L001	3	0.0705	0.0016	1.0000
HAMBI_0403_chrm01_circ_42377	NP_Ct_r01_2018_12_11_L001	3	0.1074	0.0049	1.0000
HAMBI_0403_chrm01_circ_42377	NP_Ct_r01_2019_02_04_L003	3	0.2169	0.0052	1.0000
HAMBI_0403_chrm01_circ_42377	NP_Ct_r01_2019_02_25_L003	3	0.2224	0.0028	1.0000
HAMBI_0403_chrm01_circ_4274685	NP_Ct_r01_2016_10_11_L001-L004_merged	3	0.0000	0.0000	1.0000
HAMBI_0403_chrm01_circ_4274685	NP_Ct_r01_2016_12_05_L001-L004_merged	3	0.0000	0.0000	1.0000
HAMBI_0403_chrm01_circ_4274685	NP_Ct_r01_2017_02_06_L001-L004_merged	3	0.0000	0.0000	1.0000
HAMBI_0403_chrm01_circ_4274685	NP_Ct_r01_2017_03_06_L002	3	0.0000	0.0000	1.0000
HAMBI_0403_chrm01_circ_4274685	NP_Ct_r01_2017_04_03_L002	3	0.0000	0.0000	1.0000
HAMBI_0403_chrm01_circ_4274685	NP_Ct_r01_2017_08_21_L001	3	0.0000	0.0000	1.0000
HAMBI_0403_chrm01_circ_4274685	NP_Ct_r01_2017_09_18_L001	3	0.0101	0.0000	1.0000
HAMBI_0403_chrm01_circ_4274685	NP_Ct_r01_2017_11_14_L001-L004_merged	3	0.0101	0.0000	1.0000
HAMBI_0403_chrm01_circ_4274685	NP_Ct_r01_2018_03_06_L001	3	0.0000	0.0000	1.0000
HAMBI_0403_chrm01_circ_4274685	NP_Ct_r01_2018_06_26_L001	3	0.0303	0.0003	1.0000
HAMBI_0403_chrm01_circ_4274685	NP_Ct_r01_2018_07_24_L001	3	0.0404	0.0001	1.0000
HAMBI_0403_chrm01_circ_4274685	NP_Ct_r01_2018_08_21_L002	3	0.0303	0.0000	1.0000
HAMBI_0403_chrm01_circ_4274685	NP_Ct_r01_2018_09_18_L001	3	0.0202	0.0000	1.0000
HAMBI_0403_chrm01_circ_4274685	NP_Ct_r01_2018_10_16_L001	3	0.0202	0.0000	1.0000
HAMBI_0403_chrm01_circ_4274685	NP_Ct_r01_2018_11_13_L001	3	0.0705	0.0016	1.0000
HAMBI_0403_chrm01_circ_4274685	NP_Ct_r01_2018_12_11_L001	3	0.1074	0.0049	1.0000
HAMBI_0403_chrm01_circ_4274685	NP_Ct_r01_2019_02_04_L003	3	0.2169	0.0052	1.0000
HAMBI_0403_chrm01_circ_4274685	NP_Ct_r01_2019_02_25_L003	3	0.2224	0.0028	1.0000
HAMBI_0403_chrm01_circ_4287997	NP_Ct_r01_2016_10_11_L001-L004_merged	3	0.0000	0.0000	1.0000
HAMBI_0403_chrm01_circ_4287997	NP_Ct_r01_2016_12_05_L001-L004_merged	3	0.0000	0.0000	1.0000
HAMBI_0403_chrm01_circ_4287997	NP_Ct_r01_2017_02_06_L001-L004_merged	3	0.0000	0.0000	1.0000
HAMBI_0403_chrm01_circ_4287997	NP_Ct_r01_2017_03_06_L002	3	0.0000	0.0000	1.0000
HAMBI_0403_chrm01_circ_4287997	NP_Ct_r01_2017_04_03_L002	3	0.0000	0.0000	1.0000
HAMBI_0403_chrm01_circ_4287997	NP_Ct_r01_2017_08_21_L001	3	0.0000	0.0000	1.0000
HAMBI_0403_chrm01_circ_4287997	NP_Ct_r01_2017_09_18_L001	3	0.0101	0.0000	1.0000
HAMBI_0403_chrm01_circ_4287997	NP_Ct_r01_2017_11_14_L001-L004_merged	3	0.0101	0.0000	1.0000
HAMBI_0403_chrm01_circ_4287997	NP_Ct_r01_2018_03_06_L001	3	0.0000	0.0000	1.0000
HAMBI_0403_chrm01_circ_4287997	NP_Ct_r01_2018_06_26_L001	3	0.0303	0.0003	1.0000
HAMBI_0403_chrm01_circ_4287997	NP_Ct_r01_2018_07_24_L001	3	0.0404	0.0001	1.0000
HAMBI_0403_chrm01_circ_4287997	NP_Ct_r01_2018_08_21_L002	3	0.0303	0.0000	1.0000
HAMBI_0403_chrm01_circ_4287997	NP_Ct_r01_2018_09_18_L001	3	0.0202	0.0000	1.0000
HAMBI_0403_chrm01_circ_4287997	NP_Ct_r01_2018_10_16_L001	3	0.0202	0.0000	1.0000
HAMBI_0403_chrm01_circ_4287997	NP_Ct_r01_2018_11_13_L001	3	0.0705	0.0016	1.0000
HAMBI_0403_chrm01_circ_4287997	NP_Ct_r01_2018_12_11_L001	3	0.1074	0.0049	1.0000
HAMBI_0403_chrm01_circ_4287997	NP_Ct_r01_2019_02_04_L003	3	0.2169	0.0052	1.0000
HAMBI_0403_chrm01_circ_4287997	NP_Ct_r01_2019_02_25_L003	3	0.2224	0.0028	1.0000
HAMBI_0403_chrm01_circ_4410252	NP_Ct_r01_2016_10_11_L001-L004_merged	3	0.0000	0.0000	1.0000
HAMBI_0403_chrm01_circ_4410252	NP_Ct_r01_2016_12_05_L001-L004_merged	3	0.0000	0.0000	1.0000
HAMBI_0403_chrm01_circ_4410252	NP_Ct_r01_2017_02_06_L001-L004_merged	3	0.0000	0.0000	1.0000
HAMBI_0403_chrm01_circ_4410252	NP_Ct_r01_2017_03_06_L002	3	0.0000	0.0000	1.0000
HAMBI_0403_chrm01_circ_4410252	NP_Ct_r01_2017_04_03_L002	3	0.0000	0.0000	1.0000
HAMBI_0403_chrm01_circ_4410252	NP_Ct_r01_2017_08_21_L001	3	0.0000	0.0000	1.0000
HAMBI_0403_chrm01_circ_4410252	NP_Ct_r01_2017_09_18_L001	3	0.0101	0.0000	1.0000
HAMBI_0403_chrm01_circ_4410252	NP_Ct_r01_2017_11_14_L001-L004_merged	3	0.0101	0.0000	1.0000
HAMBI_0403_chrm01_circ_4410252	NP_Ct_r01_2018_03_06_L001	3	0.0000	0.0000	1.0000
HAMBI_0403_chrm01_circ_4410252	NP_Ct_r01_2018_06_26_L001	3	0.0303	0.0003	1.0000
HAMBI_0403_chrm01_circ_4410252	NP_Ct_r01_2018_07_24_L001	3	0.0404	0.0001	1.0000
HAMBI_0403_chrm01_circ_4410252	NP_Ct_r01_2018_08_21_L002	3	0.0303	0.0000	1.0000
HAMBI_0403_chrm01_circ_4410252	NP_Ct_r01_2018_09_18_L001	3	0.0202	0.0000	1.0000
HAMBI_0403_chrm01_circ_4410252	NP_Ct_r01_2018_10_16_L001	3	0.0202	0.0000	1.0000
HAMBI_0403_chrm01_circ_4410252	NP_Ct_r01_2018_11_13_L001	3	0.0705	0.0016	1.0000
HAMBI_0403_chrm01_circ_4410252	NP_Ct_r01_2018_12_11_L001	3	0.1074	0.0049	1.0000
HAMBI_0403_chrm01_circ_4410252	NP_Ct_r01_2019_02_04_L003	3	0.2169	0.0052	1.0000
HAMBI_0403_chrm01_circ_4410252	NP_Ct_r01_2019_02_25_L003	3	0.2224	0.0028	1.0000
HAMBI_0403_chrm01_circ_4557583	NP_Ct_r01_2016_10_11_L001-L004_merged	3	0.0000	0.0000	1.0000
HAMBI_0403_chrm01_circ_4557583	NP_Ct_r01_2016_12_05_L001-L004_merged	3	0.0000	0.0000	1.0000
HAMBI_0403_chrm01_circ_4557583	NP_Ct_r01_2017_02_06_L001-L004_merged	3	0.0000	0.0000	1.0000
HAMBI_0403_chrm01_circ_4557583	NP_Ct_r01_2017_03_06_L002	3	0.0000	0.0000	1.0000
HAMBI_0403_chrm01_circ_4557583	NP_Ct_r01_2017_04_03_L002	3	0.0000	0.0000	1.0000
HAMBI_0403_chrm01_circ_4557583	NP_Ct_r01_2017_08_21_L001	3	0.0000	0.0000	1.0000
HAMBI_0403_chrm01_circ_4557583	NP_Ct_r01_2017_09_18_L001	3	0.0101	0.0000	1.0000
HAMBI_0403_chrm01_circ_4557583	NP_Ct_r01_2017_11_14_L001-L004_merged	3	0.0101	0.0000	1.0000
HAMBI_0403_chrm01_circ_4557583	NP_Ct_r01_2018_03_06_L001	3	0.0000	0.0000	1.0000
HAMBI_0403_chrm01_circ_4557583	NP_Ct_r01_2018_06_26_L001	3	0.0303	0.0003	1.0000
HAMBI_0403_chrm01_circ_4557583	NP_Ct_r01_2018_07_24_L001	3	0.0404	0.0001	1.0000
HAMBI_0403_chrm01_circ_4557583	NP_Ct_r01_2018_08_21_L002	3	0.0303	0.0000	1.0000
HAMBI_0403_chrm01_circ_4557583	NP_Ct_r01_2018_09_18_L001	3	0.0202	0.0000	1.0000
HAMBI_0403_chrm01_circ_4557583	NP_Ct_r01_2018_10_16_L001	3	0.0202	0.0000	1.0000
HAMBI_0403_chrm01_circ_4557583	NP_Ct_r01_2018_11_13_L001	3	0.0705	0.0016	1.0000
HAMBI_0403_chrm01_circ_4557583	NP_Ct_r01_2018_12_11_L001	3	0.1074	0.0049	1.0000
HAMBI_0403_chrm01_circ_4557583	NP_Ct_r01_2019_02_04_L003	3	0.2169	0.0052	1.0000
HAMBI_0403_chrm01_circ_4557583	NP_Ct_r01_2019_02_25_L003	3	0.2224	0.0028	1.0000
HAMBI_0403_chrm01_circ_4569372	NP_Ct_r01_2016_10_11_L001-L004_merged	3	0.0000	0.0000	1.0000
HAMBI_0403_chrm01_circ_4569372	NP_Ct_r01_2016_12_05_L001-L004_merged	3	0.0000	0.0000	1.0000
HAMBI_0403_chrm01_circ_4569372	NP_Ct_r01_2017_02_06_L001-L004_merged	3	0.0000	0.0000	1.0000
HAMBI_0403_chrm01_circ_4569372	NP_Ct_r01_2017_03_06_L002	3	0.0000	0.0000	1.0000
HAMBI_0403_chrm01_circ_4569372	NP_Ct_r01_2017_04_03_L002	3	0.0000	0.0000	1.0000
HAMBI_0403_chrm01_circ_4569372	NP_Ct_r01_2017_08_21_L001	3	0.0000	0.0000	1.0000
HAMBI_0403_chrm01_circ_4569372	NP_Ct_r01_2017_09_18_L001	3	0.0101	0.0000	1.0000
HAMBI_0403_chrm01_circ_4569372	NP_Ct_r01_2017_11_14_L001-L004_merged	3	0.0101	0.0000	1.0000
HAMBI_0403_chrm01_circ_4569372	NP_Ct_r01_2018_03_06_L001	3	0.0000	0.0000	1.0000
HAMBI_0403_chrm01_circ_4569372	NP_Ct_r01_2018_06_26_L001	3	0.0303	0.0003	1.0000
HAMBI_0403_chrm01_circ_4569372	NP_Ct_r01_2018_07_24_L001	3	0.0404	0.0001	1.0000
HAMBI_0403_chrm01_circ_4569372	NP_Ct_r01_2018_08_21_L002	3	0.0303	0.0000	1.0000
HAMBI_0403_chrm01_circ_4569372	NP_Ct_r01_2018_09_18_L001	3	0.0202	0.0000	1.0000
HAMBI_0403_chrm01_circ_4569372	NP_Ct_r01_2018_10_16_L001	3	0.0202	0.0000	1.0000
HAMBI_0403_chrm01_circ_4569372	NP_Ct_r01_2018_11_13_L001	3	0.0705	0.0016	1.0000
HAMBI_0403_chrm01_circ_4569372	NP_Ct_r01_2018_12_11_L001	3	0.1074	0.0049	1.0000
HAMBI_0403_chrm01_circ_4569372	NP_Ct_r01_2019_02_04_L003	3	0.2169	0.0052	1.0000
HAMBI_0403_chrm01_circ_4569372	NP_Ct_r01_2019_02_25_L003	3	0.2224	0.0028	1.0000
HAMBI_0403_chrm01_circ_4600184	NP_Ct_r01_2016_10_11_L001-L004_merged	3	0.0000	0.0000	1.0000
HAMBI_0403_chrm01_circ_4600184	NP_Ct_r01_2016_12_05_L001-L004_merged	3	0.0000	0.0000	1.0000
HAMBI_0403_chrm01_circ_4600184	NP_Ct_r01_2017_02_06_L001-L004_merged	3	0.0000	0.0000	1.0000
HAMBI_0403_chrm01_circ_4600184	NP_Ct_r01_2017_03_06_L002	3	0.0000	0.0000	1.0000
HAMBI_0403_chrm01_circ_4600184	NP_Ct_r01_2017_04_03_L002	3	0.0000	0.0000	1.0000
HAMBI_0403_chrm01_circ_4600184	NP_Ct_r01_2017_08_21_L001	3	0.0000	0.0000	1.0000
HAMBI_0403_chrm01_circ_4600184	NP_Ct_r01_2017_09_18_L001	3	0.0101	0.0000	1.0000
HAMBI_0403_chrm01_circ_4600184	NP_Ct_r01_2017_11_14_L001-L004_merged	3	0.0101	0.0000	1.0000
HAMBI_0403_chrm01_circ_4600184	NP_Ct_r01_2018_03_06_L001	3	0.0000	0.0000	1.0000
HAMBI_0403_chrm01_circ_4600184	NP_Ct_r01_2018_06_26_L001	3	0.0303	0.0003	1.0000
HAMBI_0403_chrm01_circ_4600184	NP_Ct_r01_2018_07_24_L001	3	0.0404	0.0001	1.0000
HAMBI_0403_chrm01_circ_4600184	NP_Ct_r01_2018_08_21_L002	3	0.0303	0.0000	1.0000
HAMBI_0403_chrm01_circ_4600184	NP_Ct_r01_2018_09_18_L001	3	0.0202	0.0000	1.0000
HAMBI_0403_chrm01_circ_4600184	NP_Ct_r01_2018_10_16_L001	3	0.0202	0.0000	1.0000
HAMBI_0403_chrm01_circ_4600184	NP_Ct_r01_2018_11_13_L001	3	0.0705	0.0016	1.0000
HAMBI_0403_chrm01_circ_4600184	NP_Ct_r01_2018_12_11_L001	3	0.1074	0.0049	1.0000
HAMBI_0403_chrm01_circ_4600184	NP_Ct_r01_2019_02_04_L003	3	0.2169	0.0052	1.0000
HAMBI_0403_chrm01_circ_4600184	NP_Ct_r01_2019_02_25_L003	3	0.2224	0.0028	1.0000
HAMBI_0403_chrm01_circ_4618691	NP_Ct_r01_2016_10_11_L001-L004_merged	3	0.0000	0.0000	1.0000
HAMBI_0403_chrm01_circ_4618691	NP_Ct_r01_2016_12_05_L001-L004_merged	3	0.0000	0.0000	1.0000
HAMBI_0403_chrm01_circ_4618691	NP_Ct_r01_2017_02_06_L001-L004_merged	3	0.0000	0.0000	1.0000
HAMBI_0403_chrm01_circ_4618691	NP_Ct_r01_2017_03_06_L002	3	0.0000	0.0000	1.0000
HAMBI_0403_chrm01_circ_4618691	NP_Ct_r01_2017_04_03_L002	3	0.0000	0.0000	1.0000
HAMBI_0403_chrm01_circ_4618691	NP_Ct_r01_2017_08_21_L001	3	0.0000	0.0000	1.0000
HAMBI_0403_chrm01_circ_4618691	NP_Ct_r01_2017_09_18_L001	3	0.0101	0.0000	1.0000
HAMBI_0403_chrm01_circ_4618691	NP_Ct_r01_2017_11_14_L001-L004_merged	3	0.0101	0.0000	1.0000
HAMBI_0403_chrm01_circ_4618691	NP_Ct_r01_2018_03_06_L001	3	0.0000	0.0000	1.0000
HAMBI_0403_chrm01_circ_4618691	NP_Ct_r01_2018_06_26_L001	3	0.0303	0.0003	1.0000
HAMBI_0403_chrm01_circ_4618691	NP_Ct_r01_2018_07_24_L001	3	0.0404	0.0001	1.0000
HAMBI_0403_chrm01_circ_4618691	NP_Ct_r01_2018_08_21_L002	3	0.0303	0.0000	1.0000
HAMBI_0403_chrm01_circ_4618691	NP_Ct_r01_2018_09_18_L001	3	0.0202	0.0000	1.0000
HAMBI_0403_chrm01_circ_4618691	NP_Ct_r01_2018_10_16_L001	3	0.0202	0.0000	1.0000
HAMBI_0403_chrm01_circ_4618691	NP_Ct_r01_2018_11_13_L001	3	0.0705	0.0016	1.0000
HAMBI_0403_chrm01_circ_4618691	NP_Ct_r01_2018_12_11_L001	3	0.1074	0.0049	1.0000
HAMBI_0403_chrm01_circ_4618691	NP_Ct_r01_2019_02_04_L003	3	0.2169	0.0052	1.0000
HAMBI_0403_chrm01_circ_4618691	NP_Ct_r01_2019_02_25_L003	3	0.2224	0.0028	1.0000
HAMBI_0403_chrm01_circ_4623649	NP_Ct_r01_2016_10_11_L001-L004_merged	3	0.0000	0.0000	1.0000
HAMBI_0403_chrm01_circ_4623649	NP_Ct_r01_2016_12_05_L001-L004_merged	3	0.0000	0.0000	1.0000
HAMBI_0403_chrm01_circ_4623649	NP_Ct_r01_2017_02_06_L001-L004_merged	3	0.0000	0.0000	1.0000
HAMBI_0403_chrm01_circ_4623649	NP_Ct_r01_2017_03_06_L002	3	0.0000	0.0000	1.0000
HAMBI_0403_chrm01_circ_4623649	NP_Ct_r01_2017_04_03_L002	3	0.0000	0.0000	1.0000
HAMBI_0403_chrm01_circ_4623649	NP_Ct_r01_2017_08_21_L001	3	0.0000	0.0000	1.0000
HAMBI_0403_chrm01_circ_4623649	NP_Ct_r01_2017_09_18_L001	3	0.0101	0.0000	1.0000
HAMBI_0403_chrm01_circ_4623649	NP_Ct_r01_2017_11_14_L001-L004_merged	3	0.0101	0.0000	1.0000
HAMBI_0403_chrm01_circ_4623649	NP_Ct_r01_2018_03_06_L001	3	0.0000	0.0000	1.0000
HAMBI_0403_chrm01_circ_4623649	NP_Ct_r01_2018_06_26_L001	3	0.0303	0.0003	1.0000
HAMBI_0403_chrm01_circ_4623649	NP_Ct_r01_2018_07_24_L001	3	0.0404	0.0001	1.0000
HAMBI_0403_chrm01_circ_4623649	NP_Ct_r01_2018_08_21_L002	3	0.0303	0.0000	1.0000
HAMBI_0403_chrm01_circ_4623649	NP_Ct_r01_2018_09_18_L001	3	0.0202	0.0000	1.0000
HAMBI_0403_chrm01_circ_4623649	NP_Ct_r01_2018_10_16_L001	3	0.0202	0.0000	1.0000
HAMBI_0403_chrm01_circ_4623649	NP_Ct_r01_2018_11_13_L001	3	0.0705	0.0016	1.0000
HAMBI_0403_chrm01_circ_4623649	NP_Ct_r01_2018_12_11_L001	3	0.1074	0.0049	1.0000
HAMBI_0403_chrm01_circ_4623649	NP_Ct_r01_2019_02_04_L003	3	0.2169	0.0052	1.0000
HAMBI_0403_chrm01_circ_4623649	NP_Ct_r01_2019_02_25_L003	3	0.2224	0.0028	1.0000
HAMBI_0403_chrm01_circ_4743728	NP_Ct_r01_2016_10_11_L001-L004_merged	3	0.0000	0.0000	1.0000
HAMBI_0403_chrm01_circ_4743728	NP_Ct_r01_2016_12_05_L001-L004_merged	3	0.0000	0.0000	1.0000
HAMBI_0403_chrm01_circ_4743728	NP_Ct_r01_2017_02_06_L001-L004_merged	3	0.0000	0.0000	1.0000
HAMBI_0403_chrm01_circ_4743728	NP_Ct_r01_2017_03_06_L002	3	0.0000	0.0000	1.0000
HAMBI_0403_chrm01_circ_4743728	NP_Ct_r01_2017_04_03_L002	3	0.0000	0.0000	1.0000
HAMBI_0403_chrm01_circ_4743728	NP_Ct_r01_2017_08_21_L001	3	0.0000	0.0000	1.0000
HAMBI_0403_chrm01_circ_4743728	NP_Ct_r01_2017_09_18_L001	3	0.0101	0.0000	1.0000
HAMBI_0403_chrm01_circ_4743728	NP_Ct_r01_2017_11_14_L001-L004_merged	3	0.0101	0.0000	1.0000
HAMBI_0403_chrm01_circ_4743728	NP_Ct_r01_2018_03_06_L001	3	0.0000	0.0000	1.0000
HAMBI_0403_chrm01_circ_4743728	NP_Ct_r01_2018_06_26_L001	3	0.0303	0.0003	1.0000
HAMBI_0403_chrm01_circ_4743728	NP_Ct_r01_2018_07_24_L001	3	0.0404	0.0001	1.0000
HAMBI_0403_chrm01_circ_4743728	NP_Ct_r01_2018_08_21_L002	3	0.0303	0.0000	1.0000
HAMBI_0403_chrm01_circ_4743728	NP_Ct_r01_2018_09_18_L001	3	0.0202	0.0000	1.0000
HAMBI_0403_chrm01_circ_4743728	NP_Ct_r01_2018_10_16_L001	3	0.0202	0.0000	1.0000
HAMBI_0403_chrm01_circ_4743728	NP_Ct_r01_2018_11_13_L001	3	0.0705	0.0016	1.0000
HAMBI_0403_chrm01_circ_4743728	NP_Ct_r01_2018_12_11_L001	3	0.1074	0.0049	1.0000
HAMBI_0403_chrm01_circ_4743728	NP_Ct_r01_2019_02_04_L003	3	0.2169	0.0052	1.0000
HAMBI_0403_chrm01_circ_4743728	NP_Ct_r01_2019_02_25_L003	3	0.2224	0.0028	1.0000
HAMBI_0403_chrm01_circ_4765035	NP_Ct_r01_2016_10_11_L001-L004_merged	3	0.0000	0.0000	1.0000
HAMBI_0403_chrm01_circ_4765035	NP_Ct_r01_2016_12_05_L001-L004_merged	3	0.0000	0.0000	1.0000
HAMBI_0403_chrm01_circ_4765035	NP_Ct_r01_2017_02_06_L001-L004_merged	3	0.0000	0.0000	1.0000
HAMBI_0403_chrm01_circ_4765035	NP_Ct_r01_2017_03_06_L002	3	0.0000	0.0000	1.0000
HAMBI_0403_chrm01_circ_4765035	NP_Ct_r01_2017_04_03_L002	3	0.0000	0.0000	1.0000
HAMBI_0403_chrm01_circ_4765035	NP_Ct_r01_2017_08_21_L001	3	0.0000	0.0000	1.0000
HAMBI_0403_chrm01_circ_4765035	NP_Ct_r01_2017_09_18_L001	3	0.0101	0.0000	1.0000
HAMBI_0403_chrm01_circ_4765035	NP_Ct_r01_2017_11_14_L001-L004_merged	3	0.0101	0.0000	1.0000
HAMBI_0403_chrm01_circ_4765035	NP_Ct_r01_2018_03_06_L001	3	0.0000	0.0000	1.0000
HAMBI_0403_chrm01_circ_4765035	NP_Ct_r01_2018_06_26_L001	3	0.0303	0.0003	1.0000
HAMBI_0403_chrm01_circ_4765035	NP_Ct_r01_2018_07_24_L001	3	0.0404	0.0001	1.0000
HAMBI_0403_chrm01_circ_4765035	NP_Ct_r01_2018_08_21_L002	3	0.0303	0.0000	1.0000
HAMBI_0403_chrm01_circ_4765035	NP_Ct_r01_2018_09_18_L001	3	0.0202	0.0000	1.0000
HAMBI_0403_chrm01_circ_4765035	NP_Ct_r01_2018_10_16_L001	3	0.0202	0.0000	1.0000
HAMBI_0403_chrm01_circ_4765035	NP_Ct_r01_2018_11_13_L001	3	0.0705	0.0016	1.0000
HAMBI_0403_chrm01_circ_4765035	NP_Ct_r01_2018_12_11_L001	3	0.1074	0.0049	1.0000
HAMBI_0403_chrm01_circ_4765035	NP_Ct_r01_2019_02_04_L003	3	0.2169	0.0052	1.0000
HAMBI_0403_chrm01_circ_4765035	NP_Ct_r01_2019_02_25_L003	3	0.2224	0.0028	1.0000
HAMBI_0403_chrm01_circ_4799691	NP_Ct_r01_2016_10_11_L001-L004_merged	3	0.0000	0.0000	1.0000
HAMBI_0403_chrm01_circ_4799691	NP_Ct_r01_2016_12_05_L001-L004_merged	3	0.0000	0.0000	1.0000
HAMBI_0403_chrm01_circ_4799691	NP_Ct_r01_2017_02_06_L001-L004_merged	3	0.0000	0.0000	1.0000
HAMBI_0403_chrm01_circ_4799691	NP_Ct_r01_2017_03_06_L002	3	0.0000	0.0000	1.0000
HAMBI_0403_chrm01_circ_4799691	NP_Ct_r01_2017_04_03_L002	3	0.0000	0.0000	1.0000
HAMBI_0403_chrm01_circ_4799691	NP_Ct_r01_2017_08_21_L001	3	0.0000	0.0000	1.0000
HAMBI_0403_chrm01_circ_4799691	NP_Ct_r01_2017_09_18_L001	3	0.0101	0.0000	1.0000
HAMBI_0403_chrm01_circ_4799691	NP_Ct_r01_2017_11_14_L001-L004_merged	3	0.0101	0.0000	1.0000
HAMBI_0403_chrm01_circ_4799691	NP_Ct_r01_2018_03_06_L001	3	0.0000	0.0000	1.0000
HAMBI_0403_chrm01_circ_4799691	NP_Ct_r01_2018_06_26_L001	3	0.0303	0.0003	1.0000
HAMBI_0403_chrm01_circ_4799691	NP_Ct_r01_2018_07_24_L001	3	0.0404	0.0001	1.0000
HAMBI_0403_chrm01_circ_4799691	NP_Ct_r01_2018_08_21_L002	3	0.0303	0.0000	1.0000
HAMBI_0403_chrm01_circ_4799691	NP_Ct_r01_2018_09_18_L001	3	0.0202	0.0000	1.0000
HAMBI_0403_chrm01_circ_4799691	NP_Ct_r01_2018_10_16_L001	3	0.0202	0.0000	1.0000
HAMBI_0403_chrm01_circ_4799691	NP_Ct_r01_2018_11_13_L001	3	0.0705	0.0016	1.0000
HAMBI_0403_chrm01_circ_4799691	NP_Ct_r01_2018_12_11_L001	3	0.1074	0.0049	1.0000
HAMBI_0403_chrm01_circ_4799691	NP_Ct_r01_2019_02_04_L003	3	0.2169	0.0052	1.0000
HAMBI_0403_chrm01_circ_4799691	NP_Ct_r01_2019_02_25_L003	3	0.2224	0.0028	1.0000
HAMBI_0403_chrm01_circ_4855117	NP_Ct_r01_2016_10_11_L001-L004_merged	3	0.0000	0.0000	1.0000
HAMBI_0403_chrm01_circ_4855117	NP_Ct_r01_2016_12_05_L001-L004_merged	3	0.0000	0.0000	1.0000
HAMBI_0403_chrm01_circ_4855117	NP_Ct_r01_2017_02_06_L001-L004_merged	3	0.0000	0.0000	1.0000
HAMBI_0403_chrm01_circ_4855117	NP_Ct_r01_2017_03_06_L002	3	0.0000	0.0000	1.0000
HAMBI_0403_chrm01_circ_4855117	NP_Ct_r01_2017_04_03_L002	3	0.0000	0.0000	1.0000
HAMBI_0403_chrm01_circ_4855117	NP_Ct_r01_2017_08_21_L001	3	0.0000	0.0000	1.0000
HAMBI_0403_chrm01_circ_4855117	NP_Ct_r01_2017_09_18_L001	3	0.0101	0.0000	1.0000
HAMBI_0403_chrm01_circ_4855117	NP_Ct_r01_2017_11_14_L001-L004_merged	3	0.0101	0.0000	1.0000
HAMBI_0403_chrm01_circ_4855117	NP_Ct_r01_2018_03_06_L001	3	0.0000	0.0000	1.0000
HAMBI_0403_chrm01_circ_4855117	NP_Ct_r01_2018_06_26_L001	3	0.0303	0.0003	1.0000
HAMBI_0403_chrm01_circ_4855117	NP_Ct_r01_2018_07_24_L001	3	0.0404	0.0001	1.0000
HAMBI_0403_chrm01_circ_4855117	NP_Ct_r01_2018_08_21_L002	3	0.0303	0.0000	1.0000
HAMBI_0403_chrm01_circ_4855117	NP_Ct_r01_2018_09_18_L001	3	0.0202	0.0000	1.0000
HAMBI_0403_chrm01_circ_4855117	NP_Ct_r01_2018_10_16_L001	3	0.0202	0.0000	1.0000
HAMBI_0403_chrm01_circ_4855117	NP_Ct_r01_2018_11_13_L001	3	0.0705	0.0016	1.0000
HAMBI_0403_chrm01_circ_4855117	NP_Ct_r01_2018_12_11_L001	3	0.1074	0.0049	1.0000
HAMBI_0403_chrm01_circ_4855117	NP_Ct_r01_2019_02_04_L003	3	0.2169	0.0052	1.0000
HAMBI_0403_chrm01_circ_4855117	NP_Ct_r01_2019_02_25_L003	3	0.2224	0.0028	1.0000
HAMBI_0403_chrm01_circ_487954	NP_Ct_r01_2016_10_11_L001-L004_merged	3	0.0000	0.0000	1.0000
HAMBI_0403_chrm01_circ_487954	NP_Ct_r01_2016_12_05_L001-L004_merged	3	0.0000	0.0000	1.0000
HAMBI_0403_chrm01_circ_487954	NP_Ct_r01_2017_02_06_L001-L004_merged	3	0.0000	0.0000	1.0000
HAMBI_0403_chrm01_circ_487954	NP_Ct_r01_2017_03_06_L002	3	0.0000	0.0000	1.0000
HAMBI_0403_chrm01_circ_487954	NP_Ct_r01_2017_04_03_L002	3	0.0000	0.0000	1.0000
HAMBI_0403_chrm01_circ_487954	NP_Ct_r01_2017_08_21_L001	3	0.0000	0.0000	1.0000
HAMBI_0403_chrm01_circ_487954	NP_Ct_r01_2017_09_18_L001	3	0.0101	0.0000	1.0000
HAMBI_0403_chrm01_circ_487954	NP_Ct_r01_2017_11_14_L001-L004_merged	3	0.0101	0.0000	1.0000
HAMBI_0403_chrm01_circ_487954	NP_Ct_r01_2018_03_06_L001	3	0.0000	0.0000	1.0000
HAMBI_0403_chrm01_circ_487954	NP_Ct_r01_2018_06_26_L001	3	0.0303	0.0003	1.0000
HAMBI_0403_chrm01_circ_487954	NP_Ct_r01_2018_07_24_L001	3	0.0404	0.0001	1.0000
HAMBI_0403_chrm01_circ_487954	NP_Ct_r01_2018_08_21_L002	3	0.0303	0.0000	1.0000
HAMBI_0403_chrm01_circ_487954	NP_Ct_r01_2018_09_18_L001	3	0.0202	0.0000	1.0000
HAMBI_0403_chrm01_circ_487954	NP_Ct_r01_2018_10_16_L001	3	0.0202	0.0000	1.0000
HAMBI_0403_chrm01_circ_487954	NP_Ct_r01_2018_11_13_L001	3	0.0705	0.0016	1.0000
HAMBI_0403_chrm01_circ_487954	NP_Ct_r01_2018_12_11_L001	3	0.1074	0.0049	1.0000
HAMBI_0403_chrm01_circ_487954	NP_Ct_r01_2019_02_04_L003	3	0.2169	0.0052	1.0000
HAMBI_0403_chrm01_circ_487954	NP_Ct_r01_2019_02_25_L003	3	0.2224	0.0028	1.0000
HAMBI_0403_chrm01_circ_4916373	NP_Ct_r01_2016_10_11_L001-L004_merged	3	0.0000	0.0000	1.0000
HAMBI_0403_chrm01_circ_4916373	NP_Ct_r01_2016_12_05_L001-L004_merged	3	0.0000	0.0000	1.0000
HAMBI_0403_chrm01_circ_4916373	NP_Ct_r01_2017_02_06_L001-L004_merged	3	0.0000	0.0000	1.0000
HAMBI_0403_chrm01_circ_4916373	NP_Ct_r01_2017_03_06_L002	3	0.0000	0.0000	1.0000
HAMBI_0403_chrm01_circ_4916373	NP_Ct_r01_2017_04_03_L002	3	0.0000	0.0000	1.0000
HAMBI_0403_chrm01_circ_4916373	NP_Ct_r01_2017_08_21_L001	3	0.0000	0.0000	1.0000
HAMBI_0403_chrm01_circ_4916373	NP_Ct_r01_2017_09_18_L001	3	0.0101	0.0000	1.0000
HAMBI_0403_chrm01_circ_4916373	NP_Ct_r01_2017_11_14_L001-L004_merged	3	0.0101	0.0000	1.0000
HAMBI_0403_chrm01_circ_4916373	NP_Ct_r01_2018_03_06_L001	3	0.0000	0.0000	1.0000
HAMBI_0403_chrm01_circ_4916373	NP_Ct_r01_2018_06_26_L001	3	0.0303	0.0003	1.0000
HAMBI_0403_chrm01_circ_4916373	NP_Ct_r01_2018_07_24_L001	3	0.0404	0.0001	1.0000
HAMBI_0403_chrm01_circ_4916373	NP_Ct_r01_2018_08_21_L002	3	0.0303	0.0000	1.0000
HAMBI_0403_chrm01_circ_4916373	NP_Ct_r01_2018_09_18_L001	3	0.0202	0.0000	1.0000
HAMBI_0403_chrm01_circ_4916373	NP_Ct_r01_2018_10_16_L001	3	0.0202	0.0000	1.0000
HAMBI_0403_chrm01_circ_4916373	NP_Ct_r01_2018_11_13_L001	3	0.0705	0.0016	1.0000
HAMBI_0403_chrm01_circ_4916373	NP_Ct_r01_2018_12_11_L001	3	0.1074	0.0049	1.0000
HAMBI_0403_chrm01_circ_4916373	NP_Ct_r01_2019_02_04_L003	3	0.2169	0.0052	1.0000
HAMBI_0403_chrm01_circ_4916373	NP_Ct_r01_2019_02_25_L003	3	0.2224	0.0028	1.0000
HAMBI_0403_chrm01_circ_4972460	NP_Ct_r01_2016_10_11_L001-L004_merged	3	0.0000	0.0000	1.0000
HAMBI_0403_chrm01_circ_4972460	NP_Ct_r01_2016_12_05_L001-L004_merged	3	0.0000	0.0000	1.0000
HAMBI_0403_chrm01_circ_4972460	NP_Ct_r01_2017_02_06_L001-L004_merged	3	0.0000	0.0000	1.0000
HAMBI_0403_chrm01_circ_4972460	NP_Ct_r01_2017_03_06_L002	3	0.0000	0.0000	1.0000
HAMBI_0403_chrm01_circ_4972460	NP_Ct_r01_2017_04_03_L002	3	0.0000	0.0000	1.0000
HAMBI_0403_chrm01_circ_4972460	NP_Ct_r01_2017_08_21_L001	3	0.0000	0.0000	1.0000
HAMBI_0403_chrm01_circ_4972460	NP_Ct_r01_2017_09_18_L001	3	0.0101	0.0000	1.0000
HAMBI_0403_chrm01_circ_4972460	NP_Ct_r01_2017_11_14_L001-L004_merged	3	0.0101	0.0000	1.0000
HAMBI_0403_chrm01_circ_4972460	NP_Ct_r01_2018_03_06_L001	3	0.0000	0.0000	1.0000
HAMBI_0403_chrm01_circ_4972460	NP_Ct_r01_2018_06_26_L001	3	0.0303	0.0003	1.0000
HAMBI_0403_chrm01_circ_4972460	NP_Ct_r01_2018_07_24_L001	3	0.0404	0.0001	1.0000
HAMBI_0403_chrm01_circ_4972460	NP_Ct_r01_2018_08_21_L002	3	0.0303	0.0000	1.0000
HAMBI_0403_chrm01_circ_4972460	NP_Ct_r01_2018_09_18_L001	3	0.0202	0.0000	1.0000
HAMBI_0403_chrm01_circ_4972460	NP_Ct_r01_2018_10_16_L001	3	0.0202	0.0000	1.0000
HAMBI_0403_chrm01_circ_4972460	NP_Ct_r01_2018_11_13_L001	3	0.0705	0.0016	1.0000
HAMBI_0403_chrm01_circ_4972460	NP_Ct_r01_2018_12_11_L001	3	0.1074	0.0049	1.0000
HAMBI_0403_chrm01_circ_4972460	NP_Ct_r01_2019_02_04_L003	3	0.2169	0.0052	1.0000
HAMBI_0403_chrm01_circ_4972460	NP_Ct_r01_2019_02_25_L003	3	0.2224	0.0028	1.0000
HAMBI_0403_chrm01_circ_5060740	NP_Ct_r01_2016_10_11_L001-L004_merged	3	0.0000	0.0000	1.0000
HAMBI_0403_chrm01_circ_5060740	NP_Ct_r01_2016_12_05_L001-L004_merged	3	0.0000	0.0000	1.0000
HAMBI_0403_chrm01_circ_5060740	NP_Ct_r01_2017_02_06_L001-L004_merged	3	0.0000	0.0000	1.0000
HAMBI_0403_chrm01_circ_5060740	NP_Ct_r01_2017_03_06_L002	3	0.0000	0.0000	1.0000
HAMBI_0403_chrm01_circ_5060740	NP_Ct_r01_2017_04_03_L002	3	0.0000	0.0000	1.0000
HAMBI_0403_chrm01_circ_5060740	NP_Ct_r01_2017_08_21_L001	3	0.0000	0.0000	1.0000
HAMBI_0403_chrm01_circ_5060740	NP_Ct_r01_2017_09_18_L001	3	0.0101	0.0000	1.0000
HAMBI_0403_chrm01_circ_5060740	NP_Ct_r01_2017_11_14_L001-L004_merged	3	0.0101	0.0000	1.0000
HAMBI_0403_chrm01_circ_5060740	NP_Ct_r01_2018_03_06_L001	3	0.0000	0.0000	1.0000
HAMBI_0403_chrm01_circ_5060740	NP_Ct_r01_2018_06_26_L001	3	0.0303	0.0003	1.0000
HAMBI_0403_chrm01_circ_5060740	NP_Ct_r01_2018_07_24_L001	3	0.0404	0.0001	1.0000
HAMBI_0403_chrm01_circ_5060740	NP_Ct_r01_2018_08_21_L002	3	0.0303	0.0000	1.0000
HAMBI_0403_chrm01_circ_5060740	NP_Ct_r01_2018_09_18_L001	3	0.0202	0.0000	1.0000
HAMBI_0403_chrm01_circ_5060740	NP_Ct_r01_2018_10_16_L001	3	0.0202	0.0000	1.0000
HAMBI_0403_chrm01_circ_5060740	NP_Ct_r01_2018_11_13_L001	3	0.0705	0.0016	1.0000
HAMBI_0403_chrm01_circ_5060740	NP_Ct_r01_2018_12_11_L001	3	0.1074	0.0049	1.0000
HAMBI_0403_chrm01_circ_5060740	NP_Ct_r01_2019_02_04_L003	3	0.2169	0.0052	1.0000
HAMBI_0403_chrm01_circ_5060740	NP_Ct_r01_2019_02_25_L003	3	0.2224	0.0028	1.0000
HAMBI_0403_chrm01_circ_5175068	NP_Ct_r01_2016_10_11_L001-L004_merged	3	0.0000	0.0000	1.0000
HAMBI_0403_chrm01_circ_5175068	NP_Ct_r01_2016_12_05_L001-L004_merged	3	0.0000	0.0000	1.0000
HAMBI_0403_chrm01_circ_5175068	NP_Ct_r01_2017_02_06_L001-L004_merged	3	0.0000	0.0000	1.0000
HAMBI_0403_chrm01_circ_5175068	NP_Ct_r01_2017_03_06_L002	3	0.0000	0.0000	1.0000
HAMBI_0403_chrm01_circ_5175068	NP_Ct_r01_2017_04_03_L002	3	0.0000	0.0000	1.0000
HAMBI_0403_chrm01_circ_5175068	NP_Ct_r01_2017_08_21_L001	3	0.0000	0.0000	1.0000
HAMBI_0403_chrm01_circ_5175068	NP_Ct_r01_2017_09_18_L001	3	0.0101	0.0000	1.0000
HAMBI_0403_chrm01_circ_5175068	NP_Ct_r01_2017_11_14_L001-L004_merged	3	0.0101	0.0000	1.0000
HAMBI_0403_chrm01_circ_5175068	NP_Ct_r01_2018_03_06_L001	3	0.0000	0.0000	1.0000
HAMBI_0403_chrm01_circ_5175068	NP_Ct_r01_2018_06_26_L001	3	0.0303	0.0003	1.0000
HAMBI_0403_chrm01_circ_5175068	NP_Ct_r01_2018_07_24_L001	3	0.0404	0.0001	1.0000
HAMBI_0403_chrm01_circ_5175068	NP_Ct_r01_2018_08_21_L002	3	0.0303	0.0000	1.0000
HAMBI_0403_chrm01_circ_5175068	NP_Ct_r01_2018_09_18_L001	3	0.0202	0.0000	1.0000
HAMBI_0403_chrm01_circ_5175068	NP_Ct_r01_2018_10_16_L001	3	0.0202	0.0000	1.0000
HAMBI_0403_chrm01_circ_5175068	NP_Ct_r01_2018_11_13_L001	3	0.0705	0.0016	1.0000
HAMBI_0403_chrm01_circ_5175068	NP_Ct_r01_2018_12_11_L001	3	0.1074	0.0049	1.0000
HAMBI_0403_chrm01_circ_5175068	NP_Ct_r01_2019_02_04_L003	3	0.2169	0.0052	1.0000
HAMBI_0403_chrm01_circ_5175068	NP_Ct_r01_2019_02_25_L003	3	0.2224	0.0028	1.0000
HAMBI_0403_chrm01_circ_5179281	NP_Ct_r01_2016_10_11_L001-L004_merged	3	0.0000	0.0000	1.0000
HAMBI_0403_chrm01_circ_5179281	NP_Ct_r01_2016_12_05_L001-L004_merged	3	0.0000	0.0000	1.0000
HAMBI_0403_chrm01_circ_5179281	NP_Ct_r01_2017_02_06_L001-L004_merged	3	0.0000	0.0000	1.0000
HAMBI_0403_chrm01_circ_5179281	NP_Ct_r01_2017_03_06_L002	3	0.0000	0.0000	1.0000
HAMBI_0403_chrm01_circ_5179281	NP_Ct_r01_2017_04_03_L002	3	0.0000	0.0000	1.0000
HAMBI_0403_chrm01_circ_5179281	NP_Ct_r01_2017_08_21_L001	3	0.0000	0.0000	1.0000
HAMBI_0403_chrm01_circ_5179281	NP_Ct_r01_2017_09_18_L001	3	0.0101	0.0000	1.0000
HAMBI_0403_chrm01_circ_5179281	NP_Ct_r01_2017_11_14_L001-L004_merged	3	0.0101	0.0000	1.0000
HAMBI_0403_chrm01_circ_5179281	NP_Ct_r01_2018_03_06_L001	3	0.0000	0.0000	1.0000
HAMBI_0403_chrm01_circ_5179281	NP_Ct_r01_2018_06_26_L001	3	0.0303	0.0003	1.0000
HAMBI_0403_chrm01_circ_5179281	NP_Ct_r01_2018_07_24_L001	3	0.0404	0.0001	1.0000
HAMBI_0403_chrm01_circ_5179281	NP_Ct_r01_2018_08_21_L002	3	0.0303	0.0000	1.0000
HAMBI_0403_chrm01_circ_5179281	NP_Ct_r01_2018_09_18_L001	3	0.0202	0.0000	1.0000
HAMBI_0403_chrm01_circ_5179281	NP_Ct_r01_2018_10_16_L001	3	0.0202	0.0000	1.0000
HAMBI_0403_chrm01_circ_5179281	NP_Ct_r01_2018_11_13_L001	3	0.0705	0.0016	1.0000
HAMBI_0403_chrm01_circ_5179281	NP_Ct_r01_2018_12_11_L001	3	0.1074	0.0049	1.0000
HAMBI_0403_chrm01_circ_5179281	NP_Ct_r01_2019_02_04_L003	3	0.2169	0.0052	1.0000
HAMBI_0403_chrm01_circ_5179281	NP_Ct_r01_2019_02_25_L003	3	0.2224	0.0028	1.0000
HAMBI_0403_chrm01_circ_5192590	NP_Ct_r01_2016_10_11_L001-L004_merged	3	0.0000	0.0000	1.0000
HAMBI_0403_chrm01_circ_5192590	NP_Ct_r01_2016_12_05_L001-L004_merged	3	0.0000	0.0000	1.0000
HAMBI_0403_chrm01_circ_5192590	NP_Ct_r01_2017_02_06_L001-L004_merged	3	0.0000	0.0000	1.0000
HAMBI_0403_chrm01_circ_5192590	NP_Ct_r01_2017_03_06_L002	3	0.0000	0.0000	1.0000
HAMBI_0403_chrm01_circ_5192590	NP_Ct_r01_2017_04_03_L002	3	0.0000	0.0000	1.0000
HAMBI_0403_chrm01_circ_5192590	NP_Ct_r01_2017_08_21_L001	3	0.0000	0.0000	1.0000
HAMBI_0403_chrm01_circ_5192590	NP_Ct_r01_2017_09_18_L001	3	0.0101	0.0000	1.0000
HAMBI_0403_chrm01_circ_5192590	NP_Ct_r01_2017_11_14_L001-L004_merged	3	0.0101	0.0000	1.0000
HAMBI_0403_chrm01_circ_5192590	NP_Ct_r01_2018_03_06_L001	3	0.0000	0.0000	1.0000
HAMBI_0403_chrm01_circ_5192590	NP_Ct_r01_2018_06_26_L001	3	0.0303	0.0003	1.0000
HAMBI_0403_chrm01_circ_5192590	NP_Ct_r01_2018_07_24_L001	3	0.0404	0.0001	1.0000
HAMBI_0403_chrm01_circ_5192590	NP_Ct_r01_2018_08_21_L002	3	0.0303	0.0000	1.0000
HAMBI_0403_chrm01_circ_5192590	NP_Ct_r01_2018_09_18_L001	3	0.0202	0.0000	1.0000
HAMBI_0403_chrm01_circ_5192590	NP_Ct_r01_2018_10_16_L001	3	0.0202	0.0000	1.0000
HAMBI_0403_chrm01_circ_5192590	NP_Ct_r01_2018_11_13_L001	3	0.0705	0.0016	1.0000
HAMBI_0403_chrm01_circ_5192590	NP_Ct_r01_2018_12_11_L001	3	0.1074	0.0049	1.0000
HAMBI_0403_chrm01_circ_5192590	NP_Ct_r01_2019_02_04_L003	3	0.2169	0.0052	1.0000
HAMBI_0403_chrm01_circ_5192590	NP_Ct_r01_2019_02_25_L003	3	0.2224	0.0028	1.0000
HAMBI_0403_chrm01_circ_52227	NP_Ct_r01_2016_10_11_L001-L004_merged	3	0.0000	0.0000	1.0000
HAMBI_0403_chrm01_circ_52227	NP_Ct_r01_2016_12_05_L001-L004_merged	3	0.0000	0.0000	1.0000
HAMBI_0403_chrm01_circ_52227	NP_Ct_r01_2017_02_06_L001-L004_merged	3	0.0000	0.0000	1.0000
HAMBI_0403_chrm01_circ_52227	NP_Ct_r01_2017_03_06_L002	3	0.0000	0.0000	1.0000
HAMBI_0403_chrm01_circ_52227	NP_Ct_r01_2017_04_03_L002	3	0.0000	0.0000	1.0000
HAMBI_0403_chrm01_circ_52227	NP_Ct_r01_2017_08_21_L001	3	0.0000	0.0000	1.0000
HAMBI_0403_chrm01_circ_52227	NP_Ct_r01_2017_09_18_L001	3	0.0101	0.0000	1.0000
HAMBI_0403_chrm01_circ_52227	NP_Ct_r01_2017_11_14_L001-L004_merged	3	0.0101	0.0000	1.0000
HAMBI_0403_chrm01_circ_52227	NP_Ct_r01_2018_03_06_L001	3	0.0000	0.0000	1.0000
HAMBI_0403_chrm01_circ_52227	NP_Ct_r01_2018_06_26_L001	3	0.0303	0.0003	1.0000
HAMBI_0403_chrm01_circ_52227	NP_Ct_r01_2018_07_24_L001	3	0.0404	0.0001	1.0000
HAMBI_0403_chrm01_circ_52227	NP_Ct_r01_2018_08_21_L002	3	0.0303	0.0000	1.0000
HAMBI_0403_chrm01_circ_52227	NP_Ct_r01_2018_09_18_L001	3	0.0202	0.0000	1.0000
HAMBI_0403_chrm01_circ_52227	NP_Ct_r01_2018_10_16_L001	3	0.0202	0.0000	1.0000
HAMBI_0403_chrm01_circ_52227	NP_Ct_r01_2018_11_13_L001	3	0.0705	0.0016	1.0000
HAMBI_0403_chrm01_circ_52227	NP_Ct_r01_2018_12_11_L001	3	0.1074	0.0049	1.0000
HAMBI_0403_chrm01_circ_52227	NP_Ct_r01_2019_02_04_L003	3	0.2169	0.0052	1.0000
HAMBI_0403_chrm01_circ_52227	NP_Ct_r01_2019_02_25_L003	3	0.2224	0.0028	1.0000
HAMBI_0403_chrm01_circ_5261930	NP_Ct_r01_2016_10_11_L001-L004_merged	3	0.0000	0.0000	1.0000
HAMBI_0403_chrm01_circ_5261930	NP_Ct_r01_2016_12_05_L001-L004_merged	3	0.0000	0.0000	1.0000
HAMBI_0403_chrm01_circ_5261930	NP_Ct_r01_2017_02_06_L001-L004_merged	3	0.0000	0.0000	1.0000
HAMBI_0403_chrm01_circ_5261930	NP_Ct_r01_2017_03_06_L002	3	0.0000	0.0000	1.0000
HAMBI_0403_chrm01_circ_5261930	NP_Ct_r01_2017_04_03_L002	3	0.0000	0.0000	1.0000
HAMBI_0403_chrm01_circ_5261930	NP_Ct_r01_2017_08_21_L001	3	0.0000	0.0000	1.0000
HAMBI_0403_chrm01_circ_5261930	NP_Ct_r01_2017_09_18_L001	3	0.0101	0.0000	1.0000
HAMBI_0403_chrm01_circ_5261930	NP_Ct_r01_2017_11_14_L001-L004_merged	3	0.0101	0.0000	1.0000
HAMBI_0403_chrm01_circ_5261930	NP_Ct_r01_2018_03_06_L001	3	0.0000	0.0000	1.0000
HAMBI_0403_chrm01_circ_5261930	NP_Ct_r01_2018_06_26_L001	3	0.0303	0.0003	1.0000
HAMBI_0403_chrm01_circ_5261930	NP_Ct_r01_2018_07_24_L001	3	0.0404	0.0001	1.0000
HAMBI_0403_chrm01_circ_5261930	NP_Ct_r01_2018_08_21_L002	3	0.0303	0.0000	1.0000
HAMBI_0403_chrm01_circ_5261930	NP_Ct_r01_2018_09_18_L001	3	0.0202	0.0000	1.0000
HAMBI_0403_chrm01_circ_5261930	NP_Ct_r01_2018_10_16_L001	3	0.0202	0.0000	1.0000
HAMBI_0403_chrm01_circ_5261930	NP_Ct_r01_2018_11_13_L001	3	0.0705	0.0016	1.0000
HAMBI_0403_chrm01_circ_5261930	NP_Ct_r01_2018_12_11_L001	3	0.1074	0.0049	1.0000
HAMBI_0403_chrm01_circ_5261930	NP_Ct_r01_2019_02_04_L003	3	0.2169	0.0052	1.0000
HAMBI_0403_chrm01_circ_5261930	NP_Ct_r01_2019_02_25_L003	3	0.2224	0.0028	1.0000
HAMBI_0403_chrm01_circ_5274030	NP_Ct_r01_2016_10_11_L001-L004_merged	3	0.0000	0.0000	1.0000
HAMBI_0403_chrm01_circ_5274030	NP_Ct_r01_2016_12_05_L001-L004_merged	3	0.0000	0.0000	1.0000
HAMBI_0403_chrm01_circ_5274030	NP_Ct_r01_2017_02_06_L001-L004_merged	3	0.0000	0.0000	1.0000
HAMBI_0403_chrm01_circ_5274030	NP_Ct_r01_2017_03_06_L002	3	0.0000	0.0000	1.0000
HAMBI_0403_chrm01_circ_5274030	NP_Ct_r01_2017_04_03_L002	3	0.0000	0.0000	1.0000
HAMBI_0403_chrm01_circ_5274030	NP_Ct_r01_2017_08_21_L001	3	0.0000	0.0000	1.0000
HAMBI_0403_chrm01_circ_5274030	NP_Ct_r01_2017_09_18_L001	3	0.0101	0.0000	1.0000
HAMBI_0403_chrm01_circ_5274030	NP_Ct_r01_2017_11_14_L001-L004_merged	3	0.0101	0.0000	1.0000
HAMBI_0403_chrm01_circ_5274030	NP_Ct_r01_2018_03_06_L001	3	0.0000	0.0000	1.0000
HAMBI_0403_chrm01_circ_5274030	NP_Ct_r01_2018_06_26_L001	3	0.0303	0.0003	1.0000
HAMBI_0403_chrm01_circ_5274030	NP_Ct_r01_2018_07_24_L001	3	0.0404	0.0001	1.0000
HAMBI_0403_chrm01_circ_5274030	NP_Ct_r01_2018_08_21_L002	3	0.0303	0.0000	1.0000
HAMBI_0403_chrm01_circ_5274030	NP_Ct_r01_2018_09_18_L001	3	0.0202	0.0000	1.0000
HAMBI_0403_chrm01_circ_5274030	NP_Ct_r01_2018_10_16_L001	3	0.0202	0.0000	1.0000
HAMBI_0403_chrm01_circ_5274030	NP_Ct_r01_2018_11_13_L001	3	0.0705	0.0016	1.0000
HAMBI_0403_chrm01_circ_5274030	NP_Ct_r01_2018_12_11_L001	3	0.1074	0.0049	1.0000
HAMBI_0403_chrm01_circ_5274030	NP_Ct_r01_2019_02_04_L003	3	0.2169	0.0052	1.0000
HAMBI_0403_chrm01_circ_5274030	NP_Ct_r01_2019_02_25_L003	3	0.2224	0.0028	1.0000
HAMBI_0403_chrm01_circ_5311213	NP_Ct_r01_2016_10_11_L001-L004_merged	3	0.0000	0.0000	1.0000
HAMBI_0403_chrm01_circ_5311213	NP_Ct_r01_2016_12_05_L001-L004_merged	3	0.0000	0.0000	1.0000
HAMBI_0403_chrm01_circ_5311213	NP_Ct_r01_2017_02_06_L001-L004_merged	3	0.0000	0.0000	1.0000
HAMBI_0403_chrm01_circ_5311213	NP_Ct_r01_2017_03_06_L002	3	0.0000	0.0000	1.0000
HAMBI_0403_chrm01_circ_5311213	NP_Ct_r01_2017_04_03_L002	3	0.0000	0.0000	1.0000
HAMBI_0403_chrm01_circ_5311213	NP_Ct_r01_2017_08_21_L001	3	0.0000	0.0000	1.0000
HAMBI_0403_chrm01_circ_5311213	NP_Ct_r01_2017_09_18_L001	3	0.0101	0.0000	1.0000
HAMBI_0403_chrm01_circ_5311213	NP_Ct_r01_2017_11_14_L001-L004_merged	3	0.0101	0.0000	1.0000
HAMBI_0403_chrm01_circ_5311213	NP_Ct_r01_2018_03_06_L001	3	0.0000	0.0000	1.0000
HAMBI_0403_chrm01_circ_5311213	NP_Ct_r01_2018_06_26_L001	3	0.0303	0.0003	1.0000
HAMBI_0403_chrm01_circ_5311213	NP_Ct_r01_2018_07_24_L001	3	0.0404	0.0001	1.0000
HAMBI_0403_chrm01_circ_5311213	NP_Ct_r01_2018_08_21_L002	3	0.0303	0.0000	1.0000
HAMBI_0403_chrm01_circ_5311213	NP_Ct_r01_2018_09_18_L001	3	0.0202	0.0000	1.0000
HAMBI_0403_chrm01_circ_5311213	NP_Ct_r01_2018_10_16_L001	3	0.0202	0.0000	1.0000
HAMBI_0403_chrm01_circ_5311213	NP_Ct_r01_2018_11_13_L001	3	0.0705	0.0016	1.0000
HAMBI_0403_chrm01_circ_5311213	NP_Ct_r01_2018_12_11_L001	3	0.1074	0.0049	1.0000
HAMBI_0403_chrm01_circ_5311213	NP_Ct_r01_2019_02_04_L003	3	0.2169	0.0052	1.0000
HAMBI_0403_chrm01_circ_5311213	NP_Ct_r01_2019_02_25_L003	3	0.2224	0.0028	1.0000
HAMBI_0403_chrm01_circ_5334246	NP_Ct_r01_2016_10_11_L001-L004_merged	3	0.0000	0.0000	1.0000
HAMBI_0403_chrm01_circ_5334246	NP_Ct_r01_2016_12_05_L001-L004_merged	3	0.0000	0.0000	1.0000
HAMBI_0403_chrm01_circ_5334246	NP_Ct_r01_2017_02_06_L001-L004_merged	3	0.0000	0.0000	1.0000
HAMBI_0403_chrm01_circ_5334246	NP_Ct_r01_2017_03_06_L002	3	0.0000	0.0000	1.0000
HAMBI_0403_chrm01_circ_5334246	NP_Ct_r01_2017_04_03_L002	3	0.0000	0.0000	1.0000
HAMBI_0403_chrm01_circ_5334246	NP_Ct_r01_2017_08_21_L001	3	0.0000	0.0000	1.0000
HAMBI_0403_chrm01_circ_5334246	NP_Ct_r01_2017_09_18_L001	3	0.0101	0.0000	1.0000
HAMBI_0403_chrm01_circ_5334246	NP_Ct_r01_2017_11_14_L001-L004_merged	3	0.0101	0.0000	1.0000
HAMBI_0403_chrm01_circ_5334246	NP_Ct_r01_2018_03_06_L001	3	0.0000	0.0000	1.0000
HAMBI_0403_chrm01_circ_5334246	NP_Ct_r01_2018_06_26_L001	3	0.0303	0.0003	1.0000
HAMBI_0403_chrm01_circ_5334246	NP_Ct_r01_2018_07_24_L001	3	0.0404	0.0001	1.0000
HAMBI_0403_chrm01_circ_5334246	NP_Ct_r01_2018_08_21_L002	3	0.0303	0.0000	1.0000
HAMBI_0403_chrm01_circ_5334246	NP_Ct_r01_2018_09_18_L001	3	0.0202	0.0000	1.0000
HAMBI_0403_chrm01_circ_5334246	NP_Ct_r01_2018_10_16_L001	3	0.0202	0.0000	1.0000
HAMBI_0403_chrm01_circ_5334246	NP_Ct_r01_2018_11_13_L001	3	0.0705	0.0016	1.0000
HAMBI_0403_chrm01_circ_5334246	NP_Ct_r01_2018_12_11_L001	3	0.1074	0.0049	1.0000
HAMBI_0403_chrm01_circ_5334246	NP_Ct_r01_2019_02_04_L003	3	0.2169	0.0052	1.0000
HAMBI_0403_chrm01_circ_5334246	NP_Ct_r01_2019_02_25_L003	3	0.2224	0.0028	1.0000
HAMBI_0403_chrm01_circ_538733	NP_Ct_r01_2016_10_11_L001-L004_merged	3	0.0000	0.0000	1.0000
HAMBI_0403_chrm01_circ_538733	NP_Ct_r01_2016_12_05_L001-L004_merged	3	0.0000	0.0000	1.0000
HAMBI_0403_chrm01_circ_538733	NP_Ct_r01_2017_02_06_L001-L004_merged	3	0.0000	0.0000	1.0000
HAMBI_0403_chrm01_circ_538733	NP_Ct_r01_2017_03_06_L002	3	0.0000	0.0000	1.0000
HAMBI_0403_chrm01_circ_538733	NP_Ct_r01_2017_04_03_L002	3	0.0000	0.0000	1.0000
HAMBI_0403_chrm01_circ_538733	NP_Ct_r01_2017_08_21_L001	3	0.0000	0.0000	1.0000
HAMBI_0403_chrm01_circ_538733	NP_Ct_r01_2017_09_18_L001	3	0.0101	0.0000	1.0000
HAMBI_0403_chrm01_circ_538733	NP_Ct_r01_2017_11_14_L001-L004_merged	3	0.0101	0.0000	1.0000
HAMBI_0403_chrm01_circ_538733	NP_Ct_r01_2018_03_06_L001	3	0.0000	0.0000	1.0000
HAMBI_0403_chrm01_circ_538733	NP_Ct_r01_2018_06_26_L001	3	0.0303	0.0003	1.0000
HAMBI_0403_chrm01_circ_538733	NP_Ct_r01_2018_07_24_L001	3	0.0404	0.0001	1.0000
HAMBI_0403_chrm01_circ_538733	NP_Ct_r01_2018_08_21_L002	3	0.0303	0.0000	1.0000
HAMBI_0403_chrm01_circ_538733	NP_Ct_r01_2018_09_18_L001	3	0.0202	0.0000	1.0000
HAMBI_0403_chrm01_circ_538733	NP_Ct_r01_2018_10_16_L001	3	0.0202	0.0000	1.0000
HAMBI_0403_chrm01_circ_538733	NP_Ct_r01_2018_11_13_L001	3	0.0705	0.0016	1.0000
HAMBI_0403_chrm01_circ_538733	NP_Ct_r01_2018_12_11_L001	3	0.1074	0.0049	1.0000
HAMBI_0403_chrm01_circ_538733	NP_Ct_r01_2019_02_04_L003	3	0.2169	0.0052	1.0000
HAMBI_0403_chrm01_circ_538733	NP_Ct_r01_2019_02_25_L003	3	0.2224	0.0028	1.0000
HAMBI_0403_chrm01_circ_5398637	NP_Ct_r01_2016_10_11_L001-L004_merged	3	0.0000	0.0000	1.0000
HAMBI_0403_chrm01_circ_5398637	NP_Ct_r01_2016_12_05_L001-L004_merged	3	0.0000	0.0000	1.0000
HAMBI_0403_chrm01_circ_5398637	NP_Ct_r01_2017_02_06_L001-L004_merged	3	0.0000	0.0000	1.0000
HAMBI_0403_chrm01_circ_5398637	NP_Ct_r01_2017_03_06_L002	3	0.0000	0.0000	1.0000
HAMBI_0403_chrm01_circ_5398637	NP_Ct_r01_2017_04_03_L002	3	0.0000	0.0000	1.0000
HAMBI_0403_chrm01_circ_5398637	NP_Ct_r01_2017_08_21_L001	3	0.0000	0.0000	1.0000
HAMBI_0403_chrm01_circ_5398637	NP_Ct_r01_2017_09_18_L001	3	0.0101	0.0000	1.0000
HAMBI_0403_chrm01_circ_5398637	NP_Ct_r01_2017_11_14_L001-L004_merged	3	0.0101	0.0000	1.0000
HAMBI_0403_chrm01_circ_5398637	NP_Ct_r01_2018_03_06_L001	3	0.0000	0.0000	1.0000
HAMBI_0403_chrm01_circ_5398637	NP_Ct_r01_2018_06_26_L001	3	0.0303	0.0003	1.0000
HAMBI_0403_chrm01_circ_5398637	NP_Ct_r01_2018_07_24_L001	3	0.0404	0.0001	1.0000
HAMBI_0403_chrm01_circ_5398637	NP_Ct_r01_2018_08_21_L002	3	0.0303	0.0000	1.0000
HAMBI_0403_chrm01_circ_5398637	NP_Ct_r01_2018_09_18_L001	3	0.0202	0.0000	1.0000
HAMBI_0403_chrm01_circ_5398637	NP_Ct_r01_2018_10_16_L001	3	0.0202	0.0000	1.0000
HAMBI_0403_chrm01_circ_5398637	NP_Ct_r01_2018_11_13_L001	3	0.0705	0.0016	1.0000
HAMBI_0403_chrm01_circ_5398637	NP_Ct_r01_2018_12_11_L001	3	0.1074	0.0049	1.0000
HAMBI_0403_chrm01_circ_5398637	NP_Ct_r01_2019_02_04_L003	3	0.2169	0.0052	1.0000
HAMBI_0403_chrm01_circ_5398637	NP_Ct_r01_2019_02_25_L003	3	0.2224	0.0028	1.0000
HAMBI_0403_chrm01_circ_5582190	NP_Ct_r01_2016_10_11_L001-L004_merged	3	0.0000	0.0000	1.0000
HAMBI_0403_chrm01_circ_5582190	NP_Ct_r01_2016_12_05_L001-L004_merged	3	0.0000	0.0000	1.0000
HAMBI_0403_chrm01_circ_5582190	NP_Ct_r01_2017_02_06_L001-L004_merged	3	0.0000	0.0000	1.0000
HAMBI_0403_chrm01_circ_5582190	NP_Ct_r01_2017_03_06_L002	3	0.0000	0.0000	1.0000
HAMBI_0403_chrm01_circ_5582190	NP_Ct_r01_2017_04_03_L002	3	0.0000	0.0000	1.0000
HAMBI_0403_chrm01_circ_5582190	NP_Ct_r01_2017_08_21_L001	3	0.0000	0.0000	1.0000
HAMBI_0403_chrm01_circ_5582190	NP_Ct_r01_2017_09_18_L001	3	0.0101	0.0000	1.0000
HAMBI_0403_chrm01_circ_5582190	NP_Ct_r01_2017_11_14_L001-L004_merged	3	0.0101	0.0000	1.0000
HAMBI_0403_chrm01_circ_5582190	NP_Ct_r01_2018_03_06_L001	3	0.0000	0.0000	1.0000
HAMBI_0403_chrm01_circ_5582190	NP_Ct_r01_2018_06_26_L001	3	0.0303	0.0003	1.0000
HAMBI_0403_chrm01_circ_5582190	NP_Ct_r01_2018_07_24_L001	3	0.0404	0.0001	1.0000
HAMBI_0403_chrm01_circ_5582190	NP_Ct_r01_2018_08_21_L002	3	0.0303	0.0000	1.0000
HAMBI_0403_chrm01_circ_5582190	NP_Ct_r01_2018_09_18_L001	3	0.0202	0.0000	1.0000
HAMBI_0403_chrm01_circ_5582190	NP_Ct_r01_2018_10_16_L001	3	0.0202	0.0000	1.0000
HAMBI_0403_chrm01_circ_5582190	NP_Ct_r01_2018_11_13_L001	3	0.0705	0.0016	1.0000
HAMBI_0403_chrm01_circ_5582190	NP_Ct_r01_2018_12_11_L001	3	0.1074	0.0049	1.0000
HAMBI_0403_chrm01_circ_5582190	NP_Ct_r01_2019_02_04_L003	3	0.2169	0.0052	1.0000
HAMBI_0403_chrm01_circ_5582190	NP_Ct_r01_2019_02_25_L003	3	0.2224	0.0028	1.0000
HAMBI_0403_chrm01_circ_5582265	NP_Ct_r01_2016_10_11_L001-L004_merged	3	0.0000	0.0000	1.0000
HAMBI_0403_chrm01_circ_5582265	NP_Ct_r01_2016_12_05_L001-L004_merged	3	0.0000	0.0000	1.0000
HAMBI_0403_chrm01_circ_5582265	NP_Ct_r01_2017_02_06_L001-L004_merged	3	0.0000	0.0000	1.0000
HAMBI_0403_chrm01_circ_5582265	NP_Ct_r01_2017_03_06_L002	3	0.0000	0.0000	1.0000
HAMBI_0403_chrm01_circ_5582265	NP_Ct_r01_2017_04_03_L002	3	0.0000	0.0000	1.0000
HAMBI_0403_chrm01_circ_5582265	NP_Ct_r01_2017_08_21_L001	3	0.0000	0.0000	1.0000
HAMBI_0403_chrm01_circ_5582265	NP_Ct_r01_2017_09_18_L001	3	0.0101	0.0000	1.0000
HAMBI_0403_chrm01_circ_5582265	NP_Ct_r01_2017_11_14_L001-L004_merged	3	0.0101	0.0000	1.0000
HAMBI_0403_chrm01_circ_5582265	NP_Ct_r01_2018_03_06_L001	3	0.0000	0.0000	1.0000
HAMBI_0403_chrm01_circ_5582265	NP_Ct_r01_2018_06_26_L001	3	0.0303	0.0003	1.0000
HAMBI_0403_chrm01_circ_5582265	NP_Ct_r01_2018_07_24_L001	3	0.0404	0.0001	1.0000
HAMBI_0403_chrm01_circ_5582265	NP_Ct_r01_2018_08_21_L002	3	0.0303	0.0000	1.0000
HAMBI_0403_chrm01_circ_5582265	NP_Ct_r01_2018_09_18_L001	3	0.0202	0.0000	1.0000
HAMBI_0403_chrm01_circ_5582265	NP_Ct_r01_2018_10_16_L001	3	0.0202	0.0000	1.0000
HAMBI_0403_chrm01_circ_5582265	NP_Ct_r01_2018_11_13_L001	3	0.0705	0.0016	1.0000
HAMBI_0403_chrm01_circ_5582265	NP_Ct_r01_2018_12_11_L001	3	0.1074	0.0049	1.0000
HAMBI_0403_chrm01_circ_5582265	NP_Ct_r01_2019_02_04_L003	3	0.2169	0.0052	1.0000
HAMBI_0403_chrm01_circ_5582265	NP_Ct_r01_2019_02_25_L003	3	0.2224	0.0028	1.0000
HAMBI_0403_chrm01_circ_5604584	NP_Ct_r01_2016_10_11_L001-L004_merged	3	0.0000	0.0000	1.0000
HAMBI_0403_chrm01_circ_5604584	NP_Ct_r01_2016_12_05_L001-L004_merged	3	0.0000	0.0000	1.0000
HAMBI_0403_chrm01_circ_5604584	NP_Ct_r01_2017_02_06_L001-L004_merged	3	0.0000	0.0000	1.0000
HAMBI_0403_chrm01_circ_5604584	NP_Ct_r01_2017_03_06_L002	3	0.0000	0.0000	1.0000
HAMBI_0403_chrm01_circ_5604584	NP_Ct_r01_2017_04_03_L002	3	0.0000	0.0000	1.0000
HAMBI_0403_chrm01_circ_5604584	NP_Ct_r01_2017_08_21_L001	3	0.0000	0.0000	1.0000
HAMBI_0403_chrm01_circ_5604584	NP_Ct_r01_2017_09_18_L001	3	0.0101	0.0000	1.0000
HAMBI_0403_chrm01_circ_5604584	NP_Ct_r01_2017_11_14_L001-L004_merged	3	0.0101	0.0000	1.0000
HAMBI_0403_chrm01_circ_5604584	NP_Ct_r01_2018_03_06_L001	3	0.0000	0.0000	1.0000
HAMBI_0403_chrm01_circ_5604584	NP_Ct_r01_2018_06_26_L001	3	0.0303	0.0003	1.0000
HAMBI_0403_chrm01_circ_5604584	NP_Ct_r01_2018_07_24_L001	3	0.0404	0.0001	1.0000
HAMBI_0403_chrm01_circ_5604584	NP_Ct_r01_2018_08_21_L002	3	0.0303	0.0000	1.0000
HAMBI_0403_chrm01_circ_5604584	NP_Ct_r01_2018_09_18_L001	3	0.0202	0.0000	1.0000
HAMBI_0403_chrm01_circ_5604584	NP_Ct_r01_2018_10_16_L001	3	0.0202	0.0000	1.0000
HAMBI_0403_chrm01_circ_5604584	NP_Ct_r01_2018_11_13_L001	3	0.0705	0.0016	1.0000
HAMBI_0403_chrm01_circ_5604584	NP_Ct_r01_2018_12_11_L001	3	0.1074	0.0049	1.0000
HAMBI_0403_chrm01_circ_5604584	NP_Ct_r01_2019_02_04_L003	3	0.2169	0.0052	1.0000
HAMBI_0403_chrm01_circ_5604584	NP_Ct_r01_2019_02_25_L003	3	0.2224	0.0028	1.0000
HAMBI_0403_chrm01_circ_5638719	NP_Ct_r01_2016_10_11_L001-L004_merged	3	0.0000	0.0000	1.0000
HAMBI_0403_chrm01_circ_5638719	NP_Ct_r01_2016_12_05_L001-L004_merged	3	0.0000	0.0000	1.0000
HAMBI_0403_chrm01_circ_5638719	NP_Ct_r01_2017_02_06_L001-L004_merged	3	0.0000	0.0000	1.0000
HAMBI_0403_chrm01_circ_5638719	NP_Ct_r01_2017_03_06_L002	3	0.0000	0.0000	1.0000
HAMBI_0403_chrm01_circ_5638719	NP_Ct_r01_2017_04_03_L002	3	0.0000	0.0000	1.0000
HAMBI_0403_chrm01_circ_5638719	NP_Ct_r01_2017_08_21_L001	3	0.0000	0.0000	1.0000
HAMBI_0403_chrm01_circ_5638719	NP_Ct_r01_2017_09_18_L001	3	0.0101	0.0000	1.0000
HAMBI_0403_chrm01_circ_5638719	NP_Ct_r01_2017_11_14_L001-L004_merged	3	0.0101	0.0000	1.0000
HAMBI_0403_chrm01_circ_5638719	NP_Ct_r01_2018_03_06_L001	3	0.0000	0.0000	1.0000
HAMBI_0403_chrm01_circ_5638719	NP_Ct_r01_2018_06_26_L001	3	0.0303	0.0003	1.0000
HAMBI_0403_chrm01_circ_5638719	NP_Ct_r01_2018_07_24_L001	3	0.0404	0.0001	1.0000
HAMBI_0403_chrm01_circ_5638719	NP_Ct_r01_2018_08_21_L002	3	0.0303	0.0000	1.0000
HAMBI_0403_chrm01_circ_5638719	NP_Ct_r01_2018_09_18_L001	3	0.0202	0.0000	1.0000
HAMBI_0403_chrm01_circ_5638719	NP_Ct_r01_2018_10_16_L001	3	0.0202	0.0000	1.0000
HAMBI_0403_chrm01_circ_5638719	NP_Ct_r01_2018_11_13_L001	3	0.0705	0.0016	1.0000
HAMBI_0403_chrm01_circ_5638719	NP_Ct_r01_2018_12_11_L001	3	0.1074	0.0049	1.0000
HAMBI_0403_chrm01_circ_5638719	NP_Ct_r01_2019_02_04_L003	3	0.2169	0.0052	1.0000
HAMBI_0403_chrm01_circ_5638719	NP_Ct_r01_2019_02_25_L003	3	0.2224	0.0028	1.0000
HAMBI_0403_chrm01_circ_5691225	NP_Ct_r01_2016_10_11_L001-L004_merged	3	0.0000	0.0000	1.0000
HAMBI_0403_chrm01_circ_5691225	NP_Ct_r01_2016_12_05_L001-L004_merged	3	0.0000	0.0000	1.0000
HAMBI_0403_chrm01_circ_5691225	NP_Ct_r01_2017_02_06_L001-L004_merged	3	0.0000	0.0000	1.0000
HAMBI_0403_chrm01_circ_5691225	NP_Ct_r01_2017_03_06_L002	3	0.0000	0.0000	1.0000
HAMBI_0403_chrm01_circ_5691225	NP_Ct_r01_2017_04_03_L002	3	0.0000	0.0000	1.0000
HAMBI_0403_chrm01_circ_5691225	NP_Ct_r01_2017_08_21_L001	3	0.0000	0.0000	1.0000
HAMBI_0403_chrm01_circ_5691225	NP_Ct_r01_2017_09_18_L001	3	0.0101	0.0000	1.0000
HAMBI_0403_chrm01_circ_5691225	NP_Ct_r01_2017_11_14_L001-L004_merged	3	0.0101	0.0000	1.0000
HAMBI_0403_chrm01_circ_5691225	NP_Ct_r01_2018_03_06_L001	3	0.0000	0.0000	1.0000
HAMBI_0403_chrm01_circ_5691225	NP_Ct_r01_2018_06_26_L001	3	0.0303	0.0003	1.0000
HAMBI_0403_chrm01_circ_5691225	NP_Ct_r01_2018_07_24_L001	3	0.0404	0.0001	1.0000
HAMBI_0403_chrm01_circ_5691225	NP_Ct_r01_2018_08_21_L002	3	0.0303	0.0000	1.0000
HAMBI_0403_chrm01_circ_5691225	NP_Ct_r01_2018_09_18_L001	3	0.0202	0.0000	1.0000
HAMBI_0403_chrm01_circ_5691225	NP_Ct_r01_2018_10_16_L001	3	0.0202	0.0000	1.0000
HAMBI_0403_chrm01_circ_5691225	NP_Ct_r01_2018_11_13_L001	3	0.0705	0.0016	1.0000
HAMBI_0403_chrm01_circ_5691225	NP_Ct_r01_2018_12_11_L001	3	0.1074	0.0049	1.0000
HAMBI_0403_chrm01_circ_5691225	NP_Ct_r01_2019_02_04_L003	3	0.2169	0.0052	1.0000
HAMBI_0403_chrm01_circ_5691225	NP_Ct_r01_2019_02_25_L003	3	0.2224	0.0028	1.0000
HAMBI_0403_chrm01_circ_5730629	NP_Ct_r01_2016_10_11_L001-L004_merged	3	0.0000	0.0000	1.0000
HAMBI_0403_chrm01_circ_5730629	NP_Ct_r01_2016_12_05_L001-L004_merged	3	0.0000	0.0000	1.0000
HAMBI_0403_chrm01_circ_5730629	NP_Ct_r01_2017_02_06_L001-L004_merged	3	0.0000	0.0000	1.0000
HAMBI_0403_chrm01_circ_5730629	NP_Ct_r01_2017_03_06_L002	3	0.0000	0.0000	1.0000
HAMBI_0403_chrm01_circ_5730629	NP_Ct_r01_2017_04_03_L002	3	0.0000	0.0000	1.0000
HAMBI_0403_chrm01_circ_5730629	NP_Ct_r01_2017_08_21_L001	3	0.0000	0.0000	1.0000
HAMBI_0403_chrm01_circ_5730629	NP_Ct_r01_2017_09_18_L001	3	0.0101	0.0000	1.0000
HAMBI_0403_chrm01_circ_5730629	NP_Ct_r01_2017_11_14_L001-L004_merged	3	0.0101	0.0000	1.0000
HAMBI_0403_chrm01_circ_5730629	NP_Ct_r01_2018_03_06_L001	3	0.0000	0.0000	1.0000
HAMBI_0403_chrm01_circ_5730629	NP_Ct_r01_2018_06_26_L001	3	0.0303	0.0003	1.0000
HAMBI_0403_chrm01_circ_5730629	NP_Ct_r01_2018_07_24_L001	3	0.0404	0.0001	1.0000
HAMBI_0403_chrm01_circ_5730629	NP_Ct_r01_2018_08_21_L002	3	0.0303	0.0000	1.0000
HAMBI_0403_chrm01_circ_5730629	NP_Ct_r01_2018_09_18_L001	3	0.0202	0.0000	1.0000
HAMBI_0403_chrm01_circ_5730629	NP_Ct_r01_2018_10_16_L001	3	0.0202	0.0000	1.0000
HAMBI_0403_chrm01_circ_5730629	NP_Ct_r01_2018_11_13_L001	3	0.0705	0.0016	1.0000
HAMBI_0403_chrm01_circ_5730629	NP_Ct_r01_2018_12_11_L001	3	0.1074	0.0049	1.0000
HAMBI_0403_chrm01_circ_5730629	NP_Ct_r01_2019_02_04_L003	3	0.2169	0.0052	1.0000
HAMBI_0403_chrm01_circ_5730629	NP_Ct_r01_2019_02_25_L003	3	0.2224	0.0028	1.0000
HAMBI_0403_chrm01_circ_5738403	NP_Ct_r01_2016_10_11_L001-L004_merged	3	0.0000	0.0000	1.0000
HAMBI_0403_chrm01_circ_5738403	NP_Ct_r01_2016_12_05_L001-L004_merged	3	0.0000	0.0000	1.0000
HAMBI_0403_chrm01_circ_5738403	NP_Ct_r01_2017_02_06_L001-L004_merged	3	0.0000	0.0000	1.0000
HAMBI_0403_chrm01_circ_5738403	NP_Ct_r01_2017_03_06_L002	3	0.0000	0.0000	1.0000
HAMBI_0403_chrm01_circ_5738403	NP_Ct_r01_2017_04_03_L002	3	0.0000	0.0000	1.0000
HAMBI_0403_chrm01_circ_5738403	NP_Ct_r01_2017_08_21_L001	3	0.0000	0.0000	1.0000
HAMBI_0403_chrm01_circ_5738403	NP_Ct_r01_2017_09_18_L001	3	0.0101	0.0000	1.0000
HAMBI_0403_chrm01_circ_5738403	NP_Ct_r01_2017_11_14_L001-L004_merged	3	0.0101	0.0000	1.0000
HAMBI_0403_chrm01_circ_5738403	NP_Ct_r01_2018_03_06_L001	3	0.0000	0.0000	1.0000
HAMBI_0403_chrm01_circ_5738403	NP_Ct_r01_2018_06_26_L001	3	0.0303	0.0003	1.0000
HAMBI_0403_chrm01_circ_5738403	NP_Ct_r01_2018_07_24_L001	3	0.0404	0.0001	1.0000
HAMBI_0403_chrm01_circ_5738403	NP_Ct_r01_2018_08_21_L002	3	0.0303	0.0000	1.0000
HAMBI_0403_chrm01_circ_5738403	NP_Ct_r01_2018_09_18_L001	3	0.0202	0.0000	1.0000
HAMBI_0403_chrm01_circ_5738403	NP_Ct_r01_2018_10_16_L001	3	0.0202	0.0000	1.0000
HAMBI_0403_chrm01_circ_5738403	NP_Ct_r01_2018_11_13_L001	3	0.0705	0.0016	1.0000
HAMBI_0403_chrm01_circ_5738403	NP_Ct_r01_2018_12_11_L001	3	0.1074	0.0049	1.0000
HAMBI_0403_chrm01_circ_5738403	NP_Ct_r01_2019_02_04_L003	3	0.2169	0.0052	1.0000
HAMBI_0403_chrm01_circ_5738403	NP_Ct_r01_2019_02_25_L003	3	0.2224	0.0028	1.0000
HAMBI_0403_chrm01_circ_606028	NP_Ct_r01_2016_10_11_L001-L004_merged	3	0.0000	0.0000	1.0000
HAMBI_0403_chrm01_circ_606028	NP_Ct_r01_2016_12_05_L001-L004_merged	3	0.0000	0.0000	1.0000
HAMBI_0403_chrm01_circ_606028	NP_Ct_r01_2017_02_06_L001-L004_merged	3	0.0000	0.0000	1.0000
HAMBI_0403_chrm01_circ_606028	NP_Ct_r01_2017_03_06_L002	3	0.0000	0.0000	1.0000
HAMBI_0403_chrm01_circ_606028	NP_Ct_r01_2017_04_03_L002	3	0.0000	0.0000	1.0000
HAMBI_0403_chrm01_circ_606028	NP_Ct_r01_2017_08_21_L001	3	0.0000	0.0000	1.0000
HAMBI_0403_chrm01_circ_606028	NP_Ct_r01_2017_09_18_L001	3	0.0101	0.0000	1.0000
HAMBI_0403_chrm01_circ_606028	NP_Ct_r01_2017_11_14_L001-L004_merged	3	0.0101	0.0000	1.0000
HAMBI_0403_chrm01_circ_606028	NP_Ct_r01_2018_03_06_L001	3	0.0000	0.0000	1.0000
HAMBI_0403_chrm01_circ_606028	NP_Ct_r01_2018_06_26_L001	3	0.0303	0.0003	1.0000
HAMBI_0403_chrm01_circ_606028	NP_Ct_r01_2018_07_24_L001	3	0.0404	0.0001	1.0000
HAMBI_0403_chrm01_circ_606028	NP_Ct_r01_2018_08_21_L002	3	0.0303	0.0000	1.0000
HAMBI_0403_chrm01_circ_606028	NP_Ct_r01_2018_09_18_L001	3	0.0202	0.0000	1.0000
HAMBI_0403_chrm01_circ_606028	NP_Ct_r01_2018_10_16_L001	3	0.0202	0.0000	1.0000
HAMBI_0403_chrm01_circ_606028	NP_Ct_r01_2018_11_13_L001	3	0.0705	0.0016	1.0000
HAMBI_0403_chrm01_circ_606028	NP_Ct_r01_2018_12_11_L001	3	0.1074	0.0049	1.0000
HAMBI_0403_chrm01_circ_606028	NP_Ct_r01_2019_02_04_L003	3	0.2169	0.0052	1.0000
HAMBI_0403_chrm01_circ_606028	NP_Ct_r01_2019_02_25_L003	3	0.2224	0.0028	1.0000
HAMBI_0403_chrm01_circ_616293	NP_Ct_r01_2016_10_11_L001-L004_merged	3	0.0000	0.0000	1.0000
HAMBI_0403_chrm01_circ_616293	NP_Ct_r01_2016_12_05_L001-L004_merged	3	0.0000	0.0000	1.0000
HAMBI_0403_chrm01_circ_616293	NP_Ct_r01_2017_02_06_L001-L004_merged	3	0.0000	0.0000	1.0000
HAMBI_0403_chrm01_circ_616293	NP_Ct_r01_2017_03_06_L002	3	0.0000	0.0000	1.0000
HAMBI_0403_chrm01_circ_616293	NP_Ct_r01_2017_04_03_L002	3	0.0000	0.0000	1.0000
HAMBI_0403_chrm01_circ_616293	NP_Ct_r01_2017_08_21_L001	3	0.0000	0.0000	1.0000
HAMBI_0403_chrm01_circ_616293	NP_Ct_r01_2017_09_18_L001	3	0.0101	0.0000	1.0000
HAMBI_0403_chrm01_circ_616293	NP_Ct_r01_2017_11_14_L001-L004_merged	3	0.0101	0.0000	1.0000
HAMBI_0403_chrm01_circ_616293	NP_Ct_r01_2018_03_06_L001	3	0.0000	0.0000	1.0000
HAMBI_0403_chrm01_circ_616293	NP_Ct_r01_2018_06_26_L001	3	0.0303	0.0003	1.0000
HAMBI_0403_chrm01_circ_616293	NP_Ct_r01_2018_07_24_L001	3	0.0404	0.0001	1.0000
HAMBI_0403_chrm01_circ_616293	NP_Ct_r01_2018_08_21_L002	3	0.0303	0.0000	1.0000
HAMBI_0403_chrm01_circ_616293	NP_Ct_r01_2018_09_18_L001	3	0.0202	0.0000	1.0000
HAMBI_0403_chrm01_circ_616293	NP_Ct_r01_2018_10_16_L001	3	0.0202	0.0000	1.0000
HAMBI_0403_chrm01_circ_616293	NP_Ct_r01_2018_11_13_L001	3	0.0705	0.0016	1.0000
HAMBI_0403_chrm01_circ_616293	NP_Ct_r01_2018_12_11_L001	3	0.1074	0.0049	1.0000
HAMBI_0403_chrm01_circ_616293	NP_Ct_r01_2019_02_04_L003	3	0.2169	0.0052	1.0000
HAMBI_0403_chrm01_circ_616293	NP_Ct_r01_2019_02_25_L003	3	0.2224	0.0028	1.0000
HAMBI_0403_chrm01_circ_671146	NP_Ct_r01_2016_10_11_L001-L004_merged	3	0.0000	0.0000	1.0000
HAMBI_0403_chrm01_circ_671146	NP_Ct_r01_2016_12_05_L001-L004_merged	3	0.0000	0.0000	1.0000
HAMBI_0403_chrm01_circ_671146	NP_Ct_r01_2017_02_06_L001-L004_merged	3	0.0000	0.0000	1.0000
HAMBI_0403_chrm01_circ_671146	NP_Ct_r01_2017_03_06_L002	3	0.0000	0.0000	1.0000
HAMBI_0403_chrm01_circ_671146	NP_Ct_r01_2017_04_03_L002	3	0.0000	0.0000	1.0000
HAMBI_0403_chrm01_circ_671146	NP_Ct_r01_2017_08_21_L001	3	0.0000	0.0000	1.0000
HAMBI_0403_chrm01_circ_671146	NP_Ct_r01_2017_09_18_L001	3	0.0101	0.0000	1.0000
HAMBI_0403_chrm01_circ_671146	NP_Ct_r01_2017_11_14_L001-L004_merged	3	0.0101	0.0000	1.0000
HAMBI_0403_chrm01_circ_671146	NP_Ct_r01_2018_03_06_L001	3	0.0000	0.0000	1.0000
HAMBI_0403_chrm01_circ_671146	NP_Ct_r01_2018_06_26_L001	3	0.0303	0.0003	1.0000
HAMBI_0403_chrm01_circ_671146	NP_Ct_r01_2018_07_24_L001	3	0.0404	0.0001	1.0000
HAMBI_0403_chrm01_circ_671146	NP_Ct_r01_2018_08_21_L002	3	0.0303	0.0000	1.0000
HAMBI_0403_chrm01_circ_671146	NP_Ct_r01_2018_09_18_L001	3	0.0202	0.0000	1.0000
HAMBI_0403_chrm01_circ_671146	NP_Ct_r01_2018_10_16_L001	3	0.0202	0.0000	1.0000
HAMBI_0403_chrm01_circ_671146	NP_Ct_r01_2018_11_13_L001	3	0.0705	0.0016	1.0000
HAMBI_0403_chrm01_circ_671146	NP_Ct_r01_2018_12_11_L001	3	0.1074	0.0049	1.0000
HAMBI_0403_chrm01_circ_671146	NP_Ct_r01_2019_02_04_L003	3	0.2169	0.0052	1.0000
HAMBI_0403_chrm01_circ_671146	NP_Ct_r01_2019_02_25_L003	3	0.2224	0.0028	1.0000
HAMBI_0403_chrm01_circ_753790	NP_Ct_r01_2016_10_11_L001-L004_merged	3	0.0000	0.0000	1.0000
HAMBI_0403_chrm01_circ_753790	NP_Ct_r01_2016_12_05_L001-L004_merged	3	0.0000	0.0000	1.0000
HAMBI_0403_chrm01_circ_753790	NP_Ct_r01_2017_02_06_L001-L004_merged	3	0.0000	0.0000	1.0000
HAMBI_0403_chrm01_circ_753790	NP_Ct_r01_2017_03_06_L002	3	0.0000	0.0000	1.0000
HAMBI_0403_chrm01_circ_753790	NP_Ct_r01_2017_04_03_L002	3	0.0000	0.0000	1.0000
HAMBI_0403_chrm01_circ_753790	NP_Ct_r01_2017_08_21_L001	3	0.0000	0.0000	1.0000
HAMBI_0403_chrm01_circ_753790	NP_Ct_r01_2017_09_18_L001	3	0.0101	0.0000	1.0000
HAMBI_0403_chrm01_circ_753790	NP_Ct_r01_2017_11_14_L001-L004_merged	3	0.0101	0.0000	1.0000
HAMBI_0403_chrm01_circ_753790	NP_Ct_r01_2018_03_06_L001	3	0.0000	0.0000	1.0000
HAMBI_0403_chrm01_circ_753790	NP_Ct_r01_2018_06_26_L001	3	0.0303	0.0003	1.0000
HAMBI_0403_chrm01_circ_753790	NP_Ct_r01_2018_07_24_L001	3	0.0404	0.0001	1.0000
HAMBI_0403_chrm01_circ_753790	NP_Ct_r01_2018_08_21_L002	3	0.0303	0.0000	1.0000
HAMBI_0403_chrm01_circ_753790	NP_Ct_r01_2018_09_18_L001	3	0.0202	0.0000	1.0000
HAMBI_0403_chrm01_circ_753790	NP_Ct_r01_2018_10_16_L001	3	0.0202	0.0000	1.0000
HAMBI_0403_chrm01_circ_753790	NP_Ct_r01_2018_11_13_L001	3	0.0705	0.0016	1.0000
HAMBI_0403_chrm01_circ_753790	NP_Ct_r01_2018_12_11_L001	3	0.1074	0.0049	1.0000
HAMBI_0403_chrm01_circ_753790	NP_Ct_r01_2019_02_04_L003	3	0.2169	0.0052	1.0000
HAMBI_0403_chrm01_circ_753790	NP_Ct_r01_2019_02_25_L003	3	0.2224	0.0028	1.0000
HAMBI_0403_chrm01_circ_831854	NP_Ct_r01_2016_10_11_L001-L004_merged	3	0.0000	0.0000	1.0000
HAMBI_0403_chrm01_circ_831854	NP_Ct_r01_2016_12_05_L001-L004_merged	3	0.0000	0.0000	1.0000
HAMBI_0403_chrm01_circ_831854	NP_Ct_r01_2017_02_06_L001-L004_merged	3	0.0000	0.0000	1.0000
HAMBI_0403_chrm01_circ_831854	NP_Ct_r01_2017_03_06_L002	3	0.0000	0.0000	1.0000
HAMBI_0403_chrm01_circ_831854	NP_Ct_r01_2017_04_03_L002	3	0.0000	0.0000	1.0000
HAMBI_0403_chrm01_circ_831854	NP_Ct_r01_2017_08_21_L001	3	0.0000	0.0000	1.0000
HAMBI_0403_chrm01_circ_831854	NP_Ct_r01_2017_09_18_L001	3	0.0101	0.0000	1.0000
HAMBI_0403_chrm01_circ_831854	NP_Ct_r01_2017_11_14_L001-L004_merged	3	0.0101	0.0000	1.0000
HAMBI_0403_chrm01_circ_831854	NP_Ct_r01_2018_03_06_L001	3	0.0000	0.0000	1.0000
HAMBI_0403_chrm01_circ_831854	NP_Ct_r01_2018_06_26_L001	3	0.0303	0.0003	1.0000
HAMBI_0403_chrm01_circ_831854	NP_Ct_r01_2018_07_24_L001	3	0.0404	0.0001	1.0000
HAMBI_0403_chrm01_circ_831854	NP_Ct_r01_2018_08_21_L002	3	0.0303	0.0000	1.0000
HAMBI_0403_chrm01_circ_831854	NP_Ct_r01_2018_09_18_L001	3	0.0202	0.0000	1.0000
HAMBI_0403_chrm01_circ_831854	NP_Ct_r01_2018_10_16_L001	3	0.0202	0.0000	1.0000
HAMBI_0403_chrm01_circ_831854	NP_Ct_r01_2018_11_13_L001	3	0.0705	0.0016	1.0000
HAMBI_0403_chrm01_circ_831854	NP_Ct_r01_2018_12_11_L001	3	0.1074	0.0049	1.0000
HAMBI_0403_chrm01_circ_831854	NP_Ct_r01_2019_02_04_L003	3	0.2169	0.0052	1.0000
HAMBI_0403_chrm01_circ_831854	NP_Ct_r01_2019_02_25_L003	3	0.2224	0.0028	1.0000
HAMBI_0403_chrm01_circ_842503	NP_Ct_r01_2016_10_11_L001-L004_merged	3	0.0000	0.0000	1.0000
HAMBI_0403_chrm01_circ_842503	NP_Ct_r01_2016_12_05_L001-L004_merged	3	0.0000	0.0000	1.0000
HAMBI_0403_chrm01_circ_842503	NP_Ct_r01_2017_02_06_L001-L004_merged	3	0.0000	0.0000	1.0000
HAMBI_0403_chrm01_circ_842503	NP_Ct_r01_2017_03_06_L002	3	0.0000	0.0000	1.0000
HAMBI_0403_chrm01_circ_842503	NP_Ct_r01_2017_04_03_L002	3	0.0000	0.0000	1.0000
HAMBI_0403_chrm01_circ_842503	NP_Ct_r01_2017_08_21_L001	3	0.0000	0.0000	1.0000
HAMBI_0403_chrm01_circ_842503	NP_Ct_r01_2017_09_18_L001	3	0.0101	0.0000	1.0000
HAMBI_0403_chrm01_circ_842503	NP_Ct_r01_2017_11_14_L001-L004_merged	3	0.0101	0.0000	1.0000
HAMBI_0403_chrm01_circ_842503	NP_Ct_r01_2018_03_06_L001	3	0.0000	0.0000	1.0000
HAMBI_0403_chrm01_circ_842503	NP_Ct_r01_2018_06_26_L001	3	0.0303	0.0003	1.0000
HAMBI_0403_chrm01_circ_842503	NP_Ct_r01_2018_07_24_L001	3	0.0404	0.0001	1.0000
HAMBI_0403_chrm01_circ_842503	NP_Ct_r01_2018_08_21_L002	3	0.0303	0.0000	1.0000
HAMBI_0403_chrm01_circ_842503	NP_Ct_r01_2018_09_18_L001	3	0.0202	0.0000	1.0000
HAMBI_0403_chrm01_circ_842503	NP_Ct_r01_2018_10_16_L001	3	0.0202	0.0000	1.0000
HAMBI_0403_chrm01_circ_842503	NP_Ct_r01_2018_11_13_L001	3	0.0705	0.0016	1.0000
HAMBI_0403_chrm01_circ_842503	NP_Ct_r01_2018_12_11_L001	3	0.1074	0.0049	1.0000
HAMBI_0403_chrm01_circ_842503	NP_Ct_r01_2019_02_04_L003	3	0.2169	0.0052	1.0000
HAMBI_0403_chrm01_circ_842503	NP_Ct_r01_2019_02_25_L003	3	0.2224	0.0028	1.0000
HAMBI_0403_chrm01_circ_883423	NP_Ct_r01_2016_10_11_L001-L004_merged	3	0.0000	0.0000	1.0000
HAMBI_0403_chrm01_circ_883423	NP_Ct_r01_2016_12_05_L001-L004_merged	3	0.0000	0.0000	1.0000
HAMBI_0403_chrm01_circ_883423	NP_Ct_r01_2017_02_06_L001-L004_merged	3	0.0000	0.0000	1.0000
HAMBI_0403_chrm01_circ_883423	NP_Ct_r01_2017_03_06_L002	3	0.0000	0.0000	1.0000
HAMBI_0403_chrm01_circ_883423	NP_Ct_r01_2017_04_03_L002	3	0.0000	0.0000	1.0000
HAMBI_0403_chrm01_circ_883423	NP_Ct_r01_2017_08_21_L001	3	0.0000	0.0000	1.0000
HAMBI_0403_chrm01_circ_883423	NP_Ct_r01_2017_09_18_L001	3	0.0101	0.0000	1.0000
HAMBI_0403_chrm01_circ_883423	NP_Ct_r01_2017_11_14_L001-L004_merged	3	0.0101	0.0000	1.0000
HAMBI_0403_chrm01_circ_883423	NP_Ct_r01_2018_03_06_L001	3	0.0000	0.0000	1.0000
HAMBI_0403_chrm01_circ_883423	NP_Ct_r01_2018_06_26_L001	3	0.0303	0.0003	1.0000
HAMBI_0403_chrm01_circ_883423	NP_Ct_r01_2018_07_24_L001	3	0.0404	0.0001	1.0000
HAMBI_0403_chrm01_circ_883423	NP_Ct_r01_2018_08_21_L002	3	0.0303	0.0000	1.0000
HAMBI_0403_chrm01_circ_883423	NP_Ct_r01_2018_09_18_L001	3	0.0202	0.0000	1.0000
HAMBI_0403_chrm01_circ_883423	NP_Ct_r01_2018_10_16_L001	3	0.0202	0.0000	1.0000
HAMBI_0403_chrm01_circ_883423	NP_Ct_r01_2018_11_13_L001	3	0.0705	0.0016	1.0000
HAMBI_0403_chrm01_circ_883423	NP_Ct_r01_2018_12_11_L001	3	0.1074	0.0049	1.0000
HAMBI_0403_chrm01_circ_883423	NP_Ct_r01_2019_02_04_L003	3	0.2169	0.0052	1.0000
HAMBI_0403_chrm01_circ_883423	NP_Ct_r01_2019_02_25_L003	3	0.2224	0.0028	1.0000
HAMBI_0403_chrm01_circ_906766	NP_Ct_r01_2016_10_11_L001-L004_merged	3	0.0000	0.0000	1.0000
HAMBI_0403_chrm01_circ_906766	NP_Ct_r01_2016_12_05_L001-L004_merged	3	0.0000	0.0000	1.0000
HAMBI_0403_chrm01_circ_906766	NP_Ct_r01_2017_02_06_L001-L004_merged	3	0.0000	0.0000	1.0000
HAMBI_0403_chrm01_circ_906766	NP_Ct_r01_2017_03_06_L002	3	0.0000	0.0000	1.0000
HAMBI_0403_chrm01_circ_906766	NP_Ct_r01_2017_04_03_L002	3	0.0000	0.0000	1.0000
HAMBI_0403_chrm01_circ_906766	NP_Ct_r01_2017_08_21_L001	3	0.0000	0.0000	1.0000
HAMBI_0403_chrm01_circ_906766	NP_Ct_r01_2017_09_18_L001	3	0.0101	0.0000	1.0000
HAMBI_0403_chrm01_circ_906766	NP_Ct_r01_2017_11_14_L001-L004_merged	3	0.0101	0.0000	1.0000
HAMBI_0403_chrm01_circ_906766	NP_Ct_r01_2018_03_06_L001	3	0.0000	0.0000	1.0000
HAMBI_0403_chrm01_circ_906766	NP_Ct_r01_2018_06_26_L001	3	0.0303	0.0003	1.0000
HAMBI_0403_chrm01_circ_906766	NP_Ct_r01_2018_07_24_L001	3	0.0404	0.0001	1.0000
HAMBI_0403_chrm01_circ_906766	NP_Ct_r01_2018_08_21_L002	3	0.0303	0.0000	1.0000
HAMBI_0403_chrm01_circ_906766	NP_Ct_r01_2018_09_18_L001	3	0.0202	0.0000	1.0000
HAMBI_0403_chrm01_circ_906766	NP_Ct_r01_2018_10_16_L001	3	0.0202	0.0000	1.0000
HAMBI_0403_chrm01_circ_906766	NP_Ct_r01_2018_11_13_L001	3	0.0705	0.0016	1.0000
HAMBI_0403_chrm01_circ_906766	NP_Ct_r01_2018_12_11_L001	3	0.1074	0.0049	1.0000
HAMBI_0403_chrm01_circ_906766	NP_Ct_r01_2019_02_04_L003	3	0.2169	0.0052	1.0000
HAMBI_0403_chrm01_circ_906766	NP_Ct_r01_2019_02_25_L003	3	0.2224	0.0028	1.0000
HAMBI_0403_chrm01_circ_916431	NP_Ct_r01_2016_10_11_L001-L004_merged	3	0.0000	0.0000	1.0000
HAMBI_0403_chrm01_circ_916431	NP_Ct_r01_2016_12_05_L001-L004_merged	3	0.0000	0.0000	1.0000
HAMBI_0403_chrm01_circ_916431	NP_Ct_r01_2017_02_06_L001-L004_merged	3	0.0000	0.0000	1.0000
HAMBI_0403_chrm01_circ_916431	NP_Ct_r01_2017_03_06_L002	3	0.0000	0.0000	1.0000
HAMBI_0403_chrm01_circ_916431	NP_Ct_r01_2017_04_03_L002	3	0.0000	0.0000	1.0000
HAMBI_0403_chrm01_circ_916431	NP_Ct_r01_2017_08_21_L001	3	0.0000	0.0000	1.0000
HAMBI_0403_chrm01_circ_916431	NP_Ct_r01_2017_09_18_L001	3	0.0101	0.0000	1.0000
HAMBI_0403_chrm01_circ_916431	NP_Ct_r01_2017_11_14_L001-L004_merged	3	0.0101	0.0000	1.0000
HAMBI_0403_chrm01_circ_916431	NP_Ct_r01_2018_03_06_L001	3	0.0000	0.0000	1.0000
HAMBI_0403_chrm01_circ_916431	NP_Ct_r01_2018_06_26_L001	3	0.0303	0.0003	1.0000
HAMBI_0403_chrm01_circ_916431	NP_Ct_r01_2018_07_24_L001	3	0.0404	0.0001	1.0000
HAMBI_0403_chrm01_circ_916431	NP_Ct_r01_2018_08_21_L002	3	0.0303	0.0000	1.0000
HAMBI_0403_chrm01_circ_916431	NP_Ct_r01_2018_09_18_L001	3	0.0202	0.0000	1.0000
HAMBI_0403_chrm01_circ_916431	NP_Ct_r01_2018_10_16_L001	3	0.0202	0.0000	1.0000
HAMBI_0403_chrm01_circ_916431	NP_Ct_r01_2018_11_13_L001	3	0.0705	0.0016	1.0000
HAMBI_0403_chrm01_circ_916431	NP_Ct_r01_2018_12_11_L001	3	0.1074	0.0049	1.0000
HAMBI_0403_chrm01_circ_916431	NP_Ct_r01_2019_02_04_L003	3	0.2169	0.0052	1.0000
HAMBI_0403_chrm01_circ_916431	NP_Ct_r01_2019_02_25_L003	3	0.2224	0.0028	1.0000
HAMBI_0403_chrm01_circ_958022	NP_Ct_r01_2016_10_11_L001-L004_merged	3	0.0000	0.0000	1.0000
HAMBI_0403_chrm01_circ_958022	NP_Ct_r01_2016_12_05_L001-L004_merged	3	0.0000	0.0000	1.0000
HAMBI_0403_chrm01_circ_958022	NP_Ct_r01_2017_02_06_L001-L004_merged	3	0.0000	0.0000	1.0000
HAMBI_0403_chrm01_circ_958022	NP_Ct_r01_2017_03_06_L002	3	0.0000	0.0000	1.0000
HAMBI_0403_chrm01_circ_958022	NP_Ct_r01_2017_04_03_L002	3	0.0000	0.0000	1.0000
HAMBI_0403_chrm01_circ_958022	NP_Ct_r01_2017_08_21_L001	3	0.0000	0.0000	1.0000
HAMBI_0403_chrm01_circ_958022	NP_Ct_r01_2017_09_18_L001	3	0.0101	0.0000	1.0000
HAMBI_0403_chrm01_circ_958022	NP_Ct_r01_2017_11_14_L001-L004_merged	3	0.0101	0.0000	1.0000
HAMBI_0403_chrm01_circ_958022	NP_Ct_r01_2018_03_06_L001	3	0.0000	0.0000	1.0000
HAMBI_0403_chrm01_circ_958022	NP_Ct_r01_2018_06_26_L001	3	0.0303	0.0003	1.0000
HAMBI_0403_chrm01_circ_958022	NP_Ct_r01_2018_07_24_L001	3	0.0404	0.0001	1.0000
HAMBI_0403_chrm01_circ_958022	NP_Ct_r01_2018_08_21_L002	3	0.0303	0.0000	1.0000
HAMBI_0403_chrm01_circ_958022	NP_Ct_r01_2018_09_18_L001	3	0.0202	0.0000	1.0000
HAMBI_0403_chrm01_circ_958022	NP_Ct_r01_2018_10_16_L001	3	0.0202	0.0000	1.0000
HAMBI_0403_chrm01_circ_958022	NP_Ct_r01_2018_11_13_L001	3	0.0705	0.0016	1.0000
HAMBI_0403_chrm01_circ_958022	NP_Ct_r01_2018_12_11_L001	3	0.1074	0.0049	1.0000
HAMBI_0403_chrm01_circ_958022	NP_Ct_r01_2019_02_04_L003	3	0.2169	0.0052	1.0000
HAMBI_0403_chrm01_circ_958022	NP_Ct_r01_2019_02_25_L003	3	0.2224	0.0028	1.0000
HAMBI_0403_chrm01_circ_958923	NP_Ct_r01_2016_10_11_L001-L004_merged	3	0.0000	0.0000	1.0000
HAMBI_0403_chrm01_circ_958923	NP_Ct_r01_2016_12_05_L001-L004_merged	3	0.0000	0.0000	1.0000
HAMBI_0403_chrm01_circ_958923	NP_Ct_r01_2017_02_06_L001-L004_merged	3	0.0000	0.0000	1.0000
HAMBI_0403_chrm01_circ_958923	NP_Ct_r01_2017_03_06_L002	3	0.0000	0.0000	1.0000
HAMBI_0403_chrm01_circ_958923	NP_Ct_r01_2017_04_03_L002	3	0.0000	0.0000	1.0000
HAMBI_0403_chrm01_circ_958923	NP_Ct_r01_2017_08_21_L001	3	0.0000	0.0000	1.0000
HAMBI_0403_chrm01_circ_958923	NP_Ct_r01_2017_09_18_L001	3	0.0101	0.0000	1.0000
HAMBI_0403_chrm01_circ_958923	NP_Ct_r01_2017_11_14_L001-L004_merged	3	0.0101	0.0000	1.0000
HAMBI_0403_chrm01_circ_958923	NP_Ct_r01_2018_03_06_L001	3	0.0000	0.0000	1.0000
HAMBI_0403_chrm01_circ_958923	NP_Ct_r01_2018_06_26_L001	3	0.0303	0.0003	1.0000
HAMBI_0403_chrm01_circ_958923	NP_Ct_r01_2018_07_24_L001	3	0.0404	0.0001	1.0000
HAMBI_0403_chrm01_circ_958923	NP_Ct_r01_2018_08_21_L002	3	0.0303	0.0000	1.0000
HAMBI_0403_chrm01_circ_958923	NP_Ct_r01_2018_09_18_L001	3	0.0202	0.0000	1.0000
HAMBI_0403_chrm01_circ_958923	NP_Ct_r01_2018_10_16_L001	3	0.0202	0.0000	1.0000
HAMBI_0403_chrm01_circ_958923	NP_Ct_r01_2018_11_13_L001	3	0.0705	0.0016	1.0000
HAMBI_0403_chrm01_circ_958923	NP_Ct_r01_2018_12_11_L001	3	0.1074	0.0049	1.0000
HAMBI_0403_chrm01_circ_958923	NP_Ct_r01_2019_02_04_L003	3	0.2169	0.0052	1.0000
HAMBI_0403_chrm01_circ_958923	NP_Ct_r01_2019_02_25_L003	3	0.2224	0.0028	1.0000
HAMBI_0403_plas01_circ_34644	NP_Ct_r01_2016_10_11_L001-L004_merged	3	0.0000	0.0000	1.0000
HAMBI_0403_plas01_circ_34644	NP_Ct_r01_2016_12_05_L001-L004_merged	3	0.0000	0.0000	1.0000
HAMBI_0403_plas01_circ_34644	NP_Ct_r01_2017_02_06_L001-L004_merged	3	0.0000	0.0000	1.0000
HAMBI_0403_plas01_circ_34644	NP_Ct_r01_2017_03_06_L002	3	0.0000	0.0000	1.0000
HAMBI_0403_plas01_circ_34644	NP_Ct_r01_2017_04_03_L002	3	0.0000	0.0000	1.0000
HAMBI_0403_plas01_circ_34644	NP_Ct_r01_2017_08_21_L001	3	0.0000	0.0000	1.0000
HAMBI_0403_plas01_circ_34644	NP_Ct_r01_2017_09_18_L001	3	0.0101	0.0000	1.0000
HAMBI_0403_plas01_circ_34644	NP_Ct_r01_2017_11_14_L001-L004_merged	3	0.0101	0.0000	1.0000
HAMBI_0403_plas01_circ_34644	NP_Ct_r01_2018_03_06_L001	3	0.0000	0.0000	1.0000
HAMBI_0403_plas01_circ_34644	NP_Ct_r01_2018_06_26_L001	3	0.0303	0.0003	1.0000
HAMBI_0403_plas01_circ_34644	NP_Ct_r01_2018_07_24_L001	3	0.0404	0.0001	1.0000
HAMBI_0403_plas01_circ_34644	NP_Ct_r01_2018_08_21_L002	3	0.0303	0.0000	1.0000
HAMBI_0403_plas01_circ_34644	NP_Ct_r01_2018_09_18_L001	3	0.0202	0.0000	1.0000
HAMBI_0403_plas01_circ_34644	NP_Ct_r01_2018_10_16_L001	3	0.0202	0.0000	1.0000
HAMBI_0403_plas01_circ_34644	NP_Ct_r01_2018_11_13_L001	3	0.0705	0.0016	1.0000
HAMBI_0403_plas01_circ_34644	NP_Ct_r01_2018_12_11_L001	3	0.1074	0.0049	1.0000
HAMBI_0403_plas01_circ_34644	NP_Ct_r01_2019_02_04_L003	3	0.2169	0.0052	1.0000
HAMBI_0403_plas01_circ_34644	NP_Ct_r01_2019_02_25_L003	3	0.2224	0.0028	1.0000
HAMBI_0403_chrm01_circ_1381129	NP_Ct_r01_2016_10_11_L001-L004_merged	4	0.0000	0.0000	1.0000
HAMBI_0403_chrm01_circ_1381129	NP_Ct_r01_2016_12_05_L001-L004_merged	4	0.0000	0.0000	1.0000
HAMBI_0403_chrm01_circ_1381129	NP_Ct_r01_2017_02_06_L001-L004_merged	4	0.0101	0.0002	1.0000
HAMBI_0403_chrm01_circ_1381129	NP_Ct_r01_2017_03_06_L002	4	0.0239	0.0049	1.0000
HAMBI_0403_chrm01_circ_1381129	NP_Ct_r01_2017_04_03_L002	4	0.0702	0.0072	1.0000
HAMBI_0403_chrm01_circ_1381129	NP_Ct_r01_2017_08_21_L001	4	0.0103	0.0015	1.0000
HAMBI_0403_chrm01_circ_1381129	NP_Ct_r01_2017_09_18_L001	4	0.0672	0.0063	1.0000
HAMBI_0403_chrm01_circ_1381129	NP_Ct_r01_2017_11_14_L001-L004_merged	4	0.1626	0.0075	1.0000
HAMBI_0403_chrm01_circ_1381129	NP_Ct_r01_2018_03_06_L001	4	0.0095	0.0024	1.0000
HAMBI_0403_chrm01_circ_1381129	NP_Ct_r01_2018_06_26_L001	4	0.0311	0.0036	1.0000
HAMBI_0403_chrm01_circ_1381129	NP_Ct_r01_2018_07_24_L001	4	0.0219	0.0039	1.0000
HAMBI_0403_chrm01_circ_1381129	NP_Ct_r01_2018_08_21_L002	4	0.0101	0.0007	1.0000
HAMBI_0403_chrm01_circ_1381129	NP_Ct_r01_2018_09_18_L001	4	0.0090	0.0032	1.0000
HAMBI_0403_chrm01_circ_1381129	NP_Ct_r01_2018_10_16_L001	4	0.0184	0.0040	1.0000
HAMBI_0403_chrm01_circ_1381129	NP_Ct_r01_2018_11_13_L001	4	0.0111	0.0030	1.0000
HAMBI_0403_chrm01_circ_1381129	NP_Ct_r01_2018_12_11_L001	4	0.0205	0.0039	1.0000
HAMBI_0403_chrm01_circ_1381129	NP_Ct_r01_2019_02_04_L003	4	0.0766	0.0076	1.0000
HAMBI_0403_chrm01_circ_1381129	NP_Ct_r01_2019_02_25_L003	4	0.0985	0.0073	1.0000
HAMBI_0403_chrm01_circ_1588427	NP_Ct_r01_2016_10_11_L001-L004_merged	4	0.0000	0.0000	0.7455
HAMBI_0403_chrm01_circ_1588427	NP_Ct_r01_2016_12_05_L001-L004_merged	4	0.0000	0.0000	0.7455
HAMBI_0403_chrm01_circ_1588427	NP_Ct_r01_2017_02_06_L001-L004_merged	4	0.0101	0.0002	0.7455
HAMBI_0403_chrm01_circ_1588427	NP_Ct_r01_2017_03_06_L002	4	0.0239	0.0049	0.7455
HAMBI_0403_chrm01_circ_1588427	NP_Ct_r01_2017_04_03_L002	4	0.0702	0.0072	0.7455
HAMBI_0403_chrm01_circ_1588427	NP_Ct_r01_2017_08_21_L001	4	0.0103	0.0015	0.7455
HAMBI_0403_chrm01_circ_1588427	NP_Ct_r01_2017_09_18_L001	4	0.0672	0.0063	0.7455
HAMBI_0403_chrm01_circ_1588427	NP_Ct_r01_2017_11_14_L001-L004_merged	4	0.1626	0.0075	0.7455
HAMBI_0403_chrm01_circ_1588427	NP_Ct_r01_2018_03_06_L001	4	0.0095	0.0024	0.7455
HAMBI_0403_chrm01_circ_1588427	NP_Ct_r01_2018_06_26_L001	4	0.0311	0.0036	0.7455
HAMBI_0403_chrm01_circ_1588427	NP_Ct_r01_2018_07_24_L001	4	0.0219	0.0039	0.7455
HAMBI_0403_chrm01_circ_1588427	NP_Ct_r01_2018_08_21_L002	4	0.0101	0.0007	0.7455
HAMBI_0403_chrm01_circ_1588427	NP_Ct_r01_2018_09_18_L001	4	0.0090	0.0032	0.7455
HAMBI_0403_chrm01_circ_1588427	NP_Ct_r01_2018_10_16_L001	4	0.0184	0.0040	0.7455
HAMBI_0403_chrm01_circ_1588427	NP_Ct_r01_2018_11_13_L001	4	0.0111	0.0030	0.7455
HAMBI_0403_chrm01_circ_1588427	NP_Ct_r01_2018_12_11_L001	4	0.0205	0.0039	0.7455
HAMBI_0403_chrm01_circ_1588427	NP_Ct_r01_2019_02_04_L003	4	0.0766	0.0076	0.7455
HAMBI_0403_chrm01_circ_1588427	NP_Ct_r01_2019_02_25_L003	4	0.0985	0.0073	0.7455
HAMBI_0403_chrm01_circ_1831193	NP_Ct_r01_2016_10_11_L001-L004_merged	4	0.0000	0.0000	1.0000
HAMBI_0403_chrm01_circ_1831193	NP_Ct_r01_2016_12_05_L001-L004_merged	4	0.0000	0.0000	1.0000
HAMBI_0403_chrm01_circ_1831193	NP_Ct_r01_2017_02_06_L001-L004_merged	4	0.0101	0.0002	1.0000
HAMBI_0403_chrm01_circ_1831193	NP_Ct_r01_2017_03_06_L002	4	0.0239	0.0049	1.0000
HAMBI_0403_chrm01_circ_1831193	NP_Ct_r01_2017_04_03_L002	4	0.0702	0.0072	1.0000
HAMBI_0403_chrm01_circ_1831193	NP_Ct_r01_2017_08_21_L001	4	0.0103	0.0015	1.0000
HAMBI_0403_chrm01_circ_1831193	NP_Ct_r01_2017_09_18_L001	4	0.0672	0.0063	1.0000
HAMBI_0403_chrm01_circ_1831193	NP_Ct_r01_2017_11_14_L001-L004_merged	4	0.1626	0.0075	1.0000
HAMBI_0403_chrm01_circ_1831193	NP_Ct_r01_2018_03_06_L001	4	0.0095	0.0024	1.0000
HAMBI_0403_chrm01_circ_1831193	NP_Ct_r01_2018_06_26_L001	4	0.0311	0.0036	1.0000
HAMBI_0403_chrm01_circ_1831193	NP_Ct_r01_2018_07_24_L001	4	0.0219	0.0039	1.0000
HAMBI_0403_chrm01_circ_1831193	NP_Ct_r01_2018_08_21_L002	4	0.0101	0.0007	1.0000
HAMBI_0403_chrm01_circ_1831193	NP_Ct_r01_2018_09_18_L001	4	0.0090	0.0032	1.0000
HAMBI_0403_chrm01_circ_1831193	NP_Ct_r01_2018_10_16_L001	4	0.0184	0.0040	1.0000
HAMBI_0403_chrm01_circ_1831193	NP_Ct_r01_2018_11_13_L001	4	0.0111	0.0030	1.0000
HAMBI_0403_chrm01_circ_1831193	NP_Ct_r01_2018_12_11_L001	4	0.0205	0.0039	1.0000
HAMBI_0403_chrm01_circ_1831193	NP_Ct_r01_2019_02_04_L003	4	0.0766	0.0076	1.0000
HAMBI_0403_chrm01_circ_1831193	NP_Ct_r01_2019_02_25_L003	4	0.0985	0.0073	1.0000
HAMBI_0403_chrm01_circ_2464548	NP_Ct_r01_2016_10_11_L001-L004_merged	4	0.0000	0.0000	1.0000
HAMBI_0403_chrm01_circ_2464548	NP_Ct_r01_2016_12_05_L001-L004_merged	4	0.0000	0.0000	1.0000
HAMBI_0403_chrm01_circ_2464548	NP_Ct_r01_2017_02_06_L001-L004_merged	4	0.0101	0.0002	1.0000
HAMBI_0403_chrm01_circ_2464548	NP_Ct_r01_2017_03_06_L002	4	0.0239	0.0049	1.0000
HAMBI_0403_chrm01_circ_2464548	NP_Ct_r01_2017_04_03_L002	4	0.0702	0.0072	1.0000
HAMBI_0403_chrm01_circ_2464548	NP_Ct_r01_2017_08_21_L001	4	0.0103	0.0015	1.0000
HAMBI_0403_chrm01_circ_2464548	NP_Ct_r01_2017_09_18_L001	4	0.0672	0.0063	1.0000
HAMBI_0403_chrm01_circ_2464548	NP_Ct_r01_2017_11_14_L001-L004_merged	4	0.1626	0.0075	1.0000
HAMBI_0403_chrm01_circ_2464548	NP_Ct_r01_2018_03_06_L001	4	0.0095	0.0024	1.0000
HAMBI_0403_chrm01_circ_2464548	NP_Ct_r01_2018_06_26_L001	4	0.0311	0.0036	1.0000
HAMBI_0403_chrm01_circ_2464548	NP_Ct_r01_2018_07_24_L001	4	0.0219	0.0039	1.0000
HAMBI_0403_chrm01_circ_2464548	NP_Ct_r01_2018_08_21_L002	4	0.0101	0.0007	1.0000
HAMBI_0403_chrm01_circ_2464548	NP_Ct_r01_2018_09_18_L001	4	0.0090	0.0032	1.0000
HAMBI_0403_chrm01_circ_2464548	NP_Ct_r01_2018_10_16_L001	4	0.0184	0.0040	1.0000
HAMBI_0403_chrm01_circ_2464548	NP_Ct_r01_2018_11_13_L001	4	0.0111	0.0030	1.0000
HAMBI_0403_chrm01_circ_2464548	NP_Ct_r01_2018_12_11_L001	4	0.0205	0.0039	1.0000
HAMBI_0403_chrm01_circ_2464548	NP_Ct_r01_2019_02_04_L003	4	0.0766	0.0076	1.0000
HAMBI_0403_chrm01_circ_2464548	NP_Ct_r01_2019_02_25_L003	4	0.0985	0.0073	1.0000
HAMBI_0403_chrm01_circ_2556378	NP_Ct_r01_2016_10_11_L001-L004_merged	4	0.0000	0.0000	1.0000
HAMBI_0403_chrm01_circ_2556378	NP_Ct_r01_2016_12_05_L001-L004_merged	4	0.0000	0.0000	1.0000
HAMBI_0403_chrm01_circ_2556378	NP_Ct_r01_2017_02_06_L001-L004_merged	4	0.0101	0.0002	1.0000
HAMBI_0403_chrm01_circ_2556378	NP_Ct_r01_2017_03_06_L002	4	0.0239	0.0049	1.0000
HAMBI_0403_chrm01_circ_2556378	NP_Ct_r01_2017_04_03_L002	4	0.0702	0.0072	1.0000
HAMBI_0403_chrm01_circ_2556378	NP_Ct_r01_2017_08_21_L001	4	0.0103	0.0015	1.0000
HAMBI_0403_chrm01_circ_2556378	NP_Ct_r01_2017_09_18_L001	4	0.0672	0.0063	1.0000
HAMBI_0403_chrm01_circ_2556378	NP_Ct_r01_2017_11_14_L001-L004_merged	4	0.1626	0.0075	1.0000
HAMBI_0403_chrm01_circ_2556378	NP_Ct_r01_2018_03_06_L001	4	0.0095	0.0024	1.0000
HAMBI_0403_chrm01_circ_2556378	NP_Ct_r01_2018_06_26_L001	4	0.0311	0.0036	1.0000
HAMBI_0403_chrm01_circ_2556378	NP_Ct_r01_2018_07_24_L001	4	0.0219	0.0039	1.0000
HAMBI_0403_chrm01_circ_2556378	NP_Ct_r01_2018_08_21_L002	4	0.0101	0.0007	1.0000
HAMBI_0403_chrm01_circ_2556378	NP_Ct_r01_2018_09_18_L001	4	0.0090	0.0032	1.0000
HAMBI_0403_chrm01_circ_2556378	NP_Ct_r01_2018_10_16_L001	4	0.0184	0.0040	1.0000
HAMBI_0403_chrm01_circ_2556378	NP_Ct_r01_2018_11_13_L001	4	0.0111	0.0030	1.0000
HAMBI_0403_chrm01_circ_2556378	NP_Ct_r01_2018_12_11_L001	4	0.0205	0.0039	1.0000
HAMBI_0403_chrm01_circ_2556378	NP_Ct_r01_2019_02_04_L003	4	0.0766	0.0076	1.0000
HAMBI_0403_chrm01_circ_2556378	NP_Ct_r01_2019_02_25_L003	4	0.0985	0.0073	1.0000
HAMBI_0403_chrm01_circ_3028838	NP_Ct_r01_2016_10_11_L001-L004_merged	4	0.0000	0.0000	1.0000
HAMBI_0403_chrm01_circ_3028838	NP_Ct_r01_2016_12_05_L001-L004_merged	4	0.0000	0.0000	1.0000
HAMBI_0403_chrm01_circ_3028838	NP_Ct_r01_2017_02_06_L001-L004_merged	4	0.0101	0.0002	1.0000
HAMBI_0403_chrm01_circ_3028838	NP_Ct_r01_2017_03_06_L002	4	0.0239	0.0049	1.0000
HAMBI_0403_chrm01_circ_3028838	NP_Ct_r01_2017_04_03_L002	4	0.0702	0.0072	1.0000
HAMBI_0403_chrm01_circ_3028838	NP_Ct_r01_2017_08_21_L001	4	0.0103	0.0015	1.0000
HAMBI_0403_chrm01_circ_3028838	NP_Ct_r01_2017_09_18_L001	4	0.0672	0.0063	1.0000
HAMBI_0403_chrm01_circ_3028838	NP_Ct_r01_2017_11_14_L001-L004_merged	4	0.1626	0.0075	1.0000
HAMBI_0403_chrm01_circ_3028838	NP_Ct_r01_2018_03_06_L001	4	0.0095	0.0024	1.0000
HAMBI_0403_chrm01_circ_3028838	NP_Ct_r01_2018_06_26_L001	4	0.0311	0.0036	1.0000
HAMBI_0403_chrm01_circ_3028838	NP_Ct_r01_2018_07_24_L001	4	0.0219	0.0039	1.0000
HAMBI_0403_chrm01_circ_3028838	NP_Ct_r01_2018_08_21_L002	4	0.0101	0.0007	1.0000
HAMBI_0403_chrm01_circ_3028838	NP_Ct_r01_2018_09_18_L001	4	0.0090	0.0032	1.0000
HAMBI_0403_chrm01_circ_3028838	NP_Ct_r01_2018_10_16_L001	4	0.0184	0.0040	1.0000
HAMBI_0403_chrm01_circ_3028838	NP_Ct_r01_2018_11_13_L001	4	0.0111	0.0030	1.0000
HAMBI_0403_chrm01_circ_3028838	NP_Ct_r01_2018_12_11_L001	4	0.0205	0.0039	1.0000
HAMBI_0403_chrm01_circ_3028838	NP_Ct_r01_2019_02_04_L003	4	0.0766	0.0076	1.0000
HAMBI_0403_chrm01_circ_3028838	NP_Ct_r01_2019_02_25_L003	4	0.0985	0.0073	1.0000
HAMBI_0403_chrm01_circ_3083534	NP_Ct_r01_2016_10_11_L001-L004_merged	4	0.0000	0.0000	1.0000
HAMBI_0403_chrm01_circ_3083534	NP_Ct_r01_2016_12_05_L001-L004_merged	4	0.0000	0.0000	1.0000
HAMBI_0403_chrm01_circ_3083534	NP_Ct_r01_2017_02_06_L001-L004_merged	4	0.0101	0.0002	1.0000
HAMBI_0403_chrm01_circ_3083534	NP_Ct_r01_2017_03_06_L002	4	0.0239	0.0049	1.0000
HAMBI_0403_chrm01_circ_3083534	NP_Ct_r01_2017_04_03_L002	4	0.0702	0.0072	1.0000
HAMBI_0403_chrm01_circ_3083534	NP_Ct_r01_2017_08_21_L001	4	0.0103	0.0015	1.0000
HAMBI_0403_chrm01_circ_3083534	NP_Ct_r01_2017_09_18_L001	4	0.0672	0.0063	1.0000
HAMBI_0403_chrm01_circ_3083534	NP_Ct_r01_2017_11_14_L001-L004_merged	4	0.1626	0.0075	1.0000
HAMBI_0403_chrm01_circ_3083534	NP_Ct_r01_2018_03_06_L001	4	0.0095	0.0024	1.0000
HAMBI_0403_chrm01_circ_3083534	NP_Ct_r01_2018_06_26_L001	4	0.0311	0.0036	1.0000
HAMBI_0403_chrm01_circ_3083534	NP_Ct_r01_2018_07_24_L001	4	0.0219	0.0039	1.0000
HAMBI_0403_chrm01_circ_3083534	NP_Ct_r01_2018_08_21_L002	4	0.0101	0.0007	1.0000
HAMBI_0403_chrm01_circ_3083534	NP_Ct_r01_2018_09_18_L001	4	0.0090	0.0032	1.0000
HAMBI_0403_chrm01_circ_3083534	NP_Ct_r01_2018_10_16_L001	4	0.0184	0.0040	1.0000
HAMBI_0403_chrm01_circ_3083534	NP_Ct_r01_2018_11_13_L001	4	0.0111	0.0030	1.0000
HAMBI_0403_chrm01_circ_3083534	NP_Ct_r01_2018_12_11_L001	4	0.0205	0.0039	1.0000
HAMBI_0403_chrm01_circ_3083534	NP_Ct_r01_2019_02_04_L003	4	0.0766	0.0076	1.0000
HAMBI_0403_chrm01_circ_3083534	NP_Ct_r01_2019_02_25_L003	4	0.0985	0.0073	1.0000
HAMBI_0403_chrm01_circ_3618655	NP_Ct_r01_2016_10_11_L001-L004_merged	4	0.0000	0.0000	1.0000
HAMBI_0403_chrm01_circ_3618655	NP_Ct_r01_2016_12_05_L001-L004_merged	4	0.0000	0.0000	1.0000
HAMBI_0403_chrm01_circ_3618655	NP_Ct_r01_2017_02_06_L001-L004_merged	4	0.0101	0.0002	1.0000
HAMBI_0403_chrm01_circ_3618655	NP_Ct_r01_2017_03_06_L002	4	0.0239	0.0049	1.0000
HAMBI_0403_chrm01_circ_3618655	NP_Ct_r01_2017_04_03_L002	4	0.0702	0.0072	1.0000
HAMBI_0403_chrm01_circ_3618655	NP_Ct_r01_2017_08_21_L001	4	0.0103	0.0015	1.0000
HAMBI_0403_chrm01_circ_3618655	NP_Ct_r01_2017_09_18_L001	4	0.0672	0.0063	1.0000
HAMBI_0403_chrm01_circ_3618655	NP_Ct_r01_2017_11_14_L001-L004_merged	4	0.1626	0.0075	1.0000
HAMBI_0403_chrm01_circ_3618655	NP_Ct_r01_2018_03_06_L001	4	0.0095	0.0024	1.0000
HAMBI_0403_chrm01_circ_3618655	NP_Ct_r01_2018_06_26_L001	4	0.0311	0.0036	1.0000
HAMBI_0403_chrm01_circ_3618655	NP_Ct_r01_2018_07_24_L001	4	0.0219	0.0039	1.0000
HAMBI_0403_chrm01_circ_3618655	NP_Ct_r01_2018_08_21_L002	4	0.0101	0.0007	1.0000
HAMBI_0403_chrm01_circ_3618655	NP_Ct_r01_2018_09_18_L001	4	0.0090	0.0032	1.0000
HAMBI_0403_chrm01_circ_3618655	NP_Ct_r01_2018_10_16_L001	4	0.0184	0.0040	1.0000
HAMBI_0403_chrm01_circ_3618655	NP_Ct_r01_2018_11_13_L001	4	0.0111	0.0030	1.0000
HAMBI_0403_chrm01_circ_3618655	NP_Ct_r01_2018_12_11_L001	4	0.0205	0.0039	1.0000
HAMBI_0403_chrm01_circ_3618655	NP_Ct_r01_2019_02_04_L003	4	0.0766	0.0076	1.0000
HAMBI_0403_chrm01_circ_3618655	NP_Ct_r01_2019_02_25_L003	4	0.0985	0.0073	1.0000
HAMBI_0403_chrm01_circ_3903420	NP_Ct_r01_2016_10_11_L001-L004_merged	4	0.0000	0.0000	1.0000
HAMBI_0403_chrm01_circ_3903420	NP_Ct_r01_2016_12_05_L001-L004_merged	4	0.0000	0.0000	1.0000
HAMBI_0403_chrm01_circ_3903420	NP_Ct_r01_2017_02_06_L001-L004_merged	4	0.0101	0.0002	1.0000
HAMBI_0403_chrm01_circ_3903420	NP_Ct_r01_2017_03_06_L002	4	0.0239	0.0049	1.0000
HAMBI_0403_chrm01_circ_3903420	NP_Ct_r01_2017_04_03_L002	4	0.0702	0.0072	1.0000
HAMBI_0403_chrm01_circ_3903420	NP_Ct_r01_2017_08_21_L001	4	0.0103	0.0015	1.0000
HAMBI_0403_chrm01_circ_3903420	NP_Ct_r01_2017_09_18_L001	4	0.0672	0.0063	1.0000
HAMBI_0403_chrm01_circ_3903420	NP_Ct_r01_2017_11_14_L001-L004_merged	4	0.1626	0.0075	1.0000
HAMBI_0403_chrm01_circ_3903420	NP_Ct_r01_2018_03_06_L001	4	0.0095	0.0024	1.0000
HAMBI_0403_chrm01_circ_3903420	NP_Ct_r01_2018_06_26_L001	4	0.0311	0.0036	1.0000
HAMBI_0403_chrm01_circ_3903420	NP_Ct_r01_2018_07_24_L001	4	0.0219	0.0039	1.0000
HAMBI_0403_chrm01_circ_3903420	NP_Ct_r01_2018_08_21_L002	4	0.0101	0.0007	1.0000
HAMBI_0403_chrm01_circ_3903420	NP_Ct_r01_2018_09_18_L001	4	0.0090	0.0032	1.0000
HAMBI_0403_chrm01_circ_3903420	NP_Ct_r01_2018_10_16_L001	4	0.0184	0.0040	1.0000
HAMBI_0403_chrm01_circ_3903420	NP_Ct_r01_2018_11_13_L001	4	0.0111	0.0030	1.0000
HAMBI_0403_chrm01_circ_3903420	NP_Ct_r01_2018_12_11_L001	4	0.0205	0.0039	1.0000
HAMBI_0403_chrm01_circ_3903420	NP_Ct_r01_2019_02_04_L003	4	0.0766	0.0076	1.0000
HAMBI_0403_chrm01_circ_3903420	NP_Ct_r01_2019_02_25_L003	4	0.0985	0.0073	1.0000
HAMBI_0403_chrm01_circ_4857021	NP_Ct_r01_2016_10_11_L001-L004_merged	4	0.0000	0.0000	1.0000
HAMBI_0403_chrm01_circ_4857021	NP_Ct_r01_2016_12_05_L001-L004_merged	4	0.0000	0.0000	1.0000
HAMBI_0403_chrm01_circ_4857021	NP_Ct_r01_2017_02_06_L001-L004_merged	4	0.0101	0.0002	1.0000
HAMBI_0403_chrm01_circ_4857021	NP_Ct_r01_2017_03_06_L002	4	0.0239	0.0049	1.0000
HAMBI_0403_chrm01_circ_4857021	NP_Ct_r01_2017_04_03_L002	4	0.0702	0.0072	1.0000
HAMBI_0403_chrm01_circ_4857021	NP_Ct_r01_2017_08_21_L001	4	0.0103	0.0015	1.0000
HAMBI_0403_chrm01_circ_4857021	NP_Ct_r01_2017_09_18_L001	4	0.0672	0.0063	1.0000
HAMBI_0403_chrm01_circ_4857021	NP_Ct_r01_2017_11_14_L001-L004_merged	4	0.1626	0.0075	1.0000
HAMBI_0403_chrm01_circ_4857021	NP_Ct_r01_2018_03_06_L001	4	0.0095	0.0024	1.0000
HAMBI_0403_chrm01_circ_4857021	NP_Ct_r01_2018_06_26_L001	4	0.0311	0.0036	1.0000
HAMBI_0403_chrm01_circ_4857021	NP_Ct_r01_2018_07_24_L001	4	0.0219	0.0039	1.0000
HAMBI_0403_chrm01_circ_4857021	NP_Ct_r01_2018_08_21_L002	4	0.0101	0.0007	1.0000
HAMBI_0403_chrm01_circ_4857021	NP_Ct_r01_2018_09_18_L001	4	0.0090	0.0032	1.0000
HAMBI_0403_chrm01_circ_4857021	NP_Ct_r01_2018_10_16_L001	4	0.0184	0.0040	1.0000
HAMBI_0403_chrm01_circ_4857021	NP_Ct_r01_2018_11_13_L001	4	0.0111	0.0030	1.0000
HAMBI_0403_chrm01_circ_4857021	NP_Ct_r01_2018_12_11_L001	4	0.0205	0.0039	1.0000
HAMBI_0403_chrm01_circ_4857021	NP_Ct_r01_2019_02_04_L003	4	0.0766	0.0076	1.0000
HAMBI_0403_chrm01_circ_4857021	NP_Ct_r01_2019_02_25_L003	4	0.0985	0.0073	1.0000
HAMBI_0403_chrm01_circ_5198526	NP_Ct_r01_2016_10_11_L001-L004_merged	4	0.0000	0.0000	1.0000
HAMBI_0403_chrm01_circ_5198526	NP_Ct_r01_2016_12_05_L001-L004_merged	4	0.0000	0.0000	1.0000
HAMBI_0403_chrm01_circ_5198526	NP_Ct_r01_2017_02_06_L001-L004_merged	4	0.0101	0.0002	1.0000
HAMBI_0403_chrm01_circ_5198526	NP_Ct_r01_2017_03_06_L002	4	0.0239	0.0049	1.0000
HAMBI_0403_chrm01_circ_5198526	NP_Ct_r01_2017_04_03_L002	4	0.0702	0.0072	1.0000
HAMBI_0403_chrm01_circ_5198526	NP_Ct_r01_2017_08_21_L001	4	0.0103	0.0015	1.0000
HAMBI_0403_chrm01_circ_5198526	NP_Ct_r01_2017_09_18_L001	4	0.0672	0.0063	1.0000
HAMBI_0403_chrm01_circ_5198526	NP_Ct_r01_2017_11_14_L001-L004_merged	4	0.1626	0.0075	1.0000
HAMBI_0403_chrm01_circ_5198526	NP_Ct_r01_2018_03_06_L001	4	0.0095	0.0024	1.0000
HAMBI_0403_chrm01_circ_5198526	NP_Ct_r01_2018_06_26_L001	4	0.0311	0.0036	1.0000
HAMBI_0403_chrm01_circ_5198526	NP_Ct_r01_2018_07_24_L001	4	0.0219	0.0039	1.0000
HAMBI_0403_chrm01_circ_5198526	NP_Ct_r01_2018_08_21_L002	4	0.0101	0.0007	1.0000
HAMBI_0403_chrm01_circ_5198526	NP_Ct_r01_2018_09_18_L001	4	0.0090	0.0032	1.0000
HAMBI_0403_chrm01_circ_5198526	NP_Ct_r01_2018_10_16_L001	4	0.0184	0.0040	1.0000
HAMBI_0403_chrm01_circ_5198526	NP_Ct_r01_2018_11_13_L001	4	0.0111	0.0030	1.0000
HAMBI_0403_chrm01_circ_5198526	NP_Ct_r01_2018_12_11_L001	4	0.0205	0.0039	1.0000
HAMBI_0403_chrm01_circ_5198526	NP_Ct_r01_2019_02_04_L003	4	0.0766	0.0076	1.0000
HAMBI_0403_chrm01_circ_5198526	NP_Ct_r01_2019_02_25_L003	4	0.0985	0.0073	1.0000
HAMBI_0403_chrm01_circ_5239272	NP_Ct_r01_2016_10_11_L001-L004_merged	4	0.0000	0.0000	1.0000
HAMBI_0403_chrm01_circ_5239272	NP_Ct_r01_2016_12_05_L001-L004_merged	4	0.0000	0.0000	1.0000
HAMBI_0403_chrm01_circ_5239272	NP_Ct_r01_2017_02_06_L001-L004_merged	4	0.0101	0.0002	1.0000
HAMBI_0403_chrm01_circ_5239272	NP_Ct_r01_2017_03_06_L002	4	0.0239	0.0049	1.0000
HAMBI_0403_chrm01_circ_5239272	NP_Ct_r01_2017_04_03_L002	4	0.0702	0.0072	1.0000
HAMBI_0403_chrm01_circ_5239272	NP_Ct_r01_2017_08_21_L001	4	0.0103	0.0015	1.0000
HAMBI_0403_chrm01_circ_5239272	NP_Ct_r01_2017_09_18_L001	4	0.0672	0.0063	1.0000
HAMBI_0403_chrm01_circ_5239272	NP_Ct_r01_2017_11_14_L001-L004_merged	4	0.1626	0.0075	1.0000
HAMBI_0403_chrm01_circ_5239272	NP_Ct_r01_2018_03_06_L001	4	0.0095	0.0024	1.0000
HAMBI_0403_chrm01_circ_5239272	NP_Ct_r01_2018_06_26_L001	4	0.0311	0.0036	1.0000
HAMBI_0403_chrm01_circ_5239272	NP_Ct_r01_2018_07_24_L001	4	0.0219	0.0039	1.0000
HAMBI_0403_chrm01_circ_5239272	NP_Ct_r01_2018_08_21_L002	4	0.0101	0.0007	1.0000
HAMBI_0403_chrm01_circ_5239272	NP_Ct_r01_2018_09_18_L001	4	0.0090	0.0032	1.0000
HAMBI_0403_chrm01_circ_5239272	NP_Ct_r01_2018_10_16_L001	4	0.0184	0.0040	1.0000
HAMBI_0403_chrm01_circ_5239272	NP_Ct_r01_2018_11_13_L001	4	0.0111	0.0030	1.0000
HAMBI_0403_chrm01_circ_5239272	NP_Ct_r01_2018_12_11_L001	4	0.0205	0.0039	1.0000
HAMBI_0403_chrm01_circ_5239272	NP_Ct_r01_2019_02_04_L003	4	0.0766	0.0076	1.0000
HAMBI_0403_chrm01_circ_5239272	NP_Ct_r01_2019_02_25_L003	4	0.0985	0.0073	1.0000
HAMBI_0403_chrm01_circ_5247950	NP_Ct_r01_2016_10_11_L001-L004_merged	4	0.0000	0.0000	1.0000
HAMBI_0403_chrm01_circ_5247950	NP_Ct_r01_2016_12_05_L001-L004_merged	4	0.0000	0.0000	1.0000
HAMBI_0403_chrm01_circ_5247950	NP_Ct_r01_2017_02_06_L001-L004_merged	4	0.0101	0.0002	1.0000
HAMBI_0403_chrm01_circ_5247950	NP_Ct_r01_2017_03_06_L002	4	0.0239	0.0049	1.0000
HAMBI_0403_chrm01_circ_5247950	NP_Ct_r01_2017_04_03_L002	4	0.0702	0.0072	1.0000
HAMBI_0403_chrm01_circ_5247950	NP_Ct_r01_2017_08_21_L001	4	0.0103	0.0015	1.0000
HAMBI_0403_chrm01_circ_5247950	NP_Ct_r01_2017_09_18_L001	4	0.0672	0.0063	1.0000
HAMBI_0403_chrm01_circ_5247950	NP_Ct_r01_2017_11_14_L001-L004_merged	4	0.1626	0.0075	1.0000
HAMBI_0403_chrm01_circ_5247950	NP_Ct_r01_2018_03_06_L001	4	0.0095	0.0024	1.0000
HAMBI_0403_chrm01_circ_5247950	NP_Ct_r01_2018_06_26_L001	4	0.0311	0.0036	1.0000
HAMBI_0403_chrm01_circ_5247950	NP_Ct_r01_2018_07_24_L001	4	0.0219	0.0039	1.0000
HAMBI_0403_chrm01_circ_5247950	NP_Ct_r01_2018_08_21_L002	4	0.0101	0.0007	1.0000
HAMBI_0403_chrm01_circ_5247950	NP_Ct_r01_2018_09_18_L001	4	0.0090	0.0032	1.0000
HAMBI_0403_chrm01_circ_5247950	NP_Ct_r01_2018_10_16_L001	4	0.0184	0.0040	1.0000
HAMBI_0403_chrm01_circ_5247950	NP_Ct_r01_2018_11_13_L001	4	0.0111	0.0030	1.0000
HAMBI_0403_chrm01_circ_5247950	NP_Ct_r01_2018_12_11_L001	4	0.0205	0.0039	1.0000
HAMBI_0403_chrm01_circ_5247950	NP_Ct_r01_2019_02_04_L003	4	0.0766	0.0076	1.0000
HAMBI_0403_chrm01_circ_5247950	NP_Ct_r01_2019_02_25_L003	4	0.0985	0.0073	1.0000
HAMBI_0403_chrm01_circ_748850	NP_Ct_r01_2016_10_11_L001-L004_merged	4	0.0000	0.0000	1.0000
HAMBI_0403_chrm01_circ_748850	NP_Ct_r01_2016_12_05_L001-L004_merged	4	0.0000	0.0000	1.0000
HAMBI_0403_chrm01_circ_748850	NP_Ct_r01_2017_02_06_L001-L004_merged	4	0.0101	0.0002	1.0000
HAMBI_0403_chrm01_circ_748850	NP_Ct_r01_2017_03_06_L002	4	0.0239	0.0049	1.0000
HAMBI_0403_chrm01_circ_748850	NP_Ct_r01_2017_04_03_L002	4	0.0702	0.0072	1.0000
HAMBI_0403_chrm01_circ_748850	NP_Ct_r01_2017_08_21_L001	4	0.0103	0.0015	1.0000
HAMBI_0403_chrm01_circ_748850	NP_Ct_r01_2017_09_18_L001	4	0.0672	0.0063	1.0000
HAMBI_0403_chrm01_circ_748850	NP_Ct_r01_2017_11_14_L001-L004_merged	4	0.1626	0.0075	1.0000
HAMBI_0403_chrm01_circ_748850	NP_Ct_r01_2018_03_06_L001	4	0.0095	0.0024	1.0000
HAMBI_0403_chrm01_circ_748850	NP_Ct_r01_2018_06_26_L001	4	0.0311	0.0036	1.0000
HAMBI_0403_chrm01_circ_748850	NP_Ct_r01_2018_07_24_L001	4	0.0219	0.0039	1.0000
HAMBI_0403_chrm01_circ_748850	NP_Ct_r01_2018_08_21_L002	4	0.0101	0.0007	1.0000
HAMBI_0403_chrm01_circ_748850	NP_Ct_r01_2018_09_18_L001	4	0.0090	0.0032	1.0000
HAMBI_0403_chrm01_circ_748850	NP_Ct_r01_2018_10_16_L001	4	0.0184	0.0040	1.0000
HAMBI_0403_chrm01_circ_748850	NP_Ct_r01_2018_11_13_L001	4	0.0111	0.0030	1.0000
HAMBI_0403_chrm01_circ_748850	NP_Ct_r01_2018_12_11_L001	4	0.0205	0.0039	1.0000
HAMBI_0403_chrm01_circ_748850	NP_Ct_r01_2019_02_04_L003	4	0.0766	0.0076	1.0000
HAMBI_0403_chrm01_circ_748850	NP_Ct_r01_2019_02_25_L003	4	0.0985	0.0073	1.0000
HAMBI_0403_chrm01_circ_957871	NP_Ct_r01_2016_10_11_L001-L004_merged	4	0.0000	0.0000	1.0000
HAMBI_0403_chrm01_circ_957871	NP_Ct_r01_2016_12_05_L001-L004_merged	4	0.0000	0.0000	1.0000
HAMBI_0403_chrm01_circ_957871	NP_Ct_r01_2017_02_06_L001-L004_merged	4	0.0101	0.0002	1.0000
HAMBI_0403_chrm01_circ_957871	NP_Ct_r01_2017_03_06_L002	4	0.0239	0.0049	1.0000
HAMBI_0403_chrm01_circ_957871	NP_Ct_r01_2017_04_03_L002	4	0.0702	0.0072	1.0000
HAMBI_0403_chrm01_circ_957871	NP_Ct_r01_2017_08_21_L001	4	0.0103	0.0015	1.0000
HAMBI_0403_chrm01_circ_957871	NP_Ct_r01_2017_09_18_L001	4	0.0672	0.0063	1.0000
HAMBI_0403_chrm01_circ_957871	NP_Ct_r01_2017_11_14_L001-L004_merged	4	0.1626	0.0075	1.0000
HAMBI_0403_chrm01_circ_957871	NP_Ct_r01_2018_03_06_L001	4	0.0095	0.0024	1.0000
HAMBI_0403_chrm01_circ_957871	NP_Ct_r01_2018_06_26_L001	4	0.0311	0.0036	1.0000
HAMBI_0403_chrm01_circ_957871	NP_Ct_r01_2018_07_24_L001	4	0.0219	0.0039	1.0000
HAMBI_0403_chrm01_circ_957871	NP_Ct_r01_2018_08_21_L002	4	0.0101	0.0007	1.0000
HAMBI_0403_chrm01_circ_957871	NP_Ct_r01_2018_09_18_L001	4	0.0090	0.0032	1.0000
HAMBI_0403_chrm01_circ_957871	NP_Ct_r01_2018_10_16_L001	4	0.0184	0.0040	1.0000
HAMBI_0403_chrm01_circ_957871	NP_Ct_r01_2018_11_13_L001	4	0.0111	0.0030	1.0000
HAMBI_0403_chrm01_circ_957871	NP_Ct_r01_2018_12_11_L001	4	0.0205	0.0039	1.0000
HAMBI_0403_chrm01_circ_957871	NP_Ct_r01_2019_02_04_L003	4	0.0766	0.0076	1.0000
HAMBI_0403_chrm01_circ_957871	NP_Ct_r01_2019_02_25_L003	4	0.0985	0.0073	1.0000
HAMBI_0403_chrm01_circ_958829	NP_Ct_r01_2016_10_11_L001-L004_merged	4	0.0000	0.0000	1.0000
HAMBI_0403_chrm01_circ_958829	NP_Ct_r01_2016_12_05_L001-L004_merged	4	0.0000	0.0000	1.0000
HAMBI_0403_chrm01_circ_958829	NP_Ct_r01_2017_02_06_L001-L004_merged	4	0.0101	0.0002	1.0000
HAMBI_0403_chrm01_circ_958829	NP_Ct_r01_2017_03_06_L002	4	0.0239	0.0049	1.0000
HAMBI_0403_chrm01_circ_958829	NP_Ct_r01_2017_04_03_L002	4	0.0702	0.0072	1.0000
HAMBI_0403_chrm01_circ_958829	NP_Ct_r01_2017_08_21_L001	4	0.0103	0.0015	1.0000
HAMBI_0403_chrm01_circ_958829	NP_Ct_r01_2017_09_18_L001	4	0.0672	0.0063	1.0000
HAMBI_0403_chrm01_circ_958829	NP_Ct_r01_2017_11_14_L001-L004_merged	4	0.1626	0.0075	1.0000
HAMBI_0403_chrm01_circ_958829	NP_Ct_r01_2018_03_06_L001	4	0.0095	0.0024	1.0000
HAMBI_0403_chrm01_circ_958829	NP_Ct_r01_2018_06_26_L001	4	0.0311	0.0036	1.0000
HAMBI_0403_chrm01_circ_958829	NP_Ct_r01_2018_07_24_L001	4	0.0219	0.0039	1.0000
HAMBI_0403_chrm01_circ_958829	NP_Ct_r01_2018_08_21_L002	4	0.0101	0.0007	1.0000
HAMBI_0403_chrm01_circ_958829	NP_Ct_r01_2018_09_18_L001	4	0.0090	0.0032	1.0000
HAMBI_0403_chrm01_circ_958829	NP_Ct_r01_2018_10_16_L001	4	0.0184	0.0040	1.0000
HAMBI_0403_chrm01_circ_958829	NP_Ct_r01_2018_11_13_L001	4	0.0111	0.0030	1.0000
HAMBI_0403_chrm01_circ_958829	NP_Ct_r01_2018_12_11_L001	4	0.0205	0.0039	1.0000
HAMBI_0403_chrm01_circ_958829	NP_Ct_r01_2019_02_04_L003	4	0.0766	0.0076	1.0000
HAMBI_0403_chrm01_circ_958829	NP_Ct_r01_2019_02_25_L003	4	0.0985	0.0073	1.0000
HAMBI_0403_chrm01_circ_1521289	NP_Ct_r01_2016_10_11_L001-L004_merged	5	0.0000	0.0000	1.0000
HAMBI_0403_chrm01_circ_1521289	NP_Ct_r01_2016_12_05_L001-L004_merged	5	0.0000	0.0001	1.0000
HAMBI_0403_chrm01_circ_1521289	NP_Ct_r01_2017_02_06_L001-L004_merged	5	0.0101	0.0005	1.0000
HAMBI_0403_chrm01_circ_1521289	NP_Ct_r01_2017_03_06_L002	5	0.0101	0.0001	1.0000
HAMBI_0403_chrm01_circ_1521289	NP_Ct_r01_2017_04_03_L002	5	0.0105	0.0019	1.0000
HAMBI_0403_chrm01_circ_1521289	NP_Ct_r01_2017_08_21_L001	5	0.0000	0.0002	1.0000
HAMBI_0403_chrm01_circ_1521289	NP_Ct_r01_2017_09_18_L001	5	0.0210	0.0029	1.0000
HAMBI_0403_chrm01_circ_1521289	NP_Ct_r01_2017_11_14_L001-L004_merged	5	0.0335	0.0047	1.0000
HAMBI_0403_chrm01_circ_1521289	NP_Ct_r01_2018_03_06_L001	5	0.0000	0.0000	1.0000
HAMBI_0403_chrm01_circ_1521289	NP_Ct_r01_2018_06_26_L001	5	0.5563	0.0138	1.0000
HAMBI_0403_chrm01_circ_1521289	NP_Ct_r01_2018_07_24_L001	5	0.5019	0.0156	1.0000
HAMBI_0403_chrm01_circ_1521289	NP_Ct_r01_2018_08_21_L002	5	0.6944	0.0123	1.0000
HAMBI_0403_chrm01_circ_1521289	NP_Ct_r01_2018_09_18_L001	5	0.8004	0.0127	1.0000
HAMBI_0403_chrm01_circ_1521289	NP_Ct_r01_2018_10_16_L001	5	0.6690	0.0129	1.0000
HAMBI_0403_chrm01_circ_1521289	NP_Ct_r01_2018_11_13_L001	5	0.5603	0.0157	1.0000
HAMBI_0403_chrm01_circ_1521289	NP_Ct_r01_2018_12_11_L001	5	0.6002	0.0165	1.0000
HAMBI_0403_chrm01_circ_1521289	NP_Ct_r01_2019_02_04_L003	5	0.1932	0.0119	1.0000
HAMBI_0403_chrm01_circ_1521289	NP_Ct_r01_2019_02_25_L003	5	0.1515	0.0096	1.0000
HAMBI_0403_chrm01_circ_156034	NP_Ct_r01_2016_10_11_L001-L004_merged	5	0.0000	0.0000	1.0000
HAMBI_0403_chrm01_circ_156034	NP_Ct_r01_2016_12_05_L001-L004_merged	5	0.0000	0.0001	1.0000
HAMBI_0403_chrm01_circ_156034	NP_Ct_r01_2017_02_06_L001-L004_merged	5	0.0101	0.0005	1.0000
HAMBI_0403_chrm01_circ_156034	NP_Ct_r01_2017_03_06_L002	5	0.0101	0.0001	1.0000
HAMBI_0403_chrm01_circ_156034	NP_Ct_r01_2017_04_03_L002	5	0.0105	0.0019	1.0000
HAMBI_0403_chrm01_circ_156034	NP_Ct_r01_2017_08_21_L001	5	0.0000	0.0002	1.0000
HAMBI_0403_chrm01_circ_156034	NP_Ct_r01_2017_09_18_L001	5	0.0210	0.0029	1.0000
HAMBI_0403_chrm01_circ_156034	NP_Ct_r01_2017_11_14_L001-L004_merged	5	0.0335	0.0047	1.0000
HAMBI_0403_chrm01_circ_156034	NP_Ct_r01_2018_03_06_L001	5	0.0000	0.0000	1.0000
HAMBI_0403_chrm01_circ_156034	NP_Ct_r01_2018_06_26_L001	5	0.5563	0.0138	1.0000
HAMBI_0403_chrm01_circ_156034	NP_Ct_r01_2018_07_24_L001	5	0.5019	0.0156	1.0000
HAMBI_0403_chrm01_circ_156034	NP_Ct_r01_2018_08_21_L002	5	0.6944	0.0123	1.0000
HAMBI_0403_chrm01_circ_156034	NP_Ct_r01_2018_09_18_L001	5	0.8004	0.0127	1.0000
HAMBI_0403_chrm01_circ_156034	NP_Ct_r01_2018_10_16_L001	5	0.6690	0.0129	1.0000
HAMBI_0403_chrm01_circ_156034	NP_Ct_r01_2018_11_13_L001	5	0.5603	0.0157	1.0000
HAMBI_0403_chrm01_circ_156034	NP_Ct_r01_2018_12_11_L001	5	0.6002	0.0165	1.0000
HAMBI_0403_chrm01_circ_156034	NP_Ct_r01_2019_02_04_L003	5	0.1932	0.0119	1.0000
HAMBI_0403_chrm01_circ_156034	NP_Ct_r01_2019_02_25_L003	5	0.1515	0.0096	1.0000
HAMBI_0403_chrm01_circ_2883870	NP_Ct_r01_2016_10_11_L001-L004_merged	5	0.0000	0.0000	1.0000
HAMBI_0403_chrm01_circ_2883870	NP_Ct_r01_2016_12_05_L001-L004_merged	5	0.0000	0.0001	1.0000
HAMBI_0403_chrm01_circ_2883870	NP_Ct_r01_2017_02_06_L001-L004_merged	5	0.0101	0.0005	1.0000
HAMBI_0403_chrm01_circ_2883870	NP_Ct_r01_2017_03_06_L002	5	0.0101	0.0001	1.0000
HAMBI_0403_chrm01_circ_2883870	NP_Ct_r01_2017_04_03_L002	5	0.0105	0.0019	1.0000
HAMBI_0403_chrm01_circ_2883870	NP_Ct_r01_2017_08_21_L001	5	0.0000	0.0002	1.0000
HAMBI_0403_chrm01_circ_2883870	NP_Ct_r01_2017_09_18_L001	5	0.0210	0.0029	1.0000
HAMBI_0403_chrm01_circ_2883870	NP_Ct_r01_2017_11_14_L001-L004_merged	5	0.0335	0.0047	1.0000
HAMBI_0403_chrm01_circ_2883870	NP_Ct_r01_2018_03_06_L001	5	0.0000	0.0000	1.0000
HAMBI_0403_chrm01_circ_2883870	NP_Ct_r01_2018_06_26_L001	5	0.5563	0.0138	1.0000
HAMBI_0403_chrm01_circ_2883870	NP_Ct_r01_2018_07_24_L001	5	0.5019	0.0156	1.0000
HAMBI_0403_chrm01_circ_2883870	NP_Ct_r01_2018_08_21_L002	5	0.6944	0.0123	1.0000
HAMBI_0403_chrm01_circ_2883870	NP_Ct_r01_2018_09_18_L001	5	0.8004	0.0127	1.0000
HAMBI_0403_chrm01_circ_2883870	NP_Ct_r01_2018_10_16_L001	5	0.6690	0.0129	1.0000
HAMBI_0403_chrm01_circ_2883870	NP_Ct_r01_2018_11_13_L001	5	0.5603	0.0157	1.0000
HAMBI_0403_chrm01_circ_2883870	NP_Ct_r01_2018_12_11_L001	5	0.6002	0.0165	1.0000
HAMBI_0403_chrm01_circ_2883870	NP_Ct_r01_2019_02_04_L003	5	0.1932	0.0119	1.0000
HAMBI_0403_chrm01_circ_2883870	NP_Ct_r01_2019_02_25_L003	5	0.1515	0.0096	1.0000
HAMBI_0403_chrm01_circ_3117371	NP_Ct_r01_2016_10_11_L001-L004_merged	5	0.0000	0.0000	1.0000
HAMBI_0403_chrm01_circ_3117371	NP_Ct_r01_2016_12_05_L001-L004_merged	5	0.0000	0.0001	1.0000
HAMBI_0403_chrm01_circ_3117371	NP_Ct_r01_2017_02_06_L001-L004_merged	5	0.0101	0.0005	1.0000
HAMBI_0403_chrm01_circ_3117371	NP_Ct_r01_2017_03_06_L002	5	0.0101	0.0001	1.0000
HAMBI_0403_chrm01_circ_3117371	NP_Ct_r01_2017_04_03_L002	5	0.0105	0.0019	1.0000
HAMBI_0403_chrm01_circ_3117371	NP_Ct_r01_2017_08_21_L001	5	0.0000	0.0002	1.0000
HAMBI_0403_chrm01_circ_3117371	NP_Ct_r01_2017_09_18_L001	5	0.0210	0.0029	1.0000
HAMBI_0403_chrm01_circ_3117371	NP_Ct_r01_2017_11_14_L001-L004_merged	5	0.0335	0.0047	1.0000
HAMBI_0403_chrm01_circ_3117371	NP_Ct_r01_2018_03_06_L001	5	0.0000	0.0000	1.0000
HAMBI_0403_chrm01_circ_3117371	NP_Ct_r01_2018_06_26_L001	5	0.5563	0.0138	1.0000
HAMBI_0403_chrm01_circ_3117371	NP_Ct_r01_2018_07_24_L001	5	0.5019	0.0156	1.0000
HAMBI_0403_chrm01_circ_3117371	NP_Ct_r01_2018_08_21_L002	5	0.6944	0.0123	1.0000
HAMBI_0403_chrm01_circ_3117371	NP_Ct_r01_2018_09_18_L001	5	0.8004	0.0127	1.0000
HAMBI_0403_chrm01_circ_3117371	NP_Ct_r01_2018_10_16_L001	5	0.6690	0.0129	1.0000
HAMBI_0403_chrm01_circ_3117371	NP_Ct_r01_2018_11_13_L001	5	0.5603	0.0157	1.0000
HAMBI_0403_chrm01_circ_3117371	NP_Ct_r01_2018_12_11_L001	5	0.6002	0.0165	1.0000
HAMBI_0403_chrm01_circ_3117371	NP_Ct_r01_2019_02_04_L003	5	0.1932	0.0119	1.0000
HAMBI_0403_chrm01_circ_3117371	NP_Ct_r01_2019_02_25_L003	5	0.1515	0.0096	1.0000
HAMBI_0403_chrm01_circ_3202926	NP_Ct_r01_2016_10_11_L001-L004_merged	5	0.0000	0.0000	1.0000
HAMBI_0403_chrm01_circ_3202926	NP_Ct_r01_2016_12_05_L001-L004_merged	5	0.0000	0.0001	1.0000
HAMBI_0403_chrm01_circ_3202926	NP_Ct_r01_2017_02_06_L001-L004_merged	5	0.0101	0.0005	1.0000
HAMBI_0403_chrm01_circ_3202926	NP_Ct_r01_2017_03_06_L002	5	0.0101	0.0001	1.0000
HAMBI_0403_chrm01_circ_3202926	NP_Ct_r01_2017_04_03_L002	5	0.0105	0.0019	1.0000
HAMBI_0403_chrm01_circ_3202926	NP_Ct_r01_2017_08_21_L001	5	0.0000	0.0002	1.0000
HAMBI_0403_chrm01_circ_3202926	NP_Ct_r01_2017_09_18_L001	5	0.0210	0.0029	1.0000
HAMBI_0403_chrm01_circ_3202926	NP_Ct_r01_2017_11_14_L001-L004_merged	5	0.0335	0.0047	1.0000
HAMBI_0403_chrm01_circ_3202926	NP_Ct_r01_2018_03_06_L001	5	0.0000	0.0000	1.0000
HAMBI_0403_chrm01_circ_3202926	NP_Ct_r01_2018_06_26_L001	5	0.5563	0.0138	1.0000
HAMBI_0403_chrm01_circ_3202926	NP_Ct_r01_2018_07_24_L001	5	0.5019	0.0156	1.0000
HAMBI_0403_chrm01_circ_3202926	NP_Ct_r01_2018_08_21_L002	5	0.6944	0.0123	1.0000
HAMBI_0403_chrm01_circ_3202926	NP_Ct_r01_2018_09_18_L001	5	0.8004	0.0127	1.0000
HAMBI_0403_chrm01_circ_3202926	NP_Ct_r01_2018_10_16_L001	5	0.6690	0.0129	1.0000
HAMBI_0403_chrm01_circ_3202926	NP_Ct_r01_2018_11_13_L001	5	0.5603	0.0157	1.0000
HAMBI_0403_chrm01_circ_3202926	NP_Ct_r01_2018_12_11_L001	5	0.6002	0.0165	1.0000
HAMBI_0403_chrm01_circ_3202926	NP_Ct_r01_2019_02_04_L003	5	0.1932	0.0119	1.0000
HAMBI_0403_chrm01_circ_3202926	NP_Ct_r01_2019_02_25_L003	5	0.1515	0.0096	1.0000
HAMBI_0403_chrm01_circ_3321404	NP_Ct_r01_2016_10_11_L001-L004_merged	5	0.0000	0.0000	1.0000
HAMBI_0403_chrm01_circ_3321404	NP_Ct_r01_2016_12_05_L001-L004_merged	5	0.0000	0.0001	1.0000
HAMBI_0403_chrm01_circ_3321404	NP_Ct_r01_2017_02_06_L001-L004_merged	5	0.0101	0.0005	1.0000
HAMBI_0403_chrm01_circ_3321404	NP_Ct_r01_2017_03_06_L002	5	0.0101	0.0001	1.0000
HAMBI_0403_chrm01_circ_3321404	NP_Ct_r01_2017_04_03_L002	5	0.0105	0.0019	1.0000
HAMBI_0403_chrm01_circ_3321404	NP_Ct_r01_2017_08_21_L001	5	0.0000	0.0002	1.0000
HAMBI_0403_chrm01_circ_3321404	NP_Ct_r01_2017_09_18_L001	5	0.0210	0.0029	1.0000
HAMBI_0403_chrm01_circ_3321404	NP_Ct_r01_2017_11_14_L001-L004_merged	5	0.0335	0.0047	1.0000
HAMBI_0403_chrm01_circ_3321404	NP_Ct_r01_2018_03_06_L001	5	0.0000	0.0000	1.0000
HAMBI_0403_chrm01_circ_3321404	NP_Ct_r01_2018_06_26_L001	5	0.5563	0.0138	1.0000
HAMBI_0403_chrm01_circ_3321404	NP_Ct_r01_2018_07_24_L001	5	0.5019	0.0156	1.0000
HAMBI_0403_chrm01_circ_3321404	NP_Ct_r01_2018_08_21_L002	5	0.6944	0.0123	1.0000
HAMBI_0403_chrm01_circ_3321404	NP_Ct_r01_2018_09_18_L001	5	0.8004	0.0127	1.0000
HAMBI_0403_chrm01_circ_3321404	NP_Ct_r01_2018_10_16_L001	5	0.6690	0.0129	1.0000
HAMBI_0403_chrm01_circ_3321404	NP_Ct_r01_2018_11_13_L001	5	0.5603	0.0157	1.0000
HAMBI_0403_chrm01_circ_3321404	NP_Ct_r01_2018_12_11_L001	5	0.6002	0.0165	1.0000
HAMBI_0403_chrm01_circ_3321404	NP_Ct_r01_2019_02_04_L003	5	0.1932	0.0119	1.0000
HAMBI_0403_chrm01_circ_3321404	NP_Ct_r01_2019_02_25_L003	5	0.1515	0.0096	1.0000
HAMBI_0403_chrm01_circ_3715513	NP_Ct_r01_2016_10_11_L001-L004_merged	5	0.0000	0.0000	1.0000
HAMBI_0403_chrm01_circ_3715513	NP_Ct_r01_2016_12_05_L001-L004_merged	5	0.0000	0.0001	1.0000
HAMBI_0403_chrm01_circ_3715513	NP_Ct_r01_2017_02_06_L001-L004_merged	5	0.0101	0.0005	1.0000
HAMBI_0403_chrm01_circ_3715513	NP_Ct_r01_2017_03_06_L002	5	0.0101	0.0001	1.0000
HAMBI_0403_chrm01_circ_3715513	NP_Ct_r01_2017_04_03_L002	5	0.0105	0.0019	1.0000
HAMBI_0403_chrm01_circ_3715513	NP_Ct_r01_2017_08_21_L001	5	0.0000	0.0002	1.0000
HAMBI_0403_chrm01_circ_3715513	NP_Ct_r01_2017_09_18_L001	5	0.0210	0.0029	1.0000
HAMBI_0403_chrm01_circ_3715513	NP_Ct_r01_2017_11_14_L001-L004_merged	5	0.0335	0.0047	1.0000
HAMBI_0403_chrm01_circ_3715513	NP_Ct_r01_2018_03_06_L001	5	0.0000	0.0000	1.0000
HAMBI_0403_chrm01_circ_3715513	NP_Ct_r01_2018_06_26_L001	5	0.5563	0.0138	1.0000
HAMBI_0403_chrm01_circ_3715513	NP_Ct_r01_2018_07_24_L001	5	0.5019	0.0156	1.0000
HAMBI_0403_chrm01_circ_3715513	NP_Ct_r01_2018_08_21_L002	5	0.6944	0.0123	1.0000
HAMBI_0403_chrm01_circ_3715513	NP_Ct_r01_2018_09_18_L001	5	0.8004	0.0127	1.0000
HAMBI_0403_chrm01_circ_3715513	NP_Ct_r01_2018_10_16_L001	5	0.6690	0.0129	1.0000
HAMBI_0403_chrm01_circ_3715513	NP_Ct_r01_2018_11_13_L001	5	0.5603	0.0157	1.0000
HAMBI_0403_chrm01_circ_3715513	NP_Ct_r01_2018_12_11_L001	5	0.6002	0.0165	1.0000
HAMBI_0403_chrm01_circ_3715513	NP_Ct_r01_2019_02_04_L003	5	0.1932	0.0119	1.0000
HAMBI_0403_chrm01_circ_3715513	NP_Ct_r01_2019_02_25_L003	5	0.1515	0.0096	1.0000
HAMBI_0403_chrm01_circ_464021	NP_Ct_r01_2016_10_11_L001-L004_merged	5	0.0000	0.0000	1.0000
HAMBI_0403_chrm01_circ_464021	NP_Ct_r01_2016_12_05_L001-L004_merged	5	0.0000	0.0001	1.0000
HAMBI_0403_chrm01_circ_464021	NP_Ct_r01_2017_02_06_L001-L004_merged	5	0.0101	0.0005	1.0000
HAMBI_0403_chrm01_circ_464021	NP_Ct_r01_2017_03_06_L002	5	0.0101	0.0001	1.0000
HAMBI_0403_chrm01_circ_464021	NP_Ct_r01_2017_04_03_L002	5	0.0105	0.0019	1.0000
HAMBI_0403_chrm01_circ_464021	NP_Ct_r01_2017_08_21_L001	5	0.0000	0.0002	1.0000
HAMBI_0403_chrm01_circ_464021	NP_Ct_r01_2017_09_18_L001	5	0.0210	0.0029	1.0000
HAMBI_0403_chrm01_circ_464021	NP_Ct_r01_2017_11_14_L001-L004_merged	5	0.0335	0.0047	1.0000
HAMBI_0403_chrm01_circ_464021	NP_Ct_r01_2018_03_06_L001	5	0.0000	0.0000	1.0000
HAMBI_0403_chrm01_circ_464021	NP_Ct_r01_2018_06_26_L001	5	0.5563	0.0138	1.0000
HAMBI_0403_chrm01_circ_464021	NP_Ct_r01_2018_07_24_L001	5	0.5019	0.0156	1.0000
HAMBI_0403_chrm01_circ_464021	NP_Ct_r01_2018_08_21_L002	5	0.6944	0.0123	1.0000
HAMBI_0403_chrm01_circ_464021	NP_Ct_r01_2018_09_18_L001	5	0.8004	0.0127	1.0000
HAMBI_0403_chrm01_circ_464021	NP_Ct_r01_2018_10_16_L001	5	0.6690	0.0129	1.0000
HAMBI_0403_chrm01_circ_464021	NP_Ct_r01_2018_11_13_L001	5	0.5603	0.0157	1.0000
HAMBI_0403_chrm01_circ_464021	NP_Ct_r01_2018_12_11_L001	5	0.6002	0.0165	1.0000
HAMBI_0403_chrm01_circ_464021	NP_Ct_r01_2019_02_04_L003	5	0.1932	0.0119	1.0000
HAMBI_0403_chrm01_circ_464021	NP_Ct_r01_2019_02_25_L003	5	0.1515	0.0096	1.0000
HAMBI_0403_chrm01_circ_5014718	NP_Ct_r01_2016_10_11_L001-L004_merged	5	0.0000	0.0000	1.0000
HAMBI_0403_chrm01_circ_5014718	NP_Ct_r01_2016_12_05_L001-L004_merged	5	0.0000	0.0001	1.0000
HAMBI_0403_chrm01_circ_5014718	NP_Ct_r01_2017_02_06_L001-L004_merged	5	0.0101	0.0005	1.0000
HAMBI_0403_chrm01_circ_5014718	NP_Ct_r01_2017_03_06_L002	5	0.0101	0.0001	1.0000
HAMBI_0403_chrm01_circ_5014718	NP_Ct_r01_2017_04_03_L002	5	0.0105	0.0019	1.0000
HAMBI_0403_chrm01_circ_5014718	NP_Ct_r01_2017_08_21_L001	5	0.0000	0.0002	1.0000
HAMBI_0403_chrm01_circ_5014718	NP_Ct_r01_2017_09_18_L001	5	0.0210	0.0029	1.0000
HAMBI_0403_chrm01_circ_5014718	NP_Ct_r01_2017_11_14_L001-L004_merged	5	0.0335	0.0047	1.0000
HAMBI_0403_chrm01_circ_5014718	NP_Ct_r01_2018_03_06_L001	5	0.0000	0.0000	1.0000
HAMBI_0403_chrm01_circ_5014718	NP_Ct_r01_2018_06_26_L001	5	0.5563	0.0138	1.0000
HAMBI_0403_chrm01_circ_5014718	NP_Ct_r01_2018_07_24_L001	5	0.5019	0.0156	1.0000
HAMBI_0403_chrm01_circ_5014718	NP_Ct_r01_2018_08_21_L002	5	0.6944	0.0123	1.0000
HAMBI_0403_chrm01_circ_5014718	NP_Ct_r01_2018_09_18_L001	5	0.8004	0.0127	1.0000
HAMBI_0403_chrm01_circ_5014718	NP_Ct_r01_2018_10_16_L001	5	0.6690	0.0129	1.0000
HAMBI_0403_chrm01_circ_5014718	NP_Ct_r01_2018_11_13_L001	5	0.5603	0.0157	1.0000
HAMBI_0403_chrm01_circ_5014718	NP_Ct_r01_2018_12_11_L001	5	0.6002	0.0165	1.0000
HAMBI_0403_chrm01_circ_5014718	NP_Ct_r01_2019_02_04_L003	5	0.1932	0.0119	1.0000
HAMBI_0403_chrm01_circ_5014718	NP_Ct_r01_2019_02_25_L003	5	0.1515	0.0096	1.0000
HAMBI_0403_chrm01_circ_5114950	NP_Ct_r01_2016_10_11_L001-L004_merged	5	0.0000	0.0000	1.0000
HAMBI_0403_chrm01_circ_5114950	NP_Ct_r01_2016_12_05_L001-L004_merged	5	0.0000	0.0001	1.0000
HAMBI_0403_chrm01_circ_5114950	NP_Ct_r01_2017_02_06_L001-L004_merged	5	0.0101	0.0005	1.0000
HAMBI_0403_chrm01_circ_5114950	NP_Ct_r01_2017_03_06_L002	5	0.0101	0.0001	1.0000
HAMBI_0403_chrm01_circ_5114950	NP_Ct_r01_2017_04_03_L002	5	0.0105	0.0019	1.0000
HAMBI_0403_chrm01_circ_5114950	NP_Ct_r01_2017_08_21_L001	5	0.0000	0.0002	1.0000
HAMBI_0403_chrm01_circ_5114950	NP_Ct_r01_2017_09_18_L001	5	0.0210	0.0029	1.0000
HAMBI_0403_chrm01_circ_5114950	NP_Ct_r01_2017_11_14_L001-L004_merged	5	0.0335	0.0047	1.0000
HAMBI_0403_chrm01_circ_5114950	NP_Ct_r01_2018_03_06_L001	5	0.0000	0.0000	1.0000
HAMBI_0403_chrm01_circ_5114950	NP_Ct_r01_2018_06_26_L001	5	0.5563	0.0138	1.0000
HAMBI_0403_chrm01_circ_5114950	NP_Ct_r01_2018_07_24_L001	5	0.5019	0.0156	1.0000
HAMBI_0403_chrm01_circ_5114950	NP_Ct_r01_2018_08_21_L002	5	0.6944	0.0123	1.0000
HAMBI_0403_chrm01_circ_5114950	NP_Ct_r01_2018_09_18_L001	5	0.8004	0.0127	1.0000
HAMBI_0403_chrm01_circ_5114950	NP_Ct_r01_2018_10_16_L001	5	0.6690	0.0129	1.0000
HAMBI_0403_chrm01_circ_5114950	NP_Ct_r01_2018_11_13_L001	5	0.5603	0.0157	1.0000
HAMBI_0403_chrm01_circ_5114950	NP_Ct_r01_2018_12_11_L001	5	0.6002	0.0165	1.0000
HAMBI_0403_chrm01_circ_5114950	NP_Ct_r01_2019_02_04_L003	5	0.1932	0.0119	1.0000
HAMBI_0403_chrm01_circ_5114950	NP_Ct_r01_2019_02_25_L003	5	0.1515	0.0096	1.0000
HAMBI_0403_chrm01_circ_5158099	NP_Ct_r01_2016_10_11_L001-L004_merged	5	0.0000	0.0000	1.0000
HAMBI_0403_chrm01_circ_5158099	NP_Ct_r01_2016_12_05_L001-L004_merged	5	0.0000	0.0001	1.0000
HAMBI_0403_chrm01_circ_5158099	NP_Ct_r01_2017_02_06_L001-L004_merged	5	0.0101	0.0005	1.0000
HAMBI_0403_chrm01_circ_5158099	NP_Ct_r01_2017_03_06_L002	5	0.0101	0.0001	1.0000
HAMBI_0403_chrm01_circ_5158099	NP_Ct_r01_2017_04_03_L002	5	0.0105	0.0019	1.0000
HAMBI_0403_chrm01_circ_5158099	NP_Ct_r01_2017_08_21_L001	5	0.0000	0.0002	1.0000
HAMBI_0403_chrm01_circ_5158099	NP_Ct_r01_2017_09_18_L001	5	0.0210	0.0029	1.0000
HAMBI_0403_chrm01_circ_5158099	NP_Ct_r01_2017_11_14_L001-L004_merged	5	0.0335	0.0047	1.0000
HAMBI_0403_chrm01_circ_5158099	NP_Ct_r01_2018_03_06_L001	5	0.0000	0.0000	1.0000
HAMBI_0403_chrm01_circ_5158099	NP_Ct_r01_2018_06_26_L001	5	0.5563	0.0138	1.0000
HAMBI_0403_chrm01_circ_5158099	NP_Ct_r01_2018_07_24_L001	5	0.5019	0.0156	1.0000
HAMBI_0403_chrm01_circ_5158099	NP_Ct_r01_2018_08_21_L002	5	0.6944	0.0123	1.0000
HAMBI_0403_chrm01_circ_5158099	NP_Ct_r01_2018_09_18_L001	5	0.8004	0.0127	1.0000
HAMBI_0403_chrm01_circ_5158099	NP_Ct_r01_2018_10_16_L001	5	0.6690	0.0129	1.0000
HAMBI_0403_chrm01_circ_5158099	NP_Ct_r01_2018_11_13_L001	5	0.5603	0.0157	1.0000
HAMBI_0403_chrm01_circ_5158099	NP_Ct_r01_2018_12_11_L001	5	0.6002	0.0165	1.0000
HAMBI_0403_chrm01_circ_5158099	NP_Ct_r01_2019_02_04_L003	5	0.1932	0.0119	1.0000
HAMBI_0403_chrm01_circ_5158099	NP_Ct_r01_2019_02_25_L003	5	0.1515	0.0096	1.0000
HAMBI_0403_chrm01_circ_5582102	NP_Ct_r01_2016_10_11_L001-L004_merged	5	0.0000	0.0000	1.0000
HAMBI_0403_chrm01_circ_5582102	NP_Ct_r01_2016_12_05_L001-L004_merged	5	0.0000	0.0001	1.0000
HAMBI_0403_chrm01_circ_5582102	NP_Ct_r01_2017_02_06_L001-L004_merged	5	0.0101	0.0005	1.0000
HAMBI_0403_chrm01_circ_5582102	NP_Ct_r01_2017_03_06_L002	5	0.0101	0.0001	1.0000
HAMBI_0403_chrm01_circ_5582102	NP_Ct_r01_2017_04_03_L002	5	0.0105	0.0019	1.0000
HAMBI_0403_chrm01_circ_5582102	NP_Ct_r01_2017_08_21_L001	5	0.0000	0.0002	1.0000
HAMBI_0403_chrm01_circ_5582102	NP_Ct_r01_2017_09_18_L001	5	0.0210	0.0029	1.0000
HAMBI_0403_chrm01_circ_5582102	NP_Ct_r01_2017_11_14_L001-L004_merged	5	0.0335	0.0047	1.0000
HAMBI_0403_chrm01_circ_5582102	NP_Ct_r01_2018_03_06_L001	5	0.0000	0.0000	1.0000
HAMBI_0403_chrm01_circ_5582102	NP_Ct_r01_2018_06_26_L001	5	0.5563	0.0138	1.0000
HAMBI_0403_chrm01_circ_5582102	NP_Ct_r01_2018_07_24_L001	5	0.5019	0.0156	1.0000
HAMBI_0403_chrm01_circ_5582102	NP_Ct_r01_2018_08_21_L002	5	0.6944	0.0123	1.0000
HAMBI_0403_chrm01_circ_5582102	NP_Ct_r01_2018_09_18_L001	5	0.8004	0.0127	1.0000
HAMBI_0403_chrm01_circ_5582102	NP_Ct_r01_2018_10_16_L001	5	0.6690	0.0129	1.0000
HAMBI_0403_chrm01_circ_5582102	NP_Ct_r01_2018_11_13_L001	5	0.5603	0.0157	1.0000
HAMBI_0403_chrm01_circ_5582102	NP_Ct_r01_2018_12_11_L001	5	0.6002	0.0165	1.0000
HAMBI_0403_chrm01_circ_5582102	NP_Ct_r01_2019_02_04_L003	5	0.1932	0.0119	1.0000
HAMBI_0403_chrm01_circ_5582102	NP_Ct_r01_2019_02_25_L003	5	0.1515	0.0096	1.0000
HAMBI_0403_chrm01_circ_613689	NP_Ct_r01_2016_10_11_L001-L004_merged	5	0.0000	0.0000	1.0000
HAMBI_0403_chrm01_circ_613689	NP_Ct_r01_2016_12_05_L001-L004_merged	5	0.0000	0.0001	1.0000
HAMBI_0403_chrm01_circ_613689	NP_Ct_r01_2017_02_06_L001-L004_merged	5	0.0101	0.0005	1.0000
HAMBI_0403_chrm01_circ_613689	NP_Ct_r01_2017_03_06_L002	5	0.0101	0.0001	1.0000
HAMBI_0403_chrm01_circ_613689	NP_Ct_r01_2017_04_03_L002	5	0.0105	0.0019	1.0000
HAMBI_0403_chrm01_circ_613689	NP_Ct_r01_2017_08_21_L001	5	0.0000	0.0002	1.0000
HAMBI_0403_chrm01_circ_613689	NP_Ct_r01_2017_09_18_L001	5	0.0210	0.0029	1.0000
HAMBI_0403_chrm01_circ_613689	NP_Ct_r01_2017_11_14_L001-L004_merged	5	0.0335	0.0047	1.0000
HAMBI_0403_chrm01_circ_613689	NP_Ct_r01_2018_03_06_L001	5	0.0000	0.0000	1.0000
HAMBI_0403_chrm01_circ_613689	NP_Ct_r01_2018_06_26_L001	5	0.5563	0.0138	1.0000
HAMBI_0403_chrm01_circ_613689	NP_Ct_r01_2018_07_24_L001	5	0.5019	0.0156	1.0000
HAMBI_0403_chrm01_circ_613689	NP_Ct_r01_2018_08_21_L002	5	0.6944	0.0123	1.0000
HAMBI_0403_chrm01_circ_613689	NP_Ct_r01_2018_09_18_L001	5	0.8004	0.0127	1.0000
HAMBI_0403_chrm01_circ_613689	NP_Ct_r01_2018_10_16_L001	5	0.6690	0.0129	1.0000
HAMBI_0403_chrm01_circ_613689	NP_Ct_r01_2018_11_13_L001	5	0.5603	0.0157	1.0000
HAMBI_0403_chrm01_circ_613689	NP_Ct_r01_2018_12_11_L001	5	0.6002	0.0165	1.0000
HAMBI_0403_chrm01_circ_613689	NP_Ct_r01_2019_02_04_L003	5	0.1932	0.0119	1.0000
HAMBI_0403_chrm01_circ_613689	NP_Ct_r01_2019_02_25_L003	5	0.1515	0.0096	1.0000
HAMBI_0403_chrm01_circ_1048627	NP_Ct_r01_2016_10_11_L001-L004_merged	6	0.0000	0.0000	1.0000
HAMBI_0403_chrm01_circ_1048627	NP_Ct_r01_2016_12_05_L001-L004_merged	6	0.0000	0.0000	1.0000
HAMBI_0403_chrm01_circ_1048627	NP_Ct_r01_2017_02_06_L001-L004_merged	6	0.0000	0.0000	1.0000
HAMBI_0403_chrm01_circ_1048627	NP_Ct_r01_2017_03_06_L002	6	0.0000	0.0000	1.0000
HAMBI_0403_chrm01_circ_1048627	NP_Ct_r01_2017_04_03_L002	6	0.0000	0.0000	1.0000
HAMBI_0403_chrm01_circ_1048627	NP_Ct_r01_2017_08_21_L001	6	0.0000	0.0000	1.0000
HAMBI_0403_chrm01_circ_1048627	NP_Ct_r01_2017_09_18_L001	6	0.0000	0.0000	1.0000
HAMBI_0403_chrm01_circ_1048627	NP_Ct_r01_2017_11_14_L001-L004_merged	6	0.0000	0.0000	1.0000
HAMBI_0403_chrm01_circ_1048627	NP_Ct_r01_2018_03_06_L001	6	0.0000	0.0000	1.0000
HAMBI_0403_chrm01_circ_1048627	NP_Ct_r01_2018_06_26_L001	6	0.4383	0.0082	1.0000
HAMBI_0403_chrm01_circ_1048627	NP_Ct_r01_2018_07_24_L001	6	0.3510	0.0086	1.0000
HAMBI_0403_chrm01_circ_1048627	NP_Ct_r01_2018_08_21_L002	6	0.5127	0.0081	1.0000
HAMBI_0403_chrm01_circ_1048627	NP_Ct_r01_2018_09_18_L001	6	0.6506	0.0088	1.0000
HAMBI_0403_chrm01_circ_1048627	NP_Ct_r01_2018_10_16_L001	6	0.5029	0.0081	1.0000
HAMBI_0403_chrm01_circ_1048627	NP_Ct_r01_2018_11_13_L001	6	0.3866	0.0093	1.0000
HAMBI_0403_chrm01_circ_1048627	NP_Ct_r01_2018_12_11_L001	6	0.4664	0.0100	1.0000
HAMBI_0403_chrm01_circ_1048627	NP_Ct_r01_2019_02_04_L003	6	0.1300	0.0062	1.0000
HAMBI_0403_chrm01_circ_1048627	NP_Ct_r01_2019_02_25_L003	6	0.1019	0.0042	1.0000
HAMBI_0403_chrm01_circ_140925	NP_Ct_r01_2016_10_11_L001-L004_merged	6	0.0000	0.0000	1.0000
HAMBI_0403_chrm01_circ_140925	NP_Ct_r01_2016_12_05_L001-L004_merged	6	0.0000	0.0000	1.0000
HAMBI_0403_chrm01_circ_140925	NP_Ct_r01_2017_02_06_L001-L004_merged	6	0.0000	0.0000	1.0000
HAMBI_0403_chrm01_circ_140925	NP_Ct_r01_2017_03_06_L002	6	0.0000	0.0000	1.0000
HAMBI_0403_chrm01_circ_140925	NP_Ct_r01_2017_04_03_L002	6	0.0000	0.0000	1.0000
HAMBI_0403_chrm01_circ_140925	NP_Ct_r01_2017_08_21_L001	6	0.0000	0.0000	1.0000
HAMBI_0403_chrm01_circ_140925	NP_Ct_r01_2017_09_18_L001	6	0.0000	0.0000	1.0000
HAMBI_0403_chrm01_circ_140925	NP_Ct_r01_2017_11_14_L001-L004_merged	6	0.0000	0.0000	1.0000
HAMBI_0403_chrm01_circ_140925	NP_Ct_r01_2018_03_06_L001	6	0.0000	0.0000	1.0000
HAMBI_0403_chrm01_circ_140925	NP_Ct_r01_2018_06_26_L001	6	0.4383	0.0082	1.0000
HAMBI_0403_chrm01_circ_140925	NP_Ct_r01_2018_07_24_L001	6	0.3510	0.0086	1.0000
HAMBI_0403_chrm01_circ_140925	NP_Ct_r01_2018_08_21_L002	6	0.5127	0.0081	1.0000
HAMBI_0403_chrm01_circ_140925	NP_Ct_r01_2018_09_18_L001	6	0.6506	0.0088	1.0000
HAMBI_0403_chrm01_circ_140925	NP_Ct_r01_2018_10_16_L001	6	0.5029	0.0081	1.0000
HAMBI_0403_chrm01_circ_140925	NP_Ct_r01_2018_11_13_L001	6	0.3866	0.0093	1.0000
HAMBI_0403_chrm01_circ_140925	NP_Ct_r01_2018_12_11_L001	6	0.4664	0.0100	1.0000
HAMBI_0403_chrm01_circ_140925	NP_Ct_r01_2019_02_04_L003	6	0.1300	0.0062	1.0000
HAMBI_0403_chrm01_circ_140925	NP_Ct_r01_2019_02_25_L003	6	0.1019	0.0042	1.0000
HAMBI_0403_chrm01_circ_1433097	NP_Ct_r01_2016_10_11_L001-L004_merged	6	0.0000	0.0000	1.0000
HAMBI_0403_chrm01_circ_1433097	NP_Ct_r01_2016_12_05_L001-L004_merged	6	0.0000	0.0000	1.0000
HAMBI_0403_chrm01_circ_1433097	NP_Ct_r01_2017_02_06_L001-L004_merged	6	0.0000	0.0000	1.0000
HAMBI_0403_chrm01_circ_1433097	NP_Ct_r01_2017_03_06_L002	6	0.0000	0.0000	1.0000
HAMBI_0403_chrm01_circ_1433097	NP_Ct_r01_2017_04_03_L002	6	0.0000	0.0000	1.0000
HAMBI_0403_chrm01_circ_1433097	NP_Ct_r01_2017_08_21_L001	6	0.0000	0.0000	1.0000
HAMBI_0403_chrm01_circ_1433097	NP_Ct_r01_2017_09_18_L001	6	0.0000	0.0000	1.0000
HAMBI_0403_chrm01_circ_1433097	NP_Ct_r01_2017_11_14_L001-L004_merged	6	0.0000	0.0000	1.0000
HAMBI_0403_chrm01_circ_1433097	NP_Ct_r01_2018_03_06_L001	6	0.0000	0.0000	1.0000
HAMBI_0403_chrm01_circ_1433097	NP_Ct_r01_2018_06_26_L001	6	0.4383	0.0082	1.0000
HAMBI_0403_chrm01_circ_1433097	NP_Ct_r01_2018_07_24_L001	6	0.3510	0.0086	1.0000
HAMBI_0403_chrm01_circ_1433097	NP_Ct_r01_2018_08_21_L002	6	0.5127	0.0081	1.0000
HAMBI_0403_chrm01_circ_1433097	NP_Ct_r01_2018_09_18_L001	6	0.6506	0.0088	1.0000
HAMBI_0403_chrm01_circ_1433097	NP_Ct_r01_2018_10_16_L001	6	0.5029	0.0081	1.0000
HAMBI_0403_chrm01_circ_1433097	NP_Ct_r01_2018_11_13_L001	6	0.3866	0.0093	1.0000
HAMBI_0403_chrm01_circ_1433097	NP_Ct_r01_2018_12_11_L001	6	0.4664	0.0100	1.0000
HAMBI_0403_chrm01_circ_1433097	NP_Ct_r01_2019_02_04_L003	6	0.1300	0.0062	1.0000
HAMBI_0403_chrm01_circ_1433097	NP_Ct_r01_2019_02_25_L003	6	0.1019	0.0042	1.0000
HAMBI_0403_chrm01_circ_1508043	NP_Ct_r01_2016_10_11_L001-L004_merged	6	0.0000	0.0000	1.0000
HAMBI_0403_chrm01_circ_1508043	NP_Ct_r01_2016_12_05_L001-L004_merged	6	0.0000	0.0000	1.0000
HAMBI_0403_chrm01_circ_1508043	NP_Ct_r01_2017_02_06_L001-L004_merged	6	0.0000	0.0000	1.0000
HAMBI_0403_chrm01_circ_1508043	NP_Ct_r01_2017_03_06_L002	6	0.0000	0.0000	1.0000
HAMBI_0403_chrm01_circ_1508043	NP_Ct_r01_2017_04_03_L002	6	0.0000	0.0000	1.0000
HAMBI_0403_chrm01_circ_1508043	NP_Ct_r01_2017_08_21_L001	6	0.0000	0.0000	1.0000
HAMBI_0403_chrm01_circ_1508043	NP_Ct_r01_2017_09_18_L001	6	0.0000	0.0000	1.0000
HAMBI_0403_chrm01_circ_1508043	NP_Ct_r01_2017_11_14_L001-L004_merged	6	0.0000	0.0000	1.0000
HAMBI_0403_chrm01_circ_1508043	NP_Ct_r01_2018_03_06_L001	6	0.0000	0.0000	1.0000
HAMBI_0403_chrm01_circ_1508043	NP_Ct_r01_2018_06_26_L001	6	0.4383	0.0082	1.0000
HAMBI_0403_chrm01_circ_1508043	NP_Ct_r01_2018_07_24_L001	6	0.3510	0.0086	1.0000
HAMBI_0403_chrm01_circ_1508043	NP_Ct_r01_2018_08_21_L002	6	0.5127	0.0081	1.0000
HAMBI_0403_chrm01_circ_1508043	NP_Ct_r01_2018_09_18_L001	6	0.6506	0.0088	1.0000
HAMBI_0403_chrm01_circ_1508043	NP_Ct_r01_2018_10_16_L001	6	0.5029	0.0081	1.0000
HAMBI_0403_chrm01_circ_1508043	NP_Ct_r01_2018_11_13_L001	6	0.3866	0.0093	1.0000
HAMBI_0403_chrm01_circ_1508043	NP_Ct_r01_2018_12_11_L001	6	0.4664	0.0100	1.0000
HAMBI_0403_chrm01_circ_1508043	NP_Ct_r01_2019_02_04_L003	6	0.1300	0.0062	1.0000
HAMBI_0403_chrm01_circ_1508043	NP_Ct_r01_2019_02_25_L003	6	0.1019	0.0042	1.0000
HAMBI_0403_chrm01_circ_1748339	NP_Ct_r01_2016_10_11_L001-L004_merged	6	0.0000	0.0000	1.0000
HAMBI_0403_chrm01_circ_1748339	NP_Ct_r01_2016_12_05_L001-L004_merged	6	0.0000	0.0000	1.0000
HAMBI_0403_chrm01_circ_1748339	NP_Ct_r01_2017_02_06_L001-L004_merged	6	0.0000	0.0000	1.0000
HAMBI_0403_chrm01_circ_1748339	NP_Ct_r01_2017_03_06_L002	6	0.0000	0.0000	1.0000
HAMBI_0403_chrm01_circ_1748339	NP_Ct_r01_2017_04_03_L002	6	0.0000	0.0000	1.0000
HAMBI_0403_chrm01_circ_1748339	NP_Ct_r01_2017_08_21_L001	6	0.0000	0.0000	1.0000
HAMBI_0403_chrm01_circ_1748339	NP_Ct_r01_2017_09_18_L001	6	0.0000	0.0000	1.0000
HAMBI_0403_chrm01_circ_1748339	NP_Ct_r01_2017_11_14_L001-L004_merged	6	0.0000	0.0000	1.0000
HAMBI_0403_chrm01_circ_1748339	NP_Ct_r01_2018_03_06_L001	6	0.0000	0.0000	1.0000
HAMBI_0403_chrm01_circ_1748339	NP_Ct_r01_2018_06_26_L001	6	0.4383	0.0082	1.0000
HAMBI_0403_chrm01_circ_1748339	NP_Ct_r01_2018_07_24_L001	6	0.3510	0.0086	1.0000
HAMBI_0403_chrm01_circ_1748339	NP_Ct_r01_2018_08_21_L002	6	0.5127	0.0081	1.0000
HAMBI_0403_chrm01_circ_1748339	NP_Ct_r01_2018_09_18_L001	6	0.6506	0.0088	1.0000
HAMBI_0403_chrm01_circ_1748339	NP_Ct_r01_2018_10_16_L001	6	0.5029	0.0081	1.0000
HAMBI_0403_chrm01_circ_1748339	NP_Ct_r01_2018_11_13_L001	6	0.3866	0.0093	1.0000
HAMBI_0403_chrm01_circ_1748339	NP_Ct_r01_2018_12_11_L001	6	0.4664	0.0100	1.0000
HAMBI_0403_chrm01_circ_1748339	NP_Ct_r01_2019_02_04_L003	6	0.1300	0.0062	1.0000
HAMBI_0403_chrm01_circ_1748339	NP_Ct_r01_2019_02_25_L003	6	0.1019	0.0042	1.0000
HAMBI_0403_chrm01_circ_2264970	NP_Ct_r01_2016_10_11_L001-L004_merged	6	0.0000	0.0000	1.0000
HAMBI_0403_chrm01_circ_2264970	NP_Ct_r01_2016_12_05_L001-L004_merged	6	0.0000	0.0000	1.0000
HAMBI_0403_chrm01_circ_2264970	NP_Ct_r01_2017_02_06_L001-L004_merged	6	0.0000	0.0000	1.0000
HAMBI_0403_chrm01_circ_2264970	NP_Ct_r01_2017_03_06_L002	6	0.0000	0.0000	1.0000
HAMBI_0403_chrm01_circ_2264970	NP_Ct_r01_2017_04_03_L002	6	0.0000	0.0000	1.0000
HAMBI_0403_chrm01_circ_2264970	NP_Ct_r01_2017_08_21_L001	6	0.0000	0.0000	1.0000
HAMBI_0403_chrm01_circ_2264970	NP_Ct_r01_2017_09_18_L001	6	0.0000	0.0000	1.0000
HAMBI_0403_chrm01_circ_2264970	NP_Ct_r01_2017_11_14_L001-L004_merged	6	0.0000	0.0000	1.0000
HAMBI_0403_chrm01_circ_2264970	NP_Ct_r01_2018_03_06_L001	6	0.0000	0.0000	1.0000
HAMBI_0403_chrm01_circ_2264970	NP_Ct_r01_2018_06_26_L001	6	0.4383	0.0082	1.0000
HAMBI_0403_chrm01_circ_2264970	NP_Ct_r01_2018_07_24_L001	6	0.3510	0.0086	1.0000
HAMBI_0403_chrm01_circ_2264970	NP_Ct_r01_2018_08_21_L002	6	0.5127	0.0081	1.0000
HAMBI_0403_chrm01_circ_2264970	NP_Ct_r01_2018_09_18_L001	6	0.6506	0.0088	1.0000
HAMBI_0403_chrm01_circ_2264970	NP_Ct_r01_2018_10_16_L001	6	0.5029	0.0081	1.0000
HAMBI_0403_chrm01_circ_2264970	NP_Ct_r01_2018_11_13_L001	6	0.3866	0.0093	1.0000
HAMBI_0403_chrm01_circ_2264970	NP_Ct_r01_2018_12_11_L001	6	0.4664	0.0100	1.0000
HAMBI_0403_chrm01_circ_2264970	NP_Ct_r01_2019_02_04_L003	6	0.1300	0.0062	1.0000
HAMBI_0403_chrm01_circ_2264970	NP_Ct_r01_2019_02_25_L003	6	0.1019	0.0042	1.0000
HAMBI_0403_chrm01_circ_2298099	NP_Ct_r01_2016_10_11_L001-L004_merged	6	0.0000	0.0000	1.0000
HAMBI_0403_chrm01_circ_2298099	NP_Ct_r01_2016_12_05_L001-L004_merged	6	0.0000	0.0000	1.0000
HAMBI_0403_chrm01_circ_2298099	NP_Ct_r01_2017_02_06_L001-L004_merged	6	0.0000	0.0000	1.0000
HAMBI_0403_chrm01_circ_2298099	NP_Ct_r01_2017_03_06_L002	6	0.0000	0.0000	1.0000
HAMBI_0403_chrm01_circ_2298099	NP_Ct_r01_2017_04_03_L002	6	0.0000	0.0000	1.0000
HAMBI_0403_chrm01_circ_2298099	NP_Ct_r01_2017_08_21_L001	6	0.0000	0.0000	1.0000
HAMBI_0403_chrm01_circ_2298099	NP_Ct_r01_2017_09_18_L001	6	0.0000	0.0000	1.0000
HAMBI_0403_chrm01_circ_2298099	NP_Ct_r01_2017_11_14_L001-L004_merged	6	0.0000	0.0000	1.0000
HAMBI_0403_chrm01_circ_2298099	NP_Ct_r01_2018_03_06_L001	6	0.0000	0.0000	1.0000
HAMBI_0403_chrm01_circ_2298099	NP_Ct_r01_2018_06_26_L001	6	0.4383	0.0082	1.0000
HAMBI_0403_chrm01_circ_2298099	NP_Ct_r01_2018_07_24_L001	6	0.3510	0.0086	1.0000
HAMBI_0403_chrm01_circ_2298099	NP_Ct_r01_2018_08_21_L002	6	0.5127	0.0081	1.0000
HAMBI_0403_chrm01_circ_2298099	NP_Ct_r01_2018_09_18_L001	6	0.6506	0.0088	1.0000
HAMBI_0403_chrm01_circ_2298099	NP_Ct_r01_2018_10_16_L001	6	0.5029	0.0081	1.0000
HAMBI_0403_chrm01_circ_2298099	NP_Ct_r01_2018_11_13_L001	6	0.3866	0.0093	1.0000
HAMBI_0403_chrm01_circ_2298099	NP_Ct_r01_2018_12_11_L001	6	0.4664	0.0100	1.0000
HAMBI_0403_chrm01_circ_2298099	NP_Ct_r01_2019_02_04_L003	6	0.1300	0.0062	1.0000
HAMBI_0403_chrm01_circ_2298099	NP_Ct_r01_2019_02_25_L003	6	0.1019	0.0042	1.0000
HAMBI_0403_chrm01_circ_2303297	NP_Ct_r01_2016_10_11_L001-L004_merged	6	0.0000	0.0000	1.0000
HAMBI_0403_chrm01_circ_2303297	NP_Ct_r01_2016_12_05_L001-L004_merged	6	0.0000	0.0000	1.0000
HAMBI_0403_chrm01_circ_2303297	NP_Ct_r01_2017_02_06_L001-L004_merged	6	0.0000	0.0000	1.0000
HAMBI_0403_chrm01_circ_2303297	NP_Ct_r01_2017_03_06_L002	6	0.0000	0.0000	1.0000
HAMBI_0403_chrm01_circ_2303297	NP_Ct_r01_2017_04_03_L002	6	0.0000	0.0000	1.0000
HAMBI_0403_chrm01_circ_2303297	NP_Ct_r01_2017_08_21_L001	6	0.0000	0.0000	1.0000
HAMBI_0403_chrm01_circ_2303297	NP_Ct_r01_2017_09_18_L001	6	0.0000	0.0000	1.0000
HAMBI_0403_chrm01_circ_2303297	NP_Ct_r01_2017_11_14_L001-L004_merged	6	0.0000	0.0000	1.0000
HAMBI_0403_chrm01_circ_2303297	NP_Ct_r01_2018_03_06_L001	6	0.0000	0.0000	1.0000
HAMBI_0403_chrm01_circ_2303297	NP_Ct_r01_2018_06_26_L001	6	0.4383	0.0082	1.0000
HAMBI_0403_chrm01_circ_2303297	NP_Ct_r01_2018_07_24_L001	6	0.3510	0.0086	1.0000
HAMBI_0403_chrm01_circ_2303297	NP_Ct_r01_2018_08_21_L002	6	0.5127	0.0081	1.0000
HAMBI_0403_chrm01_circ_2303297	NP_Ct_r01_2018_09_18_L001	6	0.6506	0.0088	1.0000
HAMBI_0403_chrm01_circ_2303297	NP_Ct_r01_2018_10_16_L001	6	0.5029	0.0081	1.0000
HAMBI_0403_chrm01_circ_2303297	NP_Ct_r01_2018_11_13_L001	6	0.3866	0.0093	1.0000
HAMBI_0403_chrm01_circ_2303297	NP_Ct_r01_2018_12_11_L001	6	0.4664	0.0100	1.0000
HAMBI_0403_chrm01_circ_2303297	NP_Ct_r01_2019_02_04_L003	6	0.1300	0.0062	1.0000
HAMBI_0403_chrm01_circ_2303297	NP_Ct_r01_2019_02_25_L003	6	0.1019	0.0042	1.0000
HAMBI_0403_chrm01_circ_2610889	NP_Ct_r01_2016_10_11_L001-L004_merged	6	0.0000	0.0000	1.0000
HAMBI_0403_chrm01_circ_2610889	NP_Ct_r01_2016_12_05_L001-L004_merged	6	0.0000	0.0000	1.0000
HAMBI_0403_chrm01_circ_2610889	NP_Ct_r01_2017_02_06_L001-L004_merged	6	0.0000	0.0000	1.0000
HAMBI_0403_chrm01_circ_2610889	NP_Ct_r01_2017_03_06_L002	6	0.0000	0.0000	1.0000
HAMBI_0403_chrm01_circ_2610889	NP_Ct_r01_2017_04_03_L002	6	0.0000	0.0000	1.0000
HAMBI_0403_chrm01_circ_2610889	NP_Ct_r01_2017_08_21_L001	6	0.0000	0.0000	1.0000
HAMBI_0403_chrm01_circ_2610889	NP_Ct_r01_2017_09_18_L001	6	0.0000	0.0000	1.0000
HAMBI_0403_chrm01_circ_2610889	NP_Ct_r01_2017_11_14_L001-L004_merged	6	0.0000	0.0000	1.0000
HAMBI_0403_chrm01_circ_2610889	NP_Ct_r01_2018_03_06_L001	6	0.0000	0.0000	1.0000
HAMBI_0403_chrm01_circ_2610889	NP_Ct_r01_2018_06_26_L001	6	0.4383	0.0082	1.0000
HAMBI_0403_chrm01_circ_2610889	NP_Ct_r01_2018_07_24_L001	6	0.3510	0.0086	1.0000
HAMBI_0403_chrm01_circ_2610889	NP_Ct_r01_2018_08_21_L002	6	0.5127	0.0081	1.0000
HAMBI_0403_chrm01_circ_2610889	NP_Ct_r01_2018_09_18_L001	6	0.6506	0.0088	1.0000
HAMBI_0403_chrm01_circ_2610889	NP_Ct_r01_2018_10_16_L001	6	0.5029	0.0081	1.0000
HAMBI_0403_chrm01_circ_2610889	NP_Ct_r01_2018_11_13_L001	6	0.3866	0.0093	1.0000
HAMBI_0403_chrm01_circ_2610889	NP_Ct_r01_2018_12_11_L001	6	0.4664	0.0100	1.0000
HAMBI_0403_chrm01_circ_2610889	NP_Ct_r01_2019_02_04_L003	6	0.1300	0.0062	1.0000
HAMBI_0403_chrm01_circ_2610889	NP_Ct_r01_2019_02_25_L003	6	0.1019	0.0042	1.0000
HAMBI_0403_chrm01_circ_2845191	NP_Ct_r01_2016_10_11_L001-L004_merged	6	0.0000	0.0000	1.0000
HAMBI_0403_chrm01_circ_2845191	NP_Ct_r01_2016_12_05_L001-L004_merged	6	0.0000	0.0000	1.0000
HAMBI_0403_chrm01_circ_2845191	NP_Ct_r01_2017_02_06_L001-L004_merged	6	0.0000	0.0000	1.0000
HAMBI_0403_chrm01_circ_2845191	NP_Ct_r01_2017_03_06_L002	6	0.0000	0.0000	1.0000
HAMBI_0403_chrm01_circ_2845191	NP_Ct_r01_2017_04_03_L002	6	0.0000	0.0000	1.0000
HAMBI_0403_chrm01_circ_2845191	NP_Ct_r01_2017_08_21_L001	6	0.0000	0.0000	1.0000
HAMBI_0403_chrm01_circ_2845191	NP_Ct_r01_2017_09_18_L001	6	0.0000	0.0000	1.0000
HAMBI_0403_chrm01_circ_2845191	NP_Ct_r01_2017_11_14_L001-L004_merged	6	0.0000	0.0000	1.0000
HAMBI_0403_chrm01_circ_2845191	NP_Ct_r01_2018_03_06_L001	6	0.0000	0.0000	1.0000
HAMBI_0403_chrm01_circ_2845191	NP_Ct_r01_2018_06_26_L001	6	0.4383	0.0082	1.0000
HAMBI_0403_chrm01_circ_2845191	NP_Ct_r01_2018_07_24_L001	6	0.3510	0.0086	1.0000
HAMBI_0403_chrm01_circ_2845191	NP_Ct_r01_2018_08_21_L002	6	0.5127	0.0081	1.0000
HAMBI_0403_chrm01_circ_2845191	NP_Ct_r01_2018_09_18_L001	6	0.6506	0.0088	1.0000
HAMBI_0403_chrm01_circ_2845191	NP_Ct_r01_2018_10_16_L001	6	0.5029	0.0081	1.0000
HAMBI_0403_chrm01_circ_2845191	NP_Ct_r01_2018_11_13_L001	6	0.3866	0.0093	1.0000
HAMBI_0403_chrm01_circ_2845191	NP_Ct_r01_2018_12_11_L001	6	0.4664	0.0100	1.0000
HAMBI_0403_chrm01_circ_2845191	NP_Ct_r01_2019_02_04_L003	6	0.1300	0.0062	1.0000
HAMBI_0403_chrm01_circ_2845191	NP_Ct_r01_2019_02_25_L003	6	0.1019	0.0042	1.0000
HAMBI_0403_chrm01_circ_2869812	NP_Ct_r01_2016_10_11_L001-L004_merged	6	0.0000	0.0000	1.0000
HAMBI_0403_chrm01_circ_2869812	NP_Ct_r01_2016_12_05_L001-L004_merged	6	0.0000	0.0000	1.0000
HAMBI_0403_chrm01_circ_2869812	NP_Ct_r01_2017_02_06_L001-L004_merged	6	0.0000	0.0000	1.0000
HAMBI_0403_chrm01_circ_2869812	NP_Ct_r01_2017_03_06_L002	6	0.0000	0.0000	1.0000
HAMBI_0403_chrm01_circ_2869812	NP_Ct_r01_2017_04_03_L002	6	0.0000	0.0000	1.0000
HAMBI_0403_chrm01_circ_2869812	NP_Ct_r01_2017_08_21_L001	6	0.0000	0.0000	1.0000
HAMBI_0403_chrm01_circ_2869812	NP_Ct_r01_2017_09_18_L001	6	0.0000	0.0000	1.0000
HAMBI_0403_chrm01_circ_2869812	NP_Ct_r01_2017_11_14_L001-L004_merged	6	0.0000	0.0000	1.0000
HAMBI_0403_chrm01_circ_2869812	NP_Ct_r01_2018_03_06_L001	6	0.0000	0.0000	1.0000
HAMBI_0403_chrm01_circ_2869812	NP_Ct_r01_2018_06_26_L001	6	0.4383	0.0082	1.0000
HAMBI_0403_chrm01_circ_2869812	NP_Ct_r01_2018_07_24_L001	6	0.3510	0.0086	1.0000
HAMBI_0403_chrm01_circ_2869812	NP_Ct_r01_2018_08_21_L002	6	0.5127	0.0081	1.0000
HAMBI_0403_chrm01_circ_2869812	NP_Ct_r01_2018_09_18_L001	6	0.6506	0.0088	1.0000
HAMBI_0403_chrm01_circ_2869812	NP_Ct_r01_2018_10_16_L001	6	0.5029	0.0081	1.0000
HAMBI_0403_chrm01_circ_2869812	NP_Ct_r01_2018_11_13_L001	6	0.3866	0.0093	1.0000
HAMBI_0403_chrm01_circ_2869812	NP_Ct_r01_2018_12_11_L001	6	0.4664	0.0100	1.0000
HAMBI_0403_chrm01_circ_2869812	NP_Ct_r01_2019_02_04_L003	6	0.1300	0.0062	1.0000
HAMBI_0403_chrm01_circ_2869812	NP_Ct_r01_2019_02_25_L003	6	0.1019	0.0042	1.0000
HAMBI_0403_chrm01_circ_3006282	NP_Ct_r01_2016_10_11_L001-L004_merged	6	0.0000	0.0000	1.0000
HAMBI_0403_chrm01_circ_3006282	NP_Ct_r01_2016_12_05_L001-L004_merged	6	0.0000	0.0000	1.0000
HAMBI_0403_chrm01_circ_3006282	NP_Ct_r01_2017_02_06_L001-L004_merged	6	0.0000	0.0000	1.0000
HAMBI_0403_chrm01_circ_3006282	NP_Ct_r01_2017_03_06_L002	6	0.0000	0.0000	1.0000
HAMBI_0403_chrm01_circ_3006282	NP_Ct_r01_2017_04_03_L002	6	0.0000	0.0000	1.0000
HAMBI_0403_chrm01_circ_3006282	NP_Ct_r01_2017_08_21_L001	6	0.0000	0.0000	1.0000
HAMBI_0403_chrm01_circ_3006282	NP_Ct_r01_2017_09_18_L001	6	0.0000	0.0000	1.0000
HAMBI_0403_chrm01_circ_3006282	NP_Ct_r01_2017_11_14_L001-L004_merged	6	0.0000	0.0000	1.0000
HAMBI_0403_chrm01_circ_3006282	NP_Ct_r01_2018_03_06_L001	6	0.0000	0.0000	1.0000
HAMBI_0403_chrm01_circ_3006282	NP_Ct_r01_2018_06_26_L001	6	0.4383	0.0082	1.0000
HAMBI_0403_chrm01_circ_3006282	NP_Ct_r01_2018_07_24_L001	6	0.3510	0.0086	1.0000
HAMBI_0403_chrm01_circ_3006282	NP_Ct_r01_2018_08_21_L002	6	0.5127	0.0081	1.0000
HAMBI_0403_chrm01_circ_3006282	NP_Ct_r01_2018_09_18_L001	6	0.6506	0.0088	1.0000
HAMBI_0403_chrm01_circ_3006282	NP_Ct_r01_2018_10_16_L001	6	0.5029	0.0081	1.0000
HAMBI_0403_chrm01_circ_3006282	NP_Ct_r01_2018_11_13_L001	6	0.3866	0.0093	1.0000
HAMBI_0403_chrm01_circ_3006282	NP_Ct_r01_2018_12_11_L001	6	0.4664	0.0100	1.0000
HAMBI_0403_chrm01_circ_3006282	NP_Ct_r01_2019_02_04_L003	6	0.1300	0.0062	1.0000
HAMBI_0403_chrm01_circ_3006282	NP_Ct_r01_2019_02_25_L003	6	0.1019	0.0042	1.0000
HAMBI_0403_chrm01_circ_3143395	NP_Ct_r01_2016_10_11_L001-L004_merged	6	0.0000	0.0000	1.0000
HAMBI_0403_chrm01_circ_3143395	NP_Ct_r01_2016_12_05_L001-L004_merged	6	0.0000	0.0000	1.0000
HAMBI_0403_chrm01_circ_3143395	NP_Ct_r01_2017_02_06_L001-L004_merged	6	0.0000	0.0000	1.0000
HAMBI_0403_chrm01_circ_3143395	NP_Ct_r01_2017_03_06_L002	6	0.0000	0.0000	1.0000
HAMBI_0403_chrm01_circ_3143395	NP_Ct_r01_2017_04_03_L002	6	0.0000	0.0000	1.0000
HAMBI_0403_chrm01_circ_3143395	NP_Ct_r01_2017_08_21_L001	6	0.0000	0.0000	1.0000
HAMBI_0403_chrm01_circ_3143395	NP_Ct_r01_2017_09_18_L001	6	0.0000	0.0000	1.0000
HAMBI_0403_chrm01_circ_3143395	NP_Ct_r01_2017_11_14_L001-L004_merged	6	0.0000	0.0000	1.0000
HAMBI_0403_chrm01_circ_3143395	NP_Ct_r01_2018_03_06_L001	6	0.0000	0.0000	1.0000
HAMBI_0403_chrm01_circ_3143395	NP_Ct_r01_2018_06_26_L001	6	0.4383	0.0082	1.0000
HAMBI_0403_chrm01_circ_3143395	NP_Ct_r01_2018_07_24_L001	6	0.3510	0.0086	1.0000
HAMBI_0403_chrm01_circ_3143395	NP_Ct_r01_2018_08_21_L002	6	0.5127	0.0081	1.0000
HAMBI_0403_chrm01_circ_3143395	NP_Ct_r01_2018_09_18_L001	6	0.6506	0.0088	1.0000
HAMBI_0403_chrm01_circ_3143395	NP_Ct_r01_2018_10_16_L001	6	0.5029	0.0081	1.0000
HAMBI_0403_chrm01_circ_3143395	NP_Ct_r01_2018_11_13_L001	6	0.3866	0.0093	1.0000
HAMBI_0403_chrm01_circ_3143395	NP_Ct_r01_2018_12_11_L001	6	0.4664	0.0100	1.0000
HAMBI_0403_chrm01_circ_3143395	NP_Ct_r01_2019_02_04_L003	6	0.1300	0.0062	1.0000
HAMBI_0403_chrm01_circ_3143395	NP_Ct_r01_2019_02_25_L003	6	0.1019	0.0042	1.0000
HAMBI_0403_chrm01_circ_3150420	NP_Ct_r01_2016_10_11_L001-L004_merged	6	0.0000	0.0000	1.0000
HAMBI_0403_chrm01_circ_3150420	NP_Ct_r01_2016_12_05_L001-L004_merged	6	0.0000	0.0000	1.0000
HAMBI_0403_chrm01_circ_3150420	NP_Ct_r01_2017_02_06_L001-L004_merged	6	0.0000	0.0000	1.0000
HAMBI_0403_chrm01_circ_3150420	NP_Ct_r01_2017_03_06_L002	6	0.0000	0.0000	1.0000
HAMBI_0403_chrm01_circ_3150420	NP_Ct_r01_2017_04_03_L002	6	0.0000	0.0000	1.0000
HAMBI_0403_chrm01_circ_3150420	NP_Ct_r01_2017_08_21_L001	6	0.0000	0.0000	1.0000
HAMBI_0403_chrm01_circ_3150420	NP_Ct_r01_2017_09_18_L001	6	0.0000	0.0000	1.0000
HAMBI_0403_chrm01_circ_3150420	NP_Ct_r01_2017_11_14_L001-L004_merged	6	0.0000	0.0000	1.0000
HAMBI_0403_chrm01_circ_3150420	NP_Ct_r01_2018_03_06_L001	6	0.0000	0.0000	1.0000
HAMBI_0403_chrm01_circ_3150420	NP_Ct_r01_2018_06_26_L001	6	0.4383	0.0082	1.0000
HAMBI_0403_chrm01_circ_3150420	NP_Ct_r01_2018_07_24_L001	6	0.3510	0.0086	1.0000
HAMBI_0403_chrm01_circ_3150420	NP_Ct_r01_2018_08_21_L002	6	0.5127	0.0081	1.0000
HAMBI_0403_chrm01_circ_3150420	NP_Ct_r01_2018_09_18_L001	6	0.6506	0.0088	1.0000
HAMBI_0403_chrm01_circ_3150420	NP_Ct_r01_2018_10_16_L001	6	0.5029	0.0081	1.0000
HAMBI_0403_chrm01_circ_3150420	NP_Ct_r01_2018_11_13_L001	6	0.3866	0.0093	1.0000
HAMBI_0403_chrm01_circ_3150420	NP_Ct_r01_2018_12_11_L001	6	0.4664	0.0100	1.0000
HAMBI_0403_chrm01_circ_3150420	NP_Ct_r01_2019_02_04_L003	6	0.1300	0.0062	1.0000
HAMBI_0403_chrm01_circ_3150420	NP_Ct_r01_2019_02_25_L003	6	0.1019	0.0042	1.0000
HAMBI_0403_chrm01_circ_3236488	NP_Ct_r01_2016_10_11_L001-L004_merged	6	0.0000	0.0000	1.0000
HAMBI_0403_chrm01_circ_3236488	NP_Ct_r01_2016_12_05_L001-L004_merged	6	0.0000	0.0000	1.0000
HAMBI_0403_chrm01_circ_3236488	NP_Ct_r01_2017_02_06_L001-L004_merged	6	0.0000	0.0000	1.0000
HAMBI_0403_chrm01_circ_3236488	NP_Ct_r01_2017_03_06_L002	6	0.0000	0.0000	1.0000
HAMBI_0403_chrm01_circ_3236488	NP_Ct_r01_2017_04_03_L002	6	0.0000	0.0000	1.0000
HAMBI_0403_chrm01_circ_3236488	NP_Ct_r01_2017_08_21_L001	6	0.0000	0.0000	1.0000
HAMBI_0403_chrm01_circ_3236488	NP_Ct_r01_2017_09_18_L001	6	0.0000	0.0000	1.0000
HAMBI_0403_chrm01_circ_3236488	NP_Ct_r01_2017_11_14_L001-L004_merged	6	0.0000	0.0000	1.0000
HAMBI_0403_chrm01_circ_3236488	NP_Ct_r01_2018_03_06_L001	6	0.0000	0.0000	1.0000
HAMBI_0403_chrm01_circ_3236488	NP_Ct_r01_2018_06_26_L001	6	0.4383	0.0082	1.0000
HAMBI_0403_chrm01_circ_3236488	NP_Ct_r01_2018_07_24_L001	6	0.3510	0.0086	1.0000
HAMBI_0403_chrm01_circ_3236488	NP_Ct_r01_2018_08_21_L002	6	0.5127	0.0081	1.0000
HAMBI_0403_chrm01_circ_3236488	NP_Ct_r01_2018_09_18_L001	6	0.6506	0.0088	1.0000
HAMBI_0403_chrm01_circ_3236488	NP_Ct_r01_2018_10_16_L001	6	0.5029	0.0081	1.0000
HAMBI_0403_chrm01_circ_3236488	NP_Ct_r01_2018_11_13_L001	6	0.3866	0.0093	1.0000
HAMBI_0403_chrm01_circ_3236488	NP_Ct_r01_2018_12_11_L001	6	0.4664	0.0100	1.0000
HAMBI_0403_chrm01_circ_3236488	NP_Ct_r01_2019_02_04_L003	6	0.1300	0.0062	1.0000
HAMBI_0403_chrm01_circ_3236488	NP_Ct_r01_2019_02_25_L003	6	0.1019	0.0042	1.0000
HAMBI_0403_chrm01_circ_3316564	NP_Ct_r01_2016_10_11_L001-L004_merged	6	0.0000	0.0000	1.0000
HAMBI_0403_chrm01_circ_3316564	NP_Ct_r01_2016_12_05_L001-L004_merged	6	0.0000	0.0000	1.0000
HAMBI_0403_chrm01_circ_3316564	NP_Ct_r01_2017_02_06_L001-L004_merged	6	0.0000	0.0000	1.0000
HAMBI_0403_chrm01_circ_3316564	NP_Ct_r01_2017_03_06_L002	6	0.0000	0.0000	1.0000
HAMBI_0403_chrm01_circ_3316564	NP_Ct_r01_2017_04_03_L002	6	0.0000	0.0000	1.0000
HAMBI_0403_chrm01_circ_3316564	NP_Ct_r01_2017_08_21_L001	6	0.0000	0.0000	1.0000
HAMBI_0403_chrm01_circ_3316564	NP_Ct_r01_2017_09_18_L001	6	0.0000	0.0000	1.0000
HAMBI_0403_chrm01_circ_3316564	NP_Ct_r01_2017_11_14_L001-L004_merged	6	0.0000	0.0000	1.0000
HAMBI_0403_chrm01_circ_3316564	NP_Ct_r01_2018_03_06_L001	6	0.0000	0.0000	1.0000
HAMBI_0403_chrm01_circ_3316564	NP_Ct_r01_2018_06_26_L001	6	0.4383	0.0082	1.0000
HAMBI_0403_chrm01_circ_3316564	NP_Ct_r01_2018_07_24_L001	6	0.3510	0.0086	1.0000
HAMBI_0403_chrm01_circ_3316564	NP_Ct_r01_2018_08_21_L002	6	0.5127	0.0081	1.0000
HAMBI_0403_chrm01_circ_3316564	NP_Ct_r01_2018_09_18_L001	6	0.6506	0.0088	1.0000
HAMBI_0403_chrm01_circ_3316564	NP_Ct_r01_2018_10_16_L001	6	0.5029	0.0081	1.0000
HAMBI_0403_chrm01_circ_3316564	NP_Ct_r01_2018_11_13_L001	6	0.3866	0.0093	1.0000
HAMBI_0403_chrm01_circ_3316564	NP_Ct_r01_2018_12_11_L001	6	0.4664	0.0100	1.0000
HAMBI_0403_chrm01_circ_3316564	NP_Ct_r01_2019_02_04_L003	6	0.1300	0.0062	1.0000
HAMBI_0403_chrm01_circ_3316564	NP_Ct_r01_2019_02_25_L003	6	0.1019	0.0042	1.0000
HAMBI_0403_chrm01_circ_3322346	NP_Ct_r01_2016_10_11_L001-L004_merged	6	0.0000	0.0000	1.0000
HAMBI_0403_chrm01_circ_3322346	NP_Ct_r01_2016_12_05_L001-L004_merged	6	0.0000	0.0000	1.0000
HAMBI_0403_chrm01_circ_3322346	NP_Ct_r01_2017_02_06_L001-L004_merged	6	0.0000	0.0000	1.0000
HAMBI_0403_chrm01_circ_3322346	NP_Ct_r01_2017_03_06_L002	6	0.0000	0.0000	1.0000
HAMBI_0403_chrm01_circ_3322346	NP_Ct_r01_2017_04_03_L002	6	0.0000	0.0000	1.0000
HAMBI_0403_chrm01_circ_3322346	NP_Ct_r01_2017_08_21_L001	6	0.0000	0.0000	1.0000
HAMBI_0403_chrm01_circ_3322346	NP_Ct_r01_2017_09_18_L001	6	0.0000	0.0000	1.0000
HAMBI_0403_chrm01_circ_3322346	NP_Ct_r01_2017_11_14_L001-L004_merged	6	0.0000	0.0000	1.0000
HAMBI_0403_chrm01_circ_3322346	NP_Ct_r01_2018_03_06_L001	6	0.0000	0.0000	1.0000
HAMBI_0403_chrm01_circ_3322346	NP_Ct_r01_2018_06_26_L001	6	0.4383	0.0082	1.0000
HAMBI_0403_chrm01_circ_3322346	NP_Ct_r01_2018_07_24_L001	6	0.3510	0.0086	1.0000
HAMBI_0403_chrm01_circ_3322346	NP_Ct_r01_2018_08_21_L002	6	0.5127	0.0081	1.0000
HAMBI_0403_chrm01_circ_3322346	NP_Ct_r01_2018_09_18_L001	6	0.6506	0.0088	1.0000
HAMBI_0403_chrm01_circ_3322346	NP_Ct_r01_2018_10_16_L001	6	0.5029	0.0081	1.0000
HAMBI_0403_chrm01_circ_3322346	NP_Ct_r01_2018_11_13_L001	6	0.3866	0.0093	1.0000
HAMBI_0403_chrm01_circ_3322346	NP_Ct_r01_2018_12_11_L001	6	0.4664	0.0100	1.0000
HAMBI_0403_chrm01_circ_3322346	NP_Ct_r01_2019_02_04_L003	6	0.1300	0.0062	1.0000
HAMBI_0403_chrm01_circ_3322346	NP_Ct_r01_2019_02_25_L003	6	0.1019	0.0042	1.0000
HAMBI_0403_chrm01_circ_3578564	NP_Ct_r01_2016_10_11_L001-L004_merged	6	0.0000	0.0000	1.0000
HAMBI_0403_chrm01_circ_3578564	NP_Ct_r01_2016_12_05_L001-L004_merged	6	0.0000	0.0000	1.0000
HAMBI_0403_chrm01_circ_3578564	NP_Ct_r01_2017_02_06_L001-L004_merged	6	0.0000	0.0000	1.0000
HAMBI_0403_chrm01_circ_3578564	NP_Ct_r01_2017_03_06_L002	6	0.0000	0.0000	1.0000
HAMBI_0403_chrm01_circ_3578564	NP_Ct_r01_2017_04_03_L002	6	0.0000	0.0000	1.0000
HAMBI_0403_chrm01_circ_3578564	NP_Ct_r01_2017_08_21_L001	6	0.0000	0.0000	1.0000
HAMBI_0403_chrm01_circ_3578564	NP_Ct_r01_2017_09_18_L001	6	0.0000	0.0000	1.0000
HAMBI_0403_chrm01_circ_3578564	NP_Ct_r01_2017_11_14_L001-L004_merged	6	0.0000	0.0000	1.0000
HAMBI_0403_chrm01_circ_3578564	NP_Ct_r01_2018_03_06_L001	6	0.0000	0.0000	1.0000
HAMBI_0403_chrm01_circ_3578564	NP_Ct_r01_2018_06_26_L001	6	0.4383	0.0082	1.0000
HAMBI_0403_chrm01_circ_3578564	NP_Ct_r01_2018_07_24_L001	6	0.3510	0.0086	1.0000
HAMBI_0403_chrm01_circ_3578564	NP_Ct_r01_2018_08_21_L002	6	0.5127	0.0081	1.0000
HAMBI_0403_chrm01_circ_3578564	NP_Ct_r01_2018_09_18_L001	6	0.6506	0.0088	1.0000
HAMBI_0403_chrm01_circ_3578564	NP_Ct_r01_2018_10_16_L001	6	0.5029	0.0081	1.0000
HAMBI_0403_chrm01_circ_3578564	NP_Ct_r01_2018_11_13_L001	6	0.3866	0.0093	1.0000
HAMBI_0403_chrm01_circ_3578564	NP_Ct_r01_2018_12_11_L001	6	0.4664	0.0100	1.0000
HAMBI_0403_chrm01_circ_3578564	NP_Ct_r01_2019_02_04_L003	6	0.1300	0.0062	1.0000
HAMBI_0403_chrm01_circ_3578564	NP_Ct_r01_2019_02_25_L003	6	0.1019	0.0042	1.0000
HAMBI_0403_chrm01_circ_3617983	NP_Ct_r01_2016_10_11_L001-L004_merged	6	0.0000	0.0000	1.0000
HAMBI_0403_chrm01_circ_3617983	NP_Ct_r01_2016_12_05_L001-L004_merged	6	0.0000	0.0000	1.0000
HAMBI_0403_chrm01_circ_3617983	NP_Ct_r01_2017_02_06_L001-L004_merged	6	0.0000	0.0000	1.0000
HAMBI_0403_chrm01_circ_3617983	NP_Ct_r01_2017_03_06_L002	6	0.0000	0.0000	1.0000
HAMBI_0403_chrm01_circ_3617983	NP_Ct_r01_2017_04_03_L002	6	0.0000	0.0000	1.0000
HAMBI_0403_chrm01_circ_3617983	NP_Ct_r01_2017_08_21_L001	6	0.0000	0.0000	1.0000
HAMBI_0403_chrm01_circ_3617983	NP_Ct_r01_2017_09_18_L001	6	0.0000	0.0000	1.0000
HAMBI_0403_chrm01_circ_3617983	NP_Ct_r01_2017_11_14_L001-L004_merged	6	0.0000	0.0000	1.0000
HAMBI_0403_chrm01_circ_3617983	NP_Ct_r01_2018_03_06_L001	6	0.0000	0.0000	1.0000
HAMBI_0403_chrm01_circ_3617983	NP_Ct_r01_2018_06_26_L001	6	0.4383	0.0082	1.0000
HAMBI_0403_chrm01_circ_3617983	NP_Ct_r01_2018_07_24_L001	6	0.3510	0.0086	1.0000
HAMBI_0403_chrm01_circ_3617983	NP_Ct_r01_2018_08_21_L002	6	0.5127	0.0081	1.0000
HAMBI_0403_chrm01_circ_3617983	NP_Ct_r01_2018_09_18_L001	6	0.6506	0.0088	1.0000
HAMBI_0403_chrm01_circ_3617983	NP_Ct_r01_2018_10_16_L001	6	0.5029	0.0081	1.0000
HAMBI_0403_chrm01_circ_3617983	NP_Ct_r01_2018_11_13_L001	6	0.3866	0.0093	1.0000
HAMBI_0403_chrm01_circ_3617983	NP_Ct_r01_2018_12_11_L001	6	0.4664	0.0100	1.0000
HAMBI_0403_chrm01_circ_3617983	NP_Ct_r01_2019_02_04_L003	6	0.1300	0.0062	1.0000
HAMBI_0403_chrm01_circ_3617983	NP_Ct_r01_2019_02_25_L003	6	0.1019	0.0042	1.0000
HAMBI_0403_chrm01_circ_3702984	NP_Ct_r01_2016_10_11_L001-L004_merged	6	0.0000	0.0000	1.0000
HAMBI_0403_chrm01_circ_3702984	NP_Ct_r01_2016_12_05_L001-L004_merged	6	0.0000	0.0000	1.0000
HAMBI_0403_chrm01_circ_3702984	NP_Ct_r01_2017_02_06_L001-L004_merged	6	0.0000	0.0000	1.0000
HAMBI_0403_chrm01_circ_3702984	NP_Ct_r01_2017_03_06_L002	6	0.0000	0.0000	1.0000
HAMBI_0403_chrm01_circ_3702984	NP_Ct_r01_2017_04_03_L002	6	0.0000	0.0000	1.0000
HAMBI_0403_chrm01_circ_3702984	NP_Ct_r01_2017_08_21_L001	6	0.0000	0.0000	1.0000
HAMBI_0403_chrm01_circ_3702984	NP_Ct_r01_2017_09_18_L001	6	0.0000	0.0000	1.0000
HAMBI_0403_chrm01_circ_3702984	NP_Ct_r01_2017_11_14_L001-L004_merged	6	0.0000	0.0000	1.0000
HAMBI_0403_chrm01_circ_3702984	NP_Ct_r01_2018_03_06_L001	6	0.0000	0.0000	1.0000
HAMBI_0403_chrm01_circ_3702984	NP_Ct_r01_2018_06_26_L001	6	0.4383	0.0082	1.0000
HAMBI_0403_chrm01_circ_3702984	NP_Ct_r01_2018_07_24_L001	6	0.3510	0.0086	1.0000
HAMBI_0403_chrm01_circ_3702984	NP_Ct_r01_2018_08_21_L002	6	0.5127	0.0081	1.0000
HAMBI_0403_chrm01_circ_3702984	NP_Ct_r01_2018_09_18_L001	6	0.6506	0.0088	1.0000
HAMBI_0403_chrm01_circ_3702984	NP_Ct_r01_2018_10_16_L001	6	0.5029	0.0081	1.0000
HAMBI_0403_chrm01_circ_3702984	NP_Ct_r01_2018_11_13_L001	6	0.3866	0.0093	1.0000
HAMBI_0403_chrm01_circ_3702984	NP_Ct_r01_2018_12_11_L001	6	0.4664	0.0100	1.0000
HAMBI_0403_chrm01_circ_3702984	NP_Ct_r01_2019_02_04_L003	6	0.1300	0.0062	1.0000
HAMBI_0403_chrm01_circ_3702984	NP_Ct_r01_2019_02_25_L003	6	0.1019	0.0042	1.0000
HAMBI_0403_chrm01_circ_3910409	NP_Ct_r01_2016_10_11_L001-L004_merged	6	0.0000	0.0000	1.0000
HAMBI_0403_chrm01_circ_3910409	NP_Ct_r01_2016_12_05_L001-L004_merged	6	0.0000	0.0000	1.0000
HAMBI_0403_chrm01_circ_3910409	NP_Ct_r01_2017_02_06_L001-L004_merged	6	0.0000	0.0000	1.0000
HAMBI_0403_chrm01_circ_3910409	NP_Ct_r01_2017_03_06_L002	6	0.0000	0.0000	1.0000
HAMBI_0403_chrm01_circ_3910409	NP_Ct_r01_2017_04_03_L002	6	0.0000	0.0000	1.0000
HAMBI_0403_chrm01_circ_3910409	NP_Ct_r01_2017_08_21_L001	6	0.0000	0.0000	1.0000
HAMBI_0403_chrm01_circ_3910409	NP_Ct_r01_2017_09_18_L001	6	0.0000	0.0000	1.0000
HAMBI_0403_chrm01_circ_3910409	NP_Ct_r01_2017_11_14_L001-L004_merged	6	0.0000	0.0000	1.0000
HAMBI_0403_chrm01_circ_3910409	NP_Ct_r01_2018_03_06_L001	6	0.0000	0.0000	1.0000
HAMBI_0403_chrm01_circ_3910409	NP_Ct_r01_2018_06_26_L001	6	0.4383	0.0082	1.0000
HAMBI_0403_chrm01_circ_3910409	NP_Ct_r01_2018_07_24_L001	6	0.3510	0.0086	1.0000
HAMBI_0403_chrm01_circ_3910409	NP_Ct_r01_2018_08_21_L002	6	0.5127	0.0081	1.0000
HAMBI_0403_chrm01_circ_3910409	NP_Ct_r01_2018_09_18_L001	6	0.6506	0.0088	1.0000
HAMBI_0403_chrm01_circ_3910409	NP_Ct_r01_2018_10_16_L001	6	0.5029	0.0081	1.0000
HAMBI_0403_chrm01_circ_3910409	NP_Ct_r01_2018_11_13_L001	6	0.3866	0.0093	1.0000
HAMBI_0403_chrm01_circ_3910409	NP_Ct_r01_2018_12_11_L001	6	0.4664	0.0100	1.0000
HAMBI_0403_chrm01_circ_3910409	NP_Ct_r01_2019_02_04_L003	6	0.1300	0.0062	1.0000
HAMBI_0403_chrm01_circ_3910409	NP_Ct_r01_2019_02_25_L003	6	0.1019	0.0042	1.0000
HAMBI_0403_chrm01_circ_4060726	NP_Ct_r01_2016_10_11_L001-L004_merged	6	0.0000	0.0000	1.0000
HAMBI_0403_chrm01_circ_4060726	NP_Ct_r01_2016_12_05_L001-L004_merged	6	0.0000	0.0000	1.0000
HAMBI_0403_chrm01_circ_4060726	NP_Ct_r01_2017_02_06_L001-L004_merged	6	0.0000	0.0000	1.0000
HAMBI_0403_chrm01_circ_4060726	NP_Ct_r01_2017_03_06_L002	6	0.0000	0.0000	1.0000
HAMBI_0403_chrm01_circ_4060726	NP_Ct_r01_2017_04_03_L002	6	0.0000	0.0000	1.0000
HAMBI_0403_chrm01_circ_4060726	NP_Ct_r01_2017_08_21_L001	6	0.0000	0.0000	1.0000
HAMBI_0403_chrm01_circ_4060726	NP_Ct_r01_2017_09_18_L001	6	0.0000	0.0000	1.0000
HAMBI_0403_chrm01_circ_4060726	NP_Ct_r01_2017_11_14_L001-L004_merged	6	0.0000	0.0000	1.0000
HAMBI_0403_chrm01_circ_4060726	NP_Ct_r01_2018_03_06_L001	6	0.0000	0.0000	1.0000
HAMBI_0403_chrm01_circ_4060726	NP_Ct_r01_2018_06_26_L001	6	0.4383	0.0082	1.0000
HAMBI_0403_chrm01_circ_4060726	NP_Ct_r01_2018_07_24_L001	6	0.3510	0.0086	1.0000
HAMBI_0403_chrm01_circ_4060726	NP_Ct_r01_2018_08_21_L002	6	0.5127	0.0081	1.0000
HAMBI_0403_chrm01_circ_4060726	NP_Ct_r01_2018_09_18_L001	6	0.6506	0.0088	1.0000
HAMBI_0403_chrm01_circ_4060726	NP_Ct_r01_2018_10_16_L001	6	0.5029	0.0081	1.0000
HAMBI_0403_chrm01_circ_4060726	NP_Ct_r01_2018_11_13_L001	6	0.3866	0.0093	1.0000
HAMBI_0403_chrm01_circ_4060726	NP_Ct_r01_2018_12_11_L001	6	0.4664	0.0100	1.0000
HAMBI_0403_chrm01_circ_4060726	NP_Ct_r01_2019_02_04_L003	6	0.1300	0.0062	1.0000
HAMBI_0403_chrm01_circ_4060726	NP_Ct_r01_2019_02_25_L003	6	0.1019	0.0042	1.0000
HAMBI_0403_chrm01_circ_4152035	NP_Ct_r01_2016_10_11_L001-L004_merged	6	0.0000	0.0000	1.0000
HAMBI_0403_chrm01_circ_4152035	NP_Ct_r01_2016_12_05_L001-L004_merged	6	0.0000	0.0000	1.0000
HAMBI_0403_chrm01_circ_4152035	NP_Ct_r01_2017_02_06_L001-L004_merged	6	0.0000	0.0000	1.0000
HAMBI_0403_chrm01_circ_4152035	NP_Ct_r01_2017_03_06_L002	6	0.0000	0.0000	1.0000
HAMBI_0403_chrm01_circ_4152035	NP_Ct_r01_2017_04_03_L002	6	0.0000	0.0000	1.0000
HAMBI_0403_chrm01_circ_4152035	NP_Ct_r01_2017_08_21_L001	6	0.0000	0.0000	1.0000
HAMBI_0403_chrm01_circ_4152035	NP_Ct_r01_2017_09_18_L001	6	0.0000	0.0000	1.0000
HAMBI_0403_chrm01_circ_4152035	NP_Ct_r01_2017_11_14_L001-L004_merged	6	0.0000	0.0000	1.0000
HAMBI_0403_chrm01_circ_4152035	NP_Ct_r01_2018_03_06_L001	6	0.0000	0.0000	1.0000
HAMBI_0403_chrm01_circ_4152035	NP_Ct_r01_2018_06_26_L001	6	0.4383	0.0082	1.0000
HAMBI_0403_chrm01_circ_4152035	NP_Ct_r01_2018_07_24_L001	6	0.3510	0.0086	1.0000
HAMBI_0403_chrm01_circ_4152035	NP_Ct_r01_2018_08_21_L002	6	0.5127	0.0081	1.0000
HAMBI_0403_chrm01_circ_4152035	NP_Ct_r01_2018_09_18_L001	6	0.6506	0.0088	1.0000
HAMBI_0403_chrm01_circ_4152035	NP_Ct_r01_2018_10_16_L001	6	0.5029	0.0081	1.0000
HAMBI_0403_chrm01_circ_4152035	NP_Ct_r01_2018_11_13_L001	6	0.3866	0.0093	1.0000
HAMBI_0403_chrm01_circ_4152035	NP_Ct_r01_2018_12_11_L001	6	0.4664	0.0100	1.0000
HAMBI_0403_chrm01_circ_4152035	NP_Ct_r01_2019_02_04_L003	6	0.1300	0.0062	1.0000
HAMBI_0403_chrm01_circ_4152035	NP_Ct_r01_2019_02_25_L003	6	0.1019	0.0042	1.0000
HAMBI_0403_chrm01_circ_4214195	NP_Ct_r01_2016_10_11_L001-L004_merged	6	0.0000	0.0000	1.0000
HAMBI_0403_chrm01_circ_4214195	NP_Ct_r01_2016_12_05_L001-L004_merged	6	0.0000	0.0000	1.0000
HAMBI_0403_chrm01_circ_4214195	NP_Ct_r01_2017_02_06_L001-L004_merged	6	0.0000	0.0000	1.0000
HAMBI_0403_chrm01_circ_4214195	NP_Ct_r01_2017_03_06_L002	6	0.0000	0.0000	1.0000
HAMBI_0403_chrm01_circ_4214195	NP_Ct_r01_2017_04_03_L002	6	0.0000	0.0000	1.0000
HAMBI_0403_chrm01_circ_4214195	NP_Ct_r01_2017_08_21_L001	6	0.0000	0.0000	1.0000
HAMBI_0403_chrm01_circ_4214195	NP_Ct_r01_2017_09_18_L001	6	0.0000	0.0000	1.0000
HAMBI_0403_chrm01_circ_4214195	NP_Ct_r01_2017_11_14_L001-L004_merged	6	0.0000	0.0000	1.0000
HAMBI_0403_chrm01_circ_4214195	NP_Ct_r01_2018_03_06_L001	6	0.0000	0.0000	1.0000
HAMBI_0403_chrm01_circ_4214195	NP_Ct_r01_2018_06_26_L001	6	0.4383	0.0082	1.0000
HAMBI_0403_chrm01_circ_4214195	NP_Ct_r01_2018_07_24_L001	6	0.3510	0.0086	1.0000
HAMBI_0403_chrm01_circ_4214195	NP_Ct_r01_2018_08_21_L002	6	0.5127	0.0081	1.0000
HAMBI_0403_chrm01_circ_4214195	NP_Ct_r01_2018_09_18_L001	6	0.6506	0.0088	1.0000
HAMBI_0403_chrm01_circ_4214195	NP_Ct_r01_2018_10_16_L001	6	0.5029	0.0081	1.0000
HAMBI_0403_chrm01_circ_4214195	NP_Ct_r01_2018_11_13_L001	6	0.3866	0.0093	1.0000
HAMBI_0403_chrm01_circ_4214195	NP_Ct_r01_2018_12_11_L001	6	0.4664	0.0100	1.0000
HAMBI_0403_chrm01_circ_4214195	NP_Ct_r01_2019_02_04_L003	6	0.1300	0.0062	1.0000
HAMBI_0403_chrm01_circ_4214195	NP_Ct_r01_2019_02_25_L003	6	0.1019	0.0042	1.0000
HAMBI_0403_chrm01_circ_4217616	NP_Ct_r01_2016_10_11_L001-L004_merged	6	0.0000	0.0000	1.0000
HAMBI_0403_chrm01_circ_4217616	NP_Ct_r01_2016_12_05_L001-L004_merged	6	0.0000	0.0000	1.0000
HAMBI_0403_chrm01_circ_4217616	NP_Ct_r01_2017_02_06_L001-L004_merged	6	0.0000	0.0000	1.0000
HAMBI_0403_chrm01_circ_4217616	NP_Ct_r01_2017_03_06_L002	6	0.0000	0.0000	1.0000
HAMBI_0403_chrm01_circ_4217616	NP_Ct_r01_2017_04_03_L002	6	0.0000	0.0000	1.0000
HAMBI_0403_chrm01_circ_4217616	NP_Ct_r01_2017_08_21_L001	6	0.0000	0.0000	1.0000
HAMBI_0403_chrm01_circ_4217616	NP_Ct_r01_2017_09_18_L001	6	0.0000	0.0000	1.0000
HAMBI_0403_chrm01_circ_4217616	NP_Ct_r01_2017_11_14_L001-L004_merged	6	0.0000	0.0000	1.0000
HAMBI_0403_chrm01_circ_4217616	NP_Ct_r01_2018_03_06_L001	6	0.0000	0.0000	1.0000
HAMBI_0403_chrm01_circ_4217616	NP_Ct_r01_2018_06_26_L001	6	0.4383	0.0082	1.0000
HAMBI_0403_chrm01_circ_4217616	NP_Ct_r01_2018_07_24_L001	6	0.3510	0.0086	1.0000
HAMBI_0403_chrm01_circ_4217616	NP_Ct_r01_2018_08_21_L002	6	0.5127	0.0081	1.0000
HAMBI_0403_chrm01_circ_4217616	NP_Ct_r01_2018_09_18_L001	6	0.6506	0.0088	1.0000
HAMBI_0403_chrm01_circ_4217616	NP_Ct_r01_2018_10_16_L001	6	0.5029	0.0081	1.0000
HAMBI_0403_chrm01_circ_4217616	NP_Ct_r01_2018_11_13_L001	6	0.3866	0.0093	1.0000
HAMBI_0403_chrm01_circ_4217616	NP_Ct_r01_2018_12_11_L001	6	0.4664	0.0100	1.0000
HAMBI_0403_chrm01_circ_4217616	NP_Ct_r01_2019_02_04_L003	6	0.1300	0.0062	1.0000
HAMBI_0403_chrm01_circ_4217616	NP_Ct_r01_2019_02_25_L003	6	0.1019	0.0042	1.0000
HAMBI_0403_chrm01_circ_4269316	NP_Ct_r01_2016_10_11_L001-L004_merged	6	0.0000	0.0000	1.0000
HAMBI_0403_chrm01_circ_4269316	NP_Ct_r01_2016_12_05_L001-L004_merged	6	0.0000	0.0000	1.0000
HAMBI_0403_chrm01_circ_4269316	NP_Ct_r01_2017_02_06_L001-L004_merged	6	0.0000	0.0000	1.0000
HAMBI_0403_chrm01_circ_4269316	NP_Ct_r01_2017_03_06_L002	6	0.0000	0.0000	1.0000
HAMBI_0403_chrm01_circ_4269316	NP_Ct_r01_2017_04_03_L002	6	0.0000	0.0000	1.0000
HAMBI_0403_chrm01_circ_4269316	NP_Ct_r01_2017_08_21_L001	6	0.0000	0.0000	1.0000
HAMBI_0403_chrm01_circ_4269316	NP_Ct_r01_2017_09_18_L001	6	0.0000	0.0000	1.0000
HAMBI_0403_chrm01_circ_4269316	NP_Ct_r01_2017_11_14_L001-L004_merged	6	0.0000	0.0000	1.0000
HAMBI_0403_chrm01_circ_4269316	NP_Ct_r01_2018_03_06_L001	6	0.0000	0.0000	1.0000
HAMBI_0403_chrm01_circ_4269316	NP_Ct_r01_2018_06_26_L001	6	0.4383	0.0082	1.0000
HAMBI_0403_chrm01_circ_4269316	NP_Ct_r01_2018_07_24_L001	6	0.3510	0.0086	1.0000
HAMBI_0403_chrm01_circ_4269316	NP_Ct_r01_2018_08_21_L002	6	0.5127	0.0081	1.0000
HAMBI_0403_chrm01_circ_4269316	NP_Ct_r01_2018_09_18_L001	6	0.6506	0.0088	1.0000
HAMBI_0403_chrm01_circ_4269316	NP_Ct_r01_2018_10_16_L001	6	0.5029	0.0081	1.0000
HAMBI_0403_chrm01_circ_4269316	NP_Ct_r01_2018_11_13_L001	6	0.3866	0.0093	1.0000
HAMBI_0403_chrm01_circ_4269316	NP_Ct_r01_2018_12_11_L001	6	0.4664	0.0100	1.0000
HAMBI_0403_chrm01_circ_4269316	NP_Ct_r01_2019_02_04_L003	6	0.1300	0.0062	1.0000
HAMBI_0403_chrm01_circ_4269316	NP_Ct_r01_2019_02_25_L003	6	0.1019	0.0042	1.0000
HAMBI_0403_chrm01_circ_4388411	NP_Ct_r01_2016_10_11_L001-L004_merged	6	0.0000	0.0000	1.0000
HAMBI_0403_chrm01_circ_4388411	NP_Ct_r01_2016_12_05_L001-L004_merged	6	0.0000	0.0000	1.0000
HAMBI_0403_chrm01_circ_4388411	NP_Ct_r01_2017_02_06_L001-L004_merged	6	0.0000	0.0000	1.0000
HAMBI_0403_chrm01_circ_4388411	NP_Ct_r01_2017_03_06_L002	6	0.0000	0.0000	1.0000
HAMBI_0403_chrm01_circ_4388411	NP_Ct_r01_2017_04_03_L002	6	0.0000	0.0000	1.0000
HAMBI_0403_chrm01_circ_4388411	NP_Ct_r01_2017_08_21_L001	6	0.0000	0.0000	1.0000
HAMBI_0403_chrm01_circ_4388411	NP_Ct_r01_2017_09_18_L001	6	0.0000	0.0000	1.0000
HAMBI_0403_chrm01_circ_4388411	NP_Ct_r01_2017_11_14_L001-L004_merged	6	0.0000	0.0000	1.0000
HAMBI_0403_chrm01_circ_4388411	NP_Ct_r01_2018_03_06_L001	6	0.0000	0.0000	1.0000
HAMBI_0403_chrm01_circ_4388411	NP_Ct_r01_2018_06_26_L001	6	0.4383	0.0082	1.0000
HAMBI_0403_chrm01_circ_4388411	NP_Ct_r01_2018_07_24_L001	6	0.3510	0.0086	1.0000
HAMBI_0403_chrm01_circ_4388411	NP_Ct_r01_2018_08_21_L002	6	0.5127	0.0081	1.0000
HAMBI_0403_chrm01_circ_4388411	NP_Ct_r01_2018_09_18_L001	6	0.6506	0.0088	1.0000
HAMBI_0403_chrm01_circ_4388411	NP_Ct_r01_2018_10_16_L001	6	0.5029	0.0081	1.0000
HAMBI_0403_chrm01_circ_4388411	NP_Ct_r01_2018_11_13_L001	6	0.3866	0.0093	1.0000
HAMBI_0403_chrm01_circ_4388411	NP_Ct_r01_2018_12_11_L001	6	0.4664	0.0100	1.0000
HAMBI_0403_chrm01_circ_4388411	NP_Ct_r01_2019_02_04_L003	6	0.1300	0.0062	1.0000
HAMBI_0403_chrm01_circ_4388411	NP_Ct_r01_2019_02_25_L003	6	0.1019	0.0042	1.0000
HAMBI_0403_chrm01_circ_4809883	NP_Ct_r01_2016_10_11_L001-L004_merged	6	0.0000	0.0000	1.0000
HAMBI_0403_chrm01_circ_4809883	NP_Ct_r01_2016_12_05_L001-L004_merged	6	0.0000	0.0000	1.0000
HAMBI_0403_chrm01_circ_4809883	NP_Ct_r01_2017_02_06_L001-L004_merged	6	0.0000	0.0000	1.0000
HAMBI_0403_chrm01_circ_4809883	NP_Ct_r01_2017_03_06_L002	6	0.0000	0.0000	1.0000
HAMBI_0403_chrm01_circ_4809883	NP_Ct_r01_2017_04_03_L002	6	0.0000	0.0000	1.0000
HAMBI_0403_chrm01_circ_4809883	NP_Ct_r01_2017_08_21_L001	6	0.0000	0.0000	1.0000
HAMBI_0403_chrm01_circ_4809883	NP_Ct_r01_2017_09_18_L001	6	0.0000	0.0000	1.0000
HAMBI_0403_chrm01_circ_4809883	NP_Ct_r01_2017_11_14_L001-L004_merged	6	0.0000	0.0000	1.0000
HAMBI_0403_chrm01_circ_4809883	NP_Ct_r01_2018_03_06_L001	6	0.0000	0.0000	1.0000
HAMBI_0403_chrm01_circ_4809883	NP_Ct_r01_2018_06_26_L001	6	0.4383	0.0082	1.0000
HAMBI_0403_chrm01_circ_4809883	NP_Ct_r01_2018_07_24_L001	6	0.3510	0.0086	1.0000
HAMBI_0403_chrm01_circ_4809883	NP_Ct_r01_2018_08_21_L002	6	0.5127	0.0081	1.0000
HAMBI_0403_chrm01_circ_4809883	NP_Ct_r01_2018_09_18_L001	6	0.6506	0.0088	1.0000
HAMBI_0403_chrm01_circ_4809883	NP_Ct_r01_2018_10_16_L001	6	0.5029	0.0081	1.0000
HAMBI_0403_chrm01_circ_4809883	NP_Ct_r01_2018_11_13_L001	6	0.3866	0.0093	1.0000
HAMBI_0403_chrm01_circ_4809883	NP_Ct_r01_2018_12_11_L001	6	0.4664	0.0100	1.0000
HAMBI_0403_chrm01_circ_4809883	NP_Ct_r01_2019_02_04_L003	6	0.1300	0.0062	1.0000
HAMBI_0403_chrm01_circ_4809883	NP_Ct_r01_2019_02_25_L003	6	0.1019	0.0042	1.0000
HAMBI_0403_chrm01_circ_5042624	NP_Ct_r01_2016_10_11_L001-L004_merged	6	0.0000	0.0000	1.0000
HAMBI_0403_chrm01_circ_5042624	NP_Ct_r01_2016_12_05_L001-L004_merged	6	0.0000	0.0000	1.0000
HAMBI_0403_chrm01_circ_5042624	NP_Ct_r01_2017_02_06_L001-L004_merged	6	0.0000	0.0000	1.0000
HAMBI_0403_chrm01_circ_5042624	NP_Ct_r01_2017_03_06_L002	6	0.0000	0.0000	1.0000
HAMBI_0403_chrm01_circ_5042624	NP_Ct_r01_2017_04_03_L002	6	0.0000	0.0000	1.0000
HAMBI_0403_chrm01_circ_5042624	NP_Ct_r01_2017_08_21_L001	6	0.0000	0.0000	1.0000
HAMBI_0403_chrm01_circ_5042624	NP_Ct_r01_2017_09_18_L001	6	0.0000	0.0000	1.0000
HAMBI_0403_chrm01_circ_5042624	NP_Ct_r01_2017_11_14_L001-L004_merged	6	0.0000	0.0000	1.0000
HAMBI_0403_chrm01_circ_5042624	NP_Ct_r01_2018_03_06_L001	6	0.0000	0.0000	1.0000
HAMBI_0403_chrm01_circ_5042624	NP_Ct_r01_2018_06_26_L001	6	0.4383	0.0082	1.0000
HAMBI_0403_chrm01_circ_5042624	NP_Ct_r01_2018_07_24_L001	6	0.3510	0.0086	1.0000
HAMBI_0403_chrm01_circ_5042624	NP_Ct_r01_2018_08_21_L002	6	0.5127	0.0081	1.0000
HAMBI_0403_chrm01_circ_5042624	NP_Ct_r01_2018_09_18_L001	6	0.6506	0.0088	1.0000
HAMBI_0403_chrm01_circ_5042624	NP_Ct_r01_2018_10_16_L001	6	0.5029	0.0081	1.0000
HAMBI_0403_chrm01_circ_5042624	NP_Ct_r01_2018_11_13_L001	6	0.3866	0.0093	1.0000
HAMBI_0403_chrm01_circ_5042624	NP_Ct_r01_2018_12_11_L001	6	0.4664	0.0100	1.0000
HAMBI_0403_chrm01_circ_5042624	NP_Ct_r01_2019_02_04_L003	6	0.1300	0.0062	1.0000
HAMBI_0403_chrm01_circ_5042624	NP_Ct_r01_2019_02_25_L003	6	0.1019	0.0042	1.0000
HAMBI_0403_chrm01_circ_5083897	NP_Ct_r01_2016_10_11_L001-L004_merged	6	0.0000	0.0000	1.0000
HAMBI_0403_chrm01_circ_5083897	NP_Ct_r01_2016_12_05_L001-L004_merged	6	0.0000	0.0000	1.0000
HAMBI_0403_chrm01_circ_5083897	NP_Ct_r01_2017_02_06_L001-L004_merged	6	0.0000	0.0000	1.0000
HAMBI_0403_chrm01_circ_5083897	NP_Ct_r01_2017_03_06_L002	6	0.0000	0.0000	1.0000
HAMBI_0403_chrm01_circ_5083897	NP_Ct_r01_2017_04_03_L002	6	0.0000	0.0000	1.0000
HAMBI_0403_chrm01_circ_5083897	NP_Ct_r01_2017_08_21_L001	6	0.0000	0.0000	1.0000
HAMBI_0403_chrm01_circ_5083897	NP_Ct_r01_2017_09_18_L001	6	0.0000	0.0000	1.0000
HAMBI_0403_chrm01_circ_5083897	NP_Ct_r01_2017_11_14_L001-L004_merged	6	0.0000	0.0000	1.0000
HAMBI_0403_chrm01_circ_5083897	NP_Ct_r01_2018_03_06_L001	6	0.0000	0.0000	1.0000
HAMBI_0403_chrm01_circ_5083897	NP_Ct_r01_2018_06_26_L001	6	0.4383	0.0082	1.0000
HAMBI_0403_chrm01_circ_5083897	NP_Ct_r01_2018_07_24_L001	6	0.3510	0.0086	1.0000
HAMBI_0403_chrm01_circ_5083897	NP_Ct_r01_2018_08_21_L002	6	0.5127	0.0081	1.0000
HAMBI_0403_chrm01_circ_5083897	NP_Ct_r01_2018_09_18_L001	6	0.6506	0.0088	1.0000
HAMBI_0403_chrm01_circ_5083897	NP_Ct_r01_2018_10_16_L001	6	0.5029	0.0081	1.0000
HAMBI_0403_chrm01_circ_5083897	NP_Ct_r01_2018_11_13_L001	6	0.3866	0.0093	1.0000
HAMBI_0403_chrm01_circ_5083897	NP_Ct_r01_2018_12_11_L001	6	0.4664	0.0100	1.0000
HAMBI_0403_chrm01_circ_5083897	NP_Ct_r01_2019_02_04_L003	6	0.1300	0.0062	1.0000
HAMBI_0403_chrm01_circ_5083897	NP_Ct_r01_2019_02_25_L003	6	0.1019	0.0042	1.0000
HAMBI_0403_chrm01_circ_5452296	NP_Ct_r01_2016_10_11_L001-L004_merged	6	0.0000	0.0000	1.0000
HAMBI_0403_chrm01_circ_5452296	NP_Ct_r01_2016_12_05_L001-L004_merged	6	0.0000	0.0000	1.0000
HAMBI_0403_chrm01_circ_5452296	NP_Ct_r01_2017_02_06_L001-L004_merged	6	0.0000	0.0000	1.0000
HAMBI_0403_chrm01_circ_5452296	NP_Ct_r01_2017_03_06_L002	6	0.0000	0.0000	1.0000
HAMBI_0403_chrm01_circ_5452296	NP_Ct_r01_2017_04_03_L002	6	0.0000	0.0000	1.0000
HAMBI_0403_chrm01_circ_5452296	NP_Ct_r01_2017_08_21_L001	6	0.0000	0.0000	1.0000
HAMBI_0403_chrm01_circ_5452296	NP_Ct_r01_2017_09_18_L001	6	0.0000	0.0000	1.0000
HAMBI_0403_chrm01_circ_5452296	NP_Ct_r01_2017_11_14_L001-L004_merged	6	0.0000	0.0000	1.0000
HAMBI_0403_chrm01_circ_5452296	NP_Ct_r01_2018_03_06_L001	6	0.0000	0.0000	1.0000
HAMBI_0403_chrm01_circ_5452296	NP_Ct_r01_2018_06_26_L001	6	0.4383	0.0082	1.0000
HAMBI_0403_chrm01_circ_5452296	NP_Ct_r01_2018_07_24_L001	6	0.3510	0.0086	1.0000
HAMBI_0403_chrm01_circ_5452296	NP_Ct_r01_2018_08_21_L002	6	0.5127	0.0081	1.0000
HAMBI_0403_chrm01_circ_5452296	NP_Ct_r01_2018_09_18_L001	6	0.6506	0.0088	1.0000
HAMBI_0403_chrm01_circ_5452296	NP_Ct_r01_2018_10_16_L001	6	0.5029	0.0081	1.0000
HAMBI_0403_chrm01_circ_5452296	NP_Ct_r01_2018_11_13_L001	6	0.3866	0.0093	1.0000
HAMBI_0403_chrm01_circ_5452296	NP_Ct_r01_2018_12_11_L001	6	0.4664	0.0100	1.0000
HAMBI_0403_chrm01_circ_5452296	NP_Ct_r01_2019_02_04_L003	6	0.1300	0.0062	1.0000
HAMBI_0403_chrm01_circ_5452296	NP_Ct_r01_2019_02_25_L003	6	0.1019	0.0042	1.0000
HAMBI_0403_chrm01_circ_5644341	NP_Ct_r01_2016_10_11_L001-L004_merged	6	0.0000	0.0000	1.0000
HAMBI_0403_chrm01_circ_5644341	NP_Ct_r01_2016_12_05_L001-L004_merged	6	0.0000	0.0000	1.0000
HAMBI_0403_chrm01_circ_5644341	NP_Ct_r01_2017_02_06_L001-L004_merged	6	0.0000	0.0000	1.0000
HAMBI_0403_chrm01_circ_5644341	NP_Ct_r01_2017_03_06_L002	6	0.0000	0.0000	1.0000
HAMBI_0403_chrm01_circ_5644341	NP_Ct_r01_2017_04_03_L002	6	0.0000	0.0000	1.0000
HAMBI_0403_chrm01_circ_5644341	NP_Ct_r01_2017_08_21_L001	6	0.0000	0.0000	1.0000
HAMBI_0403_chrm01_circ_5644341	NP_Ct_r01_2017_09_18_L001	6	0.0000	0.0000	1.0000
HAMBI_0403_chrm01_circ_5644341	NP_Ct_r01_2017_11_14_L001-L004_merged	6	0.0000	0.0000	1.0000
HAMBI_0403_chrm01_circ_5644341	NP_Ct_r01_2018_03_06_L001	6	0.0000	0.0000	1.0000
HAMBI_0403_chrm01_circ_5644341	NP_Ct_r01_2018_06_26_L001	6	0.4383	0.0082	1.0000
HAMBI_0403_chrm01_circ_5644341	NP_Ct_r01_2018_07_24_L001	6	0.3510	0.0086	1.0000
HAMBI_0403_chrm01_circ_5644341	NP_Ct_r01_2018_08_21_L002	6	0.5127	0.0081	1.0000
HAMBI_0403_chrm01_circ_5644341	NP_Ct_r01_2018_09_18_L001	6	0.6506	0.0088	1.0000
HAMBI_0403_chrm01_circ_5644341	NP_Ct_r01_2018_10_16_L001	6	0.5029	0.0081	1.0000
HAMBI_0403_chrm01_circ_5644341	NP_Ct_r01_2018_11_13_L001	6	0.3866	0.0093	1.0000
HAMBI_0403_chrm01_circ_5644341	NP_Ct_r01_2018_12_11_L001	6	0.4664	0.0100	1.0000
HAMBI_0403_chrm01_circ_5644341	NP_Ct_r01_2019_02_04_L003	6	0.1300	0.0062	1.0000
HAMBI_0403_chrm01_circ_5644341	NP_Ct_r01_2019_02_25_L003	6	0.1019	0.0042	1.0000
HAMBI_0403_chrm01_circ_5709378	NP_Ct_r01_2016_10_11_L001-L004_merged	6	0.0000	0.0000	1.0000
HAMBI_0403_chrm01_circ_5709378	NP_Ct_r01_2016_12_05_L001-L004_merged	6	0.0000	0.0000	1.0000
HAMBI_0403_chrm01_circ_5709378	NP_Ct_r01_2017_02_06_L001-L004_merged	6	0.0000	0.0000	1.0000
HAMBI_0403_chrm01_circ_5709378	NP_Ct_r01_2017_03_06_L002	6	0.0000	0.0000	1.0000
HAMBI_0403_chrm01_circ_5709378	NP_Ct_r01_2017_04_03_L002	6	0.0000	0.0000	1.0000
HAMBI_0403_chrm01_circ_5709378	NP_Ct_r01_2017_08_21_L001	6	0.0000	0.0000	1.0000
HAMBI_0403_chrm01_circ_5709378	NP_Ct_r01_2017_09_18_L001	6	0.0000	0.0000	1.0000
HAMBI_0403_chrm01_circ_5709378	NP_Ct_r01_2017_11_14_L001-L004_merged	6	0.0000	0.0000	1.0000
HAMBI_0403_chrm01_circ_5709378	NP_Ct_r01_2018_03_06_L001	6	0.0000	0.0000	1.0000
HAMBI_0403_chrm01_circ_5709378	NP_Ct_r01_2018_06_26_L001	6	0.4383	0.0082	1.0000
HAMBI_0403_chrm01_circ_5709378	NP_Ct_r01_2018_07_24_L001	6	0.3510	0.0086	1.0000
HAMBI_0403_chrm01_circ_5709378	NP_Ct_r01_2018_08_21_L002	6	0.5127	0.0081	1.0000
HAMBI_0403_chrm01_circ_5709378	NP_Ct_r01_2018_09_18_L001	6	0.6506	0.0088	1.0000
HAMBI_0403_chrm01_circ_5709378	NP_Ct_r01_2018_10_16_L001	6	0.5029	0.0081	1.0000
HAMBI_0403_chrm01_circ_5709378	NP_Ct_r01_2018_11_13_L001	6	0.3866	0.0093	1.0000
HAMBI_0403_chrm01_circ_5709378	NP_Ct_r01_2018_12_11_L001	6	0.4664	0.0100	1.0000
HAMBI_0403_chrm01_circ_5709378	NP_Ct_r01_2019_02_04_L003	6	0.1300	0.0062	1.0000
HAMBI_0403_chrm01_circ_5709378	NP_Ct_r01_2019_02_25_L003	6	0.1019	0.0042	1.0000
HAMBI_0403_chrm01_circ_5714954	NP_Ct_r01_2016_10_11_L001-L004_merged	6	0.0000	0.0000	1.0000
HAMBI_0403_chrm01_circ_5714954	NP_Ct_r01_2016_12_05_L001-L004_merged	6	0.0000	0.0000	1.0000
HAMBI_0403_chrm01_circ_5714954	NP_Ct_r01_2017_02_06_L001-L004_merged	6	0.0000	0.0000	1.0000
HAMBI_0403_chrm01_circ_5714954	NP_Ct_r01_2017_03_06_L002	6	0.0000	0.0000	1.0000
HAMBI_0403_chrm01_circ_5714954	NP_Ct_r01_2017_04_03_L002	6	0.0000	0.0000	1.0000
HAMBI_0403_chrm01_circ_5714954	NP_Ct_r01_2017_08_21_L001	6	0.0000	0.0000	1.0000
HAMBI_0403_chrm01_circ_5714954	NP_Ct_r01_2017_09_18_L001	6	0.0000	0.0000	1.0000
HAMBI_0403_chrm01_circ_5714954	NP_Ct_r01_2017_11_14_L001-L004_merged	6	0.0000	0.0000	1.0000
HAMBI_0403_chrm01_circ_5714954	NP_Ct_r01_2018_03_06_L001	6	0.0000	0.0000	1.0000
HAMBI_0403_chrm01_circ_5714954	NP_Ct_r01_2018_06_26_L001	6	0.4383	0.0082	1.0000
HAMBI_0403_chrm01_circ_5714954	NP_Ct_r01_2018_07_24_L001	6	0.3510	0.0086	1.0000
HAMBI_0403_chrm01_circ_5714954	NP_Ct_r01_2018_08_21_L002	6	0.5127	0.0081	1.0000
HAMBI_0403_chrm01_circ_5714954	NP_Ct_r01_2018_09_18_L001	6	0.6506	0.0088	1.0000
HAMBI_0403_chrm01_circ_5714954	NP_Ct_r01_2018_10_16_L001	6	0.5029	0.0081	1.0000
HAMBI_0403_chrm01_circ_5714954	NP_Ct_r01_2018_11_13_L001	6	0.3866	0.0093	1.0000
HAMBI_0403_chrm01_circ_5714954	NP_Ct_r01_2018_12_11_L001	6	0.4664	0.0100	1.0000
HAMBI_0403_chrm01_circ_5714954	NP_Ct_r01_2019_02_04_L003	6	0.1300	0.0062	1.0000
HAMBI_0403_chrm01_circ_5714954	NP_Ct_r01_2019_02_25_L003	6	0.1019	0.0042	1.0000
HAMBI_0403_chrm01_circ_637391	NP_Ct_r01_2016_10_11_L001-L004_merged	6	0.0000	0.0000	1.0000
HAMBI_0403_chrm01_circ_637391	NP_Ct_r01_2016_12_05_L001-L004_merged	6	0.0000	0.0000	1.0000
HAMBI_0403_chrm01_circ_637391	NP_Ct_r01_2017_02_06_L001-L004_merged	6	0.0000	0.0000	1.0000
HAMBI_0403_chrm01_circ_637391	NP_Ct_r01_2017_03_06_L002	6	0.0000	0.0000	1.0000
HAMBI_0403_chrm01_circ_637391	NP_Ct_r01_2017_04_03_L002	6	0.0000	0.0000	1.0000
HAMBI_0403_chrm01_circ_637391	NP_Ct_r01_2017_08_21_L001	6	0.0000	0.0000	1.0000
HAMBI_0403_chrm01_circ_637391	NP_Ct_r01_2017_09_18_L001	6	0.0000	0.0000	1.0000
HAMBI_0403_chrm01_circ_637391	NP_Ct_r01_2017_11_14_L001-L004_merged	6	0.0000	0.0000	1.0000
HAMBI_0403_chrm01_circ_637391	NP_Ct_r01_2018_03_06_L001	6	0.0000	0.0000	1.0000
HAMBI_0403_chrm01_circ_637391	NP_Ct_r01_2018_06_26_L001	6	0.4383	0.0082	1.0000
HAMBI_0403_chrm01_circ_637391	NP_Ct_r01_2018_07_24_L001	6	0.3510	0.0086	1.0000
HAMBI_0403_chrm01_circ_637391	NP_Ct_r01_2018_08_21_L002	6	0.5127	0.0081	1.0000
HAMBI_0403_chrm01_circ_637391	NP_Ct_r01_2018_09_18_L001	6	0.6506	0.0088	1.0000
HAMBI_0403_chrm01_circ_637391	NP_Ct_r01_2018_10_16_L001	6	0.5029	0.0081	1.0000
HAMBI_0403_chrm01_circ_637391	NP_Ct_r01_2018_11_13_L001	6	0.3866	0.0093	1.0000
HAMBI_0403_chrm01_circ_637391	NP_Ct_r01_2018_12_11_L001	6	0.4664	0.0100	1.0000
HAMBI_0403_chrm01_circ_637391	NP_Ct_r01_2019_02_04_L003	6	0.1300	0.0062	1.0000
HAMBI_0403_chrm01_circ_637391	NP_Ct_r01_2019_02_25_L003	6	0.1019	0.0042	1.0000
HAMBI_0403_chrm01_circ_945635	NP_Ct_r01_2016_10_11_L001-L004_merged	6	0.0000	0.0000	1.0000
HAMBI_0403_chrm01_circ_945635	NP_Ct_r01_2016_12_05_L001-L004_merged	6	0.0000	0.0000	1.0000
HAMBI_0403_chrm01_circ_945635	NP_Ct_r01_2017_02_06_L001-L004_merged	6	0.0000	0.0000	1.0000
HAMBI_0403_chrm01_circ_945635	NP_Ct_r01_2017_03_06_L002	6	0.0000	0.0000	1.0000
HAMBI_0403_chrm01_circ_945635	NP_Ct_r01_2017_04_03_L002	6	0.0000	0.0000	1.0000
HAMBI_0403_chrm01_circ_945635	NP_Ct_r01_2017_08_21_L001	6	0.0000	0.0000	1.0000
HAMBI_0403_chrm01_circ_945635	NP_Ct_r01_2017_09_18_L001	6	0.0000	0.0000	1.0000
HAMBI_0403_chrm01_circ_945635	NP_Ct_r01_2017_11_14_L001-L004_merged	6	0.0000	0.0000	1.0000
HAMBI_0403_chrm01_circ_945635	NP_Ct_r01_2018_03_06_L001	6	0.0000	0.0000	1.0000
HAMBI_0403_chrm01_circ_945635	NP_Ct_r01_2018_06_26_L001	6	0.4383	0.0082	1.0000
HAMBI_0403_chrm01_circ_945635	NP_Ct_r01_2018_07_24_L001	6	0.3510	0.0086	1.0000
HAMBI_0403_chrm01_circ_945635	NP_Ct_r01_2018_08_21_L002	6	0.5127	0.0081	1.0000
HAMBI_0403_chrm01_circ_945635	NP_Ct_r01_2018_09_18_L001	6	0.6506	0.0088	1.0000
HAMBI_0403_chrm01_circ_945635	NP_Ct_r01_2018_10_16_L001	6	0.5029	0.0081	1.0000
HAMBI_0403_chrm01_circ_945635	NP_Ct_r01_2018_11_13_L001	6	0.3866	0.0093	1.0000
HAMBI_0403_chrm01_circ_945635	NP_Ct_r01_2018_12_11_L001	6	0.4664	0.0100	1.0000
HAMBI_0403_chrm01_circ_945635	NP_Ct_r01_2019_02_04_L003	6	0.1300	0.0062	1.0000
HAMBI_0403_chrm01_circ_945635	NP_Ct_r01_2019_02_25_L003	6	0.1019	0.0042	1.0000
HAMBI_0403_chrm01_circ_957655	NP_Ct_r01_2016_10_11_L001-L004_merged	6	0.0000	0.0000	1.0000
HAMBI_0403_chrm01_circ_957655	NP_Ct_r01_2016_12_05_L001-L004_merged	6	0.0000	0.0000	1.0000
HAMBI_0403_chrm01_circ_957655	NP_Ct_r01_2017_02_06_L001-L004_merged	6	0.0000	0.0000	1.0000
HAMBI_0403_chrm01_circ_957655	NP_Ct_r01_2017_03_06_L002	6	0.0000	0.0000	1.0000
HAMBI_0403_chrm01_circ_957655	NP_Ct_r01_2017_04_03_L002	6	0.0000	0.0000	1.0000
HAMBI_0403_chrm01_circ_957655	NP_Ct_r01_2017_08_21_L001	6	0.0000	0.0000	1.0000
HAMBI_0403_chrm01_circ_957655	NP_Ct_r01_2017_09_18_L001	6	0.0000	0.0000	1.0000
HAMBI_0403_chrm01_circ_957655	NP_Ct_r01_2017_11_14_L001-L004_merged	6	0.0000	0.0000	1.0000
HAMBI_0403_chrm01_circ_957655	NP_Ct_r01_2018_03_06_L001	6	0.0000	0.0000	1.0000
HAMBI_0403_chrm01_circ_957655	NP_Ct_r01_2018_06_26_L001	6	0.4383	0.0082	1.0000
HAMBI_0403_chrm01_circ_957655	NP_Ct_r01_2018_07_24_L001	6	0.3510	0.0086	1.0000
HAMBI_0403_chrm01_circ_957655	NP_Ct_r01_2018_08_21_L002	6	0.5127	0.0081	1.0000
HAMBI_0403_chrm01_circ_957655	NP_Ct_r01_2018_09_18_L001	6	0.6506	0.0088	1.0000
HAMBI_0403_chrm01_circ_957655	NP_Ct_r01_2018_10_16_L001	6	0.5029	0.0081	1.0000
HAMBI_0403_chrm01_circ_957655	NP_Ct_r01_2018_11_13_L001	6	0.3866	0.0093	1.0000
HAMBI_0403_chrm01_circ_957655	NP_Ct_r01_2018_12_11_L001	6	0.4664	0.0100	1.0000
HAMBI_0403_chrm01_circ_957655	NP_Ct_r01_2019_02_04_L003	6	0.1300	0.0062	1.0000
HAMBI_0403_chrm01_circ_957655	NP_Ct_r01_2019_02_25_L003	6	0.1019	0.0042	1.0000
