mutation_id	sample_id	cluster_id	cellular_prevalence	cellular_prevalence_std	cluster_assignment_prob
HAMBI_0403_chrm01_circ_1046497	PS_Ct_r03_2015_08_24_L001	0	0.0000	0.0000	1.0000
HAMBI_0403_chrm01_circ_1046497	PS_Ct_r03_2015_09_21_L001	0	0.0000	0.0000	1.0000
HAMBI_0403_chrm01_circ_1046497	PS_Ct_r03_2015_10_19_L001	0	0.0000	0.0000	1.0000
HAMBI_0403_chrm01_circ_1046497	PS_Ct_r03_2015_11_16_L002	0	0.0000	0.0000	1.0000
HAMBI_0403_chrm01_circ_1046497	PS_Ct_r03_2015_12_14_L002	0	0.0000	0.0000	1.0000
HAMBI_0403_chrm01_circ_1046497	PS_Ct_r03_2016_01_11_L001	0	0.0000	0.0000	1.0000
HAMBI_0403_chrm01_circ_1046497	PS_Ct_r03_2016_02_08_L001	0	0.0000	0.0000	1.0000
HAMBI_0403_chrm01_circ_1046497	PS_Ct_r03_2016_03_07_L001	0	0.0000	0.0000	1.0000
HAMBI_0403_chrm01_circ_1046497	PS_Ct_r03_2016_04_03_L001	0	0.0000	0.0000	1.0000
HAMBI_0403_chrm01_circ_1046497	PS_Ct_r03_2016_05_04_L001	0	0.0000	0.0000	1.0000
HAMBI_0403_chrm01_circ_1046497	PS_Ct_r03_2016_05_30_L001	0	0.0000	0.0000	1.0000
HAMBI_0403_chrm01_circ_1046497	PS_Ct_r03_2016_07_25_L003	0	0.0000	0.0000	1.0000
HAMBI_0403_chrm01_circ_1046497	PS_Ct_r03_2016_08_22_L003	0	0.0000	0.0000	1.0000
HAMBI_0403_chrm01_circ_1046497	PS_Ct_r03_2016_09_19_L003	0	0.0000	0.0000	1.0000
HAMBI_0403_chrm01_circ_1046497	PS_Ct_r03_2016_10_17_L001	0	0.0000	0.0000	1.0000
HAMBI_0403_chrm01_circ_1046497	PS_Ct_r03_2016_11_14_L001	0	0.0000	0.0000	1.0000
HAMBI_0403_chrm01_circ_1046497	PS_Ct_r03_2016_12_12_L001	0	0.0000	0.0000	1.0000
HAMBI_0403_chrm01_circ_1046497	PS_Ct_r03_2017_01_09_L001	0	0.0000	0.0000	1.0000
HAMBI_0403_chrm01_circ_1046497	PS_Ct_r03_2017_02_06_L001	0	0.0000	0.0000	1.0000
HAMBI_0403_chrm01_circ_1046497	PS_Ct_r03_2017_03_06_L001	0	0.0000	0.0000	1.0000
HAMBI_0403_chrm01_circ_1046497	PS_Ct_r03_2017_05_29_L001	0	0.0505	0.0002	1.0000
HAMBI_0403_chrm01_circ_1046497	PS_Ct_r03_2017_06_26_L001	0	0.1302	0.0033	1.0000
HAMBI_0403_chrm01_circ_1046497	PS_Ct_r03_2017_07_24_L001	0	0.1919	0.0025	1.0000
HAMBI_0403_chrm01_circ_1046497	PS_Ct_r03_2017_08_21_L001	0	0.2076	0.0051	1.0000
HAMBI_0403_chrm01_circ_1080893	PS_Ct_r03_2015_08_24_L001	0	0.0000	0.0000	1.0000
HAMBI_0403_chrm01_circ_1080893	PS_Ct_r03_2015_09_21_L001	0	0.0000	0.0000	1.0000
HAMBI_0403_chrm01_circ_1080893	PS_Ct_r03_2015_10_19_L001	0	0.0000	0.0000	1.0000
HAMBI_0403_chrm01_circ_1080893	PS_Ct_r03_2015_11_16_L002	0	0.0000	0.0000	1.0000
HAMBI_0403_chrm01_circ_1080893	PS_Ct_r03_2015_12_14_L002	0	0.0000	0.0000	1.0000
HAMBI_0403_chrm01_circ_1080893	PS_Ct_r03_2016_01_11_L001	0	0.0000	0.0000	1.0000
HAMBI_0403_chrm01_circ_1080893	PS_Ct_r03_2016_02_08_L001	0	0.0000	0.0000	1.0000
HAMBI_0403_chrm01_circ_1080893	PS_Ct_r03_2016_03_07_L001	0	0.0000	0.0000	1.0000
HAMBI_0403_chrm01_circ_1080893	PS_Ct_r03_2016_04_03_L001	0	0.0000	0.0000	1.0000
HAMBI_0403_chrm01_circ_1080893	PS_Ct_r03_2016_05_04_L001	0	0.0000	0.0000	1.0000
HAMBI_0403_chrm01_circ_1080893	PS_Ct_r03_2016_05_30_L001	0	0.0000	0.0000	1.0000
HAMBI_0403_chrm01_circ_1080893	PS_Ct_r03_2016_07_25_L003	0	0.0000	0.0000	1.0000
HAMBI_0403_chrm01_circ_1080893	PS_Ct_r03_2016_08_22_L003	0	0.0000	0.0000	1.0000
HAMBI_0403_chrm01_circ_1080893	PS_Ct_r03_2016_09_19_L003	0	0.0000	0.0000	1.0000
HAMBI_0403_chrm01_circ_1080893	PS_Ct_r03_2016_10_17_L001	0	0.0000	0.0000	1.0000
HAMBI_0403_chrm01_circ_1080893	PS_Ct_r03_2016_11_14_L001	0	0.0000	0.0000	1.0000
HAMBI_0403_chrm01_circ_1080893	PS_Ct_r03_2016_12_12_L001	0	0.0000	0.0000	1.0000
HAMBI_0403_chrm01_circ_1080893	PS_Ct_r03_2017_01_09_L001	0	0.0000	0.0000	1.0000
HAMBI_0403_chrm01_circ_1080893	PS_Ct_r03_2017_02_06_L001	0	0.0000	0.0000	1.0000
HAMBI_0403_chrm01_circ_1080893	PS_Ct_r03_2017_03_06_L001	0	0.0000	0.0000	1.0000
HAMBI_0403_chrm01_circ_1080893	PS_Ct_r03_2017_05_29_L001	0	0.0505	0.0002	1.0000
HAMBI_0403_chrm01_circ_1080893	PS_Ct_r03_2017_06_26_L001	0	0.1302	0.0033	1.0000
HAMBI_0403_chrm01_circ_1080893	PS_Ct_r03_2017_07_24_L001	0	0.1919	0.0025	1.0000
HAMBI_0403_chrm01_circ_1080893	PS_Ct_r03_2017_08_21_L001	0	0.2076	0.0051	1.0000
HAMBI_0403_chrm01_circ_1119876	PS_Ct_r03_2015_08_24_L001	0	0.0000	0.0000	1.0000
HAMBI_0403_chrm01_circ_1119876	PS_Ct_r03_2015_09_21_L001	0	0.0000	0.0000	1.0000
HAMBI_0403_chrm01_circ_1119876	PS_Ct_r03_2015_10_19_L001	0	0.0000	0.0000	1.0000
HAMBI_0403_chrm01_circ_1119876	PS_Ct_r03_2015_11_16_L002	0	0.0000	0.0000	1.0000
HAMBI_0403_chrm01_circ_1119876	PS_Ct_r03_2015_12_14_L002	0	0.0000	0.0000	1.0000
HAMBI_0403_chrm01_circ_1119876	PS_Ct_r03_2016_01_11_L001	0	0.0000	0.0000	1.0000
HAMBI_0403_chrm01_circ_1119876	PS_Ct_r03_2016_02_08_L001	0	0.0000	0.0000	1.0000
HAMBI_0403_chrm01_circ_1119876	PS_Ct_r03_2016_03_07_L001	0	0.0000	0.0000	1.0000
HAMBI_0403_chrm01_circ_1119876	PS_Ct_r03_2016_04_03_L001	0	0.0000	0.0000	1.0000
HAMBI_0403_chrm01_circ_1119876	PS_Ct_r03_2016_05_04_L001	0	0.0000	0.0000	1.0000
HAMBI_0403_chrm01_circ_1119876	PS_Ct_r03_2016_05_30_L001	0	0.0000	0.0000	1.0000
HAMBI_0403_chrm01_circ_1119876	PS_Ct_r03_2016_07_25_L003	0	0.0000	0.0000	1.0000
HAMBI_0403_chrm01_circ_1119876	PS_Ct_r03_2016_08_22_L003	0	0.0000	0.0000	1.0000
HAMBI_0403_chrm01_circ_1119876	PS_Ct_r03_2016_09_19_L003	0	0.0000	0.0000	1.0000
HAMBI_0403_chrm01_circ_1119876	PS_Ct_r03_2016_10_17_L001	0	0.0000	0.0000	1.0000
HAMBI_0403_chrm01_circ_1119876	PS_Ct_r03_2016_11_14_L001	0	0.0000	0.0000	1.0000
HAMBI_0403_chrm01_circ_1119876	PS_Ct_r03_2016_12_12_L001	0	0.0000	0.0000	1.0000
HAMBI_0403_chrm01_circ_1119876	PS_Ct_r03_2017_01_09_L001	0	0.0000	0.0000	1.0000
HAMBI_0403_chrm01_circ_1119876	PS_Ct_r03_2017_02_06_L001	0	0.0000	0.0000	1.0000
HAMBI_0403_chrm01_circ_1119876	PS_Ct_r03_2017_03_06_L001	0	0.0000	0.0000	1.0000
HAMBI_0403_chrm01_circ_1119876	PS_Ct_r03_2017_05_29_L001	0	0.0505	0.0002	1.0000
HAMBI_0403_chrm01_circ_1119876	PS_Ct_r03_2017_06_26_L001	0	0.1302	0.0033	1.0000
HAMBI_0403_chrm01_circ_1119876	PS_Ct_r03_2017_07_24_L001	0	0.1919	0.0025	1.0000
HAMBI_0403_chrm01_circ_1119876	PS_Ct_r03_2017_08_21_L001	0	0.2076	0.0051	1.0000
HAMBI_0403_chrm01_circ_1154877	PS_Ct_r03_2015_08_24_L001	0	0.0000	0.0000	1.0000
HAMBI_0403_chrm01_circ_1154877	PS_Ct_r03_2015_09_21_L001	0	0.0000	0.0000	1.0000
HAMBI_0403_chrm01_circ_1154877	PS_Ct_r03_2015_10_19_L001	0	0.0000	0.0000	1.0000
HAMBI_0403_chrm01_circ_1154877	PS_Ct_r03_2015_11_16_L002	0	0.0000	0.0000	1.0000
HAMBI_0403_chrm01_circ_1154877	PS_Ct_r03_2015_12_14_L002	0	0.0000	0.0000	1.0000
HAMBI_0403_chrm01_circ_1154877	PS_Ct_r03_2016_01_11_L001	0	0.0000	0.0000	1.0000
HAMBI_0403_chrm01_circ_1154877	PS_Ct_r03_2016_02_08_L001	0	0.0000	0.0000	1.0000
HAMBI_0403_chrm01_circ_1154877	PS_Ct_r03_2016_03_07_L001	0	0.0000	0.0000	1.0000
HAMBI_0403_chrm01_circ_1154877	PS_Ct_r03_2016_04_03_L001	0	0.0000	0.0000	1.0000
HAMBI_0403_chrm01_circ_1154877	PS_Ct_r03_2016_05_04_L001	0	0.0000	0.0000	1.0000
HAMBI_0403_chrm01_circ_1154877	PS_Ct_r03_2016_05_30_L001	0	0.0000	0.0000	1.0000
HAMBI_0403_chrm01_circ_1154877	PS_Ct_r03_2016_07_25_L003	0	0.0000	0.0000	1.0000
HAMBI_0403_chrm01_circ_1154877	PS_Ct_r03_2016_08_22_L003	0	0.0000	0.0000	1.0000
HAMBI_0403_chrm01_circ_1154877	PS_Ct_r03_2016_09_19_L003	0	0.0000	0.0000	1.0000
HAMBI_0403_chrm01_circ_1154877	PS_Ct_r03_2016_10_17_L001	0	0.0000	0.0000	1.0000
HAMBI_0403_chrm01_circ_1154877	PS_Ct_r03_2016_11_14_L001	0	0.0000	0.0000	1.0000
HAMBI_0403_chrm01_circ_1154877	PS_Ct_r03_2016_12_12_L001	0	0.0000	0.0000	1.0000
HAMBI_0403_chrm01_circ_1154877	PS_Ct_r03_2017_01_09_L001	0	0.0000	0.0000	1.0000
HAMBI_0403_chrm01_circ_1154877	PS_Ct_r03_2017_02_06_L001	0	0.0000	0.0000	1.0000
HAMBI_0403_chrm01_circ_1154877	PS_Ct_r03_2017_03_06_L001	0	0.0000	0.0000	1.0000
HAMBI_0403_chrm01_circ_1154877	PS_Ct_r03_2017_05_29_L001	0	0.0505	0.0002	1.0000
HAMBI_0403_chrm01_circ_1154877	PS_Ct_r03_2017_06_26_L001	0	0.1302	0.0033	1.0000
HAMBI_0403_chrm01_circ_1154877	PS_Ct_r03_2017_07_24_L001	0	0.1919	0.0025	1.0000
HAMBI_0403_chrm01_circ_1154877	PS_Ct_r03_2017_08_21_L001	0	0.2076	0.0051	1.0000
HAMBI_0403_chrm01_circ_1246798	PS_Ct_r03_2015_08_24_L001	0	0.0000	0.0000	1.0000
HAMBI_0403_chrm01_circ_1246798	PS_Ct_r03_2015_09_21_L001	0	0.0000	0.0000	1.0000
HAMBI_0403_chrm01_circ_1246798	PS_Ct_r03_2015_10_19_L001	0	0.0000	0.0000	1.0000
HAMBI_0403_chrm01_circ_1246798	PS_Ct_r03_2015_11_16_L002	0	0.0000	0.0000	1.0000
HAMBI_0403_chrm01_circ_1246798	PS_Ct_r03_2015_12_14_L002	0	0.0000	0.0000	1.0000
HAMBI_0403_chrm01_circ_1246798	PS_Ct_r03_2016_01_11_L001	0	0.0000	0.0000	1.0000
HAMBI_0403_chrm01_circ_1246798	PS_Ct_r03_2016_02_08_L001	0	0.0000	0.0000	1.0000
HAMBI_0403_chrm01_circ_1246798	PS_Ct_r03_2016_03_07_L001	0	0.0000	0.0000	1.0000
HAMBI_0403_chrm01_circ_1246798	PS_Ct_r03_2016_04_03_L001	0	0.0000	0.0000	1.0000
HAMBI_0403_chrm01_circ_1246798	PS_Ct_r03_2016_05_04_L001	0	0.0000	0.0000	1.0000
HAMBI_0403_chrm01_circ_1246798	PS_Ct_r03_2016_05_30_L001	0	0.0000	0.0000	1.0000
HAMBI_0403_chrm01_circ_1246798	PS_Ct_r03_2016_07_25_L003	0	0.0000	0.0000	1.0000
HAMBI_0403_chrm01_circ_1246798	PS_Ct_r03_2016_08_22_L003	0	0.0000	0.0000	1.0000
HAMBI_0403_chrm01_circ_1246798	PS_Ct_r03_2016_09_19_L003	0	0.0000	0.0000	1.0000
HAMBI_0403_chrm01_circ_1246798	PS_Ct_r03_2016_10_17_L001	0	0.0000	0.0000	1.0000
HAMBI_0403_chrm01_circ_1246798	PS_Ct_r03_2016_11_14_L001	0	0.0000	0.0000	1.0000
HAMBI_0403_chrm01_circ_1246798	PS_Ct_r03_2016_12_12_L001	0	0.0000	0.0000	1.0000
HAMBI_0403_chrm01_circ_1246798	PS_Ct_r03_2017_01_09_L001	0	0.0000	0.0000	1.0000
HAMBI_0403_chrm01_circ_1246798	PS_Ct_r03_2017_02_06_L001	0	0.0000	0.0000	1.0000
HAMBI_0403_chrm01_circ_1246798	PS_Ct_r03_2017_03_06_L001	0	0.0000	0.0000	1.0000
HAMBI_0403_chrm01_circ_1246798	PS_Ct_r03_2017_05_29_L001	0	0.0505	0.0002	1.0000
HAMBI_0403_chrm01_circ_1246798	PS_Ct_r03_2017_06_26_L001	0	0.1302	0.0033	1.0000
HAMBI_0403_chrm01_circ_1246798	PS_Ct_r03_2017_07_24_L001	0	0.1919	0.0025	1.0000
HAMBI_0403_chrm01_circ_1246798	PS_Ct_r03_2017_08_21_L001	0	0.2076	0.0051	1.0000
HAMBI_0403_chrm01_circ_1272527	PS_Ct_r03_2015_08_24_L001	0	0.0000	0.0000	1.0000
HAMBI_0403_chrm01_circ_1272527	PS_Ct_r03_2015_09_21_L001	0	0.0000	0.0000	1.0000
HAMBI_0403_chrm01_circ_1272527	PS_Ct_r03_2015_10_19_L001	0	0.0000	0.0000	1.0000
HAMBI_0403_chrm01_circ_1272527	PS_Ct_r03_2015_11_16_L002	0	0.0000	0.0000	1.0000
HAMBI_0403_chrm01_circ_1272527	PS_Ct_r03_2015_12_14_L002	0	0.0000	0.0000	1.0000
HAMBI_0403_chrm01_circ_1272527	PS_Ct_r03_2016_01_11_L001	0	0.0000	0.0000	1.0000
HAMBI_0403_chrm01_circ_1272527	PS_Ct_r03_2016_02_08_L001	0	0.0000	0.0000	1.0000
HAMBI_0403_chrm01_circ_1272527	PS_Ct_r03_2016_03_07_L001	0	0.0000	0.0000	1.0000
HAMBI_0403_chrm01_circ_1272527	PS_Ct_r03_2016_04_03_L001	0	0.0000	0.0000	1.0000
HAMBI_0403_chrm01_circ_1272527	PS_Ct_r03_2016_05_04_L001	0	0.0000	0.0000	1.0000
HAMBI_0403_chrm01_circ_1272527	PS_Ct_r03_2016_05_30_L001	0	0.0000	0.0000	1.0000
HAMBI_0403_chrm01_circ_1272527	PS_Ct_r03_2016_07_25_L003	0	0.0000	0.0000	1.0000
HAMBI_0403_chrm01_circ_1272527	PS_Ct_r03_2016_08_22_L003	0	0.0000	0.0000	1.0000
HAMBI_0403_chrm01_circ_1272527	PS_Ct_r03_2016_09_19_L003	0	0.0000	0.0000	1.0000
HAMBI_0403_chrm01_circ_1272527	PS_Ct_r03_2016_10_17_L001	0	0.0000	0.0000	1.0000
HAMBI_0403_chrm01_circ_1272527	PS_Ct_r03_2016_11_14_L001	0	0.0000	0.0000	1.0000
HAMBI_0403_chrm01_circ_1272527	PS_Ct_r03_2016_12_12_L001	0	0.0000	0.0000	1.0000
HAMBI_0403_chrm01_circ_1272527	PS_Ct_r03_2017_01_09_L001	0	0.0000	0.0000	1.0000
HAMBI_0403_chrm01_circ_1272527	PS_Ct_r03_2017_02_06_L001	0	0.0000	0.0000	1.0000
HAMBI_0403_chrm01_circ_1272527	PS_Ct_r03_2017_03_06_L001	0	0.0000	0.0000	1.0000
HAMBI_0403_chrm01_circ_1272527	PS_Ct_r03_2017_05_29_L001	0	0.0505	0.0002	1.0000
HAMBI_0403_chrm01_circ_1272527	PS_Ct_r03_2017_06_26_L001	0	0.1302	0.0033	1.0000
HAMBI_0403_chrm01_circ_1272527	PS_Ct_r03_2017_07_24_L001	0	0.1919	0.0025	1.0000
HAMBI_0403_chrm01_circ_1272527	PS_Ct_r03_2017_08_21_L001	0	0.2076	0.0051	1.0000
HAMBI_0403_chrm01_circ_1277340	PS_Ct_r03_2015_08_24_L001	0	0.0000	0.0000	1.0000
HAMBI_0403_chrm01_circ_1277340	PS_Ct_r03_2015_09_21_L001	0	0.0000	0.0000	1.0000
HAMBI_0403_chrm01_circ_1277340	PS_Ct_r03_2015_10_19_L001	0	0.0000	0.0000	1.0000
HAMBI_0403_chrm01_circ_1277340	PS_Ct_r03_2015_11_16_L002	0	0.0000	0.0000	1.0000
HAMBI_0403_chrm01_circ_1277340	PS_Ct_r03_2015_12_14_L002	0	0.0000	0.0000	1.0000
HAMBI_0403_chrm01_circ_1277340	PS_Ct_r03_2016_01_11_L001	0	0.0000	0.0000	1.0000
HAMBI_0403_chrm01_circ_1277340	PS_Ct_r03_2016_02_08_L001	0	0.0000	0.0000	1.0000
HAMBI_0403_chrm01_circ_1277340	PS_Ct_r03_2016_03_07_L001	0	0.0000	0.0000	1.0000
HAMBI_0403_chrm01_circ_1277340	PS_Ct_r03_2016_04_03_L001	0	0.0000	0.0000	1.0000
HAMBI_0403_chrm01_circ_1277340	PS_Ct_r03_2016_05_04_L001	0	0.0000	0.0000	1.0000
HAMBI_0403_chrm01_circ_1277340	PS_Ct_r03_2016_05_30_L001	0	0.0000	0.0000	1.0000
HAMBI_0403_chrm01_circ_1277340	PS_Ct_r03_2016_07_25_L003	0	0.0000	0.0000	1.0000
HAMBI_0403_chrm01_circ_1277340	PS_Ct_r03_2016_08_22_L003	0	0.0000	0.0000	1.0000
HAMBI_0403_chrm01_circ_1277340	PS_Ct_r03_2016_09_19_L003	0	0.0000	0.0000	1.0000
HAMBI_0403_chrm01_circ_1277340	PS_Ct_r03_2016_10_17_L001	0	0.0000	0.0000	1.0000
HAMBI_0403_chrm01_circ_1277340	PS_Ct_r03_2016_11_14_L001	0	0.0000	0.0000	1.0000
HAMBI_0403_chrm01_circ_1277340	PS_Ct_r03_2016_12_12_L001	0	0.0000	0.0000	1.0000
HAMBI_0403_chrm01_circ_1277340	PS_Ct_r03_2017_01_09_L001	0	0.0000	0.0000	1.0000
HAMBI_0403_chrm01_circ_1277340	PS_Ct_r03_2017_02_06_L001	0	0.0000	0.0000	1.0000
HAMBI_0403_chrm01_circ_1277340	PS_Ct_r03_2017_03_06_L001	0	0.0000	0.0000	1.0000
HAMBI_0403_chrm01_circ_1277340	PS_Ct_r03_2017_05_29_L001	0	0.0505	0.0002	1.0000
HAMBI_0403_chrm01_circ_1277340	PS_Ct_r03_2017_06_26_L001	0	0.1302	0.0033	1.0000
HAMBI_0403_chrm01_circ_1277340	PS_Ct_r03_2017_07_24_L001	0	0.1919	0.0025	1.0000
HAMBI_0403_chrm01_circ_1277340	PS_Ct_r03_2017_08_21_L001	0	0.2076	0.0051	1.0000
HAMBI_0403_chrm01_circ_1361345	PS_Ct_r03_2015_08_24_L001	0	0.0000	0.0000	1.0000
HAMBI_0403_chrm01_circ_1361345	PS_Ct_r03_2015_09_21_L001	0	0.0000	0.0000	1.0000
HAMBI_0403_chrm01_circ_1361345	PS_Ct_r03_2015_10_19_L001	0	0.0000	0.0000	1.0000
HAMBI_0403_chrm01_circ_1361345	PS_Ct_r03_2015_11_16_L002	0	0.0000	0.0000	1.0000
HAMBI_0403_chrm01_circ_1361345	PS_Ct_r03_2015_12_14_L002	0	0.0000	0.0000	1.0000
HAMBI_0403_chrm01_circ_1361345	PS_Ct_r03_2016_01_11_L001	0	0.0000	0.0000	1.0000
HAMBI_0403_chrm01_circ_1361345	PS_Ct_r03_2016_02_08_L001	0	0.0000	0.0000	1.0000
HAMBI_0403_chrm01_circ_1361345	PS_Ct_r03_2016_03_07_L001	0	0.0000	0.0000	1.0000
HAMBI_0403_chrm01_circ_1361345	PS_Ct_r03_2016_04_03_L001	0	0.0000	0.0000	1.0000
HAMBI_0403_chrm01_circ_1361345	PS_Ct_r03_2016_05_04_L001	0	0.0000	0.0000	1.0000
HAMBI_0403_chrm01_circ_1361345	PS_Ct_r03_2016_05_30_L001	0	0.0000	0.0000	1.0000
HAMBI_0403_chrm01_circ_1361345	PS_Ct_r03_2016_07_25_L003	0	0.0000	0.0000	1.0000
HAMBI_0403_chrm01_circ_1361345	PS_Ct_r03_2016_08_22_L003	0	0.0000	0.0000	1.0000
HAMBI_0403_chrm01_circ_1361345	PS_Ct_r03_2016_09_19_L003	0	0.0000	0.0000	1.0000
HAMBI_0403_chrm01_circ_1361345	PS_Ct_r03_2016_10_17_L001	0	0.0000	0.0000	1.0000
HAMBI_0403_chrm01_circ_1361345	PS_Ct_r03_2016_11_14_L001	0	0.0000	0.0000	1.0000
HAMBI_0403_chrm01_circ_1361345	PS_Ct_r03_2016_12_12_L001	0	0.0000	0.0000	1.0000
HAMBI_0403_chrm01_circ_1361345	PS_Ct_r03_2017_01_09_L001	0	0.0000	0.0000	1.0000
HAMBI_0403_chrm01_circ_1361345	PS_Ct_r03_2017_02_06_L001	0	0.0000	0.0000	1.0000
HAMBI_0403_chrm01_circ_1361345	PS_Ct_r03_2017_03_06_L001	0	0.0000	0.0000	1.0000
HAMBI_0403_chrm01_circ_1361345	PS_Ct_r03_2017_05_29_L001	0	0.0505	0.0002	1.0000
HAMBI_0403_chrm01_circ_1361345	PS_Ct_r03_2017_06_26_L001	0	0.1302	0.0033	1.0000
HAMBI_0403_chrm01_circ_1361345	PS_Ct_r03_2017_07_24_L001	0	0.1919	0.0025	1.0000
HAMBI_0403_chrm01_circ_1361345	PS_Ct_r03_2017_08_21_L001	0	0.2076	0.0051	1.0000
HAMBI_0403_chrm01_circ_1483274	PS_Ct_r03_2015_08_24_L001	0	0.0000	0.0000	1.0000
HAMBI_0403_chrm01_circ_1483274	PS_Ct_r03_2015_09_21_L001	0	0.0000	0.0000	1.0000
HAMBI_0403_chrm01_circ_1483274	PS_Ct_r03_2015_10_19_L001	0	0.0000	0.0000	1.0000
HAMBI_0403_chrm01_circ_1483274	PS_Ct_r03_2015_11_16_L002	0	0.0000	0.0000	1.0000
HAMBI_0403_chrm01_circ_1483274	PS_Ct_r03_2015_12_14_L002	0	0.0000	0.0000	1.0000
HAMBI_0403_chrm01_circ_1483274	PS_Ct_r03_2016_01_11_L001	0	0.0000	0.0000	1.0000
HAMBI_0403_chrm01_circ_1483274	PS_Ct_r03_2016_02_08_L001	0	0.0000	0.0000	1.0000
HAMBI_0403_chrm01_circ_1483274	PS_Ct_r03_2016_03_07_L001	0	0.0000	0.0000	1.0000
HAMBI_0403_chrm01_circ_1483274	PS_Ct_r03_2016_04_03_L001	0	0.0000	0.0000	1.0000
HAMBI_0403_chrm01_circ_1483274	PS_Ct_r03_2016_05_04_L001	0	0.0000	0.0000	1.0000
HAMBI_0403_chrm01_circ_1483274	PS_Ct_r03_2016_05_30_L001	0	0.0000	0.0000	1.0000
HAMBI_0403_chrm01_circ_1483274	PS_Ct_r03_2016_07_25_L003	0	0.0000	0.0000	1.0000
HAMBI_0403_chrm01_circ_1483274	PS_Ct_r03_2016_08_22_L003	0	0.0000	0.0000	1.0000
HAMBI_0403_chrm01_circ_1483274	PS_Ct_r03_2016_09_19_L003	0	0.0000	0.0000	1.0000
HAMBI_0403_chrm01_circ_1483274	PS_Ct_r03_2016_10_17_L001	0	0.0000	0.0000	1.0000
HAMBI_0403_chrm01_circ_1483274	PS_Ct_r03_2016_11_14_L001	0	0.0000	0.0000	1.0000
HAMBI_0403_chrm01_circ_1483274	PS_Ct_r03_2016_12_12_L001	0	0.0000	0.0000	1.0000
HAMBI_0403_chrm01_circ_1483274	PS_Ct_r03_2017_01_09_L001	0	0.0000	0.0000	1.0000
HAMBI_0403_chrm01_circ_1483274	PS_Ct_r03_2017_02_06_L001	0	0.0000	0.0000	1.0000
HAMBI_0403_chrm01_circ_1483274	PS_Ct_r03_2017_03_06_L001	0	0.0000	0.0000	1.0000
HAMBI_0403_chrm01_circ_1483274	PS_Ct_r03_2017_05_29_L001	0	0.0505	0.0002	1.0000
HAMBI_0403_chrm01_circ_1483274	PS_Ct_r03_2017_06_26_L001	0	0.1302	0.0033	1.0000
HAMBI_0403_chrm01_circ_1483274	PS_Ct_r03_2017_07_24_L001	0	0.1919	0.0025	1.0000
HAMBI_0403_chrm01_circ_1483274	PS_Ct_r03_2017_08_21_L001	0	0.2076	0.0051	1.0000
HAMBI_0403_chrm01_circ_15131	PS_Ct_r03_2015_08_24_L001	0	0.0000	0.0000	1.0000
HAMBI_0403_chrm01_circ_15131	PS_Ct_r03_2015_09_21_L001	0	0.0000	0.0000	1.0000
HAMBI_0403_chrm01_circ_15131	PS_Ct_r03_2015_10_19_L001	0	0.0000	0.0000	1.0000
HAMBI_0403_chrm01_circ_15131	PS_Ct_r03_2015_11_16_L002	0	0.0000	0.0000	1.0000
HAMBI_0403_chrm01_circ_15131	PS_Ct_r03_2015_12_14_L002	0	0.0000	0.0000	1.0000
HAMBI_0403_chrm01_circ_15131	PS_Ct_r03_2016_01_11_L001	0	0.0000	0.0000	1.0000
HAMBI_0403_chrm01_circ_15131	PS_Ct_r03_2016_02_08_L001	0	0.0000	0.0000	1.0000
HAMBI_0403_chrm01_circ_15131	PS_Ct_r03_2016_03_07_L001	0	0.0000	0.0000	1.0000
HAMBI_0403_chrm01_circ_15131	PS_Ct_r03_2016_04_03_L001	0	0.0000	0.0000	1.0000
HAMBI_0403_chrm01_circ_15131	PS_Ct_r03_2016_05_04_L001	0	0.0000	0.0000	1.0000
HAMBI_0403_chrm01_circ_15131	PS_Ct_r03_2016_05_30_L001	0	0.0000	0.0000	1.0000
HAMBI_0403_chrm01_circ_15131	PS_Ct_r03_2016_07_25_L003	0	0.0000	0.0000	1.0000
HAMBI_0403_chrm01_circ_15131	PS_Ct_r03_2016_08_22_L003	0	0.0000	0.0000	1.0000
HAMBI_0403_chrm01_circ_15131	PS_Ct_r03_2016_09_19_L003	0	0.0000	0.0000	1.0000
HAMBI_0403_chrm01_circ_15131	PS_Ct_r03_2016_10_17_L001	0	0.0000	0.0000	1.0000
HAMBI_0403_chrm01_circ_15131	PS_Ct_r03_2016_11_14_L001	0	0.0000	0.0000	1.0000
HAMBI_0403_chrm01_circ_15131	PS_Ct_r03_2016_12_12_L001	0	0.0000	0.0000	1.0000
HAMBI_0403_chrm01_circ_15131	PS_Ct_r03_2017_01_09_L001	0	0.0000	0.0000	1.0000
HAMBI_0403_chrm01_circ_15131	PS_Ct_r03_2017_02_06_L001	0	0.0000	0.0000	1.0000
HAMBI_0403_chrm01_circ_15131	PS_Ct_r03_2017_03_06_L001	0	0.0000	0.0000	1.0000
HAMBI_0403_chrm01_circ_15131	PS_Ct_r03_2017_05_29_L001	0	0.0505	0.0002	1.0000
HAMBI_0403_chrm01_circ_15131	PS_Ct_r03_2017_06_26_L001	0	0.1302	0.0033	1.0000
HAMBI_0403_chrm01_circ_15131	PS_Ct_r03_2017_07_24_L001	0	0.1919	0.0025	1.0000
HAMBI_0403_chrm01_circ_15131	PS_Ct_r03_2017_08_21_L001	0	0.2076	0.0051	1.0000
HAMBI_0403_chrm01_circ_1566075	PS_Ct_r03_2015_08_24_L001	0	0.0000	0.0000	1.0000
HAMBI_0403_chrm01_circ_1566075	PS_Ct_r03_2015_09_21_L001	0	0.0000	0.0000	1.0000
HAMBI_0403_chrm01_circ_1566075	PS_Ct_r03_2015_10_19_L001	0	0.0000	0.0000	1.0000
HAMBI_0403_chrm01_circ_1566075	PS_Ct_r03_2015_11_16_L002	0	0.0000	0.0000	1.0000
HAMBI_0403_chrm01_circ_1566075	PS_Ct_r03_2015_12_14_L002	0	0.0000	0.0000	1.0000
HAMBI_0403_chrm01_circ_1566075	PS_Ct_r03_2016_01_11_L001	0	0.0000	0.0000	1.0000
HAMBI_0403_chrm01_circ_1566075	PS_Ct_r03_2016_02_08_L001	0	0.0000	0.0000	1.0000
HAMBI_0403_chrm01_circ_1566075	PS_Ct_r03_2016_03_07_L001	0	0.0000	0.0000	1.0000
HAMBI_0403_chrm01_circ_1566075	PS_Ct_r03_2016_04_03_L001	0	0.0000	0.0000	1.0000
HAMBI_0403_chrm01_circ_1566075	PS_Ct_r03_2016_05_04_L001	0	0.0000	0.0000	1.0000
HAMBI_0403_chrm01_circ_1566075	PS_Ct_r03_2016_05_30_L001	0	0.0000	0.0000	1.0000
HAMBI_0403_chrm01_circ_1566075	PS_Ct_r03_2016_07_25_L003	0	0.0000	0.0000	1.0000
HAMBI_0403_chrm01_circ_1566075	PS_Ct_r03_2016_08_22_L003	0	0.0000	0.0000	1.0000
HAMBI_0403_chrm01_circ_1566075	PS_Ct_r03_2016_09_19_L003	0	0.0000	0.0000	1.0000
HAMBI_0403_chrm01_circ_1566075	PS_Ct_r03_2016_10_17_L001	0	0.0000	0.0000	1.0000
HAMBI_0403_chrm01_circ_1566075	PS_Ct_r03_2016_11_14_L001	0	0.0000	0.0000	1.0000
HAMBI_0403_chrm01_circ_1566075	PS_Ct_r03_2016_12_12_L001	0	0.0000	0.0000	1.0000
HAMBI_0403_chrm01_circ_1566075	PS_Ct_r03_2017_01_09_L001	0	0.0000	0.0000	1.0000
HAMBI_0403_chrm01_circ_1566075	PS_Ct_r03_2017_02_06_L001	0	0.0000	0.0000	1.0000
HAMBI_0403_chrm01_circ_1566075	PS_Ct_r03_2017_03_06_L001	0	0.0000	0.0000	1.0000
HAMBI_0403_chrm01_circ_1566075	PS_Ct_r03_2017_05_29_L001	0	0.0505	0.0002	1.0000
HAMBI_0403_chrm01_circ_1566075	PS_Ct_r03_2017_06_26_L001	0	0.1302	0.0033	1.0000
HAMBI_0403_chrm01_circ_1566075	PS_Ct_r03_2017_07_24_L001	0	0.1919	0.0025	1.0000
HAMBI_0403_chrm01_circ_1566075	PS_Ct_r03_2017_08_21_L001	0	0.2076	0.0051	1.0000
HAMBI_0403_chrm01_circ_1649857	PS_Ct_r03_2015_08_24_L001	0	0.0000	0.0000	1.0000
HAMBI_0403_chrm01_circ_1649857	PS_Ct_r03_2015_09_21_L001	0	0.0000	0.0000	1.0000
HAMBI_0403_chrm01_circ_1649857	PS_Ct_r03_2015_10_19_L001	0	0.0000	0.0000	1.0000
HAMBI_0403_chrm01_circ_1649857	PS_Ct_r03_2015_11_16_L002	0	0.0000	0.0000	1.0000
HAMBI_0403_chrm01_circ_1649857	PS_Ct_r03_2015_12_14_L002	0	0.0000	0.0000	1.0000
HAMBI_0403_chrm01_circ_1649857	PS_Ct_r03_2016_01_11_L001	0	0.0000	0.0000	1.0000
HAMBI_0403_chrm01_circ_1649857	PS_Ct_r03_2016_02_08_L001	0	0.0000	0.0000	1.0000
HAMBI_0403_chrm01_circ_1649857	PS_Ct_r03_2016_03_07_L001	0	0.0000	0.0000	1.0000
HAMBI_0403_chrm01_circ_1649857	PS_Ct_r03_2016_04_03_L001	0	0.0000	0.0000	1.0000
HAMBI_0403_chrm01_circ_1649857	PS_Ct_r03_2016_05_04_L001	0	0.0000	0.0000	1.0000
HAMBI_0403_chrm01_circ_1649857	PS_Ct_r03_2016_05_30_L001	0	0.0000	0.0000	1.0000
HAMBI_0403_chrm01_circ_1649857	PS_Ct_r03_2016_07_25_L003	0	0.0000	0.0000	1.0000
HAMBI_0403_chrm01_circ_1649857	PS_Ct_r03_2016_08_22_L003	0	0.0000	0.0000	1.0000
HAMBI_0403_chrm01_circ_1649857	PS_Ct_r03_2016_09_19_L003	0	0.0000	0.0000	1.0000
HAMBI_0403_chrm01_circ_1649857	PS_Ct_r03_2016_10_17_L001	0	0.0000	0.0000	1.0000
HAMBI_0403_chrm01_circ_1649857	PS_Ct_r03_2016_11_14_L001	0	0.0000	0.0000	1.0000
HAMBI_0403_chrm01_circ_1649857	PS_Ct_r03_2016_12_12_L001	0	0.0000	0.0000	1.0000
HAMBI_0403_chrm01_circ_1649857	PS_Ct_r03_2017_01_09_L001	0	0.0000	0.0000	1.0000
HAMBI_0403_chrm01_circ_1649857	PS_Ct_r03_2017_02_06_L001	0	0.0000	0.0000	1.0000
HAMBI_0403_chrm01_circ_1649857	PS_Ct_r03_2017_03_06_L001	0	0.0000	0.0000	1.0000
HAMBI_0403_chrm01_circ_1649857	PS_Ct_r03_2017_05_29_L001	0	0.0505	0.0002	1.0000
HAMBI_0403_chrm01_circ_1649857	PS_Ct_r03_2017_06_26_L001	0	0.1302	0.0033	1.0000
HAMBI_0403_chrm01_circ_1649857	PS_Ct_r03_2017_07_24_L001	0	0.1919	0.0025	1.0000
HAMBI_0403_chrm01_circ_1649857	PS_Ct_r03_2017_08_21_L001	0	0.2076	0.0051	1.0000
HAMBI_0403_chrm01_circ_1759579	PS_Ct_r03_2015_08_24_L001	0	0.0000	0.0000	1.0000
HAMBI_0403_chrm01_circ_1759579	PS_Ct_r03_2015_09_21_L001	0	0.0000	0.0000	1.0000
HAMBI_0403_chrm01_circ_1759579	PS_Ct_r03_2015_10_19_L001	0	0.0000	0.0000	1.0000
HAMBI_0403_chrm01_circ_1759579	PS_Ct_r03_2015_11_16_L002	0	0.0000	0.0000	1.0000
HAMBI_0403_chrm01_circ_1759579	PS_Ct_r03_2015_12_14_L002	0	0.0000	0.0000	1.0000
HAMBI_0403_chrm01_circ_1759579	PS_Ct_r03_2016_01_11_L001	0	0.0000	0.0000	1.0000
HAMBI_0403_chrm01_circ_1759579	PS_Ct_r03_2016_02_08_L001	0	0.0000	0.0000	1.0000
HAMBI_0403_chrm01_circ_1759579	PS_Ct_r03_2016_03_07_L001	0	0.0000	0.0000	1.0000
HAMBI_0403_chrm01_circ_1759579	PS_Ct_r03_2016_04_03_L001	0	0.0000	0.0000	1.0000
HAMBI_0403_chrm01_circ_1759579	PS_Ct_r03_2016_05_04_L001	0	0.0000	0.0000	1.0000
HAMBI_0403_chrm01_circ_1759579	PS_Ct_r03_2016_05_30_L001	0	0.0000	0.0000	1.0000
HAMBI_0403_chrm01_circ_1759579	PS_Ct_r03_2016_07_25_L003	0	0.0000	0.0000	1.0000
HAMBI_0403_chrm01_circ_1759579	PS_Ct_r03_2016_08_22_L003	0	0.0000	0.0000	1.0000
HAMBI_0403_chrm01_circ_1759579	PS_Ct_r03_2016_09_19_L003	0	0.0000	0.0000	1.0000
HAMBI_0403_chrm01_circ_1759579	PS_Ct_r03_2016_10_17_L001	0	0.0000	0.0000	1.0000
HAMBI_0403_chrm01_circ_1759579	PS_Ct_r03_2016_11_14_L001	0	0.0000	0.0000	1.0000
HAMBI_0403_chrm01_circ_1759579	PS_Ct_r03_2016_12_12_L001	0	0.0000	0.0000	1.0000
HAMBI_0403_chrm01_circ_1759579	PS_Ct_r03_2017_01_09_L001	0	0.0000	0.0000	1.0000
HAMBI_0403_chrm01_circ_1759579	PS_Ct_r03_2017_02_06_L001	0	0.0000	0.0000	1.0000
HAMBI_0403_chrm01_circ_1759579	PS_Ct_r03_2017_03_06_L001	0	0.0000	0.0000	1.0000
HAMBI_0403_chrm01_circ_1759579	PS_Ct_r03_2017_05_29_L001	0	0.0505	0.0002	1.0000
HAMBI_0403_chrm01_circ_1759579	PS_Ct_r03_2017_06_26_L001	0	0.1302	0.0033	1.0000
HAMBI_0403_chrm01_circ_1759579	PS_Ct_r03_2017_07_24_L001	0	0.1919	0.0025	1.0000
HAMBI_0403_chrm01_circ_1759579	PS_Ct_r03_2017_08_21_L001	0	0.2076	0.0051	1.0000
HAMBI_0403_chrm01_circ_177120	PS_Ct_r03_2015_08_24_L001	0	0.0000	0.0000	1.0000
HAMBI_0403_chrm01_circ_177120	PS_Ct_r03_2015_09_21_L001	0	0.0000	0.0000	1.0000
HAMBI_0403_chrm01_circ_177120	PS_Ct_r03_2015_10_19_L001	0	0.0000	0.0000	1.0000
HAMBI_0403_chrm01_circ_177120	PS_Ct_r03_2015_11_16_L002	0	0.0000	0.0000	1.0000
HAMBI_0403_chrm01_circ_177120	PS_Ct_r03_2015_12_14_L002	0	0.0000	0.0000	1.0000
HAMBI_0403_chrm01_circ_177120	PS_Ct_r03_2016_01_11_L001	0	0.0000	0.0000	1.0000
HAMBI_0403_chrm01_circ_177120	PS_Ct_r03_2016_02_08_L001	0	0.0000	0.0000	1.0000
HAMBI_0403_chrm01_circ_177120	PS_Ct_r03_2016_03_07_L001	0	0.0000	0.0000	1.0000
HAMBI_0403_chrm01_circ_177120	PS_Ct_r03_2016_04_03_L001	0	0.0000	0.0000	1.0000
HAMBI_0403_chrm01_circ_177120	PS_Ct_r03_2016_05_04_L001	0	0.0000	0.0000	1.0000
HAMBI_0403_chrm01_circ_177120	PS_Ct_r03_2016_05_30_L001	0	0.0000	0.0000	1.0000
HAMBI_0403_chrm01_circ_177120	PS_Ct_r03_2016_07_25_L003	0	0.0000	0.0000	1.0000
HAMBI_0403_chrm01_circ_177120	PS_Ct_r03_2016_08_22_L003	0	0.0000	0.0000	1.0000
HAMBI_0403_chrm01_circ_177120	PS_Ct_r03_2016_09_19_L003	0	0.0000	0.0000	1.0000
HAMBI_0403_chrm01_circ_177120	PS_Ct_r03_2016_10_17_L001	0	0.0000	0.0000	1.0000
HAMBI_0403_chrm01_circ_177120	PS_Ct_r03_2016_11_14_L001	0	0.0000	0.0000	1.0000
HAMBI_0403_chrm01_circ_177120	PS_Ct_r03_2016_12_12_L001	0	0.0000	0.0000	1.0000
HAMBI_0403_chrm01_circ_177120	PS_Ct_r03_2017_01_09_L001	0	0.0000	0.0000	1.0000
HAMBI_0403_chrm01_circ_177120	PS_Ct_r03_2017_02_06_L001	0	0.0000	0.0000	1.0000
HAMBI_0403_chrm01_circ_177120	PS_Ct_r03_2017_03_06_L001	0	0.0000	0.0000	1.0000
HAMBI_0403_chrm01_circ_177120	PS_Ct_r03_2017_05_29_L001	0	0.0505	0.0002	1.0000
HAMBI_0403_chrm01_circ_177120	PS_Ct_r03_2017_06_26_L001	0	0.1302	0.0033	1.0000
HAMBI_0403_chrm01_circ_177120	PS_Ct_r03_2017_07_24_L001	0	0.1919	0.0025	1.0000
HAMBI_0403_chrm01_circ_177120	PS_Ct_r03_2017_08_21_L001	0	0.2076	0.0051	1.0000
HAMBI_0403_chrm01_circ_1820962	PS_Ct_r03_2015_08_24_L001	0	0.0000	0.0000	1.0000
HAMBI_0403_chrm01_circ_1820962	PS_Ct_r03_2015_09_21_L001	0	0.0000	0.0000	1.0000
HAMBI_0403_chrm01_circ_1820962	PS_Ct_r03_2015_10_19_L001	0	0.0000	0.0000	1.0000
HAMBI_0403_chrm01_circ_1820962	PS_Ct_r03_2015_11_16_L002	0	0.0000	0.0000	1.0000
HAMBI_0403_chrm01_circ_1820962	PS_Ct_r03_2015_12_14_L002	0	0.0000	0.0000	1.0000
HAMBI_0403_chrm01_circ_1820962	PS_Ct_r03_2016_01_11_L001	0	0.0000	0.0000	1.0000
HAMBI_0403_chrm01_circ_1820962	PS_Ct_r03_2016_02_08_L001	0	0.0000	0.0000	1.0000
HAMBI_0403_chrm01_circ_1820962	PS_Ct_r03_2016_03_07_L001	0	0.0000	0.0000	1.0000
HAMBI_0403_chrm01_circ_1820962	PS_Ct_r03_2016_04_03_L001	0	0.0000	0.0000	1.0000
HAMBI_0403_chrm01_circ_1820962	PS_Ct_r03_2016_05_04_L001	0	0.0000	0.0000	1.0000
HAMBI_0403_chrm01_circ_1820962	PS_Ct_r03_2016_05_30_L001	0	0.0000	0.0000	1.0000
HAMBI_0403_chrm01_circ_1820962	PS_Ct_r03_2016_07_25_L003	0	0.0000	0.0000	1.0000
HAMBI_0403_chrm01_circ_1820962	PS_Ct_r03_2016_08_22_L003	0	0.0000	0.0000	1.0000
HAMBI_0403_chrm01_circ_1820962	PS_Ct_r03_2016_09_19_L003	0	0.0000	0.0000	1.0000
HAMBI_0403_chrm01_circ_1820962	PS_Ct_r03_2016_10_17_L001	0	0.0000	0.0000	1.0000
HAMBI_0403_chrm01_circ_1820962	PS_Ct_r03_2016_11_14_L001	0	0.0000	0.0000	1.0000
HAMBI_0403_chrm01_circ_1820962	PS_Ct_r03_2016_12_12_L001	0	0.0000	0.0000	1.0000
HAMBI_0403_chrm01_circ_1820962	PS_Ct_r03_2017_01_09_L001	0	0.0000	0.0000	1.0000
HAMBI_0403_chrm01_circ_1820962	PS_Ct_r03_2017_02_06_L001	0	0.0000	0.0000	1.0000
HAMBI_0403_chrm01_circ_1820962	PS_Ct_r03_2017_03_06_L001	0	0.0000	0.0000	1.0000
HAMBI_0403_chrm01_circ_1820962	PS_Ct_r03_2017_05_29_L001	0	0.0505	0.0002	1.0000
HAMBI_0403_chrm01_circ_1820962	PS_Ct_r03_2017_06_26_L001	0	0.1302	0.0033	1.0000
HAMBI_0403_chrm01_circ_1820962	PS_Ct_r03_2017_07_24_L001	0	0.1919	0.0025	1.0000
HAMBI_0403_chrm01_circ_1820962	PS_Ct_r03_2017_08_21_L001	0	0.2076	0.0051	1.0000
HAMBI_0403_chrm01_circ_1887917	PS_Ct_r03_2015_08_24_L001	0	0.0000	0.0000	1.0000
HAMBI_0403_chrm01_circ_1887917	PS_Ct_r03_2015_09_21_L001	0	0.0000	0.0000	1.0000
HAMBI_0403_chrm01_circ_1887917	PS_Ct_r03_2015_10_19_L001	0	0.0000	0.0000	1.0000
HAMBI_0403_chrm01_circ_1887917	PS_Ct_r03_2015_11_16_L002	0	0.0000	0.0000	1.0000
HAMBI_0403_chrm01_circ_1887917	PS_Ct_r03_2015_12_14_L002	0	0.0000	0.0000	1.0000
HAMBI_0403_chrm01_circ_1887917	PS_Ct_r03_2016_01_11_L001	0	0.0000	0.0000	1.0000
HAMBI_0403_chrm01_circ_1887917	PS_Ct_r03_2016_02_08_L001	0	0.0000	0.0000	1.0000
HAMBI_0403_chrm01_circ_1887917	PS_Ct_r03_2016_03_07_L001	0	0.0000	0.0000	1.0000
HAMBI_0403_chrm01_circ_1887917	PS_Ct_r03_2016_04_03_L001	0	0.0000	0.0000	1.0000
HAMBI_0403_chrm01_circ_1887917	PS_Ct_r03_2016_05_04_L001	0	0.0000	0.0000	1.0000
HAMBI_0403_chrm01_circ_1887917	PS_Ct_r03_2016_05_30_L001	0	0.0000	0.0000	1.0000
HAMBI_0403_chrm01_circ_1887917	PS_Ct_r03_2016_07_25_L003	0	0.0000	0.0000	1.0000
HAMBI_0403_chrm01_circ_1887917	PS_Ct_r03_2016_08_22_L003	0	0.0000	0.0000	1.0000
HAMBI_0403_chrm01_circ_1887917	PS_Ct_r03_2016_09_19_L003	0	0.0000	0.0000	1.0000
HAMBI_0403_chrm01_circ_1887917	PS_Ct_r03_2016_10_17_L001	0	0.0000	0.0000	1.0000
HAMBI_0403_chrm01_circ_1887917	PS_Ct_r03_2016_11_14_L001	0	0.0000	0.0000	1.0000
HAMBI_0403_chrm01_circ_1887917	PS_Ct_r03_2016_12_12_L001	0	0.0000	0.0000	1.0000
HAMBI_0403_chrm01_circ_1887917	PS_Ct_r03_2017_01_09_L001	0	0.0000	0.0000	1.0000
HAMBI_0403_chrm01_circ_1887917	PS_Ct_r03_2017_02_06_L001	0	0.0000	0.0000	1.0000
HAMBI_0403_chrm01_circ_1887917	PS_Ct_r03_2017_03_06_L001	0	0.0000	0.0000	1.0000
HAMBI_0403_chrm01_circ_1887917	PS_Ct_r03_2017_05_29_L001	0	0.0505	0.0002	1.0000
HAMBI_0403_chrm01_circ_1887917	PS_Ct_r03_2017_06_26_L001	0	0.1302	0.0033	1.0000
HAMBI_0403_chrm01_circ_1887917	PS_Ct_r03_2017_07_24_L001	0	0.1919	0.0025	1.0000
HAMBI_0403_chrm01_circ_1887917	PS_Ct_r03_2017_08_21_L001	0	0.2076	0.0051	1.0000
HAMBI_0403_chrm01_circ_1930553	PS_Ct_r03_2015_08_24_L001	0	0.0000	0.0000	1.0000
HAMBI_0403_chrm01_circ_1930553	PS_Ct_r03_2015_09_21_L001	0	0.0000	0.0000	1.0000
HAMBI_0403_chrm01_circ_1930553	PS_Ct_r03_2015_10_19_L001	0	0.0000	0.0000	1.0000
HAMBI_0403_chrm01_circ_1930553	PS_Ct_r03_2015_11_16_L002	0	0.0000	0.0000	1.0000
HAMBI_0403_chrm01_circ_1930553	PS_Ct_r03_2015_12_14_L002	0	0.0000	0.0000	1.0000
HAMBI_0403_chrm01_circ_1930553	PS_Ct_r03_2016_01_11_L001	0	0.0000	0.0000	1.0000
HAMBI_0403_chrm01_circ_1930553	PS_Ct_r03_2016_02_08_L001	0	0.0000	0.0000	1.0000
HAMBI_0403_chrm01_circ_1930553	PS_Ct_r03_2016_03_07_L001	0	0.0000	0.0000	1.0000
HAMBI_0403_chrm01_circ_1930553	PS_Ct_r03_2016_04_03_L001	0	0.0000	0.0000	1.0000
HAMBI_0403_chrm01_circ_1930553	PS_Ct_r03_2016_05_04_L001	0	0.0000	0.0000	1.0000
HAMBI_0403_chrm01_circ_1930553	PS_Ct_r03_2016_05_30_L001	0	0.0000	0.0000	1.0000
HAMBI_0403_chrm01_circ_1930553	PS_Ct_r03_2016_07_25_L003	0	0.0000	0.0000	1.0000
HAMBI_0403_chrm01_circ_1930553	PS_Ct_r03_2016_08_22_L003	0	0.0000	0.0000	1.0000
HAMBI_0403_chrm01_circ_1930553	PS_Ct_r03_2016_09_19_L003	0	0.0000	0.0000	1.0000
HAMBI_0403_chrm01_circ_1930553	PS_Ct_r03_2016_10_17_L001	0	0.0000	0.0000	1.0000
HAMBI_0403_chrm01_circ_1930553	PS_Ct_r03_2016_11_14_L001	0	0.0000	0.0000	1.0000
HAMBI_0403_chrm01_circ_1930553	PS_Ct_r03_2016_12_12_L001	0	0.0000	0.0000	1.0000
HAMBI_0403_chrm01_circ_1930553	PS_Ct_r03_2017_01_09_L001	0	0.0000	0.0000	1.0000
HAMBI_0403_chrm01_circ_1930553	PS_Ct_r03_2017_02_06_L001	0	0.0000	0.0000	1.0000
HAMBI_0403_chrm01_circ_1930553	PS_Ct_r03_2017_03_06_L001	0	0.0000	0.0000	1.0000
HAMBI_0403_chrm01_circ_1930553	PS_Ct_r03_2017_05_29_L001	0	0.0505	0.0002	1.0000
HAMBI_0403_chrm01_circ_1930553	PS_Ct_r03_2017_06_26_L001	0	0.1302	0.0033	1.0000
HAMBI_0403_chrm01_circ_1930553	PS_Ct_r03_2017_07_24_L001	0	0.1919	0.0025	1.0000
HAMBI_0403_chrm01_circ_1930553	PS_Ct_r03_2017_08_21_L001	0	0.2076	0.0051	1.0000
HAMBI_0403_chrm01_circ_1942108	PS_Ct_r03_2015_08_24_L001	0	0.0000	0.0000	1.0000
HAMBI_0403_chrm01_circ_1942108	PS_Ct_r03_2015_09_21_L001	0	0.0000	0.0000	1.0000
HAMBI_0403_chrm01_circ_1942108	PS_Ct_r03_2015_10_19_L001	0	0.0000	0.0000	1.0000
HAMBI_0403_chrm01_circ_1942108	PS_Ct_r03_2015_11_16_L002	0	0.0000	0.0000	1.0000
HAMBI_0403_chrm01_circ_1942108	PS_Ct_r03_2015_12_14_L002	0	0.0000	0.0000	1.0000
HAMBI_0403_chrm01_circ_1942108	PS_Ct_r03_2016_01_11_L001	0	0.0000	0.0000	1.0000
HAMBI_0403_chrm01_circ_1942108	PS_Ct_r03_2016_02_08_L001	0	0.0000	0.0000	1.0000
HAMBI_0403_chrm01_circ_1942108	PS_Ct_r03_2016_03_07_L001	0	0.0000	0.0000	1.0000
HAMBI_0403_chrm01_circ_1942108	PS_Ct_r03_2016_04_03_L001	0	0.0000	0.0000	1.0000
HAMBI_0403_chrm01_circ_1942108	PS_Ct_r03_2016_05_04_L001	0	0.0000	0.0000	1.0000
HAMBI_0403_chrm01_circ_1942108	PS_Ct_r03_2016_05_30_L001	0	0.0000	0.0000	1.0000
HAMBI_0403_chrm01_circ_1942108	PS_Ct_r03_2016_07_25_L003	0	0.0000	0.0000	1.0000
HAMBI_0403_chrm01_circ_1942108	PS_Ct_r03_2016_08_22_L003	0	0.0000	0.0000	1.0000
HAMBI_0403_chrm01_circ_1942108	PS_Ct_r03_2016_09_19_L003	0	0.0000	0.0000	1.0000
HAMBI_0403_chrm01_circ_1942108	PS_Ct_r03_2016_10_17_L001	0	0.0000	0.0000	1.0000
HAMBI_0403_chrm01_circ_1942108	PS_Ct_r03_2016_11_14_L001	0	0.0000	0.0000	1.0000
HAMBI_0403_chrm01_circ_1942108	PS_Ct_r03_2016_12_12_L001	0	0.0000	0.0000	1.0000
HAMBI_0403_chrm01_circ_1942108	PS_Ct_r03_2017_01_09_L001	0	0.0000	0.0000	1.0000
HAMBI_0403_chrm01_circ_1942108	PS_Ct_r03_2017_02_06_L001	0	0.0000	0.0000	1.0000
HAMBI_0403_chrm01_circ_1942108	PS_Ct_r03_2017_03_06_L001	0	0.0000	0.0000	1.0000
HAMBI_0403_chrm01_circ_1942108	PS_Ct_r03_2017_05_29_L001	0	0.0505	0.0002	1.0000
HAMBI_0403_chrm01_circ_1942108	PS_Ct_r03_2017_06_26_L001	0	0.1302	0.0033	1.0000
HAMBI_0403_chrm01_circ_1942108	PS_Ct_r03_2017_07_24_L001	0	0.1919	0.0025	1.0000
HAMBI_0403_chrm01_circ_1942108	PS_Ct_r03_2017_08_21_L001	0	0.2076	0.0051	1.0000
HAMBI_0403_chrm01_circ_1956423	PS_Ct_r03_2015_08_24_L001	0	0.0000	0.0000	1.0000
HAMBI_0403_chrm01_circ_1956423	PS_Ct_r03_2015_09_21_L001	0	0.0000	0.0000	1.0000
HAMBI_0403_chrm01_circ_1956423	PS_Ct_r03_2015_10_19_L001	0	0.0000	0.0000	1.0000
HAMBI_0403_chrm01_circ_1956423	PS_Ct_r03_2015_11_16_L002	0	0.0000	0.0000	1.0000
HAMBI_0403_chrm01_circ_1956423	PS_Ct_r03_2015_12_14_L002	0	0.0000	0.0000	1.0000
HAMBI_0403_chrm01_circ_1956423	PS_Ct_r03_2016_01_11_L001	0	0.0000	0.0000	1.0000
HAMBI_0403_chrm01_circ_1956423	PS_Ct_r03_2016_02_08_L001	0	0.0000	0.0000	1.0000
HAMBI_0403_chrm01_circ_1956423	PS_Ct_r03_2016_03_07_L001	0	0.0000	0.0000	1.0000
HAMBI_0403_chrm01_circ_1956423	PS_Ct_r03_2016_04_03_L001	0	0.0000	0.0000	1.0000
HAMBI_0403_chrm01_circ_1956423	PS_Ct_r03_2016_05_04_L001	0	0.0000	0.0000	1.0000
HAMBI_0403_chrm01_circ_1956423	PS_Ct_r03_2016_05_30_L001	0	0.0000	0.0000	1.0000
HAMBI_0403_chrm01_circ_1956423	PS_Ct_r03_2016_07_25_L003	0	0.0000	0.0000	1.0000
HAMBI_0403_chrm01_circ_1956423	PS_Ct_r03_2016_08_22_L003	0	0.0000	0.0000	1.0000
HAMBI_0403_chrm01_circ_1956423	PS_Ct_r03_2016_09_19_L003	0	0.0000	0.0000	1.0000
HAMBI_0403_chrm01_circ_1956423	PS_Ct_r03_2016_10_17_L001	0	0.0000	0.0000	1.0000
HAMBI_0403_chrm01_circ_1956423	PS_Ct_r03_2016_11_14_L001	0	0.0000	0.0000	1.0000
HAMBI_0403_chrm01_circ_1956423	PS_Ct_r03_2016_12_12_L001	0	0.0000	0.0000	1.0000
HAMBI_0403_chrm01_circ_1956423	PS_Ct_r03_2017_01_09_L001	0	0.0000	0.0000	1.0000
HAMBI_0403_chrm01_circ_1956423	PS_Ct_r03_2017_02_06_L001	0	0.0000	0.0000	1.0000
HAMBI_0403_chrm01_circ_1956423	PS_Ct_r03_2017_03_06_L001	0	0.0000	0.0000	1.0000
HAMBI_0403_chrm01_circ_1956423	PS_Ct_r03_2017_05_29_L001	0	0.0505	0.0002	1.0000
HAMBI_0403_chrm01_circ_1956423	PS_Ct_r03_2017_06_26_L001	0	0.1302	0.0033	1.0000
HAMBI_0403_chrm01_circ_1956423	PS_Ct_r03_2017_07_24_L001	0	0.1919	0.0025	1.0000
HAMBI_0403_chrm01_circ_1956423	PS_Ct_r03_2017_08_21_L001	0	0.2076	0.0051	1.0000
HAMBI_0403_chrm01_circ_1977057	PS_Ct_r03_2015_08_24_L001	0	0.0000	0.0000	1.0000
HAMBI_0403_chrm01_circ_1977057	PS_Ct_r03_2015_09_21_L001	0	0.0000	0.0000	1.0000
HAMBI_0403_chrm01_circ_1977057	PS_Ct_r03_2015_10_19_L001	0	0.0000	0.0000	1.0000
HAMBI_0403_chrm01_circ_1977057	PS_Ct_r03_2015_11_16_L002	0	0.0000	0.0000	1.0000
HAMBI_0403_chrm01_circ_1977057	PS_Ct_r03_2015_12_14_L002	0	0.0000	0.0000	1.0000
HAMBI_0403_chrm01_circ_1977057	PS_Ct_r03_2016_01_11_L001	0	0.0000	0.0000	1.0000
HAMBI_0403_chrm01_circ_1977057	PS_Ct_r03_2016_02_08_L001	0	0.0000	0.0000	1.0000
HAMBI_0403_chrm01_circ_1977057	PS_Ct_r03_2016_03_07_L001	0	0.0000	0.0000	1.0000
HAMBI_0403_chrm01_circ_1977057	PS_Ct_r03_2016_04_03_L001	0	0.0000	0.0000	1.0000
HAMBI_0403_chrm01_circ_1977057	PS_Ct_r03_2016_05_04_L001	0	0.0000	0.0000	1.0000
HAMBI_0403_chrm01_circ_1977057	PS_Ct_r03_2016_05_30_L001	0	0.0000	0.0000	1.0000
HAMBI_0403_chrm01_circ_1977057	PS_Ct_r03_2016_07_25_L003	0	0.0000	0.0000	1.0000
HAMBI_0403_chrm01_circ_1977057	PS_Ct_r03_2016_08_22_L003	0	0.0000	0.0000	1.0000
HAMBI_0403_chrm01_circ_1977057	PS_Ct_r03_2016_09_19_L003	0	0.0000	0.0000	1.0000
HAMBI_0403_chrm01_circ_1977057	PS_Ct_r03_2016_10_17_L001	0	0.0000	0.0000	1.0000
HAMBI_0403_chrm01_circ_1977057	PS_Ct_r03_2016_11_14_L001	0	0.0000	0.0000	1.0000
HAMBI_0403_chrm01_circ_1977057	PS_Ct_r03_2016_12_12_L001	0	0.0000	0.0000	1.0000
HAMBI_0403_chrm01_circ_1977057	PS_Ct_r03_2017_01_09_L001	0	0.0000	0.0000	1.0000
HAMBI_0403_chrm01_circ_1977057	PS_Ct_r03_2017_02_06_L001	0	0.0000	0.0000	1.0000
HAMBI_0403_chrm01_circ_1977057	PS_Ct_r03_2017_03_06_L001	0	0.0000	0.0000	1.0000
HAMBI_0403_chrm01_circ_1977057	PS_Ct_r03_2017_05_29_L001	0	0.0505	0.0002	1.0000
HAMBI_0403_chrm01_circ_1977057	PS_Ct_r03_2017_06_26_L001	0	0.1302	0.0033	1.0000
HAMBI_0403_chrm01_circ_1977057	PS_Ct_r03_2017_07_24_L001	0	0.1919	0.0025	1.0000
HAMBI_0403_chrm01_circ_1977057	PS_Ct_r03_2017_08_21_L001	0	0.2076	0.0051	1.0000
HAMBI_0403_chrm01_circ_2030365	PS_Ct_r03_2015_08_24_L001	0	0.0000	0.0000	1.0000
HAMBI_0403_chrm01_circ_2030365	PS_Ct_r03_2015_09_21_L001	0	0.0000	0.0000	1.0000
HAMBI_0403_chrm01_circ_2030365	PS_Ct_r03_2015_10_19_L001	0	0.0000	0.0000	1.0000
HAMBI_0403_chrm01_circ_2030365	PS_Ct_r03_2015_11_16_L002	0	0.0000	0.0000	1.0000
HAMBI_0403_chrm01_circ_2030365	PS_Ct_r03_2015_12_14_L002	0	0.0000	0.0000	1.0000
HAMBI_0403_chrm01_circ_2030365	PS_Ct_r03_2016_01_11_L001	0	0.0000	0.0000	1.0000
HAMBI_0403_chrm01_circ_2030365	PS_Ct_r03_2016_02_08_L001	0	0.0000	0.0000	1.0000
HAMBI_0403_chrm01_circ_2030365	PS_Ct_r03_2016_03_07_L001	0	0.0000	0.0000	1.0000
HAMBI_0403_chrm01_circ_2030365	PS_Ct_r03_2016_04_03_L001	0	0.0000	0.0000	1.0000
HAMBI_0403_chrm01_circ_2030365	PS_Ct_r03_2016_05_04_L001	0	0.0000	0.0000	1.0000
HAMBI_0403_chrm01_circ_2030365	PS_Ct_r03_2016_05_30_L001	0	0.0000	0.0000	1.0000
HAMBI_0403_chrm01_circ_2030365	PS_Ct_r03_2016_07_25_L003	0	0.0000	0.0000	1.0000
HAMBI_0403_chrm01_circ_2030365	PS_Ct_r03_2016_08_22_L003	0	0.0000	0.0000	1.0000
HAMBI_0403_chrm01_circ_2030365	PS_Ct_r03_2016_09_19_L003	0	0.0000	0.0000	1.0000
HAMBI_0403_chrm01_circ_2030365	PS_Ct_r03_2016_10_17_L001	0	0.0000	0.0000	1.0000
HAMBI_0403_chrm01_circ_2030365	PS_Ct_r03_2016_11_14_L001	0	0.0000	0.0000	1.0000
HAMBI_0403_chrm01_circ_2030365	PS_Ct_r03_2016_12_12_L001	0	0.0000	0.0000	1.0000
HAMBI_0403_chrm01_circ_2030365	PS_Ct_r03_2017_01_09_L001	0	0.0000	0.0000	1.0000
HAMBI_0403_chrm01_circ_2030365	PS_Ct_r03_2017_02_06_L001	0	0.0000	0.0000	1.0000
HAMBI_0403_chrm01_circ_2030365	PS_Ct_r03_2017_03_06_L001	0	0.0000	0.0000	1.0000
HAMBI_0403_chrm01_circ_2030365	PS_Ct_r03_2017_05_29_L001	0	0.0505	0.0002	1.0000
HAMBI_0403_chrm01_circ_2030365	PS_Ct_r03_2017_06_26_L001	0	0.1302	0.0033	1.0000
HAMBI_0403_chrm01_circ_2030365	PS_Ct_r03_2017_07_24_L001	0	0.1919	0.0025	1.0000
HAMBI_0403_chrm01_circ_2030365	PS_Ct_r03_2017_08_21_L001	0	0.2076	0.0051	1.0000
HAMBI_0403_chrm01_circ_2168329	PS_Ct_r03_2015_08_24_L001	0	0.0000	0.0000	1.0000
HAMBI_0403_chrm01_circ_2168329	PS_Ct_r03_2015_09_21_L001	0	0.0000	0.0000	1.0000
HAMBI_0403_chrm01_circ_2168329	PS_Ct_r03_2015_10_19_L001	0	0.0000	0.0000	1.0000
HAMBI_0403_chrm01_circ_2168329	PS_Ct_r03_2015_11_16_L002	0	0.0000	0.0000	1.0000
HAMBI_0403_chrm01_circ_2168329	PS_Ct_r03_2015_12_14_L002	0	0.0000	0.0000	1.0000
HAMBI_0403_chrm01_circ_2168329	PS_Ct_r03_2016_01_11_L001	0	0.0000	0.0000	1.0000
HAMBI_0403_chrm01_circ_2168329	PS_Ct_r03_2016_02_08_L001	0	0.0000	0.0000	1.0000
HAMBI_0403_chrm01_circ_2168329	PS_Ct_r03_2016_03_07_L001	0	0.0000	0.0000	1.0000
HAMBI_0403_chrm01_circ_2168329	PS_Ct_r03_2016_04_03_L001	0	0.0000	0.0000	1.0000
HAMBI_0403_chrm01_circ_2168329	PS_Ct_r03_2016_05_04_L001	0	0.0000	0.0000	1.0000
HAMBI_0403_chrm01_circ_2168329	PS_Ct_r03_2016_05_30_L001	0	0.0000	0.0000	1.0000
HAMBI_0403_chrm01_circ_2168329	PS_Ct_r03_2016_07_25_L003	0	0.0000	0.0000	1.0000
HAMBI_0403_chrm01_circ_2168329	PS_Ct_r03_2016_08_22_L003	0	0.0000	0.0000	1.0000
HAMBI_0403_chrm01_circ_2168329	PS_Ct_r03_2016_09_19_L003	0	0.0000	0.0000	1.0000
HAMBI_0403_chrm01_circ_2168329	PS_Ct_r03_2016_10_17_L001	0	0.0000	0.0000	1.0000
HAMBI_0403_chrm01_circ_2168329	PS_Ct_r03_2016_11_14_L001	0	0.0000	0.0000	1.0000
HAMBI_0403_chrm01_circ_2168329	PS_Ct_r03_2016_12_12_L001	0	0.0000	0.0000	1.0000
HAMBI_0403_chrm01_circ_2168329	PS_Ct_r03_2017_01_09_L001	0	0.0000	0.0000	1.0000
HAMBI_0403_chrm01_circ_2168329	PS_Ct_r03_2017_02_06_L001	0	0.0000	0.0000	1.0000
HAMBI_0403_chrm01_circ_2168329	PS_Ct_r03_2017_03_06_L001	0	0.0000	0.0000	1.0000
HAMBI_0403_chrm01_circ_2168329	PS_Ct_r03_2017_05_29_L001	0	0.0505	0.0002	1.0000
HAMBI_0403_chrm01_circ_2168329	PS_Ct_r03_2017_06_26_L001	0	0.1302	0.0033	1.0000
HAMBI_0403_chrm01_circ_2168329	PS_Ct_r03_2017_07_24_L001	0	0.1919	0.0025	1.0000
HAMBI_0403_chrm01_circ_2168329	PS_Ct_r03_2017_08_21_L001	0	0.2076	0.0051	1.0000
HAMBI_0403_chrm01_circ_2211058	PS_Ct_r03_2015_08_24_L001	0	0.0000	0.0000	1.0000
HAMBI_0403_chrm01_circ_2211058	PS_Ct_r03_2015_09_21_L001	0	0.0000	0.0000	1.0000
HAMBI_0403_chrm01_circ_2211058	PS_Ct_r03_2015_10_19_L001	0	0.0000	0.0000	1.0000
HAMBI_0403_chrm01_circ_2211058	PS_Ct_r03_2015_11_16_L002	0	0.0000	0.0000	1.0000
HAMBI_0403_chrm01_circ_2211058	PS_Ct_r03_2015_12_14_L002	0	0.0000	0.0000	1.0000
HAMBI_0403_chrm01_circ_2211058	PS_Ct_r03_2016_01_11_L001	0	0.0000	0.0000	1.0000
HAMBI_0403_chrm01_circ_2211058	PS_Ct_r03_2016_02_08_L001	0	0.0000	0.0000	1.0000
HAMBI_0403_chrm01_circ_2211058	PS_Ct_r03_2016_03_07_L001	0	0.0000	0.0000	1.0000
HAMBI_0403_chrm01_circ_2211058	PS_Ct_r03_2016_04_03_L001	0	0.0000	0.0000	1.0000
HAMBI_0403_chrm01_circ_2211058	PS_Ct_r03_2016_05_04_L001	0	0.0000	0.0000	1.0000
HAMBI_0403_chrm01_circ_2211058	PS_Ct_r03_2016_05_30_L001	0	0.0000	0.0000	1.0000
HAMBI_0403_chrm01_circ_2211058	PS_Ct_r03_2016_07_25_L003	0	0.0000	0.0000	1.0000
HAMBI_0403_chrm01_circ_2211058	PS_Ct_r03_2016_08_22_L003	0	0.0000	0.0000	1.0000
HAMBI_0403_chrm01_circ_2211058	PS_Ct_r03_2016_09_19_L003	0	0.0000	0.0000	1.0000
HAMBI_0403_chrm01_circ_2211058	PS_Ct_r03_2016_10_17_L001	0	0.0000	0.0000	1.0000
HAMBI_0403_chrm01_circ_2211058	PS_Ct_r03_2016_11_14_L001	0	0.0000	0.0000	1.0000
HAMBI_0403_chrm01_circ_2211058	PS_Ct_r03_2016_12_12_L001	0	0.0000	0.0000	1.0000
HAMBI_0403_chrm01_circ_2211058	PS_Ct_r03_2017_01_09_L001	0	0.0000	0.0000	1.0000
HAMBI_0403_chrm01_circ_2211058	PS_Ct_r03_2017_02_06_L001	0	0.0000	0.0000	1.0000
HAMBI_0403_chrm01_circ_2211058	PS_Ct_r03_2017_03_06_L001	0	0.0000	0.0000	1.0000
HAMBI_0403_chrm01_circ_2211058	PS_Ct_r03_2017_05_29_L001	0	0.0505	0.0002	1.0000
HAMBI_0403_chrm01_circ_2211058	PS_Ct_r03_2017_06_26_L001	0	0.1302	0.0033	1.0000
HAMBI_0403_chrm01_circ_2211058	PS_Ct_r03_2017_07_24_L001	0	0.1919	0.0025	1.0000
HAMBI_0403_chrm01_circ_2211058	PS_Ct_r03_2017_08_21_L001	0	0.2076	0.0051	1.0000
HAMBI_0403_chrm01_circ_2255124	PS_Ct_r03_2015_08_24_L001	0	0.0000	0.0000	1.0000
HAMBI_0403_chrm01_circ_2255124	PS_Ct_r03_2015_09_21_L001	0	0.0000	0.0000	1.0000
HAMBI_0403_chrm01_circ_2255124	PS_Ct_r03_2015_10_19_L001	0	0.0000	0.0000	1.0000
HAMBI_0403_chrm01_circ_2255124	PS_Ct_r03_2015_11_16_L002	0	0.0000	0.0000	1.0000
HAMBI_0403_chrm01_circ_2255124	PS_Ct_r03_2015_12_14_L002	0	0.0000	0.0000	1.0000
HAMBI_0403_chrm01_circ_2255124	PS_Ct_r03_2016_01_11_L001	0	0.0000	0.0000	1.0000
HAMBI_0403_chrm01_circ_2255124	PS_Ct_r03_2016_02_08_L001	0	0.0000	0.0000	1.0000
HAMBI_0403_chrm01_circ_2255124	PS_Ct_r03_2016_03_07_L001	0	0.0000	0.0000	1.0000
HAMBI_0403_chrm01_circ_2255124	PS_Ct_r03_2016_04_03_L001	0	0.0000	0.0000	1.0000
HAMBI_0403_chrm01_circ_2255124	PS_Ct_r03_2016_05_04_L001	0	0.0000	0.0000	1.0000
HAMBI_0403_chrm01_circ_2255124	PS_Ct_r03_2016_05_30_L001	0	0.0000	0.0000	1.0000
HAMBI_0403_chrm01_circ_2255124	PS_Ct_r03_2016_07_25_L003	0	0.0000	0.0000	1.0000
HAMBI_0403_chrm01_circ_2255124	PS_Ct_r03_2016_08_22_L003	0	0.0000	0.0000	1.0000
HAMBI_0403_chrm01_circ_2255124	PS_Ct_r03_2016_09_19_L003	0	0.0000	0.0000	1.0000
HAMBI_0403_chrm01_circ_2255124	PS_Ct_r03_2016_10_17_L001	0	0.0000	0.0000	1.0000
HAMBI_0403_chrm01_circ_2255124	PS_Ct_r03_2016_11_14_L001	0	0.0000	0.0000	1.0000
HAMBI_0403_chrm01_circ_2255124	PS_Ct_r03_2016_12_12_L001	0	0.0000	0.0000	1.0000
HAMBI_0403_chrm01_circ_2255124	PS_Ct_r03_2017_01_09_L001	0	0.0000	0.0000	1.0000
HAMBI_0403_chrm01_circ_2255124	PS_Ct_r03_2017_02_06_L001	0	0.0000	0.0000	1.0000
HAMBI_0403_chrm01_circ_2255124	PS_Ct_r03_2017_03_06_L001	0	0.0000	0.0000	1.0000
HAMBI_0403_chrm01_circ_2255124	PS_Ct_r03_2017_05_29_L001	0	0.0505	0.0002	1.0000
HAMBI_0403_chrm01_circ_2255124	PS_Ct_r03_2017_06_26_L001	0	0.1302	0.0033	1.0000
HAMBI_0403_chrm01_circ_2255124	PS_Ct_r03_2017_07_24_L001	0	0.1919	0.0025	1.0000
HAMBI_0403_chrm01_circ_2255124	PS_Ct_r03_2017_08_21_L001	0	0.2076	0.0051	1.0000
HAMBI_0403_chrm01_circ_23479	PS_Ct_r03_2015_08_24_L001	0	0.0000	0.0000	1.0000
HAMBI_0403_chrm01_circ_23479	PS_Ct_r03_2015_09_21_L001	0	0.0000	0.0000	1.0000
HAMBI_0403_chrm01_circ_23479	PS_Ct_r03_2015_10_19_L001	0	0.0000	0.0000	1.0000
HAMBI_0403_chrm01_circ_23479	PS_Ct_r03_2015_11_16_L002	0	0.0000	0.0000	1.0000
HAMBI_0403_chrm01_circ_23479	PS_Ct_r03_2015_12_14_L002	0	0.0000	0.0000	1.0000
HAMBI_0403_chrm01_circ_23479	PS_Ct_r03_2016_01_11_L001	0	0.0000	0.0000	1.0000
HAMBI_0403_chrm01_circ_23479	PS_Ct_r03_2016_02_08_L001	0	0.0000	0.0000	1.0000
HAMBI_0403_chrm01_circ_23479	PS_Ct_r03_2016_03_07_L001	0	0.0000	0.0000	1.0000
HAMBI_0403_chrm01_circ_23479	PS_Ct_r03_2016_04_03_L001	0	0.0000	0.0000	1.0000
HAMBI_0403_chrm01_circ_23479	PS_Ct_r03_2016_05_04_L001	0	0.0000	0.0000	1.0000
HAMBI_0403_chrm01_circ_23479	PS_Ct_r03_2016_05_30_L001	0	0.0000	0.0000	1.0000
HAMBI_0403_chrm01_circ_23479	PS_Ct_r03_2016_07_25_L003	0	0.0000	0.0000	1.0000
HAMBI_0403_chrm01_circ_23479	PS_Ct_r03_2016_08_22_L003	0	0.0000	0.0000	1.0000
HAMBI_0403_chrm01_circ_23479	PS_Ct_r03_2016_09_19_L003	0	0.0000	0.0000	1.0000
HAMBI_0403_chrm01_circ_23479	PS_Ct_r03_2016_10_17_L001	0	0.0000	0.0000	1.0000
HAMBI_0403_chrm01_circ_23479	PS_Ct_r03_2016_11_14_L001	0	0.0000	0.0000	1.0000
HAMBI_0403_chrm01_circ_23479	PS_Ct_r03_2016_12_12_L001	0	0.0000	0.0000	1.0000
HAMBI_0403_chrm01_circ_23479	PS_Ct_r03_2017_01_09_L001	0	0.0000	0.0000	1.0000
HAMBI_0403_chrm01_circ_23479	PS_Ct_r03_2017_02_06_L001	0	0.0000	0.0000	1.0000
HAMBI_0403_chrm01_circ_23479	PS_Ct_r03_2017_03_06_L001	0	0.0000	0.0000	1.0000
HAMBI_0403_chrm01_circ_23479	PS_Ct_r03_2017_05_29_L001	0	0.0505	0.0002	1.0000
HAMBI_0403_chrm01_circ_23479	PS_Ct_r03_2017_06_26_L001	0	0.1302	0.0033	1.0000
HAMBI_0403_chrm01_circ_23479	PS_Ct_r03_2017_07_24_L001	0	0.1919	0.0025	1.0000
HAMBI_0403_chrm01_circ_23479	PS_Ct_r03_2017_08_21_L001	0	0.2076	0.0051	1.0000
HAMBI_0403_chrm01_circ_2636197	PS_Ct_r03_2015_08_24_L001	0	0.0000	0.0000	1.0000
HAMBI_0403_chrm01_circ_2636197	PS_Ct_r03_2015_09_21_L001	0	0.0000	0.0000	1.0000
HAMBI_0403_chrm01_circ_2636197	PS_Ct_r03_2015_10_19_L001	0	0.0000	0.0000	1.0000
HAMBI_0403_chrm01_circ_2636197	PS_Ct_r03_2015_11_16_L002	0	0.0000	0.0000	1.0000
HAMBI_0403_chrm01_circ_2636197	PS_Ct_r03_2015_12_14_L002	0	0.0000	0.0000	1.0000
HAMBI_0403_chrm01_circ_2636197	PS_Ct_r03_2016_01_11_L001	0	0.0000	0.0000	1.0000
HAMBI_0403_chrm01_circ_2636197	PS_Ct_r03_2016_02_08_L001	0	0.0000	0.0000	1.0000
HAMBI_0403_chrm01_circ_2636197	PS_Ct_r03_2016_03_07_L001	0	0.0000	0.0000	1.0000
HAMBI_0403_chrm01_circ_2636197	PS_Ct_r03_2016_04_03_L001	0	0.0000	0.0000	1.0000
HAMBI_0403_chrm01_circ_2636197	PS_Ct_r03_2016_05_04_L001	0	0.0000	0.0000	1.0000
HAMBI_0403_chrm01_circ_2636197	PS_Ct_r03_2016_05_30_L001	0	0.0000	0.0000	1.0000
HAMBI_0403_chrm01_circ_2636197	PS_Ct_r03_2016_07_25_L003	0	0.0000	0.0000	1.0000
HAMBI_0403_chrm01_circ_2636197	PS_Ct_r03_2016_08_22_L003	0	0.0000	0.0000	1.0000
HAMBI_0403_chrm01_circ_2636197	PS_Ct_r03_2016_09_19_L003	0	0.0000	0.0000	1.0000
HAMBI_0403_chrm01_circ_2636197	PS_Ct_r03_2016_10_17_L001	0	0.0000	0.0000	1.0000
HAMBI_0403_chrm01_circ_2636197	PS_Ct_r03_2016_11_14_L001	0	0.0000	0.0000	1.0000
HAMBI_0403_chrm01_circ_2636197	PS_Ct_r03_2016_12_12_L001	0	0.0000	0.0000	1.0000
HAMBI_0403_chrm01_circ_2636197	PS_Ct_r03_2017_01_09_L001	0	0.0000	0.0000	1.0000
HAMBI_0403_chrm01_circ_2636197	PS_Ct_r03_2017_02_06_L001	0	0.0000	0.0000	1.0000
HAMBI_0403_chrm01_circ_2636197	PS_Ct_r03_2017_03_06_L001	0	0.0000	0.0000	1.0000
HAMBI_0403_chrm01_circ_2636197	PS_Ct_r03_2017_05_29_L001	0	0.0505	0.0002	1.0000
HAMBI_0403_chrm01_circ_2636197	PS_Ct_r03_2017_06_26_L001	0	0.1302	0.0033	1.0000
HAMBI_0403_chrm01_circ_2636197	PS_Ct_r03_2017_07_24_L001	0	0.1919	0.0025	1.0000
HAMBI_0403_chrm01_circ_2636197	PS_Ct_r03_2017_08_21_L001	0	0.2076	0.0051	1.0000
HAMBI_0403_chrm01_circ_2648858	PS_Ct_r03_2015_08_24_L001	0	0.0000	0.0000	1.0000
HAMBI_0403_chrm01_circ_2648858	PS_Ct_r03_2015_09_21_L001	0	0.0000	0.0000	1.0000
HAMBI_0403_chrm01_circ_2648858	PS_Ct_r03_2015_10_19_L001	0	0.0000	0.0000	1.0000
HAMBI_0403_chrm01_circ_2648858	PS_Ct_r03_2015_11_16_L002	0	0.0000	0.0000	1.0000
HAMBI_0403_chrm01_circ_2648858	PS_Ct_r03_2015_12_14_L002	0	0.0000	0.0000	1.0000
HAMBI_0403_chrm01_circ_2648858	PS_Ct_r03_2016_01_11_L001	0	0.0000	0.0000	1.0000
HAMBI_0403_chrm01_circ_2648858	PS_Ct_r03_2016_02_08_L001	0	0.0000	0.0000	1.0000
HAMBI_0403_chrm01_circ_2648858	PS_Ct_r03_2016_03_07_L001	0	0.0000	0.0000	1.0000
HAMBI_0403_chrm01_circ_2648858	PS_Ct_r03_2016_04_03_L001	0	0.0000	0.0000	1.0000
HAMBI_0403_chrm01_circ_2648858	PS_Ct_r03_2016_05_04_L001	0	0.0000	0.0000	1.0000
HAMBI_0403_chrm01_circ_2648858	PS_Ct_r03_2016_05_30_L001	0	0.0000	0.0000	1.0000
HAMBI_0403_chrm01_circ_2648858	PS_Ct_r03_2016_07_25_L003	0	0.0000	0.0000	1.0000
HAMBI_0403_chrm01_circ_2648858	PS_Ct_r03_2016_08_22_L003	0	0.0000	0.0000	1.0000
HAMBI_0403_chrm01_circ_2648858	PS_Ct_r03_2016_09_19_L003	0	0.0000	0.0000	1.0000
HAMBI_0403_chrm01_circ_2648858	PS_Ct_r03_2016_10_17_L001	0	0.0000	0.0000	1.0000
HAMBI_0403_chrm01_circ_2648858	PS_Ct_r03_2016_11_14_L001	0	0.0000	0.0000	1.0000
HAMBI_0403_chrm01_circ_2648858	PS_Ct_r03_2016_12_12_L001	0	0.0000	0.0000	1.0000
HAMBI_0403_chrm01_circ_2648858	PS_Ct_r03_2017_01_09_L001	0	0.0000	0.0000	1.0000
HAMBI_0403_chrm01_circ_2648858	PS_Ct_r03_2017_02_06_L001	0	0.0000	0.0000	1.0000
HAMBI_0403_chrm01_circ_2648858	PS_Ct_r03_2017_03_06_L001	0	0.0000	0.0000	1.0000
HAMBI_0403_chrm01_circ_2648858	PS_Ct_r03_2017_05_29_L001	0	0.0505	0.0002	1.0000
HAMBI_0403_chrm01_circ_2648858	PS_Ct_r03_2017_06_26_L001	0	0.1302	0.0033	1.0000
HAMBI_0403_chrm01_circ_2648858	PS_Ct_r03_2017_07_24_L001	0	0.1919	0.0025	1.0000
HAMBI_0403_chrm01_circ_2648858	PS_Ct_r03_2017_08_21_L001	0	0.2076	0.0051	1.0000
HAMBI_0403_chrm01_circ_267791	PS_Ct_r03_2015_08_24_L001	0	0.0000	0.0000	1.0000
HAMBI_0403_chrm01_circ_267791	PS_Ct_r03_2015_09_21_L001	0	0.0000	0.0000	1.0000
HAMBI_0403_chrm01_circ_267791	PS_Ct_r03_2015_10_19_L001	0	0.0000	0.0000	1.0000
HAMBI_0403_chrm01_circ_267791	PS_Ct_r03_2015_11_16_L002	0	0.0000	0.0000	1.0000
HAMBI_0403_chrm01_circ_267791	PS_Ct_r03_2015_12_14_L002	0	0.0000	0.0000	1.0000
HAMBI_0403_chrm01_circ_267791	PS_Ct_r03_2016_01_11_L001	0	0.0000	0.0000	1.0000
HAMBI_0403_chrm01_circ_267791	PS_Ct_r03_2016_02_08_L001	0	0.0000	0.0000	1.0000
HAMBI_0403_chrm01_circ_267791	PS_Ct_r03_2016_03_07_L001	0	0.0000	0.0000	1.0000
HAMBI_0403_chrm01_circ_267791	PS_Ct_r03_2016_04_03_L001	0	0.0000	0.0000	1.0000
HAMBI_0403_chrm01_circ_267791	PS_Ct_r03_2016_05_04_L001	0	0.0000	0.0000	1.0000
HAMBI_0403_chrm01_circ_267791	PS_Ct_r03_2016_05_30_L001	0	0.0000	0.0000	1.0000
HAMBI_0403_chrm01_circ_267791	PS_Ct_r03_2016_07_25_L003	0	0.0000	0.0000	1.0000
HAMBI_0403_chrm01_circ_267791	PS_Ct_r03_2016_08_22_L003	0	0.0000	0.0000	1.0000
HAMBI_0403_chrm01_circ_267791	PS_Ct_r03_2016_09_19_L003	0	0.0000	0.0000	1.0000
HAMBI_0403_chrm01_circ_267791	PS_Ct_r03_2016_10_17_L001	0	0.0000	0.0000	1.0000
HAMBI_0403_chrm01_circ_267791	PS_Ct_r03_2016_11_14_L001	0	0.0000	0.0000	1.0000
HAMBI_0403_chrm01_circ_267791	PS_Ct_r03_2016_12_12_L001	0	0.0000	0.0000	1.0000
HAMBI_0403_chrm01_circ_267791	PS_Ct_r03_2017_01_09_L001	0	0.0000	0.0000	1.0000
HAMBI_0403_chrm01_circ_267791	PS_Ct_r03_2017_02_06_L001	0	0.0000	0.0000	1.0000
HAMBI_0403_chrm01_circ_267791	PS_Ct_r03_2017_03_06_L001	0	0.0000	0.0000	1.0000
HAMBI_0403_chrm01_circ_267791	PS_Ct_r03_2017_05_29_L001	0	0.0505	0.0002	1.0000
HAMBI_0403_chrm01_circ_267791	PS_Ct_r03_2017_06_26_L001	0	0.1302	0.0033	1.0000
HAMBI_0403_chrm01_circ_267791	PS_Ct_r03_2017_07_24_L001	0	0.1919	0.0025	1.0000
HAMBI_0403_chrm01_circ_267791	PS_Ct_r03_2017_08_21_L001	0	0.2076	0.0051	1.0000
HAMBI_0403_chrm01_circ_2734043	PS_Ct_r03_2015_08_24_L001	0	0.0000	0.0000	1.0000
HAMBI_0403_chrm01_circ_2734043	PS_Ct_r03_2015_09_21_L001	0	0.0000	0.0000	1.0000
HAMBI_0403_chrm01_circ_2734043	PS_Ct_r03_2015_10_19_L001	0	0.0000	0.0000	1.0000
HAMBI_0403_chrm01_circ_2734043	PS_Ct_r03_2015_11_16_L002	0	0.0000	0.0000	1.0000
HAMBI_0403_chrm01_circ_2734043	PS_Ct_r03_2015_12_14_L002	0	0.0000	0.0000	1.0000
HAMBI_0403_chrm01_circ_2734043	PS_Ct_r03_2016_01_11_L001	0	0.0000	0.0000	1.0000
HAMBI_0403_chrm01_circ_2734043	PS_Ct_r03_2016_02_08_L001	0	0.0000	0.0000	1.0000
HAMBI_0403_chrm01_circ_2734043	PS_Ct_r03_2016_03_07_L001	0	0.0000	0.0000	1.0000
HAMBI_0403_chrm01_circ_2734043	PS_Ct_r03_2016_04_03_L001	0	0.0000	0.0000	1.0000
HAMBI_0403_chrm01_circ_2734043	PS_Ct_r03_2016_05_04_L001	0	0.0000	0.0000	1.0000
HAMBI_0403_chrm01_circ_2734043	PS_Ct_r03_2016_05_30_L001	0	0.0000	0.0000	1.0000
HAMBI_0403_chrm01_circ_2734043	PS_Ct_r03_2016_07_25_L003	0	0.0000	0.0000	1.0000
HAMBI_0403_chrm01_circ_2734043	PS_Ct_r03_2016_08_22_L003	0	0.0000	0.0000	1.0000
HAMBI_0403_chrm01_circ_2734043	PS_Ct_r03_2016_09_19_L003	0	0.0000	0.0000	1.0000
HAMBI_0403_chrm01_circ_2734043	PS_Ct_r03_2016_10_17_L001	0	0.0000	0.0000	1.0000
HAMBI_0403_chrm01_circ_2734043	PS_Ct_r03_2016_11_14_L001	0	0.0000	0.0000	1.0000
HAMBI_0403_chrm01_circ_2734043	PS_Ct_r03_2016_12_12_L001	0	0.0000	0.0000	1.0000
HAMBI_0403_chrm01_circ_2734043	PS_Ct_r03_2017_01_09_L001	0	0.0000	0.0000	1.0000
HAMBI_0403_chrm01_circ_2734043	PS_Ct_r03_2017_02_06_L001	0	0.0000	0.0000	1.0000
HAMBI_0403_chrm01_circ_2734043	PS_Ct_r03_2017_03_06_L001	0	0.0000	0.0000	1.0000
HAMBI_0403_chrm01_circ_2734043	PS_Ct_r03_2017_05_29_L001	0	0.0505	0.0002	1.0000
HAMBI_0403_chrm01_circ_2734043	PS_Ct_r03_2017_06_26_L001	0	0.1302	0.0033	1.0000
HAMBI_0403_chrm01_circ_2734043	PS_Ct_r03_2017_07_24_L001	0	0.1919	0.0025	1.0000
HAMBI_0403_chrm01_circ_2734043	PS_Ct_r03_2017_08_21_L001	0	0.2076	0.0051	1.0000
HAMBI_0403_chrm01_circ_2751601	PS_Ct_r03_2015_08_24_L001	0	0.0000	0.0000	1.0000
HAMBI_0403_chrm01_circ_2751601	PS_Ct_r03_2015_09_21_L001	0	0.0000	0.0000	1.0000
HAMBI_0403_chrm01_circ_2751601	PS_Ct_r03_2015_10_19_L001	0	0.0000	0.0000	1.0000
HAMBI_0403_chrm01_circ_2751601	PS_Ct_r03_2015_11_16_L002	0	0.0000	0.0000	1.0000
HAMBI_0403_chrm01_circ_2751601	PS_Ct_r03_2015_12_14_L002	0	0.0000	0.0000	1.0000
HAMBI_0403_chrm01_circ_2751601	PS_Ct_r03_2016_01_11_L001	0	0.0000	0.0000	1.0000
HAMBI_0403_chrm01_circ_2751601	PS_Ct_r03_2016_02_08_L001	0	0.0000	0.0000	1.0000
HAMBI_0403_chrm01_circ_2751601	PS_Ct_r03_2016_03_07_L001	0	0.0000	0.0000	1.0000
HAMBI_0403_chrm01_circ_2751601	PS_Ct_r03_2016_04_03_L001	0	0.0000	0.0000	1.0000
HAMBI_0403_chrm01_circ_2751601	PS_Ct_r03_2016_05_04_L001	0	0.0000	0.0000	1.0000
HAMBI_0403_chrm01_circ_2751601	PS_Ct_r03_2016_05_30_L001	0	0.0000	0.0000	1.0000
HAMBI_0403_chrm01_circ_2751601	PS_Ct_r03_2016_07_25_L003	0	0.0000	0.0000	1.0000
HAMBI_0403_chrm01_circ_2751601	PS_Ct_r03_2016_08_22_L003	0	0.0000	0.0000	1.0000
HAMBI_0403_chrm01_circ_2751601	PS_Ct_r03_2016_09_19_L003	0	0.0000	0.0000	1.0000
HAMBI_0403_chrm01_circ_2751601	PS_Ct_r03_2016_10_17_L001	0	0.0000	0.0000	1.0000
HAMBI_0403_chrm01_circ_2751601	PS_Ct_r03_2016_11_14_L001	0	0.0000	0.0000	1.0000
HAMBI_0403_chrm01_circ_2751601	PS_Ct_r03_2016_12_12_L001	0	0.0000	0.0000	1.0000
HAMBI_0403_chrm01_circ_2751601	PS_Ct_r03_2017_01_09_L001	0	0.0000	0.0000	1.0000
HAMBI_0403_chrm01_circ_2751601	PS_Ct_r03_2017_02_06_L001	0	0.0000	0.0000	1.0000
HAMBI_0403_chrm01_circ_2751601	PS_Ct_r03_2017_03_06_L001	0	0.0000	0.0000	1.0000
HAMBI_0403_chrm01_circ_2751601	PS_Ct_r03_2017_05_29_L001	0	0.0505	0.0002	1.0000
HAMBI_0403_chrm01_circ_2751601	PS_Ct_r03_2017_06_26_L001	0	0.1302	0.0033	1.0000
HAMBI_0403_chrm01_circ_2751601	PS_Ct_r03_2017_07_24_L001	0	0.1919	0.0025	1.0000
HAMBI_0403_chrm01_circ_2751601	PS_Ct_r03_2017_08_21_L001	0	0.2076	0.0051	1.0000
HAMBI_0403_chrm01_circ_2793634	PS_Ct_r03_2015_08_24_L001	0	0.0000	0.0000	1.0000
HAMBI_0403_chrm01_circ_2793634	PS_Ct_r03_2015_09_21_L001	0	0.0000	0.0000	1.0000
HAMBI_0403_chrm01_circ_2793634	PS_Ct_r03_2015_10_19_L001	0	0.0000	0.0000	1.0000
HAMBI_0403_chrm01_circ_2793634	PS_Ct_r03_2015_11_16_L002	0	0.0000	0.0000	1.0000
HAMBI_0403_chrm01_circ_2793634	PS_Ct_r03_2015_12_14_L002	0	0.0000	0.0000	1.0000
HAMBI_0403_chrm01_circ_2793634	PS_Ct_r03_2016_01_11_L001	0	0.0000	0.0000	1.0000
HAMBI_0403_chrm01_circ_2793634	PS_Ct_r03_2016_02_08_L001	0	0.0000	0.0000	1.0000
HAMBI_0403_chrm01_circ_2793634	PS_Ct_r03_2016_03_07_L001	0	0.0000	0.0000	1.0000
HAMBI_0403_chrm01_circ_2793634	PS_Ct_r03_2016_04_03_L001	0	0.0000	0.0000	1.0000
HAMBI_0403_chrm01_circ_2793634	PS_Ct_r03_2016_05_04_L001	0	0.0000	0.0000	1.0000
HAMBI_0403_chrm01_circ_2793634	PS_Ct_r03_2016_05_30_L001	0	0.0000	0.0000	1.0000
HAMBI_0403_chrm01_circ_2793634	PS_Ct_r03_2016_07_25_L003	0	0.0000	0.0000	1.0000
HAMBI_0403_chrm01_circ_2793634	PS_Ct_r03_2016_08_22_L003	0	0.0000	0.0000	1.0000
HAMBI_0403_chrm01_circ_2793634	PS_Ct_r03_2016_09_19_L003	0	0.0000	0.0000	1.0000
HAMBI_0403_chrm01_circ_2793634	PS_Ct_r03_2016_10_17_L001	0	0.0000	0.0000	1.0000
HAMBI_0403_chrm01_circ_2793634	PS_Ct_r03_2016_11_14_L001	0	0.0000	0.0000	1.0000
HAMBI_0403_chrm01_circ_2793634	PS_Ct_r03_2016_12_12_L001	0	0.0000	0.0000	1.0000
HAMBI_0403_chrm01_circ_2793634	PS_Ct_r03_2017_01_09_L001	0	0.0000	0.0000	1.0000
HAMBI_0403_chrm01_circ_2793634	PS_Ct_r03_2017_02_06_L001	0	0.0000	0.0000	1.0000
HAMBI_0403_chrm01_circ_2793634	PS_Ct_r03_2017_03_06_L001	0	0.0000	0.0000	1.0000
HAMBI_0403_chrm01_circ_2793634	PS_Ct_r03_2017_05_29_L001	0	0.0505	0.0002	1.0000
HAMBI_0403_chrm01_circ_2793634	PS_Ct_r03_2017_06_26_L001	0	0.1302	0.0033	1.0000
HAMBI_0403_chrm01_circ_2793634	PS_Ct_r03_2017_07_24_L001	0	0.1919	0.0025	1.0000
HAMBI_0403_chrm01_circ_2793634	PS_Ct_r03_2017_08_21_L001	0	0.2076	0.0051	1.0000
HAMBI_0403_chrm01_circ_281980	PS_Ct_r03_2015_08_24_L001	0	0.0000	0.0000	1.0000
HAMBI_0403_chrm01_circ_281980	PS_Ct_r03_2015_09_21_L001	0	0.0000	0.0000	1.0000
HAMBI_0403_chrm01_circ_281980	PS_Ct_r03_2015_10_19_L001	0	0.0000	0.0000	1.0000
HAMBI_0403_chrm01_circ_281980	PS_Ct_r03_2015_11_16_L002	0	0.0000	0.0000	1.0000
HAMBI_0403_chrm01_circ_281980	PS_Ct_r03_2015_12_14_L002	0	0.0000	0.0000	1.0000
HAMBI_0403_chrm01_circ_281980	PS_Ct_r03_2016_01_11_L001	0	0.0000	0.0000	1.0000
HAMBI_0403_chrm01_circ_281980	PS_Ct_r03_2016_02_08_L001	0	0.0000	0.0000	1.0000
HAMBI_0403_chrm01_circ_281980	PS_Ct_r03_2016_03_07_L001	0	0.0000	0.0000	1.0000
HAMBI_0403_chrm01_circ_281980	PS_Ct_r03_2016_04_03_L001	0	0.0000	0.0000	1.0000
HAMBI_0403_chrm01_circ_281980	PS_Ct_r03_2016_05_04_L001	0	0.0000	0.0000	1.0000
HAMBI_0403_chrm01_circ_281980	PS_Ct_r03_2016_05_30_L001	0	0.0000	0.0000	1.0000
HAMBI_0403_chrm01_circ_281980	PS_Ct_r03_2016_07_25_L003	0	0.0000	0.0000	1.0000
HAMBI_0403_chrm01_circ_281980	PS_Ct_r03_2016_08_22_L003	0	0.0000	0.0000	1.0000
HAMBI_0403_chrm01_circ_281980	PS_Ct_r03_2016_09_19_L003	0	0.0000	0.0000	1.0000
HAMBI_0403_chrm01_circ_281980	PS_Ct_r03_2016_10_17_L001	0	0.0000	0.0000	1.0000
HAMBI_0403_chrm01_circ_281980	PS_Ct_r03_2016_11_14_L001	0	0.0000	0.0000	1.0000
HAMBI_0403_chrm01_circ_281980	PS_Ct_r03_2016_12_12_L001	0	0.0000	0.0000	1.0000
HAMBI_0403_chrm01_circ_281980	PS_Ct_r03_2017_01_09_L001	0	0.0000	0.0000	1.0000
HAMBI_0403_chrm01_circ_281980	PS_Ct_r03_2017_02_06_L001	0	0.0000	0.0000	1.0000
HAMBI_0403_chrm01_circ_281980	PS_Ct_r03_2017_03_06_L001	0	0.0000	0.0000	1.0000
HAMBI_0403_chrm01_circ_281980	PS_Ct_r03_2017_05_29_L001	0	0.0505	0.0002	1.0000
HAMBI_0403_chrm01_circ_281980	PS_Ct_r03_2017_06_26_L001	0	0.1302	0.0033	1.0000
HAMBI_0403_chrm01_circ_281980	PS_Ct_r03_2017_07_24_L001	0	0.1919	0.0025	1.0000
HAMBI_0403_chrm01_circ_281980	PS_Ct_r03_2017_08_21_L001	0	0.2076	0.0051	1.0000
HAMBI_0403_chrm01_circ_2926993	PS_Ct_r03_2015_08_24_L001	0	0.0000	0.0000	1.0000
HAMBI_0403_chrm01_circ_2926993	PS_Ct_r03_2015_09_21_L001	0	0.0000	0.0000	1.0000
HAMBI_0403_chrm01_circ_2926993	PS_Ct_r03_2015_10_19_L001	0	0.0000	0.0000	1.0000
HAMBI_0403_chrm01_circ_2926993	PS_Ct_r03_2015_11_16_L002	0	0.0000	0.0000	1.0000
HAMBI_0403_chrm01_circ_2926993	PS_Ct_r03_2015_12_14_L002	0	0.0000	0.0000	1.0000
HAMBI_0403_chrm01_circ_2926993	PS_Ct_r03_2016_01_11_L001	0	0.0000	0.0000	1.0000
HAMBI_0403_chrm01_circ_2926993	PS_Ct_r03_2016_02_08_L001	0	0.0000	0.0000	1.0000
HAMBI_0403_chrm01_circ_2926993	PS_Ct_r03_2016_03_07_L001	0	0.0000	0.0000	1.0000
HAMBI_0403_chrm01_circ_2926993	PS_Ct_r03_2016_04_03_L001	0	0.0000	0.0000	1.0000
HAMBI_0403_chrm01_circ_2926993	PS_Ct_r03_2016_05_04_L001	0	0.0000	0.0000	1.0000
HAMBI_0403_chrm01_circ_2926993	PS_Ct_r03_2016_05_30_L001	0	0.0000	0.0000	1.0000
HAMBI_0403_chrm01_circ_2926993	PS_Ct_r03_2016_07_25_L003	0	0.0000	0.0000	1.0000
HAMBI_0403_chrm01_circ_2926993	PS_Ct_r03_2016_08_22_L003	0	0.0000	0.0000	1.0000
HAMBI_0403_chrm01_circ_2926993	PS_Ct_r03_2016_09_19_L003	0	0.0000	0.0000	1.0000
HAMBI_0403_chrm01_circ_2926993	PS_Ct_r03_2016_10_17_L001	0	0.0000	0.0000	1.0000
HAMBI_0403_chrm01_circ_2926993	PS_Ct_r03_2016_11_14_L001	0	0.0000	0.0000	1.0000
HAMBI_0403_chrm01_circ_2926993	PS_Ct_r03_2016_12_12_L001	0	0.0000	0.0000	1.0000
HAMBI_0403_chrm01_circ_2926993	PS_Ct_r03_2017_01_09_L001	0	0.0000	0.0000	1.0000
HAMBI_0403_chrm01_circ_2926993	PS_Ct_r03_2017_02_06_L001	0	0.0000	0.0000	1.0000
HAMBI_0403_chrm01_circ_2926993	PS_Ct_r03_2017_03_06_L001	0	0.0000	0.0000	1.0000
HAMBI_0403_chrm01_circ_2926993	PS_Ct_r03_2017_05_29_L001	0	0.0505	0.0002	1.0000
HAMBI_0403_chrm01_circ_2926993	PS_Ct_r03_2017_06_26_L001	0	0.1302	0.0033	1.0000
HAMBI_0403_chrm01_circ_2926993	PS_Ct_r03_2017_07_24_L001	0	0.1919	0.0025	1.0000
HAMBI_0403_chrm01_circ_2926993	PS_Ct_r03_2017_08_21_L001	0	0.2076	0.0051	1.0000
HAMBI_0403_chrm01_circ_2930190	PS_Ct_r03_2015_08_24_L001	0	0.0000	0.0000	1.0000
HAMBI_0403_chrm01_circ_2930190	PS_Ct_r03_2015_09_21_L001	0	0.0000	0.0000	1.0000
HAMBI_0403_chrm01_circ_2930190	PS_Ct_r03_2015_10_19_L001	0	0.0000	0.0000	1.0000
HAMBI_0403_chrm01_circ_2930190	PS_Ct_r03_2015_11_16_L002	0	0.0000	0.0000	1.0000
HAMBI_0403_chrm01_circ_2930190	PS_Ct_r03_2015_12_14_L002	0	0.0000	0.0000	1.0000
HAMBI_0403_chrm01_circ_2930190	PS_Ct_r03_2016_01_11_L001	0	0.0000	0.0000	1.0000
HAMBI_0403_chrm01_circ_2930190	PS_Ct_r03_2016_02_08_L001	0	0.0000	0.0000	1.0000
HAMBI_0403_chrm01_circ_2930190	PS_Ct_r03_2016_03_07_L001	0	0.0000	0.0000	1.0000
HAMBI_0403_chrm01_circ_2930190	PS_Ct_r03_2016_04_03_L001	0	0.0000	0.0000	1.0000
HAMBI_0403_chrm01_circ_2930190	PS_Ct_r03_2016_05_04_L001	0	0.0000	0.0000	1.0000
HAMBI_0403_chrm01_circ_2930190	PS_Ct_r03_2016_05_30_L001	0	0.0000	0.0000	1.0000
HAMBI_0403_chrm01_circ_2930190	PS_Ct_r03_2016_07_25_L003	0	0.0000	0.0000	1.0000
HAMBI_0403_chrm01_circ_2930190	PS_Ct_r03_2016_08_22_L003	0	0.0000	0.0000	1.0000
HAMBI_0403_chrm01_circ_2930190	PS_Ct_r03_2016_09_19_L003	0	0.0000	0.0000	1.0000
HAMBI_0403_chrm01_circ_2930190	PS_Ct_r03_2016_10_17_L001	0	0.0000	0.0000	1.0000
HAMBI_0403_chrm01_circ_2930190	PS_Ct_r03_2016_11_14_L001	0	0.0000	0.0000	1.0000
HAMBI_0403_chrm01_circ_2930190	PS_Ct_r03_2016_12_12_L001	0	0.0000	0.0000	1.0000
HAMBI_0403_chrm01_circ_2930190	PS_Ct_r03_2017_01_09_L001	0	0.0000	0.0000	1.0000
HAMBI_0403_chrm01_circ_2930190	PS_Ct_r03_2017_02_06_L001	0	0.0000	0.0000	1.0000
HAMBI_0403_chrm01_circ_2930190	PS_Ct_r03_2017_03_06_L001	0	0.0000	0.0000	1.0000
HAMBI_0403_chrm01_circ_2930190	PS_Ct_r03_2017_05_29_L001	0	0.0505	0.0002	1.0000
HAMBI_0403_chrm01_circ_2930190	PS_Ct_r03_2017_06_26_L001	0	0.1302	0.0033	1.0000
HAMBI_0403_chrm01_circ_2930190	PS_Ct_r03_2017_07_24_L001	0	0.1919	0.0025	1.0000
HAMBI_0403_chrm01_circ_2930190	PS_Ct_r03_2017_08_21_L001	0	0.2076	0.0051	1.0000
HAMBI_0403_chrm01_circ_2953973	PS_Ct_r03_2015_08_24_L001	0	0.0000	0.0000	1.0000
HAMBI_0403_chrm01_circ_2953973	PS_Ct_r03_2015_09_21_L001	0	0.0000	0.0000	1.0000
HAMBI_0403_chrm01_circ_2953973	PS_Ct_r03_2015_10_19_L001	0	0.0000	0.0000	1.0000
HAMBI_0403_chrm01_circ_2953973	PS_Ct_r03_2015_11_16_L002	0	0.0000	0.0000	1.0000
HAMBI_0403_chrm01_circ_2953973	PS_Ct_r03_2015_12_14_L002	0	0.0000	0.0000	1.0000
HAMBI_0403_chrm01_circ_2953973	PS_Ct_r03_2016_01_11_L001	0	0.0000	0.0000	1.0000
HAMBI_0403_chrm01_circ_2953973	PS_Ct_r03_2016_02_08_L001	0	0.0000	0.0000	1.0000
HAMBI_0403_chrm01_circ_2953973	PS_Ct_r03_2016_03_07_L001	0	0.0000	0.0000	1.0000
HAMBI_0403_chrm01_circ_2953973	PS_Ct_r03_2016_04_03_L001	0	0.0000	0.0000	1.0000
HAMBI_0403_chrm01_circ_2953973	PS_Ct_r03_2016_05_04_L001	0	0.0000	0.0000	1.0000
HAMBI_0403_chrm01_circ_2953973	PS_Ct_r03_2016_05_30_L001	0	0.0000	0.0000	1.0000
HAMBI_0403_chrm01_circ_2953973	PS_Ct_r03_2016_07_25_L003	0	0.0000	0.0000	1.0000
HAMBI_0403_chrm01_circ_2953973	PS_Ct_r03_2016_08_22_L003	0	0.0000	0.0000	1.0000
HAMBI_0403_chrm01_circ_2953973	PS_Ct_r03_2016_09_19_L003	0	0.0000	0.0000	1.0000
HAMBI_0403_chrm01_circ_2953973	PS_Ct_r03_2016_10_17_L001	0	0.0000	0.0000	1.0000
HAMBI_0403_chrm01_circ_2953973	PS_Ct_r03_2016_11_14_L001	0	0.0000	0.0000	1.0000
HAMBI_0403_chrm01_circ_2953973	PS_Ct_r03_2016_12_12_L001	0	0.0000	0.0000	1.0000
HAMBI_0403_chrm01_circ_2953973	PS_Ct_r03_2017_01_09_L001	0	0.0000	0.0000	1.0000
HAMBI_0403_chrm01_circ_2953973	PS_Ct_r03_2017_02_06_L001	0	0.0000	0.0000	1.0000
HAMBI_0403_chrm01_circ_2953973	PS_Ct_r03_2017_03_06_L001	0	0.0000	0.0000	1.0000
HAMBI_0403_chrm01_circ_2953973	PS_Ct_r03_2017_05_29_L001	0	0.0505	0.0002	1.0000
HAMBI_0403_chrm01_circ_2953973	PS_Ct_r03_2017_06_26_L001	0	0.1302	0.0033	1.0000
HAMBI_0403_chrm01_circ_2953973	PS_Ct_r03_2017_07_24_L001	0	0.1919	0.0025	1.0000
HAMBI_0403_chrm01_circ_2953973	PS_Ct_r03_2017_08_21_L001	0	0.2076	0.0051	1.0000
HAMBI_0403_chrm01_circ_2992565	PS_Ct_r03_2015_08_24_L001	0	0.0000	0.0000	1.0000
HAMBI_0403_chrm01_circ_2992565	PS_Ct_r03_2015_09_21_L001	0	0.0000	0.0000	1.0000
HAMBI_0403_chrm01_circ_2992565	PS_Ct_r03_2015_10_19_L001	0	0.0000	0.0000	1.0000
HAMBI_0403_chrm01_circ_2992565	PS_Ct_r03_2015_11_16_L002	0	0.0000	0.0000	1.0000
HAMBI_0403_chrm01_circ_2992565	PS_Ct_r03_2015_12_14_L002	0	0.0000	0.0000	1.0000
HAMBI_0403_chrm01_circ_2992565	PS_Ct_r03_2016_01_11_L001	0	0.0000	0.0000	1.0000
HAMBI_0403_chrm01_circ_2992565	PS_Ct_r03_2016_02_08_L001	0	0.0000	0.0000	1.0000
HAMBI_0403_chrm01_circ_2992565	PS_Ct_r03_2016_03_07_L001	0	0.0000	0.0000	1.0000
HAMBI_0403_chrm01_circ_2992565	PS_Ct_r03_2016_04_03_L001	0	0.0000	0.0000	1.0000
HAMBI_0403_chrm01_circ_2992565	PS_Ct_r03_2016_05_04_L001	0	0.0000	0.0000	1.0000
HAMBI_0403_chrm01_circ_2992565	PS_Ct_r03_2016_05_30_L001	0	0.0000	0.0000	1.0000
HAMBI_0403_chrm01_circ_2992565	PS_Ct_r03_2016_07_25_L003	0	0.0000	0.0000	1.0000
HAMBI_0403_chrm01_circ_2992565	PS_Ct_r03_2016_08_22_L003	0	0.0000	0.0000	1.0000
HAMBI_0403_chrm01_circ_2992565	PS_Ct_r03_2016_09_19_L003	0	0.0000	0.0000	1.0000
HAMBI_0403_chrm01_circ_2992565	PS_Ct_r03_2016_10_17_L001	0	0.0000	0.0000	1.0000
HAMBI_0403_chrm01_circ_2992565	PS_Ct_r03_2016_11_14_L001	0	0.0000	0.0000	1.0000
HAMBI_0403_chrm01_circ_2992565	PS_Ct_r03_2016_12_12_L001	0	0.0000	0.0000	1.0000
HAMBI_0403_chrm01_circ_2992565	PS_Ct_r03_2017_01_09_L001	0	0.0000	0.0000	1.0000
HAMBI_0403_chrm01_circ_2992565	PS_Ct_r03_2017_02_06_L001	0	0.0000	0.0000	1.0000
HAMBI_0403_chrm01_circ_2992565	PS_Ct_r03_2017_03_06_L001	0	0.0000	0.0000	1.0000
HAMBI_0403_chrm01_circ_2992565	PS_Ct_r03_2017_05_29_L001	0	0.0505	0.0002	1.0000
HAMBI_0403_chrm01_circ_2992565	PS_Ct_r03_2017_06_26_L001	0	0.1302	0.0033	1.0000
HAMBI_0403_chrm01_circ_2992565	PS_Ct_r03_2017_07_24_L001	0	0.1919	0.0025	1.0000
HAMBI_0403_chrm01_circ_2992565	PS_Ct_r03_2017_08_21_L001	0	0.2076	0.0051	1.0000
HAMBI_0403_chrm01_circ_2996524	PS_Ct_r03_2015_08_24_L001	0	0.0000	0.0000	1.0000
HAMBI_0403_chrm01_circ_2996524	PS_Ct_r03_2015_09_21_L001	0	0.0000	0.0000	1.0000
HAMBI_0403_chrm01_circ_2996524	PS_Ct_r03_2015_10_19_L001	0	0.0000	0.0000	1.0000
HAMBI_0403_chrm01_circ_2996524	PS_Ct_r03_2015_11_16_L002	0	0.0000	0.0000	1.0000
HAMBI_0403_chrm01_circ_2996524	PS_Ct_r03_2015_12_14_L002	0	0.0000	0.0000	1.0000
HAMBI_0403_chrm01_circ_2996524	PS_Ct_r03_2016_01_11_L001	0	0.0000	0.0000	1.0000
HAMBI_0403_chrm01_circ_2996524	PS_Ct_r03_2016_02_08_L001	0	0.0000	0.0000	1.0000
HAMBI_0403_chrm01_circ_2996524	PS_Ct_r03_2016_03_07_L001	0	0.0000	0.0000	1.0000
HAMBI_0403_chrm01_circ_2996524	PS_Ct_r03_2016_04_03_L001	0	0.0000	0.0000	1.0000
HAMBI_0403_chrm01_circ_2996524	PS_Ct_r03_2016_05_04_L001	0	0.0000	0.0000	1.0000
HAMBI_0403_chrm01_circ_2996524	PS_Ct_r03_2016_05_30_L001	0	0.0000	0.0000	1.0000
HAMBI_0403_chrm01_circ_2996524	PS_Ct_r03_2016_07_25_L003	0	0.0000	0.0000	1.0000
HAMBI_0403_chrm01_circ_2996524	PS_Ct_r03_2016_08_22_L003	0	0.0000	0.0000	1.0000
HAMBI_0403_chrm01_circ_2996524	PS_Ct_r03_2016_09_19_L003	0	0.0000	0.0000	1.0000
HAMBI_0403_chrm01_circ_2996524	PS_Ct_r03_2016_10_17_L001	0	0.0000	0.0000	1.0000
HAMBI_0403_chrm01_circ_2996524	PS_Ct_r03_2016_11_14_L001	0	0.0000	0.0000	1.0000
HAMBI_0403_chrm01_circ_2996524	PS_Ct_r03_2016_12_12_L001	0	0.0000	0.0000	1.0000
HAMBI_0403_chrm01_circ_2996524	PS_Ct_r03_2017_01_09_L001	0	0.0000	0.0000	1.0000
HAMBI_0403_chrm01_circ_2996524	PS_Ct_r03_2017_02_06_L001	0	0.0000	0.0000	1.0000
HAMBI_0403_chrm01_circ_2996524	PS_Ct_r03_2017_03_06_L001	0	0.0000	0.0000	1.0000
HAMBI_0403_chrm01_circ_2996524	PS_Ct_r03_2017_05_29_L001	0	0.0505	0.0002	1.0000
HAMBI_0403_chrm01_circ_2996524	PS_Ct_r03_2017_06_26_L001	0	0.1302	0.0033	1.0000
HAMBI_0403_chrm01_circ_2996524	PS_Ct_r03_2017_07_24_L001	0	0.1919	0.0025	1.0000
HAMBI_0403_chrm01_circ_2996524	PS_Ct_r03_2017_08_21_L001	0	0.2076	0.0051	1.0000
HAMBI_0403_chrm01_circ_3118967	PS_Ct_r03_2015_08_24_L001	0	0.0000	0.0000	1.0000
HAMBI_0403_chrm01_circ_3118967	PS_Ct_r03_2015_09_21_L001	0	0.0000	0.0000	1.0000
HAMBI_0403_chrm01_circ_3118967	PS_Ct_r03_2015_10_19_L001	0	0.0000	0.0000	1.0000
HAMBI_0403_chrm01_circ_3118967	PS_Ct_r03_2015_11_16_L002	0	0.0000	0.0000	1.0000
HAMBI_0403_chrm01_circ_3118967	PS_Ct_r03_2015_12_14_L002	0	0.0000	0.0000	1.0000
HAMBI_0403_chrm01_circ_3118967	PS_Ct_r03_2016_01_11_L001	0	0.0000	0.0000	1.0000
HAMBI_0403_chrm01_circ_3118967	PS_Ct_r03_2016_02_08_L001	0	0.0000	0.0000	1.0000
HAMBI_0403_chrm01_circ_3118967	PS_Ct_r03_2016_03_07_L001	0	0.0000	0.0000	1.0000
HAMBI_0403_chrm01_circ_3118967	PS_Ct_r03_2016_04_03_L001	0	0.0000	0.0000	1.0000
HAMBI_0403_chrm01_circ_3118967	PS_Ct_r03_2016_05_04_L001	0	0.0000	0.0000	1.0000
HAMBI_0403_chrm01_circ_3118967	PS_Ct_r03_2016_05_30_L001	0	0.0000	0.0000	1.0000
HAMBI_0403_chrm01_circ_3118967	PS_Ct_r03_2016_07_25_L003	0	0.0000	0.0000	1.0000
HAMBI_0403_chrm01_circ_3118967	PS_Ct_r03_2016_08_22_L003	0	0.0000	0.0000	1.0000
HAMBI_0403_chrm01_circ_3118967	PS_Ct_r03_2016_09_19_L003	0	0.0000	0.0000	1.0000
HAMBI_0403_chrm01_circ_3118967	PS_Ct_r03_2016_10_17_L001	0	0.0000	0.0000	1.0000
HAMBI_0403_chrm01_circ_3118967	PS_Ct_r03_2016_11_14_L001	0	0.0000	0.0000	1.0000
HAMBI_0403_chrm01_circ_3118967	PS_Ct_r03_2016_12_12_L001	0	0.0000	0.0000	1.0000
HAMBI_0403_chrm01_circ_3118967	PS_Ct_r03_2017_01_09_L001	0	0.0000	0.0000	1.0000
HAMBI_0403_chrm01_circ_3118967	PS_Ct_r03_2017_02_06_L001	0	0.0000	0.0000	1.0000
HAMBI_0403_chrm01_circ_3118967	PS_Ct_r03_2017_03_06_L001	0	0.0000	0.0000	1.0000
HAMBI_0403_chrm01_circ_3118967	PS_Ct_r03_2017_05_29_L001	0	0.0505	0.0002	1.0000
HAMBI_0403_chrm01_circ_3118967	PS_Ct_r03_2017_06_26_L001	0	0.1302	0.0033	1.0000
HAMBI_0403_chrm01_circ_3118967	PS_Ct_r03_2017_07_24_L001	0	0.1919	0.0025	1.0000
HAMBI_0403_chrm01_circ_3118967	PS_Ct_r03_2017_08_21_L001	0	0.2076	0.0051	1.0000
HAMBI_0403_chrm01_circ_3144725	PS_Ct_r03_2015_08_24_L001	0	0.0000	0.0000	1.0000
HAMBI_0403_chrm01_circ_3144725	PS_Ct_r03_2015_09_21_L001	0	0.0000	0.0000	1.0000
HAMBI_0403_chrm01_circ_3144725	PS_Ct_r03_2015_10_19_L001	0	0.0000	0.0000	1.0000
HAMBI_0403_chrm01_circ_3144725	PS_Ct_r03_2015_11_16_L002	0	0.0000	0.0000	1.0000
HAMBI_0403_chrm01_circ_3144725	PS_Ct_r03_2015_12_14_L002	0	0.0000	0.0000	1.0000
HAMBI_0403_chrm01_circ_3144725	PS_Ct_r03_2016_01_11_L001	0	0.0000	0.0000	1.0000
HAMBI_0403_chrm01_circ_3144725	PS_Ct_r03_2016_02_08_L001	0	0.0000	0.0000	1.0000
HAMBI_0403_chrm01_circ_3144725	PS_Ct_r03_2016_03_07_L001	0	0.0000	0.0000	1.0000
HAMBI_0403_chrm01_circ_3144725	PS_Ct_r03_2016_04_03_L001	0	0.0000	0.0000	1.0000
HAMBI_0403_chrm01_circ_3144725	PS_Ct_r03_2016_05_04_L001	0	0.0000	0.0000	1.0000
HAMBI_0403_chrm01_circ_3144725	PS_Ct_r03_2016_05_30_L001	0	0.0000	0.0000	1.0000
HAMBI_0403_chrm01_circ_3144725	PS_Ct_r03_2016_07_25_L003	0	0.0000	0.0000	1.0000
HAMBI_0403_chrm01_circ_3144725	PS_Ct_r03_2016_08_22_L003	0	0.0000	0.0000	1.0000
HAMBI_0403_chrm01_circ_3144725	PS_Ct_r03_2016_09_19_L003	0	0.0000	0.0000	1.0000
HAMBI_0403_chrm01_circ_3144725	PS_Ct_r03_2016_10_17_L001	0	0.0000	0.0000	1.0000
HAMBI_0403_chrm01_circ_3144725	PS_Ct_r03_2016_11_14_L001	0	0.0000	0.0000	1.0000
HAMBI_0403_chrm01_circ_3144725	PS_Ct_r03_2016_12_12_L001	0	0.0000	0.0000	1.0000
HAMBI_0403_chrm01_circ_3144725	PS_Ct_r03_2017_01_09_L001	0	0.0000	0.0000	1.0000
HAMBI_0403_chrm01_circ_3144725	PS_Ct_r03_2017_02_06_L001	0	0.0000	0.0000	1.0000
HAMBI_0403_chrm01_circ_3144725	PS_Ct_r03_2017_03_06_L001	0	0.0000	0.0000	1.0000
HAMBI_0403_chrm01_circ_3144725	PS_Ct_r03_2017_05_29_L001	0	0.0505	0.0002	1.0000
HAMBI_0403_chrm01_circ_3144725	PS_Ct_r03_2017_06_26_L001	0	0.1302	0.0033	1.0000
HAMBI_0403_chrm01_circ_3144725	PS_Ct_r03_2017_07_24_L001	0	0.1919	0.0025	1.0000
HAMBI_0403_chrm01_circ_3144725	PS_Ct_r03_2017_08_21_L001	0	0.2076	0.0051	1.0000
HAMBI_0403_chrm01_circ_3211528	PS_Ct_r03_2015_08_24_L001	0	0.0000	0.0000	1.0000
HAMBI_0403_chrm01_circ_3211528	PS_Ct_r03_2015_09_21_L001	0	0.0000	0.0000	1.0000
HAMBI_0403_chrm01_circ_3211528	PS_Ct_r03_2015_10_19_L001	0	0.0000	0.0000	1.0000
HAMBI_0403_chrm01_circ_3211528	PS_Ct_r03_2015_11_16_L002	0	0.0000	0.0000	1.0000
HAMBI_0403_chrm01_circ_3211528	PS_Ct_r03_2015_12_14_L002	0	0.0000	0.0000	1.0000
HAMBI_0403_chrm01_circ_3211528	PS_Ct_r03_2016_01_11_L001	0	0.0000	0.0000	1.0000
HAMBI_0403_chrm01_circ_3211528	PS_Ct_r03_2016_02_08_L001	0	0.0000	0.0000	1.0000
HAMBI_0403_chrm01_circ_3211528	PS_Ct_r03_2016_03_07_L001	0	0.0000	0.0000	1.0000
HAMBI_0403_chrm01_circ_3211528	PS_Ct_r03_2016_04_03_L001	0	0.0000	0.0000	1.0000
HAMBI_0403_chrm01_circ_3211528	PS_Ct_r03_2016_05_04_L001	0	0.0000	0.0000	1.0000
HAMBI_0403_chrm01_circ_3211528	PS_Ct_r03_2016_05_30_L001	0	0.0000	0.0000	1.0000
HAMBI_0403_chrm01_circ_3211528	PS_Ct_r03_2016_07_25_L003	0	0.0000	0.0000	1.0000
HAMBI_0403_chrm01_circ_3211528	PS_Ct_r03_2016_08_22_L003	0	0.0000	0.0000	1.0000
HAMBI_0403_chrm01_circ_3211528	PS_Ct_r03_2016_09_19_L003	0	0.0000	0.0000	1.0000
HAMBI_0403_chrm01_circ_3211528	PS_Ct_r03_2016_10_17_L001	0	0.0000	0.0000	1.0000
HAMBI_0403_chrm01_circ_3211528	PS_Ct_r03_2016_11_14_L001	0	0.0000	0.0000	1.0000
HAMBI_0403_chrm01_circ_3211528	PS_Ct_r03_2016_12_12_L001	0	0.0000	0.0000	1.0000
HAMBI_0403_chrm01_circ_3211528	PS_Ct_r03_2017_01_09_L001	0	0.0000	0.0000	1.0000
HAMBI_0403_chrm01_circ_3211528	PS_Ct_r03_2017_02_06_L001	0	0.0000	0.0000	1.0000
HAMBI_0403_chrm01_circ_3211528	PS_Ct_r03_2017_03_06_L001	0	0.0000	0.0000	1.0000
HAMBI_0403_chrm01_circ_3211528	PS_Ct_r03_2017_05_29_L001	0	0.0505	0.0002	1.0000
HAMBI_0403_chrm01_circ_3211528	PS_Ct_r03_2017_06_26_L001	0	0.1302	0.0033	1.0000
HAMBI_0403_chrm01_circ_3211528	PS_Ct_r03_2017_07_24_L001	0	0.1919	0.0025	1.0000
HAMBI_0403_chrm01_circ_3211528	PS_Ct_r03_2017_08_21_L001	0	0.2076	0.0051	1.0000
HAMBI_0403_chrm01_circ_3250514	PS_Ct_r03_2015_08_24_L001	0	0.0000	0.0000	1.0000
HAMBI_0403_chrm01_circ_3250514	PS_Ct_r03_2015_09_21_L001	0	0.0000	0.0000	1.0000
HAMBI_0403_chrm01_circ_3250514	PS_Ct_r03_2015_10_19_L001	0	0.0000	0.0000	1.0000
HAMBI_0403_chrm01_circ_3250514	PS_Ct_r03_2015_11_16_L002	0	0.0000	0.0000	1.0000
HAMBI_0403_chrm01_circ_3250514	PS_Ct_r03_2015_12_14_L002	0	0.0000	0.0000	1.0000
HAMBI_0403_chrm01_circ_3250514	PS_Ct_r03_2016_01_11_L001	0	0.0000	0.0000	1.0000
HAMBI_0403_chrm01_circ_3250514	PS_Ct_r03_2016_02_08_L001	0	0.0000	0.0000	1.0000
HAMBI_0403_chrm01_circ_3250514	PS_Ct_r03_2016_03_07_L001	0	0.0000	0.0000	1.0000
HAMBI_0403_chrm01_circ_3250514	PS_Ct_r03_2016_04_03_L001	0	0.0000	0.0000	1.0000
HAMBI_0403_chrm01_circ_3250514	PS_Ct_r03_2016_05_04_L001	0	0.0000	0.0000	1.0000
HAMBI_0403_chrm01_circ_3250514	PS_Ct_r03_2016_05_30_L001	0	0.0000	0.0000	1.0000
HAMBI_0403_chrm01_circ_3250514	PS_Ct_r03_2016_07_25_L003	0	0.0000	0.0000	1.0000
HAMBI_0403_chrm01_circ_3250514	PS_Ct_r03_2016_08_22_L003	0	0.0000	0.0000	1.0000
HAMBI_0403_chrm01_circ_3250514	PS_Ct_r03_2016_09_19_L003	0	0.0000	0.0000	1.0000
HAMBI_0403_chrm01_circ_3250514	PS_Ct_r03_2016_10_17_L001	0	0.0000	0.0000	1.0000
HAMBI_0403_chrm01_circ_3250514	PS_Ct_r03_2016_11_14_L001	0	0.0000	0.0000	1.0000
HAMBI_0403_chrm01_circ_3250514	PS_Ct_r03_2016_12_12_L001	0	0.0000	0.0000	1.0000
HAMBI_0403_chrm01_circ_3250514	PS_Ct_r03_2017_01_09_L001	0	0.0000	0.0000	1.0000
HAMBI_0403_chrm01_circ_3250514	PS_Ct_r03_2017_02_06_L001	0	0.0000	0.0000	1.0000
HAMBI_0403_chrm01_circ_3250514	PS_Ct_r03_2017_03_06_L001	0	0.0000	0.0000	1.0000
HAMBI_0403_chrm01_circ_3250514	PS_Ct_r03_2017_05_29_L001	0	0.0505	0.0002	1.0000
HAMBI_0403_chrm01_circ_3250514	PS_Ct_r03_2017_06_26_L001	0	0.1302	0.0033	1.0000
HAMBI_0403_chrm01_circ_3250514	PS_Ct_r03_2017_07_24_L001	0	0.1919	0.0025	1.0000
HAMBI_0403_chrm01_circ_3250514	PS_Ct_r03_2017_08_21_L001	0	0.2076	0.0051	1.0000
HAMBI_0403_chrm01_circ_3281194	PS_Ct_r03_2015_08_24_L001	0	0.0000	0.0000	1.0000
HAMBI_0403_chrm01_circ_3281194	PS_Ct_r03_2015_09_21_L001	0	0.0000	0.0000	1.0000
HAMBI_0403_chrm01_circ_3281194	PS_Ct_r03_2015_10_19_L001	0	0.0000	0.0000	1.0000
HAMBI_0403_chrm01_circ_3281194	PS_Ct_r03_2015_11_16_L002	0	0.0000	0.0000	1.0000
HAMBI_0403_chrm01_circ_3281194	PS_Ct_r03_2015_12_14_L002	0	0.0000	0.0000	1.0000
HAMBI_0403_chrm01_circ_3281194	PS_Ct_r03_2016_01_11_L001	0	0.0000	0.0000	1.0000
HAMBI_0403_chrm01_circ_3281194	PS_Ct_r03_2016_02_08_L001	0	0.0000	0.0000	1.0000
HAMBI_0403_chrm01_circ_3281194	PS_Ct_r03_2016_03_07_L001	0	0.0000	0.0000	1.0000
HAMBI_0403_chrm01_circ_3281194	PS_Ct_r03_2016_04_03_L001	0	0.0000	0.0000	1.0000
HAMBI_0403_chrm01_circ_3281194	PS_Ct_r03_2016_05_04_L001	0	0.0000	0.0000	1.0000
HAMBI_0403_chrm01_circ_3281194	PS_Ct_r03_2016_05_30_L001	0	0.0000	0.0000	1.0000
HAMBI_0403_chrm01_circ_3281194	PS_Ct_r03_2016_07_25_L003	0	0.0000	0.0000	1.0000
HAMBI_0403_chrm01_circ_3281194	PS_Ct_r03_2016_08_22_L003	0	0.0000	0.0000	1.0000
HAMBI_0403_chrm01_circ_3281194	PS_Ct_r03_2016_09_19_L003	0	0.0000	0.0000	1.0000
HAMBI_0403_chrm01_circ_3281194	PS_Ct_r03_2016_10_17_L001	0	0.0000	0.0000	1.0000
HAMBI_0403_chrm01_circ_3281194	PS_Ct_r03_2016_11_14_L001	0	0.0000	0.0000	1.0000
HAMBI_0403_chrm01_circ_3281194	PS_Ct_r03_2016_12_12_L001	0	0.0000	0.0000	1.0000
HAMBI_0403_chrm01_circ_3281194	PS_Ct_r03_2017_01_09_L001	0	0.0000	0.0000	1.0000
HAMBI_0403_chrm01_circ_3281194	PS_Ct_r03_2017_02_06_L001	0	0.0000	0.0000	1.0000
HAMBI_0403_chrm01_circ_3281194	PS_Ct_r03_2017_03_06_L001	0	0.0000	0.0000	1.0000
HAMBI_0403_chrm01_circ_3281194	PS_Ct_r03_2017_05_29_L001	0	0.0505	0.0002	1.0000
HAMBI_0403_chrm01_circ_3281194	PS_Ct_r03_2017_06_26_L001	0	0.1302	0.0033	1.0000
HAMBI_0403_chrm01_circ_3281194	PS_Ct_r03_2017_07_24_L001	0	0.1919	0.0025	1.0000
HAMBI_0403_chrm01_circ_3281194	PS_Ct_r03_2017_08_21_L001	0	0.2076	0.0051	1.0000
HAMBI_0403_chrm01_circ_3300154	PS_Ct_r03_2015_08_24_L001	0	0.0000	0.0000	1.0000
HAMBI_0403_chrm01_circ_3300154	PS_Ct_r03_2015_09_21_L001	0	0.0000	0.0000	1.0000
HAMBI_0403_chrm01_circ_3300154	PS_Ct_r03_2015_10_19_L001	0	0.0000	0.0000	1.0000
HAMBI_0403_chrm01_circ_3300154	PS_Ct_r03_2015_11_16_L002	0	0.0000	0.0000	1.0000
HAMBI_0403_chrm01_circ_3300154	PS_Ct_r03_2015_12_14_L002	0	0.0000	0.0000	1.0000
HAMBI_0403_chrm01_circ_3300154	PS_Ct_r03_2016_01_11_L001	0	0.0000	0.0000	1.0000
HAMBI_0403_chrm01_circ_3300154	PS_Ct_r03_2016_02_08_L001	0	0.0000	0.0000	1.0000
HAMBI_0403_chrm01_circ_3300154	PS_Ct_r03_2016_03_07_L001	0	0.0000	0.0000	1.0000
HAMBI_0403_chrm01_circ_3300154	PS_Ct_r03_2016_04_03_L001	0	0.0000	0.0000	1.0000
HAMBI_0403_chrm01_circ_3300154	PS_Ct_r03_2016_05_04_L001	0	0.0000	0.0000	1.0000
HAMBI_0403_chrm01_circ_3300154	PS_Ct_r03_2016_05_30_L001	0	0.0000	0.0000	1.0000
HAMBI_0403_chrm01_circ_3300154	PS_Ct_r03_2016_07_25_L003	0	0.0000	0.0000	1.0000
HAMBI_0403_chrm01_circ_3300154	PS_Ct_r03_2016_08_22_L003	0	0.0000	0.0000	1.0000
HAMBI_0403_chrm01_circ_3300154	PS_Ct_r03_2016_09_19_L003	0	0.0000	0.0000	1.0000
HAMBI_0403_chrm01_circ_3300154	PS_Ct_r03_2016_10_17_L001	0	0.0000	0.0000	1.0000
HAMBI_0403_chrm01_circ_3300154	PS_Ct_r03_2016_11_14_L001	0	0.0000	0.0000	1.0000
HAMBI_0403_chrm01_circ_3300154	PS_Ct_r03_2016_12_12_L001	0	0.0000	0.0000	1.0000
HAMBI_0403_chrm01_circ_3300154	PS_Ct_r03_2017_01_09_L001	0	0.0000	0.0000	1.0000
HAMBI_0403_chrm01_circ_3300154	PS_Ct_r03_2017_02_06_L001	0	0.0000	0.0000	1.0000
HAMBI_0403_chrm01_circ_3300154	PS_Ct_r03_2017_03_06_L001	0	0.0000	0.0000	1.0000
HAMBI_0403_chrm01_circ_3300154	PS_Ct_r03_2017_05_29_L001	0	0.0505	0.0002	1.0000
HAMBI_0403_chrm01_circ_3300154	PS_Ct_r03_2017_06_26_L001	0	0.1302	0.0033	1.0000
HAMBI_0403_chrm01_circ_3300154	PS_Ct_r03_2017_07_24_L001	0	0.1919	0.0025	1.0000
HAMBI_0403_chrm01_circ_3300154	PS_Ct_r03_2017_08_21_L001	0	0.2076	0.0051	1.0000
HAMBI_0403_chrm01_circ_3329629	PS_Ct_r03_2015_08_24_L001	0	0.0000	0.0000	1.0000
HAMBI_0403_chrm01_circ_3329629	PS_Ct_r03_2015_09_21_L001	0	0.0000	0.0000	1.0000
HAMBI_0403_chrm01_circ_3329629	PS_Ct_r03_2015_10_19_L001	0	0.0000	0.0000	1.0000
HAMBI_0403_chrm01_circ_3329629	PS_Ct_r03_2015_11_16_L002	0	0.0000	0.0000	1.0000
HAMBI_0403_chrm01_circ_3329629	PS_Ct_r03_2015_12_14_L002	0	0.0000	0.0000	1.0000
HAMBI_0403_chrm01_circ_3329629	PS_Ct_r03_2016_01_11_L001	0	0.0000	0.0000	1.0000
HAMBI_0403_chrm01_circ_3329629	PS_Ct_r03_2016_02_08_L001	0	0.0000	0.0000	1.0000
HAMBI_0403_chrm01_circ_3329629	PS_Ct_r03_2016_03_07_L001	0	0.0000	0.0000	1.0000
HAMBI_0403_chrm01_circ_3329629	PS_Ct_r03_2016_04_03_L001	0	0.0000	0.0000	1.0000
HAMBI_0403_chrm01_circ_3329629	PS_Ct_r03_2016_05_04_L001	0	0.0000	0.0000	1.0000
HAMBI_0403_chrm01_circ_3329629	PS_Ct_r03_2016_05_30_L001	0	0.0000	0.0000	1.0000
HAMBI_0403_chrm01_circ_3329629	PS_Ct_r03_2016_07_25_L003	0	0.0000	0.0000	1.0000
HAMBI_0403_chrm01_circ_3329629	PS_Ct_r03_2016_08_22_L003	0	0.0000	0.0000	1.0000
HAMBI_0403_chrm01_circ_3329629	PS_Ct_r03_2016_09_19_L003	0	0.0000	0.0000	1.0000
HAMBI_0403_chrm01_circ_3329629	PS_Ct_r03_2016_10_17_L001	0	0.0000	0.0000	1.0000
HAMBI_0403_chrm01_circ_3329629	PS_Ct_r03_2016_11_14_L001	0	0.0000	0.0000	1.0000
HAMBI_0403_chrm01_circ_3329629	PS_Ct_r03_2016_12_12_L001	0	0.0000	0.0000	1.0000
HAMBI_0403_chrm01_circ_3329629	PS_Ct_r03_2017_01_09_L001	0	0.0000	0.0000	1.0000
HAMBI_0403_chrm01_circ_3329629	PS_Ct_r03_2017_02_06_L001	0	0.0000	0.0000	1.0000
HAMBI_0403_chrm01_circ_3329629	PS_Ct_r03_2017_03_06_L001	0	0.0000	0.0000	1.0000
HAMBI_0403_chrm01_circ_3329629	PS_Ct_r03_2017_05_29_L001	0	0.0505	0.0002	1.0000
HAMBI_0403_chrm01_circ_3329629	PS_Ct_r03_2017_06_26_L001	0	0.1302	0.0033	1.0000
HAMBI_0403_chrm01_circ_3329629	PS_Ct_r03_2017_07_24_L001	0	0.1919	0.0025	1.0000
HAMBI_0403_chrm01_circ_3329629	PS_Ct_r03_2017_08_21_L001	0	0.2076	0.0051	1.0000
HAMBI_0403_chrm01_circ_3405266	PS_Ct_r03_2015_08_24_L001	0	0.0000	0.0000	1.0000
HAMBI_0403_chrm01_circ_3405266	PS_Ct_r03_2015_09_21_L001	0	0.0000	0.0000	1.0000
HAMBI_0403_chrm01_circ_3405266	PS_Ct_r03_2015_10_19_L001	0	0.0000	0.0000	1.0000
HAMBI_0403_chrm01_circ_3405266	PS_Ct_r03_2015_11_16_L002	0	0.0000	0.0000	1.0000
HAMBI_0403_chrm01_circ_3405266	PS_Ct_r03_2015_12_14_L002	0	0.0000	0.0000	1.0000
HAMBI_0403_chrm01_circ_3405266	PS_Ct_r03_2016_01_11_L001	0	0.0000	0.0000	1.0000
HAMBI_0403_chrm01_circ_3405266	PS_Ct_r03_2016_02_08_L001	0	0.0000	0.0000	1.0000
HAMBI_0403_chrm01_circ_3405266	PS_Ct_r03_2016_03_07_L001	0	0.0000	0.0000	1.0000
HAMBI_0403_chrm01_circ_3405266	PS_Ct_r03_2016_04_03_L001	0	0.0000	0.0000	1.0000
HAMBI_0403_chrm01_circ_3405266	PS_Ct_r03_2016_05_04_L001	0	0.0000	0.0000	1.0000
HAMBI_0403_chrm01_circ_3405266	PS_Ct_r03_2016_05_30_L001	0	0.0000	0.0000	1.0000
HAMBI_0403_chrm01_circ_3405266	PS_Ct_r03_2016_07_25_L003	0	0.0000	0.0000	1.0000
HAMBI_0403_chrm01_circ_3405266	PS_Ct_r03_2016_08_22_L003	0	0.0000	0.0000	1.0000
HAMBI_0403_chrm01_circ_3405266	PS_Ct_r03_2016_09_19_L003	0	0.0000	0.0000	1.0000
HAMBI_0403_chrm01_circ_3405266	PS_Ct_r03_2016_10_17_L001	0	0.0000	0.0000	1.0000
HAMBI_0403_chrm01_circ_3405266	PS_Ct_r03_2016_11_14_L001	0	0.0000	0.0000	1.0000
HAMBI_0403_chrm01_circ_3405266	PS_Ct_r03_2016_12_12_L001	0	0.0000	0.0000	1.0000
HAMBI_0403_chrm01_circ_3405266	PS_Ct_r03_2017_01_09_L001	0	0.0000	0.0000	1.0000
HAMBI_0403_chrm01_circ_3405266	PS_Ct_r03_2017_02_06_L001	0	0.0000	0.0000	1.0000
HAMBI_0403_chrm01_circ_3405266	PS_Ct_r03_2017_03_06_L001	0	0.0000	0.0000	1.0000
HAMBI_0403_chrm01_circ_3405266	PS_Ct_r03_2017_05_29_L001	0	0.0505	0.0002	1.0000
HAMBI_0403_chrm01_circ_3405266	PS_Ct_r03_2017_06_26_L001	0	0.1302	0.0033	1.0000
HAMBI_0403_chrm01_circ_3405266	PS_Ct_r03_2017_07_24_L001	0	0.1919	0.0025	1.0000
HAMBI_0403_chrm01_circ_3405266	PS_Ct_r03_2017_08_21_L001	0	0.2076	0.0051	1.0000
HAMBI_0403_chrm01_circ_3418753	PS_Ct_r03_2015_08_24_L001	0	0.0000	0.0000	1.0000
HAMBI_0403_chrm01_circ_3418753	PS_Ct_r03_2015_09_21_L001	0	0.0000	0.0000	1.0000
HAMBI_0403_chrm01_circ_3418753	PS_Ct_r03_2015_10_19_L001	0	0.0000	0.0000	1.0000
HAMBI_0403_chrm01_circ_3418753	PS_Ct_r03_2015_11_16_L002	0	0.0000	0.0000	1.0000
HAMBI_0403_chrm01_circ_3418753	PS_Ct_r03_2015_12_14_L002	0	0.0000	0.0000	1.0000
HAMBI_0403_chrm01_circ_3418753	PS_Ct_r03_2016_01_11_L001	0	0.0000	0.0000	1.0000
HAMBI_0403_chrm01_circ_3418753	PS_Ct_r03_2016_02_08_L001	0	0.0000	0.0000	1.0000
HAMBI_0403_chrm01_circ_3418753	PS_Ct_r03_2016_03_07_L001	0	0.0000	0.0000	1.0000
HAMBI_0403_chrm01_circ_3418753	PS_Ct_r03_2016_04_03_L001	0	0.0000	0.0000	1.0000
HAMBI_0403_chrm01_circ_3418753	PS_Ct_r03_2016_05_04_L001	0	0.0000	0.0000	1.0000
HAMBI_0403_chrm01_circ_3418753	PS_Ct_r03_2016_05_30_L001	0	0.0000	0.0000	1.0000
HAMBI_0403_chrm01_circ_3418753	PS_Ct_r03_2016_07_25_L003	0	0.0000	0.0000	1.0000
HAMBI_0403_chrm01_circ_3418753	PS_Ct_r03_2016_08_22_L003	0	0.0000	0.0000	1.0000
HAMBI_0403_chrm01_circ_3418753	PS_Ct_r03_2016_09_19_L003	0	0.0000	0.0000	1.0000
HAMBI_0403_chrm01_circ_3418753	PS_Ct_r03_2016_10_17_L001	0	0.0000	0.0000	1.0000
HAMBI_0403_chrm01_circ_3418753	PS_Ct_r03_2016_11_14_L001	0	0.0000	0.0000	1.0000
HAMBI_0403_chrm01_circ_3418753	PS_Ct_r03_2016_12_12_L001	0	0.0000	0.0000	1.0000
HAMBI_0403_chrm01_circ_3418753	PS_Ct_r03_2017_01_09_L001	0	0.0000	0.0000	1.0000
HAMBI_0403_chrm01_circ_3418753	PS_Ct_r03_2017_02_06_L001	0	0.0000	0.0000	1.0000
HAMBI_0403_chrm01_circ_3418753	PS_Ct_r03_2017_03_06_L001	0	0.0000	0.0000	1.0000
HAMBI_0403_chrm01_circ_3418753	PS_Ct_r03_2017_05_29_L001	0	0.0505	0.0002	1.0000
HAMBI_0403_chrm01_circ_3418753	PS_Ct_r03_2017_06_26_L001	0	0.1302	0.0033	1.0000
HAMBI_0403_chrm01_circ_3418753	PS_Ct_r03_2017_07_24_L001	0	0.1919	0.0025	1.0000
HAMBI_0403_chrm01_circ_3418753	PS_Ct_r03_2017_08_21_L001	0	0.2076	0.0051	1.0000
HAMBI_0403_chrm01_circ_3460941	PS_Ct_r03_2015_08_24_L001	0	0.0000	0.0000	1.0000
HAMBI_0403_chrm01_circ_3460941	PS_Ct_r03_2015_09_21_L001	0	0.0000	0.0000	1.0000
HAMBI_0403_chrm01_circ_3460941	PS_Ct_r03_2015_10_19_L001	0	0.0000	0.0000	1.0000
HAMBI_0403_chrm01_circ_3460941	PS_Ct_r03_2015_11_16_L002	0	0.0000	0.0000	1.0000
HAMBI_0403_chrm01_circ_3460941	PS_Ct_r03_2015_12_14_L002	0	0.0000	0.0000	1.0000
HAMBI_0403_chrm01_circ_3460941	PS_Ct_r03_2016_01_11_L001	0	0.0000	0.0000	1.0000
HAMBI_0403_chrm01_circ_3460941	PS_Ct_r03_2016_02_08_L001	0	0.0000	0.0000	1.0000
HAMBI_0403_chrm01_circ_3460941	PS_Ct_r03_2016_03_07_L001	0	0.0000	0.0000	1.0000
HAMBI_0403_chrm01_circ_3460941	PS_Ct_r03_2016_04_03_L001	0	0.0000	0.0000	1.0000
HAMBI_0403_chrm01_circ_3460941	PS_Ct_r03_2016_05_04_L001	0	0.0000	0.0000	1.0000
HAMBI_0403_chrm01_circ_3460941	PS_Ct_r03_2016_05_30_L001	0	0.0000	0.0000	1.0000
HAMBI_0403_chrm01_circ_3460941	PS_Ct_r03_2016_07_25_L003	0	0.0000	0.0000	1.0000
HAMBI_0403_chrm01_circ_3460941	PS_Ct_r03_2016_08_22_L003	0	0.0000	0.0000	1.0000
HAMBI_0403_chrm01_circ_3460941	PS_Ct_r03_2016_09_19_L003	0	0.0000	0.0000	1.0000
HAMBI_0403_chrm01_circ_3460941	PS_Ct_r03_2016_10_17_L001	0	0.0000	0.0000	1.0000
HAMBI_0403_chrm01_circ_3460941	PS_Ct_r03_2016_11_14_L001	0	0.0000	0.0000	1.0000
HAMBI_0403_chrm01_circ_3460941	PS_Ct_r03_2016_12_12_L001	0	0.0000	0.0000	1.0000
HAMBI_0403_chrm01_circ_3460941	PS_Ct_r03_2017_01_09_L001	0	0.0000	0.0000	1.0000
HAMBI_0403_chrm01_circ_3460941	PS_Ct_r03_2017_02_06_L001	0	0.0000	0.0000	1.0000
HAMBI_0403_chrm01_circ_3460941	PS_Ct_r03_2017_03_06_L001	0	0.0000	0.0000	1.0000
HAMBI_0403_chrm01_circ_3460941	PS_Ct_r03_2017_05_29_L001	0	0.0505	0.0002	1.0000
HAMBI_0403_chrm01_circ_3460941	PS_Ct_r03_2017_06_26_L001	0	0.1302	0.0033	1.0000
HAMBI_0403_chrm01_circ_3460941	PS_Ct_r03_2017_07_24_L001	0	0.1919	0.0025	1.0000
HAMBI_0403_chrm01_circ_3460941	PS_Ct_r03_2017_08_21_L001	0	0.2076	0.0051	1.0000
HAMBI_0403_chrm01_circ_3489004	PS_Ct_r03_2015_08_24_L001	0	0.0000	0.0000	0.9939
HAMBI_0403_chrm01_circ_3489004	PS_Ct_r03_2015_09_21_L001	0	0.0000	0.0000	0.9939
HAMBI_0403_chrm01_circ_3489004	PS_Ct_r03_2015_10_19_L001	0	0.0000	0.0000	0.9939
HAMBI_0403_chrm01_circ_3489004	PS_Ct_r03_2015_11_16_L002	0	0.0000	0.0000	0.9939
HAMBI_0403_chrm01_circ_3489004	PS_Ct_r03_2015_12_14_L002	0	0.0000	0.0000	0.9939
HAMBI_0403_chrm01_circ_3489004	PS_Ct_r03_2016_01_11_L001	0	0.0000	0.0000	0.9939
HAMBI_0403_chrm01_circ_3489004	PS_Ct_r03_2016_02_08_L001	0	0.0000	0.0000	0.9939
HAMBI_0403_chrm01_circ_3489004	PS_Ct_r03_2016_03_07_L001	0	0.0000	0.0000	0.9939
HAMBI_0403_chrm01_circ_3489004	PS_Ct_r03_2016_04_03_L001	0	0.0000	0.0000	0.9939
HAMBI_0403_chrm01_circ_3489004	PS_Ct_r03_2016_05_04_L001	0	0.0000	0.0000	0.9939
HAMBI_0403_chrm01_circ_3489004	PS_Ct_r03_2016_05_30_L001	0	0.0000	0.0000	0.9939
HAMBI_0403_chrm01_circ_3489004	PS_Ct_r03_2016_07_25_L003	0	0.0000	0.0000	0.9939
HAMBI_0403_chrm01_circ_3489004	PS_Ct_r03_2016_08_22_L003	0	0.0000	0.0000	0.9939
HAMBI_0403_chrm01_circ_3489004	PS_Ct_r03_2016_09_19_L003	0	0.0000	0.0000	0.9939
HAMBI_0403_chrm01_circ_3489004	PS_Ct_r03_2016_10_17_L001	0	0.0000	0.0000	0.9939
HAMBI_0403_chrm01_circ_3489004	PS_Ct_r03_2016_11_14_L001	0	0.0000	0.0000	0.9939
HAMBI_0403_chrm01_circ_3489004	PS_Ct_r03_2016_12_12_L001	0	0.0000	0.0000	0.9939
HAMBI_0403_chrm01_circ_3489004	PS_Ct_r03_2017_01_09_L001	0	0.0000	0.0000	0.9939
HAMBI_0403_chrm01_circ_3489004	PS_Ct_r03_2017_02_06_L001	0	0.0000	0.0000	0.9939
HAMBI_0403_chrm01_circ_3489004	PS_Ct_r03_2017_03_06_L001	0	0.0000	0.0000	0.9939
HAMBI_0403_chrm01_circ_3489004	PS_Ct_r03_2017_05_29_L001	0	0.0505	0.0002	0.9939
HAMBI_0403_chrm01_circ_3489004	PS_Ct_r03_2017_06_26_L001	0	0.1302	0.0033	0.9939
HAMBI_0403_chrm01_circ_3489004	PS_Ct_r03_2017_07_24_L001	0	0.1919	0.0025	0.9939
HAMBI_0403_chrm01_circ_3489004	PS_Ct_r03_2017_08_21_L001	0	0.2076	0.0051	0.9939
HAMBI_0403_chrm01_circ_355460	PS_Ct_r03_2015_08_24_L001	0	0.0000	0.0000	1.0000
HAMBI_0403_chrm01_circ_355460	PS_Ct_r03_2015_09_21_L001	0	0.0000	0.0000	1.0000
HAMBI_0403_chrm01_circ_355460	PS_Ct_r03_2015_10_19_L001	0	0.0000	0.0000	1.0000
HAMBI_0403_chrm01_circ_355460	PS_Ct_r03_2015_11_16_L002	0	0.0000	0.0000	1.0000
HAMBI_0403_chrm01_circ_355460	PS_Ct_r03_2015_12_14_L002	0	0.0000	0.0000	1.0000
HAMBI_0403_chrm01_circ_355460	PS_Ct_r03_2016_01_11_L001	0	0.0000	0.0000	1.0000
HAMBI_0403_chrm01_circ_355460	PS_Ct_r03_2016_02_08_L001	0	0.0000	0.0000	1.0000
HAMBI_0403_chrm01_circ_355460	PS_Ct_r03_2016_03_07_L001	0	0.0000	0.0000	1.0000
HAMBI_0403_chrm01_circ_355460	PS_Ct_r03_2016_04_03_L001	0	0.0000	0.0000	1.0000
HAMBI_0403_chrm01_circ_355460	PS_Ct_r03_2016_05_04_L001	0	0.0000	0.0000	1.0000
HAMBI_0403_chrm01_circ_355460	PS_Ct_r03_2016_05_30_L001	0	0.0000	0.0000	1.0000
HAMBI_0403_chrm01_circ_355460	PS_Ct_r03_2016_07_25_L003	0	0.0000	0.0000	1.0000
HAMBI_0403_chrm01_circ_355460	PS_Ct_r03_2016_08_22_L003	0	0.0000	0.0000	1.0000
HAMBI_0403_chrm01_circ_355460	PS_Ct_r03_2016_09_19_L003	0	0.0000	0.0000	1.0000
HAMBI_0403_chrm01_circ_355460	PS_Ct_r03_2016_10_17_L001	0	0.0000	0.0000	1.0000
HAMBI_0403_chrm01_circ_355460	PS_Ct_r03_2016_11_14_L001	0	0.0000	0.0000	1.0000
HAMBI_0403_chrm01_circ_355460	PS_Ct_r03_2016_12_12_L001	0	0.0000	0.0000	1.0000
HAMBI_0403_chrm01_circ_355460	PS_Ct_r03_2017_01_09_L001	0	0.0000	0.0000	1.0000
HAMBI_0403_chrm01_circ_355460	PS_Ct_r03_2017_02_06_L001	0	0.0000	0.0000	1.0000
HAMBI_0403_chrm01_circ_355460	PS_Ct_r03_2017_03_06_L001	0	0.0000	0.0000	1.0000
HAMBI_0403_chrm01_circ_355460	PS_Ct_r03_2017_05_29_L001	0	0.0505	0.0002	1.0000
HAMBI_0403_chrm01_circ_355460	PS_Ct_r03_2017_06_26_L001	0	0.1302	0.0033	1.0000
HAMBI_0403_chrm01_circ_355460	PS_Ct_r03_2017_07_24_L001	0	0.1919	0.0025	1.0000
HAMBI_0403_chrm01_circ_355460	PS_Ct_r03_2017_08_21_L001	0	0.2076	0.0051	1.0000
HAMBI_0403_chrm01_circ_3567764	PS_Ct_r03_2015_08_24_L001	0	0.0000	0.0000	1.0000
HAMBI_0403_chrm01_circ_3567764	PS_Ct_r03_2015_09_21_L001	0	0.0000	0.0000	1.0000
HAMBI_0403_chrm01_circ_3567764	PS_Ct_r03_2015_10_19_L001	0	0.0000	0.0000	1.0000
HAMBI_0403_chrm01_circ_3567764	PS_Ct_r03_2015_11_16_L002	0	0.0000	0.0000	1.0000
HAMBI_0403_chrm01_circ_3567764	PS_Ct_r03_2015_12_14_L002	0	0.0000	0.0000	1.0000
HAMBI_0403_chrm01_circ_3567764	PS_Ct_r03_2016_01_11_L001	0	0.0000	0.0000	1.0000
HAMBI_0403_chrm01_circ_3567764	PS_Ct_r03_2016_02_08_L001	0	0.0000	0.0000	1.0000
HAMBI_0403_chrm01_circ_3567764	PS_Ct_r03_2016_03_07_L001	0	0.0000	0.0000	1.0000
HAMBI_0403_chrm01_circ_3567764	PS_Ct_r03_2016_04_03_L001	0	0.0000	0.0000	1.0000
HAMBI_0403_chrm01_circ_3567764	PS_Ct_r03_2016_05_04_L001	0	0.0000	0.0000	1.0000
HAMBI_0403_chrm01_circ_3567764	PS_Ct_r03_2016_05_30_L001	0	0.0000	0.0000	1.0000
HAMBI_0403_chrm01_circ_3567764	PS_Ct_r03_2016_07_25_L003	0	0.0000	0.0000	1.0000
HAMBI_0403_chrm01_circ_3567764	PS_Ct_r03_2016_08_22_L003	0	0.0000	0.0000	1.0000
HAMBI_0403_chrm01_circ_3567764	PS_Ct_r03_2016_09_19_L003	0	0.0000	0.0000	1.0000
HAMBI_0403_chrm01_circ_3567764	PS_Ct_r03_2016_10_17_L001	0	0.0000	0.0000	1.0000
HAMBI_0403_chrm01_circ_3567764	PS_Ct_r03_2016_11_14_L001	0	0.0000	0.0000	1.0000
HAMBI_0403_chrm01_circ_3567764	PS_Ct_r03_2016_12_12_L001	0	0.0000	0.0000	1.0000
HAMBI_0403_chrm01_circ_3567764	PS_Ct_r03_2017_01_09_L001	0	0.0000	0.0000	1.0000
HAMBI_0403_chrm01_circ_3567764	PS_Ct_r03_2017_02_06_L001	0	0.0000	0.0000	1.0000
HAMBI_0403_chrm01_circ_3567764	PS_Ct_r03_2017_03_06_L001	0	0.0000	0.0000	1.0000
HAMBI_0403_chrm01_circ_3567764	PS_Ct_r03_2017_05_29_L001	0	0.0505	0.0002	1.0000
HAMBI_0403_chrm01_circ_3567764	PS_Ct_r03_2017_06_26_L001	0	0.1302	0.0033	1.0000
HAMBI_0403_chrm01_circ_3567764	PS_Ct_r03_2017_07_24_L001	0	0.1919	0.0025	1.0000
HAMBI_0403_chrm01_circ_3567764	PS_Ct_r03_2017_08_21_L001	0	0.2076	0.0051	1.0000
HAMBI_0403_chrm01_circ_3601720	PS_Ct_r03_2015_08_24_L001	0	0.0000	0.0000	1.0000
HAMBI_0403_chrm01_circ_3601720	PS_Ct_r03_2015_09_21_L001	0	0.0000	0.0000	1.0000
HAMBI_0403_chrm01_circ_3601720	PS_Ct_r03_2015_10_19_L001	0	0.0000	0.0000	1.0000
HAMBI_0403_chrm01_circ_3601720	PS_Ct_r03_2015_11_16_L002	0	0.0000	0.0000	1.0000
HAMBI_0403_chrm01_circ_3601720	PS_Ct_r03_2015_12_14_L002	0	0.0000	0.0000	1.0000
HAMBI_0403_chrm01_circ_3601720	PS_Ct_r03_2016_01_11_L001	0	0.0000	0.0000	1.0000
HAMBI_0403_chrm01_circ_3601720	PS_Ct_r03_2016_02_08_L001	0	0.0000	0.0000	1.0000
HAMBI_0403_chrm01_circ_3601720	PS_Ct_r03_2016_03_07_L001	0	0.0000	0.0000	1.0000
HAMBI_0403_chrm01_circ_3601720	PS_Ct_r03_2016_04_03_L001	0	0.0000	0.0000	1.0000
HAMBI_0403_chrm01_circ_3601720	PS_Ct_r03_2016_05_04_L001	0	0.0000	0.0000	1.0000
HAMBI_0403_chrm01_circ_3601720	PS_Ct_r03_2016_05_30_L001	0	0.0000	0.0000	1.0000
HAMBI_0403_chrm01_circ_3601720	PS_Ct_r03_2016_07_25_L003	0	0.0000	0.0000	1.0000
HAMBI_0403_chrm01_circ_3601720	PS_Ct_r03_2016_08_22_L003	0	0.0000	0.0000	1.0000
HAMBI_0403_chrm01_circ_3601720	PS_Ct_r03_2016_09_19_L003	0	0.0000	0.0000	1.0000
HAMBI_0403_chrm01_circ_3601720	PS_Ct_r03_2016_10_17_L001	0	0.0000	0.0000	1.0000
HAMBI_0403_chrm01_circ_3601720	PS_Ct_r03_2016_11_14_L001	0	0.0000	0.0000	1.0000
HAMBI_0403_chrm01_circ_3601720	PS_Ct_r03_2016_12_12_L001	0	0.0000	0.0000	1.0000
HAMBI_0403_chrm01_circ_3601720	PS_Ct_r03_2017_01_09_L001	0	0.0000	0.0000	1.0000
HAMBI_0403_chrm01_circ_3601720	PS_Ct_r03_2017_02_06_L001	0	0.0000	0.0000	1.0000
HAMBI_0403_chrm01_circ_3601720	PS_Ct_r03_2017_03_06_L001	0	0.0000	0.0000	1.0000
HAMBI_0403_chrm01_circ_3601720	PS_Ct_r03_2017_05_29_L001	0	0.0505	0.0002	1.0000
HAMBI_0403_chrm01_circ_3601720	PS_Ct_r03_2017_06_26_L001	0	0.1302	0.0033	1.0000
HAMBI_0403_chrm01_circ_3601720	PS_Ct_r03_2017_07_24_L001	0	0.1919	0.0025	1.0000
HAMBI_0403_chrm01_circ_3601720	PS_Ct_r03_2017_08_21_L001	0	0.2076	0.0051	1.0000
HAMBI_0403_chrm01_circ_3734676	PS_Ct_r03_2015_08_24_L001	0	0.0000	0.0000	1.0000
HAMBI_0403_chrm01_circ_3734676	PS_Ct_r03_2015_09_21_L001	0	0.0000	0.0000	1.0000
HAMBI_0403_chrm01_circ_3734676	PS_Ct_r03_2015_10_19_L001	0	0.0000	0.0000	1.0000
HAMBI_0403_chrm01_circ_3734676	PS_Ct_r03_2015_11_16_L002	0	0.0000	0.0000	1.0000
HAMBI_0403_chrm01_circ_3734676	PS_Ct_r03_2015_12_14_L002	0	0.0000	0.0000	1.0000
HAMBI_0403_chrm01_circ_3734676	PS_Ct_r03_2016_01_11_L001	0	0.0000	0.0000	1.0000
HAMBI_0403_chrm01_circ_3734676	PS_Ct_r03_2016_02_08_L001	0	0.0000	0.0000	1.0000
HAMBI_0403_chrm01_circ_3734676	PS_Ct_r03_2016_03_07_L001	0	0.0000	0.0000	1.0000
HAMBI_0403_chrm01_circ_3734676	PS_Ct_r03_2016_04_03_L001	0	0.0000	0.0000	1.0000
HAMBI_0403_chrm01_circ_3734676	PS_Ct_r03_2016_05_04_L001	0	0.0000	0.0000	1.0000
HAMBI_0403_chrm01_circ_3734676	PS_Ct_r03_2016_05_30_L001	0	0.0000	0.0000	1.0000
HAMBI_0403_chrm01_circ_3734676	PS_Ct_r03_2016_07_25_L003	0	0.0000	0.0000	1.0000
HAMBI_0403_chrm01_circ_3734676	PS_Ct_r03_2016_08_22_L003	0	0.0000	0.0000	1.0000
HAMBI_0403_chrm01_circ_3734676	PS_Ct_r03_2016_09_19_L003	0	0.0000	0.0000	1.0000
HAMBI_0403_chrm01_circ_3734676	PS_Ct_r03_2016_10_17_L001	0	0.0000	0.0000	1.0000
HAMBI_0403_chrm01_circ_3734676	PS_Ct_r03_2016_11_14_L001	0	0.0000	0.0000	1.0000
HAMBI_0403_chrm01_circ_3734676	PS_Ct_r03_2016_12_12_L001	0	0.0000	0.0000	1.0000
HAMBI_0403_chrm01_circ_3734676	PS_Ct_r03_2017_01_09_L001	0	0.0000	0.0000	1.0000
HAMBI_0403_chrm01_circ_3734676	PS_Ct_r03_2017_02_06_L001	0	0.0000	0.0000	1.0000
HAMBI_0403_chrm01_circ_3734676	PS_Ct_r03_2017_03_06_L001	0	0.0000	0.0000	1.0000
HAMBI_0403_chrm01_circ_3734676	PS_Ct_r03_2017_05_29_L001	0	0.0505	0.0002	1.0000
HAMBI_0403_chrm01_circ_3734676	PS_Ct_r03_2017_06_26_L001	0	0.1302	0.0033	1.0000
HAMBI_0403_chrm01_circ_3734676	PS_Ct_r03_2017_07_24_L001	0	0.1919	0.0025	1.0000
HAMBI_0403_chrm01_circ_3734676	PS_Ct_r03_2017_08_21_L001	0	0.2076	0.0051	1.0000
HAMBI_0403_chrm01_circ_3808590	PS_Ct_r03_2015_08_24_L001	0	0.0000	0.0000	1.0000
HAMBI_0403_chrm01_circ_3808590	PS_Ct_r03_2015_09_21_L001	0	0.0000	0.0000	1.0000
HAMBI_0403_chrm01_circ_3808590	PS_Ct_r03_2015_10_19_L001	0	0.0000	0.0000	1.0000
HAMBI_0403_chrm01_circ_3808590	PS_Ct_r03_2015_11_16_L002	0	0.0000	0.0000	1.0000
HAMBI_0403_chrm01_circ_3808590	PS_Ct_r03_2015_12_14_L002	0	0.0000	0.0000	1.0000
HAMBI_0403_chrm01_circ_3808590	PS_Ct_r03_2016_01_11_L001	0	0.0000	0.0000	1.0000
HAMBI_0403_chrm01_circ_3808590	PS_Ct_r03_2016_02_08_L001	0	0.0000	0.0000	1.0000
HAMBI_0403_chrm01_circ_3808590	PS_Ct_r03_2016_03_07_L001	0	0.0000	0.0000	1.0000
HAMBI_0403_chrm01_circ_3808590	PS_Ct_r03_2016_04_03_L001	0	0.0000	0.0000	1.0000
HAMBI_0403_chrm01_circ_3808590	PS_Ct_r03_2016_05_04_L001	0	0.0000	0.0000	1.0000
HAMBI_0403_chrm01_circ_3808590	PS_Ct_r03_2016_05_30_L001	0	0.0000	0.0000	1.0000
HAMBI_0403_chrm01_circ_3808590	PS_Ct_r03_2016_07_25_L003	0	0.0000	0.0000	1.0000
HAMBI_0403_chrm01_circ_3808590	PS_Ct_r03_2016_08_22_L003	0	0.0000	0.0000	1.0000
HAMBI_0403_chrm01_circ_3808590	PS_Ct_r03_2016_09_19_L003	0	0.0000	0.0000	1.0000
HAMBI_0403_chrm01_circ_3808590	PS_Ct_r03_2016_10_17_L001	0	0.0000	0.0000	1.0000
HAMBI_0403_chrm01_circ_3808590	PS_Ct_r03_2016_11_14_L001	0	0.0000	0.0000	1.0000
HAMBI_0403_chrm01_circ_3808590	PS_Ct_r03_2016_12_12_L001	0	0.0000	0.0000	1.0000
HAMBI_0403_chrm01_circ_3808590	PS_Ct_r03_2017_01_09_L001	0	0.0000	0.0000	1.0000
HAMBI_0403_chrm01_circ_3808590	PS_Ct_r03_2017_02_06_L001	0	0.0000	0.0000	1.0000
HAMBI_0403_chrm01_circ_3808590	PS_Ct_r03_2017_03_06_L001	0	0.0000	0.0000	1.0000
HAMBI_0403_chrm01_circ_3808590	PS_Ct_r03_2017_05_29_L001	0	0.0505	0.0002	1.0000
HAMBI_0403_chrm01_circ_3808590	PS_Ct_r03_2017_06_26_L001	0	0.1302	0.0033	1.0000
HAMBI_0403_chrm01_circ_3808590	PS_Ct_r03_2017_07_24_L001	0	0.1919	0.0025	1.0000
HAMBI_0403_chrm01_circ_3808590	PS_Ct_r03_2017_08_21_L001	0	0.2076	0.0051	1.0000
HAMBI_0403_chrm01_circ_3813095	PS_Ct_r03_2015_08_24_L001	0	0.0000	0.0000	1.0000
HAMBI_0403_chrm01_circ_3813095	PS_Ct_r03_2015_09_21_L001	0	0.0000	0.0000	1.0000
HAMBI_0403_chrm01_circ_3813095	PS_Ct_r03_2015_10_19_L001	0	0.0000	0.0000	1.0000
HAMBI_0403_chrm01_circ_3813095	PS_Ct_r03_2015_11_16_L002	0	0.0000	0.0000	1.0000
HAMBI_0403_chrm01_circ_3813095	PS_Ct_r03_2015_12_14_L002	0	0.0000	0.0000	1.0000
HAMBI_0403_chrm01_circ_3813095	PS_Ct_r03_2016_01_11_L001	0	0.0000	0.0000	1.0000
HAMBI_0403_chrm01_circ_3813095	PS_Ct_r03_2016_02_08_L001	0	0.0000	0.0000	1.0000
HAMBI_0403_chrm01_circ_3813095	PS_Ct_r03_2016_03_07_L001	0	0.0000	0.0000	1.0000
HAMBI_0403_chrm01_circ_3813095	PS_Ct_r03_2016_04_03_L001	0	0.0000	0.0000	1.0000
HAMBI_0403_chrm01_circ_3813095	PS_Ct_r03_2016_05_04_L001	0	0.0000	0.0000	1.0000
HAMBI_0403_chrm01_circ_3813095	PS_Ct_r03_2016_05_30_L001	0	0.0000	0.0000	1.0000
HAMBI_0403_chrm01_circ_3813095	PS_Ct_r03_2016_07_25_L003	0	0.0000	0.0000	1.0000
HAMBI_0403_chrm01_circ_3813095	PS_Ct_r03_2016_08_22_L003	0	0.0000	0.0000	1.0000
HAMBI_0403_chrm01_circ_3813095	PS_Ct_r03_2016_09_19_L003	0	0.0000	0.0000	1.0000
HAMBI_0403_chrm01_circ_3813095	PS_Ct_r03_2016_10_17_L001	0	0.0000	0.0000	1.0000
HAMBI_0403_chrm01_circ_3813095	PS_Ct_r03_2016_11_14_L001	0	0.0000	0.0000	1.0000
HAMBI_0403_chrm01_circ_3813095	PS_Ct_r03_2016_12_12_L001	0	0.0000	0.0000	1.0000
HAMBI_0403_chrm01_circ_3813095	PS_Ct_r03_2017_01_09_L001	0	0.0000	0.0000	1.0000
HAMBI_0403_chrm01_circ_3813095	PS_Ct_r03_2017_02_06_L001	0	0.0000	0.0000	1.0000
HAMBI_0403_chrm01_circ_3813095	PS_Ct_r03_2017_03_06_L001	0	0.0000	0.0000	1.0000
HAMBI_0403_chrm01_circ_3813095	PS_Ct_r03_2017_05_29_L001	0	0.0505	0.0002	1.0000
HAMBI_0403_chrm01_circ_3813095	PS_Ct_r03_2017_06_26_L001	0	0.1302	0.0033	1.0000
HAMBI_0403_chrm01_circ_3813095	PS_Ct_r03_2017_07_24_L001	0	0.1919	0.0025	1.0000
HAMBI_0403_chrm01_circ_3813095	PS_Ct_r03_2017_08_21_L001	0	0.2076	0.0051	1.0000
HAMBI_0403_chrm01_circ_3885292	PS_Ct_r03_2015_08_24_L001	0	0.0000	0.0000	1.0000
HAMBI_0403_chrm01_circ_3885292	PS_Ct_r03_2015_09_21_L001	0	0.0000	0.0000	1.0000
HAMBI_0403_chrm01_circ_3885292	PS_Ct_r03_2015_10_19_L001	0	0.0000	0.0000	1.0000
HAMBI_0403_chrm01_circ_3885292	PS_Ct_r03_2015_11_16_L002	0	0.0000	0.0000	1.0000
HAMBI_0403_chrm01_circ_3885292	PS_Ct_r03_2015_12_14_L002	0	0.0000	0.0000	1.0000
HAMBI_0403_chrm01_circ_3885292	PS_Ct_r03_2016_01_11_L001	0	0.0000	0.0000	1.0000
HAMBI_0403_chrm01_circ_3885292	PS_Ct_r03_2016_02_08_L001	0	0.0000	0.0000	1.0000
HAMBI_0403_chrm01_circ_3885292	PS_Ct_r03_2016_03_07_L001	0	0.0000	0.0000	1.0000
HAMBI_0403_chrm01_circ_3885292	PS_Ct_r03_2016_04_03_L001	0	0.0000	0.0000	1.0000
HAMBI_0403_chrm01_circ_3885292	PS_Ct_r03_2016_05_04_L001	0	0.0000	0.0000	1.0000
HAMBI_0403_chrm01_circ_3885292	PS_Ct_r03_2016_05_30_L001	0	0.0000	0.0000	1.0000
HAMBI_0403_chrm01_circ_3885292	PS_Ct_r03_2016_07_25_L003	0	0.0000	0.0000	1.0000
HAMBI_0403_chrm01_circ_3885292	PS_Ct_r03_2016_08_22_L003	0	0.0000	0.0000	1.0000
HAMBI_0403_chrm01_circ_3885292	PS_Ct_r03_2016_09_19_L003	0	0.0000	0.0000	1.0000
HAMBI_0403_chrm01_circ_3885292	PS_Ct_r03_2016_10_17_L001	0	0.0000	0.0000	1.0000
HAMBI_0403_chrm01_circ_3885292	PS_Ct_r03_2016_11_14_L001	0	0.0000	0.0000	1.0000
HAMBI_0403_chrm01_circ_3885292	PS_Ct_r03_2016_12_12_L001	0	0.0000	0.0000	1.0000
HAMBI_0403_chrm01_circ_3885292	PS_Ct_r03_2017_01_09_L001	0	0.0000	0.0000	1.0000
HAMBI_0403_chrm01_circ_3885292	PS_Ct_r03_2017_02_06_L001	0	0.0000	0.0000	1.0000
HAMBI_0403_chrm01_circ_3885292	PS_Ct_r03_2017_03_06_L001	0	0.0000	0.0000	1.0000
HAMBI_0403_chrm01_circ_3885292	PS_Ct_r03_2017_05_29_L001	0	0.0505	0.0002	1.0000
HAMBI_0403_chrm01_circ_3885292	PS_Ct_r03_2017_06_26_L001	0	0.1302	0.0033	1.0000
HAMBI_0403_chrm01_circ_3885292	PS_Ct_r03_2017_07_24_L001	0	0.1919	0.0025	1.0000
HAMBI_0403_chrm01_circ_3885292	PS_Ct_r03_2017_08_21_L001	0	0.2076	0.0051	1.0000
HAMBI_0403_chrm01_circ_3900399	PS_Ct_r03_2015_08_24_L001	0	0.0000	0.0000	1.0000
HAMBI_0403_chrm01_circ_3900399	PS_Ct_r03_2015_09_21_L001	0	0.0000	0.0000	1.0000
HAMBI_0403_chrm01_circ_3900399	PS_Ct_r03_2015_10_19_L001	0	0.0000	0.0000	1.0000
HAMBI_0403_chrm01_circ_3900399	PS_Ct_r03_2015_11_16_L002	0	0.0000	0.0000	1.0000
HAMBI_0403_chrm01_circ_3900399	PS_Ct_r03_2015_12_14_L002	0	0.0000	0.0000	1.0000
HAMBI_0403_chrm01_circ_3900399	PS_Ct_r03_2016_01_11_L001	0	0.0000	0.0000	1.0000
HAMBI_0403_chrm01_circ_3900399	PS_Ct_r03_2016_02_08_L001	0	0.0000	0.0000	1.0000
HAMBI_0403_chrm01_circ_3900399	PS_Ct_r03_2016_03_07_L001	0	0.0000	0.0000	1.0000
HAMBI_0403_chrm01_circ_3900399	PS_Ct_r03_2016_04_03_L001	0	0.0000	0.0000	1.0000
HAMBI_0403_chrm01_circ_3900399	PS_Ct_r03_2016_05_04_L001	0	0.0000	0.0000	1.0000
HAMBI_0403_chrm01_circ_3900399	PS_Ct_r03_2016_05_30_L001	0	0.0000	0.0000	1.0000
HAMBI_0403_chrm01_circ_3900399	PS_Ct_r03_2016_07_25_L003	0	0.0000	0.0000	1.0000
HAMBI_0403_chrm01_circ_3900399	PS_Ct_r03_2016_08_22_L003	0	0.0000	0.0000	1.0000
HAMBI_0403_chrm01_circ_3900399	PS_Ct_r03_2016_09_19_L003	0	0.0000	0.0000	1.0000
HAMBI_0403_chrm01_circ_3900399	PS_Ct_r03_2016_10_17_L001	0	0.0000	0.0000	1.0000
HAMBI_0403_chrm01_circ_3900399	PS_Ct_r03_2016_11_14_L001	0	0.0000	0.0000	1.0000
HAMBI_0403_chrm01_circ_3900399	PS_Ct_r03_2016_12_12_L001	0	0.0000	0.0000	1.0000
HAMBI_0403_chrm01_circ_3900399	PS_Ct_r03_2017_01_09_L001	0	0.0000	0.0000	1.0000
HAMBI_0403_chrm01_circ_3900399	PS_Ct_r03_2017_02_06_L001	0	0.0000	0.0000	1.0000
HAMBI_0403_chrm01_circ_3900399	PS_Ct_r03_2017_03_06_L001	0	0.0000	0.0000	1.0000
HAMBI_0403_chrm01_circ_3900399	PS_Ct_r03_2017_05_29_L001	0	0.0505	0.0002	1.0000
HAMBI_0403_chrm01_circ_3900399	PS_Ct_r03_2017_06_26_L001	0	0.1302	0.0033	1.0000
HAMBI_0403_chrm01_circ_3900399	PS_Ct_r03_2017_07_24_L001	0	0.1919	0.0025	1.0000
HAMBI_0403_chrm01_circ_3900399	PS_Ct_r03_2017_08_21_L001	0	0.2076	0.0051	1.0000
HAMBI_0403_chrm01_circ_4040615	PS_Ct_r03_2015_08_24_L001	0	0.0000	0.0000	1.0000
HAMBI_0403_chrm01_circ_4040615	PS_Ct_r03_2015_09_21_L001	0	0.0000	0.0000	1.0000
HAMBI_0403_chrm01_circ_4040615	PS_Ct_r03_2015_10_19_L001	0	0.0000	0.0000	1.0000
HAMBI_0403_chrm01_circ_4040615	PS_Ct_r03_2015_11_16_L002	0	0.0000	0.0000	1.0000
HAMBI_0403_chrm01_circ_4040615	PS_Ct_r03_2015_12_14_L002	0	0.0000	0.0000	1.0000
HAMBI_0403_chrm01_circ_4040615	PS_Ct_r03_2016_01_11_L001	0	0.0000	0.0000	1.0000
HAMBI_0403_chrm01_circ_4040615	PS_Ct_r03_2016_02_08_L001	0	0.0000	0.0000	1.0000
HAMBI_0403_chrm01_circ_4040615	PS_Ct_r03_2016_03_07_L001	0	0.0000	0.0000	1.0000
HAMBI_0403_chrm01_circ_4040615	PS_Ct_r03_2016_04_03_L001	0	0.0000	0.0000	1.0000
HAMBI_0403_chrm01_circ_4040615	PS_Ct_r03_2016_05_04_L001	0	0.0000	0.0000	1.0000
HAMBI_0403_chrm01_circ_4040615	PS_Ct_r03_2016_05_30_L001	0	0.0000	0.0000	1.0000
HAMBI_0403_chrm01_circ_4040615	PS_Ct_r03_2016_07_25_L003	0	0.0000	0.0000	1.0000
HAMBI_0403_chrm01_circ_4040615	PS_Ct_r03_2016_08_22_L003	0	0.0000	0.0000	1.0000
HAMBI_0403_chrm01_circ_4040615	PS_Ct_r03_2016_09_19_L003	0	0.0000	0.0000	1.0000
HAMBI_0403_chrm01_circ_4040615	PS_Ct_r03_2016_10_17_L001	0	0.0000	0.0000	1.0000
HAMBI_0403_chrm01_circ_4040615	PS_Ct_r03_2016_11_14_L001	0	0.0000	0.0000	1.0000
HAMBI_0403_chrm01_circ_4040615	PS_Ct_r03_2016_12_12_L001	0	0.0000	0.0000	1.0000
HAMBI_0403_chrm01_circ_4040615	PS_Ct_r03_2017_01_09_L001	0	0.0000	0.0000	1.0000
HAMBI_0403_chrm01_circ_4040615	PS_Ct_r03_2017_02_06_L001	0	0.0000	0.0000	1.0000
HAMBI_0403_chrm01_circ_4040615	PS_Ct_r03_2017_03_06_L001	0	0.0000	0.0000	1.0000
HAMBI_0403_chrm01_circ_4040615	PS_Ct_r03_2017_05_29_L001	0	0.0505	0.0002	1.0000
HAMBI_0403_chrm01_circ_4040615	PS_Ct_r03_2017_06_26_L001	0	0.1302	0.0033	1.0000
HAMBI_0403_chrm01_circ_4040615	PS_Ct_r03_2017_07_24_L001	0	0.1919	0.0025	1.0000
HAMBI_0403_chrm01_circ_4040615	PS_Ct_r03_2017_08_21_L001	0	0.2076	0.0051	1.0000
HAMBI_0403_chrm01_circ_4047471	PS_Ct_r03_2015_08_24_L001	0	0.0000	0.0000	1.0000
HAMBI_0403_chrm01_circ_4047471	PS_Ct_r03_2015_09_21_L001	0	0.0000	0.0000	1.0000
HAMBI_0403_chrm01_circ_4047471	PS_Ct_r03_2015_10_19_L001	0	0.0000	0.0000	1.0000
HAMBI_0403_chrm01_circ_4047471	PS_Ct_r03_2015_11_16_L002	0	0.0000	0.0000	1.0000
HAMBI_0403_chrm01_circ_4047471	PS_Ct_r03_2015_12_14_L002	0	0.0000	0.0000	1.0000
HAMBI_0403_chrm01_circ_4047471	PS_Ct_r03_2016_01_11_L001	0	0.0000	0.0000	1.0000
HAMBI_0403_chrm01_circ_4047471	PS_Ct_r03_2016_02_08_L001	0	0.0000	0.0000	1.0000
HAMBI_0403_chrm01_circ_4047471	PS_Ct_r03_2016_03_07_L001	0	0.0000	0.0000	1.0000
HAMBI_0403_chrm01_circ_4047471	PS_Ct_r03_2016_04_03_L001	0	0.0000	0.0000	1.0000
HAMBI_0403_chrm01_circ_4047471	PS_Ct_r03_2016_05_04_L001	0	0.0000	0.0000	1.0000
HAMBI_0403_chrm01_circ_4047471	PS_Ct_r03_2016_05_30_L001	0	0.0000	0.0000	1.0000
HAMBI_0403_chrm01_circ_4047471	PS_Ct_r03_2016_07_25_L003	0	0.0000	0.0000	1.0000
HAMBI_0403_chrm01_circ_4047471	PS_Ct_r03_2016_08_22_L003	0	0.0000	0.0000	1.0000
HAMBI_0403_chrm01_circ_4047471	PS_Ct_r03_2016_09_19_L003	0	0.0000	0.0000	1.0000
HAMBI_0403_chrm01_circ_4047471	PS_Ct_r03_2016_10_17_L001	0	0.0000	0.0000	1.0000
HAMBI_0403_chrm01_circ_4047471	PS_Ct_r03_2016_11_14_L001	0	0.0000	0.0000	1.0000
HAMBI_0403_chrm01_circ_4047471	PS_Ct_r03_2016_12_12_L001	0	0.0000	0.0000	1.0000
HAMBI_0403_chrm01_circ_4047471	PS_Ct_r03_2017_01_09_L001	0	0.0000	0.0000	1.0000
HAMBI_0403_chrm01_circ_4047471	PS_Ct_r03_2017_02_06_L001	0	0.0000	0.0000	1.0000
HAMBI_0403_chrm01_circ_4047471	PS_Ct_r03_2017_03_06_L001	0	0.0000	0.0000	1.0000
HAMBI_0403_chrm01_circ_4047471	PS_Ct_r03_2017_05_29_L001	0	0.0505	0.0002	1.0000
HAMBI_0403_chrm01_circ_4047471	PS_Ct_r03_2017_06_26_L001	0	0.1302	0.0033	1.0000
HAMBI_0403_chrm01_circ_4047471	PS_Ct_r03_2017_07_24_L001	0	0.1919	0.0025	1.0000
HAMBI_0403_chrm01_circ_4047471	PS_Ct_r03_2017_08_21_L001	0	0.2076	0.0051	1.0000
HAMBI_0403_chrm01_circ_4063903	PS_Ct_r03_2015_08_24_L001	0	0.0000	0.0000	1.0000
HAMBI_0403_chrm01_circ_4063903	PS_Ct_r03_2015_09_21_L001	0	0.0000	0.0000	1.0000
HAMBI_0403_chrm01_circ_4063903	PS_Ct_r03_2015_10_19_L001	0	0.0000	0.0000	1.0000
HAMBI_0403_chrm01_circ_4063903	PS_Ct_r03_2015_11_16_L002	0	0.0000	0.0000	1.0000
HAMBI_0403_chrm01_circ_4063903	PS_Ct_r03_2015_12_14_L002	0	0.0000	0.0000	1.0000
HAMBI_0403_chrm01_circ_4063903	PS_Ct_r03_2016_01_11_L001	0	0.0000	0.0000	1.0000
HAMBI_0403_chrm01_circ_4063903	PS_Ct_r03_2016_02_08_L001	0	0.0000	0.0000	1.0000
HAMBI_0403_chrm01_circ_4063903	PS_Ct_r03_2016_03_07_L001	0	0.0000	0.0000	1.0000
HAMBI_0403_chrm01_circ_4063903	PS_Ct_r03_2016_04_03_L001	0	0.0000	0.0000	1.0000
HAMBI_0403_chrm01_circ_4063903	PS_Ct_r03_2016_05_04_L001	0	0.0000	0.0000	1.0000
HAMBI_0403_chrm01_circ_4063903	PS_Ct_r03_2016_05_30_L001	0	0.0000	0.0000	1.0000
HAMBI_0403_chrm01_circ_4063903	PS_Ct_r03_2016_07_25_L003	0	0.0000	0.0000	1.0000
HAMBI_0403_chrm01_circ_4063903	PS_Ct_r03_2016_08_22_L003	0	0.0000	0.0000	1.0000
HAMBI_0403_chrm01_circ_4063903	PS_Ct_r03_2016_09_19_L003	0	0.0000	0.0000	1.0000
HAMBI_0403_chrm01_circ_4063903	PS_Ct_r03_2016_10_17_L001	0	0.0000	0.0000	1.0000
HAMBI_0403_chrm01_circ_4063903	PS_Ct_r03_2016_11_14_L001	0	0.0000	0.0000	1.0000
HAMBI_0403_chrm01_circ_4063903	PS_Ct_r03_2016_12_12_L001	0	0.0000	0.0000	1.0000
HAMBI_0403_chrm01_circ_4063903	PS_Ct_r03_2017_01_09_L001	0	0.0000	0.0000	1.0000
HAMBI_0403_chrm01_circ_4063903	PS_Ct_r03_2017_02_06_L001	0	0.0000	0.0000	1.0000
HAMBI_0403_chrm01_circ_4063903	PS_Ct_r03_2017_03_06_L001	0	0.0000	0.0000	1.0000
HAMBI_0403_chrm01_circ_4063903	PS_Ct_r03_2017_05_29_L001	0	0.0505	0.0002	1.0000
HAMBI_0403_chrm01_circ_4063903	PS_Ct_r03_2017_06_26_L001	0	0.1302	0.0033	1.0000
HAMBI_0403_chrm01_circ_4063903	PS_Ct_r03_2017_07_24_L001	0	0.1919	0.0025	1.0000
HAMBI_0403_chrm01_circ_4063903	PS_Ct_r03_2017_08_21_L001	0	0.2076	0.0051	1.0000
HAMBI_0403_chrm01_circ_4082916	PS_Ct_r03_2015_08_24_L001	0	0.0000	0.0000	1.0000
HAMBI_0403_chrm01_circ_4082916	PS_Ct_r03_2015_09_21_L001	0	0.0000	0.0000	1.0000
HAMBI_0403_chrm01_circ_4082916	PS_Ct_r03_2015_10_19_L001	0	0.0000	0.0000	1.0000
HAMBI_0403_chrm01_circ_4082916	PS_Ct_r03_2015_11_16_L002	0	0.0000	0.0000	1.0000
HAMBI_0403_chrm01_circ_4082916	PS_Ct_r03_2015_12_14_L002	0	0.0000	0.0000	1.0000
HAMBI_0403_chrm01_circ_4082916	PS_Ct_r03_2016_01_11_L001	0	0.0000	0.0000	1.0000
HAMBI_0403_chrm01_circ_4082916	PS_Ct_r03_2016_02_08_L001	0	0.0000	0.0000	1.0000
HAMBI_0403_chrm01_circ_4082916	PS_Ct_r03_2016_03_07_L001	0	0.0000	0.0000	1.0000
HAMBI_0403_chrm01_circ_4082916	PS_Ct_r03_2016_04_03_L001	0	0.0000	0.0000	1.0000
HAMBI_0403_chrm01_circ_4082916	PS_Ct_r03_2016_05_04_L001	0	0.0000	0.0000	1.0000
HAMBI_0403_chrm01_circ_4082916	PS_Ct_r03_2016_05_30_L001	0	0.0000	0.0000	1.0000
HAMBI_0403_chrm01_circ_4082916	PS_Ct_r03_2016_07_25_L003	0	0.0000	0.0000	1.0000
HAMBI_0403_chrm01_circ_4082916	PS_Ct_r03_2016_08_22_L003	0	0.0000	0.0000	1.0000
HAMBI_0403_chrm01_circ_4082916	PS_Ct_r03_2016_09_19_L003	0	0.0000	0.0000	1.0000
HAMBI_0403_chrm01_circ_4082916	PS_Ct_r03_2016_10_17_L001	0	0.0000	0.0000	1.0000
HAMBI_0403_chrm01_circ_4082916	PS_Ct_r03_2016_11_14_L001	0	0.0000	0.0000	1.0000
HAMBI_0403_chrm01_circ_4082916	PS_Ct_r03_2016_12_12_L001	0	0.0000	0.0000	1.0000
HAMBI_0403_chrm01_circ_4082916	PS_Ct_r03_2017_01_09_L001	0	0.0000	0.0000	1.0000
HAMBI_0403_chrm01_circ_4082916	PS_Ct_r03_2017_02_06_L001	0	0.0000	0.0000	1.0000
HAMBI_0403_chrm01_circ_4082916	PS_Ct_r03_2017_03_06_L001	0	0.0000	0.0000	1.0000
HAMBI_0403_chrm01_circ_4082916	PS_Ct_r03_2017_05_29_L001	0	0.0505	0.0002	1.0000
HAMBI_0403_chrm01_circ_4082916	PS_Ct_r03_2017_06_26_L001	0	0.1302	0.0033	1.0000
HAMBI_0403_chrm01_circ_4082916	PS_Ct_r03_2017_07_24_L001	0	0.1919	0.0025	1.0000
HAMBI_0403_chrm01_circ_4082916	PS_Ct_r03_2017_08_21_L001	0	0.2076	0.0051	1.0000
HAMBI_0403_chrm01_circ_4119675	PS_Ct_r03_2015_08_24_L001	0	0.0000	0.0000	1.0000
HAMBI_0403_chrm01_circ_4119675	PS_Ct_r03_2015_09_21_L001	0	0.0000	0.0000	1.0000
HAMBI_0403_chrm01_circ_4119675	PS_Ct_r03_2015_10_19_L001	0	0.0000	0.0000	1.0000
HAMBI_0403_chrm01_circ_4119675	PS_Ct_r03_2015_11_16_L002	0	0.0000	0.0000	1.0000
HAMBI_0403_chrm01_circ_4119675	PS_Ct_r03_2015_12_14_L002	0	0.0000	0.0000	1.0000
HAMBI_0403_chrm01_circ_4119675	PS_Ct_r03_2016_01_11_L001	0	0.0000	0.0000	1.0000
HAMBI_0403_chrm01_circ_4119675	PS_Ct_r03_2016_02_08_L001	0	0.0000	0.0000	1.0000
HAMBI_0403_chrm01_circ_4119675	PS_Ct_r03_2016_03_07_L001	0	0.0000	0.0000	1.0000
HAMBI_0403_chrm01_circ_4119675	PS_Ct_r03_2016_04_03_L001	0	0.0000	0.0000	1.0000
HAMBI_0403_chrm01_circ_4119675	PS_Ct_r03_2016_05_04_L001	0	0.0000	0.0000	1.0000
HAMBI_0403_chrm01_circ_4119675	PS_Ct_r03_2016_05_30_L001	0	0.0000	0.0000	1.0000
HAMBI_0403_chrm01_circ_4119675	PS_Ct_r03_2016_07_25_L003	0	0.0000	0.0000	1.0000
HAMBI_0403_chrm01_circ_4119675	PS_Ct_r03_2016_08_22_L003	0	0.0000	0.0000	1.0000
HAMBI_0403_chrm01_circ_4119675	PS_Ct_r03_2016_09_19_L003	0	0.0000	0.0000	1.0000
HAMBI_0403_chrm01_circ_4119675	PS_Ct_r03_2016_10_17_L001	0	0.0000	0.0000	1.0000
HAMBI_0403_chrm01_circ_4119675	PS_Ct_r03_2016_11_14_L001	0	0.0000	0.0000	1.0000
HAMBI_0403_chrm01_circ_4119675	PS_Ct_r03_2016_12_12_L001	0	0.0000	0.0000	1.0000
HAMBI_0403_chrm01_circ_4119675	PS_Ct_r03_2017_01_09_L001	0	0.0000	0.0000	1.0000
HAMBI_0403_chrm01_circ_4119675	PS_Ct_r03_2017_02_06_L001	0	0.0000	0.0000	1.0000
HAMBI_0403_chrm01_circ_4119675	PS_Ct_r03_2017_03_06_L001	0	0.0000	0.0000	1.0000
HAMBI_0403_chrm01_circ_4119675	PS_Ct_r03_2017_05_29_L001	0	0.0505	0.0002	1.0000
HAMBI_0403_chrm01_circ_4119675	PS_Ct_r03_2017_06_26_L001	0	0.1302	0.0033	1.0000
HAMBI_0403_chrm01_circ_4119675	PS_Ct_r03_2017_07_24_L001	0	0.1919	0.0025	1.0000
HAMBI_0403_chrm01_circ_4119675	PS_Ct_r03_2017_08_21_L001	0	0.2076	0.0051	1.0000
HAMBI_0403_chrm01_circ_4211806	PS_Ct_r03_2015_08_24_L001	0	0.0000	0.0000	1.0000
HAMBI_0403_chrm01_circ_4211806	PS_Ct_r03_2015_09_21_L001	0	0.0000	0.0000	1.0000
HAMBI_0403_chrm01_circ_4211806	PS_Ct_r03_2015_10_19_L001	0	0.0000	0.0000	1.0000
HAMBI_0403_chrm01_circ_4211806	PS_Ct_r03_2015_11_16_L002	0	0.0000	0.0000	1.0000
HAMBI_0403_chrm01_circ_4211806	PS_Ct_r03_2015_12_14_L002	0	0.0000	0.0000	1.0000
HAMBI_0403_chrm01_circ_4211806	PS_Ct_r03_2016_01_11_L001	0	0.0000	0.0000	1.0000
HAMBI_0403_chrm01_circ_4211806	PS_Ct_r03_2016_02_08_L001	0	0.0000	0.0000	1.0000
HAMBI_0403_chrm01_circ_4211806	PS_Ct_r03_2016_03_07_L001	0	0.0000	0.0000	1.0000
HAMBI_0403_chrm01_circ_4211806	PS_Ct_r03_2016_04_03_L001	0	0.0000	0.0000	1.0000
HAMBI_0403_chrm01_circ_4211806	PS_Ct_r03_2016_05_04_L001	0	0.0000	0.0000	1.0000
HAMBI_0403_chrm01_circ_4211806	PS_Ct_r03_2016_05_30_L001	0	0.0000	0.0000	1.0000
HAMBI_0403_chrm01_circ_4211806	PS_Ct_r03_2016_07_25_L003	0	0.0000	0.0000	1.0000
HAMBI_0403_chrm01_circ_4211806	PS_Ct_r03_2016_08_22_L003	0	0.0000	0.0000	1.0000
HAMBI_0403_chrm01_circ_4211806	PS_Ct_r03_2016_09_19_L003	0	0.0000	0.0000	1.0000
HAMBI_0403_chrm01_circ_4211806	PS_Ct_r03_2016_10_17_L001	0	0.0000	0.0000	1.0000
HAMBI_0403_chrm01_circ_4211806	PS_Ct_r03_2016_11_14_L001	0	0.0000	0.0000	1.0000
HAMBI_0403_chrm01_circ_4211806	PS_Ct_r03_2016_12_12_L001	0	0.0000	0.0000	1.0000
HAMBI_0403_chrm01_circ_4211806	PS_Ct_r03_2017_01_09_L001	0	0.0000	0.0000	1.0000
HAMBI_0403_chrm01_circ_4211806	PS_Ct_r03_2017_02_06_L001	0	0.0000	0.0000	1.0000
HAMBI_0403_chrm01_circ_4211806	PS_Ct_r03_2017_03_06_L001	0	0.0000	0.0000	1.0000
HAMBI_0403_chrm01_circ_4211806	PS_Ct_r03_2017_05_29_L001	0	0.0505	0.0002	1.0000
HAMBI_0403_chrm01_circ_4211806	PS_Ct_r03_2017_06_26_L001	0	0.1302	0.0033	1.0000
HAMBI_0403_chrm01_circ_4211806	PS_Ct_r03_2017_07_24_L001	0	0.1919	0.0025	1.0000
HAMBI_0403_chrm01_circ_4211806	PS_Ct_r03_2017_08_21_L001	0	0.2076	0.0051	1.0000
HAMBI_0403_chrm01_circ_4225781	PS_Ct_r03_2015_08_24_L001	0	0.0000	0.0000	1.0000
HAMBI_0403_chrm01_circ_4225781	PS_Ct_r03_2015_09_21_L001	0	0.0000	0.0000	1.0000
HAMBI_0403_chrm01_circ_4225781	PS_Ct_r03_2015_10_19_L001	0	0.0000	0.0000	1.0000
HAMBI_0403_chrm01_circ_4225781	PS_Ct_r03_2015_11_16_L002	0	0.0000	0.0000	1.0000
HAMBI_0403_chrm01_circ_4225781	PS_Ct_r03_2015_12_14_L002	0	0.0000	0.0000	1.0000
HAMBI_0403_chrm01_circ_4225781	PS_Ct_r03_2016_01_11_L001	0	0.0000	0.0000	1.0000
HAMBI_0403_chrm01_circ_4225781	PS_Ct_r03_2016_02_08_L001	0	0.0000	0.0000	1.0000
HAMBI_0403_chrm01_circ_4225781	PS_Ct_r03_2016_03_07_L001	0	0.0000	0.0000	1.0000
HAMBI_0403_chrm01_circ_4225781	PS_Ct_r03_2016_04_03_L001	0	0.0000	0.0000	1.0000
HAMBI_0403_chrm01_circ_4225781	PS_Ct_r03_2016_05_04_L001	0	0.0000	0.0000	1.0000
HAMBI_0403_chrm01_circ_4225781	PS_Ct_r03_2016_05_30_L001	0	0.0000	0.0000	1.0000
HAMBI_0403_chrm01_circ_4225781	PS_Ct_r03_2016_07_25_L003	0	0.0000	0.0000	1.0000
HAMBI_0403_chrm01_circ_4225781	PS_Ct_r03_2016_08_22_L003	0	0.0000	0.0000	1.0000
HAMBI_0403_chrm01_circ_4225781	PS_Ct_r03_2016_09_19_L003	0	0.0000	0.0000	1.0000
HAMBI_0403_chrm01_circ_4225781	PS_Ct_r03_2016_10_17_L001	0	0.0000	0.0000	1.0000
HAMBI_0403_chrm01_circ_4225781	PS_Ct_r03_2016_11_14_L001	0	0.0000	0.0000	1.0000
HAMBI_0403_chrm01_circ_4225781	PS_Ct_r03_2016_12_12_L001	0	0.0000	0.0000	1.0000
HAMBI_0403_chrm01_circ_4225781	PS_Ct_r03_2017_01_09_L001	0	0.0000	0.0000	1.0000
HAMBI_0403_chrm01_circ_4225781	PS_Ct_r03_2017_02_06_L001	0	0.0000	0.0000	1.0000
HAMBI_0403_chrm01_circ_4225781	PS_Ct_r03_2017_03_06_L001	0	0.0000	0.0000	1.0000
HAMBI_0403_chrm01_circ_4225781	PS_Ct_r03_2017_05_29_L001	0	0.0505	0.0002	1.0000
HAMBI_0403_chrm01_circ_4225781	PS_Ct_r03_2017_06_26_L001	0	0.1302	0.0033	1.0000
HAMBI_0403_chrm01_circ_4225781	PS_Ct_r03_2017_07_24_L001	0	0.1919	0.0025	1.0000
HAMBI_0403_chrm01_circ_4225781	PS_Ct_r03_2017_08_21_L001	0	0.2076	0.0051	1.0000
HAMBI_0403_chrm01_circ_4227635	PS_Ct_r03_2015_08_24_L001	0	0.0000	0.0000	0.9893
HAMBI_0403_chrm01_circ_4227635	PS_Ct_r03_2015_09_21_L001	0	0.0000	0.0000	0.9893
HAMBI_0403_chrm01_circ_4227635	PS_Ct_r03_2015_10_19_L001	0	0.0000	0.0000	0.9893
HAMBI_0403_chrm01_circ_4227635	PS_Ct_r03_2015_11_16_L002	0	0.0000	0.0000	0.9893
HAMBI_0403_chrm01_circ_4227635	PS_Ct_r03_2015_12_14_L002	0	0.0000	0.0000	0.9893
HAMBI_0403_chrm01_circ_4227635	PS_Ct_r03_2016_01_11_L001	0	0.0000	0.0000	0.9893
HAMBI_0403_chrm01_circ_4227635	PS_Ct_r03_2016_02_08_L001	0	0.0000	0.0000	0.9893
HAMBI_0403_chrm01_circ_4227635	PS_Ct_r03_2016_03_07_L001	0	0.0000	0.0000	0.9893
HAMBI_0403_chrm01_circ_4227635	PS_Ct_r03_2016_04_03_L001	0	0.0000	0.0000	0.9893
HAMBI_0403_chrm01_circ_4227635	PS_Ct_r03_2016_05_04_L001	0	0.0000	0.0000	0.9893
HAMBI_0403_chrm01_circ_4227635	PS_Ct_r03_2016_05_30_L001	0	0.0000	0.0000	0.9893
HAMBI_0403_chrm01_circ_4227635	PS_Ct_r03_2016_07_25_L003	0	0.0000	0.0000	0.9893
HAMBI_0403_chrm01_circ_4227635	PS_Ct_r03_2016_08_22_L003	0	0.0000	0.0000	0.9893
HAMBI_0403_chrm01_circ_4227635	PS_Ct_r03_2016_09_19_L003	0	0.0000	0.0000	0.9893
HAMBI_0403_chrm01_circ_4227635	PS_Ct_r03_2016_10_17_L001	0	0.0000	0.0000	0.9893
HAMBI_0403_chrm01_circ_4227635	PS_Ct_r03_2016_11_14_L001	0	0.0000	0.0000	0.9893
HAMBI_0403_chrm01_circ_4227635	PS_Ct_r03_2016_12_12_L001	0	0.0000	0.0000	0.9893
HAMBI_0403_chrm01_circ_4227635	PS_Ct_r03_2017_01_09_L001	0	0.0000	0.0000	0.9893
HAMBI_0403_chrm01_circ_4227635	PS_Ct_r03_2017_02_06_L001	0	0.0000	0.0000	0.9893
HAMBI_0403_chrm01_circ_4227635	PS_Ct_r03_2017_03_06_L001	0	0.0000	0.0000	0.9893
HAMBI_0403_chrm01_circ_4227635	PS_Ct_r03_2017_05_29_L001	0	0.0505	0.0002	0.9893
HAMBI_0403_chrm01_circ_4227635	PS_Ct_r03_2017_06_26_L001	0	0.1302	0.0033	0.9893
HAMBI_0403_chrm01_circ_4227635	PS_Ct_r03_2017_07_24_L001	0	0.1919	0.0025	0.9893
HAMBI_0403_chrm01_circ_4227635	PS_Ct_r03_2017_08_21_L001	0	0.2076	0.0051	0.9893
HAMBI_0403_chrm01_circ_4252605	PS_Ct_r03_2015_08_24_L001	0	0.0000	0.0000	1.0000
HAMBI_0403_chrm01_circ_4252605	PS_Ct_r03_2015_09_21_L001	0	0.0000	0.0000	1.0000
HAMBI_0403_chrm01_circ_4252605	PS_Ct_r03_2015_10_19_L001	0	0.0000	0.0000	1.0000
HAMBI_0403_chrm01_circ_4252605	PS_Ct_r03_2015_11_16_L002	0	0.0000	0.0000	1.0000
HAMBI_0403_chrm01_circ_4252605	PS_Ct_r03_2015_12_14_L002	0	0.0000	0.0000	1.0000
HAMBI_0403_chrm01_circ_4252605	PS_Ct_r03_2016_01_11_L001	0	0.0000	0.0000	1.0000
HAMBI_0403_chrm01_circ_4252605	PS_Ct_r03_2016_02_08_L001	0	0.0000	0.0000	1.0000
HAMBI_0403_chrm01_circ_4252605	PS_Ct_r03_2016_03_07_L001	0	0.0000	0.0000	1.0000
HAMBI_0403_chrm01_circ_4252605	PS_Ct_r03_2016_04_03_L001	0	0.0000	0.0000	1.0000
HAMBI_0403_chrm01_circ_4252605	PS_Ct_r03_2016_05_04_L001	0	0.0000	0.0000	1.0000
HAMBI_0403_chrm01_circ_4252605	PS_Ct_r03_2016_05_30_L001	0	0.0000	0.0000	1.0000
HAMBI_0403_chrm01_circ_4252605	PS_Ct_r03_2016_07_25_L003	0	0.0000	0.0000	1.0000
HAMBI_0403_chrm01_circ_4252605	PS_Ct_r03_2016_08_22_L003	0	0.0000	0.0000	1.0000
HAMBI_0403_chrm01_circ_4252605	PS_Ct_r03_2016_09_19_L003	0	0.0000	0.0000	1.0000
HAMBI_0403_chrm01_circ_4252605	PS_Ct_r03_2016_10_17_L001	0	0.0000	0.0000	1.0000
HAMBI_0403_chrm01_circ_4252605	PS_Ct_r03_2016_11_14_L001	0	0.0000	0.0000	1.0000
HAMBI_0403_chrm01_circ_4252605	PS_Ct_r03_2016_12_12_L001	0	0.0000	0.0000	1.0000
HAMBI_0403_chrm01_circ_4252605	PS_Ct_r03_2017_01_09_L001	0	0.0000	0.0000	1.0000
HAMBI_0403_chrm01_circ_4252605	PS_Ct_r03_2017_02_06_L001	0	0.0000	0.0000	1.0000
HAMBI_0403_chrm01_circ_4252605	PS_Ct_r03_2017_03_06_L001	0	0.0000	0.0000	1.0000
HAMBI_0403_chrm01_circ_4252605	PS_Ct_r03_2017_05_29_L001	0	0.0505	0.0002	1.0000
HAMBI_0403_chrm01_circ_4252605	PS_Ct_r03_2017_06_26_L001	0	0.1302	0.0033	1.0000
HAMBI_0403_chrm01_circ_4252605	PS_Ct_r03_2017_07_24_L001	0	0.1919	0.0025	1.0000
HAMBI_0403_chrm01_circ_4252605	PS_Ct_r03_2017_08_21_L001	0	0.2076	0.0051	1.0000
HAMBI_0403_chrm01_circ_4295930	PS_Ct_r03_2015_08_24_L001	0	0.0000	0.0000	1.0000
HAMBI_0403_chrm01_circ_4295930	PS_Ct_r03_2015_09_21_L001	0	0.0000	0.0000	1.0000
HAMBI_0403_chrm01_circ_4295930	PS_Ct_r03_2015_10_19_L001	0	0.0000	0.0000	1.0000
HAMBI_0403_chrm01_circ_4295930	PS_Ct_r03_2015_11_16_L002	0	0.0000	0.0000	1.0000
HAMBI_0403_chrm01_circ_4295930	PS_Ct_r03_2015_12_14_L002	0	0.0000	0.0000	1.0000
HAMBI_0403_chrm01_circ_4295930	PS_Ct_r03_2016_01_11_L001	0	0.0000	0.0000	1.0000
HAMBI_0403_chrm01_circ_4295930	PS_Ct_r03_2016_02_08_L001	0	0.0000	0.0000	1.0000
HAMBI_0403_chrm01_circ_4295930	PS_Ct_r03_2016_03_07_L001	0	0.0000	0.0000	1.0000
HAMBI_0403_chrm01_circ_4295930	PS_Ct_r03_2016_04_03_L001	0	0.0000	0.0000	1.0000
HAMBI_0403_chrm01_circ_4295930	PS_Ct_r03_2016_05_04_L001	0	0.0000	0.0000	1.0000
HAMBI_0403_chrm01_circ_4295930	PS_Ct_r03_2016_05_30_L001	0	0.0000	0.0000	1.0000
HAMBI_0403_chrm01_circ_4295930	PS_Ct_r03_2016_07_25_L003	0	0.0000	0.0000	1.0000
HAMBI_0403_chrm01_circ_4295930	PS_Ct_r03_2016_08_22_L003	0	0.0000	0.0000	1.0000
HAMBI_0403_chrm01_circ_4295930	PS_Ct_r03_2016_09_19_L003	0	0.0000	0.0000	1.0000
HAMBI_0403_chrm01_circ_4295930	PS_Ct_r03_2016_10_17_L001	0	0.0000	0.0000	1.0000
HAMBI_0403_chrm01_circ_4295930	PS_Ct_r03_2016_11_14_L001	0	0.0000	0.0000	1.0000
HAMBI_0403_chrm01_circ_4295930	PS_Ct_r03_2016_12_12_L001	0	0.0000	0.0000	1.0000
HAMBI_0403_chrm01_circ_4295930	PS_Ct_r03_2017_01_09_L001	0	0.0000	0.0000	1.0000
HAMBI_0403_chrm01_circ_4295930	PS_Ct_r03_2017_02_06_L001	0	0.0000	0.0000	1.0000
HAMBI_0403_chrm01_circ_4295930	PS_Ct_r03_2017_03_06_L001	0	0.0000	0.0000	1.0000
HAMBI_0403_chrm01_circ_4295930	PS_Ct_r03_2017_05_29_L001	0	0.0505	0.0002	1.0000
HAMBI_0403_chrm01_circ_4295930	PS_Ct_r03_2017_06_26_L001	0	0.1302	0.0033	1.0000
HAMBI_0403_chrm01_circ_4295930	PS_Ct_r03_2017_07_24_L001	0	0.1919	0.0025	1.0000
HAMBI_0403_chrm01_circ_4295930	PS_Ct_r03_2017_08_21_L001	0	0.2076	0.0051	1.0000
HAMBI_0403_chrm01_circ_434325	PS_Ct_r03_2015_08_24_L001	0	0.0000	0.0000	1.0000
HAMBI_0403_chrm01_circ_434325	PS_Ct_r03_2015_09_21_L001	0	0.0000	0.0000	1.0000
HAMBI_0403_chrm01_circ_434325	PS_Ct_r03_2015_10_19_L001	0	0.0000	0.0000	1.0000
HAMBI_0403_chrm01_circ_434325	PS_Ct_r03_2015_11_16_L002	0	0.0000	0.0000	1.0000
HAMBI_0403_chrm01_circ_434325	PS_Ct_r03_2015_12_14_L002	0	0.0000	0.0000	1.0000
HAMBI_0403_chrm01_circ_434325	PS_Ct_r03_2016_01_11_L001	0	0.0000	0.0000	1.0000
HAMBI_0403_chrm01_circ_434325	PS_Ct_r03_2016_02_08_L001	0	0.0000	0.0000	1.0000
HAMBI_0403_chrm01_circ_434325	PS_Ct_r03_2016_03_07_L001	0	0.0000	0.0000	1.0000
HAMBI_0403_chrm01_circ_434325	PS_Ct_r03_2016_04_03_L001	0	0.0000	0.0000	1.0000
HAMBI_0403_chrm01_circ_434325	PS_Ct_r03_2016_05_04_L001	0	0.0000	0.0000	1.0000
HAMBI_0403_chrm01_circ_434325	PS_Ct_r03_2016_05_30_L001	0	0.0000	0.0000	1.0000
HAMBI_0403_chrm01_circ_434325	PS_Ct_r03_2016_07_25_L003	0	0.0000	0.0000	1.0000
HAMBI_0403_chrm01_circ_434325	PS_Ct_r03_2016_08_22_L003	0	0.0000	0.0000	1.0000
HAMBI_0403_chrm01_circ_434325	PS_Ct_r03_2016_09_19_L003	0	0.0000	0.0000	1.0000
HAMBI_0403_chrm01_circ_434325	PS_Ct_r03_2016_10_17_L001	0	0.0000	0.0000	1.0000
HAMBI_0403_chrm01_circ_434325	PS_Ct_r03_2016_11_14_L001	0	0.0000	0.0000	1.0000
HAMBI_0403_chrm01_circ_434325	PS_Ct_r03_2016_12_12_L001	0	0.0000	0.0000	1.0000
HAMBI_0403_chrm01_circ_434325	PS_Ct_r03_2017_01_09_L001	0	0.0000	0.0000	1.0000
HAMBI_0403_chrm01_circ_434325	PS_Ct_r03_2017_02_06_L001	0	0.0000	0.0000	1.0000
HAMBI_0403_chrm01_circ_434325	PS_Ct_r03_2017_03_06_L001	0	0.0000	0.0000	1.0000
HAMBI_0403_chrm01_circ_434325	PS_Ct_r03_2017_05_29_L001	0	0.0505	0.0002	1.0000
HAMBI_0403_chrm01_circ_434325	PS_Ct_r03_2017_06_26_L001	0	0.1302	0.0033	1.0000
HAMBI_0403_chrm01_circ_434325	PS_Ct_r03_2017_07_24_L001	0	0.1919	0.0025	1.0000
HAMBI_0403_chrm01_circ_434325	PS_Ct_r03_2017_08_21_L001	0	0.2076	0.0051	1.0000
HAMBI_0403_chrm01_circ_4367530	PS_Ct_r03_2015_08_24_L001	0	0.0000	0.0000	1.0000
HAMBI_0403_chrm01_circ_4367530	PS_Ct_r03_2015_09_21_L001	0	0.0000	0.0000	1.0000
HAMBI_0403_chrm01_circ_4367530	PS_Ct_r03_2015_10_19_L001	0	0.0000	0.0000	1.0000
HAMBI_0403_chrm01_circ_4367530	PS_Ct_r03_2015_11_16_L002	0	0.0000	0.0000	1.0000
HAMBI_0403_chrm01_circ_4367530	PS_Ct_r03_2015_12_14_L002	0	0.0000	0.0000	1.0000
HAMBI_0403_chrm01_circ_4367530	PS_Ct_r03_2016_01_11_L001	0	0.0000	0.0000	1.0000
HAMBI_0403_chrm01_circ_4367530	PS_Ct_r03_2016_02_08_L001	0	0.0000	0.0000	1.0000
HAMBI_0403_chrm01_circ_4367530	PS_Ct_r03_2016_03_07_L001	0	0.0000	0.0000	1.0000
HAMBI_0403_chrm01_circ_4367530	PS_Ct_r03_2016_04_03_L001	0	0.0000	0.0000	1.0000
HAMBI_0403_chrm01_circ_4367530	PS_Ct_r03_2016_05_04_L001	0	0.0000	0.0000	1.0000
HAMBI_0403_chrm01_circ_4367530	PS_Ct_r03_2016_05_30_L001	0	0.0000	0.0000	1.0000
HAMBI_0403_chrm01_circ_4367530	PS_Ct_r03_2016_07_25_L003	0	0.0000	0.0000	1.0000
HAMBI_0403_chrm01_circ_4367530	PS_Ct_r03_2016_08_22_L003	0	0.0000	0.0000	1.0000
HAMBI_0403_chrm01_circ_4367530	PS_Ct_r03_2016_09_19_L003	0	0.0000	0.0000	1.0000
HAMBI_0403_chrm01_circ_4367530	PS_Ct_r03_2016_10_17_L001	0	0.0000	0.0000	1.0000
HAMBI_0403_chrm01_circ_4367530	PS_Ct_r03_2016_11_14_L001	0	0.0000	0.0000	1.0000
HAMBI_0403_chrm01_circ_4367530	PS_Ct_r03_2016_12_12_L001	0	0.0000	0.0000	1.0000
HAMBI_0403_chrm01_circ_4367530	PS_Ct_r03_2017_01_09_L001	0	0.0000	0.0000	1.0000
HAMBI_0403_chrm01_circ_4367530	PS_Ct_r03_2017_02_06_L001	0	0.0000	0.0000	1.0000
HAMBI_0403_chrm01_circ_4367530	PS_Ct_r03_2017_03_06_L001	0	0.0000	0.0000	1.0000
HAMBI_0403_chrm01_circ_4367530	PS_Ct_r03_2017_05_29_L001	0	0.0505	0.0002	1.0000
HAMBI_0403_chrm01_circ_4367530	PS_Ct_r03_2017_06_26_L001	0	0.1302	0.0033	1.0000
HAMBI_0403_chrm01_circ_4367530	PS_Ct_r03_2017_07_24_L001	0	0.1919	0.0025	1.0000
HAMBI_0403_chrm01_circ_4367530	PS_Ct_r03_2017_08_21_L001	0	0.2076	0.0051	1.0000
HAMBI_0403_chrm01_circ_4378839	PS_Ct_r03_2015_08_24_L001	0	0.0000	0.0000	1.0000
HAMBI_0403_chrm01_circ_4378839	PS_Ct_r03_2015_09_21_L001	0	0.0000	0.0000	1.0000
HAMBI_0403_chrm01_circ_4378839	PS_Ct_r03_2015_10_19_L001	0	0.0000	0.0000	1.0000
HAMBI_0403_chrm01_circ_4378839	PS_Ct_r03_2015_11_16_L002	0	0.0000	0.0000	1.0000
HAMBI_0403_chrm01_circ_4378839	PS_Ct_r03_2015_12_14_L002	0	0.0000	0.0000	1.0000
HAMBI_0403_chrm01_circ_4378839	PS_Ct_r03_2016_01_11_L001	0	0.0000	0.0000	1.0000
HAMBI_0403_chrm01_circ_4378839	PS_Ct_r03_2016_02_08_L001	0	0.0000	0.0000	1.0000
HAMBI_0403_chrm01_circ_4378839	PS_Ct_r03_2016_03_07_L001	0	0.0000	0.0000	1.0000
HAMBI_0403_chrm01_circ_4378839	PS_Ct_r03_2016_04_03_L001	0	0.0000	0.0000	1.0000
HAMBI_0403_chrm01_circ_4378839	PS_Ct_r03_2016_05_04_L001	0	0.0000	0.0000	1.0000
HAMBI_0403_chrm01_circ_4378839	PS_Ct_r03_2016_05_30_L001	0	0.0000	0.0000	1.0000
HAMBI_0403_chrm01_circ_4378839	PS_Ct_r03_2016_07_25_L003	0	0.0000	0.0000	1.0000
HAMBI_0403_chrm01_circ_4378839	PS_Ct_r03_2016_08_22_L003	0	0.0000	0.0000	1.0000
HAMBI_0403_chrm01_circ_4378839	PS_Ct_r03_2016_09_19_L003	0	0.0000	0.0000	1.0000
HAMBI_0403_chrm01_circ_4378839	PS_Ct_r03_2016_10_17_L001	0	0.0000	0.0000	1.0000
HAMBI_0403_chrm01_circ_4378839	PS_Ct_r03_2016_11_14_L001	0	0.0000	0.0000	1.0000
HAMBI_0403_chrm01_circ_4378839	PS_Ct_r03_2016_12_12_L001	0	0.0000	0.0000	1.0000
HAMBI_0403_chrm01_circ_4378839	PS_Ct_r03_2017_01_09_L001	0	0.0000	0.0000	1.0000
HAMBI_0403_chrm01_circ_4378839	PS_Ct_r03_2017_02_06_L001	0	0.0000	0.0000	1.0000
HAMBI_0403_chrm01_circ_4378839	PS_Ct_r03_2017_03_06_L001	0	0.0000	0.0000	1.0000
HAMBI_0403_chrm01_circ_4378839	PS_Ct_r03_2017_05_29_L001	0	0.0505	0.0002	1.0000
HAMBI_0403_chrm01_circ_4378839	PS_Ct_r03_2017_06_26_L001	0	0.1302	0.0033	1.0000
HAMBI_0403_chrm01_circ_4378839	PS_Ct_r03_2017_07_24_L001	0	0.1919	0.0025	1.0000
HAMBI_0403_chrm01_circ_4378839	PS_Ct_r03_2017_08_21_L001	0	0.2076	0.0051	1.0000
HAMBI_0403_chrm01_circ_440957	PS_Ct_r03_2015_08_24_L001	0	0.0000	0.0000	1.0000
HAMBI_0403_chrm01_circ_440957	PS_Ct_r03_2015_09_21_L001	0	0.0000	0.0000	1.0000
HAMBI_0403_chrm01_circ_440957	PS_Ct_r03_2015_10_19_L001	0	0.0000	0.0000	1.0000
HAMBI_0403_chrm01_circ_440957	PS_Ct_r03_2015_11_16_L002	0	0.0000	0.0000	1.0000
HAMBI_0403_chrm01_circ_440957	PS_Ct_r03_2015_12_14_L002	0	0.0000	0.0000	1.0000
HAMBI_0403_chrm01_circ_440957	PS_Ct_r03_2016_01_11_L001	0	0.0000	0.0000	1.0000
HAMBI_0403_chrm01_circ_440957	PS_Ct_r03_2016_02_08_L001	0	0.0000	0.0000	1.0000
HAMBI_0403_chrm01_circ_440957	PS_Ct_r03_2016_03_07_L001	0	0.0000	0.0000	1.0000
HAMBI_0403_chrm01_circ_440957	PS_Ct_r03_2016_04_03_L001	0	0.0000	0.0000	1.0000
HAMBI_0403_chrm01_circ_440957	PS_Ct_r03_2016_05_04_L001	0	0.0000	0.0000	1.0000
HAMBI_0403_chrm01_circ_440957	PS_Ct_r03_2016_05_30_L001	0	0.0000	0.0000	1.0000
HAMBI_0403_chrm01_circ_440957	PS_Ct_r03_2016_07_25_L003	0	0.0000	0.0000	1.0000
HAMBI_0403_chrm01_circ_440957	PS_Ct_r03_2016_08_22_L003	0	0.0000	0.0000	1.0000
HAMBI_0403_chrm01_circ_440957	PS_Ct_r03_2016_09_19_L003	0	0.0000	0.0000	1.0000
HAMBI_0403_chrm01_circ_440957	PS_Ct_r03_2016_10_17_L001	0	0.0000	0.0000	1.0000
HAMBI_0403_chrm01_circ_440957	PS_Ct_r03_2016_11_14_L001	0	0.0000	0.0000	1.0000
HAMBI_0403_chrm01_circ_440957	PS_Ct_r03_2016_12_12_L001	0	0.0000	0.0000	1.0000
HAMBI_0403_chrm01_circ_440957	PS_Ct_r03_2017_01_09_L001	0	0.0000	0.0000	1.0000
HAMBI_0403_chrm01_circ_440957	PS_Ct_r03_2017_02_06_L001	0	0.0000	0.0000	1.0000
HAMBI_0403_chrm01_circ_440957	PS_Ct_r03_2017_03_06_L001	0	0.0000	0.0000	1.0000
HAMBI_0403_chrm01_circ_440957	PS_Ct_r03_2017_05_29_L001	0	0.0505	0.0002	1.0000
HAMBI_0403_chrm01_circ_440957	PS_Ct_r03_2017_06_26_L001	0	0.1302	0.0033	1.0000
HAMBI_0403_chrm01_circ_440957	PS_Ct_r03_2017_07_24_L001	0	0.1919	0.0025	1.0000
HAMBI_0403_chrm01_circ_440957	PS_Ct_r03_2017_08_21_L001	0	0.2076	0.0051	1.0000
HAMBI_0403_chrm01_circ_4450072	PS_Ct_r03_2015_08_24_L001	0	0.0000	0.0000	1.0000
HAMBI_0403_chrm01_circ_4450072	PS_Ct_r03_2015_09_21_L001	0	0.0000	0.0000	1.0000
HAMBI_0403_chrm01_circ_4450072	PS_Ct_r03_2015_10_19_L001	0	0.0000	0.0000	1.0000
HAMBI_0403_chrm01_circ_4450072	PS_Ct_r03_2015_11_16_L002	0	0.0000	0.0000	1.0000
HAMBI_0403_chrm01_circ_4450072	PS_Ct_r03_2015_12_14_L002	0	0.0000	0.0000	1.0000
HAMBI_0403_chrm01_circ_4450072	PS_Ct_r03_2016_01_11_L001	0	0.0000	0.0000	1.0000
HAMBI_0403_chrm01_circ_4450072	PS_Ct_r03_2016_02_08_L001	0	0.0000	0.0000	1.0000
HAMBI_0403_chrm01_circ_4450072	PS_Ct_r03_2016_03_07_L001	0	0.0000	0.0000	1.0000
HAMBI_0403_chrm01_circ_4450072	PS_Ct_r03_2016_04_03_L001	0	0.0000	0.0000	1.0000
HAMBI_0403_chrm01_circ_4450072	PS_Ct_r03_2016_05_04_L001	0	0.0000	0.0000	1.0000
HAMBI_0403_chrm01_circ_4450072	PS_Ct_r03_2016_05_30_L001	0	0.0000	0.0000	1.0000
HAMBI_0403_chrm01_circ_4450072	PS_Ct_r03_2016_07_25_L003	0	0.0000	0.0000	1.0000
HAMBI_0403_chrm01_circ_4450072	PS_Ct_r03_2016_08_22_L003	0	0.0000	0.0000	1.0000
HAMBI_0403_chrm01_circ_4450072	PS_Ct_r03_2016_09_19_L003	0	0.0000	0.0000	1.0000
HAMBI_0403_chrm01_circ_4450072	PS_Ct_r03_2016_10_17_L001	0	0.0000	0.0000	1.0000
HAMBI_0403_chrm01_circ_4450072	PS_Ct_r03_2016_11_14_L001	0	0.0000	0.0000	1.0000
HAMBI_0403_chrm01_circ_4450072	PS_Ct_r03_2016_12_12_L001	0	0.0000	0.0000	1.0000
HAMBI_0403_chrm01_circ_4450072	PS_Ct_r03_2017_01_09_L001	0	0.0000	0.0000	1.0000
HAMBI_0403_chrm01_circ_4450072	PS_Ct_r03_2017_02_06_L001	0	0.0000	0.0000	1.0000
HAMBI_0403_chrm01_circ_4450072	PS_Ct_r03_2017_03_06_L001	0	0.0000	0.0000	1.0000
HAMBI_0403_chrm01_circ_4450072	PS_Ct_r03_2017_05_29_L001	0	0.0505	0.0002	1.0000
HAMBI_0403_chrm01_circ_4450072	PS_Ct_r03_2017_06_26_L001	0	0.1302	0.0033	1.0000
HAMBI_0403_chrm01_circ_4450072	PS_Ct_r03_2017_07_24_L001	0	0.1919	0.0025	1.0000
HAMBI_0403_chrm01_circ_4450072	PS_Ct_r03_2017_08_21_L001	0	0.2076	0.0051	1.0000
HAMBI_0403_chrm01_circ_4537667	PS_Ct_r03_2015_08_24_L001	0	0.0000	0.0000	1.0000
HAMBI_0403_chrm01_circ_4537667	PS_Ct_r03_2015_09_21_L001	0	0.0000	0.0000	1.0000
HAMBI_0403_chrm01_circ_4537667	PS_Ct_r03_2015_10_19_L001	0	0.0000	0.0000	1.0000
HAMBI_0403_chrm01_circ_4537667	PS_Ct_r03_2015_11_16_L002	0	0.0000	0.0000	1.0000
HAMBI_0403_chrm01_circ_4537667	PS_Ct_r03_2015_12_14_L002	0	0.0000	0.0000	1.0000
HAMBI_0403_chrm01_circ_4537667	PS_Ct_r03_2016_01_11_L001	0	0.0000	0.0000	1.0000
HAMBI_0403_chrm01_circ_4537667	PS_Ct_r03_2016_02_08_L001	0	0.0000	0.0000	1.0000
HAMBI_0403_chrm01_circ_4537667	PS_Ct_r03_2016_03_07_L001	0	0.0000	0.0000	1.0000
HAMBI_0403_chrm01_circ_4537667	PS_Ct_r03_2016_04_03_L001	0	0.0000	0.0000	1.0000
HAMBI_0403_chrm01_circ_4537667	PS_Ct_r03_2016_05_04_L001	0	0.0000	0.0000	1.0000
HAMBI_0403_chrm01_circ_4537667	PS_Ct_r03_2016_05_30_L001	0	0.0000	0.0000	1.0000
HAMBI_0403_chrm01_circ_4537667	PS_Ct_r03_2016_07_25_L003	0	0.0000	0.0000	1.0000
HAMBI_0403_chrm01_circ_4537667	PS_Ct_r03_2016_08_22_L003	0	0.0000	0.0000	1.0000
HAMBI_0403_chrm01_circ_4537667	PS_Ct_r03_2016_09_19_L003	0	0.0000	0.0000	1.0000
HAMBI_0403_chrm01_circ_4537667	PS_Ct_r03_2016_10_17_L001	0	0.0000	0.0000	1.0000
HAMBI_0403_chrm01_circ_4537667	PS_Ct_r03_2016_11_14_L001	0	0.0000	0.0000	1.0000
HAMBI_0403_chrm01_circ_4537667	PS_Ct_r03_2016_12_12_L001	0	0.0000	0.0000	1.0000
HAMBI_0403_chrm01_circ_4537667	PS_Ct_r03_2017_01_09_L001	0	0.0000	0.0000	1.0000
HAMBI_0403_chrm01_circ_4537667	PS_Ct_r03_2017_02_06_L001	0	0.0000	0.0000	1.0000
HAMBI_0403_chrm01_circ_4537667	PS_Ct_r03_2017_03_06_L001	0	0.0000	0.0000	1.0000
HAMBI_0403_chrm01_circ_4537667	PS_Ct_r03_2017_05_29_L001	0	0.0505	0.0002	1.0000
HAMBI_0403_chrm01_circ_4537667	PS_Ct_r03_2017_06_26_L001	0	0.1302	0.0033	1.0000
HAMBI_0403_chrm01_circ_4537667	PS_Ct_r03_2017_07_24_L001	0	0.1919	0.0025	1.0000
HAMBI_0403_chrm01_circ_4537667	PS_Ct_r03_2017_08_21_L001	0	0.2076	0.0051	1.0000
HAMBI_0403_chrm01_circ_4568561	PS_Ct_r03_2015_08_24_L001	0	0.0000	0.0000	1.0000
HAMBI_0403_chrm01_circ_4568561	PS_Ct_r03_2015_09_21_L001	0	0.0000	0.0000	1.0000
HAMBI_0403_chrm01_circ_4568561	PS_Ct_r03_2015_10_19_L001	0	0.0000	0.0000	1.0000
HAMBI_0403_chrm01_circ_4568561	PS_Ct_r03_2015_11_16_L002	0	0.0000	0.0000	1.0000
HAMBI_0403_chrm01_circ_4568561	PS_Ct_r03_2015_12_14_L002	0	0.0000	0.0000	1.0000
HAMBI_0403_chrm01_circ_4568561	PS_Ct_r03_2016_01_11_L001	0	0.0000	0.0000	1.0000
HAMBI_0403_chrm01_circ_4568561	PS_Ct_r03_2016_02_08_L001	0	0.0000	0.0000	1.0000
HAMBI_0403_chrm01_circ_4568561	PS_Ct_r03_2016_03_07_L001	0	0.0000	0.0000	1.0000
HAMBI_0403_chrm01_circ_4568561	PS_Ct_r03_2016_04_03_L001	0	0.0000	0.0000	1.0000
HAMBI_0403_chrm01_circ_4568561	PS_Ct_r03_2016_05_04_L001	0	0.0000	0.0000	1.0000
HAMBI_0403_chrm01_circ_4568561	PS_Ct_r03_2016_05_30_L001	0	0.0000	0.0000	1.0000
HAMBI_0403_chrm01_circ_4568561	PS_Ct_r03_2016_07_25_L003	0	0.0000	0.0000	1.0000
HAMBI_0403_chrm01_circ_4568561	PS_Ct_r03_2016_08_22_L003	0	0.0000	0.0000	1.0000
HAMBI_0403_chrm01_circ_4568561	PS_Ct_r03_2016_09_19_L003	0	0.0000	0.0000	1.0000
HAMBI_0403_chrm01_circ_4568561	PS_Ct_r03_2016_10_17_L001	0	0.0000	0.0000	1.0000
HAMBI_0403_chrm01_circ_4568561	PS_Ct_r03_2016_11_14_L001	0	0.0000	0.0000	1.0000
HAMBI_0403_chrm01_circ_4568561	PS_Ct_r03_2016_12_12_L001	0	0.0000	0.0000	1.0000
HAMBI_0403_chrm01_circ_4568561	PS_Ct_r03_2017_01_09_L001	0	0.0000	0.0000	1.0000
HAMBI_0403_chrm01_circ_4568561	PS_Ct_r03_2017_02_06_L001	0	0.0000	0.0000	1.0000
HAMBI_0403_chrm01_circ_4568561	PS_Ct_r03_2017_03_06_L001	0	0.0000	0.0000	1.0000
HAMBI_0403_chrm01_circ_4568561	PS_Ct_r03_2017_05_29_L001	0	0.0505	0.0002	1.0000
HAMBI_0403_chrm01_circ_4568561	PS_Ct_r03_2017_06_26_L001	0	0.1302	0.0033	1.0000
HAMBI_0403_chrm01_circ_4568561	PS_Ct_r03_2017_07_24_L001	0	0.1919	0.0025	1.0000
HAMBI_0403_chrm01_circ_4568561	PS_Ct_r03_2017_08_21_L001	0	0.2076	0.0051	1.0000
HAMBI_0403_chrm01_circ_4574843	PS_Ct_r03_2015_08_24_L001	0	0.0000	0.0000	1.0000
HAMBI_0403_chrm01_circ_4574843	PS_Ct_r03_2015_09_21_L001	0	0.0000	0.0000	1.0000
HAMBI_0403_chrm01_circ_4574843	PS_Ct_r03_2015_10_19_L001	0	0.0000	0.0000	1.0000
HAMBI_0403_chrm01_circ_4574843	PS_Ct_r03_2015_11_16_L002	0	0.0000	0.0000	1.0000
HAMBI_0403_chrm01_circ_4574843	PS_Ct_r03_2015_12_14_L002	0	0.0000	0.0000	1.0000
HAMBI_0403_chrm01_circ_4574843	PS_Ct_r03_2016_01_11_L001	0	0.0000	0.0000	1.0000
HAMBI_0403_chrm01_circ_4574843	PS_Ct_r03_2016_02_08_L001	0	0.0000	0.0000	1.0000
HAMBI_0403_chrm01_circ_4574843	PS_Ct_r03_2016_03_07_L001	0	0.0000	0.0000	1.0000
HAMBI_0403_chrm01_circ_4574843	PS_Ct_r03_2016_04_03_L001	0	0.0000	0.0000	1.0000
HAMBI_0403_chrm01_circ_4574843	PS_Ct_r03_2016_05_04_L001	0	0.0000	0.0000	1.0000
HAMBI_0403_chrm01_circ_4574843	PS_Ct_r03_2016_05_30_L001	0	0.0000	0.0000	1.0000
HAMBI_0403_chrm01_circ_4574843	PS_Ct_r03_2016_07_25_L003	0	0.0000	0.0000	1.0000
HAMBI_0403_chrm01_circ_4574843	PS_Ct_r03_2016_08_22_L003	0	0.0000	0.0000	1.0000
HAMBI_0403_chrm01_circ_4574843	PS_Ct_r03_2016_09_19_L003	0	0.0000	0.0000	1.0000
HAMBI_0403_chrm01_circ_4574843	PS_Ct_r03_2016_10_17_L001	0	0.0000	0.0000	1.0000
HAMBI_0403_chrm01_circ_4574843	PS_Ct_r03_2016_11_14_L001	0	0.0000	0.0000	1.0000
HAMBI_0403_chrm01_circ_4574843	PS_Ct_r03_2016_12_12_L001	0	0.0000	0.0000	1.0000
HAMBI_0403_chrm01_circ_4574843	PS_Ct_r03_2017_01_09_L001	0	0.0000	0.0000	1.0000
HAMBI_0403_chrm01_circ_4574843	PS_Ct_r03_2017_02_06_L001	0	0.0000	0.0000	1.0000
HAMBI_0403_chrm01_circ_4574843	PS_Ct_r03_2017_03_06_L001	0	0.0000	0.0000	1.0000
HAMBI_0403_chrm01_circ_4574843	PS_Ct_r03_2017_05_29_L001	0	0.0505	0.0002	1.0000
HAMBI_0403_chrm01_circ_4574843	PS_Ct_r03_2017_06_26_L001	0	0.1302	0.0033	1.0000
HAMBI_0403_chrm01_circ_4574843	PS_Ct_r03_2017_07_24_L001	0	0.1919	0.0025	1.0000
HAMBI_0403_chrm01_circ_4574843	PS_Ct_r03_2017_08_21_L001	0	0.2076	0.0051	1.0000
HAMBI_0403_chrm01_circ_4597956	PS_Ct_r03_2015_08_24_L001	0	0.0000	0.0000	1.0000
HAMBI_0403_chrm01_circ_4597956	PS_Ct_r03_2015_09_21_L001	0	0.0000	0.0000	1.0000
HAMBI_0403_chrm01_circ_4597956	PS_Ct_r03_2015_10_19_L001	0	0.0000	0.0000	1.0000
HAMBI_0403_chrm01_circ_4597956	PS_Ct_r03_2015_11_16_L002	0	0.0000	0.0000	1.0000
HAMBI_0403_chrm01_circ_4597956	PS_Ct_r03_2015_12_14_L002	0	0.0000	0.0000	1.0000
HAMBI_0403_chrm01_circ_4597956	PS_Ct_r03_2016_01_11_L001	0	0.0000	0.0000	1.0000
HAMBI_0403_chrm01_circ_4597956	PS_Ct_r03_2016_02_08_L001	0	0.0000	0.0000	1.0000
HAMBI_0403_chrm01_circ_4597956	PS_Ct_r03_2016_03_07_L001	0	0.0000	0.0000	1.0000
HAMBI_0403_chrm01_circ_4597956	PS_Ct_r03_2016_04_03_L001	0	0.0000	0.0000	1.0000
HAMBI_0403_chrm01_circ_4597956	PS_Ct_r03_2016_05_04_L001	0	0.0000	0.0000	1.0000
HAMBI_0403_chrm01_circ_4597956	PS_Ct_r03_2016_05_30_L001	0	0.0000	0.0000	1.0000
HAMBI_0403_chrm01_circ_4597956	PS_Ct_r03_2016_07_25_L003	0	0.0000	0.0000	1.0000
HAMBI_0403_chrm01_circ_4597956	PS_Ct_r03_2016_08_22_L003	0	0.0000	0.0000	1.0000
HAMBI_0403_chrm01_circ_4597956	PS_Ct_r03_2016_09_19_L003	0	0.0000	0.0000	1.0000
HAMBI_0403_chrm01_circ_4597956	PS_Ct_r03_2016_10_17_L001	0	0.0000	0.0000	1.0000
HAMBI_0403_chrm01_circ_4597956	PS_Ct_r03_2016_11_14_L001	0	0.0000	0.0000	1.0000
HAMBI_0403_chrm01_circ_4597956	PS_Ct_r03_2016_12_12_L001	0	0.0000	0.0000	1.0000
HAMBI_0403_chrm01_circ_4597956	PS_Ct_r03_2017_01_09_L001	0	0.0000	0.0000	1.0000
HAMBI_0403_chrm01_circ_4597956	PS_Ct_r03_2017_02_06_L001	0	0.0000	0.0000	1.0000
HAMBI_0403_chrm01_circ_4597956	PS_Ct_r03_2017_03_06_L001	0	0.0000	0.0000	1.0000
HAMBI_0403_chrm01_circ_4597956	PS_Ct_r03_2017_05_29_L001	0	0.0505	0.0002	1.0000
HAMBI_0403_chrm01_circ_4597956	PS_Ct_r03_2017_06_26_L001	0	0.1302	0.0033	1.0000
HAMBI_0403_chrm01_circ_4597956	PS_Ct_r03_2017_07_24_L001	0	0.1919	0.0025	1.0000
HAMBI_0403_chrm01_circ_4597956	PS_Ct_r03_2017_08_21_L001	0	0.2076	0.0051	1.0000
HAMBI_0403_chrm01_circ_4629677	PS_Ct_r03_2015_08_24_L001	0	0.0000	0.0000	1.0000
HAMBI_0403_chrm01_circ_4629677	PS_Ct_r03_2015_09_21_L001	0	0.0000	0.0000	1.0000
HAMBI_0403_chrm01_circ_4629677	PS_Ct_r03_2015_10_19_L001	0	0.0000	0.0000	1.0000
HAMBI_0403_chrm01_circ_4629677	PS_Ct_r03_2015_11_16_L002	0	0.0000	0.0000	1.0000
HAMBI_0403_chrm01_circ_4629677	PS_Ct_r03_2015_12_14_L002	0	0.0000	0.0000	1.0000
HAMBI_0403_chrm01_circ_4629677	PS_Ct_r03_2016_01_11_L001	0	0.0000	0.0000	1.0000
HAMBI_0403_chrm01_circ_4629677	PS_Ct_r03_2016_02_08_L001	0	0.0000	0.0000	1.0000
HAMBI_0403_chrm01_circ_4629677	PS_Ct_r03_2016_03_07_L001	0	0.0000	0.0000	1.0000
HAMBI_0403_chrm01_circ_4629677	PS_Ct_r03_2016_04_03_L001	0	0.0000	0.0000	1.0000
HAMBI_0403_chrm01_circ_4629677	PS_Ct_r03_2016_05_04_L001	0	0.0000	0.0000	1.0000
HAMBI_0403_chrm01_circ_4629677	PS_Ct_r03_2016_05_30_L001	0	0.0000	0.0000	1.0000
HAMBI_0403_chrm01_circ_4629677	PS_Ct_r03_2016_07_25_L003	0	0.0000	0.0000	1.0000
HAMBI_0403_chrm01_circ_4629677	PS_Ct_r03_2016_08_22_L003	0	0.0000	0.0000	1.0000
HAMBI_0403_chrm01_circ_4629677	PS_Ct_r03_2016_09_19_L003	0	0.0000	0.0000	1.0000
HAMBI_0403_chrm01_circ_4629677	PS_Ct_r03_2016_10_17_L001	0	0.0000	0.0000	1.0000
HAMBI_0403_chrm01_circ_4629677	PS_Ct_r03_2016_11_14_L001	0	0.0000	0.0000	1.0000
HAMBI_0403_chrm01_circ_4629677	PS_Ct_r03_2016_12_12_L001	0	0.0000	0.0000	1.0000
HAMBI_0403_chrm01_circ_4629677	PS_Ct_r03_2017_01_09_L001	0	0.0000	0.0000	1.0000
HAMBI_0403_chrm01_circ_4629677	PS_Ct_r03_2017_02_06_L001	0	0.0000	0.0000	1.0000
HAMBI_0403_chrm01_circ_4629677	PS_Ct_r03_2017_03_06_L001	0	0.0000	0.0000	1.0000
HAMBI_0403_chrm01_circ_4629677	PS_Ct_r03_2017_05_29_L001	0	0.0505	0.0002	1.0000
HAMBI_0403_chrm01_circ_4629677	PS_Ct_r03_2017_06_26_L001	0	0.1302	0.0033	1.0000
HAMBI_0403_chrm01_circ_4629677	PS_Ct_r03_2017_07_24_L001	0	0.1919	0.0025	1.0000
HAMBI_0403_chrm01_circ_4629677	PS_Ct_r03_2017_08_21_L001	0	0.2076	0.0051	1.0000
HAMBI_0403_chrm01_circ_4750362	PS_Ct_r03_2015_08_24_L001	0	0.0000	0.0000	1.0000
HAMBI_0403_chrm01_circ_4750362	PS_Ct_r03_2015_09_21_L001	0	0.0000	0.0000	1.0000
HAMBI_0403_chrm01_circ_4750362	PS_Ct_r03_2015_10_19_L001	0	0.0000	0.0000	1.0000
HAMBI_0403_chrm01_circ_4750362	PS_Ct_r03_2015_11_16_L002	0	0.0000	0.0000	1.0000
HAMBI_0403_chrm01_circ_4750362	PS_Ct_r03_2015_12_14_L002	0	0.0000	0.0000	1.0000
HAMBI_0403_chrm01_circ_4750362	PS_Ct_r03_2016_01_11_L001	0	0.0000	0.0000	1.0000
HAMBI_0403_chrm01_circ_4750362	PS_Ct_r03_2016_02_08_L001	0	0.0000	0.0000	1.0000
HAMBI_0403_chrm01_circ_4750362	PS_Ct_r03_2016_03_07_L001	0	0.0000	0.0000	1.0000
HAMBI_0403_chrm01_circ_4750362	PS_Ct_r03_2016_04_03_L001	0	0.0000	0.0000	1.0000
HAMBI_0403_chrm01_circ_4750362	PS_Ct_r03_2016_05_04_L001	0	0.0000	0.0000	1.0000
HAMBI_0403_chrm01_circ_4750362	PS_Ct_r03_2016_05_30_L001	0	0.0000	0.0000	1.0000
HAMBI_0403_chrm01_circ_4750362	PS_Ct_r03_2016_07_25_L003	0	0.0000	0.0000	1.0000
HAMBI_0403_chrm01_circ_4750362	PS_Ct_r03_2016_08_22_L003	0	0.0000	0.0000	1.0000
HAMBI_0403_chrm01_circ_4750362	PS_Ct_r03_2016_09_19_L003	0	0.0000	0.0000	1.0000
HAMBI_0403_chrm01_circ_4750362	PS_Ct_r03_2016_10_17_L001	0	0.0000	0.0000	1.0000
HAMBI_0403_chrm01_circ_4750362	PS_Ct_r03_2016_11_14_L001	0	0.0000	0.0000	1.0000
HAMBI_0403_chrm01_circ_4750362	PS_Ct_r03_2016_12_12_L001	0	0.0000	0.0000	1.0000
HAMBI_0403_chrm01_circ_4750362	PS_Ct_r03_2017_01_09_L001	0	0.0000	0.0000	1.0000
HAMBI_0403_chrm01_circ_4750362	PS_Ct_r03_2017_02_06_L001	0	0.0000	0.0000	1.0000
HAMBI_0403_chrm01_circ_4750362	PS_Ct_r03_2017_03_06_L001	0	0.0000	0.0000	1.0000
HAMBI_0403_chrm01_circ_4750362	PS_Ct_r03_2017_05_29_L001	0	0.0505	0.0002	1.0000
HAMBI_0403_chrm01_circ_4750362	PS_Ct_r03_2017_06_26_L001	0	0.1302	0.0033	1.0000
HAMBI_0403_chrm01_circ_4750362	PS_Ct_r03_2017_07_24_L001	0	0.1919	0.0025	1.0000
HAMBI_0403_chrm01_circ_4750362	PS_Ct_r03_2017_08_21_L001	0	0.2076	0.0051	1.0000
HAMBI_0403_chrm01_circ_4761505	PS_Ct_r03_2015_08_24_L001	0	0.0000	0.0000	0.9977
HAMBI_0403_chrm01_circ_4761505	PS_Ct_r03_2015_09_21_L001	0	0.0000	0.0000	0.9977
HAMBI_0403_chrm01_circ_4761505	PS_Ct_r03_2015_10_19_L001	0	0.0000	0.0000	0.9977
HAMBI_0403_chrm01_circ_4761505	PS_Ct_r03_2015_11_16_L002	0	0.0000	0.0000	0.9977
HAMBI_0403_chrm01_circ_4761505	PS_Ct_r03_2015_12_14_L002	0	0.0000	0.0000	0.9977
HAMBI_0403_chrm01_circ_4761505	PS_Ct_r03_2016_01_11_L001	0	0.0000	0.0000	0.9977
HAMBI_0403_chrm01_circ_4761505	PS_Ct_r03_2016_02_08_L001	0	0.0000	0.0000	0.9977
HAMBI_0403_chrm01_circ_4761505	PS_Ct_r03_2016_03_07_L001	0	0.0000	0.0000	0.9977
HAMBI_0403_chrm01_circ_4761505	PS_Ct_r03_2016_04_03_L001	0	0.0000	0.0000	0.9977
HAMBI_0403_chrm01_circ_4761505	PS_Ct_r03_2016_05_04_L001	0	0.0000	0.0000	0.9977
HAMBI_0403_chrm01_circ_4761505	PS_Ct_r03_2016_05_30_L001	0	0.0000	0.0000	0.9977
HAMBI_0403_chrm01_circ_4761505	PS_Ct_r03_2016_07_25_L003	0	0.0000	0.0000	0.9977
HAMBI_0403_chrm01_circ_4761505	PS_Ct_r03_2016_08_22_L003	0	0.0000	0.0000	0.9977
HAMBI_0403_chrm01_circ_4761505	PS_Ct_r03_2016_09_19_L003	0	0.0000	0.0000	0.9977
HAMBI_0403_chrm01_circ_4761505	PS_Ct_r03_2016_10_17_L001	0	0.0000	0.0000	0.9977
HAMBI_0403_chrm01_circ_4761505	PS_Ct_r03_2016_11_14_L001	0	0.0000	0.0000	0.9977
HAMBI_0403_chrm01_circ_4761505	PS_Ct_r03_2016_12_12_L001	0	0.0000	0.0000	0.9977
HAMBI_0403_chrm01_circ_4761505	PS_Ct_r03_2017_01_09_L001	0	0.0000	0.0000	0.9977
HAMBI_0403_chrm01_circ_4761505	PS_Ct_r03_2017_02_06_L001	0	0.0000	0.0000	0.9977
HAMBI_0403_chrm01_circ_4761505	PS_Ct_r03_2017_03_06_L001	0	0.0000	0.0000	0.9977
HAMBI_0403_chrm01_circ_4761505	PS_Ct_r03_2017_05_29_L001	0	0.0505	0.0002	0.9977
HAMBI_0403_chrm01_circ_4761505	PS_Ct_r03_2017_06_26_L001	0	0.1302	0.0033	0.9977
HAMBI_0403_chrm01_circ_4761505	PS_Ct_r03_2017_07_24_L001	0	0.1919	0.0025	0.9977
HAMBI_0403_chrm01_circ_4761505	PS_Ct_r03_2017_08_21_L001	0	0.2076	0.0051	0.9977
HAMBI_0403_chrm01_circ_4807897	PS_Ct_r03_2015_08_24_L001	0	0.0000	0.0000	1.0000
HAMBI_0403_chrm01_circ_4807897	PS_Ct_r03_2015_09_21_L001	0	0.0000	0.0000	1.0000
HAMBI_0403_chrm01_circ_4807897	PS_Ct_r03_2015_10_19_L001	0	0.0000	0.0000	1.0000
HAMBI_0403_chrm01_circ_4807897	PS_Ct_r03_2015_11_16_L002	0	0.0000	0.0000	1.0000
HAMBI_0403_chrm01_circ_4807897	PS_Ct_r03_2015_12_14_L002	0	0.0000	0.0000	1.0000
HAMBI_0403_chrm01_circ_4807897	PS_Ct_r03_2016_01_11_L001	0	0.0000	0.0000	1.0000
HAMBI_0403_chrm01_circ_4807897	PS_Ct_r03_2016_02_08_L001	0	0.0000	0.0000	1.0000
HAMBI_0403_chrm01_circ_4807897	PS_Ct_r03_2016_03_07_L001	0	0.0000	0.0000	1.0000
HAMBI_0403_chrm01_circ_4807897	PS_Ct_r03_2016_04_03_L001	0	0.0000	0.0000	1.0000
HAMBI_0403_chrm01_circ_4807897	PS_Ct_r03_2016_05_04_L001	0	0.0000	0.0000	1.0000
HAMBI_0403_chrm01_circ_4807897	PS_Ct_r03_2016_05_30_L001	0	0.0000	0.0000	1.0000
HAMBI_0403_chrm01_circ_4807897	PS_Ct_r03_2016_07_25_L003	0	0.0000	0.0000	1.0000
HAMBI_0403_chrm01_circ_4807897	PS_Ct_r03_2016_08_22_L003	0	0.0000	0.0000	1.0000
HAMBI_0403_chrm01_circ_4807897	PS_Ct_r03_2016_09_19_L003	0	0.0000	0.0000	1.0000
HAMBI_0403_chrm01_circ_4807897	PS_Ct_r03_2016_10_17_L001	0	0.0000	0.0000	1.0000
HAMBI_0403_chrm01_circ_4807897	PS_Ct_r03_2016_11_14_L001	0	0.0000	0.0000	1.0000
HAMBI_0403_chrm01_circ_4807897	PS_Ct_r03_2016_12_12_L001	0	0.0000	0.0000	1.0000
HAMBI_0403_chrm01_circ_4807897	PS_Ct_r03_2017_01_09_L001	0	0.0000	0.0000	1.0000
HAMBI_0403_chrm01_circ_4807897	PS_Ct_r03_2017_02_06_L001	0	0.0000	0.0000	1.0000
HAMBI_0403_chrm01_circ_4807897	PS_Ct_r03_2017_03_06_L001	0	0.0000	0.0000	1.0000
HAMBI_0403_chrm01_circ_4807897	PS_Ct_r03_2017_05_29_L001	0	0.0505	0.0002	1.0000
HAMBI_0403_chrm01_circ_4807897	PS_Ct_r03_2017_06_26_L001	0	0.1302	0.0033	1.0000
HAMBI_0403_chrm01_circ_4807897	PS_Ct_r03_2017_07_24_L001	0	0.1919	0.0025	1.0000
HAMBI_0403_chrm01_circ_4807897	PS_Ct_r03_2017_08_21_L001	0	0.2076	0.0051	1.0000
HAMBI_0403_chrm01_circ_4807942	PS_Ct_r03_2015_08_24_L001	0	0.0000	0.0000	1.0000
HAMBI_0403_chrm01_circ_4807942	PS_Ct_r03_2015_09_21_L001	0	0.0000	0.0000	1.0000
HAMBI_0403_chrm01_circ_4807942	PS_Ct_r03_2015_10_19_L001	0	0.0000	0.0000	1.0000
HAMBI_0403_chrm01_circ_4807942	PS_Ct_r03_2015_11_16_L002	0	0.0000	0.0000	1.0000
HAMBI_0403_chrm01_circ_4807942	PS_Ct_r03_2015_12_14_L002	0	0.0000	0.0000	1.0000
HAMBI_0403_chrm01_circ_4807942	PS_Ct_r03_2016_01_11_L001	0	0.0000	0.0000	1.0000
HAMBI_0403_chrm01_circ_4807942	PS_Ct_r03_2016_02_08_L001	0	0.0000	0.0000	1.0000
HAMBI_0403_chrm01_circ_4807942	PS_Ct_r03_2016_03_07_L001	0	0.0000	0.0000	1.0000
HAMBI_0403_chrm01_circ_4807942	PS_Ct_r03_2016_04_03_L001	0	0.0000	0.0000	1.0000
HAMBI_0403_chrm01_circ_4807942	PS_Ct_r03_2016_05_04_L001	0	0.0000	0.0000	1.0000
HAMBI_0403_chrm01_circ_4807942	PS_Ct_r03_2016_05_30_L001	0	0.0000	0.0000	1.0000
HAMBI_0403_chrm01_circ_4807942	PS_Ct_r03_2016_07_25_L003	0	0.0000	0.0000	1.0000
HAMBI_0403_chrm01_circ_4807942	PS_Ct_r03_2016_08_22_L003	0	0.0000	0.0000	1.0000
HAMBI_0403_chrm01_circ_4807942	PS_Ct_r03_2016_09_19_L003	0	0.0000	0.0000	1.0000
HAMBI_0403_chrm01_circ_4807942	PS_Ct_r03_2016_10_17_L001	0	0.0000	0.0000	1.0000
HAMBI_0403_chrm01_circ_4807942	PS_Ct_r03_2016_11_14_L001	0	0.0000	0.0000	1.0000
HAMBI_0403_chrm01_circ_4807942	PS_Ct_r03_2016_12_12_L001	0	0.0000	0.0000	1.0000
HAMBI_0403_chrm01_circ_4807942	PS_Ct_r03_2017_01_09_L001	0	0.0000	0.0000	1.0000
HAMBI_0403_chrm01_circ_4807942	PS_Ct_r03_2017_02_06_L001	0	0.0000	0.0000	1.0000
HAMBI_0403_chrm01_circ_4807942	PS_Ct_r03_2017_03_06_L001	0	0.0000	0.0000	1.0000
HAMBI_0403_chrm01_circ_4807942	PS_Ct_r03_2017_05_29_L001	0	0.0505	0.0002	1.0000
HAMBI_0403_chrm01_circ_4807942	PS_Ct_r03_2017_06_26_L001	0	0.1302	0.0033	1.0000
HAMBI_0403_chrm01_circ_4807942	PS_Ct_r03_2017_07_24_L001	0	0.1919	0.0025	1.0000
HAMBI_0403_chrm01_circ_4807942	PS_Ct_r03_2017_08_21_L001	0	0.2076	0.0051	1.0000
HAMBI_0403_chrm01_circ_4827495	PS_Ct_r03_2015_08_24_L001	0	0.0000	0.0000	0.9998
HAMBI_0403_chrm01_circ_4827495	PS_Ct_r03_2015_09_21_L001	0	0.0000	0.0000	0.9998
HAMBI_0403_chrm01_circ_4827495	PS_Ct_r03_2015_10_19_L001	0	0.0000	0.0000	0.9998
HAMBI_0403_chrm01_circ_4827495	PS_Ct_r03_2015_11_16_L002	0	0.0000	0.0000	0.9998
HAMBI_0403_chrm01_circ_4827495	PS_Ct_r03_2015_12_14_L002	0	0.0000	0.0000	0.9998
HAMBI_0403_chrm01_circ_4827495	PS_Ct_r03_2016_01_11_L001	0	0.0000	0.0000	0.9998
HAMBI_0403_chrm01_circ_4827495	PS_Ct_r03_2016_02_08_L001	0	0.0000	0.0000	0.9998
HAMBI_0403_chrm01_circ_4827495	PS_Ct_r03_2016_03_07_L001	0	0.0000	0.0000	0.9998
HAMBI_0403_chrm01_circ_4827495	PS_Ct_r03_2016_04_03_L001	0	0.0000	0.0000	0.9998
HAMBI_0403_chrm01_circ_4827495	PS_Ct_r03_2016_05_04_L001	0	0.0000	0.0000	0.9998
HAMBI_0403_chrm01_circ_4827495	PS_Ct_r03_2016_05_30_L001	0	0.0000	0.0000	0.9998
HAMBI_0403_chrm01_circ_4827495	PS_Ct_r03_2016_07_25_L003	0	0.0000	0.0000	0.9998
HAMBI_0403_chrm01_circ_4827495	PS_Ct_r03_2016_08_22_L003	0	0.0000	0.0000	0.9998
HAMBI_0403_chrm01_circ_4827495	PS_Ct_r03_2016_09_19_L003	0	0.0000	0.0000	0.9998
HAMBI_0403_chrm01_circ_4827495	PS_Ct_r03_2016_10_17_L001	0	0.0000	0.0000	0.9998
HAMBI_0403_chrm01_circ_4827495	PS_Ct_r03_2016_11_14_L001	0	0.0000	0.0000	0.9998
HAMBI_0403_chrm01_circ_4827495	PS_Ct_r03_2016_12_12_L001	0	0.0000	0.0000	0.9998
HAMBI_0403_chrm01_circ_4827495	PS_Ct_r03_2017_01_09_L001	0	0.0000	0.0000	0.9998
HAMBI_0403_chrm01_circ_4827495	PS_Ct_r03_2017_02_06_L001	0	0.0000	0.0000	0.9998
HAMBI_0403_chrm01_circ_4827495	PS_Ct_r03_2017_03_06_L001	0	0.0000	0.0000	0.9998
HAMBI_0403_chrm01_circ_4827495	PS_Ct_r03_2017_05_29_L001	0	0.0505	0.0002	0.9998
HAMBI_0403_chrm01_circ_4827495	PS_Ct_r03_2017_06_26_L001	0	0.1302	0.0033	0.9998
HAMBI_0403_chrm01_circ_4827495	PS_Ct_r03_2017_07_24_L001	0	0.1919	0.0025	0.9998
HAMBI_0403_chrm01_circ_4827495	PS_Ct_r03_2017_08_21_L001	0	0.2076	0.0051	0.9998
HAMBI_0403_chrm01_circ_4829007	PS_Ct_r03_2015_08_24_L001	0	0.0000	0.0000	1.0000
HAMBI_0403_chrm01_circ_4829007	PS_Ct_r03_2015_09_21_L001	0	0.0000	0.0000	1.0000
HAMBI_0403_chrm01_circ_4829007	PS_Ct_r03_2015_10_19_L001	0	0.0000	0.0000	1.0000
HAMBI_0403_chrm01_circ_4829007	PS_Ct_r03_2015_11_16_L002	0	0.0000	0.0000	1.0000
HAMBI_0403_chrm01_circ_4829007	PS_Ct_r03_2015_12_14_L002	0	0.0000	0.0000	1.0000
HAMBI_0403_chrm01_circ_4829007	PS_Ct_r03_2016_01_11_L001	0	0.0000	0.0000	1.0000
HAMBI_0403_chrm01_circ_4829007	PS_Ct_r03_2016_02_08_L001	0	0.0000	0.0000	1.0000
HAMBI_0403_chrm01_circ_4829007	PS_Ct_r03_2016_03_07_L001	0	0.0000	0.0000	1.0000
HAMBI_0403_chrm01_circ_4829007	PS_Ct_r03_2016_04_03_L001	0	0.0000	0.0000	1.0000
HAMBI_0403_chrm01_circ_4829007	PS_Ct_r03_2016_05_04_L001	0	0.0000	0.0000	1.0000
HAMBI_0403_chrm01_circ_4829007	PS_Ct_r03_2016_05_30_L001	0	0.0000	0.0000	1.0000
HAMBI_0403_chrm01_circ_4829007	PS_Ct_r03_2016_07_25_L003	0	0.0000	0.0000	1.0000
HAMBI_0403_chrm01_circ_4829007	PS_Ct_r03_2016_08_22_L003	0	0.0000	0.0000	1.0000
HAMBI_0403_chrm01_circ_4829007	PS_Ct_r03_2016_09_19_L003	0	0.0000	0.0000	1.0000
HAMBI_0403_chrm01_circ_4829007	PS_Ct_r03_2016_10_17_L001	0	0.0000	0.0000	1.0000
HAMBI_0403_chrm01_circ_4829007	PS_Ct_r03_2016_11_14_L001	0	0.0000	0.0000	1.0000
HAMBI_0403_chrm01_circ_4829007	PS_Ct_r03_2016_12_12_L001	0	0.0000	0.0000	1.0000
HAMBI_0403_chrm01_circ_4829007	PS_Ct_r03_2017_01_09_L001	0	0.0000	0.0000	1.0000
HAMBI_0403_chrm01_circ_4829007	PS_Ct_r03_2017_02_06_L001	0	0.0000	0.0000	1.0000
HAMBI_0403_chrm01_circ_4829007	PS_Ct_r03_2017_03_06_L001	0	0.0000	0.0000	1.0000
HAMBI_0403_chrm01_circ_4829007	PS_Ct_r03_2017_05_29_L001	0	0.0505	0.0002	1.0000
HAMBI_0403_chrm01_circ_4829007	PS_Ct_r03_2017_06_26_L001	0	0.1302	0.0033	1.0000
HAMBI_0403_chrm01_circ_4829007	PS_Ct_r03_2017_07_24_L001	0	0.1919	0.0025	1.0000
HAMBI_0403_chrm01_circ_4829007	PS_Ct_r03_2017_08_21_L001	0	0.2076	0.0051	1.0000
HAMBI_0403_chrm01_circ_4829050	PS_Ct_r03_2015_08_24_L001	0	0.0000	0.0000	1.0000
HAMBI_0403_chrm01_circ_4829050	PS_Ct_r03_2015_09_21_L001	0	0.0000	0.0000	1.0000
HAMBI_0403_chrm01_circ_4829050	PS_Ct_r03_2015_10_19_L001	0	0.0000	0.0000	1.0000
HAMBI_0403_chrm01_circ_4829050	PS_Ct_r03_2015_11_16_L002	0	0.0000	0.0000	1.0000
HAMBI_0403_chrm01_circ_4829050	PS_Ct_r03_2015_12_14_L002	0	0.0000	0.0000	1.0000
HAMBI_0403_chrm01_circ_4829050	PS_Ct_r03_2016_01_11_L001	0	0.0000	0.0000	1.0000
HAMBI_0403_chrm01_circ_4829050	PS_Ct_r03_2016_02_08_L001	0	0.0000	0.0000	1.0000
HAMBI_0403_chrm01_circ_4829050	PS_Ct_r03_2016_03_07_L001	0	0.0000	0.0000	1.0000
HAMBI_0403_chrm01_circ_4829050	PS_Ct_r03_2016_04_03_L001	0	0.0000	0.0000	1.0000
HAMBI_0403_chrm01_circ_4829050	PS_Ct_r03_2016_05_04_L001	0	0.0000	0.0000	1.0000
HAMBI_0403_chrm01_circ_4829050	PS_Ct_r03_2016_05_30_L001	0	0.0000	0.0000	1.0000
HAMBI_0403_chrm01_circ_4829050	PS_Ct_r03_2016_07_25_L003	0	0.0000	0.0000	1.0000
HAMBI_0403_chrm01_circ_4829050	PS_Ct_r03_2016_08_22_L003	0	0.0000	0.0000	1.0000
HAMBI_0403_chrm01_circ_4829050	PS_Ct_r03_2016_09_19_L003	0	0.0000	0.0000	1.0000
HAMBI_0403_chrm01_circ_4829050	PS_Ct_r03_2016_10_17_L001	0	0.0000	0.0000	1.0000
HAMBI_0403_chrm01_circ_4829050	PS_Ct_r03_2016_11_14_L001	0	0.0000	0.0000	1.0000
HAMBI_0403_chrm01_circ_4829050	PS_Ct_r03_2016_12_12_L001	0	0.0000	0.0000	1.0000
HAMBI_0403_chrm01_circ_4829050	PS_Ct_r03_2017_01_09_L001	0	0.0000	0.0000	1.0000
HAMBI_0403_chrm01_circ_4829050	PS_Ct_r03_2017_02_06_L001	0	0.0000	0.0000	1.0000
HAMBI_0403_chrm01_circ_4829050	PS_Ct_r03_2017_03_06_L001	0	0.0000	0.0000	1.0000
HAMBI_0403_chrm01_circ_4829050	PS_Ct_r03_2017_05_29_L001	0	0.0505	0.0002	1.0000
HAMBI_0403_chrm01_circ_4829050	PS_Ct_r03_2017_06_26_L001	0	0.1302	0.0033	1.0000
HAMBI_0403_chrm01_circ_4829050	PS_Ct_r03_2017_07_24_L001	0	0.1919	0.0025	1.0000
HAMBI_0403_chrm01_circ_4829050	PS_Ct_r03_2017_08_21_L001	0	0.2076	0.0051	1.0000
HAMBI_0403_chrm01_circ_4831235	PS_Ct_r03_2015_08_24_L001	0	0.0000	0.0000	1.0000
HAMBI_0403_chrm01_circ_4831235	PS_Ct_r03_2015_09_21_L001	0	0.0000	0.0000	1.0000
HAMBI_0403_chrm01_circ_4831235	PS_Ct_r03_2015_10_19_L001	0	0.0000	0.0000	1.0000
HAMBI_0403_chrm01_circ_4831235	PS_Ct_r03_2015_11_16_L002	0	0.0000	0.0000	1.0000
HAMBI_0403_chrm01_circ_4831235	PS_Ct_r03_2015_12_14_L002	0	0.0000	0.0000	1.0000
HAMBI_0403_chrm01_circ_4831235	PS_Ct_r03_2016_01_11_L001	0	0.0000	0.0000	1.0000
HAMBI_0403_chrm01_circ_4831235	PS_Ct_r03_2016_02_08_L001	0	0.0000	0.0000	1.0000
HAMBI_0403_chrm01_circ_4831235	PS_Ct_r03_2016_03_07_L001	0	0.0000	0.0000	1.0000
HAMBI_0403_chrm01_circ_4831235	PS_Ct_r03_2016_04_03_L001	0	0.0000	0.0000	1.0000
HAMBI_0403_chrm01_circ_4831235	PS_Ct_r03_2016_05_04_L001	0	0.0000	0.0000	1.0000
HAMBI_0403_chrm01_circ_4831235	PS_Ct_r03_2016_05_30_L001	0	0.0000	0.0000	1.0000
HAMBI_0403_chrm01_circ_4831235	PS_Ct_r03_2016_07_25_L003	0	0.0000	0.0000	1.0000
HAMBI_0403_chrm01_circ_4831235	PS_Ct_r03_2016_08_22_L003	0	0.0000	0.0000	1.0000
HAMBI_0403_chrm01_circ_4831235	PS_Ct_r03_2016_09_19_L003	0	0.0000	0.0000	1.0000
HAMBI_0403_chrm01_circ_4831235	PS_Ct_r03_2016_10_17_L001	0	0.0000	0.0000	1.0000
HAMBI_0403_chrm01_circ_4831235	PS_Ct_r03_2016_11_14_L001	0	0.0000	0.0000	1.0000
HAMBI_0403_chrm01_circ_4831235	PS_Ct_r03_2016_12_12_L001	0	0.0000	0.0000	1.0000
HAMBI_0403_chrm01_circ_4831235	PS_Ct_r03_2017_01_09_L001	0	0.0000	0.0000	1.0000
HAMBI_0403_chrm01_circ_4831235	PS_Ct_r03_2017_02_06_L001	0	0.0000	0.0000	1.0000
HAMBI_0403_chrm01_circ_4831235	PS_Ct_r03_2017_03_06_L001	0	0.0000	0.0000	1.0000
HAMBI_0403_chrm01_circ_4831235	PS_Ct_r03_2017_05_29_L001	0	0.0505	0.0002	1.0000
HAMBI_0403_chrm01_circ_4831235	PS_Ct_r03_2017_06_26_L001	0	0.1302	0.0033	1.0000
HAMBI_0403_chrm01_circ_4831235	PS_Ct_r03_2017_07_24_L001	0	0.1919	0.0025	1.0000
HAMBI_0403_chrm01_circ_4831235	PS_Ct_r03_2017_08_21_L001	0	0.2076	0.0051	1.0000
HAMBI_0403_chrm01_circ_4893344	PS_Ct_r03_2015_08_24_L001	0	0.0000	0.0000	1.0000
HAMBI_0403_chrm01_circ_4893344	PS_Ct_r03_2015_09_21_L001	0	0.0000	0.0000	1.0000
HAMBI_0403_chrm01_circ_4893344	PS_Ct_r03_2015_10_19_L001	0	0.0000	0.0000	1.0000
HAMBI_0403_chrm01_circ_4893344	PS_Ct_r03_2015_11_16_L002	0	0.0000	0.0000	1.0000
HAMBI_0403_chrm01_circ_4893344	PS_Ct_r03_2015_12_14_L002	0	0.0000	0.0000	1.0000
HAMBI_0403_chrm01_circ_4893344	PS_Ct_r03_2016_01_11_L001	0	0.0000	0.0000	1.0000
HAMBI_0403_chrm01_circ_4893344	PS_Ct_r03_2016_02_08_L001	0	0.0000	0.0000	1.0000
HAMBI_0403_chrm01_circ_4893344	PS_Ct_r03_2016_03_07_L001	0	0.0000	0.0000	1.0000
HAMBI_0403_chrm01_circ_4893344	PS_Ct_r03_2016_04_03_L001	0	0.0000	0.0000	1.0000
HAMBI_0403_chrm01_circ_4893344	PS_Ct_r03_2016_05_04_L001	0	0.0000	0.0000	1.0000
HAMBI_0403_chrm01_circ_4893344	PS_Ct_r03_2016_05_30_L001	0	0.0000	0.0000	1.0000
HAMBI_0403_chrm01_circ_4893344	PS_Ct_r03_2016_07_25_L003	0	0.0000	0.0000	1.0000
HAMBI_0403_chrm01_circ_4893344	PS_Ct_r03_2016_08_22_L003	0	0.0000	0.0000	1.0000
HAMBI_0403_chrm01_circ_4893344	PS_Ct_r03_2016_09_19_L003	0	0.0000	0.0000	1.0000
HAMBI_0403_chrm01_circ_4893344	PS_Ct_r03_2016_10_17_L001	0	0.0000	0.0000	1.0000
HAMBI_0403_chrm01_circ_4893344	PS_Ct_r03_2016_11_14_L001	0	0.0000	0.0000	1.0000
HAMBI_0403_chrm01_circ_4893344	PS_Ct_r03_2016_12_12_L001	0	0.0000	0.0000	1.0000
HAMBI_0403_chrm01_circ_4893344	PS_Ct_r03_2017_01_09_L001	0	0.0000	0.0000	1.0000
HAMBI_0403_chrm01_circ_4893344	PS_Ct_r03_2017_02_06_L001	0	0.0000	0.0000	1.0000
HAMBI_0403_chrm01_circ_4893344	PS_Ct_r03_2017_03_06_L001	0	0.0000	0.0000	1.0000
HAMBI_0403_chrm01_circ_4893344	PS_Ct_r03_2017_05_29_L001	0	0.0505	0.0002	1.0000
HAMBI_0403_chrm01_circ_4893344	PS_Ct_r03_2017_06_26_L001	0	0.1302	0.0033	1.0000
HAMBI_0403_chrm01_circ_4893344	PS_Ct_r03_2017_07_24_L001	0	0.1919	0.0025	1.0000
HAMBI_0403_chrm01_circ_4893344	PS_Ct_r03_2017_08_21_L001	0	0.2076	0.0051	1.0000
HAMBI_0403_chrm01_circ_4947683	PS_Ct_r03_2015_08_24_L001	0	0.0000	0.0000	1.0000
HAMBI_0403_chrm01_circ_4947683	PS_Ct_r03_2015_09_21_L001	0	0.0000	0.0000	1.0000
HAMBI_0403_chrm01_circ_4947683	PS_Ct_r03_2015_10_19_L001	0	0.0000	0.0000	1.0000
HAMBI_0403_chrm01_circ_4947683	PS_Ct_r03_2015_11_16_L002	0	0.0000	0.0000	1.0000
HAMBI_0403_chrm01_circ_4947683	PS_Ct_r03_2015_12_14_L002	0	0.0000	0.0000	1.0000
HAMBI_0403_chrm01_circ_4947683	PS_Ct_r03_2016_01_11_L001	0	0.0000	0.0000	1.0000
HAMBI_0403_chrm01_circ_4947683	PS_Ct_r03_2016_02_08_L001	0	0.0000	0.0000	1.0000
HAMBI_0403_chrm01_circ_4947683	PS_Ct_r03_2016_03_07_L001	0	0.0000	0.0000	1.0000
HAMBI_0403_chrm01_circ_4947683	PS_Ct_r03_2016_04_03_L001	0	0.0000	0.0000	1.0000
HAMBI_0403_chrm01_circ_4947683	PS_Ct_r03_2016_05_04_L001	0	0.0000	0.0000	1.0000
HAMBI_0403_chrm01_circ_4947683	PS_Ct_r03_2016_05_30_L001	0	0.0000	0.0000	1.0000
HAMBI_0403_chrm01_circ_4947683	PS_Ct_r03_2016_07_25_L003	0	0.0000	0.0000	1.0000
HAMBI_0403_chrm01_circ_4947683	PS_Ct_r03_2016_08_22_L003	0	0.0000	0.0000	1.0000
HAMBI_0403_chrm01_circ_4947683	PS_Ct_r03_2016_09_19_L003	0	0.0000	0.0000	1.0000
HAMBI_0403_chrm01_circ_4947683	PS_Ct_r03_2016_10_17_L001	0	0.0000	0.0000	1.0000
HAMBI_0403_chrm01_circ_4947683	PS_Ct_r03_2016_11_14_L001	0	0.0000	0.0000	1.0000
HAMBI_0403_chrm01_circ_4947683	PS_Ct_r03_2016_12_12_L001	0	0.0000	0.0000	1.0000
HAMBI_0403_chrm01_circ_4947683	PS_Ct_r03_2017_01_09_L001	0	0.0000	0.0000	1.0000
HAMBI_0403_chrm01_circ_4947683	PS_Ct_r03_2017_02_06_L001	0	0.0000	0.0000	1.0000
HAMBI_0403_chrm01_circ_4947683	PS_Ct_r03_2017_03_06_L001	0	0.0000	0.0000	1.0000
HAMBI_0403_chrm01_circ_4947683	PS_Ct_r03_2017_05_29_L001	0	0.0505	0.0002	1.0000
HAMBI_0403_chrm01_circ_4947683	PS_Ct_r03_2017_06_26_L001	0	0.1302	0.0033	1.0000
HAMBI_0403_chrm01_circ_4947683	PS_Ct_r03_2017_07_24_L001	0	0.1919	0.0025	1.0000
HAMBI_0403_chrm01_circ_4947683	PS_Ct_r03_2017_08_21_L001	0	0.2076	0.0051	1.0000
HAMBI_0403_chrm01_circ_4968639	PS_Ct_r03_2015_08_24_L001	0	0.0000	0.0000	1.0000
HAMBI_0403_chrm01_circ_4968639	PS_Ct_r03_2015_09_21_L001	0	0.0000	0.0000	1.0000
HAMBI_0403_chrm01_circ_4968639	PS_Ct_r03_2015_10_19_L001	0	0.0000	0.0000	1.0000
HAMBI_0403_chrm01_circ_4968639	PS_Ct_r03_2015_11_16_L002	0	0.0000	0.0000	1.0000
HAMBI_0403_chrm01_circ_4968639	PS_Ct_r03_2015_12_14_L002	0	0.0000	0.0000	1.0000
HAMBI_0403_chrm01_circ_4968639	PS_Ct_r03_2016_01_11_L001	0	0.0000	0.0000	1.0000
HAMBI_0403_chrm01_circ_4968639	PS_Ct_r03_2016_02_08_L001	0	0.0000	0.0000	1.0000
HAMBI_0403_chrm01_circ_4968639	PS_Ct_r03_2016_03_07_L001	0	0.0000	0.0000	1.0000
HAMBI_0403_chrm01_circ_4968639	PS_Ct_r03_2016_04_03_L001	0	0.0000	0.0000	1.0000
HAMBI_0403_chrm01_circ_4968639	PS_Ct_r03_2016_05_04_L001	0	0.0000	0.0000	1.0000
HAMBI_0403_chrm01_circ_4968639	PS_Ct_r03_2016_05_30_L001	0	0.0000	0.0000	1.0000
HAMBI_0403_chrm01_circ_4968639	PS_Ct_r03_2016_07_25_L003	0	0.0000	0.0000	1.0000
HAMBI_0403_chrm01_circ_4968639	PS_Ct_r03_2016_08_22_L003	0	0.0000	0.0000	1.0000
HAMBI_0403_chrm01_circ_4968639	PS_Ct_r03_2016_09_19_L003	0	0.0000	0.0000	1.0000
HAMBI_0403_chrm01_circ_4968639	PS_Ct_r03_2016_10_17_L001	0	0.0000	0.0000	1.0000
HAMBI_0403_chrm01_circ_4968639	PS_Ct_r03_2016_11_14_L001	0	0.0000	0.0000	1.0000
HAMBI_0403_chrm01_circ_4968639	PS_Ct_r03_2016_12_12_L001	0	0.0000	0.0000	1.0000
HAMBI_0403_chrm01_circ_4968639	PS_Ct_r03_2017_01_09_L001	0	0.0000	0.0000	1.0000
HAMBI_0403_chrm01_circ_4968639	PS_Ct_r03_2017_02_06_L001	0	0.0000	0.0000	1.0000
HAMBI_0403_chrm01_circ_4968639	PS_Ct_r03_2017_03_06_L001	0	0.0000	0.0000	1.0000
HAMBI_0403_chrm01_circ_4968639	PS_Ct_r03_2017_05_29_L001	0	0.0505	0.0002	1.0000
HAMBI_0403_chrm01_circ_4968639	PS_Ct_r03_2017_06_26_L001	0	0.1302	0.0033	1.0000
HAMBI_0403_chrm01_circ_4968639	PS_Ct_r03_2017_07_24_L001	0	0.1919	0.0025	1.0000
HAMBI_0403_chrm01_circ_4968639	PS_Ct_r03_2017_08_21_L001	0	0.2076	0.0051	1.0000
HAMBI_0403_chrm01_circ_4973982	PS_Ct_r03_2015_08_24_L001	0	0.0000	0.0000	1.0000
HAMBI_0403_chrm01_circ_4973982	PS_Ct_r03_2015_09_21_L001	0	0.0000	0.0000	1.0000
HAMBI_0403_chrm01_circ_4973982	PS_Ct_r03_2015_10_19_L001	0	0.0000	0.0000	1.0000
HAMBI_0403_chrm01_circ_4973982	PS_Ct_r03_2015_11_16_L002	0	0.0000	0.0000	1.0000
HAMBI_0403_chrm01_circ_4973982	PS_Ct_r03_2015_12_14_L002	0	0.0000	0.0000	1.0000
HAMBI_0403_chrm01_circ_4973982	PS_Ct_r03_2016_01_11_L001	0	0.0000	0.0000	1.0000
HAMBI_0403_chrm01_circ_4973982	PS_Ct_r03_2016_02_08_L001	0	0.0000	0.0000	1.0000
HAMBI_0403_chrm01_circ_4973982	PS_Ct_r03_2016_03_07_L001	0	0.0000	0.0000	1.0000
HAMBI_0403_chrm01_circ_4973982	PS_Ct_r03_2016_04_03_L001	0	0.0000	0.0000	1.0000
HAMBI_0403_chrm01_circ_4973982	PS_Ct_r03_2016_05_04_L001	0	0.0000	0.0000	1.0000
HAMBI_0403_chrm01_circ_4973982	PS_Ct_r03_2016_05_30_L001	0	0.0000	0.0000	1.0000
HAMBI_0403_chrm01_circ_4973982	PS_Ct_r03_2016_07_25_L003	0	0.0000	0.0000	1.0000
HAMBI_0403_chrm01_circ_4973982	PS_Ct_r03_2016_08_22_L003	0	0.0000	0.0000	1.0000
HAMBI_0403_chrm01_circ_4973982	PS_Ct_r03_2016_09_19_L003	0	0.0000	0.0000	1.0000
HAMBI_0403_chrm01_circ_4973982	PS_Ct_r03_2016_10_17_L001	0	0.0000	0.0000	1.0000
HAMBI_0403_chrm01_circ_4973982	PS_Ct_r03_2016_11_14_L001	0	0.0000	0.0000	1.0000
HAMBI_0403_chrm01_circ_4973982	PS_Ct_r03_2016_12_12_L001	0	0.0000	0.0000	1.0000
HAMBI_0403_chrm01_circ_4973982	PS_Ct_r03_2017_01_09_L001	0	0.0000	0.0000	1.0000
HAMBI_0403_chrm01_circ_4973982	PS_Ct_r03_2017_02_06_L001	0	0.0000	0.0000	1.0000
HAMBI_0403_chrm01_circ_4973982	PS_Ct_r03_2017_03_06_L001	0	0.0000	0.0000	1.0000
HAMBI_0403_chrm01_circ_4973982	PS_Ct_r03_2017_05_29_L001	0	0.0505	0.0002	1.0000
HAMBI_0403_chrm01_circ_4973982	PS_Ct_r03_2017_06_26_L001	0	0.1302	0.0033	1.0000
HAMBI_0403_chrm01_circ_4973982	PS_Ct_r03_2017_07_24_L001	0	0.1919	0.0025	1.0000
HAMBI_0403_chrm01_circ_4973982	PS_Ct_r03_2017_08_21_L001	0	0.2076	0.0051	1.0000
HAMBI_0403_chrm01_circ_4994802	PS_Ct_r03_2015_08_24_L001	0	0.0000	0.0000	0.9999
HAMBI_0403_chrm01_circ_4994802	PS_Ct_r03_2015_09_21_L001	0	0.0000	0.0000	0.9999
HAMBI_0403_chrm01_circ_4994802	PS_Ct_r03_2015_10_19_L001	0	0.0000	0.0000	0.9999
HAMBI_0403_chrm01_circ_4994802	PS_Ct_r03_2015_11_16_L002	0	0.0000	0.0000	0.9999
HAMBI_0403_chrm01_circ_4994802	PS_Ct_r03_2015_12_14_L002	0	0.0000	0.0000	0.9999
HAMBI_0403_chrm01_circ_4994802	PS_Ct_r03_2016_01_11_L001	0	0.0000	0.0000	0.9999
HAMBI_0403_chrm01_circ_4994802	PS_Ct_r03_2016_02_08_L001	0	0.0000	0.0000	0.9999
HAMBI_0403_chrm01_circ_4994802	PS_Ct_r03_2016_03_07_L001	0	0.0000	0.0000	0.9999
HAMBI_0403_chrm01_circ_4994802	PS_Ct_r03_2016_04_03_L001	0	0.0000	0.0000	0.9999
HAMBI_0403_chrm01_circ_4994802	PS_Ct_r03_2016_05_04_L001	0	0.0000	0.0000	0.9999
HAMBI_0403_chrm01_circ_4994802	PS_Ct_r03_2016_05_30_L001	0	0.0000	0.0000	0.9999
HAMBI_0403_chrm01_circ_4994802	PS_Ct_r03_2016_07_25_L003	0	0.0000	0.0000	0.9999
HAMBI_0403_chrm01_circ_4994802	PS_Ct_r03_2016_08_22_L003	0	0.0000	0.0000	0.9999
HAMBI_0403_chrm01_circ_4994802	PS_Ct_r03_2016_09_19_L003	0	0.0000	0.0000	0.9999
HAMBI_0403_chrm01_circ_4994802	PS_Ct_r03_2016_10_17_L001	0	0.0000	0.0000	0.9999
HAMBI_0403_chrm01_circ_4994802	PS_Ct_r03_2016_11_14_L001	0	0.0000	0.0000	0.9999
HAMBI_0403_chrm01_circ_4994802	PS_Ct_r03_2016_12_12_L001	0	0.0000	0.0000	0.9999
HAMBI_0403_chrm01_circ_4994802	PS_Ct_r03_2017_01_09_L001	0	0.0000	0.0000	0.9999
HAMBI_0403_chrm01_circ_4994802	PS_Ct_r03_2017_02_06_L001	0	0.0000	0.0000	0.9999
HAMBI_0403_chrm01_circ_4994802	PS_Ct_r03_2017_03_06_L001	0	0.0000	0.0000	0.9999
HAMBI_0403_chrm01_circ_4994802	PS_Ct_r03_2017_05_29_L001	0	0.0505	0.0002	0.9999
HAMBI_0403_chrm01_circ_4994802	PS_Ct_r03_2017_06_26_L001	0	0.1302	0.0033	0.9999
HAMBI_0403_chrm01_circ_4994802	PS_Ct_r03_2017_07_24_L001	0	0.1919	0.0025	0.9999
HAMBI_0403_chrm01_circ_4994802	PS_Ct_r03_2017_08_21_L001	0	0.2076	0.0051	0.9999
HAMBI_0403_chrm01_circ_5035898	PS_Ct_r03_2015_08_24_L001	0	0.0000	0.0000	1.0000
HAMBI_0403_chrm01_circ_5035898	PS_Ct_r03_2015_09_21_L001	0	0.0000	0.0000	1.0000
HAMBI_0403_chrm01_circ_5035898	PS_Ct_r03_2015_10_19_L001	0	0.0000	0.0000	1.0000
HAMBI_0403_chrm01_circ_5035898	PS_Ct_r03_2015_11_16_L002	0	0.0000	0.0000	1.0000
HAMBI_0403_chrm01_circ_5035898	PS_Ct_r03_2015_12_14_L002	0	0.0000	0.0000	1.0000
HAMBI_0403_chrm01_circ_5035898	PS_Ct_r03_2016_01_11_L001	0	0.0000	0.0000	1.0000
HAMBI_0403_chrm01_circ_5035898	PS_Ct_r03_2016_02_08_L001	0	0.0000	0.0000	1.0000
HAMBI_0403_chrm01_circ_5035898	PS_Ct_r03_2016_03_07_L001	0	0.0000	0.0000	1.0000
HAMBI_0403_chrm01_circ_5035898	PS_Ct_r03_2016_04_03_L001	0	0.0000	0.0000	1.0000
HAMBI_0403_chrm01_circ_5035898	PS_Ct_r03_2016_05_04_L001	0	0.0000	0.0000	1.0000
HAMBI_0403_chrm01_circ_5035898	PS_Ct_r03_2016_05_30_L001	0	0.0000	0.0000	1.0000
HAMBI_0403_chrm01_circ_5035898	PS_Ct_r03_2016_07_25_L003	0	0.0000	0.0000	1.0000
HAMBI_0403_chrm01_circ_5035898	PS_Ct_r03_2016_08_22_L003	0	0.0000	0.0000	1.0000
HAMBI_0403_chrm01_circ_5035898	PS_Ct_r03_2016_09_19_L003	0	0.0000	0.0000	1.0000
HAMBI_0403_chrm01_circ_5035898	PS_Ct_r03_2016_10_17_L001	0	0.0000	0.0000	1.0000
HAMBI_0403_chrm01_circ_5035898	PS_Ct_r03_2016_11_14_L001	0	0.0000	0.0000	1.0000
HAMBI_0403_chrm01_circ_5035898	PS_Ct_r03_2016_12_12_L001	0	0.0000	0.0000	1.0000
HAMBI_0403_chrm01_circ_5035898	PS_Ct_r03_2017_01_09_L001	0	0.0000	0.0000	1.0000
HAMBI_0403_chrm01_circ_5035898	PS_Ct_r03_2017_02_06_L001	0	0.0000	0.0000	1.0000
HAMBI_0403_chrm01_circ_5035898	PS_Ct_r03_2017_03_06_L001	0	0.0000	0.0000	1.0000
HAMBI_0403_chrm01_circ_5035898	PS_Ct_r03_2017_05_29_L001	0	0.0505	0.0002	1.0000
HAMBI_0403_chrm01_circ_5035898	PS_Ct_r03_2017_06_26_L001	0	0.1302	0.0033	1.0000
HAMBI_0403_chrm01_circ_5035898	PS_Ct_r03_2017_07_24_L001	0	0.1919	0.0025	1.0000
HAMBI_0403_chrm01_circ_5035898	PS_Ct_r03_2017_08_21_L001	0	0.2076	0.0051	1.0000
HAMBI_0403_chrm01_circ_5060025	PS_Ct_r03_2015_08_24_L001	0	0.0000	0.0000	1.0000
HAMBI_0403_chrm01_circ_5060025	PS_Ct_r03_2015_09_21_L001	0	0.0000	0.0000	1.0000
HAMBI_0403_chrm01_circ_5060025	PS_Ct_r03_2015_10_19_L001	0	0.0000	0.0000	1.0000
HAMBI_0403_chrm01_circ_5060025	PS_Ct_r03_2015_11_16_L002	0	0.0000	0.0000	1.0000
HAMBI_0403_chrm01_circ_5060025	PS_Ct_r03_2015_12_14_L002	0	0.0000	0.0000	1.0000
HAMBI_0403_chrm01_circ_5060025	PS_Ct_r03_2016_01_11_L001	0	0.0000	0.0000	1.0000
HAMBI_0403_chrm01_circ_5060025	PS_Ct_r03_2016_02_08_L001	0	0.0000	0.0000	1.0000
HAMBI_0403_chrm01_circ_5060025	PS_Ct_r03_2016_03_07_L001	0	0.0000	0.0000	1.0000
HAMBI_0403_chrm01_circ_5060025	PS_Ct_r03_2016_04_03_L001	0	0.0000	0.0000	1.0000
HAMBI_0403_chrm01_circ_5060025	PS_Ct_r03_2016_05_04_L001	0	0.0000	0.0000	1.0000
HAMBI_0403_chrm01_circ_5060025	PS_Ct_r03_2016_05_30_L001	0	0.0000	0.0000	1.0000
HAMBI_0403_chrm01_circ_5060025	PS_Ct_r03_2016_07_25_L003	0	0.0000	0.0000	1.0000
HAMBI_0403_chrm01_circ_5060025	PS_Ct_r03_2016_08_22_L003	0	0.0000	0.0000	1.0000
HAMBI_0403_chrm01_circ_5060025	PS_Ct_r03_2016_09_19_L003	0	0.0000	0.0000	1.0000
HAMBI_0403_chrm01_circ_5060025	PS_Ct_r03_2016_10_17_L001	0	0.0000	0.0000	1.0000
HAMBI_0403_chrm01_circ_5060025	PS_Ct_r03_2016_11_14_L001	0	0.0000	0.0000	1.0000
HAMBI_0403_chrm01_circ_5060025	PS_Ct_r03_2016_12_12_L001	0	0.0000	0.0000	1.0000
HAMBI_0403_chrm01_circ_5060025	PS_Ct_r03_2017_01_09_L001	0	0.0000	0.0000	1.0000
HAMBI_0403_chrm01_circ_5060025	PS_Ct_r03_2017_02_06_L001	0	0.0000	0.0000	1.0000
HAMBI_0403_chrm01_circ_5060025	PS_Ct_r03_2017_03_06_L001	0	0.0000	0.0000	1.0000
HAMBI_0403_chrm01_circ_5060025	PS_Ct_r03_2017_05_29_L001	0	0.0505	0.0002	1.0000
HAMBI_0403_chrm01_circ_5060025	PS_Ct_r03_2017_06_26_L001	0	0.1302	0.0033	1.0000
HAMBI_0403_chrm01_circ_5060025	PS_Ct_r03_2017_07_24_L001	0	0.1919	0.0025	1.0000
HAMBI_0403_chrm01_circ_5060025	PS_Ct_r03_2017_08_21_L001	0	0.2076	0.0051	1.0000
HAMBI_0403_chrm01_circ_5074286	PS_Ct_r03_2015_08_24_L001	0	0.0000	0.0000	1.0000
HAMBI_0403_chrm01_circ_5074286	PS_Ct_r03_2015_09_21_L001	0	0.0000	0.0000	1.0000
HAMBI_0403_chrm01_circ_5074286	PS_Ct_r03_2015_10_19_L001	0	0.0000	0.0000	1.0000
HAMBI_0403_chrm01_circ_5074286	PS_Ct_r03_2015_11_16_L002	0	0.0000	0.0000	1.0000
HAMBI_0403_chrm01_circ_5074286	PS_Ct_r03_2015_12_14_L002	0	0.0000	0.0000	1.0000
HAMBI_0403_chrm01_circ_5074286	PS_Ct_r03_2016_01_11_L001	0	0.0000	0.0000	1.0000
HAMBI_0403_chrm01_circ_5074286	PS_Ct_r03_2016_02_08_L001	0	0.0000	0.0000	1.0000
HAMBI_0403_chrm01_circ_5074286	PS_Ct_r03_2016_03_07_L001	0	0.0000	0.0000	1.0000
HAMBI_0403_chrm01_circ_5074286	PS_Ct_r03_2016_04_03_L001	0	0.0000	0.0000	1.0000
HAMBI_0403_chrm01_circ_5074286	PS_Ct_r03_2016_05_04_L001	0	0.0000	0.0000	1.0000
HAMBI_0403_chrm01_circ_5074286	PS_Ct_r03_2016_05_30_L001	0	0.0000	0.0000	1.0000
HAMBI_0403_chrm01_circ_5074286	PS_Ct_r03_2016_07_25_L003	0	0.0000	0.0000	1.0000
HAMBI_0403_chrm01_circ_5074286	PS_Ct_r03_2016_08_22_L003	0	0.0000	0.0000	1.0000
HAMBI_0403_chrm01_circ_5074286	PS_Ct_r03_2016_09_19_L003	0	0.0000	0.0000	1.0000
HAMBI_0403_chrm01_circ_5074286	PS_Ct_r03_2016_10_17_L001	0	0.0000	0.0000	1.0000
HAMBI_0403_chrm01_circ_5074286	PS_Ct_r03_2016_11_14_L001	0	0.0000	0.0000	1.0000
HAMBI_0403_chrm01_circ_5074286	PS_Ct_r03_2016_12_12_L001	0	0.0000	0.0000	1.0000
HAMBI_0403_chrm01_circ_5074286	PS_Ct_r03_2017_01_09_L001	0	0.0000	0.0000	1.0000
HAMBI_0403_chrm01_circ_5074286	PS_Ct_r03_2017_02_06_L001	0	0.0000	0.0000	1.0000
HAMBI_0403_chrm01_circ_5074286	PS_Ct_r03_2017_03_06_L001	0	0.0000	0.0000	1.0000
HAMBI_0403_chrm01_circ_5074286	PS_Ct_r03_2017_05_29_L001	0	0.0505	0.0002	1.0000
HAMBI_0403_chrm01_circ_5074286	PS_Ct_r03_2017_06_26_L001	0	0.1302	0.0033	1.0000
HAMBI_0403_chrm01_circ_5074286	PS_Ct_r03_2017_07_24_L001	0	0.1919	0.0025	1.0000
HAMBI_0403_chrm01_circ_5074286	PS_Ct_r03_2017_08_21_L001	0	0.2076	0.0051	1.0000
HAMBI_0403_chrm01_circ_5106025	PS_Ct_r03_2015_08_24_L001	0	0.0000	0.0000	1.0000
HAMBI_0403_chrm01_circ_5106025	PS_Ct_r03_2015_09_21_L001	0	0.0000	0.0000	1.0000
HAMBI_0403_chrm01_circ_5106025	PS_Ct_r03_2015_10_19_L001	0	0.0000	0.0000	1.0000
HAMBI_0403_chrm01_circ_5106025	PS_Ct_r03_2015_11_16_L002	0	0.0000	0.0000	1.0000
HAMBI_0403_chrm01_circ_5106025	PS_Ct_r03_2015_12_14_L002	0	0.0000	0.0000	1.0000
HAMBI_0403_chrm01_circ_5106025	PS_Ct_r03_2016_01_11_L001	0	0.0000	0.0000	1.0000
HAMBI_0403_chrm01_circ_5106025	PS_Ct_r03_2016_02_08_L001	0	0.0000	0.0000	1.0000
HAMBI_0403_chrm01_circ_5106025	PS_Ct_r03_2016_03_07_L001	0	0.0000	0.0000	1.0000
HAMBI_0403_chrm01_circ_5106025	PS_Ct_r03_2016_04_03_L001	0	0.0000	0.0000	1.0000
HAMBI_0403_chrm01_circ_5106025	PS_Ct_r03_2016_05_04_L001	0	0.0000	0.0000	1.0000
HAMBI_0403_chrm01_circ_5106025	PS_Ct_r03_2016_05_30_L001	0	0.0000	0.0000	1.0000
HAMBI_0403_chrm01_circ_5106025	PS_Ct_r03_2016_07_25_L003	0	0.0000	0.0000	1.0000
HAMBI_0403_chrm01_circ_5106025	PS_Ct_r03_2016_08_22_L003	0	0.0000	0.0000	1.0000
HAMBI_0403_chrm01_circ_5106025	PS_Ct_r03_2016_09_19_L003	0	0.0000	0.0000	1.0000
HAMBI_0403_chrm01_circ_5106025	PS_Ct_r03_2016_10_17_L001	0	0.0000	0.0000	1.0000
HAMBI_0403_chrm01_circ_5106025	PS_Ct_r03_2016_11_14_L001	0	0.0000	0.0000	1.0000
HAMBI_0403_chrm01_circ_5106025	PS_Ct_r03_2016_12_12_L001	0	0.0000	0.0000	1.0000
HAMBI_0403_chrm01_circ_5106025	PS_Ct_r03_2017_01_09_L001	0	0.0000	0.0000	1.0000
HAMBI_0403_chrm01_circ_5106025	PS_Ct_r03_2017_02_06_L001	0	0.0000	0.0000	1.0000
HAMBI_0403_chrm01_circ_5106025	PS_Ct_r03_2017_03_06_L001	0	0.0000	0.0000	1.0000
HAMBI_0403_chrm01_circ_5106025	PS_Ct_r03_2017_05_29_L001	0	0.0505	0.0002	1.0000
HAMBI_0403_chrm01_circ_5106025	PS_Ct_r03_2017_06_26_L001	0	0.1302	0.0033	1.0000
HAMBI_0403_chrm01_circ_5106025	PS_Ct_r03_2017_07_24_L001	0	0.1919	0.0025	1.0000
HAMBI_0403_chrm01_circ_5106025	PS_Ct_r03_2017_08_21_L001	0	0.2076	0.0051	1.0000
HAMBI_0403_chrm01_circ_5130785	PS_Ct_r03_2015_08_24_L001	0	0.0000	0.0000	1.0000
HAMBI_0403_chrm01_circ_5130785	PS_Ct_r03_2015_09_21_L001	0	0.0000	0.0000	1.0000
HAMBI_0403_chrm01_circ_5130785	PS_Ct_r03_2015_10_19_L001	0	0.0000	0.0000	1.0000
HAMBI_0403_chrm01_circ_5130785	PS_Ct_r03_2015_11_16_L002	0	0.0000	0.0000	1.0000
HAMBI_0403_chrm01_circ_5130785	PS_Ct_r03_2015_12_14_L002	0	0.0000	0.0000	1.0000
HAMBI_0403_chrm01_circ_5130785	PS_Ct_r03_2016_01_11_L001	0	0.0000	0.0000	1.0000
HAMBI_0403_chrm01_circ_5130785	PS_Ct_r03_2016_02_08_L001	0	0.0000	0.0000	1.0000
HAMBI_0403_chrm01_circ_5130785	PS_Ct_r03_2016_03_07_L001	0	0.0000	0.0000	1.0000
HAMBI_0403_chrm01_circ_5130785	PS_Ct_r03_2016_04_03_L001	0	0.0000	0.0000	1.0000
HAMBI_0403_chrm01_circ_5130785	PS_Ct_r03_2016_05_04_L001	0	0.0000	0.0000	1.0000
HAMBI_0403_chrm01_circ_5130785	PS_Ct_r03_2016_05_30_L001	0	0.0000	0.0000	1.0000
HAMBI_0403_chrm01_circ_5130785	PS_Ct_r03_2016_07_25_L003	0	0.0000	0.0000	1.0000
HAMBI_0403_chrm01_circ_5130785	PS_Ct_r03_2016_08_22_L003	0	0.0000	0.0000	1.0000
HAMBI_0403_chrm01_circ_5130785	PS_Ct_r03_2016_09_19_L003	0	0.0000	0.0000	1.0000
HAMBI_0403_chrm01_circ_5130785	PS_Ct_r03_2016_10_17_L001	0	0.0000	0.0000	1.0000
HAMBI_0403_chrm01_circ_5130785	PS_Ct_r03_2016_11_14_L001	0	0.0000	0.0000	1.0000
HAMBI_0403_chrm01_circ_5130785	PS_Ct_r03_2016_12_12_L001	0	0.0000	0.0000	1.0000
HAMBI_0403_chrm01_circ_5130785	PS_Ct_r03_2017_01_09_L001	0	0.0000	0.0000	1.0000
HAMBI_0403_chrm01_circ_5130785	PS_Ct_r03_2017_02_06_L001	0	0.0000	0.0000	1.0000
HAMBI_0403_chrm01_circ_5130785	PS_Ct_r03_2017_03_06_L001	0	0.0000	0.0000	1.0000
HAMBI_0403_chrm01_circ_5130785	PS_Ct_r03_2017_05_29_L001	0	0.0505	0.0002	1.0000
HAMBI_0403_chrm01_circ_5130785	PS_Ct_r03_2017_06_26_L001	0	0.1302	0.0033	1.0000
HAMBI_0403_chrm01_circ_5130785	PS_Ct_r03_2017_07_24_L001	0	0.1919	0.0025	1.0000
HAMBI_0403_chrm01_circ_5130785	PS_Ct_r03_2017_08_21_L001	0	0.2076	0.0051	1.0000
HAMBI_0403_chrm01_circ_5198807	PS_Ct_r03_2015_08_24_L001	0	0.0000	0.0000	1.0000
HAMBI_0403_chrm01_circ_5198807	PS_Ct_r03_2015_09_21_L001	0	0.0000	0.0000	1.0000
HAMBI_0403_chrm01_circ_5198807	PS_Ct_r03_2015_10_19_L001	0	0.0000	0.0000	1.0000
HAMBI_0403_chrm01_circ_5198807	PS_Ct_r03_2015_11_16_L002	0	0.0000	0.0000	1.0000
HAMBI_0403_chrm01_circ_5198807	PS_Ct_r03_2015_12_14_L002	0	0.0000	0.0000	1.0000
HAMBI_0403_chrm01_circ_5198807	PS_Ct_r03_2016_01_11_L001	0	0.0000	0.0000	1.0000
HAMBI_0403_chrm01_circ_5198807	PS_Ct_r03_2016_02_08_L001	0	0.0000	0.0000	1.0000
HAMBI_0403_chrm01_circ_5198807	PS_Ct_r03_2016_03_07_L001	0	0.0000	0.0000	1.0000
HAMBI_0403_chrm01_circ_5198807	PS_Ct_r03_2016_04_03_L001	0	0.0000	0.0000	1.0000
HAMBI_0403_chrm01_circ_5198807	PS_Ct_r03_2016_05_04_L001	0	0.0000	0.0000	1.0000
HAMBI_0403_chrm01_circ_5198807	PS_Ct_r03_2016_05_30_L001	0	0.0000	0.0000	1.0000
HAMBI_0403_chrm01_circ_5198807	PS_Ct_r03_2016_07_25_L003	0	0.0000	0.0000	1.0000
HAMBI_0403_chrm01_circ_5198807	PS_Ct_r03_2016_08_22_L003	0	0.0000	0.0000	1.0000
HAMBI_0403_chrm01_circ_5198807	PS_Ct_r03_2016_09_19_L003	0	0.0000	0.0000	1.0000
HAMBI_0403_chrm01_circ_5198807	PS_Ct_r03_2016_10_17_L001	0	0.0000	0.0000	1.0000
HAMBI_0403_chrm01_circ_5198807	PS_Ct_r03_2016_11_14_L001	0	0.0000	0.0000	1.0000
HAMBI_0403_chrm01_circ_5198807	PS_Ct_r03_2016_12_12_L001	0	0.0000	0.0000	1.0000
HAMBI_0403_chrm01_circ_5198807	PS_Ct_r03_2017_01_09_L001	0	0.0000	0.0000	1.0000
HAMBI_0403_chrm01_circ_5198807	PS_Ct_r03_2017_02_06_L001	0	0.0000	0.0000	1.0000
HAMBI_0403_chrm01_circ_5198807	PS_Ct_r03_2017_03_06_L001	0	0.0000	0.0000	1.0000
HAMBI_0403_chrm01_circ_5198807	PS_Ct_r03_2017_05_29_L001	0	0.0505	0.0002	1.0000
HAMBI_0403_chrm01_circ_5198807	PS_Ct_r03_2017_06_26_L001	0	0.1302	0.0033	1.0000
HAMBI_0403_chrm01_circ_5198807	PS_Ct_r03_2017_07_24_L001	0	0.1919	0.0025	1.0000
HAMBI_0403_chrm01_circ_5198807	PS_Ct_r03_2017_08_21_L001	0	0.2076	0.0051	1.0000
HAMBI_0403_chrm01_circ_5317143	PS_Ct_r03_2015_08_24_L001	0	0.0000	0.0000	1.0000
HAMBI_0403_chrm01_circ_5317143	PS_Ct_r03_2015_09_21_L001	0	0.0000	0.0000	1.0000
HAMBI_0403_chrm01_circ_5317143	PS_Ct_r03_2015_10_19_L001	0	0.0000	0.0000	1.0000
HAMBI_0403_chrm01_circ_5317143	PS_Ct_r03_2015_11_16_L002	0	0.0000	0.0000	1.0000
HAMBI_0403_chrm01_circ_5317143	PS_Ct_r03_2015_12_14_L002	0	0.0000	0.0000	1.0000
HAMBI_0403_chrm01_circ_5317143	PS_Ct_r03_2016_01_11_L001	0	0.0000	0.0000	1.0000
HAMBI_0403_chrm01_circ_5317143	PS_Ct_r03_2016_02_08_L001	0	0.0000	0.0000	1.0000
HAMBI_0403_chrm01_circ_5317143	PS_Ct_r03_2016_03_07_L001	0	0.0000	0.0000	1.0000
HAMBI_0403_chrm01_circ_5317143	PS_Ct_r03_2016_04_03_L001	0	0.0000	0.0000	1.0000
HAMBI_0403_chrm01_circ_5317143	PS_Ct_r03_2016_05_04_L001	0	0.0000	0.0000	1.0000
HAMBI_0403_chrm01_circ_5317143	PS_Ct_r03_2016_05_30_L001	0	0.0000	0.0000	1.0000
HAMBI_0403_chrm01_circ_5317143	PS_Ct_r03_2016_07_25_L003	0	0.0000	0.0000	1.0000
HAMBI_0403_chrm01_circ_5317143	PS_Ct_r03_2016_08_22_L003	0	0.0000	0.0000	1.0000
HAMBI_0403_chrm01_circ_5317143	PS_Ct_r03_2016_09_19_L003	0	0.0000	0.0000	1.0000
HAMBI_0403_chrm01_circ_5317143	PS_Ct_r03_2016_10_17_L001	0	0.0000	0.0000	1.0000
HAMBI_0403_chrm01_circ_5317143	PS_Ct_r03_2016_11_14_L001	0	0.0000	0.0000	1.0000
HAMBI_0403_chrm01_circ_5317143	PS_Ct_r03_2016_12_12_L001	0	0.0000	0.0000	1.0000
HAMBI_0403_chrm01_circ_5317143	PS_Ct_r03_2017_01_09_L001	0	0.0000	0.0000	1.0000
HAMBI_0403_chrm01_circ_5317143	PS_Ct_r03_2017_02_06_L001	0	0.0000	0.0000	1.0000
HAMBI_0403_chrm01_circ_5317143	PS_Ct_r03_2017_03_06_L001	0	0.0000	0.0000	1.0000
HAMBI_0403_chrm01_circ_5317143	PS_Ct_r03_2017_05_29_L001	0	0.0505	0.0002	1.0000
HAMBI_0403_chrm01_circ_5317143	PS_Ct_r03_2017_06_26_L001	0	0.1302	0.0033	1.0000
HAMBI_0403_chrm01_circ_5317143	PS_Ct_r03_2017_07_24_L001	0	0.1919	0.0025	1.0000
HAMBI_0403_chrm01_circ_5317143	PS_Ct_r03_2017_08_21_L001	0	0.2076	0.0051	1.0000
HAMBI_0403_chrm01_circ_5380330	PS_Ct_r03_2015_08_24_L001	0	0.0000	0.0000	1.0000
HAMBI_0403_chrm01_circ_5380330	PS_Ct_r03_2015_09_21_L001	0	0.0000	0.0000	1.0000
HAMBI_0403_chrm01_circ_5380330	PS_Ct_r03_2015_10_19_L001	0	0.0000	0.0000	1.0000
HAMBI_0403_chrm01_circ_5380330	PS_Ct_r03_2015_11_16_L002	0	0.0000	0.0000	1.0000
HAMBI_0403_chrm01_circ_5380330	PS_Ct_r03_2015_12_14_L002	0	0.0000	0.0000	1.0000
HAMBI_0403_chrm01_circ_5380330	PS_Ct_r03_2016_01_11_L001	0	0.0000	0.0000	1.0000
HAMBI_0403_chrm01_circ_5380330	PS_Ct_r03_2016_02_08_L001	0	0.0000	0.0000	1.0000
HAMBI_0403_chrm01_circ_5380330	PS_Ct_r03_2016_03_07_L001	0	0.0000	0.0000	1.0000
HAMBI_0403_chrm01_circ_5380330	PS_Ct_r03_2016_04_03_L001	0	0.0000	0.0000	1.0000
HAMBI_0403_chrm01_circ_5380330	PS_Ct_r03_2016_05_04_L001	0	0.0000	0.0000	1.0000
HAMBI_0403_chrm01_circ_5380330	PS_Ct_r03_2016_05_30_L001	0	0.0000	0.0000	1.0000
HAMBI_0403_chrm01_circ_5380330	PS_Ct_r03_2016_07_25_L003	0	0.0000	0.0000	1.0000
HAMBI_0403_chrm01_circ_5380330	PS_Ct_r03_2016_08_22_L003	0	0.0000	0.0000	1.0000
HAMBI_0403_chrm01_circ_5380330	PS_Ct_r03_2016_09_19_L003	0	0.0000	0.0000	1.0000
HAMBI_0403_chrm01_circ_5380330	PS_Ct_r03_2016_10_17_L001	0	0.0000	0.0000	1.0000
HAMBI_0403_chrm01_circ_5380330	PS_Ct_r03_2016_11_14_L001	0	0.0000	0.0000	1.0000
HAMBI_0403_chrm01_circ_5380330	PS_Ct_r03_2016_12_12_L001	0	0.0000	0.0000	1.0000
HAMBI_0403_chrm01_circ_5380330	PS_Ct_r03_2017_01_09_L001	0	0.0000	0.0000	1.0000
HAMBI_0403_chrm01_circ_5380330	PS_Ct_r03_2017_02_06_L001	0	0.0000	0.0000	1.0000
HAMBI_0403_chrm01_circ_5380330	PS_Ct_r03_2017_03_06_L001	0	0.0000	0.0000	1.0000
HAMBI_0403_chrm01_circ_5380330	PS_Ct_r03_2017_05_29_L001	0	0.0505	0.0002	1.0000
HAMBI_0403_chrm01_circ_5380330	PS_Ct_r03_2017_06_26_L001	0	0.1302	0.0033	1.0000
HAMBI_0403_chrm01_circ_5380330	PS_Ct_r03_2017_07_24_L001	0	0.1919	0.0025	1.0000
HAMBI_0403_chrm01_circ_5380330	PS_Ct_r03_2017_08_21_L001	0	0.2076	0.0051	1.0000
HAMBI_0403_chrm01_circ_5387471	PS_Ct_r03_2015_08_24_L001	0	0.0000	0.0000	1.0000
HAMBI_0403_chrm01_circ_5387471	PS_Ct_r03_2015_09_21_L001	0	0.0000	0.0000	1.0000
HAMBI_0403_chrm01_circ_5387471	PS_Ct_r03_2015_10_19_L001	0	0.0000	0.0000	1.0000
HAMBI_0403_chrm01_circ_5387471	PS_Ct_r03_2015_11_16_L002	0	0.0000	0.0000	1.0000
HAMBI_0403_chrm01_circ_5387471	PS_Ct_r03_2015_12_14_L002	0	0.0000	0.0000	1.0000
HAMBI_0403_chrm01_circ_5387471	PS_Ct_r03_2016_01_11_L001	0	0.0000	0.0000	1.0000
HAMBI_0403_chrm01_circ_5387471	PS_Ct_r03_2016_02_08_L001	0	0.0000	0.0000	1.0000
HAMBI_0403_chrm01_circ_5387471	PS_Ct_r03_2016_03_07_L001	0	0.0000	0.0000	1.0000
HAMBI_0403_chrm01_circ_5387471	PS_Ct_r03_2016_04_03_L001	0	0.0000	0.0000	1.0000
HAMBI_0403_chrm01_circ_5387471	PS_Ct_r03_2016_05_04_L001	0	0.0000	0.0000	1.0000
HAMBI_0403_chrm01_circ_5387471	PS_Ct_r03_2016_05_30_L001	0	0.0000	0.0000	1.0000
HAMBI_0403_chrm01_circ_5387471	PS_Ct_r03_2016_07_25_L003	0	0.0000	0.0000	1.0000
HAMBI_0403_chrm01_circ_5387471	PS_Ct_r03_2016_08_22_L003	0	0.0000	0.0000	1.0000
HAMBI_0403_chrm01_circ_5387471	PS_Ct_r03_2016_09_19_L003	0	0.0000	0.0000	1.0000
HAMBI_0403_chrm01_circ_5387471	PS_Ct_r03_2016_10_17_L001	0	0.0000	0.0000	1.0000
HAMBI_0403_chrm01_circ_5387471	PS_Ct_r03_2016_11_14_L001	0	0.0000	0.0000	1.0000
HAMBI_0403_chrm01_circ_5387471	PS_Ct_r03_2016_12_12_L001	0	0.0000	0.0000	1.0000
HAMBI_0403_chrm01_circ_5387471	PS_Ct_r03_2017_01_09_L001	0	0.0000	0.0000	1.0000
HAMBI_0403_chrm01_circ_5387471	PS_Ct_r03_2017_02_06_L001	0	0.0000	0.0000	1.0000
HAMBI_0403_chrm01_circ_5387471	PS_Ct_r03_2017_03_06_L001	0	0.0000	0.0000	1.0000
HAMBI_0403_chrm01_circ_5387471	PS_Ct_r03_2017_05_29_L001	0	0.0505	0.0002	1.0000
HAMBI_0403_chrm01_circ_5387471	PS_Ct_r03_2017_06_26_L001	0	0.1302	0.0033	1.0000
HAMBI_0403_chrm01_circ_5387471	PS_Ct_r03_2017_07_24_L001	0	0.1919	0.0025	1.0000
HAMBI_0403_chrm01_circ_5387471	PS_Ct_r03_2017_08_21_L001	0	0.2076	0.0051	1.0000
HAMBI_0403_chrm01_circ_5407887	PS_Ct_r03_2015_08_24_L001	0	0.0000	0.0000	1.0000
HAMBI_0403_chrm01_circ_5407887	PS_Ct_r03_2015_09_21_L001	0	0.0000	0.0000	1.0000
HAMBI_0403_chrm01_circ_5407887	PS_Ct_r03_2015_10_19_L001	0	0.0000	0.0000	1.0000
HAMBI_0403_chrm01_circ_5407887	PS_Ct_r03_2015_11_16_L002	0	0.0000	0.0000	1.0000
HAMBI_0403_chrm01_circ_5407887	PS_Ct_r03_2015_12_14_L002	0	0.0000	0.0000	1.0000
HAMBI_0403_chrm01_circ_5407887	PS_Ct_r03_2016_01_11_L001	0	0.0000	0.0000	1.0000
HAMBI_0403_chrm01_circ_5407887	PS_Ct_r03_2016_02_08_L001	0	0.0000	0.0000	1.0000
HAMBI_0403_chrm01_circ_5407887	PS_Ct_r03_2016_03_07_L001	0	0.0000	0.0000	1.0000
HAMBI_0403_chrm01_circ_5407887	PS_Ct_r03_2016_04_03_L001	0	0.0000	0.0000	1.0000
HAMBI_0403_chrm01_circ_5407887	PS_Ct_r03_2016_05_04_L001	0	0.0000	0.0000	1.0000
HAMBI_0403_chrm01_circ_5407887	PS_Ct_r03_2016_05_30_L001	0	0.0000	0.0000	1.0000
HAMBI_0403_chrm01_circ_5407887	PS_Ct_r03_2016_07_25_L003	0	0.0000	0.0000	1.0000
HAMBI_0403_chrm01_circ_5407887	PS_Ct_r03_2016_08_22_L003	0	0.0000	0.0000	1.0000
HAMBI_0403_chrm01_circ_5407887	PS_Ct_r03_2016_09_19_L003	0	0.0000	0.0000	1.0000
HAMBI_0403_chrm01_circ_5407887	PS_Ct_r03_2016_10_17_L001	0	0.0000	0.0000	1.0000
HAMBI_0403_chrm01_circ_5407887	PS_Ct_r03_2016_11_14_L001	0	0.0000	0.0000	1.0000
HAMBI_0403_chrm01_circ_5407887	PS_Ct_r03_2016_12_12_L001	0	0.0000	0.0000	1.0000
HAMBI_0403_chrm01_circ_5407887	PS_Ct_r03_2017_01_09_L001	0	0.0000	0.0000	1.0000
HAMBI_0403_chrm01_circ_5407887	PS_Ct_r03_2017_02_06_L001	0	0.0000	0.0000	1.0000
HAMBI_0403_chrm01_circ_5407887	PS_Ct_r03_2017_03_06_L001	0	0.0000	0.0000	1.0000
HAMBI_0403_chrm01_circ_5407887	PS_Ct_r03_2017_05_29_L001	0	0.0505	0.0002	1.0000
HAMBI_0403_chrm01_circ_5407887	PS_Ct_r03_2017_06_26_L001	0	0.1302	0.0033	1.0000
HAMBI_0403_chrm01_circ_5407887	PS_Ct_r03_2017_07_24_L001	0	0.1919	0.0025	1.0000
HAMBI_0403_chrm01_circ_5407887	PS_Ct_r03_2017_08_21_L001	0	0.2076	0.0051	1.0000
HAMBI_0403_chrm01_circ_5447164	PS_Ct_r03_2015_08_24_L001	0	0.0000	0.0000	1.0000
HAMBI_0403_chrm01_circ_5447164	PS_Ct_r03_2015_09_21_L001	0	0.0000	0.0000	1.0000
HAMBI_0403_chrm01_circ_5447164	PS_Ct_r03_2015_10_19_L001	0	0.0000	0.0000	1.0000
HAMBI_0403_chrm01_circ_5447164	PS_Ct_r03_2015_11_16_L002	0	0.0000	0.0000	1.0000
HAMBI_0403_chrm01_circ_5447164	PS_Ct_r03_2015_12_14_L002	0	0.0000	0.0000	1.0000
HAMBI_0403_chrm01_circ_5447164	PS_Ct_r03_2016_01_11_L001	0	0.0000	0.0000	1.0000
HAMBI_0403_chrm01_circ_5447164	PS_Ct_r03_2016_02_08_L001	0	0.0000	0.0000	1.0000
HAMBI_0403_chrm01_circ_5447164	PS_Ct_r03_2016_03_07_L001	0	0.0000	0.0000	1.0000
HAMBI_0403_chrm01_circ_5447164	PS_Ct_r03_2016_04_03_L001	0	0.0000	0.0000	1.0000
HAMBI_0403_chrm01_circ_5447164	PS_Ct_r03_2016_05_04_L001	0	0.0000	0.0000	1.0000
HAMBI_0403_chrm01_circ_5447164	PS_Ct_r03_2016_05_30_L001	0	0.0000	0.0000	1.0000
HAMBI_0403_chrm01_circ_5447164	PS_Ct_r03_2016_07_25_L003	0	0.0000	0.0000	1.0000
HAMBI_0403_chrm01_circ_5447164	PS_Ct_r03_2016_08_22_L003	0	0.0000	0.0000	1.0000
HAMBI_0403_chrm01_circ_5447164	PS_Ct_r03_2016_09_19_L003	0	0.0000	0.0000	1.0000
HAMBI_0403_chrm01_circ_5447164	PS_Ct_r03_2016_10_17_L001	0	0.0000	0.0000	1.0000
HAMBI_0403_chrm01_circ_5447164	PS_Ct_r03_2016_11_14_L001	0	0.0000	0.0000	1.0000
HAMBI_0403_chrm01_circ_5447164	PS_Ct_r03_2016_12_12_L001	0	0.0000	0.0000	1.0000
HAMBI_0403_chrm01_circ_5447164	PS_Ct_r03_2017_01_09_L001	0	0.0000	0.0000	1.0000
HAMBI_0403_chrm01_circ_5447164	PS_Ct_r03_2017_02_06_L001	0	0.0000	0.0000	1.0000
HAMBI_0403_chrm01_circ_5447164	PS_Ct_r03_2017_03_06_L001	0	0.0000	0.0000	1.0000
HAMBI_0403_chrm01_circ_5447164	PS_Ct_r03_2017_05_29_L001	0	0.0505	0.0002	1.0000
HAMBI_0403_chrm01_circ_5447164	PS_Ct_r03_2017_06_26_L001	0	0.1302	0.0033	1.0000
HAMBI_0403_chrm01_circ_5447164	PS_Ct_r03_2017_07_24_L001	0	0.1919	0.0025	1.0000
HAMBI_0403_chrm01_circ_5447164	PS_Ct_r03_2017_08_21_L001	0	0.2076	0.0051	1.0000
HAMBI_0403_chrm01_circ_5448089	PS_Ct_r03_2015_08_24_L001	0	0.0000	0.0000	1.0000
HAMBI_0403_chrm01_circ_5448089	PS_Ct_r03_2015_09_21_L001	0	0.0000	0.0000	1.0000
HAMBI_0403_chrm01_circ_5448089	PS_Ct_r03_2015_10_19_L001	0	0.0000	0.0000	1.0000
HAMBI_0403_chrm01_circ_5448089	PS_Ct_r03_2015_11_16_L002	0	0.0000	0.0000	1.0000
HAMBI_0403_chrm01_circ_5448089	PS_Ct_r03_2015_12_14_L002	0	0.0000	0.0000	1.0000
HAMBI_0403_chrm01_circ_5448089	PS_Ct_r03_2016_01_11_L001	0	0.0000	0.0000	1.0000
HAMBI_0403_chrm01_circ_5448089	PS_Ct_r03_2016_02_08_L001	0	0.0000	0.0000	1.0000
HAMBI_0403_chrm01_circ_5448089	PS_Ct_r03_2016_03_07_L001	0	0.0000	0.0000	1.0000
HAMBI_0403_chrm01_circ_5448089	PS_Ct_r03_2016_04_03_L001	0	0.0000	0.0000	1.0000
HAMBI_0403_chrm01_circ_5448089	PS_Ct_r03_2016_05_04_L001	0	0.0000	0.0000	1.0000
HAMBI_0403_chrm01_circ_5448089	PS_Ct_r03_2016_05_30_L001	0	0.0000	0.0000	1.0000
HAMBI_0403_chrm01_circ_5448089	PS_Ct_r03_2016_07_25_L003	0	0.0000	0.0000	1.0000
HAMBI_0403_chrm01_circ_5448089	PS_Ct_r03_2016_08_22_L003	0	0.0000	0.0000	1.0000
HAMBI_0403_chrm01_circ_5448089	PS_Ct_r03_2016_09_19_L003	0	0.0000	0.0000	1.0000
HAMBI_0403_chrm01_circ_5448089	PS_Ct_r03_2016_10_17_L001	0	0.0000	0.0000	1.0000
HAMBI_0403_chrm01_circ_5448089	PS_Ct_r03_2016_11_14_L001	0	0.0000	0.0000	1.0000
HAMBI_0403_chrm01_circ_5448089	PS_Ct_r03_2016_12_12_L001	0	0.0000	0.0000	1.0000
HAMBI_0403_chrm01_circ_5448089	PS_Ct_r03_2017_01_09_L001	0	0.0000	0.0000	1.0000
HAMBI_0403_chrm01_circ_5448089	PS_Ct_r03_2017_02_06_L001	0	0.0000	0.0000	1.0000
HAMBI_0403_chrm01_circ_5448089	PS_Ct_r03_2017_03_06_L001	0	0.0000	0.0000	1.0000
HAMBI_0403_chrm01_circ_5448089	PS_Ct_r03_2017_05_29_L001	0	0.0505	0.0002	1.0000
HAMBI_0403_chrm01_circ_5448089	PS_Ct_r03_2017_06_26_L001	0	0.1302	0.0033	1.0000
HAMBI_0403_chrm01_circ_5448089	PS_Ct_r03_2017_07_24_L001	0	0.1919	0.0025	1.0000
HAMBI_0403_chrm01_circ_5448089	PS_Ct_r03_2017_08_21_L001	0	0.2076	0.0051	1.0000
HAMBI_0403_chrm01_circ_5454777	PS_Ct_r03_2015_08_24_L001	0	0.0000	0.0000	1.0000
HAMBI_0403_chrm01_circ_5454777	PS_Ct_r03_2015_09_21_L001	0	0.0000	0.0000	1.0000
HAMBI_0403_chrm01_circ_5454777	PS_Ct_r03_2015_10_19_L001	0	0.0000	0.0000	1.0000
HAMBI_0403_chrm01_circ_5454777	PS_Ct_r03_2015_11_16_L002	0	0.0000	0.0000	1.0000
HAMBI_0403_chrm01_circ_5454777	PS_Ct_r03_2015_12_14_L002	0	0.0000	0.0000	1.0000
HAMBI_0403_chrm01_circ_5454777	PS_Ct_r03_2016_01_11_L001	0	0.0000	0.0000	1.0000
HAMBI_0403_chrm01_circ_5454777	PS_Ct_r03_2016_02_08_L001	0	0.0000	0.0000	1.0000
HAMBI_0403_chrm01_circ_5454777	PS_Ct_r03_2016_03_07_L001	0	0.0000	0.0000	1.0000
HAMBI_0403_chrm01_circ_5454777	PS_Ct_r03_2016_04_03_L001	0	0.0000	0.0000	1.0000
HAMBI_0403_chrm01_circ_5454777	PS_Ct_r03_2016_05_04_L001	0	0.0000	0.0000	1.0000
HAMBI_0403_chrm01_circ_5454777	PS_Ct_r03_2016_05_30_L001	0	0.0000	0.0000	1.0000
HAMBI_0403_chrm01_circ_5454777	PS_Ct_r03_2016_07_25_L003	0	0.0000	0.0000	1.0000
HAMBI_0403_chrm01_circ_5454777	PS_Ct_r03_2016_08_22_L003	0	0.0000	0.0000	1.0000
HAMBI_0403_chrm01_circ_5454777	PS_Ct_r03_2016_09_19_L003	0	0.0000	0.0000	1.0000
HAMBI_0403_chrm01_circ_5454777	PS_Ct_r03_2016_10_17_L001	0	0.0000	0.0000	1.0000
HAMBI_0403_chrm01_circ_5454777	PS_Ct_r03_2016_11_14_L001	0	0.0000	0.0000	1.0000
HAMBI_0403_chrm01_circ_5454777	PS_Ct_r03_2016_12_12_L001	0	0.0000	0.0000	1.0000
HAMBI_0403_chrm01_circ_5454777	PS_Ct_r03_2017_01_09_L001	0	0.0000	0.0000	1.0000
HAMBI_0403_chrm01_circ_5454777	PS_Ct_r03_2017_02_06_L001	0	0.0000	0.0000	1.0000
HAMBI_0403_chrm01_circ_5454777	PS_Ct_r03_2017_03_06_L001	0	0.0000	0.0000	1.0000
HAMBI_0403_chrm01_circ_5454777	PS_Ct_r03_2017_05_29_L001	0	0.0505	0.0002	1.0000
HAMBI_0403_chrm01_circ_5454777	PS_Ct_r03_2017_06_26_L001	0	0.1302	0.0033	1.0000
HAMBI_0403_chrm01_circ_5454777	PS_Ct_r03_2017_07_24_L001	0	0.1919	0.0025	1.0000
HAMBI_0403_chrm01_circ_5454777	PS_Ct_r03_2017_08_21_L001	0	0.2076	0.0051	1.0000
HAMBI_0403_chrm01_circ_5466654	PS_Ct_r03_2015_08_24_L001	0	0.0000	0.0000	1.0000
HAMBI_0403_chrm01_circ_5466654	PS_Ct_r03_2015_09_21_L001	0	0.0000	0.0000	1.0000
HAMBI_0403_chrm01_circ_5466654	PS_Ct_r03_2015_10_19_L001	0	0.0000	0.0000	1.0000
HAMBI_0403_chrm01_circ_5466654	PS_Ct_r03_2015_11_16_L002	0	0.0000	0.0000	1.0000
HAMBI_0403_chrm01_circ_5466654	PS_Ct_r03_2015_12_14_L002	0	0.0000	0.0000	1.0000
HAMBI_0403_chrm01_circ_5466654	PS_Ct_r03_2016_01_11_L001	0	0.0000	0.0000	1.0000
HAMBI_0403_chrm01_circ_5466654	PS_Ct_r03_2016_02_08_L001	0	0.0000	0.0000	1.0000
HAMBI_0403_chrm01_circ_5466654	PS_Ct_r03_2016_03_07_L001	0	0.0000	0.0000	1.0000
HAMBI_0403_chrm01_circ_5466654	PS_Ct_r03_2016_04_03_L001	0	0.0000	0.0000	1.0000
HAMBI_0403_chrm01_circ_5466654	PS_Ct_r03_2016_05_04_L001	0	0.0000	0.0000	1.0000
HAMBI_0403_chrm01_circ_5466654	PS_Ct_r03_2016_05_30_L001	0	0.0000	0.0000	1.0000
HAMBI_0403_chrm01_circ_5466654	PS_Ct_r03_2016_07_25_L003	0	0.0000	0.0000	1.0000
HAMBI_0403_chrm01_circ_5466654	PS_Ct_r03_2016_08_22_L003	0	0.0000	0.0000	1.0000
HAMBI_0403_chrm01_circ_5466654	PS_Ct_r03_2016_09_19_L003	0	0.0000	0.0000	1.0000
HAMBI_0403_chrm01_circ_5466654	PS_Ct_r03_2016_10_17_L001	0	0.0000	0.0000	1.0000
HAMBI_0403_chrm01_circ_5466654	PS_Ct_r03_2016_11_14_L001	0	0.0000	0.0000	1.0000
HAMBI_0403_chrm01_circ_5466654	PS_Ct_r03_2016_12_12_L001	0	0.0000	0.0000	1.0000
HAMBI_0403_chrm01_circ_5466654	PS_Ct_r03_2017_01_09_L001	0	0.0000	0.0000	1.0000
HAMBI_0403_chrm01_circ_5466654	PS_Ct_r03_2017_02_06_L001	0	0.0000	0.0000	1.0000
HAMBI_0403_chrm01_circ_5466654	PS_Ct_r03_2017_03_06_L001	0	0.0000	0.0000	1.0000
HAMBI_0403_chrm01_circ_5466654	PS_Ct_r03_2017_05_29_L001	0	0.0505	0.0002	1.0000
HAMBI_0403_chrm01_circ_5466654	PS_Ct_r03_2017_06_26_L001	0	0.1302	0.0033	1.0000
HAMBI_0403_chrm01_circ_5466654	PS_Ct_r03_2017_07_24_L001	0	0.1919	0.0025	1.0000
HAMBI_0403_chrm01_circ_5466654	PS_Ct_r03_2017_08_21_L001	0	0.2076	0.0051	1.0000
HAMBI_0403_chrm01_circ_5476119	PS_Ct_r03_2015_08_24_L001	0	0.0000	0.0000	1.0000
HAMBI_0403_chrm01_circ_5476119	PS_Ct_r03_2015_09_21_L001	0	0.0000	0.0000	1.0000
HAMBI_0403_chrm01_circ_5476119	PS_Ct_r03_2015_10_19_L001	0	0.0000	0.0000	1.0000
HAMBI_0403_chrm01_circ_5476119	PS_Ct_r03_2015_11_16_L002	0	0.0000	0.0000	1.0000
HAMBI_0403_chrm01_circ_5476119	PS_Ct_r03_2015_12_14_L002	0	0.0000	0.0000	1.0000
HAMBI_0403_chrm01_circ_5476119	PS_Ct_r03_2016_01_11_L001	0	0.0000	0.0000	1.0000
HAMBI_0403_chrm01_circ_5476119	PS_Ct_r03_2016_02_08_L001	0	0.0000	0.0000	1.0000
HAMBI_0403_chrm01_circ_5476119	PS_Ct_r03_2016_03_07_L001	0	0.0000	0.0000	1.0000
HAMBI_0403_chrm01_circ_5476119	PS_Ct_r03_2016_04_03_L001	0	0.0000	0.0000	1.0000
HAMBI_0403_chrm01_circ_5476119	PS_Ct_r03_2016_05_04_L001	0	0.0000	0.0000	1.0000
HAMBI_0403_chrm01_circ_5476119	PS_Ct_r03_2016_05_30_L001	0	0.0000	0.0000	1.0000
HAMBI_0403_chrm01_circ_5476119	PS_Ct_r03_2016_07_25_L003	0	0.0000	0.0000	1.0000
HAMBI_0403_chrm01_circ_5476119	PS_Ct_r03_2016_08_22_L003	0	0.0000	0.0000	1.0000
HAMBI_0403_chrm01_circ_5476119	PS_Ct_r03_2016_09_19_L003	0	0.0000	0.0000	1.0000
HAMBI_0403_chrm01_circ_5476119	PS_Ct_r03_2016_10_17_L001	0	0.0000	0.0000	1.0000
HAMBI_0403_chrm01_circ_5476119	PS_Ct_r03_2016_11_14_L001	0	0.0000	0.0000	1.0000
HAMBI_0403_chrm01_circ_5476119	PS_Ct_r03_2016_12_12_L001	0	0.0000	0.0000	1.0000
HAMBI_0403_chrm01_circ_5476119	PS_Ct_r03_2017_01_09_L001	0	0.0000	0.0000	1.0000
HAMBI_0403_chrm01_circ_5476119	PS_Ct_r03_2017_02_06_L001	0	0.0000	0.0000	1.0000
HAMBI_0403_chrm01_circ_5476119	PS_Ct_r03_2017_03_06_L001	0	0.0000	0.0000	1.0000
HAMBI_0403_chrm01_circ_5476119	PS_Ct_r03_2017_05_29_L001	0	0.0505	0.0002	1.0000
HAMBI_0403_chrm01_circ_5476119	PS_Ct_r03_2017_06_26_L001	0	0.1302	0.0033	1.0000
HAMBI_0403_chrm01_circ_5476119	PS_Ct_r03_2017_07_24_L001	0	0.1919	0.0025	1.0000
HAMBI_0403_chrm01_circ_5476119	PS_Ct_r03_2017_08_21_L001	0	0.2076	0.0051	1.0000
HAMBI_0403_chrm01_circ_5605380	PS_Ct_r03_2015_08_24_L001	0	0.0000	0.0000	1.0000
HAMBI_0403_chrm01_circ_5605380	PS_Ct_r03_2015_09_21_L001	0	0.0000	0.0000	1.0000
HAMBI_0403_chrm01_circ_5605380	PS_Ct_r03_2015_10_19_L001	0	0.0000	0.0000	1.0000
HAMBI_0403_chrm01_circ_5605380	PS_Ct_r03_2015_11_16_L002	0	0.0000	0.0000	1.0000
HAMBI_0403_chrm01_circ_5605380	PS_Ct_r03_2015_12_14_L002	0	0.0000	0.0000	1.0000
HAMBI_0403_chrm01_circ_5605380	PS_Ct_r03_2016_01_11_L001	0	0.0000	0.0000	1.0000
HAMBI_0403_chrm01_circ_5605380	PS_Ct_r03_2016_02_08_L001	0	0.0000	0.0000	1.0000
HAMBI_0403_chrm01_circ_5605380	PS_Ct_r03_2016_03_07_L001	0	0.0000	0.0000	1.0000
HAMBI_0403_chrm01_circ_5605380	PS_Ct_r03_2016_04_03_L001	0	0.0000	0.0000	1.0000
HAMBI_0403_chrm01_circ_5605380	PS_Ct_r03_2016_05_04_L001	0	0.0000	0.0000	1.0000
HAMBI_0403_chrm01_circ_5605380	PS_Ct_r03_2016_05_30_L001	0	0.0000	0.0000	1.0000
HAMBI_0403_chrm01_circ_5605380	PS_Ct_r03_2016_07_25_L003	0	0.0000	0.0000	1.0000
HAMBI_0403_chrm01_circ_5605380	PS_Ct_r03_2016_08_22_L003	0	0.0000	0.0000	1.0000
HAMBI_0403_chrm01_circ_5605380	PS_Ct_r03_2016_09_19_L003	0	0.0000	0.0000	1.0000
HAMBI_0403_chrm01_circ_5605380	PS_Ct_r03_2016_10_17_L001	0	0.0000	0.0000	1.0000
HAMBI_0403_chrm01_circ_5605380	PS_Ct_r03_2016_11_14_L001	0	0.0000	0.0000	1.0000
HAMBI_0403_chrm01_circ_5605380	PS_Ct_r03_2016_12_12_L001	0	0.0000	0.0000	1.0000
HAMBI_0403_chrm01_circ_5605380	PS_Ct_r03_2017_01_09_L001	0	0.0000	0.0000	1.0000
HAMBI_0403_chrm01_circ_5605380	PS_Ct_r03_2017_02_06_L001	0	0.0000	0.0000	1.0000
HAMBI_0403_chrm01_circ_5605380	PS_Ct_r03_2017_03_06_L001	0	0.0000	0.0000	1.0000
HAMBI_0403_chrm01_circ_5605380	PS_Ct_r03_2017_05_29_L001	0	0.0505	0.0002	1.0000
HAMBI_0403_chrm01_circ_5605380	PS_Ct_r03_2017_06_26_L001	0	0.1302	0.0033	1.0000
HAMBI_0403_chrm01_circ_5605380	PS_Ct_r03_2017_07_24_L001	0	0.1919	0.0025	1.0000
HAMBI_0403_chrm01_circ_5605380	PS_Ct_r03_2017_08_21_L001	0	0.2076	0.0051	1.0000
HAMBI_0403_chrm01_circ_5649091	PS_Ct_r03_2015_08_24_L001	0	0.0000	0.0000	1.0000
HAMBI_0403_chrm01_circ_5649091	PS_Ct_r03_2015_09_21_L001	0	0.0000	0.0000	1.0000
HAMBI_0403_chrm01_circ_5649091	PS_Ct_r03_2015_10_19_L001	0	0.0000	0.0000	1.0000
HAMBI_0403_chrm01_circ_5649091	PS_Ct_r03_2015_11_16_L002	0	0.0000	0.0000	1.0000
HAMBI_0403_chrm01_circ_5649091	PS_Ct_r03_2015_12_14_L002	0	0.0000	0.0000	1.0000
HAMBI_0403_chrm01_circ_5649091	PS_Ct_r03_2016_01_11_L001	0	0.0000	0.0000	1.0000
HAMBI_0403_chrm01_circ_5649091	PS_Ct_r03_2016_02_08_L001	0	0.0000	0.0000	1.0000
HAMBI_0403_chrm01_circ_5649091	PS_Ct_r03_2016_03_07_L001	0	0.0000	0.0000	1.0000
HAMBI_0403_chrm01_circ_5649091	PS_Ct_r03_2016_04_03_L001	0	0.0000	0.0000	1.0000
HAMBI_0403_chrm01_circ_5649091	PS_Ct_r03_2016_05_04_L001	0	0.0000	0.0000	1.0000
HAMBI_0403_chrm01_circ_5649091	PS_Ct_r03_2016_05_30_L001	0	0.0000	0.0000	1.0000
HAMBI_0403_chrm01_circ_5649091	PS_Ct_r03_2016_07_25_L003	0	0.0000	0.0000	1.0000
HAMBI_0403_chrm01_circ_5649091	PS_Ct_r03_2016_08_22_L003	0	0.0000	0.0000	1.0000
HAMBI_0403_chrm01_circ_5649091	PS_Ct_r03_2016_09_19_L003	0	0.0000	0.0000	1.0000
HAMBI_0403_chrm01_circ_5649091	PS_Ct_r03_2016_10_17_L001	0	0.0000	0.0000	1.0000
HAMBI_0403_chrm01_circ_5649091	PS_Ct_r03_2016_11_14_L001	0	0.0000	0.0000	1.0000
HAMBI_0403_chrm01_circ_5649091	PS_Ct_r03_2016_12_12_L001	0	0.0000	0.0000	1.0000
HAMBI_0403_chrm01_circ_5649091	PS_Ct_r03_2017_01_09_L001	0	0.0000	0.0000	1.0000
HAMBI_0403_chrm01_circ_5649091	PS_Ct_r03_2017_02_06_L001	0	0.0000	0.0000	1.0000
HAMBI_0403_chrm01_circ_5649091	PS_Ct_r03_2017_03_06_L001	0	0.0000	0.0000	1.0000
HAMBI_0403_chrm01_circ_5649091	PS_Ct_r03_2017_05_29_L001	0	0.0505	0.0002	1.0000
HAMBI_0403_chrm01_circ_5649091	PS_Ct_r03_2017_06_26_L001	0	0.1302	0.0033	1.0000
HAMBI_0403_chrm01_circ_5649091	PS_Ct_r03_2017_07_24_L001	0	0.1919	0.0025	1.0000
HAMBI_0403_chrm01_circ_5649091	PS_Ct_r03_2017_08_21_L001	0	0.2076	0.0051	1.0000
HAMBI_0403_chrm01_circ_5741782	PS_Ct_r03_2015_08_24_L001	0	0.0000	0.0000	1.0000
HAMBI_0403_chrm01_circ_5741782	PS_Ct_r03_2015_09_21_L001	0	0.0000	0.0000	1.0000
HAMBI_0403_chrm01_circ_5741782	PS_Ct_r03_2015_10_19_L001	0	0.0000	0.0000	1.0000
HAMBI_0403_chrm01_circ_5741782	PS_Ct_r03_2015_11_16_L002	0	0.0000	0.0000	1.0000
HAMBI_0403_chrm01_circ_5741782	PS_Ct_r03_2015_12_14_L002	0	0.0000	0.0000	1.0000
HAMBI_0403_chrm01_circ_5741782	PS_Ct_r03_2016_01_11_L001	0	0.0000	0.0000	1.0000
HAMBI_0403_chrm01_circ_5741782	PS_Ct_r03_2016_02_08_L001	0	0.0000	0.0000	1.0000
HAMBI_0403_chrm01_circ_5741782	PS_Ct_r03_2016_03_07_L001	0	0.0000	0.0000	1.0000
HAMBI_0403_chrm01_circ_5741782	PS_Ct_r03_2016_04_03_L001	0	0.0000	0.0000	1.0000
HAMBI_0403_chrm01_circ_5741782	PS_Ct_r03_2016_05_04_L001	0	0.0000	0.0000	1.0000
HAMBI_0403_chrm01_circ_5741782	PS_Ct_r03_2016_05_30_L001	0	0.0000	0.0000	1.0000
HAMBI_0403_chrm01_circ_5741782	PS_Ct_r03_2016_07_25_L003	0	0.0000	0.0000	1.0000
HAMBI_0403_chrm01_circ_5741782	PS_Ct_r03_2016_08_22_L003	0	0.0000	0.0000	1.0000
HAMBI_0403_chrm01_circ_5741782	PS_Ct_r03_2016_09_19_L003	0	0.0000	0.0000	1.0000
HAMBI_0403_chrm01_circ_5741782	PS_Ct_r03_2016_10_17_L001	0	0.0000	0.0000	1.0000
HAMBI_0403_chrm01_circ_5741782	PS_Ct_r03_2016_11_14_L001	0	0.0000	0.0000	1.0000
HAMBI_0403_chrm01_circ_5741782	PS_Ct_r03_2016_12_12_L001	0	0.0000	0.0000	1.0000
HAMBI_0403_chrm01_circ_5741782	PS_Ct_r03_2017_01_09_L001	0	0.0000	0.0000	1.0000
HAMBI_0403_chrm01_circ_5741782	PS_Ct_r03_2017_02_06_L001	0	0.0000	0.0000	1.0000
HAMBI_0403_chrm01_circ_5741782	PS_Ct_r03_2017_03_06_L001	0	0.0000	0.0000	1.0000
HAMBI_0403_chrm01_circ_5741782	PS_Ct_r03_2017_05_29_L001	0	0.0505	0.0002	1.0000
HAMBI_0403_chrm01_circ_5741782	PS_Ct_r03_2017_06_26_L001	0	0.1302	0.0033	1.0000
HAMBI_0403_chrm01_circ_5741782	PS_Ct_r03_2017_07_24_L001	0	0.1919	0.0025	1.0000
HAMBI_0403_chrm01_circ_5741782	PS_Ct_r03_2017_08_21_L001	0	0.2076	0.0051	1.0000
HAMBI_0403_chrm01_circ_575080	PS_Ct_r03_2015_08_24_L001	0	0.0000	0.0000	1.0000
HAMBI_0403_chrm01_circ_575080	PS_Ct_r03_2015_09_21_L001	0	0.0000	0.0000	1.0000
HAMBI_0403_chrm01_circ_575080	PS_Ct_r03_2015_10_19_L001	0	0.0000	0.0000	1.0000
HAMBI_0403_chrm01_circ_575080	PS_Ct_r03_2015_11_16_L002	0	0.0000	0.0000	1.0000
HAMBI_0403_chrm01_circ_575080	PS_Ct_r03_2015_12_14_L002	0	0.0000	0.0000	1.0000
HAMBI_0403_chrm01_circ_575080	PS_Ct_r03_2016_01_11_L001	0	0.0000	0.0000	1.0000
HAMBI_0403_chrm01_circ_575080	PS_Ct_r03_2016_02_08_L001	0	0.0000	0.0000	1.0000
HAMBI_0403_chrm01_circ_575080	PS_Ct_r03_2016_03_07_L001	0	0.0000	0.0000	1.0000
HAMBI_0403_chrm01_circ_575080	PS_Ct_r03_2016_04_03_L001	0	0.0000	0.0000	1.0000
HAMBI_0403_chrm01_circ_575080	PS_Ct_r03_2016_05_04_L001	0	0.0000	0.0000	1.0000
HAMBI_0403_chrm01_circ_575080	PS_Ct_r03_2016_05_30_L001	0	0.0000	0.0000	1.0000
HAMBI_0403_chrm01_circ_575080	PS_Ct_r03_2016_07_25_L003	0	0.0000	0.0000	1.0000
HAMBI_0403_chrm01_circ_575080	PS_Ct_r03_2016_08_22_L003	0	0.0000	0.0000	1.0000
HAMBI_0403_chrm01_circ_575080	PS_Ct_r03_2016_09_19_L003	0	0.0000	0.0000	1.0000
HAMBI_0403_chrm01_circ_575080	PS_Ct_r03_2016_10_17_L001	0	0.0000	0.0000	1.0000
HAMBI_0403_chrm01_circ_575080	PS_Ct_r03_2016_11_14_L001	0	0.0000	0.0000	1.0000
HAMBI_0403_chrm01_circ_575080	PS_Ct_r03_2016_12_12_L001	0	0.0000	0.0000	1.0000
HAMBI_0403_chrm01_circ_575080	PS_Ct_r03_2017_01_09_L001	0	0.0000	0.0000	1.0000
HAMBI_0403_chrm01_circ_575080	PS_Ct_r03_2017_02_06_L001	0	0.0000	0.0000	1.0000
HAMBI_0403_chrm01_circ_575080	PS_Ct_r03_2017_03_06_L001	0	0.0000	0.0000	1.0000
HAMBI_0403_chrm01_circ_575080	PS_Ct_r03_2017_05_29_L001	0	0.0505	0.0002	1.0000
HAMBI_0403_chrm01_circ_575080	PS_Ct_r03_2017_06_26_L001	0	0.1302	0.0033	1.0000
HAMBI_0403_chrm01_circ_575080	PS_Ct_r03_2017_07_24_L001	0	0.1919	0.0025	1.0000
HAMBI_0403_chrm01_circ_575080	PS_Ct_r03_2017_08_21_L001	0	0.2076	0.0051	1.0000
HAMBI_0403_chrm01_circ_5775702	PS_Ct_r03_2015_08_24_L001	0	0.0000	0.0000	1.0000
HAMBI_0403_chrm01_circ_5775702	PS_Ct_r03_2015_09_21_L001	0	0.0000	0.0000	1.0000
HAMBI_0403_chrm01_circ_5775702	PS_Ct_r03_2015_10_19_L001	0	0.0000	0.0000	1.0000
HAMBI_0403_chrm01_circ_5775702	PS_Ct_r03_2015_11_16_L002	0	0.0000	0.0000	1.0000
HAMBI_0403_chrm01_circ_5775702	PS_Ct_r03_2015_12_14_L002	0	0.0000	0.0000	1.0000
HAMBI_0403_chrm01_circ_5775702	PS_Ct_r03_2016_01_11_L001	0	0.0000	0.0000	1.0000
HAMBI_0403_chrm01_circ_5775702	PS_Ct_r03_2016_02_08_L001	0	0.0000	0.0000	1.0000
HAMBI_0403_chrm01_circ_5775702	PS_Ct_r03_2016_03_07_L001	0	0.0000	0.0000	1.0000
HAMBI_0403_chrm01_circ_5775702	PS_Ct_r03_2016_04_03_L001	0	0.0000	0.0000	1.0000
HAMBI_0403_chrm01_circ_5775702	PS_Ct_r03_2016_05_04_L001	0	0.0000	0.0000	1.0000
HAMBI_0403_chrm01_circ_5775702	PS_Ct_r03_2016_05_30_L001	0	0.0000	0.0000	1.0000
HAMBI_0403_chrm01_circ_5775702	PS_Ct_r03_2016_07_25_L003	0	0.0000	0.0000	1.0000
HAMBI_0403_chrm01_circ_5775702	PS_Ct_r03_2016_08_22_L003	0	0.0000	0.0000	1.0000
HAMBI_0403_chrm01_circ_5775702	PS_Ct_r03_2016_09_19_L003	0	0.0000	0.0000	1.0000
HAMBI_0403_chrm01_circ_5775702	PS_Ct_r03_2016_10_17_L001	0	0.0000	0.0000	1.0000
HAMBI_0403_chrm01_circ_5775702	PS_Ct_r03_2016_11_14_L001	0	0.0000	0.0000	1.0000
HAMBI_0403_chrm01_circ_5775702	PS_Ct_r03_2016_12_12_L001	0	0.0000	0.0000	1.0000
HAMBI_0403_chrm01_circ_5775702	PS_Ct_r03_2017_01_09_L001	0	0.0000	0.0000	1.0000
HAMBI_0403_chrm01_circ_5775702	PS_Ct_r03_2017_02_06_L001	0	0.0000	0.0000	1.0000
HAMBI_0403_chrm01_circ_5775702	PS_Ct_r03_2017_03_06_L001	0	0.0000	0.0000	1.0000
HAMBI_0403_chrm01_circ_5775702	PS_Ct_r03_2017_05_29_L001	0	0.0505	0.0002	1.0000
HAMBI_0403_chrm01_circ_5775702	PS_Ct_r03_2017_06_26_L001	0	0.1302	0.0033	1.0000
HAMBI_0403_chrm01_circ_5775702	PS_Ct_r03_2017_07_24_L001	0	0.1919	0.0025	1.0000
HAMBI_0403_chrm01_circ_5775702	PS_Ct_r03_2017_08_21_L001	0	0.2076	0.0051	1.0000
HAMBI_0403_chrm01_circ_61587	PS_Ct_r03_2015_08_24_L001	0	0.0000	0.0000	1.0000
HAMBI_0403_chrm01_circ_61587	PS_Ct_r03_2015_09_21_L001	0	0.0000	0.0000	1.0000
HAMBI_0403_chrm01_circ_61587	PS_Ct_r03_2015_10_19_L001	0	0.0000	0.0000	1.0000
HAMBI_0403_chrm01_circ_61587	PS_Ct_r03_2015_11_16_L002	0	0.0000	0.0000	1.0000
HAMBI_0403_chrm01_circ_61587	PS_Ct_r03_2015_12_14_L002	0	0.0000	0.0000	1.0000
HAMBI_0403_chrm01_circ_61587	PS_Ct_r03_2016_01_11_L001	0	0.0000	0.0000	1.0000
HAMBI_0403_chrm01_circ_61587	PS_Ct_r03_2016_02_08_L001	0	0.0000	0.0000	1.0000
HAMBI_0403_chrm01_circ_61587	PS_Ct_r03_2016_03_07_L001	0	0.0000	0.0000	1.0000
HAMBI_0403_chrm01_circ_61587	PS_Ct_r03_2016_04_03_L001	0	0.0000	0.0000	1.0000
HAMBI_0403_chrm01_circ_61587	PS_Ct_r03_2016_05_04_L001	0	0.0000	0.0000	1.0000
HAMBI_0403_chrm01_circ_61587	PS_Ct_r03_2016_05_30_L001	0	0.0000	0.0000	1.0000
HAMBI_0403_chrm01_circ_61587	PS_Ct_r03_2016_07_25_L003	0	0.0000	0.0000	1.0000
HAMBI_0403_chrm01_circ_61587	PS_Ct_r03_2016_08_22_L003	0	0.0000	0.0000	1.0000
HAMBI_0403_chrm01_circ_61587	PS_Ct_r03_2016_09_19_L003	0	0.0000	0.0000	1.0000
HAMBI_0403_chrm01_circ_61587	PS_Ct_r03_2016_10_17_L001	0	0.0000	0.0000	1.0000
HAMBI_0403_chrm01_circ_61587	PS_Ct_r03_2016_11_14_L001	0	0.0000	0.0000	1.0000
HAMBI_0403_chrm01_circ_61587	PS_Ct_r03_2016_12_12_L001	0	0.0000	0.0000	1.0000
HAMBI_0403_chrm01_circ_61587	PS_Ct_r03_2017_01_09_L001	0	0.0000	0.0000	1.0000
HAMBI_0403_chrm01_circ_61587	PS_Ct_r03_2017_02_06_L001	0	0.0000	0.0000	1.0000
HAMBI_0403_chrm01_circ_61587	PS_Ct_r03_2017_03_06_L001	0	0.0000	0.0000	1.0000
HAMBI_0403_chrm01_circ_61587	PS_Ct_r03_2017_05_29_L001	0	0.0505	0.0002	1.0000
HAMBI_0403_chrm01_circ_61587	PS_Ct_r03_2017_06_26_L001	0	0.1302	0.0033	1.0000
HAMBI_0403_chrm01_circ_61587	PS_Ct_r03_2017_07_24_L001	0	0.1919	0.0025	1.0000
HAMBI_0403_chrm01_circ_61587	PS_Ct_r03_2017_08_21_L001	0	0.2076	0.0051	1.0000
HAMBI_0403_chrm01_circ_673240	PS_Ct_r03_2015_08_24_L001	0	0.0000	0.0000	1.0000
HAMBI_0403_chrm01_circ_673240	PS_Ct_r03_2015_09_21_L001	0	0.0000	0.0000	1.0000
HAMBI_0403_chrm01_circ_673240	PS_Ct_r03_2015_10_19_L001	0	0.0000	0.0000	1.0000
HAMBI_0403_chrm01_circ_673240	PS_Ct_r03_2015_11_16_L002	0	0.0000	0.0000	1.0000
HAMBI_0403_chrm01_circ_673240	PS_Ct_r03_2015_12_14_L002	0	0.0000	0.0000	1.0000
HAMBI_0403_chrm01_circ_673240	PS_Ct_r03_2016_01_11_L001	0	0.0000	0.0000	1.0000
HAMBI_0403_chrm01_circ_673240	PS_Ct_r03_2016_02_08_L001	0	0.0000	0.0000	1.0000
HAMBI_0403_chrm01_circ_673240	PS_Ct_r03_2016_03_07_L001	0	0.0000	0.0000	1.0000
HAMBI_0403_chrm01_circ_673240	PS_Ct_r03_2016_04_03_L001	0	0.0000	0.0000	1.0000
HAMBI_0403_chrm01_circ_673240	PS_Ct_r03_2016_05_04_L001	0	0.0000	0.0000	1.0000
HAMBI_0403_chrm01_circ_673240	PS_Ct_r03_2016_05_30_L001	0	0.0000	0.0000	1.0000
HAMBI_0403_chrm01_circ_673240	PS_Ct_r03_2016_07_25_L003	0	0.0000	0.0000	1.0000
HAMBI_0403_chrm01_circ_673240	PS_Ct_r03_2016_08_22_L003	0	0.0000	0.0000	1.0000
HAMBI_0403_chrm01_circ_673240	PS_Ct_r03_2016_09_19_L003	0	0.0000	0.0000	1.0000
HAMBI_0403_chrm01_circ_673240	PS_Ct_r03_2016_10_17_L001	0	0.0000	0.0000	1.0000
HAMBI_0403_chrm01_circ_673240	PS_Ct_r03_2016_11_14_L001	0	0.0000	0.0000	1.0000
HAMBI_0403_chrm01_circ_673240	PS_Ct_r03_2016_12_12_L001	0	0.0000	0.0000	1.0000
HAMBI_0403_chrm01_circ_673240	PS_Ct_r03_2017_01_09_L001	0	0.0000	0.0000	1.0000
HAMBI_0403_chrm01_circ_673240	PS_Ct_r03_2017_02_06_L001	0	0.0000	0.0000	1.0000
HAMBI_0403_chrm01_circ_673240	PS_Ct_r03_2017_03_06_L001	0	0.0000	0.0000	1.0000
HAMBI_0403_chrm01_circ_673240	PS_Ct_r03_2017_05_29_L001	0	0.0505	0.0002	1.0000
HAMBI_0403_chrm01_circ_673240	PS_Ct_r03_2017_06_26_L001	0	0.1302	0.0033	1.0000
HAMBI_0403_chrm01_circ_673240	PS_Ct_r03_2017_07_24_L001	0	0.1919	0.0025	1.0000
HAMBI_0403_chrm01_circ_673240	PS_Ct_r03_2017_08_21_L001	0	0.2076	0.0051	1.0000
HAMBI_0403_chrm01_circ_674307	PS_Ct_r03_2015_08_24_L001	0	0.0000	0.0000	1.0000
HAMBI_0403_chrm01_circ_674307	PS_Ct_r03_2015_09_21_L001	0	0.0000	0.0000	1.0000
HAMBI_0403_chrm01_circ_674307	PS_Ct_r03_2015_10_19_L001	0	0.0000	0.0000	1.0000
HAMBI_0403_chrm01_circ_674307	PS_Ct_r03_2015_11_16_L002	0	0.0000	0.0000	1.0000
HAMBI_0403_chrm01_circ_674307	PS_Ct_r03_2015_12_14_L002	0	0.0000	0.0000	1.0000
HAMBI_0403_chrm01_circ_674307	PS_Ct_r03_2016_01_11_L001	0	0.0000	0.0000	1.0000
HAMBI_0403_chrm01_circ_674307	PS_Ct_r03_2016_02_08_L001	0	0.0000	0.0000	1.0000
HAMBI_0403_chrm01_circ_674307	PS_Ct_r03_2016_03_07_L001	0	0.0000	0.0000	1.0000
HAMBI_0403_chrm01_circ_674307	PS_Ct_r03_2016_04_03_L001	0	0.0000	0.0000	1.0000
HAMBI_0403_chrm01_circ_674307	PS_Ct_r03_2016_05_04_L001	0	0.0000	0.0000	1.0000
HAMBI_0403_chrm01_circ_674307	PS_Ct_r03_2016_05_30_L001	0	0.0000	0.0000	1.0000
HAMBI_0403_chrm01_circ_674307	PS_Ct_r03_2016_07_25_L003	0	0.0000	0.0000	1.0000
HAMBI_0403_chrm01_circ_674307	PS_Ct_r03_2016_08_22_L003	0	0.0000	0.0000	1.0000
HAMBI_0403_chrm01_circ_674307	PS_Ct_r03_2016_09_19_L003	0	0.0000	0.0000	1.0000
HAMBI_0403_chrm01_circ_674307	PS_Ct_r03_2016_10_17_L001	0	0.0000	0.0000	1.0000
HAMBI_0403_chrm01_circ_674307	PS_Ct_r03_2016_11_14_L001	0	0.0000	0.0000	1.0000
HAMBI_0403_chrm01_circ_674307	PS_Ct_r03_2016_12_12_L001	0	0.0000	0.0000	1.0000
HAMBI_0403_chrm01_circ_674307	PS_Ct_r03_2017_01_09_L001	0	0.0000	0.0000	1.0000
HAMBI_0403_chrm01_circ_674307	PS_Ct_r03_2017_02_06_L001	0	0.0000	0.0000	1.0000
HAMBI_0403_chrm01_circ_674307	PS_Ct_r03_2017_03_06_L001	0	0.0000	0.0000	1.0000
HAMBI_0403_chrm01_circ_674307	PS_Ct_r03_2017_05_29_L001	0	0.0505	0.0002	1.0000
HAMBI_0403_chrm01_circ_674307	PS_Ct_r03_2017_06_26_L001	0	0.1302	0.0033	1.0000
HAMBI_0403_chrm01_circ_674307	PS_Ct_r03_2017_07_24_L001	0	0.1919	0.0025	1.0000
HAMBI_0403_chrm01_circ_674307	PS_Ct_r03_2017_08_21_L001	0	0.2076	0.0051	1.0000
HAMBI_0403_chrm01_circ_674960	PS_Ct_r03_2015_08_24_L001	0	0.0000	0.0000	1.0000
HAMBI_0403_chrm01_circ_674960	PS_Ct_r03_2015_09_21_L001	0	0.0000	0.0000	1.0000
HAMBI_0403_chrm01_circ_674960	PS_Ct_r03_2015_10_19_L001	0	0.0000	0.0000	1.0000
HAMBI_0403_chrm01_circ_674960	PS_Ct_r03_2015_11_16_L002	0	0.0000	0.0000	1.0000
HAMBI_0403_chrm01_circ_674960	PS_Ct_r03_2015_12_14_L002	0	0.0000	0.0000	1.0000
HAMBI_0403_chrm01_circ_674960	PS_Ct_r03_2016_01_11_L001	0	0.0000	0.0000	1.0000
HAMBI_0403_chrm01_circ_674960	PS_Ct_r03_2016_02_08_L001	0	0.0000	0.0000	1.0000
HAMBI_0403_chrm01_circ_674960	PS_Ct_r03_2016_03_07_L001	0	0.0000	0.0000	1.0000
HAMBI_0403_chrm01_circ_674960	PS_Ct_r03_2016_04_03_L001	0	0.0000	0.0000	1.0000
HAMBI_0403_chrm01_circ_674960	PS_Ct_r03_2016_05_04_L001	0	0.0000	0.0000	1.0000
HAMBI_0403_chrm01_circ_674960	PS_Ct_r03_2016_05_30_L001	0	0.0000	0.0000	1.0000
HAMBI_0403_chrm01_circ_674960	PS_Ct_r03_2016_07_25_L003	0	0.0000	0.0000	1.0000
HAMBI_0403_chrm01_circ_674960	PS_Ct_r03_2016_08_22_L003	0	0.0000	0.0000	1.0000
HAMBI_0403_chrm01_circ_674960	PS_Ct_r03_2016_09_19_L003	0	0.0000	0.0000	1.0000
HAMBI_0403_chrm01_circ_674960	PS_Ct_r03_2016_10_17_L001	0	0.0000	0.0000	1.0000
HAMBI_0403_chrm01_circ_674960	PS_Ct_r03_2016_11_14_L001	0	0.0000	0.0000	1.0000
HAMBI_0403_chrm01_circ_674960	PS_Ct_r03_2016_12_12_L001	0	0.0000	0.0000	1.0000
HAMBI_0403_chrm01_circ_674960	PS_Ct_r03_2017_01_09_L001	0	0.0000	0.0000	1.0000
HAMBI_0403_chrm01_circ_674960	PS_Ct_r03_2017_02_06_L001	0	0.0000	0.0000	1.0000
HAMBI_0403_chrm01_circ_674960	PS_Ct_r03_2017_03_06_L001	0	0.0000	0.0000	1.0000
HAMBI_0403_chrm01_circ_674960	PS_Ct_r03_2017_05_29_L001	0	0.0505	0.0002	1.0000
HAMBI_0403_chrm01_circ_674960	PS_Ct_r03_2017_06_26_L001	0	0.1302	0.0033	1.0000
HAMBI_0403_chrm01_circ_674960	PS_Ct_r03_2017_07_24_L001	0	0.1919	0.0025	1.0000
HAMBI_0403_chrm01_circ_674960	PS_Ct_r03_2017_08_21_L001	0	0.2076	0.0051	1.0000
HAMBI_0403_chrm01_circ_698904	PS_Ct_r03_2015_08_24_L001	0	0.0000	0.0000	1.0000
HAMBI_0403_chrm01_circ_698904	PS_Ct_r03_2015_09_21_L001	0	0.0000	0.0000	1.0000
HAMBI_0403_chrm01_circ_698904	PS_Ct_r03_2015_10_19_L001	0	0.0000	0.0000	1.0000
HAMBI_0403_chrm01_circ_698904	PS_Ct_r03_2015_11_16_L002	0	0.0000	0.0000	1.0000
HAMBI_0403_chrm01_circ_698904	PS_Ct_r03_2015_12_14_L002	0	0.0000	0.0000	1.0000
HAMBI_0403_chrm01_circ_698904	PS_Ct_r03_2016_01_11_L001	0	0.0000	0.0000	1.0000
HAMBI_0403_chrm01_circ_698904	PS_Ct_r03_2016_02_08_L001	0	0.0000	0.0000	1.0000
HAMBI_0403_chrm01_circ_698904	PS_Ct_r03_2016_03_07_L001	0	0.0000	0.0000	1.0000
HAMBI_0403_chrm01_circ_698904	PS_Ct_r03_2016_04_03_L001	0	0.0000	0.0000	1.0000
HAMBI_0403_chrm01_circ_698904	PS_Ct_r03_2016_05_04_L001	0	0.0000	0.0000	1.0000
HAMBI_0403_chrm01_circ_698904	PS_Ct_r03_2016_05_30_L001	0	0.0000	0.0000	1.0000
HAMBI_0403_chrm01_circ_698904	PS_Ct_r03_2016_07_25_L003	0	0.0000	0.0000	1.0000
HAMBI_0403_chrm01_circ_698904	PS_Ct_r03_2016_08_22_L003	0	0.0000	0.0000	1.0000
HAMBI_0403_chrm01_circ_698904	PS_Ct_r03_2016_09_19_L003	0	0.0000	0.0000	1.0000
HAMBI_0403_chrm01_circ_698904	PS_Ct_r03_2016_10_17_L001	0	0.0000	0.0000	1.0000
HAMBI_0403_chrm01_circ_698904	PS_Ct_r03_2016_11_14_L001	0	0.0000	0.0000	1.0000
HAMBI_0403_chrm01_circ_698904	PS_Ct_r03_2016_12_12_L001	0	0.0000	0.0000	1.0000
HAMBI_0403_chrm01_circ_698904	PS_Ct_r03_2017_01_09_L001	0	0.0000	0.0000	1.0000
HAMBI_0403_chrm01_circ_698904	PS_Ct_r03_2017_02_06_L001	0	0.0000	0.0000	1.0000
HAMBI_0403_chrm01_circ_698904	PS_Ct_r03_2017_03_06_L001	0	0.0000	0.0000	1.0000
HAMBI_0403_chrm01_circ_698904	PS_Ct_r03_2017_05_29_L001	0	0.0505	0.0002	1.0000
HAMBI_0403_chrm01_circ_698904	PS_Ct_r03_2017_06_26_L001	0	0.1302	0.0033	1.0000
HAMBI_0403_chrm01_circ_698904	PS_Ct_r03_2017_07_24_L001	0	0.1919	0.0025	1.0000
HAMBI_0403_chrm01_circ_698904	PS_Ct_r03_2017_08_21_L001	0	0.2076	0.0051	1.0000
HAMBI_0403_chrm01_circ_736327	PS_Ct_r03_2015_08_24_L001	0	0.0000	0.0000	1.0000
HAMBI_0403_chrm01_circ_736327	PS_Ct_r03_2015_09_21_L001	0	0.0000	0.0000	1.0000
HAMBI_0403_chrm01_circ_736327	PS_Ct_r03_2015_10_19_L001	0	0.0000	0.0000	1.0000
HAMBI_0403_chrm01_circ_736327	PS_Ct_r03_2015_11_16_L002	0	0.0000	0.0000	1.0000
HAMBI_0403_chrm01_circ_736327	PS_Ct_r03_2015_12_14_L002	0	0.0000	0.0000	1.0000
HAMBI_0403_chrm01_circ_736327	PS_Ct_r03_2016_01_11_L001	0	0.0000	0.0000	1.0000
HAMBI_0403_chrm01_circ_736327	PS_Ct_r03_2016_02_08_L001	0	0.0000	0.0000	1.0000
HAMBI_0403_chrm01_circ_736327	PS_Ct_r03_2016_03_07_L001	0	0.0000	0.0000	1.0000
HAMBI_0403_chrm01_circ_736327	PS_Ct_r03_2016_04_03_L001	0	0.0000	0.0000	1.0000
HAMBI_0403_chrm01_circ_736327	PS_Ct_r03_2016_05_04_L001	0	0.0000	0.0000	1.0000
HAMBI_0403_chrm01_circ_736327	PS_Ct_r03_2016_05_30_L001	0	0.0000	0.0000	1.0000
HAMBI_0403_chrm01_circ_736327	PS_Ct_r03_2016_07_25_L003	0	0.0000	0.0000	1.0000
HAMBI_0403_chrm01_circ_736327	PS_Ct_r03_2016_08_22_L003	0	0.0000	0.0000	1.0000
HAMBI_0403_chrm01_circ_736327	PS_Ct_r03_2016_09_19_L003	0	0.0000	0.0000	1.0000
HAMBI_0403_chrm01_circ_736327	PS_Ct_r03_2016_10_17_L001	0	0.0000	0.0000	1.0000
HAMBI_0403_chrm01_circ_736327	PS_Ct_r03_2016_11_14_L001	0	0.0000	0.0000	1.0000
HAMBI_0403_chrm01_circ_736327	PS_Ct_r03_2016_12_12_L001	0	0.0000	0.0000	1.0000
HAMBI_0403_chrm01_circ_736327	PS_Ct_r03_2017_01_09_L001	0	0.0000	0.0000	1.0000
HAMBI_0403_chrm01_circ_736327	PS_Ct_r03_2017_02_06_L001	0	0.0000	0.0000	1.0000
HAMBI_0403_chrm01_circ_736327	PS_Ct_r03_2017_03_06_L001	0	0.0000	0.0000	1.0000
HAMBI_0403_chrm01_circ_736327	PS_Ct_r03_2017_05_29_L001	0	0.0505	0.0002	1.0000
HAMBI_0403_chrm01_circ_736327	PS_Ct_r03_2017_06_26_L001	0	0.1302	0.0033	1.0000
HAMBI_0403_chrm01_circ_736327	PS_Ct_r03_2017_07_24_L001	0	0.1919	0.0025	1.0000
HAMBI_0403_chrm01_circ_736327	PS_Ct_r03_2017_08_21_L001	0	0.2076	0.0051	1.0000
HAMBI_0403_chrm01_circ_759084	PS_Ct_r03_2015_08_24_L001	0	0.0000	0.0000	1.0000
HAMBI_0403_chrm01_circ_759084	PS_Ct_r03_2015_09_21_L001	0	0.0000	0.0000	1.0000
HAMBI_0403_chrm01_circ_759084	PS_Ct_r03_2015_10_19_L001	0	0.0000	0.0000	1.0000
HAMBI_0403_chrm01_circ_759084	PS_Ct_r03_2015_11_16_L002	0	0.0000	0.0000	1.0000
HAMBI_0403_chrm01_circ_759084	PS_Ct_r03_2015_12_14_L002	0	0.0000	0.0000	1.0000
HAMBI_0403_chrm01_circ_759084	PS_Ct_r03_2016_01_11_L001	0	0.0000	0.0000	1.0000
HAMBI_0403_chrm01_circ_759084	PS_Ct_r03_2016_02_08_L001	0	0.0000	0.0000	1.0000
HAMBI_0403_chrm01_circ_759084	PS_Ct_r03_2016_03_07_L001	0	0.0000	0.0000	1.0000
HAMBI_0403_chrm01_circ_759084	PS_Ct_r03_2016_04_03_L001	0	0.0000	0.0000	1.0000
HAMBI_0403_chrm01_circ_759084	PS_Ct_r03_2016_05_04_L001	0	0.0000	0.0000	1.0000
HAMBI_0403_chrm01_circ_759084	PS_Ct_r03_2016_05_30_L001	0	0.0000	0.0000	1.0000
HAMBI_0403_chrm01_circ_759084	PS_Ct_r03_2016_07_25_L003	0	0.0000	0.0000	1.0000
HAMBI_0403_chrm01_circ_759084	PS_Ct_r03_2016_08_22_L003	0	0.0000	0.0000	1.0000
HAMBI_0403_chrm01_circ_759084	PS_Ct_r03_2016_09_19_L003	0	0.0000	0.0000	1.0000
HAMBI_0403_chrm01_circ_759084	PS_Ct_r03_2016_10_17_L001	0	0.0000	0.0000	1.0000
HAMBI_0403_chrm01_circ_759084	PS_Ct_r03_2016_11_14_L001	0	0.0000	0.0000	1.0000
HAMBI_0403_chrm01_circ_759084	PS_Ct_r03_2016_12_12_L001	0	0.0000	0.0000	1.0000
HAMBI_0403_chrm01_circ_759084	PS_Ct_r03_2017_01_09_L001	0	0.0000	0.0000	1.0000
HAMBI_0403_chrm01_circ_759084	PS_Ct_r03_2017_02_06_L001	0	0.0000	0.0000	1.0000
HAMBI_0403_chrm01_circ_759084	PS_Ct_r03_2017_03_06_L001	0	0.0000	0.0000	1.0000
HAMBI_0403_chrm01_circ_759084	PS_Ct_r03_2017_05_29_L001	0	0.0505	0.0002	1.0000
HAMBI_0403_chrm01_circ_759084	PS_Ct_r03_2017_06_26_L001	0	0.1302	0.0033	1.0000
HAMBI_0403_chrm01_circ_759084	PS_Ct_r03_2017_07_24_L001	0	0.1919	0.0025	1.0000
HAMBI_0403_chrm01_circ_759084	PS_Ct_r03_2017_08_21_L001	0	0.2076	0.0051	1.0000
HAMBI_0403_chrm01_circ_78846	PS_Ct_r03_2015_08_24_L001	0	0.0000	0.0000	1.0000
HAMBI_0403_chrm01_circ_78846	PS_Ct_r03_2015_09_21_L001	0	0.0000	0.0000	1.0000
HAMBI_0403_chrm01_circ_78846	PS_Ct_r03_2015_10_19_L001	0	0.0000	0.0000	1.0000
HAMBI_0403_chrm01_circ_78846	PS_Ct_r03_2015_11_16_L002	0	0.0000	0.0000	1.0000
HAMBI_0403_chrm01_circ_78846	PS_Ct_r03_2015_12_14_L002	0	0.0000	0.0000	1.0000
HAMBI_0403_chrm01_circ_78846	PS_Ct_r03_2016_01_11_L001	0	0.0000	0.0000	1.0000
HAMBI_0403_chrm01_circ_78846	PS_Ct_r03_2016_02_08_L001	0	0.0000	0.0000	1.0000
HAMBI_0403_chrm01_circ_78846	PS_Ct_r03_2016_03_07_L001	0	0.0000	0.0000	1.0000
HAMBI_0403_chrm01_circ_78846	PS_Ct_r03_2016_04_03_L001	0	0.0000	0.0000	1.0000
HAMBI_0403_chrm01_circ_78846	PS_Ct_r03_2016_05_04_L001	0	0.0000	0.0000	1.0000
HAMBI_0403_chrm01_circ_78846	PS_Ct_r03_2016_05_30_L001	0	0.0000	0.0000	1.0000
HAMBI_0403_chrm01_circ_78846	PS_Ct_r03_2016_07_25_L003	0	0.0000	0.0000	1.0000
HAMBI_0403_chrm01_circ_78846	PS_Ct_r03_2016_08_22_L003	0	0.0000	0.0000	1.0000
HAMBI_0403_chrm01_circ_78846	PS_Ct_r03_2016_09_19_L003	0	0.0000	0.0000	1.0000
HAMBI_0403_chrm01_circ_78846	PS_Ct_r03_2016_10_17_L001	0	0.0000	0.0000	1.0000
HAMBI_0403_chrm01_circ_78846	PS_Ct_r03_2016_11_14_L001	0	0.0000	0.0000	1.0000
HAMBI_0403_chrm01_circ_78846	PS_Ct_r03_2016_12_12_L001	0	0.0000	0.0000	1.0000
HAMBI_0403_chrm01_circ_78846	PS_Ct_r03_2017_01_09_L001	0	0.0000	0.0000	1.0000
HAMBI_0403_chrm01_circ_78846	PS_Ct_r03_2017_02_06_L001	0	0.0000	0.0000	1.0000
HAMBI_0403_chrm01_circ_78846	PS_Ct_r03_2017_03_06_L001	0	0.0000	0.0000	1.0000
HAMBI_0403_chrm01_circ_78846	PS_Ct_r03_2017_05_29_L001	0	0.0505	0.0002	1.0000
HAMBI_0403_chrm01_circ_78846	PS_Ct_r03_2017_06_26_L001	0	0.1302	0.0033	1.0000
HAMBI_0403_chrm01_circ_78846	PS_Ct_r03_2017_07_24_L001	0	0.1919	0.0025	1.0000
HAMBI_0403_chrm01_circ_78846	PS_Ct_r03_2017_08_21_L001	0	0.2076	0.0051	1.0000
HAMBI_0403_chrm01_circ_808688	PS_Ct_r03_2015_08_24_L001	0	0.0000	0.0000	1.0000
HAMBI_0403_chrm01_circ_808688	PS_Ct_r03_2015_09_21_L001	0	0.0000	0.0000	1.0000
HAMBI_0403_chrm01_circ_808688	PS_Ct_r03_2015_10_19_L001	0	0.0000	0.0000	1.0000
HAMBI_0403_chrm01_circ_808688	PS_Ct_r03_2015_11_16_L002	0	0.0000	0.0000	1.0000
HAMBI_0403_chrm01_circ_808688	PS_Ct_r03_2015_12_14_L002	0	0.0000	0.0000	1.0000
HAMBI_0403_chrm01_circ_808688	PS_Ct_r03_2016_01_11_L001	0	0.0000	0.0000	1.0000
HAMBI_0403_chrm01_circ_808688	PS_Ct_r03_2016_02_08_L001	0	0.0000	0.0000	1.0000
HAMBI_0403_chrm01_circ_808688	PS_Ct_r03_2016_03_07_L001	0	0.0000	0.0000	1.0000
HAMBI_0403_chrm01_circ_808688	PS_Ct_r03_2016_04_03_L001	0	0.0000	0.0000	1.0000
HAMBI_0403_chrm01_circ_808688	PS_Ct_r03_2016_05_04_L001	0	0.0000	0.0000	1.0000
HAMBI_0403_chrm01_circ_808688	PS_Ct_r03_2016_05_30_L001	0	0.0000	0.0000	1.0000
HAMBI_0403_chrm01_circ_808688	PS_Ct_r03_2016_07_25_L003	0	0.0000	0.0000	1.0000
HAMBI_0403_chrm01_circ_808688	PS_Ct_r03_2016_08_22_L003	0	0.0000	0.0000	1.0000
HAMBI_0403_chrm01_circ_808688	PS_Ct_r03_2016_09_19_L003	0	0.0000	0.0000	1.0000
HAMBI_0403_chrm01_circ_808688	PS_Ct_r03_2016_10_17_L001	0	0.0000	0.0000	1.0000
HAMBI_0403_chrm01_circ_808688	PS_Ct_r03_2016_11_14_L001	0	0.0000	0.0000	1.0000
HAMBI_0403_chrm01_circ_808688	PS_Ct_r03_2016_12_12_L001	0	0.0000	0.0000	1.0000
HAMBI_0403_chrm01_circ_808688	PS_Ct_r03_2017_01_09_L001	0	0.0000	0.0000	1.0000
HAMBI_0403_chrm01_circ_808688	PS_Ct_r03_2017_02_06_L001	0	0.0000	0.0000	1.0000
HAMBI_0403_chrm01_circ_808688	PS_Ct_r03_2017_03_06_L001	0	0.0000	0.0000	1.0000
HAMBI_0403_chrm01_circ_808688	PS_Ct_r03_2017_05_29_L001	0	0.0505	0.0002	1.0000
HAMBI_0403_chrm01_circ_808688	PS_Ct_r03_2017_06_26_L001	0	0.1302	0.0033	1.0000
HAMBI_0403_chrm01_circ_808688	PS_Ct_r03_2017_07_24_L001	0	0.1919	0.0025	1.0000
HAMBI_0403_chrm01_circ_808688	PS_Ct_r03_2017_08_21_L001	0	0.2076	0.0051	1.0000
HAMBI_0403_chrm01_circ_814505	PS_Ct_r03_2015_08_24_L001	0	0.0000	0.0000	1.0000
HAMBI_0403_chrm01_circ_814505	PS_Ct_r03_2015_09_21_L001	0	0.0000	0.0000	1.0000
HAMBI_0403_chrm01_circ_814505	PS_Ct_r03_2015_10_19_L001	0	0.0000	0.0000	1.0000
HAMBI_0403_chrm01_circ_814505	PS_Ct_r03_2015_11_16_L002	0	0.0000	0.0000	1.0000
HAMBI_0403_chrm01_circ_814505	PS_Ct_r03_2015_12_14_L002	0	0.0000	0.0000	1.0000
HAMBI_0403_chrm01_circ_814505	PS_Ct_r03_2016_01_11_L001	0	0.0000	0.0000	1.0000
HAMBI_0403_chrm01_circ_814505	PS_Ct_r03_2016_02_08_L001	0	0.0000	0.0000	1.0000
HAMBI_0403_chrm01_circ_814505	PS_Ct_r03_2016_03_07_L001	0	0.0000	0.0000	1.0000
HAMBI_0403_chrm01_circ_814505	PS_Ct_r03_2016_04_03_L001	0	0.0000	0.0000	1.0000
HAMBI_0403_chrm01_circ_814505	PS_Ct_r03_2016_05_04_L001	0	0.0000	0.0000	1.0000
HAMBI_0403_chrm01_circ_814505	PS_Ct_r03_2016_05_30_L001	0	0.0000	0.0000	1.0000
HAMBI_0403_chrm01_circ_814505	PS_Ct_r03_2016_07_25_L003	0	0.0000	0.0000	1.0000
HAMBI_0403_chrm01_circ_814505	PS_Ct_r03_2016_08_22_L003	0	0.0000	0.0000	1.0000
HAMBI_0403_chrm01_circ_814505	PS_Ct_r03_2016_09_19_L003	0	0.0000	0.0000	1.0000
HAMBI_0403_chrm01_circ_814505	PS_Ct_r03_2016_10_17_L001	0	0.0000	0.0000	1.0000
HAMBI_0403_chrm01_circ_814505	PS_Ct_r03_2016_11_14_L001	0	0.0000	0.0000	1.0000
HAMBI_0403_chrm01_circ_814505	PS_Ct_r03_2016_12_12_L001	0	0.0000	0.0000	1.0000
HAMBI_0403_chrm01_circ_814505	PS_Ct_r03_2017_01_09_L001	0	0.0000	0.0000	1.0000
HAMBI_0403_chrm01_circ_814505	PS_Ct_r03_2017_02_06_L001	0	0.0000	0.0000	1.0000
HAMBI_0403_chrm01_circ_814505	PS_Ct_r03_2017_03_06_L001	0	0.0000	0.0000	1.0000
HAMBI_0403_chrm01_circ_814505	PS_Ct_r03_2017_05_29_L001	0	0.0505	0.0002	1.0000
HAMBI_0403_chrm01_circ_814505	PS_Ct_r03_2017_06_26_L001	0	0.1302	0.0033	1.0000
HAMBI_0403_chrm01_circ_814505	PS_Ct_r03_2017_07_24_L001	0	0.1919	0.0025	1.0000
HAMBI_0403_chrm01_circ_814505	PS_Ct_r03_2017_08_21_L001	0	0.2076	0.0051	1.0000
HAMBI_0403_chrm01_circ_83834	PS_Ct_r03_2015_08_24_L001	0	0.0000	0.0000	1.0000
HAMBI_0403_chrm01_circ_83834	PS_Ct_r03_2015_09_21_L001	0	0.0000	0.0000	1.0000
HAMBI_0403_chrm01_circ_83834	PS_Ct_r03_2015_10_19_L001	0	0.0000	0.0000	1.0000
HAMBI_0403_chrm01_circ_83834	PS_Ct_r03_2015_11_16_L002	0	0.0000	0.0000	1.0000
HAMBI_0403_chrm01_circ_83834	PS_Ct_r03_2015_12_14_L002	0	0.0000	0.0000	1.0000
HAMBI_0403_chrm01_circ_83834	PS_Ct_r03_2016_01_11_L001	0	0.0000	0.0000	1.0000
HAMBI_0403_chrm01_circ_83834	PS_Ct_r03_2016_02_08_L001	0	0.0000	0.0000	1.0000
HAMBI_0403_chrm01_circ_83834	PS_Ct_r03_2016_03_07_L001	0	0.0000	0.0000	1.0000
HAMBI_0403_chrm01_circ_83834	PS_Ct_r03_2016_04_03_L001	0	0.0000	0.0000	1.0000
HAMBI_0403_chrm01_circ_83834	PS_Ct_r03_2016_05_04_L001	0	0.0000	0.0000	1.0000
HAMBI_0403_chrm01_circ_83834	PS_Ct_r03_2016_05_30_L001	0	0.0000	0.0000	1.0000
HAMBI_0403_chrm01_circ_83834	PS_Ct_r03_2016_07_25_L003	0	0.0000	0.0000	1.0000
HAMBI_0403_chrm01_circ_83834	PS_Ct_r03_2016_08_22_L003	0	0.0000	0.0000	1.0000
HAMBI_0403_chrm01_circ_83834	PS_Ct_r03_2016_09_19_L003	0	0.0000	0.0000	1.0000
HAMBI_0403_chrm01_circ_83834	PS_Ct_r03_2016_10_17_L001	0	0.0000	0.0000	1.0000
HAMBI_0403_chrm01_circ_83834	PS_Ct_r03_2016_11_14_L001	0	0.0000	0.0000	1.0000
HAMBI_0403_chrm01_circ_83834	PS_Ct_r03_2016_12_12_L001	0	0.0000	0.0000	1.0000
HAMBI_0403_chrm01_circ_83834	PS_Ct_r03_2017_01_09_L001	0	0.0000	0.0000	1.0000
HAMBI_0403_chrm01_circ_83834	PS_Ct_r03_2017_02_06_L001	0	0.0000	0.0000	1.0000
HAMBI_0403_chrm01_circ_83834	PS_Ct_r03_2017_03_06_L001	0	0.0000	0.0000	1.0000
HAMBI_0403_chrm01_circ_83834	PS_Ct_r03_2017_05_29_L001	0	0.0505	0.0002	1.0000
HAMBI_0403_chrm01_circ_83834	PS_Ct_r03_2017_06_26_L001	0	0.1302	0.0033	1.0000
HAMBI_0403_chrm01_circ_83834	PS_Ct_r03_2017_07_24_L001	0	0.1919	0.0025	1.0000
HAMBI_0403_chrm01_circ_83834	PS_Ct_r03_2017_08_21_L001	0	0.2076	0.0051	1.0000
HAMBI_0403_chrm01_circ_868194	PS_Ct_r03_2015_08_24_L001	0	0.0000	0.0000	1.0000
HAMBI_0403_chrm01_circ_868194	PS_Ct_r03_2015_09_21_L001	0	0.0000	0.0000	1.0000
HAMBI_0403_chrm01_circ_868194	PS_Ct_r03_2015_10_19_L001	0	0.0000	0.0000	1.0000
HAMBI_0403_chrm01_circ_868194	PS_Ct_r03_2015_11_16_L002	0	0.0000	0.0000	1.0000
HAMBI_0403_chrm01_circ_868194	PS_Ct_r03_2015_12_14_L002	0	0.0000	0.0000	1.0000
HAMBI_0403_chrm01_circ_868194	PS_Ct_r03_2016_01_11_L001	0	0.0000	0.0000	1.0000
HAMBI_0403_chrm01_circ_868194	PS_Ct_r03_2016_02_08_L001	0	0.0000	0.0000	1.0000
HAMBI_0403_chrm01_circ_868194	PS_Ct_r03_2016_03_07_L001	0	0.0000	0.0000	1.0000
HAMBI_0403_chrm01_circ_868194	PS_Ct_r03_2016_04_03_L001	0	0.0000	0.0000	1.0000
HAMBI_0403_chrm01_circ_868194	PS_Ct_r03_2016_05_04_L001	0	0.0000	0.0000	1.0000
HAMBI_0403_chrm01_circ_868194	PS_Ct_r03_2016_05_30_L001	0	0.0000	0.0000	1.0000
HAMBI_0403_chrm01_circ_868194	PS_Ct_r03_2016_07_25_L003	0	0.0000	0.0000	1.0000
HAMBI_0403_chrm01_circ_868194	PS_Ct_r03_2016_08_22_L003	0	0.0000	0.0000	1.0000
HAMBI_0403_chrm01_circ_868194	PS_Ct_r03_2016_09_19_L003	0	0.0000	0.0000	1.0000
HAMBI_0403_chrm01_circ_868194	PS_Ct_r03_2016_10_17_L001	0	0.0000	0.0000	1.0000
HAMBI_0403_chrm01_circ_868194	PS_Ct_r03_2016_11_14_L001	0	0.0000	0.0000	1.0000
HAMBI_0403_chrm01_circ_868194	PS_Ct_r03_2016_12_12_L001	0	0.0000	0.0000	1.0000
HAMBI_0403_chrm01_circ_868194	PS_Ct_r03_2017_01_09_L001	0	0.0000	0.0000	1.0000
HAMBI_0403_chrm01_circ_868194	PS_Ct_r03_2017_02_06_L001	0	0.0000	0.0000	1.0000
HAMBI_0403_chrm01_circ_868194	PS_Ct_r03_2017_03_06_L001	0	0.0000	0.0000	1.0000
HAMBI_0403_chrm01_circ_868194	PS_Ct_r03_2017_05_29_L001	0	0.0505	0.0002	1.0000
HAMBI_0403_chrm01_circ_868194	PS_Ct_r03_2017_06_26_L001	0	0.1302	0.0033	1.0000
HAMBI_0403_chrm01_circ_868194	PS_Ct_r03_2017_07_24_L001	0	0.1919	0.0025	1.0000
HAMBI_0403_chrm01_circ_868194	PS_Ct_r03_2017_08_21_L001	0	0.2076	0.0051	1.0000
HAMBI_0403_chrm01_circ_905331	PS_Ct_r03_2015_08_24_L001	0	0.0000	0.0000	1.0000
HAMBI_0403_chrm01_circ_905331	PS_Ct_r03_2015_09_21_L001	0	0.0000	0.0000	1.0000
HAMBI_0403_chrm01_circ_905331	PS_Ct_r03_2015_10_19_L001	0	0.0000	0.0000	1.0000
HAMBI_0403_chrm01_circ_905331	PS_Ct_r03_2015_11_16_L002	0	0.0000	0.0000	1.0000
HAMBI_0403_chrm01_circ_905331	PS_Ct_r03_2015_12_14_L002	0	0.0000	0.0000	1.0000
HAMBI_0403_chrm01_circ_905331	PS_Ct_r03_2016_01_11_L001	0	0.0000	0.0000	1.0000
HAMBI_0403_chrm01_circ_905331	PS_Ct_r03_2016_02_08_L001	0	0.0000	0.0000	1.0000
HAMBI_0403_chrm01_circ_905331	PS_Ct_r03_2016_03_07_L001	0	0.0000	0.0000	1.0000
HAMBI_0403_chrm01_circ_905331	PS_Ct_r03_2016_04_03_L001	0	0.0000	0.0000	1.0000
HAMBI_0403_chrm01_circ_905331	PS_Ct_r03_2016_05_04_L001	0	0.0000	0.0000	1.0000
HAMBI_0403_chrm01_circ_905331	PS_Ct_r03_2016_05_30_L001	0	0.0000	0.0000	1.0000
HAMBI_0403_chrm01_circ_905331	PS_Ct_r03_2016_07_25_L003	0	0.0000	0.0000	1.0000
HAMBI_0403_chrm01_circ_905331	PS_Ct_r03_2016_08_22_L003	0	0.0000	0.0000	1.0000
HAMBI_0403_chrm01_circ_905331	PS_Ct_r03_2016_09_19_L003	0	0.0000	0.0000	1.0000
HAMBI_0403_chrm01_circ_905331	PS_Ct_r03_2016_10_17_L001	0	0.0000	0.0000	1.0000
HAMBI_0403_chrm01_circ_905331	PS_Ct_r03_2016_11_14_L001	0	0.0000	0.0000	1.0000
HAMBI_0403_chrm01_circ_905331	PS_Ct_r03_2016_12_12_L001	0	0.0000	0.0000	1.0000
HAMBI_0403_chrm01_circ_905331	PS_Ct_r03_2017_01_09_L001	0	0.0000	0.0000	1.0000
HAMBI_0403_chrm01_circ_905331	PS_Ct_r03_2017_02_06_L001	0	0.0000	0.0000	1.0000
HAMBI_0403_chrm01_circ_905331	PS_Ct_r03_2017_03_06_L001	0	0.0000	0.0000	1.0000
HAMBI_0403_chrm01_circ_905331	PS_Ct_r03_2017_05_29_L001	0	0.0505	0.0002	1.0000
HAMBI_0403_chrm01_circ_905331	PS_Ct_r03_2017_06_26_L001	0	0.1302	0.0033	1.0000
HAMBI_0403_chrm01_circ_905331	PS_Ct_r03_2017_07_24_L001	0	0.1919	0.0025	1.0000
HAMBI_0403_chrm01_circ_905331	PS_Ct_r03_2017_08_21_L001	0	0.2076	0.0051	1.0000
HAMBI_0403_chrm01_circ_955334	PS_Ct_r03_2015_08_24_L001	0	0.0000	0.0000	1.0000
HAMBI_0403_chrm01_circ_955334	PS_Ct_r03_2015_09_21_L001	0	0.0000	0.0000	1.0000
HAMBI_0403_chrm01_circ_955334	PS_Ct_r03_2015_10_19_L001	0	0.0000	0.0000	1.0000
HAMBI_0403_chrm01_circ_955334	PS_Ct_r03_2015_11_16_L002	0	0.0000	0.0000	1.0000
HAMBI_0403_chrm01_circ_955334	PS_Ct_r03_2015_12_14_L002	0	0.0000	0.0000	1.0000
HAMBI_0403_chrm01_circ_955334	PS_Ct_r03_2016_01_11_L001	0	0.0000	0.0000	1.0000
HAMBI_0403_chrm01_circ_955334	PS_Ct_r03_2016_02_08_L001	0	0.0000	0.0000	1.0000
HAMBI_0403_chrm01_circ_955334	PS_Ct_r03_2016_03_07_L001	0	0.0000	0.0000	1.0000
HAMBI_0403_chrm01_circ_955334	PS_Ct_r03_2016_04_03_L001	0	0.0000	0.0000	1.0000
HAMBI_0403_chrm01_circ_955334	PS_Ct_r03_2016_05_04_L001	0	0.0000	0.0000	1.0000
HAMBI_0403_chrm01_circ_955334	PS_Ct_r03_2016_05_30_L001	0	0.0000	0.0000	1.0000
HAMBI_0403_chrm01_circ_955334	PS_Ct_r03_2016_07_25_L003	0	0.0000	0.0000	1.0000
HAMBI_0403_chrm01_circ_955334	PS_Ct_r03_2016_08_22_L003	0	0.0000	0.0000	1.0000
HAMBI_0403_chrm01_circ_955334	PS_Ct_r03_2016_09_19_L003	0	0.0000	0.0000	1.0000
HAMBI_0403_chrm01_circ_955334	PS_Ct_r03_2016_10_17_L001	0	0.0000	0.0000	1.0000
HAMBI_0403_chrm01_circ_955334	PS_Ct_r03_2016_11_14_L001	0	0.0000	0.0000	1.0000
HAMBI_0403_chrm01_circ_955334	PS_Ct_r03_2016_12_12_L001	0	0.0000	0.0000	1.0000
HAMBI_0403_chrm01_circ_955334	PS_Ct_r03_2017_01_09_L001	0	0.0000	0.0000	1.0000
HAMBI_0403_chrm01_circ_955334	PS_Ct_r03_2017_02_06_L001	0	0.0000	0.0000	1.0000
HAMBI_0403_chrm01_circ_955334	PS_Ct_r03_2017_03_06_L001	0	0.0000	0.0000	1.0000
HAMBI_0403_chrm01_circ_955334	PS_Ct_r03_2017_05_29_L001	0	0.0505	0.0002	1.0000
HAMBI_0403_chrm01_circ_955334	PS_Ct_r03_2017_06_26_L001	0	0.1302	0.0033	1.0000
HAMBI_0403_chrm01_circ_955334	PS_Ct_r03_2017_07_24_L001	0	0.1919	0.0025	1.0000
HAMBI_0403_chrm01_circ_955334	PS_Ct_r03_2017_08_21_L001	0	0.2076	0.0051	1.0000
HAMBI_0403_chrm01_circ_96390	PS_Ct_r03_2015_08_24_L001	0	0.0000	0.0000	1.0000
HAMBI_0403_chrm01_circ_96390	PS_Ct_r03_2015_09_21_L001	0	0.0000	0.0000	1.0000
HAMBI_0403_chrm01_circ_96390	PS_Ct_r03_2015_10_19_L001	0	0.0000	0.0000	1.0000
HAMBI_0403_chrm01_circ_96390	PS_Ct_r03_2015_11_16_L002	0	0.0000	0.0000	1.0000
HAMBI_0403_chrm01_circ_96390	PS_Ct_r03_2015_12_14_L002	0	0.0000	0.0000	1.0000
HAMBI_0403_chrm01_circ_96390	PS_Ct_r03_2016_01_11_L001	0	0.0000	0.0000	1.0000
HAMBI_0403_chrm01_circ_96390	PS_Ct_r03_2016_02_08_L001	0	0.0000	0.0000	1.0000
HAMBI_0403_chrm01_circ_96390	PS_Ct_r03_2016_03_07_L001	0	0.0000	0.0000	1.0000
HAMBI_0403_chrm01_circ_96390	PS_Ct_r03_2016_04_03_L001	0	0.0000	0.0000	1.0000
HAMBI_0403_chrm01_circ_96390	PS_Ct_r03_2016_05_04_L001	0	0.0000	0.0000	1.0000
HAMBI_0403_chrm01_circ_96390	PS_Ct_r03_2016_05_30_L001	0	0.0000	0.0000	1.0000
HAMBI_0403_chrm01_circ_96390	PS_Ct_r03_2016_07_25_L003	0	0.0000	0.0000	1.0000
HAMBI_0403_chrm01_circ_96390	PS_Ct_r03_2016_08_22_L003	0	0.0000	0.0000	1.0000
HAMBI_0403_chrm01_circ_96390	PS_Ct_r03_2016_09_19_L003	0	0.0000	0.0000	1.0000
HAMBI_0403_chrm01_circ_96390	PS_Ct_r03_2016_10_17_L001	0	0.0000	0.0000	1.0000
HAMBI_0403_chrm01_circ_96390	PS_Ct_r03_2016_11_14_L001	0	0.0000	0.0000	1.0000
HAMBI_0403_chrm01_circ_96390	PS_Ct_r03_2016_12_12_L001	0	0.0000	0.0000	1.0000
HAMBI_0403_chrm01_circ_96390	PS_Ct_r03_2017_01_09_L001	0	0.0000	0.0000	1.0000
HAMBI_0403_chrm01_circ_96390	PS_Ct_r03_2017_02_06_L001	0	0.0000	0.0000	1.0000
HAMBI_0403_chrm01_circ_96390	PS_Ct_r03_2017_03_06_L001	0	0.0000	0.0000	1.0000
HAMBI_0403_chrm01_circ_96390	PS_Ct_r03_2017_05_29_L001	0	0.0505	0.0002	1.0000
HAMBI_0403_chrm01_circ_96390	PS_Ct_r03_2017_06_26_L001	0	0.1302	0.0033	1.0000
HAMBI_0403_chrm01_circ_96390	PS_Ct_r03_2017_07_24_L001	0	0.1919	0.0025	1.0000
HAMBI_0403_chrm01_circ_96390	PS_Ct_r03_2017_08_21_L001	0	0.2076	0.0051	1.0000
HAMBI_0403_chrm01_circ_99072	PS_Ct_r03_2015_08_24_L001	0	0.0000	0.0000	1.0000
HAMBI_0403_chrm01_circ_99072	PS_Ct_r03_2015_09_21_L001	0	0.0000	0.0000	1.0000
HAMBI_0403_chrm01_circ_99072	PS_Ct_r03_2015_10_19_L001	0	0.0000	0.0000	1.0000
HAMBI_0403_chrm01_circ_99072	PS_Ct_r03_2015_11_16_L002	0	0.0000	0.0000	1.0000
HAMBI_0403_chrm01_circ_99072	PS_Ct_r03_2015_12_14_L002	0	0.0000	0.0000	1.0000
HAMBI_0403_chrm01_circ_99072	PS_Ct_r03_2016_01_11_L001	0	0.0000	0.0000	1.0000
HAMBI_0403_chrm01_circ_99072	PS_Ct_r03_2016_02_08_L001	0	0.0000	0.0000	1.0000
HAMBI_0403_chrm01_circ_99072	PS_Ct_r03_2016_03_07_L001	0	0.0000	0.0000	1.0000
HAMBI_0403_chrm01_circ_99072	PS_Ct_r03_2016_04_03_L001	0	0.0000	0.0000	1.0000
HAMBI_0403_chrm01_circ_99072	PS_Ct_r03_2016_05_04_L001	0	0.0000	0.0000	1.0000
HAMBI_0403_chrm01_circ_99072	PS_Ct_r03_2016_05_30_L001	0	0.0000	0.0000	1.0000
HAMBI_0403_chrm01_circ_99072	PS_Ct_r03_2016_07_25_L003	0	0.0000	0.0000	1.0000
HAMBI_0403_chrm01_circ_99072	PS_Ct_r03_2016_08_22_L003	0	0.0000	0.0000	1.0000
HAMBI_0403_chrm01_circ_99072	PS_Ct_r03_2016_09_19_L003	0	0.0000	0.0000	1.0000
HAMBI_0403_chrm01_circ_99072	PS_Ct_r03_2016_10_17_L001	0	0.0000	0.0000	1.0000
HAMBI_0403_chrm01_circ_99072	PS_Ct_r03_2016_11_14_L001	0	0.0000	0.0000	1.0000
HAMBI_0403_chrm01_circ_99072	PS_Ct_r03_2016_12_12_L001	0	0.0000	0.0000	1.0000
HAMBI_0403_chrm01_circ_99072	PS_Ct_r03_2017_01_09_L001	0	0.0000	0.0000	1.0000
HAMBI_0403_chrm01_circ_99072	PS_Ct_r03_2017_02_06_L001	0	0.0000	0.0000	1.0000
HAMBI_0403_chrm01_circ_99072	PS_Ct_r03_2017_03_06_L001	0	0.0000	0.0000	1.0000
HAMBI_0403_chrm01_circ_99072	PS_Ct_r03_2017_05_29_L001	0	0.0505	0.0002	1.0000
HAMBI_0403_chrm01_circ_99072	PS_Ct_r03_2017_06_26_L001	0	0.1302	0.0033	1.0000
HAMBI_0403_chrm01_circ_99072	PS_Ct_r03_2017_07_24_L001	0	0.1919	0.0025	1.0000
HAMBI_0403_chrm01_circ_99072	PS_Ct_r03_2017_08_21_L001	0	0.2076	0.0051	1.0000
HAMBI_0403_plas01_circ_31558	PS_Ct_r03_2015_08_24_L001	0	0.0000	0.0000	1.0000
HAMBI_0403_plas01_circ_31558	PS_Ct_r03_2015_09_21_L001	0	0.0000	0.0000	1.0000
HAMBI_0403_plas01_circ_31558	PS_Ct_r03_2015_10_19_L001	0	0.0000	0.0000	1.0000
HAMBI_0403_plas01_circ_31558	PS_Ct_r03_2015_11_16_L002	0	0.0000	0.0000	1.0000
HAMBI_0403_plas01_circ_31558	PS_Ct_r03_2015_12_14_L002	0	0.0000	0.0000	1.0000
HAMBI_0403_plas01_circ_31558	PS_Ct_r03_2016_01_11_L001	0	0.0000	0.0000	1.0000
HAMBI_0403_plas01_circ_31558	PS_Ct_r03_2016_02_08_L001	0	0.0000	0.0000	1.0000
HAMBI_0403_plas01_circ_31558	PS_Ct_r03_2016_03_07_L001	0	0.0000	0.0000	1.0000
HAMBI_0403_plas01_circ_31558	PS_Ct_r03_2016_04_03_L001	0	0.0000	0.0000	1.0000
HAMBI_0403_plas01_circ_31558	PS_Ct_r03_2016_05_04_L001	0	0.0000	0.0000	1.0000
HAMBI_0403_plas01_circ_31558	PS_Ct_r03_2016_05_30_L001	0	0.0000	0.0000	1.0000
HAMBI_0403_plas01_circ_31558	PS_Ct_r03_2016_07_25_L003	0	0.0000	0.0000	1.0000
HAMBI_0403_plas01_circ_31558	PS_Ct_r03_2016_08_22_L003	0	0.0000	0.0000	1.0000
HAMBI_0403_plas01_circ_31558	PS_Ct_r03_2016_09_19_L003	0	0.0000	0.0000	1.0000
HAMBI_0403_plas01_circ_31558	PS_Ct_r03_2016_10_17_L001	0	0.0000	0.0000	1.0000
HAMBI_0403_plas01_circ_31558	PS_Ct_r03_2016_11_14_L001	0	0.0000	0.0000	1.0000
HAMBI_0403_plas01_circ_31558	PS_Ct_r03_2016_12_12_L001	0	0.0000	0.0000	1.0000
HAMBI_0403_plas01_circ_31558	PS_Ct_r03_2017_01_09_L001	0	0.0000	0.0000	1.0000
HAMBI_0403_plas01_circ_31558	PS_Ct_r03_2017_02_06_L001	0	0.0000	0.0000	1.0000
HAMBI_0403_plas01_circ_31558	PS_Ct_r03_2017_03_06_L001	0	0.0000	0.0000	1.0000
HAMBI_0403_plas01_circ_31558	PS_Ct_r03_2017_05_29_L001	0	0.0505	0.0002	1.0000
HAMBI_0403_plas01_circ_31558	PS_Ct_r03_2017_06_26_L001	0	0.1302	0.0033	1.0000
HAMBI_0403_plas01_circ_31558	PS_Ct_r03_2017_07_24_L001	0	0.1919	0.0025	1.0000
HAMBI_0403_plas01_circ_31558	PS_Ct_r03_2017_08_21_L001	0	0.2076	0.0051	1.0000
HAMBI_0403_chrm01_circ_1119336	PS_Ct_r03_2015_08_24_L001	1	0.0000	0.0000	1.0000
HAMBI_0403_chrm01_circ_1119336	PS_Ct_r03_2015_09_21_L001	1	0.0000	0.0000	1.0000
HAMBI_0403_chrm01_circ_1119336	PS_Ct_r03_2015_10_19_L001	1	0.0000	0.0000	1.0000
HAMBI_0403_chrm01_circ_1119336	PS_Ct_r03_2015_11_16_L002	1	0.0000	0.0000	1.0000
HAMBI_0403_chrm01_circ_1119336	PS_Ct_r03_2015_12_14_L002	1	0.0000	0.0000	1.0000
HAMBI_0403_chrm01_circ_1119336	PS_Ct_r03_2016_01_11_L001	1	0.0000	0.0000	1.0000
HAMBI_0403_chrm01_circ_1119336	PS_Ct_r03_2016_02_08_L001	1	0.0000	0.0000	1.0000
HAMBI_0403_chrm01_circ_1119336	PS_Ct_r03_2016_03_07_L001	1	0.0000	0.0000	1.0000
HAMBI_0403_chrm01_circ_1119336	PS_Ct_r03_2016_04_03_L001	1	0.0000	0.0000	1.0000
HAMBI_0403_chrm01_circ_1119336	PS_Ct_r03_2016_05_04_L001	1	0.0000	0.0000	1.0000
HAMBI_0403_chrm01_circ_1119336	PS_Ct_r03_2016_05_30_L001	1	0.0000	0.0000	1.0000
HAMBI_0403_chrm01_circ_1119336	PS_Ct_r03_2016_07_25_L003	1	0.0000	0.0000	1.0000
HAMBI_0403_chrm01_circ_1119336	PS_Ct_r03_2016_08_22_L003	1	0.0059	0.0050	1.0000
HAMBI_0403_chrm01_circ_1119336	PS_Ct_r03_2016_09_19_L003	1	0.0101	0.0004	1.0000
HAMBI_0403_chrm01_circ_1119336	PS_Ct_r03_2016_10_17_L001	1	0.0143	0.0050	1.0000
HAMBI_0403_chrm01_circ_1119336	PS_Ct_r03_2016_11_14_L001	1	0.0578	0.0053	1.0000
HAMBI_0403_chrm01_circ_1119336	PS_Ct_r03_2016_12_12_L001	1	0.0516	0.0046	1.0000
HAMBI_0403_chrm01_circ_1119336	PS_Ct_r03_2017_01_09_L001	1	0.0627	0.0043	1.0000
HAMBI_0403_chrm01_circ_1119336	PS_Ct_r03_2017_02_06_L001	1	0.0572	0.0054	1.0000
HAMBI_0403_chrm01_circ_1119336	PS_Ct_r03_2017_03_06_L001	1	0.1813	0.0138	1.0000
HAMBI_0403_chrm01_circ_1119336	PS_Ct_r03_2017_05_29_L001	1	0.9250	0.0067	1.0000
HAMBI_0403_chrm01_circ_1119336	PS_Ct_r03_2017_06_26_L001	1	0.8871	0.0079	1.0000
HAMBI_0403_chrm01_circ_1119336	PS_Ct_r03_2017_07_24_L001	1	0.7952	0.0086	1.0000
HAMBI_0403_chrm01_circ_1119336	PS_Ct_r03_2017_08_21_L001	1	0.5883	0.0111	1.0000
HAMBI_0403_chrm01_circ_1132164	PS_Ct_r03_2015_08_24_L001	1	0.0000	0.0000	1.0000
HAMBI_0403_chrm01_circ_1132164	PS_Ct_r03_2015_09_21_L001	1	0.0000	0.0000	1.0000
HAMBI_0403_chrm01_circ_1132164	PS_Ct_r03_2015_10_19_L001	1	0.0000	0.0000	1.0000
HAMBI_0403_chrm01_circ_1132164	PS_Ct_r03_2015_11_16_L002	1	0.0000	0.0000	1.0000
HAMBI_0403_chrm01_circ_1132164	PS_Ct_r03_2015_12_14_L002	1	0.0000	0.0000	1.0000
HAMBI_0403_chrm01_circ_1132164	PS_Ct_r03_2016_01_11_L001	1	0.0000	0.0000	1.0000
HAMBI_0403_chrm01_circ_1132164	PS_Ct_r03_2016_02_08_L001	1	0.0000	0.0000	1.0000
HAMBI_0403_chrm01_circ_1132164	PS_Ct_r03_2016_03_07_L001	1	0.0000	0.0000	1.0000
HAMBI_0403_chrm01_circ_1132164	PS_Ct_r03_2016_04_03_L001	1	0.0000	0.0000	1.0000
HAMBI_0403_chrm01_circ_1132164	PS_Ct_r03_2016_05_04_L001	1	0.0000	0.0000	1.0000
HAMBI_0403_chrm01_circ_1132164	PS_Ct_r03_2016_05_30_L001	1	0.0000	0.0000	1.0000
HAMBI_0403_chrm01_circ_1132164	PS_Ct_r03_2016_07_25_L003	1	0.0000	0.0000	1.0000
HAMBI_0403_chrm01_circ_1132164	PS_Ct_r03_2016_08_22_L003	1	0.0059	0.0050	1.0000
HAMBI_0403_chrm01_circ_1132164	PS_Ct_r03_2016_09_19_L003	1	0.0101	0.0004	1.0000
HAMBI_0403_chrm01_circ_1132164	PS_Ct_r03_2016_10_17_L001	1	0.0143	0.0050	1.0000
HAMBI_0403_chrm01_circ_1132164	PS_Ct_r03_2016_11_14_L001	1	0.0578	0.0053	1.0000
HAMBI_0403_chrm01_circ_1132164	PS_Ct_r03_2016_12_12_L001	1	0.0516	0.0046	1.0000
HAMBI_0403_chrm01_circ_1132164	PS_Ct_r03_2017_01_09_L001	1	0.0627	0.0043	1.0000
HAMBI_0403_chrm01_circ_1132164	PS_Ct_r03_2017_02_06_L001	1	0.0572	0.0054	1.0000
HAMBI_0403_chrm01_circ_1132164	PS_Ct_r03_2017_03_06_L001	1	0.1813	0.0138	1.0000
HAMBI_0403_chrm01_circ_1132164	PS_Ct_r03_2017_05_29_L001	1	0.9250	0.0067	1.0000
HAMBI_0403_chrm01_circ_1132164	PS_Ct_r03_2017_06_26_L001	1	0.8871	0.0079	1.0000
HAMBI_0403_chrm01_circ_1132164	PS_Ct_r03_2017_07_24_L001	1	0.7952	0.0086	1.0000
HAMBI_0403_chrm01_circ_1132164	PS_Ct_r03_2017_08_21_L001	1	0.5883	0.0111	1.0000
HAMBI_0403_chrm01_circ_1295387	PS_Ct_r03_2015_08_24_L001	1	0.0000	0.0000	1.0000
HAMBI_0403_chrm01_circ_1295387	PS_Ct_r03_2015_09_21_L001	1	0.0000	0.0000	1.0000
HAMBI_0403_chrm01_circ_1295387	PS_Ct_r03_2015_10_19_L001	1	0.0000	0.0000	1.0000
HAMBI_0403_chrm01_circ_1295387	PS_Ct_r03_2015_11_16_L002	1	0.0000	0.0000	1.0000
HAMBI_0403_chrm01_circ_1295387	PS_Ct_r03_2015_12_14_L002	1	0.0000	0.0000	1.0000
HAMBI_0403_chrm01_circ_1295387	PS_Ct_r03_2016_01_11_L001	1	0.0000	0.0000	1.0000
HAMBI_0403_chrm01_circ_1295387	PS_Ct_r03_2016_02_08_L001	1	0.0000	0.0000	1.0000
HAMBI_0403_chrm01_circ_1295387	PS_Ct_r03_2016_03_07_L001	1	0.0000	0.0000	1.0000
HAMBI_0403_chrm01_circ_1295387	PS_Ct_r03_2016_04_03_L001	1	0.0000	0.0000	1.0000
HAMBI_0403_chrm01_circ_1295387	PS_Ct_r03_2016_05_04_L001	1	0.0000	0.0000	1.0000
HAMBI_0403_chrm01_circ_1295387	PS_Ct_r03_2016_05_30_L001	1	0.0000	0.0000	1.0000
HAMBI_0403_chrm01_circ_1295387	PS_Ct_r03_2016_07_25_L003	1	0.0000	0.0000	1.0000
HAMBI_0403_chrm01_circ_1295387	PS_Ct_r03_2016_08_22_L003	1	0.0059	0.0050	1.0000
HAMBI_0403_chrm01_circ_1295387	PS_Ct_r03_2016_09_19_L003	1	0.0101	0.0004	1.0000
HAMBI_0403_chrm01_circ_1295387	PS_Ct_r03_2016_10_17_L001	1	0.0143	0.0050	1.0000
HAMBI_0403_chrm01_circ_1295387	PS_Ct_r03_2016_11_14_L001	1	0.0578	0.0053	1.0000
HAMBI_0403_chrm01_circ_1295387	PS_Ct_r03_2016_12_12_L001	1	0.0516	0.0046	1.0000
HAMBI_0403_chrm01_circ_1295387	PS_Ct_r03_2017_01_09_L001	1	0.0627	0.0043	1.0000
HAMBI_0403_chrm01_circ_1295387	PS_Ct_r03_2017_02_06_L001	1	0.0572	0.0054	1.0000
HAMBI_0403_chrm01_circ_1295387	PS_Ct_r03_2017_03_06_L001	1	0.1813	0.0138	1.0000
HAMBI_0403_chrm01_circ_1295387	PS_Ct_r03_2017_05_29_L001	1	0.9250	0.0067	1.0000
HAMBI_0403_chrm01_circ_1295387	PS_Ct_r03_2017_06_26_L001	1	0.8871	0.0079	1.0000
HAMBI_0403_chrm01_circ_1295387	PS_Ct_r03_2017_07_24_L001	1	0.7952	0.0086	1.0000
HAMBI_0403_chrm01_circ_1295387	PS_Ct_r03_2017_08_21_L001	1	0.5883	0.0111	1.0000
HAMBI_0403_chrm01_circ_16427	PS_Ct_r03_2015_08_24_L001	1	0.0000	0.0000	1.0000
HAMBI_0403_chrm01_circ_16427	PS_Ct_r03_2015_09_21_L001	1	0.0000	0.0000	1.0000
HAMBI_0403_chrm01_circ_16427	PS_Ct_r03_2015_10_19_L001	1	0.0000	0.0000	1.0000
HAMBI_0403_chrm01_circ_16427	PS_Ct_r03_2015_11_16_L002	1	0.0000	0.0000	1.0000
HAMBI_0403_chrm01_circ_16427	PS_Ct_r03_2015_12_14_L002	1	0.0000	0.0000	1.0000
HAMBI_0403_chrm01_circ_16427	PS_Ct_r03_2016_01_11_L001	1	0.0000	0.0000	1.0000
HAMBI_0403_chrm01_circ_16427	PS_Ct_r03_2016_02_08_L001	1	0.0000	0.0000	1.0000
HAMBI_0403_chrm01_circ_16427	PS_Ct_r03_2016_03_07_L001	1	0.0000	0.0000	1.0000
HAMBI_0403_chrm01_circ_16427	PS_Ct_r03_2016_04_03_L001	1	0.0000	0.0000	1.0000
HAMBI_0403_chrm01_circ_16427	PS_Ct_r03_2016_05_04_L001	1	0.0000	0.0000	1.0000
HAMBI_0403_chrm01_circ_16427	PS_Ct_r03_2016_05_30_L001	1	0.0000	0.0000	1.0000
HAMBI_0403_chrm01_circ_16427	PS_Ct_r03_2016_07_25_L003	1	0.0000	0.0000	1.0000
HAMBI_0403_chrm01_circ_16427	PS_Ct_r03_2016_08_22_L003	1	0.0059	0.0050	1.0000
HAMBI_0403_chrm01_circ_16427	PS_Ct_r03_2016_09_19_L003	1	0.0101	0.0004	1.0000
HAMBI_0403_chrm01_circ_16427	PS_Ct_r03_2016_10_17_L001	1	0.0143	0.0050	1.0000
HAMBI_0403_chrm01_circ_16427	PS_Ct_r03_2016_11_14_L001	1	0.0578	0.0053	1.0000
HAMBI_0403_chrm01_circ_16427	PS_Ct_r03_2016_12_12_L001	1	0.0516	0.0046	1.0000
HAMBI_0403_chrm01_circ_16427	PS_Ct_r03_2017_01_09_L001	1	0.0627	0.0043	1.0000
HAMBI_0403_chrm01_circ_16427	PS_Ct_r03_2017_02_06_L001	1	0.0572	0.0054	1.0000
HAMBI_0403_chrm01_circ_16427	PS_Ct_r03_2017_03_06_L001	1	0.1813	0.0138	1.0000
HAMBI_0403_chrm01_circ_16427	PS_Ct_r03_2017_05_29_L001	1	0.9250	0.0067	1.0000
HAMBI_0403_chrm01_circ_16427	PS_Ct_r03_2017_06_26_L001	1	0.8871	0.0079	1.0000
HAMBI_0403_chrm01_circ_16427	PS_Ct_r03_2017_07_24_L001	1	0.7952	0.0086	1.0000
HAMBI_0403_chrm01_circ_16427	PS_Ct_r03_2017_08_21_L001	1	0.5883	0.0111	1.0000
HAMBI_0403_chrm01_circ_1954454	PS_Ct_r03_2015_08_24_L001	1	0.0000	0.0000	1.0000
HAMBI_0403_chrm01_circ_1954454	PS_Ct_r03_2015_09_21_L001	1	0.0000	0.0000	1.0000
HAMBI_0403_chrm01_circ_1954454	PS_Ct_r03_2015_10_19_L001	1	0.0000	0.0000	1.0000
HAMBI_0403_chrm01_circ_1954454	PS_Ct_r03_2015_11_16_L002	1	0.0000	0.0000	1.0000
HAMBI_0403_chrm01_circ_1954454	PS_Ct_r03_2015_12_14_L002	1	0.0000	0.0000	1.0000
HAMBI_0403_chrm01_circ_1954454	PS_Ct_r03_2016_01_11_L001	1	0.0000	0.0000	1.0000
HAMBI_0403_chrm01_circ_1954454	PS_Ct_r03_2016_02_08_L001	1	0.0000	0.0000	1.0000
HAMBI_0403_chrm01_circ_1954454	PS_Ct_r03_2016_03_07_L001	1	0.0000	0.0000	1.0000
HAMBI_0403_chrm01_circ_1954454	PS_Ct_r03_2016_04_03_L001	1	0.0000	0.0000	1.0000
HAMBI_0403_chrm01_circ_1954454	PS_Ct_r03_2016_05_04_L001	1	0.0000	0.0000	1.0000
HAMBI_0403_chrm01_circ_1954454	PS_Ct_r03_2016_05_30_L001	1	0.0000	0.0000	1.0000
HAMBI_0403_chrm01_circ_1954454	PS_Ct_r03_2016_07_25_L003	1	0.0000	0.0000	1.0000
HAMBI_0403_chrm01_circ_1954454	PS_Ct_r03_2016_08_22_L003	1	0.0059	0.0050	1.0000
HAMBI_0403_chrm01_circ_1954454	PS_Ct_r03_2016_09_19_L003	1	0.0101	0.0004	1.0000
HAMBI_0403_chrm01_circ_1954454	PS_Ct_r03_2016_10_17_L001	1	0.0143	0.0050	1.0000
HAMBI_0403_chrm01_circ_1954454	PS_Ct_r03_2016_11_14_L001	1	0.0578	0.0053	1.0000
HAMBI_0403_chrm01_circ_1954454	PS_Ct_r03_2016_12_12_L001	1	0.0516	0.0046	1.0000
HAMBI_0403_chrm01_circ_1954454	PS_Ct_r03_2017_01_09_L001	1	0.0627	0.0043	1.0000
HAMBI_0403_chrm01_circ_1954454	PS_Ct_r03_2017_02_06_L001	1	0.0572	0.0054	1.0000
HAMBI_0403_chrm01_circ_1954454	PS_Ct_r03_2017_03_06_L001	1	0.1813	0.0138	1.0000
HAMBI_0403_chrm01_circ_1954454	PS_Ct_r03_2017_05_29_L001	1	0.9250	0.0067	1.0000
HAMBI_0403_chrm01_circ_1954454	PS_Ct_r03_2017_06_26_L001	1	0.8871	0.0079	1.0000
HAMBI_0403_chrm01_circ_1954454	PS_Ct_r03_2017_07_24_L001	1	0.7952	0.0086	1.0000
HAMBI_0403_chrm01_circ_1954454	PS_Ct_r03_2017_08_21_L001	1	0.5883	0.0111	1.0000
HAMBI_0403_chrm01_circ_2752133	PS_Ct_r03_2015_08_24_L001	1	0.0000	0.0000	1.0000
HAMBI_0403_chrm01_circ_2752133	PS_Ct_r03_2015_09_21_L001	1	0.0000	0.0000	1.0000
HAMBI_0403_chrm01_circ_2752133	PS_Ct_r03_2015_10_19_L001	1	0.0000	0.0000	1.0000
HAMBI_0403_chrm01_circ_2752133	PS_Ct_r03_2015_11_16_L002	1	0.0000	0.0000	1.0000
HAMBI_0403_chrm01_circ_2752133	PS_Ct_r03_2015_12_14_L002	1	0.0000	0.0000	1.0000
HAMBI_0403_chrm01_circ_2752133	PS_Ct_r03_2016_01_11_L001	1	0.0000	0.0000	1.0000
HAMBI_0403_chrm01_circ_2752133	PS_Ct_r03_2016_02_08_L001	1	0.0000	0.0000	1.0000
HAMBI_0403_chrm01_circ_2752133	PS_Ct_r03_2016_03_07_L001	1	0.0000	0.0000	1.0000
HAMBI_0403_chrm01_circ_2752133	PS_Ct_r03_2016_04_03_L001	1	0.0000	0.0000	1.0000
HAMBI_0403_chrm01_circ_2752133	PS_Ct_r03_2016_05_04_L001	1	0.0000	0.0000	1.0000
HAMBI_0403_chrm01_circ_2752133	PS_Ct_r03_2016_05_30_L001	1	0.0000	0.0000	1.0000
HAMBI_0403_chrm01_circ_2752133	PS_Ct_r03_2016_07_25_L003	1	0.0000	0.0000	1.0000
HAMBI_0403_chrm01_circ_2752133	PS_Ct_r03_2016_08_22_L003	1	0.0059	0.0050	1.0000
HAMBI_0403_chrm01_circ_2752133	PS_Ct_r03_2016_09_19_L003	1	0.0101	0.0004	1.0000
HAMBI_0403_chrm01_circ_2752133	PS_Ct_r03_2016_10_17_L001	1	0.0143	0.0050	1.0000
HAMBI_0403_chrm01_circ_2752133	PS_Ct_r03_2016_11_14_L001	1	0.0578	0.0053	1.0000
HAMBI_0403_chrm01_circ_2752133	PS_Ct_r03_2016_12_12_L001	1	0.0516	0.0046	1.0000
HAMBI_0403_chrm01_circ_2752133	PS_Ct_r03_2017_01_09_L001	1	0.0627	0.0043	1.0000
HAMBI_0403_chrm01_circ_2752133	PS_Ct_r03_2017_02_06_L001	1	0.0572	0.0054	1.0000
HAMBI_0403_chrm01_circ_2752133	PS_Ct_r03_2017_03_06_L001	1	0.1813	0.0138	1.0000
HAMBI_0403_chrm01_circ_2752133	PS_Ct_r03_2017_05_29_L001	1	0.9250	0.0067	1.0000
HAMBI_0403_chrm01_circ_2752133	PS_Ct_r03_2017_06_26_L001	1	0.8871	0.0079	1.0000
HAMBI_0403_chrm01_circ_2752133	PS_Ct_r03_2017_07_24_L001	1	0.7952	0.0086	1.0000
HAMBI_0403_chrm01_circ_2752133	PS_Ct_r03_2017_08_21_L001	1	0.5883	0.0111	1.0000
HAMBI_0403_chrm01_circ_3276660	PS_Ct_r03_2015_08_24_L001	1	0.0000	0.0000	1.0000
HAMBI_0403_chrm01_circ_3276660	PS_Ct_r03_2015_09_21_L001	1	0.0000	0.0000	1.0000
HAMBI_0403_chrm01_circ_3276660	PS_Ct_r03_2015_10_19_L001	1	0.0000	0.0000	1.0000
HAMBI_0403_chrm01_circ_3276660	PS_Ct_r03_2015_11_16_L002	1	0.0000	0.0000	1.0000
HAMBI_0403_chrm01_circ_3276660	PS_Ct_r03_2015_12_14_L002	1	0.0000	0.0000	1.0000
HAMBI_0403_chrm01_circ_3276660	PS_Ct_r03_2016_01_11_L001	1	0.0000	0.0000	1.0000
HAMBI_0403_chrm01_circ_3276660	PS_Ct_r03_2016_02_08_L001	1	0.0000	0.0000	1.0000
HAMBI_0403_chrm01_circ_3276660	PS_Ct_r03_2016_03_07_L001	1	0.0000	0.0000	1.0000
HAMBI_0403_chrm01_circ_3276660	PS_Ct_r03_2016_04_03_L001	1	0.0000	0.0000	1.0000
HAMBI_0403_chrm01_circ_3276660	PS_Ct_r03_2016_05_04_L001	1	0.0000	0.0000	1.0000
HAMBI_0403_chrm01_circ_3276660	PS_Ct_r03_2016_05_30_L001	1	0.0000	0.0000	1.0000
HAMBI_0403_chrm01_circ_3276660	PS_Ct_r03_2016_07_25_L003	1	0.0000	0.0000	1.0000
HAMBI_0403_chrm01_circ_3276660	PS_Ct_r03_2016_08_22_L003	1	0.0059	0.0050	1.0000
HAMBI_0403_chrm01_circ_3276660	PS_Ct_r03_2016_09_19_L003	1	0.0101	0.0004	1.0000
HAMBI_0403_chrm01_circ_3276660	PS_Ct_r03_2016_10_17_L001	1	0.0143	0.0050	1.0000
HAMBI_0403_chrm01_circ_3276660	PS_Ct_r03_2016_11_14_L001	1	0.0578	0.0053	1.0000
HAMBI_0403_chrm01_circ_3276660	PS_Ct_r03_2016_12_12_L001	1	0.0516	0.0046	1.0000
HAMBI_0403_chrm01_circ_3276660	PS_Ct_r03_2017_01_09_L001	1	0.0627	0.0043	1.0000
HAMBI_0403_chrm01_circ_3276660	PS_Ct_r03_2017_02_06_L001	1	0.0572	0.0054	1.0000
HAMBI_0403_chrm01_circ_3276660	PS_Ct_r03_2017_03_06_L001	1	0.1813	0.0138	1.0000
HAMBI_0403_chrm01_circ_3276660	PS_Ct_r03_2017_05_29_L001	1	0.9250	0.0067	1.0000
HAMBI_0403_chrm01_circ_3276660	PS_Ct_r03_2017_06_26_L001	1	0.8871	0.0079	1.0000
HAMBI_0403_chrm01_circ_3276660	PS_Ct_r03_2017_07_24_L001	1	0.7952	0.0086	1.0000
HAMBI_0403_chrm01_circ_3276660	PS_Ct_r03_2017_08_21_L001	1	0.5883	0.0111	1.0000
HAMBI_0403_chrm01_circ_3322437	PS_Ct_r03_2015_08_24_L001	1	0.0000	0.0000	1.0000
HAMBI_0403_chrm01_circ_3322437	PS_Ct_r03_2015_09_21_L001	1	0.0000	0.0000	1.0000
HAMBI_0403_chrm01_circ_3322437	PS_Ct_r03_2015_10_19_L001	1	0.0000	0.0000	1.0000
HAMBI_0403_chrm01_circ_3322437	PS_Ct_r03_2015_11_16_L002	1	0.0000	0.0000	1.0000
HAMBI_0403_chrm01_circ_3322437	PS_Ct_r03_2015_12_14_L002	1	0.0000	0.0000	1.0000
HAMBI_0403_chrm01_circ_3322437	PS_Ct_r03_2016_01_11_L001	1	0.0000	0.0000	1.0000
HAMBI_0403_chrm01_circ_3322437	PS_Ct_r03_2016_02_08_L001	1	0.0000	0.0000	1.0000
HAMBI_0403_chrm01_circ_3322437	PS_Ct_r03_2016_03_07_L001	1	0.0000	0.0000	1.0000
HAMBI_0403_chrm01_circ_3322437	PS_Ct_r03_2016_04_03_L001	1	0.0000	0.0000	1.0000
HAMBI_0403_chrm01_circ_3322437	PS_Ct_r03_2016_05_04_L001	1	0.0000	0.0000	1.0000
HAMBI_0403_chrm01_circ_3322437	PS_Ct_r03_2016_05_30_L001	1	0.0000	0.0000	1.0000
HAMBI_0403_chrm01_circ_3322437	PS_Ct_r03_2016_07_25_L003	1	0.0000	0.0000	1.0000
HAMBI_0403_chrm01_circ_3322437	PS_Ct_r03_2016_08_22_L003	1	0.0059	0.0050	1.0000
HAMBI_0403_chrm01_circ_3322437	PS_Ct_r03_2016_09_19_L003	1	0.0101	0.0004	1.0000
HAMBI_0403_chrm01_circ_3322437	PS_Ct_r03_2016_10_17_L001	1	0.0143	0.0050	1.0000
HAMBI_0403_chrm01_circ_3322437	PS_Ct_r03_2016_11_14_L001	1	0.0578	0.0053	1.0000
HAMBI_0403_chrm01_circ_3322437	PS_Ct_r03_2016_12_12_L001	1	0.0516	0.0046	1.0000
HAMBI_0403_chrm01_circ_3322437	PS_Ct_r03_2017_01_09_L001	1	0.0627	0.0043	1.0000
HAMBI_0403_chrm01_circ_3322437	PS_Ct_r03_2017_02_06_L001	1	0.0572	0.0054	1.0000
HAMBI_0403_chrm01_circ_3322437	PS_Ct_r03_2017_03_06_L001	1	0.1813	0.0138	1.0000
HAMBI_0403_chrm01_circ_3322437	PS_Ct_r03_2017_05_29_L001	1	0.9250	0.0067	1.0000
HAMBI_0403_chrm01_circ_3322437	PS_Ct_r03_2017_06_26_L001	1	0.8871	0.0079	1.0000
HAMBI_0403_chrm01_circ_3322437	PS_Ct_r03_2017_07_24_L001	1	0.7952	0.0086	1.0000
HAMBI_0403_chrm01_circ_3322437	PS_Ct_r03_2017_08_21_L001	1	0.5883	0.0111	1.0000
HAMBI_0403_chrm01_circ_3555176	PS_Ct_r03_2015_08_24_L001	1	0.0000	0.0000	1.0000
HAMBI_0403_chrm01_circ_3555176	PS_Ct_r03_2015_09_21_L001	1	0.0000	0.0000	1.0000
HAMBI_0403_chrm01_circ_3555176	PS_Ct_r03_2015_10_19_L001	1	0.0000	0.0000	1.0000
HAMBI_0403_chrm01_circ_3555176	PS_Ct_r03_2015_11_16_L002	1	0.0000	0.0000	1.0000
HAMBI_0403_chrm01_circ_3555176	PS_Ct_r03_2015_12_14_L002	1	0.0000	0.0000	1.0000
HAMBI_0403_chrm01_circ_3555176	PS_Ct_r03_2016_01_11_L001	1	0.0000	0.0000	1.0000
HAMBI_0403_chrm01_circ_3555176	PS_Ct_r03_2016_02_08_L001	1	0.0000	0.0000	1.0000
HAMBI_0403_chrm01_circ_3555176	PS_Ct_r03_2016_03_07_L001	1	0.0000	0.0000	1.0000
HAMBI_0403_chrm01_circ_3555176	PS_Ct_r03_2016_04_03_L001	1	0.0000	0.0000	1.0000
HAMBI_0403_chrm01_circ_3555176	PS_Ct_r03_2016_05_04_L001	1	0.0000	0.0000	1.0000
HAMBI_0403_chrm01_circ_3555176	PS_Ct_r03_2016_05_30_L001	1	0.0000	0.0000	1.0000
HAMBI_0403_chrm01_circ_3555176	PS_Ct_r03_2016_07_25_L003	1	0.0000	0.0000	1.0000
HAMBI_0403_chrm01_circ_3555176	PS_Ct_r03_2016_08_22_L003	1	0.0059	0.0050	1.0000
HAMBI_0403_chrm01_circ_3555176	PS_Ct_r03_2016_09_19_L003	1	0.0101	0.0004	1.0000
HAMBI_0403_chrm01_circ_3555176	PS_Ct_r03_2016_10_17_L001	1	0.0143	0.0050	1.0000
HAMBI_0403_chrm01_circ_3555176	PS_Ct_r03_2016_11_14_L001	1	0.0578	0.0053	1.0000
HAMBI_0403_chrm01_circ_3555176	PS_Ct_r03_2016_12_12_L001	1	0.0516	0.0046	1.0000
HAMBI_0403_chrm01_circ_3555176	PS_Ct_r03_2017_01_09_L001	1	0.0627	0.0043	1.0000
HAMBI_0403_chrm01_circ_3555176	PS_Ct_r03_2017_02_06_L001	1	0.0572	0.0054	1.0000
HAMBI_0403_chrm01_circ_3555176	PS_Ct_r03_2017_03_06_L001	1	0.1813	0.0138	1.0000
HAMBI_0403_chrm01_circ_3555176	PS_Ct_r03_2017_05_29_L001	1	0.9250	0.0067	1.0000
HAMBI_0403_chrm01_circ_3555176	PS_Ct_r03_2017_06_26_L001	1	0.8871	0.0079	1.0000
HAMBI_0403_chrm01_circ_3555176	PS_Ct_r03_2017_07_24_L001	1	0.7952	0.0086	1.0000
HAMBI_0403_chrm01_circ_3555176	PS_Ct_r03_2017_08_21_L001	1	0.5883	0.0111	1.0000
HAMBI_0403_chrm01_circ_360522	PS_Ct_r03_2015_08_24_L001	1	0.0000	0.0000	1.0000
HAMBI_0403_chrm01_circ_360522	PS_Ct_r03_2015_09_21_L001	1	0.0000	0.0000	1.0000
HAMBI_0403_chrm01_circ_360522	PS_Ct_r03_2015_10_19_L001	1	0.0000	0.0000	1.0000
HAMBI_0403_chrm01_circ_360522	PS_Ct_r03_2015_11_16_L002	1	0.0000	0.0000	1.0000
HAMBI_0403_chrm01_circ_360522	PS_Ct_r03_2015_12_14_L002	1	0.0000	0.0000	1.0000
HAMBI_0403_chrm01_circ_360522	PS_Ct_r03_2016_01_11_L001	1	0.0000	0.0000	1.0000
HAMBI_0403_chrm01_circ_360522	PS_Ct_r03_2016_02_08_L001	1	0.0000	0.0000	1.0000
HAMBI_0403_chrm01_circ_360522	PS_Ct_r03_2016_03_07_L001	1	0.0000	0.0000	1.0000
HAMBI_0403_chrm01_circ_360522	PS_Ct_r03_2016_04_03_L001	1	0.0000	0.0000	1.0000
HAMBI_0403_chrm01_circ_360522	PS_Ct_r03_2016_05_04_L001	1	0.0000	0.0000	1.0000
HAMBI_0403_chrm01_circ_360522	PS_Ct_r03_2016_05_30_L001	1	0.0000	0.0000	1.0000
HAMBI_0403_chrm01_circ_360522	PS_Ct_r03_2016_07_25_L003	1	0.0000	0.0000	1.0000
HAMBI_0403_chrm01_circ_360522	PS_Ct_r03_2016_08_22_L003	1	0.0059	0.0050	1.0000
HAMBI_0403_chrm01_circ_360522	PS_Ct_r03_2016_09_19_L003	1	0.0101	0.0004	1.0000
HAMBI_0403_chrm01_circ_360522	PS_Ct_r03_2016_10_17_L001	1	0.0143	0.0050	1.0000
HAMBI_0403_chrm01_circ_360522	PS_Ct_r03_2016_11_14_L001	1	0.0578	0.0053	1.0000
HAMBI_0403_chrm01_circ_360522	PS_Ct_r03_2016_12_12_L001	1	0.0516	0.0046	1.0000
HAMBI_0403_chrm01_circ_360522	PS_Ct_r03_2017_01_09_L001	1	0.0627	0.0043	1.0000
HAMBI_0403_chrm01_circ_360522	PS_Ct_r03_2017_02_06_L001	1	0.0572	0.0054	1.0000
HAMBI_0403_chrm01_circ_360522	PS_Ct_r03_2017_03_06_L001	1	0.1813	0.0138	1.0000
HAMBI_0403_chrm01_circ_360522	PS_Ct_r03_2017_05_29_L001	1	0.9250	0.0067	1.0000
HAMBI_0403_chrm01_circ_360522	PS_Ct_r03_2017_06_26_L001	1	0.8871	0.0079	1.0000
HAMBI_0403_chrm01_circ_360522	PS_Ct_r03_2017_07_24_L001	1	0.7952	0.0086	1.0000
HAMBI_0403_chrm01_circ_360522	PS_Ct_r03_2017_08_21_L001	1	0.5883	0.0111	1.0000
HAMBI_0403_chrm01_circ_3652328	PS_Ct_r03_2015_08_24_L001	1	0.0000	0.0000	1.0000
HAMBI_0403_chrm01_circ_3652328	PS_Ct_r03_2015_09_21_L001	1	0.0000	0.0000	1.0000
HAMBI_0403_chrm01_circ_3652328	PS_Ct_r03_2015_10_19_L001	1	0.0000	0.0000	1.0000
HAMBI_0403_chrm01_circ_3652328	PS_Ct_r03_2015_11_16_L002	1	0.0000	0.0000	1.0000
HAMBI_0403_chrm01_circ_3652328	PS_Ct_r03_2015_12_14_L002	1	0.0000	0.0000	1.0000
HAMBI_0403_chrm01_circ_3652328	PS_Ct_r03_2016_01_11_L001	1	0.0000	0.0000	1.0000
HAMBI_0403_chrm01_circ_3652328	PS_Ct_r03_2016_02_08_L001	1	0.0000	0.0000	1.0000
HAMBI_0403_chrm01_circ_3652328	PS_Ct_r03_2016_03_07_L001	1	0.0000	0.0000	1.0000
HAMBI_0403_chrm01_circ_3652328	PS_Ct_r03_2016_04_03_L001	1	0.0000	0.0000	1.0000
HAMBI_0403_chrm01_circ_3652328	PS_Ct_r03_2016_05_04_L001	1	0.0000	0.0000	1.0000
HAMBI_0403_chrm01_circ_3652328	PS_Ct_r03_2016_05_30_L001	1	0.0000	0.0000	1.0000
HAMBI_0403_chrm01_circ_3652328	PS_Ct_r03_2016_07_25_L003	1	0.0000	0.0000	1.0000
HAMBI_0403_chrm01_circ_3652328	PS_Ct_r03_2016_08_22_L003	1	0.0059	0.0050	1.0000
HAMBI_0403_chrm01_circ_3652328	PS_Ct_r03_2016_09_19_L003	1	0.0101	0.0004	1.0000
HAMBI_0403_chrm01_circ_3652328	PS_Ct_r03_2016_10_17_L001	1	0.0143	0.0050	1.0000
HAMBI_0403_chrm01_circ_3652328	PS_Ct_r03_2016_11_14_L001	1	0.0578	0.0053	1.0000
HAMBI_0403_chrm01_circ_3652328	PS_Ct_r03_2016_12_12_L001	1	0.0516	0.0046	1.0000
HAMBI_0403_chrm01_circ_3652328	PS_Ct_r03_2017_01_09_L001	1	0.0627	0.0043	1.0000
HAMBI_0403_chrm01_circ_3652328	PS_Ct_r03_2017_02_06_L001	1	0.0572	0.0054	1.0000
HAMBI_0403_chrm01_circ_3652328	PS_Ct_r03_2017_03_06_L001	1	0.1813	0.0138	1.0000
HAMBI_0403_chrm01_circ_3652328	PS_Ct_r03_2017_05_29_L001	1	0.9250	0.0067	1.0000
HAMBI_0403_chrm01_circ_3652328	PS_Ct_r03_2017_06_26_L001	1	0.8871	0.0079	1.0000
HAMBI_0403_chrm01_circ_3652328	PS_Ct_r03_2017_07_24_L001	1	0.7952	0.0086	1.0000
HAMBI_0403_chrm01_circ_3652328	PS_Ct_r03_2017_08_21_L001	1	0.5883	0.0111	1.0000
HAMBI_0403_chrm01_circ_3832814	PS_Ct_r03_2015_08_24_L001	1	0.0000	0.0000	1.0000
HAMBI_0403_chrm01_circ_3832814	PS_Ct_r03_2015_09_21_L001	1	0.0000	0.0000	1.0000
HAMBI_0403_chrm01_circ_3832814	PS_Ct_r03_2015_10_19_L001	1	0.0000	0.0000	1.0000
HAMBI_0403_chrm01_circ_3832814	PS_Ct_r03_2015_11_16_L002	1	0.0000	0.0000	1.0000
HAMBI_0403_chrm01_circ_3832814	PS_Ct_r03_2015_12_14_L002	1	0.0000	0.0000	1.0000
HAMBI_0403_chrm01_circ_3832814	PS_Ct_r03_2016_01_11_L001	1	0.0000	0.0000	1.0000
HAMBI_0403_chrm01_circ_3832814	PS_Ct_r03_2016_02_08_L001	1	0.0000	0.0000	1.0000
HAMBI_0403_chrm01_circ_3832814	PS_Ct_r03_2016_03_07_L001	1	0.0000	0.0000	1.0000
HAMBI_0403_chrm01_circ_3832814	PS_Ct_r03_2016_04_03_L001	1	0.0000	0.0000	1.0000
HAMBI_0403_chrm01_circ_3832814	PS_Ct_r03_2016_05_04_L001	1	0.0000	0.0000	1.0000
HAMBI_0403_chrm01_circ_3832814	PS_Ct_r03_2016_05_30_L001	1	0.0000	0.0000	1.0000
HAMBI_0403_chrm01_circ_3832814	PS_Ct_r03_2016_07_25_L003	1	0.0000	0.0000	1.0000
HAMBI_0403_chrm01_circ_3832814	PS_Ct_r03_2016_08_22_L003	1	0.0059	0.0050	1.0000
HAMBI_0403_chrm01_circ_3832814	PS_Ct_r03_2016_09_19_L003	1	0.0101	0.0004	1.0000
HAMBI_0403_chrm01_circ_3832814	PS_Ct_r03_2016_10_17_L001	1	0.0143	0.0050	1.0000
HAMBI_0403_chrm01_circ_3832814	PS_Ct_r03_2016_11_14_L001	1	0.0578	0.0053	1.0000
HAMBI_0403_chrm01_circ_3832814	PS_Ct_r03_2016_12_12_L001	1	0.0516	0.0046	1.0000
HAMBI_0403_chrm01_circ_3832814	PS_Ct_r03_2017_01_09_L001	1	0.0627	0.0043	1.0000
HAMBI_0403_chrm01_circ_3832814	PS_Ct_r03_2017_02_06_L001	1	0.0572	0.0054	1.0000
HAMBI_0403_chrm01_circ_3832814	PS_Ct_r03_2017_03_06_L001	1	0.1813	0.0138	1.0000
HAMBI_0403_chrm01_circ_3832814	PS_Ct_r03_2017_05_29_L001	1	0.9250	0.0067	1.0000
HAMBI_0403_chrm01_circ_3832814	PS_Ct_r03_2017_06_26_L001	1	0.8871	0.0079	1.0000
HAMBI_0403_chrm01_circ_3832814	PS_Ct_r03_2017_07_24_L001	1	0.7952	0.0086	1.0000
HAMBI_0403_chrm01_circ_3832814	PS_Ct_r03_2017_08_21_L001	1	0.5883	0.0111	1.0000
HAMBI_0403_chrm01_circ_4025643	PS_Ct_r03_2015_08_24_L001	1	0.0000	0.0000	1.0000
HAMBI_0403_chrm01_circ_4025643	PS_Ct_r03_2015_09_21_L001	1	0.0000	0.0000	1.0000
HAMBI_0403_chrm01_circ_4025643	PS_Ct_r03_2015_10_19_L001	1	0.0000	0.0000	1.0000
HAMBI_0403_chrm01_circ_4025643	PS_Ct_r03_2015_11_16_L002	1	0.0000	0.0000	1.0000
HAMBI_0403_chrm01_circ_4025643	PS_Ct_r03_2015_12_14_L002	1	0.0000	0.0000	1.0000
HAMBI_0403_chrm01_circ_4025643	PS_Ct_r03_2016_01_11_L001	1	0.0000	0.0000	1.0000
HAMBI_0403_chrm01_circ_4025643	PS_Ct_r03_2016_02_08_L001	1	0.0000	0.0000	1.0000
HAMBI_0403_chrm01_circ_4025643	PS_Ct_r03_2016_03_07_L001	1	0.0000	0.0000	1.0000
HAMBI_0403_chrm01_circ_4025643	PS_Ct_r03_2016_04_03_L001	1	0.0000	0.0000	1.0000
HAMBI_0403_chrm01_circ_4025643	PS_Ct_r03_2016_05_04_L001	1	0.0000	0.0000	1.0000
HAMBI_0403_chrm01_circ_4025643	PS_Ct_r03_2016_05_30_L001	1	0.0000	0.0000	1.0000
HAMBI_0403_chrm01_circ_4025643	PS_Ct_r03_2016_07_25_L003	1	0.0000	0.0000	1.0000
HAMBI_0403_chrm01_circ_4025643	PS_Ct_r03_2016_08_22_L003	1	0.0059	0.0050	1.0000
HAMBI_0403_chrm01_circ_4025643	PS_Ct_r03_2016_09_19_L003	1	0.0101	0.0004	1.0000
HAMBI_0403_chrm01_circ_4025643	PS_Ct_r03_2016_10_17_L001	1	0.0143	0.0050	1.0000
HAMBI_0403_chrm01_circ_4025643	PS_Ct_r03_2016_11_14_L001	1	0.0578	0.0053	1.0000
HAMBI_0403_chrm01_circ_4025643	PS_Ct_r03_2016_12_12_L001	1	0.0516	0.0046	1.0000
HAMBI_0403_chrm01_circ_4025643	PS_Ct_r03_2017_01_09_L001	1	0.0627	0.0043	1.0000
HAMBI_0403_chrm01_circ_4025643	PS_Ct_r03_2017_02_06_L001	1	0.0572	0.0054	1.0000
HAMBI_0403_chrm01_circ_4025643	PS_Ct_r03_2017_03_06_L001	1	0.1813	0.0138	1.0000
HAMBI_0403_chrm01_circ_4025643	PS_Ct_r03_2017_05_29_L001	1	0.9250	0.0067	1.0000
HAMBI_0403_chrm01_circ_4025643	PS_Ct_r03_2017_06_26_L001	1	0.8871	0.0079	1.0000
HAMBI_0403_chrm01_circ_4025643	PS_Ct_r03_2017_07_24_L001	1	0.7952	0.0086	1.0000
HAMBI_0403_chrm01_circ_4025643	PS_Ct_r03_2017_08_21_L001	1	0.5883	0.0111	1.0000
HAMBI_0403_chrm01_circ_4025652	PS_Ct_r03_2015_08_24_L001	1	0.0000	0.0000	1.0000
HAMBI_0403_chrm01_circ_4025652	PS_Ct_r03_2015_09_21_L001	1	0.0000	0.0000	1.0000
HAMBI_0403_chrm01_circ_4025652	PS_Ct_r03_2015_10_19_L001	1	0.0000	0.0000	1.0000
HAMBI_0403_chrm01_circ_4025652	PS_Ct_r03_2015_11_16_L002	1	0.0000	0.0000	1.0000
HAMBI_0403_chrm01_circ_4025652	PS_Ct_r03_2015_12_14_L002	1	0.0000	0.0000	1.0000
HAMBI_0403_chrm01_circ_4025652	PS_Ct_r03_2016_01_11_L001	1	0.0000	0.0000	1.0000
HAMBI_0403_chrm01_circ_4025652	PS_Ct_r03_2016_02_08_L001	1	0.0000	0.0000	1.0000
HAMBI_0403_chrm01_circ_4025652	PS_Ct_r03_2016_03_07_L001	1	0.0000	0.0000	1.0000
HAMBI_0403_chrm01_circ_4025652	PS_Ct_r03_2016_04_03_L001	1	0.0000	0.0000	1.0000
HAMBI_0403_chrm01_circ_4025652	PS_Ct_r03_2016_05_04_L001	1	0.0000	0.0000	1.0000
HAMBI_0403_chrm01_circ_4025652	PS_Ct_r03_2016_05_30_L001	1	0.0000	0.0000	1.0000
HAMBI_0403_chrm01_circ_4025652	PS_Ct_r03_2016_07_25_L003	1	0.0000	0.0000	1.0000
HAMBI_0403_chrm01_circ_4025652	PS_Ct_r03_2016_08_22_L003	1	0.0059	0.0050	1.0000
HAMBI_0403_chrm01_circ_4025652	PS_Ct_r03_2016_09_19_L003	1	0.0101	0.0004	1.0000
HAMBI_0403_chrm01_circ_4025652	PS_Ct_r03_2016_10_17_L001	1	0.0143	0.0050	1.0000
HAMBI_0403_chrm01_circ_4025652	PS_Ct_r03_2016_11_14_L001	1	0.0578	0.0053	1.0000
HAMBI_0403_chrm01_circ_4025652	PS_Ct_r03_2016_12_12_L001	1	0.0516	0.0046	1.0000
HAMBI_0403_chrm01_circ_4025652	PS_Ct_r03_2017_01_09_L001	1	0.0627	0.0043	1.0000
HAMBI_0403_chrm01_circ_4025652	PS_Ct_r03_2017_02_06_L001	1	0.0572	0.0054	1.0000
HAMBI_0403_chrm01_circ_4025652	PS_Ct_r03_2017_03_06_L001	1	0.1813	0.0138	1.0000
HAMBI_0403_chrm01_circ_4025652	PS_Ct_r03_2017_05_29_L001	1	0.9250	0.0067	1.0000
HAMBI_0403_chrm01_circ_4025652	PS_Ct_r03_2017_06_26_L001	1	0.8871	0.0079	1.0000
HAMBI_0403_chrm01_circ_4025652	PS_Ct_r03_2017_07_24_L001	1	0.7952	0.0086	1.0000
HAMBI_0403_chrm01_circ_4025652	PS_Ct_r03_2017_08_21_L001	1	0.5883	0.0111	1.0000
HAMBI_0403_chrm01_circ_4025663	PS_Ct_r03_2015_08_24_L001	1	0.0000	0.0000	1.0000
HAMBI_0403_chrm01_circ_4025663	PS_Ct_r03_2015_09_21_L001	1	0.0000	0.0000	1.0000
HAMBI_0403_chrm01_circ_4025663	PS_Ct_r03_2015_10_19_L001	1	0.0000	0.0000	1.0000
HAMBI_0403_chrm01_circ_4025663	PS_Ct_r03_2015_11_16_L002	1	0.0000	0.0000	1.0000
HAMBI_0403_chrm01_circ_4025663	PS_Ct_r03_2015_12_14_L002	1	0.0000	0.0000	1.0000
HAMBI_0403_chrm01_circ_4025663	PS_Ct_r03_2016_01_11_L001	1	0.0000	0.0000	1.0000
HAMBI_0403_chrm01_circ_4025663	PS_Ct_r03_2016_02_08_L001	1	0.0000	0.0000	1.0000
HAMBI_0403_chrm01_circ_4025663	PS_Ct_r03_2016_03_07_L001	1	0.0000	0.0000	1.0000
HAMBI_0403_chrm01_circ_4025663	PS_Ct_r03_2016_04_03_L001	1	0.0000	0.0000	1.0000
HAMBI_0403_chrm01_circ_4025663	PS_Ct_r03_2016_05_04_L001	1	0.0000	0.0000	1.0000
HAMBI_0403_chrm01_circ_4025663	PS_Ct_r03_2016_05_30_L001	1	0.0000	0.0000	1.0000
HAMBI_0403_chrm01_circ_4025663	PS_Ct_r03_2016_07_25_L003	1	0.0000	0.0000	1.0000
HAMBI_0403_chrm01_circ_4025663	PS_Ct_r03_2016_08_22_L003	1	0.0059	0.0050	1.0000
HAMBI_0403_chrm01_circ_4025663	PS_Ct_r03_2016_09_19_L003	1	0.0101	0.0004	1.0000
HAMBI_0403_chrm01_circ_4025663	PS_Ct_r03_2016_10_17_L001	1	0.0143	0.0050	1.0000
HAMBI_0403_chrm01_circ_4025663	PS_Ct_r03_2016_11_14_L001	1	0.0578	0.0053	1.0000
HAMBI_0403_chrm01_circ_4025663	PS_Ct_r03_2016_12_12_L001	1	0.0516	0.0046	1.0000
HAMBI_0403_chrm01_circ_4025663	PS_Ct_r03_2017_01_09_L001	1	0.0627	0.0043	1.0000
HAMBI_0403_chrm01_circ_4025663	PS_Ct_r03_2017_02_06_L001	1	0.0572	0.0054	1.0000
HAMBI_0403_chrm01_circ_4025663	PS_Ct_r03_2017_03_06_L001	1	0.1813	0.0138	1.0000
HAMBI_0403_chrm01_circ_4025663	PS_Ct_r03_2017_05_29_L001	1	0.9250	0.0067	1.0000
HAMBI_0403_chrm01_circ_4025663	PS_Ct_r03_2017_06_26_L001	1	0.8871	0.0079	1.0000
HAMBI_0403_chrm01_circ_4025663	PS_Ct_r03_2017_07_24_L001	1	0.7952	0.0086	1.0000
HAMBI_0403_chrm01_circ_4025663	PS_Ct_r03_2017_08_21_L001	1	0.5883	0.0111	1.0000
HAMBI_0403_chrm01_circ_4025670	PS_Ct_r03_2015_08_24_L001	1	0.0000	0.0000	1.0000
HAMBI_0403_chrm01_circ_4025670	PS_Ct_r03_2015_09_21_L001	1	0.0000	0.0000	1.0000
HAMBI_0403_chrm01_circ_4025670	PS_Ct_r03_2015_10_19_L001	1	0.0000	0.0000	1.0000
HAMBI_0403_chrm01_circ_4025670	PS_Ct_r03_2015_11_16_L002	1	0.0000	0.0000	1.0000
HAMBI_0403_chrm01_circ_4025670	PS_Ct_r03_2015_12_14_L002	1	0.0000	0.0000	1.0000
HAMBI_0403_chrm01_circ_4025670	PS_Ct_r03_2016_01_11_L001	1	0.0000	0.0000	1.0000
HAMBI_0403_chrm01_circ_4025670	PS_Ct_r03_2016_02_08_L001	1	0.0000	0.0000	1.0000
HAMBI_0403_chrm01_circ_4025670	PS_Ct_r03_2016_03_07_L001	1	0.0000	0.0000	1.0000
HAMBI_0403_chrm01_circ_4025670	PS_Ct_r03_2016_04_03_L001	1	0.0000	0.0000	1.0000
HAMBI_0403_chrm01_circ_4025670	PS_Ct_r03_2016_05_04_L001	1	0.0000	0.0000	1.0000
HAMBI_0403_chrm01_circ_4025670	PS_Ct_r03_2016_05_30_L001	1	0.0000	0.0000	1.0000
HAMBI_0403_chrm01_circ_4025670	PS_Ct_r03_2016_07_25_L003	1	0.0000	0.0000	1.0000
HAMBI_0403_chrm01_circ_4025670	PS_Ct_r03_2016_08_22_L003	1	0.0059	0.0050	1.0000
HAMBI_0403_chrm01_circ_4025670	PS_Ct_r03_2016_09_19_L003	1	0.0101	0.0004	1.0000
HAMBI_0403_chrm01_circ_4025670	PS_Ct_r03_2016_10_17_L001	1	0.0143	0.0050	1.0000
HAMBI_0403_chrm01_circ_4025670	PS_Ct_r03_2016_11_14_L001	1	0.0578	0.0053	1.0000
HAMBI_0403_chrm01_circ_4025670	PS_Ct_r03_2016_12_12_L001	1	0.0516	0.0046	1.0000
HAMBI_0403_chrm01_circ_4025670	PS_Ct_r03_2017_01_09_L001	1	0.0627	0.0043	1.0000
HAMBI_0403_chrm01_circ_4025670	PS_Ct_r03_2017_02_06_L001	1	0.0572	0.0054	1.0000
HAMBI_0403_chrm01_circ_4025670	PS_Ct_r03_2017_03_06_L001	1	0.1813	0.0138	1.0000
HAMBI_0403_chrm01_circ_4025670	PS_Ct_r03_2017_05_29_L001	1	0.9250	0.0067	1.0000
HAMBI_0403_chrm01_circ_4025670	PS_Ct_r03_2017_06_26_L001	1	0.8871	0.0079	1.0000
HAMBI_0403_chrm01_circ_4025670	PS_Ct_r03_2017_07_24_L001	1	0.7952	0.0086	1.0000
HAMBI_0403_chrm01_circ_4025670	PS_Ct_r03_2017_08_21_L001	1	0.5883	0.0111	1.0000
HAMBI_0403_chrm01_circ_4025677	PS_Ct_r03_2015_08_24_L001	1	0.0000	0.0000	1.0000
HAMBI_0403_chrm01_circ_4025677	PS_Ct_r03_2015_09_21_L001	1	0.0000	0.0000	1.0000
HAMBI_0403_chrm01_circ_4025677	PS_Ct_r03_2015_10_19_L001	1	0.0000	0.0000	1.0000
HAMBI_0403_chrm01_circ_4025677	PS_Ct_r03_2015_11_16_L002	1	0.0000	0.0000	1.0000
HAMBI_0403_chrm01_circ_4025677	PS_Ct_r03_2015_12_14_L002	1	0.0000	0.0000	1.0000
HAMBI_0403_chrm01_circ_4025677	PS_Ct_r03_2016_01_11_L001	1	0.0000	0.0000	1.0000
HAMBI_0403_chrm01_circ_4025677	PS_Ct_r03_2016_02_08_L001	1	0.0000	0.0000	1.0000
HAMBI_0403_chrm01_circ_4025677	PS_Ct_r03_2016_03_07_L001	1	0.0000	0.0000	1.0000
HAMBI_0403_chrm01_circ_4025677	PS_Ct_r03_2016_04_03_L001	1	0.0000	0.0000	1.0000
HAMBI_0403_chrm01_circ_4025677	PS_Ct_r03_2016_05_04_L001	1	0.0000	0.0000	1.0000
HAMBI_0403_chrm01_circ_4025677	PS_Ct_r03_2016_05_30_L001	1	0.0000	0.0000	1.0000
HAMBI_0403_chrm01_circ_4025677	PS_Ct_r03_2016_07_25_L003	1	0.0000	0.0000	1.0000
HAMBI_0403_chrm01_circ_4025677	PS_Ct_r03_2016_08_22_L003	1	0.0059	0.0050	1.0000
HAMBI_0403_chrm01_circ_4025677	PS_Ct_r03_2016_09_19_L003	1	0.0101	0.0004	1.0000
HAMBI_0403_chrm01_circ_4025677	PS_Ct_r03_2016_10_17_L001	1	0.0143	0.0050	1.0000
HAMBI_0403_chrm01_circ_4025677	PS_Ct_r03_2016_11_14_L001	1	0.0578	0.0053	1.0000
HAMBI_0403_chrm01_circ_4025677	PS_Ct_r03_2016_12_12_L001	1	0.0516	0.0046	1.0000
HAMBI_0403_chrm01_circ_4025677	PS_Ct_r03_2017_01_09_L001	1	0.0627	0.0043	1.0000
HAMBI_0403_chrm01_circ_4025677	PS_Ct_r03_2017_02_06_L001	1	0.0572	0.0054	1.0000
HAMBI_0403_chrm01_circ_4025677	PS_Ct_r03_2017_03_06_L001	1	0.1813	0.0138	1.0000
HAMBI_0403_chrm01_circ_4025677	PS_Ct_r03_2017_05_29_L001	1	0.9250	0.0067	1.0000
HAMBI_0403_chrm01_circ_4025677	PS_Ct_r03_2017_06_26_L001	1	0.8871	0.0079	1.0000
HAMBI_0403_chrm01_circ_4025677	PS_Ct_r03_2017_07_24_L001	1	0.7952	0.0086	1.0000
HAMBI_0403_chrm01_circ_4025677	PS_Ct_r03_2017_08_21_L001	1	0.5883	0.0111	1.0000
HAMBI_0403_chrm01_circ_4098318	PS_Ct_r03_2015_08_24_L001	1	0.0000	0.0000	1.0000
HAMBI_0403_chrm01_circ_4098318	PS_Ct_r03_2015_09_21_L001	1	0.0000	0.0000	1.0000
HAMBI_0403_chrm01_circ_4098318	PS_Ct_r03_2015_10_19_L001	1	0.0000	0.0000	1.0000
HAMBI_0403_chrm01_circ_4098318	PS_Ct_r03_2015_11_16_L002	1	0.0000	0.0000	1.0000
HAMBI_0403_chrm01_circ_4098318	PS_Ct_r03_2015_12_14_L002	1	0.0000	0.0000	1.0000
HAMBI_0403_chrm01_circ_4098318	PS_Ct_r03_2016_01_11_L001	1	0.0000	0.0000	1.0000
HAMBI_0403_chrm01_circ_4098318	PS_Ct_r03_2016_02_08_L001	1	0.0000	0.0000	1.0000
HAMBI_0403_chrm01_circ_4098318	PS_Ct_r03_2016_03_07_L001	1	0.0000	0.0000	1.0000
HAMBI_0403_chrm01_circ_4098318	PS_Ct_r03_2016_04_03_L001	1	0.0000	0.0000	1.0000
HAMBI_0403_chrm01_circ_4098318	PS_Ct_r03_2016_05_04_L001	1	0.0000	0.0000	1.0000
HAMBI_0403_chrm01_circ_4098318	PS_Ct_r03_2016_05_30_L001	1	0.0000	0.0000	1.0000
HAMBI_0403_chrm01_circ_4098318	PS_Ct_r03_2016_07_25_L003	1	0.0000	0.0000	1.0000
HAMBI_0403_chrm01_circ_4098318	PS_Ct_r03_2016_08_22_L003	1	0.0059	0.0050	1.0000
HAMBI_0403_chrm01_circ_4098318	PS_Ct_r03_2016_09_19_L003	1	0.0101	0.0004	1.0000
HAMBI_0403_chrm01_circ_4098318	PS_Ct_r03_2016_10_17_L001	1	0.0143	0.0050	1.0000
HAMBI_0403_chrm01_circ_4098318	PS_Ct_r03_2016_11_14_L001	1	0.0578	0.0053	1.0000
HAMBI_0403_chrm01_circ_4098318	PS_Ct_r03_2016_12_12_L001	1	0.0516	0.0046	1.0000
HAMBI_0403_chrm01_circ_4098318	PS_Ct_r03_2017_01_09_L001	1	0.0627	0.0043	1.0000
HAMBI_0403_chrm01_circ_4098318	PS_Ct_r03_2017_02_06_L001	1	0.0572	0.0054	1.0000
HAMBI_0403_chrm01_circ_4098318	PS_Ct_r03_2017_03_06_L001	1	0.1813	0.0138	1.0000
HAMBI_0403_chrm01_circ_4098318	PS_Ct_r03_2017_05_29_L001	1	0.9250	0.0067	1.0000
HAMBI_0403_chrm01_circ_4098318	PS_Ct_r03_2017_06_26_L001	1	0.8871	0.0079	1.0000
HAMBI_0403_chrm01_circ_4098318	PS_Ct_r03_2017_07_24_L001	1	0.7952	0.0086	1.0000
HAMBI_0403_chrm01_circ_4098318	PS_Ct_r03_2017_08_21_L001	1	0.5883	0.0111	1.0000
HAMBI_0403_chrm01_circ_4204317	PS_Ct_r03_2015_08_24_L001	1	0.0000	0.0000	1.0000
HAMBI_0403_chrm01_circ_4204317	PS_Ct_r03_2015_09_21_L001	1	0.0000	0.0000	1.0000
HAMBI_0403_chrm01_circ_4204317	PS_Ct_r03_2015_10_19_L001	1	0.0000	0.0000	1.0000
HAMBI_0403_chrm01_circ_4204317	PS_Ct_r03_2015_11_16_L002	1	0.0000	0.0000	1.0000
HAMBI_0403_chrm01_circ_4204317	PS_Ct_r03_2015_12_14_L002	1	0.0000	0.0000	1.0000
HAMBI_0403_chrm01_circ_4204317	PS_Ct_r03_2016_01_11_L001	1	0.0000	0.0000	1.0000
HAMBI_0403_chrm01_circ_4204317	PS_Ct_r03_2016_02_08_L001	1	0.0000	0.0000	1.0000
HAMBI_0403_chrm01_circ_4204317	PS_Ct_r03_2016_03_07_L001	1	0.0000	0.0000	1.0000
HAMBI_0403_chrm01_circ_4204317	PS_Ct_r03_2016_04_03_L001	1	0.0000	0.0000	1.0000
HAMBI_0403_chrm01_circ_4204317	PS_Ct_r03_2016_05_04_L001	1	0.0000	0.0000	1.0000
HAMBI_0403_chrm01_circ_4204317	PS_Ct_r03_2016_05_30_L001	1	0.0000	0.0000	1.0000
HAMBI_0403_chrm01_circ_4204317	PS_Ct_r03_2016_07_25_L003	1	0.0000	0.0000	1.0000
HAMBI_0403_chrm01_circ_4204317	PS_Ct_r03_2016_08_22_L003	1	0.0059	0.0050	1.0000
HAMBI_0403_chrm01_circ_4204317	PS_Ct_r03_2016_09_19_L003	1	0.0101	0.0004	1.0000
HAMBI_0403_chrm01_circ_4204317	PS_Ct_r03_2016_10_17_L001	1	0.0143	0.0050	1.0000
HAMBI_0403_chrm01_circ_4204317	PS_Ct_r03_2016_11_14_L001	1	0.0578	0.0053	1.0000
HAMBI_0403_chrm01_circ_4204317	PS_Ct_r03_2016_12_12_L001	1	0.0516	0.0046	1.0000
HAMBI_0403_chrm01_circ_4204317	PS_Ct_r03_2017_01_09_L001	1	0.0627	0.0043	1.0000
HAMBI_0403_chrm01_circ_4204317	PS_Ct_r03_2017_02_06_L001	1	0.0572	0.0054	1.0000
HAMBI_0403_chrm01_circ_4204317	PS_Ct_r03_2017_03_06_L001	1	0.1813	0.0138	1.0000
HAMBI_0403_chrm01_circ_4204317	PS_Ct_r03_2017_05_29_L001	1	0.9250	0.0067	1.0000
HAMBI_0403_chrm01_circ_4204317	PS_Ct_r03_2017_06_26_L001	1	0.8871	0.0079	1.0000
HAMBI_0403_chrm01_circ_4204317	PS_Ct_r03_2017_07_24_L001	1	0.7952	0.0086	1.0000
HAMBI_0403_chrm01_circ_4204317	PS_Ct_r03_2017_08_21_L001	1	0.5883	0.0111	1.0000
HAMBI_0403_chrm01_circ_4424328	PS_Ct_r03_2015_08_24_L001	1	0.0000	0.0000	1.0000
HAMBI_0403_chrm01_circ_4424328	PS_Ct_r03_2015_09_21_L001	1	0.0000	0.0000	1.0000
HAMBI_0403_chrm01_circ_4424328	PS_Ct_r03_2015_10_19_L001	1	0.0000	0.0000	1.0000
HAMBI_0403_chrm01_circ_4424328	PS_Ct_r03_2015_11_16_L002	1	0.0000	0.0000	1.0000
HAMBI_0403_chrm01_circ_4424328	PS_Ct_r03_2015_12_14_L002	1	0.0000	0.0000	1.0000
HAMBI_0403_chrm01_circ_4424328	PS_Ct_r03_2016_01_11_L001	1	0.0000	0.0000	1.0000
HAMBI_0403_chrm01_circ_4424328	PS_Ct_r03_2016_02_08_L001	1	0.0000	0.0000	1.0000
HAMBI_0403_chrm01_circ_4424328	PS_Ct_r03_2016_03_07_L001	1	0.0000	0.0000	1.0000
HAMBI_0403_chrm01_circ_4424328	PS_Ct_r03_2016_04_03_L001	1	0.0000	0.0000	1.0000
HAMBI_0403_chrm01_circ_4424328	PS_Ct_r03_2016_05_04_L001	1	0.0000	0.0000	1.0000
HAMBI_0403_chrm01_circ_4424328	PS_Ct_r03_2016_05_30_L001	1	0.0000	0.0000	1.0000
HAMBI_0403_chrm01_circ_4424328	PS_Ct_r03_2016_07_25_L003	1	0.0000	0.0000	1.0000
HAMBI_0403_chrm01_circ_4424328	PS_Ct_r03_2016_08_22_L003	1	0.0059	0.0050	1.0000
HAMBI_0403_chrm01_circ_4424328	PS_Ct_r03_2016_09_19_L003	1	0.0101	0.0004	1.0000
HAMBI_0403_chrm01_circ_4424328	PS_Ct_r03_2016_10_17_L001	1	0.0143	0.0050	1.0000
HAMBI_0403_chrm01_circ_4424328	PS_Ct_r03_2016_11_14_L001	1	0.0578	0.0053	1.0000
HAMBI_0403_chrm01_circ_4424328	PS_Ct_r03_2016_12_12_L001	1	0.0516	0.0046	1.0000
HAMBI_0403_chrm01_circ_4424328	PS_Ct_r03_2017_01_09_L001	1	0.0627	0.0043	1.0000
HAMBI_0403_chrm01_circ_4424328	PS_Ct_r03_2017_02_06_L001	1	0.0572	0.0054	1.0000
HAMBI_0403_chrm01_circ_4424328	PS_Ct_r03_2017_03_06_L001	1	0.1813	0.0138	1.0000
HAMBI_0403_chrm01_circ_4424328	PS_Ct_r03_2017_05_29_L001	1	0.9250	0.0067	1.0000
HAMBI_0403_chrm01_circ_4424328	PS_Ct_r03_2017_06_26_L001	1	0.8871	0.0079	1.0000
HAMBI_0403_chrm01_circ_4424328	PS_Ct_r03_2017_07_24_L001	1	0.7952	0.0086	1.0000
HAMBI_0403_chrm01_circ_4424328	PS_Ct_r03_2017_08_21_L001	1	0.5883	0.0111	1.0000
HAMBI_0403_chrm01_circ_4483742	PS_Ct_r03_2015_08_24_L001	1	0.0000	0.0000	1.0000
HAMBI_0403_chrm01_circ_4483742	PS_Ct_r03_2015_09_21_L001	1	0.0000	0.0000	1.0000
HAMBI_0403_chrm01_circ_4483742	PS_Ct_r03_2015_10_19_L001	1	0.0000	0.0000	1.0000
HAMBI_0403_chrm01_circ_4483742	PS_Ct_r03_2015_11_16_L002	1	0.0000	0.0000	1.0000
HAMBI_0403_chrm01_circ_4483742	PS_Ct_r03_2015_12_14_L002	1	0.0000	0.0000	1.0000
HAMBI_0403_chrm01_circ_4483742	PS_Ct_r03_2016_01_11_L001	1	0.0000	0.0000	1.0000
HAMBI_0403_chrm01_circ_4483742	PS_Ct_r03_2016_02_08_L001	1	0.0000	0.0000	1.0000
HAMBI_0403_chrm01_circ_4483742	PS_Ct_r03_2016_03_07_L001	1	0.0000	0.0000	1.0000
HAMBI_0403_chrm01_circ_4483742	PS_Ct_r03_2016_04_03_L001	1	0.0000	0.0000	1.0000
HAMBI_0403_chrm01_circ_4483742	PS_Ct_r03_2016_05_04_L001	1	0.0000	0.0000	1.0000
HAMBI_0403_chrm01_circ_4483742	PS_Ct_r03_2016_05_30_L001	1	0.0000	0.0000	1.0000
HAMBI_0403_chrm01_circ_4483742	PS_Ct_r03_2016_07_25_L003	1	0.0000	0.0000	1.0000
HAMBI_0403_chrm01_circ_4483742	PS_Ct_r03_2016_08_22_L003	1	0.0059	0.0050	1.0000
HAMBI_0403_chrm01_circ_4483742	PS_Ct_r03_2016_09_19_L003	1	0.0101	0.0004	1.0000
HAMBI_0403_chrm01_circ_4483742	PS_Ct_r03_2016_10_17_L001	1	0.0143	0.0050	1.0000
HAMBI_0403_chrm01_circ_4483742	PS_Ct_r03_2016_11_14_L001	1	0.0578	0.0053	1.0000
HAMBI_0403_chrm01_circ_4483742	PS_Ct_r03_2016_12_12_L001	1	0.0516	0.0046	1.0000
HAMBI_0403_chrm01_circ_4483742	PS_Ct_r03_2017_01_09_L001	1	0.0627	0.0043	1.0000
HAMBI_0403_chrm01_circ_4483742	PS_Ct_r03_2017_02_06_L001	1	0.0572	0.0054	1.0000
HAMBI_0403_chrm01_circ_4483742	PS_Ct_r03_2017_03_06_L001	1	0.1813	0.0138	1.0000
HAMBI_0403_chrm01_circ_4483742	PS_Ct_r03_2017_05_29_L001	1	0.9250	0.0067	1.0000
HAMBI_0403_chrm01_circ_4483742	PS_Ct_r03_2017_06_26_L001	1	0.8871	0.0079	1.0000
HAMBI_0403_chrm01_circ_4483742	PS_Ct_r03_2017_07_24_L001	1	0.7952	0.0086	1.0000
HAMBI_0403_chrm01_circ_4483742	PS_Ct_r03_2017_08_21_L001	1	0.5883	0.0111	1.0000
HAMBI_0403_chrm01_circ_4792076	PS_Ct_r03_2015_08_24_L001	1	0.0000	0.0000	1.0000
HAMBI_0403_chrm01_circ_4792076	PS_Ct_r03_2015_09_21_L001	1	0.0000	0.0000	1.0000
HAMBI_0403_chrm01_circ_4792076	PS_Ct_r03_2015_10_19_L001	1	0.0000	0.0000	1.0000
HAMBI_0403_chrm01_circ_4792076	PS_Ct_r03_2015_11_16_L002	1	0.0000	0.0000	1.0000
HAMBI_0403_chrm01_circ_4792076	PS_Ct_r03_2015_12_14_L002	1	0.0000	0.0000	1.0000
HAMBI_0403_chrm01_circ_4792076	PS_Ct_r03_2016_01_11_L001	1	0.0000	0.0000	1.0000
HAMBI_0403_chrm01_circ_4792076	PS_Ct_r03_2016_02_08_L001	1	0.0000	0.0000	1.0000
HAMBI_0403_chrm01_circ_4792076	PS_Ct_r03_2016_03_07_L001	1	0.0000	0.0000	1.0000
HAMBI_0403_chrm01_circ_4792076	PS_Ct_r03_2016_04_03_L001	1	0.0000	0.0000	1.0000
HAMBI_0403_chrm01_circ_4792076	PS_Ct_r03_2016_05_04_L001	1	0.0000	0.0000	1.0000
HAMBI_0403_chrm01_circ_4792076	PS_Ct_r03_2016_05_30_L001	1	0.0000	0.0000	1.0000
HAMBI_0403_chrm01_circ_4792076	PS_Ct_r03_2016_07_25_L003	1	0.0000	0.0000	1.0000
HAMBI_0403_chrm01_circ_4792076	PS_Ct_r03_2016_08_22_L003	1	0.0059	0.0050	1.0000
HAMBI_0403_chrm01_circ_4792076	PS_Ct_r03_2016_09_19_L003	1	0.0101	0.0004	1.0000
HAMBI_0403_chrm01_circ_4792076	PS_Ct_r03_2016_10_17_L001	1	0.0143	0.0050	1.0000
HAMBI_0403_chrm01_circ_4792076	PS_Ct_r03_2016_11_14_L001	1	0.0578	0.0053	1.0000
HAMBI_0403_chrm01_circ_4792076	PS_Ct_r03_2016_12_12_L001	1	0.0516	0.0046	1.0000
HAMBI_0403_chrm01_circ_4792076	PS_Ct_r03_2017_01_09_L001	1	0.0627	0.0043	1.0000
HAMBI_0403_chrm01_circ_4792076	PS_Ct_r03_2017_02_06_L001	1	0.0572	0.0054	1.0000
HAMBI_0403_chrm01_circ_4792076	PS_Ct_r03_2017_03_06_L001	1	0.1813	0.0138	1.0000
HAMBI_0403_chrm01_circ_4792076	PS_Ct_r03_2017_05_29_L001	1	0.9250	0.0067	1.0000
HAMBI_0403_chrm01_circ_4792076	PS_Ct_r03_2017_06_26_L001	1	0.8871	0.0079	1.0000
HAMBI_0403_chrm01_circ_4792076	PS_Ct_r03_2017_07_24_L001	1	0.7952	0.0086	1.0000
HAMBI_0403_chrm01_circ_4792076	PS_Ct_r03_2017_08_21_L001	1	0.5883	0.0111	1.0000
HAMBI_0403_chrm01_circ_4815800	PS_Ct_r03_2015_08_24_L001	1	0.0000	0.0000	1.0000
HAMBI_0403_chrm01_circ_4815800	PS_Ct_r03_2015_09_21_L001	1	0.0000	0.0000	1.0000
HAMBI_0403_chrm01_circ_4815800	PS_Ct_r03_2015_10_19_L001	1	0.0000	0.0000	1.0000
HAMBI_0403_chrm01_circ_4815800	PS_Ct_r03_2015_11_16_L002	1	0.0000	0.0000	1.0000
HAMBI_0403_chrm01_circ_4815800	PS_Ct_r03_2015_12_14_L002	1	0.0000	0.0000	1.0000
HAMBI_0403_chrm01_circ_4815800	PS_Ct_r03_2016_01_11_L001	1	0.0000	0.0000	1.0000
HAMBI_0403_chrm01_circ_4815800	PS_Ct_r03_2016_02_08_L001	1	0.0000	0.0000	1.0000
HAMBI_0403_chrm01_circ_4815800	PS_Ct_r03_2016_03_07_L001	1	0.0000	0.0000	1.0000
HAMBI_0403_chrm01_circ_4815800	PS_Ct_r03_2016_04_03_L001	1	0.0000	0.0000	1.0000
HAMBI_0403_chrm01_circ_4815800	PS_Ct_r03_2016_05_04_L001	1	0.0000	0.0000	1.0000
HAMBI_0403_chrm01_circ_4815800	PS_Ct_r03_2016_05_30_L001	1	0.0000	0.0000	1.0000
HAMBI_0403_chrm01_circ_4815800	PS_Ct_r03_2016_07_25_L003	1	0.0000	0.0000	1.0000
HAMBI_0403_chrm01_circ_4815800	PS_Ct_r03_2016_08_22_L003	1	0.0059	0.0050	1.0000
HAMBI_0403_chrm01_circ_4815800	PS_Ct_r03_2016_09_19_L003	1	0.0101	0.0004	1.0000
HAMBI_0403_chrm01_circ_4815800	PS_Ct_r03_2016_10_17_L001	1	0.0143	0.0050	1.0000
HAMBI_0403_chrm01_circ_4815800	PS_Ct_r03_2016_11_14_L001	1	0.0578	0.0053	1.0000
HAMBI_0403_chrm01_circ_4815800	PS_Ct_r03_2016_12_12_L001	1	0.0516	0.0046	1.0000
HAMBI_0403_chrm01_circ_4815800	PS_Ct_r03_2017_01_09_L001	1	0.0627	0.0043	1.0000
HAMBI_0403_chrm01_circ_4815800	PS_Ct_r03_2017_02_06_L001	1	0.0572	0.0054	1.0000
HAMBI_0403_chrm01_circ_4815800	PS_Ct_r03_2017_03_06_L001	1	0.1813	0.0138	1.0000
HAMBI_0403_chrm01_circ_4815800	PS_Ct_r03_2017_05_29_L001	1	0.9250	0.0067	1.0000
HAMBI_0403_chrm01_circ_4815800	PS_Ct_r03_2017_06_26_L001	1	0.8871	0.0079	1.0000
HAMBI_0403_chrm01_circ_4815800	PS_Ct_r03_2017_07_24_L001	1	0.7952	0.0086	1.0000
HAMBI_0403_chrm01_circ_4815800	PS_Ct_r03_2017_08_21_L001	1	0.5883	0.0111	1.0000
HAMBI_0403_chrm01_circ_500037	PS_Ct_r03_2015_08_24_L001	1	0.0000	0.0000	1.0000
HAMBI_0403_chrm01_circ_500037	PS_Ct_r03_2015_09_21_L001	1	0.0000	0.0000	1.0000
HAMBI_0403_chrm01_circ_500037	PS_Ct_r03_2015_10_19_L001	1	0.0000	0.0000	1.0000
HAMBI_0403_chrm01_circ_500037	PS_Ct_r03_2015_11_16_L002	1	0.0000	0.0000	1.0000
HAMBI_0403_chrm01_circ_500037	PS_Ct_r03_2015_12_14_L002	1	0.0000	0.0000	1.0000
HAMBI_0403_chrm01_circ_500037	PS_Ct_r03_2016_01_11_L001	1	0.0000	0.0000	1.0000
HAMBI_0403_chrm01_circ_500037	PS_Ct_r03_2016_02_08_L001	1	0.0000	0.0000	1.0000
HAMBI_0403_chrm01_circ_500037	PS_Ct_r03_2016_03_07_L001	1	0.0000	0.0000	1.0000
HAMBI_0403_chrm01_circ_500037	PS_Ct_r03_2016_04_03_L001	1	0.0000	0.0000	1.0000
HAMBI_0403_chrm01_circ_500037	PS_Ct_r03_2016_05_04_L001	1	0.0000	0.0000	1.0000
HAMBI_0403_chrm01_circ_500037	PS_Ct_r03_2016_05_30_L001	1	0.0000	0.0000	1.0000
HAMBI_0403_chrm01_circ_500037	PS_Ct_r03_2016_07_25_L003	1	0.0000	0.0000	1.0000
HAMBI_0403_chrm01_circ_500037	PS_Ct_r03_2016_08_22_L003	1	0.0059	0.0050	1.0000
HAMBI_0403_chrm01_circ_500037	PS_Ct_r03_2016_09_19_L003	1	0.0101	0.0004	1.0000
HAMBI_0403_chrm01_circ_500037	PS_Ct_r03_2016_10_17_L001	1	0.0143	0.0050	1.0000
HAMBI_0403_chrm01_circ_500037	PS_Ct_r03_2016_11_14_L001	1	0.0578	0.0053	1.0000
HAMBI_0403_chrm01_circ_500037	PS_Ct_r03_2016_12_12_L001	1	0.0516	0.0046	1.0000
HAMBI_0403_chrm01_circ_500037	PS_Ct_r03_2017_01_09_L001	1	0.0627	0.0043	1.0000
HAMBI_0403_chrm01_circ_500037	PS_Ct_r03_2017_02_06_L001	1	0.0572	0.0054	1.0000
HAMBI_0403_chrm01_circ_500037	PS_Ct_r03_2017_03_06_L001	1	0.1813	0.0138	1.0000
HAMBI_0403_chrm01_circ_500037	PS_Ct_r03_2017_05_29_L001	1	0.9250	0.0067	1.0000
HAMBI_0403_chrm01_circ_500037	PS_Ct_r03_2017_06_26_L001	1	0.8871	0.0079	1.0000
HAMBI_0403_chrm01_circ_500037	PS_Ct_r03_2017_07_24_L001	1	0.7952	0.0086	1.0000
HAMBI_0403_chrm01_circ_500037	PS_Ct_r03_2017_08_21_L001	1	0.5883	0.0111	1.0000
HAMBI_0403_chrm01_circ_5191327	PS_Ct_r03_2015_08_24_L001	1	0.0000	0.0000	1.0000
HAMBI_0403_chrm01_circ_5191327	PS_Ct_r03_2015_09_21_L001	1	0.0000	0.0000	1.0000
HAMBI_0403_chrm01_circ_5191327	PS_Ct_r03_2015_10_19_L001	1	0.0000	0.0000	1.0000
HAMBI_0403_chrm01_circ_5191327	PS_Ct_r03_2015_11_16_L002	1	0.0000	0.0000	1.0000
HAMBI_0403_chrm01_circ_5191327	PS_Ct_r03_2015_12_14_L002	1	0.0000	0.0000	1.0000
HAMBI_0403_chrm01_circ_5191327	PS_Ct_r03_2016_01_11_L001	1	0.0000	0.0000	1.0000
HAMBI_0403_chrm01_circ_5191327	PS_Ct_r03_2016_02_08_L001	1	0.0000	0.0000	1.0000
HAMBI_0403_chrm01_circ_5191327	PS_Ct_r03_2016_03_07_L001	1	0.0000	0.0000	1.0000
HAMBI_0403_chrm01_circ_5191327	PS_Ct_r03_2016_04_03_L001	1	0.0000	0.0000	1.0000
HAMBI_0403_chrm01_circ_5191327	PS_Ct_r03_2016_05_04_L001	1	0.0000	0.0000	1.0000
HAMBI_0403_chrm01_circ_5191327	PS_Ct_r03_2016_05_30_L001	1	0.0000	0.0000	1.0000
HAMBI_0403_chrm01_circ_5191327	PS_Ct_r03_2016_07_25_L003	1	0.0000	0.0000	1.0000
HAMBI_0403_chrm01_circ_5191327	PS_Ct_r03_2016_08_22_L003	1	0.0059	0.0050	1.0000
HAMBI_0403_chrm01_circ_5191327	PS_Ct_r03_2016_09_19_L003	1	0.0101	0.0004	1.0000
HAMBI_0403_chrm01_circ_5191327	PS_Ct_r03_2016_10_17_L001	1	0.0143	0.0050	1.0000
HAMBI_0403_chrm01_circ_5191327	PS_Ct_r03_2016_11_14_L001	1	0.0578	0.0053	1.0000
HAMBI_0403_chrm01_circ_5191327	PS_Ct_r03_2016_12_12_L001	1	0.0516	0.0046	1.0000
HAMBI_0403_chrm01_circ_5191327	PS_Ct_r03_2017_01_09_L001	1	0.0627	0.0043	1.0000
HAMBI_0403_chrm01_circ_5191327	PS_Ct_r03_2017_02_06_L001	1	0.0572	0.0054	1.0000
HAMBI_0403_chrm01_circ_5191327	PS_Ct_r03_2017_03_06_L001	1	0.1813	0.0138	1.0000
HAMBI_0403_chrm01_circ_5191327	PS_Ct_r03_2017_05_29_L001	1	0.9250	0.0067	1.0000
HAMBI_0403_chrm01_circ_5191327	PS_Ct_r03_2017_06_26_L001	1	0.8871	0.0079	1.0000
HAMBI_0403_chrm01_circ_5191327	PS_Ct_r03_2017_07_24_L001	1	0.7952	0.0086	1.0000
HAMBI_0403_chrm01_circ_5191327	PS_Ct_r03_2017_08_21_L001	1	0.5883	0.0111	1.0000
HAMBI_0403_chrm01_circ_5435929	PS_Ct_r03_2015_08_24_L001	1	0.0000	0.0000	1.0000
HAMBI_0403_chrm01_circ_5435929	PS_Ct_r03_2015_09_21_L001	1	0.0000	0.0000	1.0000
HAMBI_0403_chrm01_circ_5435929	PS_Ct_r03_2015_10_19_L001	1	0.0000	0.0000	1.0000
HAMBI_0403_chrm01_circ_5435929	PS_Ct_r03_2015_11_16_L002	1	0.0000	0.0000	1.0000
HAMBI_0403_chrm01_circ_5435929	PS_Ct_r03_2015_12_14_L002	1	0.0000	0.0000	1.0000
HAMBI_0403_chrm01_circ_5435929	PS_Ct_r03_2016_01_11_L001	1	0.0000	0.0000	1.0000
HAMBI_0403_chrm01_circ_5435929	PS_Ct_r03_2016_02_08_L001	1	0.0000	0.0000	1.0000
HAMBI_0403_chrm01_circ_5435929	PS_Ct_r03_2016_03_07_L001	1	0.0000	0.0000	1.0000
HAMBI_0403_chrm01_circ_5435929	PS_Ct_r03_2016_04_03_L001	1	0.0000	0.0000	1.0000
HAMBI_0403_chrm01_circ_5435929	PS_Ct_r03_2016_05_04_L001	1	0.0000	0.0000	1.0000
HAMBI_0403_chrm01_circ_5435929	PS_Ct_r03_2016_05_30_L001	1	0.0000	0.0000	1.0000
HAMBI_0403_chrm01_circ_5435929	PS_Ct_r03_2016_07_25_L003	1	0.0000	0.0000	1.0000
HAMBI_0403_chrm01_circ_5435929	PS_Ct_r03_2016_08_22_L003	1	0.0059	0.0050	1.0000
HAMBI_0403_chrm01_circ_5435929	PS_Ct_r03_2016_09_19_L003	1	0.0101	0.0004	1.0000
HAMBI_0403_chrm01_circ_5435929	PS_Ct_r03_2016_10_17_L001	1	0.0143	0.0050	1.0000
HAMBI_0403_chrm01_circ_5435929	PS_Ct_r03_2016_11_14_L001	1	0.0578	0.0053	1.0000
HAMBI_0403_chrm01_circ_5435929	PS_Ct_r03_2016_12_12_L001	1	0.0516	0.0046	1.0000
HAMBI_0403_chrm01_circ_5435929	PS_Ct_r03_2017_01_09_L001	1	0.0627	0.0043	1.0000
HAMBI_0403_chrm01_circ_5435929	PS_Ct_r03_2017_02_06_L001	1	0.0572	0.0054	1.0000
HAMBI_0403_chrm01_circ_5435929	PS_Ct_r03_2017_03_06_L001	1	0.1813	0.0138	1.0000
HAMBI_0403_chrm01_circ_5435929	PS_Ct_r03_2017_05_29_L001	1	0.9250	0.0067	1.0000
HAMBI_0403_chrm01_circ_5435929	PS_Ct_r03_2017_06_26_L001	1	0.8871	0.0079	1.0000
HAMBI_0403_chrm01_circ_5435929	PS_Ct_r03_2017_07_24_L001	1	0.7952	0.0086	1.0000
HAMBI_0403_chrm01_circ_5435929	PS_Ct_r03_2017_08_21_L001	1	0.5883	0.0111	1.0000
HAMBI_0403_chrm01_circ_5571996	PS_Ct_r03_2015_08_24_L001	1	0.0000	0.0000	1.0000
HAMBI_0403_chrm01_circ_5571996	PS_Ct_r03_2015_09_21_L001	1	0.0000	0.0000	1.0000
HAMBI_0403_chrm01_circ_5571996	PS_Ct_r03_2015_10_19_L001	1	0.0000	0.0000	1.0000
HAMBI_0403_chrm01_circ_5571996	PS_Ct_r03_2015_11_16_L002	1	0.0000	0.0000	1.0000
HAMBI_0403_chrm01_circ_5571996	PS_Ct_r03_2015_12_14_L002	1	0.0000	0.0000	1.0000
HAMBI_0403_chrm01_circ_5571996	PS_Ct_r03_2016_01_11_L001	1	0.0000	0.0000	1.0000
HAMBI_0403_chrm01_circ_5571996	PS_Ct_r03_2016_02_08_L001	1	0.0000	0.0000	1.0000
HAMBI_0403_chrm01_circ_5571996	PS_Ct_r03_2016_03_07_L001	1	0.0000	0.0000	1.0000
HAMBI_0403_chrm01_circ_5571996	PS_Ct_r03_2016_04_03_L001	1	0.0000	0.0000	1.0000
HAMBI_0403_chrm01_circ_5571996	PS_Ct_r03_2016_05_04_L001	1	0.0000	0.0000	1.0000
HAMBI_0403_chrm01_circ_5571996	PS_Ct_r03_2016_05_30_L001	1	0.0000	0.0000	1.0000
HAMBI_0403_chrm01_circ_5571996	PS_Ct_r03_2016_07_25_L003	1	0.0000	0.0000	1.0000
HAMBI_0403_chrm01_circ_5571996	PS_Ct_r03_2016_08_22_L003	1	0.0059	0.0050	1.0000
HAMBI_0403_chrm01_circ_5571996	PS_Ct_r03_2016_09_19_L003	1	0.0101	0.0004	1.0000
HAMBI_0403_chrm01_circ_5571996	PS_Ct_r03_2016_10_17_L001	1	0.0143	0.0050	1.0000
HAMBI_0403_chrm01_circ_5571996	PS_Ct_r03_2016_11_14_L001	1	0.0578	0.0053	1.0000
HAMBI_0403_chrm01_circ_5571996	PS_Ct_r03_2016_12_12_L001	1	0.0516	0.0046	1.0000
HAMBI_0403_chrm01_circ_5571996	PS_Ct_r03_2017_01_09_L001	1	0.0627	0.0043	1.0000
HAMBI_0403_chrm01_circ_5571996	PS_Ct_r03_2017_02_06_L001	1	0.0572	0.0054	1.0000
HAMBI_0403_chrm01_circ_5571996	PS_Ct_r03_2017_03_06_L001	1	0.1813	0.0138	1.0000
HAMBI_0403_chrm01_circ_5571996	PS_Ct_r03_2017_05_29_L001	1	0.9250	0.0067	1.0000
HAMBI_0403_chrm01_circ_5571996	PS_Ct_r03_2017_06_26_L001	1	0.8871	0.0079	1.0000
HAMBI_0403_chrm01_circ_5571996	PS_Ct_r03_2017_07_24_L001	1	0.7952	0.0086	1.0000
HAMBI_0403_chrm01_circ_5571996	PS_Ct_r03_2017_08_21_L001	1	0.5883	0.0111	1.0000
HAMBI_0403_chrm01_circ_928195	PS_Ct_r03_2015_08_24_L001	1	0.0000	0.0000	1.0000
HAMBI_0403_chrm01_circ_928195	PS_Ct_r03_2015_09_21_L001	1	0.0000	0.0000	1.0000
HAMBI_0403_chrm01_circ_928195	PS_Ct_r03_2015_10_19_L001	1	0.0000	0.0000	1.0000
HAMBI_0403_chrm01_circ_928195	PS_Ct_r03_2015_11_16_L002	1	0.0000	0.0000	1.0000
HAMBI_0403_chrm01_circ_928195	PS_Ct_r03_2015_12_14_L002	1	0.0000	0.0000	1.0000
HAMBI_0403_chrm01_circ_928195	PS_Ct_r03_2016_01_11_L001	1	0.0000	0.0000	1.0000
HAMBI_0403_chrm01_circ_928195	PS_Ct_r03_2016_02_08_L001	1	0.0000	0.0000	1.0000
HAMBI_0403_chrm01_circ_928195	PS_Ct_r03_2016_03_07_L001	1	0.0000	0.0000	1.0000
HAMBI_0403_chrm01_circ_928195	PS_Ct_r03_2016_04_03_L001	1	0.0000	0.0000	1.0000
HAMBI_0403_chrm01_circ_928195	PS_Ct_r03_2016_05_04_L001	1	0.0000	0.0000	1.0000
HAMBI_0403_chrm01_circ_928195	PS_Ct_r03_2016_05_30_L001	1	0.0000	0.0000	1.0000
HAMBI_0403_chrm01_circ_928195	PS_Ct_r03_2016_07_25_L003	1	0.0000	0.0000	1.0000
HAMBI_0403_chrm01_circ_928195	PS_Ct_r03_2016_08_22_L003	1	0.0059	0.0050	1.0000
HAMBI_0403_chrm01_circ_928195	PS_Ct_r03_2016_09_19_L003	1	0.0101	0.0004	1.0000
HAMBI_0403_chrm01_circ_928195	PS_Ct_r03_2016_10_17_L001	1	0.0143	0.0050	1.0000
HAMBI_0403_chrm01_circ_928195	PS_Ct_r03_2016_11_14_L001	1	0.0578	0.0053	1.0000
HAMBI_0403_chrm01_circ_928195	PS_Ct_r03_2016_12_12_L001	1	0.0516	0.0046	1.0000
HAMBI_0403_chrm01_circ_928195	PS_Ct_r03_2017_01_09_L001	1	0.0627	0.0043	1.0000
HAMBI_0403_chrm01_circ_928195	PS_Ct_r03_2017_02_06_L001	1	0.0572	0.0054	1.0000
HAMBI_0403_chrm01_circ_928195	PS_Ct_r03_2017_03_06_L001	1	0.1813	0.0138	1.0000
HAMBI_0403_chrm01_circ_928195	PS_Ct_r03_2017_05_29_L001	1	0.9250	0.0067	1.0000
HAMBI_0403_chrm01_circ_928195	PS_Ct_r03_2017_06_26_L001	1	0.8871	0.0079	1.0000
HAMBI_0403_chrm01_circ_928195	PS_Ct_r03_2017_07_24_L001	1	0.7952	0.0086	1.0000
HAMBI_0403_chrm01_circ_928195	PS_Ct_r03_2017_08_21_L001	1	0.5883	0.0111	1.0000
HAMBI_0403_chrm01_circ_1350046	PS_Ct_r03_2015_08_24_L001	2	0.0000	0.0002	1.0000
HAMBI_0403_chrm01_circ_1350046	PS_Ct_r03_2015_09_21_L001	2	0.0000	0.0001	1.0000
HAMBI_0403_chrm01_circ_1350046	PS_Ct_r03_2015_10_19_L001	2	0.0000	0.0005	1.0000
HAMBI_0403_chrm01_circ_1350046	PS_Ct_r03_2015_11_16_L002	2	0.0000	0.0002	1.0000
HAMBI_0403_chrm01_circ_1350046	PS_Ct_r03_2015_12_14_L002	2	0.0000	0.0004	1.0000
HAMBI_0403_chrm01_circ_1350046	PS_Ct_r03_2016_01_11_L001	2	0.0002	0.0015	1.0000
HAMBI_0403_chrm01_circ_1350046	PS_Ct_r03_2016_02_08_L001	2	0.0100	0.0013	1.0000
HAMBI_0403_chrm01_circ_1350046	PS_Ct_r03_2016_03_07_L001	2	0.0102	0.0012	1.0000
HAMBI_0403_chrm01_circ_1350046	PS_Ct_r03_2016_04_03_L001	2	0.0063	0.0049	1.0000
HAMBI_0403_chrm01_circ_1350046	PS_Ct_r03_2016_05_04_L001	2	0.0009	0.0029	1.0000
HAMBI_0403_chrm01_circ_1350046	PS_Ct_r03_2016_05_30_L001	2	0.0117	0.0038	1.0000
HAMBI_0403_chrm01_circ_1350046	PS_Ct_r03_2016_07_25_L003	2	0.0930	0.0126	1.0000
HAMBI_0403_chrm01_circ_1350046	PS_Ct_r03_2016_08_22_L003	2	0.0912	0.0111	1.0000
HAMBI_0403_chrm01_circ_1350046	PS_Ct_r03_2016_09_19_L003	2	0.1135	0.0127	1.0000
HAMBI_0403_chrm01_circ_1350046	PS_Ct_r03_2016_10_17_L001	2	0.1402	0.0129	1.0000
HAMBI_0403_chrm01_circ_1350046	PS_Ct_r03_2016_11_14_L001	2	0.1613	0.0131	1.0000
HAMBI_0403_chrm01_circ_1350046	PS_Ct_r03_2016_12_12_L001	2	0.1729	0.0148	1.0000
HAMBI_0403_chrm01_circ_1350046	PS_Ct_r03_2017_01_09_L001	2	0.1543	0.0110	1.0000
HAMBI_0403_chrm01_circ_1350046	PS_Ct_r03_2017_02_06_L001	2	0.1910	0.0147	1.0000
HAMBI_0403_chrm01_circ_1350046	PS_Ct_r03_2017_03_06_L001	2	0.0946	0.0182	1.0000
HAMBI_0403_chrm01_circ_1350046	PS_Ct_r03_2017_05_29_L001	2	0.0118	0.0039	1.0000
HAMBI_0403_chrm01_circ_1350046	PS_Ct_r03_2017_06_26_L001	2	0.0000	0.0004	1.0000
HAMBI_0403_chrm01_circ_1350046	PS_Ct_r03_2017_07_24_L001	2	0.0108	0.0026	1.0000
HAMBI_0403_chrm01_circ_1350046	PS_Ct_r03_2017_08_21_L001	2	0.1023	0.0117	1.0000
HAMBI_0403_chrm01_circ_1488590	PS_Ct_r03_2015_08_24_L001	2	0.0000	0.0002	1.0000
HAMBI_0403_chrm01_circ_1488590	PS_Ct_r03_2015_09_21_L001	2	0.0000	0.0001	1.0000
HAMBI_0403_chrm01_circ_1488590	PS_Ct_r03_2015_10_19_L001	2	0.0000	0.0005	1.0000
HAMBI_0403_chrm01_circ_1488590	PS_Ct_r03_2015_11_16_L002	2	0.0000	0.0002	1.0000
HAMBI_0403_chrm01_circ_1488590	PS_Ct_r03_2015_12_14_L002	2	0.0000	0.0004	1.0000
HAMBI_0403_chrm01_circ_1488590	PS_Ct_r03_2016_01_11_L001	2	0.0002	0.0015	1.0000
HAMBI_0403_chrm01_circ_1488590	PS_Ct_r03_2016_02_08_L001	2	0.0100	0.0013	1.0000
HAMBI_0403_chrm01_circ_1488590	PS_Ct_r03_2016_03_07_L001	2	0.0102	0.0012	1.0000
HAMBI_0403_chrm01_circ_1488590	PS_Ct_r03_2016_04_03_L001	2	0.0063	0.0049	1.0000
HAMBI_0403_chrm01_circ_1488590	PS_Ct_r03_2016_05_04_L001	2	0.0009	0.0029	1.0000
HAMBI_0403_chrm01_circ_1488590	PS_Ct_r03_2016_05_30_L001	2	0.0117	0.0038	1.0000
HAMBI_0403_chrm01_circ_1488590	PS_Ct_r03_2016_07_25_L003	2	0.0930	0.0126	1.0000
HAMBI_0403_chrm01_circ_1488590	PS_Ct_r03_2016_08_22_L003	2	0.0912	0.0111	1.0000
HAMBI_0403_chrm01_circ_1488590	PS_Ct_r03_2016_09_19_L003	2	0.1135	0.0127	1.0000
HAMBI_0403_chrm01_circ_1488590	PS_Ct_r03_2016_10_17_L001	2	0.1402	0.0129	1.0000
HAMBI_0403_chrm01_circ_1488590	PS_Ct_r03_2016_11_14_L001	2	0.1613	0.0131	1.0000
HAMBI_0403_chrm01_circ_1488590	PS_Ct_r03_2016_12_12_L001	2	0.1729	0.0148	1.0000
HAMBI_0403_chrm01_circ_1488590	PS_Ct_r03_2017_01_09_L001	2	0.1543	0.0110	1.0000
HAMBI_0403_chrm01_circ_1488590	PS_Ct_r03_2017_02_06_L001	2	0.1910	0.0147	1.0000
HAMBI_0403_chrm01_circ_1488590	PS_Ct_r03_2017_03_06_L001	2	0.0946	0.0182	1.0000
HAMBI_0403_chrm01_circ_1488590	PS_Ct_r03_2017_05_29_L001	2	0.0118	0.0039	1.0000
HAMBI_0403_chrm01_circ_1488590	PS_Ct_r03_2017_06_26_L001	2	0.0000	0.0004	1.0000
HAMBI_0403_chrm01_circ_1488590	PS_Ct_r03_2017_07_24_L001	2	0.0108	0.0026	1.0000
HAMBI_0403_chrm01_circ_1488590	PS_Ct_r03_2017_08_21_L001	2	0.1023	0.0117	1.0000
HAMBI_0403_chrm01_circ_2442113	PS_Ct_r03_2015_08_24_L001	2	0.0000	0.0002	1.0000
HAMBI_0403_chrm01_circ_2442113	PS_Ct_r03_2015_09_21_L001	2	0.0000	0.0001	1.0000
HAMBI_0403_chrm01_circ_2442113	PS_Ct_r03_2015_10_19_L001	2	0.0000	0.0005	1.0000
HAMBI_0403_chrm01_circ_2442113	PS_Ct_r03_2015_11_16_L002	2	0.0000	0.0002	1.0000
HAMBI_0403_chrm01_circ_2442113	PS_Ct_r03_2015_12_14_L002	2	0.0000	0.0004	1.0000
HAMBI_0403_chrm01_circ_2442113	PS_Ct_r03_2016_01_11_L001	2	0.0002	0.0015	1.0000
HAMBI_0403_chrm01_circ_2442113	PS_Ct_r03_2016_02_08_L001	2	0.0100	0.0013	1.0000
HAMBI_0403_chrm01_circ_2442113	PS_Ct_r03_2016_03_07_L001	2	0.0102	0.0012	1.0000
HAMBI_0403_chrm01_circ_2442113	PS_Ct_r03_2016_04_03_L001	2	0.0063	0.0049	1.0000
HAMBI_0403_chrm01_circ_2442113	PS_Ct_r03_2016_05_04_L001	2	0.0009	0.0029	1.0000
HAMBI_0403_chrm01_circ_2442113	PS_Ct_r03_2016_05_30_L001	2	0.0117	0.0038	1.0000
HAMBI_0403_chrm01_circ_2442113	PS_Ct_r03_2016_07_25_L003	2	0.0930	0.0126	1.0000
HAMBI_0403_chrm01_circ_2442113	PS_Ct_r03_2016_08_22_L003	2	0.0912	0.0111	1.0000
HAMBI_0403_chrm01_circ_2442113	PS_Ct_r03_2016_09_19_L003	2	0.1135	0.0127	1.0000
HAMBI_0403_chrm01_circ_2442113	PS_Ct_r03_2016_10_17_L001	2	0.1402	0.0129	1.0000
HAMBI_0403_chrm01_circ_2442113	PS_Ct_r03_2016_11_14_L001	2	0.1613	0.0131	1.0000
HAMBI_0403_chrm01_circ_2442113	PS_Ct_r03_2016_12_12_L001	2	0.1729	0.0148	1.0000
HAMBI_0403_chrm01_circ_2442113	PS_Ct_r03_2017_01_09_L001	2	0.1543	0.0110	1.0000
HAMBI_0403_chrm01_circ_2442113	PS_Ct_r03_2017_02_06_L001	2	0.1910	0.0147	1.0000
HAMBI_0403_chrm01_circ_2442113	PS_Ct_r03_2017_03_06_L001	2	0.0946	0.0182	1.0000
HAMBI_0403_chrm01_circ_2442113	PS_Ct_r03_2017_05_29_L001	2	0.0118	0.0039	1.0000
HAMBI_0403_chrm01_circ_2442113	PS_Ct_r03_2017_06_26_L001	2	0.0000	0.0004	1.0000
HAMBI_0403_chrm01_circ_2442113	PS_Ct_r03_2017_07_24_L001	2	0.0108	0.0026	1.0000
HAMBI_0403_chrm01_circ_2442113	PS_Ct_r03_2017_08_21_L001	2	0.1023	0.0117	1.0000
HAMBI_0403_chrm01_circ_292417	PS_Ct_r03_2015_08_24_L001	2	0.0000	0.0002	1.0000
HAMBI_0403_chrm01_circ_292417	PS_Ct_r03_2015_09_21_L001	2	0.0000	0.0001	1.0000
HAMBI_0403_chrm01_circ_292417	PS_Ct_r03_2015_10_19_L001	2	0.0000	0.0005	1.0000
HAMBI_0403_chrm01_circ_292417	PS_Ct_r03_2015_11_16_L002	2	0.0000	0.0002	1.0000
HAMBI_0403_chrm01_circ_292417	PS_Ct_r03_2015_12_14_L002	2	0.0000	0.0004	1.0000
HAMBI_0403_chrm01_circ_292417	PS_Ct_r03_2016_01_11_L001	2	0.0002	0.0015	1.0000
HAMBI_0403_chrm01_circ_292417	PS_Ct_r03_2016_02_08_L001	2	0.0100	0.0013	1.0000
HAMBI_0403_chrm01_circ_292417	PS_Ct_r03_2016_03_07_L001	2	0.0102	0.0012	1.0000
HAMBI_0403_chrm01_circ_292417	PS_Ct_r03_2016_04_03_L001	2	0.0063	0.0049	1.0000
HAMBI_0403_chrm01_circ_292417	PS_Ct_r03_2016_05_04_L001	2	0.0009	0.0029	1.0000
HAMBI_0403_chrm01_circ_292417	PS_Ct_r03_2016_05_30_L001	2	0.0117	0.0038	1.0000
HAMBI_0403_chrm01_circ_292417	PS_Ct_r03_2016_07_25_L003	2	0.0930	0.0126	1.0000
HAMBI_0403_chrm01_circ_292417	PS_Ct_r03_2016_08_22_L003	2	0.0912	0.0111	1.0000
HAMBI_0403_chrm01_circ_292417	PS_Ct_r03_2016_09_19_L003	2	0.1135	0.0127	1.0000
HAMBI_0403_chrm01_circ_292417	PS_Ct_r03_2016_10_17_L001	2	0.1402	0.0129	1.0000
HAMBI_0403_chrm01_circ_292417	PS_Ct_r03_2016_11_14_L001	2	0.1613	0.0131	1.0000
HAMBI_0403_chrm01_circ_292417	PS_Ct_r03_2016_12_12_L001	2	0.1729	0.0148	1.0000
HAMBI_0403_chrm01_circ_292417	PS_Ct_r03_2017_01_09_L001	2	0.1543	0.0110	1.0000
HAMBI_0403_chrm01_circ_292417	PS_Ct_r03_2017_02_06_L001	2	0.1910	0.0147	1.0000
HAMBI_0403_chrm01_circ_292417	PS_Ct_r03_2017_03_06_L001	2	0.0946	0.0182	1.0000
HAMBI_0403_chrm01_circ_292417	PS_Ct_r03_2017_05_29_L001	2	0.0118	0.0039	1.0000
HAMBI_0403_chrm01_circ_292417	PS_Ct_r03_2017_06_26_L001	2	0.0000	0.0004	1.0000
HAMBI_0403_chrm01_circ_292417	PS_Ct_r03_2017_07_24_L001	2	0.0108	0.0026	1.0000
HAMBI_0403_chrm01_circ_292417	PS_Ct_r03_2017_08_21_L001	2	0.1023	0.0117	1.0000
HAMBI_0403_chrm01_circ_3910589	PS_Ct_r03_2015_08_24_L001	2	0.0000	0.0002	1.0000
HAMBI_0403_chrm01_circ_3910589	PS_Ct_r03_2015_09_21_L001	2	0.0000	0.0001	1.0000
HAMBI_0403_chrm01_circ_3910589	PS_Ct_r03_2015_10_19_L001	2	0.0000	0.0005	1.0000
HAMBI_0403_chrm01_circ_3910589	PS_Ct_r03_2015_11_16_L002	2	0.0000	0.0002	1.0000
HAMBI_0403_chrm01_circ_3910589	PS_Ct_r03_2015_12_14_L002	2	0.0000	0.0004	1.0000
HAMBI_0403_chrm01_circ_3910589	PS_Ct_r03_2016_01_11_L001	2	0.0002	0.0015	1.0000
HAMBI_0403_chrm01_circ_3910589	PS_Ct_r03_2016_02_08_L001	2	0.0100	0.0013	1.0000
HAMBI_0403_chrm01_circ_3910589	PS_Ct_r03_2016_03_07_L001	2	0.0102	0.0012	1.0000
HAMBI_0403_chrm01_circ_3910589	PS_Ct_r03_2016_04_03_L001	2	0.0063	0.0049	1.0000
HAMBI_0403_chrm01_circ_3910589	PS_Ct_r03_2016_05_04_L001	2	0.0009	0.0029	1.0000
HAMBI_0403_chrm01_circ_3910589	PS_Ct_r03_2016_05_30_L001	2	0.0117	0.0038	1.0000
HAMBI_0403_chrm01_circ_3910589	PS_Ct_r03_2016_07_25_L003	2	0.0930	0.0126	1.0000
HAMBI_0403_chrm01_circ_3910589	PS_Ct_r03_2016_08_22_L003	2	0.0912	0.0111	1.0000
HAMBI_0403_chrm01_circ_3910589	PS_Ct_r03_2016_09_19_L003	2	0.1135	0.0127	1.0000
HAMBI_0403_chrm01_circ_3910589	PS_Ct_r03_2016_10_17_L001	2	0.1402	0.0129	1.0000
HAMBI_0403_chrm01_circ_3910589	PS_Ct_r03_2016_11_14_L001	2	0.1613	0.0131	1.0000
HAMBI_0403_chrm01_circ_3910589	PS_Ct_r03_2016_12_12_L001	2	0.1729	0.0148	1.0000
HAMBI_0403_chrm01_circ_3910589	PS_Ct_r03_2017_01_09_L001	2	0.1543	0.0110	1.0000
HAMBI_0403_chrm01_circ_3910589	PS_Ct_r03_2017_02_06_L001	2	0.1910	0.0147	1.0000
HAMBI_0403_chrm01_circ_3910589	PS_Ct_r03_2017_03_06_L001	2	0.0946	0.0182	1.0000
HAMBI_0403_chrm01_circ_3910589	PS_Ct_r03_2017_05_29_L001	2	0.0118	0.0039	1.0000
HAMBI_0403_chrm01_circ_3910589	PS_Ct_r03_2017_06_26_L001	2	0.0000	0.0004	1.0000
HAMBI_0403_chrm01_circ_3910589	PS_Ct_r03_2017_07_24_L001	2	0.0108	0.0026	1.0000
HAMBI_0403_chrm01_circ_3910589	PS_Ct_r03_2017_08_21_L001	2	0.1023	0.0117	1.0000
HAMBI_0403_chrm01_circ_3911084	PS_Ct_r03_2015_08_24_L001	2	0.0000	0.0002	1.0000
HAMBI_0403_chrm01_circ_3911084	PS_Ct_r03_2015_09_21_L001	2	0.0000	0.0001	1.0000
HAMBI_0403_chrm01_circ_3911084	PS_Ct_r03_2015_10_19_L001	2	0.0000	0.0005	1.0000
HAMBI_0403_chrm01_circ_3911084	PS_Ct_r03_2015_11_16_L002	2	0.0000	0.0002	1.0000
HAMBI_0403_chrm01_circ_3911084	PS_Ct_r03_2015_12_14_L002	2	0.0000	0.0004	1.0000
HAMBI_0403_chrm01_circ_3911084	PS_Ct_r03_2016_01_11_L001	2	0.0002	0.0015	1.0000
HAMBI_0403_chrm01_circ_3911084	PS_Ct_r03_2016_02_08_L001	2	0.0100	0.0013	1.0000
HAMBI_0403_chrm01_circ_3911084	PS_Ct_r03_2016_03_07_L001	2	0.0102	0.0012	1.0000
HAMBI_0403_chrm01_circ_3911084	PS_Ct_r03_2016_04_03_L001	2	0.0063	0.0049	1.0000
HAMBI_0403_chrm01_circ_3911084	PS_Ct_r03_2016_05_04_L001	2	0.0009	0.0029	1.0000
HAMBI_0403_chrm01_circ_3911084	PS_Ct_r03_2016_05_30_L001	2	0.0117	0.0038	1.0000
HAMBI_0403_chrm01_circ_3911084	PS_Ct_r03_2016_07_25_L003	2	0.0930	0.0126	1.0000
HAMBI_0403_chrm01_circ_3911084	PS_Ct_r03_2016_08_22_L003	2	0.0912	0.0111	1.0000
HAMBI_0403_chrm01_circ_3911084	PS_Ct_r03_2016_09_19_L003	2	0.1135	0.0127	1.0000
HAMBI_0403_chrm01_circ_3911084	PS_Ct_r03_2016_10_17_L001	2	0.1402	0.0129	1.0000
HAMBI_0403_chrm01_circ_3911084	PS_Ct_r03_2016_11_14_L001	2	0.1613	0.0131	1.0000
HAMBI_0403_chrm01_circ_3911084	PS_Ct_r03_2016_12_12_L001	2	0.1729	0.0148	1.0000
HAMBI_0403_chrm01_circ_3911084	PS_Ct_r03_2017_01_09_L001	2	0.1543	0.0110	1.0000
HAMBI_0403_chrm01_circ_3911084	PS_Ct_r03_2017_02_06_L001	2	0.1910	0.0147	1.0000
HAMBI_0403_chrm01_circ_3911084	PS_Ct_r03_2017_03_06_L001	2	0.0946	0.0182	1.0000
HAMBI_0403_chrm01_circ_3911084	PS_Ct_r03_2017_05_29_L001	2	0.0118	0.0039	1.0000
HAMBI_0403_chrm01_circ_3911084	PS_Ct_r03_2017_06_26_L001	2	0.0000	0.0004	1.0000
HAMBI_0403_chrm01_circ_3911084	PS_Ct_r03_2017_07_24_L001	2	0.0108	0.0026	1.0000
HAMBI_0403_chrm01_circ_3911084	PS_Ct_r03_2017_08_21_L001	2	0.1023	0.0117	1.0000
HAMBI_0403_chrm01_circ_5170782	PS_Ct_r03_2015_08_24_L001	2	0.0000	0.0002	1.0000
HAMBI_0403_chrm01_circ_5170782	PS_Ct_r03_2015_09_21_L001	2	0.0000	0.0001	1.0000
HAMBI_0403_chrm01_circ_5170782	PS_Ct_r03_2015_10_19_L001	2	0.0000	0.0005	1.0000
HAMBI_0403_chrm01_circ_5170782	PS_Ct_r03_2015_11_16_L002	2	0.0000	0.0002	1.0000
HAMBI_0403_chrm01_circ_5170782	PS_Ct_r03_2015_12_14_L002	2	0.0000	0.0004	1.0000
HAMBI_0403_chrm01_circ_5170782	PS_Ct_r03_2016_01_11_L001	2	0.0002	0.0015	1.0000
HAMBI_0403_chrm01_circ_5170782	PS_Ct_r03_2016_02_08_L001	2	0.0100	0.0013	1.0000
HAMBI_0403_chrm01_circ_5170782	PS_Ct_r03_2016_03_07_L001	2	0.0102	0.0012	1.0000
HAMBI_0403_chrm01_circ_5170782	PS_Ct_r03_2016_04_03_L001	2	0.0063	0.0049	1.0000
HAMBI_0403_chrm01_circ_5170782	PS_Ct_r03_2016_05_04_L001	2	0.0009	0.0029	1.0000
HAMBI_0403_chrm01_circ_5170782	PS_Ct_r03_2016_05_30_L001	2	0.0117	0.0038	1.0000
HAMBI_0403_chrm01_circ_5170782	PS_Ct_r03_2016_07_25_L003	2	0.0930	0.0126	1.0000
HAMBI_0403_chrm01_circ_5170782	PS_Ct_r03_2016_08_22_L003	2	0.0912	0.0111	1.0000
HAMBI_0403_chrm01_circ_5170782	PS_Ct_r03_2016_09_19_L003	2	0.1135	0.0127	1.0000
HAMBI_0403_chrm01_circ_5170782	PS_Ct_r03_2016_10_17_L001	2	0.1402	0.0129	1.0000
HAMBI_0403_chrm01_circ_5170782	PS_Ct_r03_2016_11_14_L001	2	0.1613	0.0131	1.0000
HAMBI_0403_chrm01_circ_5170782	PS_Ct_r03_2016_12_12_L001	2	0.1729	0.0148	1.0000
HAMBI_0403_chrm01_circ_5170782	PS_Ct_r03_2017_01_09_L001	2	0.1543	0.0110	1.0000
HAMBI_0403_chrm01_circ_5170782	PS_Ct_r03_2017_02_06_L001	2	0.1910	0.0147	1.0000
HAMBI_0403_chrm01_circ_5170782	PS_Ct_r03_2017_03_06_L001	2	0.0946	0.0182	1.0000
HAMBI_0403_chrm01_circ_5170782	PS_Ct_r03_2017_05_29_L001	2	0.0118	0.0039	1.0000
HAMBI_0403_chrm01_circ_5170782	PS_Ct_r03_2017_06_26_L001	2	0.0000	0.0004	1.0000
HAMBI_0403_chrm01_circ_5170782	PS_Ct_r03_2017_07_24_L001	2	0.0108	0.0026	1.0000
HAMBI_0403_chrm01_circ_5170782	PS_Ct_r03_2017_08_21_L001	2	0.1023	0.0117	1.0000
HAMBI_0403_chrm01_circ_522539	PS_Ct_r03_2015_08_24_L001	2	0.0000	0.0002	1.0000
HAMBI_0403_chrm01_circ_522539	PS_Ct_r03_2015_09_21_L001	2	0.0000	0.0001	1.0000
HAMBI_0403_chrm01_circ_522539	PS_Ct_r03_2015_10_19_L001	2	0.0000	0.0005	1.0000
HAMBI_0403_chrm01_circ_522539	PS_Ct_r03_2015_11_16_L002	2	0.0000	0.0002	1.0000
HAMBI_0403_chrm01_circ_522539	PS_Ct_r03_2015_12_14_L002	2	0.0000	0.0004	1.0000
HAMBI_0403_chrm01_circ_522539	PS_Ct_r03_2016_01_11_L001	2	0.0002	0.0015	1.0000
HAMBI_0403_chrm01_circ_522539	PS_Ct_r03_2016_02_08_L001	2	0.0100	0.0013	1.0000
HAMBI_0403_chrm01_circ_522539	PS_Ct_r03_2016_03_07_L001	2	0.0102	0.0012	1.0000
HAMBI_0403_chrm01_circ_522539	PS_Ct_r03_2016_04_03_L001	2	0.0063	0.0049	1.0000
HAMBI_0403_chrm01_circ_522539	PS_Ct_r03_2016_05_04_L001	2	0.0009	0.0029	1.0000
HAMBI_0403_chrm01_circ_522539	PS_Ct_r03_2016_05_30_L001	2	0.0117	0.0038	1.0000
HAMBI_0403_chrm01_circ_522539	PS_Ct_r03_2016_07_25_L003	2	0.0930	0.0126	1.0000
HAMBI_0403_chrm01_circ_522539	PS_Ct_r03_2016_08_22_L003	2	0.0912	0.0111	1.0000
HAMBI_0403_chrm01_circ_522539	PS_Ct_r03_2016_09_19_L003	2	0.1135	0.0127	1.0000
HAMBI_0403_chrm01_circ_522539	PS_Ct_r03_2016_10_17_L001	2	0.1402	0.0129	1.0000
HAMBI_0403_chrm01_circ_522539	PS_Ct_r03_2016_11_14_L001	2	0.1613	0.0131	1.0000
HAMBI_0403_chrm01_circ_522539	PS_Ct_r03_2016_12_12_L001	2	0.1729	0.0148	1.0000
HAMBI_0403_chrm01_circ_522539	PS_Ct_r03_2017_01_09_L001	2	0.1543	0.0110	1.0000
HAMBI_0403_chrm01_circ_522539	PS_Ct_r03_2017_02_06_L001	2	0.1910	0.0147	1.0000
HAMBI_0403_chrm01_circ_522539	PS_Ct_r03_2017_03_06_L001	2	0.0946	0.0182	1.0000
HAMBI_0403_chrm01_circ_522539	PS_Ct_r03_2017_05_29_L001	2	0.0118	0.0039	1.0000
HAMBI_0403_chrm01_circ_522539	PS_Ct_r03_2017_06_26_L001	2	0.0000	0.0004	1.0000
HAMBI_0403_chrm01_circ_522539	PS_Ct_r03_2017_07_24_L001	2	0.0108	0.0026	1.0000
HAMBI_0403_chrm01_circ_522539	PS_Ct_r03_2017_08_21_L001	2	0.1023	0.0117	1.0000
HAMBI_0403_chrm01_circ_958650	PS_Ct_r03_2015_08_24_L001	2	0.0000	0.0002	1.0000
HAMBI_0403_chrm01_circ_958650	PS_Ct_r03_2015_09_21_L001	2	0.0000	0.0001	1.0000
HAMBI_0403_chrm01_circ_958650	PS_Ct_r03_2015_10_19_L001	2	0.0000	0.0005	1.0000
HAMBI_0403_chrm01_circ_958650	PS_Ct_r03_2015_11_16_L002	2	0.0000	0.0002	1.0000
HAMBI_0403_chrm01_circ_958650	PS_Ct_r03_2015_12_14_L002	2	0.0000	0.0004	1.0000
HAMBI_0403_chrm01_circ_958650	PS_Ct_r03_2016_01_11_L001	2	0.0002	0.0015	1.0000
HAMBI_0403_chrm01_circ_958650	PS_Ct_r03_2016_02_08_L001	2	0.0100	0.0013	1.0000
HAMBI_0403_chrm01_circ_958650	PS_Ct_r03_2016_03_07_L001	2	0.0102	0.0012	1.0000
HAMBI_0403_chrm01_circ_958650	PS_Ct_r03_2016_04_03_L001	2	0.0063	0.0049	1.0000
HAMBI_0403_chrm01_circ_958650	PS_Ct_r03_2016_05_04_L001	2	0.0009	0.0029	1.0000
HAMBI_0403_chrm01_circ_958650	PS_Ct_r03_2016_05_30_L001	2	0.0117	0.0038	1.0000
HAMBI_0403_chrm01_circ_958650	PS_Ct_r03_2016_07_25_L003	2	0.0930	0.0126	1.0000
HAMBI_0403_chrm01_circ_958650	PS_Ct_r03_2016_08_22_L003	2	0.0912	0.0111	1.0000
HAMBI_0403_chrm01_circ_958650	PS_Ct_r03_2016_09_19_L003	2	0.1135	0.0127	1.0000
HAMBI_0403_chrm01_circ_958650	PS_Ct_r03_2016_10_17_L001	2	0.1402	0.0129	1.0000
HAMBI_0403_chrm01_circ_958650	PS_Ct_r03_2016_11_14_L001	2	0.1613	0.0131	1.0000
HAMBI_0403_chrm01_circ_958650	PS_Ct_r03_2016_12_12_L001	2	0.1729	0.0148	1.0000
HAMBI_0403_chrm01_circ_958650	PS_Ct_r03_2017_01_09_L001	2	0.1543	0.0110	1.0000
HAMBI_0403_chrm01_circ_958650	PS_Ct_r03_2017_02_06_L001	2	0.1910	0.0147	1.0000
HAMBI_0403_chrm01_circ_958650	PS_Ct_r03_2017_03_06_L001	2	0.0946	0.0182	1.0000
HAMBI_0403_chrm01_circ_958650	PS_Ct_r03_2017_05_29_L001	2	0.0118	0.0039	1.0000
HAMBI_0403_chrm01_circ_958650	PS_Ct_r03_2017_06_26_L001	2	0.0000	0.0004	1.0000
HAMBI_0403_chrm01_circ_958650	PS_Ct_r03_2017_07_24_L001	2	0.0108	0.0026	1.0000
HAMBI_0403_chrm01_circ_958650	PS_Ct_r03_2017_08_21_L001	2	0.1023	0.0117	1.0000
HAMBI_0403_chrm01_circ_1177878	PS_Ct_r03_2015_08_24_L001	3	0.0000	0.0000	1.0000
HAMBI_0403_chrm01_circ_1177878	PS_Ct_r03_2015_09_21_L001	3	0.0000	0.0000	1.0000
HAMBI_0403_chrm01_circ_1177878	PS_Ct_r03_2015_10_19_L001	3	0.0000	0.0000	1.0000
HAMBI_0403_chrm01_circ_1177878	PS_Ct_r03_2015_11_16_L002	3	0.0000	0.0000	1.0000
HAMBI_0403_chrm01_circ_1177878	PS_Ct_r03_2015_12_14_L002	3	0.0000	0.0000	1.0000
HAMBI_0403_chrm01_circ_1177878	PS_Ct_r03_2016_01_11_L001	3	0.0000	0.0000	1.0000
HAMBI_0403_chrm01_circ_1177878	PS_Ct_r03_2016_02_08_L001	3	0.0000	0.0000	1.0000
HAMBI_0403_chrm01_circ_1177878	PS_Ct_r03_2016_03_07_L001	3	0.0000	0.0000	1.0000
HAMBI_0403_chrm01_circ_1177878	PS_Ct_r03_2016_04_03_L001	3	0.0000	0.0000	1.0000
HAMBI_0403_chrm01_circ_1177878	PS_Ct_r03_2016_05_04_L001	3	0.0000	0.0000	1.0000
HAMBI_0403_chrm01_circ_1177878	PS_Ct_r03_2016_05_30_L001	3	0.0000	0.0000	1.0000
HAMBI_0403_chrm01_circ_1177878	PS_Ct_r03_2016_07_25_L003	3	0.0000	0.0000	1.0000
HAMBI_0403_chrm01_circ_1177878	PS_Ct_r03_2016_08_22_L003	3	0.0000	0.0000	1.0000
HAMBI_0403_chrm01_circ_1177878	PS_Ct_r03_2016_09_19_L003	3	0.0000	0.0000	1.0000
HAMBI_0403_chrm01_circ_1177878	PS_Ct_r03_2016_10_17_L001	3	0.0000	0.0000	1.0000
HAMBI_0403_chrm01_circ_1177878	PS_Ct_r03_2016_11_14_L001	3	0.0101	0.0000	1.0000
HAMBI_0403_chrm01_circ_1177878	PS_Ct_r03_2016_12_12_L001	3	0.0101	0.0001	1.0000
HAMBI_0403_chrm01_circ_1177878	PS_Ct_r03_2017_01_09_L001	3	0.0101	0.0000	1.0000
HAMBI_0403_chrm01_circ_1177878	PS_Ct_r03_2017_02_06_L001	3	0.0101	0.0001	1.0000
HAMBI_0403_chrm01_circ_1177878	PS_Ct_r03_2017_03_06_L001	3	0.0227	0.0048	1.0000
HAMBI_0403_chrm01_circ_1177878	PS_Ct_r03_2017_05_29_L001	3	0.3101	0.0105	1.0000
HAMBI_0403_chrm01_circ_1177878	PS_Ct_r03_2017_06_26_L001	3	0.4832	0.0110	1.0000
HAMBI_0403_chrm01_circ_1177878	PS_Ct_r03_2017_07_24_L001	3	0.5122	0.0097	1.0000
HAMBI_0403_chrm01_circ_1177878	PS_Ct_r03_2017_08_21_L001	3	0.3491	0.0099	1.0000
HAMBI_0403_chrm01_circ_1359617	PS_Ct_r03_2015_08_24_L001	3	0.0000	0.0000	1.0000
HAMBI_0403_chrm01_circ_1359617	PS_Ct_r03_2015_09_21_L001	3	0.0000	0.0000	1.0000
HAMBI_0403_chrm01_circ_1359617	PS_Ct_r03_2015_10_19_L001	3	0.0000	0.0000	1.0000
HAMBI_0403_chrm01_circ_1359617	PS_Ct_r03_2015_11_16_L002	3	0.0000	0.0000	1.0000
HAMBI_0403_chrm01_circ_1359617	PS_Ct_r03_2015_12_14_L002	3	0.0000	0.0000	1.0000
HAMBI_0403_chrm01_circ_1359617	PS_Ct_r03_2016_01_11_L001	3	0.0000	0.0000	1.0000
HAMBI_0403_chrm01_circ_1359617	PS_Ct_r03_2016_02_08_L001	3	0.0000	0.0000	1.0000
HAMBI_0403_chrm01_circ_1359617	PS_Ct_r03_2016_03_07_L001	3	0.0000	0.0000	1.0000
HAMBI_0403_chrm01_circ_1359617	PS_Ct_r03_2016_04_03_L001	3	0.0000	0.0000	1.0000
HAMBI_0403_chrm01_circ_1359617	PS_Ct_r03_2016_05_04_L001	3	0.0000	0.0000	1.0000
HAMBI_0403_chrm01_circ_1359617	PS_Ct_r03_2016_05_30_L001	3	0.0000	0.0000	1.0000
HAMBI_0403_chrm01_circ_1359617	PS_Ct_r03_2016_07_25_L003	3	0.0000	0.0000	1.0000
HAMBI_0403_chrm01_circ_1359617	PS_Ct_r03_2016_08_22_L003	3	0.0000	0.0000	1.0000
HAMBI_0403_chrm01_circ_1359617	PS_Ct_r03_2016_09_19_L003	3	0.0000	0.0000	1.0000
HAMBI_0403_chrm01_circ_1359617	PS_Ct_r03_2016_10_17_L001	3	0.0000	0.0000	1.0000
HAMBI_0403_chrm01_circ_1359617	PS_Ct_r03_2016_11_14_L001	3	0.0101	0.0000	1.0000
HAMBI_0403_chrm01_circ_1359617	PS_Ct_r03_2016_12_12_L001	3	0.0101	0.0001	1.0000
HAMBI_0403_chrm01_circ_1359617	PS_Ct_r03_2017_01_09_L001	3	0.0101	0.0000	1.0000
HAMBI_0403_chrm01_circ_1359617	PS_Ct_r03_2017_02_06_L001	3	0.0101	0.0001	1.0000
HAMBI_0403_chrm01_circ_1359617	PS_Ct_r03_2017_03_06_L001	3	0.0227	0.0048	1.0000
HAMBI_0403_chrm01_circ_1359617	PS_Ct_r03_2017_05_29_L001	3	0.3101	0.0105	1.0000
HAMBI_0403_chrm01_circ_1359617	PS_Ct_r03_2017_06_26_L001	3	0.4832	0.0110	1.0000
HAMBI_0403_chrm01_circ_1359617	PS_Ct_r03_2017_07_24_L001	3	0.5122	0.0097	1.0000
HAMBI_0403_chrm01_circ_1359617	PS_Ct_r03_2017_08_21_L001	3	0.3491	0.0099	1.0000
HAMBI_0403_chrm01_circ_1427994	PS_Ct_r03_2015_08_24_L001	3	0.0000	0.0000	1.0000
HAMBI_0403_chrm01_circ_1427994	PS_Ct_r03_2015_09_21_L001	3	0.0000	0.0000	1.0000
HAMBI_0403_chrm01_circ_1427994	PS_Ct_r03_2015_10_19_L001	3	0.0000	0.0000	1.0000
HAMBI_0403_chrm01_circ_1427994	PS_Ct_r03_2015_11_16_L002	3	0.0000	0.0000	1.0000
HAMBI_0403_chrm01_circ_1427994	PS_Ct_r03_2015_12_14_L002	3	0.0000	0.0000	1.0000
HAMBI_0403_chrm01_circ_1427994	PS_Ct_r03_2016_01_11_L001	3	0.0000	0.0000	1.0000
HAMBI_0403_chrm01_circ_1427994	PS_Ct_r03_2016_02_08_L001	3	0.0000	0.0000	1.0000
HAMBI_0403_chrm01_circ_1427994	PS_Ct_r03_2016_03_07_L001	3	0.0000	0.0000	1.0000
HAMBI_0403_chrm01_circ_1427994	PS_Ct_r03_2016_04_03_L001	3	0.0000	0.0000	1.0000
HAMBI_0403_chrm01_circ_1427994	PS_Ct_r03_2016_05_04_L001	3	0.0000	0.0000	1.0000
HAMBI_0403_chrm01_circ_1427994	PS_Ct_r03_2016_05_30_L001	3	0.0000	0.0000	1.0000
HAMBI_0403_chrm01_circ_1427994	PS_Ct_r03_2016_07_25_L003	3	0.0000	0.0000	1.0000
HAMBI_0403_chrm01_circ_1427994	PS_Ct_r03_2016_08_22_L003	3	0.0000	0.0000	1.0000
HAMBI_0403_chrm01_circ_1427994	PS_Ct_r03_2016_09_19_L003	3	0.0000	0.0000	1.0000
HAMBI_0403_chrm01_circ_1427994	PS_Ct_r03_2016_10_17_L001	3	0.0000	0.0000	1.0000
HAMBI_0403_chrm01_circ_1427994	PS_Ct_r03_2016_11_14_L001	3	0.0101	0.0000	1.0000
HAMBI_0403_chrm01_circ_1427994	PS_Ct_r03_2016_12_12_L001	3	0.0101	0.0001	1.0000
HAMBI_0403_chrm01_circ_1427994	PS_Ct_r03_2017_01_09_L001	3	0.0101	0.0000	1.0000
HAMBI_0403_chrm01_circ_1427994	PS_Ct_r03_2017_02_06_L001	3	0.0101	0.0001	1.0000
HAMBI_0403_chrm01_circ_1427994	PS_Ct_r03_2017_03_06_L001	3	0.0227	0.0048	1.0000
HAMBI_0403_chrm01_circ_1427994	PS_Ct_r03_2017_05_29_L001	3	0.3101	0.0105	1.0000
HAMBI_0403_chrm01_circ_1427994	PS_Ct_r03_2017_06_26_L001	3	0.4832	0.0110	1.0000
HAMBI_0403_chrm01_circ_1427994	PS_Ct_r03_2017_07_24_L001	3	0.5122	0.0097	1.0000
HAMBI_0403_chrm01_circ_1427994	PS_Ct_r03_2017_08_21_L001	3	0.3491	0.0099	1.0000
HAMBI_0403_chrm01_circ_1732518	PS_Ct_r03_2015_08_24_L001	3	0.0000	0.0000	1.0000
HAMBI_0403_chrm01_circ_1732518	PS_Ct_r03_2015_09_21_L001	3	0.0000	0.0000	1.0000
HAMBI_0403_chrm01_circ_1732518	PS_Ct_r03_2015_10_19_L001	3	0.0000	0.0000	1.0000
HAMBI_0403_chrm01_circ_1732518	PS_Ct_r03_2015_11_16_L002	3	0.0000	0.0000	1.0000
HAMBI_0403_chrm01_circ_1732518	PS_Ct_r03_2015_12_14_L002	3	0.0000	0.0000	1.0000
HAMBI_0403_chrm01_circ_1732518	PS_Ct_r03_2016_01_11_L001	3	0.0000	0.0000	1.0000
HAMBI_0403_chrm01_circ_1732518	PS_Ct_r03_2016_02_08_L001	3	0.0000	0.0000	1.0000
HAMBI_0403_chrm01_circ_1732518	PS_Ct_r03_2016_03_07_L001	3	0.0000	0.0000	1.0000
HAMBI_0403_chrm01_circ_1732518	PS_Ct_r03_2016_04_03_L001	3	0.0000	0.0000	1.0000
HAMBI_0403_chrm01_circ_1732518	PS_Ct_r03_2016_05_04_L001	3	0.0000	0.0000	1.0000
HAMBI_0403_chrm01_circ_1732518	PS_Ct_r03_2016_05_30_L001	3	0.0000	0.0000	1.0000
HAMBI_0403_chrm01_circ_1732518	PS_Ct_r03_2016_07_25_L003	3	0.0000	0.0000	1.0000
HAMBI_0403_chrm01_circ_1732518	PS_Ct_r03_2016_08_22_L003	3	0.0000	0.0000	1.0000
HAMBI_0403_chrm01_circ_1732518	PS_Ct_r03_2016_09_19_L003	3	0.0000	0.0000	1.0000
HAMBI_0403_chrm01_circ_1732518	PS_Ct_r03_2016_10_17_L001	3	0.0000	0.0000	1.0000
HAMBI_0403_chrm01_circ_1732518	PS_Ct_r03_2016_11_14_L001	3	0.0101	0.0000	1.0000
HAMBI_0403_chrm01_circ_1732518	PS_Ct_r03_2016_12_12_L001	3	0.0101	0.0001	1.0000
HAMBI_0403_chrm01_circ_1732518	PS_Ct_r03_2017_01_09_L001	3	0.0101	0.0000	1.0000
HAMBI_0403_chrm01_circ_1732518	PS_Ct_r03_2017_02_06_L001	3	0.0101	0.0001	1.0000
HAMBI_0403_chrm01_circ_1732518	PS_Ct_r03_2017_03_06_L001	3	0.0227	0.0048	1.0000
HAMBI_0403_chrm01_circ_1732518	PS_Ct_r03_2017_05_29_L001	3	0.3101	0.0105	1.0000
HAMBI_0403_chrm01_circ_1732518	PS_Ct_r03_2017_06_26_L001	3	0.4832	0.0110	1.0000
HAMBI_0403_chrm01_circ_1732518	PS_Ct_r03_2017_07_24_L001	3	0.5122	0.0097	1.0000
HAMBI_0403_chrm01_circ_1732518	PS_Ct_r03_2017_08_21_L001	3	0.3491	0.0099	1.0000
HAMBI_0403_chrm01_circ_1738117	PS_Ct_r03_2015_08_24_L001	3	0.0000	0.0000	1.0000
HAMBI_0403_chrm01_circ_1738117	PS_Ct_r03_2015_09_21_L001	3	0.0000	0.0000	1.0000
HAMBI_0403_chrm01_circ_1738117	PS_Ct_r03_2015_10_19_L001	3	0.0000	0.0000	1.0000
HAMBI_0403_chrm01_circ_1738117	PS_Ct_r03_2015_11_16_L002	3	0.0000	0.0000	1.0000
HAMBI_0403_chrm01_circ_1738117	PS_Ct_r03_2015_12_14_L002	3	0.0000	0.0000	1.0000
HAMBI_0403_chrm01_circ_1738117	PS_Ct_r03_2016_01_11_L001	3	0.0000	0.0000	1.0000
HAMBI_0403_chrm01_circ_1738117	PS_Ct_r03_2016_02_08_L001	3	0.0000	0.0000	1.0000
HAMBI_0403_chrm01_circ_1738117	PS_Ct_r03_2016_03_07_L001	3	0.0000	0.0000	1.0000
HAMBI_0403_chrm01_circ_1738117	PS_Ct_r03_2016_04_03_L001	3	0.0000	0.0000	1.0000
HAMBI_0403_chrm01_circ_1738117	PS_Ct_r03_2016_05_04_L001	3	0.0000	0.0000	1.0000
HAMBI_0403_chrm01_circ_1738117	PS_Ct_r03_2016_05_30_L001	3	0.0000	0.0000	1.0000
HAMBI_0403_chrm01_circ_1738117	PS_Ct_r03_2016_07_25_L003	3	0.0000	0.0000	1.0000
HAMBI_0403_chrm01_circ_1738117	PS_Ct_r03_2016_08_22_L003	3	0.0000	0.0000	1.0000
HAMBI_0403_chrm01_circ_1738117	PS_Ct_r03_2016_09_19_L003	3	0.0000	0.0000	1.0000
HAMBI_0403_chrm01_circ_1738117	PS_Ct_r03_2016_10_17_L001	3	0.0000	0.0000	1.0000
HAMBI_0403_chrm01_circ_1738117	PS_Ct_r03_2016_11_14_L001	3	0.0101	0.0000	1.0000
HAMBI_0403_chrm01_circ_1738117	PS_Ct_r03_2016_12_12_L001	3	0.0101	0.0001	1.0000
HAMBI_0403_chrm01_circ_1738117	PS_Ct_r03_2017_01_09_L001	3	0.0101	0.0000	1.0000
HAMBI_0403_chrm01_circ_1738117	PS_Ct_r03_2017_02_06_L001	3	0.0101	0.0001	1.0000
HAMBI_0403_chrm01_circ_1738117	PS_Ct_r03_2017_03_06_L001	3	0.0227	0.0048	1.0000
HAMBI_0403_chrm01_circ_1738117	PS_Ct_r03_2017_05_29_L001	3	0.3101	0.0105	1.0000
HAMBI_0403_chrm01_circ_1738117	PS_Ct_r03_2017_06_26_L001	3	0.4832	0.0110	1.0000
HAMBI_0403_chrm01_circ_1738117	PS_Ct_r03_2017_07_24_L001	3	0.5122	0.0097	1.0000
HAMBI_0403_chrm01_circ_1738117	PS_Ct_r03_2017_08_21_L001	3	0.3491	0.0099	1.0000
HAMBI_0403_chrm01_circ_1975660	PS_Ct_r03_2015_08_24_L001	3	0.0000	0.0000	1.0000
HAMBI_0403_chrm01_circ_1975660	PS_Ct_r03_2015_09_21_L001	3	0.0000	0.0000	1.0000
HAMBI_0403_chrm01_circ_1975660	PS_Ct_r03_2015_10_19_L001	3	0.0000	0.0000	1.0000
HAMBI_0403_chrm01_circ_1975660	PS_Ct_r03_2015_11_16_L002	3	0.0000	0.0000	1.0000
HAMBI_0403_chrm01_circ_1975660	PS_Ct_r03_2015_12_14_L002	3	0.0000	0.0000	1.0000
HAMBI_0403_chrm01_circ_1975660	PS_Ct_r03_2016_01_11_L001	3	0.0000	0.0000	1.0000
HAMBI_0403_chrm01_circ_1975660	PS_Ct_r03_2016_02_08_L001	3	0.0000	0.0000	1.0000
HAMBI_0403_chrm01_circ_1975660	PS_Ct_r03_2016_03_07_L001	3	0.0000	0.0000	1.0000
HAMBI_0403_chrm01_circ_1975660	PS_Ct_r03_2016_04_03_L001	3	0.0000	0.0000	1.0000
HAMBI_0403_chrm01_circ_1975660	PS_Ct_r03_2016_05_04_L001	3	0.0000	0.0000	1.0000
HAMBI_0403_chrm01_circ_1975660	PS_Ct_r03_2016_05_30_L001	3	0.0000	0.0000	1.0000
HAMBI_0403_chrm01_circ_1975660	PS_Ct_r03_2016_07_25_L003	3	0.0000	0.0000	1.0000
HAMBI_0403_chrm01_circ_1975660	PS_Ct_r03_2016_08_22_L003	3	0.0000	0.0000	1.0000
HAMBI_0403_chrm01_circ_1975660	PS_Ct_r03_2016_09_19_L003	3	0.0000	0.0000	1.0000
HAMBI_0403_chrm01_circ_1975660	PS_Ct_r03_2016_10_17_L001	3	0.0000	0.0000	1.0000
HAMBI_0403_chrm01_circ_1975660	PS_Ct_r03_2016_11_14_L001	3	0.0101	0.0000	1.0000
HAMBI_0403_chrm01_circ_1975660	PS_Ct_r03_2016_12_12_L001	3	0.0101	0.0001	1.0000
HAMBI_0403_chrm01_circ_1975660	PS_Ct_r03_2017_01_09_L001	3	0.0101	0.0000	1.0000
HAMBI_0403_chrm01_circ_1975660	PS_Ct_r03_2017_02_06_L001	3	0.0101	0.0001	1.0000
HAMBI_0403_chrm01_circ_1975660	PS_Ct_r03_2017_03_06_L001	3	0.0227	0.0048	1.0000
HAMBI_0403_chrm01_circ_1975660	PS_Ct_r03_2017_05_29_L001	3	0.3101	0.0105	1.0000
HAMBI_0403_chrm01_circ_1975660	PS_Ct_r03_2017_06_26_L001	3	0.4832	0.0110	1.0000
HAMBI_0403_chrm01_circ_1975660	PS_Ct_r03_2017_07_24_L001	3	0.5122	0.0097	1.0000
HAMBI_0403_chrm01_circ_1975660	PS_Ct_r03_2017_08_21_L001	3	0.3491	0.0099	1.0000
HAMBI_0403_chrm01_circ_204962	PS_Ct_r03_2015_08_24_L001	3	0.0000	0.0000	1.0000
HAMBI_0403_chrm01_circ_204962	PS_Ct_r03_2015_09_21_L001	3	0.0000	0.0000	1.0000
HAMBI_0403_chrm01_circ_204962	PS_Ct_r03_2015_10_19_L001	3	0.0000	0.0000	1.0000
HAMBI_0403_chrm01_circ_204962	PS_Ct_r03_2015_11_16_L002	3	0.0000	0.0000	1.0000
HAMBI_0403_chrm01_circ_204962	PS_Ct_r03_2015_12_14_L002	3	0.0000	0.0000	1.0000
HAMBI_0403_chrm01_circ_204962	PS_Ct_r03_2016_01_11_L001	3	0.0000	0.0000	1.0000
HAMBI_0403_chrm01_circ_204962	PS_Ct_r03_2016_02_08_L001	3	0.0000	0.0000	1.0000
HAMBI_0403_chrm01_circ_204962	PS_Ct_r03_2016_03_07_L001	3	0.0000	0.0000	1.0000
HAMBI_0403_chrm01_circ_204962	PS_Ct_r03_2016_04_03_L001	3	0.0000	0.0000	1.0000
HAMBI_0403_chrm01_circ_204962	PS_Ct_r03_2016_05_04_L001	3	0.0000	0.0000	1.0000
HAMBI_0403_chrm01_circ_204962	PS_Ct_r03_2016_05_30_L001	3	0.0000	0.0000	1.0000
HAMBI_0403_chrm01_circ_204962	PS_Ct_r03_2016_07_25_L003	3	0.0000	0.0000	1.0000
HAMBI_0403_chrm01_circ_204962	PS_Ct_r03_2016_08_22_L003	3	0.0000	0.0000	1.0000
HAMBI_0403_chrm01_circ_204962	PS_Ct_r03_2016_09_19_L003	3	0.0000	0.0000	1.0000
HAMBI_0403_chrm01_circ_204962	PS_Ct_r03_2016_10_17_L001	3	0.0000	0.0000	1.0000
HAMBI_0403_chrm01_circ_204962	PS_Ct_r03_2016_11_14_L001	3	0.0101	0.0000	1.0000
HAMBI_0403_chrm01_circ_204962	PS_Ct_r03_2016_12_12_L001	3	0.0101	0.0001	1.0000
HAMBI_0403_chrm01_circ_204962	PS_Ct_r03_2017_01_09_L001	3	0.0101	0.0000	1.0000
HAMBI_0403_chrm01_circ_204962	PS_Ct_r03_2017_02_06_L001	3	0.0101	0.0001	1.0000
HAMBI_0403_chrm01_circ_204962	PS_Ct_r03_2017_03_06_L001	3	0.0227	0.0048	1.0000
HAMBI_0403_chrm01_circ_204962	PS_Ct_r03_2017_05_29_L001	3	0.3101	0.0105	1.0000
HAMBI_0403_chrm01_circ_204962	PS_Ct_r03_2017_06_26_L001	3	0.4832	0.0110	1.0000
HAMBI_0403_chrm01_circ_204962	PS_Ct_r03_2017_07_24_L001	3	0.5122	0.0097	1.0000
HAMBI_0403_chrm01_circ_204962	PS_Ct_r03_2017_08_21_L001	3	0.3491	0.0099	1.0000
HAMBI_0403_chrm01_circ_264681	PS_Ct_r03_2015_08_24_L001	3	0.0000	0.0000	1.0000
HAMBI_0403_chrm01_circ_264681	PS_Ct_r03_2015_09_21_L001	3	0.0000	0.0000	1.0000
HAMBI_0403_chrm01_circ_264681	PS_Ct_r03_2015_10_19_L001	3	0.0000	0.0000	1.0000
HAMBI_0403_chrm01_circ_264681	PS_Ct_r03_2015_11_16_L002	3	0.0000	0.0000	1.0000
HAMBI_0403_chrm01_circ_264681	PS_Ct_r03_2015_12_14_L002	3	0.0000	0.0000	1.0000
HAMBI_0403_chrm01_circ_264681	PS_Ct_r03_2016_01_11_L001	3	0.0000	0.0000	1.0000
HAMBI_0403_chrm01_circ_264681	PS_Ct_r03_2016_02_08_L001	3	0.0000	0.0000	1.0000
HAMBI_0403_chrm01_circ_264681	PS_Ct_r03_2016_03_07_L001	3	0.0000	0.0000	1.0000
HAMBI_0403_chrm01_circ_264681	PS_Ct_r03_2016_04_03_L001	3	0.0000	0.0000	1.0000
HAMBI_0403_chrm01_circ_264681	PS_Ct_r03_2016_05_04_L001	3	0.0000	0.0000	1.0000
HAMBI_0403_chrm01_circ_264681	PS_Ct_r03_2016_05_30_L001	3	0.0000	0.0000	1.0000
HAMBI_0403_chrm01_circ_264681	PS_Ct_r03_2016_07_25_L003	3	0.0000	0.0000	1.0000
HAMBI_0403_chrm01_circ_264681	PS_Ct_r03_2016_08_22_L003	3	0.0000	0.0000	1.0000
HAMBI_0403_chrm01_circ_264681	PS_Ct_r03_2016_09_19_L003	3	0.0000	0.0000	1.0000
HAMBI_0403_chrm01_circ_264681	PS_Ct_r03_2016_10_17_L001	3	0.0000	0.0000	1.0000
HAMBI_0403_chrm01_circ_264681	PS_Ct_r03_2016_11_14_L001	3	0.0101	0.0000	1.0000
HAMBI_0403_chrm01_circ_264681	PS_Ct_r03_2016_12_12_L001	3	0.0101	0.0001	1.0000
HAMBI_0403_chrm01_circ_264681	PS_Ct_r03_2017_01_09_L001	3	0.0101	0.0000	1.0000
HAMBI_0403_chrm01_circ_264681	PS_Ct_r03_2017_02_06_L001	3	0.0101	0.0001	1.0000
HAMBI_0403_chrm01_circ_264681	PS_Ct_r03_2017_03_06_L001	3	0.0227	0.0048	1.0000
HAMBI_0403_chrm01_circ_264681	PS_Ct_r03_2017_05_29_L001	3	0.3101	0.0105	1.0000
HAMBI_0403_chrm01_circ_264681	PS_Ct_r03_2017_06_26_L001	3	0.4832	0.0110	1.0000
HAMBI_0403_chrm01_circ_264681	PS_Ct_r03_2017_07_24_L001	3	0.5122	0.0097	1.0000
HAMBI_0403_chrm01_circ_264681	PS_Ct_r03_2017_08_21_L001	3	0.3491	0.0099	1.0000
HAMBI_0403_chrm01_circ_2663531	PS_Ct_r03_2015_08_24_L001	3	0.0000	0.0000	1.0000
HAMBI_0403_chrm01_circ_2663531	PS_Ct_r03_2015_09_21_L001	3	0.0000	0.0000	1.0000
HAMBI_0403_chrm01_circ_2663531	PS_Ct_r03_2015_10_19_L001	3	0.0000	0.0000	1.0000
HAMBI_0403_chrm01_circ_2663531	PS_Ct_r03_2015_11_16_L002	3	0.0000	0.0000	1.0000
HAMBI_0403_chrm01_circ_2663531	PS_Ct_r03_2015_12_14_L002	3	0.0000	0.0000	1.0000
HAMBI_0403_chrm01_circ_2663531	PS_Ct_r03_2016_01_11_L001	3	0.0000	0.0000	1.0000
HAMBI_0403_chrm01_circ_2663531	PS_Ct_r03_2016_02_08_L001	3	0.0000	0.0000	1.0000
HAMBI_0403_chrm01_circ_2663531	PS_Ct_r03_2016_03_07_L001	3	0.0000	0.0000	1.0000
HAMBI_0403_chrm01_circ_2663531	PS_Ct_r03_2016_04_03_L001	3	0.0000	0.0000	1.0000
HAMBI_0403_chrm01_circ_2663531	PS_Ct_r03_2016_05_04_L001	3	0.0000	0.0000	1.0000
HAMBI_0403_chrm01_circ_2663531	PS_Ct_r03_2016_05_30_L001	3	0.0000	0.0000	1.0000
HAMBI_0403_chrm01_circ_2663531	PS_Ct_r03_2016_07_25_L003	3	0.0000	0.0000	1.0000
HAMBI_0403_chrm01_circ_2663531	PS_Ct_r03_2016_08_22_L003	3	0.0000	0.0000	1.0000
HAMBI_0403_chrm01_circ_2663531	PS_Ct_r03_2016_09_19_L003	3	0.0000	0.0000	1.0000
HAMBI_0403_chrm01_circ_2663531	PS_Ct_r03_2016_10_17_L001	3	0.0000	0.0000	1.0000
HAMBI_0403_chrm01_circ_2663531	PS_Ct_r03_2016_11_14_L001	3	0.0101	0.0000	1.0000
HAMBI_0403_chrm01_circ_2663531	PS_Ct_r03_2016_12_12_L001	3	0.0101	0.0001	1.0000
HAMBI_0403_chrm01_circ_2663531	PS_Ct_r03_2017_01_09_L001	3	0.0101	0.0000	1.0000
HAMBI_0403_chrm01_circ_2663531	PS_Ct_r03_2017_02_06_L001	3	0.0101	0.0001	1.0000
HAMBI_0403_chrm01_circ_2663531	PS_Ct_r03_2017_03_06_L001	3	0.0227	0.0048	1.0000
HAMBI_0403_chrm01_circ_2663531	PS_Ct_r03_2017_05_29_L001	3	0.3101	0.0105	1.0000
HAMBI_0403_chrm01_circ_2663531	PS_Ct_r03_2017_06_26_L001	3	0.4832	0.0110	1.0000
HAMBI_0403_chrm01_circ_2663531	PS_Ct_r03_2017_07_24_L001	3	0.5122	0.0097	1.0000
HAMBI_0403_chrm01_circ_2663531	PS_Ct_r03_2017_08_21_L001	3	0.3491	0.0099	1.0000
HAMBI_0403_chrm01_circ_2688975	PS_Ct_r03_2015_08_24_L001	3	0.0000	0.0000	1.0000
HAMBI_0403_chrm01_circ_2688975	PS_Ct_r03_2015_09_21_L001	3	0.0000	0.0000	1.0000
HAMBI_0403_chrm01_circ_2688975	PS_Ct_r03_2015_10_19_L001	3	0.0000	0.0000	1.0000
HAMBI_0403_chrm01_circ_2688975	PS_Ct_r03_2015_11_16_L002	3	0.0000	0.0000	1.0000
HAMBI_0403_chrm01_circ_2688975	PS_Ct_r03_2015_12_14_L002	3	0.0000	0.0000	1.0000
HAMBI_0403_chrm01_circ_2688975	PS_Ct_r03_2016_01_11_L001	3	0.0000	0.0000	1.0000
HAMBI_0403_chrm01_circ_2688975	PS_Ct_r03_2016_02_08_L001	3	0.0000	0.0000	1.0000
HAMBI_0403_chrm01_circ_2688975	PS_Ct_r03_2016_03_07_L001	3	0.0000	0.0000	1.0000
HAMBI_0403_chrm01_circ_2688975	PS_Ct_r03_2016_04_03_L001	3	0.0000	0.0000	1.0000
HAMBI_0403_chrm01_circ_2688975	PS_Ct_r03_2016_05_04_L001	3	0.0000	0.0000	1.0000
HAMBI_0403_chrm01_circ_2688975	PS_Ct_r03_2016_05_30_L001	3	0.0000	0.0000	1.0000
HAMBI_0403_chrm01_circ_2688975	PS_Ct_r03_2016_07_25_L003	3	0.0000	0.0000	1.0000
HAMBI_0403_chrm01_circ_2688975	PS_Ct_r03_2016_08_22_L003	3	0.0000	0.0000	1.0000
HAMBI_0403_chrm01_circ_2688975	PS_Ct_r03_2016_09_19_L003	3	0.0000	0.0000	1.0000
HAMBI_0403_chrm01_circ_2688975	PS_Ct_r03_2016_10_17_L001	3	0.0000	0.0000	1.0000
HAMBI_0403_chrm01_circ_2688975	PS_Ct_r03_2016_11_14_L001	3	0.0101	0.0000	1.0000
HAMBI_0403_chrm01_circ_2688975	PS_Ct_r03_2016_12_12_L001	3	0.0101	0.0001	1.0000
HAMBI_0403_chrm01_circ_2688975	PS_Ct_r03_2017_01_09_L001	3	0.0101	0.0000	1.0000
HAMBI_0403_chrm01_circ_2688975	PS_Ct_r03_2017_02_06_L001	3	0.0101	0.0001	1.0000
HAMBI_0403_chrm01_circ_2688975	PS_Ct_r03_2017_03_06_L001	3	0.0227	0.0048	1.0000
HAMBI_0403_chrm01_circ_2688975	PS_Ct_r03_2017_05_29_L001	3	0.3101	0.0105	1.0000
HAMBI_0403_chrm01_circ_2688975	PS_Ct_r03_2017_06_26_L001	3	0.4832	0.0110	1.0000
HAMBI_0403_chrm01_circ_2688975	PS_Ct_r03_2017_07_24_L001	3	0.5122	0.0097	1.0000
HAMBI_0403_chrm01_circ_2688975	PS_Ct_r03_2017_08_21_L001	3	0.3491	0.0099	1.0000
HAMBI_0403_chrm01_circ_2693322	PS_Ct_r03_2015_08_24_L001	3	0.0000	0.0000	1.0000
HAMBI_0403_chrm01_circ_2693322	PS_Ct_r03_2015_09_21_L001	3	0.0000	0.0000	1.0000
HAMBI_0403_chrm01_circ_2693322	PS_Ct_r03_2015_10_19_L001	3	0.0000	0.0000	1.0000
HAMBI_0403_chrm01_circ_2693322	PS_Ct_r03_2015_11_16_L002	3	0.0000	0.0000	1.0000
HAMBI_0403_chrm01_circ_2693322	PS_Ct_r03_2015_12_14_L002	3	0.0000	0.0000	1.0000
HAMBI_0403_chrm01_circ_2693322	PS_Ct_r03_2016_01_11_L001	3	0.0000	0.0000	1.0000
HAMBI_0403_chrm01_circ_2693322	PS_Ct_r03_2016_02_08_L001	3	0.0000	0.0000	1.0000
HAMBI_0403_chrm01_circ_2693322	PS_Ct_r03_2016_03_07_L001	3	0.0000	0.0000	1.0000
HAMBI_0403_chrm01_circ_2693322	PS_Ct_r03_2016_04_03_L001	3	0.0000	0.0000	1.0000
HAMBI_0403_chrm01_circ_2693322	PS_Ct_r03_2016_05_04_L001	3	0.0000	0.0000	1.0000
HAMBI_0403_chrm01_circ_2693322	PS_Ct_r03_2016_05_30_L001	3	0.0000	0.0000	1.0000
HAMBI_0403_chrm01_circ_2693322	PS_Ct_r03_2016_07_25_L003	3	0.0000	0.0000	1.0000
HAMBI_0403_chrm01_circ_2693322	PS_Ct_r03_2016_08_22_L003	3	0.0000	0.0000	1.0000
HAMBI_0403_chrm01_circ_2693322	PS_Ct_r03_2016_09_19_L003	3	0.0000	0.0000	1.0000
HAMBI_0403_chrm01_circ_2693322	PS_Ct_r03_2016_10_17_L001	3	0.0000	0.0000	1.0000
HAMBI_0403_chrm01_circ_2693322	PS_Ct_r03_2016_11_14_L001	3	0.0101	0.0000	1.0000
HAMBI_0403_chrm01_circ_2693322	PS_Ct_r03_2016_12_12_L001	3	0.0101	0.0001	1.0000
HAMBI_0403_chrm01_circ_2693322	PS_Ct_r03_2017_01_09_L001	3	0.0101	0.0000	1.0000
HAMBI_0403_chrm01_circ_2693322	PS_Ct_r03_2017_02_06_L001	3	0.0101	0.0001	1.0000
HAMBI_0403_chrm01_circ_2693322	PS_Ct_r03_2017_03_06_L001	3	0.0227	0.0048	1.0000
HAMBI_0403_chrm01_circ_2693322	PS_Ct_r03_2017_05_29_L001	3	0.3101	0.0105	1.0000
HAMBI_0403_chrm01_circ_2693322	PS_Ct_r03_2017_06_26_L001	3	0.4832	0.0110	1.0000
HAMBI_0403_chrm01_circ_2693322	PS_Ct_r03_2017_07_24_L001	3	0.5122	0.0097	1.0000
HAMBI_0403_chrm01_circ_2693322	PS_Ct_r03_2017_08_21_L001	3	0.3491	0.0099	1.0000
HAMBI_0403_chrm01_circ_2754629	PS_Ct_r03_2015_08_24_L001	3	0.0000	0.0000	1.0000
HAMBI_0403_chrm01_circ_2754629	PS_Ct_r03_2015_09_21_L001	3	0.0000	0.0000	1.0000
HAMBI_0403_chrm01_circ_2754629	PS_Ct_r03_2015_10_19_L001	3	0.0000	0.0000	1.0000
HAMBI_0403_chrm01_circ_2754629	PS_Ct_r03_2015_11_16_L002	3	0.0000	0.0000	1.0000
HAMBI_0403_chrm01_circ_2754629	PS_Ct_r03_2015_12_14_L002	3	0.0000	0.0000	1.0000
HAMBI_0403_chrm01_circ_2754629	PS_Ct_r03_2016_01_11_L001	3	0.0000	0.0000	1.0000
HAMBI_0403_chrm01_circ_2754629	PS_Ct_r03_2016_02_08_L001	3	0.0000	0.0000	1.0000
HAMBI_0403_chrm01_circ_2754629	PS_Ct_r03_2016_03_07_L001	3	0.0000	0.0000	1.0000
HAMBI_0403_chrm01_circ_2754629	PS_Ct_r03_2016_04_03_L001	3	0.0000	0.0000	1.0000
HAMBI_0403_chrm01_circ_2754629	PS_Ct_r03_2016_05_04_L001	3	0.0000	0.0000	1.0000
HAMBI_0403_chrm01_circ_2754629	PS_Ct_r03_2016_05_30_L001	3	0.0000	0.0000	1.0000
HAMBI_0403_chrm01_circ_2754629	PS_Ct_r03_2016_07_25_L003	3	0.0000	0.0000	1.0000
HAMBI_0403_chrm01_circ_2754629	PS_Ct_r03_2016_08_22_L003	3	0.0000	0.0000	1.0000
HAMBI_0403_chrm01_circ_2754629	PS_Ct_r03_2016_09_19_L003	3	0.0000	0.0000	1.0000
HAMBI_0403_chrm01_circ_2754629	PS_Ct_r03_2016_10_17_L001	3	0.0000	0.0000	1.0000
HAMBI_0403_chrm01_circ_2754629	PS_Ct_r03_2016_11_14_L001	3	0.0101	0.0000	1.0000
HAMBI_0403_chrm01_circ_2754629	PS_Ct_r03_2016_12_12_L001	3	0.0101	0.0001	1.0000
HAMBI_0403_chrm01_circ_2754629	PS_Ct_r03_2017_01_09_L001	3	0.0101	0.0000	1.0000
HAMBI_0403_chrm01_circ_2754629	PS_Ct_r03_2017_02_06_L001	3	0.0101	0.0001	1.0000
HAMBI_0403_chrm01_circ_2754629	PS_Ct_r03_2017_03_06_L001	3	0.0227	0.0048	1.0000
HAMBI_0403_chrm01_circ_2754629	PS_Ct_r03_2017_05_29_L001	3	0.3101	0.0105	1.0000
HAMBI_0403_chrm01_circ_2754629	PS_Ct_r03_2017_06_26_L001	3	0.4832	0.0110	1.0000
HAMBI_0403_chrm01_circ_2754629	PS_Ct_r03_2017_07_24_L001	3	0.5122	0.0097	1.0000
HAMBI_0403_chrm01_circ_2754629	PS_Ct_r03_2017_08_21_L001	3	0.3491	0.0099	1.0000
HAMBI_0403_chrm01_circ_2957163	PS_Ct_r03_2015_08_24_L001	3	0.0000	0.0000	0.8580
HAMBI_0403_chrm01_circ_2957163	PS_Ct_r03_2015_09_21_L001	3	0.0000	0.0000	0.8580
HAMBI_0403_chrm01_circ_2957163	PS_Ct_r03_2015_10_19_L001	3	0.0000	0.0000	0.8580
HAMBI_0403_chrm01_circ_2957163	PS_Ct_r03_2015_11_16_L002	3	0.0000	0.0000	0.8580
HAMBI_0403_chrm01_circ_2957163	PS_Ct_r03_2015_12_14_L002	3	0.0000	0.0000	0.8580
HAMBI_0403_chrm01_circ_2957163	PS_Ct_r03_2016_01_11_L001	3	0.0000	0.0000	0.8580
HAMBI_0403_chrm01_circ_2957163	PS_Ct_r03_2016_02_08_L001	3	0.0000	0.0000	0.8580
HAMBI_0403_chrm01_circ_2957163	PS_Ct_r03_2016_03_07_L001	3	0.0000	0.0000	0.8580
HAMBI_0403_chrm01_circ_2957163	PS_Ct_r03_2016_04_03_L001	3	0.0000	0.0000	0.8580
HAMBI_0403_chrm01_circ_2957163	PS_Ct_r03_2016_05_04_L001	3	0.0000	0.0000	0.8580
HAMBI_0403_chrm01_circ_2957163	PS_Ct_r03_2016_05_30_L001	3	0.0000	0.0000	0.8580
HAMBI_0403_chrm01_circ_2957163	PS_Ct_r03_2016_07_25_L003	3	0.0000	0.0000	0.8580
HAMBI_0403_chrm01_circ_2957163	PS_Ct_r03_2016_08_22_L003	3	0.0000	0.0000	0.8580
HAMBI_0403_chrm01_circ_2957163	PS_Ct_r03_2016_09_19_L003	3	0.0000	0.0000	0.8580
HAMBI_0403_chrm01_circ_2957163	PS_Ct_r03_2016_10_17_L001	3	0.0000	0.0000	0.8580
HAMBI_0403_chrm01_circ_2957163	PS_Ct_r03_2016_11_14_L001	3	0.0101	0.0000	0.8580
HAMBI_0403_chrm01_circ_2957163	PS_Ct_r03_2016_12_12_L001	3	0.0101	0.0001	0.8580
HAMBI_0403_chrm01_circ_2957163	PS_Ct_r03_2017_01_09_L001	3	0.0101	0.0000	0.8580
HAMBI_0403_chrm01_circ_2957163	PS_Ct_r03_2017_02_06_L001	3	0.0101	0.0001	0.8580
HAMBI_0403_chrm01_circ_2957163	PS_Ct_r03_2017_03_06_L001	3	0.0227	0.0048	0.8580
HAMBI_0403_chrm01_circ_2957163	PS_Ct_r03_2017_05_29_L001	3	0.3101	0.0105	0.8580
HAMBI_0403_chrm01_circ_2957163	PS_Ct_r03_2017_06_26_L001	3	0.4832	0.0110	0.8580
HAMBI_0403_chrm01_circ_2957163	PS_Ct_r03_2017_07_24_L001	3	0.5122	0.0097	0.8580
HAMBI_0403_chrm01_circ_2957163	PS_Ct_r03_2017_08_21_L001	3	0.3491	0.0099	0.8580
HAMBI_0403_chrm01_circ_2970233	PS_Ct_r03_2015_08_24_L001	3	0.0000	0.0000	1.0000
HAMBI_0403_chrm01_circ_2970233	PS_Ct_r03_2015_09_21_L001	3	0.0000	0.0000	1.0000
HAMBI_0403_chrm01_circ_2970233	PS_Ct_r03_2015_10_19_L001	3	0.0000	0.0000	1.0000
HAMBI_0403_chrm01_circ_2970233	PS_Ct_r03_2015_11_16_L002	3	0.0000	0.0000	1.0000
HAMBI_0403_chrm01_circ_2970233	PS_Ct_r03_2015_12_14_L002	3	0.0000	0.0000	1.0000
HAMBI_0403_chrm01_circ_2970233	PS_Ct_r03_2016_01_11_L001	3	0.0000	0.0000	1.0000
HAMBI_0403_chrm01_circ_2970233	PS_Ct_r03_2016_02_08_L001	3	0.0000	0.0000	1.0000
HAMBI_0403_chrm01_circ_2970233	PS_Ct_r03_2016_03_07_L001	3	0.0000	0.0000	1.0000
HAMBI_0403_chrm01_circ_2970233	PS_Ct_r03_2016_04_03_L001	3	0.0000	0.0000	1.0000
HAMBI_0403_chrm01_circ_2970233	PS_Ct_r03_2016_05_04_L001	3	0.0000	0.0000	1.0000
HAMBI_0403_chrm01_circ_2970233	PS_Ct_r03_2016_05_30_L001	3	0.0000	0.0000	1.0000
HAMBI_0403_chrm01_circ_2970233	PS_Ct_r03_2016_07_25_L003	3	0.0000	0.0000	1.0000
HAMBI_0403_chrm01_circ_2970233	PS_Ct_r03_2016_08_22_L003	3	0.0000	0.0000	1.0000
HAMBI_0403_chrm01_circ_2970233	PS_Ct_r03_2016_09_19_L003	3	0.0000	0.0000	1.0000
HAMBI_0403_chrm01_circ_2970233	PS_Ct_r03_2016_10_17_L001	3	0.0000	0.0000	1.0000
HAMBI_0403_chrm01_circ_2970233	PS_Ct_r03_2016_11_14_L001	3	0.0101	0.0000	1.0000
HAMBI_0403_chrm01_circ_2970233	PS_Ct_r03_2016_12_12_L001	3	0.0101	0.0001	1.0000
HAMBI_0403_chrm01_circ_2970233	PS_Ct_r03_2017_01_09_L001	3	0.0101	0.0000	1.0000
HAMBI_0403_chrm01_circ_2970233	PS_Ct_r03_2017_02_06_L001	3	0.0101	0.0001	1.0000
HAMBI_0403_chrm01_circ_2970233	PS_Ct_r03_2017_03_06_L001	3	0.0227	0.0048	1.0000
HAMBI_0403_chrm01_circ_2970233	PS_Ct_r03_2017_05_29_L001	3	0.3101	0.0105	1.0000
HAMBI_0403_chrm01_circ_2970233	PS_Ct_r03_2017_06_26_L001	3	0.4832	0.0110	1.0000
HAMBI_0403_chrm01_circ_2970233	PS_Ct_r03_2017_07_24_L001	3	0.5122	0.0097	1.0000
HAMBI_0403_chrm01_circ_2970233	PS_Ct_r03_2017_08_21_L001	3	0.3491	0.0099	1.0000
HAMBI_0403_chrm01_circ_3087888	PS_Ct_r03_2015_08_24_L001	3	0.0000	0.0000	1.0000
HAMBI_0403_chrm01_circ_3087888	PS_Ct_r03_2015_09_21_L001	3	0.0000	0.0000	1.0000
HAMBI_0403_chrm01_circ_3087888	PS_Ct_r03_2015_10_19_L001	3	0.0000	0.0000	1.0000
HAMBI_0403_chrm01_circ_3087888	PS_Ct_r03_2015_11_16_L002	3	0.0000	0.0000	1.0000
HAMBI_0403_chrm01_circ_3087888	PS_Ct_r03_2015_12_14_L002	3	0.0000	0.0000	1.0000
HAMBI_0403_chrm01_circ_3087888	PS_Ct_r03_2016_01_11_L001	3	0.0000	0.0000	1.0000
HAMBI_0403_chrm01_circ_3087888	PS_Ct_r03_2016_02_08_L001	3	0.0000	0.0000	1.0000
HAMBI_0403_chrm01_circ_3087888	PS_Ct_r03_2016_03_07_L001	3	0.0000	0.0000	1.0000
HAMBI_0403_chrm01_circ_3087888	PS_Ct_r03_2016_04_03_L001	3	0.0000	0.0000	1.0000
HAMBI_0403_chrm01_circ_3087888	PS_Ct_r03_2016_05_04_L001	3	0.0000	0.0000	1.0000
HAMBI_0403_chrm01_circ_3087888	PS_Ct_r03_2016_05_30_L001	3	0.0000	0.0000	1.0000
HAMBI_0403_chrm01_circ_3087888	PS_Ct_r03_2016_07_25_L003	3	0.0000	0.0000	1.0000
HAMBI_0403_chrm01_circ_3087888	PS_Ct_r03_2016_08_22_L003	3	0.0000	0.0000	1.0000
HAMBI_0403_chrm01_circ_3087888	PS_Ct_r03_2016_09_19_L003	3	0.0000	0.0000	1.0000
HAMBI_0403_chrm01_circ_3087888	PS_Ct_r03_2016_10_17_L001	3	0.0000	0.0000	1.0000
HAMBI_0403_chrm01_circ_3087888	PS_Ct_r03_2016_11_14_L001	3	0.0101	0.0000	1.0000
HAMBI_0403_chrm01_circ_3087888	PS_Ct_r03_2016_12_12_L001	3	0.0101	0.0001	1.0000
HAMBI_0403_chrm01_circ_3087888	PS_Ct_r03_2017_01_09_L001	3	0.0101	0.0000	1.0000
HAMBI_0403_chrm01_circ_3087888	PS_Ct_r03_2017_02_06_L001	3	0.0101	0.0001	1.0000
HAMBI_0403_chrm01_circ_3087888	PS_Ct_r03_2017_03_06_L001	3	0.0227	0.0048	1.0000
HAMBI_0403_chrm01_circ_3087888	PS_Ct_r03_2017_05_29_L001	3	0.3101	0.0105	1.0000
HAMBI_0403_chrm01_circ_3087888	PS_Ct_r03_2017_06_26_L001	3	0.4832	0.0110	1.0000
HAMBI_0403_chrm01_circ_3087888	PS_Ct_r03_2017_07_24_L001	3	0.5122	0.0097	1.0000
HAMBI_0403_chrm01_circ_3087888	PS_Ct_r03_2017_08_21_L001	3	0.3491	0.0099	1.0000
HAMBI_0403_chrm01_circ_3154053	PS_Ct_r03_2015_08_24_L001	3	0.0000	0.0000	1.0000
HAMBI_0403_chrm01_circ_3154053	PS_Ct_r03_2015_09_21_L001	3	0.0000	0.0000	1.0000
HAMBI_0403_chrm01_circ_3154053	PS_Ct_r03_2015_10_19_L001	3	0.0000	0.0000	1.0000
HAMBI_0403_chrm01_circ_3154053	PS_Ct_r03_2015_11_16_L002	3	0.0000	0.0000	1.0000
HAMBI_0403_chrm01_circ_3154053	PS_Ct_r03_2015_12_14_L002	3	0.0000	0.0000	1.0000
HAMBI_0403_chrm01_circ_3154053	PS_Ct_r03_2016_01_11_L001	3	0.0000	0.0000	1.0000
HAMBI_0403_chrm01_circ_3154053	PS_Ct_r03_2016_02_08_L001	3	0.0000	0.0000	1.0000
HAMBI_0403_chrm01_circ_3154053	PS_Ct_r03_2016_03_07_L001	3	0.0000	0.0000	1.0000
HAMBI_0403_chrm01_circ_3154053	PS_Ct_r03_2016_04_03_L001	3	0.0000	0.0000	1.0000
HAMBI_0403_chrm01_circ_3154053	PS_Ct_r03_2016_05_04_L001	3	0.0000	0.0000	1.0000
HAMBI_0403_chrm01_circ_3154053	PS_Ct_r03_2016_05_30_L001	3	0.0000	0.0000	1.0000
HAMBI_0403_chrm01_circ_3154053	PS_Ct_r03_2016_07_25_L003	3	0.0000	0.0000	1.0000
HAMBI_0403_chrm01_circ_3154053	PS_Ct_r03_2016_08_22_L003	3	0.0000	0.0000	1.0000
HAMBI_0403_chrm01_circ_3154053	PS_Ct_r03_2016_09_19_L003	3	0.0000	0.0000	1.0000
HAMBI_0403_chrm01_circ_3154053	PS_Ct_r03_2016_10_17_L001	3	0.0000	0.0000	1.0000
HAMBI_0403_chrm01_circ_3154053	PS_Ct_r03_2016_11_14_L001	3	0.0101	0.0000	1.0000
HAMBI_0403_chrm01_circ_3154053	PS_Ct_r03_2016_12_12_L001	3	0.0101	0.0001	1.0000
HAMBI_0403_chrm01_circ_3154053	PS_Ct_r03_2017_01_09_L001	3	0.0101	0.0000	1.0000
HAMBI_0403_chrm01_circ_3154053	PS_Ct_r03_2017_02_06_L001	3	0.0101	0.0001	1.0000
HAMBI_0403_chrm01_circ_3154053	PS_Ct_r03_2017_03_06_L001	3	0.0227	0.0048	1.0000
HAMBI_0403_chrm01_circ_3154053	PS_Ct_r03_2017_05_29_L001	3	0.3101	0.0105	1.0000
HAMBI_0403_chrm01_circ_3154053	PS_Ct_r03_2017_06_26_L001	3	0.4832	0.0110	1.0000
HAMBI_0403_chrm01_circ_3154053	PS_Ct_r03_2017_07_24_L001	3	0.5122	0.0097	1.0000
HAMBI_0403_chrm01_circ_3154053	PS_Ct_r03_2017_08_21_L001	3	0.3491	0.0099	1.0000
HAMBI_0403_chrm01_circ_3322622	PS_Ct_r03_2015_08_24_L001	3	0.0000	0.0000	1.0000
HAMBI_0403_chrm01_circ_3322622	PS_Ct_r03_2015_09_21_L001	3	0.0000	0.0000	1.0000
HAMBI_0403_chrm01_circ_3322622	PS_Ct_r03_2015_10_19_L001	3	0.0000	0.0000	1.0000
HAMBI_0403_chrm01_circ_3322622	PS_Ct_r03_2015_11_16_L002	3	0.0000	0.0000	1.0000
HAMBI_0403_chrm01_circ_3322622	PS_Ct_r03_2015_12_14_L002	3	0.0000	0.0000	1.0000
HAMBI_0403_chrm01_circ_3322622	PS_Ct_r03_2016_01_11_L001	3	0.0000	0.0000	1.0000
HAMBI_0403_chrm01_circ_3322622	PS_Ct_r03_2016_02_08_L001	3	0.0000	0.0000	1.0000
HAMBI_0403_chrm01_circ_3322622	PS_Ct_r03_2016_03_07_L001	3	0.0000	0.0000	1.0000
HAMBI_0403_chrm01_circ_3322622	PS_Ct_r03_2016_04_03_L001	3	0.0000	0.0000	1.0000
HAMBI_0403_chrm01_circ_3322622	PS_Ct_r03_2016_05_04_L001	3	0.0000	0.0000	1.0000
HAMBI_0403_chrm01_circ_3322622	PS_Ct_r03_2016_05_30_L001	3	0.0000	0.0000	1.0000
HAMBI_0403_chrm01_circ_3322622	PS_Ct_r03_2016_07_25_L003	3	0.0000	0.0000	1.0000
HAMBI_0403_chrm01_circ_3322622	PS_Ct_r03_2016_08_22_L003	3	0.0000	0.0000	1.0000
HAMBI_0403_chrm01_circ_3322622	PS_Ct_r03_2016_09_19_L003	3	0.0000	0.0000	1.0000
HAMBI_0403_chrm01_circ_3322622	PS_Ct_r03_2016_10_17_L001	3	0.0000	0.0000	1.0000
HAMBI_0403_chrm01_circ_3322622	PS_Ct_r03_2016_11_14_L001	3	0.0101	0.0000	1.0000
HAMBI_0403_chrm01_circ_3322622	PS_Ct_r03_2016_12_12_L001	3	0.0101	0.0001	1.0000
HAMBI_0403_chrm01_circ_3322622	PS_Ct_r03_2017_01_09_L001	3	0.0101	0.0000	1.0000
HAMBI_0403_chrm01_circ_3322622	PS_Ct_r03_2017_02_06_L001	3	0.0101	0.0001	1.0000
HAMBI_0403_chrm01_circ_3322622	PS_Ct_r03_2017_03_06_L001	3	0.0227	0.0048	1.0000
HAMBI_0403_chrm01_circ_3322622	PS_Ct_r03_2017_05_29_L001	3	0.3101	0.0105	1.0000
HAMBI_0403_chrm01_circ_3322622	PS_Ct_r03_2017_06_26_L001	3	0.4832	0.0110	1.0000
HAMBI_0403_chrm01_circ_3322622	PS_Ct_r03_2017_07_24_L001	3	0.5122	0.0097	1.0000
HAMBI_0403_chrm01_circ_3322622	PS_Ct_r03_2017_08_21_L001	3	0.3491	0.0099	1.0000
HAMBI_0403_chrm01_circ_3461599	PS_Ct_r03_2015_08_24_L001	3	0.0000	0.0000	1.0000
HAMBI_0403_chrm01_circ_3461599	PS_Ct_r03_2015_09_21_L001	3	0.0000	0.0000	1.0000
HAMBI_0403_chrm01_circ_3461599	PS_Ct_r03_2015_10_19_L001	3	0.0000	0.0000	1.0000
HAMBI_0403_chrm01_circ_3461599	PS_Ct_r03_2015_11_16_L002	3	0.0000	0.0000	1.0000
HAMBI_0403_chrm01_circ_3461599	PS_Ct_r03_2015_12_14_L002	3	0.0000	0.0000	1.0000
HAMBI_0403_chrm01_circ_3461599	PS_Ct_r03_2016_01_11_L001	3	0.0000	0.0000	1.0000
HAMBI_0403_chrm01_circ_3461599	PS_Ct_r03_2016_02_08_L001	3	0.0000	0.0000	1.0000
HAMBI_0403_chrm01_circ_3461599	PS_Ct_r03_2016_03_07_L001	3	0.0000	0.0000	1.0000
HAMBI_0403_chrm01_circ_3461599	PS_Ct_r03_2016_04_03_L001	3	0.0000	0.0000	1.0000
HAMBI_0403_chrm01_circ_3461599	PS_Ct_r03_2016_05_04_L001	3	0.0000	0.0000	1.0000
HAMBI_0403_chrm01_circ_3461599	PS_Ct_r03_2016_05_30_L001	3	0.0000	0.0000	1.0000
HAMBI_0403_chrm01_circ_3461599	PS_Ct_r03_2016_07_25_L003	3	0.0000	0.0000	1.0000
HAMBI_0403_chrm01_circ_3461599	PS_Ct_r03_2016_08_22_L003	3	0.0000	0.0000	1.0000
HAMBI_0403_chrm01_circ_3461599	PS_Ct_r03_2016_09_19_L003	3	0.0000	0.0000	1.0000
HAMBI_0403_chrm01_circ_3461599	PS_Ct_r03_2016_10_17_L001	3	0.0000	0.0000	1.0000
HAMBI_0403_chrm01_circ_3461599	PS_Ct_r03_2016_11_14_L001	3	0.0101	0.0000	1.0000
HAMBI_0403_chrm01_circ_3461599	PS_Ct_r03_2016_12_12_L001	3	0.0101	0.0001	1.0000
HAMBI_0403_chrm01_circ_3461599	PS_Ct_r03_2017_01_09_L001	3	0.0101	0.0000	1.0000
HAMBI_0403_chrm01_circ_3461599	PS_Ct_r03_2017_02_06_L001	3	0.0101	0.0001	1.0000
HAMBI_0403_chrm01_circ_3461599	PS_Ct_r03_2017_03_06_L001	3	0.0227	0.0048	1.0000
HAMBI_0403_chrm01_circ_3461599	PS_Ct_r03_2017_05_29_L001	3	0.3101	0.0105	1.0000
HAMBI_0403_chrm01_circ_3461599	PS_Ct_r03_2017_06_26_L001	3	0.4832	0.0110	1.0000
HAMBI_0403_chrm01_circ_3461599	PS_Ct_r03_2017_07_24_L001	3	0.5122	0.0097	1.0000
HAMBI_0403_chrm01_circ_3461599	PS_Ct_r03_2017_08_21_L001	3	0.3491	0.0099	1.0000
HAMBI_0403_chrm01_circ_3560450	PS_Ct_r03_2015_08_24_L001	3	0.0000	0.0000	1.0000
HAMBI_0403_chrm01_circ_3560450	PS_Ct_r03_2015_09_21_L001	3	0.0000	0.0000	1.0000
HAMBI_0403_chrm01_circ_3560450	PS_Ct_r03_2015_10_19_L001	3	0.0000	0.0000	1.0000
HAMBI_0403_chrm01_circ_3560450	PS_Ct_r03_2015_11_16_L002	3	0.0000	0.0000	1.0000
HAMBI_0403_chrm01_circ_3560450	PS_Ct_r03_2015_12_14_L002	3	0.0000	0.0000	1.0000
HAMBI_0403_chrm01_circ_3560450	PS_Ct_r03_2016_01_11_L001	3	0.0000	0.0000	1.0000
HAMBI_0403_chrm01_circ_3560450	PS_Ct_r03_2016_02_08_L001	3	0.0000	0.0000	1.0000
HAMBI_0403_chrm01_circ_3560450	PS_Ct_r03_2016_03_07_L001	3	0.0000	0.0000	1.0000
HAMBI_0403_chrm01_circ_3560450	PS_Ct_r03_2016_04_03_L001	3	0.0000	0.0000	1.0000
HAMBI_0403_chrm01_circ_3560450	PS_Ct_r03_2016_05_04_L001	3	0.0000	0.0000	1.0000
HAMBI_0403_chrm01_circ_3560450	PS_Ct_r03_2016_05_30_L001	3	0.0000	0.0000	1.0000
HAMBI_0403_chrm01_circ_3560450	PS_Ct_r03_2016_07_25_L003	3	0.0000	0.0000	1.0000
HAMBI_0403_chrm01_circ_3560450	PS_Ct_r03_2016_08_22_L003	3	0.0000	0.0000	1.0000
HAMBI_0403_chrm01_circ_3560450	PS_Ct_r03_2016_09_19_L003	3	0.0000	0.0000	1.0000
HAMBI_0403_chrm01_circ_3560450	PS_Ct_r03_2016_10_17_L001	3	0.0000	0.0000	1.0000
HAMBI_0403_chrm01_circ_3560450	PS_Ct_r03_2016_11_14_L001	3	0.0101	0.0000	1.0000
HAMBI_0403_chrm01_circ_3560450	PS_Ct_r03_2016_12_12_L001	3	0.0101	0.0001	1.0000
HAMBI_0403_chrm01_circ_3560450	PS_Ct_r03_2017_01_09_L001	3	0.0101	0.0000	1.0000
HAMBI_0403_chrm01_circ_3560450	PS_Ct_r03_2017_02_06_L001	3	0.0101	0.0001	1.0000
HAMBI_0403_chrm01_circ_3560450	PS_Ct_r03_2017_03_06_L001	3	0.0227	0.0048	1.0000
HAMBI_0403_chrm01_circ_3560450	PS_Ct_r03_2017_05_29_L001	3	0.3101	0.0105	1.0000
HAMBI_0403_chrm01_circ_3560450	PS_Ct_r03_2017_06_26_L001	3	0.4832	0.0110	1.0000
HAMBI_0403_chrm01_circ_3560450	PS_Ct_r03_2017_07_24_L001	3	0.5122	0.0097	1.0000
HAMBI_0403_chrm01_circ_3560450	PS_Ct_r03_2017_08_21_L001	3	0.3491	0.0099	1.0000
HAMBI_0403_chrm01_circ_3647008	PS_Ct_r03_2015_08_24_L001	3	0.0000	0.0000	1.0000
HAMBI_0403_chrm01_circ_3647008	PS_Ct_r03_2015_09_21_L001	3	0.0000	0.0000	1.0000
HAMBI_0403_chrm01_circ_3647008	PS_Ct_r03_2015_10_19_L001	3	0.0000	0.0000	1.0000
HAMBI_0403_chrm01_circ_3647008	PS_Ct_r03_2015_11_16_L002	3	0.0000	0.0000	1.0000
HAMBI_0403_chrm01_circ_3647008	PS_Ct_r03_2015_12_14_L002	3	0.0000	0.0000	1.0000
HAMBI_0403_chrm01_circ_3647008	PS_Ct_r03_2016_01_11_L001	3	0.0000	0.0000	1.0000
HAMBI_0403_chrm01_circ_3647008	PS_Ct_r03_2016_02_08_L001	3	0.0000	0.0000	1.0000
HAMBI_0403_chrm01_circ_3647008	PS_Ct_r03_2016_03_07_L001	3	0.0000	0.0000	1.0000
HAMBI_0403_chrm01_circ_3647008	PS_Ct_r03_2016_04_03_L001	3	0.0000	0.0000	1.0000
HAMBI_0403_chrm01_circ_3647008	PS_Ct_r03_2016_05_04_L001	3	0.0000	0.0000	1.0000
HAMBI_0403_chrm01_circ_3647008	PS_Ct_r03_2016_05_30_L001	3	0.0000	0.0000	1.0000
HAMBI_0403_chrm01_circ_3647008	PS_Ct_r03_2016_07_25_L003	3	0.0000	0.0000	1.0000
HAMBI_0403_chrm01_circ_3647008	PS_Ct_r03_2016_08_22_L003	3	0.0000	0.0000	1.0000
HAMBI_0403_chrm01_circ_3647008	PS_Ct_r03_2016_09_19_L003	3	0.0000	0.0000	1.0000
HAMBI_0403_chrm01_circ_3647008	PS_Ct_r03_2016_10_17_L001	3	0.0000	0.0000	1.0000
HAMBI_0403_chrm01_circ_3647008	PS_Ct_r03_2016_11_14_L001	3	0.0101	0.0000	1.0000
HAMBI_0403_chrm01_circ_3647008	PS_Ct_r03_2016_12_12_L001	3	0.0101	0.0001	1.0000
HAMBI_0403_chrm01_circ_3647008	PS_Ct_r03_2017_01_09_L001	3	0.0101	0.0000	1.0000
HAMBI_0403_chrm01_circ_3647008	PS_Ct_r03_2017_02_06_L001	3	0.0101	0.0001	1.0000
HAMBI_0403_chrm01_circ_3647008	PS_Ct_r03_2017_03_06_L001	3	0.0227	0.0048	1.0000
HAMBI_0403_chrm01_circ_3647008	PS_Ct_r03_2017_05_29_L001	3	0.3101	0.0105	1.0000
HAMBI_0403_chrm01_circ_3647008	PS_Ct_r03_2017_06_26_L001	3	0.4832	0.0110	1.0000
HAMBI_0403_chrm01_circ_3647008	PS_Ct_r03_2017_07_24_L001	3	0.5122	0.0097	1.0000
HAMBI_0403_chrm01_circ_3647008	PS_Ct_r03_2017_08_21_L001	3	0.3491	0.0099	1.0000
HAMBI_0403_chrm01_circ_4025698	PS_Ct_r03_2015_08_24_L001	3	0.0000	0.0000	0.9481
HAMBI_0403_chrm01_circ_4025698	PS_Ct_r03_2015_09_21_L001	3	0.0000	0.0000	0.9481
HAMBI_0403_chrm01_circ_4025698	PS_Ct_r03_2015_10_19_L001	3	0.0000	0.0000	0.9481
HAMBI_0403_chrm01_circ_4025698	PS_Ct_r03_2015_11_16_L002	3	0.0000	0.0000	0.9481
HAMBI_0403_chrm01_circ_4025698	PS_Ct_r03_2015_12_14_L002	3	0.0000	0.0000	0.9481
HAMBI_0403_chrm01_circ_4025698	PS_Ct_r03_2016_01_11_L001	3	0.0000	0.0000	0.9481
HAMBI_0403_chrm01_circ_4025698	PS_Ct_r03_2016_02_08_L001	3	0.0000	0.0000	0.9481
HAMBI_0403_chrm01_circ_4025698	PS_Ct_r03_2016_03_07_L001	3	0.0000	0.0000	0.9481
HAMBI_0403_chrm01_circ_4025698	PS_Ct_r03_2016_04_03_L001	3	0.0000	0.0000	0.9481
HAMBI_0403_chrm01_circ_4025698	PS_Ct_r03_2016_05_04_L001	3	0.0000	0.0000	0.9481
HAMBI_0403_chrm01_circ_4025698	PS_Ct_r03_2016_05_30_L001	3	0.0000	0.0000	0.9481
HAMBI_0403_chrm01_circ_4025698	PS_Ct_r03_2016_07_25_L003	3	0.0000	0.0000	0.9481
HAMBI_0403_chrm01_circ_4025698	PS_Ct_r03_2016_08_22_L003	3	0.0000	0.0000	0.9481
HAMBI_0403_chrm01_circ_4025698	PS_Ct_r03_2016_09_19_L003	3	0.0000	0.0000	0.9481
HAMBI_0403_chrm01_circ_4025698	PS_Ct_r03_2016_10_17_L001	3	0.0000	0.0000	0.9481
HAMBI_0403_chrm01_circ_4025698	PS_Ct_r03_2016_11_14_L001	3	0.0101	0.0000	0.9481
HAMBI_0403_chrm01_circ_4025698	PS_Ct_r03_2016_12_12_L001	3	0.0101	0.0001	0.9481
HAMBI_0403_chrm01_circ_4025698	PS_Ct_r03_2017_01_09_L001	3	0.0101	0.0000	0.9481
HAMBI_0403_chrm01_circ_4025698	PS_Ct_r03_2017_02_06_L001	3	0.0101	0.0001	0.9481
HAMBI_0403_chrm01_circ_4025698	PS_Ct_r03_2017_03_06_L001	3	0.0227	0.0048	0.9481
HAMBI_0403_chrm01_circ_4025698	PS_Ct_r03_2017_05_29_L001	3	0.3101	0.0105	0.9481
HAMBI_0403_chrm01_circ_4025698	PS_Ct_r03_2017_06_26_L001	3	0.4832	0.0110	0.9481
HAMBI_0403_chrm01_circ_4025698	PS_Ct_r03_2017_07_24_L001	3	0.5122	0.0097	0.9481
HAMBI_0403_chrm01_circ_4025698	PS_Ct_r03_2017_08_21_L001	3	0.3491	0.0099	0.9481
HAMBI_0403_chrm01_circ_4025700	PS_Ct_r03_2015_08_24_L001	3	0.0000	0.0000	1.0000
HAMBI_0403_chrm01_circ_4025700	PS_Ct_r03_2015_09_21_L001	3	0.0000	0.0000	1.0000
HAMBI_0403_chrm01_circ_4025700	PS_Ct_r03_2015_10_19_L001	3	0.0000	0.0000	1.0000
HAMBI_0403_chrm01_circ_4025700	PS_Ct_r03_2015_11_16_L002	3	0.0000	0.0000	1.0000
HAMBI_0403_chrm01_circ_4025700	PS_Ct_r03_2015_12_14_L002	3	0.0000	0.0000	1.0000
HAMBI_0403_chrm01_circ_4025700	PS_Ct_r03_2016_01_11_L001	3	0.0000	0.0000	1.0000
HAMBI_0403_chrm01_circ_4025700	PS_Ct_r03_2016_02_08_L001	3	0.0000	0.0000	1.0000
HAMBI_0403_chrm01_circ_4025700	PS_Ct_r03_2016_03_07_L001	3	0.0000	0.0000	1.0000
HAMBI_0403_chrm01_circ_4025700	PS_Ct_r03_2016_04_03_L001	3	0.0000	0.0000	1.0000
HAMBI_0403_chrm01_circ_4025700	PS_Ct_r03_2016_05_04_L001	3	0.0000	0.0000	1.0000
HAMBI_0403_chrm01_circ_4025700	PS_Ct_r03_2016_05_30_L001	3	0.0000	0.0000	1.0000
HAMBI_0403_chrm01_circ_4025700	PS_Ct_r03_2016_07_25_L003	3	0.0000	0.0000	1.0000
HAMBI_0403_chrm01_circ_4025700	PS_Ct_r03_2016_08_22_L003	3	0.0000	0.0000	1.0000
HAMBI_0403_chrm01_circ_4025700	PS_Ct_r03_2016_09_19_L003	3	0.0000	0.0000	1.0000
HAMBI_0403_chrm01_circ_4025700	PS_Ct_r03_2016_10_17_L001	3	0.0000	0.0000	1.0000
HAMBI_0403_chrm01_circ_4025700	PS_Ct_r03_2016_11_14_L001	3	0.0101	0.0000	1.0000
HAMBI_0403_chrm01_circ_4025700	PS_Ct_r03_2016_12_12_L001	3	0.0101	0.0001	1.0000
HAMBI_0403_chrm01_circ_4025700	PS_Ct_r03_2017_01_09_L001	3	0.0101	0.0000	1.0000
HAMBI_0403_chrm01_circ_4025700	PS_Ct_r03_2017_02_06_L001	3	0.0101	0.0001	1.0000
HAMBI_0403_chrm01_circ_4025700	PS_Ct_r03_2017_03_06_L001	3	0.0227	0.0048	1.0000
HAMBI_0403_chrm01_circ_4025700	PS_Ct_r03_2017_05_29_L001	3	0.3101	0.0105	1.0000
HAMBI_0403_chrm01_circ_4025700	PS_Ct_r03_2017_06_26_L001	3	0.4832	0.0110	1.0000
HAMBI_0403_chrm01_circ_4025700	PS_Ct_r03_2017_07_24_L001	3	0.5122	0.0097	1.0000
HAMBI_0403_chrm01_circ_4025700	PS_Ct_r03_2017_08_21_L001	3	0.3491	0.0099	1.0000
HAMBI_0403_chrm01_circ_4111761	PS_Ct_r03_2015_08_24_L001	3	0.0000	0.0000	1.0000
HAMBI_0403_chrm01_circ_4111761	PS_Ct_r03_2015_09_21_L001	3	0.0000	0.0000	1.0000
HAMBI_0403_chrm01_circ_4111761	PS_Ct_r03_2015_10_19_L001	3	0.0000	0.0000	1.0000
HAMBI_0403_chrm01_circ_4111761	PS_Ct_r03_2015_11_16_L002	3	0.0000	0.0000	1.0000
HAMBI_0403_chrm01_circ_4111761	PS_Ct_r03_2015_12_14_L002	3	0.0000	0.0000	1.0000
HAMBI_0403_chrm01_circ_4111761	PS_Ct_r03_2016_01_11_L001	3	0.0000	0.0000	1.0000
HAMBI_0403_chrm01_circ_4111761	PS_Ct_r03_2016_02_08_L001	3	0.0000	0.0000	1.0000
HAMBI_0403_chrm01_circ_4111761	PS_Ct_r03_2016_03_07_L001	3	0.0000	0.0000	1.0000
HAMBI_0403_chrm01_circ_4111761	PS_Ct_r03_2016_04_03_L001	3	0.0000	0.0000	1.0000
HAMBI_0403_chrm01_circ_4111761	PS_Ct_r03_2016_05_04_L001	3	0.0000	0.0000	1.0000
HAMBI_0403_chrm01_circ_4111761	PS_Ct_r03_2016_05_30_L001	3	0.0000	0.0000	1.0000
HAMBI_0403_chrm01_circ_4111761	PS_Ct_r03_2016_07_25_L003	3	0.0000	0.0000	1.0000
HAMBI_0403_chrm01_circ_4111761	PS_Ct_r03_2016_08_22_L003	3	0.0000	0.0000	1.0000
HAMBI_0403_chrm01_circ_4111761	PS_Ct_r03_2016_09_19_L003	3	0.0000	0.0000	1.0000
HAMBI_0403_chrm01_circ_4111761	PS_Ct_r03_2016_10_17_L001	3	0.0000	0.0000	1.0000
HAMBI_0403_chrm01_circ_4111761	PS_Ct_r03_2016_11_14_L001	3	0.0101	0.0000	1.0000
HAMBI_0403_chrm01_circ_4111761	PS_Ct_r03_2016_12_12_L001	3	0.0101	0.0001	1.0000
HAMBI_0403_chrm01_circ_4111761	PS_Ct_r03_2017_01_09_L001	3	0.0101	0.0000	1.0000
HAMBI_0403_chrm01_circ_4111761	PS_Ct_r03_2017_02_06_L001	3	0.0101	0.0001	1.0000
HAMBI_0403_chrm01_circ_4111761	PS_Ct_r03_2017_03_06_L001	3	0.0227	0.0048	1.0000
HAMBI_0403_chrm01_circ_4111761	PS_Ct_r03_2017_05_29_L001	3	0.3101	0.0105	1.0000
HAMBI_0403_chrm01_circ_4111761	PS_Ct_r03_2017_06_26_L001	3	0.4832	0.0110	1.0000
HAMBI_0403_chrm01_circ_4111761	PS_Ct_r03_2017_07_24_L001	3	0.5122	0.0097	1.0000
HAMBI_0403_chrm01_circ_4111761	PS_Ct_r03_2017_08_21_L001	3	0.3491	0.0099	1.0000
HAMBI_0403_chrm01_circ_4332767	PS_Ct_r03_2015_08_24_L001	3	0.0000	0.0000	1.0000
HAMBI_0403_chrm01_circ_4332767	PS_Ct_r03_2015_09_21_L001	3	0.0000	0.0000	1.0000
HAMBI_0403_chrm01_circ_4332767	PS_Ct_r03_2015_10_19_L001	3	0.0000	0.0000	1.0000
HAMBI_0403_chrm01_circ_4332767	PS_Ct_r03_2015_11_16_L002	3	0.0000	0.0000	1.0000
HAMBI_0403_chrm01_circ_4332767	PS_Ct_r03_2015_12_14_L002	3	0.0000	0.0000	1.0000
HAMBI_0403_chrm01_circ_4332767	PS_Ct_r03_2016_01_11_L001	3	0.0000	0.0000	1.0000
HAMBI_0403_chrm01_circ_4332767	PS_Ct_r03_2016_02_08_L001	3	0.0000	0.0000	1.0000
HAMBI_0403_chrm01_circ_4332767	PS_Ct_r03_2016_03_07_L001	3	0.0000	0.0000	1.0000
HAMBI_0403_chrm01_circ_4332767	PS_Ct_r03_2016_04_03_L001	3	0.0000	0.0000	1.0000
HAMBI_0403_chrm01_circ_4332767	PS_Ct_r03_2016_05_04_L001	3	0.0000	0.0000	1.0000
HAMBI_0403_chrm01_circ_4332767	PS_Ct_r03_2016_05_30_L001	3	0.0000	0.0000	1.0000
HAMBI_0403_chrm01_circ_4332767	PS_Ct_r03_2016_07_25_L003	3	0.0000	0.0000	1.0000
HAMBI_0403_chrm01_circ_4332767	PS_Ct_r03_2016_08_22_L003	3	0.0000	0.0000	1.0000
HAMBI_0403_chrm01_circ_4332767	PS_Ct_r03_2016_09_19_L003	3	0.0000	0.0000	1.0000
HAMBI_0403_chrm01_circ_4332767	PS_Ct_r03_2016_10_17_L001	3	0.0000	0.0000	1.0000
HAMBI_0403_chrm01_circ_4332767	PS_Ct_r03_2016_11_14_L001	3	0.0101	0.0000	1.0000
HAMBI_0403_chrm01_circ_4332767	PS_Ct_r03_2016_12_12_L001	3	0.0101	0.0001	1.0000
HAMBI_0403_chrm01_circ_4332767	PS_Ct_r03_2017_01_09_L001	3	0.0101	0.0000	1.0000
HAMBI_0403_chrm01_circ_4332767	PS_Ct_r03_2017_02_06_L001	3	0.0101	0.0001	1.0000
HAMBI_0403_chrm01_circ_4332767	PS_Ct_r03_2017_03_06_L001	3	0.0227	0.0048	1.0000
HAMBI_0403_chrm01_circ_4332767	PS_Ct_r03_2017_05_29_L001	3	0.3101	0.0105	1.0000
HAMBI_0403_chrm01_circ_4332767	PS_Ct_r03_2017_06_26_L001	3	0.4832	0.0110	1.0000
HAMBI_0403_chrm01_circ_4332767	PS_Ct_r03_2017_07_24_L001	3	0.5122	0.0097	1.0000
HAMBI_0403_chrm01_circ_4332767	PS_Ct_r03_2017_08_21_L001	3	0.3491	0.0099	1.0000
HAMBI_0403_chrm01_circ_4384070	PS_Ct_r03_2015_08_24_L001	3	0.0000	0.0000	1.0000
HAMBI_0403_chrm01_circ_4384070	PS_Ct_r03_2015_09_21_L001	3	0.0000	0.0000	1.0000
HAMBI_0403_chrm01_circ_4384070	PS_Ct_r03_2015_10_19_L001	3	0.0000	0.0000	1.0000
HAMBI_0403_chrm01_circ_4384070	PS_Ct_r03_2015_11_16_L002	3	0.0000	0.0000	1.0000
HAMBI_0403_chrm01_circ_4384070	PS_Ct_r03_2015_12_14_L002	3	0.0000	0.0000	1.0000
HAMBI_0403_chrm01_circ_4384070	PS_Ct_r03_2016_01_11_L001	3	0.0000	0.0000	1.0000
HAMBI_0403_chrm01_circ_4384070	PS_Ct_r03_2016_02_08_L001	3	0.0000	0.0000	1.0000
HAMBI_0403_chrm01_circ_4384070	PS_Ct_r03_2016_03_07_L001	3	0.0000	0.0000	1.0000
HAMBI_0403_chrm01_circ_4384070	PS_Ct_r03_2016_04_03_L001	3	0.0000	0.0000	1.0000
HAMBI_0403_chrm01_circ_4384070	PS_Ct_r03_2016_05_04_L001	3	0.0000	0.0000	1.0000
HAMBI_0403_chrm01_circ_4384070	PS_Ct_r03_2016_05_30_L001	3	0.0000	0.0000	1.0000
HAMBI_0403_chrm01_circ_4384070	PS_Ct_r03_2016_07_25_L003	3	0.0000	0.0000	1.0000
HAMBI_0403_chrm01_circ_4384070	PS_Ct_r03_2016_08_22_L003	3	0.0000	0.0000	1.0000
HAMBI_0403_chrm01_circ_4384070	PS_Ct_r03_2016_09_19_L003	3	0.0000	0.0000	1.0000
HAMBI_0403_chrm01_circ_4384070	PS_Ct_r03_2016_10_17_L001	3	0.0000	0.0000	1.0000
HAMBI_0403_chrm01_circ_4384070	PS_Ct_r03_2016_11_14_L001	3	0.0101	0.0000	1.0000
HAMBI_0403_chrm01_circ_4384070	PS_Ct_r03_2016_12_12_L001	3	0.0101	0.0001	1.0000
HAMBI_0403_chrm01_circ_4384070	PS_Ct_r03_2017_01_09_L001	3	0.0101	0.0000	1.0000
HAMBI_0403_chrm01_circ_4384070	PS_Ct_r03_2017_02_06_L001	3	0.0101	0.0001	1.0000
HAMBI_0403_chrm01_circ_4384070	PS_Ct_r03_2017_03_06_L001	3	0.0227	0.0048	1.0000
HAMBI_0403_chrm01_circ_4384070	PS_Ct_r03_2017_05_29_L001	3	0.3101	0.0105	1.0000
HAMBI_0403_chrm01_circ_4384070	PS_Ct_r03_2017_06_26_L001	3	0.4832	0.0110	1.0000
HAMBI_0403_chrm01_circ_4384070	PS_Ct_r03_2017_07_24_L001	3	0.5122	0.0097	1.0000
HAMBI_0403_chrm01_circ_4384070	PS_Ct_r03_2017_08_21_L001	3	0.3491	0.0099	1.0000
HAMBI_0403_chrm01_circ_5041374	PS_Ct_r03_2015_08_24_L001	3	0.0000	0.0000	1.0000
HAMBI_0403_chrm01_circ_5041374	PS_Ct_r03_2015_09_21_L001	3	0.0000	0.0000	1.0000
HAMBI_0403_chrm01_circ_5041374	PS_Ct_r03_2015_10_19_L001	3	0.0000	0.0000	1.0000
HAMBI_0403_chrm01_circ_5041374	PS_Ct_r03_2015_11_16_L002	3	0.0000	0.0000	1.0000
HAMBI_0403_chrm01_circ_5041374	PS_Ct_r03_2015_12_14_L002	3	0.0000	0.0000	1.0000
HAMBI_0403_chrm01_circ_5041374	PS_Ct_r03_2016_01_11_L001	3	0.0000	0.0000	1.0000
HAMBI_0403_chrm01_circ_5041374	PS_Ct_r03_2016_02_08_L001	3	0.0000	0.0000	1.0000
HAMBI_0403_chrm01_circ_5041374	PS_Ct_r03_2016_03_07_L001	3	0.0000	0.0000	1.0000
HAMBI_0403_chrm01_circ_5041374	PS_Ct_r03_2016_04_03_L001	3	0.0000	0.0000	1.0000
HAMBI_0403_chrm01_circ_5041374	PS_Ct_r03_2016_05_04_L001	3	0.0000	0.0000	1.0000
HAMBI_0403_chrm01_circ_5041374	PS_Ct_r03_2016_05_30_L001	3	0.0000	0.0000	1.0000
HAMBI_0403_chrm01_circ_5041374	PS_Ct_r03_2016_07_25_L003	3	0.0000	0.0000	1.0000
HAMBI_0403_chrm01_circ_5041374	PS_Ct_r03_2016_08_22_L003	3	0.0000	0.0000	1.0000
HAMBI_0403_chrm01_circ_5041374	PS_Ct_r03_2016_09_19_L003	3	0.0000	0.0000	1.0000
HAMBI_0403_chrm01_circ_5041374	PS_Ct_r03_2016_10_17_L001	3	0.0000	0.0000	1.0000
HAMBI_0403_chrm01_circ_5041374	PS_Ct_r03_2016_11_14_L001	3	0.0101	0.0000	1.0000
HAMBI_0403_chrm01_circ_5041374	PS_Ct_r03_2016_12_12_L001	3	0.0101	0.0001	1.0000
HAMBI_0403_chrm01_circ_5041374	PS_Ct_r03_2017_01_09_L001	3	0.0101	0.0000	1.0000
HAMBI_0403_chrm01_circ_5041374	PS_Ct_r03_2017_02_06_L001	3	0.0101	0.0001	1.0000
HAMBI_0403_chrm01_circ_5041374	PS_Ct_r03_2017_03_06_L001	3	0.0227	0.0048	1.0000
HAMBI_0403_chrm01_circ_5041374	PS_Ct_r03_2017_05_29_L001	3	0.3101	0.0105	1.0000
HAMBI_0403_chrm01_circ_5041374	PS_Ct_r03_2017_06_26_L001	3	0.4832	0.0110	1.0000
HAMBI_0403_chrm01_circ_5041374	PS_Ct_r03_2017_07_24_L001	3	0.5122	0.0097	1.0000
HAMBI_0403_chrm01_circ_5041374	PS_Ct_r03_2017_08_21_L001	3	0.3491	0.0099	1.0000
HAMBI_0403_chrm01_circ_5102598	PS_Ct_r03_2015_08_24_L001	3	0.0000	0.0000	1.0000
HAMBI_0403_chrm01_circ_5102598	PS_Ct_r03_2015_09_21_L001	3	0.0000	0.0000	1.0000
HAMBI_0403_chrm01_circ_5102598	PS_Ct_r03_2015_10_19_L001	3	0.0000	0.0000	1.0000
HAMBI_0403_chrm01_circ_5102598	PS_Ct_r03_2015_11_16_L002	3	0.0000	0.0000	1.0000
HAMBI_0403_chrm01_circ_5102598	PS_Ct_r03_2015_12_14_L002	3	0.0000	0.0000	1.0000
HAMBI_0403_chrm01_circ_5102598	PS_Ct_r03_2016_01_11_L001	3	0.0000	0.0000	1.0000
HAMBI_0403_chrm01_circ_5102598	PS_Ct_r03_2016_02_08_L001	3	0.0000	0.0000	1.0000
HAMBI_0403_chrm01_circ_5102598	PS_Ct_r03_2016_03_07_L001	3	0.0000	0.0000	1.0000
HAMBI_0403_chrm01_circ_5102598	PS_Ct_r03_2016_04_03_L001	3	0.0000	0.0000	1.0000
HAMBI_0403_chrm01_circ_5102598	PS_Ct_r03_2016_05_04_L001	3	0.0000	0.0000	1.0000
HAMBI_0403_chrm01_circ_5102598	PS_Ct_r03_2016_05_30_L001	3	0.0000	0.0000	1.0000
HAMBI_0403_chrm01_circ_5102598	PS_Ct_r03_2016_07_25_L003	3	0.0000	0.0000	1.0000
HAMBI_0403_chrm01_circ_5102598	PS_Ct_r03_2016_08_22_L003	3	0.0000	0.0000	1.0000
HAMBI_0403_chrm01_circ_5102598	PS_Ct_r03_2016_09_19_L003	3	0.0000	0.0000	1.0000
HAMBI_0403_chrm01_circ_5102598	PS_Ct_r03_2016_10_17_L001	3	0.0000	0.0000	1.0000
HAMBI_0403_chrm01_circ_5102598	PS_Ct_r03_2016_11_14_L001	3	0.0101	0.0000	1.0000
HAMBI_0403_chrm01_circ_5102598	PS_Ct_r03_2016_12_12_L001	3	0.0101	0.0001	1.0000
HAMBI_0403_chrm01_circ_5102598	PS_Ct_r03_2017_01_09_L001	3	0.0101	0.0000	1.0000
HAMBI_0403_chrm01_circ_5102598	PS_Ct_r03_2017_02_06_L001	3	0.0101	0.0001	1.0000
HAMBI_0403_chrm01_circ_5102598	PS_Ct_r03_2017_03_06_L001	3	0.0227	0.0048	1.0000
HAMBI_0403_chrm01_circ_5102598	PS_Ct_r03_2017_05_29_L001	3	0.3101	0.0105	1.0000
HAMBI_0403_chrm01_circ_5102598	PS_Ct_r03_2017_06_26_L001	3	0.4832	0.0110	1.0000
HAMBI_0403_chrm01_circ_5102598	PS_Ct_r03_2017_07_24_L001	3	0.5122	0.0097	1.0000
HAMBI_0403_chrm01_circ_5102598	PS_Ct_r03_2017_08_21_L001	3	0.3491	0.0099	1.0000
HAMBI_0403_chrm01_circ_5369259	PS_Ct_r03_2015_08_24_L001	3	0.0000	0.0000	1.0000
HAMBI_0403_chrm01_circ_5369259	PS_Ct_r03_2015_09_21_L001	3	0.0000	0.0000	1.0000
HAMBI_0403_chrm01_circ_5369259	PS_Ct_r03_2015_10_19_L001	3	0.0000	0.0000	1.0000
HAMBI_0403_chrm01_circ_5369259	PS_Ct_r03_2015_11_16_L002	3	0.0000	0.0000	1.0000
HAMBI_0403_chrm01_circ_5369259	PS_Ct_r03_2015_12_14_L002	3	0.0000	0.0000	1.0000
HAMBI_0403_chrm01_circ_5369259	PS_Ct_r03_2016_01_11_L001	3	0.0000	0.0000	1.0000
HAMBI_0403_chrm01_circ_5369259	PS_Ct_r03_2016_02_08_L001	3	0.0000	0.0000	1.0000
HAMBI_0403_chrm01_circ_5369259	PS_Ct_r03_2016_03_07_L001	3	0.0000	0.0000	1.0000
HAMBI_0403_chrm01_circ_5369259	PS_Ct_r03_2016_04_03_L001	3	0.0000	0.0000	1.0000
HAMBI_0403_chrm01_circ_5369259	PS_Ct_r03_2016_05_04_L001	3	0.0000	0.0000	1.0000
HAMBI_0403_chrm01_circ_5369259	PS_Ct_r03_2016_05_30_L001	3	0.0000	0.0000	1.0000
HAMBI_0403_chrm01_circ_5369259	PS_Ct_r03_2016_07_25_L003	3	0.0000	0.0000	1.0000
HAMBI_0403_chrm01_circ_5369259	PS_Ct_r03_2016_08_22_L003	3	0.0000	0.0000	1.0000
HAMBI_0403_chrm01_circ_5369259	PS_Ct_r03_2016_09_19_L003	3	0.0000	0.0000	1.0000
HAMBI_0403_chrm01_circ_5369259	PS_Ct_r03_2016_10_17_L001	3	0.0000	0.0000	1.0000
HAMBI_0403_chrm01_circ_5369259	PS_Ct_r03_2016_11_14_L001	3	0.0101	0.0000	1.0000
HAMBI_0403_chrm01_circ_5369259	PS_Ct_r03_2016_12_12_L001	3	0.0101	0.0001	1.0000
HAMBI_0403_chrm01_circ_5369259	PS_Ct_r03_2017_01_09_L001	3	0.0101	0.0000	1.0000
HAMBI_0403_chrm01_circ_5369259	PS_Ct_r03_2017_02_06_L001	3	0.0101	0.0001	1.0000
HAMBI_0403_chrm01_circ_5369259	PS_Ct_r03_2017_03_06_L001	3	0.0227	0.0048	1.0000
HAMBI_0403_chrm01_circ_5369259	PS_Ct_r03_2017_05_29_L001	3	0.3101	0.0105	1.0000
HAMBI_0403_chrm01_circ_5369259	PS_Ct_r03_2017_06_26_L001	3	0.4832	0.0110	1.0000
HAMBI_0403_chrm01_circ_5369259	PS_Ct_r03_2017_07_24_L001	3	0.5122	0.0097	1.0000
HAMBI_0403_chrm01_circ_5369259	PS_Ct_r03_2017_08_21_L001	3	0.3491	0.0099	1.0000
HAMBI_0403_chrm01_circ_693893	PS_Ct_r03_2015_08_24_L001	3	0.0000	0.0000	1.0000
HAMBI_0403_chrm01_circ_693893	PS_Ct_r03_2015_09_21_L001	3	0.0000	0.0000	1.0000
HAMBI_0403_chrm01_circ_693893	PS_Ct_r03_2015_10_19_L001	3	0.0000	0.0000	1.0000
HAMBI_0403_chrm01_circ_693893	PS_Ct_r03_2015_11_16_L002	3	0.0000	0.0000	1.0000
HAMBI_0403_chrm01_circ_693893	PS_Ct_r03_2015_12_14_L002	3	0.0000	0.0000	1.0000
HAMBI_0403_chrm01_circ_693893	PS_Ct_r03_2016_01_11_L001	3	0.0000	0.0000	1.0000
HAMBI_0403_chrm01_circ_693893	PS_Ct_r03_2016_02_08_L001	3	0.0000	0.0000	1.0000
HAMBI_0403_chrm01_circ_693893	PS_Ct_r03_2016_03_07_L001	3	0.0000	0.0000	1.0000
HAMBI_0403_chrm01_circ_693893	PS_Ct_r03_2016_04_03_L001	3	0.0000	0.0000	1.0000
HAMBI_0403_chrm01_circ_693893	PS_Ct_r03_2016_05_04_L001	3	0.0000	0.0000	1.0000
HAMBI_0403_chrm01_circ_693893	PS_Ct_r03_2016_05_30_L001	3	0.0000	0.0000	1.0000
HAMBI_0403_chrm01_circ_693893	PS_Ct_r03_2016_07_25_L003	3	0.0000	0.0000	1.0000
HAMBI_0403_chrm01_circ_693893	PS_Ct_r03_2016_08_22_L003	3	0.0000	0.0000	1.0000
HAMBI_0403_chrm01_circ_693893	PS_Ct_r03_2016_09_19_L003	3	0.0000	0.0000	1.0000
HAMBI_0403_chrm01_circ_693893	PS_Ct_r03_2016_10_17_L001	3	0.0000	0.0000	1.0000
HAMBI_0403_chrm01_circ_693893	PS_Ct_r03_2016_11_14_L001	3	0.0101	0.0000	1.0000
HAMBI_0403_chrm01_circ_693893	PS_Ct_r03_2016_12_12_L001	3	0.0101	0.0001	1.0000
HAMBI_0403_chrm01_circ_693893	PS_Ct_r03_2017_01_09_L001	3	0.0101	0.0000	1.0000
HAMBI_0403_chrm01_circ_693893	PS_Ct_r03_2017_02_06_L001	3	0.0101	0.0001	1.0000
HAMBI_0403_chrm01_circ_693893	PS_Ct_r03_2017_03_06_L001	3	0.0227	0.0048	1.0000
HAMBI_0403_chrm01_circ_693893	PS_Ct_r03_2017_05_29_L001	3	0.3101	0.0105	1.0000
HAMBI_0403_chrm01_circ_693893	PS_Ct_r03_2017_06_26_L001	3	0.4832	0.0110	1.0000
HAMBI_0403_chrm01_circ_693893	PS_Ct_r03_2017_07_24_L001	3	0.5122	0.0097	1.0000
HAMBI_0403_chrm01_circ_693893	PS_Ct_r03_2017_08_21_L001	3	0.3491	0.0099	1.0000
HAMBI_0403_chrm01_circ_70627	PS_Ct_r03_2015_08_24_L001	3	0.0000	0.0000	1.0000
HAMBI_0403_chrm01_circ_70627	PS_Ct_r03_2015_09_21_L001	3	0.0000	0.0000	1.0000
HAMBI_0403_chrm01_circ_70627	PS_Ct_r03_2015_10_19_L001	3	0.0000	0.0000	1.0000
HAMBI_0403_chrm01_circ_70627	PS_Ct_r03_2015_11_16_L002	3	0.0000	0.0000	1.0000
HAMBI_0403_chrm01_circ_70627	PS_Ct_r03_2015_12_14_L002	3	0.0000	0.0000	1.0000
HAMBI_0403_chrm01_circ_70627	PS_Ct_r03_2016_01_11_L001	3	0.0000	0.0000	1.0000
HAMBI_0403_chrm01_circ_70627	PS_Ct_r03_2016_02_08_L001	3	0.0000	0.0000	1.0000
HAMBI_0403_chrm01_circ_70627	PS_Ct_r03_2016_03_07_L001	3	0.0000	0.0000	1.0000
HAMBI_0403_chrm01_circ_70627	PS_Ct_r03_2016_04_03_L001	3	0.0000	0.0000	1.0000
HAMBI_0403_chrm01_circ_70627	PS_Ct_r03_2016_05_04_L001	3	0.0000	0.0000	1.0000
HAMBI_0403_chrm01_circ_70627	PS_Ct_r03_2016_05_30_L001	3	0.0000	0.0000	1.0000
HAMBI_0403_chrm01_circ_70627	PS_Ct_r03_2016_07_25_L003	3	0.0000	0.0000	1.0000
HAMBI_0403_chrm01_circ_70627	PS_Ct_r03_2016_08_22_L003	3	0.0000	0.0000	1.0000
HAMBI_0403_chrm01_circ_70627	PS_Ct_r03_2016_09_19_L003	3	0.0000	0.0000	1.0000
HAMBI_0403_chrm01_circ_70627	PS_Ct_r03_2016_10_17_L001	3	0.0000	0.0000	1.0000
HAMBI_0403_chrm01_circ_70627	PS_Ct_r03_2016_11_14_L001	3	0.0101	0.0000	1.0000
HAMBI_0403_chrm01_circ_70627	PS_Ct_r03_2016_12_12_L001	3	0.0101	0.0001	1.0000
HAMBI_0403_chrm01_circ_70627	PS_Ct_r03_2017_01_09_L001	3	0.0101	0.0000	1.0000
HAMBI_0403_chrm01_circ_70627	PS_Ct_r03_2017_02_06_L001	3	0.0101	0.0001	1.0000
HAMBI_0403_chrm01_circ_70627	PS_Ct_r03_2017_03_06_L001	3	0.0227	0.0048	1.0000
HAMBI_0403_chrm01_circ_70627	PS_Ct_r03_2017_05_29_L001	3	0.3101	0.0105	1.0000
HAMBI_0403_chrm01_circ_70627	PS_Ct_r03_2017_06_26_L001	3	0.4832	0.0110	1.0000
HAMBI_0403_chrm01_circ_70627	PS_Ct_r03_2017_07_24_L001	3	0.5122	0.0097	1.0000
HAMBI_0403_chrm01_circ_70627	PS_Ct_r03_2017_08_21_L001	3	0.3491	0.0099	1.0000
HAMBI_0403_chrm01_circ_790661	PS_Ct_r03_2015_08_24_L001	3	0.0000	0.0000	1.0000
HAMBI_0403_chrm01_circ_790661	PS_Ct_r03_2015_09_21_L001	3	0.0000	0.0000	1.0000
HAMBI_0403_chrm01_circ_790661	PS_Ct_r03_2015_10_19_L001	3	0.0000	0.0000	1.0000
HAMBI_0403_chrm01_circ_790661	PS_Ct_r03_2015_11_16_L002	3	0.0000	0.0000	1.0000
HAMBI_0403_chrm01_circ_790661	PS_Ct_r03_2015_12_14_L002	3	0.0000	0.0000	1.0000
HAMBI_0403_chrm01_circ_790661	PS_Ct_r03_2016_01_11_L001	3	0.0000	0.0000	1.0000
HAMBI_0403_chrm01_circ_790661	PS_Ct_r03_2016_02_08_L001	3	0.0000	0.0000	1.0000
HAMBI_0403_chrm01_circ_790661	PS_Ct_r03_2016_03_07_L001	3	0.0000	0.0000	1.0000
HAMBI_0403_chrm01_circ_790661	PS_Ct_r03_2016_04_03_L001	3	0.0000	0.0000	1.0000
HAMBI_0403_chrm01_circ_790661	PS_Ct_r03_2016_05_04_L001	3	0.0000	0.0000	1.0000
HAMBI_0403_chrm01_circ_790661	PS_Ct_r03_2016_05_30_L001	3	0.0000	0.0000	1.0000
HAMBI_0403_chrm01_circ_790661	PS_Ct_r03_2016_07_25_L003	3	0.0000	0.0000	1.0000
HAMBI_0403_chrm01_circ_790661	PS_Ct_r03_2016_08_22_L003	3	0.0000	0.0000	1.0000
HAMBI_0403_chrm01_circ_790661	PS_Ct_r03_2016_09_19_L003	3	0.0000	0.0000	1.0000
HAMBI_0403_chrm01_circ_790661	PS_Ct_r03_2016_10_17_L001	3	0.0000	0.0000	1.0000
HAMBI_0403_chrm01_circ_790661	PS_Ct_r03_2016_11_14_L001	3	0.0101	0.0000	1.0000
HAMBI_0403_chrm01_circ_790661	PS_Ct_r03_2016_12_12_L001	3	0.0101	0.0001	1.0000
HAMBI_0403_chrm01_circ_790661	PS_Ct_r03_2017_01_09_L001	3	0.0101	0.0000	1.0000
HAMBI_0403_chrm01_circ_790661	PS_Ct_r03_2017_02_06_L001	3	0.0101	0.0001	1.0000
HAMBI_0403_chrm01_circ_790661	PS_Ct_r03_2017_03_06_L001	3	0.0227	0.0048	1.0000
HAMBI_0403_chrm01_circ_790661	PS_Ct_r03_2017_05_29_L001	3	0.3101	0.0105	1.0000
HAMBI_0403_chrm01_circ_790661	PS_Ct_r03_2017_06_26_L001	3	0.4832	0.0110	1.0000
HAMBI_0403_chrm01_circ_790661	PS_Ct_r03_2017_07_24_L001	3	0.5122	0.0097	1.0000
HAMBI_0403_chrm01_circ_790661	PS_Ct_r03_2017_08_21_L001	3	0.3491	0.0099	1.0000
HAMBI_0403_chrm01_circ_823961	PS_Ct_r03_2015_08_24_L001	3	0.0000	0.0000	1.0000
HAMBI_0403_chrm01_circ_823961	PS_Ct_r03_2015_09_21_L001	3	0.0000	0.0000	1.0000
HAMBI_0403_chrm01_circ_823961	PS_Ct_r03_2015_10_19_L001	3	0.0000	0.0000	1.0000
HAMBI_0403_chrm01_circ_823961	PS_Ct_r03_2015_11_16_L002	3	0.0000	0.0000	1.0000
HAMBI_0403_chrm01_circ_823961	PS_Ct_r03_2015_12_14_L002	3	0.0000	0.0000	1.0000
HAMBI_0403_chrm01_circ_823961	PS_Ct_r03_2016_01_11_L001	3	0.0000	0.0000	1.0000
HAMBI_0403_chrm01_circ_823961	PS_Ct_r03_2016_02_08_L001	3	0.0000	0.0000	1.0000
HAMBI_0403_chrm01_circ_823961	PS_Ct_r03_2016_03_07_L001	3	0.0000	0.0000	1.0000
HAMBI_0403_chrm01_circ_823961	PS_Ct_r03_2016_04_03_L001	3	0.0000	0.0000	1.0000
HAMBI_0403_chrm01_circ_823961	PS_Ct_r03_2016_05_04_L001	3	0.0000	0.0000	1.0000
HAMBI_0403_chrm01_circ_823961	PS_Ct_r03_2016_05_30_L001	3	0.0000	0.0000	1.0000
HAMBI_0403_chrm01_circ_823961	PS_Ct_r03_2016_07_25_L003	3	0.0000	0.0000	1.0000
HAMBI_0403_chrm01_circ_823961	PS_Ct_r03_2016_08_22_L003	3	0.0000	0.0000	1.0000
HAMBI_0403_chrm01_circ_823961	PS_Ct_r03_2016_09_19_L003	3	0.0000	0.0000	1.0000
HAMBI_0403_chrm01_circ_823961	PS_Ct_r03_2016_10_17_L001	3	0.0000	0.0000	1.0000
HAMBI_0403_chrm01_circ_823961	PS_Ct_r03_2016_11_14_L001	3	0.0101	0.0000	1.0000
HAMBI_0403_chrm01_circ_823961	PS_Ct_r03_2016_12_12_L001	3	0.0101	0.0001	1.0000
HAMBI_0403_chrm01_circ_823961	PS_Ct_r03_2017_01_09_L001	3	0.0101	0.0000	1.0000
HAMBI_0403_chrm01_circ_823961	PS_Ct_r03_2017_02_06_L001	3	0.0101	0.0001	1.0000
HAMBI_0403_chrm01_circ_823961	PS_Ct_r03_2017_03_06_L001	3	0.0227	0.0048	1.0000
HAMBI_0403_chrm01_circ_823961	PS_Ct_r03_2017_05_29_L001	3	0.3101	0.0105	1.0000
HAMBI_0403_chrm01_circ_823961	PS_Ct_r03_2017_06_26_L001	3	0.4832	0.0110	1.0000
HAMBI_0403_chrm01_circ_823961	PS_Ct_r03_2017_07_24_L001	3	0.5122	0.0097	1.0000
HAMBI_0403_chrm01_circ_823961	PS_Ct_r03_2017_08_21_L001	3	0.3491	0.0099	1.0000
HAMBI_0403_chrm01_circ_99696	PS_Ct_r03_2015_08_24_L001	3	0.0000	0.0000	1.0000
HAMBI_0403_chrm01_circ_99696	PS_Ct_r03_2015_09_21_L001	3	0.0000	0.0000	1.0000
HAMBI_0403_chrm01_circ_99696	PS_Ct_r03_2015_10_19_L001	3	0.0000	0.0000	1.0000
HAMBI_0403_chrm01_circ_99696	PS_Ct_r03_2015_11_16_L002	3	0.0000	0.0000	1.0000
HAMBI_0403_chrm01_circ_99696	PS_Ct_r03_2015_12_14_L002	3	0.0000	0.0000	1.0000
HAMBI_0403_chrm01_circ_99696	PS_Ct_r03_2016_01_11_L001	3	0.0000	0.0000	1.0000
HAMBI_0403_chrm01_circ_99696	PS_Ct_r03_2016_02_08_L001	3	0.0000	0.0000	1.0000
HAMBI_0403_chrm01_circ_99696	PS_Ct_r03_2016_03_07_L001	3	0.0000	0.0000	1.0000
HAMBI_0403_chrm01_circ_99696	PS_Ct_r03_2016_04_03_L001	3	0.0000	0.0000	1.0000
HAMBI_0403_chrm01_circ_99696	PS_Ct_r03_2016_05_04_L001	3	0.0000	0.0000	1.0000
HAMBI_0403_chrm01_circ_99696	PS_Ct_r03_2016_05_30_L001	3	0.0000	0.0000	1.0000
HAMBI_0403_chrm01_circ_99696	PS_Ct_r03_2016_07_25_L003	3	0.0000	0.0000	1.0000
HAMBI_0403_chrm01_circ_99696	PS_Ct_r03_2016_08_22_L003	3	0.0000	0.0000	1.0000
HAMBI_0403_chrm01_circ_99696	PS_Ct_r03_2016_09_19_L003	3	0.0000	0.0000	1.0000
HAMBI_0403_chrm01_circ_99696	PS_Ct_r03_2016_10_17_L001	3	0.0000	0.0000	1.0000
HAMBI_0403_chrm01_circ_99696	PS_Ct_r03_2016_11_14_L001	3	0.0101	0.0000	1.0000
HAMBI_0403_chrm01_circ_99696	PS_Ct_r03_2016_12_12_L001	3	0.0101	0.0001	1.0000
HAMBI_0403_chrm01_circ_99696	PS_Ct_r03_2017_01_09_L001	3	0.0101	0.0000	1.0000
HAMBI_0403_chrm01_circ_99696	PS_Ct_r03_2017_02_06_L001	3	0.0101	0.0001	1.0000
HAMBI_0403_chrm01_circ_99696	PS_Ct_r03_2017_03_06_L001	3	0.0227	0.0048	1.0000
HAMBI_0403_chrm01_circ_99696	PS_Ct_r03_2017_05_29_L001	3	0.3101	0.0105	1.0000
HAMBI_0403_chrm01_circ_99696	PS_Ct_r03_2017_06_26_L001	3	0.4832	0.0110	1.0000
HAMBI_0403_chrm01_circ_99696	PS_Ct_r03_2017_07_24_L001	3	0.5122	0.0097	1.0000
HAMBI_0403_chrm01_circ_99696	PS_Ct_r03_2017_08_21_L001	3	0.3491	0.0099	1.0000
HAMBI_0403_chrm01_circ_1191667	PS_Ct_r03_2015_08_24_L001	4	0.0000	0.0000	1.0000
HAMBI_0403_chrm01_circ_1191667	PS_Ct_r03_2015_09_21_L001	4	0.0000	0.0000	1.0000
HAMBI_0403_chrm01_circ_1191667	PS_Ct_r03_2015_10_19_L001	4	0.0000	0.0000	1.0000
HAMBI_0403_chrm01_circ_1191667	PS_Ct_r03_2015_11_16_L002	4	0.0000	0.0000	1.0000
HAMBI_0403_chrm01_circ_1191667	PS_Ct_r03_2015_12_14_L002	4	0.0000	0.0000	1.0000
HAMBI_0403_chrm01_circ_1191667	PS_Ct_r03_2016_01_11_L001	4	0.0000	0.0000	1.0000
HAMBI_0403_chrm01_circ_1191667	PS_Ct_r03_2016_02_08_L001	4	0.0000	0.0000	1.0000
HAMBI_0403_chrm01_circ_1191667	PS_Ct_r03_2016_03_07_L001	4	0.0000	0.0000	1.0000
HAMBI_0403_chrm01_circ_1191667	PS_Ct_r03_2016_04_03_L001	4	0.0000	0.0000	1.0000
HAMBI_0403_chrm01_circ_1191667	PS_Ct_r03_2016_05_04_L001	4	0.0000	0.0000	1.0000
HAMBI_0403_chrm01_circ_1191667	PS_Ct_r03_2016_05_30_L001	4	0.0000	0.0000	1.0000
HAMBI_0403_chrm01_circ_1191667	PS_Ct_r03_2016_07_25_L003	4	0.0000	0.0000	1.0000
HAMBI_0403_chrm01_circ_1191667	PS_Ct_r03_2016_08_22_L003	4	0.0000	0.0000	1.0000
HAMBI_0403_chrm01_circ_1191667	PS_Ct_r03_2016_09_19_L003	4	0.0000	0.0000	1.0000
HAMBI_0403_chrm01_circ_1191667	PS_Ct_r03_2016_10_17_L001	4	0.0000	0.0000	1.0000
HAMBI_0403_chrm01_circ_1191667	PS_Ct_r03_2016_11_14_L001	4	0.0101	0.0005	1.0000
HAMBI_0403_chrm01_circ_1191667	PS_Ct_r03_2016_12_12_L001	4	0.0179	0.0043	1.0000
HAMBI_0403_chrm01_circ_1191667	PS_Ct_r03_2017_01_09_L001	4	0.0292	0.0032	1.0000
HAMBI_0403_chrm01_circ_1191667	PS_Ct_r03_2017_02_06_L001	4	0.0307	0.0031	1.0000
HAMBI_0403_chrm01_circ_1191667	PS_Ct_r03_2017_03_06_L001	4	0.1463	0.0143	1.0000
HAMBI_0403_chrm01_circ_1191667	PS_Ct_r03_2017_05_29_L001	4	0.5309	0.0136	1.0000
HAMBI_0403_chrm01_circ_1191667	PS_Ct_r03_2017_06_26_L001	4	0.1891	0.0106	1.0000
HAMBI_0403_chrm01_circ_1191667	PS_Ct_r03_2017_07_24_L001	4	0.1187	0.0080	1.0000
HAMBI_0403_chrm01_circ_1191667	PS_Ct_r03_2017_08_21_L001	4	0.1027	0.0080	1.0000
HAMBI_0403_chrm01_circ_1449135	PS_Ct_r03_2015_08_24_L001	4	0.0000	0.0000	1.0000
HAMBI_0403_chrm01_circ_1449135	PS_Ct_r03_2015_09_21_L001	4	0.0000	0.0000	1.0000
HAMBI_0403_chrm01_circ_1449135	PS_Ct_r03_2015_10_19_L001	4	0.0000	0.0000	1.0000
HAMBI_0403_chrm01_circ_1449135	PS_Ct_r03_2015_11_16_L002	4	0.0000	0.0000	1.0000
HAMBI_0403_chrm01_circ_1449135	PS_Ct_r03_2015_12_14_L002	4	0.0000	0.0000	1.0000
HAMBI_0403_chrm01_circ_1449135	PS_Ct_r03_2016_01_11_L001	4	0.0000	0.0000	1.0000
HAMBI_0403_chrm01_circ_1449135	PS_Ct_r03_2016_02_08_L001	4	0.0000	0.0000	1.0000
HAMBI_0403_chrm01_circ_1449135	PS_Ct_r03_2016_03_07_L001	4	0.0000	0.0000	1.0000
HAMBI_0403_chrm01_circ_1449135	PS_Ct_r03_2016_04_03_L001	4	0.0000	0.0000	1.0000
HAMBI_0403_chrm01_circ_1449135	PS_Ct_r03_2016_05_04_L001	4	0.0000	0.0000	1.0000
HAMBI_0403_chrm01_circ_1449135	PS_Ct_r03_2016_05_30_L001	4	0.0000	0.0000	1.0000
HAMBI_0403_chrm01_circ_1449135	PS_Ct_r03_2016_07_25_L003	4	0.0000	0.0000	1.0000
HAMBI_0403_chrm01_circ_1449135	PS_Ct_r03_2016_08_22_L003	4	0.0000	0.0000	1.0000
HAMBI_0403_chrm01_circ_1449135	PS_Ct_r03_2016_09_19_L003	4	0.0000	0.0000	1.0000
HAMBI_0403_chrm01_circ_1449135	PS_Ct_r03_2016_10_17_L001	4	0.0000	0.0000	1.0000
HAMBI_0403_chrm01_circ_1449135	PS_Ct_r03_2016_11_14_L001	4	0.0101	0.0005	1.0000
HAMBI_0403_chrm01_circ_1449135	PS_Ct_r03_2016_12_12_L001	4	0.0179	0.0043	1.0000
HAMBI_0403_chrm01_circ_1449135	PS_Ct_r03_2017_01_09_L001	4	0.0292	0.0032	1.0000
HAMBI_0403_chrm01_circ_1449135	PS_Ct_r03_2017_02_06_L001	4	0.0307	0.0031	1.0000
HAMBI_0403_chrm01_circ_1449135	PS_Ct_r03_2017_03_06_L001	4	0.1463	0.0143	1.0000
HAMBI_0403_chrm01_circ_1449135	PS_Ct_r03_2017_05_29_L001	4	0.5309	0.0136	1.0000
HAMBI_0403_chrm01_circ_1449135	PS_Ct_r03_2017_06_26_L001	4	0.1891	0.0106	1.0000
HAMBI_0403_chrm01_circ_1449135	PS_Ct_r03_2017_07_24_L001	4	0.1187	0.0080	1.0000
HAMBI_0403_chrm01_circ_1449135	PS_Ct_r03_2017_08_21_L001	4	0.1027	0.0080	1.0000
HAMBI_0403_chrm01_circ_161831	PS_Ct_r03_2015_08_24_L001	4	0.0000	0.0000	1.0000
HAMBI_0403_chrm01_circ_161831	PS_Ct_r03_2015_09_21_L001	4	0.0000	0.0000	1.0000
HAMBI_0403_chrm01_circ_161831	PS_Ct_r03_2015_10_19_L001	4	0.0000	0.0000	1.0000
HAMBI_0403_chrm01_circ_161831	PS_Ct_r03_2015_11_16_L002	4	0.0000	0.0000	1.0000
HAMBI_0403_chrm01_circ_161831	PS_Ct_r03_2015_12_14_L002	4	0.0000	0.0000	1.0000
HAMBI_0403_chrm01_circ_161831	PS_Ct_r03_2016_01_11_L001	4	0.0000	0.0000	1.0000
HAMBI_0403_chrm01_circ_161831	PS_Ct_r03_2016_02_08_L001	4	0.0000	0.0000	1.0000
HAMBI_0403_chrm01_circ_161831	PS_Ct_r03_2016_03_07_L001	4	0.0000	0.0000	1.0000
HAMBI_0403_chrm01_circ_161831	PS_Ct_r03_2016_04_03_L001	4	0.0000	0.0000	1.0000
HAMBI_0403_chrm01_circ_161831	PS_Ct_r03_2016_05_04_L001	4	0.0000	0.0000	1.0000
HAMBI_0403_chrm01_circ_161831	PS_Ct_r03_2016_05_30_L001	4	0.0000	0.0000	1.0000
HAMBI_0403_chrm01_circ_161831	PS_Ct_r03_2016_07_25_L003	4	0.0000	0.0000	1.0000
HAMBI_0403_chrm01_circ_161831	PS_Ct_r03_2016_08_22_L003	4	0.0000	0.0000	1.0000
HAMBI_0403_chrm01_circ_161831	PS_Ct_r03_2016_09_19_L003	4	0.0000	0.0000	1.0000
HAMBI_0403_chrm01_circ_161831	PS_Ct_r03_2016_10_17_L001	4	0.0000	0.0000	1.0000
HAMBI_0403_chrm01_circ_161831	PS_Ct_r03_2016_11_14_L001	4	0.0101	0.0005	1.0000
HAMBI_0403_chrm01_circ_161831	PS_Ct_r03_2016_12_12_L001	4	0.0179	0.0043	1.0000
HAMBI_0403_chrm01_circ_161831	PS_Ct_r03_2017_01_09_L001	4	0.0292	0.0032	1.0000
HAMBI_0403_chrm01_circ_161831	PS_Ct_r03_2017_02_06_L001	4	0.0307	0.0031	1.0000
HAMBI_0403_chrm01_circ_161831	PS_Ct_r03_2017_03_06_L001	4	0.1463	0.0143	1.0000
HAMBI_0403_chrm01_circ_161831	PS_Ct_r03_2017_05_29_L001	4	0.5309	0.0136	1.0000
HAMBI_0403_chrm01_circ_161831	PS_Ct_r03_2017_06_26_L001	4	0.1891	0.0106	1.0000
HAMBI_0403_chrm01_circ_161831	PS_Ct_r03_2017_07_24_L001	4	0.1187	0.0080	1.0000
HAMBI_0403_chrm01_circ_161831	PS_Ct_r03_2017_08_21_L001	4	0.1027	0.0080	1.0000
HAMBI_0403_chrm01_circ_203280	PS_Ct_r03_2015_08_24_L001	4	0.0000	0.0000	1.0000
HAMBI_0403_chrm01_circ_203280	PS_Ct_r03_2015_09_21_L001	4	0.0000	0.0000	1.0000
HAMBI_0403_chrm01_circ_203280	PS_Ct_r03_2015_10_19_L001	4	0.0000	0.0000	1.0000
HAMBI_0403_chrm01_circ_203280	PS_Ct_r03_2015_11_16_L002	4	0.0000	0.0000	1.0000
HAMBI_0403_chrm01_circ_203280	PS_Ct_r03_2015_12_14_L002	4	0.0000	0.0000	1.0000
HAMBI_0403_chrm01_circ_203280	PS_Ct_r03_2016_01_11_L001	4	0.0000	0.0000	1.0000
HAMBI_0403_chrm01_circ_203280	PS_Ct_r03_2016_02_08_L001	4	0.0000	0.0000	1.0000
HAMBI_0403_chrm01_circ_203280	PS_Ct_r03_2016_03_07_L001	4	0.0000	0.0000	1.0000
HAMBI_0403_chrm01_circ_203280	PS_Ct_r03_2016_04_03_L001	4	0.0000	0.0000	1.0000
HAMBI_0403_chrm01_circ_203280	PS_Ct_r03_2016_05_04_L001	4	0.0000	0.0000	1.0000
HAMBI_0403_chrm01_circ_203280	PS_Ct_r03_2016_05_30_L001	4	0.0000	0.0000	1.0000
HAMBI_0403_chrm01_circ_203280	PS_Ct_r03_2016_07_25_L003	4	0.0000	0.0000	1.0000
HAMBI_0403_chrm01_circ_203280	PS_Ct_r03_2016_08_22_L003	4	0.0000	0.0000	1.0000
HAMBI_0403_chrm01_circ_203280	PS_Ct_r03_2016_09_19_L003	4	0.0000	0.0000	1.0000
HAMBI_0403_chrm01_circ_203280	PS_Ct_r03_2016_10_17_L001	4	0.0000	0.0000	1.0000
HAMBI_0403_chrm01_circ_203280	PS_Ct_r03_2016_11_14_L001	4	0.0101	0.0005	1.0000
HAMBI_0403_chrm01_circ_203280	PS_Ct_r03_2016_12_12_L001	4	0.0179	0.0043	1.0000
HAMBI_0403_chrm01_circ_203280	PS_Ct_r03_2017_01_09_L001	4	0.0292	0.0032	1.0000
HAMBI_0403_chrm01_circ_203280	PS_Ct_r03_2017_02_06_L001	4	0.0307	0.0031	1.0000
HAMBI_0403_chrm01_circ_203280	PS_Ct_r03_2017_03_06_L001	4	0.1463	0.0143	1.0000
HAMBI_0403_chrm01_circ_203280	PS_Ct_r03_2017_05_29_L001	4	0.5309	0.0136	1.0000
HAMBI_0403_chrm01_circ_203280	PS_Ct_r03_2017_06_26_L001	4	0.1891	0.0106	1.0000
HAMBI_0403_chrm01_circ_203280	PS_Ct_r03_2017_07_24_L001	4	0.1187	0.0080	1.0000
HAMBI_0403_chrm01_circ_203280	PS_Ct_r03_2017_08_21_L001	4	0.1027	0.0080	1.0000
HAMBI_0403_chrm01_circ_2047425	PS_Ct_r03_2015_08_24_L001	4	0.0000	0.0000	1.0000
HAMBI_0403_chrm01_circ_2047425	PS_Ct_r03_2015_09_21_L001	4	0.0000	0.0000	1.0000
HAMBI_0403_chrm01_circ_2047425	PS_Ct_r03_2015_10_19_L001	4	0.0000	0.0000	1.0000
HAMBI_0403_chrm01_circ_2047425	PS_Ct_r03_2015_11_16_L002	4	0.0000	0.0000	1.0000
HAMBI_0403_chrm01_circ_2047425	PS_Ct_r03_2015_12_14_L002	4	0.0000	0.0000	1.0000
HAMBI_0403_chrm01_circ_2047425	PS_Ct_r03_2016_01_11_L001	4	0.0000	0.0000	1.0000
HAMBI_0403_chrm01_circ_2047425	PS_Ct_r03_2016_02_08_L001	4	0.0000	0.0000	1.0000
HAMBI_0403_chrm01_circ_2047425	PS_Ct_r03_2016_03_07_L001	4	0.0000	0.0000	1.0000
HAMBI_0403_chrm01_circ_2047425	PS_Ct_r03_2016_04_03_L001	4	0.0000	0.0000	1.0000
HAMBI_0403_chrm01_circ_2047425	PS_Ct_r03_2016_05_04_L001	4	0.0000	0.0000	1.0000
HAMBI_0403_chrm01_circ_2047425	PS_Ct_r03_2016_05_30_L001	4	0.0000	0.0000	1.0000
HAMBI_0403_chrm01_circ_2047425	PS_Ct_r03_2016_07_25_L003	4	0.0000	0.0000	1.0000
HAMBI_0403_chrm01_circ_2047425	PS_Ct_r03_2016_08_22_L003	4	0.0000	0.0000	1.0000
HAMBI_0403_chrm01_circ_2047425	PS_Ct_r03_2016_09_19_L003	4	0.0000	0.0000	1.0000
HAMBI_0403_chrm01_circ_2047425	PS_Ct_r03_2016_10_17_L001	4	0.0000	0.0000	1.0000
HAMBI_0403_chrm01_circ_2047425	PS_Ct_r03_2016_11_14_L001	4	0.0101	0.0005	1.0000
HAMBI_0403_chrm01_circ_2047425	PS_Ct_r03_2016_12_12_L001	4	0.0179	0.0043	1.0000
HAMBI_0403_chrm01_circ_2047425	PS_Ct_r03_2017_01_09_L001	4	0.0292	0.0032	1.0000
HAMBI_0403_chrm01_circ_2047425	PS_Ct_r03_2017_02_06_L001	4	0.0307	0.0031	1.0000
HAMBI_0403_chrm01_circ_2047425	PS_Ct_r03_2017_03_06_L001	4	0.1463	0.0143	1.0000
HAMBI_0403_chrm01_circ_2047425	PS_Ct_r03_2017_05_29_L001	4	0.5309	0.0136	1.0000
HAMBI_0403_chrm01_circ_2047425	PS_Ct_r03_2017_06_26_L001	4	0.1891	0.0106	1.0000
HAMBI_0403_chrm01_circ_2047425	PS_Ct_r03_2017_07_24_L001	4	0.1187	0.0080	1.0000
HAMBI_0403_chrm01_circ_2047425	PS_Ct_r03_2017_08_21_L001	4	0.1027	0.0080	1.0000
HAMBI_0403_chrm01_circ_2107547	PS_Ct_r03_2015_08_24_L001	4	0.0000	0.0000	1.0000
HAMBI_0403_chrm01_circ_2107547	PS_Ct_r03_2015_09_21_L001	4	0.0000	0.0000	1.0000
HAMBI_0403_chrm01_circ_2107547	PS_Ct_r03_2015_10_19_L001	4	0.0000	0.0000	1.0000
HAMBI_0403_chrm01_circ_2107547	PS_Ct_r03_2015_11_16_L002	4	0.0000	0.0000	1.0000
HAMBI_0403_chrm01_circ_2107547	PS_Ct_r03_2015_12_14_L002	4	0.0000	0.0000	1.0000
HAMBI_0403_chrm01_circ_2107547	PS_Ct_r03_2016_01_11_L001	4	0.0000	0.0000	1.0000
HAMBI_0403_chrm01_circ_2107547	PS_Ct_r03_2016_02_08_L001	4	0.0000	0.0000	1.0000
HAMBI_0403_chrm01_circ_2107547	PS_Ct_r03_2016_03_07_L001	4	0.0000	0.0000	1.0000
HAMBI_0403_chrm01_circ_2107547	PS_Ct_r03_2016_04_03_L001	4	0.0000	0.0000	1.0000
HAMBI_0403_chrm01_circ_2107547	PS_Ct_r03_2016_05_04_L001	4	0.0000	0.0000	1.0000
HAMBI_0403_chrm01_circ_2107547	PS_Ct_r03_2016_05_30_L001	4	0.0000	0.0000	1.0000
HAMBI_0403_chrm01_circ_2107547	PS_Ct_r03_2016_07_25_L003	4	0.0000	0.0000	1.0000
HAMBI_0403_chrm01_circ_2107547	PS_Ct_r03_2016_08_22_L003	4	0.0000	0.0000	1.0000
HAMBI_0403_chrm01_circ_2107547	PS_Ct_r03_2016_09_19_L003	4	0.0000	0.0000	1.0000
HAMBI_0403_chrm01_circ_2107547	PS_Ct_r03_2016_10_17_L001	4	0.0000	0.0000	1.0000
HAMBI_0403_chrm01_circ_2107547	PS_Ct_r03_2016_11_14_L001	4	0.0101	0.0005	1.0000
HAMBI_0403_chrm01_circ_2107547	PS_Ct_r03_2016_12_12_L001	4	0.0179	0.0043	1.0000
HAMBI_0403_chrm01_circ_2107547	PS_Ct_r03_2017_01_09_L001	4	0.0292	0.0032	1.0000
HAMBI_0403_chrm01_circ_2107547	PS_Ct_r03_2017_02_06_L001	4	0.0307	0.0031	1.0000
HAMBI_0403_chrm01_circ_2107547	PS_Ct_r03_2017_03_06_L001	4	0.1463	0.0143	1.0000
HAMBI_0403_chrm01_circ_2107547	PS_Ct_r03_2017_05_29_L001	4	0.5309	0.0136	1.0000
HAMBI_0403_chrm01_circ_2107547	PS_Ct_r03_2017_06_26_L001	4	0.1891	0.0106	1.0000
HAMBI_0403_chrm01_circ_2107547	PS_Ct_r03_2017_07_24_L001	4	0.1187	0.0080	1.0000
HAMBI_0403_chrm01_circ_2107547	PS_Ct_r03_2017_08_21_L001	4	0.1027	0.0080	1.0000
HAMBI_0403_chrm01_circ_2326138	PS_Ct_r03_2015_08_24_L001	4	0.0000	0.0000	1.0000
HAMBI_0403_chrm01_circ_2326138	PS_Ct_r03_2015_09_21_L001	4	0.0000	0.0000	1.0000
HAMBI_0403_chrm01_circ_2326138	PS_Ct_r03_2015_10_19_L001	4	0.0000	0.0000	1.0000
HAMBI_0403_chrm01_circ_2326138	PS_Ct_r03_2015_11_16_L002	4	0.0000	0.0000	1.0000
HAMBI_0403_chrm01_circ_2326138	PS_Ct_r03_2015_12_14_L002	4	0.0000	0.0000	1.0000
HAMBI_0403_chrm01_circ_2326138	PS_Ct_r03_2016_01_11_L001	4	0.0000	0.0000	1.0000
HAMBI_0403_chrm01_circ_2326138	PS_Ct_r03_2016_02_08_L001	4	0.0000	0.0000	1.0000
HAMBI_0403_chrm01_circ_2326138	PS_Ct_r03_2016_03_07_L001	4	0.0000	0.0000	1.0000
HAMBI_0403_chrm01_circ_2326138	PS_Ct_r03_2016_04_03_L001	4	0.0000	0.0000	1.0000
HAMBI_0403_chrm01_circ_2326138	PS_Ct_r03_2016_05_04_L001	4	0.0000	0.0000	1.0000
HAMBI_0403_chrm01_circ_2326138	PS_Ct_r03_2016_05_30_L001	4	0.0000	0.0000	1.0000
HAMBI_0403_chrm01_circ_2326138	PS_Ct_r03_2016_07_25_L003	4	0.0000	0.0000	1.0000
HAMBI_0403_chrm01_circ_2326138	PS_Ct_r03_2016_08_22_L003	4	0.0000	0.0000	1.0000
HAMBI_0403_chrm01_circ_2326138	PS_Ct_r03_2016_09_19_L003	4	0.0000	0.0000	1.0000
HAMBI_0403_chrm01_circ_2326138	PS_Ct_r03_2016_10_17_L001	4	0.0000	0.0000	1.0000
HAMBI_0403_chrm01_circ_2326138	PS_Ct_r03_2016_11_14_L001	4	0.0101	0.0005	1.0000
HAMBI_0403_chrm01_circ_2326138	PS_Ct_r03_2016_12_12_L001	4	0.0179	0.0043	1.0000
HAMBI_0403_chrm01_circ_2326138	PS_Ct_r03_2017_01_09_L001	4	0.0292	0.0032	1.0000
HAMBI_0403_chrm01_circ_2326138	PS_Ct_r03_2017_02_06_L001	4	0.0307	0.0031	1.0000
HAMBI_0403_chrm01_circ_2326138	PS_Ct_r03_2017_03_06_L001	4	0.1463	0.0143	1.0000
HAMBI_0403_chrm01_circ_2326138	PS_Ct_r03_2017_05_29_L001	4	0.5309	0.0136	1.0000
HAMBI_0403_chrm01_circ_2326138	PS_Ct_r03_2017_06_26_L001	4	0.1891	0.0106	1.0000
HAMBI_0403_chrm01_circ_2326138	PS_Ct_r03_2017_07_24_L001	4	0.1187	0.0080	1.0000
HAMBI_0403_chrm01_circ_2326138	PS_Ct_r03_2017_08_21_L001	4	0.1027	0.0080	1.0000
HAMBI_0403_chrm01_circ_2515857	PS_Ct_r03_2015_08_24_L001	4	0.0000	0.0000	1.0000
HAMBI_0403_chrm01_circ_2515857	PS_Ct_r03_2015_09_21_L001	4	0.0000	0.0000	1.0000
HAMBI_0403_chrm01_circ_2515857	PS_Ct_r03_2015_10_19_L001	4	0.0000	0.0000	1.0000
HAMBI_0403_chrm01_circ_2515857	PS_Ct_r03_2015_11_16_L002	4	0.0000	0.0000	1.0000
HAMBI_0403_chrm01_circ_2515857	PS_Ct_r03_2015_12_14_L002	4	0.0000	0.0000	1.0000
HAMBI_0403_chrm01_circ_2515857	PS_Ct_r03_2016_01_11_L001	4	0.0000	0.0000	1.0000
HAMBI_0403_chrm01_circ_2515857	PS_Ct_r03_2016_02_08_L001	4	0.0000	0.0000	1.0000
HAMBI_0403_chrm01_circ_2515857	PS_Ct_r03_2016_03_07_L001	4	0.0000	0.0000	1.0000
HAMBI_0403_chrm01_circ_2515857	PS_Ct_r03_2016_04_03_L001	4	0.0000	0.0000	1.0000
HAMBI_0403_chrm01_circ_2515857	PS_Ct_r03_2016_05_04_L001	4	0.0000	0.0000	1.0000
HAMBI_0403_chrm01_circ_2515857	PS_Ct_r03_2016_05_30_L001	4	0.0000	0.0000	1.0000
HAMBI_0403_chrm01_circ_2515857	PS_Ct_r03_2016_07_25_L003	4	0.0000	0.0000	1.0000
HAMBI_0403_chrm01_circ_2515857	PS_Ct_r03_2016_08_22_L003	4	0.0000	0.0000	1.0000
HAMBI_0403_chrm01_circ_2515857	PS_Ct_r03_2016_09_19_L003	4	0.0000	0.0000	1.0000
HAMBI_0403_chrm01_circ_2515857	PS_Ct_r03_2016_10_17_L001	4	0.0000	0.0000	1.0000
HAMBI_0403_chrm01_circ_2515857	PS_Ct_r03_2016_11_14_L001	4	0.0101	0.0005	1.0000
HAMBI_0403_chrm01_circ_2515857	PS_Ct_r03_2016_12_12_L001	4	0.0179	0.0043	1.0000
HAMBI_0403_chrm01_circ_2515857	PS_Ct_r03_2017_01_09_L001	4	0.0292	0.0032	1.0000
HAMBI_0403_chrm01_circ_2515857	PS_Ct_r03_2017_02_06_L001	4	0.0307	0.0031	1.0000
HAMBI_0403_chrm01_circ_2515857	PS_Ct_r03_2017_03_06_L001	4	0.1463	0.0143	1.0000
HAMBI_0403_chrm01_circ_2515857	PS_Ct_r03_2017_05_29_L001	4	0.5309	0.0136	1.0000
HAMBI_0403_chrm01_circ_2515857	PS_Ct_r03_2017_06_26_L001	4	0.1891	0.0106	1.0000
HAMBI_0403_chrm01_circ_2515857	PS_Ct_r03_2017_07_24_L001	4	0.1187	0.0080	1.0000
HAMBI_0403_chrm01_circ_2515857	PS_Ct_r03_2017_08_21_L001	4	0.1027	0.0080	1.0000
HAMBI_0403_chrm01_circ_2888794	PS_Ct_r03_2015_08_24_L001	4	0.0000	0.0000	1.0000
HAMBI_0403_chrm01_circ_2888794	PS_Ct_r03_2015_09_21_L001	4	0.0000	0.0000	1.0000
HAMBI_0403_chrm01_circ_2888794	PS_Ct_r03_2015_10_19_L001	4	0.0000	0.0000	1.0000
HAMBI_0403_chrm01_circ_2888794	PS_Ct_r03_2015_11_16_L002	4	0.0000	0.0000	1.0000
HAMBI_0403_chrm01_circ_2888794	PS_Ct_r03_2015_12_14_L002	4	0.0000	0.0000	1.0000
HAMBI_0403_chrm01_circ_2888794	PS_Ct_r03_2016_01_11_L001	4	0.0000	0.0000	1.0000
HAMBI_0403_chrm01_circ_2888794	PS_Ct_r03_2016_02_08_L001	4	0.0000	0.0000	1.0000
HAMBI_0403_chrm01_circ_2888794	PS_Ct_r03_2016_03_07_L001	4	0.0000	0.0000	1.0000
HAMBI_0403_chrm01_circ_2888794	PS_Ct_r03_2016_04_03_L001	4	0.0000	0.0000	1.0000
HAMBI_0403_chrm01_circ_2888794	PS_Ct_r03_2016_05_04_L001	4	0.0000	0.0000	1.0000
HAMBI_0403_chrm01_circ_2888794	PS_Ct_r03_2016_05_30_L001	4	0.0000	0.0000	1.0000
HAMBI_0403_chrm01_circ_2888794	PS_Ct_r03_2016_07_25_L003	4	0.0000	0.0000	1.0000
HAMBI_0403_chrm01_circ_2888794	PS_Ct_r03_2016_08_22_L003	4	0.0000	0.0000	1.0000
HAMBI_0403_chrm01_circ_2888794	PS_Ct_r03_2016_09_19_L003	4	0.0000	0.0000	1.0000
HAMBI_0403_chrm01_circ_2888794	PS_Ct_r03_2016_10_17_L001	4	0.0000	0.0000	1.0000
HAMBI_0403_chrm01_circ_2888794	PS_Ct_r03_2016_11_14_L001	4	0.0101	0.0005	1.0000
HAMBI_0403_chrm01_circ_2888794	PS_Ct_r03_2016_12_12_L001	4	0.0179	0.0043	1.0000
HAMBI_0403_chrm01_circ_2888794	PS_Ct_r03_2017_01_09_L001	4	0.0292	0.0032	1.0000
HAMBI_0403_chrm01_circ_2888794	PS_Ct_r03_2017_02_06_L001	4	0.0307	0.0031	1.0000
HAMBI_0403_chrm01_circ_2888794	PS_Ct_r03_2017_03_06_L001	4	0.1463	0.0143	1.0000
HAMBI_0403_chrm01_circ_2888794	PS_Ct_r03_2017_05_29_L001	4	0.5309	0.0136	1.0000
HAMBI_0403_chrm01_circ_2888794	PS_Ct_r03_2017_06_26_L001	4	0.1891	0.0106	1.0000
HAMBI_0403_chrm01_circ_2888794	PS_Ct_r03_2017_07_24_L001	4	0.1187	0.0080	1.0000
HAMBI_0403_chrm01_circ_2888794	PS_Ct_r03_2017_08_21_L001	4	0.1027	0.0080	1.0000
HAMBI_0403_chrm01_circ_3109922	PS_Ct_r03_2015_08_24_L001	4	0.0000	0.0000	1.0000
HAMBI_0403_chrm01_circ_3109922	PS_Ct_r03_2015_09_21_L001	4	0.0000	0.0000	1.0000
HAMBI_0403_chrm01_circ_3109922	PS_Ct_r03_2015_10_19_L001	4	0.0000	0.0000	1.0000
HAMBI_0403_chrm01_circ_3109922	PS_Ct_r03_2015_11_16_L002	4	0.0000	0.0000	1.0000
HAMBI_0403_chrm01_circ_3109922	PS_Ct_r03_2015_12_14_L002	4	0.0000	0.0000	1.0000
HAMBI_0403_chrm01_circ_3109922	PS_Ct_r03_2016_01_11_L001	4	0.0000	0.0000	1.0000
HAMBI_0403_chrm01_circ_3109922	PS_Ct_r03_2016_02_08_L001	4	0.0000	0.0000	1.0000
HAMBI_0403_chrm01_circ_3109922	PS_Ct_r03_2016_03_07_L001	4	0.0000	0.0000	1.0000
HAMBI_0403_chrm01_circ_3109922	PS_Ct_r03_2016_04_03_L001	4	0.0000	0.0000	1.0000
HAMBI_0403_chrm01_circ_3109922	PS_Ct_r03_2016_05_04_L001	4	0.0000	0.0000	1.0000
HAMBI_0403_chrm01_circ_3109922	PS_Ct_r03_2016_05_30_L001	4	0.0000	0.0000	1.0000
HAMBI_0403_chrm01_circ_3109922	PS_Ct_r03_2016_07_25_L003	4	0.0000	0.0000	1.0000
HAMBI_0403_chrm01_circ_3109922	PS_Ct_r03_2016_08_22_L003	4	0.0000	0.0000	1.0000
HAMBI_0403_chrm01_circ_3109922	PS_Ct_r03_2016_09_19_L003	4	0.0000	0.0000	1.0000
HAMBI_0403_chrm01_circ_3109922	PS_Ct_r03_2016_10_17_L001	4	0.0000	0.0000	1.0000
HAMBI_0403_chrm01_circ_3109922	PS_Ct_r03_2016_11_14_L001	4	0.0101	0.0005	1.0000
HAMBI_0403_chrm01_circ_3109922	PS_Ct_r03_2016_12_12_L001	4	0.0179	0.0043	1.0000
HAMBI_0403_chrm01_circ_3109922	PS_Ct_r03_2017_01_09_L001	4	0.0292	0.0032	1.0000
HAMBI_0403_chrm01_circ_3109922	PS_Ct_r03_2017_02_06_L001	4	0.0307	0.0031	1.0000
HAMBI_0403_chrm01_circ_3109922	PS_Ct_r03_2017_03_06_L001	4	0.1463	0.0143	1.0000
HAMBI_0403_chrm01_circ_3109922	PS_Ct_r03_2017_05_29_L001	4	0.5309	0.0136	1.0000
HAMBI_0403_chrm01_circ_3109922	PS_Ct_r03_2017_06_26_L001	4	0.1891	0.0106	1.0000
HAMBI_0403_chrm01_circ_3109922	PS_Ct_r03_2017_07_24_L001	4	0.1187	0.0080	1.0000
HAMBI_0403_chrm01_circ_3109922	PS_Ct_r03_2017_08_21_L001	4	0.1027	0.0080	1.0000
HAMBI_0403_chrm01_circ_3149518	PS_Ct_r03_2015_08_24_L001	4	0.0000	0.0000	1.0000
HAMBI_0403_chrm01_circ_3149518	PS_Ct_r03_2015_09_21_L001	4	0.0000	0.0000	1.0000
HAMBI_0403_chrm01_circ_3149518	PS_Ct_r03_2015_10_19_L001	4	0.0000	0.0000	1.0000
HAMBI_0403_chrm01_circ_3149518	PS_Ct_r03_2015_11_16_L002	4	0.0000	0.0000	1.0000
HAMBI_0403_chrm01_circ_3149518	PS_Ct_r03_2015_12_14_L002	4	0.0000	0.0000	1.0000
HAMBI_0403_chrm01_circ_3149518	PS_Ct_r03_2016_01_11_L001	4	0.0000	0.0000	1.0000
HAMBI_0403_chrm01_circ_3149518	PS_Ct_r03_2016_02_08_L001	4	0.0000	0.0000	1.0000
HAMBI_0403_chrm01_circ_3149518	PS_Ct_r03_2016_03_07_L001	4	0.0000	0.0000	1.0000
HAMBI_0403_chrm01_circ_3149518	PS_Ct_r03_2016_04_03_L001	4	0.0000	0.0000	1.0000
HAMBI_0403_chrm01_circ_3149518	PS_Ct_r03_2016_05_04_L001	4	0.0000	0.0000	1.0000
HAMBI_0403_chrm01_circ_3149518	PS_Ct_r03_2016_05_30_L001	4	0.0000	0.0000	1.0000
HAMBI_0403_chrm01_circ_3149518	PS_Ct_r03_2016_07_25_L003	4	0.0000	0.0000	1.0000
HAMBI_0403_chrm01_circ_3149518	PS_Ct_r03_2016_08_22_L003	4	0.0000	0.0000	1.0000
HAMBI_0403_chrm01_circ_3149518	PS_Ct_r03_2016_09_19_L003	4	0.0000	0.0000	1.0000
HAMBI_0403_chrm01_circ_3149518	PS_Ct_r03_2016_10_17_L001	4	0.0000	0.0000	1.0000
HAMBI_0403_chrm01_circ_3149518	PS_Ct_r03_2016_11_14_L001	4	0.0101	0.0005	1.0000
HAMBI_0403_chrm01_circ_3149518	PS_Ct_r03_2016_12_12_L001	4	0.0179	0.0043	1.0000
HAMBI_0403_chrm01_circ_3149518	PS_Ct_r03_2017_01_09_L001	4	0.0292	0.0032	1.0000
HAMBI_0403_chrm01_circ_3149518	PS_Ct_r03_2017_02_06_L001	4	0.0307	0.0031	1.0000
HAMBI_0403_chrm01_circ_3149518	PS_Ct_r03_2017_03_06_L001	4	0.1463	0.0143	1.0000
HAMBI_0403_chrm01_circ_3149518	PS_Ct_r03_2017_05_29_L001	4	0.5309	0.0136	1.0000
HAMBI_0403_chrm01_circ_3149518	PS_Ct_r03_2017_06_26_L001	4	0.1891	0.0106	1.0000
HAMBI_0403_chrm01_circ_3149518	PS_Ct_r03_2017_07_24_L001	4	0.1187	0.0080	1.0000
HAMBI_0403_chrm01_circ_3149518	PS_Ct_r03_2017_08_21_L001	4	0.1027	0.0080	1.0000
HAMBI_0403_chrm01_circ_3229165	PS_Ct_r03_2015_08_24_L001	4	0.0000	0.0000	1.0000
HAMBI_0403_chrm01_circ_3229165	PS_Ct_r03_2015_09_21_L001	4	0.0000	0.0000	1.0000
HAMBI_0403_chrm01_circ_3229165	PS_Ct_r03_2015_10_19_L001	4	0.0000	0.0000	1.0000
HAMBI_0403_chrm01_circ_3229165	PS_Ct_r03_2015_11_16_L002	4	0.0000	0.0000	1.0000
HAMBI_0403_chrm01_circ_3229165	PS_Ct_r03_2015_12_14_L002	4	0.0000	0.0000	1.0000
HAMBI_0403_chrm01_circ_3229165	PS_Ct_r03_2016_01_11_L001	4	0.0000	0.0000	1.0000
HAMBI_0403_chrm01_circ_3229165	PS_Ct_r03_2016_02_08_L001	4	0.0000	0.0000	1.0000
HAMBI_0403_chrm01_circ_3229165	PS_Ct_r03_2016_03_07_L001	4	0.0000	0.0000	1.0000
HAMBI_0403_chrm01_circ_3229165	PS_Ct_r03_2016_04_03_L001	4	0.0000	0.0000	1.0000
HAMBI_0403_chrm01_circ_3229165	PS_Ct_r03_2016_05_04_L001	4	0.0000	0.0000	1.0000
HAMBI_0403_chrm01_circ_3229165	PS_Ct_r03_2016_05_30_L001	4	0.0000	0.0000	1.0000
HAMBI_0403_chrm01_circ_3229165	PS_Ct_r03_2016_07_25_L003	4	0.0000	0.0000	1.0000
HAMBI_0403_chrm01_circ_3229165	PS_Ct_r03_2016_08_22_L003	4	0.0000	0.0000	1.0000
HAMBI_0403_chrm01_circ_3229165	PS_Ct_r03_2016_09_19_L003	4	0.0000	0.0000	1.0000
HAMBI_0403_chrm01_circ_3229165	PS_Ct_r03_2016_10_17_L001	4	0.0000	0.0000	1.0000
HAMBI_0403_chrm01_circ_3229165	PS_Ct_r03_2016_11_14_L001	4	0.0101	0.0005	1.0000
HAMBI_0403_chrm01_circ_3229165	PS_Ct_r03_2016_12_12_L001	4	0.0179	0.0043	1.0000
HAMBI_0403_chrm01_circ_3229165	PS_Ct_r03_2017_01_09_L001	4	0.0292	0.0032	1.0000
HAMBI_0403_chrm01_circ_3229165	PS_Ct_r03_2017_02_06_L001	4	0.0307	0.0031	1.0000
HAMBI_0403_chrm01_circ_3229165	PS_Ct_r03_2017_03_06_L001	4	0.1463	0.0143	1.0000
HAMBI_0403_chrm01_circ_3229165	PS_Ct_r03_2017_05_29_L001	4	0.5309	0.0136	1.0000
HAMBI_0403_chrm01_circ_3229165	PS_Ct_r03_2017_06_26_L001	4	0.1891	0.0106	1.0000
HAMBI_0403_chrm01_circ_3229165	PS_Ct_r03_2017_07_24_L001	4	0.1187	0.0080	1.0000
HAMBI_0403_chrm01_circ_3229165	PS_Ct_r03_2017_08_21_L001	4	0.1027	0.0080	1.0000
HAMBI_0403_chrm01_circ_338614	PS_Ct_r03_2015_08_24_L001	4	0.0000	0.0000	1.0000
HAMBI_0403_chrm01_circ_338614	PS_Ct_r03_2015_09_21_L001	4	0.0000	0.0000	1.0000
HAMBI_0403_chrm01_circ_338614	PS_Ct_r03_2015_10_19_L001	4	0.0000	0.0000	1.0000
HAMBI_0403_chrm01_circ_338614	PS_Ct_r03_2015_11_16_L002	4	0.0000	0.0000	1.0000
HAMBI_0403_chrm01_circ_338614	PS_Ct_r03_2015_12_14_L002	4	0.0000	0.0000	1.0000
HAMBI_0403_chrm01_circ_338614	PS_Ct_r03_2016_01_11_L001	4	0.0000	0.0000	1.0000
HAMBI_0403_chrm01_circ_338614	PS_Ct_r03_2016_02_08_L001	4	0.0000	0.0000	1.0000
HAMBI_0403_chrm01_circ_338614	PS_Ct_r03_2016_03_07_L001	4	0.0000	0.0000	1.0000
HAMBI_0403_chrm01_circ_338614	PS_Ct_r03_2016_04_03_L001	4	0.0000	0.0000	1.0000
HAMBI_0403_chrm01_circ_338614	PS_Ct_r03_2016_05_04_L001	4	0.0000	0.0000	1.0000
HAMBI_0403_chrm01_circ_338614	PS_Ct_r03_2016_05_30_L001	4	0.0000	0.0000	1.0000
HAMBI_0403_chrm01_circ_338614	PS_Ct_r03_2016_07_25_L003	4	0.0000	0.0000	1.0000
HAMBI_0403_chrm01_circ_338614	PS_Ct_r03_2016_08_22_L003	4	0.0000	0.0000	1.0000
HAMBI_0403_chrm01_circ_338614	PS_Ct_r03_2016_09_19_L003	4	0.0000	0.0000	1.0000
HAMBI_0403_chrm01_circ_338614	PS_Ct_r03_2016_10_17_L001	4	0.0000	0.0000	1.0000
HAMBI_0403_chrm01_circ_338614	PS_Ct_r03_2016_11_14_L001	4	0.0101	0.0005	1.0000
HAMBI_0403_chrm01_circ_338614	PS_Ct_r03_2016_12_12_L001	4	0.0179	0.0043	1.0000
HAMBI_0403_chrm01_circ_338614	PS_Ct_r03_2017_01_09_L001	4	0.0292	0.0032	1.0000
HAMBI_0403_chrm01_circ_338614	PS_Ct_r03_2017_02_06_L001	4	0.0307	0.0031	1.0000
HAMBI_0403_chrm01_circ_338614	PS_Ct_r03_2017_03_06_L001	4	0.1463	0.0143	1.0000
HAMBI_0403_chrm01_circ_338614	PS_Ct_r03_2017_05_29_L001	4	0.5309	0.0136	1.0000
HAMBI_0403_chrm01_circ_338614	PS_Ct_r03_2017_06_26_L001	4	0.1891	0.0106	1.0000
HAMBI_0403_chrm01_circ_338614	PS_Ct_r03_2017_07_24_L001	4	0.1187	0.0080	1.0000
HAMBI_0403_chrm01_circ_338614	PS_Ct_r03_2017_08_21_L001	4	0.1027	0.0080	1.0000
HAMBI_0403_chrm01_circ_3393687	PS_Ct_r03_2015_08_24_L001	4	0.0000	0.0000	1.0000
HAMBI_0403_chrm01_circ_3393687	PS_Ct_r03_2015_09_21_L001	4	0.0000	0.0000	1.0000
HAMBI_0403_chrm01_circ_3393687	PS_Ct_r03_2015_10_19_L001	4	0.0000	0.0000	1.0000
HAMBI_0403_chrm01_circ_3393687	PS_Ct_r03_2015_11_16_L002	4	0.0000	0.0000	1.0000
HAMBI_0403_chrm01_circ_3393687	PS_Ct_r03_2015_12_14_L002	4	0.0000	0.0000	1.0000
HAMBI_0403_chrm01_circ_3393687	PS_Ct_r03_2016_01_11_L001	4	0.0000	0.0000	1.0000
HAMBI_0403_chrm01_circ_3393687	PS_Ct_r03_2016_02_08_L001	4	0.0000	0.0000	1.0000
HAMBI_0403_chrm01_circ_3393687	PS_Ct_r03_2016_03_07_L001	4	0.0000	0.0000	1.0000
HAMBI_0403_chrm01_circ_3393687	PS_Ct_r03_2016_04_03_L001	4	0.0000	0.0000	1.0000
HAMBI_0403_chrm01_circ_3393687	PS_Ct_r03_2016_05_04_L001	4	0.0000	0.0000	1.0000
HAMBI_0403_chrm01_circ_3393687	PS_Ct_r03_2016_05_30_L001	4	0.0000	0.0000	1.0000
HAMBI_0403_chrm01_circ_3393687	PS_Ct_r03_2016_07_25_L003	4	0.0000	0.0000	1.0000
HAMBI_0403_chrm01_circ_3393687	PS_Ct_r03_2016_08_22_L003	4	0.0000	0.0000	1.0000
HAMBI_0403_chrm01_circ_3393687	PS_Ct_r03_2016_09_19_L003	4	0.0000	0.0000	1.0000
HAMBI_0403_chrm01_circ_3393687	PS_Ct_r03_2016_10_17_L001	4	0.0000	0.0000	1.0000
HAMBI_0403_chrm01_circ_3393687	PS_Ct_r03_2016_11_14_L001	4	0.0101	0.0005	1.0000
HAMBI_0403_chrm01_circ_3393687	PS_Ct_r03_2016_12_12_L001	4	0.0179	0.0043	1.0000
HAMBI_0403_chrm01_circ_3393687	PS_Ct_r03_2017_01_09_L001	4	0.0292	0.0032	1.0000
HAMBI_0403_chrm01_circ_3393687	PS_Ct_r03_2017_02_06_L001	4	0.0307	0.0031	1.0000
HAMBI_0403_chrm01_circ_3393687	PS_Ct_r03_2017_03_06_L001	4	0.1463	0.0143	1.0000
HAMBI_0403_chrm01_circ_3393687	PS_Ct_r03_2017_05_29_L001	4	0.5309	0.0136	1.0000
HAMBI_0403_chrm01_circ_3393687	PS_Ct_r03_2017_06_26_L001	4	0.1891	0.0106	1.0000
HAMBI_0403_chrm01_circ_3393687	PS_Ct_r03_2017_07_24_L001	4	0.1187	0.0080	1.0000
HAMBI_0403_chrm01_circ_3393687	PS_Ct_r03_2017_08_21_L001	4	0.1027	0.0080	1.0000
HAMBI_0403_chrm01_circ_340602	PS_Ct_r03_2015_08_24_L001	4	0.0000	0.0000	1.0000
HAMBI_0403_chrm01_circ_340602	PS_Ct_r03_2015_09_21_L001	4	0.0000	0.0000	1.0000
HAMBI_0403_chrm01_circ_340602	PS_Ct_r03_2015_10_19_L001	4	0.0000	0.0000	1.0000
HAMBI_0403_chrm01_circ_340602	PS_Ct_r03_2015_11_16_L002	4	0.0000	0.0000	1.0000
HAMBI_0403_chrm01_circ_340602	PS_Ct_r03_2015_12_14_L002	4	0.0000	0.0000	1.0000
HAMBI_0403_chrm01_circ_340602	PS_Ct_r03_2016_01_11_L001	4	0.0000	0.0000	1.0000
HAMBI_0403_chrm01_circ_340602	PS_Ct_r03_2016_02_08_L001	4	0.0000	0.0000	1.0000
HAMBI_0403_chrm01_circ_340602	PS_Ct_r03_2016_03_07_L001	4	0.0000	0.0000	1.0000
HAMBI_0403_chrm01_circ_340602	PS_Ct_r03_2016_04_03_L001	4	0.0000	0.0000	1.0000
HAMBI_0403_chrm01_circ_340602	PS_Ct_r03_2016_05_04_L001	4	0.0000	0.0000	1.0000
HAMBI_0403_chrm01_circ_340602	PS_Ct_r03_2016_05_30_L001	4	0.0000	0.0000	1.0000
HAMBI_0403_chrm01_circ_340602	PS_Ct_r03_2016_07_25_L003	4	0.0000	0.0000	1.0000
HAMBI_0403_chrm01_circ_340602	PS_Ct_r03_2016_08_22_L003	4	0.0000	0.0000	1.0000
HAMBI_0403_chrm01_circ_340602	PS_Ct_r03_2016_09_19_L003	4	0.0000	0.0000	1.0000
HAMBI_0403_chrm01_circ_340602	PS_Ct_r03_2016_10_17_L001	4	0.0000	0.0000	1.0000
HAMBI_0403_chrm01_circ_340602	PS_Ct_r03_2016_11_14_L001	4	0.0101	0.0005	1.0000
HAMBI_0403_chrm01_circ_340602	PS_Ct_r03_2016_12_12_L001	4	0.0179	0.0043	1.0000
HAMBI_0403_chrm01_circ_340602	PS_Ct_r03_2017_01_09_L001	4	0.0292	0.0032	1.0000
HAMBI_0403_chrm01_circ_340602	PS_Ct_r03_2017_02_06_L001	4	0.0307	0.0031	1.0000
HAMBI_0403_chrm01_circ_340602	PS_Ct_r03_2017_03_06_L001	4	0.1463	0.0143	1.0000
HAMBI_0403_chrm01_circ_340602	PS_Ct_r03_2017_05_29_L001	4	0.5309	0.0136	1.0000
HAMBI_0403_chrm01_circ_340602	PS_Ct_r03_2017_06_26_L001	4	0.1891	0.0106	1.0000
HAMBI_0403_chrm01_circ_340602	PS_Ct_r03_2017_07_24_L001	4	0.1187	0.0080	1.0000
HAMBI_0403_chrm01_circ_340602	PS_Ct_r03_2017_08_21_L001	4	0.1027	0.0080	1.0000
HAMBI_0403_chrm01_circ_3459098	PS_Ct_r03_2015_08_24_L001	4	0.0000	0.0000	1.0000
HAMBI_0403_chrm01_circ_3459098	PS_Ct_r03_2015_09_21_L001	4	0.0000	0.0000	1.0000
HAMBI_0403_chrm01_circ_3459098	PS_Ct_r03_2015_10_19_L001	4	0.0000	0.0000	1.0000
HAMBI_0403_chrm01_circ_3459098	PS_Ct_r03_2015_11_16_L002	4	0.0000	0.0000	1.0000
HAMBI_0403_chrm01_circ_3459098	PS_Ct_r03_2015_12_14_L002	4	0.0000	0.0000	1.0000
HAMBI_0403_chrm01_circ_3459098	PS_Ct_r03_2016_01_11_L001	4	0.0000	0.0000	1.0000
HAMBI_0403_chrm01_circ_3459098	PS_Ct_r03_2016_02_08_L001	4	0.0000	0.0000	1.0000
HAMBI_0403_chrm01_circ_3459098	PS_Ct_r03_2016_03_07_L001	4	0.0000	0.0000	1.0000
HAMBI_0403_chrm01_circ_3459098	PS_Ct_r03_2016_04_03_L001	4	0.0000	0.0000	1.0000
HAMBI_0403_chrm01_circ_3459098	PS_Ct_r03_2016_05_04_L001	4	0.0000	0.0000	1.0000
HAMBI_0403_chrm01_circ_3459098	PS_Ct_r03_2016_05_30_L001	4	0.0000	0.0000	1.0000
HAMBI_0403_chrm01_circ_3459098	PS_Ct_r03_2016_07_25_L003	4	0.0000	0.0000	1.0000
HAMBI_0403_chrm01_circ_3459098	PS_Ct_r03_2016_08_22_L003	4	0.0000	0.0000	1.0000
HAMBI_0403_chrm01_circ_3459098	PS_Ct_r03_2016_09_19_L003	4	0.0000	0.0000	1.0000
HAMBI_0403_chrm01_circ_3459098	PS_Ct_r03_2016_10_17_L001	4	0.0000	0.0000	1.0000
HAMBI_0403_chrm01_circ_3459098	PS_Ct_r03_2016_11_14_L001	4	0.0101	0.0005	1.0000
HAMBI_0403_chrm01_circ_3459098	PS_Ct_r03_2016_12_12_L001	4	0.0179	0.0043	1.0000
HAMBI_0403_chrm01_circ_3459098	PS_Ct_r03_2017_01_09_L001	4	0.0292	0.0032	1.0000
HAMBI_0403_chrm01_circ_3459098	PS_Ct_r03_2017_02_06_L001	4	0.0307	0.0031	1.0000
HAMBI_0403_chrm01_circ_3459098	PS_Ct_r03_2017_03_06_L001	4	0.1463	0.0143	1.0000
HAMBI_0403_chrm01_circ_3459098	PS_Ct_r03_2017_05_29_L001	4	0.5309	0.0136	1.0000
HAMBI_0403_chrm01_circ_3459098	PS_Ct_r03_2017_06_26_L001	4	0.1891	0.0106	1.0000
HAMBI_0403_chrm01_circ_3459098	PS_Ct_r03_2017_07_24_L001	4	0.1187	0.0080	1.0000
HAMBI_0403_chrm01_circ_3459098	PS_Ct_r03_2017_08_21_L001	4	0.1027	0.0080	1.0000
HAMBI_0403_chrm01_circ_3993103	PS_Ct_r03_2015_08_24_L001	4	0.0000	0.0000	1.0000
HAMBI_0403_chrm01_circ_3993103	PS_Ct_r03_2015_09_21_L001	4	0.0000	0.0000	1.0000
HAMBI_0403_chrm01_circ_3993103	PS_Ct_r03_2015_10_19_L001	4	0.0000	0.0000	1.0000
HAMBI_0403_chrm01_circ_3993103	PS_Ct_r03_2015_11_16_L002	4	0.0000	0.0000	1.0000
HAMBI_0403_chrm01_circ_3993103	PS_Ct_r03_2015_12_14_L002	4	0.0000	0.0000	1.0000
HAMBI_0403_chrm01_circ_3993103	PS_Ct_r03_2016_01_11_L001	4	0.0000	0.0000	1.0000
HAMBI_0403_chrm01_circ_3993103	PS_Ct_r03_2016_02_08_L001	4	0.0000	0.0000	1.0000
HAMBI_0403_chrm01_circ_3993103	PS_Ct_r03_2016_03_07_L001	4	0.0000	0.0000	1.0000
HAMBI_0403_chrm01_circ_3993103	PS_Ct_r03_2016_04_03_L001	4	0.0000	0.0000	1.0000
HAMBI_0403_chrm01_circ_3993103	PS_Ct_r03_2016_05_04_L001	4	0.0000	0.0000	1.0000
HAMBI_0403_chrm01_circ_3993103	PS_Ct_r03_2016_05_30_L001	4	0.0000	0.0000	1.0000
HAMBI_0403_chrm01_circ_3993103	PS_Ct_r03_2016_07_25_L003	4	0.0000	0.0000	1.0000
HAMBI_0403_chrm01_circ_3993103	PS_Ct_r03_2016_08_22_L003	4	0.0000	0.0000	1.0000
HAMBI_0403_chrm01_circ_3993103	PS_Ct_r03_2016_09_19_L003	4	0.0000	0.0000	1.0000
HAMBI_0403_chrm01_circ_3993103	PS_Ct_r03_2016_10_17_L001	4	0.0000	0.0000	1.0000
HAMBI_0403_chrm01_circ_3993103	PS_Ct_r03_2016_11_14_L001	4	0.0101	0.0005	1.0000
HAMBI_0403_chrm01_circ_3993103	PS_Ct_r03_2016_12_12_L001	4	0.0179	0.0043	1.0000
HAMBI_0403_chrm01_circ_3993103	PS_Ct_r03_2017_01_09_L001	4	0.0292	0.0032	1.0000
HAMBI_0403_chrm01_circ_3993103	PS_Ct_r03_2017_02_06_L001	4	0.0307	0.0031	1.0000
HAMBI_0403_chrm01_circ_3993103	PS_Ct_r03_2017_03_06_L001	4	0.1463	0.0143	1.0000
HAMBI_0403_chrm01_circ_3993103	PS_Ct_r03_2017_05_29_L001	4	0.5309	0.0136	1.0000
HAMBI_0403_chrm01_circ_3993103	PS_Ct_r03_2017_06_26_L001	4	0.1891	0.0106	1.0000
HAMBI_0403_chrm01_circ_3993103	PS_Ct_r03_2017_07_24_L001	4	0.1187	0.0080	1.0000
HAMBI_0403_chrm01_circ_3993103	PS_Ct_r03_2017_08_21_L001	4	0.1027	0.0080	1.0000
HAMBI_0403_chrm01_circ_755508	PS_Ct_r03_2015_08_24_L001	4	0.0000	0.0000	1.0000
HAMBI_0403_chrm01_circ_755508	PS_Ct_r03_2015_09_21_L001	4	0.0000	0.0000	1.0000
HAMBI_0403_chrm01_circ_755508	PS_Ct_r03_2015_10_19_L001	4	0.0000	0.0000	1.0000
HAMBI_0403_chrm01_circ_755508	PS_Ct_r03_2015_11_16_L002	4	0.0000	0.0000	1.0000
HAMBI_0403_chrm01_circ_755508	PS_Ct_r03_2015_12_14_L002	4	0.0000	0.0000	1.0000
HAMBI_0403_chrm01_circ_755508	PS_Ct_r03_2016_01_11_L001	4	0.0000	0.0000	1.0000
HAMBI_0403_chrm01_circ_755508	PS_Ct_r03_2016_02_08_L001	4	0.0000	0.0000	1.0000
HAMBI_0403_chrm01_circ_755508	PS_Ct_r03_2016_03_07_L001	4	0.0000	0.0000	1.0000
HAMBI_0403_chrm01_circ_755508	PS_Ct_r03_2016_04_03_L001	4	0.0000	0.0000	1.0000
HAMBI_0403_chrm01_circ_755508	PS_Ct_r03_2016_05_04_L001	4	0.0000	0.0000	1.0000
HAMBI_0403_chrm01_circ_755508	PS_Ct_r03_2016_05_30_L001	4	0.0000	0.0000	1.0000
HAMBI_0403_chrm01_circ_755508	PS_Ct_r03_2016_07_25_L003	4	0.0000	0.0000	1.0000
HAMBI_0403_chrm01_circ_755508	PS_Ct_r03_2016_08_22_L003	4	0.0000	0.0000	1.0000
HAMBI_0403_chrm01_circ_755508	PS_Ct_r03_2016_09_19_L003	4	0.0000	0.0000	1.0000
HAMBI_0403_chrm01_circ_755508	PS_Ct_r03_2016_10_17_L001	4	0.0000	0.0000	1.0000
HAMBI_0403_chrm01_circ_755508	PS_Ct_r03_2016_11_14_L001	4	0.0101	0.0005	1.0000
HAMBI_0403_chrm01_circ_755508	PS_Ct_r03_2016_12_12_L001	4	0.0179	0.0043	1.0000
HAMBI_0403_chrm01_circ_755508	PS_Ct_r03_2017_01_09_L001	4	0.0292	0.0032	1.0000
HAMBI_0403_chrm01_circ_755508	PS_Ct_r03_2017_02_06_L001	4	0.0307	0.0031	1.0000
HAMBI_0403_chrm01_circ_755508	PS_Ct_r03_2017_03_06_L001	4	0.1463	0.0143	1.0000
HAMBI_0403_chrm01_circ_755508	PS_Ct_r03_2017_05_29_L001	4	0.5309	0.0136	1.0000
HAMBI_0403_chrm01_circ_755508	PS_Ct_r03_2017_06_26_L001	4	0.1891	0.0106	1.0000
HAMBI_0403_chrm01_circ_755508	PS_Ct_r03_2017_07_24_L001	4	0.1187	0.0080	1.0000
HAMBI_0403_chrm01_circ_755508	PS_Ct_r03_2017_08_21_L001	4	0.1027	0.0080	1.0000
HAMBI_0403_chrm01_circ_946980	PS_Ct_r03_2015_08_24_L001	4	0.0000	0.0000	1.0000
HAMBI_0403_chrm01_circ_946980	PS_Ct_r03_2015_09_21_L001	4	0.0000	0.0000	1.0000
HAMBI_0403_chrm01_circ_946980	PS_Ct_r03_2015_10_19_L001	4	0.0000	0.0000	1.0000
HAMBI_0403_chrm01_circ_946980	PS_Ct_r03_2015_11_16_L002	4	0.0000	0.0000	1.0000
HAMBI_0403_chrm01_circ_946980	PS_Ct_r03_2015_12_14_L002	4	0.0000	0.0000	1.0000
HAMBI_0403_chrm01_circ_946980	PS_Ct_r03_2016_01_11_L001	4	0.0000	0.0000	1.0000
HAMBI_0403_chrm01_circ_946980	PS_Ct_r03_2016_02_08_L001	4	0.0000	0.0000	1.0000
HAMBI_0403_chrm01_circ_946980	PS_Ct_r03_2016_03_07_L001	4	0.0000	0.0000	1.0000
HAMBI_0403_chrm01_circ_946980	PS_Ct_r03_2016_04_03_L001	4	0.0000	0.0000	1.0000
HAMBI_0403_chrm01_circ_946980	PS_Ct_r03_2016_05_04_L001	4	0.0000	0.0000	1.0000
HAMBI_0403_chrm01_circ_946980	PS_Ct_r03_2016_05_30_L001	4	0.0000	0.0000	1.0000
HAMBI_0403_chrm01_circ_946980	PS_Ct_r03_2016_07_25_L003	4	0.0000	0.0000	1.0000
HAMBI_0403_chrm01_circ_946980	PS_Ct_r03_2016_08_22_L003	4	0.0000	0.0000	1.0000
HAMBI_0403_chrm01_circ_946980	PS_Ct_r03_2016_09_19_L003	4	0.0000	0.0000	1.0000
HAMBI_0403_chrm01_circ_946980	PS_Ct_r03_2016_10_17_L001	4	0.0000	0.0000	1.0000
HAMBI_0403_chrm01_circ_946980	PS_Ct_r03_2016_11_14_L001	4	0.0101	0.0005	1.0000
HAMBI_0403_chrm01_circ_946980	PS_Ct_r03_2016_12_12_L001	4	0.0179	0.0043	1.0000
HAMBI_0403_chrm01_circ_946980	PS_Ct_r03_2017_01_09_L001	4	0.0292	0.0032	1.0000
HAMBI_0403_chrm01_circ_946980	PS_Ct_r03_2017_02_06_L001	4	0.0307	0.0031	1.0000
HAMBI_0403_chrm01_circ_946980	PS_Ct_r03_2017_03_06_L001	4	0.1463	0.0143	1.0000
HAMBI_0403_chrm01_circ_946980	PS_Ct_r03_2017_05_29_L001	4	0.5309	0.0136	1.0000
HAMBI_0403_chrm01_circ_946980	PS_Ct_r03_2017_06_26_L001	4	0.1891	0.0106	1.0000
HAMBI_0403_chrm01_circ_946980	PS_Ct_r03_2017_07_24_L001	4	0.1187	0.0080	1.0000
HAMBI_0403_chrm01_circ_946980	PS_Ct_r03_2017_08_21_L001	4	0.1027	0.0080	1.0000
HAMBI_0403_plas01_circ_13169	PS_Ct_r03_2015_08_24_L001	4	0.0000	0.0000	1.0000
HAMBI_0403_plas01_circ_13169	PS_Ct_r03_2015_09_21_L001	4	0.0000	0.0000	1.0000
HAMBI_0403_plas01_circ_13169	PS_Ct_r03_2015_10_19_L001	4	0.0000	0.0000	1.0000
HAMBI_0403_plas01_circ_13169	PS_Ct_r03_2015_11_16_L002	4	0.0000	0.0000	1.0000
HAMBI_0403_plas01_circ_13169	PS_Ct_r03_2015_12_14_L002	4	0.0000	0.0000	1.0000
HAMBI_0403_plas01_circ_13169	PS_Ct_r03_2016_01_11_L001	4	0.0000	0.0000	1.0000
HAMBI_0403_plas01_circ_13169	PS_Ct_r03_2016_02_08_L001	4	0.0000	0.0000	1.0000
HAMBI_0403_plas01_circ_13169	PS_Ct_r03_2016_03_07_L001	4	0.0000	0.0000	1.0000
HAMBI_0403_plas01_circ_13169	PS_Ct_r03_2016_04_03_L001	4	0.0000	0.0000	1.0000
HAMBI_0403_plas01_circ_13169	PS_Ct_r03_2016_05_04_L001	4	0.0000	0.0000	1.0000
HAMBI_0403_plas01_circ_13169	PS_Ct_r03_2016_05_30_L001	4	0.0000	0.0000	1.0000
HAMBI_0403_plas01_circ_13169	PS_Ct_r03_2016_07_25_L003	4	0.0000	0.0000	1.0000
HAMBI_0403_plas01_circ_13169	PS_Ct_r03_2016_08_22_L003	4	0.0000	0.0000	1.0000
HAMBI_0403_plas01_circ_13169	PS_Ct_r03_2016_09_19_L003	4	0.0000	0.0000	1.0000
HAMBI_0403_plas01_circ_13169	PS_Ct_r03_2016_10_17_L001	4	0.0000	0.0000	1.0000
HAMBI_0403_plas01_circ_13169	PS_Ct_r03_2016_11_14_L001	4	0.0101	0.0005	1.0000
HAMBI_0403_plas01_circ_13169	PS_Ct_r03_2016_12_12_L001	4	0.0179	0.0043	1.0000
HAMBI_0403_plas01_circ_13169	PS_Ct_r03_2017_01_09_L001	4	0.0292	0.0032	1.0000
HAMBI_0403_plas01_circ_13169	PS_Ct_r03_2017_02_06_L001	4	0.0307	0.0031	1.0000
HAMBI_0403_plas01_circ_13169	PS_Ct_r03_2017_03_06_L001	4	0.1463	0.0143	1.0000
HAMBI_0403_plas01_circ_13169	PS_Ct_r03_2017_05_29_L001	4	0.5309	0.0136	1.0000
HAMBI_0403_plas01_circ_13169	PS_Ct_r03_2017_06_26_L001	4	0.1891	0.0106	1.0000
HAMBI_0403_plas01_circ_13169	PS_Ct_r03_2017_07_24_L001	4	0.1187	0.0080	1.0000
HAMBI_0403_plas01_circ_13169	PS_Ct_r03_2017_08_21_L001	4	0.1027	0.0080	1.0000
HAMBI_0403_chrm01_circ_1610814	PS_Ct_r03_2015_08_24_L001	5	0.0005	0.0022	1.0000
HAMBI_0403_chrm01_circ_1610814	PS_Ct_r03_2015_09_21_L001	5	0.0961	0.0130	1.0000
HAMBI_0403_chrm01_circ_1610814	PS_Ct_r03_2015_10_19_L001	5	0.2411	0.0161	1.0000
HAMBI_0403_chrm01_circ_1610814	PS_Ct_r03_2015_11_16_L002	5	0.2735	0.0200	1.0000
HAMBI_0403_chrm01_circ_1610814	PS_Ct_r03_2015_12_14_L002	5	0.2744	0.0215	1.0000
HAMBI_0403_chrm01_circ_1610814	PS_Ct_r03_2016_01_11_L001	5	0.2627	0.0206	1.0000
HAMBI_0403_chrm01_circ_1610814	PS_Ct_r03_2016_02_08_L001	5	0.2848	0.0191	1.0000
HAMBI_0403_chrm01_circ_1610814	PS_Ct_r03_2016_03_07_L001	5	0.1768	0.0175	1.0000
HAMBI_0403_chrm01_circ_1610814	PS_Ct_r03_2016_04_03_L001	5	0.1761	0.0168	1.0000
HAMBI_0403_chrm01_circ_1610814	PS_Ct_r03_2016_05_04_L001	5	0.0423	0.0106	1.0000
HAMBI_0403_chrm01_circ_1610814	PS_Ct_r03_2016_05_30_L001	5	0.0196	0.0075	1.0000
HAMBI_0403_chrm01_circ_1610814	PS_Ct_r03_2016_07_25_L003	5	0.0049	0.0061	1.0000
HAMBI_0403_chrm01_circ_1610814	PS_Ct_r03_2016_08_22_L003	5	0.0028	0.0049	1.0000
HAMBI_0403_chrm01_circ_1610814	PS_Ct_r03_2016_09_19_L003	5	0.0041	0.0057	1.0000
HAMBI_0403_chrm01_circ_1610814	PS_Ct_r03_2016_10_17_L001	5	0.0020	0.0042	1.0000
HAMBI_0403_chrm01_circ_1610814	PS_Ct_r03_2016_11_14_L001	5	0.0160	0.0066	1.0000
HAMBI_0403_chrm01_circ_1610814	PS_Ct_r03_2016_12_12_L001	5	0.0125	0.0052	1.0000
HAMBI_0403_chrm01_circ_1610814	PS_Ct_r03_2017_01_09_L001	5	0.0001	0.0008	1.0000
HAMBI_0403_chrm01_circ_1610814	PS_Ct_r03_2017_02_06_L001	5	0.0022	0.0044	1.0000
HAMBI_0403_chrm01_circ_1610814	PS_Ct_r03_2017_03_06_L001	5	0.0028	0.0060	1.0000
HAMBI_0403_chrm01_circ_1610814	PS_Ct_r03_2017_05_29_L001	5	0.0110	0.0058	1.0000
HAMBI_0403_chrm01_circ_1610814	PS_Ct_r03_2017_06_26_L001	5	0.0123	0.0051	1.0000
HAMBI_0403_chrm01_circ_1610814	PS_Ct_r03_2017_07_24_L001	5	0.0012	0.0034	1.0000
HAMBI_0403_chrm01_circ_1610814	PS_Ct_r03_2017_08_21_L001	5	0.0003	0.0017	1.0000
HAMBI_0403_chrm01_circ_3394128	PS_Ct_r03_2015_08_24_L001	5	0.0005	0.0022	1.0000
HAMBI_0403_chrm01_circ_3394128	PS_Ct_r03_2015_09_21_L001	5	0.0961	0.0130	1.0000
HAMBI_0403_chrm01_circ_3394128	PS_Ct_r03_2015_10_19_L001	5	0.2411	0.0161	1.0000
HAMBI_0403_chrm01_circ_3394128	PS_Ct_r03_2015_11_16_L002	5	0.2735	0.0200	1.0000
HAMBI_0403_chrm01_circ_3394128	PS_Ct_r03_2015_12_14_L002	5	0.2744	0.0215	1.0000
HAMBI_0403_chrm01_circ_3394128	PS_Ct_r03_2016_01_11_L001	5	0.2627	0.0206	1.0000
HAMBI_0403_chrm01_circ_3394128	PS_Ct_r03_2016_02_08_L001	5	0.2848	0.0191	1.0000
HAMBI_0403_chrm01_circ_3394128	PS_Ct_r03_2016_03_07_L001	5	0.1768	0.0175	1.0000
HAMBI_0403_chrm01_circ_3394128	PS_Ct_r03_2016_04_03_L001	5	0.1761	0.0168	1.0000
HAMBI_0403_chrm01_circ_3394128	PS_Ct_r03_2016_05_04_L001	5	0.0423	0.0106	1.0000
HAMBI_0403_chrm01_circ_3394128	PS_Ct_r03_2016_05_30_L001	5	0.0196	0.0075	1.0000
HAMBI_0403_chrm01_circ_3394128	PS_Ct_r03_2016_07_25_L003	5	0.0049	0.0061	1.0000
HAMBI_0403_chrm01_circ_3394128	PS_Ct_r03_2016_08_22_L003	5	0.0028	0.0049	1.0000
HAMBI_0403_chrm01_circ_3394128	PS_Ct_r03_2016_09_19_L003	5	0.0041	0.0057	1.0000
HAMBI_0403_chrm01_circ_3394128	PS_Ct_r03_2016_10_17_L001	5	0.0020	0.0042	1.0000
HAMBI_0403_chrm01_circ_3394128	PS_Ct_r03_2016_11_14_L001	5	0.0160	0.0066	1.0000
HAMBI_0403_chrm01_circ_3394128	PS_Ct_r03_2016_12_12_L001	5	0.0125	0.0052	1.0000
HAMBI_0403_chrm01_circ_3394128	PS_Ct_r03_2017_01_09_L001	5	0.0001	0.0008	1.0000
HAMBI_0403_chrm01_circ_3394128	PS_Ct_r03_2017_02_06_L001	5	0.0022	0.0044	1.0000
HAMBI_0403_chrm01_circ_3394128	PS_Ct_r03_2017_03_06_L001	5	0.0028	0.0060	1.0000
HAMBI_0403_chrm01_circ_3394128	PS_Ct_r03_2017_05_29_L001	5	0.0110	0.0058	1.0000
HAMBI_0403_chrm01_circ_3394128	PS_Ct_r03_2017_06_26_L001	5	0.0123	0.0051	1.0000
HAMBI_0403_chrm01_circ_3394128	PS_Ct_r03_2017_07_24_L001	5	0.0012	0.0034	1.0000
HAMBI_0403_chrm01_circ_3394128	PS_Ct_r03_2017_08_21_L001	5	0.0003	0.0017	1.0000
HAMBI_0403_chrm01_circ_5165364	PS_Ct_r03_2015_08_24_L001	5	0.0005	0.0022	1.0000
HAMBI_0403_chrm01_circ_5165364	PS_Ct_r03_2015_09_21_L001	5	0.0961	0.0130	1.0000
HAMBI_0403_chrm01_circ_5165364	PS_Ct_r03_2015_10_19_L001	5	0.2411	0.0161	1.0000
HAMBI_0403_chrm01_circ_5165364	PS_Ct_r03_2015_11_16_L002	5	0.2735	0.0200	1.0000
HAMBI_0403_chrm01_circ_5165364	PS_Ct_r03_2015_12_14_L002	5	0.2744	0.0215	1.0000
HAMBI_0403_chrm01_circ_5165364	PS_Ct_r03_2016_01_11_L001	5	0.2627	0.0206	1.0000
HAMBI_0403_chrm01_circ_5165364	PS_Ct_r03_2016_02_08_L001	5	0.2848	0.0191	1.0000
HAMBI_0403_chrm01_circ_5165364	PS_Ct_r03_2016_03_07_L001	5	0.1768	0.0175	1.0000
HAMBI_0403_chrm01_circ_5165364	PS_Ct_r03_2016_04_03_L001	5	0.1761	0.0168	1.0000
HAMBI_0403_chrm01_circ_5165364	PS_Ct_r03_2016_05_04_L001	5	0.0423	0.0106	1.0000
HAMBI_0403_chrm01_circ_5165364	PS_Ct_r03_2016_05_30_L001	5	0.0196	0.0075	1.0000
HAMBI_0403_chrm01_circ_5165364	PS_Ct_r03_2016_07_25_L003	5	0.0049	0.0061	1.0000
HAMBI_0403_chrm01_circ_5165364	PS_Ct_r03_2016_08_22_L003	5	0.0028	0.0049	1.0000
HAMBI_0403_chrm01_circ_5165364	PS_Ct_r03_2016_09_19_L003	5	0.0041	0.0057	1.0000
HAMBI_0403_chrm01_circ_5165364	PS_Ct_r03_2016_10_17_L001	5	0.0020	0.0042	1.0000
HAMBI_0403_chrm01_circ_5165364	PS_Ct_r03_2016_11_14_L001	5	0.0160	0.0066	1.0000
HAMBI_0403_chrm01_circ_5165364	PS_Ct_r03_2016_12_12_L001	5	0.0125	0.0052	1.0000
HAMBI_0403_chrm01_circ_5165364	PS_Ct_r03_2017_01_09_L001	5	0.0001	0.0008	1.0000
HAMBI_0403_chrm01_circ_5165364	PS_Ct_r03_2017_02_06_L001	5	0.0022	0.0044	1.0000
HAMBI_0403_chrm01_circ_5165364	PS_Ct_r03_2017_03_06_L001	5	0.0028	0.0060	1.0000
HAMBI_0403_chrm01_circ_5165364	PS_Ct_r03_2017_05_29_L001	5	0.0110	0.0058	1.0000
HAMBI_0403_chrm01_circ_5165364	PS_Ct_r03_2017_06_26_L001	5	0.0123	0.0051	1.0000
HAMBI_0403_chrm01_circ_5165364	PS_Ct_r03_2017_07_24_L001	5	0.0012	0.0034	1.0000
HAMBI_0403_chrm01_circ_5165364	PS_Ct_r03_2017_08_21_L001	5	0.0003	0.0017	1.0000
HAMBI_0403_chrm01_circ_5277914	PS_Ct_r03_2015_08_24_L001	5	0.0005	0.0022	1.0000
HAMBI_0403_chrm01_circ_5277914	PS_Ct_r03_2015_09_21_L001	5	0.0961	0.0130	1.0000
HAMBI_0403_chrm01_circ_5277914	PS_Ct_r03_2015_10_19_L001	5	0.2411	0.0161	1.0000
HAMBI_0403_chrm01_circ_5277914	PS_Ct_r03_2015_11_16_L002	5	0.2735	0.0200	1.0000
HAMBI_0403_chrm01_circ_5277914	PS_Ct_r03_2015_12_14_L002	5	0.2744	0.0215	1.0000
HAMBI_0403_chrm01_circ_5277914	PS_Ct_r03_2016_01_11_L001	5	0.2627	0.0206	1.0000
HAMBI_0403_chrm01_circ_5277914	PS_Ct_r03_2016_02_08_L001	5	0.2848	0.0191	1.0000
HAMBI_0403_chrm01_circ_5277914	PS_Ct_r03_2016_03_07_L001	5	0.1768	0.0175	1.0000
HAMBI_0403_chrm01_circ_5277914	PS_Ct_r03_2016_04_03_L001	5	0.1761	0.0168	1.0000
HAMBI_0403_chrm01_circ_5277914	PS_Ct_r03_2016_05_04_L001	5	0.0423	0.0106	1.0000
HAMBI_0403_chrm01_circ_5277914	PS_Ct_r03_2016_05_30_L001	5	0.0196	0.0075	1.0000
HAMBI_0403_chrm01_circ_5277914	PS_Ct_r03_2016_07_25_L003	5	0.0049	0.0061	1.0000
HAMBI_0403_chrm01_circ_5277914	PS_Ct_r03_2016_08_22_L003	5	0.0028	0.0049	1.0000
HAMBI_0403_chrm01_circ_5277914	PS_Ct_r03_2016_09_19_L003	5	0.0041	0.0057	1.0000
HAMBI_0403_chrm01_circ_5277914	PS_Ct_r03_2016_10_17_L001	5	0.0020	0.0042	1.0000
HAMBI_0403_chrm01_circ_5277914	PS_Ct_r03_2016_11_14_L001	5	0.0160	0.0066	1.0000
HAMBI_0403_chrm01_circ_5277914	PS_Ct_r03_2016_12_12_L001	5	0.0125	0.0052	1.0000
HAMBI_0403_chrm01_circ_5277914	PS_Ct_r03_2017_01_09_L001	5	0.0001	0.0008	1.0000
HAMBI_0403_chrm01_circ_5277914	PS_Ct_r03_2017_02_06_L001	5	0.0022	0.0044	1.0000
HAMBI_0403_chrm01_circ_5277914	PS_Ct_r03_2017_03_06_L001	5	0.0028	0.0060	1.0000
HAMBI_0403_chrm01_circ_5277914	PS_Ct_r03_2017_05_29_L001	5	0.0110	0.0058	1.0000
HAMBI_0403_chrm01_circ_5277914	PS_Ct_r03_2017_06_26_L001	5	0.0123	0.0051	1.0000
HAMBI_0403_chrm01_circ_5277914	PS_Ct_r03_2017_07_24_L001	5	0.0012	0.0034	1.0000
HAMBI_0403_chrm01_circ_5277914	PS_Ct_r03_2017_08_21_L001	5	0.0003	0.0017	1.0000
HAMBI_0403_chrm01_circ_958358	PS_Ct_r03_2015_08_24_L001	5	0.0005	0.0022	1.0000
HAMBI_0403_chrm01_circ_958358	PS_Ct_r03_2015_09_21_L001	5	0.0961	0.0130	1.0000
HAMBI_0403_chrm01_circ_958358	PS_Ct_r03_2015_10_19_L001	5	0.2411	0.0161	1.0000
HAMBI_0403_chrm01_circ_958358	PS_Ct_r03_2015_11_16_L002	5	0.2735	0.0200	1.0000
HAMBI_0403_chrm01_circ_958358	PS_Ct_r03_2015_12_14_L002	5	0.2744	0.0215	1.0000
HAMBI_0403_chrm01_circ_958358	PS_Ct_r03_2016_01_11_L001	5	0.2627	0.0206	1.0000
HAMBI_0403_chrm01_circ_958358	PS_Ct_r03_2016_02_08_L001	5	0.2848	0.0191	1.0000
HAMBI_0403_chrm01_circ_958358	PS_Ct_r03_2016_03_07_L001	5	0.1768	0.0175	1.0000
HAMBI_0403_chrm01_circ_958358	PS_Ct_r03_2016_04_03_L001	5	0.1761	0.0168	1.0000
HAMBI_0403_chrm01_circ_958358	PS_Ct_r03_2016_05_04_L001	5	0.0423	0.0106	1.0000
HAMBI_0403_chrm01_circ_958358	PS_Ct_r03_2016_05_30_L001	5	0.0196	0.0075	1.0000
HAMBI_0403_chrm01_circ_958358	PS_Ct_r03_2016_07_25_L003	5	0.0049	0.0061	1.0000
HAMBI_0403_chrm01_circ_958358	PS_Ct_r03_2016_08_22_L003	5	0.0028	0.0049	1.0000
HAMBI_0403_chrm01_circ_958358	PS_Ct_r03_2016_09_19_L003	5	0.0041	0.0057	1.0000
HAMBI_0403_chrm01_circ_958358	PS_Ct_r03_2016_10_17_L001	5	0.0020	0.0042	1.0000
HAMBI_0403_chrm01_circ_958358	PS_Ct_r03_2016_11_14_L001	5	0.0160	0.0066	1.0000
HAMBI_0403_chrm01_circ_958358	PS_Ct_r03_2016_12_12_L001	5	0.0125	0.0052	1.0000
HAMBI_0403_chrm01_circ_958358	PS_Ct_r03_2017_01_09_L001	5	0.0001	0.0008	1.0000
HAMBI_0403_chrm01_circ_958358	PS_Ct_r03_2017_02_06_L001	5	0.0022	0.0044	1.0000
HAMBI_0403_chrm01_circ_958358	PS_Ct_r03_2017_03_06_L001	5	0.0028	0.0060	1.0000
HAMBI_0403_chrm01_circ_958358	PS_Ct_r03_2017_05_29_L001	5	0.0110	0.0058	1.0000
HAMBI_0403_chrm01_circ_958358	PS_Ct_r03_2017_06_26_L001	5	0.0123	0.0051	1.0000
HAMBI_0403_chrm01_circ_958358	PS_Ct_r03_2017_07_24_L001	5	0.0012	0.0034	1.0000
HAMBI_0403_chrm01_circ_958358	PS_Ct_r03_2017_08_21_L001	5	0.0003	0.0017	1.0000
HAMBI_0403_chrm01_circ_1392097	PS_Ct_r03_2015_08_24_L001	6	0.0009	0.0032	1.0000
HAMBI_0403_chrm01_circ_1392097	PS_Ct_r03_2015_09_21_L001	6	0.3119	0.0267	1.0000
HAMBI_0403_chrm01_circ_1392097	PS_Ct_r03_2015_10_19_L001	6	0.6823	0.0267	1.0000
HAMBI_0403_chrm01_circ_1392097	PS_Ct_r03_2015_11_16_L002	6	0.9052	0.0154	1.0000
HAMBI_0403_chrm01_circ_1392097	PS_Ct_r03_2015_12_14_L002	6	0.9742	0.0079	1.0000
HAMBI_0403_chrm01_circ_1392097	PS_Ct_r03_2016_01_11_L001	6	0.9733	0.0067	1.0000
HAMBI_0403_chrm01_circ_1392097	PS_Ct_r03_2016_02_08_L001	6	0.9798	0.0076	1.0000
HAMBI_0403_chrm01_circ_1392097	PS_Ct_r03_2016_03_07_L001	6	0.9883	0.0046	1.0000
HAMBI_0403_chrm01_circ_1392097	PS_Ct_r03_2016_04_03_L001	6	0.9899	0.0015	1.0000
HAMBI_0403_chrm01_circ_1392097	PS_Ct_r03_2016_05_04_L001	6	0.9914	0.0053	1.0000
HAMBI_0403_chrm01_circ_1392097	PS_Ct_r03_2016_05_30_L001	6	0.9552	0.0310	1.0000
HAMBI_0403_chrm01_circ_1392097	PS_Ct_r03_2016_07_25_L003	6	0.9662	0.0371	1.0000
HAMBI_0403_chrm01_circ_1392097	PS_Ct_r03_2016_08_22_L003	6	0.9743	0.0294	1.0000
HAMBI_0403_chrm01_circ_1392097	PS_Ct_r03_2016_09_19_L003	6	0.9054	0.0627	1.0000
HAMBI_0403_chrm01_circ_1392097	PS_Ct_r03_2016_10_17_L001	6	0.9893	0.0147	1.0000
HAMBI_0403_chrm01_circ_1392097	PS_Ct_r03_2016_11_14_L001	6	0.9966	0.0067	1.0000
HAMBI_0403_chrm01_circ_1392097	PS_Ct_r03_2016_12_12_L001	6	0.9743	0.0294	1.0000
HAMBI_0403_chrm01_circ_1392097	PS_Ct_r03_2017_01_09_L001	6	0.9457	0.0557	1.0000
HAMBI_0403_chrm01_circ_1392097	PS_Ct_r03_2017_02_06_L001	6	0.9044	0.0910	1.0000
HAMBI_0403_chrm01_circ_1392097	PS_Ct_r03_2017_03_06_L001	6	0.5000	0.2916	1.0000
HAMBI_0403_chrm01_circ_1392097	PS_Ct_r03_2017_05_29_L001	6	0.9724	0.0313	1.0000
HAMBI_0403_chrm01_circ_1392097	PS_Ct_r03_2017_06_26_L001	6	0.9752	0.0286	1.0000
HAMBI_0403_chrm01_circ_1392097	PS_Ct_r03_2017_07_24_L001	6	0.9331	0.0668	1.0000
HAMBI_0403_chrm01_circ_1392097	PS_Ct_r03_2017_08_21_L001	6	0.5000	0.2916	1.0000
