mutation_id	sample_id	cluster_id	cellular_prevalence	cellular_prevalence_std	cluster_assignment_prob
HAMBI_0403_chrm01_circ_3068116	PS_Ct_r01_2015_08_24_L001	0	0.0144	0.0109	1.0000
HAMBI_0403_chrm01_circ_3068116	PS_Ct_r01_2015_09_21_L001	0	0.0146	0.0110	1.0000
HAMBI_0403_chrm01_circ_3068116	PS_Ct_r01_2015_10_19_L001	0	0.0889	0.0229	1.0000
HAMBI_0403_chrm01_circ_3068116	PS_Ct_r01_2015_11_16_L002	0	0.0811	0.0248	1.0000
HAMBI_0403_chrm01_circ_3068116	PS_Ct_r01_2015_12_14_L002	0	0.1794	0.0272	1.0000
HAMBI_0403_chrm01_circ_3068116	PS_Ct_r01_2016_01_11_L002	0	0.2019	0.0319	1.0000
HAMBI_0403_chrm01_circ_3068116	PS_Ct_r01_2016_02_08_L002	0	0.1935	0.0303	1.0000
HAMBI_0403_chrm01_circ_3068116	PS_Ct_r01_2016_03_07_L001	0	0.0139	0.0106	1.0000
HAMBI_0403_chrm01_circ_3068116	PS_Ct_r01_2016_04_03_L001	0	0.1292	0.0253	1.0000
HAMBI_0403_chrm01_circ_3068116	PS_Ct_r01_2016_05_04_L001	0	0.0029	0.0062	1.0000
HAMBI_0403_chrm01_circ_3068116	PS_Ct_r01_2016_05_30_L001	0	0.2763	0.0354	1.0000
HAMBI_0403_chrm01_circ_3068116	PS_Ct_r01_2016_07_25_L004	0	0.0361	0.0148	1.0000
HAMBI_0403_chrm01_circ_3068116	PS_Ct_r01_2016_08_22_L004	0	0.0476	0.0211	1.0000
HAMBI_0403_chrm01_circ_3068116	PS_Ct_r01_2016_09_19_L004	0	0.0940	0.0271	1.0000
HAMBI_0403_chrm01_circ_3068116	PS_Ct_r01_2016_10_17_L004	0	0.1165	0.0267	1.0000
HAMBI_0403_chrm01_circ_3068116	PS_Ct_r01_2016_11_14_L004	0	0.1443	0.0307	1.0000
HAMBI_0403_chrm01_circ_3068116	PS_Ct_r01_2016_12_12_L004	0	0.1502	0.0347	1.0000
HAMBI_0403_chrm01_circ_3068116	PS_Ct_r01_2017_01_09_L002	0	0.2361	0.0371	1.0000
HAMBI_0403_chrm01_circ_3068116	PS_Ct_r01_2017_02_06_L004	0	0.1267	0.0329	1.0000
HAMBI_0403_chrm01_circ_3068116	PS_Ct_r01_2017_03_06_L001	0	0.1927	0.0361	1.0000
HAMBI_0403_chrm01_circ_3068116	PS_Ct_r01_2017_04_03_L001	0	0.1131	0.0252	1.0000
HAMBI_0403_chrm01_circ_3068116	PS_Ct_r01_2017_05_29_L001	0	0.1493	0.0301	1.0000
HAMBI_0403_chrm01_circ_3068116	PS_Ct_r01_2017_07_24_L001	0	0.0350	0.0158	1.0000
HAMBI_0403_chrm01_circ_3068116	PS_Ct_r01_2017_08_21_L002	0	0.0348	0.0143	1.0000
HAMBI_0403_chrm01_circ_3584058	PS_Ct_r01_2015_08_24_L001	0	0.0144	0.0109	1.0000
HAMBI_0403_chrm01_circ_3584058	PS_Ct_r01_2015_09_21_L001	0	0.0146	0.0110	1.0000
HAMBI_0403_chrm01_circ_3584058	PS_Ct_r01_2015_10_19_L001	0	0.0889	0.0229	1.0000
HAMBI_0403_chrm01_circ_3584058	PS_Ct_r01_2015_11_16_L002	0	0.0811	0.0248	1.0000
HAMBI_0403_chrm01_circ_3584058	PS_Ct_r01_2015_12_14_L002	0	0.1794	0.0272	1.0000
HAMBI_0403_chrm01_circ_3584058	PS_Ct_r01_2016_01_11_L002	0	0.2019	0.0319	1.0000
HAMBI_0403_chrm01_circ_3584058	PS_Ct_r01_2016_02_08_L002	0	0.1935	0.0303	1.0000
HAMBI_0403_chrm01_circ_3584058	PS_Ct_r01_2016_03_07_L001	0	0.0139	0.0106	1.0000
HAMBI_0403_chrm01_circ_3584058	PS_Ct_r01_2016_04_03_L001	0	0.1292	0.0253	1.0000
HAMBI_0403_chrm01_circ_3584058	PS_Ct_r01_2016_05_04_L001	0	0.0029	0.0062	1.0000
HAMBI_0403_chrm01_circ_3584058	PS_Ct_r01_2016_05_30_L001	0	0.2763	0.0354	1.0000
HAMBI_0403_chrm01_circ_3584058	PS_Ct_r01_2016_07_25_L004	0	0.0361	0.0148	1.0000
HAMBI_0403_chrm01_circ_3584058	PS_Ct_r01_2016_08_22_L004	0	0.0476	0.0211	1.0000
HAMBI_0403_chrm01_circ_3584058	PS_Ct_r01_2016_09_19_L004	0	0.0940	0.0271	1.0000
HAMBI_0403_chrm01_circ_3584058	PS_Ct_r01_2016_10_17_L004	0	0.1165	0.0267	1.0000
HAMBI_0403_chrm01_circ_3584058	PS_Ct_r01_2016_11_14_L004	0	0.1443	0.0307	1.0000
HAMBI_0403_chrm01_circ_3584058	PS_Ct_r01_2016_12_12_L004	0	0.1502	0.0347	1.0000
HAMBI_0403_chrm01_circ_3584058	PS_Ct_r01_2017_01_09_L002	0	0.2361	0.0371	1.0000
HAMBI_0403_chrm01_circ_3584058	PS_Ct_r01_2017_02_06_L004	0	0.1267	0.0329	1.0000
HAMBI_0403_chrm01_circ_3584058	PS_Ct_r01_2017_03_06_L001	0	0.1927	0.0361	1.0000
HAMBI_0403_chrm01_circ_3584058	PS_Ct_r01_2017_04_03_L001	0	0.1131	0.0252	1.0000
HAMBI_0403_chrm01_circ_3584058	PS_Ct_r01_2017_05_29_L001	0	0.1493	0.0301	1.0000
HAMBI_0403_chrm01_circ_3584058	PS_Ct_r01_2017_07_24_L001	0	0.0350	0.0158	1.0000
HAMBI_0403_chrm01_circ_3584058	PS_Ct_r01_2017_08_21_L002	0	0.0348	0.0143	1.0000
HAMBI_0403_chrm01_circ_1056871	PS_Ct_r01_2015_08_24_L001	1	0.0000	0.0000	1.0000
HAMBI_0403_chrm01_circ_1056871	PS_Ct_r01_2015_09_21_L001	1	0.0000	0.0000	1.0000
HAMBI_0403_chrm01_circ_1056871	PS_Ct_r01_2015_10_19_L001	1	0.0000	0.0000	1.0000
HAMBI_0403_chrm01_circ_1056871	PS_Ct_r01_2015_11_16_L002	1	0.0000	0.0000	1.0000
HAMBI_0403_chrm01_circ_1056871	PS_Ct_r01_2015_12_14_L002	1	0.0000	0.0000	1.0000
HAMBI_0403_chrm01_circ_1056871	PS_Ct_r01_2016_01_11_L002	1	0.0000	0.0000	1.0000
HAMBI_0403_chrm01_circ_1056871	PS_Ct_r01_2016_02_08_L002	1	0.0000	0.0000	1.0000
HAMBI_0403_chrm01_circ_1056871	PS_Ct_r01_2016_03_07_L001	1	0.0000	0.0000	1.0000
HAMBI_0403_chrm01_circ_1056871	PS_Ct_r01_2016_04_03_L001	1	0.0000	0.0000	1.0000
HAMBI_0403_chrm01_circ_1056871	PS_Ct_r01_2016_05_04_L001	1	0.0000	0.0000	1.0000
HAMBI_0403_chrm01_circ_1056871	PS_Ct_r01_2016_05_30_L001	1	0.0000	0.0000	1.0000
HAMBI_0403_chrm01_circ_1056871	PS_Ct_r01_2016_07_25_L004	1	0.0000	0.0000	1.0000
HAMBI_0403_chrm01_circ_1056871	PS_Ct_r01_2016_08_22_L004	1	0.0000	0.0000	1.0000
HAMBI_0403_chrm01_circ_1056871	PS_Ct_r01_2016_09_19_L004	1	0.0101	0.0003	1.0000
HAMBI_0403_chrm01_circ_1056871	PS_Ct_r01_2016_10_17_L004	1	0.0225	0.0042	1.0000
HAMBI_0403_chrm01_circ_1056871	PS_Ct_r01_2016_11_14_L004	1	0.0322	0.0039	1.0000
HAMBI_0403_chrm01_circ_1056871	PS_Ct_r01_2016_12_12_L004	1	0.0338	0.0048	1.0000
HAMBI_0403_chrm01_circ_1056871	PS_Ct_r01_2017_01_09_L002	1	0.0817	0.0042	1.0000
HAMBI_0403_chrm01_circ_1056871	PS_Ct_r01_2017_02_06_L004	1	0.0644	0.0051	1.0000
HAMBI_0403_chrm01_circ_1056871	PS_Ct_r01_2017_03_06_L001	1	0.1162	0.0059	1.0000
HAMBI_0403_chrm01_circ_1056871	PS_Ct_r01_2017_04_03_L001	1	0.1107	0.0044	1.0000
HAMBI_0403_chrm01_circ_1056871	PS_Ct_r01_2017_05_29_L001	1	0.1035	0.0052	1.0000
HAMBI_0403_chrm01_circ_1056871	PS_Ct_r01_2017_07_24_L001	1	0.0816	0.0043	1.0000
HAMBI_0403_chrm01_circ_1056871	PS_Ct_r01_2017_08_21_L002	1	0.0524	0.0040	1.0000
HAMBI_0403_chrm01_circ_1144326	PS_Ct_r01_2015_08_24_L001	1	0.0000	0.0000	1.0000
HAMBI_0403_chrm01_circ_1144326	PS_Ct_r01_2015_09_21_L001	1	0.0000	0.0000	1.0000
HAMBI_0403_chrm01_circ_1144326	PS_Ct_r01_2015_10_19_L001	1	0.0000	0.0000	1.0000
HAMBI_0403_chrm01_circ_1144326	PS_Ct_r01_2015_11_16_L002	1	0.0000	0.0000	1.0000
HAMBI_0403_chrm01_circ_1144326	PS_Ct_r01_2015_12_14_L002	1	0.0000	0.0000	1.0000
HAMBI_0403_chrm01_circ_1144326	PS_Ct_r01_2016_01_11_L002	1	0.0000	0.0000	1.0000
HAMBI_0403_chrm01_circ_1144326	PS_Ct_r01_2016_02_08_L002	1	0.0000	0.0000	1.0000
HAMBI_0403_chrm01_circ_1144326	PS_Ct_r01_2016_03_07_L001	1	0.0000	0.0000	1.0000
HAMBI_0403_chrm01_circ_1144326	PS_Ct_r01_2016_04_03_L001	1	0.0000	0.0000	1.0000
HAMBI_0403_chrm01_circ_1144326	PS_Ct_r01_2016_05_04_L001	1	0.0000	0.0000	1.0000
HAMBI_0403_chrm01_circ_1144326	PS_Ct_r01_2016_05_30_L001	1	0.0000	0.0000	1.0000
HAMBI_0403_chrm01_circ_1144326	PS_Ct_r01_2016_07_25_L004	1	0.0000	0.0000	1.0000
HAMBI_0403_chrm01_circ_1144326	PS_Ct_r01_2016_08_22_L004	1	0.0000	0.0000	1.0000
HAMBI_0403_chrm01_circ_1144326	PS_Ct_r01_2016_09_19_L004	1	0.0101	0.0003	1.0000
HAMBI_0403_chrm01_circ_1144326	PS_Ct_r01_2016_10_17_L004	1	0.0225	0.0042	1.0000
HAMBI_0403_chrm01_circ_1144326	PS_Ct_r01_2016_11_14_L004	1	0.0322	0.0039	1.0000
HAMBI_0403_chrm01_circ_1144326	PS_Ct_r01_2016_12_12_L004	1	0.0338	0.0048	1.0000
HAMBI_0403_chrm01_circ_1144326	PS_Ct_r01_2017_01_09_L002	1	0.0817	0.0042	1.0000
HAMBI_0403_chrm01_circ_1144326	PS_Ct_r01_2017_02_06_L004	1	0.0644	0.0051	1.0000
HAMBI_0403_chrm01_circ_1144326	PS_Ct_r01_2017_03_06_L001	1	0.1162	0.0059	1.0000
HAMBI_0403_chrm01_circ_1144326	PS_Ct_r01_2017_04_03_L001	1	0.1107	0.0044	1.0000
HAMBI_0403_chrm01_circ_1144326	PS_Ct_r01_2017_05_29_L001	1	0.1035	0.0052	1.0000
HAMBI_0403_chrm01_circ_1144326	PS_Ct_r01_2017_07_24_L001	1	0.0816	0.0043	1.0000
HAMBI_0403_chrm01_circ_1144326	PS_Ct_r01_2017_08_21_L002	1	0.0524	0.0040	1.0000
HAMBI_0403_chrm01_circ_1371710	PS_Ct_r01_2015_08_24_L001	1	0.0000	0.0000	1.0000
HAMBI_0403_chrm01_circ_1371710	PS_Ct_r01_2015_09_21_L001	1	0.0000	0.0000	1.0000
HAMBI_0403_chrm01_circ_1371710	PS_Ct_r01_2015_10_19_L001	1	0.0000	0.0000	1.0000
HAMBI_0403_chrm01_circ_1371710	PS_Ct_r01_2015_11_16_L002	1	0.0000	0.0000	1.0000
HAMBI_0403_chrm01_circ_1371710	PS_Ct_r01_2015_12_14_L002	1	0.0000	0.0000	1.0000
HAMBI_0403_chrm01_circ_1371710	PS_Ct_r01_2016_01_11_L002	1	0.0000	0.0000	1.0000
HAMBI_0403_chrm01_circ_1371710	PS_Ct_r01_2016_02_08_L002	1	0.0000	0.0000	1.0000
HAMBI_0403_chrm01_circ_1371710	PS_Ct_r01_2016_03_07_L001	1	0.0000	0.0000	1.0000
HAMBI_0403_chrm01_circ_1371710	PS_Ct_r01_2016_04_03_L001	1	0.0000	0.0000	1.0000
HAMBI_0403_chrm01_circ_1371710	PS_Ct_r01_2016_05_04_L001	1	0.0000	0.0000	1.0000
HAMBI_0403_chrm01_circ_1371710	PS_Ct_r01_2016_05_30_L001	1	0.0000	0.0000	1.0000
HAMBI_0403_chrm01_circ_1371710	PS_Ct_r01_2016_07_25_L004	1	0.0000	0.0000	1.0000
HAMBI_0403_chrm01_circ_1371710	PS_Ct_r01_2016_08_22_L004	1	0.0000	0.0000	1.0000
HAMBI_0403_chrm01_circ_1371710	PS_Ct_r01_2016_09_19_L004	1	0.0101	0.0003	1.0000
HAMBI_0403_chrm01_circ_1371710	PS_Ct_r01_2016_10_17_L004	1	0.0225	0.0042	1.0000
HAMBI_0403_chrm01_circ_1371710	PS_Ct_r01_2016_11_14_L004	1	0.0322	0.0039	1.0000
HAMBI_0403_chrm01_circ_1371710	PS_Ct_r01_2016_12_12_L004	1	0.0338	0.0048	1.0000
HAMBI_0403_chrm01_circ_1371710	PS_Ct_r01_2017_01_09_L002	1	0.0817	0.0042	1.0000
HAMBI_0403_chrm01_circ_1371710	PS_Ct_r01_2017_02_06_L004	1	0.0644	0.0051	1.0000
HAMBI_0403_chrm01_circ_1371710	PS_Ct_r01_2017_03_06_L001	1	0.1162	0.0059	1.0000
HAMBI_0403_chrm01_circ_1371710	PS_Ct_r01_2017_04_03_L001	1	0.1107	0.0044	1.0000
HAMBI_0403_chrm01_circ_1371710	PS_Ct_r01_2017_05_29_L001	1	0.1035	0.0052	1.0000
HAMBI_0403_chrm01_circ_1371710	PS_Ct_r01_2017_07_24_L001	1	0.0816	0.0043	1.0000
HAMBI_0403_chrm01_circ_1371710	PS_Ct_r01_2017_08_21_L002	1	0.0524	0.0040	1.0000
HAMBI_0403_chrm01_circ_1395693	PS_Ct_r01_2015_08_24_L001	1	0.0000	0.0000	1.0000
HAMBI_0403_chrm01_circ_1395693	PS_Ct_r01_2015_09_21_L001	1	0.0000	0.0000	1.0000
HAMBI_0403_chrm01_circ_1395693	PS_Ct_r01_2015_10_19_L001	1	0.0000	0.0000	1.0000
HAMBI_0403_chrm01_circ_1395693	PS_Ct_r01_2015_11_16_L002	1	0.0000	0.0000	1.0000
HAMBI_0403_chrm01_circ_1395693	PS_Ct_r01_2015_12_14_L002	1	0.0000	0.0000	1.0000
HAMBI_0403_chrm01_circ_1395693	PS_Ct_r01_2016_01_11_L002	1	0.0000	0.0000	1.0000
HAMBI_0403_chrm01_circ_1395693	PS_Ct_r01_2016_02_08_L002	1	0.0000	0.0000	1.0000
HAMBI_0403_chrm01_circ_1395693	PS_Ct_r01_2016_03_07_L001	1	0.0000	0.0000	1.0000
HAMBI_0403_chrm01_circ_1395693	PS_Ct_r01_2016_04_03_L001	1	0.0000	0.0000	1.0000
HAMBI_0403_chrm01_circ_1395693	PS_Ct_r01_2016_05_04_L001	1	0.0000	0.0000	1.0000
HAMBI_0403_chrm01_circ_1395693	PS_Ct_r01_2016_05_30_L001	1	0.0000	0.0000	1.0000
HAMBI_0403_chrm01_circ_1395693	PS_Ct_r01_2016_07_25_L004	1	0.0000	0.0000	1.0000
HAMBI_0403_chrm01_circ_1395693	PS_Ct_r01_2016_08_22_L004	1	0.0000	0.0000	1.0000
HAMBI_0403_chrm01_circ_1395693	PS_Ct_r01_2016_09_19_L004	1	0.0101	0.0003	1.0000
HAMBI_0403_chrm01_circ_1395693	PS_Ct_r01_2016_10_17_L004	1	0.0225	0.0042	1.0000
HAMBI_0403_chrm01_circ_1395693	PS_Ct_r01_2016_11_14_L004	1	0.0322	0.0039	1.0000
HAMBI_0403_chrm01_circ_1395693	PS_Ct_r01_2016_12_12_L004	1	0.0338	0.0048	1.0000
HAMBI_0403_chrm01_circ_1395693	PS_Ct_r01_2017_01_09_L002	1	0.0817	0.0042	1.0000
HAMBI_0403_chrm01_circ_1395693	PS_Ct_r01_2017_02_06_L004	1	0.0644	0.0051	1.0000
HAMBI_0403_chrm01_circ_1395693	PS_Ct_r01_2017_03_06_L001	1	0.1162	0.0059	1.0000
HAMBI_0403_chrm01_circ_1395693	PS_Ct_r01_2017_04_03_L001	1	0.1107	0.0044	1.0000
HAMBI_0403_chrm01_circ_1395693	PS_Ct_r01_2017_05_29_L001	1	0.1035	0.0052	1.0000
HAMBI_0403_chrm01_circ_1395693	PS_Ct_r01_2017_07_24_L001	1	0.0816	0.0043	1.0000
HAMBI_0403_chrm01_circ_1395693	PS_Ct_r01_2017_08_21_L002	1	0.0524	0.0040	1.0000
HAMBI_0403_chrm01_circ_1395699	PS_Ct_r01_2015_08_24_L001	1	0.0000	0.0000	1.0000
HAMBI_0403_chrm01_circ_1395699	PS_Ct_r01_2015_09_21_L001	1	0.0000	0.0000	1.0000
HAMBI_0403_chrm01_circ_1395699	PS_Ct_r01_2015_10_19_L001	1	0.0000	0.0000	1.0000
HAMBI_0403_chrm01_circ_1395699	PS_Ct_r01_2015_11_16_L002	1	0.0000	0.0000	1.0000
HAMBI_0403_chrm01_circ_1395699	PS_Ct_r01_2015_12_14_L002	1	0.0000	0.0000	1.0000
HAMBI_0403_chrm01_circ_1395699	PS_Ct_r01_2016_01_11_L002	1	0.0000	0.0000	1.0000
HAMBI_0403_chrm01_circ_1395699	PS_Ct_r01_2016_02_08_L002	1	0.0000	0.0000	1.0000
HAMBI_0403_chrm01_circ_1395699	PS_Ct_r01_2016_03_07_L001	1	0.0000	0.0000	1.0000
HAMBI_0403_chrm01_circ_1395699	PS_Ct_r01_2016_04_03_L001	1	0.0000	0.0000	1.0000
HAMBI_0403_chrm01_circ_1395699	PS_Ct_r01_2016_05_04_L001	1	0.0000	0.0000	1.0000
HAMBI_0403_chrm01_circ_1395699	PS_Ct_r01_2016_05_30_L001	1	0.0000	0.0000	1.0000
HAMBI_0403_chrm01_circ_1395699	PS_Ct_r01_2016_07_25_L004	1	0.0000	0.0000	1.0000
HAMBI_0403_chrm01_circ_1395699	PS_Ct_r01_2016_08_22_L004	1	0.0000	0.0000	1.0000
HAMBI_0403_chrm01_circ_1395699	PS_Ct_r01_2016_09_19_L004	1	0.0101	0.0003	1.0000
HAMBI_0403_chrm01_circ_1395699	PS_Ct_r01_2016_10_17_L004	1	0.0225	0.0042	1.0000
HAMBI_0403_chrm01_circ_1395699	PS_Ct_r01_2016_11_14_L004	1	0.0322	0.0039	1.0000
HAMBI_0403_chrm01_circ_1395699	PS_Ct_r01_2016_12_12_L004	1	0.0338	0.0048	1.0000
HAMBI_0403_chrm01_circ_1395699	PS_Ct_r01_2017_01_09_L002	1	0.0817	0.0042	1.0000
HAMBI_0403_chrm01_circ_1395699	PS_Ct_r01_2017_02_06_L004	1	0.0644	0.0051	1.0000
HAMBI_0403_chrm01_circ_1395699	PS_Ct_r01_2017_03_06_L001	1	0.1162	0.0059	1.0000
HAMBI_0403_chrm01_circ_1395699	PS_Ct_r01_2017_04_03_L001	1	0.1107	0.0044	1.0000
HAMBI_0403_chrm01_circ_1395699	PS_Ct_r01_2017_05_29_L001	1	0.1035	0.0052	1.0000
HAMBI_0403_chrm01_circ_1395699	PS_Ct_r01_2017_07_24_L001	1	0.0816	0.0043	1.0000
HAMBI_0403_chrm01_circ_1395699	PS_Ct_r01_2017_08_21_L002	1	0.0524	0.0040	1.0000
HAMBI_0403_chrm01_circ_1395700	PS_Ct_r01_2015_08_24_L001	1	0.0000	0.0000	1.0000
HAMBI_0403_chrm01_circ_1395700	PS_Ct_r01_2015_09_21_L001	1	0.0000	0.0000	1.0000
HAMBI_0403_chrm01_circ_1395700	PS_Ct_r01_2015_10_19_L001	1	0.0000	0.0000	1.0000
HAMBI_0403_chrm01_circ_1395700	PS_Ct_r01_2015_11_16_L002	1	0.0000	0.0000	1.0000
HAMBI_0403_chrm01_circ_1395700	PS_Ct_r01_2015_12_14_L002	1	0.0000	0.0000	1.0000
HAMBI_0403_chrm01_circ_1395700	PS_Ct_r01_2016_01_11_L002	1	0.0000	0.0000	1.0000
HAMBI_0403_chrm01_circ_1395700	PS_Ct_r01_2016_02_08_L002	1	0.0000	0.0000	1.0000
HAMBI_0403_chrm01_circ_1395700	PS_Ct_r01_2016_03_07_L001	1	0.0000	0.0000	1.0000
HAMBI_0403_chrm01_circ_1395700	PS_Ct_r01_2016_04_03_L001	1	0.0000	0.0000	1.0000
HAMBI_0403_chrm01_circ_1395700	PS_Ct_r01_2016_05_04_L001	1	0.0000	0.0000	1.0000
HAMBI_0403_chrm01_circ_1395700	PS_Ct_r01_2016_05_30_L001	1	0.0000	0.0000	1.0000
HAMBI_0403_chrm01_circ_1395700	PS_Ct_r01_2016_07_25_L004	1	0.0000	0.0000	1.0000
HAMBI_0403_chrm01_circ_1395700	PS_Ct_r01_2016_08_22_L004	1	0.0000	0.0000	1.0000
HAMBI_0403_chrm01_circ_1395700	PS_Ct_r01_2016_09_19_L004	1	0.0101	0.0003	1.0000
HAMBI_0403_chrm01_circ_1395700	PS_Ct_r01_2016_10_17_L004	1	0.0225	0.0042	1.0000
HAMBI_0403_chrm01_circ_1395700	PS_Ct_r01_2016_11_14_L004	1	0.0322	0.0039	1.0000
HAMBI_0403_chrm01_circ_1395700	PS_Ct_r01_2016_12_12_L004	1	0.0338	0.0048	1.0000
HAMBI_0403_chrm01_circ_1395700	PS_Ct_r01_2017_01_09_L002	1	0.0817	0.0042	1.0000
HAMBI_0403_chrm01_circ_1395700	PS_Ct_r01_2017_02_06_L004	1	0.0644	0.0051	1.0000
HAMBI_0403_chrm01_circ_1395700	PS_Ct_r01_2017_03_06_L001	1	0.1162	0.0059	1.0000
HAMBI_0403_chrm01_circ_1395700	PS_Ct_r01_2017_04_03_L001	1	0.1107	0.0044	1.0000
HAMBI_0403_chrm01_circ_1395700	PS_Ct_r01_2017_05_29_L001	1	0.1035	0.0052	1.0000
HAMBI_0403_chrm01_circ_1395700	PS_Ct_r01_2017_07_24_L001	1	0.0816	0.0043	1.0000
HAMBI_0403_chrm01_circ_1395700	PS_Ct_r01_2017_08_21_L002	1	0.0524	0.0040	1.0000
HAMBI_0403_chrm01_circ_1395703	PS_Ct_r01_2015_08_24_L001	1	0.0000	0.0000	1.0000
HAMBI_0403_chrm01_circ_1395703	PS_Ct_r01_2015_09_21_L001	1	0.0000	0.0000	1.0000
HAMBI_0403_chrm01_circ_1395703	PS_Ct_r01_2015_10_19_L001	1	0.0000	0.0000	1.0000
HAMBI_0403_chrm01_circ_1395703	PS_Ct_r01_2015_11_16_L002	1	0.0000	0.0000	1.0000
HAMBI_0403_chrm01_circ_1395703	PS_Ct_r01_2015_12_14_L002	1	0.0000	0.0000	1.0000
HAMBI_0403_chrm01_circ_1395703	PS_Ct_r01_2016_01_11_L002	1	0.0000	0.0000	1.0000
HAMBI_0403_chrm01_circ_1395703	PS_Ct_r01_2016_02_08_L002	1	0.0000	0.0000	1.0000
HAMBI_0403_chrm01_circ_1395703	PS_Ct_r01_2016_03_07_L001	1	0.0000	0.0000	1.0000
HAMBI_0403_chrm01_circ_1395703	PS_Ct_r01_2016_04_03_L001	1	0.0000	0.0000	1.0000
HAMBI_0403_chrm01_circ_1395703	PS_Ct_r01_2016_05_04_L001	1	0.0000	0.0000	1.0000
HAMBI_0403_chrm01_circ_1395703	PS_Ct_r01_2016_05_30_L001	1	0.0000	0.0000	1.0000
HAMBI_0403_chrm01_circ_1395703	PS_Ct_r01_2016_07_25_L004	1	0.0000	0.0000	1.0000
HAMBI_0403_chrm01_circ_1395703	PS_Ct_r01_2016_08_22_L004	1	0.0000	0.0000	1.0000
HAMBI_0403_chrm01_circ_1395703	PS_Ct_r01_2016_09_19_L004	1	0.0101	0.0003	1.0000
HAMBI_0403_chrm01_circ_1395703	PS_Ct_r01_2016_10_17_L004	1	0.0225	0.0042	1.0000
HAMBI_0403_chrm01_circ_1395703	PS_Ct_r01_2016_11_14_L004	1	0.0322	0.0039	1.0000
HAMBI_0403_chrm01_circ_1395703	PS_Ct_r01_2016_12_12_L004	1	0.0338	0.0048	1.0000
HAMBI_0403_chrm01_circ_1395703	PS_Ct_r01_2017_01_09_L002	1	0.0817	0.0042	1.0000
HAMBI_0403_chrm01_circ_1395703	PS_Ct_r01_2017_02_06_L004	1	0.0644	0.0051	1.0000
HAMBI_0403_chrm01_circ_1395703	PS_Ct_r01_2017_03_06_L001	1	0.1162	0.0059	1.0000
HAMBI_0403_chrm01_circ_1395703	PS_Ct_r01_2017_04_03_L001	1	0.1107	0.0044	1.0000
HAMBI_0403_chrm01_circ_1395703	PS_Ct_r01_2017_05_29_L001	1	0.1035	0.0052	1.0000
HAMBI_0403_chrm01_circ_1395703	PS_Ct_r01_2017_07_24_L001	1	0.0816	0.0043	1.0000
HAMBI_0403_chrm01_circ_1395703	PS_Ct_r01_2017_08_21_L002	1	0.0524	0.0040	1.0000
HAMBI_0403_chrm01_circ_1395709	PS_Ct_r01_2015_08_24_L001	1	0.0000	0.0000	1.0000
HAMBI_0403_chrm01_circ_1395709	PS_Ct_r01_2015_09_21_L001	1	0.0000	0.0000	1.0000
HAMBI_0403_chrm01_circ_1395709	PS_Ct_r01_2015_10_19_L001	1	0.0000	0.0000	1.0000
HAMBI_0403_chrm01_circ_1395709	PS_Ct_r01_2015_11_16_L002	1	0.0000	0.0000	1.0000
HAMBI_0403_chrm01_circ_1395709	PS_Ct_r01_2015_12_14_L002	1	0.0000	0.0000	1.0000
HAMBI_0403_chrm01_circ_1395709	PS_Ct_r01_2016_01_11_L002	1	0.0000	0.0000	1.0000
HAMBI_0403_chrm01_circ_1395709	PS_Ct_r01_2016_02_08_L002	1	0.0000	0.0000	1.0000
HAMBI_0403_chrm01_circ_1395709	PS_Ct_r01_2016_03_07_L001	1	0.0000	0.0000	1.0000
HAMBI_0403_chrm01_circ_1395709	PS_Ct_r01_2016_04_03_L001	1	0.0000	0.0000	1.0000
HAMBI_0403_chrm01_circ_1395709	PS_Ct_r01_2016_05_04_L001	1	0.0000	0.0000	1.0000
HAMBI_0403_chrm01_circ_1395709	PS_Ct_r01_2016_05_30_L001	1	0.0000	0.0000	1.0000
HAMBI_0403_chrm01_circ_1395709	PS_Ct_r01_2016_07_25_L004	1	0.0000	0.0000	1.0000
HAMBI_0403_chrm01_circ_1395709	PS_Ct_r01_2016_08_22_L004	1	0.0000	0.0000	1.0000
HAMBI_0403_chrm01_circ_1395709	PS_Ct_r01_2016_09_19_L004	1	0.0101	0.0003	1.0000
HAMBI_0403_chrm01_circ_1395709	PS_Ct_r01_2016_10_17_L004	1	0.0225	0.0042	1.0000
HAMBI_0403_chrm01_circ_1395709	PS_Ct_r01_2016_11_14_L004	1	0.0322	0.0039	1.0000
HAMBI_0403_chrm01_circ_1395709	PS_Ct_r01_2016_12_12_L004	1	0.0338	0.0048	1.0000
HAMBI_0403_chrm01_circ_1395709	PS_Ct_r01_2017_01_09_L002	1	0.0817	0.0042	1.0000
HAMBI_0403_chrm01_circ_1395709	PS_Ct_r01_2017_02_06_L004	1	0.0644	0.0051	1.0000
HAMBI_0403_chrm01_circ_1395709	PS_Ct_r01_2017_03_06_L001	1	0.1162	0.0059	1.0000
HAMBI_0403_chrm01_circ_1395709	PS_Ct_r01_2017_04_03_L001	1	0.1107	0.0044	1.0000
HAMBI_0403_chrm01_circ_1395709	PS_Ct_r01_2017_05_29_L001	1	0.1035	0.0052	1.0000
HAMBI_0403_chrm01_circ_1395709	PS_Ct_r01_2017_07_24_L001	1	0.0816	0.0043	1.0000
HAMBI_0403_chrm01_circ_1395709	PS_Ct_r01_2017_08_21_L002	1	0.0524	0.0040	1.0000
HAMBI_0403_chrm01_circ_1395722	PS_Ct_r01_2015_08_24_L001	1	0.0000	0.0000	1.0000
HAMBI_0403_chrm01_circ_1395722	PS_Ct_r01_2015_09_21_L001	1	0.0000	0.0000	1.0000
HAMBI_0403_chrm01_circ_1395722	PS_Ct_r01_2015_10_19_L001	1	0.0000	0.0000	1.0000
HAMBI_0403_chrm01_circ_1395722	PS_Ct_r01_2015_11_16_L002	1	0.0000	0.0000	1.0000
HAMBI_0403_chrm01_circ_1395722	PS_Ct_r01_2015_12_14_L002	1	0.0000	0.0000	1.0000
HAMBI_0403_chrm01_circ_1395722	PS_Ct_r01_2016_01_11_L002	1	0.0000	0.0000	1.0000
HAMBI_0403_chrm01_circ_1395722	PS_Ct_r01_2016_02_08_L002	1	0.0000	0.0000	1.0000
HAMBI_0403_chrm01_circ_1395722	PS_Ct_r01_2016_03_07_L001	1	0.0000	0.0000	1.0000
HAMBI_0403_chrm01_circ_1395722	PS_Ct_r01_2016_04_03_L001	1	0.0000	0.0000	1.0000
HAMBI_0403_chrm01_circ_1395722	PS_Ct_r01_2016_05_04_L001	1	0.0000	0.0000	1.0000
HAMBI_0403_chrm01_circ_1395722	PS_Ct_r01_2016_05_30_L001	1	0.0000	0.0000	1.0000
HAMBI_0403_chrm01_circ_1395722	PS_Ct_r01_2016_07_25_L004	1	0.0000	0.0000	1.0000
HAMBI_0403_chrm01_circ_1395722	PS_Ct_r01_2016_08_22_L004	1	0.0000	0.0000	1.0000
HAMBI_0403_chrm01_circ_1395722	PS_Ct_r01_2016_09_19_L004	1	0.0101	0.0003	1.0000
HAMBI_0403_chrm01_circ_1395722	PS_Ct_r01_2016_10_17_L004	1	0.0225	0.0042	1.0000
HAMBI_0403_chrm01_circ_1395722	PS_Ct_r01_2016_11_14_L004	1	0.0322	0.0039	1.0000
HAMBI_0403_chrm01_circ_1395722	PS_Ct_r01_2016_12_12_L004	1	0.0338	0.0048	1.0000
HAMBI_0403_chrm01_circ_1395722	PS_Ct_r01_2017_01_09_L002	1	0.0817	0.0042	1.0000
HAMBI_0403_chrm01_circ_1395722	PS_Ct_r01_2017_02_06_L004	1	0.0644	0.0051	1.0000
HAMBI_0403_chrm01_circ_1395722	PS_Ct_r01_2017_03_06_L001	1	0.1162	0.0059	1.0000
HAMBI_0403_chrm01_circ_1395722	PS_Ct_r01_2017_04_03_L001	1	0.1107	0.0044	1.0000
HAMBI_0403_chrm01_circ_1395722	PS_Ct_r01_2017_05_29_L001	1	0.1035	0.0052	1.0000
HAMBI_0403_chrm01_circ_1395722	PS_Ct_r01_2017_07_24_L001	1	0.0816	0.0043	1.0000
HAMBI_0403_chrm01_circ_1395722	PS_Ct_r01_2017_08_21_L002	1	0.0524	0.0040	1.0000
HAMBI_0403_chrm01_circ_1545844	PS_Ct_r01_2015_08_24_L001	1	0.0000	0.0000	1.0000
HAMBI_0403_chrm01_circ_1545844	PS_Ct_r01_2015_09_21_L001	1	0.0000	0.0000	1.0000
HAMBI_0403_chrm01_circ_1545844	PS_Ct_r01_2015_10_19_L001	1	0.0000	0.0000	1.0000
HAMBI_0403_chrm01_circ_1545844	PS_Ct_r01_2015_11_16_L002	1	0.0000	0.0000	1.0000
HAMBI_0403_chrm01_circ_1545844	PS_Ct_r01_2015_12_14_L002	1	0.0000	0.0000	1.0000
HAMBI_0403_chrm01_circ_1545844	PS_Ct_r01_2016_01_11_L002	1	0.0000	0.0000	1.0000
HAMBI_0403_chrm01_circ_1545844	PS_Ct_r01_2016_02_08_L002	1	0.0000	0.0000	1.0000
HAMBI_0403_chrm01_circ_1545844	PS_Ct_r01_2016_03_07_L001	1	0.0000	0.0000	1.0000
HAMBI_0403_chrm01_circ_1545844	PS_Ct_r01_2016_04_03_L001	1	0.0000	0.0000	1.0000
HAMBI_0403_chrm01_circ_1545844	PS_Ct_r01_2016_05_04_L001	1	0.0000	0.0000	1.0000
HAMBI_0403_chrm01_circ_1545844	PS_Ct_r01_2016_05_30_L001	1	0.0000	0.0000	1.0000
HAMBI_0403_chrm01_circ_1545844	PS_Ct_r01_2016_07_25_L004	1	0.0000	0.0000	1.0000
HAMBI_0403_chrm01_circ_1545844	PS_Ct_r01_2016_08_22_L004	1	0.0000	0.0000	1.0000
HAMBI_0403_chrm01_circ_1545844	PS_Ct_r01_2016_09_19_L004	1	0.0101	0.0003	1.0000
HAMBI_0403_chrm01_circ_1545844	PS_Ct_r01_2016_10_17_L004	1	0.0225	0.0042	1.0000
HAMBI_0403_chrm01_circ_1545844	PS_Ct_r01_2016_11_14_L004	1	0.0322	0.0039	1.0000
HAMBI_0403_chrm01_circ_1545844	PS_Ct_r01_2016_12_12_L004	1	0.0338	0.0048	1.0000
HAMBI_0403_chrm01_circ_1545844	PS_Ct_r01_2017_01_09_L002	1	0.0817	0.0042	1.0000
HAMBI_0403_chrm01_circ_1545844	PS_Ct_r01_2017_02_06_L004	1	0.0644	0.0051	1.0000
HAMBI_0403_chrm01_circ_1545844	PS_Ct_r01_2017_03_06_L001	1	0.1162	0.0059	1.0000
HAMBI_0403_chrm01_circ_1545844	PS_Ct_r01_2017_04_03_L001	1	0.1107	0.0044	1.0000
HAMBI_0403_chrm01_circ_1545844	PS_Ct_r01_2017_05_29_L001	1	0.1035	0.0052	1.0000
HAMBI_0403_chrm01_circ_1545844	PS_Ct_r01_2017_07_24_L001	1	0.0816	0.0043	1.0000
HAMBI_0403_chrm01_circ_1545844	PS_Ct_r01_2017_08_21_L002	1	0.0524	0.0040	1.0000
HAMBI_0403_chrm01_circ_1577127	PS_Ct_r01_2015_08_24_L001	1	0.0000	0.0000	1.0000
HAMBI_0403_chrm01_circ_1577127	PS_Ct_r01_2015_09_21_L001	1	0.0000	0.0000	1.0000
HAMBI_0403_chrm01_circ_1577127	PS_Ct_r01_2015_10_19_L001	1	0.0000	0.0000	1.0000
HAMBI_0403_chrm01_circ_1577127	PS_Ct_r01_2015_11_16_L002	1	0.0000	0.0000	1.0000
HAMBI_0403_chrm01_circ_1577127	PS_Ct_r01_2015_12_14_L002	1	0.0000	0.0000	1.0000
HAMBI_0403_chrm01_circ_1577127	PS_Ct_r01_2016_01_11_L002	1	0.0000	0.0000	1.0000
HAMBI_0403_chrm01_circ_1577127	PS_Ct_r01_2016_02_08_L002	1	0.0000	0.0000	1.0000
HAMBI_0403_chrm01_circ_1577127	PS_Ct_r01_2016_03_07_L001	1	0.0000	0.0000	1.0000
HAMBI_0403_chrm01_circ_1577127	PS_Ct_r01_2016_04_03_L001	1	0.0000	0.0000	1.0000
HAMBI_0403_chrm01_circ_1577127	PS_Ct_r01_2016_05_04_L001	1	0.0000	0.0000	1.0000
HAMBI_0403_chrm01_circ_1577127	PS_Ct_r01_2016_05_30_L001	1	0.0000	0.0000	1.0000
HAMBI_0403_chrm01_circ_1577127	PS_Ct_r01_2016_07_25_L004	1	0.0000	0.0000	1.0000
HAMBI_0403_chrm01_circ_1577127	PS_Ct_r01_2016_08_22_L004	1	0.0000	0.0000	1.0000
HAMBI_0403_chrm01_circ_1577127	PS_Ct_r01_2016_09_19_L004	1	0.0101	0.0003	1.0000
HAMBI_0403_chrm01_circ_1577127	PS_Ct_r01_2016_10_17_L004	1	0.0225	0.0042	1.0000
HAMBI_0403_chrm01_circ_1577127	PS_Ct_r01_2016_11_14_L004	1	0.0322	0.0039	1.0000
HAMBI_0403_chrm01_circ_1577127	PS_Ct_r01_2016_12_12_L004	1	0.0338	0.0048	1.0000
HAMBI_0403_chrm01_circ_1577127	PS_Ct_r01_2017_01_09_L002	1	0.0817	0.0042	1.0000
HAMBI_0403_chrm01_circ_1577127	PS_Ct_r01_2017_02_06_L004	1	0.0644	0.0051	1.0000
HAMBI_0403_chrm01_circ_1577127	PS_Ct_r01_2017_03_06_L001	1	0.1162	0.0059	1.0000
HAMBI_0403_chrm01_circ_1577127	PS_Ct_r01_2017_04_03_L001	1	0.1107	0.0044	1.0000
HAMBI_0403_chrm01_circ_1577127	PS_Ct_r01_2017_05_29_L001	1	0.1035	0.0052	1.0000
HAMBI_0403_chrm01_circ_1577127	PS_Ct_r01_2017_07_24_L001	1	0.0816	0.0043	1.0000
HAMBI_0403_chrm01_circ_1577127	PS_Ct_r01_2017_08_21_L002	1	0.0524	0.0040	1.0000
HAMBI_0403_chrm01_circ_1690085	PS_Ct_r01_2015_08_24_L001	1	0.0000	0.0000	0.9269
HAMBI_0403_chrm01_circ_1690085	PS_Ct_r01_2015_09_21_L001	1	0.0000	0.0000	0.9269
HAMBI_0403_chrm01_circ_1690085	PS_Ct_r01_2015_10_19_L001	1	0.0000	0.0000	0.9269
HAMBI_0403_chrm01_circ_1690085	PS_Ct_r01_2015_11_16_L002	1	0.0000	0.0000	0.9269
HAMBI_0403_chrm01_circ_1690085	PS_Ct_r01_2015_12_14_L002	1	0.0000	0.0000	0.9269
HAMBI_0403_chrm01_circ_1690085	PS_Ct_r01_2016_01_11_L002	1	0.0000	0.0000	0.9269
HAMBI_0403_chrm01_circ_1690085	PS_Ct_r01_2016_02_08_L002	1	0.0000	0.0000	0.9269
HAMBI_0403_chrm01_circ_1690085	PS_Ct_r01_2016_03_07_L001	1	0.0000	0.0000	0.9269
HAMBI_0403_chrm01_circ_1690085	PS_Ct_r01_2016_04_03_L001	1	0.0000	0.0000	0.9269
HAMBI_0403_chrm01_circ_1690085	PS_Ct_r01_2016_05_04_L001	1	0.0000	0.0000	0.9269
HAMBI_0403_chrm01_circ_1690085	PS_Ct_r01_2016_05_30_L001	1	0.0000	0.0000	0.9269
HAMBI_0403_chrm01_circ_1690085	PS_Ct_r01_2016_07_25_L004	1	0.0000	0.0000	0.9269
HAMBI_0403_chrm01_circ_1690085	PS_Ct_r01_2016_08_22_L004	1	0.0000	0.0000	0.9269
HAMBI_0403_chrm01_circ_1690085	PS_Ct_r01_2016_09_19_L004	1	0.0101	0.0003	0.9269
HAMBI_0403_chrm01_circ_1690085	PS_Ct_r01_2016_10_17_L004	1	0.0225	0.0042	0.9269
HAMBI_0403_chrm01_circ_1690085	PS_Ct_r01_2016_11_14_L004	1	0.0322	0.0039	0.9269
HAMBI_0403_chrm01_circ_1690085	PS_Ct_r01_2016_12_12_L004	1	0.0338	0.0048	0.9269
HAMBI_0403_chrm01_circ_1690085	PS_Ct_r01_2017_01_09_L002	1	0.0817	0.0042	0.9269
HAMBI_0403_chrm01_circ_1690085	PS_Ct_r01_2017_02_06_L004	1	0.0644	0.0051	0.9269
HAMBI_0403_chrm01_circ_1690085	PS_Ct_r01_2017_03_06_L001	1	0.1162	0.0059	0.9269
HAMBI_0403_chrm01_circ_1690085	PS_Ct_r01_2017_04_03_L001	1	0.1107	0.0044	0.9269
HAMBI_0403_chrm01_circ_1690085	PS_Ct_r01_2017_05_29_L001	1	0.1035	0.0052	0.9269
HAMBI_0403_chrm01_circ_1690085	PS_Ct_r01_2017_07_24_L001	1	0.0816	0.0043	0.9269
HAMBI_0403_chrm01_circ_1690085	PS_Ct_r01_2017_08_21_L002	1	0.0524	0.0040	0.9269
HAMBI_0403_chrm01_circ_189564	PS_Ct_r01_2015_08_24_L001	1	0.0000	0.0000	1.0000
HAMBI_0403_chrm01_circ_189564	PS_Ct_r01_2015_09_21_L001	1	0.0000	0.0000	1.0000
HAMBI_0403_chrm01_circ_189564	PS_Ct_r01_2015_10_19_L001	1	0.0000	0.0000	1.0000
HAMBI_0403_chrm01_circ_189564	PS_Ct_r01_2015_11_16_L002	1	0.0000	0.0000	1.0000
HAMBI_0403_chrm01_circ_189564	PS_Ct_r01_2015_12_14_L002	1	0.0000	0.0000	1.0000
HAMBI_0403_chrm01_circ_189564	PS_Ct_r01_2016_01_11_L002	1	0.0000	0.0000	1.0000
HAMBI_0403_chrm01_circ_189564	PS_Ct_r01_2016_02_08_L002	1	0.0000	0.0000	1.0000
HAMBI_0403_chrm01_circ_189564	PS_Ct_r01_2016_03_07_L001	1	0.0000	0.0000	1.0000
HAMBI_0403_chrm01_circ_189564	PS_Ct_r01_2016_04_03_L001	1	0.0000	0.0000	1.0000
HAMBI_0403_chrm01_circ_189564	PS_Ct_r01_2016_05_04_L001	1	0.0000	0.0000	1.0000
HAMBI_0403_chrm01_circ_189564	PS_Ct_r01_2016_05_30_L001	1	0.0000	0.0000	1.0000
HAMBI_0403_chrm01_circ_189564	PS_Ct_r01_2016_07_25_L004	1	0.0000	0.0000	1.0000
HAMBI_0403_chrm01_circ_189564	PS_Ct_r01_2016_08_22_L004	1	0.0000	0.0000	1.0000
HAMBI_0403_chrm01_circ_189564	PS_Ct_r01_2016_09_19_L004	1	0.0101	0.0003	1.0000
HAMBI_0403_chrm01_circ_189564	PS_Ct_r01_2016_10_17_L004	1	0.0225	0.0042	1.0000
HAMBI_0403_chrm01_circ_189564	PS_Ct_r01_2016_11_14_L004	1	0.0322	0.0039	1.0000
HAMBI_0403_chrm01_circ_189564	PS_Ct_r01_2016_12_12_L004	1	0.0338	0.0048	1.0000
HAMBI_0403_chrm01_circ_189564	PS_Ct_r01_2017_01_09_L002	1	0.0817	0.0042	1.0000
HAMBI_0403_chrm01_circ_189564	PS_Ct_r01_2017_02_06_L004	1	0.0644	0.0051	1.0000
HAMBI_0403_chrm01_circ_189564	PS_Ct_r01_2017_03_06_L001	1	0.1162	0.0059	1.0000
HAMBI_0403_chrm01_circ_189564	PS_Ct_r01_2017_04_03_L001	1	0.1107	0.0044	1.0000
HAMBI_0403_chrm01_circ_189564	PS_Ct_r01_2017_05_29_L001	1	0.1035	0.0052	1.0000
HAMBI_0403_chrm01_circ_189564	PS_Ct_r01_2017_07_24_L001	1	0.0816	0.0043	1.0000
HAMBI_0403_chrm01_circ_189564	PS_Ct_r01_2017_08_21_L002	1	0.0524	0.0040	1.0000
HAMBI_0403_chrm01_circ_251800	PS_Ct_r01_2015_08_24_L001	1	0.0000	0.0000	1.0000
HAMBI_0403_chrm01_circ_251800	PS_Ct_r01_2015_09_21_L001	1	0.0000	0.0000	1.0000
HAMBI_0403_chrm01_circ_251800	PS_Ct_r01_2015_10_19_L001	1	0.0000	0.0000	1.0000
HAMBI_0403_chrm01_circ_251800	PS_Ct_r01_2015_11_16_L002	1	0.0000	0.0000	1.0000
HAMBI_0403_chrm01_circ_251800	PS_Ct_r01_2015_12_14_L002	1	0.0000	0.0000	1.0000
HAMBI_0403_chrm01_circ_251800	PS_Ct_r01_2016_01_11_L002	1	0.0000	0.0000	1.0000
HAMBI_0403_chrm01_circ_251800	PS_Ct_r01_2016_02_08_L002	1	0.0000	0.0000	1.0000
HAMBI_0403_chrm01_circ_251800	PS_Ct_r01_2016_03_07_L001	1	0.0000	0.0000	1.0000
HAMBI_0403_chrm01_circ_251800	PS_Ct_r01_2016_04_03_L001	1	0.0000	0.0000	1.0000
HAMBI_0403_chrm01_circ_251800	PS_Ct_r01_2016_05_04_L001	1	0.0000	0.0000	1.0000
HAMBI_0403_chrm01_circ_251800	PS_Ct_r01_2016_05_30_L001	1	0.0000	0.0000	1.0000
HAMBI_0403_chrm01_circ_251800	PS_Ct_r01_2016_07_25_L004	1	0.0000	0.0000	1.0000
HAMBI_0403_chrm01_circ_251800	PS_Ct_r01_2016_08_22_L004	1	0.0000	0.0000	1.0000
HAMBI_0403_chrm01_circ_251800	PS_Ct_r01_2016_09_19_L004	1	0.0101	0.0003	1.0000
HAMBI_0403_chrm01_circ_251800	PS_Ct_r01_2016_10_17_L004	1	0.0225	0.0042	1.0000
HAMBI_0403_chrm01_circ_251800	PS_Ct_r01_2016_11_14_L004	1	0.0322	0.0039	1.0000
HAMBI_0403_chrm01_circ_251800	PS_Ct_r01_2016_12_12_L004	1	0.0338	0.0048	1.0000
HAMBI_0403_chrm01_circ_251800	PS_Ct_r01_2017_01_09_L002	1	0.0817	0.0042	1.0000
HAMBI_0403_chrm01_circ_251800	PS_Ct_r01_2017_02_06_L004	1	0.0644	0.0051	1.0000
HAMBI_0403_chrm01_circ_251800	PS_Ct_r01_2017_03_06_L001	1	0.1162	0.0059	1.0000
HAMBI_0403_chrm01_circ_251800	PS_Ct_r01_2017_04_03_L001	1	0.1107	0.0044	1.0000
HAMBI_0403_chrm01_circ_251800	PS_Ct_r01_2017_05_29_L001	1	0.1035	0.0052	1.0000
HAMBI_0403_chrm01_circ_251800	PS_Ct_r01_2017_07_24_L001	1	0.0816	0.0043	1.0000
HAMBI_0403_chrm01_circ_251800	PS_Ct_r01_2017_08_21_L002	1	0.0524	0.0040	1.0000
HAMBI_0403_chrm01_circ_266406	PS_Ct_r01_2015_08_24_L001	1	0.0000	0.0000	1.0000
HAMBI_0403_chrm01_circ_266406	PS_Ct_r01_2015_09_21_L001	1	0.0000	0.0000	1.0000
HAMBI_0403_chrm01_circ_266406	PS_Ct_r01_2015_10_19_L001	1	0.0000	0.0000	1.0000
HAMBI_0403_chrm01_circ_266406	PS_Ct_r01_2015_11_16_L002	1	0.0000	0.0000	1.0000
HAMBI_0403_chrm01_circ_266406	PS_Ct_r01_2015_12_14_L002	1	0.0000	0.0000	1.0000
HAMBI_0403_chrm01_circ_266406	PS_Ct_r01_2016_01_11_L002	1	0.0000	0.0000	1.0000
HAMBI_0403_chrm01_circ_266406	PS_Ct_r01_2016_02_08_L002	1	0.0000	0.0000	1.0000
HAMBI_0403_chrm01_circ_266406	PS_Ct_r01_2016_03_07_L001	1	0.0000	0.0000	1.0000
HAMBI_0403_chrm01_circ_266406	PS_Ct_r01_2016_04_03_L001	1	0.0000	0.0000	1.0000
HAMBI_0403_chrm01_circ_266406	PS_Ct_r01_2016_05_04_L001	1	0.0000	0.0000	1.0000
HAMBI_0403_chrm01_circ_266406	PS_Ct_r01_2016_05_30_L001	1	0.0000	0.0000	1.0000
HAMBI_0403_chrm01_circ_266406	PS_Ct_r01_2016_07_25_L004	1	0.0000	0.0000	1.0000
HAMBI_0403_chrm01_circ_266406	PS_Ct_r01_2016_08_22_L004	1	0.0000	0.0000	1.0000
HAMBI_0403_chrm01_circ_266406	PS_Ct_r01_2016_09_19_L004	1	0.0101	0.0003	1.0000
HAMBI_0403_chrm01_circ_266406	PS_Ct_r01_2016_10_17_L004	1	0.0225	0.0042	1.0000
HAMBI_0403_chrm01_circ_266406	PS_Ct_r01_2016_11_14_L004	1	0.0322	0.0039	1.0000
HAMBI_0403_chrm01_circ_266406	PS_Ct_r01_2016_12_12_L004	1	0.0338	0.0048	1.0000
HAMBI_0403_chrm01_circ_266406	PS_Ct_r01_2017_01_09_L002	1	0.0817	0.0042	1.0000
HAMBI_0403_chrm01_circ_266406	PS_Ct_r01_2017_02_06_L004	1	0.0644	0.0051	1.0000
HAMBI_0403_chrm01_circ_266406	PS_Ct_r01_2017_03_06_L001	1	0.1162	0.0059	1.0000
HAMBI_0403_chrm01_circ_266406	PS_Ct_r01_2017_04_03_L001	1	0.1107	0.0044	1.0000
HAMBI_0403_chrm01_circ_266406	PS_Ct_r01_2017_05_29_L001	1	0.1035	0.0052	1.0000
HAMBI_0403_chrm01_circ_266406	PS_Ct_r01_2017_07_24_L001	1	0.0816	0.0043	1.0000
HAMBI_0403_chrm01_circ_266406	PS_Ct_r01_2017_08_21_L002	1	0.0524	0.0040	1.0000
HAMBI_0403_chrm01_circ_2717099	PS_Ct_r01_2015_08_24_L001	1	0.0000	0.0000	1.0000
HAMBI_0403_chrm01_circ_2717099	PS_Ct_r01_2015_09_21_L001	1	0.0000	0.0000	1.0000
HAMBI_0403_chrm01_circ_2717099	PS_Ct_r01_2015_10_19_L001	1	0.0000	0.0000	1.0000
HAMBI_0403_chrm01_circ_2717099	PS_Ct_r01_2015_11_16_L002	1	0.0000	0.0000	1.0000
HAMBI_0403_chrm01_circ_2717099	PS_Ct_r01_2015_12_14_L002	1	0.0000	0.0000	1.0000
HAMBI_0403_chrm01_circ_2717099	PS_Ct_r01_2016_01_11_L002	1	0.0000	0.0000	1.0000
HAMBI_0403_chrm01_circ_2717099	PS_Ct_r01_2016_02_08_L002	1	0.0000	0.0000	1.0000
HAMBI_0403_chrm01_circ_2717099	PS_Ct_r01_2016_03_07_L001	1	0.0000	0.0000	1.0000
HAMBI_0403_chrm01_circ_2717099	PS_Ct_r01_2016_04_03_L001	1	0.0000	0.0000	1.0000
HAMBI_0403_chrm01_circ_2717099	PS_Ct_r01_2016_05_04_L001	1	0.0000	0.0000	1.0000
HAMBI_0403_chrm01_circ_2717099	PS_Ct_r01_2016_05_30_L001	1	0.0000	0.0000	1.0000
HAMBI_0403_chrm01_circ_2717099	PS_Ct_r01_2016_07_25_L004	1	0.0000	0.0000	1.0000
HAMBI_0403_chrm01_circ_2717099	PS_Ct_r01_2016_08_22_L004	1	0.0000	0.0000	1.0000
HAMBI_0403_chrm01_circ_2717099	PS_Ct_r01_2016_09_19_L004	1	0.0101	0.0003	1.0000
HAMBI_0403_chrm01_circ_2717099	PS_Ct_r01_2016_10_17_L004	1	0.0225	0.0042	1.0000
HAMBI_0403_chrm01_circ_2717099	PS_Ct_r01_2016_11_14_L004	1	0.0322	0.0039	1.0000
HAMBI_0403_chrm01_circ_2717099	PS_Ct_r01_2016_12_12_L004	1	0.0338	0.0048	1.0000
HAMBI_0403_chrm01_circ_2717099	PS_Ct_r01_2017_01_09_L002	1	0.0817	0.0042	1.0000
HAMBI_0403_chrm01_circ_2717099	PS_Ct_r01_2017_02_06_L004	1	0.0644	0.0051	1.0000
HAMBI_0403_chrm01_circ_2717099	PS_Ct_r01_2017_03_06_L001	1	0.1162	0.0059	1.0000
HAMBI_0403_chrm01_circ_2717099	PS_Ct_r01_2017_04_03_L001	1	0.1107	0.0044	1.0000
HAMBI_0403_chrm01_circ_2717099	PS_Ct_r01_2017_05_29_L001	1	0.1035	0.0052	1.0000
HAMBI_0403_chrm01_circ_2717099	PS_Ct_r01_2017_07_24_L001	1	0.0816	0.0043	1.0000
HAMBI_0403_chrm01_circ_2717099	PS_Ct_r01_2017_08_21_L002	1	0.0524	0.0040	1.0000
HAMBI_0403_chrm01_circ_2823118	PS_Ct_r01_2015_08_24_L001	1	0.0000	0.0000	1.0000
HAMBI_0403_chrm01_circ_2823118	PS_Ct_r01_2015_09_21_L001	1	0.0000	0.0000	1.0000
HAMBI_0403_chrm01_circ_2823118	PS_Ct_r01_2015_10_19_L001	1	0.0000	0.0000	1.0000
HAMBI_0403_chrm01_circ_2823118	PS_Ct_r01_2015_11_16_L002	1	0.0000	0.0000	1.0000
HAMBI_0403_chrm01_circ_2823118	PS_Ct_r01_2015_12_14_L002	1	0.0000	0.0000	1.0000
HAMBI_0403_chrm01_circ_2823118	PS_Ct_r01_2016_01_11_L002	1	0.0000	0.0000	1.0000
HAMBI_0403_chrm01_circ_2823118	PS_Ct_r01_2016_02_08_L002	1	0.0000	0.0000	1.0000
HAMBI_0403_chrm01_circ_2823118	PS_Ct_r01_2016_03_07_L001	1	0.0000	0.0000	1.0000
HAMBI_0403_chrm01_circ_2823118	PS_Ct_r01_2016_04_03_L001	1	0.0000	0.0000	1.0000
HAMBI_0403_chrm01_circ_2823118	PS_Ct_r01_2016_05_04_L001	1	0.0000	0.0000	1.0000
HAMBI_0403_chrm01_circ_2823118	PS_Ct_r01_2016_05_30_L001	1	0.0000	0.0000	1.0000
HAMBI_0403_chrm01_circ_2823118	PS_Ct_r01_2016_07_25_L004	1	0.0000	0.0000	1.0000
HAMBI_0403_chrm01_circ_2823118	PS_Ct_r01_2016_08_22_L004	1	0.0000	0.0000	1.0000
HAMBI_0403_chrm01_circ_2823118	PS_Ct_r01_2016_09_19_L004	1	0.0101	0.0003	1.0000
HAMBI_0403_chrm01_circ_2823118	PS_Ct_r01_2016_10_17_L004	1	0.0225	0.0042	1.0000
HAMBI_0403_chrm01_circ_2823118	PS_Ct_r01_2016_11_14_L004	1	0.0322	0.0039	1.0000
HAMBI_0403_chrm01_circ_2823118	PS_Ct_r01_2016_12_12_L004	1	0.0338	0.0048	1.0000
HAMBI_0403_chrm01_circ_2823118	PS_Ct_r01_2017_01_09_L002	1	0.0817	0.0042	1.0000
HAMBI_0403_chrm01_circ_2823118	PS_Ct_r01_2017_02_06_L004	1	0.0644	0.0051	1.0000
HAMBI_0403_chrm01_circ_2823118	PS_Ct_r01_2017_03_06_L001	1	0.1162	0.0059	1.0000
HAMBI_0403_chrm01_circ_2823118	PS_Ct_r01_2017_04_03_L001	1	0.1107	0.0044	1.0000
HAMBI_0403_chrm01_circ_2823118	PS_Ct_r01_2017_05_29_L001	1	0.1035	0.0052	1.0000
HAMBI_0403_chrm01_circ_2823118	PS_Ct_r01_2017_07_24_L001	1	0.0816	0.0043	1.0000
HAMBI_0403_chrm01_circ_2823118	PS_Ct_r01_2017_08_21_L002	1	0.0524	0.0040	1.0000
HAMBI_0403_chrm01_circ_293532	PS_Ct_r01_2015_08_24_L001	1	0.0000	0.0000	1.0000
HAMBI_0403_chrm01_circ_293532	PS_Ct_r01_2015_09_21_L001	1	0.0000	0.0000	1.0000
HAMBI_0403_chrm01_circ_293532	PS_Ct_r01_2015_10_19_L001	1	0.0000	0.0000	1.0000
HAMBI_0403_chrm01_circ_293532	PS_Ct_r01_2015_11_16_L002	1	0.0000	0.0000	1.0000
HAMBI_0403_chrm01_circ_293532	PS_Ct_r01_2015_12_14_L002	1	0.0000	0.0000	1.0000
HAMBI_0403_chrm01_circ_293532	PS_Ct_r01_2016_01_11_L002	1	0.0000	0.0000	1.0000
HAMBI_0403_chrm01_circ_293532	PS_Ct_r01_2016_02_08_L002	1	0.0000	0.0000	1.0000
HAMBI_0403_chrm01_circ_293532	PS_Ct_r01_2016_03_07_L001	1	0.0000	0.0000	1.0000
HAMBI_0403_chrm01_circ_293532	PS_Ct_r01_2016_04_03_L001	1	0.0000	0.0000	1.0000
HAMBI_0403_chrm01_circ_293532	PS_Ct_r01_2016_05_04_L001	1	0.0000	0.0000	1.0000
HAMBI_0403_chrm01_circ_293532	PS_Ct_r01_2016_05_30_L001	1	0.0000	0.0000	1.0000
HAMBI_0403_chrm01_circ_293532	PS_Ct_r01_2016_07_25_L004	1	0.0000	0.0000	1.0000
HAMBI_0403_chrm01_circ_293532	PS_Ct_r01_2016_08_22_L004	1	0.0000	0.0000	1.0000
HAMBI_0403_chrm01_circ_293532	PS_Ct_r01_2016_09_19_L004	1	0.0101	0.0003	1.0000
HAMBI_0403_chrm01_circ_293532	PS_Ct_r01_2016_10_17_L004	1	0.0225	0.0042	1.0000
HAMBI_0403_chrm01_circ_293532	PS_Ct_r01_2016_11_14_L004	1	0.0322	0.0039	1.0000
HAMBI_0403_chrm01_circ_293532	PS_Ct_r01_2016_12_12_L004	1	0.0338	0.0048	1.0000
HAMBI_0403_chrm01_circ_293532	PS_Ct_r01_2017_01_09_L002	1	0.0817	0.0042	1.0000
HAMBI_0403_chrm01_circ_293532	PS_Ct_r01_2017_02_06_L004	1	0.0644	0.0051	1.0000
HAMBI_0403_chrm01_circ_293532	PS_Ct_r01_2017_03_06_L001	1	0.1162	0.0059	1.0000
HAMBI_0403_chrm01_circ_293532	PS_Ct_r01_2017_04_03_L001	1	0.1107	0.0044	1.0000
HAMBI_0403_chrm01_circ_293532	PS_Ct_r01_2017_05_29_L001	1	0.1035	0.0052	1.0000
HAMBI_0403_chrm01_circ_293532	PS_Ct_r01_2017_07_24_L001	1	0.0816	0.0043	1.0000
HAMBI_0403_chrm01_circ_293532	PS_Ct_r01_2017_08_21_L002	1	0.0524	0.0040	1.0000
HAMBI_0403_chrm01_circ_3237390	PS_Ct_r01_2015_08_24_L001	1	0.0000	0.0000	1.0000
HAMBI_0403_chrm01_circ_3237390	PS_Ct_r01_2015_09_21_L001	1	0.0000	0.0000	1.0000
HAMBI_0403_chrm01_circ_3237390	PS_Ct_r01_2015_10_19_L001	1	0.0000	0.0000	1.0000
HAMBI_0403_chrm01_circ_3237390	PS_Ct_r01_2015_11_16_L002	1	0.0000	0.0000	1.0000
HAMBI_0403_chrm01_circ_3237390	PS_Ct_r01_2015_12_14_L002	1	0.0000	0.0000	1.0000
HAMBI_0403_chrm01_circ_3237390	PS_Ct_r01_2016_01_11_L002	1	0.0000	0.0000	1.0000
HAMBI_0403_chrm01_circ_3237390	PS_Ct_r01_2016_02_08_L002	1	0.0000	0.0000	1.0000
HAMBI_0403_chrm01_circ_3237390	PS_Ct_r01_2016_03_07_L001	1	0.0000	0.0000	1.0000
HAMBI_0403_chrm01_circ_3237390	PS_Ct_r01_2016_04_03_L001	1	0.0000	0.0000	1.0000
HAMBI_0403_chrm01_circ_3237390	PS_Ct_r01_2016_05_04_L001	1	0.0000	0.0000	1.0000
HAMBI_0403_chrm01_circ_3237390	PS_Ct_r01_2016_05_30_L001	1	0.0000	0.0000	1.0000
HAMBI_0403_chrm01_circ_3237390	PS_Ct_r01_2016_07_25_L004	1	0.0000	0.0000	1.0000
HAMBI_0403_chrm01_circ_3237390	PS_Ct_r01_2016_08_22_L004	1	0.0000	0.0000	1.0000
HAMBI_0403_chrm01_circ_3237390	PS_Ct_r01_2016_09_19_L004	1	0.0101	0.0003	1.0000
HAMBI_0403_chrm01_circ_3237390	PS_Ct_r01_2016_10_17_L004	1	0.0225	0.0042	1.0000
HAMBI_0403_chrm01_circ_3237390	PS_Ct_r01_2016_11_14_L004	1	0.0322	0.0039	1.0000
HAMBI_0403_chrm01_circ_3237390	PS_Ct_r01_2016_12_12_L004	1	0.0338	0.0048	1.0000
HAMBI_0403_chrm01_circ_3237390	PS_Ct_r01_2017_01_09_L002	1	0.0817	0.0042	1.0000
HAMBI_0403_chrm01_circ_3237390	PS_Ct_r01_2017_02_06_L004	1	0.0644	0.0051	1.0000
HAMBI_0403_chrm01_circ_3237390	PS_Ct_r01_2017_03_06_L001	1	0.1162	0.0059	1.0000
HAMBI_0403_chrm01_circ_3237390	PS_Ct_r01_2017_04_03_L001	1	0.1107	0.0044	1.0000
HAMBI_0403_chrm01_circ_3237390	PS_Ct_r01_2017_05_29_L001	1	0.1035	0.0052	1.0000
HAMBI_0403_chrm01_circ_3237390	PS_Ct_r01_2017_07_24_L001	1	0.0816	0.0043	1.0000
HAMBI_0403_chrm01_circ_3237390	PS_Ct_r01_2017_08_21_L002	1	0.0524	0.0040	1.0000
HAMBI_0403_chrm01_circ_3704407	PS_Ct_r01_2015_08_24_L001	1	0.0000	0.0000	1.0000
HAMBI_0403_chrm01_circ_3704407	PS_Ct_r01_2015_09_21_L001	1	0.0000	0.0000	1.0000
HAMBI_0403_chrm01_circ_3704407	PS_Ct_r01_2015_10_19_L001	1	0.0000	0.0000	1.0000
HAMBI_0403_chrm01_circ_3704407	PS_Ct_r01_2015_11_16_L002	1	0.0000	0.0000	1.0000
HAMBI_0403_chrm01_circ_3704407	PS_Ct_r01_2015_12_14_L002	1	0.0000	0.0000	1.0000
HAMBI_0403_chrm01_circ_3704407	PS_Ct_r01_2016_01_11_L002	1	0.0000	0.0000	1.0000
HAMBI_0403_chrm01_circ_3704407	PS_Ct_r01_2016_02_08_L002	1	0.0000	0.0000	1.0000
HAMBI_0403_chrm01_circ_3704407	PS_Ct_r01_2016_03_07_L001	1	0.0000	0.0000	1.0000
HAMBI_0403_chrm01_circ_3704407	PS_Ct_r01_2016_04_03_L001	1	0.0000	0.0000	1.0000
HAMBI_0403_chrm01_circ_3704407	PS_Ct_r01_2016_05_04_L001	1	0.0000	0.0000	1.0000
HAMBI_0403_chrm01_circ_3704407	PS_Ct_r01_2016_05_30_L001	1	0.0000	0.0000	1.0000
HAMBI_0403_chrm01_circ_3704407	PS_Ct_r01_2016_07_25_L004	1	0.0000	0.0000	1.0000
HAMBI_0403_chrm01_circ_3704407	PS_Ct_r01_2016_08_22_L004	1	0.0000	0.0000	1.0000
HAMBI_0403_chrm01_circ_3704407	PS_Ct_r01_2016_09_19_L004	1	0.0101	0.0003	1.0000
HAMBI_0403_chrm01_circ_3704407	PS_Ct_r01_2016_10_17_L004	1	0.0225	0.0042	1.0000
HAMBI_0403_chrm01_circ_3704407	PS_Ct_r01_2016_11_14_L004	1	0.0322	0.0039	1.0000
HAMBI_0403_chrm01_circ_3704407	PS_Ct_r01_2016_12_12_L004	1	0.0338	0.0048	1.0000
HAMBI_0403_chrm01_circ_3704407	PS_Ct_r01_2017_01_09_L002	1	0.0817	0.0042	1.0000
HAMBI_0403_chrm01_circ_3704407	PS_Ct_r01_2017_02_06_L004	1	0.0644	0.0051	1.0000
HAMBI_0403_chrm01_circ_3704407	PS_Ct_r01_2017_03_06_L001	1	0.1162	0.0059	1.0000
HAMBI_0403_chrm01_circ_3704407	PS_Ct_r01_2017_04_03_L001	1	0.1107	0.0044	1.0000
HAMBI_0403_chrm01_circ_3704407	PS_Ct_r01_2017_05_29_L001	1	0.1035	0.0052	1.0000
HAMBI_0403_chrm01_circ_3704407	PS_Ct_r01_2017_07_24_L001	1	0.0816	0.0043	1.0000
HAMBI_0403_chrm01_circ_3704407	PS_Ct_r01_2017_08_21_L002	1	0.0524	0.0040	1.0000
HAMBI_0403_chrm01_circ_3867673	PS_Ct_r01_2015_08_24_L001	1	0.0000	0.0000	1.0000
HAMBI_0403_chrm01_circ_3867673	PS_Ct_r01_2015_09_21_L001	1	0.0000	0.0000	1.0000
HAMBI_0403_chrm01_circ_3867673	PS_Ct_r01_2015_10_19_L001	1	0.0000	0.0000	1.0000
HAMBI_0403_chrm01_circ_3867673	PS_Ct_r01_2015_11_16_L002	1	0.0000	0.0000	1.0000
HAMBI_0403_chrm01_circ_3867673	PS_Ct_r01_2015_12_14_L002	1	0.0000	0.0000	1.0000
HAMBI_0403_chrm01_circ_3867673	PS_Ct_r01_2016_01_11_L002	1	0.0000	0.0000	1.0000
HAMBI_0403_chrm01_circ_3867673	PS_Ct_r01_2016_02_08_L002	1	0.0000	0.0000	1.0000
HAMBI_0403_chrm01_circ_3867673	PS_Ct_r01_2016_03_07_L001	1	0.0000	0.0000	1.0000
HAMBI_0403_chrm01_circ_3867673	PS_Ct_r01_2016_04_03_L001	1	0.0000	0.0000	1.0000
HAMBI_0403_chrm01_circ_3867673	PS_Ct_r01_2016_05_04_L001	1	0.0000	0.0000	1.0000
HAMBI_0403_chrm01_circ_3867673	PS_Ct_r01_2016_05_30_L001	1	0.0000	0.0000	1.0000
HAMBI_0403_chrm01_circ_3867673	PS_Ct_r01_2016_07_25_L004	1	0.0000	0.0000	1.0000
HAMBI_0403_chrm01_circ_3867673	PS_Ct_r01_2016_08_22_L004	1	0.0000	0.0000	1.0000
HAMBI_0403_chrm01_circ_3867673	PS_Ct_r01_2016_09_19_L004	1	0.0101	0.0003	1.0000
HAMBI_0403_chrm01_circ_3867673	PS_Ct_r01_2016_10_17_L004	1	0.0225	0.0042	1.0000
HAMBI_0403_chrm01_circ_3867673	PS_Ct_r01_2016_11_14_L004	1	0.0322	0.0039	1.0000
HAMBI_0403_chrm01_circ_3867673	PS_Ct_r01_2016_12_12_L004	1	0.0338	0.0048	1.0000
HAMBI_0403_chrm01_circ_3867673	PS_Ct_r01_2017_01_09_L002	1	0.0817	0.0042	1.0000
HAMBI_0403_chrm01_circ_3867673	PS_Ct_r01_2017_02_06_L004	1	0.0644	0.0051	1.0000
HAMBI_0403_chrm01_circ_3867673	PS_Ct_r01_2017_03_06_L001	1	0.1162	0.0059	1.0000
HAMBI_0403_chrm01_circ_3867673	PS_Ct_r01_2017_04_03_L001	1	0.1107	0.0044	1.0000
HAMBI_0403_chrm01_circ_3867673	PS_Ct_r01_2017_05_29_L001	1	0.1035	0.0052	1.0000
HAMBI_0403_chrm01_circ_3867673	PS_Ct_r01_2017_07_24_L001	1	0.0816	0.0043	1.0000
HAMBI_0403_chrm01_circ_3867673	PS_Ct_r01_2017_08_21_L002	1	0.0524	0.0040	1.0000
HAMBI_0403_chrm01_circ_3936288	PS_Ct_r01_2015_08_24_L001	1	0.0000	0.0000	1.0000
HAMBI_0403_chrm01_circ_3936288	PS_Ct_r01_2015_09_21_L001	1	0.0000	0.0000	1.0000
HAMBI_0403_chrm01_circ_3936288	PS_Ct_r01_2015_10_19_L001	1	0.0000	0.0000	1.0000
HAMBI_0403_chrm01_circ_3936288	PS_Ct_r01_2015_11_16_L002	1	0.0000	0.0000	1.0000
HAMBI_0403_chrm01_circ_3936288	PS_Ct_r01_2015_12_14_L002	1	0.0000	0.0000	1.0000
HAMBI_0403_chrm01_circ_3936288	PS_Ct_r01_2016_01_11_L002	1	0.0000	0.0000	1.0000
HAMBI_0403_chrm01_circ_3936288	PS_Ct_r01_2016_02_08_L002	1	0.0000	0.0000	1.0000
HAMBI_0403_chrm01_circ_3936288	PS_Ct_r01_2016_03_07_L001	1	0.0000	0.0000	1.0000
HAMBI_0403_chrm01_circ_3936288	PS_Ct_r01_2016_04_03_L001	1	0.0000	0.0000	1.0000
HAMBI_0403_chrm01_circ_3936288	PS_Ct_r01_2016_05_04_L001	1	0.0000	0.0000	1.0000
HAMBI_0403_chrm01_circ_3936288	PS_Ct_r01_2016_05_30_L001	1	0.0000	0.0000	1.0000
HAMBI_0403_chrm01_circ_3936288	PS_Ct_r01_2016_07_25_L004	1	0.0000	0.0000	1.0000
HAMBI_0403_chrm01_circ_3936288	PS_Ct_r01_2016_08_22_L004	1	0.0000	0.0000	1.0000
HAMBI_0403_chrm01_circ_3936288	PS_Ct_r01_2016_09_19_L004	1	0.0101	0.0003	1.0000
HAMBI_0403_chrm01_circ_3936288	PS_Ct_r01_2016_10_17_L004	1	0.0225	0.0042	1.0000
HAMBI_0403_chrm01_circ_3936288	PS_Ct_r01_2016_11_14_L004	1	0.0322	0.0039	1.0000
HAMBI_0403_chrm01_circ_3936288	PS_Ct_r01_2016_12_12_L004	1	0.0338	0.0048	1.0000
HAMBI_0403_chrm01_circ_3936288	PS_Ct_r01_2017_01_09_L002	1	0.0817	0.0042	1.0000
HAMBI_0403_chrm01_circ_3936288	PS_Ct_r01_2017_02_06_L004	1	0.0644	0.0051	1.0000
HAMBI_0403_chrm01_circ_3936288	PS_Ct_r01_2017_03_06_L001	1	0.1162	0.0059	1.0000
HAMBI_0403_chrm01_circ_3936288	PS_Ct_r01_2017_04_03_L001	1	0.1107	0.0044	1.0000
HAMBI_0403_chrm01_circ_3936288	PS_Ct_r01_2017_05_29_L001	1	0.1035	0.0052	1.0000
HAMBI_0403_chrm01_circ_3936288	PS_Ct_r01_2017_07_24_L001	1	0.0816	0.0043	1.0000
HAMBI_0403_chrm01_circ_3936288	PS_Ct_r01_2017_08_21_L002	1	0.0524	0.0040	1.0000
HAMBI_0403_chrm01_circ_3951555	PS_Ct_r01_2015_08_24_L001	1	0.0000	0.0000	1.0000
HAMBI_0403_chrm01_circ_3951555	PS_Ct_r01_2015_09_21_L001	1	0.0000	0.0000	1.0000
HAMBI_0403_chrm01_circ_3951555	PS_Ct_r01_2015_10_19_L001	1	0.0000	0.0000	1.0000
HAMBI_0403_chrm01_circ_3951555	PS_Ct_r01_2015_11_16_L002	1	0.0000	0.0000	1.0000
HAMBI_0403_chrm01_circ_3951555	PS_Ct_r01_2015_12_14_L002	1	0.0000	0.0000	1.0000
HAMBI_0403_chrm01_circ_3951555	PS_Ct_r01_2016_01_11_L002	1	0.0000	0.0000	1.0000
HAMBI_0403_chrm01_circ_3951555	PS_Ct_r01_2016_02_08_L002	1	0.0000	0.0000	1.0000
HAMBI_0403_chrm01_circ_3951555	PS_Ct_r01_2016_03_07_L001	1	0.0000	0.0000	1.0000
HAMBI_0403_chrm01_circ_3951555	PS_Ct_r01_2016_04_03_L001	1	0.0000	0.0000	1.0000
HAMBI_0403_chrm01_circ_3951555	PS_Ct_r01_2016_05_04_L001	1	0.0000	0.0000	1.0000
HAMBI_0403_chrm01_circ_3951555	PS_Ct_r01_2016_05_30_L001	1	0.0000	0.0000	1.0000
HAMBI_0403_chrm01_circ_3951555	PS_Ct_r01_2016_07_25_L004	1	0.0000	0.0000	1.0000
HAMBI_0403_chrm01_circ_3951555	PS_Ct_r01_2016_08_22_L004	1	0.0000	0.0000	1.0000
HAMBI_0403_chrm01_circ_3951555	PS_Ct_r01_2016_09_19_L004	1	0.0101	0.0003	1.0000
HAMBI_0403_chrm01_circ_3951555	PS_Ct_r01_2016_10_17_L004	1	0.0225	0.0042	1.0000
HAMBI_0403_chrm01_circ_3951555	PS_Ct_r01_2016_11_14_L004	1	0.0322	0.0039	1.0000
HAMBI_0403_chrm01_circ_3951555	PS_Ct_r01_2016_12_12_L004	1	0.0338	0.0048	1.0000
HAMBI_0403_chrm01_circ_3951555	PS_Ct_r01_2017_01_09_L002	1	0.0817	0.0042	1.0000
HAMBI_0403_chrm01_circ_3951555	PS_Ct_r01_2017_02_06_L004	1	0.0644	0.0051	1.0000
HAMBI_0403_chrm01_circ_3951555	PS_Ct_r01_2017_03_06_L001	1	0.1162	0.0059	1.0000
HAMBI_0403_chrm01_circ_3951555	PS_Ct_r01_2017_04_03_L001	1	0.1107	0.0044	1.0000
HAMBI_0403_chrm01_circ_3951555	PS_Ct_r01_2017_05_29_L001	1	0.1035	0.0052	1.0000
HAMBI_0403_chrm01_circ_3951555	PS_Ct_r01_2017_07_24_L001	1	0.0816	0.0043	1.0000
HAMBI_0403_chrm01_circ_3951555	PS_Ct_r01_2017_08_21_L002	1	0.0524	0.0040	1.0000
HAMBI_0403_chrm01_circ_3976040	PS_Ct_r01_2015_08_24_L001	1	0.0000	0.0000	1.0000
HAMBI_0403_chrm01_circ_3976040	PS_Ct_r01_2015_09_21_L001	1	0.0000	0.0000	1.0000
HAMBI_0403_chrm01_circ_3976040	PS_Ct_r01_2015_10_19_L001	1	0.0000	0.0000	1.0000
HAMBI_0403_chrm01_circ_3976040	PS_Ct_r01_2015_11_16_L002	1	0.0000	0.0000	1.0000
HAMBI_0403_chrm01_circ_3976040	PS_Ct_r01_2015_12_14_L002	1	0.0000	0.0000	1.0000
HAMBI_0403_chrm01_circ_3976040	PS_Ct_r01_2016_01_11_L002	1	0.0000	0.0000	1.0000
HAMBI_0403_chrm01_circ_3976040	PS_Ct_r01_2016_02_08_L002	1	0.0000	0.0000	1.0000
HAMBI_0403_chrm01_circ_3976040	PS_Ct_r01_2016_03_07_L001	1	0.0000	0.0000	1.0000
HAMBI_0403_chrm01_circ_3976040	PS_Ct_r01_2016_04_03_L001	1	0.0000	0.0000	1.0000
HAMBI_0403_chrm01_circ_3976040	PS_Ct_r01_2016_05_04_L001	1	0.0000	0.0000	1.0000
HAMBI_0403_chrm01_circ_3976040	PS_Ct_r01_2016_05_30_L001	1	0.0000	0.0000	1.0000
HAMBI_0403_chrm01_circ_3976040	PS_Ct_r01_2016_07_25_L004	1	0.0000	0.0000	1.0000
HAMBI_0403_chrm01_circ_3976040	PS_Ct_r01_2016_08_22_L004	1	0.0000	0.0000	1.0000
HAMBI_0403_chrm01_circ_3976040	PS_Ct_r01_2016_09_19_L004	1	0.0101	0.0003	1.0000
HAMBI_0403_chrm01_circ_3976040	PS_Ct_r01_2016_10_17_L004	1	0.0225	0.0042	1.0000
HAMBI_0403_chrm01_circ_3976040	PS_Ct_r01_2016_11_14_L004	1	0.0322	0.0039	1.0000
HAMBI_0403_chrm01_circ_3976040	PS_Ct_r01_2016_12_12_L004	1	0.0338	0.0048	1.0000
HAMBI_0403_chrm01_circ_3976040	PS_Ct_r01_2017_01_09_L002	1	0.0817	0.0042	1.0000
HAMBI_0403_chrm01_circ_3976040	PS_Ct_r01_2017_02_06_L004	1	0.0644	0.0051	1.0000
HAMBI_0403_chrm01_circ_3976040	PS_Ct_r01_2017_03_06_L001	1	0.1162	0.0059	1.0000
HAMBI_0403_chrm01_circ_3976040	PS_Ct_r01_2017_04_03_L001	1	0.1107	0.0044	1.0000
HAMBI_0403_chrm01_circ_3976040	PS_Ct_r01_2017_05_29_L001	1	0.1035	0.0052	1.0000
HAMBI_0403_chrm01_circ_3976040	PS_Ct_r01_2017_07_24_L001	1	0.0816	0.0043	1.0000
HAMBI_0403_chrm01_circ_3976040	PS_Ct_r01_2017_08_21_L002	1	0.0524	0.0040	1.0000
HAMBI_0403_chrm01_circ_398175	PS_Ct_r01_2015_08_24_L001	1	0.0000	0.0000	1.0000
HAMBI_0403_chrm01_circ_398175	PS_Ct_r01_2015_09_21_L001	1	0.0000	0.0000	1.0000
HAMBI_0403_chrm01_circ_398175	PS_Ct_r01_2015_10_19_L001	1	0.0000	0.0000	1.0000
HAMBI_0403_chrm01_circ_398175	PS_Ct_r01_2015_11_16_L002	1	0.0000	0.0000	1.0000
HAMBI_0403_chrm01_circ_398175	PS_Ct_r01_2015_12_14_L002	1	0.0000	0.0000	1.0000
HAMBI_0403_chrm01_circ_398175	PS_Ct_r01_2016_01_11_L002	1	0.0000	0.0000	1.0000
HAMBI_0403_chrm01_circ_398175	PS_Ct_r01_2016_02_08_L002	1	0.0000	0.0000	1.0000
HAMBI_0403_chrm01_circ_398175	PS_Ct_r01_2016_03_07_L001	1	0.0000	0.0000	1.0000
HAMBI_0403_chrm01_circ_398175	PS_Ct_r01_2016_04_03_L001	1	0.0000	0.0000	1.0000
HAMBI_0403_chrm01_circ_398175	PS_Ct_r01_2016_05_04_L001	1	0.0000	0.0000	1.0000
HAMBI_0403_chrm01_circ_398175	PS_Ct_r01_2016_05_30_L001	1	0.0000	0.0000	1.0000
HAMBI_0403_chrm01_circ_398175	PS_Ct_r01_2016_07_25_L004	1	0.0000	0.0000	1.0000
HAMBI_0403_chrm01_circ_398175	PS_Ct_r01_2016_08_22_L004	1	0.0000	0.0000	1.0000
HAMBI_0403_chrm01_circ_398175	PS_Ct_r01_2016_09_19_L004	1	0.0101	0.0003	1.0000
HAMBI_0403_chrm01_circ_398175	PS_Ct_r01_2016_10_17_L004	1	0.0225	0.0042	1.0000
HAMBI_0403_chrm01_circ_398175	PS_Ct_r01_2016_11_14_L004	1	0.0322	0.0039	1.0000
HAMBI_0403_chrm01_circ_398175	PS_Ct_r01_2016_12_12_L004	1	0.0338	0.0048	1.0000
HAMBI_0403_chrm01_circ_398175	PS_Ct_r01_2017_01_09_L002	1	0.0817	0.0042	1.0000
HAMBI_0403_chrm01_circ_398175	PS_Ct_r01_2017_02_06_L004	1	0.0644	0.0051	1.0000
HAMBI_0403_chrm01_circ_398175	PS_Ct_r01_2017_03_06_L001	1	0.1162	0.0059	1.0000
HAMBI_0403_chrm01_circ_398175	PS_Ct_r01_2017_04_03_L001	1	0.1107	0.0044	1.0000
HAMBI_0403_chrm01_circ_398175	PS_Ct_r01_2017_05_29_L001	1	0.1035	0.0052	1.0000
HAMBI_0403_chrm01_circ_398175	PS_Ct_r01_2017_07_24_L001	1	0.0816	0.0043	1.0000
HAMBI_0403_chrm01_circ_398175	PS_Ct_r01_2017_08_21_L002	1	0.0524	0.0040	1.0000
HAMBI_0403_chrm01_circ_4014980	PS_Ct_r01_2015_08_24_L001	1	0.0000	0.0000	1.0000
HAMBI_0403_chrm01_circ_4014980	PS_Ct_r01_2015_09_21_L001	1	0.0000	0.0000	1.0000
HAMBI_0403_chrm01_circ_4014980	PS_Ct_r01_2015_10_19_L001	1	0.0000	0.0000	1.0000
HAMBI_0403_chrm01_circ_4014980	PS_Ct_r01_2015_11_16_L002	1	0.0000	0.0000	1.0000
HAMBI_0403_chrm01_circ_4014980	PS_Ct_r01_2015_12_14_L002	1	0.0000	0.0000	1.0000
HAMBI_0403_chrm01_circ_4014980	PS_Ct_r01_2016_01_11_L002	1	0.0000	0.0000	1.0000
HAMBI_0403_chrm01_circ_4014980	PS_Ct_r01_2016_02_08_L002	1	0.0000	0.0000	1.0000
HAMBI_0403_chrm01_circ_4014980	PS_Ct_r01_2016_03_07_L001	1	0.0000	0.0000	1.0000
HAMBI_0403_chrm01_circ_4014980	PS_Ct_r01_2016_04_03_L001	1	0.0000	0.0000	1.0000
HAMBI_0403_chrm01_circ_4014980	PS_Ct_r01_2016_05_04_L001	1	0.0000	0.0000	1.0000
HAMBI_0403_chrm01_circ_4014980	PS_Ct_r01_2016_05_30_L001	1	0.0000	0.0000	1.0000
HAMBI_0403_chrm01_circ_4014980	PS_Ct_r01_2016_07_25_L004	1	0.0000	0.0000	1.0000
HAMBI_0403_chrm01_circ_4014980	PS_Ct_r01_2016_08_22_L004	1	0.0000	0.0000	1.0000
HAMBI_0403_chrm01_circ_4014980	PS_Ct_r01_2016_09_19_L004	1	0.0101	0.0003	1.0000
HAMBI_0403_chrm01_circ_4014980	PS_Ct_r01_2016_10_17_L004	1	0.0225	0.0042	1.0000
HAMBI_0403_chrm01_circ_4014980	PS_Ct_r01_2016_11_14_L004	1	0.0322	0.0039	1.0000
HAMBI_0403_chrm01_circ_4014980	PS_Ct_r01_2016_12_12_L004	1	0.0338	0.0048	1.0000
HAMBI_0403_chrm01_circ_4014980	PS_Ct_r01_2017_01_09_L002	1	0.0817	0.0042	1.0000
HAMBI_0403_chrm01_circ_4014980	PS_Ct_r01_2017_02_06_L004	1	0.0644	0.0051	1.0000
HAMBI_0403_chrm01_circ_4014980	PS_Ct_r01_2017_03_06_L001	1	0.1162	0.0059	1.0000
HAMBI_0403_chrm01_circ_4014980	PS_Ct_r01_2017_04_03_L001	1	0.1107	0.0044	1.0000
HAMBI_0403_chrm01_circ_4014980	PS_Ct_r01_2017_05_29_L001	1	0.1035	0.0052	1.0000
HAMBI_0403_chrm01_circ_4014980	PS_Ct_r01_2017_07_24_L001	1	0.0816	0.0043	1.0000
HAMBI_0403_chrm01_circ_4014980	PS_Ct_r01_2017_08_21_L002	1	0.0524	0.0040	1.0000
HAMBI_0403_chrm01_circ_4346960	PS_Ct_r01_2015_08_24_L001	1	0.0000	0.0000	1.0000
HAMBI_0403_chrm01_circ_4346960	PS_Ct_r01_2015_09_21_L001	1	0.0000	0.0000	1.0000
HAMBI_0403_chrm01_circ_4346960	PS_Ct_r01_2015_10_19_L001	1	0.0000	0.0000	1.0000
HAMBI_0403_chrm01_circ_4346960	PS_Ct_r01_2015_11_16_L002	1	0.0000	0.0000	1.0000
HAMBI_0403_chrm01_circ_4346960	PS_Ct_r01_2015_12_14_L002	1	0.0000	0.0000	1.0000
HAMBI_0403_chrm01_circ_4346960	PS_Ct_r01_2016_01_11_L002	1	0.0000	0.0000	1.0000
HAMBI_0403_chrm01_circ_4346960	PS_Ct_r01_2016_02_08_L002	1	0.0000	0.0000	1.0000
HAMBI_0403_chrm01_circ_4346960	PS_Ct_r01_2016_03_07_L001	1	0.0000	0.0000	1.0000
HAMBI_0403_chrm01_circ_4346960	PS_Ct_r01_2016_04_03_L001	1	0.0000	0.0000	1.0000
HAMBI_0403_chrm01_circ_4346960	PS_Ct_r01_2016_05_04_L001	1	0.0000	0.0000	1.0000
HAMBI_0403_chrm01_circ_4346960	PS_Ct_r01_2016_05_30_L001	1	0.0000	0.0000	1.0000
HAMBI_0403_chrm01_circ_4346960	PS_Ct_r01_2016_07_25_L004	1	0.0000	0.0000	1.0000
HAMBI_0403_chrm01_circ_4346960	PS_Ct_r01_2016_08_22_L004	1	0.0000	0.0000	1.0000
HAMBI_0403_chrm01_circ_4346960	PS_Ct_r01_2016_09_19_L004	1	0.0101	0.0003	1.0000
HAMBI_0403_chrm01_circ_4346960	PS_Ct_r01_2016_10_17_L004	1	0.0225	0.0042	1.0000
HAMBI_0403_chrm01_circ_4346960	PS_Ct_r01_2016_11_14_L004	1	0.0322	0.0039	1.0000
HAMBI_0403_chrm01_circ_4346960	PS_Ct_r01_2016_12_12_L004	1	0.0338	0.0048	1.0000
HAMBI_0403_chrm01_circ_4346960	PS_Ct_r01_2017_01_09_L002	1	0.0817	0.0042	1.0000
HAMBI_0403_chrm01_circ_4346960	PS_Ct_r01_2017_02_06_L004	1	0.0644	0.0051	1.0000
HAMBI_0403_chrm01_circ_4346960	PS_Ct_r01_2017_03_06_L001	1	0.1162	0.0059	1.0000
HAMBI_0403_chrm01_circ_4346960	PS_Ct_r01_2017_04_03_L001	1	0.1107	0.0044	1.0000
HAMBI_0403_chrm01_circ_4346960	PS_Ct_r01_2017_05_29_L001	1	0.1035	0.0052	1.0000
HAMBI_0403_chrm01_circ_4346960	PS_Ct_r01_2017_07_24_L001	1	0.0816	0.0043	1.0000
HAMBI_0403_chrm01_circ_4346960	PS_Ct_r01_2017_08_21_L002	1	0.0524	0.0040	1.0000
HAMBI_0403_chrm01_circ_4383129	PS_Ct_r01_2015_08_24_L001	1	0.0000	0.0000	1.0000
HAMBI_0403_chrm01_circ_4383129	PS_Ct_r01_2015_09_21_L001	1	0.0000	0.0000	1.0000
HAMBI_0403_chrm01_circ_4383129	PS_Ct_r01_2015_10_19_L001	1	0.0000	0.0000	1.0000
HAMBI_0403_chrm01_circ_4383129	PS_Ct_r01_2015_11_16_L002	1	0.0000	0.0000	1.0000
HAMBI_0403_chrm01_circ_4383129	PS_Ct_r01_2015_12_14_L002	1	0.0000	0.0000	1.0000
HAMBI_0403_chrm01_circ_4383129	PS_Ct_r01_2016_01_11_L002	1	0.0000	0.0000	1.0000
HAMBI_0403_chrm01_circ_4383129	PS_Ct_r01_2016_02_08_L002	1	0.0000	0.0000	1.0000
HAMBI_0403_chrm01_circ_4383129	PS_Ct_r01_2016_03_07_L001	1	0.0000	0.0000	1.0000
HAMBI_0403_chrm01_circ_4383129	PS_Ct_r01_2016_04_03_L001	1	0.0000	0.0000	1.0000
HAMBI_0403_chrm01_circ_4383129	PS_Ct_r01_2016_05_04_L001	1	0.0000	0.0000	1.0000
HAMBI_0403_chrm01_circ_4383129	PS_Ct_r01_2016_05_30_L001	1	0.0000	0.0000	1.0000
HAMBI_0403_chrm01_circ_4383129	PS_Ct_r01_2016_07_25_L004	1	0.0000	0.0000	1.0000
HAMBI_0403_chrm01_circ_4383129	PS_Ct_r01_2016_08_22_L004	1	0.0000	0.0000	1.0000
HAMBI_0403_chrm01_circ_4383129	PS_Ct_r01_2016_09_19_L004	1	0.0101	0.0003	1.0000
HAMBI_0403_chrm01_circ_4383129	PS_Ct_r01_2016_10_17_L004	1	0.0225	0.0042	1.0000
HAMBI_0403_chrm01_circ_4383129	PS_Ct_r01_2016_11_14_L004	1	0.0322	0.0039	1.0000
HAMBI_0403_chrm01_circ_4383129	PS_Ct_r01_2016_12_12_L004	1	0.0338	0.0048	1.0000
HAMBI_0403_chrm01_circ_4383129	PS_Ct_r01_2017_01_09_L002	1	0.0817	0.0042	1.0000
HAMBI_0403_chrm01_circ_4383129	PS_Ct_r01_2017_02_06_L004	1	0.0644	0.0051	1.0000
HAMBI_0403_chrm01_circ_4383129	PS_Ct_r01_2017_03_06_L001	1	0.1162	0.0059	1.0000
HAMBI_0403_chrm01_circ_4383129	PS_Ct_r01_2017_04_03_L001	1	0.1107	0.0044	1.0000
HAMBI_0403_chrm01_circ_4383129	PS_Ct_r01_2017_05_29_L001	1	0.1035	0.0052	1.0000
HAMBI_0403_chrm01_circ_4383129	PS_Ct_r01_2017_07_24_L001	1	0.0816	0.0043	1.0000
HAMBI_0403_chrm01_circ_4383129	PS_Ct_r01_2017_08_21_L002	1	0.0524	0.0040	1.0000
HAMBI_0403_chrm01_circ_4565807	PS_Ct_r01_2015_08_24_L001	1	0.0000	0.0000	1.0000
HAMBI_0403_chrm01_circ_4565807	PS_Ct_r01_2015_09_21_L001	1	0.0000	0.0000	1.0000
HAMBI_0403_chrm01_circ_4565807	PS_Ct_r01_2015_10_19_L001	1	0.0000	0.0000	1.0000
HAMBI_0403_chrm01_circ_4565807	PS_Ct_r01_2015_11_16_L002	1	0.0000	0.0000	1.0000
HAMBI_0403_chrm01_circ_4565807	PS_Ct_r01_2015_12_14_L002	1	0.0000	0.0000	1.0000
HAMBI_0403_chrm01_circ_4565807	PS_Ct_r01_2016_01_11_L002	1	0.0000	0.0000	1.0000
HAMBI_0403_chrm01_circ_4565807	PS_Ct_r01_2016_02_08_L002	1	0.0000	0.0000	1.0000
HAMBI_0403_chrm01_circ_4565807	PS_Ct_r01_2016_03_07_L001	1	0.0000	0.0000	1.0000
HAMBI_0403_chrm01_circ_4565807	PS_Ct_r01_2016_04_03_L001	1	0.0000	0.0000	1.0000
HAMBI_0403_chrm01_circ_4565807	PS_Ct_r01_2016_05_04_L001	1	0.0000	0.0000	1.0000
HAMBI_0403_chrm01_circ_4565807	PS_Ct_r01_2016_05_30_L001	1	0.0000	0.0000	1.0000
HAMBI_0403_chrm01_circ_4565807	PS_Ct_r01_2016_07_25_L004	1	0.0000	0.0000	1.0000
HAMBI_0403_chrm01_circ_4565807	PS_Ct_r01_2016_08_22_L004	1	0.0000	0.0000	1.0000
HAMBI_0403_chrm01_circ_4565807	PS_Ct_r01_2016_09_19_L004	1	0.0101	0.0003	1.0000
HAMBI_0403_chrm01_circ_4565807	PS_Ct_r01_2016_10_17_L004	1	0.0225	0.0042	1.0000
HAMBI_0403_chrm01_circ_4565807	PS_Ct_r01_2016_11_14_L004	1	0.0322	0.0039	1.0000
HAMBI_0403_chrm01_circ_4565807	PS_Ct_r01_2016_12_12_L004	1	0.0338	0.0048	1.0000
HAMBI_0403_chrm01_circ_4565807	PS_Ct_r01_2017_01_09_L002	1	0.0817	0.0042	1.0000
HAMBI_0403_chrm01_circ_4565807	PS_Ct_r01_2017_02_06_L004	1	0.0644	0.0051	1.0000
HAMBI_0403_chrm01_circ_4565807	PS_Ct_r01_2017_03_06_L001	1	0.1162	0.0059	1.0000
HAMBI_0403_chrm01_circ_4565807	PS_Ct_r01_2017_04_03_L001	1	0.1107	0.0044	1.0000
HAMBI_0403_chrm01_circ_4565807	PS_Ct_r01_2017_05_29_L001	1	0.1035	0.0052	1.0000
HAMBI_0403_chrm01_circ_4565807	PS_Ct_r01_2017_07_24_L001	1	0.0816	0.0043	1.0000
HAMBI_0403_chrm01_circ_4565807	PS_Ct_r01_2017_08_21_L002	1	0.0524	0.0040	1.0000
HAMBI_0403_chrm01_circ_4679672	PS_Ct_r01_2015_08_24_L001	1	0.0000	0.0000	1.0000
HAMBI_0403_chrm01_circ_4679672	PS_Ct_r01_2015_09_21_L001	1	0.0000	0.0000	1.0000
HAMBI_0403_chrm01_circ_4679672	PS_Ct_r01_2015_10_19_L001	1	0.0000	0.0000	1.0000
HAMBI_0403_chrm01_circ_4679672	PS_Ct_r01_2015_11_16_L002	1	0.0000	0.0000	1.0000
HAMBI_0403_chrm01_circ_4679672	PS_Ct_r01_2015_12_14_L002	1	0.0000	0.0000	1.0000
HAMBI_0403_chrm01_circ_4679672	PS_Ct_r01_2016_01_11_L002	1	0.0000	0.0000	1.0000
HAMBI_0403_chrm01_circ_4679672	PS_Ct_r01_2016_02_08_L002	1	0.0000	0.0000	1.0000
HAMBI_0403_chrm01_circ_4679672	PS_Ct_r01_2016_03_07_L001	1	0.0000	0.0000	1.0000
HAMBI_0403_chrm01_circ_4679672	PS_Ct_r01_2016_04_03_L001	1	0.0000	0.0000	1.0000
HAMBI_0403_chrm01_circ_4679672	PS_Ct_r01_2016_05_04_L001	1	0.0000	0.0000	1.0000
HAMBI_0403_chrm01_circ_4679672	PS_Ct_r01_2016_05_30_L001	1	0.0000	0.0000	1.0000
HAMBI_0403_chrm01_circ_4679672	PS_Ct_r01_2016_07_25_L004	1	0.0000	0.0000	1.0000
HAMBI_0403_chrm01_circ_4679672	PS_Ct_r01_2016_08_22_L004	1	0.0000	0.0000	1.0000
HAMBI_0403_chrm01_circ_4679672	PS_Ct_r01_2016_09_19_L004	1	0.0101	0.0003	1.0000
HAMBI_0403_chrm01_circ_4679672	PS_Ct_r01_2016_10_17_L004	1	0.0225	0.0042	1.0000
HAMBI_0403_chrm01_circ_4679672	PS_Ct_r01_2016_11_14_L004	1	0.0322	0.0039	1.0000
HAMBI_0403_chrm01_circ_4679672	PS_Ct_r01_2016_12_12_L004	1	0.0338	0.0048	1.0000
HAMBI_0403_chrm01_circ_4679672	PS_Ct_r01_2017_01_09_L002	1	0.0817	0.0042	1.0000
HAMBI_0403_chrm01_circ_4679672	PS_Ct_r01_2017_02_06_L004	1	0.0644	0.0051	1.0000
HAMBI_0403_chrm01_circ_4679672	PS_Ct_r01_2017_03_06_L001	1	0.1162	0.0059	1.0000
HAMBI_0403_chrm01_circ_4679672	PS_Ct_r01_2017_04_03_L001	1	0.1107	0.0044	1.0000
HAMBI_0403_chrm01_circ_4679672	PS_Ct_r01_2017_05_29_L001	1	0.1035	0.0052	1.0000
HAMBI_0403_chrm01_circ_4679672	PS_Ct_r01_2017_07_24_L001	1	0.0816	0.0043	1.0000
HAMBI_0403_chrm01_circ_4679672	PS_Ct_r01_2017_08_21_L002	1	0.0524	0.0040	1.0000
HAMBI_0403_chrm01_circ_4777707	PS_Ct_r01_2015_08_24_L001	1	0.0000	0.0000	1.0000
HAMBI_0403_chrm01_circ_4777707	PS_Ct_r01_2015_09_21_L001	1	0.0000	0.0000	1.0000
HAMBI_0403_chrm01_circ_4777707	PS_Ct_r01_2015_10_19_L001	1	0.0000	0.0000	1.0000
HAMBI_0403_chrm01_circ_4777707	PS_Ct_r01_2015_11_16_L002	1	0.0000	0.0000	1.0000
HAMBI_0403_chrm01_circ_4777707	PS_Ct_r01_2015_12_14_L002	1	0.0000	0.0000	1.0000
HAMBI_0403_chrm01_circ_4777707	PS_Ct_r01_2016_01_11_L002	1	0.0000	0.0000	1.0000
HAMBI_0403_chrm01_circ_4777707	PS_Ct_r01_2016_02_08_L002	1	0.0000	0.0000	1.0000
HAMBI_0403_chrm01_circ_4777707	PS_Ct_r01_2016_03_07_L001	1	0.0000	0.0000	1.0000
HAMBI_0403_chrm01_circ_4777707	PS_Ct_r01_2016_04_03_L001	1	0.0000	0.0000	1.0000
HAMBI_0403_chrm01_circ_4777707	PS_Ct_r01_2016_05_04_L001	1	0.0000	0.0000	1.0000
HAMBI_0403_chrm01_circ_4777707	PS_Ct_r01_2016_05_30_L001	1	0.0000	0.0000	1.0000
HAMBI_0403_chrm01_circ_4777707	PS_Ct_r01_2016_07_25_L004	1	0.0000	0.0000	1.0000
HAMBI_0403_chrm01_circ_4777707	PS_Ct_r01_2016_08_22_L004	1	0.0000	0.0000	1.0000
HAMBI_0403_chrm01_circ_4777707	PS_Ct_r01_2016_09_19_L004	1	0.0101	0.0003	1.0000
HAMBI_0403_chrm01_circ_4777707	PS_Ct_r01_2016_10_17_L004	1	0.0225	0.0042	1.0000
HAMBI_0403_chrm01_circ_4777707	PS_Ct_r01_2016_11_14_L004	1	0.0322	0.0039	1.0000
HAMBI_0403_chrm01_circ_4777707	PS_Ct_r01_2016_12_12_L004	1	0.0338	0.0048	1.0000
HAMBI_0403_chrm01_circ_4777707	PS_Ct_r01_2017_01_09_L002	1	0.0817	0.0042	1.0000
HAMBI_0403_chrm01_circ_4777707	PS_Ct_r01_2017_02_06_L004	1	0.0644	0.0051	1.0000
HAMBI_0403_chrm01_circ_4777707	PS_Ct_r01_2017_03_06_L001	1	0.1162	0.0059	1.0000
HAMBI_0403_chrm01_circ_4777707	PS_Ct_r01_2017_04_03_L001	1	0.1107	0.0044	1.0000
HAMBI_0403_chrm01_circ_4777707	PS_Ct_r01_2017_05_29_L001	1	0.1035	0.0052	1.0000
HAMBI_0403_chrm01_circ_4777707	PS_Ct_r01_2017_07_24_L001	1	0.0816	0.0043	1.0000
HAMBI_0403_chrm01_circ_4777707	PS_Ct_r01_2017_08_21_L002	1	0.0524	0.0040	1.0000
HAMBI_0403_chrm01_circ_4783340	PS_Ct_r01_2015_08_24_L001	1	0.0000	0.0000	1.0000
HAMBI_0403_chrm01_circ_4783340	PS_Ct_r01_2015_09_21_L001	1	0.0000	0.0000	1.0000
HAMBI_0403_chrm01_circ_4783340	PS_Ct_r01_2015_10_19_L001	1	0.0000	0.0000	1.0000
HAMBI_0403_chrm01_circ_4783340	PS_Ct_r01_2015_11_16_L002	1	0.0000	0.0000	1.0000
HAMBI_0403_chrm01_circ_4783340	PS_Ct_r01_2015_12_14_L002	1	0.0000	0.0000	1.0000
HAMBI_0403_chrm01_circ_4783340	PS_Ct_r01_2016_01_11_L002	1	0.0000	0.0000	1.0000
HAMBI_0403_chrm01_circ_4783340	PS_Ct_r01_2016_02_08_L002	1	0.0000	0.0000	1.0000
HAMBI_0403_chrm01_circ_4783340	PS_Ct_r01_2016_03_07_L001	1	0.0000	0.0000	1.0000
HAMBI_0403_chrm01_circ_4783340	PS_Ct_r01_2016_04_03_L001	1	0.0000	0.0000	1.0000
HAMBI_0403_chrm01_circ_4783340	PS_Ct_r01_2016_05_04_L001	1	0.0000	0.0000	1.0000
HAMBI_0403_chrm01_circ_4783340	PS_Ct_r01_2016_05_30_L001	1	0.0000	0.0000	1.0000
HAMBI_0403_chrm01_circ_4783340	PS_Ct_r01_2016_07_25_L004	1	0.0000	0.0000	1.0000
HAMBI_0403_chrm01_circ_4783340	PS_Ct_r01_2016_08_22_L004	1	0.0000	0.0000	1.0000
HAMBI_0403_chrm01_circ_4783340	PS_Ct_r01_2016_09_19_L004	1	0.0101	0.0003	1.0000
HAMBI_0403_chrm01_circ_4783340	PS_Ct_r01_2016_10_17_L004	1	0.0225	0.0042	1.0000
HAMBI_0403_chrm01_circ_4783340	PS_Ct_r01_2016_11_14_L004	1	0.0322	0.0039	1.0000
HAMBI_0403_chrm01_circ_4783340	PS_Ct_r01_2016_12_12_L004	1	0.0338	0.0048	1.0000
HAMBI_0403_chrm01_circ_4783340	PS_Ct_r01_2017_01_09_L002	1	0.0817	0.0042	1.0000
HAMBI_0403_chrm01_circ_4783340	PS_Ct_r01_2017_02_06_L004	1	0.0644	0.0051	1.0000
HAMBI_0403_chrm01_circ_4783340	PS_Ct_r01_2017_03_06_L001	1	0.1162	0.0059	1.0000
HAMBI_0403_chrm01_circ_4783340	PS_Ct_r01_2017_04_03_L001	1	0.1107	0.0044	1.0000
HAMBI_0403_chrm01_circ_4783340	PS_Ct_r01_2017_05_29_L001	1	0.1035	0.0052	1.0000
HAMBI_0403_chrm01_circ_4783340	PS_Ct_r01_2017_07_24_L001	1	0.0816	0.0043	1.0000
HAMBI_0403_chrm01_circ_4783340	PS_Ct_r01_2017_08_21_L002	1	0.0524	0.0040	1.0000
HAMBI_0403_chrm01_circ_4809466	PS_Ct_r01_2015_08_24_L001	1	0.0000	0.0000	1.0000
HAMBI_0403_chrm01_circ_4809466	PS_Ct_r01_2015_09_21_L001	1	0.0000	0.0000	1.0000
HAMBI_0403_chrm01_circ_4809466	PS_Ct_r01_2015_10_19_L001	1	0.0000	0.0000	1.0000
HAMBI_0403_chrm01_circ_4809466	PS_Ct_r01_2015_11_16_L002	1	0.0000	0.0000	1.0000
HAMBI_0403_chrm01_circ_4809466	PS_Ct_r01_2015_12_14_L002	1	0.0000	0.0000	1.0000
HAMBI_0403_chrm01_circ_4809466	PS_Ct_r01_2016_01_11_L002	1	0.0000	0.0000	1.0000
HAMBI_0403_chrm01_circ_4809466	PS_Ct_r01_2016_02_08_L002	1	0.0000	0.0000	1.0000
HAMBI_0403_chrm01_circ_4809466	PS_Ct_r01_2016_03_07_L001	1	0.0000	0.0000	1.0000
HAMBI_0403_chrm01_circ_4809466	PS_Ct_r01_2016_04_03_L001	1	0.0000	0.0000	1.0000
HAMBI_0403_chrm01_circ_4809466	PS_Ct_r01_2016_05_04_L001	1	0.0000	0.0000	1.0000
HAMBI_0403_chrm01_circ_4809466	PS_Ct_r01_2016_05_30_L001	1	0.0000	0.0000	1.0000
HAMBI_0403_chrm01_circ_4809466	PS_Ct_r01_2016_07_25_L004	1	0.0000	0.0000	1.0000
HAMBI_0403_chrm01_circ_4809466	PS_Ct_r01_2016_08_22_L004	1	0.0000	0.0000	1.0000
HAMBI_0403_chrm01_circ_4809466	PS_Ct_r01_2016_09_19_L004	1	0.0101	0.0003	1.0000
HAMBI_0403_chrm01_circ_4809466	PS_Ct_r01_2016_10_17_L004	1	0.0225	0.0042	1.0000
HAMBI_0403_chrm01_circ_4809466	PS_Ct_r01_2016_11_14_L004	1	0.0322	0.0039	1.0000
HAMBI_0403_chrm01_circ_4809466	PS_Ct_r01_2016_12_12_L004	1	0.0338	0.0048	1.0000
HAMBI_0403_chrm01_circ_4809466	PS_Ct_r01_2017_01_09_L002	1	0.0817	0.0042	1.0000
HAMBI_0403_chrm01_circ_4809466	PS_Ct_r01_2017_02_06_L004	1	0.0644	0.0051	1.0000
HAMBI_0403_chrm01_circ_4809466	PS_Ct_r01_2017_03_06_L001	1	0.1162	0.0059	1.0000
HAMBI_0403_chrm01_circ_4809466	PS_Ct_r01_2017_04_03_L001	1	0.1107	0.0044	1.0000
HAMBI_0403_chrm01_circ_4809466	PS_Ct_r01_2017_05_29_L001	1	0.1035	0.0052	1.0000
HAMBI_0403_chrm01_circ_4809466	PS_Ct_r01_2017_07_24_L001	1	0.0816	0.0043	1.0000
HAMBI_0403_chrm01_circ_4809466	PS_Ct_r01_2017_08_21_L002	1	0.0524	0.0040	1.0000
HAMBI_0403_chrm01_circ_4886598	PS_Ct_r01_2015_08_24_L001	1	0.0000	0.0000	1.0000
HAMBI_0403_chrm01_circ_4886598	PS_Ct_r01_2015_09_21_L001	1	0.0000	0.0000	1.0000
HAMBI_0403_chrm01_circ_4886598	PS_Ct_r01_2015_10_19_L001	1	0.0000	0.0000	1.0000
HAMBI_0403_chrm01_circ_4886598	PS_Ct_r01_2015_11_16_L002	1	0.0000	0.0000	1.0000
HAMBI_0403_chrm01_circ_4886598	PS_Ct_r01_2015_12_14_L002	1	0.0000	0.0000	1.0000
HAMBI_0403_chrm01_circ_4886598	PS_Ct_r01_2016_01_11_L002	1	0.0000	0.0000	1.0000
HAMBI_0403_chrm01_circ_4886598	PS_Ct_r01_2016_02_08_L002	1	0.0000	0.0000	1.0000
HAMBI_0403_chrm01_circ_4886598	PS_Ct_r01_2016_03_07_L001	1	0.0000	0.0000	1.0000
HAMBI_0403_chrm01_circ_4886598	PS_Ct_r01_2016_04_03_L001	1	0.0000	0.0000	1.0000
HAMBI_0403_chrm01_circ_4886598	PS_Ct_r01_2016_05_04_L001	1	0.0000	0.0000	1.0000
HAMBI_0403_chrm01_circ_4886598	PS_Ct_r01_2016_05_30_L001	1	0.0000	0.0000	1.0000
HAMBI_0403_chrm01_circ_4886598	PS_Ct_r01_2016_07_25_L004	1	0.0000	0.0000	1.0000
HAMBI_0403_chrm01_circ_4886598	PS_Ct_r01_2016_08_22_L004	1	0.0000	0.0000	1.0000
HAMBI_0403_chrm01_circ_4886598	PS_Ct_r01_2016_09_19_L004	1	0.0101	0.0003	1.0000
HAMBI_0403_chrm01_circ_4886598	PS_Ct_r01_2016_10_17_L004	1	0.0225	0.0042	1.0000
HAMBI_0403_chrm01_circ_4886598	PS_Ct_r01_2016_11_14_L004	1	0.0322	0.0039	1.0000
HAMBI_0403_chrm01_circ_4886598	PS_Ct_r01_2016_12_12_L004	1	0.0338	0.0048	1.0000
HAMBI_0403_chrm01_circ_4886598	PS_Ct_r01_2017_01_09_L002	1	0.0817	0.0042	1.0000
HAMBI_0403_chrm01_circ_4886598	PS_Ct_r01_2017_02_06_L004	1	0.0644	0.0051	1.0000
HAMBI_0403_chrm01_circ_4886598	PS_Ct_r01_2017_03_06_L001	1	0.1162	0.0059	1.0000
HAMBI_0403_chrm01_circ_4886598	PS_Ct_r01_2017_04_03_L001	1	0.1107	0.0044	1.0000
HAMBI_0403_chrm01_circ_4886598	PS_Ct_r01_2017_05_29_L001	1	0.1035	0.0052	1.0000
HAMBI_0403_chrm01_circ_4886598	PS_Ct_r01_2017_07_24_L001	1	0.0816	0.0043	1.0000
HAMBI_0403_chrm01_circ_4886598	PS_Ct_r01_2017_08_21_L002	1	0.0524	0.0040	1.0000
HAMBI_0403_chrm01_circ_5016940	PS_Ct_r01_2015_08_24_L001	1	0.0000	0.0000	1.0000
HAMBI_0403_chrm01_circ_5016940	PS_Ct_r01_2015_09_21_L001	1	0.0000	0.0000	1.0000
HAMBI_0403_chrm01_circ_5016940	PS_Ct_r01_2015_10_19_L001	1	0.0000	0.0000	1.0000
HAMBI_0403_chrm01_circ_5016940	PS_Ct_r01_2015_11_16_L002	1	0.0000	0.0000	1.0000
HAMBI_0403_chrm01_circ_5016940	PS_Ct_r01_2015_12_14_L002	1	0.0000	0.0000	1.0000
HAMBI_0403_chrm01_circ_5016940	PS_Ct_r01_2016_01_11_L002	1	0.0000	0.0000	1.0000
HAMBI_0403_chrm01_circ_5016940	PS_Ct_r01_2016_02_08_L002	1	0.0000	0.0000	1.0000
HAMBI_0403_chrm01_circ_5016940	PS_Ct_r01_2016_03_07_L001	1	0.0000	0.0000	1.0000
HAMBI_0403_chrm01_circ_5016940	PS_Ct_r01_2016_04_03_L001	1	0.0000	0.0000	1.0000
HAMBI_0403_chrm01_circ_5016940	PS_Ct_r01_2016_05_04_L001	1	0.0000	0.0000	1.0000
HAMBI_0403_chrm01_circ_5016940	PS_Ct_r01_2016_05_30_L001	1	0.0000	0.0000	1.0000
HAMBI_0403_chrm01_circ_5016940	PS_Ct_r01_2016_07_25_L004	1	0.0000	0.0000	1.0000
HAMBI_0403_chrm01_circ_5016940	PS_Ct_r01_2016_08_22_L004	1	0.0000	0.0000	1.0000
HAMBI_0403_chrm01_circ_5016940	PS_Ct_r01_2016_09_19_L004	1	0.0101	0.0003	1.0000
HAMBI_0403_chrm01_circ_5016940	PS_Ct_r01_2016_10_17_L004	1	0.0225	0.0042	1.0000
HAMBI_0403_chrm01_circ_5016940	PS_Ct_r01_2016_11_14_L004	1	0.0322	0.0039	1.0000
HAMBI_0403_chrm01_circ_5016940	PS_Ct_r01_2016_12_12_L004	1	0.0338	0.0048	1.0000
HAMBI_0403_chrm01_circ_5016940	PS_Ct_r01_2017_01_09_L002	1	0.0817	0.0042	1.0000
HAMBI_0403_chrm01_circ_5016940	PS_Ct_r01_2017_02_06_L004	1	0.0644	0.0051	1.0000
HAMBI_0403_chrm01_circ_5016940	PS_Ct_r01_2017_03_06_L001	1	0.1162	0.0059	1.0000
HAMBI_0403_chrm01_circ_5016940	PS_Ct_r01_2017_04_03_L001	1	0.1107	0.0044	1.0000
HAMBI_0403_chrm01_circ_5016940	PS_Ct_r01_2017_05_29_L001	1	0.1035	0.0052	1.0000
HAMBI_0403_chrm01_circ_5016940	PS_Ct_r01_2017_07_24_L001	1	0.0816	0.0043	1.0000
HAMBI_0403_chrm01_circ_5016940	PS_Ct_r01_2017_08_21_L002	1	0.0524	0.0040	1.0000
HAMBI_0403_chrm01_circ_5058436	PS_Ct_r01_2015_08_24_L001	1	0.0000	0.0000	1.0000
HAMBI_0403_chrm01_circ_5058436	PS_Ct_r01_2015_09_21_L001	1	0.0000	0.0000	1.0000
HAMBI_0403_chrm01_circ_5058436	PS_Ct_r01_2015_10_19_L001	1	0.0000	0.0000	1.0000
HAMBI_0403_chrm01_circ_5058436	PS_Ct_r01_2015_11_16_L002	1	0.0000	0.0000	1.0000
HAMBI_0403_chrm01_circ_5058436	PS_Ct_r01_2015_12_14_L002	1	0.0000	0.0000	1.0000
HAMBI_0403_chrm01_circ_5058436	PS_Ct_r01_2016_01_11_L002	1	0.0000	0.0000	1.0000
HAMBI_0403_chrm01_circ_5058436	PS_Ct_r01_2016_02_08_L002	1	0.0000	0.0000	1.0000
HAMBI_0403_chrm01_circ_5058436	PS_Ct_r01_2016_03_07_L001	1	0.0000	0.0000	1.0000
HAMBI_0403_chrm01_circ_5058436	PS_Ct_r01_2016_04_03_L001	1	0.0000	0.0000	1.0000
HAMBI_0403_chrm01_circ_5058436	PS_Ct_r01_2016_05_04_L001	1	0.0000	0.0000	1.0000
HAMBI_0403_chrm01_circ_5058436	PS_Ct_r01_2016_05_30_L001	1	0.0000	0.0000	1.0000
HAMBI_0403_chrm01_circ_5058436	PS_Ct_r01_2016_07_25_L004	1	0.0000	0.0000	1.0000
HAMBI_0403_chrm01_circ_5058436	PS_Ct_r01_2016_08_22_L004	1	0.0000	0.0000	1.0000
HAMBI_0403_chrm01_circ_5058436	PS_Ct_r01_2016_09_19_L004	1	0.0101	0.0003	1.0000
HAMBI_0403_chrm01_circ_5058436	PS_Ct_r01_2016_10_17_L004	1	0.0225	0.0042	1.0000
HAMBI_0403_chrm01_circ_5058436	PS_Ct_r01_2016_11_14_L004	1	0.0322	0.0039	1.0000
HAMBI_0403_chrm01_circ_5058436	PS_Ct_r01_2016_12_12_L004	1	0.0338	0.0048	1.0000
HAMBI_0403_chrm01_circ_5058436	PS_Ct_r01_2017_01_09_L002	1	0.0817	0.0042	1.0000
HAMBI_0403_chrm01_circ_5058436	PS_Ct_r01_2017_02_06_L004	1	0.0644	0.0051	1.0000
HAMBI_0403_chrm01_circ_5058436	PS_Ct_r01_2017_03_06_L001	1	0.1162	0.0059	1.0000
HAMBI_0403_chrm01_circ_5058436	PS_Ct_r01_2017_04_03_L001	1	0.1107	0.0044	1.0000
HAMBI_0403_chrm01_circ_5058436	PS_Ct_r01_2017_05_29_L001	1	0.1035	0.0052	1.0000
HAMBI_0403_chrm01_circ_5058436	PS_Ct_r01_2017_07_24_L001	1	0.0816	0.0043	1.0000
HAMBI_0403_chrm01_circ_5058436	PS_Ct_r01_2017_08_21_L002	1	0.0524	0.0040	1.0000
HAMBI_0403_chrm01_circ_5144273	PS_Ct_r01_2015_08_24_L001	1	0.0000	0.0000	1.0000
HAMBI_0403_chrm01_circ_5144273	PS_Ct_r01_2015_09_21_L001	1	0.0000	0.0000	1.0000
HAMBI_0403_chrm01_circ_5144273	PS_Ct_r01_2015_10_19_L001	1	0.0000	0.0000	1.0000
HAMBI_0403_chrm01_circ_5144273	PS_Ct_r01_2015_11_16_L002	1	0.0000	0.0000	1.0000
HAMBI_0403_chrm01_circ_5144273	PS_Ct_r01_2015_12_14_L002	1	0.0000	0.0000	1.0000
HAMBI_0403_chrm01_circ_5144273	PS_Ct_r01_2016_01_11_L002	1	0.0000	0.0000	1.0000
HAMBI_0403_chrm01_circ_5144273	PS_Ct_r01_2016_02_08_L002	1	0.0000	0.0000	1.0000
HAMBI_0403_chrm01_circ_5144273	PS_Ct_r01_2016_03_07_L001	1	0.0000	0.0000	1.0000
HAMBI_0403_chrm01_circ_5144273	PS_Ct_r01_2016_04_03_L001	1	0.0000	0.0000	1.0000
HAMBI_0403_chrm01_circ_5144273	PS_Ct_r01_2016_05_04_L001	1	0.0000	0.0000	1.0000
HAMBI_0403_chrm01_circ_5144273	PS_Ct_r01_2016_05_30_L001	1	0.0000	0.0000	1.0000
HAMBI_0403_chrm01_circ_5144273	PS_Ct_r01_2016_07_25_L004	1	0.0000	0.0000	1.0000
HAMBI_0403_chrm01_circ_5144273	PS_Ct_r01_2016_08_22_L004	1	0.0000	0.0000	1.0000
HAMBI_0403_chrm01_circ_5144273	PS_Ct_r01_2016_09_19_L004	1	0.0101	0.0003	1.0000
HAMBI_0403_chrm01_circ_5144273	PS_Ct_r01_2016_10_17_L004	1	0.0225	0.0042	1.0000
HAMBI_0403_chrm01_circ_5144273	PS_Ct_r01_2016_11_14_L004	1	0.0322	0.0039	1.0000
HAMBI_0403_chrm01_circ_5144273	PS_Ct_r01_2016_12_12_L004	1	0.0338	0.0048	1.0000
HAMBI_0403_chrm01_circ_5144273	PS_Ct_r01_2017_01_09_L002	1	0.0817	0.0042	1.0000
HAMBI_0403_chrm01_circ_5144273	PS_Ct_r01_2017_02_06_L004	1	0.0644	0.0051	1.0000
HAMBI_0403_chrm01_circ_5144273	PS_Ct_r01_2017_03_06_L001	1	0.1162	0.0059	1.0000
HAMBI_0403_chrm01_circ_5144273	PS_Ct_r01_2017_04_03_L001	1	0.1107	0.0044	1.0000
HAMBI_0403_chrm01_circ_5144273	PS_Ct_r01_2017_05_29_L001	1	0.1035	0.0052	1.0000
HAMBI_0403_chrm01_circ_5144273	PS_Ct_r01_2017_07_24_L001	1	0.0816	0.0043	1.0000
HAMBI_0403_chrm01_circ_5144273	PS_Ct_r01_2017_08_21_L002	1	0.0524	0.0040	1.0000
HAMBI_0403_chrm01_circ_5172243	PS_Ct_r01_2015_08_24_L001	1	0.0000	0.0000	1.0000
HAMBI_0403_chrm01_circ_5172243	PS_Ct_r01_2015_09_21_L001	1	0.0000	0.0000	1.0000
HAMBI_0403_chrm01_circ_5172243	PS_Ct_r01_2015_10_19_L001	1	0.0000	0.0000	1.0000
HAMBI_0403_chrm01_circ_5172243	PS_Ct_r01_2015_11_16_L002	1	0.0000	0.0000	1.0000
HAMBI_0403_chrm01_circ_5172243	PS_Ct_r01_2015_12_14_L002	1	0.0000	0.0000	1.0000
HAMBI_0403_chrm01_circ_5172243	PS_Ct_r01_2016_01_11_L002	1	0.0000	0.0000	1.0000
HAMBI_0403_chrm01_circ_5172243	PS_Ct_r01_2016_02_08_L002	1	0.0000	0.0000	1.0000
HAMBI_0403_chrm01_circ_5172243	PS_Ct_r01_2016_03_07_L001	1	0.0000	0.0000	1.0000
HAMBI_0403_chrm01_circ_5172243	PS_Ct_r01_2016_04_03_L001	1	0.0000	0.0000	1.0000
HAMBI_0403_chrm01_circ_5172243	PS_Ct_r01_2016_05_04_L001	1	0.0000	0.0000	1.0000
HAMBI_0403_chrm01_circ_5172243	PS_Ct_r01_2016_05_30_L001	1	0.0000	0.0000	1.0000
HAMBI_0403_chrm01_circ_5172243	PS_Ct_r01_2016_07_25_L004	1	0.0000	0.0000	1.0000
HAMBI_0403_chrm01_circ_5172243	PS_Ct_r01_2016_08_22_L004	1	0.0000	0.0000	1.0000
HAMBI_0403_chrm01_circ_5172243	PS_Ct_r01_2016_09_19_L004	1	0.0101	0.0003	1.0000
HAMBI_0403_chrm01_circ_5172243	PS_Ct_r01_2016_10_17_L004	1	0.0225	0.0042	1.0000
HAMBI_0403_chrm01_circ_5172243	PS_Ct_r01_2016_11_14_L004	1	0.0322	0.0039	1.0000
HAMBI_0403_chrm01_circ_5172243	PS_Ct_r01_2016_12_12_L004	1	0.0338	0.0048	1.0000
HAMBI_0403_chrm01_circ_5172243	PS_Ct_r01_2017_01_09_L002	1	0.0817	0.0042	1.0000
HAMBI_0403_chrm01_circ_5172243	PS_Ct_r01_2017_02_06_L004	1	0.0644	0.0051	1.0000
HAMBI_0403_chrm01_circ_5172243	PS_Ct_r01_2017_03_06_L001	1	0.1162	0.0059	1.0000
HAMBI_0403_chrm01_circ_5172243	PS_Ct_r01_2017_04_03_L001	1	0.1107	0.0044	1.0000
HAMBI_0403_chrm01_circ_5172243	PS_Ct_r01_2017_05_29_L001	1	0.1035	0.0052	1.0000
HAMBI_0403_chrm01_circ_5172243	PS_Ct_r01_2017_07_24_L001	1	0.0816	0.0043	1.0000
HAMBI_0403_chrm01_circ_5172243	PS_Ct_r01_2017_08_21_L002	1	0.0524	0.0040	1.0000
HAMBI_0403_chrm01_circ_5202594	PS_Ct_r01_2015_08_24_L001	1	0.0000	0.0000	1.0000
HAMBI_0403_chrm01_circ_5202594	PS_Ct_r01_2015_09_21_L001	1	0.0000	0.0000	1.0000
HAMBI_0403_chrm01_circ_5202594	PS_Ct_r01_2015_10_19_L001	1	0.0000	0.0000	1.0000
HAMBI_0403_chrm01_circ_5202594	PS_Ct_r01_2015_11_16_L002	1	0.0000	0.0000	1.0000
HAMBI_0403_chrm01_circ_5202594	PS_Ct_r01_2015_12_14_L002	1	0.0000	0.0000	1.0000
HAMBI_0403_chrm01_circ_5202594	PS_Ct_r01_2016_01_11_L002	1	0.0000	0.0000	1.0000
HAMBI_0403_chrm01_circ_5202594	PS_Ct_r01_2016_02_08_L002	1	0.0000	0.0000	1.0000
HAMBI_0403_chrm01_circ_5202594	PS_Ct_r01_2016_03_07_L001	1	0.0000	0.0000	1.0000
HAMBI_0403_chrm01_circ_5202594	PS_Ct_r01_2016_04_03_L001	1	0.0000	0.0000	1.0000
HAMBI_0403_chrm01_circ_5202594	PS_Ct_r01_2016_05_04_L001	1	0.0000	0.0000	1.0000
HAMBI_0403_chrm01_circ_5202594	PS_Ct_r01_2016_05_30_L001	1	0.0000	0.0000	1.0000
HAMBI_0403_chrm01_circ_5202594	PS_Ct_r01_2016_07_25_L004	1	0.0000	0.0000	1.0000
HAMBI_0403_chrm01_circ_5202594	PS_Ct_r01_2016_08_22_L004	1	0.0000	0.0000	1.0000
HAMBI_0403_chrm01_circ_5202594	PS_Ct_r01_2016_09_19_L004	1	0.0101	0.0003	1.0000
HAMBI_0403_chrm01_circ_5202594	PS_Ct_r01_2016_10_17_L004	1	0.0225	0.0042	1.0000
HAMBI_0403_chrm01_circ_5202594	PS_Ct_r01_2016_11_14_L004	1	0.0322	0.0039	1.0000
HAMBI_0403_chrm01_circ_5202594	PS_Ct_r01_2016_12_12_L004	1	0.0338	0.0048	1.0000
HAMBI_0403_chrm01_circ_5202594	PS_Ct_r01_2017_01_09_L002	1	0.0817	0.0042	1.0000
HAMBI_0403_chrm01_circ_5202594	PS_Ct_r01_2017_02_06_L004	1	0.0644	0.0051	1.0000
HAMBI_0403_chrm01_circ_5202594	PS_Ct_r01_2017_03_06_L001	1	0.1162	0.0059	1.0000
HAMBI_0403_chrm01_circ_5202594	PS_Ct_r01_2017_04_03_L001	1	0.1107	0.0044	1.0000
HAMBI_0403_chrm01_circ_5202594	PS_Ct_r01_2017_05_29_L001	1	0.1035	0.0052	1.0000
HAMBI_0403_chrm01_circ_5202594	PS_Ct_r01_2017_07_24_L001	1	0.0816	0.0043	1.0000
HAMBI_0403_chrm01_circ_5202594	PS_Ct_r01_2017_08_21_L002	1	0.0524	0.0040	1.0000
HAMBI_0403_chrm01_circ_5317285	PS_Ct_r01_2015_08_24_L001	1	0.0000	0.0000	1.0000
HAMBI_0403_chrm01_circ_5317285	PS_Ct_r01_2015_09_21_L001	1	0.0000	0.0000	1.0000
HAMBI_0403_chrm01_circ_5317285	PS_Ct_r01_2015_10_19_L001	1	0.0000	0.0000	1.0000
HAMBI_0403_chrm01_circ_5317285	PS_Ct_r01_2015_11_16_L002	1	0.0000	0.0000	1.0000
HAMBI_0403_chrm01_circ_5317285	PS_Ct_r01_2015_12_14_L002	1	0.0000	0.0000	1.0000
HAMBI_0403_chrm01_circ_5317285	PS_Ct_r01_2016_01_11_L002	1	0.0000	0.0000	1.0000
HAMBI_0403_chrm01_circ_5317285	PS_Ct_r01_2016_02_08_L002	1	0.0000	0.0000	1.0000
HAMBI_0403_chrm01_circ_5317285	PS_Ct_r01_2016_03_07_L001	1	0.0000	0.0000	1.0000
HAMBI_0403_chrm01_circ_5317285	PS_Ct_r01_2016_04_03_L001	1	0.0000	0.0000	1.0000
HAMBI_0403_chrm01_circ_5317285	PS_Ct_r01_2016_05_04_L001	1	0.0000	0.0000	1.0000
HAMBI_0403_chrm01_circ_5317285	PS_Ct_r01_2016_05_30_L001	1	0.0000	0.0000	1.0000
HAMBI_0403_chrm01_circ_5317285	PS_Ct_r01_2016_07_25_L004	1	0.0000	0.0000	1.0000
HAMBI_0403_chrm01_circ_5317285	PS_Ct_r01_2016_08_22_L004	1	0.0000	0.0000	1.0000
HAMBI_0403_chrm01_circ_5317285	PS_Ct_r01_2016_09_19_L004	1	0.0101	0.0003	1.0000
HAMBI_0403_chrm01_circ_5317285	PS_Ct_r01_2016_10_17_L004	1	0.0225	0.0042	1.0000
HAMBI_0403_chrm01_circ_5317285	PS_Ct_r01_2016_11_14_L004	1	0.0322	0.0039	1.0000
HAMBI_0403_chrm01_circ_5317285	PS_Ct_r01_2016_12_12_L004	1	0.0338	0.0048	1.0000
HAMBI_0403_chrm01_circ_5317285	PS_Ct_r01_2017_01_09_L002	1	0.0817	0.0042	1.0000
HAMBI_0403_chrm01_circ_5317285	PS_Ct_r01_2017_02_06_L004	1	0.0644	0.0051	1.0000
HAMBI_0403_chrm01_circ_5317285	PS_Ct_r01_2017_03_06_L001	1	0.1162	0.0059	1.0000
HAMBI_0403_chrm01_circ_5317285	PS_Ct_r01_2017_04_03_L001	1	0.1107	0.0044	1.0000
HAMBI_0403_chrm01_circ_5317285	PS_Ct_r01_2017_05_29_L001	1	0.1035	0.0052	1.0000
HAMBI_0403_chrm01_circ_5317285	PS_Ct_r01_2017_07_24_L001	1	0.0816	0.0043	1.0000
HAMBI_0403_chrm01_circ_5317285	PS_Ct_r01_2017_08_21_L002	1	0.0524	0.0040	1.0000
HAMBI_0403_chrm01_circ_5466787	PS_Ct_r01_2015_08_24_L001	1	0.0000	0.0000	0.8636
HAMBI_0403_chrm01_circ_5466787	PS_Ct_r01_2015_09_21_L001	1	0.0000	0.0000	0.8636
HAMBI_0403_chrm01_circ_5466787	PS_Ct_r01_2015_10_19_L001	1	0.0000	0.0000	0.8636
HAMBI_0403_chrm01_circ_5466787	PS_Ct_r01_2015_11_16_L002	1	0.0000	0.0000	0.8636
HAMBI_0403_chrm01_circ_5466787	PS_Ct_r01_2015_12_14_L002	1	0.0000	0.0000	0.8636
HAMBI_0403_chrm01_circ_5466787	PS_Ct_r01_2016_01_11_L002	1	0.0000	0.0000	0.8636
HAMBI_0403_chrm01_circ_5466787	PS_Ct_r01_2016_02_08_L002	1	0.0000	0.0000	0.8636
HAMBI_0403_chrm01_circ_5466787	PS_Ct_r01_2016_03_07_L001	1	0.0000	0.0000	0.8636
HAMBI_0403_chrm01_circ_5466787	PS_Ct_r01_2016_04_03_L001	1	0.0000	0.0000	0.8636
HAMBI_0403_chrm01_circ_5466787	PS_Ct_r01_2016_05_04_L001	1	0.0000	0.0000	0.8636
HAMBI_0403_chrm01_circ_5466787	PS_Ct_r01_2016_05_30_L001	1	0.0000	0.0000	0.8636
HAMBI_0403_chrm01_circ_5466787	PS_Ct_r01_2016_07_25_L004	1	0.0000	0.0000	0.8636
HAMBI_0403_chrm01_circ_5466787	PS_Ct_r01_2016_08_22_L004	1	0.0000	0.0000	0.8636
HAMBI_0403_chrm01_circ_5466787	PS_Ct_r01_2016_09_19_L004	1	0.0101	0.0003	0.8636
HAMBI_0403_chrm01_circ_5466787	PS_Ct_r01_2016_10_17_L004	1	0.0225	0.0042	0.8636
HAMBI_0403_chrm01_circ_5466787	PS_Ct_r01_2016_11_14_L004	1	0.0322	0.0039	0.8636
HAMBI_0403_chrm01_circ_5466787	PS_Ct_r01_2016_12_12_L004	1	0.0338	0.0048	0.8636
HAMBI_0403_chrm01_circ_5466787	PS_Ct_r01_2017_01_09_L002	1	0.0817	0.0042	0.8636
HAMBI_0403_chrm01_circ_5466787	PS_Ct_r01_2017_02_06_L004	1	0.0644	0.0051	0.8636
HAMBI_0403_chrm01_circ_5466787	PS_Ct_r01_2017_03_06_L001	1	0.1162	0.0059	0.8636
HAMBI_0403_chrm01_circ_5466787	PS_Ct_r01_2017_04_03_L001	1	0.1107	0.0044	0.8636
HAMBI_0403_chrm01_circ_5466787	PS_Ct_r01_2017_05_29_L001	1	0.1035	0.0052	0.8636
HAMBI_0403_chrm01_circ_5466787	PS_Ct_r01_2017_07_24_L001	1	0.0816	0.0043	0.8636
HAMBI_0403_chrm01_circ_5466787	PS_Ct_r01_2017_08_21_L002	1	0.0524	0.0040	0.8636
HAMBI_0403_chrm01_circ_5480518	PS_Ct_r01_2015_08_24_L001	1	0.0000	0.0000	1.0000
HAMBI_0403_chrm01_circ_5480518	PS_Ct_r01_2015_09_21_L001	1	0.0000	0.0000	1.0000
HAMBI_0403_chrm01_circ_5480518	PS_Ct_r01_2015_10_19_L001	1	0.0000	0.0000	1.0000
HAMBI_0403_chrm01_circ_5480518	PS_Ct_r01_2015_11_16_L002	1	0.0000	0.0000	1.0000
HAMBI_0403_chrm01_circ_5480518	PS_Ct_r01_2015_12_14_L002	1	0.0000	0.0000	1.0000
HAMBI_0403_chrm01_circ_5480518	PS_Ct_r01_2016_01_11_L002	1	0.0000	0.0000	1.0000
HAMBI_0403_chrm01_circ_5480518	PS_Ct_r01_2016_02_08_L002	1	0.0000	0.0000	1.0000
HAMBI_0403_chrm01_circ_5480518	PS_Ct_r01_2016_03_07_L001	1	0.0000	0.0000	1.0000
HAMBI_0403_chrm01_circ_5480518	PS_Ct_r01_2016_04_03_L001	1	0.0000	0.0000	1.0000
HAMBI_0403_chrm01_circ_5480518	PS_Ct_r01_2016_05_04_L001	1	0.0000	0.0000	1.0000
HAMBI_0403_chrm01_circ_5480518	PS_Ct_r01_2016_05_30_L001	1	0.0000	0.0000	1.0000
HAMBI_0403_chrm01_circ_5480518	PS_Ct_r01_2016_07_25_L004	1	0.0000	0.0000	1.0000
HAMBI_0403_chrm01_circ_5480518	PS_Ct_r01_2016_08_22_L004	1	0.0000	0.0000	1.0000
HAMBI_0403_chrm01_circ_5480518	PS_Ct_r01_2016_09_19_L004	1	0.0101	0.0003	1.0000
HAMBI_0403_chrm01_circ_5480518	PS_Ct_r01_2016_10_17_L004	1	0.0225	0.0042	1.0000
HAMBI_0403_chrm01_circ_5480518	PS_Ct_r01_2016_11_14_L004	1	0.0322	0.0039	1.0000
HAMBI_0403_chrm01_circ_5480518	PS_Ct_r01_2016_12_12_L004	1	0.0338	0.0048	1.0000
HAMBI_0403_chrm01_circ_5480518	PS_Ct_r01_2017_01_09_L002	1	0.0817	0.0042	1.0000
HAMBI_0403_chrm01_circ_5480518	PS_Ct_r01_2017_02_06_L004	1	0.0644	0.0051	1.0000
HAMBI_0403_chrm01_circ_5480518	PS_Ct_r01_2017_03_06_L001	1	0.1162	0.0059	1.0000
HAMBI_0403_chrm01_circ_5480518	PS_Ct_r01_2017_04_03_L001	1	0.1107	0.0044	1.0000
HAMBI_0403_chrm01_circ_5480518	PS_Ct_r01_2017_05_29_L001	1	0.1035	0.0052	1.0000
HAMBI_0403_chrm01_circ_5480518	PS_Ct_r01_2017_07_24_L001	1	0.0816	0.0043	1.0000
HAMBI_0403_chrm01_circ_5480518	PS_Ct_r01_2017_08_21_L002	1	0.0524	0.0040	1.0000
HAMBI_0403_chrm01_circ_5496868	PS_Ct_r01_2015_08_24_L001	1	0.0000	0.0000	1.0000
HAMBI_0403_chrm01_circ_5496868	PS_Ct_r01_2015_09_21_L001	1	0.0000	0.0000	1.0000
HAMBI_0403_chrm01_circ_5496868	PS_Ct_r01_2015_10_19_L001	1	0.0000	0.0000	1.0000
HAMBI_0403_chrm01_circ_5496868	PS_Ct_r01_2015_11_16_L002	1	0.0000	0.0000	1.0000
HAMBI_0403_chrm01_circ_5496868	PS_Ct_r01_2015_12_14_L002	1	0.0000	0.0000	1.0000
HAMBI_0403_chrm01_circ_5496868	PS_Ct_r01_2016_01_11_L002	1	0.0000	0.0000	1.0000
HAMBI_0403_chrm01_circ_5496868	PS_Ct_r01_2016_02_08_L002	1	0.0000	0.0000	1.0000
HAMBI_0403_chrm01_circ_5496868	PS_Ct_r01_2016_03_07_L001	1	0.0000	0.0000	1.0000
HAMBI_0403_chrm01_circ_5496868	PS_Ct_r01_2016_04_03_L001	1	0.0000	0.0000	1.0000
HAMBI_0403_chrm01_circ_5496868	PS_Ct_r01_2016_05_04_L001	1	0.0000	0.0000	1.0000
HAMBI_0403_chrm01_circ_5496868	PS_Ct_r01_2016_05_30_L001	1	0.0000	0.0000	1.0000
HAMBI_0403_chrm01_circ_5496868	PS_Ct_r01_2016_07_25_L004	1	0.0000	0.0000	1.0000
HAMBI_0403_chrm01_circ_5496868	PS_Ct_r01_2016_08_22_L004	1	0.0000	0.0000	1.0000
HAMBI_0403_chrm01_circ_5496868	PS_Ct_r01_2016_09_19_L004	1	0.0101	0.0003	1.0000
HAMBI_0403_chrm01_circ_5496868	PS_Ct_r01_2016_10_17_L004	1	0.0225	0.0042	1.0000
HAMBI_0403_chrm01_circ_5496868	PS_Ct_r01_2016_11_14_L004	1	0.0322	0.0039	1.0000
HAMBI_0403_chrm01_circ_5496868	PS_Ct_r01_2016_12_12_L004	1	0.0338	0.0048	1.0000
HAMBI_0403_chrm01_circ_5496868	PS_Ct_r01_2017_01_09_L002	1	0.0817	0.0042	1.0000
HAMBI_0403_chrm01_circ_5496868	PS_Ct_r01_2017_02_06_L004	1	0.0644	0.0051	1.0000
HAMBI_0403_chrm01_circ_5496868	PS_Ct_r01_2017_03_06_L001	1	0.1162	0.0059	1.0000
HAMBI_0403_chrm01_circ_5496868	PS_Ct_r01_2017_04_03_L001	1	0.1107	0.0044	1.0000
HAMBI_0403_chrm01_circ_5496868	PS_Ct_r01_2017_05_29_L001	1	0.1035	0.0052	1.0000
HAMBI_0403_chrm01_circ_5496868	PS_Ct_r01_2017_07_24_L001	1	0.0816	0.0043	1.0000
HAMBI_0403_chrm01_circ_5496868	PS_Ct_r01_2017_08_21_L002	1	0.0524	0.0040	1.0000
HAMBI_0403_chrm01_circ_5505150	PS_Ct_r01_2015_08_24_L001	1	0.0000	0.0000	1.0000
HAMBI_0403_chrm01_circ_5505150	PS_Ct_r01_2015_09_21_L001	1	0.0000	0.0000	1.0000
HAMBI_0403_chrm01_circ_5505150	PS_Ct_r01_2015_10_19_L001	1	0.0000	0.0000	1.0000
HAMBI_0403_chrm01_circ_5505150	PS_Ct_r01_2015_11_16_L002	1	0.0000	0.0000	1.0000
HAMBI_0403_chrm01_circ_5505150	PS_Ct_r01_2015_12_14_L002	1	0.0000	0.0000	1.0000
HAMBI_0403_chrm01_circ_5505150	PS_Ct_r01_2016_01_11_L002	1	0.0000	0.0000	1.0000
HAMBI_0403_chrm01_circ_5505150	PS_Ct_r01_2016_02_08_L002	1	0.0000	0.0000	1.0000
HAMBI_0403_chrm01_circ_5505150	PS_Ct_r01_2016_03_07_L001	1	0.0000	0.0000	1.0000
HAMBI_0403_chrm01_circ_5505150	PS_Ct_r01_2016_04_03_L001	1	0.0000	0.0000	1.0000
HAMBI_0403_chrm01_circ_5505150	PS_Ct_r01_2016_05_04_L001	1	0.0000	0.0000	1.0000
HAMBI_0403_chrm01_circ_5505150	PS_Ct_r01_2016_05_30_L001	1	0.0000	0.0000	1.0000
HAMBI_0403_chrm01_circ_5505150	PS_Ct_r01_2016_07_25_L004	1	0.0000	0.0000	1.0000
HAMBI_0403_chrm01_circ_5505150	PS_Ct_r01_2016_08_22_L004	1	0.0000	0.0000	1.0000
HAMBI_0403_chrm01_circ_5505150	PS_Ct_r01_2016_09_19_L004	1	0.0101	0.0003	1.0000
HAMBI_0403_chrm01_circ_5505150	PS_Ct_r01_2016_10_17_L004	1	0.0225	0.0042	1.0000
HAMBI_0403_chrm01_circ_5505150	PS_Ct_r01_2016_11_14_L004	1	0.0322	0.0039	1.0000
HAMBI_0403_chrm01_circ_5505150	PS_Ct_r01_2016_12_12_L004	1	0.0338	0.0048	1.0000
HAMBI_0403_chrm01_circ_5505150	PS_Ct_r01_2017_01_09_L002	1	0.0817	0.0042	1.0000
HAMBI_0403_chrm01_circ_5505150	PS_Ct_r01_2017_02_06_L004	1	0.0644	0.0051	1.0000
HAMBI_0403_chrm01_circ_5505150	PS_Ct_r01_2017_03_06_L001	1	0.1162	0.0059	1.0000
HAMBI_0403_chrm01_circ_5505150	PS_Ct_r01_2017_04_03_L001	1	0.1107	0.0044	1.0000
HAMBI_0403_chrm01_circ_5505150	PS_Ct_r01_2017_05_29_L001	1	0.1035	0.0052	1.0000
HAMBI_0403_chrm01_circ_5505150	PS_Ct_r01_2017_07_24_L001	1	0.0816	0.0043	1.0000
HAMBI_0403_chrm01_circ_5505150	PS_Ct_r01_2017_08_21_L002	1	0.0524	0.0040	1.0000
HAMBI_0403_chrm01_circ_5509278	PS_Ct_r01_2015_08_24_L001	1	0.0000	0.0000	1.0000
HAMBI_0403_chrm01_circ_5509278	PS_Ct_r01_2015_09_21_L001	1	0.0000	0.0000	1.0000
HAMBI_0403_chrm01_circ_5509278	PS_Ct_r01_2015_10_19_L001	1	0.0000	0.0000	1.0000
HAMBI_0403_chrm01_circ_5509278	PS_Ct_r01_2015_11_16_L002	1	0.0000	0.0000	1.0000
HAMBI_0403_chrm01_circ_5509278	PS_Ct_r01_2015_12_14_L002	1	0.0000	0.0000	1.0000
HAMBI_0403_chrm01_circ_5509278	PS_Ct_r01_2016_01_11_L002	1	0.0000	0.0000	1.0000
HAMBI_0403_chrm01_circ_5509278	PS_Ct_r01_2016_02_08_L002	1	0.0000	0.0000	1.0000
HAMBI_0403_chrm01_circ_5509278	PS_Ct_r01_2016_03_07_L001	1	0.0000	0.0000	1.0000
HAMBI_0403_chrm01_circ_5509278	PS_Ct_r01_2016_04_03_L001	1	0.0000	0.0000	1.0000
HAMBI_0403_chrm01_circ_5509278	PS_Ct_r01_2016_05_04_L001	1	0.0000	0.0000	1.0000
HAMBI_0403_chrm01_circ_5509278	PS_Ct_r01_2016_05_30_L001	1	0.0000	0.0000	1.0000
HAMBI_0403_chrm01_circ_5509278	PS_Ct_r01_2016_07_25_L004	1	0.0000	0.0000	1.0000
HAMBI_0403_chrm01_circ_5509278	PS_Ct_r01_2016_08_22_L004	1	0.0000	0.0000	1.0000
HAMBI_0403_chrm01_circ_5509278	PS_Ct_r01_2016_09_19_L004	1	0.0101	0.0003	1.0000
HAMBI_0403_chrm01_circ_5509278	PS_Ct_r01_2016_10_17_L004	1	0.0225	0.0042	1.0000
HAMBI_0403_chrm01_circ_5509278	PS_Ct_r01_2016_11_14_L004	1	0.0322	0.0039	1.0000
HAMBI_0403_chrm01_circ_5509278	PS_Ct_r01_2016_12_12_L004	1	0.0338	0.0048	1.0000
HAMBI_0403_chrm01_circ_5509278	PS_Ct_r01_2017_01_09_L002	1	0.0817	0.0042	1.0000
HAMBI_0403_chrm01_circ_5509278	PS_Ct_r01_2017_02_06_L004	1	0.0644	0.0051	1.0000
HAMBI_0403_chrm01_circ_5509278	PS_Ct_r01_2017_03_06_L001	1	0.1162	0.0059	1.0000
HAMBI_0403_chrm01_circ_5509278	PS_Ct_r01_2017_04_03_L001	1	0.1107	0.0044	1.0000
HAMBI_0403_chrm01_circ_5509278	PS_Ct_r01_2017_05_29_L001	1	0.1035	0.0052	1.0000
HAMBI_0403_chrm01_circ_5509278	PS_Ct_r01_2017_07_24_L001	1	0.0816	0.0043	1.0000
HAMBI_0403_chrm01_circ_5509278	PS_Ct_r01_2017_08_21_L002	1	0.0524	0.0040	1.0000
HAMBI_0403_chrm01_circ_5556275	PS_Ct_r01_2015_08_24_L001	1	0.0000	0.0000	1.0000
HAMBI_0403_chrm01_circ_5556275	PS_Ct_r01_2015_09_21_L001	1	0.0000	0.0000	1.0000
HAMBI_0403_chrm01_circ_5556275	PS_Ct_r01_2015_10_19_L001	1	0.0000	0.0000	1.0000
HAMBI_0403_chrm01_circ_5556275	PS_Ct_r01_2015_11_16_L002	1	0.0000	0.0000	1.0000
HAMBI_0403_chrm01_circ_5556275	PS_Ct_r01_2015_12_14_L002	1	0.0000	0.0000	1.0000
HAMBI_0403_chrm01_circ_5556275	PS_Ct_r01_2016_01_11_L002	1	0.0000	0.0000	1.0000
HAMBI_0403_chrm01_circ_5556275	PS_Ct_r01_2016_02_08_L002	1	0.0000	0.0000	1.0000
HAMBI_0403_chrm01_circ_5556275	PS_Ct_r01_2016_03_07_L001	1	0.0000	0.0000	1.0000
HAMBI_0403_chrm01_circ_5556275	PS_Ct_r01_2016_04_03_L001	1	0.0000	0.0000	1.0000
HAMBI_0403_chrm01_circ_5556275	PS_Ct_r01_2016_05_04_L001	1	0.0000	0.0000	1.0000
HAMBI_0403_chrm01_circ_5556275	PS_Ct_r01_2016_05_30_L001	1	0.0000	0.0000	1.0000
HAMBI_0403_chrm01_circ_5556275	PS_Ct_r01_2016_07_25_L004	1	0.0000	0.0000	1.0000
HAMBI_0403_chrm01_circ_5556275	PS_Ct_r01_2016_08_22_L004	1	0.0000	0.0000	1.0000
HAMBI_0403_chrm01_circ_5556275	PS_Ct_r01_2016_09_19_L004	1	0.0101	0.0003	1.0000
HAMBI_0403_chrm01_circ_5556275	PS_Ct_r01_2016_10_17_L004	1	0.0225	0.0042	1.0000
HAMBI_0403_chrm01_circ_5556275	PS_Ct_r01_2016_11_14_L004	1	0.0322	0.0039	1.0000
HAMBI_0403_chrm01_circ_5556275	PS_Ct_r01_2016_12_12_L004	1	0.0338	0.0048	1.0000
HAMBI_0403_chrm01_circ_5556275	PS_Ct_r01_2017_01_09_L002	1	0.0817	0.0042	1.0000
HAMBI_0403_chrm01_circ_5556275	PS_Ct_r01_2017_02_06_L004	1	0.0644	0.0051	1.0000
HAMBI_0403_chrm01_circ_5556275	PS_Ct_r01_2017_03_06_L001	1	0.1162	0.0059	1.0000
HAMBI_0403_chrm01_circ_5556275	PS_Ct_r01_2017_04_03_L001	1	0.1107	0.0044	1.0000
HAMBI_0403_chrm01_circ_5556275	PS_Ct_r01_2017_05_29_L001	1	0.1035	0.0052	1.0000
HAMBI_0403_chrm01_circ_5556275	PS_Ct_r01_2017_07_24_L001	1	0.0816	0.0043	1.0000
HAMBI_0403_chrm01_circ_5556275	PS_Ct_r01_2017_08_21_L002	1	0.0524	0.0040	1.0000
HAMBI_0403_chrm01_circ_5577286	PS_Ct_r01_2015_08_24_L001	1	0.0000	0.0000	1.0000
HAMBI_0403_chrm01_circ_5577286	PS_Ct_r01_2015_09_21_L001	1	0.0000	0.0000	1.0000
HAMBI_0403_chrm01_circ_5577286	PS_Ct_r01_2015_10_19_L001	1	0.0000	0.0000	1.0000
HAMBI_0403_chrm01_circ_5577286	PS_Ct_r01_2015_11_16_L002	1	0.0000	0.0000	1.0000
HAMBI_0403_chrm01_circ_5577286	PS_Ct_r01_2015_12_14_L002	1	0.0000	0.0000	1.0000
HAMBI_0403_chrm01_circ_5577286	PS_Ct_r01_2016_01_11_L002	1	0.0000	0.0000	1.0000
HAMBI_0403_chrm01_circ_5577286	PS_Ct_r01_2016_02_08_L002	1	0.0000	0.0000	1.0000
HAMBI_0403_chrm01_circ_5577286	PS_Ct_r01_2016_03_07_L001	1	0.0000	0.0000	1.0000
HAMBI_0403_chrm01_circ_5577286	PS_Ct_r01_2016_04_03_L001	1	0.0000	0.0000	1.0000
HAMBI_0403_chrm01_circ_5577286	PS_Ct_r01_2016_05_04_L001	1	0.0000	0.0000	1.0000
HAMBI_0403_chrm01_circ_5577286	PS_Ct_r01_2016_05_30_L001	1	0.0000	0.0000	1.0000
HAMBI_0403_chrm01_circ_5577286	PS_Ct_r01_2016_07_25_L004	1	0.0000	0.0000	1.0000
HAMBI_0403_chrm01_circ_5577286	PS_Ct_r01_2016_08_22_L004	1	0.0000	0.0000	1.0000
HAMBI_0403_chrm01_circ_5577286	PS_Ct_r01_2016_09_19_L004	1	0.0101	0.0003	1.0000
HAMBI_0403_chrm01_circ_5577286	PS_Ct_r01_2016_10_17_L004	1	0.0225	0.0042	1.0000
HAMBI_0403_chrm01_circ_5577286	PS_Ct_r01_2016_11_14_L004	1	0.0322	0.0039	1.0000
HAMBI_0403_chrm01_circ_5577286	PS_Ct_r01_2016_12_12_L004	1	0.0338	0.0048	1.0000
HAMBI_0403_chrm01_circ_5577286	PS_Ct_r01_2017_01_09_L002	1	0.0817	0.0042	1.0000
HAMBI_0403_chrm01_circ_5577286	PS_Ct_r01_2017_02_06_L004	1	0.0644	0.0051	1.0000
HAMBI_0403_chrm01_circ_5577286	PS_Ct_r01_2017_03_06_L001	1	0.1162	0.0059	1.0000
HAMBI_0403_chrm01_circ_5577286	PS_Ct_r01_2017_04_03_L001	1	0.1107	0.0044	1.0000
HAMBI_0403_chrm01_circ_5577286	PS_Ct_r01_2017_05_29_L001	1	0.1035	0.0052	1.0000
HAMBI_0403_chrm01_circ_5577286	PS_Ct_r01_2017_07_24_L001	1	0.0816	0.0043	1.0000
HAMBI_0403_chrm01_circ_5577286	PS_Ct_r01_2017_08_21_L002	1	0.0524	0.0040	1.0000
HAMBI_0403_chrm01_circ_5582265	PS_Ct_r01_2015_08_24_L001	1	0.0000	0.0000	1.0000
HAMBI_0403_chrm01_circ_5582265	PS_Ct_r01_2015_09_21_L001	1	0.0000	0.0000	1.0000
HAMBI_0403_chrm01_circ_5582265	PS_Ct_r01_2015_10_19_L001	1	0.0000	0.0000	1.0000
HAMBI_0403_chrm01_circ_5582265	PS_Ct_r01_2015_11_16_L002	1	0.0000	0.0000	1.0000
HAMBI_0403_chrm01_circ_5582265	PS_Ct_r01_2015_12_14_L002	1	0.0000	0.0000	1.0000
HAMBI_0403_chrm01_circ_5582265	PS_Ct_r01_2016_01_11_L002	1	0.0000	0.0000	1.0000
HAMBI_0403_chrm01_circ_5582265	PS_Ct_r01_2016_02_08_L002	1	0.0000	0.0000	1.0000
HAMBI_0403_chrm01_circ_5582265	PS_Ct_r01_2016_03_07_L001	1	0.0000	0.0000	1.0000
HAMBI_0403_chrm01_circ_5582265	PS_Ct_r01_2016_04_03_L001	1	0.0000	0.0000	1.0000
HAMBI_0403_chrm01_circ_5582265	PS_Ct_r01_2016_05_04_L001	1	0.0000	0.0000	1.0000
HAMBI_0403_chrm01_circ_5582265	PS_Ct_r01_2016_05_30_L001	1	0.0000	0.0000	1.0000
HAMBI_0403_chrm01_circ_5582265	PS_Ct_r01_2016_07_25_L004	1	0.0000	0.0000	1.0000
HAMBI_0403_chrm01_circ_5582265	PS_Ct_r01_2016_08_22_L004	1	0.0000	0.0000	1.0000
HAMBI_0403_chrm01_circ_5582265	PS_Ct_r01_2016_09_19_L004	1	0.0101	0.0003	1.0000
HAMBI_0403_chrm01_circ_5582265	PS_Ct_r01_2016_10_17_L004	1	0.0225	0.0042	1.0000
HAMBI_0403_chrm01_circ_5582265	PS_Ct_r01_2016_11_14_L004	1	0.0322	0.0039	1.0000
HAMBI_0403_chrm01_circ_5582265	PS_Ct_r01_2016_12_12_L004	1	0.0338	0.0048	1.0000
HAMBI_0403_chrm01_circ_5582265	PS_Ct_r01_2017_01_09_L002	1	0.0817	0.0042	1.0000
HAMBI_0403_chrm01_circ_5582265	PS_Ct_r01_2017_02_06_L004	1	0.0644	0.0051	1.0000
HAMBI_0403_chrm01_circ_5582265	PS_Ct_r01_2017_03_06_L001	1	0.1162	0.0059	1.0000
HAMBI_0403_chrm01_circ_5582265	PS_Ct_r01_2017_04_03_L001	1	0.1107	0.0044	1.0000
HAMBI_0403_chrm01_circ_5582265	PS_Ct_r01_2017_05_29_L001	1	0.1035	0.0052	1.0000
HAMBI_0403_chrm01_circ_5582265	PS_Ct_r01_2017_07_24_L001	1	0.0816	0.0043	1.0000
HAMBI_0403_chrm01_circ_5582265	PS_Ct_r01_2017_08_21_L002	1	0.0524	0.0040	1.0000
HAMBI_0403_chrm01_circ_5611589	PS_Ct_r01_2015_08_24_L001	1	0.0000	0.0000	1.0000
HAMBI_0403_chrm01_circ_5611589	PS_Ct_r01_2015_09_21_L001	1	0.0000	0.0000	1.0000
HAMBI_0403_chrm01_circ_5611589	PS_Ct_r01_2015_10_19_L001	1	0.0000	0.0000	1.0000
HAMBI_0403_chrm01_circ_5611589	PS_Ct_r01_2015_11_16_L002	1	0.0000	0.0000	1.0000
HAMBI_0403_chrm01_circ_5611589	PS_Ct_r01_2015_12_14_L002	1	0.0000	0.0000	1.0000
HAMBI_0403_chrm01_circ_5611589	PS_Ct_r01_2016_01_11_L002	1	0.0000	0.0000	1.0000
HAMBI_0403_chrm01_circ_5611589	PS_Ct_r01_2016_02_08_L002	1	0.0000	0.0000	1.0000
HAMBI_0403_chrm01_circ_5611589	PS_Ct_r01_2016_03_07_L001	1	0.0000	0.0000	1.0000
HAMBI_0403_chrm01_circ_5611589	PS_Ct_r01_2016_04_03_L001	1	0.0000	0.0000	1.0000
HAMBI_0403_chrm01_circ_5611589	PS_Ct_r01_2016_05_04_L001	1	0.0000	0.0000	1.0000
HAMBI_0403_chrm01_circ_5611589	PS_Ct_r01_2016_05_30_L001	1	0.0000	0.0000	1.0000
HAMBI_0403_chrm01_circ_5611589	PS_Ct_r01_2016_07_25_L004	1	0.0000	0.0000	1.0000
HAMBI_0403_chrm01_circ_5611589	PS_Ct_r01_2016_08_22_L004	1	0.0000	0.0000	1.0000
HAMBI_0403_chrm01_circ_5611589	PS_Ct_r01_2016_09_19_L004	1	0.0101	0.0003	1.0000
HAMBI_0403_chrm01_circ_5611589	PS_Ct_r01_2016_10_17_L004	1	0.0225	0.0042	1.0000
HAMBI_0403_chrm01_circ_5611589	PS_Ct_r01_2016_11_14_L004	1	0.0322	0.0039	1.0000
HAMBI_0403_chrm01_circ_5611589	PS_Ct_r01_2016_12_12_L004	1	0.0338	0.0048	1.0000
HAMBI_0403_chrm01_circ_5611589	PS_Ct_r01_2017_01_09_L002	1	0.0817	0.0042	1.0000
HAMBI_0403_chrm01_circ_5611589	PS_Ct_r01_2017_02_06_L004	1	0.0644	0.0051	1.0000
HAMBI_0403_chrm01_circ_5611589	PS_Ct_r01_2017_03_06_L001	1	0.1162	0.0059	1.0000
HAMBI_0403_chrm01_circ_5611589	PS_Ct_r01_2017_04_03_L001	1	0.1107	0.0044	1.0000
HAMBI_0403_chrm01_circ_5611589	PS_Ct_r01_2017_05_29_L001	1	0.1035	0.0052	1.0000
HAMBI_0403_chrm01_circ_5611589	PS_Ct_r01_2017_07_24_L001	1	0.0816	0.0043	1.0000
HAMBI_0403_chrm01_circ_5611589	PS_Ct_r01_2017_08_21_L002	1	0.0524	0.0040	1.0000
HAMBI_0403_chrm01_circ_574227	PS_Ct_r01_2015_08_24_L001	1	0.0000	0.0000	1.0000
HAMBI_0403_chrm01_circ_574227	PS_Ct_r01_2015_09_21_L001	1	0.0000	0.0000	1.0000
HAMBI_0403_chrm01_circ_574227	PS_Ct_r01_2015_10_19_L001	1	0.0000	0.0000	1.0000
HAMBI_0403_chrm01_circ_574227	PS_Ct_r01_2015_11_16_L002	1	0.0000	0.0000	1.0000
HAMBI_0403_chrm01_circ_574227	PS_Ct_r01_2015_12_14_L002	1	0.0000	0.0000	1.0000
HAMBI_0403_chrm01_circ_574227	PS_Ct_r01_2016_01_11_L002	1	0.0000	0.0000	1.0000
HAMBI_0403_chrm01_circ_574227	PS_Ct_r01_2016_02_08_L002	1	0.0000	0.0000	1.0000
HAMBI_0403_chrm01_circ_574227	PS_Ct_r01_2016_03_07_L001	1	0.0000	0.0000	1.0000
HAMBI_0403_chrm01_circ_574227	PS_Ct_r01_2016_04_03_L001	1	0.0000	0.0000	1.0000
HAMBI_0403_chrm01_circ_574227	PS_Ct_r01_2016_05_04_L001	1	0.0000	0.0000	1.0000
HAMBI_0403_chrm01_circ_574227	PS_Ct_r01_2016_05_30_L001	1	0.0000	0.0000	1.0000
HAMBI_0403_chrm01_circ_574227	PS_Ct_r01_2016_07_25_L004	1	0.0000	0.0000	1.0000
HAMBI_0403_chrm01_circ_574227	PS_Ct_r01_2016_08_22_L004	1	0.0000	0.0000	1.0000
HAMBI_0403_chrm01_circ_574227	PS_Ct_r01_2016_09_19_L004	1	0.0101	0.0003	1.0000
HAMBI_0403_chrm01_circ_574227	PS_Ct_r01_2016_10_17_L004	1	0.0225	0.0042	1.0000
HAMBI_0403_chrm01_circ_574227	PS_Ct_r01_2016_11_14_L004	1	0.0322	0.0039	1.0000
HAMBI_0403_chrm01_circ_574227	PS_Ct_r01_2016_12_12_L004	1	0.0338	0.0048	1.0000
HAMBI_0403_chrm01_circ_574227	PS_Ct_r01_2017_01_09_L002	1	0.0817	0.0042	1.0000
HAMBI_0403_chrm01_circ_574227	PS_Ct_r01_2017_02_06_L004	1	0.0644	0.0051	1.0000
HAMBI_0403_chrm01_circ_574227	PS_Ct_r01_2017_03_06_L001	1	0.1162	0.0059	1.0000
HAMBI_0403_chrm01_circ_574227	PS_Ct_r01_2017_04_03_L001	1	0.1107	0.0044	1.0000
HAMBI_0403_chrm01_circ_574227	PS_Ct_r01_2017_05_29_L001	1	0.1035	0.0052	1.0000
HAMBI_0403_chrm01_circ_574227	PS_Ct_r01_2017_07_24_L001	1	0.0816	0.0043	1.0000
HAMBI_0403_chrm01_circ_574227	PS_Ct_r01_2017_08_21_L002	1	0.0524	0.0040	1.0000
HAMBI_0403_chrm01_circ_688998	PS_Ct_r01_2015_08_24_L001	1	0.0000	0.0000	1.0000
HAMBI_0403_chrm01_circ_688998	PS_Ct_r01_2015_09_21_L001	1	0.0000	0.0000	1.0000
HAMBI_0403_chrm01_circ_688998	PS_Ct_r01_2015_10_19_L001	1	0.0000	0.0000	1.0000
HAMBI_0403_chrm01_circ_688998	PS_Ct_r01_2015_11_16_L002	1	0.0000	0.0000	1.0000
HAMBI_0403_chrm01_circ_688998	PS_Ct_r01_2015_12_14_L002	1	0.0000	0.0000	1.0000
HAMBI_0403_chrm01_circ_688998	PS_Ct_r01_2016_01_11_L002	1	0.0000	0.0000	1.0000
HAMBI_0403_chrm01_circ_688998	PS_Ct_r01_2016_02_08_L002	1	0.0000	0.0000	1.0000
HAMBI_0403_chrm01_circ_688998	PS_Ct_r01_2016_03_07_L001	1	0.0000	0.0000	1.0000
HAMBI_0403_chrm01_circ_688998	PS_Ct_r01_2016_04_03_L001	1	0.0000	0.0000	1.0000
HAMBI_0403_chrm01_circ_688998	PS_Ct_r01_2016_05_04_L001	1	0.0000	0.0000	1.0000
HAMBI_0403_chrm01_circ_688998	PS_Ct_r01_2016_05_30_L001	1	0.0000	0.0000	1.0000
HAMBI_0403_chrm01_circ_688998	PS_Ct_r01_2016_07_25_L004	1	0.0000	0.0000	1.0000
HAMBI_0403_chrm01_circ_688998	PS_Ct_r01_2016_08_22_L004	1	0.0000	0.0000	1.0000
HAMBI_0403_chrm01_circ_688998	PS_Ct_r01_2016_09_19_L004	1	0.0101	0.0003	1.0000
HAMBI_0403_chrm01_circ_688998	PS_Ct_r01_2016_10_17_L004	1	0.0225	0.0042	1.0000
HAMBI_0403_chrm01_circ_688998	PS_Ct_r01_2016_11_14_L004	1	0.0322	0.0039	1.0000
HAMBI_0403_chrm01_circ_688998	PS_Ct_r01_2016_12_12_L004	1	0.0338	0.0048	1.0000
HAMBI_0403_chrm01_circ_688998	PS_Ct_r01_2017_01_09_L002	1	0.0817	0.0042	1.0000
HAMBI_0403_chrm01_circ_688998	PS_Ct_r01_2017_02_06_L004	1	0.0644	0.0051	1.0000
HAMBI_0403_chrm01_circ_688998	PS_Ct_r01_2017_03_06_L001	1	0.1162	0.0059	1.0000
HAMBI_0403_chrm01_circ_688998	PS_Ct_r01_2017_04_03_L001	1	0.1107	0.0044	1.0000
HAMBI_0403_chrm01_circ_688998	PS_Ct_r01_2017_05_29_L001	1	0.1035	0.0052	1.0000
HAMBI_0403_chrm01_circ_688998	PS_Ct_r01_2017_07_24_L001	1	0.0816	0.0043	1.0000
HAMBI_0403_chrm01_circ_688998	PS_Ct_r01_2017_08_21_L002	1	0.0524	0.0040	1.0000
HAMBI_0403_chrm01_circ_742654	PS_Ct_r01_2015_08_24_L001	1	0.0000	0.0000	1.0000
HAMBI_0403_chrm01_circ_742654	PS_Ct_r01_2015_09_21_L001	1	0.0000	0.0000	1.0000
HAMBI_0403_chrm01_circ_742654	PS_Ct_r01_2015_10_19_L001	1	0.0000	0.0000	1.0000
HAMBI_0403_chrm01_circ_742654	PS_Ct_r01_2015_11_16_L002	1	0.0000	0.0000	1.0000
HAMBI_0403_chrm01_circ_742654	PS_Ct_r01_2015_12_14_L002	1	0.0000	0.0000	1.0000
HAMBI_0403_chrm01_circ_742654	PS_Ct_r01_2016_01_11_L002	1	0.0000	0.0000	1.0000
HAMBI_0403_chrm01_circ_742654	PS_Ct_r01_2016_02_08_L002	1	0.0000	0.0000	1.0000
HAMBI_0403_chrm01_circ_742654	PS_Ct_r01_2016_03_07_L001	1	0.0000	0.0000	1.0000
HAMBI_0403_chrm01_circ_742654	PS_Ct_r01_2016_04_03_L001	1	0.0000	0.0000	1.0000
HAMBI_0403_chrm01_circ_742654	PS_Ct_r01_2016_05_04_L001	1	0.0000	0.0000	1.0000
HAMBI_0403_chrm01_circ_742654	PS_Ct_r01_2016_05_30_L001	1	0.0000	0.0000	1.0000
HAMBI_0403_chrm01_circ_742654	PS_Ct_r01_2016_07_25_L004	1	0.0000	0.0000	1.0000
HAMBI_0403_chrm01_circ_742654	PS_Ct_r01_2016_08_22_L004	1	0.0000	0.0000	1.0000
HAMBI_0403_chrm01_circ_742654	PS_Ct_r01_2016_09_19_L004	1	0.0101	0.0003	1.0000
HAMBI_0403_chrm01_circ_742654	PS_Ct_r01_2016_10_17_L004	1	0.0225	0.0042	1.0000
HAMBI_0403_chrm01_circ_742654	PS_Ct_r01_2016_11_14_L004	1	0.0322	0.0039	1.0000
HAMBI_0403_chrm01_circ_742654	PS_Ct_r01_2016_12_12_L004	1	0.0338	0.0048	1.0000
HAMBI_0403_chrm01_circ_742654	PS_Ct_r01_2017_01_09_L002	1	0.0817	0.0042	1.0000
HAMBI_0403_chrm01_circ_742654	PS_Ct_r01_2017_02_06_L004	1	0.0644	0.0051	1.0000
HAMBI_0403_chrm01_circ_742654	PS_Ct_r01_2017_03_06_L001	1	0.1162	0.0059	1.0000
HAMBI_0403_chrm01_circ_742654	PS_Ct_r01_2017_04_03_L001	1	0.1107	0.0044	1.0000
HAMBI_0403_chrm01_circ_742654	PS_Ct_r01_2017_05_29_L001	1	0.1035	0.0052	1.0000
HAMBI_0403_chrm01_circ_742654	PS_Ct_r01_2017_07_24_L001	1	0.0816	0.0043	1.0000
HAMBI_0403_chrm01_circ_742654	PS_Ct_r01_2017_08_21_L002	1	0.0524	0.0040	1.0000
HAMBI_0403_chrm01_circ_9541	PS_Ct_r01_2015_08_24_L001	1	0.0000	0.0000	1.0000
HAMBI_0403_chrm01_circ_9541	PS_Ct_r01_2015_09_21_L001	1	0.0000	0.0000	1.0000
HAMBI_0403_chrm01_circ_9541	PS_Ct_r01_2015_10_19_L001	1	0.0000	0.0000	1.0000
HAMBI_0403_chrm01_circ_9541	PS_Ct_r01_2015_11_16_L002	1	0.0000	0.0000	1.0000
HAMBI_0403_chrm01_circ_9541	PS_Ct_r01_2015_12_14_L002	1	0.0000	0.0000	1.0000
HAMBI_0403_chrm01_circ_9541	PS_Ct_r01_2016_01_11_L002	1	0.0000	0.0000	1.0000
HAMBI_0403_chrm01_circ_9541	PS_Ct_r01_2016_02_08_L002	1	0.0000	0.0000	1.0000
HAMBI_0403_chrm01_circ_9541	PS_Ct_r01_2016_03_07_L001	1	0.0000	0.0000	1.0000
HAMBI_0403_chrm01_circ_9541	PS_Ct_r01_2016_04_03_L001	1	0.0000	0.0000	1.0000
HAMBI_0403_chrm01_circ_9541	PS_Ct_r01_2016_05_04_L001	1	0.0000	0.0000	1.0000
HAMBI_0403_chrm01_circ_9541	PS_Ct_r01_2016_05_30_L001	1	0.0000	0.0000	1.0000
HAMBI_0403_chrm01_circ_9541	PS_Ct_r01_2016_07_25_L004	1	0.0000	0.0000	1.0000
HAMBI_0403_chrm01_circ_9541	PS_Ct_r01_2016_08_22_L004	1	0.0000	0.0000	1.0000
HAMBI_0403_chrm01_circ_9541	PS_Ct_r01_2016_09_19_L004	1	0.0101	0.0003	1.0000
HAMBI_0403_chrm01_circ_9541	PS_Ct_r01_2016_10_17_L004	1	0.0225	0.0042	1.0000
HAMBI_0403_chrm01_circ_9541	PS_Ct_r01_2016_11_14_L004	1	0.0322	0.0039	1.0000
HAMBI_0403_chrm01_circ_9541	PS_Ct_r01_2016_12_12_L004	1	0.0338	0.0048	1.0000
HAMBI_0403_chrm01_circ_9541	PS_Ct_r01_2017_01_09_L002	1	0.0817	0.0042	1.0000
HAMBI_0403_chrm01_circ_9541	PS_Ct_r01_2017_02_06_L004	1	0.0644	0.0051	1.0000
HAMBI_0403_chrm01_circ_9541	PS_Ct_r01_2017_03_06_L001	1	0.1162	0.0059	1.0000
HAMBI_0403_chrm01_circ_9541	PS_Ct_r01_2017_04_03_L001	1	0.1107	0.0044	1.0000
HAMBI_0403_chrm01_circ_9541	PS_Ct_r01_2017_05_29_L001	1	0.1035	0.0052	1.0000
HAMBI_0403_chrm01_circ_9541	PS_Ct_r01_2017_07_24_L001	1	0.0816	0.0043	1.0000
HAMBI_0403_chrm01_circ_9541	PS_Ct_r01_2017_08_21_L002	1	0.0524	0.0040	1.0000
HAMBI_0403_chrm01_circ_1132762	PS_Ct_r01_2015_08_24_L001	2	0.0000	0.0000	1.0000
HAMBI_0403_chrm01_circ_1132762	PS_Ct_r01_2015_09_21_L001	2	0.0000	0.0000	1.0000
HAMBI_0403_chrm01_circ_1132762	PS_Ct_r01_2015_10_19_L001	2	0.0000	0.0000	1.0000
HAMBI_0403_chrm01_circ_1132762	PS_Ct_r01_2015_11_16_L002	2	0.0000	0.0000	1.0000
HAMBI_0403_chrm01_circ_1132762	PS_Ct_r01_2015_12_14_L002	2	0.0000	0.0000	1.0000
HAMBI_0403_chrm01_circ_1132762	PS_Ct_r01_2016_01_11_L002	2	0.0000	0.0000	1.0000
HAMBI_0403_chrm01_circ_1132762	PS_Ct_r01_2016_02_08_L002	2	0.0000	0.0000	1.0000
HAMBI_0403_chrm01_circ_1132762	PS_Ct_r01_2016_03_07_L001	2	0.0000	0.0000	1.0000
HAMBI_0403_chrm01_circ_1132762	PS_Ct_r01_2016_04_03_L001	2	0.0103	0.0014	1.0000
HAMBI_0403_chrm01_circ_1132762	PS_Ct_r01_2016_05_04_L001	2	0.0000	0.0000	1.0000
HAMBI_0403_chrm01_circ_1132762	PS_Ct_r01_2016_05_30_L001	2	0.1819	0.0053	1.0000
HAMBI_0403_chrm01_circ_1132762	PS_Ct_r01_2016_07_25_L004	2	0.0453	0.0051	1.0000
HAMBI_0403_chrm01_circ_1132762	PS_Ct_r01_2016_08_22_L004	2	0.0977	0.0052	1.0000
HAMBI_0403_chrm01_circ_1132762	PS_Ct_r01_2016_09_19_L004	2	0.1018	0.0046	1.0000
HAMBI_0403_chrm01_circ_1132762	PS_Ct_r01_2016_10_17_L004	2	0.0756	0.0051	1.0000
HAMBI_0403_chrm01_circ_1132762	PS_Ct_r01_2016_11_14_L004	2	0.0945	0.0051	1.0000
HAMBI_0403_chrm01_circ_1132762	PS_Ct_r01_2016_12_12_L004	2	0.1304	0.0047	1.0000
HAMBI_0403_chrm01_circ_1132762	PS_Ct_r01_2017_01_09_L002	2	0.2457	0.0065	1.0000
HAMBI_0403_chrm01_circ_1132762	PS_Ct_r01_2017_02_06_L004	2	0.1121	0.0050	1.0000
HAMBI_0403_chrm01_circ_1132762	PS_Ct_r01_2017_03_06_L001	2	0.1976	0.0061	1.0000
HAMBI_0403_chrm01_circ_1132762	PS_Ct_r01_2017_04_03_L001	2	0.1241	0.0047	1.0000
HAMBI_0403_chrm01_circ_1132762	PS_Ct_r01_2017_05_29_L001	2	0.1637	0.0055	1.0000
HAMBI_0403_chrm01_circ_1132762	PS_Ct_r01_2017_07_24_L001	2	0.0781	0.0046	1.0000
HAMBI_0403_chrm01_circ_1132762	PS_Ct_r01_2017_08_21_L002	2	0.0202	0.0001	1.0000
HAMBI_0403_chrm01_circ_1182836	PS_Ct_r01_2015_08_24_L001	2	0.0000	0.0000	1.0000
HAMBI_0403_chrm01_circ_1182836	PS_Ct_r01_2015_09_21_L001	2	0.0000	0.0000	1.0000
HAMBI_0403_chrm01_circ_1182836	PS_Ct_r01_2015_10_19_L001	2	0.0000	0.0000	1.0000
HAMBI_0403_chrm01_circ_1182836	PS_Ct_r01_2015_11_16_L002	2	0.0000	0.0000	1.0000
HAMBI_0403_chrm01_circ_1182836	PS_Ct_r01_2015_12_14_L002	2	0.0000	0.0000	1.0000
HAMBI_0403_chrm01_circ_1182836	PS_Ct_r01_2016_01_11_L002	2	0.0000	0.0000	1.0000
HAMBI_0403_chrm01_circ_1182836	PS_Ct_r01_2016_02_08_L002	2	0.0000	0.0000	1.0000
HAMBI_0403_chrm01_circ_1182836	PS_Ct_r01_2016_03_07_L001	2	0.0000	0.0000	1.0000
HAMBI_0403_chrm01_circ_1182836	PS_Ct_r01_2016_04_03_L001	2	0.0103	0.0014	1.0000
HAMBI_0403_chrm01_circ_1182836	PS_Ct_r01_2016_05_04_L001	2	0.0000	0.0000	1.0000
HAMBI_0403_chrm01_circ_1182836	PS_Ct_r01_2016_05_30_L001	2	0.1819	0.0053	1.0000
HAMBI_0403_chrm01_circ_1182836	PS_Ct_r01_2016_07_25_L004	2	0.0453	0.0051	1.0000
HAMBI_0403_chrm01_circ_1182836	PS_Ct_r01_2016_08_22_L004	2	0.0977	0.0052	1.0000
HAMBI_0403_chrm01_circ_1182836	PS_Ct_r01_2016_09_19_L004	2	0.1018	0.0046	1.0000
HAMBI_0403_chrm01_circ_1182836	PS_Ct_r01_2016_10_17_L004	2	0.0756	0.0051	1.0000
HAMBI_0403_chrm01_circ_1182836	PS_Ct_r01_2016_11_14_L004	2	0.0945	0.0051	1.0000
HAMBI_0403_chrm01_circ_1182836	PS_Ct_r01_2016_12_12_L004	2	0.1304	0.0047	1.0000
HAMBI_0403_chrm01_circ_1182836	PS_Ct_r01_2017_01_09_L002	2	0.2457	0.0065	1.0000
HAMBI_0403_chrm01_circ_1182836	PS_Ct_r01_2017_02_06_L004	2	0.1121	0.0050	1.0000
HAMBI_0403_chrm01_circ_1182836	PS_Ct_r01_2017_03_06_L001	2	0.1976	0.0061	1.0000
HAMBI_0403_chrm01_circ_1182836	PS_Ct_r01_2017_04_03_L001	2	0.1241	0.0047	1.0000
HAMBI_0403_chrm01_circ_1182836	PS_Ct_r01_2017_05_29_L001	2	0.1637	0.0055	1.0000
HAMBI_0403_chrm01_circ_1182836	PS_Ct_r01_2017_07_24_L001	2	0.0781	0.0046	1.0000
HAMBI_0403_chrm01_circ_1182836	PS_Ct_r01_2017_08_21_L002	2	0.0202	0.0001	1.0000
HAMBI_0403_chrm01_circ_1215747	PS_Ct_r01_2015_08_24_L001	2	0.0000	0.0000	1.0000
HAMBI_0403_chrm01_circ_1215747	PS_Ct_r01_2015_09_21_L001	2	0.0000	0.0000	1.0000
HAMBI_0403_chrm01_circ_1215747	PS_Ct_r01_2015_10_19_L001	2	0.0000	0.0000	1.0000
HAMBI_0403_chrm01_circ_1215747	PS_Ct_r01_2015_11_16_L002	2	0.0000	0.0000	1.0000
HAMBI_0403_chrm01_circ_1215747	PS_Ct_r01_2015_12_14_L002	2	0.0000	0.0000	1.0000
HAMBI_0403_chrm01_circ_1215747	PS_Ct_r01_2016_01_11_L002	2	0.0000	0.0000	1.0000
HAMBI_0403_chrm01_circ_1215747	PS_Ct_r01_2016_02_08_L002	2	0.0000	0.0000	1.0000
HAMBI_0403_chrm01_circ_1215747	PS_Ct_r01_2016_03_07_L001	2	0.0000	0.0000	1.0000
HAMBI_0403_chrm01_circ_1215747	PS_Ct_r01_2016_04_03_L001	2	0.0103	0.0014	1.0000
HAMBI_0403_chrm01_circ_1215747	PS_Ct_r01_2016_05_04_L001	2	0.0000	0.0000	1.0000
HAMBI_0403_chrm01_circ_1215747	PS_Ct_r01_2016_05_30_L001	2	0.1819	0.0053	1.0000
HAMBI_0403_chrm01_circ_1215747	PS_Ct_r01_2016_07_25_L004	2	0.0453	0.0051	1.0000
HAMBI_0403_chrm01_circ_1215747	PS_Ct_r01_2016_08_22_L004	2	0.0977	0.0052	1.0000
HAMBI_0403_chrm01_circ_1215747	PS_Ct_r01_2016_09_19_L004	2	0.1018	0.0046	1.0000
HAMBI_0403_chrm01_circ_1215747	PS_Ct_r01_2016_10_17_L004	2	0.0756	0.0051	1.0000
HAMBI_0403_chrm01_circ_1215747	PS_Ct_r01_2016_11_14_L004	2	0.0945	0.0051	1.0000
HAMBI_0403_chrm01_circ_1215747	PS_Ct_r01_2016_12_12_L004	2	0.1304	0.0047	1.0000
HAMBI_0403_chrm01_circ_1215747	PS_Ct_r01_2017_01_09_L002	2	0.2457	0.0065	1.0000
HAMBI_0403_chrm01_circ_1215747	PS_Ct_r01_2017_02_06_L004	2	0.1121	0.0050	1.0000
HAMBI_0403_chrm01_circ_1215747	PS_Ct_r01_2017_03_06_L001	2	0.1976	0.0061	1.0000
HAMBI_0403_chrm01_circ_1215747	PS_Ct_r01_2017_04_03_L001	2	0.1241	0.0047	1.0000
HAMBI_0403_chrm01_circ_1215747	PS_Ct_r01_2017_05_29_L001	2	0.1637	0.0055	1.0000
HAMBI_0403_chrm01_circ_1215747	PS_Ct_r01_2017_07_24_L001	2	0.0781	0.0046	1.0000
HAMBI_0403_chrm01_circ_1215747	PS_Ct_r01_2017_08_21_L002	2	0.0202	0.0001	1.0000
HAMBI_0403_chrm01_circ_1284649	PS_Ct_r01_2015_08_24_L001	2	0.0000	0.0000	1.0000
HAMBI_0403_chrm01_circ_1284649	PS_Ct_r01_2015_09_21_L001	2	0.0000	0.0000	1.0000
HAMBI_0403_chrm01_circ_1284649	PS_Ct_r01_2015_10_19_L001	2	0.0000	0.0000	1.0000
HAMBI_0403_chrm01_circ_1284649	PS_Ct_r01_2015_11_16_L002	2	0.0000	0.0000	1.0000
HAMBI_0403_chrm01_circ_1284649	PS_Ct_r01_2015_12_14_L002	2	0.0000	0.0000	1.0000
HAMBI_0403_chrm01_circ_1284649	PS_Ct_r01_2016_01_11_L002	2	0.0000	0.0000	1.0000
HAMBI_0403_chrm01_circ_1284649	PS_Ct_r01_2016_02_08_L002	2	0.0000	0.0000	1.0000
HAMBI_0403_chrm01_circ_1284649	PS_Ct_r01_2016_03_07_L001	2	0.0000	0.0000	1.0000
HAMBI_0403_chrm01_circ_1284649	PS_Ct_r01_2016_04_03_L001	2	0.0103	0.0014	1.0000
HAMBI_0403_chrm01_circ_1284649	PS_Ct_r01_2016_05_04_L001	2	0.0000	0.0000	1.0000
HAMBI_0403_chrm01_circ_1284649	PS_Ct_r01_2016_05_30_L001	2	0.1819	0.0053	1.0000
HAMBI_0403_chrm01_circ_1284649	PS_Ct_r01_2016_07_25_L004	2	0.0453	0.0051	1.0000
HAMBI_0403_chrm01_circ_1284649	PS_Ct_r01_2016_08_22_L004	2	0.0977	0.0052	1.0000
HAMBI_0403_chrm01_circ_1284649	PS_Ct_r01_2016_09_19_L004	2	0.1018	0.0046	1.0000
HAMBI_0403_chrm01_circ_1284649	PS_Ct_r01_2016_10_17_L004	2	0.0756	0.0051	1.0000
HAMBI_0403_chrm01_circ_1284649	PS_Ct_r01_2016_11_14_L004	2	0.0945	0.0051	1.0000
HAMBI_0403_chrm01_circ_1284649	PS_Ct_r01_2016_12_12_L004	2	0.1304	0.0047	1.0000
HAMBI_0403_chrm01_circ_1284649	PS_Ct_r01_2017_01_09_L002	2	0.2457	0.0065	1.0000
HAMBI_0403_chrm01_circ_1284649	PS_Ct_r01_2017_02_06_L004	2	0.1121	0.0050	1.0000
HAMBI_0403_chrm01_circ_1284649	PS_Ct_r01_2017_03_06_L001	2	0.1976	0.0061	1.0000
HAMBI_0403_chrm01_circ_1284649	PS_Ct_r01_2017_04_03_L001	2	0.1241	0.0047	1.0000
HAMBI_0403_chrm01_circ_1284649	PS_Ct_r01_2017_05_29_L001	2	0.1637	0.0055	1.0000
HAMBI_0403_chrm01_circ_1284649	PS_Ct_r01_2017_07_24_L001	2	0.0781	0.0046	1.0000
HAMBI_0403_chrm01_circ_1284649	PS_Ct_r01_2017_08_21_L002	2	0.0202	0.0001	1.0000
HAMBI_0403_chrm01_circ_1566910	PS_Ct_r01_2015_08_24_L001	2	0.0000	0.0000	1.0000
HAMBI_0403_chrm01_circ_1566910	PS_Ct_r01_2015_09_21_L001	2	0.0000	0.0000	1.0000
HAMBI_0403_chrm01_circ_1566910	PS_Ct_r01_2015_10_19_L001	2	0.0000	0.0000	1.0000
HAMBI_0403_chrm01_circ_1566910	PS_Ct_r01_2015_11_16_L002	2	0.0000	0.0000	1.0000
HAMBI_0403_chrm01_circ_1566910	PS_Ct_r01_2015_12_14_L002	2	0.0000	0.0000	1.0000
HAMBI_0403_chrm01_circ_1566910	PS_Ct_r01_2016_01_11_L002	2	0.0000	0.0000	1.0000
HAMBI_0403_chrm01_circ_1566910	PS_Ct_r01_2016_02_08_L002	2	0.0000	0.0000	1.0000
HAMBI_0403_chrm01_circ_1566910	PS_Ct_r01_2016_03_07_L001	2	0.0000	0.0000	1.0000
HAMBI_0403_chrm01_circ_1566910	PS_Ct_r01_2016_04_03_L001	2	0.0103	0.0014	1.0000
HAMBI_0403_chrm01_circ_1566910	PS_Ct_r01_2016_05_04_L001	2	0.0000	0.0000	1.0000
HAMBI_0403_chrm01_circ_1566910	PS_Ct_r01_2016_05_30_L001	2	0.1819	0.0053	1.0000
HAMBI_0403_chrm01_circ_1566910	PS_Ct_r01_2016_07_25_L004	2	0.0453	0.0051	1.0000
HAMBI_0403_chrm01_circ_1566910	PS_Ct_r01_2016_08_22_L004	2	0.0977	0.0052	1.0000
HAMBI_0403_chrm01_circ_1566910	PS_Ct_r01_2016_09_19_L004	2	0.1018	0.0046	1.0000
HAMBI_0403_chrm01_circ_1566910	PS_Ct_r01_2016_10_17_L004	2	0.0756	0.0051	1.0000
HAMBI_0403_chrm01_circ_1566910	PS_Ct_r01_2016_11_14_L004	2	0.0945	0.0051	1.0000
HAMBI_0403_chrm01_circ_1566910	PS_Ct_r01_2016_12_12_L004	2	0.1304	0.0047	1.0000
HAMBI_0403_chrm01_circ_1566910	PS_Ct_r01_2017_01_09_L002	2	0.2457	0.0065	1.0000
HAMBI_0403_chrm01_circ_1566910	PS_Ct_r01_2017_02_06_L004	2	0.1121	0.0050	1.0000
HAMBI_0403_chrm01_circ_1566910	PS_Ct_r01_2017_03_06_L001	2	0.1976	0.0061	1.0000
HAMBI_0403_chrm01_circ_1566910	PS_Ct_r01_2017_04_03_L001	2	0.1241	0.0047	1.0000
HAMBI_0403_chrm01_circ_1566910	PS_Ct_r01_2017_05_29_L001	2	0.1637	0.0055	1.0000
HAMBI_0403_chrm01_circ_1566910	PS_Ct_r01_2017_07_24_L001	2	0.0781	0.0046	1.0000
HAMBI_0403_chrm01_circ_1566910	PS_Ct_r01_2017_08_21_L002	2	0.0202	0.0001	1.0000
HAMBI_0403_chrm01_circ_1726805	PS_Ct_r01_2015_08_24_L001	2	0.0000	0.0000	1.0000
HAMBI_0403_chrm01_circ_1726805	PS_Ct_r01_2015_09_21_L001	2	0.0000	0.0000	1.0000
HAMBI_0403_chrm01_circ_1726805	PS_Ct_r01_2015_10_19_L001	2	0.0000	0.0000	1.0000
HAMBI_0403_chrm01_circ_1726805	PS_Ct_r01_2015_11_16_L002	2	0.0000	0.0000	1.0000
HAMBI_0403_chrm01_circ_1726805	PS_Ct_r01_2015_12_14_L002	2	0.0000	0.0000	1.0000
HAMBI_0403_chrm01_circ_1726805	PS_Ct_r01_2016_01_11_L002	2	0.0000	0.0000	1.0000
HAMBI_0403_chrm01_circ_1726805	PS_Ct_r01_2016_02_08_L002	2	0.0000	0.0000	1.0000
HAMBI_0403_chrm01_circ_1726805	PS_Ct_r01_2016_03_07_L001	2	0.0000	0.0000	1.0000
HAMBI_0403_chrm01_circ_1726805	PS_Ct_r01_2016_04_03_L001	2	0.0103	0.0014	1.0000
HAMBI_0403_chrm01_circ_1726805	PS_Ct_r01_2016_05_04_L001	2	0.0000	0.0000	1.0000
HAMBI_0403_chrm01_circ_1726805	PS_Ct_r01_2016_05_30_L001	2	0.1819	0.0053	1.0000
HAMBI_0403_chrm01_circ_1726805	PS_Ct_r01_2016_07_25_L004	2	0.0453	0.0051	1.0000
HAMBI_0403_chrm01_circ_1726805	PS_Ct_r01_2016_08_22_L004	2	0.0977	0.0052	1.0000
HAMBI_0403_chrm01_circ_1726805	PS_Ct_r01_2016_09_19_L004	2	0.1018	0.0046	1.0000
HAMBI_0403_chrm01_circ_1726805	PS_Ct_r01_2016_10_17_L004	2	0.0756	0.0051	1.0000
HAMBI_0403_chrm01_circ_1726805	PS_Ct_r01_2016_11_14_L004	2	0.0945	0.0051	1.0000
HAMBI_0403_chrm01_circ_1726805	PS_Ct_r01_2016_12_12_L004	2	0.1304	0.0047	1.0000
HAMBI_0403_chrm01_circ_1726805	PS_Ct_r01_2017_01_09_L002	2	0.2457	0.0065	1.0000
HAMBI_0403_chrm01_circ_1726805	PS_Ct_r01_2017_02_06_L004	2	0.1121	0.0050	1.0000
HAMBI_0403_chrm01_circ_1726805	PS_Ct_r01_2017_03_06_L001	2	0.1976	0.0061	1.0000
HAMBI_0403_chrm01_circ_1726805	PS_Ct_r01_2017_04_03_L001	2	0.1241	0.0047	1.0000
HAMBI_0403_chrm01_circ_1726805	PS_Ct_r01_2017_05_29_L001	2	0.1637	0.0055	1.0000
HAMBI_0403_chrm01_circ_1726805	PS_Ct_r01_2017_07_24_L001	2	0.0781	0.0046	1.0000
HAMBI_0403_chrm01_circ_1726805	PS_Ct_r01_2017_08_21_L002	2	0.0202	0.0001	1.0000
HAMBI_0403_chrm01_circ_1786308	PS_Ct_r01_2015_08_24_L001	2	0.0000	0.0000	1.0000
HAMBI_0403_chrm01_circ_1786308	PS_Ct_r01_2015_09_21_L001	2	0.0000	0.0000	1.0000
HAMBI_0403_chrm01_circ_1786308	PS_Ct_r01_2015_10_19_L001	2	0.0000	0.0000	1.0000
HAMBI_0403_chrm01_circ_1786308	PS_Ct_r01_2015_11_16_L002	2	0.0000	0.0000	1.0000
HAMBI_0403_chrm01_circ_1786308	PS_Ct_r01_2015_12_14_L002	2	0.0000	0.0000	1.0000
HAMBI_0403_chrm01_circ_1786308	PS_Ct_r01_2016_01_11_L002	2	0.0000	0.0000	1.0000
HAMBI_0403_chrm01_circ_1786308	PS_Ct_r01_2016_02_08_L002	2	0.0000	0.0000	1.0000
HAMBI_0403_chrm01_circ_1786308	PS_Ct_r01_2016_03_07_L001	2	0.0000	0.0000	1.0000
HAMBI_0403_chrm01_circ_1786308	PS_Ct_r01_2016_04_03_L001	2	0.0103	0.0014	1.0000
HAMBI_0403_chrm01_circ_1786308	PS_Ct_r01_2016_05_04_L001	2	0.0000	0.0000	1.0000
HAMBI_0403_chrm01_circ_1786308	PS_Ct_r01_2016_05_30_L001	2	0.1819	0.0053	1.0000
HAMBI_0403_chrm01_circ_1786308	PS_Ct_r01_2016_07_25_L004	2	0.0453	0.0051	1.0000
HAMBI_0403_chrm01_circ_1786308	PS_Ct_r01_2016_08_22_L004	2	0.0977	0.0052	1.0000
HAMBI_0403_chrm01_circ_1786308	PS_Ct_r01_2016_09_19_L004	2	0.1018	0.0046	1.0000
HAMBI_0403_chrm01_circ_1786308	PS_Ct_r01_2016_10_17_L004	2	0.0756	0.0051	1.0000
HAMBI_0403_chrm01_circ_1786308	PS_Ct_r01_2016_11_14_L004	2	0.0945	0.0051	1.0000
HAMBI_0403_chrm01_circ_1786308	PS_Ct_r01_2016_12_12_L004	2	0.1304	0.0047	1.0000
HAMBI_0403_chrm01_circ_1786308	PS_Ct_r01_2017_01_09_L002	2	0.2457	0.0065	1.0000
HAMBI_0403_chrm01_circ_1786308	PS_Ct_r01_2017_02_06_L004	2	0.1121	0.0050	1.0000
HAMBI_0403_chrm01_circ_1786308	PS_Ct_r01_2017_03_06_L001	2	0.1976	0.0061	1.0000
HAMBI_0403_chrm01_circ_1786308	PS_Ct_r01_2017_04_03_L001	2	0.1241	0.0047	1.0000
HAMBI_0403_chrm01_circ_1786308	PS_Ct_r01_2017_05_29_L001	2	0.1637	0.0055	1.0000
HAMBI_0403_chrm01_circ_1786308	PS_Ct_r01_2017_07_24_L001	2	0.0781	0.0046	1.0000
HAMBI_0403_chrm01_circ_1786308	PS_Ct_r01_2017_08_21_L002	2	0.0202	0.0001	1.0000
HAMBI_0403_chrm01_circ_1903449	PS_Ct_r01_2015_08_24_L001	2	0.0000	0.0000	1.0000
HAMBI_0403_chrm01_circ_1903449	PS_Ct_r01_2015_09_21_L001	2	0.0000	0.0000	1.0000
HAMBI_0403_chrm01_circ_1903449	PS_Ct_r01_2015_10_19_L001	2	0.0000	0.0000	1.0000
HAMBI_0403_chrm01_circ_1903449	PS_Ct_r01_2015_11_16_L002	2	0.0000	0.0000	1.0000
HAMBI_0403_chrm01_circ_1903449	PS_Ct_r01_2015_12_14_L002	2	0.0000	0.0000	1.0000
HAMBI_0403_chrm01_circ_1903449	PS_Ct_r01_2016_01_11_L002	2	0.0000	0.0000	1.0000
HAMBI_0403_chrm01_circ_1903449	PS_Ct_r01_2016_02_08_L002	2	0.0000	0.0000	1.0000
HAMBI_0403_chrm01_circ_1903449	PS_Ct_r01_2016_03_07_L001	2	0.0000	0.0000	1.0000
HAMBI_0403_chrm01_circ_1903449	PS_Ct_r01_2016_04_03_L001	2	0.0103	0.0014	1.0000
HAMBI_0403_chrm01_circ_1903449	PS_Ct_r01_2016_05_04_L001	2	0.0000	0.0000	1.0000
HAMBI_0403_chrm01_circ_1903449	PS_Ct_r01_2016_05_30_L001	2	0.1819	0.0053	1.0000
HAMBI_0403_chrm01_circ_1903449	PS_Ct_r01_2016_07_25_L004	2	0.0453	0.0051	1.0000
HAMBI_0403_chrm01_circ_1903449	PS_Ct_r01_2016_08_22_L004	2	0.0977	0.0052	1.0000
HAMBI_0403_chrm01_circ_1903449	PS_Ct_r01_2016_09_19_L004	2	0.1018	0.0046	1.0000
HAMBI_0403_chrm01_circ_1903449	PS_Ct_r01_2016_10_17_L004	2	0.0756	0.0051	1.0000
HAMBI_0403_chrm01_circ_1903449	PS_Ct_r01_2016_11_14_L004	2	0.0945	0.0051	1.0000
HAMBI_0403_chrm01_circ_1903449	PS_Ct_r01_2016_12_12_L004	2	0.1304	0.0047	1.0000
HAMBI_0403_chrm01_circ_1903449	PS_Ct_r01_2017_01_09_L002	2	0.2457	0.0065	1.0000
HAMBI_0403_chrm01_circ_1903449	PS_Ct_r01_2017_02_06_L004	2	0.1121	0.0050	1.0000
HAMBI_0403_chrm01_circ_1903449	PS_Ct_r01_2017_03_06_L001	2	0.1976	0.0061	1.0000
HAMBI_0403_chrm01_circ_1903449	PS_Ct_r01_2017_04_03_L001	2	0.1241	0.0047	1.0000
HAMBI_0403_chrm01_circ_1903449	PS_Ct_r01_2017_05_29_L001	2	0.1637	0.0055	1.0000
HAMBI_0403_chrm01_circ_1903449	PS_Ct_r01_2017_07_24_L001	2	0.0781	0.0046	1.0000
HAMBI_0403_chrm01_circ_1903449	PS_Ct_r01_2017_08_21_L002	2	0.0202	0.0001	1.0000
HAMBI_0403_chrm01_circ_2002379	PS_Ct_r01_2015_08_24_L001	2	0.0000	0.0000	1.0000
HAMBI_0403_chrm01_circ_2002379	PS_Ct_r01_2015_09_21_L001	2	0.0000	0.0000	1.0000
HAMBI_0403_chrm01_circ_2002379	PS_Ct_r01_2015_10_19_L001	2	0.0000	0.0000	1.0000
HAMBI_0403_chrm01_circ_2002379	PS_Ct_r01_2015_11_16_L002	2	0.0000	0.0000	1.0000
HAMBI_0403_chrm01_circ_2002379	PS_Ct_r01_2015_12_14_L002	2	0.0000	0.0000	1.0000
HAMBI_0403_chrm01_circ_2002379	PS_Ct_r01_2016_01_11_L002	2	0.0000	0.0000	1.0000
HAMBI_0403_chrm01_circ_2002379	PS_Ct_r01_2016_02_08_L002	2	0.0000	0.0000	1.0000
HAMBI_0403_chrm01_circ_2002379	PS_Ct_r01_2016_03_07_L001	2	0.0000	0.0000	1.0000
HAMBI_0403_chrm01_circ_2002379	PS_Ct_r01_2016_04_03_L001	2	0.0103	0.0014	1.0000
HAMBI_0403_chrm01_circ_2002379	PS_Ct_r01_2016_05_04_L001	2	0.0000	0.0000	1.0000
HAMBI_0403_chrm01_circ_2002379	PS_Ct_r01_2016_05_30_L001	2	0.1819	0.0053	1.0000
HAMBI_0403_chrm01_circ_2002379	PS_Ct_r01_2016_07_25_L004	2	0.0453	0.0051	1.0000
HAMBI_0403_chrm01_circ_2002379	PS_Ct_r01_2016_08_22_L004	2	0.0977	0.0052	1.0000
HAMBI_0403_chrm01_circ_2002379	PS_Ct_r01_2016_09_19_L004	2	0.1018	0.0046	1.0000
HAMBI_0403_chrm01_circ_2002379	PS_Ct_r01_2016_10_17_L004	2	0.0756	0.0051	1.0000
HAMBI_0403_chrm01_circ_2002379	PS_Ct_r01_2016_11_14_L004	2	0.0945	0.0051	1.0000
HAMBI_0403_chrm01_circ_2002379	PS_Ct_r01_2016_12_12_L004	2	0.1304	0.0047	1.0000
HAMBI_0403_chrm01_circ_2002379	PS_Ct_r01_2017_01_09_L002	2	0.2457	0.0065	1.0000
HAMBI_0403_chrm01_circ_2002379	PS_Ct_r01_2017_02_06_L004	2	0.1121	0.0050	1.0000
HAMBI_0403_chrm01_circ_2002379	PS_Ct_r01_2017_03_06_L001	2	0.1976	0.0061	1.0000
HAMBI_0403_chrm01_circ_2002379	PS_Ct_r01_2017_04_03_L001	2	0.1241	0.0047	1.0000
HAMBI_0403_chrm01_circ_2002379	PS_Ct_r01_2017_05_29_L001	2	0.1637	0.0055	1.0000
HAMBI_0403_chrm01_circ_2002379	PS_Ct_r01_2017_07_24_L001	2	0.0781	0.0046	1.0000
HAMBI_0403_chrm01_circ_2002379	PS_Ct_r01_2017_08_21_L002	2	0.0202	0.0001	1.0000
HAMBI_0403_chrm01_circ_2103000	PS_Ct_r01_2015_08_24_L001	2	0.0000	0.0000	0.9972
HAMBI_0403_chrm01_circ_2103000	PS_Ct_r01_2015_09_21_L001	2	0.0000	0.0000	0.9972
HAMBI_0403_chrm01_circ_2103000	PS_Ct_r01_2015_10_19_L001	2	0.0000	0.0000	0.9972
HAMBI_0403_chrm01_circ_2103000	PS_Ct_r01_2015_11_16_L002	2	0.0000	0.0000	0.9972
HAMBI_0403_chrm01_circ_2103000	PS_Ct_r01_2015_12_14_L002	2	0.0000	0.0000	0.9972
HAMBI_0403_chrm01_circ_2103000	PS_Ct_r01_2016_01_11_L002	2	0.0000	0.0000	0.9972
HAMBI_0403_chrm01_circ_2103000	PS_Ct_r01_2016_02_08_L002	2	0.0000	0.0000	0.9972
HAMBI_0403_chrm01_circ_2103000	PS_Ct_r01_2016_03_07_L001	2	0.0000	0.0000	0.9972
HAMBI_0403_chrm01_circ_2103000	PS_Ct_r01_2016_04_03_L001	2	0.0103	0.0014	0.9972
HAMBI_0403_chrm01_circ_2103000	PS_Ct_r01_2016_05_04_L001	2	0.0000	0.0000	0.9972
HAMBI_0403_chrm01_circ_2103000	PS_Ct_r01_2016_05_30_L001	2	0.1819	0.0053	0.9972
HAMBI_0403_chrm01_circ_2103000	PS_Ct_r01_2016_07_25_L004	2	0.0453	0.0051	0.9972
HAMBI_0403_chrm01_circ_2103000	PS_Ct_r01_2016_08_22_L004	2	0.0977	0.0052	0.9972
HAMBI_0403_chrm01_circ_2103000	PS_Ct_r01_2016_09_19_L004	2	0.1018	0.0046	0.9972
HAMBI_0403_chrm01_circ_2103000	PS_Ct_r01_2016_10_17_L004	2	0.0756	0.0051	0.9972
HAMBI_0403_chrm01_circ_2103000	PS_Ct_r01_2016_11_14_L004	2	0.0945	0.0051	0.9972
HAMBI_0403_chrm01_circ_2103000	PS_Ct_r01_2016_12_12_L004	2	0.1304	0.0047	0.9972
HAMBI_0403_chrm01_circ_2103000	PS_Ct_r01_2017_01_09_L002	2	0.2457	0.0065	0.9972
HAMBI_0403_chrm01_circ_2103000	PS_Ct_r01_2017_02_06_L004	2	0.1121	0.0050	0.9972
HAMBI_0403_chrm01_circ_2103000	PS_Ct_r01_2017_03_06_L001	2	0.1976	0.0061	0.9972
HAMBI_0403_chrm01_circ_2103000	PS_Ct_r01_2017_04_03_L001	2	0.1241	0.0047	0.9972
HAMBI_0403_chrm01_circ_2103000	PS_Ct_r01_2017_05_29_L001	2	0.1637	0.0055	0.9972
HAMBI_0403_chrm01_circ_2103000	PS_Ct_r01_2017_07_24_L001	2	0.0781	0.0046	0.9972
HAMBI_0403_chrm01_circ_2103000	PS_Ct_r01_2017_08_21_L002	2	0.0202	0.0001	0.9972
HAMBI_0403_chrm01_circ_2173994	PS_Ct_r01_2015_08_24_L001	2	0.0000	0.0000	1.0000
HAMBI_0403_chrm01_circ_2173994	PS_Ct_r01_2015_09_21_L001	2	0.0000	0.0000	1.0000
HAMBI_0403_chrm01_circ_2173994	PS_Ct_r01_2015_10_19_L001	2	0.0000	0.0000	1.0000
HAMBI_0403_chrm01_circ_2173994	PS_Ct_r01_2015_11_16_L002	2	0.0000	0.0000	1.0000
HAMBI_0403_chrm01_circ_2173994	PS_Ct_r01_2015_12_14_L002	2	0.0000	0.0000	1.0000
HAMBI_0403_chrm01_circ_2173994	PS_Ct_r01_2016_01_11_L002	2	0.0000	0.0000	1.0000
HAMBI_0403_chrm01_circ_2173994	PS_Ct_r01_2016_02_08_L002	2	0.0000	0.0000	1.0000
HAMBI_0403_chrm01_circ_2173994	PS_Ct_r01_2016_03_07_L001	2	0.0000	0.0000	1.0000
HAMBI_0403_chrm01_circ_2173994	PS_Ct_r01_2016_04_03_L001	2	0.0103	0.0014	1.0000
HAMBI_0403_chrm01_circ_2173994	PS_Ct_r01_2016_05_04_L001	2	0.0000	0.0000	1.0000
HAMBI_0403_chrm01_circ_2173994	PS_Ct_r01_2016_05_30_L001	2	0.1819	0.0053	1.0000
HAMBI_0403_chrm01_circ_2173994	PS_Ct_r01_2016_07_25_L004	2	0.0453	0.0051	1.0000
HAMBI_0403_chrm01_circ_2173994	PS_Ct_r01_2016_08_22_L004	2	0.0977	0.0052	1.0000
HAMBI_0403_chrm01_circ_2173994	PS_Ct_r01_2016_09_19_L004	2	0.1018	0.0046	1.0000
HAMBI_0403_chrm01_circ_2173994	PS_Ct_r01_2016_10_17_L004	2	0.0756	0.0051	1.0000
HAMBI_0403_chrm01_circ_2173994	PS_Ct_r01_2016_11_14_L004	2	0.0945	0.0051	1.0000
HAMBI_0403_chrm01_circ_2173994	PS_Ct_r01_2016_12_12_L004	2	0.1304	0.0047	1.0000
HAMBI_0403_chrm01_circ_2173994	PS_Ct_r01_2017_01_09_L002	2	0.2457	0.0065	1.0000
HAMBI_0403_chrm01_circ_2173994	PS_Ct_r01_2017_02_06_L004	2	0.1121	0.0050	1.0000
HAMBI_0403_chrm01_circ_2173994	PS_Ct_r01_2017_03_06_L001	2	0.1976	0.0061	1.0000
HAMBI_0403_chrm01_circ_2173994	PS_Ct_r01_2017_04_03_L001	2	0.1241	0.0047	1.0000
HAMBI_0403_chrm01_circ_2173994	PS_Ct_r01_2017_05_29_L001	2	0.1637	0.0055	1.0000
HAMBI_0403_chrm01_circ_2173994	PS_Ct_r01_2017_07_24_L001	2	0.0781	0.0046	1.0000
HAMBI_0403_chrm01_circ_2173994	PS_Ct_r01_2017_08_21_L002	2	0.0202	0.0001	1.0000
HAMBI_0403_chrm01_circ_2201591	PS_Ct_r01_2015_08_24_L001	2	0.0000	0.0000	1.0000
HAMBI_0403_chrm01_circ_2201591	PS_Ct_r01_2015_09_21_L001	2	0.0000	0.0000	1.0000
HAMBI_0403_chrm01_circ_2201591	PS_Ct_r01_2015_10_19_L001	2	0.0000	0.0000	1.0000
HAMBI_0403_chrm01_circ_2201591	PS_Ct_r01_2015_11_16_L002	2	0.0000	0.0000	1.0000
HAMBI_0403_chrm01_circ_2201591	PS_Ct_r01_2015_12_14_L002	2	0.0000	0.0000	1.0000
HAMBI_0403_chrm01_circ_2201591	PS_Ct_r01_2016_01_11_L002	2	0.0000	0.0000	1.0000
HAMBI_0403_chrm01_circ_2201591	PS_Ct_r01_2016_02_08_L002	2	0.0000	0.0000	1.0000
HAMBI_0403_chrm01_circ_2201591	PS_Ct_r01_2016_03_07_L001	2	0.0000	0.0000	1.0000
HAMBI_0403_chrm01_circ_2201591	PS_Ct_r01_2016_04_03_L001	2	0.0103	0.0014	1.0000
HAMBI_0403_chrm01_circ_2201591	PS_Ct_r01_2016_05_04_L001	2	0.0000	0.0000	1.0000
HAMBI_0403_chrm01_circ_2201591	PS_Ct_r01_2016_05_30_L001	2	0.1819	0.0053	1.0000
HAMBI_0403_chrm01_circ_2201591	PS_Ct_r01_2016_07_25_L004	2	0.0453	0.0051	1.0000
HAMBI_0403_chrm01_circ_2201591	PS_Ct_r01_2016_08_22_L004	2	0.0977	0.0052	1.0000
HAMBI_0403_chrm01_circ_2201591	PS_Ct_r01_2016_09_19_L004	2	0.1018	0.0046	1.0000
HAMBI_0403_chrm01_circ_2201591	PS_Ct_r01_2016_10_17_L004	2	0.0756	0.0051	1.0000
HAMBI_0403_chrm01_circ_2201591	PS_Ct_r01_2016_11_14_L004	2	0.0945	0.0051	1.0000
HAMBI_0403_chrm01_circ_2201591	PS_Ct_r01_2016_12_12_L004	2	0.1304	0.0047	1.0000
HAMBI_0403_chrm01_circ_2201591	PS_Ct_r01_2017_01_09_L002	2	0.2457	0.0065	1.0000
HAMBI_0403_chrm01_circ_2201591	PS_Ct_r01_2017_02_06_L004	2	0.1121	0.0050	1.0000
HAMBI_0403_chrm01_circ_2201591	PS_Ct_r01_2017_03_06_L001	2	0.1976	0.0061	1.0000
HAMBI_0403_chrm01_circ_2201591	PS_Ct_r01_2017_04_03_L001	2	0.1241	0.0047	1.0000
HAMBI_0403_chrm01_circ_2201591	PS_Ct_r01_2017_05_29_L001	2	0.1637	0.0055	1.0000
HAMBI_0403_chrm01_circ_2201591	PS_Ct_r01_2017_07_24_L001	2	0.0781	0.0046	1.0000
HAMBI_0403_chrm01_circ_2201591	PS_Ct_r01_2017_08_21_L002	2	0.0202	0.0001	1.0000
HAMBI_0403_chrm01_circ_2222918	PS_Ct_r01_2015_08_24_L001	2	0.0000	0.0000	1.0000
HAMBI_0403_chrm01_circ_2222918	PS_Ct_r01_2015_09_21_L001	2	0.0000	0.0000	1.0000
HAMBI_0403_chrm01_circ_2222918	PS_Ct_r01_2015_10_19_L001	2	0.0000	0.0000	1.0000
HAMBI_0403_chrm01_circ_2222918	PS_Ct_r01_2015_11_16_L002	2	0.0000	0.0000	1.0000
HAMBI_0403_chrm01_circ_2222918	PS_Ct_r01_2015_12_14_L002	2	0.0000	0.0000	1.0000
HAMBI_0403_chrm01_circ_2222918	PS_Ct_r01_2016_01_11_L002	2	0.0000	0.0000	1.0000
HAMBI_0403_chrm01_circ_2222918	PS_Ct_r01_2016_02_08_L002	2	0.0000	0.0000	1.0000
HAMBI_0403_chrm01_circ_2222918	PS_Ct_r01_2016_03_07_L001	2	0.0000	0.0000	1.0000
HAMBI_0403_chrm01_circ_2222918	PS_Ct_r01_2016_04_03_L001	2	0.0103	0.0014	1.0000
HAMBI_0403_chrm01_circ_2222918	PS_Ct_r01_2016_05_04_L001	2	0.0000	0.0000	1.0000
HAMBI_0403_chrm01_circ_2222918	PS_Ct_r01_2016_05_30_L001	2	0.1819	0.0053	1.0000
HAMBI_0403_chrm01_circ_2222918	PS_Ct_r01_2016_07_25_L004	2	0.0453	0.0051	1.0000
HAMBI_0403_chrm01_circ_2222918	PS_Ct_r01_2016_08_22_L004	2	0.0977	0.0052	1.0000
HAMBI_0403_chrm01_circ_2222918	PS_Ct_r01_2016_09_19_L004	2	0.1018	0.0046	1.0000
HAMBI_0403_chrm01_circ_2222918	PS_Ct_r01_2016_10_17_L004	2	0.0756	0.0051	1.0000
HAMBI_0403_chrm01_circ_2222918	PS_Ct_r01_2016_11_14_L004	2	0.0945	0.0051	1.0000
HAMBI_0403_chrm01_circ_2222918	PS_Ct_r01_2016_12_12_L004	2	0.1304	0.0047	1.0000
HAMBI_0403_chrm01_circ_2222918	PS_Ct_r01_2017_01_09_L002	2	0.2457	0.0065	1.0000
HAMBI_0403_chrm01_circ_2222918	PS_Ct_r01_2017_02_06_L004	2	0.1121	0.0050	1.0000
HAMBI_0403_chrm01_circ_2222918	PS_Ct_r01_2017_03_06_L001	2	0.1976	0.0061	1.0000
HAMBI_0403_chrm01_circ_2222918	PS_Ct_r01_2017_04_03_L001	2	0.1241	0.0047	1.0000
HAMBI_0403_chrm01_circ_2222918	PS_Ct_r01_2017_05_29_L001	2	0.1637	0.0055	1.0000
HAMBI_0403_chrm01_circ_2222918	PS_Ct_r01_2017_07_24_L001	2	0.0781	0.0046	1.0000
HAMBI_0403_chrm01_circ_2222918	PS_Ct_r01_2017_08_21_L002	2	0.0202	0.0001	1.0000
HAMBI_0403_chrm01_circ_2278968	PS_Ct_r01_2015_08_24_L001	2	0.0000	0.0000	0.9999
HAMBI_0403_chrm01_circ_2278968	PS_Ct_r01_2015_09_21_L001	2	0.0000	0.0000	0.9999
HAMBI_0403_chrm01_circ_2278968	PS_Ct_r01_2015_10_19_L001	2	0.0000	0.0000	0.9999
HAMBI_0403_chrm01_circ_2278968	PS_Ct_r01_2015_11_16_L002	2	0.0000	0.0000	0.9999
HAMBI_0403_chrm01_circ_2278968	PS_Ct_r01_2015_12_14_L002	2	0.0000	0.0000	0.9999
HAMBI_0403_chrm01_circ_2278968	PS_Ct_r01_2016_01_11_L002	2	0.0000	0.0000	0.9999
HAMBI_0403_chrm01_circ_2278968	PS_Ct_r01_2016_02_08_L002	2	0.0000	0.0000	0.9999
HAMBI_0403_chrm01_circ_2278968	PS_Ct_r01_2016_03_07_L001	2	0.0000	0.0000	0.9999
HAMBI_0403_chrm01_circ_2278968	PS_Ct_r01_2016_04_03_L001	2	0.0103	0.0014	0.9999
HAMBI_0403_chrm01_circ_2278968	PS_Ct_r01_2016_05_04_L001	2	0.0000	0.0000	0.9999
HAMBI_0403_chrm01_circ_2278968	PS_Ct_r01_2016_05_30_L001	2	0.1819	0.0053	0.9999
HAMBI_0403_chrm01_circ_2278968	PS_Ct_r01_2016_07_25_L004	2	0.0453	0.0051	0.9999
HAMBI_0403_chrm01_circ_2278968	PS_Ct_r01_2016_08_22_L004	2	0.0977	0.0052	0.9999
HAMBI_0403_chrm01_circ_2278968	PS_Ct_r01_2016_09_19_L004	2	0.1018	0.0046	0.9999
HAMBI_0403_chrm01_circ_2278968	PS_Ct_r01_2016_10_17_L004	2	0.0756	0.0051	0.9999
HAMBI_0403_chrm01_circ_2278968	PS_Ct_r01_2016_11_14_L004	2	0.0945	0.0051	0.9999
HAMBI_0403_chrm01_circ_2278968	PS_Ct_r01_2016_12_12_L004	2	0.1304	0.0047	0.9999
HAMBI_0403_chrm01_circ_2278968	PS_Ct_r01_2017_01_09_L002	2	0.2457	0.0065	0.9999
HAMBI_0403_chrm01_circ_2278968	PS_Ct_r01_2017_02_06_L004	2	0.1121	0.0050	0.9999
HAMBI_0403_chrm01_circ_2278968	PS_Ct_r01_2017_03_06_L001	2	0.1976	0.0061	0.9999
HAMBI_0403_chrm01_circ_2278968	PS_Ct_r01_2017_04_03_L001	2	0.1241	0.0047	0.9999
HAMBI_0403_chrm01_circ_2278968	PS_Ct_r01_2017_05_29_L001	2	0.1637	0.0055	0.9999
HAMBI_0403_chrm01_circ_2278968	PS_Ct_r01_2017_07_24_L001	2	0.0781	0.0046	0.9999
HAMBI_0403_chrm01_circ_2278968	PS_Ct_r01_2017_08_21_L002	2	0.0202	0.0001	0.9999
HAMBI_0403_chrm01_circ_2344702	PS_Ct_r01_2015_08_24_L001	2	0.0000	0.0000	1.0000
HAMBI_0403_chrm01_circ_2344702	PS_Ct_r01_2015_09_21_L001	2	0.0000	0.0000	1.0000
HAMBI_0403_chrm01_circ_2344702	PS_Ct_r01_2015_10_19_L001	2	0.0000	0.0000	1.0000
HAMBI_0403_chrm01_circ_2344702	PS_Ct_r01_2015_11_16_L002	2	0.0000	0.0000	1.0000
HAMBI_0403_chrm01_circ_2344702	PS_Ct_r01_2015_12_14_L002	2	0.0000	0.0000	1.0000
HAMBI_0403_chrm01_circ_2344702	PS_Ct_r01_2016_01_11_L002	2	0.0000	0.0000	1.0000
HAMBI_0403_chrm01_circ_2344702	PS_Ct_r01_2016_02_08_L002	2	0.0000	0.0000	1.0000
HAMBI_0403_chrm01_circ_2344702	PS_Ct_r01_2016_03_07_L001	2	0.0000	0.0000	1.0000
HAMBI_0403_chrm01_circ_2344702	PS_Ct_r01_2016_04_03_L001	2	0.0103	0.0014	1.0000
HAMBI_0403_chrm01_circ_2344702	PS_Ct_r01_2016_05_04_L001	2	0.0000	0.0000	1.0000
HAMBI_0403_chrm01_circ_2344702	PS_Ct_r01_2016_05_30_L001	2	0.1819	0.0053	1.0000
HAMBI_0403_chrm01_circ_2344702	PS_Ct_r01_2016_07_25_L004	2	0.0453	0.0051	1.0000
HAMBI_0403_chrm01_circ_2344702	PS_Ct_r01_2016_08_22_L004	2	0.0977	0.0052	1.0000
HAMBI_0403_chrm01_circ_2344702	PS_Ct_r01_2016_09_19_L004	2	0.1018	0.0046	1.0000
HAMBI_0403_chrm01_circ_2344702	PS_Ct_r01_2016_10_17_L004	2	0.0756	0.0051	1.0000
HAMBI_0403_chrm01_circ_2344702	PS_Ct_r01_2016_11_14_L004	2	0.0945	0.0051	1.0000
HAMBI_0403_chrm01_circ_2344702	PS_Ct_r01_2016_12_12_L004	2	0.1304	0.0047	1.0000
HAMBI_0403_chrm01_circ_2344702	PS_Ct_r01_2017_01_09_L002	2	0.2457	0.0065	1.0000
HAMBI_0403_chrm01_circ_2344702	PS_Ct_r01_2017_02_06_L004	2	0.1121	0.0050	1.0000
HAMBI_0403_chrm01_circ_2344702	PS_Ct_r01_2017_03_06_L001	2	0.1976	0.0061	1.0000
HAMBI_0403_chrm01_circ_2344702	PS_Ct_r01_2017_04_03_L001	2	0.1241	0.0047	1.0000
HAMBI_0403_chrm01_circ_2344702	PS_Ct_r01_2017_05_29_L001	2	0.1637	0.0055	1.0000
HAMBI_0403_chrm01_circ_2344702	PS_Ct_r01_2017_07_24_L001	2	0.0781	0.0046	1.0000
HAMBI_0403_chrm01_circ_2344702	PS_Ct_r01_2017_08_21_L002	2	0.0202	0.0001	1.0000
HAMBI_0403_chrm01_circ_2465548	PS_Ct_r01_2015_08_24_L001	2	0.0000	0.0000	1.0000
HAMBI_0403_chrm01_circ_2465548	PS_Ct_r01_2015_09_21_L001	2	0.0000	0.0000	1.0000
HAMBI_0403_chrm01_circ_2465548	PS_Ct_r01_2015_10_19_L001	2	0.0000	0.0000	1.0000
HAMBI_0403_chrm01_circ_2465548	PS_Ct_r01_2015_11_16_L002	2	0.0000	0.0000	1.0000
HAMBI_0403_chrm01_circ_2465548	PS_Ct_r01_2015_12_14_L002	2	0.0000	0.0000	1.0000
HAMBI_0403_chrm01_circ_2465548	PS_Ct_r01_2016_01_11_L002	2	0.0000	0.0000	1.0000
HAMBI_0403_chrm01_circ_2465548	PS_Ct_r01_2016_02_08_L002	2	0.0000	0.0000	1.0000
HAMBI_0403_chrm01_circ_2465548	PS_Ct_r01_2016_03_07_L001	2	0.0000	0.0000	1.0000
HAMBI_0403_chrm01_circ_2465548	PS_Ct_r01_2016_04_03_L001	2	0.0103	0.0014	1.0000
HAMBI_0403_chrm01_circ_2465548	PS_Ct_r01_2016_05_04_L001	2	0.0000	0.0000	1.0000
HAMBI_0403_chrm01_circ_2465548	PS_Ct_r01_2016_05_30_L001	2	0.1819	0.0053	1.0000
HAMBI_0403_chrm01_circ_2465548	PS_Ct_r01_2016_07_25_L004	2	0.0453	0.0051	1.0000
HAMBI_0403_chrm01_circ_2465548	PS_Ct_r01_2016_08_22_L004	2	0.0977	0.0052	1.0000
HAMBI_0403_chrm01_circ_2465548	PS_Ct_r01_2016_09_19_L004	2	0.1018	0.0046	1.0000
HAMBI_0403_chrm01_circ_2465548	PS_Ct_r01_2016_10_17_L004	2	0.0756	0.0051	1.0000
HAMBI_0403_chrm01_circ_2465548	PS_Ct_r01_2016_11_14_L004	2	0.0945	0.0051	1.0000
HAMBI_0403_chrm01_circ_2465548	PS_Ct_r01_2016_12_12_L004	2	0.1304	0.0047	1.0000
HAMBI_0403_chrm01_circ_2465548	PS_Ct_r01_2017_01_09_L002	2	0.2457	0.0065	1.0000
HAMBI_0403_chrm01_circ_2465548	PS_Ct_r01_2017_02_06_L004	2	0.1121	0.0050	1.0000
HAMBI_0403_chrm01_circ_2465548	PS_Ct_r01_2017_03_06_L001	2	0.1976	0.0061	1.0000
HAMBI_0403_chrm01_circ_2465548	PS_Ct_r01_2017_04_03_L001	2	0.1241	0.0047	1.0000
HAMBI_0403_chrm01_circ_2465548	PS_Ct_r01_2017_05_29_L001	2	0.1637	0.0055	1.0000
HAMBI_0403_chrm01_circ_2465548	PS_Ct_r01_2017_07_24_L001	2	0.0781	0.0046	1.0000
HAMBI_0403_chrm01_circ_2465548	PS_Ct_r01_2017_08_21_L002	2	0.0202	0.0001	1.0000
HAMBI_0403_chrm01_circ_2486830	PS_Ct_r01_2015_08_24_L001	2	0.0000	0.0000	1.0000
HAMBI_0403_chrm01_circ_2486830	PS_Ct_r01_2015_09_21_L001	2	0.0000	0.0000	1.0000
HAMBI_0403_chrm01_circ_2486830	PS_Ct_r01_2015_10_19_L001	2	0.0000	0.0000	1.0000
HAMBI_0403_chrm01_circ_2486830	PS_Ct_r01_2015_11_16_L002	2	0.0000	0.0000	1.0000
HAMBI_0403_chrm01_circ_2486830	PS_Ct_r01_2015_12_14_L002	2	0.0000	0.0000	1.0000
HAMBI_0403_chrm01_circ_2486830	PS_Ct_r01_2016_01_11_L002	2	0.0000	0.0000	1.0000
HAMBI_0403_chrm01_circ_2486830	PS_Ct_r01_2016_02_08_L002	2	0.0000	0.0000	1.0000
HAMBI_0403_chrm01_circ_2486830	PS_Ct_r01_2016_03_07_L001	2	0.0000	0.0000	1.0000
HAMBI_0403_chrm01_circ_2486830	PS_Ct_r01_2016_04_03_L001	2	0.0103	0.0014	1.0000
HAMBI_0403_chrm01_circ_2486830	PS_Ct_r01_2016_05_04_L001	2	0.0000	0.0000	1.0000
HAMBI_0403_chrm01_circ_2486830	PS_Ct_r01_2016_05_30_L001	2	0.1819	0.0053	1.0000
HAMBI_0403_chrm01_circ_2486830	PS_Ct_r01_2016_07_25_L004	2	0.0453	0.0051	1.0000
HAMBI_0403_chrm01_circ_2486830	PS_Ct_r01_2016_08_22_L004	2	0.0977	0.0052	1.0000
HAMBI_0403_chrm01_circ_2486830	PS_Ct_r01_2016_09_19_L004	2	0.1018	0.0046	1.0000
HAMBI_0403_chrm01_circ_2486830	PS_Ct_r01_2016_10_17_L004	2	0.0756	0.0051	1.0000
HAMBI_0403_chrm01_circ_2486830	PS_Ct_r01_2016_11_14_L004	2	0.0945	0.0051	1.0000
HAMBI_0403_chrm01_circ_2486830	PS_Ct_r01_2016_12_12_L004	2	0.1304	0.0047	1.0000
HAMBI_0403_chrm01_circ_2486830	PS_Ct_r01_2017_01_09_L002	2	0.2457	0.0065	1.0000
HAMBI_0403_chrm01_circ_2486830	PS_Ct_r01_2017_02_06_L004	2	0.1121	0.0050	1.0000
HAMBI_0403_chrm01_circ_2486830	PS_Ct_r01_2017_03_06_L001	2	0.1976	0.0061	1.0000
HAMBI_0403_chrm01_circ_2486830	PS_Ct_r01_2017_04_03_L001	2	0.1241	0.0047	1.0000
HAMBI_0403_chrm01_circ_2486830	PS_Ct_r01_2017_05_29_L001	2	0.1637	0.0055	1.0000
HAMBI_0403_chrm01_circ_2486830	PS_Ct_r01_2017_07_24_L001	2	0.0781	0.0046	1.0000
HAMBI_0403_chrm01_circ_2486830	PS_Ct_r01_2017_08_21_L002	2	0.0202	0.0001	1.0000
HAMBI_0403_chrm01_circ_2521194	PS_Ct_r01_2015_08_24_L001	2	0.0000	0.0000	1.0000
HAMBI_0403_chrm01_circ_2521194	PS_Ct_r01_2015_09_21_L001	2	0.0000	0.0000	1.0000
HAMBI_0403_chrm01_circ_2521194	PS_Ct_r01_2015_10_19_L001	2	0.0000	0.0000	1.0000
HAMBI_0403_chrm01_circ_2521194	PS_Ct_r01_2015_11_16_L002	2	0.0000	0.0000	1.0000
HAMBI_0403_chrm01_circ_2521194	PS_Ct_r01_2015_12_14_L002	2	0.0000	0.0000	1.0000
HAMBI_0403_chrm01_circ_2521194	PS_Ct_r01_2016_01_11_L002	2	0.0000	0.0000	1.0000
HAMBI_0403_chrm01_circ_2521194	PS_Ct_r01_2016_02_08_L002	2	0.0000	0.0000	1.0000
HAMBI_0403_chrm01_circ_2521194	PS_Ct_r01_2016_03_07_L001	2	0.0000	0.0000	1.0000
HAMBI_0403_chrm01_circ_2521194	PS_Ct_r01_2016_04_03_L001	2	0.0103	0.0014	1.0000
HAMBI_0403_chrm01_circ_2521194	PS_Ct_r01_2016_05_04_L001	2	0.0000	0.0000	1.0000
HAMBI_0403_chrm01_circ_2521194	PS_Ct_r01_2016_05_30_L001	2	0.1819	0.0053	1.0000
HAMBI_0403_chrm01_circ_2521194	PS_Ct_r01_2016_07_25_L004	2	0.0453	0.0051	1.0000
HAMBI_0403_chrm01_circ_2521194	PS_Ct_r01_2016_08_22_L004	2	0.0977	0.0052	1.0000
HAMBI_0403_chrm01_circ_2521194	PS_Ct_r01_2016_09_19_L004	2	0.1018	0.0046	1.0000
HAMBI_0403_chrm01_circ_2521194	PS_Ct_r01_2016_10_17_L004	2	0.0756	0.0051	1.0000
HAMBI_0403_chrm01_circ_2521194	PS_Ct_r01_2016_11_14_L004	2	0.0945	0.0051	1.0000
HAMBI_0403_chrm01_circ_2521194	PS_Ct_r01_2016_12_12_L004	2	0.1304	0.0047	1.0000
HAMBI_0403_chrm01_circ_2521194	PS_Ct_r01_2017_01_09_L002	2	0.2457	0.0065	1.0000
HAMBI_0403_chrm01_circ_2521194	PS_Ct_r01_2017_02_06_L004	2	0.1121	0.0050	1.0000
HAMBI_0403_chrm01_circ_2521194	PS_Ct_r01_2017_03_06_L001	2	0.1976	0.0061	1.0000
HAMBI_0403_chrm01_circ_2521194	PS_Ct_r01_2017_04_03_L001	2	0.1241	0.0047	1.0000
HAMBI_0403_chrm01_circ_2521194	PS_Ct_r01_2017_05_29_L001	2	0.1637	0.0055	1.0000
HAMBI_0403_chrm01_circ_2521194	PS_Ct_r01_2017_07_24_L001	2	0.0781	0.0046	1.0000
HAMBI_0403_chrm01_circ_2521194	PS_Ct_r01_2017_08_21_L002	2	0.0202	0.0001	1.0000
HAMBI_0403_chrm01_circ_2643050	PS_Ct_r01_2015_08_24_L001	2	0.0000	0.0000	1.0000
HAMBI_0403_chrm01_circ_2643050	PS_Ct_r01_2015_09_21_L001	2	0.0000	0.0000	1.0000
HAMBI_0403_chrm01_circ_2643050	PS_Ct_r01_2015_10_19_L001	2	0.0000	0.0000	1.0000
HAMBI_0403_chrm01_circ_2643050	PS_Ct_r01_2015_11_16_L002	2	0.0000	0.0000	1.0000
HAMBI_0403_chrm01_circ_2643050	PS_Ct_r01_2015_12_14_L002	2	0.0000	0.0000	1.0000
HAMBI_0403_chrm01_circ_2643050	PS_Ct_r01_2016_01_11_L002	2	0.0000	0.0000	1.0000
HAMBI_0403_chrm01_circ_2643050	PS_Ct_r01_2016_02_08_L002	2	0.0000	0.0000	1.0000
HAMBI_0403_chrm01_circ_2643050	PS_Ct_r01_2016_03_07_L001	2	0.0000	0.0000	1.0000
HAMBI_0403_chrm01_circ_2643050	PS_Ct_r01_2016_04_03_L001	2	0.0103	0.0014	1.0000
HAMBI_0403_chrm01_circ_2643050	PS_Ct_r01_2016_05_04_L001	2	0.0000	0.0000	1.0000
HAMBI_0403_chrm01_circ_2643050	PS_Ct_r01_2016_05_30_L001	2	0.1819	0.0053	1.0000
HAMBI_0403_chrm01_circ_2643050	PS_Ct_r01_2016_07_25_L004	2	0.0453	0.0051	1.0000
HAMBI_0403_chrm01_circ_2643050	PS_Ct_r01_2016_08_22_L004	2	0.0977	0.0052	1.0000
HAMBI_0403_chrm01_circ_2643050	PS_Ct_r01_2016_09_19_L004	2	0.1018	0.0046	1.0000
HAMBI_0403_chrm01_circ_2643050	PS_Ct_r01_2016_10_17_L004	2	0.0756	0.0051	1.0000
HAMBI_0403_chrm01_circ_2643050	PS_Ct_r01_2016_11_14_L004	2	0.0945	0.0051	1.0000
HAMBI_0403_chrm01_circ_2643050	PS_Ct_r01_2016_12_12_L004	2	0.1304	0.0047	1.0000
HAMBI_0403_chrm01_circ_2643050	PS_Ct_r01_2017_01_09_L002	2	0.2457	0.0065	1.0000
HAMBI_0403_chrm01_circ_2643050	PS_Ct_r01_2017_02_06_L004	2	0.1121	0.0050	1.0000
HAMBI_0403_chrm01_circ_2643050	PS_Ct_r01_2017_03_06_L001	2	0.1976	0.0061	1.0000
HAMBI_0403_chrm01_circ_2643050	PS_Ct_r01_2017_04_03_L001	2	0.1241	0.0047	1.0000
HAMBI_0403_chrm01_circ_2643050	PS_Ct_r01_2017_05_29_L001	2	0.1637	0.0055	1.0000
HAMBI_0403_chrm01_circ_2643050	PS_Ct_r01_2017_07_24_L001	2	0.0781	0.0046	1.0000
HAMBI_0403_chrm01_circ_2643050	PS_Ct_r01_2017_08_21_L002	2	0.0202	0.0001	1.0000
HAMBI_0403_chrm01_circ_2655318	PS_Ct_r01_2015_08_24_L001	2	0.0000	0.0000	1.0000
HAMBI_0403_chrm01_circ_2655318	PS_Ct_r01_2015_09_21_L001	2	0.0000	0.0000	1.0000
HAMBI_0403_chrm01_circ_2655318	PS_Ct_r01_2015_10_19_L001	2	0.0000	0.0000	1.0000
HAMBI_0403_chrm01_circ_2655318	PS_Ct_r01_2015_11_16_L002	2	0.0000	0.0000	1.0000
HAMBI_0403_chrm01_circ_2655318	PS_Ct_r01_2015_12_14_L002	2	0.0000	0.0000	1.0000
HAMBI_0403_chrm01_circ_2655318	PS_Ct_r01_2016_01_11_L002	2	0.0000	0.0000	1.0000
HAMBI_0403_chrm01_circ_2655318	PS_Ct_r01_2016_02_08_L002	2	0.0000	0.0000	1.0000
HAMBI_0403_chrm01_circ_2655318	PS_Ct_r01_2016_03_07_L001	2	0.0000	0.0000	1.0000
HAMBI_0403_chrm01_circ_2655318	PS_Ct_r01_2016_04_03_L001	2	0.0103	0.0014	1.0000
HAMBI_0403_chrm01_circ_2655318	PS_Ct_r01_2016_05_04_L001	2	0.0000	0.0000	1.0000
HAMBI_0403_chrm01_circ_2655318	PS_Ct_r01_2016_05_30_L001	2	0.1819	0.0053	1.0000
HAMBI_0403_chrm01_circ_2655318	PS_Ct_r01_2016_07_25_L004	2	0.0453	0.0051	1.0000
HAMBI_0403_chrm01_circ_2655318	PS_Ct_r01_2016_08_22_L004	2	0.0977	0.0052	1.0000
HAMBI_0403_chrm01_circ_2655318	PS_Ct_r01_2016_09_19_L004	2	0.1018	0.0046	1.0000
HAMBI_0403_chrm01_circ_2655318	PS_Ct_r01_2016_10_17_L004	2	0.0756	0.0051	1.0000
HAMBI_0403_chrm01_circ_2655318	PS_Ct_r01_2016_11_14_L004	2	0.0945	0.0051	1.0000
HAMBI_0403_chrm01_circ_2655318	PS_Ct_r01_2016_12_12_L004	2	0.1304	0.0047	1.0000
HAMBI_0403_chrm01_circ_2655318	PS_Ct_r01_2017_01_09_L002	2	0.2457	0.0065	1.0000
HAMBI_0403_chrm01_circ_2655318	PS_Ct_r01_2017_02_06_L004	2	0.1121	0.0050	1.0000
HAMBI_0403_chrm01_circ_2655318	PS_Ct_r01_2017_03_06_L001	2	0.1976	0.0061	1.0000
HAMBI_0403_chrm01_circ_2655318	PS_Ct_r01_2017_04_03_L001	2	0.1241	0.0047	1.0000
HAMBI_0403_chrm01_circ_2655318	PS_Ct_r01_2017_05_29_L001	2	0.1637	0.0055	1.0000
HAMBI_0403_chrm01_circ_2655318	PS_Ct_r01_2017_07_24_L001	2	0.0781	0.0046	1.0000
HAMBI_0403_chrm01_circ_2655318	PS_Ct_r01_2017_08_21_L002	2	0.0202	0.0001	1.0000
HAMBI_0403_chrm01_circ_3003482	PS_Ct_r01_2015_08_24_L001	2	0.0000	0.0000	1.0000
HAMBI_0403_chrm01_circ_3003482	PS_Ct_r01_2015_09_21_L001	2	0.0000	0.0000	1.0000
HAMBI_0403_chrm01_circ_3003482	PS_Ct_r01_2015_10_19_L001	2	0.0000	0.0000	1.0000
HAMBI_0403_chrm01_circ_3003482	PS_Ct_r01_2015_11_16_L002	2	0.0000	0.0000	1.0000
HAMBI_0403_chrm01_circ_3003482	PS_Ct_r01_2015_12_14_L002	2	0.0000	0.0000	1.0000
HAMBI_0403_chrm01_circ_3003482	PS_Ct_r01_2016_01_11_L002	2	0.0000	0.0000	1.0000
HAMBI_0403_chrm01_circ_3003482	PS_Ct_r01_2016_02_08_L002	2	0.0000	0.0000	1.0000
HAMBI_0403_chrm01_circ_3003482	PS_Ct_r01_2016_03_07_L001	2	0.0000	0.0000	1.0000
HAMBI_0403_chrm01_circ_3003482	PS_Ct_r01_2016_04_03_L001	2	0.0103	0.0014	1.0000
HAMBI_0403_chrm01_circ_3003482	PS_Ct_r01_2016_05_04_L001	2	0.0000	0.0000	1.0000
HAMBI_0403_chrm01_circ_3003482	PS_Ct_r01_2016_05_30_L001	2	0.1819	0.0053	1.0000
HAMBI_0403_chrm01_circ_3003482	PS_Ct_r01_2016_07_25_L004	2	0.0453	0.0051	1.0000
HAMBI_0403_chrm01_circ_3003482	PS_Ct_r01_2016_08_22_L004	2	0.0977	0.0052	1.0000
HAMBI_0403_chrm01_circ_3003482	PS_Ct_r01_2016_09_19_L004	2	0.1018	0.0046	1.0000
HAMBI_0403_chrm01_circ_3003482	PS_Ct_r01_2016_10_17_L004	2	0.0756	0.0051	1.0000
HAMBI_0403_chrm01_circ_3003482	PS_Ct_r01_2016_11_14_L004	2	0.0945	0.0051	1.0000
HAMBI_0403_chrm01_circ_3003482	PS_Ct_r01_2016_12_12_L004	2	0.1304	0.0047	1.0000
HAMBI_0403_chrm01_circ_3003482	PS_Ct_r01_2017_01_09_L002	2	0.2457	0.0065	1.0000
HAMBI_0403_chrm01_circ_3003482	PS_Ct_r01_2017_02_06_L004	2	0.1121	0.0050	1.0000
HAMBI_0403_chrm01_circ_3003482	PS_Ct_r01_2017_03_06_L001	2	0.1976	0.0061	1.0000
HAMBI_0403_chrm01_circ_3003482	PS_Ct_r01_2017_04_03_L001	2	0.1241	0.0047	1.0000
HAMBI_0403_chrm01_circ_3003482	PS_Ct_r01_2017_05_29_L001	2	0.1637	0.0055	1.0000
HAMBI_0403_chrm01_circ_3003482	PS_Ct_r01_2017_07_24_L001	2	0.0781	0.0046	1.0000
HAMBI_0403_chrm01_circ_3003482	PS_Ct_r01_2017_08_21_L002	2	0.0202	0.0001	1.0000
HAMBI_0403_chrm01_circ_316350	PS_Ct_r01_2015_08_24_L001	2	0.0000	0.0000	1.0000
HAMBI_0403_chrm01_circ_316350	PS_Ct_r01_2015_09_21_L001	2	0.0000	0.0000	1.0000
HAMBI_0403_chrm01_circ_316350	PS_Ct_r01_2015_10_19_L001	2	0.0000	0.0000	1.0000
HAMBI_0403_chrm01_circ_316350	PS_Ct_r01_2015_11_16_L002	2	0.0000	0.0000	1.0000
HAMBI_0403_chrm01_circ_316350	PS_Ct_r01_2015_12_14_L002	2	0.0000	0.0000	1.0000
HAMBI_0403_chrm01_circ_316350	PS_Ct_r01_2016_01_11_L002	2	0.0000	0.0000	1.0000
HAMBI_0403_chrm01_circ_316350	PS_Ct_r01_2016_02_08_L002	2	0.0000	0.0000	1.0000
HAMBI_0403_chrm01_circ_316350	PS_Ct_r01_2016_03_07_L001	2	0.0000	0.0000	1.0000
HAMBI_0403_chrm01_circ_316350	PS_Ct_r01_2016_04_03_L001	2	0.0103	0.0014	1.0000
HAMBI_0403_chrm01_circ_316350	PS_Ct_r01_2016_05_04_L001	2	0.0000	0.0000	1.0000
HAMBI_0403_chrm01_circ_316350	PS_Ct_r01_2016_05_30_L001	2	0.1819	0.0053	1.0000
HAMBI_0403_chrm01_circ_316350	PS_Ct_r01_2016_07_25_L004	2	0.0453	0.0051	1.0000
HAMBI_0403_chrm01_circ_316350	PS_Ct_r01_2016_08_22_L004	2	0.0977	0.0052	1.0000
HAMBI_0403_chrm01_circ_316350	PS_Ct_r01_2016_09_19_L004	2	0.1018	0.0046	1.0000
HAMBI_0403_chrm01_circ_316350	PS_Ct_r01_2016_10_17_L004	2	0.0756	0.0051	1.0000
HAMBI_0403_chrm01_circ_316350	PS_Ct_r01_2016_11_14_L004	2	0.0945	0.0051	1.0000
HAMBI_0403_chrm01_circ_316350	PS_Ct_r01_2016_12_12_L004	2	0.1304	0.0047	1.0000
HAMBI_0403_chrm01_circ_316350	PS_Ct_r01_2017_01_09_L002	2	0.2457	0.0065	1.0000
HAMBI_0403_chrm01_circ_316350	PS_Ct_r01_2017_02_06_L004	2	0.1121	0.0050	1.0000
HAMBI_0403_chrm01_circ_316350	PS_Ct_r01_2017_03_06_L001	2	0.1976	0.0061	1.0000
HAMBI_0403_chrm01_circ_316350	PS_Ct_r01_2017_04_03_L001	2	0.1241	0.0047	1.0000
HAMBI_0403_chrm01_circ_316350	PS_Ct_r01_2017_05_29_L001	2	0.1637	0.0055	1.0000
HAMBI_0403_chrm01_circ_316350	PS_Ct_r01_2017_07_24_L001	2	0.0781	0.0046	1.0000
HAMBI_0403_chrm01_circ_316350	PS_Ct_r01_2017_08_21_L002	2	0.0202	0.0001	1.0000
HAMBI_0403_chrm01_circ_3265358	PS_Ct_r01_2015_08_24_L001	2	0.0000	0.0000	1.0000
HAMBI_0403_chrm01_circ_3265358	PS_Ct_r01_2015_09_21_L001	2	0.0000	0.0000	1.0000
HAMBI_0403_chrm01_circ_3265358	PS_Ct_r01_2015_10_19_L001	2	0.0000	0.0000	1.0000
HAMBI_0403_chrm01_circ_3265358	PS_Ct_r01_2015_11_16_L002	2	0.0000	0.0000	1.0000
HAMBI_0403_chrm01_circ_3265358	PS_Ct_r01_2015_12_14_L002	2	0.0000	0.0000	1.0000
HAMBI_0403_chrm01_circ_3265358	PS_Ct_r01_2016_01_11_L002	2	0.0000	0.0000	1.0000
HAMBI_0403_chrm01_circ_3265358	PS_Ct_r01_2016_02_08_L002	2	0.0000	0.0000	1.0000
HAMBI_0403_chrm01_circ_3265358	PS_Ct_r01_2016_03_07_L001	2	0.0000	0.0000	1.0000
HAMBI_0403_chrm01_circ_3265358	PS_Ct_r01_2016_04_03_L001	2	0.0103	0.0014	1.0000
HAMBI_0403_chrm01_circ_3265358	PS_Ct_r01_2016_05_04_L001	2	0.0000	0.0000	1.0000
HAMBI_0403_chrm01_circ_3265358	PS_Ct_r01_2016_05_30_L001	2	0.1819	0.0053	1.0000
HAMBI_0403_chrm01_circ_3265358	PS_Ct_r01_2016_07_25_L004	2	0.0453	0.0051	1.0000
HAMBI_0403_chrm01_circ_3265358	PS_Ct_r01_2016_08_22_L004	2	0.0977	0.0052	1.0000
HAMBI_0403_chrm01_circ_3265358	PS_Ct_r01_2016_09_19_L004	2	0.1018	0.0046	1.0000
HAMBI_0403_chrm01_circ_3265358	PS_Ct_r01_2016_10_17_L004	2	0.0756	0.0051	1.0000
HAMBI_0403_chrm01_circ_3265358	PS_Ct_r01_2016_11_14_L004	2	0.0945	0.0051	1.0000
HAMBI_0403_chrm01_circ_3265358	PS_Ct_r01_2016_12_12_L004	2	0.1304	0.0047	1.0000
HAMBI_0403_chrm01_circ_3265358	PS_Ct_r01_2017_01_09_L002	2	0.2457	0.0065	1.0000
HAMBI_0403_chrm01_circ_3265358	PS_Ct_r01_2017_02_06_L004	2	0.1121	0.0050	1.0000
HAMBI_0403_chrm01_circ_3265358	PS_Ct_r01_2017_03_06_L001	2	0.1976	0.0061	1.0000
HAMBI_0403_chrm01_circ_3265358	PS_Ct_r01_2017_04_03_L001	2	0.1241	0.0047	1.0000
HAMBI_0403_chrm01_circ_3265358	PS_Ct_r01_2017_05_29_L001	2	0.1637	0.0055	1.0000
HAMBI_0403_chrm01_circ_3265358	PS_Ct_r01_2017_07_24_L001	2	0.0781	0.0046	1.0000
HAMBI_0403_chrm01_circ_3265358	PS_Ct_r01_2017_08_21_L002	2	0.0202	0.0001	1.0000
HAMBI_0403_chrm01_circ_3275070	PS_Ct_r01_2015_08_24_L001	2	0.0000	0.0000	1.0000
HAMBI_0403_chrm01_circ_3275070	PS_Ct_r01_2015_09_21_L001	2	0.0000	0.0000	1.0000
HAMBI_0403_chrm01_circ_3275070	PS_Ct_r01_2015_10_19_L001	2	0.0000	0.0000	1.0000
HAMBI_0403_chrm01_circ_3275070	PS_Ct_r01_2015_11_16_L002	2	0.0000	0.0000	1.0000
HAMBI_0403_chrm01_circ_3275070	PS_Ct_r01_2015_12_14_L002	2	0.0000	0.0000	1.0000
HAMBI_0403_chrm01_circ_3275070	PS_Ct_r01_2016_01_11_L002	2	0.0000	0.0000	1.0000
HAMBI_0403_chrm01_circ_3275070	PS_Ct_r01_2016_02_08_L002	2	0.0000	0.0000	1.0000
HAMBI_0403_chrm01_circ_3275070	PS_Ct_r01_2016_03_07_L001	2	0.0000	0.0000	1.0000
HAMBI_0403_chrm01_circ_3275070	PS_Ct_r01_2016_04_03_L001	2	0.0103	0.0014	1.0000
HAMBI_0403_chrm01_circ_3275070	PS_Ct_r01_2016_05_04_L001	2	0.0000	0.0000	1.0000
HAMBI_0403_chrm01_circ_3275070	PS_Ct_r01_2016_05_30_L001	2	0.1819	0.0053	1.0000
HAMBI_0403_chrm01_circ_3275070	PS_Ct_r01_2016_07_25_L004	2	0.0453	0.0051	1.0000
HAMBI_0403_chrm01_circ_3275070	PS_Ct_r01_2016_08_22_L004	2	0.0977	0.0052	1.0000
HAMBI_0403_chrm01_circ_3275070	PS_Ct_r01_2016_09_19_L004	2	0.1018	0.0046	1.0000
HAMBI_0403_chrm01_circ_3275070	PS_Ct_r01_2016_10_17_L004	2	0.0756	0.0051	1.0000
HAMBI_0403_chrm01_circ_3275070	PS_Ct_r01_2016_11_14_L004	2	0.0945	0.0051	1.0000
HAMBI_0403_chrm01_circ_3275070	PS_Ct_r01_2016_12_12_L004	2	0.1304	0.0047	1.0000
HAMBI_0403_chrm01_circ_3275070	PS_Ct_r01_2017_01_09_L002	2	0.2457	0.0065	1.0000
HAMBI_0403_chrm01_circ_3275070	PS_Ct_r01_2017_02_06_L004	2	0.1121	0.0050	1.0000
HAMBI_0403_chrm01_circ_3275070	PS_Ct_r01_2017_03_06_L001	2	0.1976	0.0061	1.0000
HAMBI_0403_chrm01_circ_3275070	PS_Ct_r01_2017_04_03_L001	2	0.1241	0.0047	1.0000
HAMBI_0403_chrm01_circ_3275070	PS_Ct_r01_2017_05_29_L001	2	0.1637	0.0055	1.0000
HAMBI_0403_chrm01_circ_3275070	PS_Ct_r01_2017_07_24_L001	2	0.0781	0.0046	1.0000
HAMBI_0403_chrm01_circ_3275070	PS_Ct_r01_2017_08_21_L002	2	0.0202	0.0001	1.0000
HAMBI_0403_chrm01_circ_3386807	PS_Ct_r01_2015_08_24_L001	2	0.0000	0.0000	1.0000
HAMBI_0403_chrm01_circ_3386807	PS_Ct_r01_2015_09_21_L001	2	0.0000	0.0000	1.0000
HAMBI_0403_chrm01_circ_3386807	PS_Ct_r01_2015_10_19_L001	2	0.0000	0.0000	1.0000
HAMBI_0403_chrm01_circ_3386807	PS_Ct_r01_2015_11_16_L002	2	0.0000	0.0000	1.0000
HAMBI_0403_chrm01_circ_3386807	PS_Ct_r01_2015_12_14_L002	2	0.0000	0.0000	1.0000
HAMBI_0403_chrm01_circ_3386807	PS_Ct_r01_2016_01_11_L002	2	0.0000	0.0000	1.0000
HAMBI_0403_chrm01_circ_3386807	PS_Ct_r01_2016_02_08_L002	2	0.0000	0.0000	1.0000
HAMBI_0403_chrm01_circ_3386807	PS_Ct_r01_2016_03_07_L001	2	0.0000	0.0000	1.0000
HAMBI_0403_chrm01_circ_3386807	PS_Ct_r01_2016_04_03_L001	2	0.0103	0.0014	1.0000
HAMBI_0403_chrm01_circ_3386807	PS_Ct_r01_2016_05_04_L001	2	0.0000	0.0000	1.0000
HAMBI_0403_chrm01_circ_3386807	PS_Ct_r01_2016_05_30_L001	2	0.1819	0.0053	1.0000
HAMBI_0403_chrm01_circ_3386807	PS_Ct_r01_2016_07_25_L004	2	0.0453	0.0051	1.0000
HAMBI_0403_chrm01_circ_3386807	PS_Ct_r01_2016_08_22_L004	2	0.0977	0.0052	1.0000
HAMBI_0403_chrm01_circ_3386807	PS_Ct_r01_2016_09_19_L004	2	0.1018	0.0046	1.0000
HAMBI_0403_chrm01_circ_3386807	PS_Ct_r01_2016_10_17_L004	2	0.0756	0.0051	1.0000
HAMBI_0403_chrm01_circ_3386807	PS_Ct_r01_2016_11_14_L004	2	0.0945	0.0051	1.0000
HAMBI_0403_chrm01_circ_3386807	PS_Ct_r01_2016_12_12_L004	2	0.1304	0.0047	1.0000
HAMBI_0403_chrm01_circ_3386807	PS_Ct_r01_2017_01_09_L002	2	0.2457	0.0065	1.0000
HAMBI_0403_chrm01_circ_3386807	PS_Ct_r01_2017_02_06_L004	2	0.1121	0.0050	1.0000
HAMBI_0403_chrm01_circ_3386807	PS_Ct_r01_2017_03_06_L001	2	0.1976	0.0061	1.0000
HAMBI_0403_chrm01_circ_3386807	PS_Ct_r01_2017_04_03_L001	2	0.1241	0.0047	1.0000
HAMBI_0403_chrm01_circ_3386807	PS_Ct_r01_2017_05_29_L001	2	0.1637	0.0055	1.0000
HAMBI_0403_chrm01_circ_3386807	PS_Ct_r01_2017_07_24_L001	2	0.0781	0.0046	1.0000
HAMBI_0403_chrm01_circ_3386807	PS_Ct_r01_2017_08_21_L002	2	0.0202	0.0001	1.0000
HAMBI_0403_chrm01_circ_3391984	PS_Ct_r01_2015_08_24_L001	2	0.0000	0.0000	1.0000
HAMBI_0403_chrm01_circ_3391984	PS_Ct_r01_2015_09_21_L001	2	0.0000	0.0000	1.0000
HAMBI_0403_chrm01_circ_3391984	PS_Ct_r01_2015_10_19_L001	2	0.0000	0.0000	1.0000
HAMBI_0403_chrm01_circ_3391984	PS_Ct_r01_2015_11_16_L002	2	0.0000	0.0000	1.0000
HAMBI_0403_chrm01_circ_3391984	PS_Ct_r01_2015_12_14_L002	2	0.0000	0.0000	1.0000
HAMBI_0403_chrm01_circ_3391984	PS_Ct_r01_2016_01_11_L002	2	0.0000	0.0000	1.0000
HAMBI_0403_chrm01_circ_3391984	PS_Ct_r01_2016_02_08_L002	2	0.0000	0.0000	1.0000
HAMBI_0403_chrm01_circ_3391984	PS_Ct_r01_2016_03_07_L001	2	0.0000	0.0000	1.0000
HAMBI_0403_chrm01_circ_3391984	PS_Ct_r01_2016_04_03_L001	2	0.0103	0.0014	1.0000
HAMBI_0403_chrm01_circ_3391984	PS_Ct_r01_2016_05_04_L001	2	0.0000	0.0000	1.0000
HAMBI_0403_chrm01_circ_3391984	PS_Ct_r01_2016_05_30_L001	2	0.1819	0.0053	1.0000
HAMBI_0403_chrm01_circ_3391984	PS_Ct_r01_2016_07_25_L004	2	0.0453	0.0051	1.0000
HAMBI_0403_chrm01_circ_3391984	PS_Ct_r01_2016_08_22_L004	2	0.0977	0.0052	1.0000
HAMBI_0403_chrm01_circ_3391984	PS_Ct_r01_2016_09_19_L004	2	0.1018	0.0046	1.0000
HAMBI_0403_chrm01_circ_3391984	PS_Ct_r01_2016_10_17_L004	2	0.0756	0.0051	1.0000
HAMBI_0403_chrm01_circ_3391984	PS_Ct_r01_2016_11_14_L004	2	0.0945	0.0051	1.0000
HAMBI_0403_chrm01_circ_3391984	PS_Ct_r01_2016_12_12_L004	2	0.1304	0.0047	1.0000
HAMBI_0403_chrm01_circ_3391984	PS_Ct_r01_2017_01_09_L002	2	0.2457	0.0065	1.0000
HAMBI_0403_chrm01_circ_3391984	PS_Ct_r01_2017_02_06_L004	2	0.1121	0.0050	1.0000
HAMBI_0403_chrm01_circ_3391984	PS_Ct_r01_2017_03_06_L001	2	0.1976	0.0061	1.0000
HAMBI_0403_chrm01_circ_3391984	PS_Ct_r01_2017_04_03_L001	2	0.1241	0.0047	1.0000
HAMBI_0403_chrm01_circ_3391984	PS_Ct_r01_2017_05_29_L001	2	0.1637	0.0055	1.0000
HAMBI_0403_chrm01_circ_3391984	PS_Ct_r01_2017_07_24_L001	2	0.0781	0.0046	1.0000
HAMBI_0403_chrm01_circ_3391984	PS_Ct_r01_2017_08_21_L002	2	0.0202	0.0001	1.0000
HAMBI_0403_chrm01_circ_367063	PS_Ct_r01_2015_08_24_L001	2	0.0000	0.0000	1.0000
HAMBI_0403_chrm01_circ_367063	PS_Ct_r01_2015_09_21_L001	2	0.0000	0.0000	1.0000
HAMBI_0403_chrm01_circ_367063	PS_Ct_r01_2015_10_19_L001	2	0.0000	0.0000	1.0000
HAMBI_0403_chrm01_circ_367063	PS_Ct_r01_2015_11_16_L002	2	0.0000	0.0000	1.0000
HAMBI_0403_chrm01_circ_367063	PS_Ct_r01_2015_12_14_L002	2	0.0000	0.0000	1.0000
HAMBI_0403_chrm01_circ_367063	PS_Ct_r01_2016_01_11_L002	2	0.0000	0.0000	1.0000
HAMBI_0403_chrm01_circ_367063	PS_Ct_r01_2016_02_08_L002	2	0.0000	0.0000	1.0000
HAMBI_0403_chrm01_circ_367063	PS_Ct_r01_2016_03_07_L001	2	0.0000	0.0000	1.0000
HAMBI_0403_chrm01_circ_367063	PS_Ct_r01_2016_04_03_L001	2	0.0103	0.0014	1.0000
HAMBI_0403_chrm01_circ_367063	PS_Ct_r01_2016_05_04_L001	2	0.0000	0.0000	1.0000
HAMBI_0403_chrm01_circ_367063	PS_Ct_r01_2016_05_30_L001	2	0.1819	0.0053	1.0000
HAMBI_0403_chrm01_circ_367063	PS_Ct_r01_2016_07_25_L004	2	0.0453	0.0051	1.0000
HAMBI_0403_chrm01_circ_367063	PS_Ct_r01_2016_08_22_L004	2	0.0977	0.0052	1.0000
HAMBI_0403_chrm01_circ_367063	PS_Ct_r01_2016_09_19_L004	2	0.1018	0.0046	1.0000
HAMBI_0403_chrm01_circ_367063	PS_Ct_r01_2016_10_17_L004	2	0.0756	0.0051	1.0000
HAMBI_0403_chrm01_circ_367063	PS_Ct_r01_2016_11_14_L004	2	0.0945	0.0051	1.0000
HAMBI_0403_chrm01_circ_367063	PS_Ct_r01_2016_12_12_L004	2	0.1304	0.0047	1.0000
HAMBI_0403_chrm01_circ_367063	PS_Ct_r01_2017_01_09_L002	2	0.2457	0.0065	1.0000
HAMBI_0403_chrm01_circ_367063	PS_Ct_r01_2017_02_06_L004	2	0.1121	0.0050	1.0000
HAMBI_0403_chrm01_circ_367063	PS_Ct_r01_2017_03_06_L001	2	0.1976	0.0061	1.0000
HAMBI_0403_chrm01_circ_367063	PS_Ct_r01_2017_04_03_L001	2	0.1241	0.0047	1.0000
HAMBI_0403_chrm01_circ_367063	PS_Ct_r01_2017_05_29_L001	2	0.1637	0.0055	1.0000
HAMBI_0403_chrm01_circ_367063	PS_Ct_r01_2017_07_24_L001	2	0.0781	0.0046	1.0000
HAMBI_0403_chrm01_circ_367063	PS_Ct_r01_2017_08_21_L002	2	0.0202	0.0001	1.0000
HAMBI_0403_chrm01_circ_3717136	PS_Ct_r01_2015_08_24_L001	2	0.0000	0.0000	1.0000
HAMBI_0403_chrm01_circ_3717136	PS_Ct_r01_2015_09_21_L001	2	0.0000	0.0000	1.0000
HAMBI_0403_chrm01_circ_3717136	PS_Ct_r01_2015_10_19_L001	2	0.0000	0.0000	1.0000
HAMBI_0403_chrm01_circ_3717136	PS_Ct_r01_2015_11_16_L002	2	0.0000	0.0000	1.0000
HAMBI_0403_chrm01_circ_3717136	PS_Ct_r01_2015_12_14_L002	2	0.0000	0.0000	1.0000
HAMBI_0403_chrm01_circ_3717136	PS_Ct_r01_2016_01_11_L002	2	0.0000	0.0000	1.0000
HAMBI_0403_chrm01_circ_3717136	PS_Ct_r01_2016_02_08_L002	2	0.0000	0.0000	1.0000
HAMBI_0403_chrm01_circ_3717136	PS_Ct_r01_2016_03_07_L001	2	0.0000	0.0000	1.0000
HAMBI_0403_chrm01_circ_3717136	PS_Ct_r01_2016_04_03_L001	2	0.0103	0.0014	1.0000
HAMBI_0403_chrm01_circ_3717136	PS_Ct_r01_2016_05_04_L001	2	0.0000	0.0000	1.0000
HAMBI_0403_chrm01_circ_3717136	PS_Ct_r01_2016_05_30_L001	2	0.1819	0.0053	1.0000
HAMBI_0403_chrm01_circ_3717136	PS_Ct_r01_2016_07_25_L004	2	0.0453	0.0051	1.0000
HAMBI_0403_chrm01_circ_3717136	PS_Ct_r01_2016_08_22_L004	2	0.0977	0.0052	1.0000
HAMBI_0403_chrm01_circ_3717136	PS_Ct_r01_2016_09_19_L004	2	0.1018	0.0046	1.0000
HAMBI_0403_chrm01_circ_3717136	PS_Ct_r01_2016_10_17_L004	2	0.0756	0.0051	1.0000
HAMBI_0403_chrm01_circ_3717136	PS_Ct_r01_2016_11_14_L004	2	0.0945	0.0051	1.0000
HAMBI_0403_chrm01_circ_3717136	PS_Ct_r01_2016_12_12_L004	2	0.1304	0.0047	1.0000
HAMBI_0403_chrm01_circ_3717136	PS_Ct_r01_2017_01_09_L002	2	0.2457	0.0065	1.0000
HAMBI_0403_chrm01_circ_3717136	PS_Ct_r01_2017_02_06_L004	2	0.1121	0.0050	1.0000
HAMBI_0403_chrm01_circ_3717136	PS_Ct_r01_2017_03_06_L001	2	0.1976	0.0061	1.0000
HAMBI_0403_chrm01_circ_3717136	PS_Ct_r01_2017_04_03_L001	2	0.1241	0.0047	1.0000
HAMBI_0403_chrm01_circ_3717136	PS_Ct_r01_2017_05_29_L001	2	0.1637	0.0055	1.0000
HAMBI_0403_chrm01_circ_3717136	PS_Ct_r01_2017_07_24_L001	2	0.0781	0.0046	1.0000
HAMBI_0403_chrm01_circ_3717136	PS_Ct_r01_2017_08_21_L002	2	0.0202	0.0001	1.0000
HAMBI_0403_chrm01_circ_3869682	PS_Ct_r01_2015_08_24_L001	2	0.0000	0.0000	1.0000
HAMBI_0403_chrm01_circ_3869682	PS_Ct_r01_2015_09_21_L001	2	0.0000	0.0000	1.0000
HAMBI_0403_chrm01_circ_3869682	PS_Ct_r01_2015_10_19_L001	2	0.0000	0.0000	1.0000
HAMBI_0403_chrm01_circ_3869682	PS_Ct_r01_2015_11_16_L002	2	0.0000	0.0000	1.0000
HAMBI_0403_chrm01_circ_3869682	PS_Ct_r01_2015_12_14_L002	2	0.0000	0.0000	1.0000
HAMBI_0403_chrm01_circ_3869682	PS_Ct_r01_2016_01_11_L002	2	0.0000	0.0000	1.0000
HAMBI_0403_chrm01_circ_3869682	PS_Ct_r01_2016_02_08_L002	2	0.0000	0.0000	1.0000
HAMBI_0403_chrm01_circ_3869682	PS_Ct_r01_2016_03_07_L001	2	0.0000	0.0000	1.0000
HAMBI_0403_chrm01_circ_3869682	PS_Ct_r01_2016_04_03_L001	2	0.0103	0.0014	1.0000
HAMBI_0403_chrm01_circ_3869682	PS_Ct_r01_2016_05_04_L001	2	0.0000	0.0000	1.0000
HAMBI_0403_chrm01_circ_3869682	PS_Ct_r01_2016_05_30_L001	2	0.1819	0.0053	1.0000
HAMBI_0403_chrm01_circ_3869682	PS_Ct_r01_2016_07_25_L004	2	0.0453	0.0051	1.0000
HAMBI_0403_chrm01_circ_3869682	PS_Ct_r01_2016_08_22_L004	2	0.0977	0.0052	1.0000
HAMBI_0403_chrm01_circ_3869682	PS_Ct_r01_2016_09_19_L004	2	0.1018	0.0046	1.0000
HAMBI_0403_chrm01_circ_3869682	PS_Ct_r01_2016_10_17_L004	2	0.0756	0.0051	1.0000
HAMBI_0403_chrm01_circ_3869682	PS_Ct_r01_2016_11_14_L004	2	0.0945	0.0051	1.0000
HAMBI_0403_chrm01_circ_3869682	PS_Ct_r01_2016_12_12_L004	2	0.1304	0.0047	1.0000
HAMBI_0403_chrm01_circ_3869682	PS_Ct_r01_2017_01_09_L002	2	0.2457	0.0065	1.0000
HAMBI_0403_chrm01_circ_3869682	PS_Ct_r01_2017_02_06_L004	2	0.1121	0.0050	1.0000
HAMBI_0403_chrm01_circ_3869682	PS_Ct_r01_2017_03_06_L001	2	0.1976	0.0061	1.0000
HAMBI_0403_chrm01_circ_3869682	PS_Ct_r01_2017_04_03_L001	2	0.1241	0.0047	1.0000
HAMBI_0403_chrm01_circ_3869682	PS_Ct_r01_2017_05_29_L001	2	0.1637	0.0055	1.0000
HAMBI_0403_chrm01_circ_3869682	PS_Ct_r01_2017_07_24_L001	2	0.0781	0.0046	1.0000
HAMBI_0403_chrm01_circ_3869682	PS_Ct_r01_2017_08_21_L002	2	0.0202	0.0001	1.0000
HAMBI_0403_chrm01_circ_3878809	PS_Ct_r01_2015_08_24_L001	2	0.0000	0.0000	0.9968
HAMBI_0403_chrm01_circ_3878809	PS_Ct_r01_2015_09_21_L001	2	0.0000	0.0000	0.9968
HAMBI_0403_chrm01_circ_3878809	PS_Ct_r01_2015_10_19_L001	2	0.0000	0.0000	0.9968
HAMBI_0403_chrm01_circ_3878809	PS_Ct_r01_2015_11_16_L002	2	0.0000	0.0000	0.9968
HAMBI_0403_chrm01_circ_3878809	PS_Ct_r01_2015_12_14_L002	2	0.0000	0.0000	0.9968
HAMBI_0403_chrm01_circ_3878809	PS_Ct_r01_2016_01_11_L002	2	0.0000	0.0000	0.9968
HAMBI_0403_chrm01_circ_3878809	PS_Ct_r01_2016_02_08_L002	2	0.0000	0.0000	0.9968
HAMBI_0403_chrm01_circ_3878809	PS_Ct_r01_2016_03_07_L001	2	0.0000	0.0000	0.9968
HAMBI_0403_chrm01_circ_3878809	PS_Ct_r01_2016_04_03_L001	2	0.0103	0.0014	0.9968
HAMBI_0403_chrm01_circ_3878809	PS_Ct_r01_2016_05_04_L001	2	0.0000	0.0000	0.9968
HAMBI_0403_chrm01_circ_3878809	PS_Ct_r01_2016_05_30_L001	2	0.1819	0.0053	0.9968
HAMBI_0403_chrm01_circ_3878809	PS_Ct_r01_2016_07_25_L004	2	0.0453	0.0051	0.9968
HAMBI_0403_chrm01_circ_3878809	PS_Ct_r01_2016_08_22_L004	2	0.0977	0.0052	0.9968
HAMBI_0403_chrm01_circ_3878809	PS_Ct_r01_2016_09_19_L004	2	0.1018	0.0046	0.9968
HAMBI_0403_chrm01_circ_3878809	PS_Ct_r01_2016_10_17_L004	2	0.0756	0.0051	0.9968
HAMBI_0403_chrm01_circ_3878809	PS_Ct_r01_2016_11_14_L004	2	0.0945	0.0051	0.9968
HAMBI_0403_chrm01_circ_3878809	PS_Ct_r01_2016_12_12_L004	2	0.1304	0.0047	0.9968
HAMBI_0403_chrm01_circ_3878809	PS_Ct_r01_2017_01_09_L002	2	0.2457	0.0065	0.9968
HAMBI_0403_chrm01_circ_3878809	PS_Ct_r01_2017_02_06_L004	2	0.1121	0.0050	0.9968
HAMBI_0403_chrm01_circ_3878809	PS_Ct_r01_2017_03_06_L001	2	0.1976	0.0061	0.9968
HAMBI_0403_chrm01_circ_3878809	PS_Ct_r01_2017_04_03_L001	2	0.1241	0.0047	0.9968
HAMBI_0403_chrm01_circ_3878809	PS_Ct_r01_2017_05_29_L001	2	0.1637	0.0055	0.9968
HAMBI_0403_chrm01_circ_3878809	PS_Ct_r01_2017_07_24_L001	2	0.0781	0.0046	0.9968
HAMBI_0403_chrm01_circ_3878809	PS_Ct_r01_2017_08_21_L002	2	0.0202	0.0001	0.9968
HAMBI_0403_chrm01_circ_3910271	PS_Ct_r01_2015_08_24_L001	2	0.0000	0.0000	1.0000
HAMBI_0403_chrm01_circ_3910271	PS_Ct_r01_2015_09_21_L001	2	0.0000	0.0000	1.0000
HAMBI_0403_chrm01_circ_3910271	PS_Ct_r01_2015_10_19_L001	2	0.0000	0.0000	1.0000
HAMBI_0403_chrm01_circ_3910271	PS_Ct_r01_2015_11_16_L002	2	0.0000	0.0000	1.0000
HAMBI_0403_chrm01_circ_3910271	PS_Ct_r01_2015_12_14_L002	2	0.0000	0.0000	1.0000
HAMBI_0403_chrm01_circ_3910271	PS_Ct_r01_2016_01_11_L002	2	0.0000	0.0000	1.0000
HAMBI_0403_chrm01_circ_3910271	PS_Ct_r01_2016_02_08_L002	2	0.0000	0.0000	1.0000
HAMBI_0403_chrm01_circ_3910271	PS_Ct_r01_2016_03_07_L001	2	0.0000	0.0000	1.0000
HAMBI_0403_chrm01_circ_3910271	PS_Ct_r01_2016_04_03_L001	2	0.0103	0.0014	1.0000
HAMBI_0403_chrm01_circ_3910271	PS_Ct_r01_2016_05_04_L001	2	0.0000	0.0000	1.0000
HAMBI_0403_chrm01_circ_3910271	PS_Ct_r01_2016_05_30_L001	2	0.1819	0.0053	1.0000
HAMBI_0403_chrm01_circ_3910271	PS_Ct_r01_2016_07_25_L004	2	0.0453	0.0051	1.0000
HAMBI_0403_chrm01_circ_3910271	PS_Ct_r01_2016_08_22_L004	2	0.0977	0.0052	1.0000
HAMBI_0403_chrm01_circ_3910271	PS_Ct_r01_2016_09_19_L004	2	0.1018	0.0046	1.0000
HAMBI_0403_chrm01_circ_3910271	PS_Ct_r01_2016_10_17_L004	2	0.0756	0.0051	1.0000
HAMBI_0403_chrm01_circ_3910271	PS_Ct_r01_2016_11_14_L004	2	0.0945	0.0051	1.0000
HAMBI_0403_chrm01_circ_3910271	PS_Ct_r01_2016_12_12_L004	2	0.1304	0.0047	1.0000
HAMBI_0403_chrm01_circ_3910271	PS_Ct_r01_2017_01_09_L002	2	0.2457	0.0065	1.0000
HAMBI_0403_chrm01_circ_3910271	PS_Ct_r01_2017_02_06_L004	2	0.1121	0.0050	1.0000
HAMBI_0403_chrm01_circ_3910271	PS_Ct_r01_2017_03_06_L001	2	0.1976	0.0061	1.0000
HAMBI_0403_chrm01_circ_3910271	PS_Ct_r01_2017_04_03_L001	2	0.1241	0.0047	1.0000
HAMBI_0403_chrm01_circ_3910271	PS_Ct_r01_2017_05_29_L001	2	0.1637	0.0055	1.0000
HAMBI_0403_chrm01_circ_3910271	PS_Ct_r01_2017_07_24_L001	2	0.0781	0.0046	1.0000
HAMBI_0403_chrm01_circ_3910271	PS_Ct_r01_2017_08_21_L002	2	0.0202	0.0001	1.0000
HAMBI_0403_chrm01_circ_3967625	PS_Ct_r01_2015_08_24_L001	2	0.0000	0.0000	1.0000
HAMBI_0403_chrm01_circ_3967625	PS_Ct_r01_2015_09_21_L001	2	0.0000	0.0000	1.0000
HAMBI_0403_chrm01_circ_3967625	PS_Ct_r01_2015_10_19_L001	2	0.0000	0.0000	1.0000
HAMBI_0403_chrm01_circ_3967625	PS_Ct_r01_2015_11_16_L002	2	0.0000	0.0000	1.0000
HAMBI_0403_chrm01_circ_3967625	PS_Ct_r01_2015_12_14_L002	2	0.0000	0.0000	1.0000
HAMBI_0403_chrm01_circ_3967625	PS_Ct_r01_2016_01_11_L002	2	0.0000	0.0000	1.0000
HAMBI_0403_chrm01_circ_3967625	PS_Ct_r01_2016_02_08_L002	2	0.0000	0.0000	1.0000
HAMBI_0403_chrm01_circ_3967625	PS_Ct_r01_2016_03_07_L001	2	0.0000	0.0000	1.0000
HAMBI_0403_chrm01_circ_3967625	PS_Ct_r01_2016_04_03_L001	2	0.0103	0.0014	1.0000
HAMBI_0403_chrm01_circ_3967625	PS_Ct_r01_2016_05_04_L001	2	0.0000	0.0000	1.0000
HAMBI_0403_chrm01_circ_3967625	PS_Ct_r01_2016_05_30_L001	2	0.1819	0.0053	1.0000
HAMBI_0403_chrm01_circ_3967625	PS_Ct_r01_2016_07_25_L004	2	0.0453	0.0051	1.0000
HAMBI_0403_chrm01_circ_3967625	PS_Ct_r01_2016_08_22_L004	2	0.0977	0.0052	1.0000
HAMBI_0403_chrm01_circ_3967625	PS_Ct_r01_2016_09_19_L004	2	0.1018	0.0046	1.0000
HAMBI_0403_chrm01_circ_3967625	PS_Ct_r01_2016_10_17_L004	2	0.0756	0.0051	1.0000
HAMBI_0403_chrm01_circ_3967625	PS_Ct_r01_2016_11_14_L004	2	0.0945	0.0051	1.0000
HAMBI_0403_chrm01_circ_3967625	PS_Ct_r01_2016_12_12_L004	2	0.1304	0.0047	1.0000
HAMBI_0403_chrm01_circ_3967625	PS_Ct_r01_2017_01_09_L002	2	0.2457	0.0065	1.0000
HAMBI_0403_chrm01_circ_3967625	PS_Ct_r01_2017_02_06_L004	2	0.1121	0.0050	1.0000
HAMBI_0403_chrm01_circ_3967625	PS_Ct_r01_2017_03_06_L001	2	0.1976	0.0061	1.0000
HAMBI_0403_chrm01_circ_3967625	PS_Ct_r01_2017_04_03_L001	2	0.1241	0.0047	1.0000
HAMBI_0403_chrm01_circ_3967625	PS_Ct_r01_2017_05_29_L001	2	0.1637	0.0055	1.0000
HAMBI_0403_chrm01_circ_3967625	PS_Ct_r01_2017_07_24_L001	2	0.0781	0.0046	1.0000
HAMBI_0403_chrm01_circ_3967625	PS_Ct_r01_2017_08_21_L002	2	0.0202	0.0001	1.0000
HAMBI_0403_chrm01_circ_4062641	PS_Ct_r01_2015_08_24_L001	2	0.0000	0.0000	1.0000
HAMBI_0403_chrm01_circ_4062641	PS_Ct_r01_2015_09_21_L001	2	0.0000	0.0000	1.0000
HAMBI_0403_chrm01_circ_4062641	PS_Ct_r01_2015_10_19_L001	2	0.0000	0.0000	1.0000
HAMBI_0403_chrm01_circ_4062641	PS_Ct_r01_2015_11_16_L002	2	0.0000	0.0000	1.0000
HAMBI_0403_chrm01_circ_4062641	PS_Ct_r01_2015_12_14_L002	2	0.0000	0.0000	1.0000
HAMBI_0403_chrm01_circ_4062641	PS_Ct_r01_2016_01_11_L002	2	0.0000	0.0000	1.0000
HAMBI_0403_chrm01_circ_4062641	PS_Ct_r01_2016_02_08_L002	2	0.0000	0.0000	1.0000
HAMBI_0403_chrm01_circ_4062641	PS_Ct_r01_2016_03_07_L001	2	0.0000	0.0000	1.0000
HAMBI_0403_chrm01_circ_4062641	PS_Ct_r01_2016_04_03_L001	2	0.0103	0.0014	1.0000
HAMBI_0403_chrm01_circ_4062641	PS_Ct_r01_2016_05_04_L001	2	0.0000	0.0000	1.0000
HAMBI_0403_chrm01_circ_4062641	PS_Ct_r01_2016_05_30_L001	2	0.1819	0.0053	1.0000
HAMBI_0403_chrm01_circ_4062641	PS_Ct_r01_2016_07_25_L004	2	0.0453	0.0051	1.0000
HAMBI_0403_chrm01_circ_4062641	PS_Ct_r01_2016_08_22_L004	2	0.0977	0.0052	1.0000
HAMBI_0403_chrm01_circ_4062641	PS_Ct_r01_2016_09_19_L004	2	0.1018	0.0046	1.0000
HAMBI_0403_chrm01_circ_4062641	PS_Ct_r01_2016_10_17_L004	2	0.0756	0.0051	1.0000
HAMBI_0403_chrm01_circ_4062641	PS_Ct_r01_2016_11_14_L004	2	0.0945	0.0051	1.0000
HAMBI_0403_chrm01_circ_4062641	PS_Ct_r01_2016_12_12_L004	2	0.1304	0.0047	1.0000
HAMBI_0403_chrm01_circ_4062641	PS_Ct_r01_2017_01_09_L002	2	0.2457	0.0065	1.0000
HAMBI_0403_chrm01_circ_4062641	PS_Ct_r01_2017_02_06_L004	2	0.1121	0.0050	1.0000
HAMBI_0403_chrm01_circ_4062641	PS_Ct_r01_2017_03_06_L001	2	0.1976	0.0061	1.0000
HAMBI_0403_chrm01_circ_4062641	PS_Ct_r01_2017_04_03_L001	2	0.1241	0.0047	1.0000
HAMBI_0403_chrm01_circ_4062641	PS_Ct_r01_2017_05_29_L001	2	0.1637	0.0055	1.0000
HAMBI_0403_chrm01_circ_4062641	PS_Ct_r01_2017_07_24_L001	2	0.0781	0.0046	1.0000
HAMBI_0403_chrm01_circ_4062641	PS_Ct_r01_2017_08_21_L002	2	0.0202	0.0001	1.0000
HAMBI_0403_chrm01_circ_4098296	PS_Ct_r01_2015_08_24_L001	2	0.0000	0.0000	1.0000
HAMBI_0403_chrm01_circ_4098296	PS_Ct_r01_2015_09_21_L001	2	0.0000	0.0000	1.0000
HAMBI_0403_chrm01_circ_4098296	PS_Ct_r01_2015_10_19_L001	2	0.0000	0.0000	1.0000
HAMBI_0403_chrm01_circ_4098296	PS_Ct_r01_2015_11_16_L002	2	0.0000	0.0000	1.0000
HAMBI_0403_chrm01_circ_4098296	PS_Ct_r01_2015_12_14_L002	2	0.0000	0.0000	1.0000
HAMBI_0403_chrm01_circ_4098296	PS_Ct_r01_2016_01_11_L002	2	0.0000	0.0000	1.0000
HAMBI_0403_chrm01_circ_4098296	PS_Ct_r01_2016_02_08_L002	2	0.0000	0.0000	1.0000
HAMBI_0403_chrm01_circ_4098296	PS_Ct_r01_2016_03_07_L001	2	0.0000	0.0000	1.0000
HAMBI_0403_chrm01_circ_4098296	PS_Ct_r01_2016_04_03_L001	2	0.0103	0.0014	1.0000
HAMBI_0403_chrm01_circ_4098296	PS_Ct_r01_2016_05_04_L001	2	0.0000	0.0000	1.0000
HAMBI_0403_chrm01_circ_4098296	PS_Ct_r01_2016_05_30_L001	2	0.1819	0.0053	1.0000
HAMBI_0403_chrm01_circ_4098296	PS_Ct_r01_2016_07_25_L004	2	0.0453	0.0051	1.0000
HAMBI_0403_chrm01_circ_4098296	PS_Ct_r01_2016_08_22_L004	2	0.0977	0.0052	1.0000
HAMBI_0403_chrm01_circ_4098296	PS_Ct_r01_2016_09_19_L004	2	0.1018	0.0046	1.0000
HAMBI_0403_chrm01_circ_4098296	PS_Ct_r01_2016_10_17_L004	2	0.0756	0.0051	1.0000
HAMBI_0403_chrm01_circ_4098296	PS_Ct_r01_2016_11_14_L004	2	0.0945	0.0051	1.0000
HAMBI_0403_chrm01_circ_4098296	PS_Ct_r01_2016_12_12_L004	2	0.1304	0.0047	1.0000
HAMBI_0403_chrm01_circ_4098296	PS_Ct_r01_2017_01_09_L002	2	0.2457	0.0065	1.0000
HAMBI_0403_chrm01_circ_4098296	PS_Ct_r01_2017_02_06_L004	2	0.1121	0.0050	1.0000
HAMBI_0403_chrm01_circ_4098296	PS_Ct_r01_2017_03_06_L001	2	0.1976	0.0061	1.0000
HAMBI_0403_chrm01_circ_4098296	PS_Ct_r01_2017_04_03_L001	2	0.1241	0.0047	1.0000
HAMBI_0403_chrm01_circ_4098296	PS_Ct_r01_2017_05_29_L001	2	0.1637	0.0055	1.0000
HAMBI_0403_chrm01_circ_4098296	PS_Ct_r01_2017_07_24_L001	2	0.0781	0.0046	1.0000
HAMBI_0403_chrm01_circ_4098296	PS_Ct_r01_2017_08_21_L002	2	0.0202	0.0001	1.0000
HAMBI_0403_chrm01_circ_4175459	PS_Ct_r01_2015_08_24_L001	2	0.0000	0.0000	1.0000
HAMBI_0403_chrm01_circ_4175459	PS_Ct_r01_2015_09_21_L001	2	0.0000	0.0000	1.0000
HAMBI_0403_chrm01_circ_4175459	PS_Ct_r01_2015_10_19_L001	2	0.0000	0.0000	1.0000
HAMBI_0403_chrm01_circ_4175459	PS_Ct_r01_2015_11_16_L002	2	0.0000	0.0000	1.0000
HAMBI_0403_chrm01_circ_4175459	PS_Ct_r01_2015_12_14_L002	2	0.0000	0.0000	1.0000
HAMBI_0403_chrm01_circ_4175459	PS_Ct_r01_2016_01_11_L002	2	0.0000	0.0000	1.0000
HAMBI_0403_chrm01_circ_4175459	PS_Ct_r01_2016_02_08_L002	2	0.0000	0.0000	1.0000
HAMBI_0403_chrm01_circ_4175459	PS_Ct_r01_2016_03_07_L001	2	0.0000	0.0000	1.0000
HAMBI_0403_chrm01_circ_4175459	PS_Ct_r01_2016_04_03_L001	2	0.0103	0.0014	1.0000
HAMBI_0403_chrm01_circ_4175459	PS_Ct_r01_2016_05_04_L001	2	0.0000	0.0000	1.0000
HAMBI_0403_chrm01_circ_4175459	PS_Ct_r01_2016_05_30_L001	2	0.1819	0.0053	1.0000
HAMBI_0403_chrm01_circ_4175459	PS_Ct_r01_2016_07_25_L004	2	0.0453	0.0051	1.0000
HAMBI_0403_chrm01_circ_4175459	PS_Ct_r01_2016_08_22_L004	2	0.0977	0.0052	1.0000
HAMBI_0403_chrm01_circ_4175459	PS_Ct_r01_2016_09_19_L004	2	0.1018	0.0046	1.0000
HAMBI_0403_chrm01_circ_4175459	PS_Ct_r01_2016_10_17_L004	2	0.0756	0.0051	1.0000
HAMBI_0403_chrm01_circ_4175459	PS_Ct_r01_2016_11_14_L004	2	0.0945	0.0051	1.0000
HAMBI_0403_chrm01_circ_4175459	PS_Ct_r01_2016_12_12_L004	2	0.1304	0.0047	1.0000
HAMBI_0403_chrm01_circ_4175459	PS_Ct_r01_2017_01_09_L002	2	0.2457	0.0065	1.0000
HAMBI_0403_chrm01_circ_4175459	PS_Ct_r01_2017_02_06_L004	2	0.1121	0.0050	1.0000
HAMBI_0403_chrm01_circ_4175459	PS_Ct_r01_2017_03_06_L001	2	0.1976	0.0061	1.0000
HAMBI_0403_chrm01_circ_4175459	PS_Ct_r01_2017_04_03_L001	2	0.1241	0.0047	1.0000
HAMBI_0403_chrm01_circ_4175459	PS_Ct_r01_2017_05_29_L001	2	0.1637	0.0055	1.0000
HAMBI_0403_chrm01_circ_4175459	PS_Ct_r01_2017_07_24_L001	2	0.0781	0.0046	1.0000
HAMBI_0403_chrm01_circ_4175459	PS_Ct_r01_2017_08_21_L002	2	0.0202	0.0001	1.0000
HAMBI_0403_chrm01_circ_4234850	PS_Ct_r01_2015_08_24_L001	2	0.0000	0.0000	1.0000
HAMBI_0403_chrm01_circ_4234850	PS_Ct_r01_2015_09_21_L001	2	0.0000	0.0000	1.0000
HAMBI_0403_chrm01_circ_4234850	PS_Ct_r01_2015_10_19_L001	2	0.0000	0.0000	1.0000
HAMBI_0403_chrm01_circ_4234850	PS_Ct_r01_2015_11_16_L002	2	0.0000	0.0000	1.0000
HAMBI_0403_chrm01_circ_4234850	PS_Ct_r01_2015_12_14_L002	2	0.0000	0.0000	1.0000
HAMBI_0403_chrm01_circ_4234850	PS_Ct_r01_2016_01_11_L002	2	0.0000	0.0000	1.0000
HAMBI_0403_chrm01_circ_4234850	PS_Ct_r01_2016_02_08_L002	2	0.0000	0.0000	1.0000
HAMBI_0403_chrm01_circ_4234850	PS_Ct_r01_2016_03_07_L001	2	0.0000	0.0000	1.0000
HAMBI_0403_chrm01_circ_4234850	PS_Ct_r01_2016_04_03_L001	2	0.0103	0.0014	1.0000
HAMBI_0403_chrm01_circ_4234850	PS_Ct_r01_2016_05_04_L001	2	0.0000	0.0000	1.0000
HAMBI_0403_chrm01_circ_4234850	PS_Ct_r01_2016_05_30_L001	2	0.1819	0.0053	1.0000
HAMBI_0403_chrm01_circ_4234850	PS_Ct_r01_2016_07_25_L004	2	0.0453	0.0051	1.0000
HAMBI_0403_chrm01_circ_4234850	PS_Ct_r01_2016_08_22_L004	2	0.0977	0.0052	1.0000
HAMBI_0403_chrm01_circ_4234850	PS_Ct_r01_2016_09_19_L004	2	0.1018	0.0046	1.0000
HAMBI_0403_chrm01_circ_4234850	PS_Ct_r01_2016_10_17_L004	2	0.0756	0.0051	1.0000
HAMBI_0403_chrm01_circ_4234850	PS_Ct_r01_2016_11_14_L004	2	0.0945	0.0051	1.0000
HAMBI_0403_chrm01_circ_4234850	PS_Ct_r01_2016_12_12_L004	2	0.1304	0.0047	1.0000
HAMBI_0403_chrm01_circ_4234850	PS_Ct_r01_2017_01_09_L002	2	0.2457	0.0065	1.0000
HAMBI_0403_chrm01_circ_4234850	PS_Ct_r01_2017_02_06_L004	2	0.1121	0.0050	1.0000
HAMBI_0403_chrm01_circ_4234850	PS_Ct_r01_2017_03_06_L001	2	0.1976	0.0061	1.0000
HAMBI_0403_chrm01_circ_4234850	PS_Ct_r01_2017_04_03_L001	2	0.1241	0.0047	1.0000
HAMBI_0403_chrm01_circ_4234850	PS_Ct_r01_2017_05_29_L001	2	0.1637	0.0055	1.0000
HAMBI_0403_chrm01_circ_4234850	PS_Ct_r01_2017_07_24_L001	2	0.0781	0.0046	1.0000
HAMBI_0403_chrm01_circ_4234850	PS_Ct_r01_2017_08_21_L002	2	0.0202	0.0001	1.0000
HAMBI_0403_chrm01_circ_4312936	PS_Ct_r01_2015_08_24_L001	2	0.0000	0.0000	1.0000
HAMBI_0403_chrm01_circ_4312936	PS_Ct_r01_2015_09_21_L001	2	0.0000	0.0000	1.0000
HAMBI_0403_chrm01_circ_4312936	PS_Ct_r01_2015_10_19_L001	2	0.0000	0.0000	1.0000
HAMBI_0403_chrm01_circ_4312936	PS_Ct_r01_2015_11_16_L002	2	0.0000	0.0000	1.0000
HAMBI_0403_chrm01_circ_4312936	PS_Ct_r01_2015_12_14_L002	2	0.0000	0.0000	1.0000
HAMBI_0403_chrm01_circ_4312936	PS_Ct_r01_2016_01_11_L002	2	0.0000	0.0000	1.0000
HAMBI_0403_chrm01_circ_4312936	PS_Ct_r01_2016_02_08_L002	2	0.0000	0.0000	1.0000
HAMBI_0403_chrm01_circ_4312936	PS_Ct_r01_2016_03_07_L001	2	0.0000	0.0000	1.0000
HAMBI_0403_chrm01_circ_4312936	PS_Ct_r01_2016_04_03_L001	2	0.0103	0.0014	1.0000
HAMBI_0403_chrm01_circ_4312936	PS_Ct_r01_2016_05_04_L001	2	0.0000	0.0000	1.0000
HAMBI_0403_chrm01_circ_4312936	PS_Ct_r01_2016_05_30_L001	2	0.1819	0.0053	1.0000
HAMBI_0403_chrm01_circ_4312936	PS_Ct_r01_2016_07_25_L004	2	0.0453	0.0051	1.0000
HAMBI_0403_chrm01_circ_4312936	PS_Ct_r01_2016_08_22_L004	2	0.0977	0.0052	1.0000
HAMBI_0403_chrm01_circ_4312936	PS_Ct_r01_2016_09_19_L004	2	0.1018	0.0046	1.0000
HAMBI_0403_chrm01_circ_4312936	PS_Ct_r01_2016_10_17_L004	2	0.0756	0.0051	1.0000
HAMBI_0403_chrm01_circ_4312936	PS_Ct_r01_2016_11_14_L004	2	0.0945	0.0051	1.0000
HAMBI_0403_chrm01_circ_4312936	PS_Ct_r01_2016_12_12_L004	2	0.1304	0.0047	1.0000
HAMBI_0403_chrm01_circ_4312936	PS_Ct_r01_2017_01_09_L002	2	0.2457	0.0065	1.0000
HAMBI_0403_chrm01_circ_4312936	PS_Ct_r01_2017_02_06_L004	2	0.1121	0.0050	1.0000
HAMBI_0403_chrm01_circ_4312936	PS_Ct_r01_2017_03_06_L001	2	0.1976	0.0061	1.0000
HAMBI_0403_chrm01_circ_4312936	PS_Ct_r01_2017_04_03_L001	2	0.1241	0.0047	1.0000
HAMBI_0403_chrm01_circ_4312936	PS_Ct_r01_2017_05_29_L001	2	0.1637	0.0055	1.0000
HAMBI_0403_chrm01_circ_4312936	PS_Ct_r01_2017_07_24_L001	2	0.0781	0.0046	1.0000
HAMBI_0403_chrm01_circ_4312936	PS_Ct_r01_2017_08_21_L002	2	0.0202	0.0001	1.0000
HAMBI_0403_chrm01_circ_4352571	PS_Ct_r01_2015_08_24_L001	2	0.0000	0.0000	0.9999
HAMBI_0403_chrm01_circ_4352571	PS_Ct_r01_2015_09_21_L001	2	0.0000	0.0000	0.9999
HAMBI_0403_chrm01_circ_4352571	PS_Ct_r01_2015_10_19_L001	2	0.0000	0.0000	0.9999
HAMBI_0403_chrm01_circ_4352571	PS_Ct_r01_2015_11_16_L002	2	0.0000	0.0000	0.9999
HAMBI_0403_chrm01_circ_4352571	PS_Ct_r01_2015_12_14_L002	2	0.0000	0.0000	0.9999
HAMBI_0403_chrm01_circ_4352571	PS_Ct_r01_2016_01_11_L002	2	0.0000	0.0000	0.9999
HAMBI_0403_chrm01_circ_4352571	PS_Ct_r01_2016_02_08_L002	2	0.0000	0.0000	0.9999
HAMBI_0403_chrm01_circ_4352571	PS_Ct_r01_2016_03_07_L001	2	0.0000	0.0000	0.9999
HAMBI_0403_chrm01_circ_4352571	PS_Ct_r01_2016_04_03_L001	2	0.0103	0.0014	0.9999
HAMBI_0403_chrm01_circ_4352571	PS_Ct_r01_2016_05_04_L001	2	0.0000	0.0000	0.9999
HAMBI_0403_chrm01_circ_4352571	PS_Ct_r01_2016_05_30_L001	2	0.1819	0.0053	0.9999
HAMBI_0403_chrm01_circ_4352571	PS_Ct_r01_2016_07_25_L004	2	0.0453	0.0051	0.9999
HAMBI_0403_chrm01_circ_4352571	PS_Ct_r01_2016_08_22_L004	2	0.0977	0.0052	0.9999
HAMBI_0403_chrm01_circ_4352571	PS_Ct_r01_2016_09_19_L004	2	0.1018	0.0046	0.9999
HAMBI_0403_chrm01_circ_4352571	PS_Ct_r01_2016_10_17_L004	2	0.0756	0.0051	0.9999
HAMBI_0403_chrm01_circ_4352571	PS_Ct_r01_2016_11_14_L004	2	0.0945	0.0051	0.9999
HAMBI_0403_chrm01_circ_4352571	PS_Ct_r01_2016_12_12_L004	2	0.1304	0.0047	0.9999
HAMBI_0403_chrm01_circ_4352571	PS_Ct_r01_2017_01_09_L002	2	0.2457	0.0065	0.9999
HAMBI_0403_chrm01_circ_4352571	PS_Ct_r01_2017_02_06_L004	2	0.1121	0.0050	0.9999
HAMBI_0403_chrm01_circ_4352571	PS_Ct_r01_2017_03_06_L001	2	0.1976	0.0061	0.9999
HAMBI_0403_chrm01_circ_4352571	PS_Ct_r01_2017_04_03_L001	2	0.1241	0.0047	0.9999
HAMBI_0403_chrm01_circ_4352571	PS_Ct_r01_2017_05_29_L001	2	0.1637	0.0055	0.9999
HAMBI_0403_chrm01_circ_4352571	PS_Ct_r01_2017_07_24_L001	2	0.0781	0.0046	0.9999
HAMBI_0403_chrm01_circ_4352571	PS_Ct_r01_2017_08_21_L002	2	0.0202	0.0001	0.9999
HAMBI_0403_chrm01_circ_440045	PS_Ct_r01_2015_08_24_L001	2	0.0000	0.0000	1.0000
HAMBI_0403_chrm01_circ_440045	PS_Ct_r01_2015_09_21_L001	2	0.0000	0.0000	1.0000
HAMBI_0403_chrm01_circ_440045	PS_Ct_r01_2015_10_19_L001	2	0.0000	0.0000	1.0000
HAMBI_0403_chrm01_circ_440045	PS_Ct_r01_2015_11_16_L002	2	0.0000	0.0000	1.0000
HAMBI_0403_chrm01_circ_440045	PS_Ct_r01_2015_12_14_L002	2	0.0000	0.0000	1.0000
HAMBI_0403_chrm01_circ_440045	PS_Ct_r01_2016_01_11_L002	2	0.0000	0.0000	1.0000
HAMBI_0403_chrm01_circ_440045	PS_Ct_r01_2016_02_08_L002	2	0.0000	0.0000	1.0000
HAMBI_0403_chrm01_circ_440045	PS_Ct_r01_2016_03_07_L001	2	0.0000	0.0000	1.0000
HAMBI_0403_chrm01_circ_440045	PS_Ct_r01_2016_04_03_L001	2	0.0103	0.0014	1.0000
HAMBI_0403_chrm01_circ_440045	PS_Ct_r01_2016_05_04_L001	2	0.0000	0.0000	1.0000
HAMBI_0403_chrm01_circ_440045	PS_Ct_r01_2016_05_30_L001	2	0.1819	0.0053	1.0000
HAMBI_0403_chrm01_circ_440045	PS_Ct_r01_2016_07_25_L004	2	0.0453	0.0051	1.0000
HAMBI_0403_chrm01_circ_440045	PS_Ct_r01_2016_08_22_L004	2	0.0977	0.0052	1.0000
HAMBI_0403_chrm01_circ_440045	PS_Ct_r01_2016_09_19_L004	2	0.1018	0.0046	1.0000
HAMBI_0403_chrm01_circ_440045	PS_Ct_r01_2016_10_17_L004	2	0.0756	0.0051	1.0000
HAMBI_0403_chrm01_circ_440045	PS_Ct_r01_2016_11_14_L004	2	0.0945	0.0051	1.0000
HAMBI_0403_chrm01_circ_440045	PS_Ct_r01_2016_12_12_L004	2	0.1304	0.0047	1.0000
HAMBI_0403_chrm01_circ_440045	PS_Ct_r01_2017_01_09_L002	2	0.2457	0.0065	1.0000
HAMBI_0403_chrm01_circ_440045	PS_Ct_r01_2017_02_06_L004	2	0.1121	0.0050	1.0000
HAMBI_0403_chrm01_circ_440045	PS_Ct_r01_2017_03_06_L001	2	0.1976	0.0061	1.0000
HAMBI_0403_chrm01_circ_440045	PS_Ct_r01_2017_04_03_L001	2	0.1241	0.0047	1.0000
HAMBI_0403_chrm01_circ_440045	PS_Ct_r01_2017_05_29_L001	2	0.1637	0.0055	1.0000
HAMBI_0403_chrm01_circ_440045	PS_Ct_r01_2017_07_24_L001	2	0.0781	0.0046	1.0000
HAMBI_0403_chrm01_circ_440045	PS_Ct_r01_2017_08_21_L002	2	0.0202	0.0001	1.0000
HAMBI_0403_chrm01_circ_4417144	PS_Ct_r01_2015_08_24_L001	2	0.0000	0.0000	1.0000
HAMBI_0403_chrm01_circ_4417144	PS_Ct_r01_2015_09_21_L001	2	0.0000	0.0000	1.0000
HAMBI_0403_chrm01_circ_4417144	PS_Ct_r01_2015_10_19_L001	2	0.0000	0.0000	1.0000
HAMBI_0403_chrm01_circ_4417144	PS_Ct_r01_2015_11_16_L002	2	0.0000	0.0000	1.0000
HAMBI_0403_chrm01_circ_4417144	PS_Ct_r01_2015_12_14_L002	2	0.0000	0.0000	1.0000
HAMBI_0403_chrm01_circ_4417144	PS_Ct_r01_2016_01_11_L002	2	0.0000	0.0000	1.0000
HAMBI_0403_chrm01_circ_4417144	PS_Ct_r01_2016_02_08_L002	2	0.0000	0.0000	1.0000
HAMBI_0403_chrm01_circ_4417144	PS_Ct_r01_2016_03_07_L001	2	0.0000	0.0000	1.0000
HAMBI_0403_chrm01_circ_4417144	PS_Ct_r01_2016_04_03_L001	2	0.0103	0.0014	1.0000
HAMBI_0403_chrm01_circ_4417144	PS_Ct_r01_2016_05_04_L001	2	0.0000	0.0000	1.0000
HAMBI_0403_chrm01_circ_4417144	PS_Ct_r01_2016_05_30_L001	2	0.1819	0.0053	1.0000
HAMBI_0403_chrm01_circ_4417144	PS_Ct_r01_2016_07_25_L004	2	0.0453	0.0051	1.0000
HAMBI_0403_chrm01_circ_4417144	PS_Ct_r01_2016_08_22_L004	2	0.0977	0.0052	1.0000
HAMBI_0403_chrm01_circ_4417144	PS_Ct_r01_2016_09_19_L004	2	0.1018	0.0046	1.0000
HAMBI_0403_chrm01_circ_4417144	PS_Ct_r01_2016_10_17_L004	2	0.0756	0.0051	1.0000
HAMBI_0403_chrm01_circ_4417144	PS_Ct_r01_2016_11_14_L004	2	0.0945	0.0051	1.0000
HAMBI_0403_chrm01_circ_4417144	PS_Ct_r01_2016_12_12_L004	2	0.1304	0.0047	1.0000
HAMBI_0403_chrm01_circ_4417144	PS_Ct_r01_2017_01_09_L002	2	0.2457	0.0065	1.0000
HAMBI_0403_chrm01_circ_4417144	PS_Ct_r01_2017_02_06_L004	2	0.1121	0.0050	1.0000
HAMBI_0403_chrm01_circ_4417144	PS_Ct_r01_2017_03_06_L001	2	0.1976	0.0061	1.0000
HAMBI_0403_chrm01_circ_4417144	PS_Ct_r01_2017_04_03_L001	2	0.1241	0.0047	1.0000
HAMBI_0403_chrm01_circ_4417144	PS_Ct_r01_2017_05_29_L001	2	0.1637	0.0055	1.0000
HAMBI_0403_chrm01_circ_4417144	PS_Ct_r01_2017_07_24_L001	2	0.0781	0.0046	1.0000
HAMBI_0403_chrm01_circ_4417144	PS_Ct_r01_2017_08_21_L002	2	0.0202	0.0001	1.0000
HAMBI_0403_chrm01_circ_4493848	PS_Ct_r01_2015_08_24_L001	2	0.0000	0.0000	1.0000
HAMBI_0403_chrm01_circ_4493848	PS_Ct_r01_2015_09_21_L001	2	0.0000	0.0000	1.0000
HAMBI_0403_chrm01_circ_4493848	PS_Ct_r01_2015_10_19_L001	2	0.0000	0.0000	1.0000
HAMBI_0403_chrm01_circ_4493848	PS_Ct_r01_2015_11_16_L002	2	0.0000	0.0000	1.0000
HAMBI_0403_chrm01_circ_4493848	PS_Ct_r01_2015_12_14_L002	2	0.0000	0.0000	1.0000
HAMBI_0403_chrm01_circ_4493848	PS_Ct_r01_2016_01_11_L002	2	0.0000	0.0000	1.0000
HAMBI_0403_chrm01_circ_4493848	PS_Ct_r01_2016_02_08_L002	2	0.0000	0.0000	1.0000
HAMBI_0403_chrm01_circ_4493848	PS_Ct_r01_2016_03_07_L001	2	0.0000	0.0000	1.0000
HAMBI_0403_chrm01_circ_4493848	PS_Ct_r01_2016_04_03_L001	2	0.0103	0.0014	1.0000
HAMBI_0403_chrm01_circ_4493848	PS_Ct_r01_2016_05_04_L001	2	0.0000	0.0000	1.0000
HAMBI_0403_chrm01_circ_4493848	PS_Ct_r01_2016_05_30_L001	2	0.1819	0.0053	1.0000
HAMBI_0403_chrm01_circ_4493848	PS_Ct_r01_2016_07_25_L004	2	0.0453	0.0051	1.0000
HAMBI_0403_chrm01_circ_4493848	PS_Ct_r01_2016_08_22_L004	2	0.0977	0.0052	1.0000
HAMBI_0403_chrm01_circ_4493848	PS_Ct_r01_2016_09_19_L004	2	0.1018	0.0046	1.0000
HAMBI_0403_chrm01_circ_4493848	PS_Ct_r01_2016_10_17_L004	2	0.0756	0.0051	1.0000
HAMBI_0403_chrm01_circ_4493848	PS_Ct_r01_2016_11_14_L004	2	0.0945	0.0051	1.0000
HAMBI_0403_chrm01_circ_4493848	PS_Ct_r01_2016_12_12_L004	2	0.1304	0.0047	1.0000
HAMBI_0403_chrm01_circ_4493848	PS_Ct_r01_2017_01_09_L002	2	0.2457	0.0065	1.0000
HAMBI_0403_chrm01_circ_4493848	PS_Ct_r01_2017_02_06_L004	2	0.1121	0.0050	1.0000
HAMBI_0403_chrm01_circ_4493848	PS_Ct_r01_2017_03_06_L001	2	0.1976	0.0061	1.0000
HAMBI_0403_chrm01_circ_4493848	PS_Ct_r01_2017_04_03_L001	2	0.1241	0.0047	1.0000
HAMBI_0403_chrm01_circ_4493848	PS_Ct_r01_2017_05_29_L001	2	0.1637	0.0055	1.0000
HAMBI_0403_chrm01_circ_4493848	PS_Ct_r01_2017_07_24_L001	2	0.0781	0.0046	1.0000
HAMBI_0403_chrm01_circ_4493848	PS_Ct_r01_2017_08_21_L002	2	0.0202	0.0001	1.0000
HAMBI_0403_chrm01_circ_4494304	PS_Ct_r01_2015_08_24_L001	2	0.0000	0.0000	1.0000
HAMBI_0403_chrm01_circ_4494304	PS_Ct_r01_2015_09_21_L001	2	0.0000	0.0000	1.0000
HAMBI_0403_chrm01_circ_4494304	PS_Ct_r01_2015_10_19_L001	2	0.0000	0.0000	1.0000
HAMBI_0403_chrm01_circ_4494304	PS_Ct_r01_2015_11_16_L002	2	0.0000	0.0000	1.0000
HAMBI_0403_chrm01_circ_4494304	PS_Ct_r01_2015_12_14_L002	2	0.0000	0.0000	1.0000
HAMBI_0403_chrm01_circ_4494304	PS_Ct_r01_2016_01_11_L002	2	0.0000	0.0000	1.0000
HAMBI_0403_chrm01_circ_4494304	PS_Ct_r01_2016_02_08_L002	2	0.0000	0.0000	1.0000
HAMBI_0403_chrm01_circ_4494304	PS_Ct_r01_2016_03_07_L001	2	0.0000	0.0000	1.0000
HAMBI_0403_chrm01_circ_4494304	PS_Ct_r01_2016_04_03_L001	2	0.0103	0.0014	1.0000
HAMBI_0403_chrm01_circ_4494304	PS_Ct_r01_2016_05_04_L001	2	0.0000	0.0000	1.0000
HAMBI_0403_chrm01_circ_4494304	PS_Ct_r01_2016_05_30_L001	2	0.1819	0.0053	1.0000
HAMBI_0403_chrm01_circ_4494304	PS_Ct_r01_2016_07_25_L004	2	0.0453	0.0051	1.0000
HAMBI_0403_chrm01_circ_4494304	PS_Ct_r01_2016_08_22_L004	2	0.0977	0.0052	1.0000
HAMBI_0403_chrm01_circ_4494304	PS_Ct_r01_2016_09_19_L004	2	0.1018	0.0046	1.0000
HAMBI_0403_chrm01_circ_4494304	PS_Ct_r01_2016_10_17_L004	2	0.0756	0.0051	1.0000
HAMBI_0403_chrm01_circ_4494304	PS_Ct_r01_2016_11_14_L004	2	0.0945	0.0051	1.0000
HAMBI_0403_chrm01_circ_4494304	PS_Ct_r01_2016_12_12_L004	2	0.1304	0.0047	1.0000
HAMBI_0403_chrm01_circ_4494304	PS_Ct_r01_2017_01_09_L002	2	0.2457	0.0065	1.0000
HAMBI_0403_chrm01_circ_4494304	PS_Ct_r01_2017_02_06_L004	2	0.1121	0.0050	1.0000
HAMBI_0403_chrm01_circ_4494304	PS_Ct_r01_2017_03_06_L001	2	0.1976	0.0061	1.0000
HAMBI_0403_chrm01_circ_4494304	PS_Ct_r01_2017_04_03_L001	2	0.1241	0.0047	1.0000
HAMBI_0403_chrm01_circ_4494304	PS_Ct_r01_2017_05_29_L001	2	0.1637	0.0055	1.0000
HAMBI_0403_chrm01_circ_4494304	PS_Ct_r01_2017_07_24_L001	2	0.0781	0.0046	1.0000
HAMBI_0403_chrm01_circ_4494304	PS_Ct_r01_2017_08_21_L002	2	0.0202	0.0001	1.0000
HAMBI_0403_chrm01_circ_4638067	PS_Ct_r01_2015_08_24_L001	2	0.0000	0.0000	1.0000
HAMBI_0403_chrm01_circ_4638067	PS_Ct_r01_2015_09_21_L001	2	0.0000	0.0000	1.0000
HAMBI_0403_chrm01_circ_4638067	PS_Ct_r01_2015_10_19_L001	2	0.0000	0.0000	1.0000
HAMBI_0403_chrm01_circ_4638067	PS_Ct_r01_2015_11_16_L002	2	0.0000	0.0000	1.0000
HAMBI_0403_chrm01_circ_4638067	PS_Ct_r01_2015_12_14_L002	2	0.0000	0.0000	1.0000
HAMBI_0403_chrm01_circ_4638067	PS_Ct_r01_2016_01_11_L002	2	0.0000	0.0000	1.0000
HAMBI_0403_chrm01_circ_4638067	PS_Ct_r01_2016_02_08_L002	2	0.0000	0.0000	1.0000
HAMBI_0403_chrm01_circ_4638067	PS_Ct_r01_2016_03_07_L001	2	0.0000	0.0000	1.0000
HAMBI_0403_chrm01_circ_4638067	PS_Ct_r01_2016_04_03_L001	2	0.0103	0.0014	1.0000
HAMBI_0403_chrm01_circ_4638067	PS_Ct_r01_2016_05_04_L001	2	0.0000	0.0000	1.0000
HAMBI_0403_chrm01_circ_4638067	PS_Ct_r01_2016_05_30_L001	2	0.1819	0.0053	1.0000
HAMBI_0403_chrm01_circ_4638067	PS_Ct_r01_2016_07_25_L004	2	0.0453	0.0051	1.0000
HAMBI_0403_chrm01_circ_4638067	PS_Ct_r01_2016_08_22_L004	2	0.0977	0.0052	1.0000
HAMBI_0403_chrm01_circ_4638067	PS_Ct_r01_2016_09_19_L004	2	0.1018	0.0046	1.0000
HAMBI_0403_chrm01_circ_4638067	PS_Ct_r01_2016_10_17_L004	2	0.0756	0.0051	1.0000
HAMBI_0403_chrm01_circ_4638067	PS_Ct_r01_2016_11_14_L004	2	0.0945	0.0051	1.0000
HAMBI_0403_chrm01_circ_4638067	PS_Ct_r01_2016_12_12_L004	2	0.1304	0.0047	1.0000
HAMBI_0403_chrm01_circ_4638067	PS_Ct_r01_2017_01_09_L002	2	0.2457	0.0065	1.0000
HAMBI_0403_chrm01_circ_4638067	PS_Ct_r01_2017_02_06_L004	2	0.1121	0.0050	1.0000
HAMBI_0403_chrm01_circ_4638067	PS_Ct_r01_2017_03_06_L001	2	0.1976	0.0061	1.0000
HAMBI_0403_chrm01_circ_4638067	PS_Ct_r01_2017_04_03_L001	2	0.1241	0.0047	1.0000
HAMBI_0403_chrm01_circ_4638067	PS_Ct_r01_2017_05_29_L001	2	0.1637	0.0055	1.0000
HAMBI_0403_chrm01_circ_4638067	PS_Ct_r01_2017_07_24_L001	2	0.0781	0.0046	1.0000
HAMBI_0403_chrm01_circ_4638067	PS_Ct_r01_2017_08_21_L002	2	0.0202	0.0001	1.0000
HAMBI_0403_chrm01_circ_4641884	PS_Ct_r01_2015_08_24_L001	2	0.0000	0.0000	1.0000
HAMBI_0403_chrm01_circ_4641884	PS_Ct_r01_2015_09_21_L001	2	0.0000	0.0000	1.0000
HAMBI_0403_chrm01_circ_4641884	PS_Ct_r01_2015_10_19_L001	2	0.0000	0.0000	1.0000
HAMBI_0403_chrm01_circ_4641884	PS_Ct_r01_2015_11_16_L002	2	0.0000	0.0000	1.0000
HAMBI_0403_chrm01_circ_4641884	PS_Ct_r01_2015_12_14_L002	2	0.0000	0.0000	1.0000
HAMBI_0403_chrm01_circ_4641884	PS_Ct_r01_2016_01_11_L002	2	0.0000	0.0000	1.0000
HAMBI_0403_chrm01_circ_4641884	PS_Ct_r01_2016_02_08_L002	2	0.0000	0.0000	1.0000
HAMBI_0403_chrm01_circ_4641884	PS_Ct_r01_2016_03_07_L001	2	0.0000	0.0000	1.0000
HAMBI_0403_chrm01_circ_4641884	PS_Ct_r01_2016_04_03_L001	2	0.0103	0.0014	1.0000
HAMBI_0403_chrm01_circ_4641884	PS_Ct_r01_2016_05_04_L001	2	0.0000	0.0000	1.0000
HAMBI_0403_chrm01_circ_4641884	PS_Ct_r01_2016_05_30_L001	2	0.1819	0.0053	1.0000
HAMBI_0403_chrm01_circ_4641884	PS_Ct_r01_2016_07_25_L004	2	0.0453	0.0051	1.0000
HAMBI_0403_chrm01_circ_4641884	PS_Ct_r01_2016_08_22_L004	2	0.0977	0.0052	1.0000
HAMBI_0403_chrm01_circ_4641884	PS_Ct_r01_2016_09_19_L004	2	0.1018	0.0046	1.0000
HAMBI_0403_chrm01_circ_4641884	PS_Ct_r01_2016_10_17_L004	2	0.0756	0.0051	1.0000
HAMBI_0403_chrm01_circ_4641884	PS_Ct_r01_2016_11_14_L004	2	0.0945	0.0051	1.0000
HAMBI_0403_chrm01_circ_4641884	PS_Ct_r01_2016_12_12_L004	2	0.1304	0.0047	1.0000
HAMBI_0403_chrm01_circ_4641884	PS_Ct_r01_2017_01_09_L002	2	0.2457	0.0065	1.0000
HAMBI_0403_chrm01_circ_4641884	PS_Ct_r01_2017_02_06_L004	2	0.1121	0.0050	1.0000
HAMBI_0403_chrm01_circ_4641884	PS_Ct_r01_2017_03_06_L001	2	0.1976	0.0061	1.0000
HAMBI_0403_chrm01_circ_4641884	PS_Ct_r01_2017_04_03_L001	2	0.1241	0.0047	1.0000
HAMBI_0403_chrm01_circ_4641884	PS_Ct_r01_2017_05_29_L001	2	0.1637	0.0055	1.0000
HAMBI_0403_chrm01_circ_4641884	PS_Ct_r01_2017_07_24_L001	2	0.0781	0.0046	1.0000
HAMBI_0403_chrm01_circ_4641884	PS_Ct_r01_2017_08_21_L002	2	0.0202	0.0001	1.0000
HAMBI_0403_chrm01_circ_4662407	PS_Ct_r01_2015_08_24_L001	2	0.0000	0.0000	1.0000
HAMBI_0403_chrm01_circ_4662407	PS_Ct_r01_2015_09_21_L001	2	0.0000	0.0000	1.0000
HAMBI_0403_chrm01_circ_4662407	PS_Ct_r01_2015_10_19_L001	2	0.0000	0.0000	1.0000
HAMBI_0403_chrm01_circ_4662407	PS_Ct_r01_2015_11_16_L002	2	0.0000	0.0000	1.0000
HAMBI_0403_chrm01_circ_4662407	PS_Ct_r01_2015_12_14_L002	2	0.0000	0.0000	1.0000
HAMBI_0403_chrm01_circ_4662407	PS_Ct_r01_2016_01_11_L002	2	0.0000	0.0000	1.0000
HAMBI_0403_chrm01_circ_4662407	PS_Ct_r01_2016_02_08_L002	2	0.0000	0.0000	1.0000
HAMBI_0403_chrm01_circ_4662407	PS_Ct_r01_2016_03_07_L001	2	0.0000	0.0000	1.0000
HAMBI_0403_chrm01_circ_4662407	PS_Ct_r01_2016_04_03_L001	2	0.0103	0.0014	1.0000
HAMBI_0403_chrm01_circ_4662407	PS_Ct_r01_2016_05_04_L001	2	0.0000	0.0000	1.0000
HAMBI_0403_chrm01_circ_4662407	PS_Ct_r01_2016_05_30_L001	2	0.1819	0.0053	1.0000
HAMBI_0403_chrm01_circ_4662407	PS_Ct_r01_2016_07_25_L004	2	0.0453	0.0051	1.0000
HAMBI_0403_chrm01_circ_4662407	PS_Ct_r01_2016_08_22_L004	2	0.0977	0.0052	1.0000
HAMBI_0403_chrm01_circ_4662407	PS_Ct_r01_2016_09_19_L004	2	0.1018	0.0046	1.0000
HAMBI_0403_chrm01_circ_4662407	PS_Ct_r01_2016_10_17_L004	2	0.0756	0.0051	1.0000
HAMBI_0403_chrm01_circ_4662407	PS_Ct_r01_2016_11_14_L004	2	0.0945	0.0051	1.0000
HAMBI_0403_chrm01_circ_4662407	PS_Ct_r01_2016_12_12_L004	2	0.1304	0.0047	1.0000
HAMBI_0403_chrm01_circ_4662407	PS_Ct_r01_2017_01_09_L002	2	0.2457	0.0065	1.0000
HAMBI_0403_chrm01_circ_4662407	PS_Ct_r01_2017_02_06_L004	2	0.1121	0.0050	1.0000
HAMBI_0403_chrm01_circ_4662407	PS_Ct_r01_2017_03_06_L001	2	0.1976	0.0061	1.0000
HAMBI_0403_chrm01_circ_4662407	PS_Ct_r01_2017_04_03_L001	2	0.1241	0.0047	1.0000
HAMBI_0403_chrm01_circ_4662407	PS_Ct_r01_2017_05_29_L001	2	0.1637	0.0055	1.0000
HAMBI_0403_chrm01_circ_4662407	PS_Ct_r01_2017_07_24_L001	2	0.0781	0.0046	1.0000
HAMBI_0403_chrm01_circ_4662407	PS_Ct_r01_2017_08_21_L002	2	0.0202	0.0001	1.0000
HAMBI_0403_chrm01_circ_4662514	PS_Ct_r01_2015_08_24_L001	2	0.0000	0.0000	1.0000
HAMBI_0403_chrm01_circ_4662514	PS_Ct_r01_2015_09_21_L001	2	0.0000	0.0000	1.0000
HAMBI_0403_chrm01_circ_4662514	PS_Ct_r01_2015_10_19_L001	2	0.0000	0.0000	1.0000
HAMBI_0403_chrm01_circ_4662514	PS_Ct_r01_2015_11_16_L002	2	0.0000	0.0000	1.0000
HAMBI_0403_chrm01_circ_4662514	PS_Ct_r01_2015_12_14_L002	2	0.0000	0.0000	1.0000
HAMBI_0403_chrm01_circ_4662514	PS_Ct_r01_2016_01_11_L002	2	0.0000	0.0000	1.0000
HAMBI_0403_chrm01_circ_4662514	PS_Ct_r01_2016_02_08_L002	2	0.0000	0.0000	1.0000
HAMBI_0403_chrm01_circ_4662514	PS_Ct_r01_2016_03_07_L001	2	0.0000	0.0000	1.0000
HAMBI_0403_chrm01_circ_4662514	PS_Ct_r01_2016_04_03_L001	2	0.0103	0.0014	1.0000
HAMBI_0403_chrm01_circ_4662514	PS_Ct_r01_2016_05_04_L001	2	0.0000	0.0000	1.0000
HAMBI_0403_chrm01_circ_4662514	PS_Ct_r01_2016_05_30_L001	2	0.1819	0.0053	1.0000
HAMBI_0403_chrm01_circ_4662514	PS_Ct_r01_2016_07_25_L004	2	0.0453	0.0051	1.0000
HAMBI_0403_chrm01_circ_4662514	PS_Ct_r01_2016_08_22_L004	2	0.0977	0.0052	1.0000
HAMBI_0403_chrm01_circ_4662514	PS_Ct_r01_2016_09_19_L004	2	0.1018	0.0046	1.0000
HAMBI_0403_chrm01_circ_4662514	PS_Ct_r01_2016_10_17_L004	2	0.0756	0.0051	1.0000
HAMBI_0403_chrm01_circ_4662514	PS_Ct_r01_2016_11_14_L004	2	0.0945	0.0051	1.0000
HAMBI_0403_chrm01_circ_4662514	PS_Ct_r01_2016_12_12_L004	2	0.1304	0.0047	1.0000
HAMBI_0403_chrm01_circ_4662514	PS_Ct_r01_2017_01_09_L002	2	0.2457	0.0065	1.0000
HAMBI_0403_chrm01_circ_4662514	PS_Ct_r01_2017_02_06_L004	2	0.1121	0.0050	1.0000
HAMBI_0403_chrm01_circ_4662514	PS_Ct_r01_2017_03_06_L001	2	0.1976	0.0061	1.0000
HAMBI_0403_chrm01_circ_4662514	PS_Ct_r01_2017_04_03_L001	2	0.1241	0.0047	1.0000
HAMBI_0403_chrm01_circ_4662514	PS_Ct_r01_2017_05_29_L001	2	0.1637	0.0055	1.0000
HAMBI_0403_chrm01_circ_4662514	PS_Ct_r01_2017_07_24_L001	2	0.0781	0.0046	1.0000
HAMBI_0403_chrm01_circ_4662514	PS_Ct_r01_2017_08_21_L002	2	0.0202	0.0001	1.0000
HAMBI_0403_chrm01_circ_4793931	PS_Ct_r01_2015_08_24_L001	2	0.0000	0.0000	1.0000
HAMBI_0403_chrm01_circ_4793931	PS_Ct_r01_2015_09_21_L001	2	0.0000	0.0000	1.0000
HAMBI_0403_chrm01_circ_4793931	PS_Ct_r01_2015_10_19_L001	2	0.0000	0.0000	1.0000
HAMBI_0403_chrm01_circ_4793931	PS_Ct_r01_2015_11_16_L002	2	0.0000	0.0000	1.0000
HAMBI_0403_chrm01_circ_4793931	PS_Ct_r01_2015_12_14_L002	2	0.0000	0.0000	1.0000
HAMBI_0403_chrm01_circ_4793931	PS_Ct_r01_2016_01_11_L002	2	0.0000	0.0000	1.0000
HAMBI_0403_chrm01_circ_4793931	PS_Ct_r01_2016_02_08_L002	2	0.0000	0.0000	1.0000
HAMBI_0403_chrm01_circ_4793931	PS_Ct_r01_2016_03_07_L001	2	0.0000	0.0000	1.0000
HAMBI_0403_chrm01_circ_4793931	PS_Ct_r01_2016_04_03_L001	2	0.0103	0.0014	1.0000
HAMBI_0403_chrm01_circ_4793931	PS_Ct_r01_2016_05_04_L001	2	0.0000	0.0000	1.0000
HAMBI_0403_chrm01_circ_4793931	PS_Ct_r01_2016_05_30_L001	2	0.1819	0.0053	1.0000
HAMBI_0403_chrm01_circ_4793931	PS_Ct_r01_2016_07_25_L004	2	0.0453	0.0051	1.0000
HAMBI_0403_chrm01_circ_4793931	PS_Ct_r01_2016_08_22_L004	2	0.0977	0.0052	1.0000
HAMBI_0403_chrm01_circ_4793931	PS_Ct_r01_2016_09_19_L004	2	0.1018	0.0046	1.0000
HAMBI_0403_chrm01_circ_4793931	PS_Ct_r01_2016_10_17_L004	2	0.0756	0.0051	1.0000
HAMBI_0403_chrm01_circ_4793931	PS_Ct_r01_2016_11_14_L004	2	0.0945	0.0051	1.0000
HAMBI_0403_chrm01_circ_4793931	PS_Ct_r01_2016_12_12_L004	2	0.1304	0.0047	1.0000
HAMBI_0403_chrm01_circ_4793931	PS_Ct_r01_2017_01_09_L002	2	0.2457	0.0065	1.0000
HAMBI_0403_chrm01_circ_4793931	PS_Ct_r01_2017_02_06_L004	2	0.1121	0.0050	1.0000
HAMBI_0403_chrm01_circ_4793931	PS_Ct_r01_2017_03_06_L001	2	0.1976	0.0061	1.0000
HAMBI_0403_chrm01_circ_4793931	PS_Ct_r01_2017_04_03_L001	2	0.1241	0.0047	1.0000
HAMBI_0403_chrm01_circ_4793931	PS_Ct_r01_2017_05_29_L001	2	0.1637	0.0055	1.0000
HAMBI_0403_chrm01_circ_4793931	PS_Ct_r01_2017_07_24_L001	2	0.0781	0.0046	1.0000
HAMBI_0403_chrm01_circ_4793931	PS_Ct_r01_2017_08_21_L002	2	0.0202	0.0001	1.0000
HAMBI_0403_chrm01_circ_4807925	PS_Ct_r01_2015_08_24_L001	2	0.0000	0.0000	1.0000
HAMBI_0403_chrm01_circ_4807925	PS_Ct_r01_2015_09_21_L001	2	0.0000	0.0000	1.0000
HAMBI_0403_chrm01_circ_4807925	PS_Ct_r01_2015_10_19_L001	2	0.0000	0.0000	1.0000
HAMBI_0403_chrm01_circ_4807925	PS_Ct_r01_2015_11_16_L002	2	0.0000	0.0000	1.0000
HAMBI_0403_chrm01_circ_4807925	PS_Ct_r01_2015_12_14_L002	2	0.0000	0.0000	1.0000
HAMBI_0403_chrm01_circ_4807925	PS_Ct_r01_2016_01_11_L002	2	0.0000	0.0000	1.0000
HAMBI_0403_chrm01_circ_4807925	PS_Ct_r01_2016_02_08_L002	2	0.0000	0.0000	1.0000
HAMBI_0403_chrm01_circ_4807925	PS_Ct_r01_2016_03_07_L001	2	0.0000	0.0000	1.0000
HAMBI_0403_chrm01_circ_4807925	PS_Ct_r01_2016_04_03_L001	2	0.0103	0.0014	1.0000
HAMBI_0403_chrm01_circ_4807925	PS_Ct_r01_2016_05_04_L001	2	0.0000	0.0000	1.0000
HAMBI_0403_chrm01_circ_4807925	PS_Ct_r01_2016_05_30_L001	2	0.1819	0.0053	1.0000
HAMBI_0403_chrm01_circ_4807925	PS_Ct_r01_2016_07_25_L004	2	0.0453	0.0051	1.0000
HAMBI_0403_chrm01_circ_4807925	PS_Ct_r01_2016_08_22_L004	2	0.0977	0.0052	1.0000
HAMBI_0403_chrm01_circ_4807925	PS_Ct_r01_2016_09_19_L004	2	0.1018	0.0046	1.0000
HAMBI_0403_chrm01_circ_4807925	PS_Ct_r01_2016_10_17_L004	2	0.0756	0.0051	1.0000
HAMBI_0403_chrm01_circ_4807925	PS_Ct_r01_2016_11_14_L004	2	0.0945	0.0051	1.0000
HAMBI_0403_chrm01_circ_4807925	PS_Ct_r01_2016_12_12_L004	2	0.1304	0.0047	1.0000
HAMBI_0403_chrm01_circ_4807925	PS_Ct_r01_2017_01_09_L002	2	0.2457	0.0065	1.0000
HAMBI_0403_chrm01_circ_4807925	PS_Ct_r01_2017_02_06_L004	2	0.1121	0.0050	1.0000
HAMBI_0403_chrm01_circ_4807925	PS_Ct_r01_2017_03_06_L001	2	0.1976	0.0061	1.0000
HAMBI_0403_chrm01_circ_4807925	PS_Ct_r01_2017_04_03_L001	2	0.1241	0.0047	1.0000
HAMBI_0403_chrm01_circ_4807925	PS_Ct_r01_2017_05_29_L001	2	0.1637	0.0055	1.0000
HAMBI_0403_chrm01_circ_4807925	PS_Ct_r01_2017_07_24_L001	2	0.0781	0.0046	1.0000
HAMBI_0403_chrm01_circ_4807925	PS_Ct_r01_2017_08_21_L002	2	0.0202	0.0001	1.0000
HAMBI_0403_chrm01_circ_4813153	PS_Ct_r01_2015_08_24_L001	2	0.0000	0.0000	1.0000
HAMBI_0403_chrm01_circ_4813153	PS_Ct_r01_2015_09_21_L001	2	0.0000	0.0000	1.0000
HAMBI_0403_chrm01_circ_4813153	PS_Ct_r01_2015_10_19_L001	2	0.0000	0.0000	1.0000
HAMBI_0403_chrm01_circ_4813153	PS_Ct_r01_2015_11_16_L002	2	0.0000	0.0000	1.0000
HAMBI_0403_chrm01_circ_4813153	PS_Ct_r01_2015_12_14_L002	2	0.0000	0.0000	1.0000
HAMBI_0403_chrm01_circ_4813153	PS_Ct_r01_2016_01_11_L002	2	0.0000	0.0000	1.0000
HAMBI_0403_chrm01_circ_4813153	PS_Ct_r01_2016_02_08_L002	2	0.0000	0.0000	1.0000
HAMBI_0403_chrm01_circ_4813153	PS_Ct_r01_2016_03_07_L001	2	0.0000	0.0000	1.0000
HAMBI_0403_chrm01_circ_4813153	PS_Ct_r01_2016_04_03_L001	2	0.0103	0.0014	1.0000
HAMBI_0403_chrm01_circ_4813153	PS_Ct_r01_2016_05_04_L001	2	0.0000	0.0000	1.0000
HAMBI_0403_chrm01_circ_4813153	PS_Ct_r01_2016_05_30_L001	2	0.1819	0.0053	1.0000
HAMBI_0403_chrm01_circ_4813153	PS_Ct_r01_2016_07_25_L004	2	0.0453	0.0051	1.0000
HAMBI_0403_chrm01_circ_4813153	PS_Ct_r01_2016_08_22_L004	2	0.0977	0.0052	1.0000
HAMBI_0403_chrm01_circ_4813153	PS_Ct_r01_2016_09_19_L004	2	0.1018	0.0046	1.0000
HAMBI_0403_chrm01_circ_4813153	PS_Ct_r01_2016_10_17_L004	2	0.0756	0.0051	1.0000
HAMBI_0403_chrm01_circ_4813153	PS_Ct_r01_2016_11_14_L004	2	0.0945	0.0051	1.0000
HAMBI_0403_chrm01_circ_4813153	PS_Ct_r01_2016_12_12_L004	2	0.1304	0.0047	1.0000
HAMBI_0403_chrm01_circ_4813153	PS_Ct_r01_2017_01_09_L002	2	0.2457	0.0065	1.0000
HAMBI_0403_chrm01_circ_4813153	PS_Ct_r01_2017_02_06_L004	2	0.1121	0.0050	1.0000
HAMBI_0403_chrm01_circ_4813153	PS_Ct_r01_2017_03_06_L001	2	0.1976	0.0061	1.0000
HAMBI_0403_chrm01_circ_4813153	PS_Ct_r01_2017_04_03_L001	2	0.1241	0.0047	1.0000
HAMBI_0403_chrm01_circ_4813153	PS_Ct_r01_2017_05_29_L001	2	0.1637	0.0055	1.0000
HAMBI_0403_chrm01_circ_4813153	PS_Ct_r01_2017_07_24_L001	2	0.0781	0.0046	1.0000
HAMBI_0403_chrm01_circ_4813153	PS_Ct_r01_2017_08_21_L002	2	0.0202	0.0001	1.0000
HAMBI_0403_chrm01_circ_4901857	PS_Ct_r01_2015_08_24_L001	2	0.0000	0.0000	1.0000
HAMBI_0403_chrm01_circ_4901857	PS_Ct_r01_2015_09_21_L001	2	0.0000	0.0000	1.0000
HAMBI_0403_chrm01_circ_4901857	PS_Ct_r01_2015_10_19_L001	2	0.0000	0.0000	1.0000
HAMBI_0403_chrm01_circ_4901857	PS_Ct_r01_2015_11_16_L002	2	0.0000	0.0000	1.0000
HAMBI_0403_chrm01_circ_4901857	PS_Ct_r01_2015_12_14_L002	2	0.0000	0.0000	1.0000
HAMBI_0403_chrm01_circ_4901857	PS_Ct_r01_2016_01_11_L002	2	0.0000	0.0000	1.0000
HAMBI_0403_chrm01_circ_4901857	PS_Ct_r01_2016_02_08_L002	2	0.0000	0.0000	1.0000
HAMBI_0403_chrm01_circ_4901857	PS_Ct_r01_2016_03_07_L001	2	0.0000	0.0000	1.0000
HAMBI_0403_chrm01_circ_4901857	PS_Ct_r01_2016_04_03_L001	2	0.0103	0.0014	1.0000
HAMBI_0403_chrm01_circ_4901857	PS_Ct_r01_2016_05_04_L001	2	0.0000	0.0000	1.0000
HAMBI_0403_chrm01_circ_4901857	PS_Ct_r01_2016_05_30_L001	2	0.1819	0.0053	1.0000
HAMBI_0403_chrm01_circ_4901857	PS_Ct_r01_2016_07_25_L004	2	0.0453	0.0051	1.0000
HAMBI_0403_chrm01_circ_4901857	PS_Ct_r01_2016_08_22_L004	2	0.0977	0.0052	1.0000
HAMBI_0403_chrm01_circ_4901857	PS_Ct_r01_2016_09_19_L004	2	0.1018	0.0046	1.0000
HAMBI_0403_chrm01_circ_4901857	PS_Ct_r01_2016_10_17_L004	2	0.0756	0.0051	1.0000
HAMBI_0403_chrm01_circ_4901857	PS_Ct_r01_2016_11_14_L004	2	0.0945	0.0051	1.0000
HAMBI_0403_chrm01_circ_4901857	PS_Ct_r01_2016_12_12_L004	2	0.1304	0.0047	1.0000
HAMBI_0403_chrm01_circ_4901857	PS_Ct_r01_2017_01_09_L002	2	0.2457	0.0065	1.0000
HAMBI_0403_chrm01_circ_4901857	PS_Ct_r01_2017_02_06_L004	2	0.1121	0.0050	1.0000
HAMBI_0403_chrm01_circ_4901857	PS_Ct_r01_2017_03_06_L001	2	0.1976	0.0061	1.0000
HAMBI_0403_chrm01_circ_4901857	PS_Ct_r01_2017_04_03_L001	2	0.1241	0.0047	1.0000
HAMBI_0403_chrm01_circ_4901857	PS_Ct_r01_2017_05_29_L001	2	0.1637	0.0055	1.0000
HAMBI_0403_chrm01_circ_4901857	PS_Ct_r01_2017_07_24_L001	2	0.0781	0.0046	1.0000
HAMBI_0403_chrm01_circ_4901857	PS_Ct_r01_2017_08_21_L002	2	0.0202	0.0001	1.0000
HAMBI_0403_chrm01_circ_4925346	PS_Ct_r01_2015_08_24_L001	2	0.0000	0.0000	1.0000
HAMBI_0403_chrm01_circ_4925346	PS_Ct_r01_2015_09_21_L001	2	0.0000	0.0000	1.0000
HAMBI_0403_chrm01_circ_4925346	PS_Ct_r01_2015_10_19_L001	2	0.0000	0.0000	1.0000
HAMBI_0403_chrm01_circ_4925346	PS_Ct_r01_2015_11_16_L002	2	0.0000	0.0000	1.0000
HAMBI_0403_chrm01_circ_4925346	PS_Ct_r01_2015_12_14_L002	2	0.0000	0.0000	1.0000
HAMBI_0403_chrm01_circ_4925346	PS_Ct_r01_2016_01_11_L002	2	0.0000	0.0000	1.0000
HAMBI_0403_chrm01_circ_4925346	PS_Ct_r01_2016_02_08_L002	2	0.0000	0.0000	1.0000
HAMBI_0403_chrm01_circ_4925346	PS_Ct_r01_2016_03_07_L001	2	0.0000	0.0000	1.0000
HAMBI_0403_chrm01_circ_4925346	PS_Ct_r01_2016_04_03_L001	2	0.0103	0.0014	1.0000
HAMBI_0403_chrm01_circ_4925346	PS_Ct_r01_2016_05_04_L001	2	0.0000	0.0000	1.0000
HAMBI_0403_chrm01_circ_4925346	PS_Ct_r01_2016_05_30_L001	2	0.1819	0.0053	1.0000
HAMBI_0403_chrm01_circ_4925346	PS_Ct_r01_2016_07_25_L004	2	0.0453	0.0051	1.0000
HAMBI_0403_chrm01_circ_4925346	PS_Ct_r01_2016_08_22_L004	2	0.0977	0.0052	1.0000
HAMBI_0403_chrm01_circ_4925346	PS_Ct_r01_2016_09_19_L004	2	0.1018	0.0046	1.0000
HAMBI_0403_chrm01_circ_4925346	PS_Ct_r01_2016_10_17_L004	2	0.0756	0.0051	1.0000
HAMBI_0403_chrm01_circ_4925346	PS_Ct_r01_2016_11_14_L004	2	0.0945	0.0051	1.0000
HAMBI_0403_chrm01_circ_4925346	PS_Ct_r01_2016_12_12_L004	2	0.1304	0.0047	1.0000
HAMBI_0403_chrm01_circ_4925346	PS_Ct_r01_2017_01_09_L002	2	0.2457	0.0065	1.0000
HAMBI_0403_chrm01_circ_4925346	PS_Ct_r01_2017_02_06_L004	2	0.1121	0.0050	1.0000
HAMBI_0403_chrm01_circ_4925346	PS_Ct_r01_2017_03_06_L001	2	0.1976	0.0061	1.0000
HAMBI_0403_chrm01_circ_4925346	PS_Ct_r01_2017_04_03_L001	2	0.1241	0.0047	1.0000
HAMBI_0403_chrm01_circ_4925346	PS_Ct_r01_2017_05_29_L001	2	0.1637	0.0055	1.0000
HAMBI_0403_chrm01_circ_4925346	PS_Ct_r01_2017_07_24_L001	2	0.0781	0.0046	1.0000
HAMBI_0403_chrm01_circ_4925346	PS_Ct_r01_2017_08_21_L002	2	0.0202	0.0001	1.0000
HAMBI_0403_chrm01_circ_4949898	PS_Ct_r01_2015_08_24_L001	2	0.0000	0.0000	1.0000
HAMBI_0403_chrm01_circ_4949898	PS_Ct_r01_2015_09_21_L001	2	0.0000	0.0000	1.0000
HAMBI_0403_chrm01_circ_4949898	PS_Ct_r01_2015_10_19_L001	2	0.0000	0.0000	1.0000
HAMBI_0403_chrm01_circ_4949898	PS_Ct_r01_2015_11_16_L002	2	0.0000	0.0000	1.0000
HAMBI_0403_chrm01_circ_4949898	PS_Ct_r01_2015_12_14_L002	2	0.0000	0.0000	1.0000
HAMBI_0403_chrm01_circ_4949898	PS_Ct_r01_2016_01_11_L002	2	0.0000	0.0000	1.0000
HAMBI_0403_chrm01_circ_4949898	PS_Ct_r01_2016_02_08_L002	2	0.0000	0.0000	1.0000
HAMBI_0403_chrm01_circ_4949898	PS_Ct_r01_2016_03_07_L001	2	0.0000	0.0000	1.0000
HAMBI_0403_chrm01_circ_4949898	PS_Ct_r01_2016_04_03_L001	2	0.0103	0.0014	1.0000
HAMBI_0403_chrm01_circ_4949898	PS_Ct_r01_2016_05_04_L001	2	0.0000	0.0000	1.0000
HAMBI_0403_chrm01_circ_4949898	PS_Ct_r01_2016_05_30_L001	2	0.1819	0.0053	1.0000
HAMBI_0403_chrm01_circ_4949898	PS_Ct_r01_2016_07_25_L004	2	0.0453	0.0051	1.0000
HAMBI_0403_chrm01_circ_4949898	PS_Ct_r01_2016_08_22_L004	2	0.0977	0.0052	1.0000
HAMBI_0403_chrm01_circ_4949898	PS_Ct_r01_2016_09_19_L004	2	0.1018	0.0046	1.0000
HAMBI_0403_chrm01_circ_4949898	PS_Ct_r01_2016_10_17_L004	2	0.0756	0.0051	1.0000
HAMBI_0403_chrm01_circ_4949898	PS_Ct_r01_2016_11_14_L004	2	0.0945	0.0051	1.0000
HAMBI_0403_chrm01_circ_4949898	PS_Ct_r01_2016_12_12_L004	2	0.1304	0.0047	1.0000
HAMBI_0403_chrm01_circ_4949898	PS_Ct_r01_2017_01_09_L002	2	0.2457	0.0065	1.0000
HAMBI_0403_chrm01_circ_4949898	PS_Ct_r01_2017_02_06_L004	2	0.1121	0.0050	1.0000
HAMBI_0403_chrm01_circ_4949898	PS_Ct_r01_2017_03_06_L001	2	0.1976	0.0061	1.0000
HAMBI_0403_chrm01_circ_4949898	PS_Ct_r01_2017_04_03_L001	2	0.1241	0.0047	1.0000
HAMBI_0403_chrm01_circ_4949898	PS_Ct_r01_2017_05_29_L001	2	0.1637	0.0055	1.0000
HAMBI_0403_chrm01_circ_4949898	PS_Ct_r01_2017_07_24_L001	2	0.0781	0.0046	1.0000
HAMBI_0403_chrm01_circ_4949898	PS_Ct_r01_2017_08_21_L002	2	0.0202	0.0001	1.0000
HAMBI_0403_chrm01_circ_5019101	PS_Ct_r01_2015_08_24_L001	2	0.0000	0.0000	1.0000
HAMBI_0403_chrm01_circ_5019101	PS_Ct_r01_2015_09_21_L001	2	0.0000	0.0000	1.0000
HAMBI_0403_chrm01_circ_5019101	PS_Ct_r01_2015_10_19_L001	2	0.0000	0.0000	1.0000
HAMBI_0403_chrm01_circ_5019101	PS_Ct_r01_2015_11_16_L002	2	0.0000	0.0000	1.0000
HAMBI_0403_chrm01_circ_5019101	PS_Ct_r01_2015_12_14_L002	2	0.0000	0.0000	1.0000
HAMBI_0403_chrm01_circ_5019101	PS_Ct_r01_2016_01_11_L002	2	0.0000	0.0000	1.0000
HAMBI_0403_chrm01_circ_5019101	PS_Ct_r01_2016_02_08_L002	2	0.0000	0.0000	1.0000
HAMBI_0403_chrm01_circ_5019101	PS_Ct_r01_2016_03_07_L001	2	0.0000	0.0000	1.0000
HAMBI_0403_chrm01_circ_5019101	PS_Ct_r01_2016_04_03_L001	2	0.0103	0.0014	1.0000
HAMBI_0403_chrm01_circ_5019101	PS_Ct_r01_2016_05_04_L001	2	0.0000	0.0000	1.0000
HAMBI_0403_chrm01_circ_5019101	PS_Ct_r01_2016_05_30_L001	2	0.1819	0.0053	1.0000
HAMBI_0403_chrm01_circ_5019101	PS_Ct_r01_2016_07_25_L004	2	0.0453	0.0051	1.0000
HAMBI_0403_chrm01_circ_5019101	PS_Ct_r01_2016_08_22_L004	2	0.0977	0.0052	1.0000
HAMBI_0403_chrm01_circ_5019101	PS_Ct_r01_2016_09_19_L004	2	0.1018	0.0046	1.0000
HAMBI_0403_chrm01_circ_5019101	PS_Ct_r01_2016_10_17_L004	2	0.0756	0.0051	1.0000
HAMBI_0403_chrm01_circ_5019101	PS_Ct_r01_2016_11_14_L004	2	0.0945	0.0051	1.0000
HAMBI_0403_chrm01_circ_5019101	PS_Ct_r01_2016_12_12_L004	2	0.1304	0.0047	1.0000
HAMBI_0403_chrm01_circ_5019101	PS_Ct_r01_2017_01_09_L002	2	0.2457	0.0065	1.0000
HAMBI_0403_chrm01_circ_5019101	PS_Ct_r01_2017_02_06_L004	2	0.1121	0.0050	1.0000
HAMBI_0403_chrm01_circ_5019101	PS_Ct_r01_2017_03_06_L001	2	0.1976	0.0061	1.0000
HAMBI_0403_chrm01_circ_5019101	PS_Ct_r01_2017_04_03_L001	2	0.1241	0.0047	1.0000
HAMBI_0403_chrm01_circ_5019101	PS_Ct_r01_2017_05_29_L001	2	0.1637	0.0055	1.0000
HAMBI_0403_chrm01_circ_5019101	PS_Ct_r01_2017_07_24_L001	2	0.0781	0.0046	1.0000
HAMBI_0403_chrm01_circ_5019101	PS_Ct_r01_2017_08_21_L002	2	0.0202	0.0001	1.0000
HAMBI_0403_chrm01_circ_5057134	PS_Ct_r01_2015_08_24_L001	2	0.0000	0.0000	0.9980
HAMBI_0403_chrm01_circ_5057134	PS_Ct_r01_2015_09_21_L001	2	0.0000	0.0000	0.9980
HAMBI_0403_chrm01_circ_5057134	PS_Ct_r01_2015_10_19_L001	2	0.0000	0.0000	0.9980
HAMBI_0403_chrm01_circ_5057134	PS_Ct_r01_2015_11_16_L002	2	0.0000	0.0000	0.9980
HAMBI_0403_chrm01_circ_5057134	PS_Ct_r01_2015_12_14_L002	2	0.0000	0.0000	0.9980
HAMBI_0403_chrm01_circ_5057134	PS_Ct_r01_2016_01_11_L002	2	0.0000	0.0000	0.9980
HAMBI_0403_chrm01_circ_5057134	PS_Ct_r01_2016_02_08_L002	2	0.0000	0.0000	0.9980
HAMBI_0403_chrm01_circ_5057134	PS_Ct_r01_2016_03_07_L001	2	0.0000	0.0000	0.9980
HAMBI_0403_chrm01_circ_5057134	PS_Ct_r01_2016_04_03_L001	2	0.0103	0.0014	0.9980
HAMBI_0403_chrm01_circ_5057134	PS_Ct_r01_2016_05_04_L001	2	0.0000	0.0000	0.9980
HAMBI_0403_chrm01_circ_5057134	PS_Ct_r01_2016_05_30_L001	2	0.1819	0.0053	0.9980
HAMBI_0403_chrm01_circ_5057134	PS_Ct_r01_2016_07_25_L004	2	0.0453	0.0051	0.9980
HAMBI_0403_chrm01_circ_5057134	PS_Ct_r01_2016_08_22_L004	2	0.0977	0.0052	0.9980
HAMBI_0403_chrm01_circ_5057134	PS_Ct_r01_2016_09_19_L004	2	0.1018	0.0046	0.9980
HAMBI_0403_chrm01_circ_5057134	PS_Ct_r01_2016_10_17_L004	2	0.0756	0.0051	0.9980
HAMBI_0403_chrm01_circ_5057134	PS_Ct_r01_2016_11_14_L004	2	0.0945	0.0051	0.9980
HAMBI_0403_chrm01_circ_5057134	PS_Ct_r01_2016_12_12_L004	2	0.1304	0.0047	0.9980
HAMBI_0403_chrm01_circ_5057134	PS_Ct_r01_2017_01_09_L002	2	0.2457	0.0065	0.9980
HAMBI_0403_chrm01_circ_5057134	PS_Ct_r01_2017_02_06_L004	2	0.1121	0.0050	0.9980
HAMBI_0403_chrm01_circ_5057134	PS_Ct_r01_2017_03_06_L001	2	0.1976	0.0061	0.9980
HAMBI_0403_chrm01_circ_5057134	PS_Ct_r01_2017_04_03_L001	2	0.1241	0.0047	0.9980
HAMBI_0403_chrm01_circ_5057134	PS_Ct_r01_2017_05_29_L001	2	0.1637	0.0055	0.9980
HAMBI_0403_chrm01_circ_5057134	PS_Ct_r01_2017_07_24_L001	2	0.0781	0.0046	0.9980
HAMBI_0403_chrm01_circ_5057134	PS_Ct_r01_2017_08_21_L002	2	0.0202	0.0001	0.9980
HAMBI_0403_chrm01_circ_5142949	PS_Ct_r01_2015_08_24_L001	2	0.0000	0.0000	1.0000
HAMBI_0403_chrm01_circ_5142949	PS_Ct_r01_2015_09_21_L001	2	0.0000	0.0000	1.0000
HAMBI_0403_chrm01_circ_5142949	PS_Ct_r01_2015_10_19_L001	2	0.0000	0.0000	1.0000
HAMBI_0403_chrm01_circ_5142949	PS_Ct_r01_2015_11_16_L002	2	0.0000	0.0000	1.0000
HAMBI_0403_chrm01_circ_5142949	PS_Ct_r01_2015_12_14_L002	2	0.0000	0.0000	1.0000
HAMBI_0403_chrm01_circ_5142949	PS_Ct_r01_2016_01_11_L002	2	0.0000	0.0000	1.0000
HAMBI_0403_chrm01_circ_5142949	PS_Ct_r01_2016_02_08_L002	2	0.0000	0.0000	1.0000
HAMBI_0403_chrm01_circ_5142949	PS_Ct_r01_2016_03_07_L001	2	0.0000	0.0000	1.0000
HAMBI_0403_chrm01_circ_5142949	PS_Ct_r01_2016_04_03_L001	2	0.0103	0.0014	1.0000
HAMBI_0403_chrm01_circ_5142949	PS_Ct_r01_2016_05_04_L001	2	0.0000	0.0000	1.0000
HAMBI_0403_chrm01_circ_5142949	PS_Ct_r01_2016_05_30_L001	2	0.1819	0.0053	1.0000
HAMBI_0403_chrm01_circ_5142949	PS_Ct_r01_2016_07_25_L004	2	0.0453	0.0051	1.0000
HAMBI_0403_chrm01_circ_5142949	PS_Ct_r01_2016_08_22_L004	2	0.0977	0.0052	1.0000
HAMBI_0403_chrm01_circ_5142949	PS_Ct_r01_2016_09_19_L004	2	0.1018	0.0046	1.0000
HAMBI_0403_chrm01_circ_5142949	PS_Ct_r01_2016_10_17_L004	2	0.0756	0.0051	1.0000
HAMBI_0403_chrm01_circ_5142949	PS_Ct_r01_2016_11_14_L004	2	0.0945	0.0051	1.0000
HAMBI_0403_chrm01_circ_5142949	PS_Ct_r01_2016_12_12_L004	2	0.1304	0.0047	1.0000
HAMBI_0403_chrm01_circ_5142949	PS_Ct_r01_2017_01_09_L002	2	0.2457	0.0065	1.0000
HAMBI_0403_chrm01_circ_5142949	PS_Ct_r01_2017_02_06_L004	2	0.1121	0.0050	1.0000
HAMBI_0403_chrm01_circ_5142949	PS_Ct_r01_2017_03_06_L001	2	0.1976	0.0061	1.0000
HAMBI_0403_chrm01_circ_5142949	PS_Ct_r01_2017_04_03_L001	2	0.1241	0.0047	1.0000
HAMBI_0403_chrm01_circ_5142949	PS_Ct_r01_2017_05_29_L001	2	0.1637	0.0055	1.0000
HAMBI_0403_chrm01_circ_5142949	PS_Ct_r01_2017_07_24_L001	2	0.0781	0.0046	1.0000
HAMBI_0403_chrm01_circ_5142949	PS_Ct_r01_2017_08_21_L002	2	0.0202	0.0001	1.0000
HAMBI_0403_chrm01_circ_5162448	PS_Ct_r01_2015_08_24_L001	2	0.0000	0.0000	1.0000
HAMBI_0403_chrm01_circ_5162448	PS_Ct_r01_2015_09_21_L001	2	0.0000	0.0000	1.0000
HAMBI_0403_chrm01_circ_5162448	PS_Ct_r01_2015_10_19_L001	2	0.0000	0.0000	1.0000
HAMBI_0403_chrm01_circ_5162448	PS_Ct_r01_2015_11_16_L002	2	0.0000	0.0000	1.0000
HAMBI_0403_chrm01_circ_5162448	PS_Ct_r01_2015_12_14_L002	2	0.0000	0.0000	1.0000
HAMBI_0403_chrm01_circ_5162448	PS_Ct_r01_2016_01_11_L002	2	0.0000	0.0000	1.0000
HAMBI_0403_chrm01_circ_5162448	PS_Ct_r01_2016_02_08_L002	2	0.0000	0.0000	1.0000
HAMBI_0403_chrm01_circ_5162448	PS_Ct_r01_2016_03_07_L001	2	0.0000	0.0000	1.0000
HAMBI_0403_chrm01_circ_5162448	PS_Ct_r01_2016_04_03_L001	2	0.0103	0.0014	1.0000
HAMBI_0403_chrm01_circ_5162448	PS_Ct_r01_2016_05_04_L001	2	0.0000	0.0000	1.0000
HAMBI_0403_chrm01_circ_5162448	PS_Ct_r01_2016_05_30_L001	2	0.1819	0.0053	1.0000
HAMBI_0403_chrm01_circ_5162448	PS_Ct_r01_2016_07_25_L004	2	0.0453	0.0051	1.0000
HAMBI_0403_chrm01_circ_5162448	PS_Ct_r01_2016_08_22_L004	2	0.0977	0.0052	1.0000
HAMBI_0403_chrm01_circ_5162448	PS_Ct_r01_2016_09_19_L004	2	0.1018	0.0046	1.0000
HAMBI_0403_chrm01_circ_5162448	PS_Ct_r01_2016_10_17_L004	2	0.0756	0.0051	1.0000
HAMBI_0403_chrm01_circ_5162448	PS_Ct_r01_2016_11_14_L004	2	0.0945	0.0051	1.0000
HAMBI_0403_chrm01_circ_5162448	PS_Ct_r01_2016_12_12_L004	2	0.1304	0.0047	1.0000
HAMBI_0403_chrm01_circ_5162448	PS_Ct_r01_2017_01_09_L002	2	0.2457	0.0065	1.0000
HAMBI_0403_chrm01_circ_5162448	PS_Ct_r01_2017_02_06_L004	2	0.1121	0.0050	1.0000
HAMBI_0403_chrm01_circ_5162448	PS_Ct_r01_2017_03_06_L001	2	0.1976	0.0061	1.0000
HAMBI_0403_chrm01_circ_5162448	PS_Ct_r01_2017_04_03_L001	2	0.1241	0.0047	1.0000
HAMBI_0403_chrm01_circ_5162448	PS_Ct_r01_2017_05_29_L001	2	0.1637	0.0055	1.0000
HAMBI_0403_chrm01_circ_5162448	PS_Ct_r01_2017_07_24_L001	2	0.0781	0.0046	1.0000
HAMBI_0403_chrm01_circ_5162448	PS_Ct_r01_2017_08_21_L002	2	0.0202	0.0001	1.0000
HAMBI_0403_chrm01_circ_5186198	PS_Ct_r01_2015_08_24_L001	2	0.0000	0.0000	1.0000
HAMBI_0403_chrm01_circ_5186198	PS_Ct_r01_2015_09_21_L001	2	0.0000	0.0000	1.0000
HAMBI_0403_chrm01_circ_5186198	PS_Ct_r01_2015_10_19_L001	2	0.0000	0.0000	1.0000
HAMBI_0403_chrm01_circ_5186198	PS_Ct_r01_2015_11_16_L002	2	0.0000	0.0000	1.0000
HAMBI_0403_chrm01_circ_5186198	PS_Ct_r01_2015_12_14_L002	2	0.0000	0.0000	1.0000
HAMBI_0403_chrm01_circ_5186198	PS_Ct_r01_2016_01_11_L002	2	0.0000	0.0000	1.0000
HAMBI_0403_chrm01_circ_5186198	PS_Ct_r01_2016_02_08_L002	2	0.0000	0.0000	1.0000
HAMBI_0403_chrm01_circ_5186198	PS_Ct_r01_2016_03_07_L001	2	0.0000	0.0000	1.0000
HAMBI_0403_chrm01_circ_5186198	PS_Ct_r01_2016_04_03_L001	2	0.0103	0.0014	1.0000
HAMBI_0403_chrm01_circ_5186198	PS_Ct_r01_2016_05_04_L001	2	0.0000	0.0000	1.0000
HAMBI_0403_chrm01_circ_5186198	PS_Ct_r01_2016_05_30_L001	2	0.1819	0.0053	1.0000
HAMBI_0403_chrm01_circ_5186198	PS_Ct_r01_2016_07_25_L004	2	0.0453	0.0051	1.0000
HAMBI_0403_chrm01_circ_5186198	PS_Ct_r01_2016_08_22_L004	2	0.0977	0.0052	1.0000
HAMBI_0403_chrm01_circ_5186198	PS_Ct_r01_2016_09_19_L004	2	0.1018	0.0046	1.0000
HAMBI_0403_chrm01_circ_5186198	PS_Ct_r01_2016_10_17_L004	2	0.0756	0.0051	1.0000
HAMBI_0403_chrm01_circ_5186198	PS_Ct_r01_2016_11_14_L004	2	0.0945	0.0051	1.0000
HAMBI_0403_chrm01_circ_5186198	PS_Ct_r01_2016_12_12_L004	2	0.1304	0.0047	1.0000
HAMBI_0403_chrm01_circ_5186198	PS_Ct_r01_2017_01_09_L002	2	0.2457	0.0065	1.0000
HAMBI_0403_chrm01_circ_5186198	PS_Ct_r01_2017_02_06_L004	2	0.1121	0.0050	1.0000
HAMBI_0403_chrm01_circ_5186198	PS_Ct_r01_2017_03_06_L001	2	0.1976	0.0061	1.0000
HAMBI_0403_chrm01_circ_5186198	PS_Ct_r01_2017_04_03_L001	2	0.1241	0.0047	1.0000
HAMBI_0403_chrm01_circ_5186198	PS_Ct_r01_2017_05_29_L001	2	0.1637	0.0055	1.0000
HAMBI_0403_chrm01_circ_5186198	PS_Ct_r01_2017_07_24_L001	2	0.0781	0.0046	1.0000
HAMBI_0403_chrm01_circ_5186198	PS_Ct_r01_2017_08_21_L002	2	0.0202	0.0001	1.0000
HAMBI_0403_chrm01_circ_5347072	PS_Ct_r01_2015_08_24_L001	2	0.0000	0.0000	1.0000
HAMBI_0403_chrm01_circ_5347072	PS_Ct_r01_2015_09_21_L001	2	0.0000	0.0000	1.0000
HAMBI_0403_chrm01_circ_5347072	PS_Ct_r01_2015_10_19_L001	2	0.0000	0.0000	1.0000
HAMBI_0403_chrm01_circ_5347072	PS_Ct_r01_2015_11_16_L002	2	0.0000	0.0000	1.0000
HAMBI_0403_chrm01_circ_5347072	PS_Ct_r01_2015_12_14_L002	2	0.0000	0.0000	1.0000
HAMBI_0403_chrm01_circ_5347072	PS_Ct_r01_2016_01_11_L002	2	0.0000	0.0000	1.0000
HAMBI_0403_chrm01_circ_5347072	PS_Ct_r01_2016_02_08_L002	2	0.0000	0.0000	1.0000
HAMBI_0403_chrm01_circ_5347072	PS_Ct_r01_2016_03_07_L001	2	0.0000	0.0000	1.0000
HAMBI_0403_chrm01_circ_5347072	PS_Ct_r01_2016_04_03_L001	2	0.0103	0.0014	1.0000
HAMBI_0403_chrm01_circ_5347072	PS_Ct_r01_2016_05_04_L001	2	0.0000	0.0000	1.0000
HAMBI_0403_chrm01_circ_5347072	PS_Ct_r01_2016_05_30_L001	2	0.1819	0.0053	1.0000
HAMBI_0403_chrm01_circ_5347072	PS_Ct_r01_2016_07_25_L004	2	0.0453	0.0051	1.0000
HAMBI_0403_chrm01_circ_5347072	PS_Ct_r01_2016_08_22_L004	2	0.0977	0.0052	1.0000
HAMBI_0403_chrm01_circ_5347072	PS_Ct_r01_2016_09_19_L004	2	0.1018	0.0046	1.0000
HAMBI_0403_chrm01_circ_5347072	PS_Ct_r01_2016_10_17_L004	2	0.0756	0.0051	1.0000
HAMBI_0403_chrm01_circ_5347072	PS_Ct_r01_2016_11_14_L004	2	0.0945	0.0051	1.0000
HAMBI_0403_chrm01_circ_5347072	PS_Ct_r01_2016_12_12_L004	2	0.1304	0.0047	1.0000
HAMBI_0403_chrm01_circ_5347072	PS_Ct_r01_2017_01_09_L002	2	0.2457	0.0065	1.0000
HAMBI_0403_chrm01_circ_5347072	PS_Ct_r01_2017_02_06_L004	2	0.1121	0.0050	1.0000
HAMBI_0403_chrm01_circ_5347072	PS_Ct_r01_2017_03_06_L001	2	0.1976	0.0061	1.0000
HAMBI_0403_chrm01_circ_5347072	PS_Ct_r01_2017_04_03_L001	2	0.1241	0.0047	1.0000
HAMBI_0403_chrm01_circ_5347072	PS_Ct_r01_2017_05_29_L001	2	0.1637	0.0055	1.0000
HAMBI_0403_chrm01_circ_5347072	PS_Ct_r01_2017_07_24_L001	2	0.0781	0.0046	1.0000
HAMBI_0403_chrm01_circ_5347072	PS_Ct_r01_2017_08_21_L002	2	0.0202	0.0001	1.0000
HAMBI_0403_chrm01_circ_5525502	PS_Ct_r01_2015_08_24_L001	2	0.0000	0.0000	1.0000
HAMBI_0403_chrm01_circ_5525502	PS_Ct_r01_2015_09_21_L001	2	0.0000	0.0000	1.0000
HAMBI_0403_chrm01_circ_5525502	PS_Ct_r01_2015_10_19_L001	2	0.0000	0.0000	1.0000
HAMBI_0403_chrm01_circ_5525502	PS_Ct_r01_2015_11_16_L002	2	0.0000	0.0000	1.0000
HAMBI_0403_chrm01_circ_5525502	PS_Ct_r01_2015_12_14_L002	2	0.0000	0.0000	1.0000
HAMBI_0403_chrm01_circ_5525502	PS_Ct_r01_2016_01_11_L002	2	0.0000	0.0000	1.0000
HAMBI_0403_chrm01_circ_5525502	PS_Ct_r01_2016_02_08_L002	2	0.0000	0.0000	1.0000
HAMBI_0403_chrm01_circ_5525502	PS_Ct_r01_2016_03_07_L001	2	0.0000	0.0000	1.0000
HAMBI_0403_chrm01_circ_5525502	PS_Ct_r01_2016_04_03_L001	2	0.0103	0.0014	1.0000
HAMBI_0403_chrm01_circ_5525502	PS_Ct_r01_2016_05_04_L001	2	0.0000	0.0000	1.0000
HAMBI_0403_chrm01_circ_5525502	PS_Ct_r01_2016_05_30_L001	2	0.1819	0.0053	1.0000
HAMBI_0403_chrm01_circ_5525502	PS_Ct_r01_2016_07_25_L004	2	0.0453	0.0051	1.0000
HAMBI_0403_chrm01_circ_5525502	PS_Ct_r01_2016_08_22_L004	2	0.0977	0.0052	1.0000
HAMBI_0403_chrm01_circ_5525502	PS_Ct_r01_2016_09_19_L004	2	0.1018	0.0046	1.0000
HAMBI_0403_chrm01_circ_5525502	PS_Ct_r01_2016_10_17_L004	2	0.0756	0.0051	1.0000
HAMBI_0403_chrm01_circ_5525502	PS_Ct_r01_2016_11_14_L004	2	0.0945	0.0051	1.0000
HAMBI_0403_chrm01_circ_5525502	PS_Ct_r01_2016_12_12_L004	2	0.1304	0.0047	1.0000
HAMBI_0403_chrm01_circ_5525502	PS_Ct_r01_2017_01_09_L002	2	0.2457	0.0065	1.0000
HAMBI_0403_chrm01_circ_5525502	PS_Ct_r01_2017_02_06_L004	2	0.1121	0.0050	1.0000
HAMBI_0403_chrm01_circ_5525502	PS_Ct_r01_2017_03_06_L001	2	0.1976	0.0061	1.0000
HAMBI_0403_chrm01_circ_5525502	PS_Ct_r01_2017_04_03_L001	2	0.1241	0.0047	1.0000
HAMBI_0403_chrm01_circ_5525502	PS_Ct_r01_2017_05_29_L001	2	0.1637	0.0055	1.0000
HAMBI_0403_chrm01_circ_5525502	PS_Ct_r01_2017_07_24_L001	2	0.0781	0.0046	1.0000
HAMBI_0403_chrm01_circ_5525502	PS_Ct_r01_2017_08_21_L002	2	0.0202	0.0001	1.0000
HAMBI_0403_chrm01_circ_5565433	PS_Ct_r01_2015_08_24_L001	2	0.0000	0.0000	1.0000
HAMBI_0403_chrm01_circ_5565433	PS_Ct_r01_2015_09_21_L001	2	0.0000	0.0000	1.0000
HAMBI_0403_chrm01_circ_5565433	PS_Ct_r01_2015_10_19_L001	2	0.0000	0.0000	1.0000
HAMBI_0403_chrm01_circ_5565433	PS_Ct_r01_2015_11_16_L002	2	0.0000	0.0000	1.0000
HAMBI_0403_chrm01_circ_5565433	PS_Ct_r01_2015_12_14_L002	2	0.0000	0.0000	1.0000
HAMBI_0403_chrm01_circ_5565433	PS_Ct_r01_2016_01_11_L002	2	0.0000	0.0000	1.0000
HAMBI_0403_chrm01_circ_5565433	PS_Ct_r01_2016_02_08_L002	2	0.0000	0.0000	1.0000
HAMBI_0403_chrm01_circ_5565433	PS_Ct_r01_2016_03_07_L001	2	0.0000	0.0000	1.0000
HAMBI_0403_chrm01_circ_5565433	PS_Ct_r01_2016_04_03_L001	2	0.0103	0.0014	1.0000
HAMBI_0403_chrm01_circ_5565433	PS_Ct_r01_2016_05_04_L001	2	0.0000	0.0000	1.0000
HAMBI_0403_chrm01_circ_5565433	PS_Ct_r01_2016_05_30_L001	2	0.1819	0.0053	1.0000
HAMBI_0403_chrm01_circ_5565433	PS_Ct_r01_2016_07_25_L004	2	0.0453	0.0051	1.0000
HAMBI_0403_chrm01_circ_5565433	PS_Ct_r01_2016_08_22_L004	2	0.0977	0.0052	1.0000
HAMBI_0403_chrm01_circ_5565433	PS_Ct_r01_2016_09_19_L004	2	0.1018	0.0046	1.0000
HAMBI_0403_chrm01_circ_5565433	PS_Ct_r01_2016_10_17_L004	2	0.0756	0.0051	1.0000
HAMBI_0403_chrm01_circ_5565433	PS_Ct_r01_2016_11_14_L004	2	0.0945	0.0051	1.0000
HAMBI_0403_chrm01_circ_5565433	PS_Ct_r01_2016_12_12_L004	2	0.1304	0.0047	1.0000
HAMBI_0403_chrm01_circ_5565433	PS_Ct_r01_2017_01_09_L002	2	0.2457	0.0065	1.0000
HAMBI_0403_chrm01_circ_5565433	PS_Ct_r01_2017_02_06_L004	2	0.1121	0.0050	1.0000
HAMBI_0403_chrm01_circ_5565433	PS_Ct_r01_2017_03_06_L001	2	0.1976	0.0061	1.0000
HAMBI_0403_chrm01_circ_5565433	PS_Ct_r01_2017_04_03_L001	2	0.1241	0.0047	1.0000
HAMBI_0403_chrm01_circ_5565433	PS_Ct_r01_2017_05_29_L001	2	0.1637	0.0055	1.0000
HAMBI_0403_chrm01_circ_5565433	PS_Ct_r01_2017_07_24_L001	2	0.0781	0.0046	1.0000
HAMBI_0403_chrm01_circ_5565433	PS_Ct_r01_2017_08_21_L002	2	0.0202	0.0001	1.0000
HAMBI_0403_chrm01_circ_5679718	PS_Ct_r01_2015_08_24_L001	2	0.0000	0.0000	1.0000
HAMBI_0403_chrm01_circ_5679718	PS_Ct_r01_2015_09_21_L001	2	0.0000	0.0000	1.0000
HAMBI_0403_chrm01_circ_5679718	PS_Ct_r01_2015_10_19_L001	2	0.0000	0.0000	1.0000
HAMBI_0403_chrm01_circ_5679718	PS_Ct_r01_2015_11_16_L002	2	0.0000	0.0000	1.0000
HAMBI_0403_chrm01_circ_5679718	PS_Ct_r01_2015_12_14_L002	2	0.0000	0.0000	1.0000
HAMBI_0403_chrm01_circ_5679718	PS_Ct_r01_2016_01_11_L002	2	0.0000	0.0000	1.0000
HAMBI_0403_chrm01_circ_5679718	PS_Ct_r01_2016_02_08_L002	2	0.0000	0.0000	1.0000
HAMBI_0403_chrm01_circ_5679718	PS_Ct_r01_2016_03_07_L001	2	0.0000	0.0000	1.0000
HAMBI_0403_chrm01_circ_5679718	PS_Ct_r01_2016_04_03_L001	2	0.0103	0.0014	1.0000
HAMBI_0403_chrm01_circ_5679718	PS_Ct_r01_2016_05_04_L001	2	0.0000	0.0000	1.0000
HAMBI_0403_chrm01_circ_5679718	PS_Ct_r01_2016_05_30_L001	2	0.1819	0.0053	1.0000
HAMBI_0403_chrm01_circ_5679718	PS_Ct_r01_2016_07_25_L004	2	0.0453	0.0051	1.0000
HAMBI_0403_chrm01_circ_5679718	PS_Ct_r01_2016_08_22_L004	2	0.0977	0.0052	1.0000
HAMBI_0403_chrm01_circ_5679718	PS_Ct_r01_2016_09_19_L004	2	0.1018	0.0046	1.0000
HAMBI_0403_chrm01_circ_5679718	PS_Ct_r01_2016_10_17_L004	2	0.0756	0.0051	1.0000
HAMBI_0403_chrm01_circ_5679718	PS_Ct_r01_2016_11_14_L004	2	0.0945	0.0051	1.0000
HAMBI_0403_chrm01_circ_5679718	PS_Ct_r01_2016_12_12_L004	2	0.1304	0.0047	1.0000
HAMBI_0403_chrm01_circ_5679718	PS_Ct_r01_2017_01_09_L002	2	0.2457	0.0065	1.0000
HAMBI_0403_chrm01_circ_5679718	PS_Ct_r01_2017_02_06_L004	2	0.1121	0.0050	1.0000
HAMBI_0403_chrm01_circ_5679718	PS_Ct_r01_2017_03_06_L001	2	0.1976	0.0061	1.0000
HAMBI_0403_chrm01_circ_5679718	PS_Ct_r01_2017_04_03_L001	2	0.1241	0.0047	1.0000
HAMBI_0403_chrm01_circ_5679718	PS_Ct_r01_2017_05_29_L001	2	0.1637	0.0055	1.0000
HAMBI_0403_chrm01_circ_5679718	PS_Ct_r01_2017_07_24_L001	2	0.0781	0.0046	1.0000
HAMBI_0403_chrm01_circ_5679718	PS_Ct_r01_2017_08_21_L002	2	0.0202	0.0001	1.0000
HAMBI_0403_chrm01_circ_5746281	PS_Ct_r01_2015_08_24_L001	2	0.0000	0.0000	1.0000
HAMBI_0403_chrm01_circ_5746281	PS_Ct_r01_2015_09_21_L001	2	0.0000	0.0000	1.0000
HAMBI_0403_chrm01_circ_5746281	PS_Ct_r01_2015_10_19_L001	2	0.0000	0.0000	1.0000
HAMBI_0403_chrm01_circ_5746281	PS_Ct_r01_2015_11_16_L002	2	0.0000	0.0000	1.0000
HAMBI_0403_chrm01_circ_5746281	PS_Ct_r01_2015_12_14_L002	2	0.0000	0.0000	1.0000
HAMBI_0403_chrm01_circ_5746281	PS_Ct_r01_2016_01_11_L002	2	0.0000	0.0000	1.0000
HAMBI_0403_chrm01_circ_5746281	PS_Ct_r01_2016_02_08_L002	2	0.0000	0.0000	1.0000
HAMBI_0403_chrm01_circ_5746281	PS_Ct_r01_2016_03_07_L001	2	0.0000	0.0000	1.0000
HAMBI_0403_chrm01_circ_5746281	PS_Ct_r01_2016_04_03_L001	2	0.0103	0.0014	1.0000
HAMBI_0403_chrm01_circ_5746281	PS_Ct_r01_2016_05_04_L001	2	0.0000	0.0000	1.0000
HAMBI_0403_chrm01_circ_5746281	PS_Ct_r01_2016_05_30_L001	2	0.1819	0.0053	1.0000
HAMBI_0403_chrm01_circ_5746281	PS_Ct_r01_2016_07_25_L004	2	0.0453	0.0051	1.0000
HAMBI_0403_chrm01_circ_5746281	PS_Ct_r01_2016_08_22_L004	2	0.0977	0.0052	1.0000
HAMBI_0403_chrm01_circ_5746281	PS_Ct_r01_2016_09_19_L004	2	0.1018	0.0046	1.0000
HAMBI_0403_chrm01_circ_5746281	PS_Ct_r01_2016_10_17_L004	2	0.0756	0.0051	1.0000
HAMBI_0403_chrm01_circ_5746281	PS_Ct_r01_2016_11_14_L004	2	0.0945	0.0051	1.0000
HAMBI_0403_chrm01_circ_5746281	PS_Ct_r01_2016_12_12_L004	2	0.1304	0.0047	1.0000
HAMBI_0403_chrm01_circ_5746281	PS_Ct_r01_2017_01_09_L002	2	0.2457	0.0065	1.0000
HAMBI_0403_chrm01_circ_5746281	PS_Ct_r01_2017_02_06_L004	2	0.1121	0.0050	1.0000
HAMBI_0403_chrm01_circ_5746281	PS_Ct_r01_2017_03_06_L001	2	0.1976	0.0061	1.0000
HAMBI_0403_chrm01_circ_5746281	PS_Ct_r01_2017_04_03_L001	2	0.1241	0.0047	1.0000
HAMBI_0403_chrm01_circ_5746281	PS_Ct_r01_2017_05_29_L001	2	0.1637	0.0055	1.0000
HAMBI_0403_chrm01_circ_5746281	PS_Ct_r01_2017_07_24_L001	2	0.0781	0.0046	1.0000
HAMBI_0403_chrm01_circ_5746281	PS_Ct_r01_2017_08_21_L002	2	0.0202	0.0001	1.0000
HAMBI_0403_chrm01_circ_748255	PS_Ct_r01_2015_08_24_L001	2	0.0000	0.0000	0.9999
HAMBI_0403_chrm01_circ_748255	PS_Ct_r01_2015_09_21_L001	2	0.0000	0.0000	0.9999
HAMBI_0403_chrm01_circ_748255	PS_Ct_r01_2015_10_19_L001	2	0.0000	0.0000	0.9999
HAMBI_0403_chrm01_circ_748255	PS_Ct_r01_2015_11_16_L002	2	0.0000	0.0000	0.9999
HAMBI_0403_chrm01_circ_748255	PS_Ct_r01_2015_12_14_L002	2	0.0000	0.0000	0.9999
HAMBI_0403_chrm01_circ_748255	PS_Ct_r01_2016_01_11_L002	2	0.0000	0.0000	0.9999
HAMBI_0403_chrm01_circ_748255	PS_Ct_r01_2016_02_08_L002	2	0.0000	0.0000	0.9999
HAMBI_0403_chrm01_circ_748255	PS_Ct_r01_2016_03_07_L001	2	0.0000	0.0000	0.9999
HAMBI_0403_chrm01_circ_748255	PS_Ct_r01_2016_04_03_L001	2	0.0103	0.0014	0.9999
HAMBI_0403_chrm01_circ_748255	PS_Ct_r01_2016_05_04_L001	2	0.0000	0.0000	0.9999
HAMBI_0403_chrm01_circ_748255	PS_Ct_r01_2016_05_30_L001	2	0.1819	0.0053	0.9999
HAMBI_0403_chrm01_circ_748255	PS_Ct_r01_2016_07_25_L004	2	0.0453	0.0051	0.9999
HAMBI_0403_chrm01_circ_748255	PS_Ct_r01_2016_08_22_L004	2	0.0977	0.0052	0.9999
HAMBI_0403_chrm01_circ_748255	PS_Ct_r01_2016_09_19_L004	2	0.1018	0.0046	0.9999
HAMBI_0403_chrm01_circ_748255	PS_Ct_r01_2016_10_17_L004	2	0.0756	0.0051	0.9999
HAMBI_0403_chrm01_circ_748255	PS_Ct_r01_2016_11_14_L004	2	0.0945	0.0051	0.9999
HAMBI_0403_chrm01_circ_748255	PS_Ct_r01_2016_12_12_L004	2	0.1304	0.0047	0.9999
HAMBI_0403_chrm01_circ_748255	PS_Ct_r01_2017_01_09_L002	2	0.2457	0.0065	0.9999
HAMBI_0403_chrm01_circ_748255	PS_Ct_r01_2017_02_06_L004	2	0.1121	0.0050	0.9999
HAMBI_0403_chrm01_circ_748255	PS_Ct_r01_2017_03_06_L001	2	0.1976	0.0061	0.9999
HAMBI_0403_chrm01_circ_748255	PS_Ct_r01_2017_04_03_L001	2	0.1241	0.0047	0.9999
HAMBI_0403_chrm01_circ_748255	PS_Ct_r01_2017_05_29_L001	2	0.1637	0.0055	0.9999
HAMBI_0403_chrm01_circ_748255	PS_Ct_r01_2017_07_24_L001	2	0.0781	0.0046	0.9999
HAMBI_0403_chrm01_circ_748255	PS_Ct_r01_2017_08_21_L002	2	0.0202	0.0001	0.9999
HAMBI_0403_chrm01_circ_75944	PS_Ct_r01_2015_08_24_L001	2	0.0000	0.0000	0.9846
HAMBI_0403_chrm01_circ_75944	PS_Ct_r01_2015_09_21_L001	2	0.0000	0.0000	0.9846
HAMBI_0403_chrm01_circ_75944	PS_Ct_r01_2015_10_19_L001	2	0.0000	0.0000	0.9846
HAMBI_0403_chrm01_circ_75944	PS_Ct_r01_2015_11_16_L002	2	0.0000	0.0000	0.9846
HAMBI_0403_chrm01_circ_75944	PS_Ct_r01_2015_12_14_L002	2	0.0000	0.0000	0.9846
HAMBI_0403_chrm01_circ_75944	PS_Ct_r01_2016_01_11_L002	2	0.0000	0.0000	0.9846
HAMBI_0403_chrm01_circ_75944	PS_Ct_r01_2016_02_08_L002	2	0.0000	0.0000	0.9846
HAMBI_0403_chrm01_circ_75944	PS_Ct_r01_2016_03_07_L001	2	0.0000	0.0000	0.9846
HAMBI_0403_chrm01_circ_75944	PS_Ct_r01_2016_04_03_L001	2	0.0103	0.0014	0.9846
HAMBI_0403_chrm01_circ_75944	PS_Ct_r01_2016_05_04_L001	2	0.0000	0.0000	0.9846
HAMBI_0403_chrm01_circ_75944	PS_Ct_r01_2016_05_30_L001	2	0.1819	0.0053	0.9846
HAMBI_0403_chrm01_circ_75944	PS_Ct_r01_2016_07_25_L004	2	0.0453	0.0051	0.9846
HAMBI_0403_chrm01_circ_75944	PS_Ct_r01_2016_08_22_L004	2	0.0977	0.0052	0.9846
HAMBI_0403_chrm01_circ_75944	PS_Ct_r01_2016_09_19_L004	2	0.1018	0.0046	0.9846
HAMBI_0403_chrm01_circ_75944	PS_Ct_r01_2016_10_17_L004	2	0.0756	0.0051	0.9846
HAMBI_0403_chrm01_circ_75944	PS_Ct_r01_2016_11_14_L004	2	0.0945	0.0051	0.9846
HAMBI_0403_chrm01_circ_75944	PS_Ct_r01_2016_12_12_L004	2	0.1304	0.0047	0.9846
HAMBI_0403_chrm01_circ_75944	PS_Ct_r01_2017_01_09_L002	2	0.2457	0.0065	0.9846
HAMBI_0403_chrm01_circ_75944	PS_Ct_r01_2017_02_06_L004	2	0.1121	0.0050	0.9846
HAMBI_0403_chrm01_circ_75944	PS_Ct_r01_2017_03_06_L001	2	0.1976	0.0061	0.9846
HAMBI_0403_chrm01_circ_75944	PS_Ct_r01_2017_04_03_L001	2	0.1241	0.0047	0.9846
HAMBI_0403_chrm01_circ_75944	PS_Ct_r01_2017_05_29_L001	2	0.1637	0.0055	0.9846
HAMBI_0403_chrm01_circ_75944	PS_Ct_r01_2017_07_24_L001	2	0.0781	0.0046	0.9846
HAMBI_0403_chrm01_circ_75944	PS_Ct_r01_2017_08_21_L002	2	0.0202	0.0001	0.9846
HAMBI_0403_chrm01_circ_79505	PS_Ct_r01_2015_08_24_L001	2	0.0000	0.0000	1.0000
HAMBI_0403_chrm01_circ_79505	PS_Ct_r01_2015_09_21_L001	2	0.0000	0.0000	1.0000
HAMBI_0403_chrm01_circ_79505	PS_Ct_r01_2015_10_19_L001	2	0.0000	0.0000	1.0000
HAMBI_0403_chrm01_circ_79505	PS_Ct_r01_2015_11_16_L002	2	0.0000	0.0000	1.0000
HAMBI_0403_chrm01_circ_79505	PS_Ct_r01_2015_12_14_L002	2	0.0000	0.0000	1.0000
HAMBI_0403_chrm01_circ_79505	PS_Ct_r01_2016_01_11_L002	2	0.0000	0.0000	1.0000
HAMBI_0403_chrm01_circ_79505	PS_Ct_r01_2016_02_08_L002	2	0.0000	0.0000	1.0000
HAMBI_0403_chrm01_circ_79505	PS_Ct_r01_2016_03_07_L001	2	0.0000	0.0000	1.0000
HAMBI_0403_chrm01_circ_79505	PS_Ct_r01_2016_04_03_L001	2	0.0103	0.0014	1.0000
HAMBI_0403_chrm01_circ_79505	PS_Ct_r01_2016_05_04_L001	2	0.0000	0.0000	1.0000
HAMBI_0403_chrm01_circ_79505	PS_Ct_r01_2016_05_30_L001	2	0.1819	0.0053	1.0000
HAMBI_0403_chrm01_circ_79505	PS_Ct_r01_2016_07_25_L004	2	0.0453	0.0051	1.0000
HAMBI_0403_chrm01_circ_79505	PS_Ct_r01_2016_08_22_L004	2	0.0977	0.0052	1.0000
HAMBI_0403_chrm01_circ_79505	PS_Ct_r01_2016_09_19_L004	2	0.1018	0.0046	1.0000
HAMBI_0403_chrm01_circ_79505	PS_Ct_r01_2016_10_17_L004	2	0.0756	0.0051	1.0000
HAMBI_0403_chrm01_circ_79505	PS_Ct_r01_2016_11_14_L004	2	0.0945	0.0051	1.0000
HAMBI_0403_chrm01_circ_79505	PS_Ct_r01_2016_12_12_L004	2	0.1304	0.0047	1.0000
HAMBI_0403_chrm01_circ_79505	PS_Ct_r01_2017_01_09_L002	2	0.2457	0.0065	1.0000
HAMBI_0403_chrm01_circ_79505	PS_Ct_r01_2017_02_06_L004	2	0.1121	0.0050	1.0000
HAMBI_0403_chrm01_circ_79505	PS_Ct_r01_2017_03_06_L001	2	0.1976	0.0061	1.0000
HAMBI_0403_chrm01_circ_79505	PS_Ct_r01_2017_04_03_L001	2	0.1241	0.0047	1.0000
HAMBI_0403_chrm01_circ_79505	PS_Ct_r01_2017_05_29_L001	2	0.1637	0.0055	1.0000
HAMBI_0403_chrm01_circ_79505	PS_Ct_r01_2017_07_24_L001	2	0.0781	0.0046	1.0000
HAMBI_0403_chrm01_circ_79505	PS_Ct_r01_2017_08_21_L002	2	0.0202	0.0001	1.0000
HAMBI_0403_chrm01_circ_818838	PS_Ct_r01_2015_08_24_L001	2	0.0000	0.0000	0.9975
HAMBI_0403_chrm01_circ_818838	PS_Ct_r01_2015_09_21_L001	2	0.0000	0.0000	0.9975
HAMBI_0403_chrm01_circ_818838	PS_Ct_r01_2015_10_19_L001	2	0.0000	0.0000	0.9975
HAMBI_0403_chrm01_circ_818838	PS_Ct_r01_2015_11_16_L002	2	0.0000	0.0000	0.9975
HAMBI_0403_chrm01_circ_818838	PS_Ct_r01_2015_12_14_L002	2	0.0000	0.0000	0.9975
HAMBI_0403_chrm01_circ_818838	PS_Ct_r01_2016_01_11_L002	2	0.0000	0.0000	0.9975
HAMBI_0403_chrm01_circ_818838	PS_Ct_r01_2016_02_08_L002	2	0.0000	0.0000	0.9975
HAMBI_0403_chrm01_circ_818838	PS_Ct_r01_2016_03_07_L001	2	0.0000	0.0000	0.9975
HAMBI_0403_chrm01_circ_818838	PS_Ct_r01_2016_04_03_L001	2	0.0103	0.0014	0.9975
HAMBI_0403_chrm01_circ_818838	PS_Ct_r01_2016_05_04_L001	2	0.0000	0.0000	0.9975
HAMBI_0403_chrm01_circ_818838	PS_Ct_r01_2016_05_30_L001	2	0.1819	0.0053	0.9975
HAMBI_0403_chrm01_circ_818838	PS_Ct_r01_2016_07_25_L004	2	0.0453	0.0051	0.9975
HAMBI_0403_chrm01_circ_818838	PS_Ct_r01_2016_08_22_L004	2	0.0977	0.0052	0.9975
HAMBI_0403_chrm01_circ_818838	PS_Ct_r01_2016_09_19_L004	2	0.1018	0.0046	0.9975
HAMBI_0403_chrm01_circ_818838	PS_Ct_r01_2016_10_17_L004	2	0.0756	0.0051	0.9975
HAMBI_0403_chrm01_circ_818838	PS_Ct_r01_2016_11_14_L004	2	0.0945	0.0051	0.9975
HAMBI_0403_chrm01_circ_818838	PS_Ct_r01_2016_12_12_L004	2	0.1304	0.0047	0.9975
HAMBI_0403_chrm01_circ_818838	PS_Ct_r01_2017_01_09_L002	2	0.2457	0.0065	0.9975
HAMBI_0403_chrm01_circ_818838	PS_Ct_r01_2017_02_06_L004	2	0.1121	0.0050	0.9975
HAMBI_0403_chrm01_circ_818838	PS_Ct_r01_2017_03_06_L001	2	0.1976	0.0061	0.9975
HAMBI_0403_chrm01_circ_818838	PS_Ct_r01_2017_04_03_L001	2	0.1241	0.0047	0.9975
HAMBI_0403_chrm01_circ_818838	PS_Ct_r01_2017_05_29_L001	2	0.1637	0.0055	0.9975
HAMBI_0403_chrm01_circ_818838	PS_Ct_r01_2017_07_24_L001	2	0.0781	0.0046	0.9975
HAMBI_0403_chrm01_circ_818838	PS_Ct_r01_2017_08_21_L002	2	0.0202	0.0001	0.9975
HAMBI_0403_chrm01_circ_828862	PS_Ct_r01_2015_08_24_L001	2	0.0000	0.0000	1.0000
HAMBI_0403_chrm01_circ_828862	PS_Ct_r01_2015_09_21_L001	2	0.0000	0.0000	1.0000
HAMBI_0403_chrm01_circ_828862	PS_Ct_r01_2015_10_19_L001	2	0.0000	0.0000	1.0000
HAMBI_0403_chrm01_circ_828862	PS_Ct_r01_2015_11_16_L002	2	0.0000	0.0000	1.0000
HAMBI_0403_chrm01_circ_828862	PS_Ct_r01_2015_12_14_L002	2	0.0000	0.0000	1.0000
HAMBI_0403_chrm01_circ_828862	PS_Ct_r01_2016_01_11_L002	2	0.0000	0.0000	1.0000
HAMBI_0403_chrm01_circ_828862	PS_Ct_r01_2016_02_08_L002	2	0.0000	0.0000	1.0000
HAMBI_0403_chrm01_circ_828862	PS_Ct_r01_2016_03_07_L001	2	0.0000	0.0000	1.0000
HAMBI_0403_chrm01_circ_828862	PS_Ct_r01_2016_04_03_L001	2	0.0103	0.0014	1.0000
HAMBI_0403_chrm01_circ_828862	PS_Ct_r01_2016_05_04_L001	2	0.0000	0.0000	1.0000
HAMBI_0403_chrm01_circ_828862	PS_Ct_r01_2016_05_30_L001	2	0.1819	0.0053	1.0000
HAMBI_0403_chrm01_circ_828862	PS_Ct_r01_2016_07_25_L004	2	0.0453	0.0051	1.0000
HAMBI_0403_chrm01_circ_828862	PS_Ct_r01_2016_08_22_L004	2	0.0977	0.0052	1.0000
HAMBI_0403_chrm01_circ_828862	PS_Ct_r01_2016_09_19_L004	2	0.1018	0.0046	1.0000
HAMBI_0403_chrm01_circ_828862	PS_Ct_r01_2016_10_17_L004	2	0.0756	0.0051	1.0000
HAMBI_0403_chrm01_circ_828862	PS_Ct_r01_2016_11_14_L004	2	0.0945	0.0051	1.0000
HAMBI_0403_chrm01_circ_828862	PS_Ct_r01_2016_12_12_L004	2	0.1304	0.0047	1.0000
HAMBI_0403_chrm01_circ_828862	PS_Ct_r01_2017_01_09_L002	2	0.2457	0.0065	1.0000
HAMBI_0403_chrm01_circ_828862	PS_Ct_r01_2017_02_06_L004	2	0.1121	0.0050	1.0000
HAMBI_0403_chrm01_circ_828862	PS_Ct_r01_2017_03_06_L001	2	0.1976	0.0061	1.0000
HAMBI_0403_chrm01_circ_828862	PS_Ct_r01_2017_04_03_L001	2	0.1241	0.0047	1.0000
HAMBI_0403_chrm01_circ_828862	PS_Ct_r01_2017_05_29_L001	2	0.1637	0.0055	1.0000
HAMBI_0403_chrm01_circ_828862	PS_Ct_r01_2017_07_24_L001	2	0.0781	0.0046	1.0000
HAMBI_0403_chrm01_circ_828862	PS_Ct_r01_2017_08_21_L002	2	0.0202	0.0001	1.0000
HAMBI_0403_chrm01_circ_87505	PS_Ct_r01_2015_08_24_L001	2	0.0000	0.0000	1.0000
HAMBI_0403_chrm01_circ_87505	PS_Ct_r01_2015_09_21_L001	2	0.0000	0.0000	1.0000
HAMBI_0403_chrm01_circ_87505	PS_Ct_r01_2015_10_19_L001	2	0.0000	0.0000	1.0000
HAMBI_0403_chrm01_circ_87505	PS_Ct_r01_2015_11_16_L002	2	0.0000	0.0000	1.0000
HAMBI_0403_chrm01_circ_87505	PS_Ct_r01_2015_12_14_L002	2	0.0000	0.0000	1.0000
HAMBI_0403_chrm01_circ_87505	PS_Ct_r01_2016_01_11_L002	2	0.0000	0.0000	1.0000
HAMBI_0403_chrm01_circ_87505	PS_Ct_r01_2016_02_08_L002	2	0.0000	0.0000	1.0000
HAMBI_0403_chrm01_circ_87505	PS_Ct_r01_2016_03_07_L001	2	0.0000	0.0000	1.0000
HAMBI_0403_chrm01_circ_87505	PS_Ct_r01_2016_04_03_L001	2	0.0103	0.0014	1.0000
HAMBI_0403_chrm01_circ_87505	PS_Ct_r01_2016_05_04_L001	2	0.0000	0.0000	1.0000
HAMBI_0403_chrm01_circ_87505	PS_Ct_r01_2016_05_30_L001	2	0.1819	0.0053	1.0000
HAMBI_0403_chrm01_circ_87505	PS_Ct_r01_2016_07_25_L004	2	0.0453	0.0051	1.0000
HAMBI_0403_chrm01_circ_87505	PS_Ct_r01_2016_08_22_L004	2	0.0977	0.0052	1.0000
HAMBI_0403_chrm01_circ_87505	PS_Ct_r01_2016_09_19_L004	2	0.1018	0.0046	1.0000
HAMBI_0403_chrm01_circ_87505	PS_Ct_r01_2016_10_17_L004	2	0.0756	0.0051	1.0000
HAMBI_0403_chrm01_circ_87505	PS_Ct_r01_2016_11_14_L004	2	0.0945	0.0051	1.0000
HAMBI_0403_chrm01_circ_87505	PS_Ct_r01_2016_12_12_L004	2	0.1304	0.0047	1.0000
HAMBI_0403_chrm01_circ_87505	PS_Ct_r01_2017_01_09_L002	2	0.2457	0.0065	1.0000
HAMBI_0403_chrm01_circ_87505	PS_Ct_r01_2017_02_06_L004	2	0.1121	0.0050	1.0000
HAMBI_0403_chrm01_circ_87505	PS_Ct_r01_2017_03_06_L001	2	0.1976	0.0061	1.0000
HAMBI_0403_chrm01_circ_87505	PS_Ct_r01_2017_04_03_L001	2	0.1241	0.0047	1.0000
HAMBI_0403_chrm01_circ_87505	PS_Ct_r01_2017_05_29_L001	2	0.1637	0.0055	1.0000
HAMBI_0403_chrm01_circ_87505	PS_Ct_r01_2017_07_24_L001	2	0.0781	0.0046	1.0000
HAMBI_0403_chrm01_circ_87505	PS_Ct_r01_2017_08_21_L002	2	0.0202	0.0001	1.0000
HAMBI_0403_chrm01_circ_89252	PS_Ct_r01_2015_08_24_L001	2	0.0000	0.0000	1.0000
HAMBI_0403_chrm01_circ_89252	PS_Ct_r01_2015_09_21_L001	2	0.0000	0.0000	1.0000
HAMBI_0403_chrm01_circ_89252	PS_Ct_r01_2015_10_19_L001	2	0.0000	0.0000	1.0000
HAMBI_0403_chrm01_circ_89252	PS_Ct_r01_2015_11_16_L002	2	0.0000	0.0000	1.0000
HAMBI_0403_chrm01_circ_89252	PS_Ct_r01_2015_12_14_L002	2	0.0000	0.0000	1.0000
HAMBI_0403_chrm01_circ_89252	PS_Ct_r01_2016_01_11_L002	2	0.0000	0.0000	1.0000
HAMBI_0403_chrm01_circ_89252	PS_Ct_r01_2016_02_08_L002	2	0.0000	0.0000	1.0000
HAMBI_0403_chrm01_circ_89252	PS_Ct_r01_2016_03_07_L001	2	0.0000	0.0000	1.0000
HAMBI_0403_chrm01_circ_89252	PS_Ct_r01_2016_04_03_L001	2	0.0103	0.0014	1.0000
HAMBI_0403_chrm01_circ_89252	PS_Ct_r01_2016_05_04_L001	2	0.0000	0.0000	1.0000
HAMBI_0403_chrm01_circ_89252	PS_Ct_r01_2016_05_30_L001	2	0.1819	0.0053	1.0000
HAMBI_0403_chrm01_circ_89252	PS_Ct_r01_2016_07_25_L004	2	0.0453	0.0051	1.0000
HAMBI_0403_chrm01_circ_89252	PS_Ct_r01_2016_08_22_L004	2	0.0977	0.0052	1.0000
HAMBI_0403_chrm01_circ_89252	PS_Ct_r01_2016_09_19_L004	2	0.1018	0.0046	1.0000
HAMBI_0403_chrm01_circ_89252	PS_Ct_r01_2016_10_17_L004	2	0.0756	0.0051	1.0000
HAMBI_0403_chrm01_circ_89252	PS_Ct_r01_2016_11_14_L004	2	0.0945	0.0051	1.0000
HAMBI_0403_chrm01_circ_89252	PS_Ct_r01_2016_12_12_L004	2	0.1304	0.0047	1.0000
HAMBI_0403_chrm01_circ_89252	PS_Ct_r01_2017_01_09_L002	2	0.2457	0.0065	1.0000
HAMBI_0403_chrm01_circ_89252	PS_Ct_r01_2017_02_06_L004	2	0.1121	0.0050	1.0000
HAMBI_0403_chrm01_circ_89252	PS_Ct_r01_2017_03_06_L001	2	0.1976	0.0061	1.0000
HAMBI_0403_chrm01_circ_89252	PS_Ct_r01_2017_04_03_L001	2	0.1241	0.0047	1.0000
HAMBI_0403_chrm01_circ_89252	PS_Ct_r01_2017_05_29_L001	2	0.1637	0.0055	1.0000
HAMBI_0403_chrm01_circ_89252	PS_Ct_r01_2017_07_24_L001	2	0.0781	0.0046	1.0000
HAMBI_0403_chrm01_circ_89252	PS_Ct_r01_2017_08_21_L002	2	0.0202	0.0001	1.0000
HAMBI_0403_chrm01_circ_910694	PS_Ct_r01_2015_08_24_L001	2	0.0000	0.0000	1.0000
HAMBI_0403_chrm01_circ_910694	PS_Ct_r01_2015_09_21_L001	2	0.0000	0.0000	1.0000
HAMBI_0403_chrm01_circ_910694	PS_Ct_r01_2015_10_19_L001	2	0.0000	0.0000	1.0000
HAMBI_0403_chrm01_circ_910694	PS_Ct_r01_2015_11_16_L002	2	0.0000	0.0000	1.0000
HAMBI_0403_chrm01_circ_910694	PS_Ct_r01_2015_12_14_L002	2	0.0000	0.0000	1.0000
HAMBI_0403_chrm01_circ_910694	PS_Ct_r01_2016_01_11_L002	2	0.0000	0.0000	1.0000
HAMBI_0403_chrm01_circ_910694	PS_Ct_r01_2016_02_08_L002	2	0.0000	0.0000	1.0000
HAMBI_0403_chrm01_circ_910694	PS_Ct_r01_2016_03_07_L001	2	0.0000	0.0000	1.0000
HAMBI_0403_chrm01_circ_910694	PS_Ct_r01_2016_04_03_L001	2	0.0103	0.0014	1.0000
HAMBI_0403_chrm01_circ_910694	PS_Ct_r01_2016_05_04_L001	2	0.0000	0.0000	1.0000
HAMBI_0403_chrm01_circ_910694	PS_Ct_r01_2016_05_30_L001	2	0.1819	0.0053	1.0000
HAMBI_0403_chrm01_circ_910694	PS_Ct_r01_2016_07_25_L004	2	0.0453	0.0051	1.0000
HAMBI_0403_chrm01_circ_910694	PS_Ct_r01_2016_08_22_L004	2	0.0977	0.0052	1.0000
HAMBI_0403_chrm01_circ_910694	PS_Ct_r01_2016_09_19_L004	2	0.1018	0.0046	1.0000
HAMBI_0403_chrm01_circ_910694	PS_Ct_r01_2016_10_17_L004	2	0.0756	0.0051	1.0000
HAMBI_0403_chrm01_circ_910694	PS_Ct_r01_2016_11_14_L004	2	0.0945	0.0051	1.0000
HAMBI_0403_chrm01_circ_910694	PS_Ct_r01_2016_12_12_L004	2	0.1304	0.0047	1.0000
HAMBI_0403_chrm01_circ_910694	PS_Ct_r01_2017_01_09_L002	2	0.2457	0.0065	1.0000
HAMBI_0403_chrm01_circ_910694	PS_Ct_r01_2017_02_06_L004	2	0.1121	0.0050	1.0000
HAMBI_0403_chrm01_circ_910694	PS_Ct_r01_2017_03_06_L001	2	0.1976	0.0061	1.0000
HAMBI_0403_chrm01_circ_910694	PS_Ct_r01_2017_04_03_L001	2	0.1241	0.0047	1.0000
HAMBI_0403_chrm01_circ_910694	PS_Ct_r01_2017_05_29_L001	2	0.1637	0.0055	1.0000
HAMBI_0403_chrm01_circ_910694	PS_Ct_r01_2017_07_24_L001	2	0.0781	0.0046	1.0000
HAMBI_0403_chrm01_circ_910694	PS_Ct_r01_2017_08_21_L002	2	0.0202	0.0001	1.0000
HAMBI_0403_chrm01_circ_918602	PS_Ct_r01_2015_08_24_L001	2	0.0000	0.0000	1.0000
HAMBI_0403_chrm01_circ_918602	PS_Ct_r01_2015_09_21_L001	2	0.0000	0.0000	1.0000
HAMBI_0403_chrm01_circ_918602	PS_Ct_r01_2015_10_19_L001	2	0.0000	0.0000	1.0000
HAMBI_0403_chrm01_circ_918602	PS_Ct_r01_2015_11_16_L002	2	0.0000	0.0000	1.0000
HAMBI_0403_chrm01_circ_918602	PS_Ct_r01_2015_12_14_L002	2	0.0000	0.0000	1.0000
HAMBI_0403_chrm01_circ_918602	PS_Ct_r01_2016_01_11_L002	2	0.0000	0.0000	1.0000
HAMBI_0403_chrm01_circ_918602	PS_Ct_r01_2016_02_08_L002	2	0.0000	0.0000	1.0000
HAMBI_0403_chrm01_circ_918602	PS_Ct_r01_2016_03_07_L001	2	0.0000	0.0000	1.0000
HAMBI_0403_chrm01_circ_918602	PS_Ct_r01_2016_04_03_L001	2	0.0103	0.0014	1.0000
HAMBI_0403_chrm01_circ_918602	PS_Ct_r01_2016_05_04_L001	2	0.0000	0.0000	1.0000
HAMBI_0403_chrm01_circ_918602	PS_Ct_r01_2016_05_30_L001	2	0.1819	0.0053	1.0000
HAMBI_0403_chrm01_circ_918602	PS_Ct_r01_2016_07_25_L004	2	0.0453	0.0051	1.0000
HAMBI_0403_chrm01_circ_918602	PS_Ct_r01_2016_08_22_L004	2	0.0977	0.0052	1.0000
HAMBI_0403_chrm01_circ_918602	PS_Ct_r01_2016_09_19_L004	2	0.1018	0.0046	1.0000
HAMBI_0403_chrm01_circ_918602	PS_Ct_r01_2016_10_17_L004	2	0.0756	0.0051	1.0000
HAMBI_0403_chrm01_circ_918602	PS_Ct_r01_2016_11_14_L004	2	0.0945	0.0051	1.0000
HAMBI_0403_chrm01_circ_918602	PS_Ct_r01_2016_12_12_L004	2	0.1304	0.0047	1.0000
HAMBI_0403_chrm01_circ_918602	PS_Ct_r01_2017_01_09_L002	2	0.2457	0.0065	1.0000
HAMBI_0403_chrm01_circ_918602	PS_Ct_r01_2017_02_06_L004	2	0.1121	0.0050	1.0000
HAMBI_0403_chrm01_circ_918602	PS_Ct_r01_2017_03_06_L001	2	0.1976	0.0061	1.0000
HAMBI_0403_chrm01_circ_918602	PS_Ct_r01_2017_04_03_L001	2	0.1241	0.0047	1.0000
HAMBI_0403_chrm01_circ_918602	PS_Ct_r01_2017_05_29_L001	2	0.1637	0.0055	1.0000
HAMBI_0403_chrm01_circ_918602	PS_Ct_r01_2017_07_24_L001	2	0.0781	0.0046	1.0000
HAMBI_0403_chrm01_circ_918602	PS_Ct_r01_2017_08_21_L002	2	0.0202	0.0001	1.0000
HAMBI_0403_chrm01_circ_1051681	PS_Ct_r01_2015_08_24_L001	3	0.0000	0.0000	1.0000
HAMBI_0403_chrm01_circ_1051681	PS_Ct_r01_2015_09_21_L001	3	0.0000	0.0000	1.0000
HAMBI_0403_chrm01_circ_1051681	PS_Ct_r01_2015_10_19_L001	3	0.0003	0.0017	1.0000
HAMBI_0403_chrm01_circ_1051681	PS_Ct_r01_2015_11_16_L002	3	0.0000	0.0000	1.0000
HAMBI_0403_chrm01_circ_1051681	PS_Ct_r01_2015_12_14_L002	3	0.0101	0.0000	1.0000
HAMBI_0403_chrm01_circ_1051681	PS_Ct_r01_2016_01_11_L002	3	0.0775	0.0048	1.0000
HAMBI_0403_chrm01_circ_1051681	PS_Ct_r01_2016_02_08_L002	3	0.0986	0.0046	1.0000
HAMBI_0403_chrm01_circ_1051681	PS_Ct_r01_2016_03_07_L001	3	0.0165	0.0049	1.0000
HAMBI_0403_chrm01_circ_1051681	PS_Ct_r01_2016_04_03_L001	3	0.0719	0.0033	1.0000
HAMBI_0403_chrm01_circ_1051681	PS_Ct_r01_2016_05_04_L001	3	0.0000	0.0000	1.0000
HAMBI_0403_chrm01_circ_1051681	PS_Ct_r01_2016_05_30_L001	3	0.3281	0.0075	1.0000
HAMBI_0403_chrm01_circ_1051681	PS_Ct_r01_2016_07_25_L004	3	0.0611	0.0035	1.0000
HAMBI_0403_chrm01_circ_1051681	PS_Ct_r01_2016_08_22_L004	3	0.0982	0.0057	1.0000
HAMBI_0403_chrm01_circ_1051681	PS_Ct_r01_2016_09_19_L004	3	0.0966	0.0058	1.0000
HAMBI_0403_chrm01_circ_1051681	PS_Ct_r01_2016_10_17_L004	3	0.0928	0.0052	1.0000
HAMBI_0403_chrm01_circ_1051681	PS_Ct_r01_2016_11_14_L004	3	0.1024	0.0053	1.0000
HAMBI_0403_chrm01_circ_1051681	PS_Ct_r01_2016_12_12_L004	3	0.1409	0.0059	1.0000
HAMBI_0403_chrm01_circ_1051681	PS_Ct_r01_2017_01_09_L002	3	0.2577	0.0075	1.0000
HAMBI_0403_chrm01_circ_1051681	PS_Ct_r01_2017_02_06_L004	3	0.1088	0.0060	1.0000
HAMBI_0403_chrm01_circ_1051681	PS_Ct_r01_2017_03_06_L001	3	0.1905	0.0068	1.0000
HAMBI_0403_chrm01_circ_1051681	PS_Ct_r01_2017_04_03_L001	3	0.1230	0.0049	1.0000
HAMBI_0403_chrm01_circ_1051681	PS_Ct_r01_2017_05_29_L001	3	0.1709	0.0063	1.0000
HAMBI_0403_chrm01_circ_1051681	PS_Ct_r01_2017_07_24_L001	3	0.1014	0.0049	1.0000
HAMBI_0403_chrm01_circ_1051681	PS_Ct_r01_2017_08_21_L002	3	0.0391	0.0035	1.0000
HAMBI_0403_chrm01_circ_1073646	PS_Ct_r01_2015_08_24_L001	3	0.0000	0.0000	1.0000
HAMBI_0403_chrm01_circ_1073646	PS_Ct_r01_2015_09_21_L001	3	0.0000	0.0000	1.0000
HAMBI_0403_chrm01_circ_1073646	PS_Ct_r01_2015_10_19_L001	3	0.0003	0.0017	1.0000
HAMBI_0403_chrm01_circ_1073646	PS_Ct_r01_2015_11_16_L002	3	0.0000	0.0000	1.0000
HAMBI_0403_chrm01_circ_1073646	PS_Ct_r01_2015_12_14_L002	3	0.0101	0.0000	1.0000
HAMBI_0403_chrm01_circ_1073646	PS_Ct_r01_2016_01_11_L002	3	0.0775	0.0048	1.0000
HAMBI_0403_chrm01_circ_1073646	PS_Ct_r01_2016_02_08_L002	3	0.0986	0.0046	1.0000
HAMBI_0403_chrm01_circ_1073646	PS_Ct_r01_2016_03_07_L001	3	0.0165	0.0049	1.0000
HAMBI_0403_chrm01_circ_1073646	PS_Ct_r01_2016_04_03_L001	3	0.0719	0.0033	1.0000
HAMBI_0403_chrm01_circ_1073646	PS_Ct_r01_2016_05_04_L001	3	0.0000	0.0000	1.0000
HAMBI_0403_chrm01_circ_1073646	PS_Ct_r01_2016_05_30_L001	3	0.3281	0.0075	1.0000
HAMBI_0403_chrm01_circ_1073646	PS_Ct_r01_2016_07_25_L004	3	0.0611	0.0035	1.0000
HAMBI_0403_chrm01_circ_1073646	PS_Ct_r01_2016_08_22_L004	3	0.0982	0.0057	1.0000
HAMBI_0403_chrm01_circ_1073646	PS_Ct_r01_2016_09_19_L004	3	0.0966	0.0058	1.0000
HAMBI_0403_chrm01_circ_1073646	PS_Ct_r01_2016_10_17_L004	3	0.0928	0.0052	1.0000
HAMBI_0403_chrm01_circ_1073646	PS_Ct_r01_2016_11_14_L004	3	0.1024	0.0053	1.0000
HAMBI_0403_chrm01_circ_1073646	PS_Ct_r01_2016_12_12_L004	3	0.1409	0.0059	1.0000
HAMBI_0403_chrm01_circ_1073646	PS_Ct_r01_2017_01_09_L002	3	0.2577	0.0075	1.0000
HAMBI_0403_chrm01_circ_1073646	PS_Ct_r01_2017_02_06_L004	3	0.1088	0.0060	1.0000
HAMBI_0403_chrm01_circ_1073646	PS_Ct_r01_2017_03_06_L001	3	0.1905	0.0068	1.0000
HAMBI_0403_chrm01_circ_1073646	PS_Ct_r01_2017_04_03_L001	3	0.1230	0.0049	1.0000
HAMBI_0403_chrm01_circ_1073646	PS_Ct_r01_2017_05_29_L001	3	0.1709	0.0063	1.0000
HAMBI_0403_chrm01_circ_1073646	PS_Ct_r01_2017_07_24_L001	3	0.1014	0.0049	1.0000
HAMBI_0403_chrm01_circ_1073646	PS_Ct_r01_2017_08_21_L002	3	0.0391	0.0035	1.0000
HAMBI_0403_chrm01_circ_1176136	PS_Ct_r01_2015_08_24_L001	3	0.0000	0.0000	1.0000
HAMBI_0403_chrm01_circ_1176136	PS_Ct_r01_2015_09_21_L001	3	0.0000	0.0000	1.0000
HAMBI_0403_chrm01_circ_1176136	PS_Ct_r01_2015_10_19_L001	3	0.0003	0.0017	1.0000
HAMBI_0403_chrm01_circ_1176136	PS_Ct_r01_2015_11_16_L002	3	0.0000	0.0000	1.0000
HAMBI_0403_chrm01_circ_1176136	PS_Ct_r01_2015_12_14_L002	3	0.0101	0.0000	1.0000
HAMBI_0403_chrm01_circ_1176136	PS_Ct_r01_2016_01_11_L002	3	0.0775	0.0048	1.0000
HAMBI_0403_chrm01_circ_1176136	PS_Ct_r01_2016_02_08_L002	3	0.0986	0.0046	1.0000
HAMBI_0403_chrm01_circ_1176136	PS_Ct_r01_2016_03_07_L001	3	0.0165	0.0049	1.0000
HAMBI_0403_chrm01_circ_1176136	PS_Ct_r01_2016_04_03_L001	3	0.0719	0.0033	1.0000
HAMBI_0403_chrm01_circ_1176136	PS_Ct_r01_2016_05_04_L001	3	0.0000	0.0000	1.0000
HAMBI_0403_chrm01_circ_1176136	PS_Ct_r01_2016_05_30_L001	3	0.3281	0.0075	1.0000
HAMBI_0403_chrm01_circ_1176136	PS_Ct_r01_2016_07_25_L004	3	0.0611	0.0035	1.0000
HAMBI_0403_chrm01_circ_1176136	PS_Ct_r01_2016_08_22_L004	3	0.0982	0.0057	1.0000
HAMBI_0403_chrm01_circ_1176136	PS_Ct_r01_2016_09_19_L004	3	0.0966	0.0058	1.0000
HAMBI_0403_chrm01_circ_1176136	PS_Ct_r01_2016_10_17_L004	3	0.0928	0.0052	1.0000
HAMBI_0403_chrm01_circ_1176136	PS_Ct_r01_2016_11_14_L004	3	0.1024	0.0053	1.0000
HAMBI_0403_chrm01_circ_1176136	PS_Ct_r01_2016_12_12_L004	3	0.1409	0.0059	1.0000
HAMBI_0403_chrm01_circ_1176136	PS_Ct_r01_2017_01_09_L002	3	0.2577	0.0075	1.0000
HAMBI_0403_chrm01_circ_1176136	PS_Ct_r01_2017_02_06_L004	3	0.1088	0.0060	1.0000
HAMBI_0403_chrm01_circ_1176136	PS_Ct_r01_2017_03_06_L001	3	0.1905	0.0068	1.0000
HAMBI_0403_chrm01_circ_1176136	PS_Ct_r01_2017_04_03_L001	3	0.1230	0.0049	1.0000
HAMBI_0403_chrm01_circ_1176136	PS_Ct_r01_2017_05_29_L001	3	0.1709	0.0063	1.0000
HAMBI_0403_chrm01_circ_1176136	PS_Ct_r01_2017_07_24_L001	3	0.1014	0.0049	1.0000
HAMBI_0403_chrm01_circ_1176136	PS_Ct_r01_2017_08_21_L002	3	0.0391	0.0035	1.0000
HAMBI_0403_chrm01_circ_1179990	PS_Ct_r01_2015_08_24_L001	3	0.0000	0.0000	1.0000
HAMBI_0403_chrm01_circ_1179990	PS_Ct_r01_2015_09_21_L001	3	0.0000	0.0000	1.0000
HAMBI_0403_chrm01_circ_1179990	PS_Ct_r01_2015_10_19_L001	3	0.0003	0.0017	1.0000
HAMBI_0403_chrm01_circ_1179990	PS_Ct_r01_2015_11_16_L002	3	0.0000	0.0000	1.0000
HAMBI_0403_chrm01_circ_1179990	PS_Ct_r01_2015_12_14_L002	3	0.0101	0.0000	1.0000
HAMBI_0403_chrm01_circ_1179990	PS_Ct_r01_2016_01_11_L002	3	0.0775	0.0048	1.0000
HAMBI_0403_chrm01_circ_1179990	PS_Ct_r01_2016_02_08_L002	3	0.0986	0.0046	1.0000
HAMBI_0403_chrm01_circ_1179990	PS_Ct_r01_2016_03_07_L001	3	0.0165	0.0049	1.0000
HAMBI_0403_chrm01_circ_1179990	PS_Ct_r01_2016_04_03_L001	3	0.0719	0.0033	1.0000
HAMBI_0403_chrm01_circ_1179990	PS_Ct_r01_2016_05_04_L001	3	0.0000	0.0000	1.0000
HAMBI_0403_chrm01_circ_1179990	PS_Ct_r01_2016_05_30_L001	3	0.3281	0.0075	1.0000
HAMBI_0403_chrm01_circ_1179990	PS_Ct_r01_2016_07_25_L004	3	0.0611	0.0035	1.0000
HAMBI_0403_chrm01_circ_1179990	PS_Ct_r01_2016_08_22_L004	3	0.0982	0.0057	1.0000
HAMBI_0403_chrm01_circ_1179990	PS_Ct_r01_2016_09_19_L004	3	0.0966	0.0058	1.0000
HAMBI_0403_chrm01_circ_1179990	PS_Ct_r01_2016_10_17_L004	3	0.0928	0.0052	1.0000
HAMBI_0403_chrm01_circ_1179990	PS_Ct_r01_2016_11_14_L004	3	0.1024	0.0053	1.0000
HAMBI_0403_chrm01_circ_1179990	PS_Ct_r01_2016_12_12_L004	3	0.1409	0.0059	1.0000
HAMBI_0403_chrm01_circ_1179990	PS_Ct_r01_2017_01_09_L002	3	0.2577	0.0075	1.0000
HAMBI_0403_chrm01_circ_1179990	PS_Ct_r01_2017_02_06_L004	3	0.1088	0.0060	1.0000
HAMBI_0403_chrm01_circ_1179990	PS_Ct_r01_2017_03_06_L001	3	0.1905	0.0068	1.0000
HAMBI_0403_chrm01_circ_1179990	PS_Ct_r01_2017_04_03_L001	3	0.1230	0.0049	1.0000
HAMBI_0403_chrm01_circ_1179990	PS_Ct_r01_2017_05_29_L001	3	0.1709	0.0063	1.0000
HAMBI_0403_chrm01_circ_1179990	PS_Ct_r01_2017_07_24_L001	3	0.1014	0.0049	1.0000
HAMBI_0403_chrm01_circ_1179990	PS_Ct_r01_2017_08_21_L002	3	0.0391	0.0035	1.0000
HAMBI_0403_chrm01_circ_1182972	PS_Ct_r01_2015_08_24_L001	3	0.0000	0.0000	1.0000
HAMBI_0403_chrm01_circ_1182972	PS_Ct_r01_2015_09_21_L001	3	0.0000	0.0000	1.0000
HAMBI_0403_chrm01_circ_1182972	PS_Ct_r01_2015_10_19_L001	3	0.0003	0.0017	1.0000
HAMBI_0403_chrm01_circ_1182972	PS_Ct_r01_2015_11_16_L002	3	0.0000	0.0000	1.0000
HAMBI_0403_chrm01_circ_1182972	PS_Ct_r01_2015_12_14_L002	3	0.0101	0.0000	1.0000
HAMBI_0403_chrm01_circ_1182972	PS_Ct_r01_2016_01_11_L002	3	0.0775	0.0048	1.0000
HAMBI_0403_chrm01_circ_1182972	PS_Ct_r01_2016_02_08_L002	3	0.0986	0.0046	1.0000
HAMBI_0403_chrm01_circ_1182972	PS_Ct_r01_2016_03_07_L001	3	0.0165	0.0049	1.0000
HAMBI_0403_chrm01_circ_1182972	PS_Ct_r01_2016_04_03_L001	3	0.0719	0.0033	1.0000
HAMBI_0403_chrm01_circ_1182972	PS_Ct_r01_2016_05_04_L001	3	0.0000	0.0000	1.0000
HAMBI_0403_chrm01_circ_1182972	PS_Ct_r01_2016_05_30_L001	3	0.3281	0.0075	1.0000
HAMBI_0403_chrm01_circ_1182972	PS_Ct_r01_2016_07_25_L004	3	0.0611	0.0035	1.0000
HAMBI_0403_chrm01_circ_1182972	PS_Ct_r01_2016_08_22_L004	3	0.0982	0.0057	1.0000
HAMBI_0403_chrm01_circ_1182972	PS_Ct_r01_2016_09_19_L004	3	0.0966	0.0058	1.0000
HAMBI_0403_chrm01_circ_1182972	PS_Ct_r01_2016_10_17_L004	3	0.0928	0.0052	1.0000
HAMBI_0403_chrm01_circ_1182972	PS_Ct_r01_2016_11_14_L004	3	0.1024	0.0053	1.0000
HAMBI_0403_chrm01_circ_1182972	PS_Ct_r01_2016_12_12_L004	3	0.1409	0.0059	1.0000
HAMBI_0403_chrm01_circ_1182972	PS_Ct_r01_2017_01_09_L002	3	0.2577	0.0075	1.0000
HAMBI_0403_chrm01_circ_1182972	PS_Ct_r01_2017_02_06_L004	3	0.1088	0.0060	1.0000
HAMBI_0403_chrm01_circ_1182972	PS_Ct_r01_2017_03_06_L001	3	0.1905	0.0068	1.0000
HAMBI_0403_chrm01_circ_1182972	PS_Ct_r01_2017_04_03_L001	3	0.1230	0.0049	1.0000
HAMBI_0403_chrm01_circ_1182972	PS_Ct_r01_2017_05_29_L001	3	0.1709	0.0063	1.0000
HAMBI_0403_chrm01_circ_1182972	PS_Ct_r01_2017_07_24_L001	3	0.1014	0.0049	1.0000
HAMBI_0403_chrm01_circ_1182972	PS_Ct_r01_2017_08_21_L002	3	0.0391	0.0035	1.0000
HAMBI_0403_chrm01_circ_1443110	PS_Ct_r01_2015_08_24_L001	3	0.0000	0.0000	1.0000
HAMBI_0403_chrm01_circ_1443110	PS_Ct_r01_2015_09_21_L001	3	0.0000	0.0000	1.0000
HAMBI_0403_chrm01_circ_1443110	PS_Ct_r01_2015_10_19_L001	3	0.0003	0.0017	1.0000
HAMBI_0403_chrm01_circ_1443110	PS_Ct_r01_2015_11_16_L002	3	0.0000	0.0000	1.0000
HAMBI_0403_chrm01_circ_1443110	PS_Ct_r01_2015_12_14_L002	3	0.0101	0.0000	1.0000
HAMBI_0403_chrm01_circ_1443110	PS_Ct_r01_2016_01_11_L002	3	0.0775	0.0048	1.0000
HAMBI_0403_chrm01_circ_1443110	PS_Ct_r01_2016_02_08_L002	3	0.0986	0.0046	1.0000
HAMBI_0403_chrm01_circ_1443110	PS_Ct_r01_2016_03_07_L001	3	0.0165	0.0049	1.0000
HAMBI_0403_chrm01_circ_1443110	PS_Ct_r01_2016_04_03_L001	3	0.0719	0.0033	1.0000
HAMBI_0403_chrm01_circ_1443110	PS_Ct_r01_2016_05_04_L001	3	0.0000	0.0000	1.0000
HAMBI_0403_chrm01_circ_1443110	PS_Ct_r01_2016_05_30_L001	3	0.3281	0.0075	1.0000
HAMBI_0403_chrm01_circ_1443110	PS_Ct_r01_2016_07_25_L004	3	0.0611	0.0035	1.0000
HAMBI_0403_chrm01_circ_1443110	PS_Ct_r01_2016_08_22_L004	3	0.0982	0.0057	1.0000
HAMBI_0403_chrm01_circ_1443110	PS_Ct_r01_2016_09_19_L004	3	0.0966	0.0058	1.0000
HAMBI_0403_chrm01_circ_1443110	PS_Ct_r01_2016_10_17_L004	3	0.0928	0.0052	1.0000
HAMBI_0403_chrm01_circ_1443110	PS_Ct_r01_2016_11_14_L004	3	0.1024	0.0053	1.0000
HAMBI_0403_chrm01_circ_1443110	PS_Ct_r01_2016_12_12_L004	3	0.1409	0.0059	1.0000
HAMBI_0403_chrm01_circ_1443110	PS_Ct_r01_2017_01_09_L002	3	0.2577	0.0075	1.0000
HAMBI_0403_chrm01_circ_1443110	PS_Ct_r01_2017_02_06_L004	3	0.1088	0.0060	1.0000
HAMBI_0403_chrm01_circ_1443110	PS_Ct_r01_2017_03_06_L001	3	0.1905	0.0068	1.0000
HAMBI_0403_chrm01_circ_1443110	PS_Ct_r01_2017_04_03_L001	3	0.1230	0.0049	1.0000
HAMBI_0403_chrm01_circ_1443110	PS_Ct_r01_2017_05_29_L001	3	0.1709	0.0063	1.0000
HAMBI_0403_chrm01_circ_1443110	PS_Ct_r01_2017_07_24_L001	3	0.1014	0.0049	1.0000
HAMBI_0403_chrm01_circ_1443110	PS_Ct_r01_2017_08_21_L002	3	0.0391	0.0035	1.0000
HAMBI_0403_chrm01_circ_1502317	PS_Ct_r01_2015_08_24_L001	3	0.0000	0.0000	1.0000
HAMBI_0403_chrm01_circ_1502317	PS_Ct_r01_2015_09_21_L001	3	0.0000	0.0000	1.0000
HAMBI_0403_chrm01_circ_1502317	PS_Ct_r01_2015_10_19_L001	3	0.0003	0.0017	1.0000
HAMBI_0403_chrm01_circ_1502317	PS_Ct_r01_2015_11_16_L002	3	0.0000	0.0000	1.0000
HAMBI_0403_chrm01_circ_1502317	PS_Ct_r01_2015_12_14_L002	3	0.0101	0.0000	1.0000
HAMBI_0403_chrm01_circ_1502317	PS_Ct_r01_2016_01_11_L002	3	0.0775	0.0048	1.0000
HAMBI_0403_chrm01_circ_1502317	PS_Ct_r01_2016_02_08_L002	3	0.0986	0.0046	1.0000
HAMBI_0403_chrm01_circ_1502317	PS_Ct_r01_2016_03_07_L001	3	0.0165	0.0049	1.0000
HAMBI_0403_chrm01_circ_1502317	PS_Ct_r01_2016_04_03_L001	3	0.0719	0.0033	1.0000
HAMBI_0403_chrm01_circ_1502317	PS_Ct_r01_2016_05_04_L001	3	0.0000	0.0000	1.0000
HAMBI_0403_chrm01_circ_1502317	PS_Ct_r01_2016_05_30_L001	3	0.3281	0.0075	1.0000
HAMBI_0403_chrm01_circ_1502317	PS_Ct_r01_2016_07_25_L004	3	0.0611	0.0035	1.0000
HAMBI_0403_chrm01_circ_1502317	PS_Ct_r01_2016_08_22_L004	3	0.0982	0.0057	1.0000
HAMBI_0403_chrm01_circ_1502317	PS_Ct_r01_2016_09_19_L004	3	0.0966	0.0058	1.0000
HAMBI_0403_chrm01_circ_1502317	PS_Ct_r01_2016_10_17_L004	3	0.0928	0.0052	1.0000
HAMBI_0403_chrm01_circ_1502317	PS_Ct_r01_2016_11_14_L004	3	0.1024	0.0053	1.0000
HAMBI_0403_chrm01_circ_1502317	PS_Ct_r01_2016_12_12_L004	3	0.1409	0.0059	1.0000
HAMBI_0403_chrm01_circ_1502317	PS_Ct_r01_2017_01_09_L002	3	0.2577	0.0075	1.0000
HAMBI_0403_chrm01_circ_1502317	PS_Ct_r01_2017_02_06_L004	3	0.1088	0.0060	1.0000
HAMBI_0403_chrm01_circ_1502317	PS_Ct_r01_2017_03_06_L001	3	0.1905	0.0068	1.0000
HAMBI_0403_chrm01_circ_1502317	PS_Ct_r01_2017_04_03_L001	3	0.1230	0.0049	1.0000
HAMBI_0403_chrm01_circ_1502317	PS_Ct_r01_2017_05_29_L001	3	0.1709	0.0063	1.0000
HAMBI_0403_chrm01_circ_1502317	PS_Ct_r01_2017_07_24_L001	3	0.1014	0.0049	1.0000
HAMBI_0403_chrm01_circ_1502317	PS_Ct_r01_2017_08_21_L002	3	0.0391	0.0035	1.0000
HAMBI_0403_chrm01_circ_1759801	PS_Ct_r01_2015_08_24_L001	3	0.0000	0.0000	1.0000
HAMBI_0403_chrm01_circ_1759801	PS_Ct_r01_2015_09_21_L001	3	0.0000	0.0000	1.0000
HAMBI_0403_chrm01_circ_1759801	PS_Ct_r01_2015_10_19_L001	3	0.0003	0.0017	1.0000
HAMBI_0403_chrm01_circ_1759801	PS_Ct_r01_2015_11_16_L002	3	0.0000	0.0000	1.0000
HAMBI_0403_chrm01_circ_1759801	PS_Ct_r01_2015_12_14_L002	3	0.0101	0.0000	1.0000
HAMBI_0403_chrm01_circ_1759801	PS_Ct_r01_2016_01_11_L002	3	0.0775	0.0048	1.0000
HAMBI_0403_chrm01_circ_1759801	PS_Ct_r01_2016_02_08_L002	3	0.0986	0.0046	1.0000
HAMBI_0403_chrm01_circ_1759801	PS_Ct_r01_2016_03_07_L001	3	0.0165	0.0049	1.0000
HAMBI_0403_chrm01_circ_1759801	PS_Ct_r01_2016_04_03_L001	3	0.0719	0.0033	1.0000
HAMBI_0403_chrm01_circ_1759801	PS_Ct_r01_2016_05_04_L001	3	0.0000	0.0000	1.0000
HAMBI_0403_chrm01_circ_1759801	PS_Ct_r01_2016_05_30_L001	3	0.3281	0.0075	1.0000
HAMBI_0403_chrm01_circ_1759801	PS_Ct_r01_2016_07_25_L004	3	0.0611	0.0035	1.0000
HAMBI_0403_chrm01_circ_1759801	PS_Ct_r01_2016_08_22_L004	3	0.0982	0.0057	1.0000
HAMBI_0403_chrm01_circ_1759801	PS_Ct_r01_2016_09_19_L004	3	0.0966	0.0058	1.0000
HAMBI_0403_chrm01_circ_1759801	PS_Ct_r01_2016_10_17_L004	3	0.0928	0.0052	1.0000
HAMBI_0403_chrm01_circ_1759801	PS_Ct_r01_2016_11_14_L004	3	0.1024	0.0053	1.0000
HAMBI_0403_chrm01_circ_1759801	PS_Ct_r01_2016_12_12_L004	3	0.1409	0.0059	1.0000
HAMBI_0403_chrm01_circ_1759801	PS_Ct_r01_2017_01_09_L002	3	0.2577	0.0075	1.0000
HAMBI_0403_chrm01_circ_1759801	PS_Ct_r01_2017_02_06_L004	3	0.1088	0.0060	1.0000
HAMBI_0403_chrm01_circ_1759801	PS_Ct_r01_2017_03_06_L001	3	0.1905	0.0068	1.0000
HAMBI_0403_chrm01_circ_1759801	PS_Ct_r01_2017_04_03_L001	3	0.1230	0.0049	1.0000
HAMBI_0403_chrm01_circ_1759801	PS_Ct_r01_2017_05_29_L001	3	0.1709	0.0063	1.0000
HAMBI_0403_chrm01_circ_1759801	PS_Ct_r01_2017_07_24_L001	3	0.1014	0.0049	1.0000
HAMBI_0403_chrm01_circ_1759801	PS_Ct_r01_2017_08_21_L002	3	0.0391	0.0035	1.0000
HAMBI_0403_chrm01_circ_1759826	PS_Ct_r01_2015_08_24_L001	3	0.0000	0.0000	1.0000
HAMBI_0403_chrm01_circ_1759826	PS_Ct_r01_2015_09_21_L001	3	0.0000	0.0000	1.0000
HAMBI_0403_chrm01_circ_1759826	PS_Ct_r01_2015_10_19_L001	3	0.0003	0.0017	1.0000
HAMBI_0403_chrm01_circ_1759826	PS_Ct_r01_2015_11_16_L002	3	0.0000	0.0000	1.0000
HAMBI_0403_chrm01_circ_1759826	PS_Ct_r01_2015_12_14_L002	3	0.0101	0.0000	1.0000
HAMBI_0403_chrm01_circ_1759826	PS_Ct_r01_2016_01_11_L002	3	0.0775	0.0048	1.0000
HAMBI_0403_chrm01_circ_1759826	PS_Ct_r01_2016_02_08_L002	3	0.0986	0.0046	1.0000
HAMBI_0403_chrm01_circ_1759826	PS_Ct_r01_2016_03_07_L001	3	0.0165	0.0049	1.0000
HAMBI_0403_chrm01_circ_1759826	PS_Ct_r01_2016_04_03_L001	3	0.0719	0.0033	1.0000
HAMBI_0403_chrm01_circ_1759826	PS_Ct_r01_2016_05_04_L001	3	0.0000	0.0000	1.0000
HAMBI_0403_chrm01_circ_1759826	PS_Ct_r01_2016_05_30_L001	3	0.3281	0.0075	1.0000
HAMBI_0403_chrm01_circ_1759826	PS_Ct_r01_2016_07_25_L004	3	0.0611	0.0035	1.0000
HAMBI_0403_chrm01_circ_1759826	PS_Ct_r01_2016_08_22_L004	3	0.0982	0.0057	1.0000
HAMBI_0403_chrm01_circ_1759826	PS_Ct_r01_2016_09_19_L004	3	0.0966	0.0058	1.0000
HAMBI_0403_chrm01_circ_1759826	PS_Ct_r01_2016_10_17_L004	3	0.0928	0.0052	1.0000
HAMBI_0403_chrm01_circ_1759826	PS_Ct_r01_2016_11_14_L004	3	0.1024	0.0053	1.0000
HAMBI_0403_chrm01_circ_1759826	PS_Ct_r01_2016_12_12_L004	3	0.1409	0.0059	1.0000
HAMBI_0403_chrm01_circ_1759826	PS_Ct_r01_2017_01_09_L002	3	0.2577	0.0075	1.0000
HAMBI_0403_chrm01_circ_1759826	PS_Ct_r01_2017_02_06_L004	3	0.1088	0.0060	1.0000
HAMBI_0403_chrm01_circ_1759826	PS_Ct_r01_2017_03_06_L001	3	0.1905	0.0068	1.0000
HAMBI_0403_chrm01_circ_1759826	PS_Ct_r01_2017_04_03_L001	3	0.1230	0.0049	1.0000
HAMBI_0403_chrm01_circ_1759826	PS_Ct_r01_2017_05_29_L001	3	0.1709	0.0063	1.0000
HAMBI_0403_chrm01_circ_1759826	PS_Ct_r01_2017_07_24_L001	3	0.1014	0.0049	1.0000
HAMBI_0403_chrm01_circ_1759826	PS_Ct_r01_2017_08_21_L002	3	0.0391	0.0035	1.0000
HAMBI_0403_chrm01_circ_1759846	PS_Ct_r01_2015_08_24_L001	3	0.0000	0.0000	1.0000
HAMBI_0403_chrm01_circ_1759846	PS_Ct_r01_2015_09_21_L001	3	0.0000	0.0000	1.0000
HAMBI_0403_chrm01_circ_1759846	PS_Ct_r01_2015_10_19_L001	3	0.0003	0.0017	1.0000
HAMBI_0403_chrm01_circ_1759846	PS_Ct_r01_2015_11_16_L002	3	0.0000	0.0000	1.0000
HAMBI_0403_chrm01_circ_1759846	PS_Ct_r01_2015_12_14_L002	3	0.0101	0.0000	1.0000
HAMBI_0403_chrm01_circ_1759846	PS_Ct_r01_2016_01_11_L002	3	0.0775	0.0048	1.0000
HAMBI_0403_chrm01_circ_1759846	PS_Ct_r01_2016_02_08_L002	3	0.0986	0.0046	1.0000
HAMBI_0403_chrm01_circ_1759846	PS_Ct_r01_2016_03_07_L001	3	0.0165	0.0049	1.0000
HAMBI_0403_chrm01_circ_1759846	PS_Ct_r01_2016_04_03_L001	3	0.0719	0.0033	1.0000
HAMBI_0403_chrm01_circ_1759846	PS_Ct_r01_2016_05_04_L001	3	0.0000	0.0000	1.0000
HAMBI_0403_chrm01_circ_1759846	PS_Ct_r01_2016_05_30_L001	3	0.3281	0.0075	1.0000
HAMBI_0403_chrm01_circ_1759846	PS_Ct_r01_2016_07_25_L004	3	0.0611	0.0035	1.0000
HAMBI_0403_chrm01_circ_1759846	PS_Ct_r01_2016_08_22_L004	3	0.0982	0.0057	1.0000
HAMBI_0403_chrm01_circ_1759846	PS_Ct_r01_2016_09_19_L004	3	0.0966	0.0058	1.0000
HAMBI_0403_chrm01_circ_1759846	PS_Ct_r01_2016_10_17_L004	3	0.0928	0.0052	1.0000
HAMBI_0403_chrm01_circ_1759846	PS_Ct_r01_2016_11_14_L004	3	0.1024	0.0053	1.0000
HAMBI_0403_chrm01_circ_1759846	PS_Ct_r01_2016_12_12_L004	3	0.1409	0.0059	1.0000
HAMBI_0403_chrm01_circ_1759846	PS_Ct_r01_2017_01_09_L002	3	0.2577	0.0075	1.0000
HAMBI_0403_chrm01_circ_1759846	PS_Ct_r01_2017_02_06_L004	3	0.1088	0.0060	1.0000
HAMBI_0403_chrm01_circ_1759846	PS_Ct_r01_2017_03_06_L001	3	0.1905	0.0068	1.0000
HAMBI_0403_chrm01_circ_1759846	PS_Ct_r01_2017_04_03_L001	3	0.1230	0.0049	1.0000
HAMBI_0403_chrm01_circ_1759846	PS_Ct_r01_2017_05_29_L001	3	0.1709	0.0063	1.0000
HAMBI_0403_chrm01_circ_1759846	PS_Ct_r01_2017_07_24_L001	3	0.1014	0.0049	1.0000
HAMBI_0403_chrm01_circ_1759846	PS_Ct_r01_2017_08_21_L002	3	0.0391	0.0035	1.0000
HAMBI_0403_chrm01_circ_2032698	PS_Ct_r01_2015_08_24_L001	3	0.0000	0.0000	1.0000
HAMBI_0403_chrm01_circ_2032698	PS_Ct_r01_2015_09_21_L001	3	0.0000	0.0000	1.0000
HAMBI_0403_chrm01_circ_2032698	PS_Ct_r01_2015_10_19_L001	3	0.0003	0.0017	1.0000
HAMBI_0403_chrm01_circ_2032698	PS_Ct_r01_2015_11_16_L002	3	0.0000	0.0000	1.0000
HAMBI_0403_chrm01_circ_2032698	PS_Ct_r01_2015_12_14_L002	3	0.0101	0.0000	1.0000
HAMBI_0403_chrm01_circ_2032698	PS_Ct_r01_2016_01_11_L002	3	0.0775	0.0048	1.0000
HAMBI_0403_chrm01_circ_2032698	PS_Ct_r01_2016_02_08_L002	3	0.0986	0.0046	1.0000
HAMBI_0403_chrm01_circ_2032698	PS_Ct_r01_2016_03_07_L001	3	0.0165	0.0049	1.0000
HAMBI_0403_chrm01_circ_2032698	PS_Ct_r01_2016_04_03_L001	3	0.0719	0.0033	1.0000
HAMBI_0403_chrm01_circ_2032698	PS_Ct_r01_2016_05_04_L001	3	0.0000	0.0000	1.0000
HAMBI_0403_chrm01_circ_2032698	PS_Ct_r01_2016_05_30_L001	3	0.3281	0.0075	1.0000
HAMBI_0403_chrm01_circ_2032698	PS_Ct_r01_2016_07_25_L004	3	0.0611	0.0035	1.0000
HAMBI_0403_chrm01_circ_2032698	PS_Ct_r01_2016_08_22_L004	3	0.0982	0.0057	1.0000
HAMBI_0403_chrm01_circ_2032698	PS_Ct_r01_2016_09_19_L004	3	0.0966	0.0058	1.0000
HAMBI_0403_chrm01_circ_2032698	PS_Ct_r01_2016_10_17_L004	3	0.0928	0.0052	1.0000
HAMBI_0403_chrm01_circ_2032698	PS_Ct_r01_2016_11_14_L004	3	0.1024	0.0053	1.0000
HAMBI_0403_chrm01_circ_2032698	PS_Ct_r01_2016_12_12_L004	3	0.1409	0.0059	1.0000
HAMBI_0403_chrm01_circ_2032698	PS_Ct_r01_2017_01_09_L002	3	0.2577	0.0075	1.0000
HAMBI_0403_chrm01_circ_2032698	PS_Ct_r01_2017_02_06_L004	3	0.1088	0.0060	1.0000
HAMBI_0403_chrm01_circ_2032698	PS_Ct_r01_2017_03_06_L001	3	0.1905	0.0068	1.0000
HAMBI_0403_chrm01_circ_2032698	PS_Ct_r01_2017_04_03_L001	3	0.1230	0.0049	1.0000
HAMBI_0403_chrm01_circ_2032698	PS_Ct_r01_2017_05_29_L001	3	0.1709	0.0063	1.0000
HAMBI_0403_chrm01_circ_2032698	PS_Ct_r01_2017_07_24_L001	3	0.1014	0.0049	1.0000
HAMBI_0403_chrm01_circ_2032698	PS_Ct_r01_2017_08_21_L002	3	0.0391	0.0035	1.0000
HAMBI_0403_chrm01_circ_2034183	PS_Ct_r01_2015_08_24_L001	3	0.0000	0.0000	1.0000
HAMBI_0403_chrm01_circ_2034183	PS_Ct_r01_2015_09_21_L001	3	0.0000	0.0000	1.0000
HAMBI_0403_chrm01_circ_2034183	PS_Ct_r01_2015_10_19_L001	3	0.0003	0.0017	1.0000
HAMBI_0403_chrm01_circ_2034183	PS_Ct_r01_2015_11_16_L002	3	0.0000	0.0000	1.0000
HAMBI_0403_chrm01_circ_2034183	PS_Ct_r01_2015_12_14_L002	3	0.0101	0.0000	1.0000
HAMBI_0403_chrm01_circ_2034183	PS_Ct_r01_2016_01_11_L002	3	0.0775	0.0048	1.0000
HAMBI_0403_chrm01_circ_2034183	PS_Ct_r01_2016_02_08_L002	3	0.0986	0.0046	1.0000
HAMBI_0403_chrm01_circ_2034183	PS_Ct_r01_2016_03_07_L001	3	0.0165	0.0049	1.0000
HAMBI_0403_chrm01_circ_2034183	PS_Ct_r01_2016_04_03_L001	3	0.0719	0.0033	1.0000
HAMBI_0403_chrm01_circ_2034183	PS_Ct_r01_2016_05_04_L001	3	0.0000	0.0000	1.0000
HAMBI_0403_chrm01_circ_2034183	PS_Ct_r01_2016_05_30_L001	3	0.3281	0.0075	1.0000
HAMBI_0403_chrm01_circ_2034183	PS_Ct_r01_2016_07_25_L004	3	0.0611	0.0035	1.0000
HAMBI_0403_chrm01_circ_2034183	PS_Ct_r01_2016_08_22_L004	3	0.0982	0.0057	1.0000
HAMBI_0403_chrm01_circ_2034183	PS_Ct_r01_2016_09_19_L004	3	0.0966	0.0058	1.0000
HAMBI_0403_chrm01_circ_2034183	PS_Ct_r01_2016_10_17_L004	3	0.0928	0.0052	1.0000
HAMBI_0403_chrm01_circ_2034183	PS_Ct_r01_2016_11_14_L004	3	0.1024	0.0053	1.0000
HAMBI_0403_chrm01_circ_2034183	PS_Ct_r01_2016_12_12_L004	3	0.1409	0.0059	1.0000
HAMBI_0403_chrm01_circ_2034183	PS_Ct_r01_2017_01_09_L002	3	0.2577	0.0075	1.0000
HAMBI_0403_chrm01_circ_2034183	PS_Ct_r01_2017_02_06_L004	3	0.1088	0.0060	1.0000
HAMBI_0403_chrm01_circ_2034183	PS_Ct_r01_2017_03_06_L001	3	0.1905	0.0068	1.0000
HAMBI_0403_chrm01_circ_2034183	PS_Ct_r01_2017_04_03_L001	3	0.1230	0.0049	1.0000
HAMBI_0403_chrm01_circ_2034183	PS_Ct_r01_2017_05_29_L001	3	0.1709	0.0063	1.0000
HAMBI_0403_chrm01_circ_2034183	PS_Ct_r01_2017_07_24_L001	3	0.1014	0.0049	1.0000
HAMBI_0403_chrm01_circ_2034183	PS_Ct_r01_2017_08_21_L002	3	0.0391	0.0035	1.0000
HAMBI_0403_chrm01_circ_219724	PS_Ct_r01_2015_08_24_L001	3	0.0000	0.0000	1.0000
HAMBI_0403_chrm01_circ_219724	PS_Ct_r01_2015_09_21_L001	3	0.0000	0.0000	1.0000
HAMBI_0403_chrm01_circ_219724	PS_Ct_r01_2015_10_19_L001	3	0.0003	0.0017	1.0000
HAMBI_0403_chrm01_circ_219724	PS_Ct_r01_2015_11_16_L002	3	0.0000	0.0000	1.0000
HAMBI_0403_chrm01_circ_219724	PS_Ct_r01_2015_12_14_L002	3	0.0101	0.0000	1.0000
HAMBI_0403_chrm01_circ_219724	PS_Ct_r01_2016_01_11_L002	3	0.0775	0.0048	1.0000
HAMBI_0403_chrm01_circ_219724	PS_Ct_r01_2016_02_08_L002	3	0.0986	0.0046	1.0000
HAMBI_0403_chrm01_circ_219724	PS_Ct_r01_2016_03_07_L001	3	0.0165	0.0049	1.0000
HAMBI_0403_chrm01_circ_219724	PS_Ct_r01_2016_04_03_L001	3	0.0719	0.0033	1.0000
HAMBI_0403_chrm01_circ_219724	PS_Ct_r01_2016_05_04_L001	3	0.0000	0.0000	1.0000
HAMBI_0403_chrm01_circ_219724	PS_Ct_r01_2016_05_30_L001	3	0.3281	0.0075	1.0000
HAMBI_0403_chrm01_circ_219724	PS_Ct_r01_2016_07_25_L004	3	0.0611	0.0035	1.0000
HAMBI_0403_chrm01_circ_219724	PS_Ct_r01_2016_08_22_L004	3	0.0982	0.0057	1.0000
HAMBI_0403_chrm01_circ_219724	PS_Ct_r01_2016_09_19_L004	3	0.0966	0.0058	1.0000
HAMBI_0403_chrm01_circ_219724	PS_Ct_r01_2016_10_17_L004	3	0.0928	0.0052	1.0000
HAMBI_0403_chrm01_circ_219724	PS_Ct_r01_2016_11_14_L004	3	0.1024	0.0053	1.0000
HAMBI_0403_chrm01_circ_219724	PS_Ct_r01_2016_12_12_L004	3	0.1409	0.0059	1.0000
HAMBI_0403_chrm01_circ_219724	PS_Ct_r01_2017_01_09_L002	3	0.2577	0.0075	1.0000
HAMBI_0403_chrm01_circ_219724	PS_Ct_r01_2017_02_06_L004	3	0.1088	0.0060	1.0000
HAMBI_0403_chrm01_circ_219724	PS_Ct_r01_2017_03_06_L001	3	0.1905	0.0068	1.0000
HAMBI_0403_chrm01_circ_219724	PS_Ct_r01_2017_04_03_L001	3	0.1230	0.0049	1.0000
HAMBI_0403_chrm01_circ_219724	PS_Ct_r01_2017_05_29_L001	3	0.1709	0.0063	1.0000
HAMBI_0403_chrm01_circ_219724	PS_Ct_r01_2017_07_24_L001	3	0.1014	0.0049	1.0000
HAMBI_0403_chrm01_circ_219724	PS_Ct_r01_2017_08_21_L002	3	0.0391	0.0035	1.0000
HAMBI_0403_chrm01_circ_2201840	PS_Ct_r01_2015_08_24_L001	3	0.0000	0.0000	1.0000
HAMBI_0403_chrm01_circ_2201840	PS_Ct_r01_2015_09_21_L001	3	0.0000	0.0000	1.0000
HAMBI_0403_chrm01_circ_2201840	PS_Ct_r01_2015_10_19_L001	3	0.0003	0.0017	1.0000
HAMBI_0403_chrm01_circ_2201840	PS_Ct_r01_2015_11_16_L002	3	0.0000	0.0000	1.0000
HAMBI_0403_chrm01_circ_2201840	PS_Ct_r01_2015_12_14_L002	3	0.0101	0.0000	1.0000
HAMBI_0403_chrm01_circ_2201840	PS_Ct_r01_2016_01_11_L002	3	0.0775	0.0048	1.0000
HAMBI_0403_chrm01_circ_2201840	PS_Ct_r01_2016_02_08_L002	3	0.0986	0.0046	1.0000
HAMBI_0403_chrm01_circ_2201840	PS_Ct_r01_2016_03_07_L001	3	0.0165	0.0049	1.0000
HAMBI_0403_chrm01_circ_2201840	PS_Ct_r01_2016_04_03_L001	3	0.0719	0.0033	1.0000
HAMBI_0403_chrm01_circ_2201840	PS_Ct_r01_2016_05_04_L001	3	0.0000	0.0000	1.0000
HAMBI_0403_chrm01_circ_2201840	PS_Ct_r01_2016_05_30_L001	3	0.3281	0.0075	1.0000
HAMBI_0403_chrm01_circ_2201840	PS_Ct_r01_2016_07_25_L004	3	0.0611	0.0035	1.0000
HAMBI_0403_chrm01_circ_2201840	PS_Ct_r01_2016_08_22_L004	3	0.0982	0.0057	1.0000
HAMBI_0403_chrm01_circ_2201840	PS_Ct_r01_2016_09_19_L004	3	0.0966	0.0058	1.0000
HAMBI_0403_chrm01_circ_2201840	PS_Ct_r01_2016_10_17_L004	3	0.0928	0.0052	1.0000
HAMBI_0403_chrm01_circ_2201840	PS_Ct_r01_2016_11_14_L004	3	0.1024	0.0053	1.0000
HAMBI_0403_chrm01_circ_2201840	PS_Ct_r01_2016_12_12_L004	3	0.1409	0.0059	1.0000
HAMBI_0403_chrm01_circ_2201840	PS_Ct_r01_2017_01_09_L002	3	0.2577	0.0075	1.0000
HAMBI_0403_chrm01_circ_2201840	PS_Ct_r01_2017_02_06_L004	3	0.1088	0.0060	1.0000
HAMBI_0403_chrm01_circ_2201840	PS_Ct_r01_2017_03_06_L001	3	0.1905	0.0068	1.0000
HAMBI_0403_chrm01_circ_2201840	PS_Ct_r01_2017_04_03_L001	3	0.1230	0.0049	1.0000
HAMBI_0403_chrm01_circ_2201840	PS_Ct_r01_2017_05_29_L001	3	0.1709	0.0063	1.0000
HAMBI_0403_chrm01_circ_2201840	PS_Ct_r01_2017_07_24_L001	3	0.1014	0.0049	1.0000
HAMBI_0403_chrm01_circ_2201840	PS_Ct_r01_2017_08_21_L002	3	0.0391	0.0035	1.0000
HAMBI_0403_chrm01_circ_2301450	PS_Ct_r01_2015_08_24_L001	3	0.0000	0.0000	1.0000
HAMBI_0403_chrm01_circ_2301450	PS_Ct_r01_2015_09_21_L001	3	0.0000	0.0000	1.0000
HAMBI_0403_chrm01_circ_2301450	PS_Ct_r01_2015_10_19_L001	3	0.0003	0.0017	1.0000
HAMBI_0403_chrm01_circ_2301450	PS_Ct_r01_2015_11_16_L002	3	0.0000	0.0000	1.0000
HAMBI_0403_chrm01_circ_2301450	PS_Ct_r01_2015_12_14_L002	3	0.0101	0.0000	1.0000
HAMBI_0403_chrm01_circ_2301450	PS_Ct_r01_2016_01_11_L002	3	0.0775	0.0048	1.0000
HAMBI_0403_chrm01_circ_2301450	PS_Ct_r01_2016_02_08_L002	3	0.0986	0.0046	1.0000
HAMBI_0403_chrm01_circ_2301450	PS_Ct_r01_2016_03_07_L001	3	0.0165	0.0049	1.0000
HAMBI_0403_chrm01_circ_2301450	PS_Ct_r01_2016_04_03_L001	3	0.0719	0.0033	1.0000
HAMBI_0403_chrm01_circ_2301450	PS_Ct_r01_2016_05_04_L001	3	0.0000	0.0000	1.0000
HAMBI_0403_chrm01_circ_2301450	PS_Ct_r01_2016_05_30_L001	3	0.3281	0.0075	1.0000
HAMBI_0403_chrm01_circ_2301450	PS_Ct_r01_2016_07_25_L004	3	0.0611	0.0035	1.0000
HAMBI_0403_chrm01_circ_2301450	PS_Ct_r01_2016_08_22_L004	3	0.0982	0.0057	1.0000
HAMBI_0403_chrm01_circ_2301450	PS_Ct_r01_2016_09_19_L004	3	0.0966	0.0058	1.0000
HAMBI_0403_chrm01_circ_2301450	PS_Ct_r01_2016_10_17_L004	3	0.0928	0.0052	1.0000
HAMBI_0403_chrm01_circ_2301450	PS_Ct_r01_2016_11_14_L004	3	0.1024	0.0053	1.0000
HAMBI_0403_chrm01_circ_2301450	PS_Ct_r01_2016_12_12_L004	3	0.1409	0.0059	1.0000
HAMBI_0403_chrm01_circ_2301450	PS_Ct_r01_2017_01_09_L002	3	0.2577	0.0075	1.0000
HAMBI_0403_chrm01_circ_2301450	PS_Ct_r01_2017_02_06_L004	3	0.1088	0.0060	1.0000
HAMBI_0403_chrm01_circ_2301450	PS_Ct_r01_2017_03_06_L001	3	0.1905	0.0068	1.0000
HAMBI_0403_chrm01_circ_2301450	PS_Ct_r01_2017_04_03_L001	3	0.1230	0.0049	1.0000
HAMBI_0403_chrm01_circ_2301450	PS_Ct_r01_2017_05_29_L001	3	0.1709	0.0063	1.0000
HAMBI_0403_chrm01_circ_2301450	PS_Ct_r01_2017_07_24_L001	3	0.1014	0.0049	1.0000
HAMBI_0403_chrm01_circ_2301450	PS_Ct_r01_2017_08_21_L002	3	0.0391	0.0035	1.0000
HAMBI_0403_chrm01_circ_2518797	PS_Ct_r01_2015_08_24_L001	3	0.0000	0.0000	1.0000
HAMBI_0403_chrm01_circ_2518797	PS_Ct_r01_2015_09_21_L001	3	0.0000	0.0000	1.0000
HAMBI_0403_chrm01_circ_2518797	PS_Ct_r01_2015_10_19_L001	3	0.0003	0.0017	1.0000
HAMBI_0403_chrm01_circ_2518797	PS_Ct_r01_2015_11_16_L002	3	0.0000	0.0000	1.0000
HAMBI_0403_chrm01_circ_2518797	PS_Ct_r01_2015_12_14_L002	3	0.0101	0.0000	1.0000
HAMBI_0403_chrm01_circ_2518797	PS_Ct_r01_2016_01_11_L002	3	0.0775	0.0048	1.0000
HAMBI_0403_chrm01_circ_2518797	PS_Ct_r01_2016_02_08_L002	3	0.0986	0.0046	1.0000
HAMBI_0403_chrm01_circ_2518797	PS_Ct_r01_2016_03_07_L001	3	0.0165	0.0049	1.0000
HAMBI_0403_chrm01_circ_2518797	PS_Ct_r01_2016_04_03_L001	3	0.0719	0.0033	1.0000
HAMBI_0403_chrm01_circ_2518797	PS_Ct_r01_2016_05_04_L001	3	0.0000	0.0000	1.0000
HAMBI_0403_chrm01_circ_2518797	PS_Ct_r01_2016_05_30_L001	3	0.3281	0.0075	1.0000
HAMBI_0403_chrm01_circ_2518797	PS_Ct_r01_2016_07_25_L004	3	0.0611	0.0035	1.0000
HAMBI_0403_chrm01_circ_2518797	PS_Ct_r01_2016_08_22_L004	3	0.0982	0.0057	1.0000
HAMBI_0403_chrm01_circ_2518797	PS_Ct_r01_2016_09_19_L004	3	0.0966	0.0058	1.0000
HAMBI_0403_chrm01_circ_2518797	PS_Ct_r01_2016_10_17_L004	3	0.0928	0.0052	1.0000
HAMBI_0403_chrm01_circ_2518797	PS_Ct_r01_2016_11_14_L004	3	0.1024	0.0053	1.0000
HAMBI_0403_chrm01_circ_2518797	PS_Ct_r01_2016_12_12_L004	3	0.1409	0.0059	1.0000
HAMBI_0403_chrm01_circ_2518797	PS_Ct_r01_2017_01_09_L002	3	0.2577	0.0075	1.0000
HAMBI_0403_chrm01_circ_2518797	PS_Ct_r01_2017_02_06_L004	3	0.1088	0.0060	1.0000
HAMBI_0403_chrm01_circ_2518797	PS_Ct_r01_2017_03_06_L001	3	0.1905	0.0068	1.0000
HAMBI_0403_chrm01_circ_2518797	PS_Ct_r01_2017_04_03_L001	3	0.1230	0.0049	1.0000
HAMBI_0403_chrm01_circ_2518797	PS_Ct_r01_2017_05_29_L001	3	0.1709	0.0063	1.0000
HAMBI_0403_chrm01_circ_2518797	PS_Ct_r01_2017_07_24_L001	3	0.1014	0.0049	1.0000
HAMBI_0403_chrm01_circ_2518797	PS_Ct_r01_2017_08_21_L002	3	0.0391	0.0035	1.0000
HAMBI_0403_chrm01_circ_2532389	PS_Ct_r01_2015_08_24_L001	3	0.0000	0.0000	1.0000
HAMBI_0403_chrm01_circ_2532389	PS_Ct_r01_2015_09_21_L001	3	0.0000	0.0000	1.0000
HAMBI_0403_chrm01_circ_2532389	PS_Ct_r01_2015_10_19_L001	3	0.0003	0.0017	1.0000
HAMBI_0403_chrm01_circ_2532389	PS_Ct_r01_2015_11_16_L002	3	0.0000	0.0000	1.0000
HAMBI_0403_chrm01_circ_2532389	PS_Ct_r01_2015_12_14_L002	3	0.0101	0.0000	1.0000
HAMBI_0403_chrm01_circ_2532389	PS_Ct_r01_2016_01_11_L002	3	0.0775	0.0048	1.0000
HAMBI_0403_chrm01_circ_2532389	PS_Ct_r01_2016_02_08_L002	3	0.0986	0.0046	1.0000
HAMBI_0403_chrm01_circ_2532389	PS_Ct_r01_2016_03_07_L001	3	0.0165	0.0049	1.0000
HAMBI_0403_chrm01_circ_2532389	PS_Ct_r01_2016_04_03_L001	3	0.0719	0.0033	1.0000
HAMBI_0403_chrm01_circ_2532389	PS_Ct_r01_2016_05_04_L001	3	0.0000	0.0000	1.0000
HAMBI_0403_chrm01_circ_2532389	PS_Ct_r01_2016_05_30_L001	3	0.3281	0.0075	1.0000
HAMBI_0403_chrm01_circ_2532389	PS_Ct_r01_2016_07_25_L004	3	0.0611	0.0035	1.0000
HAMBI_0403_chrm01_circ_2532389	PS_Ct_r01_2016_08_22_L004	3	0.0982	0.0057	1.0000
HAMBI_0403_chrm01_circ_2532389	PS_Ct_r01_2016_09_19_L004	3	0.0966	0.0058	1.0000
HAMBI_0403_chrm01_circ_2532389	PS_Ct_r01_2016_10_17_L004	3	0.0928	0.0052	1.0000
HAMBI_0403_chrm01_circ_2532389	PS_Ct_r01_2016_11_14_L004	3	0.1024	0.0053	1.0000
HAMBI_0403_chrm01_circ_2532389	PS_Ct_r01_2016_12_12_L004	3	0.1409	0.0059	1.0000
HAMBI_0403_chrm01_circ_2532389	PS_Ct_r01_2017_01_09_L002	3	0.2577	0.0075	1.0000
HAMBI_0403_chrm01_circ_2532389	PS_Ct_r01_2017_02_06_L004	3	0.1088	0.0060	1.0000
HAMBI_0403_chrm01_circ_2532389	PS_Ct_r01_2017_03_06_L001	3	0.1905	0.0068	1.0000
HAMBI_0403_chrm01_circ_2532389	PS_Ct_r01_2017_04_03_L001	3	0.1230	0.0049	1.0000
HAMBI_0403_chrm01_circ_2532389	PS_Ct_r01_2017_05_29_L001	3	0.1709	0.0063	1.0000
HAMBI_0403_chrm01_circ_2532389	PS_Ct_r01_2017_07_24_L001	3	0.1014	0.0049	1.0000
HAMBI_0403_chrm01_circ_2532389	PS_Ct_r01_2017_08_21_L002	3	0.0391	0.0035	1.0000
HAMBI_0403_chrm01_circ_258711	PS_Ct_r01_2015_08_24_L001	3	0.0000	0.0000	1.0000
HAMBI_0403_chrm01_circ_258711	PS_Ct_r01_2015_09_21_L001	3	0.0000	0.0000	1.0000
HAMBI_0403_chrm01_circ_258711	PS_Ct_r01_2015_10_19_L001	3	0.0003	0.0017	1.0000
HAMBI_0403_chrm01_circ_258711	PS_Ct_r01_2015_11_16_L002	3	0.0000	0.0000	1.0000
HAMBI_0403_chrm01_circ_258711	PS_Ct_r01_2015_12_14_L002	3	0.0101	0.0000	1.0000
HAMBI_0403_chrm01_circ_258711	PS_Ct_r01_2016_01_11_L002	3	0.0775	0.0048	1.0000
HAMBI_0403_chrm01_circ_258711	PS_Ct_r01_2016_02_08_L002	3	0.0986	0.0046	1.0000
HAMBI_0403_chrm01_circ_258711	PS_Ct_r01_2016_03_07_L001	3	0.0165	0.0049	1.0000
HAMBI_0403_chrm01_circ_258711	PS_Ct_r01_2016_04_03_L001	3	0.0719	0.0033	1.0000
HAMBI_0403_chrm01_circ_258711	PS_Ct_r01_2016_05_04_L001	3	0.0000	0.0000	1.0000
HAMBI_0403_chrm01_circ_258711	PS_Ct_r01_2016_05_30_L001	3	0.3281	0.0075	1.0000
HAMBI_0403_chrm01_circ_258711	PS_Ct_r01_2016_07_25_L004	3	0.0611	0.0035	1.0000
HAMBI_0403_chrm01_circ_258711	PS_Ct_r01_2016_08_22_L004	3	0.0982	0.0057	1.0000
HAMBI_0403_chrm01_circ_258711	PS_Ct_r01_2016_09_19_L004	3	0.0966	0.0058	1.0000
HAMBI_0403_chrm01_circ_258711	PS_Ct_r01_2016_10_17_L004	3	0.0928	0.0052	1.0000
HAMBI_0403_chrm01_circ_258711	PS_Ct_r01_2016_11_14_L004	3	0.1024	0.0053	1.0000
HAMBI_0403_chrm01_circ_258711	PS_Ct_r01_2016_12_12_L004	3	0.1409	0.0059	1.0000
HAMBI_0403_chrm01_circ_258711	PS_Ct_r01_2017_01_09_L002	3	0.2577	0.0075	1.0000
HAMBI_0403_chrm01_circ_258711	PS_Ct_r01_2017_02_06_L004	3	0.1088	0.0060	1.0000
HAMBI_0403_chrm01_circ_258711	PS_Ct_r01_2017_03_06_L001	3	0.1905	0.0068	1.0000
HAMBI_0403_chrm01_circ_258711	PS_Ct_r01_2017_04_03_L001	3	0.1230	0.0049	1.0000
HAMBI_0403_chrm01_circ_258711	PS_Ct_r01_2017_05_29_L001	3	0.1709	0.0063	1.0000
HAMBI_0403_chrm01_circ_258711	PS_Ct_r01_2017_07_24_L001	3	0.1014	0.0049	1.0000
HAMBI_0403_chrm01_circ_258711	PS_Ct_r01_2017_08_21_L002	3	0.0391	0.0035	1.0000
HAMBI_0403_chrm01_circ_2590332	PS_Ct_r01_2015_08_24_L001	3	0.0000	0.0000	1.0000
HAMBI_0403_chrm01_circ_2590332	PS_Ct_r01_2015_09_21_L001	3	0.0000	0.0000	1.0000
HAMBI_0403_chrm01_circ_2590332	PS_Ct_r01_2015_10_19_L001	3	0.0003	0.0017	1.0000
HAMBI_0403_chrm01_circ_2590332	PS_Ct_r01_2015_11_16_L002	3	0.0000	0.0000	1.0000
HAMBI_0403_chrm01_circ_2590332	PS_Ct_r01_2015_12_14_L002	3	0.0101	0.0000	1.0000
HAMBI_0403_chrm01_circ_2590332	PS_Ct_r01_2016_01_11_L002	3	0.0775	0.0048	1.0000
HAMBI_0403_chrm01_circ_2590332	PS_Ct_r01_2016_02_08_L002	3	0.0986	0.0046	1.0000
HAMBI_0403_chrm01_circ_2590332	PS_Ct_r01_2016_03_07_L001	3	0.0165	0.0049	1.0000
HAMBI_0403_chrm01_circ_2590332	PS_Ct_r01_2016_04_03_L001	3	0.0719	0.0033	1.0000
HAMBI_0403_chrm01_circ_2590332	PS_Ct_r01_2016_05_04_L001	3	0.0000	0.0000	1.0000
HAMBI_0403_chrm01_circ_2590332	PS_Ct_r01_2016_05_30_L001	3	0.3281	0.0075	1.0000
HAMBI_0403_chrm01_circ_2590332	PS_Ct_r01_2016_07_25_L004	3	0.0611	0.0035	1.0000
HAMBI_0403_chrm01_circ_2590332	PS_Ct_r01_2016_08_22_L004	3	0.0982	0.0057	1.0000
HAMBI_0403_chrm01_circ_2590332	PS_Ct_r01_2016_09_19_L004	3	0.0966	0.0058	1.0000
HAMBI_0403_chrm01_circ_2590332	PS_Ct_r01_2016_10_17_L004	3	0.0928	0.0052	1.0000
HAMBI_0403_chrm01_circ_2590332	PS_Ct_r01_2016_11_14_L004	3	0.1024	0.0053	1.0000
HAMBI_0403_chrm01_circ_2590332	PS_Ct_r01_2016_12_12_L004	3	0.1409	0.0059	1.0000
HAMBI_0403_chrm01_circ_2590332	PS_Ct_r01_2017_01_09_L002	3	0.2577	0.0075	1.0000
HAMBI_0403_chrm01_circ_2590332	PS_Ct_r01_2017_02_06_L004	3	0.1088	0.0060	1.0000
HAMBI_0403_chrm01_circ_2590332	PS_Ct_r01_2017_03_06_L001	3	0.1905	0.0068	1.0000
HAMBI_0403_chrm01_circ_2590332	PS_Ct_r01_2017_04_03_L001	3	0.1230	0.0049	1.0000
HAMBI_0403_chrm01_circ_2590332	PS_Ct_r01_2017_05_29_L001	3	0.1709	0.0063	1.0000
HAMBI_0403_chrm01_circ_2590332	PS_Ct_r01_2017_07_24_L001	3	0.1014	0.0049	1.0000
HAMBI_0403_chrm01_circ_2590332	PS_Ct_r01_2017_08_21_L002	3	0.0391	0.0035	1.0000
HAMBI_0403_chrm01_circ_2601878	PS_Ct_r01_2015_08_24_L001	3	0.0000	0.0000	1.0000
HAMBI_0403_chrm01_circ_2601878	PS_Ct_r01_2015_09_21_L001	3	0.0000	0.0000	1.0000
HAMBI_0403_chrm01_circ_2601878	PS_Ct_r01_2015_10_19_L001	3	0.0003	0.0017	1.0000
HAMBI_0403_chrm01_circ_2601878	PS_Ct_r01_2015_11_16_L002	3	0.0000	0.0000	1.0000
HAMBI_0403_chrm01_circ_2601878	PS_Ct_r01_2015_12_14_L002	3	0.0101	0.0000	1.0000
HAMBI_0403_chrm01_circ_2601878	PS_Ct_r01_2016_01_11_L002	3	0.0775	0.0048	1.0000
HAMBI_0403_chrm01_circ_2601878	PS_Ct_r01_2016_02_08_L002	3	0.0986	0.0046	1.0000
HAMBI_0403_chrm01_circ_2601878	PS_Ct_r01_2016_03_07_L001	3	0.0165	0.0049	1.0000
HAMBI_0403_chrm01_circ_2601878	PS_Ct_r01_2016_04_03_L001	3	0.0719	0.0033	1.0000
HAMBI_0403_chrm01_circ_2601878	PS_Ct_r01_2016_05_04_L001	3	0.0000	0.0000	1.0000
HAMBI_0403_chrm01_circ_2601878	PS_Ct_r01_2016_05_30_L001	3	0.3281	0.0075	1.0000
HAMBI_0403_chrm01_circ_2601878	PS_Ct_r01_2016_07_25_L004	3	0.0611	0.0035	1.0000
HAMBI_0403_chrm01_circ_2601878	PS_Ct_r01_2016_08_22_L004	3	0.0982	0.0057	1.0000
HAMBI_0403_chrm01_circ_2601878	PS_Ct_r01_2016_09_19_L004	3	0.0966	0.0058	1.0000
HAMBI_0403_chrm01_circ_2601878	PS_Ct_r01_2016_10_17_L004	3	0.0928	0.0052	1.0000
HAMBI_0403_chrm01_circ_2601878	PS_Ct_r01_2016_11_14_L004	3	0.1024	0.0053	1.0000
HAMBI_0403_chrm01_circ_2601878	PS_Ct_r01_2016_12_12_L004	3	0.1409	0.0059	1.0000
HAMBI_0403_chrm01_circ_2601878	PS_Ct_r01_2017_01_09_L002	3	0.2577	0.0075	1.0000
HAMBI_0403_chrm01_circ_2601878	PS_Ct_r01_2017_02_06_L004	3	0.1088	0.0060	1.0000
HAMBI_0403_chrm01_circ_2601878	PS_Ct_r01_2017_03_06_L001	3	0.1905	0.0068	1.0000
HAMBI_0403_chrm01_circ_2601878	PS_Ct_r01_2017_04_03_L001	3	0.1230	0.0049	1.0000
HAMBI_0403_chrm01_circ_2601878	PS_Ct_r01_2017_05_29_L001	3	0.1709	0.0063	1.0000
HAMBI_0403_chrm01_circ_2601878	PS_Ct_r01_2017_07_24_L001	3	0.1014	0.0049	1.0000
HAMBI_0403_chrm01_circ_2601878	PS_Ct_r01_2017_08_21_L002	3	0.0391	0.0035	1.0000
HAMBI_0403_chrm01_circ_2636741	PS_Ct_r01_2015_08_24_L001	3	0.0000	0.0000	1.0000
HAMBI_0403_chrm01_circ_2636741	PS_Ct_r01_2015_09_21_L001	3	0.0000	0.0000	1.0000
HAMBI_0403_chrm01_circ_2636741	PS_Ct_r01_2015_10_19_L001	3	0.0003	0.0017	1.0000
HAMBI_0403_chrm01_circ_2636741	PS_Ct_r01_2015_11_16_L002	3	0.0000	0.0000	1.0000
HAMBI_0403_chrm01_circ_2636741	PS_Ct_r01_2015_12_14_L002	3	0.0101	0.0000	1.0000
HAMBI_0403_chrm01_circ_2636741	PS_Ct_r01_2016_01_11_L002	3	0.0775	0.0048	1.0000
HAMBI_0403_chrm01_circ_2636741	PS_Ct_r01_2016_02_08_L002	3	0.0986	0.0046	1.0000
HAMBI_0403_chrm01_circ_2636741	PS_Ct_r01_2016_03_07_L001	3	0.0165	0.0049	1.0000
HAMBI_0403_chrm01_circ_2636741	PS_Ct_r01_2016_04_03_L001	3	0.0719	0.0033	1.0000
HAMBI_0403_chrm01_circ_2636741	PS_Ct_r01_2016_05_04_L001	3	0.0000	0.0000	1.0000
HAMBI_0403_chrm01_circ_2636741	PS_Ct_r01_2016_05_30_L001	3	0.3281	0.0075	1.0000
HAMBI_0403_chrm01_circ_2636741	PS_Ct_r01_2016_07_25_L004	3	0.0611	0.0035	1.0000
HAMBI_0403_chrm01_circ_2636741	PS_Ct_r01_2016_08_22_L004	3	0.0982	0.0057	1.0000
HAMBI_0403_chrm01_circ_2636741	PS_Ct_r01_2016_09_19_L004	3	0.0966	0.0058	1.0000
HAMBI_0403_chrm01_circ_2636741	PS_Ct_r01_2016_10_17_L004	3	0.0928	0.0052	1.0000
HAMBI_0403_chrm01_circ_2636741	PS_Ct_r01_2016_11_14_L004	3	0.1024	0.0053	1.0000
HAMBI_0403_chrm01_circ_2636741	PS_Ct_r01_2016_12_12_L004	3	0.1409	0.0059	1.0000
HAMBI_0403_chrm01_circ_2636741	PS_Ct_r01_2017_01_09_L002	3	0.2577	0.0075	1.0000
HAMBI_0403_chrm01_circ_2636741	PS_Ct_r01_2017_02_06_L004	3	0.1088	0.0060	1.0000
HAMBI_0403_chrm01_circ_2636741	PS_Ct_r01_2017_03_06_L001	3	0.1905	0.0068	1.0000
HAMBI_0403_chrm01_circ_2636741	PS_Ct_r01_2017_04_03_L001	3	0.1230	0.0049	1.0000
HAMBI_0403_chrm01_circ_2636741	PS_Ct_r01_2017_05_29_L001	3	0.1709	0.0063	1.0000
HAMBI_0403_chrm01_circ_2636741	PS_Ct_r01_2017_07_24_L001	3	0.1014	0.0049	1.0000
HAMBI_0403_chrm01_circ_2636741	PS_Ct_r01_2017_08_21_L002	3	0.0391	0.0035	1.0000
HAMBI_0403_chrm01_circ_2878691	PS_Ct_r01_2015_08_24_L001	3	0.0000	0.0000	1.0000
HAMBI_0403_chrm01_circ_2878691	PS_Ct_r01_2015_09_21_L001	3	0.0000	0.0000	1.0000
HAMBI_0403_chrm01_circ_2878691	PS_Ct_r01_2015_10_19_L001	3	0.0003	0.0017	1.0000
HAMBI_0403_chrm01_circ_2878691	PS_Ct_r01_2015_11_16_L002	3	0.0000	0.0000	1.0000
HAMBI_0403_chrm01_circ_2878691	PS_Ct_r01_2015_12_14_L002	3	0.0101	0.0000	1.0000
HAMBI_0403_chrm01_circ_2878691	PS_Ct_r01_2016_01_11_L002	3	0.0775	0.0048	1.0000
HAMBI_0403_chrm01_circ_2878691	PS_Ct_r01_2016_02_08_L002	3	0.0986	0.0046	1.0000
HAMBI_0403_chrm01_circ_2878691	PS_Ct_r01_2016_03_07_L001	3	0.0165	0.0049	1.0000
HAMBI_0403_chrm01_circ_2878691	PS_Ct_r01_2016_04_03_L001	3	0.0719	0.0033	1.0000
HAMBI_0403_chrm01_circ_2878691	PS_Ct_r01_2016_05_04_L001	3	0.0000	0.0000	1.0000
HAMBI_0403_chrm01_circ_2878691	PS_Ct_r01_2016_05_30_L001	3	0.3281	0.0075	1.0000
HAMBI_0403_chrm01_circ_2878691	PS_Ct_r01_2016_07_25_L004	3	0.0611	0.0035	1.0000
HAMBI_0403_chrm01_circ_2878691	PS_Ct_r01_2016_08_22_L004	3	0.0982	0.0057	1.0000
HAMBI_0403_chrm01_circ_2878691	PS_Ct_r01_2016_09_19_L004	3	0.0966	0.0058	1.0000
HAMBI_0403_chrm01_circ_2878691	PS_Ct_r01_2016_10_17_L004	3	0.0928	0.0052	1.0000
HAMBI_0403_chrm01_circ_2878691	PS_Ct_r01_2016_11_14_L004	3	0.1024	0.0053	1.0000
HAMBI_0403_chrm01_circ_2878691	PS_Ct_r01_2016_12_12_L004	3	0.1409	0.0059	1.0000
HAMBI_0403_chrm01_circ_2878691	PS_Ct_r01_2017_01_09_L002	3	0.2577	0.0075	1.0000
HAMBI_0403_chrm01_circ_2878691	PS_Ct_r01_2017_02_06_L004	3	0.1088	0.0060	1.0000
HAMBI_0403_chrm01_circ_2878691	PS_Ct_r01_2017_03_06_L001	3	0.1905	0.0068	1.0000
HAMBI_0403_chrm01_circ_2878691	PS_Ct_r01_2017_04_03_L001	3	0.1230	0.0049	1.0000
HAMBI_0403_chrm01_circ_2878691	PS_Ct_r01_2017_05_29_L001	3	0.1709	0.0063	1.0000
HAMBI_0403_chrm01_circ_2878691	PS_Ct_r01_2017_07_24_L001	3	0.1014	0.0049	1.0000
HAMBI_0403_chrm01_circ_2878691	PS_Ct_r01_2017_08_21_L002	3	0.0391	0.0035	1.0000
HAMBI_0403_chrm01_circ_2957162	PS_Ct_r01_2015_08_24_L001	3	0.0000	0.0000	1.0000
HAMBI_0403_chrm01_circ_2957162	PS_Ct_r01_2015_09_21_L001	3	0.0000	0.0000	1.0000
HAMBI_0403_chrm01_circ_2957162	PS_Ct_r01_2015_10_19_L001	3	0.0003	0.0017	1.0000
HAMBI_0403_chrm01_circ_2957162	PS_Ct_r01_2015_11_16_L002	3	0.0000	0.0000	1.0000
HAMBI_0403_chrm01_circ_2957162	PS_Ct_r01_2015_12_14_L002	3	0.0101	0.0000	1.0000
HAMBI_0403_chrm01_circ_2957162	PS_Ct_r01_2016_01_11_L002	3	0.0775	0.0048	1.0000
HAMBI_0403_chrm01_circ_2957162	PS_Ct_r01_2016_02_08_L002	3	0.0986	0.0046	1.0000
HAMBI_0403_chrm01_circ_2957162	PS_Ct_r01_2016_03_07_L001	3	0.0165	0.0049	1.0000
HAMBI_0403_chrm01_circ_2957162	PS_Ct_r01_2016_04_03_L001	3	0.0719	0.0033	1.0000
HAMBI_0403_chrm01_circ_2957162	PS_Ct_r01_2016_05_04_L001	3	0.0000	0.0000	1.0000
HAMBI_0403_chrm01_circ_2957162	PS_Ct_r01_2016_05_30_L001	3	0.3281	0.0075	1.0000
HAMBI_0403_chrm01_circ_2957162	PS_Ct_r01_2016_07_25_L004	3	0.0611	0.0035	1.0000
HAMBI_0403_chrm01_circ_2957162	PS_Ct_r01_2016_08_22_L004	3	0.0982	0.0057	1.0000
HAMBI_0403_chrm01_circ_2957162	PS_Ct_r01_2016_09_19_L004	3	0.0966	0.0058	1.0000
HAMBI_0403_chrm01_circ_2957162	PS_Ct_r01_2016_10_17_L004	3	0.0928	0.0052	1.0000
HAMBI_0403_chrm01_circ_2957162	PS_Ct_r01_2016_11_14_L004	3	0.1024	0.0053	1.0000
HAMBI_0403_chrm01_circ_2957162	PS_Ct_r01_2016_12_12_L004	3	0.1409	0.0059	1.0000
HAMBI_0403_chrm01_circ_2957162	PS_Ct_r01_2017_01_09_L002	3	0.2577	0.0075	1.0000
HAMBI_0403_chrm01_circ_2957162	PS_Ct_r01_2017_02_06_L004	3	0.1088	0.0060	1.0000
HAMBI_0403_chrm01_circ_2957162	PS_Ct_r01_2017_03_06_L001	3	0.1905	0.0068	1.0000
HAMBI_0403_chrm01_circ_2957162	PS_Ct_r01_2017_04_03_L001	3	0.1230	0.0049	1.0000
HAMBI_0403_chrm01_circ_2957162	PS_Ct_r01_2017_05_29_L001	3	0.1709	0.0063	1.0000
HAMBI_0403_chrm01_circ_2957162	PS_Ct_r01_2017_07_24_L001	3	0.1014	0.0049	1.0000
HAMBI_0403_chrm01_circ_2957162	PS_Ct_r01_2017_08_21_L002	3	0.0391	0.0035	1.0000
HAMBI_0403_chrm01_circ_319251	PS_Ct_r01_2015_08_24_L001	3	0.0000	0.0000	1.0000
HAMBI_0403_chrm01_circ_319251	PS_Ct_r01_2015_09_21_L001	3	0.0000	0.0000	1.0000
HAMBI_0403_chrm01_circ_319251	PS_Ct_r01_2015_10_19_L001	3	0.0003	0.0017	1.0000
HAMBI_0403_chrm01_circ_319251	PS_Ct_r01_2015_11_16_L002	3	0.0000	0.0000	1.0000
HAMBI_0403_chrm01_circ_319251	PS_Ct_r01_2015_12_14_L002	3	0.0101	0.0000	1.0000
HAMBI_0403_chrm01_circ_319251	PS_Ct_r01_2016_01_11_L002	3	0.0775	0.0048	1.0000
HAMBI_0403_chrm01_circ_319251	PS_Ct_r01_2016_02_08_L002	3	0.0986	0.0046	1.0000
HAMBI_0403_chrm01_circ_319251	PS_Ct_r01_2016_03_07_L001	3	0.0165	0.0049	1.0000
HAMBI_0403_chrm01_circ_319251	PS_Ct_r01_2016_04_03_L001	3	0.0719	0.0033	1.0000
HAMBI_0403_chrm01_circ_319251	PS_Ct_r01_2016_05_04_L001	3	0.0000	0.0000	1.0000
HAMBI_0403_chrm01_circ_319251	PS_Ct_r01_2016_05_30_L001	3	0.3281	0.0075	1.0000
HAMBI_0403_chrm01_circ_319251	PS_Ct_r01_2016_07_25_L004	3	0.0611	0.0035	1.0000
HAMBI_0403_chrm01_circ_319251	PS_Ct_r01_2016_08_22_L004	3	0.0982	0.0057	1.0000
HAMBI_0403_chrm01_circ_319251	PS_Ct_r01_2016_09_19_L004	3	0.0966	0.0058	1.0000
HAMBI_0403_chrm01_circ_319251	PS_Ct_r01_2016_10_17_L004	3	0.0928	0.0052	1.0000
HAMBI_0403_chrm01_circ_319251	PS_Ct_r01_2016_11_14_L004	3	0.1024	0.0053	1.0000
HAMBI_0403_chrm01_circ_319251	PS_Ct_r01_2016_12_12_L004	3	0.1409	0.0059	1.0000
HAMBI_0403_chrm01_circ_319251	PS_Ct_r01_2017_01_09_L002	3	0.2577	0.0075	1.0000
HAMBI_0403_chrm01_circ_319251	PS_Ct_r01_2017_02_06_L004	3	0.1088	0.0060	1.0000
HAMBI_0403_chrm01_circ_319251	PS_Ct_r01_2017_03_06_L001	3	0.1905	0.0068	1.0000
HAMBI_0403_chrm01_circ_319251	PS_Ct_r01_2017_04_03_L001	3	0.1230	0.0049	1.0000
HAMBI_0403_chrm01_circ_319251	PS_Ct_r01_2017_05_29_L001	3	0.1709	0.0063	1.0000
HAMBI_0403_chrm01_circ_319251	PS_Ct_r01_2017_07_24_L001	3	0.1014	0.0049	1.0000
HAMBI_0403_chrm01_circ_319251	PS_Ct_r01_2017_08_21_L002	3	0.0391	0.0035	1.0000
HAMBI_0403_chrm01_circ_3276660	PS_Ct_r01_2015_08_24_L001	3	0.0000	0.0000	1.0000
HAMBI_0403_chrm01_circ_3276660	PS_Ct_r01_2015_09_21_L001	3	0.0000	0.0000	1.0000
HAMBI_0403_chrm01_circ_3276660	PS_Ct_r01_2015_10_19_L001	3	0.0003	0.0017	1.0000
HAMBI_0403_chrm01_circ_3276660	PS_Ct_r01_2015_11_16_L002	3	0.0000	0.0000	1.0000
HAMBI_0403_chrm01_circ_3276660	PS_Ct_r01_2015_12_14_L002	3	0.0101	0.0000	1.0000
HAMBI_0403_chrm01_circ_3276660	PS_Ct_r01_2016_01_11_L002	3	0.0775	0.0048	1.0000
HAMBI_0403_chrm01_circ_3276660	PS_Ct_r01_2016_02_08_L002	3	0.0986	0.0046	1.0000
HAMBI_0403_chrm01_circ_3276660	PS_Ct_r01_2016_03_07_L001	3	0.0165	0.0049	1.0000
HAMBI_0403_chrm01_circ_3276660	PS_Ct_r01_2016_04_03_L001	3	0.0719	0.0033	1.0000
HAMBI_0403_chrm01_circ_3276660	PS_Ct_r01_2016_05_04_L001	3	0.0000	0.0000	1.0000
HAMBI_0403_chrm01_circ_3276660	PS_Ct_r01_2016_05_30_L001	3	0.3281	0.0075	1.0000
HAMBI_0403_chrm01_circ_3276660	PS_Ct_r01_2016_07_25_L004	3	0.0611	0.0035	1.0000
HAMBI_0403_chrm01_circ_3276660	PS_Ct_r01_2016_08_22_L004	3	0.0982	0.0057	1.0000
HAMBI_0403_chrm01_circ_3276660	PS_Ct_r01_2016_09_19_L004	3	0.0966	0.0058	1.0000
HAMBI_0403_chrm01_circ_3276660	PS_Ct_r01_2016_10_17_L004	3	0.0928	0.0052	1.0000
HAMBI_0403_chrm01_circ_3276660	PS_Ct_r01_2016_11_14_L004	3	0.1024	0.0053	1.0000
HAMBI_0403_chrm01_circ_3276660	PS_Ct_r01_2016_12_12_L004	3	0.1409	0.0059	1.0000
HAMBI_0403_chrm01_circ_3276660	PS_Ct_r01_2017_01_09_L002	3	0.2577	0.0075	1.0000
HAMBI_0403_chrm01_circ_3276660	PS_Ct_r01_2017_02_06_L004	3	0.1088	0.0060	1.0000
HAMBI_0403_chrm01_circ_3276660	PS_Ct_r01_2017_03_06_L001	3	0.1905	0.0068	1.0000
HAMBI_0403_chrm01_circ_3276660	PS_Ct_r01_2017_04_03_L001	3	0.1230	0.0049	1.0000
HAMBI_0403_chrm01_circ_3276660	PS_Ct_r01_2017_05_29_L001	3	0.1709	0.0063	1.0000
HAMBI_0403_chrm01_circ_3276660	PS_Ct_r01_2017_07_24_L001	3	0.1014	0.0049	1.0000
HAMBI_0403_chrm01_circ_3276660	PS_Ct_r01_2017_08_21_L002	3	0.0391	0.0035	1.0000
HAMBI_0403_chrm01_circ_3287633	PS_Ct_r01_2015_08_24_L001	3	0.0000	0.0000	1.0000
HAMBI_0403_chrm01_circ_3287633	PS_Ct_r01_2015_09_21_L001	3	0.0000	0.0000	1.0000
HAMBI_0403_chrm01_circ_3287633	PS_Ct_r01_2015_10_19_L001	3	0.0003	0.0017	1.0000
HAMBI_0403_chrm01_circ_3287633	PS_Ct_r01_2015_11_16_L002	3	0.0000	0.0000	1.0000
HAMBI_0403_chrm01_circ_3287633	PS_Ct_r01_2015_12_14_L002	3	0.0101	0.0000	1.0000
HAMBI_0403_chrm01_circ_3287633	PS_Ct_r01_2016_01_11_L002	3	0.0775	0.0048	1.0000
HAMBI_0403_chrm01_circ_3287633	PS_Ct_r01_2016_02_08_L002	3	0.0986	0.0046	1.0000
HAMBI_0403_chrm01_circ_3287633	PS_Ct_r01_2016_03_07_L001	3	0.0165	0.0049	1.0000
HAMBI_0403_chrm01_circ_3287633	PS_Ct_r01_2016_04_03_L001	3	0.0719	0.0033	1.0000
HAMBI_0403_chrm01_circ_3287633	PS_Ct_r01_2016_05_04_L001	3	0.0000	0.0000	1.0000
HAMBI_0403_chrm01_circ_3287633	PS_Ct_r01_2016_05_30_L001	3	0.3281	0.0075	1.0000
HAMBI_0403_chrm01_circ_3287633	PS_Ct_r01_2016_07_25_L004	3	0.0611	0.0035	1.0000
HAMBI_0403_chrm01_circ_3287633	PS_Ct_r01_2016_08_22_L004	3	0.0982	0.0057	1.0000
HAMBI_0403_chrm01_circ_3287633	PS_Ct_r01_2016_09_19_L004	3	0.0966	0.0058	1.0000
HAMBI_0403_chrm01_circ_3287633	PS_Ct_r01_2016_10_17_L004	3	0.0928	0.0052	1.0000
HAMBI_0403_chrm01_circ_3287633	PS_Ct_r01_2016_11_14_L004	3	0.1024	0.0053	1.0000
HAMBI_0403_chrm01_circ_3287633	PS_Ct_r01_2016_12_12_L004	3	0.1409	0.0059	1.0000
HAMBI_0403_chrm01_circ_3287633	PS_Ct_r01_2017_01_09_L002	3	0.2577	0.0075	1.0000
HAMBI_0403_chrm01_circ_3287633	PS_Ct_r01_2017_02_06_L004	3	0.1088	0.0060	1.0000
HAMBI_0403_chrm01_circ_3287633	PS_Ct_r01_2017_03_06_L001	3	0.1905	0.0068	1.0000
HAMBI_0403_chrm01_circ_3287633	PS_Ct_r01_2017_04_03_L001	3	0.1230	0.0049	1.0000
HAMBI_0403_chrm01_circ_3287633	PS_Ct_r01_2017_05_29_L001	3	0.1709	0.0063	1.0000
HAMBI_0403_chrm01_circ_3287633	PS_Ct_r01_2017_07_24_L001	3	0.1014	0.0049	1.0000
HAMBI_0403_chrm01_circ_3287633	PS_Ct_r01_2017_08_21_L002	3	0.0391	0.0035	1.0000
HAMBI_0403_chrm01_circ_3394128	PS_Ct_r01_2015_08_24_L001	3	0.0000	0.0000	1.0000
HAMBI_0403_chrm01_circ_3394128	PS_Ct_r01_2015_09_21_L001	3	0.0000	0.0000	1.0000
HAMBI_0403_chrm01_circ_3394128	PS_Ct_r01_2015_10_19_L001	3	0.0003	0.0017	1.0000
HAMBI_0403_chrm01_circ_3394128	PS_Ct_r01_2015_11_16_L002	3	0.0000	0.0000	1.0000
HAMBI_0403_chrm01_circ_3394128	PS_Ct_r01_2015_12_14_L002	3	0.0101	0.0000	1.0000
HAMBI_0403_chrm01_circ_3394128	PS_Ct_r01_2016_01_11_L002	3	0.0775	0.0048	1.0000
HAMBI_0403_chrm01_circ_3394128	PS_Ct_r01_2016_02_08_L002	3	0.0986	0.0046	1.0000
HAMBI_0403_chrm01_circ_3394128	PS_Ct_r01_2016_03_07_L001	3	0.0165	0.0049	1.0000
HAMBI_0403_chrm01_circ_3394128	PS_Ct_r01_2016_04_03_L001	3	0.0719	0.0033	1.0000
HAMBI_0403_chrm01_circ_3394128	PS_Ct_r01_2016_05_04_L001	3	0.0000	0.0000	1.0000
HAMBI_0403_chrm01_circ_3394128	PS_Ct_r01_2016_05_30_L001	3	0.3281	0.0075	1.0000
HAMBI_0403_chrm01_circ_3394128	PS_Ct_r01_2016_07_25_L004	3	0.0611	0.0035	1.0000
HAMBI_0403_chrm01_circ_3394128	PS_Ct_r01_2016_08_22_L004	3	0.0982	0.0057	1.0000
HAMBI_0403_chrm01_circ_3394128	PS_Ct_r01_2016_09_19_L004	3	0.0966	0.0058	1.0000
HAMBI_0403_chrm01_circ_3394128	PS_Ct_r01_2016_10_17_L004	3	0.0928	0.0052	1.0000
HAMBI_0403_chrm01_circ_3394128	PS_Ct_r01_2016_11_14_L004	3	0.1024	0.0053	1.0000
HAMBI_0403_chrm01_circ_3394128	PS_Ct_r01_2016_12_12_L004	3	0.1409	0.0059	1.0000
HAMBI_0403_chrm01_circ_3394128	PS_Ct_r01_2017_01_09_L002	3	0.2577	0.0075	1.0000
HAMBI_0403_chrm01_circ_3394128	PS_Ct_r01_2017_02_06_L004	3	0.1088	0.0060	1.0000
HAMBI_0403_chrm01_circ_3394128	PS_Ct_r01_2017_03_06_L001	3	0.1905	0.0068	1.0000
HAMBI_0403_chrm01_circ_3394128	PS_Ct_r01_2017_04_03_L001	3	0.1230	0.0049	1.0000
HAMBI_0403_chrm01_circ_3394128	PS_Ct_r01_2017_05_29_L001	3	0.1709	0.0063	1.0000
HAMBI_0403_chrm01_circ_3394128	PS_Ct_r01_2017_07_24_L001	3	0.1014	0.0049	1.0000
HAMBI_0403_chrm01_circ_3394128	PS_Ct_r01_2017_08_21_L002	3	0.0391	0.0035	1.0000
HAMBI_0403_chrm01_circ_3434226	PS_Ct_r01_2015_08_24_L001	3	0.0000	0.0000	1.0000
HAMBI_0403_chrm01_circ_3434226	PS_Ct_r01_2015_09_21_L001	3	0.0000	0.0000	1.0000
HAMBI_0403_chrm01_circ_3434226	PS_Ct_r01_2015_10_19_L001	3	0.0003	0.0017	1.0000
HAMBI_0403_chrm01_circ_3434226	PS_Ct_r01_2015_11_16_L002	3	0.0000	0.0000	1.0000
HAMBI_0403_chrm01_circ_3434226	PS_Ct_r01_2015_12_14_L002	3	0.0101	0.0000	1.0000
HAMBI_0403_chrm01_circ_3434226	PS_Ct_r01_2016_01_11_L002	3	0.0775	0.0048	1.0000
HAMBI_0403_chrm01_circ_3434226	PS_Ct_r01_2016_02_08_L002	3	0.0986	0.0046	1.0000
HAMBI_0403_chrm01_circ_3434226	PS_Ct_r01_2016_03_07_L001	3	0.0165	0.0049	1.0000
HAMBI_0403_chrm01_circ_3434226	PS_Ct_r01_2016_04_03_L001	3	0.0719	0.0033	1.0000
HAMBI_0403_chrm01_circ_3434226	PS_Ct_r01_2016_05_04_L001	3	0.0000	0.0000	1.0000
HAMBI_0403_chrm01_circ_3434226	PS_Ct_r01_2016_05_30_L001	3	0.3281	0.0075	1.0000
HAMBI_0403_chrm01_circ_3434226	PS_Ct_r01_2016_07_25_L004	3	0.0611	0.0035	1.0000
HAMBI_0403_chrm01_circ_3434226	PS_Ct_r01_2016_08_22_L004	3	0.0982	0.0057	1.0000
HAMBI_0403_chrm01_circ_3434226	PS_Ct_r01_2016_09_19_L004	3	0.0966	0.0058	1.0000
HAMBI_0403_chrm01_circ_3434226	PS_Ct_r01_2016_10_17_L004	3	0.0928	0.0052	1.0000
HAMBI_0403_chrm01_circ_3434226	PS_Ct_r01_2016_11_14_L004	3	0.1024	0.0053	1.0000
HAMBI_0403_chrm01_circ_3434226	PS_Ct_r01_2016_12_12_L004	3	0.1409	0.0059	1.0000
HAMBI_0403_chrm01_circ_3434226	PS_Ct_r01_2017_01_09_L002	3	0.2577	0.0075	1.0000
HAMBI_0403_chrm01_circ_3434226	PS_Ct_r01_2017_02_06_L004	3	0.1088	0.0060	1.0000
HAMBI_0403_chrm01_circ_3434226	PS_Ct_r01_2017_03_06_L001	3	0.1905	0.0068	1.0000
HAMBI_0403_chrm01_circ_3434226	PS_Ct_r01_2017_04_03_L001	3	0.1230	0.0049	1.0000
HAMBI_0403_chrm01_circ_3434226	PS_Ct_r01_2017_05_29_L001	3	0.1709	0.0063	1.0000
HAMBI_0403_chrm01_circ_3434226	PS_Ct_r01_2017_07_24_L001	3	0.1014	0.0049	1.0000
HAMBI_0403_chrm01_circ_3434226	PS_Ct_r01_2017_08_21_L002	3	0.0391	0.0035	1.0000
HAMBI_0403_chrm01_circ_3498321	PS_Ct_r01_2015_08_24_L001	3	0.0000	0.0000	1.0000
HAMBI_0403_chrm01_circ_3498321	PS_Ct_r01_2015_09_21_L001	3	0.0000	0.0000	1.0000
HAMBI_0403_chrm01_circ_3498321	PS_Ct_r01_2015_10_19_L001	3	0.0003	0.0017	1.0000
HAMBI_0403_chrm01_circ_3498321	PS_Ct_r01_2015_11_16_L002	3	0.0000	0.0000	1.0000
HAMBI_0403_chrm01_circ_3498321	PS_Ct_r01_2015_12_14_L002	3	0.0101	0.0000	1.0000
HAMBI_0403_chrm01_circ_3498321	PS_Ct_r01_2016_01_11_L002	3	0.0775	0.0048	1.0000
HAMBI_0403_chrm01_circ_3498321	PS_Ct_r01_2016_02_08_L002	3	0.0986	0.0046	1.0000
HAMBI_0403_chrm01_circ_3498321	PS_Ct_r01_2016_03_07_L001	3	0.0165	0.0049	1.0000
HAMBI_0403_chrm01_circ_3498321	PS_Ct_r01_2016_04_03_L001	3	0.0719	0.0033	1.0000
HAMBI_0403_chrm01_circ_3498321	PS_Ct_r01_2016_05_04_L001	3	0.0000	0.0000	1.0000
HAMBI_0403_chrm01_circ_3498321	PS_Ct_r01_2016_05_30_L001	3	0.3281	0.0075	1.0000
HAMBI_0403_chrm01_circ_3498321	PS_Ct_r01_2016_07_25_L004	3	0.0611	0.0035	1.0000
HAMBI_0403_chrm01_circ_3498321	PS_Ct_r01_2016_08_22_L004	3	0.0982	0.0057	1.0000
HAMBI_0403_chrm01_circ_3498321	PS_Ct_r01_2016_09_19_L004	3	0.0966	0.0058	1.0000
HAMBI_0403_chrm01_circ_3498321	PS_Ct_r01_2016_10_17_L004	3	0.0928	0.0052	1.0000
HAMBI_0403_chrm01_circ_3498321	PS_Ct_r01_2016_11_14_L004	3	0.1024	0.0053	1.0000
HAMBI_0403_chrm01_circ_3498321	PS_Ct_r01_2016_12_12_L004	3	0.1409	0.0059	1.0000
HAMBI_0403_chrm01_circ_3498321	PS_Ct_r01_2017_01_09_L002	3	0.2577	0.0075	1.0000
HAMBI_0403_chrm01_circ_3498321	PS_Ct_r01_2017_02_06_L004	3	0.1088	0.0060	1.0000
HAMBI_0403_chrm01_circ_3498321	PS_Ct_r01_2017_03_06_L001	3	0.1905	0.0068	1.0000
HAMBI_0403_chrm01_circ_3498321	PS_Ct_r01_2017_04_03_L001	3	0.1230	0.0049	1.0000
HAMBI_0403_chrm01_circ_3498321	PS_Ct_r01_2017_05_29_L001	3	0.1709	0.0063	1.0000
HAMBI_0403_chrm01_circ_3498321	PS_Ct_r01_2017_07_24_L001	3	0.1014	0.0049	1.0000
HAMBI_0403_chrm01_circ_3498321	PS_Ct_r01_2017_08_21_L002	3	0.0391	0.0035	1.0000
HAMBI_0403_chrm01_circ_3898152	PS_Ct_r01_2015_08_24_L001	3	0.0000	0.0000	1.0000
HAMBI_0403_chrm01_circ_3898152	PS_Ct_r01_2015_09_21_L001	3	0.0000	0.0000	1.0000
HAMBI_0403_chrm01_circ_3898152	PS_Ct_r01_2015_10_19_L001	3	0.0003	0.0017	1.0000
HAMBI_0403_chrm01_circ_3898152	PS_Ct_r01_2015_11_16_L002	3	0.0000	0.0000	1.0000
HAMBI_0403_chrm01_circ_3898152	PS_Ct_r01_2015_12_14_L002	3	0.0101	0.0000	1.0000
HAMBI_0403_chrm01_circ_3898152	PS_Ct_r01_2016_01_11_L002	3	0.0775	0.0048	1.0000
HAMBI_0403_chrm01_circ_3898152	PS_Ct_r01_2016_02_08_L002	3	0.0986	0.0046	1.0000
HAMBI_0403_chrm01_circ_3898152	PS_Ct_r01_2016_03_07_L001	3	0.0165	0.0049	1.0000
HAMBI_0403_chrm01_circ_3898152	PS_Ct_r01_2016_04_03_L001	3	0.0719	0.0033	1.0000
HAMBI_0403_chrm01_circ_3898152	PS_Ct_r01_2016_05_04_L001	3	0.0000	0.0000	1.0000
HAMBI_0403_chrm01_circ_3898152	PS_Ct_r01_2016_05_30_L001	3	0.3281	0.0075	1.0000
HAMBI_0403_chrm01_circ_3898152	PS_Ct_r01_2016_07_25_L004	3	0.0611	0.0035	1.0000
HAMBI_0403_chrm01_circ_3898152	PS_Ct_r01_2016_08_22_L004	3	0.0982	0.0057	1.0000
HAMBI_0403_chrm01_circ_3898152	PS_Ct_r01_2016_09_19_L004	3	0.0966	0.0058	1.0000
HAMBI_0403_chrm01_circ_3898152	PS_Ct_r01_2016_10_17_L004	3	0.0928	0.0052	1.0000
HAMBI_0403_chrm01_circ_3898152	PS_Ct_r01_2016_11_14_L004	3	0.1024	0.0053	1.0000
HAMBI_0403_chrm01_circ_3898152	PS_Ct_r01_2016_12_12_L004	3	0.1409	0.0059	1.0000
HAMBI_0403_chrm01_circ_3898152	PS_Ct_r01_2017_01_09_L002	3	0.2577	0.0075	1.0000
HAMBI_0403_chrm01_circ_3898152	PS_Ct_r01_2017_02_06_L004	3	0.1088	0.0060	1.0000
HAMBI_0403_chrm01_circ_3898152	PS_Ct_r01_2017_03_06_L001	3	0.1905	0.0068	1.0000
HAMBI_0403_chrm01_circ_3898152	PS_Ct_r01_2017_04_03_L001	3	0.1230	0.0049	1.0000
HAMBI_0403_chrm01_circ_3898152	PS_Ct_r01_2017_05_29_L001	3	0.1709	0.0063	1.0000
HAMBI_0403_chrm01_circ_3898152	PS_Ct_r01_2017_07_24_L001	3	0.1014	0.0049	1.0000
HAMBI_0403_chrm01_circ_3898152	PS_Ct_r01_2017_08_21_L002	3	0.0391	0.0035	1.0000
HAMBI_0403_chrm01_circ_3908128	PS_Ct_r01_2015_08_24_L001	3	0.0000	0.0000	1.0000
HAMBI_0403_chrm01_circ_3908128	PS_Ct_r01_2015_09_21_L001	3	0.0000	0.0000	1.0000
HAMBI_0403_chrm01_circ_3908128	PS_Ct_r01_2015_10_19_L001	3	0.0003	0.0017	1.0000
HAMBI_0403_chrm01_circ_3908128	PS_Ct_r01_2015_11_16_L002	3	0.0000	0.0000	1.0000
HAMBI_0403_chrm01_circ_3908128	PS_Ct_r01_2015_12_14_L002	3	0.0101	0.0000	1.0000
HAMBI_0403_chrm01_circ_3908128	PS_Ct_r01_2016_01_11_L002	3	0.0775	0.0048	1.0000
HAMBI_0403_chrm01_circ_3908128	PS_Ct_r01_2016_02_08_L002	3	0.0986	0.0046	1.0000
HAMBI_0403_chrm01_circ_3908128	PS_Ct_r01_2016_03_07_L001	3	0.0165	0.0049	1.0000
HAMBI_0403_chrm01_circ_3908128	PS_Ct_r01_2016_04_03_L001	3	0.0719	0.0033	1.0000
HAMBI_0403_chrm01_circ_3908128	PS_Ct_r01_2016_05_04_L001	3	0.0000	0.0000	1.0000
HAMBI_0403_chrm01_circ_3908128	PS_Ct_r01_2016_05_30_L001	3	0.3281	0.0075	1.0000
HAMBI_0403_chrm01_circ_3908128	PS_Ct_r01_2016_07_25_L004	3	0.0611	0.0035	1.0000
HAMBI_0403_chrm01_circ_3908128	PS_Ct_r01_2016_08_22_L004	3	0.0982	0.0057	1.0000
HAMBI_0403_chrm01_circ_3908128	PS_Ct_r01_2016_09_19_L004	3	0.0966	0.0058	1.0000
HAMBI_0403_chrm01_circ_3908128	PS_Ct_r01_2016_10_17_L004	3	0.0928	0.0052	1.0000
HAMBI_0403_chrm01_circ_3908128	PS_Ct_r01_2016_11_14_L004	3	0.1024	0.0053	1.0000
HAMBI_0403_chrm01_circ_3908128	PS_Ct_r01_2016_12_12_L004	3	0.1409	0.0059	1.0000
HAMBI_0403_chrm01_circ_3908128	PS_Ct_r01_2017_01_09_L002	3	0.2577	0.0075	1.0000
HAMBI_0403_chrm01_circ_3908128	PS_Ct_r01_2017_02_06_L004	3	0.1088	0.0060	1.0000
HAMBI_0403_chrm01_circ_3908128	PS_Ct_r01_2017_03_06_L001	3	0.1905	0.0068	1.0000
HAMBI_0403_chrm01_circ_3908128	PS_Ct_r01_2017_04_03_L001	3	0.1230	0.0049	1.0000
HAMBI_0403_chrm01_circ_3908128	PS_Ct_r01_2017_05_29_L001	3	0.1709	0.0063	1.0000
HAMBI_0403_chrm01_circ_3908128	PS_Ct_r01_2017_07_24_L001	3	0.1014	0.0049	1.0000
HAMBI_0403_chrm01_circ_3908128	PS_Ct_r01_2017_08_21_L002	3	0.0391	0.0035	1.0000
HAMBI_0403_chrm01_circ_4032294	PS_Ct_r01_2015_08_24_L001	3	0.0000	0.0000	1.0000
HAMBI_0403_chrm01_circ_4032294	PS_Ct_r01_2015_09_21_L001	3	0.0000	0.0000	1.0000
HAMBI_0403_chrm01_circ_4032294	PS_Ct_r01_2015_10_19_L001	3	0.0003	0.0017	1.0000
HAMBI_0403_chrm01_circ_4032294	PS_Ct_r01_2015_11_16_L002	3	0.0000	0.0000	1.0000
HAMBI_0403_chrm01_circ_4032294	PS_Ct_r01_2015_12_14_L002	3	0.0101	0.0000	1.0000
HAMBI_0403_chrm01_circ_4032294	PS_Ct_r01_2016_01_11_L002	3	0.0775	0.0048	1.0000
HAMBI_0403_chrm01_circ_4032294	PS_Ct_r01_2016_02_08_L002	3	0.0986	0.0046	1.0000
HAMBI_0403_chrm01_circ_4032294	PS_Ct_r01_2016_03_07_L001	3	0.0165	0.0049	1.0000
HAMBI_0403_chrm01_circ_4032294	PS_Ct_r01_2016_04_03_L001	3	0.0719	0.0033	1.0000
HAMBI_0403_chrm01_circ_4032294	PS_Ct_r01_2016_05_04_L001	3	0.0000	0.0000	1.0000
HAMBI_0403_chrm01_circ_4032294	PS_Ct_r01_2016_05_30_L001	3	0.3281	0.0075	1.0000
HAMBI_0403_chrm01_circ_4032294	PS_Ct_r01_2016_07_25_L004	3	0.0611	0.0035	1.0000
HAMBI_0403_chrm01_circ_4032294	PS_Ct_r01_2016_08_22_L004	3	0.0982	0.0057	1.0000
HAMBI_0403_chrm01_circ_4032294	PS_Ct_r01_2016_09_19_L004	3	0.0966	0.0058	1.0000
HAMBI_0403_chrm01_circ_4032294	PS_Ct_r01_2016_10_17_L004	3	0.0928	0.0052	1.0000
HAMBI_0403_chrm01_circ_4032294	PS_Ct_r01_2016_11_14_L004	3	0.1024	0.0053	1.0000
HAMBI_0403_chrm01_circ_4032294	PS_Ct_r01_2016_12_12_L004	3	0.1409	0.0059	1.0000
HAMBI_0403_chrm01_circ_4032294	PS_Ct_r01_2017_01_09_L002	3	0.2577	0.0075	1.0000
HAMBI_0403_chrm01_circ_4032294	PS_Ct_r01_2017_02_06_L004	3	0.1088	0.0060	1.0000
HAMBI_0403_chrm01_circ_4032294	PS_Ct_r01_2017_03_06_L001	3	0.1905	0.0068	1.0000
HAMBI_0403_chrm01_circ_4032294	PS_Ct_r01_2017_04_03_L001	3	0.1230	0.0049	1.0000
HAMBI_0403_chrm01_circ_4032294	PS_Ct_r01_2017_05_29_L001	3	0.1709	0.0063	1.0000
HAMBI_0403_chrm01_circ_4032294	PS_Ct_r01_2017_07_24_L001	3	0.1014	0.0049	1.0000
HAMBI_0403_chrm01_circ_4032294	PS_Ct_r01_2017_08_21_L002	3	0.0391	0.0035	1.0000
HAMBI_0403_chrm01_circ_4116244	PS_Ct_r01_2015_08_24_L001	3	0.0000	0.0000	0.9472
HAMBI_0403_chrm01_circ_4116244	PS_Ct_r01_2015_09_21_L001	3	0.0000	0.0000	0.9472
HAMBI_0403_chrm01_circ_4116244	PS_Ct_r01_2015_10_19_L001	3	0.0003	0.0017	0.9472
HAMBI_0403_chrm01_circ_4116244	PS_Ct_r01_2015_11_16_L002	3	0.0000	0.0000	0.9472
HAMBI_0403_chrm01_circ_4116244	PS_Ct_r01_2015_12_14_L002	3	0.0101	0.0000	0.9472
HAMBI_0403_chrm01_circ_4116244	PS_Ct_r01_2016_01_11_L002	3	0.0775	0.0048	0.9472
HAMBI_0403_chrm01_circ_4116244	PS_Ct_r01_2016_02_08_L002	3	0.0986	0.0046	0.9472
HAMBI_0403_chrm01_circ_4116244	PS_Ct_r01_2016_03_07_L001	3	0.0165	0.0049	0.9472
HAMBI_0403_chrm01_circ_4116244	PS_Ct_r01_2016_04_03_L001	3	0.0719	0.0033	0.9472
HAMBI_0403_chrm01_circ_4116244	PS_Ct_r01_2016_05_04_L001	3	0.0000	0.0000	0.9472
HAMBI_0403_chrm01_circ_4116244	PS_Ct_r01_2016_05_30_L001	3	0.3281	0.0075	0.9472
HAMBI_0403_chrm01_circ_4116244	PS_Ct_r01_2016_07_25_L004	3	0.0611	0.0035	0.9472
HAMBI_0403_chrm01_circ_4116244	PS_Ct_r01_2016_08_22_L004	3	0.0982	0.0057	0.9472
HAMBI_0403_chrm01_circ_4116244	PS_Ct_r01_2016_09_19_L004	3	0.0966	0.0058	0.9472
HAMBI_0403_chrm01_circ_4116244	PS_Ct_r01_2016_10_17_L004	3	0.0928	0.0052	0.9472
HAMBI_0403_chrm01_circ_4116244	PS_Ct_r01_2016_11_14_L004	3	0.1024	0.0053	0.9472
HAMBI_0403_chrm01_circ_4116244	PS_Ct_r01_2016_12_12_L004	3	0.1409	0.0059	0.9472
HAMBI_0403_chrm01_circ_4116244	PS_Ct_r01_2017_01_09_L002	3	0.2577	0.0075	0.9472
HAMBI_0403_chrm01_circ_4116244	PS_Ct_r01_2017_02_06_L004	3	0.1088	0.0060	0.9472
HAMBI_0403_chrm01_circ_4116244	PS_Ct_r01_2017_03_06_L001	3	0.1905	0.0068	0.9472
HAMBI_0403_chrm01_circ_4116244	PS_Ct_r01_2017_04_03_L001	3	0.1230	0.0049	0.9472
HAMBI_0403_chrm01_circ_4116244	PS_Ct_r01_2017_05_29_L001	3	0.1709	0.0063	0.9472
HAMBI_0403_chrm01_circ_4116244	PS_Ct_r01_2017_07_24_L001	3	0.1014	0.0049	0.9472
HAMBI_0403_chrm01_circ_4116244	PS_Ct_r01_2017_08_21_L002	3	0.0391	0.0035	0.9472
HAMBI_0403_chrm01_circ_4122757	PS_Ct_r01_2015_08_24_L001	3	0.0000	0.0000	1.0000
HAMBI_0403_chrm01_circ_4122757	PS_Ct_r01_2015_09_21_L001	3	0.0000	0.0000	1.0000
HAMBI_0403_chrm01_circ_4122757	PS_Ct_r01_2015_10_19_L001	3	0.0003	0.0017	1.0000
HAMBI_0403_chrm01_circ_4122757	PS_Ct_r01_2015_11_16_L002	3	0.0000	0.0000	1.0000
HAMBI_0403_chrm01_circ_4122757	PS_Ct_r01_2015_12_14_L002	3	0.0101	0.0000	1.0000
HAMBI_0403_chrm01_circ_4122757	PS_Ct_r01_2016_01_11_L002	3	0.0775	0.0048	1.0000
HAMBI_0403_chrm01_circ_4122757	PS_Ct_r01_2016_02_08_L002	3	0.0986	0.0046	1.0000
HAMBI_0403_chrm01_circ_4122757	PS_Ct_r01_2016_03_07_L001	3	0.0165	0.0049	1.0000
HAMBI_0403_chrm01_circ_4122757	PS_Ct_r01_2016_04_03_L001	3	0.0719	0.0033	1.0000
HAMBI_0403_chrm01_circ_4122757	PS_Ct_r01_2016_05_04_L001	3	0.0000	0.0000	1.0000
HAMBI_0403_chrm01_circ_4122757	PS_Ct_r01_2016_05_30_L001	3	0.3281	0.0075	1.0000
HAMBI_0403_chrm01_circ_4122757	PS_Ct_r01_2016_07_25_L004	3	0.0611	0.0035	1.0000
HAMBI_0403_chrm01_circ_4122757	PS_Ct_r01_2016_08_22_L004	3	0.0982	0.0057	1.0000
HAMBI_0403_chrm01_circ_4122757	PS_Ct_r01_2016_09_19_L004	3	0.0966	0.0058	1.0000
HAMBI_0403_chrm01_circ_4122757	PS_Ct_r01_2016_10_17_L004	3	0.0928	0.0052	1.0000
HAMBI_0403_chrm01_circ_4122757	PS_Ct_r01_2016_11_14_L004	3	0.1024	0.0053	1.0000
HAMBI_0403_chrm01_circ_4122757	PS_Ct_r01_2016_12_12_L004	3	0.1409	0.0059	1.0000
HAMBI_0403_chrm01_circ_4122757	PS_Ct_r01_2017_01_09_L002	3	0.2577	0.0075	1.0000
HAMBI_0403_chrm01_circ_4122757	PS_Ct_r01_2017_02_06_L004	3	0.1088	0.0060	1.0000
HAMBI_0403_chrm01_circ_4122757	PS_Ct_r01_2017_03_06_L001	3	0.1905	0.0068	1.0000
HAMBI_0403_chrm01_circ_4122757	PS_Ct_r01_2017_04_03_L001	3	0.1230	0.0049	1.0000
HAMBI_0403_chrm01_circ_4122757	PS_Ct_r01_2017_05_29_L001	3	0.1709	0.0063	1.0000
HAMBI_0403_chrm01_circ_4122757	PS_Ct_r01_2017_07_24_L001	3	0.1014	0.0049	1.0000
HAMBI_0403_chrm01_circ_4122757	PS_Ct_r01_2017_08_21_L002	3	0.0391	0.0035	1.0000
HAMBI_0403_chrm01_circ_4211111	PS_Ct_r01_2015_08_24_L001	3	0.0000	0.0000	1.0000
HAMBI_0403_chrm01_circ_4211111	PS_Ct_r01_2015_09_21_L001	3	0.0000	0.0000	1.0000
HAMBI_0403_chrm01_circ_4211111	PS_Ct_r01_2015_10_19_L001	3	0.0003	0.0017	1.0000
HAMBI_0403_chrm01_circ_4211111	PS_Ct_r01_2015_11_16_L002	3	0.0000	0.0000	1.0000
HAMBI_0403_chrm01_circ_4211111	PS_Ct_r01_2015_12_14_L002	3	0.0101	0.0000	1.0000
HAMBI_0403_chrm01_circ_4211111	PS_Ct_r01_2016_01_11_L002	3	0.0775	0.0048	1.0000
HAMBI_0403_chrm01_circ_4211111	PS_Ct_r01_2016_02_08_L002	3	0.0986	0.0046	1.0000
HAMBI_0403_chrm01_circ_4211111	PS_Ct_r01_2016_03_07_L001	3	0.0165	0.0049	1.0000
HAMBI_0403_chrm01_circ_4211111	PS_Ct_r01_2016_04_03_L001	3	0.0719	0.0033	1.0000
HAMBI_0403_chrm01_circ_4211111	PS_Ct_r01_2016_05_04_L001	3	0.0000	0.0000	1.0000
HAMBI_0403_chrm01_circ_4211111	PS_Ct_r01_2016_05_30_L001	3	0.3281	0.0075	1.0000
HAMBI_0403_chrm01_circ_4211111	PS_Ct_r01_2016_07_25_L004	3	0.0611	0.0035	1.0000
HAMBI_0403_chrm01_circ_4211111	PS_Ct_r01_2016_08_22_L004	3	0.0982	0.0057	1.0000
HAMBI_0403_chrm01_circ_4211111	PS_Ct_r01_2016_09_19_L004	3	0.0966	0.0058	1.0000
HAMBI_0403_chrm01_circ_4211111	PS_Ct_r01_2016_10_17_L004	3	0.0928	0.0052	1.0000
HAMBI_0403_chrm01_circ_4211111	PS_Ct_r01_2016_11_14_L004	3	0.1024	0.0053	1.0000
HAMBI_0403_chrm01_circ_4211111	PS_Ct_r01_2016_12_12_L004	3	0.1409	0.0059	1.0000
HAMBI_0403_chrm01_circ_4211111	PS_Ct_r01_2017_01_09_L002	3	0.2577	0.0075	1.0000
HAMBI_0403_chrm01_circ_4211111	PS_Ct_r01_2017_02_06_L004	3	0.1088	0.0060	1.0000
HAMBI_0403_chrm01_circ_4211111	PS_Ct_r01_2017_03_06_L001	3	0.1905	0.0068	1.0000
HAMBI_0403_chrm01_circ_4211111	PS_Ct_r01_2017_04_03_L001	3	0.1230	0.0049	1.0000
HAMBI_0403_chrm01_circ_4211111	PS_Ct_r01_2017_05_29_L001	3	0.1709	0.0063	1.0000
HAMBI_0403_chrm01_circ_4211111	PS_Ct_r01_2017_07_24_L001	3	0.1014	0.0049	1.0000
HAMBI_0403_chrm01_circ_4211111	PS_Ct_r01_2017_08_21_L002	3	0.0391	0.0035	1.0000
HAMBI_0403_chrm01_circ_4221306	PS_Ct_r01_2015_08_24_L001	3	0.0000	0.0000	1.0000
HAMBI_0403_chrm01_circ_4221306	PS_Ct_r01_2015_09_21_L001	3	0.0000	0.0000	1.0000
HAMBI_0403_chrm01_circ_4221306	PS_Ct_r01_2015_10_19_L001	3	0.0003	0.0017	1.0000
HAMBI_0403_chrm01_circ_4221306	PS_Ct_r01_2015_11_16_L002	3	0.0000	0.0000	1.0000
HAMBI_0403_chrm01_circ_4221306	PS_Ct_r01_2015_12_14_L002	3	0.0101	0.0000	1.0000
HAMBI_0403_chrm01_circ_4221306	PS_Ct_r01_2016_01_11_L002	3	0.0775	0.0048	1.0000
HAMBI_0403_chrm01_circ_4221306	PS_Ct_r01_2016_02_08_L002	3	0.0986	0.0046	1.0000
HAMBI_0403_chrm01_circ_4221306	PS_Ct_r01_2016_03_07_L001	3	0.0165	0.0049	1.0000
HAMBI_0403_chrm01_circ_4221306	PS_Ct_r01_2016_04_03_L001	3	0.0719	0.0033	1.0000
HAMBI_0403_chrm01_circ_4221306	PS_Ct_r01_2016_05_04_L001	3	0.0000	0.0000	1.0000
HAMBI_0403_chrm01_circ_4221306	PS_Ct_r01_2016_05_30_L001	3	0.3281	0.0075	1.0000
HAMBI_0403_chrm01_circ_4221306	PS_Ct_r01_2016_07_25_L004	3	0.0611	0.0035	1.0000
HAMBI_0403_chrm01_circ_4221306	PS_Ct_r01_2016_08_22_L004	3	0.0982	0.0057	1.0000
HAMBI_0403_chrm01_circ_4221306	PS_Ct_r01_2016_09_19_L004	3	0.0966	0.0058	1.0000
HAMBI_0403_chrm01_circ_4221306	PS_Ct_r01_2016_10_17_L004	3	0.0928	0.0052	1.0000
HAMBI_0403_chrm01_circ_4221306	PS_Ct_r01_2016_11_14_L004	3	0.1024	0.0053	1.0000
HAMBI_0403_chrm01_circ_4221306	PS_Ct_r01_2016_12_12_L004	3	0.1409	0.0059	1.0000
HAMBI_0403_chrm01_circ_4221306	PS_Ct_r01_2017_01_09_L002	3	0.2577	0.0075	1.0000
HAMBI_0403_chrm01_circ_4221306	PS_Ct_r01_2017_02_06_L004	3	0.1088	0.0060	1.0000
HAMBI_0403_chrm01_circ_4221306	PS_Ct_r01_2017_03_06_L001	3	0.1905	0.0068	1.0000
HAMBI_0403_chrm01_circ_4221306	PS_Ct_r01_2017_04_03_L001	3	0.1230	0.0049	1.0000
HAMBI_0403_chrm01_circ_4221306	PS_Ct_r01_2017_05_29_L001	3	0.1709	0.0063	1.0000
HAMBI_0403_chrm01_circ_4221306	PS_Ct_r01_2017_07_24_L001	3	0.1014	0.0049	1.0000
HAMBI_0403_chrm01_circ_4221306	PS_Ct_r01_2017_08_21_L002	3	0.0391	0.0035	1.0000
HAMBI_0403_chrm01_circ_4313184	PS_Ct_r01_2015_08_24_L001	3	0.0000	0.0000	0.5001
HAMBI_0403_chrm01_circ_4313184	PS_Ct_r01_2015_09_21_L001	3	0.0000	0.0000	0.5001
HAMBI_0403_chrm01_circ_4313184	PS_Ct_r01_2015_10_19_L001	3	0.0003	0.0017	0.5001
HAMBI_0403_chrm01_circ_4313184	PS_Ct_r01_2015_11_16_L002	3	0.0000	0.0000	0.5001
HAMBI_0403_chrm01_circ_4313184	PS_Ct_r01_2015_12_14_L002	3	0.0101	0.0000	0.5001
HAMBI_0403_chrm01_circ_4313184	PS_Ct_r01_2016_01_11_L002	3	0.0775	0.0048	0.5001
HAMBI_0403_chrm01_circ_4313184	PS_Ct_r01_2016_02_08_L002	3	0.0986	0.0046	0.5001
HAMBI_0403_chrm01_circ_4313184	PS_Ct_r01_2016_03_07_L001	3	0.0165	0.0049	0.5001
HAMBI_0403_chrm01_circ_4313184	PS_Ct_r01_2016_04_03_L001	3	0.0719	0.0033	0.5001
HAMBI_0403_chrm01_circ_4313184	PS_Ct_r01_2016_05_04_L001	3	0.0000	0.0000	0.5001
HAMBI_0403_chrm01_circ_4313184	PS_Ct_r01_2016_05_30_L001	3	0.3281	0.0075	0.5001
HAMBI_0403_chrm01_circ_4313184	PS_Ct_r01_2016_07_25_L004	3	0.0611	0.0035	0.5001
HAMBI_0403_chrm01_circ_4313184	PS_Ct_r01_2016_08_22_L004	3	0.0982	0.0057	0.5001
HAMBI_0403_chrm01_circ_4313184	PS_Ct_r01_2016_09_19_L004	3	0.0966	0.0058	0.5001
HAMBI_0403_chrm01_circ_4313184	PS_Ct_r01_2016_10_17_L004	3	0.0928	0.0052	0.5001
HAMBI_0403_chrm01_circ_4313184	PS_Ct_r01_2016_11_14_L004	3	0.1024	0.0053	0.5001
HAMBI_0403_chrm01_circ_4313184	PS_Ct_r01_2016_12_12_L004	3	0.1409	0.0059	0.5001
HAMBI_0403_chrm01_circ_4313184	PS_Ct_r01_2017_01_09_L002	3	0.2577	0.0075	0.5001
HAMBI_0403_chrm01_circ_4313184	PS_Ct_r01_2017_02_06_L004	3	0.1088	0.0060	0.5001
HAMBI_0403_chrm01_circ_4313184	PS_Ct_r01_2017_03_06_L001	3	0.1905	0.0068	0.5001
HAMBI_0403_chrm01_circ_4313184	PS_Ct_r01_2017_04_03_L001	3	0.1230	0.0049	0.5001
HAMBI_0403_chrm01_circ_4313184	PS_Ct_r01_2017_05_29_L001	3	0.1709	0.0063	0.5001
HAMBI_0403_chrm01_circ_4313184	PS_Ct_r01_2017_07_24_L001	3	0.1014	0.0049	0.5001
HAMBI_0403_chrm01_circ_4313184	PS_Ct_r01_2017_08_21_L002	3	0.0391	0.0035	0.5001
HAMBI_0403_chrm01_circ_4396594	PS_Ct_r01_2015_08_24_L001	3	0.0000	0.0000	1.0000
HAMBI_0403_chrm01_circ_4396594	PS_Ct_r01_2015_09_21_L001	3	0.0000	0.0000	1.0000
HAMBI_0403_chrm01_circ_4396594	PS_Ct_r01_2015_10_19_L001	3	0.0003	0.0017	1.0000
HAMBI_0403_chrm01_circ_4396594	PS_Ct_r01_2015_11_16_L002	3	0.0000	0.0000	1.0000
HAMBI_0403_chrm01_circ_4396594	PS_Ct_r01_2015_12_14_L002	3	0.0101	0.0000	1.0000
HAMBI_0403_chrm01_circ_4396594	PS_Ct_r01_2016_01_11_L002	3	0.0775	0.0048	1.0000
HAMBI_0403_chrm01_circ_4396594	PS_Ct_r01_2016_02_08_L002	3	0.0986	0.0046	1.0000
HAMBI_0403_chrm01_circ_4396594	PS_Ct_r01_2016_03_07_L001	3	0.0165	0.0049	1.0000
HAMBI_0403_chrm01_circ_4396594	PS_Ct_r01_2016_04_03_L001	3	0.0719	0.0033	1.0000
HAMBI_0403_chrm01_circ_4396594	PS_Ct_r01_2016_05_04_L001	3	0.0000	0.0000	1.0000
HAMBI_0403_chrm01_circ_4396594	PS_Ct_r01_2016_05_30_L001	3	0.3281	0.0075	1.0000
HAMBI_0403_chrm01_circ_4396594	PS_Ct_r01_2016_07_25_L004	3	0.0611	0.0035	1.0000
HAMBI_0403_chrm01_circ_4396594	PS_Ct_r01_2016_08_22_L004	3	0.0982	0.0057	1.0000
HAMBI_0403_chrm01_circ_4396594	PS_Ct_r01_2016_09_19_L004	3	0.0966	0.0058	1.0000
HAMBI_0403_chrm01_circ_4396594	PS_Ct_r01_2016_10_17_L004	3	0.0928	0.0052	1.0000
HAMBI_0403_chrm01_circ_4396594	PS_Ct_r01_2016_11_14_L004	3	0.1024	0.0053	1.0000
HAMBI_0403_chrm01_circ_4396594	PS_Ct_r01_2016_12_12_L004	3	0.1409	0.0059	1.0000
HAMBI_0403_chrm01_circ_4396594	PS_Ct_r01_2017_01_09_L002	3	0.2577	0.0075	1.0000
HAMBI_0403_chrm01_circ_4396594	PS_Ct_r01_2017_02_06_L004	3	0.1088	0.0060	1.0000
HAMBI_0403_chrm01_circ_4396594	PS_Ct_r01_2017_03_06_L001	3	0.1905	0.0068	1.0000
HAMBI_0403_chrm01_circ_4396594	PS_Ct_r01_2017_04_03_L001	3	0.1230	0.0049	1.0000
HAMBI_0403_chrm01_circ_4396594	PS_Ct_r01_2017_05_29_L001	3	0.1709	0.0063	1.0000
HAMBI_0403_chrm01_circ_4396594	PS_Ct_r01_2017_07_24_L001	3	0.1014	0.0049	1.0000
HAMBI_0403_chrm01_circ_4396594	PS_Ct_r01_2017_08_21_L002	3	0.0391	0.0035	1.0000
HAMBI_0403_chrm01_circ_4725969	PS_Ct_r01_2015_08_24_L001	3	0.0000	0.0000	1.0000
HAMBI_0403_chrm01_circ_4725969	PS_Ct_r01_2015_09_21_L001	3	0.0000	0.0000	1.0000
HAMBI_0403_chrm01_circ_4725969	PS_Ct_r01_2015_10_19_L001	3	0.0003	0.0017	1.0000
HAMBI_0403_chrm01_circ_4725969	PS_Ct_r01_2015_11_16_L002	3	0.0000	0.0000	1.0000
HAMBI_0403_chrm01_circ_4725969	PS_Ct_r01_2015_12_14_L002	3	0.0101	0.0000	1.0000
HAMBI_0403_chrm01_circ_4725969	PS_Ct_r01_2016_01_11_L002	3	0.0775	0.0048	1.0000
HAMBI_0403_chrm01_circ_4725969	PS_Ct_r01_2016_02_08_L002	3	0.0986	0.0046	1.0000
HAMBI_0403_chrm01_circ_4725969	PS_Ct_r01_2016_03_07_L001	3	0.0165	0.0049	1.0000
HAMBI_0403_chrm01_circ_4725969	PS_Ct_r01_2016_04_03_L001	3	0.0719	0.0033	1.0000
HAMBI_0403_chrm01_circ_4725969	PS_Ct_r01_2016_05_04_L001	3	0.0000	0.0000	1.0000
HAMBI_0403_chrm01_circ_4725969	PS_Ct_r01_2016_05_30_L001	3	0.3281	0.0075	1.0000
HAMBI_0403_chrm01_circ_4725969	PS_Ct_r01_2016_07_25_L004	3	0.0611	0.0035	1.0000
HAMBI_0403_chrm01_circ_4725969	PS_Ct_r01_2016_08_22_L004	3	0.0982	0.0057	1.0000
HAMBI_0403_chrm01_circ_4725969	PS_Ct_r01_2016_09_19_L004	3	0.0966	0.0058	1.0000
HAMBI_0403_chrm01_circ_4725969	PS_Ct_r01_2016_10_17_L004	3	0.0928	0.0052	1.0000
HAMBI_0403_chrm01_circ_4725969	PS_Ct_r01_2016_11_14_L004	3	0.1024	0.0053	1.0000
HAMBI_0403_chrm01_circ_4725969	PS_Ct_r01_2016_12_12_L004	3	0.1409	0.0059	1.0000
HAMBI_0403_chrm01_circ_4725969	PS_Ct_r01_2017_01_09_L002	3	0.2577	0.0075	1.0000
HAMBI_0403_chrm01_circ_4725969	PS_Ct_r01_2017_02_06_L004	3	0.1088	0.0060	1.0000
HAMBI_0403_chrm01_circ_4725969	PS_Ct_r01_2017_03_06_L001	3	0.1905	0.0068	1.0000
HAMBI_0403_chrm01_circ_4725969	PS_Ct_r01_2017_04_03_L001	3	0.1230	0.0049	1.0000
HAMBI_0403_chrm01_circ_4725969	PS_Ct_r01_2017_05_29_L001	3	0.1709	0.0063	1.0000
HAMBI_0403_chrm01_circ_4725969	PS_Ct_r01_2017_07_24_L001	3	0.1014	0.0049	1.0000
HAMBI_0403_chrm01_circ_4725969	PS_Ct_r01_2017_08_21_L002	3	0.0391	0.0035	1.0000
HAMBI_0403_chrm01_circ_4762000	PS_Ct_r01_2015_08_24_L001	3	0.0000	0.0000	1.0000
HAMBI_0403_chrm01_circ_4762000	PS_Ct_r01_2015_09_21_L001	3	0.0000	0.0000	1.0000
HAMBI_0403_chrm01_circ_4762000	PS_Ct_r01_2015_10_19_L001	3	0.0003	0.0017	1.0000
HAMBI_0403_chrm01_circ_4762000	PS_Ct_r01_2015_11_16_L002	3	0.0000	0.0000	1.0000
HAMBI_0403_chrm01_circ_4762000	PS_Ct_r01_2015_12_14_L002	3	0.0101	0.0000	1.0000
HAMBI_0403_chrm01_circ_4762000	PS_Ct_r01_2016_01_11_L002	3	0.0775	0.0048	1.0000
HAMBI_0403_chrm01_circ_4762000	PS_Ct_r01_2016_02_08_L002	3	0.0986	0.0046	1.0000
HAMBI_0403_chrm01_circ_4762000	PS_Ct_r01_2016_03_07_L001	3	0.0165	0.0049	1.0000
HAMBI_0403_chrm01_circ_4762000	PS_Ct_r01_2016_04_03_L001	3	0.0719	0.0033	1.0000
HAMBI_0403_chrm01_circ_4762000	PS_Ct_r01_2016_05_04_L001	3	0.0000	0.0000	1.0000
HAMBI_0403_chrm01_circ_4762000	PS_Ct_r01_2016_05_30_L001	3	0.3281	0.0075	1.0000
HAMBI_0403_chrm01_circ_4762000	PS_Ct_r01_2016_07_25_L004	3	0.0611	0.0035	1.0000
HAMBI_0403_chrm01_circ_4762000	PS_Ct_r01_2016_08_22_L004	3	0.0982	0.0057	1.0000
HAMBI_0403_chrm01_circ_4762000	PS_Ct_r01_2016_09_19_L004	3	0.0966	0.0058	1.0000
HAMBI_0403_chrm01_circ_4762000	PS_Ct_r01_2016_10_17_L004	3	0.0928	0.0052	1.0000
HAMBI_0403_chrm01_circ_4762000	PS_Ct_r01_2016_11_14_L004	3	0.1024	0.0053	1.0000
HAMBI_0403_chrm01_circ_4762000	PS_Ct_r01_2016_12_12_L004	3	0.1409	0.0059	1.0000
HAMBI_0403_chrm01_circ_4762000	PS_Ct_r01_2017_01_09_L002	3	0.2577	0.0075	1.0000
HAMBI_0403_chrm01_circ_4762000	PS_Ct_r01_2017_02_06_L004	3	0.1088	0.0060	1.0000
HAMBI_0403_chrm01_circ_4762000	PS_Ct_r01_2017_03_06_L001	3	0.1905	0.0068	1.0000
HAMBI_0403_chrm01_circ_4762000	PS_Ct_r01_2017_04_03_L001	3	0.1230	0.0049	1.0000
HAMBI_0403_chrm01_circ_4762000	PS_Ct_r01_2017_05_29_L001	3	0.1709	0.0063	1.0000
HAMBI_0403_chrm01_circ_4762000	PS_Ct_r01_2017_07_24_L001	3	0.1014	0.0049	1.0000
HAMBI_0403_chrm01_circ_4762000	PS_Ct_r01_2017_08_21_L002	3	0.0391	0.0035	1.0000
HAMBI_0403_chrm01_circ_4801577	PS_Ct_r01_2015_08_24_L001	3	0.0000	0.0000	1.0000
HAMBI_0403_chrm01_circ_4801577	PS_Ct_r01_2015_09_21_L001	3	0.0000	0.0000	1.0000
HAMBI_0403_chrm01_circ_4801577	PS_Ct_r01_2015_10_19_L001	3	0.0003	0.0017	1.0000
HAMBI_0403_chrm01_circ_4801577	PS_Ct_r01_2015_11_16_L002	3	0.0000	0.0000	1.0000
HAMBI_0403_chrm01_circ_4801577	PS_Ct_r01_2015_12_14_L002	3	0.0101	0.0000	1.0000
HAMBI_0403_chrm01_circ_4801577	PS_Ct_r01_2016_01_11_L002	3	0.0775	0.0048	1.0000
HAMBI_0403_chrm01_circ_4801577	PS_Ct_r01_2016_02_08_L002	3	0.0986	0.0046	1.0000
HAMBI_0403_chrm01_circ_4801577	PS_Ct_r01_2016_03_07_L001	3	0.0165	0.0049	1.0000
HAMBI_0403_chrm01_circ_4801577	PS_Ct_r01_2016_04_03_L001	3	0.0719	0.0033	1.0000
HAMBI_0403_chrm01_circ_4801577	PS_Ct_r01_2016_05_04_L001	3	0.0000	0.0000	1.0000
HAMBI_0403_chrm01_circ_4801577	PS_Ct_r01_2016_05_30_L001	3	0.3281	0.0075	1.0000
HAMBI_0403_chrm01_circ_4801577	PS_Ct_r01_2016_07_25_L004	3	0.0611	0.0035	1.0000
HAMBI_0403_chrm01_circ_4801577	PS_Ct_r01_2016_08_22_L004	3	0.0982	0.0057	1.0000
HAMBI_0403_chrm01_circ_4801577	PS_Ct_r01_2016_09_19_L004	3	0.0966	0.0058	1.0000
HAMBI_0403_chrm01_circ_4801577	PS_Ct_r01_2016_10_17_L004	3	0.0928	0.0052	1.0000
HAMBI_0403_chrm01_circ_4801577	PS_Ct_r01_2016_11_14_L004	3	0.1024	0.0053	1.0000
HAMBI_0403_chrm01_circ_4801577	PS_Ct_r01_2016_12_12_L004	3	0.1409	0.0059	1.0000
HAMBI_0403_chrm01_circ_4801577	PS_Ct_r01_2017_01_09_L002	3	0.2577	0.0075	1.0000
HAMBI_0403_chrm01_circ_4801577	PS_Ct_r01_2017_02_06_L004	3	0.1088	0.0060	1.0000
HAMBI_0403_chrm01_circ_4801577	PS_Ct_r01_2017_03_06_L001	3	0.1905	0.0068	1.0000
HAMBI_0403_chrm01_circ_4801577	PS_Ct_r01_2017_04_03_L001	3	0.1230	0.0049	1.0000
HAMBI_0403_chrm01_circ_4801577	PS_Ct_r01_2017_05_29_L001	3	0.1709	0.0063	1.0000
HAMBI_0403_chrm01_circ_4801577	PS_Ct_r01_2017_07_24_L001	3	0.1014	0.0049	1.0000
HAMBI_0403_chrm01_circ_4801577	PS_Ct_r01_2017_08_21_L002	3	0.0391	0.0035	1.0000
HAMBI_0403_chrm01_circ_4937113	PS_Ct_r01_2015_08_24_L001	3	0.0000	0.0000	1.0000
HAMBI_0403_chrm01_circ_4937113	PS_Ct_r01_2015_09_21_L001	3	0.0000	0.0000	1.0000
HAMBI_0403_chrm01_circ_4937113	PS_Ct_r01_2015_10_19_L001	3	0.0003	0.0017	1.0000
HAMBI_0403_chrm01_circ_4937113	PS_Ct_r01_2015_11_16_L002	3	0.0000	0.0000	1.0000
HAMBI_0403_chrm01_circ_4937113	PS_Ct_r01_2015_12_14_L002	3	0.0101	0.0000	1.0000
HAMBI_0403_chrm01_circ_4937113	PS_Ct_r01_2016_01_11_L002	3	0.0775	0.0048	1.0000
HAMBI_0403_chrm01_circ_4937113	PS_Ct_r01_2016_02_08_L002	3	0.0986	0.0046	1.0000
HAMBI_0403_chrm01_circ_4937113	PS_Ct_r01_2016_03_07_L001	3	0.0165	0.0049	1.0000
HAMBI_0403_chrm01_circ_4937113	PS_Ct_r01_2016_04_03_L001	3	0.0719	0.0033	1.0000
HAMBI_0403_chrm01_circ_4937113	PS_Ct_r01_2016_05_04_L001	3	0.0000	0.0000	1.0000
HAMBI_0403_chrm01_circ_4937113	PS_Ct_r01_2016_05_30_L001	3	0.3281	0.0075	1.0000
HAMBI_0403_chrm01_circ_4937113	PS_Ct_r01_2016_07_25_L004	3	0.0611	0.0035	1.0000
HAMBI_0403_chrm01_circ_4937113	PS_Ct_r01_2016_08_22_L004	3	0.0982	0.0057	1.0000
HAMBI_0403_chrm01_circ_4937113	PS_Ct_r01_2016_09_19_L004	3	0.0966	0.0058	1.0000
HAMBI_0403_chrm01_circ_4937113	PS_Ct_r01_2016_10_17_L004	3	0.0928	0.0052	1.0000
HAMBI_0403_chrm01_circ_4937113	PS_Ct_r01_2016_11_14_L004	3	0.1024	0.0053	1.0000
HAMBI_0403_chrm01_circ_4937113	PS_Ct_r01_2016_12_12_L004	3	0.1409	0.0059	1.0000
HAMBI_0403_chrm01_circ_4937113	PS_Ct_r01_2017_01_09_L002	3	0.2577	0.0075	1.0000
HAMBI_0403_chrm01_circ_4937113	PS_Ct_r01_2017_02_06_L004	3	0.1088	0.0060	1.0000
HAMBI_0403_chrm01_circ_4937113	PS_Ct_r01_2017_03_06_L001	3	0.1905	0.0068	1.0000
HAMBI_0403_chrm01_circ_4937113	PS_Ct_r01_2017_04_03_L001	3	0.1230	0.0049	1.0000
HAMBI_0403_chrm01_circ_4937113	PS_Ct_r01_2017_05_29_L001	3	0.1709	0.0063	1.0000
HAMBI_0403_chrm01_circ_4937113	PS_Ct_r01_2017_07_24_L001	3	0.1014	0.0049	1.0000
HAMBI_0403_chrm01_circ_4937113	PS_Ct_r01_2017_08_21_L002	3	0.0391	0.0035	1.0000
HAMBI_0403_chrm01_circ_5054833	PS_Ct_r01_2015_08_24_L001	3	0.0000	0.0000	1.0000
HAMBI_0403_chrm01_circ_5054833	PS_Ct_r01_2015_09_21_L001	3	0.0000	0.0000	1.0000
HAMBI_0403_chrm01_circ_5054833	PS_Ct_r01_2015_10_19_L001	3	0.0003	0.0017	1.0000
HAMBI_0403_chrm01_circ_5054833	PS_Ct_r01_2015_11_16_L002	3	0.0000	0.0000	1.0000
HAMBI_0403_chrm01_circ_5054833	PS_Ct_r01_2015_12_14_L002	3	0.0101	0.0000	1.0000
HAMBI_0403_chrm01_circ_5054833	PS_Ct_r01_2016_01_11_L002	3	0.0775	0.0048	1.0000
HAMBI_0403_chrm01_circ_5054833	PS_Ct_r01_2016_02_08_L002	3	0.0986	0.0046	1.0000
HAMBI_0403_chrm01_circ_5054833	PS_Ct_r01_2016_03_07_L001	3	0.0165	0.0049	1.0000
HAMBI_0403_chrm01_circ_5054833	PS_Ct_r01_2016_04_03_L001	3	0.0719	0.0033	1.0000
HAMBI_0403_chrm01_circ_5054833	PS_Ct_r01_2016_05_04_L001	3	0.0000	0.0000	1.0000
HAMBI_0403_chrm01_circ_5054833	PS_Ct_r01_2016_05_30_L001	3	0.3281	0.0075	1.0000
HAMBI_0403_chrm01_circ_5054833	PS_Ct_r01_2016_07_25_L004	3	0.0611	0.0035	1.0000
HAMBI_0403_chrm01_circ_5054833	PS_Ct_r01_2016_08_22_L004	3	0.0982	0.0057	1.0000
HAMBI_0403_chrm01_circ_5054833	PS_Ct_r01_2016_09_19_L004	3	0.0966	0.0058	1.0000
HAMBI_0403_chrm01_circ_5054833	PS_Ct_r01_2016_10_17_L004	3	0.0928	0.0052	1.0000
HAMBI_0403_chrm01_circ_5054833	PS_Ct_r01_2016_11_14_L004	3	0.1024	0.0053	1.0000
HAMBI_0403_chrm01_circ_5054833	PS_Ct_r01_2016_12_12_L004	3	0.1409	0.0059	1.0000
HAMBI_0403_chrm01_circ_5054833	PS_Ct_r01_2017_01_09_L002	3	0.2577	0.0075	1.0000
HAMBI_0403_chrm01_circ_5054833	PS_Ct_r01_2017_02_06_L004	3	0.1088	0.0060	1.0000
HAMBI_0403_chrm01_circ_5054833	PS_Ct_r01_2017_03_06_L001	3	0.1905	0.0068	1.0000
HAMBI_0403_chrm01_circ_5054833	PS_Ct_r01_2017_04_03_L001	3	0.1230	0.0049	1.0000
HAMBI_0403_chrm01_circ_5054833	PS_Ct_r01_2017_05_29_L001	3	0.1709	0.0063	1.0000
HAMBI_0403_chrm01_circ_5054833	PS_Ct_r01_2017_07_24_L001	3	0.1014	0.0049	1.0000
HAMBI_0403_chrm01_circ_5054833	PS_Ct_r01_2017_08_21_L002	3	0.0391	0.0035	1.0000
HAMBI_0403_chrm01_circ_5099020	PS_Ct_r01_2015_08_24_L001	3	0.0000	0.0000	1.0000
HAMBI_0403_chrm01_circ_5099020	PS_Ct_r01_2015_09_21_L001	3	0.0000	0.0000	1.0000
HAMBI_0403_chrm01_circ_5099020	PS_Ct_r01_2015_10_19_L001	3	0.0003	0.0017	1.0000
HAMBI_0403_chrm01_circ_5099020	PS_Ct_r01_2015_11_16_L002	3	0.0000	0.0000	1.0000
HAMBI_0403_chrm01_circ_5099020	PS_Ct_r01_2015_12_14_L002	3	0.0101	0.0000	1.0000
HAMBI_0403_chrm01_circ_5099020	PS_Ct_r01_2016_01_11_L002	3	0.0775	0.0048	1.0000
HAMBI_0403_chrm01_circ_5099020	PS_Ct_r01_2016_02_08_L002	3	0.0986	0.0046	1.0000
HAMBI_0403_chrm01_circ_5099020	PS_Ct_r01_2016_03_07_L001	3	0.0165	0.0049	1.0000
HAMBI_0403_chrm01_circ_5099020	PS_Ct_r01_2016_04_03_L001	3	0.0719	0.0033	1.0000
HAMBI_0403_chrm01_circ_5099020	PS_Ct_r01_2016_05_04_L001	3	0.0000	0.0000	1.0000
HAMBI_0403_chrm01_circ_5099020	PS_Ct_r01_2016_05_30_L001	3	0.3281	0.0075	1.0000
HAMBI_0403_chrm01_circ_5099020	PS_Ct_r01_2016_07_25_L004	3	0.0611	0.0035	1.0000
HAMBI_0403_chrm01_circ_5099020	PS_Ct_r01_2016_08_22_L004	3	0.0982	0.0057	1.0000
HAMBI_0403_chrm01_circ_5099020	PS_Ct_r01_2016_09_19_L004	3	0.0966	0.0058	1.0000
HAMBI_0403_chrm01_circ_5099020	PS_Ct_r01_2016_10_17_L004	3	0.0928	0.0052	1.0000
HAMBI_0403_chrm01_circ_5099020	PS_Ct_r01_2016_11_14_L004	3	0.1024	0.0053	1.0000
HAMBI_0403_chrm01_circ_5099020	PS_Ct_r01_2016_12_12_L004	3	0.1409	0.0059	1.0000
HAMBI_0403_chrm01_circ_5099020	PS_Ct_r01_2017_01_09_L002	3	0.2577	0.0075	1.0000
HAMBI_0403_chrm01_circ_5099020	PS_Ct_r01_2017_02_06_L004	3	0.1088	0.0060	1.0000
HAMBI_0403_chrm01_circ_5099020	PS_Ct_r01_2017_03_06_L001	3	0.1905	0.0068	1.0000
HAMBI_0403_chrm01_circ_5099020	PS_Ct_r01_2017_04_03_L001	3	0.1230	0.0049	1.0000
HAMBI_0403_chrm01_circ_5099020	PS_Ct_r01_2017_05_29_L001	3	0.1709	0.0063	1.0000
HAMBI_0403_chrm01_circ_5099020	PS_Ct_r01_2017_07_24_L001	3	0.1014	0.0049	1.0000
HAMBI_0403_chrm01_circ_5099020	PS_Ct_r01_2017_08_21_L002	3	0.0391	0.0035	1.0000
HAMBI_0403_chrm01_circ_5191754	PS_Ct_r01_2015_08_24_L001	3	0.0000	0.0000	1.0000
HAMBI_0403_chrm01_circ_5191754	PS_Ct_r01_2015_09_21_L001	3	0.0000	0.0000	1.0000
HAMBI_0403_chrm01_circ_5191754	PS_Ct_r01_2015_10_19_L001	3	0.0003	0.0017	1.0000
HAMBI_0403_chrm01_circ_5191754	PS_Ct_r01_2015_11_16_L002	3	0.0000	0.0000	1.0000
HAMBI_0403_chrm01_circ_5191754	PS_Ct_r01_2015_12_14_L002	3	0.0101	0.0000	1.0000
HAMBI_0403_chrm01_circ_5191754	PS_Ct_r01_2016_01_11_L002	3	0.0775	0.0048	1.0000
HAMBI_0403_chrm01_circ_5191754	PS_Ct_r01_2016_02_08_L002	3	0.0986	0.0046	1.0000
HAMBI_0403_chrm01_circ_5191754	PS_Ct_r01_2016_03_07_L001	3	0.0165	0.0049	1.0000
HAMBI_0403_chrm01_circ_5191754	PS_Ct_r01_2016_04_03_L001	3	0.0719	0.0033	1.0000
HAMBI_0403_chrm01_circ_5191754	PS_Ct_r01_2016_05_04_L001	3	0.0000	0.0000	1.0000
HAMBI_0403_chrm01_circ_5191754	PS_Ct_r01_2016_05_30_L001	3	0.3281	0.0075	1.0000
HAMBI_0403_chrm01_circ_5191754	PS_Ct_r01_2016_07_25_L004	3	0.0611	0.0035	1.0000
HAMBI_0403_chrm01_circ_5191754	PS_Ct_r01_2016_08_22_L004	3	0.0982	0.0057	1.0000
HAMBI_0403_chrm01_circ_5191754	PS_Ct_r01_2016_09_19_L004	3	0.0966	0.0058	1.0000
HAMBI_0403_chrm01_circ_5191754	PS_Ct_r01_2016_10_17_L004	3	0.0928	0.0052	1.0000
HAMBI_0403_chrm01_circ_5191754	PS_Ct_r01_2016_11_14_L004	3	0.1024	0.0053	1.0000
HAMBI_0403_chrm01_circ_5191754	PS_Ct_r01_2016_12_12_L004	3	0.1409	0.0059	1.0000
HAMBI_0403_chrm01_circ_5191754	PS_Ct_r01_2017_01_09_L002	3	0.2577	0.0075	1.0000
HAMBI_0403_chrm01_circ_5191754	PS_Ct_r01_2017_02_06_L004	3	0.1088	0.0060	1.0000
HAMBI_0403_chrm01_circ_5191754	PS_Ct_r01_2017_03_06_L001	3	0.1905	0.0068	1.0000
HAMBI_0403_chrm01_circ_5191754	PS_Ct_r01_2017_04_03_L001	3	0.1230	0.0049	1.0000
HAMBI_0403_chrm01_circ_5191754	PS_Ct_r01_2017_05_29_L001	3	0.1709	0.0063	1.0000
HAMBI_0403_chrm01_circ_5191754	PS_Ct_r01_2017_07_24_L001	3	0.1014	0.0049	1.0000
HAMBI_0403_chrm01_circ_5191754	PS_Ct_r01_2017_08_21_L002	3	0.0391	0.0035	1.0000
HAMBI_0403_chrm01_circ_5226203	PS_Ct_r01_2015_08_24_L001	3	0.0000	0.0000	1.0000
HAMBI_0403_chrm01_circ_5226203	PS_Ct_r01_2015_09_21_L001	3	0.0000	0.0000	1.0000
HAMBI_0403_chrm01_circ_5226203	PS_Ct_r01_2015_10_19_L001	3	0.0003	0.0017	1.0000
HAMBI_0403_chrm01_circ_5226203	PS_Ct_r01_2015_11_16_L002	3	0.0000	0.0000	1.0000
HAMBI_0403_chrm01_circ_5226203	PS_Ct_r01_2015_12_14_L002	3	0.0101	0.0000	1.0000
HAMBI_0403_chrm01_circ_5226203	PS_Ct_r01_2016_01_11_L002	3	0.0775	0.0048	1.0000
HAMBI_0403_chrm01_circ_5226203	PS_Ct_r01_2016_02_08_L002	3	0.0986	0.0046	1.0000
HAMBI_0403_chrm01_circ_5226203	PS_Ct_r01_2016_03_07_L001	3	0.0165	0.0049	1.0000
HAMBI_0403_chrm01_circ_5226203	PS_Ct_r01_2016_04_03_L001	3	0.0719	0.0033	1.0000
HAMBI_0403_chrm01_circ_5226203	PS_Ct_r01_2016_05_04_L001	3	0.0000	0.0000	1.0000
HAMBI_0403_chrm01_circ_5226203	PS_Ct_r01_2016_05_30_L001	3	0.3281	0.0075	1.0000
HAMBI_0403_chrm01_circ_5226203	PS_Ct_r01_2016_07_25_L004	3	0.0611	0.0035	1.0000
HAMBI_0403_chrm01_circ_5226203	PS_Ct_r01_2016_08_22_L004	3	0.0982	0.0057	1.0000
HAMBI_0403_chrm01_circ_5226203	PS_Ct_r01_2016_09_19_L004	3	0.0966	0.0058	1.0000
HAMBI_0403_chrm01_circ_5226203	PS_Ct_r01_2016_10_17_L004	3	0.0928	0.0052	1.0000
HAMBI_0403_chrm01_circ_5226203	PS_Ct_r01_2016_11_14_L004	3	0.1024	0.0053	1.0000
HAMBI_0403_chrm01_circ_5226203	PS_Ct_r01_2016_12_12_L004	3	0.1409	0.0059	1.0000
HAMBI_0403_chrm01_circ_5226203	PS_Ct_r01_2017_01_09_L002	3	0.2577	0.0075	1.0000
HAMBI_0403_chrm01_circ_5226203	PS_Ct_r01_2017_02_06_L004	3	0.1088	0.0060	1.0000
HAMBI_0403_chrm01_circ_5226203	PS_Ct_r01_2017_03_06_L001	3	0.1905	0.0068	1.0000
HAMBI_0403_chrm01_circ_5226203	PS_Ct_r01_2017_04_03_L001	3	0.1230	0.0049	1.0000
HAMBI_0403_chrm01_circ_5226203	PS_Ct_r01_2017_05_29_L001	3	0.1709	0.0063	1.0000
HAMBI_0403_chrm01_circ_5226203	PS_Ct_r01_2017_07_24_L001	3	0.1014	0.0049	1.0000
HAMBI_0403_chrm01_circ_5226203	PS_Ct_r01_2017_08_21_L002	3	0.0391	0.0035	1.0000
HAMBI_0403_chrm01_circ_5331005	PS_Ct_r01_2015_08_24_L001	3	0.0000	0.0000	1.0000
HAMBI_0403_chrm01_circ_5331005	PS_Ct_r01_2015_09_21_L001	3	0.0000	0.0000	1.0000
HAMBI_0403_chrm01_circ_5331005	PS_Ct_r01_2015_10_19_L001	3	0.0003	0.0017	1.0000
HAMBI_0403_chrm01_circ_5331005	PS_Ct_r01_2015_11_16_L002	3	0.0000	0.0000	1.0000
HAMBI_0403_chrm01_circ_5331005	PS_Ct_r01_2015_12_14_L002	3	0.0101	0.0000	1.0000
HAMBI_0403_chrm01_circ_5331005	PS_Ct_r01_2016_01_11_L002	3	0.0775	0.0048	1.0000
HAMBI_0403_chrm01_circ_5331005	PS_Ct_r01_2016_02_08_L002	3	0.0986	0.0046	1.0000
HAMBI_0403_chrm01_circ_5331005	PS_Ct_r01_2016_03_07_L001	3	0.0165	0.0049	1.0000
HAMBI_0403_chrm01_circ_5331005	PS_Ct_r01_2016_04_03_L001	3	0.0719	0.0033	1.0000
HAMBI_0403_chrm01_circ_5331005	PS_Ct_r01_2016_05_04_L001	3	0.0000	0.0000	1.0000
HAMBI_0403_chrm01_circ_5331005	PS_Ct_r01_2016_05_30_L001	3	0.3281	0.0075	1.0000
HAMBI_0403_chrm01_circ_5331005	PS_Ct_r01_2016_07_25_L004	3	0.0611	0.0035	1.0000
HAMBI_0403_chrm01_circ_5331005	PS_Ct_r01_2016_08_22_L004	3	0.0982	0.0057	1.0000
HAMBI_0403_chrm01_circ_5331005	PS_Ct_r01_2016_09_19_L004	3	0.0966	0.0058	1.0000
HAMBI_0403_chrm01_circ_5331005	PS_Ct_r01_2016_10_17_L004	3	0.0928	0.0052	1.0000
HAMBI_0403_chrm01_circ_5331005	PS_Ct_r01_2016_11_14_L004	3	0.1024	0.0053	1.0000
HAMBI_0403_chrm01_circ_5331005	PS_Ct_r01_2016_12_12_L004	3	0.1409	0.0059	1.0000
HAMBI_0403_chrm01_circ_5331005	PS_Ct_r01_2017_01_09_L002	3	0.2577	0.0075	1.0000
HAMBI_0403_chrm01_circ_5331005	PS_Ct_r01_2017_02_06_L004	3	0.1088	0.0060	1.0000
HAMBI_0403_chrm01_circ_5331005	PS_Ct_r01_2017_03_06_L001	3	0.1905	0.0068	1.0000
HAMBI_0403_chrm01_circ_5331005	PS_Ct_r01_2017_04_03_L001	3	0.1230	0.0049	1.0000
HAMBI_0403_chrm01_circ_5331005	PS_Ct_r01_2017_05_29_L001	3	0.1709	0.0063	1.0000
HAMBI_0403_chrm01_circ_5331005	PS_Ct_r01_2017_07_24_L001	3	0.1014	0.0049	1.0000
HAMBI_0403_chrm01_circ_5331005	PS_Ct_r01_2017_08_21_L002	3	0.0391	0.0035	1.0000
HAMBI_0403_chrm01_circ_5386172	PS_Ct_r01_2015_08_24_L001	3	0.0000	0.0000	1.0000
HAMBI_0403_chrm01_circ_5386172	PS_Ct_r01_2015_09_21_L001	3	0.0000	0.0000	1.0000
HAMBI_0403_chrm01_circ_5386172	PS_Ct_r01_2015_10_19_L001	3	0.0003	0.0017	1.0000
HAMBI_0403_chrm01_circ_5386172	PS_Ct_r01_2015_11_16_L002	3	0.0000	0.0000	1.0000
HAMBI_0403_chrm01_circ_5386172	PS_Ct_r01_2015_12_14_L002	3	0.0101	0.0000	1.0000
HAMBI_0403_chrm01_circ_5386172	PS_Ct_r01_2016_01_11_L002	3	0.0775	0.0048	1.0000
HAMBI_0403_chrm01_circ_5386172	PS_Ct_r01_2016_02_08_L002	3	0.0986	0.0046	1.0000
HAMBI_0403_chrm01_circ_5386172	PS_Ct_r01_2016_03_07_L001	3	0.0165	0.0049	1.0000
HAMBI_0403_chrm01_circ_5386172	PS_Ct_r01_2016_04_03_L001	3	0.0719	0.0033	1.0000
HAMBI_0403_chrm01_circ_5386172	PS_Ct_r01_2016_05_04_L001	3	0.0000	0.0000	1.0000
HAMBI_0403_chrm01_circ_5386172	PS_Ct_r01_2016_05_30_L001	3	0.3281	0.0075	1.0000
HAMBI_0403_chrm01_circ_5386172	PS_Ct_r01_2016_07_25_L004	3	0.0611	0.0035	1.0000
HAMBI_0403_chrm01_circ_5386172	PS_Ct_r01_2016_08_22_L004	3	0.0982	0.0057	1.0000
HAMBI_0403_chrm01_circ_5386172	PS_Ct_r01_2016_09_19_L004	3	0.0966	0.0058	1.0000
HAMBI_0403_chrm01_circ_5386172	PS_Ct_r01_2016_10_17_L004	3	0.0928	0.0052	1.0000
HAMBI_0403_chrm01_circ_5386172	PS_Ct_r01_2016_11_14_L004	3	0.1024	0.0053	1.0000
HAMBI_0403_chrm01_circ_5386172	PS_Ct_r01_2016_12_12_L004	3	0.1409	0.0059	1.0000
HAMBI_0403_chrm01_circ_5386172	PS_Ct_r01_2017_01_09_L002	3	0.2577	0.0075	1.0000
HAMBI_0403_chrm01_circ_5386172	PS_Ct_r01_2017_02_06_L004	3	0.1088	0.0060	1.0000
HAMBI_0403_chrm01_circ_5386172	PS_Ct_r01_2017_03_06_L001	3	0.1905	0.0068	1.0000
HAMBI_0403_chrm01_circ_5386172	PS_Ct_r01_2017_04_03_L001	3	0.1230	0.0049	1.0000
HAMBI_0403_chrm01_circ_5386172	PS_Ct_r01_2017_05_29_L001	3	0.1709	0.0063	1.0000
HAMBI_0403_chrm01_circ_5386172	PS_Ct_r01_2017_07_24_L001	3	0.1014	0.0049	1.0000
HAMBI_0403_chrm01_circ_5386172	PS_Ct_r01_2017_08_21_L002	3	0.0391	0.0035	1.0000
HAMBI_0403_chrm01_circ_5411470	PS_Ct_r01_2015_08_24_L001	3	0.0000	0.0000	1.0000
HAMBI_0403_chrm01_circ_5411470	PS_Ct_r01_2015_09_21_L001	3	0.0000	0.0000	1.0000
HAMBI_0403_chrm01_circ_5411470	PS_Ct_r01_2015_10_19_L001	3	0.0003	0.0017	1.0000
HAMBI_0403_chrm01_circ_5411470	PS_Ct_r01_2015_11_16_L002	3	0.0000	0.0000	1.0000
HAMBI_0403_chrm01_circ_5411470	PS_Ct_r01_2015_12_14_L002	3	0.0101	0.0000	1.0000
HAMBI_0403_chrm01_circ_5411470	PS_Ct_r01_2016_01_11_L002	3	0.0775	0.0048	1.0000
HAMBI_0403_chrm01_circ_5411470	PS_Ct_r01_2016_02_08_L002	3	0.0986	0.0046	1.0000
HAMBI_0403_chrm01_circ_5411470	PS_Ct_r01_2016_03_07_L001	3	0.0165	0.0049	1.0000
HAMBI_0403_chrm01_circ_5411470	PS_Ct_r01_2016_04_03_L001	3	0.0719	0.0033	1.0000
HAMBI_0403_chrm01_circ_5411470	PS_Ct_r01_2016_05_04_L001	3	0.0000	0.0000	1.0000
HAMBI_0403_chrm01_circ_5411470	PS_Ct_r01_2016_05_30_L001	3	0.3281	0.0075	1.0000
HAMBI_0403_chrm01_circ_5411470	PS_Ct_r01_2016_07_25_L004	3	0.0611	0.0035	1.0000
HAMBI_0403_chrm01_circ_5411470	PS_Ct_r01_2016_08_22_L004	3	0.0982	0.0057	1.0000
HAMBI_0403_chrm01_circ_5411470	PS_Ct_r01_2016_09_19_L004	3	0.0966	0.0058	1.0000
HAMBI_0403_chrm01_circ_5411470	PS_Ct_r01_2016_10_17_L004	3	0.0928	0.0052	1.0000
HAMBI_0403_chrm01_circ_5411470	PS_Ct_r01_2016_11_14_L004	3	0.1024	0.0053	1.0000
HAMBI_0403_chrm01_circ_5411470	PS_Ct_r01_2016_12_12_L004	3	0.1409	0.0059	1.0000
HAMBI_0403_chrm01_circ_5411470	PS_Ct_r01_2017_01_09_L002	3	0.2577	0.0075	1.0000
HAMBI_0403_chrm01_circ_5411470	PS_Ct_r01_2017_02_06_L004	3	0.1088	0.0060	1.0000
HAMBI_0403_chrm01_circ_5411470	PS_Ct_r01_2017_03_06_L001	3	0.1905	0.0068	1.0000
HAMBI_0403_chrm01_circ_5411470	PS_Ct_r01_2017_04_03_L001	3	0.1230	0.0049	1.0000
HAMBI_0403_chrm01_circ_5411470	PS_Ct_r01_2017_05_29_L001	3	0.1709	0.0063	1.0000
HAMBI_0403_chrm01_circ_5411470	PS_Ct_r01_2017_07_24_L001	3	0.1014	0.0049	1.0000
HAMBI_0403_chrm01_circ_5411470	PS_Ct_r01_2017_08_21_L002	3	0.0391	0.0035	1.0000
HAMBI_0403_chrm01_circ_5598440	PS_Ct_r01_2015_08_24_L001	3	0.0000	0.0000	1.0000
HAMBI_0403_chrm01_circ_5598440	PS_Ct_r01_2015_09_21_L001	3	0.0000	0.0000	1.0000
HAMBI_0403_chrm01_circ_5598440	PS_Ct_r01_2015_10_19_L001	3	0.0003	0.0017	1.0000
HAMBI_0403_chrm01_circ_5598440	PS_Ct_r01_2015_11_16_L002	3	0.0000	0.0000	1.0000
HAMBI_0403_chrm01_circ_5598440	PS_Ct_r01_2015_12_14_L002	3	0.0101	0.0000	1.0000
HAMBI_0403_chrm01_circ_5598440	PS_Ct_r01_2016_01_11_L002	3	0.0775	0.0048	1.0000
HAMBI_0403_chrm01_circ_5598440	PS_Ct_r01_2016_02_08_L002	3	0.0986	0.0046	1.0000
HAMBI_0403_chrm01_circ_5598440	PS_Ct_r01_2016_03_07_L001	3	0.0165	0.0049	1.0000
HAMBI_0403_chrm01_circ_5598440	PS_Ct_r01_2016_04_03_L001	3	0.0719	0.0033	1.0000
HAMBI_0403_chrm01_circ_5598440	PS_Ct_r01_2016_05_04_L001	3	0.0000	0.0000	1.0000
HAMBI_0403_chrm01_circ_5598440	PS_Ct_r01_2016_05_30_L001	3	0.3281	0.0075	1.0000
HAMBI_0403_chrm01_circ_5598440	PS_Ct_r01_2016_07_25_L004	3	0.0611	0.0035	1.0000
HAMBI_0403_chrm01_circ_5598440	PS_Ct_r01_2016_08_22_L004	3	0.0982	0.0057	1.0000
HAMBI_0403_chrm01_circ_5598440	PS_Ct_r01_2016_09_19_L004	3	0.0966	0.0058	1.0000
HAMBI_0403_chrm01_circ_5598440	PS_Ct_r01_2016_10_17_L004	3	0.0928	0.0052	1.0000
HAMBI_0403_chrm01_circ_5598440	PS_Ct_r01_2016_11_14_L004	3	0.1024	0.0053	1.0000
HAMBI_0403_chrm01_circ_5598440	PS_Ct_r01_2016_12_12_L004	3	0.1409	0.0059	1.0000
HAMBI_0403_chrm01_circ_5598440	PS_Ct_r01_2017_01_09_L002	3	0.2577	0.0075	1.0000
HAMBI_0403_chrm01_circ_5598440	PS_Ct_r01_2017_02_06_L004	3	0.1088	0.0060	1.0000
HAMBI_0403_chrm01_circ_5598440	PS_Ct_r01_2017_03_06_L001	3	0.1905	0.0068	1.0000
HAMBI_0403_chrm01_circ_5598440	PS_Ct_r01_2017_04_03_L001	3	0.1230	0.0049	1.0000
HAMBI_0403_chrm01_circ_5598440	PS_Ct_r01_2017_05_29_L001	3	0.1709	0.0063	1.0000
HAMBI_0403_chrm01_circ_5598440	PS_Ct_r01_2017_07_24_L001	3	0.1014	0.0049	1.0000
HAMBI_0403_chrm01_circ_5598440	PS_Ct_r01_2017_08_21_L002	3	0.0391	0.0035	1.0000
HAMBI_0403_chrm01_circ_587599	PS_Ct_r01_2015_08_24_L001	3	0.0000	0.0000	1.0000
HAMBI_0403_chrm01_circ_587599	PS_Ct_r01_2015_09_21_L001	3	0.0000	0.0000	1.0000
HAMBI_0403_chrm01_circ_587599	PS_Ct_r01_2015_10_19_L001	3	0.0003	0.0017	1.0000
HAMBI_0403_chrm01_circ_587599	PS_Ct_r01_2015_11_16_L002	3	0.0000	0.0000	1.0000
HAMBI_0403_chrm01_circ_587599	PS_Ct_r01_2015_12_14_L002	3	0.0101	0.0000	1.0000
HAMBI_0403_chrm01_circ_587599	PS_Ct_r01_2016_01_11_L002	3	0.0775	0.0048	1.0000
HAMBI_0403_chrm01_circ_587599	PS_Ct_r01_2016_02_08_L002	3	0.0986	0.0046	1.0000
HAMBI_0403_chrm01_circ_587599	PS_Ct_r01_2016_03_07_L001	3	0.0165	0.0049	1.0000
HAMBI_0403_chrm01_circ_587599	PS_Ct_r01_2016_04_03_L001	3	0.0719	0.0033	1.0000
HAMBI_0403_chrm01_circ_587599	PS_Ct_r01_2016_05_04_L001	3	0.0000	0.0000	1.0000
HAMBI_0403_chrm01_circ_587599	PS_Ct_r01_2016_05_30_L001	3	0.3281	0.0075	1.0000
HAMBI_0403_chrm01_circ_587599	PS_Ct_r01_2016_07_25_L004	3	0.0611	0.0035	1.0000
HAMBI_0403_chrm01_circ_587599	PS_Ct_r01_2016_08_22_L004	3	0.0982	0.0057	1.0000
HAMBI_0403_chrm01_circ_587599	PS_Ct_r01_2016_09_19_L004	3	0.0966	0.0058	1.0000
HAMBI_0403_chrm01_circ_587599	PS_Ct_r01_2016_10_17_L004	3	0.0928	0.0052	1.0000
HAMBI_0403_chrm01_circ_587599	PS_Ct_r01_2016_11_14_L004	3	0.1024	0.0053	1.0000
HAMBI_0403_chrm01_circ_587599	PS_Ct_r01_2016_12_12_L004	3	0.1409	0.0059	1.0000
HAMBI_0403_chrm01_circ_587599	PS_Ct_r01_2017_01_09_L002	3	0.2577	0.0075	1.0000
HAMBI_0403_chrm01_circ_587599	PS_Ct_r01_2017_02_06_L004	3	0.1088	0.0060	1.0000
HAMBI_0403_chrm01_circ_587599	PS_Ct_r01_2017_03_06_L001	3	0.1905	0.0068	1.0000
HAMBI_0403_chrm01_circ_587599	PS_Ct_r01_2017_04_03_L001	3	0.1230	0.0049	1.0000
HAMBI_0403_chrm01_circ_587599	PS_Ct_r01_2017_05_29_L001	3	0.1709	0.0063	1.0000
HAMBI_0403_chrm01_circ_587599	PS_Ct_r01_2017_07_24_L001	3	0.1014	0.0049	1.0000
HAMBI_0403_chrm01_circ_587599	PS_Ct_r01_2017_08_21_L002	3	0.0391	0.0035	1.0000
HAMBI_0403_chrm01_circ_594009	PS_Ct_r01_2015_08_24_L001	3	0.0000	0.0000	1.0000
HAMBI_0403_chrm01_circ_594009	PS_Ct_r01_2015_09_21_L001	3	0.0000	0.0000	1.0000
HAMBI_0403_chrm01_circ_594009	PS_Ct_r01_2015_10_19_L001	3	0.0003	0.0017	1.0000
HAMBI_0403_chrm01_circ_594009	PS_Ct_r01_2015_11_16_L002	3	0.0000	0.0000	1.0000
HAMBI_0403_chrm01_circ_594009	PS_Ct_r01_2015_12_14_L002	3	0.0101	0.0000	1.0000
HAMBI_0403_chrm01_circ_594009	PS_Ct_r01_2016_01_11_L002	3	0.0775	0.0048	1.0000
HAMBI_0403_chrm01_circ_594009	PS_Ct_r01_2016_02_08_L002	3	0.0986	0.0046	1.0000
HAMBI_0403_chrm01_circ_594009	PS_Ct_r01_2016_03_07_L001	3	0.0165	0.0049	1.0000
HAMBI_0403_chrm01_circ_594009	PS_Ct_r01_2016_04_03_L001	3	0.0719	0.0033	1.0000
HAMBI_0403_chrm01_circ_594009	PS_Ct_r01_2016_05_04_L001	3	0.0000	0.0000	1.0000
HAMBI_0403_chrm01_circ_594009	PS_Ct_r01_2016_05_30_L001	3	0.3281	0.0075	1.0000
HAMBI_0403_chrm01_circ_594009	PS_Ct_r01_2016_07_25_L004	3	0.0611	0.0035	1.0000
HAMBI_0403_chrm01_circ_594009	PS_Ct_r01_2016_08_22_L004	3	0.0982	0.0057	1.0000
HAMBI_0403_chrm01_circ_594009	PS_Ct_r01_2016_09_19_L004	3	0.0966	0.0058	1.0000
HAMBI_0403_chrm01_circ_594009	PS_Ct_r01_2016_10_17_L004	3	0.0928	0.0052	1.0000
HAMBI_0403_chrm01_circ_594009	PS_Ct_r01_2016_11_14_L004	3	0.1024	0.0053	1.0000
HAMBI_0403_chrm01_circ_594009	PS_Ct_r01_2016_12_12_L004	3	0.1409	0.0059	1.0000
HAMBI_0403_chrm01_circ_594009	PS_Ct_r01_2017_01_09_L002	3	0.2577	0.0075	1.0000
HAMBI_0403_chrm01_circ_594009	PS_Ct_r01_2017_02_06_L004	3	0.1088	0.0060	1.0000
HAMBI_0403_chrm01_circ_594009	PS_Ct_r01_2017_03_06_L001	3	0.1905	0.0068	1.0000
HAMBI_0403_chrm01_circ_594009	PS_Ct_r01_2017_04_03_L001	3	0.1230	0.0049	1.0000
HAMBI_0403_chrm01_circ_594009	PS_Ct_r01_2017_05_29_L001	3	0.1709	0.0063	1.0000
HAMBI_0403_chrm01_circ_594009	PS_Ct_r01_2017_07_24_L001	3	0.1014	0.0049	1.0000
HAMBI_0403_chrm01_circ_594009	PS_Ct_r01_2017_08_21_L002	3	0.0391	0.0035	1.0000
HAMBI_0403_chrm01_circ_775488	PS_Ct_r01_2015_08_24_L001	3	0.0000	0.0000	1.0000
HAMBI_0403_chrm01_circ_775488	PS_Ct_r01_2015_09_21_L001	3	0.0000	0.0000	1.0000
HAMBI_0403_chrm01_circ_775488	PS_Ct_r01_2015_10_19_L001	3	0.0003	0.0017	1.0000
HAMBI_0403_chrm01_circ_775488	PS_Ct_r01_2015_11_16_L002	3	0.0000	0.0000	1.0000
HAMBI_0403_chrm01_circ_775488	PS_Ct_r01_2015_12_14_L002	3	0.0101	0.0000	1.0000
HAMBI_0403_chrm01_circ_775488	PS_Ct_r01_2016_01_11_L002	3	0.0775	0.0048	1.0000
HAMBI_0403_chrm01_circ_775488	PS_Ct_r01_2016_02_08_L002	3	0.0986	0.0046	1.0000
HAMBI_0403_chrm01_circ_775488	PS_Ct_r01_2016_03_07_L001	3	0.0165	0.0049	1.0000
HAMBI_0403_chrm01_circ_775488	PS_Ct_r01_2016_04_03_L001	3	0.0719	0.0033	1.0000
HAMBI_0403_chrm01_circ_775488	PS_Ct_r01_2016_05_04_L001	3	0.0000	0.0000	1.0000
HAMBI_0403_chrm01_circ_775488	PS_Ct_r01_2016_05_30_L001	3	0.3281	0.0075	1.0000
HAMBI_0403_chrm01_circ_775488	PS_Ct_r01_2016_07_25_L004	3	0.0611	0.0035	1.0000
HAMBI_0403_chrm01_circ_775488	PS_Ct_r01_2016_08_22_L004	3	0.0982	0.0057	1.0000
HAMBI_0403_chrm01_circ_775488	PS_Ct_r01_2016_09_19_L004	3	0.0966	0.0058	1.0000
HAMBI_0403_chrm01_circ_775488	PS_Ct_r01_2016_10_17_L004	3	0.0928	0.0052	1.0000
HAMBI_0403_chrm01_circ_775488	PS_Ct_r01_2016_11_14_L004	3	0.1024	0.0053	1.0000
HAMBI_0403_chrm01_circ_775488	PS_Ct_r01_2016_12_12_L004	3	0.1409	0.0059	1.0000
HAMBI_0403_chrm01_circ_775488	PS_Ct_r01_2017_01_09_L002	3	0.2577	0.0075	1.0000
HAMBI_0403_chrm01_circ_775488	PS_Ct_r01_2017_02_06_L004	3	0.1088	0.0060	1.0000
HAMBI_0403_chrm01_circ_775488	PS_Ct_r01_2017_03_06_L001	3	0.1905	0.0068	1.0000
HAMBI_0403_chrm01_circ_775488	PS_Ct_r01_2017_04_03_L001	3	0.1230	0.0049	1.0000
HAMBI_0403_chrm01_circ_775488	PS_Ct_r01_2017_05_29_L001	3	0.1709	0.0063	1.0000
HAMBI_0403_chrm01_circ_775488	PS_Ct_r01_2017_07_24_L001	3	0.1014	0.0049	1.0000
HAMBI_0403_chrm01_circ_775488	PS_Ct_r01_2017_08_21_L002	3	0.0391	0.0035	1.0000
HAMBI_0403_chrm01_circ_785264	PS_Ct_r01_2015_08_24_L001	3	0.0000	0.0000	1.0000
HAMBI_0403_chrm01_circ_785264	PS_Ct_r01_2015_09_21_L001	3	0.0000	0.0000	1.0000
HAMBI_0403_chrm01_circ_785264	PS_Ct_r01_2015_10_19_L001	3	0.0003	0.0017	1.0000
HAMBI_0403_chrm01_circ_785264	PS_Ct_r01_2015_11_16_L002	3	0.0000	0.0000	1.0000
HAMBI_0403_chrm01_circ_785264	PS_Ct_r01_2015_12_14_L002	3	0.0101	0.0000	1.0000
HAMBI_0403_chrm01_circ_785264	PS_Ct_r01_2016_01_11_L002	3	0.0775	0.0048	1.0000
HAMBI_0403_chrm01_circ_785264	PS_Ct_r01_2016_02_08_L002	3	0.0986	0.0046	1.0000
HAMBI_0403_chrm01_circ_785264	PS_Ct_r01_2016_03_07_L001	3	0.0165	0.0049	1.0000
HAMBI_0403_chrm01_circ_785264	PS_Ct_r01_2016_04_03_L001	3	0.0719	0.0033	1.0000
HAMBI_0403_chrm01_circ_785264	PS_Ct_r01_2016_05_04_L001	3	0.0000	0.0000	1.0000
HAMBI_0403_chrm01_circ_785264	PS_Ct_r01_2016_05_30_L001	3	0.3281	0.0075	1.0000
HAMBI_0403_chrm01_circ_785264	PS_Ct_r01_2016_07_25_L004	3	0.0611	0.0035	1.0000
HAMBI_0403_chrm01_circ_785264	PS_Ct_r01_2016_08_22_L004	3	0.0982	0.0057	1.0000
HAMBI_0403_chrm01_circ_785264	PS_Ct_r01_2016_09_19_L004	3	0.0966	0.0058	1.0000
HAMBI_0403_chrm01_circ_785264	PS_Ct_r01_2016_10_17_L004	3	0.0928	0.0052	1.0000
HAMBI_0403_chrm01_circ_785264	PS_Ct_r01_2016_11_14_L004	3	0.1024	0.0053	1.0000
HAMBI_0403_chrm01_circ_785264	PS_Ct_r01_2016_12_12_L004	3	0.1409	0.0059	1.0000
HAMBI_0403_chrm01_circ_785264	PS_Ct_r01_2017_01_09_L002	3	0.2577	0.0075	1.0000
HAMBI_0403_chrm01_circ_785264	PS_Ct_r01_2017_02_06_L004	3	0.1088	0.0060	1.0000
HAMBI_0403_chrm01_circ_785264	PS_Ct_r01_2017_03_06_L001	3	0.1905	0.0068	1.0000
HAMBI_0403_chrm01_circ_785264	PS_Ct_r01_2017_04_03_L001	3	0.1230	0.0049	1.0000
HAMBI_0403_chrm01_circ_785264	PS_Ct_r01_2017_05_29_L001	3	0.1709	0.0063	1.0000
HAMBI_0403_chrm01_circ_785264	PS_Ct_r01_2017_07_24_L001	3	0.1014	0.0049	1.0000
HAMBI_0403_chrm01_circ_785264	PS_Ct_r01_2017_08_21_L002	3	0.0391	0.0035	1.0000
HAMBI_0403_chrm01_circ_872831	PS_Ct_r01_2015_08_24_L001	3	0.0000	0.0000	1.0000
HAMBI_0403_chrm01_circ_872831	PS_Ct_r01_2015_09_21_L001	3	0.0000	0.0000	1.0000
HAMBI_0403_chrm01_circ_872831	PS_Ct_r01_2015_10_19_L001	3	0.0003	0.0017	1.0000
HAMBI_0403_chrm01_circ_872831	PS_Ct_r01_2015_11_16_L002	3	0.0000	0.0000	1.0000
HAMBI_0403_chrm01_circ_872831	PS_Ct_r01_2015_12_14_L002	3	0.0101	0.0000	1.0000
HAMBI_0403_chrm01_circ_872831	PS_Ct_r01_2016_01_11_L002	3	0.0775	0.0048	1.0000
HAMBI_0403_chrm01_circ_872831	PS_Ct_r01_2016_02_08_L002	3	0.0986	0.0046	1.0000
HAMBI_0403_chrm01_circ_872831	PS_Ct_r01_2016_03_07_L001	3	0.0165	0.0049	1.0000
HAMBI_0403_chrm01_circ_872831	PS_Ct_r01_2016_04_03_L001	3	0.0719	0.0033	1.0000
HAMBI_0403_chrm01_circ_872831	PS_Ct_r01_2016_05_04_L001	3	0.0000	0.0000	1.0000
HAMBI_0403_chrm01_circ_872831	PS_Ct_r01_2016_05_30_L001	3	0.3281	0.0075	1.0000
HAMBI_0403_chrm01_circ_872831	PS_Ct_r01_2016_07_25_L004	3	0.0611	0.0035	1.0000
HAMBI_0403_chrm01_circ_872831	PS_Ct_r01_2016_08_22_L004	3	0.0982	0.0057	1.0000
HAMBI_0403_chrm01_circ_872831	PS_Ct_r01_2016_09_19_L004	3	0.0966	0.0058	1.0000
HAMBI_0403_chrm01_circ_872831	PS_Ct_r01_2016_10_17_L004	3	0.0928	0.0052	1.0000
HAMBI_0403_chrm01_circ_872831	PS_Ct_r01_2016_11_14_L004	3	0.1024	0.0053	1.0000
HAMBI_0403_chrm01_circ_872831	PS_Ct_r01_2016_12_12_L004	3	0.1409	0.0059	1.0000
HAMBI_0403_chrm01_circ_872831	PS_Ct_r01_2017_01_09_L002	3	0.2577	0.0075	1.0000
HAMBI_0403_chrm01_circ_872831	PS_Ct_r01_2017_02_06_L004	3	0.1088	0.0060	1.0000
HAMBI_0403_chrm01_circ_872831	PS_Ct_r01_2017_03_06_L001	3	0.1905	0.0068	1.0000
HAMBI_0403_chrm01_circ_872831	PS_Ct_r01_2017_04_03_L001	3	0.1230	0.0049	1.0000
HAMBI_0403_chrm01_circ_872831	PS_Ct_r01_2017_05_29_L001	3	0.1709	0.0063	1.0000
HAMBI_0403_chrm01_circ_872831	PS_Ct_r01_2017_07_24_L001	3	0.1014	0.0049	1.0000
HAMBI_0403_chrm01_circ_872831	PS_Ct_r01_2017_08_21_L002	3	0.0391	0.0035	1.0000
HAMBI_0403_chrm01_circ_1385933	PS_Ct_r01_2015_08_24_L001	4	0.0007	0.0027	1.0000
HAMBI_0403_chrm01_circ_1385933	PS_Ct_r01_2015_09_21_L001	4	0.0008	0.0030	1.0000
HAMBI_0403_chrm01_circ_1385933	PS_Ct_r01_2015_10_19_L001	4	0.0005	0.0023	1.0000
HAMBI_0403_chrm01_circ_1385933	PS_Ct_r01_2015_11_16_L002	4	0.0353	0.0107	1.0000
HAMBI_0403_chrm01_circ_1385933	PS_Ct_r01_2015_12_14_L002	4	0.0208	0.0073	1.0000
HAMBI_0403_chrm01_circ_1385933	PS_Ct_r01_2016_01_11_L002	4	0.0127	0.0050	1.0000
HAMBI_0403_chrm01_circ_1385933	PS_Ct_r01_2016_02_08_L002	4	0.0160	0.0069	1.0000
HAMBI_0403_chrm01_circ_1385933	PS_Ct_r01_2016_03_07_L001	4	0.0128	0.0055	1.0000
HAMBI_0403_chrm01_circ_1385933	PS_Ct_r01_2016_04_03_L001	4	0.0080	0.0053	1.0000
HAMBI_0403_chrm01_circ_1385933	PS_Ct_r01_2016_05_04_L001	4	0.0006	0.0026	1.0000
HAMBI_0403_chrm01_circ_1385933	PS_Ct_r01_2016_05_30_L001	4	0.0938	0.0164	1.0000
HAMBI_0403_chrm01_circ_1385933	PS_Ct_r01_2016_07_25_L004	4	0.7332	0.0290	1.0000
HAMBI_0403_chrm01_circ_1385933	PS_Ct_r01_2016_08_22_L004	4	0.6769	0.0305	1.0000
HAMBI_0403_chrm01_circ_1385933	PS_Ct_r01_2016_09_19_L004	4	0.4915	0.0325	1.0000
HAMBI_0403_chrm01_circ_1385933	PS_Ct_r01_2016_10_17_L004	4	0.2451	0.0285	1.0000
HAMBI_0403_chrm01_circ_1385933	PS_Ct_r01_2016_11_14_L004	4	0.0384	0.0146	1.0000
HAMBI_0403_chrm01_circ_1385933	PS_Ct_r01_2016_12_12_L004	4	0.1709	0.0244	1.0000
HAMBI_0403_chrm01_circ_1385933	PS_Ct_r01_2017_01_09_L002	4	0.0825	0.0170	1.0000
HAMBI_0403_chrm01_circ_1385933	PS_Ct_r01_2017_02_06_L004	4	0.1983	0.0296	1.0000
HAMBI_0403_chrm01_circ_1385933	PS_Ct_r01_2017_03_06_L001	4	0.3664	0.0332	1.0000
HAMBI_0403_chrm01_circ_1385933	PS_Ct_r01_2017_04_03_L001	4	0.4395	0.0288	1.0000
HAMBI_0403_chrm01_circ_1385933	PS_Ct_r01_2017_05_29_L001	4	0.0672	0.0164	1.0000
HAMBI_0403_chrm01_circ_1385933	PS_Ct_r01_2017_07_24_L001	4	0.0254	0.0107	1.0000
HAMBI_0403_chrm01_circ_1385933	PS_Ct_r01_2017_08_21_L002	4	0.0043	0.0058	1.0000
HAMBI_0403_chrm01_circ_1449620	PS_Ct_r01_2015_08_24_L001	4	0.0007	0.0027	1.0000
HAMBI_0403_chrm01_circ_1449620	PS_Ct_r01_2015_09_21_L001	4	0.0008	0.0030	1.0000
HAMBI_0403_chrm01_circ_1449620	PS_Ct_r01_2015_10_19_L001	4	0.0005	0.0023	1.0000
HAMBI_0403_chrm01_circ_1449620	PS_Ct_r01_2015_11_16_L002	4	0.0353	0.0107	1.0000
HAMBI_0403_chrm01_circ_1449620	PS_Ct_r01_2015_12_14_L002	4	0.0208	0.0073	1.0000
HAMBI_0403_chrm01_circ_1449620	PS_Ct_r01_2016_01_11_L002	4	0.0127	0.0050	1.0000
HAMBI_0403_chrm01_circ_1449620	PS_Ct_r01_2016_02_08_L002	4	0.0160	0.0069	1.0000
HAMBI_0403_chrm01_circ_1449620	PS_Ct_r01_2016_03_07_L001	4	0.0128	0.0055	1.0000
HAMBI_0403_chrm01_circ_1449620	PS_Ct_r01_2016_04_03_L001	4	0.0080	0.0053	1.0000
HAMBI_0403_chrm01_circ_1449620	PS_Ct_r01_2016_05_04_L001	4	0.0006	0.0026	1.0000
HAMBI_0403_chrm01_circ_1449620	PS_Ct_r01_2016_05_30_L001	4	0.0938	0.0164	1.0000
HAMBI_0403_chrm01_circ_1449620	PS_Ct_r01_2016_07_25_L004	4	0.7332	0.0290	1.0000
HAMBI_0403_chrm01_circ_1449620	PS_Ct_r01_2016_08_22_L004	4	0.6769	0.0305	1.0000
HAMBI_0403_chrm01_circ_1449620	PS_Ct_r01_2016_09_19_L004	4	0.4915	0.0325	1.0000
HAMBI_0403_chrm01_circ_1449620	PS_Ct_r01_2016_10_17_L004	4	0.2451	0.0285	1.0000
HAMBI_0403_chrm01_circ_1449620	PS_Ct_r01_2016_11_14_L004	4	0.0384	0.0146	1.0000
HAMBI_0403_chrm01_circ_1449620	PS_Ct_r01_2016_12_12_L004	4	0.1709	0.0244	1.0000
HAMBI_0403_chrm01_circ_1449620	PS_Ct_r01_2017_01_09_L002	4	0.0825	0.0170	1.0000
HAMBI_0403_chrm01_circ_1449620	PS_Ct_r01_2017_02_06_L004	4	0.1983	0.0296	1.0000
HAMBI_0403_chrm01_circ_1449620	PS_Ct_r01_2017_03_06_L001	4	0.3664	0.0332	1.0000
HAMBI_0403_chrm01_circ_1449620	PS_Ct_r01_2017_04_03_L001	4	0.4395	0.0288	1.0000
HAMBI_0403_chrm01_circ_1449620	PS_Ct_r01_2017_05_29_L001	4	0.0672	0.0164	1.0000
HAMBI_0403_chrm01_circ_1449620	PS_Ct_r01_2017_07_24_L001	4	0.0254	0.0107	1.0000
HAMBI_0403_chrm01_circ_1449620	PS_Ct_r01_2017_08_21_L002	4	0.0043	0.0058	1.0000
HAMBI_0403_chrm01_circ_412613	PS_Ct_r01_2015_08_24_L001	4	0.0007	0.0027	1.0000
HAMBI_0403_chrm01_circ_412613	PS_Ct_r01_2015_09_21_L001	4	0.0008	0.0030	1.0000
HAMBI_0403_chrm01_circ_412613	PS_Ct_r01_2015_10_19_L001	4	0.0005	0.0023	1.0000
HAMBI_0403_chrm01_circ_412613	PS_Ct_r01_2015_11_16_L002	4	0.0353	0.0107	1.0000
HAMBI_0403_chrm01_circ_412613	PS_Ct_r01_2015_12_14_L002	4	0.0208	0.0073	1.0000
HAMBI_0403_chrm01_circ_412613	PS_Ct_r01_2016_01_11_L002	4	0.0127	0.0050	1.0000
HAMBI_0403_chrm01_circ_412613	PS_Ct_r01_2016_02_08_L002	4	0.0160	0.0069	1.0000
HAMBI_0403_chrm01_circ_412613	PS_Ct_r01_2016_03_07_L001	4	0.0128	0.0055	1.0000
HAMBI_0403_chrm01_circ_412613	PS_Ct_r01_2016_04_03_L001	4	0.0080	0.0053	1.0000
HAMBI_0403_chrm01_circ_412613	PS_Ct_r01_2016_05_04_L001	4	0.0006	0.0026	1.0000
HAMBI_0403_chrm01_circ_412613	PS_Ct_r01_2016_05_30_L001	4	0.0938	0.0164	1.0000
HAMBI_0403_chrm01_circ_412613	PS_Ct_r01_2016_07_25_L004	4	0.7332	0.0290	1.0000
HAMBI_0403_chrm01_circ_412613	PS_Ct_r01_2016_08_22_L004	4	0.6769	0.0305	1.0000
HAMBI_0403_chrm01_circ_412613	PS_Ct_r01_2016_09_19_L004	4	0.4915	0.0325	1.0000
HAMBI_0403_chrm01_circ_412613	PS_Ct_r01_2016_10_17_L004	4	0.2451	0.0285	1.0000
HAMBI_0403_chrm01_circ_412613	PS_Ct_r01_2016_11_14_L004	4	0.0384	0.0146	1.0000
HAMBI_0403_chrm01_circ_412613	PS_Ct_r01_2016_12_12_L004	4	0.1709	0.0244	1.0000
HAMBI_0403_chrm01_circ_412613	PS_Ct_r01_2017_01_09_L002	4	0.0825	0.0170	1.0000
HAMBI_0403_chrm01_circ_412613	PS_Ct_r01_2017_02_06_L004	4	0.1983	0.0296	1.0000
HAMBI_0403_chrm01_circ_412613	PS_Ct_r01_2017_03_06_L001	4	0.3664	0.0332	1.0000
HAMBI_0403_chrm01_circ_412613	PS_Ct_r01_2017_04_03_L001	4	0.4395	0.0288	1.0000
HAMBI_0403_chrm01_circ_412613	PS_Ct_r01_2017_05_29_L001	4	0.0672	0.0164	1.0000
HAMBI_0403_chrm01_circ_412613	PS_Ct_r01_2017_07_24_L001	4	0.0254	0.0107	1.0000
HAMBI_0403_chrm01_circ_412613	PS_Ct_r01_2017_08_21_L002	4	0.0043	0.0058	1.0000
HAMBI_0403_chrm01_circ_829792	PS_Ct_r01_2015_08_24_L001	4	0.0007	0.0027	1.0000
HAMBI_0403_chrm01_circ_829792	PS_Ct_r01_2015_09_21_L001	4	0.0008	0.0030	1.0000
HAMBI_0403_chrm01_circ_829792	PS_Ct_r01_2015_10_19_L001	4	0.0005	0.0023	1.0000
HAMBI_0403_chrm01_circ_829792	PS_Ct_r01_2015_11_16_L002	4	0.0353	0.0107	1.0000
HAMBI_0403_chrm01_circ_829792	PS_Ct_r01_2015_12_14_L002	4	0.0208	0.0073	1.0000
HAMBI_0403_chrm01_circ_829792	PS_Ct_r01_2016_01_11_L002	4	0.0127	0.0050	1.0000
HAMBI_0403_chrm01_circ_829792	PS_Ct_r01_2016_02_08_L002	4	0.0160	0.0069	1.0000
HAMBI_0403_chrm01_circ_829792	PS_Ct_r01_2016_03_07_L001	4	0.0128	0.0055	1.0000
HAMBI_0403_chrm01_circ_829792	PS_Ct_r01_2016_04_03_L001	4	0.0080	0.0053	1.0000
HAMBI_0403_chrm01_circ_829792	PS_Ct_r01_2016_05_04_L001	4	0.0006	0.0026	1.0000
HAMBI_0403_chrm01_circ_829792	PS_Ct_r01_2016_05_30_L001	4	0.0938	0.0164	1.0000
HAMBI_0403_chrm01_circ_829792	PS_Ct_r01_2016_07_25_L004	4	0.7332	0.0290	1.0000
HAMBI_0403_chrm01_circ_829792	PS_Ct_r01_2016_08_22_L004	4	0.6769	0.0305	1.0000
HAMBI_0403_chrm01_circ_829792	PS_Ct_r01_2016_09_19_L004	4	0.4915	0.0325	1.0000
HAMBI_0403_chrm01_circ_829792	PS_Ct_r01_2016_10_17_L004	4	0.2451	0.0285	1.0000
HAMBI_0403_chrm01_circ_829792	PS_Ct_r01_2016_11_14_L004	4	0.0384	0.0146	1.0000
HAMBI_0403_chrm01_circ_829792	PS_Ct_r01_2016_12_12_L004	4	0.1709	0.0244	1.0000
HAMBI_0403_chrm01_circ_829792	PS_Ct_r01_2017_01_09_L002	4	0.0825	0.0170	1.0000
HAMBI_0403_chrm01_circ_829792	PS_Ct_r01_2017_02_06_L004	4	0.1983	0.0296	1.0000
HAMBI_0403_chrm01_circ_829792	PS_Ct_r01_2017_03_06_L001	4	0.3664	0.0332	1.0000
HAMBI_0403_chrm01_circ_829792	PS_Ct_r01_2017_04_03_L001	4	0.4395	0.0288	1.0000
HAMBI_0403_chrm01_circ_829792	PS_Ct_r01_2017_05_29_L001	4	0.0672	0.0164	1.0000
HAMBI_0403_chrm01_circ_829792	PS_Ct_r01_2017_07_24_L001	4	0.0254	0.0107	1.0000
HAMBI_0403_chrm01_circ_829792	PS_Ct_r01_2017_08_21_L002	4	0.0043	0.0058	1.0000
HAMBI_0403_chrm01_circ_1058167	PS_Ct_r01_2015_08_24_L001	5	0.0000	0.0000	1.0000
HAMBI_0403_chrm01_circ_1058167	PS_Ct_r01_2015_09_21_L001	5	0.0101	0.0000	1.0000
HAMBI_0403_chrm01_circ_1058167	PS_Ct_r01_2015_10_19_L001	5	0.0101	0.0000	1.0000
HAMBI_0403_chrm01_circ_1058167	PS_Ct_r01_2015_11_16_L002	5	0.0233	0.0046	1.0000
HAMBI_0403_chrm01_circ_1058167	PS_Ct_r01_2015_12_14_L002	5	0.1765	0.0053	1.0000
HAMBI_0403_chrm01_circ_1058167	PS_Ct_r01_2016_01_11_L002	5	0.1721	0.0049	1.0000
HAMBI_0403_chrm01_circ_1058167	PS_Ct_r01_2016_02_08_L002	5	0.1135	0.0045	1.0000
HAMBI_0403_chrm01_circ_1058167	PS_Ct_r01_2016_03_07_L001	5	0.0507	0.0016	1.0000
HAMBI_0403_chrm01_circ_1058167	PS_Ct_r01_2016_04_03_L001	5	0.1205	0.0038	1.0000
HAMBI_0403_chrm01_circ_1058167	PS_Ct_r01_2016_05_04_L001	5	0.0000	0.0000	1.0000
HAMBI_0403_chrm01_circ_1058167	PS_Ct_r01_2016_05_30_L001	5	0.0101	0.0000	1.0000
HAMBI_0403_chrm01_circ_1058167	PS_Ct_r01_2016_07_25_L004	5	0.0000	0.0000	1.0000
HAMBI_0403_chrm01_circ_1058167	PS_Ct_r01_2016_08_22_L004	5	0.0000	0.0000	1.0000
HAMBI_0403_chrm01_circ_1058167	PS_Ct_r01_2016_09_19_L004	5	0.0098	0.0016	1.0000
HAMBI_0403_chrm01_circ_1058167	PS_Ct_r01_2016_10_17_L004	5	0.0000	0.0000	1.0000
HAMBI_0403_chrm01_circ_1058167	PS_Ct_r01_2016_11_14_L004	5	0.0000	0.0000	1.0000
HAMBI_0403_chrm01_circ_1058167	PS_Ct_r01_2016_12_12_L004	5	0.0000	0.0000	1.0000
HAMBI_0403_chrm01_circ_1058167	PS_Ct_r01_2017_01_09_L002	5	0.0000	0.0000	1.0000
HAMBI_0403_chrm01_circ_1058167	PS_Ct_r01_2017_02_06_L004	5	0.0000	0.0000	1.0000
HAMBI_0403_chrm01_circ_1058167	PS_Ct_r01_2017_03_06_L001	5	0.0000	0.0000	1.0000
HAMBI_0403_chrm01_circ_1058167	PS_Ct_r01_2017_04_03_L001	5	0.0000	0.0000	1.0000
HAMBI_0403_chrm01_circ_1058167	PS_Ct_r01_2017_05_29_L001	5	0.0000	0.0001	1.0000
HAMBI_0403_chrm01_circ_1058167	PS_Ct_r01_2017_07_24_L001	5	0.0059	0.0050	1.0000
HAMBI_0403_chrm01_circ_1058167	PS_Ct_r01_2017_08_21_L002	5	0.0000	0.0000	1.0000
HAMBI_0403_chrm01_circ_1180652	PS_Ct_r01_2015_08_24_L001	5	0.0000	0.0000	1.0000
HAMBI_0403_chrm01_circ_1180652	PS_Ct_r01_2015_09_21_L001	5	0.0101	0.0000	1.0000
HAMBI_0403_chrm01_circ_1180652	PS_Ct_r01_2015_10_19_L001	5	0.0101	0.0000	1.0000
HAMBI_0403_chrm01_circ_1180652	PS_Ct_r01_2015_11_16_L002	5	0.0233	0.0046	1.0000
HAMBI_0403_chrm01_circ_1180652	PS_Ct_r01_2015_12_14_L002	5	0.1765	0.0053	1.0000
HAMBI_0403_chrm01_circ_1180652	PS_Ct_r01_2016_01_11_L002	5	0.1721	0.0049	1.0000
HAMBI_0403_chrm01_circ_1180652	PS_Ct_r01_2016_02_08_L002	5	0.1135	0.0045	1.0000
HAMBI_0403_chrm01_circ_1180652	PS_Ct_r01_2016_03_07_L001	5	0.0507	0.0016	1.0000
HAMBI_0403_chrm01_circ_1180652	PS_Ct_r01_2016_04_03_L001	5	0.1205	0.0038	1.0000
HAMBI_0403_chrm01_circ_1180652	PS_Ct_r01_2016_05_04_L001	5	0.0000	0.0000	1.0000
HAMBI_0403_chrm01_circ_1180652	PS_Ct_r01_2016_05_30_L001	5	0.0101	0.0000	1.0000
HAMBI_0403_chrm01_circ_1180652	PS_Ct_r01_2016_07_25_L004	5	0.0000	0.0000	1.0000
HAMBI_0403_chrm01_circ_1180652	PS_Ct_r01_2016_08_22_L004	5	0.0000	0.0000	1.0000
HAMBI_0403_chrm01_circ_1180652	PS_Ct_r01_2016_09_19_L004	5	0.0098	0.0016	1.0000
HAMBI_0403_chrm01_circ_1180652	PS_Ct_r01_2016_10_17_L004	5	0.0000	0.0000	1.0000
HAMBI_0403_chrm01_circ_1180652	PS_Ct_r01_2016_11_14_L004	5	0.0000	0.0000	1.0000
HAMBI_0403_chrm01_circ_1180652	PS_Ct_r01_2016_12_12_L004	5	0.0000	0.0000	1.0000
HAMBI_0403_chrm01_circ_1180652	PS_Ct_r01_2017_01_09_L002	5	0.0000	0.0000	1.0000
HAMBI_0403_chrm01_circ_1180652	PS_Ct_r01_2017_02_06_L004	5	0.0000	0.0000	1.0000
HAMBI_0403_chrm01_circ_1180652	PS_Ct_r01_2017_03_06_L001	5	0.0000	0.0000	1.0000
HAMBI_0403_chrm01_circ_1180652	PS_Ct_r01_2017_04_03_L001	5	0.0000	0.0000	1.0000
HAMBI_0403_chrm01_circ_1180652	PS_Ct_r01_2017_05_29_L001	5	0.0000	0.0001	1.0000
HAMBI_0403_chrm01_circ_1180652	PS_Ct_r01_2017_07_24_L001	5	0.0059	0.0050	1.0000
HAMBI_0403_chrm01_circ_1180652	PS_Ct_r01_2017_08_21_L002	5	0.0000	0.0000	1.0000
HAMBI_0403_chrm01_circ_1447	PS_Ct_r01_2015_08_24_L001	5	0.0000	0.0000	1.0000
HAMBI_0403_chrm01_circ_1447	PS_Ct_r01_2015_09_21_L001	5	0.0101	0.0000	1.0000
HAMBI_0403_chrm01_circ_1447	PS_Ct_r01_2015_10_19_L001	5	0.0101	0.0000	1.0000
HAMBI_0403_chrm01_circ_1447	PS_Ct_r01_2015_11_16_L002	5	0.0233	0.0046	1.0000
HAMBI_0403_chrm01_circ_1447	PS_Ct_r01_2015_12_14_L002	5	0.1765	0.0053	1.0000
HAMBI_0403_chrm01_circ_1447	PS_Ct_r01_2016_01_11_L002	5	0.1721	0.0049	1.0000
HAMBI_0403_chrm01_circ_1447	PS_Ct_r01_2016_02_08_L002	5	0.1135	0.0045	1.0000
HAMBI_0403_chrm01_circ_1447	PS_Ct_r01_2016_03_07_L001	5	0.0507	0.0016	1.0000
HAMBI_0403_chrm01_circ_1447	PS_Ct_r01_2016_04_03_L001	5	0.1205	0.0038	1.0000
HAMBI_0403_chrm01_circ_1447	PS_Ct_r01_2016_05_04_L001	5	0.0000	0.0000	1.0000
HAMBI_0403_chrm01_circ_1447	PS_Ct_r01_2016_05_30_L001	5	0.0101	0.0000	1.0000
HAMBI_0403_chrm01_circ_1447	PS_Ct_r01_2016_07_25_L004	5	0.0000	0.0000	1.0000
HAMBI_0403_chrm01_circ_1447	PS_Ct_r01_2016_08_22_L004	5	0.0000	0.0000	1.0000
HAMBI_0403_chrm01_circ_1447	PS_Ct_r01_2016_09_19_L004	5	0.0098	0.0016	1.0000
HAMBI_0403_chrm01_circ_1447	PS_Ct_r01_2016_10_17_L004	5	0.0000	0.0000	1.0000
HAMBI_0403_chrm01_circ_1447	PS_Ct_r01_2016_11_14_L004	5	0.0000	0.0000	1.0000
HAMBI_0403_chrm01_circ_1447	PS_Ct_r01_2016_12_12_L004	5	0.0000	0.0000	1.0000
HAMBI_0403_chrm01_circ_1447	PS_Ct_r01_2017_01_09_L002	5	0.0000	0.0000	1.0000
HAMBI_0403_chrm01_circ_1447	PS_Ct_r01_2017_02_06_L004	5	0.0000	0.0000	1.0000
HAMBI_0403_chrm01_circ_1447	PS_Ct_r01_2017_03_06_L001	5	0.0000	0.0000	1.0000
HAMBI_0403_chrm01_circ_1447	PS_Ct_r01_2017_04_03_L001	5	0.0000	0.0000	1.0000
HAMBI_0403_chrm01_circ_1447	PS_Ct_r01_2017_05_29_L001	5	0.0000	0.0001	1.0000
HAMBI_0403_chrm01_circ_1447	PS_Ct_r01_2017_07_24_L001	5	0.0059	0.0050	1.0000
HAMBI_0403_chrm01_circ_1447	PS_Ct_r01_2017_08_21_L002	5	0.0000	0.0000	1.0000
HAMBI_0403_chrm01_circ_146929	PS_Ct_r01_2015_08_24_L001	5	0.0000	0.0000	1.0000
HAMBI_0403_chrm01_circ_146929	PS_Ct_r01_2015_09_21_L001	5	0.0101	0.0000	1.0000
HAMBI_0403_chrm01_circ_146929	PS_Ct_r01_2015_10_19_L001	5	0.0101	0.0000	1.0000
HAMBI_0403_chrm01_circ_146929	PS_Ct_r01_2015_11_16_L002	5	0.0233	0.0046	1.0000
HAMBI_0403_chrm01_circ_146929	PS_Ct_r01_2015_12_14_L002	5	0.1765	0.0053	1.0000
HAMBI_0403_chrm01_circ_146929	PS_Ct_r01_2016_01_11_L002	5	0.1721	0.0049	1.0000
HAMBI_0403_chrm01_circ_146929	PS_Ct_r01_2016_02_08_L002	5	0.1135	0.0045	1.0000
HAMBI_0403_chrm01_circ_146929	PS_Ct_r01_2016_03_07_L001	5	0.0507	0.0016	1.0000
HAMBI_0403_chrm01_circ_146929	PS_Ct_r01_2016_04_03_L001	5	0.1205	0.0038	1.0000
HAMBI_0403_chrm01_circ_146929	PS_Ct_r01_2016_05_04_L001	5	0.0000	0.0000	1.0000
HAMBI_0403_chrm01_circ_146929	PS_Ct_r01_2016_05_30_L001	5	0.0101	0.0000	1.0000
HAMBI_0403_chrm01_circ_146929	PS_Ct_r01_2016_07_25_L004	5	0.0000	0.0000	1.0000
HAMBI_0403_chrm01_circ_146929	PS_Ct_r01_2016_08_22_L004	5	0.0000	0.0000	1.0000
HAMBI_0403_chrm01_circ_146929	PS_Ct_r01_2016_09_19_L004	5	0.0098	0.0016	1.0000
HAMBI_0403_chrm01_circ_146929	PS_Ct_r01_2016_10_17_L004	5	0.0000	0.0000	1.0000
HAMBI_0403_chrm01_circ_146929	PS_Ct_r01_2016_11_14_L004	5	0.0000	0.0000	1.0000
HAMBI_0403_chrm01_circ_146929	PS_Ct_r01_2016_12_12_L004	5	0.0000	0.0000	1.0000
HAMBI_0403_chrm01_circ_146929	PS_Ct_r01_2017_01_09_L002	5	0.0000	0.0000	1.0000
HAMBI_0403_chrm01_circ_146929	PS_Ct_r01_2017_02_06_L004	5	0.0000	0.0000	1.0000
HAMBI_0403_chrm01_circ_146929	PS_Ct_r01_2017_03_06_L001	5	0.0000	0.0000	1.0000
HAMBI_0403_chrm01_circ_146929	PS_Ct_r01_2017_04_03_L001	5	0.0000	0.0000	1.0000
HAMBI_0403_chrm01_circ_146929	PS_Ct_r01_2017_05_29_L001	5	0.0000	0.0001	1.0000
HAMBI_0403_chrm01_circ_146929	PS_Ct_r01_2017_07_24_L001	5	0.0059	0.0050	1.0000
HAMBI_0403_chrm01_circ_146929	PS_Ct_r01_2017_08_21_L002	5	0.0000	0.0000	1.0000
HAMBI_0403_chrm01_circ_1761478	PS_Ct_r01_2015_08_24_L001	5	0.0000	0.0000	1.0000
HAMBI_0403_chrm01_circ_1761478	PS_Ct_r01_2015_09_21_L001	5	0.0101	0.0000	1.0000
HAMBI_0403_chrm01_circ_1761478	PS_Ct_r01_2015_10_19_L001	5	0.0101	0.0000	1.0000
HAMBI_0403_chrm01_circ_1761478	PS_Ct_r01_2015_11_16_L002	5	0.0233	0.0046	1.0000
HAMBI_0403_chrm01_circ_1761478	PS_Ct_r01_2015_12_14_L002	5	0.1765	0.0053	1.0000
HAMBI_0403_chrm01_circ_1761478	PS_Ct_r01_2016_01_11_L002	5	0.1721	0.0049	1.0000
HAMBI_0403_chrm01_circ_1761478	PS_Ct_r01_2016_02_08_L002	5	0.1135	0.0045	1.0000
HAMBI_0403_chrm01_circ_1761478	PS_Ct_r01_2016_03_07_L001	5	0.0507	0.0016	1.0000
HAMBI_0403_chrm01_circ_1761478	PS_Ct_r01_2016_04_03_L001	5	0.1205	0.0038	1.0000
HAMBI_0403_chrm01_circ_1761478	PS_Ct_r01_2016_05_04_L001	5	0.0000	0.0000	1.0000
HAMBI_0403_chrm01_circ_1761478	PS_Ct_r01_2016_05_30_L001	5	0.0101	0.0000	1.0000
HAMBI_0403_chrm01_circ_1761478	PS_Ct_r01_2016_07_25_L004	5	0.0000	0.0000	1.0000
HAMBI_0403_chrm01_circ_1761478	PS_Ct_r01_2016_08_22_L004	5	0.0000	0.0000	1.0000
HAMBI_0403_chrm01_circ_1761478	PS_Ct_r01_2016_09_19_L004	5	0.0098	0.0016	1.0000
HAMBI_0403_chrm01_circ_1761478	PS_Ct_r01_2016_10_17_L004	5	0.0000	0.0000	1.0000
HAMBI_0403_chrm01_circ_1761478	PS_Ct_r01_2016_11_14_L004	5	0.0000	0.0000	1.0000
HAMBI_0403_chrm01_circ_1761478	PS_Ct_r01_2016_12_12_L004	5	0.0000	0.0000	1.0000
HAMBI_0403_chrm01_circ_1761478	PS_Ct_r01_2017_01_09_L002	5	0.0000	0.0000	1.0000
HAMBI_0403_chrm01_circ_1761478	PS_Ct_r01_2017_02_06_L004	5	0.0000	0.0000	1.0000
HAMBI_0403_chrm01_circ_1761478	PS_Ct_r01_2017_03_06_L001	5	0.0000	0.0000	1.0000
HAMBI_0403_chrm01_circ_1761478	PS_Ct_r01_2017_04_03_L001	5	0.0000	0.0000	1.0000
HAMBI_0403_chrm01_circ_1761478	PS_Ct_r01_2017_05_29_L001	5	0.0000	0.0001	1.0000
HAMBI_0403_chrm01_circ_1761478	PS_Ct_r01_2017_07_24_L001	5	0.0059	0.0050	1.0000
HAMBI_0403_chrm01_circ_1761478	PS_Ct_r01_2017_08_21_L002	5	0.0000	0.0000	1.0000
HAMBI_0403_chrm01_circ_1761481	PS_Ct_r01_2015_08_24_L001	5	0.0000	0.0000	1.0000
HAMBI_0403_chrm01_circ_1761481	PS_Ct_r01_2015_09_21_L001	5	0.0101	0.0000	1.0000
HAMBI_0403_chrm01_circ_1761481	PS_Ct_r01_2015_10_19_L001	5	0.0101	0.0000	1.0000
HAMBI_0403_chrm01_circ_1761481	PS_Ct_r01_2015_11_16_L002	5	0.0233	0.0046	1.0000
HAMBI_0403_chrm01_circ_1761481	PS_Ct_r01_2015_12_14_L002	5	0.1765	0.0053	1.0000
HAMBI_0403_chrm01_circ_1761481	PS_Ct_r01_2016_01_11_L002	5	0.1721	0.0049	1.0000
HAMBI_0403_chrm01_circ_1761481	PS_Ct_r01_2016_02_08_L002	5	0.1135	0.0045	1.0000
HAMBI_0403_chrm01_circ_1761481	PS_Ct_r01_2016_03_07_L001	5	0.0507	0.0016	1.0000
HAMBI_0403_chrm01_circ_1761481	PS_Ct_r01_2016_04_03_L001	5	0.1205	0.0038	1.0000
HAMBI_0403_chrm01_circ_1761481	PS_Ct_r01_2016_05_04_L001	5	0.0000	0.0000	1.0000
HAMBI_0403_chrm01_circ_1761481	PS_Ct_r01_2016_05_30_L001	5	0.0101	0.0000	1.0000
HAMBI_0403_chrm01_circ_1761481	PS_Ct_r01_2016_07_25_L004	5	0.0000	0.0000	1.0000
HAMBI_0403_chrm01_circ_1761481	PS_Ct_r01_2016_08_22_L004	5	0.0000	0.0000	1.0000
HAMBI_0403_chrm01_circ_1761481	PS_Ct_r01_2016_09_19_L004	5	0.0098	0.0016	1.0000
HAMBI_0403_chrm01_circ_1761481	PS_Ct_r01_2016_10_17_L004	5	0.0000	0.0000	1.0000
HAMBI_0403_chrm01_circ_1761481	PS_Ct_r01_2016_11_14_L004	5	0.0000	0.0000	1.0000
HAMBI_0403_chrm01_circ_1761481	PS_Ct_r01_2016_12_12_L004	5	0.0000	0.0000	1.0000
HAMBI_0403_chrm01_circ_1761481	PS_Ct_r01_2017_01_09_L002	5	0.0000	0.0000	1.0000
HAMBI_0403_chrm01_circ_1761481	PS_Ct_r01_2017_02_06_L004	5	0.0000	0.0000	1.0000
HAMBI_0403_chrm01_circ_1761481	PS_Ct_r01_2017_03_06_L001	5	0.0000	0.0000	1.0000
HAMBI_0403_chrm01_circ_1761481	PS_Ct_r01_2017_04_03_L001	5	0.0000	0.0000	1.0000
HAMBI_0403_chrm01_circ_1761481	PS_Ct_r01_2017_05_29_L001	5	0.0000	0.0001	1.0000
HAMBI_0403_chrm01_circ_1761481	PS_Ct_r01_2017_07_24_L001	5	0.0059	0.0050	1.0000
HAMBI_0403_chrm01_circ_1761481	PS_Ct_r01_2017_08_21_L002	5	0.0000	0.0000	1.0000
HAMBI_0403_chrm01_circ_1829696	PS_Ct_r01_2015_08_24_L001	5	0.0000	0.0000	1.0000
HAMBI_0403_chrm01_circ_1829696	PS_Ct_r01_2015_09_21_L001	5	0.0101	0.0000	1.0000
HAMBI_0403_chrm01_circ_1829696	PS_Ct_r01_2015_10_19_L001	5	0.0101	0.0000	1.0000
HAMBI_0403_chrm01_circ_1829696	PS_Ct_r01_2015_11_16_L002	5	0.0233	0.0046	1.0000
HAMBI_0403_chrm01_circ_1829696	PS_Ct_r01_2015_12_14_L002	5	0.1765	0.0053	1.0000
HAMBI_0403_chrm01_circ_1829696	PS_Ct_r01_2016_01_11_L002	5	0.1721	0.0049	1.0000
HAMBI_0403_chrm01_circ_1829696	PS_Ct_r01_2016_02_08_L002	5	0.1135	0.0045	1.0000
HAMBI_0403_chrm01_circ_1829696	PS_Ct_r01_2016_03_07_L001	5	0.0507	0.0016	1.0000
HAMBI_0403_chrm01_circ_1829696	PS_Ct_r01_2016_04_03_L001	5	0.1205	0.0038	1.0000
HAMBI_0403_chrm01_circ_1829696	PS_Ct_r01_2016_05_04_L001	5	0.0000	0.0000	1.0000
HAMBI_0403_chrm01_circ_1829696	PS_Ct_r01_2016_05_30_L001	5	0.0101	0.0000	1.0000
HAMBI_0403_chrm01_circ_1829696	PS_Ct_r01_2016_07_25_L004	5	0.0000	0.0000	1.0000
HAMBI_0403_chrm01_circ_1829696	PS_Ct_r01_2016_08_22_L004	5	0.0000	0.0000	1.0000
HAMBI_0403_chrm01_circ_1829696	PS_Ct_r01_2016_09_19_L004	5	0.0098	0.0016	1.0000
HAMBI_0403_chrm01_circ_1829696	PS_Ct_r01_2016_10_17_L004	5	0.0000	0.0000	1.0000
HAMBI_0403_chrm01_circ_1829696	PS_Ct_r01_2016_11_14_L004	5	0.0000	0.0000	1.0000
HAMBI_0403_chrm01_circ_1829696	PS_Ct_r01_2016_12_12_L004	5	0.0000	0.0000	1.0000
HAMBI_0403_chrm01_circ_1829696	PS_Ct_r01_2017_01_09_L002	5	0.0000	0.0000	1.0000
HAMBI_0403_chrm01_circ_1829696	PS_Ct_r01_2017_02_06_L004	5	0.0000	0.0000	1.0000
HAMBI_0403_chrm01_circ_1829696	PS_Ct_r01_2017_03_06_L001	5	0.0000	0.0000	1.0000
HAMBI_0403_chrm01_circ_1829696	PS_Ct_r01_2017_04_03_L001	5	0.0000	0.0000	1.0000
HAMBI_0403_chrm01_circ_1829696	PS_Ct_r01_2017_05_29_L001	5	0.0000	0.0001	1.0000
HAMBI_0403_chrm01_circ_1829696	PS_Ct_r01_2017_07_24_L001	5	0.0059	0.0050	1.0000
HAMBI_0403_chrm01_circ_1829696	PS_Ct_r01_2017_08_21_L002	5	0.0000	0.0000	1.0000
HAMBI_0403_chrm01_circ_185493	PS_Ct_r01_2015_08_24_L001	5	0.0000	0.0000	1.0000
HAMBI_0403_chrm01_circ_185493	PS_Ct_r01_2015_09_21_L001	5	0.0101	0.0000	1.0000
HAMBI_0403_chrm01_circ_185493	PS_Ct_r01_2015_10_19_L001	5	0.0101	0.0000	1.0000
HAMBI_0403_chrm01_circ_185493	PS_Ct_r01_2015_11_16_L002	5	0.0233	0.0046	1.0000
HAMBI_0403_chrm01_circ_185493	PS_Ct_r01_2015_12_14_L002	5	0.1765	0.0053	1.0000
HAMBI_0403_chrm01_circ_185493	PS_Ct_r01_2016_01_11_L002	5	0.1721	0.0049	1.0000
HAMBI_0403_chrm01_circ_185493	PS_Ct_r01_2016_02_08_L002	5	0.1135	0.0045	1.0000
HAMBI_0403_chrm01_circ_185493	PS_Ct_r01_2016_03_07_L001	5	0.0507	0.0016	1.0000
HAMBI_0403_chrm01_circ_185493	PS_Ct_r01_2016_04_03_L001	5	0.1205	0.0038	1.0000
HAMBI_0403_chrm01_circ_185493	PS_Ct_r01_2016_05_04_L001	5	0.0000	0.0000	1.0000
HAMBI_0403_chrm01_circ_185493	PS_Ct_r01_2016_05_30_L001	5	0.0101	0.0000	1.0000
HAMBI_0403_chrm01_circ_185493	PS_Ct_r01_2016_07_25_L004	5	0.0000	0.0000	1.0000
HAMBI_0403_chrm01_circ_185493	PS_Ct_r01_2016_08_22_L004	5	0.0000	0.0000	1.0000
HAMBI_0403_chrm01_circ_185493	PS_Ct_r01_2016_09_19_L004	5	0.0098	0.0016	1.0000
HAMBI_0403_chrm01_circ_185493	PS_Ct_r01_2016_10_17_L004	5	0.0000	0.0000	1.0000
HAMBI_0403_chrm01_circ_185493	PS_Ct_r01_2016_11_14_L004	5	0.0000	0.0000	1.0000
HAMBI_0403_chrm01_circ_185493	PS_Ct_r01_2016_12_12_L004	5	0.0000	0.0000	1.0000
HAMBI_0403_chrm01_circ_185493	PS_Ct_r01_2017_01_09_L002	5	0.0000	0.0000	1.0000
HAMBI_0403_chrm01_circ_185493	PS_Ct_r01_2017_02_06_L004	5	0.0000	0.0000	1.0000
HAMBI_0403_chrm01_circ_185493	PS_Ct_r01_2017_03_06_L001	5	0.0000	0.0000	1.0000
HAMBI_0403_chrm01_circ_185493	PS_Ct_r01_2017_04_03_L001	5	0.0000	0.0000	1.0000
HAMBI_0403_chrm01_circ_185493	PS_Ct_r01_2017_05_29_L001	5	0.0000	0.0001	1.0000
HAMBI_0403_chrm01_circ_185493	PS_Ct_r01_2017_07_24_L001	5	0.0059	0.0050	1.0000
HAMBI_0403_chrm01_circ_185493	PS_Ct_r01_2017_08_21_L002	5	0.0000	0.0000	1.0000
HAMBI_0403_chrm01_circ_1965123	PS_Ct_r01_2015_08_24_L001	5	0.0000	0.0000	1.0000
HAMBI_0403_chrm01_circ_1965123	PS_Ct_r01_2015_09_21_L001	5	0.0101	0.0000	1.0000
HAMBI_0403_chrm01_circ_1965123	PS_Ct_r01_2015_10_19_L001	5	0.0101	0.0000	1.0000
HAMBI_0403_chrm01_circ_1965123	PS_Ct_r01_2015_11_16_L002	5	0.0233	0.0046	1.0000
HAMBI_0403_chrm01_circ_1965123	PS_Ct_r01_2015_12_14_L002	5	0.1765	0.0053	1.0000
HAMBI_0403_chrm01_circ_1965123	PS_Ct_r01_2016_01_11_L002	5	0.1721	0.0049	1.0000
HAMBI_0403_chrm01_circ_1965123	PS_Ct_r01_2016_02_08_L002	5	0.1135	0.0045	1.0000
HAMBI_0403_chrm01_circ_1965123	PS_Ct_r01_2016_03_07_L001	5	0.0507	0.0016	1.0000
HAMBI_0403_chrm01_circ_1965123	PS_Ct_r01_2016_04_03_L001	5	0.1205	0.0038	1.0000
HAMBI_0403_chrm01_circ_1965123	PS_Ct_r01_2016_05_04_L001	5	0.0000	0.0000	1.0000
HAMBI_0403_chrm01_circ_1965123	PS_Ct_r01_2016_05_30_L001	5	0.0101	0.0000	1.0000
HAMBI_0403_chrm01_circ_1965123	PS_Ct_r01_2016_07_25_L004	5	0.0000	0.0000	1.0000
HAMBI_0403_chrm01_circ_1965123	PS_Ct_r01_2016_08_22_L004	5	0.0000	0.0000	1.0000
HAMBI_0403_chrm01_circ_1965123	PS_Ct_r01_2016_09_19_L004	5	0.0098	0.0016	1.0000
HAMBI_0403_chrm01_circ_1965123	PS_Ct_r01_2016_10_17_L004	5	0.0000	0.0000	1.0000
HAMBI_0403_chrm01_circ_1965123	PS_Ct_r01_2016_11_14_L004	5	0.0000	0.0000	1.0000
HAMBI_0403_chrm01_circ_1965123	PS_Ct_r01_2016_12_12_L004	5	0.0000	0.0000	1.0000
HAMBI_0403_chrm01_circ_1965123	PS_Ct_r01_2017_01_09_L002	5	0.0000	0.0000	1.0000
HAMBI_0403_chrm01_circ_1965123	PS_Ct_r01_2017_02_06_L004	5	0.0000	0.0000	1.0000
HAMBI_0403_chrm01_circ_1965123	PS_Ct_r01_2017_03_06_L001	5	0.0000	0.0000	1.0000
HAMBI_0403_chrm01_circ_1965123	PS_Ct_r01_2017_04_03_L001	5	0.0000	0.0000	1.0000
HAMBI_0403_chrm01_circ_1965123	PS_Ct_r01_2017_05_29_L001	5	0.0000	0.0001	1.0000
HAMBI_0403_chrm01_circ_1965123	PS_Ct_r01_2017_07_24_L001	5	0.0059	0.0050	1.0000
HAMBI_0403_chrm01_circ_1965123	PS_Ct_r01_2017_08_21_L002	5	0.0000	0.0000	1.0000
HAMBI_0403_chrm01_circ_1976465	PS_Ct_r01_2015_08_24_L001	5	0.0000	0.0000	1.0000
HAMBI_0403_chrm01_circ_1976465	PS_Ct_r01_2015_09_21_L001	5	0.0101	0.0000	1.0000
HAMBI_0403_chrm01_circ_1976465	PS_Ct_r01_2015_10_19_L001	5	0.0101	0.0000	1.0000
HAMBI_0403_chrm01_circ_1976465	PS_Ct_r01_2015_11_16_L002	5	0.0233	0.0046	1.0000
HAMBI_0403_chrm01_circ_1976465	PS_Ct_r01_2015_12_14_L002	5	0.1765	0.0053	1.0000
HAMBI_0403_chrm01_circ_1976465	PS_Ct_r01_2016_01_11_L002	5	0.1721	0.0049	1.0000
HAMBI_0403_chrm01_circ_1976465	PS_Ct_r01_2016_02_08_L002	5	0.1135	0.0045	1.0000
HAMBI_0403_chrm01_circ_1976465	PS_Ct_r01_2016_03_07_L001	5	0.0507	0.0016	1.0000
HAMBI_0403_chrm01_circ_1976465	PS_Ct_r01_2016_04_03_L001	5	0.1205	0.0038	1.0000
HAMBI_0403_chrm01_circ_1976465	PS_Ct_r01_2016_05_04_L001	5	0.0000	0.0000	1.0000
HAMBI_0403_chrm01_circ_1976465	PS_Ct_r01_2016_05_30_L001	5	0.0101	0.0000	1.0000
HAMBI_0403_chrm01_circ_1976465	PS_Ct_r01_2016_07_25_L004	5	0.0000	0.0000	1.0000
HAMBI_0403_chrm01_circ_1976465	PS_Ct_r01_2016_08_22_L004	5	0.0000	0.0000	1.0000
HAMBI_0403_chrm01_circ_1976465	PS_Ct_r01_2016_09_19_L004	5	0.0098	0.0016	1.0000
HAMBI_0403_chrm01_circ_1976465	PS_Ct_r01_2016_10_17_L004	5	0.0000	0.0000	1.0000
HAMBI_0403_chrm01_circ_1976465	PS_Ct_r01_2016_11_14_L004	5	0.0000	0.0000	1.0000
HAMBI_0403_chrm01_circ_1976465	PS_Ct_r01_2016_12_12_L004	5	0.0000	0.0000	1.0000
HAMBI_0403_chrm01_circ_1976465	PS_Ct_r01_2017_01_09_L002	5	0.0000	0.0000	1.0000
HAMBI_0403_chrm01_circ_1976465	PS_Ct_r01_2017_02_06_L004	5	0.0000	0.0000	1.0000
HAMBI_0403_chrm01_circ_1976465	PS_Ct_r01_2017_03_06_L001	5	0.0000	0.0000	1.0000
HAMBI_0403_chrm01_circ_1976465	PS_Ct_r01_2017_04_03_L001	5	0.0000	0.0000	1.0000
HAMBI_0403_chrm01_circ_1976465	PS_Ct_r01_2017_05_29_L001	5	0.0000	0.0001	1.0000
HAMBI_0403_chrm01_circ_1976465	PS_Ct_r01_2017_07_24_L001	5	0.0059	0.0050	1.0000
HAMBI_0403_chrm01_circ_1976465	PS_Ct_r01_2017_08_21_L002	5	0.0000	0.0000	1.0000
HAMBI_0403_chrm01_circ_2304939	PS_Ct_r01_2015_08_24_L001	5	0.0000	0.0000	1.0000
HAMBI_0403_chrm01_circ_2304939	PS_Ct_r01_2015_09_21_L001	5	0.0101	0.0000	1.0000
HAMBI_0403_chrm01_circ_2304939	PS_Ct_r01_2015_10_19_L001	5	0.0101	0.0000	1.0000
HAMBI_0403_chrm01_circ_2304939	PS_Ct_r01_2015_11_16_L002	5	0.0233	0.0046	1.0000
HAMBI_0403_chrm01_circ_2304939	PS_Ct_r01_2015_12_14_L002	5	0.1765	0.0053	1.0000
HAMBI_0403_chrm01_circ_2304939	PS_Ct_r01_2016_01_11_L002	5	0.1721	0.0049	1.0000
HAMBI_0403_chrm01_circ_2304939	PS_Ct_r01_2016_02_08_L002	5	0.1135	0.0045	1.0000
HAMBI_0403_chrm01_circ_2304939	PS_Ct_r01_2016_03_07_L001	5	0.0507	0.0016	1.0000
HAMBI_0403_chrm01_circ_2304939	PS_Ct_r01_2016_04_03_L001	5	0.1205	0.0038	1.0000
HAMBI_0403_chrm01_circ_2304939	PS_Ct_r01_2016_05_04_L001	5	0.0000	0.0000	1.0000
HAMBI_0403_chrm01_circ_2304939	PS_Ct_r01_2016_05_30_L001	5	0.0101	0.0000	1.0000
HAMBI_0403_chrm01_circ_2304939	PS_Ct_r01_2016_07_25_L004	5	0.0000	0.0000	1.0000
HAMBI_0403_chrm01_circ_2304939	PS_Ct_r01_2016_08_22_L004	5	0.0000	0.0000	1.0000
HAMBI_0403_chrm01_circ_2304939	PS_Ct_r01_2016_09_19_L004	5	0.0098	0.0016	1.0000
HAMBI_0403_chrm01_circ_2304939	PS_Ct_r01_2016_10_17_L004	5	0.0000	0.0000	1.0000
HAMBI_0403_chrm01_circ_2304939	PS_Ct_r01_2016_11_14_L004	5	0.0000	0.0000	1.0000
HAMBI_0403_chrm01_circ_2304939	PS_Ct_r01_2016_12_12_L004	5	0.0000	0.0000	1.0000
HAMBI_0403_chrm01_circ_2304939	PS_Ct_r01_2017_01_09_L002	5	0.0000	0.0000	1.0000
HAMBI_0403_chrm01_circ_2304939	PS_Ct_r01_2017_02_06_L004	5	0.0000	0.0000	1.0000
HAMBI_0403_chrm01_circ_2304939	PS_Ct_r01_2017_03_06_L001	5	0.0000	0.0000	1.0000
HAMBI_0403_chrm01_circ_2304939	PS_Ct_r01_2017_04_03_L001	5	0.0000	0.0000	1.0000
HAMBI_0403_chrm01_circ_2304939	PS_Ct_r01_2017_05_29_L001	5	0.0000	0.0001	1.0000
HAMBI_0403_chrm01_circ_2304939	PS_Ct_r01_2017_07_24_L001	5	0.0059	0.0050	1.0000
HAMBI_0403_chrm01_circ_2304939	PS_Ct_r01_2017_08_21_L002	5	0.0000	0.0000	1.0000
HAMBI_0403_chrm01_circ_2372922	PS_Ct_r01_2015_08_24_L001	5	0.0000	0.0000	1.0000
HAMBI_0403_chrm01_circ_2372922	PS_Ct_r01_2015_09_21_L001	5	0.0101	0.0000	1.0000
HAMBI_0403_chrm01_circ_2372922	PS_Ct_r01_2015_10_19_L001	5	0.0101	0.0000	1.0000
HAMBI_0403_chrm01_circ_2372922	PS_Ct_r01_2015_11_16_L002	5	0.0233	0.0046	1.0000
HAMBI_0403_chrm01_circ_2372922	PS_Ct_r01_2015_12_14_L002	5	0.1765	0.0053	1.0000
HAMBI_0403_chrm01_circ_2372922	PS_Ct_r01_2016_01_11_L002	5	0.1721	0.0049	1.0000
HAMBI_0403_chrm01_circ_2372922	PS_Ct_r01_2016_02_08_L002	5	0.1135	0.0045	1.0000
HAMBI_0403_chrm01_circ_2372922	PS_Ct_r01_2016_03_07_L001	5	0.0507	0.0016	1.0000
HAMBI_0403_chrm01_circ_2372922	PS_Ct_r01_2016_04_03_L001	5	0.1205	0.0038	1.0000
HAMBI_0403_chrm01_circ_2372922	PS_Ct_r01_2016_05_04_L001	5	0.0000	0.0000	1.0000
HAMBI_0403_chrm01_circ_2372922	PS_Ct_r01_2016_05_30_L001	5	0.0101	0.0000	1.0000
HAMBI_0403_chrm01_circ_2372922	PS_Ct_r01_2016_07_25_L004	5	0.0000	0.0000	1.0000
HAMBI_0403_chrm01_circ_2372922	PS_Ct_r01_2016_08_22_L004	5	0.0000	0.0000	1.0000
HAMBI_0403_chrm01_circ_2372922	PS_Ct_r01_2016_09_19_L004	5	0.0098	0.0016	1.0000
HAMBI_0403_chrm01_circ_2372922	PS_Ct_r01_2016_10_17_L004	5	0.0000	0.0000	1.0000
HAMBI_0403_chrm01_circ_2372922	PS_Ct_r01_2016_11_14_L004	5	0.0000	0.0000	1.0000
HAMBI_0403_chrm01_circ_2372922	PS_Ct_r01_2016_12_12_L004	5	0.0000	0.0000	1.0000
HAMBI_0403_chrm01_circ_2372922	PS_Ct_r01_2017_01_09_L002	5	0.0000	0.0000	1.0000
HAMBI_0403_chrm01_circ_2372922	PS_Ct_r01_2017_02_06_L004	5	0.0000	0.0000	1.0000
HAMBI_0403_chrm01_circ_2372922	PS_Ct_r01_2017_03_06_L001	5	0.0000	0.0000	1.0000
HAMBI_0403_chrm01_circ_2372922	PS_Ct_r01_2017_04_03_L001	5	0.0000	0.0000	1.0000
HAMBI_0403_chrm01_circ_2372922	PS_Ct_r01_2017_05_29_L001	5	0.0000	0.0001	1.0000
HAMBI_0403_chrm01_circ_2372922	PS_Ct_r01_2017_07_24_L001	5	0.0059	0.0050	1.0000
HAMBI_0403_chrm01_circ_2372922	PS_Ct_r01_2017_08_21_L002	5	0.0000	0.0000	1.0000
HAMBI_0403_chrm01_circ_2608358	PS_Ct_r01_2015_08_24_L001	5	0.0000	0.0000	1.0000
HAMBI_0403_chrm01_circ_2608358	PS_Ct_r01_2015_09_21_L001	5	0.0101	0.0000	1.0000
HAMBI_0403_chrm01_circ_2608358	PS_Ct_r01_2015_10_19_L001	5	0.0101	0.0000	1.0000
HAMBI_0403_chrm01_circ_2608358	PS_Ct_r01_2015_11_16_L002	5	0.0233	0.0046	1.0000
HAMBI_0403_chrm01_circ_2608358	PS_Ct_r01_2015_12_14_L002	5	0.1765	0.0053	1.0000
HAMBI_0403_chrm01_circ_2608358	PS_Ct_r01_2016_01_11_L002	5	0.1721	0.0049	1.0000
HAMBI_0403_chrm01_circ_2608358	PS_Ct_r01_2016_02_08_L002	5	0.1135	0.0045	1.0000
HAMBI_0403_chrm01_circ_2608358	PS_Ct_r01_2016_03_07_L001	5	0.0507	0.0016	1.0000
HAMBI_0403_chrm01_circ_2608358	PS_Ct_r01_2016_04_03_L001	5	0.1205	0.0038	1.0000
HAMBI_0403_chrm01_circ_2608358	PS_Ct_r01_2016_05_04_L001	5	0.0000	0.0000	1.0000
HAMBI_0403_chrm01_circ_2608358	PS_Ct_r01_2016_05_30_L001	5	0.0101	0.0000	1.0000
HAMBI_0403_chrm01_circ_2608358	PS_Ct_r01_2016_07_25_L004	5	0.0000	0.0000	1.0000
HAMBI_0403_chrm01_circ_2608358	PS_Ct_r01_2016_08_22_L004	5	0.0000	0.0000	1.0000
HAMBI_0403_chrm01_circ_2608358	PS_Ct_r01_2016_09_19_L004	5	0.0098	0.0016	1.0000
HAMBI_0403_chrm01_circ_2608358	PS_Ct_r01_2016_10_17_L004	5	0.0000	0.0000	1.0000
HAMBI_0403_chrm01_circ_2608358	PS_Ct_r01_2016_11_14_L004	5	0.0000	0.0000	1.0000
HAMBI_0403_chrm01_circ_2608358	PS_Ct_r01_2016_12_12_L004	5	0.0000	0.0000	1.0000
HAMBI_0403_chrm01_circ_2608358	PS_Ct_r01_2017_01_09_L002	5	0.0000	0.0000	1.0000
HAMBI_0403_chrm01_circ_2608358	PS_Ct_r01_2017_02_06_L004	5	0.0000	0.0000	1.0000
HAMBI_0403_chrm01_circ_2608358	PS_Ct_r01_2017_03_06_L001	5	0.0000	0.0000	1.0000
HAMBI_0403_chrm01_circ_2608358	PS_Ct_r01_2017_04_03_L001	5	0.0000	0.0000	1.0000
HAMBI_0403_chrm01_circ_2608358	PS_Ct_r01_2017_05_29_L001	5	0.0000	0.0001	1.0000
HAMBI_0403_chrm01_circ_2608358	PS_Ct_r01_2017_07_24_L001	5	0.0059	0.0050	1.0000
HAMBI_0403_chrm01_circ_2608358	PS_Ct_r01_2017_08_21_L002	5	0.0000	0.0000	1.0000
HAMBI_0403_chrm01_circ_2609762	PS_Ct_r01_2015_08_24_L001	5	0.0000	0.0000	1.0000
HAMBI_0403_chrm01_circ_2609762	PS_Ct_r01_2015_09_21_L001	5	0.0101	0.0000	1.0000
HAMBI_0403_chrm01_circ_2609762	PS_Ct_r01_2015_10_19_L001	5	0.0101	0.0000	1.0000
HAMBI_0403_chrm01_circ_2609762	PS_Ct_r01_2015_11_16_L002	5	0.0233	0.0046	1.0000
HAMBI_0403_chrm01_circ_2609762	PS_Ct_r01_2015_12_14_L002	5	0.1765	0.0053	1.0000
HAMBI_0403_chrm01_circ_2609762	PS_Ct_r01_2016_01_11_L002	5	0.1721	0.0049	1.0000
HAMBI_0403_chrm01_circ_2609762	PS_Ct_r01_2016_02_08_L002	5	0.1135	0.0045	1.0000
HAMBI_0403_chrm01_circ_2609762	PS_Ct_r01_2016_03_07_L001	5	0.0507	0.0016	1.0000
HAMBI_0403_chrm01_circ_2609762	PS_Ct_r01_2016_04_03_L001	5	0.1205	0.0038	1.0000
HAMBI_0403_chrm01_circ_2609762	PS_Ct_r01_2016_05_04_L001	5	0.0000	0.0000	1.0000
HAMBI_0403_chrm01_circ_2609762	PS_Ct_r01_2016_05_30_L001	5	0.0101	0.0000	1.0000
HAMBI_0403_chrm01_circ_2609762	PS_Ct_r01_2016_07_25_L004	5	0.0000	0.0000	1.0000
HAMBI_0403_chrm01_circ_2609762	PS_Ct_r01_2016_08_22_L004	5	0.0000	0.0000	1.0000
HAMBI_0403_chrm01_circ_2609762	PS_Ct_r01_2016_09_19_L004	5	0.0098	0.0016	1.0000
HAMBI_0403_chrm01_circ_2609762	PS_Ct_r01_2016_10_17_L004	5	0.0000	0.0000	1.0000
HAMBI_0403_chrm01_circ_2609762	PS_Ct_r01_2016_11_14_L004	5	0.0000	0.0000	1.0000
HAMBI_0403_chrm01_circ_2609762	PS_Ct_r01_2016_12_12_L004	5	0.0000	0.0000	1.0000
HAMBI_0403_chrm01_circ_2609762	PS_Ct_r01_2017_01_09_L002	5	0.0000	0.0000	1.0000
HAMBI_0403_chrm01_circ_2609762	PS_Ct_r01_2017_02_06_L004	5	0.0000	0.0000	1.0000
HAMBI_0403_chrm01_circ_2609762	PS_Ct_r01_2017_03_06_L001	5	0.0000	0.0000	1.0000
HAMBI_0403_chrm01_circ_2609762	PS_Ct_r01_2017_04_03_L001	5	0.0000	0.0000	1.0000
HAMBI_0403_chrm01_circ_2609762	PS_Ct_r01_2017_05_29_L001	5	0.0000	0.0001	1.0000
HAMBI_0403_chrm01_circ_2609762	PS_Ct_r01_2017_07_24_L001	5	0.0059	0.0050	1.0000
HAMBI_0403_chrm01_circ_2609762	PS_Ct_r01_2017_08_21_L002	5	0.0000	0.0000	1.0000
HAMBI_0403_chrm01_circ_2688650	PS_Ct_r01_2015_08_24_L001	5	0.0000	0.0000	1.0000
HAMBI_0403_chrm01_circ_2688650	PS_Ct_r01_2015_09_21_L001	5	0.0101	0.0000	1.0000
HAMBI_0403_chrm01_circ_2688650	PS_Ct_r01_2015_10_19_L001	5	0.0101	0.0000	1.0000
HAMBI_0403_chrm01_circ_2688650	PS_Ct_r01_2015_11_16_L002	5	0.0233	0.0046	1.0000
HAMBI_0403_chrm01_circ_2688650	PS_Ct_r01_2015_12_14_L002	5	0.1765	0.0053	1.0000
HAMBI_0403_chrm01_circ_2688650	PS_Ct_r01_2016_01_11_L002	5	0.1721	0.0049	1.0000
HAMBI_0403_chrm01_circ_2688650	PS_Ct_r01_2016_02_08_L002	5	0.1135	0.0045	1.0000
HAMBI_0403_chrm01_circ_2688650	PS_Ct_r01_2016_03_07_L001	5	0.0507	0.0016	1.0000
HAMBI_0403_chrm01_circ_2688650	PS_Ct_r01_2016_04_03_L001	5	0.1205	0.0038	1.0000
HAMBI_0403_chrm01_circ_2688650	PS_Ct_r01_2016_05_04_L001	5	0.0000	0.0000	1.0000
HAMBI_0403_chrm01_circ_2688650	PS_Ct_r01_2016_05_30_L001	5	0.0101	0.0000	1.0000
HAMBI_0403_chrm01_circ_2688650	PS_Ct_r01_2016_07_25_L004	5	0.0000	0.0000	1.0000
HAMBI_0403_chrm01_circ_2688650	PS_Ct_r01_2016_08_22_L004	5	0.0000	0.0000	1.0000
HAMBI_0403_chrm01_circ_2688650	PS_Ct_r01_2016_09_19_L004	5	0.0098	0.0016	1.0000
HAMBI_0403_chrm01_circ_2688650	PS_Ct_r01_2016_10_17_L004	5	0.0000	0.0000	1.0000
HAMBI_0403_chrm01_circ_2688650	PS_Ct_r01_2016_11_14_L004	5	0.0000	0.0000	1.0000
HAMBI_0403_chrm01_circ_2688650	PS_Ct_r01_2016_12_12_L004	5	0.0000	0.0000	1.0000
HAMBI_0403_chrm01_circ_2688650	PS_Ct_r01_2017_01_09_L002	5	0.0000	0.0000	1.0000
HAMBI_0403_chrm01_circ_2688650	PS_Ct_r01_2017_02_06_L004	5	0.0000	0.0000	1.0000
HAMBI_0403_chrm01_circ_2688650	PS_Ct_r01_2017_03_06_L001	5	0.0000	0.0000	1.0000
HAMBI_0403_chrm01_circ_2688650	PS_Ct_r01_2017_04_03_L001	5	0.0000	0.0000	1.0000
HAMBI_0403_chrm01_circ_2688650	PS_Ct_r01_2017_05_29_L001	5	0.0000	0.0001	1.0000
HAMBI_0403_chrm01_circ_2688650	PS_Ct_r01_2017_07_24_L001	5	0.0059	0.0050	1.0000
HAMBI_0403_chrm01_circ_2688650	PS_Ct_r01_2017_08_21_L002	5	0.0000	0.0000	1.0000
HAMBI_0403_chrm01_circ_2924687	PS_Ct_r01_2015_08_24_L001	5	0.0000	0.0000	1.0000
HAMBI_0403_chrm01_circ_2924687	PS_Ct_r01_2015_09_21_L001	5	0.0101	0.0000	1.0000
HAMBI_0403_chrm01_circ_2924687	PS_Ct_r01_2015_10_19_L001	5	0.0101	0.0000	1.0000
HAMBI_0403_chrm01_circ_2924687	PS_Ct_r01_2015_11_16_L002	5	0.0233	0.0046	1.0000
HAMBI_0403_chrm01_circ_2924687	PS_Ct_r01_2015_12_14_L002	5	0.1765	0.0053	1.0000
HAMBI_0403_chrm01_circ_2924687	PS_Ct_r01_2016_01_11_L002	5	0.1721	0.0049	1.0000
HAMBI_0403_chrm01_circ_2924687	PS_Ct_r01_2016_02_08_L002	5	0.1135	0.0045	1.0000
HAMBI_0403_chrm01_circ_2924687	PS_Ct_r01_2016_03_07_L001	5	0.0507	0.0016	1.0000
HAMBI_0403_chrm01_circ_2924687	PS_Ct_r01_2016_04_03_L001	5	0.1205	0.0038	1.0000
HAMBI_0403_chrm01_circ_2924687	PS_Ct_r01_2016_05_04_L001	5	0.0000	0.0000	1.0000
HAMBI_0403_chrm01_circ_2924687	PS_Ct_r01_2016_05_30_L001	5	0.0101	0.0000	1.0000
HAMBI_0403_chrm01_circ_2924687	PS_Ct_r01_2016_07_25_L004	5	0.0000	0.0000	1.0000
HAMBI_0403_chrm01_circ_2924687	PS_Ct_r01_2016_08_22_L004	5	0.0000	0.0000	1.0000
HAMBI_0403_chrm01_circ_2924687	PS_Ct_r01_2016_09_19_L004	5	0.0098	0.0016	1.0000
HAMBI_0403_chrm01_circ_2924687	PS_Ct_r01_2016_10_17_L004	5	0.0000	0.0000	1.0000
HAMBI_0403_chrm01_circ_2924687	PS_Ct_r01_2016_11_14_L004	5	0.0000	0.0000	1.0000
HAMBI_0403_chrm01_circ_2924687	PS_Ct_r01_2016_12_12_L004	5	0.0000	0.0000	1.0000
HAMBI_0403_chrm01_circ_2924687	PS_Ct_r01_2017_01_09_L002	5	0.0000	0.0000	1.0000
HAMBI_0403_chrm01_circ_2924687	PS_Ct_r01_2017_02_06_L004	5	0.0000	0.0000	1.0000
HAMBI_0403_chrm01_circ_2924687	PS_Ct_r01_2017_03_06_L001	5	0.0000	0.0000	1.0000
HAMBI_0403_chrm01_circ_2924687	PS_Ct_r01_2017_04_03_L001	5	0.0000	0.0000	1.0000
HAMBI_0403_chrm01_circ_2924687	PS_Ct_r01_2017_05_29_L001	5	0.0000	0.0001	1.0000
HAMBI_0403_chrm01_circ_2924687	PS_Ct_r01_2017_07_24_L001	5	0.0059	0.0050	1.0000
HAMBI_0403_chrm01_circ_2924687	PS_Ct_r01_2017_08_21_L002	5	0.0000	0.0000	1.0000
HAMBI_0403_chrm01_circ_3029347	PS_Ct_r01_2015_08_24_L001	5	0.0000	0.0000	1.0000
HAMBI_0403_chrm01_circ_3029347	PS_Ct_r01_2015_09_21_L001	5	0.0101	0.0000	1.0000
HAMBI_0403_chrm01_circ_3029347	PS_Ct_r01_2015_10_19_L001	5	0.0101	0.0000	1.0000
HAMBI_0403_chrm01_circ_3029347	PS_Ct_r01_2015_11_16_L002	5	0.0233	0.0046	1.0000
HAMBI_0403_chrm01_circ_3029347	PS_Ct_r01_2015_12_14_L002	5	0.1765	0.0053	1.0000
HAMBI_0403_chrm01_circ_3029347	PS_Ct_r01_2016_01_11_L002	5	0.1721	0.0049	1.0000
HAMBI_0403_chrm01_circ_3029347	PS_Ct_r01_2016_02_08_L002	5	0.1135	0.0045	1.0000
HAMBI_0403_chrm01_circ_3029347	PS_Ct_r01_2016_03_07_L001	5	0.0507	0.0016	1.0000
HAMBI_0403_chrm01_circ_3029347	PS_Ct_r01_2016_04_03_L001	5	0.1205	0.0038	1.0000
HAMBI_0403_chrm01_circ_3029347	PS_Ct_r01_2016_05_04_L001	5	0.0000	0.0000	1.0000
HAMBI_0403_chrm01_circ_3029347	PS_Ct_r01_2016_05_30_L001	5	0.0101	0.0000	1.0000
HAMBI_0403_chrm01_circ_3029347	PS_Ct_r01_2016_07_25_L004	5	0.0000	0.0000	1.0000
HAMBI_0403_chrm01_circ_3029347	PS_Ct_r01_2016_08_22_L004	5	0.0000	0.0000	1.0000
HAMBI_0403_chrm01_circ_3029347	PS_Ct_r01_2016_09_19_L004	5	0.0098	0.0016	1.0000
HAMBI_0403_chrm01_circ_3029347	PS_Ct_r01_2016_10_17_L004	5	0.0000	0.0000	1.0000
HAMBI_0403_chrm01_circ_3029347	PS_Ct_r01_2016_11_14_L004	5	0.0000	0.0000	1.0000
HAMBI_0403_chrm01_circ_3029347	PS_Ct_r01_2016_12_12_L004	5	0.0000	0.0000	1.0000
HAMBI_0403_chrm01_circ_3029347	PS_Ct_r01_2017_01_09_L002	5	0.0000	0.0000	1.0000
HAMBI_0403_chrm01_circ_3029347	PS_Ct_r01_2017_02_06_L004	5	0.0000	0.0000	1.0000
HAMBI_0403_chrm01_circ_3029347	PS_Ct_r01_2017_03_06_L001	5	0.0000	0.0000	1.0000
HAMBI_0403_chrm01_circ_3029347	PS_Ct_r01_2017_04_03_L001	5	0.0000	0.0000	1.0000
HAMBI_0403_chrm01_circ_3029347	PS_Ct_r01_2017_05_29_L001	5	0.0000	0.0001	1.0000
HAMBI_0403_chrm01_circ_3029347	PS_Ct_r01_2017_07_24_L001	5	0.0059	0.0050	1.0000
HAMBI_0403_chrm01_circ_3029347	PS_Ct_r01_2017_08_21_L002	5	0.0000	0.0000	1.0000
HAMBI_0403_chrm01_circ_320005	PS_Ct_r01_2015_08_24_L001	5	0.0000	0.0000	1.0000
HAMBI_0403_chrm01_circ_320005	PS_Ct_r01_2015_09_21_L001	5	0.0101	0.0000	1.0000
HAMBI_0403_chrm01_circ_320005	PS_Ct_r01_2015_10_19_L001	5	0.0101	0.0000	1.0000
HAMBI_0403_chrm01_circ_320005	PS_Ct_r01_2015_11_16_L002	5	0.0233	0.0046	1.0000
HAMBI_0403_chrm01_circ_320005	PS_Ct_r01_2015_12_14_L002	5	0.1765	0.0053	1.0000
HAMBI_0403_chrm01_circ_320005	PS_Ct_r01_2016_01_11_L002	5	0.1721	0.0049	1.0000
HAMBI_0403_chrm01_circ_320005	PS_Ct_r01_2016_02_08_L002	5	0.1135	0.0045	1.0000
HAMBI_0403_chrm01_circ_320005	PS_Ct_r01_2016_03_07_L001	5	0.0507	0.0016	1.0000
HAMBI_0403_chrm01_circ_320005	PS_Ct_r01_2016_04_03_L001	5	0.1205	0.0038	1.0000
HAMBI_0403_chrm01_circ_320005	PS_Ct_r01_2016_05_04_L001	5	0.0000	0.0000	1.0000
HAMBI_0403_chrm01_circ_320005	PS_Ct_r01_2016_05_30_L001	5	0.0101	0.0000	1.0000
HAMBI_0403_chrm01_circ_320005	PS_Ct_r01_2016_07_25_L004	5	0.0000	0.0000	1.0000
HAMBI_0403_chrm01_circ_320005	PS_Ct_r01_2016_08_22_L004	5	0.0000	0.0000	1.0000
HAMBI_0403_chrm01_circ_320005	PS_Ct_r01_2016_09_19_L004	5	0.0098	0.0016	1.0000
HAMBI_0403_chrm01_circ_320005	PS_Ct_r01_2016_10_17_L004	5	0.0000	0.0000	1.0000
HAMBI_0403_chrm01_circ_320005	PS_Ct_r01_2016_11_14_L004	5	0.0000	0.0000	1.0000
HAMBI_0403_chrm01_circ_320005	PS_Ct_r01_2016_12_12_L004	5	0.0000	0.0000	1.0000
HAMBI_0403_chrm01_circ_320005	PS_Ct_r01_2017_01_09_L002	5	0.0000	0.0000	1.0000
HAMBI_0403_chrm01_circ_320005	PS_Ct_r01_2017_02_06_L004	5	0.0000	0.0000	1.0000
HAMBI_0403_chrm01_circ_320005	PS_Ct_r01_2017_03_06_L001	5	0.0000	0.0000	1.0000
HAMBI_0403_chrm01_circ_320005	PS_Ct_r01_2017_04_03_L001	5	0.0000	0.0000	1.0000
HAMBI_0403_chrm01_circ_320005	PS_Ct_r01_2017_05_29_L001	5	0.0000	0.0001	1.0000
HAMBI_0403_chrm01_circ_320005	PS_Ct_r01_2017_07_24_L001	5	0.0059	0.0050	1.0000
HAMBI_0403_chrm01_circ_320005	PS_Ct_r01_2017_08_21_L002	5	0.0000	0.0000	1.0000
HAMBI_0403_chrm01_circ_3286565	PS_Ct_r01_2015_08_24_L001	5	0.0000	0.0000	1.0000
HAMBI_0403_chrm01_circ_3286565	PS_Ct_r01_2015_09_21_L001	5	0.0101	0.0000	1.0000
HAMBI_0403_chrm01_circ_3286565	PS_Ct_r01_2015_10_19_L001	5	0.0101	0.0000	1.0000
HAMBI_0403_chrm01_circ_3286565	PS_Ct_r01_2015_11_16_L002	5	0.0233	0.0046	1.0000
HAMBI_0403_chrm01_circ_3286565	PS_Ct_r01_2015_12_14_L002	5	0.1765	0.0053	1.0000
HAMBI_0403_chrm01_circ_3286565	PS_Ct_r01_2016_01_11_L002	5	0.1721	0.0049	1.0000
HAMBI_0403_chrm01_circ_3286565	PS_Ct_r01_2016_02_08_L002	5	0.1135	0.0045	1.0000
HAMBI_0403_chrm01_circ_3286565	PS_Ct_r01_2016_03_07_L001	5	0.0507	0.0016	1.0000
HAMBI_0403_chrm01_circ_3286565	PS_Ct_r01_2016_04_03_L001	5	0.1205	0.0038	1.0000
HAMBI_0403_chrm01_circ_3286565	PS_Ct_r01_2016_05_04_L001	5	0.0000	0.0000	1.0000
HAMBI_0403_chrm01_circ_3286565	PS_Ct_r01_2016_05_30_L001	5	0.0101	0.0000	1.0000
HAMBI_0403_chrm01_circ_3286565	PS_Ct_r01_2016_07_25_L004	5	0.0000	0.0000	1.0000
HAMBI_0403_chrm01_circ_3286565	PS_Ct_r01_2016_08_22_L004	5	0.0000	0.0000	1.0000
HAMBI_0403_chrm01_circ_3286565	PS_Ct_r01_2016_09_19_L004	5	0.0098	0.0016	1.0000
HAMBI_0403_chrm01_circ_3286565	PS_Ct_r01_2016_10_17_L004	5	0.0000	0.0000	1.0000
HAMBI_0403_chrm01_circ_3286565	PS_Ct_r01_2016_11_14_L004	5	0.0000	0.0000	1.0000
HAMBI_0403_chrm01_circ_3286565	PS_Ct_r01_2016_12_12_L004	5	0.0000	0.0000	1.0000
HAMBI_0403_chrm01_circ_3286565	PS_Ct_r01_2017_01_09_L002	5	0.0000	0.0000	1.0000
HAMBI_0403_chrm01_circ_3286565	PS_Ct_r01_2017_02_06_L004	5	0.0000	0.0000	1.0000
HAMBI_0403_chrm01_circ_3286565	PS_Ct_r01_2017_03_06_L001	5	0.0000	0.0000	1.0000
HAMBI_0403_chrm01_circ_3286565	PS_Ct_r01_2017_04_03_L001	5	0.0000	0.0000	1.0000
HAMBI_0403_chrm01_circ_3286565	PS_Ct_r01_2017_05_29_L001	5	0.0000	0.0001	1.0000
HAMBI_0403_chrm01_circ_3286565	PS_Ct_r01_2017_07_24_L001	5	0.0059	0.0050	1.0000
HAMBI_0403_chrm01_circ_3286565	PS_Ct_r01_2017_08_21_L002	5	0.0000	0.0000	1.0000
HAMBI_0403_chrm01_circ_3411268	PS_Ct_r01_2015_08_24_L001	5	0.0000	0.0000	1.0000
HAMBI_0403_chrm01_circ_3411268	PS_Ct_r01_2015_09_21_L001	5	0.0101	0.0000	1.0000
HAMBI_0403_chrm01_circ_3411268	PS_Ct_r01_2015_10_19_L001	5	0.0101	0.0000	1.0000
HAMBI_0403_chrm01_circ_3411268	PS_Ct_r01_2015_11_16_L002	5	0.0233	0.0046	1.0000
HAMBI_0403_chrm01_circ_3411268	PS_Ct_r01_2015_12_14_L002	5	0.1765	0.0053	1.0000
HAMBI_0403_chrm01_circ_3411268	PS_Ct_r01_2016_01_11_L002	5	0.1721	0.0049	1.0000
HAMBI_0403_chrm01_circ_3411268	PS_Ct_r01_2016_02_08_L002	5	0.1135	0.0045	1.0000
HAMBI_0403_chrm01_circ_3411268	PS_Ct_r01_2016_03_07_L001	5	0.0507	0.0016	1.0000
HAMBI_0403_chrm01_circ_3411268	PS_Ct_r01_2016_04_03_L001	5	0.1205	0.0038	1.0000
HAMBI_0403_chrm01_circ_3411268	PS_Ct_r01_2016_05_04_L001	5	0.0000	0.0000	1.0000
HAMBI_0403_chrm01_circ_3411268	PS_Ct_r01_2016_05_30_L001	5	0.0101	0.0000	1.0000
HAMBI_0403_chrm01_circ_3411268	PS_Ct_r01_2016_07_25_L004	5	0.0000	0.0000	1.0000
HAMBI_0403_chrm01_circ_3411268	PS_Ct_r01_2016_08_22_L004	5	0.0000	0.0000	1.0000
HAMBI_0403_chrm01_circ_3411268	PS_Ct_r01_2016_09_19_L004	5	0.0098	0.0016	1.0000
HAMBI_0403_chrm01_circ_3411268	PS_Ct_r01_2016_10_17_L004	5	0.0000	0.0000	1.0000
HAMBI_0403_chrm01_circ_3411268	PS_Ct_r01_2016_11_14_L004	5	0.0000	0.0000	1.0000
HAMBI_0403_chrm01_circ_3411268	PS_Ct_r01_2016_12_12_L004	5	0.0000	0.0000	1.0000
HAMBI_0403_chrm01_circ_3411268	PS_Ct_r01_2017_01_09_L002	5	0.0000	0.0000	1.0000
HAMBI_0403_chrm01_circ_3411268	PS_Ct_r01_2017_02_06_L004	5	0.0000	0.0000	1.0000
HAMBI_0403_chrm01_circ_3411268	PS_Ct_r01_2017_03_06_L001	5	0.0000	0.0000	1.0000
HAMBI_0403_chrm01_circ_3411268	PS_Ct_r01_2017_04_03_L001	5	0.0000	0.0000	1.0000
HAMBI_0403_chrm01_circ_3411268	PS_Ct_r01_2017_05_29_L001	5	0.0000	0.0001	1.0000
HAMBI_0403_chrm01_circ_3411268	PS_Ct_r01_2017_07_24_L001	5	0.0059	0.0050	1.0000
HAMBI_0403_chrm01_circ_3411268	PS_Ct_r01_2017_08_21_L002	5	0.0000	0.0000	1.0000
HAMBI_0403_chrm01_circ_348032	PS_Ct_r01_2015_08_24_L001	5	0.0000	0.0000	1.0000
HAMBI_0403_chrm01_circ_348032	PS_Ct_r01_2015_09_21_L001	5	0.0101	0.0000	1.0000
HAMBI_0403_chrm01_circ_348032	PS_Ct_r01_2015_10_19_L001	5	0.0101	0.0000	1.0000
HAMBI_0403_chrm01_circ_348032	PS_Ct_r01_2015_11_16_L002	5	0.0233	0.0046	1.0000
HAMBI_0403_chrm01_circ_348032	PS_Ct_r01_2015_12_14_L002	5	0.1765	0.0053	1.0000
HAMBI_0403_chrm01_circ_348032	PS_Ct_r01_2016_01_11_L002	5	0.1721	0.0049	1.0000
HAMBI_0403_chrm01_circ_348032	PS_Ct_r01_2016_02_08_L002	5	0.1135	0.0045	1.0000
HAMBI_0403_chrm01_circ_348032	PS_Ct_r01_2016_03_07_L001	5	0.0507	0.0016	1.0000
HAMBI_0403_chrm01_circ_348032	PS_Ct_r01_2016_04_03_L001	5	0.1205	0.0038	1.0000
HAMBI_0403_chrm01_circ_348032	PS_Ct_r01_2016_05_04_L001	5	0.0000	0.0000	1.0000
HAMBI_0403_chrm01_circ_348032	PS_Ct_r01_2016_05_30_L001	5	0.0101	0.0000	1.0000
HAMBI_0403_chrm01_circ_348032	PS_Ct_r01_2016_07_25_L004	5	0.0000	0.0000	1.0000
HAMBI_0403_chrm01_circ_348032	PS_Ct_r01_2016_08_22_L004	5	0.0000	0.0000	1.0000
HAMBI_0403_chrm01_circ_348032	PS_Ct_r01_2016_09_19_L004	5	0.0098	0.0016	1.0000
HAMBI_0403_chrm01_circ_348032	PS_Ct_r01_2016_10_17_L004	5	0.0000	0.0000	1.0000
HAMBI_0403_chrm01_circ_348032	PS_Ct_r01_2016_11_14_L004	5	0.0000	0.0000	1.0000
HAMBI_0403_chrm01_circ_348032	PS_Ct_r01_2016_12_12_L004	5	0.0000	0.0000	1.0000
HAMBI_0403_chrm01_circ_348032	PS_Ct_r01_2017_01_09_L002	5	0.0000	0.0000	1.0000
HAMBI_0403_chrm01_circ_348032	PS_Ct_r01_2017_02_06_L004	5	0.0000	0.0000	1.0000
HAMBI_0403_chrm01_circ_348032	PS_Ct_r01_2017_03_06_L001	5	0.0000	0.0000	1.0000
HAMBI_0403_chrm01_circ_348032	PS_Ct_r01_2017_04_03_L001	5	0.0000	0.0000	1.0000
HAMBI_0403_chrm01_circ_348032	PS_Ct_r01_2017_05_29_L001	5	0.0000	0.0001	1.0000
HAMBI_0403_chrm01_circ_348032	PS_Ct_r01_2017_07_24_L001	5	0.0059	0.0050	1.0000
HAMBI_0403_chrm01_circ_348032	PS_Ct_r01_2017_08_21_L002	5	0.0000	0.0000	1.0000
HAMBI_0403_chrm01_circ_3740407	PS_Ct_r01_2015_08_24_L001	5	0.0000	0.0000	1.0000
HAMBI_0403_chrm01_circ_3740407	PS_Ct_r01_2015_09_21_L001	5	0.0101	0.0000	1.0000
HAMBI_0403_chrm01_circ_3740407	PS_Ct_r01_2015_10_19_L001	5	0.0101	0.0000	1.0000
HAMBI_0403_chrm01_circ_3740407	PS_Ct_r01_2015_11_16_L002	5	0.0233	0.0046	1.0000
HAMBI_0403_chrm01_circ_3740407	PS_Ct_r01_2015_12_14_L002	5	0.1765	0.0053	1.0000
HAMBI_0403_chrm01_circ_3740407	PS_Ct_r01_2016_01_11_L002	5	0.1721	0.0049	1.0000
HAMBI_0403_chrm01_circ_3740407	PS_Ct_r01_2016_02_08_L002	5	0.1135	0.0045	1.0000
HAMBI_0403_chrm01_circ_3740407	PS_Ct_r01_2016_03_07_L001	5	0.0507	0.0016	1.0000
HAMBI_0403_chrm01_circ_3740407	PS_Ct_r01_2016_04_03_L001	5	0.1205	0.0038	1.0000
HAMBI_0403_chrm01_circ_3740407	PS_Ct_r01_2016_05_04_L001	5	0.0000	0.0000	1.0000
HAMBI_0403_chrm01_circ_3740407	PS_Ct_r01_2016_05_30_L001	5	0.0101	0.0000	1.0000
HAMBI_0403_chrm01_circ_3740407	PS_Ct_r01_2016_07_25_L004	5	0.0000	0.0000	1.0000
HAMBI_0403_chrm01_circ_3740407	PS_Ct_r01_2016_08_22_L004	5	0.0000	0.0000	1.0000
HAMBI_0403_chrm01_circ_3740407	PS_Ct_r01_2016_09_19_L004	5	0.0098	0.0016	1.0000
HAMBI_0403_chrm01_circ_3740407	PS_Ct_r01_2016_10_17_L004	5	0.0000	0.0000	1.0000
HAMBI_0403_chrm01_circ_3740407	PS_Ct_r01_2016_11_14_L004	5	0.0000	0.0000	1.0000
HAMBI_0403_chrm01_circ_3740407	PS_Ct_r01_2016_12_12_L004	5	0.0000	0.0000	1.0000
HAMBI_0403_chrm01_circ_3740407	PS_Ct_r01_2017_01_09_L002	5	0.0000	0.0000	1.0000
HAMBI_0403_chrm01_circ_3740407	PS_Ct_r01_2017_02_06_L004	5	0.0000	0.0000	1.0000
HAMBI_0403_chrm01_circ_3740407	PS_Ct_r01_2017_03_06_L001	5	0.0000	0.0000	1.0000
HAMBI_0403_chrm01_circ_3740407	PS_Ct_r01_2017_04_03_L001	5	0.0000	0.0000	1.0000
HAMBI_0403_chrm01_circ_3740407	PS_Ct_r01_2017_05_29_L001	5	0.0000	0.0001	1.0000
HAMBI_0403_chrm01_circ_3740407	PS_Ct_r01_2017_07_24_L001	5	0.0059	0.0050	1.0000
HAMBI_0403_chrm01_circ_3740407	PS_Ct_r01_2017_08_21_L002	5	0.0000	0.0000	1.0000
HAMBI_0403_chrm01_circ_3754587	PS_Ct_r01_2015_08_24_L001	5	0.0000	0.0000	1.0000
HAMBI_0403_chrm01_circ_3754587	PS_Ct_r01_2015_09_21_L001	5	0.0101	0.0000	1.0000
HAMBI_0403_chrm01_circ_3754587	PS_Ct_r01_2015_10_19_L001	5	0.0101	0.0000	1.0000
HAMBI_0403_chrm01_circ_3754587	PS_Ct_r01_2015_11_16_L002	5	0.0233	0.0046	1.0000
HAMBI_0403_chrm01_circ_3754587	PS_Ct_r01_2015_12_14_L002	5	0.1765	0.0053	1.0000
HAMBI_0403_chrm01_circ_3754587	PS_Ct_r01_2016_01_11_L002	5	0.1721	0.0049	1.0000
HAMBI_0403_chrm01_circ_3754587	PS_Ct_r01_2016_02_08_L002	5	0.1135	0.0045	1.0000
HAMBI_0403_chrm01_circ_3754587	PS_Ct_r01_2016_03_07_L001	5	0.0507	0.0016	1.0000
HAMBI_0403_chrm01_circ_3754587	PS_Ct_r01_2016_04_03_L001	5	0.1205	0.0038	1.0000
HAMBI_0403_chrm01_circ_3754587	PS_Ct_r01_2016_05_04_L001	5	0.0000	0.0000	1.0000
HAMBI_0403_chrm01_circ_3754587	PS_Ct_r01_2016_05_30_L001	5	0.0101	0.0000	1.0000
HAMBI_0403_chrm01_circ_3754587	PS_Ct_r01_2016_07_25_L004	5	0.0000	0.0000	1.0000
HAMBI_0403_chrm01_circ_3754587	PS_Ct_r01_2016_08_22_L004	5	0.0000	0.0000	1.0000
HAMBI_0403_chrm01_circ_3754587	PS_Ct_r01_2016_09_19_L004	5	0.0098	0.0016	1.0000
HAMBI_0403_chrm01_circ_3754587	PS_Ct_r01_2016_10_17_L004	5	0.0000	0.0000	1.0000
HAMBI_0403_chrm01_circ_3754587	PS_Ct_r01_2016_11_14_L004	5	0.0000	0.0000	1.0000
HAMBI_0403_chrm01_circ_3754587	PS_Ct_r01_2016_12_12_L004	5	0.0000	0.0000	1.0000
HAMBI_0403_chrm01_circ_3754587	PS_Ct_r01_2017_01_09_L002	5	0.0000	0.0000	1.0000
HAMBI_0403_chrm01_circ_3754587	PS_Ct_r01_2017_02_06_L004	5	0.0000	0.0000	1.0000
HAMBI_0403_chrm01_circ_3754587	PS_Ct_r01_2017_03_06_L001	5	0.0000	0.0000	1.0000
HAMBI_0403_chrm01_circ_3754587	PS_Ct_r01_2017_04_03_L001	5	0.0000	0.0000	1.0000
HAMBI_0403_chrm01_circ_3754587	PS_Ct_r01_2017_05_29_L001	5	0.0000	0.0001	1.0000
HAMBI_0403_chrm01_circ_3754587	PS_Ct_r01_2017_07_24_L001	5	0.0059	0.0050	1.0000
HAMBI_0403_chrm01_circ_3754587	PS_Ct_r01_2017_08_21_L002	5	0.0000	0.0000	1.0000
HAMBI_0403_chrm01_circ_3909911	PS_Ct_r01_2015_08_24_L001	5	0.0000	0.0000	0.9816
HAMBI_0403_chrm01_circ_3909911	PS_Ct_r01_2015_09_21_L001	5	0.0101	0.0000	0.9816
HAMBI_0403_chrm01_circ_3909911	PS_Ct_r01_2015_10_19_L001	5	0.0101	0.0000	0.9816
HAMBI_0403_chrm01_circ_3909911	PS_Ct_r01_2015_11_16_L002	5	0.0233	0.0046	0.9816
HAMBI_0403_chrm01_circ_3909911	PS_Ct_r01_2015_12_14_L002	5	0.1765	0.0053	0.9816
HAMBI_0403_chrm01_circ_3909911	PS_Ct_r01_2016_01_11_L002	5	0.1721	0.0049	0.9816
HAMBI_0403_chrm01_circ_3909911	PS_Ct_r01_2016_02_08_L002	5	0.1135	0.0045	0.9816
HAMBI_0403_chrm01_circ_3909911	PS_Ct_r01_2016_03_07_L001	5	0.0507	0.0016	0.9816
HAMBI_0403_chrm01_circ_3909911	PS_Ct_r01_2016_04_03_L001	5	0.1205	0.0038	0.9816
HAMBI_0403_chrm01_circ_3909911	PS_Ct_r01_2016_05_04_L001	5	0.0000	0.0000	0.9816
HAMBI_0403_chrm01_circ_3909911	PS_Ct_r01_2016_05_30_L001	5	0.0101	0.0000	0.9816
HAMBI_0403_chrm01_circ_3909911	PS_Ct_r01_2016_07_25_L004	5	0.0000	0.0000	0.9816
HAMBI_0403_chrm01_circ_3909911	PS_Ct_r01_2016_08_22_L004	5	0.0000	0.0000	0.9816
HAMBI_0403_chrm01_circ_3909911	PS_Ct_r01_2016_09_19_L004	5	0.0098	0.0016	0.9816
HAMBI_0403_chrm01_circ_3909911	PS_Ct_r01_2016_10_17_L004	5	0.0000	0.0000	0.9816
HAMBI_0403_chrm01_circ_3909911	PS_Ct_r01_2016_11_14_L004	5	0.0000	0.0000	0.9816
HAMBI_0403_chrm01_circ_3909911	PS_Ct_r01_2016_12_12_L004	5	0.0000	0.0000	0.9816
HAMBI_0403_chrm01_circ_3909911	PS_Ct_r01_2017_01_09_L002	5	0.0000	0.0000	0.9816
HAMBI_0403_chrm01_circ_3909911	PS_Ct_r01_2017_02_06_L004	5	0.0000	0.0000	0.9816
HAMBI_0403_chrm01_circ_3909911	PS_Ct_r01_2017_03_06_L001	5	0.0000	0.0000	0.9816
HAMBI_0403_chrm01_circ_3909911	PS_Ct_r01_2017_04_03_L001	5	0.0000	0.0000	0.9816
HAMBI_0403_chrm01_circ_3909911	PS_Ct_r01_2017_05_29_L001	5	0.0000	0.0001	0.9816
HAMBI_0403_chrm01_circ_3909911	PS_Ct_r01_2017_07_24_L001	5	0.0059	0.0050	0.9816
HAMBI_0403_chrm01_circ_3909911	PS_Ct_r01_2017_08_21_L002	5	0.0000	0.0000	0.9816
HAMBI_0403_chrm01_circ_3918611	PS_Ct_r01_2015_08_24_L001	5	0.0000	0.0000	1.0000
HAMBI_0403_chrm01_circ_3918611	PS_Ct_r01_2015_09_21_L001	5	0.0101	0.0000	1.0000
HAMBI_0403_chrm01_circ_3918611	PS_Ct_r01_2015_10_19_L001	5	0.0101	0.0000	1.0000
HAMBI_0403_chrm01_circ_3918611	PS_Ct_r01_2015_11_16_L002	5	0.0233	0.0046	1.0000
HAMBI_0403_chrm01_circ_3918611	PS_Ct_r01_2015_12_14_L002	5	0.1765	0.0053	1.0000
HAMBI_0403_chrm01_circ_3918611	PS_Ct_r01_2016_01_11_L002	5	0.1721	0.0049	1.0000
HAMBI_0403_chrm01_circ_3918611	PS_Ct_r01_2016_02_08_L002	5	0.1135	0.0045	1.0000
HAMBI_0403_chrm01_circ_3918611	PS_Ct_r01_2016_03_07_L001	5	0.0507	0.0016	1.0000
HAMBI_0403_chrm01_circ_3918611	PS_Ct_r01_2016_04_03_L001	5	0.1205	0.0038	1.0000
HAMBI_0403_chrm01_circ_3918611	PS_Ct_r01_2016_05_04_L001	5	0.0000	0.0000	1.0000
HAMBI_0403_chrm01_circ_3918611	PS_Ct_r01_2016_05_30_L001	5	0.0101	0.0000	1.0000
HAMBI_0403_chrm01_circ_3918611	PS_Ct_r01_2016_07_25_L004	5	0.0000	0.0000	1.0000
HAMBI_0403_chrm01_circ_3918611	PS_Ct_r01_2016_08_22_L004	5	0.0000	0.0000	1.0000
HAMBI_0403_chrm01_circ_3918611	PS_Ct_r01_2016_09_19_L004	5	0.0098	0.0016	1.0000
HAMBI_0403_chrm01_circ_3918611	PS_Ct_r01_2016_10_17_L004	5	0.0000	0.0000	1.0000
HAMBI_0403_chrm01_circ_3918611	PS_Ct_r01_2016_11_14_L004	5	0.0000	0.0000	1.0000
HAMBI_0403_chrm01_circ_3918611	PS_Ct_r01_2016_12_12_L004	5	0.0000	0.0000	1.0000
HAMBI_0403_chrm01_circ_3918611	PS_Ct_r01_2017_01_09_L002	5	0.0000	0.0000	1.0000
HAMBI_0403_chrm01_circ_3918611	PS_Ct_r01_2017_02_06_L004	5	0.0000	0.0000	1.0000
HAMBI_0403_chrm01_circ_3918611	PS_Ct_r01_2017_03_06_L001	5	0.0000	0.0000	1.0000
HAMBI_0403_chrm01_circ_3918611	PS_Ct_r01_2017_04_03_L001	5	0.0000	0.0000	1.0000
HAMBI_0403_chrm01_circ_3918611	PS_Ct_r01_2017_05_29_L001	5	0.0000	0.0001	1.0000
HAMBI_0403_chrm01_circ_3918611	PS_Ct_r01_2017_07_24_L001	5	0.0059	0.0050	1.0000
HAMBI_0403_chrm01_circ_3918611	PS_Ct_r01_2017_08_21_L002	5	0.0000	0.0000	1.0000
HAMBI_0403_chrm01_circ_3926414	PS_Ct_r01_2015_08_24_L001	5	0.0000	0.0000	1.0000
HAMBI_0403_chrm01_circ_3926414	PS_Ct_r01_2015_09_21_L001	5	0.0101	0.0000	1.0000
HAMBI_0403_chrm01_circ_3926414	PS_Ct_r01_2015_10_19_L001	5	0.0101	0.0000	1.0000
HAMBI_0403_chrm01_circ_3926414	PS_Ct_r01_2015_11_16_L002	5	0.0233	0.0046	1.0000
HAMBI_0403_chrm01_circ_3926414	PS_Ct_r01_2015_12_14_L002	5	0.1765	0.0053	1.0000
HAMBI_0403_chrm01_circ_3926414	PS_Ct_r01_2016_01_11_L002	5	0.1721	0.0049	1.0000
HAMBI_0403_chrm01_circ_3926414	PS_Ct_r01_2016_02_08_L002	5	0.1135	0.0045	1.0000
HAMBI_0403_chrm01_circ_3926414	PS_Ct_r01_2016_03_07_L001	5	0.0507	0.0016	1.0000
HAMBI_0403_chrm01_circ_3926414	PS_Ct_r01_2016_04_03_L001	5	0.1205	0.0038	1.0000
HAMBI_0403_chrm01_circ_3926414	PS_Ct_r01_2016_05_04_L001	5	0.0000	0.0000	1.0000
HAMBI_0403_chrm01_circ_3926414	PS_Ct_r01_2016_05_30_L001	5	0.0101	0.0000	1.0000
HAMBI_0403_chrm01_circ_3926414	PS_Ct_r01_2016_07_25_L004	5	0.0000	0.0000	1.0000
HAMBI_0403_chrm01_circ_3926414	PS_Ct_r01_2016_08_22_L004	5	0.0000	0.0000	1.0000
HAMBI_0403_chrm01_circ_3926414	PS_Ct_r01_2016_09_19_L004	5	0.0098	0.0016	1.0000
HAMBI_0403_chrm01_circ_3926414	PS_Ct_r01_2016_10_17_L004	5	0.0000	0.0000	1.0000
HAMBI_0403_chrm01_circ_3926414	PS_Ct_r01_2016_11_14_L004	5	0.0000	0.0000	1.0000
HAMBI_0403_chrm01_circ_3926414	PS_Ct_r01_2016_12_12_L004	5	0.0000	0.0000	1.0000
HAMBI_0403_chrm01_circ_3926414	PS_Ct_r01_2017_01_09_L002	5	0.0000	0.0000	1.0000
HAMBI_0403_chrm01_circ_3926414	PS_Ct_r01_2017_02_06_L004	5	0.0000	0.0000	1.0000
HAMBI_0403_chrm01_circ_3926414	PS_Ct_r01_2017_03_06_L001	5	0.0000	0.0000	1.0000
HAMBI_0403_chrm01_circ_3926414	PS_Ct_r01_2017_04_03_L001	5	0.0000	0.0000	1.0000
HAMBI_0403_chrm01_circ_3926414	PS_Ct_r01_2017_05_29_L001	5	0.0000	0.0001	1.0000
HAMBI_0403_chrm01_circ_3926414	PS_Ct_r01_2017_07_24_L001	5	0.0059	0.0050	1.0000
HAMBI_0403_chrm01_circ_3926414	PS_Ct_r01_2017_08_21_L002	5	0.0000	0.0000	1.0000
HAMBI_0403_chrm01_circ_3955005	PS_Ct_r01_2015_08_24_L001	5	0.0000	0.0000	1.0000
HAMBI_0403_chrm01_circ_3955005	PS_Ct_r01_2015_09_21_L001	5	0.0101	0.0000	1.0000
HAMBI_0403_chrm01_circ_3955005	PS_Ct_r01_2015_10_19_L001	5	0.0101	0.0000	1.0000
HAMBI_0403_chrm01_circ_3955005	PS_Ct_r01_2015_11_16_L002	5	0.0233	0.0046	1.0000
HAMBI_0403_chrm01_circ_3955005	PS_Ct_r01_2015_12_14_L002	5	0.1765	0.0053	1.0000
HAMBI_0403_chrm01_circ_3955005	PS_Ct_r01_2016_01_11_L002	5	0.1721	0.0049	1.0000
HAMBI_0403_chrm01_circ_3955005	PS_Ct_r01_2016_02_08_L002	5	0.1135	0.0045	1.0000
HAMBI_0403_chrm01_circ_3955005	PS_Ct_r01_2016_03_07_L001	5	0.0507	0.0016	1.0000
HAMBI_0403_chrm01_circ_3955005	PS_Ct_r01_2016_04_03_L001	5	0.1205	0.0038	1.0000
HAMBI_0403_chrm01_circ_3955005	PS_Ct_r01_2016_05_04_L001	5	0.0000	0.0000	1.0000
HAMBI_0403_chrm01_circ_3955005	PS_Ct_r01_2016_05_30_L001	5	0.0101	0.0000	1.0000
HAMBI_0403_chrm01_circ_3955005	PS_Ct_r01_2016_07_25_L004	5	0.0000	0.0000	1.0000
HAMBI_0403_chrm01_circ_3955005	PS_Ct_r01_2016_08_22_L004	5	0.0000	0.0000	1.0000
HAMBI_0403_chrm01_circ_3955005	PS_Ct_r01_2016_09_19_L004	5	0.0098	0.0016	1.0000
HAMBI_0403_chrm01_circ_3955005	PS_Ct_r01_2016_10_17_L004	5	0.0000	0.0000	1.0000
HAMBI_0403_chrm01_circ_3955005	PS_Ct_r01_2016_11_14_L004	5	0.0000	0.0000	1.0000
HAMBI_0403_chrm01_circ_3955005	PS_Ct_r01_2016_12_12_L004	5	0.0000	0.0000	1.0000
HAMBI_0403_chrm01_circ_3955005	PS_Ct_r01_2017_01_09_L002	5	0.0000	0.0000	1.0000
HAMBI_0403_chrm01_circ_3955005	PS_Ct_r01_2017_02_06_L004	5	0.0000	0.0000	1.0000
HAMBI_0403_chrm01_circ_3955005	PS_Ct_r01_2017_03_06_L001	5	0.0000	0.0000	1.0000
HAMBI_0403_chrm01_circ_3955005	PS_Ct_r01_2017_04_03_L001	5	0.0000	0.0000	1.0000
HAMBI_0403_chrm01_circ_3955005	PS_Ct_r01_2017_05_29_L001	5	0.0000	0.0001	1.0000
HAMBI_0403_chrm01_circ_3955005	PS_Ct_r01_2017_07_24_L001	5	0.0059	0.0050	1.0000
HAMBI_0403_chrm01_circ_3955005	PS_Ct_r01_2017_08_21_L002	5	0.0000	0.0000	1.0000
HAMBI_0403_chrm01_circ_4053064	PS_Ct_r01_2015_08_24_L001	5	0.0000	0.0000	1.0000
HAMBI_0403_chrm01_circ_4053064	PS_Ct_r01_2015_09_21_L001	5	0.0101	0.0000	1.0000
HAMBI_0403_chrm01_circ_4053064	PS_Ct_r01_2015_10_19_L001	5	0.0101	0.0000	1.0000
HAMBI_0403_chrm01_circ_4053064	PS_Ct_r01_2015_11_16_L002	5	0.0233	0.0046	1.0000
HAMBI_0403_chrm01_circ_4053064	PS_Ct_r01_2015_12_14_L002	5	0.1765	0.0053	1.0000
HAMBI_0403_chrm01_circ_4053064	PS_Ct_r01_2016_01_11_L002	5	0.1721	0.0049	1.0000
HAMBI_0403_chrm01_circ_4053064	PS_Ct_r01_2016_02_08_L002	5	0.1135	0.0045	1.0000
HAMBI_0403_chrm01_circ_4053064	PS_Ct_r01_2016_03_07_L001	5	0.0507	0.0016	1.0000
HAMBI_0403_chrm01_circ_4053064	PS_Ct_r01_2016_04_03_L001	5	0.1205	0.0038	1.0000
HAMBI_0403_chrm01_circ_4053064	PS_Ct_r01_2016_05_04_L001	5	0.0000	0.0000	1.0000
HAMBI_0403_chrm01_circ_4053064	PS_Ct_r01_2016_05_30_L001	5	0.0101	0.0000	1.0000
HAMBI_0403_chrm01_circ_4053064	PS_Ct_r01_2016_07_25_L004	5	0.0000	0.0000	1.0000
HAMBI_0403_chrm01_circ_4053064	PS_Ct_r01_2016_08_22_L004	5	0.0000	0.0000	1.0000
HAMBI_0403_chrm01_circ_4053064	PS_Ct_r01_2016_09_19_L004	5	0.0098	0.0016	1.0000
HAMBI_0403_chrm01_circ_4053064	PS_Ct_r01_2016_10_17_L004	5	0.0000	0.0000	1.0000
HAMBI_0403_chrm01_circ_4053064	PS_Ct_r01_2016_11_14_L004	5	0.0000	0.0000	1.0000
HAMBI_0403_chrm01_circ_4053064	PS_Ct_r01_2016_12_12_L004	5	0.0000	0.0000	1.0000
HAMBI_0403_chrm01_circ_4053064	PS_Ct_r01_2017_01_09_L002	5	0.0000	0.0000	1.0000
HAMBI_0403_chrm01_circ_4053064	PS_Ct_r01_2017_02_06_L004	5	0.0000	0.0000	1.0000
HAMBI_0403_chrm01_circ_4053064	PS_Ct_r01_2017_03_06_L001	5	0.0000	0.0000	1.0000
HAMBI_0403_chrm01_circ_4053064	PS_Ct_r01_2017_04_03_L001	5	0.0000	0.0000	1.0000
HAMBI_0403_chrm01_circ_4053064	PS_Ct_r01_2017_05_29_L001	5	0.0000	0.0001	1.0000
HAMBI_0403_chrm01_circ_4053064	PS_Ct_r01_2017_07_24_L001	5	0.0059	0.0050	1.0000
HAMBI_0403_chrm01_circ_4053064	PS_Ct_r01_2017_08_21_L002	5	0.0000	0.0000	1.0000
HAMBI_0403_chrm01_circ_4055698	PS_Ct_r01_2015_08_24_L001	5	0.0000	0.0000	1.0000
HAMBI_0403_chrm01_circ_4055698	PS_Ct_r01_2015_09_21_L001	5	0.0101	0.0000	1.0000
HAMBI_0403_chrm01_circ_4055698	PS_Ct_r01_2015_10_19_L001	5	0.0101	0.0000	1.0000
HAMBI_0403_chrm01_circ_4055698	PS_Ct_r01_2015_11_16_L002	5	0.0233	0.0046	1.0000
HAMBI_0403_chrm01_circ_4055698	PS_Ct_r01_2015_12_14_L002	5	0.1765	0.0053	1.0000
HAMBI_0403_chrm01_circ_4055698	PS_Ct_r01_2016_01_11_L002	5	0.1721	0.0049	1.0000
HAMBI_0403_chrm01_circ_4055698	PS_Ct_r01_2016_02_08_L002	5	0.1135	0.0045	1.0000
HAMBI_0403_chrm01_circ_4055698	PS_Ct_r01_2016_03_07_L001	5	0.0507	0.0016	1.0000
HAMBI_0403_chrm01_circ_4055698	PS_Ct_r01_2016_04_03_L001	5	0.1205	0.0038	1.0000
HAMBI_0403_chrm01_circ_4055698	PS_Ct_r01_2016_05_04_L001	5	0.0000	0.0000	1.0000
HAMBI_0403_chrm01_circ_4055698	PS_Ct_r01_2016_05_30_L001	5	0.0101	0.0000	1.0000
HAMBI_0403_chrm01_circ_4055698	PS_Ct_r01_2016_07_25_L004	5	0.0000	0.0000	1.0000
HAMBI_0403_chrm01_circ_4055698	PS_Ct_r01_2016_08_22_L004	5	0.0000	0.0000	1.0000
HAMBI_0403_chrm01_circ_4055698	PS_Ct_r01_2016_09_19_L004	5	0.0098	0.0016	1.0000
HAMBI_0403_chrm01_circ_4055698	PS_Ct_r01_2016_10_17_L004	5	0.0000	0.0000	1.0000
HAMBI_0403_chrm01_circ_4055698	PS_Ct_r01_2016_11_14_L004	5	0.0000	0.0000	1.0000
HAMBI_0403_chrm01_circ_4055698	PS_Ct_r01_2016_12_12_L004	5	0.0000	0.0000	1.0000
HAMBI_0403_chrm01_circ_4055698	PS_Ct_r01_2017_01_09_L002	5	0.0000	0.0000	1.0000
HAMBI_0403_chrm01_circ_4055698	PS_Ct_r01_2017_02_06_L004	5	0.0000	0.0000	1.0000
HAMBI_0403_chrm01_circ_4055698	PS_Ct_r01_2017_03_06_L001	5	0.0000	0.0000	1.0000
HAMBI_0403_chrm01_circ_4055698	PS_Ct_r01_2017_04_03_L001	5	0.0000	0.0000	1.0000
HAMBI_0403_chrm01_circ_4055698	PS_Ct_r01_2017_05_29_L001	5	0.0000	0.0001	1.0000
HAMBI_0403_chrm01_circ_4055698	PS_Ct_r01_2017_07_24_L001	5	0.0059	0.0050	1.0000
HAMBI_0403_chrm01_circ_4055698	PS_Ct_r01_2017_08_21_L002	5	0.0000	0.0000	1.0000
HAMBI_0403_chrm01_circ_4180312	PS_Ct_r01_2015_08_24_L001	5	0.0000	0.0000	1.0000
HAMBI_0403_chrm01_circ_4180312	PS_Ct_r01_2015_09_21_L001	5	0.0101	0.0000	1.0000
HAMBI_0403_chrm01_circ_4180312	PS_Ct_r01_2015_10_19_L001	5	0.0101	0.0000	1.0000
HAMBI_0403_chrm01_circ_4180312	PS_Ct_r01_2015_11_16_L002	5	0.0233	0.0046	1.0000
HAMBI_0403_chrm01_circ_4180312	PS_Ct_r01_2015_12_14_L002	5	0.1765	0.0053	1.0000
HAMBI_0403_chrm01_circ_4180312	PS_Ct_r01_2016_01_11_L002	5	0.1721	0.0049	1.0000
HAMBI_0403_chrm01_circ_4180312	PS_Ct_r01_2016_02_08_L002	5	0.1135	0.0045	1.0000
HAMBI_0403_chrm01_circ_4180312	PS_Ct_r01_2016_03_07_L001	5	0.0507	0.0016	1.0000
HAMBI_0403_chrm01_circ_4180312	PS_Ct_r01_2016_04_03_L001	5	0.1205	0.0038	1.0000
HAMBI_0403_chrm01_circ_4180312	PS_Ct_r01_2016_05_04_L001	5	0.0000	0.0000	1.0000
HAMBI_0403_chrm01_circ_4180312	PS_Ct_r01_2016_05_30_L001	5	0.0101	0.0000	1.0000
HAMBI_0403_chrm01_circ_4180312	PS_Ct_r01_2016_07_25_L004	5	0.0000	0.0000	1.0000
HAMBI_0403_chrm01_circ_4180312	PS_Ct_r01_2016_08_22_L004	5	0.0000	0.0000	1.0000
HAMBI_0403_chrm01_circ_4180312	PS_Ct_r01_2016_09_19_L004	5	0.0098	0.0016	1.0000
HAMBI_0403_chrm01_circ_4180312	PS_Ct_r01_2016_10_17_L004	5	0.0000	0.0000	1.0000
HAMBI_0403_chrm01_circ_4180312	PS_Ct_r01_2016_11_14_L004	5	0.0000	0.0000	1.0000
HAMBI_0403_chrm01_circ_4180312	PS_Ct_r01_2016_12_12_L004	5	0.0000	0.0000	1.0000
HAMBI_0403_chrm01_circ_4180312	PS_Ct_r01_2017_01_09_L002	5	0.0000	0.0000	1.0000
HAMBI_0403_chrm01_circ_4180312	PS_Ct_r01_2017_02_06_L004	5	0.0000	0.0000	1.0000
HAMBI_0403_chrm01_circ_4180312	PS_Ct_r01_2017_03_06_L001	5	0.0000	0.0000	1.0000
HAMBI_0403_chrm01_circ_4180312	PS_Ct_r01_2017_04_03_L001	5	0.0000	0.0000	1.0000
HAMBI_0403_chrm01_circ_4180312	PS_Ct_r01_2017_05_29_L001	5	0.0000	0.0001	1.0000
HAMBI_0403_chrm01_circ_4180312	PS_Ct_r01_2017_07_24_L001	5	0.0059	0.0050	1.0000
HAMBI_0403_chrm01_circ_4180312	PS_Ct_r01_2017_08_21_L002	5	0.0000	0.0000	1.0000
HAMBI_0403_chrm01_circ_4198170	PS_Ct_r01_2015_08_24_L001	5	0.0000	0.0000	1.0000
HAMBI_0403_chrm01_circ_4198170	PS_Ct_r01_2015_09_21_L001	5	0.0101	0.0000	1.0000
HAMBI_0403_chrm01_circ_4198170	PS_Ct_r01_2015_10_19_L001	5	0.0101	0.0000	1.0000
HAMBI_0403_chrm01_circ_4198170	PS_Ct_r01_2015_11_16_L002	5	0.0233	0.0046	1.0000
HAMBI_0403_chrm01_circ_4198170	PS_Ct_r01_2015_12_14_L002	5	0.1765	0.0053	1.0000
HAMBI_0403_chrm01_circ_4198170	PS_Ct_r01_2016_01_11_L002	5	0.1721	0.0049	1.0000
HAMBI_0403_chrm01_circ_4198170	PS_Ct_r01_2016_02_08_L002	5	0.1135	0.0045	1.0000
HAMBI_0403_chrm01_circ_4198170	PS_Ct_r01_2016_03_07_L001	5	0.0507	0.0016	1.0000
HAMBI_0403_chrm01_circ_4198170	PS_Ct_r01_2016_04_03_L001	5	0.1205	0.0038	1.0000
HAMBI_0403_chrm01_circ_4198170	PS_Ct_r01_2016_05_04_L001	5	0.0000	0.0000	1.0000
HAMBI_0403_chrm01_circ_4198170	PS_Ct_r01_2016_05_30_L001	5	0.0101	0.0000	1.0000
HAMBI_0403_chrm01_circ_4198170	PS_Ct_r01_2016_07_25_L004	5	0.0000	0.0000	1.0000
HAMBI_0403_chrm01_circ_4198170	PS_Ct_r01_2016_08_22_L004	5	0.0000	0.0000	1.0000
HAMBI_0403_chrm01_circ_4198170	PS_Ct_r01_2016_09_19_L004	5	0.0098	0.0016	1.0000
HAMBI_0403_chrm01_circ_4198170	PS_Ct_r01_2016_10_17_L004	5	0.0000	0.0000	1.0000
HAMBI_0403_chrm01_circ_4198170	PS_Ct_r01_2016_11_14_L004	5	0.0000	0.0000	1.0000
HAMBI_0403_chrm01_circ_4198170	PS_Ct_r01_2016_12_12_L004	5	0.0000	0.0000	1.0000
HAMBI_0403_chrm01_circ_4198170	PS_Ct_r01_2017_01_09_L002	5	0.0000	0.0000	1.0000
HAMBI_0403_chrm01_circ_4198170	PS_Ct_r01_2017_02_06_L004	5	0.0000	0.0000	1.0000
HAMBI_0403_chrm01_circ_4198170	PS_Ct_r01_2017_03_06_L001	5	0.0000	0.0000	1.0000
HAMBI_0403_chrm01_circ_4198170	PS_Ct_r01_2017_04_03_L001	5	0.0000	0.0000	1.0000
HAMBI_0403_chrm01_circ_4198170	PS_Ct_r01_2017_05_29_L001	5	0.0000	0.0001	1.0000
HAMBI_0403_chrm01_circ_4198170	PS_Ct_r01_2017_07_24_L001	5	0.0059	0.0050	1.0000
HAMBI_0403_chrm01_circ_4198170	PS_Ct_r01_2017_08_21_L002	5	0.0000	0.0000	1.0000
HAMBI_0403_chrm01_circ_426365	PS_Ct_r01_2015_08_24_L001	5	0.0000	0.0000	1.0000
HAMBI_0403_chrm01_circ_426365	PS_Ct_r01_2015_09_21_L001	5	0.0101	0.0000	1.0000
HAMBI_0403_chrm01_circ_426365	PS_Ct_r01_2015_10_19_L001	5	0.0101	0.0000	1.0000
HAMBI_0403_chrm01_circ_426365	PS_Ct_r01_2015_11_16_L002	5	0.0233	0.0046	1.0000
HAMBI_0403_chrm01_circ_426365	PS_Ct_r01_2015_12_14_L002	5	0.1765	0.0053	1.0000
HAMBI_0403_chrm01_circ_426365	PS_Ct_r01_2016_01_11_L002	5	0.1721	0.0049	1.0000
HAMBI_0403_chrm01_circ_426365	PS_Ct_r01_2016_02_08_L002	5	0.1135	0.0045	1.0000
HAMBI_0403_chrm01_circ_426365	PS_Ct_r01_2016_03_07_L001	5	0.0507	0.0016	1.0000
HAMBI_0403_chrm01_circ_426365	PS_Ct_r01_2016_04_03_L001	5	0.1205	0.0038	1.0000
HAMBI_0403_chrm01_circ_426365	PS_Ct_r01_2016_05_04_L001	5	0.0000	0.0000	1.0000
HAMBI_0403_chrm01_circ_426365	PS_Ct_r01_2016_05_30_L001	5	0.0101	0.0000	1.0000
HAMBI_0403_chrm01_circ_426365	PS_Ct_r01_2016_07_25_L004	5	0.0000	0.0000	1.0000
HAMBI_0403_chrm01_circ_426365	PS_Ct_r01_2016_08_22_L004	5	0.0000	0.0000	1.0000
HAMBI_0403_chrm01_circ_426365	PS_Ct_r01_2016_09_19_L004	5	0.0098	0.0016	1.0000
HAMBI_0403_chrm01_circ_426365	PS_Ct_r01_2016_10_17_L004	5	0.0000	0.0000	1.0000
HAMBI_0403_chrm01_circ_426365	PS_Ct_r01_2016_11_14_L004	5	0.0000	0.0000	1.0000
HAMBI_0403_chrm01_circ_426365	PS_Ct_r01_2016_12_12_L004	5	0.0000	0.0000	1.0000
HAMBI_0403_chrm01_circ_426365	PS_Ct_r01_2017_01_09_L002	5	0.0000	0.0000	1.0000
HAMBI_0403_chrm01_circ_426365	PS_Ct_r01_2017_02_06_L004	5	0.0000	0.0000	1.0000
HAMBI_0403_chrm01_circ_426365	PS_Ct_r01_2017_03_06_L001	5	0.0000	0.0000	1.0000
HAMBI_0403_chrm01_circ_426365	PS_Ct_r01_2017_04_03_L001	5	0.0000	0.0000	1.0000
HAMBI_0403_chrm01_circ_426365	PS_Ct_r01_2017_05_29_L001	5	0.0000	0.0001	1.0000
HAMBI_0403_chrm01_circ_426365	PS_Ct_r01_2017_07_24_L001	5	0.0059	0.0050	1.0000
HAMBI_0403_chrm01_circ_426365	PS_Ct_r01_2017_08_21_L002	5	0.0000	0.0000	1.0000
HAMBI_0403_chrm01_circ_4300094	PS_Ct_r01_2015_08_24_L001	5	0.0000	0.0000	1.0000
HAMBI_0403_chrm01_circ_4300094	PS_Ct_r01_2015_09_21_L001	5	0.0101	0.0000	1.0000
HAMBI_0403_chrm01_circ_4300094	PS_Ct_r01_2015_10_19_L001	5	0.0101	0.0000	1.0000
HAMBI_0403_chrm01_circ_4300094	PS_Ct_r01_2015_11_16_L002	5	0.0233	0.0046	1.0000
HAMBI_0403_chrm01_circ_4300094	PS_Ct_r01_2015_12_14_L002	5	0.1765	0.0053	1.0000
HAMBI_0403_chrm01_circ_4300094	PS_Ct_r01_2016_01_11_L002	5	0.1721	0.0049	1.0000
HAMBI_0403_chrm01_circ_4300094	PS_Ct_r01_2016_02_08_L002	5	0.1135	0.0045	1.0000
HAMBI_0403_chrm01_circ_4300094	PS_Ct_r01_2016_03_07_L001	5	0.0507	0.0016	1.0000
HAMBI_0403_chrm01_circ_4300094	PS_Ct_r01_2016_04_03_L001	5	0.1205	0.0038	1.0000
HAMBI_0403_chrm01_circ_4300094	PS_Ct_r01_2016_05_04_L001	5	0.0000	0.0000	1.0000
HAMBI_0403_chrm01_circ_4300094	PS_Ct_r01_2016_05_30_L001	5	0.0101	0.0000	1.0000
HAMBI_0403_chrm01_circ_4300094	PS_Ct_r01_2016_07_25_L004	5	0.0000	0.0000	1.0000
HAMBI_0403_chrm01_circ_4300094	PS_Ct_r01_2016_08_22_L004	5	0.0000	0.0000	1.0000
HAMBI_0403_chrm01_circ_4300094	PS_Ct_r01_2016_09_19_L004	5	0.0098	0.0016	1.0000
HAMBI_0403_chrm01_circ_4300094	PS_Ct_r01_2016_10_17_L004	5	0.0000	0.0000	1.0000
HAMBI_0403_chrm01_circ_4300094	PS_Ct_r01_2016_11_14_L004	5	0.0000	0.0000	1.0000
HAMBI_0403_chrm01_circ_4300094	PS_Ct_r01_2016_12_12_L004	5	0.0000	0.0000	1.0000
HAMBI_0403_chrm01_circ_4300094	PS_Ct_r01_2017_01_09_L002	5	0.0000	0.0000	1.0000
HAMBI_0403_chrm01_circ_4300094	PS_Ct_r01_2017_02_06_L004	5	0.0000	0.0000	1.0000
HAMBI_0403_chrm01_circ_4300094	PS_Ct_r01_2017_03_06_L001	5	0.0000	0.0000	1.0000
HAMBI_0403_chrm01_circ_4300094	PS_Ct_r01_2017_04_03_L001	5	0.0000	0.0000	1.0000
HAMBI_0403_chrm01_circ_4300094	PS_Ct_r01_2017_05_29_L001	5	0.0000	0.0001	1.0000
HAMBI_0403_chrm01_circ_4300094	PS_Ct_r01_2017_07_24_L001	5	0.0059	0.0050	1.0000
HAMBI_0403_chrm01_circ_4300094	PS_Ct_r01_2017_08_21_L002	5	0.0000	0.0000	1.0000
HAMBI_0403_chrm01_circ_4312985	PS_Ct_r01_2015_08_24_L001	5	0.0000	0.0000	1.0000
HAMBI_0403_chrm01_circ_4312985	PS_Ct_r01_2015_09_21_L001	5	0.0101	0.0000	1.0000
HAMBI_0403_chrm01_circ_4312985	PS_Ct_r01_2015_10_19_L001	5	0.0101	0.0000	1.0000
HAMBI_0403_chrm01_circ_4312985	PS_Ct_r01_2015_11_16_L002	5	0.0233	0.0046	1.0000
HAMBI_0403_chrm01_circ_4312985	PS_Ct_r01_2015_12_14_L002	5	0.1765	0.0053	1.0000
HAMBI_0403_chrm01_circ_4312985	PS_Ct_r01_2016_01_11_L002	5	0.1721	0.0049	1.0000
HAMBI_0403_chrm01_circ_4312985	PS_Ct_r01_2016_02_08_L002	5	0.1135	0.0045	1.0000
HAMBI_0403_chrm01_circ_4312985	PS_Ct_r01_2016_03_07_L001	5	0.0507	0.0016	1.0000
HAMBI_0403_chrm01_circ_4312985	PS_Ct_r01_2016_04_03_L001	5	0.1205	0.0038	1.0000
HAMBI_0403_chrm01_circ_4312985	PS_Ct_r01_2016_05_04_L001	5	0.0000	0.0000	1.0000
HAMBI_0403_chrm01_circ_4312985	PS_Ct_r01_2016_05_30_L001	5	0.0101	0.0000	1.0000
HAMBI_0403_chrm01_circ_4312985	PS_Ct_r01_2016_07_25_L004	5	0.0000	0.0000	1.0000
HAMBI_0403_chrm01_circ_4312985	PS_Ct_r01_2016_08_22_L004	5	0.0000	0.0000	1.0000
HAMBI_0403_chrm01_circ_4312985	PS_Ct_r01_2016_09_19_L004	5	0.0098	0.0016	1.0000
HAMBI_0403_chrm01_circ_4312985	PS_Ct_r01_2016_10_17_L004	5	0.0000	0.0000	1.0000
HAMBI_0403_chrm01_circ_4312985	PS_Ct_r01_2016_11_14_L004	5	0.0000	0.0000	1.0000
HAMBI_0403_chrm01_circ_4312985	PS_Ct_r01_2016_12_12_L004	5	0.0000	0.0000	1.0000
HAMBI_0403_chrm01_circ_4312985	PS_Ct_r01_2017_01_09_L002	5	0.0000	0.0000	1.0000
HAMBI_0403_chrm01_circ_4312985	PS_Ct_r01_2017_02_06_L004	5	0.0000	0.0000	1.0000
HAMBI_0403_chrm01_circ_4312985	PS_Ct_r01_2017_03_06_L001	5	0.0000	0.0000	1.0000
HAMBI_0403_chrm01_circ_4312985	PS_Ct_r01_2017_04_03_L001	5	0.0000	0.0000	1.0000
HAMBI_0403_chrm01_circ_4312985	PS_Ct_r01_2017_05_29_L001	5	0.0000	0.0001	1.0000
HAMBI_0403_chrm01_circ_4312985	PS_Ct_r01_2017_07_24_L001	5	0.0059	0.0050	1.0000
HAMBI_0403_chrm01_circ_4312985	PS_Ct_r01_2017_08_21_L002	5	0.0000	0.0000	1.0000
HAMBI_0403_chrm01_circ_440056	PS_Ct_r01_2015_08_24_L001	5	0.0000	0.0000	1.0000
HAMBI_0403_chrm01_circ_440056	PS_Ct_r01_2015_09_21_L001	5	0.0101	0.0000	1.0000
HAMBI_0403_chrm01_circ_440056	PS_Ct_r01_2015_10_19_L001	5	0.0101	0.0000	1.0000
HAMBI_0403_chrm01_circ_440056	PS_Ct_r01_2015_11_16_L002	5	0.0233	0.0046	1.0000
HAMBI_0403_chrm01_circ_440056	PS_Ct_r01_2015_12_14_L002	5	0.1765	0.0053	1.0000
HAMBI_0403_chrm01_circ_440056	PS_Ct_r01_2016_01_11_L002	5	0.1721	0.0049	1.0000
HAMBI_0403_chrm01_circ_440056	PS_Ct_r01_2016_02_08_L002	5	0.1135	0.0045	1.0000
HAMBI_0403_chrm01_circ_440056	PS_Ct_r01_2016_03_07_L001	5	0.0507	0.0016	1.0000
HAMBI_0403_chrm01_circ_440056	PS_Ct_r01_2016_04_03_L001	5	0.1205	0.0038	1.0000
HAMBI_0403_chrm01_circ_440056	PS_Ct_r01_2016_05_04_L001	5	0.0000	0.0000	1.0000
HAMBI_0403_chrm01_circ_440056	PS_Ct_r01_2016_05_30_L001	5	0.0101	0.0000	1.0000
HAMBI_0403_chrm01_circ_440056	PS_Ct_r01_2016_07_25_L004	5	0.0000	0.0000	1.0000
HAMBI_0403_chrm01_circ_440056	PS_Ct_r01_2016_08_22_L004	5	0.0000	0.0000	1.0000
HAMBI_0403_chrm01_circ_440056	PS_Ct_r01_2016_09_19_L004	5	0.0098	0.0016	1.0000
HAMBI_0403_chrm01_circ_440056	PS_Ct_r01_2016_10_17_L004	5	0.0000	0.0000	1.0000
HAMBI_0403_chrm01_circ_440056	PS_Ct_r01_2016_11_14_L004	5	0.0000	0.0000	1.0000
HAMBI_0403_chrm01_circ_440056	PS_Ct_r01_2016_12_12_L004	5	0.0000	0.0000	1.0000
HAMBI_0403_chrm01_circ_440056	PS_Ct_r01_2017_01_09_L002	5	0.0000	0.0000	1.0000
HAMBI_0403_chrm01_circ_440056	PS_Ct_r01_2017_02_06_L004	5	0.0000	0.0000	1.0000
HAMBI_0403_chrm01_circ_440056	PS_Ct_r01_2017_03_06_L001	5	0.0000	0.0000	1.0000
HAMBI_0403_chrm01_circ_440056	PS_Ct_r01_2017_04_03_L001	5	0.0000	0.0000	1.0000
HAMBI_0403_chrm01_circ_440056	PS_Ct_r01_2017_05_29_L001	5	0.0000	0.0001	1.0000
HAMBI_0403_chrm01_circ_440056	PS_Ct_r01_2017_07_24_L001	5	0.0059	0.0050	1.0000
HAMBI_0403_chrm01_circ_440056	PS_Ct_r01_2017_08_21_L002	5	0.0000	0.0000	1.0000
HAMBI_0403_chrm01_circ_4414707	PS_Ct_r01_2015_08_24_L001	5	0.0000	0.0000	1.0000
HAMBI_0403_chrm01_circ_4414707	PS_Ct_r01_2015_09_21_L001	5	0.0101	0.0000	1.0000
HAMBI_0403_chrm01_circ_4414707	PS_Ct_r01_2015_10_19_L001	5	0.0101	0.0000	1.0000
HAMBI_0403_chrm01_circ_4414707	PS_Ct_r01_2015_11_16_L002	5	0.0233	0.0046	1.0000
HAMBI_0403_chrm01_circ_4414707	PS_Ct_r01_2015_12_14_L002	5	0.1765	0.0053	1.0000
HAMBI_0403_chrm01_circ_4414707	PS_Ct_r01_2016_01_11_L002	5	0.1721	0.0049	1.0000
HAMBI_0403_chrm01_circ_4414707	PS_Ct_r01_2016_02_08_L002	5	0.1135	0.0045	1.0000
HAMBI_0403_chrm01_circ_4414707	PS_Ct_r01_2016_03_07_L001	5	0.0507	0.0016	1.0000
HAMBI_0403_chrm01_circ_4414707	PS_Ct_r01_2016_04_03_L001	5	0.1205	0.0038	1.0000
HAMBI_0403_chrm01_circ_4414707	PS_Ct_r01_2016_05_04_L001	5	0.0000	0.0000	1.0000
HAMBI_0403_chrm01_circ_4414707	PS_Ct_r01_2016_05_30_L001	5	0.0101	0.0000	1.0000
HAMBI_0403_chrm01_circ_4414707	PS_Ct_r01_2016_07_25_L004	5	0.0000	0.0000	1.0000
HAMBI_0403_chrm01_circ_4414707	PS_Ct_r01_2016_08_22_L004	5	0.0000	0.0000	1.0000
HAMBI_0403_chrm01_circ_4414707	PS_Ct_r01_2016_09_19_L004	5	0.0098	0.0016	1.0000
HAMBI_0403_chrm01_circ_4414707	PS_Ct_r01_2016_10_17_L004	5	0.0000	0.0000	1.0000
HAMBI_0403_chrm01_circ_4414707	PS_Ct_r01_2016_11_14_L004	5	0.0000	0.0000	1.0000
HAMBI_0403_chrm01_circ_4414707	PS_Ct_r01_2016_12_12_L004	5	0.0000	0.0000	1.0000
HAMBI_0403_chrm01_circ_4414707	PS_Ct_r01_2017_01_09_L002	5	0.0000	0.0000	1.0000
HAMBI_0403_chrm01_circ_4414707	PS_Ct_r01_2017_02_06_L004	5	0.0000	0.0000	1.0000
HAMBI_0403_chrm01_circ_4414707	PS_Ct_r01_2017_03_06_L001	5	0.0000	0.0000	1.0000
HAMBI_0403_chrm01_circ_4414707	PS_Ct_r01_2017_04_03_L001	5	0.0000	0.0000	1.0000
HAMBI_0403_chrm01_circ_4414707	PS_Ct_r01_2017_05_29_L001	5	0.0000	0.0001	1.0000
HAMBI_0403_chrm01_circ_4414707	PS_Ct_r01_2017_07_24_L001	5	0.0059	0.0050	1.0000
HAMBI_0403_chrm01_circ_4414707	PS_Ct_r01_2017_08_21_L002	5	0.0000	0.0000	1.0000
HAMBI_0403_chrm01_circ_4441088	PS_Ct_r01_2015_08_24_L001	5	0.0000	0.0000	1.0000
HAMBI_0403_chrm01_circ_4441088	PS_Ct_r01_2015_09_21_L001	5	0.0101	0.0000	1.0000
HAMBI_0403_chrm01_circ_4441088	PS_Ct_r01_2015_10_19_L001	5	0.0101	0.0000	1.0000
HAMBI_0403_chrm01_circ_4441088	PS_Ct_r01_2015_11_16_L002	5	0.0233	0.0046	1.0000
HAMBI_0403_chrm01_circ_4441088	PS_Ct_r01_2015_12_14_L002	5	0.1765	0.0053	1.0000
HAMBI_0403_chrm01_circ_4441088	PS_Ct_r01_2016_01_11_L002	5	0.1721	0.0049	1.0000
HAMBI_0403_chrm01_circ_4441088	PS_Ct_r01_2016_02_08_L002	5	0.1135	0.0045	1.0000
HAMBI_0403_chrm01_circ_4441088	PS_Ct_r01_2016_03_07_L001	5	0.0507	0.0016	1.0000
HAMBI_0403_chrm01_circ_4441088	PS_Ct_r01_2016_04_03_L001	5	0.1205	0.0038	1.0000
HAMBI_0403_chrm01_circ_4441088	PS_Ct_r01_2016_05_04_L001	5	0.0000	0.0000	1.0000
HAMBI_0403_chrm01_circ_4441088	PS_Ct_r01_2016_05_30_L001	5	0.0101	0.0000	1.0000
HAMBI_0403_chrm01_circ_4441088	PS_Ct_r01_2016_07_25_L004	5	0.0000	0.0000	1.0000
HAMBI_0403_chrm01_circ_4441088	PS_Ct_r01_2016_08_22_L004	5	0.0000	0.0000	1.0000
HAMBI_0403_chrm01_circ_4441088	PS_Ct_r01_2016_09_19_L004	5	0.0098	0.0016	1.0000
HAMBI_0403_chrm01_circ_4441088	PS_Ct_r01_2016_10_17_L004	5	0.0000	0.0000	1.0000
HAMBI_0403_chrm01_circ_4441088	PS_Ct_r01_2016_11_14_L004	5	0.0000	0.0000	1.0000
HAMBI_0403_chrm01_circ_4441088	PS_Ct_r01_2016_12_12_L004	5	0.0000	0.0000	1.0000
HAMBI_0403_chrm01_circ_4441088	PS_Ct_r01_2017_01_09_L002	5	0.0000	0.0000	1.0000
HAMBI_0403_chrm01_circ_4441088	PS_Ct_r01_2017_02_06_L004	5	0.0000	0.0000	1.0000
HAMBI_0403_chrm01_circ_4441088	PS_Ct_r01_2017_03_06_L001	5	0.0000	0.0000	1.0000
HAMBI_0403_chrm01_circ_4441088	PS_Ct_r01_2017_04_03_L001	5	0.0000	0.0000	1.0000
HAMBI_0403_chrm01_circ_4441088	PS_Ct_r01_2017_05_29_L001	5	0.0000	0.0001	1.0000
HAMBI_0403_chrm01_circ_4441088	PS_Ct_r01_2017_07_24_L001	5	0.0059	0.0050	1.0000
HAMBI_0403_chrm01_circ_4441088	PS_Ct_r01_2017_08_21_L002	5	0.0000	0.0000	1.0000
HAMBI_0403_chrm01_circ_4497277	PS_Ct_r01_2015_08_24_L001	5	0.0000	0.0000	1.0000
HAMBI_0403_chrm01_circ_4497277	PS_Ct_r01_2015_09_21_L001	5	0.0101	0.0000	1.0000
HAMBI_0403_chrm01_circ_4497277	PS_Ct_r01_2015_10_19_L001	5	0.0101	0.0000	1.0000
HAMBI_0403_chrm01_circ_4497277	PS_Ct_r01_2015_11_16_L002	5	0.0233	0.0046	1.0000
HAMBI_0403_chrm01_circ_4497277	PS_Ct_r01_2015_12_14_L002	5	0.1765	0.0053	1.0000
HAMBI_0403_chrm01_circ_4497277	PS_Ct_r01_2016_01_11_L002	5	0.1721	0.0049	1.0000
HAMBI_0403_chrm01_circ_4497277	PS_Ct_r01_2016_02_08_L002	5	0.1135	0.0045	1.0000
HAMBI_0403_chrm01_circ_4497277	PS_Ct_r01_2016_03_07_L001	5	0.0507	0.0016	1.0000
HAMBI_0403_chrm01_circ_4497277	PS_Ct_r01_2016_04_03_L001	5	0.1205	0.0038	1.0000
HAMBI_0403_chrm01_circ_4497277	PS_Ct_r01_2016_05_04_L001	5	0.0000	0.0000	1.0000
HAMBI_0403_chrm01_circ_4497277	PS_Ct_r01_2016_05_30_L001	5	0.0101	0.0000	1.0000
HAMBI_0403_chrm01_circ_4497277	PS_Ct_r01_2016_07_25_L004	5	0.0000	0.0000	1.0000
HAMBI_0403_chrm01_circ_4497277	PS_Ct_r01_2016_08_22_L004	5	0.0000	0.0000	1.0000
HAMBI_0403_chrm01_circ_4497277	PS_Ct_r01_2016_09_19_L004	5	0.0098	0.0016	1.0000
HAMBI_0403_chrm01_circ_4497277	PS_Ct_r01_2016_10_17_L004	5	0.0000	0.0000	1.0000
HAMBI_0403_chrm01_circ_4497277	PS_Ct_r01_2016_11_14_L004	5	0.0000	0.0000	1.0000
HAMBI_0403_chrm01_circ_4497277	PS_Ct_r01_2016_12_12_L004	5	0.0000	0.0000	1.0000
HAMBI_0403_chrm01_circ_4497277	PS_Ct_r01_2017_01_09_L002	5	0.0000	0.0000	1.0000
HAMBI_0403_chrm01_circ_4497277	PS_Ct_r01_2017_02_06_L004	5	0.0000	0.0000	1.0000
HAMBI_0403_chrm01_circ_4497277	PS_Ct_r01_2017_03_06_L001	5	0.0000	0.0000	1.0000
HAMBI_0403_chrm01_circ_4497277	PS_Ct_r01_2017_04_03_L001	5	0.0000	0.0000	1.0000
HAMBI_0403_chrm01_circ_4497277	PS_Ct_r01_2017_05_29_L001	5	0.0000	0.0001	1.0000
HAMBI_0403_chrm01_circ_4497277	PS_Ct_r01_2017_07_24_L001	5	0.0059	0.0050	1.0000
HAMBI_0403_chrm01_circ_4497277	PS_Ct_r01_2017_08_21_L002	5	0.0000	0.0000	1.0000
HAMBI_0403_chrm01_circ_4553939	PS_Ct_r01_2015_08_24_L001	5	0.0000	0.0000	1.0000
HAMBI_0403_chrm01_circ_4553939	PS_Ct_r01_2015_09_21_L001	5	0.0101	0.0000	1.0000
HAMBI_0403_chrm01_circ_4553939	PS_Ct_r01_2015_10_19_L001	5	0.0101	0.0000	1.0000
HAMBI_0403_chrm01_circ_4553939	PS_Ct_r01_2015_11_16_L002	5	0.0233	0.0046	1.0000
HAMBI_0403_chrm01_circ_4553939	PS_Ct_r01_2015_12_14_L002	5	0.1765	0.0053	1.0000
HAMBI_0403_chrm01_circ_4553939	PS_Ct_r01_2016_01_11_L002	5	0.1721	0.0049	1.0000
HAMBI_0403_chrm01_circ_4553939	PS_Ct_r01_2016_02_08_L002	5	0.1135	0.0045	1.0000
HAMBI_0403_chrm01_circ_4553939	PS_Ct_r01_2016_03_07_L001	5	0.0507	0.0016	1.0000
HAMBI_0403_chrm01_circ_4553939	PS_Ct_r01_2016_04_03_L001	5	0.1205	0.0038	1.0000
HAMBI_0403_chrm01_circ_4553939	PS_Ct_r01_2016_05_04_L001	5	0.0000	0.0000	1.0000
HAMBI_0403_chrm01_circ_4553939	PS_Ct_r01_2016_05_30_L001	5	0.0101	0.0000	1.0000
HAMBI_0403_chrm01_circ_4553939	PS_Ct_r01_2016_07_25_L004	5	0.0000	0.0000	1.0000
HAMBI_0403_chrm01_circ_4553939	PS_Ct_r01_2016_08_22_L004	5	0.0000	0.0000	1.0000
HAMBI_0403_chrm01_circ_4553939	PS_Ct_r01_2016_09_19_L004	5	0.0098	0.0016	1.0000
HAMBI_0403_chrm01_circ_4553939	PS_Ct_r01_2016_10_17_L004	5	0.0000	0.0000	1.0000
HAMBI_0403_chrm01_circ_4553939	PS_Ct_r01_2016_11_14_L004	5	0.0000	0.0000	1.0000
HAMBI_0403_chrm01_circ_4553939	PS_Ct_r01_2016_12_12_L004	5	0.0000	0.0000	1.0000
HAMBI_0403_chrm01_circ_4553939	PS_Ct_r01_2017_01_09_L002	5	0.0000	0.0000	1.0000
HAMBI_0403_chrm01_circ_4553939	PS_Ct_r01_2017_02_06_L004	5	0.0000	0.0000	1.0000
HAMBI_0403_chrm01_circ_4553939	PS_Ct_r01_2017_03_06_L001	5	0.0000	0.0000	1.0000
HAMBI_0403_chrm01_circ_4553939	PS_Ct_r01_2017_04_03_L001	5	0.0000	0.0000	1.0000
HAMBI_0403_chrm01_circ_4553939	PS_Ct_r01_2017_05_29_L001	5	0.0000	0.0001	1.0000
HAMBI_0403_chrm01_circ_4553939	PS_Ct_r01_2017_07_24_L001	5	0.0059	0.0050	1.0000
HAMBI_0403_chrm01_circ_4553939	PS_Ct_r01_2017_08_21_L002	5	0.0000	0.0000	1.0000
HAMBI_0403_chrm01_circ_4689461	PS_Ct_r01_2015_08_24_L001	5	0.0000	0.0000	1.0000
HAMBI_0403_chrm01_circ_4689461	PS_Ct_r01_2015_09_21_L001	5	0.0101	0.0000	1.0000
HAMBI_0403_chrm01_circ_4689461	PS_Ct_r01_2015_10_19_L001	5	0.0101	0.0000	1.0000
HAMBI_0403_chrm01_circ_4689461	PS_Ct_r01_2015_11_16_L002	5	0.0233	0.0046	1.0000
HAMBI_0403_chrm01_circ_4689461	PS_Ct_r01_2015_12_14_L002	5	0.1765	0.0053	1.0000
HAMBI_0403_chrm01_circ_4689461	PS_Ct_r01_2016_01_11_L002	5	0.1721	0.0049	1.0000
HAMBI_0403_chrm01_circ_4689461	PS_Ct_r01_2016_02_08_L002	5	0.1135	0.0045	1.0000
HAMBI_0403_chrm01_circ_4689461	PS_Ct_r01_2016_03_07_L001	5	0.0507	0.0016	1.0000
HAMBI_0403_chrm01_circ_4689461	PS_Ct_r01_2016_04_03_L001	5	0.1205	0.0038	1.0000
HAMBI_0403_chrm01_circ_4689461	PS_Ct_r01_2016_05_04_L001	5	0.0000	0.0000	1.0000
HAMBI_0403_chrm01_circ_4689461	PS_Ct_r01_2016_05_30_L001	5	0.0101	0.0000	1.0000
HAMBI_0403_chrm01_circ_4689461	PS_Ct_r01_2016_07_25_L004	5	0.0000	0.0000	1.0000
HAMBI_0403_chrm01_circ_4689461	PS_Ct_r01_2016_08_22_L004	5	0.0000	0.0000	1.0000
HAMBI_0403_chrm01_circ_4689461	PS_Ct_r01_2016_09_19_L004	5	0.0098	0.0016	1.0000
HAMBI_0403_chrm01_circ_4689461	PS_Ct_r01_2016_10_17_L004	5	0.0000	0.0000	1.0000
HAMBI_0403_chrm01_circ_4689461	PS_Ct_r01_2016_11_14_L004	5	0.0000	0.0000	1.0000
HAMBI_0403_chrm01_circ_4689461	PS_Ct_r01_2016_12_12_L004	5	0.0000	0.0000	1.0000
HAMBI_0403_chrm01_circ_4689461	PS_Ct_r01_2017_01_09_L002	5	0.0000	0.0000	1.0000
HAMBI_0403_chrm01_circ_4689461	PS_Ct_r01_2017_02_06_L004	5	0.0000	0.0000	1.0000
HAMBI_0403_chrm01_circ_4689461	PS_Ct_r01_2017_03_06_L001	5	0.0000	0.0000	1.0000
HAMBI_0403_chrm01_circ_4689461	PS_Ct_r01_2017_04_03_L001	5	0.0000	0.0000	1.0000
HAMBI_0403_chrm01_circ_4689461	PS_Ct_r01_2017_05_29_L001	5	0.0000	0.0001	1.0000
HAMBI_0403_chrm01_circ_4689461	PS_Ct_r01_2017_07_24_L001	5	0.0059	0.0050	1.0000
HAMBI_0403_chrm01_circ_4689461	PS_Ct_r01_2017_08_21_L002	5	0.0000	0.0000	1.0000
HAMBI_0403_chrm01_circ_4730554	PS_Ct_r01_2015_08_24_L001	5	0.0000	0.0000	1.0000
HAMBI_0403_chrm01_circ_4730554	PS_Ct_r01_2015_09_21_L001	5	0.0101	0.0000	1.0000
HAMBI_0403_chrm01_circ_4730554	PS_Ct_r01_2015_10_19_L001	5	0.0101	0.0000	1.0000
HAMBI_0403_chrm01_circ_4730554	PS_Ct_r01_2015_11_16_L002	5	0.0233	0.0046	1.0000
HAMBI_0403_chrm01_circ_4730554	PS_Ct_r01_2015_12_14_L002	5	0.1765	0.0053	1.0000
HAMBI_0403_chrm01_circ_4730554	PS_Ct_r01_2016_01_11_L002	5	0.1721	0.0049	1.0000
HAMBI_0403_chrm01_circ_4730554	PS_Ct_r01_2016_02_08_L002	5	0.1135	0.0045	1.0000
HAMBI_0403_chrm01_circ_4730554	PS_Ct_r01_2016_03_07_L001	5	0.0507	0.0016	1.0000
HAMBI_0403_chrm01_circ_4730554	PS_Ct_r01_2016_04_03_L001	5	0.1205	0.0038	1.0000
HAMBI_0403_chrm01_circ_4730554	PS_Ct_r01_2016_05_04_L001	5	0.0000	0.0000	1.0000
HAMBI_0403_chrm01_circ_4730554	PS_Ct_r01_2016_05_30_L001	5	0.0101	0.0000	1.0000
HAMBI_0403_chrm01_circ_4730554	PS_Ct_r01_2016_07_25_L004	5	0.0000	0.0000	1.0000
HAMBI_0403_chrm01_circ_4730554	PS_Ct_r01_2016_08_22_L004	5	0.0000	0.0000	1.0000
HAMBI_0403_chrm01_circ_4730554	PS_Ct_r01_2016_09_19_L004	5	0.0098	0.0016	1.0000
HAMBI_0403_chrm01_circ_4730554	PS_Ct_r01_2016_10_17_L004	5	0.0000	0.0000	1.0000
HAMBI_0403_chrm01_circ_4730554	PS_Ct_r01_2016_11_14_L004	5	0.0000	0.0000	1.0000
HAMBI_0403_chrm01_circ_4730554	PS_Ct_r01_2016_12_12_L004	5	0.0000	0.0000	1.0000
HAMBI_0403_chrm01_circ_4730554	PS_Ct_r01_2017_01_09_L002	5	0.0000	0.0000	1.0000
HAMBI_0403_chrm01_circ_4730554	PS_Ct_r01_2017_02_06_L004	5	0.0000	0.0000	1.0000
HAMBI_0403_chrm01_circ_4730554	PS_Ct_r01_2017_03_06_L001	5	0.0000	0.0000	1.0000
HAMBI_0403_chrm01_circ_4730554	PS_Ct_r01_2017_04_03_L001	5	0.0000	0.0000	1.0000
HAMBI_0403_chrm01_circ_4730554	PS_Ct_r01_2017_05_29_L001	5	0.0000	0.0001	1.0000
HAMBI_0403_chrm01_circ_4730554	PS_Ct_r01_2017_07_24_L001	5	0.0059	0.0050	1.0000
HAMBI_0403_chrm01_circ_4730554	PS_Ct_r01_2017_08_21_L002	5	0.0000	0.0000	1.0000
HAMBI_0403_chrm01_circ_4735999	PS_Ct_r01_2015_08_24_L001	5	0.0000	0.0000	1.0000
HAMBI_0403_chrm01_circ_4735999	PS_Ct_r01_2015_09_21_L001	5	0.0101	0.0000	1.0000
HAMBI_0403_chrm01_circ_4735999	PS_Ct_r01_2015_10_19_L001	5	0.0101	0.0000	1.0000
HAMBI_0403_chrm01_circ_4735999	PS_Ct_r01_2015_11_16_L002	5	0.0233	0.0046	1.0000
HAMBI_0403_chrm01_circ_4735999	PS_Ct_r01_2015_12_14_L002	5	0.1765	0.0053	1.0000
HAMBI_0403_chrm01_circ_4735999	PS_Ct_r01_2016_01_11_L002	5	0.1721	0.0049	1.0000
HAMBI_0403_chrm01_circ_4735999	PS_Ct_r01_2016_02_08_L002	5	0.1135	0.0045	1.0000
HAMBI_0403_chrm01_circ_4735999	PS_Ct_r01_2016_03_07_L001	5	0.0507	0.0016	1.0000
HAMBI_0403_chrm01_circ_4735999	PS_Ct_r01_2016_04_03_L001	5	0.1205	0.0038	1.0000
HAMBI_0403_chrm01_circ_4735999	PS_Ct_r01_2016_05_04_L001	5	0.0000	0.0000	1.0000
HAMBI_0403_chrm01_circ_4735999	PS_Ct_r01_2016_05_30_L001	5	0.0101	0.0000	1.0000
HAMBI_0403_chrm01_circ_4735999	PS_Ct_r01_2016_07_25_L004	5	0.0000	0.0000	1.0000
HAMBI_0403_chrm01_circ_4735999	PS_Ct_r01_2016_08_22_L004	5	0.0000	0.0000	1.0000
HAMBI_0403_chrm01_circ_4735999	PS_Ct_r01_2016_09_19_L004	5	0.0098	0.0016	1.0000
HAMBI_0403_chrm01_circ_4735999	PS_Ct_r01_2016_10_17_L004	5	0.0000	0.0000	1.0000
HAMBI_0403_chrm01_circ_4735999	PS_Ct_r01_2016_11_14_L004	5	0.0000	0.0000	1.0000
HAMBI_0403_chrm01_circ_4735999	PS_Ct_r01_2016_12_12_L004	5	0.0000	0.0000	1.0000
HAMBI_0403_chrm01_circ_4735999	PS_Ct_r01_2017_01_09_L002	5	0.0000	0.0000	1.0000
HAMBI_0403_chrm01_circ_4735999	PS_Ct_r01_2017_02_06_L004	5	0.0000	0.0000	1.0000
HAMBI_0403_chrm01_circ_4735999	PS_Ct_r01_2017_03_06_L001	5	0.0000	0.0000	1.0000
HAMBI_0403_chrm01_circ_4735999	PS_Ct_r01_2017_04_03_L001	5	0.0000	0.0000	1.0000
HAMBI_0403_chrm01_circ_4735999	PS_Ct_r01_2017_05_29_L001	5	0.0000	0.0001	1.0000
HAMBI_0403_chrm01_circ_4735999	PS_Ct_r01_2017_07_24_L001	5	0.0059	0.0050	1.0000
HAMBI_0403_chrm01_circ_4735999	PS_Ct_r01_2017_08_21_L002	5	0.0000	0.0000	1.0000
HAMBI_0403_chrm01_circ_4746985	PS_Ct_r01_2015_08_24_L001	5	0.0000	0.0000	1.0000
HAMBI_0403_chrm01_circ_4746985	PS_Ct_r01_2015_09_21_L001	5	0.0101	0.0000	1.0000
HAMBI_0403_chrm01_circ_4746985	PS_Ct_r01_2015_10_19_L001	5	0.0101	0.0000	1.0000
HAMBI_0403_chrm01_circ_4746985	PS_Ct_r01_2015_11_16_L002	5	0.0233	0.0046	1.0000
HAMBI_0403_chrm01_circ_4746985	PS_Ct_r01_2015_12_14_L002	5	0.1765	0.0053	1.0000
HAMBI_0403_chrm01_circ_4746985	PS_Ct_r01_2016_01_11_L002	5	0.1721	0.0049	1.0000
HAMBI_0403_chrm01_circ_4746985	PS_Ct_r01_2016_02_08_L002	5	0.1135	0.0045	1.0000
HAMBI_0403_chrm01_circ_4746985	PS_Ct_r01_2016_03_07_L001	5	0.0507	0.0016	1.0000
HAMBI_0403_chrm01_circ_4746985	PS_Ct_r01_2016_04_03_L001	5	0.1205	0.0038	1.0000
HAMBI_0403_chrm01_circ_4746985	PS_Ct_r01_2016_05_04_L001	5	0.0000	0.0000	1.0000
HAMBI_0403_chrm01_circ_4746985	PS_Ct_r01_2016_05_30_L001	5	0.0101	0.0000	1.0000
HAMBI_0403_chrm01_circ_4746985	PS_Ct_r01_2016_07_25_L004	5	0.0000	0.0000	1.0000
HAMBI_0403_chrm01_circ_4746985	PS_Ct_r01_2016_08_22_L004	5	0.0000	0.0000	1.0000
HAMBI_0403_chrm01_circ_4746985	PS_Ct_r01_2016_09_19_L004	5	0.0098	0.0016	1.0000
HAMBI_0403_chrm01_circ_4746985	PS_Ct_r01_2016_10_17_L004	5	0.0000	0.0000	1.0000
HAMBI_0403_chrm01_circ_4746985	PS_Ct_r01_2016_11_14_L004	5	0.0000	0.0000	1.0000
HAMBI_0403_chrm01_circ_4746985	PS_Ct_r01_2016_12_12_L004	5	0.0000	0.0000	1.0000
HAMBI_0403_chrm01_circ_4746985	PS_Ct_r01_2017_01_09_L002	5	0.0000	0.0000	1.0000
HAMBI_0403_chrm01_circ_4746985	PS_Ct_r01_2017_02_06_L004	5	0.0000	0.0000	1.0000
HAMBI_0403_chrm01_circ_4746985	PS_Ct_r01_2017_03_06_L001	5	0.0000	0.0000	1.0000
HAMBI_0403_chrm01_circ_4746985	PS_Ct_r01_2017_04_03_L001	5	0.0000	0.0000	1.0000
HAMBI_0403_chrm01_circ_4746985	PS_Ct_r01_2017_05_29_L001	5	0.0000	0.0001	1.0000
HAMBI_0403_chrm01_circ_4746985	PS_Ct_r01_2017_07_24_L001	5	0.0059	0.0050	1.0000
HAMBI_0403_chrm01_circ_4746985	PS_Ct_r01_2017_08_21_L002	5	0.0000	0.0000	1.0000
HAMBI_0403_chrm01_circ_4865712	PS_Ct_r01_2015_08_24_L001	5	0.0000	0.0000	1.0000
HAMBI_0403_chrm01_circ_4865712	PS_Ct_r01_2015_09_21_L001	5	0.0101	0.0000	1.0000
HAMBI_0403_chrm01_circ_4865712	PS_Ct_r01_2015_10_19_L001	5	0.0101	0.0000	1.0000
HAMBI_0403_chrm01_circ_4865712	PS_Ct_r01_2015_11_16_L002	5	0.0233	0.0046	1.0000
HAMBI_0403_chrm01_circ_4865712	PS_Ct_r01_2015_12_14_L002	5	0.1765	0.0053	1.0000
HAMBI_0403_chrm01_circ_4865712	PS_Ct_r01_2016_01_11_L002	5	0.1721	0.0049	1.0000
HAMBI_0403_chrm01_circ_4865712	PS_Ct_r01_2016_02_08_L002	5	0.1135	0.0045	1.0000
HAMBI_0403_chrm01_circ_4865712	PS_Ct_r01_2016_03_07_L001	5	0.0507	0.0016	1.0000
HAMBI_0403_chrm01_circ_4865712	PS_Ct_r01_2016_04_03_L001	5	0.1205	0.0038	1.0000
HAMBI_0403_chrm01_circ_4865712	PS_Ct_r01_2016_05_04_L001	5	0.0000	0.0000	1.0000
HAMBI_0403_chrm01_circ_4865712	PS_Ct_r01_2016_05_30_L001	5	0.0101	0.0000	1.0000
HAMBI_0403_chrm01_circ_4865712	PS_Ct_r01_2016_07_25_L004	5	0.0000	0.0000	1.0000
HAMBI_0403_chrm01_circ_4865712	PS_Ct_r01_2016_08_22_L004	5	0.0000	0.0000	1.0000
HAMBI_0403_chrm01_circ_4865712	PS_Ct_r01_2016_09_19_L004	5	0.0098	0.0016	1.0000
HAMBI_0403_chrm01_circ_4865712	PS_Ct_r01_2016_10_17_L004	5	0.0000	0.0000	1.0000
HAMBI_0403_chrm01_circ_4865712	PS_Ct_r01_2016_11_14_L004	5	0.0000	0.0000	1.0000
HAMBI_0403_chrm01_circ_4865712	PS_Ct_r01_2016_12_12_L004	5	0.0000	0.0000	1.0000
HAMBI_0403_chrm01_circ_4865712	PS_Ct_r01_2017_01_09_L002	5	0.0000	0.0000	1.0000
HAMBI_0403_chrm01_circ_4865712	PS_Ct_r01_2017_02_06_L004	5	0.0000	0.0000	1.0000
HAMBI_0403_chrm01_circ_4865712	PS_Ct_r01_2017_03_06_L001	5	0.0000	0.0000	1.0000
HAMBI_0403_chrm01_circ_4865712	PS_Ct_r01_2017_04_03_L001	5	0.0000	0.0000	1.0000
HAMBI_0403_chrm01_circ_4865712	PS_Ct_r01_2017_05_29_L001	5	0.0000	0.0001	1.0000
HAMBI_0403_chrm01_circ_4865712	PS_Ct_r01_2017_07_24_L001	5	0.0059	0.0050	1.0000
HAMBI_0403_chrm01_circ_4865712	PS_Ct_r01_2017_08_21_L002	5	0.0000	0.0000	1.0000
HAMBI_0403_chrm01_circ_5057137	PS_Ct_r01_2015_08_24_L001	5	0.0000	0.0000	1.0000
HAMBI_0403_chrm01_circ_5057137	PS_Ct_r01_2015_09_21_L001	5	0.0101	0.0000	1.0000
HAMBI_0403_chrm01_circ_5057137	PS_Ct_r01_2015_10_19_L001	5	0.0101	0.0000	1.0000
HAMBI_0403_chrm01_circ_5057137	PS_Ct_r01_2015_11_16_L002	5	0.0233	0.0046	1.0000
HAMBI_0403_chrm01_circ_5057137	PS_Ct_r01_2015_12_14_L002	5	0.1765	0.0053	1.0000
HAMBI_0403_chrm01_circ_5057137	PS_Ct_r01_2016_01_11_L002	5	0.1721	0.0049	1.0000
HAMBI_0403_chrm01_circ_5057137	PS_Ct_r01_2016_02_08_L002	5	0.1135	0.0045	1.0000
HAMBI_0403_chrm01_circ_5057137	PS_Ct_r01_2016_03_07_L001	5	0.0507	0.0016	1.0000
HAMBI_0403_chrm01_circ_5057137	PS_Ct_r01_2016_04_03_L001	5	0.1205	0.0038	1.0000
HAMBI_0403_chrm01_circ_5057137	PS_Ct_r01_2016_05_04_L001	5	0.0000	0.0000	1.0000
HAMBI_0403_chrm01_circ_5057137	PS_Ct_r01_2016_05_30_L001	5	0.0101	0.0000	1.0000
HAMBI_0403_chrm01_circ_5057137	PS_Ct_r01_2016_07_25_L004	5	0.0000	0.0000	1.0000
HAMBI_0403_chrm01_circ_5057137	PS_Ct_r01_2016_08_22_L004	5	0.0000	0.0000	1.0000
HAMBI_0403_chrm01_circ_5057137	PS_Ct_r01_2016_09_19_L004	5	0.0098	0.0016	1.0000
HAMBI_0403_chrm01_circ_5057137	PS_Ct_r01_2016_10_17_L004	5	0.0000	0.0000	1.0000
HAMBI_0403_chrm01_circ_5057137	PS_Ct_r01_2016_11_14_L004	5	0.0000	0.0000	1.0000
HAMBI_0403_chrm01_circ_5057137	PS_Ct_r01_2016_12_12_L004	5	0.0000	0.0000	1.0000
HAMBI_0403_chrm01_circ_5057137	PS_Ct_r01_2017_01_09_L002	5	0.0000	0.0000	1.0000
HAMBI_0403_chrm01_circ_5057137	PS_Ct_r01_2017_02_06_L004	5	0.0000	0.0000	1.0000
HAMBI_0403_chrm01_circ_5057137	PS_Ct_r01_2017_03_06_L001	5	0.0000	0.0000	1.0000
HAMBI_0403_chrm01_circ_5057137	PS_Ct_r01_2017_04_03_L001	5	0.0000	0.0000	1.0000
HAMBI_0403_chrm01_circ_5057137	PS_Ct_r01_2017_05_29_L001	5	0.0000	0.0001	1.0000
HAMBI_0403_chrm01_circ_5057137	PS_Ct_r01_2017_07_24_L001	5	0.0059	0.0050	1.0000
HAMBI_0403_chrm01_circ_5057137	PS_Ct_r01_2017_08_21_L002	5	0.0000	0.0000	1.0000
HAMBI_0403_chrm01_circ_5067717	PS_Ct_r01_2015_08_24_L001	5	0.0000	0.0000	1.0000
HAMBI_0403_chrm01_circ_5067717	PS_Ct_r01_2015_09_21_L001	5	0.0101	0.0000	1.0000
HAMBI_0403_chrm01_circ_5067717	PS_Ct_r01_2015_10_19_L001	5	0.0101	0.0000	1.0000
HAMBI_0403_chrm01_circ_5067717	PS_Ct_r01_2015_11_16_L002	5	0.0233	0.0046	1.0000
HAMBI_0403_chrm01_circ_5067717	PS_Ct_r01_2015_12_14_L002	5	0.1765	0.0053	1.0000
HAMBI_0403_chrm01_circ_5067717	PS_Ct_r01_2016_01_11_L002	5	0.1721	0.0049	1.0000
HAMBI_0403_chrm01_circ_5067717	PS_Ct_r01_2016_02_08_L002	5	0.1135	0.0045	1.0000
HAMBI_0403_chrm01_circ_5067717	PS_Ct_r01_2016_03_07_L001	5	0.0507	0.0016	1.0000
HAMBI_0403_chrm01_circ_5067717	PS_Ct_r01_2016_04_03_L001	5	0.1205	0.0038	1.0000
HAMBI_0403_chrm01_circ_5067717	PS_Ct_r01_2016_05_04_L001	5	0.0000	0.0000	1.0000
HAMBI_0403_chrm01_circ_5067717	PS_Ct_r01_2016_05_30_L001	5	0.0101	0.0000	1.0000
HAMBI_0403_chrm01_circ_5067717	PS_Ct_r01_2016_07_25_L004	5	0.0000	0.0000	1.0000
HAMBI_0403_chrm01_circ_5067717	PS_Ct_r01_2016_08_22_L004	5	0.0000	0.0000	1.0000
HAMBI_0403_chrm01_circ_5067717	PS_Ct_r01_2016_09_19_L004	5	0.0098	0.0016	1.0000
HAMBI_0403_chrm01_circ_5067717	PS_Ct_r01_2016_10_17_L004	5	0.0000	0.0000	1.0000
HAMBI_0403_chrm01_circ_5067717	PS_Ct_r01_2016_11_14_L004	5	0.0000	0.0000	1.0000
HAMBI_0403_chrm01_circ_5067717	PS_Ct_r01_2016_12_12_L004	5	0.0000	0.0000	1.0000
HAMBI_0403_chrm01_circ_5067717	PS_Ct_r01_2017_01_09_L002	5	0.0000	0.0000	1.0000
HAMBI_0403_chrm01_circ_5067717	PS_Ct_r01_2017_02_06_L004	5	0.0000	0.0000	1.0000
HAMBI_0403_chrm01_circ_5067717	PS_Ct_r01_2017_03_06_L001	5	0.0000	0.0000	1.0000
HAMBI_0403_chrm01_circ_5067717	PS_Ct_r01_2017_04_03_L001	5	0.0000	0.0000	1.0000
HAMBI_0403_chrm01_circ_5067717	PS_Ct_r01_2017_05_29_L001	5	0.0000	0.0001	1.0000
HAMBI_0403_chrm01_circ_5067717	PS_Ct_r01_2017_07_24_L001	5	0.0059	0.0050	1.0000
HAMBI_0403_chrm01_circ_5067717	PS_Ct_r01_2017_08_21_L002	5	0.0000	0.0000	1.0000
HAMBI_0403_chrm01_circ_5116066	PS_Ct_r01_2015_08_24_L001	5	0.0000	0.0000	1.0000
HAMBI_0403_chrm01_circ_5116066	PS_Ct_r01_2015_09_21_L001	5	0.0101	0.0000	1.0000
HAMBI_0403_chrm01_circ_5116066	PS_Ct_r01_2015_10_19_L001	5	0.0101	0.0000	1.0000
HAMBI_0403_chrm01_circ_5116066	PS_Ct_r01_2015_11_16_L002	5	0.0233	0.0046	1.0000
HAMBI_0403_chrm01_circ_5116066	PS_Ct_r01_2015_12_14_L002	5	0.1765	0.0053	1.0000
HAMBI_0403_chrm01_circ_5116066	PS_Ct_r01_2016_01_11_L002	5	0.1721	0.0049	1.0000
HAMBI_0403_chrm01_circ_5116066	PS_Ct_r01_2016_02_08_L002	5	0.1135	0.0045	1.0000
HAMBI_0403_chrm01_circ_5116066	PS_Ct_r01_2016_03_07_L001	5	0.0507	0.0016	1.0000
HAMBI_0403_chrm01_circ_5116066	PS_Ct_r01_2016_04_03_L001	5	0.1205	0.0038	1.0000
HAMBI_0403_chrm01_circ_5116066	PS_Ct_r01_2016_05_04_L001	5	0.0000	0.0000	1.0000
HAMBI_0403_chrm01_circ_5116066	PS_Ct_r01_2016_05_30_L001	5	0.0101	0.0000	1.0000
HAMBI_0403_chrm01_circ_5116066	PS_Ct_r01_2016_07_25_L004	5	0.0000	0.0000	1.0000
HAMBI_0403_chrm01_circ_5116066	PS_Ct_r01_2016_08_22_L004	5	0.0000	0.0000	1.0000
HAMBI_0403_chrm01_circ_5116066	PS_Ct_r01_2016_09_19_L004	5	0.0098	0.0016	1.0000
HAMBI_0403_chrm01_circ_5116066	PS_Ct_r01_2016_10_17_L004	5	0.0000	0.0000	1.0000
HAMBI_0403_chrm01_circ_5116066	PS_Ct_r01_2016_11_14_L004	5	0.0000	0.0000	1.0000
HAMBI_0403_chrm01_circ_5116066	PS_Ct_r01_2016_12_12_L004	5	0.0000	0.0000	1.0000
HAMBI_0403_chrm01_circ_5116066	PS_Ct_r01_2017_01_09_L002	5	0.0000	0.0000	1.0000
HAMBI_0403_chrm01_circ_5116066	PS_Ct_r01_2017_02_06_L004	5	0.0000	0.0000	1.0000
HAMBI_0403_chrm01_circ_5116066	PS_Ct_r01_2017_03_06_L001	5	0.0000	0.0000	1.0000
HAMBI_0403_chrm01_circ_5116066	PS_Ct_r01_2017_04_03_L001	5	0.0000	0.0000	1.0000
HAMBI_0403_chrm01_circ_5116066	PS_Ct_r01_2017_05_29_L001	5	0.0000	0.0001	1.0000
HAMBI_0403_chrm01_circ_5116066	PS_Ct_r01_2017_07_24_L001	5	0.0059	0.0050	1.0000
HAMBI_0403_chrm01_circ_5116066	PS_Ct_r01_2017_08_21_L002	5	0.0000	0.0000	1.0000
HAMBI_0403_chrm01_circ_5134993	PS_Ct_r01_2015_08_24_L001	5	0.0000	0.0000	1.0000
HAMBI_0403_chrm01_circ_5134993	PS_Ct_r01_2015_09_21_L001	5	0.0101	0.0000	1.0000
HAMBI_0403_chrm01_circ_5134993	PS_Ct_r01_2015_10_19_L001	5	0.0101	0.0000	1.0000
HAMBI_0403_chrm01_circ_5134993	PS_Ct_r01_2015_11_16_L002	5	0.0233	0.0046	1.0000
HAMBI_0403_chrm01_circ_5134993	PS_Ct_r01_2015_12_14_L002	5	0.1765	0.0053	1.0000
HAMBI_0403_chrm01_circ_5134993	PS_Ct_r01_2016_01_11_L002	5	0.1721	0.0049	1.0000
HAMBI_0403_chrm01_circ_5134993	PS_Ct_r01_2016_02_08_L002	5	0.1135	0.0045	1.0000
HAMBI_0403_chrm01_circ_5134993	PS_Ct_r01_2016_03_07_L001	5	0.0507	0.0016	1.0000
HAMBI_0403_chrm01_circ_5134993	PS_Ct_r01_2016_04_03_L001	5	0.1205	0.0038	1.0000
HAMBI_0403_chrm01_circ_5134993	PS_Ct_r01_2016_05_04_L001	5	0.0000	0.0000	1.0000
HAMBI_0403_chrm01_circ_5134993	PS_Ct_r01_2016_05_30_L001	5	0.0101	0.0000	1.0000
HAMBI_0403_chrm01_circ_5134993	PS_Ct_r01_2016_07_25_L004	5	0.0000	0.0000	1.0000
HAMBI_0403_chrm01_circ_5134993	PS_Ct_r01_2016_08_22_L004	5	0.0000	0.0000	1.0000
HAMBI_0403_chrm01_circ_5134993	PS_Ct_r01_2016_09_19_L004	5	0.0098	0.0016	1.0000
HAMBI_0403_chrm01_circ_5134993	PS_Ct_r01_2016_10_17_L004	5	0.0000	0.0000	1.0000
HAMBI_0403_chrm01_circ_5134993	PS_Ct_r01_2016_11_14_L004	5	0.0000	0.0000	1.0000
HAMBI_0403_chrm01_circ_5134993	PS_Ct_r01_2016_12_12_L004	5	0.0000	0.0000	1.0000
HAMBI_0403_chrm01_circ_5134993	PS_Ct_r01_2017_01_09_L002	5	0.0000	0.0000	1.0000
HAMBI_0403_chrm01_circ_5134993	PS_Ct_r01_2017_02_06_L004	5	0.0000	0.0000	1.0000
HAMBI_0403_chrm01_circ_5134993	PS_Ct_r01_2017_03_06_L001	5	0.0000	0.0000	1.0000
HAMBI_0403_chrm01_circ_5134993	PS_Ct_r01_2017_04_03_L001	5	0.0000	0.0000	1.0000
HAMBI_0403_chrm01_circ_5134993	PS_Ct_r01_2017_05_29_L001	5	0.0000	0.0001	1.0000
HAMBI_0403_chrm01_circ_5134993	PS_Ct_r01_2017_07_24_L001	5	0.0059	0.0050	1.0000
HAMBI_0403_chrm01_circ_5134993	PS_Ct_r01_2017_08_21_L002	5	0.0000	0.0000	1.0000
HAMBI_0403_chrm01_circ_5168065	PS_Ct_r01_2015_08_24_L001	5	0.0000	0.0000	1.0000
HAMBI_0403_chrm01_circ_5168065	PS_Ct_r01_2015_09_21_L001	5	0.0101	0.0000	1.0000
HAMBI_0403_chrm01_circ_5168065	PS_Ct_r01_2015_10_19_L001	5	0.0101	0.0000	1.0000
HAMBI_0403_chrm01_circ_5168065	PS_Ct_r01_2015_11_16_L002	5	0.0233	0.0046	1.0000
HAMBI_0403_chrm01_circ_5168065	PS_Ct_r01_2015_12_14_L002	5	0.1765	0.0053	1.0000
HAMBI_0403_chrm01_circ_5168065	PS_Ct_r01_2016_01_11_L002	5	0.1721	0.0049	1.0000
HAMBI_0403_chrm01_circ_5168065	PS_Ct_r01_2016_02_08_L002	5	0.1135	0.0045	1.0000
HAMBI_0403_chrm01_circ_5168065	PS_Ct_r01_2016_03_07_L001	5	0.0507	0.0016	1.0000
HAMBI_0403_chrm01_circ_5168065	PS_Ct_r01_2016_04_03_L001	5	0.1205	0.0038	1.0000
HAMBI_0403_chrm01_circ_5168065	PS_Ct_r01_2016_05_04_L001	5	0.0000	0.0000	1.0000
HAMBI_0403_chrm01_circ_5168065	PS_Ct_r01_2016_05_30_L001	5	0.0101	0.0000	1.0000
HAMBI_0403_chrm01_circ_5168065	PS_Ct_r01_2016_07_25_L004	5	0.0000	0.0000	1.0000
HAMBI_0403_chrm01_circ_5168065	PS_Ct_r01_2016_08_22_L004	5	0.0000	0.0000	1.0000
HAMBI_0403_chrm01_circ_5168065	PS_Ct_r01_2016_09_19_L004	5	0.0098	0.0016	1.0000
HAMBI_0403_chrm01_circ_5168065	PS_Ct_r01_2016_10_17_L004	5	0.0000	0.0000	1.0000
HAMBI_0403_chrm01_circ_5168065	PS_Ct_r01_2016_11_14_L004	5	0.0000	0.0000	1.0000
HAMBI_0403_chrm01_circ_5168065	PS_Ct_r01_2016_12_12_L004	5	0.0000	0.0000	1.0000
HAMBI_0403_chrm01_circ_5168065	PS_Ct_r01_2017_01_09_L002	5	0.0000	0.0000	1.0000
HAMBI_0403_chrm01_circ_5168065	PS_Ct_r01_2017_02_06_L004	5	0.0000	0.0000	1.0000
HAMBI_0403_chrm01_circ_5168065	PS_Ct_r01_2017_03_06_L001	5	0.0000	0.0000	1.0000
HAMBI_0403_chrm01_circ_5168065	PS_Ct_r01_2017_04_03_L001	5	0.0000	0.0000	1.0000
HAMBI_0403_chrm01_circ_5168065	PS_Ct_r01_2017_05_29_L001	5	0.0000	0.0001	1.0000
HAMBI_0403_chrm01_circ_5168065	PS_Ct_r01_2017_07_24_L001	5	0.0059	0.0050	1.0000
HAMBI_0403_chrm01_circ_5168065	PS_Ct_r01_2017_08_21_L002	5	0.0000	0.0000	1.0000
HAMBI_0403_chrm01_circ_5275101	PS_Ct_r01_2015_08_24_L001	5	0.0000	0.0000	1.0000
HAMBI_0403_chrm01_circ_5275101	PS_Ct_r01_2015_09_21_L001	5	0.0101	0.0000	1.0000
HAMBI_0403_chrm01_circ_5275101	PS_Ct_r01_2015_10_19_L001	5	0.0101	0.0000	1.0000
HAMBI_0403_chrm01_circ_5275101	PS_Ct_r01_2015_11_16_L002	5	0.0233	0.0046	1.0000
HAMBI_0403_chrm01_circ_5275101	PS_Ct_r01_2015_12_14_L002	5	0.1765	0.0053	1.0000
HAMBI_0403_chrm01_circ_5275101	PS_Ct_r01_2016_01_11_L002	5	0.1721	0.0049	1.0000
HAMBI_0403_chrm01_circ_5275101	PS_Ct_r01_2016_02_08_L002	5	0.1135	0.0045	1.0000
HAMBI_0403_chrm01_circ_5275101	PS_Ct_r01_2016_03_07_L001	5	0.0507	0.0016	1.0000
HAMBI_0403_chrm01_circ_5275101	PS_Ct_r01_2016_04_03_L001	5	0.1205	0.0038	1.0000
HAMBI_0403_chrm01_circ_5275101	PS_Ct_r01_2016_05_04_L001	5	0.0000	0.0000	1.0000
HAMBI_0403_chrm01_circ_5275101	PS_Ct_r01_2016_05_30_L001	5	0.0101	0.0000	1.0000
HAMBI_0403_chrm01_circ_5275101	PS_Ct_r01_2016_07_25_L004	5	0.0000	0.0000	1.0000
HAMBI_0403_chrm01_circ_5275101	PS_Ct_r01_2016_08_22_L004	5	0.0000	0.0000	1.0000
HAMBI_0403_chrm01_circ_5275101	PS_Ct_r01_2016_09_19_L004	5	0.0098	0.0016	1.0000
HAMBI_0403_chrm01_circ_5275101	PS_Ct_r01_2016_10_17_L004	5	0.0000	0.0000	1.0000
HAMBI_0403_chrm01_circ_5275101	PS_Ct_r01_2016_11_14_L004	5	0.0000	0.0000	1.0000
HAMBI_0403_chrm01_circ_5275101	PS_Ct_r01_2016_12_12_L004	5	0.0000	0.0000	1.0000
HAMBI_0403_chrm01_circ_5275101	PS_Ct_r01_2017_01_09_L002	5	0.0000	0.0000	1.0000
HAMBI_0403_chrm01_circ_5275101	PS_Ct_r01_2017_02_06_L004	5	0.0000	0.0000	1.0000
HAMBI_0403_chrm01_circ_5275101	PS_Ct_r01_2017_03_06_L001	5	0.0000	0.0000	1.0000
HAMBI_0403_chrm01_circ_5275101	PS_Ct_r01_2017_04_03_L001	5	0.0000	0.0000	1.0000
HAMBI_0403_chrm01_circ_5275101	PS_Ct_r01_2017_05_29_L001	5	0.0000	0.0001	1.0000
HAMBI_0403_chrm01_circ_5275101	PS_Ct_r01_2017_07_24_L001	5	0.0059	0.0050	1.0000
HAMBI_0403_chrm01_circ_5275101	PS_Ct_r01_2017_08_21_L002	5	0.0000	0.0000	1.0000
HAMBI_0403_chrm01_circ_5321506	PS_Ct_r01_2015_08_24_L001	5	0.0000	0.0000	1.0000
HAMBI_0403_chrm01_circ_5321506	PS_Ct_r01_2015_09_21_L001	5	0.0101	0.0000	1.0000
HAMBI_0403_chrm01_circ_5321506	PS_Ct_r01_2015_10_19_L001	5	0.0101	0.0000	1.0000
HAMBI_0403_chrm01_circ_5321506	PS_Ct_r01_2015_11_16_L002	5	0.0233	0.0046	1.0000
HAMBI_0403_chrm01_circ_5321506	PS_Ct_r01_2015_12_14_L002	5	0.1765	0.0053	1.0000
HAMBI_0403_chrm01_circ_5321506	PS_Ct_r01_2016_01_11_L002	5	0.1721	0.0049	1.0000
HAMBI_0403_chrm01_circ_5321506	PS_Ct_r01_2016_02_08_L002	5	0.1135	0.0045	1.0000
HAMBI_0403_chrm01_circ_5321506	PS_Ct_r01_2016_03_07_L001	5	0.0507	0.0016	1.0000
HAMBI_0403_chrm01_circ_5321506	PS_Ct_r01_2016_04_03_L001	5	0.1205	0.0038	1.0000
HAMBI_0403_chrm01_circ_5321506	PS_Ct_r01_2016_05_04_L001	5	0.0000	0.0000	1.0000
HAMBI_0403_chrm01_circ_5321506	PS_Ct_r01_2016_05_30_L001	5	0.0101	0.0000	1.0000
HAMBI_0403_chrm01_circ_5321506	PS_Ct_r01_2016_07_25_L004	5	0.0000	0.0000	1.0000
HAMBI_0403_chrm01_circ_5321506	PS_Ct_r01_2016_08_22_L004	5	0.0000	0.0000	1.0000
HAMBI_0403_chrm01_circ_5321506	PS_Ct_r01_2016_09_19_L004	5	0.0098	0.0016	1.0000
HAMBI_0403_chrm01_circ_5321506	PS_Ct_r01_2016_10_17_L004	5	0.0000	0.0000	1.0000
HAMBI_0403_chrm01_circ_5321506	PS_Ct_r01_2016_11_14_L004	5	0.0000	0.0000	1.0000
HAMBI_0403_chrm01_circ_5321506	PS_Ct_r01_2016_12_12_L004	5	0.0000	0.0000	1.0000
HAMBI_0403_chrm01_circ_5321506	PS_Ct_r01_2017_01_09_L002	5	0.0000	0.0000	1.0000
HAMBI_0403_chrm01_circ_5321506	PS_Ct_r01_2017_02_06_L004	5	0.0000	0.0000	1.0000
HAMBI_0403_chrm01_circ_5321506	PS_Ct_r01_2017_03_06_L001	5	0.0000	0.0000	1.0000
HAMBI_0403_chrm01_circ_5321506	PS_Ct_r01_2017_04_03_L001	5	0.0000	0.0000	1.0000
HAMBI_0403_chrm01_circ_5321506	PS_Ct_r01_2017_05_29_L001	5	0.0000	0.0001	1.0000
HAMBI_0403_chrm01_circ_5321506	PS_Ct_r01_2017_07_24_L001	5	0.0059	0.0050	1.0000
HAMBI_0403_chrm01_circ_5321506	PS_Ct_r01_2017_08_21_L002	5	0.0000	0.0000	1.0000
HAMBI_0403_chrm01_circ_5523306	PS_Ct_r01_2015_08_24_L001	5	0.0000	0.0000	1.0000
HAMBI_0403_chrm01_circ_5523306	PS_Ct_r01_2015_09_21_L001	5	0.0101	0.0000	1.0000
HAMBI_0403_chrm01_circ_5523306	PS_Ct_r01_2015_10_19_L001	5	0.0101	0.0000	1.0000
HAMBI_0403_chrm01_circ_5523306	PS_Ct_r01_2015_11_16_L002	5	0.0233	0.0046	1.0000
HAMBI_0403_chrm01_circ_5523306	PS_Ct_r01_2015_12_14_L002	5	0.1765	0.0053	1.0000
HAMBI_0403_chrm01_circ_5523306	PS_Ct_r01_2016_01_11_L002	5	0.1721	0.0049	1.0000
HAMBI_0403_chrm01_circ_5523306	PS_Ct_r01_2016_02_08_L002	5	0.1135	0.0045	1.0000
HAMBI_0403_chrm01_circ_5523306	PS_Ct_r01_2016_03_07_L001	5	0.0507	0.0016	1.0000
HAMBI_0403_chrm01_circ_5523306	PS_Ct_r01_2016_04_03_L001	5	0.1205	0.0038	1.0000
HAMBI_0403_chrm01_circ_5523306	PS_Ct_r01_2016_05_04_L001	5	0.0000	0.0000	1.0000
HAMBI_0403_chrm01_circ_5523306	PS_Ct_r01_2016_05_30_L001	5	0.0101	0.0000	1.0000
HAMBI_0403_chrm01_circ_5523306	PS_Ct_r01_2016_07_25_L004	5	0.0000	0.0000	1.0000
HAMBI_0403_chrm01_circ_5523306	PS_Ct_r01_2016_08_22_L004	5	0.0000	0.0000	1.0000
HAMBI_0403_chrm01_circ_5523306	PS_Ct_r01_2016_09_19_L004	5	0.0098	0.0016	1.0000
HAMBI_0403_chrm01_circ_5523306	PS_Ct_r01_2016_10_17_L004	5	0.0000	0.0000	1.0000
HAMBI_0403_chrm01_circ_5523306	PS_Ct_r01_2016_11_14_L004	5	0.0000	0.0000	1.0000
HAMBI_0403_chrm01_circ_5523306	PS_Ct_r01_2016_12_12_L004	5	0.0000	0.0000	1.0000
HAMBI_0403_chrm01_circ_5523306	PS_Ct_r01_2017_01_09_L002	5	0.0000	0.0000	1.0000
HAMBI_0403_chrm01_circ_5523306	PS_Ct_r01_2017_02_06_L004	5	0.0000	0.0000	1.0000
HAMBI_0403_chrm01_circ_5523306	PS_Ct_r01_2017_03_06_L001	5	0.0000	0.0000	1.0000
HAMBI_0403_chrm01_circ_5523306	PS_Ct_r01_2017_04_03_L001	5	0.0000	0.0000	1.0000
HAMBI_0403_chrm01_circ_5523306	PS_Ct_r01_2017_05_29_L001	5	0.0000	0.0001	1.0000
HAMBI_0403_chrm01_circ_5523306	PS_Ct_r01_2017_07_24_L001	5	0.0059	0.0050	1.0000
HAMBI_0403_chrm01_circ_5523306	PS_Ct_r01_2017_08_21_L002	5	0.0000	0.0000	1.0000
HAMBI_0403_chrm01_circ_5570133	PS_Ct_r01_2015_08_24_L001	5	0.0000	0.0000	1.0000
HAMBI_0403_chrm01_circ_5570133	PS_Ct_r01_2015_09_21_L001	5	0.0101	0.0000	1.0000
HAMBI_0403_chrm01_circ_5570133	PS_Ct_r01_2015_10_19_L001	5	0.0101	0.0000	1.0000
HAMBI_0403_chrm01_circ_5570133	PS_Ct_r01_2015_11_16_L002	5	0.0233	0.0046	1.0000
HAMBI_0403_chrm01_circ_5570133	PS_Ct_r01_2015_12_14_L002	5	0.1765	0.0053	1.0000
HAMBI_0403_chrm01_circ_5570133	PS_Ct_r01_2016_01_11_L002	5	0.1721	0.0049	1.0000
HAMBI_0403_chrm01_circ_5570133	PS_Ct_r01_2016_02_08_L002	5	0.1135	0.0045	1.0000
HAMBI_0403_chrm01_circ_5570133	PS_Ct_r01_2016_03_07_L001	5	0.0507	0.0016	1.0000
HAMBI_0403_chrm01_circ_5570133	PS_Ct_r01_2016_04_03_L001	5	0.1205	0.0038	1.0000
HAMBI_0403_chrm01_circ_5570133	PS_Ct_r01_2016_05_04_L001	5	0.0000	0.0000	1.0000
HAMBI_0403_chrm01_circ_5570133	PS_Ct_r01_2016_05_30_L001	5	0.0101	0.0000	1.0000
HAMBI_0403_chrm01_circ_5570133	PS_Ct_r01_2016_07_25_L004	5	0.0000	0.0000	1.0000
HAMBI_0403_chrm01_circ_5570133	PS_Ct_r01_2016_08_22_L004	5	0.0000	0.0000	1.0000
HAMBI_0403_chrm01_circ_5570133	PS_Ct_r01_2016_09_19_L004	5	0.0098	0.0016	1.0000
HAMBI_0403_chrm01_circ_5570133	PS_Ct_r01_2016_10_17_L004	5	0.0000	0.0000	1.0000
HAMBI_0403_chrm01_circ_5570133	PS_Ct_r01_2016_11_14_L004	5	0.0000	0.0000	1.0000
HAMBI_0403_chrm01_circ_5570133	PS_Ct_r01_2016_12_12_L004	5	0.0000	0.0000	1.0000
HAMBI_0403_chrm01_circ_5570133	PS_Ct_r01_2017_01_09_L002	5	0.0000	0.0000	1.0000
HAMBI_0403_chrm01_circ_5570133	PS_Ct_r01_2017_02_06_L004	5	0.0000	0.0000	1.0000
HAMBI_0403_chrm01_circ_5570133	PS_Ct_r01_2017_03_06_L001	5	0.0000	0.0000	1.0000
HAMBI_0403_chrm01_circ_5570133	PS_Ct_r01_2017_04_03_L001	5	0.0000	0.0000	1.0000
HAMBI_0403_chrm01_circ_5570133	PS_Ct_r01_2017_05_29_L001	5	0.0000	0.0001	1.0000
HAMBI_0403_chrm01_circ_5570133	PS_Ct_r01_2017_07_24_L001	5	0.0059	0.0050	1.0000
HAMBI_0403_chrm01_circ_5570133	PS_Ct_r01_2017_08_21_L002	5	0.0000	0.0000	1.0000
HAMBI_0403_chrm01_circ_5751386	PS_Ct_r01_2015_08_24_L001	5	0.0000	0.0000	1.0000
HAMBI_0403_chrm01_circ_5751386	PS_Ct_r01_2015_09_21_L001	5	0.0101	0.0000	1.0000
HAMBI_0403_chrm01_circ_5751386	PS_Ct_r01_2015_10_19_L001	5	0.0101	0.0000	1.0000
HAMBI_0403_chrm01_circ_5751386	PS_Ct_r01_2015_11_16_L002	5	0.0233	0.0046	1.0000
HAMBI_0403_chrm01_circ_5751386	PS_Ct_r01_2015_12_14_L002	5	0.1765	0.0053	1.0000
HAMBI_0403_chrm01_circ_5751386	PS_Ct_r01_2016_01_11_L002	5	0.1721	0.0049	1.0000
HAMBI_0403_chrm01_circ_5751386	PS_Ct_r01_2016_02_08_L002	5	0.1135	0.0045	1.0000
HAMBI_0403_chrm01_circ_5751386	PS_Ct_r01_2016_03_07_L001	5	0.0507	0.0016	1.0000
HAMBI_0403_chrm01_circ_5751386	PS_Ct_r01_2016_04_03_L001	5	0.1205	0.0038	1.0000
HAMBI_0403_chrm01_circ_5751386	PS_Ct_r01_2016_05_04_L001	5	0.0000	0.0000	1.0000
HAMBI_0403_chrm01_circ_5751386	PS_Ct_r01_2016_05_30_L001	5	0.0101	0.0000	1.0000
HAMBI_0403_chrm01_circ_5751386	PS_Ct_r01_2016_07_25_L004	5	0.0000	0.0000	1.0000
HAMBI_0403_chrm01_circ_5751386	PS_Ct_r01_2016_08_22_L004	5	0.0000	0.0000	1.0000
HAMBI_0403_chrm01_circ_5751386	PS_Ct_r01_2016_09_19_L004	5	0.0098	0.0016	1.0000
HAMBI_0403_chrm01_circ_5751386	PS_Ct_r01_2016_10_17_L004	5	0.0000	0.0000	1.0000
HAMBI_0403_chrm01_circ_5751386	PS_Ct_r01_2016_11_14_L004	5	0.0000	0.0000	1.0000
HAMBI_0403_chrm01_circ_5751386	PS_Ct_r01_2016_12_12_L004	5	0.0000	0.0000	1.0000
HAMBI_0403_chrm01_circ_5751386	PS_Ct_r01_2017_01_09_L002	5	0.0000	0.0000	1.0000
HAMBI_0403_chrm01_circ_5751386	PS_Ct_r01_2017_02_06_L004	5	0.0000	0.0000	1.0000
HAMBI_0403_chrm01_circ_5751386	PS_Ct_r01_2017_03_06_L001	5	0.0000	0.0000	1.0000
HAMBI_0403_chrm01_circ_5751386	PS_Ct_r01_2017_04_03_L001	5	0.0000	0.0000	1.0000
HAMBI_0403_chrm01_circ_5751386	PS_Ct_r01_2017_05_29_L001	5	0.0000	0.0001	1.0000
HAMBI_0403_chrm01_circ_5751386	PS_Ct_r01_2017_07_24_L001	5	0.0059	0.0050	1.0000
HAMBI_0403_chrm01_circ_5751386	PS_Ct_r01_2017_08_21_L002	5	0.0000	0.0000	1.0000
HAMBI_0403_chrm01_circ_716264	PS_Ct_r01_2015_08_24_L001	5	0.0000	0.0000	1.0000
HAMBI_0403_chrm01_circ_716264	PS_Ct_r01_2015_09_21_L001	5	0.0101	0.0000	1.0000
HAMBI_0403_chrm01_circ_716264	PS_Ct_r01_2015_10_19_L001	5	0.0101	0.0000	1.0000
HAMBI_0403_chrm01_circ_716264	PS_Ct_r01_2015_11_16_L002	5	0.0233	0.0046	1.0000
HAMBI_0403_chrm01_circ_716264	PS_Ct_r01_2015_12_14_L002	5	0.1765	0.0053	1.0000
HAMBI_0403_chrm01_circ_716264	PS_Ct_r01_2016_01_11_L002	5	0.1721	0.0049	1.0000
HAMBI_0403_chrm01_circ_716264	PS_Ct_r01_2016_02_08_L002	5	0.1135	0.0045	1.0000
HAMBI_0403_chrm01_circ_716264	PS_Ct_r01_2016_03_07_L001	5	0.0507	0.0016	1.0000
HAMBI_0403_chrm01_circ_716264	PS_Ct_r01_2016_04_03_L001	5	0.1205	0.0038	1.0000
HAMBI_0403_chrm01_circ_716264	PS_Ct_r01_2016_05_04_L001	5	0.0000	0.0000	1.0000
HAMBI_0403_chrm01_circ_716264	PS_Ct_r01_2016_05_30_L001	5	0.0101	0.0000	1.0000
HAMBI_0403_chrm01_circ_716264	PS_Ct_r01_2016_07_25_L004	5	0.0000	0.0000	1.0000
HAMBI_0403_chrm01_circ_716264	PS_Ct_r01_2016_08_22_L004	5	0.0000	0.0000	1.0000
HAMBI_0403_chrm01_circ_716264	PS_Ct_r01_2016_09_19_L004	5	0.0098	0.0016	1.0000
HAMBI_0403_chrm01_circ_716264	PS_Ct_r01_2016_10_17_L004	5	0.0000	0.0000	1.0000
HAMBI_0403_chrm01_circ_716264	PS_Ct_r01_2016_11_14_L004	5	0.0000	0.0000	1.0000
HAMBI_0403_chrm01_circ_716264	PS_Ct_r01_2016_12_12_L004	5	0.0000	0.0000	1.0000
HAMBI_0403_chrm01_circ_716264	PS_Ct_r01_2017_01_09_L002	5	0.0000	0.0000	1.0000
HAMBI_0403_chrm01_circ_716264	PS_Ct_r01_2017_02_06_L004	5	0.0000	0.0000	1.0000
HAMBI_0403_chrm01_circ_716264	PS_Ct_r01_2017_03_06_L001	5	0.0000	0.0000	1.0000
HAMBI_0403_chrm01_circ_716264	PS_Ct_r01_2017_04_03_L001	5	0.0000	0.0000	1.0000
HAMBI_0403_chrm01_circ_716264	PS_Ct_r01_2017_05_29_L001	5	0.0000	0.0001	1.0000
HAMBI_0403_chrm01_circ_716264	PS_Ct_r01_2017_07_24_L001	5	0.0059	0.0050	1.0000
HAMBI_0403_chrm01_circ_716264	PS_Ct_r01_2017_08_21_L002	5	0.0000	0.0000	1.0000
HAMBI_0403_chrm01_circ_780364	PS_Ct_r01_2015_08_24_L001	5	0.0000	0.0000	1.0000
HAMBI_0403_chrm01_circ_780364	PS_Ct_r01_2015_09_21_L001	5	0.0101	0.0000	1.0000
HAMBI_0403_chrm01_circ_780364	PS_Ct_r01_2015_10_19_L001	5	0.0101	0.0000	1.0000
HAMBI_0403_chrm01_circ_780364	PS_Ct_r01_2015_11_16_L002	5	0.0233	0.0046	1.0000
HAMBI_0403_chrm01_circ_780364	PS_Ct_r01_2015_12_14_L002	5	0.1765	0.0053	1.0000
HAMBI_0403_chrm01_circ_780364	PS_Ct_r01_2016_01_11_L002	5	0.1721	0.0049	1.0000
HAMBI_0403_chrm01_circ_780364	PS_Ct_r01_2016_02_08_L002	5	0.1135	0.0045	1.0000
HAMBI_0403_chrm01_circ_780364	PS_Ct_r01_2016_03_07_L001	5	0.0507	0.0016	1.0000
HAMBI_0403_chrm01_circ_780364	PS_Ct_r01_2016_04_03_L001	5	0.1205	0.0038	1.0000
HAMBI_0403_chrm01_circ_780364	PS_Ct_r01_2016_05_04_L001	5	0.0000	0.0000	1.0000
HAMBI_0403_chrm01_circ_780364	PS_Ct_r01_2016_05_30_L001	5	0.0101	0.0000	1.0000
HAMBI_0403_chrm01_circ_780364	PS_Ct_r01_2016_07_25_L004	5	0.0000	0.0000	1.0000
HAMBI_0403_chrm01_circ_780364	PS_Ct_r01_2016_08_22_L004	5	0.0000	0.0000	1.0000
HAMBI_0403_chrm01_circ_780364	PS_Ct_r01_2016_09_19_L004	5	0.0098	0.0016	1.0000
HAMBI_0403_chrm01_circ_780364	PS_Ct_r01_2016_10_17_L004	5	0.0000	0.0000	1.0000
HAMBI_0403_chrm01_circ_780364	PS_Ct_r01_2016_11_14_L004	5	0.0000	0.0000	1.0000
HAMBI_0403_chrm01_circ_780364	PS_Ct_r01_2016_12_12_L004	5	0.0000	0.0000	1.0000
HAMBI_0403_chrm01_circ_780364	PS_Ct_r01_2017_01_09_L002	5	0.0000	0.0000	1.0000
HAMBI_0403_chrm01_circ_780364	PS_Ct_r01_2017_02_06_L004	5	0.0000	0.0000	1.0000
HAMBI_0403_chrm01_circ_780364	PS_Ct_r01_2017_03_06_L001	5	0.0000	0.0000	1.0000
HAMBI_0403_chrm01_circ_780364	PS_Ct_r01_2017_04_03_L001	5	0.0000	0.0000	1.0000
HAMBI_0403_chrm01_circ_780364	PS_Ct_r01_2017_05_29_L001	5	0.0000	0.0001	1.0000
HAMBI_0403_chrm01_circ_780364	PS_Ct_r01_2017_07_24_L001	5	0.0059	0.0050	1.0000
HAMBI_0403_chrm01_circ_780364	PS_Ct_r01_2017_08_21_L002	5	0.0000	0.0000	1.0000
HAMBI_0403_chrm01_circ_85339	PS_Ct_r01_2015_08_24_L001	5	0.0000	0.0000	1.0000
HAMBI_0403_chrm01_circ_85339	PS_Ct_r01_2015_09_21_L001	5	0.0101	0.0000	1.0000
HAMBI_0403_chrm01_circ_85339	PS_Ct_r01_2015_10_19_L001	5	0.0101	0.0000	1.0000
HAMBI_0403_chrm01_circ_85339	PS_Ct_r01_2015_11_16_L002	5	0.0233	0.0046	1.0000
HAMBI_0403_chrm01_circ_85339	PS_Ct_r01_2015_12_14_L002	5	0.1765	0.0053	1.0000
HAMBI_0403_chrm01_circ_85339	PS_Ct_r01_2016_01_11_L002	5	0.1721	0.0049	1.0000
HAMBI_0403_chrm01_circ_85339	PS_Ct_r01_2016_02_08_L002	5	0.1135	0.0045	1.0000
HAMBI_0403_chrm01_circ_85339	PS_Ct_r01_2016_03_07_L001	5	0.0507	0.0016	1.0000
HAMBI_0403_chrm01_circ_85339	PS_Ct_r01_2016_04_03_L001	5	0.1205	0.0038	1.0000
HAMBI_0403_chrm01_circ_85339	PS_Ct_r01_2016_05_04_L001	5	0.0000	0.0000	1.0000
HAMBI_0403_chrm01_circ_85339	PS_Ct_r01_2016_05_30_L001	5	0.0101	0.0000	1.0000
HAMBI_0403_chrm01_circ_85339	PS_Ct_r01_2016_07_25_L004	5	0.0000	0.0000	1.0000
HAMBI_0403_chrm01_circ_85339	PS_Ct_r01_2016_08_22_L004	5	0.0000	0.0000	1.0000
HAMBI_0403_chrm01_circ_85339	PS_Ct_r01_2016_09_19_L004	5	0.0098	0.0016	1.0000
HAMBI_0403_chrm01_circ_85339	PS_Ct_r01_2016_10_17_L004	5	0.0000	0.0000	1.0000
HAMBI_0403_chrm01_circ_85339	PS_Ct_r01_2016_11_14_L004	5	0.0000	0.0000	1.0000
HAMBI_0403_chrm01_circ_85339	PS_Ct_r01_2016_12_12_L004	5	0.0000	0.0000	1.0000
HAMBI_0403_chrm01_circ_85339	PS_Ct_r01_2017_01_09_L002	5	0.0000	0.0000	1.0000
HAMBI_0403_chrm01_circ_85339	PS_Ct_r01_2017_02_06_L004	5	0.0000	0.0000	1.0000
HAMBI_0403_chrm01_circ_85339	PS_Ct_r01_2017_03_06_L001	5	0.0000	0.0000	1.0000
HAMBI_0403_chrm01_circ_85339	PS_Ct_r01_2017_04_03_L001	5	0.0000	0.0000	1.0000
HAMBI_0403_chrm01_circ_85339	PS_Ct_r01_2017_05_29_L001	5	0.0000	0.0001	1.0000
HAMBI_0403_chrm01_circ_85339	PS_Ct_r01_2017_07_24_L001	5	0.0059	0.0050	1.0000
HAMBI_0403_chrm01_circ_85339	PS_Ct_r01_2017_08_21_L002	5	0.0000	0.0000	1.0000
HAMBI_0403_chrm01_circ_886013	PS_Ct_r01_2015_08_24_L001	5	0.0000	0.0000	1.0000
HAMBI_0403_chrm01_circ_886013	PS_Ct_r01_2015_09_21_L001	5	0.0101	0.0000	1.0000
HAMBI_0403_chrm01_circ_886013	PS_Ct_r01_2015_10_19_L001	5	0.0101	0.0000	1.0000
HAMBI_0403_chrm01_circ_886013	PS_Ct_r01_2015_11_16_L002	5	0.0233	0.0046	1.0000
HAMBI_0403_chrm01_circ_886013	PS_Ct_r01_2015_12_14_L002	5	0.1765	0.0053	1.0000
HAMBI_0403_chrm01_circ_886013	PS_Ct_r01_2016_01_11_L002	5	0.1721	0.0049	1.0000
HAMBI_0403_chrm01_circ_886013	PS_Ct_r01_2016_02_08_L002	5	0.1135	0.0045	1.0000
HAMBI_0403_chrm01_circ_886013	PS_Ct_r01_2016_03_07_L001	5	0.0507	0.0016	1.0000
HAMBI_0403_chrm01_circ_886013	PS_Ct_r01_2016_04_03_L001	5	0.1205	0.0038	1.0000
HAMBI_0403_chrm01_circ_886013	PS_Ct_r01_2016_05_04_L001	5	0.0000	0.0000	1.0000
HAMBI_0403_chrm01_circ_886013	PS_Ct_r01_2016_05_30_L001	5	0.0101	0.0000	1.0000
HAMBI_0403_chrm01_circ_886013	PS_Ct_r01_2016_07_25_L004	5	0.0000	0.0000	1.0000
HAMBI_0403_chrm01_circ_886013	PS_Ct_r01_2016_08_22_L004	5	0.0000	0.0000	1.0000
HAMBI_0403_chrm01_circ_886013	PS_Ct_r01_2016_09_19_L004	5	0.0098	0.0016	1.0000
HAMBI_0403_chrm01_circ_886013	PS_Ct_r01_2016_10_17_L004	5	0.0000	0.0000	1.0000
HAMBI_0403_chrm01_circ_886013	PS_Ct_r01_2016_11_14_L004	5	0.0000	0.0000	1.0000
HAMBI_0403_chrm01_circ_886013	PS_Ct_r01_2016_12_12_L004	5	0.0000	0.0000	1.0000
HAMBI_0403_chrm01_circ_886013	PS_Ct_r01_2017_01_09_L002	5	0.0000	0.0000	1.0000
HAMBI_0403_chrm01_circ_886013	PS_Ct_r01_2017_02_06_L004	5	0.0000	0.0000	1.0000
HAMBI_0403_chrm01_circ_886013	PS_Ct_r01_2017_03_06_L001	5	0.0000	0.0000	1.0000
HAMBI_0403_chrm01_circ_886013	PS_Ct_r01_2017_04_03_L001	5	0.0000	0.0000	1.0000
HAMBI_0403_chrm01_circ_886013	PS_Ct_r01_2017_05_29_L001	5	0.0000	0.0001	1.0000
HAMBI_0403_chrm01_circ_886013	PS_Ct_r01_2017_07_24_L001	5	0.0059	0.0050	1.0000
HAMBI_0403_chrm01_circ_886013	PS_Ct_r01_2017_08_21_L002	5	0.0000	0.0000	1.0000
HAMBI_0403_chrm01_circ_893479	PS_Ct_r01_2015_08_24_L001	5	0.0000	0.0000	1.0000
HAMBI_0403_chrm01_circ_893479	PS_Ct_r01_2015_09_21_L001	5	0.0101	0.0000	1.0000
HAMBI_0403_chrm01_circ_893479	PS_Ct_r01_2015_10_19_L001	5	0.0101	0.0000	1.0000
HAMBI_0403_chrm01_circ_893479	PS_Ct_r01_2015_11_16_L002	5	0.0233	0.0046	1.0000
HAMBI_0403_chrm01_circ_893479	PS_Ct_r01_2015_12_14_L002	5	0.1765	0.0053	1.0000
HAMBI_0403_chrm01_circ_893479	PS_Ct_r01_2016_01_11_L002	5	0.1721	0.0049	1.0000
HAMBI_0403_chrm01_circ_893479	PS_Ct_r01_2016_02_08_L002	5	0.1135	0.0045	1.0000
HAMBI_0403_chrm01_circ_893479	PS_Ct_r01_2016_03_07_L001	5	0.0507	0.0016	1.0000
HAMBI_0403_chrm01_circ_893479	PS_Ct_r01_2016_04_03_L001	5	0.1205	0.0038	1.0000
HAMBI_0403_chrm01_circ_893479	PS_Ct_r01_2016_05_04_L001	5	0.0000	0.0000	1.0000
HAMBI_0403_chrm01_circ_893479	PS_Ct_r01_2016_05_30_L001	5	0.0101	0.0000	1.0000
HAMBI_0403_chrm01_circ_893479	PS_Ct_r01_2016_07_25_L004	5	0.0000	0.0000	1.0000
HAMBI_0403_chrm01_circ_893479	PS_Ct_r01_2016_08_22_L004	5	0.0000	0.0000	1.0000
HAMBI_0403_chrm01_circ_893479	PS_Ct_r01_2016_09_19_L004	5	0.0098	0.0016	1.0000
HAMBI_0403_chrm01_circ_893479	PS_Ct_r01_2016_10_17_L004	5	0.0000	0.0000	1.0000
HAMBI_0403_chrm01_circ_893479	PS_Ct_r01_2016_11_14_L004	5	0.0000	0.0000	1.0000
HAMBI_0403_chrm01_circ_893479	PS_Ct_r01_2016_12_12_L004	5	0.0000	0.0000	1.0000
HAMBI_0403_chrm01_circ_893479	PS_Ct_r01_2017_01_09_L002	5	0.0000	0.0000	1.0000
HAMBI_0403_chrm01_circ_893479	PS_Ct_r01_2017_02_06_L004	5	0.0000	0.0000	1.0000
HAMBI_0403_chrm01_circ_893479	PS_Ct_r01_2017_03_06_L001	5	0.0000	0.0000	1.0000
HAMBI_0403_chrm01_circ_893479	PS_Ct_r01_2017_04_03_L001	5	0.0000	0.0000	1.0000
HAMBI_0403_chrm01_circ_893479	PS_Ct_r01_2017_05_29_L001	5	0.0000	0.0001	1.0000
HAMBI_0403_chrm01_circ_893479	PS_Ct_r01_2017_07_24_L001	5	0.0059	0.0050	1.0000
HAMBI_0403_chrm01_circ_893479	PS_Ct_r01_2017_08_21_L002	5	0.0000	0.0000	1.0000
HAMBI_0403_chrm01_circ_899098	PS_Ct_r01_2015_08_24_L001	5	0.0000	0.0000	1.0000
HAMBI_0403_chrm01_circ_899098	PS_Ct_r01_2015_09_21_L001	5	0.0101	0.0000	1.0000
HAMBI_0403_chrm01_circ_899098	PS_Ct_r01_2015_10_19_L001	5	0.0101	0.0000	1.0000
HAMBI_0403_chrm01_circ_899098	PS_Ct_r01_2015_11_16_L002	5	0.0233	0.0046	1.0000
HAMBI_0403_chrm01_circ_899098	PS_Ct_r01_2015_12_14_L002	5	0.1765	0.0053	1.0000
HAMBI_0403_chrm01_circ_899098	PS_Ct_r01_2016_01_11_L002	5	0.1721	0.0049	1.0000
HAMBI_0403_chrm01_circ_899098	PS_Ct_r01_2016_02_08_L002	5	0.1135	0.0045	1.0000
HAMBI_0403_chrm01_circ_899098	PS_Ct_r01_2016_03_07_L001	5	0.0507	0.0016	1.0000
HAMBI_0403_chrm01_circ_899098	PS_Ct_r01_2016_04_03_L001	5	0.1205	0.0038	1.0000
HAMBI_0403_chrm01_circ_899098	PS_Ct_r01_2016_05_04_L001	5	0.0000	0.0000	1.0000
HAMBI_0403_chrm01_circ_899098	PS_Ct_r01_2016_05_30_L001	5	0.0101	0.0000	1.0000
HAMBI_0403_chrm01_circ_899098	PS_Ct_r01_2016_07_25_L004	5	0.0000	0.0000	1.0000
HAMBI_0403_chrm01_circ_899098	PS_Ct_r01_2016_08_22_L004	5	0.0000	0.0000	1.0000
HAMBI_0403_chrm01_circ_899098	PS_Ct_r01_2016_09_19_L004	5	0.0098	0.0016	1.0000
HAMBI_0403_chrm01_circ_899098	PS_Ct_r01_2016_10_17_L004	5	0.0000	0.0000	1.0000
HAMBI_0403_chrm01_circ_899098	PS_Ct_r01_2016_11_14_L004	5	0.0000	0.0000	1.0000
HAMBI_0403_chrm01_circ_899098	PS_Ct_r01_2016_12_12_L004	5	0.0000	0.0000	1.0000
HAMBI_0403_chrm01_circ_899098	PS_Ct_r01_2017_01_09_L002	5	0.0000	0.0000	1.0000
HAMBI_0403_chrm01_circ_899098	PS_Ct_r01_2017_02_06_L004	5	0.0000	0.0000	1.0000
HAMBI_0403_chrm01_circ_899098	PS_Ct_r01_2017_03_06_L001	5	0.0000	0.0000	1.0000
HAMBI_0403_chrm01_circ_899098	PS_Ct_r01_2017_04_03_L001	5	0.0000	0.0000	1.0000
HAMBI_0403_chrm01_circ_899098	PS_Ct_r01_2017_05_29_L001	5	0.0000	0.0001	1.0000
HAMBI_0403_chrm01_circ_899098	PS_Ct_r01_2017_07_24_L001	5	0.0059	0.0050	1.0000
HAMBI_0403_chrm01_circ_899098	PS_Ct_r01_2017_08_21_L002	5	0.0000	0.0000	1.0000
HAMBI_0403_chrm01_circ_986975	PS_Ct_r01_2015_08_24_L001	5	0.0000	0.0000	1.0000
HAMBI_0403_chrm01_circ_986975	PS_Ct_r01_2015_09_21_L001	5	0.0101	0.0000	1.0000
HAMBI_0403_chrm01_circ_986975	PS_Ct_r01_2015_10_19_L001	5	0.0101	0.0000	1.0000
HAMBI_0403_chrm01_circ_986975	PS_Ct_r01_2015_11_16_L002	5	0.0233	0.0046	1.0000
HAMBI_0403_chrm01_circ_986975	PS_Ct_r01_2015_12_14_L002	5	0.1765	0.0053	1.0000
HAMBI_0403_chrm01_circ_986975	PS_Ct_r01_2016_01_11_L002	5	0.1721	0.0049	1.0000
HAMBI_0403_chrm01_circ_986975	PS_Ct_r01_2016_02_08_L002	5	0.1135	0.0045	1.0000
HAMBI_0403_chrm01_circ_986975	PS_Ct_r01_2016_03_07_L001	5	0.0507	0.0016	1.0000
HAMBI_0403_chrm01_circ_986975	PS_Ct_r01_2016_04_03_L001	5	0.1205	0.0038	1.0000
HAMBI_0403_chrm01_circ_986975	PS_Ct_r01_2016_05_04_L001	5	0.0000	0.0000	1.0000
HAMBI_0403_chrm01_circ_986975	PS_Ct_r01_2016_05_30_L001	5	0.0101	0.0000	1.0000
HAMBI_0403_chrm01_circ_986975	PS_Ct_r01_2016_07_25_L004	5	0.0000	0.0000	1.0000
HAMBI_0403_chrm01_circ_986975	PS_Ct_r01_2016_08_22_L004	5	0.0000	0.0000	1.0000
HAMBI_0403_chrm01_circ_986975	PS_Ct_r01_2016_09_19_L004	5	0.0098	0.0016	1.0000
HAMBI_0403_chrm01_circ_986975	PS_Ct_r01_2016_10_17_L004	5	0.0000	0.0000	1.0000
HAMBI_0403_chrm01_circ_986975	PS_Ct_r01_2016_11_14_L004	5	0.0000	0.0000	1.0000
HAMBI_0403_chrm01_circ_986975	PS_Ct_r01_2016_12_12_L004	5	0.0000	0.0000	1.0000
HAMBI_0403_chrm01_circ_986975	PS_Ct_r01_2017_01_09_L002	5	0.0000	0.0000	1.0000
HAMBI_0403_chrm01_circ_986975	PS_Ct_r01_2017_02_06_L004	5	0.0000	0.0000	1.0000
HAMBI_0403_chrm01_circ_986975	PS_Ct_r01_2017_03_06_L001	5	0.0000	0.0000	1.0000
HAMBI_0403_chrm01_circ_986975	PS_Ct_r01_2017_04_03_L001	5	0.0000	0.0000	1.0000
HAMBI_0403_chrm01_circ_986975	PS_Ct_r01_2017_05_29_L001	5	0.0000	0.0001	1.0000
HAMBI_0403_chrm01_circ_986975	PS_Ct_r01_2017_07_24_L001	5	0.0059	0.0050	1.0000
HAMBI_0403_chrm01_circ_986975	PS_Ct_r01_2017_08_21_L002	5	0.0000	0.0000	1.0000
HAMBI_0403_chrm01_circ_1221483	PS_Ct_r01_2015_08_24_L001	6	0.0000	0.0000	1.0000
HAMBI_0403_chrm01_circ_1221483	PS_Ct_r01_2015_09_21_L001	6	0.0000	0.0000	1.0000
HAMBI_0403_chrm01_circ_1221483	PS_Ct_r01_2015_10_19_L001	6	0.0000	0.0000	1.0000
HAMBI_0403_chrm01_circ_1221483	PS_Ct_r01_2015_11_16_L002	6	0.0101	0.0000	1.0000
HAMBI_0403_chrm01_circ_1221483	PS_Ct_r01_2015_12_14_L002	6	0.0000	0.0002	1.0000
HAMBI_0403_chrm01_circ_1221483	PS_Ct_r01_2016_01_11_L002	6	0.0101	0.0002	1.0000
HAMBI_0403_chrm01_circ_1221483	PS_Ct_r01_2016_02_08_L002	6	0.0101	0.0007	1.0000
HAMBI_0403_chrm01_circ_1221483	PS_Ct_r01_2016_03_07_L001	6	0.0101	0.0000	1.0000
HAMBI_0403_chrm01_circ_1221483	PS_Ct_r01_2016_04_03_L001	6	0.0206	0.0019	1.0000
HAMBI_0403_chrm01_circ_1221483	PS_Ct_r01_2016_05_04_L001	6	0.0000	0.0002	1.0000
HAMBI_0403_chrm01_circ_1221483	PS_Ct_r01_2016_05_30_L001	6	0.0101	0.0000	1.0000
HAMBI_0403_chrm01_circ_1221483	PS_Ct_r01_2016_07_25_L004	6	0.0101	0.0001	1.0000
HAMBI_0403_chrm01_circ_1221483	PS_Ct_r01_2016_08_22_L004	6	0.0101	0.0005	1.0000
HAMBI_0403_chrm01_circ_1221483	PS_Ct_r01_2016_09_19_L004	6	0.0845	0.0068	1.0000
HAMBI_0403_chrm01_circ_1221483	PS_Ct_r01_2016_10_17_L004	6	0.2377	0.0100	1.0000
HAMBI_0403_chrm01_circ_1221483	PS_Ct_r01_2016_11_14_L004	6	0.3358	0.0112	1.0000
HAMBI_0403_chrm01_circ_1221483	PS_Ct_r01_2016_12_12_L004	6	0.3967	0.0108	1.0000
HAMBI_0403_chrm01_circ_1221483	PS_Ct_r01_2017_01_09_L002	6	0.2967	0.0100	1.0000
HAMBI_0403_chrm01_circ_1221483	PS_Ct_r01_2017_02_06_L004	6	0.2192	0.0103	1.0000
HAMBI_0403_chrm01_circ_1221483	PS_Ct_r01_2017_03_06_L001	6	0.3173	0.0102	1.0000
HAMBI_0403_chrm01_circ_1221483	PS_Ct_r01_2017_04_03_L001	6	0.2700	0.0088	1.0000
HAMBI_0403_chrm01_circ_1221483	PS_Ct_r01_2017_05_29_L001	6	0.3067	0.0102	1.0000
HAMBI_0403_chrm01_circ_1221483	PS_Ct_r01_2017_07_24_L001	6	0.5268	0.0109	1.0000
HAMBI_0403_chrm01_circ_1221483	PS_Ct_r01_2017_08_21_L002	6	0.4807	0.0110	1.0000
HAMBI_0403_chrm01_circ_1264902	PS_Ct_r01_2015_08_24_L001	6	0.0000	0.0000	1.0000
HAMBI_0403_chrm01_circ_1264902	PS_Ct_r01_2015_09_21_L001	6	0.0000	0.0000	1.0000
HAMBI_0403_chrm01_circ_1264902	PS_Ct_r01_2015_10_19_L001	6	0.0000	0.0000	1.0000
HAMBI_0403_chrm01_circ_1264902	PS_Ct_r01_2015_11_16_L002	6	0.0101	0.0000	1.0000
HAMBI_0403_chrm01_circ_1264902	PS_Ct_r01_2015_12_14_L002	6	0.0000	0.0002	1.0000
HAMBI_0403_chrm01_circ_1264902	PS_Ct_r01_2016_01_11_L002	6	0.0101	0.0002	1.0000
HAMBI_0403_chrm01_circ_1264902	PS_Ct_r01_2016_02_08_L002	6	0.0101	0.0007	1.0000
HAMBI_0403_chrm01_circ_1264902	PS_Ct_r01_2016_03_07_L001	6	0.0101	0.0000	1.0000
HAMBI_0403_chrm01_circ_1264902	PS_Ct_r01_2016_04_03_L001	6	0.0206	0.0019	1.0000
HAMBI_0403_chrm01_circ_1264902	PS_Ct_r01_2016_05_04_L001	6	0.0000	0.0002	1.0000
HAMBI_0403_chrm01_circ_1264902	PS_Ct_r01_2016_05_30_L001	6	0.0101	0.0000	1.0000
HAMBI_0403_chrm01_circ_1264902	PS_Ct_r01_2016_07_25_L004	6	0.0101	0.0001	1.0000
HAMBI_0403_chrm01_circ_1264902	PS_Ct_r01_2016_08_22_L004	6	0.0101	0.0005	1.0000
HAMBI_0403_chrm01_circ_1264902	PS_Ct_r01_2016_09_19_L004	6	0.0845	0.0068	1.0000
HAMBI_0403_chrm01_circ_1264902	PS_Ct_r01_2016_10_17_L004	6	0.2377	0.0100	1.0000
HAMBI_0403_chrm01_circ_1264902	PS_Ct_r01_2016_11_14_L004	6	0.3358	0.0112	1.0000
HAMBI_0403_chrm01_circ_1264902	PS_Ct_r01_2016_12_12_L004	6	0.3967	0.0108	1.0000
HAMBI_0403_chrm01_circ_1264902	PS_Ct_r01_2017_01_09_L002	6	0.2967	0.0100	1.0000
HAMBI_0403_chrm01_circ_1264902	PS_Ct_r01_2017_02_06_L004	6	0.2192	0.0103	1.0000
HAMBI_0403_chrm01_circ_1264902	PS_Ct_r01_2017_03_06_L001	6	0.3173	0.0102	1.0000
HAMBI_0403_chrm01_circ_1264902	PS_Ct_r01_2017_04_03_L001	6	0.2700	0.0088	1.0000
HAMBI_0403_chrm01_circ_1264902	PS_Ct_r01_2017_05_29_L001	6	0.3067	0.0102	1.0000
HAMBI_0403_chrm01_circ_1264902	PS_Ct_r01_2017_07_24_L001	6	0.5268	0.0109	1.0000
HAMBI_0403_chrm01_circ_1264902	PS_Ct_r01_2017_08_21_L002	6	0.4807	0.0110	1.0000
HAMBI_0403_chrm01_circ_1330607	PS_Ct_r01_2015_08_24_L001	6	0.0000	0.0000	1.0000
HAMBI_0403_chrm01_circ_1330607	PS_Ct_r01_2015_09_21_L001	6	0.0000	0.0000	1.0000
HAMBI_0403_chrm01_circ_1330607	PS_Ct_r01_2015_10_19_L001	6	0.0000	0.0000	1.0000
HAMBI_0403_chrm01_circ_1330607	PS_Ct_r01_2015_11_16_L002	6	0.0101	0.0000	1.0000
HAMBI_0403_chrm01_circ_1330607	PS_Ct_r01_2015_12_14_L002	6	0.0000	0.0002	1.0000
HAMBI_0403_chrm01_circ_1330607	PS_Ct_r01_2016_01_11_L002	6	0.0101	0.0002	1.0000
HAMBI_0403_chrm01_circ_1330607	PS_Ct_r01_2016_02_08_L002	6	0.0101	0.0007	1.0000
HAMBI_0403_chrm01_circ_1330607	PS_Ct_r01_2016_03_07_L001	6	0.0101	0.0000	1.0000
HAMBI_0403_chrm01_circ_1330607	PS_Ct_r01_2016_04_03_L001	6	0.0206	0.0019	1.0000
HAMBI_0403_chrm01_circ_1330607	PS_Ct_r01_2016_05_04_L001	6	0.0000	0.0002	1.0000
HAMBI_0403_chrm01_circ_1330607	PS_Ct_r01_2016_05_30_L001	6	0.0101	0.0000	1.0000
HAMBI_0403_chrm01_circ_1330607	PS_Ct_r01_2016_07_25_L004	6	0.0101	0.0001	1.0000
HAMBI_0403_chrm01_circ_1330607	PS_Ct_r01_2016_08_22_L004	6	0.0101	0.0005	1.0000
HAMBI_0403_chrm01_circ_1330607	PS_Ct_r01_2016_09_19_L004	6	0.0845	0.0068	1.0000
HAMBI_0403_chrm01_circ_1330607	PS_Ct_r01_2016_10_17_L004	6	0.2377	0.0100	1.0000
HAMBI_0403_chrm01_circ_1330607	PS_Ct_r01_2016_11_14_L004	6	0.3358	0.0112	1.0000
HAMBI_0403_chrm01_circ_1330607	PS_Ct_r01_2016_12_12_L004	6	0.3967	0.0108	1.0000
HAMBI_0403_chrm01_circ_1330607	PS_Ct_r01_2017_01_09_L002	6	0.2967	0.0100	1.0000
HAMBI_0403_chrm01_circ_1330607	PS_Ct_r01_2017_02_06_L004	6	0.2192	0.0103	1.0000
HAMBI_0403_chrm01_circ_1330607	PS_Ct_r01_2017_03_06_L001	6	0.3173	0.0102	1.0000
HAMBI_0403_chrm01_circ_1330607	PS_Ct_r01_2017_04_03_L001	6	0.2700	0.0088	1.0000
HAMBI_0403_chrm01_circ_1330607	PS_Ct_r01_2017_05_29_L001	6	0.3067	0.0102	1.0000
HAMBI_0403_chrm01_circ_1330607	PS_Ct_r01_2017_07_24_L001	6	0.5268	0.0109	1.0000
HAMBI_0403_chrm01_circ_1330607	PS_Ct_r01_2017_08_21_L002	6	0.4807	0.0110	1.0000
HAMBI_0403_chrm01_circ_1356496	PS_Ct_r01_2015_08_24_L001	6	0.0000	0.0000	1.0000
HAMBI_0403_chrm01_circ_1356496	PS_Ct_r01_2015_09_21_L001	6	0.0000	0.0000	1.0000
HAMBI_0403_chrm01_circ_1356496	PS_Ct_r01_2015_10_19_L001	6	0.0000	0.0000	1.0000
HAMBI_0403_chrm01_circ_1356496	PS_Ct_r01_2015_11_16_L002	6	0.0101	0.0000	1.0000
HAMBI_0403_chrm01_circ_1356496	PS_Ct_r01_2015_12_14_L002	6	0.0000	0.0002	1.0000
HAMBI_0403_chrm01_circ_1356496	PS_Ct_r01_2016_01_11_L002	6	0.0101	0.0002	1.0000
HAMBI_0403_chrm01_circ_1356496	PS_Ct_r01_2016_02_08_L002	6	0.0101	0.0007	1.0000
HAMBI_0403_chrm01_circ_1356496	PS_Ct_r01_2016_03_07_L001	6	0.0101	0.0000	1.0000
HAMBI_0403_chrm01_circ_1356496	PS_Ct_r01_2016_04_03_L001	6	0.0206	0.0019	1.0000
HAMBI_0403_chrm01_circ_1356496	PS_Ct_r01_2016_05_04_L001	6	0.0000	0.0002	1.0000
HAMBI_0403_chrm01_circ_1356496	PS_Ct_r01_2016_05_30_L001	6	0.0101	0.0000	1.0000
HAMBI_0403_chrm01_circ_1356496	PS_Ct_r01_2016_07_25_L004	6	0.0101	0.0001	1.0000
HAMBI_0403_chrm01_circ_1356496	PS_Ct_r01_2016_08_22_L004	6	0.0101	0.0005	1.0000
HAMBI_0403_chrm01_circ_1356496	PS_Ct_r01_2016_09_19_L004	6	0.0845	0.0068	1.0000
HAMBI_0403_chrm01_circ_1356496	PS_Ct_r01_2016_10_17_L004	6	0.2377	0.0100	1.0000
HAMBI_0403_chrm01_circ_1356496	PS_Ct_r01_2016_11_14_L004	6	0.3358	0.0112	1.0000
HAMBI_0403_chrm01_circ_1356496	PS_Ct_r01_2016_12_12_L004	6	0.3967	0.0108	1.0000
HAMBI_0403_chrm01_circ_1356496	PS_Ct_r01_2017_01_09_L002	6	0.2967	0.0100	1.0000
HAMBI_0403_chrm01_circ_1356496	PS_Ct_r01_2017_02_06_L004	6	0.2192	0.0103	1.0000
HAMBI_0403_chrm01_circ_1356496	PS_Ct_r01_2017_03_06_L001	6	0.3173	0.0102	1.0000
HAMBI_0403_chrm01_circ_1356496	PS_Ct_r01_2017_04_03_L001	6	0.2700	0.0088	1.0000
HAMBI_0403_chrm01_circ_1356496	PS_Ct_r01_2017_05_29_L001	6	0.3067	0.0102	1.0000
HAMBI_0403_chrm01_circ_1356496	PS_Ct_r01_2017_07_24_L001	6	0.5268	0.0109	1.0000
HAMBI_0403_chrm01_circ_1356496	PS_Ct_r01_2017_08_21_L002	6	0.4807	0.0110	1.0000
HAMBI_0403_chrm01_circ_1434430	PS_Ct_r01_2015_08_24_L001	6	0.0000	0.0000	1.0000
HAMBI_0403_chrm01_circ_1434430	PS_Ct_r01_2015_09_21_L001	6	0.0000	0.0000	1.0000
HAMBI_0403_chrm01_circ_1434430	PS_Ct_r01_2015_10_19_L001	6	0.0000	0.0000	1.0000
HAMBI_0403_chrm01_circ_1434430	PS_Ct_r01_2015_11_16_L002	6	0.0101	0.0000	1.0000
HAMBI_0403_chrm01_circ_1434430	PS_Ct_r01_2015_12_14_L002	6	0.0000	0.0002	1.0000
HAMBI_0403_chrm01_circ_1434430	PS_Ct_r01_2016_01_11_L002	6	0.0101	0.0002	1.0000
HAMBI_0403_chrm01_circ_1434430	PS_Ct_r01_2016_02_08_L002	6	0.0101	0.0007	1.0000
HAMBI_0403_chrm01_circ_1434430	PS_Ct_r01_2016_03_07_L001	6	0.0101	0.0000	1.0000
HAMBI_0403_chrm01_circ_1434430	PS_Ct_r01_2016_04_03_L001	6	0.0206	0.0019	1.0000
HAMBI_0403_chrm01_circ_1434430	PS_Ct_r01_2016_05_04_L001	6	0.0000	0.0002	1.0000
HAMBI_0403_chrm01_circ_1434430	PS_Ct_r01_2016_05_30_L001	6	0.0101	0.0000	1.0000
HAMBI_0403_chrm01_circ_1434430	PS_Ct_r01_2016_07_25_L004	6	0.0101	0.0001	1.0000
HAMBI_0403_chrm01_circ_1434430	PS_Ct_r01_2016_08_22_L004	6	0.0101	0.0005	1.0000
HAMBI_0403_chrm01_circ_1434430	PS_Ct_r01_2016_09_19_L004	6	0.0845	0.0068	1.0000
HAMBI_0403_chrm01_circ_1434430	PS_Ct_r01_2016_10_17_L004	6	0.2377	0.0100	1.0000
HAMBI_0403_chrm01_circ_1434430	PS_Ct_r01_2016_11_14_L004	6	0.3358	0.0112	1.0000
HAMBI_0403_chrm01_circ_1434430	PS_Ct_r01_2016_12_12_L004	6	0.3967	0.0108	1.0000
HAMBI_0403_chrm01_circ_1434430	PS_Ct_r01_2017_01_09_L002	6	0.2967	0.0100	1.0000
HAMBI_0403_chrm01_circ_1434430	PS_Ct_r01_2017_02_06_L004	6	0.2192	0.0103	1.0000
HAMBI_0403_chrm01_circ_1434430	PS_Ct_r01_2017_03_06_L001	6	0.3173	0.0102	1.0000
HAMBI_0403_chrm01_circ_1434430	PS_Ct_r01_2017_04_03_L001	6	0.2700	0.0088	1.0000
HAMBI_0403_chrm01_circ_1434430	PS_Ct_r01_2017_05_29_L001	6	0.3067	0.0102	1.0000
HAMBI_0403_chrm01_circ_1434430	PS_Ct_r01_2017_07_24_L001	6	0.5268	0.0109	1.0000
HAMBI_0403_chrm01_circ_1434430	PS_Ct_r01_2017_08_21_L002	6	0.4807	0.0110	1.0000
HAMBI_0403_chrm01_circ_17208	PS_Ct_r01_2015_08_24_L001	6	0.0000	0.0000	1.0000
HAMBI_0403_chrm01_circ_17208	PS_Ct_r01_2015_09_21_L001	6	0.0000	0.0000	1.0000
HAMBI_0403_chrm01_circ_17208	PS_Ct_r01_2015_10_19_L001	6	0.0000	0.0000	1.0000
HAMBI_0403_chrm01_circ_17208	PS_Ct_r01_2015_11_16_L002	6	0.0101	0.0000	1.0000
HAMBI_0403_chrm01_circ_17208	PS_Ct_r01_2015_12_14_L002	6	0.0000	0.0002	1.0000
HAMBI_0403_chrm01_circ_17208	PS_Ct_r01_2016_01_11_L002	6	0.0101	0.0002	1.0000
HAMBI_0403_chrm01_circ_17208	PS_Ct_r01_2016_02_08_L002	6	0.0101	0.0007	1.0000
HAMBI_0403_chrm01_circ_17208	PS_Ct_r01_2016_03_07_L001	6	0.0101	0.0000	1.0000
HAMBI_0403_chrm01_circ_17208	PS_Ct_r01_2016_04_03_L001	6	0.0206	0.0019	1.0000
HAMBI_0403_chrm01_circ_17208	PS_Ct_r01_2016_05_04_L001	6	0.0000	0.0002	1.0000
HAMBI_0403_chrm01_circ_17208	PS_Ct_r01_2016_05_30_L001	6	0.0101	0.0000	1.0000
HAMBI_0403_chrm01_circ_17208	PS_Ct_r01_2016_07_25_L004	6	0.0101	0.0001	1.0000
HAMBI_0403_chrm01_circ_17208	PS_Ct_r01_2016_08_22_L004	6	0.0101	0.0005	1.0000
HAMBI_0403_chrm01_circ_17208	PS_Ct_r01_2016_09_19_L004	6	0.0845	0.0068	1.0000
HAMBI_0403_chrm01_circ_17208	PS_Ct_r01_2016_10_17_L004	6	0.2377	0.0100	1.0000
HAMBI_0403_chrm01_circ_17208	PS_Ct_r01_2016_11_14_L004	6	0.3358	0.0112	1.0000
HAMBI_0403_chrm01_circ_17208	PS_Ct_r01_2016_12_12_L004	6	0.3967	0.0108	1.0000
HAMBI_0403_chrm01_circ_17208	PS_Ct_r01_2017_01_09_L002	6	0.2967	0.0100	1.0000
HAMBI_0403_chrm01_circ_17208	PS_Ct_r01_2017_02_06_L004	6	0.2192	0.0103	1.0000
HAMBI_0403_chrm01_circ_17208	PS_Ct_r01_2017_03_06_L001	6	0.3173	0.0102	1.0000
HAMBI_0403_chrm01_circ_17208	PS_Ct_r01_2017_04_03_L001	6	0.2700	0.0088	1.0000
HAMBI_0403_chrm01_circ_17208	PS_Ct_r01_2017_05_29_L001	6	0.3067	0.0102	1.0000
HAMBI_0403_chrm01_circ_17208	PS_Ct_r01_2017_07_24_L001	6	0.5268	0.0109	1.0000
HAMBI_0403_chrm01_circ_17208	PS_Ct_r01_2017_08_21_L002	6	0.4807	0.0110	1.0000
HAMBI_0403_chrm01_circ_1721597	PS_Ct_r01_2015_08_24_L001	6	0.0000	0.0000	1.0000
HAMBI_0403_chrm01_circ_1721597	PS_Ct_r01_2015_09_21_L001	6	0.0000	0.0000	1.0000
HAMBI_0403_chrm01_circ_1721597	PS_Ct_r01_2015_10_19_L001	6	0.0000	0.0000	1.0000
HAMBI_0403_chrm01_circ_1721597	PS_Ct_r01_2015_11_16_L002	6	0.0101	0.0000	1.0000
HAMBI_0403_chrm01_circ_1721597	PS_Ct_r01_2015_12_14_L002	6	0.0000	0.0002	1.0000
HAMBI_0403_chrm01_circ_1721597	PS_Ct_r01_2016_01_11_L002	6	0.0101	0.0002	1.0000
HAMBI_0403_chrm01_circ_1721597	PS_Ct_r01_2016_02_08_L002	6	0.0101	0.0007	1.0000
HAMBI_0403_chrm01_circ_1721597	PS_Ct_r01_2016_03_07_L001	6	0.0101	0.0000	1.0000
HAMBI_0403_chrm01_circ_1721597	PS_Ct_r01_2016_04_03_L001	6	0.0206	0.0019	1.0000
HAMBI_0403_chrm01_circ_1721597	PS_Ct_r01_2016_05_04_L001	6	0.0000	0.0002	1.0000
HAMBI_0403_chrm01_circ_1721597	PS_Ct_r01_2016_05_30_L001	6	0.0101	0.0000	1.0000
HAMBI_0403_chrm01_circ_1721597	PS_Ct_r01_2016_07_25_L004	6	0.0101	0.0001	1.0000
HAMBI_0403_chrm01_circ_1721597	PS_Ct_r01_2016_08_22_L004	6	0.0101	0.0005	1.0000
HAMBI_0403_chrm01_circ_1721597	PS_Ct_r01_2016_09_19_L004	6	0.0845	0.0068	1.0000
HAMBI_0403_chrm01_circ_1721597	PS_Ct_r01_2016_10_17_L004	6	0.2377	0.0100	1.0000
HAMBI_0403_chrm01_circ_1721597	PS_Ct_r01_2016_11_14_L004	6	0.3358	0.0112	1.0000
HAMBI_0403_chrm01_circ_1721597	PS_Ct_r01_2016_12_12_L004	6	0.3967	0.0108	1.0000
HAMBI_0403_chrm01_circ_1721597	PS_Ct_r01_2017_01_09_L002	6	0.2967	0.0100	1.0000
HAMBI_0403_chrm01_circ_1721597	PS_Ct_r01_2017_02_06_L004	6	0.2192	0.0103	1.0000
HAMBI_0403_chrm01_circ_1721597	PS_Ct_r01_2017_03_06_L001	6	0.3173	0.0102	1.0000
HAMBI_0403_chrm01_circ_1721597	PS_Ct_r01_2017_04_03_L001	6	0.2700	0.0088	1.0000
HAMBI_0403_chrm01_circ_1721597	PS_Ct_r01_2017_05_29_L001	6	0.3067	0.0102	1.0000
HAMBI_0403_chrm01_circ_1721597	PS_Ct_r01_2017_07_24_L001	6	0.5268	0.0109	1.0000
HAMBI_0403_chrm01_circ_1721597	PS_Ct_r01_2017_08_21_L002	6	0.4807	0.0110	1.0000
HAMBI_0403_chrm01_circ_1812262	PS_Ct_r01_2015_08_24_L001	6	0.0000	0.0000	1.0000
HAMBI_0403_chrm01_circ_1812262	PS_Ct_r01_2015_09_21_L001	6	0.0000	0.0000	1.0000
HAMBI_0403_chrm01_circ_1812262	PS_Ct_r01_2015_10_19_L001	6	0.0000	0.0000	1.0000
HAMBI_0403_chrm01_circ_1812262	PS_Ct_r01_2015_11_16_L002	6	0.0101	0.0000	1.0000
HAMBI_0403_chrm01_circ_1812262	PS_Ct_r01_2015_12_14_L002	6	0.0000	0.0002	1.0000
HAMBI_0403_chrm01_circ_1812262	PS_Ct_r01_2016_01_11_L002	6	0.0101	0.0002	1.0000
HAMBI_0403_chrm01_circ_1812262	PS_Ct_r01_2016_02_08_L002	6	0.0101	0.0007	1.0000
HAMBI_0403_chrm01_circ_1812262	PS_Ct_r01_2016_03_07_L001	6	0.0101	0.0000	1.0000
HAMBI_0403_chrm01_circ_1812262	PS_Ct_r01_2016_04_03_L001	6	0.0206	0.0019	1.0000
HAMBI_0403_chrm01_circ_1812262	PS_Ct_r01_2016_05_04_L001	6	0.0000	0.0002	1.0000
HAMBI_0403_chrm01_circ_1812262	PS_Ct_r01_2016_05_30_L001	6	0.0101	0.0000	1.0000
HAMBI_0403_chrm01_circ_1812262	PS_Ct_r01_2016_07_25_L004	6	0.0101	0.0001	1.0000
HAMBI_0403_chrm01_circ_1812262	PS_Ct_r01_2016_08_22_L004	6	0.0101	0.0005	1.0000
HAMBI_0403_chrm01_circ_1812262	PS_Ct_r01_2016_09_19_L004	6	0.0845	0.0068	1.0000
HAMBI_0403_chrm01_circ_1812262	PS_Ct_r01_2016_10_17_L004	6	0.2377	0.0100	1.0000
HAMBI_0403_chrm01_circ_1812262	PS_Ct_r01_2016_11_14_L004	6	0.3358	0.0112	1.0000
HAMBI_0403_chrm01_circ_1812262	PS_Ct_r01_2016_12_12_L004	6	0.3967	0.0108	1.0000
HAMBI_0403_chrm01_circ_1812262	PS_Ct_r01_2017_01_09_L002	6	0.2967	0.0100	1.0000
HAMBI_0403_chrm01_circ_1812262	PS_Ct_r01_2017_02_06_L004	6	0.2192	0.0103	1.0000
HAMBI_0403_chrm01_circ_1812262	PS_Ct_r01_2017_03_06_L001	6	0.3173	0.0102	1.0000
HAMBI_0403_chrm01_circ_1812262	PS_Ct_r01_2017_04_03_L001	6	0.2700	0.0088	1.0000
HAMBI_0403_chrm01_circ_1812262	PS_Ct_r01_2017_05_29_L001	6	0.3067	0.0102	1.0000
HAMBI_0403_chrm01_circ_1812262	PS_Ct_r01_2017_07_24_L001	6	0.5268	0.0109	1.0000
HAMBI_0403_chrm01_circ_1812262	PS_Ct_r01_2017_08_21_L002	6	0.4807	0.0110	1.0000
HAMBI_0403_chrm01_circ_1907511	PS_Ct_r01_2015_08_24_L001	6	0.0000	0.0000	1.0000
HAMBI_0403_chrm01_circ_1907511	PS_Ct_r01_2015_09_21_L001	6	0.0000	0.0000	1.0000
HAMBI_0403_chrm01_circ_1907511	PS_Ct_r01_2015_10_19_L001	6	0.0000	0.0000	1.0000
HAMBI_0403_chrm01_circ_1907511	PS_Ct_r01_2015_11_16_L002	6	0.0101	0.0000	1.0000
HAMBI_0403_chrm01_circ_1907511	PS_Ct_r01_2015_12_14_L002	6	0.0000	0.0002	1.0000
HAMBI_0403_chrm01_circ_1907511	PS_Ct_r01_2016_01_11_L002	6	0.0101	0.0002	1.0000
HAMBI_0403_chrm01_circ_1907511	PS_Ct_r01_2016_02_08_L002	6	0.0101	0.0007	1.0000
HAMBI_0403_chrm01_circ_1907511	PS_Ct_r01_2016_03_07_L001	6	0.0101	0.0000	1.0000
HAMBI_0403_chrm01_circ_1907511	PS_Ct_r01_2016_04_03_L001	6	0.0206	0.0019	1.0000
HAMBI_0403_chrm01_circ_1907511	PS_Ct_r01_2016_05_04_L001	6	0.0000	0.0002	1.0000
HAMBI_0403_chrm01_circ_1907511	PS_Ct_r01_2016_05_30_L001	6	0.0101	0.0000	1.0000
HAMBI_0403_chrm01_circ_1907511	PS_Ct_r01_2016_07_25_L004	6	0.0101	0.0001	1.0000
HAMBI_0403_chrm01_circ_1907511	PS_Ct_r01_2016_08_22_L004	6	0.0101	0.0005	1.0000
HAMBI_0403_chrm01_circ_1907511	PS_Ct_r01_2016_09_19_L004	6	0.0845	0.0068	1.0000
HAMBI_0403_chrm01_circ_1907511	PS_Ct_r01_2016_10_17_L004	6	0.2377	0.0100	1.0000
HAMBI_0403_chrm01_circ_1907511	PS_Ct_r01_2016_11_14_L004	6	0.3358	0.0112	1.0000
HAMBI_0403_chrm01_circ_1907511	PS_Ct_r01_2016_12_12_L004	6	0.3967	0.0108	1.0000
HAMBI_0403_chrm01_circ_1907511	PS_Ct_r01_2017_01_09_L002	6	0.2967	0.0100	1.0000
HAMBI_0403_chrm01_circ_1907511	PS_Ct_r01_2017_02_06_L004	6	0.2192	0.0103	1.0000
HAMBI_0403_chrm01_circ_1907511	PS_Ct_r01_2017_03_06_L001	6	0.3173	0.0102	1.0000
HAMBI_0403_chrm01_circ_1907511	PS_Ct_r01_2017_04_03_L001	6	0.2700	0.0088	1.0000
HAMBI_0403_chrm01_circ_1907511	PS_Ct_r01_2017_05_29_L001	6	0.3067	0.0102	1.0000
HAMBI_0403_chrm01_circ_1907511	PS_Ct_r01_2017_07_24_L001	6	0.5268	0.0109	1.0000
HAMBI_0403_chrm01_circ_1907511	PS_Ct_r01_2017_08_21_L002	6	0.4807	0.0110	1.0000
HAMBI_0403_chrm01_circ_2160411	PS_Ct_r01_2015_08_24_L001	6	0.0000	0.0000	1.0000
HAMBI_0403_chrm01_circ_2160411	PS_Ct_r01_2015_09_21_L001	6	0.0000	0.0000	1.0000
HAMBI_0403_chrm01_circ_2160411	PS_Ct_r01_2015_10_19_L001	6	0.0000	0.0000	1.0000
HAMBI_0403_chrm01_circ_2160411	PS_Ct_r01_2015_11_16_L002	6	0.0101	0.0000	1.0000
HAMBI_0403_chrm01_circ_2160411	PS_Ct_r01_2015_12_14_L002	6	0.0000	0.0002	1.0000
HAMBI_0403_chrm01_circ_2160411	PS_Ct_r01_2016_01_11_L002	6	0.0101	0.0002	1.0000
HAMBI_0403_chrm01_circ_2160411	PS_Ct_r01_2016_02_08_L002	6	0.0101	0.0007	1.0000
HAMBI_0403_chrm01_circ_2160411	PS_Ct_r01_2016_03_07_L001	6	0.0101	0.0000	1.0000
HAMBI_0403_chrm01_circ_2160411	PS_Ct_r01_2016_04_03_L001	6	0.0206	0.0019	1.0000
HAMBI_0403_chrm01_circ_2160411	PS_Ct_r01_2016_05_04_L001	6	0.0000	0.0002	1.0000
HAMBI_0403_chrm01_circ_2160411	PS_Ct_r01_2016_05_30_L001	6	0.0101	0.0000	1.0000
HAMBI_0403_chrm01_circ_2160411	PS_Ct_r01_2016_07_25_L004	6	0.0101	0.0001	1.0000
HAMBI_0403_chrm01_circ_2160411	PS_Ct_r01_2016_08_22_L004	6	0.0101	0.0005	1.0000
HAMBI_0403_chrm01_circ_2160411	PS_Ct_r01_2016_09_19_L004	6	0.0845	0.0068	1.0000
HAMBI_0403_chrm01_circ_2160411	PS_Ct_r01_2016_10_17_L004	6	0.2377	0.0100	1.0000
HAMBI_0403_chrm01_circ_2160411	PS_Ct_r01_2016_11_14_L004	6	0.3358	0.0112	1.0000
HAMBI_0403_chrm01_circ_2160411	PS_Ct_r01_2016_12_12_L004	6	0.3967	0.0108	1.0000
HAMBI_0403_chrm01_circ_2160411	PS_Ct_r01_2017_01_09_L002	6	0.2967	0.0100	1.0000
HAMBI_0403_chrm01_circ_2160411	PS_Ct_r01_2017_02_06_L004	6	0.2192	0.0103	1.0000
HAMBI_0403_chrm01_circ_2160411	PS_Ct_r01_2017_03_06_L001	6	0.3173	0.0102	1.0000
HAMBI_0403_chrm01_circ_2160411	PS_Ct_r01_2017_04_03_L001	6	0.2700	0.0088	1.0000
HAMBI_0403_chrm01_circ_2160411	PS_Ct_r01_2017_05_29_L001	6	0.3067	0.0102	1.0000
HAMBI_0403_chrm01_circ_2160411	PS_Ct_r01_2017_07_24_L001	6	0.5268	0.0109	1.0000
HAMBI_0403_chrm01_circ_2160411	PS_Ct_r01_2017_08_21_L002	6	0.4807	0.0110	1.0000
HAMBI_0403_chrm01_circ_2259966	PS_Ct_r01_2015_08_24_L001	6	0.0000	0.0000	1.0000
HAMBI_0403_chrm01_circ_2259966	PS_Ct_r01_2015_09_21_L001	6	0.0000	0.0000	1.0000
HAMBI_0403_chrm01_circ_2259966	PS_Ct_r01_2015_10_19_L001	6	0.0000	0.0000	1.0000
HAMBI_0403_chrm01_circ_2259966	PS_Ct_r01_2015_11_16_L002	6	0.0101	0.0000	1.0000
HAMBI_0403_chrm01_circ_2259966	PS_Ct_r01_2015_12_14_L002	6	0.0000	0.0002	1.0000
HAMBI_0403_chrm01_circ_2259966	PS_Ct_r01_2016_01_11_L002	6	0.0101	0.0002	1.0000
HAMBI_0403_chrm01_circ_2259966	PS_Ct_r01_2016_02_08_L002	6	0.0101	0.0007	1.0000
HAMBI_0403_chrm01_circ_2259966	PS_Ct_r01_2016_03_07_L001	6	0.0101	0.0000	1.0000
HAMBI_0403_chrm01_circ_2259966	PS_Ct_r01_2016_04_03_L001	6	0.0206	0.0019	1.0000
HAMBI_0403_chrm01_circ_2259966	PS_Ct_r01_2016_05_04_L001	6	0.0000	0.0002	1.0000
HAMBI_0403_chrm01_circ_2259966	PS_Ct_r01_2016_05_30_L001	6	0.0101	0.0000	1.0000
HAMBI_0403_chrm01_circ_2259966	PS_Ct_r01_2016_07_25_L004	6	0.0101	0.0001	1.0000
HAMBI_0403_chrm01_circ_2259966	PS_Ct_r01_2016_08_22_L004	6	0.0101	0.0005	1.0000
HAMBI_0403_chrm01_circ_2259966	PS_Ct_r01_2016_09_19_L004	6	0.0845	0.0068	1.0000
HAMBI_0403_chrm01_circ_2259966	PS_Ct_r01_2016_10_17_L004	6	0.2377	0.0100	1.0000
HAMBI_0403_chrm01_circ_2259966	PS_Ct_r01_2016_11_14_L004	6	0.3358	0.0112	1.0000
HAMBI_0403_chrm01_circ_2259966	PS_Ct_r01_2016_12_12_L004	6	0.3967	0.0108	1.0000
HAMBI_0403_chrm01_circ_2259966	PS_Ct_r01_2017_01_09_L002	6	0.2967	0.0100	1.0000
HAMBI_0403_chrm01_circ_2259966	PS_Ct_r01_2017_02_06_L004	6	0.2192	0.0103	1.0000
HAMBI_0403_chrm01_circ_2259966	PS_Ct_r01_2017_03_06_L001	6	0.3173	0.0102	1.0000
HAMBI_0403_chrm01_circ_2259966	PS_Ct_r01_2017_04_03_L001	6	0.2700	0.0088	1.0000
HAMBI_0403_chrm01_circ_2259966	PS_Ct_r01_2017_05_29_L001	6	0.3067	0.0102	1.0000
HAMBI_0403_chrm01_circ_2259966	PS_Ct_r01_2017_07_24_L001	6	0.5268	0.0109	1.0000
HAMBI_0403_chrm01_circ_2259966	PS_Ct_r01_2017_08_21_L002	6	0.4807	0.0110	1.0000
HAMBI_0403_chrm01_circ_2263289	PS_Ct_r01_2015_08_24_L001	6	0.0000	0.0000	1.0000
HAMBI_0403_chrm01_circ_2263289	PS_Ct_r01_2015_09_21_L001	6	0.0000	0.0000	1.0000
HAMBI_0403_chrm01_circ_2263289	PS_Ct_r01_2015_10_19_L001	6	0.0000	0.0000	1.0000
HAMBI_0403_chrm01_circ_2263289	PS_Ct_r01_2015_11_16_L002	6	0.0101	0.0000	1.0000
HAMBI_0403_chrm01_circ_2263289	PS_Ct_r01_2015_12_14_L002	6	0.0000	0.0002	1.0000
HAMBI_0403_chrm01_circ_2263289	PS_Ct_r01_2016_01_11_L002	6	0.0101	0.0002	1.0000
HAMBI_0403_chrm01_circ_2263289	PS_Ct_r01_2016_02_08_L002	6	0.0101	0.0007	1.0000
HAMBI_0403_chrm01_circ_2263289	PS_Ct_r01_2016_03_07_L001	6	0.0101	0.0000	1.0000
HAMBI_0403_chrm01_circ_2263289	PS_Ct_r01_2016_04_03_L001	6	0.0206	0.0019	1.0000
HAMBI_0403_chrm01_circ_2263289	PS_Ct_r01_2016_05_04_L001	6	0.0000	0.0002	1.0000
HAMBI_0403_chrm01_circ_2263289	PS_Ct_r01_2016_05_30_L001	6	0.0101	0.0000	1.0000
HAMBI_0403_chrm01_circ_2263289	PS_Ct_r01_2016_07_25_L004	6	0.0101	0.0001	1.0000
HAMBI_0403_chrm01_circ_2263289	PS_Ct_r01_2016_08_22_L004	6	0.0101	0.0005	1.0000
HAMBI_0403_chrm01_circ_2263289	PS_Ct_r01_2016_09_19_L004	6	0.0845	0.0068	1.0000
HAMBI_0403_chrm01_circ_2263289	PS_Ct_r01_2016_10_17_L004	6	0.2377	0.0100	1.0000
HAMBI_0403_chrm01_circ_2263289	PS_Ct_r01_2016_11_14_L004	6	0.3358	0.0112	1.0000
HAMBI_0403_chrm01_circ_2263289	PS_Ct_r01_2016_12_12_L004	6	0.3967	0.0108	1.0000
HAMBI_0403_chrm01_circ_2263289	PS_Ct_r01_2017_01_09_L002	6	0.2967	0.0100	1.0000
HAMBI_0403_chrm01_circ_2263289	PS_Ct_r01_2017_02_06_L004	6	0.2192	0.0103	1.0000
HAMBI_0403_chrm01_circ_2263289	PS_Ct_r01_2017_03_06_L001	6	0.3173	0.0102	1.0000
HAMBI_0403_chrm01_circ_2263289	PS_Ct_r01_2017_04_03_L001	6	0.2700	0.0088	1.0000
HAMBI_0403_chrm01_circ_2263289	PS_Ct_r01_2017_05_29_L001	6	0.3067	0.0102	1.0000
HAMBI_0403_chrm01_circ_2263289	PS_Ct_r01_2017_07_24_L001	6	0.5268	0.0109	1.0000
HAMBI_0403_chrm01_circ_2263289	PS_Ct_r01_2017_08_21_L002	6	0.4807	0.0110	1.0000
HAMBI_0403_chrm01_circ_2560194	PS_Ct_r01_2015_08_24_L001	6	0.0000	0.0000	0.9928
HAMBI_0403_chrm01_circ_2560194	PS_Ct_r01_2015_09_21_L001	6	0.0000	0.0000	0.9928
HAMBI_0403_chrm01_circ_2560194	PS_Ct_r01_2015_10_19_L001	6	0.0000	0.0000	0.9928
HAMBI_0403_chrm01_circ_2560194	PS_Ct_r01_2015_11_16_L002	6	0.0101	0.0000	0.9928
HAMBI_0403_chrm01_circ_2560194	PS_Ct_r01_2015_12_14_L002	6	0.0000	0.0002	0.9928
HAMBI_0403_chrm01_circ_2560194	PS_Ct_r01_2016_01_11_L002	6	0.0101	0.0002	0.9928
HAMBI_0403_chrm01_circ_2560194	PS_Ct_r01_2016_02_08_L002	6	0.0101	0.0007	0.9928
HAMBI_0403_chrm01_circ_2560194	PS_Ct_r01_2016_03_07_L001	6	0.0101	0.0000	0.9928
HAMBI_0403_chrm01_circ_2560194	PS_Ct_r01_2016_04_03_L001	6	0.0206	0.0019	0.9928
HAMBI_0403_chrm01_circ_2560194	PS_Ct_r01_2016_05_04_L001	6	0.0000	0.0002	0.9928
HAMBI_0403_chrm01_circ_2560194	PS_Ct_r01_2016_05_30_L001	6	0.0101	0.0000	0.9928
HAMBI_0403_chrm01_circ_2560194	PS_Ct_r01_2016_07_25_L004	6	0.0101	0.0001	0.9928
HAMBI_0403_chrm01_circ_2560194	PS_Ct_r01_2016_08_22_L004	6	0.0101	0.0005	0.9928
HAMBI_0403_chrm01_circ_2560194	PS_Ct_r01_2016_09_19_L004	6	0.0845	0.0068	0.9928
HAMBI_0403_chrm01_circ_2560194	PS_Ct_r01_2016_10_17_L004	6	0.2377	0.0100	0.9928
HAMBI_0403_chrm01_circ_2560194	PS_Ct_r01_2016_11_14_L004	6	0.3358	0.0112	0.9928
HAMBI_0403_chrm01_circ_2560194	PS_Ct_r01_2016_12_12_L004	6	0.3967	0.0108	0.9928
HAMBI_0403_chrm01_circ_2560194	PS_Ct_r01_2017_01_09_L002	6	0.2967	0.0100	0.9928
HAMBI_0403_chrm01_circ_2560194	PS_Ct_r01_2017_02_06_L004	6	0.2192	0.0103	0.9928
HAMBI_0403_chrm01_circ_2560194	PS_Ct_r01_2017_03_06_L001	6	0.3173	0.0102	0.9928
HAMBI_0403_chrm01_circ_2560194	PS_Ct_r01_2017_04_03_L001	6	0.2700	0.0088	0.9928
HAMBI_0403_chrm01_circ_2560194	PS_Ct_r01_2017_05_29_L001	6	0.3067	0.0102	0.9928
HAMBI_0403_chrm01_circ_2560194	PS_Ct_r01_2017_07_24_L001	6	0.5268	0.0109	0.9928
HAMBI_0403_chrm01_circ_2560194	PS_Ct_r01_2017_08_21_L002	6	0.4807	0.0110	0.9928
HAMBI_0403_chrm01_circ_2595208	PS_Ct_r01_2015_08_24_L001	6	0.0000	0.0000	1.0000
HAMBI_0403_chrm01_circ_2595208	PS_Ct_r01_2015_09_21_L001	6	0.0000	0.0000	1.0000
HAMBI_0403_chrm01_circ_2595208	PS_Ct_r01_2015_10_19_L001	6	0.0000	0.0000	1.0000
HAMBI_0403_chrm01_circ_2595208	PS_Ct_r01_2015_11_16_L002	6	0.0101	0.0000	1.0000
HAMBI_0403_chrm01_circ_2595208	PS_Ct_r01_2015_12_14_L002	6	0.0000	0.0002	1.0000
HAMBI_0403_chrm01_circ_2595208	PS_Ct_r01_2016_01_11_L002	6	0.0101	0.0002	1.0000
HAMBI_0403_chrm01_circ_2595208	PS_Ct_r01_2016_02_08_L002	6	0.0101	0.0007	1.0000
HAMBI_0403_chrm01_circ_2595208	PS_Ct_r01_2016_03_07_L001	6	0.0101	0.0000	1.0000
HAMBI_0403_chrm01_circ_2595208	PS_Ct_r01_2016_04_03_L001	6	0.0206	0.0019	1.0000
HAMBI_0403_chrm01_circ_2595208	PS_Ct_r01_2016_05_04_L001	6	0.0000	0.0002	1.0000
HAMBI_0403_chrm01_circ_2595208	PS_Ct_r01_2016_05_30_L001	6	0.0101	0.0000	1.0000
HAMBI_0403_chrm01_circ_2595208	PS_Ct_r01_2016_07_25_L004	6	0.0101	0.0001	1.0000
HAMBI_0403_chrm01_circ_2595208	PS_Ct_r01_2016_08_22_L004	6	0.0101	0.0005	1.0000
HAMBI_0403_chrm01_circ_2595208	PS_Ct_r01_2016_09_19_L004	6	0.0845	0.0068	1.0000
HAMBI_0403_chrm01_circ_2595208	PS_Ct_r01_2016_10_17_L004	6	0.2377	0.0100	1.0000
HAMBI_0403_chrm01_circ_2595208	PS_Ct_r01_2016_11_14_L004	6	0.3358	0.0112	1.0000
HAMBI_0403_chrm01_circ_2595208	PS_Ct_r01_2016_12_12_L004	6	0.3967	0.0108	1.0000
HAMBI_0403_chrm01_circ_2595208	PS_Ct_r01_2017_01_09_L002	6	0.2967	0.0100	1.0000
HAMBI_0403_chrm01_circ_2595208	PS_Ct_r01_2017_02_06_L004	6	0.2192	0.0103	1.0000
HAMBI_0403_chrm01_circ_2595208	PS_Ct_r01_2017_03_06_L001	6	0.3173	0.0102	1.0000
HAMBI_0403_chrm01_circ_2595208	PS_Ct_r01_2017_04_03_L001	6	0.2700	0.0088	1.0000
HAMBI_0403_chrm01_circ_2595208	PS_Ct_r01_2017_05_29_L001	6	0.3067	0.0102	1.0000
HAMBI_0403_chrm01_circ_2595208	PS_Ct_r01_2017_07_24_L001	6	0.5268	0.0109	1.0000
HAMBI_0403_chrm01_circ_2595208	PS_Ct_r01_2017_08_21_L002	6	0.4807	0.0110	1.0000
HAMBI_0403_chrm01_circ_259570	PS_Ct_r01_2015_08_24_L001	6	0.0000	0.0000	1.0000
HAMBI_0403_chrm01_circ_259570	PS_Ct_r01_2015_09_21_L001	6	0.0000	0.0000	1.0000
HAMBI_0403_chrm01_circ_259570	PS_Ct_r01_2015_10_19_L001	6	0.0000	0.0000	1.0000
HAMBI_0403_chrm01_circ_259570	PS_Ct_r01_2015_11_16_L002	6	0.0101	0.0000	1.0000
HAMBI_0403_chrm01_circ_259570	PS_Ct_r01_2015_12_14_L002	6	0.0000	0.0002	1.0000
HAMBI_0403_chrm01_circ_259570	PS_Ct_r01_2016_01_11_L002	6	0.0101	0.0002	1.0000
HAMBI_0403_chrm01_circ_259570	PS_Ct_r01_2016_02_08_L002	6	0.0101	0.0007	1.0000
HAMBI_0403_chrm01_circ_259570	PS_Ct_r01_2016_03_07_L001	6	0.0101	0.0000	1.0000
HAMBI_0403_chrm01_circ_259570	PS_Ct_r01_2016_04_03_L001	6	0.0206	0.0019	1.0000
HAMBI_0403_chrm01_circ_259570	PS_Ct_r01_2016_05_04_L001	6	0.0000	0.0002	1.0000
HAMBI_0403_chrm01_circ_259570	PS_Ct_r01_2016_05_30_L001	6	0.0101	0.0000	1.0000
HAMBI_0403_chrm01_circ_259570	PS_Ct_r01_2016_07_25_L004	6	0.0101	0.0001	1.0000
HAMBI_0403_chrm01_circ_259570	PS_Ct_r01_2016_08_22_L004	6	0.0101	0.0005	1.0000
HAMBI_0403_chrm01_circ_259570	PS_Ct_r01_2016_09_19_L004	6	0.0845	0.0068	1.0000
HAMBI_0403_chrm01_circ_259570	PS_Ct_r01_2016_10_17_L004	6	0.2377	0.0100	1.0000
HAMBI_0403_chrm01_circ_259570	PS_Ct_r01_2016_11_14_L004	6	0.3358	0.0112	1.0000
HAMBI_0403_chrm01_circ_259570	PS_Ct_r01_2016_12_12_L004	6	0.3967	0.0108	1.0000
HAMBI_0403_chrm01_circ_259570	PS_Ct_r01_2017_01_09_L002	6	0.2967	0.0100	1.0000
HAMBI_0403_chrm01_circ_259570	PS_Ct_r01_2017_02_06_L004	6	0.2192	0.0103	1.0000
HAMBI_0403_chrm01_circ_259570	PS_Ct_r01_2017_03_06_L001	6	0.3173	0.0102	1.0000
HAMBI_0403_chrm01_circ_259570	PS_Ct_r01_2017_04_03_L001	6	0.2700	0.0088	1.0000
HAMBI_0403_chrm01_circ_259570	PS_Ct_r01_2017_05_29_L001	6	0.3067	0.0102	1.0000
HAMBI_0403_chrm01_circ_259570	PS_Ct_r01_2017_07_24_L001	6	0.5268	0.0109	1.0000
HAMBI_0403_chrm01_circ_259570	PS_Ct_r01_2017_08_21_L002	6	0.4807	0.0110	1.0000
HAMBI_0403_chrm01_circ_270799	PS_Ct_r01_2015_08_24_L001	6	0.0000	0.0000	1.0000
HAMBI_0403_chrm01_circ_270799	PS_Ct_r01_2015_09_21_L001	6	0.0000	0.0000	1.0000
HAMBI_0403_chrm01_circ_270799	PS_Ct_r01_2015_10_19_L001	6	0.0000	0.0000	1.0000
HAMBI_0403_chrm01_circ_270799	PS_Ct_r01_2015_11_16_L002	6	0.0101	0.0000	1.0000
HAMBI_0403_chrm01_circ_270799	PS_Ct_r01_2015_12_14_L002	6	0.0000	0.0002	1.0000
HAMBI_0403_chrm01_circ_270799	PS_Ct_r01_2016_01_11_L002	6	0.0101	0.0002	1.0000
HAMBI_0403_chrm01_circ_270799	PS_Ct_r01_2016_02_08_L002	6	0.0101	0.0007	1.0000
HAMBI_0403_chrm01_circ_270799	PS_Ct_r01_2016_03_07_L001	6	0.0101	0.0000	1.0000
HAMBI_0403_chrm01_circ_270799	PS_Ct_r01_2016_04_03_L001	6	0.0206	0.0019	1.0000
HAMBI_0403_chrm01_circ_270799	PS_Ct_r01_2016_05_04_L001	6	0.0000	0.0002	1.0000
HAMBI_0403_chrm01_circ_270799	PS_Ct_r01_2016_05_30_L001	6	0.0101	0.0000	1.0000
HAMBI_0403_chrm01_circ_270799	PS_Ct_r01_2016_07_25_L004	6	0.0101	0.0001	1.0000
HAMBI_0403_chrm01_circ_270799	PS_Ct_r01_2016_08_22_L004	6	0.0101	0.0005	1.0000
HAMBI_0403_chrm01_circ_270799	PS_Ct_r01_2016_09_19_L004	6	0.0845	0.0068	1.0000
HAMBI_0403_chrm01_circ_270799	PS_Ct_r01_2016_10_17_L004	6	0.2377	0.0100	1.0000
HAMBI_0403_chrm01_circ_270799	PS_Ct_r01_2016_11_14_L004	6	0.3358	0.0112	1.0000
HAMBI_0403_chrm01_circ_270799	PS_Ct_r01_2016_12_12_L004	6	0.3967	0.0108	1.0000
HAMBI_0403_chrm01_circ_270799	PS_Ct_r01_2017_01_09_L002	6	0.2967	0.0100	1.0000
HAMBI_0403_chrm01_circ_270799	PS_Ct_r01_2017_02_06_L004	6	0.2192	0.0103	1.0000
HAMBI_0403_chrm01_circ_270799	PS_Ct_r01_2017_03_06_L001	6	0.3173	0.0102	1.0000
HAMBI_0403_chrm01_circ_270799	PS_Ct_r01_2017_04_03_L001	6	0.2700	0.0088	1.0000
HAMBI_0403_chrm01_circ_270799	PS_Ct_r01_2017_05_29_L001	6	0.3067	0.0102	1.0000
HAMBI_0403_chrm01_circ_270799	PS_Ct_r01_2017_07_24_L001	6	0.5268	0.0109	1.0000
HAMBI_0403_chrm01_circ_270799	PS_Ct_r01_2017_08_21_L002	6	0.4807	0.0110	1.0000
HAMBI_0403_chrm01_circ_292417	PS_Ct_r01_2015_08_24_L001	6	0.0000	0.0000	1.0000
HAMBI_0403_chrm01_circ_292417	PS_Ct_r01_2015_09_21_L001	6	0.0000	0.0000	1.0000
HAMBI_0403_chrm01_circ_292417	PS_Ct_r01_2015_10_19_L001	6	0.0000	0.0000	1.0000
HAMBI_0403_chrm01_circ_292417	PS_Ct_r01_2015_11_16_L002	6	0.0101	0.0000	1.0000
HAMBI_0403_chrm01_circ_292417	PS_Ct_r01_2015_12_14_L002	6	0.0000	0.0002	1.0000
HAMBI_0403_chrm01_circ_292417	PS_Ct_r01_2016_01_11_L002	6	0.0101	0.0002	1.0000
HAMBI_0403_chrm01_circ_292417	PS_Ct_r01_2016_02_08_L002	6	0.0101	0.0007	1.0000
HAMBI_0403_chrm01_circ_292417	PS_Ct_r01_2016_03_07_L001	6	0.0101	0.0000	1.0000
HAMBI_0403_chrm01_circ_292417	PS_Ct_r01_2016_04_03_L001	6	0.0206	0.0019	1.0000
HAMBI_0403_chrm01_circ_292417	PS_Ct_r01_2016_05_04_L001	6	0.0000	0.0002	1.0000
HAMBI_0403_chrm01_circ_292417	PS_Ct_r01_2016_05_30_L001	6	0.0101	0.0000	1.0000
HAMBI_0403_chrm01_circ_292417	PS_Ct_r01_2016_07_25_L004	6	0.0101	0.0001	1.0000
HAMBI_0403_chrm01_circ_292417	PS_Ct_r01_2016_08_22_L004	6	0.0101	0.0005	1.0000
HAMBI_0403_chrm01_circ_292417	PS_Ct_r01_2016_09_19_L004	6	0.0845	0.0068	1.0000
HAMBI_0403_chrm01_circ_292417	PS_Ct_r01_2016_10_17_L004	6	0.2377	0.0100	1.0000
HAMBI_0403_chrm01_circ_292417	PS_Ct_r01_2016_11_14_L004	6	0.3358	0.0112	1.0000
HAMBI_0403_chrm01_circ_292417	PS_Ct_r01_2016_12_12_L004	6	0.3967	0.0108	1.0000
HAMBI_0403_chrm01_circ_292417	PS_Ct_r01_2017_01_09_L002	6	0.2967	0.0100	1.0000
HAMBI_0403_chrm01_circ_292417	PS_Ct_r01_2017_02_06_L004	6	0.2192	0.0103	1.0000
HAMBI_0403_chrm01_circ_292417	PS_Ct_r01_2017_03_06_L001	6	0.3173	0.0102	1.0000
HAMBI_0403_chrm01_circ_292417	PS_Ct_r01_2017_04_03_L001	6	0.2700	0.0088	1.0000
HAMBI_0403_chrm01_circ_292417	PS_Ct_r01_2017_05_29_L001	6	0.3067	0.0102	1.0000
HAMBI_0403_chrm01_circ_292417	PS_Ct_r01_2017_07_24_L001	6	0.5268	0.0109	1.0000
HAMBI_0403_chrm01_circ_292417	PS_Ct_r01_2017_08_21_L002	6	0.4807	0.0110	1.0000
HAMBI_0403_chrm01_circ_3404885	PS_Ct_r01_2015_08_24_L001	6	0.0000	0.0000	1.0000
HAMBI_0403_chrm01_circ_3404885	PS_Ct_r01_2015_09_21_L001	6	0.0000	0.0000	1.0000
HAMBI_0403_chrm01_circ_3404885	PS_Ct_r01_2015_10_19_L001	6	0.0000	0.0000	1.0000
HAMBI_0403_chrm01_circ_3404885	PS_Ct_r01_2015_11_16_L002	6	0.0101	0.0000	1.0000
HAMBI_0403_chrm01_circ_3404885	PS_Ct_r01_2015_12_14_L002	6	0.0000	0.0002	1.0000
HAMBI_0403_chrm01_circ_3404885	PS_Ct_r01_2016_01_11_L002	6	0.0101	0.0002	1.0000
HAMBI_0403_chrm01_circ_3404885	PS_Ct_r01_2016_02_08_L002	6	0.0101	0.0007	1.0000
HAMBI_0403_chrm01_circ_3404885	PS_Ct_r01_2016_03_07_L001	6	0.0101	0.0000	1.0000
HAMBI_0403_chrm01_circ_3404885	PS_Ct_r01_2016_04_03_L001	6	0.0206	0.0019	1.0000
HAMBI_0403_chrm01_circ_3404885	PS_Ct_r01_2016_05_04_L001	6	0.0000	0.0002	1.0000
HAMBI_0403_chrm01_circ_3404885	PS_Ct_r01_2016_05_30_L001	6	0.0101	0.0000	1.0000
HAMBI_0403_chrm01_circ_3404885	PS_Ct_r01_2016_07_25_L004	6	0.0101	0.0001	1.0000
HAMBI_0403_chrm01_circ_3404885	PS_Ct_r01_2016_08_22_L004	6	0.0101	0.0005	1.0000
HAMBI_0403_chrm01_circ_3404885	PS_Ct_r01_2016_09_19_L004	6	0.0845	0.0068	1.0000
HAMBI_0403_chrm01_circ_3404885	PS_Ct_r01_2016_10_17_L004	6	0.2377	0.0100	1.0000
HAMBI_0403_chrm01_circ_3404885	PS_Ct_r01_2016_11_14_L004	6	0.3358	0.0112	1.0000
HAMBI_0403_chrm01_circ_3404885	PS_Ct_r01_2016_12_12_L004	6	0.3967	0.0108	1.0000
HAMBI_0403_chrm01_circ_3404885	PS_Ct_r01_2017_01_09_L002	6	0.2967	0.0100	1.0000
HAMBI_0403_chrm01_circ_3404885	PS_Ct_r01_2017_02_06_L004	6	0.2192	0.0103	1.0000
HAMBI_0403_chrm01_circ_3404885	PS_Ct_r01_2017_03_06_L001	6	0.3173	0.0102	1.0000
HAMBI_0403_chrm01_circ_3404885	PS_Ct_r01_2017_04_03_L001	6	0.2700	0.0088	1.0000
HAMBI_0403_chrm01_circ_3404885	PS_Ct_r01_2017_05_29_L001	6	0.3067	0.0102	1.0000
HAMBI_0403_chrm01_circ_3404885	PS_Ct_r01_2017_07_24_L001	6	0.5268	0.0109	1.0000
HAMBI_0403_chrm01_circ_3404885	PS_Ct_r01_2017_08_21_L002	6	0.4807	0.0110	1.0000
HAMBI_0403_chrm01_circ_3469323	PS_Ct_r01_2015_08_24_L001	6	0.0000	0.0000	1.0000
HAMBI_0403_chrm01_circ_3469323	PS_Ct_r01_2015_09_21_L001	6	0.0000	0.0000	1.0000
HAMBI_0403_chrm01_circ_3469323	PS_Ct_r01_2015_10_19_L001	6	0.0000	0.0000	1.0000
HAMBI_0403_chrm01_circ_3469323	PS_Ct_r01_2015_11_16_L002	6	0.0101	0.0000	1.0000
HAMBI_0403_chrm01_circ_3469323	PS_Ct_r01_2015_12_14_L002	6	0.0000	0.0002	1.0000
HAMBI_0403_chrm01_circ_3469323	PS_Ct_r01_2016_01_11_L002	6	0.0101	0.0002	1.0000
HAMBI_0403_chrm01_circ_3469323	PS_Ct_r01_2016_02_08_L002	6	0.0101	0.0007	1.0000
HAMBI_0403_chrm01_circ_3469323	PS_Ct_r01_2016_03_07_L001	6	0.0101	0.0000	1.0000
HAMBI_0403_chrm01_circ_3469323	PS_Ct_r01_2016_04_03_L001	6	0.0206	0.0019	1.0000
HAMBI_0403_chrm01_circ_3469323	PS_Ct_r01_2016_05_04_L001	6	0.0000	0.0002	1.0000
HAMBI_0403_chrm01_circ_3469323	PS_Ct_r01_2016_05_30_L001	6	0.0101	0.0000	1.0000
HAMBI_0403_chrm01_circ_3469323	PS_Ct_r01_2016_07_25_L004	6	0.0101	0.0001	1.0000
HAMBI_0403_chrm01_circ_3469323	PS_Ct_r01_2016_08_22_L004	6	0.0101	0.0005	1.0000
HAMBI_0403_chrm01_circ_3469323	PS_Ct_r01_2016_09_19_L004	6	0.0845	0.0068	1.0000
HAMBI_0403_chrm01_circ_3469323	PS_Ct_r01_2016_10_17_L004	6	0.2377	0.0100	1.0000
HAMBI_0403_chrm01_circ_3469323	PS_Ct_r01_2016_11_14_L004	6	0.3358	0.0112	1.0000
HAMBI_0403_chrm01_circ_3469323	PS_Ct_r01_2016_12_12_L004	6	0.3967	0.0108	1.0000
HAMBI_0403_chrm01_circ_3469323	PS_Ct_r01_2017_01_09_L002	6	0.2967	0.0100	1.0000
HAMBI_0403_chrm01_circ_3469323	PS_Ct_r01_2017_02_06_L004	6	0.2192	0.0103	1.0000
HAMBI_0403_chrm01_circ_3469323	PS_Ct_r01_2017_03_06_L001	6	0.3173	0.0102	1.0000
HAMBI_0403_chrm01_circ_3469323	PS_Ct_r01_2017_04_03_L001	6	0.2700	0.0088	1.0000
HAMBI_0403_chrm01_circ_3469323	PS_Ct_r01_2017_05_29_L001	6	0.3067	0.0102	1.0000
HAMBI_0403_chrm01_circ_3469323	PS_Ct_r01_2017_07_24_L001	6	0.5268	0.0109	1.0000
HAMBI_0403_chrm01_circ_3469323	PS_Ct_r01_2017_08_21_L002	6	0.4807	0.0110	1.0000
HAMBI_0403_chrm01_circ_409417	PS_Ct_r01_2015_08_24_L001	6	0.0000	0.0000	1.0000
HAMBI_0403_chrm01_circ_409417	PS_Ct_r01_2015_09_21_L001	6	0.0000	0.0000	1.0000
HAMBI_0403_chrm01_circ_409417	PS_Ct_r01_2015_10_19_L001	6	0.0000	0.0000	1.0000
HAMBI_0403_chrm01_circ_409417	PS_Ct_r01_2015_11_16_L002	6	0.0101	0.0000	1.0000
HAMBI_0403_chrm01_circ_409417	PS_Ct_r01_2015_12_14_L002	6	0.0000	0.0002	1.0000
HAMBI_0403_chrm01_circ_409417	PS_Ct_r01_2016_01_11_L002	6	0.0101	0.0002	1.0000
HAMBI_0403_chrm01_circ_409417	PS_Ct_r01_2016_02_08_L002	6	0.0101	0.0007	1.0000
HAMBI_0403_chrm01_circ_409417	PS_Ct_r01_2016_03_07_L001	6	0.0101	0.0000	1.0000
HAMBI_0403_chrm01_circ_409417	PS_Ct_r01_2016_04_03_L001	6	0.0206	0.0019	1.0000
HAMBI_0403_chrm01_circ_409417	PS_Ct_r01_2016_05_04_L001	6	0.0000	0.0002	1.0000
HAMBI_0403_chrm01_circ_409417	PS_Ct_r01_2016_05_30_L001	6	0.0101	0.0000	1.0000
HAMBI_0403_chrm01_circ_409417	PS_Ct_r01_2016_07_25_L004	6	0.0101	0.0001	1.0000
HAMBI_0403_chrm01_circ_409417	PS_Ct_r01_2016_08_22_L004	6	0.0101	0.0005	1.0000
HAMBI_0403_chrm01_circ_409417	PS_Ct_r01_2016_09_19_L004	6	0.0845	0.0068	1.0000
HAMBI_0403_chrm01_circ_409417	PS_Ct_r01_2016_10_17_L004	6	0.2377	0.0100	1.0000
HAMBI_0403_chrm01_circ_409417	PS_Ct_r01_2016_11_14_L004	6	0.3358	0.0112	1.0000
HAMBI_0403_chrm01_circ_409417	PS_Ct_r01_2016_12_12_L004	6	0.3967	0.0108	1.0000
HAMBI_0403_chrm01_circ_409417	PS_Ct_r01_2017_01_09_L002	6	0.2967	0.0100	1.0000
HAMBI_0403_chrm01_circ_409417	PS_Ct_r01_2017_02_06_L004	6	0.2192	0.0103	1.0000
HAMBI_0403_chrm01_circ_409417	PS_Ct_r01_2017_03_06_L001	6	0.3173	0.0102	1.0000
HAMBI_0403_chrm01_circ_409417	PS_Ct_r01_2017_04_03_L001	6	0.2700	0.0088	1.0000
HAMBI_0403_chrm01_circ_409417	PS_Ct_r01_2017_05_29_L001	6	0.3067	0.0102	1.0000
HAMBI_0403_chrm01_circ_409417	PS_Ct_r01_2017_07_24_L001	6	0.5268	0.0109	1.0000
HAMBI_0403_chrm01_circ_409417	PS_Ct_r01_2017_08_21_L002	6	0.4807	0.0110	1.0000
HAMBI_0403_chrm01_circ_4216563	PS_Ct_r01_2015_08_24_L001	6	0.0000	0.0000	1.0000
HAMBI_0403_chrm01_circ_4216563	PS_Ct_r01_2015_09_21_L001	6	0.0000	0.0000	1.0000
HAMBI_0403_chrm01_circ_4216563	PS_Ct_r01_2015_10_19_L001	6	0.0000	0.0000	1.0000
HAMBI_0403_chrm01_circ_4216563	PS_Ct_r01_2015_11_16_L002	6	0.0101	0.0000	1.0000
HAMBI_0403_chrm01_circ_4216563	PS_Ct_r01_2015_12_14_L002	6	0.0000	0.0002	1.0000
HAMBI_0403_chrm01_circ_4216563	PS_Ct_r01_2016_01_11_L002	6	0.0101	0.0002	1.0000
HAMBI_0403_chrm01_circ_4216563	PS_Ct_r01_2016_02_08_L002	6	0.0101	0.0007	1.0000
HAMBI_0403_chrm01_circ_4216563	PS_Ct_r01_2016_03_07_L001	6	0.0101	0.0000	1.0000
HAMBI_0403_chrm01_circ_4216563	PS_Ct_r01_2016_04_03_L001	6	0.0206	0.0019	1.0000
HAMBI_0403_chrm01_circ_4216563	PS_Ct_r01_2016_05_04_L001	6	0.0000	0.0002	1.0000
HAMBI_0403_chrm01_circ_4216563	PS_Ct_r01_2016_05_30_L001	6	0.0101	0.0000	1.0000
HAMBI_0403_chrm01_circ_4216563	PS_Ct_r01_2016_07_25_L004	6	0.0101	0.0001	1.0000
HAMBI_0403_chrm01_circ_4216563	PS_Ct_r01_2016_08_22_L004	6	0.0101	0.0005	1.0000
HAMBI_0403_chrm01_circ_4216563	PS_Ct_r01_2016_09_19_L004	6	0.0845	0.0068	1.0000
HAMBI_0403_chrm01_circ_4216563	PS_Ct_r01_2016_10_17_L004	6	0.2377	0.0100	1.0000
HAMBI_0403_chrm01_circ_4216563	PS_Ct_r01_2016_11_14_L004	6	0.3358	0.0112	1.0000
HAMBI_0403_chrm01_circ_4216563	PS_Ct_r01_2016_12_12_L004	6	0.3967	0.0108	1.0000
HAMBI_0403_chrm01_circ_4216563	PS_Ct_r01_2017_01_09_L002	6	0.2967	0.0100	1.0000
HAMBI_0403_chrm01_circ_4216563	PS_Ct_r01_2017_02_06_L004	6	0.2192	0.0103	1.0000
HAMBI_0403_chrm01_circ_4216563	PS_Ct_r01_2017_03_06_L001	6	0.3173	0.0102	1.0000
HAMBI_0403_chrm01_circ_4216563	PS_Ct_r01_2017_04_03_L001	6	0.2700	0.0088	1.0000
HAMBI_0403_chrm01_circ_4216563	PS_Ct_r01_2017_05_29_L001	6	0.3067	0.0102	1.0000
HAMBI_0403_chrm01_circ_4216563	PS_Ct_r01_2017_07_24_L001	6	0.5268	0.0109	1.0000
HAMBI_0403_chrm01_circ_4216563	PS_Ct_r01_2017_08_21_L002	6	0.4807	0.0110	1.0000
HAMBI_0403_chrm01_circ_4316734	PS_Ct_r01_2015_08_24_L001	6	0.0000	0.0000	1.0000
HAMBI_0403_chrm01_circ_4316734	PS_Ct_r01_2015_09_21_L001	6	0.0000	0.0000	1.0000
HAMBI_0403_chrm01_circ_4316734	PS_Ct_r01_2015_10_19_L001	6	0.0000	0.0000	1.0000
HAMBI_0403_chrm01_circ_4316734	PS_Ct_r01_2015_11_16_L002	6	0.0101	0.0000	1.0000
HAMBI_0403_chrm01_circ_4316734	PS_Ct_r01_2015_12_14_L002	6	0.0000	0.0002	1.0000
HAMBI_0403_chrm01_circ_4316734	PS_Ct_r01_2016_01_11_L002	6	0.0101	0.0002	1.0000
HAMBI_0403_chrm01_circ_4316734	PS_Ct_r01_2016_02_08_L002	6	0.0101	0.0007	1.0000
HAMBI_0403_chrm01_circ_4316734	PS_Ct_r01_2016_03_07_L001	6	0.0101	0.0000	1.0000
HAMBI_0403_chrm01_circ_4316734	PS_Ct_r01_2016_04_03_L001	6	0.0206	0.0019	1.0000
HAMBI_0403_chrm01_circ_4316734	PS_Ct_r01_2016_05_04_L001	6	0.0000	0.0002	1.0000
HAMBI_0403_chrm01_circ_4316734	PS_Ct_r01_2016_05_30_L001	6	0.0101	0.0000	1.0000
HAMBI_0403_chrm01_circ_4316734	PS_Ct_r01_2016_07_25_L004	6	0.0101	0.0001	1.0000
HAMBI_0403_chrm01_circ_4316734	PS_Ct_r01_2016_08_22_L004	6	0.0101	0.0005	1.0000
HAMBI_0403_chrm01_circ_4316734	PS_Ct_r01_2016_09_19_L004	6	0.0845	0.0068	1.0000
HAMBI_0403_chrm01_circ_4316734	PS_Ct_r01_2016_10_17_L004	6	0.2377	0.0100	1.0000
HAMBI_0403_chrm01_circ_4316734	PS_Ct_r01_2016_11_14_L004	6	0.3358	0.0112	1.0000
HAMBI_0403_chrm01_circ_4316734	PS_Ct_r01_2016_12_12_L004	6	0.3967	0.0108	1.0000
HAMBI_0403_chrm01_circ_4316734	PS_Ct_r01_2017_01_09_L002	6	0.2967	0.0100	1.0000
HAMBI_0403_chrm01_circ_4316734	PS_Ct_r01_2017_02_06_L004	6	0.2192	0.0103	1.0000
HAMBI_0403_chrm01_circ_4316734	PS_Ct_r01_2017_03_06_L001	6	0.3173	0.0102	1.0000
HAMBI_0403_chrm01_circ_4316734	PS_Ct_r01_2017_04_03_L001	6	0.2700	0.0088	1.0000
HAMBI_0403_chrm01_circ_4316734	PS_Ct_r01_2017_05_29_L001	6	0.3067	0.0102	1.0000
HAMBI_0403_chrm01_circ_4316734	PS_Ct_r01_2017_07_24_L001	6	0.5268	0.0109	1.0000
HAMBI_0403_chrm01_circ_4316734	PS_Ct_r01_2017_08_21_L002	6	0.4807	0.0110	1.0000
HAMBI_0403_chrm01_circ_43305	PS_Ct_r01_2015_08_24_L001	6	0.0000	0.0000	1.0000
HAMBI_0403_chrm01_circ_43305	PS_Ct_r01_2015_09_21_L001	6	0.0000	0.0000	1.0000
HAMBI_0403_chrm01_circ_43305	PS_Ct_r01_2015_10_19_L001	6	0.0000	0.0000	1.0000
HAMBI_0403_chrm01_circ_43305	PS_Ct_r01_2015_11_16_L002	6	0.0101	0.0000	1.0000
HAMBI_0403_chrm01_circ_43305	PS_Ct_r01_2015_12_14_L002	6	0.0000	0.0002	1.0000
HAMBI_0403_chrm01_circ_43305	PS_Ct_r01_2016_01_11_L002	6	0.0101	0.0002	1.0000
HAMBI_0403_chrm01_circ_43305	PS_Ct_r01_2016_02_08_L002	6	0.0101	0.0007	1.0000
HAMBI_0403_chrm01_circ_43305	PS_Ct_r01_2016_03_07_L001	6	0.0101	0.0000	1.0000
HAMBI_0403_chrm01_circ_43305	PS_Ct_r01_2016_04_03_L001	6	0.0206	0.0019	1.0000
HAMBI_0403_chrm01_circ_43305	PS_Ct_r01_2016_05_04_L001	6	0.0000	0.0002	1.0000
HAMBI_0403_chrm01_circ_43305	PS_Ct_r01_2016_05_30_L001	6	0.0101	0.0000	1.0000
HAMBI_0403_chrm01_circ_43305	PS_Ct_r01_2016_07_25_L004	6	0.0101	0.0001	1.0000
HAMBI_0403_chrm01_circ_43305	PS_Ct_r01_2016_08_22_L004	6	0.0101	0.0005	1.0000
HAMBI_0403_chrm01_circ_43305	PS_Ct_r01_2016_09_19_L004	6	0.0845	0.0068	1.0000
HAMBI_0403_chrm01_circ_43305	PS_Ct_r01_2016_10_17_L004	6	0.2377	0.0100	1.0000
HAMBI_0403_chrm01_circ_43305	PS_Ct_r01_2016_11_14_L004	6	0.3358	0.0112	1.0000
HAMBI_0403_chrm01_circ_43305	PS_Ct_r01_2016_12_12_L004	6	0.3967	0.0108	1.0000
HAMBI_0403_chrm01_circ_43305	PS_Ct_r01_2017_01_09_L002	6	0.2967	0.0100	1.0000
HAMBI_0403_chrm01_circ_43305	PS_Ct_r01_2017_02_06_L004	6	0.2192	0.0103	1.0000
HAMBI_0403_chrm01_circ_43305	PS_Ct_r01_2017_03_06_L001	6	0.3173	0.0102	1.0000
HAMBI_0403_chrm01_circ_43305	PS_Ct_r01_2017_04_03_L001	6	0.2700	0.0088	1.0000
HAMBI_0403_chrm01_circ_43305	PS_Ct_r01_2017_05_29_L001	6	0.3067	0.0102	1.0000
HAMBI_0403_chrm01_circ_43305	PS_Ct_r01_2017_07_24_L001	6	0.5268	0.0109	1.0000
HAMBI_0403_chrm01_circ_43305	PS_Ct_r01_2017_08_21_L002	6	0.4807	0.0110	1.0000
HAMBI_0403_chrm01_circ_436639	PS_Ct_r01_2015_08_24_L001	6	0.0000	0.0000	1.0000
HAMBI_0403_chrm01_circ_436639	PS_Ct_r01_2015_09_21_L001	6	0.0000	0.0000	1.0000
HAMBI_0403_chrm01_circ_436639	PS_Ct_r01_2015_10_19_L001	6	0.0000	0.0000	1.0000
HAMBI_0403_chrm01_circ_436639	PS_Ct_r01_2015_11_16_L002	6	0.0101	0.0000	1.0000
HAMBI_0403_chrm01_circ_436639	PS_Ct_r01_2015_12_14_L002	6	0.0000	0.0002	1.0000
HAMBI_0403_chrm01_circ_436639	PS_Ct_r01_2016_01_11_L002	6	0.0101	0.0002	1.0000
HAMBI_0403_chrm01_circ_436639	PS_Ct_r01_2016_02_08_L002	6	0.0101	0.0007	1.0000
HAMBI_0403_chrm01_circ_436639	PS_Ct_r01_2016_03_07_L001	6	0.0101	0.0000	1.0000
HAMBI_0403_chrm01_circ_436639	PS_Ct_r01_2016_04_03_L001	6	0.0206	0.0019	1.0000
HAMBI_0403_chrm01_circ_436639	PS_Ct_r01_2016_05_04_L001	6	0.0000	0.0002	1.0000
HAMBI_0403_chrm01_circ_436639	PS_Ct_r01_2016_05_30_L001	6	0.0101	0.0000	1.0000
HAMBI_0403_chrm01_circ_436639	PS_Ct_r01_2016_07_25_L004	6	0.0101	0.0001	1.0000
HAMBI_0403_chrm01_circ_436639	PS_Ct_r01_2016_08_22_L004	6	0.0101	0.0005	1.0000
HAMBI_0403_chrm01_circ_436639	PS_Ct_r01_2016_09_19_L004	6	0.0845	0.0068	1.0000
HAMBI_0403_chrm01_circ_436639	PS_Ct_r01_2016_10_17_L004	6	0.2377	0.0100	1.0000
HAMBI_0403_chrm01_circ_436639	PS_Ct_r01_2016_11_14_L004	6	0.3358	0.0112	1.0000
HAMBI_0403_chrm01_circ_436639	PS_Ct_r01_2016_12_12_L004	6	0.3967	0.0108	1.0000
HAMBI_0403_chrm01_circ_436639	PS_Ct_r01_2017_01_09_L002	6	0.2967	0.0100	1.0000
HAMBI_0403_chrm01_circ_436639	PS_Ct_r01_2017_02_06_L004	6	0.2192	0.0103	1.0000
HAMBI_0403_chrm01_circ_436639	PS_Ct_r01_2017_03_06_L001	6	0.3173	0.0102	1.0000
HAMBI_0403_chrm01_circ_436639	PS_Ct_r01_2017_04_03_L001	6	0.2700	0.0088	1.0000
HAMBI_0403_chrm01_circ_436639	PS_Ct_r01_2017_05_29_L001	6	0.3067	0.0102	1.0000
HAMBI_0403_chrm01_circ_436639	PS_Ct_r01_2017_07_24_L001	6	0.5268	0.0109	1.0000
HAMBI_0403_chrm01_circ_436639	PS_Ct_r01_2017_08_21_L002	6	0.4807	0.0110	1.0000
HAMBI_0403_chrm01_circ_4459806	PS_Ct_r01_2015_08_24_L001	6	0.0000	0.0000	1.0000
HAMBI_0403_chrm01_circ_4459806	PS_Ct_r01_2015_09_21_L001	6	0.0000	0.0000	1.0000
HAMBI_0403_chrm01_circ_4459806	PS_Ct_r01_2015_10_19_L001	6	0.0000	0.0000	1.0000
HAMBI_0403_chrm01_circ_4459806	PS_Ct_r01_2015_11_16_L002	6	0.0101	0.0000	1.0000
HAMBI_0403_chrm01_circ_4459806	PS_Ct_r01_2015_12_14_L002	6	0.0000	0.0002	1.0000
HAMBI_0403_chrm01_circ_4459806	PS_Ct_r01_2016_01_11_L002	6	0.0101	0.0002	1.0000
HAMBI_0403_chrm01_circ_4459806	PS_Ct_r01_2016_02_08_L002	6	0.0101	0.0007	1.0000
HAMBI_0403_chrm01_circ_4459806	PS_Ct_r01_2016_03_07_L001	6	0.0101	0.0000	1.0000
HAMBI_0403_chrm01_circ_4459806	PS_Ct_r01_2016_04_03_L001	6	0.0206	0.0019	1.0000
HAMBI_0403_chrm01_circ_4459806	PS_Ct_r01_2016_05_04_L001	6	0.0000	0.0002	1.0000
HAMBI_0403_chrm01_circ_4459806	PS_Ct_r01_2016_05_30_L001	6	0.0101	0.0000	1.0000
HAMBI_0403_chrm01_circ_4459806	PS_Ct_r01_2016_07_25_L004	6	0.0101	0.0001	1.0000
HAMBI_0403_chrm01_circ_4459806	PS_Ct_r01_2016_08_22_L004	6	0.0101	0.0005	1.0000
HAMBI_0403_chrm01_circ_4459806	PS_Ct_r01_2016_09_19_L004	6	0.0845	0.0068	1.0000
HAMBI_0403_chrm01_circ_4459806	PS_Ct_r01_2016_10_17_L004	6	0.2377	0.0100	1.0000
HAMBI_0403_chrm01_circ_4459806	PS_Ct_r01_2016_11_14_L004	6	0.3358	0.0112	1.0000
HAMBI_0403_chrm01_circ_4459806	PS_Ct_r01_2016_12_12_L004	6	0.3967	0.0108	1.0000
HAMBI_0403_chrm01_circ_4459806	PS_Ct_r01_2017_01_09_L002	6	0.2967	0.0100	1.0000
HAMBI_0403_chrm01_circ_4459806	PS_Ct_r01_2017_02_06_L004	6	0.2192	0.0103	1.0000
HAMBI_0403_chrm01_circ_4459806	PS_Ct_r01_2017_03_06_L001	6	0.3173	0.0102	1.0000
HAMBI_0403_chrm01_circ_4459806	PS_Ct_r01_2017_04_03_L001	6	0.2700	0.0088	1.0000
HAMBI_0403_chrm01_circ_4459806	PS_Ct_r01_2017_05_29_L001	6	0.3067	0.0102	1.0000
HAMBI_0403_chrm01_circ_4459806	PS_Ct_r01_2017_07_24_L001	6	0.5268	0.0109	1.0000
HAMBI_0403_chrm01_circ_4459806	PS_Ct_r01_2017_08_21_L002	6	0.4807	0.0110	1.0000
HAMBI_0403_chrm01_circ_4662563	PS_Ct_r01_2015_08_24_L001	6	0.0000	0.0000	1.0000
HAMBI_0403_chrm01_circ_4662563	PS_Ct_r01_2015_09_21_L001	6	0.0000	0.0000	1.0000
HAMBI_0403_chrm01_circ_4662563	PS_Ct_r01_2015_10_19_L001	6	0.0000	0.0000	1.0000
HAMBI_0403_chrm01_circ_4662563	PS_Ct_r01_2015_11_16_L002	6	0.0101	0.0000	1.0000
HAMBI_0403_chrm01_circ_4662563	PS_Ct_r01_2015_12_14_L002	6	0.0000	0.0002	1.0000
HAMBI_0403_chrm01_circ_4662563	PS_Ct_r01_2016_01_11_L002	6	0.0101	0.0002	1.0000
HAMBI_0403_chrm01_circ_4662563	PS_Ct_r01_2016_02_08_L002	6	0.0101	0.0007	1.0000
HAMBI_0403_chrm01_circ_4662563	PS_Ct_r01_2016_03_07_L001	6	0.0101	0.0000	1.0000
HAMBI_0403_chrm01_circ_4662563	PS_Ct_r01_2016_04_03_L001	6	0.0206	0.0019	1.0000
HAMBI_0403_chrm01_circ_4662563	PS_Ct_r01_2016_05_04_L001	6	0.0000	0.0002	1.0000
HAMBI_0403_chrm01_circ_4662563	PS_Ct_r01_2016_05_30_L001	6	0.0101	0.0000	1.0000
HAMBI_0403_chrm01_circ_4662563	PS_Ct_r01_2016_07_25_L004	6	0.0101	0.0001	1.0000
HAMBI_0403_chrm01_circ_4662563	PS_Ct_r01_2016_08_22_L004	6	0.0101	0.0005	1.0000
HAMBI_0403_chrm01_circ_4662563	PS_Ct_r01_2016_09_19_L004	6	0.0845	0.0068	1.0000
HAMBI_0403_chrm01_circ_4662563	PS_Ct_r01_2016_10_17_L004	6	0.2377	0.0100	1.0000
HAMBI_0403_chrm01_circ_4662563	PS_Ct_r01_2016_11_14_L004	6	0.3358	0.0112	1.0000
HAMBI_0403_chrm01_circ_4662563	PS_Ct_r01_2016_12_12_L004	6	0.3967	0.0108	1.0000
HAMBI_0403_chrm01_circ_4662563	PS_Ct_r01_2017_01_09_L002	6	0.2967	0.0100	1.0000
HAMBI_0403_chrm01_circ_4662563	PS_Ct_r01_2017_02_06_L004	6	0.2192	0.0103	1.0000
HAMBI_0403_chrm01_circ_4662563	PS_Ct_r01_2017_03_06_L001	6	0.3173	0.0102	1.0000
HAMBI_0403_chrm01_circ_4662563	PS_Ct_r01_2017_04_03_L001	6	0.2700	0.0088	1.0000
HAMBI_0403_chrm01_circ_4662563	PS_Ct_r01_2017_05_29_L001	6	0.3067	0.0102	1.0000
HAMBI_0403_chrm01_circ_4662563	PS_Ct_r01_2017_07_24_L001	6	0.5268	0.0109	1.0000
HAMBI_0403_chrm01_circ_4662563	PS_Ct_r01_2017_08_21_L002	6	0.4807	0.0110	1.0000
HAMBI_0403_chrm01_circ_5274993	PS_Ct_r01_2015_08_24_L001	6	0.0000	0.0000	1.0000
HAMBI_0403_chrm01_circ_5274993	PS_Ct_r01_2015_09_21_L001	6	0.0000	0.0000	1.0000
HAMBI_0403_chrm01_circ_5274993	PS_Ct_r01_2015_10_19_L001	6	0.0000	0.0000	1.0000
HAMBI_0403_chrm01_circ_5274993	PS_Ct_r01_2015_11_16_L002	6	0.0101	0.0000	1.0000
HAMBI_0403_chrm01_circ_5274993	PS_Ct_r01_2015_12_14_L002	6	0.0000	0.0002	1.0000
HAMBI_0403_chrm01_circ_5274993	PS_Ct_r01_2016_01_11_L002	6	0.0101	0.0002	1.0000
HAMBI_0403_chrm01_circ_5274993	PS_Ct_r01_2016_02_08_L002	6	0.0101	0.0007	1.0000
HAMBI_0403_chrm01_circ_5274993	PS_Ct_r01_2016_03_07_L001	6	0.0101	0.0000	1.0000
HAMBI_0403_chrm01_circ_5274993	PS_Ct_r01_2016_04_03_L001	6	0.0206	0.0019	1.0000
HAMBI_0403_chrm01_circ_5274993	PS_Ct_r01_2016_05_04_L001	6	0.0000	0.0002	1.0000
HAMBI_0403_chrm01_circ_5274993	PS_Ct_r01_2016_05_30_L001	6	0.0101	0.0000	1.0000
HAMBI_0403_chrm01_circ_5274993	PS_Ct_r01_2016_07_25_L004	6	0.0101	0.0001	1.0000
HAMBI_0403_chrm01_circ_5274993	PS_Ct_r01_2016_08_22_L004	6	0.0101	0.0005	1.0000
HAMBI_0403_chrm01_circ_5274993	PS_Ct_r01_2016_09_19_L004	6	0.0845	0.0068	1.0000
HAMBI_0403_chrm01_circ_5274993	PS_Ct_r01_2016_10_17_L004	6	0.2377	0.0100	1.0000
HAMBI_0403_chrm01_circ_5274993	PS_Ct_r01_2016_11_14_L004	6	0.3358	0.0112	1.0000
HAMBI_0403_chrm01_circ_5274993	PS_Ct_r01_2016_12_12_L004	6	0.3967	0.0108	1.0000
HAMBI_0403_chrm01_circ_5274993	PS_Ct_r01_2017_01_09_L002	6	0.2967	0.0100	1.0000
HAMBI_0403_chrm01_circ_5274993	PS_Ct_r01_2017_02_06_L004	6	0.2192	0.0103	1.0000
HAMBI_0403_chrm01_circ_5274993	PS_Ct_r01_2017_03_06_L001	6	0.3173	0.0102	1.0000
HAMBI_0403_chrm01_circ_5274993	PS_Ct_r01_2017_04_03_L001	6	0.2700	0.0088	1.0000
HAMBI_0403_chrm01_circ_5274993	PS_Ct_r01_2017_05_29_L001	6	0.3067	0.0102	1.0000
HAMBI_0403_chrm01_circ_5274993	PS_Ct_r01_2017_07_24_L001	6	0.5268	0.0109	1.0000
HAMBI_0403_chrm01_circ_5274993	PS_Ct_r01_2017_08_21_L002	6	0.4807	0.0110	1.0000
HAMBI_0403_chrm01_circ_5513562	PS_Ct_r01_2015_08_24_L001	6	0.0000	0.0000	1.0000
HAMBI_0403_chrm01_circ_5513562	PS_Ct_r01_2015_09_21_L001	6	0.0000	0.0000	1.0000
HAMBI_0403_chrm01_circ_5513562	PS_Ct_r01_2015_10_19_L001	6	0.0000	0.0000	1.0000
HAMBI_0403_chrm01_circ_5513562	PS_Ct_r01_2015_11_16_L002	6	0.0101	0.0000	1.0000
HAMBI_0403_chrm01_circ_5513562	PS_Ct_r01_2015_12_14_L002	6	0.0000	0.0002	1.0000
HAMBI_0403_chrm01_circ_5513562	PS_Ct_r01_2016_01_11_L002	6	0.0101	0.0002	1.0000
HAMBI_0403_chrm01_circ_5513562	PS_Ct_r01_2016_02_08_L002	6	0.0101	0.0007	1.0000
HAMBI_0403_chrm01_circ_5513562	PS_Ct_r01_2016_03_07_L001	6	0.0101	0.0000	1.0000
HAMBI_0403_chrm01_circ_5513562	PS_Ct_r01_2016_04_03_L001	6	0.0206	0.0019	1.0000
HAMBI_0403_chrm01_circ_5513562	PS_Ct_r01_2016_05_04_L001	6	0.0000	0.0002	1.0000
HAMBI_0403_chrm01_circ_5513562	PS_Ct_r01_2016_05_30_L001	6	0.0101	0.0000	1.0000
HAMBI_0403_chrm01_circ_5513562	PS_Ct_r01_2016_07_25_L004	6	0.0101	0.0001	1.0000
HAMBI_0403_chrm01_circ_5513562	PS_Ct_r01_2016_08_22_L004	6	0.0101	0.0005	1.0000
HAMBI_0403_chrm01_circ_5513562	PS_Ct_r01_2016_09_19_L004	6	0.0845	0.0068	1.0000
HAMBI_0403_chrm01_circ_5513562	PS_Ct_r01_2016_10_17_L004	6	0.2377	0.0100	1.0000
HAMBI_0403_chrm01_circ_5513562	PS_Ct_r01_2016_11_14_L004	6	0.3358	0.0112	1.0000
HAMBI_0403_chrm01_circ_5513562	PS_Ct_r01_2016_12_12_L004	6	0.3967	0.0108	1.0000
HAMBI_0403_chrm01_circ_5513562	PS_Ct_r01_2017_01_09_L002	6	0.2967	0.0100	1.0000
HAMBI_0403_chrm01_circ_5513562	PS_Ct_r01_2017_02_06_L004	6	0.2192	0.0103	1.0000
HAMBI_0403_chrm01_circ_5513562	PS_Ct_r01_2017_03_06_L001	6	0.3173	0.0102	1.0000
HAMBI_0403_chrm01_circ_5513562	PS_Ct_r01_2017_04_03_L001	6	0.2700	0.0088	1.0000
HAMBI_0403_chrm01_circ_5513562	PS_Ct_r01_2017_05_29_L001	6	0.3067	0.0102	1.0000
HAMBI_0403_chrm01_circ_5513562	PS_Ct_r01_2017_07_24_L001	6	0.5268	0.0109	1.0000
HAMBI_0403_chrm01_circ_5513562	PS_Ct_r01_2017_08_21_L002	6	0.4807	0.0110	1.0000
HAMBI_0403_chrm01_circ_5520567	PS_Ct_r01_2015_08_24_L001	6	0.0000	0.0000	1.0000
HAMBI_0403_chrm01_circ_5520567	PS_Ct_r01_2015_09_21_L001	6	0.0000	0.0000	1.0000
HAMBI_0403_chrm01_circ_5520567	PS_Ct_r01_2015_10_19_L001	6	0.0000	0.0000	1.0000
HAMBI_0403_chrm01_circ_5520567	PS_Ct_r01_2015_11_16_L002	6	0.0101	0.0000	1.0000
HAMBI_0403_chrm01_circ_5520567	PS_Ct_r01_2015_12_14_L002	6	0.0000	0.0002	1.0000
HAMBI_0403_chrm01_circ_5520567	PS_Ct_r01_2016_01_11_L002	6	0.0101	0.0002	1.0000
HAMBI_0403_chrm01_circ_5520567	PS_Ct_r01_2016_02_08_L002	6	0.0101	0.0007	1.0000
HAMBI_0403_chrm01_circ_5520567	PS_Ct_r01_2016_03_07_L001	6	0.0101	0.0000	1.0000
HAMBI_0403_chrm01_circ_5520567	PS_Ct_r01_2016_04_03_L001	6	0.0206	0.0019	1.0000
HAMBI_0403_chrm01_circ_5520567	PS_Ct_r01_2016_05_04_L001	6	0.0000	0.0002	1.0000
HAMBI_0403_chrm01_circ_5520567	PS_Ct_r01_2016_05_30_L001	6	0.0101	0.0000	1.0000
HAMBI_0403_chrm01_circ_5520567	PS_Ct_r01_2016_07_25_L004	6	0.0101	0.0001	1.0000
HAMBI_0403_chrm01_circ_5520567	PS_Ct_r01_2016_08_22_L004	6	0.0101	0.0005	1.0000
HAMBI_0403_chrm01_circ_5520567	PS_Ct_r01_2016_09_19_L004	6	0.0845	0.0068	1.0000
HAMBI_0403_chrm01_circ_5520567	PS_Ct_r01_2016_10_17_L004	6	0.2377	0.0100	1.0000
HAMBI_0403_chrm01_circ_5520567	PS_Ct_r01_2016_11_14_L004	6	0.3358	0.0112	1.0000
HAMBI_0403_chrm01_circ_5520567	PS_Ct_r01_2016_12_12_L004	6	0.3967	0.0108	1.0000
HAMBI_0403_chrm01_circ_5520567	PS_Ct_r01_2017_01_09_L002	6	0.2967	0.0100	1.0000
HAMBI_0403_chrm01_circ_5520567	PS_Ct_r01_2017_02_06_L004	6	0.2192	0.0103	1.0000
HAMBI_0403_chrm01_circ_5520567	PS_Ct_r01_2017_03_06_L001	6	0.3173	0.0102	1.0000
HAMBI_0403_chrm01_circ_5520567	PS_Ct_r01_2017_04_03_L001	6	0.2700	0.0088	1.0000
HAMBI_0403_chrm01_circ_5520567	PS_Ct_r01_2017_05_29_L001	6	0.3067	0.0102	1.0000
HAMBI_0403_chrm01_circ_5520567	PS_Ct_r01_2017_07_24_L001	6	0.5268	0.0109	1.0000
HAMBI_0403_chrm01_circ_5520567	PS_Ct_r01_2017_08_21_L002	6	0.4807	0.0110	1.0000
HAMBI_0403_chrm01_circ_657663	PS_Ct_r01_2015_08_24_L001	6	0.0000	0.0000	1.0000
HAMBI_0403_chrm01_circ_657663	PS_Ct_r01_2015_09_21_L001	6	0.0000	0.0000	1.0000
HAMBI_0403_chrm01_circ_657663	PS_Ct_r01_2015_10_19_L001	6	0.0000	0.0000	1.0000
HAMBI_0403_chrm01_circ_657663	PS_Ct_r01_2015_11_16_L002	6	0.0101	0.0000	1.0000
HAMBI_0403_chrm01_circ_657663	PS_Ct_r01_2015_12_14_L002	6	0.0000	0.0002	1.0000
HAMBI_0403_chrm01_circ_657663	PS_Ct_r01_2016_01_11_L002	6	0.0101	0.0002	1.0000
HAMBI_0403_chrm01_circ_657663	PS_Ct_r01_2016_02_08_L002	6	0.0101	0.0007	1.0000
HAMBI_0403_chrm01_circ_657663	PS_Ct_r01_2016_03_07_L001	6	0.0101	0.0000	1.0000
HAMBI_0403_chrm01_circ_657663	PS_Ct_r01_2016_04_03_L001	6	0.0206	0.0019	1.0000
HAMBI_0403_chrm01_circ_657663	PS_Ct_r01_2016_05_04_L001	6	0.0000	0.0002	1.0000
HAMBI_0403_chrm01_circ_657663	PS_Ct_r01_2016_05_30_L001	6	0.0101	0.0000	1.0000
HAMBI_0403_chrm01_circ_657663	PS_Ct_r01_2016_07_25_L004	6	0.0101	0.0001	1.0000
HAMBI_0403_chrm01_circ_657663	PS_Ct_r01_2016_08_22_L004	6	0.0101	0.0005	1.0000
HAMBI_0403_chrm01_circ_657663	PS_Ct_r01_2016_09_19_L004	6	0.0845	0.0068	1.0000
HAMBI_0403_chrm01_circ_657663	PS_Ct_r01_2016_10_17_L004	6	0.2377	0.0100	1.0000
HAMBI_0403_chrm01_circ_657663	PS_Ct_r01_2016_11_14_L004	6	0.3358	0.0112	1.0000
HAMBI_0403_chrm01_circ_657663	PS_Ct_r01_2016_12_12_L004	6	0.3967	0.0108	1.0000
HAMBI_0403_chrm01_circ_657663	PS_Ct_r01_2017_01_09_L002	6	0.2967	0.0100	1.0000
HAMBI_0403_chrm01_circ_657663	PS_Ct_r01_2017_02_06_L004	6	0.2192	0.0103	1.0000
HAMBI_0403_chrm01_circ_657663	PS_Ct_r01_2017_03_06_L001	6	0.3173	0.0102	1.0000
HAMBI_0403_chrm01_circ_657663	PS_Ct_r01_2017_04_03_L001	6	0.2700	0.0088	1.0000
HAMBI_0403_chrm01_circ_657663	PS_Ct_r01_2017_05_29_L001	6	0.3067	0.0102	1.0000
HAMBI_0403_chrm01_circ_657663	PS_Ct_r01_2017_07_24_L001	6	0.5268	0.0109	1.0000
HAMBI_0403_chrm01_circ_657663	PS_Ct_r01_2017_08_21_L002	6	0.4807	0.0110	1.0000
HAMBI_0403_chrm01_circ_860096	PS_Ct_r01_2015_08_24_L001	6	0.0000	0.0000	1.0000
HAMBI_0403_chrm01_circ_860096	PS_Ct_r01_2015_09_21_L001	6	0.0000	0.0000	1.0000
HAMBI_0403_chrm01_circ_860096	PS_Ct_r01_2015_10_19_L001	6	0.0000	0.0000	1.0000
HAMBI_0403_chrm01_circ_860096	PS_Ct_r01_2015_11_16_L002	6	0.0101	0.0000	1.0000
HAMBI_0403_chrm01_circ_860096	PS_Ct_r01_2015_12_14_L002	6	0.0000	0.0002	1.0000
HAMBI_0403_chrm01_circ_860096	PS_Ct_r01_2016_01_11_L002	6	0.0101	0.0002	1.0000
HAMBI_0403_chrm01_circ_860096	PS_Ct_r01_2016_02_08_L002	6	0.0101	0.0007	1.0000
HAMBI_0403_chrm01_circ_860096	PS_Ct_r01_2016_03_07_L001	6	0.0101	0.0000	1.0000
HAMBI_0403_chrm01_circ_860096	PS_Ct_r01_2016_04_03_L001	6	0.0206	0.0019	1.0000
HAMBI_0403_chrm01_circ_860096	PS_Ct_r01_2016_05_04_L001	6	0.0000	0.0002	1.0000
HAMBI_0403_chrm01_circ_860096	PS_Ct_r01_2016_05_30_L001	6	0.0101	0.0000	1.0000
HAMBI_0403_chrm01_circ_860096	PS_Ct_r01_2016_07_25_L004	6	0.0101	0.0001	1.0000
HAMBI_0403_chrm01_circ_860096	PS_Ct_r01_2016_08_22_L004	6	0.0101	0.0005	1.0000
HAMBI_0403_chrm01_circ_860096	PS_Ct_r01_2016_09_19_L004	6	0.0845	0.0068	1.0000
HAMBI_0403_chrm01_circ_860096	PS_Ct_r01_2016_10_17_L004	6	0.2377	0.0100	1.0000
HAMBI_0403_chrm01_circ_860096	PS_Ct_r01_2016_11_14_L004	6	0.3358	0.0112	1.0000
HAMBI_0403_chrm01_circ_860096	PS_Ct_r01_2016_12_12_L004	6	0.3967	0.0108	1.0000
HAMBI_0403_chrm01_circ_860096	PS_Ct_r01_2017_01_09_L002	6	0.2967	0.0100	1.0000
HAMBI_0403_chrm01_circ_860096	PS_Ct_r01_2017_02_06_L004	6	0.2192	0.0103	1.0000
HAMBI_0403_chrm01_circ_860096	PS_Ct_r01_2017_03_06_L001	6	0.3173	0.0102	1.0000
HAMBI_0403_chrm01_circ_860096	PS_Ct_r01_2017_04_03_L001	6	0.2700	0.0088	1.0000
HAMBI_0403_chrm01_circ_860096	PS_Ct_r01_2017_05_29_L001	6	0.3067	0.0102	1.0000
HAMBI_0403_chrm01_circ_860096	PS_Ct_r01_2017_07_24_L001	6	0.5268	0.0109	1.0000
HAMBI_0403_chrm01_circ_860096	PS_Ct_r01_2017_08_21_L002	6	0.4807	0.0110	1.0000
HAMBI_0403_chrm01_circ_1132478	PS_Ct_r01_2015_08_24_L001	7	0.0000	0.0000	1.0000
HAMBI_0403_chrm01_circ_1132478	PS_Ct_r01_2015_09_21_L001	7	0.0000	0.0000	1.0000
HAMBI_0403_chrm01_circ_1132478	PS_Ct_r01_2015_10_19_L001	7	0.0000	0.0000	1.0000
HAMBI_0403_chrm01_circ_1132478	PS_Ct_r01_2015_11_16_L002	7	0.0000	0.0000	1.0000
HAMBI_0403_chrm01_circ_1132478	PS_Ct_r01_2015_12_14_L002	7	0.0000	0.0000	1.0000
HAMBI_0403_chrm01_circ_1132478	PS_Ct_r01_2016_01_11_L002	7	0.0000	0.0000	1.0000
HAMBI_0403_chrm01_circ_1132478	PS_Ct_r01_2016_02_08_L002	7	0.0000	0.0000	1.0000
HAMBI_0403_chrm01_circ_1132478	PS_Ct_r01_2016_03_07_L001	7	0.0000	0.0000	1.0000
HAMBI_0403_chrm01_circ_1132478	PS_Ct_r01_2016_04_03_L001	7	0.0000	0.0000	1.0000
HAMBI_0403_chrm01_circ_1132478	PS_Ct_r01_2016_05_04_L001	7	0.0000	0.0000	1.0000
HAMBI_0403_chrm01_circ_1132478	PS_Ct_r01_2016_05_30_L001	7	0.0000	0.0000	1.0000
HAMBI_0403_chrm01_circ_1132478	PS_Ct_r01_2016_07_25_L004	7	0.0000	0.0000	1.0000
HAMBI_0403_chrm01_circ_1132478	PS_Ct_r01_2016_08_22_L004	7	0.0000	0.0000	1.0000
HAMBI_0403_chrm01_circ_1132478	PS_Ct_r01_2016_09_19_L004	7	0.0000	0.0000	1.0000
HAMBI_0403_chrm01_circ_1132478	PS_Ct_r01_2016_10_17_L004	7	0.0000	0.0000	1.0000
HAMBI_0403_chrm01_circ_1132478	PS_Ct_r01_2016_11_14_L004	7	0.0000	0.0000	1.0000
HAMBI_0403_chrm01_circ_1132478	PS_Ct_r01_2016_12_12_L004	7	0.0000	0.0000	1.0000
HAMBI_0403_chrm01_circ_1132478	PS_Ct_r01_2017_01_09_L002	7	0.0000	0.0001	1.0000
HAMBI_0403_chrm01_circ_1132478	PS_Ct_r01_2017_02_06_L004	7	0.0101	0.0000	1.0000
HAMBI_0403_chrm01_circ_1132478	PS_Ct_r01_2017_03_06_L001	7	0.0101	0.0000	1.0000
HAMBI_0403_chrm01_circ_1132478	PS_Ct_r01_2017_04_03_L001	7	0.0252	0.0051	1.0000
HAMBI_0403_chrm01_circ_1132478	PS_Ct_r01_2017_05_29_L001	7	0.1648	0.0063	1.0000
HAMBI_0403_chrm01_circ_1132478	PS_Ct_r01_2017_07_24_L001	7	0.3966	0.0082	1.0000
HAMBI_0403_chrm01_circ_1132478	PS_Ct_r01_2017_08_21_L002	7	0.3196	0.0078	1.0000
HAMBI_0403_chrm01_circ_1136359	PS_Ct_r01_2015_08_24_L001	7	0.0000	0.0000	1.0000
HAMBI_0403_chrm01_circ_1136359	PS_Ct_r01_2015_09_21_L001	7	0.0000	0.0000	1.0000
HAMBI_0403_chrm01_circ_1136359	PS_Ct_r01_2015_10_19_L001	7	0.0000	0.0000	1.0000
HAMBI_0403_chrm01_circ_1136359	PS_Ct_r01_2015_11_16_L002	7	0.0000	0.0000	1.0000
HAMBI_0403_chrm01_circ_1136359	PS_Ct_r01_2015_12_14_L002	7	0.0000	0.0000	1.0000
HAMBI_0403_chrm01_circ_1136359	PS_Ct_r01_2016_01_11_L002	7	0.0000	0.0000	1.0000
HAMBI_0403_chrm01_circ_1136359	PS_Ct_r01_2016_02_08_L002	7	0.0000	0.0000	1.0000
HAMBI_0403_chrm01_circ_1136359	PS_Ct_r01_2016_03_07_L001	7	0.0000	0.0000	1.0000
HAMBI_0403_chrm01_circ_1136359	PS_Ct_r01_2016_04_03_L001	7	0.0000	0.0000	1.0000
HAMBI_0403_chrm01_circ_1136359	PS_Ct_r01_2016_05_04_L001	7	0.0000	0.0000	1.0000
HAMBI_0403_chrm01_circ_1136359	PS_Ct_r01_2016_05_30_L001	7	0.0000	0.0000	1.0000
HAMBI_0403_chrm01_circ_1136359	PS_Ct_r01_2016_07_25_L004	7	0.0000	0.0000	1.0000
HAMBI_0403_chrm01_circ_1136359	PS_Ct_r01_2016_08_22_L004	7	0.0000	0.0000	1.0000
HAMBI_0403_chrm01_circ_1136359	PS_Ct_r01_2016_09_19_L004	7	0.0000	0.0000	1.0000
HAMBI_0403_chrm01_circ_1136359	PS_Ct_r01_2016_10_17_L004	7	0.0000	0.0000	1.0000
HAMBI_0403_chrm01_circ_1136359	PS_Ct_r01_2016_11_14_L004	7	0.0000	0.0000	1.0000
HAMBI_0403_chrm01_circ_1136359	PS_Ct_r01_2016_12_12_L004	7	0.0000	0.0000	1.0000
HAMBI_0403_chrm01_circ_1136359	PS_Ct_r01_2017_01_09_L002	7	0.0000	0.0001	1.0000
HAMBI_0403_chrm01_circ_1136359	PS_Ct_r01_2017_02_06_L004	7	0.0101	0.0000	1.0000
HAMBI_0403_chrm01_circ_1136359	PS_Ct_r01_2017_03_06_L001	7	0.0101	0.0000	1.0000
HAMBI_0403_chrm01_circ_1136359	PS_Ct_r01_2017_04_03_L001	7	0.0252	0.0051	1.0000
HAMBI_0403_chrm01_circ_1136359	PS_Ct_r01_2017_05_29_L001	7	0.1648	0.0063	1.0000
HAMBI_0403_chrm01_circ_1136359	PS_Ct_r01_2017_07_24_L001	7	0.3966	0.0082	1.0000
HAMBI_0403_chrm01_circ_1136359	PS_Ct_r01_2017_08_21_L002	7	0.3196	0.0078	1.0000
HAMBI_0403_chrm01_circ_122711	PS_Ct_r01_2015_08_24_L001	7	0.0000	0.0000	1.0000
HAMBI_0403_chrm01_circ_122711	PS_Ct_r01_2015_09_21_L001	7	0.0000	0.0000	1.0000
HAMBI_0403_chrm01_circ_122711	PS_Ct_r01_2015_10_19_L001	7	0.0000	0.0000	1.0000
HAMBI_0403_chrm01_circ_122711	PS_Ct_r01_2015_11_16_L002	7	0.0000	0.0000	1.0000
HAMBI_0403_chrm01_circ_122711	PS_Ct_r01_2015_12_14_L002	7	0.0000	0.0000	1.0000
HAMBI_0403_chrm01_circ_122711	PS_Ct_r01_2016_01_11_L002	7	0.0000	0.0000	1.0000
HAMBI_0403_chrm01_circ_122711	PS_Ct_r01_2016_02_08_L002	7	0.0000	0.0000	1.0000
HAMBI_0403_chrm01_circ_122711	PS_Ct_r01_2016_03_07_L001	7	0.0000	0.0000	1.0000
HAMBI_0403_chrm01_circ_122711	PS_Ct_r01_2016_04_03_L001	7	0.0000	0.0000	1.0000
HAMBI_0403_chrm01_circ_122711	PS_Ct_r01_2016_05_04_L001	7	0.0000	0.0000	1.0000
HAMBI_0403_chrm01_circ_122711	PS_Ct_r01_2016_05_30_L001	7	0.0000	0.0000	1.0000
HAMBI_0403_chrm01_circ_122711	PS_Ct_r01_2016_07_25_L004	7	0.0000	0.0000	1.0000
HAMBI_0403_chrm01_circ_122711	PS_Ct_r01_2016_08_22_L004	7	0.0000	0.0000	1.0000
HAMBI_0403_chrm01_circ_122711	PS_Ct_r01_2016_09_19_L004	7	0.0000	0.0000	1.0000
HAMBI_0403_chrm01_circ_122711	PS_Ct_r01_2016_10_17_L004	7	0.0000	0.0000	1.0000
HAMBI_0403_chrm01_circ_122711	PS_Ct_r01_2016_11_14_L004	7	0.0000	0.0000	1.0000
HAMBI_0403_chrm01_circ_122711	PS_Ct_r01_2016_12_12_L004	7	0.0000	0.0000	1.0000
HAMBI_0403_chrm01_circ_122711	PS_Ct_r01_2017_01_09_L002	7	0.0000	0.0001	1.0000
HAMBI_0403_chrm01_circ_122711	PS_Ct_r01_2017_02_06_L004	7	0.0101	0.0000	1.0000
HAMBI_0403_chrm01_circ_122711	PS_Ct_r01_2017_03_06_L001	7	0.0101	0.0000	1.0000
HAMBI_0403_chrm01_circ_122711	PS_Ct_r01_2017_04_03_L001	7	0.0252	0.0051	1.0000
HAMBI_0403_chrm01_circ_122711	PS_Ct_r01_2017_05_29_L001	7	0.1648	0.0063	1.0000
HAMBI_0403_chrm01_circ_122711	PS_Ct_r01_2017_07_24_L001	7	0.3966	0.0082	1.0000
HAMBI_0403_chrm01_circ_122711	PS_Ct_r01_2017_08_21_L002	7	0.3196	0.0078	1.0000
HAMBI_0403_chrm01_circ_1333762	PS_Ct_r01_2015_08_24_L001	7	0.0000	0.0000	1.0000
HAMBI_0403_chrm01_circ_1333762	PS_Ct_r01_2015_09_21_L001	7	0.0000	0.0000	1.0000
HAMBI_0403_chrm01_circ_1333762	PS_Ct_r01_2015_10_19_L001	7	0.0000	0.0000	1.0000
HAMBI_0403_chrm01_circ_1333762	PS_Ct_r01_2015_11_16_L002	7	0.0000	0.0000	1.0000
HAMBI_0403_chrm01_circ_1333762	PS_Ct_r01_2015_12_14_L002	7	0.0000	0.0000	1.0000
HAMBI_0403_chrm01_circ_1333762	PS_Ct_r01_2016_01_11_L002	7	0.0000	0.0000	1.0000
HAMBI_0403_chrm01_circ_1333762	PS_Ct_r01_2016_02_08_L002	7	0.0000	0.0000	1.0000
HAMBI_0403_chrm01_circ_1333762	PS_Ct_r01_2016_03_07_L001	7	0.0000	0.0000	1.0000
HAMBI_0403_chrm01_circ_1333762	PS_Ct_r01_2016_04_03_L001	7	0.0000	0.0000	1.0000
HAMBI_0403_chrm01_circ_1333762	PS_Ct_r01_2016_05_04_L001	7	0.0000	0.0000	1.0000
HAMBI_0403_chrm01_circ_1333762	PS_Ct_r01_2016_05_30_L001	7	0.0000	0.0000	1.0000
HAMBI_0403_chrm01_circ_1333762	PS_Ct_r01_2016_07_25_L004	7	0.0000	0.0000	1.0000
HAMBI_0403_chrm01_circ_1333762	PS_Ct_r01_2016_08_22_L004	7	0.0000	0.0000	1.0000
HAMBI_0403_chrm01_circ_1333762	PS_Ct_r01_2016_09_19_L004	7	0.0000	0.0000	1.0000
HAMBI_0403_chrm01_circ_1333762	PS_Ct_r01_2016_10_17_L004	7	0.0000	0.0000	1.0000
HAMBI_0403_chrm01_circ_1333762	PS_Ct_r01_2016_11_14_L004	7	0.0000	0.0000	1.0000
HAMBI_0403_chrm01_circ_1333762	PS_Ct_r01_2016_12_12_L004	7	0.0000	0.0000	1.0000
HAMBI_0403_chrm01_circ_1333762	PS_Ct_r01_2017_01_09_L002	7	0.0000	0.0001	1.0000
HAMBI_0403_chrm01_circ_1333762	PS_Ct_r01_2017_02_06_L004	7	0.0101	0.0000	1.0000
HAMBI_0403_chrm01_circ_1333762	PS_Ct_r01_2017_03_06_L001	7	0.0101	0.0000	1.0000
HAMBI_0403_chrm01_circ_1333762	PS_Ct_r01_2017_04_03_L001	7	0.0252	0.0051	1.0000
HAMBI_0403_chrm01_circ_1333762	PS_Ct_r01_2017_05_29_L001	7	0.1648	0.0063	1.0000
HAMBI_0403_chrm01_circ_1333762	PS_Ct_r01_2017_07_24_L001	7	0.3966	0.0082	1.0000
HAMBI_0403_chrm01_circ_1333762	PS_Ct_r01_2017_08_21_L002	7	0.3196	0.0078	1.0000
HAMBI_0403_chrm01_circ_1417706	PS_Ct_r01_2015_08_24_L001	7	0.0000	0.0000	1.0000
HAMBI_0403_chrm01_circ_1417706	PS_Ct_r01_2015_09_21_L001	7	0.0000	0.0000	1.0000
HAMBI_0403_chrm01_circ_1417706	PS_Ct_r01_2015_10_19_L001	7	0.0000	0.0000	1.0000
HAMBI_0403_chrm01_circ_1417706	PS_Ct_r01_2015_11_16_L002	7	0.0000	0.0000	1.0000
HAMBI_0403_chrm01_circ_1417706	PS_Ct_r01_2015_12_14_L002	7	0.0000	0.0000	1.0000
HAMBI_0403_chrm01_circ_1417706	PS_Ct_r01_2016_01_11_L002	7	0.0000	0.0000	1.0000
HAMBI_0403_chrm01_circ_1417706	PS_Ct_r01_2016_02_08_L002	7	0.0000	0.0000	1.0000
HAMBI_0403_chrm01_circ_1417706	PS_Ct_r01_2016_03_07_L001	7	0.0000	0.0000	1.0000
HAMBI_0403_chrm01_circ_1417706	PS_Ct_r01_2016_04_03_L001	7	0.0000	0.0000	1.0000
HAMBI_0403_chrm01_circ_1417706	PS_Ct_r01_2016_05_04_L001	7	0.0000	0.0000	1.0000
HAMBI_0403_chrm01_circ_1417706	PS_Ct_r01_2016_05_30_L001	7	0.0000	0.0000	1.0000
HAMBI_0403_chrm01_circ_1417706	PS_Ct_r01_2016_07_25_L004	7	0.0000	0.0000	1.0000
HAMBI_0403_chrm01_circ_1417706	PS_Ct_r01_2016_08_22_L004	7	0.0000	0.0000	1.0000
HAMBI_0403_chrm01_circ_1417706	PS_Ct_r01_2016_09_19_L004	7	0.0000	0.0000	1.0000
HAMBI_0403_chrm01_circ_1417706	PS_Ct_r01_2016_10_17_L004	7	0.0000	0.0000	1.0000
HAMBI_0403_chrm01_circ_1417706	PS_Ct_r01_2016_11_14_L004	7	0.0000	0.0000	1.0000
HAMBI_0403_chrm01_circ_1417706	PS_Ct_r01_2016_12_12_L004	7	0.0000	0.0000	1.0000
HAMBI_0403_chrm01_circ_1417706	PS_Ct_r01_2017_01_09_L002	7	0.0000	0.0001	1.0000
HAMBI_0403_chrm01_circ_1417706	PS_Ct_r01_2017_02_06_L004	7	0.0101	0.0000	1.0000
HAMBI_0403_chrm01_circ_1417706	PS_Ct_r01_2017_03_06_L001	7	0.0101	0.0000	1.0000
HAMBI_0403_chrm01_circ_1417706	PS_Ct_r01_2017_04_03_L001	7	0.0252	0.0051	1.0000
HAMBI_0403_chrm01_circ_1417706	PS_Ct_r01_2017_05_29_L001	7	0.1648	0.0063	1.0000
HAMBI_0403_chrm01_circ_1417706	PS_Ct_r01_2017_07_24_L001	7	0.3966	0.0082	1.0000
HAMBI_0403_chrm01_circ_1417706	PS_Ct_r01_2017_08_21_L002	7	0.3196	0.0078	1.0000
HAMBI_0403_chrm01_circ_1428305	PS_Ct_r01_2015_08_24_L001	7	0.0000	0.0000	1.0000
HAMBI_0403_chrm01_circ_1428305	PS_Ct_r01_2015_09_21_L001	7	0.0000	0.0000	1.0000
HAMBI_0403_chrm01_circ_1428305	PS_Ct_r01_2015_10_19_L001	7	0.0000	0.0000	1.0000
HAMBI_0403_chrm01_circ_1428305	PS_Ct_r01_2015_11_16_L002	7	0.0000	0.0000	1.0000
HAMBI_0403_chrm01_circ_1428305	PS_Ct_r01_2015_12_14_L002	7	0.0000	0.0000	1.0000
HAMBI_0403_chrm01_circ_1428305	PS_Ct_r01_2016_01_11_L002	7	0.0000	0.0000	1.0000
HAMBI_0403_chrm01_circ_1428305	PS_Ct_r01_2016_02_08_L002	7	0.0000	0.0000	1.0000
HAMBI_0403_chrm01_circ_1428305	PS_Ct_r01_2016_03_07_L001	7	0.0000	0.0000	1.0000
HAMBI_0403_chrm01_circ_1428305	PS_Ct_r01_2016_04_03_L001	7	0.0000	0.0000	1.0000
HAMBI_0403_chrm01_circ_1428305	PS_Ct_r01_2016_05_04_L001	7	0.0000	0.0000	1.0000
HAMBI_0403_chrm01_circ_1428305	PS_Ct_r01_2016_05_30_L001	7	0.0000	0.0000	1.0000
HAMBI_0403_chrm01_circ_1428305	PS_Ct_r01_2016_07_25_L004	7	0.0000	0.0000	1.0000
HAMBI_0403_chrm01_circ_1428305	PS_Ct_r01_2016_08_22_L004	7	0.0000	0.0000	1.0000
HAMBI_0403_chrm01_circ_1428305	PS_Ct_r01_2016_09_19_L004	7	0.0000	0.0000	1.0000
HAMBI_0403_chrm01_circ_1428305	PS_Ct_r01_2016_10_17_L004	7	0.0000	0.0000	1.0000
HAMBI_0403_chrm01_circ_1428305	PS_Ct_r01_2016_11_14_L004	7	0.0000	0.0000	1.0000
HAMBI_0403_chrm01_circ_1428305	PS_Ct_r01_2016_12_12_L004	7	0.0000	0.0000	1.0000
HAMBI_0403_chrm01_circ_1428305	PS_Ct_r01_2017_01_09_L002	7	0.0000	0.0001	1.0000
HAMBI_0403_chrm01_circ_1428305	PS_Ct_r01_2017_02_06_L004	7	0.0101	0.0000	1.0000
HAMBI_0403_chrm01_circ_1428305	PS_Ct_r01_2017_03_06_L001	7	0.0101	0.0000	1.0000
HAMBI_0403_chrm01_circ_1428305	PS_Ct_r01_2017_04_03_L001	7	0.0252	0.0051	1.0000
HAMBI_0403_chrm01_circ_1428305	PS_Ct_r01_2017_05_29_L001	7	0.1648	0.0063	1.0000
HAMBI_0403_chrm01_circ_1428305	PS_Ct_r01_2017_07_24_L001	7	0.3966	0.0082	1.0000
HAMBI_0403_chrm01_circ_1428305	PS_Ct_r01_2017_08_21_L002	7	0.3196	0.0078	1.0000
HAMBI_0403_chrm01_circ_1512756	PS_Ct_r01_2015_08_24_L001	7	0.0000	0.0000	1.0000
HAMBI_0403_chrm01_circ_1512756	PS_Ct_r01_2015_09_21_L001	7	0.0000	0.0000	1.0000
HAMBI_0403_chrm01_circ_1512756	PS_Ct_r01_2015_10_19_L001	7	0.0000	0.0000	1.0000
HAMBI_0403_chrm01_circ_1512756	PS_Ct_r01_2015_11_16_L002	7	0.0000	0.0000	1.0000
HAMBI_0403_chrm01_circ_1512756	PS_Ct_r01_2015_12_14_L002	7	0.0000	0.0000	1.0000
HAMBI_0403_chrm01_circ_1512756	PS_Ct_r01_2016_01_11_L002	7	0.0000	0.0000	1.0000
HAMBI_0403_chrm01_circ_1512756	PS_Ct_r01_2016_02_08_L002	7	0.0000	0.0000	1.0000
HAMBI_0403_chrm01_circ_1512756	PS_Ct_r01_2016_03_07_L001	7	0.0000	0.0000	1.0000
HAMBI_0403_chrm01_circ_1512756	PS_Ct_r01_2016_04_03_L001	7	0.0000	0.0000	1.0000
HAMBI_0403_chrm01_circ_1512756	PS_Ct_r01_2016_05_04_L001	7	0.0000	0.0000	1.0000
HAMBI_0403_chrm01_circ_1512756	PS_Ct_r01_2016_05_30_L001	7	0.0000	0.0000	1.0000
HAMBI_0403_chrm01_circ_1512756	PS_Ct_r01_2016_07_25_L004	7	0.0000	0.0000	1.0000
HAMBI_0403_chrm01_circ_1512756	PS_Ct_r01_2016_08_22_L004	7	0.0000	0.0000	1.0000
HAMBI_0403_chrm01_circ_1512756	PS_Ct_r01_2016_09_19_L004	7	0.0000	0.0000	1.0000
HAMBI_0403_chrm01_circ_1512756	PS_Ct_r01_2016_10_17_L004	7	0.0000	0.0000	1.0000
HAMBI_0403_chrm01_circ_1512756	PS_Ct_r01_2016_11_14_L004	7	0.0000	0.0000	1.0000
HAMBI_0403_chrm01_circ_1512756	PS_Ct_r01_2016_12_12_L004	7	0.0000	0.0000	1.0000
HAMBI_0403_chrm01_circ_1512756	PS_Ct_r01_2017_01_09_L002	7	0.0000	0.0001	1.0000
HAMBI_0403_chrm01_circ_1512756	PS_Ct_r01_2017_02_06_L004	7	0.0101	0.0000	1.0000
HAMBI_0403_chrm01_circ_1512756	PS_Ct_r01_2017_03_06_L001	7	0.0101	0.0000	1.0000
HAMBI_0403_chrm01_circ_1512756	PS_Ct_r01_2017_04_03_L001	7	0.0252	0.0051	1.0000
HAMBI_0403_chrm01_circ_1512756	PS_Ct_r01_2017_05_29_L001	7	0.1648	0.0063	1.0000
HAMBI_0403_chrm01_circ_1512756	PS_Ct_r01_2017_07_24_L001	7	0.3966	0.0082	1.0000
HAMBI_0403_chrm01_circ_1512756	PS_Ct_r01_2017_08_21_L002	7	0.3196	0.0078	1.0000
HAMBI_0403_chrm01_circ_1663023	PS_Ct_r01_2015_08_24_L001	7	0.0000	0.0000	1.0000
HAMBI_0403_chrm01_circ_1663023	PS_Ct_r01_2015_09_21_L001	7	0.0000	0.0000	1.0000
HAMBI_0403_chrm01_circ_1663023	PS_Ct_r01_2015_10_19_L001	7	0.0000	0.0000	1.0000
HAMBI_0403_chrm01_circ_1663023	PS_Ct_r01_2015_11_16_L002	7	0.0000	0.0000	1.0000
HAMBI_0403_chrm01_circ_1663023	PS_Ct_r01_2015_12_14_L002	7	0.0000	0.0000	1.0000
HAMBI_0403_chrm01_circ_1663023	PS_Ct_r01_2016_01_11_L002	7	0.0000	0.0000	1.0000
HAMBI_0403_chrm01_circ_1663023	PS_Ct_r01_2016_02_08_L002	7	0.0000	0.0000	1.0000
HAMBI_0403_chrm01_circ_1663023	PS_Ct_r01_2016_03_07_L001	7	0.0000	0.0000	1.0000
HAMBI_0403_chrm01_circ_1663023	PS_Ct_r01_2016_04_03_L001	7	0.0000	0.0000	1.0000
HAMBI_0403_chrm01_circ_1663023	PS_Ct_r01_2016_05_04_L001	7	0.0000	0.0000	1.0000
HAMBI_0403_chrm01_circ_1663023	PS_Ct_r01_2016_05_30_L001	7	0.0000	0.0000	1.0000
HAMBI_0403_chrm01_circ_1663023	PS_Ct_r01_2016_07_25_L004	7	0.0000	0.0000	1.0000
HAMBI_0403_chrm01_circ_1663023	PS_Ct_r01_2016_08_22_L004	7	0.0000	0.0000	1.0000
HAMBI_0403_chrm01_circ_1663023	PS_Ct_r01_2016_09_19_L004	7	0.0000	0.0000	1.0000
HAMBI_0403_chrm01_circ_1663023	PS_Ct_r01_2016_10_17_L004	7	0.0000	0.0000	1.0000
HAMBI_0403_chrm01_circ_1663023	PS_Ct_r01_2016_11_14_L004	7	0.0000	0.0000	1.0000
HAMBI_0403_chrm01_circ_1663023	PS_Ct_r01_2016_12_12_L004	7	0.0000	0.0000	1.0000
HAMBI_0403_chrm01_circ_1663023	PS_Ct_r01_2017_01_09_L002	7	0.0000	0.0001	1.0000
HAMBI_0403_chrm01_circ_1663023	PS_Ct_r01_2017_02_06_L004	7	0.0101	0.0000	1.0000
HAMBI_0403_chrm01_circ_1663023	PS_Ct_r01_2017_03_06_L001	7	0.0101	0.0000	1.0000
HAMBI_0403_chrm01_circ_1663023	PS_Ct_r01_2017_04_03_L001	7	0.0252	0.0051	1.0000
HAMBI_0403_chrm01_circ_1663023	PS_Ct_r01_2017_05_29_L001	7	0.1648	0.0063	1.0000
HAMBI_0403_chrm01_circ_1663023	PS_Ct_r01_2017_07_24_L001	7	0.3966	0.0082	1.0000
HAMBI_0403_chrm01_circ_1663023	PS_Ct_r01_2017_08_21_L002	7	0.3196	0.0078	1.0000
HAMBI_0403_chrm01_circ_1849998	PS_Ct_r01_2015_08_24_L001	7	0.0000	0.0000	1.0000
HAMBI_0403_chrm01_circ_1849998	PS_Ct_r01_2015_09_21_L001	7	0.0000	0.0000	1.0000
HAMBI_0403_chrm01_circ_1849998	PS_Ct_r01_2015_10_19_L001	7	0.0000	0.0000	1.0000
HAMBI_0403_chrm01_circ_1849998	PS_Ct_r01_2015_11_16_L002	7	0.0000	0.0000	1.0000
HAMBI_0403_chrm01_circ_1849998	PS_Ct_r01_2015_12_14_L002	7	0.0000	0.0000	1.0000
HAMBI_0403_chrm01_circ_1849998	PS_Ct_r01_2016_01_11_L002	7	0.0000	0.0000	1.0000
HAMBI_0403_chrm01_circ_1849998	PS_Ct_r01_2016_02_08_L002	7	0.0000	0.0000	1.0000
HAMBI_0403_chrm01_circ_1849998	PS_Ct_r01_2016_03_07_L001	7	0.0000	0.0000	1.0000
HAMBI_0403_chrm01_circ_1849998	PS_Ct_r01_2016_04_03_L001	7	0.0000	0.0000	1.0000
HAMBI_0403_chrm01_circ_1849998	PS_Ct_r01_2016_05_04_L001	7	0.0000	0.0000	1.0000
HAMBI_0403_chrm01_circ_1849998	PS_Ct_r01_2016_05_30_L001	7	0.0000	0.0000	1.0000
HAMBI_0403_chrm01_circ_1849998	PS_Ct_r01_2016_07_25_L004	7	0.0000	0.0000	1.0000
HAMBI_0403_chrm01_circ_1849998	PS_Ct_r01_2016_08_22_L004	7	0.0000	0.0000	1.0000
HAMBI_0403_chrm01_circ_1849998	PS_Ct_r01_2016_09_19_L004	7	0.0000	0.0000	1.0000
HAMBI_0403_chrm01_circ_1849998	PS_Ct_r01_2016_10_17_L004	7	0.0000	0.0000	1.0000
HAMBI_0403_chrm01_circ_1849998	PS_Ct_r01_2016_11_14_L004	7	0.0000	0.0000	1.0000
HAMBI_0403_chrm01_circ_1849998	PS_Ct_r01_2016_12_12_L004	7	0.0000	0.0000	1.0000
HAMBI_0403_chrm01_circ_1849998	PS_Ct_r01_2017_01_09_L002	7	0.0000	0.0001	1.0000
HAMBI_0403_chrm01_circ_1849998	PS_Ct_r01_2017_02_06_L004	7	0.0101	0.0000	1.0000
HAMBI_0403_chrm01_circ_1849998	PS_Ct_r01_2017_03_06_L001	7	0.0101	0.0000	1.0000
HAMBI_0403_chrm01_circ_1849998	PS_Ct_r01_2017_04_03_L001	7	0.0252	0.0051	1.0000
HAMBI_0403_chrm01_circ_1849998	PS_Ct_r01_2017_05_29_L001	7	0.1648	0.0063	1.0000
HAMBI_0403_chrm01_circ_1849998	PS_Ct_r01_2017_07_24_L001	7	0.3966	0.0082	1.0000
HAMBI_0403_chrm01_circ_1849998	PS_Ct_r01_2017_08_21_L002	7	0.3196	0.0078	1.0000
HAMBI_0403_chrm01_circ_1860493	PS_Ct_r01_2015_08_24_L001	7	0.0000	0.0000	1.0000
HAMBI_0403_chrm01_circ_1860493	PS_Ct_r01_2015_09_21_L001	7	0.0000	0.0000	1.0000
HAMBI_0403_chrm01_circ_1860493	PS_Ct_r01_2015_10_19_L001	7	0.0000	0.0000	1.0000
HAMBI_0403_chrm01_circ_1860493	PS_Ct_r01_2015_11_16_L002	7	0.0000	0.0000	1.0000
HAMBI_0403_chrm01_circ_1860493	PS_Ct_r01_2015_12_14_L002	7	0.0000	0.0000	1.0000
HAMBI_0403_chrm01_circ_1860493	PS_Ct_r01_2016_01_11_L002	7	0.0000	0.0000	1.0000
HAMBI_0403_chrm01_circ_1860493	PS_Ct_r01_2016_02_08_L002	7	0.0000	0.0000	1.0000
HAMBI_0403_chrm01_circ_1860493	PS_Ct_r01_2016_03_07_L001	7	0.0000	0.0000	1.0000
HAMBI_0403_chrm01_circ_1860493	PS_Ct_r01_2016_04_03_L001	7	0.0000	0.0000	1.0000
HAMBI_0403_chrm01_circ_1860493	PS_Ct_r01_2016_05_04_L001	7	0.0000	0.0000	1.0000
HAMBI_0403_chrm01_circ_1860493	PS_Ct_r01_2016_05_30_L001	7	0.0000	0.0000	1.0000
HAMBI_0403_chrm01_circ_1860493	PS_Ct_r01_2016_07_25_L004	7	0.0000	0.0000	1.0000
HAMBI_0403_chrm01_circ_1860493	PS_Ct_r01_2016_08_22_L004	7	0.0000	0.0000	1.0000
HAMBI_0403_chrm01_circ_1860493	PS_Ct_r01_2016_09_19_L004	7	0.0000	0.0000	1.0000
HAMBI_0403_chrm01_circ_1860493	PS_Ct_r01_2016_10_17_L004	7	0.0000	0.0000	1.0000
HAMBI_0403_chrm01_circ_1860493	PS_Ct_r01_2016_11_14_L004	7	0.0000	0.0000	1.0000
HAMBI_0403_chrm01_circ_1860493	PS_Ct_r01_2016_12_12_L004	7	0.0000	0.0000	1.0000
HAMBI_0403_chrm01_circ_1860493	PS_Ct_r01_2017_01_09_L002	7	0.0000	0.0001	1.0000
HAMBI_0403_chrm01_circ_1860493	PS_Ct_r01_2017_02_06_L004	7	0.0101	0.0000	1.0000
HAMBI_0403_chrm01_circ_1860493	PS_Ct_r01_2017_03_06_L001	7	0.0101	0.0000	1.0000
HAMBI_0403_chrm01_circ_1860493	PS_Ct_r01_2017_04_03_L001	7	0.0252	0.0051	1.0000
HAMBI_0403_chrm01_circ_1860493	PS_Ct_r01_2017_05_29_L001	7	0.1648	0.0063	1.0000
HAMBI_0403_chrm01_circ_1860493	PS_Ct_r01_2017_07_24_L001	7	0.3966	0.0082	1.0000
HAMBI_0403_chrm01_circ_1860493	PS_Ct_r01_2017_08_21_L002	7	0.3196	0.0078	1.0000
HAMBI_0403_chrm01_circ_1875860	PS_Ct_r01_2015_08_24_L001	7	0.0000	0.0000	1.0000
HAMBI_0403_chrm01_circ_1875860	PS_Ct_r01_2015_09_21_L001	7	0.0000	0.0000	1.0000
HAMBI_0403_chrm01_circ_1875860	PS_Ct_r01_2015_10_19_L001	7	0.0000	0.0000	1.0000
HAMBI_0403_chrm01_circ_1875860	PS_Ct_r01_2015_11_16_L002	7	0.0000	0.0000	1.0000
HAMBI_0403_chrm01_circ_1875860	PS_Ct_r01_2015_12_14_L002	7	0.0000	0.0000	1.0000
HAMBI_0403_chrm01_circ_1875860	PS_Ct_r01_2016_01_11_L002	7	0.0000	0.0000	1.0000
HAMBI_0403_chrm01_circ_1875860	PS_Ct_r01_2016_02_08_L002	7	0.0000	0.0000	1.0000
HAMBI_0403_chrm01_circ_1875860	PS_Ct_r01_2016_03_07_L001	7	0.0000	0.0000	1.0000
HAMBI_0403_chrm01_circ_1875860	PS_Ct_r01_2016_04_03_L001	7	0.0000	0.0000	1.0000
HAMBI_0403_chrm01_circ_1875860	PS_Ct_r01_2016_05_04_L001	7	0.0000	0.0000	1.0000
HAMBI_0403_chrm01_circ_1875860	PS_Ct_r01_2016_05_30_L001	7	0.0000	0.0000	1.0000
HAMBI_0403_chrm01_circ_1875860	PS_Ct_r01_2016_07_25_L004	7	0.0000	0.0000	1.0000
HAMBI_0403_chrm01_circ_1875860	PS_Ct_r01_2016_08_22_L004	7	0.0000	0.0000	1.0000
HAMBI_0403_chrm01_circ_1875860	PS_Ct_r01_2016_09_19_L004	7	0.0000	0.0000	1.0000
HAMBI_0403_chrm01_circ_1875860	PS_Ct_r01_2016_10_17_L004	7	0.0000	0.0000	1.0000
HAMBI_0403_chrm01_circ_1875860	PS_Ct_r01_2016_11_14_L004	7	0.0000	0.0000	1.0000
HAMBI_0403_chrm01_circ_1875860	PS_Ct_r01_2016_12_12_L004	7	0.0000	0.0000	1.0000
HAMBI_0403_chrm01_circ_1875860	PS_Ct_r01_2017_01_09_L002	7	0.0000	0.0001	1.0000
HAMBI_0403_chrm01_circ_1875860	PS_Ct_r01_2017_02_06_L004	7	0.0101	0.0000	1.0000
HAMBI_0403_chrm01_circ_1875860	PS_Ct_r01_2017_03_06_L001	7	0.0101	0.0000	1.0000
HAMBI_0403_chrm01_circ_1875860	PS_Ct_r01_2017_04_03_L001	7	0.0252	0.0051	1.0000
HAMBI_0403_chrm01_circ_1875860	PS_Ct_r01_2017_05_29_L001	7	0.1648	0.0063	1.0000
HAMBI_0403_chrm01_circ_1875860	PS_Ct_r01_2017_07_24_L001	7	0.3966	0.0082	1.0000
HAMBI_0403_chrm01_circ_1875860	PS_Ct_r01_2017_08_21_L002	7	0.3196	0.0078	1.0000
HAMBI_0403_chrm01_circ_1958312	PS_Ct_r01_2015_08_24_L001	7	0.0000	0.0000	1.0000
HAMBI_0403_chrm01_circ_1958312	PS_Ct_r01_2015_09_21_L001	7	0.0000	0.0000	1.0000
HAMBI_0403_chrm01_circ_1958312	PS_Ct_r01_2015_10_19_L001	7	0.0000	0.0000	1.0000
HAMBI_0403_chrm01_circ_1958312	PS_Ct_r01_2015_11_16_L002	7	0.0000	0.0000	1.0000
HAMBI_0403_chrm01_circ_1958312	PS_Ct_r01_2015_12_14_L002	7	0.0000	0.0000	1.0000
HAMBI_0403_chrm01_circ_1958312	PS_Ct_r01_2016_01_11_L002	7	0.0000	0.0000	1.0000
HAMBI_0403_chrm01_circ_1958312	PS_Ct_r01_2016_02_08_L002	7	0.0000	0.0000	1.0000
HAMBI_0403_chrm01_circ_1958312	PS_Ct_r01_2016_03_07_L001	7	0.0000	0.0000	1.0000
HAMBI_0403_chrm01_circ_1958312	PS_Ct_r01_2016_04_03_L001	7	0.0000	0.0000	1.0000
HAMBI_0403_chrm01_circ_1958312	PS_Ct_r01_2016_05_04_L001	7	0.0000	0.0000	1.0000
HAMBI_0403_chrm01_circ_1958312	PS_Ct_r01_2016_05_30_L001	7	0.0000	0.0000	1.0000
HAMBI_0403_chrm01_circ_1958312	PS_Ct_r01_2016_07_25_L004	7	0.0000	0.0000	1.0000
HAMBI_0403_chrm01_circ_1958312	PS_Ct_r01_2016_08_22_L004	7	0.0000	0.0000	1.0000
HAMBI_0403_chrm01_circ_1958312	PS_Ct_r01_2016_09_19_L004	7	0.0000	0.0000	1.0000
HAMBI_0403_chrm01_circ_1958312	PS_Ct_r01_2016_10_17_L004	7	0.0000	0.0000	1.0000
HAMBI_0403_chrm01_circ_1958312	PS_Ct_r01_2016_11_14_L004	7	0.0000	0.0000	1.0000
HAMBI_0403_chrm01_circ_1958312	PS_Ct_r01_2016_12_12_L004	7	0.0000	0.0000	1.0000
HAMBI_0403_chrm01_circ_1958312	PS_Ct_r01_2017_01_09_L002	7	0.0000	0.0001	1.0000
HAMBI_0403_chrm01_circ_1958312	PS_Ct_r01_2017_02_06_L004	7	0.0101	0.0000	1.0000
HAMBI_0403_chrm01_circ_1958312	PS_Ct_r01_2017_03_06_L001	7	0.0101	0.0000	1.0000
HAMBI_0403_chrm01_circ_1958312	PS_Ct_r01_2017_04_03_L001	7	0.0252	0.0051	1.0000
HAMBI_0403_chrm01_circ_1958312	PS_Ct_r01_2017_05_29_L001	7	0.1648	0.0063	1.0000
HAMBI_0403_chrm01_circ_1958312	PS_Ct_r01_2017_07_24_L001	7	0.3966	0.0082	1.0000
HAMBI_0403_chrm01_circ_1958312	PS_Ct_r01_2017_08_21_L002	7	0.3196	0.0078	1.0000
HAMBI_0403_chrm01_circ_2005763	PS_Ct_r01_2015_08_24_L001	7	0.0000	0.0000	1.0000
HAMBI_0403_chrm01_circ_2005763	PS_Ct_r01_2015_09_21_L001	7	0.0000	0.0000	1.0000
HAMBI_0403_chrm01_circ_2005763	PS_Ct_r01_2015_10_19_L001	7	0.0000	0.0000	1.0000
HAMBI_0403_chrm01_circ_2005763	PS_Ct_r01_2015_11_16_L002	7	0.0000	0.0000	1.0000
HAMBI_0403_chrm01_circ_2005763	PS_Ct_r01_2015_12_14_L002	7	0.0000	0.0000	1.0000
HAMBI_0403_chrm01_circ_2005763	PS_Ct_r01_2016_01_11_L002	7	0.0000	0.0000	1.0000
HAMBI_0403_chrm01_circ_2005763	PS_Ct_r01_2016_02_08_L002	7	0.0000	0.0000	1.0000
HAMBI_0403_chrm01_circ_2005763	PS_Ct_r01_2016_03_07_L001	7	0.0000	0.0000	1.0000
HAMBI_0403_chrm01_circ_2005763	PS_Ct_r01_2016_04_03_L001	7	0.0000	0.0000	1.0000
HAMBI_0403_chrm01_circ_2005763	PS_Ct_r01_2016_05_04_L001	7	0.0000	0.0000	1.0000
HAMBI_0403_chrm01_circ_2005763	PS_Ct_r01_2016_05_30_L001	7	0.0000	0.0000	1.0000
HAMBI_0403_chrm01_circ_2005763	PS_Ct_r01_2016_07_25_L004	7	0.0000	0.0000	1.0000
HAMBI_0403_chrm01_circ_2005763	PS_Ct_r01_2016_08_22_L004	7	0.0000	0.0000	1.0000
HAMBI_0403_chrm01_circ_2005763	PS_Ct_r01_2016_09_19_L004	7	0.0000	0.0000	1.0000
HAMBI_0403_chrm01_circ_2005763	PS_Ct_r01_2016_10_17_L004	7	0.0000	0.0000	1.0000
HAMBI_0403_chrm01_circ_2005763	PS_Ct_r01_2016_11_14_L004	7	0.0000	0.0000	1.0000
HAMBI_0403_chrm01_circ_2005763	PS_Ct_r01_2016_12_12_L004	7	0.0000	0.0000	1.0000
HAMBI_0403_chrm01_circ_2005763	PS_Ct_r01_2017_01_09_L002	7	0.0000	0.0001	1.0000
HAMBI_0403_chrm01_circ_2005763	PS_Ct_r01_2017_02_06_L004	7	0.0101	0.0000	1.0000
HAMBI_0403_chrm01_circ_2005763	PS_Ct_r01_2017_03_06_L001	7	0.0101	0.0000	1.0000
HAMBI_0403_chrm01_circ_2005763	PS_Ct_r01_2017_04_03_L001	7	0.0252	0.0051	1.0000
HAMBI_0403_chrm01_circ_2005763	PS_Ct_r01_2017_05_29_L001	7	0.1648	0.0063	1.0000
HAMBI_0403_chrm01_circ_2005763	PS_Ct_r01_2017_07_24_L001	7	0.3966	0.0082	1.0000
HAMBI_0403_chrm01_circ_2005763	PS_Ct_r01_2017_08_21_L002	7	0.3196	0.0078	1.0000
HAMBI_0403_chrm01_circ_2044931	PS_Ct_r01_2015_08_24_L001	7	0.0000	0.0000	1.0000
HAMBI_0403_chrm01_circ_2044931	PS_Ct_r01_2015_09_21_L001	7	0.0000	0.0000	1.0000
HAMBI_0403_chrm01_circ_2044931	PS_Ct_r01_2015_10_19_L001	7	0.0000	0.0000	1.0000
HAMBI_0403_chrm01_circ_2044931	PS_Ct_r01_2015_11_16_L002	7	0.0000	0.0000	1.0000
HAMBI_0403_chrm01_circ_2044931	PS_Ct_r01_2015_12_14_L002	7	0.0000	0.0000	1.0000
HAMBI_0403_chrm01_circ_2044931	PS_Ct_r01_2016_01_11_L002	7	0.0000	0.0000	1.0000
HAMBI_0403_chrm01_circ_2044931	PS_Ct_r01_2016_02_08_L002	7	0.0000	0.0000	1.0000
HAMBI_0403_chrm01_circ_2044931	PS_Ct_r01_2016_03_07_L001	7	0.0000	0.0000	1.0000
HAMBI_0403_chrm01_circ_2044931	PS_Ct_r01_2016_04_03_L001	7	0.0000	0.0000	1.0000
HAMBI_0403_chrm01_circ_2044931	PS_Ct_r01_2016_05_04_L001	7	0.0000	0.0000	1.0000
HAMBI_0403_chrm01_circ_2044931	PS_Ct_r01_2016_05_30_L001	7	0.0000	0.0000	1.0000
HAMBI_0403_chrm01_circ_2044931	PS_Ct_r01_2016_07_25_L004	7	0.0000	0.0000	1.0000
HAMBI_0403_chrm01_circ_2044931	PS_Ct_r01_2016_08_22_L004	7	0.0000	0.0000	1.0000
HAMBI_0403_chrm01_circ_2044931	PS_Ct_r01_2016_09_19_L004	7	0.0000	0.0000	1.0000
HAMBI_0403_chrm01_circ_2044931	PS_Ct_r01_2016_10_17_L004	7	0.0000	0.0000	1.0000
HAMBI_0403_chrm01_circ_2044931	PS_Ct_r01_2016_11_14_L004	7	0.0000	0.0000	1.0000
HAMBI_0403_chrm01_circ_2044931	PS_Ct_r01_2016_12_12_L004	7	0.0000	0.0000	1.0000
HAMBI_0403_chrm01_circ_2044931	PS_Ct_r01_2017_01_09_L002	7	0.0000	0.0001	1.0000
HAMBI_0403_chrm01_circ_2044931	PS_Ct_r01_2017_02_06_L004	7	0.0101	0.0000	1.0000
HAMBI_0403_chrm01_circ_2044931	PS_Ct_r01_2017_03_06_L001	7	0.0101	0.0000	1.0000
HAMBI_0403_chrm01_circ_2044931	PS_Ct_r01_2017_04_03_L001	7	0.0252	0.0051	1.0000
HAMBI_0403_chrm01_circ_2044931	PS_Ct_r01_2017_05_29_L001	7	0.1648	0.0063	1.0000
HAMBI_0403_chrm01_circ_2044931	PS_Ct_r01_2017_07_24_L001	7	0.3966	0.0082	1.0000
HAMBI_0403_chrm01_circ_2044931	PS_Ct_r01_2017_08_21_L002	7	0.3196	0.0078	1.0000
HAMBI_0403_chrm01_circ_2118137	PS_Ct_r01_2015_08_24_L001	7	0.0000	0.0000	1.0000
HAMBI_0403_chrm01_circ_2118137	PS_Ct_r01_2015_09_21_L001	7	0.0000	0.0000	1.0000
HAMBI_0403_chrm01_circ_2118137	PS_Ct_r01_2015_10_19_L001	7	0.0000	0.0000	1.0000
HAMBI_0403_chrm01_circ_2118137	PS_Ct_r01_2015_11_16_L002	7	0.0000	0.0000	1.0000
HAMBI_0403_chrm01_circ_2118137	PS_Ct_r01_2015_12_14_L002	7	0.0000	0.0000	1.0000
HAMBI_0403_chrm01_circ_2118137	PS_Ct_r01_2016_01_11_L002	7	0.0000	0.0000	1.0000
HAMBI_0403_chrm01_circ_2118137	PS_Ct_r01_2016_02_08_L002	7	0.0000	0.0000	1.0000
HAMBI_0403_chrm01_circ_2118137	PS_Ct_r01_2016_03_07_L001	7	0.0000	0.0000	1.0000
HAMBI_0403_chrm01_circ_2118137	PS_Ct_r01_2016_04_03_L001	7	0.0000	0.0000	1.0000
HAMBI_0403_chrm01_circ_2118137	PS_Ct_r01_2016_05_04_L001	7	0.0000	0.0000	1.0000
HAMBI_0403_chrm01_circ_2118137	PS_Ct_r01_2016_05_30_L001	7	0.0000	0.0000	1.0000
HAMBI_0403_chrm01_circ_2118137	PS_Ct_r01_2016_07_25_L004	7	0.0000	0.0000	1.0000
HAMBI_0403_chrm01_circ_2118137	PS_Ct_r01_2016_08_22_L004	7	0.0000	0.0000	1.0000
HAMBI_0403_chrm01_circ_2118137	PS_Ct_r01_2016_09_19_L004	7	0.0000	0.0000	1.0000
HAMBI_0403_chrm01_circ_2118137	PS_Ct_r01_2016_10_17_L004	7	0.0000	0.0000	1.0000
HAMBI_0403_chrm01_circ_2118137	PS_Ct_r01_2016_11_14_L004	7	0.0000	0.0000	1.0000
HAMBI_0403_chrm01_circ_2118137	PS_Ct_r01_2016_12_12_L004	7	0.0000	0.0000	1.0000
HAMBI_0403_chrm01_circ_2118137	PS_Ct_r01_2017_01_09_L002	7	0.0000	0.0001	1.0000
HAMBI_0403_chrm01_circ_2118137	PS_Ct_r01_2017_02_06_L004	7	0.0101	0.0000	1.0000
HAMBI_0403_chrm01_circ_2118137	PS_Ct_r01_2017_03_06_L001	7	0.0101	0.0000	1.0000
HAMBI_0403_chrm01_circ_2118137	PS_Ct_r01_2017_04_03_L001	7	0.0252	0.0051	1.0000
HAMBI_0403_chrm01_circ_2118137	PS_Ct_r01_2017_05_29_L001	7	0.1648	0.0063	1.0000
HAMBI_0403_chrm01_circ_2118137	PS_Ct_r01_2017_07_24_L001	7	0.3966	0.0082	1.0000
HAMBI_0403_chrm01_circ_2118137	PS_Ct_r01_2017_08_21_L002	7	0.3196	0.0078	1.0000
HAMBI_0403_chrm01_circ_2179526	PS_Ct_r01_2015_08_24_L001	7	0.0000	0.0000	1.0000
HAMBI_0403_chrm01_circ_2179526	PS_Ct_r01_2015_09_21_L001	7	0.0000	0.0000	1.0000
HAMBI_0403_chrm01_circ_2179526	PS_Ct_r01_2015_10_19_L001	7	0.0000	0.0000	1.0000
HAMBI_0403_chrm01_circ_2179526	PS_Ct_r01_2015_11_16_L002	7	0.0000	0.0000	1.0000
HAMBI_0403_chrm01_circ_2179526	PS_Ct_r01_2015_12_14_L002	7	0.0000	0.0000	1.0000
HAMBI_0403_chrm01_circ_2179526	PS_Ct_r01_2016_01_11_L002	7	0.0000	0.0000	1.0000
HAMBI_0403_chrm01_circ_2179526	PS_Ct_r01_2016_02_08_L002	7	0.0000	0.0000	1.0000
HAMBI_0403_chrm01_circ_2179526	PS_Ct_r01_2016_03_07_L001	7	0.0000	0.0000	1.0000
HAMBI_0403_chrm01_circ_2179526	PS_Ct_r01_2016_04_03_L001	7	0.0000	0.0000	1.0000
HAMBI_0403_chrm01_circ_2179526	PS_Ct_r01_2016_05_04_L001	7	0.0000	0.0000	1.0000
HAMBI_0403_chrm01_circ_2179526	PS_Ct_r01_2016_05_30_L001	7	0.0000	0.0000	1.0000
HAMBI_0403_chrm01_circ_2179526	PS_Ct_r01_2016_07_25_L004	7	0.0000	0.0000	1.0000
HAMBI_0403_chrm01_circ_2179526	PS_Ct_r01_2016_08_22_L004	7	0.0000	0.0000	1.0000
HAMBI_0403_chrm01_circ_2179526	PS_Ct_r01_2016_09_19_L004	7	0.0000	0.0000	1.0000
HAMBI_0403_chrm01_circ_2179526	PS_Ct_r01_2016_10_17_L004	7	0.0000	0.0000	1.0000
HAMBI_0403_chrm01_circ_2179526	PS_Ct_r01_2016_11_14_L004	7	0.0000	0.0000	1.0000
HAMBI_0403_chrm01_circ_2179526	PS_Ct_r01_2016_12_12_L004	7	0.0000	0.0000	1.0000
HAMBI_0403_chrm01_circ_2179526	PS_Ct_r01_2017_01_09_L002	7	0.0000	0.0001	1.0000
HAMBI_0403_chrm01_circ_2179526	PS_Ct_r01_2017_02_06_L004	7	0.0101	0.0000	1.0000
HAMBI_0403_chrm01_circ_2179526	PS_Ct_r01_2017_03_06_L001	7	0.0101	0.0000	1.0000
HAMBI_0403_chrm01_circ_2179526	PS_Ct_r01_2017_04_03_L001	7	0.0252	0.0051	1.0000
HAMBI_0403_chrm01_circ_2179526	PS_Ct_r01_2017_05_29_L001	7	0.1648	0.0063	1.0000
HAMBI_0403_chrm01_circ_2179526	PS_Ct_r01_2017_07_24_L001	7	0.3966	0.0082	1.0000
HAMBI_0403_chrm01_circ_2179526	PS_Ct_r01_2017_08_21_L002	7	0.3196	0.0078	1.0000
HAMBI_0403_chrm01_circ_2188805	PS_Ct_r01_2015_08_24_L001	7	0.0000	0.0000	1.0000
HAMBI_0403_chrm01_circ_2188805	PS_Ct_r01_2015_09_21_L001	7	0.0000	0.0000	1.0000
HAMBI_0403_chrm01_circ_2188805	PS_Ct_r01_2015_10_19_L001	7	0.0000	0.0000	1.0000
HAMBI_0403_chrm01_circ_2188805	PS_Ct_r01_2015_11_16_L002	7	0.0000	0.0000	1.0000
HAMBI_0403_chrm01_circ_2188805	PS_Ct_r01_2015_12_14_L002	7	0.0000	0.0000	1.0000
HAMBI_0403_chrm01_circ_2188805	PS_Ct_r01_2016_01_11_L002	7	0.0000	0.0000	1.0000
HAMBI_0403_chrm01_circ_2188805	PS_Ct_r01_2016_02_08_L002	7	0.0000	0.0000	1.0000
HAMBI_0403_chrm01_circ_2188805	PS_Ct_r01_2016_03_07_L001	7	0.0000	0.0000	1.0000
HAMBI_0403_chrm01_circ_2188805	PS_Ct_r01_2016_04_03_L001	7	0.0000	0.0000	1.0000
HAMBI_0403_chrm01_circ_2188805	PS_Ct_r01_2016_05_04_L001	7	0.0000	0.0000	1.0000
HAMBI_0403_chrm01_circ_2188805	PS_Ct_r01_2016_05_30_L001	7	0.0000	0.0000	1.0000
HAMBI_0403_chrm01_circ_2188805	PS_Ct_r01_2016_07_25_L004	7	0.0000	0.0000	1.0000
HAMBI_0403_chrm01_circ_2188805	PS_Ct_r01_2016_08_22_L004	7	0.0000	0.0000	1.0000
HAMBI_0403_chrm01_circ_2188805	PS_Ct_r01_2016_09_19_L004	7	0.0000	0.0000	1.0000
HAMBI_0403_chrm01_circ_2188805	PS_Ct_r01_2016_10_17_L004	7	0.0000	0.0000	1.0000
HAMBI_0403_chrm01_circ_2188805	PS_Ct_r01_2016_11_14_L004	7	0.0000	0.0000	1.0000
HAMBI_0403_chrm01_circ_2188805	PS_Ct_r01_2016_12_12_L004	7	0.0000	0.0000	1.0000
HAMBI_0403_chrm01_circ_2188805	PS_Ct_r01_2017_01_09_L002	7	0.0000	0.0001	1.0000
HAMBI_0403_chrm01_circ_2188805	PS_Ct_r01_2017_02_06_L004	7	0.0101	0.0000	1.0000
HAMBI_0403_chrm01_circ_2188805	PS_Ct_r01_2017_03_06_L001	7	0.0101	0.0000	1.0000
HAMBI_0403_chrm01_circ_2188805	PS_Ct_r01_2017_04_03_L001	7	0.0252	0.0051	1.0000
HAMBI_0403_chrm01_circ_2188805	PS_Ct_r01_2017_05_29_L001	7	0.1648	0.0063	1.0000
HAMBI_0403_chrm01_circ_2188805	PS_Ct_r01_2017_07_24_L001	7	0.3966	0.0082	1.0000
HAMBI_0403_chrm01_circ_2188805	PS_Ct_r01_2017_08_21_L002	7	0.3196	0.0078	1.0000
HAMBI_0403_chrm01_circ_2649995	PS_Ct_r01_2015_08_24_L001	7	0.0000	0.0000	1.0000
HAMBI_0403_chrm01_circ_2649995	PS_Ct_r01_2015_09_21_L001	7	0.0000	0.0000	1.0000
HAMBI_0403_chrm01_circ_2649995	PS_Ct_r01_2015_10_19_L001	7	0.0000	0.0000	1.0000
HAMBI_0403_chrm01_circ_2649995	PS_Ct_r01_2015_11_16_L002	7	0.0000	0.0000	1.0000
HAMBI_0403_chrm01_circ_2649995	PS_Ct_r01_2015_12_14_L002	7	0.0000	0.0000	1.0000
HAMBI_0403_chrm01_circ_2649995	PS_Ct_r01_2016_01_11_L002	7	0.0000	0.0000	1.0000
HAMBI_0403_chrm01_circ_2649995	PS_Ct_r01_2016_02_08_L002	7	0.0000	0.0000	1.0000
HAMBI_0403_chrm01_circ_2649995	PS_Ct_r01_2016_03_07_L001	7	0.0000	0.0000	1.0000
HAMBI_0403_chrm01_circ_2649995	PS_Ct_r01_2016_04_03_L001	7	0.0000	0.0000	1.0000
HAMBI_0403_chrm01_circ_2649995	PS_Ct_r01_2016_05_04_L001	7	0.0000	0.0000	1.0000
HAMBI_0403_chrm01_circ_2649995	PS_Ct_r01_2016_05_30_L001	7	0.0000	0.0000	1.0000
HAMBI_0403_chrm01_circ_2649995	PS_Ct_r01_2016_07_25_L004	7	0.0000	0.0000	1.0000
HAMBI_0403_chrm01_circ_2649995	PS_Ct_r01_2016_08_22_L004	7	0.0000	0.0000	1.0000
HAMBI_0403_chrm01_circ_2649995	PS_Ct_r01_2016_09_19_L004	7	0.0000	0.0000	1.0000
HAMBI_0403_chrm01_circ_2649995	PS_Ct_r01_2016_10_17_L004	7	0.0000	0.0000	1.0000
HAMBI_0403_chrm01_circ_2649995	PS_Ct_r01_2016_11_14_L004	7	0.0000	0.0000	1.0000
HAMBI_0403_chrm01_circ_2649995	PS_Ct_r01_2016_12_12_L004	7	0.0000	0.0000	1.0000
HAMBI_0403_chrm01_circ_2649995	PS_Ct_r01_2017_01_09_L002	7	0.0000	0.0001	1.0000
HAMBI_0403_chrm01_circ_2649995	PS_Ct_r01_2017_02_06_L004	7	0.0101	0.0000	1.0000
HAMBI_0403_chrm01_circ_2649995	PS_Ct_r01_2017_03_06_L001	7	0.0101	0.0000	1.0000
HAMBI_0403_chrm01_circ_2649995	PS_Ct_r01_2017_04_03_L001	7	0.0252	0.0051	1.0000
HAMBI_0403_chrm01_circ_2649995	PS_Ct_r01_2017_05_29_L001	7	0.1648	0.0063	1.0000
HAMBI_0403_chrm01_circ_2649995	PS_Ct_r01_2017_07_24_L001	7	0.3966	0.0082	1.0000
HAMBI_0403_chrm01_circ_2649995	PS_Ct_r01_2017_08_21_L002	7	0.3196	0.0078	1.0000
HAMBI_0403_chrm01_circ_293586	PS_Ct_r01_2015_08_24_L001	7	0.0000	0.0000	1.0000
HAMBI_0403_chrm01_circ_293586	PS_Ct_r01_2015_09_21_L001	7	0.0000	0.0000	1.0000
HAMBI_0403_chrm01_circ_293586	PS_Ct_r01_2015_10_19_L001	7	0.0000	0.0000	1.0000
HAMBI_0403_chrm01_circ_293586	PS_Ct_r01_2015_11_16_L002	7	0.0000	0.0000	1.0000
HAMBI_0403_chrm01_circ_293586	PS_Ct_r01_2015_12_14_L002	7	0.0000	0.0000	1.0000
HAMBI_0403_chrm01_circ_293586	PS_Ct_r01_2016_01_11_L002	7	0.0000	0.0000	1.0000
HAMBI_0403_chrm01_circ_293586	PS_Ct_r01_2016_02_08_L002	7	0.0000	0.0000	1.0000
HAMBI_0403_chrm01_circ_293586	PS_Ct_r01_2016_03_07_L001	7	0.0000	0.0000	1.0000
HAMBI_0403_chrm01_circ_293586	PS_Ct_r01_2016_04_03_L001	7	0.0000	0.0000	1.0000
HAMBI_0403_chrm01_circ_293586	PS_Ct_r01_2016_05_04_L001	7	0.0000	0.0000	1.0000
HAMBI_0403_chrm01_circ_293586	PS_Ct_r01_2016_05_30_L001	7	0.0000	0.0000	1.0000
HAMBI_0403_chrm01_circ_293586	PS_Ct_r01_2016_07_25_L004	7	0.0000	0.0000	1.0000
HAMBI_0403_chrm01_circ_293586	PS_Ct_r01_2016_08_22_L004	7	0.0000	0.0000	1.0000
HAMBI_0403_chrm01_circ_293586	PS_Ct_r01_2016_09_19_L004	7	0.0000	0.0000	1.0000
HAMBI_0403_chrm01_circ_293586	PS_Ct_r01_2016_10_17_L004	7	0.0000	0.0000	1.0000
HAMBI_0403_chrm01_circ_293586	PS_Ct_r01_2016_11_14_L004	7	0.0000	0.0000	1.0000
HAMBI_0403_chrm01_circ_293586	PS_Ct_r01_2016_12_12_L004	7	0.0000	0.0000	1.0000
HAMBI_0403_chrm01_circ_293586	PS_Ct_r01_2017_01_09_L002	7	0.0000	0.0001	1.0000
HAMBI_0403_chrm01_circ_293586	PS_Ct_r01_2017_02_06_L004	7	0.0101	0.0000	1.0000
HAMBI_0403_chrm01_circ_293586	PS_Ct_r01_2017_03_06_L001	7	0.0101	0.0000	1.0000
HAMBI_0403_chrm01_circ_293586	PS_Ct_r01_2017_04_03_L001	7	0.0252	0.0051	1.0000
HAMBI_0403_chrm01_circ_293586	PS_Ct_r01_2017_05_29_L001	7	0.1648	0.0063	1.0000
HAMBI_0403_chrm01_circ_293586	PS_Ct_r01_2017_07_24_L001	7	0.3966	0.0082	1.0000
HAMBI_0403_chrm01_circ_293586	PS_Ct_r01_2017_08_21_L002	7	0.3196	0.0078	1.0000
HAMBI_0403_chrm01_circ_2965240	PS_Ct_r01_2015_08_24_L001	7	0.0000	0.0000	1.0000
HAMBI_0403_chrm01_circ_2965240	PS_Ct_r01_2015_09_21_L001	7	0.0000	0.0000	1.0000
HAMBI_0403_chrm01_circ_2965240	PS_Ct_r01_2015_10_19_L001	7	0.0000	0.0000	1.0000
HAMBI_0403_chrm01_circ_2965240	PS_Ct_r01_2015_11_16_L002	7	0.0000	0.0000	1.0000
HAMBI_0403_chrm01_circ_2965240	PS_Ct_r01_2015_12_14_L002	7	0.0000	0.0000	1.0000
HAMBI_0403_chrm01_circ_2965240	PS_Ct_r01_2016_01_11_L002	7	0.0000	0.0000	1.0000
HAMBI_0403_chrm01_circ_2965240	PS_Ct_r01_2016_02_08_L002	7	0.0000	0.0000	1.0000
HAMBI_0403_chrm01_circ_2965240	PS_Ct_r01_2016_03_07_L001	7	0.0000	0.0000	1.0000
HAMBI_0403_chrm01_circ_2965240	PS_Ct_r01_2016_04_03_L001	7	0.0000	0.0000	1.0000
HAMBI_0403_chrm01_circ_2965240	PS_Ct_r01_2016_05_04_L001	7	0.0000	0.0000	1.0000
HAMBI_0403_chrm01_circ_2965240	PS_Ct_r01_2016_05_30_L001	7	0.0000	0.0000	1.0000
HAMBI_0403_chrm01_circ_2965240	PS_Ct_r01_2016_07_25_L004	7	0.0000	0.0000	1.0000
HAMBI_0403_chrm01_circ_2965240	PS_Ct_r01_2016_08_22_L004	7	0.0000	0.0000	1.0000
HAMBI_0403_chrm01_circ_2965240	PS_Ct_r01_2016_09_19_L004	7	0.0000	0.0000	1.0000
HAMBI_0403_chrm01_circ_2965240	PS_Ct_r01_2016_10_17_L004	7	0.0000	0.0000	1.0000
HAMBI_0403_chrm01_circ_2965240	PS_Ct_r01_2016_11_14_L004	7	0.0000	0.0000	1.0000
HAMBI_0403_chrm01_circ_2965240	PS_Ct_r01_2016_12_12_L004	7	0.0000	0.0000	1.0000
HAMBI_0403_chrm01_circ_2965240	PS_Ct_r01_2017_01_09_L002	7	0.0000	0.0001	1.0000
HAMBI_0403_chrm01_circ_2965240	PS_Ct_r01_2017_02_06_L004	7	0.0101	0.0000	1.0000
HAMBI_0403_chrm01_circ_2965240	PS_Ct_r01_2017_03_06_L001	7	0.0101	0.0000	1.0000
HAMBI_0403_chrm01_circ_2965240	PS_Ct_r01_2017_04_03_L001	7	0.0252	0.0051	1.0000
HAMBI_0403_chrm01_circ_2965240	PS_Ct_r01_2017_05_29_L001	7	0.1648	0.0063	1.0000
HAMBI_0403_chrm01_circ_2965240	PS_Ct_r01_2017_07_24_L001	7	0.3966	0.0082	1.0000
HAMBI_0403_chrm01_circ_2965240	PS_Ct_r01_2017_08_21_L002	7	0.3196	0.0078	1.0000
HAMBI_0403_chrm01_circ_2990121	PS_Ct_r01_2015_08_24_L001	7	0.0000	0.0000	1.0000
HAMBI_0403_chrm01_circ_2990121	PS_Ct_r01_2015_09_21_L001	7	0.0000	0.0000	1.0000
HAMBI_0403_chrm01_circ_2990121	PS_Ct_r01_2015_10_19_L001	7	0.0000	0.0000	1.0000
HAMBI_0403_chrm01_circ_2990121	PS_Ct_r01_2015_11_16_L002	7	0.0000	0.0000	1.0000
HAMBI_0403_chrm01_circ_2990121	PS_Ct_r01_2015_12_14_L002	7	0.0000	0.0000	1.0000
HAMBI_0403_chrm01_circ_2990121	PS_Ct_r01_2016_01_11_L002	7	0.0000	0.0000	1.0000
HAMBI_0403_chrm01_circ_2990121	PS_Ct_r01_2016_02_08_L002	7	0.0000	0.0000	1.0000
HAMBI_0403_chrm01_circ_2990121	PS_Ct_r01_2016_03_07_L001	7	0.0000	0.0000	1.0000
HAMBI_0403_chrm01_circ_2990121	PS_Ct_r01_2016_04_03_L001	7	0.0000	0.0000	1.0000
HAMBI_0403_chrm01_circ_2990121	PS_Ct_r01_2016_05_04_L001	7	0.0000	0.0000	1.0000
HAMBI_0403_chrm01_circ_2990121	PS_Ct_r01_2016_05_30_L001	7	0.0000	0.0000	1.0000
HAMBI_0403_chrm01_circ_2990121	PS_Ct_r01_2016_07_25_L004	7	0.0000	0.0000	1.0000
HAMBI_0403_chrm01_circ_2990121	PS_Ct_r01_2016_08_22_L004	7	0.0000	0.0000	1.0000
HAMBI_0403_chrm01_circ_2990121	PS_Ct_r01_2016_09_19_L004	7	0.0000	0.0000	1.0000
HAMBI_0403_chrm01_circ_2990121	PS_Ct_r01_2016_10_17_L004	7	0.0000	0.0000	1.0000
HAMBI_0403_chrm01_circ_2990121	PS_Ct_r01_2016_11_14_L004	7	0.0000	0.0000	1.0000
HAMBI_0403_chrm01_circ_2990121	PS_Ct_r01_2016_12_12_L004	7	0.0000	0.0000	1.0000
HAMBI_0403_chrm01_circ_2990121	PS_Ct_r01_2017_01_09_L002	7	0.0000	0.0001	1.0000
HAMBI_0403_chrm01_circ_2990121	PS_Ct_r01_2017_02_06_L004	7	0.0101	0.0000	1.0000
HAMBI_0403_chrm01_circ_2990121	PS_Ct_r01_2017_03_06_L001	7	0.0101	0.0000	1.0000
HAMBI_0403_chrm01_circ_2990121	PS_Ct_r01_2017_04_03_L001	7	0.0252	0.0051	1.0000
HAMBI_0403_chrm01_circ_2990121	PS_Ct_r01_2017_05_29_L001	7	0.1648	0.0063	1.0000
HAMBI_0403_chrm01_circ_2990121	PS_Ct_r01_2017_07_24_L001	7	0.3966	0.0082	1.0000
HAMBI_0403_chrm01_circ_2990121	PS_Ct_r01_2017_08_21_L002	7	0.3196	0.0078	1.0000
HAMBI_0403_chrm01_circ_301250	PS_Ct_r01_2015_08_24_L001	7	0.0000	0.0000	1.0000
HAMBI_0403_chrm01_circ_301250	PS_Ct_r01_2015_09_21_L001	7	0.0000	0.0000	1.0000
HAMBI_0403_chrm01_circ_301250	PS_Ct_r01_2015_10_19_L001	7	0.0000	0.0000	1.0000
HAMBI_0403_chrm01_circ_301250	PS_Ct_r01_2015_11_16_L002	7	0.0000	0.0000	1.0000
HAMBI_0403_chrm01_circ_301250	PS_Ct_r01_2015_12_14_L002	7	0.0000	0.0000	1.0000
HAMBI_0403_chrm01_circ_301250	PS_Ct_r01_2016_01_11_L002	7	0.0000	0.0000	1.0000
HAMBI_0403_chrm01_circ_301250	PS_Ct_r01_2016_02_08_L002	7	0.0000	0.0000	1.0000
HAMBI_0403_chrm01_circ_301250	PS_Ct_r01_2016_03_07_L001	7	0.0000	0.0000	1.0000
HAMBI_0403_chrm01_circ_301250	PS_Ct_r01_2016_04_03_L001	7	0.0000	0.0000	1.0000
HAMBI_0403_chrm01_circ_301250	PS_Ct_r01_2016_05_04_L001	7	0.0000	0.0000	1.0000
HAMBI_0403_chrm01_circ_301250	PS_Ct_r01_2016_05_30_L001	7	0.0000	0.0000	1.0000
HAMBI_0403_chrm01_circ_301250	PS_Ct_r01_2016_07_25_L004	7	0.0000	0.0000	1.0000
HAMBI_0403_chrm01_circ_301250	PS_Ct_r01_2016_08_22_L004	7	0.0000	0.0000	1.0000
HAMBI_0403_chrm01_circ_301250	PS_Ct_r01_2016_09_19_L004	7	0.0000	0.0000	1.0000
HAMBI_0403_chrm01_circ_301250	PS_Ct_r01_2016_10_17_L004	7	0.0000	0.0000	1.0000
HAMBI_0403_chrm01_circ_301250	PS_Ct_r01_2016_11_14_L004	7	0.0000	0.0000	1.0000
HAMBI_0403_chrm01_circ_301250	PS_Ct_r01_2016_12_12_L004	7	0.0000	0.0000	1.0000
HAMBI_0403_chrm01_circ_301250	PS_Ct_r01_2017_01_09_L002	7	0.0000	0.0001	1.0000
HAMBI_0403_chrm01_circ_301250	PS_Ct_r01_2017_02_06_L004	7	0.0101	0.0000	1.0000
HAMBI_0403_chrm01_circ_301250	PS_Ct_r01_2017_03_06_L001	7	0.0101	0.0000	1.0000
HAMBI_0403_chrm01_circ_301250	PS_Ct_r01_2017_04_03_L001	7	0.0252	0.0051	1.0000
HAMBI_0403_chrm01_circ_301250	PS_Ct_r01_2017_05_29_L001	7	0.1648	0.0063	1.0000
HAMBI_0403_chrm01_circ_301250	PS_Ct_r01_2017_07_24_L001	7	0.3966	0.0082	1.0000
HAMBI_0403_chrm01_circ_301250	PS_Ct_r01_2017_08_21_L002	7	0.3196	0.0078	1.0000
HAMBI_0403_chrm01_circ_3077459	PS_Ct_r01_2015_08_24_L001	7	0.0000	0.0000	1.0000
HAMBI_0403_chrm01_circ_3077459	PS_Ct_r01_2015_09_21_L001	7	0.0000	0.0000	1.0000
HAMBI_0403_chrm01_circ_3077459	PS_Ct_r01_2015_10_19_L001	7	0.0000	0.0000	1.0000
HAMBI_0403_chrm01_circ_3077459	PS_Ct_r01_2015_11_16_L002	7	0.0000	0.0000	1.0000
HAMBI_0403_chrm01_circ_3077459	PS_Ct_r01_2015_12_14_L002	7	0.0000	0.0000	1.0000
HAMBI_0403_chrm01_circ_3077459	PS_Ct_r01_2016_01_11_L002	7	0.0000	0.0000	1.0000
HAMBI_0403_chrm01_circ_3077459	PS_Ct_r01_2016_02_08_L002	7	0.0000	0.0000	1.0000
HAMBI_0403_chrm01_circ_3077459	PS_Ct_r01_2016_03_07_L001	7	0.0000	0.0000	1.0000
HAMBI_0403_chrm01_circ_3077459	PS_Ct_r01_2016_04_03_L001	7	0.0000	0.0000	1.0000
HAMBI_0403_chrm01_circ_3077459	PS_Ct_r01_2016_05_04_L001	7	0.0000	0.0000	1.0000
HAMBI_0403_chrm01_circ_3077459	PS_Ct_r01_2016_05_30_L001	7	0.0000	0.0000	1.0000
HAMBI_0403_chrm01_circ_3077459	PS_Ct_r01_2016_07_25_L004	7	0.0000	0.0000	1.0000
HAMBI_0403_chrm01_circ_3077459	PS_Ct_r01_2016_08_22_L004	7	0.0000	0.0000	1.0000
HAMBI_0403_chrm01_circ_3077459	PS_Ct_r01_2016_09_19_L004	7	0.0000	0.0000	1.0000
HAMBI_0403_chrm01_circ_3077459	PS_Ct_r01_2016_10_17_L004	7	0.0000	0.0000	1.0000
HAMBI_0403_chrm01_circ_3077459	PS_Ct_r01_2016_11_14_L004	7	0.0000	0.0000	1.0000
HAMBI_0403_chrm01_circ_3077459	PS_Ct_r01_2016_12_12_L004	7	0.0000	0.0000	1.0000
HAMBI_0403_chrm01_circ_3077459	PS_Ct_r01_2017_01_09_L002	7	0.0000	0.0001	1.0000
HAMBI_0403_chrm01_circ_3077459	PS_Ct_r01_2017_02_06_L004	7	0.0101	0.0000	1.0000
HAMBI_0403_chrm01_circ_3077459	PS_Ct_r01_2017_03_06_L001	7	0.0101	0.0000	1.0000
HAMBI_0403_chrm01_circ_3077459	PS_Ct_r01_2017_04_03_L001	7	0.0252	0.0051	1.0000
HAMBI_0403_chrm01_circ_3077459	PS_Ct_r01_2017_05_29_L001	7	0.1648	0.0063	1.0000
HAMBI_0403_chrm01_circ_3077459	PS_Ct_r01_2017_07_24_L001	7	0.3966	0.0082	1.0000
HAMBI_0403_chrm01_circ_3077459	PS_Ct_r01_2017_08_21_L002	7	0.3196	0.0078	1.0000
HAMBI_0403_chrm01_circ_3309178	PS_Ct_r01_2015_08_24_L001	7	0.0000	0.0000	1.0000
HAMBI_0403_chrm01_circ_3309178	PS_Ct_r01_2015_09_21_L001	7	0.0000	0.0000	1.0000
HAMBI_0403_chrm01_circ_3309178	PS_Ct_r01_2015_10_19_L001	7	0.0000	0.0000	1.0000
HAMBI_0403_chrm01_circ_3309178	PS_Ct_r01_2015_11_16_L002	7	0.0000	0.0000	1.0000
HAMBI_0403_chrm01_circ_3309178	PS_Ct_r01_2015_12_14_L002	7	0.0000	0.0000	1.0000
HAMBI_0403_chrm01_circ_3309178	PS_Ct_r01_2016_01_11_L002	7	0.0000	0.0000	1.0000
HAMBI_0403_chrm01_circ_3309178	PS_Ct_r01_2016_02_08_L002	7	0.0000	0.0000	1.0000
HAMBI_0403_chrm01_circ_3309178	PS_Ct_r01_2016_03_07_L001	7	0.0000	0.0000	1.0000
HAMBI_0403_chrm01_circ_3309178	PS_Ct_r01_2016_04_03_L001	7	0.0000	0.0000	1.0000
HAMBI_0403_chrm01_circ_3309178	PS_Ct_r01_2016_05_04_L001	7	0.0000	0.0000	1.0000
HAMBI_0403_chrm01_circ_3309178	PS_Ct_r01_2016_05_30_L001	7	0.0000	0.0000	1.0000
HAMBI_0403_chrm01_circ_3309178	PS_Ct_r01_2016_07_25_L004	7	0.0000	0.0000	1.0000
HAMBI_0403_chrm01_circ_3309178	PS_Ct_r01_2016_08_22_L004	7	0.0000	0.0000	1.0000
HAMBI_0403_chrm01_circ_3309178	PS_Ct_r01_2016_09_19_L004	7	0.0000	0.0000	1.0000
HAMBI_0403_chrm01_circ_3309178	PS_Ct_r01_2016_10_17_L004	7	0.0000	0.0000	1.0000
HAMBI_0403_chrm01_circ_3309178	PS_Ct_r01_2016_11_14_L004	7	0.0000	0.0000	1.0000
HAMBI_0403_chrm01_circ_3309178	PS_Ct_r01_2016_12_12_L004	7	0.0000	0.0000	1.0000
HAMBI_0403_chrm01_circ_3309178	PS_Ct_r01_2017_01_09_L002	7	0.0000	0.0001	1.0000
HAMBI_0403_chrm01_circ_3309178	PS_Ct_r01_2017_02_06_L004	7	0.0101	0.0000	1.0000
HAMBI_0403_chrm01_circ_3309178	PS_Ct_r01_2017_03_06_L001	7	0.0101	0.0000	1.0000
HAMBI_0403_chrm01_circ_3309178	PS_Ct_r01_2017_04_03_L001	7	0.0252	0.0051	1.0000
HAMBI_0403_chrm01_circ_3309178	PS_Ct_r01_2017_05_29_L001	7	0.1648	0.0063	1.0000
HAMBI_0403_chrm01_circ_3309178	PS_Ct_r01_2017_07_24_L001	7	0.3966	0.0082	1.0000
HAMBI_0403_chrm01_circ_3309178	PS_Ct_r01_2017_08_21_L002	7	0.3196	0.0078	1.0000
HAMBI_0403_chrm01_circ_3378294	PS_Ct_r01_2015_08_24_L001	7	0.0000	0.0000	1.0000
HAMBI_0403_chrm01_circ_3378294	PS_Ct_r01_2015_09_21_L001	7	0.0000	0.0000	1.0000
HAMBI_0403_chrm01_circ_3378294	PS_Ct_r01_2015_10_19_L001	7	0.0000	0.0000	1.0000
HAMBI_0403_chrm01_circ_3378294	PS_Ct_r01_2015_11_16_L002	7	0.0000	0.0000	1.0000
HAMBI_0403_chrm01_circ_3378294	PS_Ct_r01_2015_12_14_L002	7	0.0000	0.0000	1.0000
HAMBI_0403_chrm01_circ_3378294	PS_Ct_r01_2016_01_11_L002	7	0.0000	0.0000	1.0000
HAMBI_0403_chrm01_circ_3378294	PS_Ct_r01_2016_02_08_L002	7	0.0000	0.0000	1.0000
HAMBI_0403_chrm01_circ_3378294	PS_Ct_r01_2016_03_07_L001	7	0.0000	0.0000	1.0000
HAMBI_0403_chrm01_circ_3378294	PS_Ct_r01_2016_04_03_L001	7	0.0000	0.0000	1.0000
HAMBI_0403_chrm01_circ_3378294	PS_Ct_r01_2016_05_04_L001	7	0.0000	0.0000	1.0000
HAMBI_0403_chrm01_circ_3378294	PS_Ct_r01_2016_05_30_L001	7	0.0000	0.0000	1.0000
HAMBI_0403_chrm01_circ_3378294	PS_Ct_r01_2016_07_25_L004	7	0.0000	0.0000	1.0000
HAMBI_0403_chrm01_circ_3378294	PS_Ct_r01_2016_08_22_L004	7	0.0000	0.0000	1.0000
HAMBI_0403_chrm01_circ_3378294	PS_Ct_r01_2016_09_19_L004	7	0.0000	0.0000	1.0000
HAMBI_0403_chrm01_circ_3378294	PS_Ct_r01_2016_10_17_L004	7	0.0000	0.0000	1.0000
HAMBI_0403_chrm01_circ_3378294	PS_Ct_r01_2016_11_14_L004	7	0.0000	0.0000	1.0000
HAMBI_0403_chrm01_circ_3378294	PS_Ct_r01_2016_12_12_L004	7	0.0000	0.0000	1.0000
HAMBI_0403_chrm01_circ_3378294	PS_Ct_r01_2017_01_09_L002	7	0.0000	0.0001	1.0000
HAMBI_0403_chrm01_circ_3378294	PS_Ct_r01_2017_02_06_L004	7	0.0101	0.0000	1.0000
HAMBI_0403_chrm01_circ_3378294	PS_Ct_r01_2017_03_06_L001	7	0.0101	0.0000	1.0000
HAMBI_0403_chrm01_circ_3378294	PS_Ct_r01_2017_04_03_L001	7	0.0252	0.0051	1.0000
HAMBI_0403_chrm01_circ_3378294	PS_Ct_r01_2017_05_29_L001	7	0.1648	0.0063	1.0000
HAMBI_0403_chrm01_circ_3378294	PS_Ct_r01_2017_07_24_L001	7	0.3966	0.0082	1.0000
HAMBI_0403_chrm01_circ_3378294	PS_Ct_r01_2017_08_21_L002	7	0.3196	0.0078	1.0000
HAMBI_0403_chrm01_circ_3434936	PS_Ct_r01_2015_08_24_L001	7	0.0000	0.0000	1.0000
HAMBI_0403_chrm01_circ_3434936	PS_Ct_r01_2015_09_21_L001	7	0.0000	0.0000	1.0000
HAMBI_0403_chrm01_circ_3434936	PS_Ct_r01_2015_10_19_L001	7	0.0000	0.0000	1.0000
HAMBI_0403_chrm01_circ_3434936	PS_Ct_r01_2015_11_16_L002	7	0.0000	0.0000	1.0000
HAMBI_0403_chrm01_circ_3434936	PS_Ct_r01_2015_12_14_L002	7	0.0000	0.0000	1.0000
HAMBI_0403_chrm01_circ_3434936	PS_Ct_r01_2016_01_11_L002	7	0.0000	0.0000	1.0000
HAMBI_0403_chrm01_circ_3434936	PS_Ct_r01_2016_02_08_L002	7	0.0000	0.0000	1.0000
HAMBI_0403_chrm01_circ_3434936	PS_Ct_r01_2016_03_07_L001	7	0.0000	0.0000	1.0000
HAMBI_0403_chrm01_circ_3434936	PS_Ct_r01_2016_04_03_L001	7	0.0000	0.0000	1.0000
HAMBI_0403_chrm01_circ_3434936	PS_Ct_r01_2016_05_04_L001	7	0.0000	0.0000	1.0000
HAMBI_0403_chrm01_circ_3434936	PS_Ct_r01_2016_05_30_L001	7	0.0000	0.0000	1.0000
HAMBI_0403_chrm01_circ_3434936	PS_Ct_r01_2016_07_25_L004	7	0.0000	0.0000	1.0000
HAMBI_0403_chrm01_circ_3434936	PS_Ct_r01_2016_08_22_L004	7	0.0000	0.0000	1.0000
HAMBI_0403_chrm01_circ_3434936	PS_Ct_r01_2016_09_19_L004	7	0.0000	0.0000	1.0000
HAMBI_0403_chrm01_circ_3434936	PS_Ct_r01_2016_10_17_L004	7	0.0000	0.0000	1.0000
HAMBI_0403_chrm01_circ_3434936	PS_Ct_r01_2016_11_14_L004	7	0.0000	0.0000	1.0000
HAMBI_0403_chrm01_circ_3434936	PS_Ct_r01_2016_12_12_L004	7	0.0000	0.0000	1.0000
HAMBI_0403_chrm01_circ_3434936	PS_Ct_r01_2017_01_09_L002	7	0.0000	0.0001	1.0000
HAMBI_0403_chrm01_circ_3434936	PS_Ct_r01_2017_02_06_L004	7	0.0101	0.0000	1.0000
HAMBI_0403_chrm01_circ_3434936	PS_Ct_r01_2017_03_06_L001	7	0.0101	0.0000	1.0000
HAMBI_0403_chrm01_circ_3434936	PS_Ct_r01_2017_04_03_L001	7	0.0252	0.0051	1.0000
HAMBI_0403_chrm01_circ_3434936	PS_Ct_r01_2017_05_29_L001	7	0.1648	0.0063	1.0000
HAMBI_0403_chrm01_circ_3434936	PS_Ct_r01_2017_07_24_L001	7	0.3966	0.0082	1.0000
HAMBI_0403_chrm01_circ_3434936	PS_Ct_r01_2017_08_21_L002	7	0.3196	0.0078	1.0000
HAMBI_0403_chrm01_circ_3656530	PS_Ct_r01_2015_08_24_L001	7	0.0000	0.0000	1.0000
HAMBI_0403_chrm01_circ_3656530	PS_Ct_r01_2015_09_21_L001	7	0.0000	0.0000	1.0000
HAMBI_0403_chrm01_circ_3656530	PS_Ct_r01_2015_10_19_L001	7	0.0000	0.0000	1.0000
HAMBI_0403_chrm01_circ_3656530	PS_Ct_r01_2015_11_16_L002	7	0.0000	0.0000	1.0000
HAMBI_0403_chrm01_circ_3656530	PS_Ct_r01_2015_12_14_L002	7	0.0000	0.0000	1.0000
HAMBI_0403_chrm01_circ_3656530	PS_Ct_r01_2016_01_11_L002	7	0.0000	0.0000	1.0000
HAMBI_0403_chrm01_circ_3656530	PS_Ct_r01_2016_02_08_L002	7	0.0000	0.0000	1.0000
HAMBI_0403_chrm01_circ_3656530	PS_Ct_r01_2016_03_07_L001	7	0.0000	0.0000	1.0000
HAMBI_0403_chrm01_circ_3656530	PS_Ct_r01_2016_04_03_L001	7	0.0000	0.0000	1.0000
HAMBI_0403_chrm01_circ_3656530	PS_Ct_r01_2016_05_04_L001	7	0.0000	0.0000	1.0000
HAMBI_0403_chrm01_circ_3656530	PS_Ct_r01_2016_05_30_L001	7	0.0000	0.0000	1.0000
HAMBI_0403_chrm01_circ_3656530	PS_Ct_r01_2016_07_25_L004	7	0.0000	0.0000	1.0000
HAMBI_0403_chrm01_circ_3656530	PS_Ct_r01_2016_08_22_L004	7	0.0000	0.0000	1.0000
HAMBI_0403_chrm01_circ_3656530	PS_Ct_r01_2016_09_19_L004	7	0.0000	0.0000	1.0000
HAMBI_0403_chrm01_circ_3656530	PS_Ct_r01_2016_10_17_L004	7	0.0000	0.0000	1.0000
HAMBI_0403_chrm01_circ_3656530	PS_Ct_r01_2016_11_14_L004	7	0.0000	0.0000	1.0000
HAMBI_0403_chrm01_circ_3656530	PS_Ct_r01_2016_12_12_L004	7	0.0000	0.0000	1.0000
HAMBI_0403_chrm01_circ_3656530	PS_Ct_r01_2017_01_09_L002	7	0.0000	0.0001	1.0000
HAMBI_0403_chrm01_circ_3656530	PS_Ct_r01_2017_02_06_L004	7	0.0101	0.0000	1.0000
HAMBI_0403_chrm01_circ_3656530	PS_Ct_r01_2017_03_06_L001	7	0.0101	0.0000	1.0000
HAMBI_0403_chrm01_circ_3656530	PS_Ct_r01_2017_04_03_L001	7	0.0252	0.0051	1.0000
HAMBI_0403_chrm01_circ_3656530	PS_Ct_r01_2017_05_29_L001	7	0.1648	0.0063	1.0000
HAMBI_0403_chrm01_circ_3656530	PS_Ct_r01_2017_07_24_L001	7	0.3966	0.0082	1.0000
HAMBI_0403_chrm01_circ_3656530	PS_Ct_r01_2017_08_21_L002	7	0.3196	0.0078	1.0000
HAMBI_0403_chrm01_circ_3659448	PS_Ct_r01_2015_08_24_L001	7	0.0000	0.0000	1.0000
HAMBI_0403_chrm01_circ_3659448	PS_Ct_r01_2015_09_21_L001	7	0.0000	0.0000	1.0000
HAMBI_0403_chrm01_circ_3659448	PS_Ct_r01_2015_10_19_L001	7	0.0000	0.0000	1.0000
HAMBI_0403_chrm01_circ_3659448	PS_Ct_r01_2015_11_16_L002	7	0.0000	0.0000	1.0000
HAMBI_0403_chrm01_circ_3659448	PS_Ct_r01_2015_12_14_L002	7	0.0000	0.0000	1.0000
HAMBI_0403_chrm01_circ_3659448	PS_Ct_r01_2016_01_11_L002	7	0.0000	0.0000	1.0000
HAMBI_0403_chrm01_circ_3659448	PS_Ct_r01_2016_02_08_L002	7	0.0000	0.0000	1.0000
HAMBI_0403_chrm01_circ_3659448	PS_Ct_r01_2016_03_07_L001	7	0.0000	0.0000	1.0000
HAMBI_0403_chrm01_circ_3659448	PS_Ct_r01_2016_04_03_L001	7	0.0000	0.0000	1.0000
HAMBI_0403_chrm01_circ_3659448	PS_Ct_r01_2016_05_04_L001	7	0.0000	0.0000	1.0000
HAMBI_0403_chrm01_circ_3659448	PS_Ct_r01_2016_05_30_L001	7	0.0000	0.0000	1.0000
HAMBI_0403_chrm01_circ_3659448	PS_Ct_r01_2016_07_25_L004	7	0.0000	0.0000	1.0000
HAMBI_0403_chrm01_circ_3659448	PS_Ct_r01_2016_08_22_L004	7	0.0000	0.0000	1.0000
HAMBI_0403_chrm01_circ_3659448	PS_Ct_r01_2016_09_19_L004	7	0.0000	0.0000	1.0000
HAMBI_0403_chrm01_circ_3659448	PS_Ct_r01_2016_10_17_L004	7	0.0000	0.0000	1.0000
HAMBI_0403_chrm01_circ_3659448	PS_Ct_r01_2016_11_14_L004	7	0.0000	0.0000	1.0000
HAMBI_0403_chrm01_circ_3659448	PS_Ct_r01_2016_12_12_L004	7	0.0000	0.0000	1.0000
HAMBI_0403_chrm01_circ_3659448	PS_Ct_r01_2017_01_09_L002	7	0.0000	0.0001	1.0000
HAMBI_0403_chrm01_circ_3659448	PS_Ct_r01_2017_02_06_L004	7	0.0101	0.0000	1.0000
HAMBI_0403_chrm01_circ_3659448	PS_Ct_r01_2017_03_06_L001	7	0.0101	0.0000	1.0000
HAMBI_0403_chrm01_circ_3659448	PS_Ct_r01_2017_04_03_L001	7	0.0252	0.0051	1.0000
HAMBI_0403_chrm01_circ_3659448	PS_Ct_r01_2017_05_29_L001	7	0.1648	0.0063	1.0000
HAMBI_0403_chrm01_circ_3659448	PS_Ct_r01_2017_07_24_L001	7	0.3966	0.0082	1.0000
HAMBI_0403_chrm01_circ_3659448	PS_Ct_r01_2017_08_21_L002	7	0.3196	0.0078	1.0000
HAMBI_0403_chrm01_circ_3734063	PS_Ct_r01_2015_08_24_L001	7	0.0000	0.0000	1.0000
HAMBI_0403_chrm01_circ_3734063	PS_Ct_r01_2015_09_21_L001	7	0.0000	0.0000	1.0000
HAMBI_0403_chrm01_circ_3734063	PS_Ct_r01_2015_10_19_L001	7	0.0000	0.0000	1.0000
HAMBI_0403_chrm01_circ_3734063	PS_Ct_r01_2015_11_16_L002	7	0.0000	0.0000	1.0000
HAMBI_0403_chrm01_circ_3734063	PS_Ct_r01_2015_12_14_L002	7	0.0000	0.0000	1.0000
HAMBI_0403_chrm01_circ_3734063	PS_Ct_r01_2016_01_11_L002	7	0.0000	0.0000	1.0000
HAMBI_0403_chrm01_circ_3734063	PS_Ct_r01_2016_02_08_L002	7	0.0000	0.0000	1.0000
HAMBI_0403_chrm01_circ_3734063	PS_Ct_r01_2016_03_07_L001	7	0.0000	0.0000	1.0000
HAMBI_0403_chrm01_circ_3734063	PS_Ct_r01_2016_04_03_L001	7	0.0000	0.0000	1.0000
HAMBI_0403_chrm01_circ_3734063	PS_Ct_r01_2016_05_04_L001	7	0.0000	0.0000	1.0000
HAMBI_0403_chrm01_circ_3734063	PS_Ct_r01_2016_05_30_L001	7	0.0000	0.0000	1.0000
HAMBI_0403_chrm01_circ_3734063	PS_Ct_r01_2016_07_25_L004	7	0.0000	0.0000	1.0000
HAMBI_0403_chrm01_circ_3734063	PS_Ct_r01_2016_08_22_L004	7	0.0000	0.0000	1.0000
HAMBI_0403_chrm01_circ_3734063	PS_Ct_r01_2016_09_19_L004	7	0.0000	0.0000	1.0000
HAMBI_0403_chrm01_circ_3734063	PS_Ct_r01_2016_10_17_L004	7	0.0000	0.0000	1.0000
HAMBI_0403_chrm01_circ_3734063	PS_Ct_r01_2016_11_14_L004	7	0.0000	0.0000	1.0000
HAMBI_0403_chrm01_circ_3734063	PS_Ct_r01_2016_12_12_L004	7	0.0000	0.0000	1.0000
HAMBI_0403_chrm01_circ_3734063	PS_Ct_r01_2017_01_09_L002	7	0.0000	0.0001	1.0000
HAMBI_0403_chrm01_circ_3734063	PS_Ct_r01_2017_02_06_L004	7	0.0101	0.0000	1.0000
HAMBI_0403_chrm01_circ_3734063	PS_Ct_r01_2017_03_06_L001	7	0.0101	0.0000	1.0000
HAMBI_0403_chrm01_circ_3734063	PS_Ct_r01_2017_04_03_L001	7	0.0252	0.0051	1.0000
HAMBI_0403_chrm01_circ_3734063	PS_Ct_r01_2017_05_29_L001	7	0.1648	0.0063	1.0000
HAMBI_0403_chrm01_circ_3734063	PS_Ct_r01_2017_07_24_L001	7	0.3966	0.0082	1.0000
HAMBI_0403_chrm01_circ_3734063	PS_Ct_r01_2017_08_21_L002	7	0.3196	0.0078	1.0000
HAMBI_0403_chrm01_circ_3937271	PS_Ct_r01_2015_08_24_L001	7	0.0000	0.0000	1.0000
HAMBI_0403_chrm01_circ_3937271	PS_Ct_r01_2015_09_21_L001	7	0.0000	0.0000	1.0000
HAMBI_0403_chrm01_circ_3937271	PS_Ct_r01_2015_10_19_L001	7	0.0000	0.0000	1.0000
HAMBI_0403_chrm01_circ_3937271	PS_Ct_r01_2015_11_16_L002	7	0.0000	0.0000	1.0000
HAMBI_0403_chrm01_circ_3937271	PS_Ct_r01_2015_12_14_L002	7	0.0000	0.0000	1.0000
HAMBI_0403_chrm01_circ_3937271	PS_Ct_r01_2016_01_11_L002	7	0.0000	0.0000	1.0000
HAMBI_0403_chrm01_circ_3937271	PS_Ct_r01_2016_02_08_L002	7	0.0000	0.0000	1.0000
HAMBI_0403_chrm01_circ_3937271	PS_Ct_r01_2016_03_07_L001	7	0.0000	0.0000	1.0000
HAMBI_0403_chrm01_circ_3937271	PS_Ct_r01_2016_04_03_L001	7	0.0000	0.0000	1.0000
HAMBI_0403_chrm01_circ_3937271	PS_Ct_r01_2016_05_04_L001	7	0.0000	0.0000	1.0000
HAMBI_0403_chrm01_circ_3937271	PS_Ct_r01_2016_05_30_L001	7	0.0000	0.0000	1.0000
HAMBI_0403_chrm01_circ_3937271	PS_Ct_r01_2016_07_25_L004	7	0.0000	0.0000	1.0000
HAMBI_0403_chrm01_circ_3937271	PS_Ct_r01_2016_08_22_L004	7	0.0000	0.0000	1.0000
HAMBI_0403_chrm01_circ_3937271	PS_Ct_r01_2016_09_19_L004	7	0.0000	0.0000	1.0000
HAMBI_0403_chrm01_circ_3937271	PS_Ct_r01_2016_10_17_L004	7	0.0000	0.0000	1.0000
HAMBI_0403_chrm01_circ_3937271	PS_Ct_r01_2016_11_14_L004	7	0.0000	0.0000	1.0000
HAMBI_0403_chrm01_circ_3937271	PS_Ct_r01_2016_12_12_L004	7	0.0000	0.0000	1.0000
HAMBI_0403_chrm01_circ_3937271	PS_Ct_r01_2017_01_09_L002	7	0.0000	0.0001	1.0000
HAMBI_0403_chrm01_circ_3937271	PS_Ct_r01_2017_02_06_L004	7	0.0101	0.0000	1.0000
HAMBI_0403_chrm01_circ_3937271	PS_Ct_r01_2017_03_06_L001	7	0.0101	0.0000	1.0000
HAMBI_0403_chrm01_circ_3937271	PS_Ct_r01_2017_04_03_L001	7	0.0252	0.0051	1.0000
HAMBI_0403_chrm01_circ_3937271	PS_Ct_r01_2017_05_29_L001	7	0.1648	0.0063	1.0000
HAMBI_0403_chrm01_circ_3937271	PS_Ct_r01_2017_07_24_L001	7	0.3966	0.0082	1.0000
HAMBI_0403_chrm01_circ_3937271	PS_Ct_r01_2017_08_21_L002	7	0.3196	0.0078	1.0000
HAMBI_0403_chrm01_circ_396474	PS_Ct_r01_2015_08_24_L001	7	0.0000	0.0000	1.0000
HAMBI_0403_chrm01_circ_396474	PS_Ct_r01_2015_09_21_L001	7	0.0000	0.0000	1.0000
HAMBI_0403_chrm01_circ_396474	PS_Ct_r01_2015_10_19_L001	7	0.0000	0.0000	1.0000
HAMBI_0403_chrm01_circ_396474	PS_Ct_r01_2015_11_16_L002	7	0.0000	0.0000	1.0000
HAMBI_0403_chrm01_circ_396474	PS_Ct_r01_2015_12_14_L002	7	0.0000	0.0000	1.0000
HAMBI_0403_chrm01_circ_396474	PS_Ct_r01_2016_01_11_L002	7	0.0000	0.0000	1.0000
HAMBI_0403_chrm01_circ_396474	PS_Ct_r01_2016_02_08_L002	7	0.0000	0.0000	1.0000
HAMBI_0403_chrm01_circ_396474	PS_Ct_r01_2016_03_07_L001	7	0.0000	0.0000	1.0000
HAMBI_0403_chrm01_circ_396474	PS_Ct_r01_2016_04_03_L001	7	0.0000	0.0000	1.0000
HAMBI_0403_chrm01_circ_396474	PS_Ct_r01_2016_05_04_L001	7	0.0000	0.0000	1.0000
HAMBI_0403_chrm01_circ_396474	PS_Ct_r01_2016_05_30_L001	7	0.0000	0.0000	1.0000
HAMBI_0403_chrm01_circ_396474	PS_Ct_r01_2016_07_25_L004	7	0.0000	0.0000	1.0000
HAMBI_0403_chrm01_circ_396474	PS_Ct_r01_2016_08_22_L004	7	0.0000	0.0000	1.0000
HAMBI_0403_chrm01_circ_396474	PS_Ct_r01_2016_09_19_L004	7	0.0000	0.0000	1.0000
HAMBI_0403_chrm01_circ_396474	PS_Ct_r01_2016_10_17_L004	7	0.0000	0.0000	1.0000
HAMBI_0403_chrm01_circ_396474	PS_Ct_r01_2016_11_14_L004	7	0.0000	0.0000	1.0000
HAMBI_0403_chrm01_circ_396474	PS_Ct_r01_2016_12_12_L004	7	0.0000	0.0000	1.0000
HAMBI_0403_chrm01_circ_396474	PS_Ct_r01_2017_01_09_L002	7	0.0000	0.0001	1.0000
HAMBI_0403_chrm01_circ_396474	PS_Ct_r01_2017_02_06_L004	7	0.0101	0.0000	1.0000
HAMBI_0403_chrm01_circ_396474	PS_Ct_r01_2017_03_06_L001	7	0.0101	0.0000	1.0000
HAMBI_0403_chrm01_circ_396474	PS_Ct_r01_2017_04_03_L001	7	0.0252	0.0051	1.0000
HAMBI_0403_chrm01_circ_396474	PS_Ct_r01_2017_05_29_L001	7	0.1648	0.0063	1.0000
HAMBI_0403_chrm01_circ_396474	PS_Ct_r01_2017_07_24_L001	7	0.3966	0.0082	1.0000
HAMBI_0403_chrm01_circ_396474	PS_Ct_r01_2017_08_21_L002	7	0.3196	0.0078	1.0000
HAMBI_0403_chrm01_circ_428577	PS_Ct_r01_2015_08_24_L001	7	0.0000	0.0000	1.0000
HAMBI_0403_chrm01_circ_428577	PS_Ct_r01_2015_09_21_L001	7	0.0000	0.0000	1.0000
HAMBI_0403_chrm01_circ_428577	PS_Ct_r01_2015_10_19_L001	7	0.0000	0.0000	1.0000
HAMBI_0403_chrm01_circ_428577	PS_Ct_r01_2015_11_16_L002	7	0.0000	0.0000	1.0000
HAMBI_0403_chrm01_circ_428577	PS_Ct_r01_2015_12_14_L002	7	0.0000	0.0000	1.0000
HAMBI_0403_chrm01_circ_428577	PS_Ct_r01_2016_01_11_L002	7	0.0000	0.0000	1.0000
HAMBI_0403_chrm01_circ_428577	PS_Ct_r01_2016_02_08_L002	7	0.0000	0.0000	1.0000
HAMBI_0403_chrm01_circ_428577	PS_Ct_r01_2016_03_07_L001	7	0.0000	0.0000	1.0000
HAMBI_0403_chrm01_circ_428577	PS_Ct_r01_2016_04_03_L001	7	0.0000	0.0000	1.0000
HAMBI_0403_chrm01_circ_428577	PS_Ct_r01_2016_05_04_L001	7	0.0000	0.0000	1.0000
HAMBI_0403_chrm01_circ_428577	PS_Ct_r01_2016_05_30_L001	7	0.0000	0.0000	1.0000
HAMBI_0403_chrm01_circ_428577	PS_Ct_r01_2016_07_25_L004	7	0.0000	0.0000	1.0000
HAMBI_0403_chrm01_circ_428577	PS_Ct_r01_2016_08_22_L004	7	0.0000	0.0000	1.0000
HAMBI_0403_chrm01_circ_428577	PS_Ct_r01_2016_09_19_L004	7	0.0000	0.0000	1.0000
HAMBI_0403_chrm01_circ_428577	PS_Ct_r01_2016_10_17_L004	7	0.0000	0.0000	1.0000
HAMBI_0403_chrm01_circ_428577	PS_Ct_r01_2016_11_14_L004	7	0.0000	0.0000	1.0000
HAMBI_0403_chrm01_circ_428577	PS_Ct_r01_2016_12_12_L004	7	0.0000	0.0000	1.0000
HAMBI_0403_chrm01_circ_428577	PS_Ct_r01_2017_01_09_L002	7	0.0000	0.0001	1.0000
HAMBI_0403_chrm01_circ_428577	PS_Ct_r01_2017_02_06_L004	7	0.0101	0.0000	1.0000
HAMBI_0403_chrm01_circ_428577	PS_Ct_r01_2017_03_06_L001	7	0.0101	0.0000	1.0000
HAMBI_0403_chrm01_circ_428577	PS_Ct_r01_2017_04_03_L001	7	0.0252	0.0051	1.0000
HAMBI_0403_chrm01_circ_428577	PS_Ct_r01_2017_05_29_L001	7	0.1648	0.0063	1.0000
HAMBI_0403_chrm01_circ_428577	PS_Ct_r01_2017_07_24_L001	7	0.3966	0.0082	1.0000
HAMBI_0403_chrm01_circ_428577	PS_Ct_r01_2017_08_21_L002	7	0.3196	0.0078	1.0000
HAMBI_0403_chrm01_circ_4474874	PS_Ct_r01_2015_08_24_L001	7	0.0000	0.0000	1.0000
HAMBI_0403_chrm01_circ_4474874	PS_Ct_r01_2015_09_21_L001	7	0.0000	0.0000	1.0000
HAMBI_0403_chrm01_circ_4474874	PS_Ct_r01_2015_10_19_L001	7	0.0000	0.0000	1.0000
HAMBI_0403_chrm01_circ_4474874	PS_Ct_r01_2015_11_16_L002	7	0.0000	0.0000	1.0000
HAMBI_0403_chrm01_circ_4474874	PS_Ct_r01_2015_12_14_L002	7	0.0000	0.0000	1.0000
HAMBI_0403_chrm01_circ_4474874	PS_Ct_r01_2016_01_11_L002	7	0.0000	0.0000	1.0000
HAMBI_0403_chrm01_circ_4474874	PS_Ct_r01_2016_02_08_L002	7	0.0000	0.0000	1.0000
HAMBI_0403_chrm01_circ_4474874	PS_Ct_r01_2016_03_07_L001	7	0.0000	0.0000	1.0000
HAMBI_0403_chrm01_circ_4474874	PS_Ct_r01_2016_04_03_L001	7	0.0000	0.0000	1.0000
HAMBI_0403_chrm01_circ_4474874	PS_Ct_r01_2016_05_04_L001	7	0.0000	0.0000	1.0000
HAMBI_0403_chrm01_circ_4474874	PS_Ct_r01_2016_05_30_L001	7	0.0000	0.0000	1.0000
HAMBI_0403_chrm01_circ_4474874	PS_Ct_r01_2016_07_25_L004	7	0.0000	0.0000	1.0000
HAMBI_0403_chrm01_circ_4474874	PS_Ct_r01_2016_08_22_L004	7	0.0000	0.0000	1.0000
HAMBI_0403_chrm01_circ_4474874	PS_Ct_r01_2016_09_19_L004	7	0.0000	0.0000	1.0000
HAMBI_0403_chrm01_circ_4474874	PS_Ct_r01_2016_10_17_L004	7	0.0000	0.0000	1.0000
HAMBI_0403_chrm01_circ_4474874	PS_Ct_r01_2016_11_14_L004	7	0.0000	0.0000	1.0000
HAMBI_0403_chrm01_circ_4474874	PS_Ct_r01_2016_12_12_L004	7	0.0000	0.0000	1.0000
HAMBI_0403_chrm01_circ_4474874	PS_Ct_r01_2017_01_09_L002	7	0.0000	0.0001	1.0000
HAMBI_0403_chrm01_circ_4474874	PS_Ct_r01_2017_02_06_L004	7	0.0101	0.0000	1.0000
HAMBI_0403_chrm01_circ_4474874	PS_Ct_r01_2017_03_06_L001	7	0.0101	0.0000	1.0000
HAMBI_0403_chrm01_circ_4474874	PS_Ct_r01_2017_04_03_L001	7	0.0252	0.0051	1.0000
HAMBI_0403_chrm01_circ_4474874	PS_Ct_r01_2017_05_29_L001	7	0.1648	0.0063	1.0000
HAMBI_0403_chrm01_circ_4474874	PS_Ct_r01_2017_07_24_L001	7	0.3966	0.0082	1.0000
HAMBI_0403_chrm01_circ_4474874	PS_Ct_r01_2017_08_21_L002	7	0.3196	0.0078	1.0000
HAMBI_0403_chrm01_circ_4491938	PS_Ct_r01_2015_08_24_L001	7	0.0000	0.0000	1.0000
HAMBI_0403_chrm01_circ_4491938	PS_Ct_r01_2015_09_21_L001	7	0.0000	0.0000	1.0000
HAMBI_0403_chrm01_circ_4491938	PS_Ct_r01_2015_10_19_L001	7	0.0000	0.0000	1.0000
HAMBI_0403_chrm01_circ_4491938	PS_Ct_r01_2015_11_16_L002	7	0.0000	0.0000	1.0000
HAMBI_0403_chrm01_circ_4491938	PS_Ct_r01_2015_12_14_L002	7	0.0000	0.0000	1.0000
HAMBI_0403_chrm01_circ_4491938	PS_Ct_r01_2016_01_11_L002	7	0.0000	0.0000	1.0000
HAMBI_0403_chrm01_circ_4491938	PS_Ct_r01_2016_02_08_L002	7	0.0000	0.0000	1.0000
HAMBI_0403_chrm01_circ_4491938	PS_Ct_r01_2016_03_07_L001	7	0.0000	0.0000	1.0000
HAMBI_0403_chrm01_circ_4491938	PS_Ct_r01_2016_04_03_L001	7	0.0000	0.0000	1.0000
HAMBI_0403_chrm01_circ_4491938	PS_Ct_r01_2016_05_04_L001	7	0.0000	0.0000	1.0000
HAMBI_0403_chrm01_circ_4491938	PS_Ct_r01_2016_05_30_L001	7	0.0000	0.0000	1.0000
HAMBI_0403_chrm01_circ_4491938	PS_Ct_r01_2016_07_25_L004	7	0.0000	0.0000	1.0000
HAMBI_0403_chrm01_circ_4491938	PS_Ct_r01_2016_08_22_L004	7	0.0000	0.0000	1.0000
HAMBI_0403_chrm01_circ_4491938	PS_Ct_r01_2016_09_19_L004	7	0.0000	0.0000	1.0000
HAMBI_0403_chrm01_circ_4491938	PS_Ct_r01_2016_10_17_L004	7	0.0000	0.0000	1.0000
HAMBI_0403_chrm01_circ_4491938	PS_Ct_r01_2016_11_14_L004	7	0.0000	0.0000	1.0000
HAMBI_0403_chrm01_circ_4491938	PS_Ct_r01_2016_12_12_L004	7	0.0000	0.0000	1.0000
HAMBI_0403_chrm01_circ_4491938	PS_Ct_r01_2017_01_09_L002	7	0.0000	0.0001	1.0000
HAMBI_0403_chrm01_circ_4491938	PS_Ct_r01_2017_02_06_L004	7	0.0101	0.0000	1.0000
HAMBI_0403_chrm01_circ_4491938	PS_Ct_r01_2017_03_06_L001	7	0.0101	0.0000	1.0000
HAMBI_0403_chrm01_circ_4491938	PS_Ct_r01_2017_04_03_L001	7	0.0252	0.0051	1.0000
HAMBI_0403_chrm01_circ_4491938	PS_Ct_r01_2017_05_29_L001	7	0.1648	0.0063	1.0000
HAMBI_0403_chrm01_circ_4491938	PS_Ct_r01_2017_07_24_L001	7	0.3966	0.0082	1.0000
HAMBI_0403_chrm01_circ_4491938	PS_Ct_r01_2017_08_21_L002	7	0.3196	0.0078	1.0000
HAMBI_0403_chrm01_circ_452091	PS_Ct_r01_2015_08_24_L001	7	0.0000	0.0000	1.0000
HAMBI_0403_chrm01_circ_452091	PS_Ct_r01_2015_09_21_L001	7	0.0000	0.0000	1.0000
HAMBI_0403_chrm01_circ_452091	PS_Ct_r01_2015_10_19_L001	7	0.0000	0.0000	1.0000
HAMBI_0403_chrm01_circ_452091	PS_Ct_r01_2015_11_16_L002	7	0.0000	0.0000	1.0000
HAMBI_0403_chrm01_circ_452091	PS_Ct_r01_2015_12_14_L002	7	0.0000	0.0000	1.0000
HAMBI_0403_chrm01_circ_452091	PS_Ct_r01_2016_01_11_L002	7	0.0000	0.0000	1.0000
HAMBI_0403_chrm01_circ_452091	PS_Ct_r01_2016_02_08_L002	7	0.0000	0.0000	1.0000
HAMBI_0403_chrm01_circ_452091	PS_Ct_r01_2016_03_07_L001	7	0.0000	0.0000	1.0000
HAMBI_0403_chrm01_circ_452091	PS_Ct_r01_2016_04_03_L001	7	0.0000	0.0000	1.0000
HAMBI_0403_chrm01_circ_452091	PS_Ct_r01_2016_05_04_L001	7	0.0000	0.0000	1.0000
HAMBI_0403_chrm01_circ_452091	PS_Ct_r01_2016_05_30_L001	7	0.0000	0.0000	1.0000
HAMBI_0403_chrm01_circ_452091	PS_Ct_r01_2016_07_25_L004	7	0.0000	0.0000	1.0000
HAMBI_0403_chrm01_circ_452091	PS_Ct_r01_2016_08_22_L004	7	0.0000	0.0000	1.0000
HAMBI_0403_chrm01_circ_452091	PS_Ct_r01_2016_09_19_L004	7	0.0000	0.0000	1.0000
HAMBI_0403_chrm01_circ_452091	PS_Ct_r01_2016_10_17_L004	7	0.0000	0.0000	1.0000
HAMBI_0403_chrm01_circ_452091	PS_Ct_r01_2016_11_14_L004	7	0.0000	0.0000	1.0000
HAMBI_0403_chrm01_circ_452091	PS_Ct_r01_2016_12_12_L004	7	0.0000	0.0000	1.0000
HAMBI_0403_chrm01_circ_452091	PS_Ct_r01_2017_01_09_L002	7	0.0000	0.0001	1.0000
HAMBI_0403_chrm01_circ_452091	PS_Ct_r01_2017_02_06_L004	7	0.0101	0.0000	1.0000
HAMBI_0403_chrm01_circ_452091	PS_Ct_r01_2017_03_06_L001	7	0.0101	0.0000	1.0000
HAMBI_0403_chrm01_circ_452091	PS_Ct_r01_2017_04_03_L001	7	0.0252	0.0051	1.0000
HAMBI_0403_chrm01_circ_452091	PS_Ct_r01_2017_05_29_L001	7	0.1648	0.0063	1.0000
HAMBI_0403_chrm01_circ_452091	PS_Ct_r01_2017_07_24_L001	7	0.3966	0.0082	1.0000
HAMBI_0403_chrm01_circ_452091	PS_Ct_r01_2017_08_21_L002	7	0.3196	0.0078	1.0000
HAMBI_0403_chrm01_circ_4776152	PS_Ct_r01_2015_08_24_L001	7	0.0000	0.0000	1.0000
HAMBI_0403_chrm01_circ_4776152	PS_Ct_r01_2015_09_21_L001	7	0.0000	0.0000	1.0000
HAMBI_0403_chrm01_circ_4776152	PS_Ct_r01_2015_10_19_L001	7	0.0000	0.0000	1.0000
HAMBI_0403_chrm01_circ_4776152	PS_Ct_r01_2015_11_16_L002	7	0.0000	0.0000	1.0000
HAMBI_0403_chrm01_circ_4776152	PS_Ct_r01_2015_12_14_L002	7	0.0000	0.0000	1.0000
HAMBI_0403_chrm01_circ_4776152	PS_Ct_r01_2016_01_11_L002	7	0.0000	0.0000	1.0000
HAMBI_0403_chrm01_circ_4776152	PS_Ct_r01_2016_02_08_L002	7	0.0000	0.0000	1.0000
HAMBI_0403_chrm01_circ_4776152	PS_Ct_r01_2016_03_07_L001	7	0.0000	0.0000	1.0000
HAMBI_0403_chrm01_circ_4776152	PS_Ct_r01_2016_04_03_L001	7	0.0000	0.0000	1.0000
HAMBI_0403_chrm01_circ_4776152	PS_Ct_r01_2016_05_04_L001	7	0.0000	0.0000	1.0000
HAMBI_0403_chrm01_circ_4776152	PS_Ct_r01_2016_05_30_L001	7	0.0000	0.0000	1.0000
HAMBI_0403_chrm01_circ_4776152	PS_Ct_r01_2016_07_25_L004	7	0.0000	0.0000	1.0000
HAMBI_0403_chrm01_circ_4776152	PS_Ct_r01_2016_08_22_L004	7	0.0000	0.0000	1.0000
HAMBI_0403_chrm01_circ_4776152	PS_Ct_r01_2016_09_19_L004	7	0.0000	0.0000	1.0000
HAMBI_0403_chrm01_circ_4776152	PS_Ct_r01_2016_10_17_L004	7	0.0000	0.0000	1.0000
HAMBI_0403_chrm01_circ_4776152	PS_Ct_r01_2016_11_14_L004	7	0.0000	0.0000	1.0000
HAMBI_0403_chrm01_circ_4776152	PS_Ct_r01_2016_12_12_L004	7	0.0000	0.0000	1.0000
HAMBI_0403_chrm01_circ_4776152	PS_Ct_r01_2017_01_09_L002	7	0.0000	0.0001	1.0000
HAMBI_0403_chrm01_circ_4776152	PS_Ct_r01_2017_02_06_L004	7	0.0101	0.0000	1.0000
HAMBI_0403_chrm01_circ_4776152	PS_Ct_r01_2017_03_06_L001	7	0.0101	0.0000	1.0000
HAMBI_0403_chrm01_circ_4776152	PS_Ct_r01_2017_04_03_L001	7	0.0252	0.0051	1.0000
HAMBI_0403_chrm01_circ_4776152	PS_Ct_r01_2017_05_29_L001	7	0.1648	0.0063	1.0000
HAMBI_0403_chrm01_circ_4776152	PS_Ct_r01_2017_07_24_L001	7	0.3966	0.0082	1.0000
HAMBI_0403_chrm01_circ_4776152	PS_Ct_r01_2017_08_21_L002	7	0.3196	0.0078	1.0000
HAMBI_0403_chrm01_circ_4823950	PS_Ct_r01_2015_08_24_L001	7	0.0000	0.0000	1.0000
HAMBI_0403_chrm01_circ_4823950	PS_Ct_r01_2015_09_21_L001	7	0.0000	0.0000	1.0000
HAMBI_0403_chrm01_circ_4823950	PS_Ct_r01_2015_10_19_L001	7	0.0000	0.0000	1.0000
HAMBI_0403_chrm01_circ_4823950	PS_Ct_r01_2015_11_16_L002	7	0.0000	0.0000	1.0000
HAMBI_0403_chrm01_circ_4823950	PS_Ct_r01_2015_12_14_L002	7	0.0000	0.0000	1.0000
HAMBI_0403_chrm01_circ_4823950	PS_Ct_r01_2016_01_11_L002	7	0.0000	0.0000	1.0000
HAMBI_0403_chrm01_circ_4823950	PS_Ct_r01_2016_02_08_L002	7	0.0000	0.0000	1.0000
HAMBI_0403_chrm01_circ_4823950	PS_Ct_r01_2016_03_07_L001	7	0.0000	0.0000	1.0000
HAMBI_0403_chrm01_circ_4823950	PS_Ct_r01_2016_04_03_L001	7	0.0000	0.0000	1.0000
HAMBI_0403_chrm01_circ_4823950	PS_Ct_r01_2016_05_04_L001	7	0.0000	0.0000	1.0000
HAMBI_0403_chrm01_circ_4823950	PS_Ct_r01_2016_05_30_L001	7	0.0000	0.0000	1.0000
HAMBI_0403_chrm01_circ_4823950	PS_Ct_r01_2016_07_25_L004	7	0.0000	0.0000	1.0000
HAMBI_0403_chrm01_circ_4823950	PS_Ct_r01_2016_08_22_L004	7	0.0000	0.0000	1.0000
HAMBI_0403_chrm01_circ_4823950	PS_Ct_r01_2016_09_19_L004	7	0.0000	0.0000	1.0000
HAMBI_0403_chrm01_circ_4823950	PS_Ct_r01_2016_10_17_L004	7	0.0000	0.0000	1.0000
HAMBI_0403_chrm01_circ_4823950	PS_Ct_r01_2016_11_14_L004	7	0.0000	0.0000	1.0000
HAMBI_0403_chrm01_circ_4823950	PS_Ct_r01_2016_12_12_L004	7	0.0000	0.0000	1.0000
HAMBI_0403_chrm01_circ_4823950	PS_Ct_r01_2017_01_09_L002	7	0.0000	0.0001	1.0000
HAMBI_0403_chrm01_circ_4823950	PS_Ct_r01_2017_02_06_L004	7	0.0101	0.0000	1.0000
HAMBI_0403_chrm01_circ_4823950	PS_Ct_r01_2017_03_06_L001	7	0.0101	0.0000	1.0000
HAMBI_0403_chrm01_circ_4823950	PS_Ct_r01_2017_04_03_L001	7	0.0252	0.0051	1.0000
HAMBI_0403_chrm01_circ_4823950	PS_Ct_r01_2017_05_29_L001	7	0.1648	0.0063	1.0000
HAMBI_0403_chrm01_circ_4823950	PS_Ct_r01_2017_07_24_L001	7	0.3966	0.0082	1.0000
HAMBI_0403_chrm01_circ_4823950	PS_Ct_r01_2017_08_21_L002	7	0.3196	0.0078	1.0000
HAMBI_0403_chrm01_circ_4957989	PS_Ct_r01_2015_08_24_L001	7	0.0000	0.0000	1.0000
HAMBI_0403_chrm01_circ_4957989	PS_Ct_r01_2015_09_21_L001	7	0.0000	0.0000	1.0000
HAMBI_0403_chrm01_circ_4957989	PS_Ct_r01_2015_10_19_L001	7	0.0000	0.0000	1.0000
HAMBI_0403_chrm01_circ_4957989	PS_Ct_r01_2015_11_16_L002	7	0.0000	0.0000	1.0000
HAMBI_0403_chrm01_circ_4957989	PS_Ct_r01_2015_12_14_L002	7	0.0000	0.0000	1.0000
HAMBI_0403_chrm01_circ_4957989	PS_Ct_r01_2016_01_11_L002	7	0.0000	0.0000	1.0000
HAMBI_0403_chrm01_circ_4957989	PS_Ct_r01_2016_02_08_L002	7	0.0000	0.0000	1.0000
HAMBI_0403_chrm01_circ_4957989	PS_Ct_r01_2016_03_07_L001	7	0.0000	0.0000	1.0000
HAMBI_0403_chrm01_circ_4957989	PS_Ct_r01_2016_04_03_L001	7	0.0000	0.0000	1.0000
HAMBI_0403_chrm01_circ_4957989	PS_Ct_r01_2016_05_04_L001	7	0.0000	0.0000	1.0000
HAMBI_0403_chrm01_circ_4957989	PS_Ct_r01_2016_05_30_L001	7	0.0000	0.0000	1.0000
HAMBI_0403_chrm01_circ_4957989	PS_Ct_r01_2016_07_25_L004	7	0.0000	0.0000	1.0000
HAMBI_0403_chrm01_circ_4957989	PS_Ct_r01_2016_08_22_L004	7	0.0000	0.0000	1.0000
HAMBI_0403_chrm01_circ_4957989	PS_Ct_r01_2016_09_19_L004	7	0.0000	0.0000	1.0000
HAMBI_0403_chrm01_circ_4957989	PS_Ct_r01_2016_10_17_L004	7	0.0000	0.0000	1.0000
HAMBI_0403_chrm01_circ_4957989	PS_Ct_r01_2016_11_14_L004	7	0.0000	0.0000	1.0000
HAMBI_0403_chrm01_circ_4957989	PS_Ct_r01_2016_12_12_L004	7	0.0000	0.0000	1.0000
HAMBI_0403_chrm01_circ_4957989	PS_Ct_r01_2017_01_09_L002	7	0.0000	0.0001	1.0000
HAMBI_0403_chrm01_circ_4957989	PS_Ct_r01_2017_02_06_L004	7	0.0101	0.0000	1.0000
HAMBI_0403_chrm01_circ_4957989	PS_Ct_r01_2017_03_06_L001	7	0.0101	0.0000	1.0000
HAMBI_0403_chrm01_circ_4957989	PS_Ct_r01_2017_04_03_L001	7	0.0252	0.0051	1.0000
HAMBI_0403_chrm01_circ_4957989	PS_Ct_r01_2017_05_29_L001	7	0.1648	0.0063	1.0000
HAMBI_0403_chrm01_circ_4957989	PS_Ct_r01_2017_07_24_L001	7	0.3966	0.0082	1.0000
HAMBI_0403_chrm01_circ_4957989	PS_Ct_r01_2017_08_21_L002	7	0.3196	0.0078	1.0000
HAMBI_0403_chrm01_circ_5092140	PS_Ct_r01_2015_08_24_L001	7	0.0000	0.0000	1.0000
HAMBI_0403_chrm01_circ_5092140	PS_Ct_r01_2015_09_21_L001	7	0.0000	0.0000	1.0000
HAMBI_0403_chrm01_circ_5092140	PS_Ct_r01_2015_10_19_L001	7	0.0000	0.0000	1.0000
HAMBI_0403_chrm01_circ_5092140	PS_Ct_r01_2015_11_16_L002	7	0.0000	0.0000	1.0000
HAMBI_0403_chrm01_circ_5092140	PS_Ct_r01_2015_12_14_L002	7	0.0000	0.0000	1.0000
HAMBI_0403_chrm01_circ_5092140	PS_Ct_r01_2016_01_11_L002	7	0.0000	0.0000	1.0000
HAMBI_0403_chrm01_circ_5092140	PS_Ct_r01_2016_02_08_L002	7	0.0000	0.0000	1.0000
HAMBI_0403_chrm01_circ_5092140	PS_Ct_r01_2016_03_07_L001	7	0.0000	0.0000	1.0000
HAMBI_0403_chrm01_circ_5092140	PS_Ct_r01_2016_04_03_L001	7	0.0000	0.0000	1.0000
HAMBI_0403_chrm01_circ_5092140	PS_Ct_r01_2016_05_04_L001	7	0.0000	0.0000	1.0000
HAMBI_0403_chrm01_circ_5092140	PS_Ct_r01_2016_05_30_L001	7	0.0000	0.0000	1.0000
HAMBI_0403_chrm01_circ_5092140	PS_Ct_r01_2016_07_25_L004	7	0.0000	0.0000	1.0000
HAMBI_0403_chrm01_circ_5092140	PS_Ct_r01_2016_08_22_L004	7	0.0000	0.0000	1.0000
HAMBI_0403_chrm01_circ_5092140	PS_Ct_r01_2016_09_19_L004	7	0.0000	0.0000	1.0000
HAMBI_0403_chrm01_circ_5092140	PS_Ct_r01_2016_10_17_L004	7	0.0000	0.0000	1.0000
HAMBI_0403_chrm01_circ_5092140	PS_Ct_r01_2016_11_14_L004	7	0.0000	0.0000	1.0000
HAMBI_0403_chrm01_circ_5092140	PS_Ct_r01_2016_12_12_L004	7	0.0000	0.0000	1.0000
HAMBI_0403_chrm01_circ_5092140	PS_Ct_r01_2017_01_09_L002	7	0.0000	0.0001	1.0000
HAMBI_0403_chrm01_circ_5092140	PS_Ct_r01_2017_02_06_L004	7	0.0101	0.0000	1.0000
HAMBI_0403_chrm01_circ_5092140	PS_Ct_r01_2017_03_06_L001	7	0.0101	0.0000	1.0000
HAMBI_0403_chrm01_circ_5092140	PS_Ct_r01_2017_04_03_L001	7	0.0252	0.0051	1.0000
HAMBI_0403_chrm01_circ_5092140	PS_Ct_r01_2017_05_29_L001	7	0.1648	0.0063	1.0000
HAMBI_0403_chrm01_circ_5092140	PS_Ct_r01_2017_07_24_L001	7	0.3966	0.0082	1.0000
HAMBI_0403_chrm01_circ_5092140	PS_Ct_r01_2017_08_21_L002	7	0.3196	0.0078	1.0000
HAMBI_0403_chrm01_circ_5198424	PS_Ct_r01_2015_08_24_L001	7	0.0000	0.0000	1.0000
HAMBI_0403_chrm01_circ_5198424	PS_Ct_r01_2015_09_21_L001	7	0.0000	0.0000	1.0000
HAMBI_0403_chrm01_circ_5198424	PS_Ct_r01_2015_10_19_L001	7	0.0000	0.0000	1.0000
HAMBI_0403_chrm01_circ_5198424	PS_Ct_r01_2015_11_16_L002	7	0.0000	0.0000	1.0000
HAMBI_0403_chrm01_circ_5198424	PS_Ct_r01_2015_12_14_L002	7	0.0000	0.0000	1.0000
HAMBI_0403_chrm01_circ_5198424	PS_Ct_r01_2016_01_11_L002	7	0.0000	0.0000	1.0000
HAMBI_0403_chrm01_circ_5198424	PS_Ct_r01_2016_02_08_L002	7	0.0000	0.0000	1.0000
HAMBI_0403_chrm01_circ_5198424	PS_Ct_r01_2016_03_07_L001	7	0.0000	0.0000	1.0000
HAMBI_0403_chrm01_circ_5198424	PS_Ct_r01_2016_04_03_L001	7	0.0000	0.0000	1.0000
HAMBI_0403_chrm01_circ_5198424	PS_Ct_r01_2016_05_04_L001	7	0.0000	0.0000	1.0000
HAMBI_0403_chrm01_circ_5198424	PS_Ct_r01_2016_05_30_L001	7	0.0000	0.0000	1.0000
HAMBI_0403_chrm01_circ_5198424	PS_Ct_r01_2016_07_25_L004	7	0.0000	0.0000	1.0000
HAMBI_0403_chrm01_circ_5198424	PS_Ct_r01_2016_08_22_L004	7	0.0000	0.0000	1.0000
HAMBI_0403_chrm01_circ_5198424	PS_Ct_r01_2016_09_19_L004	7	0.0000	0.0000	1.0000
HAMBI_0403_chrm01_circ_5198424	PS_Ct_r01_2016_10_17_L004	7	0.0000	0.0000	1.0000
HAMBI_0403_chrm01_circ_5198424	PS_Ct_r01_2016_11_14_L004	7	0.0000	0.0000	1.0000
HAMBI_0403_chrm01_circ_5198424	PS_Ct_r01_2016_12_12_L004	7	0.0000	0.0000	1.0000
HAMBI_0403_chrm01_circ_5198424	PS_Ct_r01_2017_01_09_L002	7	0.0000	0.0001	1.0000
HAMBI_0403_chrm01_circ_5198424	PS_Ct_r01_2017_02_06_L004	7	0.0101	0.0000	1.0000
HAMBI_0403_chrm01_circ_5198424	PS_Ct_r01_2017_03_06_L001	7	0.0101	0.0000	1.0000
HAMBI_0403_chrm01_circ_5198424	PS_Ct_r01_2017_04_03_L001	7	0.0252	0.0051	1.0000
HAMBI_0403_chrm01_circ_5198424	PS_Ct_r01_2017_05_29_L001	7	0.1648	0.0063	1.0000
HAMBI_0403_chrm01_circ_5198424	PS_Ct_r01_2017_07_24_L001	7	0.3966	0.0082	1.0000
HAMBI_0403_chrm01_circ_5198424	PS_Ct_r01_2017_08_21_L002	7	0.3196	0.0078	1.0000
HAMBI_0403_chrm01_circ_5199995	PS_Ct_r01_2015_08_24_L001	7	0.0000	0.0000	0.9867
HAMBI_0403_chrm01_circ_5199995	PS_Ct_r01_2015_09_21_L001	7	0.0000	0.0000	0.9867
HAMBI_0403_chrm01_circ_5199995	PS_Ct_r01_2015_10_19_L001	7	0.0000	0.0000	0.9867
HAMBI_0403_chrm01_circ_5199995	PS_Ct_r01_2015_11_16_L002	7	0.0000	0.0000	0.9867
HAMBI_0403_chrm01_circ_5199995	PS_Ct_r01_2015_12_14_L002	7	0.0000	0.0000	0.9867
HAMBI_0403_chrm01_circ_5199995	PS_Ct_r01_2016_01_11_L002	7	0.0000	0.0000	0.9867
HAMBI_0403_chrm01_circ_5199995	PS_Ct_r01_2016_02_08_L002	7	0.0000	0.0000	0.9867
HAMBI_0403_chrm01_circ_5199995	PS_Ct_r01_2016_03_07_L001	7	0.0000	0.0000	0.9867
HAMBI_0403_chrm01_circ_5199995	PS_Ct_r01_2016_04_03_L001	7	0.0000	0.0000	0.9867
HAMBI_0403_chrm01_circ_5199995	PS_Ct_r01_2016_05_04_L001	7	0.0000	0.0000	0.9867
HAMBI_0403_chrm01_circ_5199995	PS_Ct_r01_2016_05_30_L001	7	0.0000	0.0000	0.9867
HAMBI_0403_chrm01_circ_5199995	PS_Ct_r01_2016_07_25_L004	7	0.0000	0.0000	0.9867
HAMBI_0403_chrm01_circ_5199995	PS_Ct_r01_2016_08_22_L004	7	0.0000	0.0000	0.9867
HAMBI_0403_chrm01_circ_5199995	PS_Ct_r01_2016_09_19_L004	7	0.0000	0.0000	0.9867
HAMBI_0403_chrm01_circ_5199995	PS_Ct_r01_2016_10_17_L004	7	0.0000	0.0000	0.9867
HAMBI_0403_chrm01_circ_5199995	PS_Ct_r01_2016_11_14_L004	7	0.0000	0.0000	0.9867
HAMBI_0403_chrm01_circ_5199995	PS_Ct_r01_2016_12_12_L004	7	0.0000	0.0000	0.9867
HAMBI_0403_chrm01_circ_5199995	PS_Ct_r01_2017_01_09_L002	7	0.0000	0.0001	0.9867
HAMBI_0403_chrm01_circ_5199995	PS_Ct_r01_2017_02_06_L004	7	0.0101	0.0000	0.9867
HAMBI_0403_chrm01_circ_5199995	PS_Ct_r01_2017_03_06_L001	7	0.0101	0.0000	0.9867
HAMBI_0403_chrm01_circ_5199995	PS_Ct_r01_2017_04_03_L001	7	0.0252	0.0051	0.9867
HAMBI_0403_chrm01_circ_5199995	PS_Ct_r01_2017_05_29_L001	7	0.1648	0.0063	0.9867
HAMBI_0403_chrm01_circ_5199995	PS_Ct_r01_2017_07_24_L001	7	0.3966	0.0082	0.9867
HAMBI_0403_chrm01_circ_5199995	PS_Ct_r01_2017_08_21_L002	7	0.3196	0.0078	0.9867
HAMBI_0403_chrm01_circ_5222210	PS_Ct_r01_2015_08_24_L001	7	0.0000	0.0000	1.0000
HAMBI_0403_chrm01_circ_5222210	PS_Ct_r01_2015_09_21_L001	7	0.0000	0.0000	1.0000
HAMBI_0403_chrm01_circ_5222210	PS_Ct_r01_2015_10_19_L001	7	0.0000	0.0000	1.0000
HAMBI_0403_chrm01_circ_5222210	PS_Ct_r01_2015_11_16_L002	7	0.0000	0.0000	1.0000
HAMBI_0403_chrm01_circ_5222210	PS_Ct_r01_2015_12_14_L002	7	0.0000	0.0000	1.0000
HAMBI_0403_chrm01_circ_5222210	PS_Ct_r01_2016_01_11_L002	7	0.0000	0.0000	1.0000
HAMBI_0403_chrm01_circ_5222210	PS_Ct_r01_2016_02_08_L002	7	0.0000	0.0000	1.0000
HAMBI_0403_chrm01_circ_5222210	PS_Ct_r01_2016_03_07_L001	7	0.0000	0.0000	1.0000
HAMBI_0403_chrm01_circ_5222210	PS_Ct_r01_2016_04_03_L001	7	0.0000	0.0000	1.0000
HAMBI_0403_chrm01_circ_5222210	PS_Ct_r01_2016_05_04_L001	7	0.0000	0.0000	1.0000
HAMBI_0403_chrm01_circ_5222210	PS_Ct_r01_2016_05_30_L001	7	0.0000	0.0000	1.0000
HAMBI_0403_chrm01_circ_5222210	PS_Ct_r01_2016_07_25_L004	7	0.0000	0.0000	1.0000
HAMBI_0403_chrm01_circ_5222210	PS_Ct_r01_2016_08_22_L004	7	0.0000	0.0000	1.0000
HAMBI_0403_chrm01_circ_5222210	PS_Ct_r01_2016_09_19_L004	7	0.0000	0.0000	1.0000
HAMBI_0403_chrm01_circ_5222210	PS_Ct_r01_2016_10_17_L004	7	0.0000	0.0000	1.0000
HAMBI_0403_chrm01_circ_5222210	PS_Ct_r01_2016_11_14_L004	7	0.0000	0.0000	1.0000
HAMBI_0403_chrm01_circ_5222210	PS_Ct_r01_2016_12_12_L004	7	0.0000	0.0000	1.0000
HAMBI_0403_chrm01_circ_5222210	PS_Ct_r01_2017_01_09_L002	7	0.0000	0.0001	1.0000
HAMBI_0403_chrm01_circ_5222210	PS_Ct_r01_2017_02_06_L004	7	0.0101	0.0000	1.0000
HAMBI_0403_chrm01_circ_5222210	PS_Ct_r01_2017_03_06_L001	7	0.0101	0.0000	1.0000
HAMBI_0403_chrm01_circ_5222210	PS_Ct_r01_2017_04_03_L001	7	0.0252	0.0051	1.0000
HAMBI_0403_chrm01_circ_5222210	PS_Ct_r01_2017_05_29_L001	7	0.1648	0.0063	1.0000
HAMBI_0403_chrm01_circ_5222210	PS_Ct_r01_2017_07_24_L001	7	0.3966	0.0082	1.0000
HAMBI_0403_chrm01_circ_5222210	PS_Ct_r01_2017_08_21_L002	7	0.3196	0.0078	1.0000
HAMBI_0403_chrm01_circ_5282336	PS_Ct_r01_2015_08_24_L001	7	0.0000	0.0000	1.0000
HAMBI_0403_chrm01_circ_5282336	PS_Ct_r01_2015_09_21_L001	7	0.0000	0.0000	1.0000
HAMBI_0403_chrm01_circ_5282336	PS_Ct_r01_2015_10_19_L001	7	0.0000	0.0000	1.0000
HAMBI_0403_chrm01_circ_5282336	PS_Ct_r01_2015_11_16_L002	7	0.0000	0.0000	1.0000
HAMBI_0403_chrm01_circ_5282336	PS_Ct_r01_2015_12_14_L002	7	0.0000	0.0000	1.0000
HAMBI_0403_chrm01_circ_5282336	PS_Ct_r01_2016_01_11_L002	7	0.0000	0.0000	1.0000
HAMBI_0403_chrm01_circ_5282336	PS_Ct_r01_2016_02_08_L002	7	0.0000	0.0000	1.0000
HAMBI_0403_chrm01_circ_5282336	PS_Ct_r01_2016_03_07_L001	7	0.0000	0.0000	1.0000
HAMBI_0403_chrm01_circ_5282336	PS_Ct_r01_2016_04_03_L001	7	0.0000	0.0000	1.0000
HAMBI_0403_chrm01_circ_5282336	PS_Ct_r01_2016_05_04_L001	7	0.0000	0.0000	1.0000
HAMBI_0403_chrm01_circ_5282336	PS_Ct_r01_2016_05_30_L001	7	0.0000	0.0000	1.0000
HAMBI_0403_chrm01_circ_5282336	PS_Ct_r01_2016_07_25_L004	7	0.0000	0.0000	1.0000
HAMBI_0403_chrm01_circ_5282336	PS_Ct_r01_2016_08_22_L004	7	0.0000	0.0000	1.0000
HAMBI_0403_chrm01_circ_5282336	PS_Ct_r01_2016_09_19_L004	7	0.0000	0.0000	1.0000
HAMBI_0403_chrm01_circ_5282336	PS_Ct_r01_2016_10_17_L004	7	0.0000	0.0000	1.0000
HAMBI_0403_chrm01_circ_5282336	PS_Ct_r01_2016_11_14_L004	7	0.0000	0.0000	1.0000
HAMBI_0403_chrm01_circ_5282336	PS_Ct_r01_2016_12_12_L004	7	0.0000	0.0000	1.0000
HAMBI_0403_chrm01_circ_5282336	PS_Ct_r01_2017_01_09_L002	7	0.0000	0.0001	1.0000
HAMBI_0403_chrm01_circ_5282336	PS_Ct_r01_2017_02_06_L004	7	0.0101	0.0000	1.0000
HAMBI_0403_chrm01_circ_5282336	PS_Ct_r01_2017_03_06_L001	7	0.0101	0.0000	1.0000
HAMBI_0403_chrm01_circ_5282336	PS_Ct_r01_2017_04_03_L001	7	0.0252	0.0051	1.0000
HAMBI_0403_chrm01_circ_5282336	PS_Ct_r01_2017_05_29_L001	7	0.1648	0.0063	1.0000
HAMBI_0403_chrm01_circ_5282336	PS_Ct_r01_2017_07_24_L001	7	0.3966	0.0082	1.0000
HAMBI_0403_chrm01_circ_5282336	PS_Ct_r01_2017_08_21_L002	7	0.3196	0.0078	1.0000
HAMBI_0403_chrm01_circ_5332627	PS_Ct_r01_2015_08_24_L001	7	0.0000	0.0000	1.0000
HAMBI_0403_chrm01_circ_5332627	PS_Ct_r01_2015_09_21_L001	7	0.0000	0.0000	1.0000
HAMBI_0403_chrm01_circ_5332627	PS_Ct_r01_2015_10_19_L001	7	0.0000	0.0000	1.0000
HAMBI_0403_chrm01_circ_5332627	PS_Ct_r01_2015_11_16_L002	7	0.0000	0.0000	1.0000
HAMBI_0403_chrm01_circ_5332627	PS_Ct_r01_2015_12_14_L002	7	0.0000	0.0000	1.0000
HAMBI_0403_chrm01_circ_5332627	PS_Ct_r01_2016_01_11_L002	7	0.0000	0.0000	1.0000
HAMBI_0403_chrm01_circ_5332627	PS_Ct_r01_2016_02_08_L002	7	0.0000	0.0000	1.0000
HAMBI_0403_chrm01_circ_5332627	PS_Ct_r01_2016_03_07_L001	7	0.0000	0.0000	1.0000
HAMBI_0403_chrm01_circ_5332627	PS_Ct_r01_2016_04_03_L001	7	0.0000	0.0000	1.0000
HAMBI_0403_chrm01_circ_5332627	PS_Ct_r01_2016_05_04_L001	7	0.0000	0.0000	1.0000
HAMBI_0403_chrm01_circ_5332627	PS_Ct_r01_2016_05_30_L001	7	0.0000	0.0000	1.0000
HAMBI_0403_chrm01_circ_5332627	PS_Ct_r01_2016_07_25_L004	7	0.0000	0.0000	1.0000
HAMBI_0403_chrm01_circ_5332627	PS_Ct_r01_2016_08_22_L004	7	0.0000	0.0000	1.0000
HAMBI_0403_chrm01_circ_5332627	PS_Ct_r01_2016_09_19_L004	7	0.0000	0.0000	1.0000
HAMBI_0403_chrm01_circ_5332627	PS_Ct_r01_2016_10_17_L004	7	0.0000	0.0000	1.0000
HAMBI_0403_chrm01_circ_5332627	PS_Ct_r01_2016_11_14_L004	7	0.0000	0.0000	1.0000
HAMBI_0403_chrm01_circ_5332627	PS_Ct_r01_2016_12_12_L004	7	0.0000	0.0000	1.0000
HAMBI_0403_chrm01_circ_5332627	PS_Ct_r01_2017_01_09_L002	7	0.0000	0.0001	1.0000
HAMBI_0403_chrm01_circ_5332627	PS_Ct_r01_2017_02_06_L004	7	0.0101	0.0000	1.0000
HAMBI_0403_chrm01_circ_5332627	PS_Ct_r01_2017_03_06_L001	7	0.0101	0.0000	1.0000
HAMBI_0403_chrm01_circ_5332627	PS_Ct_r01_2017_04_03_L001	7	0.0252	0.0051	1.0000
HAMBI_0403_chrm01_circ_5332627	PS_Ct_r01_2017_05_29_L001	7	0.1648	0.0063	1.0000
HAMBI_0403_chrm01_circ_5332627	PS_Ct_r01_2017_07_24_L001	7	0.3966	0.0082	1.0000
HAMBI_0403_chrm01_circ_5332627	PS_Ct_r01_2017_08_21_L002	7	0.3196	0.0078	1.0000
HAMBI_0403_chrm01_circ_5440519	PS_Ct_r01_2015_08_24_L001	7	0.0000	0.0000	1.0000
HAMBI_0403_chrm01_circ_5440519	PS_Ct_r01_2015_09_21_L001	7	0.0000	0.0000	1.0000
HAMBI_0403_chrm01_circ_5440519	PS_Ct_r01_2015_10_19_L001	7	0.0000	0.0000	1.0000
HAMBI_0403_chrm01_circ_5440519	PS_Ct_r01_2015_11_16_L002	7	0.0000	0.0000	1.0000
HAMBI_0403_chrm01_circ_5440519	PS_Ct_r01_2015_12_14_L002	7	0.0000	0.0000	1.0000
HAMBI_0403_chrm01_circ_5440519	PS_Ct_r01_2016_01_11_L002	7	0.0000	0.0000	1.0000
HAMBI_0403_chrm01_circ_5440519	PS_Ct_r01_2016_02_08_L002	7	0.0000	0.0000	1.0000
HAMBI_0403_chrm01_circ_5440519	PS_Ct_r01_2016_03_07_L001	7	0.0000	0.0000	1.0000
HAMBI_0403_chrm01_circ_5440519	PS_Ct_r01_2016_04_03_L001	7	0.0000	0.0000	1.0000
HAMBI_0403_chrm01_circ_5440519	PS_Ct_r01_2016_05_04_L001	7	0.0000	0.0000	1.0000
HAMBI_0403_chrm01_circ_5440519	PS_Ct_r01_2016_05_30_L001	7	0.0000	0.0000	1.0000
HAMBI_0403_chrm01_circ_5440519	PS_Ct_r01_2016_07_25_L004	7	0.0000	0.0000	1.0000
HAMBI_0403_chrm01_circ_5440519	PS_Ct_r01_2016_08_22_L004	7	0.0000	0.0000	1.0000
HAMBI_0403_chrm01_circ_5440519	PS_Ct_r01_2016_09_19_L004	7	0.0000	0.0000	1.0000
HAMBI_0403_chrm01_circ_5440519	PS_Ct_r01_2016_10_17_L004	7	0.0000	0.0000	1.0000
HAMBI_0403_chrm01_circ_5440519	PS_Ct_r01_2016_11_14_L004	7	0.0000	0.0000	1.0000
HAMBI_0403_chrm01_circ_5440519	PS_Ct_r01_2016_12_12_L004	7	0.0000	0.0000	1.0000
HAMBI_0403_chrm01_circ_5440519	PS_Ct_r01_2017_01_09_L002	7	0.0000	0.0001	1.0000
HAMBI_0403_chrm01_circ_5440519	PS_Ct_r01_2017_02_06_L004	7	0.0101	0.0000	1.0000
HAMBI_0403_chrm01_circ_5440519	PS_Ct_r01_2017_03_06_L001	7	0.0101	0.0000	1.0000
HAMBI_0403_chrm01_circ_5440519	PS_Ct_r01_2017_04_03_L001	7	0.0252	0.0051	1.0000
HAMBI_0403_chrm01_circ_5440519	PS_Ct_r01_2017_05_29_L001	7	0.1648	0.0063	1.0000
HAMBI_0403_chrm01_circ_5440519	PS_Ct_r01_2017_07_24_L001	7	0.3966	0.0082	1.0000
HAMBI_0403_chrm01_circ_5440519	PS_Ct_r01_2017_08_21_L002	7	0.3196	0.0078	1.0000
HAMBI_0403_chrm01_circ_5575616	PS_Ct_r01_2015_08_24_L001	7	0.0000	0.0000	1.0000
HAMBI_0403_chrm01_circ_5575616	PS_Ct_r01_2015_09_21_L001	7	0.0000	0.0000	1.0000
HAMBI_0403_chrm01_circ_5575616	PS_Ct_r01_2015_10_19_L001	7	0.0000	0.0000	1.0000
HAMBI_0403_chrm01_circ_5575616	PS_Ct_r01_2015_11_16_L002	7	0.0000	0.0000	1.0000
HAMBI_0403_chrm01_circ_5575616	PS_Ct_r01_2015_12_14_L002	7	0.0000	0.0000	1.0000
HAMBI_0403_chrm01_circ_5575616	PS_Ct_r01_2016_01_11_L002	7	0.0000	0.0000	1.0000
HAMBI_0403_chrm01_circ_5575616	PS_Ct_r01_2016_02_08_L002	7	0.0000	0.0000	1.0000
HAMBI_0403_chrm01_circ_5575616	PS_Ct_r01_2016_03_07_L001	7	0.0000	0.0000	1.0000
HAMBI_0403_chrm01_circ_5575616	PS_Ct_r01_2016_04_03_L001	7	0.0000	0.0000	1.0000
HAMBI_0403_chrm01_circ_5575616	PS_Ct_r01_2016_05_04_L001	7	0.0000	0.0000	1.0000
HAMBI_0403_chrm01_circ_5575616	PS_Ct_r01_2016_05_30_L001	7	0.0000	0.0000	1.0000
HAMBI_0403_chrm01_circ_5575616	PS_Ct_r01_2016_07_25_L004	7	0.0000	0.0000	1.0000
HAMBI_0403_chrm01_circ_5575616	PS_Ct_r01_2016_08_22_L004	7	0.0000	0.0000	1.0000
HAMBI_0403_chrm01_circ_5575616	PS_Ct_r01_2016_09_19_L004	7	0.0000	0.0000	1.0000
HAMBI_0403_chrm01_circ_5575616	PS_Ct_r01_2016_10_17_L004	7	0.0000	0.0000	1.0000
HAMBI_0403_chrm01_circ_5575616	PS_Ct_r01_2016_11_14_L004	7	0.0000	0.0000	1.0000
HAMBI_0403_chrm01_circ_5575616	PS_Ct_r01_2016_12_12_L004	7	0.0000	0.0000	1.0000
HAMBI_0403_chrm01_circ_5575616	PS_Ct_r01_2017_01_09_L002	7	0.0000	0.0001	1.0000
HAMBI_0403_chrm01_circ_5575616	PS_Ct_r01_2017_02_06_L004	7	0.0101	0.0000	1.0000
HAMBI_0403_chrm01_circ_5575616	PS_Ct_r01_2017_03_06_L001	7	0.0101	0.0000	1.0000
HAMBI_0403_chrm01_circ_5575616	PS_Ct_r01_2017_04_03_L001	7	0.0252	0.0051	1.0000
HAMBI_0403_chrm01_circ_5575616	PS_Ct_r01_2017_05_29_L001	7	0.1648	0.0063	1.0000
HAMBI_0403_chrm01_circ_5575616	PS_Ct_r01_2017_07_24_L001	7	0.3966	0.0082	1.0000
HAMBI_0403_chrm01_circ_5575616	PS_Ct_r01_2017_08_21_L002	7	0.3196	0.0078	1.0000
HAMBI_0403_chrm01_circ_5582188	PS_Ct_r01_2015_08_24_L001	7	0.0000	0.0000	1.0000
HAMBI_0403_chrm01_circ_5582188	PS_Ct_r01_2015_09_21_L001	7	0.0000	0.0000	1.0000
HAMBI_0403_chrm01_circ_5582188	PS_Ct_r01_2015_10_19_L001	7	0.0000	0.0000	1.0000
HAMBI_0403_chrm01_circ_5582188	PS_Ct_r01_2015_11_16_L002	7	0.0000	0.0000	1.0000
HAMBI_0403_chrm01_circ_5582188	PS_Ct_r01_2015_12_14_L002	7	0.0000	0.0000	1.0000
HAMBI_0403_chrm01_circ_5582188	PS_Ct_r01_2016_01_11_L002	7	0.0000	0.0000	1.0000
HAMBI_0403_chrm01_circ_5582188	PS_Ct_r01_2016_02_08_L002	7	0.0000	0.0000	1.0000
HAMBI_0403_chrm01_circ_5582188	PS_Ct_r01_2016_03_07_L001	7	0.0000	0.0000	1.0000
HAMBI_0403_chrm01_circ_5582188	PS_Ct_r01_2016_04_03_L001	7	0.0000	0.0000	1.0000
HAMBI_0403_chrm01_circ_5582188	PS_Ct_r01_2016_05_04_L001	7	0.0000	0.0000	1.0000
HAMBI_0403_chrm01_circ_5582188	PS_Ct_r01_2016_05_30_L001	7	0.0000	0.0000	1.0000
HAMBI_0403_chrm01_circ_5582188	PS_Ct_r01_2016_07_25_L004	7	0.0000	0.0000	1.0000
HAMBI_0403_chrm01_circ_5582188	PS_Ct_r01_2016_08_22_L004	7	0.0000	0.0000	1.0000
HAMBI_0403_chrm01_circ_5582188	PS_Ct_r01_2016_09_19_L004	7	0.0000	0.0000	1.0000
HAMBI_0403_chrm01_circ_5582188	PS_Ct_r01_2016_10_17_L004	7	0.0000	0.0000	1.0000
HAMBI_0403_chrm01_circ_5582188	PS_Ct_r01_2016_11_14_L004	7	0.0000	0.0000	1.0000
HAMBI_0403_chrm01_circ_5582188	PS_Ct_r01_2016_12_12_L004	7	0.0000	0.0000	1.0000
HAMBI_0403_chrm01_circ_5582188	PS_Ct_r01_2017_01_09_L002	7	0.0000	0.0001	1.0000
HAMBI_0403_chrm01_circ_5582188	PS_Ct_r01_2017_02_06_L004	7	0.0101	0.0000	1.0000
HAMBI_0403_chrm01_circ_5582188	PS_Ct_r01_2017_03_06_L001	7	0.0101	0.0000	1.0000
HAMBI_0403_chrm01_circ_5582188	PS_Ct_r01_2017_04_03_L001	7	0.0252	0.0051	1.0000
HAMBI_0403_chrm01_circ_5582188	PS_Ct_r01_2017_05_29_L001	7	0.1648	0.0063	1.0000
HAMBI_0403_chrm01_circ_5582188	PS_Ct_r01_2017_07_24_L001	7	0.3966	0.0082	1.0000
HAMBI_0403_chrm01_circ_5582188	PS_Ct_r01_2017_08_21_L002	7	0.3196	0.0078	1.0000
HAMBI_0403_chrm01_circ_5598806	PS_Ct_r01_2015_08_24_L001	7	0.0000	0.0000	1.0000
HAMBI_0403_chrm01_circ_5598806	PS_Ct_r01_2015_09_21_L001	7	0.0000	0.0000	1.0000
HAMBI_0403_chrm01_circ_5598806	PS_Ct_r01_2015_10_19_L001	7	0.0000	0.0000	1.0000
HAMBI_0403_chrm01_circ_5598806	PS_Ct_r01_2015_11_16_L002	7	0.0000	0.0000	1.0000
HAMBI_0403_chrm01_circ_5598806	PS_Ct_r01_2015_12_14_L002	7	0.0000	0.0000	1.0000
HAMBI_0403_chrm01_circ_5598806	PS_Ct_r01_2016_01_11_L002	7	0.0000	0.0000	1.0000
HAMBI_0403_chrm01_circ_5598806	PS_Ct_r01_2016_02_08_L002	7	0.0000	0.0000	1.0000
HAMBI_0403_chrm01_circ_5598806	PS_Ct_r01_2016_03_07_L001	7	0.0000	0.0000	1.0000
HAMBI_0403_chrm01_circ_5598806	PS_Ct_r01_2016_04_03_L001	7	0.0000	0.0000	1.0000
HAMBI_0403_chrm01_circ_5598806	PS_Ct_r01_2016_05_04_L001	7	0.0000	0.0000	1.0000
HAMBI_0403_chrm01_circ_5598806	PS_Ct_r01_2016_05_30_L001	7	0.0000	0.0000	1.0000
HAMBI_0403_chrm01_circ_5598806	PS_Ct_r01_2016_07_25_L004	7	0.0000	0.0000	1.0000
HAMBI_0403_chrm01_circ_5598806	PS_Ct_r01_2016_08_22_L004	7	0.0000	0.0000	1.0000
HAMBI_0403_chrm01_circ_5598806	PS_Ct_r01_2016_09_19_L004	7	0.0000	0.0000	1.0000
HAMBI_0403_chrm01_circ_5598806	PS_Ct_r01_2016_10_17_L004	7	0.0000	0.0000	1.0000
HAMBI_0403_chrm01_circ_5598806	PS_Ct_r01_2016_11_14_L004	7	0.0000	0.0000	1.0000
HAMBI_0403_chrm01_circ_5598806	PS_Ct_r01_2016_12_12_L004	7	0.0000	0.0000	1.0000
HAMBI_0403_chrm01_circ_5598806	PS_Ct_r01_2017_01_09_L002	7	0.0000	0.0001	1.0000
HAMBI_0403_chrm01_circ_5598806	PS_Ct_r01_2017_02_06_L004	7	0.0101	0.0000	1.0000
HAMBI_0403_chrm01_circ_5598806	PS_Ct_r01_2017_03_06_L001	7	0.0101	0.0000	1.0000
HAMBI_0403_chrm01_circ_5598806	PS_Ct_r01_2017_04_03_L001	7	0.0252	0.0051	1.0000
HAMBI_0403_chrm01_circ_5598806	PS_Ct_r01_2017_05_29_L001	7	0.1648	0.0063	1.0000
HAMBI_0403_chrm01_circ_5598806	PS_Ct_r01_2017_07_24_L001	7	0.3966	0.0082	1.0000
HAMBI_0403_chrm01_circ_5598806	PS_Ct_r01_2017_08_21_L002	7	0.3196	0.0078	1.0000
HAMBI_0403_chrm01_circ_5607978	PS_Ct_r01_2015_08_24_L001	7	0.0000	0.0000	1.0000
HAMBI_0403_chrm01_circ_5607978	PS_Ct_r01_2015_09_21_L001	7	0.0000	0.0000	1.0000
HAMBI_0403_chrm01_circ_5607978	PS_Ct_r01_2015_10_19_L001	7	0.0000	0.0000	1.0000
HAMBI_0403_chrm01_circ_5607978	PS_Ct_r01_2015_11_16_L002	7	0.0000	0.0000	1.0000
HAMBI_0403_chrm01_circ_5607978	PS_Ct_r01_2015_12_14_L002	7	0.0000	0.0000	1.0000
HAMBI_0403_chrm01_circ_5607978	PS_Ct_r01_2016_01_11_L002	7	0.0000	0.0000	1.0000
HAMBI_0403_chrm01_circ_5607978	PS_Ct_r01_2016_02_08_L002	7	0.0000	0.0000	1.0000
HAMBI_0403_chrm01_circ_5607978	PS_Ct_r01_2016_03_07_L001	7	0.0000	0.0000	1.0000
HAMBI_0403_chrm01_circ_5607978	PS_Ct_r01_2016_04_03_L001	7	0.0000	0.0000	1.0000
HAMBI_0403_chrm01_circ_5607978	PS_Ct_r01_2016_05_04_L001	7	0.0000	0.0000	1.0000
HAMBI_0403_chrm01_circ_5607978	PS_Ct_r01_2016_05_30_L001	7	0.0000	0.0000	1.0000
HAMBI_0403_chrm01_circ_5607978	PS_Ct_r01_2016_07_25_L004	7	0.0000	0.0000	1.0000
HAMBI_0403_chrm01_circ_5607978	PS_Ct_r01_2016_08_22_L004	7	0.0000	0.0000	1.0000
HAMBI_0403_chrm01_circ_5607978	PS_Ct_r01_2016_09_19_L004	7	0.0000	0.0000	1.0000
HAMBI_0403_chrm01_circ_5607978	PS_Ct_r01_2016_10_17_L004	7	0.0000	0.0000	1.0000
HAMBI_0403_chrm01_circ_5607978	PS_Ct_r01_2016_11_14_L004	7	0.0000	0.0000	1.0000
HAMBI_0403_chrm01_circ_5607978	PS_Ct_r01_2016_12_12_L004	7	0.0000	0.0000	1.0000
HAMBI_0403_chrm01_circ_5607978	PS_Ct_r01_2017_01_09_L002	7	0.0000	0.0001	1.0000
HAMBI_0403_chrm01_circ_5607978	PS_Ct_r01_2017_02_06_L004	7	0.0101	0.0000	1.0000
HAMBI_0403_chrm01_circ_5607978	PS_Ct_r01_2017_03_06_L001	7	0.0101	0.0000	1.0000
HAMBI_0403_chrm01_circ_5607978	PS_Ct_r01_2017_04_03_L001	7	0.0252	0.0051	1.0000
HAMBI_0403_chrm01_circ_5607978	PS_Ct_r01_2017_05_29_L001	7	0.1648	0.0063	1.0000
HAMBI_0403_chrm01_circ_5607978	PS_Ct_r01_2017_07_24_L001	7	0.3966	0.0082	1.0000
HAMBI_0403_chrm01_circ_5607978	PS_Ct_r01_2017_08_21_L002	7	0.3196	0.0078	1.0000
HAMBI_0403_chrm01_circ_5609584	PS_Ct_r01_2015_08_24_L001	7	0.0000	0.0000	1.0000
HAMBI_0403_chrm01_circ_5609584	PS_Ct_r01_2015_09_21_L001	7	0.0000	0.0000	1.0000
HAMBI_0403_chrm01_circ_5609584	PS_Ct_r01_2015_10_19_L001	7	0.0000	0.0000	1.0000
HAMBI_0403_chrm01_circ_5609584	PS_Ct_r01_2015_11_16_L002	7	0.0000	0.0000	1.0000
HAMBI_0403_chrm01_circ_5609584	PS_Ct_r01_2015_12_14_L002	7	0.0000	0.0000	1.0000
HAMBI_0403_chrm01_circ_5609584	PS_Ct_r01_2016_01_11_L002	7	0.0000	0.0000	1.0000
HAMBI_0403_chrm01_circ_5609584	PS_Ct_r01_2016_02_08_L002	7	0.0000	0.0000	1.0000
HAMBI_0403_chrm01_circ_5609584	PS_Ct_r01_2016_03_07_L001	7	0.0000	0.0000	1.0000
HAMBI_0403_chrm01_circ_5609584	PS_Ct_r01_2016_04_03_L001	7	0.0000	0.0000	1.0000
HAMBI_0403_chrm01_circ_5609584	PS_Ct_r01_2016_05_04_L001	7	0.0000	0.0000	1.0000
HAMBI_0403_chrm01_circ_5609584	PS_Ct_r01_2016_05_30_L001	7	0.0000	0.0000	1.0000
HAMBI_0403_chrm01_circ_5609584	PS_Ct_r01_2016_07_25_L004	7	0.0000	0.0000	1.0000
HAMBI_0403_chrm01_circ_5609584	PS_Ct_r01_2016_08_22_L004	7	0.0000	0.0000	1.0000
HAMBI_0403_chrm01_circ_5609584	PS_Ct_r01_2016_09_19_L004	7	0.0000	0.0000	1.0000
HAMBI_0403_chrm01_circ_5609584	PS_Ct_r01_2016_10_17_L004	7	0.0000	0.0000	1.0000
HAMBI_0403_chrm01_circ_5609584	PS_Ct_r01_2016_11_14_L004	7	0.0000	0.0000	1.0000
HAMBI_0403_chrm01_circ_5609584	PS_Ct_r01_2016_12_12_L004	7	0.0000	0.0000	1.0000
HAMBI_0403_chrm01_circ_5609584	PS_Ct_r01_2017_01_09_L002	7	0.0000	0.0001	1.0000
HAMBI_0403_chrm01_circ_5609584	PS_Ct_r01_2017_02_06_L004	7	0.0101	0.0000	1.0000
HAMBI_0403_chrm01_circ_5609584	PS_Ct_r01_2017_03_06_L001	7	0.0101	0.0000	1.0000
HAMBI_0403_chrm01_circ_5609584	PS_Ct_r01_2017_04_03_L001	7	0.0252	0.0051	1.0000
HAMBI_0403_chrm01_circ_5609584	PS_Ct_r01_2017_05_29_L001	7	0.1648	0.0063	1.0000
HAMBI_0403_chrm01_circ_5609584	PS_Ct_r01_2017_07_24_L001	7	0.3966	0.0082	1.0000
HAMBI_0403_chrm01_circ_5609584	PS_Ct_r01_2017_08_21_L002	7	0.3196	0.0078	1.0000
HAMBI_0403_chrm01_circ_5746337	PS_Ct_r01_2015_08_24_L001	7	0.0000	0.0000	1.0000
HAMBI_0403_chrm01_circ_5746337	PS_Ct_r01_2015_09_21_L001	7	0.0000	0.0000	1.0000
HAMBI_0403_chrm01_circ_5746337	PS_Ct_r01_2015_10_19_L001	7	0.0000	0.0000	1.0000
HAMBI_0403_chrm01_circ_5746337	PS_Ct_r01_2015_11_16_L002	7	0.0000	0.0000	1.0000
HAMBI_0403_chrm01_circ_5746337	PS_Ct_r01_2015_12_14_L002	7	0.0000	0.0000	1.0000
HAMBI_0403_chrm01_circ_5746337	PS_Ct_r01_2016_01_11_L002	7	0.0000	0.0000	1.0000
HAMBI_0403_chrm01_circ_5746337	PS_Ct_r01_2016_02_08_L002	7	0.0000	0.0000	1.0000
HAMBI_0403_chrm01_circ_5746337	PS_Ct_r01_2016_03_07_L001	7	0.0000	0.0000	1.0000
HAMBI_0403_chrm01_circ_5746337	PS_Ct_r01_2016_04_03_L001	7	0.0000	0.0000	1.0000
HAMBI_0403_chrm01_circ_5746337	PS_Ct_r01_2016_05_04_L001	7	0.0000	0.0000	1.0000
HAMBI_0403_chrm01_circ_5746337	PS_Ct_r01_2016_05_30_L001	7	0.0000	0.0000	1.0000
HAMBI_0403_chrm01_circ_5746337	PS_Ct_r01_2016_07_25_L004	7	0.0000	0.0000	1.0000
HAMBI_0403_chrm01_circ_5746337	PS_Ct_r01_2016_08_22_L004	7	0.0000	0.0000	1.0000
HAMBI_0403_chrm01_circ_5746337	PS_Ct_r01_2016_09_19_L004	7	0.0000	0.0000	1.0000
HAMBI_0403_chrm01_circ_5746337	PS_Ct_r01_2016_10_17_L004	7	0.0000	0.0000	1.0000
HAMBI_0403_chrm01_circ_5746337	PS_Ct_r01_2016_11_14_L004	7	0.0000	0.0000	1.0000
HAMBI_0403_chrm01_circ_5746337	PS_Ct_r01_2016_12_12_L004	7	0.0000	0.0000	1.0000
HAMBI_0403_chrm01_circ_5746337	PS_Ct_r01_2017_01_09_L002	7	0.0000	0.0001	1.0000
HAMBI_0403_chrm01_circ_5746337	PS_Ct_r01_2017_02_06_L004	7	0.0101	0.0000	1.0000
HAMBI_0403_chrm01_circ_5746337	PS_Ct_r01_2017_03_06_L001	7	0.0101	0.0000	1.0000
HAMBI_0403_chrm01_circ_5746337	PS_Ct_r01_2017_04_03_L001	7	0.0252	0.0051	1.0000
HAMBI_0403_chrm01_circ_5746337	PS_Ct_r01_2017_05_29_L001	7	0.1648	0.0063	1.0000
HAMBI_0403_chrm01_circ_5746337	PS_Ct_r01_2017_07_24_L001	7	0.3966	0.0082	1.0000
HAMBI_0403_chrm01_circ_5746337	PS_Ct_r01_2017_08_21_L002	7	0.3196	0.0078	1.0000
HAMBI_0403_chrm01_circ_594917	PS_Ct_r01_2015_08_24_L001	7	0.0000	0.0000	1.0000
HAMBI_0403_chrm01_circ_594917	PS_Ct_r01_2015_09_21_L001	7	0.0000	0.0000	1.0000
HAMBI_0403_chrm01_circ_594917	PS_Ct_r01_2015_10_19_L001	7	0.0000	0.0000	1.0000
HAMBI_0403_chrm01_circ_594917	PS_Ct_r01_2015_11_16_L002	7	0.0000	0.0000	1.0000
HAMBI_0403_chrm01_circ_594917	PS_Ct_r01_2015_12_14_L002	7	0.0000	0.0000	1.0000
HAMBI_0403_chrm01_circ_594917	PS_Ct_r01_2016_01_11_L002	7	0.0000	0.0000	1.0000
HAMBI_0403_chrm01_circ_594917	PS_Ct_r01_2016_02_08_L002	7	0.0000	0.0000	1.0000
HAMBI_0403_chrm01_circ_594917	PS_Ct_r01_2016_03_07_L001	7	0.0000	0.0000	1.0000
HAMBI_0403_chrm01_circ_594917	PS_Ct_r01_2016_04_03_L001	7	0.0000	0.0000	1.0000
HAMBI_0403_chrm01_circ_594917	PS_Ct_r01_2016_05_04_L001	7	0.0000	0.0000	1.0000
HAMBI_0403_chrm01_circ_594917	PS_Ct_r01_2016_05_30_L001	7	0.0000	0.0000	1.0000
HAMBI_0403_chrm01_circ_594917	PS_Ct_r01_2016_07_25_L004	7	0.0000	0.0000	1.0000
HAMBI_0403_chrm01_circ_594917	PS_Ct_r01_2016_08_22_L004	7	0.0000	0.0000	1.0000
HAMBI_0403_chrm01_circ_594917	PS_Ct_r01_2016_09_19_L004	7	0.0000	0.0000	1.0000
HAMBI_0403_chrm01_circ_594917	PS_Ct_r01_2016_10_17_L004	7	0.0000	0.0000	1.0000
HAMBI_0403_chrm01_circ_594917	PS_Ct_r01_2016_11_14_L004	7	0.0000	0.0000	1.0000
HAMBI_0403_chrm01_circ_594917	PS_Ct_r01_2016_12_12_L004	7	0.0000	0.0000	1.0000
HAMBI_0403_chrm01_circ_594917	PS_Ct_r01_2017_01_09_L002	7	0.0000	0.0001	1.0000
HAMBI_0403_chrm01_circ_594917	PS_Ct_r01_2017_02_06_L004	7	0.0101	0.0000	1.0000
HAMBI_0403_chrm01_circ_594917	PS_Ct_r01_2017_03_06_L001	7	0.0101	0.0000	1.0000
HAMBI_0403_chrm01_circ_594917	PS_Ct_r01_2017_04_03_L001	7	0.0252	0.0051	1.0000
HAMBI_0403_chrm01_circ_594917	PS_Ct_r01_2017_05_29_L001	7	0.1648	0.0063	1.0000
HAMBI_0403_chrm01_circ_594917	PS_Ct_r01_2017_07_24_L001	7	0.3966	0.0082	1.0000
HAMBI_0403_chrm01_circ_594917	PS_Ct_r01_2017_08_21_L002	7	0.3196	0.0078	1.0000
HAMBI_0403_chrm01_circ_707864	PS_Ct_r01_2015_08_24_L001	7	0.0000	0.0000	1.0000
HAMBI_0403_chrm01_circ_707864	PS_Ct_r01_2015_09_21_L001	7	0.0000	0.0000	1.0000
HAMBI_0403_chrm01_circ_707864	PS_Ct_r01_2015_10_19_L001	7	0.0000	0.0000	1.0000
HAMBI_0403_chrm01_circ_707864	PS_Ct_r01_2015_11_16_L002	7	0.0000	0.0000	1.0000
HAMBI_0403_chrm01_circ_707864	PS_Ct_r01_2015_12_14_L002	7	0.0000	0.0000	1.0000
HAMBI_0403_chrm01_circ_707864	PS_Ct_r01_2016_01_11_L002	7	0.0000	0.0000	1.0000
HAMBI_0403_chrm01_circ_707864	PS_Ct_r01_2016_02_08_L002	7	0.0000	0.0000	1.0000
HAMBI_0403_chrm01_circ_707864	PS_Ct_r01_2016_03_07_L001	7	0.0000	0.0000	1.0000
HAMBI_0403_chrm01_circ_707864	PS_Ct_r01_2016_04_03_L001	7	0.0000	0.0000	1.0000
HAMBI_0403_chrm01_circ_707864	PS_Ct_r01_2016_05_04_L001	7	0.0000	0.0000	1.0000
HAMBI_0403_chrm01_circ_707864	PS_Ct_r01_2016_05_30_L001	7	0.0000	0.0000	1.0000
HAMBI_0403_chrm01_circ_707864	PS_Ct_r01_2016_07_25_L004	7	0.0000	0.0000	1.0000
HAMBI_0403_chrm01_circ_707864	PS_Ct_r01_2016_08_22_L004	7	0.0000	0.0000	1.0000
HAMBI_0403_chrm01_circ_707864	PS_Ct_r01_2016_09_19_L004	7	0.0000	0.0000	1.0000
HAMBI_0403_chrm01_circ_707864	PS_Ct_r01_2016_10_17_L004	7	0.0000	0.0000	1.0000
HAMBI_0403_chrm01_circ_707864	PS_Ct_r01_2016_11_14_L004	7	0.0000	0.0000	1.0000
HAMBI_0403_chrm01_circ_707864	PS_Ct_r01_2016_12_12_L004	7	0.0000	0.0000	1.0000
HAMBI_0403_chrm01_circ_707864	PS_Ct_r01_2017_01_09_L002	7	0.0000	0.0001	1.0000
HAMBI_0403_chrm01_circ_707864	PS_Ct_r01_2017_02_06_L004	7	0.0101	0.0000	1.0000
HAMBI_0403_chrm01_circ_707864	PS_Ct_r01_2017_03_06_L001	7	0.0101	0.0000	1.0000
HAMBI_0403_chrm01_circ_707864	PS_Ct_r01_2017_04_03_L001	7	0.0252	0.0051	1.0000
HAMBI_0403_chrm01_circ_707864	PS_Ct_r01_2017_05_29_L001	7	0.1648	0.0063	1.0000
HAMBI_0403_chrm01_circ_707864	PS_Ct_r01_2017_07_24_L001	7	0.3966	0.0082	1.0000
HAMBI_0403_chrm01_circ_707864	PS_Ct_r01_2017_08_21_L002	7	0.3196	0.0078	1.0000
HAMBI_0403_chrm01_circ_931471	PS_Ct_r01_2015_08_24_L001	7	0.0000	0.0000	1.0000
HAMBI_0403_chrm01_circ_931471	PS_Ct_r01_2015_09_21_L001	7	0.0000	0.0000	1.0000
HAMBI_0403_chrm01_circ_931471	PS_Ct_r01_2015_10_19_L001	7	0.0000	0.0000	1.0000
HAMBI_0403_chrm01_circ_931471	PS_Ct_r01_2015_11_16_L002	7	0.0000	0.0000	1.0000
HAMBI_0403_chrm01_circ_931471	PS_Ct_r01_2015_12_14_L002	7	0.0000	0.0000	1.0000
HAMBI_0403_chrm01_circ_931471	PS_Ct_r01_2016_01_11_L002	7	0.0000	0.0000	1.0000
HAMBI_0403_chrm01_circ_931471	PS_Ct_r01_2016_02_08_L002	7	0.0000	0.0000	1.0000
HAMBI_0403_chrm01_circ_931471	PS_Ct_r01_2016_03_07_L001	7	0.0000	0.0000	1.0000
HAMBI_0403_chrm01_circ_931471	PS_Ct_r01_2016_04_03_L001	7	0.0000	0.0000	1.0000
HAMBI_0403_chrm01_circ_931471	PS_Ct_r01_2016_05_04_L001	7	0.0000	0.0000	1.0000
HAMBI_0403_chrm01_circ_931471	PS_Ct_r01_2016_05_30_L001	7	0.0000	0.0000	1.0000
HAMBI_0403_chrm01_circ_931471	PS_Ct_r01_2016_07_25_L004	7	0.0000	0.0000	1.0000
HAMBI_0403_chrm01_circ_931471	PS_Ct_r01_2016_08_22_L004	7	0.0000	0.0000	1.0000
HAMBI_0403_chrm01_circ_931471	PS_Ct_r01_2016_09_19_L004	7	0.0000	0.0000	1.0000
HAMBI_0403_chrm01_circ_931471	PS_Ct_r01_2016_10_17_L004	7	0.0000	0.0000	1.0000
HAMBI_0403_chrm01_circ_931471	PS_Ct_r01_2016_11_14_L004	7	0.0000	0.0000	1.0000
HAMBI_0403_chrm01_circ_931471	PS_Ct_r01_2016_12_12_L004	7	0.0000	0.0000	1.0000
HAMBI_0403_chrm01_circ_931471	PS_Ct_r01_2017_01_09_L002	7	0.0000	0.0001	1.0000
HAMBI_0403_chrm01_circ_931471	PS_Ct_r01_2017_02_06_L004	7	0.0101	0.0000	1.0000
HAMBI_0403_chrm01_circ_931471	PS_Ct_r01_2017_03_06_L001	7	0.0101	0.0000	1.0000
HAMBI_0403_chrm01_circ_931471	PS_Ct_r01_2017_04_03_L001	7	0.0252	0.0051	1.0000
HAMBI_0403_chrm01_circ_931471	PS_Ct_r01_2017_05_29_L001	7	0.1648	0.0063	1.0000
HAMBI_0403_chrm01_circ_931471	PS_Ct_r01_2017_07_24_L001	7	0.3966	0.0082	1.0000
HAMBI_0403_chrm01_circ_931471	PS_Ct_r01_2017_08_21_L002	7	0.3196	0.0078	1.0000
