mutation_id	sample_id	cluster_id	cellular_prevalence	cellular_prevalence_std	cluster_assignment_prob
PsFluSBW25_chrm01_circ_1353349	PS_Pf_r02_2017_01_09_L001	0	0.7370	0.0229	1.0000
PsFluSBW25_chrm01_circ_1353349	Pf_BP_2_D112_S35_L001-L004_merged	0	0.4881	0.0543	1.0000
PsFluSBW25_chrm01_circ_1353349	Pf_BP_2_D140_S68_L001-L004_merged	0	0.2937	0.0450	1.0000
PsFluSBW25_chrm01_circ_1353349	Pf_BP_2_D168_S14_L001-L004_merged	0	0.4606	0.0526	1.0000
PsFluSBW25_chrm01_circ_1353349	Pf_BP_2_D196_S47_L001-L004_merged	0	0.7131	0.0483	1.0000
PsFluSBW25_chrm01_circ_1353349	Pf_BP_2_D224_S80_L001-L004_merged	0	0.7459	0.0414	1.0000
PsFluSBW25_chrm01_circ_1353349	Pf_BP_2_D252_S26_L001-L004_merged	0	0.8006	0.0460	1.0000
PsFluSBW25_chrm01_circ_1353349	Pf_BP_2_D279_S59_L001-L004_merged	0	0.8304	0.0544	1.0000
PsFluSBW25_chrm01_circ_1353349	Pf_BP_2_D28_S12_L001-L004_merged	0	0.0242	0.0139	1.0000
PsFluSBW25_chrm01_circ_1353349	Pf_BP_2_D310_S5_L001-L004_merged	0	0.6948	0.0383	1.0000
PsFluSBW25_chrm01_circ_1353349	Pf_BP_2_D336_S38_L001-L004_merged	0	0.5791	0.0461	1.0000
PsFluSBW25_chrm01_circ_1353349	Pf_BP_2_D364_S71_L001-L004_merged	0	0.8407	0.0421	1.0000
PsFluSBW25_chrm01_circ_1353349	Pf_BP_2_D392_S101_L001-L004_merged	0	0.8188	0.0438	1.0000
PsFluSBW25_chrm01_circ_1353349	Pf_BP_2_D420_S50_L001-L004_merged	0	0.8340	0.0379	1.0000
PsFluSBW25_chrm01_circ_1353349	Pf_BP_2_D448_S83_L001-L004_merged	0	0.7475	0.0475	1.0000
PsFluSBW25_chrm01_circ_1353349	Pf_BP_2_D476_S62_L001-L004_merged	0	0.8768	0.0299	1.0000
PsFluSBW25_chrm01_circ_1353349	Pf_BP_2_D504_S161_L001-L004_merged	0	0.8302	0.0399	1.0000
PsFluSBW25_chrm01_circ_1353349	Pf_BP_2_D532_S126_L001-L004_merged	0	0.7407	0.0497	1.0000
PsFluSBW25_chrm01_circ_1353349	Pf_BP_2_D56_S56_L001-L004_merged	0	0.1812	0.0472	1.0000
PsFluSBW25_chrm01_circ_1353349	Pf_BP_2_D588_S86_L001-L004_merged	0	0.8536	0.0427	1.0000
PsFluSBW25_chrm01_circ_1353349	Pf_BP_2_D623_S104_L001-L004_merged	0	0.8777	0.0405	1.0000
PsFluSBW25_chrm01_circ_1353349	Pf_BP_2_D644_S152_L001-L004_merged	0	0.7505	0.0508	1.0000
PsFluSBW25_chrm01_circ_1353349	Pf_BP_2_D700_S177_L001-L004_merged	0	0.8312	0.0485	1.0000
PsFluSBW25_chrm01_circ_1353349	Pf_BP_2_D728_S118_L001-L004_merged	0	0.6555	0.0508	1.0000
PsFluSBW25_chrm01_circ_1353349	Pf_BP_2_D756_S154_L001-L004_merged	0	0.9268	0.0354	1.0000
PsFluSBW25_chrm01_circ_1353349	Pf_BP_2_D784_S95_L001-L004_merged	0	0.9019	0.0312	1.0000
PsFluSBW25_chrm01_circ_1353349	Pf_BP_2_D84_S2_L001-L004_merged	0	0.2082	0.0425	1.0000
PsFluSBW25_chrm01_circ_211616	PS_Pf_r02_2017_01_09_L001	0	0.7370	0.0229	1.0000
PsFluSBW25_chrm01_circ_211616	Pf_BP_2_D112_S35_L001-L004_merged	0	0.4881	0.0543	1.0000
PsFluSBW25_chrm01_circ_211616	Pf_BP_2_D140_S68_L001-L004_merged	0	0.2937	0.0450	1.0000
PsFluSBW25_chrm01_circ_211616	Pf_BP_2_D168_S14_L001-L004_merged	0	0.4606	0.0526	1.0000
PsFluSBW25_chrm01_circ_211616	Pf_BP_2_D196_S47_L001-L004_merged	0	0.7131	0.0483	1.0000
PsFluSBW25_chrm01_circ_211616	Pf_BP_2_D224_S80_L001-L004_merged	0	0.7459	0.0414	1.0000
PsFluSBW25_chrm01_circ_211616	Pf_BP_2_D252_S26_L001-L004_merged	0	0.8006	0.0460	1.0000
PsFluSBW25_chrm01_circ_211616	Pf_BP_2_D279_S59_L001-L004_merged	0	0.8304	0.0544	1.0000
PsFluSBW25_chrm01_circ_211616	Pf_BP_2_D28_S12_L001-L004_merged	0	0.0242	0.0139	1.0000
PsFluSBW25_chrm01_circ_211616	Pf_BP_2_D310_S5_L001-L004_merged	0	0.6948	0.0383	1.0000
PsFluSBW25_chrm01_circ_211616	Pf_BP_2_D336_S38_L001-L004_merged	0	0.5791	0.0461	1.0000
PsFluSBW25_chrm01_circ_211616	Pf_BP_2_D364_S71_L001-L004_merged	0	0.8407	0.0421	1.0000
PsFluSBW25_chrm01_circ_211616	Pf_BP_2_D392_S101_L001-L004_merged	0	0.8188	0.0438	1.0000
PsFluSBW25_chrm01_circ_211616	Pf_BP_2_D420_S50_L001-L004_merged	0	0.8340	0.0379	1.0000
PsFluSBW25_chrm01_circ_211616	Pf_BP_2_D448_S83_L001-L004_merged	0	0.7475	0.0475	1.0000
PsFluSBW25_chrm01_circ_211616	Pf_BP_2_D476_S62_L001-L004_merged	0	0.8768	0.0299	1.0000
PsFluSBW25_chrm01_circ_211616	Pf_BP_2_D504_S161_L001-L004_merged	0	0.8302	0.0399	1.0000
PsFluSBW25_chrm01_circ_211616	Pf_BP_2_D532_S126_L001-L004_merged	0	0.7407	0.0497	1.0000
PsFluSBW25_chrm01_circ_211616	Pf_BP_2_D56_S56_L001-L004_merged	0	0.1812	0.0472	1.0000
PsFluSBW25_chrm01_circ_211616	Pf_BP_2_D588_S86_L001-L004_merged	0	0.8536	0.0427	1.0000
PsFluSBW25_chrm01_circ_211616	Pf_BP_2_D623_S104_L001-L004_merged	0	0.8777	0.0405	1.0000
PsFluSBW25_chrm01_circ_211616	Pf_BP_2_D644_S152_L001-L004_merged	0	0.7505	0.0508	1.0000
PsFluSBW25_chrm01_circ_211616	Pf_BP_2_D700_S177_L001-L004_merged	0	0.8312	0.0485	1.0000
PsFluSBW25_chrm01_circ_211616	Pf_BP_2_D728_S118_L001-L004_merged	0	0.6555	0.0508	1.0000
PsFluSBW25_chrm01_circ_211616	Pf_BP_2_D756_S154_L001-L004_merged	0	0.9268	0.0354	1.0000
PsFluSBW25_chrm01_circ_211616	Pf_BP_2_D784_S95_L001-L004_merged	0	0.9019	0.0312	1.0000
PsFluSBW25_chrm01_circ_211616	Pf_BP_2_D84_S2_L001-L004_merged	0	0.2082	0.0425	1.0000
PsFluSBW25_chrm01_circ_936093	PS_Pf_r02_2017_01_09_L001	0	0.7370	0.0229	1.0000
PsFluSBW25_chrm01_circ_936093	Pf_BP_2_D112_S35_L001-L004_merged	0	0.4881	0.0543	1.0000
PsFluSBW25_chrm01_circ_936093	Pf_BP_2_D140_S68_L001-L004_merged	0	0.2937	0.0450	1.0000
PsFluSBW25_chrm01_circ_936093	Pf_BP_2_D168_S14_L001-L004_merged	0	0.4606	0.0526	1.0000
PsFluSBW25_chrm01_circ_936093	Pf_BP_2_D196_S47_L001-L004_merged	0	0.7131	0.0483	1.0000
PsFluSBW25_chrm01_circ_936093	Pf_BP_2_D224_S80_L001-L004_merged	0	0.7459	0.0414	1.0000
PsFluSBW25_chrm01_circ_936093	Pf_BP_2_D252_S26_L001-L004_merged	0	0.8006	0.0460	1.0000
PsFluSBW25_chrm01_circ_936093	Pf_BP_2_D279_S59_L001-L004_merged	0	0.8304	0.0544	1.0000
PsFluSBW25_chrm01_circ_936093	Pf_BP_2_D28_S12_L001-L004_merged	0	0.0242	0.0139	1.0000
PsFluSBW25_chrm01_circ_936093	Pf_BP_2_D310_S5_L001-L004_merged	0	0.6948	0.0383	1.0000
PsFluSBW25_chrm01_circ_936093	Pf_BP_2_D336_S38_L001-L004_merged	0	0.5791	0.0461	1.0000
PsFluSBW25_chrm01_circ_936093	Pf_BP_2_D364_S71_L001-L004_merged	0	0.8407	0.0421	1.0000
PsFluSBW25_chrm01_circ_936093	Pf_BP_2_D392_S101_L001-L004_merged	0	0.8188	0.0438	1.0000
PsFluSBW25_chrm01_circ_936093	Pf_BP_2_D420_S50_L001-L004_merged	0	0.8340	0.0379	1.0000
PsFluSBW25_chrm01_circ_936093	Pf_BP_2_D448_S83_L001-L004_merged	0	0.7475	0.0475	1.0000
PsFluSBW25_chrm01_circ_936093	Pf_BP_2_D476_S62_L001-L004_merged	0	0.8768	0.0299	1.0000
PsFluSBW25_chrm01_circ_936093	Pf_BP_2_D504_S161_L001-L004_merged	0	0.8302	0.0399	1.0000
PsFluSBW25_chrm01_circ_936093	Pf_BP_2_D532_S126_L001-L004_merged	0	0.7407	0.0497	1.0000
PsFluSBW25_chrm01_circ_936093	Pf_BP_2_D56_S56_L001-L004_merged	0	0.1812	0.0472	1.0000
PsFluSBW25_chrm01_circ_936093	Pf_BP_2_D588_S86_L001-L004_merged	0	0.8536	0.0427	1.0000
PsFluSBW25_chrm01_circ_936093	Pf_BP_2_D623_S104_L001-L004_merged	0	0.8777	0.0405	1.0000
PsFluSBW25_chrm01_circ_936093	Pf_BP_2_D644_S152_L001-L004_merged	0	0.7505	0.0508	1.0000
PsFluSBW25_chrm01_circ_936093	Pf_BP_2_D700_S177_L001-L004_merged	0	0.8312	0.0485	1.0000
PsFluSBW25_chrm01_circ_936093	Pf_BP_2_D728_S118_L001-L004_merged	0	0.6555	0.0508	1.0000
PsFluSBW25_chrm01_circ_936093	Pf_BP_2_D756_S154_L001-L004_merged	0	0.9268	0.0354	1.0000
PsFluSBW25_chrm01_circ_936093	Pf_BP_2_D784_S95_L001-L004_merged	0	0.9019	0.0312	1.0000
PsFluSBW25_chrm01_circ_936093	Pf_BP_2_D84_S2_L001-L004_merged	0	0.2082	0.0425	1.0000
PsFluSBW25_chrm01_circ_1049132	PS_Pf_r02_2017_01_09_L001	1	0.1761	0.0055	1.0000
PsFluSBW25_chrm01_circ_1049132	Pf_BP_2_D112_S35_L001-L004_merged	1	0.0000	0.0000	1.0000
PsFluSBW25_chrm01_circ_1049132	Pf_BP_2_D140_S68_L001-L004_merged	1	0.0000	0.0000	1.0000
PsFluSBW25_chrm01_circ_1049132	Pf_BP_2_D168_S14_L001-L004_merged	1	0.0000	0.0000	1.0000
PsFluSBW25_chrm01_circ_1049132	Pf_BP_2_D196_S47_L001-L004_merged	1	0.0000	0.0001	1.0000
PsFluSBW25_chrm01_circ_1049132	Pf_BP_2_D224_S80_L001-L004_merged	1	0.0000	0.0000	1.0000
PsFluSBW25_chrm01_circ_1049132	Pf_BP_2_D252_S26_L001-L004_merged	1	0.0022	0.0042	1.0000
PsFluSBW25_chrm01_circ_1049132	Pf_BP_2_D279_S59_L001-L004_merged	1	0.0024	0.0043	1.0000
PsFluSBW25_chrm01_circ_1049132	Pf_BP_2_D28_S12_L001-L004_merged	1	0.0000	0.0000	1.0000
PsFluSBW25_chrm01_circ_1049132	Pf_BP_2_D310_S5_L001-L004_merged	1	0.0000	0.0000	1.0000
PsFluSBW25_chrm01_circ_1049132	Pf_BP_2_D336_S38_L001-L004_merged	1	0.0008	0.0028	1.0000
PsFluSBW25_chrm01_circ_1049132	Pf_BP_2_D364_S71_L001-L004_merged	1	0.0000	0.0002	1.0000
PsFluSBW25_chrm01_circ_1049132	Pf_BP_2_D392_S101_L001-L004_merged	1	0.0000	0.0000	1.0000
PsFluSBW25_chrm01_circ_1049132	Pf_BP_2_D420_S50_L001-L004_merged	1	0.0000	0.0000	1.0000
PsFluSBW25_chrm01_circ_1049132	Pf_BP_2_D448_S83_L001-L004_merged	1	0.0000	0.0002	1.0000
PsFluSBW25_chrm01_circ_1049132	Pf_BP_2_D476_S62_L001-L004_merged	1	0.0101	0.0003	1.0000
PsFluSBW25_chrm01_circ_1049132	Pf_BP_2_D504_S161_L001-L004_merged	1	0.1945	0.0115	1.0000
PsFluSBW25_chrm01_circ_1049132	Pf_BP_2_D532_S126_L001-L004_merged	1	0.2764	0.0136	1.0000
PsFluSBW25_chrm01_circ_1049132	Pf_BP_2_D56_S56_L001-L004_merged	1	0.0001	0.0009	1.0000
PsFluSBW25_chrm01_circ_1049132	Pf_BP_2_D588_S86_L001-L004_merged	1	0.2343	0.0140	1.0000
PsFluSBW25_chrm01_circ_1049132	Pf_BP_2_D623_S104_L001-L004_merged	1	0.3405	0.0146	1.0000
PsFluSBW25_chrm01_circ_1049132	Pf_BP_2_D644_S152_L001-L004_merged	1	0.3255	0.0138	1.0000
PsFluSBW25_chrm01_circ_1049132	Pf_BP_2_D700_S177_L001-L004_merged	1	0.1105	0.0094	1.0000
PsFluSBW25_chrm01_circ_1049132	Pf_BP_2_D728_S118_L001-L004_merged	1	0.3473	0.0141	1.0000
PsFluSBW25_chrm01_circ_1049132	Pf_BP_2_D756_S154_L001-L004_merged	1	0.7050	0.0146	1.0000
PsFluSBW25_chrm01_circ_1049132	Pf_BP_2_D784_S95_L001-L004_merged	1	0.8554	0.0103	1.0000
PsFluSBW25_chrm01_circ_1049132	Pf_BP_2_D84_S2_L001-L004_merged	1	0.0000	0.0000	1.0000
PsFluSBW25_chrm01_circ_1058857	PS_Pf_r02_2017_01_09_L001	1	0.1761	0.0055	1.0000
PsFluSBW25_chrm01_circ_1058857	Pf_BP_2_D112_S35_L001-L004_merged	1	0.0000	0.0000	1.0000
PsFluSBW25_chrm01_circ_1058857	Pf_BP_2_D140_S68_L001-L004_merged	1	0.0000	0.0000	1.0000
PsFluSBW25_chrm01_circ_1058857	Pf_BP_2_D168_S14_L001-L004_merged	1	0.0000	0.0000	1.0000
PsFluSBW25_chrm01_circ_1058857	Pf_BP_2_D196_S47_L001-L004_merged	1	0.0000	0.0001	1.0000
PsFluSBW25_chrm01_circ_1058857	Pf_BP_2_D224_S80_L001-L004_merged	1	0.0000	0.0000	1.0000
PsFluSBW25_chrm01_circ_1058857	Pf_BP_2_D252_S26_L001-L004_merged	1	0.0022	0.0042	1.0000
PsFluSBW25_chrm01_circ_1058857	Pf_BP_2_D279_S59_L001-L004_merged	1	0.0024	0.0043	1.0000
PsFluSBW25_chrm01_circ_1058857	Pf_BP_2_D28_S12_L001-L004_merged	1	0.0000	0.0000	1.0000
PsFluSBW25_chrm01_circ_1058857	Pf_BP_2_D310_S5_L001-L004_merged	1	0.0000	0.0000	1.0000
PsFluSBW25_chrm01_circ_1058857	Pf_BP_2_D336_S38_L001-L004_merged	1	0.0008	0.0028	1.0000
PsFluSBW25_chrm01_circ_1058857	Pf_BP_2_D364_S71_L001-L004_merged	1	0.0000	0.0002	1.0000
PsFluSBW25_chrm01_circ_1058857	Pf_BP_2_D392_S101_L001-L004_merged	1	0.0000	0.0000	1.0000
PsFluSBW25_chrm01_circ_1058857	Pf_BP_2_D420_S50_L001-L004_merged	1	0.0000	0.0000	1.0000
PsFluSBW25_chrm01_circ_1058857	Pf_BP_2_D448_S83_L001-L004_merged	1	0.0000	0.0002	1.0000
PsFluSBW25_chrm01_circ_1058857	Pf_BP_2_D476_S62_L001-L004_merged	1	0.0101	0.0003	1.0000
PsFluSBW25_chrm01_circ_1058857	Pf_BP_2_D504_S161_L001-L004_merged	1	0.1945	0.0115	1.0000
PsFluSBW25_chrm01_circ_1058857	Pf_BP_2_D532_S126_L001-L004_merged	1	0.2764	0.0136	1.0000
PsFluSBW25_chrm01_circ_1058857	Pf_BP_2_D56_S56_L001-L004_merged	1	0.0001	0.0009	1.0000
PsFluSBW25_chrm01_circ_1058857	Pf_BP_2_D588_S86_L001-L004_merged	1	0.2343	0.0140	1.0000
PsFluSBW25_chrm01_circ_1058857	Pf_BP_2_D623_S104_L001-L004_merged	1	0.3405	0.0146	1.0000
PsFluSBW25_chrm01_circ_1058857	Pf_BP_2_D644_S152_L001-L004_merged	1	0.3255	0.0138	1.0000
PsFluSBW25_chrm01_circ_1058857	Pf_BP_2_D700_S177_L001-L004_merged	1	0.1105	0.0094	1.0000
PsFluSBW25_chrm01_circ_1058857	Pf_BP_2_D728_S118_L001-L004_merged	1	0.3473	0.0141	1.0000
PsFluSBW25_chrm01_circ_1058857	Pf_BP_2_D756_S154_L001-L004_merged	1	0.7050	0.0146	1.0000
PsFluSBW25_chrm01_circ_1058857	Pf_BP_2_D784_S95_L001-L004_merged	1	0.8554	0.0103	1.0000
PsFluSBW25_chrm01_circ_1058857	Pf_BP_2_D84_S2_L001-L004_merged	1	0.0000	0.0000	1.0000
PsFluSBW25_chrm01_circ_1279733	PS_Pf_r02_2017_01_09_L001	1	0.1761	0.0055	1.0000
PsFluSBW25_chrm01_circ_1279733	Pf_BP_2_D112_S35_L001-L004_merged	1	0.0000	0.0000	1.0000
PsFluSBW25_chrm01_circ_1279733	Pf_BP_2_D140_S68_L001-L004_merged	1	0.0000	0.0000	1.0000
PsFluSBW25_chrm01_circ_1279733	Pf_BP_2_D168_S14_L001-L004_merged	1	0.0000	0.0000	1.0000
PsFluSBW25_chrm01_circ_1279733	Pf_BP_2_D196_S47_L001-L004_merged	1	0.0000	0.0001	1.0000
PsFluSBW25_chrm01_circ_1279733	Pf_BP_2_D224_S80_L001-L004_merged	1	0.0000	0.0000	1.0000
PsFluSBW25_chrm01_circ_1279733	Pf_BP_2_D252_S26_L001-L004_merged	1	0.0022	0.0042	1.0000
PsFluSBW25_chrm01_circ_1279733	Pf_BP_2_D279_S59_L001-L004_merged	1	0.0024	0.0043	1.0000
PsFluSBW25_chrm01_circ_1279733	Pf_BP_2_D28_S12_L001-L004_merged	1	0.0000	0.0000	1.0000
PsFluSBW25_chrm01_circ_1279733	Pf_BP_2_D310_S5_L001-L004_merged	1	0.0000	0.0000	1.0000
PsFluSBW25_chrm01_circ_1279733	Pf_BP_2_D336_S38_L001-L004_merged	1	0.0008	0.0028	1.0000
PsFluSBW25_chrm01_circ_1279733	Pf_BP_2_D364_S71_L001-L004_merged	1	0.0000	0.0002	1.0000
PsFluSBW25_chrm01_circ_1279733	Pf_BP_2_D392_S101_L001-L004_merged	1	0.0000	0.0000	1.0000
PsFluSBW25_chrm01_circ_1279733	Pf_BP_2_D420_S50_L001-L004_merged	1	0.0000	0.0000	1.0000
PsFluSBW25_chrm01_circ_1279733	Pf_BP_2_D448_S83_L001-L004_merged	1	0.0000	0.0002	1.0000
PsFluSBW25_chrm01_circ_1279733	Pf_BP_2_D476_S62_L001-L004_merged	1	0.0101	0.0003	1.0000
PsFluSBW25_chrm01_circ_1279733	Pf_BP_2_D504_S161_L001-L004_merged	1	0.1945	0.0115	1.0000
PsFluSBW25_chrm01_circ_1279733	Pf_BP_2_D532_S126_L001-L004_merged	1	0.2764	0.0136	1.0000
PsFluSBW25_chrm01_circ_1279733	Pf_BP_2_D56_S56_L001-L004_merged	1	0.0001	0.0009	1.0000
PsFluSBW25_chrm01_circ_1279733	Pf_BP_2_D588_S86_L001-L004_merged	1	0.2343	0.0140	1.0000
PsFluSBW25_chrm01_circ_1279733	Pf_BP_2_D623_S104_L001-L004_merged	1	0.3405	0.0146	1.0000
PsFluSBW25_chrm01_circ_1279733	Pf_BP_2_D644_S152_L001-L004_merged	1	0.3255	0.0138	1.0000
PsFluSBW25_chrm01_circ_1279733	Pf_BP_2_D700_S177_L001-L004_merged	1	0.1105	0.0094	1.0000
PsFluSBW25_chrm01_circ_1279733	Pf_BP_2_D728_S118_L001-L004_merged	1	0.3473	0.0141	1.0000
PsFluSBW25_chrm01_circ_1279733	Pf_BP_2_D756_S154_L001-L004_merged	1	0.7050	0.0146	1.0000
PsFluSBW25_chrm01_circ_1279733	Pf_BP_2_D784_S95_L001-L004_merged	1	0.8554	0.0103	1.0000
PsFluSBW25_chrm01_circ_1279733	Pf_BP_2_D84_S2_L001-L004_merged	1	0.0000	0.0000	1.0000
PsFluSBW25_chrm01_circ_1302422	PS_Pf_r02_2017_01_09_L001	1	0.1761	0.0055	1.0000
PsFluSBW25_chrm01_circ_1302422	Pf_BP_2_D112_S35_L001-L004_merged	1	0.0000	0.0000	1.0000
PsFluSBW25_chrm01_circ_1302422	Pf_BP_2_D140_S68_L001-L004_merged	1	0.0000	0.0000	1.0000
PsFluSBW25_chrm01_circ_1302422	Pf_BP_2_D168_S14_L001-L004_merged	1	0.0000	0.0000	1.0000
PsFluSBW25_chrm01_circ_1302422	Pf_BP_2_D196_S47_L001-L004_merged	1	0.0000	0.0001	1.0000
PsFluSBW25_chrm01_circ_1302422	Pf_BP_2_D224_S80_L001-L004_merged	1	0.0000	0.0000	1.0000
PsFluSBW25_chrm01_circ_1302422	Pf_BP_2_D252_S26_L001-L004_merged	1	0.0022	0.0042	1.0000
PsFluSBW25_chrm01_circ_1302422	Pf_BP_2_D279_S59_L001-L004_merged	1	0.0024	0.0043	1.0000
PsFluSBW25_chrm01_circ_1302422	Pf_BP_2_D28_S12_L001-L004_merged	1	0.0000	0.0000	1.0000
PsFluSBW25_chrm01_circ_1302422	Pf_BP_2_D310_S5_L001-L004_merged	1	0.0000	0.0000	1.0000
PsFluSBW25_chrm01_circ_1302422	Pf_BP_2_D336_S38_L001-L004_merged	1	0.0008	0.0028	1.0000
PsFluSBW25_chrm01_circ_1302422	Pf_BP_2_D364_S71_L001-L004_merged	1	0.0000	0.0002	1.0000
PsFluSBW25_chrm01_circ_1302422	Pf_BP_2_D392_S101_L001-L004_merged	1	0.0000	0.0000	1.0000
PsFluSBW25_chrm01_circ_1302422	Pf_BP_2_D420_S50_L001-L004_merged	1	0.0000	0.0000	1.0000
PsFluSBW25_chrm01_circ_1302422	Pf_BP_2_D448_S83_L001-L004_merged	1	0.0000	0.0002	1.0000
PsFluSBW25_chrm01_circ_1302422	Pf_BP_2_D476_S62_L001-L004_merged	1	0.0101	0.0003	1.0000
PsFluSBW25_chrm01_circ_1302422	Pf_BP_2_D504_S161_L001-L004_merged	1	0.1945	0.0115	1.0000
PsFluSBW25_chrm01_circ_1302422	Pf_BP_2_D532_S126_L001-L004_merged	1	0.2764	0.0136	1.0000
PsFluSBW25_chrm01_circ_1302422	Pf_BP_2_D56_S56_L001-L004_merged	1	0.0001	0.0009	1.0000
PsFluSBW25_chrm01_circ_1302422	Pf_BP_2_D588_S86_L001-L004_merged	1	0.2343	0.0140	1.0000
PsFluSBW25_chrm01_circ_1302422	Pf_BP_2_D623_S104_L001-L004_merged	1	0.3405	0.0146	1.0000
PsFluSBW25_chrm01_circ_1302422	Pf_BP_2_D644_S152_L001-L004_merged	1	0.3255	0.0138	1.0000
PsFluSBW25_chrm01_circ_1302422	Pf_BP_2_D700_S177_L001-L004_merged	1	0.1105	0.0094	1.0000
PsFluSBW25_chrm01_circ_1302422	Pf_BP_2_D728_S118_L001-L004_merged	1	0.3473	0.0141	1.0000
PsFluSBW25_chrm01_circ_1302422	Pf_BP_2_D756_S154_L001-L004_merged	1	0.7050	0.0146	1.0000
PsFluSBW25_chrm01_circ_1302422	Pf_BP_2_D784_S95_L001-L004_merged	1	0.8554	0.0103	1.0000
PsFluSBW25_chrm01_circ_1302422	Pf_BP_2_D84_S2_L001-L004_merged	1	0.0000	0.0000	1.0000
PsFluSBW25_chrm01_circ_1360691	PS_Pf_r02_2017_01_09_L001	1	0.1761	0.0055	1.0000
PsFluSBW25_chrm01_circ_1360691	Pf_BP_2_D112_S35_L001-L004_merged	1	0.0000	0.0000	1.0000
PsFluSBW25_chrm01_circ_1360691	Pf_BP_2_D140_S68_L001-L004_merged	1	0.0000	0.0000	1.0000
PsFluSBW25_chrm01_circ_1360691	Pf_BP_2_D168_S14_L001-L004_merged	1	0.0000	0.0000	1.0000
PsFluSBW25_chrm01_circ_1360691	Pf_BP_2_D196_S47_L001-L004_merged	1	0.0000	0.0001	1.0000
PsFluSBW25_chrm01_circ_1360691	Pf_BP_2_D224_S80_L001-L004_merged	1	0.0000	0.0000	1.0000
PsFluSBW25_chrm01_circ_1360691	Pf_BP_2_D252_S26_L001-L004_merged	1	0.0022	0.0042	1.0000
PsFluSBW25_chrm01_circ_1360691	Pf_BP_2_D279_S59_L001-L004_merged	1	0.0024	0.0043	1.0000
PsFluSBW25_chrm01_circ_1360691	Pf_BP_2_D28_S12_L001-L004_merged	1	0.0000	0.0000	1.0000
PsFluSBW25_chrm01_circ_1360691	Pf_BP_2_D310_S5_L001-L004_merged	1	0.0000	0.0000	1.0000
PsFluSBW25_chrm01_circ_1360691	Pf_BP_2_D336_S38_L001-L004_merged	1	0.0008	0.0028	1.0000
PsFluSBW25_chrm01_circ_1360691	Pf_BP_2_D364_S71_L001-L004_merged	1	0.0000	0.0002	1.0000
PsFluSBW25_chrm01_circ_1360691	Pf_BP_2_D392_S101_L001-L004_merged	1	0.0000	0.0000	1.0000
PsFluSBW25_chrm01_circ_1360691	Pf_BP_2_D420_S50_L001-L004_merged	1	0.0000	0.0000	1.0000
PsFluSBW25_chrm01_circ_1360691	Pf_BP_2_D448_S83_L001-L004_merged	1	0.0000	0.0002	1.0000
PsFluSBW25_chrm01_circ_1360691	Pf_BP_2_D476_S62_L001-L004_merged	1	0.0101	0.0003	1.0000
PsFluSBW25_chrm01_circ_1360691	Pf_BP_2_D504_S161_L001-L004_merged	1	0.1945	0.0115	1.0000
PsFluSBW25_chrm01_circ_1360691	Pf_BP_2_D532_S126_L001-L004_merged	1	0.2764	0.0136	1.0000
PsFluSBW25_chrm01_circ_1360691	Pf_BP_2_D56_S56_L001-L004_merged	1	0.0001	0.0009	1.0000
PsFluSBW25_chrm01_circ_1360691	Pf_BP_2_D588_S86_L001-L004_merged	1	0.2343	0.0140	1.0000
PsFluSBW25_chrm01_circ_1360691	Pf_BP_2_D623_S104_L001-L004_merged	1	0.3405	0.0146	1.0000
PsFluSBW25_chrm01_circ_1360691	Pf_BP_2_D644_S152_L001-L004_merged	1	0.3255	0.0138	1.0000
PsFluSBW25_chrm01_circ_1360691	Pf_BP_2_D700_S177_L001-L004_merged	1	0.1105	0.0094	1.0000
PsFluSBW25_chrm01_circ_1360691	Pf_BP_2_D728_S118_L001-L004_merged	1	0.3473	0.0141	1.0000
PsFluSBW25_chrm01_circ_1360691	Pf_BP_2_D756_S154_L001-L004_merged	1	0.7050	0.0146	1.0000
PsFluSBW25_chrm01_circ_1360691	Pf_BP_2_D784_S95_L001-L004_merged	1	0.8554	0.0103	1.0000
PsFluSBW25_chrm01_circ_1360691	Pf_BP_2_D84_S2_L001-L004_merged	1	0.0000	0.0000	1.0000
PsFluSBW25_chrm01_circ_1725912	PS_Pf_r02_2017_01_09_L001	1	0.1761	0.0055	1.0000
PsFluSBW25_chrm01_circ_1725912	Pf_BP_2_D112_S35_L001-L004_merged	1	0.0000	0.0000	1.0000
PsFluSBW25_chrm01_circ_1725912	Pf_BP_2_D140_S68_L001-L004_merged	1	0.0000	0.0000	1.0000
PsFluSBW25_chrm01_circ_1725912	Pf_BP_2_D168_S14_L001-L004_merged	1	0.0000	0.0000	1.0000
PsFluSBW25_chrm01_circ_1725912	Pf_BP_2_D196_S47_L001-L004_merged	1	0.0000	0.0001	1.0000
PsFluSBW25_chrm01_circ_1725912	Pf_BP_2_D224_S80_L001-L004_merged	1	0.0000	0.0000	1.0000
PsFluSBW25_chrm01_circ_1725912	Pf_BP_2_D252_S26_L001-L004_merged	1	0.0022	0.0042	1.0000
PsFluSBW25_chrm01_circ_1725912	Pf_BP_2_D279_S59_L001-L004_merged	1	0.0024	0.0043	1.0000
PsFluSBW25_chrm01_circ_1725912	Pf_BP_2_D28_S12_L001-L004_merged	1	0.0000	0.0000	1.0000
PsFluSBW25_chrm01_circ_1725912	Pf_BP_2_D310_S5_L001-L004_merged	1	0.0000	0.0000	1.0000
PsFluSBW25_chrm01_circ_1725912	Pf_BP_2_D336_S38_L001-L004_merged	1	0.0008	0.0028	1.0000
PsFluSBW25_chrm01_circ_1725912	Pf_BP_2_D364_S71_L001-L004_merged	1	0.0000	0.0002	1.0000
PsFluSBW25_chrm01_circ_1725912	Pf_BP_2_D392_S101_L001-L004_merged	1	0.0000	0.0000	1.0000
PsFluSBW25_chrm01_circ_1725912	Pf_BP_2_D420_S50_L001-L004_merged	1	0.0000	0.0000	1.0000
PsFluSBW25_chrm01_circ_1725912	Pf_BP_2_D448_S83_L001-L004_merged	1	0.0000	0.0002	1.0000
PsFluSBW25_chrm01_circ_1725912	Pf_BP_2_D476_S62_L001-L004_merged	1	0.0101	0.0003	1.0000
PsFluSBW25_chrm01_circ_1725912	Pf_BP_2_D504_S161_L001-L004_merged	1	0.1945	0.0115	1.0000
PsFluSBW25_chrm01_circ_1725912	Pf_BP_2_D532_S126_L001-L004_merged	1	0.2764	0.0136	1.0000
PsFluSBW25_chrm01_circ_1725912	Pf_BP_2_D56_S56_L001-L004_merged	1	0.0001	0.0009	1.0000
PsFluSBW25_chrm01_circ_1725912	Pf_BP_2_D588_S86_L001-L004_merged	1	0.2343	0.0140	1.0000
PsFluSBW25_chrm01_circ_1725912	Pf_BP_2_D623_S104_L001-L004_merged	1	0.3405	0.0146	1.0000
PsFluSBW25_chrm01_circ_1725912	Pf_BP_2_D644_S152_L001-L004_merged	1	0.3255	0.0138	1.0000
PsFluSBW25_chrm01_circ_1725912	Pf_BP_2_D700_S177_L001-L004_merged	1	0.1105	0.0094	1.0000
PsFluSBW25_chrm01_circ_1725912	Pf_BP_2_D728_S118_L001-L004_merged	1	0.3473	0.0141	1.0000
PsFluSBW25_chrm01_circ_1725912	Pf_BP_2_D756_S154_L001-L004_merged	1	0.7050	0.0146	1.0000
PsFluSBW25_chrm01_circ_1725912	Pf_BP_2_D784_S95_L001-L004_merged	1	0.8554	0.0103	1.0000
PsFluSBW25_chrm01_circ_1725912	Pf_BP_2_D84_S2_L001-L004_merged	1	0.0000	0.0000	1.0000
PsFluSBW25_chrm01_circ_1760637	PS_Pf_r02_2017_01_09_L001	1	0.1761	0.0055	1.0000
PsFluSBW25_chrm01_circ_1760637	Pf_BP_2_D112_S35_L001-L004_merged	1	0.0000	0.0000	1.0000
PsFluSBW25_chrm01_circ_1760637	Pf_BP_2_D140_S68_L001-L004_merged	1	0.0000	0.0000	1.0000
PsFluSBW25_chrm01_circ_1760637	Pf_BP_2_D168_S14_L001-L004_merged	1	0.0000	0.0000	1.0000
PsFluSBW25_chrm01_circ_1760637	Pf_BP_2_D196_S47_L001-L004_merged	1	0.0000	0.0001	1.0000
PsFluSBW25_chrm01_circ_1760637	Pf_BP_2_D224_S80_L001-L004_merged	1	0.0000	0.0000	1.0000
PsFluSBW25_chrm01_circ_1760637	Pf_BP_2_D252_S26_L001-L004_merged	1	0.0022	0.0042	1.0000
PsFluSBW25_chrm01_circ_1760637	Pf_BP_2_D279_S59_L001-L004_merged	1	0.0024	0.0043	1.0000
PsFluSBW25_chrm01_circ_1760637	Pf_BP_2_D28_S12_L001-L004_merged	1	0.0000	0.0000	1.0000
PsFluSBW25_chrm01_circ_1760637	Pf_BP_2_D310_S5_L001-L004_merged	1	0.0000	0.0000	1.0000
PsFluSBW25_chrm01_circ_1760637	Pf_BP_2_D336_S38_L001-L004_merged	1	0.0008	0.0028	1.0000
PsFluSBW25_chrm01_circ_1760637	Pf_BP_2_D364_S71_L001-L004_merged	1	0.0000	0.0002	1.0000
PsFluSBW25_chrm01_circ_1760637	Pf_BP_2_D392_S101_L001-L004_merged	1	0.0000	0.0000	1.0000
PsFluSBW25_chrm01_circ_1760637	Pf_BP_2_D420_S50_L001-L004_merged	1	0.0000	0.0000	1.0000
PsFluSBW25_chrm01_circ_1760637	Pf_BP_2_D448_S83_L001-L004_merged	1	0.0000	0.0002	1.0000
PsFluSBW25_chrm01_circ_1760637	Pf_BP_2_D476_S62_L001-L004_merged	1	0.0101	0.0003	1.0000
PsFluSBW25_chrm01_circ_1760637	Pf_BP_2_D504_S161_L001-L004_merged	1	0.1945	0.0115	1.0000
PsFluSBW25_chrm01_circ_1760637	Pf_BP_2_D532_S126_L001-L004_merged	1	0.2764	0.0136	1.0000
PsFluSBW25_chrm01_circ_1760637	Pf_BP_2_D56_S56_L001-L004_merged	1	0.0001	0.0009	1.0000
PsFluSBW25_chrm01_circ_1760637	Pf_BP_2_D588_S86_L001-L004_merged	1	0.2343	0.0140	1.0000
PsFluSBW25_chrm01_circ_1760637	Pf_BP_2_D623_S104_L001-L004_merged	1	0.3405	0.0146	1.0000
PsFluSBW25_chrm01_circ_1760637	Pf_BP_2_D644_S152_L001-L004_merged	1	0.3255	0.0138	1.0000
PsFluSBW25_chrm01_circ_1760637	Pf_BP_2_D700_S177_L001-L004_merged	1	0.1105	0.0094	1.0000
PsFluSBW25_chrm01_circ_1760637	Pf_BP_2_D728_S118_L001-L004_merged	1	0.3473	0.0141	1.0000
PsFluSBW25_chrm01_circ_1760637	Pf_BP_2_D756_S154_L001-L004_merged	1	0.7050	0.0146	1.0000
PsFluSBW25_chrm01_circ_1760637	Pf_BP_2_D784_S95_L001-L004_merged	1	0.8554	0.0103	1.0000
PsFluSBW25_chrm01_circ_1760637	Pf_BP_2_D84_S2_L001-L004_merged	1	0.0000	0.0000	1.0000
PsFluSBW25_chrm01_circ_1761419	PS_Pf_r02_2017_01_09_L001	1	0.1761	0.0055	1.0000
PsFluSBW25_chrm01_circ_1761419	Pf_BP_2_D112_S35_L001-L004_merged	1	0.0000	0.0000	1.0000
PsFluSBW25_chrm01_circ_1761419	Pf_BP_2_D140_S68_L001-L004_merged	1	0.0000	0.0000	1.0000
PsFluSBW25_chrm01_circ_1761419	Pf_BP_2_D168_S14_L001-L004_merged	1	0.0000	0.0000	1.0000
PsFluSBW25_chrm01_circ_1761419	Pf_BP_2_D196_S47_L001-L004_merged	1	0.0000	0.0001	1.0000
PsFluSBW25_chrm01_circ_1761419	Pf_BP_2_D224_S80_L001-L004_merged	1	0.0000	0.0000	1.0000
PsFluSBW25_chrm01_circ_1761419	Pf_BP_2_D252_S26_L001-L004_merged	1	0.0022	0.0042	1.0000
PsFluSBW25_chrm01_circ_1761419	Pf_BP_2_D279_S59_L001-L004_merged	1	0.0024	0.0043	1.0000
PsFluSBW25_chrm01_circ_1761419	Pf_BP_2_D28_S12_L001-L004_merged	1	0.0000	0.0000	1.0000
PsFluSBW25_chrm01_circ_1761419	Pf_BP_2_D310_S5_L001-L004_merged	1	0.0000	0.0000	1.0000
PsFluSBW25_chrm01_circ_1761419	Pf_BP_2_D336_S38_L001-L004_merged	1	0.0008	0.0028	1.0000
PsFluSBW25_chrm01_circ_1761419	Pf_BP_2_D364_S71_L001-L004_merged	1	0.0000	0.0002	1.0000
PsFluSBW25_chrm01_circ_1761419	Pf_BP_2_D392_S101_L001-L004_merged	1	0.0000	0.0000	1.0000
PsFluSBW25_chrm01_circ_1761419	Pf_BP_2_D420_S50_L001-L004_merged	1	0.0000	0.0000	1.0000
PsFluSBW25_chrm01_circ_1761419	Pf_BP_2_D448_S83_L001-L004_merged	1	0.0000	0.0002	1.0000
PsFluSBW25_chrm01_circ_1761419	Pf_BP_2_D476_S62_L001-L004_merged	1	0.0101	0.0003	1.0000
PsFluSBW25_chrm01_circ_1761419	Pf_BP_2_D504_S161_L001-L004_merged	1	0.1945	0.0115	1.0000
PsFluSBW25_chrm01_circ_1761419	Pf_BP_2_D532_S126_L001-L004_merged	1	0.2764	0.0136	1.0000
PsFluSBW25_chrm01_circ_1761419	Pf_BP_2_D56_S56_L001-L004_merged	1	0.0001	0.0009	1.0000
PsFluSBW25_chrm01_circ_1761419	Pf_BP_2_D588_S86_L001-L004_merged	1	0.2343	0.0140	1.0000
PsFluSBW25_chrm01_circ_1761419	Pf_BP_2_D623_S104_L001-L004_merged	1	0.3405	0.0146	1.0000
PsFluSBW25_chrm01_circ_1761419	Pf_BP_2_D644_S152_L001-L004_merged	1	0.3255	0.0138	1.0000
PsFluSBW25_chrm01_circ_1761419	Pf_BP_2_D700_S177_L001-L004_merged	1	0.1105	0.0094	1.0000
PsFluSBW25_chrm01_circ_1761419	Pf_BP_2_D728_S118_L001-L004_merged	1	0.3473	0.0141	1.0000
PsFluSBW25_chrm01_circ_1761419	Pf_BP_2_D756_S154_L001-L004_merged	1	0.7050	0.0146	1.0000
PsFluSBW25_chrm01_circ_1761419	Pf_BP_2_D784_S95_L001-L004_merged	1	0.8554	0.0103	1.0000
PsFluSBW25_chrm01_circ_1761419	Pf_BP_2_D84_S2_L001-L004_merged	1	0.0000	0.0000	1.0000
PsFluSBW25_chrm01_circ_188995	PS_Pf_r02_2017_01_09_L001	1	0.1761	0.0055	1.0000
PsFluSBW25_chrm01_circ_188995	Pf_BP_2_D112_S35_L001-L004_merged	1	0.0000	0.0000	1.0000
PsFluSBW25_chrm01_circ_188995	Pf_BP_2_D140_S68_L001-L004_merged	1	0.0000	0.0000	1.0000
PsFluSBW25_chrm01_circ_188995	Pf_BP_2_D168_S14_L001-L004_merged	1	0.0000	0.0000	1.0000
PsFluSBW25_chrm01_circ_188995	Pf_BP_2_D196_S47_L001-L004_merged	1	0.0000	0.0001	1.0000
PsFluSBW25_chrm01_circ_188995	Pf_BP_2_D224_S80_L001-L004_merged	1	0.0000	0.0000	1.0000
PsFluSBW25_chrm01_circ_188995	Pf_BP_2_D252_S26_L001-L004_merged	1	0.0022	0.0042	1.0000
PsFluSBW25_chrm01_circ_188995	Pf_BP_2_D279_S59_L001-L004_merged	1	0.0024	0.0043	1.0000
PsFluSBW25_chrm01_circ_188995	Pf_BP_2_D28_S12_L001-L004_merged	1	0.0000	0.0000	1.0000
PsFluSBW25_chrm01_circ_188995	Pf_BP_2_D310_S5_L001-L004_merged	1	0.0000	0.0000	1.0000
PsFluSBW25_chrm01_circ_188995	Pf_BP_2_D336_S38_L001-L004_merged	1	0.0008	0.0028	1.0000
PsFluSBW25_chrm01_circ_188995	Pf_BP_2_D364_S71_L001-L004_merged	1	0.0000	0.0002	1.0000
PsFluSBW25_chrm01_circ_188995	Pf_BP_2_D392_S101_L001-L004_merged	1	0.0000	0.0000	1.0000
PsFluSBW25_chrm01_circ_188995	Pf_BP_2_D420_S50_L001-L004_merged	1	0.0000	0.0000	1.0000
PsFluSBW25_chrm01_circ_188995	Pf_BP_2_D448_S83_L001-L004_merged	1	0.0000	0.0002	1.0000
PsFluSBW25_chrm01_circ_188995	Pf_BP_2_D476_S62_L001-L004_merged	1	0.0101	0.0003	1.0000
PsFluSBW25_chrm01_circ_188995	Pf_BP_2_D504_S161_L001-L004_merged	1	0.1945	0.0115	1.0000
PsFluSBW25_chrm01_circ_188995	Pf_BP_2_D532_S126_L001-L004_merged	1	0.2764	0.0136	1.0000
PsFluSBW25_chrm01_circ_188995	Pf_BP_2_D56_S56_L001-L004_merged	1	0.0001	0.0009	1.0000
PsFluSBW25_chrm01_circ_188995	Pf_BP_2_D588_S86_L001-L004_merged	1	0.2343	0.0140	1.0000
PsFluSBW25_chrm01_circ_188995	Pf_BP_2_D623_S104_L001-L004_merged	1	0.3405	0.0146	1.0000
PsFluSBW25_chrm01_circ_188995	Pf_BP_2_D644_S152_L001-L004_merged	1	0.3255	0.0138	1.0000
PsFluSBW25_chrm01_circ_188995	Pf_BP_2_D700_S177_L001-L004_merged	1	0.1105	0.0094	1.0000
PsFluSBW25_chrm01_circ_188995	Pf_BP_2_D728_S118_L001-L004_merged	1	0.3473	0.0141	1.0000
PsFluSBW25_chrm01_circ_188995	Pf_BP_2_D756_S154_L001-L004_merged	1	0.7050	0.0146	1.0000
PsFluSBW25_chrm01_circ_188995	Pf_BP_2_D784_S95_L001-L004_merged	1	0.8554	0.0103	1.0000
PsFluSBW25_chrm01_circ_188995	Pf_BP_2_D84_S2_L001-L004_merged	1	0.0000	0.0000	1.0000
PsFluSBW25_chrm01_circ_1898942	PS_Pf_r02_2017_01_09_L001	1	0.1761	0.0055	1.0000
PsFluSBW25_chrm01_circ_1898942	Pf_BP_2_D112_S35_L001-L004_merged	1	0.0000	0.0000	1.0000
PsFluSBW25_chrm01_circ_1898942	Pf_BP_2_D140_S68_L001-L004_merged	1	0.0000	0.0000	1.0000
PsFluSBW25_chrm01_circ_1898942	Pf_BP_2_D168_S14_L001-L004_merged	1	0.0000	0.0000	1.0000
PsFluSBW25_chrm01_circ_1898942	Pf_BP_2_D196_S47_L001-L004_merged	1	0.0000	0.0001	1.0000
PsFluSBW25_chrm01_circ_1898942	Pf_BP_2_D224_S80_L001-L004_merged	1	0.0000	0.0000	1.0000
PsFluSBW25_chrm01_circ_1898942	Pf_BP_2_D252_S26_L001-L004_merged	1	0.0022	0.0042	1.0000
PsFluSBW25_chrm01_circ_1898942	Pf_BP_2_D279_S59_L001-L004_merged	1	0.0024	0.0043	1.0000
PsFluSBW25_chrm01_circ_1898942	Pf_BP_2_D28_S12_L001-L004_merged	1	0.0000	0.0000	1.0000
PsFluSBW25_chrm01_circ_1898942	Pf_BP_2_D310_S5_L001-L004_merged	1	0.0000	0.0000	1.0000
PsFluSBW25_chrm01_circ_1898942	Pf_BP_2_D336_S38_L001-L004_merged	1	0.0008	0.0028	1.0000
PsFluSBW25_chrm01_circ_1898942	Pf_BP_2_D364_S71_L001-L004_merged	1	0.0000	0.0002	1.0000
PsFluSBW25_chrm01_circ_1898942	Pf_BP_2_D392_S101_L001-L004_merged	1	0.0000	0.0000	1.0000
PsFluSBW25_chrm01_circ_1898942	Pf_BP_2_D420_S50_L001-L004_merged	1	0.0000	0.0000	1.0000
PsFluSBW25_chrm01_circ_1898942	Pf_BP_2_D448_S83_L001-L004_merged	1	0.0000	0.0002	1.0000
PsFluSBW25_chrm01_circ_1898942	Pf_BP_2_D476_S62_L001-L004_merged	1	0.0101	0.0003	1.0000
PsFluSBW25_chrm01_circ_1898942	Pf_BP_2_D504_S161_L001-L004_merged	1	0.1945	0.0115	1.0000
PsFluSBW25_chrm01_circ_1898942	Pf_BP_2_D532_S126_L001-L004_merged	1	0.2764	0.0136	1.0000
PsFluSBW25_chrm01_circ_1898942	Pf_BP_2_D56_S56_L001-L004_merged	1	0.0001	0.0009	1.0000
PsFluSBW25_chrm01_circ_1898942	Pf_BP_2_D588_S86_L001-L004_merged	1	0.2343	0.0140	1.0000
PsFluSBW25_chrm01_circ_1898942	Pf_BP_2_D623_S104_L001-L004_merged	1	0.3405	0.0146	1.0000
PsFluSBW25_chrm01_circ_1898942	Pf_BP_2_D644_S152_L001-L004_merged	1	0.3255	0.0138	1.0000
PsFluSBW25_chrm01_circ_1898942	Pf_BP_2_D700_S177_L001-L004_merged	1	0.1105	0.0094	1.0000
PsFluSBW25_chrm01_circ_1898942	Pf_BP_2_D728_S118_L001-L004_merged	1	0.3473	0.0141	1.0000
PsFluSBW25_chrm01_circ_1898942	Pf_BP_2_D756_S154_L001-L004_merged	1	0.7050	0.0146	1.0000
PsFluSBW25_chrm01_circ_1898942	Pf_BP_2_D784_S95_L001-L004_merged	1	0.8554	0.0103	1.0000
PsFluSBW25_chrm01_circ_1898942	Pf_BP_2_D84_S2_L001-L004_merged	1	0.0000	0.0000	1.0000
PsFluSBW25_chrm01_circ_2193121	PS_Pf_r02_2017_01_09_L001	1	0.1761	0.0055	1.0000
PsFluSBW25_chrm01_circ_2193121	Pf_BP_2_D112_S35_L001-L004_merged	1	0.0000	0.0000	1.0000
PsFluSBW25_chrm01_circ_2193121	Pf_BP_2_D140_S68_L001-L004_merged	1	0.0000	0.0000	1.0000
PsFluSBW25_chrm01_circ_2193121	Pf_BP_2_D168_S14_L001-L004_merged	1	0.0000	0.0000	1.0000
PsFluSBW25_chrm01_circ_2193121	Pf_BP_2_D196_S47_L001-L004_merged	1	0.0000	0.0001	1.0000
PsFluSBW25_chrm01_circ_2193121	Pf_BP_2_D224_S80_L001-L004_merged	1	0.0000	0.0000	1.0000
PsFluSBW25_chrm01_circ_2193121	Pf_BP_2_D252_S26_L001-L004_merged	1	0.0022	0.0042	1.0000
PsFluSBW25_chrm01_circ_2193121	Pf_BP_2_D279_S59_L001-L004_merged	1	0.0024	0.0043	1.0000
PsFluSBW25_chrm01_circ_2193121	Pf_BP_2_D28_S12_L001-L004_merged	1	0.0000	0.0000	1.0000
PsFluSBW25_chrm01_circ_2193121	Pf_BP_2_D310_S5_L001-L004_merged	1	0.0000	0.0000	1.0000
PsFluSBW25_chrm01_circ_2193121	Pf_BP_2_D336_S38_L001-L004_merged	1	0.0008	0.0028	1.0000
PsFluSBW25_chrm01_circ_2193121	Pf_BP_2_D364_S71_L001-L004_merged	1	0.0000	0.0002	1.0000
PsFluSBW25_chrm01_circ_2193121	Pf_BP_2_D392_S101_L001-L004_merged	1	0.0000	0.0000	1.0000
PsFluSBW25_chrm01_circ_2193121	Pf_BP_2_D420_S50_L001-L004_merged	1	0.0000	0.0000	1.0000
PsFluSBW25_chrm01_circ_2193121	Pf_BP_2_D448_S83_L001-L004_merged	1	0.0000	0.0002	1.0000
PsFluSBW25_chrm01_circ_2193121	Pf_BP_2_D476_S62_L001-L004_merged	1	0.0101	0.0003	1.0000
PsFluSBW25_chrm01_circ_2193121	Pf_BP_2_D504_S161_L001-L004_merged	1	0.1945	0.0115	1.0000
PsFluSBW25_chrm01_circ_2193121	Pf_BP_2_D532_S126_L001-L004_merged	1	0.2764	0.0136	1.0000
PsFluSBW25_chrm01_circ_2193121	Pf_BP_2_D56_S56_L001-L004_merged	1	0.0001	0.0009	1.0000
PsFluSBW25_chrm01_circ_2193121	Pf_BP_2_D588_S86_L001-L004_merged	1	0.2343	0.0140	1.0000
PsFluSBW25_chrm01_circ_2193121	Pf_BP_2_D623_S104_L001-L004_merged	1	0.3405	0.0146	1.0000
PsFluSBW25_chrm01_circ_2193121	Pf_BP_2_D644_S152_L001-L004_merged	1	0.3255	0.0138	1.0000
PsFluSBW25_chrm01_circ_2193121	Pf_BP_2_D700_S177_L001-L004_merged	1	0.1105	0.0094	1.0000
PsFluSBW25_chrm01_circ_2193121	Pf_BP_2_D728_S118_L001-L004_merged	1	0.3473	0.0141	1.0000
PsFluSBW25_chrm01_circ_2193121	Pf_BP_2_D756_S154_L001-L004_merged	1	0.7050	0.0146	1.0000
PsFluSBW25_chrm01_circ_2193121	Pf_BP_2_D784_S95_L001-L004_merged	1	0.8554	0.0103	1.0000
PsFluSBW25_chrm01_circ_2193121	Pf_BP_2_D84_S2_L001-L004_merged	1	0.0000	0.0000	1.0000
PsFluSBW25_chrm01_circ_2211324	PS_Pf_r02_2017_01_09_L001	1	0.1761	0.0055	1.0000
PsFluSBW25_chrm01_circ_2211324	Pf_BP_2_D112_S35_L001-L004_merged	1	0.0000	0.0000	1.0000
PsFluSBW25_chrm01_circ_2211324	Pf_BP_2_D140_S68_L001-L004_merged	1	0.0000	0.0000	1.0000
PsFluSBW25_chrm01_circ_2211324	Pf_BP_2_D168_S14_L001-L004_merged	1	0.0000	0.0000	1.0000
PsFluSBW25_chrm01_circ_2211324	Pf_BP_2_D196_S47_L001-L004_merged	1	0.0000	0.0001	1.0000
PsFluSBW25_chrm01_circ_2211324	Pf_BP_2_D224_S80_L001-L004_merged	1	0.0000	0.0000	1.0000
PsFluSBW25_chrm01_circ_2211324	Pf_BP_2_D252_S26_L001-L004_merged	1	0.0022	0.0042	1.0000
PsFluSBW25_chrm01_circ_2211324	Pf_BP_2_D279_S59_L001-L004_merged	1	0.0024	0.0043	1.0000
PsFluSBW25_chrm01_circ_2211324	Pf_BP_2_D28_S12_L001-L004_merged	1	0.0000	0.0000	1.0000
PsFluSBW25_chrm01_circ_2211324	Pf_BP_2_D310_S5_L001-L004_merged	1	0.0000	0.0000	1.0000
PsFluSBW25_chrm01_circ_2211324	Pf_BP_2_D336_S38_L001-L004_merged	1	0.0008	0.0028	1.0000
PsFluSBW25_chrm01_circ_2211324	Pf_BP_2_D364_S71_L001-L004_merged	1	0.0000	0.0002	1.0000
PsFluSBW25_chrm01_circ_2211324	Pf_BP_2_D392_S101_L001-L004_merged	1	0.0000	0.0000	1.0000
PsFluSBW25_chrm01_circ_2211324	Pf_BP_2_D420_S50_L001-L004_merged	1	0.0000	0.0000	1.0000
PsFluSBW25_chrm01_circ_2211324	Pf_BP_2_D448_S83_L001-L004_merged	1	0.0000	0.0002	1.0000
PsFluSBW25_chrm01_circ_2211324	Pf_BP_2_D476_S62_L001-L004_merged	1	0.0101	0.0003	1.0000
PsFluSBW25_chrm01_circ_2211324	Pf_BP_2_D504_S161_L001-L004_merged	1	0.1945	0.0115	1.0000
PsFluSBW25_chrm01_circ_2211324	Pf_BP_2_D532_S126_L001-L004_merged	1	0.2764	0.0136	1.0000
PsFluSBW25_chrm01_circ_2211324	Pf_BP_2_D56_S56_L001-L004_merged	1	0.0001	0.0009	1.0000
PsFluSBW25_chrm01_circ_2211324	Pf_BP_2_D588_S86_L001-L004_merged	1	0.2343	0.0140	1.0000
PsFluSBW25_chrm01_circ_2211324	Pf_BP_2_D623_S104_L001-L004_merged	1	0.3405	0.0146	1.0000
PsFluSBW25_chrm01_circ_2211324	Pf_BP_2_D644_S152_L001-L004_merged	1	0.3255	0.0138	1.0000
PsFluSBW25_chrm01_circ_2211324	Pf_BP_2_D700_S177_L001-L004_merged	1	0.1105	0.0094	1.0000
PsFluSBW25_chrm01_circ_2211324	Pf_BP_2_D728_S118_L001-L004_merged	1	0.3473	0.0141	1.0000
PsFluSBW25_chrm01_circ_2211324	Pf_BP_2_D756_S154_L001-L004_merged	1	0.7050	0.0146	1.0000
PsFluSBW25_chrm01_circ_2211324	Pf_BP_2_D784_S95_L001-L004_merged	1	0.8554	0.0103	1.0000
PsFluSBW25_chrm01_circ_2211324	Pf_BP_2_D84_S2_L001-L004_merged	1	0.0000	0.0000	1.0000
PsFluSBW25_chrm01_circ_2525475	PS_Pf_r02_2017_01_09_L001	1	0.1761	0.0055	1.0000
PsFluSBW25_chrm01_circ_2525475	Pf_BP_2_D112_S35_L001-L004_merged	1	0.0000	0.0000	1.0000
PsFluSBW25_chrm01_circ_2525475	Pf_BP_2_D140_S68_L001-L004_merged	1	0.0000	0.0000	1.0000
PsFluSBW25_chrm01_circ_2525475	Pf_BP_2_D168_S14_L001-L004_merged	1	0.0000	0.0000	1.0000
PsFluSBW25_chrm01_circ_2525475	Pf_BP_2_D196_S47_L001-L004_merged	1	0.0000	0.0001	1.0000
PsFluSBW25_chrm01_circ_2525475	Pf_BP_2_D224_S80_L001-L004_merged	1	0.0000	0.0000	1.0000
PsFluSBW25_chrm01_circ_2525475	Pf_BP_2_D252_S26_L001-L004_merged	1	0.0022	0.0042	1.0000
PsFluSBW25_chrm01_circ_2525475	Pf_BP_2_D279_S59_L001-L004_merged	1	0.0024	0.0043	1.0000
PsFluSBW25_chrm01_circ_2525475	Pf_BP_2_D28_S12_L001-L004_merged	1	0.0000	0.0000	1.0000
PsFluSBW25_chrm01_circ_2525475	Pf_BP_2_D310_S5_L001-L004_merged	1	0.0000	0.0000	1.0000
PsFluSBW25_chrm01_circ_2525475	Pf_BP_2_D336_S38_L001-L004_merged	1	0.0008	0.0028	1.0000
PsFluSBW25_chrm01_circ_2525475	Pf_BP_2_D364_S71_L001-L004_merged	1	0.0000	0.0002	1.0000
PsFluSBW25_chrm01_circ_2525475	Pf_BP_2_D392_S101_L001-L004_merged	1	0.0000	0.0000	1.0000
PsFluSBW25_chrm01_circ_2525475	Pf_BP_2_D420_S50_L001-L004_merged	1	0.0000	0.0000	1.0000
PsFluSBW25_chrm01_circ_2525475	Pf_BP_2_D448_S83_L001-L004_merged	1	0.0000	0.0002	1.0000
PsFluSBW25_chrm01_circ_2525475	Pf_BP_2_D476_S62_L001-L004_merged	1	0.0101	0.0003	1.0000
PsFluSBW25_chrm01_circ_2525475	Pf_BP_2_D504_S161_L001-L004_merged	1	0.1945	0.0115	1.0000
PsFluSBW25_chrm01_circ_2525475	Pf_BP_2_D532_S126_L001-L004_merged	1	0.2764	0.0136	1.0000
PsFluSBW25_chrm01_circ_2525475	Pf_BP_2_D56_S56_L001-L004_merged	1	0.0001	0.0009	1.0000
PsFluSBW25_chrm01_circ_2525475	Pf_BP_2_D588_S86_L001-L004_merged	1	0.2343	0.0140	1.0000
PsFluSBW25_chrm01_circ_2525475	Pf_BP_2_D623_S104_L001-L004_merged	1	0.3405	0.0146	1.0000
PsFluSBW25_chrm01_circ_2525475	Pf_BP_2_D644_S152_L001-L004_merged	1	0.3255	0.0138	1.0000
PsFluSBW25_chrm01_circ_2525475	Pf_BP_2_D700_S177_L001-L004_merged	1	0.1105	0.0094	1.0000
PsFluSBW25_chrm01_circ_2525475	Pf_BP_2_D728_S118_L001-L004_merged	1	0.3473	0.0141	1.0000
PsFluSBW25_chrm01_circ_2525475	Pf_BP_2_D756_S154_L001-L004_merged	1	0.7050	0.0146	1.0000
PsFluSBW25_chrm01_circ_2525475	Pf_BP_2_D784_S95_L001-L004_merged	1	0.8554	0.0103	1.0000
PsFluSBW25_chrm01_circ_2525475	Pf_BP_2_D84_S2_L001-L004_merged	1	0.0000	0.0000	1.0000
PsFluSBW25_chrm01_circ_2694861	PS_Pf_r02_2017_01_09_L001	1	0.1761	0.0055	1.0000
PsFluSBW25_chrm01_circ_2694861	Pf_BP_2_D112_S35_L001-L004_merged	1	0.0000	0.0000	1.0000
PsFluSBW25_chrm01_circ_2694861	Pf_BP_2_D140_S68_L001-L004_merged	1	0.0000	0.0000	1.0000
PsFluSBW25_chrm01_circ_2694861	Pf_BP_2_D168_S14_L001-L004_merged	1	0.0000	0.0000	1.0000
PsFluSBW25_chrm01_circ_2694861	Pf_BP_2_D196_S47_L001-L004_merged	1	0.0000	0.0001	1.0000
PsFluSBW25_chrm01_circ_2694861	Pf_BP_2_D224_S80_L001-L004_merged	1	0.0000	0.0000	1.0000
PsFluSBW25_chrm01_circ_2694861	Pf_BP_2_D252_S26_L001-L004_merged	1	0.0022	0.0042	1.0000
PsFluSBW25_chrm01_circ_2694861	Pf_BP_2_D279_S59_L001-L004_merged	1	0.0024	0.0043	1.0000
PsFluSBW25_chrm01_circ_2694861	Pf_BP_2_D28_S12_L001-L004_merged	1	0.0000	0.0000	1.0000
PsFluSBW25_chrm01_circ_2694861	Pf_BP_2_D310_S5_L001-L004_merged	1	0.0000	0.0000	1.0000
PsFluSBW25_chrm01_circ_2694861	Pf_BP_2_D336_S38_L001-L004_merged	1	0.0008	0.0028	1.0000
PsFluSBW25_chrm01_circ_2694861	Pf_BP_2_D364_S71_L001-L004_merged	1	0.0000	0.0002	1.0000
PsFluSBW25_chrm01_circ_2694861	Pf_BP_2_D392_S101_L001-L004_merged	1	0.0000	0.0000	1.0000
PsFluSBW25_chrm01_circ_2694861	Pf_BP_2_D420_S50_L001-L004_merged	1	0.0000	0.0000	1.0000
PsFluSBW25_chrm01_circ_2694861	Pf_BP_2_D448_S83_L001-L004_merged	1	0.0000	0.0002	1.0000
PsFluSBW25_chrm01_circ_2694861	Pf_BP_2_D476_S62_L001-L004_merged	1	0.0101	0.0003	1.0000
PsFluSBW25_chrm01_circ_2694861	Pf_BP_2_D504_S161_L001-L004_merged	1	0.1945	0.0115	1.0000
PsFluSBW25_chrm01_circ_2694861	Pf_BP_2_D532_S126_L001-L004_merged	1	0.2764	0.0136	1.0000
PsFluSBW25_chrm01_circ_2694861	Pf_BP_2_D56_S56_L001-L004_merged	1	0.0001	0.0009	1.0000
PsFluSBW25_chrm01_circ_2694861	Pf_BP_2_D588_S86_L001-L004_merged	1	0.2343	0.0140	1.0000
PsFluSBW25_chrm01_circ_2694861	Pf_BP_2_D623_S104_L001-L004_merged	1	0.3405	0.0146	1.0000
PsFluSBW25_chrm01_circ_2694861	Pf_BP_2_D644_S152_L001-L004_merged	1	0.3255	0.0138	1.0000
PsFluSBW25_chrm01_circ_2694861	Pf_BP_2_D700_S177_L001-L004_merged	1	0.1105	0.0094	1.0000
PsFluSBW25_chrm01_circ_2694861	Pf_BP_2_D728_S118_L001-L004_merged	1	0.3473	0.0141	1.0000
PsFluSBW25_chrm01_circ_2694861	Pf_BP_2_D756_S154_L001-L004_merged	1	0.7050	0.0146	1.0000
PsFluSBW25_chrm01_circ_2694861	Pf_BP_2_D784_S95_L001-L004_merged	1	0.8554	0.0103	1.0000
PsFluSBW25_chrm01_circ_2694861	Pf_BP_2_D84_S2_L001-L004_merged	1	0.0000	0.0000	1.0000
PsFluSBW25_chrm01_circ_2714586	PS_Pf_r02_2017_01_09_L001	1	0.1761	0.0055	1.0000
PsFluSBW25_chrm01_circ_2714586	Pf_BP_2_D112_S35_L001-L004_merged	1	0.0000	0.0000	1.0000
PsFluSBW25_chrm01_circ_2714586	Pf_BP_2_D140_S68_L001-L004_merged	1	0.0000	0.0000	1.0000
PsFluSBW25_chrm01_circ_2714586	Pf_BP_2_D168_S14_L001-L004_merged	1	0.0000	0.0000	1.0000
PsFluSBW25_chrm01_circ_2714586	Pf_BP_2_D196_S47_L001-L004_merged	1	0.0000	0.0001	1.0000
PsFluSBW25_chrm01_circ_2714586	Pf_BP_2_D224_S80_L001-L004_merged	1	0.0000	0.0000	1.0000
PsFluSBW25_chrm01_circ_2714586	Pf_BP_2_D252_S26_L001-L004_merged	1	0.0022	0.0042	1.0000
PsFluSBW25_chrm01_circ_2714586	Pf_BP_2_D279_S59_L001-L004_merged	1	0.0024	0.0043	1.0000
PsFluSBW25_chrm01_circ_2714586	Pf_BP_2_D28_S12_L001-L004_merged	1	0.0000	0.0000	1.0000
PsFluSBW25_chrm01_circ_2714586	Pf_BP_2_D310_S5_L001-L004_merged	1	0.0000	0.0000	1.0000
PsFluSBW25_chrm01_circ_2714586	Pf_BP_2_D336_S38_L001-L004_merged	1	0.0008	0.0028	1.0000
PsFluSBW25_chrm01_circ_2714586	Pf_BP_2_D364_S71_L001-L004_merged	1	0.0000	0.0002	1.0000
PsFluSBW25_chrm01_circ_2714586	Pf_BP_2_D392_S101_L001-L004_merged	1	0.0000	0.0000	1.0000
PsFluSBW25_chrm01_circ_2714586	Pf_BP_2_D420_S50_L001-L004_merged	1	0.0000	0.0000	1.0000
PsFluSBW25_chrm01_circ_2714586	Pf_BP_2_D448_S83_L001-L004_merged	1	0.0000	0.0002	1.0000
PsFluSBW25_chrm01_circ_2714586	Pf_BP_2_D476_S62_L001-L004_merged	1	0.0101	0.0003	1.0000
PsFluSBW25_chrm01_circ_2714586	Pf_BP_2_D504_S161_L001-L004_merged	1	0.1945	0.0115	1.0000
PsFluSBW25_chrm01_circ_2714586	Pf_BP_2_D532_S126_L001-L004_merged	1	0.2764	0.0136	1.0000
PsFluSBW25_chrm01_circ_2714586	Pf_BP_2_D56_S56_L001-L004_merged	1	0.0001	0.0009	1.0000
PsFluSBW25_chrm01_circ_2714586	Pf_BP_2_D588_S86_L001-L004_merged	1	0.2343	0.0140	1.0000
PsFluSBW25_chrm01_circ_2714586	Pf_BP_2_D623_S104_L001-L004_merged	1	0.3405	0.0146	1.0000
PsFluSBW25_chrm01_circ_2714586	Pf_BP_2_D644_S152_L001-L004_merged	1	0.3255	0.0138	1.0000
PsFluSBW25_chrm01_circ_2714586	Pf_BP_2_D700_S177_L001-L004_merged	1	0.1105	0.0094	1.0000
PsFluSBW25_chrm01_circ_2714586	Pf_BP_2_D728_S118_L001-L004_merged	1	0.3473	0.0141	1.0000
PsFluSBW25_chrm01_circ_2714586	Pf_BP_2_D756_S154_L001-L004_merged	1	0.7050	0.0146	1.0000
PsFluSBW25_chrm01_circ_2714586	Pf_BP_2_D784_S95_L001-L004_merged	1	0.8554	0.0103	1.0000
PsFluSBW25_chrm01_circ_2714586	Pf_BP_2_D84_S2_L001-L004_merged	1	0.0000	0.0000	1.0000
PsFluSBW25_chrm01_circ_2959713	PS_Pf_r02_2017_01_09_L001	1	0.1761	0.0055	1.0000
PsFluSBW25_chrm01_circ_2959713	Pf_BP_2_D112_S35_L001-L004_merged	1	0.0000	0.0000	1.0000
PsFluSBW25_chrm01_circ_2959713	Pf_BP_2_D140_S68_L001-L004_merged	1	0.0000	0.0000	1.0000
PsFluSBW25_chrm01_circ_2959713	Pf_BP_2_D168_S14_L001-L004_merged	1	0.0000	0.0000	1.0000
PsFluSBW25_chrm01_circ_2959713	Pf_BP_2_D196_S47_L001-L004_merged	1	0.0000	0.0001	1.0000
PsFluSBW25_chrm01_circ_2959713	Pf_BP_2_D224_S80_L001-L004_merged	1	0.0000	0.0000	1.0000
PsFluSBW25_chrm01_circ_2959713	Pf_BP_2_D252_S26_L001-L004_merged	1	0.0022	0.0042	1.0000
PsFluSBW25_chrm01_circ_2959713	Pf_BP_2_D279_S59_L001-L004_merged	1	0.0024	0.0043	1.0000
PsFluSBW25_chrm01_circ_2959713	Pf_BP_2_D28_S12_L001-L004_merged	1	0.0000	0.0000	1.0000
PsFluSBW25_chrm01_circ_2959713	Pf_BP_2_D310_S5_L001-L004_merged	1	0.0000	0.0000	1.0000
PsFluSBW25_chrm01_circ_2959713	Pf_BP_2_D336_S38_L001-L004_merged	1	0.0008	0.0028	1.0000
PsFluSBW25_chrm01_circ_2959713	Pf_BP_2_D364_S71_L001-L004_merged	1	0.0000	0.0002	1.0000
PsFluSBW25_chrm01_circ_2959713	Pf_BP_2_D392_S101_L001-L004_merged	1	0.0000	0.0000	1.0000
PsFluSBW25_chrm01_circ_2959713	Pf_BP_2_D420_S50_L001-L004_merged	1	0.0000	0.0000	1.0000
PsFluSBW25_chrm01_circ_2959713	Pf_BP_2_D448_S83_L001-L004_merged	1	0.0000	0.0002	1.0000
PsFluSBW25_chrm01_circ_2959713	Pf_BP_2_D476_S62_L001-L004_merged	1	0.0101	0.0003	1.0000
PsFluSBW25_chrm01_circ_2959713	Pf_BP_2_D504_S161_L001-L004_merged	1	0.1945	0.0115	1.0000
PsFluSBW25_chrm01_circ_2959713	Pf_BP_2_D532_S126_L001-L004_merged	1	0.2764	0.0136	1.0000
PsFluSBW25_chrm01_circ_2959713	Pf_BP_2_D56_S56_L001-L004_merged	1	0.0001	0.0009	1.0000
PsFluSBW25_chrm01_circ_2959713	Pf_BP_2_D588_S86_L001-L004_merged	1	0.2343	0.0140	1.0000
PsFluSBW25_chrm01_circ_2959713	Pf_BP_2_D623_S104_L001-L004_merged	1	0.3405	0.0146	1.0000
PsFluSBW25_chrm01_circ_2959713	Pf_BP_2_D644_S152_L001-L004_merged	1	0.3255	0.0138	1.0000
PsFluSBW25_chrm01_circ_2959713	Pf_BP_2_D700_S177_L001-L004_merged	1	0.1105	0.0094	1.0000
PsFluSBW25_chrm01_circ_2959713	Pf_BP_2_D728_S118_L001-L004_merged	1	0.3473	0.0141	1.0000
PsFluSBW25_chrm01_circ_2959713	Pf_BP_2_D756_S154_L001-L004_merged	1	0.7050	0.0146	1.0000
PsFluSBW25_chrm01_circ_2959713	Pf_BP_2_D784_S95_L001-L004_merged	1	0.8554	0.0103	1.0000
PsFluSBW25_chrm01_circ_2959713	Pf_BP_2_D84_S2_L001-L004_merged	1	0.0000	0.0000	1.0000
PsFluSBW25_chrm01_circ_2963237	PS_Pf_r02_2017_01_09_L001	1	0.1761	0.0055	1.0000
PsFluSBW25_chrm01_circ_2963237	Pf_BP_2_D112_S35_L001-L004_merged	1	0.0000	0.0000	1.0000
PsFluSBW25_chrm01_circ_2963237	Pf_BP_2_D140_S68_L001-L004_merged	1	0.0000	0.0000	1.0000
PsFluSBW25_chrm01_circ_2963237	Pf_BP_2_D168_S14_L001-L004_merged	1	0.0000	0.0000	1.0000
PsFluSBW25_chrm01_circ_2963237	Pf_BP_2_D196_S47_L001-L004_merged	1	0.0000	0.0001	1.0000
PsFluSBW25_chrm01_circ_2963237	Pf_BP_2_D224_S80_L001-L004_merged	1	0.0000	0.0000	1.0000
PsFluSBW25_chrm01_circ_2963237	Pf_BP_2_D252_S26_L001-L004_merged	1	0.0022	0.0042	1.0000
PsFluSBW25_chrm01_circ_2963237	Pf_BP_2_D279_S59_L001-L004_merged	1	0.0024	0.0043	1.0000
PsFluSBW25_chrm01_circ_2963237	Pf_BP_2_D28_S12_L001-L004_merged	1	0.0000	0.0000	1.0000
PsFluSBW25_chrm01_circ_2963237	Pf_BP_2_D310_S5_L001-L004_merged	1	0.0000	0.0000	1.0000
PsFluSBW25_chrm01_circ_2963237	Pf_BP_2_D336_S38_L001-L004_merged	1	0.0008	0.0028	1.0000
PsFluSBW25_chrm01_circ_2963237	Pf_BP_2_D364_S71_L001-L004_merged	1	0.0000	0.0002	1.0000
PsFluSBW25_chrm01_circ_2963237	Pf_BP_2_D392_S101_L001-L004_merged	1	0.0000	0.0000	1.0000
PsFluSBW25_chrm01_circ_2963237	Pf_BP_2_D420_S50_L001-L004_merged	1	0.0000	0.0000	1.0000
PsFluSBW25_chrm01_circ_2963237	Pf_BP_2_D448_S83_L001-L004_merged	1	0.0000	0.0002	1.0000
PsFluSBW25_chrm01_circ_2963237	Pf_BP_2_D476_S62_L001-L004_merged	1	0.0101	0.0003	1.0000
PsFluSBW25_chrm01_circ_2963237	Pf_BP_2_D504_S161_L001-L004_merged	1	0.1945	0.0115	1.0000
PsFluSBW25_chrm01_circ_2963237	Pf_BP_2_D532_S126_L001-L004_merged	1	0.2764	0.0136	1.0000
PsFluSBW25_chrm01_circ_2963237	Pf_BP_2_D56_S56_L001-L004_merged	1	0.0001	0.0009	1.0000
PsFluSBW25_chrm01_circ_2963237	Pf_BP_2_D588_S86_L001-L004_merged	1	0.2343	0.0140	1.0000
PsFluSBW25_chrm01_circ_2963237	Pf_BP_2_D623_S104_L001-L004_merged	1	0.3405	0.0146	1.0000
PsFluSBW25_chrm01_circ_2963237	Pf_BP_2_D644_S152_L001-L004_merged	1	0.3255	0.0138	1.0000
PsFluSBW25_chrm01_circ_2963237	Pf_BP_2_D700_S177_L001-L004_merged	1	0.1105	0.0094	1.0000
PsFluSBW25_chrm01_circ_2963237	Pf_BP_2_D728_S118_L001-L004_merged	1	0.3473	0.0141	1.0000
PsFluSBW25_chrm01_circ_2963237	Pf_BP_2_D756_S154_L001-L004_merged	1	0.7050	0.0146	1.0000
PsFluSBW25_chrm01_circ_2963237	Pf_BP_2_D784_S95_L001-L004_merged	1	0.8554	0.0103	1.0000
PsFluSBW25_chrm01_circ_2963237	Pf_BP_2_D84_S2_L001-L004_merged	1	0.0000	0.0000	1.0000
PsFluSBW25_chrm01_circ_3433344	PS_Pf_r02_2017_01_09_L001	1	0.1761	0.0055	1.0000
PsFluSBW25_chrm01_circ_3433344	Pf_BP_2_D112_S35_L001-L004_merged	1	0.0000	0.0000	1.0000
PsFluSBW25_chrm01_circ_3433344	Pf_BP_2_D140_S68_L001-L004_merged	1	0.0000	0.0000	1.0000
PsFluSBW25_chrm01_circ_3433344	Pf_BP_2_D168_S14_L001-L004_merged	1	0.0000	0.0000	1.0000
PsFluSBW25_chrm01_circ_3433344	Pf_BP_2_D196_S47_L001-L004_merged	1	0.0000	0.0001	1.0000
PsFluSBW25_chrm01_circ_3433344	Pf_BP_2_D224_S80_L001-L004_merged	1	0.0000	0.0000	1.0000
PsFluSBW25_chrm01_circ_3433344	Pf_BP_2_D252_S26_L001-L004_merged	1	0.0022	0.0042	1.0000
PsFluSBW25_chrm01_circ_3433344	Pf_BP_2_D279_S59_L001-L004_merged	1	0.0024	0.0043	1.0000
PsFluSBW25_chrm01_circ_3433344	Pf_BP_2_D28_S12_L001-L004_merged	1	0.0000	0.0000	1.0000
PsFluSBW25_chrm01_circ_3433344	Pf_BP_2_D310_S5_L001-L004_merged	1	0.0000	0.0000	1.0000
PsFluSBW25_chrm01_circ_3433344	Pf_BP_2_D336_S38_L001-L004_merged	1	0.0008	0.0028	1.0000
PsFluSBW25_chrm01_circ_3433344	Pf_BP_2_D364_S71_L001-L004_merged	1	0.0000	0.0002	1.0000
PsFluSBW25_chrm01_circ_3433344	Pf_BP_2_D392_S101_L001-L004_merged	1	0.0000	0.0000	1.0000
PsFluSBW25_chrm01_circ_3433344	Pf_BP_2_D420_S50_L001-L004_merged	1	0.0000	0.0000	1.0000
PsFluSBW25_chrm01_circ_3433344	Pf_BP_2_D448_S83_L001-L004_merged	1	0.0000	0.0002	1.0000
PsFluSBW25_chrm01_circ_3433344	Pf_BP_2_D476_S62_L001-L004_merged	1	0.0101	0.0003	1.0000
PsFluSBW25_chrm01_circ_3433344	Pf_BP_2_D504_S161_L001-L004_merged	1	0.1945	0.0115	1.0000
PsFluSBW25_chrm01_circ_3433344	Pf_BP_2_D532_S126_L001-L004_merged	1	0.2764	0.0136	1.0000
PsFluSBW25_chrm01_circ_3433344	Pf_BP_2_D56_S56_L001-L004_merged	1	0.0001	0.0009	1.0000
PsFluSBW25_chrm01_circ_3433344	Pf_BP_2_D588_S86_L001-L004_merged	1	0.2343	0.0140	1.0000
PsFluSBW25_chrm01_circ_3433344	Pf_BP_2_D623_S104_L001-L004_merged	1	0.3405	0.0146	1.0000
PsFluSBW25_chrm01_circ_3433344	Pf_BP_2_D644_S152_L001-L004_merged	1	0.3255	0.0138	1.0000
PsFluSBW25_chrm01_circ_3433344	Pf_BP_2_D700_S177_L001-L004_merged	1	0.1105	0.0094	1.0000
PsFluSBW25_chrm01_circ_3433344	Pf_BP_2_D728_S118_L001-L004_merged	1	0.3473	0.0141	1.0000
PsFluSBW25_chrm01_circ_3433344	Pf_BP_2_D756_S154_L001-L004_merged	1	0.7050	0.0146	1.0000
PsFluSBW25_chrm01_circ_3433344	Pf_BP_2_D784_S95_L001-L004_merged	1	0.8554	0.0103	1.0000
PsFluSBW25_chrm01_circ_3433344	Pf_BP_2_D84_S2_L001-L004_merged	1	0.0000	0.0000	1.0000
PsFluSBW25_chrm01_circ_3438564	PS_Pf_r02_2017_01_09_L001	1	0.1761	0.0055	1.0000
PsFluSBW25_chrm01_circ_3438564	Pf_BP_2_D112_S35_L001-L004_merged	1	0.0000	0.0000	1.0000
PsFluSBW25_chrm01_circ_3438564	Pf_BP_2_D140_S68_L001-L004_merged	1	0.0000	0.0000	1.0000
PsFluSBW25_chrm01_circ_3438564	Pf_BP_2_D168_S14_L001-L004_merged	1	0.0000	0.0000	1.0000
PsFluSBW25_chrm01_circ_3438564	Pf_BP_2_D196_S47_L001-L004_merged	1	0.0000	0.0001	1.0000
PsFluSBW25_chrm01_circ_3438564	Pf_BP_2_D224_S80_L001-L004_merged	1	0.0000	0.0000	1.0000
PsFluSBW25_chrm01_circ_3438564	Pf_BP_2_D252_S26_L001-L004_merged	1	0.0022	0.0042	1.0000
PsFluSBW25_chrm01_circ_3438564	Pf_BP_2_D279_S59_L001-L004_merged	1	0.0024	0.0043	1.0000
PsFluSBW25_chrm01_circ_3438564	Pf_BP_2_D28_S12_L001-L004_merged	1	0.0000	0.0000	1.0000
PsFluSBW25_chrm01_circ_3438564	Pf_BP_2_D310_S5_L001-L004_merged	1	0.0000	0.0000	1.0000
PsFluSBW25_chrm01_circ_3438564	Pf_BP_2_D336_S38_L001-L004_merged	1	0.0008	0.0028	1.0000
PsFluSBW25_chrm01_circ_3438564	Pf_BP_2_D364_S71_L001-L004_merged	1	0.0000	0.0002	1.0000
PsFluSBW25_chrm01_circ_3438564	Pf_BP_2_D392_S101_L001-L004_merged	1	0.0000	0.0000	1.0000
PsFluSBW25_chrm01_circ_3438564	Pf_BP_2_D420_S50_L001-L004_merged	1	0.0000	0.0000	1.0000
PsFluSBW25_chrm01_circ_3438564	Pf_BP_2_D448_S83_L001-L004_merged	1	0.0000	0.0002	1.0000
PsFluSBW25_chrm01_circ_3438564	Pf_BP_2_D476_S62_L001-L004_merged	1	0.0101	0.0003	1.0000
PsFluSBW25_chrm01_circ_3438564	Pf_BP_2_D504_S161_L001-L004_merged	1	0.1945	0.0115	1.0000
PsFluSBW25_chrm01_circ_3438564	Pf_BP_2_D532_S126_L001-L004_merged	1	0.2764	0.0136	1.0000
PsFluSBW25_chrm01_circ_3438564	Pf_BP_2_D56_S56_L001-L004_merged	1	0.0001	0.0009	1.0000
PsFluSBW25_chrm01_circ_3438564	Pf_BP_2_D588_S86_L001-L004_merged	1	0.2343	0.0140	1.0000
PsFluSBW25_chrm01_circ_3438564	Pf_BP_2_D623_S104_L001-L004_merged	1	0.3405	0.0146	1.0000
PsFluSBW25_chrm01_circ_3438564	Pf_BP_2_D644_S152_L001-L004_merged	1	0.3255	0.0138	1.0000
PsFluSBW25_chrm01_circ_3438564	Pf_BP_2_D700_S177_L001-L004_merged	1	0.1105	0.0094	1.0000
PsFluSBW25_chrm01_circ_3438564	Pf_BP_2_D728_S118_L001-L004_merged	1	0.3473	0.0141	1.0000
PsFluSBW25_chrm01_circ_3438564	Pf_BP_2_D756_S154_L001-L004_merged	1	0.7050	0.0146	1.0000
PsFluSBW25_chrm01_circ_3438564	Pf_BP_2_D784_S95_L001-L004_merged	1	0.8554	0.0103	1.0000
PsFluSBW25_chrm01_circ_3438564	Pf_BP_2_D84_S2_L001-L004_merged	1	0.0000	0.0000	1.0000
PsFluSBW25_chrm01_circ_3560475	PS_Pf_r02_2017_01_09_L001	1	0.1761	0.0055	1.0000
PsFluSBW25_chrm01_circ_3560475	Pf_BP_2_D112_S35_L001-L004_merged	1	0.0000	0.0000	1.0000
PsFluSBW25_chrm01_circ_3560475	Pf_BP_2_D140_S68_L001-L004_merged	1	0.0000	0.0000	1.0000
PsFluSBW25_chrm01_circ_3560475	Pf_BP_2_D168_S14_L001-L004_merged	1	0.0000	0.0000	1.0000
PsFluSBW25_chrm01_circ_3560475	Pf_BP_2_D196_S47_L001-L004_merged	1	0.0000	0.0001	1.0000
PsFluSBW25_chrm01_circ_3560475	Pf_BP_2_D224_S80_L001-L004_merged	1	0.0000	0.0000	1.0000
PsFluSBW25_chrm01_circ_3560475	Pf_BP_2_D252_S26_L001-L004_merged	1	0.0022	0.0042	1.0000
PsFluSBW25_chrm01_circ_3560475	Pf_BP_2_D279_S59_L001-L004_merged	1	0.0024	0.0043	1.0000
PsFluSBW25_chrm01_circ_3560475	Pf_BP_2_D28_S12_L001-L004_merged	1	0.0000	0.0000	1.0000
PsFluSBW25_chrm01_circ_3560475	Pf_BP_2_D310_S5_L001-L004_merged	1	0.0000	0.0000	1.0000
PsFluSBW25_chrm01_circ_3560475	Pf_BP_2_D336_S38_L001-L004_merged	1	0.0008	0.0028	1.0000
PsFluSBW25_chrm01_circ_3560475	Pf_BP_2_D364_S71_L001-L004_merged	1	0.0000	0.0002	1.0000
PsFluSBW25_chrm01_circ_3560475	Pf_BP_2_D392_S101_L001-L004_merged	1	0.0000	0.0000	1.0000
PsFluSBW25_chrm01_circ_3560475	Pf_BP_2_D420_S50_L001-L004_merged	1	0.0000	0.0000	1.0000
PsFluSBW25_chrm01_circ_3560475	Pf_BP_2_D448_S83_L001-L004_merged	1	0.0000	0.0002	1.0000
PsFluSBW25_chrm01_circ_3560475	Pf_BP_2_D476_S62_L001-L004_merged	1	0.0101	0.0003	1.0000
PsFluSBW25_chrm01_circ_3560475	Pf_BP_2_D504_S161_L001-L004_merged	1	0.1945	0.0115	1.0000
PsFluSBW25_chrm01_circ_3560475	Pf_BP_2_D532_S126_L001-L004_merged	1	0.2764	0.0136	1.0000
PsFluSBW25_chrm01_circ_3560475	Pf_BP_2_D56_S56_L001-L004_merged	1	0.0001	0.0009	1.0000
PsFluSBW25_chrm01_circ_3560475	Pf_BP_2_D588_S86_L001-L004_merged	1	0.2343	0.0140	1.0000
PsFluSBW25_chrm01_circ_3560475	Pf_BP_2_D623_S104_L001-L004_merged	1	0.3405	0.0146	1.0000
PsFluSBW25_chrm01_circ_3560475	Pf_BP_2_D644_S152_L001-L004_merged	1	0.3255	0.0138	1.0000
PsFluSBW25_chrm01_circ_3560475	Pf_BP_2_D700_S177_L001-L004_merged	1	0.1105	0.0094	1.0000
PsFluSBW25_chrm01_circ_3560475	Pf_BP_2_D728_S118_L001-L004_merged	1	0.3473	0.0141	1.0000
PsFluSBW25_chrm01_circ_3560475	Pf_BP_2_D756_S154_L001-L004_merged	1	0.7050	0.0146	1.0000
PsFluSBW25_chrm01_circ_3560475	Pf_BP_2_D784_S95_L001-L004_merged	1	0.8554	0.0103	1.0000
PsFluSBW25_chrm01_circ_3560475	Pf_BP_2_D84_S2_L001-L004_merged	1	0.0000	0.0000	1.0000
PsFluSBW25_chrm01_circ_3764	PS_Pf_r02_2017_01_09_L001	1	0.1761	0.0055	1.0000
PsFluSBW25_chrm01_circ_3764	Pf_BP_2_D112_S35_L001-L004_merged	1	0.0000	0.0000	1.0000
PsFluSBW25_chrm01_circ_3764	Pf_BP_2_D140_S68_L001-L004_merged	1	0.0000	0.0000	1.0000
PsFluSBW25_chrm01_circ_3764	Pf_BP_2_D168_S14_L001-L004_merged	1	0.0000	0.0000	1.0000
PsFluSBW25_chrm01_circ_3764	Pf_BP_2_D196_S47_L001-L004_merged	1	0.0000	0.0001	1.0000
PsFluSBW25_chrm01_circ_3764	Pf_BP_2_D224_S80_L001-L004_merged	1	0.0000	0.0000	1.0000
PsFluSBW25_chrm01_circ_3764	Pf_BP_2_D252_S26_L001-L004_merged	1	0.0022	0.0042	1.0000
PsFluSBW25_chrm01_circ_3764	Pf_BP_2_D279_S59_L001-L004_merged	1	0.0024	0.0043	1.0000
PsFluSBW25_chrm01_circ_3764	Pf_BP_2_D28_S12_L001-L004_merged	1	0.0000	0.0000	1.0000
PsFluSBW25_chrm01_circ_3764	Pf_BP_2_D310_S5_L001-L004_merged	1	0.0000	0.0000	1.0000
PsFluSBW25_chrm01_circ_3764	Pf_BP_2_D336_S38_L001-L004_merged	1	0.0008	0.0028	1.0000
PsFluSBW25_chrm01_circ_3764	Pf_BP_2_D364_S71_L001-L004_merged	1	0.0000	0.0002	1.0000
PsFluSBW25_chrm01_circ_3764	Pf_BP_2_D392_S101_L001-L004_merged	1	0.0000	0.0000	1.0000
PsFluSBW25_chrm01_circ_3764	Pf_BP_2_D420_S50_L001-L004_merged	1	0.0000	0.0000	1.0000
PsFluSBW25_chrm01_circ_3764	Pf_BP_2_D448_S83_L001-L004_merged	1	0.0000	0.0002	1.0000
PsFluSBW25_chrm01_circ_3764	Pf_BP_2_D476_S62_L001-L004_merged	1	0.0101	0.0003	1.0000
PsFluSBW25_chrm01_circ_3764	Pf_BP_2_D504_S161_L001-L004_merged	1	0.1945	0.0115	1.0000
PsFluSBW25_chrm01_circ_3764	Pf_BP_2_D532_S126_L001-L004_merged	1	0.2764	0.0136	1.0000
PsFluSBW25_chrm01_circ_3764	Pf_BP_2_D56_S56_L001-L004_merged	1	0.0001	0.0009	1.0000
PsFluSBW25_chrm01_circ_3764	Pf_BP_2_D588_S86_L001-L004_merged	1	0.2343	0.0140	1.0000
PsFluSBW25_chrm01_circ_3764	Pf_BP_2_D623_S104_L001-L004_merged	1	0.3405	0.0146	1.0000
PsFluSBW25_chrm01_circ_3764	Pf_BP_2_D644_S152_L001-L004_merged	1	0.3255	0.0138	1.0000
PsFluSBW25_chrm01_circ_3764	Pf_BP_2_D700_S177_L001-L004_merged	1	0.1105	0.0094	1.0000
PsFluSBW25_chrm01_circ_3764	Pf_BP_2_D728_S118_L001-L004_merged	1	0.3473	0.0141	1.0000
PsFluSBW25_chrm01_circ_3764	Pf_BP_2_D756_S154_L001-L004_merged	1	0.7050	0.0146	1.0000
PsFluSBW25_chrm01_circ_3764	Pf_BP_2_D784_S95_L001-L004_merged	1	0.8554	0.0103	1.0000
PsFluSBW25_chrm01_circ_3764	Pf_BP_2_D84_S2_L001-L004_merged	1	0.0000	0.0000	1.0000
PsFluSBW25_chrm01_circ_3792166	PS_Pf_r02_2017_01_09_L001	1	0.1761	0.0055	1.0000
PsFluSBW25_chrm01_circ_3792166	Pf_BP_2_D112_S35_L001-L004_merged	1	0.0000	0.0000	1.0000
PsFluSBW25_chrm01_circ_3792166	Pf_BP_2_D140_S68_L001-L004_merged	1	0.0000	0.0000	1.0000
PsFluSBW25_chrm01_circ_3792166	Pf_BP_2_D168_S14_L001-L004_merged	1	0.0000	0.0000	1.0000
PsFluSBW25_chrm01_circ_3792166	Pf_BP_2_D196_S47_L001-L004_merged	1	0.0000	0.0001	1.0000
PsFluSBW25_chrm01_circ_3792166	Pf_BP_2_D224_S80_L001-L004_merged	1	0.0000	0.0000	1.0000
PsFluSBW25_chrm01_circ_3792166	Pf_BP_2_D252_S26_L001-L004_merged	1	0.0022	0.0042	1.0000
PsFluSBW25_chrm01_circ_3792166	Pf_BP_2_D279_S59_L001-L004_merged	1	0.0024	0.0043	1.0000
PsFluSBW25_chrm01_circ_3792166	Pf_BP_2_D28_S12_L001-L004_merged	1	0.0000	0.0000	1.0000
PsFluSBW25_chrm01_circ_3792166	Pf_BP_2_D310_S5_L001-L004_merged	1	0.0000	0.0000	1.0000
PsFluSBW25_chrm01_circ_3792166	Pf_BP_2_D336_S38_L001-L004_merged	1	0.0008	0.0028	1.0000
PsFluSBW25_chrm01_circ_3792166	Pf_BP_2_D364_S71_L001-L004_merged	1	0.0000	0.0002	1.0000
PsFluSBW25_chrm01_circ_3792166	Pf_BP_2_D392_S101_L001-L004_merged	1	0.0000	0.0000	1.0000
PsFluSBW25_chrm01_circ_3792166	Pf_BP_2_D420_S50_L001-L004_merged	1	0.0000	0.0000	1.0000
PsFluSBW25_chrm01_circ_3792166	Pf_BP_2_D448_S83_L001-L004_merged	1	0.0000	0.0002	1.0000
PsFluSBW25_chrm01_circ_3792166	Pf_BP_2_D476_S62_L001-L004_merged	1	0.0101	0.0003	1.0000
PsFluSBW25_chrm01_circ_3792166	Pf_BP_2_D504_S161_L001-L004_merged	1	0.1945	0.0115	1.0000
PsFluSBW25_chrm01_circ_3792166	Pf_BP_2_D532_S126_L001-L004_merged	1	0.2764	0.0136	1.0000
PsFluSBW25_chrm01_circ_3792166	Pf_BP_2_D56_S56_L001-L004_merged	1	0.0001	0.0009	1.0000
PsFluSBW25_chrm01_circ_3792166	Pf_BP_2_D588_S86_L001-L004_merged	1	0.2343	0.0140	1.0000
PsFluSBW25_chrm01_circ_3792166	Pf_BP_2_D623_S104_L001-L004_merged	1	0.3405	0.0146	1.0000
PsFluSBW25_chrm01_circ_3792166	Pf_BP_2_D644_S152_L001-L004_merged	1	0.3255	0.0138	1.0000
PsFluSBW25_chrm01_circ_3792166	Pf_BP_2_D700_S177_L001-L004_merged	1	0.1105	0.0094	1.0000
PsFluSBW25_chrm01_circ_3792166	Pf_BP_2_D728_S118_L001-L004_merged	1	0.3473	0.0141	1.0000
PsFluSBW25_chrm01_circ_3792166	Pf_BP_2_D756_S154_L001-L004_merged	1	0.7050	0.0146	1.0000
PsFluSBW25_chrm01_circ_3792166	Pf_BP_2_D784_S95_L001-L004_merged	1	0.8554	0.0103	1.0000
PsFluSBW25_chrm01_circ_3792166	Pf_BP_2_D84_S2_L001-L004_merged	1	0.0000	0.0000	1.0000
PsFluSBW25_chrm01_circ_3865161	PS_Pf_r02_2017_01_09_L001	1	0.1761	0.0055	1.0000
PsFluSBW25_chrm01_circ_3865161	Pf_BP_2_D112_S35_L001-L004_merged	1	0.0000	0.0000	1.0000
PsFluSBW25_chrm01_circ_3865161	Pf_BP_2_D140_S68_L001-L004_merged	1	0.0000	0.0000	1.0000
PsFluSBW25_chrm01_circ_3865161	Pf_BP_2_D168_S14_L001-L004_merged	1	0.0000	0.0000	1.0000
PsFluSBW25_chrm01_circ_3865161	Pf_BP_2_D196_S47_L001-L004_merged	1	0.0000	0.0001	1.0000
PsFluSBW25_chrm01_circ_3865161	Pf_BP_2_D224_S80_L001-L004_merged	1	0.0000	0.0000	1.0000
PsFluSBW25_chrm01_circ_3865161	Pf_BP_2_D252_S26_L001-L004_merged	1	0.0022	0.0042	1.0000
PsFluSBW25_chrm01_circ_3865161	Pf_BP_2_D279_S59_L001-L004_merged	1	0.0024	0.0043	1.0000
PsFluSBW25_chrm01_circ_3865161	Pf_BP_2_D28_S12_L001-L004_merged	1	0.0000	0.0000	1.0000
PsFluSBW25_chrm01_circ_3865161	Pf_BP_2_D310_S5_L001-L004_merged	1	0.0000	0.0000	1.0000
PsFluSBW25_chrm01_circ_3865161	Pf_BP_2_D336_S38_L001-L004_merged	1	0.0008	0.0028	1.0000
PsFluSBW25_chrm01_circ_3865161	Pf_BP_2_D364_S71_L001-L004_merged	1	0.0000	0.0002	1.0000
PsFluSBW25_chrm01_circ_3865161	Pf_BP_2_D392_S101_L001-L004_merged	1	0.0000	0.0000	1.0000
PsFluSBW25_chrm01_circ_3865161	Pf_BP_2_D420_S50_L001-L004_merged	1	0.0000	0.0000	1.0000
PsFluSBW25_chrm01_circ_3865161	Pf_BP_2_D448_S83_L001-L004_merged	1	0.0000	0.0002	1.0000
PsFluSBW25_chrm01_circ_3865161	Pf_BP_2_D476_S62_L001-L004_merged	1	0.0101	0.0003	1.0000
PsFluSBW25_chrm01_circ_3865161	Pf_BP_2_D504_S161_L001-L004_merged	1	0.1945	0.0115	1.0000
PsFluSBW25_chrm01_circ_3865161	Pf_BP_2_D532_S126_L001-L004_merged	1	0.2764	0.0136	1.0000
PsFluSBW25_chrm01_circ_3865161	Pf_BP_2_D56_S56_L001-L004_merged	1	0.0001	0.0009	1.0000
PsFluSBW25_chrm01_circ_3865161	Pf_BP_2_D588_S86_L001-L004_merged	1	0.2343	0.0140	1.0000
PsFluSBW25_chrm01_circ_3865161	Pf_BP_2_D623_S104_L001-L004_merged	1	0.3405	0.0146	1.0000
PsFluSBW25_chrm01_circ_3865161	Pf_BP_2_D644_S152_L001-L004_merged	1	0.3255	0.0138	1.0000
PsFluSBW25_chrm01_circ_3865161	Pf_BP_2_D700_S177_L001-L004_merged	1	0.1105	0.0094	1.0000
PsFluSBW25_chrm01_circ_3865161	Pf_BP_2_D728_S118_L001-L004_merged	1	0.3473	0.0141	1.0000
PsFluSBW25_chrm01_circ_3865161	Pf_BP_2_D756_S154_L001-L004_merged	1	0.7050	0.0146	1.0000
PsFluSBW25_chrm01_circ_3865161	Pf_BP_2_D784_S95_L001-L004_merged	1	0.8554	0.0103	1.0000
PsFluSBW25_chrm01_circ_3865161	Pf_BP_2_D84_S2_L001-L004_merged	1	0.0000	0.0000	1.0000
PsFluSBW25_chrm01_circ_3986270	PS_Pf_r02_2017_01_09_L001	1	0.1761	0.0055	1.0000
PsFluSBW25_chrm01_circ_3986270	Pf_BP_2_D112_S35_L001-L004_merged	1	0.0000	0.0000	1.0000
PsFluSBW25_chrm01_circ_3986270	Pf_BP_2_D140_S68_L001-L004_merged	1	0.0000	0.0000	1.0000
PsFluSBW25_chrm01_circ_3986270	Pf_BP_2_D168_S14_L001-L004_merged	1	0.0000	0.0000	1.0000
PsFluSBW25_chrm01_circ_3986270	Pf_BP_2_D196_S47_L001-L004_merged	1	0.0000	0.0001	1.0000
PsFluSBW25_chrm01_circ_3986270	Pf_BP_2_D224_S80_L001-L004_merged	1	0.0000	0.0000	1.0000
PsFluSBW25_chrm01_circ_3986270	Pf_BP_2_D252_S26_L001-L004_merged	1	0.0022	0.0042	1.0000
PsFluSBW25_chrm01_circ_3986270	Pf_BP_2_D279_S59_L001-L004_merged	1	0.0024	0.0043	1.0000
PsFluSBW25_chrm01_circ_3986270	Pf_BP_2_D28_S12_L001-L004_merged	1	0.0000	0.0000	1.0000
PsFluSBW25_chrm01_circ_3986270	Pf_BP_2_D310_S5_L001-L004_merged	1	0.0000	0.0000	1.0000
PsFluSBW25_chrm01_circ_3986270	Pf_BP_2_D336_S38_L001-L004_merged	1	0.0008	0.0028	1.0000
PsFluSBW25_chrm01_circ_3986270	Pf_BP_2_D364_S71_L001-L004_merged	1	0.0000	0.0002	1.0000
PsFluSBW25_chrm01_circ_3986270	Pf_BP_2_D392_S101_L001-L004_merged	1	0.0000	0.0000	1.0000
PsFluSBW25_chrm01_circ_3986270	Pf_BP_2_D420_S50_L001-L004_merged	1	0.0000	0.0000	1.0000
PsFluSBW25_chrm01_circ_3986270	Pf_BP_2_D448_S83_L001-L004_merged	1	0.0000	0.0002	1.0000
PsFluSBW25_chrm01_circ_3986270	Pf_BP_2_D476_S62_L001-L004_merged	1	0.0101	0.0003	1.0000
PsFluSBW25_chrm01_circ_3986270	Pf_BP_2_D504_S161_L001-L004_merged	1	0.1945	0.0115	1.0000
PsFluSBW25_chrm01_circ_3986270	Pf_BP_2_D532_S126_L001-L004_merged	1	0.2764	0.0136	1.0000
PsFluSBW25_chrm01_circ_3986270	Pf_BP_2_D56_S56_L001-L004_merged	1	0.0001	0.0009	1.0000
PsFluSBW25_chrm01_circ_3986270	Pf_BP_2_D588_S86_L001-L004_merged	1	0.2343	0.0140	1.0000
PsFluSBW25_chrm01_circ_3986270	Pf_BP_2_D623_S104_L001-L004_merged	1	0.3405	0.0146	1.0000
PsFluSBW25_chrm01_circ_3986270	Pf_BP_2_D644_S152_L001-L004_merged	1	0.3255	0.0138	1.0000
PsFluSBW25_chrm01_circ_3986270	Pf_BP_2_D700_S177_L001-L004_merged	1	0.1105	0.0094	1.0000
PsFluSBW25_chrm01_circ_3986270	Pf_BP_2_D728_S118_L001-L004_merged	1	0.3473	0.0141	1.0000
PsFluSBW25_chrm01_circ_3986270	Pf_BP_2_D756_S154_L001-L004_merged	1	0.7050	0.0146	1.0000
PsFluSBW25_chrm01_circ_3986270	Pf_BP_2_D784_S95_L001-L004_merged	1	0.8554	0.0103	1.0000
PsFluSBW25_chrm01_circ_3986270	Pf_BP_2_D84_S2_L001-L004_merged	1	0.0000	0.0000	1.0000
PsFluSBW25_chrm01_circ_3998163	PS_Pf_r02_2017_01_09_L001	1	0.1761	0.0055	1.0000
PsFluSBW25_chrm01_circ_3998163	Pf_BP_2_D112_S35_L001-L004_merged	1	0.0000	0.0000	1.0000
PsFluSBW25_chrm01_circ_3998163	Pf_BP_2_D140_S68_L001-L004_merged	1	0.0000	0.0000	1.0000
PsFluSBW25_chrm01_circ_3998163	Pf_BP_2_D168_S14_L001-L004_merged	1	0.0000	0.0000	1.0000
PsFluSBW25_chrm01_circ_3998163	Pf_BP_2_D196_S47_L001-L004_merged	1	0.0000	0.0001	1.0000
PsFluSBW25_chrm01_circ_3998163	Pf_BP_2_D224_S80_L001-L004_merged	1	0.0000	0.0000	1.0000
PsFluSBW25_chrm01_circ_3998163	Pf_BP_2_D252_S26_L001-L004_merged	1	0.0022	0.0042	1.0000
PsFluSBW25_chrm01_circ_3998163	Pf_BP_2_D279_S59_L001-L004_merged	1	0.0024	0.0043	1.0000
PsFluSBW25_chrm01_circ_3998163	Pf_BP_2_D28_S12_L001-L004_merged	1	0.0000	0.0000	1.0000
PsFluSBW25_chrm01_circ_3998163	Pf_BP_2_D310_S5_L001-L004_merged	1	0.0000	0.0000	1.0000
PsFluSBW25_chrm01_circ_3998163	Pf_BP_2_D336_S38_L001-L004_merged	1	0.0008	0.0028	1.0000
PsFluSBW25_chrm01_circ_3998163	Pf_BP_2_D364_S71_L001-L004_merged	1	0.0000	0.0002	1.0000
PsFluSBW25_chrm01_circ_3998163	Pf_BP_2_D392_S101_L001-L004_merged	1	0.0000	0.0000	1.0000
PsFluSBW25_chrm01_circ_3998163	Pf_BP_2_D420_S50_L001-L004_merged	1	0.0000	0.0000	1.0000
PsFluSBW25_chrm01_circ_3998163	Pf_BP_2_D448_S83_L001-L004_merged	1	0.0000	0.0002	1.0000
PsFluSBW25_chrm01_circ_3998163	Pf_BP_2_D476_S62_L001-L004_merged	1	0.0101	0.0003	1.0000
PsFluSBW25_chrm01_circ_3998163	Pf_BP_2_D504_S161_L001-L004_merged	1	0.1945	0.0115	1.0000
PsFluSBW25_chrm01_circ_3998163	Pf_BP_2_D532_S126_L001-L004_merged	1	0.2764	0.0136	1.0000
PsFluSBW25_chrm01_circ_3998163	Pf_BP_2_D56_S56_L001-L004_merged	1	0.0001	0.0009	1.0000
PsFluSBW25_chrm01_circ_3998163	Pf_BP_2_D588_S86_L001-L004_merged	1	0.2343	0.0140	1.0000
PsFluSBW25_chrm01_circ_3998163	Pf_BP_2_D623_S104_L001-L004_merged	1	0.3405	0.0146	1.0000
PsFluSBW25_chrm01_circ_3998163	Pf_BP_2_D644_S152_L001-L004_merged	1	0.3255	0.0138	1.0000
PsFluSBW25_chrm01_circ_3998163	Pf_BP_2_D700_S177_L001-L004_merged	1	0.1105	0.0094	1.0000
PsFluSBW25_chrm01_circ_3998163	Pf_BP_2_D728_S118_L001-L004_merged	1	0.3473	0.0141	1.0000
PsFluSBW25_chrm01_circ_3998163	Pf_BP_2_D756_S154_L001-L004_merged	1	0.7050	0.0146	1.0000
PsFluSBW25_chrm01_circ_3998163	Pf_BP_2_D784_S95_L001-L004_merged	1	0.8554	0.0103	1.0000
PsFluSBW25_chrm01_circ_3998163	Pf_BP_2_D84_S2_L001-L004_merged	1	0.0000	0.0000	1.0000
PsFluSBW25_chrm01_circ_4117313	PS_Pf_r02_2017_01_09_L001	1	0.1761	0.0055	1.0000
PsFluSBW25_chrm01_circ_4117313	Pf_BP_2_D112_S35_L001-L004_merged	1	0.0000	0.0000	1.0000
PsFluSBW25_chrm01_circ_4117313	Pf_BP_2_D140_S68_L001-L004_merged	1	0.0000	0.0000	1.0000
PsFluSBW25_chrm01_circ_4117313	Pf_BP_2_D168_S14_L001-L004_merged	1	0.0000	0.0000	1.0000
PsFluSBW25_chrm01_circ_4117313	Pf_BP_2_D196_S47_L001-L004_merged	1	0.0000	0.0001	1.0000
PsFluSBW25_chrm01_circ_4117313	Pf_BP_2_D224_S80_L001-L004_merged	1	0.0000	0.0000	1.0000
PsFluSBW25_chrm01_circ_4117313	Pf_BP_2_D252_S26_L001-L004_merged	1	0.0022	0.0042	1.0000
PsFluSBW25_chrm01_circ_4117313	Pf_BP_2_D279_S59_L001-L004_merged	1	0.0024	0.0043	1.0000
PsFluSBW25_chrm01_circ_4117313	Pf_BP_2_D28_S12_L001-L004_merged	1	0.0000	0.0000	1.0000
PsFluSBW25_chrm01_circ_4117313	Pf_BP_2_D310_S5_L001-L004_merged	1	0.0000	0.0000	1.0000
PsFluSBW25_chrm01_circ_4117313	Pf_BP_2_D336_S38_L001-L004_merged	1	0.0008	0.0028	1.0000
PsFluSBW25_chrm01_circ_4117313	Pf_BP_2_D364_S71_L001-L004_merged	1	0.0000	0.0002	1.0000
PsFluSBW25_chrm01_circ_4117313	Pf_BP_2_D392_S101_L001-L004_merged	1	0.0000	0.0000	1.0000
PsFluSBW25_chrm01_circ_4117313	Pf_BP_2_D420_S50_L001-L004_merged	1	0.0000	0.0000	1.0000
PsFluSBW25_chrm01_circ_4117313	Pf_BP_2_D448_S83_L001-L004_merged	1	0.0000	0.0002	1.0000
PsFluSBW25_chrm01_circ_4117313	Pf_BP_2_D476_S62_L001-L004_merged	1	0.0101	0.0003	1.0000
PsFluSBW25_chrm01_circ_4117313	Pf_BP_2_D504_S161_L001-L004_merged	1	0.1945	0.0115	1.0000
PsFluSBW25_chrm01_circ_4117313	Pf_BP_2_D532_S126_L001-L004_merged	1	0.2764	0.0136	1.0000
PsFluSBW25_chrm01_circ_4117313	Pf_BP_2_D56_S56_L001-L004_merged	1	0.0001	0.0009	1.0000
PsFluSBW25_chrm01_circ_4117313	Pf_BP_2_D588_S86_L001-L004_merged	1	0.2343	0.0140	1.0000
PsFluSBW25_chrm01_circ_4117313	Pf_BP_2_D623_S104_L001-L004_merged	1	0.3405	0.0146	1.0000
PsFluSBW25_chrm01_circ_4117313	Pf_BP_2_D644_S152_L001-L004_merged	1	0.3255	0.0138	1.0000
PsFluSBW25_chrm01_circ_4117313	Pf_BP_2_D700_S177_L001-L004_merged	1	0.1105	0.0094	1.0000
PsFluSBW25_chrm01_circ_4117313	Pf_BP_2_D728_S118_L001-L004_merged	1	0.3473	0.0141	1.0000
PsFluSBW25_chrm01_circ_4117313	Pf_BP_2_D756_S154_L001-L004_merged	1	0.7050	0.0146	1.0000
PsFluSBW25_chrm01_circ_4117313	Pf_BP_2_D784_S95_L001-L004_merged	1	0.8554	0.0103	1.0000
PsFluSBW25_chrm01_circ_4117313	Pf_BP_2_D84_S2_L001-L004_merged	1	0.0000	0.0000	1.0000
PsFluSBW25_chrm01_circ_4245843	PS_Pf_r02_2017_01_09_L001	1	0.1761	0.0055	1.0000
PsFluSBW25_chrm01_circ_4245843	Pf_BP_2_D112_S35_L001-L004_merged	1	0.0000	0.0000	1.0000
PsFluSBW25_chrm01_circ_4245843	Pf_BP_2_D140_S68_L001-L004_merged	1	0.0000	0.0000	1.0000
PsFluSBW25_chrm01_circ_4245843	Pf_BP_2_D168_S14_L001-L004_merged	1	0.0000	0.0000	1.0000
PsFluSBW25_chrm01_circ_4245843	Pf_BP_2_D196_S47_L001-L004_merged	1	0.0000	0.0001	1.0000
PsFluSBW25_chrm01_circ_4245843	Pf_BP_2_D224_S80_L001-L004_merged	1	0.0000	0.0000	1.0000
PsFluSBW25_chrm01_circ_4245843	Pf_BP_2_D252_S26_L001-L004_merged	1	0.0022	0.0042	1.0000
PsFluSBW25_chrm01_circ_4245843	Pf_BP_2_D279_S59_L001-L004_merged	1	0.0024	0.0043	1.0000
PsFluSBW25_chrm01_circ_4245843	Pf_BP_2_D28_S12_L001-L004_merged	1	0.0000	0.0000	1.0000
PsFluSBW25_chrm01_circ_4245843	Pf_BP_2_D310_S5_L001-L004_merged	1	0.0000	0.0000	1.0000
PsFluSBW25_chrm01_circ_4245843	Pf_BP_2_D336_S38_L001-L004_merged	1	0.0008	0.0028	1.0000
PsFluSBW25_chrm01_circ_4245843	Pf_BP_2_D364_S71_L001-L004_merged	1	0.0000	0.0002	1.0000
PsFluSBW25_chrm01_circ_4245843	Pf_BP_2_D392_S101_L001-L004_merged	1	0.0000	0.0000	1.0000
PsFluSBW25_chrm01_circ_4245843	Pf_BP_2_D420_S50_L001-L004_merged	1	0.0000	0.0000	1.0000
PsFluSBW25_chrm01_circ_4245843	Pf_BP_2_D448_S83_L001-L004_merged	1	0.0000	0.0002	1.0000
PsFluSBW25_chrm01_circ_4245843	Pf_BP_2_D476_S62_L001-L004_merged	1	0.0101	0.0003	1.0000
PsFluSBW25_chrm01_circ_4245843	Pf_BP_2_D504_S161_L001-L004_merged	1	0.1945	0.0115	1.0000
PsFluSBW25_chrm01_circ_4245843	Pf_BP_2_D532_S126_L001-L004_merged	1	0.2764	0.0136	1.0000
PsFluSBW25_chrm01_circ_4245843	Pf_BP_2_D56_S56_L001-L004_merged	1	0.0001	0.0009	1.0000
PsFluSBW25_chrm01_circ_4245843	Pf_BP_2_D588_S86_L001-L004_merged	1	0.2343	0.0140	1.0000
PsFluSBW25_chrm01_circ_4245843	Pf_BP_2_D623_S104_L001-L004_merged	1	0.3405	0.0146	1.0000
PsFluSBW25_chrm01_circ_4245843	Pf_BP_2_D644_S152_L001-L004_merged	1	0.3255	0.0138	1.0000
PsFluSBW25_chrm01_circ_4245843	Pf_BP_2_D700_S177_L001-L004_merged	1	0.1105	0.0094	1.0000
PsFluSBW25_chrm01_circ_4245843	Pf_BP_2_D728_S118_L001-L004_merged	1	0.3473	0.0141	1.0000
PsFluSBW25_chrm01_circ_4245843	Pf_BP_2_D756_S154_L001-L004_merged	1	0.7050	0.0146	1.0000
PsFluSBW25_chrm01_circ_4245843	Pf_BP_2_D784_S95_L001-L004_merged	1	0.8554	0.0103	1.0000
PsFluSBW25_chrm01_circ_4245843	Pf_BP_2_D84_S2_L001-L004_merged	1	0.0000	0.0000	1.0000
PsFluSBW25_chrm01_circ_4290210	PS_Pf_r02_2017_01_09_L001	1	0.1761	0.0055	1.0000
PsFluSBW25_chrm01_circ_4290210	Pf_BP_2_D112_S35_L001-L004_merged	1	0.0000	0.0000	1.0000
PsFluSBW25_chrm01_circ_4290210	Pf_BP_2_D140_S68_L001-L004_merged	1	0.0000	0.0000	1.0000
PsFluSBW25_chrm01_circ_4290210	Pf_BP_2_D168_S14_L001-L004_merged	1	0.0000	0.0000	1.0000
PsFluSBW25_chrm01_circ_4290210	Pf_BP_2_D196_S47_L001-L004_merged	1	0.0000	0.0001	1.0000
PsFluSBW25_chrm01_circ_4290210	Pf_BP_2_D224_S80_L001-L004_merged	1	0.0000	0.0000	1.0000
PsFluSBW25_chrm01_circ_4290210	Pf_BP_2_D252_S26_L001-L004_merged	1	0.0022	0.0042	1.0000
PsFluSBW25_chrm01_circ_4290210	Pf_BP_2_D279_S59_L001-L004_merged	1	0.0024	0.0043	1.0000
PsFluSBW25_chrm01_circ_4290210	Pf_BP_2_D28_S12_L001-L004_merged	1	0.0000	0.0000	1.0000
PsFluSBW25_chrm01_circ_4290210	Pf_BP_2_D310_S5_L001-L004_merged	1	0.0000	0.0000	1.0000
PsFluSBW25_chrm01_circ_4290210	Pf_BP_2_D336_S38_L001-L004_merged	1	0.0008	0.0028	1.0000
PsFluSBW25_chrm01_circ_4290210	Pf_BP_2_D364_S71_L001-L004_merged	1	0.0000	0.0002	1.0000
PsFluSBW25_chrm01_circ_4290210	Pf_BP_2_D392_S101_L001-L004_merged	1	0.0000	0.0000	1.0000
PsFluSBW25_chrm01_circ_4290210	Pf_BP_2_D420_S50_L001-L004_merged	1	0.0000	0.0000	1.0000
PsFluSBW25_chrm01_circ_4290210	Pf_BP_2_D448_S83_L001-L004_merged	1	0.0000	0.0002	1.0000
PsFluSBW25_chrm01_circ_4290210	Pf_BP_2_D476_S62_L001-L004_merged	1	0.0101	0.0003	1.0000
PsFluSBW25_chrm01_circ_4290210	Pf_BP_2_D504_S161_L001-L004_merged	1	0.1945	0.0115	1.0000
PsFluSBW25_chrm01_circ_4290210	Pf_BP_2_D532_S126_L001-L004_merged	1	0.2764	0.0136	1.0000
PsFluSBW25_chrm01_circ_4290210	Pf_BP_2_D56_S56_L001-L004_merged	1	0.0001	0.0009	1.0000
PsFluSBW25_chrm01_circ_4290210	Pf_BP_2_D588_S86_L001-L004_merged	1	0.2343	0.0140	1.0000
PsFluSBW25_chrm01_circ_4290210	Pf_BP_2_D623_S104_L001-L004_merged	1	0.3405	0.0146	1.0000
PsFluSBW25_chrm01_circ_4290210	Pf_BP_2_D644_S152_L001-L004_merged	1	0.3255	0.0138	1.0000
PsFluSBW25_chrm01_circ_4290210	Pf_BP_2_D700_S177_L001-L004_merged	1	0.1105	0.0094	1.0000
PsFluSBW25_chrm01_circ_4290210	Pf_BP_2_D728_S118_L001-L004_merged	1	0.3473	0.0141	1.0000
PsFluSBW25_chrm01_circ_4290210	Pf_BP_2_D756_S154_L001-L004_merged	1	0.7050	0.0146	1.0000
PsFluSBW25_chrm01_circ_4290210	Pf_BP_2_D784_S95_L001-L004_merged	1	0.8554	0.0103	1.0000
PsFluSBW25_chrm01_circ_4290210	Pf_BP_2_D84_S2_L001-L004_merged	1	0.0000	0.0000	1.0000
PsFluSBW25_chrm01_circ_458541	PS_Pf_r02_2017_01_09_L001	1	0.1761	0.0055	1.0000
PsFluSBW25_chrm01_circ_458541	Pf_BP_2_D112_S35_L001-L004_merged	1	0.0000	0.0000	1.0000
PsFluSBW25_chrm01_circ_458541	Pf_BP_2_D140_S68_L001-L004_merged	1	0.0000	0.0000	1.0000
PsFluSBW25_chrm01_circ_458541	Pf_BP_2_D168_S14_L001-L004_merged	1	0.0000	0.0000	1.0000
PsFluSBW25_chrm01_circ_458541	Pf_BP_2_D196_S47_L001-L004_merged	1	0.0000	0.0001	1.0000
PsFluSBW25_chrm01_circ_458541	Pf_BP_2_D224_S80_L001-L004_merged	1	0.0000	0.0000	1.0000
PsFluSBW25_chrm01_circ_458541	Pf_BP_2_D252_S26_L001-L004_merged	1	0.0022	0.0042	1.0000
PsFluSBW25_chrm01_circ_458541	Pf_BP_2_D279_S59_L001-L004_merged	1	0.0024	0.0043	1.0000
PsFluSBW25_chrm01_circ_458541	Pf_BP_2_D28_S12_L001-L004_merged	1	0.0000	0.0000	1.0000
PsFluSBW25_chrm01_circ_458541	Pf_BP_2_D310_S5_L001-L004_merged	1	0.0000	0.0000	1.0000
PsFluSBW25_chrm01_circ_458541	Pf_BP_2_D336_S38_L001-L004_merged	1	0.0008	0.0028	1.0000
PsFluSBW25_chrm01_circ_458541	Pf_BP_2_D364_S71_L001-L004_merged	1	0.0000	0.0002	1.0000
PsFluSBW25_chrm01_circ_458541	Pf_BP_2_D392_S101_L001-L004_merged	1	0.0000	0.0000	1.0000
PsFluSBW25_chrm01_circ_458541	Pf_BP_2_D420_S50_L001-L004_merged	1	0.0000	0.0000	1.0000
PsFluSBW25_chrm01_circ_458541	Pf_BP_2_D448_S83_L001-L004_merged	1	0.0000	0.0002	1.0000
PsFluSBW25_chrm01_circ_458541	Pf_BP_2_D476_S62_L001-L004_merged	1	0.0101	0.0003	1.0000
PsFluSBW25_chrm01_circ_458541	Pf_BP_2_D504_S161_L001-L004_merged	1	0.1945	0.0115	1.0000
PsFluSBW25_chrm01_circ_458541	Pf_BP_2_D532_S126_L001-L004_merged	1	0.2764	0.0136	1.0000
PsFluSBW25_chrm01_circ_458541	Pf_BP_2_D56_S56_L001-L004_merged	1	0.0001	0.0009	1.0000
PsFluSBW25_chrm01_circ_458541	Pf_BP_2_D588_S86_L001-L004_merged	1	0.2343	0.0140	1.0000
PsFluSBW25_chrm01_circ_458541	Pf_BP_2_D623_S104_L001-L004_merged	1	0.3405	0.0146	1.0000
PsFluSBW25_chrm01_circ_458541	Pf_BP_2_D644_S152_L001-L004_merged	1	0.3255	0.0138	1.0000
PsFluSBW25_chrm01_circ_458541	Pf_BP_2_D700_S177_L001-L004_merged	1	0.1105	0.0094	1.0000
PsFluSBW25_chrm01_circ_458541	Pf_BP_2_D728_S118_L001-L004_merged	1	0.3473	0.0141	1.0000
PsFluSBW25_chrm01_circ_458541	Pf_BP_2_D756_S154_L001-L004_merged	1	0.7050	0.0146	1.0000
PsFluSBW25_chrm01_circ_458541	Pf_BP_2_D784_S95_L001-L004_merged	1	0.8554	0.0103	1.0000
PsFluSBW25_chrm01_circ_458541	Pf_BP_2_D84_S2_L001-L004_merged	1	0.0000	0.0000	1.0000
PsFluSBW25_chrm01_circ_4654397	PS_Pf_r02_2017_01_09_L001	1	0.1761	0.0055	1.0000
PsFluSBW25_chrm01_circ_4654397	Pf_BP_2_D112_S35_L001-L004_merged	1	0.0000	0.0000	1.0000
PsFluSBW25_chrm01_circ_4654397	Pf_BP_2_D140_S68_L001-L004_merged	1	0.0000	0.0000	1.0000
PsFluSBW25_chrm01_circ_4654397	Pf_BP_2_D168_S14_L001-L004_merged	1	0.0000	0.0000	1.0000
PsFluSBW25_chrm01_circ_4654397	Pf_BP_2_D196_S47_L001-L004_merged	1	0.0000	0.0001	1.0000
PsFluSBW25_chrm01_circ_4654397	Pf_BP_2_D224_S80_L001-L004_merged	1	0.0000	0.0000	1.0000
PsFluSBW25_chrm01_circ_4654397	Pf_BP_2_D252_S26_L001-L004_merged	1	0.0022	0.0042	1.0000
PsFluSBW25_chrm01_circ_4654397	Pf_BP_2_D279_S59_L001-L004_merged	1	0.0024	0.0043	1.0000
PsFluSBW25_chrm01_circ_4654397	Pf_BP_2_D28_S12_L001-L004_merged	1	0.0000	0.0000	1.0000
PsFluSBW25_chrm01_circ_4654397	Pf_BP_2_D310_S5_L001-L004_merged	1	0.0000	0.0000	1.0000
PsFluSBW25_chrm01_circ_4654397	Pf_BP_2_D336_S38_L001-L004_merged	1	0.0008	0.0028	1.0000
PsFluSBW25_chrm01_circ_4654397	Pf_BP_2_D364_S71_L001-L004_merged	1	0.0000	0.0002	1.0000
PsFluSBW25_chrm01_circ_4654397	Pf_BP_2_D392_S101_L001-L004_merged	1	0.0000	0.0000	1.0000
PsFluSBW25_chrm01_circ_4654397	Pf_BP_2_D420_S50_L001-L004_merged	1	0.0000	0.0000	1.0000
PsFluSBW25_chrm01_circ_4654397	Pf_BP_2_D448_S83_L001-L004_merged	1	0.0000	0.0002	1.0000
PsFluSBW25_chrm01_circ_4654397	Pf_BP_2_D476_S62_L001-L004_merged	1	0.0101	0.0003	1.0000
PsFluSBW25_chrm01_circ_4654397	Pf_BP_2_D504_S161_L001-L004_merged	1	0.1945	0.0115	1.0000
PsFluSBW25_chrm01_circ_4654397	Pf_BP_2_D532_S126_L001-L004_merged	1	0.2764	0.0136	1.0000
PsFluSBW25_chrm01_circ_4654397	Pf_BP_2_D56_S56_L001-L004_merged	1	0.0001	0.0009	1.0000
PsFluSBW25_chrm01_circ_4654397	Pf_BP_2_D588_S86_L001-L004_merged	1	0.2343	0.0140	1.0000
PsFluSBW25_chrm01_circ_4654397	Pf_BP_2_D623_S104_L001-L004_merged	1	0.3405	0.0146	1.0000
PsFluSBW25_chrm01_circ_4654397	Pf_BP_2_D644_S152_L001-L004_merged	1	0.3255	0.0138	1.0000
PsFluSBW25_chrm01_circ_4654397	Pf_BP_2_D700_S177_L001-L004_merged	1	0.1105	0.0094	1.0000
PsFluSBW25_chrm01_circ_4654397	Pf_BP_2_D728_S118_L001-L004_merged	1	0.3473	0.0141	1.0000
PsFluSBW25_chrm01_circ_4654397	Pf_BP_2_D756_S154_L001-L004_merged	1	0.7050	0.0146	1.0000
PsFluSBW25_chrm01_circ_4654397	Pf_BP_2_D784_S95_L001-L004_merged	1	0.8554	0.0103	1.0000
PsFluSBW25_chrm01_circ_4654397	Pf_BP_2_D84_S2_L001-L004_merged	1	0.0000	0.0000	1.0000
PsFluSBW25_chrm01_circ_4953318	PS_Pf_r02_2017_01_09_L001	1	0.1761	0.0055	1.0000
PsFluSBW25_chrm01_circ_4953318	Pf_BP_2_D112_S35_L001-L004_merged	1	0.0000	0.0000	1.0000
PsFluSBW25_chrm01_circ_4953318	Pf_BP_2_D140_S68_L001-L004_merged	1	0.0000	0.0000	1.0000
PsFluSBW25_chrm01_circ_4953318	Pf_BP_2_D168_S14_L001-L004_merged	1	0.0000	0.0000	1.0000
PsFluSBW25_chrm01_circ_4953318	Pf_BP_2_D196_S47_L001-L004_merged	1	0.0000	0.0001	1.0000
PsFluSBW25_chrm01_circ_4953318	Pf_BP_2_D224_S80_L001-L004_merged	1	0.0000	0.0000	1.0000
PsFluSBW25_chrm01_circ_4953318	Pf_BP_2_D252_S26_L001-L004_merged	1	0.0022	0.0042	1.0000
PsFluSBW25_chrm01_circ_4953318	Pf_BP_2_D279_S59_L001-L004_merged	1	0.0024	0.0043	1.0000
PsFluSBW25_chrm01_circ_4953318	Pf_BP_2_D28_S12_L001-L004_merged	1	0.0000	0.0000	1.0000
PsFluSBW25_chrm01_circ_4953318	Pf_BP_2_D310_S5_L001-L004_merged	1	0.0000	0.0000	1.0000
PsFluSBW25_chrm01_circ_4953318	Pf_BP_2_D336_S38_L001-L004_merged	1	0.0008	0.0028	1.0000
PsFluSBW25_chrm01_circ_4953318	Pf_BP_2_D364_S71_L001-L004_merged	1	0.0000	0.0002	1.0000
PsFluSBW25_chrm01_circ_4953318	Pf_BP_2_D392_S101_L001-L004_merged	1	0.0000	0.0000	1.0000
PsFluSBW25_chrm01_circ_4953318	Pf_BP_2_D420_S50_L001-L004_merged	1	0.0000	0.0000	1.0000
PsFluSBW25_chrm01_circ_4953318	Pf_BP_2_D448_S83_L001-L004_merged	1	0.0000	0.0002	1.0000
PsFluSBW25_chrm01_circ_4953318	Pf_BP_2_D476_S62_L001-L004_merged	1	0.0101	0.0003	1.0000
PsFluSBW25_chrm01_circ_4953318	Pf_BP_2_D504_S161_L001-L004_merged	1	0.1945	0.0115	1.0000
PsFluSBW25_chrm01_circ_4953318	Pf_BP_2_D532_S126_L001-L004_merged	1	0.2764	0.0136	1.0000
PsFluSBW25_chrm01_circ_4953318	Pf_BP_2_D56_S56_L001-L004_merged	1	0.0001	0.0009	1.0000
PsFluSBW25_chrm01_circ_4953318	Pf_BP_2_D588_S86_L001-L004_merged	1	0.2343	0.0140	1.0000
PsFluSBW25_chrm01_circ_4953318	Pf_BP_2_D623_S104_L001-L004_merged	1	0.3405	0.0146	1.0000
PsFluSBW25_chrm01_circ_4953318	Pf_BP_2_D644_S152_L001-L004_merged	1	0.3255	0.0138	1.0000
PsFluSBW25_chrm01_circ_4953318	Pf_BP_2_D700_S177_L001-L004_merged	1	0.1105	0.0094	1.0000
PsFluSBW25_chrm01_circ_4953318	Pf_BP_2_D728_S118_L001-L004_merged	1	0.3473	0.0141	1.0000
PsFluSBW25_chrm01_circ_4953318	Pf_BP_2_D756_S154_L001-L004_merged	1	0.7050	0.0146	1.0000
PsFluSBW25_chrm01_circ_4953318	Pf_BP_2_D784_S95_L001-L004_merged	1	0.8554	0.0103	1.0000
PsFluSBW25_chrm01_circ_4953318	Pf_BP_2_D84_S2_L001-L004_merged	1	0.0000	0.0000	1.0000
PsFluSBW25_chrm01_circ_5004849	PS_Pf_r02_2017_01_09_L001	1	0.1761	0.0055	1.0000
PsFluSBW25_chrm01_circ_5004849	Pf_BP_2_D112_S35_L001-L004_merged	1	0.0000	0.0000	1.0000
PsFluSBW25_chrm01_circ_5004849	Pf_BP_2_D140_S68_L001-L004_merged	1	0.0000	0.0000	1.0000
PsFluSBW25_chrm01_circ_5004849	Pf_BP_2_D168_S14_L001-L004_merged	1	0.0000	0.0000	1.0000
PsFluSBW25_chrm01_circ_5004849	Pf_BP_2_D196_S47_L001-L004_merged	1	0.0000	0.0001	1.0000
PsFluSBW25_chrm01_circ_5004849	Pf_BP_2_D224_S80_L001-L004_merged	1	0.0000	0.0000	1.0000
PsFluSBW25_chrm01_circ_5004849	Pf_BP_2_D252_S26_L001-L004_merged	1	0.0022	0.0042	1.0000
PsFluSBW25_chrm01_circ_5004849	Pf_BP_2_D279_S59_L001-L004_merged	1	0.0024	0.0043	1.0000
PsFluSBW25_chrm01_circ_5004849	Pf_BP_2_D28_S12_L001-L004_merged	1	0.0000	0.0000	1.0000
PsFluSBW25_chrm01_circ_5004849	Pf_BP_2_D310_S5_L001-L004_merged	1	0.0000	0.0000	1.0000
PsFluSBW25_chrm01_circ_5004849	Pf_BP_2_D336_S38_L001-L004_merged	1	0.0008	0.0028	1.0000
PsFluSBW25_chrm01_circ_5004849	Pf_BP_2_D364_S71_L001-L004_merged	1	0.0000	0.0002	1.0000
PsFluSBW25_chrm01_circ_5004849	Pf_BP_2_D392_S101_L001-L004_merged	1	0.0000	0.0000	1.0000
PsFluSBW25_chrm01_circ_5004849	Pf_BP_2_D420_S50_L001-L004_merged	1	0.0000	0.0000	1.0000
PsFluSBW25_chrm01_circ_5004849	Pf_BP_2_D448_S83_L001-L004_merged	1	0.0000	0.0002	1.0000
PsFluSBW25_chrm01_circ_5004849	Pf_BP_2_D476_S62_L001-L004_merged	1	0.0101	0.0003	1.0000
PsFluSBW25_chrm01_circ_5004849	Pf_BP_2_D504_S161_L001-L004_merged	1	0.1945	0.0115	1.0000
PsFluSBW25_chrm01_circ_5004849	Pf_BP_2_D532_S126_L001-L004_merged	1	0.2764	0.0136	1.0000
PsFluSBW25_chrm01_circ_5004849	Pf_BP_2_D56_S56_L001-L004_merged	1	0.0001	0.0009	1.0000
PsFluSBW25_chrm01_circ_5004849	Pf_BP_2_D588_S86_L001-L004_merged	1	0.2343	0.0140	1.0000
PsFluSBW25_chrm01_circ_5004849	Pf_BP_2_D623_S104_L001-L004_merged	1	0.3405	0.0146	1.0000
PsFluSBW25_chrm01_circ_5004849	Pf_BP_2_D644_S152_L001-L004_merged	1	0.3255	0.0138	1.0000
PsFluSBW25_chrm01_circ_5004849	Pf_BP_2_D700_S177_L001-L004_merged	1	0.1105	0.0094	1.0000
PsFluSBW25_chrm01_circ_5004849	Pf_BP_2_D728_S118_L001-L004_merged	1	0.3473	0.0141	1.0000
PsFluSBW25_chrm01_circ_5004849	Pf_BP_2_D756_S154_L001-L004_merged	1	0.7050	0.0146	1.0000
PsFluSBW25_chrm01_circ_5004849	Pf_BP_2_D784_S95_L001-L004_merged	1	0.8554	0.0103	1.0000
PsFluSBW25_chrm01_circ_5004849	Pf_BP_2_D84_S2_L001-L004_merged	1	0.0000	0.0000	1.0000
PsFluSBW25_chrm01_circ_5040198	PS_Pf_r02_2017_01_09_L001	1	0.1761	0.0055	1.0000
PsFluSBW25_chrm01_circ_5040198	Pf_BP_2_D112_S35_L001-L004_merged	1	0.0000	0.0000	1.0000
PsFluSBW25_chrm01_circ_5040198	Pf_BP_2_D140_S68_L001-L004_merged	1	0.0000	0.0000	1.0000
PsFluSBW25_chrm01_circ_5040198	Pf_BP_2_D168_S14_L001-L004_merged	1	0.0000	0.0000	1.0000
PsFluSBW25_chrm01_circ_5040198	Pf_BP_2_D196_S47_L001-L004_merged	1	0.0000	0.0001	1.0000
PsFluSBW25_chrm01_circ_5040198	Pf_BP_2_D224_S80_L001-L004_merged	1	0.0000	0.0000	1.0000
PsFluSBW25_chrm01_circ_5040198	Pf_BP_2_D252_S26_L001-L004_merged	1	0.0022	0.0042	1.0000
PsFluSBW25_chrm01_circ_5040198	Pf_BP_2_D279_S59_L001-L004_merged	1	0.0024	0.0043	1.0000
PsFluSBW25_chrm01_circ_5040198	Pf_BP_2_D28_S12_L001-L004_merged	1	0.0000	0.0000	1.0000
PsFluSBW25_chrm01_circ_5040198	Pf_BP_2_D310_S5_L001-L004_merged	1	0.0000	0.0000	1.0000
PsFluSBW25_chrm01_circ_5040198	Pf_BP_2_D336_S38_L001-L004_merged	1	0.0008	0.0028	1.0000
PsFluSBW25_chrm01_circ_5040198	Pf_BP_2_D364_S71_L001-L004_merged	1	0.0000	0.0002	1.0000
PsFluSBW25_chrm01_circ_5040198	Pf_BP_2_D392_S101_L001-L004_merged	1	0.0000	0.0000	1.0000
PsFluSBW25_chrm01_circ_5040198	Pf_BP_2_D420_S50_L001-L004_merged	1	0.0000	0.0000	1.0000
PsFluSBW25_chrm01_circ_5040198	Pf_BP_2_D448_S83_L001-L004_merged	1	0.0000	0.0002	1.0000
PsFluSBW25_chrm01_circ_5040198	Pf_BP_2_D476_S62_L001-L004_merged	1	0.0101	0.0003	1.0000
PsFluSBW25_chrm01_circ_5040198	Pf_BP_2_D504_S161_L001-L004_merged	1	0.1945	0.0115	1.0000
PsFluSBW25_chrm01_circ_5040198	Pf_BP_2_D532_S126_L001-L004_merged	1	0.2764	0.0136	1.0000
PsFluSBW25_chrm01_circ_5040198	Pf_BP_2_D56_S56_L001-L004_merged	1	0.0001	0.0009	1.0000
PsFluSBW25_chrm01_circ_5040198	Pf_BP_2_D588_S86_L001-L004_merged	1	0.2343	0.0140	1.0000
PsFluSBW25_chrm01_circ_5040198	Pf_BP_2_D623_S104_L001-L004_merged	1	0.3405	0.0146	1.0000
PsFluSBW25_chrm01_circ_5040198	Pf_BP_2_D644_S152_L001-L004_merged	1	0.3255	0.0138	1.0000
PsFluSBW25_chrm01_circ_5040198	Pf_BP_2_D700_S177_L001-L004_merged	1	0.1105	0.0094	1.0000
PsFluSBW25_chrm01_circ_5040198	Pf_BP_2_D728_S118_L001-L004_merged	1	0.3473	0.0141	1.0000
PsFluSBW25_chrm01_circ_5040198	Pf_BP_2_D756_S154_L001-L004_merged	1	0.7050	0.0146	1.0000
PsFluSBW25_chrm01_circ_5040198	Pf_BP_2_D784_S95_L001-L004_merged	1	0.8554	0.0103	1.0000
PsFluSBW25_chrm01_circ_5040198	Pf_BP_2_D84_S2_L001-L004_merged	1	0.0000	0.0000	1.0000
PsFluSBW25_chrm01_circ_5130595	PS_Pf_r02_2017_01_09_L001	1	0.1761	0.0055	1.0000
PsFluSBW25_chrm01_circ_5130595	Pf_BP_2_D112_S35_L001-L004_merged	1	0.0000	0.0000	1.0000
PsFluSBW25_chrm01_circ_5130595	Pf_BP_2_D140_S68_L001-L004_merged	1	0.0000	0.0000	1.0000
PsFluSBW25_chrm01_circ_5130595	Pf_BP_2_D168_S14_L001-L004_merged	1	0.0000	0.0000	1.0000
PsFluSBW25_chrm01_circ_5130595	Pf_BP_2_D196_S47_L001-L004_merged	1	0.0000	0.0001	1.0000
PsFluSBW25_chrm01_circ_5130595	Pf_BP_2_D224_S80_L001-L004_merged	1	0.0000	0.0000	1.0000
PsFluSBW25_chrm01_circ_5130595	Pf_BP_2_D252_S26_L001-L004_merged	1	0.0022	0.0042	1.0000
PsFluSBW25_chrm01_circ_5130595	Pf_BP_2_D279_S59_L001-L004_merged	1	0.0024	0.0043	1.0000
PsFluSBW25_chrm01_circ_5130595	Pf_BP_2_D28_S12_L001-L004_merged	1	0.0000	0.0000	1.0000
PsFluSBW25_chrm01_circ_5130595	Pf_BP_2_D310_S5_L001-L004_merged	1	0.0000	0.0000	1.0000
PsFluSBW25_chrm01_circ_5130595	Pf_BP_2_D336_S38_L001-L004_merged	1	0.0008	0.0028	1.0000
PsFluSBW25_chrm01_circ_5130595	Pf_BP_2_D364_S71_L001-L004_merged	1	0.0000	0.0002	1.0000
PsFluSBW25_chrm01_circ_5130595	Pf_BP_2_D392_S101_L001-L004_merged	1	0.0000	0.0000	1.0000
PsFluSBW25_chrm01_circ_5130595	Pf_BP_2_D420_S50_L001-L004_merged	1	0.0000	0.0000	1.0000
PsFluSBW25_chrm01_circ_5130595	Pf_BP_2_D448_S83_L001-L004_merged	1	0.0000	0.0002	1.0000
PsFluSBW25_chrm01_circ_5130595	Pf_BP_2_D476_S62_L001-L004_merged	1	0.0101	0.0003	1.0000
PsFluSBW25_chrm01_circ_5130595	Pf_BP_2_D504_S161_L001-L004_merged	1	0.1945	0.0115	1.0000
PsFluSBW25_chrm01_circ_5130595	Pf_BP_2_D532_S126_L001-L004_merged	1	0.2764	0.0136	1.0000
PsFluSBW25_chrm01_circ_5130595	Pf_BP_2_D56_S56_L001-L004_merged	1	0.0001	0.0009	1.0000
PsFluSBW25_chrm01_circ_5130595	Pf_BP_2_D588_S86_L001-L004_merged	1	0.2343	0.0140	1.0000
PsFluSBW25_chrm01_circ_5130595	Pf_BP_2_D623_S104_L001-L004_merged	1	0.3405	0.0146	1.0000
PsFluSBW25_chrm01_circ_5130595	Pf_BP_2_D644_S152_L001-L004_merged	1	0.3255	0.0138	1.0000
PsFluSBW25_chrm01_circ_5130595	Pf_BP_2_D700_S177_L001-L004_merged	1	0.1105	0.0094	1.0000
PsFluSBW25_chrm01_circ_5130595	Pf_BP_2_D728_S118_L001-L004_merged	1	0.3473	0.0141	1.0000
PsFluSBW25_chrm01_circ_5130595	Pf_BP_2_D756_S154_L001-L004_merged	1	0.7050	0.0146	1.0000
PsFluSBW25_chrm01_circ_5130595	Pf_BP_2_D784_S95_L001-L004_merged	1	0.8554	0.0103	1.0000
PsFluSBW25_chrm01_circ_5130595	Pf_BP_2_D84_S2_L001-L004_merged	1	0.0000	0.0000	1.0000
PsFluSBW25_chrm01_circ_5455427	PS_Pf_r02_2017_01_09_L001	1	0.1761	0.0055	1.0000
PsFluSBW25_chrm01_circ_5455427	Pf_BP_2_D112_S35_L001-L004_merged	1	0.0000	0.0000	1.0000
PsFluSBW25_chrm01_circ_5455427	Pf_BP_2_D140_S68_L001-L004_merged	1	0.0000	0.0000	1.0000
PsFluSBW25_chrm01_circ_5455427	Pf_BP_2_D168_S14_L001-L004_merged	1	0.0000	0.0000	1.0000
PsFluSBW25_chrm01_circ_5455427	Pf_BP_2_D196_S47_L001-L004_merged	1	0.0000	0.0001	1.0000
PsFluSBW25_chrm01_circ_5455427	Pf_BP_2_D224_S80_L001-L004_merged	1	0.0000	0.0000	1.0000
PsFluSBW25_chrm01_circ_5455427	Pf_BP_2_D252_S26_L001-L004_merged	1	0.0022	0.0042	1.0000
PsFluSBW25_chrm01_circ_5455427	Pf_BP_2_D279_S59_L001-L004_merged	1	0.0024	0.0043	1.0000
PsFluSBW25_chrm01_circ_5455427	Pf_BP_2_D28_S12_L001-L004_merged	1	0.0000	0.0000	1.0000
PsFluSBW25_chrm01_circ_5455427	Pf_BP_2_D310_S5_L001-L004_merged	1	0.0000	0.0000	1.0000
PsFluSBW25_chrm01_circ_5455427	Pf_BP_2_D336_S38_L001-L004_merged	1	0.0008	0.0028	1.0000
PsFluSBW25_chrm01_circ_5455427	Pf_BP_2_D364_S71_L001-L004_merged	1	0.0000	0.0002	1.0000
PsFluSBW25_chrm01_circ_5455427	Pf_BP_2_D392_S101_L001-L004_merged	1	0.0000	0.0000	1.0000
PsFluSBW25_chrm01_circ_5455427	Pf_BP_2_D420_S50_L001-L004_merged	1	0.0000	0.0000	1.0000
PsFluSBW25_chrm01_circ_5455427	Pf_BP_2_D448_S83_L001-L004_merged	1	0.0000	0.0002	1.0000
PsFluSBW25_chrm01_circ_5455427	Pf_BP_2_D476_S62_L001-L004_merged	1	0.0101	0.0003	1.0000
PsFluSBW25_chrm01_circ_5455427	Pf_BP_2_D504_S161_L001-L004_merged	1	0.1945	0.0115	1.0000
PsFluSBW25_chrm01_circ_5455427	Pf_BP_2_D532_S126_L001-L004_merged	1	0.2764	0.0136	1.0000
PsFluSBW25_chrm01_circ_5455427	Pf_BP_2_D56_S56_L001-L004_merged	1	0.0001	0.0009	1.0000
PsFluSBW25_chrm01_circ_5455427	Pf_BP_2_D588_S86_L001-L004_merged	1	0.2343	0.0140	1.0000
PsFluSBW25_chrm01_circ_5455427	Pf_BP_2_D623_S104_L001-L004_merged	1	0.3405	0.0146	1.0000
PsFluSBW25_chrm01_circ_5455427	Pf_BP_2_D644_S152_L001-L004_merged	1	0.3255	0.0138	1.0000
PsFluSBW25_chrm01_circ_5455427	Pf_BP_2_D700_S177_L001-L004_merged	1	0.1105	0.0094	1.0000
PsFluSBW25_chrm01_circ_5455427	Pf_BP_2_D728_S118_L001-L004_merged	1	0.3473	0.0141	1.0000
PsFluSBW25_chrm01_circ_5455427	Pf_BP_2_D756_S154_L001-L004_merged	1	0.7050	0.0146	1.0000
PsFluSBW25_chrm01_circ_5455427	Pf_BP_2_D784_S95_L001-L004_merged	1	0.8554	0.0103	1.0000
PsFluSBW25_chrm01_circ_5455427	Pf_BP_2_D84_S2_L001-L004_merged	1	0.0000	0.0000	1.0000
PsFluSBW25_chrm01_circ_5696321	PS_Pf_r02_2017_01_09_L001	1	0.1761	0.0055	1.0000
PsFluSBW25_chrm01_circ_5696321	Pf_BP_2_D112_S35_L001-L004_merged	1	0.0000	0.0000	1.0000
PsFluSBW25_chrm01_circ_5696321	Pf_BP_2_D140_S68_L001-L004_merged	1	0.0000	0.0000	1.0000
PsFluSBW25_chrm01_circ_5696321	Pf_BP_2_D168_S14_L001-L004_merged	1	0.0000	0.0000	1.0000
PsFluSBW25_chrm01_circ_5696321	Pf_BP_2_D196_S47_L001-L004_merged	1	0.0000	0.0001	1.0000
PsFluSBW25_chrm01_circ_5696321	Pf_BP_2_D224_S80_L001-L004_merged	1	0.0000	0.0000	1.0000
PsFluSBW25_chrm01_circ_5696321	Pf_BP_2_D252_S26_L001-L004_merged	1	0.0022	0.0042	1.0000
PsFluSBW25_chrm01_circ_5696321	Pf_BP_2_D279_S59_L001-L004_merged	1	0.0024	0.0043	1.0000
PsFluSBW25_chrm01_circ_5696321	Pf_BP_2_D28_S12_L001-L004_merged	1	0.0000	0.0000	1.0000
PsFluSBW25_chrm01_circ_5696321	Pf_BP_2_D310_S5_L001-L004_merged	1	0.0000	0.0000	1.0000
PsFluSBW25_chrm01_circ_5696321	Pf_BP_2_D336_S38_L001-L004_merged	1	0.0008	0.0028	1.0000
PsFluSBW25_chrm01_circ_5696321	Pf_BP_2_D364_S71_L001-L004_merged	1	0.0000	0.0002	1.0000
PsFluSBW25_chrm01_circ_5696321	Pf_BP_2_D392_S101_L001-L004_merged	1	0.0000	0.0000	1.0000
PsFluSBW25_chrm01_circ_5696321	Pf_BP_2_D420_S50_L001-L004_merged	1	0.0000	0.0000	1.0000
PsFluSBW25_chrm01_circ_5696321	Pf_BP_2_D448_S83_L001-L004_merged	1	0.0000	0.0002	1.0000
PsFluSBW25_chrm01_circ_5696321	Pf_BP_2_D476_S62_L001-L004_merged	1	0.0101	0.0003	1.0000
PsFluSBW25_chrm01_circ_5696321	Pf_BP_2_D504_S161_L001-L004_merged	1	0.1945	0.0115	1.0000
PsFluSBW25_chrm01_circ_5696321	Pf_BP_2_D532_S126_L001-L004_merged	1	0.2764	0.0136	1.0000
PsFluSBW25_chrm01_circ_5696321	Pf_BP_2_D56_S56_L001-L004_merged	1	0.0001	0.0009	1.0000
PsFluSBW25_chrm01_circ_5696321	Pf_BP_2_D588_S86_L001-L004_merged	1	0.2343	0.0140	1.0000
PsFluSBW25_chrm01_circ_5696321	Pf_BP_2_D623_S104_L001-L004_merged	1	0.3405	0.0146	1.0000
PsFluSBW25_chrm01_circ_5696321	Pf_BP_2_D644_S152_L001-L004_merged	1	0.3255	0.0138	1.0000
PsFluSBW25_chrm01_circ_5696321	Pf_BP_2_D700_S177_L001-L004_merged	1	0.1105	0.0094	1.0000
PsFluSBW25_chrm01_circ_5696321	Pf_BP_2_D728_S118_L001-L004_merged	1	0.3473	0.0141	1.0000
PsFluSBW25_chrm01_circ_5696321	Pf_BP_2_D756_S154_L001-L004_merged	1	0.7050	0.0146	1.0000
PsFluSBW25_chrm01_circ_5696321	Pf_BP_2_D784_S95_L001-L004_merged	1	0.8554	0.0103	1.0000
PsFluSBW25_chrm01_circ_5696321	Pf_BP_2_D84_S2_L001-L004_merged	1	0.0000	0.0000	1.0000
PsFluSBW25_chrm01_circ_5906267	PS_Pf_r02_2017_01_09_L001	1	0.1761	0.0055	1.0000
PsFluSBW25_chrm01_circ_5906267	Pf_BP_2_D112_S35_L001-L004_merged	1	0.0000	0.0000	1.0000
PsFluSBW25_chrm01_circ_5906267	Pf_BP_2_D140_S68_L001-L004_merged	1	0.0000	0.0000	1.0000
PsFluSBW25_chrm01_circ_5906267	Pf_BP_2_D168_S14_L001-L004_merged	1	0.0000	0.0000	1.0000
PsFluSBW25_chrm01_circ_5906267	Pf_BP_2_D196_S47_L001-L004_merged	1	0.0000	0.0001	1.0000
PsFluSBW25_chrm01_circ_5906267	Pf_BP_2_D224_S80_L001-L004_merged	1	0.0000	0.0000	1.0000
PsFluSBW25_chrm01_circ_5906267	Pf_BP_2_D252_S26_L001-L004_merged	1	0.0022	0.0042	1.0000
PsFluSBW25_chrm01_circ_5906267	Pf_BP_2_D279_S59_L001-L004_merged	1	0.0024	0.0043	1.0000
PsFluSBW25_chrm01_circ_5906267	Pf_BP_2_D28_S12_L001-L004_merged	1	0.0000	0.0000	1.0000
PsFluSBW25_chrm01_circ_5906267	Pf_BP_2_D310_S5_L001-L004_merged	1	0.0000	0.0000	1.0000
PsFluSBW25_chrm01_circ_5906267	Pf_BP_2_D336_S38_L001-L004_merged	1	0.0008	0.0028	1.0000
PsFluSBW25_chrm01_circ_5906267	Pf_BP_2_D364_S71_L001-L004_merged	1	0.0000	0.0002	1.0000
PsFluSBW25_chrm01_circ_5906267	Pf_BP_2_D392_S101_L001-L004_merged	1	0.0000	0.0000	1.0000
PsFluSBW25_chrm01_circ_5906267	Pf_BP_2_D420_S50_L001-L004_merged	1	0.0000	0.0000	1.0000
PsFluSBW25_chrm01_circ_5906267	Pf_BP_2_D448_S83_L001-L004_merged	1	0.0000	0.0002	1.0000
PsFluSBW25_chrm01_circ_5906267	Pf_BP_2_D476_S62_L001-L004_merged	1	0.0101	0.0003	1.0000
PsFluSBW25_chrm01_circ_5906267	Pf_BP_2_D504_S161_L001-L004_merged	1	0.1945	0.0115	1.0000
PsFluSBW25_chrm01_circ_5906267	Pf_BP_2_D532_S126_L001-L004_merged	1	0.2764	0.0136	1.0000
PsFluSBW25_chrm01_circ_5906267	Pf_BP_2_D56_S56_L001-L004_merged	1	0.0001	0.0009	1.0000
PsFluSBW25_chrm01_circ_5906267	Pf_BP_2_D588_S86_L001-L004_merged	1	0.2343	0.0140	1.0000
PsFluSBW25_chrm01_circ_5906267	Pf_BP_2_D623_S104_L001-L004_merged	1	0.3405	0.0146	1.0000
PsFluSBW25_chrm01_circ_5906267	Pf_BP_2_D644_S152_L001-L004_merged	1	0.3255	0.0138	1.0000
PsFluSBW25_chrm01_circ_5906267	Pf_BP_2_D700_S177_L001-L004_merged	1	0.1105	0.0094	1.0000
PsFluSBW25_chrm01_circ_5906267	Pf_BP_2_D728_S118_L001-L004_merged	1	0.3473	0.0141	1.0000
PsFluSBW25_chrm01_circ_5906267	Pf_BP_2_D756_S154_L001-L004_merged	1	0.7050	0.0146	1.0000
PsFluSBW25_chrm01_circ_5906267	Pf_BP_2_D784_S95_L001-L004_merged	1	0.8554	0.0103	1.0000
PsFluSBW25_chrm01_circ_5906267	Pf_BP_2_D84_S2_L001-L004_merged	1	0.0000	0.0000	1.0000
PsFluSBW25_chrm01_circ_591159	PS_Pf_r02_2017_01_09_L001	1	0.1761	0.0055	1.0000
PsFluSBW25_chrm01_circ_591159	Pf_BP_2_D112_S35_L001-L004_merged	1	0.0000	0.0000	1.0000
PsFluSBW25_chrm01_circ_591159	Pf_BP_2_D140_S68_L001-L004_merged	1	0.0000	0.0000	1.0000
PsFluSBW25_chrm01_circ_591159	Pf_BP_2_D168_S14_L001-L004_merged	1	0.0000	0.0000	1.0000
PsFluSBW25_chrm01_circ_591159	Pf_BP_2_D196_S47_L001-L004_merged	1	0.0000	0.0001	1.0000
PsFluSBW25_chrm01_circ_591159	Pf_BP_2_D224_S80_L001-L004_merged	1	0.0000	0.0000	1.0000
PsFluSBW25_chrm01_circ_591159	Pf_BP_2_D252_S26_L001-L004_merged	1	0.0022	0.0042	1.0000
PsFluSBW25_chrm01_circ_591159	Pf_BP_2_D279_S59_L001-L004_merged	1	0.0024	0.0043	1.0000
PsFluSBW25_chrm01_circ_591159	Pf_BP_2_D28_S12_L001-L004_merged	1	0.0000	0.0000	1.0000
PsFluSBW25_chrm01_circ_591159	Pf_BP_2_D310_S5_L001-L004_merged	1	0.0000	0.0000	1.0000
PsFluSBW25_chrm01_circ_591159	Pf_BP_2_D336_S38_L001-L004_merged	1	0.0008	0.0028	1.0000
PsFluSBW25_chrm01_circ_591159	Pf_BP_2_D364_S71_L001-L004_merged	1	0.0000	0.0002	1.0000
PsFluSBW25_chrm01_circ_591159	Pf_BP_2_D392_S101_L001-L004_merged	1	0.0000	0.0000	1.0000
PsFluSBW25_chrm01_circ_591159	Pf_BP_2_D420_S50_L001-L004_merged	1	0.0000	0.0000	1.0000
PsFluSBW25_chrm01_circ_591159	Pf_BP_2_D448_S83_L001-L004_merged	1	0.0000	0.0002	1.0000
PsFluSBW25_chrm01_circ_591159	Pf_BP_2_D476_S62_L001-L004_merged	1	0.0101	0.0003	1.0000
PsFluSBW25_chrm01_circ_591159	Pf_BP_2_D504_S161_L001-L004_merged	1	0.1945	0.0115	1.0000
PsFluSBW25_chrm01_circ_591159	Pf_BP_2_D532_S126_L001-L004_merged	1	0.2764	0.0136	1.0000
PsFluSBW25_chrm01_circ_591159	Pf_BP_2_D56_S56_L001-L004_merged	1	0.0001	0.0009	1.0000
PsFluSBW25_chrm01_circ_591159	Pf_BP_2_D588_S86_L001-L004_merged	1	0.2343	0.0140	1.0000
PsFluSBW25_chrm01_circ_591159	Pf_BP_2_D623_S104_L001-L004_merged	1	0.3405	0.0146	1.0000
PsFluSBW25_chrm01_circ_591159	Pf_BP_2_D644_S152_L001-L004_merged	1	0.3255	0.0138	1.0000
PsFluSBW25_chrm01_circ_591159	Pf_BP_2_D700_S177_L001-L004_merged	1	0.1105	0.0094	1.0000
PsFluSBW25_chrm01_circ_591159	Pf_BP_2_D728_S118_L001-L004_merged	1	0.3473	0.0141	1.0000
PsFluSBW25_chrm01_circ_591159	Pf_BP_2_D756_S154_L001-L004_merged	1	0.7050	0.0146	1.0000
PsFluSBW25_chrm01_circ_591159	Pf_BP_2_D784_S95_L001-L004_merged	1	0.8554	0.0103	1.0000
PsFluSBW25_chrm01_circ_591159	Pf_BP_2_D84_S2_L001-L004_merged	1	0.0000	0.0000	1.0000
PsFluSBW25_chrm01_circ_5962083	PS_Pf_r02_2017_01_09_L001	1	0.1761	0.0055	1.0000
PsFluSBW25_chrm01_circ_5962083	Pf_BP_2_D112_S35_L001-L004_merged	1	0.0000	0.0000	1.0000
PsFluSBW25_chrm01_circ_5962083	Pf_BP_2_D140_S68_L001-L004_merged	1	0.0000	0.0000	1.0000
PsFluSBW25_chrm01_circ_5962083	Pf_BP_2_D168_S14_L001-L004_merged	1	0.0000	0.0000	1.0000
PsFluSBW25_chrm01_circ_5962083	Pf_BP_2_D196_S47_L001-L004_merged	1	0.0000	0.0001	1.0000
PsFluSBW25_chrm01_circ_5962083	Pf_BP_2_D224_S80_L001-L004_merged	1	0.0000	0.0000	1.0000
PsFluSBW25_chrm01_circ_5962083	Pf_BP_2_D252_S26_L001-L004_merged	1	0.0022	0.0042	1.0000
PsFluSBW25_chrm01_circ_5962083	Pf_BP_2_D279_S59_L001-L004_merged	1	0.0024	0.0043	1.0000
PsFluSBW25_chrm01_circ_5962083	Pf_BP_2_D28_S12_L001-L004_merged	1	0.0000	0.0000	1.0000
PsFluSBW25_chrm01_circ_5962083	Pf_BP_2_D310_S5_L001-L004_merged	1	0.0000	0.0000	1.0000
PsFluSBW25_chrm01_circ_5962083	Pf_BP_2_D336_S38_L001-L004_merged	1	0.0008	0.0028	1.0000
PsFluSBW25_chrm01_circ_5962083	Pf_BP_2_D364_S71_L001-L004_merged	1	0.0000	0.0002	1.0000
PsFluSBW25_chrm01_circ_5962083	Pf_BP_2_D392_S101_L001-L004_merged	1	0.0000	0.0000	1.0000
PsFluSBW25_chrm01_circ_5962083	Pf_BP_2_D420_S50_L001-L004_merged	1	0.0000	0.0000	1.0000
PsFluSBW25_chrm01_circ_5962083	Pf_BP_2_D448_S83_L001-L004_merged	1	0.0000	0.0002	1.0000
PsFluSBW25_chrm01_circ_5962083	Pf_BP_2_D476_S62_L001-L004_merged	1	0.0101	0.0003	1.0000
PsFluSBW25_chrm01_circ_5962083	Pf_BP_2_D504_S161_L001-L004_merged	1	0.1945	0.0115	1.0000
PsFluSBW25_chrm01_circ_5962083	Pf_BP_2_D532_S126_L001-L004_merged	1	0.2764	0.0136	1.0000
PsFluSBW25_chrm01_circ_5962083	Pf_BP_2_D56_S56_L001-L004_merged	1	0.0001	0.0009	1.0000
PsFluSBW25_chrm01_circ_5962083	Pf_BP_2_D588_S86_L001-L004_merged	1	0.2343	0.0140	1.0000
PsFluSBW25_chrm01_circ_5962083	Pf_BP_2_D623_S104_L001-L004_merged	1	0.3405	0.0146	1.0000
PsFluSBW25_chrm01_circ_5962083	Pf_BP_2_D644_S152_L001-L004_merged	1	0.3255	0.0138	1.0000
PsFluSBW25_chrm01_circ_5962083	Pf_BP_2_D700_S177_L001-L004_merged	1	0.1105	0.0094	1.0000
PsFluSBW25_chrm01_circ_5962083	Pf_BP_2_D728_S118_L001-L004_merged	1	0.3473	0.0141	1.0000
PsFluSBW25_chrm01_circ_5962083	Pf_BP_2_D756_S154_L001-L004_merged	1	0.7050	0.0146	1.0000
PsFluSBW25_chrm01_circ_5962083	Pf_BP_2_D784_S95_L001-L004_merged	1	0.8554	0.0103	1.0000
PsFluSBW25_chrm01_circ_5962083	Pf_BP_2_D84_S2_L001-L004_merged	1	0.0000	0.0000	1.0000
PsFluSBW25_chrm01_circ_6123567	PS_Pf_r02_2017_01_09_L001	1	0.1761	0.0055	1.0000
PsFluSBW25_chrm01_circ_6123567	Pf_BP_2_D112_S35_L001-L004_merged	1	0.0000	0.0000	1.0000
PsFluSBW25_chrm01_circ_6123567	Pf_BP_2_D140_S68_L001-L004_merged	1	0.0000	0.0000	1.0000
PsFluSBW25_chrm01_circ_6123567	Pf_BP_2_D168_S14_L001-L004_merged	1	0.0000	0.0000	1.0000
PsFluSBW25_chrm01_circ_6123567	Pf_BP_2_D196_S47_L001-L004_merged	1	0.0000	0.0001	1.0000
PsFluSBW25_chrm01_circ_6123567	Pf_BP_2_D224_S80_L001-L004_merged	1	0.0000	0.0000	1.0000
PsFluSBW25_chrm01_circ_6123567	Pf_BP_2_D252_S26_L001-L004_merged	1	0.0022	0.0042	1.0000
PsFluSBW25_chrm01_circ_6123567	Pf_BP_2_D279_S59_L001-L004_merged	1	0.0024	0.0043	1.0000
PsFluSBW25_chrm01_circ_6123567	Pf_BP_2_D28_S12_L001-L004_merged	1	0.0000	0.0000	1.0000
PsFluSBW25_chrm01_circ_6123567	Pf_BP_2_D310_S5_L001-L004_merged	1	0.0000	0.0000	1.0000
PsFluSBW25_chrm01_circ_6123567	Pf_BP_2_D336_S38_L001-L004_merged	1	0.0008	0.0028	1.0000
PsFluSBW25_chrm01_circ_6123567	Pf_BP_2_D364_S71_L001-L004_merged	1	0.0000	0.0002	1.0000
PsFluSBW25_chrm01_circ_6123567	Pf_BP_2_D392_S101_L001-L004_merged	1	0.0000	0.0000	1.0000
PsFluSBW25_chrm01_circ_6123567	Pf_BP_2_D420_S50_L001-L004_merged	1	0.0000	0.0000	1.0000
PsFluSBW25_chrm01_circ_6123567	Pf_BP_2_D448_S83_L001-L004_merged	1	0.0000	0.0002	1.0000
PsFluSBW25_chrm01_circ_6123567	Pf_BP_2_D476_S62_L001-L004_merged	1	0.0101	0.0003	1.0000
PsFluSBW25_chrm01_circ_6123567	Pf_BP_2_D504_S161_L001-L004_merged	1	0.1945	0.0115	1.0000
PsFluSBW25_chrm01_circ_6123567	Pf_BP_2_D532_S126_L001-L004_merged	1	0.2764	0.0136	1.0000
PsFluSBW25_chrm01_circ_6123567	Pf_BP_2_D56_S56_L001-L004_merged	1	0.0001	0.0009	1.0000
PsFluSBW25_chrm01_circ_6123567	Pf_BP_2_D588_S86_L001-L004_merged	1	0.2343	0.0140	1.0000
PsFluSBW25_chrm01_circ_6123567	Pf_BP_2_D623_S104_L001-L004_merged	1	0.3405	0.0146	1.0000
PsFluSBW25_chrm01_circ_6123567	Pf_BP_2_D644_S152_L001-L004_merged	1	0.3255	0.0138	1.0000
PsFluSBW25_chrm01_circ_6123567	Pf_BP_2_D700_S177_L001-L004_merged	1	0.1105	0.0094	1.0000
PsFluSBW25_chrm01_circ_6123567	Pf_BP_2_D728_S118_L001-L004_merged	1	0.3473	0.0141	1.0000
PsFluSBW25_chrm01_circ_6123567	Pf_BP_2_D756_S154_L001-L004_merged	1	0.7050	0.0146	1.0000
PsFluSBW25_chrm01_circ_6123567	Pf_BP_2_D784_S95_L001-L004_merged	1	0.8554	0.0103	1.0000
PsFluSBW25_chrm01_circ_6123567	Pf_BP_2_D84_S2_L001-L004_merged	1	0.0000	0.0000	1.0000
PsFluSBW25_chrm01_circ_6475686	PS_Pf_r02_2017_01_09_L001	1	0.1761	0.0055	1.0000
PsFluSBW25_chrm01_circ_6475686	Pf_BP_2_D112_S35_L001-L004_merged	1	0.0000	0.0000	1.0000
PsFluSBW25_chrm01_circ_6475686	Pf_BP_2_D140_S68_L001-L004_merged	1	0.0000	0.0000	1.0000
PsFluSBW25_chrm01_circ_6475686	Pf_BP_2_D168_S14_L001-L004_merged	1	0.0000	0.0000	1.0000
PsFluSBW25_chrm01_circ_6475686	Pf_BP_2_D196_S47_L001-L004_merged	1	0.0000	0.0001	1.0000
PsFluSBW25_chrm01_circ_6475686	Pf_BP_2_D224_S80_L001-L004_merged	1	0.0000	0.0000	1.0000
PsFluSBW25_chrm01_circ_6475686	Pf_BP_2_D252_S26_L001-L004_merged	1	0.0022	0.0042	1.0000
PsFluSBW25_chrm01_circ_6475686	Pf_BP_2_D279_S59_L001-L004_merged	1	0.0024	0.0043	1.0000
PsFluSBW25_chrm01_circ_6475686	Pf_BP_2_D28_S12_L001-L004_merged	1	0.0000	0.0000	1.0000
PsFluSBW25_chrm01_circ_6475686	Pf_BP_2_D310_S5_L001-L004_merged	1	0.0000	0.0000	1.0000
PsFluSBW25_chrm01_circ_6475686	Pf_BP_2_D336_S38_L001-L004_merged	1	0.0008	0.0028	1.0000
PsFluSBW25_chrm01_circ_6475686	Pf_BP_2_D364_S71_L001-L004_merged	1	0.0000	0.0002	1.0000
PsFluSBW25_chrm01_circ_6475686	Pf_BP_2_D392_S101_L001-L004_merged	1	0.0000	0.0000	1.0000
PsFluSBW25_chrm01_circ_6475686	Pf_BP_2_D420_S50_L001-L004_merged	1	0.0000	0.0000	1.0000
PsFluSBW25_chrm01_circ_6475686	Pf_BP_2_D448_S83_L001-L004_merged	1	0.0000	0.0002	1.0000
PsFluSBW25_chrm01_circ_6475686	Pf_BP_2_D476_S62_L001-L004_merged	1	0.0101	0.0003	1.0000
PsFluSBW25_chrm01_circ_6475686	Pf_BP_2_D504_S161_L001-L004_merged	1	0.1945	0.0115	1.0000
PsFluSBW25_chrm01_circ_6475686	Pf_BP_2_D532_S126_L001-L004_merged	1	0.2764	0.0136	1.0000
PsFluSBW25_chrm01_circ_6475686	Pf_BP_2_D56_S56_L001-L004_merged	1	0.0001	0.0009	1.0000
PsFluSBW25_chrm01_circ_6475686	Pf_BP_2_D588_S86_L001-L004_merged	1	0.2343	0.0140	1.0000
PsFluSBW25_chrm01_circ_6475686	Pf_BP_2_D623_S104_L001-L004_merged	1	0.3405	0.0146	1.0000
PsFluSBW25_chrm01_circ_6475686	Pf_BP_2_D644_S152_L001-L004_merged	1	0.3255	0.0138	1.0000
PsFluSBW25_chrm01_circ_6475686	Pf_BP_2_D700_S177_L001-L004_merged	1	0.1105	0.0094	1.0000
PsFluSBW25_chrm01_circ_6475686	Pf_BP_2_D728_S118_L001-L004_merged	1	0.3473	0.0141	1.0000
PsFluSBW25_chrm01_circ_6475686	Pf_BP_2_D756_S154_L001-L004_merged	1	0.7050	0.0146	1.0000
PsFluSBW25_chrm01_circ_6475686	Pf_BP_2_D784_S95_L001-L004_merged	1	0.8554	0.0103	1.0000
PsFluSBW25_chrm01_circ_6475686	Pf_BP_2_D84_S2_L001-L004_merged	1	0.0000	0.0000	1.0000
PsFluSBW25_chrm01_circ_6578316	PS_Pf_r02_2017_01_09_L001	1	0.1761	0.0055	1.0000
PsFluSBW25_chrm01_circ_6578316	Pf_BP_2_D112_S35_L001-L004_merged	1	0.0000	0.0000	1.0000
PsFluSBW25_chrm01_circ_6578316	Pf_BP_2_D140_S68_L001-L004_merged	1	0.0000	0.0000	1.0000
PsFluSBW25_chrm01_circ_6578316	Pf_BP_2_D168_S14_L001-L004_merged	1	0.0000	0.0000	1.0000
PsFluSBW25_chrm01_circ_6578316	Pf_BP_2_D196_S47_L001-L004_merged	1	0.0000	0.0001	1.0000
PsFluSBW25_chrm01_circ_6578316	Pf_BP_2_D224_S80_L001-L004_merged	1	0.0000	0.0000	1.0000
PsFluSBW25_chrm01_circ_6578316	Pf_BP_2_D252_S26_L001-L004_merged	1	0.0022	0.0042	1.0000
PsFluSBW25_chrm01_circ_6578316	Pf_BP_2_D279_S59_L001-L004_merged	1	0.0024	0.0043	1.0000
PsFluSBW25_chrm01_circ_6578316	Pf_BP_2_D28_S12_L001-L004_merged	1	0.0000	0.0000	1.0000
PsFluSBW25_chrm01_circ_6578316	Pf_BP_2_D310_S5_L001-L004_merged	1	0.0000	0.0000	1.0000
PsFluSBW25_chrm01_circ_6578316	Pf_BP_2_D336_S38_L001-L004_merged	1	0.0008	0.0028	1.0000
PsFluSBW25_chrm01_circ_6578316	Pf_BP_2_D364_S71_L001-L004_merged	1	0.0000	0.0002	1.0000
PsFluSBW25_chrm01_circ_6578316	Pf_BP_2_D392_S101_L001-L004_merged	1	0.0000	0.0000	1.0000
PsFluSBW25_chrm01_circ_6578316	Pf_BP_2_D420_S50_L001-L004_merged	1	0.0000	0.0000	1.0000
PsFluSBW25_chrm01_circ_6578316	Pf_BP_2_D448_S83_L001-L004_merged	1	0.0000	0.0002	1.0000
PsFluSBW25_chrm01_circ_6578316	Pf_BP_2_D476_S62_L001-L004_merged	1	0.0101	0.0003	1.0000
PsFluSBW25_chrm01_circ_6578316	Pf_BP_2_D504_S161_L001-L004_merged	1	0.1945	0.0115	1.0000
PsFluSBW25_chrm01_circ_6578316	Pf_BP_2_D532_S126_L001-L004_merged	1	0.2764	0.0136	1.0000
PsFluSBW25_chrm01_circ_6578316	Pf_BP_2_D56_S56_L001-L004_merged	1	0.0001	0.0009	1.0000
PsFluSBW25_chrm01_circ_6578316	Pf_BP_2_D588_S86_L001-L004_merged	1	0.2343	0.0140	1.0000
PsFluSBW25_chrm01_circ_6578316	Pf_BP_2_D623_S104_L001-L004_merged	1	0.3405	0.0146	1.0000
PsFluSBW25_chrm01_circ_6578316	Pf_BP_2_D644_S152_L001-L004_merged	1	0.3255	0.0138	1.0000
PsFluSBW25_chrm01_circ_6578316	Pf_BP_2_D700_S177_L001-L004_merged	1	0.1105	0.0094	1.0000
PsFluSBW25_chrm01_circ_6578316	Pf_BP_2_D728_S118_L001-L004_merged	1	0.3473	0.0141	1.0000
PsFluSBW25_chrm01_circ_6578316	Pf_BP_2_D756_S154_L001-L004_merged	1	0.7050	0.0146	1.0000
PsFluSBW25_chrm01_circ_6578316	Pf_BP_2_D784_S95_L001-L004_merged	1	0.8554	0.0103	1.0000
PsFluSBW25_chrm01_circ_6578316	Pf_BP_2_D84_S2_L001-L004_merged	1	0.0000	0.0000	1.0000
PsFluSBW25_chrm01_circ_1184544	PS_Pf_r02_2017_01_09_L001	2	0.0202	0.0007	1.0000
PsFluSBW25_chrm01_circ_1184544	Pf_BP_2_D112_S35_L001-L004_merged	2	0.0217	0.0076	1.0000
PsFluSBW25_chrm01_circ_1184544	Pf_BP_2_D140_S68_L001-L004_merged	2	0.0240	0.0064	1.0000
PsFluSBW25_chrm01_circ_1184544	Pf_BP_2_D168_S14_L001-L004_merged	2	0.0273	0.0072	1.0000
PsFluSBW25_chrm01_circ_1184544	Pf_BP_2_D196_S47_L001-L004_merged	2	0.0184	0.0068	1.0000
PsFluSBW25_chrm01_circ_1184544	Pf_BP_2_D224_S80_L001-L004_merged	2	0.0230	0.0064	1.0000
PsFluSBW25_chrm01_circ_1184544	Pf_BP_2_D252_S26_L001-L004_merged	2	0.0174	0.0072	1.0000
PsFluSBW25_chrm01_circ_1184544	Pf_BP_2_D279_S59_L001-L004_merged	2	0.0142	0.0067	1.0000
PsFluSBW25_chrm01_circ_1184544	Pf_BP_2_D28_S12_L001-L004_merged	2	0.0052	0.0053	1.0000
PsFluSBW25_chrm01_circ_1184544	Pf_BP_2_D310_S5_L001-L004_merged	2	0.0223	0.0056	1.0000
PsFluSBW25_chrm01_circ_1184544	Pf_BP_2_D336_S38_L001-L004_merged	2	0.0150	0.0058	1.0000
PsFluSBW25_chrm01_circ_1184544	Pf_BP_2_D364_S71_L001-L004_merged	2	0.0221	0.0069	1.0000
PsFluSBW25_chrm01_circ_1184544	Pf_BP_2_D392_S101_L001-L004_merged	2	0.0215	0.0067	1.0000
PsFluSBW25_chrm01_circ_1184544	Pf_BP_2_D420_S50_L001-L004_merged	2	0.0193	0.0067	1.0000
PsFluSBW25_chrm01_circ_1184544	Pf_BP_2_D448_S83_L001-L004_merged	2	0.0149	0.0061	1.0000
PsFluSBW25_chrm01_circ_1184544	Pf_BP_2_D476_S62_L001-L004_merged	2	0.0245	0.0068	1.0000
PsFluSBW25_chrm01_circ_1184544	Pf_BP_2_D504_S161_L001-L004_merged	2	0.0164	0.0066	1.0000
PsFluSBW25_chrm01_circ_1184544	Pf_BP_2_D532_S126_L001-L004_merged	2	0.0143	0.0060	1.0000
PsFluSBW25_chrm01_circ_1184544	Pf_BP_2_D56_S56_L001-L004_merged	2	0.0245	0.0084	1.0000
PsFluSBW25_chrm01_circ_1184544	Pf_BP_2_D588_S86_L001-L004_merged	2	0.0326	0.0097	1.0000
PsFluSBW25_chrm01_circ_1184544	Pf_BP_2_D623_S104_L001-L004_merged	2	0.0303	0.0091	1.0000
PsFluSBW25_chrm01_circ_1184544	Pf_BP_2_D644_S152_L001-L004_merged	2	0.0354	0.0092	1.0000
PsFluSBW25_chrm01_circ_1184544	Pf_BP_2_D700_S177_L001-L004_merged	2	0.0277	0.0080	1.0000
PsFluSBW25_chrm01_circ_1184544	Pf_BP_2_D728_S118_L001-L004_merged	2	0.0267	0.0079	1.0000
PsFluSBW25_chrm01_circ_1184544	Pf_BP_2_D756_S154_L001-L004_merged	2	0.0384	0.0101	1.0000
PsFluSBW25_chrm01_circ_1184544	Pf_BP_2_D784_S95_L001-L004_merged	2	0.0333	0.0086	1.0000
PsFluSBW25_chrm01_circ_1184544	Pf_BP_2_D84_S2_L001-L004_merged	2	0.0380	0.0086	1.0000
PsFluSBW25_chrm01_circ_1262799	PS_Pf_r02_2017_01_09_L001	2	0.0202	0.0007	0.9907
PsFluSBW25_chrm01_circ_1262799	Pf_BP_2_D112_S35_L001-L004_merged	2	0.0217	0.0076	0.9907
PsFluSBW25_chrm01_circ_1262799	Pf_BP_2_D140_S68_L001-L004_merged	2	0.0240	0.0064	0.9907
PsFluSBW25_chrm01_circ_1262799	Pf_BP_2_D168_S14_L001-L004_merged	2	0.0273	0.0072	0.9907
PsFluSBW25_chrm01_circ_1262799	Pf_BP_2_D196_S47_L001-L004_merged	2	0.0184	0.0068	0.9907
PsFluSBW25_chrm01_circ_1262799	Pf_BP_2_D224_S80_L001-L004_merged	2	0.0230	0.0064	0.9907
PsFluSBW25_chrm01_circ_1262799	Pf_BP_2_D252_S26_L001-L004_merged	2	0.0174	0.0072	0.9907
PsFluSBW25_chrm01_circ_1262799	Pf_BP_2_D279_S59_L001-L004_merged	2	0.0142	0.0067	0.9907
PsFluSBW25_chrm01_circ_1262799	Pf_BP_2_D28_S12_L001-L004_merged	2	0.0052	0.0053	0.9907
PsFluSBW25_chrm01_circ_1262799	Pf_BP_2_D310_S5_L001-L004_merged	2	0.0223	0.0056	0.9907
PsFluSBW25_chrm01_circ_1262799	Pf_BP_2_D336_S38_L001-L004_merged	2	0.0150	0.0058	0.9907
PsFluSBW25_chrm01_circ_1262799	Pf_BP_2_D364_S71_L001-L004_merged	2	0.0221	0.0069	0.9907
PsFluSBW25_chrm01_circ_1262799	Pf_BP_2_D392_S101_L001-L004_merged	2	0.0215	0.0067	0.9907
PsFluSBW25_chrm01_circ_1262799	Pf_BP_2_D420_S50_L001-L004_merged	2	0.0193	0.0067	0.9907
PsFluSBW25_chrm01_circ_1262799	Pf_BP_2_D448_S83_L001-L004_merged	2	0.0149	0.0061	0.9907
PsFluSBW25_chrm01_circ_1262799	Pf_BP_2_D476_S62_L001-L004_merged	2	0.0245	0.0068	0.9907
PsFluSBW25_chrm01_circ_1262799	Pf_BP_2_D504_S161_L001-L004_merged	2	0.0164	0.0066	0.9907
PsFluSBW25_chrm01_circ_1262799	Pf_BP_2_D532_S126_L001-L004_merged	2	0.0143	0.0060	0.9907
PsFluSBW25_chrm01_circ_1262799	Pf_BP_2_D56_S56_L001-L004_merged	2	0.0245	0.0084	0.9907
PsFluSBW25_chrm01_circ_1262799	Pf_BP_2_D588_S86_L001-L004_merged	2	0.0326	0.0097	0.9907
PsFluSBW25_chrm01_circ_1262799	Pf_BP_2_D623_S104_L001-L004_merged	2	0.0303	0.0091	0.9907
PsFluSBW25_chrm01_circ_1262799	Pf_BP_2_D644_S152_L001-L004_merged	2	0.0354	0.0092	0.9907
PsFluSBW25_chrm01_circ_1262799	Pf_BP_2_D700_S177_L001-L004_merged	2	0.0277	0.0080	0.9907
PsFluSBW25_chrm01_circ_1262799	Pf_BP_2_D728_S118_L001-L004_merged	2	0.0267	0.0079	0.9907
PsFluSBW25_chrm01_circ_1262799	Pf_BP_2_D756_S154_L001-L004_merged	2	0.0384	0.0101	0.9907
PsFluSBW25_chrm01_circ_1262799	Pf_BP_2_D784_S95_L001-L004_merged	2	0.0333	0.0086	0.9907
PsFluSBW25_chrm01_circ_1262799	Pf_BP_2_D84_S2_L001-L004_merged	2	0.0380	0.0086	0.9907
PsFluSBW25_chrm01_circ_1287817	PS_Pf_r02_2017_01_09_L001	2	0.0202	0.0007	1.0000
PsFluSBW25_chrm01_circ_1287817	Pf_BP_2_D112_S35_L001-L004_merged	2	0.0217	0.0076	1.0000
PsFluSBW25_chrm01_circ_1287817	Pf_BP_2_D140_S68_L001-L004_merged	2	0.0240	0.0064	1.0000
PsFluSBW25_chrm01_circ_1287817	Pf_BP_2_D168_S14_L001-L004_merged	2	0.0273	0.0072	1.0000
PsFluSBW25_chrm01_circ_1287817	Pf_BP_2_D196_S47_L001-L004_merged	2	0.0184	0.0068	1.0000
PsFluSBW25_chrm01_circ_1287817	Pf_BP_2_D224_S80_L001-L004_merged	2	0.0230	0.0064	1.0000
PsFluSBW25_chrm01_circ_1287817	Pf_BP_2_D252_S26_L001-L004_merged	2	0.0174	0.0072	1.0000
PsFluSBW25_chrm01_circ_1287817	Pf_BP_2_D279_S59_L001-L004_merged	2	0.0142	0.0067	1.0000
PsFluSBW25_chrm01_circ_1287817	Pf_BP_2_D28_S12_L001-L004_merged	2	0.0052	0.0053	1.0000
PsFluSBW25_chrm01_circ_1287817	Pf_BP_2_D310_S5_L001-L004_merged	2	0.0223	0.0056	1.0000
PsFluSBW25_chrm01_circ_1287817	Pf_BP_2_D336_S38_L001-L004_merged	2	0.0150	0.0058	1.0000
PsFluSBW25_chrm01_circ_1287817	Pf_BP_2_D364_S71_L001-L004_merged	2	0.0221	0.0069	1.0000
PsFluSBW25_chrm01_circ_1287817	Pf_BP_2_D392_S101_L001-L004_merged	2	0.0215	0.0067	1.0000
PsFluSBW25_chrm01_circ_1287817	Pf_BP_2_D420_S50_L001-L004_merged	2	0.0193	0.0067	1.0000
PsFluSBW25_chrm01_circ_1287817	Pf_BP_2_D448_S83_L001-L004_merged	2	0.0149	0.0061	1.0000
PsFluSBW25_chrm01_circ_1287817	Pf_BP_2_D476_S62_L001-L004_merged	2	0.0245	0.0068	1.0000
PsFluSBW25_chrm01_circ_1287817	Pf_BP_2_D504_S161_L001-L004_merged	2	0.0164	0.0066	1.0000
PsFluSBW25_chrm01_circ_1287817	Pf_BP_2_D532_S126_L001-L004_merged	2	0.0143	0.0060	1.0000
PsFluSBW25_chrm01_circ_1287817	Pf_BP_2_D56_S56_L001-L004_merged	2	0.0245	0.0084	1.0000
PsFluSBW25_chrm01_circ_1287817	Pf_BP_2_D588_S86_L001-L004_merged	2	0.0326	0.0097	1.0000
PsFluSBW25_chrm01_circ_1287817	Pf_BP_2_D623_S104_L001-L004_merged	2	0.0303	0.0091	1.0000
PsFluSBW25_chrm01_circ_1287817	Pf_BP_2_D644_S152_L001-L004_merged	2	0.0354	0.0092	1.0000
PsFluSBW25_chrm01_circ_1287817	Pf_BP_2_D700_S177_L001-L004_merged	2	0.0277	0.0080	1.0000
PsFluSBW25_chrm01_circ_1287817	Pf_BP_2_D728_S118_L001-L004_merged	2	0.0267	0.0079	1.0000
PsFluSBW25_chrm01_circ_1287817	Pf_BP_2_D756_S154_L001-L004_merged	2	0.0384	0.0101	1.0000
PsFluSBW25_chrm01_circ_1287817	Pf_BP_2_D784_S95_L001-L004_merged	2	0.0333	0.0086	1.0000
PsFluSBW25_chrm01_circ_1287817	Pf_BP_2_D84_S2_L001-L004_merged	2	0.0380	0.0086	1.0000
PsFluSBW25_chrm01_circ_1389636	PS_Pf_r02_2017_01_09_L001	2	0.0202	0.0007	1.0000
PsFluSBW25_chrm01_circ_1389636	Pf_BP_2_D112_S35_L001-L004_merged	2	0.0217	0.0076	1.0000
PsFluSBW25_chrm01_circ_1389636	Pf_BP_2_D140_S68_L001-L004_merged	2	0.0240	0.0064	1.0000
PsFluSBW25_chrm01_circ_1389636	Pf_BP_2_D168_S14_L001-L004_merged	2	0.0273	0.0072	1.0000
PsFluSBW25_chrm01_circ_1389636	Pf_BP_2_D196_S47_L001-L004_merged	2	0.0184	0.0068	1.0000
PsFluSBW25_chrm01_circ_1389636	Pf_BP_2_D224_S80_L001-L004_merged	2	0.0230	0.0064	1.0000
PsFluSBW25_chrm01_circ_1389636	Pf_BP_2_D252_S26_L001-L004_merged	2	0.0174	0.0072	1.0000
PsFluSBW25_chrm01_circ_1389636	Pf_BP_2_D279_S59_L001-L004_merged	2	0.0142	0.0067	1.0000
PsFluSBW25_chrm01_circ_1389636	Pf_BP_2_D28_S12_L001-L004_merged	2	0.0052	0.0053	1.0000
PsFluSBW25_chrm01_circ_1389636	Pf_BP_2_D310_S5_L001-L004_merged	2	0.0223	0.0056	1.0000
PsFluSBW25_chrm01_circ_1389636	Pf_BP_2_D336_S38_L001-L004_merged	2	0.0150	0.0058	1.0000
PsFluSBW25_chrm01_circ_1389636	Pf_BP_2_D364_S71_L001-L004_merged	2	0.0221	0.0069	1.0000
PsFluSBW25_chrm01_circ_1389636	Pf_BP_2_D392_S101_L001-L004_merged	2	0.0215	0.0067	1.0000
PsFluSBW25_chrm01_circ_1389636	Pf_BP_2_D420_S50_L001-L004_merged	2	0.0193	0.0067	1.0000
PsFluSBW25_chrm01_circ_1389636	Pf_BP_2_D448_S83_L001-L004_merged	2	0.0149	0.0061	1.0000
PsFluSBW25_chrm01_circ_1389636	Pf_BP_2_D476_S62_L001-L004_merged	2	0.0245	0.0068	1.0000
PsFluSBW25_chrm01_circ_1389636	Pf_BP_2_D504_S161_L001-L004_merged	2	0.0164	0.0066	1.0000
PsFluSBW25_chrm01_circ_1389636	Pf_BP_2_D532_S126_L001-L004_merged	2	0.0143	0.0060	1.0000
PsFluSBW25_chrm01_circ_1389636	Pf_BP_2_D56_S56_L001-L004_merged	2	0.0245	0.0084	1.0000
PsFluSBW25_chrm01_circ_1389636	Pf_BP_2_D588_S86_L001-L004_merged	2	0.0326	0.0097	1.0000
PsFluSBW25_chrm01_circ_1389636	Pf_BP_2_D623_S104_L001-L004_merged	2	0.0303	0.0091	1.0000
PsFluSBW25_chrm01_circ_1389636	Pf_BP_2_D644_S152_L001-L004_merged	2	0.0354	0.0092	1.0000
PsFluSBW25_chrm01_circ_1389636	Pf_BP_2_D700_S177_L001-L004_merged	2	0.0277	0.0080	1.0000
PsFluSBW25_chrm01_circ_1389636	Pf_BP_2_D728_S118_L001-L004_merged	2	0.0267	0.0079	1.0000
PsFluSBW25_chrm01_circ_1389636	Pf_BP_2_D756_S154_L001-L004_merged	2	0.0384	0.0101	1.0000
PsFluSBW25_chrm01_circ_1389636	Pf_BP_2_D784_S95_L001-L004_merged	2	0.0333	0.0086	1.0000
PsFluSBW25_chrm01_circ_1389636	Pf_BP_2_D84_S2_L001-L004_merged	2	0.0380	0.0086	1.0000
PsFluSBW25_chrm01_circ_1406381	PS_Pf_r02_2017_01_09_L001	2	0.0202	0.0007	0.9987
PsFluSBW25_chrm01_circ_1406381	Pf_BP_2_D112_S35_L001-L004_merged	2	0.0217	0.0076	0.9987
PsFluSBW25_chrm01_circ_1406381	Pf_BP_2_D140_S68_L001-L004_merged	2	0.0240	0.0064	0.9987
PsFluSBW25_chrm01_circ_1406381	Pf_BP_2_D168_S14_L001-L004_merged	2	0.0273	0.0072	0.9987
PsFluSBW25_chrm01_circ_1406381	Pf_BP_2_D196_S47_L001-L004_merged	2	0.0184	0.0068	0.9987
PsFluSBW25_chrm01_circ_1406381	Pf_BP_2_D224_S80_L001-L004_merged	2	0.0230	0.0064	0.9987
PsFluSBW25_chrm01_circ_1406381	Pf_BP_2_D252_S26_L001-L004_merged	2	0.0174	0.0072	0.9987
PsFluSBW25_chrm01_circ_1406381	Pf_BP_2_D279_S59_L001-L004_merged	2	0.0142	0.0067	0.9987
PsFluSBW25_chrm01_circ_1406381	Pf_BP_2_D28_S12_L001-L004_merged	2	0.0052	0.0053	0.9987
PsFluSBW25_chrm01_circ_1406381	Pf_BP_2_D310_S5_L001-L004_merged	2	0.0223	0.0056	0.9987
PsFluSBW25_chrm01_circ_1406381	Pf_BP_2_D336_S38_L001-L004_merged	2	0.0150	0.0058	0.9987
PsFluSBW25_chrm01_circ_1406381	Pf_BP_2_D364_S71_L001-L004_merged	2	0.0221	0.0069	0.9987
PsFluSBW25_chrm01_circ_1406381	Pf_BP_2_D392_S101_L001-L004_merged	2	0.0215	0.0067	0.9987
PsFluSBW25_chrm01_circ_1406381	Pf_BP_2_D420_S50_L001-L004_merged	2	0.0193	0.0067	0.9987
PsFluSBW25_chrm01_circ_1406381	Pf_BP_2_D448_S83_L001-L004_merged	2	0.0149	0.0061	0.9987
PsFluSBW25_chrm01_circ_1406381	Pf_BP_2_D476_S62_L001-L004_merged	2	0.0245	0.0068	0.9987
PsFluSBW25_chrm01_circ_1406381	Pf_BP_2_D504_S161_L001-L004_merged	2	0.0164	0.0066	0.9987
PsFluSBW25_chrm01_circ_1406381	Pf_BP_2_D532_S126_L001-L004_merged	2	0.0143	0.0060	0.9987
PsFluSBW25_chrm01_circ_1406381	Pf_BP_2_D56_S56_L001-L004_merged	2	0.0245	0.0084	0.9987
PsFluSBW25_chrm01_circ_1406381	Pf_BP_2_D588_S86_L001-L004_merged	2	0.0326	0.0097	0.9987
PsFluSBW25_chrm01_circ_1406381	Pf_BP_2_D623_S104_L001-L004_merged	2	0.0303	0.0091	0.9987
PsFluSBW25_chrm01_circ_1406381	Pf_BP_2_D644_S152_L001-L004_merged	2	0.0354	0.0092	0.9987
PsFluSBW25_chrm01_circ_1406381	Pf_BP_2_D700_S177_L001-L004_merged	2	0.0277	0.0080	0.9987
PsFluSBW25_chrm01_circ_1406381	Pf_BP_2_D728_S118_L001-L004_merged	2	0.0267	0.0079	0.9987
PsFluSBW25_chrm01_circ_1406381	Pf_BP_2_D756_S154_L001-L004_merged	2	0.0384	0.0101	0.9987
PsFluSBW25_chrm01_circ_1406381	Pf_BP_2_D784_S95_L001-L004_merged	2	0.0333	0.0086	0.9987
PsFluSBW25_chrm01_circ_1406381	Pf_BP_2_D84_S2_L001-L004_merged	2	0.0380	0.0086	0.9987
PsFluSBW25_chrm01_circ_1620123	PS_Pf_r02_2017_01_09_L001	2	0.0202	0.0007	0.9954
PsFluSBW25_chrm01_circ_1620123	Pf_BP_2_D112_S35_L001-L004_merged	2	0.0217	0.0076	0.9954
PsFluSBW25_chrm01_circ_1620123	Pf_BP_2_D140_S68_L001-L004_merged	2	0.0240	0.0064	0.9954
PsFluSBW25_chrm01_circ_1620123	Pf_BP_2_D168_S14_L001-L004_merged	2	0.0273	0.0072	0.9954
PsFluSBW25_chrm01_circ_1620123	Pf_BP_2_D196_S47_L001-L004_merged	2	0.0184	0.0068	0.9954
PsFluSBW25_chrm01_circ_1620123	Pf_BP_2_D224_S80_L001-L004_merged	2	0.0230	0.0064	0.9954
PsFluSBW25_chrm01_circ_1620123	Pf_BP_2_D252_S26_L001-L004_merged	2	0.0174	0.0072	0.9954
PsFluSBW25_chrm01_circ_1620123	Pf_BP_2_D279_S59_L001-L004_merged	2	0.0142	0.0067	0.9954
PsFluSBW25_chrm01_circ_1620123	Pf_BP_2_D28_S12_L001-L004_merged	2	0.0052	0.0053	0.9954
PsFluSBW25_chrm01_circ_1620123	Pf_BP_2_D310_S5_L001-L004_merged	2	0.0223	0.0056	0.9954
PsFluSBW25_chrm01_circ_1620123	Pf_BP_2_D336_S38_L001-L004_merged	2	0.0150	0.0058	0.9954
PsFluSBW25_chrm01_circ_1620123	Pf_BP_2_D364_S71_L001-L004_merged	2	0.0221	0.0069	0.9954
PsFluSBW25_chrm01_circ_1620123	Pf_BP_2_D392_S101_L001-L004_merged	2	0.0215	0.0067	0.9954
PsFluSBW25_chrm01_circ_1620123	Pf_BP_2_D420_S50_L001-L004_merged	2	0.0193	0.0067	0.9954
PsFluSBW25_chrm01_circ_1620123	Pf_BP_2_D448_S83_L001-L004_merged	2	0.0149	0.0061	0.9954
PsFluSBW25_chrm01_circ_1620123	Pf_BP_2_D476_S62_L001-L004_merged	2	0.0245	0.0068	0.9954
PsFluSBW25_chrm01_circ_1620123	Pf_BP_2_D504_S161_L001-L004_merged	2	0.0164	0.0066	0.9954
PsFluSBW25_chrm01_circ_1620123	Pf_BP_2_D532_S126_L001-L004_merged	2	0.0143	0.0060	0.9954
PsFluSBW25_chrm01_circ_1620123	Pf_BP_2_D56_S56_L001-L004_merged	2	0.0245	0.0084	0.9954
PsFluSBW25_chrm01_circ_1620123	Pf_BP_2_D588_S86_L001-L004_merged	2	0.0326	0.0097	0.9954
PsFluSBW25_chrm01_circ_1620123	Pf_BP_2_D623_S104_L001-L004_merged	2	0.0303	0.0091	0.9954
PsFluSBW25_chrm01_circ_1620123	Pf_BP_2_D644_S152_L001-L004_merged	2	0.0354	0.0092	0.9954
PsFluSBW25_chrm01_circ_1620123	Pf_BP_2_D700_S177_L001-L004_merged	2	0.0277	0.0080	0.9954
PsFluSBW25_chrm01_circ_1620123	Pf_BP_2_D728_S118_L001-L004_merged	2	0.0267	0.0079	0.9954
PsFluSBW25_chrm01_circ_1620123	Pf_BP_2_D756_S154_L001-L004_merged	2	0.0384	0.0101	0.9954
PsFluSBW25_chrm01_circ_1620123	Pf_BP_2_D784_S95_L001-L004_merged	2	0.0333	0.0086	0.9954
PsFluSBW25_chrm01_circ_1620123	Pf_BP_2_D84_S2_L001-L004_merged	2	0.0380	0.0086	0.9954
PsFluSBW25_chrm01_circ_1620204	PS_Pf_r02_2017_01_09_L001	2	0.0202	0.0007	0.9991
PsFluSBW25_chrm01_circ_1620204	Pf_BP_2_D112_S35_L001-L004_merged	2	0.0217	0.0076	0.9991
PsFluSBW25_chrm01_circ_1620204	Pf_BP_2_D140_S68_L001-L004_merged	2	0.0240	0.0064	0.9991
PsFluSBW25_chrm01_circ_1620204	Pf_BP_2_D168_S14_L001-L004_merged	2	0.0273	0.0072	0.9991
PsFluSBW25_chrm01_circ_1620204	Pf_BP_2_D196_S47_L001-L004_merged	2	0.0184	0.0068	0.9991
PsFluSBW25_chrm01_circ_1620204	Pf_BP_2_D224_S80_L001-L004_merged	2	0.0230	0.0064	0.9991
PsFluSBW25_chrm01_circ_1620204	Pf_BP_2_D252_S26_L001-L004_merged	2	0.0174	0.0072	0.9991
PsFluSBW25_chrm01_circ_1620204	Pf_BP_2_D279_S59_L001-L004_merged	2	0.0142	0.0067	0.9991
PsFluSBW25_chrm01_circ_1620204	Pf_BP_2_D28_S12_L001-L004_merged	2	0.0052	0.0053	0.9991
PsFluSBW25_chrm01_circ_1620204	Pf_BP_2_D310_S5_L001-L004_merged	2	0.0223	0.0056	0.9991
PsFluSBW25_chrm01_circ_1620204	Pf_BP_2_D336_S38_L001-L004_merged	2	0.0150	0.0058	0.9991
PsFluSBW25_chrm01_circ_1620204	Pf_BP_2_D364_S71_L001-L004_merged	2	0.0221	0.0069	0.9991
PsFluSBW25_chrm01_circ_1620204	Pf_BP_2_D392_S101_L001-L004_merged	2	0.0215	0.0067	0.9991
PsFluSBW25_chrm01_circ_1620204	Pf_BP_2_D420_S50_L001-L004_merged	2	0.0193	0.0067	0.9991
PsFluSBW25_chrm01_circ_1620204	Pf_BP_2_D448_S83_L001-L004_merged	2	0.0149	0.0061	0.9991
PsFluSBW25_chrm01_circ_1620204	Pf_BP_2_D476_S62_L001-L004_merged	2	0.0245	0.0068	0.9991
PsFluSBW25_chrm01_circ_1620204	Pf_BP_2_D504_S161_L001-L004_merged	2	0.0164	0.0066	0.9991
PsFluSBW25_chrm01_circ_1620204	Pf_BP_2_D532_S126_L001-L004_merged	2	0.0143	0.0060	0.9991
PsFluSBW25_chrm01_circ_1620204	Pf_BP_2_D56_S56_L001-L004_merged	2	0.0245	0.0084	0.9991
PsFluSBW25_chrm01_circ_1620204	Pf_BP_2_D588_S86_L001-L004_merged	2	0.0326	0.0097	0.9991
PsFluSBW25_chrm01_circ_1620204	Pf_BP_2_D623_S104_L001-L004_merged	2	0.0303	0.0091	0.9991
PsFluSBW25_chrm01_circ_1620204	Pf_BP_2_D644_S152_L001-L004_merged	2	0.0354	0.0092	0.9991
PsFluSBW25_chrm01_circ_1620204	Pf_BP_2_D700_S177_L001-L004_merged	2	0.0277	0.0080	0.9991
PsFluSBW25_chrm01_circ_1620204	Pf_BP_2_D728_S118_L001-L004_merged	2	0.0267	0.0079	0.9991
PsFluSBW25_chrm01_circ_1620204	Pf_BP_2_D756_S154_L001-L004_merged	2	0.0384	0.0101	0.9991
PsFluSBW25_chrm01_circ_1620204	Pf_BP_2_D784_S95_L001-L004_merged	2	0.0333	0.0086	0.9991
PsFluSBW25_chrm01_circ_1620204	Pf_BP_2_D84_S2_L001-L004_merged	2	0.0380	0.0086	0.9991
PsFluSBW25_chrm01_circ_1723037	PS_Pf_r02_2017_01_09_L001	2	0.0202	0.0007	1.0000
PsFluSBW25_chrm01_circ_1723037	Pf_BP_2_D112_S35_L001-L004_merged	2	0.0217	0.0076	1.0000
PsFluSBW25_chrm01_circ_1723037	Pf_BP_2_D140_S68_L001-L004_merged	2	0.0240	0.0064	1.0000
PsFluSBW25_chrm01_circ_1723037	Pf_BP_2_D168_S14_L001-L004_merged	2	0.0273	0.0072	1.0000
PsFluSBW25_chrm01_circ_1723037	Pf_BP_2_D196_S47_L001-L004_merged	2	0.0184	0.0068	1.0000
PsFluSBW25_chrm01_circ_1723037	Pf_BP_2_D224_S80_L001-L004_merged	2	0.0230	0.0064	1.0000
PsFluSBW25_chrm01_circ_1723037	Pf_BP_2_D252_S26_L001-L004_merged	2	0.0174	0.0072	1.0000
PsFluSBW25_chrm01_circ_1723037	Pf_BP_2_D279_S59_L001-L004_merged	2	0.0142	0.0067	1.0000
PsFluSBW25_chrm01_circ_1723037	Pf_BP_2_D28_S12_L001-L004_merged	2	0.0052	0.0053	1.0000
PsFluSBW25_chrm01_circ_1723037	Pf_BP_2_D310_S5_L001-L004_merged	2	0.0223	0.0056	1.0000
PsFluSBW25_chrm01_circ_1723037	Pf_BP_2_D336_S38_L001-L004_merged	2	0.0150	0.0058	1.0000
PsFluSBW25_chrm01_circ_1723037	Pf_BP_2_D364_S71_L001-L004_merged	2	0.0221	0.0069	1.0000
PsFluSBW25_chrm01_circ_1723037	Pf_BP_2_D392_S101_L001-L004_merged	2	0.0215	0.0067	1.0000
PsFluSBW25_chrm01_circ_1723037	Pf_BP_2_D420_S50_L001-L004_merged	2	0.0193	0.0067	1.0000
PsFluSBW25_chrm01_circ_1723037	Pf_BP_2_D448_S83_L001-L004_merged	2	0.0149	0.0061	1.0000
PsFluSBW25_chrm01_circ_1723037	Pf_BP_2_D476_S62_L001-L004_merged	2	0.0245	0.0068	1.0000
PsFluSBW25_chrm01_circ_1723037	Pf_BP_2_D504_S161_L001-L004_merged	2	0.0164	0.0066	1.0000
PsFluSBW25_chrm01_circ_1723037	Pf_BP_2_D532_S126_L001-L004_merged	2	0.0143	0.0060	1.0000
PsFluSBW25_chrm01_circ_1723037	Pf_BP_2_D56_S56_L001-L004_merged	2	0.0245	0.0084	1.0000
PsFluSBW25_chrm01_circ_1723037	Pf_BP_2_D588_S86_L001-L004_merged	2	0.0326	0.0097	1.0000
PsFluSBW25_chrm01_circ_1723037	Pf_BP_2_D623_S104_L001-L004_merged	2	0.0303	0.0091	1.0000
PsFluSBW25_chrm01_circ_1723037	Pf_BP_2_D644_S152_L001-L004_merged	2	0.0354	0.0092	1.0000
PsFluSBW25_chrm01_circ_1723037	Pf_BP_2_D700_S177_L001-L004_merged	2	0.0277	0.0080	1.0000
PsFluSBW25_chrm01_circ_1723037	Pf_BP_2_D728_S118_L001-L004_merged	2	0.0267	0.0079	1.0000
PsFluSBW25_chrm01_circ_1723037	Pf_BP_2_D756_S154_L001-L004_merged	2	0.0384	0.0101	1.0000
PsFluSBW25_chrm01_circ_1723037	Pf_BP_2_D784_S95_L001-L004_merged	2	0.0333	0.0086	1.0000
PsFluSBW25_chrm01_circ_1723037	Pf_BP_2_D84_S2_L001-L004_merged	2	0.0380	0.0086	1.0000
PsFluSBW25_chrm01_circ_1942374	PS_Pf_r02_2017_01_09_L001	2	0.0202	0.0007	1.0000
PsFluSBW25_chrm01_circ_1942374	Pf_BP_2_D112_S35_L001-L004_merged	2	0.0217	0.0076	1.0000
PsFluSBW25_chrm01_circ_1942374	Pf_BP_2_D140_S68_L001-L004_merged	2	0.0240	0.0064	1.0000
PsFluSBW25_chrm01_circ_1942374	Pf_BP_2_D168_S14_L001-L004_merged	2	0.0273	0.0072	1.0000
PsFluSBW25_chrm01_circ_1942374	Pf_BP_2_D196_S47_L001-L004_merged	2	0.0184	0.0068	1.0000
PsFluSBW25_chrm01_circ_1942374	Pf_BP_2_D224_S80_L001-L004_merged	2	0.0230	0.0064	1.0000
PsFluSBW25_chrm01_circ_1942374	Pf_BP_2_D252_S26_L001-L004_merged	2	0.0174	0.0072	1.0000
PsFluSBW25_chrm01_circ_1942374	Pf_BP_2_D279_S59_L001-L004_merged	2	0.0142	0.0067	1.0000
PsFluSBW25_chrm01_circ_1942374	Pf_BP_2_D28_S12_L001-L004_merged	2	0.0052	0.0053	1.0000
PsFluSBW25_chrm01_circ_1942374	Pf_BP_2_D310_S5_L001-L004_merged	2	0.0223	0.0056	1.0000
PsFluSBW25_chrm01_circ_1942374	Pf_BP_2_D336_S38_L001-L004_merged	2	0.0150	0.0058	1.0000
PsFluSBW25_chrm01_circ_1942374	Pf_BP_2_D364_S71_L001-L004_merged	2	0.0221	0.0069	1.0000
PsFluSBW25_chrm01_circ_1942374	Pf_BP_2_D392_S101_L001-L004_merged	2	0.0215	0.0067	1.0000
PsFluSBW25_chrm01_circ_1942374	Pf_BP_2_D420_S50_L001-L004_merged	2	0.0193	0.0067	1.0000
PsFluSBW25_chrm01_circ_1942374	Pf_BP_2_D448_S83_L001-L004_merged	2	0.0149	0.0061	1.0000
PsFluSBW25_chrm01_circ_1942374	Pf_BP_2_D476_S62_L001-L004_merged	2	0.0245	0.0068	1.0000
PsFluSBW25_chrm01_circ_1942374	Pf_BP_2_D504_S161_L001-L004_merged	2	0.0164	0.0066	1.0000
PsFluSBW25_chrm01_circ_1942374	Pf_BP_2_D532_S126_L001-L004_merged	2	0.0143	0.0060	1.0000
PsFluSBW25_chrm01_circ_1942374	Pf_BP_2_D56_S56_L001-L004_merged	2	0.0245	0.0084	1.0000
PsFluSBW25_chrm01_circ_1942374	Pf_BP_2_D588_S86_L001-L004_merged	2	0.0326	0.0097	1.0000
PsFluSBW25_chrm01_circ_1942374	Pf_BP_2_D623_S104_L001-L004_merged	2	0.0303	0.0091	1.0000
PsFluSBW25_chrm01_circ_1942374	Pf_BP_2_D644_S152_L001-L004_merged	2	0.0354	0.0092	1.0000
PsFluSBW25_chrm01_circ_1942374	Pf_BP_2_D700_S177_L001-L004_merged	2	0.0277	0.0080	1.0000
PsFluSBW25_chrm01_circ_1942374	Pf_BP_2_D728_S118_L001-L004_merged	2	0.0267	0.0079	1.0000
PsFluSBW25_chrm01_circ_1942374	Pf_BP_2_D756_S154_L001-L004_merged	2	0.0384	0.0101	1.0000
PsFluSBW25_chrm01_circ_1942374	Pf_BP_2_D784_S95_L001-L004_merged	2	0.0333	0.0086	1.0000
PsFluSBW25_chrm01_circ_1942374	Pf_BP_2_D84_S2_L001-L004_merged	2	0.0380	0.0086	1.0000
PsFluSBW25_chrm01_circ_213914	PS_Pf_r02_2017_01_09_L001	2	0.0202	0.0007	1.0000
PsFluSBW25_chrm01_circ_213914	Pf_BP_2_D112_S35_L001-L004_merged	2	0.0217	0.0076	1.0000
PsFluSBW25_chrm01_circ_213914	Pf_BP_2_D140_S68_L001-L004_merged	2	0.0240	0.0064	1.0000
PsFluSBW25_chrm01_circ_213914	Pf_BP_2_D168_S14_L001-L004_merged	2	0.0273	0.0072	1.0000
PsFluSBW25_chrm01_circ_213914	Pf_BP_2_D196_S47_L001-L004_merged	2	0.0184	0.0068	1.0000
PsFluSBW25_chrm01_circ_213914	Pf_BP_2_D224_S80_L001-L004_merged	2	0.0230	0.0064	1.0000
PsFluSBW25_chrm01_circ_213914	Pf_BP_2_D252_S26_L001-L004_merged	2	0.0174	0.0072	1.0000
PsFluSBW25_chrm01_circ_213914	Pf_BP_2_D279_S59_L001-L004_merged	2	0.0142	0.0067	1.0000
PsFluSBW25_chrm01_circ_213914	Pf_BP_2_D28_S12_L001-L004_merged	2	0.0052	0.0053	1.0000
PsFluSBW25_chrm01_circ_213914	Pf_BP_2_D310_S5_L001-L004_merged	2	0.0223	0.0056	1.0000
PsFluSBW25_chrm01_circ_213914	Pf_BP_2_D336_S38_L001-L004_merged	2	0.0150	0.0058	1.0000
PsFluSBW25_chrm01_circ_213914	Pf_BP_2_D364_S71_L001-L004_merged	2	0.0221	0.0069	1.0000
PsFluSBW25_chrm01_circ_213914	Pf_BP_2_D392_S101_L001-L004_merged	2	0.0215	0.0067	1.0000
PsFluSBW25_chrm01_circ_213914	Pf_BP_2_D420_S50_L001-L004_merged	2	0.0193	0.0067	1.0000
PsFluSBW25_chrm01_circ_213914	Pf_BP_2_D448_S83_L001-L004_merged	2	0.0149	0.0061	1.0000
PsFluSBW25_chrm01_circ_213914	Pf_BP_2_D476_S62_L001-L004_merged	2	0.0245	0.0068	1.0000
PsFluSBW25_chrm01_circ_213914	Pf_BP_2_D504_S161_L001-L004_merged	2	0.0164	0.0066	1.0000
PsFluSBW25_chrm01_circ_213914	Pf_BP_2_D532_S126_L001-L004_merged	2	0.0143	0.0060	1.0000
PsFluSBW25_chrm01_circ_213914	Pf_BP_2_D56_S56_L001-L004_merged	2	0.0245	0.0084	1.0000
PsFluSBW25_chrm01_circ_213914	Pf_BP_2_D588_S86_L001-L004_merged	2	0.0326	0.0097	1.0000
PsFluSBW25_chrm01_circ_213914	Pf_BP_2_D623_S104_L001-L004_merged	2	0.0303	0.0091	1.0000
PsFluSBW25_chrm01_circ_213914	Pf_BP_2_D644_S152_L001-L004_merged	2	0.0354	0.0092	1.0000
PsFluSBW25_chrm01_circ_213914	Pf_BP_2_D700_S177_L001-L004_merged	2	0.0277	0.0080	1.0000
PsFluSBW25_chrm01_circ_213914	Pf_BP_2_D728_S118_L001-L004_merged	2	0.0267	0.0079	1.0000
PsFluSBW25_chrm01_circ_213914	Pf_BP_2_D756_S154_L001-L004_merged	2	0.0384	0.0101	1.0000
PsFluSBW25_chrm01_circ_213914	Pf_BP_2_D784_S95_L001-L004_merged	2	0.0333	0.0086	1.0000
PsFluSBW25_chrm01_circ_213914	Pf_BP_2_D84_S2_L001-L004_merged	2	0.0380	0.0086	1.0000
PsFluSBW25_chrm01_circ_2347951	PS_Pf_r02_2017_01_09_L001	2	0.0202	0.0007	0.8461
PsFluSBW25_chrm01_circ_2347951	Pf_BP_2_D112_S35_L001-L004_merged	2	0.0217	0.0076	0.8461
PsFluSBW25_chrm01_circ_2347951	Pf_BP_2_D140_S68_L001-L004_merged	2	0.0240	0.0064	0.8461
PsFluSBW25_chrm01_circ_2347951	Pf_BP_2_D168_S14_L001-L004_merged	2	0.0273	0.0072	0.8461
PsFluSBW25_chrm01_circ_2347951	Pf_BP_2_D196_S47_L001-L004_merged	2	0.0184	0.0068	0.8461
PsFluSBW25_chrm01_circ_2347951	Pf_BP_2_D224_S80_L001-L004_merged	2	0.0230	0.0064	0.8461
PsFluSBW25_chrm01_circ_2347951	Pf_BP_2_D252_S26_L001-L004_merged	2	0.0174	0.0072	0.8461
PsFluSBW25_chrm01_circ_2347951	Pf_BP_2_D279_S59_L001-L004_merged	2	0.0142	0.0067	0.8461
PsFluSBW25_chrm01_circ_2347951	Pf_BP_2_D28_S12_L001-L004_merged	2	0.0052	0.0053	0.8461
PsFluSBW25_chrm01_circ_2347951	Pf_BP_2_D310_S5_L001-L004_merged	2	0.0223	0.0056	0.8461
PsFluSBW25_chrm01_circ_2347951	Pf_BP_2_D336_S38_L001-L004_merged	2	0.0150	0.0058	0.8461
PsFluSBW25_chrm01_circ_2347951	Pf_BP_2_D364_S71_L001-L004_merged	2	0.0221	0.0069	0.8461
PsFluSBW25_chrm01_circ_2347951	Pf_BP_2_D392_S101_L001-L004_merged	2	0.0215	0.0067	0.8461
PsFluSBW25_chrm01_circ_2347951	Pf_BP_2_D420_S50_L001-L004_merged	2	0.0193	0.0067	0.8461
PsFluSBW25_chrm01_circ_2347951	Pf_BP_2_D448_S83_L001-L004_merged	2	0.0149	0.0061	0.8461
PsFluSBW25_chrm01_circ_2347951	Pf_BP_2_D476_S62_L001-L004_merged	2	0.0245	0.0068	0.8461
PsFluSBW25_chrm01_circ_2347951	Pf_BP_2_D504_S161_L001-L004_merged	2	0.0164	0.0066	0.8461
PsFluSBW25_chrm01_circ_2347951	Pf_BP_2_D532_S126_L001-L004_merged	2	0.0143	0.0060	0.8461
PsFluSBW25_chrm01_circ_2347951	Pf_BP_2_D56_S56_L001-L004_merged	2	0.0245	0.0084	0.8461
PsFluSBW25_chrm01_circ_2347951	Pf_BP_2_D588_S86_L001-L004_merged	2	0.0326	0.0097	0.8461
PsFluSBW25_chrm01_circ_2347951	Pf_BP_2_D623_S104_L001-L004_merged	2	0.0303	0.0091	0.8461
PsFluSBW25_chrm01_circ_2347951	Pf_BP_2_D644_S152_L001-L004_merged	2	0.0354	0.0092	0.8461
PsFluSBW25_chrm01_circ_2347951	Pf_BP_2_D700_S177_L001-L004_merged	2	0.0277	0.0080	0.8461
PsFluSBW25_chrm01_circ_2347951	Pf_BP_2_D728_S118_L001-L004_merged	2	0.0267	0.0079	0.8461
PsFluSBW25_chrm01_circ_2347951	Pf_BP_2_D756_S154_L001-L004_merged	2	0.0384	0.0101	0.8461
PsFluSBW25_chrm01_circ_2347951	Pf_BP_2_D784_S95_L001-L004_merged	2	0.0333	0.0086	0.8461
PsFluSBW25_chrm01_circ_2347951	Pf_BP_2_D84_S2_L001-L004_merged	2	0.0380	0.0086	0.8461
PsFluSBW25_chrm01_circ_2623214	PS_Pf_r02_2017_01_09_L001	2	0.0202	0.0007	1.0000
PsFluSBW25_chrm01_circ_2623214	Pf_BP_2_D112_S35_L001-L004_merged	2	0.0217	0.0076	1.0000
PsFluSBW25_chrm01_circ_2623214	Pf_BP_2_D140_S68_L001-L004_merged	2	0.0240	0.0064	1.0000
PsFluSBW25_chrm01_circ_2623214	Pf_BP_2_D168_S14_L001-L004_merged	2	0.0273	0.0072	1.0000
PsFluSBW25_chrm01_circ_2623214	Pf_BP_2_D196_S47_L001-L004_merged	2	0.0184	0.0068	1.0000
PsFluSBW25_chrm01_circ_2623214	Pf_BP_2_D224_S80_L001-L004_merged	2	0.0230	0.0064	1.0000
PsFluSBW25_chrm01_circ_2623214	Pf_BP_2_D252_S26_L001-L004_merged	2	0.0174	0.0072	1.0000
PsFluSBW25_chrm01_circ_2623214	Pf_BP_2_D279_S59_L001-L004_merged	2	0.0142	0.0067	1.0000
PsFluSBW25_chrm01_circ_2623214	Pf_BP_2_D28_S12_L001-L004_merged	2	0.0052	0.0053	1.0000
PsFluSBW25_chrm01_circ_2623214	Pf_BP_2_D310_S5_L001-L004_merged	2	0.0223	0.0056	1.0000
PsFluSBW25_chrm01_circ_2623214	Pf_BP_2_D336_S38_L001-L004_merged	2	0.0150	0.0058	1.0000
PsFluSBW25_chrm01_circ_2623214	Pf_BP_2_D364_S71_L001-L004_merged	2	0.0221	0.0069	1.0000
PsFluSBW25_chrm01_circ_2623214	Pf_BP_2_D392_S101_L001-L004_merged	2	0.0215	0.0067	1.0000
PsFluSBW25_chrm01_circ_2623214	Pf_BP_2_D420_S50_L001-L004_merged	2	0.0193	0.0067	1.0000
PsFluSBW25_chrm01_circ_2623214	Pf_BP_2_D448_S83_L001-L004_merged	2	0.0149	0.0061	1.0000
PsFluSBW25_chrm01_circ_2623214	Pf_BP_2_D476_S62_L001-L004_merged	2	0.0245	0.0068	1.0000
PsFluSBW25_chrm01_circ_2623214	Pf_BP_2_D504_S161_L001-L004_merged	2	0.0164	0.0066	1.0000
PsFluSBW25_chrm01_circ_2623214	Pf_BP_2_D532_S126_L001-L004_merged	2	0.0143	0.0060	1.0000
PsFluSBW25_chrm01_circ_2623214	Pf_BP_2_D56_S56_L001-L004_merged	2	0.0245	0.0084	1.0000
PsFluSBW25_chrm01_circ_2623214	Pf_BP_2_D588_S86_L001-L004_merged	2	0.0326	0.0097	1.0000
PsFluSBW25_chrm01_circ_2623214	Pf_BP_2_D623_S104_L001-L004_merged	2	0.0303	0.0091	1.0000
PsFluSBW25_chrm01_circ_2623214	Pf_BP_2_D644_S152_L001-L004_merged	2	0.0354	0.0092	1.0000
PsFluSBW25_chrm01_circ_2623214	Pf_BP_2_D700_S177_L001-L004_merged	2	0.0277	0.0080	1.0000
PsFluSBW25_chrm01_circ_2623214	Pf_BP_2_D728_S118_L001-L004_merged	2	0.0267	0.0079	1.0000
PsFluSBW25_chrm01_circ_2623214	Pf_BP_2_D756_S154_L001-L004_merged	2	0.0384	0.0101	1.0000
PsFluSBW25_chrm01_circ_2623214	Pf_BP_2_D784_S95_L001-L004_merged	2	0.0333	0.0086	1.0000
PsFluSBW25_chrm01_circ_2623214	Pf_BP_2_D84_S2_L001-L004_merged	2	0.0380	0.0086	1.0000
PsFluSBW25_chrm01_circ_2882005	PS_Pf_r02_2017_01_09_L001	2	0.0202	0.0007	1.0000
PsFluSBW25_chrm01_circ_2882005	Pf_BP_2_D112_S35_L001-L004_merged	2	0.0217	0.0076	1.0000
PsFluSBW25_chrm01_circ_2882005	Pf_BP_2_D140_S68_L001-L004_merged	2	0.0240	0.0064	1.0000
PsFluSBW25_chrm01_circ_2882005	Pf_BP_2_D168_S14_L001-L004_merged	2	0.0273	0.0072	1.0000
PsFluSBW25_chrm01_circ_2882005	Pf_BP_2_D196_S47_L001-L004_merged	2	0.0184	0.0068	1.0000
PsFluSBW25_chrm01_circ_2882005	Pf_BP_2_D224_S80_L001-L004_merged	2	0.0230	0.0064	1.0000
PsFluSBW25_chrm01_circ_2882005	Pf_BP_2_D252_S26_L001-L004_merged	2	0.0174	0.0072	1.0000
PsFluSBW25_chrm01_circ_2882005	Pf_BP_2_D279_S59_L001-L004_merged	2	0.0142	0.0067	1.0000
PsFluSBW25_chrm01_circ_2882005	Pf_BP_2_D28_S12_L001-L004_merged	2	0.0052	0.0053	1.0000
PsFluSBW25_chrm01_circ_2882005	Pf_BP_2_D310_S5_L001-L004_merged	2	0.0223	0.0056	1.0000
PsFluSBW25_chrm01_circ_2882005	Pf_BP_2_D336_S38_L001-L004_merged	2	0.0150	0.0058	1.0000
PsFluSBW25_chrm01_circ_2882005	Pf_BP_2_D364_S71_L001-L004_merged	2	0.0221	0.0069	1.0000
PsFluSBW25_chrm01_circ_2882005	Pf_BP_2_D392_S101_L001-L004_merged	2	0.0215	0.0067	1.0000
PsFluSBW25_chrm01_circ_2882005	Pf_BP_2_D420_S50_L001-L004_merged	2	0.0193	0.0067	1.0000
PsFluSBW25_chrm01_circ_2882005	Pf_BP_2_D448_S83_L001-L004_merged	2	0.0149	0.0061	1.0000
PsFluSBW25_chrm01_circ_2882005	Pf_BP_2_D476_S62_L001-L004_merged	2	0.0245	0.0068	1.0000
PsFluSBW25_chrm01_circ_2882005	Pf_BP_2_D504_S161_L001-L004_merged	2	0.0164	0.0066	1.0000
PsFluSBW25_chrm01_circ_2882005	Pf_BP_2_D532_S126_L001-L004_merged	2	0.0143	0.0060	1.0000
PsFluSBW25_chrm01_circ_2882005	Pf_BP_2_D56_S56_L001-L004_merged	2	0.0245	0.0084	1.0000
PsFluSBW25_chrm01_circ_2882005	Pf_BP_2_D588_S86_L001-L004_merged	2	0.0326	0.0097	1.0000
PsFluSBW25_chrm01_circ_2882005	Pf_BP_2_D623_S104_L001-L004_merged	2	0.0303	0.0091	1.0000
PsFluSBW25_chrm01_circ_2882005	Pf_BP_2_D644_S152_L001-L004_merged	2	0.0354	0.0092	1.0000
PsFluSBW25_chrm01_circ_2882005	Pf_BP_2_D700_S177_L001-L004_merged	2	0.0277	0.0080	1.0000
PsFluSBW25_chrm01_circ_2882005	Pf_BP_2_D728_S118_L001-L004_merged	2	0.0267	0.0079	1.0000
PsFluSBW25_chrm01_circ_2882005	Pf_BP_2_D756_S154_L001-L004_merged	2	0.0384	0.0101	1.0000
PsFluSBW25_chrm01_circ_2882005	Pf_BP_2_D784_S95_L001-L004_merged	2	0.0333	0.0086	1.0000
PsFluSBW25_chrm01_circ_2882005	Pf_BP_2_D84_S2_L001-L004_merged	2	0.0380	0.0086	1.0000
PsFluSBW25_chrm01_circ_3658650	PS_Pf_r02_2017_01_09_L001	2	0.0202	0.0007	1.0000
PsFluSBW25_chrm01_circ_3658650	Pf_BP_2_D112_S35_L001-L004_merged	2	0.0217	0.0076	1.0000
PsFluSBW25_chrm01_circ_3658650	Pf_BP_2_D140_S68_L001-L004_merged	2	0.0240	0.0064	1.0000
PsFluSBW25_chrm01_circ_3658650	Pf_BP_2_D168_S14_L001-L004_merged	2	0.0273	0.0072	1.0000
PsFluSBW25_chrm01_circ_3658650	Pf_BP_2_D196_S47_L001-L004_merged	2	0.0184	0.0068	1.0000
PsFluSBW25_chrm01_circ_3658650	Pf_BP_2_D224_S80_L001-L004_merged	2	0.0230	0.0064	1.0000
PsFluSBW25_chrm01_circ_3658650	Pf_BP_2_D252_S26_L001-L004_merged	2	0.0174	0.0072	1.0000
PsFluSBW25_chrm01_circ_3658650	Pf_BP_2_D279_S59_L001-L004_merged	2	0.0142	0.0067	1.0000
PsFluSBW25_chrm01_circ_3658650	Pf_BP_2_D28_S12_L001-L004_merged	2	0.0052	0.0053	1.0000
PsFluSBW25_chrm01_circ_3658650	Pf_BP_2_D310_S5_L001-L004_merged	2	0.0223	0.0056	1.0000
PsFluSBW25_chrm01_circ_3658650	Pf_BP_2_D336_S38_L001-L004_merged	2	0.0150	0.0058	1.0000
PsFluSBW25_chrm01_circ_3658650	Pf_BP_2_D364_S71_L001-L004_merged	2	0.0221	0.0069	1.0000
PsFluSBW25_chrm01_circ_3658650	Pf_BP_2_D392_S101_L001-L004_merged	2	0.0215	0.0067	1.0000
PsFluSBW25_chrm01_circ_3658650	Pf_BP_2_D420_S50_L001-L004_merged	2	0.0193	0.0067	1.0000
PsFluSBW25_chrm01_circ_3658650	Pf_BP_2_D448_S83_L001-L004_merged	2	0.0149	0.0061	1.0000
PsFluSBW25_chrm01_circ_3658650	Pf_BP_2_D476_S62_L001-L004_merged	2	0.0245	0.0068	1.0000
PsFluSBW25_chrm01_circ_3658650	Pf_BP_2_D504_S161_L001-L004_merged	2	0.0164	0.0066	1.0000
PsFluSBW25_chrm01_circ_3658650	Pf_BP_2_D532_S126_L001-L004_merged	2	0.0143	0.0060	1.0000
PsFluSBW25_chrm01_circ_3658650	Pf_BP_2_D56_S56_L001-L004_merged	2	0.0245	0.0084	1.0000
PsFluSBW25_chrm01_circ_3658650	Pf_BP_2_D588_S86_L001-L004_merged	2	0.0326	0.0097	1.0000
PsFluSBW25_chrm01_circ_3658650	Pf_BP_2_D623_S104_L001-L004_merged	2	0.0303	0.0091	1.0000
PsFluSBW25_chrm01_circ_3658650	Pf_BP_2_D644_S152_L001-L004_merged	2	0.0354	0.0092	1.0000
PsFluSBW25_chrm01_circ_3658650	Pf_BP_2_D700_S177_L001-L004_merged	2	0.0277	0.0080	1.0000
PsFluSBW25_chrm01_circ_3658650	Pf_BP_2_D728_S118_L001-L004_merged	2	0.0267	0.0079	1.0000
PsFluSBW25_chrm01_circ_3658650	Pf_BP_2_D756_S154_L001-L004_merged	2	0.0384	0.0101	1.0000
PsFluSBW25_chrm01_circ_3658650	Pf_BP_2_D784_S95_L001-L004_merged	2	0.0333	0.0086	1.0000
PsFluSBW25_chrm01_circ_3658650	Pf_BP_2_D84_S2_L001-L004_merged	2	0.0380	0.0086	1.0000
PsFluSBW25_chrm01_circ_3988897	PS_Pf_r02_2017_01_09_L001	2	0.0202	0.0007	1.0000
PsFluSBW25_chrm01_circ_3988897	Pf_BP_2_D112_S35_L001-L004_merged	2	0.0217	0.0076	1.0000
PsFluSBW25_chrm01_circ_3988897	Pf_BP_2_D140_S68_L001-L004_merged	2	0.0240	0.0064	1.0000
PsFluSBW25_chrm01_circ_3988897	Pf_BP_2_D168_S14_L001-L004_merged	2	0.0273	0.0072	1.0000
PsFluSBW25_chrm01_circ_3988897	Pf_BP_2_D196_S47_L001-L004_merged	2	0.0184	0.0068	1.0000
PsFluSBW25_chrm01_circ_3988897	Pf_BP_2_D224_S80_L001-L004_merged	2	0.0230	0.0064	1.0000
PsFluSBW25_chrm01_circ_3988897	Pf_BP_2_D252_S26_L001-L004_merged	2	0.0174	0.0072	1.0000
PsFluSBW25_chrm01_circ_3988897	Pf_BP_2_D279_S59_L001-L004_merged	2	0.0142	0.0067	1.0000
PsFluSBW25_chrm01_circ_3988897	Pf_BP_2_D28_S12_L001-L004_merged	2	0.0052	0.0053	1.0000
PsFluSBW25_chrm01_circ_3988897	Pf_BP_2_D310_S5_L001-L004_merged	2	0.0223	0.0056	1.0000
PsFluSBW25_chrm01_circ_3988897	Pf_BP_2_D336_S38_L001-L004_merged	2	0.0150	0.0058	1.0000
PsFluSBW25_chrm01_circ_3988897	Pf_BP_2_D364_S71_L001-L004_merged	2	0.0221	0.0069	1.0000
PsFluSBW25_chrm01_circ_3988897	Pf_BP_2_D392_S101_L001-L004_merged	2	0.0215	0.0067	1.0000
PsFluSBW25_chrm01_circ_3988897	Pf_BP_2_D420_S50_L001-L004_merged	2	0.0193	0.0067	1.0000
PsFluSBW25_chrm01_circ_3988897	Pf_BP_2_D448_S83_L001-L004_merged	2	0.0149	0.0061	1.0000
PsFluSBW25_chrm01_circ_3988897	Pf_BP_2_D476_S62_L001-L004_merged	2	0.0245	0.0068	1.0000
PsFluSBW25_chrm01_circ_3988897	Pf_BP_2_D504_S161_L001-L004_merged	2	0.0164	0.0066	1.0000
PsFluSBW25_chrm01_circ_3988897	Pf_BP_2_D532_S126_L001-L004_merged	2	0.0143	0.0060	1.0000
PsFluSBW25_chrm01_circ_3988897	Pf_BP_2_D56_S56_L001-L004_merged	2	0.0245	0.0084	1.0000
PsFluSBW25_chrm01_circ_3988897	Pf_BP_2_D588_S86_L001-L004_merged	2	0.0326	0.0097	1.0000
PsFluSBW25_chrm01_circ_3988897	Pf_BP_2_D623_S104_L001-L004_merged	2	0.0303	0.0091	1.0000
PsFluSBW25_chrm01_circ_3988897	Pf_BP_2_D644_S152_L001-L004_merged	2	0.0354	0.0092	1.0000
PsFluSBW25_chrm01_circ_3988897	Pf_BP_2_D700_S177_L001-L004_merged	2	0.0277	0.0080	1.0000
PsFluSBW25_chrm01_circ_3988897	Pf_BP_2_D728_S118_L001-L004_merged	2	0.0267	0.0079	1.0000
PsFluSBW25_chrm01_circ_3988897	Pf_BP_2_D756_S154_L001-L004_merged	2	0.0384	0.0101	1.0000
PsFluSBW25_chrm01_circ_3988897	Pf_BP_2_D784_S95_L001-L004_merged	2	0.0333	0.0086	1.0000
PsFluSBW25_chrm01_circ_3988897	Pf_BP_2_D84_S2_L001-L004_merged	2	0.0380	0.0086	1.0000
PsFluSBW25_chrm01_circ_3988921	PS_Pf_r02_2017_01_09_L001	2	0.0202	0.0007	1.0000
PsFluSBW25_chrm01_circ_3988921	Pf_BP_2_D112_S35_L001-L004_merged	2	0.0217	0.0076	1.0000
PsFluSBW25_chrm01_circ_3988921	Pf_BP_2_D140_S68_L001-L004_merged	2	0.0240	0.0064	1.0000
PsFluSBW25_chrm01_circ_3988921	Pf_BP_2_D168_S14_L001-L004_merged	2	0.0273	0.0072	1.0000
PsFluSBW25_chrm01_circ_3988921	Pf_BP_2_D196_S47_L001-L004_merged	2	0.0184	0.0068	1.0000
PsFluSBW25_chrm01_circ_3988921	Pf_BP_2_D224_S80_L001-L004_merged	2	0.0230	0.0064	1.0000
PsFluSBW25_chrm01_circ_3988921	Pf_BP_2_D252_S26_L001-L004_merged	2	0.0174	0.0072	1.0000
PsFluSBW25_chrm01_circ_3988921	Pf_BP_2_D279_S59_L001-L004_merged	2	0.0142	0.0067	1.0000
PsFluSBW25_chrm01_circ_3988921	Pf_BP_2_D28_S12_L001-L004_merged	2	0.0052	0.0053	1.0000
PsFluSBW25_chrm01_circ_3988921	Pf_BP_2_D310_S5_L001-L004_merged	2	0.0223	0.0056	1.0000
PsFluSBW25_chrm01_circ_3988921	Pf_BP_2_D336_S38_L001-L004_merged	2	0.0150	0.0058	1.0000
PsFluSBW25_chrm01_circ_3988921	Pf_BP_2_D364_S71_L001-L004_merged	2	0.0221	0.0069	1.0000
PsFluSBW25_chrm01_circ_3988921	Pf_BP_2_D392_S101_L001-L004_merged	2	0.0215	0.0067	1.0000
PsFluSBW25_chrm01_circ_3988921	Pf_BP_2_D420_S50_L001-L004_merged	2	0.0193	0.0067	1.0000
PsFluSBW25_chrm01_circ_3988921	Pf_BP_2_D448_S83_L001-L004_merged	2	0.0149	0.0061	1.0000
PsFluSBW25_chrm01_circ_3988921	Pf_BP_2_D476_S62_L001-L004_merged	2	0.0245	0.0068	1.0000
PsFluSBW25_chrm01_circ_3988921	Pf_BP_2_D504_S161_L001-L004_merged	2	0.0164	0.0066	1.0000
PsFluSBW25_chrm01_circ_3988921	Pf_BP_2_D532_S126_L001-L004_merged	2	0.0143	0.0060	1.0000
PsFluSBW25_chrm01_circ_3988921	Pf_BP_2_D56_S56_L001-L004_merged	2	0.0245	0.0084	1.0000
PsFluSBW25_chrm01_circ_3988921	Pf_BP_2_D588_S86_L001-L004_merged	2	0.0326	0.0097	1.0000
PsFluSBW25_chrm01_circ_3988921	Pf_BP_2_D623_S104_L001-L004_merged	2	0.0303	0.0091	1.0000
PsFluSBW25_chrm01_circ_3988921	Pf_BP_2_D644_S152_L001-L004_merged	2	0.0354	0.0092	1.0000
PsFluSBW25_chrm01_circ_3988921	Pf_BP_2_D700_S177_L001-L004_merged	2	0.0277	0.0080	1.0000
PsFluSBW25_chrm01_circ_3988921	Pf_BP_2_D728_S118_L001-L004_merged	2	0.0267	0.0079	1.0000
PsFluSBW25_chrm01_circ_3988921	Pf_BP_2_D756_S154_L001-L004_merged	2	0.0384	0.0101	1.0000
PsFluSBW25_chrm01_circ_3988921	Pf_BP_2_D784_S95_L001-L004_merged	2	0.0333	0.0086	1.0000
PsFluSBW25_chrm01_circ_3988921	Pf_BP_2_D84_S2_L001-L004_merged	2	0.0380	0.0086	1.0000
PsFluSBW25_chrm01_circ_4138438	PS_Pf_r02_2017_01_09_L001	2	0.0202	0.0007	0.9999
PsFluSBW25_chrm01_circ_4138438	Pf_BP_2_D112_S35_L001-L004_merged	2	0.0217	0.0076	0.9999
PsFluSBW25_chrm01_circ_4138438	Pf_BP_2_D140_S68_L001-L004_merged	2	0.0240	0.0064	0.9999
PsFluSBW25_chrm01_circ_4138438	Pf_BP_2_D168_S14_L001-L004_merged	2	0.0273	0.0072	0.9999
PsFluSBW25_chrm01_circ_4138438	Pf_BP_2_D196_S47_L001-L004_merged	2	0.0184	0.0068	0.9999
PsFluSBW25_chrm01_circ_4138438	Pf_BP_2_D224_S80_L001-L004_merged	2	0.0230	0.0064	0.9999
PsFluSBW25_chrm01_circ_4138438	Pf_BP_2_D252_S26_L001-L004_merged	2	0.0174	0.0072	0.9999
PsFluSBW25_chrm01_circ_4138438	Pf_BP_2_D279_S59_L001-L004_merged	2	0.0142	0.0067	0.9999
PsFluSBW25_chrm01_circ_4138438	Pf_BP_2_D28_S12_L001-L004_merged	2	0.0052	0.0053	0.9999
PsFluSBW25_chrm01_circ_4138438	Pf_BP_2_D310_S5_L001-L004_merged	2	0.0223	0.0056	0.9999
PsFluSBW25_chrm01_circ_4138438	Pf_BP_2_D336_S38_L001-L004_merged	2	0.0150	0.0058	0.9999
PsFluSBW25_chrm01_circ_4138438	Pf_BP_2_D364_S71_L001-L004_merged	2	0.0221	0.0069	0.9999
PsFluSBW25_chrm01_circ_4138438	Pf_BP_2_D392_S101_L001-L004_merged	2	0.0215	0.0067	0.9999
PsFluSBW25_chrm01_circ_4138438	Pf_BP_2_D420_S50_L001-L004_merged	2	0.0193	0.0067	0.9999
PsFluSBW25_chrm01_circ_4138438	Pf_BP_2_D448_S83_L001-L004_merged	2	0.0149	0.0061	0.9999
PsFluSBW25_chrm01_circ_4138438	Pf_BP_2_D476_S62_L001-L004_merged	2	0.0245	0.0068	0.9999
PsFluSBW25_chrm01_circ_4138438	Pf_BP_2_D504_S161_L001-L004_merged	2	0.0164	0.0066	0.9999
PsFluSBW25_chrm01_circ_4138438	Pf_BP_2_D532_S126_L001-L004_merged	2	0.0143	0.0060	0.9999
PsFluSBW25_chrm01_circ_4138438	Pf_BP_2_D56_S56_L001-L004_merged	2	0.0245	0.0084	0.9999
PsFluSBW25_chrm01_circ_4138438	Pf_BP_2_D588_S86_L001-L004_merged	2	0.0326	0.0097	0.9999
PsFluSBW25_chrm01_circ_4138438	Pf_BP_2_D623_S104_L001-L004_merged	2	0.0303	0.0091	0.9999
PsFluSBW25_chrm01_circ_4138438	Pf_BP_2_D644_S152_L001-L004_merged	2	0.0354	0.0092	0.9999
PsFluSBW25_chrm01_circ_4138438	Pf_BP_2_D700_S177_L001-L004_merged	2	0.0277	0.0080	0.9999
PsFluSBW25_chrm01_circ_4138438	Pf_BP_2_D728_S118_L001-L004_merged	2	0.0267	0.0079	0.9999
PsFluSBW25_chrm01_circ_4138438	Pf_BP_2_D756_S154_L001-L004_merged	2	0.0384	0.0101	0.9999
PsFluSBW25_chrm01_circ_4138438	Pf_BP_2_D784_S95_L001-L004_merged	2	0.0333	0.0086	0.9999
PsFluSBW25_chrm01_circ_4138438	Pf_BP_2_D84_S2_L001-L004_merged	2	0.0380	0.0086	0.9999
PsFluSBW25_chrm01_circ_420846	PS_Pf_r02_2017_01_09_L001	2	0.0202	0.0007	0.9766
PsFluSBW25_chrm01_circ_420846	Pf_BP_2_D112_S35_L001-L004_merged	2	0.0217	0.0076	0.9766
PsFluSBW25_chrm01_circ_420846	Pf_BP_2_D140_S68_L001-L004_merged	2	0.0240	0.0064	0.9766
PsFluSBW25_chrm01_circ_420846	Pf_BP_2_D168_S14_L001-L004_merged	2	0.0273	0.0072	0.9766
PsFluSBW25_chrm01_circ_420846	Pf_BP_2_D196_S47_L001-L004_merged	2	0.0184	0.0068	0.9766
PsFluSBW25_chrm01_circ_420846	Pf_BP_2_D224_S80_L001-L004_merged	2	0.0230	0.0064	0.9766
PsFluSBW25_chrm01_circ_420846	Pf_BP_2_D252_S26_L001-L004_merged	2	0.0174	0.0072	0.9766
PsFluSBW25_chrm01_circ_420846	Pf_BP_2_D279_S59_L001-L004_merged	2	0.0142	0.0067	0.9766
PsFluSBW25_chrm01_circ_420846	Pf_BP_2_D28_S12_L001-L004_merged	2	0.0052	0.0053	0.9766
PsFluSBW25_chrm01_circ_420846	Pf_BP_2_D310_S5_L001-L004_merged	2	0.0223	0.0056	0.9766
PsFluSBW25_chrm01_circ_420846	Pf_BP_2_D336_S38_L001-L004_merged	2	0.0150	0.0058	0.9766
PsFluSBW25_chrm01_circ_420846	Pf_BP_2_D364_S71_L001-L004_merged	2	0.0221	0.0069	0.9766
PsFluSBW25_chrm01_circ_420846	Pf_BP_2_D392_S101_L001-L004_merged	2	0.0215	0.0067	0.9766
PsFluSBW25_chrm01_circ_420846	Pf_BP_2_D420_S50_L001-L004_merged	2	0.0193	0.0067	0.9766
PsFluSBW25_chrm01_circ_420846	Pf_BP_2_D448_S83_L001-L004_merged	2	0.0149	0.0061	0.9766
PsFluSBW25_chrm01_circ_420846	Pf_BP_2_D476_S62_L001-L004_merged	2	0.0245	0.0068	0.9766
PsFluSBW25_chrm01_circ_420846	Pf_BP_2_D504_S161_L001-L004_merged	2	0.0164	0.0066	0.9766
PsFluSBW25_chrm01_circ_420846	Pf_BP_2_D532_S126_L001-L004_merged	2	0.0143	0.0060	0.9766
PsFluSBW25_chrm01_circ_420846	Pf_BP_2_D56_S56_L001-L004_merged	2	0.0245	0.0084	0.9766
PsFluSBW25_chrm01_circ_420846	Pf_BP_2_D588_S86_L001-L004_merged	2	0.0326	0.0097	0.9766
PsFluSBW25_chrm01_circ_420846	Pf_BP_2_D623_S104_L001-L004_merged	2	0.0303	0.0091	0.9766
PsFluSBW25_chrm01_circ_420846	Pf_BP_2_D644_S152_L001-L004_merged	2	0.0354	0.0092	0.9766
PsFluSBW25_chrm01_circ_420846	Pf_BP_2_D700_S177_L001-L004_merged	2	0.0277	0.0080	0.9766
PsFluSBW25_chrm01_circ_420846	Pf_BP_2_D728_S118_L001-L004_merged	2	0.0267	0.0079	0.9766
PsFluSBW25_chrm01_circ_420846	Pf_BP_2_D756_S154_L001-L004_merged	2	0.0384	0.0101	0.9766
PsFluSBW25_chrm01_circ_420846	Pf_BP_2_D784_S95_L001-L004_merged	2	0.0333	0.0086	0.9766
PsFluSBW25_chrm01_circ_420846	Pf_BP_2_D84_S2_L001-L004_merged	2	0.0380	0.0086	0.9766
PsFluSBW25_chrm01_circ_4360891	PS_Pf_r02_2017_01_09_L001	2	0.0202	0.0007	0.7654
PsFluSBW25_chrm01_circ_4360891	Pf_BP_2_D112_S35_L001-L004_merged	2	0.0217	0.0076	0.7654
PsFluSBW25_chrm01_circ_4360891	Pf_BP_2_D140_S68_L001-L004_merged	2	0.0240	0.0064	0.7654
PsFluSBW25_chrm01_circ_4360891	Pf_BP_2_D168_S14_L001-L004_merged	2	0.0273	0.0072	0.7654
PsFluSBW25_chrm01_circ_4360891	Pf_BP_2_D196_S47_L001-L004_merged	2	0.0184	0.0068	0.7654
PsFluSBW25_chrm01_circ_4360891	Pf_BP_2_D224_S80_L001-L004_merged	2	0.0230	0.0064	0.7654
PsFluSBW25_chrm01_circ_4360891	Pf_BP_2_D252_S26_L001-L004_merged	2	0.0174	0.0072	0.7654
PsFluSBW25_chrm01_circ_4360891	Pf_BP_2_D279_S59_L001-L004_merged	2	0.0142	0.0067	0.7654
PsFluSBW25_chrm01_circ_4360891	Pf_BP_2_D28_S12_L001-L004_merged	2	0.0052	0.0053	0.7654
PsFluSBW25_chrm01_circ_4360891	Pf_BP_2_D310_S5_L001-L004_merged	2	0.0223	0.0056	0.7654
PsFluSBW25_chrm01_circ_4360891	Pf_BP_2_D336_S38_L001-L004_merged	2	0.0150	0.0058	0.7654
PsFluSBW25_chrm01_circ_4360891	Pf_BP_2_D364_S71_L001-L004_merged	2	0.0221	0.0069	0.7654
PsFluSBW25_chrm01_circ_4360891	Pf_BP_2_D392_S101_L001-L004_merged	2	0.0215	0.0067	0.7654
PsFluSBW25_chrm01_circ_4360891	Pf_BP_2_D420_S50_L001-L004_merged	2	0.0193	0.0067	0.7654
PsFluSBW25_chrm01_circ_4360891	Pf_BP_2_D448_S83_L001-L004_merged	2	0.0149	0.0061	0.7654
PsFluSBW25_chrm01_circ_4360891	Pf_BP_2_D476_S62_L001-L004_merged	2	0.0245	0.0068	0.7654
PsFluSBW25_chrm01_circ_4360891	Pf_BP_2_D504_S161_L001-L004_merged	2	0.0164	0.0066	0.7654
PsFluSBW25_chrm01_circ_4360891	Pf_BP_2_D532_S126_L001-L004_merged	2	0.0143	0.0060	0.7654
PsFluSBW25_chrm01_circ_4360891	Pf_BP_2_D56_S56_L001-L004_merged	2	0.0245	0.0084	0.7654
PsFluSBW25_chrm01_circ_4360891	Pf_BP_2_D588_S86_L001-L004_merged	2	0.0326	0.0097	0.7654
PsFluSBW25_chrm01_circ_4360891	Pf_BP_2_D623_S104_L001-L004_merged	2	0.0303	0.0091	0.7654
PsFluSBW25_chrm01_circ_4360891	Pf_BP_2_D644_S152_L001-L004_merged	2	0.0354	0.0092	0.7654
PsFluSBW25_chrm01_circ_4360891	Pf_BP_2_D700_S177_L001-L004_merged	2	0.0277	0.0080	0.7654
PsFluSBW25_chrm01_circ_4360891	Pf_BP_2_D728_S118_L001-L004_merged	2	0.0267	0.0079	0.7654
PsFluSBW25_chrm01_circ_4360891	Pf_BP_2_D756_S154_L001-L004_merged	2	0.0384	0.0101	0.7654
PsFluSBW25_chrm01_circ_4360891	Pf_BP_2_D784_S95_L001-L004_merged	2	0.0333	0.0086	0.7654
PsFluSBW25_chrm01_circ_4360891	Pf_BP_2_D84_S2_L001-L004_merged	2	0.0380	0.0086	0.7654
PsFluSBW25_chrm01_circ_4654604	PS_Pf_r02_2017_01_09_L001	2	0.0202	0.0007	0.8023
PsFluSBW25_chrm01_circ_4654604	Pf_BP_2_D112_S35_L001-L004_merged	2	0.0217	0.0076	0.8023
PsFluSBW25_chrm01_circ_4654604	Pf_BP_2_D140_S68_L001-L004_merged	2	0.0240	0.0064	0.8023
PsFluSBW25_chrm01_circ_4654604	Pf_BP_2_D168_S14_L001-L004_merged	2	0.0273	0.0072	0.8023
PsFluSBW25_chrm01_circ_4654604	Pf_BP_2_D196_S47_L001-L004_merged	2	0.0184	0.0068	0.8023
PsFluSBW25_chrm01_circ_4654604	Pf_BP_2_D224_S80_L001-L004_merged	2	0.0230	0.0064	0.8023
PsFluSBW25_chrm01_circ_4654604	Pf_BP_2_D252_S26_L001-L004_merged	2	0.0174	0.0072	0.8023
PsFluSBW25_chrm01_circ_4654604	Pf_BP_2_D279_S59_L001-L004_merged	2	0.0142	0.0067	0.8023
PsFluSBW25_chrm01_circ_4654604	Pf_BP_2_D28_S12_L001-L004_merged	2	0.0052	0.0053	0.8023
PsFluSBW25_chrm01_circ_4654604	Pf_BP_2_D310_S5_L001-L004_merged	2	0.0223	0.0056	0.8023
PsFluSBW25_chrm01_circ_4654604	Pf_BP_2_D336_S38_L001-L004_merged	2	0.0150	0.0058	0.8023
PsFluSBW25_chrm01_circ_4654604	Pf_BP_2_D364_S71_L001-L004_merged	2	0.0221	0.0069	0.8023
PsFluSBW25_chrm01_circ_4654604	Pf_BP_2_D392_S101_L001-L004_merged	2	0.0215	0.0067	0.8023
PsFluSBW25_chrm01_circ_4654604	Pf_BP_2_D420_S50_L001-L004_merged	2	0.0193	0.0067	0.8023
PsFluSBW25_chrm01_circ_4654604	Pf_BP_2_D448_S83_L001-L004_merged	2	0.0149	0.0061	0.8023
PsFluSBW25_chrm01_circ_4654604	Pf_BP_2_D476_S62_L001-L004_merged	2	0.0245	0.0068	0.8023
PsFluSBW25_chrm01_circ_4654604	Pf_BP_2_D504_S161_L001-L004_merged	2	0.0164	0.0066	0.8023
PsFluSBW25_chrm01_circ_4654604	Pf_BP_2_D532_S126_L001-L004_merged	2	0.0143	0.0060	0.8023
PsFluSBW25_chrm01_circ_4654604	Pf_BP_2_D56_S56_L001-L004_merged	2	0.0245	0.0084	0.8023
PsFluSBW25_chrm01_circ_4654604	Pf_BP_2_D588_S86_L001-L004_merged	2	0.0326	0.0097	0.8023
PsFluSBW25_chrm01_circ_4654604	Pf_BP_2_D623_S104_L001-L004_merged	2	0.0303	0.0091	0.8023
PsFluSBW25_chrm01_circ_4654604	Pf_BP_2_D644_S152_L001-L004_merged	2	0.0354	0.0092	0.8023
PsFluSBW25_chrm01_circ_4654604	Pf_BP_2_D700_S177_L001-L004_merged	2	0.0277	0.0080	0.8023
PsFluSBW25_chrm01_circ_4654604	Pf_BP_2_D728_S118_L001-L004_merged	2	0.0267	0.0079	0.8023
PsFluSBW25_chrm01_circ_4654604	Pf_BP_2_D756_S154_L001-L004_merged	2	0.0384	0.0101	0.8023
PsFluSBW25_chrm01_circ_4654604	Pf_BP_2_D784_S95_L001-L004_merged	2	0.0333	0.0086	0.8023
PsFluSBW25_chrm01_circ_4654604	Pf_BP_2_D84_S2_L001-L004_merged	2	0.0380	0.0086	0.8023
PsFluSBW25_chrm01_circ_4696940	PS_Pf_r02_2017_01_09_L001	2	0.0202	0.0007	0.9971
PsFluSBW25_chrm01_circ_4696940	Pf_BP_2_D112_S35_L001-L004_merged	2	0.0217	0.0076	0.9971
PsFluSBW25_chrm01_circ_4696940	Pf_BP_2_D140_S68_L001-L004_merged	2	0.0240	0.0064	0.9971
PsFluSBW25_chrm01_circ_4696940	Pf_BP_2_D168_S14_L001-L004_merged	2	0.0273	0.0072	0.9971
PsFluSBW25_chrm01_circ_4696940	Pf_BP_2_D196_S47_L001-L004_merged	2	0.0184	0.0068	0.9971
PsFluSBW25_chrm01_circ_4696940	Pf_BP_2_D224_S80_L001-L004_merged	2	0.0230	0.0064	0.9971
PsFluSBW25_chrm01_circ_4696940	Pf_BP_2_D252_S26_L001-L004_merged	2	0.0174	0.0072	0.9971
PsFluSBW25_chrm01_circ_4696940	Pf_BP_2_D279_S59_L001-L004_merged	2	0.0142	0.0067	0.9971
PsFluSBW25_chrm01_circ_4696940	Pf_BP_2_D28_S12_L001-L004_merged	2	0.0052	0.0053	0.9971
PsFluSBW25_chrm01_circ_4696940	Pf_BP_2_D310_S5_L001-L004_merged	2	0.0223	0.0056	0.9971
PsFluSBW25_chrm01_circ_4696940	Pf_BP_2_D336_S38_L001-L004_merged	2	0.0150	0.0058	0.9971
PsFluSBW25_chrm01_circ_4696940	Pf_BP_2_D364_S71_L001-L004_merged	2	0.0221	0.0069	0.9971
PsFluSBW25_chrm01_circ_4696940	Pf_BP_2_D392_S101_L001-L004_merged	2	0.0215	0.0067	0.9971
PsFluSBW25_chrm01_circ_4696940	Pf_BP_2_D420_S50_L001-L004_merged	2	0.0193	0.0067	0.9971
PsFluSBW25_chrm01_circ_4696940	Pf_BP_2_D448_S83_L001-L004_merged	2	0.0149	0.0061	0.9971
PsFluSBW25_chrm01_circ_4696940	Pf_BP_2_D476_S62_L001-L004_merged	2	0.0245	0.0068	0.9971
PsFluSBW25_chrm01_circ_4696940	Pf_BP_2_D504_S161_L001-L004_merged	2	0.0164	0.0066	0.9971
PsFluSBW25_chrm01_circ_4696940	Pf_BP_2_D532_S126_L001-L004_merged	2	0.0143	0.0060	0.9971
PsFluSBW25_chrm01_circ_4696940	Pf_BP_2_D56_S56_L001-L004_merged	2	0.0245	0.0084	0.9971
PsFluSBW25_chrm01_circ_4696940	Pf_BP_2_D588_S86_L001-L004_merged	2	0.0326	0.0097	0.9971
PsFluSBW25_chrm01_circ_4696940	Pf_BP_2_D623_S104_L001-L004_merged	2	0.0303	0.0091	0.9971
PsFluSBW25_chrm01_circ_4696940	Pf_BP_2_D644_S152_L001-L004_merged	2	0.0354	0.0092	0.9971
PsFluSBW25_chrm01_circ_4696940	Pf_BP_2_D700_S177_L001-L004_merged	2	0.0277	0.0080	0.9971
PsFluSBW25_chrm01_circ_4696940	Pf_BP_2_D728_S118_L001-L004_merged	2	0.0267	0.0079	0.9971
PsFluSBW25_chrm01_circ_4696940	Pf_BP_2_D756_S154_L001-L004_merged	2	0.0384	0.0101	0.9971
PsFluSBW25_chrm01_circ_4696940	Pf_BP_2_D784_S95_L001-L004_merged	2	0.0333	0.0086	0.9971
PsFluSBW25_chrm01_circ_4696940	Pf_BP_2_D84_S2_L001-L004_merged	2	0.0380	0.0086	0.9971
PsFluSBW25_chrm01_circ_4697010	PS_Pf_r02_2017_01_09_L001	2	0.0202	0.0007	1.0000
PsFluSBW25_chrm01_circ_4697010	Pf_BP_2_D112_S35_L001-L004_merged	2	0.0217	0.0076	1.0000
PsFluSBW25_chrm01_circ_4697010	Pf_BP_2_D140_S68_L001-L004_merged	2	0.0240	0.0064	1.0000
PsFluSBW25_chrm01_circ_4697010	Pf_BP_2_D168_S14_L001-L004_merged	2	0.0273	0.0072	1.0000
PsFluSBW25_chrm01_circ_4697010	Pf_BP_2_D196_S47_L001-L004_merged	2	0.0184	0.0068	1.0000
PsFluSBW25_chrm01_circ_4697010	Pf_BP_2_D224_S80_L001-L004_merged	2	0.0230	0.0064	1.0000
PsFluSBW25_chrm01_circ_4697010	Pf_BP_2_D252_S26_L001-L004_merged	2	0.0174	0.0072	1.0000
PsFluSBW25_chrm01_circ_4697010	Pf_BP_2_D279_S59_L001-L004_merged	2	0.0142	0.0067	1.0000
PsFluSBW25_chrm01_circ_4697010	Pf_BP_2_D28_S12_L001-L004_merged	2	0.0052	0.0053	1.0000
PsFluSBW25_chrm01_circ_4697010	Pf_BP_2_D310_S5_L001-L004_merged	2	0.0223	0.0056	1.0000
PsFluSBW25_chrm01_circ_4697010	Pf_BP_2_D336_S38_L001-L004_merged	2	0.0150	0.0058	1.0000
PsFluSBW25_chrm01_circ_4697010	Pf_BP_2_D364_S71_L001-L004_merged	2	0.0221	0.0069	1.0000
PsFluSBW25_chrm01_circ_4697010	Pf_BP_2_D392_S101_L001-L004_merged	2	0.0215	0.0067	1.0000
PsFluSBW25_chrm01_circ_4697010	Pf_BP_2_D420_S50_L001-L004_merged	2	0.0193	0.0067	1.0000
PsFluSBW25_chrm01_circ_4697010	Pf_BP_2_D448_S83_L001-L004_merged	2	0.0149	0.0061	1.0000
PsFluSBW25_chrm01_circ_4697010	Pf_BP_2_D476_S62_L001-L004_merged	2	0.0245	0.0068	1.0000
PsFluSBW25_chrm01_circ_4697010	Pf_BP_2_D504_S161_L001-L004_merged	2	0.0164	0.0066	1.0000
PsFluSBW25_chrm01_circ_4697010	Pf_BP_2_D532_S126_L001-L004_merged	2	0.0143	0.0060	1.0000
PsFluSBW25_chrm01_circ_4697010	Pf_BP_2_D56_S56_L001-L004_merged	2	0.0245	0.0084	1.0000
PsFluSBW25_chrm01_circ_4697010	Pf_BP_2_D588_S86_L001-L004_merged	2	0.0326	0.0097	1.0000
PsFluSBW25_chrm01_circ_4697010	Pf_BP_2_D623_S104_L001-L004_merged	2	0.0303	0.0091	1.0000
PsFluSBW25_chrm01_circ_4697010	Pf_BP_2_D644_S152_L001-L004_merged	2	0.0354	0.0092	1.0000
PsFluSBW25_chrm01_circ_4697010	Pf_BP_2_D700_S177_L001-L004_merged	2	0.0277	0.0080	1.0000
PsFluSBW25_chrm01_circ_4697010	Pf_BP_2_D728_S118_L001-L004_merged	2	0.0267	0.0079	1.0000
PsFluSBW25_chrm01_circ_4697010	Pf_BP_2_D756_S154_L001-L004_merged	2	0.0384	0.0101	1.0000
PsFluSBW25_chrm01_circ_4697010	Pf_BP_2_D784_S95_L001-L004_merged	2	0.0333	0.0086	1.0000
PsFluSBW25_chrm01_circ_4697010	Pf_BP_2_D84_S2_L001-L004_merged	2	0.0380	0.0086	1.0000
PsFluSBW25_chrm01_circ_4697153	PS_Pf_r02_2017_01_09_L001	2	0.0202	0.0007	0.9263
PsFluSBW25_chrm01_circ_4697153	Pf_BP_2_D112_S35_L001-L004_merged	2	0.0217	0.0076	0.9263
PsFluSBW25_chrm01_circ_4697153	Pf_BP_2_D140_S68_L001-L004_merged	2	0.0240	0.0064	0.9263
PsFluSBW25_chrm01_circ_4697153	Pf_BP_2_D168_S14_L001-L004_merged	2	0.0273	0.0072	0.9263
PsFluSBW25_chrm01_circ_4697153	Pf_BP_2_D196_S47_L001-L004_merged	2	0.0184	0.0068	0.9263
PsFluSBW25_chrm01_circ_4697153	Pf_BP_2_D224_S80_L001-L004_merged	2	0.0230	0.0064	0.9263
PsFluSBW25_chrm01_circ_4697153	Pf_BP_2_D252_S26_L001-L004_merged	2	0.0174	0.0072	0.9263
PsFluSBW25_chrm01_circ_4697153	Pf_BP_2_D279_S59_L001-L004_merged	2	0.0142	0.0067	0.9263
PsFluSBW25_chrm01_circ_4697153	Pf_BP_2_D28_S12_L001-L004_merged	2	0.0052	0.0053	0.9263
PsFluSBW25_chrm01_circ_4697153	Pf_BP_2_D310_S5_L001-L004_merged	2	0.0223	0.0056	0.9263
PsFluSBW25_chrm01_circ_4697153	Pf_BP_2_D336_S38_L001-L004_merged	2	0.0150	0.0058	0.9263
PsFluSBW25_chrm01_circ_4697153	Pf_BP_2_D364_S71_L001-L004_merged	2	0.0221	0.0069	0.9263
PsFluSBW25_chrm01_circ_4697153	Pf_BP_2_D392_S101_L001-L004_merged	2	0.0215	0.0067	0.9263
PsFluSBW25_chrm01_circ_4697153	Pf_BP_2_D420_S50_L001-L004_merged	2	0.0193	0.0067	0.9263
PsFluSBW25_chrm01_circ_4697153	Pf_BP_2_D448_S83_L001-L004_merged	2	0.0149	0.0061	0.9263
PsFluSBW25_chrm01_circ_4697153	Pf_BP_2_D476_S62_L001-L004_merged	2	0.0245	0.0068	0.9263
PsFluSBW25_chrm01_circ_4697153	Pf_BP_2_D504_S161_L001-L004_merged	2	0.0164	0.0066	0.9263
PsFluSBW25_chrm01_circ_4697153	Pf_BP_2_D532_S126_L001-L004_merged	2	0.0143	0.0060	0.9263
PsFluSBW25_chrm01_circ_4697153	Pf_BP_2_D56_S56_L001-L004_merged	2	0.0245	0.0084	0.9263
PsFluSBW25_chrm01_circ_4697153	Pf_BP_2_D588_S86_L001-L004_merged	2	0.0326	0.0097	0.9263
PsFluSBW25_chrm01_circ_4697153	Pf_BP_2_D623_S104_L001-L004_merged	2	0.0303	0.0091	0.9263
PsFluSBW25_chrm01_circ_4697153	Pf_BP_2_D644_S152_L001-L004_merged	2	0.0354	0.0092	0.9263
PsFluSBW25_chrm01_circ_4697153	Pf_BP_2_D700_S177_L001-L004_merged	2	0.0277	0.0080	0.9263
PsFluSBW25_chrm01_circ_4697153	Pf_BP_2_D728_S118_L001-L004_merged	2	0.0267	0.0079	0.9263
PsFluSBW25_chrm01_circ_4697153	Pf_BP_2_D756_S154_L001-L004_merged	2	0.0384	0.0101	0.9263
PsFluSBW25_chrm01_circ_4697153	Pf_BP_2_D784_S95_L001-L004_merged	2	0.0333	0.0086	0.9263
PsFluSBW25_chrm01_circ_4697153	Pf_BP_2_D84_S2_L001-L004_merged	2	0.0380	0.0086	0.9263
PsFluSBW25_chrm01_circ_549882	PS_Pf_r02_2017_01_09_L001	2	0.0202	0.0007	0.9787
PsFluSBW25_chrm01_circ_549882	Pf_BP_2_D112_S35_L001-L004_merged	2	0.0217	0.0076	0.9787
PsFluSBW25_chrm01_circ_549882	Pf_BP_2_D140_S68_L001-L004_merged	2	0.0240	0.0064	0.9787
PsFluSBW25_chrm01_circ_549882	Pf_BP_2_D168_S14_L001-L004_merged	2	0.0273	0.0072	0.9787
PsFluSBW25_chrm01_circ_549882	Pf_BP_2_D196_S47_L001-L004_merged	2	0.0184	0.0068	0.9787
PsFluSBW25_chrm01_circ_549882	Pf_BP_2_D224_S80_L001-L004_merged	2	0.0230	0.0064	0.9787
PsFluSBW25_chrm01_circ_549882	Pf_BP_2_D252_S26_L001-L004_merged	2	0.0174	0.0072	0.9787
PsFluSBW25_chrm01_circ_549882	Pf_BP_2_D279_S59_L001-L004_merged	2	0.0142	0.0067	0.9787
PsFluSBW25_chrm01_circ_549882	Pf_BP_2_D28_S12_L001-L004_merged	2	0.0052	0.0053	0.9787
PsFluSBW25_chrm01_circ_549882	Pf_BP_2_D310_S5_L001-L004_merged	2	0.0223	0.0056	0.9787
PsFluSBW25_chrm01_circ_549882	Pf_BP_2_D336_S38_L001-L004_merged	2	0.0150	0.0058	0.9787
PsFluSBW25_chrm01_circ_549882	Pf_BP_2_D364_S71_L001-L004_merged	2	0.0221	0.0069	0.9787
PsFluSBW25_chrm01_circ_549882	Pf_BP_2_D392_S101_L001-L004_merged	2	0.0215	0.0067	0.9787
PsFluSBW25_chrm01_circ_549882	Pf_BP_2_D420_S50_L001-L004_merged	2	0.0193	0.0067	0.9787
PsFluSBW25_chrm01_circ_549882	Pf_BP_2_D448_S83_L001-L004_merged	2	0.0149	0.0061	0.9787
PsFluSBW25_chrm01_circ_549882	Pf_BP_2_D476_S62_L001-L004_merged	2	0.0245	0.0068	0.9787
PsFluSBW25_chrm01_circ_549882	Pf_BP_2_D504_S161_L001-L004_merged	2	0.0164	0.0066	0.9787
PsFluSBW25_chrm01_circ_549882	Pf_BP_2_D532_S126_L001-L004_merged	2	0.0143	0.0060	0.9787
PsFluSBW25_chrm01_circ_549882	Pf_BP_2_D56_S56_L001-L004_merged	2	0.0245	0.0084	0.9787
PsFluSBW25_chrm01_circ_549882	Pf_BP_2_D588_S86_L001-L004_merged	2	0.0326	0.0097	0.9787
PsFluSBW25_chrm01_circ_549882	Pf_BP_2_D623_S104_L001-L004_merged	2	0.0303	0.0091	0.9787
PsFluSBW25_chrm01_circ_549882	Pf_BP_2_D644_S152_L001-L004_merged	2	0.0354	0.0092	0.9787
PsFluSBW25_chrm01_circ_549882	Pf_BP_2_D700_S177_L001-L004_merged	2	0.0277	0.0080	0.9787
PsFluSBW25_chrm01_circ_549882	Pf_BP_2_D728_S118_L001-L004_merged	2	0.0267	0.0079	0.9787
PsFluSBW25_chrm01_circ_549882	Pf_BP_2_D756_S154_L001-L004_merged	2	0.0384	0.0101	0.9787
PsFluSBW25_chrm01_circ_549882	Pf_BP_2_D784_S95_L001-L004_merged	2	0.0333	0.0086	0.9787
PsFluSBW25_chrm01_circ_549882	Pf_BP_2_D84_S2_L001-L004_merged	2	0.0380	0.0086	0.9787
PsFluSBW25_chrm01_circ_550270	PS_Pf_r02_2017_01_09_L001	2	0.0202	0.0007	0.9964
PsFluSBW25_chrm01_circ_550270	Pf_BP_2_D112_S35_L001-L004_merged	2	0.0217	0.0076	0.9964
PsFluSBW25_chrm01_circ_550270	Pf_BP_2_D140_S68_L001-L004_merged	2	0.0240	0.0064	0.9964
PsFluSBW25_chrm01_circ_550270	Pf_BP_2_D168_S14_L001-L004_merged	2	0.0273	0.0072	0.9964
PsFluSBW25_chrm01_circ_550270	Pf_BP_2_D196_S47_L001-L004_merged	2	0.0184	0.0068	0.9964
PsFluSBW25_chrm01_circ_550270	Pf_BP_2_D224_S80_L001-L004_merged	2	0.0230	0.0064	0.9964
PsFluSBW25_chrm01_circ_550270	Pf_BP_2_D252_S26_L001-L004_merged	2	0.0174	0.0072	0.9964
PsFluSBW25_chrm01_circ_550270	Pf_BP_2_D279_S59_L001-L004_merged	2	0.0142	0.0067	0.9964
PsFluSBW25_chrm01_circ_550270	Pf_BP_2_D28_S12_L001-L004_merged	2	0.0052	0.0053	0.9964
PsFluSBW25_chrm01_circ_550270	Pf_BP_2_D310_S5_L001-L004_merged	2	0.0223	0.0056	0.9964
PsFluSBW25_chrm01_circ_550270	Pf_BP_2_D336_S38_L001-L004_merged	2	0.0150	0.0058	0.9964
PsFluSBW25_chrm01_circ_550270	Pf_BP_2_D364_S71_L001-L004_merged	2	0.0221	0.0069	0.9964
PsFluSBW25_chrm01_circ_550270	Pf_BP_2_D392_S101_L001-L004_merged	2	0.0215	0.0067	0.9964
PsFluSBW25_chrm01_circ_550270	Pf_BP_2_D420_S50_L001-L004_merged	2	0.0193	0.0067	0.9964
PsFluSBW25_chrm01_circ_550270	Pf_BP_2_D448_S83_L001-L004_merged	2	0.0149	0.0061	0.9964
PsFluSBW25_chrm01_circ_550270	Pf_BP_2_D476_S62_L001-L004_merged	2	0.0245	0.0068	0.9964
PsFluSBW25_chrm01_circ_550270	Pf_BP_2_D504_S161_L001-L004_merged	2	0.0164	0.0066	0.9964
PsFluSBW25_chrm01_circ_550270	Pf_BP_2_D532_S126_L001-L004_merged	2	0.0143	0.0060	0.9964
PsFluSBW25_chrm01_circ_550270	Pf_BP_2_D56_S56_L001-L004_merged	2	0.0245	0.0084	0.9964
PsFluSBW25_chrm01_circ_550270	Pf_BP_2_D588_S86_L001-L004_merged	2	0.0326	0.0097	0.9964
PsFluSBW25_chrm01_circ_550270	Pf_BP_2_D623_S104_L001-L004_merged	2	0.0303	0.0091	0.9964
PsFluSBW25_chrm01_circ_550270	Pf_BP_2_D644_S152_L001-L004_merged	2	0.0354	0.0092	0.9964
PsFluSBW25_chrm01_circ_550270	Pf_BP_2_D700_S177_L001-L004_merged	2	0.0277	0.0080	0.9964
PsFluSBW25_chrm01_circ_550270	Pf_BP_2_D728_S118_L001-L004_merged	2	0.0267	0.0079	0.9964
PsFluSBW25_chrm01_circ_550270	Pf_BP_2_D756_S154_L001-L004_merged	2	0.0384	0.0101	0.9964
PsFluSBW25_chrm01_circ_550270	Pf_BP_2_D784_S95_L001-L004_merged	2	0.0333	0.0086	0.9964
PsFluSBW25_chrm01_circ_550270	Pf_BP_2_D84_S2_L001-L004_merged	2	0.0380	0.0086	0.9964
PsFluSBW25_chrm01_circ_5524086	PS_Pf_r02_2017_01_09_L001	2	0.0202	0.0007	0.9859
PsFluSBW25_chrm01_circ_5524086	Pf_BP_2_D112_S35_L001-L004_merged	2	0.0217	0.0076	0.9859
PsFluSBW25_chrm01_circ_5524086	Pf_BP_2_D140_S68_L001-L004_merged	2	0.0240	0.0064	0.9859
PsFluSBW25_chrm01_circ_5524086	Pf_BP_2_D168_S14_L001-L004_merged	2	0.0273	0.0072	0.9859
PsFluSBW25_chrm01_circ_5524086	Pf_BP_2_D196_S47_L001-L004_merged	2	0.0184	0.0068	0.9859
PsFluSBW25_chrm01_circ_5524086	Pf_BP_2_D224_S80_L001-L004_merged	2	0.0230	0.0064	0.9859
PsFluSBW25_chrm01_circ_5524086	Pf_BP_2_D252_S26_L001-L004_merged	2	0.0174	0.0072	0.9859
PsFluSBW25_chrm01_circ_5524086	Pf_BP_2_D279_S59_L001-L004_merged	2	0.0142	0.0067	0.9859
PsFluSBW25_chrm01_circ_5524086	Pf_BP_2_D28_S12_L001-L004_merged	2	0.0052	0.0053	0.9859
PsFluSBW25_chrm01_circ_5524086	Pf_BP_2_D310_S5_L001-L004_merged	2	0.0223	0.0056	0.9859
PsFluSBW25_chrm01_circ_5524086	Pf_BP_2_D336_S38_L001-L004_merged	2	0.0150	0.0058	0.9859
PsFluSBW25_chrm01_circ_5524086	Pf_BP_2_D364_S71_L001-L004_merged	2	0.0221	0.0069	0.9859
PsFluSBW25_chrm01_circ_5524086	Pf_BP_2_D392_S101_L001-L004_merged	2	0.0215	0.0067	0.9859
PsFluSBW25_chrm01_circ_5524086	Pf_BP_2_D420_S50_L001-L004_merged	2	0.0193	0.0067	0.9859
PsFluSBW25_chrm01_circ_5524086	Pf_BP_2_D448_S83_L001-L004_merged	2	0.0149	0.0061	0.9859
PsFluSBW25_chrm01_circ_5524086	Pf_BP_2_D476_S62_L001-L004_merged	2	0.0245	0.0068	0.9859
PsFluSBW25_chrm01_circ_5524086	Pf_BP_2_D504_S161_L001-L004_merged	2	0.0164	0.0066	0.9859
PsFluSBW25_chrm01_circ_5524086	Pf_BP_2_D532_S126_L001-L004_merged	2	0.0143	0.0060	0.9859
PsFluSBW25_chrm01_circ_5524086	Pf_BP_2_D56_S56_L001-L004_merged	2	0.0245	0.0084	0.9859
PsFluSBW25_chrm01_circ_5524086	Pf_BP_2_D588_S86_L001-L004_merged	2	0.0326	0.0097	0.9859
PsFluSBW25_chrm01_circ_5524086	Pf_BP_2_D623_S104_L001-L004_merged	2	0.0303	0.0091	0.9859
PsFluSBW25_chrm01_circ_5524086	Pf_BP_2_D644_S152_L001-L004_merged	2	0.0354	0.0092	0.9859
PsFluSBW25_chrm01_circ_5524086	Pf_BP_2_D700_S177_L001-L004_merged	2	0.0277	0.0080	0.9859
PsFluSBW25_chrm01_circ_5524086	Pf_BP_2_D728_S118_L001-L004_merged	2	0.0267	0.0079	0.9859
PsFluSBW25_chrm01_circ_5524086	Pf_BP_2_D756_S154_L001-L004_merged	2	0.0384	0.0101	0.9859
PsFluSBW25_chrm01_circ_5524086	Pf_BP_2_D784_S95_L001-L004_merged	2	0.0333	0.0086	0.9859
PsFluSBW25_chrm01_circ_5524086	Pf_BP_2_D84_S2_L001-L004_merged	2	0.0380	0.0086	0.9859
PsFluSBW25_chrm01_circ_5969265	PS_Pf_r02_2017_01_09_L001	2	0.0202	0.0007	0.9645
PsFluSBW25_chrm01_circ_5969265	Pf_BP_2_D112_S35_L001-L004_merged	2	0.0217	0.0076	0.9645
PsFluSBW25_chrm01_circ_5969265	Pf_BP_2_D140_S68_L001-L004_merged	2	0.0240	0.0064	0.9645
PsFluSBW25_chrm01_circ_5969265	Pf_BP_2_D168_S14_L001-L004_merged	2	0.0273	0.0072	0.9645
PsFluSBW25_chrm01_circ_5969265	Pf_BP_2_D196_S47_L001-L004_merged	2	0.0184	0.0068	0.9645
PsFluSBW25_chrm01_circ_5969265	Pf_BP_2_D224_S80_L001-L004_merged	2	0.0230	0.0064	0.9645
PsFluSBW25_chrm01_circ_5969265	Pf_BP_2_D252_S26_L001-L004_merged	2	0.0174	0.0072	0.9645
PsFluSBW25_chrm01_circ_5969265	Pf_BP_2_D279_S59_L001-L004_merged	2	0.0142	0.0067	0.9645
PsFluSBW25_chrm01_circ_5969265	Pf_BP_2_D28_S12_L001-L004_merged	2	0.0052	0.0053	0.9645
PsFluSBW25_chrm01_circ_5969265	Pf_BP_2_D310_S5_L001-L004_merged	2	0.0223	0.0056	0.9645
PsFluSBW25_chrm01_circ_5969265	Pf_BP_2_D336_S38_L001-L004_merged	2	0.0150	0.0058	0.9645
PsFluSBW25_chrm01_circ_5969265	Pf_BP_2_D364_S71_L001-L004_merged	2	0.0221	0.0069	0.9645
PsFluSBW25_chrm01_circ_5969265	Pf_BP_2_D392_S101_L001-L004_merged	2	0.0215	0.0067	0.9645
PsFluSBW25_chrm01_circ_5969265	Pf_BP_2_D420_S50_L001-L004_merged	2	0.0193	0.0067	0.9645
PsFluSBW25_chrm01_circ_5969265	Pf_BP_2_D448_S83_L001-L004_merged	2	0.0149	0.0061	0.9645
PsFluSBW25_chrm01_circ_5969265	Pf_BP_2_D476_S62_L001-L004_merged	2	0.0245	0.0068	0.9645
PsFluSBW25_chrm01_circ_5969265	Pf_BP_2_D504_S161_L001-L004_merged	2	0.0164	0.0066	0.9645
PsFluSBW25_chrm01_circ_5969265	Pf_BP_2_D532_S126_L001-L004_merged	2	0.0143	0.0060	0.9645
PsFluSBW25_chrm01_circ_5969265	Pf_BP_2_D56_S56_L001-L004_merged	2	0.0245	0.0084	0.9645
PsFluSBW25_chrm01_circ_5969265	Pf_BP_2_D588_S86_L001-L004_merged	2	0.0326	0.0097	0.9645
PsFluSBW25_chrm01_circ_5969265	Pf_BP_2_D623_S104_L001-L004_merged	2	0.0303	0.0091	0.9645
PsFluSBW25_chrm01_circ_5969265	Pf_BP_2_D644_S152_L001-L004_merged	2	0.0354	0.0092	0.9645
PsFluSBW25_chrm01_circ_5969265	Pf_BP_2_D700_S177_L001-L004_merged	2	0.0277	0.0080	0.9645
PsFluSBW25_chrm01_circ_5969265	Pf_BP_2_D728_S118_L001-L004_merged	2	0.0267	0.0079	0.9645
PsFluSBW25_chrm01_circ_5969265	Pf_BP_2_D756_S154_L001-L004_merged	2	0.0384	0.0101	0.9645
PsFluSBW25_chrm01_circ_5969265	Pf_BP_2_D784_S95_L001-L004_merged	2	0.0333	0.0086	0.9645
PsFluSBW25_chrm01_circ_5969265	Pf_BP_2_D84_S2_L001-L004_merged	2	0.0380	0.0086	0.9645
PsFluSBW25_chrm01_circ_6234464	PS_Pf_r02_2017_01_09_L001	2	0.0202	0.0007	0.9983
PsFluSBW25_chrm01_circ_6234464	Pf_BP_2_D112_S35_L001-L004_merged	2	0.0217	0.0076	0.9983
PsFluSBW25_chrm01_circ_6234464	Pf_BP_2_D140_S68_L001-L004_merged	2	0.0240	0.0064	0.9983
PsFluSBW25_chrm01_circ_6234464	Pf_BP_2_D168_S14_L001-L004_merged	2	0.0273	0.0072	0.9983
PsFluSBW25_chrm01_circ_6234464	Pf_BP_2_D196_S47_L001-L004_merged	2	0.0184	0.0068	0.9983
PsFluSBW25_chrm01_circ_6234464	Pf_BP_2_D224_S80_L001-L004_merged	2	0.0230	0.0064	0.9983
PsFluSBW25_chrm01_circ_6234464	Pf_BP_2_D252_S26_L001-L004_merged	2	0.0174	0.0072	0.9983
PsFluSBW25_chrm01_circ_6234464	Pf_BP_2_D279_S59_L001-L004_merged	2	0.0142	0.0067	0.9983
PsFluSBW25_chrm01_circ_6234464	Pf_BP_2_D28_S12_L001-L004_merged	2	0.0052	0.0053	0.9983
PsFluSBW25_chrm01_circ_6234464	Pf_BP_2_D310_S5_L001-L004_merged	2	0.0223	0.0056	0.9983
PsFluSBW25_chrm01_circ_6234464	Pf_BP_2_D336_S38_L001-L004_merged	2	0.0150	0.0058	0.9983
PsFluSBW25_chrm01_circ_6234464	Pf_BP_2_D364_S71_L001-L004_merged	2	0.0221	0.0069	0.9983
PsFluSBW25_chrm01_circ_6234464	Pf_BP_2_D392_S101_L001-L004_merged	2	0.0215	0.0067	0.9983
PsFluSBW25_chrm01_circ_6234464	Pf_BP_2_D420_S50_L001-L004_merged	2	0.0193	0.0067	0.9983
PsFluSBW25_chrm01_circ_6234464	Pf_BP_2_D448_S83_L001-L004_merged	2	0.0149	0.0061	0.9983
PsFluSBW25_chrm01_circ_6234464	Pf_BP_2_D476_S62_L001-L004_merged	2	0.0245	0.0068	0.9983
PsFluSBW25_chrm01_circ_6234464	Pf_BP_2_D504_S161_L001-L004_merged	2	0.0164	0.0066	0.9983
PsFluSBW25_chrm01_circ_6234464	Pf_BP_2_D532_S126_L001-L004_merged	2	0.0143	0.0060	0.9983
PsFluSBW25_chrm01_circ_6234464	Pf_BP_2_D56_S56_L001-L004_merged	2	0.0245	0.0084	0.9983
PsFluSBW25_chrm01_circ_6234464	Pf_BP_2_D588_S86_L001-L004_merged	2	0.0326	0.0097	0.9983
PsFluSBW25_chrm01_circ_6234464	Pf_BP_2_D623_S104_L001-L004_merged	2	0.0303	0.0091	0.9983
PsFluSBW25_chrm01_circ_6234464	Pf_BP_2_D644_S152_L001-L004_merged	2	0.0354	0.0092	0.9983
PsFluSBW25_chrm01_circ_6234464	Pf_BP_2_D700_S177_L001-L004_merged	2	0.0277	0.0080	0.9983
PsFluSBW25_chrm01_circ_6234464	Pf_BP_2_D728_S118_L001-L004_merged	2	0.0267	0.0079	0.9983
PsFluSBW25_chrm01_circ_6234464	Pf_BP_2_D756_S154_L001-L004_merged	2	0.0384	0.0101	0.9983
PsFluSBW25_chrm01_circ_6234464	Pf_BP_2_D784_S95_L001-L004_merged	2	0.0333	0.0086	0.9983
PsFluSBW25_chrm01_circ_6234464	Pf_BP_2_D84_S2_L001-L004_merged	2	0.0380	0.0086	0.9983
PsFluSBW25_chrm01_circ_6272135	PS_Pf_r02_2017_01_09_L001	2	0.0202	0.0007	1.0000
PsFluSBW25_chrm01_circ_6272135	Pf_BP_2_D112_S35_L001-L004_merged	2	0.0217	0.0076	1.0000
PsFluSBW25_chrm01_circ_6272135	Pf_BP_2_D140_S68_L001-L004_merged	2	0.0240	0.0064	1.0000
PsFluSBW25_chrm01_circ_6272135	Pf_BP_2_D168_S14_L001-L004_merged	2	0.0273	0.0072	1.0000
PsFluSBW25_chrm01_circ_6272135	Pf_BP_2_D196_S47_L001-L004_merged	2	0.0184	0.0068	1.0000
PsFluSBW25_chrm01_circ_6272135	Pf_BP_2_D224_S80_L001-L004_merged	2	0.0230	0.0064	1.0000
PsFluSBW25_chrm01_circ_6272135	Pf_BP_2_D252_S26_L001-L004_merged	2	0.0174	0.0072	1.0000
PsFluSBW25_chrm01_circ_6272135	Pf_BP_2_D279_S59_L001-L004_merged	2	0.0142	0.0067	1.0000
PsFluSBW25_chrm01_circ_6272135	Pf_BP_2_D28_S12_L001-L004_merged	2	0.0052	0.0053	1.0000
PsFluSBW25_chrm01_circ_6272135	Pf_BP_2_D310_S5_L001-L004_merged	2	0.0223	0.0056	1.0000
PsFluSBW25_chrm01_circ_6272135	Pf_BP_2_D336_S38_L001-L004_merged	2	0.0150	0.0058	1.0000
PsFluSBW25_chrm01_circ_6272135	Pf_BP_2_D364_S71_L001-L004_merged	2	0.0221	0.0069	1.0000
PsFluSBW25_chrm01_circ_6272135	Pf_BP_2_D392_S101_L001-L004_merged	2	0.0215	0.0067	1.0000
PsFluSBW25_chrm01_circ_6272135	Pf_BP_2_D420_S50_L001-L004_merged	2	0.0193	0.0067	1.0000
PsFluSBW25_chrm01_circ_6272135	Pf_BP_2_D448_S83_L001-L004_merged	2	0.0149	0.0061	1.0000
PsFluSBW25_chrm01_circ_6272135	Pf_BP_2_D476_S62_L001-L004_merged	2	0.0245	0.0068	1.0000
PsFluSBW25_chrm01_circ_6272135	Pf_BP_2_D504_S161_L001-L004_merged	2	0.0164	0.0066	1.0000
PsFluSBW25_chrm01_circ_6272135	Pf_BP_2_D532_S126_L001-L004_merged	2	0.0143	0.0060	1.0000
PsFluSBW25_chrm01_circ_6272135	Pf_BP_2_D56_S56_L001-L004_merged	2	0.0245	0.0084	1.0000
PsFluSBW25_chrm01_circ_6272135	Pf_BP_2_D588_S86_L001-L004_merged	2	0.0326	0.0097	1.0000
PsFluSBW25_chrm01_circ_6272135	Pf_BP_2_D623_S104_L001-L004_merged	2	0.0303	0.0091	1.0000
PsFluSBW25_chrm01_circ_6272135	Pf_BP_2_D644_S152_L001-L004_merged	2	0.0354	0.0092	1.0000
PsFluSBW25_chrm01_circ_6272135	Pf_BP_2_D700_S177_L001-L004_merged	2	0.0277	0.0080	1.0000
PsFluSBW25_chrm01_circ_6272135	Pf_BP_2_D728_S118_L001-L004_merged	2	0.0267	0.0079	1.0000
PsFluSBW25_chrm01_circ_6272135	Pf_BP_2_D756_S154_L001-L004_merged	2	0.0384	0.0101	1.0000
PsFluSBW25_chrm01_circ_6272135	Pf_BP_2_D784_S95_L001-L004_merged	2	0.0333	0.0086	1.0000
PsFluSBW25_chrm01_circ_6272135	Pf_BP_2_D84_S2_L001-L004_merged	2	0.0380	0.0086	1.0000
PsFluSBW25_chrm01_circ_6272136	PS_Pf_r02_2017_01_09_L001	2	0.0202	0.0007	0.8617
PsFluSBW25_chrm01_circ_6272136	Pf_BP_2_D112_S35_L001-L004_merged	2	0.0217	0.0076	0.8617
PsFluSBW25_chrm01_circ_6272136	Pf_BP_2_D140_S68_L001-L004_merged	2	0.0240	0.0064	0.8617
PsFluSBW25_chrm01_circ_6272136	Pf_BP_2_D168_S14_L001-L004_merged	2	0.0273	0.0072	0.8617
PsFluSBW25_chrm01_circ_6272136	Pf_BP_2_D196_S47_L001-L004_merged	2	0.0184	0.0068	0.8617
PsFluSBW25_chrm01_circ_6272136	Pf_BP_2_D224_S80_L001-L004_merged	2	0.0230	0.0064	0.8617
PsFluSBW25_chrm01_circ_6272136	Pf_BP_2_D252_S26_L001-L004_merged	2	0.0174	0.0072	0.8617
PsFluSBW25_chrm01_circ_6272136	Pf_BP_2_D279_S59_L001-L004_merged	2	0.0142	0.0067	0.8617
PsFluSBW25_chrm01_circ_6272136	Pf_BP_2_D28_S12_L001-L004_merged	2	0.0052	0.0053	0.8617
PsFluSBW25_chrm01_circ_6272136	Pf_BP_2_D310_S5_L001-L004_merged	2	0.0223	0.0056	0.8617
PsFluSBW25_chrm01_circ_6272136	Pf_BP_2_D336_S38_L001-L004_merged	2	0.0150	0.0058	0.8617
PsFluSBW25_chrm01_circ_6272136	Pf_BP_2_D364_S71_L001-L004_merged	2	0.0221	0.0069	0.8617
PsFluSBW25_chrm01_circ_6272136	Pf_BP_2_D392_S101_L001-L004_merged	2	0.0215	0.0067	0.8617
PsFluSBW25_chrm01_circ_6272136	Pf_BP_2_D420_S50_L001-L004_merged	2	0.0193	0.0067	0.8617
PsFluSBW25_chrm01_circ_6272136	Pf_BP_2_D448_S83_L001-L004_merged	2	0.0149	0.0061	0.8617
PsFluSBW25_chrm01_circ_6272136	Pf_BP_2_D476_S62_L001-L004_merged	2	0.0245	0.0068	0.8617
PsFluSBW25_chrm01_circ_6272136	Pf_BP_2_D504_S161_L001-L004_merged	2	0.0164	0.0066	0.8617
PsFluSBW25_chrm01_circ_6272136	Pf_BP_2_D532_S126_L001-L004_merged	2	0.0143	0.0060	0.8617
PsFluSBW25_chrm01_circ_6272136	Pf_BP_2_D56_S56_L001-L004_merged	2	0.0245	0.0084	0.8617
PsFluSBW25_chrm01_circ_6272136	Pf_BP_2_D588_S86_L001-L004_merged	2	0.0326	0.0097	0.8617
PsFluSBW25_chrm01_circ_6272136	Pf_BP_2_D623_S104_L001-L004_merged	2	0.0303	0.0091	0.8617
PsFluSBW25_chrm01_circ_6272136	Pf_BP_2_D644_S152_L001-L004_merged	2	0.0354	0.0092	0.8617
PsFluSBW25_chrm01_circ_6272136	Pf_BP_2_D700_S177_L001-L004_merged	2	0.0277	0.0080	0.8617
PsFluSBW25_chrm01_circ_6272136	Pf_BP_2_D728_S118_L001-L004_merged	2	0.0267	0.0079	0.8617
PsFluSBW25_chrm01_circ_6272136	Pf_BP_2_D756_S154_L001-L004_merged	2	0.0384	0.0101	0.8617
PsFluSBW25_chrm01_circ_6272136	Pf_BP_2_D784_S95_L001-L004_merged	2	0.0333	0.0086	0.8617
PsFluSBW25_chrm01_circ_6272136	Pf_BP_2_D84_S2_L001-L004_merged	2	0.0380	0.0086	0.8617
PsFluSBW25_chrm01_circ_6298062	PS_Pf_r02_2017_01_09_L001	2	0.0202	0.0007	0.9986
PsFluSBW25_chrm01_circ_6298062	Pf_BP_2_D112_S35_L001-L004_merged	2	0.0217	0.0076	0.9986
PsFluSBW25_chrm01_circ_6298062	Pf_BP_2_D140_S68_L001-L004_merged	2	0.0240	0.0064	0.9986
PsFluSBW25_chrm01_circ_6298062	Pf_BP_2_D168_S14_L001-L004_merged	2	0.0273	0.0072	0.9986
PsFluSBW25_chrm01_circ_6298062	Pf_BP_2_D196_S47_L001-L004_merged	2	0.0184	0.0068	0.9986
PsFluSBW25_chrm01_circ_6298062	Pf_BP_2_D224_S80_L001-L004_merged	2	0.0230	0.0064	0.9986
PsFluSBW25_chrm01_circ_6298062	Pf_BP_2_D252_S26_L001-L004_merged	2	0.0174	0.0072	0.9986
PsFluSBW25_chrm01_circ_6298062	Pf_BP_2_D279_S59_L001-L004_merged	2	0.0142	0.0067	0.9986
PsFluSBW25_chrm01_circ_6298062	Pf_BP_2_D28_S12_L001-L004_merged	2	0.0052	0.0053	0.9986
PsFluSBW25_chrm01_circ_6298062	Pf_BP_2_D310_S5_L001-L004_merged	2	0.0223	0.0056	0.9986
PsFluSBW25_chrm01_circ_6298062	Pf_BP_2_D336_S38_L001-L004_merged	2	0.0150	0.0058	0.9986
PsFluSBW25_chrm01_circ_6298062	Pf_BP_2_D364_S71_L001-L004_merged	2	0.0221	0.0069	0.9986
PsFluSBW25_chrm01_circ_6298062	Pf_BP_2_D392_S101_L001-L004_merged	2	0.0215	0.0067	0.9986
PsFluSBW25_chrm01_circ_6298062	Pf_BP_2_D420_S50_L001-L004_merged	2	0.0193	0.0067	0.9986
PsFluSBW25_chrm01_circ_6298062	Pf_BP_2_D448_S83_L001-L004_merged	2	0.0149	0.0061	0.9986
PsFluSBW25_chrm01_circ_6298062	Pf_BP_2_D476_S62_L001-L004_merged	2	0.0245	0.0068	0.9986
PsFluSBW25_chrm01_circ_6298062	Pf_BP_2_D504_S161_L001-L004_merged	2	0.0164	0.0066	0.9986
PsFluSBW25_chrm01_circ_6298062	Pf_BP_2_D532_S126_L001-L004_merged	2	0.0143	0.0060	0.9986
PsFluSBW25_chrm01_circ_6298062	Pf_BP_2_D56_S56_L001-L004_merged	2	0.0245	0.0084	0.9986
PsFluSBW25_chrm01_circ_6298062	Pf_BP_2_D588_S86_L001-L004_merged	2	0.0326	0.0097	0.9986
PsFluSBW25_chrm01_circ_6298062	Pf_BP_2_D623_S104_L001-L004_merged	2	0.0303	0.0091	0.9986
PsFluSBW25_chrm01_circ_6298062	Pf_BP_2_D644_S152_L001-L004_merged	2	0.0354	0.0092	0.9986
PsFluSBW25_chrm01_circ_6298062	Pf_BP_2_D700_S177_L001-L004_merged	2	0.0277	0.0080	0.9986
PsFluSBW25_chrm01_circ_6298062	Pf_BP_2_D728_S118_L001-L004_merged	2	0.0267	0.0079	0.9986
PsFluSBW25_chrm01_circ_6298062	Pf_BP_2_D756_S154_L001-L004_merged	2	0.0384	0.0101	0.9986
PsFluSBW25_chrm01_circ_6298062	Pf_BP_2_D784_S95_L001-L004_merged	2	0.0333	0.0086	0.9986
PsFluSBW25_chrm01_circ_6298062	Pf_BP_2_D84_S2_L001-L004_merged	2	0.0380	0.0086	0.9986
PsFluSBW25_chrm01_circ_6315847	PS_Pf_r02_2017_01_09_L001	2	0.0202	0.0007	0.9954
PsFluSBW25_chrm01_circ_6315847	Pf_BP_2_D112_S35_L001-L004_merged	2	0.0217	0.0076	0.9954
PsFluSBW25_chrm01_circ_6315847	Pf_BP_2_D140_S68_L001-L004_merged	2	0.0240	0.0064	0.9954
PsFluSBW25_chrm01_circ_6315847	Pf_BP_2_D168_S14_L001-L004_merged	2	0.0273	0.0072	0.9954
PsFluSBW25_chrm01_circ_6315847	Pf_BP_2_D196_S47_L001-L004_merged	2	0.0184	0.0068	0.9954
PsFluSBW25_chrm01_circ_6315847	Pf_BP_2_D224_S80_L001-L004_merged	2	0.0230	0.0064	0.9954
PsFluSBW25_chrm01_circ_6315847	Pf_BP_2_D252_S26_L001-L004_merged	2	0.0174	0.0072	0.9954
PsFluSBW25_chrm01_circ_6315847	Pf_BP_2_D279_S59_L001-L004_merged	2	0.0142	0.0067	0.9954
PsFluSBW25_chrm01_circ_6315847	Pf_BP_2_D28_S12_L001-L004_merged	2	0.0052	0.0053	0.9954
PsFluSBW25_chrm01_circ_6315847	Pf_BP_2_D310_S5_L001-L004_merged	2	0.0223	0.0056	0.9954
PsFluSBW25_chrm01_circ_6315847	Pf_BP_2_D336_S38_L001-L004_merged	2	0.0150	0.0058	0.9954
PsFluSBW25_chrm01_circ_6315847	Pf_BP_2_D364_S71_L001-L004_merged	2	0.0221	0.0069	0.9954
PsFluSBW25_chrm01_circ_6315847	Pf_BP_2_D392_S101_L001-L004_merged	2	0.0215	0.0067	0.9954
PsFluSBW25_chrm01_circ_6315847	Pf_BP_2_D420_S50_L001-L004_merged	2	0.0193	0.0067	0.9954
PsFluSBW25_chrm01_circ_6315847	Pf_BP_2_D448_S83_L001-L004_merged	2	0.0149	0.0061	0.9954
PsFluSBW25_chrm01_circ_6315847	Pf_BP_2_D476_S62_L001-L004_merged	2	0.0245	0.0068	0.9954
PsFluSBW25_chrm01_circ_6315847	Pf_BP_2_D504_S161_L001-L004_merged	2	0.0164	0.0066	0.9954
PsFluSBW25_chrm01_circ_6315847	Pf_BP_2_D532_S126_L001-L004_merged	2	0.0143	0.0060	0.9954
PsFluSBW25_chrm01_circ_6315847	Pf_BP_2_D56_S56_L001-L004_merged	2	0.0245	0.0084	0.9954
PsFluSBW25_chrm01_circ_6315847	Pf_BP_2_D588_S86_L001-L004_merged	2	0.0326	0.0097	0.9954
PsFluSBW25_chrm01_circ_6315847	Pf_BP_2_D623_S104_L001-L004_merged	2	0.0303	0.0091	0.9954
PsFluSBW25_chrm01_circ_6315847	Pf_BP_2_D644_S152_L001-L004_merged	2	0.0354	0.0092	0.9954
PsFluSBW25_chrm01_circ_6315847	Pf_BP_2_D700_S177_L001-L004_merged	2	0.0277	0.0080	0.9954
PsFluSBW25_chrm01_circ_6315847	Pf_BP_2_D728_S118_L001-L004_merged	2	0.0267	0.0079	0.9954
PsFluSBW25_chrm01_circ_6315847	Pf_BP_2_D756_S154_L001-L004_merged	2	0.0384	0.0101	0.9954
PsFluSBW25_chrm01_circ_6315847	Pf_BP_2_D784_S95_L001-L004_merged	2	0.0333	0.0086	0.9954
PsFluSBW25_chrm01_circ_6315847	Pf_BP_2_D84_S2_L001-L004_merged	2	0.0380	0.0086	0.9954
PsFluSBW25_chrm01_circ_6505457	PS_Pf_r02_2017_01_09_L001	2	0.0202	0.0007	1.0000
PsFluSBW25_chrm01_circ_6505457	Pf_BP_2_D112_S35_L001-L004_merged	2	0.0217	0.0076	1.0000
PsFluSBW25_chrm01_circ_6505457	Pf_BP_2_D140_S68_L001-L004_merged	2	0.0240	0.0064	1.0000
PsFluSBW25_chrm01_circ_6505457	Pf_BP_2_D168_S14_L001-L004_merged	2	0.0273	0.0072	1.0000
PsFluSBW25_chrm01_circ_6505457	Pf_BP_2_D196_S47_L001-L004_merged	2	0.0184	0.0068	1.0000
PsFluSBW25_chrm01_circ_6505457	Pf_BP_2_D224_S80_L001-L004_merged	2	0.0230	0.0064	1.0000
PsFluSBW25_chrm01_circ_6505457	Pf_BP_2_D252_S26_L001-L004_merged	2	0.0174	0.0072	1.0000
PsFluSBW25_chrm01_circ_6505457	Pf_BP_2_D279_S59_L001-L004_merged	2	0.0142	0.0067	1.0000
PsFluSBW25_chrm01_circ_6505457	Pf_BP_2_D28_S12_L001-L004_merged	2	0.0052	0.0053	1.0000
PsFluSBW25_chrm01_circ_6505457	Pf_BP_2_D310_S5_L001-L004_merged	2	0.0223	0.0056	1.0000
PsFluSBW25_chrm01_circ_6505457	Pf_BP_2_D336_S38_L001-L004_merged	2	0.0150	0.0058	1.0000
PsFluSBW25_chrm01_circ_6505457	Pf_BP_2_D364_S71_L001-L004_merged	2	0.0221	0.0069	1.0000
PsFluSBW25_chrm01_circ_6505457	Pf_BP_2_D392_S101_L001-L004_merged	2	0.0215	0.0067	1.0000
PsFluSBW25_chrm01_circ_6505457	Pf_BP_2_D420_S50_L001-L004_merged	2	0.0193	0.0067	1.0000
PsFluSBW25_chrm01_circ_6505457	Pf_BP_2_D448_S83_L001-L004_merged	2	0.0149	0.0061	1.0000
PsFluSBW25_chrm01_circ_6505457	Pf_BP_2_D476_S62_L001-L004_merged	2	0.0245	0.0068	1.0000
PsFluSBW25_chrm01_circ_6505457	Pf_BP_2_D504_S161_L001-L004_merged	2	0.0164	0.0066	1.0000
PsFluSBW25_chrm01_circ_6505457	Pf_BP_2_D532_S126_L001-L004_merged	2	0.0143	0.0060	1.0000
PsFluSBW25_chrm01_circ_6505457	Pf_BP_2_D56_S56_L001-L004_merged	2	0.0245	0.0084	1.0000
PsFluSBW25_chrm01_circ_6505457	Pf_BP_2_D588_S86_L001-L004_merged	2	0.0326	0.0097	1.0000
PsFluSBW25_chrm01_circ_6505457	Pf_BP_2_D623_S104_L001-L004_merged	2	0.0303	0.0091	1.0000
PsFluSBW25_chrm01_circ_6505457	Pf_BP_2_D644_S152_L001-L004_merged	2	0.0354	0.0092	1.0000
PsFluSBW25_chrm01_circ_6505457	Pf_BP_2_D700_S177_L001-L004_merged	2	0.0277	0.0080	1.0000
PsFluSBW25_chrm01_circ_6505457	Pf_BP_2_D728_S118_L001-L004_merged	2	0.0267	0.0079	1.0000
PsFluSBW25_chrm01_circ_6505457	Pf_BP_2_D756_S154_L001-L004_merged	2	0.0384	0.0101	1.0000
PsFluSBW25_chrm01_circ_6505457	Pf_BP_2_D784_S95_L001-L004_merged	2	0.0333	0.0086	1.0000
PsFluSBW25_chrm01_circ_6505457	Pf_BP_2_D84_S2_L001-L004_merged	2	0.0380	0.0086	1.0000
PsFluSBW25_chrm01_circ_700717	PS_Pf_r02_2017_01_09_L001	2	0.0202	0.0007	0.6135
PsFluSBW25_chrm01_circ_700717	Pf_BP_2_D112_S35_L001-L004_merged	2	0.0217	0.0076	0.6135
PsFluSBW25_chrm01_circ_700717	Pf_BP_2_D140_S68_L001-L004_merged	2	0.0240	0.0064	0.6135
PsFluSBW25_chrm01_circ_700717	Pf_BP_2_D168_S14_L001-L004_merged	2	0.0273	0.0072	0.6135
PsFluSBW25_chrm01_circ_700717	Pf_BP_2_D196_S47_L001-L004_merged	2	0.0184	0.0068	0.6135
PsFluSBW25_chrm01_circ_700717	Pf_BP_2_D224_S80_L001-L004_merged	2	0.0230	0.0064	0.6135
PsFluSBW25_chrm01_circ_700717	Pf_BP_2_D252_S26_L001-L004_merged	2	0.0174	0.0072	0.6135
PsFluSBW25_chrm01_circ_700717	Pf_BP_2_D279_S59_L001-L004_merged	2	0.0142	0.0067	0.6135
PsFluSBW25_chrm01_circ_700717	Pf_BP_2_D28_S12_L001-L004_merged	2	0.0052	0.0053	0.6135
PsFluSBW25_chrm01_circ_700717	Pf_BP_2_D310_S5_L001-L004_merged	2	0.0223	0.0056	0.6135
PsFluSBW25_chrm01_circ_700717	Pf_BP_2_D336_S38_L001-L004_merged	2	0.0150	0.0058	0.6135
PsFluSBW25_chrm01_circ_700717	Pf_BP_2_D364_S71_L001-L004_merged	2	0.0221	0.0069	0.6135
PsFluSBW25_chrm01_circ_700717	Pf_BP_2_D392_S101_L001-L004_merged	2	0.0215	0.0067	0.6135
PsFluSBW25_chrm01_circ_700717	Pf_BP_2_D420_S50_L001-L004_merged	2	0.0193	0.0067	0.6135
PsFluSBW25_chrm01_circ_700717	Pf_BP_2_D448_S83_L001-L004_merged	2	0.0149	0.0061	0.6135
PsFluSBW25_chrm01_circ_700717	Pf_BP_2_D476_S62_L001-L004_merged	2	0.0245	0.0068	0.6135
PsFluSBW25_chrm01_circ_700717	Pf_BP_2_D504_S161_L001-L004_merged	2	0.0164	0.0066	0.6135
PsFluSBW25_chrm01_circ_700717	Pf_BP_2_D532_S126_L001-L004_merged	2	0.0143	0.0060	0.6135
PsFluSBW25_chrm01_circ_700717	Pf_BP_2_D56_S56_L001-L004_merged	2	0.0245	0.0084	0.6135
PsFluSBW25_chrm01_circ_700717	Pf_BP_2_D588_S86_L001-L004_merged	2	0.0326	0.0097	0.6135
PsFluSBW25_chrm01_circ_700717	Pf_BP_2_D623_S104_L001-L004_merged	2	0.0303	0.0091	0.6135
PsFluSBW25_chrm01_circ_700717	Pf_BP_2_D644_S152_L001-L004_merged	2	0.0354	0.0092	0.6135
PsFluSBW25_chrm01_circ_700717	Pf_BP_2_D700_S177_L001-L004_merged	2	0.0277	0.0080	0.6135
PsFluSBW25_chrm01_circ_700717	Pf_BP_2_D728_S118_L001-L004_merged	2	0.0267	0.0079	0.6135
PsFluSBW25_chrm01_circ_700717	Pf_BP_2_D756_S154_L001-L004_merged	2	0.0384	0.0101	0.6135
PsFluSBW25_chrm01_circ_700717	Pf_BP_2_D784_S95_L001-L004_merged	2	0.0333	0.0086	0.6135
PsFluSBW25_chrm01_circ_700717	Pf_BP_2_D84_S2_L001-L004_merged	2	0.0380	0.0086	0.6135
PsFluSBW25_chrm01_circ_918687	PS_Pf_r02_2017_01_09_L001	2	0.0202	0.0007	0.7815
PsFluSBW25_chrm01_circ_918687	Pf_BP_2_D112_S35_L001-L004_merged	2	0.0217	0.0076	0.7815
PsFluSBW25_chrm01_circ_918687	Pf_BP_2_D140_S68_L001-L004_merged	2	0.0240	0.0064	0.7815
PsFluSBW25_chrm01_circ_918687	Pf_BP_2_D168_S14_L001-L004_merged	2	0.0273	0.0072	0.7815
PsFluSBW25_chrm01_circ_918687	Pf_BP_2_D196_S47_L001-L004_merged	2	0.0184	0.0068	0.7815
PsFluSBW25_chrm01_circ_918687	Pf_BP_2_D224_S80_L001-L004_merged	2	0.0230	0.0064	0.7815
PsFluSBW25_chrm01_circ_918687	Pf_BP_2_D252_S26_L001-L004_merged	2	0.0174	0.0072	0.7815
PsFluSBW25_chrm01_circ_918687	Pf_BP_2_D279_S59_L001-L004_merged	2	0.0142	0.0067	0.7815
PsFluSBW25_chrm01_circ_918687	Pf_BP_2_D28_S12_L001-L004_merged	2	0.0052	0.0053	0.7815
PsFluSBW25_chrm01_circ_918687	Pf_BP_2_D310_S5_L001-L004_merged	2	0.0223	0.0056	0.7815
PsFluSBW25_chrm01_circ_918687	Pf_BP_2_D336_S38_L001-L004_merged	2	0.0150	0.0058	0.7815
PsFluSBW25_chrm01_circ_918687	Pf_BP_2_D364_S71_L001-L004_merged	2	0.0221	0.0069	0.7815
PsFluSBW25_chrm01_circ_918687	Pf_BP_2_D392_S101_L001-L004_merged	2	0.0215	0.0067	0.7815
PsFluSBW25_chrm01_circ_918687	Pf_BP_2_D420_S50_L001-L004_merged	2	0.0193	0.0067	0.7815
PsFluSBW25_chrm01_circ_918687	Pf_BP_2_D448_S83_L001-L004_merged	2	0.0149	0.0061	0.7815
PsFluSBW25_chrm01_circ_918687	Pf_BP_2_D476_S62_L001-L004_merged	2	0.0245	0.0068	0.7815
PsFluSBW25_chrm01_circ_918687	Pf_BP_2_D504_S161_L001-L004_merged	2	0.0164	0.0066	0.7815
PsFluSBW25_chrm01_circ_918687	Pf_BP_2_D532_S126_L001-L004_merged	2	0.0143	0.0060	0.7815
PsFluSBW25_chrm01_circ_918687	Pf_BP_2_D56_S56_L001-L004_merged	2	0.0245	0.0084	0.7815
PsFluSBW25_chrm01_circ_918687	Pf_BP_2_D588_S86_L001-L004_merged	2	0.0326	0.0097	0.7815
PsFluSBW25_chrm01_circ_918687	Pf_BP_2_D623_S104_L001-L004_merged	2	0.0303	0.0091	0.7815
PsFluSBW25_chrm01_circ_918687	Pf_BP_2_D644_S152_L001-L004_merged	2	0.0354	0.0092	0.7815
PsFluSBW25_chrm01_circ_918687	Pf_BP_2_D700_S177_L001-L004_merged	2	0.0277	0.0080	0.7815
PsFluSBW25_chrm01_circ_918687	Pf_BP_2_D728_S118_L001-L004_merged	2	0.0267	0.0079	0.7815
PsFluSBW25_chrm01_circ_918687	Pf_BP_2_D756_S154_L001-L004_merged	2	0.0384	0.0101	0.7815
PsFluSBW25_chrm01_circ_918687	Pf_BP_2_D784_S95_L001-L004_merged	2	0.0333	0.0086	0.7815
PsFluSBW25_chrm01_circ_918687	Pf_BP_2_D84_S2_L001-L004_merged	2	0.0380	0.0086	0.7815
PsFluSBW25_chrm01_circ_1069089	PS_Pf_r02_2017_01_09_L001	3	0.1350	0.0052	1.0000
PsFluSBW25_chrm01_circ_1069089	Pf_BP_2_D112_S35_L001-L004_merged	3	0.0000	0.0001	1.0000
PsFluSBW25_chrm01_circ_1069089	Pf_BP_2_D140_S68_L001-L004_merged	3	0.0000	0.0000	1.0000
PsFluSBW25_chrm01_circ_1069089	Pf_BP_2_D168_S14_L001-L004_merged	3	0.0000	0.0000	1.0000
PsFluSBW25_chrm01_circ_1069089	Pf_BP_2_D196_S47_L001-L004_merged	3	0.0000	0.0000	1.0000
PsFluSBW25_chrm01_circ_1069089	Pf_BP_2_D224_S80_L001-L004_merged	3	0.0000	0.0000	1.0000
PsFluSBW25_chrm01_circ_1069089	Pf_BP_2_D252_S26_L001-L004_merged	3	0.0000	0.0001	1.0000
PsFluSBW25_chrm01_circ_1069089	Pf_BP_2_D279_S59_L001-L004_merged	3	0.0001	0.0008	1.0000
PsFluSBW25_chrm01_circ_1069089	Pf_BP_2_D28_S12_L001-L004_merged	3	0.0000	0.0000	1.0000
PsFluSBW25_chrm01_circ_1069089	Pf_BP_2_D310_S5_L001-L004_merged	3	0.0000	0.0000	1.0000
PsFluSBW25_chrm01_circ_1069089	Pf_BP_2_D336_S38_L001-L004_merged	3	0.0000	0.0000	1.0000
PsFluSBW25_chrm01_circ_1069089	Pf_BP_2_D364_S71_L001-L004_merged	3	0.0002	0.0014	1.0000
PsFluSBW25_chrm01_circ_1069089	Pf_BP_2_D392_S101_L001-L004_merged	3	0.0000	0.0000	1.0000
PsFluSBW25_chrm01_circ_1069089	Pf_BP_2_D420_S50_L001-L004_merged	3	0.0000	0.0003	1.0000
PsFluSBW25_chrm01_circ_1069089	Pf_BP_2_D448_S83_L001-L004_merged	3	0.0000	0.0001	1.0000
PsFluSBW25_chrm01_circ_1069089	Pf_BP_2_D476_S62_L001-L004_merged	3	0.0307	0.0048	1.0000
PsFluSBW25_chrm01_circ_1069089	Pf_BP_2_D504_S161_L001-L004_merged	3	0.0390	0.0060	1.0000
PsFluSBW25_chrm01_circ_1069089	Pf_BP_2_D532_S126_L001-L004_merged	3	0.0942	0.0091	1.0000
PsFluSBW25_chrm01_circ_1069089	Pf_BP_2_D56_S56_L001-L004_merged	3	0.0000	0.0004	1.0000
PsFluSBW25_chrm01_circ_1069089	Pf_BP_2_D588_S86_L001-L004_merged	3	0.1063	0.0109	1.0000
PsFluSBW25_chrm01_circ_1069089	Pf_BP_2_D623_S104_L001-L004_merged	3	0.0656	0.0079	1.0000
PsFluSBW25_chrm01_circ_1069089	Pf_BP_2_D644_S152_L001-L004_merged	3	0.1016	0.0094	1.0000
PsFluSBW25_chrm01_circ_1069089	Pf_BP_2_D700_S177_L001-L004_merged	3	0.0946	0.0090	1.0000
PsFluSBW25_chrm01_circ_1069089	Pf_BP_2_D728_S118_L001-L004_merged	3	0.1656	0.0117	1.0000
PsFluSBW25_chrm01_circ_1069089	Pf_BP_2_D756_S154_L001-L004_merged	3	0.1124	0.0102	1.0000
PsFluSBW25_chrm01_circ_1069089	Pf_BP_2_D784_S95_L001-L004_merged	3	0.0578	0.0072	1.0000
PsFluSBW25_chrm01_circ_1069089	Pf_BP_2_D84_S2_L001-L004_merged	3	0.0000	0.0001	1.0000
PsFluSBW25_chrm01_circ_1105597	PS_Pf_r02_2017_01_09_L001	3	0.1350	0.0052	1.0000
PsFluSBW25_chrm01_circ_1105597	Pf_BP_2_D112_S35_L001-L004_merged	3	0.0000	0.0001	1.0000
PsFluSBW25_chrm01_circ_1105597	Pf_BP_2_D140_S68_L001-L004_merged	3	0.0000	0.0000	1.0000
PsFluSBW25_chrm01_circ_1105597	Pf_BP_2_D168_S14_L001-L004_merged	3	0.0000	0.0000	1.0000
PsFluSBW25_chrm01_circ_1105597	Pf_BP_2_D196_S47_L001-L004_merged	3	0.0000	0.0000	1.0000
PsFluSBW25_chrm01_circ_1105597	Pf_BP_2_D224_S80_L001-L004_merged	3	0.0000	0.0000	1.0000
PsFluSBW25_chrm01_circ_1105597	Pf_BP_2_D252_S26_L001-L004_merged	3	0.0000	0.0001	1.0000
PsFluSBW25_chrm01_circ_1105597	Pf_BP_2_D279_S59_L001-L004_merged	3	0.0001	0.0008	1.0000
PsFluSBW25_chrm01_circ_1105597	Pf_BP_2_D28_S12_L001-L004_merged	3	0.0000	0.0000	1.0000
PsFluSBW25_chrm01_circ_1105597	Pf_BP_2_D310_S5_L001-L004_merged	3	0.0000	0.0000	1.0000
PsFluSBW25_chrm01_circ_1105597	Pf_BP_2_D336_S38_L001-L004_merged	3	0.0000	0.0000	1.0000
PsFluSBW25_chrm01_circ_1105597	Pf_BP_2_D364_S71_L001-L004_merged	3	0.0002	0.0014	1.0000
PsFluSBW25_chrm01_circ_1105597	Pf_BP_2_D392_S101_L001-L004_merged	3	0.0000	0.0000	1.0000
PsFluSBW25_chrm01_circ_1105597	Pf_BP_2_D420_S50_L001-L004_merged	3	0.0000	0.0003	1.0000
PsFluSBW25_chrm01_circ_1105597	Pf_BP_2_D448_S83_L001-L004_merged	3	0.0000	0.0001	1.0000
PsFluSBW25_chrm01_circ_1105597	Pf_BP_2_D476_S62_L001-L004_merged	3	0.0307	0.0048	1.0000
PsFluSBW25_chrm01_circ_1105597	Pf_BP_2_D504_S161_L001-L004_merged	3	0.0390	0.0060	1.0000
PsFluSBW25_chrm01_circ_1105597	Pf_BP_2_D532_S126_L001-L004_merged	3	0.0942	0.0091	1.0000
PsFluSBW25_chrm01_circ_1105597	Pf_BP_2_D56_S56_L001-L004_merged	3	0.0000	0.0004	1.0000
PsFluSBW25_chrm01_circ_1105597	Pf_BP_2_D588_S86_L001-L004_merged	3	0.1063	0.0109	1.0000
PsFluSBW25_chrm01_circ_1105597	Pf_BP_2_D623_S104_L001-L004_merged	3	0.0656	0.0079	1.0000
PsFluSBW25_chrm01_circ_1105597	Pf_BP_2_D644_S152_L001-L004_merged	3	0.1016	0.0094	1.0000
PsFluSBW25_chrm01_circ_1105597	Pf_BP_2_D700_S177_L001-L004_merged	3	0.0946	0.0090	1.0000
PsFluSBW25_chrm01_circ_1105597	Pf_BP_2_D728_S118_L001-L004_merged	3	0.1656	0.0117	1.0000
PsFluSBW25_chrm01_circ_1105597	Pf_BP_2_D756_S154_L001-L004_merged	3	0.1124	0.0102	1.0000
PsFluSBW25_chrm01_circ_1105597	Pf_BP_2_D784_S95_L001-L004_merged	3	0.0578	0.0072	1.0000
PsFluSBW25_chrm01_circ_1105597	Pf_BP_2_D84_S2_L001-L004_merged	3	0.0000	0.0001	1.0000
PsFluSBW25_chrm01_circ_1260933	PS_Pf_r02_2017_01_09_L001	3	0.1350	0.0052	1.0000
PsFluSBW25_chrm01_circ_1260933	Pf_BP_2_D112_S35_L001-L004_merged	3	0.0000	0.0001	1.0000
PsFluSBW25_chrm01_circ_1260933	Pf_BP_2_D140_S68_L001-L004_merged	3	0.0000	0.0000	1.0000
PsFluSBW25_chrm01_circ_1260933	Pf_BP_2_D168_S14_L001-L004_merged	3	0.0000	0.0000	1.0000
PsFluSBW25_chrm01_circ_1260933	Pf_BP_2_D196_S47_L001-L004_merged	3	0.0000	0.0000	1.0000
PsFluSBW25_chrm01_circ_1260933	Pf_BP_2_D224_S80_L001-L004_merged	3	0.0000	0.0000	1.0000
PsFluSBW25_chrm01_circ_1260933	Pf_BP_2_D252_S26_L001-L004_merged	3	0.0000	0.0001	1.0000
PsFluSBW25_chrm01_circ_1260933	Pf_BP_2_D279_S59_L001-L004_merged	3	0.0001	0.0008	1.0000
PsFluSBW25_chrm01_circ_1260933	Pf_BP_2_D28_S12_L001-L004_merged	3	0.0000	0.0000	1.0000
PsFluSBW25_chrm01_circ_1260933	Pf_BP_2_D310_S5_L001-L004_merged	3	0.0000	0.0000	1.0000
PsFluSBW25_chrm01_circ_1260933	Pf_BP_2_D336_S38_L001-L004_merged	3	0.0000	0.0000	1.0000
PsFluSBW25_chrm01_circ_1260933	Pf_BP_2_D364_S71_L001-L004_merged	3	0.0002	0.0014	1.0000
PsFluSBW25_chrm01_circ_1260933	Pf_BP_2_D392_S101_L001-L004_merged	3	0.0000	0.0000	1.0000
PsFluSBW25_chrm01_circ_1260933	Pf_BP_2_D420_S50_L001-L004_merged	3	0.0000	0.0003	1.0000
PsFluSBW25_chrm01_circ_1260933	Pf_BP_2_D448_S83_L001-L004_merged	3	0.0000	0.0001	1.0000
PsFluSBW25_chrm01_circ_1260933	Pf_BP_2_D476_S62_L001-L004_merged	3	0.0307	0.0048	1.0000
PsFluSBW25_chrm01_circ_1260933	Pf_BP_2_D504_S161_L001-L004_merged	3	0.0390	0.0060	1.0000
PsFluSBW25_chrm01_circ_1260933	Pf_BP_2_D532_S126_L001-L004_merged	3	0.0942	0.0091	1.0000
PsFluSBW25_chrm01_circ_1260933	Pf_BP_2_D56_S56_L001-L004_merged	3	0.0000	0.0004	1.0000
PsFluSBW25_chrm01_circ_1260933	Pf_BP_2_D588_S86_L001-L004_merged	3	0.1063	0.0109	1.0000
PsFluSBW25_chrm01_circ_1260933	Pf_BP_2_D623_S104_L001-L004_merged	3	0.0656	0.0079	1.0000
PsFluSBW25_chrm01_circ_1260933	Pf_BP_2_D644_S152_L001-L004_merged	3	0.1016	0.0094	1.0000
PsFluSBW25_chrm01_circ_1260933	Pf_BP_2_D700_S177_L001-L004_merged	3	0.0946	0.0090	1.0000
PsFluSBW25_chrm01_circ_1260933	Pf_BP_2_D728_S118_L001-L004_merged	3	0.1656	0.0117	1.0000
PsFluSBW25_chrm01_circ_1260933	Pf_BP_2_D756_S154_L001-L004_merged	3	0.1124	0.0102	1.0000
PsFluSBW25_chrm01_circ_1260933	Pf_BP_2_D784_S95_L001-L004_merged	3	0.0578	0.0072	1.0000
PsFluSBW25_chrm01_circ_1260933	Pf_BP_2_D84_S2_L001-L004_merged	3	0.0000	0.0001	1.0000
PsFluSBW25_chrm01_circ_1279522	PS_Pf_r02_2017_01_09_L001	3	0.1350	0.0052	1.0000
PsFluSBW25_chrm01_circ_1279522	Pf_BP_2_D112_S35_L001-L004_merged	3	0.0000	0.0001	1.0000
PsFluSBW25_chrm01_circ_1279522	Pf_BP_2_D140_S68_L001-L004_merged	3	0.0000	0.0000	1.0000
PsFluSBW25_chrm01_circ_1279522	Pf_BP_2_D168_S14_L001-L004_merged	3	0.0000	0.0000	1.0000
PsFluSBW25_chrm01_circ_1279522	Pf_BP_2_D196_S47_L001-L004_merged	3	0.0000	0.0000	1.0000
PsFluSBW25_chrm01_circ_1279522	Pf_BP_2_D224_S80_L001-L004_merged	3	0.0000	0.0000	1.0000
PsFluSBW25_chrm01_circ_1279522	Pf_BP_2_D252_S26_L001-L004_merged	3	0.0000	0.0001	1.0000
PsFluSBW25_chrm01_circ_1279522	Pf_BP_2_D279_S59_L001-L004_merged	3	0.0001	0.0008	1.0000
PsFluSBW25_chrm01_circ_1279522	Pf_BP_2_D28_S12_L001-L004_merged	3	0.0000	0.0000	1.0000
PsFluSBW25_chrm01_circ_1279522	Pf_BP_2_D310_S5_L001-L004_merged	3	0.0000	0.0000	1.0000
PsFluSBW25_chrm01_circ_1279522	Pf_BP_2_D336_S38_L001-L004_merged	3	0.0000	0.0000	1.0000
PsFluSBW25_chrm01_circ_1279522	Pf_BP_2_D364_S71_L001-L004_merged	3	0.0002	0.0014	1.0000
PsFluSBW25_chrm01_circ_1279522	Pf_BP_2_D392_S101_L001-L004_merged	3	0.0000	0.0000	1.0000
PsFluSBW25_chrm01_circ_1279522	Pf_BP_2_D420_S50_L001-L004_merged	3	0.0000	0.0003	1.0000
PsFluSBW25_chrm01_circ_1279522	Pf_BP_2_D448_S83_L001-L004_merged	3	0.0000	0.0001	1.0000
PsFluSBW25_chrm01_circ_1279522	Pf_BP_2_D476_S62_L001-L004_merged	3	0.0307	0.0048	1.0000
PsFluSBW25_chrm01_circ_1279522	Pf_BP_2_D504_S161_L001-L004_merged	3	0.0390	0.0060	1.0000
PsFluSBW25_chrm01_circ_1279522	Pf_BP_2_D532_S126_L001-L004_merged	3	0.0942	0.0091	1.0000
PsFluSBW25_chrm01_circ_1279522	Pf_BP_2_D56_S56_L001-L004_merged	3	0.0000	0.0004	1.0000
PsFluSBW25_chrm01_circ_1279522	Pf_BP_2_D588_S86_L001-L004_merged	3	0.1063	0.0109	1.0000
PsFluSBW25_chrm01_circ_1279522	Pf_BP_2_D623_S104_L001-L004_merged	3	0.0656	0.0079	1.0000
PsFluSBW25_chrm01_circ_1279522	Pf_BP_2_D644_S152_L001-L004_merged	3	0.1016	0.0094	1.0000
PsFluSBW25_chrm01_circ_1279522	Pf_BP_2_D700_S177_L001-L004_merged	3	0.0946	0.0090	1.0000
PsFluSBW25_chrm01_circ_1279522	Pf_BP_2_D728_S118_L001-L004_merged	3	0.1656	0.0117	1.0000
PsFluSBW25_chrm01_circ_1279522	Pf_BP_2_D756_S154_L001-L004_merged	3	0.1124	0.0102	1.0000
PsFluSBW25_chrm01_circ_1279522	Pf_BP_2_D784_S95_L001-L004_merged	3	0.0578	0.0072	1.0000
PsFluSBW25_chrm01_circ_1279522	Pf_BP_2_D84_S2_L001-L004_merged	3	0.0000	0.0001	1.0000
PsFluSBW25_chrm01_circ_1413500	PS_Pf_r02_2017_01_09_L001	3	0.1350	0.0052	1.0000
PsFluSBW25_chrm01_circ_1413500	Pf_BP_2_D112_S35_L001-L004_merged	3	0.0000	0.0001	1.0000
PsFluSBW25_chrm01_circ_1413500	Pf_BP_2_D140_S68_L001-L004_merged	3	0.0000	0.0000	1.0000
PsFluSBW25_chrm01_circ_1413500	Pf_BP_2_D168_S14_L001-L004_merged	3	0.0000	0.0000	1.0000
PsFluSBW25_chrm01_circ_1413500	Pf_BP_2_D196_S47_L001-L004_merged	3	0.0000	0.0000	1.0000
PsFluSBW25_chrm01_circ_1413500	Pf_BP_2_D224_S80_L001-L004_merged	3	0.0000	0.0000	1.0000
PsFluSBW25_chrm01_circ_1413500	Pf_BP_2_D252_S26_L001-L004_merged	3	0.0000	0.0001	1.0000
PsFluSBW25_chrm01_circ_1413500	Pf_BP_2_D279_S59_L001-L004_merged	3	0.0001	0.0008	1.0000
PsFluSBW25_chrm01_circ_1413500	Pf_BP_2_D28_S12_L001-L004_merged	3	0.0000	0.0000	1.0000
PsFluSBW25_chrm01_circ_1413500	Pf_BP_2_D310_S5_L001-L004_merged	3	0.0000	0.0000	1.0000
PsFluSBW25_chrm01_circ_1413500	Pf_BP_2_D336_S38_L001-L004_merged	3	0.0000	0.0000	1.0000
PsFluSBW25_chrm01_circ_1413500	Pf_BP_2_D364_S71_L001-L004_merged	3	0.0002	0.0014	1.0000
PsFluSBW25_chrm01_circ_1413500	Pf_BP_2_D392_S101_L001-L004_merged	3	0.0000	0.0000	1.0000
PsFluSBW25_chrm01_circ_1413500	Pf_BP_2_D420_S50_L001-L004_merged	3	0.0000	0.0003	1.0000
PsFluSBW25_chrm01_circ_1413500	Pf_BP_2_D448_S83_L001-L004_merged	3	0.0000	0.0001	1.0000
PsFluSBW25_chrm01_circ_1413500	Pf_BP_2_D476_S62_L001-L004_merged	3	0.0307	0.0048	1.0000
PsFluSBW25_chrm01_circ_1413500	Pf_BP_2_D504_S161_L001-L004_merged	3	0.0390	0.0060	1.0000
PsFluSBW25_chrm01_circ_1413500	Pf_BP_2_D532_S126_L001-L004_merged	3	0.0942	0.0091	1.0000
PsFluSBW25_chrm01_circ_1413500	Pf_BP_2_D56_S56_L001-L004_merged	3	0.0000	0.0004	1.0000
PsFluSBW25_chrm01_circ_1413500	Pf_BP_2_D588_S86_L001-L004_merged	3	0.1063	0.0109	1.0000
PsFluSBW25_chrm01_circ_1413500	Pf_BP_2_D623_S104_L001-L004_merged	3	0.0656	0.0079	1.0000
PsFluSBW25_chrm01_circ_1413500	Pf_BP_2_D644_S152_L001-L004_merged	3	0.1016	0.0094	1.0000
PsFluSBW25_chrm01_circ_1413500	Pf_BP_2_D700_S177_L001-L004_merged	3	0.0946	0.0090	1.0000
PsFluSBW25_chrm01_circ_1413500	Pf_BP_2_D728_S118_L001-L004_merged	3	0.1656	0.0117	1.0000
PsFluSBW25_chrm01_circ_1413500	Pf_BP_2_D756_S154_L001-L004_merged	3	0.1124	0.0102	1.0000
PsFluSBW25_chrm01_circ_1413500	Pf_BP_2_D784_S95_L001-L004_merged	3	0.0578	0.0072	1.0000
PsFluSBW25_chrm01_circ_1413500	Pf_BP_2_D84_S2_L001-L004_merged	3	0.0000	0.0001	1.0000
PsFluSBW25_chrm01_circ_1551821	PS_Pf_r02_2017_01_09_L001	3	0.1350	0.0052	1.0000
PsFluSBW25_chrm01_circ_1551821	Pf_BP_2_D112_S35_L001-L004_merged	3	0.0000	0.0001	1.0000
PsFluSBW25_chrm01_circ_1551821	Pf_BP_2_D140_S68_L001-L004_merged	3	0.0000	0.0000	1.0000
PsFluSBW25_chrm01_circ_1551821	Pf_BP_2_D168_S14_L001-L004_merged	3	0.0000	0.0000	1.0000
PsFluSBW25_chrm01_circ_1551821	Pf_BP_2_D196_S47_L001-L004_merged	3	0.0000	0.0000	1.0000
PsFluSBW25_chrm01_circ_1551821	Pf_BP_2_D224_S80_L001-L004_merged	3	0.0000	0.0000	1.0000
PsFluSBW25_chrm01_circ_1551821	Pf_BP_2_D252_S26_L001-L004_merged	3	0.0000	0.0001	1.0000
PsFluSBW25_chrm01_circ_1551821	Pf_BP_2_D279_S59_L001-L004_merged	3	0.0001	0.0008	1.0000
PsFluSBW25_chrm01_circ_1551821	Pf_BP_2_D28_S12_L001-L004_merged	3	0.0000	0.0000	1.0000
PsFluSBW25_chrm01_circ_1551821	Pf_BP_2_D310_S5_L001-L004_merged	3	0.0000	0.0000	1.0000
PsFluSBW25_chrm01_circ_1551821	Pf_BP_2_D336_S38_L001-L004_merged	3	0.0000	0.0000	1.0000
PsFluSBW25_chrm01_circ_1551821	Pf_BP_2_D364_S71_L001-L004_merged	3	0.0002	0.0014	1.0000
PsFluSBW25_chrm01_circ_1551821	Pf_BP_2_D392_S101_L001-L004_merged	3	0.0000	0.0000	1.0000
PsFluSBW25_chrm01_circ_1551821	Pf_BP_2_D420_S50_L001-L004_merged	3	0.0000	0.0003	1.0000
PsFluSBW25_chrm01_circ_1551821	Pf_BP_2_D448_S83_L001-L004_merged	3	0.0000	0.0001	1.0000
PsFluSBW25_chrm01_circ_1551821	Pf_BP_2_D476_S62_L001-L004_merged	3	0.0307	0.0048	1.0000
PsFluSBW25_chrm01_circ_1551821	Pf_BP_2_D504_S161_L001-L004_merged	3	0.0390	0.0060	1.0000
PsFluSBW25_chrm01_circ_1551821	Pf_BP_2_D532_S126_L001-L004_merged	3	0.0942	0.0091	1.0000
PsFluSBW25_chrm01_circ_1551821	Pf_BP_2_D56_S56_L001-L004_merged	3	0.0000	0.0004	1.0000
PsFluSBW25_chrm01_circ_1551821	Pf_BP_2_D588_S86_L001-L004_merged	3	0.1063	0.0109	1.0000
PsFluSBW25_chrm01_circ_1551821	Pf_BP_2_D623_S104_L001-L004_merged	3	0.0656	0.0079	1.0000
PsFluSBW25_chrm01_circ_1551821	Pf_BP_2_D644_S152_L001-L004_merged	3	0.1016	0.0094	1.0000
PsFluSBW25_chrm01_circ_1551821	Pf_BP_2_D700_S177_L001-L004_merged	3	0.0946	0.0090	1.0000
PsFluSBW25_chrm01_circ_1551821	Pf_BP_2_D728_S118_L001-L004_merged	3	0.1656	0.0117	1.0000
PsFluSBW25_chrm01_circ_1551821	Pf_BP_2_D756_S154_L001-L004_merged	3	0.1124	0.0102	1.0000
PsFluSBW25_chrm01_circ_1551821	Pf_BP_2_D784_S95_L001-L004_merged	3	0.0578	0.0072	1.0000
PsFluSBW25_chrm01_circ_1551821	Pf_BP_2_D84_S2_L001-L004_merged	3	0.0000	0.0001	1.0000
PsFluSBW25_chrm01_circ_1701840	PS_Pf_r02_2017_01_09_L001	3	0.1350	0.0052	1.0000
PsFluSBW25_chrm01_circ_1701840	Pf_BP_2_D112_S35_L001-L004_merged	3	0.0000	0.0001	1.0000
PsFluSBW25_chrm01_circ_1701840	Pf_BP_2_D140_S68_L001-L004_merged	3	0.0000	0.0000	1.0000
PsFluSBW25_chrm01_circ_1701840	Pf_BP_2_D168_S14_L001-L004_merged	3	0.0000	0.0000	1.0000
PsFluSBW25_chrm01_circ_1701840	Pf_BP_2_D196_S47_L001-L004_merged	3	0.0000	0.0000	1.0000
PsFluSBW25_chrm01_circ_1701840	Pf_BP_2_D224_S80_L001-L004_merged	3	0.0000	0.0000	1.0000
PsFluSBW25_chrm01_circ_1701840	Pf_BP_2_D252_S26_L001-L004_merged	3	0.0000	0.0001	1.0000
PsFluSBW25_chrm01_circ_1701840	Pf_BP_2_D279_S59_L001-L004_merged	3	0.0001	0.0008	1.0000
PsFluSBW25_chrm01_circ_1701840	Pf_BP_2_D28_S12_L001-L004_merged	3	0.0000	0.0000	1.0000
PsFluSBW25_chrm01_circ_1701840	Pf_BP_2_D310_S5_L001-L004_merged	3	0.0000	0.0000	1.0000
PsFluSBW25_chrm01_circ_1701840	Pf_BP_2_D336_S38_L001-L004_merged	3	0.0000	0.0000	1.0000
PsFluSBW25_chrm01_circ_1701840	Pf_BP_2_D364_S71_L001-L004_merged	3	0.0002	0.0014	1.0000
PsFluSBW25_chrm01_circ_1701840	Pf_BP_2_D392_S101_L001-L004_merged	3	0.0000	0.0000	1.0000
PsFluSBW25_chrm01_circ_1701840	Pf_BP_2_D420_S50_L001-L004_merged	3	0.0000	0.0003	1.0000
PsFluSBW25_chrm01_circ_1701840	Pf_BP_2_D448_S83_L001-L004_merged	3	0.0000	0.0001	1.0000
PsFluSBW25_chrm01_circ_1701840	Pf_BP_2_D476_S62_L001-L004_merged	3	0.0307	0.0048	1.0000
PsFluSBW25_chrm01_circ_1701840	Pf_BP_2_D504_S161_L001-L004_merged	3	0.0390	0.0060	1.0000
PsFluSBW25_chrm01_circ_1701840	Pf_BP_2_D532_S126_L001-L004_merged	3	0.0942	0.0091	1.0000
PsFluSBW25_chrm01_circ_1701840	Pf_BP_2_D56_S56_L001-L004_merged	3	0.0000	0.0004	1.0000
PsFluSBW25_chrm01_circ_1701840	Pf_BP_2_D588_S86_L001-L004_merged	3	0.1063	0.0109	1.0000
PsFluSBW25_chrm01_circ_1701840	Pf_BP_2_D623_S104_L001-L004_merged	3	0.0656	0.0079	1.0000
PsFluSBW25_chrm01_circ_1701840	Pf_BP_2_D644_S152_L001-L004_merged	3	0.1016	0.0094	1.0000
PsFluSBW25_chrm01_circ_1701840	Pf_BP_2_D700_S177_L001-L004_merged	3	0.0946	0.0090	1.0000
PsFluSBW25_chrm01_circ_1701840	Pf_BP_2_D728_S118_L001-L004_merged	3	0.1656	0.0117	1.0000
PsFluSBW25_chrm01_circ_1701840	Pf_BP_2_D756_S154_L001-L004_merged	3	0.1124	0.0102	1.0000
PsFluSBW25_chrm01_circ_1701840	Pf_BP_2_D784_S95_L001-L004_merged	3	0.0578	0.0072	1.0000
PsFluSBW25_chrm01_circ_1701840	Pf_BP_2_D84_S2_L001-L004_merged	3	0.0000	0.0001	1.0000
PsFluSBW25_chrm01_circ_2079271	PS_Pf_r02_2017_01_09_L001	3	0.1350	0.0052	1.0000
PsFluSBW25_chrm01_circ_2079271	Pf_BP_2_D112_S35_L001-L004_merged	3	0.0000	0.0001	1.0000
PsFluSBW25_chrm01_circ_2079271	Pf_BP_2_D140_S68_L001-L004_merged	3	0.0000	0.0000	1.0000
PsFluSBW25_chrm01_circ_2079271	Pf_BP_2_D168_S14_L001-L004_merged	3	0.0000	0.0000	1.0000
PsFluSBW25_chrm01_circ_2079271	Pf_BP_2_D196_S47_L001-L004_merged	3	0.0000	0.0000	1.0000
PsFluSBW25_chrm01_circ_2079271	Pf_BP_2_D224_S80_L001-L004_merged	3	0.0000	0.0000	1.0000
PsFluSBW25_chrm01_circ_2079271	Pf_BP_2_D252_S26_L001-L004_merged	3	0.0000	0.0001	1.0000
PsFluSBW25_chrm01_circ_2079271	Pf_BP_2_D279_S59_L001-L004_merged	3	0.0001	0.0008	1.0000
PsFluSBW25_chrm01_circ_2079271	Pf_BP_2_D28_S12_L001-L004_merged	3	0.0000	0.0000	1.0000
PsFluSBW25_chrm01_circ_2079271	Pf_BP_2_D310_S5_L001-L004_merged	3	0.0000	0.0000	1.0000
PsFluSBW25_chrm01_circ_2079271	Pf_BP_2_D336_S38_L001-L004_merged	3	0.0000	0.0000	1.0000
PsFluSBW25_chrm01_circ_2079271	Pf_BP_2_D364_S71_L001-L004_merged	3	0.0002	0.0014	1.0000
PsFluSBW25_chrm01_circ_2079271	Pf_BP_2_D392_S101_L001-L004_merged	3	0.0000	0.0000	1.0000
PsFluSBW25_chrm01_circ_2079271	Pf_BP_2_D420_S50_L001-L004_merged	3	0.0000	0.0003	1.0000
PsFluSBW25_chrm01_circ_2079271	Pf_BP_2_D448_S83_L001-L004_merged	3	0.0000	0.0001	1.0000
PsFluSBW25_chrm01_circ_2079271	Pf_BP_2_D476_S62_L001-L004_merged	3	0.0307	0.0048	1.0000
PsFluSBW25_chrm01_circ_2079271	Pf_BP_2_D504_S161_L001-L004_merged	3	0.0390	0.0060	1.0000
PsFluSBW25_chrm01_circ_2079271	Pf_BP_2_D532_S126_L001-L004_merged	3	0.0942	0.0091	1.0000
PsFluSBW25_chrm01_circ_2079271	Pf_BP_2_D56_S56_L001-L004_merged	3	0.0000	0.0004	1.0000
PsFluSBW25_chrm01_circ_2079271	Pf_BP_2_D588_S86_L001-L004_merged	3	0.1063	0.0109	1.0000
PsFluSBW25_chrm01_circ_2079271	Pf_BP_2_D623_S104_L001-L004_merged	3	0.0656	0.0079	1.0000
PsFluSBW25_chrm01_circ_2079271	Pf_BP_2_D644_S152_L001-L004_merged	3	0.1016	0.0094	1.0000
PsFluSBW25_chrm01_circ_2079271	Pf_BP_2_D700_S177_L001-L004_merged	3	0.0946	0.0090	1.0000
PsFluSBW25_chrm01_circ_2079271	Pf_BP_2_D728_S118_L001-L004_merged	3	0.1656	0.0117	1.0000
PsFluSBW25_chrm01_circ_2079271	Pf_BP_2_D756_S154_L001-L004_merged	3	0.1124	0.0102	1.0000
PsFluSBW25_chrm01_circ_2079271	Pf_BP_2_D784_S95_L001-L004_merged	3	0.0578	0.0072	1.0000
PsFluSBW25_chrm01_circ_2079271	Pf_BP_2_D84_S2_L001-L004_merged	3	0.0000	0.0001	1.0000
PsFluSBW25_chrm01_circ_2095125	PS_Pf_r02_2017_01_09_L001	3	0.1350	0.0052	1.0000
PsFluSBW25_chrm01_circ_2095125	Pf_BP_2_D112_S35_L001-L004_merged	3	0.0000	0.0001	1.0000
PsFluSBW25_chrm01_circ_2095125	Pf_BP_2_D140_S68_L001-L004_merged	3	0.0000	0.0000	1.0000
PsFluSBW25_chrm01_circ_2095125	Pf_BP_2_D168_S14_L001-L004_merged	3	0.0000	0.0000	1.0000
PsFluSBW25_chrm01_circ_2095125	Pf_BP_2_D196_S47_L001-L004_merged	3	0.0000	0.0000	1.0000
PsFluSBW25_chrm01_circ_2095125	Pf_BP_2_D224_S80_L001-L004_merged	3	0.0000	0.0000	1.0000
PsFluSBW25_chrm01_circ_2095125	Pf_BP_2_D252_S26_L001-L004_merged	3	0.0000	0.0001	1.0000
PsFluSBW25_chrm01_circ_2095125	Pf_BP_2_D279_S59_L001-L004_merged	3	0.0001	0.0008	1.0000
PsFluSBW25_chrm01_circ_2095125	Pf_BP_2_D28_S12_L001-L004_merged	3	0.0000	0.0000	1.0000
PsFluSBW25_chrm01_circ_2095125	Pf_BP_2_D310_S5_L001-L004_merged	3	0.0000	0.0000	1.0000
PsFluSBW25_chrm01_circ_2095125	Pf_BP_2_D336_S38_L001-L004_merged	3	0.0000	0.0000	1.0000
PsFluSBW25_chrm01_circ_2095125	Pf_BP_2_D364_S71_L001-L004_merged	3	0.0002	0.0014	1.0000
PsFluSBW25_chrm01_circ_2095125	Pf_BP_2_D392_S101_L001-L004_merged	3	0.0000	0.0000	1.0000
PsFluSBW25_chrm01_circ_2095125	Pf_BP_2_D420_S50_L001-L004_merged	3	0.0000	0.0003	1.0000
PsFluSBW25_chrm01_circ_2095125	Pf_BP_2_D448_S83_L001-L004_merged	3	0.0000	0.0001	1.0000
PsFluSBW25_chrm01_circ_2095125	Pf_BP_2_D476_S62_L001-L004_merged	3	0.0307	0.0048	1.0000
PsFluSBW25_chrm01_circ_2095125	Pf_BP_2_D504_S161_L001-L004_merged	3	0.0390	0.0060	1.0000
PsFluSBW25_chrm01_circ_2095125	Pf_BP_2_D532_S126_L001-L004_merged	3	0.0942	0.0091	1.0000
PsFluSBW25_chrm01_circ_2095125	Pf_BP_2_D56_S56_L001-L004_merged	3	0.0000	0.0004	1.0000
PsFluSBW25_chrm01_circ_2095125	Pf_BP_2_D588_S86_L001-L004_merged	3	0.1063	0.0109	1.0000
PsFluSBW25_chrm01_circ_2095125	Pf_BP_2_D623_S104_L001-L004_merged	3	0.0656	0.0079	1.0000
PsFluSBW25_chrm01_circ_2095125	Pf_BP_2_D644_S152_L001-L004_merged	3	0.1016	0.0094	1.0000
PsFluSBW25_chrm01_circ_2095125	Pf_BP_2_D700_S177_L001-L004_merged	3	0.0946	0.0090	1.0000
PsFluSBW25_chrm01_circ_2095125	Pf_BP_2_D728_S118_L001-L004_merged	3	0.1656	0.0117	1.0000
PsFluSBW25_chrm01_circ_2095125	Pf_BP_2_D756_S154_L001-L004_merged	3	0.1124	0.0102	1.0000
PsFluSBW25_chrm01_circ_2095125	Pf_BP_2_D784_S95_L001-L004_merged	3	0.0578	0.0072	1.0000
PsFluSBW25_chrm01_circ_2095125	Pf_BP_2_D84_S2_L001-L004_merged	3	0.0000	0.0001	1.0000
PsFluSBW25_chrm01_circ_2291988	PS_Pf_r02_2017_01_09_L001	3	0.1350	0.0052	1.0000
PsFluSBW25_chrm01_circ_2291988	Pf_BP_2_D112_S35_L001-L004_merged	3	0.0000	0.0001	1.0000
PsFluSBW25_chrm01_circ_2291988	Pf_BP_2_D140_S68_L001-L004_merged	3	0.0000	0.0000	1.0000
PsFluSBW25_chrm01_circ_2291988	Pf_BP_2_D168_S14_L001-L004_merged	3	0.0000	0.0000	1.0000
PsFluSBW25_chrm01_circ_2291988	Pf_BP_2_D196_S47_L001-L004_merged	3	0.0000	0.0000	1.0000
PsFluSBW25_chrm01_circ_2291988	Pf_BP_2_D224_S80_L001-L004_merged	3	0.0000	0.0000	1.0000
PsFluSBW25_chrm01_circ_2291988	Pf_BP_2_D252_S26_L001-L004_merged	3	0.0000	0.0001	1.0000
PsFluSBW25_chrm01_circ_2291988	Pf_BP_2_D279_S59_L001-L004_merged	3	0.0001	0.0008	1.0000
PsFluSBW25_chrm01_circ_2291988	Pf_BP_2_D28_S12_L001-L004_merged	3	0.0000	0.0000	1.0000
PsFluSBW25_chrm01_circ_2291988	Pf_BP_2_D310_S5_L001-L004_merged	3	0.0000	0.0000	1.0000
PsFluSBW25_chrm01_circ_2291988	Pf_BP_2_D336_S38_L001-L004_merged	3	0.0000	0.0000	1.0000
PsFluSBW25_chrm01_circ_2291988	Pf_BP_2_D364_S71_L001-L004_merged	3	0.0002	0.0014	1.0000
PsFluSBW25_chrm01_circ_2291988	Pf_BP_2_D392_S101_L001-L004_merged	3	0.0000	0.0000	1.0000
PsFluSBW25_chrm01_circ_2291988	Pf_BP_2_D420_S50_L001-L004_merged	3	0.0000	0.0003	1.0000
PsFluSBW25_chrm01_circ_2291988	Pf_BP_2_D448_S83_L001-L004_merged	3	0.0000	0.0001	1.0000
PsFluSBW25_chrm01_circ_2291988	Pf_BP_2_D476_S62_L001-L004_merged	3	0.0307	0.0048	1.0000
PsFluSBW25_chrm01_circ_2291988	Pf_BP_2_D504_S161_L001-L004_merged	3	0.0390	0.0060	1.0000
PsFluSBW25_chrm01_circ_2291988	Pf_BP_2_D532_S126_L001-L004_merged	3	0.0942	0.0091	1.0000
PsFluSBW25_chrm01_circ_2291988	Pf_BP_2_D56_S56_L001-L004_merged	3	0.0000	0.0004	1.0000
PsFluSBW25_chrm01_circ_2291988	Pf_BP_2_D588_S86_L001-L004_merged	3	0.1063	0.0109	1.0000
PsFluSBW25_chrm01_circ_2291988	Pf_BP_2_D623_S104_L001-L004_merged	3	0.0656	0.0079	1.0000
PsFluSBW25_chrm01_circ_2291988	Pf_BP_2_D644_S152_L001-L004_merged	3	0.1016	0.0094	1.0000
PsFluSBW25_chrm01_circ_2291988	Pf_BP_2_D700_S177_L001-L004_merged	3	0.0946	0.0090	1.0000
PsFluSBW25_chrm01_circ_2291988	Pf_BP_2_D728_S118_L001-L004_merged	3	0.1656	0.0117	1.0000
PsFluSBW25_chrm01_circ_2291988	Pf_BP_2_D756_S154_L001-L004_merged	3	0.1124	0.0102	1.0000
PsFluSBW25_chrm01_circ_2291988	Pf_BP_2_D784_S95_L001-L004_merged	3	0.0578	0.0072	1.0000
PsFluSBW25_chrm01_circ_2291988	Pf_BP_2_D84_S2_L001-L004_merged	3	0.0000	0.0001	1.0000
PsFluSBW25_chrm01_circ_2382378	PS_Pf_r02_2017_01_09_L001	3	0.1350	0.0052	1.0000
PsFluSBW25_chrm01_circ_2382378	Pf_BP_2_D112_S35_L001-L004_merged	3	0.0000	0.0001	1.0000
PsFluSBW25_chrm01_circ_2382378	Pf_BP_2_D140_S68_L001-L004_merged	3	0.0000	0.0000	1.0000
PsFluSBW25_chrm01_circ_2382378	Pf_BP_2_D168_S14_L001-L004_merged	3	0.0000	0.0000	1.0000
PsFluSBW25_chrm01_circ_2382378	Pf_BP_2_D196_S47_L001-L004_merged	3	0.0000	0.0000	1.0000
PsFluSBW25_chrm01_circ_2382378	Pf_BP_2_D224_S80_L001-L004_merged	3	0.0000	0.0000	1.0000
PsFluSBW25_chrm01_circ_2382378	Pf_BP_2_D252_S26_L001-L004_merged	3	0.0000	0.0001	1.0000
PsFluSBW25_chrm01_circ_2382378	Pf_BP_2_D279_S59_L001-L004_merged	3	0.0001	0.0008	1.0000
PsFluSBW25_chrm01_circ_2382378	Pf_BP_2_D28_S12_L001-L004_merged	3	0.0000	0.0000	1.0000
PsFluSBW25_chrm01_circ_2382378	Pf_BP_2_D310_S5_L001-L004_merged	3	0.0000	0.0000	1.0000
PsFluSBW25_chrm01_circ_2382378	Pf_BP_2_D336_S38_L001-L004_merged	3	0.0000	0.0000	1.0000
PsFluSBW25_chrm01_circ_2382378	Pf_BP_2_D364_S71_L001-L004_merged	3	0.0002	0.0014	1.0000
PsFluSBW25_chrm01_circ_2382378	Pf_BP_2_D392_S101_L001-L004_merged	3	0.0000	0.0000	1.0000
PsFluSBW25_chrm01_circ_2382378	Pf_BP_2_D420_S50_L001-L004_merged	3	0.0000	0.0003	1.0000
PsFluSBW25_chrm01_circ_2382378	Pf_BP_2_D448_S83_L001-L004_merged	3	0.0000	0.0001	1.0000
PsFluSBW25_chrm01_circ_2382378	Pf_BP_2_D476_S62_L001-L004_merged	3	0.0307	0.0048	1.0000
PsFluSBW25_chrm01_circ_2382378	Pf_BP_2_D504_S161_L001-L004_merged	3	0.0390	0.0060	1.0000
PsFluSBW25_chrm01_circ_2382378	Pf_BP_2_D532_S126_L001-L004_merged	3	0.0942	0.0091	1.0000
PsFluSBW25_chrm01_circ_2382378	Pf_BP_2_D56_S56_L001-L004_merged	3	0.0000	0.0004	1.0000
PsFluSBW25_chrm01_circ_2382378	Pf_BP_2_D588_S86_L001-L004_merged	3	0.1063	0.0109	1.0000
PsFluSBW25_chrm01_circ_2382378	Pf_BP_2_D623_S104_L001-L004_merged	3	0.0656	0.0079	1.0000
PsFluSBW25_chrm01_circ_2382378	Pf_BP_2_D644_S152_L001-L004_merged	3	0.1016	0.0094	1.0000
PsFluSBW25_chrm01_circ_2382378	Pf_BP_2_D700_S177_L001-L004_merged	3	0.0946	0.0090	1.0000
PsFluSBW25_chrm01_circ_2382378	Pf_BP_2_D728_S118_L001-L004_merged	3	0.1656	0.0117	1.0000
PsFluSBW25_chrm01_circ_2382378	Pf_BP_2_D756_S154_L001-L004_merged	3	0.1124	0.0102	1.0000
PsFluSBW25_chrm01_circ_2382378	Pf_BP_2_D784_S95_L001-L004_merged	3	0.0578	0.0072	1.0000
PsFluSBW25_chrm01_circ_2382378	Pf_BP_2_D84_S2_L001-L004_merged	3	0.0000	0.0001	1.0000
PsFluSBW25_chrm01_circ_2938771	PS_Pf_r02_2017_01_09_L001	3	0.1350	0.0052	1.0000
PsFluSBW25_chrm01_circ_2938771	Pf_BP_2_D112_S35_L001-L004_merged	3	0.0000	0.0001	1.0000
PsFluSBW25_chrm01_circ_2938771	Pf_BP_2_D140_S68_L001-L004_merged	3	0.0000	0.0000	1.0000
PsFluSBW25_chrm01_circ_2938771	Pf_BP_2_D168_S14_L001-L004_merged	3	0.0000	0.0000	1.0000
PsFluSBW25_chrm01_circ_2938771	Pf_BP_2_D196_S47_L001-L004_merged	3	0.0000	0.0000	1.0000
PsFluSBW25_chrm01_circ_2938771	Pf_BP_2_D224_S80_L001-L004_merged	3	0.0000	0.0000	1.0000
PsFluSBW25_chrm01_circ_2938771	Pf_BP_2_D252_S26_L001-L004_merged	3	0.0000	0.0001	1.0000
PsFluSBW25_chrm01_circ_2938771	Pf_BP_2_D279_S59_L001-L004_merged	3	0.0001	0.0008	1.0000
PsFluSBW25_chrm01_circ_2938771	Pf_BP_2_D28_S12_L001-L004_merged	3	0.0000	0.0000	1.0000
PsFluSBW25_chrm01_circ_2938771	Pf_BP_2_D310_S5_L001-L004_merged	3	0.0000	0.0000	1.0000
PsFluSBW25_chrm01_circ_2938771	Pf_BP_2_D336_S38_L001-L004_merged	3	0.0000	0.0000	1.0000
PsFluSBW25_chrm01_circ_2938771	Pf_BP_2_D364_S71_L001-L004_merged	3	0.0002	0.0014	1.0000
PsFluSBW25_chrm01_circ_2938771	Pf_BP_2_D392_S101_L001-L004_merged	3	0.0000	0.0000	1.0000
PsFluSBW25_chrm01_circ_2938771	Pf_BP_2_D420_S50_L001-L004_merged	3	0.0000	0.0003	1.0000
PsFluSBW25_chrm01_circ_2938771	Pf_BP_2_D448_S83_L001-L004_merged	3	0.0000	0.0001	1.0000
PsFluSBW25_chrm01_circ_2938771	Pf_BP_2_D476_S62_L001-L004_merged	3	0.0307	0.0048	1.0000
PsFluSBW25_chrm01_circ_2938771	Pf_BP_2_D504_S161_L001-L004_merged	3	0.0390	0.0060	1.0000
PsFluSBW25_chrm01_circ_2938771	Pf_BP_2_D532_S126_L001-L004_merged	3	0.0942	0.0091	1.0000
PsFluSBW25_chrm01_circ_2938771	Pf_BP_2_D56_S56_L001-L004_merged	3	0.0000	0.0004	1.0000
PsFluSBW25_chrm01_circ_2938771	Pf_BP_2_D588_S86_L001-L004_merged	3	0.1063	0.0109	1.0000
PsFluSBW25_chrm01_circ_2938771	Pf_BP_2_D623_S104_L001-L004_merged	3	0.0656	0.0079	1.0000
PsFluSBW25_chrm01_circ_2938771	Pf_BP_2_D644_S152_L001-L004_merged	3	0.1016	0.0094	1.0000
PsFluSBW25_chrm01_circ_2938771	Pf_BP_2_D700_S177_L001-L004_merged	3	0.0946	0.0090	1.0000
PsFluSBW25_chrm01_circ_2938771	Pf_BP_2_D728_S118_L001-L004_merged	3	0.1656	0.0117	1.0000
PsFluSBW25_chrm01_circ_2938771	Pf_BP_2_D756_S154_L001-L004_merged	3	0.1124	0.0102	1.0000
PsFluSBW25_chrm01_circ_2938771	Pf_BP_2_D784_S95_L001-L004_merged	3	0.0578	0.0072	1.0000
PsFluSBW25_chrm01_circ_2938771	Pf_BP_2_D84_S2_L001-L004_merged	3	0.0000	0.0001	1.0000
PsFluSBW25_chrm01_circ_3307145	PS_Pf_r02_2017_01_09_L001	3	0.1350	0.0052	1.0000
PsFluSBW25_chrm01_circ_3307145	Pf_BP_2_D112_S35_L001-L004_merged	3	0.0000	0.0001	1.0000
PsFluSBW25_chrm01_circ_3307145	Pf_BP_2_D140_S68_L001-L004_merged	3	0.0000	0.0000	1.0000
PsFluSBW25_chrm01_circ_3307145	Pf_BP_2_D168_S14_L001-L004_merged	3	0.0000	0.0000	1.0000
PsFluSBW25_chrm01_circ_3307145	Pf_BP_2_D196_S47_L001-L004_merged	3	0.0000	0.0000	1.0000
PsFluSBW25_chrm01_circ_3307145	Pf_BP_2_D224_S80_L001-L004_merged	3	0.0000	0.0000	1.0000
PsFluSBW25_chrm01_circ_3307145	Pf_BP_2_D252_S26_L001-L004_merged	3	0.0000	0.0001	1.0000
PsFluSBW25_chrm01_circ_3307145	Pf_BP_2_D279_S59_L001-L004_merged	3	0.0001	0.0008	1.0000
PsFluSBW25_chrm01_circ_3307145	Pf_BP_2_D28_S12_L001-L004_merged	3	0.0000	0.0000	1.0000
PsFluSBW25_chrm01_circ_3307145	Pf_BP_2_D310_S5_L001-L004_merged	3	0.0000	0.0000	1.0000
PsFluSBW25_chrm01_circ_3307145	Pf_BP_2_D336_S38_L001-L004_merged	3	0.0000	0.0000	1.0000
PsFluSBW25_chrm01_circ_3307145	Pf_BP_2_D364_S71_L001-L004_merged	3	0.0002	0.0014	1.0000
PsFluSBW25_chrm01_circ_3307145	Pf_BP_2_D392_S101_L001-L004_merged	3	0.0000	0.0000	1.0000
PsFluSBW25_chrm01_circ_3307145	Pf_BP_2_D420_S50_L001-L004_merged	3	0.0000	0.0003	1.0000
PsFluSBW25_chrm01_circ_3307145	Pf_BP_2_D448_S83_L001-L004_merged	3	0.0000	0.0001	1.0000
PsFluSBW25_chrm01_circ_3307145	Pf_BP_2_D476_S62_L001-L004_merged	3	0.0307	0.0048	1.0000
PsFluSBW25_chrm01_circ_3307145	Pf_BP_2_D504_S161_L001-L004_merged	3	0.0390	0.0060	1.0000
PsFluSBW25_chrm01_circ_3307145	Pf_BP_2_D532_S126_L001-L004_merged	3	0.0942	0.0091	1.0000
PsFluSBW25_chrm01_circ_3307145	Pf_BP_2_D56_S56_L001-L004_merged	3	0.0000	0.0004	1.0000
PsFluSBW25_chrm01_circ_3307145	Pf_BP_2_D588_S86_L001-L004_merged	3	0.1063	0.0109	1.0000
PsFluSBW25_chrm01_circ_3307145	Pf_BP_2_D623_S104_L001-L004_merged	3	0.0656	0.0079	1.0000
PsFluSBW25_chrm01_circ_3307145	Pf_BP_2_D644_S152_L001-L004_merged	3	0.1016	0.0094	1.0000
PsFluSBW25_chrm01_circ_3307145	Pf_BP_2_D700_S177_L001-L004_merged	3	0.0946	0.0090	1.0000
PsFluSBW25_chrm01_circ_3307145	Pf_BP_2_D728_S118_L001-L004_merged	3	0.1656	0.0117	1.0000
PsFluSBW25_chrm01_circ_3307145	Pf_BP_2_D756_S154_L001-L004_merged	3	0.1124	0.0102	1.0000
PsFluSBW25_chrm01_circ_3307145	Pf_BP_2_D784_S95_L001-L004_merged	3	0.0578	0.0072	1.0000
PsFluSBW25_chrm01_circ_3307145	Pf_BP_2_D84_S2_L001-L004_merged	3	0.0000	0.0001	1.0000
PsFluSBW25_chrm01_circ_345529	PS_Pf_r02_2017_01_09_L001	3	0.1350	0.0052	1.0000
PsFluSBW25_chrm01_circ_345529	Pf_BP_2_D112_S35_L001-L004_merged	3	0.0000	0.0001	1.0000
PsFluSBW25_chrm01_circ_345529	Pf_BP_2_D140_S68_L001-L004_merged	3	0.0000	0.0000	1.0000
PsFluSBW25_chrm01_circ_345529	Pf_BP_2_D168_S14_L001-L004_merged	3	0.0000	0.0000	1.0000
PsFluSBW25_chrm01_circ_345529	Pf_BP_2_D196_S47_L001-L004_merged	3	0.0000	0.0000	1.0000
PsFluSBW25_chrm01_circ_345529	Pf_BP_2_D224_S80_L001-L004_merged	3	0.0000	0.0000	1.0000
PsFluSBW25_chrm01_circ_345529	Pf_BP_2_D252_S26_L001-L004_merged	3	0.0000	0.0001	1.0000
PsFluSBW25_chrm01_circ_345529	Pf_BP_2_D279_S59_L001-L004_merged	3	0.0001	0.0008	1.0000
PsFluSBW25_chrm01_circ_345529	Pf_BP_2_D28_S12_L001-L004_merged	3	0.0000	0.0000	1.0000
PsFluSBW25_chrm01_circ_345529	Pf_BP_2_D310_S5_L001-L004_merged	3	0.0000	0.0000	1.0000
PsFluSBW25_chrm01_circ_345529	Pf_BP_2_D336_S38_L001-L004_merged	3	0.0000	0.0000	1.0000
PsFluSBW25_chrm01_circ_345529	Pf_BP_2_D364_S71_L001-L004_merged	3	0.0002	0.0014	1.0000
PsFluSBW25_chrm01_circ_345529	Pf_BP_2_D392_S101_L001-L004_merged	3	0.0000	0.0000	1.0000
PsFluSBW25_chrm01_circ_345529	Pf_BP_2_D420_S50_L001-L004_merged	3	0.0000	0.0003	1.0000
PsFluSBW25_chrm01_circ_345529	Pf_BP_2_D448_S83_L001-L004_merged	3	0.0000	0.0001	1.0000
PsFluSBW25_chrm01_circ_345529	Pf_BP_2_D476_S62_L001-L004_merged	3	0.0307	0.0048	1.0000
PsFluSBW25_chrm01_circ_345529	Pf_BP_2_D504_S161_L001-L004_merged	3	0.0390	0.0060	1.0000
PsFluSBW25_chrm01_circ_345529	Pf_BP_2_D532_S126_L001-L004_merged	3	0.0942	0.0091	1.0000
PsFluSBW25_chrm01_circ_345529	Pf_BP_2_D56_S56_L001-L004_merged	3	0.0000	0.0004	1.0000
PsFluSBW25_chrm01_circ_345529	Pf_BP_2_D588_S86_L001-L004_merged	3	0.1063	0.0109	1.0000
PsFluSBW25_chrm01_circ_345529	Pf_BP_2_D623_S104_L001-L004_merged	3	0.0656	0.0079	1.0000
PsFluSBW25_chrm01_circ_345529	Pf_BP_2_D644_S152_L001-L004_merged	3	0.1016	0.0094	1.0000
PsFluSBW25_chrm01_circ_345529	Pf_BP_2_D700_S177_L001-L004_merged	3	0.0946	0.0090	1.0000
PsFluSBW25_chrm01_circ_345529	Pf_BP_2_D728_S118_L001-L004_merged	3	0.1656	0.0117	1.0000
PsFluSBW25_chrm01_circ_345529	Pf_BP_2_D756_S154_L001-L004_merged	3	0.1124	0.0102	1.0000
PsFluSBW25_chrm01_circ_345529	Pf_BP_2_D784_S95_L001-L004_merged	3	0.0578	0.0072	1.0000
PsFluSBW25_chrm01_circ_345529	Pf_BP_2_D84_S2_L001-L004_merged	3	0.0000	0.0001	1.0000
PsFluSBW25_chrm01_circ_3838052	PS_Pf_r02_2017_01_09_L001	3	0.1350	0.0052	1.0000
PsFluSBW25_chrm01_circ_3838052	Pf_BP_2_D112_S35_L001-L004_merged	3	0.0000	0.0001	1.0000
PsFluSBW25_chrm01_circ_3838052	Pf_BP_2_D140_S68_L001-L004_merged	3	0.0000	0.0000	1.0000
PsFluSBW25_chrm01_circ_3838052	Pf_BP_2_D168_S14_L001-L004_merged	3	0.0000	0.0000	1.0000
PsFluSBW25_chrm01_circ_3838052	Pf_BP_2_D196_S47_L001-L004_merged	3	0.0000	0.0000	1.0000
PsFluSBW25_chrm01_circ_3838052	Pf_BP_2_D224_S80_L001-L004_merged	3	0.0000	0.0000	1.0000
PsFluSBW25_chrm01_circ_3838052	Pf_BP_2_D252_S26_L001-L004_merged	3	0.0000	0.0001	1.0000
PsFluSBW25_chrm01_circ_3838052	Pf_BP_2_D279_S59_L001-L004_merged	3	0.0001	0.0008	1.0000
PsFluSBW25_chrm01_circ_3838052	Pf_BP_2_D28_S12_L001-L004_merged	3	0.0000	0.0000	1.0000
PsFluSBW25_chrm01_circ_3838052	Pf_BP_2_D310_S5_L001-L004_merged	3	0.0000	0.0000	1.0000
PsFluSBW25_chrm01_circ_3838052	Pf_BP_2_D336_S38_L001-L004_merged	3	0.0000	0.0000	1.0000
PsFluSBW25_chrm01_circ_3838052	Pf_BP_2_D364_S71_L001-L004_merged	3	0.0002	0.0014	1.0000
PsFluSBW25_chrm01_circ_3838052	Pf_BP_2_D392_S101_L001-L004_merged	3	0.0000	0.0000	1.0000
PsFluSBW25_chrm01_circ_3838052	Pf_BP_2_D420_S50_L001-L004_merged	3	0.0000	0.0003	1.0000
PsFluSBW25_chrm01_circ_3838052	Pf_BP_2_D448_S83_L001-L004_merged	3	0.0000	0.0001	1.0000
PsFluSBW25_chrm01_circ_3838052	Pf_BP_2_D476_S62_L001-L004_merged	3	0.0307	0.0048	1.0000
PsFluSBW25_chrm01_circ_3838052	Pf_BP_2_D504_S161_L001-L004_merged	3	0.0390	0.0060	1.0000
PsFluSBW25_chrm01_circ_3838052	Pf_BP_2_D532_S126_L001-L004_merged	3	0.0942	0.0091	1.0000
PsFluSBW25_chrm01_circ_3838052	Pf_BP_2_D56_S56_L001-L004_merged	3	0.0000	0.0004	1.0000
PsFluSBW25_chrm01_circ_3838052	Pf_BP_2_D588_S86_L001-L004_merged	3	0.1063	0.0109	1.0000
PsFluSBW25_chrm01_circ_3838052	Pf_BP_2_D623_S104_L001-L004_merged	3	0.0656	0.0079	1.0000
PsFluSBW25_chrm01_circ_3838052	Pf_BP_2_D644_S152_L001-L004_merged	3	0.1016	0.0094	1.0000
PsFluSBW25_chrm01_circ_3838052	Pf_BP_2_D700_S177_L001-L004_merged	3	0.0946	0.0090	1.0000
PsFluSBW25_chrm01_circ_3838052	Pf_BP_2_D728_S118_L001-L004_merged	3	0.1656	0.0117	1.0000
PsFluSBW25_chrm01_circ_3838052	Pf_BP_2_D756_S154_L001-L004_merged	3	0.1124	0.0102	1.0000
PsFluSBW25_chrm01_circ_3838052	Pf_BP_2_D784_S95_L001-L004_merged	3	0.0578	0.0072	1.0000
PsFluSBW25_chrm01_circ_3838052	Pf_BP_2_D84_S2_L001-L004_merged	3	0.0000	0.0001	1.0000
PsFluSBW25_chrm01_circ_3942699	PS_Pf_r02_2017_01_09_L001	3	0.1350	0.0052	1.0000
PsFluSBW25_chrm01_circ_3942699	Pf_BP_2_D112_S35_L001-L004_merged	3	0.0000	0.0001	1.0000
PsFluSBW25_chrm01_circ_3942699	Pf_BP_2_D140_S68_L001-L004_merged	3	0.0000	0.0000	1.0000
PsFluSBW25_chrm01_circ_3942699	Pf_BP_2_D168_S14_L001-L004_merged	3	0.0000	0.0000	1.0000
PsFluSBW25_chrm01_circ_3942699	Pf_BP_2_D196_S47_L001-L004_merged	3	0.0000	0.0000	1.0000
PsFluSBW25_chrm01_circ_3942699	Pf_BP_2_D224_S80_L001-L004_merged	3	0.0000	0.0000	1.0000
PsFluSBW25_chrm01_circ_3942699	Pf_BP_2_D252_S26_L001-L004_merged	3	0.0000	0.0001	1.0000
PsFluSBW25_chrm01_circ_3942699	Pf_BP_2_D279_S59_L001-L004_merged	3	0.0001	0.0008	1.0000
PsFluSBW25_chrm01_circ_3942699	Pf_BP_2_D28_S12_L001-L004_merged	3	0.0000	0.0000	1.0000
PsFluSBW25_chrm01_circ_3942699	Pf_BP_2_D310_S5_L001-L004_merged	3	0.0000	0.0000	1.0000
PsFluSBW25_chrm01_circ_3942699	Pf_BP_2_D336_S38_L001-L004_merged	3	0.0000	0.0000	1.0000
PsFluSBW25_chrm01_circ_3942699	Pf_BP_2_D364_S71_L001-L004_merged	3	0.0002	0.0014	1.0000
PsFluSBW25_chrm01_circ_3942699	Pf_BP_2_D392_S101_L001-L004_merged	3	0.0000	0.0000	1.0000
PsFluSBW25_chrm01_circ_3942699	Pf_BP_2_D420_S50_L001-L004_merged	3	0.0000	0.0003	1.0000
PsFluSBW25_chrm01_circ_3942699	Pf_BP_2_D448_S83_L001-L004_merged	3	0.0000	0.0001	1.0000
PsFluSBW25_chrm01_circ_3942699	Pf_BP_2_D476_S62_L001-L004_merged	3	0.0307	0.0048	1.0000
PsFluSBW25_chrm01_circ_3942699	Pf_BP_2_D504_S161_L001-L004_merged	3	0.0390	0.0060	1.0000
PsFluSBW25_chrm01_circ_3942699	Pf_BP_2_D532_S126_L001-L004_merged	3	0.0942	0.0091	1.0000
PsFluSBW25_chrm01_circ_3942699	Pf_BP_2_D56_S56_L001-L004_merged	3	0.0000	0.0004	1.0000
PsFluSBW25_chrm01_circ_3942699	Pf_BP_2_D588_S86_L001-L004_merged	3	0.1063	0.0109	1.0000
PsFluSBW25_chrm01_circ_3942699	Pf_BP_2_D623_S104_L001-L004_merged	3	0.0656	0.0079	1.0000
PsFluSBW25_chrm01_circ_3942699	Pf_BP_2_D644_S152_L001-L004_merged	3	0.1016	0.0094	1.0000
PsFluSBW25_chrm01_circ_3942699	Pf_BP_2_D700_S177_L001-L004_merged	3	0.0946	0.0090	1.0000
PsFluSBW25_chrm01_circ_3942699	Pf_BP_2_D728_S118_L001-L004_merged	3	0.1656	0.0117	1.0000
PsFluSBW25_chrm01_circ_3942699	Pf_BP_2_D756_S154_L001-L004_merged	3	0.1124	0.0102	1.0000
PsFluSBW25_chrm01_circ_3942699	Pf_BP_2_D784_S95_L001-L004_merged	3	0.0578	0.0072	1.0000
PsFluSBW25_chrm01_circ_3942699	Pf_BP_2_D84_S2_L001-L004_merged	3	0.0000	0.0001	1.0000
PsFluSBW25_chrm01_circ_3955197	PS_Pf_r02_2017_01_09_L001	3	0.1350	0.0052	1.0000
PsFluSBW25_chrm01_circ_3955197	Pf_BP_2_D112_S35_L001-L004_merged	3	0.0000	0.0001	1.0000
PsFluSBW25_chrm01_circ_3955197	Pf_BP_2_D140_S68_L001-L004_merged	3	0.0000	0.0000	1.0000
PsFluSBW25_chrm01_circ_3955197	Pf_BP_2_D168_S14_L001-L004_merged	3	0.0000	0.0000	1.0000
PsFluSBW25_chrm01_circ_3955197	Pf_BP_2_D196_S47_L001-L004_merged	3	0.0000	0.0000	1.0000
PsFluSBW25_chrm01_circ_3955197	Pf_BP_2_D224_S80_L001-L004_merged	3	0.0000	0.0000	1.0000
PsFluSBW25_chrm01_circ_3955197	Pf_BP_2_D252_S26_L001-L004_merged	3	0.0000	0.0001	1.0000
PsFluSBW25_chrm01_circ_3955197	Pf_BP_2_D279_S59_L001-L004_merged	3	0.0001	0.0008	1.0000
PsFluSBW25_chrm01_circ_3955197	Pf_BP_2_D28_S12_L001-L004_merged	3	0.0000	0.0000	1.0000
PsFluSBW25_chrm01_circ_3955197	Pf_BP_2_D310_S5_L001-L004_merged	3	0.0000	0.0000	1.0000
PsFluSBW25_chrm01_circ_3955197	Pf_BP_2_D336_S38_L001-L004_merged	3	0.0000	0.0000	1.0000
PsFluSBW25_chrm01_circ_3955197	Pf_BP_2_D364_S71_L001-L004_merged	3	0.0002	0.0014	1.0000
PsFluSBW25_chrm01_circ_3955197	Pf_BP_2_D392_S101_L001-L004_merged	3	0.0000	0.0000	1.0000
PsFluSBW25_chrm01_circ_3955197	Pf_BP_2_D420_S50_L001-L004_merged	3	0.0000	0.0003	1.0000
PsFluSBW25_chrm01_circ_3955197	Pf_BP_2_D448_S83_L001-L004_merged	3	0.0000	0.0001	1.0000
PsFluSBW25_chrm01_circ_3955197	Pf_BP_2_D476_S62_L001-L004_merged	3	0.0307	0.0048	1.0000
PsFluSBW25_chrm01_circ_3955197	Pf_BP_2_D504_S161_L001-L004_merged	3	0.0390	0.0060	1.0000
PsFluSBW25_chrm01_circ_3955197	Pf_BP_2_D532_S126_L001-L004_merged	3	0.0942	0.0091	1.0000
PsFluSBW25_chrm01_circ_3955197	Pf_BP_2_D56_S56_L001-L004_merged	3	0.0000	0.0004	1.0000
PsFluSBW25_chrm01_circ_3955197	Pf_BP_2_D588_S86_L001-L004_merged	3	0.1063	0.0109	1.0000
PsFluSBW25_chrm01_circ_3955197	Pf_BP_2_D623_S104_L001-L004_merged	3	0.0656	0.0079	1.0000
PsFluSBW25_chrm01_circ_3955197	Pf_BP_2_D644_S152_L001-L004_merged	3	0.1016	0.0094	1.0000
PsFluSBW25_chrm01_circ_3955197	Pf_BP_2_D700_S177_L001-L004_merged	3	0.0946	0.0090	1.0000
PsFluSBW25_chrm01_circ_3955197	Pf_BP_2_D728_S118_L001-L004_merged	3	0.1656	0.0117	1.0000
PsFluSBW25_chrm01_circ_3955197	Pf_BP_2_D756_S154_L001-L004_merged	3	0.1124	0.0102	1.0000
PsFluSBW25_chrm01_circ_3955197	Pf_BP_2_D784_S95_L001-L004_merged	3	0.0578	0.0072	1.0000
PsFluSBW25_chrm01_circ_3955197	Pf_BP_2_D84_S2_L001-L004_merged	3	0.0000	0.0001	1.0000
PsFluSBW25_chrm01_circ_3991051	PS_Pf_r02_2017_01_09_L001	3	0.1350	0.0052	1.0000
PsFluSBW25_chrm01_circ_3991051	Pf_BP_2_D112_S35_L001-L004_merged	3	0.0000	0.0001	1.0000
PsFluSBW25_chrm01_circ_3991051	Pf_BP_2_D140_S68_L001-L004_merged	3	0.0000	0.0000	1.0000
PsFluSBW25_chrm01_circ_3991051	Pf_BP_2_D168_S14_L001-L004_merged	3	0.0000	0.0000	1.0000
PsFluSBW25_chrm01_circ_3991051	Pf_BP_2_D196_S47_L001-L004_merged	3	0.0000	0.0000	1.0000
PsFluSBW25_chrm01_circ_3991051	Pf_BP_2_D224_S80_L001-L004_merged	3	0.0000	0.0000	1.0000
PsFluSBW25_chrm01_circ_3991051	Pf_BP_2_D252_S26_L001-L004_merged	3	0.0000	0.0001	1.0000
PsFluSBW25_chrm01_circ_3991051	Pf_BP_2_D279_S59_L001-L004_merged	3	0.0001	0.0008	1.0000
PsFluSBW25_chrm01_circ_3991051	Pf_BP_2_D28_S12_L001-L004_merged	3	0.0000	0.0000	1.0000
PsFluSBW25_chrm01_circ_3991051	Pf_BP_2_D310_S5_L001-L004_merged	3	0.0000	0.0000	1.0000
PsFluSBW25_chrm01_circ_3991051	Pf_BP_2_D336_S38_L001-L004_merged	3	0.0000	0.0000	1.0000
PsFluSBW25_chrm01_circ_3991051	Pf_BP_2_D364_S71_L001-L004_merged	3	0.0002	0.0014	1.0000
PsFluSBW25_chrm01_circ_3991051	Pf_BP_2_D392_S101_L001-L004_merged	3	0.0000	0.0000	1.0000
PsFluSBW25_chrm01_circ_3991051	Pf_BP_2_D420_S50_L001-L004_merged	3	0.0000	0.0003	1.0000
PsFluSBW25_chrm01_circ_3991051	Pf_BP_2_D448_S83_L001-L004_merged	3	0.0000	0.0001	1.0000
PsFluSBW25_chrm01_circ_3991051	Pf_BP_2_D476_S62_L001-L004_merged	3	0.0307	0.0048	1.0000
PsFluSBW25_chrm01_circ_3991051	Pf_BP_2_D504_S161_L001-L004_merged	3	0.0390	0.0060	1.0000
PsFluSBW25_chrm01_circ_3991051	Pf_BP_2_D532_S126_L001-L004_merged	3	0.0942	0.0091	1.0000
PsFluSBW25_chrm01_circ_3991051	Pf_BP_2_D56_S56_L001-L004_merged	3	0.0000	0.0004	1.0000
PsFluSBW25_chrm01_circ_3991051	Pf_BP_2_D588_S86_L001-L004_merged	3	0.1063	0.0109	1.0000
PsFluSBW25_chrm01_circ_3991051	Pf_BP_2_D623_S104_L001-L004_merged	3	0.0656	0.0079	1.0000
PsFluSBW25_chrm01_circ_3991051	Pf_BP_2_D644_S152_L001-L004_merged	3	0.1016	0.0094	1.0000
PsFluSBW25_chrm01_circ_3991051	Pf_BP_2_D700_S177_L001-L004_merged	3	0.0946	0.0090	1.0000
PsFluSBW25_chrm01_circ_3991051	Pf_BP_2_D728_S118_L001-L004_merged	3	0.1656	0.0117	1.0000
PsFluSBW25_chrm01_circ_3991051	Pf_BP_2_D756_S154_L001-L004_merged	3	0.1124	0.0102	1.0000
PsFluSBW25_chrm01_circ_3991051	Pf_BP_2_D784_S95_L001-L004_merged	3	0.0578	0.0072	1.0000
PsFluSBW25_chrm01_circ_3991051	Pf_BP_2_D84_S2_L001-L004_merged	3	0.0000	0.0001	1.0000
PsFluSBW25_chrm01_circ_4008828	PS_Pf_r02_2017_01_09_L001	3	0.1350	0.0052	1.0000
PsFluSBW25_chrm01_circ_4008828	Pf_BP_2_D112_S35_L001-L004_merged	3	0.0000	0.0001	1.0000
PsFluSBW25_chrm01_circ_4008828	Pf_BP_2_D140_S68_L001-L004_merged	3	0.0000	0.0000	1.0000
PsFluSBW25_chrm01_circ_4008828	Pf_BP_2_D168_S14_L001-L004_merged	3	0.0000	0.0000	1.0000
PsFluSBW25_chrm01_circ_4008828	Pf_BP_2_D196_S47_L001-L004_merged	3	0.0000	0.0000	1.0000
PsFluSBW25_chrm01_circ_4008828	Pf_BP_2_D224_S80_L001-L004_merged	3	0.0000	0.0000	1.0000
PsFluSBW25_chrm01_circ_4008828	Pf_BP_2_D252_S26_L001-L004_merged	3	0.0000	0.0001	1.0000
PsFluSBW25_chrm01_circ_4008828	Pf_BP_2_D279_S59_L001-L004_merged	3	0.0001	0.0008	1.0000
PsFluSBW25_chrm01_circ_4008828	Pf_BP_2_D28_S12_L001-L004_merged	3	0.0000	0.0000	1.0000
PsFluSBW25_chrm01_circ_4008828	Pf_BP_2_D310_S5_L001-L004_merged	3	0.0000	0.0000	1.0000
PsFluSBW25_chrm01_circ_4008828	Pf_BP_2_D336_S38_L001-L004_merged	3	0.0000	0.0000	1.0000
PsFluSBW25_chrm01_circ_4008828	Pf_BP_2_D364_S71_L001-L004_merged	3	0.0002	0.0014	1.0000
PsFluSBW25_chrm01_circ_4008828	Pf_BP_2_D392_S101_L001-L004_merged	3	0.0000	0.0000	1.0000
PsFluSBW25_chrm01_circ_4008828	Pf_BP_2_D420_S50_L001-L004_merged	3	0.0000	0.0003	1.0000
PsFluSBW25_chrm01_circ_4008828	Pf_BP_2_D448_S83_L001-L004_merged	3	0.0000	0.0001	1.0000
PsFluSBW25_chrm01_circ_4008828	Pf_BP_2_D476_S62_L001-L004_merged	3	0.0307	0.0048	1.0000
PsFluSBW25_chrm01_circ_4008828	Pf_BP_2_D504_S161_L001-L004_merged	3	0.0390	0.0060	1.0000
PsFluSBW25_chrm01_circ_4008828	Pf_BP_2_D532_S126_L001-L004_merged	3	0.0942	0.0091	1.0000
PsFluSBW25_chrm01_circ_4008828	Pf_BP_2_D56_S56_L001-L004_merged	3	0.0000	0.0004	1.0000
PsFluSBW25_chrm01_circ_4008828	Pf_BP_2_D588_S86_L001-L004_merged	3	0.1063	0.0109	1.0000
PsFluSBW25_chrm01_circ_4008828	Pf_BP_2_D623_S104_L001-L004_merged	3	0.0656	0.0079	1.0000
PsFluSBW25_chrm01_circ_4008828	Pf_BP_2_D644_S152_L001-L004_merged	3	0.1016	0.0094	1.0000
PsFluSBW25_chrm01_circ_4008828	Pf_BP_2_D700_S177_L001-L004_merged	3	0.0946	0.0090	1.0000
PsFluSBW25_chrm01_circ_4008828	Pf_BP_2_D728_S118_L001-L004_merged	3	0.1656	0.0117	1.0000
PsFluSBW25_chrm01_circ_4008828	Pf_BP_2_D756_S154_L001-L004_merged	3	0.1124	0.0102	1.0000
PsFluSBW25_chrm01_circ_4008828	Pf_BP_2_D784_S95_L001-L004_merged	3	0.0578	0.0072	1.0000
PsFluSBW25_chrm01_circ_4008828	Pf_BP_2_D84_S2_L001-L004_merged	3	0.0000	0.0001	1.0000
PsFluSBW25_chrm01_circ_4180332	PS_Pf_r02_2017_01_09_L001	3	0.1350	0.0052	1.0000
PsFluSBW25_chrm01_circ_4180332	Pf_BP_2_D112_S35_L001-L004_merged	3	0.0000	0.0001	1.0000
PsFluSBW25_chrm01_circ_4180332	Pf_BP_2_D140_S68_L001-L004_merged	3	0.0000	0.0000	1.0000
PsFluSBW25_chrm01_circ_4180332	Pf_BP_2_D168_S14_L001-L004_merged	3	0.0000	0.0000	1.0000
PsFluSBW25_chrm01_circ_4180332	Pf_BP_2_D196_S47_L001-L004_merged	3	0.0000	0.0000	1.0000
PsFluSBW25_chrm01_circ_4180332	Pf_BP_2_D224_S80_L001-L004_merged	3	0.0000	0.0000	1.0000
PsFluSBW25_chrm01_circ_4180332	Pf_BP_2_D252_S26_L001-L004_merged	3	0.0000	0.0001	1.0000
PsFluSBW25_chrm01_circ_4180332	Pf_BP_2_D279_S59_L001-L004_merged	3	0.0001	0.0008	1.0000
PsFluSBW25_chrm01_circ_4180332	Pf_BP_2_D28_S12_L001-L004_merged	3	0.0000	0.0000	1.0000
PsFluSBW25_chrm01_circ_4180332	Pf_BP_2_D310_S5_L001-L004_merged	3	0.0000	0.0000	1.0000
PsFluSBW25_chrm01_circ_4180332	Pf_BP_2_D336_S38_L001-L004_merged	3	0.0000	0.0000	1.0000
PsFluSBW25_chrm01_circ_4180332	Pf_BP_2_D364_S71_L001-L004_merged	3	0.0002	0.0014	1.0000
PsFluSBW25_chrm01_circ_4180332	Pf_BP_2_D392_S101_L001-L004_merged	3	0.0000	0.0000	1.0000
PsFluSBW25_chrm01_circ_4180332	Pf_BP_2_D420_S50_L001-L004_merged	3	0.0000	0.0003	1.0000
PsFluSBW25_chrm01_circ_4180332	Pf_BP_2_D448_S83_L001-L004_merged	3	0.0000	0.0001	1.0000
PsFluSBW25_chrm01_circ_4180332	Pf_BP_2_D476_S62_L001-L004_merged	3	0.0307	0.0048	1.0000
PsFluSBW25_chrm01_circ_4180332	Pf_BP_2_D504_S161_L001-L004_merged	3	0.0390	0.0060	1.0000
PsFluSBW25_chrm01_circ_4180332	Pf_BP_2_D532_S126_L001-L004_merged	3	0.0942	0.0091	1.0000
PsFluSBW25_chrm01_circ_4180332	Pf_BP_2_D56_S56_L001-L004_merged	3	0.0000	0.0004	1.0000
PsFluSBW25_chrm01_circ_4180332	Pf_BP_2_D588_S86_L001-L004_merged	3	0.1063	0.0109	1.0000
PsFluSBW25_chrm01_circ_4180332	Pf_BP_2_D623_S104_L001-L004_merged	3	0.0656	0.0079	1.0000
PsFluSBW25_chrm01_circ_4180332	Pf_BP_2_D644_S152_L001-L004_merged	3	0.1016	0.0094	1.0000
PsFluSBW25_chrm01_circ_4180332	Pf_BP_2_D700_S177_L001-L004_merged	3	0.0946	0.0090	1.0000
PsFluSBW25_chrm01_circ_4180332	Pf_BP_2_D728_S118_L001-L004_merged	3	0.1656	0.0117	1.0000
PsFluSBW25_chrm01_circ_4180332	Pf_BP_2_D756_S154_L001-L004_merged	3	0.1124	0.0102	1.0000
PsFluSBW25_chrm01_circ_4180332	Pf_BP_2_D784_S95_L001-L004_merged	3	0.0578	0.0072	1.0000
PsFluSBW25_chrm01_circ_4180332	Pf_BP_2_D84_S2_L001-L004_merged	3	0.0000	0.0001	1.0000
PsFluSBW25_chrm01_circ_4199431	PS_Pf_r02_2017_01_09_L001	3	0.1350	0.0052	1.0000
PsFluSBW25_chrm01_circ_4199431	Pf_BP_2_D112_S35_L001-L004_merged	3	0.0000	0.0001	1.0000
PsFluSBW25_chrm01_circ_4199431	Pf_BP_2_D140_S68_L001-L004_merged	3	0.0000	0.0000	1.0000
PsFluSBW25_chrm01_circ_4199431	Pf_BP_2_D168_S14_L001-L004_merged	3	0.0000	0.0000	1.0000
PsFluSBW25_chrm01_circ_4199431	Pf_BP_2_D196_S47_L001-L004_merged	3	0.0000	0.0000	1.0000
PsFluSBW25_chrm01_circ_4199431	Pf_BP_2_D224_S80_L001-L004_merged	3	0.0000	0.0000	1.0000
PsFluSBW25_chrm01_circ_4199431	Pf_BP_2_D252_S26_L001-L004_merged	3	0.0000	0.0001	1.0000
PsFluSBW25_chrm01_circ_4199431	Pf_BP_2_D279_S59_L001-L004_merged	3	0.0001	0.0008	1.0000
PsFluSBW25_chrm01_circ_4199431	Pf_BP_2_D28_S12_L001-L004_merged	3	0.0000	0.0000	1.0000
PsFluSBW25_chrm01_circ_4199431	Pf_BP_2_D310_S5_L001-L004_merged	3	0.0000	0.0000	1.0000
PsFluSBW25_chrm01_circ_4199431	Pf_BP_2_D336_S38_L001-L004_merged	3	0.0000	0.0000	1.0000
PsFluSBW25_chrm01_circ_4199431	Pf_BP_2_D364_S71_L001-L004_merged	3	0.0002	0.0014	1.0000
PsFluSBW25_chrm01_circ_4199431	Pf_BP_2_D392_S101_L001-L004_merged	3	0.0000	0.0000	1.0000
PsFluSBW25_chrm01_circ_4199431	Pf_BP_2_D420_S50_L001-L004_merged	3	0.0000	0.0003	1.0000
PsFluSBW25_chrm01_circ_4199431	Pf_BP_2_D448_S83_L001-L004_merged	3	0.0000	0.0001	1.0000
PsFluSBW25_chrm01_circ_4199431	Pf_BP_2_D476_S62_L001-L004_merged	3	0.0307	0.0048	1.0000
PsFluSBW25_chrm01_circ_4199431	Pf_BP_2_D504_S161_L001-L004_merged	3	0.0390	0.0060	1.0000
PsFluSBW25_chrm01_circ_4199431	Pf_BP_2_D532_S126_L001-L004_merged	3	0.0942	0.0091	1.0000
PsFluSBW25_chrm01_circ_4199431	Pf_BP_2_D56_S56_L001-L004_merged	3	0.0000	0.0004	1.0000
PsFluSBW25_chrm01_circ_4199431	Pf_BP_2_D588_S86_L001-L004_merged	3	0.1063	0.0109	1.0000
PsFluSBW25_chrm01_circ_4199431	Pf_BP_2_D623_S104_L001-L004_merged	3	0.0656	0.0079	1.0000
PsFluSBW25_chrm01_circ_4199431	Pf_BP_2_D644_S152_L001-L004_merged	3	0.1016	0.0094	1.0000
PsFluSBW25_chrm01_circ_4199431	Pf_BP_2_D700_S177_L001-L004_merged	3	0.0946	0.0090	1.0000
PsFluSBW25_chrm01_circ_4199431	Pf_BP_2_D728_S118_L001-L004_merged	3	0.1656	0.0117	1.0000
PsFluSBW25_chrm01_circ_4199431	Pf_BP_2_D756_S154_L001-L004_merged	3	0.1124	0.0102	1.0000
PsFluSBW25_chrm01_circ_4199431	Pf_BP_2_D784_S95_L001-L004_merged	3	0.0578	0.0072	1.0000
PsFluSBW25_chrm01_circ_4199431	Pf_BP_2_D84_S2_L001-L004_merged	3	0.0000	0.0001	1.0000
PsFluSBW25_chrm01_circ_4222159	PS_Pf_r02_2017_01_09_L001	3	0.1350	0.0052	1.0000
PsFluSBW25_chrm01_circ_4222159	Pf_BP_2_D112_S35_L001-L004_merged	3	0.0000	0.0001	1.0000
PsFluSBW25_chrm01_circ_4222159	Pf_BP_2_D140_S68_L001-L004_merged	3	0.0000	0.0000	1.0000
PsFluSBW25_chrm01_circ_4222159	Pf_BP_2_D168_S14_L001-L004_merged	3	0.0000	0.0000	1.0000
PsFluSBW25_chrm01_circ_4222159	Pf_BP_2_D196_S47_L001-L004_merged	3	0.0000	0.0000	1.0000
PsFluSBW25_chrm01_circ_4222159	Pf_BP_2_D224_S80_L001-L004_merged	3	0.0000	0.0000	1.0000
PsFluSBW25_chrm01_circ_4222159	Pf_BP_2_D252_S26_L001-L004_merged	3	0.0000	0.0001	1.0000
PsFluSBW25_chrm01_circ_4222159	Pf_BP_2_D279_S59_L001-L004_merged	3	0.0001	0.0008	1.0000
PsFluSBW25_chrm01_circ_4222159	Pf_BP_2_D28_S12_L001-L004_merged	3	0.0000	0.0000	1.0000
PsFluSBW25_chrm01_circ_4222159	Pf_BP_2_D310_S5_L001-L004_merged	3	0.0000	0.0000	1.0000
PsFluSBW25_chrm01_circ_4222159	Pf_BP_2_D336_S38_L001-L004_merged	3	0.0000	0.0000	1.0000
PsFluSBW25_chrm01_circ_4222159	Pf_BP_2_D364_S71_L001-L004_merged	3	0.0002	0.0014	1.0000
PsFluSBW25_chrm01_circ_4222159	Pf_BP_2_D392_S101_L001-L004_merged	3	0.0000	0.0000	1.0000
PsFluSBW25_chrm01_circ_4222159	Pf_BP_2_D420_S50_L001-L004_merged	3	0.0000	0.0003	1.0000
PsFluSBW25_chrm01_circ_4222159	Pf_BP_2_D448_S83_L001-L004_merged	3	0.0000	0.0001	1.0000
PsFluSBW25_chrm01_circ_4222159	Pf_BP_2_D476_S62_L001-L004_merged	3	0.0307	0.0048	1.0000
PsFluSBW25_chrm01_circ_4222159	Pf_BP_2_D504_S161_L001-L004_merged	3	0.0390	0.0060	1.0000
PsFluSBW25_chrm01_circ_4222159	Pf_BP_2_D532_S126_L001-L004_merged	3	0.0942	0.0091	1.0000
PsFluSBW25_chrm01_circ_4222159	Pf_BP_2_D56_S56_L001-L004_merged	3	0.0000	0.0004	1.0000
PsFluSBW25_chrm01_circ_4222159	Pf_BP_2_D588_S86_L001-L004_merged	3	0.1063	0.0109	1.0000
PsFluSBW25_chrm01_circ_4222159	Pf_BP_2_D623_S104_L001-L004_merged	3	0.0656	0.0079	1.0000
PsFluSBW25_chrm01_circ_4222159	Pf_BP_2_D644_S152_L001-L004_merged	3	0.1016	0.0094	1.0000
PsFluSBW25_chrm01_circ_4222159	Pf_BP_2_D700_S177_L001-L004_merged	3	0.0946	0.0090	1.0000
PsFluSBW25_chrm01_circ_4222159	Pf_BP_2_D728_S118_L001-L004_merged	3	0.1656	0.0117	1.0000
PsFluSBW25_chrm01_circ_4222159	Pf_BP_2_D756_S154_L001-L004_merged	3	0.1124	0.0102	1.0000
PsFluSBW25_chrm01_circ_4222159	Pf_BP_2_D784_S95_L001-L004_merged	3	0.0578	0.0072	1.0000
PsFluSBW25_chrm01_circ_4222159	Pf_BP_2_D84_S2_L001-L004_merged	3	0.0000	0.0001	1.0000
PsFluSBW25_chrm01_circ_4313272	PS_Pf_r02_2017_01_09_L001	3	0.1350	0.0052	1.0000
PsFluSBW25_chrm01_circ_4313272	Pf_BP_2_D112_S35_L001-L004_merged	3	0.0000	0.0001	1.0000
PsFluSBW25_chrm01_circ_4313272	Pf_BP_2_D140_S68_L001-L004_merged	3	0.0000	0.0000	1.0000
PsFluSBW25_chrm01_circ_4313272	Pf_BP_2_D168_S14_L001-L004_merged	3	0.0000	0.0000	1.0000
PsFluSBW25_chrm01_circ_4313272	Pf_BP_2_D196_S47_L001-L004_merged	3	0.0000	0.0000	1.0000
PsFluSBW25_chrm01_circ_4313272	Pf_BP_2_D224_S80_L001-L004_merged	3	0.0000	0.0000	1.0000
PsFluSBW25_chrm01_circ_4313272	Pf_BP_2_D252_S26_L001-L004_merged	3	0.0000	0.0001	1.0000
PsFluSBW25_chrm01_circ_4313272	Pf_BP_2_D279_S59_L001-L004_merged	3	0.0001	0.0008	1.0000
PsFluSBW25_chrm01_circ_4313272	Pf_BP_2_D28_S12_L001-L004_merged	3	0.0000	0.0000	1.0000
PsFluSBW25_chrm01_circ_4313272	Pf_BP_2_D310_S5_L001-L004_merged	3	0.0000	0.0000	1.0000
PsFluSBW25_chrm01_circ_4313272	Pf_BP_2_D336_S38_L001-L004_merged	3	0.0000	0.0000	1.0000
PsFluSBW25_chrm01_circ_4313272	Pf_BP_2_D364_S71_L001-L004_merged	3	0.0002	0.0014	1.0000
PsFluSBW25_chrm01_circ_4313272	Pf_BP_2_D392_S101_L001-L004_merged	3	0.0000	0.0000	1.0000
PsFluSBW25_chrm01_circ_4313272	Pf_BP_2_D420_S50_L001-L004_merged	3	0.0000	0.0003	1.0000
PsFluSBW25_chrm01_circ_4313272	Pf_BP_2_D448_S83_L001-L004_merged	3	0.0000	0.0001	1.0000
PsFluSBW25_chrm01_circ_4313272	Pf_BP_2_D476_S62_L001-L004_merged	3	0.0307	0.0048	1.0000
PsFluSBW25_chrm01_circ_4313272	Pf_BP_2_D504_S161_L001-L004_merged	3	0.0390	0.0060	1.0000
PsFluSBW25_chrm01_circ_4313272	Pf_BP_2_D532_S126_L001-L004_merged	3	0.0942	0.0091	1.0000
PsFluSBW25_chrm01_circ_4313272	Pf_BP_2_D56_S56_L001-L004_merged	3	0.0000	0.0004	1.0000
PsFluSBW25_chrm01_circ_4313272	Pf_BP_2_D588_S86_L001-L004_merged	3	0.1063	0.0109	1.0000
PsFluSBW25_chrm01_circ_4313272	Pf_BP_2_D623_S104_L001-L004_merged	3	0.0656	0.0079	1.0000
PsFluSBW25_chrm01_circ_4313272	Pf_BP_2_D644_S152_L001-L004_merged	3	0.1016	0.0094	1.0000
PsFluSBW25_chrm01_circ_4313272	Pf_BP_2_D700_S177_L001-L004_merged	3	0.0946	0.0090	1.0000
PsFluSBW25_chrm01_circ_4313272	Pf_BP_2_D728_S118_L001-L004_merged	3	0.1656	0.0117	1.0000
PsFluSBW25_chrm01_circ_4313272	Pf_BP_2_D756_S154_L001-L004_merged	3	0.1124	0.0102	1.0000
PsFluSBW25_chrm01_circ_4313272	Pf_BP_2_D784_S95_L001-L004_merged	3	0.0578	0.0072	1.0000
PsFluSBW25_chrm01_circ_4313272	Pf_BP_2_D84_S2_L001-L004_merged	3	0.0000	0.0001	1.0000
PsFluSBW25_chrm01_circ_4422855	PS_Pf_r02_2017_01_09_L001	3	0.1350	0.0052	1.0000
PsFluSBW25_chrm01_circ_4422855	Pf_BP_2_D112_S35_L001-L004_merged	3	0.0000	0.0001	1.0000
PsFluSBW25_chrm01_circ_4422855	Pf_BP_2_D140_S68_L001-L004_merged	3	0.0000	0.0000	1.0000
PsFluSBW25_chrm01_circ_4422855	Pf_BP_2_D168_S14_L001-L004_merged	3	0.0000	0.0000	1.0000
PsFluSBW25_chrm01_circ_4422855	Pf_BP_2_D196_S47_L001-L004_merged	3	0.0000	0.0000	1.0000
PsFluSBW25_chrm01_circ_4422855	Pf_BP_2_D224_S80_L001-L004_merged	3	0.0000	0.0000	1.0000
PsFluSBW25_chrm01_circ_4422855	Pf_BP_2_D252_S26_L001-L004_merged	3	0.0000	0.0001	1.0000
PsFluSBW25_chrm01_circ_4422855	Pf_BP_2_D279_S59_L001-L004_merged	3	0.0001	0.0008	1.0000
PsFluSBW25_chrm01_circ_4422855	Pf_BP_2_D28_S12_L001-L004_merged	3	0.0000	0.0000	1.0000
PsFluSBW25_chrm01_circ_4422855	Pf_BP_2_D310_S5_L001-L004_merged	3	0.0000	0.0000	1.0000
PsFluSBW25_chrm01_circ_4422855	Pf_BP_2_D336_S38_L001-L004_merged	3	0.0000	0.0000	1.0000
PsFluSBW25_chrm01_circ_4422855	Pf_BP_2_D364_S71_L001-L004_merged	3	0.0002	0.0014	1.0000
PsFluSBW25_chrm01_circ_4422855	Pf_BP_2_D392_S101_L001-L004_merged	3	0.0000	0.0000	1.0000
PsFluSBW25_chrm01_circ_4422855	Pf_BP_2_D420_S50_L001-L004_merged	3	0.0000	0.0003	1.0000
PsFluSBW25_chrm01_circ_4422855	Pf_BP_2_D448_S83_L001-L004_merged	3	0.0000	0.0001	1.0000
PsFluSBW25_chrm01_circ_4422855	Pf_BP_2_D476_S62_L001-L004_merged	3	0.0307	0.0048	1.0000
PsFluSBW25_chrm01_circ_4422855	Pf_BP_2_D504_S161_L001-L004_merged	3	0.0390	0.0060	1.0000
PsFluSBW25_chrm01_circ_4422855	Pf_BP_2_D532_S126_L001-L004_merged	3	0.0942	0.0091	1.0000
PsFluSBW25_chrm01_circ_4422855	Pf_BP_2_D56_S56_L001-L004_merged	3	0.0000	0.0004	1.0000
PsFluSBW25_chrm01_circ_4422855	Pf_BP_2_D588_S86_L001-L004_merged	3	0.1063	0.0109	1.0000
PsFluSBW25_chrm01_circ_4422855	Pf_BP_2_D623_S104_L001-L004_merged	3	0.0656	0.0079	1.0000
PsFluSBW25_chrm01_circ_4422855	Pf_BP_2_D644_S152_L001-L004_merged	3	0.1016	0.0094	1.0000
PsFluSBW25_chrm01_circ_4422855	Pf_BP_2_D700_S177_L001-L004_merged	3	0.0946	0.0090	1.0000
PsFluSBW25_chrm01_circ_4422855	Pf_BP_2_D728_S118_L001-L004_merged	3	0.1656	0.0117	1.0000
PsFluSBW25_chrm01_circ_4422855	Pf_BP_2_D756_S154_L001-L004_merged	3	0.1124	0.0102	1.0000
PsFluSBW25_chrm01_circ_4422855	Pf_BP_2_D784_S95_L001-L004_merged	3	0.0578	0.0072	1.0000
PsFluSBW25_chrm01_circ_4422855	Pf_BP_2_D84_S2_L001-L004_merged	3	0.0000	0.0001	1.0000
PsFluSBW25_chrm01_circ_452747	PS_Pf_r02_2017_01_09_L001	3	0.1350	0.0052	1.0000
PsFluSBW25_chrm01_circ_452747	Pf_BP_2_D112_S35_L001-L004_merged	3	0.0000	0.0001	1.0000
PsFluSBW25_chrm01_circ_452747	Pf_BP_2_D140_S68_L001-L004_merged	3	0.0000	0.0000	1.0000
PsFluSBW25_chrm01_circ_452747	Pf_BP_2_D168_S14_L001-L004_merged	3	0.0000	0.0000	1.0000
PsFluSBW25_chrm01_circ_452747	Pf_BP_2_D196_S47_L001-L004_merged	3	0.0000	0.0000	1.0000
PsFluSBW25_chrm01_circ_452747	Pf_BP_2_D224_S80_L001-L004_merged	3	0.0000	0.0000	1.0000
PsFluSBW25_chrm01_circ_452747	Pf_BP_2_D252_S26_L001-L004_merged	3	0.0000	0.0001	1.0000
PsFluSBW25_chrm01_circ_452747	Pf_BP_2_D279_S59_L001-L004_merged	3	0.0001	0.0008	1.0000
PsFluSBW25_chrm01_circ_452747	Pf_BP_2_D28_S12_L001-L004_merged	3	0.0000	0.0000	1.0000
PsFluSBW25_chrm01_circ_452747	Pf_BP_2_D310_S5_L001-L004_merged	3	0.0000	0.0000	1.0000
PsFluSBW25_chrm01_circ_452747	Pf_BP_2_D336_S38_L001-L004_merged	3	0.0000	0.0000	1.0000
PsFluSBW25_chrm01_circ_452747	Pf_BP_2_D364_S71_L001-L004_merged	3	0.0002	0.0014	1.0000
PsFluSBW25_chrm01_circ_452747	Pf_BP_2_D392_S101_L001-L004_merged	3	0.0000	0.0000	1.0000
PsFluSBW25_chrm01_circ_452747	Pf_BP_2_D420_S50_L001-L004_merged	3	0.0000	0.0003	1.0000
PsFluSBW25_chrm01_circ_452747	Pf_BP_2_D448_S83_L001-L004_merged	3	0.0000	0.0001	1.0000
PsFluSBW25_chrm01_circ_452747	Pf_BP_2_D476_S62_L001-L004_merged	3	0.0307	0.0048	1.0000
PsFluSBW25_chrm01_circ_452747	Pf_BP_2_D504_S161_L001-L004_merged	3	0.0390	0.0060	1.0000
PsFluSBW25_chrm01_circ_452747	Pf_BP_2_D532_S126_L001-L004_merged	3	0.0942	0.0091	1.0000
PsFluSBW25_chrm01_circ_452747	Pf_BP_2_D56_S56_L001-L004_merged	3	0.0000	0.0004	1.0000
PsFluSBW25_chrm01_circ_452747	Pf_BP_2_D588_S86_L001-L004_merged	3	0.1063	0.0109	1.0000
PsFluSBW25_chrm01_circ_452747	Pf_BP_2_D623_S104_L001-L004_merged	3	0.0656	0.0079	1.0000
PsFluSBW25_chrm01_circ_452747	Pf_BP_2_D644_S152_L001-L004_merged	3	0.1016	0.0094	1.0000
PsFluSBW25_chrm01_circ_452747	Pf_BP_2_D700_S177_L001-L004_merged	3	0.0946	0.0090	1.0000
PsFluSBW25_chrm01_circ_452747	Pf_BP_2_D728_S118_L001-L004_merged	3	0.1656	0.0117	1.0000
PsFluSBW25_chrm01_circ_452747	Pf_BP_2_D756_S154_L001-L004_merged	3	0.1124	0.0102	1.0000
PsFluSBW25_chrm01_circ_452747	Pf_BP_2_D784_S95_L001-L004_merged	3	0.0578	0.0072	1.0000
PsFluSBW25_chrm01_circ_452747	Pf_BP_2_D84_S2_L001-L004_merged	3	0.0000	0.0001	1.0000
PsFluSBW25_chrm01_circ_4604471	PS_Pf_r02_2017_01_09_L001	3	0.1350	0.0052	1.0000
PsFluSBW25_chrm01_circ_4604471	Pf_BP_2_D112_S35_L001-L004_merged	3	0.0000	0.0001	1.0000
PsFluSBW25_chrm01_circ_4604471	Pf_BP_2_D140_S68_L001-L004_merged	3	0.0000	0.0000	1.0000
PsFluSBW25_chrm01_circ_4604471	Pf_BP_2_D168_S14_L001-L004_merged	3	0.0000	0.0000	1.0000
PsFluSBW25_chrm01_circ_4604471	Pf_BP_2_D196_S47_L001-L004_merged	3	0.0000	0.0000	1.0000
PsFluSBW25_chrm01_circ_4604471	Pf_BP_2_D224_S80_L001-L004_merged	3	0.0000	0.0000	1.0000
PsFluSBW25_chrm01_circ_4604471	Pf_BP_2_D252_S26_L001-L004_merged	3	0.0000	0.0001	1.0000
PsFluSBW25_chrm01_circ_4604471	Pf_BP_2_D279_S59_L001-L004_merged	3	0.0001	0.0008	1.0000
PsFluSBW25_chrm01_circ_4604471	Pf_BP_2_D28_S12_L001-L004_merged	3	0.0000	0.0000	1.0000
PsFluSBW25_chrm01_circ_4604471	Pf_BP_2_D310_S5_L001-L004_merged	3	0.0000	0.0000	1.0000
PsFluSBW25_chrm01_circ_4604471	Pf_BP_2_D336_S38_L001-L004_merged	3	0.0000	0.0000	1.0000
PsFluSBW25_chrm01_circ_4604471	Pf_BP_2_D364_S71_L001-L004_merged	3	0.0002	0.0014	1.0000
PsFluSBW25_chrm01_circ_4604471	Pf_BP_2_D392_S101_L001-L004_merged	3	0.0000	0.0000	1.0000
PsFluSBW25_chrm01_circ_4604471	Pf_BP_2_D420_S50_L001-L004_merged	3	0.0000	0.0003	1.0000
PsFluSBW25_chrm01_circ_4604471	Pf_BP_2_D448_S83_L001-L004_merged	3	0.0000	0.0001	1.0000
PsFluSBW25_chrm01_circ_4604471	Pf_BP_2_D476_S62_L001-L004_merged	3	0.0307	0.0048	1.0000
PsFluSBW25_chrm01_circ_4604471	Pf_BP_2_D504_S161_L001-L004_merged	3	0.0390	0.0060	1.0000
PsFluSBW25_chrm01_circ_4604471	Pf_BP_2_D532_S126_L001-L004_merged	3	0.0942	0.0091	1.0000
PsFluSBW25_chrm01_circ_4604471	Pf_BP_2_D56_S56_L001-L004_merged	3	0.0000	0.0004	1.0000
PsFluSBW25_chrm01_circ_4604471	Pf_BP_2_D588_S86_L001-L004_merged	3	0.1063	0.0109	1.0000
PsFluSBW25_chrm01_circ_4604471	Pf_BP_2_D623_S104_L001-L004_merged	3	0.0656	0.0079	1.0000
PsFluSBW25_chrm01_circ_4604471	Pf_BP_2_D644_S152_L001-L004_merged	3	0.1016	0.0094	1.0000
PsFluSBW25_chrm01_circ_4604471	Pf_BP_2_D700_S177_L001-L004_merged	3	0.0946	0.0090	1.0000
PsFluSBW25_chrm01_circ_4604471	Pf_BP_2_D728_S118_L001-L004_merged	3	0.1656	0.0117	1.0000
PsFluSBW25_chrm01_circ_4604471	Pf_BP_2_D756_S154_L001-L004_merged	3	0.1124	0.0102	1.0000
PsFluSBW25_chrm01_circ_4604471	Pf_BP_2_D784_S95_L001-L004_merged	3	0.0578	0.0072	1.0000
PsFluSBW25_chrm01_circ_4604471	Pf_BP_2_D84_S2_L001-L004_merged	3	0.0000	0.0001	1.0000
PsFluSBW25_chrm01_circ_4670104	PS_Pf_r02_2017_01_09_L001	3	0.1350	0.0052	1.0000
PsFluSBW25_chrm01_circ_4670104	Pf_BP_2_D112_S35_L001-L004_merged	3	0.0000	0.0001	1.0000
PsFluSBW25_chrm01_circ_4670104	Pf_BP_2_D140_S68_L001-L004_merged	3	0.0000	0.0000	1.0000
PsFluSBW25_chrm01_circ_4670104	Pf_BP_2_D168_S14_L001-L004_merged	3	0.0000	0.0000	1.0000
PsFluSBW25_chrm01_circ_4670104	Pf_BP_2_D196_S47_L001-L004_merged	3	0.0000	0.0000	1.0000
PsFluSBW25_chrm01_circ_4670104	Pf_BP_2_D224_S80_L001-L004_merged	3	0.0000	0.0000	1.0000
PsFluSBW25_chrm01_circ_4670104	Pf_BP_2_D252_S26_L001-L004_merged	3	0.0000	0.0001	1.0000
PsFluSBW25_chrm01_circ_4670104	Pf_BP_2_D279_S59_L001-L004_merged	3	0.0001	0.0008	1.0000
PsFluSBW25_chrm01_circ_4670104	Pf_BP_2_D28_S12_L001-L004_merged	3	0.0000	0.0000	1.0000
PsFluSBW25_chrm01_circ_4670104	Pf_BP_2_D310_S5_L001-L004_merged	3	0.0000	0.0000	1.0000
PsFluSBW25_chrm01_circ_4670104	Pf_BP_2_D336_S38_L001-L004_merged	3	0.0000	0.0000	1.0000
PsFluSBW25_chrm01_circ_4670104	Pf_BP_2_D364_S71_L001-L004_merged	3	0.0002	0.0014	1.0000
PsFluSBW25_chrm01_circ_4670104	Pf_BP_2_D392_S101_L001-L004_merged	3	0.0000	0.0000	1.0000
PsFluSBW25_chrm01_circ_4670104	Pf_BP_2_D420_S50_L001-L004_merged	3	0.0000	0.0003	1.0000
PsFluSBW25_chrm01_circ_4670104	Pf_BP_2_D448_S83_L001-L004_merged	3	0.0000	0.0001	1.0000
PsFluSBW25_chrm01_circ_4670104	Pf_BP_2_D476_S62_L001-L004_merged	3	0.0307	0.0048	1.0000
PsFluSBW25_chrm01_circ_4670104	Pf_BP_2_D504_S161_L001-L004_merged	3	0.0390	0.0060	1.0000
PsFluSBW25_chrm01_circ_4670104	Pf_BP_2_D532_S126_L001-L004_merged	3	0.0942	0.0091	1.0000
PsFluSBW25_chrm01_circ_4670104	Pf_BP_2_D56_S56_L001-L004_merged	3	0.0000	0.0004	1.0000
PsFluSBW25_chrm01_circ_4670104	Pf_BP_2_D588_S86_L001-L004_merged	3	0.1063	0.0109	1.0000
PsFluSBW25_chrm01_circ_4670104	Pf_BP_2_D623_S104_L001-L004_merged	3	0.0656	0.0079	1.0000
PsFluSBW25_chrm01_circ_4670104	Pf_BP_2_D644_S152_L001-L004_merged	3	0.1016	0.0094	1.0000
PsFluSBW25_chrm01_circ_4670104	Pf_BP_2_D700_S177_L001-L004_merged	3	0.0946	0.0090	1.0000
PsFluSBW25_chrm01_circ_4670104	Pf_BP_2_D728_S118_L001-L004_merged	3	0.1656	0.0117	1.0000
PsFluSBW25_chrm01_circ_4670104	Pf_BP_2_D756_S154_L001-L004_merged	3	0.1124	0.0102	1.0000
PsFluSBW25_chrm01_circ_4670104	Pf_BP_2_D784_S95_L001-L004_merged	3	0.0578	0.0072	1.0000
PsFluSBW25_chrm01_circ_4670104	Pf_BP_2_D84_S2_L001-L004_merged	3	0.0000	0.0001	1.0000
PsFluSBW25_chrm01_circ_5082668	PS_Pf_r02_2017_01_09_L001	3	0.1350	0.0052	1.0000
PsFluSBW25_chrm01_circ_5082668	Pf_BP_2_D112_S35_L001-L004_merged	3	0.0000	0.0001	1.0000
PsFluSBW25_chrm01_circ_5082668	Pf_BP_2_D140_S68_L001-L004_merged	3	0.0000	0.0000	1.0000
PsFluSBW25_chrm01_circ_5082668	Pf_BP_2_D168_S14_L001-L004_merged	3	0.0000	0.0000	1.0000
PsFluSBW25_chrm01_circ_5082668	Pf_BP_2_D196_S47_L001-L004_merged	3	0.0000	0.0000	1.0000
PsFluSBW25_chrm01_circ_5082668	Pf_BP_2_D224_S80_L001-L004_merged	3	0.0000	0.0000	1.0000
PsFluSBW25_chrm01_circ_5082668	Pf_BP_2_D252_S26_L001-L004_merged	3	0.0000	0.0001	1.0000
PsFluSBW25_chrm01_circ_5082668	Pf_BP_2_D279_S59_L001-L004_merged	3	0.0001	0.0008	1.0000
PsFluSBW25_chrm01_circ_5082668	Pf_BP_2_D28_S12_L001-L004_merged	3	0.0000	0.0000	1.0000
PsFluSBW25_chrm01_circ_5082668	Pf_BP_2_D310_S5_L001-L004_merged	3	0.0000	0.0000	1.0000
PsFluSBW25_chrm01_circ_5082668	Pf_BP_2_D336_S38_L001-L004_merged	3	0.0000	0.0000	1.0000
PsFluSBW25_chrm01_circ_5082668	Pf_BP_2_D364_S71_L001-L004_merged	3	0.0002	0.0014	1.0000
PsFluSBW25_chrm01_circ_5082668	Pf_BP_2_D392_S101_L001-L004_merged	3	0.0000	0.0000	1.0000
PsFluSBW25_chrm01_circ_5082668	Pf_BP_2_D420_S50_L001-L004_merged	3	0.0000	0.0003	1.0000
PsFluSBW25_chrm01_circ_5082668	Pf_BP_2_D448_S83_L001-L004_merged	3	0.0000	0.0001	1.0000
PsFluSBW25_chrm01_circ_5082668	Pf_BP_2_D476_S62_L001-L004_merged	3	0.0307	0.0048	1.0000
PsFluSBW25_chrm01_circ_5082668	Pf_BP_2_D504_S161_L001-L004_merged	3	0.0390	0.0060	1.0000
PsFluSBW25_chrm01_circ_5082668	Pf_BP_2_D532_S126_L001-L004_merged	3	0.0942	0.0091	1.0000
PsFluSBW25_chrm01_circ_5082668	Pf_BP_2_D56_S56_L001-L004_merged	3	0.0000	0.0004	1.0000
PsFluSBW25_chrm01_circ_5082668	Pf_BP_2_D588_S86_L001-L004_merged	3	0.1063	0.0109	1.0000
PsFluSBW25_chrm01_circ_5082668	Pf_BP_2_D623_S104_L001-L004_merged	3	0.0656	0.0079	1.0000
PsFluSBW25_chrm01_circ_5082668	Pf_BP_2_D644_S152_L001-L004_merged	3	0.1016	0.0094	1.0000
PsFluSBW25_chrm01_circ_5082668	Pf_BP_2_D700_S177_L001-L004_merged	3	0.0946	0.0090	1.0000
PsFluSBW25_chrm01_circ_5082668	Pf_BP_2_D728_S118_L001-L004_merged	3	0.1656	0.0117	1.0000
PsFluSBW25_chrm01_circ_5082668	Pf_BP_2_D756_S154_L001-L004_merged	3	0.1124	0.0102	1.0000
PsFluSBW25_chrm01_circ_5082668	Pf_BP_2_D784_S95_L001-L004_merged	3	0.0578	0.0072	1.0000
PsFluSBW25_chrm01_circ_5082668	Pf_BP_2_D84_S2_L001-L004_merged	3	0.0000	0.0001	1.0000
PsFluSBW25_chrm01_circ_5116073	PS_Pf_r02_2017_01_09_L001	3	0.1350	0.0052	1.0000
PsFluSBW25_chrm01_circ_5116073	Pf_BP_2_D112_S35_L001-L004_merged	3	0.0000	0.0001	1.0000
PsFluSBW25_chrm01_circ_5116073	Pf_BP_2_D140_S68_L001-L004_merged	3	0.0000	0.0000	1.0000
PsFluSBW25_chrm01_circ_5116073	Pf_BP_2_D168_S14_L001-L004_merged	3	0.0000	0.0000	1.0000
PsFluSBW25_chrm01_circ_5116073	Pf_BP_2_D196_S47_L001-L004_merged	3	0.0000	0.0000	1.0000
PsFluSBW25_chrm01_circ_5116073	Pf_BP_2_D224_S80_L001-L004_merged	3	0.0000	0.0000	1.0000
PsFluSBW25_chrm01_circ_5116073	Pf_BP_2_D252_S26_L001-L004_merged	3	0.0000	0.0001	1.0000
PsFluSBW25_chrm01_circ_5116073	Pf_BP_2_D279_S59_L001-L004_merged	3	0.0001	0.0008	1.0000
PsFluSBW25_chrm01_circ_5116073	Pf_BP_2_D28_S12_L001-L004_merged	3	0.0000	0.0000	1.0000
PsFluSBW25_chrm01_circ_5116073	Pf_BP_2_D310_S5_L001-L004_merged	3	0.0000	0.0000	1.0000
PsFluSBW25_chrm01_circ_5116073	Pf_BP_2_D336_S38_L001-L004_merged	3	0.0000	0.0000	1.0000
PsFluSBW25_chrm01_circ_5116073	Pf_BP_2_D364_S71_L001-L004_merged	3	0.0002	0.0014	1.0000
PsFluSBW25_chrm01_circ_5116073	Pf_BP_2_D392_S101_L001-L004_merged	3	0.0000	0.0000	1.0000
PsFluSBW25_chrm01_circ_5116073	Pf_BP_2_D420_S50_L001-L004_merged	3	0.0000	0.0003	1.0000
PsFluSBW25_chrm01_circ_5116073	Pf_BP_2_D448_S83_L001-L004_merged	3	0.0000	0.0001	1.0000
PsFluSBW25_chrm01_circ_5116073	Pf_BP_2_D476_S62_L001-L004_merged	3	0.0307	0.0048	1.0000
PsFluSBW25_chrm01_circ_5116073	Pf_BP_2_D504_S161_L001-L004_merged	3	0.0390	0.0060	1.0000
PsFluSBW25_chrm01_circ_5116073	Pf_BP_2_D532_S126_L001-L004_merged	3	0.0942	0.0091	1.0000
PsFluSBW25_chrm01_circ_5116073	Pf_BP_2_D56_S56_L001-L004_merged	3	0.0000	0.0004	1.0000
PsFluSBW25_chrm01_circ_5116073	Pf_BP_2_D588_S86_L001-L004_merged	3	0.1063	0.0109	1.0000
PsFluSBW25_chrm01_circ_5116073	Pf_BP_2_D623_S104_L001-L004_merged	3	0.0656	0.0079	1.0000
PsFluSBW25_chrm01_circ_5116073	Pf_BP_2_D644_S152_L001-L004_merged	3	0.1016	0.0094	1.0000
PsFluSBW25_chrm01_circ_5116073	Pf_BP_2_D700_S177_L001-L004_merged	3	0.0946	0.0090	1.0000
PsFluSBW25_chrm01_circ_5116073	Pf_BP_2_D728_S118_L001-L004_merged	3	0.1656	0.0117	1.0000
PsFluSBW25_chrm01_circ_5116073	Pf_BP_2_D756_S154_L001-L004_merged	3	0.1124	0.0102	1.0000
PsFluSBW25_chrm01_circ_5116073	Pf_BP_2_D784_S95_L001-L004_merged	3	0.0578	0.0072	1.0000
PsFluSBW25_chrm01_circ_5116073	Pf_BP_2_D84_S2_L001-L004_merged	3	0.0000	0.0001	1.0000
PsFluSBW25_chrm01_circ_5756515	PS_Pf_r02_2017_01_09_L001	3	0.1350	0.0052	1.0000
PsFluSBW25_chrm01_circ_5756515	Pf_BP_2_D112_S35_L001-L004_merged	3	0.0000	0.0001	1.0000
PsFluSBW25_chrm01_circ_5756515	Pf_BP_2_D140_S68_L001-L004_merged	3	0.0000	0.0000	1.0000
PsFluSBW25_chrm01_circ_5756515	Pf_BP_2_D168_S14_L001-L004_merged	3	0.0000	0.0000	1.0000
PsFluSBW25_chrm01_circ_5756515	Pf_BP_2_D196_S47_L001-L004_merged	3	0.0000	0.0000	1.0000
PsFluSBW25_chrm01_circ_5756515	Pf_BP_2_D224_S80_L001-L004_merged	3	0.0000	0.0000	1.0000
PsFluSBW25_chrm01_circ_5756515	Pf_BP_2_D252_S26_L001-L004_merged	3	0.0000	0.0001	1.0000
PsFluSBW25_chrm01_circ_5756515	Pf_BP_2_D279_S59_L001-L004_merged	3	0.0001	0.0008	1.0000
PsFluSBW25_chrm01_circ_5756515	Pf_BP_2_D28_S12_L001-L004_merged	3	0.0000	0.0000	1.0000
PsFluSBW25_chrm01_circ_5756515	Pf_BP_2_D310_S5_L001-L004_merged	3	0.0000	0.0000	1.0000
PsFluSBW25_chrm01_circ_5756515	Pf_BP_2_D336_S38_L001-L004_merged	3	0.0000	0.0000	1.0000
PsFluSBW25_chrm01_circ_5756515	Pf_BP_2_D364_S71_L001-L004_merged	3	0.0002	0.0014	1.0000
PsFluSBW25_chrm01_circ_5756515	Pf_BP_2_D392_S101_L001-L004_merged	3	0.0000	0.0000	1.0000
PsFluSBW25_chrm01_circ_5756515	Pf_BP_2_D420_S50_L001-L004_merged	3	0.0000	0.0003	1.0000
PsFluSBW25_chrm01_circ_5756515	Pf_BP_2_D448_S83_L001-L004_merged	3	0.0000	0.0001	1.0000
PsFluSBW25_chrm01_circ_5756515	Pf_BP_2_D476_S62_L001-L004_merged	3	0.0307	0.0048	1.0000
PsFluSBW25_chrm01_circ_5756515	Pf_BP_2_D504_S161_L001-L004_merged	3	0.0390	0.0060	1.0000
PsFluSBW25_chrm01_circ_5756515	Pf_BP_2_D532_S126_L001-L004_merged	3	0.0942	0.0091	1.0000
PsFluSBW25_chrm01_circ_5756515	Pf_BP_2_D56_S56_L001-L004_merged	3	0.0000	0.0004	1.0000
PsFluSBW25_chrm01_circ_5756515	Pf_BP_2_D588_S86_L001-L004_merged	3	0.1063	0.0109	1.0000
PsFluSBW25_chrm01_circ_5756515	Pf_BP_2_D623_S104_L001-L004_merged	3	0.0656	0.0079	1.0000
PsFluSBW25_chrm01_circ_5756515	Pf_BP_2_D644_S152_L001-L004_merged	3	0.1016	0.0094	1.0000
PsFluSBW25_chrm01_circ_5756515	Pf_BP_2_D700_S177_L001-L004_merged	3	0.0946	0.0090	1.0000
PsFluSBW25_chrm01_circ_5756515	Pf_BP_2_D728_S118_L001-L004_merged	3	0.1656	0.0117	1.0000
PsFluSBW25_chrm01_circ_5756515	Pf_BP_2_D756_S154_L001-L004_merged	3	0.1124	0.0102	1.0000
PsFluSBW25_chrm01_circ_5756515	Pf_BP_2_D784_S95_L001-L004_merged	3	0.0578	0.0072	1.0000
PsFluSBW25_chrm01_circ_5756515	Pf_BP_2_D84_S2_L001-L004_merged	3	0.0000	0.0001	1.0000
PsFluSBW25_chrm01_circ_6006991	PS_Pf_r02_2017_01_09_L001	3	0.1350	0.0052	1.0000
PsFluSBW25_chrm01_circ_6006991	Pf_BP_2_D112_S35_L001-L004_merged	3	0.0000	0.0001	1.0000
PsFluSBW25_chrm01_circ_6006991	Pf_BP_2_D140_S68_L001-L004_merged	3	0.0000	0.0000	1.0000
PsFluSBW25_chrm01_circ_6006991	Pf_BP_2_D168_S14_L001-L004_merged	3	0.0000	0.0000	1.0000
PsFluSBW25_chrm01_circ_6006991	Pf_BP_2_D196_S47_L001-L004_merged	3	0.0000	0.0000	1.0000
PsFluSBW25_chrm01_circ_6006991	Pf_BP_2_D224_S80_L001-L004_merged	3	0.0000	0.0000	1.0000
PsFluSBW25_chrm01_circ_6006991	Pf_BP_2_D252_S26_L001-L004_merged	3	0.0000	0.0001	1.0000
PsFluSBW25_chrm01_circ_6006991	Pf_BP_2_D279_S59_L001-L004_merged	3	0.0001	0.0008	1.0000
PsFluSBW25_chrm01_circ_6006991	Pf_BP_2_D28_S12_L001-L004_merged	3	0.0000	0.0000	1.0000
PsFluSBW25_chrm01_circ_6006991	Pf_BP_2_D310_S5_L001-L004_merged	3	0.0000	0.0000	1.0000
PsFluSBW25_chrm01_circ_6006991	Pf_BP_2_D336_S38_L001-L004_merged	3	0.0000	0.0000	1.0000
PsFluSBW25_chrm01_circ_6006991	Pf_BP_2_D364_S71_L001-L004_merged	3	0.0002	0.0014	1.0000
PsFluSBW25_chrm01_circ_6006991	Pf_BP_2_D392_S101_L001-L004_merged	3	0.0000	0.0000	1.0000
PsFluSBW25_chrm01_circ_6006991	Pf_BP_2_D420_S50_L001-L004_merged	3	0.0000	0.0003	1.0000
PsFluSBW25_chrm01_circ_6006991	Pf_BP_2_D448_S83_L001-L004_merged	3	0.0000	0.0001	1.0000
PsFluSBW25_chrm01_circ_6006991	Pf_BP_2_D476_S62_L001-L004_merged	3	0.0307	0.0048	1.0000
PsFluSBW25_chrm01_circ_6006991	Pf_BP_2_D504_S161_L001-L004_merged	3	0.0390	0.0060	1.0000
PsFluSBW25_chrm01_circ_6006991	Pf_BP_2_D532_S126_L001-L004_merged	3	0.0942	0.0091	1.0000
PsFluSBW25_chrm01_circ_6006991	Pf_BP_2_D56_S56_L001-L004_merged	3	0.0000	0.0004	1.0000
PsFluSBW25_chrm01_circ_6006991	Pf_BP_2_D588_S86_L001-L004_merged	3	0.1063	0.0109	1.0000
PsFluSBW25_chrm01_circ_6006991	Pf_BP_2_D623_S104_L001-L004_merged	3	0.0656	0.0079	1.0000
PsFluSBW25_chrm01_circ_6006991	Pf_BP_2_D644_S152_L001-L004_merged	3	0.1016	0.0094	1.0000
PsFluSBW25_chrm01_circ_6006991	Pf_BP_2_D700_S177_L001-L004_merged	3	0.0946	0.0090	1.0000
PsFluSBW25_chrm01_circ_6006991	Pf_BP_2_D728_S118_L001-L004_merged	3	0.1656	0.0117	1.0000
PsFluSBW25_chrm01_circ_6006991	Pf_BP_2_D756_S154_L001-L004_merged	3	0.1124	0.0102	1.0000
PsFluSBW25_chrm01_circ_6006991	Pf_BP_2_D784_S95_L001-L004_merged	3	0.0578	0.0072	1.0000
PsFluSBW25_chrm01_circ_6006991	Pf_BP_2_D84_S2_L001-L004_merged	3	0.0000	0.0001	1.0000
PsFluSBW25_chrm01_circ_6223954	PS_Pf_r02_2017_01_09_L001	3	0.1350	0.0052	1.0000
PsFluSBW25_chrm01_circ_6223954	Pf_BP_2_D112_S35_L001-L004_merged	3	0.0000	0.0001	1.0000
PsFluSBW25_chrm01_circ_6223954	Pf_BP_2_D140_S68_L001-L004_merged	3	0.0000	0.0000	1.0000
PsFluSBW25_chrm01_circ_6223954	Pf_BP_2_D168_S14_L001-L004_merged	3	0.0000	0.0000	1.0000
PsFluSBW25_chrm01_circ_6223954	Pf_BP_2_D196_S47_L001-L004_merged	3	0.0000	0.0000	1.0000
PsFluSBW25_chrm01_circ_6223954	Pf_BP_2_D224_S80_L001-L004_merged	3	0.0000	0.0000	1.0000
PsFluSBW25_chrm01_circ_6223954	Pf_BP_2_D252_S26_L001-L004_merged	3	0.0000	0.0001	1.0000
PsFluSBW25_chrm01_circ_6223954	Pf_BP_2_D279_S59_L001-L004_merged	3	0.0001	0.0008	1.0000
PsFluSBW25_chrm01_circ_6223954	Pf_BP_2_D28_S12_L001-L004_merged	3	0.0000	0.0000	1.0000
PsFluSBW25_chrm01_circ_6223954	Pf_BP_2_D310_S5_L001-L004_merged	3	0.0000	0.0000	1.0000
PsFluSBW25_chrm01_circ_6223954	Pf_BP_2_D336_S38_L001-L004_merged	3	0.0000	0.0000	1.0000
PsFluSBW25_chrm01_circ_6223954	Pf_BP_2_D364_S71_L001-L004_merged	3	0.0002	0.0014	1.0000
PsFluSBW25_chrm01_circ_6223954	Pf_BP_2_D392_S101_L001-L004_merged	3	0.0000	0.0000	1.0000
PsFluSBW25_chrm01_circ_6223954	Pf_BP_2_D420_S50_L001-L004_merged	3	0.0000	0.0003	1.0000
PsFluSBW25_chrm01_circ_6223954	Pf_BP_2_D448_S83_L001-L004_merged	3	0.0000	0.0001	1.0000
PsFluSBW25_chrm01_circ_6223954	Pf_BP_2_D476_S62_L001-L004_merged	3	0.0307	0.0048	1.0000
PsFluSBW25_chrm01_circ_6223954	Pf_BP_2_D504_S161_L001-L004_merged	3	0.0390	0.0060	1.0000
PsFluSBW25_chrm01_circ_6223954	Pf_BP_2_D532_S126_L001-L004_merged	3	0.0942	0.0091	1.0000
PsFluSBW25_chrm01_circ_6223954	Pf_BP_2_D56_S56_L001-L004_merged	3	0.0000	0.0004	1.0000
PsFluSBW25_chrm01_circ_6223954	Pf_BP_2_D588_S86_L001-L004_merged	3	0.1063	0.0109	1.0000
PsFluSBW25_chrm01_circ_6223954	Pf_BP_2_D623_S104_L001-L004_merged	3	0.0656	0.0079	1.0000
PsFluSBW25_chrm01_circ_6223954	Pf_BP_2_D644_S152_L001-L004_merged	3	0.1016	0.0094	1.0000
PsFluSBW25_chrm01_circ_6223954	Pf_BP_2_D700_S177_L001-L004_merged	3	0.0946	0.0090	1.0000
PsFluSBW25_chrm01_circ_6223954	Pf_BP_2_D728_S118_L001-L004_merged	3	0.1656	0.0117	1.0000
PsFluSBW25_chrm01_circ_6223954	Pf_BP_2_D756_S154_L001-L004_merged	3	0.1124	0.0102	1.0000
PsFluSBW25_chrm01_circ_6223954	Pf_BP_2_D784_S95_L001-L004_merged	3	0.0578	0.0072	1.0000
PsFluSBW25_chrm01_circ_6223954	Pf_BP_2_D84_S2_L001-L004_merged	3	0.0000	0.0001	1.0000
PsFluSBW25_chrm01_circ_6372720	PS_Pf_r02_2017_01_09_L001	3	0.1350	0.0052	0.5204
PsFluSBW25_chrm01_circ_6372720	Pf_BP_2_D112_S35_L001-L004_merged	3	0.0000	0.0001	0.5204
PsFluSBW25_chrm01_circ_6372720	Pf_BP_2_D140_S68_L001-L004_merged	3	0.0000	0.0000	0.5204
PsFluSBW25_chrm01_circ_6372720	Pf_BP_2_D168_S14_L001-L004_merged	3	0.0000	0.0000	0.5204
PsFluSBW25_chrm01_circ_6372720	Pf_BP_2_D196_S47_L001-L004_merged	3	0.0000	0.0000	0.5204
PsFluSBW25_chrm01_circ_6372720	Pf_BP_2_D224_S80_L001-L004_merged	3	0.0000	0.0000	0.5204
PsFluSBW25_chrm01_circ_6372720	Pf_BP_2_D252_S26_L001-L004_merged	3	0.0000	0.0001	0.5204
PsFluSBW25_chrm01_circ_6372720	Pf_BP_2_D279_S59_L001-L004_merged	3	0.0001	0.0008	0.5204
PsFluSBW25_chrm01_circ_6372720	Pf_BP_2_D28_S12_L001-L004_merged	3	0.0000	0.0000	0.5204
PsFluSBW25_chrm01_circ_6372720	Pf_BP_2_D310_S5_L001-L004_merged	3	0.0000	0.0000	0.5204
PsFluSBW25_chrm01_circ_6372720	Pf_BP_2_D336_S38_L001-L004_merged	3	0.0000	0.0000	0.5204
PsFluSBW25_chrm01_circ_6372720	Pf_BP_2_D364_S71_L001-L004_merged	3	0.0002	0.0014	0.5204
PsFluSBW25_chrm01_circ_6372720	Pf_BP_2_D392_S101_L001-L004_merged	3	0.0000	0.0000	0.5204
PsFluSBW25_chrm01_circ_6372720	Pf_BP_2_D420_S50_L001-L004_merged	3	0.0000	0.0003	0.5204
PsFluSBW25_chrm01_circ_6372720	Pf_BP_2_D448_S83_L001-L004_merged	3	0.0000	0.0001	0.5204
PsFluSBW25_chrm01_circ_6372720	Pf_BP_2_D476_S62_L001-L004_merged	3	0.0307	0.0048	0.5204
PsFluSBW25_chrm01_circ_6372720	Pf_BP_2_D504_S161_L001-L004_merged	3	0.0390	0.0060	0.5204
PsFluSBW25_chrm01_circ_6372720	Pf_BP_2_D532_S126_L001-L004_merged	3	0.0942	0.0091	0.5204
PsFluSBW25_chrm01_circ_6372720	Pf_BP_2_D56_S56_L001-L004_merged	3	0.0000	0.0004	0.5204
PsFluSBW25_chrm01_circ_6372720	Pf_BP_2_D588_S86_L001-L004_merged	3	0.1063	0.0109	0.5204
PsFluSBW25_chrm01_circ_6372720	Pf_BP_2_D623_S104_L001-L004_merged	3	0.0656	0.0079	0.5204
PsFluSBW25_chrm01_circ_6372720	Pf_BP_2_D644_S152_L001-L004_merged	3	0.1016	0.0094	0.5204
PsFluSBW25_chrm01_circ_6372720	Pf_BP_2_D700_S177_L001-L004_merged	3	0.0946	0.0090	0.5204
PsFluSBW25_chrm01_circ_6372720	Pf_BP_2_D728_S118_L001-L004_merged	3	0.1656	0.0117	0.5204
PsFluSBW25_chrm01_circ_6372720	Pf_BP_2_D756_S154_L001-L004_merged	3	0.1124	0.0102	0.5204
PsFluSBW25_chrm01_circ_6372720	Pf_BP_2_D784_S95_L001-L004_merged	3	0.0578	0.0072	0.5204
PsFluSBW25_chrm01_circ_6372720	Pf_BP_2_D84_S2_L001-L004_merged	3	0.0000	0.0001	0.5204
PsFluSBW25_chrm01_circ_6393732	PS_Pf_r02_2017_01_09_L001	3	0.1350	0.0052	1.0000
PsFluSBW25_chrm01_circ_6393732	Pf_BP_2_D112_S35_L001-L004_merged	3	0.0000	0.0001	1.0000
PsFluSBW25_chrm01_circ_6393732	Pf_BP_2_D140_S68_L001-L004_merged	3	0.0000	0.0000	1.0000
PsFluSBW25_chrm01_circ_6393732	Pf_BP_2_D168_S14_L001-L004_merged	3	0.0000	0.0000	1.0000
PsFluSBW25_chrm01_circ_6393732	Pf_BP_2_D196_S47_L001-L004_merged	3	0.0000	0.0000	1.0000
PsFluSBW25_chrm01_circ_6393732	Pf_BP_2_D224_S80_L001-L004_merged	3	0.0000	0.0000	1.0000
PsFluSBW25_chrm01_circ_6393732	Pf_BP_2_D252_S26_L001-L004_merged	3	0.0000	0.0001	1.0000
PsFluSBW25_chrm01_circ_6393732	Pf_BP_2_D279_S59_L001-L004_merged	3	0.0001	0.0008	1.0000
PsFluSBW25_chrm01_circ_6393732	Pf_BP_2_D28_S12_L001-L004_merged	3	0.0000	0.0000	1.0000
PsFluSBW25_chrm01_circ_6393732	Pf_BP_2_D310_S5_L001-L004_merged	3	0.0000	0.0000	1.0000
PsFluSBW25_chrm01_circ_6393732	Pf_BP_2_D336_S38_L001-L004_merged	3	0.0000	0.0000	1.0000
PsFluSBW25_chrm01_circ_6393732	Pf_BP_2_D364_S71_L001-L004_merged	3	0.0002	0.0014	1.0000
PsFluSBW25_chrm01_circ_6393732	Pf_BP_2_D392_S101_L001-L004_merged	3	0.0000	0.0000	1.0000
PsFluSBW25_chrm01_circ_6393732	Pf_BP_2_D420_S50_L001-L004_merged	3	0.0000	0.0003	1.0000
PsFluSBW25_chrm01_circ_6393732	Pf_BP_2_D448_S83_L001-L004_merged	3	0.0000	0.0001	1.0000
PsFluSBW25_chrm01_circ_6393732	Pf_BP_2_D476_S62_L001-L004_merged	3	0.0307	0.0048	1.0000
PsFluSBW25_chrm01_circ_6393732	Pf_BP_2_D504_S161_L001-L004_merged	3	0.0390	0.0060	1.0000
PsFluSBW25_chrm01_circ_6393732	Pf_BP_2_D532_S126_L001-L004_merged	3	0.0942	0.0091	1.0000
PsFluSBW25_chrm01_circ_6393732	Pf_BP_2_D56_S56_L001-L004_merged	3	0.0000	0.0004	1.0000
PsFluSBW25_chrm01_circ_6393732	Pf_BP_2_D588_S86_L001-L004_merged	3	0.1063	0.0109	1.0000
PsFluSBW25_chrm01_circ_6393732	Pf_BP_2_D623_S104_L001-L004_merged	3	0.0656	0.0079	1.0000
PsFluSBW25_chrm01_circ_6393732	Pf_BP_2_D644_S152_L001-L004_merged	3	0.1016	0.0094	1.0000
PsFluSBW25_chrm01_circ_6393732	Pf_BP_2_D700_S177_L001-L004_merged	3	0.0946	0.0090	1.0000
PsFluSBW25_chrm01_circ_6393732	Pf_BP_2_D728_S118_L001-L004_merged	3	0.1656	0.0117	1.0000
PsFluSBW25_chrm01_circ_6393732	Pf_BP_2_D756_S154_L001-L004_merged	3	0.1124	0.0102	1.0000
PsFluSBW25_chrm01_circ_6393732	Pf_BP_2_D784_S95_L001-L004_merged	3	0.0578	0.0072	1.0000
PsFluSBW25_chrm01_circ_6393732	Pf_BP_2_D84_S2_L001-L004_merged	3	0.0000	0.0001	1.0000
PsFluSBW25_chrm01_circ_6511171	PS_Pf_r02_2017_01_09_L001	3	0.1350	0.0052	1.0000
PsFluSBW25_chrm01_circ_6511171	Pf_BP_2_D112_S35_L001-L004_merged	3	0.0000	0.0001	1.0000
PsFluSBW25_chrm01_circ_6511171	Pf_BP_2_D140_S68_L001-L004_merged	3	0.0000	0.0000	1.0000
PsFluSBW25_chrm01_circ_6511171	Pf_BP_2_D168_S14_L001-L004_merged	3	0.0000	0.0000	1.0000
PsFluSBW25_chrm01_circ_6511171	Pf_BP_2_D196_S47_L001-L004_merged	3	0.0000	0.0000	1.0000
PsFluSBW25_chrm01_circ_6511171	Pf_BP_2_D224_S80_L001-L004_merged	3	0.0000	0.0000	1.0000
PsFluSBW25_chrm01_circ_6511171	Pf_BP_2_D252_S26_L001-L004_merged	3	0.0000	0.0001	1.0000
PsFluSBW25_chrm01_circ_6511171	Pf_BP_2_D279_S59_L001-L004_merged	3	0.0001	0.0008	1.0000
PsFluSBW25_chrm01_circ_6511171	Pf_BP_2_D28_S12_L001-L004_merged	3	0.0000	0.0000	1.0000
PsFluSBW25_chrm01_circ_6511171	Pf_BP_2_D310_S5_L001-L004_merged	3	0.0000	0.0000	1.0000
PsFluSBW25_chrm01_circ_6511171	Pf_BP_2_D336_S38_L001-L004_merged	3	0.0000	0.0000	1.0000
PsFluSBW25_chrm01_circ_6511171	Pf_BP_2_D364_S71_L001-L004_merged	3	0.0002	0.0014	1.0000
PsFluSBW25_chrm01_circ_6511171	Pf_BP_2_D392_S101_L001-L004_merged	3	0.0000	0.0000	1.0000
PsFluSBW25_chrm01_circ_6511171	Pf_BP_2_D420_S50_L001-L004_merged	3	0.0000	0.0003	1.0000
PsFluSBW25_chrm01_circ_6511171	Pf_BP_2_D448_S83_L001-L004_merged	3	0.0000	0.0001	1.0000
PsFluSBW25_chrm01_circ_6511171	Pf_BP_2_D476_S62_L001-L004_merged	3	0.0307	0.0048	1.0000
PsFluSBW25_chrm01_circ_6511171	Pf_BP_2_D504_S161_L001-L004_merged	3	0.0390	0.0060	1.0000
PsFluSBW25_chrm01_circ_6511171	Pf_BP_2_D532_S126_L001-L004_merged	3	0.0942	0.0091	1.0000
PsFluSBW25_chrm01_circ_6511171	Pf_BP_2_D56_S56_L001-L004_merged	3	0.0000	0.0004	1.0000
PsFluSBW25_chrm01_circ_6511171	Pf_BP_2_D588_S86_L001-L004_merged	3	0.1063	0.0109	1.0000
PsFluSBW25_chrm01_circ_6511171	Pf_BP_2_D623_S104_L001-L004_merged	3	0.0656	0.0079	1.0000
PsFluSBW25_chrm01_circ_6511171	Pf_BP_2_D644_S152_L001-L004_merged	3	0.1016	0.0094	1.0000
PsFluSBW25_chrm01_circ_6511171	Pf_BP_2_D700_S177_L001-L004_merged	3	0.0946	0.0090	1.0000
PsFluSBW25_chrm01_circ_6511171	Pf_BP_2_D728_S118_L001-L004_merged	3	0.1656	0.0117	1.0000
PsFluSBW25_chrm01_circ_6511171	Pf_BP_2_D756_S154_L001-L004_merged	3	0.1124	0.0102	1.0000
PsFluSBW25_chrm01_circ_6511171	Pf_BP_2_D784_S95_L001-L004_merged	3	0.0578	0.0072	1.0000
PsFluSBW25_chrm01_circ_6511171	Pf_BP_2_D84_S2_L001-L004_merged	3	0.0000	0.0001	1.0000
PsFluSBW25_chrm01_circ_863298	PS_Pf_r02_2017_01_09_L001	3	0.1350	0.0052	1.0000
PsFluSBW25_chrm01_circ_863298	Pf_BP_2_D112_S35_L001-L004_merged	3	0.0000	0.0001	1.0000
PsFluSBW25_chrm01_circ_863298	Pf_BP_2_D140_S68_L001-L004_merged	3	0.0000	0.0000	1.0000
PsFluSBW25_chrm01_circ_863298	Pf_BP_2_D168_S14_L001-L004_merged	3	0.0000	0.0000	1.0000
PsFluSBW25_chrm01_circ_863298	Pf_BP_2_D196_S47_L001-L004_merged	3	0.0000	0.0000	1.0000
PsFluSBW25_chrm01_circ_863298	Pf_BP_2_D224_S80_L001-L004_merged	3	0.0000	0.0000	1.0000
PsFluSBW25_chrm01_circ_863298	Pf_BP_2_D252_S26_L001-L004_merged	3	0.0000	0.0001	1.0000
PsFluSBW25_chrm01_circ_863298	Pf_BP_2_D279_S59_L001-L004_merged	3	0.0001	0.0008	1.0000
PsFluSBW25_chrm01_circ_863298	Pf_BP_2_D28_S12_L001-L004_merged	3	0.0000	0.0000	1.0000
PsFluSBW25_chrm01_circ_863298	Pf_BP_2_D310_S5_L001-L004_merged	3	0.0000	0.0000	1.0000
PsFluSBW25_chrm01_circ_863298	Pf_BP_2_D336_S38_L001-L004_merged	3	0.0000	0.0000	1.0000
PsFluSBW25_chrm01_circ_863298	Pf_BP_2_D364_S71_L001-L004_merged	3	0.0002	0.0014	1.0000
PsFluSBW25_chrm01_circ_863298	Pf_BP_2_D392_S101_L001-L004_merged	3	0.0000	0.0000	1.0000
PsFluSBW25_chrm01_circ_863298	Pf_BP_2_D420_S50_L001-L004_merged	3	0.0000	0.0003	1.0000
PsFluSBW25_chrm01_circ_863298	Pf_BP_2_D448_S83_L001-L004_merged	3	0.0000	0.0001	1.0000
PsFluSBW25_chrm01_circ_863298	Pf_BP_2_D476_S62_L001-L004_merged	3	0.0307	0.0048	1.0000
PsFluSBW25_chrm01_circ_863298	Pf_BP_2_D504_S161_L001-L004_merged	3	0.0390	0.0060	1.0000
PsFluSBW25_chrm01_circ_863298	Pf_BP_2_D532_S126_L001-L004_merged	3	0.0942	0.0091	1.0000
PsFluSBW25_chrm01_circ_863298	Pf_BP_2_D56_S56_L001-L004_merged	3	0.0000	0.0004	1.0000
PsFluSBW25_chrm01_circ_863298	Pf_BP_2_D588_S86_L001-L004_merged	3	0.1063	0.0109	1.0000
PsFluSBW25_chrm01_circ_863298	Pf_BP_2_D623_S104_L001-L004_merged	3	0.0656	0.0079	1.0000
PsFluSBW25_chrm01_circ_863298	Pf_BP_2_D644_S152_L001-L004_merged	3	0.1016	0.0094	1.0000
PsFluSBW25_chrm01_circ_863298	Pf_BP_2_D700_S177_L001-L004_merged	3	0.0946	0.0090	1.0000
PsFluSBW25_chrm01_circ_863298	Pf_BP_2_D728_S118_L001-L004_merged	3	0.1656	0.0117	1.0000
PsFluSBW25_chrm01_circ_863298	Pf_BP_2_D756_S154_L001-L004_merged	3	0.1124	0.0102	1.0000
PsFluSBW25_chrm01_circ_863298	Pf_BP_2_D784_S95_L001-L004_merged	3	0.0578	0.0072	1.0000
PsFluSBW25_chrm01_circ_863298	Pf_BP_2_D84_S2_L001-L004_merged	3	0.0000	0.0001	1.0000
PsFluSBW25_chrm01_circ_901449	PS_Pf_r02_2017_01_09_L001	3	0.1350	0.0052	0.9999
PsFluSBW25_chrm01_circ_901449	Pf_BP_2_D112_S35_L001-L004_merged	3	0.0000	0.0001	0.9999
PsFluSBW25_chrm01_circ_901449	Pf_BP_2_D140_S68_L001-L004_merged	3	0.0000	0.0000	0.9999
PsFluSBW25_chrm01_circ_901449	Pf_BP_2_D168_S14_L001-L004_merged	3	0.0000	0.0000	0.9999
PsFluSBW25_chrm01_circ_901449	Pf_BP_2_D196_S47_L001-L004_merged	3	0.0000	0.0000	0.9999
PsFluSBW25_chrm01_circ_901449	Pf_BP_2_D224_S80_L001-L004_merged	3	0.0000	0.0000	0.9999
PsFluSBW25_chrm01_circ_901449	Pf_BP_2_D252_S26_L001-L004_merged	3	0.0000	0.0001	0.9999
PsFluSBW25_chrm01_circ_901449	Pf_BP_2_D279_S59_L001-L004_merged	3	0.0001	0.0008	0.9999
PsFluSBW25_chrm01_circ_901449	Pf_BP_2_D28_S12_L001-L004_merged	3	0.0000	0.0000	0.9999
PsFluSBW25_chrm01_circ_901449	Pf_BP_2_D310_S5_L001-L004_merged	3	0.0000	0.0000	0.9999
PsFluSBW25_chrm01_circ_901449	Pf_BP_2_D336_S38_L001-L004_merged	3	0.0000	0.0000	0.9999
PsFluSBW25_chrm01_circ_901449	Pf_BP_2_D364_S71_L001-L004_merged	3	0.0002	0.0014	0.9999
PsFluSBW25_chrm01_circ_901449	Pf_BP_2_D392_S101_L001-L004_merged	3	0.0000	0.0000	0.9999
PsFluSBW25_chrm01_circ_901449	Pf_BP_2_D420_S50_L001-L004_merged	3	0.0000	0.0003	0.9999
PsFluSBW25_chrm01_circ_901449	Pf_BP_2_D448_S83_L001-L004_merged	3	0.0000	0.0001	0.9999
PsFluSBW25_chrm01_circ_901449	Pf_BP_2_D476_S62_L001-L004_merged	3	0.0307	0.0048	0.9999
PsFluSBW25_chrm01_circ_901449	Pf_BP_2_D504_S161_L001-L004_merged	3	0.0390	0.0060	0.9999
PsFluSBW25_chrm01_circ_901449	Pf_BP_2_D532_S126_L001-L004_merged	3	0.0942	0.0091	0.9999
PsFluSBW25_chrm01_circ_901449	Pf_BP_2_D56_S56_L001-L004_merged	3	0.0000	0.0004	0.9999
PsFluSBW25_chrm01_circ_901449	Pf_BP_2_D588_S86_L001-L004_merged	3	0.1063	0.0109	0.9999
PsFluSBW25_chrm01_circ_901449	Pf_BP_2_D623_S104_L001-L004_merged	3	0.0656	0.0079	0.9999
PsFluSBW25_chrm01_circ_901449	Pf_BP_2_D644_S152_L001-L004_merged	3	0.1016	0.0094	0.9999
PsFluSBW25_chrm01_circ_901449	Pf_BP_2_D700_S177_L001-L004_merged	3	0.0946	0.0090	0.9999
PsFluSBW25_chrm01_circ_901449	Pf_BP_2_D728_S118_L001-L004_merged	3	0.1656	0.0117	0.9999
PsFluSBW25_chrm01_circ_901449	Pf_BP_2_D756_S154_L001-L004_merged	3	0.1124	0.0102	0.9999
PsFluSBW25_chrm01_circ_901449	Pf_BP_2_D784_S95_L001-L004_merged	3	0.0578	0.0072	0.9999
PsFluSBW25_chrm01_circ_901449	Pf_BP_2_D84_S2_L001-L004_merged	3	0.0000	0.0001	0.9999
PsFluSBW25_chrm01_circ_931074	PS_Pf_r02_2017_01_09_L001	3	0.1350	0.0052	1.0000
PsFluSBW25_chrm01_circ_931074	Pf_BP_2_D112_S35_L001-L004_merged	3	0.0000	0.0001	1.0000
PsFluSBW25_chrm01_circ_931074	Pf_BP_2_D140_S68_L001-L004_merged	3	0.0000	0.0000	1.0000
PsFluSBW25_chrm01_circ_931074	Pf_BP_2_D168_S14_L001-L004_merged	3	0.0000	0.0000	1.0000
PsFluSBW25_chrm01_circ_931074	Pf_BP_2_D196_S47_L001-L004_merged	3	0.0000	0.0000	1.0000
PsFluSBW25_chrm01_circ_931074	Pf_BP_2_D224_S80_L001-L004_merged	3	0.0000	0.0000	1.0000
PsFluSBW25_chrm01_circ_931074	Pf_BP_2_D252_S26_L001-L004_merged	3	0.0000	0.0001	1.0000
PsFluSBW25_chrm01_circ_931074	Pf_BP_2_D279_S59_L001-L004_merged	3	0.0001	0.0008	1.0000
PsFluSBW25_chrm01_circ_931074	Pf_BP_2_D28_S12_L001-L004_merged	3	0.0000	0.0000	1.0000
PsFluSBW25_chrm01_circ_931074	Pf_BP_2_D310_S5_L001-L004_merged	3	0.0000	0.0000	1.0000
PsFluSBW25_chrm01_circ_931074	Pf_BP_2_D336_S38_L001-L004_merged	3	0.0000	0.0000	1.0000
PsFluSBW25_chrm01_circ_931074	Pf_BP_2_D364_S71_L001-L004_merged	3	0.0002	0.0014	1.0000
PsFluSBW25_chrm01_circ_931074	Pf_BP_2_D392_S101_L001-L004_merged	3	0.0000	0.0000	1.0000
PsFluSBW25_chrm01_circ_931074	Pf_BP_2_D420_S50_L001-L004_merged	3	0.0000	0.0003	1.0000
PsFluSBW25_chrm01_circ_931074	Pf_BP_2_D448_S83_L001-L004_merged	3	0.0000	0.0001	1.0000
PsFluSBW25_chrm01_circ_931074	Pf_BP_2_D476_S62_L001-L004_merged	3	0.0307	0.0048	1.0000
PsFluSBW25_chrm01_circ_931074	Pf_BP_2_D504_S161_L001-L004_merged	3	0.0390	0.0060	1.0000
PsFluSBW25_chrm01_circ_931074	Pf_BP_2_D532_S126_L001-L004_merged	3	0.0942	0.0091	1.0000
PsFluSBW25_chrm01_circ_931074	Pf_BP_2_D56_S56_L001-L004_merged	3	0.0000	0.0004	1.0000
PsFluSBW25_chrm01_circ_931074	Pf_BP_2_D588_S86_L001-L004_merged	3	0.1063	0.0109	1.0000
PsFluSBW25_chrm01_circ_931074	Pf_BP_2_D623_S104_L001-L004_merged	3	0.0656	0.0079	1.0000
PsFluSBW25_chrm01_circ_931074	Pf_BP_2_D644_S152_L001-L004_merged	3	0.1016	0.0094	1.0000
PsFluSBW25_chrm01_circ_931074	Pf_BP_2_D700_S177_L001-L004_merged	3	0.0946	0.0090	1.0000
PsFluSBW25_chrm01_circ_931074	Pf_BP_2_D728_S118_L001-L004_merged	3	0.1656	0.0117	1.0000
PsFluSBW25_chrm01_circ_931074	Pf_BP_2_D756_S154_L001-L004_merged	3	0.1124	0.0102	1.0000
PsFluSBW25_chrm01_circ_931074	Pf_BP_2_D784_S95_L001-L004_merged	3	0.0578	0.0072	1.0000
PsFluSBW25_chrm01_circ_931074	Pf_BP_2_D84_S2_L001-L004_merged	3	0.0000	0.0001	1.0000
PsFluSBW25_chrm01_circ_934397	PS_Pf_r02_2017_01_09_L001	3	0.1350	0.0052	1.0000
PsFluSBW25_chrm01_circ_934397	Pf_BP_2_D112_S35_L001-L004_merged	3	0.0000	0.0001	1.0000
PsFluSBW25_chrm01_circ_934397	Pf_BP_2_D140_S68_L001-L004_merged	3	0.0000	0.0000	1.0000
PsFluSBW25_chrm01_circ_934397	Pf_BP_2_D168_S14_L001-L004_merged	3	0.0000	0.0000	1.0000
PsFluSBW25_chrm01_circ_934397	Pf_BP_2_D196_S47_L001-L004_merged	3	0.0000	0.0000	1.0000
PsFluSBW25_chrm01_circ_934397	Pf_BP_2_D224_S80_L001-L004_merged	3	0.0000	0.0000	1.0000
PsFluSBW25_chrm01_circ_934397	Pf_BP_2_D252_S26_L001-L004_merged	3	0.0000	0.0001	1.0000
PsFluSBW25_chrm01_circ_934397	Pf_BP_2_D279_S59_L001-L004_merged	3	0.0001	0.0008	1.0000
PsFluSBW25_chrm01_circ_934397	Pf_BP_2_D28_S12_L001-L004_merged	3	0.0000	0.0000	1.0000
PsFluSBW25_chrm01_circ_934397	Pf_BP_2_D310_S5_L001-L004_merged	3	0.0000	0.0000	1.0000
PsFluSBW25_chrm01_circ_934397	Pf_BP_2_D336_S38_L001-L004_merged	3	0.0000	0.0000	1.0000
PsFluSBW25_chrm01_circ_934397	Pf_BP_2_D364_S71_L001-L004_merged	3	0.0002	0.0014	1.0000
PsFluSBW25_chrm01_circ_934397	Pf_BP_2_D392_S101_L001-L004_merged	3	0.0000	0.0000	1.0000
PsFluSBW25_chrm01_circ_934397	Pf_BP_2_D420_S50_L001-L004_merged	3	0.0000	0.0003	1.0000
PsFluSBW25_chrm01_circ_934397	Pf_BP_2_D448_S83_L001-L004_merged	3	0.0000	0.0001	1.0000
PsFluSBW25_chrm01_circ_934397	Pf_BP_2_D476_S62_L001-L004_merged	3	0.0307	0.0048	1.0000
PsFluSBW25_chrm01_circ_934397	Pf_BP_2_D504_S161_L001-L004_merged	3	0.0390	0.0060	1.0000
PsFluSBW25_chrm01_circ_934397	Pf_BP_2_D532_S126_L001-L004_merged	3	0.0942	0.0091	1.0000
PsFluSBW25_chrm01_circ_934397	Pf_BP_2_D56_S56_L001-L004_merged	3	0.0000	0.0004	1.0000
PsFluSBW25_chrm01_circ_934397	Pf_BP_2_D588_S86_L001-L004_merged	3	0.1063	0.0109	1.0000
PsFluSBW25_chrm01_circ_934397	Pf_BP_2_D623_S104_L001-L004_merged	3	0.0656	0.0079	1.0000
PsFluSBW25_chrm01_circ_934397	Pf_BP_2_D644_S152_L001-L004_merged	3	0.1016	0.0094	1.0000
PsFluSBW25_chrm01_circ_934397	Pf_BP_2_D700_S177_L001-L004_merged	3	0.0946	0.0090	1.0000
PsFluSBW25_chrm01_circ_934397	Pf_BP_2_D728_S118_L001-L004_merged	3	0.1656	0.0117	1.0000
PsFluSBW25_chrm01_circ_934397	Pf_BP_2_D756_S154_L001-L004_merged	3	0.1124	0.0102	1.0000
PsFluSBW25_chrm01_circ_934397	Pf_BP_2_D784_S95_L001-L004_merged	3	0.0578	0.0072	1.0000
PsFluSBW25_chrm01_circ_934397	Pf_BP_2_D84_S2_L001-L004_merged	3	0.0000	0.0001	1.0000
PsFluSBW25_chrm01_circ_1042396	PS_Pf_r02_2017_01_09_L001	4	0.1439	0.0045	1.0000
PsFluSBW25_chrm01_circ_1042396	Pf_BP_2_D112_S35_L001-L004_merged	4	0.0101	0.0002	1.0000
PsFluSBW25_chrm01_circ_1042396	Pf_BP_2_D140_S68_L001-L004_merged	4	0.0000	0.0003	1.0000
PsFluSBW25_chrm01_circ_1042396	Pf_BP_2_D168_S14_L001-L004_merged	4	0.0101	0.0003	1.0000
PsFluSBW25_chrm01_circ_1042396	Pf_BP_2_D196_S47_L001-L004_merged	4	0.0101	0.0003	1.0000
PsFluSBW25_chrm01_circ_1042396	Pf_BP_2_D224_S80_L001-L004_merged	4	0.0101	0.0001	1.0000
PsFluSBW25_chrm01_circ_1042396	Pf_BP_2_D252_S26_L001-L004_merged	4	0.0201	0.0025	1.0000
PsFluSBW25_chrm01_circ_1042396	Pf_BP_2_D279_S59_L001-L004_merged	4	0.0425	0.0065	1.0000
PsFluSBW25_chrm01_circ_1042396	Pf_BP_2_D28_S12_L001-L004_merged	4	0.0000	0.0000	1.0000
PsFluSBW25_chrm01_circ_1042396	Pf_BP_2_D310_S5_L001-L004_merged	4	0.1280	0.0069	1.0000
PsFluSBW25_chrm01_circ_1042396	Pf_BP_2_D336_S38_L001-L004_merged	4	0.1409	0.0081	1.0000
PsFluSBW25_chrm01_circ_1042396	Pf_BP_2_D364_S71_L001-L004_merged	4	0.1274	0.0083	1.0000
PsFluSBW25_chrm01_circ_1042396	Pf_BP_2_D392_S101_L001-L004_merged	4	0.0650	0.0062	1.0000
PsFluSBW25_chrm01_circ_1042396	Pf_BP_2_D420_S50_L001-L004_merged	4	0.1161	0.0072	1.0000
PsFluSBW25_chrm01_circ_1042396	Pf_BP_2_D448_S83_L001-L004_merged	4	0.0952	0.0073	1.0000
PsFluSBW25_chrm01_circ_1042396	Pf_BP_2_D476_S62_L001-L004_merged	4	0.1259	0.0079	1.0000
PsFluSBW25_chrm01_circ_1042396	Pf_BP_2_D504_S161_L001-L004_merged	4	0.1071	0.0078	1.0000
PsFluSBW25_chrm01_circ_1042396	Pf_BP_2_D532_S126_L001-L004_merged	4	0.0987	0.0078	1.0000
PsFluSBW25_chrm01_circ_1042396	Pf_BP_2_D56_S56_L001-L004_merged	4	0.0000	0.0005	1.0000
PsFluSBW25_chrm01_circ_1042396	Pf_BP_2_D588_S86_L001-L004_merged	4	0.0991	0.0086	1.0000
PsFluSBW25_chrm01_circ_1042396	Pf_BP_2_D623_S104_L001-L004_merged	4	0.0342	0.0052	1.0000
PsFluSBW25_chrm01_circ_1042396	Pf_BP_2_D644_S152_L001-L004_merged	4	0.0992	0.0077	1.0000
PsFluSBW25_chrm01_circ_1042396	Pf_BP_2_D700_S177_L001-L004_merged	4	0.0549	0.0060	1.0000
PsFluSBW25_chrm01_circ_1042396	Pf_BP_2_D728_S118_L001-L004_merged	4	0.1473	0.0090	1.0000
PsFluSBW25_chrm01_circ_1042396	Pf_BP_2_D756_S154_L001-L004_merged	4	0.0929	0.0078	1.0000
PsFluSBW25_chrm01_circ_1042396	Pf_BP_2_D784_S95_L001-L004_merged	4	0.0542	0.0059	1.0000
PsFluSBW25_chrm01_circ_1042396	Pf_BP_2_D84_S2_L001-L004_merged	4	0.0000	0.0006	1.0000
PsFluSBW25_chrm01_circ_1104773	PS_Pf_r02_2017_01_09_L001	4	0.1439	0.0045	1.0000
PsFluSBW25_chrm01_circ_1104773	Pf_BP_2_D112_S35_L001-L004_merged	4	0.0101	0.0002	1.0000
PsFluSBW25_chrm01_circ_1104773	Pf_BP_2_D140_S68_L001-L004_merged	4	0.0000	0.0003	1.0000
PsFluSBW25_chrm01_circ_1104773	Pf_BP_2_D168_S14_L001-L004_merged	4	0.0101	0.0003	1.0000
PsFluSBW25_chrm01_circ_1104773	Pf_BP_2_D196_S47_L001-L004_merged	4	0.0101	0.0003	1.0000
PsFluSBW25_chrm01_circ_1104773	Pf_BP_2_D224_S80_L001-L004_merged	4	0.0101	0.0001	1.0000
PsFluSBW25_chrm01_circ_1104773	Pf_BP_2_D252_S26_L001-L004_merged	4	0.0201	0.0025	1.0000
PsFluSBW25_chrm01_circ_1104773	Pf_BP_2_D279_S59_L001-L004_merged	4	0.0425	0.0065	1.0000
PsFluSBW25_chrm01_circ_1104773	Pf_BP_2_D28_S12_L001-L004_merged	4	0.0000	0.0000	1.0000
PsFluSBW25_chrm01_circ_1104773	Pf_BP_2_D310_S5_L001-L004_merged	4	0.1280	0.0069	1.0000
PsFluSBW25_chrm01_circ_1104773	Pf_BP_2_D336_S38_L001-L004_merged	4	0.1409	0.0081	1.0000
PsFluSBW25_chrm01_circ_1104773	Pf_BP_2_D364_S71_L001-L004_merged	4	0.1274	0.0083	1.0000
PsFluSBW25_chrm01_circ_1104773	Pf_BP_2_D392_S101_L001-L004_merged	4	0.0650	0.0062	1.0000
PsFluSBW25_chrm01_circ_1104773	Pf_BP_2_D420_S50_L001-L004_merged	4	0.1161	0.0072	1.0000
PsFluSBW25_chrm01_circ_1104773	Pf_BP_2_D448_S83_L001-L004_merged	4	0.0952	0.0073	1.0000
PsFluSBW25_chrm01_circ_1104773	Pf_BP_2_D476_S62_L001-L004_merged	4	0.1259	0.0079	1.0000
PsFluSBW25_chrm01_circ_1104773	Pf_BP_2_D504_S161_L001-L004_merged	4	0.1071	0.0078	1.0000
PsFluSBW25_chrm01_circ_1104773	Pf_BP_2_D532_S126_L001-L004_merged	4	0.0987	0.0078	1.0000
PsFluSBW25_chrm01_circ_1104773	Pf_BP_2_D56_S56_L001-L004_merged	4	0.0000	0.0005	1.0000
PsFluSBW25_chrm01_circ_1104773	Pf_BP_2_D588_S86_L001-L004_merged	4	0.0991	0.0086	1.0000
PsFluSBW25_chrm01_circ_1104773	Pf_BP_2_D623_S104_L001-L004_merged	4	0.0342	0.0052	1.0000
PsFluSBW25_chrm01_circ_1104773	Pf_BP_2_D644_S152_L001-L004_merged	4	0.0992	0.0077	1.0000
PsFluSBW25_chrm01_circ_1104773	Pf_BP_2_D700_S177_L001-L004_merged	4	0.0549	0.0060	1.0000
PsFluSBW25_chrm01_circ_1104773	Pf_BP_2_D728_S118_L001-L004_merged	4	0.1473	0.0090	1.0000
PsFluSBW25_chrm01_circ_1104773	Pf_BP_2_D756_S154_L001-L004_merged	4	0.0929	0.0078	1.0000
PsFluSBW25_chrm01_circ_1104773	Pf_BP_2_D784_S95_L001-L004_merged	4	0.0542	0.0059	1.0000
PsFluSBW25_chrm01_circ_1104773	Pf_BP_2_D84_S2_L001-L004_merged	4	0.0000	0.0006	1.0000
PsFluSBW25_chrm01_circ_1347919	PS_Pf_r02_2017_01_09_L001	4	0.1439	0.0045	1.0000
PsFluSBW25_chrm01_circ_1347919	Pf_BP_2_D112_S35_L001-L004_merged	4	0.0101	0.0002	1.0000
PsFluSBW25_chrm01_circ_1347919	Pf_BP_2_D140_S68_L001-L004_merged	4	0.0000	0.0003	1.0000
PsFluSBW25_chrm01_circ_1347919	Pf_BP_2_D168_S14_L001-L004_merged	4	0.0101	0.0003	1.0000
PsFluSBW25_chrm01_circ_1347919	Pf_BP_2_D196_S47_L001-L004_merged	4	0.0101	0.0003	1.0000
PsFluSBW25_chrm01_circ_1347919	Pf_BP_2_D224_S80_L001-L004_merged	4	0.0101	0.0001	1.0000
PsFluSBW25_chrm01_circ_1347919	Pf_BP_2_D252_S26_L001-L004_merged	4	0.0201	0.0025	1.0000
PsFluSBW25_chrm01_circ_1347919	Pf_BP_2_D279_S59_L001-L004_merged	4	0.0425	0.0065	1.0000
PsFluSBW25_chrm01_circ_1347919	Pf_BP_2_D28_S12_L001-L004_merged	4	0.0000	0.0000	1.0000
PsFluSBW25_chrm01_circ_1347919	Pf_BP_2_D310_S5_L001-L004_merged	4	0.1280	0.0069	1.0000
PsFluSBW25_chrm01_circ_1347919	Pf_BP_2_D336_S38_L001-L004_merged	4	0.1409	0.0081	1.0000
PsFluSBW25_chrm01_circ_1347919	Pf_BP_2_D364_S71_L001-L004_merged	4	0.1274	0.0083	1.0000
PsFluSBW25_chrm01_circ_1347919	Pf_BP_2_D392_S101_L001-L004_merged	4	0.0650	0.0062	1.0000
PsFluSBW25_chrm01_circ_1347919	Pf_BP_2_D420_S50_L001-L004_merged	4	0.1161	0.0072	1.0000
PsFluSBW25_chrm01_circ_1347919	Pf_BP_2_D448_S83_L001-L004_merged	4	0.0952	0.0073	1.0000
PsFluSBW25_chrm01_circ_1347919	Pf_BP_2_D476_S62_L001-L004_merged	4	0.1259	0.0079	1.0000
PsFluSBW25_chrm01_circ_1347919	Pf_BP_2_D504_S161_L001-L004_merged	4	0.1071	0.0078	1.0000
PsFluSBW25_chrm01_circ_1347919	Pf_BP_2_D532_S126_L001-L004_merged	4	0.0987	0.0078	1.0000
PsFluSBW25_chrm01_circ_1347919	Pf_BP_2_D56_S56_L001-L004_merged	4	0.0000	0.0005	1.0000
PsFluSBW25_chrm01_circ_1347919	Pf_BP_2_D588_S86_L001-L004_merged	4	0.0991	0.0086	1.0000
PsFluSBW25_chrm01_circ_1347919	Pf_BP_2_D623_S104_L001-L004_merged	4	0.0342	0.0052	1.0000
PsFluSBW25_chrm01_circ_1347919	Pf_BP_2_D644_S152_L001-L004_merged	4	0.0992	0.0077	1.0000
PsFluSBW25_chrm01_circ_1347919	Pf_BP_2_D700_S177_L001-L004_merged	4	0.0549	0.0060	1.0000
PsFluSBW25_chrm01_circ_1347919	Pf_BP_2_D728_S118_L001-L004_merged	4	0.1473	0.0090	1.0000
PsFluSBW25_chrm01_circ_1347919	Pf_BP_2_D756_S154_L001-L004_merged	4	0.0929	0.0078	1.0000
PsFluSBW25_chrm01_circ_1347919	Pf_BP_2_D784_S95_L001-L004_merged	4	0.0542	0.0059	1.0000
PsFluSBW25_chrm01_circ_1347919	Pf_BP_2_D84_S2_L001-L004_merged	4	0.0000	0.0006	1.0000
PsFluSBW25_chrm01_circ_1353696	PS_Pf_r02_2017_01_09_L001	4	0.1439	0.0045	1.0000
PsFluSBW25_chrm01_circ_1353696	Pf_BP_2_D112_S35_L001-L004_merged	4	0.0101	0.0002	1.0000
PsFluSBW25_chrm01_circ_1353696	Pf_BP_2_D140_S68_L001-L004_merged	4	0.0000	0.0003	1.0000
PsFluSBW25_chrm01_circ_1353696	Pf_BP_2_D168_S14_L001-L004_merged	4	0.0101	0.0003	1.0000
PsFluSBW25_chrm01_circ_1353696	Pf_BP_2_D196_S47_L001-L004_merged	4	0.0101	0.0003	1.0000
PsFluSBW25_chrm01_circ_1353696	Pf_BP_2_D224_S80_L001-L004_merged	4	0.0101	0.0001	1.0000
PsFluSBW25_chrm01_circ_1353696	Pf_BP_2_D252_S26_L001-L004_merged	4	0.0201	0.0025	1.0000
PsFluSBW25_chrm01_circ_1353696	Pf_BP_2_D279_S59_L001-L004_merged	4	0.0425	0.0065	1.0000
PsFluSBW25_chrm01_circ_1353696	Pf_BP_2_D28_S12_L001-L004_merged	4	0.0000	0.0000	1.0000
PsFluSBW25_chrm01_circ_1353696	Pf_BP_2_D310_S5_L001-L004_merged	4	0.1280	0.0069	1.0000
PsFluSBW25_chrm01_circ_1353696	Pf_BP_2_D336_S38_L001-L004_merged	4	0.1409	0.0081	1.0000
PsFluSBW25_chrm01_circ_1353696	Pf_BP_2_D364_S71_L001-L004_merged	4	0.1274	0.0083	1.0000
PsFluSBW25_chrm01_circ_1353696	Pf_BP_2_D392_S101_L001-L004_merged	4	0.0650	0.0062	1.0000
PsFluSBW25_chrm01_circ_1353696	Pf_BP_2_D420_S50_L001-L004_merged	4	0.1161	0.0072	1.0000
PsFluSBW25_chrm01_circ_1353696	Pf_BP_2_D448_S83_L001-L004_merged	4	0.0952	0.0073	1.0000
PsFluSBW25_chrm01_circ_1353696	Pf_BP_2_D476_S62_L001-L004_merged	4	0.1259	0.0079	1.0000
PsFluSBW25_chrm01_circ_1353696	Pf_BP_2_D504_S161_L001-L004_merged	4	0.1071	0.0078	1.0000
PsFluSBW25_chrm01_circ_1353696	Pf_BP_2_D532_S126_L001-L004_merged	4	0.0987	0.0078	1.0000
PsFluSBW25_chrm01_circ_1353696	Pf_BP_2_D56_S56_L001-L004_merged	4	0.0000	0.0005	1.0000
PsFluSBW25_chrm01_circ_1353696	Pf_BP_2_D588_S86_L001-L004_merged	4	0.0991	0.0086	1.0000
PsFluSBW25_chrm01_circ_1353696	Pf_BP_2_D623_S104_L001-L004_merged	4	0.0342	0.0052	1.0000
PsFluSBW25_chrm01_circ_1353696	Pf_BP_2_D644_S152_L001-L004_merged	4	0.0992	0.0077	1.0000
PsFluSBW25_chrm01_circ_1353696	Pf_BP_2_D700_S177_L001-L004_merged	4	0.0549	0.0060	1.0000
PsFluSBW25_chrm01_circ_1353696	Pf_BP_2_D728_S118_L001-L004_merged	4	0.1473	0.0090	1.0000
PsFluSBW25_chrm01_circ_1353696	Pf_BP_2_D756_S154_L001-L004_merged	4	0.0929	0.0078	1.0000
PsFluSBW25_chrm01_circ_1353696	Pf_BP_2_D784_S95_L001-L004_merged	4	0.0542	0.0059	1.0000
PsFluSBW25_chrm01_circ_1353696	Pf_BP_2_D84_S2_L001-L004_merged	4	0.0000	0.0006	1.0000
PsFluSBW25_chrm01_circ_1415832	PS_Pf_r02_2017_01_09_L001	4	0.1439	0.0045	1.0000
PsFluSBW25_chrm01_circ_1415832	Pf_BP_2_D112_S35_L001-L004_merged	4	0.0101	0.0002	1.0000
PsFluSBW25_chrm01_circ_1415832	Pf_BP_2_D140_S68_L001-L004_merged	4	0.0000	0.0003	1.0000
PsFluSBW25_chrm01_circ_1415832	Pf_BP_2_D168_S14_L001-L004_merged	4	0.0101	0.0003	1.0000
PsFluSBW25_chrm01_circ_1415832	Pf_BP_2_D196_S47_L001-L004_merged	4	0.0101	0.0003	1.0000
PsFluSBW25_chrm01_circ_1415832	Pf_BP_2_D224_S80_L001-L004_merged	4	0.0101	0.0001	1.0000
PsFluSBW25_chrm01_circ_1415832	Pf_BP_2_D252_S26_L001-L004_merged	4	0.0201	0.0025	1.0000
PsFluSBW25_chrm01_circ_1415832	Pf_BP_2_D279_S59_L001-L004_merged	4	0.0425	0.0065	1.0000
PsFluSBW25_chrm01_circ_1415832	Pf_BP_2_D28_S12_L001-L004_merged	4	0.0000	0.0000	1.0000
PsFluSBW25_chrm01_circ_1415832	Pf_BP_2_D310_S5_L001-L004_merged	4	0.1280	0.0069	1.0000
PsFluSBW25_chrm01_circ_1415832	Pf_BP_2_D336_S38_L001-L004_merged	4	0.1409	0.0081	1.0000
PsFluSBW25_chrm01_circ_1415832	Pf_BP_2_D364_S71_L001-L004_merged	4	0.1274	0.0083	1.0000
PsFluSBW25_chrm01_circ_1415832	Pf_BP_2_D392_S101_L001-L004_merged	4	0.0650	0.0062	1.0000
PsFluSBW25_chrm01_circ_1415832	Pf_BP_2_D420_S50_L001-L004_merged	4	0.1161	0.0072	1.0000
PsFluSBW25_chrm01_circ_1415832	Pf_BP_2_D448_S83_L001-L004_merged	4	0.0952	0.0073	1.0000
PsFluSBW25_chrm01_circ_1415832	Pf_BP_2_D476_S62_L001-L004_merged	4	0.1259	0.0079	1.0000
PsFluSBW25_chrm01_circ_1415832	Pf_BP_2_D504_S161_L001-L004_merged	4	0.1071	0.0078	1.0000
PsFluSBW25_chrm01_circ_1415832	Pf_BP_2_D532_S126_L001-L004_merged	4	0.0987	0.0078	1.0000
PsFluSBW25_chrm01_circ_1415832	Pf_BP_2_D56_S56_L001-L004_merged	4	0.0000	0.0005	1.0000
PsFluSBW25_chrm01_circ_1415832	Pf_BP_2_D588_S86_L001-L004_merged	4	0.0991	0.0086	1.0000
PsFluSBW25_chrm01_circ_1415832	Pf_BP_2_D623_S104_L001-L004_merged	4	0.0342	0.0052	1.0000
PsFluSBW25_chrm01_circ_1415832	Pf_BP_2_D644_S152_L001-L004_merged	4	0.0992	0.0077	1.0000
PsFluSBW25_chrm01_circ_1415832	Pf_BP_2_D700_S177_L001-L004_merged	4	0.0549	0.0060	1.0000
PsFluSBW25_chrm01_circ_1415832	Pf_BP_2_D728_S118_L001-L004_merged	4	0.1473	0.0090	1.0000
PsFluSBW25_chrm01_circ_1415832	Pf_BP_2_D756_S154_L001-L004_merged	4	0.0929	0.0078	1.0000
PsFluSBW25_chrm01_circ_1415832	Pf_BP_2_D784_S95_L001-L004_merged	4	0.0542	0.0059	1.0000
PsFluSBW25_chrm01_circ_1415832	Pf_BP_2_D84_S2_L001-L004_merged	4	0.0000	0.0006	1.0000
PsFluSBW25_chrm01_circ_1430422	PS_Pf_r02_2017_01_09_L001	4	0.1439	0.0045	1.0000
PsFluSBW25_chrm01_circ_1430422	Pf_BP_2_D112_S35_L001-L004_merged	4	0.0101	0.0002	1.0000
PsFluSBW25_chrm01_circ_1430422	Pf_BP_2_D140_S68_L001-L004_merged	4	0.0000	0.0003	1.0000
PsFluSBW25_chrm01_circ_1430422	Pf_BP_2_D168_S14_L001-L004_merged	4	0.0101	0.0003	1.0000
PsFluSBW25_chrm01_circ_1430422	Pf_BP_2_D196_S47_L001-L004_merged	4	0.0101	0.0003	1.0000
PsFluSBW25_chrm01_circ_1430422	Pf_BP_2_D224_S80_L001-L004_merged	4	0.0101	0.0001	1.0000
PsFluSBW25_chrm01_circ_1430422	Pf_BP_2_D252_S26_L001-L004_merged	4	0.0201	0.0025	1.0000
PsFluSBW25_chrm01_circ_1430422	Pf_BP_2_D279_S59_L001-L004_merged	4	0.0425	0.0065	1.0000
PsFluSBW25_chrm01_circ_1430422	Pf_BP_2_D28_S12_L001-L004_merged	4	0.0000	0.0000	1.0000
PsFluSBW25_chrm01_circ_1430422	Pf_BP_2_D310_S5_L001-L004_merged	4	0.1280	0.0069	1.0000
PsFluSBW25_chrm01_circ_1430422	Pf_BP_2_D336_S38_L001-L004_merged	4	0.1409	0.0081	1.0000
PsFluSBW25_chrm01_circ_1430422	Pf_BP_2_D364_S71_L001-L004_merged	4	0.1274	0.0083	1.0000
PsFluSBW25_chrm01_circ_1430422	Pf_BP_2_D392_S101_L001-L004_merged	4	0.0650	0.0062	1.0000
PsFluSBW25_chrm01_circ_1430422	Pf_BP_2_D420_S50_L001-L004_merged	4	0.1161	0.0072	1.0000
PsFluSBW25_chrm01_circ_1430422	Pf_BP_2_D448_S83_L001-L004_merged	4	0.0952	0.0073	1.0000
PsFluSBW25_chrm01_circ_1430422	Pf_BP_2_D476_S62_L001-L004_merged	4	0.1259	0.0079	1.0000
PsFluSBW25_chrm01_circ_1430422	Pf_BP_2_D504_S161_L001-L004_merged	4	0.1071	0.0078	1.0000
PsFluSBW25_chrm01_circ_1430422	Pf_BP_2_D532_S126_L001-L004_merged	4	0.0987	0.0078	1.0000
PsFluSBW25_chrm01_circ_1430422	Pf_BP_2_D56_S56_L001-L004_merged	4	0.0000	0.0005	1.0000
PsFluSBW25_chrm01_circ_1430422	Pf_BP_2_D588_S86_L001-L004_merged	4	0.0991	0.0086	1.0000
PsFluSBW25_chrm01_circ_1430422	Pf_BP_2_D623_S104_L001-L004_merged	4	0.0342	0.0052	1.0000
PsFluSBW25_chrm01_circ_1430422	Pf_BP_2_D644_S152_L001-L004_merged	4	0.0992	0.0077	1.0000
PsFluSBW25_chrm01_circ_1430422	Pf_BP_2_D700_S177_L001-L004_merged	4	0.0549	0.0060	1.0000
PsFluSBW25_chrm01_circ_1430422	Pf_BP_2_D728_S118_L001-L004_merged	4	0.1473	0.0090	1.0000
PsFluSBW25_chrm01_circ_1430422	Pf_BP_2_D756_S154_L001-L004_merged	4	0.0929	0.0078	1.0000
PsFluSBW25_chrm01_circ_1430422	Pf_BP_2_D784_S95_L001-L004_merged	4	0.0542	0.0059	1.0000
PsFluSBW25_chrm01_circ_1430422	Pf_BP_2_D84_S2_L001-L004_merged	4	0.0000	0.0006	1.0000
PsFluSBW25_chrm01_circ_158935	PS_Pf_r02_2017_01_09_L001	4	0.1439	0.0045	1.0000
PsFluSBW25_chrm01_circ_158935	Pf_BP_2_D112_S35_L001-L004_merged	4	0.0101	0.0002	1.0000
PsFluSBW25_chrm01_circ_158935	Pf_BP_2_D140_S68_L001-L004_merged	4	0.0000	0.0003	1.0000
PsFluSBW25_chrm01_circ_158935	Pf_BP_2_D168_S14_L001-L004_merged	4	0.0101	0.0003	1.0000
PsFluSBW25_chrm01_circ_158935	Pf_BP_2_D196_S47_L001-L004_merged	4	0.0101	0.0003	1.0000
PsFluSBW25_chrm01_circ_158935	Pf_BP_2_D224_S80_L001-L004_merged	4	0.0101	0.0001	1.0000
PsFluSBW25_chrm01_circ_158935	Pf_BP_2_D252_S26_L001-L004_merged	4	0.0201	0.0025	1.0000
PsFluSBW25_chrm01_circ_158935	Pf_BP_2_D279_S59_L001-L004_merged	4	0.0425	0.0065	1.0000
PsFluSBW25_chrm01_circ_158935	Pf_BP_2_D28_S12_L001-L004_merged	4	0.0000	0.0000	1.0000
PsFluSBW25_chrm01_circ_158935	Pf_BP_2_D310_S5_L001-L004_merged	4	0.1280	0.0069	1.0000
PsFluSBW25_chrm01_circ_158935	Pf_BP_2_D336_S38_L001-L004_merged	4	0.1409	0.0081	1.0000
PsFluSBW25_chrm01_circ_158935	Pf_BP_2_D364_S71_L001-L004_merged	4	0.1274	0.0083	1.0000
PsFluSBW25_chrm01_circ_158935	Pf_BP_2_D392_S101_L001-L004_merged	4	0.0650	0.0062	1.0000
PsFluSBW25_chrm01_circ_158935	Pf_BP_2_D420_S50_L001-L004_merged	4	0.1161	0.0072	1.0000
PsFluSBW25_chrm01_circ_158935	Pf_BP_2_D448_S83_L001-L004_merged	4	0.0952	0.0073	1.0000
PsFluSBW25_chrm01_circ_158935	Pf_BP_2_D476_S62_L001-L004_merged	4	0.1259	0.0079	1.0000
PsFluSBW25_chrm01_circ_158935	Pf_BP_2_D504_S161_L001-L004_merged	4	0.1071	0.0078	1.0000
PsFluSBW25_chrm01_circ_158935	Pf_BP_2_D532_S126_L001-L004_merged	4	0.0987	0.0078	1.0000
PsFluSBW25_chrm01_circ_158935	Pf_BP_2_D56_S56_L001-L004_merged	4	0.0000	0.0005	1.0000
PsFluSBW25_chrm01_circ_158935	Pf_BP_2_D588_S86_L001-L004_merged	4	0.0991	0.0086	1.0000
PsFluSBW25_chrm01_circ_158935	Pf_BP_2_D623_S104_L001-L004_merged	4	0.0342	0.0052	1.0000
PsFluSBW25_chrm01_circ_158935	Pf_BP_2_D644_S152_L001-L004_merged	4	0.0992	0.0077	1.0000
PsFluSBW25_chrm01_circ_158935	Pf_BP_2_D700_S177_L001-L004_merged	4	0.0549	0.0060	1.0000
PsFluSBW25_chrm01_circ_158935	Pf_BP_2_D728_S118_L001-L004_merged	4	0.1473	0.0090	1.0000
PsFluSBW25_chrm01_circ_158935	Pf_BP_2_D756_S154_L001-L004_merged	4	0.0929	0.0078	1.0000
PsFluSBW25_chrm01_circ_158935	Pf_BP_2_D784_S95_L001-L004_merged	4	0.0542	0.0059	1.0000
PsFluSBW25_chrm01_circ_158935	Pf_BP_2_D84_S2_L001-L004_merged	4	0.0000	0.0006	1.0000
PsFluSBW25_chrm01_circ_1706234	PS_Pf_r02_2017_01_09_L001	4	0.1439	0.0045	1.0000
PsFluSBW25_chrm01_circ_1706234	Pf_BP_2_D112_S35_L001-L004_merged	4	0.0101	0.0002	1.0000
PsFluSBW25_chrm01_circ_1706234	Pf_BP_2_D140_S68_L001-L004_merged	4	0.0000	0.0003	1.0000
PsFluSBW25_chrm01_circ_1706234	Pf_BP_2_D168_S14_L001-L004_merged	4	0.0101	0.0003	1.0000
PsFluSBW25_chrm01_circ_1706234	Pf_BP_2_D196_S47_L001-L004_merged	4	0.0101	0.0003	1.0000
PsFluSBW25_chrm01_circ_1706234	Pf_BP_2_D224_S80_L001-L004_merged	4	0.0101	0.0001	1.0000
PsFluSBW25_chrm01_circ_1706234	Pf_BP_2_D252_S26_L001-L004_merged	4	0.0201	0.0025	1.0000
PsFluSBW25_chrm01_circ_1706234	Pf_BP_2_D279_S59_L001-L004_merged	4	0.0425	0.0065	1.0000
PsFluSBW25_chrm01_circ_1706234	Pf_BP_2_D28_S12_L001-L004_merged	4	0.0000	0.0000	1.0000
PsFluSBW25_chrm01_circ_1706234	Pf_BP_2_D310_S5_L001-L004_merged	4	0.1280	0.0069	1.0000
PsFluSBW25_chrm01_circ_1706234	Pf_BP_2_D336_S38_L001-L004_merged	4	0.1409	0.0081	1.0000
PsFluSBW25_chrm01_circ_1706234	Pf_BP_2_D364_S71_L001-L004_merged	4	0.1274	0.0083	1.0000
PsFluSBW25_chrm01_circ_1706234	Pf_BP_2_D392_S101_L001-L004_merged	4	0.0650	0.0062	1.0000
PsFluSBW25_chrm01_circ_1706234	Pf_BP_2_D420_S50_L001-L004_merged	4	0.1161	0.0072	1.0000
PsFluSBW25_chrm01_circ_1706234	Pf_BP_2_D448_S83_L001-L004_merged	4	0.0952	0.0073	1.0000
PsFluSBW25_chrm01_circ_1706234	Pf_BP_2_D476_S62_L001-L004_merged	4	0.1259	0.0079	1.0000
PsFluSBW25_chrm01_circ_1706234	Pf_BP_2_D504_S161_L001-L004_merged	4	0.1071	0.0078	1.0000
PsFluSBW25_chrm01_circ_1706234	Pf_BP_2_D532_S126_L001-L004_merged	4	0.0987	0.0078	1.0000
PsFluSBW25_chrm01_circ_1706234	Pf_BP_2_D56_S56_L001-L004_merged	4	0.0000	0.0005	1.0000
PsFluSBW25_chrm01_circ_1706234	Pf_BP_2_D588_S86_L001-L004_merged	4	0.0991	0.0086	1.0000
PsFluSBW25_chrm01_circ_1706234	Pf_BP_2_D623_S104_L001-L004_merged	4	0.0342	0.0052	1.0000
PsFluSBW25_chrm01_circ_1706234	Pf_BP_2_D644_S152_L001-L004_merged	4	0.0992	0.0077	1.0000
PsFluSBW25_chrm01_circ_1706234	Pf_BP_2_D700_S177_L001-L004_merged	4	0.0549	0.0060	1.0000
PsFluSBW25_chrm01_circ_1706234	Pf_BP_2_D728_S118_L001-L004_merged	4	0.1473	0.0090	1.0000
PsFluSBW25_chrm01_circ_1706234	Pf_BP_2_D756_S154_L001-L004_merged	4	0.0929	0.0078	1.0000
PsFluSBW25_chrm01_circ_1706234	Pf_BP_2_D784_S95_L001-L004_merged	4	0.0542	0.0059	1.0000
PsFluSBW25_chrm01_circ_1706234	Pf_BP_2_D84_S2_L001-L004_merged	4	0.0000	0.0006	1.0000
PsFluSBW25_chrm01_circ_1736871	PS_Pf_r02_2017_01_09_L001	4	0.1439	0.0045	1.0000
PsFluSBW25_chrm01_circ_1736871	Pf_BP_2_D112_S35_L001-L004_merged	4	0.0101	0.0002	1.0000
PsFluSBW25_chrm01_circ_1736871	Pf_BP_2_D140_S68_L001-L004_merged	4	0.0000	0.0003	1.0000
PsFluSBW25_chrm01_circ_1736871	Pf_BP_2_D168_S14_L001-L004_merged	4	0.0101	0.0003	1.0000
PsFluSBW25_chrm01_circ_1736871	Pf_BP_2_D196_S47_L001-L004_merged	4	0.0101	0.0003	1.0000
PsFluSBW25_chrm01_circ_1736871	Pf_BP_2_D224_S80_L001-L004_merged	4	0.0101	0.0001	1.0000
PsFluSBW25_chrm01_circ_1736871	Pf_BP_2_D252_S26_L001-L004_merged	4	0.0201	0.0025	1.0000
PsFluSBW25_chrm01_circ_1736871	Pf_BP_2_D279_S59_L001-L004_merged	4	0.0425	0.0065	1.0000
PsFluSBW25_chrm01_circ_1736871	Pf_BP_2_D28_S12_L001-L004_merged	4	0.0000	0.0000	1.0000
PsFluSBW25_chrm01_circ_1736871	Pf_BP_2_D310_S5_L001-L004_merged	4	0.1280	0.0069	1.0000
PsFluSBW25_chrm01_circ_1736871	Pf_BP_2_D336_S38_L001-L004_merged	4	0.1409	0.0081	1.0000
PsFluSBW25_chrm01_circ_1736871	Pf_BP_2_D364_S71_L001-L004_merged	4	0.1274	0.0083	1.0000
PsFluSBW25_chrm01_circ_1736871	Pf_BP_2_D392_S101_L001-L004_merged	4	0.0650	0.0062	1.0000
PsFluSBW25_chrm01_circ_1736871	Pf_BP_2_D420_S50_L001-L004_merged	4	0.1161	0.0072	1.0000
PsFluSBW25_chrm01_circ_1736871	Pf_BP_2_D448_S83_L001-L004_merged	4	0.0952	0.0073	1.0000
PsFluSBW25_chrm01_circ_1736871	Pf_BP_2_D476_S62_L001-L004_merged	4	0.1259	0.0079	1.0000
PsFluSBW25_chrm01_circ_1736871	Pf_BP_2_D504_S161_L001-L004_merged	4	0.1071	0.0078	1.0000
PsFluSBW25_chrm01_circ_1736871	Pf_BP_2_D532_S126_L001-L004_merged	4	0.0987	0.0078	1.0000
PsFluSBW25_chrm01_circ_1736871	Pf_BP_2_D56_S56_L001-L004_merged	4	0.0000	0.0005	1.0000
PsFluSBW25_chrm01_circ_1736871	Pf_BP_2_D588_S86_L001-L004_merged	4	0.0991	0.0086	1.0000
PsFluSBW25_chrm01_circ_1736871	Pf_BP_2_D623_S104_L001-L004_merged	4	0.0342	0.0052	1.0000
PsFluSBW25_chrm01_circ_1736871	Pf_BP_2_D644_S152_L001-L004_merged	4	0.0992	0.0077	1.0000
PsFluSBW25_chrm01_circ_1736871	Pf_BP_2_D700_S177_L001-L004_merged	4	0.0549	0.0060	1.0000
PsFluSBW25_chrm01_circ_1736871	Pf_BP_2_D728_S118_L001-L004_merged	4	0.1473	0.0090	1.0000
PsFluSBW25_chrm01_circ_1736871	Pf_BP_2_D756_S154_L001-L004_merged	4	0.0929	0.0078	1.0000
PsFluSBW25_chrm01_circ_1736871	Pf_BP_2_D784_S95_L001-L004_merged	4	0.0542	0.0059	1.0000
PsFluSBW25_chrm01_circ_1736871	Pf_BP_2_D84_S2_L001-L004_merged	4	0.0000	0.0006	1.0000
PsFluSBW25_chrm01_circ_1863785	PS_Pf_r02_2017_01_09_L001	4	0.1439	0.0045	1.0000
PsFluSBW25_chrm01_circ_1863785	Pf_BP_2_D112_S35_L001-L004_merged	4	0.0101	0.0002	1.0000
PsFluSBW25_chrm01_circ_1863785	Pf_BP_2_D140_S68_L001-L004_merged	4	0.0000	0.0003	1.0000
PsFluSBW25_chrm01_circ_1863785	Pf_BP_2_D168_S14_L001-L004_merged	4	0.0101	0.0003	1.0000
PsFluSBW25_chrm01_circ_1863785	Pf_BP_2_D196_S47_L001-L004_merged	4	0.0101	0.0003	1.0000
PsFluSBW25_chrm01_circ_1863785	Pf_BP_2_D224_S80_L001-L004_merged	4	0.0101	0.0001	1.0000
PsFluSBW25_chrm01_circ_1863785	Pf_BP_2_D252_S26_L001-L004_merged	4	0.0201	0.0025	1.0000
PsFluSBW25_chrm01_circ_1863785	Pf_BP_2_D279_S59_L001-L004_merged	4	0.0425	0.0065	1.0000
PsFluSBW25_chrm01_circ_1863785	Pf_BP_2_D28_S12_L001-L004_merged	4	0.0000	0.0000	1.0000
PsFluSBW25_chrm01_circ_1863785	Pf_BP_2_D310_S5_L001-L004_merged	4	0.1280	0.0069	1.0000
PsFluSBW25_chrm01_circ_1863785	Pf_BP_2_D336_S38_L001-L004_merged	4	0.1409	0.0081	1.0000
PsFluSBW25_chrm01_circ_1863785	Pf_BP_2_D364_S71_L001-L004_merged	4	0.1274	0.0083	1.0000
PsFluSBW25_chrm01_circ_1863785	Pf_BP_2_D392_S101_L001-L004_merged	4	0.0650	0.0062	1.0000
PsFluSBW25_chrm01_circ_1863785	Pf_BP_2_D420_S50_L001-L004_merged	4	0.1161	0.0072	1.0000
PsFluSBW25_chrm01_circ_1863785	Pf_BP_2_D448_S83_L001-L004_merged	4	0.0952	0.0073	1.0000
PsFluSBW25_chrm01_circ_1863785	Pf_BP_2_D476_S62_L001-L004_merged	4	0.1259	0.0079	1.0000
PsFluSBW25_chrm01_circ_1863785	Pf_BP_2_D504_S161_L001-L004_merged	4	0.1071	0.0078	1.0000
PsFluSBW25_chrm01_circ_1863785	Pf_BP_2_D532_S126_L001-L004_merged	4	0.0987	0.0078	1.0000
PsFluSBW25_chrm01_circ_1863785	Pf_BP_2_D56_S56_L001-L004_merged	4	0.0000	0.0005	1.0000
PsFluSBW25_chrm01_circ_1863785	Pf_BP_2_D588_S86_L001-L004_merged	4	0.0991	0.0086	1.0000
PsFluSBW25_chrm01_circ_1863785	Pf_BP_2_D623_S104_L001-L004_merged	4	0.0342	0.0052	1.0000
PsFluSBW25_chrm01_circ_1863785	Pf_BP_2_D644_S152_L001-L004_merged	4	0.0992	0.0077	1.0000
PsFluSBW25_chrm01_circ_1863785	Pf_BP_2_D700_S177_L001-L004_merged	4	0.0549	0.0060	1.0000
PsFluSBW25_chrm01_circ_1863785	Pf_BP_2_D728_S118_L001-L004_merged	4	0.1473	0.0090	1.0000
PsFluSBW25_chrm01_circ_1863785	Pf_BP_2_D756_S154_L001-L004_merged	4	0.0929	0.0078	1.0000
PsFluSBW25_chrm01_circ_1863785	Pf_BP_2_D784_S95_L001-L004_merged	4	0.0542	0.0059	1.0000
PsFluSBW25_chrm01_circ_1863785	Pf_BP_2_D84_S2_L001-L004_merged	4	0.0000	0.0006	1.0000
PsFluSBW25_chrm01_circ_1879062	PS_Pf_r02_2017_01_09_L001	4	0.1439	0.0045	1.0000
PsFluSBW25_chrm01_circ_1879062	Pf_BP_2_D112_S35_L001-L004_merged	4	0.0101	0.0002	1.0000
PsFluSBW25_chrm01_circ_1879062	Pf_BP_2_D140_S68_L001-L004_merged	4	0.0000	0.0003	1.0000
PsFluSBW25_chrm01_circ_1879062	Pf_BP_2_D168_S14_L001-L004_merged	4	0.0101	0.0003	1.0000
PsFluSBW25_chrm01_circ_1879062	Pf_BP_2_D196_S47_L001-L004_merged	4	0.0101	0.0003	1.0000
PsFluSBW25_chrm01_circ_1879062	Pf_BP_2_D224_S80_L001-L004_merged	4	0.0101	0.0001	1.0000
PsFluSBW25_chrm01_circ_1879062	Pf_BP_2_D252_S26_L001-L004_merged	4	0.0201	0.0025	1.0000
PsFluSBW25_chrm01_circ_1879062	Pf_BP_2_D279_S59_L001-L004_merged	4	0.0425	0.0065	1.0000
PsFluSBW25_chrm01_circ_1879062	Pf_BP_2_D28_S12_L001-L004_merged	4	0.0000	0.0000	1.0000
PsFluSBW25_chrm01_circ_1879062	Pf_BP_2_D310_S5_L001-L004_merged	4	0.1280	0.0069	1.0000
PsFluSBW25_chrm01_circ_1879062	Pf_BP_2_D336_S38_L001-L004_merged	4	0.1409	0.0081	1.0000
PsFluSBW25_chrm01_circ_1879062	Pf_BP_2_D364_S71_L001-L004_merged	4	0.1274	0.0083	1.0000
PsFluSBW25_chrm01_circ_1879062	Pf_BP_2_D392_S101_L001-L004_merged	4	0.0650	0.0062	1.0000
PsFluSBW25_chrm01_circ_1879062	Pf_BP_2_D420_S50_L001-L004_merged	4	0.1161	0.0072	1.0000
PsFluSBW25_chrm01_circ_1879062	Pf_BP_2_D448_S83_L001-L004_merged	4	0.0952	0.0073	1.0000
PsFluSBW25_chrm01_circ_1879062	Pf_BP_2_D476_S62_L001-L004_merged	4	0.1259	0.0079	1.0000
PsFluSBW25_chrm01_circ_1879062	Pf_BP_2_D504_S161_L001-L004_merged	4	0.1071	0.0078	1.0000
PsFluSBW25_chrm01_circ_1879062	Pf_BP_2_D532_S126_L001-L004_merged	4	0.0987	0.0078	1.0000
PsFluSBW25_chrm01_circ_1879062	Pf_BP_2_D56_S56_L001-L004_merged	4	0.0000	0.0005	1.0000
PsFluSBW25_chrm01_circ_1879062	Pf_BP_2_D588_S86_L001-L004_merged	4	0.0991	0.0086	1.0000
PsFluSBW25_chrm01_circ_1879062	Pf_BP_2_D623_S104_L001-L004_merged	4	0.0342	0.0052	1.0000
PsFluSBW25_chrm01_circ_1879062	Pf_BP_2_D644_S152_L001-L004_merged	4	0.0992	0.0077	1.0000
PsFluSBW25_chrm01_circ_1879062	Pf_BP_2_D700_S177_L001-L004_merged	4	0.0549	0.0060	1.0000
PsFluSBW25_chrm01_circ_1879062	Pf_BP_2_D728_S118_L001-L004_merged	4	0.1473	0.0090	1.0000
PsFluSBW25_chrm01_circ_1879062	Pf_BP_2_D756_S154_L001-L004_merged	4	0.0929	0.0078	1.0000
PsFluSBW25_chrm01_circ_1879062	Pf_BP_2_D784_S95_L001-L004_merged	4	0.0542	0.0059	1.0000
PsFluSBW25_chrm01_circ_1879062	Pf_BP_2_D84_S2_L001-L004_merged	4	0.0000	0.0006	1.0000
PsFluSBW25_chrm01_circ_1906879	PS_Pf_r02_2017_01_09_L001	4	0.1439	0.0045	1.0000
PsFluSBW25_chrm01_circ_1906879	Pf_BP_2_D112_S35_L001-L004_merged	4	0.0101	0.0002	1.0000
PsFluSBW25_chrm01_circ_1906879	Pf_BP_2_D140_S68_L001-L004_merged	4	0.0000	0.0003	1.0000
PsFluSBW25_chrm01_circ_1906879	Pf_BP_2_D168_S14_L001-L004_merged	4	0.0101	0.0003	1.0000
PsFluSBW25_chrm01_circ_1906879	Pf_BP_2_D196_S47_L001-L004_merged	4	0.0101	0.0003	1.0000
PsFluSBW25_chrm01_circ_1906879	Pf_BP_2_D224_S80_L001-L004_merged	4	0.0101	0.0001	1.0000
PsFluSBW25_chrm01_circ_1906879	Pf_BP_2_D252_S26_L001-L004_merged	4	0.0201	0.0025	1.0000
PsFluSBW25_chrm01_circ_1906879	Pf_BP_2_D279_S59_L001-L004_merged	4	0.0425	0.0065	1.0000
PsFluSBW25_chrm01_circ_1906879	Pf_BP_2_D28_S12_L001-L004_merged	4	0.0000	0.0000	1.0000
PsFluSBW25_chrm01_circ_1906879	Pf_BP_2_D310_S5_L001-L004_merged	4	0.1280	0.0069	1.0000
PsFluSBW25_chrm01_circ_1906879	Pf_BP_2_D336_S38_L001-L004_merged	4	0.1409	0.0081	1.0000
PsFluSBW25_chrm01_circ_1906879	Pf_BP_2_D364_S71_L001-L004_merged	4	0.1274	0.0083	1.0000
PsFluSBW25_chrm01_circ_1906879	Pf_BP_2_D392_S101_L001-L004_merged	4	0.0650	0.0062	1.0000
PsFluSBW25_chrm01_circ_1906879	Pf_BP_2_D420_S50_L001-L004_merged	4	0.1161	0.0072	1.0000
PsFluSBW25_chrm01_circ_1906879	Pf_BP_2_D448_S83_L001-L004_merged	4	0.0952	0.0073	1.0000
PsFluSBW25_chrm01_circ_1906879	Pf_BP_2_D476_S62_L001-L004_merged	4	0.1259	0.0079	1.0000
PsFluSBW25_chrm01_circ_1906879	Pf_BP_2_D504_S161_L001-L004_merged	4	0.1071	0.0078	1.0000
PsFluSBW25_chrm01_circ_1906879	Pf_BP_2_D532_S126_L001-L004_merged	4	0.0987	0.0078	1.0000
PsFluSBW25_chrm01_circ_1906879	Pf_BP_2_D56_S56_L001-L004_merged	4	0.0000	0.0005	1.0000
PsFluSBW25_chrm01_circ_1906879	Pf_BP_2_D588_S86_L001-L004_merged	4	0.0991	0.0086	1.0000
PsFluSBW25_chrm01_circ_1906879	Pf_BP_2_D623_S104_L001-L004_merged	4	0.0342	0.0052	1.0000
PsFluSBW25_chrm01_circ_1906879	Pf_BP_2_D644_S152_L001-L004_merged	4	0.0992	0.0077	1.0000
PsFluSBW25_chrm01_circ_1906879	Pf_BP_2_D700_S177_L001-L004_merged	4	0.0549	0.0060	1.0000
PsFluSBW25_chrm01_circ_1906879	Pf_BP_2_D728_S118_L001-L004_merged	4	0.1473	0.0090	1.0000
PsFluSBW25_chrm01_circ_1906879	Pf_BP_2_D756_S154_L001-L004_merged	4	0.0929	0.0078	1.0000
PsFluSBW25_chrm01_circ_1906879	Pf_BP_2_D784_S95_L001-L004_merged	4	0.0542	0.0059	1.0000
PsFluSBW25_chrm01_circ_1906879	Pf_BP_2_D84_S2_L001-L004_merged	4	0.0000	0.0006	1.0000
PsFluSBW25_chrm01_circ_2258066	PS_Pf_r02_2017_01_09_L001	4	0.1439	0.0045	0.9998
PsFluSBW25_chrm01_circ_2258066	Pf_BP_2_D112_S35_L001-L004_merged	4	0.0101	0.0002	0.9998
PsFluSBW25_chrm01_circ_2258066	Pf_BP_2_D140_S68_L001-L004_merged	4	0.0000	0.0003	0.9998
PsFluSBW25_chrm01_circ_2258066	Pf_BP_2_D168_S14_L001-L004_merged	4	0.0101	0.0003	0.9998
PsFluSBW25_chrm01_circ_2258066	Pf_BP_2_D196_S47_L001-L004_merged	4	0.0101	0.0003	0.9998
PsFluSBW25_chrm01_circ_2258066	Pf_BP_2_D224_S80_L001-L004_merged	4	0.0101	0.0001	0.9998
PsFluSBW25_chrm01_circ_2258066	Pf_BP_2_D252_S26_L001-L004_merged	4	0.0201	0.0025	0.9998
PsFluSBW25_chrm01_circ_2258066	Pf_BP_2_D279_S59_L001-L004_merged	4	0.0425	0.0065	0.9998
PsFluSBW25_chrm01_circ_2258066	Pf_BP_2_D28_S12_L001-L004_merged	4	0.0000	0.0000	0.9998
PsFluSBW25_chrm01_circ_2258066	Pf_BP_2_D310_S5_L001-L004_merged	4	0.1280	0.0069	0.9998
PsFluSBW25_chrm01_circ_2258066	Pf_BP_2_D336_S38_L001-L004_merged	4	0.1409	0.0081	0.9998
PsFluSBW25_chrm01_circ_2258066	Pf_BP_2_D364_S71_L001-L004_merged	4	0.1274	0.0083	0.9998
PsFluSBW25_chrm01_circ_2258066	Pf_BP_2_D392_S101_L001-L004_merged	4	0.0650	0.0062	0.9998
PsFluSBW25_chrm01_circ_2258066	Pf_BP_2_D420_S50_L001-L004_merged	4	0.1161	0.0072	0.9998
PsFluSBW25_chrm01_circ_2258066	Pf_BP_2_D448_S83_L001-L004_merged	4	0.0952	0.0073	0.9998
PsFluSBW25_chrm01_circ_2258066	Pf_BP_2_D476_S62_L001-L004_merged	4	0.1259	0.0079	0.9998
PsFluSBW25_chrm01_circ_2258066	Pf_BP_2_D504_S161_L001-L004_merged	4	0.1071	0.0078	0.9998
PsFluSBW25_chrm01_circ_2258066	Pf_BP_2_D532_S126_L001-L004_merged	4	0.0987	0.0078	0.9998
PsFluSBW25_chrm01_circ_2258066	Pf_BP_2_D56_S56_L001-L004_merged	4	0.0000	0.0005	0.9998
PsFluSBW25_chrm01_circ_2258066	Pf_BP_2_D588_S86_L001-L004_merged	4	0.0991	0.0086	0.9998
PsFluSBW25_chrm01_circ_2258066	Pf_BP_2_D623_S104_L001-L004_merged	4	0.0342	0.0052	0.9998
PsFluSBW25_chrm01_circ_2258066	Pf_BP_2_D644_S152_L001-L004_merged	4	0.0992	0.0077	0.9998
PsFluSBW25_chrm01_circ_2258066	Pf_BP_2_D700_S177_L001-L004_merged	4	0.0549	0.0060	0.9998
PsFluSBW25_chrm01_circ_2258066	Pf_BP_2_D728_S118_L001-L004_merged	4	0.1473	0.0090	0.9998
PsFluSBW25_chrm01_circ_2258066	Pf_BP_2_D756_S154_L001-L004_merged	4	0.0929	0.0078	0.9998
PsFluSBW25_chrm01_circ_2258066	Pf_BP_2_D784_S95_L001-L004_merged	4	0.0542	0.0059	0.9998
PsFluSBW25_chrm01_circ_2258066	Pf_BP_2_D84_S2_L001-L004_merged	4	0.0000	0.0006	0.9998
PsFluSBW25_chrm01_circ_2405631	PS_Pf_r02_2017_01_09_L001	4	0.1439	0.0045	1.0000
PsFluSBW25_chrm01_circ_2405631	Pf_BP_2_D112_S35_L001-L004_merged	4	0.0101	0.0002	1.0000
PsFluSBW25_chrm01_circ_2405631	Pf_BP_2_D140_S68_L001-L004_merged	4	0.0000	0.0003	1.0000
PsFluSBW25_chrm01_circ_2405631	Pf_BP_2_D168_S14_L001-L004_merged	4	0.0101	0.0003	1.0000
PsFluSBW25_chrm01_circ_2405631	Pf_BP_2_D196_S47_L001-L004_merged	4	0.0101	0.0003	1.0000
PsFluSBW25_chrm01_circ_2405631	Pf_BP_2_D224_S80_L001-L004_merged	4	0.0101	0.0001	1.0000
PsFluSBW25_chrm01_circ_2405631	Pf_BP_2_D252_S26_L001-L004_merged	4	0.0201	0.0025	1.0000
PsFluSBW25_chrm01_circ_2405631	Pf_BP_2_D279_S59_L001-L004_merged	4	0.0425	0.0065	1.0000
PsFluSBW25_chrm01_circ_2405631	Pf_BP_2_D28_S12_L001-L004_merged	4	0.0000	0.0000	1.0000
PsFluSBW25_chrm01_circ_2405631	Pf_BP_2_D310_S5_L001-L004_merged	4	0.1280	0.0069	1.0000
PsFluSBW25_chrm01_circ_2405631	Pf_BP_2_D336_S38_L001-L004_merged	4	0.1409	0.0081	1.0000
PsFluSBW25_chrm01_circ_2405631	Pf_BP_2_D364_S71_L001-L004_merged	4	0.1274	0.0083	1.0000
PsFluSBW25_chrm01_circ_2405631	Pf_BP_2_D392_S101_L001-L004_merged	4	0.0650	0.0062	1.0000
PsFluSBW25_chrm01_circ_2405631	Pf_BP_2_D420_S50_L001-L004_merged	4	0.1161	0.0072	1.0000
PsFluSBW25_chrm01_circ_2405631	Pf_BP_2_D448_S83_L001-L004_merged	4	0.0952	0.0073	1.0000
PsFluSBW25_chrm01_circ_2405631	Pf_BP_2_D476_S62_L001-L004_merged	4	0.1259	0.0079	1.0000
PsFluSBW25_chrm01_circ_2405631	Pf_BP_2_D504_S161_L001-L004_merged	4	0.1071	0.0078	1.0000
PsFluSBW25_chrm01_circ_2405631	Pf_BP_2_D532_S126_L001-L004_merged	4	0.0987	0.0078	1.0000
PsFluSBW25_chrm01_circ_2405631	Pf_BP_2_D56_S56_L001-L004_merged	4	0.0000	0.0005	1.0000
PsFluSBW25_chrm01_circ_2405631	Pf_BP_2_D588_S86_L001-L004_merged	4	0.0991	0.0086	1.0000
PsFluSBW25_chrm01_circ_2405631	Pf_BP_2_D623_S104_L001-L004_merged	4	0.0342	0.0052	1.0000
PsFluSBW25_chrm01_circ_2405631	Pf_BP_2_D644_S152_L001-L004_merged	4	0.0992	0.0077	1.0000
PsFluSBW25_chrm01_circ_2405631	Pf_BP_2_D700_S177_L001-L004_merged	4	0.0549	0.0060	1.0000
PsFluSBW25_chrm01_circ_2405631	Pf_BP_2_D728_S118_L001-L004_merged	4	0.1473	0.0090	1.0000
PsFluSBW25_chrm01_circ_2405631	Pf_BP_2_D756_S154_L001-L004_merged	4	0.0929	0.0078	1.0000
PsFluSBW25_chrm01_circ_2405631	Pf_BP_2_D784_S95_L001-L004_merged	4	0.0542	0.0059	1.0000
PsFluSBW25_chrm01_circ_2405631	Pf_BP_2_D84_S2_L001-L004_merged	4	0.0000	0.0006	1.0000
PsFluSBW25_chrm01_circ_2505072	PS_Pf_r02_2017_01_09_L001	4	0.1439	0.0045	1.0000
PsFluSBW25_chrm01_circ_2505072	Pf_BP_2_D112_S35_L001-L004_merged	4	0.0101	0.0002	1.0000
PsFluSBW25_chrm01_circ_2505072	Pf_BP_2_D140_S68_L001-L004_merged	4	0.0000	0.0003	1.0000
PsFluSBW25_chrm01_circ_2505072	Pf_BP_2_D168_S14_L001-L004_merged	4	0.0101	0.0003	1.0000
PsFluSBW25_chrm01_circ_2505072	Pf_BP_2_D196_S47_L001-L004_merged	4	0.0101	0.0003	1.0000
PsFluSBW25_chrm01_circ_2505072	Pf_BP_2_D224_S80_L001-L004_merged	4	0.0101	0.0001	1.0000
PsFluSBW25_chrm01_circ_2505072	Pf_BP_2_D252_S26_L001-L004_merged	4	0.0201	0.0025	1.0000
PsFluSBW25_chrm01_circ_2505072	Pf_BP_2_D279_S59_L001-L004_merged	4	0.0425	0.0065	1.0000
PsFluSBW25_chrm01_circ_2505072	Pf_BP_2_D28_S12_L001-L004_merged	4	0.0000	0.0000	1.0000
PsFluSBW25_chrm01_circ_2505072	Pf_BP_2_D310_S5_L001-L004_merged	4	0.1280	0.0069	1.0000
PsFluSBW25_chrm01_circ_2505072	Pf_BP_2_D336_S38_L001-L004_merged	4	0.1409	0.0081	1.0000
PsFluSBW25_chrm01_circ_2505072	Pf_BP_2_D364_S71_L001-L004_merged	4	0.1274	0.0083	1.0000
PsFluSBW25_chrm01_circ_2505072	Pf_BP_2_D392_S101_L001-L004_merged	4	0.0650	0.0062	1.0000
PsFluSBW25_chrm01_circ_2505072	Pf_BP_2_D420_S50_L001-L004_merged	4	0.1161	0.0072	1.0000
PsFluSBW25_chrm01_circ_2505072	Pf_BP_2_D448_S83_L001-L004_merged	4	0.0952	0.0073	1.0000
PsFluSBW25_chrm01_circ_2505072	Pf_BP_2_D476_S62_L001-L004_merged	4	0.1259	0.0079	1.0000
PsFluSBW25_chrm01_circ_2505072	Pf_BP_2_D504_S161_L001-L004_merged	4	0.1071	0.0078	1.0000
PsFluSBW25_chrm01_circ_2505072	Pf_BP_2_D532_S126_L001-L004_merged	4	0.0987	0.0078	1.0000
PsFluSBW25_chrm01_circ_2505072	Pf_BP_2_D56_S56_L001-L004_merged	4	0.0000	0.0005	1.0000
PsFluSBW25_chrm01_circ_2505072	Pf_BP_2_D588_S86_L001-L004_merged	4	0.0991	0.0086	1.0000
PsFluSBW25_chrm01_circ_2505072	Pf_BP_2_D623_S104_L001-L004_merged	4	0.0342	0.0052	1.0000
PsFluSBW25_chrm01_circ_2505072	Pf_BP_2_D644_S152_L001-L004_merged	4	0.0992	0.0077	1.0000
PsFluSBW25_chrm01_circ_2505072	Pf_BP_2_D700_S177_L001-L004_merged	4	0.0549	0.0060	1.0000
PsFluSBW25_chrm01_circ_2505072	Pf_BP_2_D728_S118_L001-L004_merged	4	0.1473	0.0090	1.0000
PsFluSBW25_chrm01_circ_2505072	Pf_BP_2_D756_S154_L001-L004_merged	4	0.0929	0.0078	1.0000
PsFluSBW25_chrm01_circ_2505072	Pf_BP_2_D784_S95_L001-L004_merged	4	0.0542	0.0059	1.0000
PsFluSBW25_chrm01_circ_2505072	Pf_BP_2_D84_S2_L001-L004_merged	4	0.0000	0.0006	1.0000
PsFluSBW25_chrm01_circ_2569274	PS_Pf_r02_2017_01_09_L001	4	0.1439	0.0045	1.0000
PsFluSBW25_chrm01_circ_2569274	Pf_BP_2_D112_S35_L001-L004_merged	4	0.0101	0.0002	1.0000
PsFluSBW25_chrm01_circ_2569274	Pf_BP_2_D140_S68_L001-L004_merged	4	0.0000	0.0003	1.0000
PsFluSBW25_chrm01_circ_2569274	Pf_BP_2_D168_S14_L001-L004_merged	4	0.0101	0.0003	1.0000
PsFluSBW25_chrm01_circ_2569274	Pf_BP_2_D196_S47_L001-L004_merged	4	0.0101	0.0003	1.0000
PsFluSBW25_chrm01_circ_2569274	Pf_BP_2_D224_S80_L001-L004_merged	4	0.0101	0.0001	1.0000
PsFluSBW25_chrm01_circ_2569274	Pf_BP_2_D252_S26_L001-L004_merged	4	0.0201	0.0025	1.0000
PsFluSBW25_chrm01_circ_2569274	Pf_BP_2_D279_S59_L001-L004_merged	4	0.0425	0.0065	1.0000
PsFluSBW25_chrm01_circ_2569274	Pf_BP_2_D28_S12_L001-L004_merged	4	0.0000	0.0000	1.0000
PsFluSBW25_chrm01_circ_2569274	Pf_BP_2_D310_S5_L001-L004_merged	4	0.1280	0.0069	1.0000
PsFluSBW25_chrm01_circ_2569274	Pf_BP_2_D336_S38_L001-L004_merged	4	0.1409	0.0081	1.0000
PsFluSBW25_chrm01_circ_2569274	Pf_BP_2_D364_S71_L001-L004_merged	4	0.1274	0.0083	1.0000
PsFluSBW25_chrm01_circ_2569274	Pf_BP_2_D392_S101_L001-L004_merged	4	0.0650	0.0062	1.0000
PsFluSBW25_chrm01_circ_2569274	Pf_BP_2_D420_S50_L001-L004_merged	4	0.1161	0.0072	1.0000
PsFluSBW25_chrm01_circ_2569274	Pf_BP_2_D448_S83_L001-L004_merged	4	0.0952	0.0073	1.0000
PsFluSBW25_chrm01_circ_2569274	Pf_BP_2_D476_S62_L001-L004_merged	4	0.1259	0.0079	1.0000
PsFluSBW25_chrm01_circ_2569274	Pf_BP_2_D504_S161_L001-L004_merged	4	0.1071	0.0078	1.0000
PsFluSBW25_chrm01_circ_2569274	Pf_BP_2_D532_S126_L001-L004_merged	4	0.0987	0.0078	1.0000
PsFluSBW25_chrm01_circ_2569274	Pf_BP_2_D56_S56_L001-L004_merged	4	0.0000	0.0005	1.0000
PsFluSBW25_chrm01_circ_2569274	Pf_BP_2_D588_S86_L001-L004_merged	4	0.0991	0.0086	1.0000
PsFluSBW25_chrm01_circ_2569274	Pf_BP_2_D623_S104_L001-L004_merged	4	0.0342	0.0052	1.0000
PsFluSBW25_chrm01_circ_2569274	Pf_BP_2_D644_S152_L001-L004_merged	4	0.0992	0.0077	1.0000
PsFluSBW25_chrm01_circ_2569274	Pf_BP_2_D700_S177_L001-L004_merged	4	0.0549	0.0060	1.0000
PsFluSBW25_chrm01_circ_2569274	Pf_BP_2_D728_S118_L001-L004_merged	4	0.1473	0.0090	1.0000
PsFluSBW25_chrm01_circ_2569274	Pf_BP_2_D756_S154_L001-L004_merged	4	0.0929	0.0078	1.0000
PsFluSBW25_chrm01_circ_2569274	Pf_BP_2_D784_S95_L001-L004_merged	4	0.0542	0.0059	1.0000
PsFluSBW25_chrm01_circ_2569274	Pf_BP_2_D84_S2_L001-L004_merged	4	0.0000	0.0006	1.0000
PsFluSBW25_chrm01_circ_2818004	PS_Pf_r02_2017_01_09_L001	4	0.1439	0.0045	0.5157
PsFluSBW25_chrm01_circ_2818004	Pf_BP_2_D112_S35_L001-L004_merged	4	0.0101	0.0002	0.5157
PsFluSBW25_chrm01_circ_2818004	Pf_BP_2_D140_S68_L001-L004_merged	4	0.0000	0.0003	0.5157
PsFluSBW25_chrm01_circ_2818004	Pf_BP_2_D168_S14_L001-L004_merged	4	0.0101	0.0003	0.5157
PsFluSBW25_chrm01_circ_2818004	Pf_BP_2_D196_S47_L001-L004_merged	4	0.0101	0.0003	0.5157
PsFluSBW25_chrm01_circ_2818004	Pf_BP_2_D224_S80_L001-L004_merged	4	0.0101	0.0001	0.5157
PsFluSBW25_chrm01_circ_2818004	Pf_BP_2_D252_S26_L001-L004_merged	4	0.0201	0.0025	0.5157
PsFluSBW25_chrm01_circ_2818004	Pf_BP_2_D279_S59_L001-L004_merged	4	0.0425	0.0065	0.5157
PsFluSBW25_chrm01_circ_2818004	Pf_BP_2_D28_S12_L001-L004_merged	4	0.0000	0.0000	0.5157
PsFluSBW25_chrm01_circ_2818004	Pf_BP_2_D310_S5_L001-L004_merged	4	0.1280	0.0069	0.5157
PsFluSBW25_chrm01_circ_2818004	Pf_BP_2_D336_S38_L001-L004_merged	4	0.1409	0.0081	0.5157
PsFluSBW25_chrm01_circ_2818004	Pf_BP_2_D364_S71_L001-L004_merged	4	0.1274	0.0083	0.5157
PsFluSBW25_chrm01_circ_2818004	Pf_BP_2_D392_S101_L001-L004_merged	4	0.0650	0.0062	0.5157
PsFluSBW25_chrm01_circ_2818004	Pf_BP_2_D420_S50_L001-L004_merged	4	0.1161	0.0072	0.5157
PsFluSBW25_chrm01_circ_2818004	Pf_BP_2_D448_S83_L001-L004_merged	4	0.0952	0.0073	0.5157
PsFluSBW25_chrm01_circ_2818004	Pf_BP_2_D476_S62_L001-L004_merged	4	0.1259	0.0079	0.5157
PsFluSBW25_chrm01_circ_2818004	Pf_BP_2_D504_S161_L001-L004_merged	4	0.1071	0.0078	0.5157
PsFluSBW25_chrm01_circ_2818004	Pf_BP_2_D532_S126_L001-L004_merged	4	0.0987	0.0078	0.5157
PsFluSBW25_chrm01_circ_2818004	Pf_BP_2_D56_S56_L001-L004_merged	4	0.0000	0.0005	0.5157
PsFluSBW25_chrm01_circ_2818004	Pf_BP_2_D588_S86_L001-L004_merged	4	0.0991	0.0086	0.5157
PsFluSBW25_chrm01_circ_2818004	Pf_BP_2_D623_S104_L001-L004_merged	4	0.0342	0.0052	0.5157
PsFluSBW25_chrm01_circ_2818004	Pf_BP_2_D644_S152_L001-L004_merged	4	0.0992	0.0077	0.5157
PsFluSBW25_chrm01_circ_2818004	Pf_BP_2_D700_S177_L001-L004_merged	4	0.0549	0.0060	0.5157
PsFluSBW25_chrm01_circ_2818004	Pf_BP_2_D728_S118_L001-L004_merged	4	0.1473	0.0090	0.5157
PsFluSBW25_chrm01_circ_2818004	Pf_BP_2_D756_S154_L001-L004_merged	4	0.0929	0.0078	0.5157
PsFluSBW25_chrm01_circ_2818004	Pf_BP_2_D784_S95_L001-L004_merged	4	0.0542	0.0059	0.5157
PsFluSBW25_chrm01_circ_2818004	Pf_BP_2_D84_S2_L001-L004_merged	4	0.0000	0.0006	0.5157
PsFluSBW25_chrm01_circ_2965873	PS_Pf_r02_2017_01_09_L001	4	0.1439	0.0045	1.0000
PsFluSBW25_chrm01_circ_2965873	Pf_BP_2_D112_S35_L001-L004_merged	4	0.0101	0.0002	1.0000
PsFluSBW25_chrm01_circ_2965873	Pf_BP_2_D140_S68_L001-L004_merged	4	0.0000	0.0003	1.0000
PsFluSBW25_chrm01_circ_2965873	Pf_BP_2_D168_S14_L001-L004_merged	4	0.0101	0.0003	1.0000
PsFluSBW25_chrm01_circ_2965873	Pf_BP_2_D196_S47_L001-L004_merged	4	0.0101	0.0003	1.0000
PsFluSBW25_chrm01_circ_2965873	Pf_BP_2_D224_S80_L001-L004_merged	4	0.0101	0.0001	1.0000
PsFluSBW25_chrm01_circ_2965873	Pf_BP_2_D252_S26_L001-L004_merged	4	0.0201	0.0025	1.0000
PsFluSBW25_chrm01_circ_2965873	Pf_BP_2_D279_S59_L001-L004_merged	4	0.0425	0.0065	1.0000
PsFluSBW25_chrm01_circ_2965873	Pf_BP_2_D28_S12_L001-L004_merged	4	0.0000	0.0000	1.0000
PsFluSBW25_chrm01_circ_2965873	Pf_BP_2_D310_S5_L001-L004_merged	4	0.1280	0.0069	1.0000
PsFluSBW25_chrm01_circ_2965873	Pf_BP_2_D336_S38_L001-L004_merged	4	0.1409	0.0081	1.0000
PsFluSBW25_chrm01_circ_2965873	Pf_BP_2_D364_S71_L001-L004_merged	4	0.1274	0.0083	1.0000
PsFluSBW25_chrm01_circ_2965873	Pf_BP_2_D392_S101_L001-L004_merged	4	0.0650	0.0062	1.0000
PsFluSBW25_chrm01_circ_2965873	Pf_BP_2_D420_S50_L001-L004_merged	4	0.1161	0.0072	1.0000
PsFluSBW25_chrm01_circ_2965873	Pf_BP_2_D448_S83_L001-L004_merged	4	0.0952	0.0073	1.0000
PsFluSBW25_chrm01_circ_2965873	Pf_BP_2_D476_S62_L001-L004_merged	4	0.1259	0.0079	1.0000
PsFluSBW25_chrm01_circ_2965873	Pf_BP_2_D504_S161_L001-L004_merged	4	0.1071	0.0078	1.0000
PsFluSBW25_chrm01_circ_2965873	Pf_BP_2_D532_S126_L001-L004_merged	4	0.0987	0.0078	1.0000
PsFluSBW25_chrm01_circ_2965873	Pf_BP_2_D56_S56_L001-L004_merged	4	0.0000	0.0005	1.0000
PsFluSBW25_chrm01_circ_2965873	Pf_BP_2_D588_S86_L001-L004_merged	4	0.0991	0.0086	1.0000
PsFluSBW25_chrm01_circ_2965873	Pf_BP_2_D623_S104_L001-L004_merged	4	0.0342	0.0052	1.0000
PsFluSBW25_chrm01_circ_2965873	Pf_BP_2_D644_S152_L001-L004_merged	4	0.0992	0.0077	1.0000
PsFluSBW25_chrm01_circ_2965873	Pf_BP_2_D700_S177_L001-L004_merged	4	0.0549	0.0060	1.0000
PsFluSBW25_chrm01_circ_2965873	Pf_BP_2_D728_S118_L001-L004_merged	4	0.1473	0.0090	1.0000
PsFluSBW25_chrm01_circ_2965873	Pf_BP_2_D756_S154_L001-L004_merged	4	0.0929	0.0078	1.0000
PsFluSBW25_chrm01_circ_2965873	Pf_BP_2_D784_S95_L001-L004_merged	4	0.0542	0.0059	1.0000
PsFluSBW25_chrm01_circ_2965873	Pf_BP_2_D84_S2_L001-L004_merged	4	0.0000	0.0006	1.0000
PsFluSBW25_chrm01_circ_2987944	PS_Pf_r02_2017_01_09_L001	4	0.1439	0.0045	1.0000
PsFluSBW25_chrm01_circ_2987944	Pf_BP_2_D112_S35_L001-L004_merged	4	0.0101	0.0002	1.0000
PsFluSBW25_chrm01_circ_2987944	Pf_BP_2_D140_S68_L001-L004_merged	4	0.0000	0.0003	1.0000
PsFluSBW25_chrm01_circ_2987944	Pf_BP_2_D168_S14_L001-L004_merged	4	0.0101	0.0003	1.0000
PsFluSBW25_chrm01_circ_2987944	Pf_BP_2_D196_S47_L001-L004_merged	4	0.0101	0.0003	1.0000
PsFluSBW25_chrm01_circ_2987944	Pf_BP_2_D224_S80_L001-L004_merged	4	0.0101	0.0001	1.0000
PsFluSBW25_chrm01_circ_2987944	Pf_BP_2_D252_S26_L001-L004_merged	4	0.0201	0.0025	1.0000
PsFluSBW25_chrm01_circ_2987944	Pf_BP_2_D279_S59_L001-L004_merged	4	0.0425	0.0065	1.0000
PsFluSBW25_chrm01_circ_2987944	Pf_BP_2_D28_S12_L001-L004_merged	4	0.0000	0.0000	1.0000
PsFluSBW25_chrm01_circ_2987944	Pf_BP_2_D310_S5_L001-L004_merged	4	0.1280	0.0069	1.0000
PsFluSBW25_chrm01_circ_2987944	Pf_BP_2_D336_S38_L001-L004_merged	4	0.1409	0.0081	1.0000
PsFluSBW25_chrm01_circ_2987944	Pf_BP_2_D364_S71_L001-L004_merged	4	0.1274	0.0083	1.0000
PsFluSBW25_chrm01_circ_2987944	Pf_BP_2_D392_S101_L001-L004_merged	4	0.0650	0.0062	1.0000
PsFluSBW25_chrm01_circ_2987944	Pf_BP_2_D420_S50_L001-L004_merged	4	0.1161	0.0072	1.0000
PsFluSBW25_chrm01_circ_2987944	Pf_BP_2_D448_S83_L001-L004_merged	4	0.0952	0.0073	1.0000
PsFluSBW25_chrm01_circ_2987944	Pf_BP_2_D476_S62_L001-L004_merged	4	0.1259	0.0079	1.0000
PsFluSBW25_chrm01_circ_2987944	Pf_BP_2_D504_S161_L001-L004_merged	4	0.1071	0.0078	1.0000
PsFluSBW25_chrm01_circ_2987944	Pf_BP_2_D532_S126_L001-L004_merged	4	0.0987	0.0078	1.0000
PsFluSBW25_chrm01_circ_2987944	Pf_BP_2_D56_S56_L001-L004_merged	4	0.0000	0.0005	1.0000
PsFluSBW25_chrm01_circ_2987944	Pf_BP_2_D588_S86_L001-L004_merged	4	0.0991	0.0086	1.0000
PsFluSBW25_chrm01_circ_2987944	Pf_BP_2_D623_S104_L001-L004_merged	4	0.0342	0.0052	1.0000
PsFluSBW25_chrm01_circ_2987944	Pf_BP_2_D644_S152_L001-L004_merged	4	0.0992	0.0077	1.0000
PsFluSBW25_chrm01_circ_2987944	Pf_BP_2_D700_S177_L001-L004_merged	4	0.0549	0.0060	1.0000
PsFluSBW25_chrm01_circ_2987944	Pf_BP_2_D728_S118_L001-L004_merged	4	0.1473	0.0090	1.0000
PsFluSBW25_chrm01_circ_2987944	Pf_BP_2_D756_S154_L001-L004_merged	4	0.0929	0.0078	1.0000
PsFluSBW25_chrm01_circ_2987944	Pf_BP_2_D784_S95_L001-L004_merged	4	0.0542	0.0059	1.0000
PsFluSBW25_chrm01_circ_2987944	Pf_BP_2_D84_S2_L001-L004_merged	4	0.0000	0.0006	1.0000
PsFluSBW25_chrm01_circ_3109579	PS_Pf_r02_2017_01_09_L001	4	0.1439	0.0045	1.0000
PsFluSBW25_chrm01_circ_3109579	Pf_BP_2_D112_S35_L001-L004_merged	4	0.0101	0.0002	1.0000
PsFluSBW25_chrm01_circ_3109579	Pf_BP_2_D140_S68_L001-L004_merged	4	0.0000	0.0003	1.0000
PsFluSBW25_chrm01_circ_3109579	Pf_BP_2_D168_S14_L001-L004_merged	4	0.0101	0.0003	1.0000
PsFluSBW25_chrm01_circ_3109579	Pf_BP_2_D196_S47_L001-L004_merged	4	0.0101	0.0003	1.0000
PsFluSBW25_chrm01_circ_3109579	Pf_BP_2_D224_S80_L001-L004_merged	4	0.0101	0.0001	1.0000
PsFluSBW25_chrm01_circ_3109579	Pf_BP_2_D252_S26_L001-L004_merged	4	0.0201	0.0025	1.0000
PsFluSBW25_chrm01_circ_3109579	Pf_BP_2_D279_S59_L001-L004_merged	4	0.0425	0.0065	1.0000
PsFluSBW25_chrm01_circ_3109579	Pf_BP_2_D28_S12_L001-L004_merged	4	0.0000	0.0000	1.0000
PsFluSBW25_chrm01_circ_3109579	Pf_BP_2_D310_S5_L001-L004_merged	4	0.1280	0.0069	1.0000
PsFluSBW25_chrm01_circ_3109579	Pf_BP_2_D336_S38_L001-L004_merged	4	0.1409	0.0081	1.0000
PsFluSBW25_chrm01_circ_3109579	Pf_BP_2_D364_S71_L001-L004_merged	4	0.1274	0.0083	1.0000
PsFluSBW25_chrm01_circ_3109579	Pf_BP_2_D392_S101_L001-L004_merged	4	0.0650	0.0062	1.0000
PsFluSBW25_chrm01_circ_3109579	Pf_BP_2_D420_S50_L001-L004_merged	4	0.1161	0.0072	1.0000
PsFluSBW25_chrm01_circ_3109579	Pf_BP_2_D448_S83_L001-L004_merged	4	0.0952	0.0073	1.0000
PsFluSBW25_chrm01_circ_3109579	Pf_BP_2_D476_S62_L001-L004_merged	4	0.1259	0.0079	1.0000
PsFluSBW25_chrm01_circ_3109579	Pf_BP_2_D504_S161_L001-L004_merged	4	0.1071	0.0078	1.0000
PsFluSBW25_chrm01_circ_3109579	Pf_BP_2_D532_S126_L001-L004_merged	4	0.0987	0.0078	1.0000
PsFluSBW25_chrm01_circ_3109579	Pf_BP_2_D56_S56_L001-L004_merged	4	0.0000	0.0005	1.0000
PsFluSBW25_chrm01_circ_3109579	Pf_BP_2_D588_S86_L001-L004_merged	4	0.0991	0.0086	1.0000
PsFluSBW25_chrm01_circ_3109579	Pf_BP_2_D623_S104_L001-L004_merged	4	0.0342	0.0052	1.0000
PsFluSBW25_chrm01_circ_3109579	Pf_BP_2_D644_S152_L001-L004_merged	4	0.0992	0.0077	1.0000
PsFluSBW25_chrm01_circ_3109579	Pf_BP_2_D700_S177_L001-L004_merged	4	0.0549	0.0060	1.0000
PsFluSBW25_chrm01_circ_3109579	Pf_BP_2_D728_S118_L001-L004_merged	4	0.1473	0.0090	1.0000
PsFluSBW25_chrm01_circ_3109579	Pf_BP_2_D756_S154_L001-L004_merged	4	0.0929	0.0078	1.0000
PsFluSBW25_chrm01_circ_3109579	Pf_BP_2_D784_S95_L001-L004_merged	4	0.0542	0.0059	1.0000
PsFluSBW25_chrm01_circ_3109579	Pf_BP_2_D84_S2_L001-L004_merged	4	0.0000	0.0006	1.0000
PsFluSBW25_chrm01_circ_3216203	PS_Pf_r02_2017_01_09_L001	4	0.1439	0.0045	1.0000
PsFluSBW25_chrm01_circ_3216203	Pf_BP_2_D112_S35_L001-L004_merged	4	0.0101	0.0002	1.0000
PsFluSBW25_chrm01_circ_3216203	Pf_BP_2_D140_S68_L001-L004_merged	4	0.0000	0.0003	1.0000
PsFluSBW25_chrm01_circ_3216203	Pf_BP_2_D168_S14_L001-L004_merged	4	0.0101	0.0003	1.0000
PsFluSBW25_chrm01_circ_3216203	Pf_BP_2_D196_S47_L001-L004_merged	4	0.0101	0.0003	1.0000
PsFluSBW25_chrm01_circ_3216203	Pf_BP_2_D224_S80_L001-L004_merged	4	0.0101	0.0001	1.0000
PsFluSBW25_chrm01_circ_3216203	Pf_BP_2_D252_S26_L001-L004_merged	4	0.0201	0.0025	1.0000
PsFluSBW25_chrm01_circ_3216203	Pf_BP_2_D279_S59_L001-L004_merged	4	0.0425	0.0065	1.0000
PsFluSBW25_chrm01_circ_3216203	Pf_BP_2_D28_S12_L001-L004_merged	4	0.0000	0.0000	1.0000
PsFluSBW25_chrm01_circ_3216203	Pf_BP_2_D310_S5_L001-L004_merged	4	0.1280	0.0069	1.0000
PsFluSBW25_chrm01_circ_3216203	Pf_BP_2_D336_S38_L001-L004_merged	4	0.1409	0.0081	1.0000
PsFluSBW25_chrm01_circ_3216203	Pf_BP_2_D364_S71_L001-L004_merged	4	0.1274	0.0083	1.0000
PsFluSBW25_chrm01_circ_3216203	Pf_BP_2_D392_S101_L001-L004_merged	4	0.0650	0.0062	1.0000
PsFluSBW25_chrm01_circ_3216203	Pf_BP_2_D420_S50_L001-L004_merged	4	0.1161	0.0072	1.0000
PsFluSBW25_chrm01_circ_3216203	Pf_BP_2_D448_S83_L001-L004_merged	4	0.0952	0.0073	1.0000
PsFluSBW25_chrm01_circ_3216203	Pf_BP_2_D476_S62_L001-L004_merged	4	0.1259	0.0079	1.0000
PsFluSBW25_chrm01_circ_3216203	Pf_BP_2_D504_S161_L001-L004_merged	4	0.1071	0.0078	1.0000
PsFluSBW25_chrm01_circ_3216203	Pf_BP_2_D532_S126_L001-L004_merged	4	0.0987	0.0078	1.0000
PsFluSBW25_chrm01_circ_3216203	Pf_BP_2_D56_S56_L001-L004_merged	4	0.0000	0.0005	1.0000
PsFluSBW25_chrm01_circ_3216203	Pf_BP_2_D588_S86_L001-L004_merged	4	0.0991	0.0086	1.0000
PsFluSBW25_chrm01_circ_3216203	Pf_BP_2_D623_S104_L001-L004_merged	4	0.0342	0.0052	1.0000
PsFluSBW25_chrm01_circ_3216203	Pf_BP_2_D644_S152_L001-L004_merged	4	0.0992	0.0077	1.0000
PsFluSBW25_chrm01_circ_3216203	Pf_BP_2_D700_S177_L001-L004_merged	4	0.0549	0.0060	1.0000
PsFluSBW25_chrm01_circ_3216203	Pf_BP_2_D728_S118_L001-L004_merged	4	0.1473	0.0090	1.0000
PsFluSBW25_chrm01_circ_3216203	Pf_BP_2_D756_S154_L001-L004_merged	4	0.0929	0.0078	1.0000
PsFluSBW25_chrm01_circ_3216203	Pf_BP_2_D784_S95_L001-L004_merged	4	0.0542	0.0059	1.0000
PsFluSBW25_chrm01_circ_3216203	Pf_BP_2_D84_S2_L001-L004_merged	4	0.0000	0.0006	1.0000
PsFluSBW25_chrm01_circ_3225017	PS_Pf_r02_2017_01_09_L001	4	0.1439	0.0045	1.0000
PsFluSBW25_chrm01_circ_3225017	Pf_BP_2_D112_S35_L001-L004_merged	4	0.0101	0.0002	1.0000
PsFluSBW25_chrm01_circ_3225017	Pf_BP_2_D140_S68_L001-L004_merged	4	0.0000	0.0003	1.0000
PsFluSBW25_chrm01_circ_3225017	Pf_BP_2_D168_S14_L001-L004_merged	4	0.0101	0.0003	1.0000
PsFluSBW25_chrm01_circ_3225017	Pf_BP_2_D196_S47_L001-L004_merged	4	0.0101	0.0003	1.0000
PsFluSBW25_chrm01_circ_3225017	Pf_BP_2_D224_S80_L001-L004_merged	4	0.0101	0.0001	1.0000
PsFluSBW25_chrm01_circ_3225017	Pf_BP_2_D252_S26_L001-L004_merged	4	0.0201	0.0025	1.0000
PsFluSBW25_chrm01_circ_3225017	Pf_BP_2_D279_S59_L001-L004_merged	4	0.0425	0.0065	1.0000
PsFluSBW25_chrm01_circ_3225017	Pf_BP_2_D28_S12_L001-L004_merged	4	0.0000	0.0000	1.0000
PsFluSBW25_chrm01_circ_3225017	Pf_BP_2_D310_S5_L001-L004_merged	4	0.1280	0.0069	1.0000
PsFluSBW25_chrm01_circ_3225017	Pf_BP_2_D336_S38_L001-L004_merged	4	0.1409	0.0081	1.0000
PsFluSBW25_chrm01_circ_3225017	Pf_BP_2_D364_S71_L001-L004_merged	4	0.1274	0.0083	1.0000
PsFluSBW25_chrm01_circ_3225017	Pf_BP_2_D392_S101_L001-L004_merged	4	0.0650	0.0062	1.0000
PsFluSBW25_chrm01_circ_3225017	Pf_BP_2_D420_S50_L001-L004_merged	4	0.1161	0.0072	1.0000
PsFluSBW25_chrm01_circ_3225017	Pf_BP_2_D448_S83_L001-L004_merged	4	0.0952	0.0073	1.0000
PsFluSBW25_chrm01_circ_3225017	Pf_BP_2_D476_S62_L001-L004_merged	4	0.1259	0.0079	1.0000
PsFluSBW25_chrm01_circ_3225017	Pf_BP_2_D504_S161_L001-L004_merged	4	0.1071	0.0078	1.0000
PsFluSBW25_chrm01_circ_3225017	Pf_BP_2_D532_S126_L001-L004_merged	4	0.0987	0.0078	1.0000
PsFluSBW25_chrm01_circ_3225017	Pf_BP_2_D56_S56_L001-L004_merged	4	0.0000	0.0005	1.0000
PsFluSBW25_chrm01_circ_3225017	Pf_BP_2_D588_S86_L001-L004_merged	4	0.0991	0.0086	1.0000
PsFluSBW25_chrm01_circ_3225017	Pf_BP_2_D623_S104_L001-L004_merged	4	0.0342	0.0052	1.0000
PsFluSBW25_chrm01_circ_3225017	Pf_BP_2_D644_S152_L001-L004_merged	4	0.0992	0.0077	1.0000
PsFluSBW25_chrm01_circ_3225017	Pf_BP_2_D700_S177_L001-L004_merged	4	0.0549	0.0060	1.0000
PsFluSBW25_chrm01_circ_3225017	Pf_BP_2_D728_S118_L001-L004_merged	4	0.1473	0.0090	1.0000
PsFluSBW25_chrm01_circ_3225017	Pf_BP_2_D756_S154_L001-L004_merged	4	0.0929	0.0078	1.0000
PsFluSBW25_chrm01_circ_3225017	Pf_BP_2_D784_S95_L001-L004_merged	4	0.0542	0.0059	1.0000
PsFluSBW25_chrm01_circ_3225017	Pf_BP_2_D84_S2_L001-L004_merged	4	0.0000	0.0006	1.0000
PsFluSBW25_chrm01_circ_3455012	PS_Pf_r02_2017_01_09_L001	4	0.1439	0.0045	1.0000
PsFluSBW25_chrm01_circ_3455012	Pf_BP_2_D112_S35_L001-L004_merged	4	0.0101	0.0002	1.0000
PsFluSBW25_chrm01_circ_3455012	Pf_BP_2_D140_S68_L001-L004_merged	4	0.0000	0.0003	1.0000
PsFluSBW25_chrm01_circ_3455012	Pf_BP_2_D168_S14_L001-L004_merged	4	0.0101	0.0003	1.0000
PsFluSBW25_chrm01_circ_3455012	Pf_BP_2_D196_S47_L001-L004_merged	4	0.0101	0.0003	1.0000
PsFluSBW25_chrm01_circ_3455012	Pf_BP_2_D224_S80_L001-L004_merged	4	0.0101	0.0001	1.0000
PsFluSBW25_chrm01_circ_3455012	Pf_BP_2_D252_S26_L001-L004_merged	4	0.0201	0.0025	1.0000
PsFluSBW25_chrm01_circ_3455012	Pf_BP_2_D279_S59_L001-L004_merged	4	0.0425	0.0065	1.0000
PsFluSBW25_chrm01_circ_3455012	Pf_BP_2_D28_S12_L001-L004_merged	4	0.0000	0.0000	1.0000
PsFluSBW25_chrm01_circ_3455012	Pf_BP_2_D310_S5_L001-L004_merged	4	0.1280	0.0069	1.0000
PsFluSBW25_chrm01_circ_3455012	Pf_BP_2_D336_S38_L001-L004_merged	4	0.1409	0.0081	1.0000
PsFluSBW25_chrm01_circ_3455012	Pf_BP_2_D364_S71_L001-L004_merged	4	0.1274	0.0083	1.0000
PsFluSBW25_chrm01_circ_3455012	Pf_BP_2_D392_S101_L001-L004_merged	4	0.0650	0.0062	1.0000
PsFluSBW25_chrm01_circ_3455012	Pf_BP_2_D420_S50_L001-L004_merged	4	0.1161	0.0072	1.0000
PsFluSBW25_chrm01_circ_3455012	Pf_BP_2_D448_S83_L001-L004_merged	4	0.0952	0.0073	1.0000
PsFluSBW25_chrm01_circ_3455012	Pf_BP_2_D476_S62_L001-L004_merged	4	0.1259	0.0079	1.0000
PsFluSBW25_chrm01_circ_3455012	Pf_BP_2_D504_S161_L001-L004_merged	4	0.1071	0.0078	1.0000
PsFluSBW25_chrm01_circ_3455012	Pf_BP_2_D532_S126_L001-L004_merged	4	0.0987	0.0078	1.0000
PsFluSBW25_chrm01_circ_3455012	Pf_BP_2_D56_S56_L001-L004_merged	4	0.0000	0.0005	1.0000
PsFluSBW25_chrm01_circ_3455012	Pf_BP_2_D588_S86_L001-L004_merged	4	0.0991	0.0086	1.0000
PsFluSBW25_chrm01_circ_3455012	Pf_BP_2_D623_S104_L001-L004_merged	4	0.0342	0.0052	1.0000
PsFluSBW25_chrm01_circ_3455012	Pf_BP_2_D644_S152_L001-L004_merged	4	0.0992	0.0077	1.0000
PsFluSBW25_chrm01_circ_3455012	Pf_BP_2_D700_S177_L001-L004_merged	4	0.0549	0.0060	1.0000
PsFluSBW25_chrm01_circ_3455012	Pf_BP_2_D728_S118_L001-L004_merged	4	0.1473	0.0090	1.0000
PsFluSBW25_chrm01_circ_3455012	Pf_BP_2_D756_S154_L001-L004_merged	4	0.0929	0.0078	1.0000
PsFluSBW25_chrm01_circ_3455012	Pf_BP_2_D784_S95_L001-L004_merged	4	0.0542	0.0059	1.0000
PsFluSBW25_chrm01_circ_3455012	Pf_BP_2_D84_S2_L001-L004_merged	4	0.0000	0.0006	1.0000
PsFluSBW25_chrm01_circ_3457844	PS_Pf_r02_2017_01_09_L001	4	0.1439	0.0045	1.0000
PsFluSBW25_chrm01_circ_3457844	Pf_BP_2_D112_S35_L001-L004_merged	4	0.0101	0.0002	1.0000
PsFluSBW25_chrm01_circ_3457844	Pf_BP_2_D140_S68_L001-L004_merged	4	0.0000	0.0003	1.0000
PsFluSBW25_chrm01_circ_3457844	Pf_BP_2_D168_S14_L001-L004_merged	4	0.0101	0.0003	1.0000
PsFluSBW25_chrm01_circ_3457844	Pf_BP_2_D196_S47_L001-L004_merged	4	0.0101	0.0003	1.0000
PsFluSBW25_chrm01_circ_3457844	Pf_BP_2_D224_S80_L001-L004_merged	4	0.0101	0.0001	1.0000
PsFluSBW25_chrm01_circ_3457844	Pf_BP_2_D252_S26_L001-L004_merged	4	0.0201	0.0025	1.0000
PsFluSBW25_chrm01_circ_3457844	Pf_BP_2_D279_S59_L001-L004_merged	4	0.0425	0.0065	1.0000
PsFluSBW25_chrm01_circ_3457844	Pf_BP_2_D28_S12_L001-L004_merged	4	0.0000	0.0000	1.0000
PsFluSBW25_chrm01_circ_3457844	Pf_BP_2_D310_S5_L001-L004_merged	4	0.1280	0.0069	1.0000
PsFluSBW25_chrm01_circ_3457844	Pf_BP_2_D336_S38_L001-L004_merged	4	0.1409	0.0081	1.0000
PsFluSBW25_chrm01_circ_3457844	Pf_BP_2_D364_S71_L001-L004_merged	4	0.1274	0.0083	1.0000
PsFluSBW25_chrm01_circ_3457844	Pf_BP_2_D392_S101_L001-L004_merged	4	0.0650	0.0062	1.0000
PsFluSBW25_chrm01_circ_3457844	Pf_BP_2_D420_S50_L001-L004_merged	4	0.1161	0.0072	1.0000
PsFluSBW25_chrm01_circ_3457844	Pf_BP_2_D448_S83_L001-L004_merged	4	0.0952	0.0073	1.0000
PsFluSBW25_chrm01_circ_3457844	Pf_BP_2_D476_S62_L001-L004_merged	4	0.1259	0.0079	1.0000
PsFluSBW25_chrm01_circ_3457844	Pf_BP_2_D504_S161_L001-L004_merged	4	0.1071	0.0078	1.0000
PsFluSBW25_chrm01_circ_3457844	Pf_BP_2_D532_S126_L001-L004_merged	4	0.0987	0.0078	1.0000
PsFluSBW25_chrm01_circ_3457844	Pf_BP_2_D56_S56_L001-L004_merged	4	0.0000	0.0005	1.0000
PsFluSBW25_chrm01_circ_3457844	Pf_BP_2_D588_S86_L001-L004_merged	4	0.0991	0.0086	1.0000
PsFluSBW25_chrm01_circ_3457844	Pf_BP_2_D623_S104_L001-L004_merged	4	0.0342	0.0052	1.0000
PsFluSBW25_chrm01_circ_3457844	Pf_BP_2_D644_S152_L001-L004_merged	4	0.0992	0.0077	1.0000
PsFluSBW25_chrm01_circ_3457844	Pf_BP_2_D700_S177_L001-L004_merged	4	0.0549	0.0060	1.0000
PsFluSBW25_chrm01_circ_3457844	Pf_BP_2_D728_S118_L001-L004_merged	4	0.1473	0.0090	1.0000
PsFluSBW25_chrm01_circ_3457844	Pf_BP_2_D756_S154_L001-L004_merged	4	0.0929	0.0078	1.0000
PsFluSBW25_chrm01_circ_3457844	Pf_BP_2_D784_S95_L001-L004_merged	4	0.0542	0.0059	1.0000
PsFluSBW25_chrm01_circ_3457844	Pf_BP_2_D84_S2_L001-L004_merged	4	0.0000	0.0006	1.0000
PsFluSBW25_chrm01_circ_3513192	PS_Pf_r02_2017_01_09_L001	4	0.1439	0.0045	1.0000
PsFluSBW25_chrm01_circ_3513192	Pf_BP_2_D112_S35_L001-L004_merged	4	0.0101	0.0002	1.0000
PsFluSBW25_chrm01_circ_3513192	Pf_BP_2_D140_S68_L001-L004_merged	4	0.0000	0.0003	1.0000
PsFluSBW25_chrm01_circ_3513192	Pf_BP_2_D168_S14_L001-L004_merged	4	0.0101	0.0003	1.0000
PsFluSBW25_chrm01_circ_3513192	Pf_BP_2_D196_S47_L001-L004_merged	4	0.0101	0.0003	1.0000
PsFluSBW25_chrm01_circ_3513192	Pf_BP_2_D224_S80_L001-L004_merged	4	0.0101	0.0001	1.0000
PsFluSBW25_chrm01_circ_3513192	Pf_BP_2_D252_S26_L001-L004_merged	4	0.0201	0.0025	1.0000
PsFluSBW25_chrm01_circ_3513192	Pf_BP_2_D279_S59_L001-L004_merged	4	0.0425	0.0065	1.0000
PsFluSBW25_chrm01_circ_3513192	Pf_BP_2_D28_S12_L001-L004_merged	4	0.0000	0.0000	1.0000
PsFluSBW25_chrm01_circ_3513192	Pf_BP_2_D310_S5_L001-L004_merged	4	0.1280	0.0069	1.0000
PsFluSBW25_chrm01_circ_3513192	Pf_BP_2_D336_S38_L001-L004_merged	4	0.1409	0.0081	1.0000
PsFluSBW25_chrm01_circ_3513192	Pf_BP_2_D364_S71_L001-L004_merged	4	0.1274	0.0083	1.0000
PsFluSBW25_chrm01_circ_3513192	Pf_BP_2_D392_S101_L001-L004_merged	4	0.0650	0.0062	1.0000
PsFluSBW25_chrm01_circ_3513192	Pf_BP_2_D420_S50_L001-L004_merged	4	0.1161	0.0072	1.0000
PsFluSBW25_chrm01_circ_3513192	Pf_BP_2_D448_S83_L001-L004_merged	4	0.0952	0.0073	1.0000
PsFluSBW25_chrm01_circ_3513192	Pf_BP_2_D476_S62_L001-L004_merged	4	0.1259	0.0079	1.0000
PsFluSBW25_chrm01_circ_3513192	Pf_BP_2_D504_S161_L001-L004_merged	4	0.1071	0.0078	1.0000
PsFluSBW25_chrm01_circ_3513192	Pf_BP_2_D532_S126_L001-L004_merged	4	0.0987	0.0078	1.0000
PsFluSBW25_chrm01_circ_3513192	Pf_BP_2_D56_S56_L001-L004_merged	4	0.0000	0.0005	1.0000
PsFluSBW25_chrm01_circ_3513192	Pf_BP_2_D588_S86_L001-L004_merged	4	0.0991	0.0086	1.0000
PsFluSBW25_chrm01_circ_3513192	Pf_BP_2_D623_S104_L001-L004_merged	4	0.0342	0.0052	1.0000
PsFluSBW25_chrm01_circ_3513192	Pf_BP_2_D644_S152_L001-L004_merged	4	0.0992	0.0077	1.0000
PsFluSBW25_chrm01_circ_3513192	Pf_BP_2_D700_S177_L001-L004_merged	4	0.0549	0.0060	1.0000
PsFluSBW25_chrm01_circ_3513192	Pf_BP_2_D728_S118_L001-L004_merged	4	0.1473	0.0090	1.0000
PsFluSBW25_chrm01_circ_3513192	Pf_BP_2_D756_S154_L001-L004_merged	4	0.0929	0.0078	1.0000
PsFluSBW25_chrm01_circ_3513192	Pf_BP_2_D784_S95_L001-L004_merged	4	0.0542	0.0059	1.0000
PsFluSBW25_chrm01_circ_3513192	Pf_BP_2_D84_S2_L001-L004_merged	4	0.0000	0.0006	1.0000
PsFluSBW25_chrm01_circ_3698044	PS_Pf_r02_2017_01_09_L001	4	0.1439	0.0045	1.0000
PsFluSBW25_chrm01_circ_3698044	Pf_BP_2_D112_S35_L001-L004_merged	4	0.0101	0.0002	1.0000
PsFluSBW25_chrm01_circ_3698044	Pf_BP_2_D140_S68_L001-L004_merged	4	0.0000	0.0003	1.0000
PsFluSBW25_chrm01_circ_3698044	Pf_BP_2_D168_S14_L001-L004_merged	4	0.0101	0.0003	1.0000
PsFluSBW25_chrm01_circ_3698044	Pf_BP_2_D196_S47_L001-L004_merged	4	0.0101	0.0003	1.0000
PsFluSBW25_chrm01_circ_3698044	Pf_BP_2_D224_S80_L001-L004_merged	4	0.0101	0.0001	1.0000
PsFluSBW25_chrm01_circ_3698044	Pf_BP_2_D252_S26_L001-L004_merged	4	0.0201	0.0025	1.0000
PsFluSBW25_chrm01_circ_3698044	Pf_BP_2_D279_S59_L001-L004_merged	4	0.0425	0.0065	1.0000
PsFluSBW25_chrm01_circ_3698044	Pf_BP_2_D28_S12_L001-L004_merged	4	0.0000	0.0000	1.0000
PsFluSBW25_chrm01_circ_3698044	Pf_BP_2_D310_S5_L001-L004_merged	4	0.1280	0.0069	1.0000
PsFluSBW25_chrm01_circ_3698044	Pf_BP_2_D336_S38_L001-L004_merged	4	0.1409	0.0081	1.0000
PsFluSBW25_chrm01_circ_3698044	Pf_BP_2_D364_S71_L001-L004_merged	4	0.1274	0.0083	1.0000
PsFluSBW25_chrm01_circ_3698044	Pf_BP_2_D392_S101_L001-L004_merged	4	0.0650	0.0062	1.0000
PsFluSBW25_chrm01_circ_3698044	Pf_BP_2_D420_S50_L001-L004_merged	4	0.1161	0.0072	1.0000
PsFluSBW25_chrm01_circ_3698044	Pf_BP_2_D448_S83_L001-L004_merged	4	0.0952	0.0073	1.0000
PsFluSBW25_chrm01_circ_3698044	Pf_BP_2_D476_S62_L001-L004_merged	4	0.1259	0.0079	1.0000
PsFluSBW25_chrm01_circ_3698044	Pf_BP_2_D504_S161_L001-L004_merged	4	0.1071	0.0078	1.0000
PsFluSBW25_chrm01_circ_3698044	Pf_BP_2_D532_S126_L001-L004_merged	4	0.0987	0.0078	1.0000
PsFluSBW25_chrm01_circ_3698044	Pf_BP_2_D56_S56_L001-L004_merged	4	0.0000	0.0005	1.0000
PsFluSBW25_chrm01_circ_3698044	Pf_BP_2_D588_S86_L001-L004_merged	4	0.0991	0.0086	1.0000
PsFluSBW25_chrm01_circ_3698044	Pf_BP_2_D623_S104_L001-L004_merged	4	0.0342	0.0052	1.0000
PsFluSBW25_chrm01_circ_3698044	Pf_BP_2_D644_S152_L001-L004_merged	4	0.0992	0.0077	1.0000
PsFluSBW25_chrm01_circ_3698044	Pf_BP_2_D700_S177_L001-L004_merged	4	0.0549	0.0060	1.0000
PsFluSBW25_chrm01_circ_3698044	Pf_BP_2_D728_S118_L001-L004_merged	4	0.1473	0.0090	1.0000
PsFluSBW25_chrm01_circ_3698044	Pf_BP_2_D756_S154_L001-L004_merged	4	0.0929	0.0078	1.0000
PsFluSBW25_chrm01_circ_3698044	Pf_BP_2_D784_S95_L001-L004_merged	4	0.0542	0.0059	1.0000
PsFluSBW25_chrm01_circ_3698044	Pf_BP_2_D84_S2_L001-L004_merged	4	0.0000	0.0006	1.0000
PsFluSBW25_chrm01_circ_3796498	PS_Pf_r02_2017_01_09_L001	4	0.1439	0.0045	1.0000
PsFluSBW25_chrm01_circ_3796498	Pf_BP_2_D112_S35_L001-L004_merged	4	0.0101	0.0002	1.0000
PsFluSBW25_chrm01_circ_3796498	Pf_BP_2_D140_S68_L001-L004_merged	4	0.0000	0.0003	1.0000
PsFluSBW25_chrm01_circ_3796498	Pf_BP_2_D168_S14_L001-L004_merged	4	0.0101	0.0003	1.0000
PsFluSBW25_chrm01_circ_3796498	Pf_BP_2_D196_S47_L001-L004_merged	4	0.0101	0.0003	1.0000
PsFluSBW25_chrm01_circ_3796498	Pf_BP_2_D224_S80_L001-L004_merged	4	0.0101	0.0001	1.0000
PsFluSBW25_chrm01_circ_3796498	Pf_BP_2_D252_S26_L001-L004_merged	4	0.0201	0.0025	1.0000
PsFluSBW25_chrm01_circ_3796498	Pf_BP_2_D279_S59_L001-L004_merged	4	0.0425	0.0065	1.0000
PsFluSBW25_chrm01_circ_3796498	Pf_BP_2_D28_S12_L001-L004_merged	4	0.0000	0.0000	1.0000
PsFluSBW25_chrm01_circ_3796498	Pf_BP_2_D310_S5_L001-L004_merged	4	0.1280	0.0069	1.0000
PsFluSBW25_chrm01_circ_3796498	Pf_BP_2_D336_S38_L001-L004_merged	4	0.1409	0.0081	1.0000
PsFluSBW25_chrm01_circ_3796498	Pf_BP_2_D364_S71_L001-L004_merged	4	0.1274	0.0083	1.0000
PsFluSBW25_chrm01_circ_3796498	Pf_BP_2_D392_S101_L001-L004_merged	4	0.0650	0.0062	1.0000
PsFluSBW25_chrm01_circ_3796498	Pf_BP_2_D420_S50_L001-L004_merged	4	0.1161	0.0072	1.0000
PsFluSBW25_chrm01_circ_3796498	Pf_BP_2_D448_S83_L001-L004_merged	4	0.0952	0.0073	1.0000
PsFluSBW25_chrm01_circ_3796498	Pf_BP_2_D476_S62_L001-L004_merged	4	0.1259	0.0079	1.0000
PsFluSBW25_chrm01_circ_3796498	Pf_BP_2_D504_S161_L001-L004_merged	4	0.1071	0.0078	1.0000
PsFluSBW25_chrm01_circ_3796498	Pf_BP_2_D532_S126_L001-L004_merged	4	0.0987	0.0078	1.0000
PsFluSBW25_chrm01_circ_3796498	Pf_BP_2_D56_S56_L001-L004_merged	4	0.0000	0.0005	1.0000
PsFluSBW25_chrm01_circ_3796498	Pf_BP_2_D588_S86_L001-L004_merged	4	0.0991	0.0086	1.0000
PsFluSBW25_chrm01_circ_3796498	Pf_BP_2_D623_S104_L001-L004_merged	4	0.0342	0.0052	1.0000
PsFluSBW25_chrm01_circ_3796498	Pf_BP_2_D644_S152_L001-L004_merged	4	0.0992	0.0077	1.0000
PsFluSBW25_chrm01_circ_3796498	Pf_BP_2_D700_S177_L001-L004_merged	4	0.0549	0.0060	1.0000
PsFluSBW25_chrm01_circ_3796498	Pf_BP_2_D728_S118_L001-L004_merged	4	0.1473	0.0090	1.0000
PsFluSBW25_chrm01_circ_3796498	Pf_BP_2_D756_S154_L001-L004_merged	4	0.0929	0.0078	1.0000
PsFluSBW25_chrm01_circ_3796498	Pf_BP_2_D784_S95_L001-L004_merged	4	0.0542	0.0059	1.0000
PsFluSBW25_chrm01_circ_3796498	Pf_BP_2_D84_S2_L001-L004_merged	4	0.0000	0.0006	1.0000
PsFluSBW25_chrm01_circ_4193658	PS_Pf_r02_2017_01_09_L001	4	0.1439	0.0045	1.0000
PsFluSBW25_chrm01_circ_4193658	Pf_BP_2_D112_S35_L001-L004_merged	4	0.0101	0.0002	1.0000
PsFluSBW25_chrm01_circ_4193658	Pf_BP_2_D140_S68_L001-L004_merged	4	0.0000	0.0003	1.0000
PsFluSBW25_chrm01_circ_4193658	Pf_BP_2_D168_S14_L001-L004_merged	4	0.0101	0.0003	1.0000
PsFluSBW25_chrm01_circ_4193658	Pf_BP_2_D196_S47_L001-L004_merged	4	0.0101	0.0003	1.0000
PsFluSBW25_chrm01_circ_4193658	Pf_BP_2_D224_S80_L001-L004_merged	4	0.0101	0.0001	1.0000
PsFluSBW25_chrm01_circ_4193658	Pf_BP_2_D252_S26_L001-L004_merged	4	0.0201	0.0025	1.0000
PsFluSBW25_chrm01_circ_4193658	Pf_BP_2_D279_S59_L001-L004_merged	4	0.0425	0.0065	1.0000
PsFluSBW25_chrm01_circ_4193658	Pf_BP_2_D28_S12_L001-L004_merged	4	0.0000	0.0000	1.0000
PsFluSBW25_chrm01_circ_4193658	Pf_BP_2_D310_S5_L001-L004_merged	4	0.1280	0.0069	1.0000
PsFluSBW25_chrm01_circ_4193658	Pf_BP_2_D336_S38_L001-L004_merged	4	0.1409	0.0081	1.0000
PsFluSBW25_chrm01_circ_4193658	Pf_BP_2_D364_S71_L001-L004_merged	4	0.1274	0.0083	1.0000
PsFluSBW25_chrm01_circ_4193658	Pf_BP_2_D392_S101_L001-L004_merged	4	0.0650	0.0062	1.0000
PsFluSBW25_chrm01_circ_4193658	Pf_BP_2_D420_S50_L001-L004_merged	4	0.1161	0.0072	1.0000
PsFluSBW25_chrm01_circ_4193658	Pf_BP_2_D448_S83_L001-L004_merged	4	0.0952	0.0073	1.0000
PsFluSBW25_chrm01_circ_4193658	Pf_BP_2_D476_S62_L001-L004_merged	4	0.1259	0.0079	1.0000
PsFluSBW25_chrm01_circ_4193658	Pf_BP_2_D504_S161_L001-L004_merged	4	0.1071	0.0078	1.0000
PsFluSBW25_chrm01_circ_4193658	Pf_BP_2_D532_S126_L001-L004_merged	4	0.0987	0.0078	1.0000
PsFluSBW25_chrm01_circ_4193658	Pf_BP_2_D56_S56_L001-L004_merged	4	0.0000	0.0005	1.0000
PsFluSBW25_chrm01_circ_4193658	Pf_BP_2_D588_S86_L001-L004_merged	4	0.0991	0.0086	1.0000
PsFluSBW25_chrm01_circ_4193658	Pf_BP_2_D623_S104_L001-L004_merged	4	0.0342	0.0052	1.0000
PsFluSBW25_chrm01_circ_4193658	Pf_BP_2_D644_S152_L001-L004_merged	4	0.0992	0.0077	1.0000
PsFluSBW25_chrm01_circ_4193658	Pf_BP_2_D700_S177_L001-L004_merged	4	0.0549	0.0060	1.0000
PsFluSBW25_chrm01_circ_4193658	Pf_BP_2_D728_S118_L001-L004_merged	4	0.1473	0.0090	1.0000
PsFluSBW25_chrm01_circ_4193658	Pf_BP_2_D756_S154_L001-L004_merged	4	0.0929	0.0078	1.0000
PsFluSBW25_chrm01_circ_4193658	Pf_BP_2_D784_S95_L001-L004_merged	4	0.0542	0.0059	1.0000
PsFluSBW25_chrm01_circ_4193658	Pf_BP_2_D84_S2_L001-L004_merged	4	0.0000	0.0006	1.0000
PsFluSBW25_chrm01_circ_4443434	PS_Pf_r02_2017_01_09_L001	4	0.1439	0.0045	1.0000
PsFluSBW25_chrm01_circ_4443434	Pf_BP_2_D112_S35_L001-L004_merged	4	0.0101	0.0002	1.0000
PsFluSBW25_chrm01_circ_4443434	Pf_BP_2_D140_S68_L001-L004_merged	4	0.0000	0.0003	1.0000
PsFluSBW25_chrm01_circ_4443434	Pf_BP_2_D168_S14_L001-L004_merged	4	0.0101	0.0003	1.0000
PsFluSBW25_chrm01_circ_4443434	Pf_BP_2_D196_S47_L001-L004_merged	4	0.0101	0.0003	1.0000
PsFluSBW25_chrm01_circ_4443434	Pf_BP_2_D224_S80_L001-L004_merged	4	0.0101	0.0001	1.0000
PsFluSBW25_chrm01_circ_4443434	Pf_BP_2_D252_S26_L001-L004_merged	4	0.0201	0.0025	1.0000
PsFluSBW25_chrm01_circ_4443434	Pf_BP_2_D279_S59_L001-L004_merged	4	0.0425	0.0065	1.0000
PsFluSBW25_chrm01_circ_4443434	Pf_BP_2_D28_S12_L001-L004_merged	4	0.0000	0.0000	1.0000
PsFluSBW25_chrm01_circ_4443434	Pf_BP_2_D310_S5_L001-L004_merged	4	0.1280	0.0069	1.0000
PsFluSBW25_chrm01_circ_4443434	Pf_BP_2_D336_S38_L001-L004_merged	4	0.1409	0.0081	1.0000
PsFluSBW25_chrm01_circ_4443434	Pf_BP_2_D364_S71_L001-L004_merged	4	0.1274	0.0083	1.0000
PsFluSBW25_chrm01_circ_4443434	Pf_BP_2_D392_S101_L001-L004_merged	4	0.0650	0.0062	1.0000
PsFluSBW25_chrm01_circ_4443434	Pf_BP_2_D420_S50_L001-L004_merged	4	0.1161	0.0072	1.0000
PsFluSBW25_chrm01_circ_4443434	Pf_BP_2_D448_S83_L001-L004_merged	4	0.0952	0.0073	1.0000
PsFluSBW25_chrm01_circ_4443434	Pf_BP_2_D476_S62_L001-L004_merged	4	0.1259	0.0079	1.0000
PsFluSBW25_chrm01_circ_4443434	Pf_BP_2_D504_S161_L001-L004_merged	4	0.1071	0.0078	1.0000
PsFluSBW25_chrm01_circ_4443434	Pf_BP_2_D532_S126_L001-L004_merged	4	0.0987	0.0078	1.0000
PsFluSBW25_chrm01_circ_4443434	Pf_BP_2_D56_S56_L001-L004_merged	4	0.0000	0.0005	1.0000
PsFluSBW25_chrm01_circ_4443434	Pf_BP_2_D588_S86_L001-L004_merged	4	0.0991	0.0086	1.0000
PsFluSBW25_chrm01_circ_4443434	Pf_BP_2_D623_S104_L001-L004_merged	4	0.0342	0.0052	1.0000
PsFluSBW25_chrm01_circ_4443434	Pf_BP_2_D644_S152_L001-L004_merged	4	0.0992	0.0077	1.0000
PsFluSBW25_chrm01_circ_4443434	Pf_BP_2_D700_S177_L001-L004_merged	4	0.0549	0.0060	1.0000
PsFluSBW25_chrm01_circ_4443434	Pf_BP_2_D728_S118_L001-L004_merged	4	0.1473	0.0090	1.0000
PsFluSBW25_chrm01_circ_4443434	Pf_BP_2_D756_S154_L001-L004_merged	4	0.0929	0.0078	1.0000
PsFluSBW25_chrm01_circ_4443434	Pf_BP_2_D784_S95_L001-L004_merged	4	0.0542	0.0059	1.0000
PsFluSBW25_chrm01_circ_4443434	Pf_BP_2_D84_S2_L001-L004_merged	4	0.0000	0.0006	1.0000
PsFluSBW25_chrm01_circ_4451949	PS_Pf_r02_2017_01_09_L001	4	0.1439	0.0045	1.0000
PsFluSBW25_chrm01_circ_4451949	Pf_BP_2_D112_S35_L001-L004_merged	4	0.0101	0.0002	1.0000
PsFluSBW25_chrm01_circ_4451949	Pf_BP_2_D140_S68_L001-L004_merged	4	0.0000	0.0003	1.0000
PsFluSBW25_chrm01_circ_4451949	Pf_BP_2_D168_S14_L001-L004_merged	4	0.0101	0.0003	1.0000
PsFluSBW25_chrm01_circ_4451949	Pf_BP_2_D196_S47_L001-L004_merged	4	0.0101	0.0003	1.0000
PsFluSBW25_chrm01_circ_4451949	Pf_BP_2_D224_S80_L001-L004_merged	4	0.0101	0.0001	1.0000
PsFluSBW25_chrm01_circ_4451949	Pf_BP_2_D252_S26_L001-L004_merged	4	0.0201	0.0025	1.0000
PsFluSBW25_chrm01_circ_4451949	Pf_BP_2_D279_S59_L001-L004_merged	4	0.0425	0.0065	1.0000
PsFluSBW25_chrm01_circ_4451949	Pf_BP_2_D28_S12_L001-L004_merged	4	0.0000	0.0000	1.0000
PsFluSBW25_chrm01_circ_4451949	Pf_BP_2_D310_S5_L001-L004_merged	4	0.1280	0.0069	1.0000
PsFluSBW25_chrm01_circ_4451949	Pf_BP_2_D336_S38_L001-L004_merged	4	0.1409	0.0081	1.0000
PsFluSBW25_chrm01_circ_4451949	Pf_BP_2_D364_S71_L001-L004_merged	4	0.1274	0.0083	1.0000
PsFluSBW25_chrm01_circ_4451949	Pf_BP_2_D392_S101_L001-L004_merged	4	0.0650	0.0062	1.0000
PsFluSBW25_chrm01_circ_4451949	Pf_BP_2_D420_S50_L001-L004_merged	4	0.1161	0.0072	1.0000
PsFluSBW25_chrm01_circ_4451949	Pf_BP_2_D448_S83_L001-L004_merged	4	0.0952	0.0073	1.0000
PsFluSBW25_chrm01_circ_4451949	Pf_BP_2_D476_S62_L001-L004_merged	4	0.1259	0.0079	1.0000
PsFluSBW25_chrm01_circ_4451949	Pf_BP_2_D504_S161_L001-L004_merged	4	0.1071	0.0078	1.0000
PsFluSBW25_chrm01_circ_4451949	Pf_BP_2_D532_S126_L001-L004_merged	4	0.0987	0.0078	1.0000
PsFluSBW25_chrm01_circ_4451949	Pf_BP_2_D56_S56_L001-L004_merged	4	0.0000	0.0005	1.0000
PsFluSBW25_chrm01_circ_4451949	Pf_BP_2_D588_S86_L001-L004_merged	4	0.0991	0.0086	1.0000
PsFluSBW25_chrm01_circ_4451949	Pf_BP_2_D623_S104_L001-L004_merged	4	0.0342	0.0052	1.0000
PsFluSBW25_chrm01_circ_4451949	Pf_BP_2_D644_S152_L001-L004_merged	4	0.0992	0.0077	1.0000
PsFluSBW25_chrm01_circ_4451949	Pf_BP_2_D700_S177_L001-L004_merged	4	0.0549	0.0060	1.0000
PsFluSBW25_chrm01_circ_4451949	Pf_BP_2_D728_S118_L001-L004_merged	4	0.1473	0.0090	1.0000
PsFluSBW25_chrm01_circ_4451949	Pf_BP_2_D756_S154_L001-L004_merged	4	0.0929	0.0078	1.0000
PsFluSBW25_chrm01_circ_4451949	Pf_BP_2_D784_S95_L001-L004_merged	4	0.0542	0.0059	1.0000
PsFluSBW25_chrm01_circ_4451949	Pf_BP_2_D84_S2_L001-L004_merged	4	0.0000	0.0006	1.0000
PsFluSBW25_chrm01_circ_4454470	PS_Pf_r02_2017_01_09_L001	4	0.1439	0.0045	1.0000
PsFluSBW25_chrm01_circ_4454470	Pf_BP_2_D112_S35_L001-L004_merged	4	0.0101	0.0002	1.0000
PsFluSBW25_chrm01_circ_4454470	Pf_BP_2_D140_S68_L001-L004_merged	4	0.0000	0.0003	1.0000
PsFluSBW25_chrm01_circ_4454470	Pf_BP_2_D168_S14_L001-L004_merged	4	0.0101	0.0003	1.0000
PsFluSBW25_chrm01_circ_4454470	Pf_BP_2_D196_S47_L001-L004_merged	4	0.0101	0.0003	1.0000
PsFluSBW25_chrm01_circ_4454470	Pf_BP_2_D224_S80_L001-L004_merged	4	0.0101	0.0001	1.0000
PsFluSBW25_chrm01_circ_4454470	Pf_BP_2_D252_S26_L001-L004_merged	4	0.0201	0.0025	1.0000
PsFluSBW25_chrm01_circ_4454470	Pf_BP_2_D279_S59_L001-L004_merged	4	0.0425	0.0065	1.0000
PsFluSBW25_chrm01_circ_4454470	Pf_BP_2_D28_S12_L001-L004_merged	4	0.0000	0.0000	1.0000
PsFluSBW25_chrm01_circ_4454470	Pf_BP_2_D310_S5_L001-L004_merged	4	0.1280	0.0069	1.0000
PsFluSBW25_chrm01_circ_4454470	Pf_BP_2_D336_S38_L001-L004_merged	4	0.1409	0.0081	1.0000
PsFluSBW25_chrm01_circ_4454470	Pf_BP_2_D364_S71_L001-L004_merged	4	0.1274	0.0083	1.0000
PsFluSBW25_chrm01_circ_4454470	Pf_BP_2_D392_S101_L001-L004_merged	4	0.0650	0.0062	1.0000
PsFluSBW25_chrm01_circ_4454470	Pf_BP_2_D420_S50_L001-L004_merged	4	0.1161	0.0072	1.0000
PsFluSBW25_chrm01_circ_4454470	Pf_BP_2_D448_S83_L001-L004_merged	4	0.0952	0.0073	1.0000
PsFluSBW25_chrm01_circ_4454470	Pf_BP_2_D476_S62_L001-L004_merged	4	0.1259	0.0079	1.0000
PsFluSBW25_chrm01_circ_4454470	Pf_BP_2_D504_S161_L001-L004_merged	4	0.1071	0.0078	1.0000
PsFluSBW25_chrm01_circ_4454470	Pf_BP_2_D532_S126_L001-L004_merged	4	0.0987	0.0078	1.0000
PsFluSBW25_chrm01_circ_4454470	Pf_BP_2_D56_S56_L001-L004_merged	4	0.0000	0.0005	1.0000
PsFluSBW25_chrm01_circ_4454470	Pf_BP_2_D588_S86_L001-L004_merged	4	0.0991	0.0086	1.0000
PsFluSBW25_chrm01_circ_4454470	Pf_BP_2_D623_S104_L001-L004_merged	4	0.0342	0.0052	1.0000
PsFluSBW25_chrm01_circ_4454470	Pf_BP_2_D644_S152_L001-L004_merged	4	0.0992	0.0077	1.0000
PsFluSBW25_chrm01_circ_4454470	Pf_BP_2_D700_S177_L001-L004_merged	4	0.0549	0.0060	1.0000
PsFluSBW25_chrm01_circ_4454470	Pf_BP_2_D728_S118_L001-L004_merged	4	0.1473	0.0090	1.0000
PsFluSBW25_chrm01_circ_4454470	Pf_BP_2_D756_S154_L001-L004_merged	4	0.0929	0.0078	1.0000
PsFluSBW25_chrm01_circ_4454470	Pf_BP_2_D784_S95_L001-L004_merged	4	0.0542	0.0059	1.0000
PsFluSBW25_chrm01_circ_4454470	Pf_BP_2_D84_S2_L001-L004_merged	4	0.0000	0.0006	1.0000
PsFluSBW25_chrm01_circ_4688764	PS_Pf_r02_2017_01_09_L001	4	0.1439	0.0045	1.0000
PsFluSBW25_chrm01_circ_4688764	Pf_BP_2_D112_S35_L001-L004_merged	4	0.0101	0.0002	1.0000
PsFluSBW25_chrm01_circ_4688764	Pf_BP_2_D140_S68_L001-L004_merged	4	0.0000	0.0003	1.0000
PsFluSBW25_chrm01_circ_4688764	Pf_BP_2_D168_S14_L001-L004_merged	4	0.0101	0.0003	1.0000
PsFluSBW25_chrm01_circ_4688764	Pf_BP_2_D196_S47_L001-L004_merged	4	0.0101	0.0003	1.0000
PsFluSBW25_chrm01_circ_4688764	Pf_BP_2_D224_S80_L001-L004_merged	4	0.0101	0.0001	1.0000
PsFluSBW25_chrm01_circ_4688764	Pf_BP_2_D252_S26_L001-L004_merged	4	0.0201	0.0025	1.0000
PsFluSBW25_chrm01_circ_4688764	Pf_BP_2_D279_S59_L001-L004_merged	4	0.0425	0.0065	1.0000
PsFluSBW25_chrm01_circ_4688764	Pf_BP_2_D28_S12_L001-L004_merged	4	0.0000	0.0000	1.0000
PsFluSBW25_chrm01_circ_4688764	Pf_BP_2_D310_S5_L001-L004_merged	4	0.1280	0.0069	1.0000
PsFluSBW25_chrm01_circ_4688764	Pf_BP_2_D336_S38_L001-L004_merged	4	0.1409	0.0081	1.0000
PsFluSBW25_chrm01_circ_4688764	Pf_BP_2_D364_S71_L001-L004_merged	4	0.1274	0.0083	1.0000
PsFluSBW25_chrm01_circ_4688764	Pf_BP_2_D392_S101_L001-L004_merged	4	0.0650	0.0062	1.0000
PsFluSBW25_chrm01_circ_4688764	Pf_BP_2_D420_S50_L001-L004_merged	4	0.1161	0.0072	1.0000
PsFluSBW25_chrm01_circ_4688764	Pf_BP_2_D448_S83_L001-L004_merged	4	0.0952	0.0073	1.0000
PsFluSBW25_chrm01_circ_4688764	Pf_BP_2_D476_S62_L001-L004_merged	4	0.1259	0.0079	1.0000
PsFluSBW25_chrm01_circ_4688764	Pf_BP_2_D504_S161_L001-L004_merged	4	0.1071	0.0078	1.0000
PsFluSBW25_chrm01_circ_4688764	Pf_BP_2_D532_S126_L001-L004_merged	4	0.0987	0.0078	1.0000
PsFluSBW25_chrm01_circ_4688764	Pf_BP_2_D56_S56_L001-L004_merged	4	0.0000	0.0005	1.0000
PsFluSBW25_chrm01_circ_4688764	Pf_BP_2_D588_S86_L001-L004_merged	4	0.0991	0.0086	1.0000
PsFluSBW25_chrm01_circ_4688764	Pf_BP_2_D623_S104_L001-L004_merged	4	0.0342	0.0052	1.0000
PsFluSBW25_chrm01_circ_4688764	Pf_BP_2_D644_S152_L001-L004_merged	4	0.0992	0.0077	1.0000
PsFluSBW25_chrm01_circ_4688764	Pf_BP_2_D700_S177_L001-L004_merged	4	0.0549	0.0060	1.0000
PsFluSBW25_chrm01_circ_4688764	Pf_BP_2_D728_S118_L001-L004_merged	4	0.1473	0.0090	1.0000
PsFluSBW25_chrm01_circ_4688764	Pf_BP_2_D756_S154_L001-L004_merged	4	0.0929	0.0078	1.0000
PsFluSBW25_chrm01_circ_4688764	Pf_BP_2_D784_S95_L001-L004_merged	4	0.0542	0.0059	1.0000
PsFluSBW25_chrm01_circ_4688764	Pf_BP_2_D84_S2_L001-L004_merged	4	0.0000	0.0006	1.0000
PsFluSBW25_chrm01_circ_4721288	PS_Pf_r02_2017_01_09_L001	4	0.1439	0.0045	1.0000
PsFluSBW25_chrm01_circ_4721288	Pf_BP_2_D112_S35_L001-L004_merged	4	0.0101	0.0002	1.0000
PsFluSBW25_chrm01_circ_4721288	Pf_BP_2_D140_S68_L001-L004_merged	4	0.0000	0.0003	1.0000
PsFluSBW25_chrm01_circ_4721288	Pf_BP_2_D168_S14_L001-L004_merged	4	0.0101	0.0003	1.0000
PsFluSBW25_chrm01_circ_4721288	Pf_BP_2_D196_S47_L001-L004_merged	4	0.0101	0.0003	1.0000
PsFluSBW25_chrm01_circ_4721288	Pf_BP_2_D224_S80_L001-L004_merged	4	0.0101	0.0001	1.0000
PsFluSBW25_chrm01_circ_4721288	Pf_BP_2_D252_S26_L001-L004_merged	4	0.0201	0.0025	1.0000
PsFluSBW25_chrm01_circ_4721288	Pf_BP_2_D279_S59_L001-L004_merged	4	0.0425	0.0065	1.0000
PsFluSBW25_chrm01_circ_4721288	Pf_BP_2_D28_S12_L001-L004_merged	4	0.0000	0.0000	1.0000
PsFluSBW25_chrm01_circ_4721288	Pf_BP_2_D310_S5_L001-L004_merged	4	0.1280	0.0069	1.0000
PsFluSBW25_chrm01_circ_4721288	Pf_BP_2_D336_S38_L001-L004_merged	4	0.1409	0.0081	1.0000
PsFluSBW25_chrm01_circ_4721288	Pf_BP_2_D364_S71_L001-L004_merged	4	0.1274	0.0083	1.0000
PsFluSBW25_chrm01_circ_4721288	Pf_BP_2_D392_S101_L001-L004_merged	4	0.0650	0.0062	1.0000
PsFluSBW25_chrm01_circ_4721288	Pf_BP_2_D420_S50_L001-L004_merged	4	0.1161	0.0072	1.0000
PsFluSBW25_chrm01_circ_4721288	Pf_BP_2_D448_S83_L001-L004_merged	4	0.0952	0.0073	1.0000
PsFluSBW25_chrm01_circ_4721288	Pf_BP_2_D476_S62_L001-L004_merged	4	0.1259	0.0079	1.0000
PsFluSBW25_chrm01_circ_4721288	Pf_BP_2_D504_S161_L001-L004_merged	4	0.1071	0.0078	1.0000
PsFluSBW25_chrm01_circ_4721288	Pf_BP_2_D532_S126_L001-L004_merged	4	0.0987	0.0078	1.0000
PsFluSBW25_chrm01_circ_4721288	Pf_BP_2_D56_S56_L001-L004_merged	4	0.0000	0.0005	1.0000
PsFluSBW25_chrm01_circ_4721288	Pf_BP_2_D588_S86_L001-L004_merged	4	0.0991	0.0086	1.0000
PsFluSBW25_chrm01_circ_4721288	Pf_BP_2_D623_S104_L001-L004_merged	4	0.0342	0.0052	1.0000
PsFluSBW25_chrm01_circ_4721288	Pf_BP_2_D644_S152_L001-L004_merged	4	0.0992	0.0077	1.0000
PsFluSBW25_chrm01_circ_4721288	Pf_BP_2_D700_S177_L001-L004_merged	4	0.0549	0.0060	1.0000
PsFluSBW25_chrm01_circ_4721288	Pf_BP_2_D728_S118_L001-L004_merged	4	0.1473	0.0090	1.0000
PsFluSBW25_chrm01_circ_4721288	Pf_BP_2_D756_S154_L001-L004_merged	4	0.0929	0.0078	1.0000
PsFluSBW25_chrm01_circ_4721288	Pf_BP_2_D784_S95_L001-L004_merged	4	0.0542	0.0059	1.0000
PsFluSBW25_chrm01_circ_4721288	Pf_BP_2_D84_S2_L001-L004_merged	4	0.0000	0.0006	1.0000
PsFluSBW25_chrm01_circ_4913543	PS_Pf_r02_2017_01_09_L001	4	0.1439	0.0045	1.0000
PsFluSBW25_chrm01_circ_4913543	Pf_BP_2_D112_S35_L001-L004_merged	4	0.0101	0.0002	1.0000
PsFluSBW25_chrm01_circ_4913543	Pf_BP_2_D140_S68_L001-L004_merged	4	0.0000	0.0003	1.0000
PsFluSBW25_chrm01_circ_4913543	Pf_BP_2_D168_S14_L001-L004_merged	4	0.0101	0.0003	1.0000
PsFluSBW25_chrm01_circ_4913543	Pf_BP_2_D196_S47_L001-L004_merged	4	0.0101	0.0003	1.0000
PsFluSBW25_chrm01_circ_4913543	Pf_BP_2_D224_S80_L001-L004_merged	4	0.0101	0.0001	1.0000
PsFluSBW25_chrm01_circ_4913543	Pf_BP_2_D252_S26_L001-L004_merged	4	0.0201	0.0025	1.0000
PsFluSBW25_chrm01_circ_4913543	Pf_BP_2_D279_S59_L001-L004_merged	4	0.0425	0.0065	1.0000
PsFluSBW25_chrm01_circ_4913543	Pf_BP_2_D28_S12_L001-L004_merged	4	0.0000	0.0000	1.0000
PsFluSBW25_chrm01_circ_4913543	Pf_BP_2_D310_S5_L001-L004_merged	4	0.1280	0.0069	1.0000
PsFluSBW25_chrm01_circ_4913543	Pf_BP_2_D336_S38_L001-L004_merged	4	0.1409	0.0081	1.0000
PsFluSBW25_chrm01_circ_4913543	Pf_BP_2_D364_S71_L001-L004_merged	4	0.1274	0.0083	1.0000
PsFluSBW25_chrm01_circ_4913543	Pf_BP_2_D392_S101_L001-L004_merged	4	0.0650	0.0062	1.0000
PsFluSBW25_chrm01_circ_4913543	Pf_BP_2_D420_S50_L001-L004_merged	4	0.1161	0.0072	1.0000
PsFluSBW25_chrm01_circ_4913543	Pf_BP_2_D448_S83_L001-L004_merged	4	0.0952	0.0073	1.0000
PsFluSBW25_chrm01_circ_4913543	Pf_BP_2_D476_S62_L001-L004_merged	4	0.1259	0.0079	1.0000
PsFluSBW25_chrm01_circ_4913543	Pf_BP_2_D504_S161_L001-L004_merged	4	0.1071	0.0078	1.0000
PsFluSBW25_chrm01_circ_4913543	Pf_BP_2_D532_S126_L001-L004_merged	4	0.0987	0.0078	1.0000
PsFluSBW25_chrm01_circ_4913543	Pf_BP_2_D56_S56_L001-L004_merged	4	0.0000	0.0005	1.0000
PsFluSBW25_chrm01_circ_4913543	Pf_BP_2_D588_S86_L001-L004_merged	4	0.0991	0.0086	1.0000
PsFluSBW25_chrm01_circ_4913543	Pf_BP_2_D623_S104_L001-L004_merged	4	0.0342	0.0052	1.0000
PsFluSBW25_chrm01_circ_4913543	Pf_BP_2_D644_S152_L001-L004_merged	4	0.0992	0.0077	1.0000
PsFluSBW25_chrm01_circ_4913543	Pf_BP_2_D700_S177_L001-L004_merged	4	0.0549	0.0060	1.0000
PsFluSBW25_chrm01_circ_4913543	Pf_BP_2_D728_S118_L001-L004_merged	4	0.1473	0.0090	1.0000
PsFluSBW25_chrm01_circ_4913543	Pf_BP_2_D756_S154_L001-L004_merged	4	0.0929	0.0078	1.0000
PsFluSBW25_chrm01_circ_4913543	Pf_BP_2_D784_S95_L001-L004_merged	4	0.0542	0.0059	1.0000
PsFluSBW25_chrm01_circ_4913543	Pf_BP_2_D84_S2_L001-L004_merged	4	0.0000	0.0006	1.0000
PsFluSBW25_chrm01_circ_4959312	PS_Pf_r02_2017_01_09_L001	4	0.1439	0.0045	1.0000
PsFluSBW25_chrm01_circ_4959312	Pf_BP_2_D112_S35_L001-L004_merged	4	0.0101	0.0002	1.0000
PsFluSBW25_chrm01_circ_4959312	Pf_BP_2_D140_S68_L001-L004_merged	4	0.0000	0.0003	1.0000
PsFluSBW25_chrm01_circ_4959312	Pf_BP_2_D168_S14_L001-L004_merged	4	0.0101	0.0003	1.0000
PsFluSBW25_chrm01_circ_4959312	Pf_BP_2_D196_S47_L001-L004_merged	4	0.0101	0.0003	1.0000
PsFluSBW25_chrm01_circ_4959312	Pf_BP_2_D224_S80_L001-L004_merged	4	0.0101	0.0001	1.0000
PsFluSBW25_chrm01_circ_4959312	Pf_BP_2_D252_S26_L001-L004_merged	4	0.0201	0.0025	1.0000
PsFluSBW25_chrm01_circ_4959312	Pf_BP_2_D279_S59_L001-L004_merged	4	0.0425	0.0065	1.0000
PsFluSBW25_chrm01_circ_4959312	Pf_BP_2_D28_S12_L001-L004_merged	4	0.0000	0.0000	1.0000
PsFluSBW25_chrm01_circ_4959312	Pf_BP_2_D310_S5_L001-L004_merged	4	0.1280	0.0069	1.0000
PsFluSBW25_chrm01_circ_4959312	Pf_BP_2_D336_S38_L001-L004_merged	4	0.1409	0.0081	1.0000
PsFluSBW25_chrm01_circ_4959312	Pf_BP_2_D364_S71_L001-L004_merged	4	0.1274	0.0083	1.0000
PsFluSBW25_chrm01_circ_4959312	Pf_BP_2_D392_S101_L001-L004_merged	4	0.0650	0.0062	1.0000
PsFluSBW25_chrm01_circ_4959312	Pf_BP_2_D420_S50_L001-L004_merged	4	0.1161	0.0072	1.0000
PsFluSBW25_chrm01_circ_4959312	Pf_BP_2_D448_S83_L001-L004_merged	4	0.0952	0.0073	1.0000
PsFluSBW25_chrm01_circ_4959312	Pf_BP_2_D476_S62_L001-L004_merged	4	0.1259	0.0079	1.0000
PsFluSBW25_chrm01_circ_4959312	Pf_BP_2_D504_S161_L001-L004_merged	4	0.1071	0.0078	1.0000
PsFluSBW25_chrm01_circ_4959312	Pf_BP_2_D532_S126_L001-L004_merged	4	0.0987	0.0078	1.0000
PsFluSBW25_chrm01_circ_4959312	Pf_BP_2_D56_S56_L001-L004_merged	4	0.0000	0.0005	1.0000
PsFluSBW25_chrm01_circ_4959312	Pf_BP_2_D588_S86_L001-L004_merged	4	0.0991	0.0086	1.0000
PsFluSBW25_chrm01_circ_4959312	Pf_BP_2_D623_S104_L001-L004_merged	4	0.0342	0.0052	1.0000
PsFluSBW25_chrm01_circ_4959312	Pf_BP_2_D644_S152_L001-L004_merged	4	0.0992	0.0077	1.0000
PsFluSBW25_chrm01_circ_4959312	Pf_BP_2_D700_S177_L001-L004_merged	4	0.0549	0.0060	1.0000
PsFluSBW25_chrm01_circ_4959312	Pf_BP_2_D728_S118_L001-L004_merged	4	0.1473	0.0090	1.0000
PsFluSBW25_chrm01_circ_4959312	Pf_BP_2_D756_S154_L001-L004_merged	4	0.0929	0.0078	1.0000
PsFluSBW25_chrm01_circ_4959312	Pf_BP_2_D784_S95_L001-L004_merged	4	0.0542	0.0059	1.0000
PsFluSBW25_chrm01_circ_4959312	Pf_BP_2_D84_S2_L001-L004_merged	4	0.0000	0.0006	1.0000
PsFluSBW25_chrm01_circ_5059113	PS_Pf_r02_2017_01_09_L001	4	0.1439	0.0045	1.0000
PsFluSBW25_chrm01_circ_5059113	Pf_BP_2_D112_S35_L001-L004_merged	4	0.0101	0.0002	1.0000
PsFluSBW25_chrm01_circ_5059113	Pf_BP_2_D140_S68_L001-L004_merged	4	0.0000	0.0003	1.0000
PsFluSBW25_chrm01_circ_5059113	Pf_BP_2_D168_S14_L001-L004_merged	4	0.0101	0.0003	1.0000
PsFluSBW25_chrm01_circ_5059113	Pf_BP_2_D196_S47_L001-L004_merged	4	0.0101	0.0003	1.0000
PsFluSBW25_chrm01_circ_5059113	Pf_BP_2_D224_S80_L001-L004_merged	4	0.0101	0.0001	1.0000
PsFluSBW25_chrm01_circ_5059113	Pf_BP_2_D252_S26_L001-L004_merged	4	0.0201	0.0025	1.0000
PsFluSBW25_chrm01_circ_5059113	Pf_BP_2_D279_S59_L001-L004_merged	4	0.0425	0.0065	1.0000
PsFluSBW25_chrm01_circ_5059113	Pf_BP_2_D28_S12_L001-L004_merged	4	0.0000	0.0000	1.0000
PsFluSBW25_chrm01_circ_5059113	Pf_BP_2_D310_S5_L001-L004_merged	4	0.1280	0.0069	1.0000
PsFluSBW25_chrm01_circ_5059113	Pf_BP_2_D336_S38_L001-L004_merged	4	0.1409	0.0081	1.0000
PsFluSBW25_chrm01_circ_5059113	Pf_BP_2_D364_S71_L001-L004_merged	4	0.1274	0.0083	1.0000
PsFluSBW25_chrm01_circ_5059113	Pf_BP_2_D392_S101_L001-L004_merged	4	0.0650	0.0062	1.0000
PsFluSBW25_chrm01_circ_5059113	Pf_BP_2_D420_S50_L001-L004_merged	4	0.1161	0.0072	1.0000
PsFluSBW25_chrm01_circ_5059113	Pf_BP_2_D448_S83_L001-L004_merged	4	0.0952	0.0073	1.0000
PsFluSBW25_chrm01_circ_5059113	Pf_BP_2_D476_S62_L001-L004_merged	4	0.1259	0.0079	1.0000
PsFluSBW25_chrm01_circ_5059113	Pf_BP_2_D504_S161_L001-L004_merged	4	0.1071	0.0078	1.0000
PsFluSBW25_chrm01_circ_5059113	Pf_BP_2_D532_S126_L001-L004_merged	4	0.0987	0.0078	1.0000
PsFluSBW25_chrm01_circ_5059113	Pf_BP_2_D56_S56_L001-L004_merged	4	0.0000	0.0005	1.0000
PsFluSBW25_chrm01_circ_5059113	Pf_BP_2_D588_S86_L001-L004_merged	4	0.0991	0.0086	1.0000
PsFluSBW25_chrm01_circ_5059113	Pf_BP_2_D623_S104_L001-L004_merged	4	0.0342	0.0052	1.0000
PsFluSBW25_chrm01_circ_5059113	Pf_BP_2_D644_S152_L001-L004_merged	4	0.0992	0.0077	1.0000
PsFluSBW25_chrm01_circ_5059113	Pf_BP_2_D700_S177_L001-L004_merged	4	0.0549	0.0060	1.0000
PsFluSBW25_chrm01_circ_5059113	Pf_BP_2_D728_S118_L001-L004_merged	4	0.1473	0.0090	1.0000
PsFluSBW25_chrm01_circ_5059113	Pf_BP_2_D756_S154_L001-L004_merged	4	0.0929	0.0078	1.0000
PsFluSBW25_chrm01_circ_5059113	Pf_BP_2_D784_S95_L001-L004_merged	4	0.0542	0.0059	1.0000
PsFluSBW25_chrm01_circ_5059113	Pf_BP_2_D84_S2_L001-L004_merged	4	0.0000	0.0006	1.0000
PsFluSBW25_chrm01_circ_5223938	PS_Pf_r02_2017_01_09_L001	4	0.1439	0.0045	1.0000
PsFluSBW25_chrm01_circ_5223938	Pf_BP_2_D112_S35_L001-L004_merged	4	0.0101	0.0002	1.0000
PsFluSBW25_chrm01_circ_5223938	Pf_BP_2_D140_S68_L001-L004_merged	4	0.0000	0.0003	1.0000
PsFluSBW25_chrm01_circ_5223938	Pf_BP_2_D168_S14_L001-L004_merged	4	0.0101	0.0003	1.0000
PsFluSBW25_chrm01_circ_5223938	Pf_BP_2_D196_S47_L001-L004_merged	4	0.0101	0.0003	1.0000
PsFluSBW25_chrm01_circ_5223938	Pf_BP_2_D224_S80_L001-L004_merged	4	0.0101	0.0001	1.0000
PsFluSBW25_chrm01_circ_5223938	Pf_BP_2_D252_S26_L001-L004_merged	4	0.0201	0.0025	1.0000
PsFluSBW25_chrm01_circ_5223938	Pf_BP_2_D279_S59_L001-L004_merged	4	0.0425	0.0065	1.0000
PsFluSBW25_chrm01_circ_5223938	Pf_BP_2_D28_S12_L001-L004_merged	4	0.0000	0.0000	1.0000
PsFluSBW25_chrm01_circ_5223938	Pf_BP_2_D310_S5_L001-L004_merged	4	0.1280	0.0069	1.0000
PsFluSBW25_chrm01_circ_5223938	Pf_BP_2_D336_S38_L001-L004_merged	4	0.1409	0.0081	1.0000
PsFluSBW25_chrm01_circ_5223938	Pf_BP_2_D364_S71_L001-L004_merged	4	0.1274	0.0083	1.0000
PsFluSBW25_chrm01_circ_5223938	Pf_BP_2_D392_S101_L001-L004_merged	4	0.0650	0.0062	1.0000
PsFluSBW25_chrm01_circ_5223938	Pf_BP_2_D420_S50_L001-L004_merged	4	0.1161	0.0072	1.0000
PsFluSBW25_chrm01_circ_5223938	Pf_BP_2_D448_S83_L001-L004_merged	4	0.0952	0.0073	1.0000
PsFluSBW25_chrm01_circ_5223938	Pf_BP_2_D476_S62_L001-L004_merged	4	0.1259	0.0079	1.0000
PsFluSBW25_chrm01_circ_5223938	Pf_BP_2_D504_S161_L001-L004_merged	4	0.1071	0.0078	1.0000
PsFluSBW25_chrm01_circ_5223938	Pf_BP_2_D532_S126_L001-L004_merged	4	0.0987	0.0078	1.0000
PsFluSBW25_chrm01_circ_5223938	Pf_BP_2_D56_S56_L001-L004_merged	4	0.0000	0.0005	1.0000
PsFluSBW25_chrm01_circ_5223938	Pf_BP_2_D588_S86_L001-L004_merged	4	0.0991	0.0086	1.0000
PsFluSBW25_chrm01_circ_5223938	Pf_BP_2_D623_S104_L001-L004_merged	4	0.0342	0.0052	1.0000
PsFluSBW25_chrm01_circ_5223938	Pf_BP_2_D644_S152_L001-L004_merged	4	0.0992	0.0077	1.0000
PsFluSBW25_chrm01_circ_5223938	Pf_BP_2_D700_S177_L001-L004_merged	4	0.0549	0.0060	1.0000
PsFluSBW25_chrm01_circ_5223938	Pf_BP_2_D728_S118_L001-L004_merged	4	0.1473	0.0090	1.0000
PsFluSBW25_chrm01_circ_5223938	Pf_BP_2_D756_S154_L001-L004_merged	4	0.0929	0.0078	1.0000
PsFluSBW25_chrm01_circ_5223938	Pf_BP_2_D784_S95_L001-L004_merged	4	0.0542	0.0059	1.0000
PsFluSBW25_chrm01_circ_5223938	Pf_BP_2_D84_S2_L001-L004_merged	4	0.0000	0.0006	1.0000
PsFluSBW25_chrm01_circ_5281498	PS_Pf_r02_2017_01_09_L001	4	0.1439	0.0045	1.0000
PsFluSBW25_chrm01_circ_5281498	Pf_BP_2_D112_S35_L001-L004_merged	4	0.0101	0.0002	1.0000
PsFluSBW25_chrm01_circ_5281498	Pf_BP_2_D140_S68_L001-L004_merged	4	0.0000	0.0003	1.0000
PsFluSBW25_chrm01_circ_5281498	Pf_BP_2_D168_S14_L001-L004_merged	4	0.0101	0.0003	1.0000
PsFluSBW25_chrm01_circ_5281498	Pf_BP_2_D196_S47_L001-L004_merged	4	0.0101	0.0003	1.0000
PsFluSBW25_chrm01_circ_5281498	Pf_BP_2_D224_S80_L001-L004_merged	4	0.0101	0.0001	1.0000
PsFluSBW25_chrm01_circ_5281498	Pf_BP_2_D252_S26_L001-L004_merged	4	0.0201	0.0025	1.0000
PsFluSBW25_chrm01_circ_5281498	Pf_BP_2_D279_S59_L001-L004_merged	4	0.0425	0.0065	1.0000
PsFluSBW25_chrm01_circ_5281498	Pf_BP_2_D28_S12_L001-L004_merged	4	0.0000	0.0000	1.0000
PsFluSBW25_chrm01_circ_5281498	Pf_BP_2_D310_S5_L001-L004_merged	4	0.1280	0.0069	1.0000
PsFluSBW25_chrm01_circ_5281498	Pf_BP_2_D336_S38_L001-L004_merged	4	0.1409	0.0081	1.0000
PsFluSBW25_chrm01_circ_5281498	Pf_BP_2_D364_S71_L001-L004_merged	4	0.1274	0.0083	1.0000
PsFluSBW25_chrm01_circ_5281498	Pf_BP_2_D392_S101_L001-L004_merged	4	0.0650	0.0062	1.0000
PsFluSBW25_chrm01_circ_5281498	Pf_BP_2_D420_S50_L001-L004_merged	4	0.1161	0.0072	1.0000
PsFluSBW25_chrm01_circ_5281498	Pf_BP_2_D448_S83_L001-L004_merged	4	0.0952	0.0073	1.0000
PsFluSBW25_chrm01_circ_5281498	Pf_BP_2_D476_S62_L001-L004_merged	4	0.1259	0.0079	1.0000
PsFluSBW25_chrm01_circ_5281498	Pf_BP_2_D504_S161_L001-L004_merged	4	0.1071	0.0078	1.0000
PsFluSBW25_chrm01_circ_5281498	Pf_BP_2_D532_S126_L001-L004_merged	4	0.0987	0.0078	1.0000
PsFluSBW25_chrm01_circ_5281498	Pf_BP_2_D56_S56_L001-L004_merged	4	0.0000	0.0005	1.0000
PsFluSBW25_chrm01_circ_5281498	Pf_BP_2_D588_S86_L001-L004_merged	4	0.0991	0.0086	1.0000
PsFluSBW25_chrm01_circ_5281498	Pf_BP_2_D623_S104_L001-L004_merged	4	0.0342	0.0052	1.0000
PsFluSBW25_chrm01_circ_5281498	Pf_BP_2_D644_S152_L001-L004_merged	4	0.0992	0.0077	1.0000
PsFluSBW25_chrm01_circ_5281498	Pf_BP_2_D700_S177_L001-L004_merged	4	0.0549	0.0060	1.0000
PsFluSBW25_chrm01_circ_5281498	Pf_BP_2_D728_S118_L001-L004_merged	4	0.1473	0.0090	1.0000
PsFluSBW25_chrm01_circ_5281498	Pf_BP_2_D756_S154_L001-L004_merged	4	0.0929	0.0078	1.0000
PsFluSBW25_chrm01_circ_5281498	Pf_BP_2_D784_S95_L001-L004_merged	4	0.0542	0.0059	1.0000
PsFluSBW25_chrm01_circ_5281498	Pf_BP_2_D84_S2_L001-L004_merged	4	0.0000	0.0006	1.0000
PsFluSBW25_chrm01_circ_5529454	PS_Pf_r02_2017_01_09_L001	4	0.1439	0.0045	1.0000
PsFluSBW25_chrm01_circ_5529454	Pf_BP_2_D112_S35_L001-L004_merged	4	0.0101	0.0002	1.0000
PsFluSBW25_chrm01_circ_5529454	Pf_BP_2_D140_S68_L001-L004_merged	4	0.0000	0.0003	1.0000
PsFluSBW25_chrm01_circ_5529454	Pf_BP_2_D168_S14_L001-L004_merged	4	0.0101	0.0003	1.0000
PsFluSBW25_chrm01_circ_5529454	Pf_BP_2_D196_S47_L001-L004_merged	4	0.0101	0.0003	1.0000
PsFluSBW25_chrm01_circ_5529454	Pf_BP_2_D224_S80_L001-L004_merged	4	0.0101	0.0001	1.0000
PsFluSBW25_chrm01_circ_5529454	Pf_BP_2_D252_S26_L001-L004_merged	4	0.0201	0.0025	1.0000
PsFluSBW25_chrm01_circ_5529454	Pf_BP_2_D279_S59_L001-L004_merged	4	0.0425	0.0065	1.0000
PsFluSBW25_chrm01_circ_5529454	Pf_BP_2_D28_S12_L001-L004_merged	4	0.0000	0.0000	1.0000
PsFluSBW25_chrm01_circ_5529454	Pf_BP_2_D310_S5_L001-L004_merged	4	0.1280	0.0069	1.0000
PsFluSBW25_chrm01_circ_5529454	Pf_BP_2_D336_S38_L001-L004_merged	4	0.1409	0.0081	1.0000
PsFluSBW25_chrm01_circ_5529454	Pf_BP_2_D364_S71_L001-L004_merged	4	0.1274	0.0083	1.0000
PsFluSBW25_chrm01_circ_5529454	Pf_BP_2_D392_S101_L001-L004_merged	4	0.0650	0.0062	1.0000
PsFluSBW25_chrm01_circ_5529454	Pf_BP_2_D420_S50_L001-L004_merged	4	0.1161	0.0072	1.0000
PsFluSBW25_chrm01_circ_5529454	Pf_BP_2_D448_S83_L001-L004_merged	4	0.0952	0.0073	1.0000
PsFluSBW25_chrm01_circ_5529454	Pf_BP_2_D476_S62_L001-L004_merged	4	0.1259	0.0079	1.0000
PsFluSBW25_chrm01_circ_5529454	Pf_BP_2_D504_S161_L001-L004_merged	4	0.1071	0.0078	1.0000
PsFluSBW25_chrm01_circ_5529454	Pf_BP_2_D532_S126_L001-L004_merged	4	0.0987	0.0078	1.0000
PsFluSBW25_chrm01_circ_5529454	Pf_BP_2_D56_S56_L001-L004_merged	4	0.0000	0.0005	1.0000
PsFluSBW25_chrm01_circ_5529454	Pf_BP_2_D588_S86_L001-L004_merged	4	0.0991	0.0086	1.0000
PsFluSBW25_chrm01_circ_5529454	Pf_BP_2_D623_S104_L001-L004_merged	4	0.0342	0.0052	1.0000
PsFluSBW25_chrm01_circ_5529454	Pf_BP_2_D644_S152_L001-L004_merged	4	0.0992	0.0077	1.0000
PsFluSBW25_chrm01_circ_5529454	Pf_BP_2_D700_S177_L001-L004_merged	4	0.0549	0.0060	1.0000
PsFluSBW25_chrm01_circ_5529454	Pf_BP_2_D728_S118_L001-L004_merged	4	0.1473	0.0090	1.0000
PsFluSBW25_chrm01_circ_5529454	Pf_BP_2_D756_S154_L001-L004_merged	4	0.0929	0.0078	1.0000
PsFluSBW25_chrm01_circ_5529454	Pf_BP_2_D784_S95_L001-L004_merged	4	0.0542	0.0059	1.0000
PsFluSBW25_chrm01_circ_5529454	Pf_BP_2_D84_S2_L001-L004_merged	4	0.0000	0.0006	1.0000
PsFluSBW25_chrm01_circ_5686153	PS_Pf_r02_2017_01_09_L001	4	0.1439	0.0045	1.0000
PsFluSBW25_chrm01_circ_5686153	Pf_BP_2_D112_S35_L001-L004_merged	4	0.0101	0.0002	1.0000
PsFluSBW25_chrm01_circ_5686153	Pf_BP_2_D140_S68_L001-L004_merged	4	0.0000	0.0003	1.0000
PsFluSBW25_chrm01_circ_5686153	Pf_BP_2_D168_S14_L001-L004_merged	4	0.0101	0.0003	1.0000
PsFluSBW25_chrm01_circ_5686153	Pf_BP_2_D196_S47_L001-L004_merged	4	0.0101	0.0003	1.0000
PsFluSBW25_chrm01_circ_5686153	Pf_BP_2_D224_S80_L001-L004_merged	4	0.0101	0.0001	1.0000
PsFluSBW25_chrm01_circ_5686153	Pf_BP_2_D252_S26_L001-L004_merged	4	0.0201	0.0025	1.0000
PsFluSBW25_chrm01_circ_5686153	Pf_BP_2_D279_S59_L001-L004_merged	4	0.0425	0.0065	1.0000
PsFluSBW25_chrm01_circ_5686153	Pf_BP_2_D28_S12_L001-L004_merged	4	0.0000	0.0000	1.0000
PsFluSBW25_chrm01_circ_5686153	Pf_BP_2_D310_S5_L001-L004_merged	4	0.1280	0.0069	1.0000
PsFluSBW25_chrm01_circ_5686153	Pf_BP_2_D336_S38_L001-L004_merged	4	0.1409	0.0081	1.0000
PsFluSBW25_chrm01_circ_5686153	Pf_BP_2_D364_S71_L001-L004_merged	4	0.1274	0.0083	1.0000
PsFluSBW25_chrm01_circ_5686153	Pf_BP_2_D392_S101_L001-L004_merged	4	0.0650	0.0062	1.0000
PsFluSBW25_chrm01_circ_5686153	Pf_BP_2_D420_S50_L001-L004_merged	4	0.1161	0.0072	1.0000
PsFluSBW25_chrm01_circ_5686153	Pf_BP_2_D448_S83_L001-L004_merged	4	0.0952	0.0073	1.0000
PsFluSBW25_chrm01_circ_5686153	Pf_BP_2_D476_S62_L001-L004_merged	4	0.1259	0.0079	1.0000
PsFluSBW25_chrm01_circ_5686153	Pf_BP_2_D504_S161_L001-L004_merged	4	0.1071	0.0078	1.0000
PsFluSBW25_chrm01_circ_5686153	Pf_BP_2_D532_S126_L001-L004_merged	4	0.0987	0.0078	1.0000
PsFluSBW25_chrm01_circ_5686153	Pf_BP_2_D56_S56_L001-L004_merged	4	0.0000	0.0005	1.0000
PsFluSBW25_chrm01_circ_5686153	Pf_BP_2_D588_S86_L001-L004_merged	4	0.0991	0.0086	1.0000
PsFluSBW25_chrm01_circ_5686153	Pf_BP_2_D623_S104_L001-L004_merged	4	0.0342	0.0052	1.0000
PsFluSBW25_chrm01_circ_5686153	Pf_BP_2_D644_S152_L001-L004_merged	4	0.0992	0.0077	1.0000
PsFluSBW25_chrm01_circ_5686153	Pf_BP_2_D700_S177_L001-L004_merged	4	0.0549	0.0060	1.0000
PsFluSBW25_chrm01_circ_5686153	Pf_BP_2_D728_S118_L001-L004_merged	4	0.1473	0.0090	1.0000
PsFluSBW25_chrm01_circ_5686153	Pf_BP_2_D756_S154_L001-L004_merged	4	0.0929	0.0078	1.0000
PsFluSBW25_chrm01_circ_5686153	Pf_BP_2_D784_S95_L001-L004_merged	4	0.0542	0.0059	1.0000
PsFluSBW25_chrm01_circ_5686153	Pf_BP_2_D84_S2_L001-L004_merged	4	0.0000	0.0006	1.0000
PsFluSBW25_chrm01_circ_5724518	PS_Pf_r02_2017_01_09_L001	4	0.1439	0.0045	1.0000
PsFluSBW25_chrm01_circ_5724518	Pf_BP_2_D112_S35_L001-L004_merged	4	0.0101	0.0002	1.0000
PsFluSBW25_chrm01_circ_5724518	Pf_BP_2_D140_S68_L001-L004_merged	4	0.0000	0.0003	1.0000
PsFluSBW25_chrm01_circ_5724518	Pf_BP_2_D168_S14_L001-L004_merged	4	0.0101	0.0003	1.0000
PsFluSBW25_chrm01_circ_5724518	Pf_BP_2_D196_S47_L001-L004_merged	4	0.0101	0.0003	1.0000
PsFluSBW25_chrm01_circ_5724518	Pf_BP_2_D224_S80_L001-L004_merged	4	0.0101	0.0001	1.0000
PsFluSBW25_chrm01_circ_5724518	Pf_BP_2_D252_S26_L001-L004_merged	4	0.0201	0.0025	1.0000
PsFluSBW25_chrm01_circ_5724518	Pf_BP_2_D279_S59_L001-L004_merged	4	0.0425	0.0065	1.0000
PsFluSBW25_chrm01_circ_5724518	Pf_BP_2_D28_S12_L001-L004_merged	4	0.0000	0.0000	1.0000
PsFluSBW25_chrm01_circ_5724518	Pf_BP_2_D310_S5_L001-L004_merged	4	0.1280	0.0069	1.0000
PsFluSBW25_chrm01_circ_5724518	Pf_BP_2_D336_S38_L001-L004_merged	4	0.1409	0.0081	1.0000
PsFluSBW25_chrm01_circ_5724518	Pf_BP_2_D364_S71_L001-L004_merged	4	0.1274	0.0083	1.0000
PsFluSBW25_chrm01_circ_5724518	Pf_BP_2_D392_S101_L001-L004_merged	4	0.0650	0.0062	1.0000
PsFluSBW25_chrm01_circ_5724518	Pf_BP_2_D420_S50_L001-L004_merged	4	0.1161	0.0072	1.0000
PsFluSBW25_chrm01_circ_5724518	Pf_BP_2_D448_S83_L001-L004_merged	4	0.0952	0.0073	1.0000
PsFluSBW25_chrm01_circ_5724518	Pf_BP_2_D476_S62_L001-L004_merged	4	0.1259	0.0079	1.0000
PsFluSBW25_chrm01_circ_5724518	Pf_BP_2_D504_S161_L001-L004_merged	4	0.1071	0.0078	1.0000
PsFluSBW25_chrm01_circ_5724518	Pf_BP_2_D532_S126_L001-L004_merged	4	0.0987	0.0078	1.0000
PsFluSBW25_chrm01_circ_5724518	Pf_BP_2_D56_S56_L001-L004_merged	4	0.0000	0.0005	1.0000
PsFluSBW25_chrm01_circ_5724518	Pf_BP_2_D588_S86_L001-L004_merged	4	0.0991	0.0086	1.0000
PsFluSBW25_chrm01_circ_5724518	Pf_BP_2_D623_S104_L001-L004_merged	4	0.0342	0.0052	1.0000
PsFluSBW25_chrm01_circ_5724518	Pf_BP_2_D644_S152_L001-L004_merged	4	0.0992	0.0077	1.0000
PsFluSBW25_chrm01_circ_5724518	Pf_BP_2_D700_S177_L001-L004_merged	4	0.0549	0.0060	1.0000
PsFluSBW25_chrm01_circ_5724518	Pf_BP_2_D728_S118_L001-L004_merged	4	0.1473	0.0090	1.0000
PsFluSBW25_chrm01_circ_5724518	Pf_BP_2_D756_S154_L001-L004_merged	4	0.0929	0.0078	1.0000
PsFluSBW25_chrm01_circ_5724518	Pf_BP_2_D784_S95_L001-L004_merged	4	0.0542	0.0059	1.0000
PsFluSBW25_chrm01_circ_5724518	Pf_BP_2_D84_S2_L001-L004_merged	4	0.0000	0.0006	1.0000
PsFluSBW25_chrm01_circ_5880654	PS_Pf_r02_2017_01_09_L001	4	0.1439	0.0045	1.0000
PsFluSBW25_chrm01_circ_5880654	Pf_BP_2_D112_S35_L001-L004_merged	4	0.0101	0.0002	1.0000
PsFluSBW25_chrm01_circ_5880654	Pf_BP_2_D140_S68_L001-L004_merged	4	0.0000	0.0003	1.0000
PsFluSBW25_chrm01_circ_5880654	Pf_BP_2_D168_S14_L001-L004_merged	4	0.0101	0.0003	1.0000
PsFluSBW25_chrm01_circ_5880654	Pf_BP_2_D196_S47_L001-L004_merged	4	0.0101	0.0003	1.0000
PsFluSBW25_chrm01_circ_5880654	Pf_BP_2_D224_S80_L001-L004_merged	4	0.0101	0.0001	1.0000
PsFluSBW25_chrm01_circ_5880654	Pf_BP_2_D252_S26_L001-L004_merged	4	0.0201	0.0025	1.0000
PsFluSBW25_chrm01_circ_5880654	Pf_BP_2_D279_S59_L001-L004_merged	4	0.0425	0.0065	1.0000
PsFluSBW25_chrm01_circ_5880654	Pf_BP_2_D28_S12_L001-L004_merged	4	0.0000	0.0000	1.0000
PsFluSBW25_chrm01_circ_5880654	Pf_BP_2_D310_S5_L001-L004_merged	4	0.1280	0.0069	1.0000
PsFluSBW25_chrm01_circ_5880654	Pf_BP_2_D336_S38_L001-L004_merged	4	0.1409	0.0081	1.0000
PsFluSBW25_chrm01_circ_5880654	Pf_BP_2_D364_S71_L001-L004_merged	4	0.1274	0.0083	1.0000
PsFluSBW25_chrm01_circ_5880654	Pf_BP_2_D392_S101_L001-L004_merged	4	0.0650	0.0062	1.0000
PsFluSBW25_chrm01_circ_5880654	Pf_BP_2_D420_S50_L001-L004_merged	4	0.1161	0.0072	1.0000
PsFluSBW25_chrm01_circ_5880654	Pf_BP_2_D448_S83_L001-L004_merged	4	0.0952	0.0073	1.0000
PsFluSBW25_chrm01_circ_5880654	Pf_BP_2_D476_S62_L001-L004_merged	4	0.1259	0.0079	1.0000
PsFluSBW25_chrm01_circ_5880654	Pf_BP_2_D504_S161_L001-L004_merged	4	0.1071	0.0078	1.0000
PsFluSBW25_chrm01_circ_5880654	Pf_BP_2_D532_S126_L001-L004_merged	4	0.0987	0.0078	1.0000
PsFluSBW25_chrm01_circ_5880654	Pf_BP_2_D56_S56_L001-L004_merged	4	0.0000	0.0005	1.0000
PsFluSBW25_chrm01_circ_5880654	Pf_BP_2_D588_S86_L001-L004_merged	4	0.0991	0.0086	1.0000
PsFluSBW25_chrm01_circ_5880654	Pf_BP_2_D623_S104_L001-L004_merged	4	0.0342	0.0052	1.0000
PsFluSBW25_chrm01_circ_5880654	Pf_BP_2_D644_S152_L001-L004_merged	4	0.0992	0.0077	1.0000
PsFluSBW25_chrm01_circ_5880654	Pf_BP_2_D700_S177_L001-L004_merged	4	0.0549	0.0060	1.0000
PsFluSBW25_chrm01_circ_5880654	Pf_BP_2_D728_S118_L001-L004_merged	4	0.1473	0.0090	1.0000
PsFluSBW25_chrm01_circ_5880654	Pf_BP_2_D756_S154_L001-L004_merged	4	0.0929	0.0078	1.0000
PsFluSBW25_chrm01_circ_5880654	Pf_BP_2_D784_S95_L001-L004_merged	4	0.0542	0.0059	1.0000
PsFluSBW25_chrm01_circ_5880654	Pf_BP_2_D84_S2_L001-L004_merged	4	0.0000	0.0006	1.0000
PsFluSBW25_chrm01_circ_588122	PS_Pf_r02_2017_01_09_L001	4	0.1439	0.0045	1.0000
PsFluSBW25_chrm01_circ_588122	Pf_BP_2_D112_S35_L001-L004_merged	4	0.0101	0.0002	1.0000
PsFluSBW25_chrm01_circ_588122	Pf_BP_2_D140_S68_L001-L004_merged	4	0.0000	0.0003	1.0000
PsFluSBW25_chrm01_circ_588122	Pf_BP_2_D168_S14_L001-L004_merged	4	0.0101	0.0003	1.0000
PsFluSBW25_chrm01_circ_588122	Pf_BP_2_D196_S47_L001-L004_merged	4	0.0101	0.0003	1.0000
PsFluSBW25_chrm01_circ_588122	Pf_BP_2_D224_S80_L001-L004_merged	4	0.0101	0.0001	1.0000
PsFluSBW25_chrm01_circ_588122	Pf_BP_2_D252_S26_L001-L004_merged	4	0.0201	0.0025	1.0000
PsFluSBW25_chrm01_circ_588122	Pf_BP_2_D279_S59_L001-L004_merged	4	0.0425	0.0065	1.0000
PsFluSBW25_chrm01_circ_588122	Pf_BP_2_D28_S12_L001-L004_merged	4	0.0000	0.0000	1.0000
PsFluSBW25_chrm01_circ_588122	Pf_BP_2_D310_S5_L001-L004_merged	4	0.1280	0.0069	1.0000
PsFluSBW25_chrm01_circ_588122	Pf_BP_2_D336_S38_L001-L004_merged	4	0.1409	0.0081	1.0000
PsFluSBW25_chrm01_circ_588122	Pf_BP_2_D364_S71_L001-L004_merged	4	0.1274	0.0083	1.0000
PsFluSBW25_chrm01_circ_588122	Pf_BP_2_D392_S101_L001-L004_merged	4	0.0650	0.0062	1.0000
PsFluSBW25_chrm01_circ_588122	Pf_BP_2_D420_S50_L001-L004_merged	4	0.1161	0.0072	1.0000
PsFluSBW25_chrm01_circ_588122	Pf_BP_2_D448_S83_L001-L004_merged	4	0.0952	0.0073	1.0000
PsFluSBW25_chrm01_circ_588122	Pf_BP_2_D476_S62_L001-L004_merged	4	0.1259	0.0079	1.0000
PsFluSBW25_chrm01_circ_588122	Pf_BP_2_D504_S161_L001-L004_merged	4	0.1071	0.0078	1.0000
PsFluSBW25_chrm01_circ_588122	Pf_BP_2_D532_S126_L001-L004_merged	4	0.0987	0.0078	1.0000
PsFluSBW25_chrm01_circ_588122	Pf_BP_2_D56_S56_L001-L004_merged	4	0.0000	0.0005	1.0000
PsFluSBW25_chrm01_circ_588122	Pf_BP_2_D588_S86_L001-L004_merged	4	0.0991	0.0086	1.0000
PsFluSBW25_chrm01_circ_588122	Pf_BP_2_D623_S104_L001-L004_merged	4	0.0342	0.0052	1.0000
PsFluSBW25_chrm01_circ_588122	Pf_BP_2_D644_S152_L001-L004_merged	4	0.0992	0.0077	1.0000
PsFluSBW25_chrm01_circ_588122	Pf_BP_2_D700_S177_L001-L004_merged	4	0.0549	0.0060	1.0000
PsFluSBW25_chrm01_circ_588122	Pf_BP_2_D728_S118_L001-L004_merged	4	0.1473	0.0090	1.0000
PsFluSBW25_chrm01_circ_588122	Pf_BP_2_D756_S154_L001-L004_merged	4	0.0929	0.0078	1.0000
PsFluSBW25_chrm01_circ_588122	Pf_BP_2_D784_S95_L001-L004_merged	4	0.0542	0.0059	1.0000
PsFluSBW25_chrm01_circ_588122	Pf_BP_2_D84_S2_L001-L004_merged	4	0.0000	0.0006	1.0000
PsFluSBW25_chrm01_circ_5935339	PS_Pf_r02_2017_01_09_L001	4	0.1439	0.0045	1.0000
PsFluSBW25_chrm01_circ_5935339	Pf_BP_2_D112_S35_L001-L004_merged	4	0.0101	0.0002	1.0000
PsFluSBW25_chrm01_circ_5935339	Pf_BP_2_D140_S68_L001-L004_merged	4	0.0000	0.0003	1.0000
PsFluSBW25_chrm01_circ_5935339	Pf_BP_2_D168_S14_L001-L004_merged	4	0.0101	0.0003	1.0000
PsFluSBW25_chrm01_circ_5935339	Pf_BP_2_D196_S47_L001-L004_merged	4	0.0101	0.0003	1.0000
PsFluSBW25_chrm01_circ_5935339	Pf_BP_2_D224_S80_L001-L004_merged	4	0.0101	0.0001	1.0000
PsFluSBW25_chrm01_circ_5935339	Pf_BP_2_D252_S26_L001-L004_merged	4	0.0201	0.0025	1.0000
PsFluSBW25_chrm01_circ_5935339	Pf_BP_2_D279_S59_L001-L004_merged	4	0.0425	0.0065	1.0000
PsFluSBW25_chrm01_circ_5935339	Pf_BP_2_D28_S12_L001-L004_merged	4	0.0000	0.0000	1.0000
PsFluSBW25_chrm01_circ_5935339	Pf_BP_2_D310_S5_L001-L004_merged	4	0.1280	0.0069	1.0000
PsFluSBW25_chrm01_circ_5935339	Pf_BP_2_D336_S38_L001-L004_merged	4	0.1409	0.0081	1.0000
PsFluSBW25_chrm01_circ_5935339	Pf_BP_2_D364_S71_L001-L004_merged	4	0.1274	0.0083	1.0000
PsFluSBW25_chrm01_circ_5935339	Pf_BP_2_D392_S101_L001-L004_merged	4	0.0650	0.0062	1.0000
PsFluSBW25_chrm01_circ_5935339	Pf_BP_2_D420_S50_L001-L004_merged	4	0.1161	0.0072	1.0000
PsFluSBW25_chrm01_circ_5935339	Pf_BP_2_D448_S83_L001-L004_merged	4	0.0952	0.0073	1.0000
PsFluSBW25_chrm01_circ_5935339	Pf_BP_2_D476_S62_L001-L004_merged	4	0.1259	0.0079	1.0000
PsFluSBW25_chrm01_circ_5935339	Pf_BP_2_D504_S161_L001-L004_merged	4	0.1071	0.0078	1.0000
PsFluSBW25_chrm01_circ_5935339	Pf_BP_2_D532_S126_L001-L004_merged	4	0.0987	0.0078	1.0000
PsFluSBW25_chrm01_circ_5935339	Pf_BP_2_D56_S56_L001-L004_merged	4	0.0000	0.0005	1.0000
PsFluSBW25_chrm01_circ_5935339	Pf_BP_2_D588_S86_L001-L004_merged	4	0.0991	0.0086	1.0000
PsFluSBW25_chrm01_circ_5935339	Pf_BP_2_D623_S104_L001-L004_merged	4	0.0342	0.0052	1.0000
PsFluSBW25_chrm01_circ_5935339	Pf_BP_2_D644_S152_L001-L004_merged	4	0.0992	0.0077	1.0000
PsFluSBW25_chrm01_circ_5935339	Pf_BP_2_D700_S177_L001-L004_merged	4	0.0549	0.0060	1.0000
PsFluSBW25_chrm01_circ_5935339	Pf_BP_2_D728_S118_L001-L004_merged	4	0.1473	0.0090	1.0000
PsFluSBW25_chrm01_circ_5935339	Pf_BP_2_D756_S154_L001-L004_merged	4	0.0929	0.0078	1.0000
PsFluSBW25_chrm01_circ_5935339	Pf_BP_2_D784_S95_L001-L004_merged	4	0.0542	0.0059	1.0000
PsFluSBW25_chrm01_circ_5935339	Pf_BP_2_D84_S2_L001-L004_merged	4	0.0000	0.0006	1.0000
PsFluSBW25_chrm01_circ_6055640	PS_Pf_r02_2017_01_09_L001	4	0.1439	0.0045	1.0000
PsFluSBW25_chrm01_circ_6055640	Pf_BP_2_D112_S35_L001-L004_merged	4	0.0101	0.0002	1.0000
PsFluSBW25_chrm01_circ_6055640	Pf_BP_2_D140_S68_L001-L004_merged	4	0.0000	0.0003	1.0000
PsFluSBW25_chrm01_circ_6055640	Pf_BP_2_D168_S14_L001-L004_merged	4	0.0101	0.0003	1.0000
PsFluSBW25_chrm01_circ_6055640	Pf_BP_2_D196_S47_L001-L004_merged	4	0.0101	0.0003	1.0000
PsFluSBW25_chrm01_circ_6055640	Pf_BP_2_D224_S80_L001-L004_merged	4	0.0101	0.0001	1.0000
PsFluSBW25_chrm01_circ_6055640	Pf_BP_2_D252_S26_L001-L004_merged	4	0.0201	0.0025	1.0000
PsFluSBW25_chrm01_circ_6055640	Pf_BP_2_D279_S59_L001-L004_merged	4	0.0425	0.0065	1.0000
PsFluSBW25_chrm01_circ_6055640	Pf_BP_2_D28_S12_L001-L004_merged	4	0.0000	0.0000	1.0000
PsFluSBW25_chrm01_circ_6055640	Pf_BP_2_D310_S5_L001-L004_merged	4	0.1280	0.0069	1.0000
PsFluSBW25_chrm01_circ_6055640	Pf_BP_2_D336_S38_L001-L004_merged	4	0.1409	0.0081	1.0000
PsFluSBW25_chrm01_circ_6055640	Pf_BP_2_D364_S71_L001-L004_merged	4	0.1274	0.0083	1.0000
PsFluSBW25_chrm01_circ_6055640	Pf_BP_2_D392_S101_L001-L004_merged	4	0.0650	0.0062	1.0000
PsFluSBW25_chrm01_circ_6055640	Pf_BP_2_D420_S50_L001-L004_merged	4	0.1161	0.0072	1.0000
PsFluSBW25_chrm01_circ_6055640	Pf_BP_2_D448_S83_L001-L004_merged	4	0.0952	0.0073	1.0000
PsFluSBW25_chrm01_circ_6055640	Pf_BP_2_D476_S62_L001-L004_merged	4	0.1259	0.0079	1.0000
PsFluSBW25_chrm01_circ_6055640	Pf_BP_2_D504_S161_L001-L004_merged	4	0.1071	0.0078	1.0000
PsFluSBW25_chrm01_circ_6055640	Pf_BP_2_D532_S126_L001-L004_merged	4	0.0987	0.0078	1.0000
PsFluSBW25_chrm01_circ_6055640	Pf_BP_2_D56_S56_L001-L004_merged	4	0.0000	0.0005	1.0000
PsFluSBW25_chrm01_circ_6055640	Pf_BP_2_D588_S86_L001-L004_merged	4	0.0991	0.0086	1.0000
PsFluSBW25_chrm01_circ_6055640	Pf_BP_2_D623_S104_L001-L004_merged	4	0.0342	0.0052	1.0000
PsFluSBW25_chrm01_circ_6055640	Pf_BP_2_D644_S152_L001-L004_merged	4	0.0992	0.0077	1.0000
PsFluSBW25_chrm01_circ_6055640	Pf_BP_2_D700_S177_L001-L004_merged	4	0.0549	0.0060	1.0000
PsFluSBW25_chrm01_circ_6055640	Pf_BP_2_D728_S118_L001-L004_merged	4	0.1473	0.0090	1.0000
PsFluSBW25_chrm01_circ_6055640	Pf_BP_2_D756_S154_L001-L004_merged	4	0.0929	0.0078	1.0000
PsFluSBW25_chrm01_circ_6055640	Pf_BP_2_D784_S95_L001-L004_merged	4	0.0542	0.0059	1.0000
PsFluSBW25_chrm01_circ_6055640	Pf_BP_2_D84_S2_L001-L004_merged	4	0.0000	0.0006	1.0000
PsFluSBW25_chrm01_circ_6065768	PS_Pf_r02_2017_01_09_L001	4	0.1439	0.0045	1.0000
PsFluSBW25_chrm01_circ_6065768	Pf_BP_2_D112_S35_L001-L004_merged	4	0.0101	0.0002	1.0000
PsFluSBW25_chrm01_circ_6065768	Pf_BP_2_D140_S68_L001-L004_merged	4	0.0000	0.0003	1.0000
PsFluSBW25_chrm01_circ_6065768	Pf_BP_2_D168_S14_L001-L004_merged	4	0.0101	0.0003	1.0000
PsFluSBW25_chrm01_circ_6065768	Pf_BP_2_D196_S47_L001-L004_merged	4	0.0101	0.0003	1.0000
PsFluSBW25_chrm01_circ_6065768	Pf_BP_2_D224_S80_L001-L004_merged	4	0.0101	0.0001	1.0000
PsFluSBW25_chrm01_circ_6065768	Pf_BP_2_D252_S26_L001-L004_merged	4	0.0201	0.0025	1.0000
PsFluSBW25_chrm01_circ_6065768	Pf_BP_2_D279_S59_L001-L004_merged	4	0.0425	0.0065	1.0000
PsFluSBW25_chrm01_circ_6065768	Pf_BP_2_D28_S12_L001-L004_merged	4	0.0000	0.0000	1.0000
PsFluSBW25_chrm01_circ_6065768	Pf_BP_2_D310_S5_L001-L004_merged	4	0.1280	0.0069	1.0000
PsFluSBW25_chrm01_circ_6065768	Pf_BP_2_D336_S38_L001-L004_merged	4	0.1409	0.0081	1.0000
PsFluSBW25_chrm01_circ_6065768	Pf_BP_2_D364_S71_L001-L004_merged	4	0.1274	0.0083	1.0000
PsFluSBW25_chrm01_circ_6065768	Pf_BP_2_D392_S101_L001-L004_merged	4	0.0650	0.0062	1.0000
PsFluSBW25_chrm01_circ_6065768	Pf_BP_2_D420_S50_L001-L004_merged	4	0.1161	0.0072	1.0000
PsFluSBW25_chrm01_circ_6065768	Pf_BP_2_D448_S83_L001-L004_merged	4	0.0952	0.0073	1.0000
PsFluSBW25_chrm01_circ_6065768	Pf_BP_2_D476_S62_L001-L004_merged	4	0.1259	0.0079	1.0000
PsFluSBW25_chrm01_circ_6065768	Pf_BP_2_D504_S161_L001-L004_merged	4	0.1071	0.0078	1.0000
PsFluSBW25_chrm01_circ_6065768	Pf_BP_2_D532_S126_L001-L004_merged	4	0.0987	0.0078	1.0000
PsFluSBW25_chrm01_circ_6065768	Pf_BP_2_D56_S56_L001-L004_merged	4	0.0000	0.0005	1.0000
PsFluSBW25_chrm01_circ_6065768	Pf_BP_2_D588_S86_L001-L004_merged	4	0.0991	0.0086	1.0000
PsFluSBW25_chrm01_circ_6065768	Pf_BP_2_D623_S104_L001-L004_merged	4	0.0342	0.0052	1.0000
PsFluSBW25_chrm01_circ_6065768	Pf_BP_2_D644_S152_L001-L004_merged	4	0.0992	0.0077	1.0000
PsFluSBW25_chrm01_circ_6065768	Pf_BP_2_D700_S177_L001-L004_merged	4	0.0549	0.0060	1.0000
PsFluSBW25_chrm01_circ_6065768	Pf_BP_2_D728_S118_L001-L004_merged	4	0.1473	0.0090	1.0000
PsFluSBW25_chrm01_circ_6065768	Pf_BP_2_D756_S154_L001-L004_merged	4	0.0929	0.0078	1.0000
PsFluSBW25_chrm01_circ_6065768	Pf_BP_2_D784_S95_L001-L004_merged	4	0.0542	0.0059	1.0000
PsFluSBW25_chrm01_circ_6065768	Pf_BP_2_D84_S2_L001-L004_merged	4	0.0000	0.0006	1.0000
PsFluSBW25_chrm01_circ_6305033	PS_Pf_r02_2017_01_09_L001	4	0.1439	0.0045	1.0000
PsFluSBW25_chrm01_circ_6305033	Pf_BP_2_D112_S35_L001-L004_merged	4	0.0101	0.0002	1.0000
PsFluSBW25_chrm01_circ_6305033	Pf_BP_2_D140_S68_L001-L004_merged	4	0.0000	0.0003	1.0000
PsFluSBW25_chrm01_circ_6305033	Pf_BP_2_D168_S14_L001-L004_merged	4	0.0101	0.0003	1.0000
PsFluSBW25_chrm01_circ_6305033	Pf_BP_2_D196_S47_L001-L004_merged	4	0.0101	0.0003	1.0000
PsFluSBW25_chrm01_circ_6305033	Pf_BP_2_D224_S80_L001-L004_merged	4	0.0101	0.0001	1.0000
PsFluSBW25_chrm01_circ_6305033	Pf_BP_2_D252_S26_L001-L004_merged	4	0.0201	0.0025	1.0000
PsFluSBW25_chrm01_circ_6305033	Pf_BP_2_D279_S59_L001-L004_merged	4	0.0425	0.0065	1.0000
PsFluSBW25_chrm01_circ_6305033	Pf_BP_2_D28_S12_L001-L004_merged	4	0.0000	0.0000	1.0000
PsFluSBW25_chrm01_circ_6305033	Pf_BP_2_D310_S5_L001-L004_merged	4	0.1280	0.0069	1.0000
PsFluSBW25_chrm01_circ_6305033	Pf_BP_2_D336_S38_L001-L004_merged	4	0.1409	0.0081	1.0000
PsFluSBW25_chrm01_circ_6305033	Pf_BP_2_D364_S71_L001-L004_merged	4	0.1274	0.0083	1.0000
PsFluSBW25_chrm01_circ_6305033	Pf_BP_2_D392_S101_L001-L004_merged	4	0.0650	0.0062	1.0000
PsFluSBW25_chrm01_circ_6305033	Pf_BP_2_D420_S50_L001-L004_merged	4	0.1161	0.0072	1.0000
PsFluSBW25_chrm01_circ_6305033	Pf_BP_2_D448_S83_L001-L004_merged	4	0.0952	0.0073	1.0000
PsFluSBW25_chrm01_circ_6305033	Pf_BP_2_D476_S62_L001-L004_merged	4	0.1259	0.0079	1.0000
PsFluSBW25_chrm01_circ_6305033	Pf_BP_2_D504_S161_L001-L004_merged	4	0.1071	0.0078	1.0000
PsFluSBW25_chrm01_circ_6305033	Pf_BP_2_D532_S126_L001-L004_merged	4	0.0987	0.0078	1.0000
PsFluSBW25_chrm01_circ_6305033	Pf_BP_2_D56_S56_L001-L004_merged	4	0.0000	0.0005	1.0000
PsFluSBW25_chrm01_circ_6305033	Pf_BP_2_D588_S86_L001-L004_merged	4	0.0991	0.0086	1.0000
PsFluSBW25_chrm01_circ_6305033	Pf_BP_2_D623_S104_L001-L004_merged	4	0.0342	0.0052	1.0000
PsFluSBW25_chrm01_circ_6305033	Pf_BP_2_D644_S152_L001-L004_merged	4	0.0992	0.0077	1.0000
PsFluSBW25_chrm01_circ_6305033	Pf_BP_2_D700_S177_L001-L004_merged	4	0.0549	0.0060	1.0000
PsFluSBW25_chrm01_circ_6305033	Pf_BP_2_D728_S118_L001-L004_merged	4	0.1473	0.0090	1.0000
PsFluSBW25_chrm01_circ_6305033	Pf_BP_2_D756_S154_L001-L004_merged	4	0.0929	0.0078	1.0000
PsFluSBW25_chrm01_circ_6305033	Pf_BP_2_D784_S95_L001-L004_merged	4	0.0542	0.0059	1.0000
PsFluSBW25_chrm01_circ_6305033	Pf_BP_2_D84_S2_L001-L004_merged	4	0.0000	0.0006	1.0000
PsFluSBW25_chrm01_circ_6517096	PS_Pf_r02_2017_01_09_L001	4	0.1439	0.0045	1.0000
PsFluSBW25_chrm01_circ_6517096	Pf_BP_2_D112_S35_L001-L004_merged	4	0.0101	0.0002	1.0000
PsFluSBW25_chrm01_circ_6517096	Pf_BP_2_D140_S68_L001-L004_merged	4	0.0000	0.0003	1.0000
PsFluSBW25_chrm01_circ_6517096	Pf_BP_2_D168_S14_L001-L004_merged	4	0.0101	0.0003	1.0000
PsFluSBW25_chrm01_circ_6517096	Pf_BP_2_D196_S47_L001-L004_merged	4	0.0101	0.0003	1.0000
PsFluSBW25_chrm01_circ_6517096	Pf_BP_2_D224_S80_L001-L004_merged	4	0.0101	0.0001	1.0000
PsFluSBW25_chrm01_circ_6517096	Pf_BP_2_D252_S26_L001-L004_merged	4	0.0201	0.0025	1.0000
PsFluSBW25_chrm01_circ_6517096	Pf_BP_2_D279_S59_L001-L004_merged	4	0.0425	0.0065	1.0000
PsFluSBW25_chrm01_circ_6517096	Pf_BP_2_D28_S12_L001-L004_merged	4	0.0000	0.0000	1.0000
PsFluSBW25_chrm01_circ_6517096	Pf_BP_2_D310_S5_L001-L004_merged	4	0.1280	0.0069	1.0000
PsFluSBW25_chrm01_circ_6517096	Pf_BP_2_D336_S38_L001-L004_merged	4	0.1409	0.0081	1.0000
PsFluSBW25_chrm01_circ_6517096	Pf_BP_2_D364_S71_L001-L004_merged	4	0.1274	0.0083	1.0000
PsFluSBW25_chrm01_circ_6517096	Pf_BP_2_D392_S101_L001-L004_merged	4	0.0650	0.0062	1.0000
PsFluSBW25_chrm01_circ_6517096	Pf_BP_2_D420_S50_L001-L004_merged	4	0.1161	0.0072	1.0000
PsFluSBW25_chrm01_circ_6517096	Pf_BP_2_D448_S83_L001-L004_merged	4	0.0952	0.0073	1.0000
PsFluSBW25_chrm01_circ_6517096	Pf_BP_2_D476_S62_L001-L004_merged	4	0.1259	0.0079	1.0000
PsFluSBW25_chrm01_circ_6517096	Pf_BP_2_D504_S161_L001-L004_merged	4	0.1071	0.0078	1.0000
PsFluSBW25_chrm01_circ_6517096	Pf_BP_2_D532_S126_L001-L004_merged	4	0.0987	0.0078	1.0000
PsFluSBW25_chrm01_circ_6517096	Pf_BP_2_D56_S56_L001-L004_merged	4	0.0000	0.0005	1.0000
PsFluSBW25_chrm01_circ_6517096	Pf_BP_2_D588_S86_L001-L004_merged	4	0.0991	0.0086	1.0000
PsFluSBW25_chrm01_circ_6517096	Pf_BP_2_D623_S104_L001-L004_merged	4	0.0342	0.0052	1.0000
PsFluSBW25_chrm01_circ_6517096	Pf_BP_2_D644_S152_L001-L004_merged	4	0.0992	0.0077	1.0000
PsFluSBW25_chrm01_circ_6517096	Pf_BP_2_D700_S177_L001-L004_merged	4	0.0549	0.0060	1.0000
PsFluSBW25_chrm01_circ_6517096	Pf_BP_2_D728_S118_L001-L004_merged	4	0.1473	0.0090	1.0000
PsFluSBW25_chrm01_circ_6517096	Pf_BP_2_D756_S154_L001-L004_merged	4	0.0929	0.0078	1.0000
PsFluSBW25_chrm01_circ_6517096	Pf_BP_2_D784_S95_L001-L004_merged	4	0.0542	0.0059	1.0000
PsFluSBW25_chrm01_circ_6517096	Pf_BP_2_D84_S2_L001-L004_merged	4	0.0000	0.0006	1.0000
PsFluSBW25_chrm01_circ_667725	PS_Pf_r02_2017_01_09_L001	4	0.1439	0.0045	1.0000
PsFluSBW25_chrm01_circ_667725	Pf_BP_2_D112_S35_L001-L004_merged	4	0.0101	0.0002	1.0000
PsFluSBW25_chrm01_circ_667725	Pf_BP_2_D140_S68_L001-L004_merged	4	0.0000	0.0003	1.0000
PsFluSBW25_chrm01_circ_667725	Pf_BP_2_D168_S14_L001-L004_merged	4	0.0101	0.0003	1.0000
PsFluSBW25_chrm01_circ_667725	Pf_BP_2_D196_S47_L001-L004_merged	4	0.0101	0.0003	1.0000
PsFluSBW25_chrm01_circ_667725	Pf_BP_2_D224_S80_L001-L004_merged	4	0.0101	0.0001	1.0000
PsFluSBW25_chrm01_circ_667725	Pf_BP_2_D252_S26_L001-L004_merged	4	0.0201	0.0025	1.0000
PsFluSBW25_chrm01_circ_667725	Pf_BP_2_D279_S59_L001-L004_merged	4	0.0425	0.0065	1.0000
PsFluSBW25_chrm01_circ_667725	Pf_BP_2_D28_S12_L001-L004_merged	4	0.0000	0.0000	1.0000
PsFluSBW25_chrm01_circ_667725	Pf_BP_2_D310_S5_L001-L004_merged	4	0.1280	0.0069	1.0000
PsFluSBW25_chrm01_circ_667725	Pf_BP_2_D336_S38_L001-L004_merged	4	0.1409	0.0081	1.0000
PsFluSBW25_chrm01_circ_667725	Pf_BP_2_D364_S71_L001-L004_merged	4	0.1274	0.0083	1.0000
PsFluSBW25_chrm01_circ_667725	Pf_BP_2_D392_S101_L001-L004_merged	4	0.0650	0.0062	1.0000
PsFluSBW25_chrm01_circ_667725	Pf_BP_2_D420_S50_L001-L004_merged	4	0.1161	0.0072	1.0000
PsFluSBW25_chrm01_circ_667725	Pf_BP_2_D448_S83_L001-L004_merged	4	0.0952	0.0073	1.0000
PsFluSBW25_chrm01_circ_667725	Pf_BP_2_D476_S62_L001-L004_merged	4	0.1259	0.0079	1.0000
PsFluSBW25_chrm01_circ_667725	Pf_BP_2_D504_S161_L001-L004_merged	4	0.1071	0.0078	1.0000
PsFluSBW25_chrm01_circ_667725	Pf_BP_2_D532_S126_L001-L004_merged	4	0.0987	0.0078	1.0000
PsFluSBW25_chrm01_circ_667725	Pf_BP_2_D56_S56_L001-L004_merged	4	0.0000	0.0005	1.0000
PsFluSBW25_chrm01_circ_667725	Pf_BP_2_D588_S86_L001-L004_merged	4	0.0991	0.0086	1.0000
PsFluSBW25_chrm01_circ_667725	Pf_BP_2_D623_S104_L001-L004_merged	4	0.0342	0.0052	1.0000
PsFluSBW25_chrm01_circ_667725	Pf_BP_2_D644_S152_L001-L004_merged	4	0.0992	0.0077	1.0000
PsFluSBW25_chrm01_circ_667725	Pf_BP_2_D700_S177_L001-L004_merged	4	0.0549	0.0060	1.0000
PsFluSBW25_chrm01_circ_667725	Pf_BP_2_D728_S118_L001-L004_merged	4	0.1473	0.0090	1.0000
PsFluSBW25_chrm01_circ_667725	Pf_BP_2_D756_S154_L001-L004_merged	4	0.0929	0.0078	1.0000
PsFluSBW25_chrm01_circ_667725	Pf_BP_2_D784_S95_L001-L004_merged	4	0.0542	0.0059	1.0000
PsFluSBW25_chrm01_circ_667725	Pf_BP_2_D84_S2_L001-L004_merged	4	0.0000	0.0006	1.0000
PsFluSBW25_chrm01_circ_6688781	PS_Pf_r02_2017_01_09_L001	4	0.1439	0.0045	1.0000
PsFluSBW25_chrm01_circ_6688781	Pf_BP_2_D112_S35_L001-L004_merged	4	0.0101	0.0002	1.0000
PsFluSBW25_chrm01_circ_6688781	Pf_BP_2_D140_S68_L001-L004_merged	4	0.0000	0.0003	1.0000
PsFluSBW25_chrm01_circ_6688781	Pf_BP_2_D168_S14_L001-L004_merged	4	0.0101	0.0003	1.0000
PsFluSBW25_chrm01_circ_6688781	Pf_BP_2_D196_S47_L001-L004_merged	4	0.0101	0.0003	1.0000
PsFluSBW25_chrm01_circ_6688781	Pf_BP_2_D224_S80_L001-L004_merged	4	0.0101	0.0001	1.0000
PsFluSBW25_chrm01_circ_6688781	Pf_BP_2_D252_S26_L001-L004_merged	4	0.0201	0.0025	1.0000
PsFluSBW25_chrm01_circ_6688781	Pf_BP_2_D279_S59_L001-L004_merged	4	0.0425	0.0065	1.0000
PsFluSBW25_chrm01_circ_6688781	Pf_BP_2_D28_S12_L001-L004_merged	4	0.0000	0.0000	1.0000
PsFluSBW25_chrm01_circ_6688781	Pf_BP_2_D310_S5_L001-L004_merged	4	0.1280	0.0069	1.0000
PsFluSBW25_chrm01_circ_6688781	Pf_BP_2_D336_S38_L001-L004_merged	4	0.1409	0.0081	1.0000
PsFluSBW25_chrm01_circ_6688781	Pf_BP_2_D364_S71_L001-L004_merged	4	0.1274	0.0083	1.0000
PsFluSBW25_chrm01_circ_6688781	Pf_BP_2_D392_S101_L001-L004_merged	4	0.0650	0.0062	1.0000
PsFluSBW25_chrm01_circ_6688781	Pf_BP_2_D420_S50_L001-L004_merged	4	0.1161	0.0072	1.0000
PsFluSBW25_chrm01_circ_6688781	Pf_BP_2_D448_S83_L001-L004_merged	4	0.0952	0.0073	1.0000
PsFluSBW25_chrm01_circ_6688781	Pf_BP_2_D476_S62_L001-L004_merged	4	0.1259	0.0079	1.0000
PsFluSBW25_chrm01_circ_6688781	Pf_BP_2_D504_S161_L001-L004_merged	4	0.1071	0.0078	1.0000
PsFluSBW25_chrm01_circ_6688781	Pf_BP_2_D532_S126_L001-L004_merged	4	0.0987	0.0078	1.0000
PsFluSBW25_chrm01_circ_6688781	Pf_BP_2_D56_S56_L001-L004_merged	4	0.0000	0.0005	1.0000
PsFluSBW25_chrm01_circ_6688781	Pf_BP_2_D588_S86_L001-L004_merged	4	0.0991	0.0086	1.0000
PsFluSBW25_chrm01_circ_6688781	Pf_BP_2_D623_S104_L001-L004_merged	4	0.0342	0.0052	1.0000
PsFluSBW25_chrm01_circ_6688781	Pf_BP_2_D644_S152_L001-L004_merged	4	0.0992	0.0077	1.0000
PsFluSBW25_chrm01_circ_6688781	Pf_BP_2_D700_S177_L001-L004_merged	4	0.0549	0.0060	1.0000
PsFluSBW25_chrm01_circ_6688781	Pf_BP_2_D728_S118_L001-L004_merged	4	0.1473	0.0090	1.0000
PsFluSBW25_chrm01_circ_6688781	Pf_BP_2_D756_S154_L001-L004_merged	4	0.0929	0.0078	1.0000
PsFluSBW25_chrm01_circ_6688781	Pf_BP_2_D784_S95_L001-L004_merged	4	0.0542	0.0059	1.0000
PsFluSBW25_chrm01_circ_6688781	Pf_BP_2_D84_S2_L001-L004_merged	4	0.0000	0.0006	1.0000
PsFluSBW25_chrm01_circ_717001	PS_Pf_r02_2017_01_09_L001	4	0.1439	0.0045	1.0000
PsFluSBW25_chrm01_circ_717001	Pf_BP_2_D112_S35_L001-L004_merged	4	0.0101	0.0002	1.0000
PsFluSBW25_chrm01_circ_717001	Pf_BP_2_D140_S68_L001-L004_merged	4	0.0000	0.0003	1.0000
PsFluSBW25_chrm01_circ_717001	Pf_BP_2_D168_S14_L001-L004_merged	4	0.0101	0.0003	1.0000
PsFluSBW25_chrm01_circ_717001	Pf_BP_2_D196_S47_L001-L004_merged	4	0.0101	0.0003	1.0000
PsFluSBW25_chrm01_circ_717001	Pf_BP_2_D224_S80_L001-L004_merged	4	0.0101	0.0001	1.0000
PsFluSBW25_chrm01_circ_717001	Pf_BP_2_D252_S26_L001-L004_merged	4	0.0201	0.0025	1.0000
PsFluSBW25_chrm01_circ_717001	Pf_BP_2_D279_S59_L001-L004_merged	4	0.0425	0.0065	1.0000
PsFluSBW25_chrm01_circ_717001	Pf_BP_2_D28_S12_L001-L004_merged	4	0.0000	0.0000	1.0000
PsFluSBW25_chrm01_circ_717001	Pf_BP_2_D310_S5_L001-L004_merged	4	0.1280	0.0069	1.0000
PsFluSBW25_chrm01_circ_717001	Pf_BP_2_D336_S38_L001-L004_merged	4	0.1409	0.0081	1.0000
PsFluSBW25_chrm01_circ_717001	Pf_BP_2_D364_S71_L001-L004_merged	4	0.1274	0.0083	1.0000
PsFluSBW25_chrm01_circ_717001	Pf_BP_2_D392_S101_L001-L004_merged	4	0.0650	0.0062	1.0000
PsFluSBW25_chrm01_circ_717001	Pf_BP_2_D420_S50_L001-L004_merged	4	0.1161	0.0072	1.0000
PsFluSBW25_chrm01_circ_717001	Pf_BP_2_D448_S83_L001-L004_merged	4	0.0952	0.0073	1.0000
PsFluSBW25_chrm01_circ_717001	Pf_BP_2_D476_S62_L001-L004_merged	4	0.1259	0.0079	1.0000
PsFluSBW25_chrm01_circ_717001	Pf_BP_2_D504_S161_L001-L004_merged	4	0.1071	0.0078	1.0000
PsFluSBW25_chrm01_circ_717001	Pf_BP_2_D532_S126_L001-L004_merged	4	0.0987	0.0078	1.0000
PsFluSBW25_chrm01_circ_717001	Pf_BP_2_D56_S56_L001-L004_merged	4	0.0000	0.0005	1.0000
PsFluSBW25_chrm01_circ_717001	Pf_BP_2_D588_S86_L001-L004_merged	4	0.0991	0.0086	1.0000
PsFluSBW25_chrm01_circ_717001	Pf_BP_2_D623_S104_L001-L004_merged	4	0.0342	0.0052	1.0000
PsFluSBW25_chrm01_circ_717001	Pf_BP_2_D644_S152_L001-L004_merged	4	0.0992	0.0077	1.0000
PsFluSBW25_chrm01_circ_717001	Pf_BP_2_D700_S177_L001-L004_merged	4	0.0549	0.0060	1.0000
PsFluSBW25_chrm01_circ_717001	Pf_BP_2_D728_S118_L001-L004_merged	4	0.1473	0.0090	1.0000
PsFluSBW25_chrm01_circ_717001	Pf_BP_2_D756_S154_L001-L004_merged	4	0.0929	0.0078	1.0000
PsFluSBW25_chrm01_circ_717001	Pf_BP_2_D784_S95_L001-L004_merged	4	0.0542	0.0059	1.0000
PsFluSBW25_chrm01_circ_717001	Pf_BP_2_D84_S2_L001-L004_merged	4	0.0000	0.0006	1.0000
PsFluSBW25_chrm01_circ_762367	PS_Pf_r02_2017_01_09_L001	4	0.1439	0.0045	1.0000
PsFluSBW25_chrm01_circ_762367	Pf_BP_2_D112_S35_L001-L004_merged	4	0.0101	0.0002	1.0000
PsFluSBW25_chrm01_circ_762367	Pf_BP_2_D140_S68_L001-L004_merged	4	0.0000	0.0003	1.0000
PsFluSBW25_chrm01_circ_762367	Pf_BP_2_D168_S14_L001-L004_merged	4	0.0101	0.0003	1.0000
PsFluSBW25_chrm01_circ_762367	Pf_BP_2_D196_S47_L001-L004_merged	4	0.0101	0.0003	1.0000
PsFluSBW25_chrm01_circ_762367	Pf_BP_2_D224_S80_L001-L004_merged	4	0.0101	0.0001	1.0000
PsFluSBW25_chrm01_circ_762367	Pf_BP_2_D252_S26_L001-L004_merged	4	0.0201	0.0025	1.0000
PsFluSBW25_chrm01_circ_762367	Pf_BP_2_D279_S59_L001-L004_merged	4	0.0425	0.0065	1.0000
PsFluSBW25_chrm01_circ_762367	Pf_BP_2_D28_S12_L001-L004_merged	4	0.0000	0.0000	1.0000
PsFluSBW25_chrm01_circ_762367	Pf_BP_2_D310_S5_L001-L004_merged	4	0.1280	0.0069	1.0000
PsFluSBW25_chrm01_circ_762367	Pf_BP_2_D336_S38_L001-L004_merged	4	0.1409	0.0081	1.0000
PsFluSBW25_chrm01_circ_762367	Pf_BP_2_D364_S71_L001-L004_merged	4	0.1274	0.0083	1.0000
PsFluSBW25_chrm01_circ_762367	Pf_BP_2_D392_S101_L001-L004_merged	4	0.0650	0.0062	1.0000
PsFluSBW25_chrm01_circ_762367	Pf_BP_2_D420_S50_L001-L004_merged	4	0.1161	0.0072	1.0000
PsFluSBW25_chrm01_circ_762367	Pf_BP_2_D448_S83_L001-L004_merged	4	0.0952	0.0073	1.0000
PsFluSBW25_chrm01_circ_762367	Pf_BP_2_D476_S62_L001-L004_merged	4	0.1259	0.0079	1.0000
PsFluSBW25_chrm01_circ_762367	Pf_BP_2_D504_S161_L001-L004_merged	4	0.1071	0.0078	1.0000
PsFluSBW25_chrm01_circ_762367	Pf_BP_2_D532_S126_L001-L004_merged	4	0.0987	0.0078	1.0000
PsFluSBW25_chrm01_circ_762367	Pf_BP_2_D56_S56_L001-L004_merged	4	0.0000	0.0005	1.0000
PsFluSBW25_chrm01_circ_762367	Pf_BP_2_D588_S86_L001-L004_merged	4	0.0991	0.0086	1.0000
PsFluSBW25_chrm01_circ_762367	Pf_BP_2_D623_S104_L001-L004_merged	4	0.0342	0.0052	1.0000
PsFluSBW25_chrm01_circ_762367	Pf_BP_2_D644_S152_L001-L004_merged	4	0.0992	0.0077	1.0000
PsFluSBW25_chrm01_circ_762367	Pf_BP_2_D700_S177_L001-L004_merged	4	0.0549	0.0060	1.0000
PsFluSBW25_chrm01_circ_762367	Pf_BP_2_D728_S118_L001-L004_merged	4	0.1473	0.0090	1.0000
PsFluSBW25_chrm01_circ_762367	Pf_BP_2_D756_S154_L001-L004_merged	4	0.0929	0.0078	1.0000
PsFluSBW25_chrm01_circ_762367	Pf_BP_2_D784_S95_L001-L004_merged	4	0.0542	0.0059	1.0000
PsFluSBW25_chrm01_circ_762367	Pf_BP_2_D84_S2_L001-L004_merged	4	0.0000	0.0006	1.0000
PsFluSBW25_chrm01_circ_805425	PS_Pf_r02_2017_01_09_L001	4	0.1439	0.0045	1.0000
PsFluSBW25_chrm01_circ_805425	Pf_BP_2_D112_S35_L001-L004_merged	4	0.0101	0.0002	1.0000
PsFluSBW25_chrm01_circ_805425	Pf_BP_2_D140_S68_L001-L004_merged	4	0.0000	0.0003	1.0000
PsFluSBW25_chrm01_circ_805425	Pf_BP_2_D168_S14_L001-L004_merged	4	0.0101	0.0003	1.0000
PsFluSBW25_chrm01_circ_805425	Pf_BP_2_D196_S47_L001-L004_merged	4	0.0101	0.0003	1.0000
PsFluSBW25_chrm01_circ_805425	Pf_BP_2_D224_S80_L001-L004_merged	4	0.0101	0.0001	1.0000
PsFluSBW25_chrm01_circ_805425	Pf_BP_2_D252_S26_L001-L004_merged	4	0.0201	0.0025	1.0000
PsFluSBW25_chrm01_circ_805425	Pf_BP_2_D279_S59_L001-L004_merged	4	0.0425	0.0065	1.0000
PsFluSBW25_chrm01_circ_805425	Pf_BP_2_D28_S12_L001-L004_merged	4	0.0000	0.0000	1.0000
PsFluSBW25_chrm01_circ_805425	Pf_BP_2_D310_S5_L001-L004_merged	4	0.1280	0.0069	1.0000
PsFluSBW25_chrm01_circ_805425	Pf_BP_2_D336_S38_L001-L004_merged	4	0.1409	0.0081	1.0000
PsFluSBW25_chrm01_circ_805425	Pf_BP_2_D364_S71_L001-L004_merged	4	0.1274	0.0083	1.0000
PsFluSBW25_chrm01_circ_805425	Pf_BP_2_D392_S101_L001-L004_merged	4	0.0650	0.0062	1.0000
PsFluSBW25_chrm01_circ_805425	Pf_BP_2_D420_S50_L001-L004_merged	4	0.1161	0.0072	1.0000
PsFluSBW25_chrm01_circ_805425	Pf_BP_2_D448_S83_L001-L004_merged	4	0.0952	0.0073	1.0000
PsFluSBW25_chrm01_circ_805425	Pf_BP_2_D476_S62_L001-L004_merged	4	0.1259	0.0079	1.0000
PsFluSBW25_chrm01_circ_805425	Pf_BP_2_D504_S161_L001-L004_merged	4	0.1071	0.0078	1.0000
PsFluSBW25_chrm01_circ_805425	Pf_BP_2_D532_S126_L001-L004_merged	4	0.0987	0.0078	1.0000
PsFluSBW25_chrm01_circ_805425	Pf_BP_2_D56_S56_L001-L004_merged	4	0.0000	0.0005	1.0000
PsFluSBW25_chrm01_circ_805425	Pf_BP_2_D588_S86_L001-L004_merged	4	0.0991	0.0086	1.0000
PsFluSBW25_chrm01_circ_805425	Pf_BP_2_D623_S104_L001-L004_merged	4	0.0342	0.0052	1.0000
PsFluSBW25_chrm01_circ_805425	Pf_BP_2_D644_S152_L001-L004_merged	4	0.0992	0.0077	1.0000
PsFluSBW25_chrm01_circ_805425	Pf_BP_2_D700_S177_L001-L004_merged	4	0.0549	0.0060	1.0000
PsFluSBW25_chrm01_circ_805425	Pf_BP_2_D728_S118_L001-L004_merged	4	0.1473	0.0090	1.0000
PsFluSBW25_chrm01_circ_805425	Pf_BP_2_D756_S154_L001-L004_merged	4	0.0929	0.0078	1.0000
PsFluSBW25_chrm01_circ_805425	Pf_BP_2_D784_S95_L001-L004_merged	4	0.0542	0.0059	1.0000
PsFluSBW25_chrm01_circ_805425	Pf_BP_2_D84_S2_L001-L004_merged	4	0.0000	0.0006	1.0000
PsFluSBW25_chrm01_circ_855186	PS_Pf_r02_2017_01_09_L001	4	0.1439	0.0045	1.0000
PsFluSBW25_chrm01_circ_855186	Pf_BP_2_D112_S35_L001-L004_merged	4	0.0101	0.0002	1.0000
PsFluSBW25_chrm01_circ_855186	Pf_BP_2_D140_S68_L001-L004_merged	4	0.0000	0.0003	1.0000
PsFluSBW25_chrm01_circ_855186	Pf_BP_2_D168_S14_L001-L004_merged	4	0.0101	0.0003	1.0000
PsFluSBW25_chrm01_circ_855186	Pf_BP_2_D196_S47_L001-L004_merged	4	0.0101	0.0003	1.0000
PsFluSBW25_chrm01_circ_855186	Pf_BP_2_D224_S80_L001-L004_merged	4	0.0101	0.0001	1.0000
PsFluSBW25_chrm01_circ_855186	Pf_BP_2_D252_S26_L001-L004_merged	4	0.0201	0.0025	1.0000
PsFluSBW25_chrm01_circ_855186	Pf_BP_2_D279_S59_L001-L004_merged	4	0.0425	0.0065	1.0000
PsFluSBW25_chrm01_circ_855186	Pf_BP_2_D28_S12_L001-L004_merged	4	0.0000	0.0000	1.0000
PsFluSBW25_chrm01_circ_855186	Pf_BP_2_D310_S5_L001-L004_merged	4	0.1280	0.0069	1.0000
PsFluSBW25_chrm01_circ_855186	Pf_BP_2_D336_S38_L001-L004_merged	4	0.1409	0.0081	1.0000
PsFluSBW25_chrm01_circ_855186	Pf_BP_2_D364_S71_L001-L004_merged	4	0.1274	0.0083	1.0000
PsFluSBW25_chrm01_circ_855186	Pf_BP_2_D392_S101_L001-L004_merged	4	0.0650	0.0062	1.0000
PsFluSBW25_chrm01_circ_855186	Pf_BP_2_D420_S50_L001-L004_merged	4	0.1161	0.0072	1.0000
PsFluSBW25_chrm01_circ_855186	Pf_BP_2_D448_S83_L001-L004_merged	4	0.0952	0.0073	1.0000
PsFluSBW25_chrm01_circ_855186	Pf_BP_2_D476_S62_L001-L004_merged	4	0.1259	0.0079	1.0000
PsFluSBW25_chrm01_circ_855186	Pf_BP_2_D504_S161_L001-L004_merged	4	0.1071	0.0078	1.0000
PsFluSBW25_chrm01_circ_855186	Pf_BP_2_D532_S126_L001-L004_merged	4	0.0987	0.0078	1.0000
PsFluSBW25_chrm01_circ_855186	Pf_BP_2_D56_S56_L001-L004_merged	4	0.0000	0.0005	1.0000
PsFluSBW25_chrm01_circ_855186	Pf_BP_2_D588_S86_L001-L004_merged	4	0.0991	0.0086	1.0000
PsFluSBW25_chrm01_circ_855186	Pf_BP_2_D623_S104_L001-L004_merged	4	0.0342	0.0052	1.0000
PsFluSBW25_chrm01_circ_855186	Pf_BP_2_D644_S152_L001-L004_merged	4	0.0992	0.0077	1.0000
PsFluSBW25_chrm01_circ_855186	Pf_BP_2_D700_S177_L001-L004_merged	4	0.0549	0.0060	1.0000
PsFluSBW25_chrm01_circ_855186	Pf_BP_2_D728_S118_L001-L004_merged	4	0.1473	0.0090	1.0000
PsFluSBW25_chrm01_circ_855186	Pf_BP_2_D756_S154_L001-L004_merged	4	0.0929	0.0078	1.0000
PsFluSBW25_chrm01_circ_855186	Pf_BP_2_D784_S95_L001-L004_merged	4	0.0542	0.0059	1.0000
PsFluSBW25_chrm01_circ_855186	Pf_BP_2_D84_S2_L001-L004_merged	4	0.0000	0.0006	1.0000
PsFluSBW25_chrm01_circ_927628	PS_Pf_r02_2017_01_09_L001	4	0.1439	0.0045	1.0000
PsFluSBW25_chrm01_circ_927628	Pf_BP_2_D112_S35_L001-L004_merged	4	0.0101	0.0002	1.0000
PsFluSBW25_chrm01_circ_927628	Pf_BP_2_D140_S68_L001-L004_merged	4	0.0000	0.0003	1.0000
PsFluSBW25_chrm01_circ_927628	Pf_BP_2_D168_S14_L001-L004_merged	4	0.0101	0.0003	1.0000
PsFluSBW25_chrm01_circ_927628	Pf_BP_2_D196_S47_L001-L004_merged	4	0.0101	0.0003	1.0000
PsFluSBW25_chrm01_circ_927628	Pf_BP_2_D224_S80_L001-L004_merged	4	0.0101	0.0001	1.0000
PsFluSBW25_chrm01_circ_927628	Pf_BP_2_D252_S26_L001-L004_merged	4	0.0201	0.0025	1.0000
PsFluSBW25_chrm01_circ_927628	Pf_BP_2_D279_S59_L001-L004_merged	4	0.0425	0.0065	1.0000
PsFluSBW25_chrm01_circ_927628	Pf_BP_2_D28_S12_L001-L004_merged	4	0.0000	0.0000	1.0000
PsFluSBW25_chrm01_circ_927628	Pf_BP_2_D310_S5_L001-L004_merged	4	0.1280	0.0069	1.0000
PsFluSBW25_chrm01_circ_927628	Pf_BP_2_D336_S38_L001-L004_merged	4	0.1409	0.0081	1.0000
PsFluSBW25_chrm01_circ_927628	Pf_BP_2_D364_S71_L001-L004_merged	4	0.1274	0.0083	1.0000
PsFluSBW25_chrm01_circ_927628	Pf_BP_2_D392_S101_L001-L004_merged	4	0.0650	0.0062	1.0000
PsFluSBW25_chrm01_circ_927628	Pf_BP_2_D420_S50_L001-L004_merged	4	0.1161	0.0072	1.0000
PsFluSBW25_chrm01_circ_927628	Pf_BP_2_D448_S83_L001-L004_merged	4	0.0952	0.0073	1.0000
PsFluSBW25_chrm01_circ_927628	Pf_BP_2_D476_S62_L001-L004_merged	4	0.1259	0.0079	1.0000
PsFluSBW25_chrm01_circ_927628	Pf_BP_2_D504_S161_L001-L004_merged	4	0.1071	0.0078	1.0000
PsFluSBW25_chrm01_circ_927628	Pf_BP_2_D532_S126_L001-L004_merged	4	0.0987	0.0078	1.0000
PsFluSBW25_chrm01_circ_927628	Pf_BP_2_D56_S56_L001-L004_merged	4	0.0000	0.0005	1.0000
PsFluSBW25_chrm01_circ_927628	Pf_BP_2_D588_S86_L001-L004_merged	4	0.0991	0.0086	1.0000
PsFluSBW25_chrm01_circ_927628	Pf_BP_2_D623_S104_L001-L004_merged	4	0.0342	0.0052	1.0000
PsFluSBW25_chrm01_circ_927628	Pf_BP_2_D644_S152_L001-L004_merged	4	0.0992	0.0077	1.0000
PsFluSBW25_chrm01_circ_927628	Pf_BP_2_D700_S177_L001-L004_merged	4	0.0549	0.0060	1.0000
PsFluSBW25_chrm01_circ_927628	Pf_BP_2_D728_S118_L001-L004_merged	4	0.1473	0.0090	1.0000
PsFluSBW25_chrm01_circ_927628	Pf_BP_2_D756_S154_L001-L004_merged	4	0.0929	0.0078	1.0000
PsFluSBW25_chrm01_circ_927628	Pf_BP_2_D784_S95_L001-L004_merged	4	0.0542	0.0059	1.0000
PsFluSBW25_chrm01_circ_927628	Pf_BP_2_D84_S2_L001-L004_merged	4	0.0000	0.0006	1.0000
PsFluSBW25_chrm01_circ_936094	PS_Pf_r02_2017_01_09_L001	4	0.1439	0.0045	1.0000
PsFluSBW25_chrm01_circ_936094	Pf_BP_2_D112_S35_L001-L004_merged	4	0.0101	0.0002	1.0000
PsFluSBW25_chrm01_circ_936094	Pf_BP_2_D140_S68_L001-L004_merged	4	0.0000	0.0003	1.0000
PsFluSBW25_chrm01_circ_936094	Pf_BP_2_D168_S14_L001-L004_merged	4	0.0101	0.0003	1.0000
PsFluSBW25_chrm01_circ_936094	Pf_BP_2_D196_S47_L001-L004_merged	4	0.0101	0.0003	1.0000
PsFluSBW25_chrm01_circ_936094	Pf_BP_2_D224_S80_L001-L004_merged	4	0.0101	0.0001	1.0000
PsFluSBW25_chrm01_circ_936094	Pf_BP_2_D252_S26_L001-L004_merged	4	0.0201	0.0025	1.0000
PsFluSBW25_chrm01_circ_936094	Pf_BP_2_D279_S59_L001-L004_merged	4	0.0425	0.0065	1.0000
PsFluSBW25_chrm01_circ_936094	Pf_BP_2_D28_S12_L001-L004_merged	4	0.0000	0.0000	1.0000
PsFluSBW25_chrm01_circ_936094	Pf_BP_2_D310_S5_L001-L004_merged	4	0.1280	0.0069	1.0000
PsFluSBW25_chrm01_circ_936094	Pf_BP_2_D336_S38_L001-L004_merged	4	0.1409	0.0081	1.0000
PsFluSBW25_chrm01_circ_936094	Pf_BP_2_D364_S71_L001-L004_merged	4	0.1274	0.0083	1.0000
PsFluSBW25_chrm01_circ_936094	Pf_BP_2_D392_S101_L001-L004_merged	4	0.0650	0.0062	1.0000
PsFluSBW25_chrm01_circ_936094	Pf_BP_2_D420_S50_L001-L004_merged	4	0.1161	0.0072	1.0000
PsFluSBW25_chrm01_circ_936094	Pf_BP_2_D448_S83_L001-L004_merged	4	0.0952	0.0073	1.0000
PsFluSBW25_chrm01_circ_936094	Pf_BP_2_D476_S62_L001-L004_merged	4	0.1259	0.0079	1.0000
PsFluSBW25_chrm01_circ_936094	Pf_BP_2_D504_S161_L001-L004_merged	4	0.1071	0.0078	1.0000
PsFluSBW25_chrm01_circ_936094	Pf_BP_2_D532_S126_L001-L004_merged	4	0.0987	0.0078	1.0000
PsFluSBW25_chrm01_circ_936094	Pf_BP_2_D56_S56_L001-L004_merged	4	0.0000	0.0005	1.0000
PsFluSBW25_chrm01_circ_936094	Pf_BP_2_D588_S86_L001-L004_merged	4	0.0991	0.0086	1.0000
PsFluSBW25_chrm01_circ_936094	Pf_BP_2_D623_S104_L001-L004_merged	4	0.0342	0.0052	1.0000
PsFluSBW25_chrm01_circ_936094	Pf_BP_2_D644_S152_L001-L004_merged	4	0.0992	0.0077	1.0000
PsFluSBW25_chrm01_circ_936094	Pf_BP_2_D700_S177_L001-L004_merged	4	0.0549	0.0060	1.0000
PsFluSBW25_chrm01_circ_936094	Pf_BP_2_D728_S118_L001-L004_merged	4	0.1473	0.0090	1.0000
PsFluSBW25_chrm01_circ_936094	Pf_BP_2_D756_S154_L001-L004_merged	4	0.0929	0.0078	1.0000
PsFluSBW25_chrm01_circ_936094	Pf_BP_2_D784_S95_L001-L004_merged	4	0.0542	0.0059	1.0000
PsFluSBW25_chrm01_circ_936094	Pf_BP_2_D84_S2_L001-L004_merged	4	0.0000	0.0006	1.0000
PsFluSBW25_chrm01_circ_1278789	PS_Pf_r02_2017_01_09_L001	5	0.1021	0.0260	1.0000
PsFluSBW25_chrm01_circ_1278789	Pf_BP_2_D112_S35_L001-L004_merged	5	0.0240	0.0278	1.0000
PsFluSBW25_chrm01_circ_1278789	Pf_BP_2_D140_S68_L001-L004_merged	5	0.0204	0.0244	1.0000
PsFluSBW25_chrm01_circ_1278789	Pf_BP_2_D168_S14_L001-L004_merged	5	0.0459	0.0317	1.0000
PsFluSBW25_chrm01_circ_1278789	Pf_BP_2_D196_S47_L001-L004_merged	5	0.0240	0.0278	1.0000
PsFluSBW25_chrm01_circ_1278789	Pf_BP_2_D224_S80_L001-L004_merged	5	0.0177	0.0217	1.0000
PsFluSBW25_chrm01_circ_1278789	Pf_BP_2_D252_S26_L001-L004_merged	5	0.0232	0.0270	1.0000
PsFluSBW25_chrm01_circ_1278789	Pf_BP_2_D279_S59_L001-L004_merged	5	0.0354	0.0386	1.0000
PsFluSBW25_chrm01_circ_1278789	Pf_BP_2_D28_S12_L001-L004_merged	5	0.0211	0.0250	1.0000
PsFluSBW25_chrm01_circ_1278789	Pf_BP_2_D310_S5_L001-L004_merged	5	0.0155	0.0195	1.0000
PsFluSBW25_chrm01_circ_1278789	Pf_BP_2_D336_S38_L001-L004_merged	5	0.0338	0.0371	1.0000
PsFluSBW25_chrm01_circ_1278789	Pf_BP_2_D364_S71_L001-L004_merged	5	0.1493	0.0559	1.0000
PsFluSBW25_chrm01_circ_1278789	Pf_BP_2_D392_S101_L001-L004_merged	5	0.5477	0.0761	1.0000
PsFluSBW25_chrm01_circ_1278789	Pf_BP_2_D420_S50_L001-L004_merged	5	0.5228	0.0746	1.0000
PsFluSBW25_chrm01_circ_1278789	Pf_BP_2_D448_S83_L001-L004_merged	5	0.6748	0.0708	1.0000
PsFluSBW25_chrm01_circ_1278789	Pf_BP_2_D476_S62_L001-L004_merged	5	0.5264	0.0801	1.0000
PsFluSBW25_chrm01_circ_1278789	Pf_BP_2_D504_S161_L001-L004_merged	5	0.5000	0.0747	1.0000
PsFluSBW25_chrm01_circ_1278789	Pf_BP_2_D532_S126_L001-L004_merged	5	0.1886	0.0637	1.0000
PsFluSBW25_chrm01_circ_1278789	Pf_BP_2_D56_S56_L001-L004_merged	5	0.0299	0.0334	1.0000
PsFluSBW25_chrm01_circ_1278789	Pf_BP_2_D588_S86_L001-L004_merged	5	0.1615	0.0599	1.0000
PsFluSBW25_chrm01_circ_1278789	Pf_BP_2_D623_S104_L001-L004_merged	5	0.0734	0.0495	1.0000
PsFluSBW25_chrm01_circ_1278789	Pf_BP_2_D644_S152_L001-L004_merged	5	0.0470	0.0325	1.0000
PsFluSBW25_chrm01_circ_1278789	Pf_BP_2_D700_S177_L001-L004_merged	5	0.0419	0.0291	1.0000
PsFluSBW25_chrm01_circ_1278789	Pf_BP_2_D728_S118_L001-L004_merged	5	0.0232	0.0270	1.0000
PsFluSBW25_chrm01_circ_1278789	Pf_BP_2_D756_S154_L001-L004_merged	5	0.0338	0.0371	1.0000
PsFluSBW25_chrm01_circ_1278789	Pf_BP_2_D784_S95_L001-L004_merged	5	0.0299	0.0334	1.0000
PsFluSBW25_chrm01_circ_1278789	Pf_BP_2_D84_S2_L001-L004_merged	5	0.0224	0.0263	1.0000
PsFluSBW25_chrm01_circ_994682	PS_Pf_r02_2017_01_09_L001	6	0.5573	0.0350	1.0000
PsFluSBW25_chrm01_circ_994682	Pf_BP_2_D112_S35_L001-L004_merged	6	0.0389	0.0418	1.0000
PsFluSBW25_chrm01_circ_994682	Pf_BP_2_D140_S68_L001-L004_merged	6	0.0240	0.0278	1.0000
PsFluSBW25_chrm01_circ_994682	Pf_BP_2_D168_S14_L001-L004_merged	6	0.0257	0.0294	1.0000
PsFluSBW25_chrm01_circ_994682	Pf_BP_2_D196_S47_L001-L004_merged	6	0.0248	0.0286	1.0000
PsFluSBW25_chrm01_circ_994682	Pf_BP_2_D224_S80_L001-L004_merged	6	0.0299	0.0334	1.0000
PsFluSBW25_chrm01_circ_994682	Pf_BP_2_D252_S26_L001-L004_merged	6	0.0299	0.0334	1.0000
PsFluSBW25_chrm01_circ_994682	Pf_BP_2_D279_S59_L001-L004_merged	6	0.0826	0.0553	1.0000
PsFluSBW25_chrm01_circ_994682	Pf_BP_2_D28_S12_L001-L004_merged	6	0.0389	0.0418	1.0000
PsFluSBW25_chrm01_circ_994682	Pf_BP_2_D310_S5_L001-L004_merged	6	0.4705	0.0845	1.0000
PsFluSBW25_chrm01_circ_994682	Pf_BP_2_D336_S38_L001-L004_merged	6	0.2899	0.0804	1.0000
PsFluSBW25_chrm01_circ_994682	Pf_BP_2_D364_S71_L001-L004_merged	6	0.5143	0.0835	1.0000
PsFluSBW25_chrm01_circ_994682	Pf_BP_2_D392_S101_L001-L004_merged	6	0.7302	0.0722	1.0000
PsFluSBW25_chrm01_circ_994682	Pf_BP_2_D420_S50_L001-L004_merged	6	0.7818	0.0721	1.0000
PsFluSBW25_chrm01_circ_994682	Pf_BP_2_D448_S83_L001-L004_merged	6	0.7184	0.0713	1.0000
PsFluSBW25_chrm01_circ_994682	Pf_BP_2_D476_S62_L001-L004_merged	6	0.7747	0.0741	1.0000
PsFluSBW25_chrm01_circ_994682	Pf_BP_2_D504_S161_L001-L004_merged	6	0.7505	0.0806	1.0000
PsFluSBW25_chrm01_circ_994682	Pf_BP_2_D532_S126_L001-L004_merged	6	0.6431	0.0892	1.0000
PsFluSBW25_chrm01_circ_994682	Pf_BP_2_D56_S56_L001-L004_merged	6	0.0408	0.0436	1.0000
PsFluSBW25_chrm01_circ_994682	Pf_BP_2_D588_S86_L001-L004_merged	6	0.6822	0.0973	1.0000
PsFluSBW25_chrm01_circ_994682	Pf_BP_2_D623_S104_L001-L004_merged	6	0.5173	0.0914	1.0000
PsFluSBW25_chrm01_circ_994682	Pf_BP_2_D644_S152_L001-L004_merged	6	0.6253	0.0970	1.0000
PsFluSBW25_chrm01_circ_994682	Pf_BP_2_D700_S177_L001-L004_merged	6	0.8006	0.0668	1.0000
PsFluSBW25_chrm01_circ_994682	Pf_BP_2_D728_S118_L001-L004_merged	6	0.2576	0.0775	1.0000
PsFluSBW25_chrm01_circ_994682	Pf_BP_2_D756_S154_L001-L004_merged	6	0.3869	0.0863	1.0000
PsFluSBW25_chrm01_circ_994682	Pf_BP_2_D784_S95_L001-L004_merged	6	0.0734	0.0495	1.0000
PsFluSBW25_chrm01_circ_994682	Pf_BP_2_D84_S2_L001-L004_merged	6	0.0299	0.0334	1.0000
PsFluSBW25_chrm01_circ_1006861	PS_Pf_r02_2017_01_09_L001	7	0.0000	0.0000	1.0000
PsFluSBW25_chrm01_circ_1006861	Pf_BP_2_D112_S35_L001-L004_merged	7	0.0000	0.0000	1.0000
PsFluSBW25_chrm01_circ_1006861	Pf_BP_2_D140_S68_L001-L004_merged	7	0.0000	0.0000	1.0000
PsFluSBW25_chrm01_circ_1006861	Pf_BP_2_D168_S14_L001-L004_merged	7	0.0000	0.0000	1.0000
PsFluSBW25_chrm01_circ_1006861	Pf_BP_2_D196_S47_L001-L004_merged	7	0.0000	0.0000	1.0000
PsFluSBW25_chrm01_circ_1006861	Pf_BP_2_D224_S80_L001-L004_merged	7	0.0000	0.0000	1.0000
PsFluSBW25_chrm01_circ_1006861	Pf_BP_2_D252_S26_L001-L004_merged	7	0.0000	0.0000	1.0000
PsFluSBW25_chrm01_circ_1006861	Pf_BP_2_D279_S59_L001-L004_merged	7	0.0000	0.0000	1.0000
PsFluSBW25_chrm01_circ_1006861	Pf_BP_2_D28_S12_L001-L004_merged	7	0.0000	0.0000	1.0000
PsFluSBW25_chrm01_circ_1006861	Pf_BP_2_D310_S5_L001-L004_merged	7	0.0000	0.0000	1.0000
PsFluSBW25_chrm01_circ_1006861	Pf_BP_2_D336_S38_L001-L004_merged	7	0.0000	0.0000	1.0000
PsFluSBW25_chrm01_circ_1006861	Pf_BP_2_D364_S71_L001-L004_merged	7	0.0000	0.0000	1.0000
PsFluSBW25_chrm01_circ_1006861	Pf_BP_2_D392_S101_L001-L004_merged	7	0.0000	0.0000	1.0000
PsFluSBW25_chrm01_circ_1006861	Pf_BP_2_D420_S50_L001-L004_merged	7	0.0000	0.0000	1.0000
PsFluSBW25_chrm01_circ_1006861	Pf_BP_2_D448_S83_L001-L004_merged	7	0.0000	0.0000	1.0000
PsFluSBW25_chrm01_circ_1006861	Pf_BP_2_D476_S62_L001-L004_merged	7	0.0000	0.0000	1.0000
PsFluSBW25_chrm01_circ_1006861	Pf_BP_2_D504_S161_L001-L004_merged	7	0.0000	0.0000	1.0000
PsFluSBW25_chrm01_circ_1006861	Pf_BP_2_D532_S126_L001-L004_merged	7	0.0000	0.0000	1.0000
PsFluSBW25_chrm01_circ_1006861	Pf_BP_2_D56_S56_L001-L004_merged	7	0.0000	0.0000	1.0000
PsFluSBW25_chrm01_circ_1006861	Pf_BP_2_D588_S86_L001-L004_merged	7	0.0125	0.0043	1.0000
PsFluSBW25_chrm01_circ_1006861	Pf_BP_2_D623_S104_L001-L004_merged	7	0.0313	0.0030	1.0000
PsFluSBW25_chrm01_circ_1006861	Pf_BP_2_D644_S152_L001-L004_merged	7	0.0487	0.0041	1.0000
PsFluSBW25_chrm01_circ_1006861	Pf_BP_2_D700_S177_L001-L004_merged	7	0.0320	0.0037	1.0000
PsFluSBW25_chrm01_circ_1006861	Pf_BP_2_D728_S118_L001-L004_merged	7	0.1350	0.0062	1.0000
PsFluSBW25_chrm01_circ_1006861	Pf_BP_2_D756_S154_L001-L004_merged	7	0.2689	0.0086	1.0000
PsFluSBW25_chrm01_circ_1006861	Pf_BP_2_D784_S95_L001-L004_merged	7	0.3502	0.0084	1.0000
PsFluSBW25_chrm01_circ_1006861	Pf_BP_2_D84_S2_L001-L004_merged	7	0.0000	0.0000	1.0000
PsFluSBW25_chrm01_circ_1050453	PS_Pf_r02_2017_01_09_L001	7	0.0000	0.0000	1.0000
PsFluSBW25_chrm01_circ_1050453	Pf_BP_2_D112_S35_L001-L004_merged	7	0.0000	0.0000	1.0000
PsFluSBW25_chrm01_circ_1050453	Pf_BP_2_D140_S68_L001-L004_merged	7	0.0000	0.0000	1.0000
PsFluSBW25_chrm01_circ_1050453	Pf_BP_2_D168_S14_L001-L004_merged	7	0.0000	0.0000	1.0000
PsFluSBW25_chrm01_circ_1050453	Pf_BP_2_D196_S47_L001-L004_merged	7	0.0000	0.0000	1.0000
PsFluSBW25_chrm01_circ_1050453	Pf_BP_2_D224_S80_L001-L004_merged	7	0.0000	0.0000	1.0000
PsFluSBW25_chrm01_circ_1050453	Pf_BP_2_D252_S26_L001-L004_merged	7	0.0000	0.0000	1.0000
PsFluSBW25_chrm01_circ_1050453	Pf_BP_2_D279_S59_L001-L004_merged	7	0.0000	0.0000	1.0000
PsFluSBW25_chrm01_circ_1050453	Pf_BP_2_D28_S12_L001-L004_merged	7	0.0000	0.0000	1.0000
PsFluSBW25_chrm01_circ_1050453	Pf_BP_2_D310_S5_L001-L004_merged	7	0.0000	0.0000	1.0000
PsFluSBW25_chrm01_circ_1050453	Pf_BP_2_D336_S38_L001-L004_merged	7	0.0000	0.0000	1.0000
PsFluSBW25_chrm01_circ_1050453	Pf_BP_2_D364_S71_L001-L004_merged	7	0.0000	0.0000	1.0000
PsFluSBW25_chrm01_circ_1050453	Pf_BP_2_D392_S101_L001-L004_merged	7	0.0000	0.0000	1.0000
PsFluSBW25_chrm01_circ_1050453	Pf_BP_2_D420_S50_L001-L004_merged	7	0.0000	0.0000	1.0000
PsFluSBW25_chrm01_circ_1050453	Pf_BP_2_D448_S83_L001-L004_merged	7	0.0000	0.0000	1.0000
PsFluSBW25_chrm01_circ_1050453	Pf_BP_2_D476_S62_L001-L004_merged	7	0.0000	0.0000	1.0000
PsFluSBW25_chrm01_circ_1050453	Pf_BP_2_D504_S161_L001-L004_merged	7	0.0000	0.0000	1.0000
PsFluSBW25_chrm01_circ_1050453	Pf_BP_2_D532_S126_L001-L004_merged	7	0.0000	0.0000	1.0000
PsFluSBW25_chrm01_circ_1050453	Pf_BP_2_D56_S56_L001-L004_merged	7	0.0000	0.0000	1.0000
PsFluSBW25_chrm01_circ_1050453	Pf_BP_2_D588_S86_L001-L004_merged	7	0.0125	0.0043	1.0000
PsFluSBW25_chrm01_circ_1050453	Pf_BP_2_D623_S104_L001-L004_merged	7	0.0313	0.0030	1.0000
PsFluSBW25_chrm01_circ_1050453	Pf_BP_2_D644_S152_L001-L004_merged	7	0.0487	0.0041	1.0000
PsFluSBW25_chrm01_circ_1050453	Pf_BP_2_D700_S177_L001-L004_merged	7	0.0320	0.0037	1.0000
PsFluSBW25_chrm01_circ_1050453	Pf_BP_2_D728_S118_L001-L004_merged	7	0.1350	0.0062	1.0000
PsFluSBW25_chrm01_circ_1050453	Pf_BP_2_D756_S154_L001-L004_merged	7	0.2689	0.0086	1.0000
PsFluSBW25_chrm01_circ_1050453	Pf_BP_2_D784_S95_L001-L004_merged	7	0.3502	0.0084	1.0000
PsFluSBW25_chrm01_circ_1050453	Pf_BP_2_D84_S2_L001-L004_merged	7	0.0000	0.0000	1.0000
PsFluSBW25_chrm01_circ_1065342	PS_Pf_r02_2017_01_09_L001	7	0.0000	0.0000	0.8457
PsFluSBW25_chrm01_circ_1065342	Pf_BP_2_D112_S35_L001-L004_merged	7	0.0000	0.0000	0.8457
PsFluSBW25_chrm01_circ_1065342	Pf_BP_2_D140_S68_L001-L004_merged	7	0.0000	0.0000	0.8457
PsFluSBW25_chrm01_circ_1065342	Pf_BP_2_D168_S14_L001-L004_merged	7	0.0000	0.0000	0.8457
PsFluSBW25_chrm01_circ_1065342	Pf_BP_2_D196_S47_L001-L004_merged	7	0.0000	0.0000	0.8457
PsFluSBW25_chrm01_circ_1065342	Pf_BP_2_D224_S80_L001-L004_merged	7	0.0000	0.0000	0.8457
PsFluSBW25_chrm01_circ_1065342	Pf_BP_2_D252_S26_L001-L004_merged	7	0.0000	0.0000	0.8457
PsFluSBW25_chrm01_circ_1065342	Pf_BP_2_D279_S59_L001-L004_merged	7	0.0000	0.0000	0.8457
PsFluSBW25_chrm01_circ_1065342	Pf_BP_2_D28_S12_L001-L004_merged	7	0.0000	0.0000	0.8457
PsFluSBW25_chrm01_circ_1065342	Pf_BP_2_D310_S5_L001-L004_merged	7	0.0000	0.0000	0.8457
PsFluSBW25_chrm01_circ_1065342	Pf_BP_2_D336_S38_L001-L004_merged	7	0.0000	0.0000	0.8457
PsFluSBW25_chrm01_circ_1065342	Pf_BP_2_D364_S71_L001-L004_merged	7	0.0000	0.0000	0.8457
PsFluSBW25_chrm01_circ_1065342	Pf_BP_2_D392_S101_L001-L004_merged	7	0.0000	0.0000	0.8457
PsFluSBW25_chrm01_circ_1065342	Pf_BP_2_D420_S50_L001-L004_merged	7	0.0000	0.0000	0.8457
PsFluSBW25_chrm01_circ_1065342	Pf_BP_2_D448_S83_L001-L004_merged	7	0.0000	0.0000	0.8457
PsFluSBW25_chrm01_circ_1065342	Pf_BP_2_D476_S62_L001-L004_merged	7	0.0000	0.0000	0.8457
PsFluSBW25_chrm01_circ_1065342	Pf_BP_2_D504_S161_L001-L004_merged	7	0.0000	0.0000	0.8457
PsFluSBW25_chrm01_circ_1065342	Pf_BP_2_D532_S126_L001-L004_merged	7	0.0000	0.0000	0.8457
PsFluSBW25_chrm01_circ_1065342	Pf_BP_2_D56_S56_L001-L004_merged	7	0.0000	0.0000	0.8457
PsFluSBW25_chrm01_circ_1065342	Pf_BP_2_D588_S86_L001-L004_merged	7	0.0125	0.0043	0.8457
PsFluSBW25_chrm01_circ_1065342	Pf_BP_2_D623_S104_L001-L004_merged	7	0.0313	0.0030	0.8457
PsFluSBW25_chrm01_circ_1065342	Pf_BP_2_D644_S152_L001-L004_merged	7	0.0487	0.0041	0.8457
PsFluSBW25_chrm01_circ_1065342	Pf_BP_2_D700_S177_L001-L004_merged	7	0.0320	0.0037	0.8457
PsFluSBW25_chrm01_circ_1065342	Pf_BP_2_D728_S118_L001-L004_merged	7	0.1350	0.0062	0.8457
PsFluSBW25_chrm01_circ_1065342	Pf_BP_2_D756_S154_L001-L004_merged	7	0.2689	0.0086	0.8457
PsFluSBW25_chrm01_circ_1065342	Pf_BP_2_D784_S95_L001-L004_merged	7	0.3502	0.0084	0.8457
PsFluSBW25_chrm01_circ_1065342	Pf_BP_2_D84_S2_L001-L004_merged	7	0.0000	0.0000	0.8457
PsFluSBW25_chrm01_circ_1100502	PS_Pf_r02_2017_01_09_L001	7	0.0000	0.0000	1.0000
PsFluSBW25_chrm01_circ_1100502	Pf_BP_2_D112_S35_L001-L004_merged	7	0.0000	0.0000	1.0000
PsFluSBW25_chrm01_circ_1100502	Pf_BP_2_D140_S68_L001-L004_merged	7	0.0000	0.0000	1.0000
PsFluSBW25_chrm01_circ_1100502	Pf_BP_2_D168_S14_L001-L004_merged	7	0.0000	0.0000	1.0000
PsFluSBW25_chrm01_circ_1100502	Pf_BP_2_D196_S47_L001-L004_merged	7	0.0000	0.0000	1.0000
PsFluSBW25_chrm01_circ_1100502	Pf_BP_2_D224_S80_L001-L004_merged	7	0.0000	0.0000	1.0000
PsFluSBW25_chrm01_circ_1100502	Pf_BP_2_D252_S26_L001-L004_merged	7	0.0000	0.0000	1.0000
PsFluSBW25_chrm01_circ_1100502	Pf_BP_2_D279_S59_L001-L004_merged	7	0.0000	0.0000	1.0000
PsFluSBW25_chrm01_circ_1100502	Pf_BP_2_D28_S12_L001-L004_merged	7	0.0000	0.0000	1.0000
PsFluSBW25_chrm01_circ_1100502	Pf_BP_2_D310_S5_L001-L004_merged	7	0.0000	0.0000	1.0000
PsFluSBW25_chrm01_circ_1100502	Pf_BP_2_D336_S38_L001-L004_merged	7	0.0000	0.0000	1.0000
PsFluSBW25_chrm01_circ_1100502	Pf_BP_2_D364_S71_L001-L004_merged	7	0.0000	0.0000	1.0000
PsFluSBW25_chrm01_circ_1100502	Pf_BP_2_D392_S101_L001-L004_merged	7	0.0000	0.0000	1.0000
PsFluSBW25_chrm01_circ_1100502	Pf_BP_2_D420_S50_L001-L004_merged	7	0.0000	0.0000	1.0000
PsFluSBW25_chrm01_circ_1100502	Pf_BP_2_D448_S83_L001-L004_merged	7	0.0000	0.0000	1.0000
PsFluSBW25_chrm01_circ_1100502	Pf_BP_2_D476_S62_L001-L004_merged	7	0.0000	0.0000	1.0000
PsFluSBW25_chrm01_circ_1100502	Pf_BP_2_D504_S161_L001-L004_merged	7	0.0000	0.0000	1.0000
PsFluSBW25_chrm01_circ_1100502	Pf_BP_2_D532_S126_L001-L004_merged	7	0.0000	0.0000	1.0000
PsFluSBW25_chrm01_circ_1100502	Pf_BP_2_D56_S56_L001-L004_merged	7	0.0000	0.0000	1.0000
PsFluSBW25_chrm01_circ_1100502	Pf_BP_2_D588_S86_L001-L004_merged	7	0.0125	0.0043	1.0000
PsFluSBW25_chrm01_circ_1100502	Pf_BP_2_D623_S104_L001-L004_merged	7	0.0313	0.0030	1.0000
PsFluSBW25_chrm01_circ_1100502	Pf_BP_2_D644_S152_L001-L004_merged	7	0.0487	0.0041	1.0000
PsFluSBW25_chrm01_circ_1100502	Pf_BP_2_D700_S177_L001-L004_merged	7	0.0320	0.0037	1.0000
PsFluSBW25_chrm01_circ_1100502	Pf_BP_2_D728_S118_L001-L004_merged	7	0.1350	0.0062	1.0000
PsFluSBW25_chrm01_circ_1100502	Pf_BP_2_D756_S154_L001-L004_merged	7	0.2689	0.0086	1.0000
PsFluSBW25_chrm01_circ_1100502	Pf_BP_2_D784_S95_L001-L004_merged	7	0.3502	0.0084	1.0000
PsFluSBW25_chrm01_circ_1100502	Pf_BP_2_D84_S2_L001-L004_merged	7	0.0000	0.0000	1.0000
PsFluSBW25_chrm01_circ_1104774	PS_Pf_r02_2017_01_09_L001	7	0.0000	0.0000	1.0000
PsFluSBW25_chrm01_circ_1104774	Pf_BP_2_D112_S35_L001-L004_merged	7	0.0000	0.0000	1.0000
PsFluSBW25_chrm01_circ_1104774	Pf_BP_2_D140_S68_L001-L004_merged	7	0.0000	0.0000	1.0000
PsFluSBW25_chrm01_circ_1104774	Pf_BP_2_D168_S14_L001-L004_merged	7	0.0000	0.0000	1.0000
PsFluSBW25_chrm01_circ_1104774	Pf_BP_2_D196_S47_L001-L004_merged	7	0.0000	0.0000	1.0000
PsFluSBW25_chrm01_circ_1104774	Pf_BP_2_D224_S80_L001-L004_merged	7	0.0000	0.0000	1.0000
PsFluSBW25_chrm01_circ_1104774	Pf_BP_2_D252_S26_L001-L004_merged	7	0.0000	0.0000	1.0000
PsFluSBW25_chrm01_circ_1104774	Pf_BP_2_D279_S59_L001-L004_merged	7	0.0000	0.0000	1.0000
PsFluSBW25_chrm01_circ_1104774	Pf_BP_2_D28_S12_L001-L004_merged	7	0.0000	0.0000	1.0000
PsFluSBW25_chrm01_circ_1104774	Pf_BP_2_D310_S5_L001-L004_merged	7	0.0000	0.0000	1.0000
PsFluSBW25_chrm01_circ_1104774	Pf_BP_2_D336_S38_L001-L004_merged	7	0.0000	0.0000	1.0000
PsFluSBW25_chrm01_circ_1104774	Pf_BP_2_D364_S71_L001-L004_merged	7	0.0000	0.0000	1.0000
PsFluSBW25_chrm01_circ_1104774	Pf_BP_2_D392_S101_L001-L004_merged	7	0.0000	0.0000	1.0000
PsFluSBW25_chrm01_circ_1104774	Pf_BP_2_D420_S50_L001-L004_merged	7	0.0000	0.0000	1.0000
PsFluSBW25_chrm01_circ_1104774	Pf_BP_2_D448_S83_L001-L004_merged	7	0.0000	0.0000	1.0000
PsFluSBW25_chrm01_circ_1104774	Pf_BP_2_D476_S62_L001-L004_merged	7	0.0000	0.0000	1.0000
PsFluSBW25_chrm01_circ_1104774	Pf_BP_2_D504_S161_L001-L004_merged	7	0.0000	0.0000	1.0000
PsFluSBW25_chrm01_circ_1104774	Pf_BP_2_D532_S126_L001-L004_merged	7	0.0000	0.0000	1.0000
PsFluSBW25_chrm01_circ_1104774	Pf_BP_2_D56_S56_L001-L004_merged	7	0.0000	0.0000	1.0000
PsFluSBW25_chrm01_circ_1104774	Pf_BP_2_D588_S86_L001-L004_merged	7	0.0125	0.0043	1.0000
PsFluSBW25_chrm01_circ_1104774	Pf_BP_2_D623_S104_L001-L004_merged	7	0.0313	0.0030	1.0000
PsFluSBW25_chrm01_circ_1104774	Pf_BP_2_D644_S152_L001-L004_merged	7	0.0487	0.0041	1.0000
PsFluSBW25_chrm01_circ_1104774	Pf_BP_2_D700_S177_L001-L004_merged	7	0.0320	0.0037	1.0000
PsFluSBW25_chrm01_circ_1104774	Pf_BP_2_D728_S118_L001-L004_merged	7	0.1350	0.0062	1.0000
PsFluSBW25_chrm01_circ_1104774	Pf_BP_2_D756_S154_L001-L004_merged	7	0.2689	0.0086	1.0000
PsFluSBW25_chrm01_circ_1104774	Pf_BP_2_D784_S95_L001-L004_merged	7	0.3502	0.0084	1.0000
PsFluSBW25_chrm01_circ_1104774	Pf_BP_2_D84_S2_L001-L004_merged	7	0.0000	0.0000	1.0000
PsFluSBW25_chrm01_circ_115441	PS_Pf_r02_2017_01_09_L001	7	0.0000	0.0000	1.0000
PsFluSBW25_chrm01_circ_115441	Pf_BP_2_D112_S35_L001-L004_merged	7	0.0000	0.0000	1.0000
PsFluSBW25_chrm01_circ_115441	Pf_BP_2_D140_S68_L001-L004_merged	7	0.0000	0.0000	1.0000
PsFluSBW25_chrm01_circ_115441	Pf_BP_2_D168_S14_L001-L004_merged	7	0.0000	0.0000	1.0000
PsFluSBW25_chrm01_circ_115441	Pf_BP_2_D196_S47_L001-L004_merged	7	0.0000	0.0000	1.0000
PsFluSBW25_chrm01_circ_115441	Pf_BP_2_D224_S80_L001-L004_merged	7	0.0000	0.0000	1.0000
PsFluSBW25_chrm01_circ_115441	Pf_BP_2_D252_S26_L001-L004_merged	7	0.0000	0.0000	1.0000
PsFluSBW25_chrm01_circ_115441	Pf_BP_2_D279_S59_L001-L004_merged	7	0.0000	0.0000	1.0000
PsFluSBW25_chrm01_circ_115441	Pf_BP_2_D28_S12_L001-L004_merged	7	0.0000	0.0000	1.0000
PsFluSBW25_chrm01_circ_115441	Pf_BP_2_D310_S5_L001-L004_merged	7	0.0000	0.0000	1.0000
PsFluSBW25_chrm01_circ_115441	Pf_BP_2_D336_S38_L001-L004_merged	7	0.0000	0.0000	1.0000
PsFluSBW25_chrm01_circ_115441	Pf_BP_2_D364_S71_L001-L004_merged	7	0.0000	0.0000	1.0000
PsFluSBW25_chrm01_circ_115441	Pf_BP_2_D392_S101_L001-L004_merged	7	0.0000	0.0000	1.0000
PsFluSBW25_chrm01_circ_115441	Pf_BP_2_D420_S50_L001-L004_merged	7	0.0000	0.0000	1.0000
PsFluSBW25_chrm01_circ_115441	Pf_BP_2_D448_S83_L001-L004_merged	7	0.0000	0.0000	1.0000
PsFluSBW25_chrm01_circ_115441	Pf_BP_2_D476_S62_L001-L004_merged	7	0.0000	0.0000	1.0000
PsFluSBW25_chrm01_circ_115441	Pf_BP_2_D504_S161_L001-L004_merged	7	0.0000	0.0000	1.0000
PsFluSBW25_chrm01_circ_115441	Pf_BP_2_D532_S126_L001-L004_merged	7	0.0000	0.0000	1.0000
PsFluSBW25_chrm01_circ_115441	Pf_BP_2_D56_S56_L001-L004_merged	7	0.0000	0.0000	1.0000
PsFluSBW25_chrm01_circ_115441	Pf_BP_2_D588_S86_L001-L004_merged	7	0.0125	0.0043	1.0000
PsFluSBW25_chrm01_circ_115441	Pf_BP_2_D623_S104_L001-L004_merged	7	0.0313	0.0030	1.0000
PsFluSBW25_chrm01_circ_115441	Pf_BP_2_D644_S152_L001-L004_merged	7	0.0487	0.0041	1.0000
PsFluSBW25_chrm01_circ_115441	Pf_BP_2_D700_S177_L001-L004_merged	7	0.0320	0.0037	1.0000
PsFluSBW25_chrm01_circ_115441	Pf_BP_2_D728_S118_L001-L004_merged	7	0.1350	0.0062	1.0000
PsFluSBW25_chrm01_circ_115441	Pf_BP_2_D756_S154_L001-L004_merged	7	0.2689	0.0086	1.0000
PsFluSBW25_chrm01_circ_115441	Pf_BP_2_D784_S95_L001-L004_merged	7	0.3502	0.0084	1.0000
PsFluSBW25_chrm01_circ_115441	Pf_BP_2_D84_S2_L001-L004_merged	7	0.0000	0.0000	1.0000
PsFluSBW25_chrm01_circ_1162073	PS_Pf_r02_2017_01_09_L001	7	0.0000	0.0000	1.0000
PsFluSBW25_chrm01_circ_1162073	Pf_BP_2_D112_S35_L001-L004_merged	7	0.0000	0.0000	1.0000
PsFluSBW25_chrm01_circ_1162073	Pf_BP_2_D140_S68_L001-L004_merged	7	0.0000	0.0000	1.0000
PsFluSBW25_chrm01_circ_1162073	Pf_BP_2_D168_S14_L001-L004_merged	7	0.0000	0.0000	1.0000
PsFluSBW25_chrm01_circ_1162073	Pf_BP_2_D196_S47_L001-L004_merged	7	0.0000	0.0000	1.0000
PsFluSBW25_chrm01_circ_1162073	Pf_BP_2_D224_S80_L001-L004_merged	7	0.0000	0.0000	1.0000
PsFluSBW25_chrm01_circ_1162073	Pf_BP_2_D252_S26_L001-L004_merged	7	0.0000	0.0000	1.0000
PsFluSBW25_chrm01_circ_1162073	Pf_BP_2_D279_S59_L001-L004_merged	7	0.0000	0.0000	1.0000
PsFluSBW25_chrm01_circ_1162073	Pf_BP_2_D28_S12_L001-L004_merged	7	0.0000	0.0000	1.0000
PsFluSBW25_chrm01_circ_1162073	Pf_BP_2_D310_S5_L001-L004_merged	7	0.0000	0.0000	1.0000
PsFluSBW25_chrm01_circ_1162073	Pf_BP_2_D336_S38_L001-L004_merged	7	0.0000	0.0000	1.0000
PsFluSBW25_chrm01_circ_1162073	Pf_BP_2_D364_S71_L001-L004_merged	7	0.0000	0.0000	1.0000
PsFluSBW25_chrm01_circ_1162073	Pf_BP_2_D392_S101_L001-L004_merged	7	0.0000	0.0000	1.0000
PsFluSBW25_chrm01_circ_1162073	Pf_BP_2_D420_S50_L001-L004_merged	7	0.0000	0.0000	1.0000
PsFluSBW25_chrm01_circ_1162073	Pf_BP_2_D448_S83_L001-L004_merged	7	0.0000	0.0000	1.0000
PsFluSBW25_chrm01_circ_1162073	Pf_BP_2_D476_S62_L001-L004_merged	7	0.0000	0.0000	1.0000
PsFluSBW25_chrm01_circ_1162073	Pf_BP_2_D504_S161_L001-L004_merged	7	0.0000	0.0000	1.0000
PsFluSBW25_chrm01_circ_1162073	Pf_BP_2_D532_S126_L001-L004_merged	7	0.0000	0.0000	1.0000
PsFluSBW25_chrm01_circ_1162073	Pf_BP_2_D56_S56_L001-L004_merged	7	0.0000	0.0000	1.0000
PsFluSBW25_chrm01_circ_1162073	Pf_BP_2_D588_S86_L001-L004_merged	7	0.0125	0.0043	1.0000
PsFluSBW25_chrm01_circ_1162073	Pf_BP_2_D623_S104_L001-L004_merged	7	0.0313	0.0030	1.0000
PsFluSBW25_chrm01_circ_1162073	Pf_BP_2_D644_S152_L001-L004_merged	7	0.0487	0.0041	1.0000
PsFluSBW25_chrm01_circ_1162073	Pf_BP_2_D700_S177_L001-L004_merged	7	0.0320	0.0037	1.0000
PsFluSBW25_chrm01_circ_1162073	Pf_BP_2_D728_S118_L001-L004_merged	7	0.1350	0.0062	1.0000
PsFluSBW25_chrm01_circ_1162073	Pf_BP_2_D756_S154_L001-L004_merged	7	0.2689	0.0086	1.0000
PsFluSBW25_chrm01_circ_1162073	Pf_BP_2_D784_S95_L001-L004_merged	7	0.3502	0.0084	1.0000
PsFluSBW25_chrm01_circ_1162073	Pf_BP_2_D84_S2_L001-L004_merged	7	0.0000	0.0000	1.0000
PsFluSBW25_chrm01_circ_1175176	PS_Pf_r02_2017_01_09_L001	7	0.0000	0.0000	0.7068
PsFluSBW25_chrm01_circ_1175176	Pf_BP_2_D112_S35_L001-L004_merged	7	0.0000	0.0000	0.7068
PsFluSBW25_chrm01_circ_1175176	Pf_BP_2_D140_S68_L001-L004_merged	7	0.0000	0.0000	0.7068
PsFluSBW25_chrm01_circ_1175176	Pf_BP_2_D168_S14_L001-L004_merged	7	0.0000	0.0000	0.7068
PsFluSBW25_chrm01_circ_1175176	Pf_BP_2_D196_S47_L001-L004_merged	7	0.0000	0.0000	0.7068
PsFluSBW25_chrm01_circ_1175176	Pf_BP_2_D224_S80_L001-L004_merged	7	0.0000	0.0000	0.7068
PsFluSBW25_chrm01_circ_1175176	Pf_BP_2_D252_S26_L001-L004_merged	7	0.0000	0.0000	0.7068
PsFluSBW25_chrm01_circ_1175176	Pf_BP_2_D279_S59_L001-L004_merged	7	0.0000	0.0000	0.7068
PsFluSBW25_chrm01_circ_1175176	Pf_BP_2_D28_S12_L001-L004_merged	7	0.0000	0.0000	0.7068
PsFluSBW25_chrm01_circ_1175176	Pf_BP_2_D310_S5_L001-L004_merged	7	0.0000	0.0000	0.7068
PsFluSBW25_chrm01_circ_1175176	Pf_BP_2_D336_S38_L001-L004_merged	7	0.0000	0.0000	0.7068
PsFluSBW25_chrm01_circ_1175176	Pf_BP_2_D364_S71_L001-L004_merged	7	0.0000	0.0000	0.7068
PsFluSBW25_chrm01_circ_1175176	Pf_BP_2_D392_S101_L001-L004_merged	7	0.0000	0.0000	0.7068
PsFluSBW25_chrm01_circ_1175176	Pf_BP_2_D420_S50_L001-L004_merged	7	0.0000	0.0000	0.7068
PsFluSBW25_chrm01_circ_1175176	Pf_BP_2_D448_S83_L001-L004_merged	7	0.0000	0.0000	0.7068
PsFluSBW25_chrm01_circ_1175176	Pf_BP_2_D476_S62_L001-L004_merged	7	0.0000	0.0000	0.7068
PsFluSBW25_chrm01_circ_1175176	Pf_BP_2_D504_S161_L001-L004_merged	7	0.0000	0.0000	0.7068
PsFluSBW25_chrm01_circ_1175176	Pf_BP_2_D532_S126_L001-L004_merged	7	0.0000	0.0000	0.7068
PsFluSBW25_chrm01_circ_1175176	Pf_BP_2_D56_S56_L001-L004_merged	7	0.0000	0.0000	0.7068
PsFluSBW25_chrm01_circ_1175176	Pf_BP_2_D588_S86_L001-L004_merged	7	0.0125	0.0043	0.7068
PsFluSBW25_chrm01_circ_1175176	Pf_BP_2_D623_S104_L001-L004_merged	7	0.0313	0.0030	0.7068
PsFluSBW25_chrm01_circ_1175176	Pf_BP_2_D644_S152_L001-L004_merged	7	0.0487	0.0041	0.7068
PsFluSBW25_chrm01_circ_1175176	Pf_BP_2_D700_S177_L001-L004_merged	7	0.0320	0.0037	0.7068
PsFluSBW25_chrm01_circ_1175176	Pf_BP_2_D728_S118_L001-L004_merged	7	0.1350	0.0062	0.7068
PsFluSBW25_chrm01_circ_1175176	Pf_BP_2_D756_S154_L001-L004_merged	7	0.2689	0.0086	0.7068
PsFluSBW25_chrm01_circ_1175176	Pf_BP_2_D784_S95_L001-L004_merged	7	0.3502	0.0084	0.7068
PsFluSBW25_chrm01_circ_1175176	Pf_BP_2_D84_S2_L001-L004_merged	7	0.0000	0.0000	0.7068
PsFluSBW25_chrm01_circ_1181956	PS_Pf_r02_2017_01_09_L001	7	0.0000	0.0000	0.7466
PsFluSBW25_chrm01_circ_1181956	Pf_BP_2_D112_S35_L001-L004_merged	7	0.0000	0.0000	0.7466
PsFluSBW25_chrm01_circ_1181956	Pf_BP_2_D140_S68_L001-L004_merged	7	0.0000	0.0000	0.7466
PsFluSBW25_chrm01_circ_1181956	Pf_BP_2_D168_S14_L001-L004_merged	7	0.0000	0.0000	0.7466
PsFluSBW25_chrm01_circ_1181956	Pf_BP_2_D196_S47_L001-L004_merged	7	0.0000	0.0000	0.7466
PsFluSBW25_chrm01_circ_1181956	Pf_BP_2_D224_S80_L001-L004_merged	7	0.0000	0.0000	0.7466
PsFluSBW25_chrm01_circ_1181956	Pf_BP_2_D252_S26_L001-L004_merged	7	0.0000	0.0000	0.7466
PsFluSBW25_chrm01_circ_1181956	Pf_BP_2_D279_S59_L001-L004_merged	7	0.0000	0.0000	0.7466
PsFluSBW25_chrm01_circ_1181956	Pf_BP_2_D28_S12_L001-L004_merged	7	0.0000	0.0000	0.7466
PsFluSBW25_chrm01_circ_1181956	Pf_BP_2_D310_S5_L001-L004_merged	7	0.0000	0.0000	0.7466
PsFluSBW25_chrm01_circ_1181956	Pf_BP_2_D336_S38_L001-L004_merged	7	0.0000	0.0000	0.7466
PsFluSBW25_chrm01_circ_1181956	Pf_BP_2_D364_S71_L001-L004_merged	7	0.0000	0.0000	0.7466
PsFluSBW25_chrm01_circ_1181956	Pf_BP_2_D392_S101_L001-L004_merged	7	0.0000	0.0000	0.7466
PsFluSBW25_chrm01_circ_1181956	Pf_BP_2_D420_S50_L001-L004_merged	7	0.0000	0.0000	0.7466
PsFluSBW25_chrm01_circ_1181956	Pf_BP_2_D448_S83_L001-L004_merged	7	0.0000	0.0000	0.7466
PsFluSBW25_chrm01_circ_1181956	Pf_BP_2_D476_S62_L001-L004_merged	7	0.0000	0.0000	0.7466
PsFluSBW25_chrm01_circ_1181956	Pf_BP_2_D504_S161_L001-L004_merged	7	0.0000	0.0000	0.7466
PsFluSBW25_chrm01_circ_1181956	Pf_BP_2_D532_S126_L001-L004_merged	7	0.0000	0.0000	0.7466
PsFluSBW25_chrm01_circ_1181956	Pf_BP_2_D56_S56_L001-L004_merged	7	0.0000	0.0000	0.7466
PsFluSBW25_chrm01_circ_1181956	Pf_BP_2_D588_S86_L001-L004_merged	7	0.0125	0.0043	0.7466
PsFluSBW25_chrm01_circ_1181956	Pf_BP_2_D623_S104_L001-L004_merged	7	0.0313	0.0030	0.7466
PsFluSBW25_chrm01_circ_1181956	Pf_BP_2_D644_S152_L001-L004_merged	7	0.0487	0.0041	0.7466
PsFluSBW25_chrm01_circ_1181956	Pf_BP_2_D700_S177_L001-L004_merged	7	0.0320	0.0037	0.7466
PsFluSBW25_chrm01_circ_1181956	Pf_BP_2_D728_S118_L001-L004_merged	7	0.1350	0.0062	0.7466
PsFluSBW25_chrm01_circ_1181956	Pf_BP_2_D756_S154_L001-L004_merged	7	0.2689	0.0086	0.7466
PsFluSBW25_chrm01_circ_1181956	Pf_BP_2_D784_S95_L001-L004_merged	7	0.3502	0.0084	0.7466
PsFluSBW25_chrm01_circ_1181956	Pf_BP_2_D84_S2_L001-L004_merged	7	0.0000	0.0000	0.7466
PsFluSBW25_chrm01_circ_1187882	PS_Pf_r02_2017_01_09_L001	7	0.0000	0.0000	1.0000
PsFluSBW25_chrm01_circ_1187882	Pf_BP_2_D112_S35_L001-L004_merged	7	0.0000	0.0000	1.0000
PsFluSBW25_chrm01_circ_1187882	Pf_BP_2_D140_S68_L001-L004_merged	7	0.0000	0.0000	1.0000
PsFluSBW25_chrm01_circ_1187882	Pf_BP_2_D168_S14_L001-L004_merged	7	0.0000	0.0000	1.0000
PsFluSBW25_chrm01_circ_1187882	Pf_BP_2_D196_S47_L001-L004_merged	7	0.0000	0.0000	1.0000
PsFluSBW25_chrm01_circ_1187882	Pf_BP_2_D224_S80_L001-L004_merged	7	0.0000	0.0000	1.0000
PsFluSBW25_chrm01_circ_1187882	Pf_BP_2_D252_S26_L001-L004_merged	7	0.0000	0.0000	1.0000
PsFluSBW25_chrm01_circ_1187882	Pf_BP_2_D279_S59_L001-L004_merged	7	0.0000	0.0000	1.0000
PsFluSBW25_chrm01_circ_1187882	Pf_BP_2_D28_S12_L001-L004_merged	7	0.0000	0.0000	1.0000
PsFluSBW25_chrm01_circ_1187882	Pf_BP_2_D310_S5_L001-L004_merged	7	0.0000	0.0000	1.0000
PsFluSBW25_chrm01_circ_1187882	Pf_BP_2_D336_S38_L001-L004_merged	7	0.0000	0.0000	1.0000
PsFluSBW25_chrm01_circ_1187882	Pf_BP_2_D364_S71_L001-L004_merged	7	0.0000	0.0000	1.0000
PsFluSBW25_chrm01_circ_1187882	Pf_BP_2_D392_S101_L001-L004_merged	7	0.0000	0.0000	1.0000
PsFluSBW25_chrm01_circ_1187882	Pf_BP_2_D420_S50_L001-L004_merged	7	0.0000	0.0000	1.0000
PsFluSBW25_chrm01_circ_1187882	Pf_BP_2_D448_S83_L001-L004_merged	7	0.0000	0.0000	1.0000
PsFluSBW25_chrm01_circ_1187882	Pf_BP_2_D476_S62_L001-L004_merged	7	0.0000	0.0000	1.0000
PsFluSBW25_chrm01_circ_1187882	Pf_BP_2_D504_S161_L001-L004_merged	7	0.0000	0.0000	1.0000
PsFluSBW25_chrm01_circ_1187882	Pf_BP_2_D532_S126_L001-L004_merged	7	0.0000	0.0000	1.0000
PsFluSBW25_chrm01_circ_1187882	Pf_BP_2_D56_S56_L001-L004_merged	7	0.0000	0.0000	1.0000
PsFluSBW25_chrm01_circ_1187882	Pf_BP_2_D588_S86_L001-L004_merged	7	0.0125	0.0043	1.0000
PsFluSBW25_chrm01_circ_1187882	Pf_BP_2_D623_S104_L001-L004_merged	7	0.0313	0.0030	1.0000
PsFluSBW25_chrm01_circ_1187882	Pf_BP_2_D644_S152_L001-L004_merged	7	0.0487	0.0041	1.0000
PsFluSBW25_chrm01_circ_1187882	Pf_BP_2_D700_S177_L001-L004_merged	7	0.0320	0.0037	1.0000
PsFluSBW25_chrm01_circ_1187882	Pf_BP_2_D728_S118_L001-L004_merged	7	0.1350	0.0062	1.0000
PsFluSBW25_chrm01_circ_1187882	Pf_BP_2_D756_S154_L001-L004_merged	7	0.2689	0.0086	1.0000
PsFluSBW25_chrm01_circ_1187882	Pf_BP_2_D784_S95_L001-L004_merged	7	0.3502	0.0084	1.0000
PsFluSBW25_chrm01_circ_1187882	Pf_BP_2_D84_S2_L001-L004_merged	7	0.0000	0.0000	1.0000
PsFluSBW25_chrm01_circ_1247036	PS_Pf_r02_2017_01_09_L001	7	0.0000	0.0000	1.0000
PsFluSBW25_chrm01_circ_1247036	Pf_BP_2_D112_S35_L001-L004_merged	7	0.0000	0.0000	1.0000
PsFluSBW25_chrm01_circ_1247036	Pf_BP_2_D140_S68_L001-L004_merged	7	0.0000	0.0000	1.0000
PsFluSBW25_chrm01_circ_1247036	Pf_BP_2_D168_S14_L001-L004_merged	7	0.0000	0.0000	1.0000
PsFluSBW25_chrm01_circ_1247036	Pf_BP_2_D196_S47_L001-L004_merged	7	0.0000	0.0000	1.0000
PsFluSBW25_chrm01_circ_1247036	Pf_BP_2_D224_S80_L001-L004_merged	7	0.0000	0.0000	1.0000
PsFluSBW25_chrm01_circ_1247036	Pf_BP_2_D252_S26_L001-L004_merged	7	0.0000	0.0000	1.0000
PsFluSBW25_chrm01_circ_1247036	Pf_BP_2_D279_S59_L001-L004_merged	7	0.0000	0.0000	1.0000
PsFluSBW25_chrm01_circ_1247036	Pf_BP_2_D28_S12_L001-L004_merged	7	0.0000	0.0000	1.0000
PsFluSBW25_chrm01_circ_1247036	Pf_BP_2_D310_S5_L001-L004_merged	7	0.0000	0.0000	1.0000
PsFluSBW25_chrm01_circ_1247036	Pf_BP_2_D336_S38_L001-L004_merged	7	0.0000	0.0000	1.0000
PsFluSBW25_chrm01_circ_1247036	Pf_BP_2_D364_S71_L001-L004_merged	7	0.0000	0.0000	1.0000
PsFluSBW25_chrm01_circ_1247036	Pf_BP_2_D392_S101_L001-L004_merged	7	0.0000	0.0000	1.0000
PsFluSBW25_chrm01_circ_1247036	Pf_BP_2_D420_S50_L001-L004_merged	7	0.0000	0.0000	1.0000
PsFluSBW25_chrm01_circ_1247036	Pf_BP_2_D448_S83_L001-L004_merged	7	0.0000	0.0000	1.0000
PsFluSBW25_chrm01_circ_1247036	Pf_BP_2_D476_S62_L001-L004_merged	7	0.0000	0.0000	1.0000
PsFluSBW25_chrm01_circ_1247036	Pf_BP_2_D504_S161_L001-L004_merged	7	0.0000	0.0000	1.0000
PsFluSBW25_chrm01_circ_1247036	Pf_BP_2_D532_S126_L001-L004_merged	7	0.0000	0.0000	1.0000
PsFluSBW25_chrm01_circ_1247036	Pf_BP_2_D56_S56_L001-L004_merged	7	0.0000	0.0000	1.0000
PsFluSBW25_chrm01_circ_1247036	Pf_BP_2_D588_S86_L001-L004_merged	7	0.0125	0.0043	1.0000
PsFluSBW25_chrm01_circ_1247036	Pf_BP_2_D623_S104_L001-L004_merged	7	0.0313	0.0030	1.0000
PsFluSBW25_chrm01_circ_1247036	Pf_BP_2_D644_S152_L001-L004_merged	7	0.0487	0.0041	1.0000
PsFluSBW25_chrm01_circ_1247036	Pf_BP_2_D700_S177_L001-L004_merged	7	0.0320	0.0037	1.0000
PsFluSBW25_chrm01_circ_1247036	Pf_BP_2_D728_S118_L001-L004_merged	7	0.1350	0.0062	1.0000
PsFluSBW25_chrm01_circ_1247036	Pf_BP_2_D756_S154_L001-L004_merged	7	0.2689	0.0086	1.0000
PsFluSBW25_chrm01_circ_1247036	Pf_BP_2_D784_S95_L001-L004_merged	7	0.3502	0.0084	1.0000
PsFluSBW25_chrm01_circ_1247036	Pf_BP_2_D84_S2_L001-L004_merged	7	0.0000	0.0000	1.0000
PsFluSBW25_chrm01_circ_1275119	PS_Pf_r02_2017_01_09_L001	7	0.0000	0.0000	1.0000
PsFluSBW25_chrm01_circ_1275119	Pf_BP_2_D112_S35_L001-L004_merged	7	0.0000	0.0000	1.0000
PsFluSBW25_chrm01_circ_1275119	Pf_BP_2_D140_S68_L001-L004_merged	7	0.0000	0.0000	1.0000
PsFluSBW25_chrm01_circ_1275119	Pf_BP_2_D168_S14_L001-L004_merged	7	0.0000	0.0000	1.0000
PsFluSBW25_chrm01_circ_1275119	Pf_BP_2_D196_S47_L001-L004_merged	7	0.0000	0.0000	1.0000
PsFluSBW25_chrm01_circ_1275119	Pf_BP_2_D224_S80_L001-L004_merged	7	0.0000	0.0000	1.0000
PsFluSBW25_chrm01_circ_1275119	Pf_BP_2_D252_S26_L001-L004_merged	7	0.0000	0.0000	1.0000
PsFluSBW25_chrm01_circ_1275119	Pf_BP_2_D279_S59_L001-L004_merged	7	0.0000	0.0000	1.0000
PsFluSBW25_chrm01_circ_1275119	Pf_BP_2_D28_S12_L001-L004_merged	7	0.0000	0.0000	1.0000
PsFluSBW25_chrm01_circ_1275119	Pf_BP_2_D310_S5_L001-L004_merged	7	0.0000	0.0000	1.0000
PsFluSBW25_chrm01_circ_1275119	Pf_BP_2_D336_S38_L001-L004_merged	7	0.0000	0.0000	1.0000
PsFluSBW25_chrm01_circ_1275119	Pf_BP_2_D364_S71_L001-L004_merged	7	0.0000	0.0000	1.0000
PsFluSBW25_chrm01_circ_1275119	Pf_BP_2_D392_S101_L001-L004_merged	7	0.0000	0.0000	1.0000
PsFluSBW25_chrm01_circ_1275119	Pf_BP_2_D420_S50_L001-L004_merged	7	0.0000	0.0000	1.0000
PsFluSBW25_chrm01_circ_1275119	Pf_BP_2_D448_S83_L001-L004_merged	7	0.0000	0.0000	1.0000
PsFluSBW25_chrm01_circ_1275119	Pf_BP_2_D476_S62_L001-L004_merged	7	0.0000	0.0000	1.0000
PsFluSBW25_chrm01_circ_1275119	Pf_BP_2_D504_S161_L001-L004_merged	7	0.0000	0.0000	1.0000
PsFluSBW25_chrm01_circ_1275119	Pf_BP_2_D532_S126_L001-L004_merged	7	0.0000	0.0000	1.0000
PsFluSBW25_chrm01_circ_1275119	Pf_BP_2_D56_S56_L001-L004_merged	7	0.0000	0.0000	1.0000
PsFluSBW25_chrm01_circ_1275119	Pf_BP_2_D588_S86_L001-L004_merged	7	0.0125	0.0043	1.0000
PsFluSBW25_chrm01_circ_1275119	Pf_BP_2_D623_S104_L001-L004_merged	7	0.0313	0.0030	1.0000
PsFluSBW25_chrm01_circ_1275119	Pf_BP_2_D644_S152_L001-L004_merged	7	0.0487	0.0041	1.0000
PsFluSBW25_chrm01_circ_1275119	Pf_BP_2_D700_S177_L001-L004_merged	7	0.0320	0.0037	1.0000
PsFluSBW25_chrm01_circ_1275119	Pf_BP_2_D728_S118_L001-L004_merged	7	0.1350	0.0062	1.0000
PsFluSBW25_chrm01_circ_1275119	Pf_BP_2_D756_S154_L001-L004_merged	7	0.2689	0.0086	1.0000
PsFluSBW25_chrm01_circ_1275119	Pf_BP_2_D784_S95_L001-L004_merged	7	0.3502	0.0084	1.0000
PsFluSBW25_chrm01_circ_1275119	Pf_BP_2_D84_S2_L001-L004_merged	7	0.0000	0.0000	1.0000
PsFluSBW25_chrm01_circ_1302492	PS_Pf_r02_2017_01_09_L001	7	0.0000	0.0000	1.0000
PsFluSBW25_chrm01_circ_1302492	Pf_BP_2_D112_S35_L001-L004_merged	7	0.0000	0.0000	1.0000
PsFluSBW25_chrm01_circ_1302492	Pf_BP_2_D140_S68_L001-L004_merged	7	0.0000	0.0000	1.0000
PsFluSBW25_chrm01_circ_1302492	Pf_BP_2_D168_S14_L001-L004_merged	7	0.0000	0.0000	1.0000
PsFluSBW25_chrm01_circ_1302492	Pf_BP_2_D196_S47_L001-L004_merged	7	0.0000	0.0000	1.0000
PsFluSBW25_chrm01_circ_1302492	Pf_BP_2_D224_S80_L001-L004_merged	7	0.0000	0.0000	1.0000
PsFluSBW25_chrm01_circ_1302492	Pf_BP_2_D252_S26_L001-L004_merged	7	0.0000	0.0000	1.0000
PsFluSBW25_chrm01_circ_1302492	Pf_BP_2_D279_S59_L001-L004_merged	7	0.0000	0.0000	1.0000
PsFluSBW25_chrm01_circ_1302492	Pf_BP_2_D28_S12_L001-L004_merged	7	0.0000	0.0000	1.0000
PsFluSBW25_chrm01_circ_1302492	Pf_BP_2_D310_S5_L001-L004_merged	7	0.0000	0.0000	1.0000
PsFluSBW25_chrm01_circ_1302492	Pf_BP_2_D336_S38_L001-L004_merged	7	0.0000	0.0000	1.0000
PsFluSBW25_chrm01_circ_1302492	Pf_BP_2_D364_S71_L001-L004_merged	7	0.0000	0.0000	1.0000
PsFluSBW25_chrm01_circ_1302492	Pf_BP_2_D392_S101_L001-L004_merged	7	0.0000	0.0000	1.0000
PsFluSBW25_chrm01_circ_1302492	Pf_BP_2_D420_S50_L001-L004_merged	7	0.0000	0.0000	1.0000
PsFluSBW25_chrm01_circ_1302492	Pf_BP_2_D448_S83_L001-L004_merged	7	0.0000	0.0000	1.0000
PsFluSBW25_chrm01_circ_1302492	Pf_BP_2_D476_S62_L001-L004_merged	7	0.0000	0.0000	1.0000
PsFluSBW25_chrm01_circ_1302492	Pf_BP_2_D504_S161_L001-L004_merged	7	0.0000	0.0000	1.0000
PsFluSBW25_chrm01_circ_1302492	Pf_BP_2_D532_S126_L001-L004_merged	7	0.0000	0.0000	1.0000
PsFluSBW25_chrm01_circ_1302492	Pf_BP_2_D56_S56_L001-L004_merged	7	0.0000	0.0000	1.0000
PsFluSBW25_chrm01_circ_1302492	Pf_BP_2_D588_S86_L001-L004_merged	7	0.0125	0.0043	1.0000
PsFluSBW25_chrm01_circ_1302492	Pf_BP_2_D623_S104_L001-L004_merged	7	0.0313	0.0030	1.0000
PsFluSBW25_chrm01_circ_1302492	Pf_BP_2_D644_S152_L001-L004_merged	7	0.0487	0.0041	1.0000
PsFluSBW25_chrm01_circ_1302492	Pf_BP_2_D700_S177_L001-L004_merged	7	0.0320	0.0037	1.0000
PsFluSBW25_chrm01_circ_1302492	Pf_BP_2_D728_S118_L001-L004_merged	7	0.1350	0.0062	1.0000
PsFluSBW25_chrm01_circ_1302492	Pf_BP_2_D756_S154_L001-L004_merged	7	0.2689	0.0086	1.0000
PsFluSBW25_chrm01_circ_1302492	Pf_BP_2_D784_S95_L001-L004_merged	7	0.3502	0.0084	1.0000
PsFluSBW25_chrm01_circ_1302492	Pf_BP_2_D84_S2_L001-L004_merged	7	0.0000	0.0000	1.0000
PsFluSBW25_chrm01_circ_1358276	PS_Pf_r02_2017_01_09_L001	7	0.0000	0.0000	1.0000
PsFluSBW25_chrm01_circ_1358276	Pf_BP_2_D112_S35_L001-L004_merged	7	0.0000	0.0000	1.0000
PsFluSBW25_chrm01_circ_1358276	Pf_BP_2_D140_S68_L001-L004_merged	7	0.0000	0.0000	1.0000
PsFluSBW25_chrm01_circ_1358276	Pf_BP_2_D168_S14_L001-L004_merged	7	0.0000	0.0000	1.0000
PsFluSBW25_chrm01_circ_1358276	Pf_BP_2_D196_S47_L001-L004_merged	7	0.0000	0.0000	1.0000
PsFluSBW25_chrm01_circ_1358276	Pf_BP_2_D224_S80_L001-L004_merged	7	0.0000	0.0000	1.0000
PsFluSBW25_chrm01_circ_1358276	Pf_BP_2_D252_S26_L001-L004_merged	7	0.0000	0.0000	1.0000
PsFluSBW25_chrm01_circ_1358276	Pf_BP_2_D279_S59_L001-L004_merged	7	0.0000	0.0000	1.0000
PsFluSBW25_chrm01_circ_1358276	Pf_BP_2_D28_S12_L001-L004_merged	7	0.0000	0.0000	1.0000
PsFluSBW25_chrm01_circ_1358276	Pf_BP_2_D310_S5_L001-L004_merged	7	0.0000	0.0000	1.0000
PsFluSBW25_chrm01_circ_1358276	Pf_BP_2_D336_S38_L001-L004_merged	7	0.0000	0.0000	1.0000
PsFluSBW25_chrm01_circ_1358276	Pf_BP_2_D364_S71_L001-L004_merged	7	0.0000	0.0000	1.0000
PsFluSBW25_chrm01_circ_1358276	Pf_BP_2_D392_S101_L001-L004_merged	7	0.0000	0.0000	1.0000
PsFluSBW25_chrm01_circ_1358276	Pf_BP_2_D420_S50_L001-L004_merged	7	0.0000	0.0000	1.0000
PsFluSBW25_chrm01_circ_1358276	Pf_BP_2_D448_S83_L001-L004_merged	7	0.0000	0.0000	1.0000
PsFluSBW25_chrm01_circ_1358276	Pf_BP_2_D476_S62_L001-L004_merged	7	0.0000	0.0000	1.0000
PsFluSBW25_chrm01_circ_1358276	Pf_BP_2_D504_S161_L001-L004_merged	7	0.0000	0.0000	1.0000
PsFluSBW25_chrm01_circ_1358276	Pf_BP_2_D532_S126_L001-L004_merged	7	0.0000	0.0000	1.0000
PsFluSBW25_chrm01_circ_1358276	Pf_BP_2_D56_S56_L001-L004_merged	7	0.0000	0.0000	1.0000
PsFluSBW25_chrm01_circ_1358276	Pf_BP_2_D588_S86_L001-L004_merged	7	0.0125	0.0043	1.0000
PsFluSBW25_chrm01_circ_1358276	Pf_BP_2_D623_S104_L001-L004_merged	7	0.0313	0.0030	1.0000
PsFluSBW25_chrm01_circ_1358276	Pf_BP_2_D644_S152_L001-L004_merged	7	0.0487	0.0041	1.0000
PsFluSBW25_chrm01_circ_1358276	Pf_BP_2_D700_S177_L001-L004_merged	7	0.0320	0.0037	1.0000
PsFluSBW25_chrm01_circ_1358276	Pf_BP_2_D728_S118_L001-L004_merged	7	0.1350	0.0062	1.0000
PsFluSBW25_chrm01_circ_1358276	Pf_BP_2_D756_S154_L001-L004_merged	7	0.2689	0.0086	1.0000
PsFluSBW25_chrm01_circ_1358276	Pf_BP_2_D784_S95_L001-L004_merged	7	0.3502	0.0084	1.0000
PsFluSBW25_chrm01_circ_1358276	Pf_BP_2_D84_S2_L001-L004_merged	7	0.0000	0.0000	1.0000
PsFluSBW25_chrm01_circ_1389796	PS_Pf_r02_2017_01_09_L001	7	0.0000	0.0000	1.0000
PsFluSBW25_chrm01_circ_1389796	Pf_BP_2_D112_S35_L001-L004_merged	7	0.0000	0.0000	1.0000
PsFluSBW25_chrm01_circ_1389796	Pf_BP_2_D140_S68_L001-L004_merged	7	0.0000	0.0000	1.0000
PsFluSBW25_chrm01_circ_1389796	Pf_BP_2_D168_S14_L001-L004_merged	7	0.0000	0.0000	1.0000
PsFluSBW25_chrm01_circ_1389796	Pf_BP_2_D196_S47_L001-L004_merged	7	0.0000	0.0000	1.0000
PsFluSBW25_chrm01_circ_1389796	Pf_BP_2_D224_S80_L001-L004_merged	7	0.0000	0.0000	1.0000
PsFluSBW25_chrm01_circ_1389796	Pf_BP_2_D252_S26_L001-L004_merged	7	0.0000	0.0000	1.0000
PsFluSBW25_chrm01_circ_1389796	Pf_BP_2_D279_S59_L001-L004_merged	7	0.0000	0.0000	1.0000
PsFluSBW25_chrm01_circ_1389796	Pf_BP_2_D28_S12_L001-L004_merged	7	0.0000	0.0000	1.0000
PsFluSBW25_chrm01_circ_1389796	Pf_BP_2_D310_S5_L001-L004_merged	7	0.0000	0.0000	1.0000
PsFluSBW25_chrm01_circ_1389796	Pf_BP_2_D336_S38_L001-L004_merged	7	0.0000	0.0000	1.0000
PsFluSBW25_chrm01_circ_1389796	Pf_BP_2_D364_S71_L001-L004_merged	7	0.0000	0.0000	1.0000
PsFluSBW25_chrm01_circ_1389796	Pf_BP_2_D392_S101_L001-L004_merged	7	0.0000	0.0000	1.0000
PsFluSBW25_chrm01_circ_1389796	Pf_BP_2_D420_S50_L001-L004_merged	7	0.0000	0.0000	1.0000
PsFluSBW25_chrm01_circ_1389796	Pf_BP_2_D448_S83_L001-L004_merged	7	0.0000	0.0000	1.0000
PsFluSBW25_chrm01_circ_1389796	Pf_BP_2_D476_S62_L001-L004_merged	7	0.0000	0.0000	1.0000
PsFluSBW25_chrm01_circ_1389796	Pf_BP_2_D504_S161_L001-L004_merged	7	0.0000	0.0000	1.0000
PsFluSBW25_chrm01_circ_1389796	Pf_BP_2_D532_S126_L001-L004_merged	7	0.0000	0.0000	1.0000
PsFluSBW25_chrm01_circ_1389796	Pf_BP_2_D56_S56_L001-L004_merged	7	0.0000	0.0000	1.0000
PsFluSBW25_chrm01_circ_1389796	Pf_BP_2_D588_S86_L001-L004_merged	7	0.0125	0.0043	1.0000
PsFluSBW25_chrm01_circ_1389796	Pf_BP_2_D623_S104_L001-L004_merged	7	0.0313	0.0030	1.0000
PsFluSBW25_chrm01_circ_1389796	Pf_BP_2_D644_S152_L001-L004_merged	7	0.0487	0.0041	1.0000
PsFluSBW25_chrm01_circ_1389796	Pf_BP_2_D700_S177_L001-L004_merged	7	0.0320	0.0037	1.0000
PsFluSBW25_chrm01_circ_1389796	Pf_BP_2_D728_S118_L001-L004_merged	7	0.1350	0.0062	1.0000
PsFluSBW25_chrm01_circ_1389796	Pf_BP_2_D756_S154_L001-L004_merged	7	0.2689	0.0086	1.0000
PsFluSBW25_chrm01_circ_1389796	Pf_BP_2_D784_S95_L001-L004_merged	7	0.3502	0.0084	1.0000
PsFluSBW25_chrm01_circ_1389796	Pf_BP_2_D84_S2_L001-L004_merged	7	0.0000	0.0000	1.0000
PsFluSBW25_chrm01_circ_1425420	PS_Pf_r02_2017_01_09_L001	7	0.0000	0.0000	1.0000
PsFluSBW25_chrm01_circ_1425420	Pf_BP_2_D112_S35_L001-L004_merged	7	0.0000	0.0000	1.0000
PsFluSBW25_chrm01_circ_1425420	Pf_BP_2_D140_S68_L001-L004_merged	7	0.0000	0.0000	1.0000
PsFluSBW25_chrm01_circ_1425420	Pf_BP_2_D168_S14_L001-L004_merged	7	0.0000	0.0000	1.0000
PsFluSBW25_chrm01_circ_1425420	Pf_BP_2_D196_S47_L001-L004_merged	7	0.0000	0.0000	1.0000
PsFluSBW25_chrm01_circ_1425420	Pf_BP_2_D224_S80_L001-L004_merged	7	0.0000	0.0000	1.0000
PsFluSBW25_chrm01_circ_1425420	Pf_BP_2_D252_S26_L001-L004_merged	7	0.0000	0.0000	1.0000
PsFluSBW25_chrm01_circ_1425420	Pf_BP_2_D279_S59_L001-L004_merged	7	0.0000	0.0000	1.0000
PsFluSBW25_chrm01_circ_1425420	Pf_BP_2_D28_S12_L001-L004_merged	7	0.0000	0.0000	1.0000
PsFluSBW25_chrm01_circ_1425420	Pf_BP_2_D310_S5_L001-L004_merged	7	0.0000	0.0000	1.0000
PsFluSBW25_chrm01_circ_1425420	Pf_BP_2_D336_S38_L001-L004_merged	7	0.0000	0.0000	1.0000
PsFluSBW25_chrm01_circ_1425420	Pf_BP_2_D364_S71_L001-L004_merged	7	0.0000	0.0000	1.0000
PsFluSBW25_chrm01_circ_1425420	Pf_BP_2_D392_S101_L001-L004_merged	7	0.0000	0.0000	1.0000
PsFluSBW25_chrm01_circ_1425420	Pf_BP_2_D420_S50_L001-L004_merged	7	0.0000	0.0000	1.0000
PsFluSBW25_chrm01_circ_1425420	Pf_BP_2_D448_S83_L001-L004_merged	7	0.0000	0.0000	1.0000
PsFluSBW25_chrm01_circ_1425420	Pf_BP_2_D476_S62_L001-L004_merged	7	0.0000	0.0000	1.0000
PsFluSBW25_chrm01_circ_1425420	Pf_BP_2_D504_S161_L001-L004_merged	7	0.0000	0.0000	1.0000
PsFluSBW25_chrm01_circ_1425420	Pf_BP_2_D532_S126_L001-L004_merged	7	0.0000	0.0000	1.0000
PsFluSBW25_chrm01_circ_1425420	Pf_BP_2_D56_S56_L001-L004_merged	7	0.0000	0.0000	1.0000
PsFluSBW25_chrm01_circ_1425420	Pf_BP_2_D588_S86_L001-L004_merged	7	0.0125	0.0043	1.0000
PsFluSBW25_chrm01_circ_1425420	Pf_BP_2_D623_S104_L001-L004_merged	7	0.0313	0.0030	1.0000
PsFluSBW25_chrm01_circ_1425420	Pf_BP_2_D644_S152_L001-L004_merged	7	0.0487	0.0041	1.0000
PsFluSBW25_chrm01_circ_1425420	Pf_BP_2_D700_S177_L001-L004_merged	7	0.0320	0.0037	1.0000
PsFluSBW25_chrm01_circ_1425420	Pf_BP_2_D728_S118_L001-L004_merged	7	0.1350	0.0062	1.0000
PsFluSBW25_chrm01_circ_1425420	Pf_BP_2_D756_S154_L001-L004_merged	7	0.2689	0.0086	1.0000
PsFluSBW25_chrm01_circ_1425420	Pf_BP_2_D784_S95_L001-L004_merged	7	0.3502	0.0084	1.0000
PsFluSBW25_chrm01_circ_1425420	Pf_BP_2_D84_S2_L001-L004_merged	7	0.0000	0.0000	1.0000
PsFluSBW25_chrm01_circ_1545439	PS_Pf_r02_2017_01_09_L001	7	0.0000	0.0000	1.0000
PsFluSBW25_chrm01_circ_1545439	Pf_BP_2_D112_S35_L001-L004_merged	7	0.0000	0.0000	1.0000
PsFluSBW25_chrm01_circ_1545439	Pf_BP_2_D140_S68_L001-L004_merged	7	0.0000	0.0000	1.0000
PsFluSBW25_chrm01_circ_1545439	Pf_BP_2_D168_S14_L001-L004_merged	7	0.0000	0.0000	1.0000
PsFluSBW25_chrm01_circ_1545439	Pf_BP_2_D196_S47_L001-L004_merged	7	0.0000	0.0000	1.0000
PsFluSBW25_chrm01_circ_1545439	Pf_BP_2_D224_S80_L001-L004_merged	7	0.0000	0.0000	1.0000
PsFluSBW25_chrm01_circ_1545439	Pf_BP_2_D252_S26_L001-L004_merged	7	0.0000	0.0000	1.0000
PsFluSBW25_chrm01_circ_1545439	Pf_BP_2_D279_S59_L001-L004_merged	7	0.0000	0.0000	1.0000
PsFluSBW25_chrm01_circ_1545439	Pf_BP_2_D28_S12_L001-L004_merged	7	0.0000	0.0000	1.0000
PsFluSBW25_chrm01_circ_1545439	Pf_BP_2_D310_S5_L001-L004_merged	7	0.0000	0.0000	1.0000
PsFluSBW25_chrm01_circ_1545439	Pf_BP_2_D336_S38_L001-L004_merged	7	0.0000	0.0000	1.0000
PsFluSBW25_chrm01_circ_1545439	Pf_BP_2_D364_S71_L001-L004_merged	7	0.0000	0.0000	1.0000
PsFluSBW25_chrm01_circ_1545439	Pf_BP_2_D392_S101_L001-L004_merged	7	0.0000	0.0000	1.0000
PsFluSBW25_chrm01_circ_1545439	Pf_BP_2_D420_S50_L001-L004_merged	7	0.0000	0.0000	1.0000
PsFluSBW25_chrm01_circ_1545439	Pf_BP_2_D448_S83_L001-L004_merged	7	0.0000	0.0000	1.0000
PsFluSBW25_chrm01_circ_1545439	Pf_BP_2_D476_S62_L001-L004_merged	7	0.0000	0.0000	1.0000
PsFluSBW25_chrm01_circ_1545439	Pf_BP_2_D504_S161_L001-L004_merged	7	0.0000	0.0000	1.0000
PsFluSBW25_chrm01_circ_1545439	Pf_BP_2_D532_S126_L001-L004_merged	7	0.0000	0.0000	1.0000
PsFluSBW25_chrm01_circ_1545439	Pf_BP_2_D56_S56_L001-L004_merged	7	0.0000	0.0000	1.0000
PsFluSBW25_chrm01_circ_1545439	Pf_BP_2_D588_S86_L001-L004_merged	7	0.0125	0.0043	1.0000
PsFluSBW25_chrm01_circ_1545439	Pf_BP_2_D623_S104_L001-L004_merged	7	0.0313	0.0030	1.0000
PsFluSBW25_chrm01_circ_1545439	Pf_BP_2_D644_S152_L001-L004_merged	7	0.0487	0.0041	1.0000
PsFluSBW25_chrm01_circ_1545439	Pf_BP_2_D700_S177_L001-L004_merged	7	0.0320	0.0037	1.0000
PsFluSBW25_chrm01_circ_1545439	Pf_BP_2_D728_S118_L001-L004_merged	7	0.1350	0.0062	1.0000
PsFluSBW25_chrm01_circ_1545439	Pf_BP_2_D756_S154_L001-L004_merged	7	0.2689	0.0086	1.0000
PsFluSBW25_chrm01_circ_1545439	Pf_BP_2_D784_S95_L001-L004_merged	7	0.3502	0.0084	1.0000
PsFluSBW25_chrm01_circ_1545439	Pf_BP_2_D84_S2_L001-L004_merged	7	0.0000	0.0000	1.0000
PsFluSBW25_chrm01_circ_1588229	PS_Pf_r02_2017_01_09_L001	7	0.0000	0.0000	0.9968
PsFluSBW25_chrm01_circ_1588229	Pf_BP_2_D112_S35_L001-L004_merged	7	0.0000	0.0000	0.9968
PsFluSBW25_chrm01_circ_1588229	Pf_BP_2_D140_S68_L001-L004_merged	7	0.0000	0.0000	0.9968
PsFluSBW25_chrm01_circ_1588229	Pf_BP_2_D168_S14_L001-L004_merged	7	0.0000	0.0000	0.9968
PsFluSBW25_chrm01_circ_1588229	Pf_BP_2_D196_S47_L001-L004_merged	7	0.0000	0.0000	0.9968
PsFluSBW25_chrm01_circ_1588229	Pf_BP_2_D224_S80_L001-L004_merged	7	0.0000	0.0000	0.9968
PsFluSBW25_chrm01_circ_1588229	Pf_BP_2_D252_S26_L001-L004_merged	7	0.0000	0.0000	0.9968
PsFluSBW25_chrm01_circ_1588229	Pf_BP_2_D279_S59_L001-L004_merged	7	0.0000	0.0000	0.9968
PsFluSBW25_chrm01_circ_1588229	Pf_BP_2_D28_S12_L001-L004_merged	7	0.0000	0.0000	0.9968
PsFluSBW25_chrm01_circ_1588229	Pf_BP_2_D310_S5_L001-L004_merged	7	0.0000	0.0000	0.9968
PsFluSBW25_chrm01_circ_1588229	Pf_BP_2_D336_S38_L001-L004_merged	7	0.0000	0.0000	0.9968
PsFluSBW25_chrm01_circ_1588229	Pf_BP_2_D364_S71_L001-L004_merged	7	0.0000	0.0000	0.9968
PsFluSBW25_chrm01_circ_1588229	Pf_BP_2_D392_S101_L001-L004_merged	7	0.0000	0.0000	0.9968
PsFluSBW25_chrm01_circ_1588229	Pf_BP_2_D420_S50_L001-L004_merged	7	0.0000	0.0000	0.9968
PsFluSBW25_chrm01_circ_1588229	Pf_BP_2_D448_S83_L001-L004_merged	7	0.0000	0.0000	0.9968
PsFluSBW25_chrm01_circ_1588229	Pf_BP_2_D476_S62_L001-L004_merged	7	0.0000	0.0000	0.9968
PsFluSBW25_chrm01_circ_1588229	Pf_BP_2_D504_S161_L001-L004_merged	7	0.0000	0.0000	0.9968
PsFluSBW25_chrm01_circ_1588229	Pf_BP_2_D532_S126_L001-L004_merged	7	0.0000	0.0000	0.9968
PsFluSBW25_chrm01_circ_1588229	Pf_BP_2_D56_S56_L001-L004_merged	7	0.0000	0.0000	0.9968
PsFluSBW25_chrm01_circ_1588229	Pf_BP_2_D588_S86_L001-L004_merged	7	0.0125	0.0043	0.9968
PsFluSBW25_chrm01_circ_1588229	Pf_BP_2_D623_S104_L001-L004_merged	7	0.0313	0.0030	0.9968
PsFluSBW25_chrm01_circ_1588229	Pf_BP_2_D644_S152_L001-L004_merged	7	0.0487	0.0041	0.9968
PsFluSBW25_chrm01_circ_1588229	Pf_BP_2_D700_S177_L001-L004_merged	7	0.0320	0.0037	0.9968
PsFluSBW25_chrm01_circ_1588229	Pf_BP_2_D728_S118_L001-L004_merged	7	0.1350	0.0062	0.9968
PsFluSBW25_chrm01_circ_1588229	Pf_BP_2_D756_S154_L001-L004_merged	7	0.2689	0.0086	0.9968
PsFluSBW25_chrm01_circ_1588229	Pf_BP_2_D784_S95_L001-L004_merged	7	0.3502	0.0084	0.9968
PsFluSBW25_chrm01_circ_1588229	Pf_BP_2_D84_S2_L001-L004_merged	7	0.0000	0.0000	0.9968
PsFluSBW25_chrm01_circ_1631938	PS_Pf_r02_2017_01_09_L001	7	0.0000	0.0000	0.8703
PsFluSBW25_chrm01_circ_1631938	Pf_BP_2_D112_S35_L001-L004_merged	7	0.0000	0.0000	0.8703
PsFluSBW25_chrm01_circ_1631938	Pf_BP_2_D140_S68_L001-L004_merged	7	0.0000	0.0000	0.8703
PsFluSBW25_chrm01_circ_1631938	Pf_BP_2_D168_S14_L001-L004_merged	7	0.0000	0.0000	0.8703
PsFluSBW25_chrm01_circ_1631938	Pf_BP_2_D196_S47_L001-L004_merged	7	0.0000	0.0000	0.8703
PsFluSBW25_chrm01_circ_1631938	Pf_BP_2_D224_S80_L001-L004_merged	7	0.0000	0.0000	0.8703
PsFluSBW25_chrm01_circ_1631938	Pf_BP_2_D252_S26_L001-L004_merged	7	0.0000	0.0000	0.8703
PsFluSBW25_chrm01_circ_1631938	Pf_BP_2_D279_S59_L001-L004_merged	7	0.0000	0.0000	0.8703
PsFluSBW25_chrm01_circ_1631938	Pf_BP_2_D28_S12_L001-L004_merged	7	0.0000	0.0000	0.8703
PsFluSBW25_chrm01_circ_1631938	Pf_BP_2_D310_S5_L001-L004_merged	7	0.0000	0.0000	0.8703
PsFluSBW25_chrm01_circ_1631938	Pf_BP_2_D336_S38_L001-L004_merged	7	0.0000	0.0000	0.8703
PsFluSBW25_chrm01_circ_1631938	Pf_BP_2_D364_S71_L001-L004_merged	7	0.0000	0.0000	0.8703
PsFluSBW25_chrm01_circ_1631938	Pf_BP_2_D392_S101_L001-L004_merged	7	0.0000	0.0000	0.8703
PsFluSBW25_chrm01_circ_1631938	Pf_BP_2_D420_S50_L001-L004_merged	7	0.0000	0.0000	0.8703
PsFluSBW25_chrm01_circ_1631938	Pf_BP_2_D448_S83_L001-L004_merged	7	0.0000	0.0000	0.8703
PsFluSBW25_chrm01_circ_1631938	Pf_BP_2_D476_S62_L001-L004_merged	7	0.0000	0.0000	0.8703
PsFluSBW25_chrm01_circ_1631938	Pf_BP_2_D504_S161_L001-L004_merged	7	0.0000	0.0000	0.8703
PsFluSBW25_chrm01_circ_1631938	Pf_BP_2_D532_S126_L001-L004_merged	7	0.0000	0.0000	0.8703
PsFluSBW25_chrm01_circ_1631938	Pf_BP_2_D56_S56_L001-L004_merged	7	0.0000	0.0000	0.8703
PsFluSBW25_chrm01_circ_1631938	Pf_BP_2_D588_S86_L001-L004_merged	7	0.0125	0.0043	0.8703
PsFluSBW25_chrm01_circ_1631938	Pf_BP_2_D623_S104_L001-L004_merged	7	0.0313	0.0030	0.8703
PsFluSBW25_chrm01_circ_1631938	Pf_BP_2_D644_S152_L001-L004_merged	7	0.0487	0.0041	0.8703
PsFluSBW25_chrm01_circ_1631938	Pf_BP_2_D700_S177_L001-L004_merged	7	0.0320	0.0037	0.8703
PsFluSBW25_chrm01_circ_1631938	Pf_BP_2_D728_S118_L001-L004_merged	7	0.1350	0.0062	0.8703
PsFluSBW25_chrm01_circ_1631938	Pf_BP_2_D756_S154_L001-L004_merged	7	0.2689	0.0086	0.8703
PsFluSBW25_chrm01_circ_1631938	Pf_BP_2_D784_S95_L001-L004_merged	7	0.3502	0.0084	0.8703
PsFluSBW25_chrm01_circ_1631938	Pf_BP_2_D84_S2_L001-L004_merged	7	0.0000	0.0000	0.8703
PsFluSBW25_chrm01_circ_1646326	PS_Pf_r02_2017_01_09_L001	7	0.0000	0.0000	1.0000
PsFluSBW25_chrm01_circ_1646326	Pf_BP_2_D112_S35_L001-L004_merged	7	0.0000	0.0000	1.0000
PsFluSBW25_chrm01_circ_1646326	Pf_BP_2_D140_S68_L001-L004_merged	7	0.0000	0.0000	1.0000
PsFluSBW25_chrm01_circ_1646326	Pf_BP_2_D168_S14_L001-L004_merged	7	0.0000	0.0000	1.0000
PsFluSBW25_chrm01_circ_1646326	Pf_BP_2_D196_S47_L001-L004_merged	7	0.0000	0.0000	1.0000
PsFluSBW25_chrm01_circ_1646326	Pf_BP_2_D224_S80_L001-L004_merged	7	0.0000	0.0000	1.0000
PsFluSBW25_chrm01_circ_1646326	Pf_BP_2_D252_S26_L001-L004_merged	7	0.0000	0.0000	1.0000
PsFluSBW25_chrm01_circ_1646326	Pf_BP_2_D279_S59_L001-L004_merged	7	0.0000	0.0000	1.0000
PsFluSBW25_chrm01_circ_1646326	Pf_BP_2_D28_S12_L001-L004_merged	7	0.0000	0.0000	1.0000
PsFluSBW25_chrm01_circ_1646326	Pf_BP_2_D310_S5_L001-L004_merged	7	0.0000	0.0000	1.0000
PsFluSBW25_chrm01_circ_1646326	Pf_BP_2_D336_S38_L001-L004_merged	7	0.0000	0.0000	1.0000
PsFluSBW25_chrm01_circ_1646326	Pf_BP_2_D364_S71_L001-L004_merged	7	0.0000	0.0000	1.0000
PsFluSBW25_chrm01_circ_1646326	Pf_BP_2_D392_S101_L001-L004_merged	7	0.0000	0.0000	1.0000
PsFluSBW25_chrm01_circ_1646326	Pf_BP_2_D420_S50_L001-L004_merged	7	0.0000	0.0000	1.0000
PsFluSBW25_chrm01_circ_1646326	Pf_BP_2_D448_S83_L001-L004_merged	7	0.0000	0.0000	1.0000
PsFluSBW25_chrm01_circ_1646326	Pf_BP_2_D476_S62_L001-L004_merged	7	0.0000	0.0000	1.0000
PsFluSBW25_chrm01_circ_1646326	Pf_BP_2_D504_S161_L001-L004_merged	7	0.0000	0.0000	1.0000
PsFluSBW25_chrm01_circ_1646326	Pf_BP_2_D532_S126_L001-L004_merged	7	0.0000	0.0000	1.0000
PsFluSBW25_chrm01_circ_1646326	Pf_BP_2_D56_S56_L001-L004_merged	7	0.0000	0.0000	1.0000
PsFluSBW25_chrm01_circ_1646326	Pf_BP_2_D588_S86_L001-L004_merged	7	0.0125	0.0043	1.0000
PsFluSBW25_chrm01_circ_1646326	Pf_BP_2_D623_S104_L001-L004_merged	7	0.0313	0.0030	1.0000
PsFluSBW25_chrm01_circ_1646326	Pf_BP_2_D644_S152_L001-L004_merged	7	0.0487	0.0041	1.0000
PsFluSBW25_chrm01_circ_1646326	Pf_BP_2_D700_S177_L001-L004_merged	7	0.0320	0.0037	1.0000
PsFluSBW25_chrm01_circ_1646326	Pf_BP_2_D728_S118_L001-L004_merged	7	0.1350	0.0062	1.0000
PsFluSBW25_chrm01_circ_1646326	Pf_BP_2_D756_S154_L001-L004_merged	7	0.2689	0.0086	1.0000
PsFluSBW25_chrm01_circ_1646326	Pf_BP_2_D784_S95_L001-L004_merged	7	0.3502	0.0084	1.0000
PsFluSBW25_chrm01_circ_1646326	Pf_BP_2_D84_S2_L001-L004_merged	7	0.0000	0.0000	1.0000
PsFluSBW25_chrm01_circ_1778355	PS_Pf_r02_2017_01_09_L001	7	0.0000	0.0000	1.0000
PsFluSBW25_chrm01_circ_1778355	Pf_BP_2_D112_S35_L001-L004_merged	7	0.0000	0.0000	1.0000
PsFluSBW25_chrm01_circ_1778355	Pf_BP_2_D140_S68_L001-L004_merged	7	0.0000	0.0000	1.0000
PsFluSBW25_chrm01_circ_1778355	Pf_BP_2_D168_S14_L001-L004_merged	7	0.0000	0.0000	1.0000
PsFluSBW25_chrm01_circ_1778355	Pf_BP_2_D196_S47_L001-L004_merged	7	0.0000	0.0000	1.0000
PsFluSBW25_chrm01_circ_1778355	Pf_BP_2_D224_S80_L001-L004_merged	7	0.0000	0.0000	1.0000
PsFluSBW25_chrm01_circ_1778355	Pf_BP_2_D252_S26_L001-L004_merged	7	0.0000	0.0000	1.0000
PsFluSBW25_chrm01_circ_1778355	Pf_BP_2_D279_S59_L001-L004_merged	7	0.0000	0.0000	1.0000
PsFluSBW25_chrm01_circ_1778355	Pf_BP_2_D28_S12_L001-L004_merged	7	0.0000	0.0000	1.0000
PsFluSBW25_chrm01_circ_1778355	Pf_BP_2_D310_S5_L001-L004_merged	7	0.0000	0.0000	1.0000
PsFluSBW25_chrm01_circ_1778355	Pf_BP_2_D336_S38_L001-L004_merged	7	0.0000	0.0000	1.0000
PsFluSBW25_chrm01_circ_1778355	Pf_BP_2_D364_S71_L001-L004_merged	7	0.0000	0.0000	1.0000
PsFluSBW25_chrm01_circ_1778355	Pf_BP_2_D392_S101_L001-L004_merged	7	0.0000	0.0000	1.0000
PsFluSBW25_chrm01_circ_1778355	Pf_BP_2_D420_S50_L001-L004_merged	7	0.0000	0.0000	1.0000
PsFluSBW25_chrm01_circ_1778355	Pf_BP_2_D448_S83_L001-L004_merged	7	0.0000	0.0000	1.0000
PsFluSBW25_chrm01_circ_1778355	Pf_BP_2_D476_S62_L001-L004_merged	7	0.0000	0.0000	1.0000
PsFluSBW25_chrm01_circ_1778355	Pf_BP_2_D504_S161_L001-L004_merged	7	0.0000	0.0000	1.0000
PsFluSBW25_chrm01_circ_1778355	Pf_BP_2_D532_S126_L001-L004_merged	7	0.0000	0.0000	1.0000
PsFluSBW25_chrm01_circ_1778355	Pf_BP_2_D56_S56_L001-L004_merged	7	0.0000	0.0000	1.0000
PsFluSBW25_chrm01_circ_1778355	Pf_BP_2_D588_S86_L001-L004_merged	7	0.0125	0.0043	1.0000
PsFluSBW25_chrm01_circ_1778355	Pf_BP_2_D623_S104_L001-L004_merged	7	0.0313	0.0030	1.0000
PsFluSBW25_chrm01_circ_1778355	Pf_BP_2_D644_S152_L001-L004_merged	7	0.0487	0.0041	1.0000
PsFluSBW25_chrm01_circ_1778355	Pf_BP_2_D700_S177_L001-L004_merged	7	0.0320	0.0037	1.0000
PsFluSBW25_chrm01_circ_1778355	Pf_BP_2_D728_S118_L001-L004_merged	7	0.1350	0.0062	1.0000
PsFluSBW25_chrm01_circ_1778355	Pf_BP_2_D756_S154_L001-L004_merged	7	0.2689	0.0086	1.0000
PsFluSBW25_chrm01_circ_1778355	Pf_BP_2_D784_S95_L001-L004_merged	7	0.3502	0.0084	1.0000
PsFluSBW25_chrm01_circ_1778355	Pf_BP_2_D84_S2_L001-L004_merged	7	0.0000	0.0000	1.0000
PsFluSBW25_chrm01_circ_1861905	PS_Pf_r02_2017_01_09_L001	7	0.0000	0.0000	1.0000
PsFluSBW25_chrm01_circ_1861905	Pf_BP_2_D112_S35_L001-L004_merged	7	0.0000	0.0000	1.0000
PsFluSBW25_chrm01_circ_1861905	Pf_BP_2_D140_S68_L001-L004_merged	7	0.0000	0.0000	1.0000
PsFluSBW25_chrm01_circ_1861905	Pf_BP_2_D168_S14_L001-L004_merged	7	0.0000	0.0000	1.0000
PsFluSBW25_chrm01_circ_1861905	Pf_BP_2_D196_S47_L001-L004_merged	7	0.0000	0.0000	1.0000
PsFluSBW25_chrm01_circ_1861905	Pf_BP_2_D224_S80_L001-L004_merged	7	0.0000	0.0000	1.0000
PsFluSBW25_chrm01_circ_1861905	Pf_BP_2_D252_S26_L001-L004_merged	7	0.0000	0.0000	1.0000
PsFluSBW25_chrm01_circ_1861905	Pf_BP_2_D279_S59_L001-L004_merged	7	0.0000	0.0000	1.0000
PsFluSBW25_chrm01_circ_1861905	Pf_BP_2_D28_S12_L001-L004_merged	7	0.0000	0.0000	1.0000
PsFluSBW25_chrm01_circ_1861905	Pf_BP_2_D310_S5_L001-L004_merged	7	0.0000	0.0000	1.0000
PsFluSBW25_chrm01_circ_1861905	Pf_BP_2_D336_S38_L001-L004_merged	7	0.0000	0.0000	1.0000
PsFluSBW25_chrm01_circ_1861905	Pf_BP_2_D364_S71_L001-L004_merged	7	0.0000	0.0000	1.0000
PsFluSBW25_chrm01_circ_1861905	Pf_BP_2_D392_S101_L001-L004_merged	7	0.0000	0.0000	1.0000
PsFluSBW25_chrm01_circ_1861905	Pf_BP_2_D420_S50_L001-L004_merged	7	0.0000	0.0000	1.0000
PsFluSBW25_chrm01_circ_1861905	Pf_BP_2_D448_S83_L001-L004_merged	7	0.0000	0.0000	1.0000
PsFluSBW25_chrm01_circ_1861905	Pf_BP_2_D476_S62_L001-L004_merged	7	0.0000	0.0000	1.0000
PsFluSBW25_chrm01_circ_1861905	Pf_BP_2_D504_S161_L001-L004_merged	7	0.0000	0.0000	1.0000
PsFluSBW25_chrm01_circ_1861905	Pf_BP_2_D532_S126_L001-L004_merged	7	0.0000	0.0000	1.0000
PsFluSBW25_chrm01_circ_1861905	Pf_BP_2_D56_S56_L001-L004_merged	7	0.0000	0.0000	1.0000
PsFluSBW25_chrm01_circ_1861905	Pf_BP_2_D588_S86_L001-L004_merged	7	0.0125	0.0043	1.0000
PsFluSBW25_chrm01_circ_1861905	Pf_BP_2_D623_S104_L001-L004_merged	7	0.0313	0.0030	1.0000
PsFluSBW25_chrm01_circ_1861905	Pf_BP_2_D644_S152_L001-L004_merged	7	0.0487	0.0041	1.0000
PsFluSBW25_chrm01_circ_1861905	Pf_BP_2_D700_S177_L001-L004_merged	7	0.0320	0.0037	1.0000
PsFluSBW25_chrm01_circ_1861905	Pf_BP_2_D728_S118_L001-L004_merged	7	0.1350	0.0062	1.0000
PsFluSBW25_chrm01_circ_1861905	Pf_BP_2_D756_S154_L001-L004_merged	7	0.2689	0.0086	1.0000
PsFluSBW25_chrm01_circ_1861905	Pf_BP_2_D784_S95_L001-L004_merged	7	0.3502	0.0084	1.0000
PsFluSBW25_chrm01_circ_1861905	Pf_BP_2_D84_S2_L001-L004_merged	7	0.0000	0.0000	1.0000
PsFluSBW25_chrm01_circ_1925353	PS_Pf_r02_2017_01_09_L001	7	0.0000	0.0000	1.0000
PsFluSBW25_chrm01_circ_1925353	Pf_BP_2_D112_S35_L001-L004_merged	7	0.0000	0.0000	1.0000
PsFluSBW25_chrm01_circ_1925353	Pf_BP_2_D140_S68_L001-L004_merged	7	0.0000	0.0000	1.0000
PsFluSBW25_chrm01_circ_1925353	Pf_BP_2_D168_S14_L001-L004_merged	7	0.0000	0.0000	1.0000
PsFluSBW25_chrm01_circ_1925353	Pf_BP_2_D196_S47_L001-L004_merged	7	0.0000	0.0000	1.0000
PsFluSBW25_chrm01_circ_1925353	Pf_BP_2_D224_S80_L001-L004_merged	7	0.0000	0.0000	1.0000
PsFluSBW25_chrm01_circ_1925353	Pf_BP_2_D252_S26_L001-L004_merged	7	0.0000	0.0000	1.0000
PsFluSBW25_chrm01_circ_1925353	Pf_BP_2_D279_S59_L001-L004_merged	7	0.0000	0.0000	1.0000
PsFluSBW25_chrm01_circ_1925353	Pf_BP_2_D28_S12_L001-L004_merged	7	0.0000	0.0000	1.0000
PsFluSBW25_chrm01_circ_1925353	Pf_BP_2_D310_S5_L001-L004_merged	7	0.0000	0.0000	1.0000
PsFluSBW25_chrm01_circ_1925353	Pf_BP_2_D336_S38_L001-L004_merged	7	0.0000	0.0000	1.0000
PsFluSBW25_chrm01_circ_1925353	Pf_BP_2_D364_S71_L001-L004_merged	7	0.0000	0.0000	1.0000
PsFluSBW25_chrm01_circ_1925353	Pf_BP_2_D392_S101_L001-L004_merged	7	0.0000	0.0000	1.0000
PsFluSBW25_chrm01_circ_1925353	Pf_BP_2_D420_S50_L001-L004_merged	7	0.0000	0.0000	1.0000
PsFluSBW25_chrm01_circ_1925353	Pf_BP_2_D448_S83_L001-L004_merged	7	0.0000	0.0000	1.0000
PsFluSBW25_chrm01_circ_1925353	Pf_BP_2_D476_S62_L001-L004_merged	7	0.0000	0.0000	1.0000
PsFluSBW25_chrm01_circ_1925353	Pf_BP_2_D504_S161_L001-L004_merged	7	0.0000	0.0000	1.0000
PsFluSBW25_chrm01_circ_1925353	Pf_BP_2_D532_S126_L001-L004_merged	7	0.0000	0.0000	1.0000
PsFluSBW25_chrm01_circ_1925353	Pf_BP_2_D56_S56_L001-L004_merged	7	0.0000	0.0000	1.0000
PsFluSBW25_chrm01_circ_1925353	Pf_BP_2_D588_S86_L001-L004_merged	7	0.0125	0.0043	1.0000
PsFluSBW25_chrm01_circ_1925353	Pf_BP_2_D623_S104_L001-L004_merged	7	0.0313	0.0030	1.0000
PsFluSBW25_chrm01_circ_1925353	Pf_BP_2_D644_S152_L001-L004_merged	7	0.0487	0.0041	1.0000
PsFluSBW25_chrm01_circ_1925353	Pf_BP_2_D700_S177_L001-L004_merged	7	0.0320	0.0037	1.0000
PsFluSBW25_chrm01_circ_1925353	Pf_BP_2_D728_S118_L001-L004_merged	7	0.1350	0.0062	1.0000
PsFluSBW25_chrm01_circ_1925353	Pf_BP_2_D756_S154_L001-L004_merged	7	0.2689	0.0086	1.0000
PsFluSBW25_chrm01_circ_1925353	Pf_BP_2_D784_S95_L001-L004_merged	7	0.3502	0.0084	1.0000
PsFluSBW25_chrm01_circ_1925353	Pf_BP_2_D84_S2_L001-L004_merged	7	0.0000	0.0000	1.0000
PsFluSBW25_chrm01_circ_2298394	PS_Pf_r02_2017_01_09_L001	7	0.0000	0.0000	1.0000
PsFluSBW25_chrm01_circ_2298394	Pf_BP_2_D112_S35_L001-L004_merged	7	0.0000	0.0000	1.0000
PsFluSBW25_chrm01_circ_2298394	Pf_BP_2_D140_S68_L001-L004_merged	7	0.0000	0.0000	1.0000
PsFluSBW25_chrm01_circ_2298394	Pf_BP_2_D168_S14_L001-L004_merged	7	0.0000	0.0000	1.0000
PsFluSBW25_chrm01_circ_2298394	Pf_BP_2_D196_S47_L001-L004_merged	7	0.0000	0.0000	1.0000
PsFluSBW25_chrm01_circ_2298394	Pf_BP_2_D224_S80_L001-L004_merged	7	0.0000	0.0000	1.0000
PsFluSBW25_chrm01_circ_2298394	Pf_BP_2_D252_S26_L001-L004_merged	7	0.0000	0.0000	1.0000
PsFluSBW25_chrm01_circ_2298394	Pf_BP_2_D279_S59_L001-L004_merged	7	0.0000	0.0000	1.0000
PsFluSBW25_chrm01_circ_2298394	Pf_BP_2_D28_S12_L001-L004_merged	7	0.0000	0.0000	1.0000
PsFluSBW25_chrm01_circ_2298394	Pf_BP_2_D310_S5_L001-L004_merged	7	0.0000	0.0000	1.0000
PsFluSBW25_chrm01_circ_2298394	Pf_BP_2_D336_S38_L001-L004_merged	7	0.0000	0.0000	1.0000
PsFluSBW25_chrm01_circ_2298394	Pf_BP_2_D364_S71_L001-L004_merged	7	0.0000	0.0000	1.0000
PsFluSBW25_chrm01_circ_2298394	Pf_BP_2_D392_S101_L001-L004_merged	7	0.0000	0.0000	1.0000
PsFluSBW25_chrm01_circ_2298394	Pf_BP_2_D420_S50_L001-L004_merged	7	0.0000	0.0000	1.0000
PsFluSBW25_chrm01_circ_2298394	Pf_BP_2_D448_S83_L001-L004_merged	7	0.0000	0.0000	1.0000
PsFluSBW25_chrm01_circ_2298394	Pf_BP_2_D476_S62_L001-L004_merged	7	0.0000	0.0000	1.0000
PsFluSBW25_chrm01_circ_2298394	Pf_BP_2_D504_S161_L001-L004_merged	7	0.0000	0.0000	1.0000
PsFluSBW25_chrm01_circ_2298394	Pf_BP_2_D532_S126_L001-L004_merged	7	0.0000	0.0000	1.0000
PsFluSBW25_chrm01_circ_2298394	Pf_BP_2_D56_S56_L001-L004_merged	7	0.0000	0.0000	1.0000
PsFluSBW25_chrm01_circ_2298394	Pf_BP_2_D588_S86_L001-L004_merged	7	0.0125	0.0043	1.0000
PsFluSBW25_chrm01_circ_2298394	Pf_BP_2_D623_S104_L001-L004_merged	7	0.0313	0.0030	1.0000
PsFluSBW25_chrm01_circ_2298394	Pf_BP_2_D644_S152_L001-L004_merged	7	0.0487	0.0041	1.0000
PsFluSBW25_chrm01_circ_2298394	Pf_BP_2_D700_S177_L001-L004_merged	7	0.0320	0.0037	1.0000
PsFluSBW25_chrm01_circ_2298394	Pf_BP_2_D728_S118_L001-L004_merged	7	0.1350	0.0062	1.0000
PsFluSBW25_chrm01_circ_2298394	Pf_BP_2_D756_S154_L001-L004_merged	7	0.2689	0.0086	1.0000
PsFluSBW25_chrm01_circ_2298394	Pf_BP_2_D784_S95_L001-L004_merged	7	0.3502	0.0084	1.0000
PsFluSBW25_chrm01_circ_2298394	Pf_BP_2_D84_S2_L001-L004_merged	7	0.0000	0.0000	1.0000
PsFluSBW25_chrm01_circ_2360736	PS_Pf_r02_2017_01_09_L001	7	0.0000	0.0000	1.0000
PsFluSBW25_chrm01_circ_2360736	Pf_BP_2_D112_S35_L001-L004_merged	7	0.0000	0.0000	1.0000
PsFluSBW25_chrm01_circ_2360736	Pf_BP_2_D140_S68_L001-L004_merged	7	0.0000	0.0000	1.0000
PsFluSBW25_chrm01_circ_2360736	Pf_BP_2_D168_S14_L001-L004_merged	7	0.0000	0.0000	1.0000
PsFluSBW25_chrm01_circ_2360736	Pf_BP_2_D196_S47_L001-L004_merged	7	0.0000	0.0000	1.0000
PsFluSBW25_chrm01_circ_2360736	Pf_BP_2_D224_S80_L001-L004_merged	7	0.0000	0.0000	1.0000
PsFluSBW25_chrm01_circ_2360736	Pf_BP_2_D252_S26_L001-L004_merged	7	0.0000	0.0000	1.0000
PsFluSBW25_chrm01_circ_2360736	Pf_BP_2_D279_S59_L001-L004_merged	7	0.0000	0.0000	1.0000
PsFluSBW25_chrm01_circ_2360736	Pf_BP_2_D28_S12_L001-L004_merged	7	0.0000	0.0000	1.0000
PsFluSBW25_chrm01_circ_2360736	Pf_BP_2_D310_S5_L001-L004_merged	7	0.0000	0.0000	1.0000
PsFluSBW25_chrm01_circ_2360736	Pf_BP_2_D336_S38_L001-L004_merged	7	0.0000	0.0000	1.0000
PsFluSBW25_chrm01_circ_2360736	Pf_BP_2_D364_S71_L001-L004_merged	7	0.0000	0.0000	1.0000
PsFluSBW25_chrm01_circ_2360736	Pf_BP_2_D392_S101_L001-L004_merged	7	0.0000	0.0000	1.0000
PsFluSBW25_chrm01_circ_2360736	Pf_BP_2_D420_S50_L001-L004_merged	7	0.0000	0.0000	1.0000
PsFluSBW25_chrm01_circ_2360736	Pf_BP_2_D448_S83_L001-L004_merged	7	0.0000	0.0000	1.0000
PsFluSBW25_chrm01_circ_2360736	Pf_BP_2_D476_S62_L001-L004_merged	7	0.0000	0.0000	1.0000
PsFluSBW25_chrm01_circ_2360736	Pf_BP_2_D504_S161_L001-L004_merged	7	0.0000	0.0000	1.0000
PsFluSBW25_chrm01_circ_2360736	Pf_BP_2_D532_S126_L001-L004_merged	7	0.0000	0.0000	1.0000
PsFluSBW25_chrm01_circ_2360736	Pf_BP_2_D56_S56_L001-L004_merged	7	0.0000	0.0000	1.0000
PsFluSBW25_chrm01_circ_2360736	Pf_BP_2_D588_S86_L001-L004_merged	7	0.0125	0.0043	1.0000
PsFluSBW25_chrm01_circ_2360736	Pf_BP_2_D623_S104_L001-L004_merged	7	0.0313	0.0030	1.0000
PsFluSBW25_chrm01_circ_2360736	Pf_BP_2_D644_S152_L001-L004_merged	7	0.0487	0.0041	1.0000
PsFluSBW25_chrm01_circ_2360736	Pf_BP_2_D700_S177_L001-L004_merged	7	0.0320	0.0037	1.0000
PsFluSBW25_chrm01_circ_2360736	Pf_BP_2_D728_S118_L001-L004_merged	7	0.1350	0.0062	1.0000
PsFluSBW25_chrm01_circ_2360736	Pf_BP_2_D756_S154_L001-L004_merged	7	0.2689	0.0086	1.0000
PsFluSBW25_chrm01_circ_2360736	Pf_BP_2_D784_S95_L001-L004_merged	7	0.3502	0.0084	1.0000
PsFluSBW25_chrm01_circ_2360736	Pf_BP_2_D84_S2_L001-L004_merged	7	0.0000	0.0000	1.0000
PsFluSBW25_chrm01_circ_2419806	PS_Pf_r02_2017_01_09_L001	7	0.0000	0.0000	1.0000
PsFluSBW25_chrm01_circ_2419806	Pf_BP_2_D112_S35_L001-L004_merged	7	0.0000	0.0000	1.0000
PsFluSBW25_chrm01_circ_2419806	Pf_BP_2_D140_S68_L001-L004_merged	7	0.0000	0.0000	1.0000
PsFluSBW25_chrm01_circ_2419806	Pf_BP_2_D168_S14_L001-L004_merged	7	0.0000	0.0000	1.0000
PsFluSBW25_chrm01_circ_2419806	Pf_BP_2_D196_S47_L001-L004_merged	7	0.0000	0.0000	1.0000
PsFluSBW25_chrm01_circ_2419806	Pf_BP_2_D224_S80_L001-L004_merged	7	0.0000	0.0000	1.0000
PsFluSBW25_chrm01_circ_2419806	Pf_BP_2_D252_S26_L001-L004_merged	7	0.0000	0.0000	1.0000
PsFluSBW25_chrm01_circ_2419806	Pf_BP_2_D279_S59_L001-L004_merged	7	0.0000	0.0000	1.0000
PsFluSBW25_chrm01_circ_2419806	Pf_BP_2_D28_S12_L001-L004_merged	7	0.0000	0.0000	1.0000
PsFluSBW25_chrm01_circ_2419806	Pf_BP_2_D310_S5_L001-L004_merged	7	0.0000	0.0000	1.0000
PsFluSBW25_chrm01_circ_2419806	Pf_BP_2_D336_S38_L001-L004_merged	7	0.0000	0.0000	1.0000
PsFluSBW25_chrm01_circ_2419806	Pf_BP_2_D364_S71_L001-L004_merged	7	0.0000	0.0000	1.0000
PsFluSBW25_chrm01_circ_2419806	Pf_BP_2_D392_S101_L001-L004_merged	7	0.0000	0.0000	1.0000
PsFluSBW25_chrm01_circ_2419806	Pf_BP_2_D420_S50_L001-L004_merged	7	0.0000	0.0000	1.0000
PsFluSBW25_chrm01_circ_2419806	Pf_BP_2_D448_S83_L001-L004_merged	7	0.0000	0.0000	1.0000
PsFluSBW25_chrm01_circ_2419806	Pf_BP_2_D476_S62_L001-L004_merged	7	0.0000	0.0000	1.0000
PsFluSBW25_chrm01_circ_2419806	Pf_BP_2_D504_S161_L001-L004_merged	7	0.0000	0.0000	1.0000
PsFluSBW25_chrm01_circ_2419806	Pf_BP_2_D532_S126_L001-L004_merged	7	0.0000	0.0000	1.0000
PsFluSBW25_chrm01_circ_2419806	Pf_BP_2_D56_S56_L001-L004_merged	7	0.0000	0.0000	1.0000
PsFluSBW25_chrm01_circ_2419806	Pf_BP_2_D588_S86_L001-L004_merged	7	0.0125	0.0043	1.0000
PsFluSBW25_chrm01_circ_2419806	Pf_BP_2_D623_S104_L001-L004_merged	7	0.0313	0.0030	1.0000
PsFluSBW25_chrm01_circ_2419806	Pf_BP_2_D644_S152_L001-L004_merged	7	0.0487	0.0041	1.0000
PsFluSBW25_chrm01_circ_2419806	Pf_BP_2_D700_S177_L001-L004_merged	7	0.0320	0.0037	1.0000
PsFluSBW25_chrm01_circ_2419806	Pf_BP_2_D728_S118_L001-L004_merged	7	0.1350	0.0062	1.0000
PsFluSBW25_chrm01_circ_2419806	Pf_BP_2_D756_S154_L001-L004_merged	7	0.2689	0.0086	1.0000
PsFluSBW25_chrm01_circ_2419806	Pf_BP_2_D784_S95_L001-L004_merged	7	0.3502	0.0084	1.0000
PsFluSBW25_chrm01_circ_2419806	Pf_BP_2_D84_S2_L001-L004_merged	7	0.0000	0.0000	1.0000
PsFluSBW25_chrm01_circ_2429718	PS_Pf_r02_2017_01_09_L001	7	0.0000	0.0000	1.0000
PsFluSBW25_chrm01_circ_2429718	Pf_BP_2_D112_S35_L001-L004_merged	7	0.0000	0.0000	1.0000
PsFluSBW25_chrm01_circ_2429718	Pf_BP_2_D140_S68_L001-L004_merged	7	0.0000	0.0000	1.0000
PsFluSBW25_chrm01_circ_2429718	Pf_BP_2_D168_S14_L001-L004_merged	7	0.0000	0.0000	1.0000
PsFluSBW25_chrm01_circ_2429718	Pf_BP_2_D196_S47_L001-L004_merged	7	0.0000	0.0000	1.0000
PsFluSBW25_chrm01_circ_2429718	Pf_BP_2_D224_S80_L001-L004_merged	7	0.0000	0.0000	1.0000
PsFluSBW25_chrm01_circ_2429718	Pf_BP_2_D252_S26_L001-L004_merged	7	0.0000	0.0000	1.0000
PsFluSBW25_chrm01_circ_2429718	Pf_BP_2_D279_S59_L001-L004_merged	7	0.0000	0.0000	1.0000
PsFluSBW25_chrm01_circ_2429718	Pf_BP_2_D28_S12_L001-L004_merged	7	0.0000	0.0000	1.0000
PsFluSBW25_chrm01_circ_2429718	Pf_BP_2_D310_S5_L001-L004_merged	7	0.0000	0.0000	1.0000
PsFluSBW25_chrm01_circ_2429718	Pf_BP_2_D336_S38_L001-L004_merged	7	0.0000	0.0000	1.0000
PsFluSBW25_chrm01_circ_2429718	Pf_BP_2_D364_S71_L001-L004_merged	7	0.0000	0.0000	1.0000
PsFluSBW25_chrm01_circ_2429718	Pf_BP_2_D392_S101_L001-L004_merged	7	0.0000	0.0000	1.0000
PsFluSBW25_chrm01_circ_2429718	Pf_BP_2_D420_S50_L001-L004_merged	7	0.0000	0.0000	1.0000
PsFluSBW25_chrm01_circ_2429718	Pf_BP_2_D448_S83_L001-L004_merged	7	0.0000	0.0000	1.0000
PsFluSBW25_chrm01_circ_2429718	Pf_BP_2_D476_S62_L001-L004_merged	7	0.0000	0.0000	1.0000
PsFluSBW25_chrm01_circ_2429718	Pf_BP_2_D504_S161_L001-L004_merged	7	0.0000	0.0000	1.0000
PsFluSBW25_chrm01_circ_2429718	Pf_BP_2_D532_S126_L001-L004_merged	7	0.0000	0.0000	1.0000
PsFluSBW25_chrm01_circ_2429718	Pf_BP_2_D56_S56_L001-L004_merged	7	0.0000	0.0000	1.0000
PsFluSBW25_chrm01_circ_2429718	Pf_BP_2_D588_S86_L001-L004_merged	7	0.0125	0.0043	1.0000
PsFluSBW25_chrm01_circ_2429718	Pf_BP_2_D623_S104_L001-L004_merged	7	0.0313	0.0030	1.0000
PsFluSBW25_chrm01_circ_2429718	Pf_BP_2_D644_S152_L001-L004_merged	7	0.0487	0.0041	1.0000
PsFluSBW25_chrm01_circ_2429718	Pf_BP_2_D700_S177_L001-L004_merged	7	0.0320	0.0037	1.0000
PsFluSBW25_chrm01_circ_2429718	Pf_BP_2_D728_S118_L001-L004_merged	7	0.1350	0.0062	1.0000
PsFluSBW25_chrm01_circ_2429718	Pf_BP_2_D756_S154_L001-L004_merged	7	0.2689	0.0086	1.0000
PsFluSBW25_chrm01_circ_2429718	Pf_BP_2_D784_S95_L001-L004_merged	7	0.3502	0.0084	1.0000
PsFluSBW25_chrm01_circ_2429718	Pf_BP_2_D84_S2_L001-L004_merged	7	0.0000	0.0000	1.0000
PsFluSBW25_chrm01_circ_2476233	PS_Pf_r02_2017_01_09_L001	7	0.0000	0.0000	1.0000
PsFluSBW25_chrm01_circ_2476233	Pf_BP_2_D112_S35_L001-L004_merged	7	0.0000	0.0000	1.0000
PsFluSBW25_chrm01_circ_2476233	Pf_BP_2_D140_S68_L001-L004_merged	7	0.0000	0.0000	1.0000
PsFluSBW25_chrm01_circ_2476233	Pf_BP_2_D168_S14_L001-L004_merged	7	0.0000	0.0000	1.0000
PsFluSBW25_chrm01_circ_2476233	Pf_BP_2_D196_S47_L001-L004_merged	7	0.0000	0.0000	1.0000
PsFluSBW25_chrm01_circ_2476233	Pf_BP_2_D224_S80_L001-L004_merged	7	0.0000	0.0000	1.0000
PsFluSBW25_chrm01_circ_2476233	Pf_BP_2_D252_S26_L001-L004_merged	7	0.0000	0.0000	1.0000
PsFluSBW25_chrm01_circ_2476233	Pf_BP_2_D279_S59_L001-L004_merged	7	0.0000	0.0000	1.0000
PsFluSBW25_chrm01_circ_2476233	Pf_BP_2_D28_S12_L001-L004_merged	7	0.0000	0.0000	1.0000
PsFluSBW25_chrm01_circ_2476233	Pf_BP_2_D310_S5_L001-L004_merged	7	0.0000	0.0000	1.0000
PsFluSBW25_chrm01_circ_2476233	Pf_BP_2_D336_S38_L001-L004_merged	7	0.0000	0.0000	1.0000
PsFluSBW25_chrm01_circ_2476233	Pf_BP_2_D364_S71_L001-L004_merged	7	0.0000	0.0000	1.0000
PsFluSBW25_chrm01_circ_2476233	Pf_BP_2_D392_S101_L001-L004_merged	7	0.0000	0.0000	1.0000
PsFluSBW25_chrm01_circ_2476233	Pf_BP_2_D420_S50_L001-L004_merged	7	0.0000	0.0000	1.0000
PsFluSBW25_chrm01_circ_2476233	Pf_BP_2_D448_S83_L001-L004_merged	7	0.0000	0.0000	1.0000
PsFluSBW25_chrm01_circ_2476233	Pf_BP_2_D476_S62_L001-L004_merged	7	0.0000	0.0000	1.0000
PsFluSBW25_chrm01_circ_2476233	Pf_BP_2_D504_S161_L001-L004_merged	7	0.0000	0.0000	1.0000
PsFluSBW25_chrm01_circ_2476233	Pf_BP_2_D532_S126_L001-L004_merged	7	0.0000	0.0000	1.0000
PsFluSBW25_chrm01_circ_2476233	Pf_BP_2_D56_S56_L001-L004_merged	7	0.0000	0.0000	1.0000
PsFluSBW25_chrm01_circ_2476233	Pf_BP_2_D588_S86_L001-L004_merged	7	0.0125	0.0043	1.0000
PsFluSBW25_chrm01_circ_2476233	Pf_BP_2_D623_S104_L001-L004_merged	7	0.0313	0.0030	1.0000
PsFluSBW25_chrm01_circ_2476233	Pf_BP_2_D644_S152_L001-L004_merged	7	0.0487	0.0041	1.0000
PsFluSBW25_chrm01_circ_2476233	Pf_BP_2_D700_S177_L001-L004_merged	7	0.0320	0.0037	1.0000
PsFluSBW25_chrm01_circ_2476233	Pf_BP_2_D728_S118_L001-L004_merged	7	0.1350	0.0062	1.0000
PsFluSBW25_chrm01_circ_2476233	Pf_BP_2_D756_S154_L001-L004_merged	7	0.2689	0.0086	1.0000
PsFluSBW25_chrm01_circ_2476233	Pf_BP_2_D784_S95_L001-L004_merged	7	0.3502	0.0084	1.0000
PsFluSBW25_chrm01_circ_2476233	Pf_BP_2_D84_S2_L001-L004_merged	7	0.0000	0.0000	1.0000
PsFluSBW25_chrm01_circ_248390	PS_Pf_r02_2017_01_09_L001	7	0.0000	0.0000	1.0000
PsFluSBW25_chrm01_circ_248390	Pf_BP_2_D112_S35_L001-L004_merged	7	0.0000	0.0000	1.0000
PsFluSBW25_chrm01_circ_248390	Pf_BP_2_D140_S68_L001-L004_merged	7	0.0000	0.0000	1.0000
PsFluSBW25_chrm01_circ_248390	Pf_BP_2_D168_S14_L001-L004_merged	7	0.0000	0.0000	1.0000
PsFluSBW25_chrm01_circ_248390	Pf_BP_2_D196_S47_L001-L004_merged	7	0.0000	0.0000	1.0000
PsFluSBW25_chrm01_circ_248390	Pf_BP_2_D224_S80_L001-L004_merged	7	0.0000	0.0000	1.0000
PsFluSBW25_chrm01_circ_248390	Pf_BP_2_D252_S26_L001-L004_merged	7	0.0000	0.0000	1.0000
PsFluSBW25_chrm01_circ_248390	Pf_BP_2_D279_S59_L001-L004_merged	7	0.0000	0.0000	1.0000
PsFluSBW25_chrm01_circ_248390	Pf_BP_2_D28_S12_L001-L004_merged	7	0.0000	0.0000	1.0000
PsFluSBW25_chrm01_circ_248390	Pf_BP_2_D310_S5_L001-L004_merged	7	0.0000	0.0000	1.0000
PsFluSBW25_chrm01_circ_248390	Pf_BP_2_D336_S38_L001-L004_merged	7	0.0000	0.0000	1.0000
PsFluSBW25_chrm01_circ_248390	Pf_BP_2_D364_S71_L001-L004_merged	7	0.0000	0.0000	1.0000
PsFluSBW25_chrm01_circ_248390	Pf_BP_2_D392_S101_L001-L004_merged	7	0.0000	0.0000	1.0000
PsFluSBW25_chrm01_circ_248390	Pf_BP_2_D420_S50_L001-L004_merged	7	0.0000	0.0000	1.0000
PsFluSBW25_chrm01_circ_248390	Pf_BP_2_D448_S83_L001-L004_merged	7	0.0000	0.0000	1.0000
PsFluSBW25_chrm01_circ_248390	Pf_BP_2_D476_S62_L001-L004_merged	7	0.0000	0.0000	1.0000
PsFluSBW25_chrm01_circ_248390	Pf_BP_2_D504_S161_L001-L004_merged	7	0.0000	0.0000	1.0000
PsFluSBW25_chrm01_circ_248390	Pf_BP_2_D532_S126_L001-L004_merged	7	0.0000	0.0000	1.0000
PsFluSBW25_chrm01_circ_248390	Pf_BP_2_D56_S56_L001-L004_merged	7	0.0000	0.0000	1.0000
PsFluSBW25_chrm01_circ_248390	Pf_BP_2_D588_S86_L001-L004_merged	7	0.0125	0.0043	1.0000
PsFluSBW25_chrm01_circ_248390	Pf_BP_2_D623_S104_L001-L004_merged	7	0.0313	0.0030	1.0000
PsFluSBW25_chrm01_circ_248390	Pf_BP_2_D644_S152_L001-L004_merged	7	0.0487	0.0041	1.0000
PsFluSBW25_chrm01_circ_248390	Pf_BP_2_D700_S177_L001-L004_merged	7	0.0320	0.0037	1.0000
PsFluSBW25_chrm01_circ_248390	Pf_BP_2_D728_S118_L001-L004_merged	7	0.1350	0.0062	1.0000
PsFluSBW25_chrm01_circ_248390	Pf_BP_2_D756_S154_L001-L004_merged	7	0.2689	0.0086	1.0000
PsFluSBW25_chrm01_circ_248390	Pf_BP_2_D784_S95_L001-L004_merged	7	0.3502	0.0084	1.0000
PsFluSBW25_chrm01_circ_248390	Pf_BP_2_D84_S2_L001-L004_merged	7	0.0000	0.0000	1.0000
PsFluSBW25_chrm01_circ_2484403	PS_Pf_r02_2017_01_09_L001	7	0.0000	0.0000	1.0000
PsFluSBW25_chrm01_circ_2484403	Pf_BP_2_D112_S35_L001-L004_merged	7	0.0000	0.0000	1.0000
PsFluSBW25_chrm01_circ_2484403	Pf_BP_2_D140_S68_L001-L004_merged	7	0.0000	0.0000	1.0000
PsFluSBW25_chrm01_circ_2484403	Pf_BP_2_D168_S14_L001-L004_merged	7	0.0000	0.0000	1.0000
PsFluSBW25_chrm01_circ_2484403	Pf_BP_2_D196_S47_L001-L004_merged	7	0.0000	0.0000	1.0000
PsFluSBW25_chrm01_circ_2484403	Pf_BP_2_D224_S80_L001-L004_merged	7	0.0000	0.0000	1.0000
PsFluSBW25_chrm01_circ_2484403	Pf_BP_2_D252_S26_L001-L004_merged	7	0.0000	0.0000	1.0000
PsFluSBW25_chrm01_circ_2484403	Pf_BP_2_D279_S59_L001-L004_merged	7	0.0000	0.0000	1.0000
PsFluSBW25_chrm01_circ_2484403	Pf_BP_2_D28_S12_L001-L004_merged	7	0.0000	0.0000	1.0000
PsFluSBW25_chrm01_circ_2484403	Pf_BP_2_D310_S5_L001-L004_merged	7	0.0000	0.0000	1.0000
PsFluSBW25_chrm01_circ_2484403	Pf_BP_2_D336_S38_L001-L004_merged	7	0.0000	0.0000	1.0000
PsFluSBW25_chrm01_circ_2484403	Pf_BP_2_D364_S71_L001-L004_merged	7	0.0000	0.0000	1.0000
PsFluSBW25_chrm01_circ_2484403	Pf_BP_2_D392_S101_L001-L004_merged	7	0.0000	0.0000	1.0000
PsFluSBW25_chrm01_circ_2484403	Pf_BP_2_D420_S50_L001-L004_merged	7	0.0000	0.0000	1.0000
PsFluSBW25_chrm01_circ_2484403	Pf_BP_2_D448_S83_L001-L004_merged	7	0.0000	0.0000	1.0000
PsFluSBW25_chrm01_circ_2484403	Pf_BP_2_D476_S62_L001-L004_merged	7	0.0000	0.0000	1.0000
PsFluSBW25_chrm01_circ_2484403	Pf_BP_2_D504_S161_L001-L004_merged	7	0.0000	0.0000	1.0000
PsFluSBW25_chrm01_circ_2484403	Pf_BP_2_D532_S126_L001-L004_merged	7	0.0000	0.0000	1.0000
PsFluSBW25_chrm01_circ_2484403	Pf_BP_2_D56_S56_L001-L004_merged	7	0.0000	0.0000	1.0000
PsFluSBW25_chrm01_circ_2484403	Pf_BP_2_D588_S86_L001-L004_merged	7	0.0125	0.0043	1.0000
PsFluSBW25_chrm01_circ_2484403	Pf_BP_2_D623_S104_L001-L004_merged	7	0.0313	0.0030	1.0000
PsFluSBW25_chrm01_circ_2484403	Pf_BP_2_D644_S152_L001-L004_merged	7	0.0487	0.0041	1.0000
PsFluSBW25_chrm01_circ_2484403	Pf_BP_2_D700_S177_L001-L004_merged	7	0.0320	0.0037	1.0000
PsFluSBW25_chrm01_circ_2484403	Pf_BP_2_D728_S118_L001-L004_merged	7	0.1350	0.0062	1.0000
PsFluSBW25_chrm01_circ_2484403	Pf_BP_2_D756_S154_L001-L004_merged	7	0.2689	0.0086	1.0000
PsFluSBW25_chrm01_circ_2484403	Pf_BP_2_D784_S95_L001-L004_merged	7	0.3502	0.0084	1.0000
PsFluSBW25_chrm01_circ_2484403	Pf_BP_2_D84_S2_L001-L004_merged	7	0.0000	0.0000	1.0000
PsFluSBW25_chrm01_circ_2533918	PS_Pf_r02_2017_01_09_L001	7	0.0000	0.0000	1.0000
PsFluSBW25_chrm01_circ_2533918	Pf_BP_2_D112_S35_L001-L004_merged	7	0.0000	0.0000	1.0000
PsFluSBW25_chrm01_circ_2533918	Pf_BP_2_D140_S68_L001-L004_merged	7	0.0000	0.0000	1.0000
PsFluSBW25_chrm01_circ_2533918	Pf_BP_2_D168_S14_L001-L004_merged	7	0.0000	0.0000	1.0000
PsFluSBW25_chrm01_circ_2533918	Pf_BP_2_D196_S47_L001-L004_merged	7	0.0000	0.0000	1.0000
PsFluSBW25_chrm01_circ_2533918	Pf_BP_2_D224_S80_L001-L004_merged	7	0.0000	0.0000	1.0000
PsFluSBW25_chrm01_circ_2533918	Pf_BP_2_D252_S26_L001-L004_merged	7	0.0000	0.0000	1.0000
PsFluSBW25_chrm01_circ_2533918	Pf_BP_2_D279_S59_L001-L004_merged	7	0.0000	0.0000	1.0000
PsFluSBW25_chrm01_circ_2533918	Pf_BP_2_D28_S12_L001-L004_merged	7	0.0000	0.0000	1.0000
PsFluSBW25_chrm01_circ_2533918	Pf_BP_2_D310_S5_L001-L004_merged	7	0.0000	0.0000	1.0000
PsFluSBW25_chrm01_circ_2533918	Pf_BP_2_D336_S38_L001-L004_merged	7	0.0000	0.0000	1.0000
PsFluSBW25_chrm01_circ_2533918	Pf_BP_2_D364_S71_L001-L004_merged	7	0.0000	0.0000	1.0000
PsFluSBW25_chrm01_circ_2533918	Pf_BP_2_D392_S101_L001-L004_merged	7	0.0000	0.0000	1.0000
PsFluSBW25_chrm01_circ_2533918	Pf_BP_2_D420_S50_L001-L004_merged	7	0.0000	0.0000	1.0000
PsFluSBW25_chrm01_circ_2533918	Pf_BP_2_D448_S83_L001-L004_merged	7	0.0000	0.0000	1.0000
PsFluSBW25_chrm01_circ_2533918	Pf_BP_2_D476_S62_L001-L004_merged	7	0.0000	0.0000	1.0000
PsFluSBW25_chrm01_circ_2533918	Pf_BP_2_D504_S161_L001-L004_merged	7	0.0000	0.0000	1.0000
PsFluSBW25_chrm01_circ_2533918	Pf_BP_2_D532_S126_L001-L004_merged	7	0.0000	0.0000	1.0000
PsFluSBW25_chrm01_circ_2533918	Pf_BP_2_D56_S56_L001-L004_merged	7	0.0000	0.0000	1.0000
PsFluSBW25_chrm01_circ_2533918	Pf_BP_2_D588_S86_L001-L004_merged	7	0.0125	0.0043	1.0000
PsFluSBW25_chrm01_circ_2533918	Pf_BP_2_D623_S104_L001-L004_merged	7	0.0313	0.0030	1.0000
PsFluSBW25_chrm01_circ_2533918	Pf_BP_2_D644_S152_L001-L004_merged	7	0.0487	0.0041	1.0000
PsFluSBW25_chrm01_circ_2533918	Pf_BP_2_D700_S177_L001-L004_merged	7	0.0320	0.0037	1.0000
PsFluSBW25_chrm01_circ_2533918	Pf_BP_2_D728_S118_L001-L004_merged	7	0.1350	0.0062	1.0000
PsFluSBW25_chrm01_circ_2533918	Pf_BP_2_D756_S154_L001-L004_merged	7	0.2689	0.0086	1.0000
PsFluSBW25_chrm01_circ_2533918	Pf_BP_2_D784_S95_L001-L004_merged	7	0.3502	0.0084	1.0000
PsFluSBW25_chrm01_circ_2533918	Pf_BP_2_D84_S2_L001-L004_merged	7	0.0000	0.0000	1.0000
PsFluSBW25_chrm01_circ_2808400	PS_Pf_r02_2017_01_09_L001	7	0.0000	0.0000	1.0000
PsFluSBW25_chrm01_circ_2808400	Pf_BP_2_D112_S35_L001-L004_merged	7	0.0000	0.0000	1.0000
PsFluSBW25_chrm01_circ_2808400	Pf_BP_2_D140_S68_L001-L004_merged	7	0.0000	0.0000	1.0000
PsFluSBW25_chrm01_circ_2808400	Pf_BP_2_D168_S14_L001-L004_merged	7	0.0000	0.0000	1.0000
PsFluSBW25_chrm01_circ_2808400	Pf_BP_2_D196_S47_L001-L004_merged	7	0.0000	0.0000	1.0000
PsFluSBW25_chrm01_circ_2808400	Pf_BP_2_D224_S80_L001-L004_merged	7	0.0000	0.0000	1.0000
PsFluSBW25_chrm01_circ_2808400	Pf_BP_2_D252_S26_L001-L004_merged	7	0.0000	0.0000	1.0000
PsFluSBW25_chrm01_circ_2808400	Pf_BP_2_D279_S59_L001-L004_merged	7	0.0000	0.0000	1.0000
PsFluSBW25_chrm01_circ_2808400	Pf_BP_2_D28_S12_L001-L004_merged	7	0.0000	0.0000	1.0000
PsFluSBW25_chrm01_circ_2808400	Pf_BP_2_D310_S5_L001-L004_merged	7	0.0000	0.0000	1.0000
PsFluSBW25_chrm01_circ_2808400	Pf_BP_2_D336_S38_L001-L004_merged	7	0.0000	0.0000	1.0000
PsFluSBW25_chrm01_circ_2808400	Pf_BP_2_D364_S71_L001-L004_merged	7	0.0000	0.0000	1.0000
PsFluSBW25_chrm01_circ_2808400	Pf_BP_2_D392_S101_L001-L004_merged	7	0.0000	0.0000	1.0000
PsFluSBW25_chrm01_circ_2808400	Pf_BP_2_D420_S50_L001-L004_merged	7	0.0000	0.0000	1.0000
PsFluSBW25_chrm01_circ_2808400	Pf_BP_2_D448_S83_L001-L004_merged	7	0.0000	0.0000	1.0000
PsFluSBW25_chrm01_circ_2808400	Pf_BP_2_D476_S62_L001-L004_merged	7	0.0000	0.0000	1.0000
PsFluSBW25_chrm01_circ_2808400	Pf_BP_2_D504_S161_L001-L004_merged	7	0.0000	0.0000	1.0000
PsFluSBW25_chrm01_circ_2808400	Pf_BP_2_D532_S126_L001-L004_merged	7	0.0000	0.0000	1.0000
PsFluSBW25_chrm01_circ_2808400	Pf_BP_2_D56_S56_L001-L004_merged	7	0.0000	0.0000	1.0000
PsFluSBW25_chrm01_circ_2808400	Pf_BP_2_D588_S86_L001-L004_merged	7	0.0125	0.0043	1.0000
PsFluSBW25_chrm01_circ_2808400	Pf_BP_2_D623_S104_L001-L004_merged	7	0.0313	0.0030	1.0000
PsFluSBW25_chrm01_circ_2808400	Pf_BP_2_D644_S152_L001-L004_merged	7	0.0487	0.0041	1.0000
PsFluSBW25_chrm01_circ_2808400	Pf_BP_2_D700_S177_L001-L004_merged	7	0.0320	0.0037	1.0000
PsFluSBW25_chrm01_circ_2808400	Pf_BP_2_D728_S118_L001-L004_merged	7	0.1350	0.0062	1.0000
PsFluSBW25_chrm01_circ_2808400	Pf_BP_2_D756_S154_L001-L004_merged	7	0.2689	0.0086	1.0000
PsFluSBW25_chrm01_circ_2808400	Pf_BP_2_D784_S95_L001-L004_merged	7	0.3502	0.0084	1.0000
PsFluSBW25_chrm01_circ_2808400	Pf_BP_2_D84_S2_L001-L004_merged	7	0.0000	0.0000	1.0000
PsFluSBW25_chrm01_circ_2884502	PS_Pf_r02_2017_01_09_L001	7	0.0000	0.0000	1.0000
PsFluSBW25_chrm01_circ_2884502	Pf_BP_2_D112_S35_L001-L004_merged	7	0.0000	0.0000	1.0000
PsFluSBW25_chrm01_circ_2884502	Pf_BP_2_D140_S68_L001-L004_merged	7	0.0000	0.0000	1.0000
PsFluSBW25_chrm01_circ_2884502	Pf_BP_2_D168_S14_L001-L004_merged	7	0.0000	0.0000	1.0000
PsFluSBW25_chrm01_circ_2884502	Pf_BP_2_D196_S47_L001-L004_merged	7	0.0000	0.0000	1.0000
PsFluSBW25_chrm01_circ_2884502	Pf_BP_2_D224_S80_L001-L004_merged	7	0.0000	0.0000	1.0000
PsFluSBW25_chrm01_circ_2884502	Pf_BP_2_D252_S26_L001-L004_merged	7	0.0000	0.0000	1.0000
PsFluSBW25_chrm01_circ_2884502	Pf_BP_2_D279_S59_L001-L004_merged	7	0.0000	0.0000	1.0000
PsFluSBW25_chrm01_circ_2884502	Pf_BP_2_D28_S12_L001-L004_merged	7	0.0000	0.0000	1.0000
PsFluSBW25_chrm01_circ_2884502	Pf_BP_2_D310_S5_L001-L004_merged	7	0.0000	0.0000	1.0000
PsFluSBW25_chrm01_circ_2884502	Pf_BP_2_D336_S38_L001-L004_merged	7	0.0000	0.0000	1.0000
PsFluSBW25_chrm01_circ_2884502	Pf_BP_2_D364_S71_L001-L004_merged	7	0.0000	0.0000	1.0000
PsFluSBW25_chrm01_circ_2884502	Pf_BP_2_D392_S101_L001-L004_merged	7	0.0000	0.0000	1.0000
PsFluSBW25_chrm01_circ_2884502	Pf_BP_2_D420_S50_L001-L004_merged	7	0.0000	0.0000	1.0000
PsFluSBW25_chrm01_circ_2884502	Pf_BP_2_D448_S83_L001-L004_merged	7	0.0000	0.0000	1.0000
PsFluSBW25_chrm01_circ_2884502	Pf_BP_2_D476_S62_L001-L004_merged	7	0.0000	0.0000	1.0000
PsFluSBW25_chrm01_circ_2884502	Pf_BP_2_D504_S161_L001-L004_merged	7	0.0000	0.0000	1.0000
PsFluSBW25_chrm01_circ_2884502	Pf_BP_2_D532_S126_L001-L004_merged	7	0.0000	0.0000	1.0000
PsFluSBW25_chrm01_circ_2884502	Pf_BP_2_D56_S56_L001-L004_merged	7	0.0000	0.0000	1.0000
PsFluSBW25_chrm01_circ_2884502	Pf_BP_2_D588_S86_L001-L004_merged	7	0.0125	0.0043	1.0000
PsFluSBW25_chrm01_circ_2884502	Pf_BP_2_D623_S104_L001-L004_merged	7	0.0313	0.0030	1.0000
PsFluSBW25_chrm01_circ_2884502	Pf_BP_2_D644_S152_L001-L004_merged	7	0.0487	0.0041	1.0000
PsFluSBW25_chrm01_circ_2884502	Pf_BP_2_D700_S177_L001-L004_merged	7	0.0320	0.0037	1.0000
PsFluSBW25_chrm01_circ_2884502	Pf_BP_2_D728_S118_L001-L004_merged	7	0.1350	0.0062	1.0000
PsFluSBW25_chrm01_circ_2884502	Pf_BP_2_D756_S154_L001-L004_merged	7	0.2689	0.0086	1.0000
PsFluSBW25_chrm01_circ_2884502	Pf_BP_2_D784_S95_L001-L004_merged	7	0.3502	0.0084	1.0000
PsFluSBW25_chrm01_circ_2884502	Pf_BP_2_D84_S2_L001-L004_merged	7	0.0000	0.0000	1.0000
PsFluSBW25_chrm01_circ_2904065	PS_Pf_r02_2017_01_09_L001	7	0.0000	0.0000	1.0000
PsFluSBW25_chrm01_circ_2904065	Pf_BP_2_D112_S35_L001-L004_merged	7	0.0000	0.0000	1.0000
PsFluSBW25_chrm01_circ_2904065	Pf_BP_2_D140_S68_L001-L004_merged	7	0.0000	0.0000	1.0000
PsFluSBW25_chrm01_circ_2904065	Pf_BP_2_D168_S14_L001-L004_merged	7	0.0000	0.0000	1.0000
PsFluSBW25_chrm01_circ_2904065	Pf_BP_2_D196_S47_L001-L004_merged	7	0.0000	0.0000	1.0000
PsFluSBW25_chrm01_circ_2904065	Pf_BP_2_D224_S80_L001-L004_merged	7	0.0000	0.0000	1.0000
PsFluSBW25_chrm01_circ_2904065	Pf_BP_2_D252_S26_L001-L004_merged	7	0.0000	0.0000	1.0000
PsFluSBW25_chrm01_circ_2904065	Pf_BP_2_D279_S59_L001-L004_merged	7	0.0000	0.0000	1.0000
PsFluSBW25_chrm01_circ_2904065	Pf_BP_2_D28_S12_L001-L004_merged	7	0.0000	0.0000	1.0000
PsFluSBW25_chrm01_circ_2904065	Pf_BP_2_D310_S5_L001-L004_merged	7	0.0000	0.0000	1.0000
PsFluSBW25_chrm01_circ_2904065	Pf_BP_2_D336_S38_L001-L004_merged	7	0.0000	0.0000	1.0000
PsFluSBW25_chrm01_circ_2904065	Pf_BP_2_D364_S71_L001-L004_merged	7	0.0000	0.0000	1.0000
PsFluSBW25_chrm01_circ_2904065	Pf_BP_2_D392_S101_L001-L004_merged	7	0.0000	0.0000	1.0000
PsFluSBW25_chrm01_circ_2904065	Pf_BP_2_D420_S50_L001-L004_merged	7	0.0000	0.0000	1.0000
PsFluSBW25_chrm01_circ_2904065	Pf_BP_2_D448_S83_L001-L004_merged	7	0.0000	0.0000	1.0000
PsFluSBW25_chrm01_circ_2904065	Pf_BP_2_D476_S62_L001-L004_merged	7	0.0000	0.0000	1.0000
PsFluSBW25_chrm01_circ_2904065	Pf_BP_2_D504_S161_L001-L004_merged	7	0.0000	0.0000	1.0000
PsFluSBW25_chrm01_circ_2904065	Pf_BP_2_D532_S126_L001-L004_merged	7	0.0000	0.0000	1.0000
PsFluSBW25_chrm01_circ_2904065	Pf_BP_2_D56_S56_L001-L004_merged	7	0.0000	0.0000	1.0000
PsFluSBW25_chrm01_circ_2904065	Pf_BP_2_D588_S86_L001-L004_merged	7	0.0125	0.0043	1.0000
PsFluSBW25_chrm01_circ_2904065	Pf_BP_2_D623_S104_L001-L004_merged	7	0.0313	0.0030	1.0000
PsFluSBW25_chrm01_circ_2904065	Pf_BP_2_D644_S152_L001-L004_merged	7	0.0487	0.0041	1.0000
PsFluSBW25_chrm01_circ_2904065	Pf_BP_2_D700_S177_L001-L004_merged	7	0.0320	0.0037	1.0000
PsFluSBW25_chrm01_circ_2904065	Pf_BP_2_D728_S118_L001-L004_merged	7	0.1350	0.0062	1.0000
PsFluSBW25_chrm01_circ_2904065	Pf_BP_2_D756_S154_L001-L004_merged	7	0.2689	0.0086	1.0000
PsFluSBW25_chrm01_circ_2904065	Pf_BP_2_D784_S95_L001-L004_merged	7	0.3502	0.0084	1.0000
PsFluSBW25_chrm01_circ_2904065	Pf_BP_2_D84_S2_L001-L004_merged	7	0.0000	0.0000	1.0000
PsFluSBW25_chrm01_circ_3089135	PS_Pf_r02_2017_01_09_L001	7	0.0000	0.0000	1.0000
PsFluSBW25_chrm01_circ_3089135	Pf_BP_2_D112_S35_L001-L004_merged	7	0.0000	0.0000	1.0000
PsFluSBW25_chrm01_circ_3089135	Pf_BP_2_D140_S68_L001-L004_merged	7	0.0000	0.0000	1.0000
PsFluSBW25_chrm01_circ_3089135	Pf_BP_2_D168_S14_L001-L004_merged	7	0.0000	0.0000	1.0000
PsFluSBW25_chrm01_circ_3089135	Pf_BP_2_D196_S47_L001-L004_merged	7	0.0000	0.0000	1.0000
PsFluSBW25_chrm01_circ_3089135	Pf_BP_2_D224_S80_L001-L004_merged	7	0.0000	0.0000	1.0000
PsFluSBW25_chrm01_circ_3089135	Pf_BP_2_D252_S26_L001-L004_merged	7	0.0000	0.0000	1.0000
PsFluSBW25_chrm01_circ_3089135	Pf_BP_2_D279_S59_L001-L004_merged	7	0.0000	0.0000	1.0000
PsFluSBW25_chrm01_circ_3089135	Pf_BP_2_D28_S12_L001-L004_merged	7	0.0000	0.0000	1.0000
PsFluSBW25_chrm01_circ_3089135	Pf_BP_2_D310_S5_L001-L004_merged	7	0.0000	0.0000	1.0000
PsFluSBW25_chrm01_circ_3089135	Pf_BP_2_D336_S38_L001-L004_merged	7	0.0000	0.0000	1.0000
PsFluSBW25_chrm01_circ_3089135	Pf_BP_2_D364_S71_L001-L004_merged	7	0.0000	0.0000	1.0000
PsFluSBW25_chrm01_circ_3089135	Pf_BP_2_D392_S101_L001-L004_merged	7	0.0000	0.0000	1.0000
PsFluSBW25_chrm01_circ_3089135	Pf_BP_2_D420_S50_L001-L004_merged	7	0.0000	0.0000	1.0000
PsFluSBW25_chrm01_circ_3089135	Pf_BP_2_D448_S83_L001-L004_merged	7	0.0000	0.0000	1.0000
PsFluSBW25_chrm01_circ_3089135	Pf_BP_2_D476_S62_L001-L004_merged	7	0.0000	0.0000	1.0000
PsFluSBW25_chrm01_circ_3089135	Pf_BP_2_D504_S161_L001-L004_merged	7	0.0000	0.0000	1.0000
PsFluSBW25_chrm01_circ_3089135	Pf_BP_2_D532_S126_L001-L004_merged	7	0.0000	0.0000	1.0000
PsFluSBW25_chrm01_circ_3089135	Pf_BP_2_D56_S56_L001-L004_merged	7	0.0000	0.0000	1.0000
PsFluSBW25_chrm01_circ_3089135	Pf_BP_2_D588_S86_L001-L004_merged	7	0.0125	0.0043	1.0000
PsFluSBW25_chrm01_circ_3089135	Pf_BP_2_D623_S104_L001-L004_merged	7	0.0313	0.0030	1.0000
PsFluSBW25_chrm01_circ_3089135	Pf_BP_2_D644_S152_L001-L004_merged	7	0.0487	0.0041	1.0000
PsFluSBW25_chrm01_circ_3089135	Pf_BP_2_D700_S177_L001-L004_merged	7	0.0320	0.0037	1.0000
PsFluSBW25_chrm01_circ_3089135	Pf_BP_2_D728_S118_L001-L004_merged	7	0.1350	0.0062	1.0000
PsFluSBW25_chrm01_circ_3089135	Pf_BP_2_D756_S154_L001-L004_merged	7	0.2689	0.0086	1.0000
PsFluSBW25_chrm01_circ_3089135	Pf_BP_2_D784_S95_L001-L004_merged	7	0.3502	0.0084	1.0000
PsFluSBW25_chrm01_circ_3089135	Pf_BP_2_D84_S2_L001-L004_merged	7	0.0000	0.0000	1.0000
PsFluSBW25_chrm01_circ_3108506	PS_Pf_r02_2017_01_09_L001	7	0.0000	0.0000	1.0000
PsFluSBW25_chrm01_circ_3108506	Pf_BP_2_D112_S35_L001-L004_merged	7	0.0000	0.0000	1.0000
PsFluSBW25_chrm01_circ_3108506	Pf_BP_2_D140_S68_L001-L004_merged	7	0.0000	0.0000	1.0000
PsFluSBW25_chrm01_circ_3108506	Pf_BP_2_D168_S14_L001-L004_merged	7	0.0000	0.0000	1.0000
PsFluSBW25_chrm01_circ_3108506	Pf_BP_2_D196_S47_L001-L004_merged	7	0.0000	0.0000	1.0000
PsFluSBW25_chrm01_circ_3108506	Pf_BP_2_D224_S80_L001-L004_merged	7	0.0000	0.0000	1.0000
PsFluSBW25_chrm01_circ_3108506	Pf_BP_2_D252_S26_L001-L004_merged	7	0.0000	0.0000	1.0000
PsFluSBW25_chrm01_circ_3108506	Pf_BP_2_D279_S59_L001-L004_merged	7	0.0000	0.0000	1.0000
PsFluSBW25_chrm01_circ_3108506	Pf_BP_2_D28_S12_L001-L004_merged	7	0.0000	0.0000	1.0000
PsFluSBW25_chrm01_circ_3108506	Pf_BP_2_D310_S5_L001-L004_merged	7	0.0000	0.0000	1.0000
PsFluSBW25_chrm01_circ_3108506	Pf_BP_2_D336_S38_L001-L004_merged	7	0.0000	0.0000	1.0000
PsFluSBW25_chrm01_circ_3108506	Pf_BP_2_D364_S71_L001-L004_merged	7	0.0000	0.0000	1.0000
PsFluSBW25_chrm01_circ_3108506	Pf_BP_2_D392_S101_L001-L004_merged	7	0.0000	0.0000	1.0000
PsFluSBW25_chrm01_circ_3108506	Pf_BP_2_D420_S50_L001-L004_merged	7	0.0000	0.0000	1.0000
PsFluSBW25_chrm01_circ_3108506	Pf_BP_2_D448_S83_L001-L004_merged	7	0.0000	0.0000	1.0000
PsFluSBW25_chrm01_circ_3108506	Pf_BP_2_D476_S62_L001-L004_merged	7	0.0000	0.0000	1.0000
PsFluSBW25_chrm01_circ_3108506	Pf_BP_2_D504_S161_L001-L004_merged	7	0.0000	0.0000	1.0000
PsFluSBW25_chrm01_circ_3108506	Pf_BP_2_D532_S126_L001-L004_merged	7	0.0000	0.0000	1.0000
PsFluSBW25_chrm01_circ_3108506	Pf_BP_2_D56_S56_L001-L004_merged	7	0.0000	0.0000	1.0000
PsFluSBW25_chrm01_circ_3108506	Pf_BP_2_D588_S86_L001-L004_merged	7	0.0125	0.0043	1.0000
PsFluSBW25_chrm01_circ_3108506	Pf_BP_2_D623_S104_L001-L004_merged	7	0.0313	0.0030	1.0000
PsFluSBW25_chrm01_circ_3108506	Pf_BP_2_D644_S152_L001-L004_merged	7	0.0487	0.0041	1.0000
PsFluSBW25_chrm01_circ_3108506	Pf_BP_2_D700_S177_L001-L004_merged	7	0.0320	0.0037	1.0000
PsFluSBW25_chrm01_circ_3108506	Pf_BP_2_D728_S118_L001-L004_merged	7	0.1350	0.0062	1.0000
PsFluSBW25_chrm01_circ_3108506	Pf_BP_2_D756_S154_L001-L004_merged	7	0.2689	0.0086	1.0000
PsFluSBW25_chrm01_circ_3108506	Pf_BP_2_D784_S95_L001-L004_merged	7	0.3502	0.0084	1.0000
PsFluSBW25_chrm01_circ_3108506	Pf_BP_2_D84_S2_L001-L004_merged	7	0.0000	0.0000	1.0000
PsFluSBW25_chrm01_circ_3262323	PS_Pf_r02_2017_01_09_L001	7	0.0000	0.0000	1.0000
PsFluSBW25_chrm01_circ_3262323	Pf_BP_2_D112_S35_L001-L004_merged	7	0.0000	0.0000	1.0000
PsFluSBW25_chrm01_circ_3262323	Pf_BP_2_D140_S68_L001-L004_merged	7	0.0000	0.0000	1.0000
PsFluSBW25_chrm01_circ_3262323	Pf_BP_2_D168_S14_L001-L004_merged	7	0.0000	0.0000	1.0000
PsFluSBW25_chrm01_circ_3262323	Pf_BP_2_D196_S47_L001-L004_merged	7	0.0000	0.0000	1.0000
PsFluSBW25_chrm01_circ_3262323	Pf_BP_2_D224_S80_L001-L004_merged	7	0.0000	0.0000	1.0000
PsFluSBW25_chrm01_circ_3262323	Pf_BP_2_D252_S26_L001-L004_merged	7	0.0000	0.0000	1.0000
PsFluSBW25_chrm01_circ_3262323	Pf_BP_2_D279_S59_L001-L004_merged	7	0.0000	0.0000	1.0000
PsFluSBW25_chrm01_circ_3262323	Pf_BP_2_D28_S12_L001-L004_merged	7	0.0000	0.0000	1.0000
PsFluSBW25_chrm01_circ_3262323	Pf_BP_2_D310_S5_L001-L004_merged	7	0.0000	0.0000	1.0000
PsFluSBW25_chrm01_circ_3262323	Pf_BP_2_D336_S38_L001-L004_merged	7	0.0000	0.0000	1.0000
PsFluSBW25_chrm01_circ_3262323	Pf_BP_2_D364_S71_L001-L004_merged	7	0.0000	0.0000	1.0000
PsFluSBW25_chrm01_circ_3262323	Pf_BP_2_D392_S101_L001-L004_merged	7	0.0000	0.0000	1.0000
PsFluSBW25_chrm01_circ_3262323	Pf_BP_2_D420_S50_L001-L004_merged	7	0.0000	0.0000	1.0000
PsFluSBW25_chrm01_circ_3262323	Pf_BP_2_D448_S83_L001-L004_merged	7	0.0000	0.0000	1.0000
PsFluSBW25_chrm01_circ_3262323	Pf_BP_2_D476_S62_L001-L004_merged	7	0.0000	0.0000	1.0000
PsFluSBW25_chrm01_circ_3262323	Pf_BP_2_D504_S161_L001-L004_merged	7	0.0000	0.0000	1.0000
PsFluSBW25_chrm01_circ_3262323	Pf_BP_2_D532_S126_L001-L004_merged	7	0.0000	0.0000	1.0000
PsFluSBW25_chrm01_circ_3262323	Pf_BP_2_D56_S56_L001-L004_merged	7	0.0000	0.0000	1.0000
PsFluSBW25_chrm01_circ_3262323	Pf_BP_2_D588_S86_L001-L004_merged	7	0.0125	0.0043	1.0000
PsFluSBW25_chrm01_circ_3262323	Pf_BP_2_D623_S104_L001-L004_merged	7	0.0313	0.0030	1.0000
PsFluSBW25_chrm01_circ_3262323	Pf_BP_2_D644_S152_L001-L004_merged	7	0.0487	0.0041	1.0000
PsFluSBW25_chrm01_circ_3262323	Pf_BP_2_D700_S177_L001-L004_merged	7	0.0320	0.0037	1.0000
PsFluSBW25_chrm01_circ_3262323	Pf_BP_2_D728_S118_L001-L004_merged	7	0.1350	0.0062	1.0000
PsFluSBW25_chrm01_circ_3262323	Pf_BP_2_D756_S154_L001-L004_merged	7	0.2689	0.0086	1.0000
PsFluSBW25_chrm01_circ_3262323	Pf_BP_2_D784_S95_L001-L004_merged	7	0.3502	0.0084	1.0000
PsFluSBW25_chrm01_circ_3262323	Pf_BP_2_D84_S2_L001-L004_merged	7	0.0000	0.0000	1.0000
PsFluSBW25_chrm01_circ_3286191	PS_Pf_r02_2017_01_09_L001	7	0.0000	0.0000	1.0000
PsFluSBW25_chrm01_circ_3286191	Pf_BP_2_D112_S35_L001-L004_merged	7	0.0000	0.0000	1.0000
PsFluSBW25_chrm01_circ_3286191	Pf_BP_2_D140_S68_L001-L004_merged	7	0.0000	0.0000	1.0000
PsFluSBW25_chrm01_circ_3286191	Pf_BP_2_D168_S14_L001-L004_merged	7	0.0000	0.0000	1.0000
PsFluSBW25_chrm01_circ_3286191	Pf_BP_2_D196_S47_L001-L004_merged	7	0.0000	0.0000	1.0000
PsFluSBW25_chrm01_circ_3286191	Pf_BP_2_D224_S80_L001-L004_merged	7	0.0000	0.0000	1.0000
PsFluSBW25_chrm01_circ_3286191	Pf_BP_2_D252_S26_L001-L004_merged	7	0.0000	0.0000	1.0000
PsFluSBW25_chrm01_circ_3286191	Pf_BP_2_D279_S59_L001-L004_merged	7	0.0000	0.0000	1.0000
PsFluSBW25_chrm01_circ_3286191	Pf_BP_2_D28_S12_L001-L004_merged	7	0.0000	0.0000	1.0000
PsFluSBW25_chrm01_circ_3286191	Pf_BP_2_D310_S5_L001-L004_merged	7	0.0000	0.0000	1.0000
PsFluSBW25_chrm01_circ_3286191	Pf_BP_2_D336_S38_L001-L004_merged	7	0.0000	0.0000	1.0000
PsFluSBW25_chrm01_circ_3286191	Pf_BP_2_D364_S71_L001-L004_merged	7	0.0000	0.0000	1.0000
PsFluSBW25_chrm01_circ_3286191	Pf_BP_2_D392_S101_L001-L004_merged	7	0.0000	0.0000	1.0000
PsFluSBW25_chrm01_circ_3286191	Pf_BP_2_D420_S50_L001-L004_merged	7	0.0000	0.0000	1.0000
PsFluSBW25_chrm01_circ_3286191	Pf_BP_2_D448_S83_L001-L004_merged	7	0.0000	0.0000	1.0000
PsFluSBW25_chrm01_circ_3286191	Pf_BP_2_D476_S62_L001-L004_merged	7	0.0000	0.0000	1.0000
PsFluSBW25_chrm01_circ_3286191	Pf_BP_2_D504_S161_L001-L004_merged	7	0.0000	0.0000	1.0000
PsFluSBW25_chrm01_circ_3286191	Pf_BP_2_D532_S126_L001-L004_merged	7	0.0000	0.0000	1.0000
PsFluSBW25_chrm01_circ_3286191	Pf_BP_2_D56_S56_L001-L004_merged	7	0.0000	0.0000	1.0000
PsFluSBW25_chrm01_circ_3286191	Pf_BP_2_D588_S86_L001-L004_merged	7	0.0125	0.0043	1.0000
PsFluSBW25_chrm01_circ_3286191	Pf_BP_2_D623_S104_L001-L004_merged	7	0.0313	0.0030	1.0000
PsFluSBW25_chrm01_circ_3286191	Pf_BP_2_D644_S152_L001-L004_merged	7	0.0487	0.0041	1.0000
PsFluSBW25_chrm01_circ_3286191	Pf_BP_2_D700_S177_L001-L004_merged	7	0.0320	0.0037	1.0000
PsFluSBW25_chrm01_circ_3286191	Pf_BP_2_D728_S118_L001-L004_merged	7	0.1350	0.0062	1.0000
PsFluSBW25_chrm01_circ_3286191	Pf_BP_2_D756_S154_L001-L004_merged	7	0.2689	0.0086	1.0000
PsFluSBW25_chrm01_circ_3286191	Pf_BP_2_D784_S95_L001-L004_merged	7	0.3502	0.0084	1.0000
PsFluSBW25_chrm01_circ_3286191	Pf_BP_2_D84_S2_L001-L004_merged	7	0.0000	0.0000	1.0000
PsFluSBW25_chrm01_circ_3504840	PS_Pf_r02_2017_01_09_L001	7	0.0000	0.0000	1.0000
PsFluSBW25_chrm01_circ_3504840	Pf_BP_2_D112_S35_L001-L004_merged	7	0.0000	0.0000	1.0000
PsFluSBW25_chrm01_circ_3504840	Pf_BP_2_D140_S68_L001-L004_merged	7	0.0000	0.0000	1.0000
PsFluSBW25_chrm01_circ_3504840	Pf_BP_2_D168_S14_L001-L004_merged	7	0.0000	0.0000	1.0000
PsFluSBW25_chrm01_circ_3504840	Pf_BP_2_D196_S47_L001-L004_merged	7	0.0000	0.0000	1.0000
PsFluSBW25_chrm01_circ_3504840	Pf_BP_2_D224_S80_L001-L004_merged	7	0.0000	0.0000	1.0000
PsFluSBW25_chrm01_circ_3504840	Pf_BP_2_D252_S26_L001-L004_merged	7	0.0000	0.0000	1.0000
PsFluSBW25_chrm01_circ_3504840	Pf_BP_2_D279_S59_L001-L004_merged	7	0.0000	0.0000	1.0000
PsFluSBW25_chrm01_circ_3504840	Pf_BP_2_D28_S12_L001-L004_merged	7	0.0000	0.0000	1.0000
PsFluSBW25_chrm01_circ_3504840	Pf_BP_2_D310_S5_L001-L004_merged	7	0.0000	0.0000	1.0000
PsFluSBW25_chrm01_circ_3504840	Pf_BP_2_D336_S38_L001-L004_merged	7	0.0000	0.0000	1.0000
PsFluSBW25_chrm01_circ_3504840	Pf_BP_2_D364_S71_L001-L004_merged	7	0.0000	0.0000	1.0000
PsFluSBW25_chrm01_circ_3504840	Pf_BP_2_D392_S101_L001-L004_merged	7	0.0000	0.0000	1.0000
PsFluSBW25_chrm01_circ_3504840	Pf_BP_2_D420_S50_L001-L004_merged	7	0.0000	0.0000	1.0000
PsFluSBW25_chrm01_circ_3504840	Pf_BP_2_D448_S83_L001-L004_merged	7	0.0000	0.0000	1.0000
PsFluSBW25_chrm01_circ_3504840	Pf_BP_2_D476_S62_L001-L004_merged	7	0.0000	0.0000	1.0000
PsFluSBW25_chrm01_circ_3504840	Pf_BP_2_D504_S161_L001-L004_merged	7	0.0000	0.0000	1.0000
PsFluSBW25_chrm01_circ_3504840	Pf_BP_2_D532_S126_L001-L004_merged	7	0.0000	0.0000	1.0000
PsFluSBW25_chrm01_circ_3504840	Pf_BP_2_D56_S56_L001-L004_merged	7	0.0000	0.0000	1.0000
PsFluSBW25_chrm01_circ_3504840	Pf_BP_2_D588_S86_L001-L004_merged	7	0.0125	0.0043	1.0000
PsFluSBW25_chrm01_circ_3504840	Pf_BP_2_D623_S104_L001-L004_merged	7	0.0313	0.0030	1.0000
PsFluSBW25_chrm01_circ_3504840	Pf_BP_2_D644_S152_L001-L004_merged	7	0.0487	0.0041	1.0000
PsFluSBW25_chrm01_circ_3504840	Pf_BP_2_D700_S177_L001-L004_merged	7	0.0320	0.0037	1.0000
PsFluSBW25_chrm01_circ_3504840	Pf_BP_2_D728_S118_L001-L004_merged	7	0.1350	0.0062	1.0000
PsFluSBW25_chrm01_circ_3504840	Pf_BP_2_D756_S154_L001-L004_merged	7	0.2689	0.0086	1.0000
PsFluSBW25_chrm01_circ_3504840	Pf_BP_2_D784_S95_L001-L004_merged	7	0.3502	0.0084	1.0000
PsFluSBW25_chrm01_circ_3504840	Pf_BP_2_D84_S2_L001-L004_merged	7	0.0000	0.0000	1.0000
PsFluSBW25_chrm01_circ_3516833	PS_Pf_r02_2017_01_09_L001	7	0.0000	0.0000	1.0000
PsFluSBW25_chrm01_circ_3516833	Pf_BP_2_D112_S35_L001-L004_merged	7	0.0000	0.0000	1.0000
PsFluSBW25_chrm01_circ_3516833	Pf_BP_2_D140_S68_L001-L004_merged	7	0.0000	0.0000	1.0000
PsFluSBW25_chrm01_circ_3516833	Pf_BP_2_D168_S14_L001-L004_merged	7	0.0000	0.0000	1.0000
PsFluSBW25_chrm01_circ_3516833	Pf_BP_2_D196_S47_L001-L004_merged	7	0.0000	0.0000	1.0000
PsFluSBW25_chrm01_circ_3516833	Pf_BP_2_D224_S80_L001-L004_merged	7	0.0000	0.0000	1.0000
PsFluSBW25_chrm01_circ_3516833	Pf_BP_2_D252_S26_L001-L004_merged	7	0.0000	0.0000	1.0000
PsFluSBW25_chrm01_circ_3516833	Pf_BP_2_D279_S59_L001-L004_merged	7	0.0000	0.0000	1.0000
PsFluSBW25_chrm01_circ_3516833	Pf_BP_2_D28_S12_L001-L004_merged	7	0.0000	0.0000	1.0000
PsFluSBW25_chrm01_circ_3516833	Pf_BP_2_D310_S5_L001-L004_merged	7	0.0000	0.0000	1.0000
PsFluSBW25_chrm01_circ_3516833	Pf_BP_2_D336_S38_L001-L004_merged	7	0.0000	0.0000	1.0000
PsFluSBW25_chrm01_circ_3516833	Pf_BP_2_D364_S71_L001-L004_merged	7	0.0000	0.0000	1.0000
PsFluSBW25_chrm01_circ_3516833	Pf_BP_2_D392_S101_L001-L004_merged	7	0.0000	0.0000	1.0000
PsFluSBW25_chrm01_circ_3516833	Pf_BP_2_D420_S50_L001-L004_merged	7	0.0000	0.0000	1.0000
PsFluSBW25_chrm01_circ_3516833	Pf_BP_2_D448_S83_L001-L004_merged	7	0.0000	0.0000	1.0000
PsFluSBW25_chrm01_circ_3516833	Pf_BP_2_D476_S62_L001-L004_merged	7	0.0000	0.0000	1.0000
PsFluSBW25_chrm01_circ_3516833	Pf_BP_2_D504_S161_L001-L004_merged	7	0.0000	0.0000	1.0000
PsFluSBW25_chrm01_circ_3516833	Pf_BP_2_D532_S126_L001-L004_merged	7	0.0000	0.0000	1.0000
PsFluSBW25_chrm01_circ_3516833	Pf_BP_2_D56_S56_L001-L004_merged	7	0.0000	0.0000	1.0000
PsFluSBW25_chrm01_circ_3516833	Pf_BP_2_D588_S86_L001-L004_merged	7	0.0125	0.0043	1.0000
PsFluSBW25_chrm01_circ_3516833	Pf_BP_2_D623_S104_L001-L004_merged	7	0.0313	0.0030	1.0000
PsFluSBW25_chrm01_circ_3516833	Pf_BP_2_D644_S152_L001-L004_merged	7	0.0487	0.0041	1.0000
PsFluSBW25_chrm01_circ_3516833	Pf_BP_2_D700_S177_L001-L004_merged	7	0.0320	0.0037	1.0000
PsFluSBW25_chrm01_circ_3516833	Pf_BP_2_D728_S118_L001-L004_merged	7	0.1350	0.0062	1.0000
PsFluSBW25_chrm01_circ_3516833	Pf_BP_2_D756_S154_L001-L004_merged	7	0.2689	0.0086	1.0000
PsFluSBW25_chrm01_circ_3516833	Pf_BP_2_D784_S95_L001-L004_merged	7	0.3502	0.0084	1.0000
PsFluSBW25_chrm01_circ_3516833	Pf_BP_2_D84_S2_L001-L004_merged	7	0.0000	0.0000	1.0000
PsFluSBW25_chrm01_circ_3581352	PS_Pf_r02_2017_01_09_L001	7	0.0000	0.0000	1.0000
PsFluSBW25_chrm01_circ_3581352	Pf_BP_2_D112_S35_L001-L004_merged	7	0.0000	0.0000	1.0000
PsFluSBW25_chrm01_circ_3581352	Pf_BP_2_D140_S68_L001-L004_merged	7	0.0000	0.0000	1.0000
PsFluSBW25_chrm01_circ_3581352	Pf_BP_2_D168_S14_L001-L004_merged	7	0.0000	0.0000	1.0000
PsFluSBW25_chrm01_circ_3581352	Pf_BP_2_D196_S47_L001-L004_merged	7	0.0000	0.0000	1.0000
PsFluSBW25_chrm01_circ_3581352	Pf_BP_2_D224_S80_L001-L004_merged	7	0.0000	0.0000	1.0000
PsFluSBW25_chrm01_circ_3581352	Pf_BP_2_D252_S26_L001-L004_merged	7	0.0000	0.0000	1.0000
PsFluSBW25_chrm01_circ_3581352	Pf_BP_2_D279_S59_L001-L004_merged	7	0.0000	0.0000	1.0000
PsFluSBW25_chrm01_circ_3581352	Pf_BP_2_D28_S12_L001-L004_merged	7	0.0000	0.0000	1.0000
PsFluSBW25_chrm01_circ_3581352	Pf_BP_2_D310_S5_L001-L004_merged	7	0.0000	0.0000	1.0000
PsFluSBW25_chrm01_circ_3581352	Pf_BP_2_D336_S38_L001-L004_merged	7	0.0000	0.0000	1.0000
PsFluSBW25_chrm01_circ_3581352	Pf_BP_2_D364_S71_L001-L004_merged	7	0.0000	0.0000	1.0000
PsFluSBW25_chrm01_circ_3581352	Pf_BP_2_D392_S101_L001-L004_merged	7	0.0000	0.0000	1.0000
PsFluSBW25_chrm01_circ_3581352	Pf_BP_2_D420_S50_L001-L004_merged	7	0.0000	0.0000	1.0000
PsFluSBW25_chrm01_circ_3581352	Pf_BP_2_D448_S83_L001-L004_merged	7	0.0000	0.0000	1.0000
PsFluSBW25_chrm01_circ_3581352	Pf_BP_2_D476_S62_L001-L004_merged	7	0.0000	0.0000	1.0000
PsFluSBW25_chrm01_circ_3581352	Pf_BP_2_D504_S161_L001-L004_merged	7	0.0000	0.0000	1.0000
PsFluSBW25_chrm01_circ_3581352	Pf_BP_2_D532_S126_L001-L004_merged	7	0.0000	0.0000	1.0000
PsFluSBW25_chrm01_circ_3581352	Pf_BP_2_D56_S56_L001-L004_merged	7	0.0000	0.0000	1.0000
PsFluSBW25_chrm01_circ_3581352	Pf_BP_2_D588_S86_L001-L004_merged	7	0.0125	0.0043	1.0000
PsFluSBW25_chrm01_circ_3581352	Pf_BP_2_D623_S104_L001-L004_merged	7	0.0313	0.0030	1.0000
PsFluSBW25_chrm01_circ_3581352	Pf_BP_2_D644_S152_L001-L004_merged	7	0.0487	0.0041	1.0000
PsFluSBW25_chrm01_circ_3581352	Pf_BP_2_D700_S177_L001-L004_merged	7	0.0320	0.0037	1.0000
PsFluSBW25_chrm01_circ_3581352	Pf_BP_2_D728_S118_L001-L004_merged	7	0.1350	0.0062	1.0000
PsFluSBW25_chrm01_circ_3581352	Pf_BP_2_D756_S154_L001-L004_merged	7	0.2689	0.0086	1.0000
PsFluSBW25_chrm01_circ_3581352	Pf_BP_2_D784_S95_L001-L004_merged	7	0.3502	0.0084	1.0000
PsFluSBW25_chrm01_circ_3581352	Pf_BP_2_D84_S2_L001-L004_merged	7	0.0000	0.0000	1.0000
PsFluSBW25_chrm01_circ_3669690	PS_Pf_r02_2017_01_09_L001	7	0.0000	0.0000	1.0000
PsFluSBW25_chrm01_circ_3669690	Pf_BP_2_D112_S35_L001-L004_merged	7	0.0000	0.0000	1.0000
PsFluSBW25_chrm01_circ_3669690	Pf_BP_2_D140_S68_L001-L004_merged	7	0.0000	0.0000	1.0000
PsFluSBW25_chrm01_circ_3669690	Pf_BP_2_D168_S14_L001-L004_merged	7	0.0000	0.0000	1.0000
PsFluSBW25_chrm01_circ_3669690	Pf_BP_2_D196_S47_L001-L004_merged	7	0.0000	0.0000	1.0000
PsFluSBW25_chrm01_circ_3669690	Pf_BP_2_D224_S80_L001-L004_merged	7	0.0000	0.0000	1.0000
PsFluSBW25_chrm01_circ_3669690	Pf_BP_2_D252_S26_L001-L004_merged	7	0.0000	0.0000	1.0000
PsFluSBW25_chrm01_circ_3669690	Pf_BP_2_D279_S59_L001-L004_merged	7	0.0000	0.0000	1.0000
PsFluSBW25_chrm01_circ_3669690	Pf_BP_2_D28_S12_L001-L004_merged	7	0.0000	0.0000	1.0000
PsFluSBW25_chrm01_circ_3669690	Pf_BP_2_D310_S5_L001-L004_merged	7	0.0000	0.0000	1.0000
PsFluSBW25_chrm01_circ_3669690	Pf_BP_2_D336_S38_L001-L004_merged	7	0.0000	0.0000	1.0000
PsFluSBW25_chrm01_circ_3669690	Pf_BP_2_D364_S71_L001-L004_merged	7	0.0000	0.0000	1.0000
PsFluSBW25_chrm01_circ_3669690	Pf_BP_2_D392_S101_L001-L004_merged	7	0.0000	0.0000	1.0000
PsFluSBW25_chrm01_circ_3669690	Pf_BP_2_D420_S50_L001-L004_merged	7	0.0000	0.0000	1.0000
PsFluSBW25_chrm01_circ_3669690	Pf_BP_2_D448_S83_L001-L004_merged	7	0.0000	0.0000	1.0000
PsFluSBW25_chrm01_circ_3669690	Pf_BP_2_D476_S62_L001-L004_merged	7	0.0000	0.0000	1.0000
PsFluSBW25_chrm01_circ_3669690	Pf_BP_2_D504_S161_L001-L004_merged	7	0.0000	0.0000	1.0000
PsFluSBW25_chrm01_circ_3669690	Pf_BP_2_D532_S126_L001-L004_merged	7	0.0000	0.0000	1.0000
PsFluSBW25_chrm01_circ_3669690	Pf_BP_2_D56_S56_L001-L004_merged	7	0.0000	0.0000	1.0000
PsFluSBW25_chrm01_circ_3669690	Pf_BP_2_D588_S86_L001-L004_merged	7	0.0125	0.0043	1.0000
PsFluSBW25_chrm01_circ_3669690	Pf_BP_2_D623_S104_L001-L004_merged	7	0.0313	0.0030	1.0000
PsFluSBW25_chrm01_circ_3669690	Pf_BP_2_D644_S152_L001-L004_merged	7	0.0487	0.0041	1.0000
PsFluSBW25_chrm01_circ_3669690	Pf_BP_2_D700_S177_L001-L004_merged	7	0.0320	0.0037	1.0000
PsFluSBW25_chrm01_circ_3669690	Pf_BP_2_D728_S118_L001-L004_merged	7	0.1350	0.0062	1.0000
PsFluSBW25_chrm01_circ_3669690	Pf_BP_2_D756_S154_L001-L004_merged	7	0.2689	0.0086	1.0000
PsFluSBW25_chrm01_circ_3669690	Pf_BP_2_D784_S95_L001-L004_merged	7	0.3502	0.0084	1.0000
PsFluSBW25_chrm01_circ_3669690	Pf_BP_2_D84_S2_L001-L004_merged	7	0.0000	0.0000	1.0000
PsFluSBW25_chrm01_circ_3672872	PS_Pf_r02_2017_01_09_L001	7	0.0000	0.0000	1.0000
PsFluSBW25_chrm01_circ_3672872	Pf_BP_2_D112_S35_L001-L004_merged	7	0.0000	0.0000	1.0000
PsFluSBW25_chrm01_circ_3672872	Pf_BP_2_D140_S68_L001-L004_merged	7	0.0000	0.0000	1.0000
PsFluSBW25_chrm01_circ_3672872	Pf_BP_2_D168_S14_L001-L004_merged	7	0.0000	0.0000	1.0000
PsFluSBW25_chrm01_circ_3672872	Pf_BP_2_D196_S47_L001-L004_merged	7	0.0000	0.0000	1.0000
PsFluSBW25_chrm01_circ_3672872	Pf_BP_2_D224_S80_L001-L004_merged	7	0.0000	0.0000	1.0000
PsFluSBW25_chrm01_circ_3672872	Pf_BP_2_D252_S26_L001-L004_merged	7	0.0000	0.0000	1.0000
PsFluSBW25_chrm01_circ_3672872	Pf_BP_2_D279_S59_L001-L004_merged	7	0.0000	0.0000	1.0000
PsFluSBW25_chrm01_circ_3672872	Pf_BP_2_D28_S12_L001-L004_merged	7	0.0000	0.0000	1.0000
PsFluSBW25_chrm01_circ_3672872	Pf_BP_2_D310_S5_L001-L004_merged	7	0.0000	0.0000	1.0000
PsFluSBW25_chrm01_circ_3672872	Pf_BP_2_D336_S38_L001-L004_merged	7	0.0000	0.0000	1.0000
PsFluSBW25_chrm01_circ_3672872	Pf_BP_2_D364_S71_L001-L004_merged	7	0.0000	0.0000	1.0000
PsFluSBW25_chrm01_circ_3672872	Pf_BP_2_D392_S101_L001-L004_merged	7	0.0000	0.0000	1.0000
PsFluSBW25_chrm01_circ_3672872	Pf_BP_2_D420_S50_L001-L004_merged	7	0.0000	0.0000	1.0000
PsFluSBW25_chrm01_circ_3672872	Pf_BP_2_D448_S83_L001-L004_merged	7	0.0000	0.0000	1.0000
PsFluSBW25_chrm01_circ_3672872	Pf_BP_2_D476_S62_L001-L004_merged	7	0.0000	0.0000	1.0000
PsFluSBW25_chrm01_circ_3672872	Pf_BP_2_D504_S161_L001-L004_merged	7	0.0000	0.0000	1.0000
PsFluSBW25_chrm01_circ_3672872	Pf_BP_2_D532_S126_L001-L004_merged	7	0.0000	0.0000	1.0000
PsFluSBW25_chrm01_circ_3672872	Pf_BP_2_D56_S56_L001-L004_merged	7	0.0000	0.0000	1.0000
PsFluSBW25_chrm01_circ_3672872	Pf_BP_2_D588_S86_L001-L004_merged	7	0.0125	0.0043	1.0000
PsFluSBW25_chrm01_circ_3672872	Pf_BP_2_D623_S104_L001-L004_merged	7	0.0313	0.0030	1.0000
PsFluSBW25_chrm01_circ_3672872	Pf_BP_2_D644_S152_L001-L004_merged	7	0.0487	0.0041	1.0000
PsFluSBW25_chrm01_circ_3672872	Pf_BP_2_D700_S177_L001-L004_merged	7	0.0320	0.0037	1.0000
PsFluSBW25_chrm01_circ_3672872	Pf_BP_2_D728_S118_L001-L004_merged	7	0.1350	0.0062	1.0000
PsFluSBW25_chrm01_circ_3672872	Pf_BP_2_D756_S154_L001-L004_merged	7	0.2689	0.0086	1.0000
PsFluSBW25_chrm01_circ_3672872	Pf_BP_2_D784_S95_L001-L004_merged	7	0.3502	0.0084	1.0000
PsFluSBW25_chrm01_circ_3672872	Pf_BP_2_D84_S2_L001-L004_merged	7	0.0000	0.0000	1.0000
PsFluSBW25_chrm01_circ_3696739	PS_Pf_r02_2017_01_09_L001	7	0.0000	0.0000	1.0000
PsFluSBW25_chrm01_circ_3696739	Pf_BP_2_D112_S35_L001-L004_merged	7	0.0000	0.0000	1.0000
PsFluSBW25_chrm01_circ_3696739	Pf_BP_2_D140_S68_L001-L004_merged	7	0.0000	0.0000	1.0000
PsFluSBW25_chrm01_circ_3696739	Pf_BP_2_D168_S14_L001-L004_merged	7	0.0000	0.0000	1.0000
PsFluSBW25_chrm01_circ_3696739	Pf_BP_2_D196_S47_L001-L004_merged	7	0.0000	0.0000	1.0000
PsFluSBW25_chrm01_circ_3696739	Pf_BP_2_D224_S80_L001-L004_merged	7	0.0000	0.0000	1.0000
PsFluSBW25_chrm01_circ_3696739	Pf_BP_2_D252_S26_L001-L004_merged	7	0.0000	0.0000	1.0000
PsFluSBW25_chrm01_circ_3696739	Pf_BP_2_D279_S59_L001-L004_merged	7	0.0000	0.0000	1.0000
PsFluSBW25_chrm01_circ_3696739	Pf_BP_2_D28_S12_L001-L004_merged	7	0.0000	0.0000	1.0000
PsFluSBW25_chrm01_circ_3696739	Pf_BP_2_D310_S5_L001-L004_merged	7	0.0000	0.0000	1.0000
PsFluSBW25_chrm01_circ_3696739	Pf_BP_2_D336_S38_L001-L004_merged	7	0.0000	0.0000	1.0000
PsFluSBW25_chrm01_circ_3696739	Pf_BP_2_D364_S71_L001-L004_merged	7	0.0000	0.0000	1.0000
PsFluSBW25_chrm01_circ_3696739	Pf_BP_2_D392_S101_L001-L004_merged	7	0.0000	0.0000	1.0000
PsFluSBW25_chrm01_circ_3696739	Pf_BP_2_D420_S50_L001-L004_merged	7	0.0000	0.0000	1.0000
PsFluSBW25_chrm01_circ_3696739	Pf_BP_2_D448_S83_L001-L004_merged	7	0.0000	0.0000	1.0000
PsFluSBW25_chrm01_circ_3696739	Pf_BP_2_D476_S62_L001-L004_merged	7	0.0000	0.0000	1.0000
PsFluSBW25_chrm01_circ_3696739	Pf_BP_2_D504_S161_L001-L004_merged	7	0.0000	0.0000	1.0000
PsFluSBW25_chrm01_circ_3696739	Pf_BP_2_D532_S126_L001-L004_merged	7	0.0000	0.0000	1.0000
PsFluSBW25_chrm01_circ_3696739	Pf_BP_2_D56_S56_L001-L004_merged	7	0.0000	0.0000	1.0000
PsFluSBW25_chrm01_circ_3696739	Pf_BP_2_D588_S86_L001-L004_merged	7	0.0125	0.0043	1.0000
PsFluSBW25_chrm01_circ_3696739	Pf_BP_2_D623_S104_L001-L004_merged	7	0.0313	0.0030	1.0000
PsFluSBW25_chrm01_circ_3696739	Pf_BP_2_D644_S152_L001-L004_merged	7	0.0487	0.0041	1.0000
PsFluSBW25_chrm01_circ_3696739	Pf_BP_2_D700_S177_L001-L004_merged	7	0.0320	0.0037	1.0000
PsFluSBW25_chrm01_circ_3696739	Pf_BP_2_D728_S118_L001-L004_merged	7	0.1350	0.0062	1.0000
PsFluSBW25_chrm01_circ_3696739	Pf_BP_2_D756_S154_L001-L004_merged	7	0.2689	0.0086	1.0000
PsFluSBW25_chrm01_circ_3696739	Pf_BP_2_D784_S95_L001-L004_merged	7	0.3502	0.0084	1.0000
PsFluSBW25_chrm01_circ_3696739	Pf_BP_2_D84_S2_L001-L004_merged	7	0.0000	0.0000	1.0000
PsFluSBW25_chrm01_circ_3719915	PS_Pf_r02_2017_01_09_L001	7	0.0000	0.0000	1.0000
PsFluSBW25_chrm01_circ_3719915	Pf_BP_2_D112_S35_L001-L004_merged	7	0.0000	0.0000	1.0000
PsFluSBW25_chrm01_circ_3719915	Pf_BP_2_D140_S68_L001-L004_merged	7	0.0000	0.0000	1.0000
PsFluSBW25_chrm01_circ_3719915	Pf_BP_2_D168_S14_L001-L004_merged	7	0.0000	0.0000	1.0000
PsFluSBW25_chrm01_circ_3719915	Pf_BP_2_D196_S47_L001-L004_merged	7	0.0000	0.0000	1.0000
PsFluSBW25_chrm01_circ_3719915	Pf_BP_2_D224_S80_L001-L004_merged	7	0.0000	0.0000	1.0000
PsFluSBW25_chrm01_circ_3719915	Pf_BP_2_D252_S26_L001-L004_merged	7	0.0000	0.0000	1.0000
PsFluSBW25_chrm01_circ_3719915	Pf_BP_2_D279_S59_L001-L004_merged	7	0.0000	0.0000	1.0000
PsFluSBW25_chrm01_circ_3719915	Pf_BP_2_D28_S12_L001-L004_merged	7	0.0000	0.0000	1.0000
PsFluSBW25_chrm01_circ_3719915	Pf_BP_2_D310_S5_L001-L004_merged	7	0.0000	0.0000	1.0000
PsFluSBW25_chrm01_circ_3719915	Pf_BP_2_D336_S38_L001-L004_merged	7	0.0000	0.0000	1.0000
PsFluSBW25_chrm01_circ_3719915	Pf_BP_2_D364_S71_L001-L004_merged	7	0.0000	0.0000	1.0000
PsFluSBW25_chrm01_circ_3719915	Pf_BP_2_D392_S101_L001-L004_merged	7	0.0000	0.0000	1.0000
PsFluSBW25_chrm01_circ_3719915	Pf_BP_2_D420_S50_L001-L004_merged	7	0.0000	0.0000	1.0000
PsFluSBW25_chrm01_circ_3719915	Pf_BP_2_D448_S83_L001-L004_merged	7	0.0000	0.0000	1.0000
PsFluSBW25_chrm01_circ_3719915	Pf_BP_2_D476_S62_L001-L004_merged	7	0.0000	0.0000	1.0000
PsFluSBW25_chrm01_circ_3719915	Pf_BP_2_D504_S161_L001-L004_merged	7	0.0000	0.0000	1.0000
PsFluSBW25_chrm01_circ_3719915	Pf_BP_2_D532_S126_L001-L004_merged	7	0.0000	0.0000	1.0000
PsFluSBW25_chrm01_circ_3719915	Pf_BP_2_D56_S56_L001-L004_merged	7	0.0000	0.0000	1.0000
PsFluSBW25_chrm01_circ_3719915	Pf_BP_2_D588_S86_L001-L004_merged	7	0.0125	0.0043	1.0000
PsFluSBW25_chrm01_circ_3719915	Pf_BP_2_D623_S104_L001-L004_merged	7	0.0313	0.0030	1.0000
PsFluSBW25_chrm01_circ_3719915	Pf_BP_2_D644_S152_L001-L004_merged	7	0.0487	0.0041	1.0000
PsFluSBW25_chrm01_circ_3719915	Pf_BP_2_D700_S177_L001-L004_merged	7	0.0320	0.0037	1.0000
PsFluSBW25_chrm01_circ_3719915	Pf_BP_2_D728_S118_L001-L004_merged	7	0.1350	0.0062	1.0000
PsFluSBW25_chrm01_circ_3719915	Pf_BP_2_D756_S154_L001-L004_merged	7	0.2689	0.0086	1.0000
PsFluSBW25_chrm01_circ_3719915	Pf_BP_2_D784_S95_L001-L004_merged	7	0.3502	0.0084	1.0000
PsFluSBW25_chrm01_circ_3719915	Pf_BP_2_D84_S2_L001-L004_merged	7	0.0000	0.0000	1.0000
PsFluSBW25_chrm01_circ_3757958	PS_Pf_r02_2017_01_09_L001	7	0.0000	0.0000	1.0000
PsFluSBW25_chrm01_circ_3757958	Pf_BP_2_D112_S35_L001-L004_merged	7	0.0000	0.0000	1.0000
PsFluSBW25_chrm01_circ_3757958	Pf_BP_2_D140_S68_L001-L004_merged	7	0.0000	0.0000	1.0000
PsFluSBW25_chrm01_circ_3757958	Pf_BP_2_D168_S14_L001-L004_merged	7	0.0000	0.0000	1.0000
PsFluSBW25_chrm01_circ_3757958	Pf_BP_2_D196_S47_L001-L004_merged	7	0.0000	0.0000	1.0000
PsFluSBW25_chrm01_circ_3757958	Pf_BP_2_D224_S80_L001-L004_merged	7	0.0000	0.0000	1.0000
PsFluSBW25_chrm01_circ_3757958	Pf_BP_2_D252_S26_L001-L004_merged	7	0.0000	0.0000	1.0000
PsFluSBW25_chrm01_circ_3757958	Pf_BP_2_D279_S59_L001-L004_merged	7	0.0000	0.0000	1.0000
PsFluSBW25_chrm01_circ_3757958	Pf_BP_2_D28_S12_L001-L004_merged	7	0.0000	0.0000	1.0000
PsFluSBW25_chrm01_circ_3757958	Pf_BP_2_D310_S5_L001-L004_merged	7	0.0000	0.0000	1.0000
PsFluSBW25_chrm01_circ_3757958	Pf_BP_2_D336_S38_L001-L004_merged	7	0.0000	0.0000	1.0000
PsFluSBW25_chrm01_circ_3757958	Pf_BP_2_D364_S71_L001-L004_merged	7	0.0000	0.0000	1.0000
PsFluSBW25_chrm01_circ_3757958	Pf_BP_2_D392_S101_L001-L004_merged	7	0.0000	0.0000	1.0000
PsFluSBW25_chrm01_circ_3757958	Pf_BP_2_D420_S50_L001-L004_merged	7	0.0000	0.0000	1.0000
PsFluSBW25_chrm01_circ_3757958	Pf_BP_2_D448_S83_L001-L004_merged	7	0.0000	0.0000	1.0000
PsFluSBW25_chrm01_circ_3757958	Pf_BP_2_D476_S62_L001-L004_merged	7	0.0000	0.0000	1.0000
PsFluSBW25_chrm01_circ_3757958	Pf_BP_2_D504_S161_L001-L004_merged	7	0.0000	0.0000	1.0000
PsFluSBW25_chrm01_circ_3757958	Pf_BP_2_D532_S126_L001-L004_merged	7	0.0000	0.0000	1.0000
PsFluSBW25_chrm01_circ_3757958	Pf_BP_2_D56_S56_L001-L004_merged	7	0.0000	0.0000	1.0000
PsFluSBW25_chrm01_circ_3757958	Pf_BP_2_D588_S86_L001-L004_merged	7	0.0125	0.0043	1.0000
PsFluSBW25_chrm01_circ_3757958	Pf_BP_2_D623_S104_L001-L004_merged	7	0.0313	0.0030	1.0000
PsFluSBW25_chrm01_circ_3757958	Pf_BP_2_D644_S152_L001-L004_merged	7	0.0487	0.0041	1.0000
PsFluSBW25_chrm01_circ_3757958	Pf_BP_2_D700_S177_L001-L004_merged	7	0.0320	0.0037	1.0000
PsFluSBW25_chrm01_circ_3757958	Pf_BP_2_D728_S118_L001-L004_merged	7	0.1350	0.0062	1.0000
PsFluSBW25_chrm01_circ_3757958	Pf_BP_2_D756_S154_L001-L004_merged	7	0.2689	0.0086	1.0000
PsFluSBW25_chrm01_circ_3757958	Pf_BP_2_D784_S95_L001-L004_merged	7	0.3502	0.0084	1.0000
PsFluSBW25_chrm01_circ_3757958	Pf_BP_2_D84_S2_L001-L004_merged	7	0.0000	0.0000	1.0000
PsFluSBW25_chrm01_circ_3765027	PS_Pf_r02_2017_01_09_L001	7	0.0000	0.0000	1.0000
PsFluSBW25_chrm01_circ_3765027	Pf_BP_2_D112_S35_L001-L004_merged	7	0.0000	0.0000	1.0000
PsFluSBW25_chrm01_circ_3765027	Pf_BP_2_D140_S68_L001-L004_merged	7	0.0000	0.0000	1.0000
PsFluSBW25_chrm01_circ_3765027	Pf_BP_2_D168_S14_L001-L004_merged	7	0.0000	0.0000	1.0000
PsFluSBW25_chrm01_circ_3765027	Pf_BP_2_D196_S47_L001-L004_merged	7	0.0000	0.0000	1.0000
PsFluSBW25_chrm01_circ_3765027	Pf_BP_2_D224_S80_L001-L004_merged	7	0.0000	0.0000	1.0000
PsFluSBW25_chrm01_circ_3765027	Pf_BP_2_D252_S26_L001-L004_merged	7	0.0000	0.0000	1.0000
PsFluSBW25_chrm01_circ_3765027	Pf_BP_2_D279_S59_L001-L004_merged	7	0.0000	0.0000	1.0000
PsFluSBW25_chrm01_circ_3765027	Pf_BP_2_D28_S12_L001-L004_merged	7	0.0000	0.0000	1.0000
PsFluSBW25_chrm01_circ_3765027	Pf_BP_2_D310_S5_L001-L004_merged	7	0.0000	0.0000	1.0000
PsFluSBW25_chrm01_circ_3765027	Pf_BP_2_D336_S38_L001-L004_merged	7	0.0000	0.0000	1.0000
PsFluSBW25_chrm01_circ_3765027	Pf_BP_2_D364_S71_L001-L004_merged	7	0.0000	0.0000	1.0000
PsFluSBW25_chrm01_circ_3765027	Pf_BP_2_D392_S101_L001-L004_merged	7	0.0000	0.0000	1.0000
PsFluSBW25_chrm01_circ_3765027	Pf_BP_2_D420_S50_L001-L004_merged	7	0.0000	0.0000	1.0000
PsFluSBW25_chrm01_circ_3765027	Pf_BP_2_D448_S83_L001-L004_merged	7	0.0000	0.0000	1.0000
PsFluSBW25_chrm01_circ_3765027	Pf_BP_2_D476_S62_L001-L004_merged	7	0.0000	0.0000	1.0000
PsFluSBW25_chrm01_circ_3765027	Pf_BP_2_D504_S161_L001-L004_merged	7	0.0000	0.0000	1.0000
PsFluSBW25_chrm01_circ_3765027	Pf_BP_2_D532_S126_L001-L004_merged	7	0.0000	0.0000	1.0000
PsFluSBW25_chrm01_circ_3765027	Pf_BP_2_D56_S56_L001-L004_merged	7	0.0000	0.0000	1.0000
PsFluSBW25_chrm01_circ_3765027	Pf_BP_2_D588_S86_L001-L004_merged	7	0.0125	0.0043	1.0000
PsFluSBW25_chrm01_circ_3765027	Pf_BP_2_D623_S104_L001-L004_merged	7	0.0313	0.0030	1.0000
PsFluSBW25_chrm01_circ_3765027	Pf_BP_2_D644_S152_L001-L004_merged	7	0.0487	0.0041	1.0000
PsFluSBW25_chrm01_circ_3765027	Pf_BP_2_D700_S177_L001-L004_merged	7	0.0320	0.0037	1.0000
PsFluSBW25_chrm01_circ_3765027	Pf_BP_2_D728_S118_L001-L004_merged	7	0.1350	0.0062	1.0000
PsFluSBW25_chrm01_circ_3765027	Pf_BP_2_D756_S154_L001-L004_merged	7	0.2689	0.0086	1.0000
PsFluSBW25_chrm01_circ_3765027	Pf_BP_2_D784_S95_L001-L004_merged	7	0.3502	0.0084	1.0000
PsFluSBW25_chrm01_circ_3765027	Pf_BP_2_D84_S2_L001-L004_merged	7	0.0000	0.0000	1.0000
PsFluSBW25_chrm01_circ_3880352	PS_Pf_r02_2017_01_09_L001	7	0.0000	0.0000	0.9991
PsFluSBW25_chrm01_circ_3880352	Pf_BP_2_D112_S35_L001-L004_merged	7	0.0000	0.0000	0.9991
PsFluSBW25_chrm01_circ_3880352	Pf_BP_2_D140_S68_L001-L004_merged	7	0.0000	0.0000	0.9991
PsFluSBW25_chrm01_circ_3880352	Pf_BP_2_D168_S14_L001-L004_merged	7	0.0000	0.0000	0.9991
PsFluSBW25_chrm01_circ_3880352	Pf_BP_2_D196_S47_L001-L004_merged	7	0.0000	0.0000	0.9991
PsFluSBW25_chrm01_circ_3880352	Pf_BP_2_D224_S80_L001-L004_merged	7	0.0000	0.0000	0.9991
PsFluSBW25_chrm01_circ_3880352	Pf_BP_2_D252_S26_L001-L004_merged	7	0.0000	0.0000	0.9991
PsFluSBW25_chrm01_circ_3880352	Pf_BP_2_D279_S59_L001-L004_merged	7	0.0000	0.0000	0.9991
PsFluSBW25_chrm01_circ_3880352	Pf_BP_2_D28_S12_L001-L004_merged	7	0.0000	0.0000	0.9991
PsFluSBW25_chrm01_circ_3880352	Pf_BP_2_D310_S5_L001-L004_merged	7	0.0000	0.0000	0.9991
PsFluSBW25_chrm01_circ_3880352	Pf_BP_2_D336_S38_L001-L004_merged	7	0.0000	0.0000	0.9991
PsFluSBW25_chrm01_circ_3880352	Pf_BP_2_D364_S71_L001-L004_merged	7	0.0000	0.0000	0.9991
PsFluSBW25_chrm01_circ_3880352	Pf_BP_2_D392_S101_L001-L004_merged	7	0.0000	0.0000	0.9991
PsFluSBW25_chrm01_circ_3880352	Pf_BP_2_D420_S50_L001-L004_merged	7	0.0000	0.0000	0.9991
PsFluSBW25_chrm01_circ_3880352	Pf_BP_2_D448_S83_L001-L004_merged	7	0.0000	0.0000	0.9991
PsFluSBW25_chrm01_circ_3880352	Pf_BP_2_D476_S62_L001-L004_merged	7	0.0000	0.0000	0.9991
PsFluSBW25_chrm01_circ_3880352	Pf_BP_2_D504_S161_L001-L004_merged	7	0.0000	0.0000	0.9991
PsFluSBW25_chrm01_circ_3880352	Pf_BP_2_D532_S126_L001-L004_merged	7	0.0000	0.0000	0.9991
PsFluSBW25_chrm01_circ_3880352	Pf_BP_2_D56_S56_L001-L004_merged	7	0.0000	0.0000	0.9991
PsFluSBW25_chrm01_circ_3880352	Pf_BP_2_D588_S86_L001-L004_merged	7	0.0125	0.0043	0.9991
PsFluSBW25_chrm01_circ_3880352	Pf_BP_2_D623_S104_L001-L004_merged	7	0.0313	0.0030	0.9991
PsFluSBW25_chrm01_circ_3880352	Pf_BP_2_D644_S152_L001-L004_merged	7	0.0487	0.0041	0.9991
PsFluSBW25_chrm01_circ_3880352	Pf_BP_2_D700_S177_L001-L004_merged	7	0.0320	0.0037	0.9991
PsFluSBW25_chrm01_circ_3880352	Pf_BP_2_D728_S118_L001-L004_merged	7	0.1350	0.0062	0.9991
PsFluSBW25_chrm01_circ_3880352	Pf_BP_2_D756_S154_L001-L004_merged	7	0.2689	0.0086	0.9991
PsFluSBW25_chrm01_circ_3880352	Pf_BP_2_D784_S95_L001-L004_merged	7	0.3502	0.0084	0.9991
PsFluSBW25_chrm01_circ_3880352	Pf_BP_2_D84_S2_L001-L004_merged	7	0.0000	0.0000	0.9991
PsFluSBW25_chrm01_circ_3910459	PS_Pf_r02_2017_01_09_L001	7	0.0000	0.0000	1.0000
PsFluSBW25_chrm01_circ_3910459	Pf_BP_2_D112_S35_L001-L004_merged	7	0.0000	0.0000	1.0000
PsFluSBW25_chrm01_circ_3910459	Pf_BP_2_D140_S68_L001-L004_merged	7	0.0000	0.0000	1.0000
PsFluSBW25_chrm01_circ_3910459	Pf_BP_2_D168_S14_L001-L004_merged	7	0.0000	0.0000	1.0000
PsFluSBW25_chrm01_circ_3910459	Pf_BP_2_D196_S47_L001-L004_merged	7	0.0000	0.0000	1.0000
PsFluSBW25_chrm01_circ_3910459	Pf_BP_2_D224_S80_L001-L004_merged	7	0.0000	0.0000	1.0000
PsFluSBW25_chrm01_circ_3910459	Pf_BP_2_D252_S26_L001-L004_merged	7	0.0000	0.0000	1.0000
PsFluSBW25_chrm01_circ_3910459	Pf_BP_2_D279_S59_L001-L004_merged	7	0.0000	0.0000	1.0000
PsFluSBW25_chrm01_circ_3910459	Pf_BP_2_D28_S12_L001-L004_merged	7	0.0000	0.0000	1.0000
PsFluSBW25_chrm01_circ_3910459	Pf_BP_2_D310_S5_L001-L004_merged	7	0.0000	0.0000	1.0000
PsFluSBW25_chrm01_circ_3910459	Pf_BP_2_D336_S38_L001-L004_merged	7	0.0000	0.0000	1.0000
PsFluSBW25_chrm01_circ_3910459	Pf_BP_2_D364_S71_L001-L004_merged	7	0.0000	0.0000	1.0000
PsFluSBW25_chrm01_circ_3910459	Pf_BP_2_D392_S101_L001-L004_merged	7	0.0000	0.0000	1.0000
PsFluSBW25_chrm01_circ_3910459	Pf_BP_2_D420_S50_L001-L004_merged	7	0.0000	0.0000	1.0000
PsFluSBW25_chrm01_circ_3910459	Pf_BP_2_D448_S83_L001-L004_merged	7	0.0000	0.0000	1.0000
PsFluSBW25_chrm01_circ_3910459	Pf_BP_2_D476_S62_L001-L004_merged	7	0.0000	0.0000	1.0000
PsFluSBW25_chrm01_circ_3910459	Pf_BP_2_D504_S161_L001-L004_merged	7	0.0000	0.0000	1.0000
PsFluSBW25_chrm01_circ_3910459	Pf_BP_2_D532_S126_L001-L004_merged	7	0.0000	0.0000	1.0000
PsFluSBW25_chrm01_circ_3910459	Pf_BP_2_D56_S56_L001-L004_merged	7	0.0000	0.0000	1.0000
PsFluSBW25_chrm01_circ_3910459	Pf_BP_2_D588_S86_L001-L004_merged	7	0.0125	0.0043	1.0000
PsFluSBW25_chrm01_circ_3910459	Pf_BP_2_D623_S104_L001-L004_merged	7	0.0313	0.0030	1.0000
PsFluSBW25_chrm01_circ_3910459	Pf_BP_2_D644_S152_L001-L004_merged	7	0.0487	0.0041	1.0000
PsFluSBW25_chrm01_circ_3910459	Pf_BP_2_D700_S177_L001-L004_merged	7	0.0320	0.0037	1.0000
PsFluSBW25_chrm01_circ_3910459	Pf_BP_2_D728_S118_L001-L004_merged	7	0.1350	0.0062	1.0000
PsFluSBW25_chrm01_circ_3910459	Pf_BP_2_D756_S154_L001-L004_merged	7	0.2689	0.0086	1.0000
PsFluSBW25_chrm01_circ_3910459	Pf_BP_2_D784_S95_L001-L004_merged	7	0.3502	0.0084	1.0000
PsFluSBW25_chrm01_circ_3910459	Pf_BP_2_D84_S2_L001-L004_merged	7	0.0000	0.0000	1.0000
PsFluSBW25_chrm01_circ_4017372	PS_Pf_r02_2017_01_09_L001	7	0.0000	0.0000	1.0000
PsFluSBW25_chrm01_circ_4017372	Pf_BP_2_D112_S35_L001-L004_merged	7	0.0000	0.0000	1.0000
PsFluSBW25_chrm01_circ_4017372	Pf_BP_2_D140_S68_L001-L004_merged	7	0.0000	0.0000	1.0000
PsFluSBW25_chrm01_circ_4017372	Pf_BP_2_D168_S14_L001-L004_merged	7	0.0000	0.0000	1.0000
PsFluSBW25_chrm01_circ_4017372	Pf_BP_2_D196_S47_L001-L004_merged	7	0.0000	0.0000	1.0000
PsFluSBW25_chrm01_circ_4017372	Pf_BP_2_D224_S80_L001-L004_merged	7	0.0000	0.0000	1.0000
PsFluSBW25_chrm01_circ_4017372	Pf_BP_2_D252_S26_L001-L004_merged	7	0.0000	0.0000	1.0000
PsFluSBW25_chrm01_circ_4017372	Pf_BP_2_D279_S59_L001-L004_merged	7	0.0000	0.0000	1.0000
PsFluSBW25_chrm01_circ_4017372	Pf_BP_2_D28_S12_L001-L004_merged	7	0.0000	0.0000	1.0000
PsFluSBW25_chrm01_circ_4017372	Pf_BP_2_D310_S5_L001-L004_merged	7	0.0000	0.0000	1.0000
PsFluSBW25_chrm01_circ_4017372	Pf_BP_2_D336_S38_L001-L004_merged	7	0.0000	0.0000	1.0000
PsFluSBW25_chrm01_circ_4017372	Pf_BP_2_D364_S71_L001-L004_merged	7	0.0000	0.0000	1.0000
PsFluSBW25_chrm01_circ_4017372	Pf_BP_2_D392_S101_L001-L004_merged	7	0.0000	0.0000	1.0000
PsFluSBW25_chrm01_circ_4017372	Pf_BP_2_D420_S50_L001-L004_merged	7	0.0000	0.0000	1.0000
PsFluSBW25_chrm01_circ_4017372	Pf_BP_2_D448_S83_L001-L004_merged	7	0.0000	0.0000	1.0000
PsFluSBW25_chrm01_circ_4017372	Pf_BP_2_D476_S62_L001-L004_merged	7	0.0000	0.0000	1.0000
PsFluSBW25_chrm01_circ_4017372	Pf_BP_2_D504_S161_L001-L004_merged	7	0.0000	0.0000	1.0000
PsFluSBW25_chrm01_circ_4017372	Pf_BP_2_D532_S126_L001-L004_merged	7	0.0000	0.0000	1.0000
PsFluSBW25_chrm01_circ_4017372	Pf_BP_2_D56_S56_L001-L004_merged	7	0.0000	0.0000	1.0000
PsFluSBW25_chrm01_circ_4017372	Pf_BP_2_D588_S86_L001-L004_merged	7	0.0125	0.0043	1.0000
PsFluSBW25_chrm01_circ_4017372	Pf_BP_2_D623_S104_L001-L004_merged	7	0.0313	0.0030	1.0000
PsFluSBW25_chrm01_circ_4017372	Pf_BP_2_D644_S152_L001-L004_merged	7	0.0487	0.0041	1.0000
PsFluSBW25_chrm01_circ_4017372	Pf_BP_2_D700_S177_L001-L004_merged	7	0.0320	0.0037	1.0000
PsFluSBW25_chrm01_circ_4017372	Pf_BP_2_D728_S118_L001-L004_merged	7	0.1350	0.0062	1.0000
PsFluSBW25_chrm01_circ_4017372	Pf_BP_2_D756_S154_L001-L004_merged	7	0.2689	0.0086	1.0000
PsFluSBW25_chrm01_circ_4017372	Pf_BP_2_D784_S95_L001-L004_merged	7	0.3502	0.0084	1.0000
PsFluSBW25_chrm01_circ_4017372	Pf_BP_2_D84_S2_L001-L004_merged	7	0.0000	0.0000	1.0000
PsFluSBW25_chrm01_circ_4052560	PS_Pf_r02_2017_01_09_L001	7	0.0000	0.0000	1.0000
PsFluSBW25_chrm01_circ_4052560	Pf_BP_2_D112_S35_L001-L004_merged	7	0.0000	0.0000	1.0000
PsFluSBW25_chrm01_circ_4052560	Pf_BP_2_D140_S68_L001-L004_merged	7	0.0000	0.0000	1.0000
PsFluSBW25_chrm01_circ_4052560	Pf_BP_2_D168_S14_L001-L004_merged	7	0.0000	0.0000	1.0000
PsFluSBW25_chrm01_circ_4052560	Pf_BP_2_D196_S47_L001-L004_merged	7	0.0000	0.0000	1.0000
PsFluSBW25_chrm01_circ_4052560	Pf_BP_2_D224_S80_L001-L004_merged	7	0.0000	0.0000	1.0000
PsFluSBW25_chrm01_circ_4052560	Pf_BP_2_D252_S26_L001-L004_merged	7	0.0000	0.0000	1.0000
PsFluSBW25_chrm01_circ_4052560	Pf_BP_2_D279_S59_L001-L004_merged	7	0.0000	0.0000	1.0000
PsFluSBW25_chrm01_circ_4052560	Pf_BP_2_D28_S12_L001-L004_merged	7	0.0000	0.0000	1.0000
PsFluSBW25_chrm01_circ_4052560	Pf_BP_2_D310_S5_L001-L004_merged	7	0.0000	0.0000	1.0000
PsFluSBW25_chrm01_circ_4052560	Pf_BP_2_D336_S38_L001-L004_merged	7	0.0000	0.0000	1.0000
PsFluSBW25_chrm01_circ_4052560	Pf_BP_2_D364_S71_L001-L004_merged	7	0.0000	0.0000	1.0000
PsFluSBW25_chrm01_circ_4052560	Pf_BP_2_D392_S101_L001-L004_merged	7	0.0000	0.0000	1.0000
PsFluSBW25_chrm01_circ_4052560	Pf_BP_2_D420_S50_L001-L004_merged	7	0.0000	0.0000	1.0000
PsFluSBW25_chrm01_circ_4052560	Pf_BP_2_D448_S83_L001-L004_merged	7	0.0000	0.0000	1.0000
PsFluSBW25_chrm01_circ_4052560	Pf_BP_2_D476_S62_L001-L004_merged	7	0.0000	0.0000	1.0000
PsFluSBW25_chrm01_circ_4052560	Pf_BP_2_D504_S161_L001-L004_merged	7	0.0000	0.0000	1.0000
PsFluSBW25_chrm01_circ_4052560	Pf_BP_2_D532_S126_L001-L004_merged	7	0.0000	0.0000	1.0000
PsFluSBW25_chrm01_circ_4052560	Pf_BP_2_D56_S56_L001-L004_merged	7	0.0000	0.0000	1.0000
PsFluSBW25_chrm01_circ_4052560	Pf_BP_2_D588_S86_L001-L004_merged	7	0.0125	0.0043	1.0000
PsFluSBW25_chrm01_circ_4052560	Pf_BP_2_D623_S104_L001-L004_merged	7	0.0313	0.0030	1.0000
PsFluSBW25_chrm01_circ_4052560	Pf_BP_2_D644_S152_L001-L004_merged	7	0.0487	0.0041	1.0000
PsFluSBW25_chrm01_circ_4052560	Pf_BP_2_D700_S177_L001-L004_merged	7	0.0320	0.0037	1.0000
PsFluSBW25_chrm01_circ_4052560	Pf_BP_2_D728_S118_L001-L004_merged	7	0.1350	0.0062	1.0000
PsFluSBW25_chrm01_circ_4052560	Pf_BP_2_D756_S154_L001-L004_merged	7	0.2689	0.0086	1.0000
PsFluSBW25_chrm01_circ_4052560	Pf_BP_2_D784_S95_L001-L004_merged	7	0.3502	0.0084	1.0000
PsFluSBW25_chrm01_circ_4052560	Pf_BP_2_D84_S2_L001-L004_merged	7	0.0000	0.0000	1.0000
PsFluSBW25_chrm01_circ_4148465	PS_Pf_r02_2017_01_09_L001	7	0.0000	0.0000	1.0000
PsFluSBW25_chrm01_circ_4148465	Pf_BP_2_D112_S35_L001-L004_merged	7	0.0000	0.0000	1.0000
PsFluSBW25_chrm01_circ_4148465	Pf_BP_2_D140_S68_L001-L004_merged	7	0.0000	0.0000	1.0000
PsFluSBW25_chrm01_circ_4148465	Pf_BP_2_D168_S14_L001-L004_merged	7	0.0000	0.0000	1.0000
PsFluSBW25_chrm01_circ_4148465	Pf_BP_2_D196_S47_L001-L004_merged	7	0.0000	0.0000	1.0000
PsFluSBW25_chrm01_circ_4148465	Pf_BP_2_D224_S80_L001-L004_merged	7	0.0000	0.0000	1.0000
PsFluSBW25_chrm01_circ_4148465	Pf_BP_2_D252_S26_L001-L004_merged	7	0.0000	0.0000	1.0000
PsFluSBW25_chrm01_circ_4148465	Pf_BP_2_D279_S59_L001-L004_merged	7	0.0000	0.0000	1.0000
PsFluSBW25_chrm01_circ_4148465	Pf_BP_2_D28_S12_L001-L004_merged	7	0.0000	0.0000	1.0000
PsFluSBW25_chrm01_circ_4148465	Pf_BP_2_D310_S5_L001-L004_merged	7	0.0000	0.0000	1.0000
PsFluSBW25_chrm01_circ_4148465	Pf_BP_2_D336_S38_L001-L004_merged	7	0.0000	0.0000	1.0000
PsFluSBW25_chrm01_circ_4148465	Pf_BP_2_D364_S71_L001-L004_merged	7	0.0000	0.0000	1.0000
PsFluSBW25_chrm01_circ_4148465	Pf_BP_2_D392_S101_L001-L004_merged	7	0.0000	0.0000	1.0000
PsFluSBW25_chrm01_circ_4148465	Pf_BP_2_D420_S50_L001-L004_merged	7	0.0000	0.0000	1.0000
PsFluSBW25_chrm01_circ_4148465	Pf_BP_2_D448_S83_L001-L004_merged	7	0.0000	0.0000	1.0000
PsFluSBW25_chrm01_circ_4148465	Pf_BP_2_D476_S62_L001-L004_merged	7	0.0000	0.0000	1.0000
PsFluSBW25_chrm01_circ_4148465	Pf_BP_2_D504_S161_L001-L004_merged	7	0.0000	0.0000	1.0000
PsFluSBW25_chrm01_circ_4148465	Pf_BP_2_D532_S126_L001-L004_merged	7	0.0000	0.0000	1.0000
PsFluSBW25_chrm01_circ_4148465	Pf_BP_2_D56_S56_L001-L004_merged	7	0.0000	0.0000	1.0000
PsFluSBW25_chrm01_circ_4148465	Pf_BP_2_D588_S86_L001-L004_merged	7	0.0125	0.0043	1.0000
PsFluSBW25_chrm01_circ_4148465	Pf_BP_2_D623_S104_L001-L004_merged	7	0.0313	0.0030	1.0000
PsFluSBW25_chrm01_circ_4148465	Pf_BP_2_D644_S152_L001-L004_merged	7	0.0487	0.0041	1.0000
PsFluSBW25_chrm01_circ_4148465	Pf_BP_2_D700_S177_L001-L004_merged	7	0.0320	0.0037	1.0000
PsFluSBW25_chrm01_circ_4148465	Pf_BP_2_D728_S118_L001-L004_merged	7	0.1350	0.0062	1.0000
PsFluSBW25_chrm01_circ_4148465	Pf_BP_2_D756_S154_L001-L004_merged	7	0.2689	0.0086	1.0000
PsFluSBW25_chrm01_circ_4148465	Pf_BP_2_D784_S95_L001-L004_merged	7	0.3502	0.0084	1.0000
PsFluSBW25_chrm01_circ_4148465	Pf_BP_2_D84_S2_L001-L004_merged	7	0.0000	0.0000	1.0000
PsFluSBW25_chrm01_circ_4198242	PS_Pf_r02_2017_01_09_L001	7	0.0000	0.0000	1.0000
PsFluSBW25_chrm01_circ_4198242	Pf_BP_2_D112_S35_L001-L004_merged	7	0.0000	0.0000	1.0000
PsFluSBW25_chrm01_circ_4198242	Pf_BP_2_D140_S68_L001-L004_merged	7	0.0000	0.0000	1.0000
PsFluSBW25_chrm01_circ_4198242	Pf_BP_2_D168_S14_L001-L004_merged	7	0.0000	0.0000	1.0000
PsFluSBW25_chrm01_circ_4198242	Pf_BP_2_D196_S47_L001-L004_merged	7	0.0000	0.0000	1.0000
PsFluSBW25_chrm01_circ_4198242	Pf_BP_2_D224_S80_L001-L004_merged	7	0.0000	0.0000	1.0000
PsFluSBW25_chrm01_circ_4198242	Pf_BP_2_D252_S26_L001-L004_merged	7	0.0000	0.0000	1.0000
PsFluSBW25_chrm01_circ_4198242	Pf_BP_2_D279_S59_L001-L004_merged	7	0.0000	0.0000	1.0000
PsFluSBW25_chrm01_circ_4198242	Pf_BP_2_D28_S12_L001-L004_merged	7	0.0000	0.0000	1.0000
PsFluSBW25_chrm01_circ_4198242	Pf_BP_2_D310_S5_L001-L004_merged	7	0.0000	0.0000	1.0000
PsFluSBW25_chrm01_circ_4198242	Pf_BP_2_D336_S38_L001-L004_merged	7	0.0000	0.0000	1.0000
PsFluSBW25_chrm01_circ_4198242	Pf_BP_2_D364_S71_L001-L004_merged	7	0.0000	0.0000	1.0000
PsFluSBW25_chrm01_circ_4198242	Pf_BP_2_D392_S101_L001-L004_merged	7	0.0000	0.0000	1.0000
PsFluSBW25_chrm01_circ_4198242	Pf_BP_2_D420_S50_L001-L004_merged	7	0.0000	0.0000	1.0000
PsFluSBW25_chrm01_circ_4198242	Pf_BP_2_D448_S83_L001-L004_merged	7	0.0000	0.0000	1.0000
PsFluSBW25_chrm01_circ_4198242	Pf_BP_2_D476_S62_L001-L004_merged	7	0.0000	0.0000	1.0000
PsFluSBW25_chrm01_circ_4198242	Pf_BP_2_D504_S161_L001-L004_merged	7	0.0000	0.0000	1.0000
PsFluSBW25_chrm01_circ_4198242	Pf_BP_2_D532_S126_L001-L004_merged	7	0.0000	0.0000	1.0000
PsFluSBW25_chrm01_circ_4198242	Pf_BP_2_D56_S56_L001-L004_merged	7	0.0000	0.0000	1.0000
PsFluSBW25_chrm01_circ_4198242	Pf_BP_2_D588_S86_L001-L004_merged	7	0.0125	0.0043	1.0000
PsFluSBW25_chrm01_circ_4198242	Pf_BP_2_D623_S104_L001-L004_merged	7	0.0313	0.0030	1.0000
PsFluSBW25_chrm01_circ_4198242	Pf_BP_2_D644_S152_L001-L004_merged	7	0.0487	0.0041	1.0000
PsFluSBW25_chrm01_circ_4198242	Pf_BP_2_D700_S177_L001-L004_merged	7	0.0320	0.0037	1.0000
PsFluSBW25_chrm01_circ_4198242	Pf_BP_2_D728_S118_L001-L004_merged	7	0.1350	0.0062	1.0000
PsFluSBW25_chrm01_circ_4198242	Pf_BP_2_D756_S154_L001-L004_merged	7	0.2689	0.0086	1.0000
PsFluSBW25_chrm01_circ_4198242	Pf_BP_2_D784_S95_L001-L004_merged	7	0.3502	0.0084	1.0000
PsFluSBW25_chrm01_circ_4198242	Pf_BP_2_D84_S2_L001-L004_merged	7	0.0000	0.0000	1.0000
PsFluSBW25_chrm01_circ_4227802	PS_Pf_r02_2017_01_09_L001	7	0.0000	0.0000	1.0000
PsFluSBW25_chrm01_circ_4227802	Pf_BP_2_D112_S35_L001-L004_merged	7	0.0000	0.0000	1.0000
PsFluSBW25_chrm01_circ_4227802	Pf_BP_2_D140_S68_L001-L004_merged	7	0.0000	0.0000	1.0000
PsFluSBW25_chrm01_circ_4227802	Pf_BP_2_D168_S14_L001-L004_merged	7	0.0000	0.0000	1.0000
PsFluSBW25_chrm01_circ_4227802	Pf_BP_2_D196_S47_L001-L004_merged	7	0.0000	0.0000	1.0000
PsFluSBW25_chrm01_circ_4227802	Pf_BP_2_D224_S80_L001-L004_merged	7	0.0000	0.0000	1.0000
PsFluSBW25_chrm01_circ_4227802	Pf_BP_2_D252_S26_L001-L004_merged	7	0.0000	0.0000	1.0000
PsFluSBW25_chrm01_circ_4227802	Pf_BP_2_D279_S59_L001-L004_merged	7	0.0000	0.0000	1.0000
PsFluSBW25_chrm01_circ_4227802	Pf_BP_2_D28_S12_L001-L004_merged	7	0.0000	0.0000	1.0000
PsFluSBW25_chrm01_circ_4227802	Pf_BP_2_D310_S5_L001-L004_merged	7	0.0000	0.0000	1.0000
PsFluSBW25_chrm01_circ_4227802	Pf_BP_2_D336_S38_L001-L004_merged	7	0.0000	0.0000	1.0000
PsFluSBW25_chrm01_circ_4227802	Pf_BP_2_D364_S71_L001-L004_merged	7	0.0000	0.0000	1.0000
PsFluSBW25_chrm01_circ_4227802	Pf_BP_2_D392_S101_L001-L004_merged	7	0.0000	0.0000	1.0000
PsFluSBW25_chrm01_circ_4227802	Pf_BP_2_D420_S50_L001-L004_merged	7	0.0000	0.0000	1.0000
PsFluSBW25_chrm01_circ_4227802	Pf_BP_2_D448_S83_L001-L004_merged	7	0.0000	0.0000	1.0000
PsFluSBW25_chrm01_circ_4227802	Pf_BP_2_D476_S62_L001-L004_merged	7	0.0000	0.0000	1.0000
PsFluSBW25_chrm01_circ_4227802	Pf_BP_2_D504_S161_L001-L004_merged	7	0.0000	0.0000	1.0000
PsFluSBW25_chrm01_circ_4227802	Pf_BP_2_D532_S126_L001-L004_merged	7	0.0000	0.0000	1.0000
PsFluSBW25_chrm01_circ_4227802	Pf_BP_2_D56_S56_L001-L004_merged	7	0.0000	0.0000	1.0000
PsFluSBW25_chrm01_circ_4227802	Pf_BP_2_D588_S86_L001-L004_merged	7	0.0125	0.0043	1.0000
PsFluSBW25_chrm01_circ_4227802	Pf_BP_2_D623_S104_L001-L004_merged	7	0.0313	0.0030	1.0000
PsFluSBW25_chrm01_circ_4227802	Pf_BP_2_D644_S152_L001-L004_merged	7	0.0487	0.0041	1.0000
PsFluSBW25_chrm01_circ_4227802	Pf_BP_2_D700_S177_L001-L004_merged	7	0.0320	0.0037	1.0000
PsFluSBW25_chrm01_circ_4227802	Pf_BP_2_D728_S118_L001-L004_merged	7	0.1350	0.0062	1.0000
PsFluSBW25_chrm01_circ_4227802	Pf_BP_2_D756_S154_L001-L004_merged	7	0.2689	0.0086	1.0000
PsFluSBW25_chrm01_circ_4227802	Pf_BP_2_D784_S95_L001-L004_merged	7	0.3502	0.0084	1.0000
PsFluSBW25_chrm01_circ_4227802	Pf_BP_2_D84_S2_L001-L004_merged	7	0.0000	0.0000	1.0000
PsFluSBW25_chrm01_circ_4251952	PS_Pf_r02_2017_01_09_L001	7	0.0000	0.0000	1.0000
PsFluSBW25_chrm01_circ_4251952	Pf_BP_2_D112_S35_L001-L004_merged	7	0.0000	0.0000	1.0000
PsFluSBW25_chrm01_circ_4251952	Pf_BP_2_D140_S68_L001-L004_merged	7	0.0000	0.0000	1.0000
PsFluSBW25_chrm01_circ_4251952	Pf_BP_2_D168_S14_L001-L004_merged	7	0.0000	0.0000	1.0000
PsFluSBW25_chrm01_circ_4251952	Pf_BP_2_D196_S47_L001-L004_merged	7	0.0000	0.0000	1.0000
PsFluSBW25_chrm01_circ_4251952	Pf_BP_2_D224_S80_L001-L004_merged	7	0.0000	0.0000	1.0000
PsFluSBW25_chrm01_circ_4251952	Pf_BP_2_D252_S26_L001-L004_merged	7	0.0000	0.0000	1.0000
PsFluSBW25_chrm01_circ_4251952	Pf_BP_2_D279_S59_L001-L004_merged	7	0.0000	0.0000	1.0000
PsFluSBW25_chrm01_circ_4251952	Pf_BP_2_D28_S12_L001-L004_merged	7	0.0000	0.0000	1.0000
PsFluSBW25_chrm01_circ_4251952	Pf_BP_2_D310_S5_L001-L004_merged	7	0.0000	0.0000	1.0000
PsFluSBW25_chrm01_circ_4251952	Pf_BP_2_D336_S38_L001-L004_merged	7	0.0000	0.0000	1.0000
PsFluSBW25_chrm01_circ_4251952	Pf_BP_2_D364_S71_L001-L004_merged	7	0.0000	0.0000	1.0000
PsFluSBW25_chrm01_circ_4251952	Pf_BP_2_D392_S101_L001-L004_merged	7	0.0000	0.0000	1.0000
PsFluSBW25_chrm01_circ_4251952	Pf_BP_2_D420_S50_L001-L004_merged	7	0.0000	0.0000	1.0000
PsFluSBW25_chrm01_circ_4251952	Pf_BP_2_D448_S83_L001-L004_merged	7	0.0000	0.0000	1.0000
PsFluSBW25_chrm01_circ_4251952	Pf_BP_2_D476_S62_L001-L004_merged	7	0.0000	0.0000	1.0000
PsFluSBW25_chrm01_circ_4251952	Pf_BP_2_D504_S161_L001-L004_merged	7	0.0000	0.0000	1.0000
PsFluSBW25_chrm01_circ_4251952	Pf_BP_2_D532_S126_L001-L004_merged	7	0.0000	0.0000	1.0000
PsFluSBW25_chrm01_circ_4251952	Pf_BP_2_D56_S56_L001-L004_merged	7	0.0000	0.0000	1.0000
PsFluSBW25_chrm01_circ_4251952	Pf_BP_2_D588_S86_L001-L004_merged	7	0.0125	0.0043	1.0000
PsFluSBW25_chrm01_circ_4251952	Pf_BP_2_D623_S104_L001-L004_merged	7	0.0313	0.0030	1.0000
PsFluSBW25_chrm01_circ_4251952	Pf_BP_2_D644_S152_L001-L004_merged	7	0.0487	0.0041	1.0000
PsFluSBW25_chrm01_circ_4251952	Pf_BP_2_D700_S177_L001-L004_merged	7	0.0320	0.0037	1.0000
PsFluSBW25_chrm01_circ_4251952	Pf_BP_2_D728_S118_L001-L004_merged	7	0.1350	0.0062	1.0000
PsFluSBW25_chrm01_circ_4251952	Pf_BP_2_D756_S154_L001-L004_merged	7	0.2689	0.0086	1.0000
PsFluSBW25_chrm01_circ_4251952	Pf_BP_2_D784_S95_L001-L004_merged	7	0.3502	0.0084	1.0000
PsFluSBW25_chrm01_circ_4251952	Pf_BP_2_D84_S2_L001-L004_merged	7	0.0000	0.0000	1.0000
PsFluSBW25_chrm01_circ_42693	PS_Pf_r02_2017_01_09_L001	7	0.0000	0.0000	1.0000
PsFluSBW25_chrm01_circ_42693	Pf_BP_2_D112_S35_L001-L004_merged	7	0.0000	0.0000	1.0000
PsFluSBW25_chrm01_circ_42693	Pf_BP_2_D140_S68_L001-L004_merged	7	0.0000	0.0000	1.0000
PsFluSBW25_chrm01_circ_42693	Pf_BP_2_D168_S14_L001-L004_merged	7	0.0000	0.0000	1.0000
PsFluSBW25_chrm01_circ_42693	Pf_BP_2_D196_S47_L001-L004_merged	7	0.0000	0.0000	1.0000
PsFluSBW25_chrm01_circ_42693	Pf_BP_2_D224_S80_L001-L004_merged	7	0.0000	0.0000	1.0000
PsFluSBW25_chrm01_circ_42693	Pf_BP_2_D252_S26_L001-L004_merged	7	0.0000	0.0000	1.0000
PsFluSBW25_chrm01_circ_42693	Pf_BP_2_D279_S59_L001-L004_merged	7	0.0000	0.0000	1.0000
PsFluSBW25_chrm01_circ_42693	Pf_BP_2_D28_S12_L001-L004_merged	7	0.0000	0.0000	1.0000
PsFluSBW25_chrm01_circ_42693	Pf_BP_2_D310_S5_L001-L004_merged	7	0.0000	0.0000	1.0000
PsFluSBW25_chrm01_circ_42693	Pf_BP_2_D336_S38_L001-L004_merged	7	0.0000	0.0000	1.0000
PsFluSBW25_chrm01_circ_42693	Pf_BP_2_D364_S71_L001-L004_merged	7	0.0000	0.0000	1.0000
PsFluSBW25_chrm01_circ_42693	Pf_BP_2_D392_S101_L001-L004_merged	7	0.0000	0.0000	1.0000
PsFluSBW25_chrm01_circ_42693	Pf_BP_2_D420_S50_L001-L004_merged	7	0.0000	0.0000	1.0000
PsFluSBW25_chrm01_circ_42693	Pf_BP_2_D448_S83_L001-L004_merged	7	0.0000	0.0000	1.0000
PsFluSBW25_chrm01_circ_42693	Pf_BP_2_D476_S62_L001-L004_merged	7	0.0000	0.0000	1.0000
PsFluSBW25_chrm01_circ_42693	Pf_BP_2_D504_S161_L001-L004_merged	7	0.0000	0.0000	1.0000
PsFluSBW25_chrm01_circ_42693	Pf_BP_2_D532_S126_L001-L004_merged	7	0.0000	0.0000	1.0000
PsFluSBW25_chrm01_circ_42693	Pf_BP_2_D56_S56_L001-L004_merged	7	0.0000	0.0000	1.0000
PsFluSBW25_chrm01_circ_42693	Pf_BP_2_D588_S86_L001-L004_merged	7	0.0125	0.0043	1.0000
PsFluSBW25_chrm01_circ_42693	Pf_BP_2_D623_S104_L001-L004_merged	7	0.0313	0.0030	1.0000
PsFluSBW25_chrm01_circ_42693	Pf_BP_2_D644_S152_L001-L004_merged	7	0.0487	0.0041	1.0000
PsFluSBW25_chrm01_circ_42693	Pf_BP_2_D700_S177_L001-L004_merged	7	0.0320	0.0037	1.0000
PsFluSBW25_chrm01_circ_42693	Pf_BP_2_D728_S118_L001-L004_merged	7	0.1350	0.0062	1.0000
PsFluSBW25_chrm01_circ_42693	Pf_BP_2_D756_S154_L001-L004_merged	7	0.2689	0.0086	1.0000
PsFluSBW25_chrm01_circ_42693	Pf_BP_2_D784_S95_L001-L004_merged	7	0.3502	0.0084	1.0000
PsFluSBW25_chrm01_circ_42693	Pf_BP_2_D84_S2_L001-L004_merged	7	0.0000	0.0000	1.0000
PsFluSBW25_chrm01_circ_431177	PS_Pf_r02_2017_01_09_L001	7	0.0000	0.0000	1.0000
PsFluSBW25_chrm01_circ_431177	Pf_BP_2_D112_S35_L001-L004_merged	7	0.0000	0.0000	1.0000
PsFluSBW25_chrm01_circ_431177	Pf_BP_2_D140_S68_L001-L004_merged	7	0.0000	0.0000	1.0000
PsFluSBW25_chrm01_circ_431177	Pf_BP_2_D168_S14_L001-L004_merged	7	0.0000	0.0000	1.0000
PsFluSBW25_chrm01_circ_431177	Pf_BP_2_D196_S47_L001-L004_merged	7	0.0000	0.0000	1.0000
PsFluSBW25_chrm01_circ_431177	Pf_BP_2_D224_S80_L001-L004_merged	7	0.0000	0.0000	1.0000
PsFluSBW25_chrm01_circ_431177	Pf_BP_2_D252_S26_L001-L004_merged	7	0.0000	0.0000	1.0000
PsFluSBW25_chrm01_circ_431177	Pf_BP_2_D279_S59_L001-L004_merged	7	0.0000	0.0000	1.0000
PsFluSBW25_chrm01_circ_431177	Pf_BP_2_D28_S12_L001-L004_merged	7	0.0000	0.0000	1.0000
PsFluSBW25_chrm01_circ_431177	Pf_BP_2_D310_S5_L001-L004_merged	7	0.0000	0.0000	1.0000
PsFluSBW25_chrm01_circ_431177	Pf_BP_2_D336_S38_L001-L004_merged	7	0.0000	0.0000	1.0000
PsFluSBW25_chrm01_circ_431177	Pf_BP_2_D364_S71_L001-L004_merged	7	0.0000	0.0000	1.0000
PsFluSBW25_chrm01_circ_431177	Pf_BP_2_D392_S101_L001-L004_merged	7	0.0000	0.0000	1.0000
PsFluSBW25_chrm01_circ_431177	Pf_BP_2_D420_S50_L001-L004_merged	7	0.0000	0.0000	1.0000
PsFluSBW25_chrm01_circ_431177	Pf_BP_2_D448_S83_L001-L004_merged	7	0.0000	0.0000	1.0000
PsFluSBW25_chrm01_circ_431177	Pf_BP_2_D476_S62_L001-L004_merged	7	0.0000	0.0000	1.0000
PsFluSBW25_chrm01_circ_431177	Pf_BP_2_D504_S161_L001-L004_merged	7	0.0000	0.0000	1.0000
PsFluSBW25_chrm01_circ_431177	Pf_BP_2_D532_S126_L001-L004_merged	7	0.0000	0.0000	1.0000
PsFluSBW25_chrm01_circ_431177	Pf_BP_2_D56_S56_L001-L004_merged	7	0.0000	0.0000	1.0000
PsFluSBW25_chrm01_circ_431177	Pf_BP_2_D588_S86_L001-L004_merged	7	0.0125	0.0043	1.0000
PsFluSBW25_chrm01_circ_431177	Pf_BP_2_D623_S104_L001-L004_merged	7	0.0313	0.0030	1.0000
PsFluSBW25_chrm01_circ_431177	Pf_BP_2_D644_S152_L001-L004_merged	7	0.0487	0.0041	1.0000
PsFluSBW25_chrm01_circ_431177	Pf_BP_2_D700_S177_L001-L004_merged	7	0.0320	0.0037	1.0000
PsFluSBW25_chrm01_circ_431177	Pf_BP_2_D728_S118_L001-L004_merged	7	0.1350	0.0062	1.0000
PsFluSBW25_chrm01_circ_431177	Pf_BP_2_D756_S154_L001-L004_merged	7	0.2689	0.0086	1.0000
PsFluSBW25_chrm01_circ_431177	Pf_BP_2_D784_S95_L001-L004_merged	7	0.3502	0.0084	1.0000
PsFluSBW25_chrm01_circ_431177	Pf_BP_2_D84_S2_L001-L004_merged	7	0.0000	0.0000	1.0000
PsFluSBW25_chrm01_circ_4314524	PS_Pf_r02_2017_01_09_L001	7	0.0000	0.0000	1.0000
PsFluSBW25_chrm01_circ_4314524	Pf_BP_2_D112_S35_L001-L004_merged	7	0.0000	0.0000	1.0000
PsFluSBW25_chrm01_circ_4314524	Pf_BP_2_D140_S68_L001-L004_merged	7	0.0000	0.0000	1.0000
PsFluSBW25_chrm01_circ_4314524	Pf_BP_2_D168_S14_L001-L004_merged	7	0.0000	0.0000	1.0000
PsFluSBW25_chrm01_circ_4314524	Pf_BP_2_D196_S47_L001-L004_merged	7	0.0000	0.0000	1.0000
PsFluSBW25_chrm01_circ_4314524	Pf_BP_2_D224_S80_L001-L004_merged	7	0.0000	0.0000	1.0000
PsFluSBW25_chrm01_circ_4314524	Pf_BP_2_D252_S26_L001-L004_merged	7	0.0000	0.0000	1.0000
PsFluSBW25_chrm01_circ_4314524	Pf_BP_2_D279_S59_L001-L004_merged	7	0.0000	0.0000	1.0000
PsFluSBW25_chrm01_circ_4314524	Pf_BP_2_D28_S12_L001-L004_merged	7	0.0000	0.0000	1.0000
PsFluSBW25_chrm01_circ_4314524	Pf_BP_2_D310_S5_L001-L004_merged	7	0.0000	0.0000	1.0000
PsFluSBW25_chrm01_circ_4314524	Pf_BP_2_D336_S38_L001-L004_merged	7	0.0000	0.0000	1.0000
PsFluSBW25_chrm01_circ_4314524	Pf_BP_2_D364_S71_L001-L004_merged	7	0.0000	0.0000	1.0000
PsFluSBW25_chrm01_circ_4314524	Pf_BP_2_D392_S101_L001-L004_merged	7	0.0000	0.0000	1.0000
PsFluSBW25_chrm01_circ_4314524	Pf_BP_2_D420_S50_L001-L004_merged	7	0.0000	0.0000	1.0000
PsFluSBW25_chrm01_circ_4314524	Pf_BP_2_D448_S83_L001-L004_merged	7	0.0000	0.0000	1.0000
PsFluSBW25_chrm01_circ_4314524	Pf_BP_2_D476_S62_L001-L004_merged	7	0.0000	0.0000	1.0000
PsFluSBW25_chrm01_circ_4314524	Pf_BP_2_D504_S161_L001-L004_merged	7	0.0000	0.0000	1.0000
PsFluSBW25_chrm01_circ_4314524	Pf_BP_2_D532_S126_L001-L004_merged	7	0.0000	0.0000	1.0000
PsFluSBW25_chrm01_circ_4314524	Pf_BP_2_D56_S56_L001-L004_merged	7	0.0000	0.0000	1.0000
PsFluSBW25_chrm01_circ_4314524	Pf_BP_2_D588_S86_L001-L004_merged	7	0.0125	0.0043	1.0000
PsFluSBW25_chrm01_circ_4314524	Pf_BP_2_D623_S104_L001-L004_merged	7	0.0313	0.0030	1.0000
PsFluSBW25_chrm01_circ_4314524	Pf_BP_2_D644_S152_L001-L004_merged	7	0.0487	0.0041	1.0000
PsFluSBW25_chrm01_circ_4314524	Pf_BP_2_D700_S177_L001-L004_merged	7	0.0320	0.0037	1.0000
PsFluSBW25_chrm01_circ_4314524	Pf_BP_2_D728_S118_L001-L004_merged	7	0.1350	0.0062	1.0000
PsFluSBW25_chrm01_circ_4314524	Pf_BP_2_D756_S154_L001-L004_merged	7	0.2689	0.0086	1.0000
PsFluSBW25_chrm01_circ_4314524	Pf_BP_2_D784_S95_L001-L004_merged	7	0.3502	0.0084	1.0000
PsFluSBW25_chrm01_circ_4314524	Pf_BP_2_D84_S2_L001-L004_merged	7	0.0000	0.0000	1.0000
PsFluSBW25_chrm01_circ_4346852	PS_Pf_r02_2017_01_09_L001	7	0.0000	0.0000	1.0000
PsFluSBW25_chrm01_circ_4346852	Pf_BP_2_D112_S35_L001-L004_merged	7	0.0000	0.0000	1.0000
PsFluSBW25_chrm01_circ_4346852	Pf_BP_2_D140_S68_L001-L004_merged	7	0.0000	0.0000	1.0000
PsFluSBW25_chrm01_circ_4346852	Pf_BP_2_D168_S14_L001-L004_merged	7	0.0000	0.0000	1.0000
PsFluSBW25_chrm01_circ_4346852	Pf_BP_2_D196_S47_L001-L004_merged	7	0.0000	0.0000	1.0000
PsFluSBW25_chrm01_circ_4346852	Pf_BP_2_D224_S80_L001-L004_merged	7	0.0000	0.0000	1.0000
PsFluSBW25_chrm01_circ_4346852	Pf_BP_2_D252_S26_L001-L004_merged	7	0.0000	0.0000	1.0000
PsFluSBW25_chrm01_circ_4346852	Pf_BP_2_D279_S59_L001-L004_merged	7	0.0000	0.0000	1.0000
PsFluSBW25_chrm01_circ_4346852	Pf_BP_2_D28_S12_L001-L004_merged	7	0.0000	0.0000	1.0000
PsFluSBW25_chrm01_circ_4346852	Pf_BP_2_D310_S5_L001-L004_merged	7	0.0000	0.0000	1.0000
PsFluSBW25_chrm01_circ_4346852	Pf_BP_2_D336_S38_L001-L004_merged	7	0.0000	0.0000	1.0000
PsFluSBW25_chrm01_circ_4346852	Pf_BP_2_D364_S71_L001-L004_merged	7	0.0000	0.0000	1.0000
PsFluSBW25_chrm01_circ_4346852	Pf_BP_2_D392_S101_L001-L004_merged	7	0.0000	0.0000	1.0000
PsFluSBW25_chrm01_circ_4346852	Pf_BP_2_D420_S50_L001-L004_merged	7	0.0000	0.0000	1.0000
PsFluSBW25_chrm01_circ_4346852	Pf_BP_2_D448_S83_L001-L004_merged	7	0.0000	0.0000	1.0000
PsFluSBW25_chrm01_circ_4346852	Pf_BP_2_D476_S62_L001-L004_merged	7	0.0000	0.0000	1.0000
PsFluSBW25_chrm01_circ_4346852	Pf_BP_2_D504_S161_L001-L004_merged	7	0.0000	0.0000	1.0000
PsFluSBW25_chrm01_circ_4346852	Pf_BP_2_D532_S126_L001-L004_merged	7	0.0000	0.0000	1.0000
PsFluSBW25_chrm01_circ_4346852	Pf_BP_2_D56_S56_L001-L004_merged	7	0.0000	0.0000	1.0000
PsFluSBW25_chrm01_circ_4346852	Pf_BP_2_D588_S86_L001-L004_merged	7	0.0125	0.0043	1.0000
PsFluSBW25_chrm01_circ_4346852	Pf_BP_2_D623_S104_L001-L004_merged	7	0.0313	0.0030	1.0000
PsFluSBW25_chrm01_circ_4346852	Pf_BP_2_D644_S152_L001-L004_merged	7	0.0487	0.0041	1.0000
PsFluSBW25_chrm01_circ_4346852	Pf_BP_2_D700_S177_L001-L004_merged	7	0.0320	0.0037	1.0000
PsFluSBW25_chrm01_circ_4346852	Pf_BP_2_D728_S118_L001-L004_merged	7	0.1350	0.0062	1.0000
PsFluSBW25_chrm01_circ_4346852	Pf_BP_2_D756_S154_L001-L004_merged	7	0.2689	0.0086	1.0000
PsFluSBW25_chrm01_circ_4346852	Pf_BP_2_D784_S95_L001-L004_merged	7	0.3502	0.0084	1.0000
PsFluSBW25_chrm01_circ_4346852	Pf_BP_2_D84_S2_L001-L004_merged	7	0.0000	0.0000	1.0000
PsFluSBW25_chrm01_circ_4364169	PS_Pf_r02_2017_01_09_L001	7	0.0000	0.0000	1.0000
PsFluSBW25_chrm01_circ_4364169	Pf_BP_2_D112_S35_L001-L004_merged	7	0.0000	0.0000	1.0000
PsFluSBW25_chrm01_circ_4364169	Pf_BP_2_D140_S68_L001-L004_merged	7	0.0000	0.0000	1.0000
PsFluSBW25_chrm01_circ_4364169	Pf_BP_2_D168_S14_L001-L004_merged	7	0.0000	0.0000	1.0000
PsFluSBW25_chrm01_circ_4364169	Pf_BP_2_D196_S47_L001-L004_merged	7	0.0000	0.0000	1.0000
PsFluSBW25_chrm01_circ_4364169	Pf_BP_2_D224_S80_L001-L004_merged	7	0.0000	0.0000	1.0000
PsFluSBW25_chrm01_circ_4364169	Pf_BP_2_D252_S26_L001-L004_merged	7	0.0000	0.0000	1.0000
PsFluSBW25_chrm01_circ_4364169	Pf_BP_2_D279_S59_L001-L004_merged	7	0.0000	0.0000	1.0000
PsFluSBW25_chrm01_circ_4364169	Pf_BP_2_D28_S12_L001-L004_merged	7	0.0000	0.0000	1.0000
PsFluSBW25_chrm01_circ_4364169	Pf_BP_2_D310_S5_L001-L004_merged	7	0.0000	0.0000	1.0000
PsFluSBW25_chrm01_circ_4364169	Pf_BP_2_D336_S38_L001-L004_merged	7	0.0000	0.0000	1.0000
PsFluSBW25_chrm01_circ_4364169	Pf_BP_2_D364_S71_L001-L004_merged	7	0.0000	0.0000	1.0000
PsFluSBW25_chrm01_circ_4364169	Pf_BP_2_D392_S101_L001-L004_merged	7	0.0000	0.0000	1.0000
PsFluSBW25_chrm01_circ_4364169	Pf_BP_2_D420_S50_L001-L004_merged	7	0.0000	0.0000	1.0000
PsFluSBW25_chrm01_circ_4364169	Pf_BP_2_D448_S83_L001-L004_merged	7	0.0000	0.0000	1.0000
PsFluSBW25_chrm01_circ_4364169	Pf_BP_2_D476_S62_L001-L004_merged	7	0.0000	0.0000	1.0000
PsFluSBW25_chrm01_circ_4364169	Pf_BP_2_D504_S161_L001-L004_merged	7	0.0000	0.0000	1.0000
PsFluSBW25_chrm01_circ_4364169	Pf_BP_2_D532_S126_L001-L004_merged	7	0.0000	0.0000	1.0000
PsFluSBW25_chrm01_circ_4364169	Pf_BP_2_D56_S56_L001-L004_merged	7	0.0000	0.0000	1.0000
PsFluSBW25_chrm01_circ_4364169	Pf_BP_2_D588_S86_L001-L004_merged	7	0.0125	0.0043	1.0000
PsFluSBW25_chrm01_circ_4364169	Pf_BP_2_D623_S104_L001-L004_merged	7	0.0313	0.0030	1.0000
PsFluSBW25_chrm01_circ_4364169	Pf_BP_2_D644_S152_L001-L004_merged	7	0.0487	0.0041	1.0000
PsFluSBW25_chrm01_circ_4364169	Pf_BP_2_D700_S177_L001-L004_merged	7	0.0320	0.0037	1.0000
PsFluSBW25_chrm01_circ_4364169	Pf_BP_2_D728_S118_L001-L004_merged	7	0.1350	0.0062	1.0000
PsFluSBW25_chrm01_circ_4364169	Pf_BP_2_D756_S154_L001-L004_merged	7	0.2689	0.0086	1.0000
PsFluSBW25_chrm01_circ_4364169	Pf_BP_2_D784_S95_L001-L004_merged	7	0.3502	0.0084	1.0000
PsFluSBW25_chrm01_circ_4364169	Pf_BP_2_D84_S2_L001-L004_merged	7	0.0000	0.0000	1.0000
PsFluSBW25_chrm01_circ_4480283	PS_Pf_r02_2017_01_09_L001	7	0.0000	0.0000	0.7168
PsFluSBW25_chrm01_circ_4480283	Pf_BP_2_D112_S35_L001-L004_merged	7	0.0000	0.0000	0.7168
PsFluSBW25_chrm01_circ_4480283	Pf_BP_2_D140_S68_L001-L004_merged	7	0.0000	0.0000	0.7168
PsFluSBW25_chrm01_circ_4480283	Pf_BP_2_D168_S14_L001-L004_merged	7	0.0000	0.0000	0.7168
PsFluSBW25_chrm01_circ_4480283	Pf_BP_2_D196_S47_L001-L004_merged	7	0.0000	0.0000	0.7168
PsFluSBW25_chrm01_circ_4480283	Pf_BP_2_D224_S80_L001-L004_merged	7	0.0000	0.0000	0.7168
PsFluSBW25_chrm01_circ_4480283	Pf_BP_2_D252_S26_L001-L004_merged	7	0.0000	0.0000	0.7168
PsFluSBW25_chrm01_circ_4480283	Pf_BP_2_D279_S59_L001-L004_merged	7	0.0000	0.0000	0.7168
PsFluSBW25_chrm01_circ_4480283	Pf_BP_2_D28_S12_L001-L004_merged	7	0.0000	0.0000	0.7168
PsFluSBW25_chrm01_circ_4480283	Pf_BP_2_D310_S5_L001-L004_merged	7	0.0000	0.0000	0.7168
PsFluSBW25_chrm01_circ_4480283	Pf_BP_2_D336_S38_L001-L004_merged	7	0.0000	0.0000	0.7168
PsFluSBW25_chrm01_circ_4480283	Pf_BP_2_D364_S71_L001-L004_merged	7	0.0000	0.0000	0.7168
PsFluSBW25_chrm01_circ_4480283	Pf_BP_2_D392_S101_L001-L004_merged	7	0.0000	0.0000	0.7168
PsFluSBW25_chrm01_circ_4480283	Pf_BP_2_D420_S50_L001-L004_merged	7	0.0000	0.0000	0.7168
PsFluSBW25_chrm01_circ_4480283	Pf_BP_2_D448_S83_L001-L004_merged	7	0.0000	0.0000	0.7168
PsFluSBW25_chrm01_circ_4480283	Pf_BP_2_D476_S62_L001-L004_merged	7	0.0000	0.0000	0.7168
PsFluSBW25_chrm01_circ_4480283	Pf_BP_2_D504_S161_L001-L004_merged	7	0.0000	0.0000	0.7168
PsFluSBW25_chrm01_circ_4480283	Pf_BP_2_D532_S126_L001-L004_merged	7	0.0000	0.0000	0.7168
PsFluSBW25_chrm01_circ_4480283	Pf_BP_2_D56_S56_L001-L004_merged	7	0.0000	0.0000	0.7168
PsFluSBW25_chrm01_circ_4480283	Pf_BP_2_D588_S86_L001-L004_merged	7	0.0125	0.0043	0.7168
PsFluSBW25_chrm01_circ_4480283	Pf_BP_2_D623_S104_L001-L004_merged	7	0.0313	0.0030	0.7168
PsFluSBW25_chrm01_circ_4480283	Pf_BP_2_D644_S152_L001-L004_merged	7	0.0487	0.0041	0.7168
PsFluSBW25_chrm01_circ_4480283	Pf_BP_2_D700_S177_L001-L004_merged	7	0.0320	0.0037	0.7168
PsFluSBW25_chrm01_circ_4480283	Pf_BP_2_D728_S118_L001-L004_merged	7	0.1350	0.0062	0.7168
PsFluSBW25_chrm01_circ_4480283	Pf_BP_2_D756_S154_L001-L004_merged	7	0.2689	0.0086	0.7168
PsFluSBW25_chrm01_circ_4480283	Pf_BP_2_D784_S95_L001-L004_merged	7	0.3502	0.0084	0.7168
PsFluSBW25_chrm01_circ_4480283	Pf_BP_2_D84_S2_L001-L004_merged	7	0.0000	0.0000	0.7168
PsFluSBW25_chrm01_circ_4495225	PS_Pf_r02_2017_01_09_L001	7	0.0000	0.0000	1.0000
PsFluSBW25_chrm01_circ_4495225	Pf_BP_2_D112_S35_L001-L004_merged	7	0.0000	0.0000	1.0000
PsFluSBW25_chrm01_circ_4495225	Pf_BP_2_D140_S68_L001-L004_merged	7	0.0000	0.0000	1.0000
PsFluSBW25_chrm01_circ_4495225	Pf_BP_2_D168_S14_L001-L004_merged	7	0.0000	0.0000	1.0000
PsFluSBW25_chrm01_circ_4495225	Pf_BP_2_D196_S47_L001-L004_merged	7	0.0000	0.0000	1.0000
PsFluSBW25_chrm01_circ_4495225	Pf_BP_2_D224_S80_L001-L004_merged	7	0.0000	0.0000	1.0000
PsFluSBW25_chrm01_circ_4495225	Pf_BP_2_D252_S26_L001-L004_merged	7	0.0000	0.0000	1.0000
PsFluSBW25_chrm01_circ_4495225	Pf_BP_2_D279_S59_L001-L004_merged	7	0.0000	0.0000	1.0000
PsFluSBW25_chrm01_circ_4495225	Pf_BP_2_D28_S12_L001-L004_merged	7	0.0000	0.0000	1.0000
PsFluSBW25_chrm01_circ_4495225	Pf_BP_2_D310_S5_L001-L004_merged	7	0.0000	0.0000	1.0000
PsFluSBW25_chrm01_circ_4495225	Pf_BP_2_D336_S38_L001-L004_merged	7	0.0000	0.0000	1.0000
PsFluSBW25_chrm01_circ_4495225	Pf_BP_2_D364_S71_L001-L004_merged	7	0.0000	0.0000	1.0000
PsFluSBW25_chrm01_circ_4495225	Pf_BP_2_D392_S101_L001-L004_merged	7	0.0000	0.0000	1.0000
PsFluSBW25_chrm01_circ_4495225	Pf_BP_2_D420_S50_L001-L004_merged	7	0.0000	0.0000	1.0000
PsFluSBW25_chrm01_circ_4495225	Pf_BP_2_D448_S83_L001-L004_merged	7	0.0000	0.0000	1.0000
PsFluSBW25_chrm01_circ_4495225	Pf_BP_2_D476_S62_L001-L004_merged	7	0.0000	0.0000	1.0000
PsFluSBW25_chrm01_circ_4495225	Pf_BP_2_D504_S161_L001-L004_merged	7	0.0000	0.0000	1.0000
PsFluSBW25_chrm01_circ_4495225	Pf_BP_2_D532_S126_L001-L004_merged	7	0.0000	0.0000	1.0000
PsFluSBW25_chrm01_circ_4495225	Pf_BP_2_D56_S56_L001-L004_merged	7	0.0000	0.0000	1.0000
PsFluSBW25_chrm01_circ_4495225	Pf_BP_2_D588_S86_L001-L004_merged	7	0.0125	0.0043	1.0000
PsFluSBW25_chrm01_circ_4495225	Pf_BP_2_D623_S104_L001-L004_merged	7	0.0313	0.0030	1.0000
PsFluSBW25_chrm01_circ_4495225	Pf_BP_2_D644_S152_L001-L004_merged	7	0.0487	0.0041	1.0000
PsFluSBW25_chrm01_circ_4495225	Pf_BP_2_D700_S177_L001-L004_merged	7	0.0320	0.0037	1.0000
PsFluSBW25_chrm01_circ_4495225	Pf_BP_2_D728_S118_L001-L004_merged	7	0.1350	0.0062	1.0000
PsFluSBW25_chrm01_circ_4495225	Pf_BP_2_D756_S154_L001-L004_merged	7	0.2689	0.0086	1.0000
PsFluSBW25_chrm01_circ_4495225	Pf_BP_2_D784_S95_L001-L004_merged	7	0.3502	0.0084	1.0000
PsFluSBW25_chrm01_circ_4495225	Pf_BP_2_D84_S2_L001-L004_merged	7	0.0000	0.0000	1.0000
PsFluSBW25_chrm01_circ_4526759	PS_Pf_r02_2017_01_09_L001	7	0.0000	0.0000	1.0000
PsFluSBW25_chrm01_circ_4526759	Pf_BP_2_D112_S35_L001-L004_merged	7	0.0000	0.0000	1.0000
PsFluSBW25_chrm01_circ_4526759	Pf_BP_2_D140_S68_L001-L004_merged	7	0.0000	0.0000	1.0000
PsFluSBW25_chrm01_circ_4526759	Pf_BP_2_D168_S14_L001-L004_merged	7	0.0000	0.0000	1.0000
PsFluSBW25_chrm01_circ_4526759	Pf_BP_2_D196_S47_L001-L004_merged	7	0.0000	0.0000	1.0000
PsFluSBW25_chrm01_circ_4526759	Pf_BP_2_D224_S80_L001-L004_merged	7	0.0000	0.0000	1.0000
PsFluSBW25_chrm01_circ_4526759	Pf_BP_2_D252_S26_L001-L004_merged	7	0.0000	0.0000	1.0000
PsFluSBW25_chrm01_circ_4526759	Pf_BP_2_D279_S59_L001-L004_merged	7	0.0000	0.0000	1.0000
PsFluSBW25_chrm01_circ_4526759	Pf_BP_2_D28_S12_L001-L004_merged	7	0.0000	0.0000	1.0000
PsFluSBW25_chrm01_circ_4526759	Pf_BP_2_D310_S5_L001-L004_merged	7	0.0000	0.0000	1.0000
PsFluSBW25_chrm01_circ_4526759	Pf_BP_2_D336_S38_L001-L004_merged	7	0.0000	0.0000	1.0000
PsFluSBW25_chrm01_circ_4526759	Pf_BP_2_D364_S71_L001-L004_merged	7	0.0000	0.0000	1.0000
PsFluSBW25_chrm01_circ_4526759	Pf_BP_2_D392_S101_L001-L004_merged	7	0.0000	0.0000	1.0000
PsFluSBW25_chrm01_circ_4526759	Pf_BP_2_D420_S50_L001-L004_merged	7	0.0000	0.0000	1.0000
PsFluSBW25_chrm01_circ_4526759	Pf_BP_2_D448_S83_L001-L004_merged	7	0.0000	0.0000	1.0000
PsFluSBW25_chrm01_circ_4526759	Pf_BP_2_D476_S62_L001-L004_merged	7	0.0000	0.0000	1.0000
PsFluSBW25_chrm01_circ_4526759	Pf_BP_2_D504_S161_L001-L004_merged	7	0.0000	0.0000	1.0000
PsFluSBW25_chrm01_circ_4526759	Pf_BP_2_D532_S126_L001-L004_merged	7	0.0000	0.0000	1.0000
PsFluSBW25_chrm01_circ_4526759	Pf_BP_2_D56_S56_L001-L004_merged	7	0.0000	0.0000	1.0000
PsFluSBW25_chrm01_circ_4526759	Pf_BP_2_D588_S86_L001-L004_merged	7	0.0125	0.0043	1.0000
PsFluSBW25_chrm01_circ_4526759	Pf_BP_2_D623_S104_L001-L004_merged	7	0.0313	0.0030	1.0000
PsFluSBW25_chrm01_circ_4526759	Pf_BP_2_D644_S152_L001-L004_merged	7	0.0487	0.0041	1.0000
PsFluSBW25_chrm01_circ_4526759	Pf_BP_2_D700_S177_L001-L004_merged	7	0.0320	0.0037	1.0000
PsFluSBW25_chrm01_circ_4526759	Pf_BP_2_D728_S118_L001-L004_merged	7	0.1350	0.0062	1.0000
PsFluSBW25_chrm01_circ_4526759	Pf_BP_2_D756_S154_L001-L004_merged	7	0.2689	0.0086	1.0000
PsFluSBW25_chrm01_circ_4526759	Pf_BP_2_D784_S95_L001-L004_merged	7	0.3502	0.0084	1.0000
PsFluSBW25_chrm01_circ_4526759	Pf_BP_2_D84_S2_L001-L004_merged	7	0.0000	0.0000	1.0000
PsFluSBW25_chrm01_circ_4736510	PS_Pf_r02_2017_01_09_L001	7	0.0000	0.0000	1.0000
PsFluSBW25_chrm01_circ_4736510	Pf_BP_2_D112_S35_L001-L004_merged	7	0.0000	0.0000	1.0000
PsFluSBW25_chrm01_circ_4736510	Pf_BP_2_D140_S68_L001-L004_merged	7	0.0000	0.0000	1.0000
PsFluSBW25_chrm01_circ_4736510	Pf_BP_2_D168_S14_L001-L004_merged	7	0.0000	0.0000	1.0000
PsFluSBW25_chrm01_circ_4736510	Pf_BP_2_D196_S47_L001-L004_merged	7	0.0000	0.0000	1.0000
PsFluSBW25_chrm01_circ_4736510	Pf_BP_2_D224_S80_L001-L004_merged	7	0.0000	0.0000	1.0000
PsFluSBW25_chrm01_circ_4736510	Pf_BP_2_D252_S26_L001-L004_merged	7	0.0000	0.0000	1.0000
PsFluSBW25_chrm01_circ_4736510	Pf_BP_2_D279_S59_L001-L004_merged	7	0.0000	0.0000	1.0000
PsFluSBW25_chrm01_circ_4736510	Pf_BP_2_D28_S12_L001-L004_merged	7	0.0000	0.0000	1.0000
PsFluSBW25_chrm01_circ_4736510	Pf_BP_2_D310_S5_L001-L004_merged	7	0.0000	0.0000	1.0000
PsFluSBW25_chrm01_circ_4736510	Pf_BP_2_D336_S38_L001-L004_merged	7	0.0000	0.0000	1.0000
PsFluSBW25_chrm01_circ_4736510	Pf_BP_2_D364_S71_L001-L004_merged	7	0.0000	0.0000	1.0000
PsFluSBW25_chrm01_circ_4736510	Pf_BP_2_D392_S101_L001-L004_merged	7	0.0000	0.0000	1.0000
PsFluSBW25_chrm01_circ_4736510	Pf_BP_2_D420_S50_L001-L004_merged	7	0.0000	0.0000	1.0000
PsFluSBW25_chrm01_circ_4736510	Pf_BP_2_D448_S83_L001-L004_merged	7	0.0000	0.0000	1.0000
PsFluSBW25_chrm01_circ_4736510	Pf_BP_2_D476_S62_L001-L004_merged	7	0.0000	0.0000	1.0000
PsFluSBW25_chrm01_circ_4736510	Pf_BP_2_D504_S161_L001-L004_merged	7	0.0000	0.0000	1.0000
PsFluSBW25_chrm01_circ_4736510	Pf_BP_2_D532_S126_L001-L004_merged	7	0.0000	0.0000	1.0000
PsFluSBW25_chrm01_circ_4736510	Pf_BP_2_D56_S56_L001-L004_merged	7	0.0000	0.0000	1.0000
PsFluSBW25_chrm01_circ_4736510	Pf_BP_2_D588_S86_L001-L004_merged	7	0.0125	0.0043	1.0000
PsFluSBW25_chrm01_circ_4736510	Pf_BP_2_D623_S104_L001-L004_merged	7	0.0313	0.0030	1.0000
PsFluSBW25_chrm01_circ_4736510	Pf_BP_2_D644_S152_L001-L004_merged	7	0.0487	0.0041	1.0000
PsFluSBW25_chrm01_circ_4736510	Pf_BP_2_D700_S177_L001-L004_merged	7	0.0320	0.0037	1.0000
PsFluSBW25_chrm01_circ_4736510	Pf_BP_2_D728_S118_L001-L004_merged	7	0.1350	0.0062	1.0000
PsFluSBW25_chrm01_circ_4736510	Pf_BP_2_D756_S154_L001-L004_merged	7	0.2689	0.0086	1.0000
PsFluSBW25_chrm01_circ_4736510	Pf_BP_2_D784_S95_L001-L004_merged	7	0.3502	0.0084	1.0000
PsFluSBW25_chrm01_circ_4736510	Pf_BP_2_D84_S2_L001-L004_merged	7	0.0000	0.0000	1.0000
PsFluSBW25_chrm01_circ_4764344	PS_Pf_r02_2017_01_09_L001	7	0.0000	0.0000	1.0000
PsFluSBW25_chrm01_circ_4764344	Pf_BP_2_D112_S35_L001-L004_merged	7	0.0000	0.0000	1.0000
PsFluSBW25_chrm01_circ_4764344	Pf_BP_2_D140_S68_L001-L004_merged	7	0.0000	0.0000	1.0000
PsFluSBW25_chrm01_circ_4764344	Pf_BP_2_D168_S14_L001-L004_merged	7	0.0000	0.0000	1.0000
PsFluSBW25_chrm01_circ_4764344	Pf_BP_2_D196_S47_L001-L004_merged	7	0.0000	0.0000	1.0000
PsFluSBW25_chrm01_circ_4764344	Pf_BP_2_D224_S80_L001-L004_merged	7	0.0000	0.0000	1.0000
PsFluSBW25_chrm01_circ_4764344	Pf_BP_2_D252_S26_L001-L004_merged	7	0.0000	0.0000	1.0000
PsFluSBW25_chrm01_circ_4764344	Pf_BP_2_D279_S59_L001-L004_merged	7	0.0000	0.0000	1.0000
PsFluSBW25_chrm01_circ_4764344	Pf_BP_2_D28_S12_L001-L004_merged	7	0.0000	0.0000	1.0000
PsFluSBW25_chrm01_circ_4764344	Pf_BP_2_D310_S5_L001-L004_merged	7	0.0000	0.0000	1.0000
PsFluSBW25_chrm01_circ_4764344	Pf_BP_2_D336_S38_L001-L004_merged	7	0.0000	0.0000	1.0000
PsFluSBW25_chrm01_circ_4764344	Pf_BP_2_D364_S71_L001-L004_merged	7	0.0000	0.0000	1.0000
PsFluSBW25_chrm01_circ_4764344	Pf_BP_2_D392_S101_L001-L004_merged	7	0.0000	0.0000	1.0000
PsFluSBW25_chrm01_circ_4764344	Pf_BP_2_D420_S50_L001-L004_merged	7	0.0000	0.0000	1.0000
PsFluSBW25_chrm01_circ_4764344	Pf_BP_2_D448_S83_L001-L004_merged	7	0.0000	0.0000	1.0000
PsFluSBW25_chrm01_circ_4764344	Pf_BP_2_D476_S62_L001-L004_merged	7	0.0000	0.0000	1.0000
PsFluSBW25_chrm01_circ_4764344	Pf_BP_2_D504_S161_L001-L004_merged	7	0.0000	0.0000	1.0000
PsFluSBW25_chrm01_circ_4764344	Pf_BP_2_D532_S126_L001-L004_merged	7	0.0000	0.0000	1.0000
PsFluSBW25_chrm01_circ_4764344	Pf_BP_2_D56_S56_L001-L004_merged	7	0.0000	0.0000	1.0000
PsFluSBW25_chrm01_circ_4764344	Pf_BP_2_D588_S86_L001-L004_merged	7	0.0125	0.0043	1.0000
PsFluSBW25_chrm01_circ_4764344	Pf_BP_2_D623_S104_L001-L004_merged	7	0.0313	0.0030	1.0000
PsFluSBW25_chrm01_circ_4764344	Pf_BP_2_D644_S152_L001-L004_merged	7	0.0487	0.0041	1.0000
PsFluSBW25_chrm01_circ_4764344	Pf_BP_2_D700_S177_L001-L004_merged	7	0.0320	0.0037	1.0000
PsFluSBW25_chrm01_circ_4764344	Pf_BP_2_D728_S118_L001-L004_merged	7	0.1350	0.0062	1.0000
PsFluSBW25_chrm01_circ_4764344	Pf_BP_2_D756_S154_L001-L004_merged	7	0.2689	0.0086	1.0000
PsFluSBW25_chrm01_circ_4764344	Pf_BP_2_D784_S95_L001-L004_merged	7	0.3502	0.0084	1.0000
PsFluSBW25_chrm01_circ_4764344	Pf_BP_2_D84_S2_L001-L004_merged	7	0.0000	0.0000	1.0000
PsFluSBW25_chrm01_circ_4798602	PS_Pf_r02_2017_01_09_L001	7	0.0000	0.0000	1.0000
PsFluSBW25_chrm01_circ_4798602	Pf_BP_2_D112_S35_L001-L004_merged	7	0.0000	0.0000	1.0000
PsFluSBW25_chrm01_circ_4798602	Pf_BP_2_D140_S68_L001-L004_merged	7	0.0000	0.0000	1.0000
PsFluSBW25_chrm01_circ_4798602	Pf_BP_2_D168_S14_L001-L004_merged	7	0.0000	0.0000	1.0000
PsFluSBW25_chrm01_circ_4798602	Pf_BP_2_D196_S47_L001-L004_merged	7	0.0000	0.0000	1.0000
PsFluSBW25_chrm01_circ_4798602	Pf_BP_2_D224_S80_L001-L004_merged	7	0.0000	0.0000	1.0000
PsFluSBW25_chrm01_circ_4798602	Pf_BP_2_D252_S26_L001-L004_merged	7	0.0000	0.0000	1.0000
PsFluSBW25_chrm01_circ_4798602	Pf_BP_2_D279_S59_L001-L004_merged	7	0.0000	0.0000	1.0000
PsFluSBW25_chrm01_circ_4798602	Pf_BP_2_D28_S12_L001-L004_merged	7	0.0000	0.0000	1.0000
PsFluSBW25_chrm01_circ_4798602	Pf_BP_2_D310_S5_L001-L004_merged	7	0.0000	0.0000	1.0000
PsFluSBW25_chrm01_circ_4798602	Pf_BP_2_D336_S38_L001-L004_merged	7	0.0000	0.0000	1.0000
PsFluSBW25_chrm01_circ_4798602	Pf_BP_2_D364_S71_L001-L004_merged	7	0.0000	0.0000	1.0000
PsFluSBW25_chrm01_circ_4798602	Pf_BP_2_D392_S101_L001-L004_merged	7	0.0000	0.0000	1.0000
PsFluSBW25_chrm01_circ_4798602	Pf_BP_2_D420_S50_L001-L004_merged	7	0.0000	0.0000	1.0000
PsFluSBW25_chrm01_circ_4798602	Pf_BP_2_D448_S83_L001-L004_merged	7	0.0000	0.0000	1.0000
PsFluSBW25_chrm01_circ_4798602	Pf_BP_2_D476_S62_L001-L004_merged	7	0.0000	0.0000	1.0000
PsFluSBW25_chrm01_circ_4798602	Pf_BP_2_D504_S161_L001-L004_merged	7	0.0000	0.0000	1.0000
PsFluSBW25_chrm01_circ_4798602	Pf_BP_2_D532_S126_L001-L004_merged	7	0.0000	0.0000	1.0000
PsFluSBW25_chrm01_circ_4798602	Pf_BP_2_D56_S56_L001-L004_merged	7	0.0000	0.0000	1.0000
PsFluSBW25_chrm01_circ_4798602	Pf_BP_2_D588_S86_L001-L004_merged	7	0.0125	0.0043	1.0000
PsFluSBW25_chrm01_circ_4798602	Pf_BP_2_D623_S104_L001-L004_merged	7	0.0313	0.0030	1.0000
PsFluSBW25_chrm01_circ_4798602	Pf_BP_2_D644_S152_L001-L004_merged	7	0.0487	0.0041	1.0000
PsFluSBW25_chrm01_circ_4798602	Pf_BP_2_D700_S177_L001-L004_merged	7	0.0320	0.0037	1.0000
PsFluSBW25_chrm01_circ_4798602	Pf_BP_2_D728_S118_L001-L004_merged	7	0.1350	0.0062	1.0000
PsFluSBW25_chrm01_circ_4798602	Pf_BP_2_D756_S154_L001-L004_merged	7	0.2689	0.0086	1.0000
PsFluSBW25_chrm01_circ_4798602	Pf_BP_2_D784_S95_L001-L004_merged	7	0.3502	0.0084	1.0000
PsFluSBW25_chrm01_circ_4798602	Pf_BP_2_D84_S2_L001-L004_merged	7	0.0000	0.0000	1.0000
PsFluSBW25_chrm01_circ_4811573	PS_Pf_r02_2017_01_09_L001	7	0.0000	0.0000	1.0000
PsFluSBW25_chrm01_circ_4811573	Pf_BP_2_D112_S35_L001-L004_merged	7	0.0000	0.0000	1.0000
PsFluSBW25_chrm01_circ_4811573	Pf_BP_2_D140_S68_L001-L004_merged	7	0.0000	0.0000	1.0000
PsFluSBW25_chrm01_circ_4811573	Pf_BP_2_D168_S14_L001-L004_merged	7	0.0000	0.0000	1.0000
PsFluSBW25_chrm01_circ_4811573	Pf_BP_2_D196_S47_L001-L004_merged	7	0.0000	0.0000	1.0000
PsFluSBW25_chrm01_circ_4811573	Pf_BP_2_D224_S80_L001-L004_merged	7	0.0000	0.0000	1.0000
PsFluSBW25_chrm01_circ_4811573	Pf_BP_2_D252_S26_L001-L004_merged	7	0.0000	0.0000	1.0000
PsFluSBW25_chrm01_circ_4811573	Pf_BP_2_D279_S59_L001-L004_merged	7	0.0000	0.0000	1.0000
PsFluSBW25_chrm01_circ_4811573	Pf_BP_2_D28_S12_L001-L004_merged	7	0.0000	0.0000	1.0000
PsFluSBW25_chrm01_circ_4811573	Pf_BP_2_D310_S5_L001-L004_merged	7	0.0000	0.0000	1.0000
PsFluSBW25_chrm01_circ_4811573	Pf_BP_2_D336_S38_L001-L004_merged	7	0.0000	0.0000	1.0000
PsFluSBW25_chrm01_circ_4811573	Pf_BP_2_D364_S71_L001-L004_merged	7	0.0000	0.0000	1.0000
PsFluSBW25_chrm01_circ_4811573	Pf_BP_2_D392_S101_L001-L004_merged	7	0.0000	0.0000	1.0000
PsFluSBW25_chrm01_circ_4811573	Pf_BP_2_D420_S50_L001-L004_merged	7	0.0000	0.0000	1.0000
PsFluSBW25_chrm01_circ_4811573	Pf_BP_2_D448_S83_L001-L004_merged	7	0.0000	0.0000	1.0000
PsFluSBW25_chrm01_circ_4811573	Pf_BP_2_D476_S62_L001-L004_merged	7	0.0000	0.0000	1.0000
PsFluSBW25_chrm01_circ_4811573	Pf_BP_2_D504_S161_L001-L004_merged	7	0.0000	0.0000	1.0000
PsFluSBW25_chrm01_circ_4811573	Pf_BP_2_D532_S126_L001-L004_merged	7	0.0000	0.0000	1.0000
PsFluSBW25_chrm01_circ_4811573	Pf_BP_2_D56_S56_L001-L004_merged	7	0.0000	0.0000	1.0000
PsFluSBW25_chrm01_circ_4811573	Pf_BP_2_D588_S86_L001-L004_merged	7	0.0125	0.0043	1.0000
PsFluSBW25_chrm01_circ_4811573	Pf_BP_2_D623_S104_L001-L004_merged	7	0.0313	0.0030	1.0000
PsFluSBW25_chrm01_circ_4811573	Pf_BP_2_D644_S152_L001-L004_merged	7	0.0487	0.0041	1.0000
PsFluSBW25_chrm01_circ_4811573	Pf_BP_2_D700_S177_L001-L004_merged	7	0.0320	0.0037	1.0000
PsFluSBW25_chrm01_circ_4811573	Pf_BP_2_D728_S118_L001-L004_merged	7	0.1350	0.0062	1.0000
PsFluSBW25_chrm01_circ_4811573	Pf_BP_2_D756_S154_L001-L004_merged	7	0.2689	0.0086	1.0000
PsFluSBW25_chrm01_circ_4811573	Pf_BP_2_D784_S95_L001-L004_merged	7	0.3502	0.0084	1.0000
PsFluSBW25_chrm01_circ_4811573	Pf_BP_2_D84_S2_L001-L004_merged	7	0.0000	0.0000	1.0000
PsFluSBW25_chrm01_circ_4856344	PS_Pf_r02_2017_01_09_L001	7	0.0000	0.0000	1.0000
PsFluSBW25_chrm01_circ_4856344	Pf_BP_2_D112_S35_L001-L004_merged	7	0.0000	0.0000	1.0000
PsFluSBW25_chrm01_circ_4856344	Pf_BP_2_D140_S68_L001-L004_merged	7	0.0000	0.0000	1.0000
PsFluSBW25_chrm01_circ_4856344	Pf_BP_2_D168_S14_L001-L004_merged	7	0.0000	0.0000	1.0000
PsFluSBW25_chrm01_circ_4856344	Pf_BP_2_D196_S47_L001-L004_merged	7	0.0000	0.0000	1.0000
PsFluSBW25_chrm01_circ_4856344	Pf_BP_2_D224_S80_L001-L004_merged	7	0.0000	0.0000	1.0000
PsFluSBW25_chrm01_circ_4856344	Pf_BP_2_D252_S26_L001-L004_merged	7	0.0000	0.0000	1.0000
PsFluSBW25_chrm01_circ_4856344	Pf_BP_2_D279_S59_L001-L004_merged	7	0.0000	0.0000	1.0000
PsFluSBW25_chrm01_circ_4856344	Pf_BP_2_D28_S12_L001-L004_merged	7	0.0000	0.0000	1.0000
PsFluSBW25_chrm01_circ_4856344	Pf_BP_2_D310_S5_L001-L004_merged	7	0.0000	0.0000	1.0000
PsFluSBW25_chrm01_circ_4856344	Pf_BP_2_D336_S38_L001-L004_merged	7	0.0000	0.0000	1.0000
PsFluSBW25_chrm01_circ_4856344	Pf_BP_2_D364_S71_L001-L004_merged	7	0.0000	0.0000	1.0000
PsFluSBW25_chrm01_circ_4856344	Pf_BP_2_D392_S101_L001-L004_merged	7	0.0000	0.0000	1.0000
PsFluSBW25_chrm01_circ_4856344	Pf_BP_2_D420_S50_L001-L004_merged	7	0.0000	0.0000	1.0000
PsFluSBW25_chrm01_circ_4856344	Pf_BP_2_D448_S83_L001-L004_merged	7	0.0000	0.0000	1.0000
PsFluSBW25_chrm01_circ_4856344	Pf_BP_2_D476_S62_L001-L004_merged	7	0.0000	0.0000	1.0000
PsFluSBW25_chrm01_circ_4856344	Pf_BP_2_D504_S161_L001-L004_merged	7	0.0000	0.0000	1.0000
PsFluSBW25_chrm01_circ_4856344	Pf_BP_2_D532_S126_L001-L004_merged	7	0.0000	0.0000	1.0000
PsFluSBW25_chrm01_circ_4856344	Pf_BP_2_D56_S56_L001-L004_merged	7	0.0000	0.0000	1.0000
PsFluSBW25_chrm01_circ_4856344	Pf_BP_2_D588_S86_L001-L004_merged	7	0.0125	0.0043	1.0000
PsFluSBW25_chrm01_circ_4856344	Pf_BP_2_D623_S104_L001-L004_merged	7	0.0313	0.0030	1.0000
PsFluSBW25_chrm01_circ_4856344	Pf_BP_2_D644_S152_L001-L004_merged	7	0.0487	0.0041	1.0000
PsFluSBW25_chrm01_circ_4856344	Pf_BP_2_D700_S177_L001-L004_merged	7	0.0320	0.0037	1.0000
PsFluSBW25_chrm01_circ_4856344	Pf_BP_2_D728_S118_L001-L004_merged	7	0.1350	0.0062	1.0000
PsFluSBW25_chrm01_circ_4856344	Pf_BP_2_D756_S154_L001-L004_merged	7	0.2689	0.0086	1.0000
PsFluSBW25_chrm01_circ_4856344	Pf_BP_2_D784_S95_L001-L004_merged	7	0.3502	0.0084	1.0000
PsFluSBW25_chrm01_circ_4856344	Pf_BP_2_D84_S2_L001-L004_merged	7	0.0000	0.0000	1.0000
PsFluSBW25_chrm01_circ_4884492	PS_Pf_r02_2017_01_09_L001	7	0.0000	0.0000	1.0000
PsFluSBW25_chrm01_circ_4884492	Pf_BP_2_D112_S35_L001-L004_merged	7	0.0000	0.0000	1.0000
PsFluSBW25_chrm01_circ_4884492	Pf_BP_2_D140_S68_L001-L004_merged	7	0.0000	0.0000	1.0000
PsFluSBW25_chrm01_circ_4884492	Pf_BP_2_D168_S14_L001-L004_merged	7	0.0000	0.0000	1.0000
PsFluSBW25_chrm01_circ_4884492	Pf_BP_2_D196_S47_L001-L004_merged	7	0.0000	0.0000	1.0000
PsFluSBW25_chrm01_circ_4884492	Pf_BP_2_D224_S80_L001-L004_merged	7	0.0000	0.0000	1.0000
PsFluSBW25_chrm01_circ_4884492	Pf_BP_2_D252_S26_L001-L004_merged	7	0.0000	0.0000	1.0000
PsFluSBW25_chrm01_circ_4884492	Pf_BP_2_D279_S59_L001-L004_merged	7	0.0000	0.0000	1.0000
PsFluSBW25_chrm01_circ_4884492	Pf_BP_2_D28_S12_L001-L004_merged	7	0.0000	0.0000	1.0000
PsFluSBW25_chrm01_circ_4884492	Pf_BP_2_D310_S5_L001-L004_merged	7	0.0000	0.0000	1.0000
PsFluSBW25_chrm01_circ_4884492	Pf_BP_2_D336_S38_L001-L004_merged	7	0.0000	0.0000	1.0000
PsFluSBW25_chrm01_circ_4884492	Pf_BP_2_D364_S71_L001-L004_merged	7	0.0000	0.0000	1.0000
PsFluSBW25_chrm01_circ_4884492	Pf_BP_2_D392_S101_L001-L004_merged	7	0.0000	0.0000	1.0000
PsFluSBW25_chrm01_circ_4884492	Pf_BP_2_D420_S50_L001-L004_merged	7	0.0000	0.0000	1.0000
PsFluSBW25_chrm01_circ_4884492	Pf_BP_2_D448_S83_L001-L004_merged	7	0.0000	0.0000	1.0000
PsFluSBW25_chrm01_circ_4884492	Pf_BP_2_D476_S62_L001-L004_merged	7	0.0000	0.0000	1.0000
PsFluSBW25_chrm01_circ_4884492	Pf_BP_2_D504_S161_L001-L004_merged	7	0.0000	0.0000	1.0000
PsFluSBW25_chrm01_circ_4884492	Pf_BP_2_D532_S126_L001-L004_merged	7	0.0000	0.0000	1.0000
PsFluSBW25_chrm01_circ_4884492	Pf_BP_2_D56_S56_L001-L004_merged	7	0.0000	0.0000	1.0000
PsFluSBW25_chrm01_circ_4884492	Pf_BP_2_D588_S86_L001-L004_merged	7	0.0125	0.0043	1.0000
PsFluSBW25_chrm01_circ_4884492	Pf_BP_2_D623_S104_L001-L004_merged	7	0.0313	0.0030	1.0000
PsFluSBW25_chrm01_circ_4884492	Pf_BP_2_D644_S152_L001-L004_merged	7	0.0487	0.0041	1.0000
PsFluSBW25_chrm01_circ_4884492	Pf_BP_2_D700_S177_L001-L004_merged	7	0.0320	0.0037	1.0000
PsFluSBW25_chrm01_circ_4884492	Pf_BP_2_D728_S118_L001-L004_merged	7	0.1350	0.0062	1.0000
PsFluSBW25_chrm01_circ_4884492	Pf_BP_2_D756_S154_L001-L004_merged	7	0.2689	0.0086	1.0000
PsFluSBW25_chrm01_circ_4884492	Pf_BP_2_D784_S95_L001-L004_merged	7	0.3502	0.0084	1.0000
PsFluSBW25_chrm01_circ_4884492	Pf_BP_2_D84_S2_L001-L004_merged	7	0.0000	0.0000	1.0000
PsFluSBW25_chrm01_circ_4943415	PS_Pf_r02_2017_01_09_L001	7	0.0000	0.0000	1.0000
PsFluSBW25_chrm01_circ_4943415	Pf_BP_2_D112_S35_L001-L004_merged	7	0.0000	0.0000	1.0000
PsFluSBW25_chrm01_circ_4943415	Pf_BP_2_D140_S68_L001-L004_merged	7	0.0000	0.0000	1.0000
PsFluSBW25_chrm01_circ_4943415	Pf_BP_2_D168_S14_L001-L004_merged	7	0.0000	0.0000	1.0000
PsFluSBW25_chrm01_circ_4943415	Pf_BP_2_D196_S47_L001-L004_merged	7	0.0000	0.0000	1.0000
PsFluSBW25_chrm01_circ_4943415	Pf_BP_2_D224_S80_L001-L004_merged	7	0.0000	0.0000	1.0000
PsFluSBW25_chrm01_circ_4943415	Pf_BP_2_D252_S26_L001-L004_merged	7	0.0000	0.0000	1.0000
PsFluSBW25_chrm01_circ_4943415	Pf_BP_2_D279_S59_L001-L004_merged	7	0.0000	0.0000	1.0000
PsFluSBW25_chrm01_circ_4943415	Pf_BP_2_D28_S12_L001-L004_merged	7	0.0000	0.0000	1.0000
PsFluSBW25_chrm01_circ_4943415	Pf_BP_2_D310_S5_L001-L004_merged	7	0.0000	0.0000	1.0000
PsFluSBW25_chrm01_circ_4943415	Pf_BP_2_D336_S38_L001-L004_merged	7	0.0000	0.0000	1.0000
PsFluSBW25_chrm01_circ_4943415	Pf_BP_2_D364_S71_L001-L004_merged	7	0.0000	0.0000	1.0000
PsFluSBW25_chrm01_circ_4943415	Pf_BP_2_D392_S101_L001-L004_merged	7	0.0000	0.0000	1.0000
PsFluSBW25_chrm01_circ_4943415	Pf_BP_2_D420_S50_L001-L004_merged	7	0.0000	0.0000	1.0000
PsFluSBW25_chrm01_circ_4943415	Pf_BP_2_D448_S83_L001-L004_merged	7	0.0000	0.0000	1.0000
PsFluSBW25_chrm01_circ_4943415	Pf_BP_2_D476_S62_L001-L004_merged	7	0.0000	0.0000	1.0000
PsFluSBW25_chrm01_circ_4943415	Pf_BP_2_D504_S161_L001-L004_merged	7	0.0000	0.0000	1.0000
PsFluSBW25_chrm01_circ_4943415	Pf_BP_2_D532_S126_L001-L004_merged	7	0.0000	0.0000	1.0000
PsFluSBW25_chrm01_circ_4943415	Pf_BP_2_D56_S56_L001-L004_merged	7	0.0000	0.0000	1.0000
PsFluSBW25_chrm01_circ_4943415	Pf_BP_2_D588_S86_L001-L004_merged	7	0.0125	0.0043	1.0000
PsFluSBW25_chrm01_circ_4943415	Pf_BP_2_D623_S104_L001-L004_merged	7	0.0313	0.0030	1.0000
PsFluSBW25_chrm01_circ_4943415	Pf_BP_2_D644_S152_L001-L004_merged	7	0.0487	0.0041	1.0000
PsFluSBW25_chrm01_circ_4943415	Pf_BP_2_D700_S177_L001-L004_merged	7	0.0320	0.0037	1.0000
PsFluSBW25_chrm01_circ_4943415	Pf_BP_2_D728_S118_L001-L004_merged	7	0.1350	0.0062	1.0000
PsFluSBW25_chrm01_circ_4943415	Pf_BP_2_D756_S154_L001-L004_merged	7	0.2689	0.0086	1.0000
PsFluSBW25_chrm01_circ_4943415	Pf_BP_2_D784_S95_L001-L004_merged	7	0.3502	0.0084	1.0000
PsFluSBW25_chrm01_circ_4943415	Pf_BP_2_D84_S2_L001-L004_merged	7	0.0000	0.0000	1.0000
PsFluSBW25_chrm01_circ_5049294	PS_Pf_r02_2017_01_09_L001	7	0.0000	0.0000	1.0000
PsFluSBW25_chrm01_circ_5049294	Pf_BP_2_D112_S35_L001-L004_merged	7	0.0000	0.0000	1.0000
PsFluSBW25_chrm01_circ_5049294	Pf_BP_2_D140_S68_L001-L004_merged	7	0.0000	0.0000	1.0000
PsFluSBW25_chrm01_circ_5049294	Pf_BP_2_D168_S14_L001-L004_merged	7	0.0000	0.0000	1.0000
PsFluSBW25_chrm01_circ_5049294	Pf_BP_2_D196_S47_L001-L004_merged	7	0.0000	0.0000	1.0000
PsFluSBW25_chrm01_circ_5049294	Pf_BP_2_D224_S80_L001-L004_merged	7	0.0000	0.0000	1.0000
PsFluSBW25_chrm01_circ_5049294	Pf_BP_2_D252_S26_L001-L004_merged	7	0.0000	0.0000	1.0000
PsFluSBW25_chrm01_circ_5049294	Pf_BP_2_D279_S59_L001-L004_merged	7	0.0000	0.0000	1.0000
PsFluSBW25_chrm01_circ_5049294	Pf_BP_2_D28_S12_L001-L004_merged	7	0.0000	0.0000	1.0000
PsFluSBW25_chrm01_circ_5049294	Pf_BP_2_D310_S5_L001-L004_merged	7	0.0000	0.0000	1.0000
PsFluSBW25_chrm01_circ_5049294	Pf_BP_2_D336_S38_L001-L004_merged	7	0.0000	0.0000	1.0000
PsFluSBW25_chrm01_circ_5049294	Pf_BP_2_D364_S71_L001-L004_merged	7	0.0000	0.0000	1.0000
PsFluSBW25_chrm01_circ_5049294	Pf_BP_2_D392_S101_L001-L004_merged	7	0.0000	0.0000	1.0000
PsFluSBW25_chrm01_circ_5049294	Pf_BP_2_D420_S50_L001-L004_merged	7	0.0000	0.0000	1.0000
PsFluSBW25_chrm01_circ_5049294	Pf_BP_2_D448_S83_L001-L004_merged	7	0.0000	0.0000	1.0000
PsFluSBW25_chrm01_circ_5049294	Pf_BP_2_D476_S62_L001-L004_merged	7	0.0000	0.0000	1.0000
PsFluSBW25_chrm01_circ_5049294	Pf_BP_2_D504_S161_L001-L004_merged	7	0.0000	0.0000	1.0000
PsFluSBW25_chrm01_circ_5049294	Pf_BP_2_D532_S126_L001-L004_merged	7	0.0000	0.0000	1.0000
PsFluSBW25_chrm01_circ_5049294	Pf_BP_2_D56_S56_L001-L004_merged	7	0.0000	0.0000	1.0000
PsFluSBW25_chrm01_circ_5049294	Pf_BP_2_D588_S86_L001-L004_merged	7	0.0125	0.0043	1.0000
PsFluSBW25_chrm01_circ_5049294	Pf_BP_2_D623_S104_L001-L004_merged	7	0.0313	0.0030	1.0000
PsFluSBW25_chrm01_circ_5049294	Pf_BP_2_D644_S152_L001-L004_merged	7	0.0487	0.0041	1.0000
PsFluSBW25_chrm01_circ_5049294	Pf_BP_2_D700_S177_L001-L004_merged	7	0.0320	0.0037	1.0000
PsFluSBW25_chrm01_circ_5049294	Pf_BP_2_D728_S118_L001-L004_merged	7	0.1350	0.0062	1.0000
PsFluSBW25_chrm01_circ_5049294	Pf_BP_2_D756_S154_L001-L004_merged	7	0.2689	0.0086	1.0000
PsFluSBW25_chrm01_circ_5049294	Pf_BP_2_D784_S95_L001-L004_merged	7	0.3502	0.0084	1.0000
PsFluSBW25_chrm01_circ_5049294	Pf_BP_2_D84_S2_L001-L004_merged	7	0.0000	0.0000	1.0000
PsFluSBW25_chrm01_circ_505798	PS_Pf_r02_2017_01_09_L001	7	0.0000	0.0000	0.8738
PsFluSBW25_chrm01_circ_505798	Pf_BP_2_D112_S35_L001-L004_merged	7	0.0000	0.0000	0.8738
PsFluSBW25_chrm01_circ_505798	Pf_BP_2_D140_S68_L001-L004_merged	7	0.0000	0.0000	0.8738
PsFluSBW25_chrm01_circ_505798	Pf_BP_2_D168_S14_L001-L004_merged	7	0.0000	0.0000	0.8738
PsFluSBW25_chrm01_circ_505798	Pf_BP_2_D196_S47_L001-L004_merged	7	0.0000	0.0000	0.8738
PsFluSBW25_chrm01_circ_505798	Pf_BP_2_D224_S80_L001-L004_merged	7	0.0000	0.0000	0.8738
PsFluSBW25_chrm01_circ_505798	Pf_BP_2_D252_S26_L001-L004_merged	7	0.0000	0.0000	0.8738
PsFluSBW25_chrm01_circ_505798	Pf_BP_2_D279_S59_L001-L004_merged	7	0.0000	0.0000	0.8738
PsFluSBW25_chrm01_circ_505798	Pf_BP_2_D28_S12_L001-L004_merged	7	0.0000	0.0000	0.8738
PsFluSBW25_chrm01_circ_505798	Pf_BP_2_D310_S5_L001-L004_merged	7	0.0000	0.0000	0.8738
PsFluSBW25_chrm01_circ_505798	Pf_BP_2_D336_S38_L001-L004_merged	7	0.0000	0.0000	0.8738
PsFluSBW25_chrm01_circ_505798	Pf_BP_2_D364_S71_L001-L004_merged	7	0.0000	0.0000	0.8738
PsFluSBW25_chrm01_circ_505798	Pf_BP_2_D392_S101_L001-L004_merged	7	0.0000	0.0000	0.8738
PsFluSBW25_chrm01_circ_505798	Pf_BP_2_D420_S50_L001-L004_merged	7	0.0000	0.0000	0.8738
PsFluSBW25_chrm01_circ_505798	Pf_BP_2_D448_S83_L001-L004_merged	7	0.0000	0.0000	0.8738
PsFluSBW25_chrm01_circ_505798	Pf_BP_2_D476_S62_L001-L004_merged	7	0.0000	0.0000	0.8738
PsFluSBW25_chrm01_circ_505798	Pf_BP_2_D504_S161_L001-L004_merged	7	0.0000	0.0000	0.8738
PsFluSBW25_chrm01_circ_505798	Pf_BP_2_D532_S126_L001-L004_merged	7	0.0000	0.0000	0.8738
PsFluSBW25_chrm01_circ_505798	Pf_BP_2_D56_S56_L001-L004_merged	7	0.0000	0.0000	0.8738
PsFluSBW25_chrm01_circ_505798	Pf_BP_2_D588_S86_L001-L004_merged	7	0.0125	0.0043	0.8738
PsFluSBW25_chrm01_circ_505798	Pf_BP_2_D623_S104_L001-L004_merged	7	0.0313	0.0030	0.8738
PsFluSBW25_chrm01_circ_505798	Pf_BP_2_D644_S152_L001-L004_merged	7	0.0487	0.0041	0.8738
PsFluSBW25_chrm01_circ_505798	Pf_BP_2_D700_S177_L001-L004_merged	7	0.0320	0.0037	0.8738
PsFluSBW25_chrm01_circ_505798	Pf_BP_2_D728_S118_L001-L004_merged	7	0.1350	0.0062	0.8738
PsFluSBW25_chrm01_circ_505798	Pf_BP_2_D756_S154_L001-L004_merged	7	0.2689	0.0086	0.8738
PsFluSBW25_chrm01_circ_505798	Pf_BP_2_D784_S95_L001-L004_merged	7	0.3502	0.0084	0.8738
PsFluSBW25_chrm01_circ_505798	Pf_BP_2_D84_S2_L001-L004_merged	7	0.0000	0.0000	0.8738
PsFluSBW25_chrm01_circ_506261	PS_Pf_r02_2017_01_09_L001	7	0.0000	0.0000	1.0000
PsFluSBW25_chrm01_circ_506261	Pf_BP_2_D112_S35_L001-L004_merged	7	0.0000	0.0000	1.0000
PsFluSBW25_chrm01_circ_506261	Pf_BP_2_D140_S68_L001-L004_merged	7	0.0000	0.0000	1.0000
PsFluSBW25_chrm01_circ_506261	Pf_BP_2_D168_S14_L001-L004_merged	7	0.0000	0.0000	1.0000
PsFluSBW25_chrm01_circ_506261	Pf_BP_2_D196_S47_L001-L004_merged	7	0.0000	0.0000	1.0000
PsFluSBW25_chrm01_circ_506261	Pf_BP_2_D224_S80_L001-L004_merged	7	0.0000	0.0000	1.0000
PsFluSBW25_chrm01_circ_506261	Pf_BP_2_D252_S26_L001-L004_merged	7	0.0000	0.0000	1.0000
PsFluSBW25_chrm01_circ_506261	Pf_BP_2_D279_S59_L001-L004_merged	7	0.0000	0.0000	1.0000
PsFluSBW25_chrm01_circ_506261	Pf_BP_2_D28_S12_L001-L004_merged	7	0.0000	0.0000	1.0000
PsFluSBW25_chrm01_circ_506261	Pf_BP_2_D310_S5_L001-L004_merged	7	0.0000	0.0000	1.0000
PsFluSBW25_chrm01_circ_506261	Pf_BP_2_D336_S38_L001-L004_merged	7	0.0000	0.0000	1.0000
PsFluSBW25_chrm01_circ_506261	Pf_BP_2_D364_S71_L001-L004_merged	7	0.0000	0.0000	1.0000
PsFluSBW25_chrm01_circ_506261	Pf_BP_2_D392_S101_L001-L004_merged	7	0.0000	0.0000	1.0000
PsFluSBW25_chrm01_circ_506261	Pf_BP_2_D420_S50_L001-L004_merged	7	0.0000	0.0000	1.0000
PsFluSBW25_chrm01_circ_506261	Pf_BP_2_D448_S83_L001-L004_merged	7	0.0000	0.0000	1.0000
PsFluSBW25_chrm01_circ_506261	Pf_BP_2_D476_S62_L001-L004_merged	7	0.0000	0.0000	1.0000
PsFluSBW25_chrm01_circ_506261	Pf_BP_2_D504_S161_L001-L004_merged	7	0.0000	0.0000	1.0000
PsFluSBW25_chrm01_circ_506261	Pf_BP_2_D532_S126_L001-L004_merged	7	0.0000	0.0000	1.0000
PsFluSBW25_chrm01_circ_506261	Pf_BP_2_D56_S56_L001-L004_merged	7	0.0000	0.0000	1.0000
PsFluSBW25_chrm01_circ_506261	Pf_BP_2_D588_S86_L001-L004_merged	7	0.0125	0.0043	1.0000
PsFluSBW25_chrm01_circ_506261	Pf_BP_2_D623_S104_L001-L004_merged	7	0.0313	0.0030	1.0000
PsFluSBW25_chrm01_circ_506261	Pf_BP_2_D644_S152_L001-L004_merged	7	0.0487	0.0041	1.0000
PsFluSBW25_chrm01_circ_506261	Pf_BP_2_D700_S177_L001-L004_merged	7	0.0320	0.0037	1.0000
PsFluSBW25_chrm01_circ_506261	Pf_BP_2_D728_S118_L001-L004_merged	7	0.1350	0.0062	1.0000
PsFluSBW25_chrm01_circ_506261	Pf_BP_2_D756_S154_L001-L004_merged	7	0.2689	0.0086	1.0000
PsFluSBW25_chrm01_circ_506261	Pf_BP_2_D784_S95_L001-L004_merged	7	0.3502	0.0084	1.0000
PsFluSBW25_chrm01_circ_506261	Pf_BP_2_D84_S2_L001-L004_merged	7	0.0000	0.0000	1.0000
PsFluSBW25_chrm01_circ_5125714	PS_Pf_r02_2017_01_09_L001	7	0.0000	0.0000	1.0000
PsFluSBW25_chrm01_circ_5125714	Pf_BP_2_D112_S35_L001-L004_merged	7	0.0000	0.0000	1.0000
PsFluSBW25_chrm01_circ_5125714	Pf_BP_2_D140_S68_L001-L004_merged	7	0.0000	0.0000	1.0000
PsFluSBW25_chrm01_circ_5125714	Pf_BP_2_D168_S14_L001-L004_merged	7	0.0000	0.0000	1.0000
PsFluSBW25_chrm01_circ_5125714	Pf_BP_2_D196_S47_L001-L004_merged	7	0.0000	0.0000	1.0000
PsFluSBW25_chrm01_circ_5125714	Pf_BP_2_D224_S80_L001-L004_merged	7	0.0000	0.0000	1.0000
PsFluSBW25_chrm01_circ_5125714	Pf_BP_2_D252_S26_L001-L004_merged	7	0.0000	0.0000	1.0000
PsFluSBW25_chrm01_circ_5125714	Pf_BP_2_D279_S59_L001-L004_merged	7	0.0000	0.0000	1.0000
PsFluSBW25_chrm01_circ_5125714	Pf_BP_2_D28_S12_L001-L004_merged	7	0.0000	0.0000	1.0000
PsFluSBW25_chrm01_circ_5125714	Pf_BP_2_D310_S5_L001-L004_merged	7	0.0000	0.0000	1.0000
PsFluSBW25_chrm01_circ_5125714	Pf_BP_2_D336_S38_L001-L004_merged	7	0.0000	0.0000	1.0000
PsFluSBW25_chrm01_circ_5125714	Pf_BP_2_D364_S71_L001-L004_merged	7	0.0000	0.0000	1.0000
PsFluSBW25_chrm01_circ_5125714	Pf_BP_2_D392_S101_L001-L004_merged	7	0.0000	0.0000	1.0000
PsFluSBW25_chrm01_circ_5125714	Pf_BP_2_D420_S50_L001-L004_merged	7	0.0000	0.0000	1.0000
PsFluSBW25_chrm01_circ_5125714	Pf_BP_2_D448_S83_L001-L004_merged	7	0.0000	0.0000	1.0000
PsFluSBW25_chrm01_circ_5125714	Pf_BP_2_D476_S62_L001-L004_merged	7	0.0000	0.0000	1.0000
PsFluSBW25_chrm01_circ_5125714	Pf_BP_2_D504_S161_L001-L004_merged	7	0.0000	0.0000	1.0000
PsFluSBW25_chrm01_circ_5125714	Pf_BP_2_D532_S126_L001-L004_merged	7	0.0000	0.0000	1.0000
PsFluSBW25_chrm01_circ_5125714	Pf_BP_2_D56_S56_L001-L004_merged	7	0.0000	0.0000	1.0000
PsFluSBW25_chrm01_circ_5125714	Pf_BP_2_D588_S86_L001-L004_merged	7	0.0125	0.0043	1.0000
PsFluSBW25_chrm01_circ_5125714	Pf_BP_2_D623_S104_L001-L004_merged	7	0.0313	0.0030	1.0000
PsFluSBW25_chrm01_circ_5125714	Pf_BP_2_D644_S152_L001-L004_merged	7	0.0487	0.0041	1.0000
PsFluSBW25_chrm01_circ_5125714	Pf_BP_2_D700_S177_L001-L004_merged	7	0.0320	0.0037	1.0000
PsFluSBW25_chrm01_circ_5125714	Pf_BP_2_D728_S118_L001-L004_merged	7	0.1350	0.0062	1.0000
PsFluSBW25_chrm01_circ_5125714	Pf_BP_2_D756_S154_L001-L004_merged	7	0.2689	0.0086	1.0000
PsFluSBW25_chrm01_circ_5125714	Pf_BP_2_D784_S95_L001-L004_merged	7	0.3502	0.0084	1.0000
PsFluSBW25_chrm01_circ_5125714	Pf_BP_2_D84_S2_L001-L004_merged	7	0.0000	0.0000	1.0000
PsFluSBW25_chrm01_circ_512990	PS_Pf_r02_2017_01_09_L001	7	0.0000	0.0000	1.0000
PsFluSBW25_chrm01_circ_512990	Pf_BP_2_D112_S35_L001-L004_merged	7	0.0000	0.0000	1.0000
PsFluSBW25_chrm01_circ_512990	Pf_BP_2_D140_S68_L001-L004_merged	7	0.0000	0.0000	1.0000
PsFluSBW25_chrm01_circ_512990	Pf_BP_2_D168_S14_L001-L004_merged	7	0.0000	0.0000	1.0000
PsFluSBW25_chrm01_circ_512990	Pf_BP_2_D196_S47_L001-L004_merged	7	0.0000	0.0000	1.0000
PsFluSBW25_chrm01_circ_512990	Pf_BP_2_D224_S80_L001-L004_merged	7	0.0000	0.0000	1.0000
PsFluSBW25_chrm01_circ_512990	Pf_BP_2_D252_S26_L001-L004_merged	7	0.0000	0.0000	1.0000
PsFluSBW25_chrm01_circ_512990	Pf_BP_2_D279_S59_L001-L004_merged	7	0.0000	0.0000	1.0000
PsFluSBW25_chrm01_circ_512990	Pf_BP_2_D28_S12_L001-L004_merged	7	0.0000	0.0000	1.0000
PsFluSBW25_chrm01_circ_512990	Pf_BP_2_D310_S5_L001-L004_merged	7	0.0000	0.0000	1.0000
PsFluSBW25_chrm01_circ_512990	Pf_BP_2_D336_S38_L001-L004_merged	7	0.0000	0.0000	1.0000
PsFluSBW25_chrm01_circ_512990	Pf_BP_2_D364_S71_L001-L004_merged	7	0.0000	0.0000	1.0000
PsFluSBW25_chrm01_circ_512990	Pf_BP_2_D392_S101_L001-L004_merged	7	0.0000	0.0000	1.0000
PsFluSBW25_chrm01_circ_512990	Pf_BP_2_D420_S50_L001-L004_merged	7	0.0000	0.0000	1.0000
PsFluSBW25_chrm01_circ_512990	Pf_BP_2_D448_S83_L001-L004_merged	7	0.0000	0.0000	1.0000
PsFluSBW25_chrm01_circ_512990	Pf_BP_2_D476_S62_L001-L004_merged	7	0.0000	0.0000	1.0000
PsFluSBW25_chrm01_circ_512990	Pf_BP_2_D504_S161_L001-L004_merged	7	0.0000	0.0000	1.0000
PsFluSBW25_chrm01_circ_512990	Pf_BP_2_D532_S126_L001-L004_merged	7	0.0000	0.0000	1.0000
PsFluSBW25_chrm01_circ_512990	Pf_BP_2_D56_S56_L001-L004_merged	7	0.0000	0.0000	1.0000
PsFluSBW25_chrm01_circ_512990	Pf_BP_2_D588_S86_L001-L004_merged	7	0.0125	0.0043	1.0000
PsFluSBW25_chrm01_circ_512990	Pf_BP_2_D623_S104_L001-L004_merged	7	0.0313	0.0030	1.0000
PsFluSBW25_chrm01_circ_512990	Pf_BP_2_D644_S152_L001-L004_merged	7	0.0487	0.0041	1.0000
PsFluSBW25_chrm01_circ_512990	Pf_BP_2_D700_S177_L001-L004_merged	7	0.0320	0.0037	1.0000
PsFluSBW25_chrm01_circ_512990	Pf_BP_2_D728_S118_L001-L004_merged	7	0.1350	0.0062	1.0000
PsFluSBW25_chrm01_circ_512990	Pf_BP_2_D756_S154_L001-L004_merged	7	0.2689	0.0086	1.0000
PsFluSBW25_chrm01_circ_512990	Pf_BP_2_D784_S95_L001-L004_merged	7	0.3502	0.0084	1.0000
PsFluSBW25_chrm01_circ_512990	Pf_BP_2_D84_S2_L001-L004_merged	7	0.0000	0.0000	1.0000
PsFluSBW25_chrm01_circ_5167041	PS_Pf_r02_2017_01_09_L001	7	0.0000	0.0000	1.0000
PsFluSBW25_chrm01_circ_5167041	Pf_BP_2_D112_S35_L001-L004_merged	7	0.0000	0.0000	1.0000
PsFluSBW25_chrm01_circ_5167041	Pf_BP_2_D140_S68_L001-L004_merged	7	0.0000	0.0000	1.0000
PsFluSBW25_chrm01_circ_5167041	Pf_BP_2_D168_S14_L001-L004_merged	7	0.0000	0.0000	1.0000
PsFluSBW25_chrm01_circ_5167041	Pf_BP_2_D196_S47_L001-L004_merged	7	0.0000	0.0000	1.0000
PsFluSBW25_chrm01_circ_5167041	Pf_BP_2_D224_S80_L001-L004_merged	7	0.0000	0.0000	1.0000
PsFluSBW25_chrm01_circ_5167041	Pf_BP_2_D252_S26_L001-L004_merged	7	0.0000	0.0000	1.0000
PsFluSBW25_chrm01_circ_5167041	Pf_BP_2_D279_S59_L001-L004_merged	7	0.0000	0.0000	1.0000
PsFluSBW25_chrm01_circ_5167041	Pf_BP_2_D28_S12_L001-L004_merged	7	0.0000	0.0000	1.0000
PsFluSBW25_chrm01_circ_5167041	Pf_BP_2_D310_S5_L001-L004_merged	7	0.0000	0.0000	1.0000
PsFluSBW25_chrm01_circ_5167041	Pf_BP_2_D336_S38_L001-L004_merged	7	0.0000	0.0000	1.0000
PsFluSBW25_chrm01_circ_5167041	Pf_BP_2_D364_S71_L001-L004_merged	7	0.0000	0.0000	1.0000
PsFluSBW25_chrm01_circ_5167041	Pf_BP_2_D392_S101_L001-L004_merged	7	0.0000	0.0000	1.0000
PsFluSBW25_chrm01_circ_5167041	Pf_BP_2_D420_S50_L001-L004_merged	7	0.0000	0.0000	1.0000
PsFluSBW25_chrm01_circ_5167041	Pf_BP_2_D448_S83_L001-L004_merged	7	0.0000	0.0000	1.0000
PsFluSBW25_chrm01_circ_5167041	Pf_BP_2_D476_S62_L001-L004_merged	7	0.0000	0.0000	1.0000
PsFluSBW25_chrm01_circ_5167041	Pf_BP_2_D504_S161_L001-L004_merged	7	0.0000	0.0000	1.0000
PsFluSBW25_chrm01_circ_5167041	Pf_BP_2_D532_S126_L001-L004_merged	7	0.0000	0.0000	1.0000
PsFluSBW25_chrm01_circ_5167041	Pf_BP_2_D56_S56_L001-L004_merged	7	0.0000	0.0000	1.0000
PsFluSBW25_chrm01_circ_5167041	Pf_BP_2_D588_S86_L001-L004_merged	7	0.0125	0.0043	1.0000
PsFluSBW25_chrm01_circ_5167041	Pf_BP_2_D623_S104_L001-L004_merged	7	0.0313	0.0030	1.0000
PsFluSBW25_chrm01_circ_5167041	Pf_BP_2_D644_S152_L001-L004_merged	7	0.0487	0.0041	1.0000
PsFluSBW25_chrm01_circ_5167041	Pf_BP_2_D700_S177_L001-L004_merged	7	0.0320	0.0037	1.0000
PsFluSBW25_chrm01_circ_5167041	Pf_BP_2_D728_S118_L001-L004_merged	7	0.1350	0.0062	1.0000
PsFluSBW25_chrm01_circ_5167041	Pf_BP_2_D756_S154_L001-L004_merged	7	0.2689	0.0086	1.0000
PsFluSBW25_chrm01_circ_5167041	Pf_BP_2_D784_S95_L001-L004_merged	7	0.3502	0.0084	1.0000
PsFluSBW25_chrm01_circ_5167041	Pf_BP_2_D84_S2_L001-L004_merged	7	0.0000	0.0000	1.0000
PsFluSBW25_chrm01_circ_5318615	PS_Pf_r02_2017_01_09_L001	7	0.0000	0.0000	0.8824
PsFluSBW25_chrm01_circ_5318615	Pf_BP_2_D112_S35_L001-L004_merged	7	0.0000	0.0000	0.8824
PsFluSBW25_chrm01_circ_5318615	Pf_BP_2_D140_S68_L001-L004_merged	7	0.0000	0.0000	0.8824
PsFluSBW25_chrm01_circ_5318615	Pf_BP_2_D168_S14_L001-L004_merged	7	0.0000	0.0000	0.8824
PsFluSBW25_chrm01_circ_5318615	Pf_BP_2_D196_S47_L001-L004_merged	7	0.0000	0.0000	0.8824
PsFluSBW25_chrm01_circ_5318615	Pf_BP_2_D224_S80_L001-L004_merged	7	0.0000	0.0000	0.8824
PsFluSBW25_chrm01_circ_5318615	Pf_BP_2_D252_S26_L001-L004_merged	7	0.0000	0.0000	0.8824
PsFluSBW25_chrm01_circ_5318615	Pf_BP_2_D279_S59_L001-L004_merged	7	0.0000	0.0000	0.8824
PsFluSBW25_chrm01_circ_5318615	Pf_BP_2_D28_S12_L001-L004_merged	7	0.0000	0.0000	0.8824
PsFluSBW25_chrm01_circ_5318615	Pf_BP_2_D310_S5_L001-L004_merged	7	0.0000	0.0000	0.8824
PsFluSBW25_chrm01_circ_5318615	Pf_BP_2_D336_S38_L001-L004_merged	7	0.0000	0.0000	0.8824
PsFluSBW25_chrm01_circ_5318615	Pf_BP_2_D364_S71_L001-L004_merged	7	0.0000	0.0000	0.8824
PsFluSBW25_chrm01_circ_5318615	Pf_BP_2_D392_S101_L001-L004_merged	7	0.0000	0.0000	0.8824
PsFluSBW25_chrm01_circ_5318615	Pf_BP_2_D420_S50_L001-L004_merged	7	0.0000	0.0000	0.8824
PsFluSBW25_chrm01_circ_5318615	Pf_BP_2_D448_S83_L001-L004_merged	7	0.0000	0.0000	0.8824
PsFluSBW25_chrm01_circ_5318615	Pf_BP_2_D476_S62_L001-L004_merged	7	0.0000	0.0000	0.8824
PsFluSBW25_chrm01_circ_5318615	Pf_BP_2_D504_S161_L001-L004_merged	7	0.0000	0.0000	0.8824
PsFluSBW25_chrm01_circ_5318615	Pf_BP_2_D532_S126_L001-L004_merged	7	0.0000	0.0000	0.8824
PsFluSBW25_chrm01_circ_5318615	Pf_BP_2_D56_S56_L001-L004_merged	7	0.0000	0.0000	0.8824
PsFluSBW25_chrm01_circ_5318615	Pf_BP_2_D588_S86_L001-L004_merged	7	0.0125	0.0043	0.8824
PsFluSBW25_chrm01_circ_5318615	Pf_BP_2_D623_S104_L001-L004_merged	7	0.0313	0.0030	0.8824
PsFluSBW25_chrm01_circ_5318615	Pf_BP_2_D644_S152_L001-L004_merged	7	0.0487	0.0041	0.8824
PsFluSBW25_chrm01_circ_5318615	Pf_BP_2_D700_S177_L001-L004_merged	7	0.0320	0.0037	0.8824
PsFluSBW25_chrm01_circ_5318615	Pf_BP_2_D728_S118_L001-L004_merged	7	0.1350	0.0062	0.8824
PsFluSBW25_chrm01_circ_5318615	Pf_BP_2_D756_S154_L001-L004_merged	7	0.2689	0.0086	0.8824
PsFluSBW25_chrm01_circ_5318615	Pf_BP_2_D784_S95_L001-L004_merged	7	0.3502	0.0084	0.8824
PsFluSBW25_chrm01_circ_5318615	Pf_BP_2_D84_S2_L001-L004_merged	7	0.0000	0.0000	0.8824
PsFluSBW25_chrm01_circ_5354380	PS_Pf_r02_2017_01_09_L001	7	0.0000	0.0000	1.0000
PsFluSBW25_chrm01_circ_5354380	Pf_BP_2_D112_S35_L001-L004_merged	7	0.0000	0.0000	1.0000
PsFluSBW25_chrm01_circ_5354380	Pf_BP_2_D140_S68_L001-L004_merged	7	0.0000	0.0000	1.0000
PsFluSBW25_chrm01_circ_5354380	Pf_BP_2_D168_S14_L001-L004_merged	7	0.0000	0.0000	1.0000
PsFluSBW25_chrm01_circ_5354380	Pf_BP_2_D196_S47_L001-L004_merged	7	0.0000	0.0000	1.0000
PsFluSBW25_chrm01_circ_5354380	Pf_BP_2_D224_S80_L001-L004_merged	7	0.0000	0.0000	1.0000
PsFluSBW25_chrm01_circ_5354380	Pf_BP_2_D252_S26_L001-L004_merged	7	0.0000	0.0000	1.0000
PsFluSBW25_chrm01_circ_5354380	Pf_BP_2_D279_S59_L001-L004_merged	7	0.0000	0.0000	1.0000
PsFluSBW25_chrm01_circ_5354380	Pf_BP_2_D28_S12_L001-L004_merged	7	0.0000	0.0000	1.0000
PsFluSBW25_chrm01_circ_5354380	Pf_BP_2_D310_S5_L001-L004_merged	7	0.0000	0.0000	1.0000
PsFluSBW25_chrm01_circ_5354380	Pf_BP_2_D336_S38_L001-L004_merged	7	0.0000	0.0000	1.0000
PsFluSBW25_chrm01_circ_5354380	Pf_BP_2_D364_S71_L001-L004_merged	7	0.0000	0.0000	1.0000
PsFluSBW25_chrm01_circ_5354380	Pf_BP_2_D392_S101_L001-L004_merged	7	0.0000	0.0000	1.0000
PsFluSBW25_chrm01_circ_5354380	Pf_BP_2_D420_S50_L001-L004_merged	7	0.0000	0.0000	1.0000
PsFluSBW25_chrm01_circ_5354380	Pf_BP_2_D448_S83_L001-L004_merged	7	0.0000	0.0000	1.0000
PsFluSBW25_chrm01_circ_5354380	Pf_BP_2_D476_S62_L001-L004_merged	7	0.0000	0.0000	1.0000
PsFluSBW25_chrm01_circ_5354380	Pf_BP_2_D504_S161_L001-L004_merged	7	0.0000	0.0000	1.0000
PsFluSBW25_chrm01_circ_5354380	Pf_BP_2_D532_S126_L001-L004_merged	7	0.0000	0.0000	1.0000
PsFluSBW25_chrm01_circ_5354380	Pf_BP_2_D56_S56_L001-L004_merged	7	0.0000	0.0000	1.0000
PsFluSBW25_chrm01_circ_5354380	Pf_BP_2_D588_S86_L001-L004_merged	7	0.0125	0.0043	1.0000
PsFluSBW25_chrm01_circ_5354380	Pf_BP_2_D623_S104_L001-L004_merged	7	0.0313	0.0030	1.0000
PsFluSBW25_chrm01_circ_5354380	Pf_BP_2_D644_S152_L001-L004_merged	7	0.0487	0.0041	1.0000
PsFluSBW25_chrm01_circ_5354380	Pf_BP_2_D700_S177_L001-L004_merged	7	0.0320	0.0037	1.0000
PsFluSBW25_chrm01_circ_5354380	Pf_BP_2_D728_S118_L001-L004_merged	7	0.1350	0.0062	1.0000
PsFluSBW25_chrm01_circ_5354380	Pf_BP_2_D756_S154_L001-L004_merged	7	0.2689	0.0086	1.0000
PsFluSBW25_chrm01_circ_5354380	Pf_BP_2_D784_S95_L001-L004_merged	7	0.3502	0.0084	1.0000
PsFluSBW25_chrm01_circ_5354380	Pf_BP_2_D84_S2_L001-L004_merged	7	0.0000	0.0000	1.0000
PsFluSBW25_chrm01_circ_5372247	PS_Pf_r02_2017_01_09_L001	7	0.0000	0.0000	1.0000
PsFluSBW25_chrm01_circ_5372247	Pf_BP_2_D112_S35_L001-L004_merged	7	0.0000	0.0000	1.0000
PsFluSBW25_chrm01_circ_5372247	Pf_BP_2_D140_S68_L001-L004_merged	7	0.0000	0.0000	1.0000
PsFluSBW25_chrm01_circ_5372247	Pf_BP_2_D168_S14_L001-L004_merged	7	0.0000	0.0000	1.0000
PsFluSBW25_chrm01_circ_5372247	Pf_BP_2_D196_S47_L001-L004_merged	7	0.0000	0.0000	1.0000
PsFluSBW25_chrm01_circ_5372247	Pf_BP_2_D224_S80_L001-L004_merged	7	0.0000	0.0000	1.0000
PsFluSBW25_chrm01_circ_5372247	Pf_BP_2_D252_S26_L001-L004_merged	7	0.0000	0.0000	1.0000
PsFluSBW25_chrm01_circ_5372247	Pf_BP_2_D279_S59_L001-L004_merged	7	0.0000	0.0000	1.0000
PsFluSBW25_chrm01_circ_5372247	Pf_BP_2_D28_S12_L001-L004_merged	7	0.0000	0.0000	1.0000
PsFluSBW25_chrm01_circ_5372247	Pf_BP_2_D310_S5_L001-L004_merged	7	0.0000	0.0000	1.0000
PsFluSBW25_chrm01_circ_5372247	Pf_BP_2_D336_S38_L001-L004_merged	7	0.0000	0.0000	1.0000
PsFluSBW25_chrm01_circ_5372247	Pf_BP_2_D364_S71_L001-L004_merged	7	0.0000	0.0000	1.0000
PsFluSBW25_chrm01_circ_5372247	Pf_BP_2_D392_S101_L001-L004_merged	7	0.0000	0.0000	1.0000
PsFluSBW25_chrm01_circ_5372247	Pf_BP_2_D420_S50_L001-L004_merged	7	0.0000	0.0000	1.0000
PsFluSBW25_chrm01_circ_5372247	Pf_BP_2_D448_S83_L001-L004_merged	7	0.0000	0.0000	1.0000
PsFluSBW25_chrm01_circ_5372247	Pf_BP_2_D476_S62_L001-L004_merged	7	0.0000	0.0000	1.0000
PsFluSBW25_chrm01_circ_5372247	Pf_BP_2_D504_S161_L001-L004_merged	7	0.0000	0.0000	1.0000
PsFluSBW25_chrm01_circ_5372247	Pf_BP_2_D532_S126_L001-L004_merged	7	0.0000	0.0000	1.0000
PsFluSBW25_chrm01_circ_5372247	Pf_BP_2_D56_S56_L001-L004_merged	7	0.0000	0.0000	1.0000
PsFluSBW25_chrm01_circ_5372247	Pf_BP_2_D588_S86_L001-L004_merged	7	0.0125	0.0043	1.0000
PsFluSBW25_chrm01_circ_5372247	Pf_BP_2_D623_S104_L001-L004_merged	7	0.0313	0.0030	1.0000
PsFluSBW25_chrm01_circ_5372247	Pf_BP_2_D644_S152_L001-L004_merged	7	0.0487	0.0041	1.0000
PsFluSBW25_chrm01_circ_5372247	Pf_BP_2_D700_S177_L001-L004_merged	7	0.0320	0.0037	1.0000
PsFluSBW25_chrm01_circ_5372247	Pf_BP_2_D728_S118_L001-L004_merged	7	0.1350	0.0062	1.0000
PsFluSBW25_chrm01_circ_5372247	Pf_BP_2_D756_S154_L001-L004_merged	7	0.2689	0.0086	1.0000
PsFluSBW25_chrm01_circ_5372247	Pf_BP_2_D784_S95_L001-L004_merged	7	0.3502	0.0084	1.0000
PsFluSBW25_chrm01_circ_5372247	Pf_BP_2_D84_S2_L001-L004_merged	7	0.0000	0.0000	1.0000
PsFluSBW25_chrm01_circ_5373681	PS_Pf_r02_2017_01_09_L001	7	0.0000	0.0000	1.0000
PsFluSBW25_chrm01_circ_5373681	Pf_BP_2_D112_S35_L001-L004_merged	7	0.0000	0.0000	1.0000
PsFluSBW25_chrm01_circ_5373681	Pf_BP_2_D140_S68_L001-L004_merged	7	0.0000	0.0000	1.0000
PsFluSBW25_chrm01_circ_5373681	Pf_BP_2_D168_S14_L001-L004_merged	7	0.0000	0.0000	1.0000
PsFluSBW25_chrm01_circ_5373681	Pf_BP_2_D196_S47_L001-L004_merged	7	0.0000	0.0000	1.0000
PsFluSBW25_chrm01_circ_5373681	Pf_BP_2_D224_S80_L001-L004_merged	7	0.0000	0.0000	1.0000
PsFluSBW25_chrm01_circ_5373681	Pf_BP_2_D252_S26_L001-L004_merged	7	0.0000	0.0000	1.0000
PsFluSBW25_chrm01_circ_5373681	Pf_BP_2_D279_S59_L001-L004_merged	7	0.0000	0.0000	1.0000
PsFluSBW25_chrm01_circ_5373681	Pf_BP_2_D28_S12_L001-L004_merged	7	0.0000	0.0000	1.0000
PsFluSBW25_chrm01_circ_5373681	Pf_BP_2_D310_S5_L001-L004_merged	7	0.0000	0.0000	1.0000
PsFluSBW25_chrm01_circ_5373681	Pf_BP_2_D336_S38_L001-L004_merged	7	0.0000	0.0000	1.0000
PsFluSBW25_chrm01_circ_5373681	Pf_BP_2_D364_S71_L001-L004_merged	7	0.0000	0.0000	1.0000
PsFluSBW25_chrm01_circ_5373681	Pf_BP_2_D392_S101_L001-L004_merged	7	0.0000	0.0000	1.0000
PsFluSBW25_chrm01_circ_5373681	Pf_BP_2_D420_S50_L001-L004_merged	7	0.0000	0.0000	1.0000
PsFluSBW25_chrm01_circ_5373681	Pf_BP_2_D448_S83_L001-L004_merged	7	0.0000	0.0000	1.0000
PsFluSBW25_chrm01_circ_5373681	Pf_BP_2_D476_S62_L001-L004_merged	7	0.0000	0.0000	1.0000
PsFluSBW25_chrm01_circ_5373681	Pf_BP_2_D504_S161_L001-L004_merged	7	0.0000	0.0000	1.0000
PsFluSBW25_chrm01_circ_5373681	Pf_BP_2_D532_S126_L001-L004_merged	7	0.0000	0.0000	1.0000
PsFluSBW25_chrm01_circ_5373681	Pf_BP_2_D56_S56_L001-L004_merged	7	0.0000	0.0000	1.0000
PsFluSBW25_chrm01_circ_5373681	Pf_BP_2_D588_S86_L001-L004_merged	7	0.0125	0.0043	1.0000
PsFluSBW25_chrm01_circ_5373681	Pf_BP_2_D623_S104_L001-L004_merged	7	0.0313	0.0030	1.0000
PsFluSBW25_chrm01_circ_5373681	Pf_BP_2_D644_S152_L001-L004_merged	7	0.0487	0.0041	1.0000
PsFluSBW25_chrm01_circ_5373681	Pf_BP_2_D700_S177_L001-L004_merged	7	0.0320	0.0037	1.0000
PsFluSBW25_chrm01_circ_5373681	Pf_BP_2_D728_S118_L001-L004_merged	7	0.1350	0.0062	1.0000
PsFluSBW25_chrm01_circ_5373681	Pf_BP_2_D756_S154_L001-L004_merged	7	0.2689	0.0086	1.0000
PsFluSBW25_chrm01_circ_5373681	Pf_BP_2_D784_S95_L001-L004_merged	7	0.3502	0.0084	1.0000
PsFluSBW25_chrm01_circ_5373681	Pf_BP_2_D84_S2_L001-L004_merged	7	0.0000	0.0000	1.0000
PsFluSBW25_chrm01_circ_5392148	PS_Pf_r02_2017_01_09_L001	7	0.0000	0.0000	1.0000
PsFluSBW25_chrm01_circ_5392148	Pf_BP_2_D112_S35_L001-L004_merged	7	0.0000	0.0000	1.0000
PsFluSBW25_chrm01_circ_5392148	Pf_BP_2_D140_S68_L001-L004_merged	7	0.0000	0.0000	1.0000
PsFluSBW25_chrm01_circ_5392148	Pf_BP_2_D168_S14_L001-L004_merged	7	0.0000	0.0000	1.0000
PsFluSBW25_chrm01_circ_5392148	Pf_BP_2_D196_S47_L001-L004_merged	7	0.0000	0.0000	1.0000
PsFluSBW25_chrm01_circ_5392148	Pf_BP_2_D224_S80_L001-L004_merged	7	0.0000	0.0000	1.0000
PsFluSBW25_chrm01_circ_5392148	Pf_BP_2_D252_S26_L001-L004_merged	7	0.0000	0.0000	1.0000
PsFluSBW25_chrm01_circ_5392148	Pf_BP_2_D279_S59_L001-L004_merged	7	0.0000	0.0000	1.0000
PsFluSBW25_chrm01_circ_5392148	Pf_BP_2_D28_S12_L001-L004_merged	7	0.0000	0.0000	1.0000
PsFluSBW25_chrm01_circ_5392148	Pf_BP_2_D310_S5_L001-L004_merged	7	0.0000	0.0000	1.0000
PsFluSBW25_chrm01_circ_5392148	Pf_BP_2_D336_S38_L001-L004_merged	7	0.0000	0.0000	1.0000
PsFluSBW25_chrm01_circ_5392148	Pf_BP_2_D364_S71_L001-L004_merged	7	0.0000	0.0000	1.0000
PsFluSBW25_chrm01_circ_5392148	Pf_BP_2_D392_S101_L001-L004_merged	7	0.0000	0.0000	1.0000
PsFluSBW25_chrm01_circ_5392148	Pf_BP_2_D420_S50_L001-L004_merged	7	0.0000	0.0000	1.0000
PsFluSBW25_chrm01_circ_5392148	Pf_BP_2_D448_S83_L001-L004_merged	7	0.0000	0.0000	1.0000
PsFluSBW25_chrm01_circ_5392148	Pf_BP_2_D476_S62_L001-L004_merged	7	0.0000	0.0000	1.0000
PsFluSBW25_chrm01_circ_5392148	Pf_BP_2_D504_S161_L001-L004_merged	7	0.0000	0.0000	1.0000
PsFluSBW25_chrm01_circ_5392148	Pf_BP_2_D532_S126_L001-L004_merged	7	0.0000	0.0000	1.0000
PsFluSBW25_chrm01_circ_5392148	Pf_BP_2_D56_S56_L001-L004_merged	7	0.0000	0.0000	1.0000
PsFluSBW25_chrm01_circ_5392148	Pf_BP_2_D588_S86_L001-L004_merged	7	0.0125	0.0043	1.0000
PsFluSBW25_chrm01_circ_5392148	Pf_BP_2_D623_S104_L001-L004_merged	7	0.0313	0.0030	1.0000
PsFluSBW25_chrm01_circ_5392148	Pf_BP_2_D644_S152_L001-L004_merged	7	0.0487	0.0041	1.0000
PsFluSBW25_chrm01_circ_5392148	Pf_BP_2_D700_S177_L001-L004_merged	7	0.0320	0.0037	1.0000
PsFluSBW25_chrm01_circ_5392148	Pf_BP_2_D728_S118_L001-L004_merged	7	0.1350	0.0062	1.0000
PsFluSBW25_chrm01_circ_5392148	Pf_BP_2_D756_S154_L001-L004_merged	7	0.2689	0.0086	1.0000
PsFluSBW25_chrm01_circ_5392148	Pf_BP_2_D784_S95_L001-L004_merged	7	0.3502	0.0084	1.0000
PsFluSBW25_chrm01_circ_5392148	Pf_BP_2_D84_S2_L001-L004_merged	7	0.0000	0.0000	1.0000
PsFluSBW25_chrm01_circ_5516229	PS_Pf_r02_2017_01_09_L001	7	0.0000	0.0000	1.0000
PsFluSBW25_chrm01_circ_5516229	Pf_BP_2_D112_S35_L001-L004_merged	7	0.0000	0.0000	1.0000
PsFluSBW25_chrm01_circ_5516229	Pf_BP_2_D140_S68_L001-L004_merged	7	0.0000	0.0000	1.0000
PsFluSBW25_chrm01_circ_5516229	Pf_BP_2_D168_S14_L001-L004_merged	7	0.0000	0.0000	1.0000
PsFluSBW25_chrm01_circ_5516229	Pf_BP_2_D196_S47_L001-L004_merged	7	0.0000	0.0000	1.0000
PsFluSBW25_chrm01_circ_5516229	Pf_BP_2_D224_S80_L001-L004_merged	7	0.0000	0.0000	1.0000
PsFluSBW25_chrm01_circ_5516229	Pf_BP_2_D252_S26_L001-L004_merged	7	0.0000	0.0000	1.0000
PsFluSBW25_chrm01_circ_5516229	Pf_BP_2_D279_S59_L001-L004_merged	7	0.0000	0.0000	1.0000
PsFluSBW25_chrm01_circ_5516229	Pf_BP_2_D28_S12_L001-L004_merged	7	0.0000	0.0000	1.0000
PsFluSBW25_chrm01_circ_5516229	Pf_BP_2_D310_S5_L001-L004_merged	7	0.0000	0.0000	1.0000
PsFluSBW25_chrm01_circ_5516229	Pf_BP_2_D336_S38_L001-L004_merged	7	0.0000	0.0000	1.0000
PsFluSBW25_chrm01_circ_5516229	Pf_BP_2_D364_S71_L001-L004_merged	7	0.0000	0.0000	1.0000
PsFluSBW25_chrm01_circ_5516229	Pf_BP_2_D392_S101_L001-L004_merged	7	0.0000	0.0000	1.0000
PsFluSBW25_chrm01_circ_5516229	Pf_BP_2_D420_S50_L001-L004_merged	7	0.0000	0.0000	1.0000
PsFluSBW25_chrm01_circ_5516229	Pf_BP_2_D448_S83_L001-L004_merged	7	0.0000	0.0000	1.0000
PsFluSBW25_chrm01_circ_5516229	Pf_BP_2_D476_S62_L001-L004_merged	7	0.0000	0.0000	1.0000
PsFluSBW25_chrm01_circ_5516229	Pf_BP_2_D504_S161_L001-L004_merged	7	0.0000	0.0000	1.0000
PsFluSBW25_chrm01_circ_5516229	Pf_BP_2_D532_S126_L001-L004_merged	7	0.0000	0.0000	1.0000
PsFluSBW25_chrm01_circ_5516229	Pf_BP_2_D56_S56_L001-L004_merged	7	0.0000	0.0000	1.0000
PsFluSBW25_chrm01_circ_5516229	Pf_BP_2_D588_S86_L001-L004_merged	7	0.0125	0.0043	1.0000
PsFluSBW25_chrm01_circ_5516229	Pf_BP_2_D623_S104_L001-L004_merged	7	0.0313	0.0030	1.0000
PsFluSBW25_chrm01_circ_5516229	Pf_BP_2_D644_S152_L001-L004_merged	7	0.0487	0.0041	1.0000
PsFluSBW25_chrm01_circ_5516229	Pf_BP_2_D700_S177_L001-L004_merged	7	0.0320	0.0037	1.0000
PsFluSBW25_chrm01_circ_5516229	Pf_BP_2_D728_S118_L001-L004_merged	7	0.1350	0.0062	1.0000
PsFluSBW25_chrm01_circ_5516229	Pf_BP_2_D756_S154_L001-L004_merged	7	0.2689	0.0086	1.0000
PsFluSBW25_chrm01_circ_5516229	Pf_BP_2_D784_S95_L001-L004_merged	7	0.3502	0.0084	1.0000
PsFluSBW25_chrm01_circ_5516229	Pf_BP_2_D84_S2_L001-L004_merged	7	0.0000	0.0000	1.0000
PsFluSBW25_chrm01_circ_5625266	PS_Pf_r02_2017_01_09_L001	7	0.0000	0.0000	1.0000
PsFluSBW25_chrm01_circ_5625266	Pf_BP_2_D112_S35_L001-L004_merged	7	0.0000	0.0000	1.0000
PsFluSBW25_chrm01_circ_5625266	Pf_BP_2_D140_S68_L001-L004_merged	7	0.0000	0.0000	1.0000
PsFluSBW25_chrm01_circ_5625266	Pf_BP_2_D168_S14_L001-L004_merged	7	0.0000	0.0000	1.0000
PsFluSBW25_chrm01_circ_5625266	Pf_BP_2_D196_S47_L001-L004_merged	7	0.0000	0.0000	1.0000
PsFluSBW25_chrm01_circ_5625266	Pf_BP_2_D224_S80_L001-L004_merged	7	0.0000	0.0000	1.0000
PsFluSBW25_chrm01_circ_5625266	Pf_BP_2_D252_S26_L001-L004_merged	7	0.0000	0.0000	1.0000
PsFluSBW25_chrm01_circ_5625266	Pf_BP_2_D279_S59_L001-L004_merged	7	0.0000	0.0000	1.0000
PsFluSBW25_chrm01_circ_5625266	Pf_BP_2_D28_S12_L001-L004_merged	7	0.0000	0.0000	1.0000
PsFluSBW25_chrm01_circ_5625266	Pf_BP_2_D310_S5_L001-L004_merged	7	0.0000	0.0000	1.0000
PsFluSBW25_chrm01_circ_5625266	Pf_BP_2_D336_S38_L001-L004_merged	7	0.0000	0.0000	1.0000
PsFluSBW25_chrm01_circ_5625266	Pf_BP_2_D364_S71_L001-L004_merged	7	0.0000	0.0000	1.0000
PsFluSBW25_chrm01_circ_5625266	Pf_BP_2_D392_S101_L001-L004_merged	7	0.0000	0.0000	1.0000
PsFluSBW25_chrm01_circ_5625266	Pf_BP_2_D420_S50_L001-L004_merged	7	0.0000	0.0000	1.0000
PsFluSBW25_chrm01_circ_5625266	Pf_BP_2_D448_S83_L001-L004_merged	7	0.0000	0.0000	1.0000
PsFluSBW25_chrm01_circ_5625266	Pf_BP_2_D476_S62_L001-L004_merged	7	0.0000	0.0000	1.0000
PsFluSBW25_chrm01_circ_5625266	Pf_BP_2_D504_S161_L001-L004_merged	7	0.0000	0.0000	1.0000
PsFluSBW25_chrm01_circ_5625266	Pf_BP_2_D532_S126_L001-L004_merged	7	0.0000	0.0000	1.0000
PsFluSBW25_chrm01_circ_5625266	Pf_BP_2_D56_S56_L001-L004_merged	7	0.0000	0.0000	1.0000
PsFluSBW25_chrm01_circ_5625266	Pf_BP_2_D588_S86_L001-L004_merged	7	0.0125	0.0043	1.0000
PsFluSBW25_chrm01_circ_5625266	Pf_BP_2_D623_S104_L001-L004_merged	7	0.0313	0.0030	1.0000
PsFluSBW25_chrm01_circ_5625266	Pf_BP_2_D644_S152_L001-L004_merged	7	0.0487	0.0041	1.0000
PsFluSBW25_chrm01_circ_5625266	Pf_BP_2_D700_S177_L001-L004_merged	7	0.0320	0.0037	1.0000
PsFluSBW25_chrm01_circ_5625266	Pf_BP_2_D728_S118_L001-L004_merged	7	0.1350	0.0062	1.0000
PsFluSBW25_chrm01_circ_5625266	Pf_BP_2_D756_S154_L001-L004_merged	7	0.2689	0.0086	1.0000
PsFluSBW25_chrm01_circ_5625266	Pf_BP_2_D784_S95_L001-L004_merged	7	0.3502	0.0084	1.0000
PsFluSBW25_chrm01_circ_5625266	Pf_BP_2_D84_S2_L001-L004_merged	7	0.0000	0.0000	1.0000
PsFluSBW25_chrm01_circ_5633798	PS_Pf_r02_2017_01_09_L001	7	0.0000	0.0000	1.0000
PsFluSBW25_chrm01_circ_5633798	Pf_BP_2_D112_S35_L001-L004_merged	7	0.0000	0.0000	1.0000
PsFluSBW25_chrm01_circ_5633798	Pf_BP_2_D140_S68_L001-L004_merged	7	0.0000	0.0000	1.0000
PsFluSBW25_chrm01_circ_5633798	Pf_BP_2_D168_S14_L001-L004_merged	7	0.0000	0.0000	1.0000
PsFluSBW25_chrm01_circ_5633798	Pf_BP_2_D196_S47_L001-L004_merged	7	0.0000	0.0000	1.0000
PsFluSBW25_chrm01_circ_5633798	Pf_BP_2_D224_S80_L001-L004_merged	7	0.0000	0.0000	1.0000
PsFluSBW25_chrm01_circ_5633798	Pf_BP_2_D252_S26_L001-L004_merged	7	0.0000	0.0000	1.0000
PsFluSBW25_chrm01_circ_5633798	Pf_BP_2_D279_S59_L001-L004_merged	7	0.0000	0.0000	1.0000
PsFluSBW25_chrm01_circ_5633798	Pf_BP_2_D28_S12_L001-L004_merged	7	0.0000	0.0000	1.0000
PsFluSBW25_chrm01_circ_5633798	Pf_BP_2_D310_S5_L001-L004_merged	7	0.0000	0.0000	1.0000
PsFluSBW25_chrm01_circ_5633798	Pf_BP_2_D336_S38_L001-L004_merged	7	0.0000	0.0000	1.0000
PsFluSBW25_chrm01_circ_5633798	Pf_BP_2_D364_S71_L001-L004_merged	7	0.0000	0.0000	1.0000
PsFluSBW25_chrm01_circ_5633798	Pf_BP_2_D392_S101_L001-L004_merged	7	0.0000	0.0000	1.0000
PsFluSBW25_chrm01_circ_5633798	Pf_BP_2_D420_S50_L001-L004_merged	7	0.0000	0.0000	1.0000
PsFluSBW25_chrm01_circ_5633798	Pf_BP_2_D448_S83_L001-L004_merged	7	0.0000	0.0000	1.0000
PsFluSBW25_chrm01_circ_5633798	Pf_BP_2_D476_S62_L001-L004_merged	7	0.0000	0.0000	1.0000
PsFluSBW25_chrm01_circ_5633798	Pf_BP_2_D504_S161_L001-L004_merged	7	0.0000	0.0000	1.0000
PsFluSBW25_chrm01_circ_5633798	Pf_BP_2_D532_S126_L001-L004_merged	7	0.0000	0.0000	1.0000
PsFluSBW25_chrm01_circ_5633798	Pf_BP_2_D56_S56_L001-L004_merged	7	0.0000	0.0000	1.0000
PsFluSBW25_chrm01_circ_5633798	Pf_BP_2_D588_S86_L001-L004_merged	7	0.0125	0.0043	1.0000
PsFluSBW25_chrm01_circ_5633798	Pf_BP_2_D623_S104_L001-L004_merged	7	0.0313	0.0030	1.0000
PsFluSBW25_chrm01_circ_5633798	Pf_BP_2_D644_S152_L001-L004_merged	7	0.0487	0.0041	1.0000
PsFluSBW25_chrm01_circ_5633798	Pf_BP_2_D700_S177_L001-L004_merged	7	0.0320	0.0037	1.0000
PsFluSBW25_chrm01_circ_5633798	Pf_BP_2_D728_S118_L001-L004_merged	7	0.1350	0.0062	1.0000
PsFluSBW25_chrm01_circ_5633798	Pf_BP_2_D756_S154_L001-L004_merged	7	0.2689	0.0086	1.0000
PsFluSBW25_chrm01_circ_5633798	Pf_BP_2_D784_S95_L001-L004_merged	7	0.3502	0.0084	1.0000
PsFluSBW25_chrm01_circ_5633798	Pf_BP_2_D84_S2_L001-L004_merged	7	0.0000	0.0000	1.0000
PsFluSBW25_chrm01_circ_5640070	PS_Pf_r02_2017_01_09_L001	7	0.0000	0.0000	1.0000
PsFluSBW25_chrm01_circ_5640070	Pf_BP_2_D112_S35_L001-L004_merged	7	0.0000	0.0000	1.0000
PsFluSBW25_chrm01_circ_5640070	Pf_BP_2_D140_S68_L001-L004_merged	7	0.0000	0.0000	1.0000
PsFluSBW25_chrm01_circ_5640070	Pf_BP_2_D168_S14_L001-L004_merged	7	0.0000	0.0000	1.0000
PsFluSBW25_chrm01_circ_5640070	Pf_BP_2_D196_S47_L001-L004_merged	7	0.0000	0.0000	1.0000
PsFluSBW25_chrm01_circ_5640070	Pf_BP_2_D224_S80_L001-L004_merged	7	0.0000	0.0000	1.0000
PsFluSBW25_chrm01_circ_5640070	Pf_BP_2_D252_S26_L001-L004_merged	7	0.0000	0.0000	1.0000
PsFluSBW25_chrm01_circ_5640070	Pf_BP_2_D279_S59_L001-L004_merged	7	0.0000	0.0000	1.0000
PsFluSBW25_chrm01_circ_5640070	Pf_BP_2_D28_S12_L001-L004_merged	7	0.0000	0.0000	1.0000
PsFluSBW25_chrm01_circ_5640070	Pf_BP_2_D310_S5_L001-L004_merged	7	0.0000	0.0000	1.0000
PsFluSBW25_chrm01_circ_5640070	Pf_BP_2_D336_S38_L001-L004_merged	7	0.0000	0.0000	1.0000
PsFluSBW25_chrm01_circ_5640070	Pf_BP_2_D364_S71_L001-L004_merged	7	0.0000	0.0000	1.0000
PsFluSBW25_chrm01_circ_5640070	Pf_BP_2_D392_S101_L001-L004_merged	7	0.0000	0.0000	1.0000
PsFluSBW25_chrm01_circ_5640070	Pf_BP_2_D420_S50_L001-L004_merged	7	0.0000	0.0000	1.0000
PsFluSBW25_chrm01_circ_5640070	Pf_BP_2_D448_S83_L001-L004_merged	7	0.0000	0.0000	1.0000
PsFluSBW25_chrm01_circ_5640070	Pf_BP_2_D476_S62_L001-L004_merged	7	0.0000	0.0000	1.0000
PsFluSBW25_chrm01_circ_5640070	Pf_BP_2_D504_S161_L001-L004_merged	7	0.0000	0.0000	1.0000
PsFluSBW25_chrm01_circ_5640070	Pf_BP_2_D532_S126_L001-L004_merged	7	0.0000	0.0000	1.0000
PsFluSBW25_chrm01_circ_5640070	Pf_BP_2_D56_S56_L001-L004_merged	7	0.0000	0.0000	1.0000
PsFluSBW25_chrm01_circ_5640070	Pf_BP_2_D588_S86_L001-L004_merged	7	0.0125	0.0043	1.0000
PsFluSBW25_chrm01_circ_5640070	Pf_BP_2_D623_S104_L001-L004_merged	7	0.0313	0.0030	1.0000
PsFluSBW25_chrm01_circ_5640070	Pf_BP_2_D644_S152_L001-L004_merged	7	0.0487	0.0041	1.0000
PsFluSBW25_chrm01_circ_5640070	Pf_BP_2_D700_S177_L001-L004_merged	7	0.0320	0.0037	1.0000
PsFluSBW25_chrm01_circ_5640070	Pf_BP_2_D728_S118_L001-L004_merged	7	0.1350	0.0062	1.0000
PsFluSBW25_chrm01_circ_5640070	Pf_BP_2_D756_S154_L001-L004_merged	7	0.2689	0.0086	1.0000
PsFluSBW25_chrm01_circ_5640070	Pf_BP_2_D784_S95_L001-L004_merged	7	0.3502	0.0084	1.0000
PsFluSBW25_chrm01_circ_5640070	Pf_BP_2_D84_S2_L001-L004_merged	7	0.0000	0.0000	1.0000
PsFluSBW25_chrm01_circ_5681627	PS_Pf_r02_2017_01_09_L001	7	0.0000	0.0000	0.9989
PsFluSBW25_chrm01_circ_5681627	Pf_BP_2_D112_S35_L001-L004_merged	7	0.0000	0.0000	0.9989
PsFluSBW25_chrm01_circ_5681627	Pf_BP_2_D140_S68_L001-L004_merged	7	0.0000	0.0000	0.9989
PsFluSBW25_chrm01_circ_5681627	Pf_BP_2_D168_S14_L001-L004_merged	7	0.0000	0.0000	0.9989
PsFluSBW25_chrm01_circ_5681627	Pf_BP_2_D196_S47_L001-L004_merged	7	0.0000	0.0000	0.9989
PsFluSBW25_chrm01_circ_5681627	Pf_BP_2_D224_S80_L001-L004_merged	7	0.0000	0.0000	0.9989
PsFluSBW25_chrm01_circ_5681627	Pf_BP_2_D252_S26_L001-L004_merged	7	0.0000	0.0000	0.9989
PsFluSBW25_chrm01_circ_5681627	Pf_BP_2_D279_S59_L001-L004_merged	7	0.0000	0.0000	0.9989
PsFluSBW25_chrm01_circ_5681627	Pf_BP_2_D28_S12_L001-L004_merged	7	0.0000	0.0000	0.9989
PsFluSBW25_chrm01_circ_5681627	Pf_BP_2_D310_S5_L001-L004_merged	7	0.0000	0.0000	0.9989
PsFluSBW25_chrm01_circ_5681627	Pf_BP_2_D336_S38_L001-L004_merged	7	0.0000	0.0000	0.9989
PsFluSBW25_chrm01_circ_5681627	Pf_BP_2_D364_S71_L001-L004_merged	7	0.0000	0.0000	0.9989
PsFluSBW25_chrm01_circ_5681627	Pf_BP_2_D392_S101_L001-L004_merged	7	0.0000	0.0000	0.9989
PsFluSBW25_chrm01_circ_5681627	Pf_BP_2_D420_S50_L001-L004_merged	7	0.0000	0.0000	0.9989
PsFluSBW25_chrm01_circ_5681627	Pf_BP_2_D448_S83_L001-L004_merged	7	0.0000	0.0000	0.9989
PsFluSBW25_chrm01_circ_5681627	Pf_BP_2_D476_S62_L001-L004_merged	7	0.0000	0.0000	0.9989
PsFluSBW25_chrm01_circ_5681627	Pf_BP_2_D504_S161_L001-L004_merged	7	0.0000	0.0000	0.9989
PsFluSBW25_chrm01_circ_5681627	Pf_BP_2_D532_S126_L001-L004_merged	7	0.0000	0.0000	0.9989
PsFluSBW25_chrm01_circ_5681627	Pf_BP_2_D56_S56_L001-L004_merged	7	0.0000	0.0000	0.9989
PsFluSBW25_chrm01_circ_5681627	Pf_BP_2_D588_S86_L001-L004_merged	7	0.0125	0.0043	0.9989
PsFluSBW25_chrm01_circ_5681627	Pf_BP_2_D623_S104_L001-L004_merged	7	0.0313	0.0030	0.9989
PsFluSBW25_chrm01_circ_5681627	Pf_BP_2_D644_S152_L001-L004_merged	7	0.0487	0.0041	0.9989
PsFluSBW25_chrm01_circ_5681627	Pf_BP_2_D700_S177_L001-L004_merged	7	0.0320	0.0037	0.9989
PsFluSBW25_chrm01_circ_5681627	Pf_BP_2_D728_S118_L001-L004_merged	7	0.1350	0.0062	0.9989
PsFluSBW25_chrm01_circ_5681627	Pf_BP_2_D756_S154_L001-L004_merged	7	0.2689	0.0086	0.9989
PsFluSBW25_chrm01_circ_5681627	Pf_BP_2_D784_S95_L001-L004_merged	7	0.3502	0.0084	0.9989
PsFluSBW25_chrm01_circ_5681627	Pf_BP_2_D84_S2_L001-L004_merged	7	0.0000	0.0000	0.9989
PsFluSBW25_chrm01_circ_5695197	PS_Pf_r02_2017_01_09_L001	7	0.0000	0.0000	1.0000
PsFluSBW25_chrm01_circ_5695197	Pf_BP_2_D112_S35_L001-L004_merged	7	0.0000	0.0000	1.0000
PsFluSBW25_chrm01_circ_5695197	Pf_BP_2_D140_S68_L001-L004_merged	7	0.0000	0.0000	1.0000
PsFluSBW25_chrm01_circ_5695197	Pf_BP_2_D168_S14_L001-L004_merged	7	0.0000	0.0000	1.0000
PsFluSBW25_chrm01_circ_5695197	Pf_BP_2_D196_S47_L001-L004_merged	7	0.0000	0.0000	1.0000
PsFluSBW25_chrm01_circ_5695197	Pf_BP_2_D224_S80_L001-L004_merged	7	0.0000	0.0000	1.0000
PsFluSBW25_chrm01_circ_5695197	Pf_BP_2_D252_S26_L001-L004_merged	7	0.0000	0.0000	1.0000
PsFluSBW25_chrm01_circ_5695197	Pf_BP_2_D279_S59_L001-L004_merged	7	0.0000	0.0000	1.0000
PsFluSBW25_chrm01_circ_5695197	Pf_BP_2_D28_S12_L001-L004_merged	7	0.0000	0.0000	1.0000
PsFluSBW25_chrm01_circ_5695197	Pf_BP_2_D310_S5_L001-L004_merged	7	0.0000	0.0000	1.0000
PsFluSBW25_chrm01_circ_5695197	Pf_BP_2_D336_S38_L001-L004_merged	7	0.0000	0.0000	1.0000
PsFluSBW25_chrm01_circ_5695197	Pf_BP_2_D364_S71_L001-L004_merged	7	0.0000	0.0000	1.0000
PsFluSBW25_chrm01_circ_5695197	Pf_BP_2_D392_S101_L001-L004_merged	7	0.0000	0.0000	1.0000
PsFluSBW25_chrm01_circ_5695197	Pf_BP_2_D420_S50_L001-L004_merged	7	0.0000	0.0000	1.0000
PsFluSBW25_chrm01_circ_5695197	Pf_BP_2_D448_S83_L001-L004_merged	7	0.0000	0.0000	1.0000
PsFluSBW25_chrm01_circ_5695197	Pf_BP_2_D476_S62_L001-L004_merged	7	0.0000	0.0000	1.0000
PsFluSBW25_chrm01_circ_5695197	Pf_BP_2_D504_S161_L001-L004_merged	7	0.0000	0.0000	1.0000
PsFluSBW25_chrm01_circ_5695197	Pf_BP_2_D532_S126_L001-L004_merged	7	0.0000	0.0000	1.0000
PsFluSBW25_chrm01_circ_5695197	Pf_BP_2_D56_S56_L001-L004_merged	7	0.0000	0.0000	1.0000
PsFluSBW25_chrm01_circ_5695197	Pf_BP_2_D588_S86_L001-L004_merged	7	0.0125	0.0043	1.0000
PsFluSBW25_chrm01_circ_5695197	Pf_BP_2_D623_S104_L001-L004_merged	7	0.0313	0.0030	1.0000
PsFluSBW25_chrm01_circ_5695197	Pf_BP_2_D644_S152_L001-L004_merged	7	0.0487	0.0041	1.0000
PsFluSBW25_chrm01_circ_5695197	Pf_BP_2_D700_S177_L001-L004_merged	7	0.0320	0.0037	1.0000
PsFluSBW25_chrm01_circ_5695197	Pf_BP_2_D728_S118_L001-L004_merged	7	0.1350	0.0062	1.0000
PsFluSBW25_chrm01_circ_5695197	Pf_BP_2_D756_S154_L001-L004_merged	7	0.2689	0.0086	1.0000
PsFluSBW25_chrm01_circ_5695197	Pf_BP_2_D784_S95_L001-L004_merged	7	0.3502	0.0084	1.0000
PsFluSBW25_chrm01_circ_5695197	Pf_BP_2_D84_S2_L001-L004_merged	7	0.0000	0.0000	1.0000
PsFluSBW25_chrm01_circ_5706769	PS_Pf_r02_2017_01_09_L001	7	0.0000	0.0000	1.0000
PsFluSBW25_chrm01_circ_5706769	Pf_BP_2_D112_S35_L001-L004_merged	7	0.0000	0.0000	1.0000
PsFluSBW25_chrm01_circ_5706769	Pf_BP_2_D140_S68_L001-L004_merged	7	0.0000	0.0000	1.0000
PsFluSBW25_chrm01_circ_5706769	Pf_BP_2_D168_S14_L001-L004_merged	7	0.0000	0.0000	1.0000
PsFluSBW25_chrm01_circ_5706769	Pf_BP_2_D196_S47_L001-L004_merged	7	0.0000	0.0000	1.0000
PsFluSBW25_chrm01_circ_5706769	Pf_BP_2_D224_S80_L001-L004_merged	7	0.0000	0.0000	1.0000
PsFluSBW25_chrm01_circ_5706769	Pf_BP_2_D252_S26_L001-L004_merged	7	0.0000	0.0000	1.0000
PsFluSBW25_chrm01_circ_5706769	Pf_BP_2_D279_S59_L001-L004_merged	7	0.0000	0.0000	1.0000
PsFluSBW25_chrm01_circ_5706769	Pf_BP_2_D28_S12_L001-L004_merged	7	0.0000	0.0000	1.0000
PsFluSBW25_chrm01_circ_5706769	Pf_BP_2_D310_S5_L001-L004_merged	7	0.0000	0.0000	1.0000
PsFluSBW25_chrm01_circ_5706769	Pf_BP_2_D336_S38_L001-L004_merged	7	0.0000	0.0000	1.0000
PsFluSBW25_chrm01_circ_5706769	Pf_BP_2_D364_S71_L001-L004_merged	7	0.0000	0.0000	1.0000
PsFluSBW25_chrm01_circ_5706769	Pf_BP_2_D392_S101_L001-L004_merged	7	0.0000	0.0000	1.0000
PsFluSBW25_chrm01_circ_5706769	Pf_BP_2_D420_S50_L001-L004_merged	7	0.0000	0.0000	1.0000
PsFluSBW25_chrm01_circ_5706769	Pf_BP_2_D448_S83_L001-L004_merged	7	0.0000	0.0000	1.0000
PsFluSBW25_chrm01_circ_5706769	Pf_BP_2_D476_S62_L001-L004_merged	7	0.0000	0.0000	1.0000
PsFluSBW25_chrm01_circ_5706769	Pf_BP_2_D504_S161_L001-L004_merged	7	0.0000	0.0000	1.0000
PsFluSBW25_chrm01_circ_5706769	Pf_BP_2_D532_S126_L001-L004_merged	7	0.0000	0.0000	1.0000
PsFluSBW25_chrm01_circ_5706769	Pf_BP_2_D56_S56_L001-L004_merged	7	0.0000	0.0000	1.0000
PsFluSBW25_chrm01_circ_5706769	Pf_BP_2_D588_S86_L001-L004_merged	7	0.0125	0.0043	1.0000
PsFluSBW25_chrm01_circ_5706769	Pf_BP_2_D623_S104_L001-L004_merged	7	0.0313	0.0030	1.0000
PsFluSBW25_chrm01_circ_5706769	Pf_BP_2_D644_S152_L001-L004_merged	7	0.0487	0.0041	1.0000
PsFluSBW25_chrm01_circ_5706769	Pf_BP_2_D700_S177_L001-L004_merged	7	0.0320	0.0037	1.0000
PsFluSBW25_chrm01_circ_5706769	Pf_BP_2_D728_S118_L001-L004_merged	7	0.1350	0.0062	1.0000
PsFluSBW25_chrm01_circ_5706769	Pf_BP_2_D756_S154_L001-L004_merged	7	0.2689	0.0086	1.0000
PsFluSBW25_chrm01_circ_5706769	Pf_BP_2_D784_S95_L001-L004_merged	7	0.3502	0.0084	1.0000
PsFluSBW25_chrm01_circ_5706769	Pf_BP_2_D84_S2_L001-L004_merged	7	0.0000	0.0000	1.0000
PsFluSBW25_chrm01_circ_5707318	PS_Pf_r02_2017_01_09_L001	7	0.0000	0.0000	1.0000
PsFluSBW25_chrm01_circ_5707318	Pf_BP_2_D112_S35_L001-L004_merged	7	0.0000	0.0000	1.0000
PsFluSBW25_chrm01_circ_5707318	Pf_BP_2_D140_S68_L001-L004_merged	7	0.0000	0.0000	1.0000
PsFluSBW25_chrm01_circ_5707318	Pf_BP_2_D168_S14_L001-L004_merged	7	0.0000	0.0000	1.0000
PsFluSBW25_chrm01_circ_5707318	Pf_BP_2_D196_S47_L001-L004_merged	7	0.0000	0.0000	1.0000
PsFluSBW25_chrm01_circ_5707318	Pf_BP_2_D224_S80_L001-L004_merged	7	0.0000	0.0000	1.0000
PsFluSBW25_chrm01_circ_5707318	Pf_BP_2_D252_S26_L001-L004_merged	7	0.0000	0.0000	1.0000
PsFluSBW25_chrm01_circ_5707318	Pf_BP_2_D279_S59_L001-L004_merged	7	0.0000	0.0000	1.0000
PsFluSBW25_chrm01_circ_5707318	Pf_BP_2_D28_S12_L001-L004_merged	7	0.0000	0.0000	1.0000
PsFluSBW25_chrm01_circ_5707318	Pf_BP_2_D310_S5_L001-L004_merged	7	0.0000	0.0000	1.0000
PsFluSBW25_chrm01_circ_5707318	Pf_BP_2_D336_S38_L001-L004_merged	7	0.0000	0.0000	1.0000
PsFluSBW25_chrm01_circ_5707318	Pf_BP_2_D364_S71_L001-L004_merged	7	0.0000	0.0000	1.0000
PsFluSBW25_chrm01_circ_5707318	Pf_BP_2_D392_S101_L001-L004_merged	7	0.0000	0.0000	1.0000
PsFluSBW25_chrm01_circ_5707318	Pf_BP_2_D420_S50_L001-L004_merged	7	0.0000	0.0000	1.0000
PsFluSBW25_chrm01_circ_5707318	Pf_BP_2_D448_S83_L001-L004_merged	7	0.0000	0.0000	1.0000
PsFluSBW25_chrm01_circ_5707318	Pf_BP_2_D476_S62_L001-L004_merged	7	0.0000	0.0000	1.0000
PsFluSBW25_chrm01_circ_5707318	Pf_BP_2_D504_S161_L001-L004_merged	7	0.0000	0.0000	1.0000
PsFluSBW25_chrm01_circ_5707318	Pf_BP_2_D532_S126_L001-L004_merged	7	0.0000	0.0000	1.0000
PsFluSBW25_chrm01_circ_5707318	Pf_BP_2_D56_S56_L001-L004_merged	7	0.0000	0.0000	1.0000
PsFluSBW25_chrm01_circ_5707318	Pf_BP_2_D588_S86_L001-L004_merged	7	0.0125	0.0043	1.0000
PsFluSBW25_chrm01_circ_5707318	Pf_BP_2_D623_S104_L001-L004_merged	7	0.0313	0.0030	1.0000
PsFluSBW25_chrm01_circ_5707318	Pf_BP_2_D644_S152_L001-L004_merged	7	0.0487	0.0041	1.0000
PsFluSBW25_chrm01_circ_5707318	Pf_BP_2_D700_S177_L001-L004_merged	7	0.0320	0.0037	1.0000
PsFluSBW25_chrm01_circ_5707318	Pf_BP_2_D728_S118_L001-L004_merged	7	0.1350	0.0062	1.0000
PsFluSBW25_chrm01_circ_5707318	Pf_BP_2_D756_S154_L001-L004_merged	7	0.2689	0.0086	1.0000
PsFluSBW25_chrm01_circ_5707318	Pf_BP_2_D784_S95_L001-L004_merged	7	0.3502	0.0084	1.0000
PsFluSBW25_chrm01_circ_5707318	Pf_BP_2_D84_S2_L001-L004_merged	7	0.0000	0.0000	1.0000
PsFluSBW25_chrm01_circ_5775212	PS_Pf_r02_2017_01_09_L001	7	0.0000	0.0000	1.0000
PsFluSBW25_chrm01_circ_5775212	Pf_BP_2_D112_S35_L001-L004_merged	7	0.0000	0.0000	1.0000
PsFluSBW25_chrm01_circ_5775212	Pf_BP_2_D140_S68_L001-L004_merged	7	0.0000	0.0000	1.0000
PsFluSBW25_chrm01_circ_5775212	Pf_BP_2_D168_S14_L001-L004_merged	7	0.0000	0.0000	1.0000
PsFluSBW25_chrm01_circ_5775212	Pf_BP_2_D196_S47_L001-L004_merged	7	0.0000	0.0000	1.0000
PsFluSBW25_chrm01_circ_5775212	Pf_BP_2_D224_S80_L001-L004_merged	7	0.0000	0.0000	1.0000
PsFluSBW25_chrm01_circ_5775212	Pf_BP_2_D252_S26_L001-L004_merged	7	0.0000	0.0000	1.0000
PsFluSBW25_chrm01_circ_5775212	Pf_BP_2_D279_S59_L001-L004_merged	7	0.0000	0.0000	1.0000
PsFluSBW25_chrm01_circ_5775212	Pf_BP_2_D28_S12_L001-L004_merged	7	0.0000	0.0000	1.0000
PsFluSBW25_chrm01_circ_5775212	Pf_BP_2_D310_S5_L001-L004_merged	7	0.0000	0.0000	1.0000
PsFluSBW25_chrm01_circ_5775212	Pf_BP_2_D336_S38_L001-L004_merged	7	0.0000	0.0000	1.0000
PsFluSBW25_chrm01_circ_5775212	Pf_BP_2_D364_S71_L001-L004_merged	7	0.0000	0.0000	1.0000
PsFluSBW25_chrm01_circ_5775212	Pf_BP_2_D392_S101_L001-L004_merged	7	0.0000	0.0000	1.0000
PsFluSBW25_chrm01_circ_5775212	Pf_BP_2_D420_S50_L001-L004_merged	7	0.0000	0.0000	1.0000
PsFluSBW25_chrm01_circ_5775212	Pf_BP_2_D448_S83_L001-L004_merged	7	0.0000	0.0000	1.0000
PsFluSBW25_chrm01_circ_5775212	Pf_BP_2_D476_S62_L001-L004_merged	7	0.0000	0.0000	1.0000
PsFluSBW25_chrm01_circ_5775212	Pf_BP_2_D504_S161_L001-L004_merged	7	0.0000	0.0000	1.0000
PsFluSBW25_chrm01_circ_5775212	Pf_BP_2_D532_S126_L001-L004_merged	7	0.0000	0.0000	1.0000
PsFluSBW25_chrm01_circ_5775212	Pf_BP_2_D56_S56_L001-L004_merged	7	0.0000	0.0000	1.0000
PsFluSBW25_chrm01_circ_5775212	Pf_BP_2_D588_S86_L001-L004_merged	7	0.0125	0.0043	1.0000
PsFluSBW25_chrm01_circ_5775212	Pf_BP_2_D623_S104_L001-L004_merged	7	0.0313	0.0030	1.0000
PsFluSBW25_chrm01_circ_5775212	Pf_BP_2_D644_S152_L001-L004_merged	7	0.0487	0.0041	1.0000
PsFluSBW25_chrm01_circ_5775212	Pf_BP_2_D700_S177_L001-L004_merged	7	0.0320	0.0037	1.0000
PsFluSBW25_chrm01_circ_5775212	Pf_BP_2_D728_S118_L001-L004_merged	7	0.1350	0.0062	1.0000
PsFluSBW25_chrm01_circ_5775212	Pf_BP_2_D756_S154_L001-L004_merged	7	0.2689	0.0086	1.0000
PsFluSBW25_chrm01_circ_5775212	Pf_BP_2_D784_S95_L001-L004_merged	7	0.3502	0.0084	1.0000
PsFluSBW25_chrm01_circ_5775212	Pf_BP_2_D84_S2_L001-L004_merged	7	0.0000	0.0000	1.0000
PsFluSBW25_chrm01_circ_5799584	PS_Pf_r02_2017_01_09_L001	7	0.0000	0.0000	1.0000
PsFluSBW25_chrm01_circ_5799584	Pf_BP_2_D112_S35_L001-L004_merged	7	0.0000	0.0000	1.0000
PsFluSBW25_chrm01_circ_5799584	Pf_BP_2_D140_S68_L001-L004_merged	7	0.0000	0.0000	1.0000
PsFluSBW25_chrm01_circ_5799584	Pf_BP_2_D168_S14_L001-L004_merged	7	0.0000	0.0000	1.0000
PsFluSBW25_chrm01_circ_5799584	Pf_BP_2_D196_S47_L001-L004_merged	7	0.0000	0.0000	1.0000
PsFluSBW25_chrm01_circ_5799584	Pf_BP_2_D224_S80_L001-L004_merged	7	0.0000	0.0000	1.0000
PsFluSBW25_chrm01_circ_5799584	Pf_BP_2_D252_S26_L001-L004_merged	7	0.0000	0.0000	1.0000
PsFluSBW25_chrm01_circ_5799584	Pf_BP_2_D279_S59_L001-L004_merged	7	0.0000	0.0000	1.0000
PsFluSBW25_chrm01_circ_5799584	Pf_BP_2_D28_S12_L001-L004_merged	7	0.0000	0.0000	1.0000
PsFluSBW25_chrm01_circ_5799584	Pf_BP_2_D310_S5_L001-L004_merged	7	0.0000	0.0000	1.0000
PsFluSBW25_chrm01_circ_5799584	Pf_BP_2_D336_S38_L001-L004_merged	7	0.0000	0.0000	1.0000
PsFluSBW25_chrm01_circ_5799584	Pf_BP_2_D364_S71_L001-L004_merged	7	0.0000	0.0000	1.0000
PsFluSBW25_chrm01_circ_5799584	Pf_BP_2_D392_S101_L001-L004_merged	7	0.0000	0.0000	1.0000
PsFluSBW25_chrm01_circ_5799584	Pf_BP_2_D420_S50_L001-L004_merged	7	0.0000	0.0000	1.0000
PsFluSBW25_chrm01_circ_5799584	Pf_BP_2_D448_S83_L001-L004_merged	7	0.0000	0.0000	1.0000
PsFluSBW25_chrm01_circ_5799584	Pf_BP_2_D476_S62_L001-L004_merged	7	0.0000	0.0000	1.0000
PsFluSBW25_chrm01_circ_5799584	Pf_BP_2_D504_S161_L001-L004_merged	7	0.0000	0.0000	1.0000
PsFluSBW25_chrm01_circ_5799584	Pf_BP_2_D532_S126_L001-L004_merged	7	0.0000	0.0000	1.0000
PsFluSBW25_chrm01_circ_5799584	Pf_BP_2_D56_S56_L001-L004_merged	7	0.0000	0.0000	1.0000
PsFluSBW25_chrm01_circ_5799584	Pf_BP_2_D588_S86_L001-L004_merged	7	0.0125	0.0043	1.0000
PsFluSBW25_chrm01_circ_5799584	Pf_BP_2_D623_S104_L001-L004_merged	7	0.0313	0.0030	1.0000
PsFluSBW25_chrm01_circ_5799584	Pf_BP_2_D644_S152_L001-L004_merged	7	0.0487	0.0041	1.0000
PsFluSBW25_chrm01_circ_5799584	Pf_BP_2_D700_S177_L001-L004_merged	7	0.0320	0.0037	1.0000
PsFluSBW25_chrm01_circ_5799584	Pf_BP_2_D728_S118_L001-L004_merged	7	0.1350	0.0062	1.0000
PsFluSBW25_chrm01_circ_5799584	Pf_BP_2_D756_S154_L001-L004_merged	7	0.2689	0.0086	1.0000
PsFluSBW25_chrm01_circ_5799584	Pf_BP_2_D784_S95_L001-L004_merged	7	0.3502	0.0084	1.0000
PsFluSBW25_chrm01_circ_5799584	Pf_BP_2_D84_S2_L001-L004_merged	7	0.0000	0.0000	1.0000
PsFluSBW25_chrm01_circ_5843149	PS_Pf_r02_2017_01_09_L001	7	0.0000	0.0000	1.0000
PsFluSBW25_chrm01_circ_5843149	Pf_BP_2_D112_S35_L001-L004_merged	7	0.0000	0.0000	1.0000
PsFluSBW25_chrm01_circ_5843149	Pf_BP_2_D140_S68_L001-L004_merged	7	0.0000	0.0000	1.0000
PsFluSBW25_chrm01_circ_5843149	Pf_BP_2_D168_S14_L001-L004_merged	7	0.0000	0.0000	1.0000
PsFluSBW25_chrm01_circ_5843149	Pf_BP_2_D196_S47_L001-L004_merged	7	0.0000	0.0000	1.0000
PsFluSBW25_chrm01_circ_5843149	Pf_BP_2_D224_S80_L001-L004_merged	7	0.0000	0.0000	1.0000
PsFluSBW25_chrm01_circ_5843149	Pf_BP_2_D252_S26_L001-L004_merged	7	0.0000	0.0000	1.0000
PsFluSBW25_chrm01_circ_5843149	Pf_BP_2_D279_S59_L001-L004_merged	7	0.0000	0.0000	1.0000
PsFluSBW25_chrm01_circ_5843149	Pf_BP_2_D28_S12_L001-L004_merged	7	0.0000	0.0000	1.0000
PsFluSBW25_chrm01_circ_5843149	Pf_BP_2_D310_S5_L001-L004_merged	7	0.0000	0.0000	1.0000
PsFluSBW25_chrm01_circ_5843149	Pf_BP_2_D336_S38_L001-L004_merged	7	0.0000	0.0000	1.0000
PsFluSBW25_chrm01_circ_5843149	Pf_BP_2_D364_S71_L001-L004_merged	7	0.0000	0.0000	1.0000
PsFluSBW25_chrm01_circ_5843149	Pf_BP_2_D392_S101_L001-L004_merged	7	0.0000	0.0000	1.0000
PsFluSBW25_chrm01_circ_5843149	Pf_BP_2_D420_S50_L001-L004_merged	7	0.0000	0.0000	1.0000
PsFluSBW25_chrm01_circ_5843149	Pf_BP_2_D448_S83_L001-L004_merged	7	0.0000	0.0000	1.0000
PsFluSBW25_chrm01_circ_5843149	Pf_BP_2_D476_S62_L001-L004_merged	7	0.0000	0.0000	1.0000
PsFluSBW25_chrm01_circ_5843149	Pf_BP_2_D504_S161_L001-L004_merged	7	0.0000	0.0000	1.0000
PsFluSBW25_chrm01_circ_5843149	Pf_BP_2_D532_S126_L001-L004_merged	7	0.0000	0.0000	1.0000
PsFluSBW25_chrm01_circ_5843149	Pf_BP_2_D56_S56_L001-L004_merged	7	0.0000	0.0000	1.0000
PsFluSBW25_chrm01_circ_5843149	Pf_BP_2_D588_S86_L001-L004_merged	7	0.0125	0.0043	1.0000
PsFluSBW25_chrm01_circ_5843149	Pf_BP_2_D623_S104_L001-L004_merged	7	0.0313	0.0030	1.0000
PsFluSBW25_chrm01_circ_5843149	Pf_BP_2_D644_S152_L001-L004_merged	7	0.0487	0.0041	1.0000
PsFluSBW25_chrm01_circ_5843149	Pf_BP_2_D700_S177_L001-L004_merged	7	0.0320	0.0037	1.0000
PsFluSBW25_chrm01_circ_5843149	Pf_BP_2_D728_S118_L001-L004_merged	7	0.1350	0.0062	1.0000
PsFluSBW25_chrm01_circ_5843149	Pf_BP_2_D756_S154_L001-L004_merged	7	0.2689	0.0086	1.0000
PsFluSBW25_chrm01_circ_5843149	Pf_BP_2_D784_S95_L001-L004_merged	7	0.3502	0.0084	1.0000
PsFluSBW25_chrm01_circ_5843149	Pf_BP_2_D84_S2_L001-L004_merged	7	0.0000	0.0000	1.0000
PsFluSBW25_chrm01_circ_5843800	PS_Pf_r02_2017_01_09_L001	7	0.0000	0.0000	1.0000
PsFluSBW25_chrm01_circ_5843800	Pf_BP_2_D112_S35_L001-L004_merged	7	0.0000	0.0000	1.0000
PsFluSBW25_chrm01_circ_5843800	Pf_BP_2_D140_S68_L001-L004_merged	7	0.0000	0.0000	1.0000
PsFluSBW25_chrm01_circ_5843800	Pf_BP_2_D168_S14_L001-L004_merged	7	0.0000	0.0000	1.0000
PsFluSBW25_chrm01_circ_5843800	Pf_BP_2_D196_S47_L001-L004_merged	7	0.0000	0.0000	1.0000
PsFluSBW25_chrm01_circ_5843800	Pf_BP_2_D224_S80_L001-L004_merged	7	0.0000	0.0000	1.0000
PsFluSBW25_chrm01_circ_5843800	Pf_BP_2_D252_S26_L001-L004_merged	7	0.0000	0.0000	1.0000
PsFluSBW25_chrm01_circ_5843800	Pf_BP_2_D279_S59_L001-L004_merged	7	0.0000	0.0000	1.0000
PsFluSBW25_chrm01_circ_5843800	Pf_BP_2_D28_S12_L001-L004_merged	7	0.0000	0.0000	1.0000
PsFluSBW25_chrm01_circ_5843800	Pf_BP_2_D310_S5_L001-L004_merged	7	0.0000	0.0000	1.0000
PsFluSBW25_chrm01_circ_5843800	Pf_BP_2_D336_S38_L001-L004_merged	7	0.0000	0.0000	1.0000
PsFluSBW25_chrm01_circ_5843800	Pf_BP_2_D364_S71_L001-L004_merged	7	0.0000	0.0000	1.0000
PsFluSBW25_chrm01_circ_5843800	Pf_BP_2_D392_S101_L001-L004_merged	7	0.0000	0.0000	1.0000
PsFluSBW25_chrm01_circ_5843800	Pf_BP_2_D420_S50_L001-L004_merged	7	0.0000	0.0000	1.0000
PsFluSBW25_chrm01_circ_5843800	Pf_BP_2_D448_S83_L001-L004_merged	7	0.0000	0.0000	1.0000
PsFluSBW25_chrm01_circ_5843800	Pf_BP_2_D476_S62_L001-L004_merged	7	0.0000	0.0000	1.0000
PsFluSBW25_chrm01_circ_5843800	Pf_BP_2_D504_S161_L001-L004_merged	7	0.0000	0.0000	1.0000
PsFluSBW25_chrm01_circ_5843800	Pf_BP_2_D532_S126_L001-L004_merged	7	0.0000	0.0000	1.0000
PsFluSBW25_chrm01_circ_5843800	Pf_BP_2_D56_S56_L001-L004_merged	7	0.0000	0.0000	1.0000
PsFluSBW25_chrm01_circ_5843800	Pf_BP_2_D588_S86_L001-L004_merged	7	0.0125	0.0043	1.0000
PsFluSBW25_chrm01_circ_5843800	Pf_BP_2_D623_S104_L001-L004_merged	7	0.0313	0.0030	1.0000
PsFluSBW25_chrm01_circ_5843800	Pf_BP_2_D644_S152_L001-L004_merged	7	0.0487	0.0041	1.0000
PsFluSBW25_chrm01_circ_5843800	Pf_BP_2_D700_S177_L001-L004_merged	7	0.0320	0.0037	1.0000
PsFluSBW25_chrm01_circ_5843800	Pf_BP_2_D728_S118_L001-L004_merged	7	0.1350	0.0062	1.0000
PsFluSBW25_chrm01_circ_5843800	Pf_BP_2_D756_S154_L001-L004_merged	7	0.2689	0.0086	1.0000
PsFluSBW25_chrm01_circ_5843800	Pf_BP_2_D784_S95_L001-L004_merged	7	0.3502	0.0084	1.0000
PsFluSBW25_chrm01_circ_5843800	Pf_BP_2_D84_S2_L001-L004_merged	7	0.0000	0.0000	1.0000
PsFluSBW25_chrm01_circ_5914765	PS_Pf_r02_2017_01_09_L001	7	0.0000	0.0000	0.5652
PsFluSBW25_chrm01_circ_5914765	Pf_BP_2_D112_S35_L001-L004_merged	7	0.0000	0.0000	0.5652
PsFluSBW25_chrm01_circ_5914765	Pf_BP_2_D140_S68_L001-L004_merged	7	0.0000	0.0000	0.5652
PsFluSBW25_chrm01_circ_5914765	Pf_BP_2_D168_S14_L001-L004_merged	7	0.0000	0.0000	0.5652
PsFluSBW25_chrm01_circ_5914765	Pf_BP_2_D196_S47_L001-L004_merged	7	0.0000	0.0000	0.5652
PsFluSBW25_chrm01_circ_5914765	Pf_BP_2_D224_S80_L001-L004_merged	7	0.0000	0.0000	0.5652
PsFluSBW25_chrm01_circ_5914765	Pf_BP_2_D252_S26_L001-L004_merged	7	0.0000	0.0000	0.5652
PsFluSBW25_chrm01_circ_5914765	Pf_BP_2_D279_S59_L001-L004_merged	7	0.0000	0.0000	0.5652
PsFluSBW25_chrm01_circ_5914765	Pf_BP_2_D28_S12_L001-L004_merged	7	0.0000	0.0000	0.5652
PsFluSBW25_chrm01_circ_5914765	Pf_BP_2_D310_S5_L001-L004_merged	7	0.0000	0.0000	0.5652
PsFluSBW25_chrm01_circ_5914765	Pf_BP_2_D336_S38_L001-L004_merged	7	0.0000	0.0000	0.5652
PsFluSBW25_chrm01_circ_5914765	Pf_BP_2_D364_S71_L001-L004_merged	7	0.0000	0.0000	0.5652
PsFluSBW25_chrm01_circ_5914765	Pf_BP_2_D392_S101_L001-L004_merged	7	0.0000	0.0000	0.5652
PsFluSBW25_chrm01_circ_5914765	Pf_BP_2_D420_S50_L001-L004_merged	7	0.0000	0.0000	0.5652
PsFluSBW25_chrm01_circ_5914765	Pf_BP_2_D448_S83_L001-L004_merged	7	0.0000	0.0000	0.5652
PsFluSBW25_chrm01_circ_5914765	Pf_BP_2_D476_S62_L001-L004_merged	7	0.0000	0.0000	0.5652
PsFluSBW25_chrm01_circ_5914765	Pf_BP_2_D504_S161_L001-L004_merged	7	0.0000	0.0000	0.5652
PsFluSBW25_chrm01_circ_5914765	Pf_BP_2_D532_S126_L001-L004_merged	7	0.0000	0.0000	0.5652
PsFluSBW25_chrm01_circ_5914765	Pf_BP_2_D56_S56_L001-L004_merged	7	0.0000	0.0000	0.5652
PsFluSBW25_chrm01_circ_5914765	Pf_BP_2_D588_S86_L001-L004_merged	7	0.0125	0.0043	0.5652
PsFluSBW25_chrm01_circ_5914765	Pf_BP_2_D623_S104_L001-L004_merged	7	0.0313	0.0030	0.5652
PsFluSBW25_chrm01_circ_5914765	Pf_BP_2_D644_S152_L001-L004_merged	7	0.0487	0.0041	0.5652
PsFluSBW25_chrm01_circ_5914765	Pf_BP_2_D700_S177_L001-L004_merged	7	0.0320	0.0037	0.5652
PsFluSBW25_chrm01_circ_5914765	Pf_BP_2_D728_S118_L001-L004_merged	7	0.1350	0.0062	0.5652
PsFluSBW25_chrm01_circ_5914765	Pf_BP_2_D756_S154_L001-L004_merged	7	0.2689	0.0086	0.5652
PsFluSBW25_chrm01_circ_5914765	Pf_BP_2_D784_S95_L001-L004_merged	7	0.3502	0.0084	0.5652
PsFluSBW25_chrm01_circ_5914765	Pf_BP_2_D84_S2_L001-L004_merged	7	0.0000	0.0000	0.5652
PsFluSBW25_chrm01_circ_5936231	PS_Pf_r02_2017_01_09_L001	7	0.0000	0.0000	1.0000
PsFluSBW25_chrm01_circ_5936231	Pf_BP_2_D112_S35_L001-L004_merged	7	0.0000	0.0000	1.0000
PsFluSBW25_chrm01_circ_5936231	Pf_BP_2_D140_S68_L001-L004_merged	7	0.0000	0.0000	1.0000
PsFluSBW25_chrm01_circ_5936231	Pf_BP_2_D168_S14_L001-L004_merged	7	0.0000	0.0000	1.0000
PsFluSBW25_chrm01_circ_5936231	Pf_BP_2_D196_S47_L001-L004_merged	7	0.0000	0.0000	1.0000
PsFluSBW25_chrm01_circ_5936231	Pf_BP_2_D224_S80_L001-L004_merged	7	0.0000	0.0000	1.0000
PsFluSBW25_chrm01_circ_5936231	Pf_BP_2_D252_S26_L001-L004_merged	7	0.0000	0.0000	1.0000
PsFluSBW25_chrm01_circ_5936231	Pf_BP_2_D279_S59_L001-L004_merged	7	0.0000	0.0000	1.0000
PsFluSBW25_chrm01_circ_5936231	Pf_BP_2_D28_S12_L001-L004_merged	7	0.0000	0.0000	1.0000
PsFluSBW25_chrm01_circ_5936231	Pf_BP_2_D310_S5_L001-L004_merged	7	0.0000	0.0000	1.0000
PsFluSBW25_chrm01_circ_5936231	Pf_BP_2_D336_S38_L001-L004_merged	7	0.0000	0.0000	1.0000
PsFluSBW25_chrm01_circ_5936231	Pf_BP_2_D364_S71_L001-L004_merged	7	0.0000	0.0000	1.0000
PsFluSBW25_chrm01_circ_5936231	Pf_BP_2_D392_S101_L001-L004_merged	7	0.0000	0.0000	1.0000
PsFluSBW25_chrm01_circ_5936231	Pf_BP_2_D420_S50_L001-L004_merged	7	0.0000	0.0000	1.0000
PsFluSBW25_chrm01_circ_5936231	Pf_BP_2_D448_S83_L001-L004_merged	7	0.0000	0.0000	1.0000
PsFluSBW25_chrm01_circ_5936231	Pf_BP_2_D476_S62_L001-L004_merged	7	0.0000	0.0000	1.0000
PsFluSBW25_chrm01_circ_5936231	Pf_BP_2_D504_S161_L001-L004_merged	7	0.0000	0.0000	1.0000
PsFluSBW25_chrm01_circ_5936231	Pf_BP_2_D532_S126_L001-L004_merged	7	0.0000	0.0000	1.0000
PsFluSBW25_chrm01_circ_5936231	Pf_BP_2_D56_S56_L001-L004_merged	7	0.0000	0.0000	1.0000
PsFluSBW25_chrm01_circ_5936231	Pf_BP_2_D588_S86_L001-L004_merged	7	0.0125	0.0043	1.0000
PsFluSBW25_chrm01_circ_5936231	Pf_BP_2_D623_S104_L001-L004_merged	7	0.0313	0.0030	1.0000
PsFluSBW25_chrm01_circ_5936231	Pf_BP_2_D644_S152_L001-L004_merged	7	0.0487	0.0041	1.0000
PsFluSBW25_chrm01_circ_5936231	Pf_BP_2_D700_S177_L001-L004_merged	7	0.0320	0.0037	1.0000
PsFluSBW25_chrm01_circ_5936231	Pf_BP_2_D728_S118_L001-L004_merged	7	0.1350	0.0062	1.0000
PsFluSBW25_chrm01_circ_5936231	Pf_BP_2_D756_S154_L001-L004_merged	7	0.2689	0.0086	1.0000
PsFluSBW25_chrm01_circ_5936231	Pf_BP_2_D784_S95_L001-L004_merged	7	0.3502	0.0084	1.0000
PsFluSBW25_chrm01_circ_5936231	Pf_BP_2_D84_S2_L001-L004_merged	7	0.0000	0.0000	1.0000
PsFluSBW25_chrm01_circ_5979702	PS_Pf_r02_2017_01_09_L001	7	0.0000	0.0000	1.0000
PsFluSBW25_chrm01_circ_5979702	Pf_BP_2_D112_S35_L001-L004_merged	7	0.0000	0.0000	1.0000
PsFluSBW25_chrm01_circ_5979702	Pf_BP_2_D140_S68_L001-L004_merged	7	0.0000	0.0000	1.0000
PsFluSBW25_chrm01_circ_5979702	Pf_BP_2_D168_S14_L001-L004_merged	7	0.0000	0.0000	1.0000
PsFluSBW25_chrm01_circ_5979702	Pf_BP_2_D196_S47_L001-L004_merged	7	0.0000	0.0000	1.0000
PsFluSBW25_chrm01_circ_5979702	Pf_BP_2_D224_S80_L001-L004_merged	7	0.0000	0.0000	1.0000
PsFluSBW25_chrm01_circ_5979702	Pf_BP_2_D252_S26_L001-L004_merged	7	0.0000	0.0000	1.0000
PsFluSBW25_chrm01_circ_5979702	Pf_BP_2_D279_S59_L001-L004_merged	7	0.0000	0.0000	1.0000
PsFluSBW25_chrm01_circ_5979702	Pf_BP_2_D28_S12_L001-L004_merged	7	0.0000	0.0000	1.0000
PsFluSBW25_chrm01_circ_5979702	Pf_BP_2_D310_S5_L001-L004_merged	7	0.0000	0.0000	1.0000
PsFluSBW25_chrm01_circ_5979702	Pf_BP_2_D336_S38_L001-L004_merged	7	0.0000	0.0000	1.0000
PsFluSBW25_chrm01_circ_5979702	Pf_BP_2_D364_S71_L001-L004_merged	7	0.0000	0.0000	1.0000
PsFluSBW25_chrm01_circ_5979702	Pf_BP_2_D392_S101_L001-L004_merged	7	0.0000	0.0000	1.0000
PsFluSBW25_chrm01_circ_5979702	Pf_BP_2_D420_S50_L001-L004_merged	7	0.0000	0.0000	1.0000
PsFluSBW25_chrm01_circ_5979702	Pf_BP_2_D448_S83_L001-L004_merged	7	0.0000	0.0000	1.0000
PsFluSBW25_chrm01_circ_5979702	Pf_BP_2_D476_S62_L001-L004_merged	7	0.0000	0.0000	1.0000
PsFluSBW25_chrm01_circ_5979702	Pf_BP_2_D504_S161_L001-L004_merged	7	0.0000	0.0000	1.0000
PsFluSBW25_chrm01_circ_5979702	Pf_BP_2_D532_S126_L001-L004_merged	7	0.0000	0.0000	1.0000
PsFluSBW25_chrm01_circ_5979702	Pf_BP_2_D56_S56_L001-L004_merged	7	0.0000	0.0000	1.0000
PsFluSBW25_chrm01_circ_5979702	Pf_BP_2_D588_S86_L001-L004_merged	7	0.0125	0.0043	1.0000
PsFluSBW25_chrm01_circ_5979702	Pf_BP_2_D623_S104_L001-L004_merged	7	0.0313	0.0030	1.0000
PsFluSBW25_chrm01_circ_5979702	Pf_BP_2_D644_S152_L001-L004_merged	7	0.0487	0.0041	1.0000
PsFluSBW25_chrm01_circ_5979702	Pf_BP_2_D700_S177_L001-L004_merged	7	0.0320	0.0037	1.0000
PsFluSBW25_chrm01_circ_5979702	Pf_BP_2_D728_S118_L001-L004_merged	7	0.1350	0.0062	1.0000
PsFluSBW25_chrm01_circ_5979702	Pf_BP_2_D756_S154_L001-L004_merged	7	0.2689	0.0086	1.0000
PsFluSBW25_chrm01_circ_5979702	Pf_BP_2_D784_S95_L001-L004_merged	7	0.3502	0.0084	1.0000
PsFluSBW25_chrm01_circ_5979702	Pf_BP_2_D84_S2_L001-L004_merged	7	0.0000	0.0000	1.0000
PsFluSBW25_chrm01_circ_6067226	PS_Pf_r02_2017_01_09_L001	7	0.0000	0.0000	1.0000
PsFluSBW25_chrm01_circ_6067226	Pf_BP_2_D112_S35_L001-L004_merged	7	0.0000	0.0000	1.0000
PsFluSBW25_chrm01_circ_6067226	Pf_BP_2_D140_S68_L001-L004_merged	7	0.0000	0.0000	1.0000
PsFluSBW25_chrm01_circ_6067226	Pf_BP_2_D168_S14_L001-L004_merged	7	0.0000	0.0000	1.0000
PsFluSBW25_chrm01_circ_6067226	Pf_BP_2_D196_S47_L001-L004_merged	7	0.0000	0.0000	1.0000
PsFluSBW25_chrm01_circ_6067226	Pf_BP_2_D224_S80_L001-L004_merged	7	0.0000	0.0000	1.0000
PsFluSBW25_chrm01_circ_6067226	Pf_BP_2_D252_S26_L001-L004_merged	7	0.0000	0.0000	1.0000
PsFluSBW25_chrm01_circ_6067226	Pf_BP_2_D279_S59_L001-L004_merged	7	0.0000	0.0000	1.0000
PsFluSBW25_chrm01_circ_6067226	Pf_BP_2_D28_S12_L001-L004_merged	7	0.0000	0.0000	1.0000
PsFluSBW25_chrm01_circ_6067226	Pf_BP_2_D310_S5_L001-L004_merged	7	0.0000	0.0000	1.0000
PsFluSBW25_chrm01_circ_6067226	Pf_BP_2_D336_S38_L001-L004_merged	7	0.0000	0.0000	1.0000
PsFluSBW25_chrm01_circ_6067226	Pf_BP_2_D364_S71_L001-L004_merged	7	0.0000	0.0000	1.0000
PsFluSBW25_chrm01_circ_6067226	Pf_BP_2_D392_S101_L001-L004_merged	7	0.0000	0.0000	1.0000
PsFluSBW25_chrm01_circ_6067226	Pf_BP_2_D420_S50_L001-L004_merged	7	0.0000	0.0000	1.0000
PsFluSBW25_chrm01_circ_6067226	Pf_BP_2_D448_S83_L001-L004_merged	7	0.0000	0.0000	1.0000
PsFluSBW25_chrm01_circ_6067226	Pf_BP_2_D476_S62_L001-L004_merged	7	0.0000	0.0000	1.0000
PsFluSBW25_chrm01_circ_6067226	Pf_BP_2_D504_S161_L001-L004_merged	7	0.0000	0.0000	1.0000
PsFluSBW25_chrm01_circ_6067226	Pf_BP_2_D532_S126_L001-L004_merged	7	0.0000	0.0000	1.0000
PsFluSBW25_chrm01_circ_6067226	Pf_BP_2_D56_S56_L001-L004_merged	7	0.0000	0.0000	1.0000
PsFluSBW25_chrm01_circ_6067226	Pf_BP_2_D588_S86_L001-L004_merged	7	0.0125	0.0043	1.0000
PsFluSBW25_chrm01_circ_6067226	Pf_BP_2_D623_S104_L001-L004_merged	7	0.0313	0.0030	1.0000
PsFluSBW25_chrm01_circ_6067226	Pf_BP_2_D644_S152_L001-L004_merged	7	0.0487	0.0041	1.0000
PsFluSBW25_chrm01_circ_6067226	Pf_BP_2_D700_S177_L001-L004_merged	7	0.0320	0.0037	1.0000
PsFluSBW25_chrm01_circ_6067226	Pf_BP_2_D728_S118_L001-L004_merged	7	0.1350	0.0062	1.0000
PsFluSBW25_chrm01_circ_6067226	Pf_BP_2_D756_S154_L001-L004_merged	7	0.2689	0.0086	1.0000
PsFluSBW25_chrm01_circ_6067226	Pf_BP_2_D784_S95_L001-L004_merged	7	0.3502	0.0084	1.0000
PsFluSBW25_chrm01_circ_6067226	Pf_BP_2_D84_S2_L001-L004_merged	7	0.0000	0.0000	1.0000
PsFluSBW25_chrm01_circ_6086397	PS_Pf_r02_2017_01_09_L001	7	0.0000	0.0000	1.0000
PsFluSBW25_chrm01_circ_6086397	Pf_BP_2_D112_S35_L001-L004_merged	7	0.0000	0.0000	1.0000
PsFluSBW25_chrm01_circ_6086397	Pf_BP_2_D140_S68_L001-L004_merged	7	0.0000	0.0000	1.0000
PsFluSBW25_chrm01_circ_6086397	Pf_BP_2_D168_S14_L001-L004_merged	7	0.0000	0.0000	1.0000
PsFluSBW25_chrm01_circ_6086397	Pf_BP_2_D196_S47_L001-L004_merged	7	0.0000	0.0000	1.0000
PsFluSBW25_chrm01_circ_6086397	Pf_BP_2_D224_S80_L001-L004_merged	7	0.0000	0.0000	1.0000
PsFluSBW25_chrm01_circ_6086397	Pf_BP_2_D252_S26_L001-L004_merged	7	0.0000	0.0000	1.0000
PsFluSBW25_chrm01_circ_6086397	Pf_BP_2_D279_S59_L001-L004_merged	7	0.0000	0.0000	1.0000
PsFluSBW25_chrm01_circ_6086397	Pf_BP_2_D28_S12_L001-L004_merged	7	0.0000	0.0000	1.0000
PsFluSBW25_chrm01_circ_6086397	Pf_BP_2_D310_S5_L001-L004_merged	7	0.0000	0.0000	1.0000
PsFluSBW25_chrm01_circ_6086397	Pf_BP_2_D336_S38_L001-L004_merged	7	0.0000	0.0000	1.0000
PsFluSBW25_chrm01_circ_6086397	Pf_BP_2_D364_S71_L001-L004_merged	7	0.0000	0.0000	1.0000
PsFluSBW25_chrm01_circ_6086397	Pf_BP_2_D392_S101_L001-L004_merged	7	0.0000	0.0000	1.0000
PsFluSBW25_chrm01_circ_6086397	Pf_BP_2_D420_S50_L001-L004_merged	7	0.0000	0.0000	1.0000
PsFluSBW25_chrm01_circ_6086397	Pf_BP_2_D448_S83_L001-L004_merged	7	0.0000	0.0000	1.0000
PsFluSBW25_chrm01_circ_6086397	Pf_BP_2_D476_S62_L001-L004_merged	7	0.0000	0.0000	1.0000
PsFluSBW25_chrm01_circ_6086397	Pf_BP_2_D504_S161_L001-L004_merged	7	0.0000	0.0000	1.0000
PsFluSBW25_chrm01_circ_6086397	Pf_BP_2_D532_S126_L001-L004_merged	7	0.0000	0.0000	1.0000
PsFluSBW25_chrm01_circ_6086397	Pf_BP_2_D56_S56_L001-L004_merged	7	0.0000	0.0000	1.0000
PsFluSBW25_chrm01_circ_6086397	Pf_BP_2_D588_S86_L001-L004_merged	7	0.0125	0.0043	1.0000
PsFluSBW25_chrm01_circ_6086397	Pf_BP_2_D623_S104_L001-L004_merged	7	0.0313	0.0030	1.0000
PsFluSBW25_chrm01_circ_6086397	Pf_BP_2_D644_S152_L001-L004_merged	7	0.0487	0.0041	1.0000
PsFluSBW25_chrm01_circ_6086397	Pf_BP_2_D700_S177_L001-L004_merged	7	0.0320	0.0037	1.0000
PsFluSBW25_chrm01_circ_6086397	Pf_BP_2_D728_S118_L001-L004_merged	7	0.1350	0.0062	1.0000
PsFluSBW25_chrm01_circ_6086397	Pf_BP_2_D756_S154_L001-L004_merged	7	0.2689	0.0086	1.0000
PsFluSBW25_chrm01_circ_6086397	Pf_BP_2_D784_S95_L001-L004_merged	7	0.3502	0.0084	1.0000
PsFluSBW25_chrm01_circ_6086397	Pf_BP_2_D84_S2_L001-L004_merged	7	0.0000	0.0000	1.0000
PsFluSBW25_chrm01_circ_6094537	PS_Pf_r02_2017_01_09_L001	7	0.0000	0.0000	1.0000
PsFluSBW25_chrm01_circ_6094537	Pf_BP_2_D112_S35_L001-L004_merged	7	0.0000	0.0000	1.0000
PsFluSBW25_chrm01_circ_6094537	Pf_BP_2_D140_S68_L001-L004_merged	7	0.0000	0.0000	1.0000
PsFluSBW25_chrm01_circ_6094537	Pf_BP_2_D168_S14_L001-L004_merged	7	0.0000	0.0000	1.0000
PsFluSBW25_chrm01_circ_6094537	Pf_BP_2_D196_S47_L001-L004_merged	7	0.0000	0.0000	1.0000
PsFluSBW25_chrm01_circ_6094537	Pf_BP_2_D224_S80_L001-L004_merged	7	0.0000	0.0000	1.0000
PsFluSBW25_chrm01_circ_6094537	Pf_BP_2_D252_S26_L001-L004_merged	7	0.0000	0.0000	1.0000
PsFluSBW25_chrm01_circ_6094537	Pf_BP_2_D279_S59_L001-L004_merged	7	0.0000	0.0000	1.0000
PsFluSBW25_chrm01_circ_6094537	Pf_BP_2_D28_S12_L001-L004_merged	7	0.0000	0.0000	1.0000
PsFluSBW25_chrm01_circ_6094537	Pf_BP_2_D310_S5_L001-L004_merged	7	0.0000	0.0000	1.0000
PsFluSBW25_chrm01_circ_6094537	Pf_BP_2_D336_S38_L001-L004_merged	7	0.0000	0.0000	1.0000
PsFluSBW25_chrm01_circ_6094537	Pf_BP_2_D364_S71_L001-L004_merged	7	0.0000	0.0000	1.0000
PsFluSBW25_chrm01_circ_6094537	Pf_BP_2_D392_S101_L001-L004_merged	7	0.0000	0.0000	1.0000
PsFluSBW25_chrm01_circ_6094537	Pf_BP_2_D420_S50_L001-L004_merged	7	0.0000	0.0000	1.0000
PsFluSBW25_chrm01_circ_6094537	Pf_BP_2_D448_S83_L001-L004_merged	7	0.0000	0.0000	1.0000
PsFluSBW25_chrm01_circ_6094537	Pf_BP_2_D476_S62_L001-L004_merged	7	0.0000	0.0000	1.0000
PsFluSBW25_chrm01_circ_6094537	Pf_BP_2_D504_S161_L001-L004_merged	7	0.0000	0.0000	1.0000
PsFluSBW25_chrm01_circ_6094537	Pf_BP_2_D532_S126_L001-L004_merged	7	0.0000	0.0000	1.0000
PsFluSBW25_chrm01_circ_6094537	Pf_BP_2_D56_S56_L001-L004_merged	7	0.0000	0.0000	1.0000
PsFluSBW25_chrm01_circ_6094537	Pf_BP_2_D588_S86_L001-L004_merged	7	0.0125	0.0043	1.0000
PsFluSBW25_chrm01_circ_6094537	Pf_BP_2_D623_S104_L001-L004_merged	7	0.0313	0.0030	1.0000
PsFluSBW25_chrm01_circ_6094537	Pf_BP_2_D644_S152_L001-L004_merged	7	0.0487	0.0041	1.0000
PsFluSBW25_chrm01_circ_6094537	Pf_BP_2_D700_S177_L001-L004_merged	7	0.0320	0.0037	1.0000
PsFluSBW25_chrm01_circ_6094537	Pf_BP_2_D728_S118_L001-L004_merged	7	0.1350	0.0062	1.0000
PsFluSBW25_chrm01_circ_6094537	Pf_BP_2_D756_S154_L001-L004_merged	7	0.2689	0.0086	1.0000
PsFluSBW25_chrm01_circ_6094537	Pf_BP_2_D784_S95_L001-L004_merged	7	0.3502	0.0084	1.0000
PsFluSBW25_chrm01_circ_6094537	Pf_BP_2_D84_S2_L001-L004_merged	7	0.0000	0.0000	1.0000
PsFluSBW25_chrm01_circ_6168371	PS_Pf_r02_2017_01_09_L001	7	0.0000	0.0000	1.0000
PsFluSBW25_chrm01_circ_6168371	Pf_BP_2_D112_S35_L001-L004_merged	7	0.0000	0.0000	1.0000
PsFluSBW25_chrm01_circ_6168371	Pf_BP_2_D140_S68_L001-L004_merged	7	0.0000	0.0000	1.0000
PsFluSBW25_chrm01_circ_6168371	Pf_BP_2_D168_S14_L001-L004_merged	7	0.0000	0.0000	1.0000
PsFluSBW25_chrm01_circ_6168371	Pf_BP_2_D196_S47_L001-L004_merged	7	0.0000	0.0000	1.0000
PsFluSBW25_chrm01_circ_6168371	Pf_BP_2_D224_S80_L001-L004_merged	7	0.0000	0.0000	1.0000
PsFluSBW25_chrm01_circ_6168371	Pf_BP_2_D252_S26_L001-L004_merged	7	0.0000	0.0000	1.0000
PsFluSBW25_chrm01_circ_6168371	Pf_BP_2_D279_S59_L001-L004_merged	7	0.0000	0.0000	1.0000
PsFluSBW25_chrm01_circ_6168371	Pf_BP_2_D28_S12_L001-L004_merged	7	0.0000	0.0000	1.0000
PsFluSBW25_chrm01_circ_6168371	Pf_BP_2_D310_S5_L001-L004_merged	7	0.0000	0.0000	1.0000
PsFluSBW25_chrm01_circ_6168371	Pf_BP_2_D336_S38_L001-L004_merged	7	0.0000	0.0000	1.0000
PsFluSBW25_chrm01_circ_6168371	Pf_BP_2_D364_S71_L001-L004_merged	7	0.0000	0.0000	1.0000
PsFluSBW25_chrm01_circ_6168371	Pf_BP_2_D392_S101_L001-L004_merged	7	0.0000	0.0000	1.0000
PsFluSBW25_chrm01_circ_6168371	Pf_BP_2_D420_S50_L001-L004_merged	7	0.0000	0.0000	1.0000
PsFluSBW25_chrm01_circ_6168371	Pf_BP_2_D448_S83_L001-L004_merged	7	0.0000	0.0000	1.0000
PsFluSBW25_chrm01_circ_6168371	Pf_BP_2_D476_S62_L001-L004_merged	7	0.0000	0.0000	1.0000
PsFluSBW25_chrm01_circ_6168371	Pf_BP_2_D504_S161_L001-L004_merged	7	0.0000	0.0000	1.0000
PsFluSBW25_chrm01_circ_6168371	Pf_BP_2_D532_S126_L001-L004_merged	7	0.0000	0.0000	1.0000
PsFluSBW25_chrm01_circ_6168371	Pf_BP_2_D56_S56_L001-L004_merged	7	0.0000	0.0000	1.0000
PsFluSBW25_chrm01_circ_6168371	Pf_BP_2_D588_S86_L001-L004_merged	7	0.0125	0.0043	1.0000
PsFluSBW25_chrm01_circ_6168371	Pf_BP_2_D623_S104_L001-L004_merged	7	0.0313	0.0030	1.0000
PsFluSBW25_chrm01_circ_6168371	Pf_BP_2_D644_S152_L001-L004_merged	7	0.0487	0.0041	1.0000
PsFluSBW25_chrm01_circ_6168371	Pf_BP_2_D700_S177_L001-L004_merged	7	0.0320	0.0037	1.0000
PsFluSBW25_chrm01_circ_6168371	Pf_BP_2_D728_S118_L001-L004_merged	7	0.1350	0.0062	1.0000
PsFluSBW25_chrm01_circ_6168371	Pf_BP_2_D756_S154_L001-L004_merged	7	0.2689	0.0086	1.0000
PsFluSBW25_chrm01_circ_6168371	Pf_BP_2_D784_S95_L001-L004_merged	7	0.3502	0.0084	1.0000
PsFluSBW25_chrm01_circ_6168371	Pf_BP_2_D84_S2_L001-L004_merged	7	0.0000	0.0000	1.0000
PsFluSBW25_chrm01_circ_6191713	PS_Pf_r02_2017_01_09_L001	7	0.0000	0.0000	1.0000
PsFluSBW25_chrm01_circ_6191713	Pf_BP_2_D112_S35_L001-L004_merged	7	0.0000	0.0000	1.0000
PsFluSBW25_chrm01_circ_6191713	Pf_BP_2_D140_S68_L001-L004_merged	7	0.0000	0.0000	1.0000
PsFluSBW25_chrm01_circ_6191713	Pf_BP_2_D168_S14_L001-L004_merged	7	0.0000	0.0000	1.0000
PsFluSBW25_chrm01_circ_6191713	Pf_BP_2_D196_S47_L001-L004_merged	7	0.0000	0.0000	1.0000
PsFluSBW25_chrm01_circ_6191713	Pf_BP_2_D224_S80_L001-L004_merged	7	0.0000	0.0000	1.0000
PsFluSBW25_chrm01_circ_6191713	Pf_BP_2_D252_S26_L001-L004_merged	7	0.0000	0.0000	1.0000
PsFluSBW25_chrm01_circ_6191713	Pf_BP_2_D279_S59_L001-L004_merged	7	0.0000	0.0000	1.0000
PsFluSBW25_chrm01_circ_6191713	Pf_BP_2_D28_S12_L001-L004_merged	7	0.0000	0.0000	1.0000
PsFluSBW25_chrm01_circ_6191713	Pf_BP_2_D310_S5_L001-L004_merged	7	0.0000	0.0000	1.0000
PsFluSBW25_chrm01_circ_6191713	Pf_BP_2_D336_S38_L001-L004_merged	7	0.0000	0.0000	1.0000
PsFluSBW25_chrm01_circ_6191713	Pf_BP_2_D364_S71_L001-L004_merged	7	0.0000	0.0000	1.0000
PsFluSBW25_chrm01_circ_6191713	Pf_BP_2_D392_S101_L001-L004_merged	7	0.0000	0.0000	1.0000
PsFluSBW25_chrm01_circ_6191713	Pf_BP_2_D420_S50_L001-L004_merged	7	0.0000	0.0000	1.0000
PsFluSBW25_chrm01_circ_6191713	Pf_BP_2_D448_S83_L001-L004_merged	7	0.0000	0.0000	1.0000
PsFluSBW25_chrm01_circ_6191713	Pf_BP_2_D476_S62_L001-L004_merged	7	0.0000	0.0000	1.0000
PsFluSBW25_chrm01_circ_6191713	Pf_BP_2_D504_S161_L001-L004_merged	7	0.0000	0.0000	1.0000
PsFluSBW25_chrm01_circ_6191713	Pf_BP_2_D532_S126_L001-L004_merged	7	0.0000	0.0000	1.0000
PsFluSBW25_chrm01_circ_6191713	Pf_BP_2_D56_S56_L001-L004_merged	7	0.0000	0.0000	1.0000
PsFluSBW25_chrm01_circ_6191713	Pf_BP_2_D588_S86_L001-L004_merged	7	0.0125	0.0043	1.0000
PsFluSBW25_chrm01_circ_6191713	Pf_BP_2_D623_S104_L001-L004_merged	7	0.0313	0.0030	1.0000
PsFluSBW25_chrm01_circ_6191713	Pf_BP_2_D644_S152_L001-L004_merged	7	0.0487	0.0041	1.0000
PsFluSBW25_chrm01_circ_6191713	Pf_BP_2_D700_S177_L001-L004_merged	7	0.0320	0.0037	1.0000
PsFluSBW25_chrm01_circ_6191713	Pf_BP_2_D728_S118_L001-L004_merged	7	0.1350	0.0062	1.0000
PsFluSBW25_chrm01_circ_6191713	Pf_BP_2_D756_S154_L001-L004_merged	7	0.2689	0.0086	1.0000
PsFluSBW25_chrm01_circ_6191713	Pf_BP_2_D784_S95_L001-L004_merged	7	0.3502	0.0084	1.0000
PsFluSBW25_chrm01_circ_6191713	Pf_BP_2_D84_S2_L001-L004_merged	7	0.0000	0.0000	1.0000
PsFluSBW25_chrm01_circ_6200763	PS_Pf_r02_2017_01_09_L001	7	0.0000	0.0000	1.0000
PsFluSBW25_chrm01_circ_6200763	Pf_BP_2_D112_S35_L001-L004_merged	7	0.0000	0.0000	1.0000
PsFluSBW25_chrm01_circ_6200763	Pf_BP_2_D140_S68_L001-L004_merged	7	0.0000	0.0000	1.0000
PsFluSBW25_chrm01_circ_6200763	Pf_BP_2_D168_S14_L001-L004_merged	7	0.0000	0.0000	1.0000
PsFluSBW25_chrm01_circ_6200763	Pf_BP_2_D196_S47_L001-L004_merged	7	0.0000	0.0000	1.0000
PsFluSBW25_chrm01_circ_6200763	Pf_BP_2_D224_S80_L001-L004_merged	7	0.0000	0.0000	1.0000
PsFluSBW25_chrm01_circ_6200763	Pf_BP_2_D252_S26_L001-L004_merged	7	0.0000	0.0000	1.0000
PsFluSBW25_chrm01_circ_6200763	Pf_BP_2_D279_S59_L001-L004_merged	7	0.0000	0.0000	1.0000
PsFluSBW25_chrm01_circ_6200763	Pf_BP_2_D28_S12_L001-L004_merged	7	0.0000	0.0000	1.0000
PsFluSBW25_chrm01_circ_6200763	Pf_BP_2_D310_S5_L001-L004_merged	7	0.0000	0.0000	1.0000
PsFluSBW25_chrm01_circ_6200763	Pf_BP_2_D336_S38_L001-L004_merged	7	0.0000	0.0000	1.0000
PsFluSBW25_chrm01_circ_6200763	Pf_BP_2_D364_S71_L001-L004_merged	7	0.0000	0.0000	1.0000
PsFluSBW25_chrm01_circ_6200763	Pf_BP_2_D392_S101_L001-L004_merged	7	0.0000	0.0000	1.0000
PsFluSBW25_chrm01_circ_6200763	Pf_BP_2_D420_S50_L001-L004_merged	7	0.0000	0.0000	1.0000
PsFluSBW25_chrm01_circ_6200763	Pf_BP_2_D448_S83_L001-L004_merged	7	0.0000	0.0000	1.0000
PsFluSBW25_chrm01_circ_6200763	Pf_BP_2_D476_S62_L001-L004_merged	7	0.0000	0.0000	1.0000
PsFluSBW25_chrm01_circ_6200763	Pf_BP_2_D504_S161_L001-L004_merged	7	0.0000	0.0000	1.0000
PsFluSBW25_chrm01_circ_6200763	Pf_BP_2_D532_S126_L001-L004_merged	7	0.0000	0.0000	1.0000
PsFluSBW25_chrm01_circ_6200763	Pf_BP_2_D56_S56_L001-L004_merged	7	0.0000	0.0000	1.0000
PsFluSBW25_chrm01_circ_6200763	Pf_BP_2_D588_S86_L001-L004_merged	7	0.0125	0.0043	1.0000
PsFluSBW25_chrm01_circ_6200763	Pf_BP_2_D623_S104_L001-L004_merged	7	0.0313	0.0030	1.0000
PsFluSBW25_chrm01_circ_6200763	Pf_BP_2_D644_S152_L001-L004_merged	7	0.0487	0.0041	1.0000
PsFluSBW25_chrm01_circ_6200763	Pf_BP_2_D700_S177_L001-L004_merged	7	0.0320	0.0037	1.0000
PsFluSBW25_chrm01_circ_6200763	Pf_BP_2_D728_S118_L001-L004_merged	7	0.1350	0.0062	1.0000
PsFluSBW25_chrm01_circ_6200763	Pf_BP_2_D756_S154_L001-L004_merged	7	0.2689	0.0086	1.0000
PsFluSBW25_chrm01_circ_6200763	Pf_BP_2_D784_S95_L001-L004_merged	7	0.3502	0.0084	1.0000
PsFluSBW25_chrm01_circ_6200763	Pf_BP_2_D84_S2_L001-L004_merged	7	0.0000	0.0000	1.0000
PsFluSBW25_chrm01_circ_6364721	PS_Pf_r02_2017_01_09_L001	7	0.0000	0.0000	1.0000
PsFluSBW25_chrm01_circ_6364721	Pf_BP_2_D112_S35_L001-L004_merged	7	0.0000	0.0000	1.0000
PsFluSBW25_chrm01_circ_6364721	Pf_BP_2_D140_S68_L001-L004_merged	7	0.0000	0.0000	1.0000
PsFluSBW25_chrm01_circ_6364721	Pf_BP_2_D168_S14_L001-L004_merged	7	0.0000	0.0000	1.0000
PsFluSBW25_chrm01_circ_6364721	Pf_BP_2_D196_S47_L001-L004_merged	7	0.0000	0.0000	1.0000
PsFluSBW25_chrm01_circ_6364721	Pf_BP_2_D224_S80_L001-L004_merged	7	0.0000	0.0000	1.0000
PsFluSBW25_chrm01_circ_6364721	Pf_BP_2_D252_S26_L001-L004_merged	7	0.0000	0.0000	1.0000
PsFluSBW25_chrm01_circ_6364721	Pf_BP_2_D279_S59_L001-L004_merged	7	0.0000	0.0000	1.0000
PsFluSBW25_chrm01_circ_6364721	Pf_BP_2_D28_S12_L001-L004_merged	7	0.0000	0.0000	1.0000
PsFluSBW25_chrm01_circ_6364721	Pf_BP_2_D310_S5_L001-L004_merged	7	0.0000	0.0000	1.0000
PsFluSBW25_chrm01_circ_6364721	Pf_BP_2_D336_S38_L001-L004_merged	7	0.0000	0.0000	1.0000
PsFluSBW25_chrm01_circ_6364721	Pf_BP_2_D364_S71_L001-L004_merged	7	0.0000	0.0000	1.0000
PsFluSBW25_chrm01_circ_6364721	Pf_BP_2_D392_S101_L001-L004_merged	7	0.0000	0.0000	1.0000
PsFluSBW25_chrm01_circ_6364721	Pf_BP_2_D420_S50_L001-L004_merged	7	0.0000	0.0000	1.0000
PsFluSBW25_chrm01_circ_6364721	Pf_BP_2_D448_S83_L001-L004_merged	7	0.0000	0.0000	1.0000
PsFluSBW25_chrm01_circ_6364721	Pf_BP_2_D476_S62_L001-L004_merged	7	0.0000	0.0000	1.0000
PsFluSBW25_chrm01_circ_6364721	Pf_BP_2_D504_S161_L001-L004_merged	7	0.0000	0.0000	1.0000
PsFluSBW25_chrm01_circ_6364721	Pf_BP_2_D532_S126_L001-L004_merged	7	0.0000	0.0000	1.0000
PsFluSBW25_chrm01_circ_6364721	Pf_BP_2_D56_S56_L001-L004_merged	7	0.0000	0.0000	1.0000
PsFluSBW25_chrm01_circ_6364721	Pf_BP_2_D588_S86_L001-L004_merged	7	0.0125	0.0043	1.0000
PsFluSBW25_chrm01_circ_6364721	Pf_BP_2_D623_S104_L001-L004_merged	7	0.0313	0.0030	1.0000
PsFluSBW25_chrm01_circ_6364721	Pf_BP_2_D644_S152_L001-L004_merged	7	0.0487	0.0041	1.0000
PsFluSBW25_chrm01_circ_6364721	Pf_BP_2_D700_S177_L001-L004_merged	7	0.0320	0.0037	1.0000
PsFluSBW25_chrm01_circ_6364721	Pf_BP_2_D728_S118_L001-L004_merged	7	0.1350	0.0062	1.0000
PsFluSBW25_chrm01_circ_6364721	Pf_BP_2_D756_S154_L001-L004_merged	7	0.2689	0.0086	1.0000
PsFluSBW25_chrm01_circ_6364721	Pf_BP_2_D784_S95_L001-L004_merged	7	0.3502	0.0084	1.0000
PsFluSBW25_chrm01_circ_6364721	Pf_BP_2_D84_S2_L001-L004_merged	7	0.0000	0.0000	1.0000
PsFluSBW25_chrm01_circ_6394475	PS_Pf_r02_2017_01_09_L001	7	0.0000	0.0000	1.0000
PsFluSBW25_chrm01_circ_6394475	Pf_BP_2_D112_S35_L001-L004_merged	7	0.0000	0.0000	1.0000
PsFluSBW25_chrm01_circ_6394475	Pf_BP_2_D140_S68_L001-L004_merged	7	0.0000	0.0000	1.0000
PsFluSBW25_chrm01_circ_6394475	Pf_BP_2_D168_S14_L001-L004_merged	7	0.0000	0.0000	1.0000
PsFluSBW25_chrm01_circ_6394475	Pf_BP_2_D196_S47_L001-L004_merged	7	0.0000	0.0000	1.0000
PsFluSBW25_chrm01_circ_6394475	Pf_BP_2_D224_S80_L001-L004_merged	7	0.0000	0.0000	1.0000
PsFluSBW25_chrm01_circ_6394475	Pf_BP_2_D252_S26_L001-L004_merged	7	0.0000	0.0000	1.0000
PsFluSBW25_chrm01_circ_6394475	Pf_BP_2_D279_S59_L001-L004_merged	7	0.0000	0.0000	1.0000
PsFluSBW25_chrm01_circ_6394475	Pf_BP_2_D28_S12_L001-L004_merged	7	0.0000	0.0000	1.0000
PsFluSBW25_chrm01_circ_6394475	Pf_BP_2_D310_S5_L001-L004_merged	7	0.0000	0.0000	1.0000
PsFluSBW25_chrm01_circ_6394475	Pf_BP_2_D336_S38_L001-L004_merged	7	0.0000	0.0000	1.0000
PsFluSBW25_chrm01_circ_6394475	Pf_BP_2_D364_S71_L001-L004_merged	7	0.0000	0.0000	1.0000
PsFluSBW25_chrm01_circ_6394475	Pf_BP_2_D392_S101_L001-L004_merged	7	0.0000	0.0000	1.0000
PsFluSBW25_chrm01_circ_6394475	Pf_BP_2_D420_S50_L001-L004_merged	7	0.0000	0.0000	1.0000
PsFluSBW25_chrm01_circ_6394475	Pf_BP_2_D448_S83_L001-L004_merged	7	0.0000	0.0000	1.0000
PsFluSBW25_chrm01_circ_6394475	Pf_BP_2_D476_S62_L001-L004_merged	7	0.0000	0.0000	1.0000
PsFluSBW25_chrm01_circ_6394475	Pf_BP_2_D504_S161_L001-L004_merged	7	0.0000	0.0000	1.0000
PsFluSBW25_chrm01_circ_6394475	Pf_BP_2_D532_S126_L001-L004_merged	7	0.0000	0.0000	1.0000
PsFluSBW25_chrm01_circ_6394475	Pf_BP_2_D56_S56_L001-L004_merged	7	0.0000	0.0000	1.0000
PsFluSBW25_chrm01_circ_6394475	Pf_BP_2_D588_S86_L001-L004_merged	7	0.0125	0.0043	1.0000
PsFluSBW25_chrm01_circ_6394475	Pf_BP_2_D623_S104_L001-L004_merged	7	0.0313	0.0030	1.0000
PsFluSBW25_chrm01_circ_6394475	Pf_BP_2_D644_S152_L001-L004_merged	7	0.0487	0.0041	1.0000
PsFluSBW25_chrm01_circ_6394475	Pf_BP_2_D700_S177_L001-L004_merged	7	0.0320	0.0037	1.0000
PsFluSBW25_chrm01_circ_6394475	Pf_BP_2_D728_S118_L001-L004_merged	7	0.1350	0.0062	1.0000
PsFluSBW25_chrm01_circ_6394475	Pf_BP_2_D756_S154_L001-L004_merged	7	0.2689	0.0086	1.0000
PsFluSBW25_chrm01_circ_6394475	Pf_BP_2_D784_S95_L001-L004_merged	7	0.3502	0.0084	1.0000
PsFluSBW25_chrm01_circ_6394475	Pf_BP_2_D84_S2_L001-L004_merged	7	0.0000	0.0000	1.0000
PsFluSBW25_chrm01_circ_6415331	PS_Pf_r02_2017_01_09_L001	7	0.0000	0.0000	1.0000
PsFluSBW25_chrm01_circ_6415331	Pf_BP_2_D112_S35_L001-L004_merged	7	0.0000	0.0000	1.0000
PsFluSBW25_chrm01_circ_6415331	Pf_BP_2_D140_S68_L001-L004_merged	7	0.0000	0.0000	1.0000
PsFluSBW25_chrm01_circ_6415331	Pf_BP_2_D168_S14_L001-L004_merged	7	0.0000	0.0000	1.0000
PsFluSBW25_chrm01_circ_6415331	Pf_BP_2_D196_S47_L001-L004_merged	7	0.0000	0.0000	1.0000
PsFluSBW25_chrm01_circ_6415331	Pf_BP_2_D224_S80_L001-L004_merged	7	0.0000	0.0000	1.0000
PsFluSBW25_chrm01_circ_6415331	Pf_BP_2_D252_S26_L001-L004_merged	7	0.0000	0.0000	1.0000
PsFluSBW25_chrm01_circ_6415331	Pf_BP_2_D279_S59_L001-L004_merged	7	0.0000	0.0000	1.0000
PsFluSBW25_chrm01_circ_6415331	Pf_BP_2_D28_S12_L001-L004_merged	7	0.0000	0.0000	1.0000
PsFluSBW25_chrm01_circ_6415331	Pf_BP_2_D310_S5_L001-L004_merged	7	0.0000	0.0000	1.0000
PsFluSBW25_chrm01_circ_6415331	Pf_BP_2_D336_S38_L001-L004_merged	7	0.0000	0.0000	1.0000
PsFluSBW25_chrm01_circ_6415331	Pf_BP_2_D364_S71_L001-L004_merged	7	0.0000	0.0000	1.0000
PsFluSBW25_chrm01_circ_6415331	Pf_BP_2_D392_S101_L001-L004_merged	7	0.0000	0.0000	1.0000
PsFluSBW25_chrm01_circ_6415331	Pf_BP_2_D420_S50_L001-L004_merged	7	0.0000	0.0000	1.0000
PsFluSBW25_chrm01_circ_6415331	Pf_BP_2_D448_S83_L001-L004_merged	7	0.0000	0.0000	1.0000
PsFluSBW25_chrm01_circ_6415331	Pf_BP_2_D476_S62_L001-L004_merged	7	0.0000	0.0000	1.0000
PsFluSBW25_chrm01_circ_6415331	Pf_BP_2_D504_S161_L001-L004_merged	7	0.0000	0.0000	1.0000
PsFluSBW25_chrm01_circ_6415331	Pf_BP_2_D532_S126_L001-L004_merged	7	0.0000	0.0000	1.0000
PsFluSBW25_chrm01_circ_6415331	Pf_BP_2_D56_S56_L001-L004_merged	7	0.0000	0.0000	1.0000
PsFluSBW25_chrm01_circ_6415331	Pf_BP_2_D588_S86_L001-L004_merged	7	0.0125	0.0043	1.0000
PsFluSBW25_chrm01_circ_6415331	Pf_BP_2_D623_S104_L001-L004_merged	7	0.0313	0.0030	1.0000
PsFluSBW25_chrm01_circ_6415331	Pf_BP_2_D644_S152_L001-L004_merged	7	0.0487	0.0041	1.0000
PsFluSBW25_chrm01_circ_6415331	Pf_BP_2_D700_S177_L001-L004_merged	7	0.0320	0.0037	1.0000
PsFluSBW25_chrm01_circ_6415331	Pf_BP_2_D728_S118_L001-L004_merged	7	0.1350	0.0062	1.0000
PsFluSBW25_chrm01_circ_6415331	Pf_BP_2_D756_S154_L001-L004_merged	7	0.2689	0.0086	1.0000
PsFluSBW25_chrm01_circ_6415331	Pf_BP_2_D784_S95_L001-L004_merged	7	0.3502	0.0084	1.0000
PsFluSBW25_chrm01_circ_6415331	Pf_BP_2_D84_S2_L001-L004_merged	7	0.0000	0.0000	1.0000
PsFluSBW25_chrm01_circ_6439446	PS_Pf_r02_2017_01_09_L001	7	0.0000	0.0000	1.0000
PsFluSBW25_chrm01_circ_6439446	Pf_BP_2_D112_S35_L001-L004_merged	7	0.0000	0.0000	1.0000
PsFluSBW25_chrm01_circ_6439446	Pf_BP_2_D140_S68_L001-L004_merged	7	0.0000	0.0000	1.0000
PsFluSBW25_chrm01_circ_6439446	Pf_BP_2_D168_S14_L001-L004_merged	7	0.0000	0.0000	1.0000
PsFluSBW25_chrm01_circ_6439446	Pf_BP_2_D196_S47_L001-L004_merged	7	0.0000	0.0000	1.0000
PsFluSBW25_chrm01_circ_6439446	Pf_BP_2_D224_S80_L001-L004_merged	7	0.0000	0.0000	1.0000
PsFluSBW25_chrm01_circ_6439446	Pf_BP_2_D252_S26_L001-L004_merged	7	0.0000	0.0000	1.0000
PsFluSBW25_chrm01_circ_6439446	Pf_BP_2_D279_S59_L001-L004_merged	7	0.0000	0.0000	1.0000
PsFluSBW25_chrm01_circ_6439446	Pf_BP_2_D28_S12_L001-L004_merged	7	0.0000	0.0000	1.0000
PsFluSBW25_chrm01_circ_6439446	Pf_BP_2_D310_S5_L001-L004_merged	7	0.0000	0.0000	1.0000
PsFluSBW25_chrm01_circ_6439446	Pf_BP_2_D336_S38_L001-L004_merged	7	0.0000	0.0000	1.0000
PsFluSBW25_chrm01_circ_6439446	Pf_BP_2_D364_S71_L001-L004_merged	7	0.0000	0.0000	1.0000
PsFluSBW25_chrm01_circ_6439446	Pf_BP_2_D392_S101_L001-L004_merged	7	0.0000	0.0000	1.0000
PsFluSBW25_chrm01_circ_6439446	Pf_BP_2_D420_S50_L001-L004_merged	7	0.0000	0.0000	1.0000
PsFluSBW25_chrm01_circ_6439446	Pf_BP_2_D448_S83_L001-L004_merged	7	0.0000	0.0000	1.0000
PsFluSBW25_chrm01_circ_6439446	Pf_BP_2_D476_S62_L001-L004_merged	7	0.0000	0.0000	1.0000
PsFluSBW25_chrm01_circ_6439446	Pf_BP_2_D504_S161_L001-L004_merged	7	0.0000	0.0000	1.0000
PsFluSBW25_chrm01_circ_6439446	Pf_BP_2_D532_S126_L001-L004_merged	7	0.0000	0.0000	1.0000
PsFluSBW25_chrm01_circ_6439446	Pf_BP_2_D56_S56_L001-L004_merged	7	0.0000	0.0000	1.0000
PsFluSBW25_chrm01_circ_6439446	Pf_BP_2_D588_S86_L001-L004_merged	7	0.0125	0.0043	1.0000
PsFluSBW25_chrm01_circ_6439446	Pf_BP_2_D623_S104_L001-L004_merged	7	0.0313	0.0030	1.0000
PsFluSBW25_chrm01_circ_6439446	Pf_BP_2_D644_S152_L001-L004_merged	7	0.0487	0.0041	1.0000
PsFluSBW25_chrm01_circ_6439446	Pf_BP_2_D700_S177_L001-L004_merged	7	0.0320	0.0037	1.0000
PsFluSBW25_chrm01_circ_6439446	Pf_BP_2_D728_S118_L001-L004_merged	7	0.1350	0.0062	1.0000
PsFluSBW25_chrm01_circ_6439446	Pf_BP_2_D756_S154_L001-L004_merged	7	0.2689	0.0086	1.0000
PsFluSBW25_chrm01_circ_6439446	Pf_BP_2_D784_S95_L001-L004_merged	7	0.3502	0.0084	1.0000
PsFluSBW25_chrm01_circ_6439446	Pf_BP_2_D84_S2_L001-L004_merged	7	0.0000	0.0000	1.0000
PsFluSBW25_chrm01_circ_6439584	PS_Pf_r02_2017_01_09_L001	7	0.0000	0.0000	1.0000
PsFluSBW25_chrm01_circ_6439584	Pf_BP_2_D112_S35_L001-L004_merged	7	0.0000	0.0000	1.0000
PsFluSBW25_chrm01_circ_6439584	Pf_BP_2_D140_S68_L001-L004_merged	7	0.0000	0.0000	1.0000
PsFluSBW25_chrm01_circ_6439584	Pf_BP_2_D168_S14_L001-L004_merged	7	0.0000	0.0000	1.0000
PsFluSBW25_chrm01_circ_6439584	Pf_BP_2_D196_S47_L001-L004_merged	7	0.0000	0.0000	1.0000
PsFluSBW25_chrm01_circ_6439584	Pf_BP_2_D224_S80_L001-L004_merged	7	0.0000	0.0000	1.0000
PsFluSBW25_chrm01_circ_6439584	Pf_BP_2_D252_S26_L001-L004_merged	7	0.0000	0.0000	1.0000
PsFluSBW25_chrm01_circ_6439584	Pf_BP_2_D279_S59_L001-L004_merged	7	0.0000	0.0000	1.0000
PsFluSBW25_chrm01_circ_6439584	Pf_BP_2_D28_S12_L001-L004_merged	7	0.0000	0.0000	1.0000
PsFluSBW25_chrm01_circ_6439584	Pf_BP_2_D310_S5_L001-L004_merged	7	0.0000	0.0000	1.0000
PsFluSBW25_chrm01_circ_6439584	Pf_BP_2_D336_S38_L001-L004_merged	7	0.0000	0.0000	1.0000
PsFluSBW25_chrm01_circ_6439584	Pf_BP_2_D364_S71_L001-L004_merged	7	0.0000	0.0000	1.0000
PsFluSBW25_chrm01_circ_6439584	Pf_BP_2_D392_S101_L001-L004_merged	7	0.0000	0.0000	1.0000
PsFluSBW25_chrm01_circ_6439584	Pf_BP_2_D420_S50_L001-L004_merged	7	0.0000	0.0000	1.0000
PsFluSBW25_chrm01_circ_6439584	Pf_BP_2_D448_S83_L001-L004_merged	7	0.0000	0.0000	1.0000
PsFluSBW25_chrm01_circ_6439584	Pf_BP_2_D476_S62_L001-L004_merged	7	0.0000	0.0000	1.0000
PsFluSBW25_chrm01_circ_6439584	Pf_BP_2_D504_S161_L001-L004_merged	7	0.0000	0.0000	1.0000
PsFluSBW25_chrm01_circ_6439584	Pf_BP_2_D532_S126_L001-L004_merged	7	0.0000	0.0000	1.0000
PsFluSBW25_chrm01_circ_6439584	Pf_BP_2_D56_S56_L001-L004_merged	7	0.0000	0.0000	1.0000
PsFluSBW25_chrm01_circ_6439584	Pf_BP_2_D588_S86_L001-L004_merged	7	0.0125	0.0043	1.0000
PsFluSBW25_chrm01_circ_6439584	Pf_BP_2_D623_S104_L001-L004_merged	7	0.0313	0.0030	1.0000
PsFluSBW25_chrm01_circ_6439584	Pf_BP_2_D644_S152_L001-L004_merged	7	0.0487	0.0041	1.0000
PsFluSBW25_chrm01_circ_6439584	Pf_BP_2_D700_S177_L001-L004_merged	7	0.0320	0.0037	1.0000
PsFluSBW25_chrm01_circ_6439584	Pf_BP_2_D728_S118_L001-L004_merged	7	0.1350	0.0062	1.0000
PsFluSBW25_chrm01_circ_6439584	Pf_BP_2_D756_S154_L001-L004_merged	7	0.2689	0.0086	1.0000
PsFluSBW25_chrm01_circ_6439584	Pf_BP_2_D784_S95_L001-L004_merged	7	0.3502	0.0084	1.0000
PsFluSBW25_chrm01_circ_6439584	Pf_BP_2_D84_S2_L001-L004_merged	7	0.0000	0.0000	1.0000
PsFluSBW25_chrm01_circ_6447702	PS_Pf_r02_2017_01_09_L001	7	0.0000	0.0000	1.0000
PsFluSBW25_chrm01_circ_6447702	Pf_BP_2_D112_S35_L001-L004_merged	7	0.0000	0.0000	1.0000
PsFluSBW25_chrm01_circ_6447702	Pf_BP_2_D140_S68_L001-L004_merged	7	0.0000	0.0000	1.0000
PsFluSBW25_chrm01_circ_6447702	Pf_BP_2_D168_S14_L001-L004_merged	7	0.0000	0.0000	1.0000
PsFluSBW25_chrm01_circ_6447702	Pf_BP_2_D196_S47_L001-L004_merged	7	0.0000	0.0000	1.0000
PsFluSBW25_chrm01_circ_6447702	Pf_BP_2_D224_S80_L001-L004_merged	7	0.0000	0.0000	1.0000
PsFluSBW25_chrm01_circ_6447702	Pf_BP_2_D252_S26_L001-L004_merged	7	0.0000	0.0000	1.0000
PsFluSBW25_chrm01_circ_6447702	Pf_BP_2_D279_S59_L001-L004_merged	7	0.0000	0.0000	1.0000
PsFluSBW25_chrm01_circ_6447702	Pf_BP_2_D28_S12_L001-L004_merged	7	0.0000	0.0000	1.0000
PsFluSBW25_chrm01_circ_6447702	Pf_BP_2_D310_S5_L001-L004_merged	7	0.0000	0.0000	1.0000
PsFluSBW25_chrm01_circ_6447702	Pf_BP_2_D336_S38_L001-L004_merged	7	0.0000	0.0000	1.0000
PsFluSBW25_chrm01_circ_6447702	Pf_BP_2_D364_S71_L001-L004_merged	7	0.0000	0.0000	1.0000
PsFluSBW25_chrm01_circ_6447702	Pf_BP_2_D392_S101_L001-L004_merged	7	0.0000	0.0000	1.0000
PsFluSBW25_chrm01_circ_6447702	Pf_BP_2_D420_S50_L001-L004_merged	7	0.0000	0.0000	1.0000
PsFluSBW25_chrm01_circ_6447702	Pf_BP_2_D448_S83_L001-L004_merged	7	0.0000	0.0000	1.0000
PsFluSBW25_chrm01_circ_6447702	Pf_BP_2_D476_S62_L001-L004_merged	7	0.0000	0.0000	1.0000
PsFluSBW25_chrm01_circ_6447702	Pf_BP_2_D504_S161_L001-L004_merged	7	0.0000	0.0000	1.0000
PsFluSBW25_chrm01_circ_6447702	Pf_BP_2_D532_S126_L001-L004_merged	7	0.0000	0.0000	1.0000
PsFluSBW25_chrm01_circ_6447702	Pf_BP_2_D56_S56_L001-L004_merged	7	0.0000	0.0000	1.0000
PsFluSBW25_chrm01_circ_6447702	Pf_BP_2_D588_S86_L001-L004_merged	7	0.0125	0.0043	1.0000
PsFluSBW25_chrm01_circ_6447702	Pf_BP_2_D623_S104_L001-L004_merged	7	0.0313	0.0030	1.0000
PsFluSBW25_chrm01_circ_6447702	Pf_BP_2_D644_S152_L001-L004_merged	7	0.0487	0.0041	1.0000
PsFluSBW25_chrm01_circ_6447702	Pf_BP_2_D700_S177_L001-L004_merged	7	0.0320	0.0037	1.0000
PsFluSBW25_chrm01_circ_6447702	Pf_BP_2_D728_S118_L001-L004_merged	7	0.1350	0.0062	1.0000
PsFluSBW25_chrm01_circ_6447702	Pf_BP_2_D756_S154_L001-L004_merged	7	0.2689	0.0086	1.0000
PsFluSBW25_chrm01_circ_6447702	Pf_BP_2_D784_S95_L001-L004_merged	7	0.3502	0.0084	1.0000
PsFluSBW25_chrm01_circ_6447702	Pf_BP_2_D84_S2_L001-L004_merged	7	0.0000	0.0000	1.0000
PsFluSBW25_chrm01_circ_6522316	PS_Pf_r02_2017_01_09_L001	7	0.0000	0.0000	1.0000
PsFluSBW25_chrm01_circ_6522316	Pf_BP_2_D112_S35_L001-L004_merged	7	0.0000	0.0000	1.0000
PsFluSBW25_chrm01_circ_6522316	Pf_BP_2_D140_S68_L001-L004_merged	7	0.0000	0.0000	1.0000
PsFluSBW25_chrm01_circ_6522316	Pf_BP_2_D168_S14_L001-L004_merged	7	0.0000	0.0000	1.0000
PsFluSBW25_chrm01_circ_6522316	Pf_BP_2_D196_S47_L001-L004_merged	7	0.0000	0.0000	1.0000
PsFluSBW25_chrm01_circ_6522316	Pf_BP_2_D224_S80_L001-L004_merged	7	0.0000	0.0000	1.0000
PsFluSBW25_chrm01_circ_6522316	Pf_BP_2_D252_S26_L001-L004_merged	7	0.0000	0.0000	1.0000
PsFluSBW25_chrm01_circ_6522316	Pf_BP_2_D279_S59_L001-L004_merged	7	0.0000	0.0000	1.0000
PsFluSBW25_chrm01_circ_6522316	Pf_BP_2_D28_S12_L001-L004_merged	7	0.0000	0.0000	1.0000
PsFluSBW25_chrm01_circ_6522316	Pf_BP_2_D310_S5_L001-L004_merged	7	0.0000	0.0000	1.0000
PsFluSBW25_chrm01_circ_6522316	Pf_BP_2_D336_S38_L001-L004_merged	7	0.0000	0.0000	1.0000
PsFluSBW25_chrm01_circ_6522316	Pf_BP_2_D364_S71_L001-L004_merged	7	0.0000	0.0000	1.0000
PsFluSBW25_chrm01_circ_6522316	Pf_BP_2_D392_S101_L001-L004_merged	7	0.0000	0.0000	1.0000
PsFluSBW25_chrm01_circ_6522316	Pf_BP_2_D420_S50_L001-L004_merged	7	0.0000	0.0000	1.0000
PsFluSBW25_chrm01_circ_6522316	Pf_BP_2_D448_S83_L001-L004_merged	7	0.0000	0.0000	1.0000
PsFluSBW25_chrm01_circ_6522316	Pf_BP_2_D476_S62_L001-L004_merged	7	0.0000	0.0000	1.0000
PsFluSBW25_chrm01_circ_6522316	Pf_BP_2_D504_S161_L001-L004_merged	7	0.0000	0.0000	1.0000
PsFluSBW25_chrm01_circ_6522316	Pf_BP_2_D532_S126_L001-L004_merged	7	0.0000	0.0000	1.0000
PsFluSBW25_chrm01_circ_6522316	Pf_BP_2_D56_S56_L001-L004_merged	7	0.0000	0.0000	1.0000
PsFluSBW25_chrm01_circ_6522316	Pf_BP_2_D588_S86_L001-L004_merged	7	0.0125	0.0043	1.0000
PsFluSBW25_chrm01_circ_6522316	Pf_BP_2_D623_S104_L001-L004_merged	7	0.0313	0.0030	1.0000
PsFluSBW25_chrm01_circ_6522316	Pf_BP_2_D644_S152_L001-L004_merged	7	0.0487	0.0041	1.0000
PsFluSBW25_chrm01_circ_6522316	Pf_BP_2_D700_S177_L001-L004_merged	7	0.0320	0.0037	1.0000
PsFluSBW25_chrm01_circ_6522316	Pf_BP_2_D728_S118_L001-L004_merged	7	0.1350	0.0062	1.0000
PsFluSBW25_chrm01_circ_6522316	Pf_BP_2_D756_S154_L001-L004_merged	7	0.2689	0.0086	1.0000
PsFluSBW25_chrm01_circ_6522316	Pf_BP_2_D784_S95_L001-L004_merged	7	0.3502	0.0084	1.0000
PsFluSBW25_chrm01_circ_6522316	Pf_BP_2_D84_S2_L001-L004_merged	7	0.0000	0.0000	1.0000
PsFluSBW25_chrm01_circ_668757	PS_Pf_r02_2017_01_09_L001	7	0.0000	0.0000	1.0000
PsFluSBW25_chrm01_circ_668757	Pf_BP_2_D112_S35_L001-L004_merged	7	0.0000	0.0000	1.0000
PsFluSBW25_chrm01_circ_668757	Pf_BP_2_D140_S68_L001-L004_merged	7	0.0000	0.0000	1.0000
PsFluSBW25_chrm01_circ_668757	Pf_BP_2_D168_S14_L001-L004_merged	7	0.0000	0.0000	1.0000
PsFluSBW25_chrm01_circ_668757	Pf_BP_2_D196_S47_L001-L004_merged	7	0.0000	0.0000	1.0000
PsFluSBW25_chrm01_circ_668757	Pf_BP_2_D224_S80_L001-L004_merged	7	0.0000	0.0000	1.0000
PsFluSBW25_chrm01_circ_668757	Pf_BP_2_D252_S26_L001-L004_merged	7	0.0000	0.0000	1.0000
PsFluSBW25_chrm01_circ_668757	Pf_BP_2_D279_S59_L001-L004_merged	7	0.0000	0.0000	1.0000
PsFluSBW25_chrm01_circ_668757	Pf_BP_2_D28_S12_L001-L004_merged	7	0.0000	0.0000	1.0000
PsFluSBW25_chrm01_circ_668757	Pf_BP_2_D310_S5_L001-L004_merged	7	0.0000	0.0000	1.0000
PsFluSBW25_chrm01_circ_668757	Pf_BP_2_D336_S38_L001-L004_merged	7	0.0000	0.0000	1.0000
PsFluSBW25_chrm01_circ_668757	Pf_BP_2_D364_S71_L001-L004_merged	7	0.0000	0.0000	1.0000
PsFluSBW25_chrm01_circ_668757	Pf_BP_2_D392_S101_L001-L004_merged	7	0.0000	0.0000	1.0000
PsFluSBW25_chrm01_circ_668757	Pf_BP_2_D420_S50_L001-L004_merged	7	0.0000	0.0000	1.0000
PsFluSBW25_chrm01_circ_668757	Pf_BP_2_D448_S83_L001-L004_merged	7	0.0000	0.0000	1.0000
PsFluSBW25_chrm01_circ_668757	Pf_BP_2_D476_S62_L001-L004_merged	7	0.0000	0.0000	1.0000
PsFluSBW25_chrm01_circ_668757	Pf_BP_2_D504_S161_L001-L004_merged	7	0.0000	0.0000	1.0000
PsFluSBW25_chrm01_circ_668757	Pf_BP_2_D532_S126_L001-L004_merged	7	0.0000	0.0000	1.0000
PsFluSBW25_chrm01_circ_668757	Pf_BP_2_D56_S56_L001-L004_merged	7	0.0000	0.0000	1.0000
PsFluSBW25_chrm01_circ_668757	Pf_BP_2_D588_S86_L001-L004_merged	7	0.0125	0.0043	1.0000
PsFluSBW25_chrm01_circ_668757	Pf_BP_2_D623_S104_L001-L004_merged	7	0.0313	0.0030	1.0000
PsFluSBW25_chrm01_circ_668757	Pf_BP_2_D644_S152_L001-L004_merged	7	0.0487	0.0041	1.0000
PsFluSBW25_chrm01_circ_668757	Pf_BP_2_D700_S177_L001-L004_merged	7	0.0320	0.0037	1.0000
PsFluSBW25_chrm01_circ_668757	Pf_BP_2_D728_S118_L001-L004_merged	7	0.1350	0.0062	1.0000
PsFluSBW25_chrm01_circ_668757	Pf_BP_2_D756_S154_L001-L004_merged	7	0.2689	0.0086	1.0000
PsFluSBW25_chrm01_circ_668757	Pf_BP_2_D784_S95_L001-L004_merged	7	0.3502	0.0084	1.0000
PsFluSBW25_chrm01_circ_668757	Pf_BP_2_D84_S2_L001-L004_merged	7	0.0000	0.0000	1.0000
PsFluSBW25_chrm01_circ_6706740	PS_Pf_r02_2017_01_09_L001	7	0.0000	0.0000	1.0000
PsFluSBW25_chrm01_circ_6706740	Pf_BP_2_D112_S35_L001-L004_merged	7	0.0000	0.0000	1.0000
PsFluSBW25_chrm01_circ_6706740	Pf_BP_2_D140_S68_L001-L004_merged	7	0.0000	0.0000	1.0000
PsFluSBW25_chrm01_circ_6706740	Pf_BP_2_D168_S14_L001-L004_merged	7	0.0000	0.0000	1.0000
PsFluSBW25_chrm01_circ_6706740	Pf_BP_2_D196_S47_L001-L004_merged	7	0.0000	0.0000	1.0000
PsFluSBW25_chrm01_circ_6706740	Pf_BP_2_D224_S80_L001-L004_merged	7	0.0000	0.0000	1.0000
PsFluSBW25_chrm01_circ_6706740	Pf_BP_2_D252_S26_L001-L004_merged	7	0.0000	0.0000	1.0000
PsFluSBW25_chrm01_circ_6706740	Pf_BP_2_D279_S59_L001-L004_merged	7	0.0000	0.0000	1.0000
PsFluSBW25_chrm01_circ_6706740	Pf_BP_2_D28_S12_L001-L004_merged	7	0.0000	0.0000	1.0000
PsFluSBW25_chrm01_circ_6706740	Pf_BP_2_D310_S5_L001-L004_merged	7	0.0000	0.0000	1.0000
PsFluSBW25_chrm01_circ_6706740	Pf_BP_2_D336_S38_L001-L004_merged	7	0.0000	0.0000	1.0000
PsFluSBW25_chrm01_circ_6706740	Pf_BP_2_D364_S71_L001-L004_merged	7	0.0000	0.0000	1.0000
PsFluSBW25_chrm01_circ_6706740	Pf_BP_2_D392_S101_L001-L004_merged	7	0.0000	0.0000	1.0000
PsFluSBW25_chrm01_circ_6706740	Pf_BP_2_D420_S50_L001-L004_merged	7	0.0000	0.0000	1.0000
PsFluSBW25_chrm01_circ_6706740	Pf_BP_2_D448_S83_L001-L004_merged	7	0.0000	0.0000	1.0000
PsFluSBW25_chrm01_circ_6706740	Pf_BP_2_D476_S62_L001-L004_merged	7	0.0000	0.0000	1.0000
PsFluSBW25_chrm01_circ_6706740	Pf_BP_2_D504_S161_L001-L004_merged	7	0.0000	0.0000	1.0000
PsFluSBW25_chrm01_circ_6706740	Pf_BP_2_D532_S126_L001-L004_merged	7	0.0000	0.0000	1.0000
PsFluSBW25_chrm01_circ_6706740	Pf_BP_2_D56_S56_L001-L004_merged	7	0.0000	0.0000	1.0000
PsFluSBW25_chrm01_circ_6706740	Pf_BP_2_D588_S86_L001-L004_merged	7	0.0125	0.0043	1.0000
PsFluSBW25_chrm01_circ_6706740	Pf_BP_2_D623_S104_L001-L004_merged	7	0.0313	0.0030	1.0000
PsFluSBW25_chrm01_circ_6706740	Pf_BP_2_D644_S152_L001-L004_merged	7	0.0487	0.0041	1.0000
PsFluSBW25_chrm01_circ_6706740	Pf_BP_2_D700_S177_L001-L004_merged	7	0.0320	0.0037	1.0000
PsFluSBW25_chrm01_circ_6706740	Pf_BP_2_D728_S118_L001-L004_merged	7	0.1350	0.0062	1.0000
PsFluSBW25_chrm01_circ_6706740	Pf_BP_2_D756_S154_L001-L004_merged	7	0.2689	0.0086	1.0000
PsFluSBW25_chrm01_circ_6706740	Pf_BP_2_D784_S95_L001-L004_merged	7	0.3502	0.0084	1.0000
PsFluSBW25_chrm01_circ_6706740	Pf_BP_2_D84_S2_L001-L004_merged	7	0.0000	0.0000	1.0000
PsFluSBW25_chrm01_circ_703047	PS_Pf_r02_2017_01_09_L001	7	0.0000	0.0000	1.0000
PsFluSBW25_chrm01_circ_703047	Pf_BP_2_D112_S35_L001-L004_merged	7	0.0000	0.0000	1.0000
PsFluSBW25_chrm01_circ_703047	Pf_BP_2_D140_S68_L001-L004_merged	7	0.0000	0.0000	1.0000
PsFluSBW25_chrm01_circ_703047	Pf_BP_2_D168_S14_L001-L004_merged	7	0.0000	0.0000	1.0000
PsFluSBW25_chrm01_circ_703047	Pf_BP_2_D196_S47_L001-L004_merged	7	0.0000	0.0000	1.0000
PsFluSBW25_chrm01_circ_703047	Pf_BP_2_D224_S80_L001-L004_merged	7	0.0000	0.0000	1.0000
PsFluSBW25_chrm01_circ_703047	Pf_BP_2_D252_S26_L001-L004_merged	7	0.0000	0.0000	1.0000
PsFluSBW25_chrm01_circ_703047	Pf_BP_2_D279_S59_L001-L004_merged	7	0.0000	0.0000	1.0000
PsFluSBW25_chrm01_circ_703047	Pf_BP_2_D28_S12_L001-L004_merged	7	0.0000	0.0000	1.0000
PsFluSBW25_chrm01_circ_703047	Pf_BP_2_D310_S5_L001-L004_merged	7	0.0000	0.0000	1.0000
PsFluSBW25_chrm01_circ_703047	Pf_BP_2_D336_S38_L001-L004_merged	7	0.0000	0.0000	1.0000
PsFluSBW25_chrm01_circ_703047	Pf_BP_2_D364_S71_L001-L004_merged	7	0.0000	0.0000	1.0000
PsFluSBW25_chrm01_circ_703047	Pf_BP_2_D392_S101_L001-L004_merged	7	0.0000	0.0000	1.0000
PsFluSBW25_chrm01_circ_703047	Pf_BP_2_D420_S50_L001-L004_merged	7	0.0000	0.0000	1.0000
PsFluSBW25_chrm01_circ_703047	Pf_BP_2_D448_S83_L001-L004_merged	7	0.0000	0.0000	1.0000
PsFluSBW25_chrm01_circ_703047	Pf_BP_2_D476_S62_L001-L004_merged	7	0.0000	0.0000	1.0000
PsFluSBW25_chrm01_circ_703047	Pf_BP_2_D504_S161_L001-L004_merged	7	0.0000	0.0000	1.0000
PsFluSBW25_chrm01_circ_703047	Pf_BP_2_D532_S126_L001-L004_merged	7	0.0000	0.0000	1.0000
PsFluSBW25_chrm01_circ_703047	Pf_BP_2_D56_S56_L001-L004_merged	7	0.0000	0.0000	1.0000
PsFluSBW25_chrm01_circ_703047	Pf_BP_2_D588_S86_L001-L004_merged	7	0.0125	0.0043	1.0000
PsFluSBW25_chrm01_circ_703047	Pf_BP_2_D623_S104_L001-L004_merged	7	0.0313	0.0030	1.0000
PsFluSBW25_chrm01_circ_703047	Pf_BP_2_D644_S152_L001-L004_merged	7	0.0487	0.0041	1.0000
PsFluSBW25_chrm01_circ_703047	Pf_BP_2_D700_S177_L001-L004_merged	7	0.0320	0.0037	1.0000
PsFluSBW25_chrm01_circ_703047	Pf_BP_2_D728_S118_L001-L004_merged	7	0.1350	0.0062	1.0000
PsFluSBW25_chrm01_circ_703047	Pf_BP_2_D756_S154_L001-L004_merged	7	0.2689	0.0086	1.0000
PsFluSBW25_chrm01_circ_703047	Pf_BP_2_D784_S95_L001-L004_merged	7	0.3502	0.0084	1.0000
PsFluSBW25_chrm01_circ_703047	Pf_BP_2_D84_S2_L001-L004_merged	7	0.0000	0.0000	1.0000
PsFluSBW25_chrm01_circ_725135	PS_Pf_r02_2017_01_09_L001	7	0.0000	0.0000	1.0000
PsFluSBW25_chrm01_circ_725135	Pf_BP_2_D112_S35_L001-L004_merged	7	0.0000	0.0000	1.0000
PsFluSBW25_chrm01_circ_725135	Pf_BP_2_D140_S68_L001-L004_merged	7	0.0000	0.0000	1.0000
PsFluSBW25_chrm01_circ_725135	Pf_BP_2_D168_S14_L001-L004_merged	7	0.0000	0.0000	1.0000
PsFluSBW25_chrm01_circ_725135	Pf_BP_2_D196_S47_L001-L004_merged	7	0.0000	0.0000	1.0000
PsFluSBW25_chrm01_circ_725135	Pf_BP_2_D224_S80_L001-L004_merged	7	0.0000	0.0000	1.0000
PsFluSBW25_chrm01_circ_725135	Pf_BP_2_D252_S26_L001-L004_merged	7	0.0000	0.0000	1.0000
PsFluSBW25_chrm01_circ_725135	Pf_BP_2_D279_S59_L001-L004_merged	7	0.0000	0.0000	1.0000
PsFluSBW25_chrm01_circ_725135	Pf_BP_2_D28_S12_L001-L004_merged	7	0.0000	0.0000	1.0000
PsFluSBW25_chrm01_circ_725135	Pf_BP_2_D310_S5_L001-L004_merged	7	0.0000	0.0000	1.0000
PsFluSBW25_chrm01_circ_725135	Pf_BP_2_D336_S38_L001-L004_merged	7	0.0000	0.0000	1.0000
PsFluSBW25_chrm01_circ_725135	Pf_BP_2_D364_S71_L001-L004_merged	7	0.0000	0.0000	1.0000
PsFluSBW25_chrm01_circ_725135	Pf_BP_2_D392_S101_L001-L004_merged	7	0.0000	0.0000	1.0000
PsFluSBW25_chrm01_circ_725135	Pf_BP_2_D420_S50_L001-L004_merged	7	0.0000	0.0000	1.0000
PsFluSBW25_chrm01_circ_725135	Pf_BP_2_D448_S83_L001-L004_merged	7	0.0000	0.0000	1.0000
PsFluSBW25_chrm01_circ_725135	Pf_BP_2_D476_S62_L001-L004_merged	7	0.0000	0.0000	1.0000
PsFluSBW25_chrm01_circ_725135	Pf_BP_2_D504_S161_L001-L004_merged	7	0.0000	0.0000	1.0000
PsFluSBW25_chrm01_circ_725135	Pf_BP_2_D532_S126_L001-L004_merged	7	0.0000	0.0000	1.0000
PsFluSBW25_chrm01_circ_725135	Pf_BP_2_D56_S56_L001-L004_merged	7	0.0000	0.0000	1.0000
PsFluSBW25_chrm01_circ_725135	Pf_BP_2_D588_S86_L001-L004_merged	7	0.0125	0.0043	1.0000
PsFluSBW25_chrm01_circ_725135	Pf_BP_2_D623_S104_L001-L004_merged	7	0.0313	0.0030	1.0000
PsFluSBW25_chrm01_circ_725135	Pf_BP_2_D644_S152_L001-L004_merged	7	0.0487	0.0041	1.0000
PsFluSBW25_chrm01_circ_725135	Pf_BP_2_D700_S177_L001-L004_merged	7	0.0320	0.0037	1.0000
PsFluSBW25_chrm01_circ_725135	Pf_BP_2_D728_S118_L001-L004_merged	7	0.1350	0.0062	1.0000
PsFluSBW25_chrm01_circ_725135	Pf_BP_2_D756_S154_L001-L004_merged	7	0.2689	0.0086	1.0000
PsFluSBW25_chrm01_circ_725135	Pf_BP_2_D784_S95_L001-L004_merged	7	0.3502	0.0084	1.0000
PsFluSBW25_chrm01_circ_725135	Pf_BP_2_D84_S2_L001-L004_merged	7	0.0000	0.0000	1.0000
PsFluSBW25_chrm01_circ_725647	PS_Pf_r02_2017_01_09_L001	7	0.0000	0.0000	1.0000
PsFluSBW25_chrm01_circ_725647	Pf_BP_2_D112_S35_L001-L004_merged	7	0.0000	0.0000	1.0000
PsFluSBW25_chrm01_circ_725647	Pf_BP_2_D140_S68_L001-L004_merged	7	0.0000	0.0000	1.0000
PsFluSBW25_chrm01_circ_725647	Pf_BP_2_D168_S14_L001-L004_merged	7	0.0000	0.0000	1.0000
PsFluSBW25_chrm01_circ_725647	Pf_BP_2_D196_S47_L001-L004_merged	7	0.0000	0.0000	1.0000
PsFluSBW25_chrm01_circ_725647	Pf_BP_2_D224_S80_L001-L004_merged	7	0.0000	0.0000	1.0000
PsFluSBW25_chrm01_circ_725647	Pf_BP_2_D252_S26_L001-L004_merged	7	0.0000	0.0000	1.0000
PsFluSBW25_chrm01_circ_725647	Pf_BP_2_D279_S59_L001-L004_merged	7	0.0000	0.0000	1.0000
PsFluSBW25_chrm01_circ_725647	Pf_BP_2_D28_S12_L001-L004_merged	7	0.0000	0.0000	1.0000
PsFluSBW25_chrm01_circ_725647	Pf_BP_2_D310_S5_L001-L004_merged	7	0.0000	0.0000	1.0000
PsFluSBW25_chrm01_circ_725647	Pf_BP_2_D336_S38_L001-L004_merged	7	0.0000	0.0000	1.0000
PsFluSBW25_chrm01_circ_725647	Pf_BP_2_D364_S71_L001-L004_merged	7	0.0000	0.0000	1.0000
PsFluSBW25_chrm01_circ_725647	Pf_BP_2_D392_S101_L001-L004_merged	7	0.0000	0.0000	1.0000
PsFluSBW25_chrm01_circ_725647	Pf_BP_2_D420_S50_L001-L004_merged	7	0.0000	0.0000	1.0000
PsFluSBW25_chrm01_circ_725647	Pf_BP_2_D448_S83_L001-L004_merged	7	0.0000	0.0000	1.0000
PsFluSBW25_chrm01_circ_725647	Pf_BP_2_D476_S62_L001-L004_merged	7	0.0000	0.0000	1.0000
PsFluSBW25_chrm01_circ_725647	Pf_BP_2_D504_S161_L001-L004_merged	7	0.0000	0.0000	1.0000
PsFluSBW25_chrm01_circ_725647	Pf_BP_2_D532_S126_L001-L004_merged	7	0.0000	0.0000	1.0000
PsFluSBW25_chrm01_circ_725647	Pf_BP_2_D56_S56_L001-L004_merged	7	0.0000	0.0000	1.0000
PsFluSBW25_chrm01_circ_725647	Pf_BP_2_D588_S86_L001-L004_merged	7	0.0125	0.0043	1.0000
PsFluSBW25_chrm01_circ_725647	Pf_BP_2_D623_S104_L001-L004_merged	7	0.0313	0.0030	1.0000
PsFluSBW25_chrm01_circ_725647	Pf_BP_2_D644_S152_L001-L004_merged	7	0.0487	0.0041	1.0000
PsFluSBW25_chrm01_circ_725647	Pf_BP_2_D700_S177_L001-L004_merged	7	0.0320	0.0037	1.0000
PsFluSBW25_chrm01_circ_725647	Pf_BP_2_D728_S118_L001-L004_merged	7	0.1350	0.0062	1.0000
PsFluSBW25_chrm01_circ_725647	Pf_BP_2_D756_S154_L001-L004_merged	7	0.2689	0.0086	1.0000
PsFluSBW25_chrm01_circ_725647	Pf_BP_2_D784_S95_L001-L004_merged	7	0.3502	0.0084	1.0000
PsFluSBW25_chrm01_circ_725647	Pf_BP_2_D84_S2_L001-L004_merged	7	0.0000	0.0000	1.0000
PsFluSBW25_chrm01_circ_925508	PS_Pf_r02_2017_01_09_L001	7	0.0000	0.0000	1.0000
PsFluSBW25_chrm01_circ_925508	Pf_BP_2_D112_S35_L001-L004_merged	7	0.0000	0.0000	1.0000
PsFluSBW25_chrm01_circ_925508	Pf_BP_2_D140_S68_L001-L004_merged	7	0.0000	0.0000	1.0000
PsFluSBW25_chrm01_circ_925508	Pf_BP_2_D168_S14_L001-L004_merged	7	0.0000	0.0000	1.0000
PsFluSBW25_chrm01_circ_925508	Pf_BP_2_D196_S47_L001-L004_merged	7	0.0000	0.0000	1.0000
PsFluSBW25_chrm01_circ_925508	Pf_BP_2_D224_S80_L001-L004_merged	7	0.0000	0.0000	1.0000
PsFluSBW25_chrm01_circ_925508	Pf_BP_2_D252_S26_L001-L004_merged	7	0.0000	0.0000	1.0000
PsFluSBW25_chrm01_circ_925508	Pf_BP_2_D279_S59_L001-L004_merged	7	0.0000	0.0000	1.0000
PsFluSBW25_chrm01_circ_925508	Pf_BP_2_D28_S12_L001-L004_merged	7	0.0000	0.0000	1.0000
PsFluSBW25_chrm01_circ_925508	Pf_BP_2_D310_S5_L001-L004_merged	7	0.0000	0.0000	1.0000
PsFluSBW25_chrm01_circ_925508	Pf_BP_2_D336_S38_L001-L004_merged	7	0.0000	0.0000	1.0000
PsFluSBW25_chrm01_circ_925508	Pf_BP_2_D364_S71_L001-L004_merged	7	0.0000	0.0000	1.0000
PsFluSBW25_chrm01_circ_925508	Pf_BP_2_D392_S101_L001-L004_merged	7	0.0000	0.0000	1.0000
PsFluSBW25_chrm01_circ_925508	Pf_BP_2_D420_S50_L001-L004_merged	7	0.0000	0.0000	1.0000
PsFluSBW25_chrm01_circ_925508	Pf_BP_2_D448_S83_L001-L004_merged	7	0.0000	0.0000	1.0000
PsFluSBW25_chrm01_circ_925508	Pf_BP_2_D476_S62_L001-L004_merged	7	0.0000	0.0000	1.0000
PsFluSBW25_chrm01_circ_925508	Pf_BP_2_D504_S161_L001-L004_merged	7	0.0000	0.0000	1.0000
PsFluSBW25_chrm01_circ_925508	Pf_BP_2_D532_S126_L001-L004_merged	7	0.0000	0.0000	1.0000
PsFluSBW25_chrm01_circ_925508	Pf_BP_2_D56_S56_L001-L004_merged	7	0.0000	0.0000	1.0000
PsFluSBW25_chrm01_circ_925508	Pf_BP_2_D588_S86_L001-L004_merged	7	0.0125	0.0043	1.0000
PsFluSBW25_chrm01_circ_925508	Pf_BP_2_D623_S104_L001-L004_merged	7	0.0313	0.0030	1.0000
PsFluSBW25_chrm01_circ_925508	Pf_BP_2_D644_S152_L001-L004_merged	7	0.0487	0.0041	1.0000
PsFluSBW25_chrm01_circ_925508	Pf_BP_2_D700_S177_L001-L004_merged	7	0.0320	0.0037	1.0000
PsFluSBW25_chrm01_circ_925508	Pf_BP_2_D728_S118_L001-L004_merged	7	0.1350	0.0062	1.0000
PsFluSBW25_chrm01_circ_925508	Pf_BP_2_D756_S154_L001-L004_merged	7	0.2689	0.0086	1.0000
PsFluSBW25_chrm01_circ_925508	Pf_BP_2_D784_S95_L001-L004_merged	7	0.3502	0.0084	1.0000
PsFluSBW25_chrm01_circ_925508	Pf_BP_2_D84_S2_L001-L004_merged	7	0.0000	0.0000	1.0000
PsFluSBW25_chrm01_circ_935503	PS_Pf_r02_2017_01_09_L001	7	0.0000	0.0000	1.0000
PsFluSBW25_chrm01_circ_935503	Pf_BP_2_D112_S35_L001-L004_merged	7	0.0000	0.0000	1.0000
PsFluSBW25_chrm01_circ_935503	Pf_BP_2_D140_S68_L001-L004_merged	7	0.0000	0.0000	1.0000
PsFluSBW25_chrm01_circ_935503	Pf_BP_2_D168_S14_L001-L004_merged	7	0.0000	0.0000	1.0000
PsFluSBW25_chrm01_circ_935503	Pf_BP_2_D196_S47_L001-L004_merged	7	0.0000	0.0000	1.0000
PsFluSBW25_chrm01_circ_935503	Pf_BP_2_D224_S80_L001-L004_merged	7	0.0000	0.0000	1.0000
PsFluSBW25_chrm01_circ_935503	Pf_BP_2_D252_S26_L001-L004_merged	7	0.0000	0.0000	1.0000
PsFluSBW25_chrm01_circ_935503	Pf_BP_2_D279_S59_L001-L004_merged	7	0.0000	0.0000	1.0000
PsFluSBW25_chrm01_circ_935503	Pf_BP_2_D28_S12_L001-L004_merged	7	0.0000	0.0000	1.0000
PsFluSBW25_chrm01_circ_935503	Pf_BP_2_D310_S5_L001-L004_merged	7	0.0000	0.0000	1.0000
PsFluSBW25_chrm01_circ_935503	Pf_BP_2_D336_S38_L001-L004_merged	7	0.0000	0.0000	1.0000
PsFluSBW25_chrm01_circ_935503	Pf_BP_2_D364_S71_L001-L004_merged	7	0.0000	0.0000	1.0000
PsFluSBW25_chrm01_circ_935503	Pf_BP_2_D392_S101_L001-L004_merged	7	0.0000	0.0000	1.0000
PsFluSBW25_chrm01_circ_935503	Pf_BP_2_D420_S50_L001-L004_merged	7	0.0000	0.0000	1.0000
PsFluSBW25_chrm01_circ_935503	Pf_BP_2_D448_S83_L001-L004_merged	7	0.0000	0.0000	1.0000
PsFluSBW25_chrm01_circ_935503	Pf_BP_2_D476_S62_L001-L004_merged	7	0.0000	0.0000	1.0000
PsFluSBW25_chrm01_circ_935503	Pf_BP_2_D504_S161_L001-L004_merged	7	0.0000	0.0000	1.0000
PsFluSBW25_chrm01_circ_935503	Pf_BP_2_D532_S126_L001-L004_merged	7	0.0000	0.0000	1.0000
PsFluSBW25_chrm01_circ_935503	Pf_BP_2_D56_S56_L001-L004_merged	7	0.0000	0.0000	1.0000
PsFluSBW25_chrm01_circ_935503	Pf_BP_2_D588_S86_L001-L004_merged	7	0.0125	0.0043	1.0000
PsFluSBW25_chrm01_circ_935503	Pf_BP_2_D623_S104_L001-L004_merged	7	0.0313	0.0030	1.0000
PsFluSBW25_chrm01_circ_935503	Pf_BP_2_D644_S152_L001-L004_merged	7	0.0487	0.0041	1.0000
PsFluSBW25_chrm01_circ_935503	Pf_BP_2_D700_S177_L001-L004_merged	7	0.0320	0.0037	1.0000
PsFluSBW25_chrm01_circ_935503	Pf_BP_2_D728_S118_L001-L004_merged	7	0.1350	0.0062	1.0000
PsFluSBW25_chrm01_circ_935503	Pf_BP_2_D756_S154_L001-L004_merged	7	0.2689	0.0086	1.0000
PsFluSBW25_chrm01_circ_935503	Pf_BP_2_D784_S95_L001-L004_merged	7	0.3502	0.0084	1.0000
PsFluSBW25_chrm01_circ_935503	Pf_BP_2_D84_S2_L001-L004_merged	7	0.0000	0.0000	1.0000
PsFluSBW25_chrm01_circ_960948	PS_Pf_r02_2017_01_09_L001	7	0.0000	0.0000	1.0000
PsFluSBW25_chrm01_circ_960948	Pf_BP_2_D112_S35_L001-L004_merged	7	0.0000	0.0000	1.0000
PsFluSBW25_chrm01_circ_960948	Pf_BP_2_D140_S68_L001-L004_merged	7	0.0000	0.0000	1.0000
PsFluSBW25_chrm01_circ_960948	Pf_BP_2_D168_S14_L001-L004_merged	7	0.0000	0.0000	1.0000
PsFluSBW25_chrm01_circ_960948	Pf_BP_2_D196_S47_L001-L004_merged	7	0.0000	0.0000	1.0000
PsFluSBW25_chrm01_circ_960948	Pf_BP_2_D224_S80_L001-L004_merged	7	0.0000	0.0000	1.0000
PsFluSBW25_chrm01_circ_960948	Pf_BP_2_D252_S26_L001-L004_merged	7	0.0000	0.0000	1.0000
PsFluSBW25_chrm01_circ_960948	Pf_BP_2_D279_S59_L001-L004_merged	7	0.0000	0.0000	1.0000
PsFluSBW25_chrm01_circ_960948	Pf_BP_2_D28_S12_L001-L004_merged	7	0.0000	0.0000	1.0000
PsFluSBW25_chrm01_circ_960948	Pf_BP_2_D310_S5_L001-L004_merged	7	0.0000	0.0000	1.0000
PsFluSBW25_chrm01_circ_960948	Pf_BP_2_D336_S38_L001-L004_merged	7	0.0000	0.0000	1.0000
PsFluSBW25_chrm01_circ_960948	Pf_BP_2_D364_S71_L001-L004_merged	7	0.0000	0.0000	1.0000
PsFluSBW25_chrm01_circ_960948	Pf_BP_2_D392_S101_L001-L004_merged	7	0.0000	0.0000	1.0000
PsFluSBW25_chrm01_circ_960948	Pf_BP_2_D420_S50_L001-L004_merged	7	0.0000	0.0000	1.0000
PsFluSBW25_chrm01_circ_960948	Pf_BP_2_D448_S83_L001-L004_merged	7	0.0000	0.0000	1.0000
PsFluSBW25_chrm01_circ_960948	Pf_BP_2_D476_S62_L001-L004_merged	7	0.0000	0.0000	1.0000
PsFluSBW25_chrm01_circ_960948	Pf_BP_2_D504_S161_L001-L004_merged	7	0.0000	0.0000	1.0000
PsFluSBW25_chrm01_circ_960948	Pf_BP_2_D532_S126_L001-L004_merged	7	0.0000	0.0000	1.0000
PsFluSBW25_chrm01_circ_960948	Pf_BP_2_D56_S56_L001-L004_merged	7	0.0000	0.0000	1.0000
PsFluSBW25_chrm01_circ_960948	Pf_BP_2_D588_S86_L001-L004_merged	7	0.0125	0.0043	1.0000
PsFluSBW25_chrm01_circ_960948	Pf_BP_2_D623_S104_L001-L004_merged	7	0.0313	0.0030	1.0000
PsFluSBW25_chrm01_circ_960948	Pf_BP_2_D644_S152_L001-L004_merged	7	0.0487	0.0041	1.0000
PsFluSBW25_chrm01_circ_960948	Pf_BP_2_D700_S177_L001-L004_merged	7	0.0320	0.0037	1.0000
PsFluSBW25_chrm01_circ_960948	Pf_BP_2_D728_S118_L001-L004_merged	7	0.1350	0.0062	1.0000
PsFluSBW25_chrm01_circ_960948	Pf_BP_2_D756_S154_L001-L004_merged	7	0.2689	0.0086	1.0000
PsFluSBW25_chrm01_circ_960948	Pf_BP_2_D784_S95_L001-L004_merged	7	0.3502	0.0084	1.0000
PsFluSBW25_chrm01_circ_960948	Pf_BP_2_D84_S2_L001-L004_merged	7	0.0000	0.0000	1.0000
PsFluSBW25_chrm01_circ_966514	PS_Pf_r02_2017_01_09_L001	7	0.0000	0.0000	0.9999
PsFluSBW25_chrm01_circ_966514	Pf_BP_2_D112_S35_L001-L004_merged	7	0.0000	0.0000	0.9999
PsFluSBW25_chrm01_circ_966514	Pf_BP_2_D140_S68_L001-L004_merged	7	0.0000	0.0000	0.9999
PsFluSBW25_chrm01_circ_966514	Pf_BP_2_D168_S14_L001-L004_merged	7	0.0000	0.0000	0.9999
PsFluSBW25_chrm01_circ_966514	Pf_BP_2_D196_S47_L001-L004_merged	7	0.0000	0.0000	0.9999
PsFluSBW25_chrm01_circ_966514	Pf_BP_2_D224_S80_L001-L004_merged	7	0.0000	0.0000	0.9999
PsFluSBW25_chrm01_circ_966514	Pf_BP_2_D252_S26_L001-L004_merged	7	0.0000	0.0000	0.9999
PsFluSBW25_chrm01_circ_966514	Pf_BP_2_D279_S59_L001-L004_merged	7	0.0000	0.0000	0.9999
PsFluSBW25_chrm01_circ_966514	Pf_BP_2_D28_S12_L001-L004_merged	7	0.0000	0.0000	0.9999
PsFluSBW25_chrm01_circ_966514	Pf_BP_2_D310_S5_L001-L004_merged	7	0.0000	0.0000	0.9999
PsFluSBW25_chrm01_circ_966514	Pf_BP_2_D336_S38_L001-L004_merged	7	0.0000	0.0000	0.9999
PsFluSBW25_chrm01_circ_966514	Pf_BP_2_D364_S71_L001-L004_merged	7	0.0000	0.0000	0.9999
PsFluSBW25_chrm01_circ_966514	Pf_BP_2_D392_S101_L001-L004_merged	7	0.0000	0.0000	0.9999
PsFluSBW25_chrm01_circ_966514	Pf_BP_2_D420_S50_L001-L004_merged	7	0.0000	0.0000	0.9999
PsFluSBW25_chrm01_circ_966514	Pf_BP_2_D448_S83_L001-L004_merged	7	0.0000	0.0000	0.9999
PsFluSBW25_chrm01_circ_966514	Pf_BP_2_D476_S62_L001-L004_merged	7	0.0000	0.0000	0.9999
PsFluSBW25_chrm01_circ_966514	Pf_BP_2_D504_S161_L001-L004_merged	7	0.0000	0.0000	0.9999
PsFluSBW25_chrm01_circ_966514	Pf_BP_2_D532_S126_L001-L004_merged	7	0.0000	0.0000	0.9999
PsFluSBW25_chrm01_circ_966514	Pf_BP_2_D56_S56_L001-L004_merged	7	0.0000	0.0000	0.9999
PsFluSBW25_chrm01_circ_966514	Pf_BP_2_D588_S86_L001-L004_merged	7	0.0125	0.0043	0.9999
PsFluSBW25_chrm01_circ_966514	Pf_BP_2_D623_S104_L001-L004_merged	7	0.0313	0.0030	0.9999
PsFluSBW25_chrm01_circ_966514	Pf_BP_2_D644_S152_L001-L004_merged	7	0.0487	0.0041	0.9999
PsFluSBW25_chrm01_circ_966514	Pf_BP_2_D700_S177_L001-L004_merged	7	0.0320	0.0037	0.9999
PsFluSBW25_chrm01_circ_966514	Pf_BP_2_D728_S118_L001-L004_merged	7	0.1350	0.0062	0.9999
PsFluSBW25_chrm01_circ_966514	Pf_BP_2_D756_S154_L001-L004_merged	7	0.2689	0.0086	0.9999
PsFluSBW25_chrm01_circ_966514	Pf_BP_2_D784_S95_L001-L004_merged	7	0.3502	0.0084	0.9999
PsFluSBW25_chrm01_circ_966514	Pf_BP_2_D84_S2_L001-L004_merged	7	0.0000	0.0000	0.9999
