mutation_id	sample_id	cluster_id	cellular_prevalence	cellular_prevalence_std	cluster_assignment_prob
PsFluSBW25_chrm01_circ_213914	PS_Pf_r03_2017_01_09_L001	0	0.0103	0.0015	1.0000
PsFluSBW25_chrm01_circ_213914	Pf_BP_3_D112_S46_L001-L004_merged	0	0.0660	0.0186	1.0000
PsFluSBW25_chrm01_circ_213914	Pf_BP_3_D140_S79_L001-L004_merged	0	0.0424	0.0134	1.0000
PsFluSBW25_chrm01_circ_213914	Pf_BP_3_D168_S25_L001-L004_merged	0	0.0669	0.0207	1.0000
PsFluSBW25_chrm01_circ_213914	Pf_BP_3_D196_S58_L001-L004_merged	0	0.0597	0.0186	1.0000
PsFluSBW25_chrm01_circ_213914	Pf_BP_3_D224_S4_L001-L004_merged	0	0.0365	0.0139	1.0000
PsFluSBW25_chrm01_circ_213914	Pf_BP_3_D252_S37_L001-L004_merged	0	0.0519	0.0171	1.0000
PsFluSBW25_chrm01_circ_213914	Pf_BP_3_D279_S70_L001-L004_merged	0	0.0372	0.0153	1.0000
PsFluSBW25_chrm01_circ_213914	Pf_BP_3_D28_S23_L001-L004_merged	0	0.0063	0.0067	1.0000
PsFluSBW25_chrm01_circ_213914	Pf_BP_3_D310_S16_L001-L004_merged	0	0.0398	0.0133	1.0000
PsFluSBW25_chrm01_circ_213914	Pf_BP_3_D336_S49_L001-L004_merged	0	0.0390	0.0138	1.0000
PsFluSBW25_chrm01_circ_213914	Pf_BP_3_D364_S82_L001-L004_merged	0	0.0659	0.0204	1.0000
PsFluSBW25_chrm01_circ_213914	Pf_BP_3_D392_S28_L001-L004_merged	0	0.0564	0.0144	1.0000
PsFluSBW25_chrm01_circ_213914	Pf_BP_3_D420_S61_L001-L004_merged	0	0.1197	0.0203	1.0000
PsFluSBW25_chrm01_circ_213914	Pf_BP_3_D448_S7_L001-L004_merged	0	0.0351	0.0107	1.0000
PsFluSBW25_chrm01_circ_213914	Pf_BP_3_D476_S73_L001-L004_merged	0	0.0718	0.0194	1.0000
PsFluSBW25_chrm01_circ_213914	Pf_BP_3_D504_S173_L001-L004_merged	0	0.0623	0.0153	1.0000
PsFluSBW25_chrm01_circ_213914	Pf_BP_3_D532_S138_L001-L004_merged	0	0.1131	0.0234	1.0000
PsFluSBW25_chrm01_circ_213914	Pf_BP_3_D56_S67_L001-L004_merged	0	0.0326	0.0135	1.0000
PsFluSBW25_chrm01_circ_213914	Pf_BP_3_D588_S174_L001-L004_merged	0	0.0367	0.0140	1.0000
PsFluSBW25_chrm01_circ_213914	Pf_BP_3_D616_S139_L001-L004_merged	0	0.0580	0.0172	1.0000
PsFluSBW25_chrm01_circ_213914	Pf_BP_3_D623_S116_L001-L004_merged	0	0.0464	0.0161	1.0000
PsFluSBW25_chrm01_circ_213914	Pf_BP_3_D644_S164_L001-L004_merged	0	0.0693	0.0195	1.0000
PsFluSBW25_chrm01_circ_213914	Pf_BP_3_D700_S94_L001-L004_merged	0	0.0433	0.0137	1.0000
PsFluSBW25_chrm01_circ_213914	Pf_BP_3_D728_S130_L001-L004_merged	0	0.0576	0.0152	1.0000
PsFluSBW25_chrm01_circ_213914	Pf_BP_3_D756_S166_L001-L004_merged	0	0.0446	0.0157	1.0000
PsFluSBW25_chrm01_circ_213914	Pf_BP_3_D784_S107_L001-L004_merged	0	0.0514	0.0141	1.0000
PsFluSBW25_chrm01_circ_213914	Pf_BP_3_D84_S13_L001-L004_merged	0	0.0237	0.0101	1.0000
PsFluSBW25_chrm01_circ_2533947	PS_Pf_r03_2017_01_09_L001	0	0.0103	0.0015	0.9750
PsFluSBW25_chrm01_circ_2533947	Pf_BP_3_D112_S46_L001-L004_merged	0	0.0660	0.0186	0.9750
PsFluSBW25_chrm01_circ_2533947	Pf_BP_3_D140_S79_L001-L004_merged	0	0.0424	0.0134	0.9750
PsFluSBW25_chrm01_circ_2533947	Pf_BP_3_D168_S25_L001-L004_merged	0	0.0669	0.0207	0.9750
PsFluSBW25_chrm01_circ_2533947	Pf_BP_3_D196_S58_L001-L004_merged	0	0.0597	0.0186	0.9750
PsFluSBW25_chrm01_circ_2533947	Pf_BP_3_D224_S4_L001-L004_merged	0	0.0365	0.0139	0.9750
PsFluSBW25_chrm01_circ_2533947	Pf_BP_3_D252_S37_L001-L004_merged	0	0.0519	0.0171	0.9750
PsFluSBW25_chrm01_circ_2533947	Pf_BP_3_D279_S70_L001-L004_merged	0	0.0372	0.0153	0.9750
PsFluSBW25_chrm01_circ_2533947	Pf_BP_3_D28_S23_L001-L004_merged	0	0.0063	0.0067	0.9750
PsFluSBW25_chrm01_circ_2533947	Pf_BP_3_D310_S16_L001-L004_merged	0	0.0398	0.0133	0.9750
PsFluSBW25_chrm01_circ_2533947	Pf_BP_3_D336_S49_L001-L004_merged	0	0.0390	0.0138	0.9750
PsFluSBW25_chrm01_circ_2533947	Pf_BP_3_D364_S82_L001-L004_merged	0	0.0659	0.0204	0.9750
PsFluSBW25_chrm01_circ_2533947	Pf_BP_3_D392_S28_L001-L004_merged	0	0.0564	0.0144	0.9750
PsFluSBW25_chrm01_circ_2533947	Pf_BP_3_D420_S61_L001-L004_merged	0	0.1197	0.0203	0.9750
PsFluSBW25_chrm01_circ_2533947	Pf_BP_3_D448_S7_L001-L004_merged	0	0.0351	0.0107	0.9750
PsFluSBW25_chrm01_circ_2533947	Pf_BP_3_D476_S73_L001-L004_merged	0	0.0718	0.0194	0.9750
PsFluSBW25_chrm01_circ_2533947	Pf_BP_3_D504_S173_L001-L004_merged	0	0.0623	0.0153	0.9750
PsFluSBW25_chrm01_circ_2533947	Pf_BP_3_D532_S138_L001-L004_merged	0	0.1131	0.0234	0.9750
PsFluSBW25_chrm01_circ_2533947	Pf_BP_3_D56_S67_L001-L004_merged	0	0.0326	0.0135	0.9750
PsFluSBW25_chrm01_circ_2533947	Pf_BP_3_D588_S174_L001-L004_merged	0	0.0367	0.0140	0.9750
PsFluSBW25_chrm01_circ_2533947	Pf_BP_3_D616_S139_L001-L004_merged	0	0.0580	0.0172	0.9750
PsFluSBW25_chrm01_circ_2533947	Pf_BP_3_D623_S116_L001-L004_merged	0	0.0464	0.0161	0.9750
PsFluSBW25_chrm01_circ_2533947	Pf_BP_3_D644_S164_L001-L004_merged	0	0.0693	0.0195	0.9750
PsFluSBW25_chrm01_circ_2533947	Pf_BP_3_D700_S94_L001-L004_merged	0	0.0433	0.0137	0.9750
PsFluSBW25_chrm01_circ_2533947	Pf_BP_3_D728_S130_L001-L004_merged	0	0.0576	0.0152	0.9750
PsFluSBW25_chrm01_circ_2533947	Pf_BP_3_D756_S166_L001-L004_merged	0	0.0446	0.0157	0.9750
PsFluSBW25_chrm01_circ_2533947	Pf_BP_3_D784_S107_L001-L004_merged	0	0.0514	0.0141	0.9750
PsFluSBW25_chrm01_circ_2533947	Pf_BP_3_D84_S13_L001-L004_merged	0	0.0237	0.0101	0.9750
PsFluSBW25_chrm01_circ_5070696	PS_Pf_r03_2017_01_09_L001	0	0.0103	0.0015	1.0000
PsFluSBW25_chrm01_circ_5070696	Pf_BP_3_D112_S46_L001-L004_merged	0	0.0660	0.0186	1.0000
PsFluSBW25_chrm01_circ_5070696	Pf_BP_3_D140_S79_L001-L004_merged	0	0.0424	0.0134	1.0000
PsFluSBW25_chrm01_circ_5070696	Pf_BP_3_D168_S25_L001-L004_merged	0	0.0669	0.0207	1.0000
PsFluSBW25_chrm01_circ_5070696	Pf_BP_3_D196_S58_L001-L004_merged	0	0.0597	0.0186	1.0000
PsFluSBW25_chrm01_circ_5070696	Pf_BP_3_D224_S4_L001-L004_merged	0	0.0365	0.0139	1.0000
PsFluSBW25_chrm01_circ_5070696	Pf_BP_3_D252_S37_L001-L004_merged	0	0.0519	0.0171	1.0000
PsFluSBW25_chrm01_circ_5070696	Pf_BP_3_D279_S70_L001-L004_merged	0	0.0372	0.0153	1.0000
PsFluSBW25_chrm01_circ_5070696	Pf_BP_3_D28_S23_L001-L004_merged	0	0.0063	0.0067	1.0000
PsFluSBW25_chrm01_circ_5070696	Pf_BP_3_D310_S16_L001-L004_merged	0	0.0398	0.0133	1.0000
PsFluSBW25_chrm01_circ_5070696	Pf_BP_3_D336_S49_L001-L004_merged	0	0.0390	0.0138	1.0000
PsFluSBW25_chrm01_circ_5070696	Pf_BP_3_D364_S82_L001-L004_merged	0	0.0659	0.0204	1.0000
PsFluSBW25_chrm01_circ_5070696	Pf_BP_3_D392_S28_L001-L004_merged	0	0.0564	0.0144	1.0000
PsFluSBW25_chrm01_circ_5070696	Pf_BP_3_D420_S61_L001-L004_merged	0	0.1197	0.0203	1.0000
PsFluSBW25_chrm01_circ_5070696	Pf_BP_3_D448_S7_L001-L004_merged	0	0.0351	0.0107	1.0000
PsFluSBW25_chrm01_circ_5070696	Pf_BP_3_D476_S73_L001-L004_merged	0	0.0718	0.0194	1.0000
PsFluSBW25_chrm01_circ_5070696	Pf_BP_3_D504_S173_L001-L004_merged	0	0.0623	0.0153	1.0000
PsFluSBW25_chrm01_circ_5070696	Pf_BP_3_D532_S138_L001-L004_merged	0	0.1131	0.0234	1.0000
PsFluSBW25_chrm01_circ_5070696	Pf_BP_3_D56_S67_L001-L004_merged	0	0.0326	0.0135	1.0000
PsFluSBW25_chrm01_circ_5070696	Pf_BP_3_D588_S174_L001-L004_merged	0	0.0367	0.0140	1.0000
PsFluSBW25_chrm01_circ_5070696	Pf_BP_3_D616_S139_L001-L004_merged	0	0.0580	0.0172	1.0000
PsFluSBW25_chrm01_circ_5070696	Pf_BP_3_D623_S116_L001-L004_merged	0	0.0464	0.0161	1.0000
PsFluSBW25_chrm01_circ_5070696	Pf_BP_3_D644_S164_L001-L004_merged	0	0.0693	0.0195	1.0000
PsFluSBW25_chrm01_circ_5070696	Pf_BP_3_D700_S94_L001-L004_merged	0	0.0433	0.0137	1.0000
PsFluSBW25_chrm01_circ_5070696	Pf_BP_3_D728_S130_L001-L004_merged	0	0.0576	0.0152	1.0000
PsFluSBW25_chrm01_circ_5070696	Pf_BP_3_D756_S166_L001-L004_merged	0	0.0446	0.0157	1.0000
PsFluSBW25_chrm01_circ_5070696	Pf_BP_3_D784_S107_L001-L004_merged	0	0.0514	0.0141	1.0000
PsFluSBW25_chrm01_circ_5070696	Pf_BP_3_D84_S13_L001-L004_merged	0	0.0237	0.0101	1.0000
PsFluSBW25_chrm01_circ_5229842	PS_Pf_r03_2017_01_09_L001	0	0.0103	0.0015	1.0000
PsFluSBW25_chrm01_circ_5229842	Pf_BP_3_D112_S46_L001-L004_merged	0	0.0660	0.0186	1.0000
PsFluSBW25_chrm01_circ_5229842	Pf_BP_3_D140_S79_L001-L004_merged	0	0.0424	0.0134	1.0000
PsFluSBW25_chrm01_circ_5229842	Pf_BP_3_D168_S25_L001-L004_merged	0	0.0669	0.0207	1.0000
PsFluSBW25_chrm01_circ_5229842	Pf_BP_3_D196_S58_L001-L004_merged	0	0.0597	0.0186	1.0000
PsFluSBW25_chrm01_circ_5229842	Pf_BP_3_D224_S4_L001-L004_merged	0	0.0365	0.0139	1.0000
PsFluSBW25_chrm01_circ_5229842	Pf_BP_3_D252_S37_L001-L004_merged	0	0.0519	0.0171	1.0000
PsFluSBW25_chrm01_circ_5229842	Pf_BP_3_D279_S70_L001-L004_merged	0	0.0372	0.0153	1.0000
PsFluSBW25_chrm01_circ_5229842	Pf_BP_3_D28_S23_L001-L004_merged	0	0.0063	0.0067	1.0000
PsFluSBW25_chrm01_circ_5229842	Pf_BP_3_D310_S16_L001-L004_merged	0	0.0398	0.0133	1.0000
PsFluSBW25_chrm01_circ_5229842	Pf_BP_3_D336_S49_L001-L004_merged	0	0.0390	0.0138	1.0000
PsFluSBW25_chrm01_circ_5229842	Pf_BP_3_D364_S82_L001-L004_merged	0	0.0659	0.0204	1.0000
PsFluSBW25_chrm01_circ_5229842	Pf_BP_3_D392_S28_L001-L004_merged	0	0.0564	0.0144	1.0000
PsFluSBW25_chrm01_circ_5229842	Pf_BP_3_D420_S61_L001-L004_merged	0	0.1197	0.0203	1.0000
PsFluSBW25_chrm01_circ_5229842	Pf_BP_3_D448_S7_L001-L004_merged	0	0.0351	0.0107	1.0000
PsFluSBW25_chrm01_circ_5229842	Pf_BP_3_D476_S73_L001-L004_merged	0	0.0718	0.0194	1.0000
PsFluSBW25_chrm01_circ_5229842	Pf_BP_3_D504_S173_L001-L004_merged	0	0.0623	0.0153	1.0000
PsFluSBW25_chrm01_circ_5229842	Pf_BP_3_D532_S138_L001-L004_merged	0	0.1131	0.0234	1.0000
PsFluSBW25_chrm01_circ_5229842	Pf_BP_3_D56_S67_L001-L004_merged	0	0.0326	0.0135	1.0000
PsFluSBW25_chrm01_circ_5229842	Pf_BP_3_D588_S174_L001-L004_merged	0	0.0367	0.0140	1.0000
PsFluSBW25_chrm01_circ_5229842	Pf_BP_3_D616_S139_L001-L004_merged	0	0.0580	0.0172	1.0000
PsFluSBW25_chrm01_circ_5229842	Pf_BP_3_D623_S116_L001-L004_merged	0	0.0464	0.0161	1.0000
PsFluSBW25_chrm01_circ_5229842	Pf_BP_3_D644_S164_L001-L004_merged	0	0.0693	0.0195	1.0000
PsFluSBW25_chrm01_circ_5229842	Pf_BP_3_D700_S94_L001-L004_merged	0	0.0433	0.0137	1.0000
PsFluSBW25_chrm01_circ_5229842	Pf_BP_3_D728_S130_L001-L004_merged	0	0.0576	0.0152	1.0000
PsFluSBW25_chrm01_circ_5229842	Pf_BP_3_D756_S166_L001-L004_merged	0	0.0446	0.0157	1.0000
PsFluSBW25_chrm01_circ_5229842	Pf_BP_3_D784_S107_L001-L004_merged	0	0.0514	0.0141	1.0000
PsFluSBW25_chrm01_circ_5229842	Pf_BP_3_D84_S13_L001-L004_merged	0	0.0237	0.0101	1.0000
PsFluSBW25_chrm01_circ_5229846	PS_Pf_r03_2017_01_09_L001	0	0.0103	0.0015	1.0000
PsFluSBW25_chrm01_circ_5229846	Pf_BP_3_D112_S46_L001-L004_merged	0	0.0660	0.0186	1.0000
PsFluSBW25_chrm01_circ_5229846	Pf_BP_3_D140_S79_L001-L004_merged	0	0.0424	0.0134	1.0000
PsFluSBW25_chrm01_circ_5229846	Pf_BP_3_D168_S25_L001-L004_merged	0	0.0669	0.0207	1.0000
PsFluSBW25_chrm01_circ_5229846	Pf_BP_3_D196_S58_L001-L004_merged	0	0.0597	0.0186	1.0000
PsFluSBW25_chrm01_circ_5229846	Pf_BP_3_D224_S4_L001-L004_merged	0	0.0365	0.0139	1.0000
PsFluSBW25_chrm01_circ_5229846	Pf_BP_3_D252_S37_L001-L004_merged	0	0.0519	0.0171	1.0000
PsFluSBW25_chrm01_circ_5229846	Pf_BP_3_D279_S70_L001-L004_merged	0	0.0372	0.0153	1.0000
PsFluSBW25_chrm01_circ_5229846	Pf_BP_3_D28_S23_L001-L004_merged	0	0.0063	0.0067	1.0000
PsFluSBW25_chrm01_circ_5229846	Pf_BP_3_D310_S16_L001-L004_merged	0	0.0398	0.0133	1.0000
PsFluSBW25_chrm01_circ_5229846	Pf_BP_3_D336_S49_L001-L004_merged	0	0.0390	0.0138	1.0000
PsFluSBW25_chrm01_circ_5229846	Pf_BP_3_D364_S82_L001-L004_merged	0	0.0659	0.0204	1.0000
PsFluSBW25_chrm01_circ_5229846	Pf_BP_3_D392_S28_L001-L004_merged	0	0.0564	0.0144	1.0000
PsFluSBW25_chrm01_circ_5229846	Pf_BP_3_D420_S61_L001-L004_merged	0	0.1197	0.0203	1.0000
PsFluSBW25_chrm01_circ_5229846	Pf_BP_3_D448_S7_L001-L004_merged	0	0.0351	0.0107	1.0000
PsFluSBW25_chrm01_circ_5229846	Pf_BP_3_D476_S73_L001-L004_merged	0	0.0718	0.0194	1.0000
PsFluSBW25_chrm01_circ_5229846	Pf_BP_3_D504_S173_L001-L004_merged	0	0.0623	0.0153	1.0000
PsFluSBW25_chrm01_circ_5229846	Pf_BP_3_D532_S138_L001-L004_merged	0	0.1131	0.0234	1.0000
PsFluSBW25_chrm01_circ_5229846	Pf_BP_3_D56_S67_L001-L004_merged	0	0.0326	0.0135	1.0000
PsFluSBW25_chrm01_circ_5229846	Pf_BP_3_D588_S174_L001-L004_merged	0	0.0367	0.0140	1.0000
PsFluSBW25_chrm01_circ_5229846	Pf_BP_3_D616_S139_L001-L004_merged	0	0.0580	0.0172	1.0000
PsFluSBW25_chrm01_circ_5229846	Pf_BP_3_D623_S116_L001-L004_merged	0	0.0464	0.0161	1.0000
PsFluSBW25_chrm01_circ_5229846	Pf_BP_3_D644_S164_L001-L004_merged	0	0.0693	0.0195	1.0000
PsFluSBW25_chrm01_circ_5229846	Pf_BP_3_D700_S94_L001-L004_merged	0	0.0433	0.0137	1.0000
PsFluSBW25_chrm01_circ_5229846	Pf_BP_3_D728_S130_L001-L004_merged	0	0.0576	0.0152	1.0000
PsFluSBW25_chrm01_circ_5229846	Pf_BP_3_D756_S166_L001-L004_merged	0	0.0446	0.0157	1.0000
PsFluSBW25_chrm01_circ_5229846	Pf_BP_3_D784_S107_L001-L004_merged	0	0.0514	0.0141	1.0000
PsFluSBW25_chrm01_circ_5229846	Pf_BP_3_D84_S13_L001-L004_merged	0	0.0237	0.0101	1.0000
PsFluSBW25_chrm01_circ_5229848	PS_Pf_r03_2017_01_09_L001	0	0.0103	0.0015	1.0000
PsFluSBW25_chrm01_circ_5229848	Pf_BP_3_D112_S46_L001-L004_merged	0	0.0660	0.0186	1.0000
PsFluSBW25_chrm01_circ_5229848	Pf_BP_3_D140_S79_L001-L004_merged	0	0.0424	0.0134	1.0000
PsFluSBW25_chrm01_circ_5229848	Pf_BP_3_D168_S25_L001-L004_merged	0	0.0669	0.0207	1.0000
PsFluSBW25_chrm01_circ_5229848	Pf_BP_3_D196_S58_L001-L004_merged	0	0.0597	0.0186	1.0000
PsFluSBW25_chrm01_circ_5229848	Pf_BP_3_D224_S4_L001-L004_merged	0	0.0365	0.0139	1.0000
PsFluSBW25_chrm01_circ_5229848	Pf_BP_3_D252_S37_L001-L004_merged	0	0.0519	0.0171	1.0000
PsFluSBW25_chrm01_circ_5229848	Pf_BP_3_D279_S70_L001-L004_merged	0	0.0372	0.0153	1.0000
PsFluSBW25_chrm01_circ_5229848	Pf_BP_3_D28_S23_L001-L004_merged	0	0.0063	0.0067	1.0000
PsFluSBW25_chrm01_circ_5229848	Pf_BP_3_D310_S16_L001-L004_merged	0	0.0398	0.0133	1.0000
PsFluSBW25_chrm01_circ_5229848	Pf_BP_3_D336_S49_L001-L004_merged	0	0.0390	0.0138	1.0000
PsFluSBW25_chrm01_circ_5229848	Pf_BP_3_D364_S82_L001-L004_merged	0	0.0659	0.0204	1.0000
PsFluSBW25_chrm01_circ_5229848	Pf_BP_3_D392_S28_L001-L004_merged	0	0.0564	0.0144	1.0000
PsFluSBW25_chrm01_circ_5229848	Pf_BP_3_D420_S61_L001-L004_merged	0	0.1197	0.0203	1.0000
PsFluSBW25_chrm01_circ_5229848	Pf_BP_3_D448_S7_L001-L004_merged	0	0.0351	0.0107	1.0000
PsFluSBW25_chrm01_circ_5229848	Pf_BP_3_D476_S73_L001-L004_merged	0	0.0718	0.0194	1.0000
PsFluSBW25_chrm01_circ_5229848	Pf_BP_3_D504_S173_L001-L004_merged	0	0.0623	0.0153	1.0000
PsFluSBW25_chrm01_circ_5229848	Pf_BP_3_D532_S138_L001-L004_merged	0	0.1131	0.0234	1.0000
PsFluSBW25_chrm01_circ_5229848	Pf_BP_3_D56_S67_L001-L004_merged	0	0.0326	0.0135	1.0000
PsFluSBW25_chrm01_circ_5229848	Pf_BP_3_D588_S174_L001-L004_merged	0	0.0367	0.0140	1.0000
PsFluSBW25_chrm01_circ_5229848	Pf_BP_3_D616_S139_L001-L004_merged	0	0.0580	0.0172	1.0000
PsFluSBW25_chrm01_circ_5229848	Pf_BP_3_D623_S116_L001-L004_merged	0	0.0464	0.0161	1.0000
PsFluSBW25_chrm01_circ_5229848	Pf_BP_3_D644_S164_L001-L004_merged	0	0.0693	0.0195	1.0000
PsFluSBW25_chrm01_circ_5229848	Pf_BP_3_D700_S94_L001-L004_merged	0	0.0433	0.0137	1.0000
PsFluSBW25_chrm01_circ_5229848	Pf_BP_3_D728_S130_L001-L004_merged	0	0.0576	0.0152	1.0000
PsFluSBW25_chrm01_circ_5229848	Pf_BP_3_D756_S166_L001-L004_merged	0	0.0446	0.0157	1.0000
PsFluSBW25_chrm01_circ_5229848	Pf_BP_3_D784_S107_L001-L004_merged	0	0.0514	0.0141	1.0000
PsFluSBW25_chrm01_circ_5229848	Pf_BP_3_D84_S13_L001-L004_merged	0	0.0237	0.0101	1.0000
PsFluSBW25_chrm01_circ_531839	PS_Pf_r03_2017_01_09_L001	0	0.0103	0.0015	1.0000
PsFluSBW25_chrm01_circ_531839	Pf_BP_3_D112_S46_L001-L004_merged	0	0.0660	0.0186	1.0000
PsFluSBW25_chrm01_circ_531839	Pf_BP_3_D140_S79_L001-L004_merged	0	0.0424	0.0134	1.0000
PsFluSBW25_chrm01_circ_531839	Pf_BP_3_D168_S25_L001-L004_merged	0	0.0669	0.0207	1.0000
PsFluSBW25_chrm01_circ_531839	Pf_BP_3_D196_S58_L001-L004_merged	0	0.0597	0.0186	1.0000
PsFluSBW25_chrm01_circ_531839	Pf_BP_3_D224_S4_L001-L004_merged	0	0.0365	0.0139	1.0000
PsFluSBW25_chrm01_circ_531839	Pf_BP_3_D252_S37_L001-L004_merged	0	0.0519	0.0171	1.0000
PsFluSBW25_chrm01_circ_531839	Pf_BP_3_D279_S70_L001-L004_merged	0	0.0372	0.0153	1.0000
PsFluSBW25_chrm01_circ_531839	Pf_BP_3_D28_S23_L001-L004_merged	0	0.0063	0.0067	1.0000
PsFluSBW25_chrm01_circ_531839	Pf_BP_3_D310_S16_L001-L004_merged	0	0.0398	0.0133	1.0000
PsFluSBW25_chrm01_circ_531839	Pf_BP_3_D336_S49_L001-L004_merged	0	0.0390	0.0138	1.0000
PsFluSBW25_chrm01_circ_531839	Pf_BP_3_D364_S82_L001-L004_merged	0	0.0659	0.0204	1.0000
PsFluSBW25_chrm01_circ_531839	Pf_BP_3_D392_S28_L001-L004_merged	0	0.0564	0.0144	1.0000
PsFluSBW25_chrm01_circ_531839	Pf_BP_3_D420_S61_L001-L004_merged	0	0.1197	0.0203	1.0000
PsFluSBW25_chrm01_circ_531839	Pf_BP_3_D448_S7_L001-L004_merged	0	0.0351	0.0107	1.0000
PsFluSBW25_chrm01_circ_531839	Pf_BP_3_D476_S73_L001-L004_merged	0	0.0718	0.0194	1.0000
PsFluSBW25_chrm01_circ_531839	Pf_BP_3_D504_S173_L001-L004_merged	0	0.0623	0.0153	1.0000
PsFluSBW25_chrm01_circ_531839	Pf_BP_3_D532_S138_L001-L004_merged	0	0.1131	0.0234	1.0000
PsFluSBW25_chrm01_circ_531839	Pf_BP_3_D56_S67_L001-L004_merged	0	0.0326	0.0135	1.0000
PsFluSBW25_chrm01_circ_531839	Pf_BP_3_D588_S174_L001-L004_merged	0	0.0367	0.0140	1.0000
PsFluSBW25_chrm01_circ_531839	Pf_BP_3_D616_S139_L001-L004_merged	0	0.0580	0.0172	1.0000
PsFluSBW25_chrm01_circ_531839	Pf_BP_3_D623_S116_L001-L004_merged	0	0.0464	0.0161	1.0000
PsFluSBW25_chrm01_circ_531839	Pf_BP_3_D644_S164_L001-L004_merged	0	0.0693	0.0195	1.0000
PsFluSBW25_chrm01_circ_531839	Pf_BP_3_D700_S94_L001-L004_merged	0	0.0433	0.0137	1.0000
PsFluSBW25_chrm01_circ_531839	Pf_BP_3_D728_S130_L001-L004_merged	0	0.0576	0.0152	1.0000
PsFluSBW25_chrm01_circ_531839	Pf_BP_3_D756_S166_L001-L004_merged	0	0.0446	0.0157	1.0000
PsFluSBW25_chrm01_circ_531839	Pf_BP_3_D784_S107_L001-L004_merged	0	0.0514	0.0141	1.0000
PsFluSBW25_chrm01_circ_531839	Pf_BP_3_D84_S13_L001-L004_merged	0	0.0237	0.0101	1.0000
PsFluSBW25_chrm01_circ_5667496	PS_Pf_r03_2017_01_09_L001	0	0.0103	0.0015	1.0000
PsFluSBW25_chrm01_circ_5667496	Pf_BP_3_D112_S46_L001-L004_merged	0	0.0660	0.0186	1.0000
PsFluSBW25_chrm01_circ_5667496	Pf_BP_3_D140_S79_L001-L004_merged	0	0.0424	0.0134	1.0000
PsFluSBW25_chrm01_circ_5667496	Pf_BP_3_D168_S25_L001-L004_merged	0	0.0669	0.0207	1.0000
PsFluSBW25_chrm01_circ_5667496	Pf_BP_3_D196_S58_L001-L004_merged	0	0.0597	0.0186	1.0000
PsFluSBW25_chrm01_circ_5667496	Pf_BP_3_D224_S4_L001-L004_merged	0	0.0365	0.0139	1.0000
PsFluSBW25_chrm01_circ_5667496	Pf_BP_3_D252_S37_L001-L004_merged	0	0.0519	0.0171	1.0000
PsFluSBW25_chrm01_circ_5667496	Pf_BP_3_D279_S70_L001-L004_merged	0	0.0372	0.0153	1.0000
PsFluSBW25_chrm01_circ_5667496	Pf_BP_3_D28_S23_L001-L004_merged	0	0.0063	0.0067	1.0000
PsFluSBW25_chrm01_circ_5667496	Pf_BP_3_D310_S16_L001-L004_merged	0	0.0398	0.0133	1.0000
PsFluSBW25_chrm01_circ_5667496	Pf_BP_3_D336_S49_L001-L004_merged	0	0.0390	0.0138	1.0000
PsFluSBW25_chrm01_circ_5667496	Pf_BP_3_D364_S82_L001-L004_merged	0	0.0659	0.0204	1.0000
PsFluSBW25_chrm01_circ_5667496	Pf_BP_3_D392_S28_L001-L004_merged	0	0.0564	0.0144	1.0000
PsFluSBW25_chrm01_circ_5667496	Pf_BP_3_D420_S61_L001-L004_merged	0	0.1197	0.0203	1.0000
PsFluSBW25_chrm01_circ_5667496	Pf_BP_3_D448_S7_L001-L004_merged	0	0.0351	0.0107	1.0000
PsFluSBW25_chrm01_circ_5667496	Pf_BP_3_D476_S73_L001-L004_merged	0	0.0718	0.0194	1.0000
PsFluSBW25_chrm01_circ_5667496	Pf_BP_3_D504_S173_L001-L004_merged	0	0.0623	0.0153	1.0000
PsFluSBW25_chrm01_circ_5667496	Pf_BP_3_D532_S138_L001-L004_merged	0	0.1131	0.0234	1.0000
PsFluSBW25_chrm01_circ_5667496	Pf_BP_3_D56_S67_L001-L004_merged	0	0.0326	0.0135	1.0000
PsFluSBW25_chrm01_circ_5667496	Pf_BP_3_D588_S174_L001-L004_merged	0	0.0367	0.0140	1.0000
PsFluSBW25_chrm01_circ_5667496	Pf_BP_3_D616_S139_L001-L004_merged	0	0.0580	0.0172	1.0000
PsFluSBW25_chrm01_circ_5667496	Pf_BP_3_D623_S116_L001-L004_merged	0	0.0464	0.0161	1.0000
PsFluSBW25_chrm01_circ_5667496	Pf_BP_3_D644_S164_L001-L004_merged	0	0.0693	0.0195	1.0000
PsFluSBW25_chrm01_circ_5667496	Pf_BP_3_D700_S94_L001-L004_merged	0	0.0433	0.0137	1.0000
PsFluSBW25_chrm01_circ_5667496	Pf_BP_3_D728_S130_L001-L004_merged	0	0.0576	0.0152	1.0000
PsFluSBW25_chrm01_circ_5667496	Pf_BP_3_D756_S166_L001-L004_merged	0	0.0446	0.0157	1.0000
PsFluSBW25_chrm01_circ_5667496	Pf_BP_3_D784_S107_L001-L004_merged	0	0.0514	0.0141	1.0000
PsFluSBW25_chrm01_circ_5667496	Pf_BP_3_D84_S13_L001-L004_merged	0	0.0237	0.0101	1.0000
PsFluSBW25_chrm01_circ_6162469	PS_Pf_r03_2017_01_09_L001	0	0.0103	0.0015	1.0000
PsFluSBW25_chrm01_circ_6162469	Pf_BP_3_D112_S46_L001-L004_merged	0	0.0660	0.0186	1.0000
PsFluSBW25_chrm01_circ_6162469	Pf_BP_3_D140_S79_L001-L004_merged	0	0.0424	0.0134	1.0000
PsFluSBW25_chrm01_circ_6162469	Pf_BP_3_D168_S25_L001-L004_merged	0	0.0669	0.0207	1.0000
PsFluSBW25_chrm01_circ_6162469	Pf_BP_3_D196_S58_L001-L004_merged	0	0.0597	0.0186	1.0000
PsFluSBW25_chrm01_circ_6162469	Pf_BP_3_D224_S4_L001-L004_merged	0	0.0365	0.0139	1.0000
PsFluSBW25_chrm01_circ_6162469	Pf_BP_3_D252_S37_L001-L004_merged	0	0.0519	0.0171	1.0000
PsFluSBW25_chrm01_circ_6162469	Pf_BP_3_D279_S70_L001-L004_merged	0	0.0372	0.0153	1.0000
PsFluSBW25_chrm01_circ_6162469	Pf_BP_3_D28_S23_L001-L004_merged	0	0.0063	0.0067	1.0000
PsFluSBW25_chrm01_circ_6162469	Pf_BP_3_D310_S16_L001-L004_merged	0	0.0398	0.0133	1.0000
PsFluSBW25_chrm01_circ_6162469	Pf_BP_3_D336_S49_L001-L004_merged	0	0.0390	0.0138	1.0000
PsFluSBW25_chrm01_circ_6162469	Pf_BP_3_D364_S82_L001-L004_merged	0	0.0659	0.0204	1.0000
PsFluSBW25_chrm01_circ_6162469	Pf_BP_3_D392_S28_L001-L004_merged	0	0.0564	0.0144	1.0000
PsFluSBW25_chrm01_circ_6162469	Pf_BP_3_D420_S61_L001-L004_merged	0	0.1197	0.0203	1.0000
PsFluSBW25_chrm01_circ_6162469	Pf_BP_3_D448_S7_L001-L004_merged	0	0.0351	0.0107	1.0000
PsFluSBW25_chrm01_circ_6162469	Pf_BP_3_D476_S73_L001-L004_merged	0	0.0718	0.0194	1.0000
PsFluSBW25_chrm01_circ_6162469	Pf_BP_3_D504_S173_L001-L004_merged	0	0.0623	0.0153	1.0000
PsFluSBW25_chrm01_circ_6162469	Pf_BP_3_D532_S138_L001-L004_merged	0	0.1131	0.0234	1.0000
PsFluSBW25_chrm01_circ_6162469	Pf_BP_3_D56_S67_L001-L004_merged	0	0.0326	0.0135	1.0000
PsFluSBW25_chrm01_circ_6162469	Pf_BP_3_D588_S174_L001-L004_merged	0	0.0367	0.0140	1.0000
PsFluSBW25_chrm01_circ_6162469	Pf_BP_3_D616_S139_L001-L004_merged	0	0.0580	0.0172	1.0000
PsFluSBW25_chrm01_circ_6162469	Pf_BP_3_D623_S116_L001-L004_merged	0	0.0464	0.0161	1.0000
PsFluSBW25_chrm01_circ_6162469	Pf_BP_3_D644_S164_L001-L004_merged	0	0.0693	0.0195	1.0000
PsFluSBW25_chrm01_circ_6162469	Pf_BP_3_D700_S94_L001-L004_merged	0	0.0433	0.0137	1.0000
PsFluSBW25_chrm01_circ_6162469	Pf_BP_3_D728_S130_L001-L004_merged	0	0.0576	0.0152	1.0000
PsFluSBW25_chrm01_circ_6162469	Pf_BP_3_D756_S166_L001-L004_merged	0	0.0446	0.0157	1.0000
PsFluSBW25_chrm01_circ_6162469	Pf_BP_3_D784_S107_L001-L004_merged	0	0.0514	0.0141	1.0000
PsFluSBW25_chrm01_circ_6162469	Pf_BP_3_D84_S13_L001-L004_merged	0	0.0237	0.0101	1.0000
PsFluSBW25_chrm01_circ_6396367	PS_Pf_r03_2017_01_09_L001	0	0.0103	0.0015	0.9866
PsFluSBW25_chrm01_circ_6396367	Pf_BP_3_D112_S46_L001-L004_merged	0	0.0660	0.0186	0.9866
PsFluSBW25_chrm01_circ_6396367	Pf_BP_3_D140_S79_L001-L004_merged	0	0.0424	0.0134	0.9866
PsFluSBW25_chrm01_circ_6396367	Pf_BP_3_D168_S25_L001-L004_merged	0	0.0669	0.0207	0.9866
PsFluSBW25_chrm01_circ_6396367	Pf_BP_3_D196_S58_L001-L004_merged	0	0.0597	0.0186	0.9866
PsFluSBW25_chrm01_circ_6396367	Pf_BP_3_D224_S4_L001-L004_merged	0	0.0365	0.0139	0.9866
PsFluSBW25_chrm01_circ_6396367	Pf_BP_3_D252_S37_L001-L004_merged	0	0.0519	0.0171	0.9866
PsFluSBW25_chrm01_circ_6396367	Pf_BP_3_D279_S70_L001-L004_merged	0	0.0372	0.0153	0.9866
PsFluSBW25_chrm01_circ_6396367	Pf_BP_3_D28_S23_L001-L004_merged	0	0.0063	0.0067	0.9866
PsFluSBW25_chrm01_circ_6396367	Pf_BP_3_D310_S16_L001-L004_merged	0	0.0398	0.0133	0.9866
PsFluSBW25_chrm01_circ_6396367	Pf_BP_3_D336_S49_L001-L004_merged	0	0.0390	0.0138	0.9866
PsFluSBW25_chrm01_circ_6396367	Pf_BP_3_D364_S82_L001-L004_merged	0	0.0659	0.0204	0.9866
PsFluSBW25_chrm01_circ_6396367	Pf_BP_3_D392_S28_L001-L004_merged	0	0.0564	0.0144	0.9866
PsFluSBW25_chrm01_circ_6396367	Pf_BP_3_D420_S61_L001-L004_merged	0	0.1197	0.0203	0.9866
PsFluSBW25_chrm01_circ_6396367	Pf_BP_3_D448_S7_L001-L004_merged	0	0.0351	0.0107	0.9866
PsFluSBW25_chrm01_circ_6396367	Pf_BP_3_D476_S73_L001-L004_merged	0	0.0718	0.0194	0.9866
PsFluSBW25_chrm01_circ_6396367	Pf_BP_3_D504_S173_L001-L004_merged	0	0.0623	0.0153	0.9866
PsFluSBW25_chrm01_circ_6396367	Pf_BP_3_D532_S138_L001-L004_merged	0	0.1131	0.0234	0.9866
PsFluSBW25_chrm01_circ_6396367	Pf_BP_3_D56_S67_L001-L004_merged	0	0.0326	0.0135	0.9866
PsFluSBW25_chrm01_circ_6396367	Pf_BP_3_D588_S174_L001-L004_merged	0	0.0367	0.0140	0.9866
PsFluSBW25_chrm01_circ_6396367	Pf_BP_3_D616_S139_L001-L004_merged	0	0.0580	0.0172	0.9866
PsFluSBW25_chrm01_circ_6396367	Pf_BP_3_D623_S116_L001-L004_merged	0	0.0464	0.0161	0.9866
PsFluSBW25_chrm01_circ_6396367	Pf_BP_3_D644_S164_L001-L004_merged	0	0.0693	0.0195	0.9866
PsFluSBW25_chrm01_circ_6396367	Pf_BP_3_D700_S94_L001-L004_merged	0	0.0433	0.0137	0.9866
PsFluSBW25_chrm01_circ_6396367	Pf_BP_3_D728_S130_L001-L004_merged	0	0.0576	0.0152	0.9866
PsFluSBW25_chrm01_circ_6396367	Pf_BP_3_D756_S166_L001-L004_merged	0	0.0446	0.0157	0.9866
PsFluSBW25_chrm01_circ_6396367	Pf_BP_3_D784_S107_L001-L004_merged	0	0.0514	0.0141	0.9866
PsFluSBW25_chrm01_circ_6396367	Pf_BP_3_D84_S13_L001-L004_merged	0	0.0237	0.0101	0.9866
PsFluSBW25_chrm01_circ_935922	PS_Pf_r03_2017_01_09_L001	0	0.0103	0.0015	1.0000
PsFluSBW25_chrm01_circ_935922	Pf_BP_3_D112_S46_L001-L004_merged	0	0.0660	0.0186	1.0000
PsFluSBW25_chrm01_circ_935922	Pf_BP_3_D140_S79_L001-L004_merged	0	0.0424	0.0134	1.0000
PsFluSBW25_chrm01_circ_935922	Pf_BP_3_D168_S25_L001-L004_merged	0	0.0669	0.0207	1.0000
PsFluSBW25_chrm01_circ_935922	Pf_BP_3_D196_S58_L001-L004_merged	0	0.0597	0.0186	1.0000
PsFluSBW25_chrm01_circ_935922	Pf_BP_3_D224_S4_L001-L004_merged	0	0.0365	0.0139	1.0000
PsFluSBW25_chrm01_circ_935922	Pf_BP_3_D252_S37_L001-L004_merged	0	0.0519	0.0171	1.0000
PsFluSBW25_chrm01_circ_935922	Pf_BP_3_D279_S70_L001-L004_merged	0	0.0372	0.0153	1.0000
PsFluSBW25_chrm01_circ_935922	Pf_BP_3_D28_S23_L001-L004_merged	0	0.0063	0.0067	1.0000
PsFluSBW25_chrm01_circ_935922	Pf_BP_3_D310_S16_L001-L004_merged	0	0.0398	0.0133	1.0000
PsFluSBW25_chrm01_circ_935922	Pf_BP_3_D336_S49_L001-L004_merged	0	0.0390	0.0138	1.0000
PsFluSBW25_chrm01_circ_935922	Pf_BP_3_D364_S82_L001-L004_merged	0	0.0659	0.0204	1.0000
PsFluSBW25_chrm01_circ_935922	Pf_BP_3_D392_S28_L001-L004_merged	0	0.0564	0.0144	1.0000
PsFluSBW25_chrm01_circ_935922	Pf_BP_3_D420_S61_L001-L004_merged	0	0.1197	0.0203	1.0000
PsFluSBW25_chrm01_circ_935922	Pf_BP_3_D448_S7_L001-L004_merged	0	0.0351	0.0107	1.0000
PsFluSBW25_chrm01_circ_935922	Pf_BP_3_D476_S73_L001-L004_merged	0	0.0718	0.0194	1.0000
PsFluSBW25_chrm01_circ_935922	Pf_BP_3_D504_S173_L001-L004_merged	0	0.0623	0.0153	1.0000
PsFluSBW25_chrm01_circ_935922	Pf_BP_3_D532_S138_L001-L004_merged	0	0.1131	0.0234	1.0000
PsFluSBW25_chrm01_circ_935922	Pf_BP_3_D56_S67_L001-L004_merged	0	0.0326	0.0135	1.0000
PsFluSBW25_chrm01_circ_935922	Pf_BP_3_D588_S174_L001-L004_merged	0	0.0367	0.0140	1.0000
PsFluSBW25_chrm01_circ_935922	Pf_BP_3_D616_S139_L001-L004_merged	0	0.0580	0.0172	1.0000
PsFluSBW25_chrm01_circ_935922	Pf_BP_3_D623_S116_L001-L004_merged	0	0.0464	0.0161	1.0000
PsFluSBW25_chrm01_circ_935922	Pf_BP_3_D644_S164_L001-L004_merged	0	0.0693	0.0195	1.0000
PsFluSBW25_chrm01_circ_935922	Pf_BP_3_D700_S94_L001-L004_merged	0	0.0433	0.0137	1.0000
PsFluSBW25_chrm01_circ_935922	Pf_BP_3_D728_S130_L001-L004_merged	0	0.0576	0.0152	1.0000
PsFluSBW25_chrm01_circ_935922	Pf_BP_3_D756_S166_L001-L004_merged	0	0.0446	0.0157	1.0000
PsFluSBW25_chrm01_circ_935922	Pf_BP_3_D784_S107_L001-L004_merged	0	0.0514	0.0141	1.0000
PsFluSBW25_chrm01_circ_935922	Pf_BP_3_D84_S13_L001-L004_merged	0	0.0237	0.0101	1.0000
PsFluSBW25_chrm01_circ_935928	PS_Pf_r03_2017_01_09_L001	0	0.0103	0.0015	1.0000
PsFluSBW25_chrm01_circ_935928	Pf_BP_3_D112_S46_L001-L004_merged	0	0.0660	0.0186	1.0000
PsFluSBW25_chrm01_circ_935928	Pf_BP_3_D140_S79_L001-L004_merged	0	0.0424	0.0134	1.0000
PsFluSBW25_chrm01_circ_935928	Pf_BP_3_D168_S25_L001-L004_merged	0	0.0669	0.0207	1.0000
PsFluSBW25_chrm01_circ_935928	Pf_BP_3_D196_S58_L001-L004_merged	0	0.0597	0.0186	1.0000
PsFluSBW25_chrm01_circ_935928	Pf_BP_3_D224_S4_L001-L004_merged	0	0.0365	0.0139	1.0000
PsFluSBW25_chrm01_circ_935928	Pf_BP_3_D252_S37_L001-L004_merged	0	0.0519	0.0171	1.0000
PsFluSBW25_chrm01_circ_935928	Pf_BP_3_D279_S70_L001-L004_merged	0	0.0372	0.0153	1.0000
PsFluSBW25_chrm01_circ_935928	Pf_BP_3_D28_S23_L001-L004_merged	0	0.0063	0.0067	1.0000
PsFluSBW25_chrm01_circ_935928	Pf_BP_3_D310_S16_L001-L004_merged	0	0.0398	0.0133	1.0000
PsFluSBW25_chrm01_circ_935928	Pf_BP_3_D336_S49_L001-L004_merged	0	0.0390	0.0138	1.0000
PsFluSBW25_chrm01_circ_935928	Pf_BP_3_D364_S82_L001-L004_merged	0	0.0659	0.0204	1.0000
PsFluSBW25_chrm01_circ_935928	Pf_BP_3_D392_S28_L001-L004_merged	0	0.0564	0.0144	1.0000
PsFluSBW25_chrm01_circ_935928	Pf_BP_3_D420_S61_L001-L004_merged	0	0.1197	0.0203	1.0000
PsFluSBW25_chrm01_circ_935928	Pf_BP_3_D448_S7_L001-L004_merged	0	0.0351	0.0107	1.0000
PsFluSBW25_chrm01_circ_935928	Pf_BP_3_D476_S73_L001-L004_merged	0	0.0718	0.0194	1.0000
PsFluSBW25_chrm01_circ_935928	Pf_BP_3_D504_S173_L001-L004_merged	0	0.0623	0.0153	1.0000
PsFluSBW25_chrm01_circ_935928	Pf_BP_3_D532_S138_L001-L004_merged	0	0.1131	0.0234	1.0000
PsFluSBW25_chrm01_circ_935928	Pf_BP_3_D56_S67_L001-L004_merged	0	0.0326	0.0135	1.0000
PsFluSBW25_chrm01_circ_935928	Pf_BP_3_D588_S174_L001-L004_merged	0	0.0367	0.0140	1.0000
PsFluSBW25_chrm01_circ_935928	Pf_BP_3_D616_S139_L001-L004_merged	0	0.0580	0.0172	1.0000
PsFluSBW25_chrm01_circ_935928	Pf_BP_3_D623_S116_L001-L004_merged	0	0.0464	0.0161	1.0000
PsFluSBW25_chrm01_circ_935928	Pf_BP_3_D644_S164_L001-L004_merged	0	0.0693	0.0195	1.0000
PsFluSBW25_chrm01_circ_935928	Pf_BP_3_D700_S94_L001-L004_merged	0	0.0433	0.0137	1.0000
PsFluSBW25_chrm01_circ_935928	Pf_BP_3_D728_S130_L001-L004_merged	0	0.0576	0.0152	1.0000
PsFluSBW25_chrm01_circ_935928	Pf_BP_3_D756_S166_L001-L004_merged	0	0.0446	0.0157	1.0000
PsFluSBW25_chrm01_circ_935928	Pf_BP_3_D784_S107_L001-L004_merged	0	0.0514	0.0141	1.0000
PsFluSBW25_chrm01_circ_935928	Pf_BP_3_D84_S13_L001-L004_merged	0	0.0237	0.0101	1.0000
PsFluSBW25_chrm01_circ_1824623	PS_Pf_r03_2017_01_09_L001	1	0.2329	0.0141	1.0000
PsFluSBW25_chrm01_circ_1824623	Pf_BP_3_D112_S46_L001-L004_merged	1	0.0555	0.0165	1.0000
PsFluSBW25_chrm01_circ_1824623	Pf_BP_3_D140_S79_L001-L004_merged	1	0.1198	0.0231	1.0000
PsFluSBW25_chrm01_circ_1824623	Pf_BP_3_D168_S25_L001-L004_merged	1	0.0912	0.0226	1.0000
PsFluSBW25_chrm01_circ_1824623	Pf_BP_3_D196_S58_L001-L004_merged	1	0.1173	0.0269	1.0000
PsFluSBW25_chrm01_circ_1824623	Pf_BP_3_D224_S4_L001-L004_merged	1	0.1316	0.0237	1.0000
PsFluSBW25_chrm01_circ_1824623	Pf_BP_3_D252_S37_L001-L004_merged	1	0.0786	0.0185	1.0000
PsFluSBW25_chrm01_circ_1824623	Pf_BP_3_D279_S70_L001-L004_merged	1	0.1444	0.0253	1.0000
PsFluSBW25_chrm01_circ_1824623	Pf_BP_3_D28_S23_L001-L004_merged	1	0.0012	0.0037	1.0000
PsFluSBW25_chrm01_circ_1824623	Pf_BP_3_D310_S16_L001-L004_merged	1	0.1668	0.0266	1.0000
PsFluSBW25_chrm01_circ_1824623	Pf_BP_3_D336_S49_L001-L004_merged	1	0.1791	0.0261	1.0000
PsFluSBW25_chrm01_circ_1824623	Pf_BP_3_D364_S82_L001-L004_merged	1	0.2042	0.0313	1.0000
PsFluSBW25_chrm01_circ_1824623	Pf_BP_3_D392_S28_L001-L004_merged	1	0.2543	0.0246	1.0000
PsFluSBW25_chrm01_circ_1824623	Pf_BP_3_D420_S61_L001-L004_merged	1	0.1964	0.0245	1.0000
PsFluSBW25_chrm01_circ_1824623	Pf_BP_3_D448_S7_L001-L004_merged	1	0.1769	0.0230	1.0000
PsFluSBW25_chrm01_circ_1824623	Pf_BP_3_D476_S73_L001-L004_merged	1	0.1414	0.0244	1.0000
PsFluSBW25_chrm01_circ_1824623	Pf_BP_3_D504_S173_L001-L004_merged	1	0.1681	0.0240	1.0000
PsFluSBW25_chrm01_circ_1824623	Pf_BP_3_D532_S138_L001-L004_merged	1	0.2201	0.0344	1.0000
PsFluSBW25_chrm01_circ_1824623	Pf_BP_3_D56_S67_L001-L004_merged	1	0.0278	0.0141	1.0000
PsFluSBW25_chrm01_circ_1824623	Pf_BP_3_D588_S174_L001-L004_merged	1	0.3175	0.0378	1.0000
PsFluSBW25_chrm01_circ_1824623	Pf_BP_3_D616_S139_L001-L004_merged	1	0.1896	0.0307	1.0000
PsFluSBW25_chrm01_circ_1824623	Pf_BP_3_D623_S116_L001-L004_merged	1	0.2153	0.0348	1.0000
PsFluSBW25_chrm01_circ_1824623	Pf_BP_3_D644_S164_L001-L004_merged	1	0.2399	0.0316	1.0000
PsFluSBW25_chrm01_circ_1824623	Pf_BP_3_D700_S94_L001-L004_merged	1	0.1651	0.0268	1.0000
PsFluSBW25_chrm01_circ_1824623	Pf_BP_3_D728_S130_L001-L004_merged	1	0.0740	0.0192	1.0000
PsFluSBW25_chrm01_circ_1824623	Pf_BP_3_D756_S166_L001-L004_merged	1	0.1465	0.0277	1.0000
PsFluSBW25_chrm01_circ_1824623	Pf_BP_3_D784_S107_L001-L004_merged	1	0.2159	0.0296	1.0000
PsFluSBW25_chrm01_circ_1824623	Pf_BP_3_D84_S13_L001-L004_merged	1	0.0160	0.0078	1.0000
PsFluSBW25_chrm01_circ_2198957	PS_Pf_r03_2017_01_09_L001	1	0.2329	0.0141	1.0000
PsFluSBW25_chrm01_circ_2198957	Pf_BP_3_D112_S46_L001-L004_merged	1	0.0555	0.0165	1.0000
PsFluSBW25_chrm01_circ_2198957	Pf_BP_3_D140_S79_L001-L004_merged	1	0.1198	0.0231	1.0000
PsFluSBW25_chrm01_circ_2198957	Pf_BP_3_D168_S25_L001-L004_merged	1	0.0912	0.0226	1.0000
PsFluSBW25_chrm01_circ_2198957	Pf_BP_3_D196_S58_L001-L004_merged	1	0.1173	0.0269	1.0000
PsFluSBW25_chrm01_circ_2198957	Pf_BP_3_D224_S4_L001-L004_merged	1	0.1316	0.0237	1.0000
PsFluSBW25_chrm01_circ_2198957	Pf_BP_3_D252_S37_L001-L004_merged	1	0.0786	0.0185	1.0000
PsFluSBW25_chrm01_circ_2198957	Pf_BP_3_D279_S70_L001-L004_merged	1	0.1444	0.0253	1.0000
PsFluSBW25_chrm01_circ_2198957	Pf_BP_3_D28_S23_L001-L004_merged	1	0.0012	0.0037	1.0000
PsFluSBW25_chrm01_circ_2198957	Pf_BP_3_D310_S16_L001-L004_merged	1	0.1668	0.0266	1.0000
PsFluSBW25_chrm01_circ_2198957	Pf_BP_3_D336_S49_L001-L004_merged	1	0.1791	0.0261	1.0000
PsFluSBW25_chrm01_circ_2198957	Pf_BP_3_D364_S82_L001-L004_merged	1	0.2042	0.0313	1.0000
PsFluSBW25_chrm01_circ_2198957	Pf_BP_3_D392_S28_L001-L004_merged	1	0.2543	0.0246	1.0000
PsFluSBW25_chrm01_circ_2198957	Pf_BP_3_D420_S61_L001-L004_merged	1	0.1964	0.0245	1.0000
PsFluSBW25_chrm01_circ_2198957	Pf_BP_3_D448_S7_L001-L004_merged	1	0.1769	0.0230	1.0000
PsFluSBW25_chrm01_circ_2198957	Pf_BP_3_D476_S73_L001-L004_merged	1	0.1414	0.0244	1.0000
PsFluSBW25_chrm01_circ_2198957	Pf_BP_3_D504_S173_L001-L004_merged	1	0.1681	0.0240	1.0000
PsFluSBW25_chrm01_circ_2198957	Pf_BP_3_D532_S138_L001-L004_merged	1	0.2201	0.0344	1.0000
PsFluSBW25_chrm01_circ_2198957	Pf_BP_3_D56_S67_L001-L004_merged	1	0.0278	0.0141	1.0000
PsFluSBW25_chrm01_circ_2198957	Pf_BP_3_D588_S174_L001-L004_merged	1	0.3175	0.0378	1.0000
PsFluSBW25_chrm01_circ_2198957	Pf_BP_3_D616_S139_L001-L004_merged	1	0.1896	0.0307	1.0000
PsFluSBW25_chrm01_circ_2198957	Pf_BP_3_D623_S116_L001-L004_merged	1	0.2153	0.0348	1.0000
PsFluSBW25_chrm01_circ_2198957	Pf_BP_3_D644_S164_L001-L004_merged	1	0.2399	0.0316	1.0000
PsFluSBW25_chrm01_circ_2198957	Pf_BP_3_D700_S94_L001-L004_merged	1	0.1651	0.0268	1.0000
PsFluSBW25_chrm01_circ_2198957	Pf_BP_3_D728_S130_L001-L004_merged	1	0.0740	0.0192	1.0000
PsFluSBW25_chrm01_circ_2198957	Pf_BP_3_D756_S166_L001-L004_merged	1	0.1465	0.0277	1.0000
PsFluSBW25_chrm01_circ_2198957	Pf_BP_3_D784_S107_L001-L004_merged	1	0.2159	0.0296	1.0000
PsFluSBW25_chrm01_circ_2198957	Pf_BP_3_D84_S13_L001-L004_merged	1	0.0160	0.0078	1.0000
PsFluSBW25_chrm01_circ_3049960	PS_Pf_r03_2017_01_09_L001	1	0.2329	0.0141	1.0000
PsFluSBW25_chrm01_circ_3049960	Pf_BP_3_D112_S46_L001-L004_merged	1	0.0555	0.0165	1.0000
PsFluSBW25_chrm01_circ_3049960	Pf_BP_3_D140_S79_L001-L004_merged	1	0.1198	0.0231	1.0000
PsFluSBW25_chrm01_circ_3049960	Pf_BP_3_D168_S25_L001-L004_merged	1	0.0912	0.0226	1.0000
PsFluSBW25_chrm01_circ_3049960	Pf_BP_3_D196_S58_L001-L004_merged	1	0.1173	0.0269	1.0000
PsFluSBW25_chrm01_circ_3049960	Pf_BP_3_D224_S4_L001-L004_merged	1	0.1316	0.0237	1.0000
PsFluSBW25_chrm01_circ_3049960	Pf_BP_3_D252_S37_L001-L004_merged	1	0.0786	0.0185	1.0000
PsFluSBW25_chrm01_circ_3049960	Pf_BP_3_D279_S70_L001-L004_merged	1	0.1444	0.0253	1.0000
PsFluSBW25_chrm01_circ_3049960	Pf_BP_3_D28_S23_L001-L004_merged	1	0.0012	0.0037	1.0000
PsFluSBW25_chrm01_circ_3049960	Pf_BP_3_D310_S16_L001-L004_merged	1	0.1668	0.0266	1.0000
PsFluSBW25_chrm01_circ_3049960	Pf_BP_3_D336_S49_L001-L004_merged	1	0.1791	0.0261	1.0000
PsFluSBW25_chrm01_circ_3049960	Pf_BP_3_D364_S82_L001-L004_merged	1	0.2042	0.0313	1.0000
PsFluSBW25_chrm01_circ_3049960	Pf_BP_3_D392_S28_L001-L004_merged	1	0.2543	0.0246	1.0000
PsFluSBW25_chrm01_circ_3049960	Pf_BP_3_D420_S61_L001-L004_merged	1	0.1964	0.0245	1.0000
PsFluSBW25_chrm01_circ_3049960	Pf_BP_3_D448_S7_L001-L004_merged	1	0.1769	0.0230	1.0000
PsFluSBW25_chrm01_circ_3049960	Pf_BP_3_D476_S73_L001-L004_merged	1	0.1414	0.0244	1.0000
PsFluSBW25_chrm01_circ_3049960	Pf_BP_3_D504_S173_L001-L004_merged	1	0.1681	0.0240	1.0000
PsFluSBW25_chrm01_circ_3049960	Pf_BP_3_D532_S138_L001-L004_merged	1	0.2201	0.0344	1.0000
PsFluSBW25_chrm01_circ_3049960	Pf_BP_3_D56_S67_L001-L004_merged	1	0.0278	0.0141	1.0000
PsFluSBW25_chrm01_circ_3049960	Pf_BP_3_D588_S174_L001-L004_merged	1	0.3175	0.0378	1.0000
PsFluSBW25_chrm01_circ_3049960	Pf_BP_3_D616_S139_L001-L004_merged	1	0.1896	0.0307	1.0000
PsFluSBW25_chrm01_circ_3049960	Pf_BP_3_D623_S116_L001-L004_merged	1	0.2153	0.0348	1.0000
PsFluSBW25_chrm01_circ_3049960	Pf_BP_3_D644_S164_L001-L004_merged	1	0.2399	0.0316	1.0000
PsFluSBW25_chrm01_circ_3049960	Pf_BP_3_D700_S94_L001-L004_merged	1	0.1651	0.0268	1.0000
PsFluSBW25_chrm01_circ_3049960	Pf_BP_3_D728_S130_L001-L004_merged	1	0.0740	0.0192	1.0000
PsFluSBW25_chrm01_circ_3049960	Pf_BP_3_D756_S166_L001-L004_merged	1	0.1465	0.0277	1.0000
PsFluSBW25_chrm01_circ_3049960	Pf_BP_3_D784_S107_L001-L004_merged	1	0.2159	0.0296	1.0000
PsFluSBW25_chrm01_circ_3049960	Pf_BP_3_D84_S13_L001-L004_merged	1	0.0160	0.0078	1.0000
PsFluSBW25_chrm01_circ_4752384	PS_Pf_r03_2017_01_09_L001	1	0.2329	0.0141	1.0000
PsFluSBW25_chrm01_circ_4752384	Pf_BP_3_D112_S46_L001-L004_merged	1	0.0555	0.0165	1.0000
PsFluSBW25_chrm01_circ_4752384	Pf_BP_3_D140_S79_L001-L004_merged	1	0.1198	0.0231	1.0000
PsFluSBW25_chrm01_circ_4752384	Pf_BP_3_D168_S25_L001-L004_merged	1	0.0912	0.0226	1.0000
PsFluSBW25_chrm01_circ_4752384	Pf_BP_3_D196_S58_L001-L004_merged	1	0.1173	0.0269	1.0000
PsFluSBW25_chrm01_circ_4752384	Pf_BP_3_D224_S4_L001-L004_merged	1	0.1316	0.0237	1.0000
PsFluSBW25_chrm01_circ_4752384	Pf_BP_3_D252_S37_L001-L004_merged	1	0.0786	0.0185	1.0000
PsFluSBW25_chrm01_circ_4752384	Pf_BP_3_D279_S70_L001-L004_merged	1	0.1444	0.0253	1.0000
PsFluSBW25_chrm01_circ_4752384	Pf_BP_3_D28_S23_L001-L004_merged	1	0.0012	0.0037	1.0000
PsFluSBW25_chrm01_circ_4752384	Pf_BP_3_D310_S16_L001-L004_merged	1	0.1668	0.0266	1.0000
PsFluSBW25_chrm01_circ_4752384	Pf_BP_3_D336_S49_L001-L004_merged	1	0.1791	0.0261	1.0000
PsFluSBW25_chrm01_circ_4752384	Pf_BP_3_D364_S82_L001-L004_merged	1	0.2042	0.0313	1.0000
PsFluSBW25_chrm01_circ_4752384	Pf_BP_3_D392_S28_L001-L004_merged	1	0.2543	0.0246	1.0000
PsFluSBW25_chrm01_circ_4752384	Pf_BP_3_D420_S61_L001-L004_merged	1	0.1964	0.0245	1.0000
PsFluSBW25_chrm01_circ_4752384	Pf_BP_3_D448_S7_L001-L004_merged	1	0.1769	0.0230	1.0000
PsFluSBW25_chrm01_circ_4752384	Pf_BP_3_D476_S73_L001-L004_merged	1	0.1414	0.0244	1.0000
PsFluSBW25_chrm01_circ_4752384	Pf_BP_3_D504_S173_L001-L004_merged	1	0.1681	0.0240	1.0000
PsFluSBW25_chrm01_circ_4752384	Pf_BP_3_D532_S138_L001-L004_merged	1	0.2201	0.0344	1.0000
PsFluSBW25_chrm01_circ_4752384	Pf_BP_3_D56_S67_L001-L004_merged	1	0.0278	0.0141	1.0000
PsFluSBW25_chrm01_circ_4752384	Pf_BP_3_D588_S174_L001-L004_merged	1	0.3175	0.0378	1.0000
PsFluSBW25_chrm01_circ_4752384	Pf_BP_3_D616_S139_L001-L004_merged	1	0.1896	0.0307	1.0000
PsFluSBW25_chrm01_circ_4752384	Pf_BP_3_D623_S116_L001-L004_merged	1	0.2153	0.0348	1.0000
PsFluSBW25_chrm01_circ_4752384	Pf_BP_3_D644_S164_L001-L004_merged	1	0.2399	0.0316	1.0000
PsFluSBW25_chrm01_circ_4752384	Pf_BP_3_D700_S94_L001-L004_merged	1	0.1651	0.0268	1.0000
PsFluSBW25_chrm01_circ_4752384	Pf_BP_3_D728_S130_L001-L004_merged	1	0.0740	0.0192	1.0000
PsFluSBW25_chrm01_circ_4752384	Pf_BP_3_D756_S166_L001-L004_merged	1	0.1465	0.0277	1.0000
PsFluSBW25_chrm01_circ_4752384	Pf_BP_3_D784_S107_L001-L004_merged	1	0.2159	0.0296	1.0000
PsFluSBW25_chrm01_circ_4752384	Pf_BP_3_D84_S13_L001-L004_merged	1	0.0160	0.0078	1.0000
PsFluSBW25_chrm01_circ_6518389	PS_Pf_r03_2017_01_09_L001	1	0.2329	0.0141	1.0000
PsFluSBW25_chrm01_circ_6518389	Pf_BP_3_D112_S46_L001-L004_merged	1	0.0555	0.0165	1.0000
PsFluSBW25_chrm01_circ_6518389	Pf_BP_3_D140_S79_L001-L004_merged	1	0.1198	0.0231	1.0000
PsFluSBW25_chrm01_circ_6518389	Pf_BP_3_D168_S25_L001-L004_merged	1	0.0912	0.0226	1.0000
PsFluSBW25_chrm01_circ_6518389	Pf_BP_3_D196_S58_L001-L004_merged	1	0.1173	0.0269	1.0000
PsFluSBW25_chrm01_circ_6518389	Pf_BP_3_D224_S4_L001-L004_merged	1	0.1316	0.0237	1.0000
PsFluSBW25_chrm01_circ_6518389	Pf_BP_3_D252_S37_L001-L004_merged	1	0.0786	0.0185	1.0000
PsFluSBW25_chrm01_circ_6518389	Pf_BP_3_D279_S70_L001-L004_merged	1	0.1444	0.0253	1.0000
PsFluSBW25_chrm01_circ_6518389	Pf_BP_3_D28_S23_L001-L004_merged	1	0.0012	0.0037	1.0000
PsFluSBW25_chrm01_circ_6518389	Pf_BP_3_D310_S16_L001-L004_merged	1	0.1668	0.0266	1.0000
PsFluSBW25_chrm01_circ_6518389	Pf_BP_3_D336_S49_L001-L004_merged	1	0.1791	0.0261	1.0000
PsFluSBW25_chrm01_circ_6518389	Pf_BP_3_D364_S82_L001-L004_merged	1	0.2042	0.0313	1.0000
PsFluSBW25_chrm01_circ_6518389	Pf_BP_3_D392_S28_L001-L004_merged	1	0.2543	0.0246	1.0000
PsFluSBW25_chrm01_circ_6518389	Pf_BP_3_D420_S61_L001-L004_merged	1	0.1964	0.0245	1.0000
PsFluSBW25_chrm01_circ_6518389	Pf_BP_3_D448_S7_L001-L004_merged	1	0.1769	0.0230	1.0000
PsFluSBW25_chrm01_circ_6518389	Pf_BP_3_D476_S73_L001-L004_merged	1	0.1414	0.0244	1.0000
PsFluSBW25_chrm01_circ_6518389	Pf_BP_3_D504_S173_L001-L004_merged	1	0.1681	0.0240	1.0000
PsFluSBW25_chrm01_circ_6518389	Pf_BP_3_D532_S138_L001-L004_merged	1	0.2201	0.0344	1.0000
PsFluSBW25_chrm01_circ_6518389	Pf_BP_3_D56_S67_L001-L004_merged	1	0.0278	0.0141	1.0000
PsFluSBW25_chrm01_circ_6518389	Pf_BP_3_D588_S174_L001-L004_merged	1	0.3175	0.0378	1.0000
PsFluSBW25_chrm01_circ_6518389	Pf_BP_3_D616_S139_L001-L004_merged	1	0.1896	0.0307	1.0000
PsFluSBW25_chrm01_circ_6518389	Pf_BP_3_D623_S116_L001-L004_merged	1	0.2153	0.0348	1.0000
PsFluSBW25_chrm01_circ_6518389	Pf_BP_3_D644_S164_L001-L004_merged	1	0.2399	0.0316	1.0000
PsFluSBW25_chrm01_circ_6518389	Pf_BP_3_D700_S94_L001-L004_merged	1	0.1651	0.0268	1.0000
PsFluSBW25_chrm01_circ_6518389	Pf_BP_3_D728_S130_L001-L004_merged	1	0.0740	0.0192	1.0000
PsFluSBW25_chrm01_circ_6518389	Pf_BP_3_D756_S166_L001-L004_merged	1	0.1465	0.0277	1.0000
PsFluSBW25_chrm01_circ_6518389	Pf_BP_3_D784_S107_L001-L004_merged	1	0.2159	0.0296	1.0000
PsFluSBW25_chrm01_circ_6518389	Pf_BP_3_D84_S13_L001-L004_merged	1	0.0160	0.0078	1.0000
PsFluSBW25_chrm01_circ_895493	PS_Pf_r03_2017_01_09_L001	1	0.2329	0.0141	1.0000
PsFluSBW25_chrm01_circ_895493	Pf_BP_3_D112_S46_L001-L004_merged	1	0.0555	0.0165	1.0000
PsFluSBW25_chrm01_circ_895493	Pf_BP_3_D140_S79_L001-L004_merged	1	0.1198	0.0231	1.0000
PsFluSBW25_chrm01_circ_895493	Pf_BP_3_D168_S25_L001-L004_merged	1	0.0912	0.0226	1.0000
PsFluSBW25_chrm01_circ_895493	Pf_BP_3_D196_S58_L001-L004_merged	1	0.1173	0.0269	1.0000
PsFluSBW25_chrm01_circ_895493	Pf_BP_3_D224_S4_L001-L004_merged	1	0.1316	0.0237	1.0000
PsFluSBW25_chrm01_circ_895493	Pf_BP_3_D252_S37_L001-L004_merged	1	0.0786	0.0185	1.0000
PsFluSBW25_chrm01_circ_895493	Pf_BP_3_D279_S70_L001-L004_merged	1	0.1444	0.0253	1.0000
PsFluSBW25_chrm01_circ_895493	Pf_BP_3_D28_S23_L001-L004_merged	1	0.0012	0.0037	1.0000
PsFluSBW25_chrm01_circ_895493	Pf_BP_3_D310_S16_L001-L004_merged	1	0.1668	0.0266	1.0000
PsFluSBW25_chrm01_circ_895493	Pf_BP_3_D336_S49_L001-L004_merged	1	0.1791	0.0261	1.0000
PsFluSBW25_chrm01_circ_895493	Pf_BP_3_D364_S82_L001-L004_merged	1	0.2042	0.0313	1.0000
PsFluSBW25_chrm01_circ_895493	Pf_BP_3_D392_S28_L001-L004_merged	1	0.2543	0.0246	1.0000
PsFluSBW25_chrm01_circ_895493	Pf_BP_3_D420_S61_L001-L004_merged	1	0.1964	0.0245	1.0000
PsFluSBW25_chrm01_circ_895493	Pf_BP_3_D448_S7_L001-L004_merged	1	0.1769	0.0230	1.0000
PsFluSBW25_chrm01_circ_895493	Pf_BP_3_D476_S73_L001-L004_merged	1	0.1414	0.0244	1.0000
PsFluSBW25_chrm01_circ_895493	Pf_BP_3_D504_S173_L001-L004_merged	1	0.1681	0.0240	1.0000
PsFluSBW25_chrm01_circ_895493	Pf_BP_3_D532_S138_L001-L004_merged	1	0.2201	0.0344	1.0000
PsFluSBW25_chrm01_circ_895493	Pf_BP_3_D56_S67_L001-L004_merged	1	0.0278	0.0141	1.0000
PsFluSBW25_chrm01_circ_895493	Pf_BP_3_D588_S174_L001-L004_merged	1	0.3175	0.0378	1.0000
PsFluSBW25_chrm01_circ_895493	Pf_BP_3_D616_S139_L001-L004_merged	1	0.1896	0.0307	1.0000
PsFluSBW25_chrm01_circ_895493	Pf_BP_3_D623_S116_L001-L004_merged	1	0.2153	0.0348	1.0000
PsFluSBW25_chrm01_circ_895493	Pf_BP_3_D644_S164_L001-L004_merged	1	0.2399	0.0316	1.0000
PsFluSBW25_chrm01_circ_895493	Pf_BP_3_D700_S94_L001-L004_merged	1	0.1651	0.0268	1.0000
PsFluSBW25_chrm01_circ_895493	Pf_BP_3_D728_S130_L001-L004_merged	1	0.0740	0.0192	1.0000
PsFluSBW25_chrm01_circ_895493	Pf_BP_3_D756_S166_L001-L004_merged	1	0.1465	0.0277	1.0000
PsFluSBW25_chrm01_circ_895493	Pf_BP_3_D784_S107_L001-L004_merged	1	0.2159	0.0296	1.0000
PsFluSBW25_chrm01_circ_895493	Pf_BP_3_D84_S13_L001-L004_merged	1	0.0160	0.0078	1.0000
PsFluSBW25_chrm01_circ_936093	PS_Pf_r03_2017_01_09_L001	1	0.2329	0.0141	1.0000
PsFluSBW25_chrm01_circ_936093	Pf_BP_3_D112_S46_L001-L004_merged	1	0.0555	0.0165	1.0000
PsFluSBW25_chrm01_circ_936093	Pf_BP_3_D140_S79_L001-L004_merged	1	0.1198	0.0231	1.0000
PsFluSBW25_chrm01_circ_936093	Pf_BP_3_D168_S25_L001-L004_merged	1	0.0912	0.0226	1.0000
PsFluSBW25_chrm01_circ_936093	Pf_BP_3_D196_S58_L001-L004_merged	1	0.1173	0.0269	1.0000
PsFluSBW25_chrm01_circ_936093	Pf_BP_3_D224_S4_L001-L004_merged	1	0.1316	0.0237	1.0000
PsFluSBW25_chrm01_circ_936093	Pf_BP_3_D252_S37_L001-L004_merged	1	0.0786	0.0185	1.0000
PsFluSBW25_chrm01_circ_936093	Pf_BP_3_D279_S70_L001-L004_merged	1	0.1444	0.0253	1.0000
PsFluSBW25_chrm01_circ_936093	Pf_BP_3_D28_S23_L001-L004_merged	1	0.0012	0.0037	1.0000
PsFluSBW25_chrm01_circ_936093	Pf_BP_3_D310_S16_L001-L004_merged	1	0.1668	0.0266	1.0000
PsFluSBW25_chrm01_circ_936093	Pf_BP_3_D336_S49_L001-L004_merged	1	0.1791	0.0261	1.0000
PsFluSBW25_chrm01_circ_936093	Pf_BP_3_D364_S82_L001-L004_merged	1	0.2042	0.0313	1.0000
PsFluSBW25_chrm01_circ_936093	Pf_BP_3_D392_S28_L001-L004_merged	1	0.2543	0.0246	1.0000
PsFluSBW25_chrm01_circ_936093	Pf_BP_3_D420_S61_L001-L004_merged	1	0.1964	0.0245	1.0000
PsFluSBW25_chrm01_circ_936093	Pf_BP_3_D448_S7_L001-L004_merged	1	0.1769	0.0230	1.0000
PsFluSBW25_chrm01_circ_936093	Pf_BP_3_D476_S73_L001-L004_merged	1	0.1414	0.0244	1.0000
PsFluSBW25_chrm01_circ_936093	Pf_BP_3_D504_S173_L001-L004_merged	1	0.1681	0.0240	1.0000
PsFluSBW25_chrm01_circ_936093	Pf_BP_3_D532_S138_L001-L004_merged	1	0.2201	0.0344	1.0000
PsFluSBW25_chrm01_circ_936093	Pf_BP_3_D56_S67_L001-L004_merged	1	0.0278	0.0141	1.0000
PsFluSBW25_chrm01_circ_936093	Pf_BP_3_D588_S174_L001-L004_merged	1	0.3175	0.0378	1.0000
PsFluSBW25_chrm01_circ_936093	Pf_BP_3_D616_S139_L001-L004_merged	1	0.1896	0.0307	1.0000
PsFluSBW25_chrm01_circ_936093	Pf_BP_3_D623_S116_L001-L004_merged	1	0.2153	0.0348	1.0000
PsFluSBW25_chrm01_circ_936093	Pf_BP_3_D644_S164_L001-L004_merged	1	0.2399	0.0316	1.0000
PsFluSBW25_chrm01_circ_936093	Pf_BP_3_D700_S94_L001-L004_merged	1	0.1651	0.0268	1.0000
PsFluSBW25_chrm01_circ_936093	Pf_BP_3_D728_S130_L001-L004_merged	1	0.0740	0.0192	1.0000
PsFluSBW25_chrm01_circ_936093	Pf_BP_3_D756_S166_L001-L004_merged	1	0.1465	0.0277	1.0000
PsFluSBW25_chrm01_circ_936093	Pf_BP_3_D784_S107_L001-L004_merged	1	0.2159	0.0296	1.0000
PsFluSBW25_chrm01_circ_936093	Pf_BP_3_D84_S13_L001-L004_merged	1	0.0160	0.0078	1.0000
PsFluSBW25_chrm01_circ_1416341	PS_Pf_r03_2017_01_09_L001	2	0.1908	0.0076	1.0000
PsFluSBW25_chrm01_circ_1416341	Pf_BP_3_D112_S46_L001-L004_merged	2	0.0001	0.0010	1.0000
PsFluSBW25_chrm01_circ_1416341	Pf_BP_3_D140_S79_L001-L004_merged	2	0.0002	0.0014	1.0000
PsFluSBW25_chrm01_circ_1416341	Pf_BP_3_D168_S25_L001-L004_merged	2	0.0001	0.0008	1.0000
PsFluSBW25_chrm01_circ_1416341	Pf_BP_3_D196_S58_L001-L004_merged	2	0.0001	0.0012	1.0000
PsFluSBW25_chrm01_circ_1416341	Pf_BP_3_D224_S4_L001-L004_merged	2	0.0004	0.0019	1.0000
PsFluSBW25_chrm01_circ_1416341	Pf_BP_3_D252_S37_L001-L004_merged	2	0.0004	0.0021	1.0000
PsFluSBW25_chrm01_circ_1416341	Pf_BP_3_D279_S70_L001-L004_merged	2	0.0008	0.0027	1.0000
PsFluSBW25_chrm01_circ_1416341	Pf_BP_3_D28_S23_L001-L004_merged	2	0.0000	0.0005	1.0000
PsFluSBW25_chrm01_circ_1416341	Pf_BP_3_D310_S16_L001-L004_merged	2	0.0190	0.0059	1.0000
PsFluSBW25_chrm01_circ_1416341	Pf_BP_3_D336_S49_L001-L004_merged	2	0.0092	0.0038	1.0000
PsFluSBW25_chrm01_circ_1416341	Pf_BP_3_D364_S82_L001-L004_merged	2	0.0107	0.0028	1.0000
PsFluSBW25_chrm01_circ_1416341	Pf_BP_3_D392_S28_L001-L004_merged	2	0.0104	0.0017	1.0000
PsFluSBW25_chrm01_circ_1416341	Pf_BP_3_D420_S61_L001-L004_merged	2	0.0156	0.0055	1.0000
PsFluSBW25_chrm01_circ_1416341	Pf_BP_3_D448_S7_L001-L004_merged	2	0.0598	0.0085	1.0000
PsFluSBW25_chrm01_circ_1416341	Pf_BP_3_D476_S73_L001-L004_merged	2	0.0710	0.0108	1.0000
PsFluSBW25_chrm01_circ_1416341	Pf_BP_3_D504_S173_L001-L004_merged	2	0.1469	0.0133	1.0000
PsFluSBW25_chrm01_circ_1416341	Pf_BP_3_D532_S138_L001-L004_merged	2	0.1593	0.0164	1.0000
PsFluSBW25_chrm01_circ_1416341	Pf_BP_3_D56_S67_L001-L004_merged	2	0.0054	0.0054	1.0000
PsFluSBW25_chrm01_circ_1416341	Pf_BP_3_D588_S174_L001-L004_merged	2	0.1112	0.0144	1.0000
PsFluSBW25_chrm01_circ_1416341	Pf_BP_3_D616_S139_L001-L004_merged	2	0.1328	0.0156	1.0000
PsFluSBW25_chrm01_circ_1416341	Pf_BP_3_D623_S116_L001-L004_merged	2	0.1067	0.0150	1.0000
PsFluSBW25_chrm01_circ_1416341	Pf_BP_3_D644_S164_L001-L004_merged	2	0.1128	0.0137	1.0000
PsFluSBW25_chrm01_circ_1416341	Pf_BP_3_D700_S94_L001-L004_merged	2	0.0681	0.0110	1.0000
PsFluSBW25_chrm01_circ_1416341	Pf_BP_3_D728_S130_L001-L004_merged	2	0.0823	0.0114	1.0000
PsFluSBW25_chrm01_circ_1416341	Pf_BP_3_D756_S166_L001-L004_merged	2	0.0515	0.0100	1.0000
PsFluSBW25_chrm01_circ_1416341	Pf_BP_3_D784_S107_L001-L004_merged	2	0.0649	0.0108	1.0000
PsFluSBW25_chrm01_circ_1416341	Pf_BP_3_D84_S13_L001-L004_merged	2	0.0001	0.0011	1.0000
PsFluSBW25_chrm01_circ_1452810	PS_Pf_r03_2017_01_09_L001	2	0.1908	0.0076	1.0000
PsFluSBW25_chrm01_circ_1452810	Pf_BP_3_D112_S46_L001-L004_merged	2	0.0001	0.0010	1.0000
PsFluSBW25_chrm01_circ_1452810	Pf_BP_3_D140_S79_L001-L004_merged	2	0.0002	0.0014	1.0000
PsFluSBW25_chrm01_circ_1452810	Pf_BP_3_D168_S25_L001-L004_merged	2	0.0001	0.0008	1.0000
PsFluSBW25_chrm01_circ_1452810	Pf_BP_3_D196_S58_L001-L004_merged	2	0.0001	0.0012	1.0000
PsFluSBW25_chrm01_circ_1452810	Pf_BP_3_D224_S4_L001-L004_merged	2	0.0004	0.0019	1.0000
PsFluSBW25_chrm01_circ_1452810	Pf_BP_3_D252_S37_L001-L004_merged	2	0.0004	0.0021	1.0000
PsFluSBW25_chrm01_circ_1452810	Pf_BP_3_D279_S70_L001-L004_merged	2	0.0008	0.0027	1.0000
PsFluSBW25_chrm01_circ_1452810	Pf_BP_3_D28_S23_L001-L004_merged	2	0.0000	0.0005	1.0000
PsFluSBW25_chrm01_circ_1452810	Pf_BP_3_D310_S16_L001-L004_merged	2	0.0190	0.0059	1.0000
PsFluSBW25_chrm01_circ_1452810	Pf_BP_3_D336_S49_L001-L004_merged	2	0.0092	0.0038	1.0000
PsFluSBW25_chrm01_circ_1452810	Pf_BP_3_D364_S82_L001-L004_merged	2	0.0107	0.0028	1.0000
PsFluSBW25_chrm01_circ_1452810	Pf_BP_3_D392_S28_L001-L004_merged	2	0.0104	0.0017	1.0000
PsFluSBW25_chrm01_circ_1452810	Pf_BP_3_D420_S61_L001-L004_merged	2	0.0156	0.0055	1.0000
PsFluSBW25_chrm01_circ_1452810	Pf_BP_3_D448_S7_L001-L004_merged	2	0.0598	0.0085	1.0000
PsFluSBW25_chrm01_circ_1452810	Pf_BP_3_D476_S73_L001-L004_merged	2	0.0710	0.0108	1.0000
PsFluSBW25_chrm01_circ_1452810	Pf_BP_3_D504_S173_L001-L004_merged	2	0.1469	0.0133	1.0000
PsFluSBW25_chrm01_circ_1452810	Pf_BP_3_D532_S138_L001-L004_merged	2	0.1593	0.0164	1.0000
PsFluSBW25_chrm01_circ_1452810	Pf_BP_3_D56_S67_L001-L004_merged	2	0.0054	0.0054	1.0000
PsFluSBW25_chrm01_circ_1452810	Pf_BP_3_D588_S174_L001-L004_merged	2	0.1112	0.0144	1.0000
PsFluSBW25_chrm01_circ_1452810	Pf_BP_3_D616_S139_L001-L004_merged	2	0.1328	0.0156	1.0000
PsFluSBW25_chrm01_circ_1452810	Pf_BP_3_D623_S116_L001-L004_merged	2	0.1067	0.0150	1.0000
PsFluSBW25_chrm01_circ_1452810	Pf_BP_3_D644_S164_L001-L004_merged	2	0.1128	0.0137	1.0000
PsFluSBW25_chrm01_circ_1452810	Pf_BP_3_D700_S94_L001-L004_merged	2	0.0681	0.0110	1.0000
PsFluSBW25_chrm01_circ_1452810	Pf_BP_3_D728_S130_L001-L004_merged	2	0.0823	0.0114	1.0000
PsFluSBW25_chrm01_circ_1452810	Pf_BP_3_D756_S166_L001-L004_merged	2	0.0515	0.0100	1.0000
PsFluSBW25_chrm01_circ_1452810	Pf_BP_3_D784_S107_L001-L004_merged	2	0.0649	0.0108	1.0000
PsFluSBW25_chrm01_circ_1452810	Pf_BP_3_D84_S13_L001-L004_merged	2	0.0001	0.0011	1.0000
PsFluSBW25_chrm01_circ_1756426	PS_Pf_r03_2017_01_09_L001	2	0.1908	0.0076	1.0000
PsFluSBW25_chrm01_circ_1756426	Pf_BP_3_D112_S46_L001-L004_merged	2	0.0001	0.0010	1.0000
PsFluSBW25_chrm01_circ_1756426	Pf_BP_3_D140_S79_L001-L004_merged	2	0.0002	0.0014	1.0000
PsFluSBW25_chrm01_circ_1756426	Pf_BP_3_D168_S25_L001-L004_merged	2	0.0001	0.0008	1.0000
PsFluSBW25_chrm01_circ_1756426	Pf_BP_3_D196_S58_L001-L004_merged	2	0.0001	0.0012	1.0000
PsFluSBW25_chrm01_circ_1756426	Pf_BP_3_D224_S4_L001-L004_merged	2	0.0004	0.0019	1.0000
PsFluSBW25_chrm01_circ_1756426	Pf_BP_3_D252_S37_L001-L004_merged	2	0.0004	0.0021	1.0000
PsFluSBW25_chrm01_circ_1756426	Pf_BP_3_D279_S70_L001-L004_merged	2	0.0008	0.0027	1.0000
PsFluSBW25_chrm01_circ_1756426	Pf_BP_3_D28_S23_L001-L004_merged	2	0.0000	0.0005	1.0000
PsFluSBW25_chrm01_circ_1756426	Pf_BP_3_D310_S16_L001-L004_merged	2	0.0190	0.0059	1.0000
PsFluSBW25_chrm01_circ_1756426	Pf_BP_3_D336_S49_L001-L004_merged	2	0.0092	0.0038	1.0000
PsFluSBW25_chrm01_circ_1756426	Pf_BP_3_D364_S82_L001-L004_merged	2	0.0107	0.0028	1.0000
PsFluSBW25_chrm01_circ_1756426	Pf_BP_3_D392_S28_L001-L004_merged	2	0.0104	0.0017	1.0000
PsFluSBW25_chrm01_circ_1756426	Pf_BP_3_D420_S61_L001-L004_merged	2	0.0156	0.0055	1.0000
PsFluSBW25_chrm01_circ_1756426	Pf_BP_3_D448_S7_L001-L004_merged	2	0.0598	0.0085	1.0000
PsFluSBW25_chrm01_circ_1756426	Pf_BP_3_D476_S73_L001-L004_merged	2	0.0710	0.0108	1.0000
PsFluSBW25_chrm01_circ_1756426	Pf_BP_3_D504_S173_L001-L004_merged	2	0.1469	0.0133	1.0000
PsFluSBW25_chrm01_circ_1756426	Pf_BP_3_D532_S138_L001-L004_merged	2	0.1593	0.0164	1.0000
PsFluSBW25_chrm01_circ_1756426	Pf_BP_3_D56_S67_L001-L004_merged	2	0.0054	0.0054	1.0000
PsFluSBW25_chrm01_circ_1756426	Pf_BP_3_D588_S174_L001-L004_merged	2	0.1112	0.0144	1.0000
PsFluSBW25_chrm01_circ_1756426	Pf_BP_3_D616_S139_L001-L004_merged	2	0.1328	0.0156	1.0000
PsFluSBW25_chrm01_circ_1756426	Pf_BP_3_D623_S116_L001-L004_merged	2	0.1067	0.0150	1.0000
PsFluSBW25_chrm01_circ_1756426	Pf_BP_3_D644_S164_L001-L004_merged	2	0.1128	0.0137	1.0000
PsFluSBW25_chrm01_circ_1756426	Pf_BP_3_D700_S94_L001-L004_merged	2	0.0681	0.0110	1.0000
PsFluSBW25_chrm01_circ_1756426	Pf_BP_3_D728_S130_L001-L004_merged	2	0.0823	0.0114	1.0000
PsFluSBW25_chrm01_circ_1756426	Pf_BP_3_D756_S166_L001-L004_merged	2	0.0515	0.0100	1.0000
PsFluSBW25_chrm01_circ_1756426	Pf_BP_3_D784_S107_L001-L004_merged	2	0.0649	0.0108	1.0000
PsFluSBW25_chrm01_circ_1756426	Pf_BP_3_D84_S13_L001-L004_merged	2	0.0001	0.0011	1.0000
PsFluSBW25_chrm01_circ_1933415	PS_Pf_r03_2017_01_09_L001	2	0.1908	0.0076	1.0000
PsFluSBW25_chrm01_circ_1933415	Pf_BP_3_D112_S46_L001-L004_merged	2	0.0001	0.0010	1.0000
PsFluSBW25_chrm01_circ_1933415	Pf_BP_3_D140_S79_L001-L004_merged	2	0.0002	0.0014	1.0000
PsFluSBW25_chrm01_circ_1933415	Pf_BP_3_D168_S25_L001-L004_merged	2	0.0001	0.0008	1.0000
PsFluSBW25_chrm01_circ_1933415	Pf_BP_3_D196_S58_L001-L004_merged	2	0.0001	0.0012	1.0000
PsFluSBW25_chrm01_circ_1933415	Pf_BP_3_D224_S4_L001-L004_merged	2	0.0004	0.0019	1.0000
PsFluSBW25_chrm01_circ_1933415	Pf_BP_3_D252_S37_L001-L004_merged	2	0.0004	0.0021	1.0000
PsFluSBW25_chrm01_circ_1933415	Pf_BP_3_D279_S70_L001-L004_merged	2	0.0008	0.0027	1.0000
PsFluSBW25_chrm01_circ_1933415	Pf_BP_3_D28_S23_L001-L004_merged	2	0.0000	0.0005	1.0000
PsFluSBW25_chrm01_circ_1933415	Pf_BP_3_D310_S16_L001-L004_merged	2	0.0190	0.0059	1.0000
PsFluSBW25_chrm01_circ_1933415	Pf_BP_3_D336_S49_L001-L004_merged	2	0.0092	0.0038	1.0000
PsFluSBW25_chrm01_circ_1933415	Pf_BP_3_D364_S82_L001-L004_merged	2	0.0107	0.0028	1.0000
PsFluSBW25_chrm01_circ_1933415	Pf_BP_3_D392_S28_L001-L004_merged	2	0.0104	0.0017	1.0000
PsFluSBW25_chrm01_circ_1933415	Pf_BP_3_D420_S61_L001-L004_merged	2	0.0156	0.0055	1.0000
PsFluSBW25_chrm01_circ_1933415	Pf_BP_3_D448_S7_L001-L004_merged	2	0.0598	0.0085	1.0000
PsFluSBW25_chrm01_circ_1933415	Pf_BP_3_D476_S73_L001-L004_merged	2	0.0710	0.0108	1.0000
PsFluSBW25_chrm01_circ_1933415	Pf_BP_3_D504_S173_L001-L004_merged	2	0.1469	0.0133	1.0000
PsFluSBW25_chrm01_circ_1933415	Pf_BP_3_D532_S138_L001-L004_merged	2	0.1593	0.0164	1.0000
PsFluSBW25_chrm01_circ_1933415	Pf_BP_3_D56_S67_L001-L004_merged	2	0.0054	0.0054	1.0000
PsFluSBW25_chrm01_circ_1933415	Pf_BP_3_D588_S174_L001-L004_merged	2	0.1112	0.0144	1.0000
PsFluSBW25_chrm01_circ_1933415	Pf_BP_3_D616_S139_L001-L004_merged	2	0.1328	0.0156	1.0000
PsFluSBW25_chrm01_circ_1933415	Pf_BP_3_D623_S116_L001-L004_merged	2	0.1067	0.0150	1.0000
PsFluSBW25_chrm01_circ_1933415	Pf_BP_3_D644_S164_L001-L004_merged	2	0.1128	0.0137	1.0000
PsFluSBW25_chrm01_circ_1933415	Pf_BP_3_D700_S94_L001-L004_merged	2	0.0681	0.0110	1.0000
PsFluSBW25_chrm01_circ_1933415	Pf_BP_3_D728_S130_L001-L004_merged	2	0.0823	0.0114	1.0000
PsFluSBW25_chrm01_circ_1933415	Pf_BP_3_D756_S166_L001-L004_merged	2	0.0515	0.0100	1.0000
PsFluSBW25_chrm01_circ_1933415	Pf_BP_3_D784_S107_L001-L004_merged	2	0.0649	0.0108	1.0000
PsFluSBW25_chrm01_circ_1933415	Pf_BP_3_D84_S13_L001-L004_merged	2	0.0001	0.0011	1.0000
PsFluSBW25_chrm01_circ_1965357	PS_Pf_r03_2017_01_09_L001	2	0.1908	0.0076	0.9999
PsFluSBW25_chrm01_circ_1965357	Pf_BP_3_D112_S46_L001-L004_merged	2	0.0001	0.0010	0.9999
PsFluSBW25_chrm01_circ_1965357	Pf_BP_3_D140_S79_L001-L004_merged	2	0.0002	0.0014	0.9999
PsFluSBW25_chrm01_circ_1965357	Pf_BP_3_D168_S25_L001-L004_merged	2	0.0001	0.0008	0.9999
PsFluSBW25_chrm01_circ_1965357	Pf_BP_3_D196_S58_L001-L004_merged	2	0.0001	0.0012	0.9999
PsFluSBW25_chrm01_circ_1965357	Pf_BP_3_D224_S4_L001-L004_merged	2	0.0004	0.0019	0.9999
PsFluSBW25_chrm01_circ_1965357	Pf_BP_3_D252_S37_L001-L004_merged	2	0.0004	0.0021	0.9999
PsFluSBW25_chrm01_circ_1965357	Pf_BP_3_D279_S70_L001-L004_merged	2	0.0008	0.0027	0.9999
PsFluSBW25_chrm01_circ_1965357	Pf_BP_3_D28_S23_L001-L004_merged	2	0.0000	0.0005	0.9999
PsFluSBW25_chrm01_circ_1965357	Pf_BP_3_D310_S16_L001-L004_merged	2	0.0190	0.0059	0.9999
PsFluSBW25_chrm01_circ_1965357	Pf_BP_3_D336_S49_L001-L004_merged	2	0.0092	0.0038	0.9999
PsFluSBW25_chrm01_circ_1965357	Pf_BP_3_D364_S82_L001-L004_merged	2	0.0107	0.0028	0.9999
PsFluSBW25_chrm01_circ_1965357	Pf_BP_3_D392_S28_L001-L004_merged	2	0.0104	0.0017	0.9999
PsFluSBW25_chrm01_circ_1965357	Pf_BP_3_D420_S61_L001-L004_merged	2	0.0156	0.0055	0.9999
PsFluSBW25_chrm01_circ_1965357	Pf_BP_3_D448_S7_L001-L004_merged	2	0.0598	0.0085	0.9999
PsFluSBW25_chrm01_circ_1965357	Pf_BP_3_D476_S73_L001-L004_merged	2	0.0710	0.0108	0.9999
PsFluSBW25_chrm01_circ_1965357	Pf_BP_3_D504_S173_L001-L004_merged	2	0.1469	0.0133	0.9999
PsFluSBW25_chrm01_circ_1965357	Pf_BP_3_D532_S138_L001-L004_merged	2	0.1593	0.0164	0.9999
PsFluSBW25_chrm01_circ_1965357	Pf_BP_3_D56_S67_L001-L004_merged	2	0.0054	0.0054	0.9999
PsFluSBW25_chrm01_circ_1965357	Pf_BP_3_D588_S174_L001-L004_merged	2	0.1112	0.0144	0.9999
PsFluSBW25_chrm01_circ_1965357	Pf_BP_3_D616_S139_L001-L004_merged	2	0.1328	0.0156	0.9999
PsFluSBW25_chrm01_circ_1965357	Pf_BP_3_D623_S116_L001-L004_merged	2	0.1067	0.0150	0.9999
PsFluSBW25_chrm01_circ_1965357	Pf_BP_3_D644_S164_L001-L004_merged	2	0.1128	0.0137	0.9999
PsFluSBW25_chrm01_circ_1965357	Pf_BP_3_D700_S94_L001-L004_merged	2	0.0681	0.0110	0.9999
PsFluSBW25_chrm01_circ_1965357	Pf_BP_3_D728_S130_L001-L004_merged	2	0.0823	0.0114	0.9999
PsFluSBW25_chrm01_circ_1965357	Pf_BP_3_D756_S166_L001-L004_merged	2	0.0515	0.0100	0.9999
PsFluSBW25_chrm01_circ_1965357	Pf_BP_3_D784_S107_L001-L004_merged	2	0.0649	0.0108	0.9999
PsFluSBW25_chrm01_circ_1965357	Pf_BP_3_D84_S13_L001-L004_merged	2	0.0001	0.0011	0.9999
PsFluSBW25_chrm01_circ_1986756	PS_Pf_r03_2017_01_09_L001	2	0.1908	0.0076	1.0000
PsFluSBW25_chrm01_circ_1986756	Pf_BP_3_D112_S46_L001-L004_merged	2	0.0001	0.0010	1.0000
PsFluSBW25_chrm01_circ_1986756	Pf_BP_3_D140_S79_L001-L004_merged	2	0.0002	0.0014	1.0000
PsFluSBW25_chrm01_circ_1986756	Pf_BP_3_D168_S25_L001-L004_merged	2	0.0001	0.0008	1.0000
PsFluSBW25_chrm01_circ_1986756	Pf_BP_3_D196_S58_L001-L004_merged	2	0.0001	0.0012	1.0000
PsFluSBW25_chrm01_circ_1986756	Pf_BP_3_D224_S4_L001-L004_merged	2	0.0004	0.0019	1.0000
PsFluSBW25_chrm01_circ_1986756	Pf_BP_3_D252_S37_L001-L004_merged	2	0.0004	0.0021	1.0000
PsFluSBW25_chrm01_circ_1986756	Pf_BP_3_D279_S70_L001-L004_merged	2	0.0008	0.0027	1.0000
PsFluSBW25_chrm01_circ_1986756	Pf_BP_3_D28_S23_L001-L004_merged	2	0.0000	0.0005	1.0000
PsFluSBW25_chrm01_circ_1986756	Pf_BP_3_D310_S16_L001-L004_merged	2	0.0190	0.0059	1.0000
PsFluSBW25_chrm01_circ_1986756	Pf_BP_3_D336_S49_L001-L004_merged	2	0.0092	0.0038	1.0000
PsFluSBW25_chrm01_circ_1986756	Pf_BP_3_D364_S82_L001-L004_merged	2	0.0107	0.0028	1.0000
PsFluSBW25_chrm01_circ_1986756	Pf_BP_3_D392_S28_L001-L004_merged	2	0.0104	0.0017	1.0000
PsFluSBW25_chrm01_circ_1986756	Pf_BP_3_D420_S61_L001-L004_merged	2	0.0156	0.0055	1.0000
PsFluSBW25_chrm01_circ_1986756	Pf_BP_3_D448_S7_L001-L004_merged	2	0.0598	0.0085	1.0000
PsFluSBW25_chrm01_circ_1986756	Pf_BP_3_D476_S73_L001-L004_merged	2	0.0710	0.0108	1.0000
PsFluSBW25_chrm01_circ_1986756	Pf_BP_3_D504_S173_L001-L004_merged	2	0.1469	0.0133	1.0000
PsFluSBW25_chrm01_circ_1986756	Pf_BP_3_D532_S138_L001-L004_merged	2	0.1593	0.0164	1.0000
PsFluSBW25_chrm01_circ_1986756	Pf_BP_3_D56_S67_L001-L004_merged	2	0.0054	0.0054	1.0000
PsFluSBW25_chrm01_circ_1986756	Pf_BP_3_D588_S174_L001-L004_merged	2	0.1112	0.0144	1.0000
PsFluSBW25_chrm01_circ_1986756	Pf_BP_3_D616_S139_L001-L004_merged	2	0.1328	0.0156	1.0000
PsFluSBW25_chrm01_circ_1986756	Pf_BP_3_D623_S116_L001-L004_merged	2	0.1067	0.0150	1.0000
PsFluSBW25_chrm01_circ_1986756	Pf_BP_3_D644_S164_L001-L004_merged	2	0.1128	0.0137	1.0000
PsFluSBW25_chrm01_circ_1986756	Pf_BP_3_D700_S94_L001-L004_merged	2	0.0681	0.0110	1.0000
PsFluSBW25_chrm01_circ_1986756	Pf_BP_3_D728_S130_L001-L004_merged	2	0.0823	0.0114	1.0000
PsFluSBW25_chrm01_circ_1986756	Pf_BP_3_D756_S166_L001-L004_merged	2	0.0515	0.0100	1.0000
PsFluSBW25_chrm01_circ_1986756	Pf_BP_3_D784_S107_L001-L004_merged	2	0.0649	0.0108	1.0000
PsFluSBW25_chrm01_circ_1986756	Pf_BP_3_D84_S13_L001-L004_merged	2	0.0001	0.0011	1.0000
PsFluSBW25_chrm01_circ_2766944	PS_Pf_r03_2017_01_09_L001	2	0.1908	0.0076	1.0000
PsFluSBW25_chrm01_circ_2766944	Pf_BP_3_D112_S46_L001-L004_merged	2	0.0001	0.0010	1.0000
PsFluSBW25_chrm01_circ_2766944	Pf_BP_3_D140_S79_L001-L004_merged	2	0.0002	0.0014	1.0000
PsFluSBW25_chrm01_circ_2766944	Pf_BP_3_D168_S25_L001-L004_merged	2	0.0001	0.0008	1.0000
PsFluSBW25_chrm01_circ_2766944	Pf_BP_3_D196_S58_L001-L004_merged	2	0.0001	0.0012	1.0000
PsFluSBW25_chrm01_circ_2766944	Pf_BP_3_D224_S4_L001-L004_merged	2	0.0004	0.0019	1.0000
PsFluSBW25_chrm01_circ_2766944	Pf_BP_3_D252_S37_L001-L004_merged	2	0.0004	0.0021	1.0000
PsFluSBW25_chrm01_circ_2766944	Pf_BP_3_D279_S70_L001-L004_merged	2	0.0008	0.0027	1.0000
PsFluSBW25_chrm01_circ_2766944	Pf_BP_3_D28_S23_L001-L004_merged	2	0.0000	0.0005	1.0000
PsFluSBW25_chrm01_circ_2766944	Pf_BP_3_D310_S16_L001-L004_merged	2	0.0190	0.0059	1.0000
PsFluSBW25_chrm01_circ_2766944	Pf_BP_3_D336_S49_L001-L004_merged	2	0.0092	0.0038	1.0000
PsFluSBW25_chrm01_circ_2766944	Pf_BP_3_D364_S82_L001-L004_merged	2	0.0107	0.0028	1.0000
PsFluSBW25_chrm01_circ_2766944	Pf_BP_3_D392_S28_L001-L004_merged	2	0.0104	0.0017	1.0000
PsFluSBW25_chrm01_circ_2766944	Pf_BP_3_D420_S61_L001-L004_merged	2	0.0156	0.0055	1.0000
PsFluSBW25_chrm01_circ_2766944	Pf_BP_3_D448_S7_L001-L004_merged	2	0.0598	0.0085	1.0000
PsFluSBW25_chrm01_circ_2766944	Pf_BP_3_D476_S73_L001-L004_merged	2	0.0710	0.0108	1.0000
PsFluSBW25_chrm01_circ_2766944	Pf_BP_3_D504_S173_L001-L004_merged	2	0.1469	0.0133	1.0000
PsFluSBW25_chrm01_circ_2766944	Pf_BP_3_D532_S138_L001-L004_merged	2	0.1593	0.0164	1.0000
PsFluSBW25_chrm01_circ_2766944	Pf_BP_3_D56_S67_L001-L004_merged	2	0.0054	0.0054	1.0000
PsFluSBW25_chrm01_circ_2766944	Pf_BP_3_D588_S174_L001-L004_merged	2	0.1112	0.0144	1.0000
PsFluSBW25_chrm01_circ_2766944	Pf_BP_3_D616_S139_L001-L004_merged	2	0.1328	0.0156	1.0000
PsFluSBW25_chrm01_circ_2766944	Pf_BP_3_D623_S116_L001-L004_merged	2	0.1067	0.0150	1.0000
PsFluSBW25_chrm01_circ_2766944	Pf_BP_3_D644_S164_L001-L004_merged	2	0.1128	0.0137	1.0000
PsFluSBW25_chrm01_circ_2766944	Pf_BP_3_D700_S94_L001-L004_merged	2	0.0681	0.0110	1.0000
PsFluSBW25_chrm01_circ_2766944	Pf_BP_3_D728_S130_L001-L004_merged	2	0.0823	0.0114	1.0000
PsFluSBW25_chrm01_circ_2766944	Pf_BP_3_D756_S166_L001-L004_merged	2	0.0515	0.0100	1.0000
PsFluSBW25_chrm01_circ_2766944	Pf_BP_3_D784_S107_L001-L004_merged	2	0.0649	0.0108	1.0000
PsFluSBW25_chrm01_circ_2766944	Pf_BP_3_D84_S13_L001-L004_merged	2	0.0001	0.0011	1.0000
PsFluSBW25_chrm01_circ_3301933	PS_Pf_r03_2017_01_09_L001	2	0.1908	0.0076	1.0000
PsFluSBW25_chrm01_circ_3301933	Pf_BP_3_D112_S46_L001-L004_merged	2	0.0001	0.0010	1.0000
PsFluSBW25_chrm01_circ_3301933	Pf_BP_3_D140_S79_L001-L004_merged	2	0.0002	0.0014	1.0000
PsFluSBW25_chrm01_circ_3301933	Pf_BP_3_D168_S25_L001-L004_merged	2	0.0001	0.0008	1.0000
PsFluSBW25_chrm01_circ_3301933	Pf_BP_3_D196_S58_L001-L004_merged	2	0.0001	0.0012	1.0000
PsFluSBW25_chrm01_circ_3301933	Pf_BP_3_D224_S4_L001-L004_merged	2	0.0004	0.0019	1.0000
PsFluSBW25_chrm01_circ_3301933	Pf_BP_3_D252_S37_L001-L004_merged	2	0.0004	0.0021	1.0000
PsFluSBW25_chrm01_circ_3301933	Pf_BP_3_D279_S70_L001-L004_merged	2	0.0008	0.0027	1.0000
PsFluSBW25_chrm01_circ_3301933	Pf_BP_3_D28_S23_L001-L004_merged	2	0.0000	0.0005	1.0000
PsFluSBW25_chrm01_circ_3301933	Pf_BP_3_D310_S16_L001-L004_merged	2	0.0190	0.0059	1.0000
PsFluSBW25_chrm01_circ_3301933	Pf_BP_3_D336_S49_L001-L004_merged	2	0.0092	0.0038	1.0000
PsFluSBW25_chrm01_circ_3301933	Pf_BP_3_D364_S82_L001-L004_merged	2	0.0107	0.0028	1.0000
PsFluSBW25_chrm01_circ_3301933	Pf_BP_3_D392_S28_L001-L004_merged	2	0.0104	0.0017	1.0000
PsFluSBW25_chrm01_circ_3301933	Pf_BP_3_D420_S61_L001-L004_merged	2	0.0156	0.0055	1.0000
PsFluSBW25_chrm01_circ_3301933	Pf_BP_3_D448_S7_L001-L004_merged	2	0.0598	0.0085	1.0000
PsFluSBW25_chrm01_circ_3301933	Pf_BP_3_D476_S73_L001-L004_merged	2	0.0710	0.0108	1.0000
PsFluSBW25_chrm01_circ_3301933	Pf_BP_3_D504_S173_L001-L004_merged	2	0.1469	0.0133	1.0000
PsFluSBW25_chrm01_circ_3301933	Pf_BP_3_D532_S138_L001-L004_merged	2	0.1593	0.0164	1.0000
PsFluSBW25_chrm01_circ_3301933	Pf_BP_3_D56_S67_L001-L004_merged	2	0.0054	0.0054	1.0000
PsFluSBW25_chrm01_circ_3301933	Pf_BP_3_D588_S174_L001-L004_merged	2	0.1112	0.0144	1.0000
PsFluSBW25_chrm01_circ_3301933	Pf_BP_3_D616_S139_L001-L004_merged	2	0.1328	0.0156	1.0000
PsFluSBW25_chrm01_circ_3301933	Pf_BP_3_D623_S116_L001-L004_merged	2	0.1067	0.0150	1.0000
PsFluSBW25_chrm01_circ_3301933	Pf_BP_3_D644_S164_L001-L004_merged	2	0.1128	0.0137	1.0000
PsFluSBW25_chrm01_circ_3301933	Pf_BP_3_D700_S94_L001-L004_merged	2	0.0681	0.0110	1.0000
PsFluSBW25_chrm01_circ_3301933	Pf_BP_3_D728_S130_L001-L004_merged	2	0.0823	0.0114	1.0000
PsFluSBW25_chrm01_circ_3301933	Pf_BP_3_D756_S166_L001-L004_merged	2	0.0515	0.0100	1.0000
PsFluSBW25_chrm01_circ_3301933	Pf_BP_3_D784_S107_L001-L004_merged	2	0.0649	0.0108	1.0000
PsFluSBW25_chrm01_circ_3301933	Pf_BP_3_D84_S13_L001-L004_merged	2	0.0001	0.0011	1.0000
PsFluSBW25_chrm01_circ_3456540	PS_Pf_r03_2017_01_09_L001	2	0.1908	0.0076	1.0000
PsFluSBW25_chrm01_circ_3456540	Pf_BP_3_D112_S46_L001-L004_merged	2	0.0001	0.0010	1.0000
PsFluSBW25_chrm01_circ_3456540	Pf_BP_3_D140_S79_L001-L004_merged	2	0.0002	0.0014	1.0000
PsFluSBW25_chrm01_circ_3456540	Pf_BP_3_D168_S25_L001-L004_merged	2	0.0001	0.0008	1.0000
PsFluSBW25_chrm01_circ_3456540	Pf_BP_3_D196_S58_L001-L004_merged	2	0.0001	0.0012	1.0000
PsFluSBW25_chrm01_circ_3456540	Pf_BP_3_D224_S4_L001-L004_merged	2	0.0004	0.0019	1.0000
PsFluSBW25_chrm01_circ_3456540	Pf_BP_3_D252_S37_L001-L004_merged	2	0.0004	0.0021	1.0000
PsFluSBW25_chrm01_circ_3456540	Pf_BP_3_D279_S70_L001-L004_merged	2	0.0008	0.0027	1.0000
PsFluSBW25_chrm01_circ_3456540	Pf_BP_3_D28_S23_L001-L004_merged	2	0.0000	0.0005	1.0000
PsFluSBW25_chrm01_circ_3456540	Pf_BP_3_D310_S16_L001-L004_merged	2	0.0190	0.0059	1.0000
PsFluSBW25_chrm01_circ_3456540	Pf_BP_3_D336_S49_L001-L004_merged	2	0.0092	0.0038	1.0000
PsFluSBW25_chrm01_circ_3456540	Pf_BP_3_D364_S82_L001-L004_merged	2	0.0107	0.0028	1.0000
PsFluSBW25_chrm01_circ_3456540	Pf_BP_3_D392_S28_L001-L004_merged	2	0.0104	0.0017	1.0000
PsFluSBW25_chrm01_circ_3456540	Pf_BP_3_D420_S61_L001-L004_merged	2	0.0156	0.0055	1.0000
PsFluSBW25_chrm01_circ_3456540	Pf_BP_3_D448_S7_L001-L004_merged	2	0.0598	0.0085	1.0000
PsFluSBW25_chrm01_circ_3456540	Pf_BP_3_D476_S73_L001-L004_merged	2	0.0710	0.0108	1.0000
PsFluSBW25_chrm01_circ_3456540	Pf_BP_3_D504_S173_L001-L004_merged	2	0.1469	0.0133	1.0000
PsFluSBW25_chrm01_circ_3456540	Pf_BP_3_D532_S138_L001-L004_merged	2	0.1593	0.0164	1.0000
PsFluSBW25_chrm01_circ_3456540	Pf_BP_3_D56_S67_L001-L004_merged	2	0.0054	0.0054	1.0000
PsFluSBW25_chrm01_circ_3456540	Pf_BP_3_D588_S174_L001-L004_merged	2	0.1112	0.0144	1.0000
PsFluSBW25_chrm01_circ_3456540	Pf_BP_3_D616_S139_L001-L004_merged	2	0.1328	0.0156	1.0000
PsFluSBW25_chrm01_circ_3456540	Pf_BP_3_D623_S116_L001-L004_merged	2	0.1067	0.0150	1.0000
PsFluSBW25_chrm01_circ_3456540	Pf_BP_3_D644_S164_L001-L004_merged	2	0.1128	0.0137	1.0000
PsFluSBW25_chrm01_circ_3456540	Pf_BP_3_D700_S94_L001-L004_merged	2	0.0681	0.0110	1.0000
PsFluSBW25_chrm01_circ_3456540	Pf_BP_3_D728_S130_L001-L004_merged	2	0.0823	0.0114	1.0000
PsFluSBW25_chrm01_circ_3456540	Pf_BP_3_D756_S166_L001-L004_merged	2	0.0515	0.0100	1.0000
PsFluSBW25_chrm01_circ_3456540	Pf_BP_3_D784_S107_L001-L004_merged	2	0.0649	0.0108	1.0000
PsFluSBW25_chrm01_circ_3456540	Pf_BP_3_D84_S13_L001-L004_merged	2	0.0001	0.0011	1.0000
PsFluSBW25_chrm01_circ_37125	PS_Pf_r03_2017_01_09_L001	2	0.1908	0.0076	0.9999
PsFluSBW25_chrm01_circ_37125	Pf_BP_3_D112_S46_L001-L004_merged	2	0.0001	0.0010	0.9999
PsFluSBW25_chrm01_circ_37125	Pf_BP_3_D140_S79_L001-L004_merged	2	0.0002	0.0014	0.9999
PsFluSBW25_chrm01_circ_37125	Pf_BP_3_D168_S25_L001-L004_merged	2	0.0001	0.0008	0.9999
PsFluSBW25_chrm01_circ_37125	Pf_BP_3_D196_S58_L001-L004_merged	2	0.0001	0.0012	0.9999
PsFluSBW25_chrm01_circ_37125	Pf_BP_3_D224_S4_L001-L004_merged	2	0.0004	0.0019	0.9999
PsFluSBW25_chrm01_circ_37125	Pf_BP_3_D252_S37_L001-L004_merged	2	0.0004	0.0021	0.9999
PsFluSBW25_chrm01_circ_37125	Pf_BP_3_D279_S70_L001-L004_merged	2	0.0008	0.0027	0.9999
PsFluSBW25_chrm01_circ_37125	Pf_BP_3_D28_S23_L001-L004_merged	2	0.0000	0.0005	0.9999
PsFluSBW25_chrm01_circ_37125	Pf_BP_3_D310_S16_L001-L004_merged	2	0.0190	0.0059	0.9999
PsFluSBW25_chrm01_circ_37125	Pf_BP_3_D336_S49_L001-L004_merged	2	0.0092	0.0038	0.9999
PsFluSBW25_chrm01_circ_37125	Pf_BP_3_D364_S82_L001-L004_merged	2	0.0107	0.0028	0.9999
PsFluSBW25_chrm01_circ_37125	Pf_BP_3_D392_S28_L001-L004_merged	2	0.0104	0.0017	0.9999
PsFluSBW25_chrm01_circ_37125	Pf_BP_3_D420_S61_L001-L004_merged	2	0.0156	0.0055	0.9999
PsFluSBW25_chrm01_circ_37125	Pf_BP_3_D448_S7_L001-L004_merged	2	0.0598	0.0085	0.9999
PsFluSBW25_chrm01_circ_37125	Pf_BP_3_D476_S73_L001-L004_merged	2	0.0710	0.0108	0.9999
PsFluSBW25_chrm01_circ_37125	Pf_BP_3_D504_S173_L001-L004_merged	2	0.1469	0.0133	0.9999
PsFluSBW25_chrm01_circ_37125	Pf_BP_3_D532_S138_L001-L004_merged	2	0.1593	0.0164	0.9999
PsFluSBW25_chrm01_circ_37125	Pf_BP_3_D56_S67_L001-L004_merged	2	0.0054	0.0054	0.9999
PsFluSBW25_chrm01_circ_37125	Pf_BP_3_D588_S174_L001-L004_merged	2	0.1112	0.0144	0.9999
PsFluSBW25_chrm01_circ_37125	Pf_BP_3_D616_S139_L001-L004_merged	2	0.1328	0.0156	0.9999
PsFluSBW25_chrm01_circ_37125	Pf_BP_3_D623_S116_L001-L004_merged	2	0.1067	0.0150	0.9999
PsFluSBW25_chrm01_circ_37125	Pf_BP_3_D644_S164_L001-L004_merged	2	0.1128	0.0137	0.9999
PsFluSBW25_chrm01_circ_37125	Pf_BP_3_D700_S94_L001-L004_merged	2	0.0681	0.0110	0.9999
PsFluSBW25_chrm01_circ_37125	Pf_BP_3_D728_S130_L001-L004_merged	2	0.0823	0.0114	0.9999
PsFluSBW25_chrm01_circ_37125	Pf_BP_3_D756_S166_L001-L004_merged	2	0.0515	0.0100	0.9999
PsFluSBW25_chrm01_circ_37125	Pf_BP_3_D784_S107_L001-L004_merged	2	0.0649	0.0108	0.9999
PsFluSBW25_chrm01_circ_37125	Pf_BP_3_D84_S13_L001-L004_merged	2	0.0001	0.0011	0.9999
PsFluSBW25_chrm01_circ_4812193	PS_Pf_r03_2017_01_09_L001	2	0.1908	0.0076	1.0000
PsFluSBW25_chrm01_circ_4812193	Pf_BP_3_D112_S46_L001-L004_merged	2	0.0001	0.0010	1.0000
PsFluSBW25_chrm01_circ_4812193	Pf_BP_3_D140_S79_L001-L004_merged	2	0.0002	0.0014	1.0000
PsFluSBW25_chrm01_circ_4812193	Pf_BP_3_D168_S25_L001-L004_merged	2	0.0001	0.0008	1.0000
PsFluSBW25_chrm01_circ_4812193	Pf_BP_3_D196_S58_L001-L004_merged	2	0.0001	0.0012	1.0000
PsFluSBW25_chrm01_circ_4812193	Pf_BP_3_D224_S4_L001-L004_merged	2	0.0004	0.0019	1.0000
PsFluSBW25_chrm01_circ_4812193	Pf_BP_3_D252_S37_L001-L004_merged	2	0.0004	0.0021	1.0000
PsFluSBW25_chrm01_circ_4812193	Pf_BP_3_D279_S70_L001-L004_merged	2	0.0008	0.0027	1.0000
PsFluSBW25_chrm01_circ_4812193	Pf_BP_3_D28_S23_L001-L004_merged	2	0.0000	0.0005	1.0000
PsFluSBW25_chrm01_circ_4812193	Pf_BP_3_D310_S16_L001-L004_merged	2	0.0190	0.0059	1.0000
PsFluSBW25_chrm01_circ_4812193	Pf_BP_3_D336_S49_L001-L004_merged	2	0.0092	0.0038	1.0000
PsFluSBW25_chrm01_circ_4812193	Pf_BP_3_D364_S82_L001-L004_merged	2	0.0107	0.0028	1.0000
PsFluSBW25_chrm01_circ_4812193	Pf_BP_3_D392_S28_L001-L004_merged	2	0.0104	0.0017	1.0000
PsFluSBW25_chrm01_circ_4812193	Pf_BP_3_D420_S61_L001-L004_merged	2	0.0156	0.0055	1.0000
PsFluSBW25_chrm01_circ_4812193	Pf_BP_3_D448_S7_L001-L004_merged	2	0.0598	0.0085	1.0000
PsFluSBW25_chrm01_circ_4812193	Pf_BP_3_D476_S73_L001-L004_merged	2	0.0710	0.0108	1.0000
PsFluSBW25_chrm01_circ_4812193	Pf_BP_3_D504_S173_L001-L004_merged	2	0.1469	0.0133	1.0000
PsFluSBW25_chrm01_circ_4812193	Pf_BP_3_D532_S138_L001-L004_merged	2	0.1593	0.0164	1.0000
PsFluSBW25_chrm01_circ_4812193	Pf_BP_3_D56_S67_L001-L004_merged	2	0.0054	0.0054	1.0000
PsFluSBW25_chrm01_circ_4812193	Pf_BP_3_D588_S174_L001-L004_merged	2	0.1112	0.0144	1.0000
PsFluSBW25_chrm01_circ_4812193	Pf_BP_3_D616_S139_L001-L004_merged	2	0.1328	0.0156	1.0000
PsFluSBW25_chrm01_circ_4812193	Pf_BP_3_D623_S116_L001-L004_merged	2	0.1067	0.0150	1.0000
PsFluSBW25_chrm01_circ_4812193	Pf_BP_3_D644_S164_L001-L004_merged	2	0.1128	0.0137	1.0000
PsFluSBW25_chrm01_circ_4812193	Pf_BP_3_D700_S94_L001-L004_merged	2	0.0681	0.0110	1.0000
PsFluSBW25_chrm01_circ_4812193	Pf_BP_3_D728_S130_L001-L004_merged	2	0.0823	0.0114	1.0000
PsFluSBW25_chrm01_circ_4812193	Pf_BP_3_D756_S166_L001-L004_merged	2	0.0515	0.0100	1.0000
PsFluSBW25_chrm01_circ_4812193	Pf_BP_3_D784_S107_L001-L004_merged	2	0.0649	0.0108	1.0000
PsFluSBW25_chrm01_circ_4812193	Pf_BP_3_D84_S13_L001-L004_merged	2	0.0001	0.0011	1.0000
PsFluSBW25_chrm01_circ_514009	PS_Pf_r03_2017_01_09_L001	2	0.1908	0.0076	1.0000
PsFluSBW25_chrm01_circ_514009	Pf_BP_3_D112_S46_L001-L004_merged	2	0.0001	0.0010	1.0000
PsFluSBW25_chrm01_circ_514009	Pf_BP_3_D140_S79_L001-L004_merged	2	0.0002	0.0014	1.0000
PsFluSBW25_chrm01_circ_514009	Pf_BP_3_D168_S25_L001-L004_merged	2	0.0001	0.0008	1.0000
PsFluSBW25_chrm01_circ_514009	Pf_BP_3_D196_S58_L001-L004_merged	2	0.0001	0.0012	1.0000
PsFluSBW25_chrm01_circ_514009	Pf_BP_3_D224_S4_L001-L004_merged	2	0.0004	0.0019	1.0000
PsFluSBW25_chrm01_circ_514009	Pf_BP_3_D252_S37_L001-L004_merged	2	0.0004	0.0021	1.0000
PsFluSBW25_chrm01_circ_514009	Pf_BP_3_D279_S70_L001-L004_merged	2	0.0008	0.0027	1.0000
PsFluSBW25_chrm01_circ_514009	Pf_BP_3_D28_S23_L001-L004_merged	2	0.0000	0.0005	1.0000
PsFluSBW25_chrm01_circ_514009	Pf_BP_3_D310_S16_L001-L004_merged	2	0.0190	0.0059	1.0000
PsFluSBW25_chrm01_circ_514009	Pf_BP_3_D336_S49_L001-L004_merged	2	0.0092	0.0038	1.0000
PsFluSBW25_chrm01_circ_514009	Pf_BP_3_D364_S82_L001-L004_merged	2	0.0107	0.0028	1.0000
PsFluSBW25_chrm01_circ_514009	Pf_BP_3_D392_S28_L001-L004_merged	2	0.0104	0.0017	1.0000
PsFluSBW25_chrm01_circ_514009	Pf_BP_3_D420_S61_L001-L004_merged	2	0.0156	0.0055	1.0000
PsFluSBW25_chrm01_circ_514009	Pf_BP_3_D448_S7_L001-L004_merged	2	0.0598	0.0085	1.0000
PsFluSBW25_chrm01_circ_514009	Pf_BP_3_D476_S73_L001-L004_merged	2	0.0710	0.0108	1.0000
PsFluSBW25_chrm01_circ_514009	Pf_BP_3_D504_S173_L001-L004_merged	2	0.1469	0.0133	1.0000
PsFluSBW25_chrm01_circ_514009	Pf_BP_3_D532_S138_L001-L004_merged	2	0.1593	0.0164	1.0000
PsFluSBW25_chrm01_circ_514009	Pf_BP_3_D56_S67_L001-L004_merged	2	0.0054	0.0054	1.0000
PsFluSBW25_chrm01_circ_514009	Pf_BP_3_D588_S174_L001-L004_merged	2	0.1112	0.0144	1.0000
PsFluSBW25_chrm01_circ_514009	Pf_BP_3_D616_S139_L001-L004_merged	2	0.1328	0.0156	1.0000
PsFluSBW25_chrm01_circ_514009	Pf_BP_3_D623_S116_L001-L004_merged	2	0.1067	0.0150	1.0000
PsFluSBW25_chrm01_circ_514009	Pf_BP_3_D644_S164_L001-L004_merged	2	0.1128	0.0137	1.0000
PsFluSBW25_chrm01_circ_514009	Pf_BP_3_D700_S94_L001-L004_merged	2	0.0681	0.0110	1.0000
PsFluSBW25_chrm01_circ_514009	Pf_BP_3_D728_S130_L001-L004_merged	2	0.0823	0.0114	1.0000
PsFluSBW25_chrm01_circ_514009	Pf_BP_3_D756_S166_L001-L004_merged	2	0.0515	0.0100	1.0000
PsFluSBW25_chrm01_circ_514009	Pf_BP_3_D784_S107_L001-L004_merged	2	0.0649	0.0108	1.0000
PsFluSBW25_chrm01_circ_514009	Pf_BP_3_D84_S13_L001-L004_merged	2	0.0001	0.0011	1.0000
PsFluSBW25_chrm01_circ_6079939	PS_Pf_r03_2017_01_09_L001	2	0.1908	0.0076	1.0000
PsFluSBW25_chrm01_circ_6079939	Pf_BP_3_D112_S46_L001-L004_merged	2	0.0001	0.0010	1.0000
PsFluSBW25_chrm01_circ_6079939	Pf_BP_3_D140_S79_L001-L004_merged	2	0.0002	0.0014	1.0000
PsFluSBW25_chrm01_circ_6079939	Pf_BP_3_D168_S25_L001-L004_merged	2	0.0001	0.0008	1.0000
PsFluSBW25_chrm01_circ_6079939	Pf_BP_3_D196_S58_L001-L004_merged	2	0.0001	0.0012	1.0000
PsFluSBW25_chrm01_circ_6079939	Pf_BP_3_D224_S4_L001-L004_merged	2	0.0004	0.0019	1.0000
PsFluSBW25_chrm01_circ_6079939	Pf_BP_3_D252_S37_L001-L004_merged	2	0.0004	0.0021	1.0000
PsFluSBW25_chrm01_circ_6079939	Pf_BP_3_D279_S70_L001-L004_merged	2	0.0008	0.0027	1.0000
PsFluSBW25_chrm01_circ_6079939	Pf_BP_3_D28_S23_L001-L004_merged	2	0.0000	0.0005	1.0000
PsFluSBW25_chrm01_circ_6079939	Pf_BP_3_D310_S16_L001-L004_merged	2	0.0190	0.0059	1.0000
PsFluSBW25_chrm01_circ_6079939	Pf_BP_3_D336_S49_L001-L004_merged	2	0.0092	0.0038	1.0000
PsFluSBW25_chrm01_circ_6079939	Pf_BP_3_D364_S82_L001-L004_merged	2	0.0107	0.0028	1.0000
PsFluSBW25_chrm01_circ_6079939	Pf_BP_3_D392_S28_L001-L004_merged	2	0.0104	0.0017	1.0000
PsFluSBW25_chrm01_circ_6079939	Pf_BP_3_D420_S61_L001-L004_merged	2	0.0156	0.0055	1.0000
PsFluSBW25_chrm01_circ_6079939	Pf_BP_3_D448_S7_L001-L004_merged	2	0.0598	0.0085	1.0000
PsFluSBW25_chrm01_circ_6079939	Pf_BP_3_D476_S73_L001-L004_merged	2	0.0710	0.0108	1.0000
PsFluSBW25_chrm01_circ_6079939	Pf_BP_3_D504_S173_L001-L004_merged	2	0.1469	0.0133	1.0000
PsFluSBW25_chrm01_circ_6079939	Pf_BP_3_D532_S138_L001-L004_merged	2	0.1593	0.0164	1.0000
PsFluSBW25_chrm01_circ_6079939	Pf_BP_3_D56_S67_L001-L004_merged	2	0.0054	0.0054	1.0000
PsFluSBW25_chrm01_circ_6079939	Pf_BP_3_D588_S174_L001-L004_merged	2	0.1112	0.0144	1.0000
PsFluSBW25_chrm01_circ_6079939	Pf_BP_3_D616_S139_L001-L004_merged	2	0.1328	0.0156	1.0000
PsFluSBW25_chrm01_circ_6079939	Pf_BP_3_D623_S116_L001-L004_merged	2	0.1067	0.0150	1.0000
PsFluSBW25_chrm01_circ_6079939	Pf_BP_3_D644_S164_L001-L004_merged	2	0.1128	0.0137	1.0000
PsFluSBW25_chrm01_circ_6079939	Pf_BP_3_D700_S94_L001-L004_merged	2	0.0681	0.0110	1.0000
PsFluSBW25_chrm01_circ_6079939	Pf_BP_3_D728_S130_L001-L004_merged	2	0.0823	0.0114	1.0000
PsFluSBW25_chrm01_circ_6079939	Pf_BP_3_D756_S166_L001-L004_merged	2	0.0515	0.0100	1.0000
PsFluSBW25_chrm01_circ_6079939	Pf_BP_3_D784_S107_L001-L004_merged	2	0.0649	0.0108	1.0000
PsFluSBW25_chrm01_circ_6079939	Pf_BP_3_D84_S13_L001-L004_merged	2	0.0001	0.0011	1.0000
PsFluSBW25_chrm01_circ_6154345	PS_Pf_r03_2017_01_09_L001	2	0.1908	0.0076	1.0000
PsFluSBW25_chrm01_circ_6154345	Pf_BP_3_D112_S46_L001-L004_merged	2	0.0001	0.0010	1.0000
PsFluSBW25_chrm01_circ_6154345	Pf_BP_3_D140_S79_L001-L004_merged	2	0.0002	0.0014	1.0000
PsFluSBW25_chrm01_circ_6154345	Pf_BP_3_D168_S25_L001-L004_merged	2	0.0001	0.0008	1.0000
PsFluSBW25_chrm01_circ_6154345	Pf_BP_3_D196_S58_L001-L004_merged	2	0.0001	0.0012	1.0000
PsFluSBW25_chrm01_circ_6154345	Pf_BP_3_D224_S4_L001-L004_merged	2	0.0004	0.0019	1.0000
PsFluSBW25_chrm01_circ_6154345	Pf_BP_3_D252_S37_L001-L004_merged	2	0.0004	0.0021	1.0000
PsFluSBW25_chrm01_circ_6154345	Pf_BP_3_D279_S70_L001-L004_merged	2	0.0008	0.0027	1.0000
PsFluSBW25_chrm01_circ_6154345	Pf_BP_3_D28_S23_L001-L004_merged	2	0.0000	0.0005	1.0000
PsFluSBW25_chrm01_circ_6154345	Pf_BP_3_D310_S16_L001-L004_merged	2	0.0190	0.0059	1.0000
PsFluSBW25_chrm01_circ_6154345	Pf_BP_3_D336_S49_L001-L004_merged	2	0.0092	0.0038	1.0000
PsFluSBW25_chrm01_circ_6154345	Pf_BP_3_D364_S82_L001-L004_merged	2	0.0107	0.0028	1.0000
PsFluSBW25_chrm01_circ_6154345	Pf_BP_3_D392_S28_L001-L004_merged	2	0.0104	0.0017	1.0000
PsFluSBW25_chrm01_circ_6154345	Pf_BP_3_D420_S61_L001-L004_merged	2	0.0156	0.0055	1.0000
PsFluSBW25_chrm01_circ_6154345	Pf_BP_3_D448_S7_L001-L004_merged	2	0.0598	0.0085	1.0000
PsFluSBW25_chrm01_circ_6154345	Pf_BP_3_D476_S73_L001-L004_merged	2	0.0710	0.0108	1.0000
PsFluSBW25_chrm01_circ_6154345	Pf_BP_3_D504_S173_L001-L004_merged	2	0.1469	0.0133	1.0000
PsFluSBW25_chrm01_circ_6154345	Pf_BP_3_D532_S138_L001-L004_merged	2	0.1593	0.0164	1.0000
PsFluSBW25_chrm01_circ_6154345	Pf_BP_3_D56_S67_L001-L004_merged	2	0.0054	0.0054	1.0000
PsFluSBW25_chrm01_circ_6154345	Pf_BP_3_D588_S174_L001-L004_merged	2	0.1112	0.0144	1.0000
PsFluSBW25_chrm01_circ_6154345	Pf_BP_3_D616_S139_L001-L004_merged	2	0.1328	0.0156	1.0000
PsFluSBW25_chrm01_circ_6154345	Pf_BP_3_D623_S116_L001-L004_merged	2	0.1067	0.0150	1.0000
PsFluSBW25_chrm01_circ_6154345	Pf_BP_3_D644_S164_L001-L004_merged	2	0.1128	0.0137	1.0000
PsFluSBW25_chrm01_circ_6154345	Pf_BP_3_D700_S94_L001-L004_merged	2	0.0681	0.0110	1.0000
PsFluSBW25_chrm01_circ_6154345	Pf_BP_3_D728_S130_L001-L004_merged	2	0.0823	0.0114	1.0000
PsFluSBW25_chrm01_circ_6154345	Pf_BP_3_D756_S166_L001-L004_merged	2	0.0515	0.0100	1.0000
PsFluSBW25_chrm01_circ_6154345	Pf_BP_3_D784_S107_L001-L004_merged	2	0.0649	0.0108	1.0000
PsFluSBW25_chrm01_circ_6154345	Pf_BP_3_D84_S13_L001-L004_merged	2	0.0001	0.0011	1.0000
PsFluSBW25_chrm01_circ_6193873	PS_Pf_r03_2017_01_09_L001	2	0.1908	0.0076	0.9993
PsFluSBW25_chrm01_circ_6193873	Pf_BP_3_D112_S46_L001-L004_merged	2	0.0001	0.0010	0.9993
PsFluSBW25_chrm01_circ_6193873	Pf_BP_3_D140_S79_L001-L004_merged	2	0.0002	0.0014	0.9993
PsFluSBW25_chrm01_circ_6193873	Pf_BP_3_D168_S25_L001-L004_merged	2	0.0001	0.0008	0.9993
PsFluSBW25_chrm01_circ_6193873	Pf_BP_3_D196_S58_L001-L004_merged	2	0.0001	0.0012	0.9993
PsFluSBW25_chrm01_circ_6193873	Pf_BP_3_D224_S4_L001-L004_merged	2	0.0004	0.0019	0.9993
PsFluSBW25_chrm01_circ_6193873	Pf_BP_3_D252_S37_L001-L004_merged	2	0.0004	0.0021	0.9993
PsFluSBW25_chrm01_circ_6193873	Pf_BP_3_D279_S70_L001-L004_merged	2	0.0008	0.0027	0.9993
PsFluSBW25_chrm01_circ_6193873	Pf_BP_3_D28_S23_L001-L004_merged	2	0.0000	0.0005	0.9993
PsFluSBW25_chrm01_circ_6193873	Pf_BP_3_D310_S16_L001-L004_merged	2	0.0190	0.0059	0.9993
PsFluSBW25_chrm01_circ_6193873	Pf_BP_3_D336_S49_L001-L004_merged	2	0.0092	0.0038	0.9993
PsFluSBW25_chrm01_circ_6193873	Pf_BP_3_D364_S82_L001-L004_merged	2	0.0107	0.0028	0.9993
PsFluSBW25_chrm01_circ_6193873	Pf_BP_3_D392_S28_L001-L004_merged	2	0.0104	0.0017	0.9993
PsFluSBW25_chrm01_circ_6193873	Pf_BP_3_D420_S61_L001-L004_merged	2	0.0156	0.0055	0.9993
PsFluSBW25_chrm01_circ_6193873	Pf_BP_3_D448_S7_L001-L004_merged	2	0.0598	0.0085	0.9993
PsFluSBW25_chrm01_circ_6193873	Pf_BP_3_D476_S73_L001-L004_merged	2	0.0710	0.0108	0.9993
PsFluSBW25_chrm01_circ_6193873	Pf_BP_3_D504_S173_L001-L004_merged	2	0.1469	0.0133	0.9993
PsFluSBW25_chrm01_circ_6193873	Pf_BP_3_D532_S138_L001-L004_merged	2	0.1593	0.0164	0.9993
PsFluSBW25_chrm01_circ_6193873	Pf_BP_3_D56_S67_L001-L004_merged	2	0.0054	0.0054	0.9993
PsFluSBW25_chrm01_circ_6193873	Pf_BP_3_D588_S174_L001-L004_merged	2	0.1112	0.0144	0.9993
PsFluSBW25_chrm01_circ_6193873	Pf_BP_3_D616_S139_L001-L004_merged	2	0.1328	0.0156	0.9993
PsFluSBW25_chrm01_circ_6193873	Pf_BP_3_D623_S116_L001-L004_merged	2	0.1067	0.0150	0.9993
PsFluSBW25_chrm01_circ_6193873	Pf_BP_3_D644_S164_L001-L004_merged	2	0.1128	0.0137	0.9993
PsFluSBW25_chrm01_circ_6193873	Pf_BP_3_D700_S94_L001-L004_merged	2	0.0681	0.0110	0.9993
PsFluSBW25_chrm01_circ_6193873	Pf_BP_3_D728_S130_L001-L004_merged	2	0.0823	0.0114	0.9993
PsFluSBW25_chrm01_circ_6193873	Pf_BP_3_D756_S166_L001-L004_merged	2	0.0515	0.0100	0.9993
PsFluSBW25_chrm01_circ_6193873	Pf_BP_3_D784_S107_L001-L004_merged	2	0.0649	0.0108	0.9993
PsFluSBW25_chrm01_circ_6193873	Pf_BP_3_D84_S13_L001-L004_merged	2	0.0001	0.0011	0.9993
PsFluSBW25_chrm01_circ_6456835	PS_Pf_r03_2017_01_09_L001	2	0.1908	0.0076	1.0000
PsFluSBW25_chrm01_circ_6456835	Pf_BP_3_D112_S46_L001-L004_merged	2	0.0001	0.0010	1.0000
PsFluSBW25_chrm01_circ_6456835	Pf_BP_3_D140_S79_L001-L004_merged	2	0.0002	0.0014	1.0000
PsFluSBW25_chrm01_circ_6456835	Pf_BP_3_D168_S25_L001-L004_merged	2	0.0001	0.0008	1.0000
PsFluSBW25_chrm01_circ_6456835	Pf_BP_3_D196_S58_L001-L004_merged	2	0.0001	0.0012	1.0000
PsFluSBW25_chrm01_circ_6456835	Pf_BP_3_D224_S4_L001-L004_merged	2	0.0004	0.0019	1.0000
PsFluSBW25_chrm01_circ_6456835	Pf_BP_3_D252_S37_L001-L004_merged	2	0.0004	0.0021	1.0000
PsFluSBW25_chrm01_circ_6456835	Pf_BP_3_D279_S70_L001-L004_merged	2	0.0008	0.0027	1.0000
PsFluSBW25_chrm01_circ_6456835	Pf_BP_3_D28_S23_L001-L004_merged	2	0.0000	0.0005	1.0000
PsFluSBW25_chrm01_circ_6456835	Pf_BP_3_D310_S16_L001-L004_merged	2	0.0190	0.0059	1.0000
PsFluSBW25_chrm01_circ_6456835	Pf_BP_3_D336_S49_L001-L004_merged	2	0.0092	0.0038	1.0000
PsFluSBW25_chrm01_circ_6456835	Pf_BP_3_D364_S82_L001-L004_merged	2	0.0107	0.0028	1.0000
PsFluSBW25_chrm01_circ_6456835	Pf_BP_3_D392_S28_L001-L004_merged	2	0.0104	0.0017	1.0000
PsFluSBW25_chrm01_circ_6456835	Pf_BP_3_D420_S61_L001-L004_merged	2	0.0156	0.0055	1.0000
PsFluSBW25_chrm01_circ_6456835	Pf_BP_3_D448_S7_L001-L004_merged	2	0.0598	0.0085	1.0000
PsFluSBW25_chrm01_circ_6456835	Pf_BP_3_D476_S73_L001-L004_merged	2	0.0710	0.0108	1.0000
PsFluSBW25_chrm01_circ_6456835	Pf_BP_3_D504_S173_L001-L004_merged	2	0.1469	0.0133	1.0000
PsFluSBW25_chrm01_circ_6456835	Pf_BP_3_D532_S138_L001-L004_merged	2	0.1593	0.0164	1.0000
PsFluSBW25_chrm01_circ_6456835	Pf_BP_3_D56_S67_L001-L004_merged	2	0.0054	0.0054	1.0000
PsFluSBW25_chrm01_circ_6456835	Pf_BP_3_D588_S174_L001-L004_merged	2	0.1112	0.0144	1.0000
PsFluSBW25_chrm01_circ_6456835	Pf_BP_3_D616_S139_L001-L004_merged	2	0.1328	0.0156	1.0000
PsFluSBW25_chrm01_circ_6456835	Pf_BP_3_D623_S116_L001-L004_merged	2	0.1067	0.0150	1.0000
PsFluSBW25_chrm01_circ_6456835	Pf_BP_3_D644_S164_L001-L004_merged	2	0.1128	0.0137	1.0000
PsFluSBW25_chrm01_circ_6456835	Pf_BP_3_D700_S94_L001-L004_merged	2	0.0681	0.0110	1.0000
PsFluSBW25_chrm01_circ_6456835	Pf_BP_3_D728_S130_L001-L004_merged	2	0.0823	0.0114	1.0000
PsFluSBW25_chrm01_circ_6456835	Pf_BP_3_D756_S166_L001-L004_merged	2	0.0515	0.0100	1.0000
PsFluSBW25_chrm01_circ_6456835	Pf_BP_3_D784_S107_L001-L004_merged	2	0.0649	0.0108	1.0000
PsFluSBW25_chrm01_circ_6456835	Pf_BP_3_D84_S13_L001-L004_merged	2	0.0001	0.0011	1.0000
PsFluSBW25_chrm01_circ_6457857	PS_Pf_r03_2017_01_09_L001	2	0.1908	0.0076	1.0000
PsFluSBW25_chrm01_circ_6457857	Pf_BP_3_D112_S46_L001-L004_merged	2	0.0001	0.0010	1.0000
PsFluSBW25_chrm01_circ_6457857	Pf_BP_3_D140_S79_L001-L004_merged	2	0.0002	0.0014	1.0000
PsFluSBW25_chrm01_circ_6457857	Pf_BP_3_D168_S25_L001-L004_merged	2	0.0001	0.0008	1.0000
PsFluSBW25_chrm01_circ_6457857	Pf_BP_3_D196_S58_L001-L004_merged	2	0.0001	0.0012	1.0000
PsFluSBW25_chrm01_circ_6457857	Pf_BP_3_D224_S4_L001-L004_merged	2	0.0004	0.0019	1.0000
PsFluSBW25_chrm01_circ_6457857	Pf_BP_3_D252_S37_L001-L004_merged	2	0.0004	0.0021	1.0000
PsFluSBW25_chrm01_circ_6457857	Pf_BP_3_D279_S70_L001-L004_merged	2	0.0008	0.0027	1.0000
PsFluSBW25_chrm01_circ_6457857	Pf_BP_3_D28_S23_L001-L004_merged	2	0.0000	0.0005	1.0000
PsFluSBW25_chrm01_circ_6457857	Pf_BP_3_D310_S16_L001-L004_merged	2	0.0190	0.0059	1.0000
PsFluSBW25_chrm01_circ_6457857	Pf_BP_3_D336_S49_L001-L004_merged	2	0.0092	0.0038	1.0000
PsFluSBW25_chrm01_circ_6457857	Pf_BP_3_D364_S82_L001-L004_merged	2	0.0107	0.0028	1.0000
PsFluSBW25_chrm01_circ_6457857	Pf_BP_3_D392_S28_L001-L004_merged	2	0.0104	0.0017	1.0000
PsFluSBW25_chrm01_circ_6457857	Pf_BP_3_D420_S61_L001-L004_merged	2	0.0156	0.0055	1.0000
PsFluSBW25_chrm01_circ_6457857	Pf_BP_3_D448_S7_L001-L004_merged	2	0.0598	0.0085	1.0000
PsFluSBW25_chrm01_circ_6457857	Pf_BP_3_D476_S73_L001-L004_merged	2	0.0710	0.0108	1.0000
PsFluSBW25_chrm01_circ_6457857	Pf_BP_3_D504_S173_L001-L004_merged	2	0.1469	0.0133	1.0000
PsFluSBW25_chrm01_circ_6457857	Pf_BP_3_D532_S138_L001-L004_merged	2	0.1593	0.0164	1.0000
PsFluSBW25_chrm01_circ_6457857	Pf_BP_3_D56_S67_L001-L004_merged	2	0.0054	0.0054	1.0000
PsFluSBW25_chrm01_circ_6457857	Pf_BP_3_D588_S174_L001-L004_merged	2	0.1112	0.0144	1.0000
PsFluSBW25_chrm01_circ_6457857	Pf_BP_3_D616_S139_L001-L004_merged	2	0.1328	0.0156	1.0000
PsFluSBW25_chrm01_circ_6457857	Pf_BP_3_D623_S116_L001-L004_merged	2	0.1067	0.0150	1.0000
PsFluSBW25_chrm01_circ_6457857	Pf_BP_3_D644_S164_L001-L004_merged	2	0.1128	0.0137	1.0000
PsFluSBW25_chrm01_circ_6457857	Pf_BP_3_D700_S94_L001-L004_merged	2	0.0681	0.0110	1.0000
PsFluSBW25_chrm01_circ_6457857	Pf_BP_3_D728_S130_L001-L004_merged	2	0.0823	0.0114	1.0000
PsFluSBW25_chrm01_circ_6457857	Pf_BP_3_D756_S166_L001-L004_merged	2	0.0515	0.0100	1.0000
PsFluSBW25_chrm01_circ_6457857	Pf_BP_3_D784_S107_L001-L004_merged	2	0.0649	0.0108	1.0000
PsFluSBW25_chrm01_circ_6457857	Pf_BP_3_D84_S13_L001-L004_merged	2	0.0001	0.0011	1.0000
PsFluSBW25_chrm01_circ_90695	PS_Pf_r03_2017_01_09_L001	2	0.1908	0.0076	1.0000
PsFluSBW25_chrm01_circ_90695	Pf_BP_3_D112_S46_L001-L004_merged	2	0.0001	0.0010	1.0000
PsFluSBW25_chrm01_circ_90695	Pf_BP_3_D140_S79_L001-L004_merged	2	0.0002	0.0014	1.0000
PsFluSBW25_chrm01_circ_90695	Pf_BP_3_D168_S25_L001-L004_merged	2	0.0001	0.0008	1.0000
PsFluSBW25_chrm01_circ_90695	Pf_BP_3_D196_S58_L001-L004_merged	2	0.0001	0.0012	1.0000
PsFluSBW25_chrm01_circ_90695	Pf_BP_3_D224_S4_L001-L004_merged	2	0.0004	0.0019	1.0000
PsFluSBW25_chrm01_circ_90695	Pf_BP_3_D252_S37_L001-L004_merged	2	0.0004	0.0021	1.0000
PsFluSBW25_chrm01_circ_90695	Pf_BP_3_D279_S70_L001-L004_merged	2	0.0008	0.0027	1.0000
PsFluSBW25_chrm01_circ_90695	Pf_BP_3_D28_S23_L001-L004_merged	2	0.0000	0.0005	1.0000
PsFluSBW25_chrm01_circ_90695	Pf_BP_3_D310_S16_L001-L004_merged	2	0.0190	0.0059	1.0000
PsFluSBW25_chrm01_circ_90695	Pf_BP_3_D336_S49_L001-L004_merged	2	0.0092	0.0038	1.0000
PsFluSBW25_chrm01_circ_90695	Pf_BP_3_D364_S82_L001-L004_merged	2	0.0107	0.0028	1.0000
PsFluSBW25_chrm01_circ_90695	Pf_BP_3_D392_S28_L001-L004_merged	2	0.0104	0.0017	1.0000
PsFluSBW25_chrm01_circ_90695	Pf_BP_3_D420_S61_L001-L004_merged	2	0.0156	0.0055	1.0000
PsFluSBW25_chrm01_circ_90695	Pf_BP_3_D448_S7_L001-L004_merged	2	0.0598	0.0085	1.0000
PsFluSBW25_chrm01_circ_90695	Pf_BP_3_D476_S73_L001-L004_merged	2	0.0710	0.0108	1.0000
PsFluSBW25_chrm01_circ_90695	Pf_BP_3_D504_S173_L001-L004_merged	2	0.1469	0.0133	1.0000
PsFluSBW25_chrm01_circ_90695	Pf_BP_3_D532_S138_L001-L004_merged	2	0.1593	0.0164	1.0000
PsFluSBW25_chrm01_circ_90695	Pf_BP_3_D56_S67_L001-L004_merged	2	0.0054	0.0054	1.0000
PsFluSBW25_chrm01_circ_90695	Pf_BP_3_D588_S174_L001-L004_merged	2	0.1112	0.0144	1.0000
PsFluSBW25_chrm01_circ_90695	Pf_BP_3_D616_S139_L001-L004_merged	2	0.1328	0.0156	1.0000
PsFluSBW25_chrm01_circ_90695	Pf_BP_3_D623_S116_L001-L004_merged	2	0.1067	0.0150	1.0000
PsFluSBW25_chrm01_circ_90695	Pf_BP_3_D644_S164_L001-L004_merged	2	0.1128	0.0137	1.0000
PsFluSBW25_chrm01_circ_90695	Pf_BP_3_D700_S94_L001-L004_merged	2	0.0681	0.0110	1.0000
PsFluSBW25_chrm01_circ_90695	Pf_BP_3_D728_S130_L001-L004_merged	2	0.0823	0.0114	1.0000
PsFluSBW25_chrm01_circ_90695	Pf_BP_3_D756_S166_L001-L004_merged	2	0.0515	0.0100	1.0000
PsFluSBW25_chrm01_circ_90695	Pf_BP_3_D784_S107_L001-L004_merged	2	0.0649	0.0108	1.0000
PsFluSBW25_chrm01_circ_90695	Pf_BP_3_D84_S13_L001-L004_merged	2	0.0001	0.0011	1.0000
PsFluSBW25_chrm01_circ_929036	PS_Pf_r03_2017_01_09_L001	2	0.1908	0.0076	1.0000
PsFluSBW25_chrm01_circ_929036	Pf_BP_3_D112_S46_L001-L004_merged	2	0.0001	0.0010	1.0000
PsFluSBW25_chrm01_circ_929036	Pf_BP_3_D140_S79_L001-L004_merged	2	0.0002	0.0014	1.0000
PsFluSBW25_chrm01_circ_929036	Pf_BP_3_D168_S25_L001-L004_merged	2	0.0001	0.0008	1.0000
PsFluSBW25_chrm01_circ_929036	Pf_BP_3_D196_S58_L001-L004_merged	2	0.0001	0.0012	1.0000
PsFluSBW25_chrm01_circ_929036	Pf_BP_3_D224_S4_L001-L004_merged	2	0.0004	0.0019	1.0000
PsFluSBW25_chrm01_circ_929036	Pf_BP_3_D252_S37_L001-L004_merged	2	0.0004	0.0021	1.0000
PsFluSBW25_chrm01_circ_929036	Pf_BP_3_D279_S70_L001-L004_merged	2	0.0008	0.0027	1.0000
PsFluSBW25_chrm01_circ_929036	Pf_BP_3_D28_S23_L001-L004_merged	2	0.0000	0.0005	1.0000
PsFluSBW25_chrm01_circ_929036	Pf_BP_3_D310_S16_L001-L004_merged	2	0.0190	0.0059	1.0000
PsFluSBW25_chrm01_circ_929036	Pf_BP_3_D336_S49_L001-L004_merged	2	0.0092	0.0038	1.0000
PsFluSBW25_chrm01_circ_929036	Pf_BP_3_D364_S82_L001-L004_merged	2	0.0107	0.0028	1.0000
PsFluSBW25_chrm01_circ_929036	Pf_BP_3_D392_S28_L001-L004_merged	2	0.0104	0.0017	1.0000
PsFluSBW25_chrm01_circ_929036	Pf_BP_3_D420_S61_L001-L004_merged	2	0.0156	0.0055	1.0000
PsFluSBW25_chrm01_circ_929036	Pf_BP_3_D448_S7_L001-L004_merged	2	0.0598	0.0085	1.0000
PsFluSBW25_chrm01_circ_929036	Pf_BP_3_D476_S73_L001-L004_merged	2	0.0710	0.0108	1.0000
PsFluSBW25_chrm01_circ_929036	Pf_BP_3_D504_S173_L001-L004_merged	2	0.1469	0.0133	1.0000
PsFluSBW25_chrm01_circ_929036	Pf_BP_3_D532_S138_L001-L004_merged	2	0.1593	0.0164	1.0000
PsFluSBW25_chrm01_circ_929036	Pf_BP_3_D56_S67_L001-L004_merged	2	0.0054	0.0054	1.0000
PsFluSBW25_chrm01_circ_929036	Pf_BP_3_D588_S174_L001-L004_merged	2	0.1112	0.0144	1.0000
PsFluSBW25_chrm01_circ_929036	Pf_BP_3_D616_S139_L001-L004_merged	2	0.1328	0.0156	1.0000
PsFluSBW25_chrm01_circ_929036	Pf_BP_3_D623_S116_L001-L004_merged	2	0.1067	0.0150	1.0000
PsFluSBW25_chrm01_circ_929036	Pf_BP_3_D644_S164_L001-L004_merged	2	0.1128	0.0137	1.0000
PsFluSBW25_chrm01_circ_929036	Pf_BP_3_D700_S94_L001-L004_merged	2	0.0681	0.0110	1.0000
PsFluSBW25_chrm01_circ_929036	Pf_BP_3_D728_S130_L001-L004_merged	2	0.0823	0.0114	1.0000
PsFluSBW25_chrm01_circ_929036	Pf_BP_3_D756_S166_L001-L004_merged	2	0.0515	0.0100	1.0000
PsFluSBW25_chrm01_circ_929036	Pf_BP_3_D784_S107_L001-L004_merged	2	0.0649	0.0108	1.0000
PsFluSBW25_chrm01_circ_929036	Pf_BP_3_D84_S13_L001-L004_merged	2	0.0001	0.0011	1.0000
PsFluSBW25_chrm01_circ_929543	PS_Pf_r03_2017_01_09_L001	2	0.1908	0.0076	1.0000
PsFluSBW25_chrm01_circ_929543	Pf_BP_3_D112_S46_L001-L004_merged	2	0.0001	0.0010	1.0000
PsFluSBW25_chrm01_circ_929543	Pf_BP_3_D140_S79_L001-L004_merged	2	0.0002	0.0014	1.0000
PsFluSBW25_chrm01_circ_929543	Pf_BP_3_D168_S25_L001-L004_merged	2	0.0001	0.0008	1.0000
PsFluSBW25_chrm01_circ_929543	Pf_BP_3_D196_S58_L001-L004_merged	2	0.0001	0.0012	1.0000
PsFluSBW25_chrm01_circ_929543	Pf_BP_3_D224_S4_L001-L004_merged	2	0.0004	0.0019	1.0000
PsFluSBW25_chrm01_circ_929543	Pf_BP_3_D252_S37_L001-L004_merged	2	0.0004	0.0021	1.0000
PsFluSBW25_chrm01_circ_929543	Pf_BP_3_D279_S70_L001-L004_merged	2	0.0008	0.0027	1.0000
PsFluSBW25_chrm01_circ_929543	Pf_BP_3_D28_S23_L001-L004_merged	2	0.0000	0.0005	1.0000
PsFluSBW25_chrm01_circ_929543	Pf_BP_3_D310_S16_L001-L004_merged	2	0.0190	0.0059	1.0000
PsFluSBW25_chrm01_circ_929543	Pf_BP_3_D336_S49_L001-L004_merged	2	0.0092	0.0038	1.0000
PsFluSBW25_chrm01_circ_929543	Pf_BP_3_D364_S82_L001-L004_merged	2	0.0107	0.0028	1.0000
PsFluSBW25_chrm01_circ_929543	Pf_BP_3_D392_S28_L001-L004_merged	2	0.0104	0.0017	1.0000
PsFluSBW25_chrm01_circ_929543	Pf_BP_3_D420_S61_L001-L004_merged	2	0.0156	0.0055	1.0000
PsFluSBW25_chrm01_circ_929543	Pf_BP_3_D448_S7_L001-L004_merged	2	0.0598	0.0085	1.0000
PsFluSBW25_chrm01_circ_929543	Pf_BP_3_D476_S73_L001-L004_merged	2	0.0710	0.0108	1.0000
PsFluSBW25_chrm01_circ_929543	Pf_BP_3_D504_S173_L001-L004_merged	2	0.1469	0.0133	1.0000
PsFluSBW25_chrm01_circ_929543	Pf_BP_3_D532_S138_L001-L004_merged	2	0.1593	0.0164	1.0000
PsFluSBW25_chrm01_circ_929543	Pf_BP_3_D56_S67_L001-L004_merged	2	0.0054	0.0054	1.0000
PsFluSBW25_chrm01_circ_929543	Pf_BP_3_D588_S174_L001-L004_merged	2	0.1112	0.0144	1.0000
PsFluSBW25_chrm01_circ_929543	Pf_BP_3_D616_S139_L001-L004_merged	2	0.1328	0.0156	1.0000
PsFluSBW25_chrm01_circ_929543	Pf_BP_3_D623_S116_L001-L004_merged	2	0.1067	0.0150	1.0000
PsFluSBW25_chrm01_circ_929543	Pf_BP_3_D644_S164_L001-L004_merged	2	0.1128	0.0137	1.0000
PsFluSBW25_chrm01_circ_929543	Pf_BP_3_D700_S94_L001-L004_merged	2	0.0681	0.0110	1.0000
PsFluSBW25_chrm01_circ_929543	Pf_BP_3_D728_S130_L001-L004_merged	2	0.0823	0.0114	1.0000
PsFluSBW25_chrm01_circ_929543	Pf_BP_3_D756_S166_L001-L004_merged	2	0.0515	0.0100	1.0000
PsFluSBW25_chrm01_circ_929543	Pf_BP_3_D784_S107_L001-L004_merged	2	0.0649	0.0108	1.0000
PsFluSBW25_chrm01_circ_929543	Pf_BP_3_D84_S13_L001-L004_merged	2	0.0001	0.0011	1.0000
PsFluSBW25_chrm01_circ_994471	PS_Pf_r03_2017_01_09_L001	2	0.1908	0.0076	1.0000
PsFluSBW25_chrm01_circ_994471	Pf_BP_3_D112_S46_L001-L004_merged	2	0.0001	0.0010	1.0000
PsFluSBW25_chrm01_circ_994471	Pf_BP_3_D140_S79_L001-L004_merged	2	0.0002	0.0014	1.0000
PsFluSBW25_chrm01_circ_994471	Pf_BP_3_D168_S25_L001-L004_merged	2	0.0001	0.0008	1.0000
PsFluSBW25_chrm01_circ_994471	Pf_BP_3_D196_S58_L001-L004_merged	2	0.0001	0.0012	1.0000
PsFluSBW25_chrm01_circ_994471	Pf_BP_3_D224_S4_L001-L004_merged	2	0.0004	0.0019	1.0000
PsFluSBW25_chrm01_circ_994471	Pf_BP_3_D252_S37_L001-L004_merged	2	0.0004	0.0021	1.0000
PsFluSBW25_chrm01_circ_994471	Pf_BP_3_D279_S70_L001-L004_merged	2	0.0008	0.0027	1.0000
PsFluSBW25_chrm01_circ_994471	Pf_BP_3_D28_S23_L001-L004_merged	2	0.0000	0.0005	1.0000
PsFluSBW25_chrm01_circ_994471	Pf_BP_3_D310_S16_L001-L004_merged	2	0.0190	0.0059	1.0000
PsFluSBW25_chrm01_circ_994471	Pf_BP_3_D336_S49_L001-L004_merged	2	0.0092	0.0038	1.0000
PsFluSBW25_chrm01_circ_994471	Pf_BP_3_D364_S82_L001-L004_merged	2	0.0107	0.0028	1.0000
PsFluSBW25_chrm01_circ_994471	Pf_BP_3_D392_S28_L001-L004_merged	2	0.0104	0.0017	1.0000
PsFluSBW25_chrm01_circ_994471	Pf_BP_3_D420_S61_L001-L004_merged	2	0.0156	0.0055	1.0000
PsFluSBW25_chrm01_circ_994471	Pf_BP_3_D448_S7_L001-L004_merged	2	0.0598	0.0085	1.0000
PsFluSBW25_chrm01_circ_994471	Pf_BP_3_D476_S73_L001-L004_merged	2	0.0710	0.0108	1.0000
PsFluSBW25_chrm01_circ_994471	Pf_BP_3_D504_S173_L001-L004_merged	2	0.1469	0.0133	1.0000
PsFluSBW25_chrm01_circ_994471	Pf_BP_3_D532_S138_L001-L004_merged	2	0.1593	0.0164	1.0000
PsFluSBW25_chrm01_circ_994471	Pf_BP_3_D56_S67_L001-L004_merged	2	0.0054	0.0054	1.0000
PsFluSBW25_chrm01_circ_994471	Pf_BP_3_D588_S174_L001-L004_merged	2	0.1112	0.0144	1.0000
PsFluSBW25_chrm01_circ_994471	Pf_BP_3_D616_S139_L001-L004_merged	2	0.1328	0.0156	1.0000
PsFluSBW25_chrm01_circ_994471	Pf_BP_3_D623_S116_L001-L004_merged	2	0.1067	0.0150	1.0000
PsFluSBW25_chrm01_circ_994471	Pf_BP_3_D644_S164_L001-L004_merged	2	0.1128	0.0137	1.0000
PsFluSBW25_chrm01_circ_994471	Pf_BP_3_D700_S94_L001-L004_merged	2	0.0681	0.0110	1.0000
PsFluSBW25_chrm01_circ_994471	Pf_BP_3_D728_S130_L001-L004_merged	2	0.0823	0.0114	1.0000
PsFluSBW25_chrm01_circ_994471	Pf_BP_3_D756_S166_L001-L004_merged	2	0.0515	0.0100	1.0000
PsFluSBW25_chrm01_circ_994471	Pf_BP_3_D784_S107_L001-L004_merged	2	0.0649	0.0108	1.0000
PsFluSBW25_chrm01_circ_994471	Pf_BP_3_D84_S13_L001-L004_merged	2	0.0001	0.0011	1.0000
PsFluSBW25_chrm01_circ_1095666	PS_Pf_r03_2017_01_09_L001	3	0.3228	0.0049	1.0000
PsFluSBW25_chrm01_circ_1095666	Pf_BP_3_D112_S46_L001-L004_merged	3	0.0000	0.0000	1.0000
PsFluSBW25_chrm01_circ_1095666	Pf_BP_3_D140_S79_L001-L004_merged	3	0.0000	0.0000	1.0000
PsFluSBW25_chrm01_circ_1095666	Pf_BP_3_D168_S25_L001-L004_merged	3	0.0000	0.0000	1.0000
PsFluSBW25_chrm01_circ_1095666	Pf_BP_3_D196_S58_L001-L004_merged	3	0.0000	0.0001	1.0000
PsFluSBW25_chrm01_circ_1095666	Pf_BP_3_D224_S4_L001-L004_merged	3	0.0000	0.0000	1.0000
PsFluSBW25_chrm01_circ_1095666	Pf_BP_3_D252_S37_L001-L004_merged	3	0.0000	0.0000	1.0000
PsFluSBW25_chrm01_circ_1095666	Pf_BP_3_D279_S70_L001-L004_merged	3	0.0000	0.0000	1.0000
PsFluSBW25_chrm01_circ_1095666	Pf_BP_3_D28_S23_L001-L004_merged	3	0.0000	0.0000	1.0000
PsFluSBW25_chrm01_circ_1095666	Pf_BP_3_D310_S16_L001-L004_merged	3	0.0039	0.0049	1.0000
PsFluSBW25_chrm01_circ_1095666	Pf_BP_3_D336_S49_L001-L004_merged	3	0.0000	0.0001	1.0000
PsFluSBW25_chrm01_circ_1095666	Pf_BP_3_D364_S82_L001-L004_merged	3	0.0000	0.0005	1.0000
PsFluSBW25_chrm01_circ_1095666	Pf_BP_3_D392_S28_L001-L004_merged	3	0.0000	0.0000	1.0000
PsFluSBW25_chrm01_circ_1095666	Pf_BP_3_D420_S61_L001-L004_merged	3	0.0202	0.0008	1.0000
PsFluSBW25_chrm01_circ_1095666	Pf_BP_3_D448_S7_L001-L004_merged	3	0.0902	0.0055	1.0000
PsFluSBW25_chrm01_circ_1095666	Pf_BP_3_D476_S73_L001-L004_merged	3	0.3293	0.0113	1.0000
PsFluSBW25_chrm01_circ_1095666	Pf_BP_3_D504_S173_L001-L004_merged	3	0.3425	0.0100	1.0000
PsFluSBW25_chrm01_circ_1095666	Pf_BP_3_D532_S138_L001-L004_merged	3	0.3391	0.0115	1.0000
PsFluSBW25_chrm01_circ_1095666	Pf_BP_3_D56_S67_L001-L004_merged	3	0.0000	0.0000	1.0000
PsFluSBW25_chrm01_circ_1095666	Pf_BP_3_D588_S174_L001-L004_merged	3	0.3137	0.0117	1.0000
PsFluSBW25_chrm01_circ_1095666	Pf_BP_3_D616_S139_L001-L004_merged	3	0.3764	0.0123	1.0000
PsFluSBW25_chrm01_circ_1095666	Pf_BP_3_D623_S116_L001-L004_merged	3	0.4156	0.0139	1.0000
PsFluSBW25_chrm01_circ_1095666	Pf_BP_3_D644_S164_L001-L004_merged	3	0.3089	0.0114	1.0000
PsFluSBW25_chrm01_circ_1095666	Pf_BP_3_D700_S94_L001-L004_merged	3	0.6171	0.0117	1.0000
PsFluSBW25_chrm01_circ_1095666	Pf_BP_3_D728_S130_L001-L004_merged	3	0.2336	0.0099	1.0000
PsFluSBW25_chrm01_circ_1095666	Pf_BP_3_D756_S166_L001-L004_merged	3	0.4510	0.0120	1.0000
PsFluSBW25_chrm01_circ_1095666	Pf_BP_3_D784_S107_L001-L004_merged	3	0.4865	0.0116	1.0000
PsFluSBW25_chrm01_circ_1095666	Pf_BP_3_D84_S13_L001-L004_merged	3	0.0000	0.0000	1.0000
PsFluSBW25_chrm01_circ_1216959	PS_Pf_r03_2017_01_09_L001	3	0.3228	0.0049	1.0000
PsFluSBW25_chrm01_circ_1216959	Pf_BP_3_D112_S46_L001-L004_merged	3	0.0000	0.0000	1.0000
PsFluSBW25_chrm01_circ_1216959	Pf_BP_3_D140_S79_L001-L004_merged	3	0.0000	0.0000	1.0000
PsFluSBW25_chrm01_circ_1216959	Pf_BP_3_D168_S25_L001-L004_merged	3	0.0000	0.0000	1.0000
PsFluSBW25_chrm01_circ_1216959	Pf_BP_3_D196_S58_L001-L004_merged	3	0.0000	0.0001	1.0000
PsFluSBW25_chrm01_circ_1216959	Pf_BP_3_D224_S4_L001-L004_merged	3	0.0000	0.0000	1.0000
PsFluSBW25_chrm01_circ_1216959	Pf_BP_3_D252_S37_L001-L004_merged	3	0.0000	0.0000	1.0000
PsFluSBW25_chrm01_circ_1216959	Pf_BP_3_D279_S70_L001-L004_merged	3	0.0000	0.0000	1.0000
PsFluSBW25_chrm01_circ_1216959	Pf_BP_3_D28_S23_L001-L004_merged	3	0.0000	0.0000	1.0000
PsFluSBW25_chrm01_circ_1216959	Pf_BP_3_D310_S16_L001-L004_merged	3	0.0039	0.0049	1.0000
PsFluSBW25_chrm01_circ_1216959	Pf_BP_3_D336_S49_L001-L004_merged	3	0.0000	0.0001	1.0000
PsFluSBW25_chrm01_circ_1216959	Pf_BP_3_D364_S82_L001-L004_merged	3	0.0000	0.0005	1.0000
PsFluSBW25_chrm01_circ_1216959	Pf_BP_3_D392_S28_L001-L004_merged	3	0.0000	0.0000	1.0000
PsFluSBW25_chrm01_circ_1216959	Pf_BP_3_D420_S61_L001-L004_merged	3	0.0202	0.0008	1.0000
PsFluSBW25_chrm01_circ_1216959	Pf_BP_3_D448_S7_L001-L004_merged	3	0.0902	0.0055	1.0000
PsFluSBW25_chrm01_circ_1216959	Pf_BP_3_D476_S73_L001-L004_merged	3	0.3293	0.0113	1.0000
PsFluSBW25_chrm01_circ_1216959	Pf_BP_3_D504_S173_L001-L004_merged	3	0.3425	0.0100	1.0000
PsFluSBW25_chrm01_circ_1216959	Pf_BP_3_D532_S138_L001-L004_merged	3	0.3391	0.0115	1.0000
PsFluSBW25_chrm01_circ_1216959	Pf_BP_3_D56_S67_L001-L004_merged	3	0.0000	0.0000	1.0000
PsFluSBW25_chrm01_circ_1216959	Pf_BP_3_D588_S174_L001-L004_merged	3	0.3137	0.0117	1.0000
PsFluSBW25_chrm01_circ_1216959	Pf_BP_3_D616_S139_L001-L004_merged	3	0.3764	0.0123	1.0000
PsFluSBW25_chrm01_circ_1216959	Pf_BP_3_D623_S116_L001-L004_merged	3	0.4156	0.0139	1.0000
PsFluSBW25_chrm01_circ_1216959	Pf_BP_3_D644_S164_L001-L004_merged	3	0.3089	0.0114	1.0000
PsFluSBW25_chrm01_circ_1216959	Pf_BP_3_D700_S94_L001-L004_merged	3	0.6171	0.0117	1.0000
PsFluSBW25_chrm01_circ_1216959	Pf_BP_3_D728_S130_L001-L004_merged	3	0.2336	0.0099	1.0000
PsFluSBW25_chrm01_circ_1216959	Pf_BP_3_D756_S166_L001-L004_merged	3	0.4510	0.0120	1.0000
PsFluSBW25_chrm01_circ_1216959	Pf_BP_3_D784_S107_L001-L004_merged	3	0.4865	0.0116	1.0000
PsFluSBW25_chrm01_circ_1216959	Pf_BP_3_D84_S13_L001-L004_merged	3	0.0000	0.0000	1.0000
PsFluSBW25_chrm01_circ_1223902	PS_Pf_r03_2017_01_09_L001	3	0.3228	0.0049	1.0000
PsFluSBW25_chrm01_circ_1223902	Pf_BP_3_D112_S46_L001-L004_merged	3	0.0000	0.0000	1.0000
PsFluSBW25_chrm01_circ_1223902	Pf_BP_3_D140_S79_L001-L004_merged	3	0.0000	0.0000	1.0000
PsFluSBW25_chrm01_circ_1223902	Pf_BP_3_D168_S25_L001-L004_merged	3	0.0000	0.0000	1.0000
PsFluSBW25_chrm01_circ_1223902	Pf_BP_3_D196_S58_L001-L004_merged	3	0.0000	0.0001	1.0000
PsFluSBW25_chrm01_circ_1223902	Pf_BP_3_D224_S4_L001-L004_merged	3	0.0000	0.0000	1.0000
PsFluSBW25_chrm01_circ_1223902	Pf_BP_3_D252_S37_L001-L004_merged	3	0.0000	0.0000	1.0000
PsFluSBW25_chrm01_circ_1223902	Pf_BP_3_D279_S70_L001-L004_merged	3	0.0000	0.0000	1.0000
PsFluSBW25_chrm01_circ_1223902	Pf_BP_3_D28_S23_L001-L004_merged	3	0.0000	0.0000	1.0000
PsFluSBW25_chrm01_circ_1223902	Pf_BP_3_D310_S16_L001-L004_merged	3	0.0039	0.0049	1.0000
PsFluSBW25_chrm01_circ_1223902	Pf_BP_3_D336_S49_L001-L004_merged	3	0.0000	0.0001	1.0000
PsFluSBW25_chrm01_circ_1223902	Pf_BP_3_D364_S82_L001-L004_merged	3	0.0000	0.0005	1.0000
PsFluSBW25_chrm01_circ_1223902	Pf_BP_3_D392_S28_L001-L004_merged	3	0.0000	0.0000	1.0000
PsFluSBW25_chrm01_circ_1223902	Pf_BP_3_D420_S61_L001-L004_merged	3	0.0202	0.0008	1.0000
PsFluSBW25_chrm01_circ_1223902	Pf_BP_3_D448_S7_L001-L004_merged	3	0.0902	0.0055	1.0000
PsFluSBW25_chrm01_circ_1223902	Pf_BP_3_D476_S73_L001-L004_merged	3	0.3293	0.0113	1.0000
PsFluSBW25_chrm01_circ_1223902	Pf_BP_3_D504_S173_L001-L004_merged	3	0.3425	0.0100	1.0000
PsFluSBW25_chrm01_circ_1223902	Pf_BP_3_D532_S138_L001-L004_merged	3	0.3391	0.0115	1.0000
PsFluSBW25_chrm01_circ_1223902	Pf_BP_3_D56_S67_L001-L004_merged	3	0.0000	0.0000	1.0000
PsFluSBW25_chrm01_circ_1223902	Pf_BP_3_D588_S174_L001-L004_merged	3	0.3137	0.0117	1.0000
PsFluSBW25_chrm01_circ_1223902	Pf_BP_3_D616_S139_L001-L004_merged	3	0.3764	0.0123	1.0000
PsFluSBW25_chrm01_circ_1223902	Pf_BP_3_D623_S116_L001-L004_merged	3	0.4156	0.0139	1.0000
PsFluSBW25_chrm01_circ_1223902	Pf_BP_3_D644_S164_L001-L004_merged	3	0.3089	0.0114	1.0000
PsFluSBW25_chrm01_circ_1223902	Pf_BP_3_D700_S94_L001-L004_merged	3	0.6171	0.0117	1.0000
PsFluSBW25_chrm01_circ_1223902	Pf_BP_3_D728_S130_L001-L004_merged	3	0.2336	0.0099	1.0000
PsFluSBW25_chrm01_circ_1223902	Pf_BP_3_D756_S166_L001-L004_merged	3	0.4510	0.0120	1.0000
PsFluSBW25_chrm01_circ_1223902	Pf_BP_3_D784_S107_L001-L004_merged	3	0.4865	0.0116	1.0000
PsFluSBW25_chrm01_circ_1223902	Pf_BP_3_D84_S13_L001-L004_merged	3	0.0000	0.0000	1.0000
PsFluSBW25_chrm01_circ_1268939	PS_Pf_r03_2017_01_09_L001	3	0.3228	0.0049	1.0000
PsFluSBW25_chrm01_circ_1268939	Pf_BP_3_D112_S46_L001-L004_merged	3	0.0000	0.0000	1.0000
PsFluSBW25_chrm01_circ_1268939	Pf_BP_3_D140_S79_L001-L004_merged	3	0.0000	0.0000	1.0000
PsFluSBW25_chrm01_circ_1268939	Pf_BP_3_D168_S25_L001-L004_merged	3	0.0000	0.0000	1.0000
PsFluSBW25_chrm01_circ_1268939	Pf_BP_3_D196_S58_L001-L004_merged	3	0.0000	0.0001	1.0000
PsFluSBW25_chrm01_circ_1268939	Pf_BP_3_D224_S4_L001-L004_merged	3	0.0000	0.0000	1.0000
PsFluSBW25_chrm01_circ_1268939	Pf_BP_3_D252_S37_L001-L004_merged	3	0.0000	0.0000	1.0000
PsFluSBW25_chrm01_circ_1268939	Pf_BP_3_D279_S70_L001-L004_merged	3	0.0000	0.0000	1.0000
PsFluSBW25_chrm01_circ_1268939	Pf_BP_3_D28_S23_L001-L004_merged	3	0.0000	0.0000	1.0000
PsFluSBW25_chrm01_circ_1268939	Pf_BP_3_D310_S16_L001-L004_merged	3	0.0039	0.0049	1.0000
PsFluSBW25_chrm01_circ_1268939	Pf_BP_3_D336_S49_L001-L004_merged	3	0.0000	0.0001	1.0000
PsFluSBW25_chrm01_circ_1268939	Pf_BP_3_D364_S82_L001-L004_merged	3	0.0000	0.0005	1.0000
PsFluSBW25_chrm01_circ_1268939	Pf_BP_3_D392_S28_L001-L004_merged	3	0.0000	0.0000	1.0000
PsFluSBW25_chrm01_circ_1268939	Pf_BP_3_D420_S61_L001-L004_merged	3	0.0202	0.0008	1.0000
PsFluSBW25_chrm01_circ_1268939	Pf_BP_3_D448_S7_L001-L004_merged	3	0.0902	0.0055	1.0000
PsFluSBW25_chrm01_circ_1268939	Pf_BP_3_D476_S73_L001-L004_merged	3	0.3293	0.0113	1.0000
PsFluSBW25_chrm01_circ_1268939	Pf_BP_3_D504_S173_L001-L004_merged	3	0.3425	0.0100	1.0000
PsFluSBW25_chrm01_circ_1268939	Pf_BP_3_D532_S138_L001-L004_merged	3	0.3391	0.0115	1.0000
PsFluSBW25_chrm01_circ_1268939	Pf_BP_3_D56_S67_L001-L004_merged	3	0.0000	0.0000	1.0000
PsFluSBW25_chrm01_circ_1268939	Pf_BP_3_D588_S174_L001-L004_merged	3	0.3137	0.0117	1.0000
PsFluSBW25_chrm01_circ_1268939	Pf_BP_3_D616_S139_L001-L004_merged	3	0.3764	0.0123	1.0000
PsFluSBW25_chrm01_circ_1268939	Pf_BP_3_D623_S116_L001-L004_merged	3	0.4156	0.0139	1.0000
PsFluSBW25_chrm01_circ_1268939	Pf_BP_3_D644_S164_L001-L004_merged	3	0.3089	0.0114	1.0000
PsFluSBW25_chrm01_circ_1268939	Pf_BP_3_D700_S94_L001-L004_merged	3	0.6171	0.0117	1.0000
PsFluSBW25_chrm01_circ_1268939	Pf_BP_3_D728_S130_L001-L004_merged	3	0.2336	0.0099	1.0000
PsFluSBW25_chrm01_circ_1268939	Pf_BP_3_D756_S166_L001-L004_merged	3	0.4510	0.0120	1.0000
PsFluSBW25_chrm01_circ_1268939	Pf_BP_3_D784_S107_L001-L004_merged	3	0.4865	0.0116	1.0000
PsFluSBW25_chrm01_circ_1268939	Pf_BP_3_D84_S13_L001-L004_merged	3	0.0000	0.0000	1.0000
PsFluSBW25_chrm01_circ_1279463	PS_Pf_r03_2017_01_09_L001	3	0.3228	0.0049	1.0000
PsFluSBW25_chrm01_circ_1279463	Pf_BP_3_D112_S46_L001-L004_merged	3	0.0000	0.0000	1.0000
PsFluSBW25_chrm01_circ_1279463	Pf_BP_3_D140_S79_L001-L004_merged	3	0.0000	0.0000	1.0000
PsFluSBW25_chrm01_circ_1279463	Pf_BP_3_D168_S25_L001-L004_merged	3	0.0000	0.0000	1.0000
PsFluSBW25_chrm01_circ_1279463	Pf_BP_3_D196_S58_L001-L004_merged	3	0.0000	0.0001	1.0000
PsFluSBW25_chrm01_circ_1279463	Pf_BP_3_D224_S4_L001-L004_merged	3	0.0000	0.0000	1.0000
PsFluSBW25_chrm01_circ_1279463	Pf_BP_3_D252_S37_L001-L004_merged	3	0.0000	0.0000	1.0000
PsFluSBW25_chrm01_circ_1279463	Pf_BP_3_D279_S70_L001-L004_merged	3	0.0000	0.0000	1.0000
PsFluSBW25_chrm01_circ_1279463	Pf_BP_3_D28_S23_L001-L004_merged	3	0.0000	0.0000	1.0000
PsFluSBW25_chrm01_circ_1279463	Pf_BP_3_D310_S16_L001-L004_merged	3	0.0039	0.0049	1.0000
PsFluSBW25_chrm01_circ_1279463	Pf_BP_3_D336_S49_L001-L004_merged	3	0.0000	0.0001	1.0000
PsFluSBW25_chrm01_circ_1279463	Pf_BP_3_D364_S82_L001-L004_merged	3	0.0000	0.0005	1.0000
PsFluSBW25_chrm01_circ_1279463	Pf_BP_3_D392_S28_L001-L004_merged	3	0.0000	0.0000	1.0000
PsFluSBW25_chrm01_circ_1279463	Pf_BP_3_D420_S61_L001-L004_merged	3	0.0202	0.0008	1.0000
PsFluSBW25_chrm01_circ_1279463	Pf_BP_3_D448_S7_L001-L004_merged	3	0.0902	0.0055	1.0000
PsFluSBW25_chrm01_circ_1279463	Pf_BP_3_D476_S73_L001-L004_merged	3	0.3293	0.0113	1.0000
PsFluSBW25_chrm01_circ_1279463	Pf_BP_3_D504_S173_L001-L004_merged	3	0.3425	0.0100	1.0000
PsFluSBW25_chrm01_circ_1279463	Pf_BP_3_D532_S138_L001-L004_merged	3	0.3391	0.0115	1.0000
PsFluSBW25_chrm01_circ_1279463	Pf_BP_3_D56_S67_L001-L004_merged	3	0.0000	0.0000	1.0000
PsFluSBW25_chrm01_circ_1279463	Pf_BP_3_D588_S174_L001-L004_merged	3	0.3137	0.0117	1.0000
PsFluSBW25_chrm01_circ_1279463	Pf_BP_3_D616_S139_L001-L004_merged	3	0.3764	0.0123	1.0000
PsFluSBW25_chrm01_circ_1279463	Pf_BP_3_D623_S116_L001-L004_merged	3	0.4156	0.0139	1.0000
PsFluSBW25_chrm01_circ_1279463	Pf_BP_3_D644_S164_L001-L004_merged	3	0.3089	0.0114	1.0000
PsFluSBW25_chrm01_circ_1279463	Pf_BP_3_D700_S94_L001-L004_merged	3	0.6171	0.0117	1.0000
PsFluSBW25_chrm01_circ_1279463	Pf_BP_3_D728_S130_L001-L004_merged	3	0.2336	0.0099	1.0000
PsFluSBW25_chrm01_circ_1279463	Pf_BP_3_D756_S166_L001-L004_merged	3	0.4510	0.0120	1.0000
PsFluSBW25_chrm01_circ_1279463	Pf_BP_3_D784_S107_L001-L004_merged	3	0.4865	0.0116	1.0000
PsFluSBW25_chrm01_circ_1279463	Pf_BP_3_D84_S13_L001-L004_merged	3	0.0000	0.0000	1.0000
PsFluSBW25_chrm01_circ_1302422	PS_Pf_r03_2017_01_09_L001	3	0.3228	0.0049	1.0000
PsFluSBW25_chrm01_circ_1302422	Pf_BP_3_D112_S46_L001-L004_merged	3	0.0000	0.0000	1.0000
PsFluSBW25_chrm01_circ_1302422	Pf_BP_3_D140_S79_L001-L004_merged	3	0.0000	0.0000	1.0000
PsFluSBW25_chrm01_circ_1302422	Pf_BP_3_D168_S25_L001-L004_merged	3	0.0000	0.0000	1.0000
PsFluSBW25_chrm01_circ_1302422	Pf_BP_3_D196_S58_L001-L004_merged	3	0.0000	0.0001	1.0000
PsFluSBW25_chrm01_circ_1302422	Pf_BP_3_D224_S4_L001-L004_merged	3	0.0000	0.0000	1.0000
PsFluSBW25_chrm01_circ_1302422	Pf_BP_3_D252_S37_L001-L004_merged	3	0.0000	0.0000	1.0000
PsFluSBW25_chrm01_circ_1302422	Pf_BP_3_D279_S70_L001-L004_merged	3	0.0000	0.0000	1.0000
PsFluSBW25_chrm01_circ_1302422	Pf_BP_3_D28_S23_L001-L004_merged	3	0.0000	0.0000	1.0000
PsFluSBW25_chrm01_circ_1302422	Pf_BP_3_D310_S16_L001-L004_merged	3	0.0039	0.0049	1.0000
PsFluSBW25_chrm01_circ_1302422	Pf_BP_3_D336_S49_L001-L004_merged	3	0.0000	0.0001	1.0000
PsFluSBW25_chrm01_circ_1302422	Pf_BP_3_D364_S82_L001-L004_merged	3	0.0000	0.0005	1.0000
PsFluSBW25_chrm01_circ_1302422	Pf_BP_3_D392_S28_L001-L004_merged	3	0.0000	0.0000	1.0000
PsFluSBW25_chrm01_circ_1302422	Pf_BP_3_D420_S61_L001-L004_merged	3	0.0202	0.0008	1.0000
PsFluSBW25_chrm01_circ_1302422	Pf_BP_3_D448_S7_L001-L004_merged	3	0.0902	0.0055	1.0000
PsFluSBW25_chrm01_circ_1302422	Pf_BP_3_D476_S73_L001-L004_merged	3	0.3293	0.0113	1.0000
PsFluSBW25_chrm01_circ_1302422	Pf_BP_3_D504_S173_L001-L004_merged	3	0.3425	0.0100	1.0000
PsFluSBW25_chrm01_circ_1302422	Pf_BP_3_D532_S138_L001-L004_merged	3	0.3391	0.0115	1.0000
PsFluSBW25_chrm01_circ_1302422	Pf_BP_3_D56_S67_L001-L004_merged	3	0.0000	0.0000	1.0000
PsFluSBW25_chrm01_circ_1302422	Pf_BP_3_D588_S174_L001-L004_merged	3	0.3137	0.0117	1.0000
PsFluSBW25_chrm01_circ_1302422	Pf_BP_3_D616_S139_L001-L004_merged	3	0.3764	0.0123	1.0000
PsFluSBW25_chrm01_circ_1302422	Pf_BP_3_D623_S116_L001-L004_merged	3	0.4156	0.0139	1.0000
PsFluSBW25_chrm01_circ_1302422	Pf_BP_3_D644_S164_L001-L004_merged	3	0.3089	0.0114	1.0000
PsFluSBW25_chrm01_circ_1302422	Pf_BP_3_D700_S94_L001-L004_merged	3	0.6171	0.0117	1.0000
PsFluSBW25_chrm01_circ_1302422	Pf_BP_3_D728_S130_L001-L004_merged	3	0.2336	0.0099	1.0000
PsFluSBW25_chrm01_circ_1302422	Pf_BP_3_D756_S166_L001-L004_merged	3	0.4510	0.0120	1.0000
PsFluSBW25_chrm01_circ_1302422	Pf_BP_3_D784_S107_L001-L004_merged	3	0.4865	0.0116	1.0000
PsFluSBW25_chrm01_circ_1302422	Pf_BP_3_D84_S13_L001-L004_merged	3	0.0000	0.0000	1.0000
PsFluSBW25_chrm01_circ_130961	PS_Pf_r03_2017_01_09_L001	3	0.3228	0.0049	1.0000
PsFluSBW25_chrm01_circ_130961	Pf_BP_3_D112_S46_L001-L004_merged	3	0.0000	0.0000	1.0000
PsFluSBW25_chrm01_circ_130961	Pf_BP_3_D140_S79_L001-L004_merged	3	0.0000	0.0000	1.0000
PsFluSBW25_chrm01_circ_130961	Pf_BP_3_D168_S25_L001-L004_merged	3	0.0000	0.0000	1.0000
PsFluSBW25_chrm01_circ_130961	Pf_BP_3_D196_S58_L001-L004_merged	3	0.0000	0.0001	1.0000
PsFluSBW25_chrm01_circ_130961	Pf_BP_3_D224_S4_L001-L004_merged	3	0.0000	0.0000	1.0000
PsFluSBW25_chrm01_circ_130961	Pf_BP_3_D252_S37_L001-L004_merged	3	0.0000	0.0000	1.0000
PsFluSBW25_chrm01_circ_130961	Pf_BP_3_D279_S70_L001-L004_merged	3	0.0000	0.0000	1.0000
PsFluSBW25_chrm01_circ_130961	Pf_BP_3_D28_S23_L001-L004_merged	3	0.0000	0.0000	1.0000
PsFluSBW25_chrm01_circ_130961	Pf_BP_3_D310_S16_L001-L004_merged	3	0.0039	0.0049	1.0000
PsFluSBW25_chrm01_circ_130961	Pf_BP_3_D336_S49_L001-L004_merged	3	0.0000	0.0001	1.0000
PsFluSBW25_chrm01_circ_130961	Pf_BP_3_D364_S82_L001-L004_merged	3	0.0000	0.0005	1.0000
PsFluSBW25_chrm01_circ_130961	Pf_BP_3_D392_S28_L001-L004_merged	3	0.0000	0.0000	1.0000
PsFluSBW25_chrm01_circ_130961	Pf_BP_3_D420_S61_L001-L004_merged	3	0.0202	0.0008	1.0000
PsFluSBW25_chrm01_circ_130961	Pf_BP_3_D448_S7_L001-L004_merged	3	0.0902	0.0055	1.0000
PsFluSBW25_chrm01_circ_130961	Pf_BP_3_D476_S73_L001-L004_merged	3	0.3293	0.0113	1.0000
PsFluSBW25_chrm01_circ_130961	Pf_BP_3_D504_S173_L001-L004_merged	3	0.3425	0.0100	1.0000
PsFluSBW25_chrm01_circ_130961	Pf_BP_3_D532_S138_L001-L004_merged	3	0.3391	0.0115	1.0000
PsFluSBW25_chrm01_circ_130961	Pf_BP_3_D56_S67_L001-L004_merged	3	0.0000	0.0000	1.0000
PsFluSBW25_chrm01_circ_130961	Pf_BP_3_D588_S174_L001-L004_merged	3	0.3137	0.0117	1.0000
PsFluSBW25_chrm01_circ_130961	Pf_BP_3_D616_S139_L001-L004_merged	3	0.3764	0.0123	1.0000
PsFluSBW25_chrm01_circ_130961	Pf_BP_3_D623_S116_L001-L004_merged	3	0.4156	0.0139	1.0000
PsFluSBW25_chrm01_circ_130961	Pf_BP_3_D644_S164_L001-L004_merged	3	0.3089	0.0114	1.0000
PsFluSBW25_chrm01_circ_130961	Pf_BP_3_D700_S94_L001-L004_merged	3	0.6171	0.0117	1.0000
PsFluSBW25_chrm01_circ_130961	Pf_BP_3_D728_S130_L001-L004_merged	3	0.2336	0.0099	1.0000
PsFluSBW25_chrm01_circ_130961	Pf_BP_3_D756_S166_L001-L004_merged	3	0.4510	0.0120	1.0000
PsFluSBW25_chrm01_circ_130961	Pf_BP_3_D784_S107_L001-L004_merged	3	0.4865	0.0116	1.0000
PsFluSBW25_chrm01_circ_130961	Pf_BP_3_D84_S13_L001-L004_merged	3	0.0000	0.0000	1.0000
PsFluSBW25_chrm01_circ_1375221	PS_Pf_r03_2017_01_09_L001	3	0.3228	0.0049	1.0000
PsFluSBW25_chrm01_circ_1375221	Pf_BP_3_D112_S46_L001-L004_merged	3	0.0000	0.0000	1.0000
PsFluSBW25_chrm01_circ_1375221	Pf_BP_3_D140_S79_L001-L004_merged	3	0.0000	0.0000	1.0000
PsFluSBW25_chrm01_circ_1375221	Pf_BP_3_D168_S25_L001-L004_merged	3	0.0000	0.0000	1.0000
PsFluSBW25_chrm01_circ_1375221	Pf_BP_3_D196_S58_L001-L004_merged	3	0.0000	0.0001	1.0000
PsFluSBW25_chrm01_circ_1375221	Pf_BP_3_D224_S4_L001-L004_merged	3	0.0000	0.0000	1.0000
PsFluSBW25_chrm01_circ_1375221	Pf_BP_3_D252_S37_L001-L004_merged	3	0.0000	0.0000	1.0000
PsFluSBW25_chrm01_circ_1375221	Pf_BP_3_D279_S70_L001-L004_merged	3	0.0000	0.0000	1.0000
PsFluSBW25_chrm01_circ_1375221	Pf_BP_3_D28_S23_L001-L004_merged	3	0.0000	0.0000	1.0000
PsFluSBW25_chrm01_circ_1375221	Pf_BP_3_D310_S16_L001-L004_merged	3	0.0039	0.0049	1.0000
PsFluSBW25_chrm01_circ_1375221	Pf_BP_3_D336_S49_L001-L004_merged	3	0.0000	0.0001	1.0000
PsFluSBW25_chrm01_circ_1375221	Pf_BP_3_D364_S82_L001-L004_merged	3	0.0000	0.0005	1.0000
PsFluSBW25_chrm01_circ_1375221	Pf_BP_3_D392_S28_L001-L004_merged	3	0.0000	0.0000	1.0000
PsFluSBW25_chrm01_circ_1375221	Pf_BP_3_D420_S61_L001-L004_merged	3	0.0202	0.0008	1.0000
PsFluSBW25_chrm01_circ_1375221	Pf_BP_3_D448_S7_L001-L004_merged	3	0.0902	0.0055	1.0000
PsFluSBW25_chrm01_circ_1375221	Pf_BP_3_D476_S73_L001-L004_merged	3	0.3293	0.0113	1.0000
PsFluSBW25_chrm01_circ_1375221	Pf_BP_3_D504_S173_L001-L004_merged	3	0.3425	0.0100	1.0000
PsFluSBW25_chrm01_circ_1375221	Pf_BP_3_D532_S138_L001-L004_merged	3	0.3391	0.0115	1.0000
PsFluSBW25_chrm01_circ_1375221	Pf_BP_3_D56_S67_L001-L004_merged	3	0.0000	0.0000	1.0000
PsFluSBW25_chrm01_circ_1375221	Pf_BP_3_D588_S174_L001-L004_merged	3	0.3137	0.0117	1.0000
PsFluSBW25_chrm01_circ_1375221	Pf_BP_3_D616_S139_L001-L004_merged	3	0.3764	0.0123	1.0000
PsFluSBW25_chrm01_circ_1375221	Pf_BP_3_D623_S116_L001-L004_merged	3	0.4156	0.0139	1.0000
PsFluSBW25_chrm01_circ_1375221	Pf_BP_3_D644_S164_L001-L004_merged	3	0.3089	0.0114	1.0000
PsFluSBW25_chrm01_circ_1375221	Pf_BP_3_D700_S94_L001-L004_merged	3	0.6171	0.0117	1.0000
PsFluSBW25_chrm01_circ_1375221	Pf_BP_3_D728_S130_L001-L004_merged	3	0.2336	0.0099	1.0000
PsFluSBW25_chrm01_circ_1375221	Pf_BP_3_D756_S166_L001-L004_merged	3	0.4510	0.0120	1.0000
PsFluSBW25_chrm01_circ_1375221	Pf_BP_3_D784_S107_L001-L004_merged	3	0.4865	0.0116	1.0000
PsFluSBW25_chrm01_circ_1375221	Pf_BP_3_D84_S13_L001-L004_merged	3	0.0000	0.0000	1.0000
PsFluSBW25_chrm01_circ_1480473	PS_Pf_r03_2017_01_09_L001	3	0.3228	0.0049	1.0000
PsFluSBW25_chrm01_circ_1480473	Pf_BP_3_D112_S46_L001-L004_merged	3	0.0000	0.0000	1.0000
PsFluSBW25_chrm01_circ_1480473	Pf_BP_3_D140_S79_L001-L004_merged	3	0.0000	0.0000	1.0000
PsFluSBW25_chrm01_circ_1480473	Pf_BP_3_D168_S25_L001-L004_merged	3	0.0000	0.0000	1.0000
PsFluSBW25_chrm01_circ_1480473	Pf_BP_3_D196_S58_L001-L004_merged	3	0.0000	0.0001	1.0000
PsFluSBW25_chrm01_circ_1480473	Pf_BP_3_D224_S4_L001-L004_merged	3	0.0000	0.0000	1.0000
PsFluSBW25_chrm01_circ_1480473	Pf_BP_3_D252_S37_L001-L004_merged	3	0.0000	0.0000	1.0000
PsFluSBW25_chrm01_circ_1480473	Pf_BP_3_D279_S70_L001-L004_merged	3	0.0000	0.0000	1.0000
PsFluSBW25_chrm01_circ_1480473	Pf_BP_3_D28_S23_L001-L004_merged	3	0.0000	0.0000	1.0000
PsFluSBW25_chrm01_circ_1480473	Pf_BP_3_D310_S16_L001-L004_merged	3	0.0039	0.0049	1.0000
PsFluSBW25_chrm01_circ_1480473	Pf_BP_3_D336_S49_L001-L004_merged	3	0.0000	0.0001	1.0000
PsFluSBW25_chrm01_circ_1480473	Pf_BP_3_D364_S82_L001-L004_merged	3	0.0000	0.0005	1.0000
PsFluSBW25_chrm01_circ_1480473	Pf_BP_3_D392_S28_L001-L004_merged	3	0.0000	0.0000	1.0000
PsFluSBW25_chrm01_circ_1480473	Pf_BP_3_D420_S61_L001-L004_merged	3	0.0202	0.0008	1.0000
PsFluSBW25_chrm01_circ_1480473	Pf_BP_3_D448_S7_L001-L004_merged	3	0.0902	0.0055	1.0000
PsFluSBW25_chrm01_circ_1480473	Pf_BP_3_D476_S73_L001-L004_merged	3	0.3293	0.0113	1.0000
PsFluSBW25_chrm01_circ_1480473	Pf_BP_3_D504_S173_L001-L004_merged	3	0.3425	0.0100	1.0000
PsFluSBW25_chrm01_circ_1480473	Pf_BP_3_D532_S138_L001-L004_merged	3	0.3391	0.0115	1.0000
PsFluSBW25_chrm01_circ_1480473	Pf_BP_3_D56_S67_L001-L004_merged	3	0.0000	0.0000	1.0000
PsFluSBW25_chrm01_circ_1480473	Pf_BP_3_D588_S174_L001-L004_merged	3	0.3137	0.0117	1.0000
PsFluSBW25_chrm01_circ_1480473	Pf_BP_3_D616_S139_L001-L004_merged	3	0.3764	0.0123	1.0000
PsFluSBW25_chrm01_circ_1480473	Pf_BP_3_D623_S116_L001-L004_merged	3	0.4156	0.0139	1.0000
PsFluSBW25_chrm01_circ_1480473	Pf_BP_3_D644_S164_L001-L004_merged	3	0.3089	0.0114	1.0000
PsFluSBW25_chrm01_circ_1480473	Pf_BP_3_D700_S94_L001-L004_merged	3	0.6171	0.0117	1.0000
PsFluSBW25_chrm01_circ_1480473	Pf_BP_3_D728_S130_L001-L004_merged	3	0.2336	0.0099	1.0000
PsFluSBW25_chrm01_circ_1480473	Pf_BP_3_D756_S166_L001-L004_merged	3	0.4510	0.0120	1.0000
PsFluSBW25_chrm01_circ_1480473	Pf_BP_3_D784_S107_L001-L004_merged	3	0.4865	0.0116	1.0000
PsFluSBW25_chrm01_circ_1480473	Pf_BP_3_D84_S13_L001-L004_merged	3	0.0000	0.0000	1.0000
PsFluSBW25_chrm01_circ_1709973	PS_Pf_r03_2017_01_09_L001	3	0.3228	0.0049	1.0000
PsFluSBW25_chrm01_circ_1709973	Pf_BP_3_D112_S46_L001-L004_merged	3	0.0000	0.0000	1.0000
PsFluSBW25_chrm01_circ_1709973	Pf_BP_3_D140_S79_L001-L004_merged	3	0.0000	0.0000	1.0000
PsFluSBW25_chrm01_circ_1709973	Pf_BP_3_D168_S25_L001-L004_merged	3	0.0000	0.0000	1.0000
PsFluSBW25_chrm01_circ_1709973	Pf_BP_3_D196_S58_L001-L004_merged	3	0.0000	0.0001	1.0000
PsFluSBW25_chrm01_circ_1709973	Pf_BP_3_D224_S4_L001-L004_merged	3	0.0000	0.0000	1.0000
PsFluSBW25_chrm01_circ_1709973	Pf_BP_3_D252_S37_L001-L004_merged	3	0.0000	0.0000	1.0000
PsFluSBW25_chrm01_circ_1709973	Pf_BP_3_D279_S70_L001-L004_merged	3	0.0000	0.0000	1.0000
PsFluSBW25_chrm01_circ_1709973	Pf_BP_3_D28_S23_L001-L004_merged	3	0.0000	0.0000	1.0000
PsFluSBW25_chrm01_circ_1709973	Pf_BP_3_D310_S16_L001-L004_merged	3	0.0039	0.0049	1.0000
PsFluSBW25_chrm01_circ_1709973	Pf_BP_3_D336_S49_L001-L004_merged	3	0.0000	0.0001	1.0000
PsFluSBW25_chrm01_circ_1709973	Pf_BP_3_D364_S82_L001-L004_merged	3	0.0000	0.0005	1.0000
PsFluSBW25_chrm01_circ_1709973	Pf_BP_3_D392_S28_L001-L004_merged	3	0.0000	0.0000	1.0000
PsFluSBW25_chrm01_circ_1709973	Pf_BP_3_D420_S61_L001-L004_merged	3	0.0202	0.0008	1.0000
PsFluSBW25_chrm01_circ_1709973	Pf_BP_3_D448_S7_L001-L004_merged	3	0.0902	0.0055	1.0000
PsFluSBW25_chrm01_circ_1709973	Pf_BP_3_D476_S73_L001-L004_merged	3	0.3293	0.0113	1.0000
PsFluSBW25_chrm01_circ_1709973	Pf_BP_3_D504_S173_L001-L004_merged	3	0.3425	0.0100	1.0000
PsFluSBW25_chrm01_circ_1709973	Pf_BP_3_D532_S138_L001-L004_merged	3	0.3391	0.0115	1.0000
PsFluSBW25_chrm01_circ_1709973	Pf_BP_3_D56_S67_L001-L004_merged	3	0.0000	0.0000	1.0000
PsFluSBW25_chrm01_circ_1709973	Pf_BP_3_D588_S174_L001-L004_merged	3	0.3137	0.0117	1.0000
PsFluSBW25_chrm01_circ_1709973	Pf_BP_3_D616_S139_L001-L004_merged	3	0.3764	0.0123	1.0000
PsFluSBW25_chrm01_circ_1709973	Pf_BP_3_D623_S116_L001-L004_merged	3	0.4156	0.0139	1.0000
PsFluSBW25_chrm01_circ_1709973	Pf_BP_3_D644_S164_L001-L004_merged	3	0.3089	0.0114	1.0000
PsFluSBW25_chrm01_circ_1709973	Pf_BP_3_D700_S94_L001-L004_merged	3	0.6171	0.0117	1.0000
PsFluSBW25_chrm01_circ_1709973	Pf_BP_3_D728_S130_L001-L004_merged	3	0.2336	0.0099	1.0000
PsFluSBW25_chrm01_circ_1709973	Pf_BP_3_D756_S166_L001-L004_merged	3	0.4510	0.0120	1.0000
PsFluSBW25_chrm01_circ_1709973	Pf_BP_3_D784_S107_L001-L004_merged	3	0.4865	0.0116	1.0000
PsFluSBW25_chrm01_circ_1709973	Pf_BP_3_D84_S13_L001-L004_merged	3	0.0000	0.0000	1.0000
PsFluSBW25_chrm01_circ_1778554	PS_Pf_r03_2017_01_09_L001	3	0.3228	0.0049	1.0000
PsFluSBW25_chrm01_circ_1778554	Pf_BP_3_D112_S46_L001-L004_merged	3	0.0000	0.0000	1.0000
PsFluSBW25_chrm01_circ_1778554	Pf_BP_3_D140_S79_L001-L004_merged	3	0.0000	0.0000	1.0000
PsFluSBW25_chrm01_circ_1778554	Pf_BP_3_D168_S25_L001-L004_merged	3	0.0000	0.0000	1.0000
PsFluSBW25_chrm01_circ_1778554	Pf_BP_3_D196_S58_L001-L004_merged	3	0.0000	0.0001	1.0000
PsFluSBW25_chrm01_circ_1778554	Pf_BP_3_D224_S4_L001-L004_merged	3	0.0000	0.0000	1.0000
PsFluSBW25_chrm01_circ_1778554	Pf_BP_3_D252_S37_L001-L004_merged	3	0.0000	0.0000	1.0000
PsFluSBW25_chrm01_circ_1778554	Pf_BP_3_D279_S70_L001-L004_merged	3	0.0000	0.0000	1.0000
PsFluSBW25_chrm01_circ_1778554	Pf_BP_3_D28_S23_L001-L004_merged	3	0.0000	0.0000	1.0000
PsFluSBW25_chrm01_circ_1778554	Pf_BP_3_D310_S16_L001-L004_merged	3	0.0039	0.0049	1.0000
PsFluSBW25_chrm01_circ_1778554	Pf_BP_3_D336_S49_L001-L004_merged	3	0.0000	0.0001	1.0000
PsFluSBW25_chrm01_circ_1778554	Pf_BP_3_D364_S82_L001-L004_merged	3	0.0000	0.0005	1.0000
PsFluSBW25_chrm01_circ_1778554	Pf_BP_3_D392_S28_L001-L004_merged	3	0.0000	0.0000	1.0000
PsFluSBW25_chrm01_circ_1778554	Pf_BP_3_D420_S61_L001-L004_merged	3	0.0202	0.0008	1.0000
PsFluSBW25_chrm01_circ_1778554	Pf_BP_3_D448_S7_L001-L004_merged	3	0.0902	0.0055	1.0000
PsFluSBW25_chrm01_circ_1778554	Pf_BP_3_D476_S73_L001-L004_merged	3	0.3293	0.0113	1.0000
PsFluSBW25_chrm01_circ_1778554	Pf_BP_3_D504_S173_L001-L004_merged	3	0.3425	0.0100	1.0000
PsFluSBW25_chrm01_circ_1778554	Pf_BP_3_D532_S138_L001-L004_merged	3	0.3391	0.0115	1.0000
PsFluSBW25_chrm01_circ_1778554	Pf_BP_3_D56_S67_L001-L004_merged	3	0.0000	0.0000	1.0000
PsFluSBW25_chrm01_circ_1778554	Pf_BP_3_D588_S174_L001-L004_merged	3	0.3137	0.0117	1.0000
PsFluSBW25_chrm01_circ_1778554	Pf_BP_3_D616_S139_L001-L004_merged	3	0.3764	0.0123	1.0000
PsFluSBW25_chrm01_circ_1778554	Pf_BP_3_D623_S116_L001-L004_merged	3	0.4156	0.0139	1.0000
PsFluSBW25_chrm01_circ_1778554	Pf_BP_3_D644_S164_L001-L004_merged	3	0.3089	0.0114	1.0000
PsFluSBW25_chrm01_circ_1778554	Pf_BP_3_D700_S94_L001-L004_merged	3	0.6171	0.0117	1.0000
PsFluSBW25_chrm01_circ_1778554	Pf_BP_3_D728_S130_L001-L004_merged	3	0.2336	0.0099	1.0000
PsFluSBW25_chrm01_circ_1778554	Pf_BP_3_D756_S166_L001-L004_merged	3	0.4510	0.0120	1.0000
PsFluSBW25_chrm01_circ_1778554	Pf_BP_3_D784_S107_L001-L004_merged	3	0.4865	0.0116	1.0000
PsFluSBW25_chrm01_circ_1778554	Pf_BP_3_D84_S13_L001-L004_merged	3	0.0000	0.0000	1.0000
PsFluSBW25_chrm01_circ_1875122	PS_Pf_r03_2017_01_09_L001	3	0.3228	0.0049	1.0000
PsFluSBW25_chrm01_circ_1875122	Pf_BP_3_D112_S46_L001-L004_merged	3	0.0000	0.0000	1.0000
PsFluSBW25_chrm01_circ_1875122	Pf_BP_3_D140_S79_L001-L004_merged	3	0.0000	0.0000	1.0000
PsFluSBW25_chrm01_circ_1875122	Pf_BP_3_D168_S25_L001-L004_merged	3	0.0000	0.0000	1.0000
PsFluSBW25_chrm01_circ_1875122	Pf_BP_3_D196_S58_L001-L004_merged	3	0.0000	0.0001	1.0000
PsFluSBW25_chrm01_circ_1875122	Pf_BP_3_D224_S4_L001-L004_merged	3	0.0000	0.0000	1.0000
PsFluSBW25_chrm01_circ_1875122	Pf_BP_3_D252_S37_L001-L004_merged	3	0.0000	0.0000	1.0000
PsFluSBW25_chrm01_circ_1875122	Pf_BP_3_D279_S70_L001-L004_merged	3	0.0000	0.0000	1.0000
PsFluSBW25_chrm01_circ_1875122	Pf_BP_3_D28_S23_L001-L004_merged	3	0.0000	0.0000	1.0000
PsFluSBW25_chrm01_circ_1875122	Pf_BP_3_D310_S16_L001-L004_merged	3	0.0039	0.0049	1.0000
PsFluSBW25_chrm01_circ_1875122	Pf_BP_3_D336_S49_L001-L004_merged	3	0.0000	0.0001	1.0000
PsFluSBW25_chrm01_circ_1875122	Pf_BP_3_D364_S82_L001-L004_merged	3	0.0000	0.0005	1.0000
PsFluSBW25_chrm01_circ_1875122	Pf_BP_3_D392_S28_L001-L004_merged	3	0.0000	0.0000	1.0000
PsFluSBW25_chrm01_circ_1875122	Pf_BP_3_D420_S61_L001-L004_merged	3	0.0202	0.0008	1.0000
PsFluSBW25_chrm01_circ_1875122	Pf_BP_3_D448_S7_L001-L004_merged	3	0.0902	0.0055	1.0000
PsFluSBW25_chrm01_circ_1875122	Pf_BP_3_D476_S73_L001-L004_merged	3	0.3293	0.0113	1.0000
PsFluSBW25_chrm01_circ_1875122	Pf_BP_3_D504_S173_L001-L004_merged	3	0.3425	0.0100	1.0000
PsFluSBW25_chrm01_circ_1875122	Pf_BP_3_D532_S138_L001-L004_merged	3	0.3391	0.0115	1.0000
PsFluSBW25_chrm01_circ_1875122	Pf_BP_3_D56_S67_L001-L004_merged	3	0.0000	0.0000	1.0000
PsFluSBW25_chrm01_circ_1875122	Pf_BP_3_D588_S174_L001-L004_merged	3	0.3137	0.0117	1.0000
PsFluSBW25_chrm01_circ_1875122	Pf_BP_3_D616_S139_L001-L004_merged	3	0.3764	0.0123	1.0000
PsFluSBW25_chrm01_circ_1875122	Pf_BP_3_D623_S116_L001-L004_merged	3	0.4156	0.0139	1.0000
PsFluSBW25_chrm01_circ_1875122	Pf_BP_3_D644_S164_L001-L004_merged	3	0.3089	0.0114	1.0000
PsFluSBW25_chrm01_circ_1875122	Pf_BP_3_D700_S94_L001-L004_merged	3	0.6171	0.0117	1.0000
PsFluSBW25_chrm01_circ_1875122	Pf_BP_3_D728_S130_L001-L004_merged	3	0.2336	0.0099	1.0000
PsFluSBW25_chrm01_circ_1875122	Pf_BP_3_D756_S166_L001-L004_merged	3	0.4510	0.0120	1.0000
PsFluSBW25_chrm01_circ_1875122	Pf_BP_3_D784_S107_L001-L004_merged	3	0.4865	0.0116	1.0000
PsFluSBW25_chrm01_circ_1875122	Pf_BP_3_D84_S13_L001-L004_merged	3	0.0000	0.0000	1.0000
PsFluSBW25_chrm01_circ_1890465	PS_Pf_r03_2017_01_09_L001	3	0.3228	0.0049	1.0000
PsFluSBW25_chrm01_circ_1890465	Pf_BP_3_D112_S46_L001-L004_merged	3	0.0000	0.0000	1.0000
PsFluSBW25_chrm01_circ_1890465	Pf_BP_3_D140_S79_L001-L004_merged	3	0.0000	0.0000	1.0000
PsFluSBW25_chrm01_circ_1890465	Pf_BP_3_D168_S25_L001-L004_merged	3	0.0000	0.0000	1.0000
PsFluSBW25_chrm01_circ_1890465	Pf_BP_3_D196_S58_L001-L004_merged	3	0.0000	0.0001	1.0000
PsFluSBW25_chrm01_circ_1890465	Pf_BP_3_D224_S4_L001-L004_merged	3	0.0000	0.0000	1.0000
PsFluSBW25_chrm01_circ_1890465	Pf_BP_3_D252_S37_L001-L004_merged	3	0.0000	0.0000	1.0000
PsFluSBW25_chrm01_circ_1890465	Pf_BP_3_D279_S70_L001-L004_merged	3	0.0000	0.0000	1.0000
PsFluSBW25_chrm01_circ_1890465	Pf_BP_3_D28_S23_L001-L004_merged	3	0.0000	0.0000	1.0000
PsFluSBW25_chrm01_circ_1890465	Pf_BP_3_D310_S16_L001-L004_merged	3	0.0039	0.0049	1.0000
PsFluSBW25_chrm01_circ_1890465	Pf_BP_3_D336_S49_L001-L004_merged	3	0.0000	0.0001	1.0000
PsFluSBW25_chrm01_circ_1890465	Pf_BP_3_D364_S82_L001-L004_merged	3	0.0000	0.0005	1.0000
PsFluSBW25_chrm01_circ_1890465	Pf_BP_3_D392_S28_L001-L004_merged	3	0.0000	0.0000	1.0000
PsFluSBW25_chrm01_circ_1890465	Pf_BP_3_D420_S61_L001-L004_merged	3	0.0202	0.0008	1.0000
PsFluSBW25_chrm01_circ_1890465	Pf_BP_3_D448_S7_L001-L004_merged	3	0.0902	0.0055	1.0000
PsFluSBW25_chrm01_circ_1890465	Pf_BP_3_D476_S73_L001-L004_merged	3	0.3293	0.0113	1.0000
PsFluSBW25_chrm01_circ_1890465	Pf_BP_3_D504_S173_L001-L004_merged	3	0.3425	0.0100	1.0000
PsFluSBW25_chrm01_circ_1890465	Pf_BP_3_D532_S138_L001-L004_merged	3	0.3391	0.0115	1.0000
PsFluSBW25_chrm01_circ_1890465	Pf_BP_3_D56_S67_L001-L004_merged	3	0.0000	0.0000	1.0000
PsFluSBW25_chrm01_circ_1890465	Pf_BP_3_D588_S174_L001-L004_merged	3	0.3137	0.0117	1.0000
PsFluSBW25_chrm01_circ_1890465	Pf_BP_3_D616_S139_L001-L004_merged	3	0.3764	0.0123	1.0000
PsFluSBW25_chrm01_circ_1890465	Pf_BP_3_D623_S116_L001-L004_merged	3	0.4156	0.0139	1.0000
PsFluSBW25_chrm01_circ_1890465	Pf_BP_3_D644_S164_L001-L004_merged	3	0.3089	0.0114	1.0000
PsFluSBW25_chrm01_circ_1890465	Pf_BP_3_D700_S94_L001-L004_merged	3	0.6171	0.0117	1.0000
PsFluSBW25_chrm01_circ_1890465	Pf_BP_3_D728_S130_L001-L004_merged	3	0.2336	0.0099	1.0000
PsFluSBW25_chrm01_circ_1890465	Pf_BP_3_D756_S166_L001-L004_merged	3	0.4510	0.0120	1.0000
PsFluSBW25_chrm01_circ_1890465	Pf_BP_3_D784_S107_L001-L004_merged	3	0.4865	0.0116	1.0000
PsFluSBW25_chrm01_circ_1890465	Pf_BP_3_D84_S13_L001-L004_merged	3	0.0000	0.0000	1.0000
PsFluSBW25_chrm01_circ_2085733	PS_Pf_r03_2017_01_09_L001	3	0.3228	0.0049	1.0000
PsFluSBW25_chrm01_circ_2085733	Pf_BP_3_D112_S46_L001-L004_merged	3	0.0000	0.0000	1.0000
PsFluSBW25_chrm01_circ_2085733	Pf_BP_3_D140_S79_L001-L004_merged	3	0.0000	0.0000	1.0000
PsFluSBW25_chrm01_circ_2085733	Pf_BP_3_D168_S25_L001-L004_merged	3	0.0000	0.0000	1.0000
PsFluSBW25_chrm01_circ_2085733	Pf_BP_3_D196_S58_L001-L004_merged	3	0.0000	0.0001	1.0000
PsFluSBW25_chrm01_circ_2085733	Pf_BP_3_D224_S4_L001-L004_merged	3	0.0000	0.0000	1.0000
PsFluSBW25_chrm01_circ_2085733	Pf_BP_3_D252_S37_L001-L004_merged	3	0.0000	0.0000	1.0000
PsFluSBW25_chrm01_circ_2085733	Pf_BP_3_D279_S70_L001-L004_merged	3	0.0000	0.0000	1.0000
PsFluSBW25_chrm01_circ_2085733	Pf_BP_3_D28_S23_L001-L004_merged	3	0.0000	0.0000	1.0000
PsFluSBW25_chrm01_circ_2085733	Pf_BP_3_D310_S16_L001-L004_merged	3	0.0039	0.0049	1.0000
PsFluSBW25_chrm01_circ_2085733	Pf_BP_3_D336_S49_L001-L004_merged	3	0.0000	0.0001	1.0000
PsFluSBW25_chrm01_circ_2085733	Pf_BP_3_D364_S82_L001-L004_merged	3	0.0000	0.0005	1.0000
PsFluSBW25_chrm01_circ_2085733	Pf_BP_3_D392_S28_L001-L004_merged	3	0.0000	0.0000	1.0000
PsFluSBW25_chrm01_circ_2085733	Pf_BP_3_D420_S61_L001-L004_merged	3	0.0202	0.0008	1.0000
PsFluSBW25_chrm01_circ_2085733	Pf_BP_3_D448_S7_L001-L004_merged	3	0.0902	0.0055	1.0000
PsFluSBW25_chrm01_circ_2085733	Pf_BP_3_D476_S73_L001-L004_merged	3	0.3293	0.0113	1.0000
PsFluSBW25_chrm01_circ_2085733	Pf_BP_3_D504_S173_L001-L004_merged	3	0.3425	0.0100	1.0000
PsFluSBW25_chrm01_circ_2085733	Pf_BP_3_D532_S138_L001-L004_merged	3	0.3391	0.0115	1.0000
PsFluSBW25_chrm01_circ_2085733	Pf_BP_3_D56_S67_L001-L004_merged	3	0.0000	0.0000	1.0000
PsFluSBW25_chrm01_circ_2085733	Pf_BP_3_D588_S174_L001-L004_merged	3	0.3137	0.0117	1.0000
PsFluSBW25_chrm01_circ_2085733	Pf_BP_3_D616_S139_L001-L004_merged	3	0.3764	0.0123	1.0000
PsFluSBW25_chrm01_circ_2085733	Pf_BP_3_D623_S116_L001-L004_merged	3	0.4156	0.0139	1.0000
PsFluSBW25_chrm01_circ_2085733	Pf_BP_3_D644_S164_L001-L004_merged	3	0.3089	0.0114	1.0000
PsFluSBW25_chrm01_circ_2085733	Pf_BP_3_D700_S94_L001-L004_merged	3	0.6171	0.0117	1.0000
PsFluSBW25_chrm01_circ_2085733	Pf_BP_3_D728_S130_L001-L004_merged	3	0.2336	0.0099	1.0000
PsFluSBW25_chrm01_circ_2085733	Pf_BP_3_D756_S166_L001-L004_merged	3	0.4510	0.0120	1.0000
PsFluSBW25_chrm01_circ_2085733	Pf_BP_3_D784_S107_L001-L004_merged	3	0.4865	0.0116	1.0000
PsFluSBW25_chrm01_circ_2085733	Pf_BP_3_D84_S13_L001-L004_merged	3	0.0000	0.0000	1.0000
PsFluSBW25_chrm01_circ_2163959	PS_Pf_r03_2017_01_09_L001	3	0.3228	0.0049	1.0000
PsFluSBW25_chrm01_circ_2163959	Pf_BP_3_D112_S46_L001-L004_merged	3	0.0000	0.0000	1.0000
PsFluSBW25_chrm01_circ_2163959	Pf_BP_3_D140_S79_L001-L004_merged	3	0.0000	0.0000	1.0000
PsFluSBW25_chrm01_circ_2163959	Pf_BP_3_D168_S25_L001-L004_merged	3	0.0000	0.0000	1.0000
PsFluSBW25_chrm01_circ_2163959	Pf_BP_3_D196_S58_L001-L004_merged	3	0.0000	0.0001	1.0000
PsFluSBW25_chrm01_circ_2163959	Pf_BP_3_D224_S4_L001-L004_merged	3	0.0000	0.0000	1.0000
PsFluSBW25_chrm01_circ_2163959	Pf_BP_3_D252_S37_L001-L004_merged	3	0.0000	0.0000	1.0000
PsFluSBW25_chrm01_circ_2163959	Pf_BP_3_D279_S70_L001-L004_merged	3	0.0000	0.0000	1.0000
PsFluSBW25_chrm01_circ_2163959	Pf_BP_3_D28_S23_L001-L004_merged	3	0.0000	0.0000	1.0000
PsFluSBW25_chrm01_circ_2163959	Pf_BP_3_D310_S16_L001-L004_merged	3	0.0039	0.0049	1.0000
PsFluSBW25_chrm01_circ_2163959	Pf_BP_3_D336_S49_L001-L004_merged	3	0.0000	0.0001	1.0000
PsFluSBW25_chrm01_circ_2163959	Pf_BP_3_D364_S82_L001-L004_merged	3	0.0000	0.0005	1.0000
PsFluSBW25_chrm01_circ_2163959	Pf_BP_3_D392_S28_L001-L004_merged	3	0.0000	0.0000	1.0000
PsFluSBW25_chrm01_circ_2163959	Pf_BP_3_D420_S61_L001-L004_merged	3	0.0202	0.0008	1.0000
PsFluSBW25_chrm01_circ_2163959	Pf_BP_3_D448_S7_L001-L004_merged	3	0.0902	0.0055	1.0000
PsFluSBW25_chrm01_circ_2163959	Pf_BP_3_D476_S73_L001-L004_merged	3	0.3293	0.0113	1.0000
PsFluSBW25_chrm01_circ_2163959	Pf_BP_3_D504_S173_L001-L004_merged	3	0.3425	0.0100	1.0000
PsFluSBW25_chrm01_circ_2163959	Pf_BP_3_D532_S138_L001-L004_merged	3	0.3391	0.0115	1.0000
PsFluSBW25_chrm01_circ_2163959	Pf_BP_3_D56_S67_L001-L004_merged	3	0.0000	0.0000	1.0000
PsFluSBW25_chrm01_circ_2163959	Pf_BP_3_D588_S174_L001-L004_merged	3	0.3137	0.0117	1.0000
PsFluSBW25_chrm01_circ_2163959	Pf_BP_3_D616_S139_L001-L004_merged	3	0.3764	0.0123	1.0000
PsFluSBW25_chrm01_circ_2163959	Pf_BP_3_D623_S116_L001-L004_merged	3	0.4156	0.0139	1.0000
PsFluSBW25_chrm01_circ_2163959	Pf_BP_3_D644_S164_L001-L004_merged	3	0.3089	0.0114	1.0000
PsFluSBW25_chrm01_circ_2163959	Pf_BP_3_D700_S94_L001-L004_merged	3	0.6171	0.0117	1.0000
PsFluSBW25_chrm01_circ_2163959	Pf_BP_3_D728_S130_L001-L004_merged	3	0.2336	0.0099	1.0000
PsFluSBW25_chrm01_circ_2163959	Pf_BP_3_D756_S166_L001-L004_merged	3	0.4510	0.0120	1.0000
PsFluSBW25_chrm01_circ_2163959	Pf_BP_3_D784_S107_L001-L004_merged	3	0.4865	0.0116	1.0000
PsFluSBW25_chrm01_circ_2163959	Pf_BP_3_D84_S13_L001-L004_merged	3	0.0000	0.0000	1.0000
PsFluSBW25_chrm01_circ_2244095	PS_Pf_r03_2017_01_09_L001	3	0.3228	0.0049	1.0000
PsFluSBW25_chrm01_circ_2244095	Pf_BP_3_D112_S46_L001-L004_merged	3	0.0000	0.0000	1.0000
PsFluSBW25_chrm01_circ_2244095	Pf_BP_3_D140_S79_L001-L004_merged	3	0.0000	0.0000	1.0000
PsFluSBW25_chrm01_circ_2244095	Pf_BP_3_D168_S25_L001-L004_merged	3	0.0000	0.0000	1.0000
PsFluSBW25_chrm01_circ_2244095	Pf_BP_3_D196_S58_L001-L004_merged	3	0.0000	0.0001	1.0000
PsFluSBW25_chrm01_circ_2244095	Pf_BP_3_D224_S4_L001-L004_merged	3	0.0000	0.0000	1.0000
PsFluSBW25_chrm01_circ_2244095	Pf_BP_3_D252_S37_L001-L004_merged	3	0.0000	0.0000	1.0000
PsFluSBW25_chrm01_circ_2244095	Pf_BP_3_D279_S70_L001-L004_merged	3	0.0000	0.0000	1.0000
PsFluSBW25_chrm01_circ_2244095	Pf_BP_3_D28_S23_L001-L004_merged	3	0.0000	0.0000	1.0000
PsFluSBW25_chrm01_circ_2244095	Pf_BP_3_D310_S16_L001-L004_merged	3	0.0039	0.0049	1.0000
PsFluSBW25_chrm01_circ_2244095	Pf_BP_3_D336_S49_L001-L004_merged	3	0.0000	0.0001	1.0000
PsFluSBW25_chrm01_circ_2244095	Pf_BP_3_D364_S82_L001-L004_merged	3	0.0000	0.0005	1.0000
PsFluSBW25_chrm01_circ_2244095	Pf_BP_3_D392_S28_L001-L004_merged	3	0.0000	0.0000	1.0000
PsFluSBW25_chrm01_circ_2244095	Pf_BP_3_D420_S61_L001-L004_merged	3	0.0202	0.0008	1.0000
PsFluSBW25_chrm01_circ_2244095	Pf_BP_3_D448_S7_L001-L004_merged	3	0.0902	0.0055	1.0000
PsFluSBW25_chrm01_circ_2244095	Pf_BP_3_D476_S73_L001-L004_merged	3	0.3293	0.0113	1.0000
PsFluSBW25_chrm01_circ_2244095	Pf_BP_3_D504_S173_L001-L004_merged	3	0.3425	0.0100	1.0000
PsFluSBW25_chrm01_circ_2244095	Pf_BP_3_D532_S138_L001-L004_merged	3	0.3391	0.0115	1.0000
PsFluSBW25_chrm01_circ_2244095	Pf_BP_3_D56_S67_L001-L004_merged	3	0.0000	0.0000	1.0000
PsFluSBW25_chrm01_circ_2244095	Pf_BP_3_D588_S174_L001-L004_merged	3	0.3137	0.0117	1.0000
PsFluSBW25_chrm01_circ_2244095	Pf_BP_3_D616_S139_L001-L004_merged	3	0.3764	0.0123	1.0000
PsFluSBW25_chrm01_circ_2244095	Pf_BP_3_D623_S116_L001-L004_merged	3	0.4156	0.0139	1.0000
PsFluSBW25_chrm01_circ_2244095	Pf_BP_3_D644_S164_L001-L004_merged	3	0.3089	0.0114	1.0000
PsFluSBW25_chrm01_circ_2244095	Pf_BP_3_D700_S94_L001-L004_merged	3	0.6171	0.0117	1.0000
PsFluSBW25_chrm01_circ_2244095	Pf_BP_3_D728_S130_L001-L004_merged	3	0.2336	0.0099	1.0000
PsFluSBW25_chrm01_circ_2244095	Pf_BP_3_D756_S166_L001-L004_merged	3	0.4510	0.0120	1.0000
PsFluSBW25_chrm01_circ_2244095	Pf_BP_3_D784_S107_L001-L004_merged	3	0.4865	0.0116	1.0000
PsFluSBW25_chrm01_circ_2244095	Pf_BP_3_D84_S13_L001-L004_merged	3	0.0000	0.0000	1.0000
PsFluSBW25_chrm01_circ_2402212	PS_Pf_r03_2017_01_09_L001	3	0.3228	0.0049	1.0000
PsFluSBW25_chrm01_circ_2402212	Pf_BP_3_D112_S46_L001-L004_merged	3	0.0000	0.0000	1.0000
PsFluSBW25_chrm01_circ_2402212	Pf_BP_3_D140_S79_L001-L004_merged	3	0.0000	0.0000	1.0000
PsFluSBW25_chrm01_circ_2402212	Pf_BP_3_D168_S25_L001-L004_merged	3	0.0000	0.0000	1.0000
PsFluSBW25_chrm01_circ_2402212	Pf_BP_3_D196_S58_L001-L004_merged	3	0.0000	0.0001	1.0000
PsFluSBW25_chrm01_circ_2402212	Pf_BP_3_D224_S4_L001-L004_merged	3	0.0000	0.0000	1.0000
PsFluSBW25_chrm01_circ_2402212	Pf_BP_3_D252_S37_L001-L004_merged	3	0.0000	0.0000	1.0000
PsFluSBW25_chrm01_circ_2402212	Pf_BP_3_D279_S70_L001-L004_merged	3	0.0000	0.0000	1.0000
PsFluSBW25_chrm01_circ_2402212	Pf_BP_3_D28_S23_L001-L004_merged	3	0.0000	0.0000	1.0000
PsFluSBW25_chrm01_circ_2402212	Pf_BP_3_D310_S16_L001-L004_merged	3	0.0039	0.0049	1.0000
PsFluSBW25_chrm01_circ_2402212	Pf_BP_3_D336_S49_L001-L004_merged	3	0.0000	0.0001	1.0000
PsFluSBW25_chrm01_circ_2402212	Pf_BP_3_D364_S82_L001-L004_merged	3	0.0000	0.0005	1.0000
PsFluSBW25_chrm01_circ_2402212	Pf_BP_3_D392_S28_L001-L004_merged	3	0.0000	0.0000	1.0000
PsFluSBW25_chrm01_circ_2402212	Pf_BP_3_D420_S61_L001-L004_merged	3	0.0202	0.0008	1.0000
PsFluSBW25_chrm01_circ_2402212	Pf_BP_3_D448_S7_L001-L004_merged	3	0.0902	0.0055	1.0000
PsFluSBW25_chrm01_circ_2402212	Pf_BP_3_D476_S73_L001-L004_merged	3	0.3293	0.0113	1.0000
PsFluSBW25_chrm01_circ_2402212	Pf_BP_3_D504_S173_L001-L004_merged	3	0.3425	0.0100	1.0000
PsFluSBW25_chrm01_circ_2402212	Pf_BP_3_D532_S138_L001-L004_merged	3	0.3391	0.0115	1.0000
PsFluSBW25_chrm01_circ_2402212	Pf_BP_3_D56_S67_L001-L004_merged	3	0.0000	0.0000	1.0000
PsFluSBW25_chrm01_circ_2402212	Pf_BP_3_D588_S174_L001-L004_merged	3	0.3137	0.0117	1.0000
PsFluSBW25_chrm01_circ_2402212	Pf_BP_3_D616_S139_L001-L004_merged	3	0.3764	0.0123	1.0000
PsFluSBW25_chrm01_circ_2402212	Pf_BP_3_D623_S116_L001-L004_merged	3	0.4156	0.0139	1.0000
PsFluSBW25_chrm01_circ_2402212	Pf_BP_3_D644_S164_L001-L004_merged	3	0.3089	0.0114	1.0000
PsFluSBW25_chrm01_circ_2402212	Pf_BP_3_D700_S94_L001-L004_merged	3	0.6171	0.0117	1.0000
PsFluSBW25_chrm01_circ_2402212	Pf_BP_3_D728_S130_L001-L004_merged	3	0.2336	0.0099	1.0000
PsFluSBW25_chrm01_circ_2402212	Pf_BP_3_D756_S166_L001-L004_merged	3	0.4510	0.0120	1.0000
PsFluSBW25_chrm01_circ_2402212	Pf_BP_3_D784_S107_L001-L004_merged	3	0.4865	0.0116	1.0000
PsFluSBW25_chrm01_circ_2402212	Pf_BP_3_D84_S13_L001-L004_merged	3	0.0000	0.0000	1.0000
PsFluSBW25_chrm01_circ_2453173	PS_Pf_r03_2017_01_09_L001	3	0.3228	0.0049	1.0000
PsFluSBW25_chrm01_circ_2453173	Pf_BP_3_D112_S46_L001-L004_merged	3	0.0000	0.0000	1.0000
PsFluSBW25_chrm01_circ_2453173	Pf_BP_3_D140_S79_L001-L004_merged	3	0.0000	0.0000	1.0000
PsFluSBW25_chrm01_circ_2453173	Pf_BP_3_D168_S25_L001-L004_merged	3	0.0000	0.0000	1.0000
PsFluSBW25_chrm01_circ_2453173	Pf_BP_3_D196_S58_L001-L004_merged	3	0.0000	0.0001	1.0000
PsFluSBW25_chrm01_circ_2453173	Pf_BP_3_D224_S4_L001-L004_merged	3	0.0000	0.0000	1.0000
PsFluSBW25_chrm01_circ_2453173	Pf_BP_3_D252_S37_L001-L004_merged	3	0.0000	0.0000	1.0000
PsFluSBW25_chrm01_circ_2453173	Pf_BP_3_D279_S70_L001-L004_merged	3	0.0000	0.0000	1.0000
PsFluSBW25_chrm01_circ_2453173	Pf_BP_3_D28_S23_L001-L004_merged	3	0.0000	0.0000	1.0000
PsFluSBW25_chrm01_circ_2453173	Pf_BP_3_D310_S16_L001-L004_merged	3	0.0039	0.0049	1.0000
PsFluSBW25_chrm01_circ_2453173	Pf_BP_3_D336_S49_L001-L004_merged	3	0.0000	0.0001	1.0000
PsFluSBW25_chrm01_circ_2453173	Pf_BP_3_D364_S82_L001-L004_merged	3	0.0000	0.0005	1.0000
PsFluSBW25_chrm01_circ_2453173	Pf_BP_3_D392_S28_L001-L004_merged	3	0.0000	0.0000	1.0000
PsFluSBW25_chrm01_circ_2453173	Pf_BP_3_D420_S61_L001-L004_merged	3	0.0202	0.0008	1.0000
PsFluSBW25_chrm01_circ_2453173	Pf_BP_3_D448_S7_L001-L004_merged	3	0.0902	0.0055	1.0000
PsFluSBW25_chrm01_circ_2453173	Pf_BP_3_D476_S73_L001-L004_merged	3	0.3293	0.0113	1.0000
PsFluSBW25_chrm01_circ_2453173	Pf_BP_3_D504_S173_L001-L004_merged	3	0.3425	0.0100	1.0000
PsFluSBW25_chrm01_circ_2453173	Pf_BP_3_D532_S138_L001-L004_merged	3	0.3391	0.0115	1.0000
PsFluSBW25_chrm01_circ_2453173	Pf_BP_3_D56_S67_L001-L004_merged	3	0.0000	0.0000	1.0000
PsFluSBW25_chrm01_circ_2453173	Pf_BP_3_D588_S174_L001-L004_merged	3	0.3137	0.0117	1.0000
PsFluSBW25_chrm01_circ_2453173	Pf_BP_3_D616_S139_L001-L004_merged	3	0.3764	0.0123	1.0000
PsFluSBW25_chrm01_circ_2453173	Pf_BP_3_D623_S116_L001-L004_merged	3	0.4156	0.0139	1.0000
PsFluSBW25_chrm01_circ_2453173	Pf_BP_3_D644_S164_L001-L004_merged	3	0.3089	0.0114	1.0000
PsFluSBW25_chrm01_circ_2453173	Pf_BP_3_D700_S94_L001-L004_merged	3	0.6171	0.0117	1.0000
PsFluSBW25_chrm01_circ_2453173	Pf_BP_3_D728_S130_L001-L004_merged	3	0.2336	0.0099	1.0000
PsFluSBW25_chrm01_circ_2453173	Pf_BP_3_D756_S166_L001-L004_merged	3	0.4510	0.0120	1.0000
PsFluSBW25_chrm01_circ_2453173	Pf_BP_3_D784_S107_L001-L004_merged	3	0.4865	0.0116	1.0000
PsFluSBW25_chrm01_circ_2453173	Pf_BP_3_D84_S13_L001-L004_merged	3	0.0000	0.0000	1.0000
PsFluSBW25_chrm01_circ_2776101	PS_Pf_r03_2017_01_09_L001	3	0.3228	0.0049	1.0000
PsFluSBW25_chrm01_circ_2776101	Pf_BP_3_D112_S46_L001-L004_merged	3	0.0000	0.0000	1.0000
PsFluSBW25_chrm01_circ_2776101	Pf_BP_3_D140_S79_L001-L004_merged	3	0.0000	0.0000	1.0000
PsFluSBW25_chrm01_circ_2776101	Pf_BP_3_D168_S25_L001-L004_merged	3	0.0000	0.0000	1.0000
PsFluSBW25_chrm01_circ_2776101	Pf_BP_3_D196_S58_L001-L004_merged	3	0.0000	0.0001	1.0000
PsFluSBW25_chrm01_circ_2776101	Pf_BP_3_D224_S4_L001-L004_merged	3	0.0000	0.0000	1.0000
PsFluSBW25_chrm01_circ_2776101	Pf_BP_3_D252_S37_L001-L004_merged	3	0.0000	0.0000	1.0000
PsFluSBW25_chrm01_circ_2776101	Pf_BP_3_D279_S70_L001-L004_merged	3	0.0000	0.0000	1.0000
PsFluSBW25_chrm01_circ_2776101	Pf_BP_3_D28_S23_L001-L004_merged	3	0.0000	0.0000	1.0000
PsFluSBW25_chrm01_circ_2776101	Pf_BP_3_D310_S16_L001-L004_merged	3	0.0039	0.0049	1.0000
PsFluSBW25_chrm01_circ_2776101	Pf_BP_3_D336_S49_L001-L004_merged	3	0.0000	0.0001	1.0000
PsFluSBW25_chrm01_circ_2776101	Pf_BP_3_D364_S82_L001-L004_merged	3	0.0000	0.0005	1.0000
PsFluSBW25_chrm01_circ_2776101	Pf_BP_3_D392_S28_L001-L004_merged	3	0.0000	0.0000	1.0000
PsFluSBW25_chrm01_circ_2776101	Pf_BP_3_D420_S61_L001-L004_merged	3	0.0202	0.0008	1.0000
PsFluSBW25_chrm01_circ_2776101	Pf_BP_3_D448_S7_L001-L004_merged	3	0.0902	0.0055	1.0000
PsFluSBW25_chrm01_circ_2776101	Pf_BP_3_D476_S73_L001-L004_merged	3	0.3293	0.0113	1.0000
PsFluSBW25_chrm01_circ_2776101	Pf_BP_3_D504_S173_L001-L004_merged	3	0.3425	0.0100	1.0000
PsFluSBW25_chrm01_circ_2776101	Pf_BP_3_D532_S138_L001-L004_merged	3	0.3391	0.0115	1.0000
PsFluSBW25_chrm01_circ_2776101	Pf_BP_3_D56_S67_L001-L004_merged	3	0.0000	0.0000	1.0000
PsFluSBW25_chrm01_circ_2776101	Pf_BP_3_D588_S174_L001-L004_merged	3	0.3137	0.0117	1.0000
PsFluSBW25_chrm01_circ_2776101	Pf_BP_3_D616_S139_L001-L004_merged	3	0.3764	0.0123	1.0000
PsFluSBW25_chrm01_circ_2776101	Pf_BP_3_D623_S116_L001-L004_merged	3	0.4156	0.0139	1.0000
PsFluSBW25_chrm01_circ_2776101	Pf_BP_3_D644_S164_L001-L004_merged	3	0.3089	0.0114	1.0000
PsFluSBW25_chrm01_circ_2776101	Pf_BP_3_D700_S94_L001-L004_merged	3	0.6171	0.0117	1.0000
PsFluSBW25_chrm01_circ_2776101	Pf_BP_3_D728_S130_L001-L004_merged	3	0.2336	0.0099	1.0000
PsFluSBW25_chrm01_circ_2776101	Pf_BP_3_D756_S166_L001-L004_merged	3	0.4510	0.0120	1.0000
PsFluSBW25_chrm01_circ_2776101	Pf_BP_3_D784_S107_L001-L004_merged	3	0.4865	0.0116	1.0000
PsFluSBW25_chrm01_circ_2776101	Pf_BP_3_D84_S13_L001-L004_merged	3	0.0000	0.0000	1.0000
PsFluSBW25_chrm01_circ_2857080	PS_Pf_r03_2017_01_09_L001	3	0.3228	0.0049	1.0000
PsFluSBW25_chrm01_circ_2857080	Pf_BP_3_D112_S46_L001-L004_merged	3	0.0000	0.0000	1.0000
PsFluSBW25_chrm01_circ_2857080	Pf_BP_3_D140_S79_L001-L004_merged	3	0.0000	0.0000	1.0000
PsFluSBW25_chrm01_circ_2857080	Pf_BP_3_D168_S25_L001-L004_merged	3	0.0000	0.0000	1.0000
PsFluSBW25_chrm01_circ_2857080	Pf_BP_3_D196_S58_L001-L004_merged	3	0.0000	0.0001	1.0000
PsFluSBW25_chrm01_circ_2857080	Pf_BP_3_D224_S4_L001-L004_merged	3	0.0000	0.0000	1.0000
PsFluSBW25_chrm01_circ_2857080	Pf_BP_3_D252_S37_L001-L004_merged	3	0.0000	0.0000	1.0000
PsFluSBW25_chrm01_circ_2857080	Pf_BP_3_D279_S70_L001-L004_merged	3	0.0000	0.0000	1.0000
PsFluSBW25_chrm01_circ_2857080	Pf_BP_3_D28_S23_L001-L004_merged	3	0.0000	0.0000	1.0000
PsFluSBW25_chrm01_circ_2857080	Pf_BP_3_D310_S16_L001-L004_merged	3	0.0039	0.0049	1.0000
PsFluSBW25_chrm01_circ_2857080	Pf_BP_3_D336_S49_L001-L004_merged	3	0.0000	0.0001	1.0000
PsFluSBW25_chrm01_circ_2857080	Pf_BP_3_D364_S82_L001-L004_merged	3	0.0000	0.0005	1.0000
PsFluSBW25_chrm01_circ_2857080	Pf_BP_3_D392_S28_L001-L004_merged	3	0.0000	0.0000	1.0000
PsFluSBW25_chrm01_circ_2857080	Pf_BP_3_D420_S61_L001-L004_merged	3	0.0202	0.0008	1.0000
PsFluSBW25_chrm01_circ_2857080	Pf_BP_3_D448_S7_L001-L004_merged	3	0.0902	0.0055	1.0000
PsFluSBW25_chrm01_circ_2857080	Pf_BP_3_D476_S73_L001-L004_merged	3	0.3293	0.0113	1.0000
PsFluSBW25_chrm01_circ_2857080	Pf_BP_3_D504_S173_L001-L004_merged	3	0.3425	0.0100	1.0000
PsFluSBW25_chrm01_circ_2857080	Pf_BP_3_D532_S138_L001-L004_merged	3	0.3391	0.0115	1.0000
PsFluSBW25_chrm01_circ_2857080	Pf_BP_3_D56_S67_L001-L004_merged	3	0.0000	0.0000	1.0000
PsFluSBW25_chrm01_circ_2857080	Pf_BP_3_D588_S174_L001-L004_merged	3	0.3137	0.0117	1.0000
PsFluSBW25_chrm01_circ_2857080	Pf_BP_3_D616_S139_L001-L004_merged	3	0.3764	0.0123	1.0000
PsFluSBW25_chrm01_circ_2857080	Pf_BP_3_D623_S116_L001-L004_merged	3	0.4156	0.0139	1.0000
PsFluSBW25_chrm01_circ_2857080	Pf_BP_3_D644_S164_L001-L004_merged	3	0.3089	0.0114	1.0000
PsFluSBW25_chrm01_circ_2857080	Pf_BP_3_D700_S94_L001-L004_merged	3	0.6171	0.0117	1.0000
PsFluSBW25_chrm01_circ_2857080	Pf_BP_3_D728_S130_L001-L004_merged	3	0.2336	0.0099	1.0000
PsFluSBW25_chrm01_circ_2857080	Pf_BP_3_D756_S166_L001-L004_merged	3	0.4510	0.0120	1.0000
PsFluSBW25_chrm01_circ_2857080	Pf_BP_3_D784_S107_L001-L004_merged	3	0.4865	0.0116	1.0000
PsFluSBW25_chrm01_circ_2857080	Pf_BP_3_D84_S13_L001-L004_merged	3	0.0000	0.0000	1.0000
PsFluSBW25_chrm01_circ_2948899	PS_Pf_r03_2017_01_09_L001	3	0.3228	0.0049	1.0000
PsFluSBW25_chrm01_circ_2948899	Pf_BP_3_D112_S46_L001-L004_merged	3	0.0000	0.0000	1.0000
PsFluSBW25_chrm01_circ_2948899	Pf_BP_3_D140_S79_L001-L004_merged	3	0.0000	0.0000	1.0000
PsFluSBW25_chrm01_circ_2948899	Pf_BP_3_D168_S25_L001-L004_merged	3	0.0000	0.0000	1.0000
PsFluSBW25_chrm01_circ_2948899	Pf_BP_3_D196_S58_L001-L004_merged	3	0.0000	0.0001	1.0000
PsFluSBW25_chrm01_circ_2948899	Pf_BP_3_D224_S4_L001-L004_merged	3	0.0000	0.0000	1.0000
PsFluSBW25_chrm01_circ_2948899	Pf_BP_3_D252_S37_L001-L004_merged	3	0.0000	0.0000	1.0000
PsFluSBW25_chrm01_circ_2948899	Pf_BP_3_D279_S70_L001-L004_merged	3	0.0000	0.0000	1.0000
PsFluSBW25_chrm01_circ_2948899	Pf_BP_3_D28_S23_L001-L004_merged	3	0.0000	0.0000	1.0000
PsFluSBW25_chrm01_circ_2948899	Pf_BP_3_D310_S16_L001-L004_merged	3	0.0039	0.0049	1.0000
PsFluSBW25_chrm01_circ_2948899	Pf_BP_3_D336_S49_L001-L004_merged	3	0.0000	0.0001	1.0000
PsFluSBW25_chrm01_circ_2948899	Pf_BP_3_D364_S82_L001-L004_merged	3	0.0000	0.0005	1.0000
PsFluSBW25_chrm01_circ_2948899	Pf_BP_3_D392_S28_L001-L004_merged	3	0.0000	0.0000	1.0000
PsFluSBW25_chrm01_circ_2948899	Pf_BP_3_D420_S61_L001-L004_merged	3	0.0202	0.0008	1.0000
PsFluSBW25_chrm01_circ_2948899	Pf_BP_3_D448_S7_L001-L004_merged	3	0.0902	0.0055	1.0000
PsFluSBW25_chrm01_circ_2948899	Pf_BP_3_D476_S73_L001-L004_merged	3	0.3293	0.0113	1.0000
PsFluSBW25_chrm01_circ_2948899	Pf_BP_3_D504_S173_L001-L004_merged	3	0.3425	0.0100	1.0000
PsFluSBW25_chrm01_circ_2948899	Pf_BP_3_D532_S138_L001-L004_merged	3	0.3391	0.0115	1.0000
PsFluSBW25_chrm01_circ_2948899	Pf_BP_3_D56_S67_L001-L004_merged	3	0.0000	0.0000	1.0000
PsFluSBW25_chrm01_circ_2948899	Pf_BP_3_D588_S174_L001-L004_merged	3	0.3137	0.0117	1.0000
PsFluSBW25_chrm01_circ_2948899	Pf_BP_3_D616_S139_L001-L004_merged	3	0.3764	0.0123	1.0000
PsFluSBW25_chrm01_circ_2948899	Pf_BP_3_D623_S116_L001-L004_merged	3	0.4156	0.0139	1.0000
PsFluSBW25_chrm01_circ_2948899	Pf_BP_3_D644_S164_L001-L004_merged	3	0.3089	0.0114	1.0000
PsFluSBW25_chrm01_circ_2948899	Pf_BP_3_D700_S94_L001-L004_merged	3	0.6171	0.0117	1.0000
PsFluSBW25_chrm01_circ_2948899	Pf_BP_3_D728_S130_L001-L004_merged	3	0.2336	0.0099	1.0000
PsFluSBW25_chrm01_circ_2948899	Pf_BP_3_D756_S166_L001-L004_merged	3	0.4510	0.0120	1.0000
PsFluSBW25_chrm01_circ_2948899	Pf_BP_3_D784_S107_L001-L004_merged	3	0.4865	0.0116	1.0000
PsFluSBW25_chrm01_circ_2948899	Pf_BP_3_D84_S13_L001-L004_merged	3	0.0000	0.0000	1.0000
PsFluSBW25_chrm01_circ_3332858	PS_Pf_r03_2017_01_09_L001	3	0.3228	0.0049	1.0000
PsFluSBW25_chrm01_circ_3332858	Pf_BP_3_D112_S46_L001-L004_merged	3	0.0000	0.0000	1.0000
PsFluSBW25_chrm01_circ_3332858	Pf_BP_3_D140_S79_L001-L004_merged	3	0.0000	0.0000	1.0000
PsFluSBW25_chrm01_circ_3332858	Pf_BP_3_D168_S25_L001-L004_merged	3	0.0000	0.0000	1.0000
PsFluSBW25_chrm01_circ_3332858	Pf_BP_3_D196_S58_L001-L004_merged	3	0.0000	0.0001	1.0000
PsFluSBW25_chrm01_circ_3332858	Pf_BP_3_D224_S4_L001-L004_merged	3	0.0000	0.0000	1.0000
PsFluSBW25_chrm01_circ_3332858	Pf_BP_3_D252_S37_L001-L004_merged	3	0.0000	0.0000	1.0000
PsFluSBW25_chrm01_circ_3332858	Pf_BP_3_D279_S70_L001-L004_merged	3	0.0000	0.0000	1.0000
PsFluSBW25_chrm01_circ_3332858	Pf_BP_3_D28_S23_L001-L004_merged	3	0.0000	0.0000	1.0000
PsFluSBW25_chrm01_circ_3332858	Pf_BP_3_D310_S16_L001-L004_merged	3	0.0039	0.0049	1.0000
PsFluSBW25_chrm01_circ_3332858	Pf_BP_3_D336_S49_L001-L004_merged	3	0.0000	0.0001	1.0000
PsFluSBW25_chrm01_circ_3332858	Pf_BP_3_D364_S82_L001-L004_merged	3	0.0000	0.0005	1.0000
PsFluSBW25_chrm01_circ_3332858	Pf_BP_3_D392_S28_L001-L004_merged	3	0.0000	0.0000	1.0000
PsFluSBW25_chrm01_circ_3332858	Pf_BP_3_D420_S61_L001-L004_merged	3	0.0202	0.0008	1.0000
PsFluSBW25_chrm01_circ_3332858	Pf_BP_3_D448_S7_L001-L004_merged	3	0.0902	0.0055	1.0000
PsFluSBW25_chrm01_circ_3332858	Pf_BP_3_D476_S73_L001-L004_merged	3	0.3293	0.0113	1.0000
PsFluSBW25_chrm01_circ_3332858	Pf_BP_3_D504_S173_L001-L004_merged	3	0.3425	0.0100	1.0000
PsFluSBW25_chrm01_circ_3332858	Pf_BP_3_D532_S138_L001-L004_merged	3	0.3391	0.0115	1.0000
PsFluSBW25_chrm01_circ_3332858	Pf_BP_3_D56_S67_L001-L004_merged	3	0.0000	0.0000	1.0000
PsFluSBW25_chrm01_circ_3332858	Pf_BP_3_D588_S174_L001-L004_merged	3	0.3137	0.0117	1.0000
PsFluSBW25_chrm01_circ_3332858	Pf_BP_3_D616_S139_L001-L004_merged	3	0.3764	0.0123	1.0000
PsFluSBW25_chrm01_circ_3332858	Pf_BP_3_D623_S116_L001-L004_merged	3	0.4156	0.0139	1.0000
PsFluSBW25_chrm01_circ_3332858	Pf_BP_3_D644_S164_L001-L004_merged	3	0.3089	0.0114	1.0000
PsFluSBW25_chrm01_circ_3332858	Pf_BP_3_D700_S94_L001-L004_merged	3	0.6171	0.0117	1.0000
PsFluSBW25_chrm01_circ_3332858	Pf_BP_3_D728_S130_L001-L004_merged	3	0.2336	0.0099	1.0000
PsFluSBW25_chrm01_circ_3332858	Pf_BP_3_D756_S166_L001-L004_merged	3	0.4510	0.0120	1.0000
PsFluSBW25_chrm01_circ_3332858	Pf_BP_3_D784_S107_L001-L004_merged	3	0.4865	0.0116	1.0000
PsFluSBW25_chrm01_circ_3332858	Pf_BP_3_D84_S13_L001-L004_merged	3	0.0000	0.0000	1.0000
PsFluSBW25_chrm01_circ_3351598	PS_Pf_r03_2017_01_09_L001	3	0.3228	0.0049	1.0000
PsFluSBW25_chrm01_circ_3351598	Pf_BP_3_D112_S46_L001-L004_merged	3	0.0000	0.0000	1.0000
PsFluSBW25_chrm01_circ_3351598	Pf_BP_3_D140_S79_L001-L004_merged	3	0.0000	0.0000	1.0000
PsFluSBW25_chrm01_circ_3351598	Pf_BP_3_D168_S25_L001-L004_merged	3	0.0000	0.0000	1.0000
PsFluSBW25_chrm01_circ_3351598	Pf_BP_3_D196_S58_L001-L004_merged	3	0.0000	0.0001	1.0000
PsFluSBW25_chrm01_circ_3351598	Pf_BP_3_D224_S4_L001-L004_merged	3	0.0000	0.0000	1.0000
PsFluSBW25_chrm01_circ_3351598	Pf_BP_3_D252_S37_L001-L004_merged	3	0.0000	0.0000	1.0000
PsFluSBW25_chrm01_circ_3351598	Pf_BP_3_D279_S70_L001-L004_merged	3	0.0000	0.0000	1.0000
PsFluSBW25_chrm01_circ_3351598	Pf_BP_3_D28_S23_L001-L004_merged	3	0.0000	0.0000	1.0000
PsFluSBW25_chrm01_circ_3351598	Pf_BP_3_D310_S16_L001-L004_merged	3	0.0039	0.0049	1.0000
PsFluSBW25_chrm01_circ_3351598	Pf_BP_3_D336_S49_L001-L004_merged	3	0.0000	0.0001	1.0000
PsFluSBW25_chrm01_circ_3351598	Pf_BP_3_D364_S82_L001-L004_merged	3	0.0000	0.0005	1.0000
PsFluSBW25_chrm01_circ_3351598	Pf_BP_3_D392_S28_L001-L004_merged	3	0.0000	0.0000	1.0000
PsFluSBW25_chrm01_circ_3351598	Pf_BP_3_D420_S61_L001-L004_merged	3	0.0202	0.0008	1.0000
PsFluSBW25_chrm01_circ_3351598	Pf_BP_3_D448_S7_L001-L004_merged	3	0.0902	0.0055	1.0000
PsFluSBW25_chrm01_circ_3351598	Pf_BP_3_D476_S73_L001-L004_merged	3	0.3293	0.0113	1.0000
PsFluSBW25_chrm01_circ_3351598	Pf_BP_3_D504_S173_L001-L004_merged	3	0.3425	0.0100	1.0000
PsFluSBW25_chrm01_circ_3351598	Pf_BP_3_D532_S138_L001-L004_merged	3	0.3391	0.0115	1.0000
PsFluSBW25_chrm01_circ_3351598	Pf_BP_3_D56_S67_L001-L004_merged	3	0.0000	0.0000	1.0000
PsFluSBW25_chrm01_circ_3351598	Pf_BP_3_D588_S174_L001-L004_merged	3	0.3137	0.0117	1.0000
PsFluSBW25_chrm01_circ_3351598	Pf_BP_3_D616_S139_L001-L004_merged	3	0.3764	0.0123	1.0000
PsFluSBW25_chrm01_circ_3351598	Pf_BP_3_D623_S116_L001-L004_merged	3	0.4156	0.0139	1.0000
PsFluSBW25_chrm01_circ_3351598	Pf_BP_3_D644_S164_L001-L004_merged	3	0.3089	0.0114	1.0000
PsFluSBW25_chrm01_circ_3351598	Pf_BP_3_D700_S94_L001-L004_merged	3	0.6171	0.0117	1.0000
PsFluSBW25_chrm01_circ_3351598	Pf_BP_3_D728_S130_L001-L004_merged	3	0.2336	0.0099	1.0000
PsFluSBW25_chrm01_circ_3351598	Pf_BP_3_D756_S166_L001-L004_merged	3	0.4510	0.0120	1.0000
PsFluSBW25_chrm01_circ_3351598	Pf_BP_3_D784_S107_L001-L004_merged	3	0.4865	0.0116	1.0000
PsFluSBW25_chrm01_circ_3351598	Pf_BP_3_D84_S13_L001-L004_merged	3	0.0000	0.0000	1.0000
PsFluSBW25_chrm01_circ_3436927	PS_Pf_r03_2017_01_09_L001	3	0.3228	0.0049	1.0000
PsFluSBW25_chrm01_circ_3436927	Pf_BP_3_D112_S46_L001-L004_merged	3	0.0000	0.0000	1.0000
PsFluSBW25_chrm01_circ_3436927	Pf_BP_3_D140_S79_L001-L004_merged	3	0.0000	0.0000	1.0000
PsFluSBW25_chrm01_circ_3436927	Pf_BP_3_D168_S25_L001-L004_merged	3	0.0000	0.0000	1.0000
PsFluSBW25_chrm01_circ_3436927	Pf_BP_3_D196_S58_L001-L004_merged	3	0.0000	0.0001	1.0000
PsFluSBW25_chrm01_circ_3436927	Pf_BP_3_D224_S4_L001-L004_merged	3	0.0000	0.0000	1.0000
PsFluSBW25_chrm01_circ_3436927	Pf_BP_3_D252_S37_L001-L004_merged	3	0.0000	0.0000	1.0000
PsFluSBW25_chrm01_circ_3436927	Pf_BP_3_D279_S70_L001-L004_merged	3	0.0000	0.0000	1.0000
PsFluSBW25_chrm01_circ_3436927	Pf_BP_3_D28_S23_L001-L004_merged	3	0.0000	0.0000	1.0000
PsFluSBW25_chrm01_circ_3436927	Pf_BP_3_D310_S16_L001-L004_merged	3	0.0039	0.0049	1.0000
PsFluSBW25_chrm01_circ_3436927	Pf_BP_3_D336_S49_L001-L004_merged	3	0.0000	0.0001	1.0000
PsFluSBW25_chrm01_circ_3436927	Pf_BP_3_D364_S82_L001-L004_merged	3	0.0000	0.0005	1.0000
PsFluSBW25_chrm01_circ_3436927	Pf_BP_3_D392_S28_L001-L004_merged	3	0.0000	0.0000	1.0000
PsFluSBW25_chrm01_circ_3436927	Pf_BP_3_D420_S61_L001-L004_merged	3	0.0202	0.0008	1.0000
PsFluSBW25_chrm01_circ_3436927	Pf_BP_3_D448_S7_L001-L004_merged	3	0.0902	0.0055	1.0000
PsFluSBW25_chrm01_circ_3436927	Pf_BP_3_D476_S73_L001-L004_merged	3	0.3293	0.0113	1.0000
PsFluSBW25_chrm01_circ_3436927	Pf_BP_3_D504_S173_L001-L004_merged	3	0.3425	0.0100	1.0000
PsFluSBW25_chrm01_circ_3436927	Pf_BP_3_D532_S138_L001-L004_merged	3	0.3391	0.0115	1.0000
PsFluSBW25_chrm01_circ_3436927	Pf_BP_3_D56_S67_L001-L004_merged	3	0.0000	0.0000	1.0000
PsFluSBW25_chrm01_circ_3436927	Pf_BP_3_D588_S174_L001-L004_merged	3	0.3137	0.0117	1.0000
PsFluSBW25_chrm01_circ_3436927	Pf_BP_3_D616_S139_L001-L004_merged	3	0.3764	0.0123	1.0000
PsFluSBW25_chrm01_circ_3436927	Pf_BP_3_D623_S116_L001-L004_merged	3	0.4156	0.0139	1.0000
PsFluSBW25_chrm01_circ_3436927	Pf_BP_3_D644_S164_L001-L004_merged	3	0.3089	0.0114	1.0000
PsFluSBW25_chrm01_circ_3436927	Pf_BP_3_D700_S94_L001-L004_merged	3	0.6171	0.0117	1.0000
PsFluSBW25_chrm01_circ_3436927	Pf_BP_3_D728_S130_L001-L004_merged	3	0.2336	0.0099	1.0000
PsFluSBW25_chrm01_circ_3436927	Pf_BP_3_D756_S166_L001-L004_merged	3	0.4510	0.0120	1.0000
PsFluSBW25_chrm01_circ_3436927	Pf_BP_3_D784_S107_L001-L004_merged	3	0.4865	0.0116	1.0000
PsFluSBW25_chrm01_circ_3436927	Pf_BP_3_D84_S13_L001-L004_merged	3	0.0000	0.0000	1.0000
PsFluSBW25_chrm01_circ_349255	PS_Pf_r03_2017_01_09_L001	3	0.3228	0.0049	1.0000
PsFluSBW25_chrm01_circ_349255	Pf_BP_3_D112_S46_L001-L004_merged	3	0.0000	0.0000	1.0000
PsFluSBW25_chrm01_circ_349255	Pf_BP_3_D140_S79_L001-L004_merged	3	0.0000	0.0000	1.0000
PsFluSBW25_chrm01_circ_349255	Pf_BP_3_D168_S25_L001-L004_merged	3	0.0000	0.0000	1.0000
PsFluSBW25_chrm01_circ_349255	Pf_BP_3_D196_S58_L001-L004_merged	3	0.0000	0.0001	1.0000
PsFluSBW25_chrm01_circ_349255	Pf_BP_3_D224_S4_L001-L004_merged	3	0.0000	0.0000	1.0000
PsFluSBW25_chrm01_circ_349255	Pf_BP_3_D252_S37_L001-L004_merged	3	0.0000	0.0000	1.0000
PsFluSBW25_chrm01_circ_349255	Pf_BP_3_D279_S70_L001-L004_merged	3	0.0000	0.0000	1.0000
PsFluSBW25_chrm01_circ_349255	Pf_BP_3_D28_S23_L001-L004_merged	3	0.0000	0.0000	1.0000
PsFluSBW25_chrm01_circ_349255	Pf_BP_3_D310_S16_L001-L004_merged	3	0.0039	0.0049	1.0000
PsFluSBW25_chrm01_circ_349255	Pf_BP_3_D336_S49_L001-L004_merged	3	0.0000	0.0001	1.0000
PsFluSBW25_chrm01_circ_349255	Pf_BP_3_D364_S82_L001-L004_merged	3	0.0000	0.0005	1.0000
PsFluSBW25_chrm01_circ_349255	Pf_BP_3_D392_S28_L001-L004_merged	3	0.0000	0.0000	1.0000
PsFluSBW25_chrm01_circ_349255	Pf_BP_3_D420_S61_L001-L004_merged	3	0.0202	0.0008	1.0000
PsFluSBW25_chrm01_circ_349255	Pf_BP_3_D448_S7_L001-L004_merged	3	0.0902	0.0055	1.0000
PsFluSBW25_chrm01_circ_349255	Pf_BP_3_D476_S73_L001-L004_merged	3	0.3293	0.0113	1.0000
PsFluSBW25_chrm01_circ_349255	Pf_BP_3_D504_S173_L001-L004_merged	3	0.3425	0.0100	1.0000
PsFluSBW25_chrm01_circ_349255	Pf_BP_3_D532_S138_L001-L004_merged	3	0.3391	0.0115	1.0000
PsFluSBW25_chrm01_circ_349255	Pf_BP_3_D56_S67_L001-L004_merged	3	0.0000	0.0000	1.0000
PsFluSBW25_chrm01_circ_349255	Pf_BP_3_D588_S174_L001-L004_merged	3	0.3137	0.0117	1.0000
PsFluSBW25_chrm01_circ_349255	Pf_BP_3_D616_S139_L001-L004_merged	3	0.3764	0.0123	1.0000
PsFluSBW25_chrm01_circ_349255	Pf_BP_3_D623_S116_L001-L004_merged	3	0.4156	0.0139	1.0000
PsFluSBW25_chrm01_circ_349255	Pf_BP_3_D644_S164_L001-L004_merged	3	0.3089	0.0114	1.0000
PsFluSBW25_chrm01_circ_349255	Pf_BP_3_D700_S94_L001-L004_merged	3	0.6171	0.0117	1.0000
PsFluSBW25_chrm01_circ_349255	Pf_BP_3_D728_S130_L001-L004_merged	3	0.2336	0.0099	1.0000
PsFluSBW25_chrm01_circ_349255	Pf_BP_3_D756_S166_L001-L004_merged	3	0.4510	0.0120	1.0000
PsFluSBW25_chrm01_circ_349255	Pf_BP_3_D784_S107_L001-L004_merged	3	0.4865	0.0116	1.0000
PsFluSBW25_chrm01_circ_349255	Pf_BP_3_D84_S13_L001-L004_merged	3	0.0000	0.0000	1.0000
PsFluSBW25_chrm01_circ_3798211	PS_Pf_r03_2017_01_09_L001	3	0.3228	0.0049	1.0000
PsFluSBW25_chrm01_circ_3798211	Pf_BP_3_D112_S46_L001-L004_merged	3	0.0000	0.0000	1.0000
PsFluSBW25_chrm01_circ_3798211	Pf_BP_3_D140_S79_L001-L004_merged	3	0.0000	0.0000	1.0000
PsFluSBW25_chrm01_circ_3798211	Pf_BP_3_D168_S25_L001-L004_merged	3	0.0000	0.0000	1.0000
PsFluSBW25_chrm01_circ_3798211	Pf_BP_3_D196_S58_L001-L004_merged	3	0.0000	0.0001	1.0000
PsFluSBW25_chrm01_circ_3798211	Pf_BP_3_D224_S4_L001-L004_merged	3	0.0000	0.0000	1.0000
PsFluSBW25_chrm01_circ_3798211	Pf_BP_3_D252_S37_L001-L004_merged	3	0.0000	0.0000	1.0000
PsFluSBW25_chrm01_circ_3798211	Pf_BP_3_D279_S70_L001-L004_merged	3	0.0000	0.0000	1.0000
PsFluSBW25_chrm01_circ_3798211	Pf_BP_3_D28_S23_L001-L004_merged	3	0.0000	0.0000	1.0000
PsFluSBW25_chrm01_circ_3798211	Pf_BP_3_D310_S16_L001-L004_merged	3	0.0039	0.0049	1.0000
PsFluSBW25_chrm01_circ_3798211	Pf_BP_3_D336_S49_L001-L004_merged	3	0.0000	0.0001	1.0000
PsFluSBW25_chrm01_circ_3798211	Pf_BP_3_D364_S82_L001-L004_merged	3	0.0000	0.0005	1.0000
PsFluSBW25_chrm01_circ_3798211	Pf_BP_3_D392_S28_L001-L004_merged	3	0.0000	0.0000	1.0000
PsFluSBW25_chrm01_circ_3798211	Pf_BP_3_D420_S61_L001-L004_merged	3	0.0202	0.0008	1.0000
PsFluSBW25_chrm01_circ_3798211	Pf_BP_3_D448_S7_L001-L004_merged	3	0.0902	0.0055	1.0000
PsFluSBW25_chrm01_circ_3798211	Pf_BP_3_D476_S73_L001-L004_merged	3	0.3293	0.0113	1.0000
PsFluSBW25_chrm01_circ_3798211	Pf_BP_3_D504_S173_L001-L004_merged	3	0.3425	0.0100	1.0000
PsFluSBW25_chrm01_circ_3798211	Pf_BP_3_D532_S138_L001-L004_merged	3	0.3391	0.0115	1.0000
PsFluSBW25_chrm01_circ_3798211	Pf_BP_3_D56_S67_L001-L004_merged	3	0.0000	0.0000	1.0000
PsFluSBW25_chrm01_circ_3798211	Pf_BP_3_D588_S174_L001-L004_merged	3	0.3137	0.0117	1.0000
PsFluSBW25_chrm01_circ_3798211	Pf_BP_3_D616_S139_L001-L004_merged	3	0.3764	0.0123	1.0000
PsFluSBW25_chrm01_circ_3798211	Pf_BP_3_D623_S116_L001-L004_merged	3	0.4156	0.0139	1.0000
PsFluSBW25_chrm01_circ_3798211	Pf_BP_3_D644_S164_L001-L004_merged	3	0.3089	0.0114	1.0000
PsFluSBW25_chrm01_circ_3798211	Pf_BP_3_D700_S94_L001-L004_merged	3	0.6171	0.0117	1.0000
PsFluSBW25_chrm01_circ_3798211	Pf_BP_3_D728_S130_L001-L004_merged	3	0.2336	0.0099	1.0000
PsFluSBW25_chrm01_circ_3798211	Pf_BP_3_D756_S166_L001-L004_merged	3	0.4510	0.0120	1.0000
PsFluSBW25_chrm01_circ_3798211	Pf_BP_3_D784_S107_L001-L004_merged	3	0.4865	0.0116	1.0000
PsFluSBW25_chrm01_circ_3798211	Pf_BP_3_D84_S13_L001-L004_merged	3	0.0000	0.0000	1.0000
PsFluSBW25_chrm01_circ_3845100	PS_Pf_r03_2017_01_09_L001	3	0.3228	0.0049	1.0000
PsFluSBW25_chrm01_circ_3845100	Pf_BP_3_D112_S46_L001-L004_merged	3	0.0000	0.0000	1.0000
PsFluSBW25_chrm01_circ_3845100	Pf_BP_3_D140_S79_L001-L004_merged	3	0.0000	0.0000	1.0000
PsFluSBW25_chrm01_circ_3845100	Pf_BP_3_D168_S25_L001-L004_merged	3	0.0000	0.0000	1.0000
PsFluSBW25_chrm01_circ_3845100	Pf_BP_3_D196_S58_L001-L004_merged	3	0.0000	0.0001	1.0000
PsFluSBW25_chrm01_circ_3845100	Pf_BP_3_D224_S4_L001-L004_merged	3	0.0000	0.0000	1.0000
PsFluSBW25_chrm01_circ_3845100	Pf_BP_3_D252_S37_L001-L004_merged	3	0.0000	0.0000	1.0000
PsFluSBW25_chrm01_circ_3845100	Pf_BP_3_D279_S70_L001-L004_merged	3	0.0000	0.0000	1.0000
PsFluSBW25_chrm01_circ_3845100	Pf_BP_3_D28_S23_L001-L004_merged	3	0.0000	0.0000	1.0000
PsFluSBW25_chrm01_circ_3845100	Pf_BP_3_D310_S16_L001-L004_merged	3	0.0039	0.0049	1.0000
PsFluSBW25_chrm01_circ_3845100	Pf_BP_3_D336_S49_L001-L004_merged	3	0.0000	0.0001	1.0000
PsFluSBW25_chrm01_circ_3845100	Pf_BP_3_D364_S82_L001-L004_merged	3	0.0000	0.0005	1.0000
PsFluSBW25_chrm01_circ_3845100	Pf_BP_3_D392_S28_L001-L004_merged	3	0.0000	0.0000	1.0000
PsFluSBW25_chrm01_circ_3845100	Pf_BP_3_D420_S61_L001-L004_merged	3	0.0202	0.0008	1.0000
PsFluSBW25_chrm01_circ_3845100	Pf_BP_3_D448_S7_L001-L004_merged	3	0.0902	0.0055	1.0000
PsFluSBW25_chrm01_circ_3845100	Pf_BP_3_D476_S73_L001-L004_merged	3	0.3293	0.0113	1.0000
PsFluSBW25_chrm01_circ_3845100	Pf_BP_3_D504_S173_L001-L004_merged	3	0.3425	0.0100	1.0000
PsFluSBW25_chrm01_circ_3845100	Pf_BP_3_D532_S138_L001-L004_merged	3	0.3391	0.0115	1.0000
PsFluSBW25_chrm01_circ_3845100	Pf_BP_3_D56_S67_L001-L004_merged	3	0.0000	0.0000	1.0000
PsFluSBW25_chrm01_circ_3845100	Pf_BP_3_D588_S174_L001-L004_merged	3	0.3137	0.0117	1.0000
PsFluSBW25_chrm01_circ_3845100	Pf_BP_3_D616_S139_L001-L004_merged	3	0.3764	0.0123	1.0000
PsFluSBW25_chrm01_circ_3845100	Pf_BP_3_D623_S116_L001-L004_merged	3	0.4156	0.0139	1.0000
PsFluSBW25_chrm01_circ_3845100	Pf_BP_3_D644_S164_L001-L004_merged	3	0.3089	0.0114	1.0000
PsFluSBW25_chrm01_circ_3845100	Pf_BP_3_D700_S94_L001-L004_merged	3	0.6171	0.0117	1.0000
PsFluSBW25_chrm01_circ_3845100	Pf_BP_3_D728_S130_L001-L004_merged	3	0.2336	0.0099	1.0000
PsFluSBW25_chrm01_circ_3845100	Pf_BP_3_D756_S166_L001-L004_merged	3	0.4510	0.0120	1.0000
PsFluSBW25_chrm01_circ_3845100	Pf_BP_3_D784_S107_L001-L004_merged	3	0.4865	0.0116	1.0000
PsFluSBW25_chrm01_circ_3845100	Pf_BP_3_D84_S13_L001-L004_merged	3	0.0000	0.0000	1.0000
PsFluSBW25_chrm01_circ_388609	PS_Pf_r03_2017_01_09_L001	3	0.3228	0.0049	1.0000
PsFluSBW25_chrm01_circ_388609	Pf_BP_3_D112_S46_L001-L004_merged	3	0.0000	0.0000	1.0000
PsFluSBW25_chrm01_circ_388609	Pf_BP_3_D140_S79_L001-L004_merged	3	0.0000	0.0000	1.0000
PsFluSBW25_chrm01_circ_388609	Pf_BP_3_D168_S25_L001-L004_merged	3	0.0000	0.0000	1.0000
PsFluSBW25_chrm01_circ_388609	Pf_BP_3_D196_S58_L001-L004_merged	3	0.0000	0.0001	1.0000
PsFluSBW25_chrm01_circ_388609	Pf_BP_3_D224_S4_L001-L004_merged	3	0.0000	0.0000	1.0000
PsFluSBW25_chrm01_circ_388609	Pf_BP_3_D252_S37_L001-L004_merged	3	0.0000	0.0000	1.0000
PsFluSBW25_chrm01_circ_388609	Pf_BP_3_D279_S70_L001-L004_merged	3	0.0000	0.0000	1.0000
PsFluSBW25_chrm01_circ_388609	Pf_BP_3_D28_S23_L001-L004_merged	3	0.0000	0.0000	1.0000
PsFluSBW25_chrm01_circ_388609	Pf_BP_3_D310_S16_L001-L004_merged	3	0.0039	0.0049	1.0000
PsFluSBW25_chrm01_circ_388609	Pf_BP_3_D336_S49_L001-L004_merged	3	0.0000	0.0001	1.0000
PsFluSBW25_chrm01_circ_388609	Pf_BP_3_D364_S82_L001-L004_merged	3	0.0000	0.0005	1.0000
PsFluSBW25_chrm01_circ_388609	Pf_BP_3_D392_S28_L001-L004_merged	3	0.0000	0.0000	1.0000
PsFluSBW25_chrm01_circ_388609	Pf_BP_3_D420_S61_L001-L004_merged	3	0.0202	0.0008	1.0000
PsFluSBW25_chrm01_circ_388609	Pf_BP_3_D448_S7_L001-L004_merged	3	0.0902	0.0055	1.0000
PsFluSBW25_chrm01_circ_388609	Pf_BP_3_D476_S73_L001-L004_merged	3	0.3293	0.0113	1.0000
PsFluSBW25_chrm01_circ_388609	Pf_BP_3_D504_S173_L001-L004_merged	3	0.3425	0.0100	1.0000
PsFluSBW25_chrm01_circ_388609	Pf_BP_3_D532_S138_L001-L004_merged	3	0.3391	0.0115	1.0000
PsFluSBW25_chrm01_circ_388609	Pf_BP_3_D56_S67_L001-L004_merged	3	0.0000	0.0000	1.0000
PsFluSBW25_chrm01_circ_388609	Pf_BP_3_D588_S174_L001-L004_merged	3	0.3137	0.0117	1.0000
PsFluSBW25_chrm01_circ_388609	Pf_BP_3_D616_S139_L001-L004_merged	3	0.3764	0.0123	1.0000
PsFluSBW25_chrm01_circ_388609	Pf_BP_3_D623_S116_L001-L004_merged	3	0.4156	0.0139	1.0000
PsFluSBW25_chrm01_circ_388609	Pf_BP_3_D644_S164_L001-L004_merged	3	0.3089	0.0114	1.0000
PsFluSBW25_chrm01_circ_388609	Pf_BP_3_D700_S94_L001-L004_merged	3	0.6171	0.0117	1.0000
PsFluSBW25_chrm01_circ_388609	Pf_BP_3_D728_S130_L001-L004_merged	3	0.2336	0.0099	1.0000
PsFluSBW25_chrm01_circ_388609	Pf_BP_3_D756_S166_L001-L004_merged	3	0.4510	0.0120	1.0000
PsFluSBW25_chrm01_circ_388609	Pf_BP_3_D784_S107_L001-L004_merged	3	0.4865	0.0116	1.0000
PsFluSBW25_chrm01_circ_388609	Pf_BP_3_D84_S13_L001-L004_merged	3	0.0000	0.0000	1.0000
PsFluSBW25_chrm01_circ_4062482	PS_Pf_r03_2017_01_09_L001	3	0.3228	0.0049	1.0000
PsFluSBW25_chrm01_circ_4062482	Pf_BP_3_D112_S46_L001-L004_merged	3	0.0000	0.0000	1.0000
PsFluSBW25_chrm01_circ_4062482	Pf_BP_3_D140_S79_L001-L004_merged	3	0.0000	0.0000	1.0000
PsFluSBW25_chrm01_circ_4062482	Pf_BP_3_D168_S25_L001-L004_merged	3	0.0000	0.0000	1.0000
PsFluSBW25_chrm01_circ_4062482	Pf_BP_3_D196_S58_L001-L004_merged	3	0.0000	0.0001	1.0000
PsFluSBW25_chrm01_circ_4062482	Pf_BP_3_D224_S4_L001-L004_merged	3	0.0000	0.0000	1.0000
PsFluSBW25_chrm01_circ_4062482	Pf_BP_3_D252_S37_L001-L004_merged	3	0.0000	0.0000	1.0000
PsFluSBW25_chrm01_circ_4062482	Pf_BP_3_D279_S70_L001-L004_merged	3	0.0000	0.0000	1.0000
PsFluSBW25_chrm01_circ_4062482	Pf_BP_3_D28_S23_L001-L004_merged	3	0.0000	0.0000	1.0000
PsFluSBW25_chrm01_circ_4062482	Pf_BP_3_D310_S16_L001-L004_merged	3	0.0039	0.0049	1.0000
PsFluSBW25_chrm01_circ_4062482	Pf_BP_3_D336_S49_L001-L004_merged	3	0.0000	0.0001	1.0000
PsFluSBW25_chrm01_circ_4062482	Pf_BP_3_D364_S82_L001-L004_merged	3	0.0000	0.0005	1.0000
PsFluSBW25_chrm01_circ_4062482	Pf_BP_3_D392_S28_L001-L004_merged	3	0.0000	0.0000	1.0000
PsFluSBW25_chrm01_circ_4062482	Pf_BP_3_D420_S61_L001-L004_merged	3	0.0202	0.0008	1.0000
PsFluSBW25_chrm01_circ_4062482	Pf_BP_3_D448_S7_L001-L004_merged	3	0.0902	0.0055	1.0000
PsFluSBW25_chrm01_circ_4062482	Pf_BP_3_D476_S73_L001-L004_merged	3	0.3293	0.0113	1.0000
PsFluSBW25_chrm01_circ_4062482	Pf_BP_3_D504_S173_L001-L004_merged	3	0.3425	0.0100	1.0000
PsFluSBW25_chrm01_circ_4062482	Pf_BP_3_D532_S138_L001-L004_merged	3	0.3391	0.0115	1.0000
PsFluSBW25_chrm01_circ_4062482	Pf_BP_3_D56_S67_L001-L004_merged	3	0.0000	0.0000	1.0000
PsFluSBW25_chrm01_circ_4062482	Pf_BP_3_D588_S174_L001-L004_merged	3	0.3137	0.0117	1.0000
PsFluSBW25_chrm01_circ_4062482	Pf_BP_3_D616_S139_L001-L004_merged	3	0.3764	0.0123	1.0000
PsFluSBW25_chrm01_circ_4062482	Pf_BP_3_D623_S116_L001-L004_merged	3	0.4156	0.0139	1.0000
PsFluSBW25_chrm01_circ_4062482	Pf_BP_3_D644_S164_L001-L004_merged	3	0.3089	0.0114	1.0000
PsFluSBW25_chrm01_circ_4062482	Pf_BP_3_D700_S94_L001-L004_merged	3	0.6171	0.0117	1.0000
PsFluSBW25_chrm01_circ_4062482	Pf_BP_3_D728_S130_L001-L004_merged	3	0.2336	0.0099	1.0000
PsFluSBW25_chrm01_circ_4062482	Pf_BP_3_D756_S166_L001-L004_merged	3	0.4510	0.0120	1.0000
PsFluSBW25_chrm01_circ_4062482	Pf_BP_3_D784_S107_L001-L004_merged	3	0.4865	0.0116	1.0000
PsFluSBW25_chrm01_circ_4062482	Pf_BP_3_D84_S13_L001-L004_merged	3	0.0000	0.0000	1.0000
PsFluSBW25_chrm01_circ_4120561	PS_Pf_r03_2017_01_09_L001	3	0.3228	0.0049	1.0000
PsFluSBW25_chrm01_circ_4120561	Pf_BP_3_D112_S46_L001-L004_merged	3	0.0000	0.0000	1.0000
PsFluSBW25_chrm01_circ_4120561	Pf_BP_3_D140_S79_L001-L004_merged	3	0.0000	0.0000	1.0000
PsFluSBW25_chrm01_circ_4120561	Pf_BP_3_D168_S25_L001-L004_merged	3	0.0000	0.0000	1.0000
PsFluSBW25_chrm01_circ_4120561	Pf_BP_3_D196_S58_L001-L004_merged	3	0.0000	0.0001	1.0000
PsFluSBW25_chrm01_circ_4120561	Pf_BP_3_D224_S4_L001-L004_merged	3	0.0000	0.0000	1.0000
PsFluSBW25_chrm01_circ_4120561	Pf_BP_3_D252_S37_L001-L004_merged	3	0.0000	0.0000	1.0000
PsFluSBW25_chrm01_circ_4120561	Pf_BP_3_D279_S70_L001-L004_merged	3	0.0000	0.0000	1.0000
PsFluSBW25_chrm01_circ_4120561	Pf_BP_3_D28_S23_L001-L004_merged	3	0.0000	0.0000	1.0000
PsFluSBW25_chrm01_circ_4120561	Pf_BP_3_D310_S16_L001-L004_merged	3	0.0039	0.0049	1.0000
PsFluSBW25_chrm01_circ_4120561	Pf_BP_3_D336_S49_L001-L004_merged	3	0.0000	0.0001	1.0000
PsFluSBW25_chrm01_circ_4120561	Pf_BP_3_D364_S82_L001-L004_merged	3	0.0000	0.0005	1.0000
PsFluSBW25_chrm01_circ_4120561	Pf_BP_3_D392_S28_L001-L004_merged	3	0.0000	0.0000	1.0000
PsFluSBW25_chrm01_circ_4120561	Pf_BP_3_D420_S61_L001-L004_merged	3	0.0202	0.0008	1.0000
PsFluSBW25_chrm01_circ_4120561	Pf_BP_3_D448_S7_L001-L004_merged	3	0.0902	0.0055	1.0000
PsFluSBW25_chrm01_circ_4120561	Pf_BP_3_D476_S73_L001-L004_merged	3	0.3293	0.0113	1.0000
PsFluSBW25_chrm01_circ_4120561	Pf_BP_3_D504_S173_L001-L004_merged	3	0.3425	0.0100	1.0000
PsFluSBW25_chrm01_circ_4120561	Pf_BP_3_D532_S138_L001-L004_merged	3	0.3391	0.0115	1.0000
PsFluSBW25_chrm01_circ_4120561	Pf_BP_3_D56_S67_L001-L004_merged	3	0.0000	0.0000	1.0000
PsFluSBW25_chrm01_circ_4120561	Pf_BP_3_D588_S174_L001-L004_merged	3	0.3137	0.0117	1.0000
PsFluSBW25_chrm01_circ_4120561	Pf_BP_3_D616_S139_L001-L004_merged	3	0.3764	0.0123	1.0000
PsFluSBW25_chrm01_circ_4120561	Pf_BP_3_D623_S116_L001-L004_merged	3	0.4156	0.0139	1.0000
PsFluSBW25_chrm01_circ_4120561	Pf_BP_3_D644_S164_L001-L004_merged	3	0.3089	0.0114	1.0000
PsFluSBW25_chrm01_circ_4120561	Pf_BP_3_D700_S94_L001-L004_merged	3	0.6171	0.0117	1.0000
PsFluSBW25_chrm01_circ_4120561	Pf_BP_3_D728_S130_L001-L004_merged	3	0.2336	0.0099	1.0000
PsFluSBW25_chrm01_circ_4120561	Pf_BP_3_D756_S166_L001-L004_merged	3	0.4510	0.0120	1.0000
PsFluSBW25_chrm01_circ_4120561	Pf_BP_3_D784_S107_L001-L004_merged	3	0.4865	0.0116	1.0000
PsFluSBW25_chrm01_circ_4120561	Pf_BP_3_D84_S13_L001-L004_merged	3	0.0000	0.0000	1.0000
PsFluSBW25_chrm01_circ_4180044	PS_Pf_r03_2017_01_09_L001	3	0.3228	0.0049	1.0000
PsFluSBW25_chrm01_circ_4180044	Pf_BP_3_D112_S46_L001-L004_merged	3	0.0000	0.0000	1.0000
PsFluSBW25_chrm01_circ_4180044	Pf_BP_3_D140_S79_L001-L004_merged	3	0.0000	0.0000	1.0000
PsFluSBW25_chrm01_circ_4180044	Pf_BP_3_D168_S25_L001-L004_merged	3	0.0000	0.0000	1.0000
PsFluSBW25_chrm01_circ_4180044	Pf_BP_3_D196_S58_L001-L004_merged	3	0.0000	0.0001	1.0000
PsFluSBW25_chrm01_circ_4180044	Pf_BP_3_D224_S4_L001-L004_merged	3	0.0000	0.0000	1.0000
PsFluSBW25_chrm01_circ_4180044	Pf_BP_3_D252_S37_L001-L004_merged	3	0.0000	0.0000	1.0000
PsFluSBW25_chrm01_circ_4180044	Pf_BP_3_D279_S70_L001-L004_merged	3	0.0000	0.0000	1.0000
PsFluSBW25_chrm01_circ_4180044	Pf_BP_3_D28_S23_L001-L004_merged	3	0.0000	0.0000	1.0000
PsFluSBW25_chrm01_circ_4180044	Pf_BP_3_D310_S16_L001-L004_merged	3	0.0039	0.0049	1.0000
PsFluSBW25_chrm01_circ_4180044	Pf_BP_3_D336_S49_L001-L004_merged	3	0.0000	0.0001	1.0000
PsFluSBW25_chrm01_circ_4180044	Pf_BP_3_D364_S82_L001-L004_merged	3	0.0000	0.0005	1.0000
PsFluSBW25_chrm01_circ_4180044	Pf_BP_3_D392_S28_L001-L004_merged	3	0.0000	0.0000	1.0000
PsFluSBW25_chrm01_circ_4180044	Pf_BP_3_D420_S61_L001-L004_merged	3	0.0202	0.0008	1.0000
PsFluSBW25_chrm01_circ_4180044	Pf_BP_3_D448_S7_L001-L004_merged	3	0.0902	0.0055	1.0000
PsFluSBW25_chrm01_circ_4180044	Pf_BP_3_D476_S73_L001-L004_merged	3	0.3293	0.0113	1.0000
PsFluSBW25_chrm01_circ_4180044	Pf_BP_3_D504_S173_L001-L004_merged	3	0.3425	0.0100	1.0000
PsFluSBW25_chrm01_circ_4180044	Pf_BP_3_D532_S138_L001-L004_merged	3	0.3391	0.0115	1.0000
PsFluSBW25_chrm01_circ_4180044	Pf_BP_3_D56_S67_L001-L004_merged	3	0.0000	0.0000	1.0000
PsFluSBW25_chrm01_circ_4180044	Pf_BP_3_D588_S174_L001-L004_merged	3	0.3137	0.0117	1.0000
PsFluSBW25_chrm01_circ_4180044	Pf_BP_3_D616_S139_L001-L004_merged	3	0.3764	0.0123	1.0000
PsFluSBW25_chrm01_circ_4180044	Pf_BP_3_D623_S116_L001-L004_merged	3	0.4156	0.0139	1.0000
PsFluSBW25_chrm01_circ_4180044	Pf_BP_3_D644_S164_L001-L004_merged	3	0.3089	0.0114	1.0000
PsFluSBW25_chrm01_circ_4180044	Pf_BP_3_D700_S94_L001-L004_merged	3	0.6171	0.0117	1.0000
PsFluSBW25_chrm01_circ_4180044	Pf_BP_3_D728_S130_L001-L004_merged	3	0.2336	0.0099	1.0000
PsFluSBW25_chrm01_circ_4180044	Pf_BP_3_D756_S166_L001-L004_merged	3	0.4510	0.0120	1.0000
PsFluSBW25_chrm01_circ_4180044	Pf_BP_3_D784_S107_L001-L004_merged	3	0.4865	0.0116	1.0000
PsFluSBW25_chrm01_circ_4180044	Pf_BP_3_D84_S13_L001-L004_merged	3	0.0000	0.0000	1.0000
PsFluSBW25_chrm01_circ_425448	PS_Pf_r03_2017_01_09_L001	3	0.3228	0.0049	1.0000
PsFluSBW25_chrm01_circ_425448	Pf_BP_3_D112_S46_L001-L004_merged	3	0.0000	0.0000	1.0000
PsFluSBW25_chrm01_circ_425448	Pf_BP_3_D140_S79_L001-L004_merged	3	0.0000	0.0000	1.0000
PsFluSBW25_chrm01_circ_425448	Pf_BP_3_D168_S25_L001-L004_merged	3	0.0000	0.0000	1.0000
PsFluSBW25_chrm01_circ_425448	Pf_BP_3_D196_S58_L001-L004_merged	3	0.0000	0.0001	1.0000
PsFluSBW25_chrm01_circ_425448	Pf_BP_3_D224_S4_L001-L004_merged	3	0.0000	0.0000	1.0000
PsFluSBW25_chrm01_circ_425448	Pf_BP_3_D252_S37_L001-L004_merged	3	0.0000	0.0000	1.0000
PsFluSBW25_chrm01_circ_425448	Pf_BP_3_D279_S70_L001-L004_merged	3	0.0000	0.0000	1.0000
PsFluSBW25_chrm01_circ_425448	Pf_BP_3_D28_S23_L001-L004_merged	3	0.0000	0.0000	1.0000
PsFluSBW25_chrm01_circ_425448	Pf_BP_3_D310_S16_L001-L004_merged	3	0.0039	0.0049	1.0000
PsFluSBW25_chrm01_circ_425448	Pf_BP_3_D336_S49_L001-L004_merged	3	0.0000	0.0001	1.0000
PsFluSBW25_chrm01_circ_425448	Pf_BP_3_D364_S82_L001-L004_merged	3	0.0000	0.0005	1.0000
PsFluSBW25_chrm01_circ_425448	Pf_BP_3_D392_S28_L001-L004_merged	3	0.0000	0.0000	1.0000
PsFluSBW25_chrm01_circ_425448	Pf_BP_3_D420_S61_L001-L004_merged	3	0.0202	0.0008	1.0000
PsFluSBW25_chrm01_circ_425448	Pf_BP_3_D448_S7_L001-L004_merged	3	0.0902	0.0055	1.0000
PsFluSBW25_chrm01_circ_425448	Pf_BP_3_D476_S73_L001-L004_merged	3	0.3293	0.0113	1.0000
PsFluSBW25_chrm01_circ_425448	Pf_BP_3_D504_S173_L001-L004_merged	3	0.3425	0.0100	1.0000
PsFluSBW25_chrm01_circ_425448	Pf_BP_3_D532_S138_L001-L004_merged	3	0.3391	0.0115	1.0000
PsFluSBW25_chrm01_circ_425448	Pf_BP_3_D56_S67_L001-L004_merged	3	0.0000	0.0000	1.0000
PsFluSBW25_chrm01_circ_425448	Pf_BP_3_D588_S174_L001-L004_merged	3	0.3137	0.0117	1.0000
PsFluSBW25_chrm01_circ_425448	Pf_BP_3_D616_S139_L001-L004_merged	3	0.3764	0.0123	1.0000
PsFluSBW25_chrm01_circ_425448	Pf_BP_3_D623_S116_L001-L004_merged	3	0.4156	0.0139	1.0000
PsFluSBW25_chrm01_circ_425448	Pf_BP_3_D644_S164_L001-L004_merged	3	0.3089	0.0114	1.0000
PsFluSBW25_chrm01_circ_425448	Pf_BP_3_D700_S94_L001-L004_merged	3	0.6171	0.0117	1.0000
PsFluSBW25_chrm01_circ_425448	Pf_BP_3_D728_S130_L001-L004_merged	3	0.2336	0.0099	1.0000
PsFluSBW25_chrm01_circ_425448	Pf_BP_3_D756_S166_L001-L004_merged	3	0.4510	0.0120	1.0000
PsFluSBW25_chrm01_circ_425448	Pf_BP_3_D784_S107_L001-L004_merged	3	0.4865	0.0116	1.0000
PsFluSBW25_chrm01_circ_425448	Pf_BP_3_D84_S13_L001-L004_merged	3	0.0000	0.0000	1.0000
PsFluSBW25_chrm01_circ_4337542	PS_Pf_r03_2017_01_09_L001	3	0.3228	0.0049	1.0000
PsFluSBW25_chrm01_circ_4337542	Pf_BP_3_D112_S46_L001-L004_merged	3	0.0000	0.0000	1.0000
PsFluSBW25_chrm01_circ_4337542	Pf_BP_3_D140_S79_L001-L004_merged	3	0.0000	0.0000	1.0000
PsFluSBW25_chrm01_circ_4337542	Pf_BP_3_D168_S25_L001-L004_merged	3	0.0000	0.0000	1.0000
PsFluSBW25_chrm01_circ_4337542	Pf_BP_3_D196_S58_L001-L004_merged	3	0.0000	0.0001	1.0000
PsFluSBW25_chrm01_circ_4337542	Pf_BP_3_D224_S4_L001-L004_merged	3	0.0000	0.0000	1.0000
PsFluSBW25_chrm01_circ_4337542	Pf_BP_3_D252_S37_L001-L004_merged	3	0.0000	0.0000	1.0000
PsFluSBW25_chrm01_circ_4337542	Pf_BP_3_D279_S70_L001-L004_merged	3	0.0000	0.0000	1.0000
PsFluSBW25_chrm01_circ_4337542	Pf_BP_3_D28_S23_L001-L004_merged	3	0.0000	0.0000	1.0000
PsFluSBW25_chrm01_circ_4337542	Pf_BP_3_D310_S16_L001-L004_merged	3	0.0039	0.0049	1.0000
PsFluSBW25_chrm01_circ_4337542	Pf_BP_3_D336_S49_L001-L004_merged	3	0.0000	0.0001	1.0000
PsFluSBW25_chrm01_circ_4337542	Pf_BP_3_D364_S82_L001-L004_merged	3	0.0000	0.0005	1.0000
PsFluSBW25_chrm01_circ_4337542	Pf_BP_3_D392_S28_L001-L004_merged	3	0.0000	0.0000	1.0000
PsFluSBW25_chrm01_circ_4337542	Pf_BP_3_D420_S61_L001-L004_merged	3	0.0202	0.0008	1.0000
PsFluSBW25_chrm01_circ_4337542	Pf_BP_3_D448_S7_L001-L004_merged	3	0.0902	0.0055	1.0000
PsFluSBW25_chrm01_circ_4337542	Pf_BP_3_D476_S73_L001-L004_merged	3	0.3293	0.0113	1.0000
PsFluSBW25_chrm01_circ_4337542	Pf_BP_3_D504_S173_L001-L004_merged	3	0.3425	0.0100	1.0000
PsFluSBW25_chrm01_circ_4337542	Pf_BP_3_D532_S138_L001-L004_merged	3	0.3391	0.0115	1.0000
PsFluSBW25_chrm01_circ_4337542	Pf_BP_3_D56_S67_L001-L004_merged	3	0.0000	0.0000	1.0000
PsFluSBW25_chrm01_circ_4337542	Pf_BP_3_D588_S174_L001-L004_merged	3	0.3137	0.0117	1.0000
PsFluSBW25_chrm01_circ_4337542	Pf_BP_3_D616_S139_L001-L004_merged	3	0.3764	0.0123	1.0000
PsFluSBW25_chrm01_circ_4337542	Pf_BP_3_D623_S116_L001-L004_merged	3	0.4156	0.0139	1.0000
PsFluSBW25_chrm01_circ_4337542	Pf_BP_3_D644_S164_L001-L004_merged	3	0.3089	0.0114	1.0000
PsFluSBW25_chrm01_circ_4337542	Pf_BP_3_D700_S94_L001-L004_merged	3	0.6171	0.0117	1.0000
PsFluSBW25_chrm01_circ_4337542	Pf_BP_3_D728_S130_L001-L004_merged	3	0.2336	0.0099	1.0000
PsFluSBW25_chrm01_circ_4337542	Pf_BP_3_D756_S166_L001-L004_merged	3	0.4510	0.0120	1.0000
PsFluSBW25_chrm01_circ_4337542	Pf_BP_3_D784_S107_L001-L004_merged	3	0.4865	0.0116	1.0000
PsFluSBW25_chrm01_circ_4337542	Pf_BP_3_D84_S13_L001-L004_merged	3	0.0000	0.0000	1.0000
PsFluSBW25_chrm01_circ_4528974	PS_Pf_r03_2017_01_09_L001	3	0.3228	0.0049	1.0000
PsFluSBW25_chrm01_circ_4528974	Pf_BP_3_D112_S46_L001-L004_merged	3	0.0000	0.0000	1.0000
PsFluSBW25_chrm01_circ_4528974	Pf_BP_3_D140_S79_L001-L004_merged	3	0.0000	0.0000	1.0000
PsFluSBW25_chrm01_circ_4528974	Pf_BP_3_D168_S25_L001-L004_merged	3	0.0000	0.0000	1.0000
PsFluSBW25_chrm01_circ_4528974	Pf_BP_3_D196_S58_L001-L004_merged	3	0.0000	0.0001	1.0000
PsFluSBW25_chrm01_circ_4528974	Pf_BP_3_D224_S4_L001-L004_merged	3	0.0000	0.0000	1.0000
PsFluSBW25_chrm01_circ_4528974	Pf_BP_3_D252_S37_L001-L004_merged	3	0.0000	0.0000	1.0000
PsFluSBW25_chrm01_circ_4528974	Pf_BP_3_D279_S70_L001-L004_merged	3	0.0000	0.0000	1.0000
PsFluSBW25_chrm01_circ_4528974	Pf_BP_3_D28_S23_L001-L004_merged	3	0.0000	0.0000	1.0000
PsFluSBW25_chrm01_circ_4528974	Pf_BP_3_D310_S16_L001-L004_merged	3	0.0039	0.0049	1.0000
PsFluSBW25_chrm01_circ_4528974	Pf_BP_3_D336_S49_L001-L004_merged	3	0.0000	0.0001	1.0000
PsFluSBW25_chrm01_circ_4528974	Pf_BP_3_D364_S82_L001-L004_merged	3	0.0000	0.0005	1.0000
PsFluSBW25_chrm01_circ_4528974	Pf_BP_3_D392_S28_L001-L004_merged	3	0.0000	0.0000	1.0000
PsFluSBW25_chrm01_circ_4528974	Pf_BP_3_D420_S61_L001-L004_merged	3	0.0202	0.0008	1.0000
PsFluSBW25_chrm01_circ_4528974	Pf_BP_3_D448_S7_L001-L004_merged	3	0.0902	0.0055	1.0000
PsFluSBW25_chrm01_circ_4528974	Pf_BP_3_D476_S73_L001-L004_merged	3	0.3293	0.0113	1.0000
PsFluSBW25_chrm01_circ_4528974	Pf_BP_3_D504_S173_L001-L004_merged	3	0.3425	0.0100	1.0000
PsFluSBW25_chrm01_circ_4528974	Pf_BP_3_D532_S138_L001-L004_merged	3	0.3391	0.0115	1.0000
PsFluSBW25_chrm01_circ_4528974	Pf_BP_3_D56_S67_L001-L004_merged	3	0.0000	0.0000	1.0000
PsFluSBW25_chrm01_circ_4528974	Pf_BP_3_D588_S174_L001-L004_merged	3	0.3137	0.0117	1.0000
PsFluSBW25_chrm01_circ_4528974	Pf_BP_3_D616_S139_L001-L004_merged	3	0.3764	0.0123	1.0000
PsFluSBW25_chrm01_circ_4528974	Pf_BP_3_D623_S116_L001-L004_merged	3	0.4156	0.0139	1.0000
PsFluSBW25_chrm01_circ_4528974	Pf_BP_3_D644_S164_L001-L004_merged	3	0.3089	0.0114	1.0000
PsFluSBW25_chrm01_circ_4528974	Pf_BP_3_D700_S94_L001-L004_merged	3	0.6171	0.0117	1.0000
PsFluSBW25_chrm01_circ_4528974	Pf_BP_3_D728_S130_L001-L004_merged	3	0.2336	0.0099	1.0000
PsFluSBW25_chrm01_circ_4528974	Pf_BP_3_D756_S166_L001-L004_merged	3	0.4510	0.0120	1.0000
PsFluSBW25_chrm01_circ_4528974	Pf_BP_3_D784_S107_L001-L004_merged	3	0.4865	0.0116	1.0000
PsFluSBW25_chrm01_circ_4528974	Pf_BP_3_D84_S13_L001-L004_merged	3	0.0000	0.0000	1.0000
PsFluSBW25_chrm01_circ_4595167	PS_Pf_r03_2017_01_09_L001	3	0.3228	0.0049	1.0000
PsFluSBW25_chrm01_circ_4595167	Pf_BP_3_D112_S46_L001-L004_merged	3	0.0000	0.0000	1.0000
PsFluSBW25_chrm01_circ_4595167	Pf_BP_3_D140_S79_L001-L004_merged	3	0.0000	0.0000	1.0000
PsFluSBW25_chrm01_circ_4595167	Pf_BP_3_D168_S25_L001-L004_merged	3	0.0000	0.0000	1.0000
PsFluSBW25_chrm01_circ_4595167	Pf_BP_3_D196_S58_L001-L004_merged	3	0.0000	0.0001	1.0000
PsFluSBW25_chrm01_circ_4595167	Pf_BP_3_D224_S4_L001-L004_merged	3	0.0000	0.0000	1.0000
PsFluSBW25_chrm01_circ_4595167	Pf_BP_3_D252_S37_L001-L004_merged	3	0.0000	0.0000	1.0000
PsFluSBW25_chrm01_circ_4595167	Pf_BP_3_D279_S70_L001-L004_merged	3	0.0000	0.0000	1.0000
PsFluSBW25_chrm01_circ_4595167	Pf_BP_3_D28_S23_L001-L004_merged	3	0.0000	0.0000	1.0000
PsFluSBW25_chrm01_circ_4595167	Pf_BP_3_D310_S16_L001-L004_merged	3	0.0039	0.0049	1.0000
PsFluSBW25_chrm01_circ_4595167	Pf_BP_3_D336_S49_L001-L004_merged	3	0.0000	0.0001	1.0000
PsFluSBW25_chrm01_circ_4595167	Pf_BP_3_D364_S82_L001-L004_merged	3	0.0000	0.0005	1.0000
PsFluSBW25_chrm01_circ_4595167	Pf_BP_3_D392_S28_L001-L004_merged	3	0.0000	0.0000	1.0000
PsFluSBW25_chrm01_circ_4595167	Pf_BP_3_D420_S61_L001-L004_merged	3	0.0202	0.0008	1.0000
PsFluSBW25_chrm01_circ_4595167	Pf_BP_3_D448_S7_L001-L004_merged	3	0.0902	0.0055	1.0000
PsFluSBW25_chrm01_circ_4595167	Pf_BP_3_D476_S73_L001-L004_merged	3	0.3293	0.0113	1.0000
PsFluSBW25_chrm01_circ_4595167	Pf_BP_3_D504_S173_L001-L004_merged	3	0.3425	0.0100	1.0000
PsFluSBW25_chrm01_circ_4595167	Pf_BP_3_D532_S138_L001-L004_merged	3	0.3391	0.0115	1.0000
PsFluSBW25_chrm01_circ_4595167	Pf_BP_3_D56_S67_L001-L004_merged	3	0.0000	0.0000	1.0000
PsFluSBW25_chrm01_circ_4595167	Pf_BP_3_D588_S174_L001-L004_merged	3	0.3137	0.0117	1.0000
PsFluSBW25_chrm01_circ_4595167	Pf_BP_3_D616_S139_L001-L004_merged	3	0.3764	0.0123	1.0000
PsFluSBW25_chrm01_circ_4595167	Pf_BP_3_D623_S116_L001-L004_merged	3	0.4156	0.0139	1.0000
PsFluSBW25_chrm01_circ_4595167	Pf_BP_3_D644_S164_L001-L004_merged	3	0.3089	0.0114	1.0000
PsFluSBW25_chrm01_circ_4595167	Pf_BP_3_D700_S94_L001-L004_merged	3	0.6171	0.0117	1.0000
PsFluSBW25_chrm01_circ_4595167	Pf_BP_3_D728_S130_L001-L004_merged	3	0.2336	0.0099	1.0000
PsFluSBW25_chrm01_circ_4595167	Pf_BP_3_D756_S166_L001-L004_merged	3	0.4510	0.0120	1.0000
PsFluSBW25_chrm01_circ_4595167	Pf_BP_3_D784_S107_L001-L004_merged	3	0.4865	0.0116	1.0000
PsFluSBW25_chrm01_circ_4595167	Pf_BP_3_D84_S13_L001-L004_merged	3	0.0000	0.0000	1.0000
PsFluSBW25_chrm01_circ_470121	PS_Pf_r03_2017_01_09_L001	3	0.3228	0.0049	1.0000
PsFluSBW25_chrm01_circ_470121	Pf_BP_3_D112_S46_L001-L004_merged	3	0.0000	0.0000	1.0000
PsFluSBW25_chrm01_circ_470121	Pf_BP_3_D140_S79_L001-L004_merged	3	0.0000	0.0000	1.0000
PsFluSBW25_chrm01_circ_470121	Pf_BP_3_D168_S25_L001-L004_merged	3	0.0000	0.0000	1.0000
PsFluSBW25_chrm01_circ_470121	Pf_BP_3_D196_S58_L001-L004_merged	3	0.0000	0.0001	1.0000
PsFluSBW25_chrm01_circ_470121	Pf_BP_3_D224_S4_L001-L004_merged	3	0.0000	0.0000	1.0000
PsFluSBW25_chrm01_circ_470121	Pf_BP_3_D252_S37_L001-L004_merged	3	0.0000	0.0000	1.0000
PsFluSBW25_chrm01_circ_470121	Pf_BP_3_D279_S70_L001-L004_merged	3	0.0000	0.0000	1.0000
PsFluSBW25_chrm01_circ_470121	Pf_BP_3_D28_S23_L001-L004_merged	3	0.0000	0.0000	1.0000
PsFluSBW25_chrm01_circ_470121	Pf_BP_3_D310_S16_L001-L004_merged	3	0.0039	0.0049	1.0000
PsFluSBW25_chrm01_circ_470121	Pf_BP_3_D336_S49_L001-L004_merged	3	0.0000	0.0001	1.0000
PsFluSBW25_chrm01_circ_470121	Pf_BP_3_D364_S82_L001-L004_merged	3	0.0000	0.0005	1.0000
PsFluSBW25_chrm01_circ_470121	Pf_BP_3_D392_S28_L001-L004_merged	3	0.0000	0.0000	1.0000
PsFluSBW25_chrm01_circ_470121	Pf_BP_3_D420_S61_L001-L004_merged	3	0.0202	0.0008	1.0000
PsFluSBW25_chrm01_circ_470121	Pf_BP_3_D448_S7_L001-L004_merged	3	0.0902	0.0055	1.0000
PsFluSBW25_chrm01_circ_470121	Pf_BP_3_D476_S73_L001-L004_merged	3	0.3293	0.0113	1.0000
PsFluSBW25_chrm01_circ_470121	Pf_BP_3_D504_S173_L001-L004_merged	3	0.3425	0.0100	1.0000
PsFluSBW25_chrm01_circ_470121	Pf_BP_3_D532_S138_L001-L004_merged	3	0.3391	0.0115	1.0000
PsFluSBW25_chrm01_circ_470121	Pf_BP_3_D56_S67_L001-L004_merged	3	0.0000	0.0000	1.0000
PsFluSBW25_chrm01_circ_470121	Pf_BP_3_D588_S174_L001-L004_merged	3	0.3137	0.0117	1.0000
PsFluSBW25_chrm01_circ_470121	Pf_BP_3_D616_S139_L001-L004_merged	3	0.3764	0.0123	1.0000
PsFluSBW25_chrm01_circ_470121	Pf_BP_3_D623_S116_L001-L004_merged	3	0.4156	0.0139	1.0000
PsFluSBW25_chrm01_circ_470121	Pf_BP_3_D644_S164_L001-L004_merged	3	0.3089	0.0114	1.0000
PsFluSBW25_chrm01_circ_470121	Pf_BP_3_D700_S94_L001-L004_merged	3	0.6171	0.0117	1.0000
PsFluSBW25_chrm01_circ_470121	Pf_BP_3_D728_S130_L001-L004_merged	3	0.2336	0.0099	1.0000
PsFluSBW25_chrm01_circ_470121	Pf_BP_3_D756_S166_L001-L004_merged	3	0.4510	0.0120	1.0000
PsFluSBW25_chrm01_circ_470121	Pf_BP_3_D784_S107_L001-L004_merged	3	0.4865	0.0116	1.0000
PsFluSBW25_chrm01_circ_470121	Pf_BP_3_D84_S13_L001-L004_merged	3	0.0000	0.0000	1.0000
PsFluSBW25_chrm01_circ_4748517	PS_Pf_r03_2017_01_09_L001	3	0.3228	0.0049	1.0000
PsFluSBW25_chrm01_circ_4748517	Pf_BP_3_D112_S46_L001-L004_merged	3	0.0000	0.0000	1.0000
PsFluSBW25_chrm01_circ_4748517	Pf_BP_3_D140_S79_L001-L004_merged	3	0.0000	0.0000	1.0000
PsFluSBW25_chrm01_circ_4748517	Pf_BP_3_D168_S25_L001-L004_merged	3	0.0000	0.0000	1.0000
PsFluSBW25_chrm01_circ_4748517	Pf_BP_3_D196_S58_L001-L004_merged	3	0.0000	0.0001	1.0000
PsFluSBW25_chrm01_circ_4748517	Pf_BP_3_D224_S4_L001-L004_merged	3	0.0000	0.0000	1.0000
PsFluSBW25_chrm01_circ_4748517	Pf_BP_3_D252_S37_L001-L004_merged	3	0.0000	0.0000	1.0000
PsFluSBW25_chrm01_circ_4748517	Pf_BP_3_D279_S70_L001-L004_merged	3	0.0000	0.0000	1.0000
PsFluSBW25_chrm01_circ_4748517	Pf_BP_3_D28_S23_L001-L004_merged	3	0.0000	0.0000	1.0000
PsFluSBW25_chrm01_circ_4748517	Pf_BP_3_D310_S16_L001-L004_merged	3	0.0039	0.0049	1.0000
PsFluSBW25_chrm01_circ_4748517	Pf_BP_3_D336_S49_L001-L004_merged	3	0.0000	0.0001	1.0000
PsFluSBW25_chrm01_circ_4748517	Pf_BP_3_D364_S82_L001-L004_merged	3	0.0000	0.0005	1.0000
PsFluSBW25_chrm01_circ_4748517	Pf_BP_3_D392_S28_L001-L004_merged	3	0.0000	0.0000	1.0000
PsFluSBW25_chrm01_circ_4748517	Pf_BP_3_D420_S61_L001-L004_merged	3	0.0202	0.0008	1.0000
PsFluSBW25_chrm01_circ_4748517	Pf_BP_3_D448_S7_L001-L004_merged	3	0.0902	0.0055	1.0000
PsFluSBW25_chrm01_circ_4748517	Pf_BP_3_D476_S73_L001-L004_merged	3	0.3293	0.0113	1.0000
PsFluSBW25_chrm01_circ_4748517	Pf_BP_3_D504_S173_L001-L004_merged	3	0.3425	0.0100	1.0000
PsFluSBW25_chrm01_circ_4748517	Pf_BP_3_D532_S138_L001-L004_merged	3	0.3391	0.0115	1.0000
PsFluSBW25_chrm01_circ_4748517	Pf_BP_3_D56_S67_L001-L004_merged	3	0.0000	0.0000	1.0000
PsFluSBW25_chrm01_circ_4748517	Pf_BP_3_D588_S174_L001-L004_merged	3	0.3137	0.0117	1.0000
PsFluSBW25_chrm01_circ_4748517	Pf_BP_3_D616_S139_L001-L004_merged	3	0.3764	0.0123	1.0000
PsFluSBW25_chrm01_circ_4748517	Pf_BP_3_D623_S116_L001-L004_merged	3	0.4156	0.0139	1.0000
PsFluSBW25_chrm01_circ_4748517	Pf_BP_3_D644_S164_L001-L004_merged	3	0.3089	0.0114	1.0000
PsFluSBW25_chrm01_circ_4748517	Pf_BP_3_D700_S94_L001-L004_merged	3	0.6171	0.0117	1.0000
PsFluSBW25_chrm01_circ_4748517	Pf_BP_3_D728_S130_L001-L004_merged	3	0.2336	0.0099	1.0000
PsFluSBW25_chrm01_circ_4748517	Pf_BP_3_D756_S166_L001-L004_merged	3	0.4510	0.0120	1.0000
PsFluSBW25_chrm01_circ_4748517	Pf_BP_3_D784_S107_L001-L004_merged	3	0.4865	0.0116	1.0000
PsFluSBW25_chrm01_circ_4748517	Pf_BP_3_D84_S13_L001-L004_merged	3	0.0000	0.0000	1.0000
PsFluSBW25_chrm01_circ_4872719	PS_Pf_r03_2017_01_09_L001	3	0.3228	0.0049	1.0000
PsFluSBW25_chrm01_circ_4872719	Pf_BP_3_D112_S46_L001-L004_merged	3	0.0000	0.0000	1.0000
PsFluSBW25_chrm01_circ_4872719	Pf_BP_3_D140_S79_L001-L004_merged	3	0.0000	0.0000	1.0000
PsFluSBW25_chrm01_circ_4872719	Pf_BP_3_D168_S25_L001-L004_merged	3	0.0000	0.0000	1.0000
PsFluSBW25_chrm01_circ_4872719	Pf_BP_3_D196_S58_L001-L004_merged	3	0.0000	0.0001	1.0000
PsFluSBW25_chrm01_circ_4872719	Pf_BP_3_D224_S4_L001-L004_merged	3	0.0000	0.0000	1.0000
PsFluSBW25_chrm01_circ_4872719	Pf_BP_3_D252_S37_L001-L004_merged	3	0.0000	0.0000	1.0000
PsFluSBW25_chrm01_circ_4872719	Pf_BP_3_D279_S70_L001-L004_merged	3	0.0000	0.0000	1.0000
PsFluSBW25_chrm01_circ_4872719	Pf_BP_3_D28_S23_L001-L004_merged	3	0.0000	0.0000	1.0000
PsFluSBW25_chrm01_circ_4872719	Pf_BP_3_D310_S16_L001-L004_merged	3	0.0039	0.0049	1.0000
PsFluSBW25_chrm01_circ_4872719	Pf_BP_3_D336_S49_L001-L004_merged	3	0.0000	0.0001	1.0000
PsFluSBW25_chrm01_circ_4872719	Pf_BP_3_D364_S82_L001-L004_merged	3	0.0000	0.0005	1.0000
PsFluSBW25_chrm01_circ_4872719	Pf_BP_3_D392_S28_L001-L004_merged	3	0.0000	0.0000	1.0000
PsFluSBW25_chrm01_circ_4872719	Pf_BP_3_D420_S61_L001-L004_merged	3	0.0202	0.0008	1.0000
PsFluSBW25_chrm01_circ_4872719	Pf_BP_3_D448_S7_L001-L004_merged	3	0.0902	0.0055	1.0000
PsFluSBW25_chrm01_circ_4872719	Pf_BP_3_D476_S73_L001-L004_merged	3	0.3293	0.0113	1.0000
PsFluSBW25_chrm01_circ_4872719	Pf_BP_3_D504_S173_L001-L004_merged	3	0.3425	0.0100	1.0000
PsFluSBW25_chrm01_circ_4872719	Pf_BP_3_D532_S138_L001-L004_merged	3	0.3391	0.0115	1.0000
PsFluSBW25_chrm01_circ_4872719	Pf_BP_3_D56_S67_L001-L004_merged	3	0.0000	0.0000	1.0000
PsFluSBW25_chrm01_circ_4872719	Pf_BP_3_D588_S174_L001-L004_merged	3	0.3137	0.0117	1.0000
PsFluSBW25_chrm01_circ_4872719	Pf_BP_3_D616_S139_L001-L004_merged	3	0.3764	0.0123	1.0000
PsFluSBW25_chrm01_circ_4872719	Pf_BP_3_D623_S116_L001-L004_merged	3	0.4156	0.0139	1.0000
PsFluSBW25_chrm01_circ_4872719	Pf_BP_3_D644_S164_L001-L004_merged	3	0.3089	0.0114	1.0000
PsFluSBW25_chrm01_circ_4872719	Pf_BP_3_D700_S94_L001-L004_merged	3	0.6171	0.0117	1.0000
PsFluSBW25_chrm01_circ_4872719	Pf_BP_3_D728_S130_L001-L004_merged	3	0.2336	0.0099	1.0000
PsFluSBW25_chrm01_circ_4872719	Pf_BP_3_D756_S166_L001-L004_merged	3	0.4510	0.0120	1.0000
PsFluSBW25_chrm01_circ_4872719	Pf_BP_3_D784_S107_L001-L004_merged	3	0.4865	0.0116	1.0000
PsFluSBW25_chrm01_circ_4872719	Pf_BP_3_D84_S13_L001-L004_merged	3	0.0000	0.0000	1.0000
PsFluSBW25_chrm01_circ_4881730	PS_Pf_r03_2017_01_09_L001	3	0.3228	0.0049	1.0000
PsFluSBW25_chrm01_circ_4881730	Pf_BP_3_D112_S46_L001-L004_merged	3	0.0000	0.0000	1.0000
PsFluSBW25_chrm01_circ_4881730	Pf_BP_3_D140_S79_L001-L004_merged	3	0.0000	0.0000	1.0000
PsFluSBW25_chrm01_circ_4881730	Pf_BP_3_D168_S25_L001-L004_merged	3	0.0000	0.0000	1.0000
PsFluSBW25_chrm01_circ_4881730	Pf_BP_3_D196_S58_L001-L004_merged	3	0.0000	0.0001	1.0000
PsFluSBW25_chrm01_circ_4881730	Pf_BP_3_D224_S4_L001-L004_merged	3	0.0000	0.0000	1.0000
PsFluSBW25_chrm01_circ_4881730	Pf_BP_3_D252_S37_L001-L004_merged	3	0.0000	0.0000	1.0000
PsFluSBW25_chrm01_circ_4881730	Pf_BP_3_D279_S70_L001-L004_merged	3	0.0000	0.0000	1.0000
PsFluSBW25_chrm01_circ_4881730	Pf_BP_3_D28_S23_L001-L004_merged	3	0.0000	0.0000	1.0000
PsFluSBW25_chrm01_circ_4881730	Pf_BP_3_D310_S16_L001-L004_merged	3	0.0039	0.0049	1.0000
PsFluSBW25_chrm01_circ_4881730	Pf_BP_3_D336_S49_L001-L004_merged	3	0.0000	0.0001	1.0000
PsFluSBW25_chrm01_circ_4881730	Pf_BP_3_D364_S82_L001-L004_merged	3	0.0000	0.0005	1.0000
PsFluSBW25_chrm01_circ_4881730	Pf_BP_3_D392_S28_L001-L004_merged	3	0.0000	0.0000	1.0000
PsFluSBW25_chrm01_circ_4881730	Pf_BP_3_D420_S61_L001-L004_merged	3	0.0202	0.0008	1.0000
PsFluSBW25_chrm01_circ_4881730	Pf_BP_3_D448_S7_L001-L004_merged	3	0.0902	0.0055	1.0000
PsFluSBW25_chrm01_circ_4881730	Pf_BP_3_D476_S73_L001-L004_merged	3	0.3293	0.0113	1.0000
PsFluSBW25_chrm01_circ_4881730	Pf_BP_3_D504_S173_L001-L004_merged	3	0.3425	0.0100	1.0000
PsFluSBW25_chrm01_circ_4881730	Pf_BP_3_D532_S138_L001-L004_merged	3	0.3391	0.0115	1.0000
PsFluSBW25_chrm01_circ_4881730	Pf_BP_3_D56_S67_L001-L004_merged	3	0.0000	0.0000	1.0000
PsFluSBW25_chrm01_circ_4881730	Pf_BP_3_D588_S174_L001-L004_merged	3	0.3137	0.0117	1.0000
PsFluSBW25_chrm01_circ_4881730	Pf_BP_3_D616_S139_L001-L004_merged	3	0.3764	0.0123	1.0000
PsFluSBW25_chrm01_circ_4881730	Pf_BP_3_D623_S116_L001-L004_merged	3	0.4156	0.0139	1.0000
PsFluSBW25_chrm01_circ_4881730	Pf_BP_3_D644_S164_L001-L004_merged	3	0.3089	0.0114	1.0000
PsFluSBW25_chrm01_circ_4881730	Pf_BP_3_D700_S94_L001-L004_merged	3	0.6171	0.0117	1.0000
PsFluSBW25_chrm01_circ_4881730	Pf_BP_3_D728_S130_L001-L004_merged	3	0.2336	0.0099	1.0000
PsFluSBW25_chrm01_circ_4881730	Pf_BP_3_D756_S166_L001-L004_merged	3	0.4510	0.0120	1.0000
PsFluSBW25_chrm01_circ_4881730	Pf_BP_3_D784_S107_L001-L004_merged	3	0.4865	0.0116	1.0000
PsFluSBW25_chrm01_circ_4881730	Pf_BP_3_D84_S13_L001-L004_merged	3	0.0000	0.0000	1.0000
PsFluSBW25_chrm01_circ_4931039	PS_Pf_r03_2017_01_09_L001	3	0.3228	0.0049	1.0000
PsFluSBW25_chrm01_circ_4931039	Pf_BP_3_D112_S46_L001-L004_merged	3	0.0000	0.0000	1.0000
PsFluSBW25_chrm01_circ_4931039	Pf_BP_3_D140_S79_L001-L004_merged	3	0.0000	0.0000	1.0000
PsFluSBW25_chrm01_circ_4931039	Pf_BP_3_D168_S25_L001-L004_merged	3	0.0000	0.0000	1.0000
PsFluSBW25_chrm01_circ_4931039	Pf_BP_3_D196_S58_L001-L004_merged	3	0.0000	0.0001	1.0000
PsFluSBW25_chrm01_circ_4931039	Pf_BP_3_D224_S4_L001-L004_merged	3	0.0000	0.0000	1.0000
PsFluSBW25_chrm01_circ_4931039	Pf_BP_3_D252_S37_L001-L004_merged	3	0.0000	0.0000	1.0000
PsFluSBW25_chrm01_circ_4931039	Pf_BP_3_D279_S70_L001-L004_merged	3	0.0000	0.0000	1.0000
PsFluSBW25_chrm01_circ_4931039	Pf_BP_3_D28_S23_L001-L004_merged	3	0.0000	0.0000	1.0000
PsFluSBW25_chrm01_circ_4931039	Pf_BP_3_D310_S16_L001-L004_merged	3	0.0039	0.0049	1.0000
PsFluSBW25_chrm01_circ_4931039	Pf_BP_3_D336_S49_L001-L004_merged	3	0.0000	0.0001	1.0000
PsFluSBW25_chrm01_circ_4931039	Pf_BP_3_D364_S82_L001-L004_merged	3	0.0000	0.0005	1.0000
PsFluSBW25_chrm01_circ_4931039	Pf_BP_3_D392_S28_L001-L004_merged	3	0.0000	0.0000	1.0000
PsFluSBW25_chrm01_circ_4931039	Pf_BP_3_D420_S61_L001-L004_merged	3	0.0202	0.0008	1.0000
PsFluSBW25_chrm01_circ_4931039	Pf_BP_3_D448_S7_L001-L004_merged	3	0.0902	0.0055	1.0000
PsFluSBW25_chrm01_circ_4931039	Pf_BP_3_D476_S73_L001-L004_merged	3	0.3293	0.0113	1.0000
PsFluSBW25_chrm01_circ_4931039	Pf_BP_3_D504_S173_L001-L004_merged	3	0.3425	0.0100	1.0000
PsFluSBW25_chrm01_circ_4931039	Pf_BP_3_D532_S138_L001-L004_merged	3	0.3391	0.0115	1.0000
PsFluSBW25_chrm01_circ_4931039	Pf_BP_3_D56_S67_L001-L004_merged	3	0.0000	0.0000	1.0000
PsFluSBW25_chrm01_circ_4931039	Pf_BP_3_D588_S174_L001-L004_merged	3	0.3137	0.0117	1.0000
PsFluSBW25_chrm01_circ_4931039	Pf_BP_3_D616_S139_L001-L004_merged	3	0.3764	0.0123	1.0000
PsFluSBW25_chrm01_circ_4931039	Pf_BP_3_D623_S116_L001-L004_merged	3	0.4156	0.0139	1.0000
PsFluSBW25_chrm01_circ_4931039	Pf_BP_3_D644_S164_L001-L004_merged	3	0.3089	0.0114	1.0000
PsFluSBW25_chrm01_circ_4931039	Pf_BP_3_D700_S94_L001-L004_merged	3	0.6171	0.0117	1.0000
PsFluSBW25_chrm01_circ_4931039	Pf_BP_3_D728_S130_L001-L004_merged	3	0.2336	0.0099	1.0000
PsFluSBW25_chrm01_circ_4931039	Pf_BP_3_D756_S166_L001-L004_merged	3	0.4510	0.0120	1.0000
PsFluSBW25_chrm01_circ_4931039	Pf_BP_3_D784_S107_L001-L004_merged	3	0.4865	0.0116	1.0000
PsFluSBW25_chrm01_circ_4931039	Pf_BP_3_D84_S13_L001-L004_merged	3	0.0000	0.0000	1.0000
PsFluSBW25_chrm01_circ_4939038	PS_Pf_r03_2017_01_09_L001	3	0.3228	0.0049	1.0000
PsFluSBW25_chrm01_circ_4939038	Pf_BP_3_D112_S46_L001-L004_merged	3	0.0000	0.0000	1.0000
PsFluSBW25_chrm01_circ_4939038	Pf_BP_3_D140_S79_L001-L004_merged	3	0.0000	0.0000	1.0000
PsFluSBW25_chrm01_circ_4939038	Pf_BP_3_D168_S25_L001-L004_merged	3	0.0000	0.0000	1.0000
PsFluSBW25_chrm01_circ_4939038	Pf_BP_3_D196_S58_L001-L004_merged	3	0.0000	0.0001	1.0000
PsFluSBW25_chrm01_circ_4939038	Pf_BP_3_D224_S4_L001-L004_merged	3	0.0000	0.0000	1.0000
PsFluSBW25_chrm01_circ_4939038	Pf_BP_3_D252_S37_L001-L004_merged	3	0.0000	0.0000	1.0000
PsFluSBW25_chrm01_circ_4939038	Pf_BP_3_D279_S70_L001-L004_merged	3	0.0000	0.0000	1.0000
PsFluSBW25_chrm01_circ_4939038	Pf_BP_3_D28_S23_L001-L004_merged	3	0.0000	0.0000	1.0000
PsFluSBW25_chrm01_circ_4939038	Pf_BP_3_D310_S16_L001-L004_merged	3	0.0039	0.0049	1.0000
PsFluSBW25_chrm01_circ_4939038	Pf_BP_3_D336_S49_L001-L004_merged	3	0.0000	0.0001	1.0000
PsFluSBW25_chrm01_circ_4939038	Pf_BP_3_D364_S82_L001-L004_merged	3	0.0000	0.0005	1.0000
PsFluSBW25_chrm01_circ_4939038	Pf_BP_3_D392_S28_L001-L004_merged	3	0.0000	0.0000	1.0000
PsFluSBW25_chrm01_circ_4939038	Pf_BP_3_D420_S61_L001-L004_merged	3	0.0202	0.0008	1.0000
PsFluSBW25_chrm01_circ_4939038	Pf_BP_3_D448_S7_L001-L004_merged	3	0.0902	0.0055	1.0000
PsFluSBW25_chrm01_circ_4939038	Pf_BP_3_D476_S73_L001-L004_merged	3	0.3293	0.0113	1.0000
PsFluSBW25_chrm01_circ_4939038	Pf_BP_3_D504_S173_L001-L004_merged	3	0.3425	0.0100	1.0000
PsFluSBW25_chrm01_circ_4939038	Pf_BP_3_D532_S138_L001-L004_merged	3	0.3391	0.0115	1.0000
PsFluSBW25_chrm01_circ_4939038	Pf_BP_3_D56_S67_L001-L004_merged	3	0.0000	0.0000	1.0000
PsFluSBW25_chrm01_circ_4939038	Pf_BP_3_D588_S174_L001-L004_merged	3	0.3137	0.0117	1.0000
PsFluSBW25_chrm01_circ_4939038	Pf_BP_3_D616_S139_L001-L004_merged	3	0.3764	0.0123	1.0000
PsFluSBW25_chrm01_circ_4939038	Pf_BP_3_D623_S116_L001-L004_merged	3	0.4156	0.0139	1.0000
PsFluSBW25_chrm01_circ_4939038	Pf_BP_3_D644_S164_L001-L004_merged	3	0.3089	0.0114	1.0000
PsFluSBW25_chrm01_circ_4939038	Pf_BP_3_D700_S94_L001-L004_merged	3	0.6171	0.0117	1.0000
PsFluSBW25_chrm01_circ_4939038	Pf_BP_3_D728_S130_L001-L004_merged	3	0.2336	0.0099	1.0000
PsFluSBW25_chrm01_circ_4939038	Pf_BP_3_D756_S166_L001-L004_merged	3	0.4510	0.0120	1.0000
PsFluSBW25_chrm01_circ_4939038	Pf_BP_3_D784_S107_L001-L004_merged	3	0.4865	0.0116	1.0000
PsFluSBW25_chrm01_circ_4939038	Pf_BP_3_D84_S13_L001-L004_merged	3	0.0000	0.0000	1.0000
PsFluSBW25_chrm01_circ_5004622	PS_Pf_r03_2017_01_09_L001	3	0.3228	0.0049	1.0000
PsFluSBW25_chrm01_circ_5004622	Pf_BP_3_D112_S46_L001-L004_merged	3	0.0000	0.0000	1.0000
PsFluSBW25_chrm01_circ_5004622	Pf_BP_3_D140_S79_L001-L004_merged	3	0.0000	0.0000	1.0000
PsFluSBW25_chrm01_circ_5004622	Pf_BP_3_D168_S25_L001-L004_merged	3	0.0000	0.0000	1.0000
PsFluSBW25_chrm01_circ_5004622	Pf_BP_3_D196_S58_L001-L004_merged	3	0.0000	0.0001	1.0000
PsFluSBW25_chrm01_circ_5004622	Pf_BP_3_D224_S4_L001-L004_merged	3	0.0000	0.0000	1.0000
PsFluSBW25_chrm01_circ_5004622	Pf_BP_3_D252_S37_L001-L004_merged	3	0.0000	0.0000	1.0000
PsFluSBW25_chrm01_circ_5004622	Pf_BP_3_D279_S70_L001-L004_merged	3	0.0000	0.0000	1.0000
PsFluSBW25_chrm01_circ_5004622	Pf_BP_3_D28_S23_L001-L004_merged	3	0.0000	0.0000	1.0000
PsFluSBW25_chrm01_circ_5004622	Pf_BP_3_D310_S16_L001-L004_merged	3	0.0039	0.0049	1.0000
PsFluSBW25_chrm01_circ_5004622	Pf_BP_3_D336_S49_L001-L004_merged	3	0.0000	0.0001	1.0000
PsFluSBW25_chrm01_circ_5004622	Pf_BP_3_D364_S82_L001-L004_merged	3	0.0000	0.0005	1.0000
PsFluSBW25_chrm01_circ_5004622	Pf_BP_3_D392_S28_L001-L004_merged	3	0.0000	0.0000	1.0000
PsFluSBW25_chrm01_circ_5004622	Pf_BP_3_D420_S61_L001-L004_merged	3	0.0202	0.0008	1.0000
PsFluSBW25_chrm01_circ_5004622	Pf_BP_3_D448_S7_L001-L004_merged	3	0.0902	0.0055	1.0000
PsFluSBW25_chrm01_circ_5004622	Pf_BP_3_D476_S73_L001-L004_merged	3	0.3293	0.0113	1.0000
PsFluSBW25_chrm01_circ_5004622	Pf_BP_3_D504_S173_L001-L004_merged	3	0.3425	0.0100	1.0000
PsFluSBW25_chrm01_circ_5004622	Pf_BP_3_D532_S138_L001-L004_merged	3	0.3391	0.0115	1.0000
PsFluSBW25_chrm01_circ_5004622	Pf_BP_3_D56_S67_L001-L004_merged	3	0.0000	0.0000	1.0000
PsFluSBW25_chrm01_circ_5004622	Pf_BP_3_D588_S174_L001-L004_merged	3	0.3137	0.0117	1.0000
PsFluSBW25_chrm01_circ_5004622	Pf_BP_3_D616_S139_L001-L004_merged	3	0.3764	0.0123	1.0000
PsFluSBW25_chrm01_circ_5004622	Pf_BP_3_D623_S116_L001-L004_merged	3	0.4156	0.0139	1.0000
PsFluSBW25_chrm01_circ_5004622	Pf_BP_3_D644_S164_L001-L004_merged	3	0.3089	0.0114	1.0000
PsFluSBW25_chrm01_circ_5004622	Pf_BP_3_D700_S94_L001-L004_merged	3	0.6171	0.0117	1.0000
PsFluSBW25_chrm01_circ_5004622	Pf_BP_3_D728_S130_L001-L004_merged	3	0.2336	0.0099	1.0000
PsFluSBW25_chrm01_circ_5004622	Pf_BP_3_D756_S166_L001-L004_merged	3	0.4510	0.0120	1.0000
PsFluSBW25_chrm01_circ_5004622	Pf_BP_3_D784_S107_L001-L004_merged	3	0.4865	0.0116	1.0000
PsFluSBW25_chrm01_circ_5004622	Pf_BP_3_D84_S13_L001-L004_merged	3	0.0000	0.0000	1.0000
PsFluSBW25_chrm01_circ_5090218	PS_Pf_r03_2017_01_09_L001	3	0.3228	0.0049	1.0000
PsFluSBW25_chrm01_circ_5090218	Pf_BP_3_D112_S46_L001-L004_merged	3	0.0000	0.0000	1.0000
PsFluSBW25_chrm01_circ_5090218	Pf_BP_3_D140_S79_L001-L004_merged	3	0.0000	0.0000	1.0000
PsFluSBW25_chrm01_circ_5090218	Pf_BP_3_D168_S25_L001-L004_merged	3	0.0000	0.0000	1.0000
PsFluSBW25_chrm01_circ_5090218	Pf_BP_3_D196_S58_L001-L004_merged	3	0.0000	0.0001	1.0000
PsFluSBW25_chrm01_circ_5090218	Pf_BP_3_D224_S4_L001-L004_merged	3	0.0000	0.0000	1.0000
PsFluSBW25_chrm01_circ_5090218	Pf_BP_3_D252_S37_L001-L004_merged	3	0.0000	0.0000	1.0000
PsFluSBW25_chrm01_circ_5090218	Pf_BP_3_D279_S70_L001-L004_merged	3	0.0000	0.0000	1.0000
PsFluSBW25_chrm01_circ_5090218	Pf_BP_3_D28_S23_L001-L004_merged	3	0.0000	0.0000	1.0000
PsFluSBW25_chrm01_circ_5090218	Pf_BP_3_D310_S16_L001-L004_merged	3	0.0039	0.0049	1.0000
PsFluSBW25_chrm01_circ_5090218	Pf_BP_3_D336_S49_L001-L004_merged	3	0.0000	0.0001	1.0000
PsFluSBW25_chrm01_circ_5090218	Pf_BP_3_D364_S82_L001-L004_merged	3	0.0000	0.0005	1.0000
PsFluSBW25_chrm01_circ_5090218	Pf_BP_3_D392_S28_L001-L004_merged	3	0.0000	0.0000	1.0000
PsFluSBW25_chrm01_circ_5090218	Pf_BP_3_D420_S61_L001-L004_merged	3	0.0202	0.0008	1.0000
PsFluSBW25_chrm01_circ_5090218	Pf_BP_3_D448_S7_L001-L004_merged	3	0.0902	0.0055	1.0000
PsFluSBW25_chrm01_circ_5090218	Pf_BP_3_D476_S73_L001-L004_merged	3	0.3293	0.0113	1.0000
PsFluSBW25_chrm01_circ_5090218	Pf_BP_3_D504_S173_L001-L004_merged	3	0.3425	0.0100	1.0000
PsFluSBW25_chrm01_circ_5090218	Pf_BP_3_D532_S138_L001-L004_merged	3	0.3391	0.0115	1.0000
PsFluSBW25_chrm01_circ_5090218	Pf_BP_3_D56_S67_L001-L004_merged	3	0.0000	0.0000	1.0000
PsFluSBW25_chrm01_circ_5090218	Pf_BP_3_D588_S174_L001-L004_merged	3	0.3137	0.0117	1.0000
PsFluSBW25_chrm01_circ_5090218	Pf_BP_3_D616_S139_L001-L004_merged	3	0.3764	0.0123	1.0000
PsFluSBW25_chrm01_circ_5090218	Pf_BP_3_D623_S116_L001-L004_merged	3	0.4156	0.0139	1.0000
PsFluSBW25_chrm01_circ_5090218	Pf_BP_3_D644_S164_L001-L004_merged	3	0.3089	0.0114	1.0000
PsFluSBW25_chrm01_circ_5090218	Pf_BP_3_D700_S94_L001-L004_merged	3	0.6171	0.0117	1.0000
PsFluSBW25_chrm01_circ_5090218	Pf_BP_3_D728_S130_L001-L004_merged	3	0.2336	0.0099	1.0000
PsFluSBW25_chrm01_circ_5090218	Pf_BP_3_D756_S166_L001-L004_merged	3	0.4510	0.0120	1.0000
PsFluSBW25_chrm01_circ_5090218	Pf_BP_3_D784_S107_L001-L004_merged	3	0.4865	0.0116	1.0000
PsFluSBW25_chrm01_circ_5090218	Pf_BP_3_D84_S13_L001-L004_merged	3	0.0000	0.0000	1.0000
PsFluSBW25_chrm01_circ_5125224	PS_Pf_r03_2017_01_09_L001	3	0.3228	0.0049	1.0000
PsFluSBW25_chrm01_circ_5125224	Pf_BP_3_D112_S46_L001-L004_merged	3	0.0000	0.0000	1.0000
PsFluSBW25_chrm01_circ_5125224	Pf_BP_3_D140_S79_L001-L004_merged	3	0.0000	0.0000	1.0000
PsFluSBW25_chrm01_circ_5125224	Pf_BP_3_D168_S25_L001-L004_merged	3	0.0000	0.0000	1.0000
PsFluSBW25_chrm01_circ_5125224	Pf_BP_3_D196_S58_L001-L004_merged	3	0.0000	0.0001	1.0000
PsFluSBW25_chrm01_circ_5125224	Pf_BP_3_D224_S4_L001-L004_merged	3	0.0000	0.0000	1.0000
PsFluSBW25_chrm01_circ_5125224	Pf_BP_3_D252_S37_L001-L004_merged	3	0.0000	0.0000	1.0000
PsFluSBW25_chrm01_circ_5125224	Pf_BP_3_D279_S70_L001-L004_merged	3	0.0000	0.0000	1.0000
PsFluSBW25_chrm01_circ_5125224	Pf_BP_3_D28_S23_L001-L004_merged	3	0.0000	0.0000	1.0000
PsFluSBW25_chrm01_circ_5125224	Pf_BP_3_D310_S16_L001-L004_merged	3	0.0039	0.0049	1.0000
PsFluSBW25_chrm01_circ_5125224	Pf_BP_3_D336_S49_L001-L004_merged	3	0.0000	0.0001	1.0000
PsFluSBW25_chrm01_circ_5125224	Pf_BP_3_D364_S82_L001-L004_merged	3	0.0000	0.0005	1.0000
PsFluSBW25_chrm01_circ_5125224	Pf_BP_3_D392_S28_L001-L004_merged	3	0.0000	0.0000	1.0000
PsFluSBW25_chrm01_circ_5125224	Pf_BP_3_D420_S61_L001-L004_merged	3	0.0202	0.0008	1.0000
PsFluSBW25_chrm01_circ_5125224	Pf_BP_3_D448_S7_L001-L004_merged	3	0.0902	0.0055	1.0000
PsFluSBW25_chrm01_circ_5125224	Pf_BP_3_D476_S73_L001-L004_merged	3	0.3293	0.0113	1.0000
PsFluSBW25_chrm01_circ_5125224	Pf_BP_3_D504_S173_L001-L004_merged	3	0.3425	0.0100	1.0000
PsFluSBW25_chrm01_circ_5125224	Pf_BP_3_D532_S138_L001-L004_merged	3	0.3391	0.0115	1.0000
PsFluSBW25_chrm01_circ_5125224	Pf_BP_3_D56_S67_L001-L004_merged	3	0.0000	0.0000	1.0000
PsFluSBW25_chrm01_circ_5125224	Pf_BP_3_D588_S174_L001-L004_merged	3	0.3137	0.0117	1.0000
PsFluSBW25_chrm01_circ_5125224	Pf_BP_3_D616_S139_L001-L004_merged	3	0.3764	0.0123	1.0000
PsFluSBW25_chrm01_circ_5125224	Pf_BP_3_D623_S116_L001-L004_merged	3	0.4156	0.0139	1.0000
PsFluSBW25_chrm01_circ_5125224	Pf_BP_3_D644_S164_L001-L004_merged	3	0.3089	0.0114	1.0000
PsFluSBW25_chrm01_circ_5125224	Pf_BP_3_D700_S94_L001-L004_merged	3	0.6171	0.0117	1.0000
PsFluSBW25_chrm01_circ_5125224	Pf_BP_3_D728_S130_L001-L004_merged	3	0.2336	0.0099	1.0000
PsFluSBW25_chrm01_circ_5125224	Pf_BP_3_D756_S166_L001-L004_merged	3	0.4510	0.0120	1.0000
PsFluSBW25_chrm01_circ_5125224	Pf_BP_3_D784_S107_L001-L004_merged	3	0.4865	0.0116	1.0000
PsFluSBW25_chrm01_circ_5125224	Pf_BP_3_D84_S13_L001-L004_merged	3	0.0000	0.0000	1.0000
PsFluSBW25_chrm01_circ_5139833	PS_Pf_r03_2017_01_09_L001	3	0.3228	0.0049	1.0000
PsFluSBW25_chrm01_circ_5139833	Pf_BP_3_D112_S46_L001-L004_merged	3	0.0000	0.0000	1.0000
PsFluSBW25_chrm01_circ_5139833	Pf_BP_3_D140_S79_L001-L004_merged	3	0.0000	0.0000	1.0000
PsFluSBW25_chrm01_circ_5139833	Pf_BP_3_D168_S25_L001-L004_merged	3	0.0000	0.0000	1.0000
PsFluSBW25_chrm01_circ_5139833	Pf_BP_3_D196_S58_L001-L004_merged	3	0.0000	0.0001	1.0000
PsFluSBW25_chrm01_circ_5139833	Pf_BP_3_D224_S4_L001-L004_merged	3	0.0000	0.0000	1.0000
PsFluSBW25_chrm01_circ_5139833	Pf_BP_3_D252_S37_L001-L004_merged	3	0.0000	0.0000	1.0000
PsFluSBW25_chrm01_circ_5139833	Pf_BP_3_D279_S70_L001-L004_merged	3	0.0000	0.0000	1.0000
PsFluSBW25_chrm01_circ_5139833	Pf_BP_3_D28_S23_L001-L004_merged	3	0.0000	0.0000	1.0000
PsFluSBW25_chrm01_circ_5139833	Pf_BP_3_D310_S16_L001-L004_merged	3	0.0039	0.0049	1.0000
PsFluSBW25_chrm01_circ_5139833	Pf_BP_3_D336_S49_L001-L004_merged	3	0.0000	0.0001	1.0000
PsFluSBW25_chrm01_circ_5139833	Pf_BP_3_D364_S82_L001-L004_merged	3	0.0000	0.0005	1.0000
PsFluSBW25_chrm01_circ_5139833	Pf_BP_3_D392_S28_L001-L004_merged	3	0.0000	0.0000	1.0000
PsFluSBW25_chrm01_circ_5139833	Pf_BP_3_D420_S61_L001-L004_merged	3	0.0202	0.0008	1.0000
PsFluSBW25_chrm01_circ_5139833	Pf_BP_3_D448_S7_L001-L004_merged	3	0.0902	0.0055	1.0000
PsFluSBW25_chrm01_circ_5139833	Pf_BP_3_D476_S73_L001-L004_merged	3	0.3293	0.0113	1.0000
PsFluSBW25_chrm01_circ_5139833	Pf_BP_3_D504_S173_L001-L004_merged	3	0.3425	0.0100	1.0000
PsFluSBW25_chrm01_circ_5139833	Pf_BP_3_D532_S138_L001-L004_merged	3	0.3391	0.0115	1.0000
PsFluSBW25_chrm01_circ_5139833	Pf_BP_3_D56_S67_L001-L004_merged	3	0.0000	0.0000	1.0000
PsFluSBW25_chrm01_circ_5139833	Pf_BP_3_D588_S174_L001-L004_merged	3	0.3137	0.0117	1.0000
PsFluSBW25_chrm01_circ_5139833	Pf_BP_3_D616_S139_L001-L004_merged	3	0.3764	0.0123	1.0000
PsFluSBW25_chrm01_circ_5139833	Pf_BP_3_D623_S116_L001-L004_merged	3	0.4156	0.0139	1.0000
PsFluSBW25_chrm01_circ_5139833	Pf_BP_3_D644_S164_L001-L004_merged	3	0.3089	0.0114	1.0000
PsFluSBW25_chrm01_circ_5139833	Pf_BP_3_D700_S94_L001-L004_merged	3	0.6171	0.0117	1.0000
PsFluSBW25_chrm01_circ_5139833	Pf_BP_3_D728_S130_L001-L004_merged	3	0.2336	0.0099	1.0000
PsFluSBW25_chrm01_circ_5139833	Pf_BP_3_D756_S166_L001-L004_merged	3	0.4510	0.0120	1.0000
PsFluSBW25_chrm01_circ_5139833	Pf_BP_3_D784_S107_L001-L004_merged	3	0.4865	0.0116	1.0000
PsFluSBW25_chrm01_circ_5139833	Pf_BP_3_D84_S13_L001-L004_merged	3	0.0000	0.0000	1.0000
PsFluSBW25_chrm01_circ_5177634	PS_Pf_r03_2017_01_09_L001	3	0.3228	0.0049	1.0000
PsFluSBW25_chrm01_circ_5177634	Pf_BP_3_D112_S46_L001-L004_merged	3	0.0000	0.0000	1.0000
PsFluSBW25_chrm01_circ_5177634	Pf_BP_3_D140_S79_L001-L004_merged	3	0.0000	0.0000	1.0000
PsFluSBW25_chrm01_circ_5177634	Pf_BP_3_D168_S25_L001-L004_merged	3	0.0000	0.0000	1.0000
PsFluSBW25_chrm01_circ_5177634	Pf_BP_3_D196_S58_L001-L004_merged	3	0.0000	0.0001	1.0000
PsFluSBW25_chrm01_circ_5177634	Pf_BP_3_D224_S4_L001-L004_merged	3	0.0000	0.0000	1.0000
PsFluSBW25_chrm01_circ_5177634	Pf_BP_3_D252_S37_L001-L004_merged	3	0.0000	0.0000	1.0000
PsFluSBW25_chrm01_circ_5177634	Pf_BP_3_D279_S70_L001-L004_merged	3	0.0000	0.0000	1.0000
PsFluSBW25_chrm01_circ_5177634	Pf_BP_3_D28_S23_L001-L004_merged	3	0.0000	0.0000	1.0000
PsFluSBW25_chrm01_circ_5177634	Pf_BP_3_D310_S16_L001-L004_merged	3	0.0039	0.0049	1.0000
PsFluSBW25_chrm01_circ_5177634	Pf_BP_3_D336_S49_L001-L004_merged	3	0.0000	0.0001	1.0000
PsFluSBW25_chrm01_circ_5177634	Pf_BP_3_D364_S82_L001-L004_merged	3	0.0000	0.0005	1.0000
PsFluSBW25_chrm01_circ_5177634	Pf_BP_3_D392_S28_L001-L004_merged	3	0.0000	0.0000	1.0000
PsFluSBW25_chrm01_circ_5177634	Pf_BP_3_D420_S61_L001-L004_merged	3	0.0202	0.0008	1.0000
PsFluSBW25_chrm01_circ_5177634	Pf_BP_3_D448_S7_L001-L004_merged	3	0.0902	0.0055	1.0000
PsFluSBW25_chrm01_circ_5177634	Pf_BP_3_D476_S73_L001-L004_merged	3	0.3293	0.0113	1.0000
PsFluSBW25_chrm01_circ_5177634	Pf_BP_3_D504_S173_L001-L004_merged	3	0.3425	0.0100	1.0000
PsFluSBW25_chrm01_circ_5177634	Pf_BP_3_D532_S138_L001-L004_merged	3	0.3391	0.0115	1.0000
PsFluSBW25_chrm01_circ_5177634	Pf_BP_3_D56_S67_L001-L004_merged	3	0.0000	0.0000	1.0000
PsFluSBW25_chrm01_circ_5177634	Pf_BP_3_D588_S174_L001-L004_merged	3	0.3137	0.0117	1.0000
PsFluSBW25_chrm01_circ_5177634	Pf_BP_3_D616_S139_L001-L004_merged	3	0.3764	0.0123	1.0000
PsFluSBW25_chrm01_circ_5177634	Pf_BP_3_D623_S116_L001-L004_merged	3	0.4156	0.0139	1.0000
PsFluSBW25_chrm01_circ_5177634	Pf_BP_3_D644_S164_L001-L004_merged	3	0.3089	0.0114	1.0000
PsFluSBW25_chrm01_circ_5177634	Pf_BP_3_D700_S94_L001-L004_merged	3	0.6171	0.0117	1.0000
PsFluSBW25_chrm01_circ_5177634	Pf_BP_3_D728_S130_L001-L004_merged	3	0.2336	0.0099	1.0000
PsFluSBW25_chrm01_circ_5177634	Pf_BP_3_D756_S166_L001-L004_merged	3	0.4510	0.0120	1.0000
PsFluSBW25_chrm01_circ_5177634	Pf_BP_3_D784_S107_L001-L004_merged	3	0.4865	0.0116	1.0000
PsFluSBW25_chrm01_circ_5177634	Pf_BP_3_D84_S13_L001-L004_merged	3	0.0000	0.0000	1.0000
PsFluSBW25_chrm01_circ_5357118	PS_Pf_r03_2017_01_09_L001	3	0.3228	0.0049	1.0000
PsFluSBW25_chrm01_circ_5357118	Pf_BP_3_D112_S46_L001-L004_merged	3	0.0000	0.0000	1.0000
PsFluSBW25_chrm01_circ_5357118	Pf_BP_3_D140_S79_L001-L004_merged	3	0.0000	0.0000	1.0000
PsFluSBW25_chrm01_circ_5357118	Pf_BP_3_D168_S25_L001-L004_merged	3	0.0000	0.0000	1.0000
PsFluSBW25_chrm01_circ_5357118	Pf_BP_3_D196_S58_L001-L004_merged	3	0.0000	0.0001	1.0000
PsFluSBW25_chrm01_circ_5357118	Pf_BP_3_D224_S4_L001-L004_merged	3	0.0000	0.0000	1.0000
PsFluSBW25_chrm01_circ_5357118	Pf_BP_3_D252_S37_L001-L004_merged	3	0.0000	0.0000	1.0000
PsFluSBW25_chrm01_circ_5357118	Pf_BP_3_D279_S70_L001-L004_merged	3	0.0000	0.0000	1.0000
PsFluSBW25_chrm01_circ_5357118	Pf_BP_3_D28_S23_L001-L004_merged	3	0.0000	0.0000	1.0000
PsFluSBW25_chrm01_circ_5357118	Pf_BP_3_D310_S16_L001-L004_merged	3	0.0039	0.0049	1.0000
PsFluSBW25_chrm01_circ_5357118	Pf_BP_3_D336_S49_L001-L004_merged	3	0.0000	0.0001	1.0000
PsFluSBW25_chrm01_circ_5357118	Pf_BP_3_D364_S82_L001-L004_merged	3	0.0000	0.0005	1.0000
PsFluSBW25_chrm01_circ_5357118	Pf_BP_3_D392_S28_L001-L004_merged	3	0.0000	0.0000	1.0000
PsFluSBW25_chrm01_circ_5357118	Pf_BP_3_D420_S61_L001-L004_merged	3	0.0202	0.0008	1.0000
PsFluSBW25_chrm01_circ_5357118	Pf_BP_3_D448_S7_L001-L004_merged	3	0.0902	0.0055	1.0000
PsFluSBW25_chrm01_circ_5357118	Pf_BP_3_D476_S73_L001-L004_merged	3	0.3293	0.0113	1.0000
PsFluSBW25_chrm01_circ_5357118	Pf_BP_3_D504_S173_L001-L004_merged	3	0.3425	0.0100	1.0000
PsFluSBW25_chrm01_circ_5357118	Pf_BP_3_D532_S138_L001-L004_merged	3	0.3391	0.0115	1.0000
PsFluSBW25_chrm01_circ_5357118	Pf_BP_3_D56_S67_L001-L004_merged	3	0.0000	0.0000	1.0000
PsFluSBW25_chrm01_circ_5357118	Pf_BP_3_D588_S174_L001-L004_merged	3	0.3137	0.0117	1.0000
PsFluSBW25_chrm01_circ_5357118	Pf_BP_3_D616_S139_L001-L004_merged	3	0.3764	0.0123	1.0000
PsFluSBW25_chrm01_circ_5357118	Pf_BP_3_D623_S116_L001-L004_merged	3	0.4156	0.0139	1.0000
PsFluSBW25_chrm01_circ_5357118	Pf_BP_3_D644_S164_L001-L004_merged	3	0.3089	0.0114	1.0000
PsFluSBW25_chrm01_circ_5357118	Pf_BP_3_D700_S94_L001-L004_merged	3	0.6171	0.0117	1.0000
PsFluSBW25_chrm01_circ_5357118	Pf_BP_3_D728_S130_L001-L004_merged	3	0.2336	0.0099	1.0000
PsFluSBW25_chrm01_circ_5357118	Pf_BP_3_D756_S166_L001-L004_merged	3	0.4510	0.0120	1.0000
PsFluSBW25_chrm01_circ_5357118	Pf_BP_3_D784_S107_L001-L004_merged	3	0.4865	0.0116	1.0000
PsFluSBW25_chrm01_circ_5357118	Pf_BP_3_D84_S13_L001-L004_merged	3	0.0000	0.0000	1.0000
PsFluSBW25_chrm01_circ_5534536	PS_Pf_r03_2017_01_09_L001	3	0.3228	0.0049	1.0000
PsFluSBW25_chrm01_circ_5534536	Pf_BP_3_D112_S46_L001-L004_merged	3	0.0000	0.0000	1.0000
PsFluSBW25_chrm01_circ_5534536	Pf_BP_3_D140_S79_L001-L004_merged	3	0.0000	0.0000	1.0000
PsFluSBW25_chrm01_circ_5534536	Pf_BP_3_D168_S25_L001-L004_merged	3	0.0000	0.0000	1.0000
PsFluSBW25_chrm01_circ_5534536	Pf_BP_3_D196_S58_L001-L004_merged	3	0.0000	0.0001	1.0000
PsFluSBW25_chrm01_circ_5534536	Pf_BP_3_D224_S4_L001-L004_merged	3	0.0000	0.0000	1.0000
PsFluSBW25_chrm01_circ_5534536	Pf_BP_3_D252_S37_L001-L004_merged	3	0.0000	0.0000	1.0000
PsFluSBW25_chrm01_circ_5534536	Pf_BP_3_D279_S70_L001-L004_merged	3	0.0000	0.0000	1.0000
PsFluSBW25_chrm01_circ_5534536	Pf_BP_3_D28_S23_L001-L004_merged	3	0.0000	0.0000	1.0000
PsFluSBW25_chrm01_circ_5534536	Pf_BP_3_D310_S16_L001-L004_merged	3	0.0039	0.0049	1.0000
PsFluSBW25_chrm01_circ_5534536	Pf_BP_3_D336_S49_L001-L004_merged	3	0.0000	0.0001	1.0000
PsFluSBW25_chrm01_circ_5534536	Pf_BP_3_D364_S82_L001-L004_merged	3	0.0000	0.0005	1.0000
PsFluSBW25_chrm01_circ_5534536	Pf_BP_3_D392_S28_L001-L004_merged	3	0.0000	0.0000	1.0000
PsFluSBW25_chrm01_circ_5534536	Pf_BP_3_D420_S61_L001-L004_merged	3	0.0202	0.0008	1.0000
PsFluSBW25_chrm01_circ_5534536	Pf_BP_3_D448_S7_L001-L004_merged	3	0.0902	0.0055	1.0000
PsFluSBW25_chrm01_circ_5534536	Pf_BP_3_D476_S73_L001-L004_merged	3	0.3293	0.0113	1.0000
PsFluSBW25_chrm01_circ_5534536	Pf_BP_3_D504_S173_L001-L004_merged	3	0.3425	0.0100	1.0000
PsFluSBW25_chrm01_circ_5534536	Pf_BP_3_D532_S138_L001-L004_merged	3	0.3391	0.0115	1.0000
PsFluSBW25_chrm01_circ_5534536	Pf_BP_3_D56_S67_L001-L004_merged	3	0.0000	0.0000	1.0000
PsFluSBW25_chrm01_circ_5534536	Pf_BP_3_D588_S174_L001-L004_merged	3	0.3137	0.0117	1.0000
PsFluSBW25_chrm01_circ_5534536	Pf_BP_3_D616_S139_L001-L004_merged	3	0.3764	0.0123	1.0000
PsFluSBW25_chrm01_circ_5534536	Pf_BP_3_D623_S116_L001-L004_merged	3	0.4156	0.0139	1.0000
PsFluSBW25_chrm01_circ_5534536	Pf_BP_3_D644_S164_L001-L004_merged	3	0.3089	0.0114	1.0000
PsFluSBW25_chrm01_circ_5534536	Pf_BP_3_D700_S94_L001-L004_merged	3	0.6171	0.0117	1.0000
PsFluSBW25_chrm01_circ_5534536	Pf_BP_3_D728_S130_L001-L004_merged	3	0.2336	0.0099	1.0000
PsFluSBW25_chrm01_circ_5534536	Pf_BP_3_D756_S166_L001-L004_merged	3	0.4510	0.0120	1.0000
PsFluSBW25_chrm01_circ_5534536	Pf_BP_3_D784_S107_L001-L004_merged	3	0.4865	0.0116	1.0000
PsFluSBW25_chrm01_circ_5534536	Pf_BP_3_D84_S13_L001-L004_merged	3	0.0000	0.0000	1.0000
PsFluSBW25_chrm01_circ_5689413	PS_Pf_r03_2017_01_09_L001	3	0.3228	0.0049	1.0000
PsFluSBW25_chrm01_circ_5689413	Pf_BP_3_D112_S46_L001-L004_merged	3	0.0000	0.0000	1.0000
PsFluSBW25_chrm01_circ_5689413	Pf_BP_3_D140_S79_L001-L004_merged	3	0.0000	0.0000	1.0000
PsFluSBW25_chrm01_circ_5689413	Pf_BP_3_D168_S25_L001-L004_merged	3	0.0000	0.0000	1.0000
PsFluSBW25_chrm01_circ_5689413	Pf_BP_3_D196_S58_L001-L004_merged	3	0.0000	0.0001	1.0000
PsFluSBW25_chrm01_circ_5689413	Pf_BP_3_D224_S4_L001-L004_merged	3	0.0000	0.0000	1.0000
PsFluSBW25_chrm01_circ_5689413	Pf_BP_3_D252_S37_L001-L004_merged	3	0.0000	0.0000	1.0000
PsFluSBW25_chrm01_circ_5689413	Pf_BP_3_D279_S70_L001-L004_merged	3	0.0000	0.0000	1.0000
PsFluSBW25_chrm01_circ_5689413	Pf_BP_3_D28_S23_L001-L004_merged	3	0.0000	0.0000	1.0000
PsFluSBW25_chrm01_circ_5689413	Pf_BP_3_D310_S16_L001-L004_merged	3	0.0039	0.0049	1.0000
PsFluSBW25_chrm01_circ_5689413	Pf_BP_3_D336_S49_L001-L004_merged	3	0.0000	0.0001	1.0000
PsFluSBW25_chrm01_circ_5689413	Pf_BP_3_D364_S82_L001-L004_merged	3	0.0000	0.0005	1.0000
PsFluSBW25_chrm01_circ_5689413	Pf_BP_3_D392_S28_L001-L004_merged	3	0.0000	0.0000	1.0000
PsFluSBW25_chrm01_circ_5689413	Pf_BP_3_D420_S61_L001-L004_merged	3	0.0202	0.0008	1.0000
PsFluSBW25_chrm01_circ_5689413	Pf_BP_3_D448_S7_L001-L004_merged	3	0.0902	0.0055	1.0000
PsFluSBW25_chrm01_circ_5689413	Pf_BP_3_D476_S73_L001-L004_merged	3	0.3293	0.0113	1.0000
PsFluSBW25_chrm01_circ_5689413	Pf_BP_3_D504_S173_L001-L004_merged	3	0.3425	0.0100	1.0000
PsFluSBW25_chrm01_circ_5689413	Pf_BP_3_D532_S138_L001-L004_merged	3	0.3391	0.0115	1.0000
PsFluSBW25_chrm01_circ_5689413	Pf_BP_3_D56_S67_L001-L004_merged	3	0.0000	0.0000	1.0000
PsFluSBW25_chrm01_circ_5689413	Pf_BP_3_D588_S174_L001-L004_merged	3	0.3137	0.0117	1.0000
PsFluSBW25_chrm01_circ_5689413	Pf_BP_3_D616_S139_L001-L004_merged	3	0.3764	0.0123	1.0000
PsFluSBW25_chrm01_circ_5689413	Pf_BP_3_D623_S116_L001-L004_merged	3	0.4156	0.0139	1.0000
PsFluSBW25_chrm01_circ_5689413	Pf_BP_3_D644_S164_L001-L004_merged	3	0.3089	0.0114	1.0000
PsFluSBW25_chrm01_circ_5689413	Pf_BP_3_D700_S94_L001-L004_merged	3	0.6171	0.0117	1.0000
PsFluSBW25_chrm01_circ_5689413	Pf_BP_3_D728_S130_L001-L004_merged	3	0.2336	0.0099	1.0000
PsFluSBW25_chrm01_circ_5689413	Pf_BP_3_D756_S166_L001-L004_merged	3	0.4510	0.0120	1.0000
PsFluSBW25_chrm01_circ_5689413	Pf_BP_3_D784_S107_L001-L004_merged	3	0.4865	0.0116	1.0000
PsFluSBW25_chrm01_circ_5689413	Pf_BP_3_D84_S13_L001-L004_merged	3	0.0000	0.0000	1.0000
PsFluSBW25_chrm01_circ_5716515	PS_Pf_r03_2017_01_09_L001	3	0.3228	0.0049	1.0000
PsFluSBW25_chrm01_circ_5716515	Pf_BP_3_D112_S46_L001-L004_merged	3	0.0000	0.0000	1.0000
PsFluSBW25_chrm01_circ_5716515	Pf_BP_3_D140_S79_L001-L004_merged	3	0.0000	0.0000	1.0000
PsFluSBW25_chrm01_circ_5716515	Pf_BP_3_D168_S25_L001-L004_merged	3	0.0000	0.0000	1.0000
PsFluSBW25_chrm01_circ_5716515	Pf_BP_3_D196_S58_L001-L004_merged	3	0.0000	0.0001	1.0000
PsFluSBW25_chrm01_circ_5716515	Pf_BP_3_D224_S4_L001-L004_merged	3	0.0000	0.0000	1.0000
PsFluSBW25_chrm01_circ_5716515	Pf_BP_3_D252_S37_L001-L004_merged	3	0.0000	0.0000	1.0000
PsFluSBW25_chrm01_circ_5716515	Pf_BP_3_D279_S70_L001-L004_merged	3	0.0000	0.0000	1.0000
PsFluSBW25_chrm01_circ_5716515	Pf_BP_3_D28_S23_L001-L004_merged	3	0.0000	0.0000	1.0000
PsFluSBW25_chrm01_circ_5716515	Pf_BP_3_D310_S16_L001-L004_merged	3	0.0039	0.0049	1.0000
PsFluSBW25_chrm01_circ_5716515	Pf_BP_3_D336_S49_L001-L004_merged	3	0.0000	0.0001	1.0000
PsFluSBW25_chrm01_circ_5716515	Pf_BP_3_D364_S82_L001-L004_merged	3	0.0000	0.0005	1.0000
PsFluSBW25_chrm01_circ_5716515	Pf_BP_3_D392_S28_L001-L004_merged	3	0.0000	0.0000	1.0000
PsFluSBW25_chrm01_circ_5716515	Pf_BP_3_D420_S61_L001-L004_merged	3	0.0202	0.0008	1.0000
PsFluSBW25_chrm01_circ_5716515	Pf_BP_3_D448_S7_L001-L004_merged	3	0.0902	0.0055	1.0000
PsFluSBW25_chrm01_circ_5716515	Pf_BP_3_D476_S73_L001-L004_merged	3	0.3293	0.0113	1.0000
PsFluSBW25_chrm01_circ_5716515	Pf_BP_3_D504_S173_L001-L004_merged	3	0.3425	0.0100	1.0000
PsFluSBW25_chrm01_circ_5716515	Pf_BP_3_D532_S138_L001-L004_merged	3	0.3391	0.0115	1.0000
PsFluSBW25_chrm01_circ_5716515	Pf_BP_3_D56_S67_L001-L004_merged	3	0.0000	0.0000	1.0000
PsFluSBW25_chrm01_circ_5716515	Pf_BP_3_D588_S174_L001-L004_merged	3	0.3137	0.0117	1.0000
PsFluSBW25_chrm01_circ_5716515	Pf_BP_3_D616_S139_L001-L004_merged	3	0.3764	0.0123	1.0000
PsFluSBW25_chrm01_circ_5716515	Pf_BP_3_D623_S116_L001-L004_merged	3	0.4156	0.0139	1.0000
PsFluSBW25_chrm01_circ_5716515	Pf_BP_3_D644_S164_L001-L004_merged	3	0.3089	0.0114	1.0000
PsFluSBW25_chrm01_circ_5716515	Pf_BP_3_D700_S94_L001-L004_merged	3	0.6171	0.0117	1.0000
PsFluSBW25_chrm01_circ_5716515	Pf_BP_3_D728_S130_L001-L004_merged	3	0.2336	0.0099	1.0000
PsFluSBW25_chrm01_circ_5716515	Pf_BP_3_D756_S166_L001-L004_merged	3	0.4510	0.0120	1.0000
PsFluSBW25_chrm01_circ_5716515	Pf_BP_3_D784_S107_L001-L004_merged	3	0.4865	0.0116	1.0000
PsFluSBW25_chrm01_circ_5716515	Pf_BP_3_D84_S13_L001-L004_merged	3	0.0000	0.0000	1.0000
PsFluSBW25_chrm01_circ_5738290	PS_Pf_r03_2017_01_09_L001	3	0.3228	0.0049	1.0000
PsFluSBW25_chrm01_circ_5738290	Pf_BP_3_D112_S46_L001-L004_merged	3	0.0000	0.0000	1.0000
PsFluSBW25_chrm01_circ_5738290	Pf_BP_3_D140_S79_L001-L004_merged	3	0.0000	0.0000	1.0000
PsFluSBW25_chrm01_circ_5738290	Pf_BP_3_D168_S25_L001-L004_merged	3	0.0000	0.0000	1.0000
PsFluSBW25_chrm01_circ_5738290	Pf_BP_3_D196_S58_L001-L004_merged	3	0.0000	0.0001	1.0000
PsFluSBW25_chrm01_circ_5738290	Pf_BP_3_D224_S4_L001-L004_merged	3	0.0000	0.0000	1.0000
PsFluSBW25_chrm01_circ_5738290	Pf_BP_3_D252_S37_L001-L004_merged	3	0.0000	0.0000	1.0000
PsFluSBW25_chrm01_circ_5738290	Pf_BP_3_D279_S70_L001-L004_merged	3	0.0000	0.0000	1.0000
PsFluSBW25_chrm01_circ_5738290	Pf_BP_3_D28_S23_L001-L004_merged	3	0.0000	0.0000	1.0000
PsFluSBW25_chrm01_circ_5738290	Pf_BP_3_D310_S16_L001-L004_merged	3	0.0039	0.0049	1.0000
PsFluSBW25_chrm01_circ_5738290	Pf_BP_3_D336_S49_L001-L004_merged	3	0.0000	0.0001	1.0000
PsFluSBW25_chrm01_circ_5738290	Pf_BP_3_D364_S82_L001-L004_merged	3	0.0000	0.0005	1.0000
PsFluSBW25_chrm01_circ_5738290	Pf_BP_3_D392_S28_L001-L004_merged	3	0.0000	0.0000	1.0000
PsFluSBW25_chrm01_circ_5738290	Pf_BP_3_D420_S61_L001-L004_merged	3	0.0202	0.0008	1.0000
PsFluSBW25_chrm01_circ_5738290	Pf_BP_3_D448_S7_L001-L004_merged	3	0.0902	0.0055	1.0000
PsFluSBW25_chrm01_circ_5738290	Pf_BP_3_D476_S73_L001-L004_merged	3	0.3293	0.0113	1.0000
PsFluSBW25_chrm01_circ_5738290	Pf_BP_3_D504_S173_L001-L004_merged	3	0.3425	0.0100	1.0000
PsFluSBW25_chrm01_circ_5738290	Pf_BP_3_D532_S138_L001-L004_merged	3	0.3391	0.0115	1.0000
PsFluSBW25_chrm01_circ_5738290	Pf_BP_3_D56_S67_L001-L004_merged	3	0.0000	0.0000	1.0000
PsFluSBW25_chrm01_circ_5738290	Pf_BP_3_D588_S174_L001-L004_merged	3	0.3137	0.0117	1.0000
PsFluSBW25_chrm01_circ_5738290	Pf_BP_3_D616_S139_L001-L004_merged	3	0.3764	0.0123	1.0000
PsFluSBW25_chrm01_circ_5738290	Pf_BP_3_D623_S116_L001-L004_merged	3	0.4156	0.0139	1.0000
PsFluSBW25_chrm01_circ_5738290	Pf_BP_3_D644_S164_L001-L004_merged	3	0.3089	0.0114	1.0000
PsFluSBW25_chrm01_circ_5738290	Pf_BP_3_D700_S94_L001-L004_merged	3	0.6171	0.0117	1.0000
PsFluSBW25_chrm01_circ_5738290	Pf_BP_3_D728_S130_L001-L004_merged	3	0.2336	0.0099	1.0000
PsFluSBW25_chrm01_circ_5738290	Pf_BP_3_D756_S166_L001-L004_merged	3	0.4510	0.0120	1.0000
PsFluSBW25_chrm01_circ_5738290	Pf_BP_3_D784_S107_L001-L004_merged	3	0.4865	0.0116	1.0000
PsFluSBW25_chrm01_circ_5738290	Pf_BP_3_D84_S13_L001-L004_merged	3	0.0000	0.0000	1.0000
PsFluSBW25_chrm01_circ_5847593	PS_Pf_r03_2017_01_09_L001	3	0.3228	0.0049	1.0000
PsFluSBW25_chrm01_circ_5847593	Pf_BP_3_D112_S46_L001-L004_merged	3	0.0000	0.0000	1.0000
PsFluSBW25_chrm01_circ_5847593	Pf_BP_3_D140_S79_L001-L004_merged	3	0.0000	0.0000	1.0000
PsFluSBW25_chrm01_circ_5847593	Pf_BP_3_D168_S25_L001-L004_merged	3	0.0000	0.0000	1.0000
PsFluSBW25_chrm01_circ_5847593	Pf_BP_3_D196_S58_L001-L004_merged	3	0.0000	0.0001	1.0000
PsFluSBW25_chrm01_circ_5847593	Pf_BP_3_D224_S4_L001-L004_merged	3	0.0000	0.0000	1.0000
PsFluSBW25_chrm01_circ_5847593	Pf_BP_3_D252_S37_L001-L004_merged	3	0.0000	0.0000	1.0000
PsFluSBW25_chrm01_circ_5847593	Pf_BP_3_D279_S70_L001-L004_merged	3	0.0000	0.0000	1.0000
PsFluSBW25_chrm01_circ_5847593	Pf_BP_3_D28_S23_L001-L004_merged	3	0.0000	0.0000	1.0000
PsFluSBW25_chrm01_circ_5847593	Pf_BP_3_D310_S16_L001-L004_merged	3	0.0039	0.0049	1.0000
PsFluSBW25_chrm01_circ_5847593	Pf_BP_3_D336_S49_L001-L004_merged	3	0.0000	0.0001	1.0000
PsFluSBW25_chrm01_circ_5847593	Pf_BP_3_D364_S82_L001-L004_merged	3	0.0000	0.0005	1.0000
PsFluSBW25_chrm01_circ_5847593	Pf_BP_3_D392_S28_L001-L004_merged	3	0.0000	0.0000	1.0000
PsFluSBW25_chrm01_circ_5847593	Pf_BP_3_D420_S61_L001-L004_merged	3	0.0202	0.0008	1.0000
PsFluSBW25_chrm01_circ_5847593	Pf_BP_3_D448_S7_L001-L004_merged	3	0.0902	0.0055	1.0000
PsFluSBW25_chrm01_circ_5847593	Pf_BP_3_D476_S73_L001-L004_merged	3	0.3293	0.0113	1.0000
PsFluSBW25_chrm01_circ_5847593	Pf_BP_3_D504_S173_L001-L004_merged	3	0.3425	0.0100	1.0000
PsFluSBW25_chrm01_circ_5847593	Pf_BP_3_D532_S138_L001-L004_merged	3	0.3391	0.0115	1.0000
PsFluSBW25_chrm01_circ_5847593	Pf_BP_3_D56_S67_L001-L004_merged	3	0.0000	0.0000	1.0000
PsFluSBW25_chrm01_circ_5847593	Pf_BP_3_D588_S174_L001-L004_merged	3	0.3137	0.0117	1.0000
PsFluSBW25_chrm01_circ_5847593	Pf_BP_3_D616_S139_L001-L004_merged	3	0.3764	0.0123	1.0000
PsFluSBW25_chrm01_circ_5847593	Pf_BP_3_D623_S116_L001-L004_merged	3	0.4156	0.0139	1.0000
PsFluSBW25_chrm01_circ_5847593	Pf_BP_3_D644_S164_L001-L004_merged	3	0.3089	0.0114	1.0000
PsFluSBW25_chrm01_circ_5847593	Pf_BP_3_D700_S94_L001-L004_merged	3	0.6171	0.0117	1.0000
PsFluSBW25_chrm01_circ_5847593	Pf_BP_3_D728_S130_L001-L004_merged	3	0.2336	0.0099	1.0000
PsFluSBW25_chrm01_circ_5847593	Pf_BP_3_D756_S166_L001-L004_merged	3	0.4510	0.0120	1.0000
PsFluSBW25_chrm01_circ_5847593	Pf_BP_3_D784_S107_L001-L004_merged	3	0.4865	0.0116	1.0000
PsFluSBW25_chrm01_circ_5847593	Pf_BP_3_D84_S13_L001-L004_merged	3	0.0000	0.0000	1.0000
PsFluSBW25_chrm01_circ_5857775	PS_Pf_r03_2017_01_09_L001	3	0.3228	0.0049	1.0000
PsFluSBW25_chrm01_circ_5857775	Pf_BP_3_D112_S46_L001-L004_merged	3	0.0000	0.0000	1.0000
PsFluSBW25_chrm01_circ_5857775	Pf_BP_3_D140_S79_L001-L004_merged	3	0.0000	0.0000	1.0000
PsFluSBW25_chrm01_circ_5857775	Pf_BP_3_D168_S25_L001-L004_merged	3	0.0000	0.0000	1.0000
PsFluSBW25_chrm01_circ_5857775	Pf_BP_3_D196_S58_L001-L004_merged	3	0.0000	0.0001	1.0000
PsFluSBW25_chrm01_circ_5857775	Pf_BP_3_D224_S4_L001-L004_merged	3	0.0000	0.0000	1.0000
PsFluSBW25_chrm01_circ_5857775	Pf_BP_3_D252_S37_L001-L004_merged	3	0.0000	0.0000	1.0000
PsFluSBW25_chrm01_circ_5857775	Pf_BP_3_D279_S70_L001-L004_merged	3	0.0000	0.0000	1.0000
PsFluSBW25_chrm01_circ_5857775	Pf_BP_3_D28_S23_L001-L004_merged	3	0.0000	0.0000	1.0000
PsFluSBW25_chrm01_circ_5857775	Pf_BP_3_D310_S16_L001-L004_merged	3	0.0039	0.0049	1.0000
PsFluSBW25_chrm01_circ_5857775	Pf_BP_3_D336_S49_L001-L004_merged	3	0.0000	0.0001	1.0000
PsFluSBW25_chrm01_circ_5857775	Pf_BP_3_D364_S82_L001-L004_merged	3	0.0000	0.0005	1.0000
PsFluSBW25_chrm01_circ_5857775	Pf_BP_3_D392_S28_L001-L004_merged	3	0.0000	0.0000	1.0000
PsFluSBW25_chrm01_circ_5857775	Pf_BP_3_D420_S61_L001-L004_merged	3	0.0202	0.0008	1.0000
PsFluSBW25_chrm01_circ_5857775	Pf_BP_3_D448_S7_L001-L004_merged	3	0.0902	0.0055	1.0000
PsFluSBW25_chrm01_circ_5857775	Pf_BP_3_D476_S73_L001-L004_merged	3	0.3293	0.0113	1.0000
PsFluSBW25_chrm01_circ_5857775	Pf_BP_3_D504_S173_L001-L004_merged	3	0.3425	0.0100	1.0000
PsFluSBW25_chrm01_circ_5857775	Pf_BP_3_D532_S138_L001-L004_merged	3	0.3391	0.0115	1.0000
PsFluSBW25_chrm01_circ_5857775	Pf_BP_3_D56_S67_L001-L004_merged	3	0.0000	0.0000	1.0000
PsFluSBW25_chrm01_circ_5857775	Pf_BP_3_D588_S174_L001-L004_merged	3	0.3137	0.0117	1.0000
PsFluSBW25_chrm01_circ_5857775	Pf_BP_3_D616_S139_L001-L004_merged	3	0.3764	0.0123	1.0000
PsFluSBW25_chrm01_circ_5857775	Pf_BP_3_D623_S116_L001-L004_merged	3	0.4156	0.0139	1.0000
PsFluSBW25_chrm01_circ_5857775	Pf_BP_3_D644_S164_L001-L004_merged	3	0.3089	0.0114	1.0000
PsFluSBW25_chrm01_circ_5857775	Pf_BP_3_D700_S94_L001-L004_merged	3	0.6171	0.0117	1.0000
PsFluSBW25_chrm01_circ_5857775	Pf_BP_3_D728_S130_L001-L004_merged	3	0.2336	0.0099	1.0000
PsFluSBW25_chrm01_circ_5857775	Pf_BP_3_D756_S166_L001-L004_merged	3	0.4510	0.0120	1.0000
PsFluSBW25_chrm01_circ_5857775	Pf_BP_3_D784_S107_L001-L004_merged	3	0.4865	0.0116	1.0000
PsFluSBW25_chrm01_circ_5857775	Pf_BP_3_D84_S13_L001-L004_merged	3	0.0000	0.0000	1.0000
PsFluSBW25_chrm01_circ_5967294	PS_Pf_r03_2017_01_09_L001	3	0.3228	0.0049	1.0000
PsFluSBW25_chrm01_circ_5967294	Pf_BP_3_D112_S46_L001-L004_merged	3	0.0000	0.0000	1.0000
PsFluSBW25_chrm01_circ_5967294	Pf_BP_3_D140_S79_L001-L004_merged	3	0.0000	0.0000	1.0000
PsFluSBW25_chrm01_circ_5967294	Pf_BP_3_D168_S25_L001-L004_merged	3	0.0000	0.0000	1.0000
PsFluSBW25_chrm01_circ_5967294	Pf_BP_3_D196_S58_L001-L004_merged	3	0.0000	0.0001	1.0000
PsFluSBW25_chrm01_circ_5967294	Pf_BP_3_D224_S4_L001-L004_merged	3	0.0000	0.0000	1.0000
PsFluSBW25_chrm01_circ_5967294	Pf_BP_3_D252_S37_L001-L004_merged	3	0.0000	0.0000	1.0000
PsFluSBW25_chrm01_circ_5967294	Pf_BP_3_D279_S70_L001-L004_merged	3	0.0000	0.0000	1.0000
PsFluSBW25_chrm01_circ_5967294	Pf_BP_3_D28_S23_L001-L004_merged	3	0.0000	0.0000	1.0000
PsFluSBW25_chrm01_circ_5967294	Pf_BP_3_D310_S16_L001-L004_merged	3	0.0039	0.0049	1.0000
PsFluSBW25_chrm01_circ_5967294	Pf_BP_3_D336_S49_L001-L004_merged	3	0.0000	0.0001	1.0000
PsFluSBW25_chrm01_circ_5967294	Pf_BP_3_D364_S82_L001-L004_merged	3	0.0000	0.0005	1.0000
PsFluSBW25_chrm01_circ_5967294	Pf_BP_3_D392_S28_L001-L004_merged	3	0.0000	0.0000	1.0000
PsFluSBW25_chrm01_circ_5967294	Pf_BP_3_D420_S61_L001-L004_merged	3	0.0202	0.0008	1.0000
PsFluSBW25_chrm01_circ_5967294	Pf_BP_3_D448_S7_L001-L004_merged	3	0.0902	0.0055	1.0000
PsFluSBW25_chrm01_circ_5967294	Pf_BP_3_D476_S73_L001-L004_merged	3	0.3293	0.0113	1.0000
PsFluSBW25_chrm01_circ_5967294	Pf_BP_3_D504_S173_L001-L004_merged	3	0.3425	0.0100	1.0000
PsFluSBW25_chrm01_circ_5967294	Pf_BP_3_D532_S138_L001-L004_merged	3	0.3391	0.0115	1.0000
PsFluSBW25_chrm01_circ_5967294	Pf_BP_3_D56_S67_L001-L004_merged	3	0.0000	0.0000	1.0000
PsFluSBW25_chrm01_circ_5967294	Pf_BP_3_D588_S174_L001-L004_merged	3	0.3137	0.0117	1.0000
PsFluSBW25_chrm01_circ_5967294	Pf_BP_3_D616_S139_L001-L004_merged	3	0.3764	0.0123	1.0000
PsFluSBW25_chrm01_circ_5967294	Pf_BP_3_D623_S116_L001-L004_merged	3	0.4156	0.0139	1.0000
PsFluSBW25_chrm01_circ_5967294	Pf_BP_3_D644_S164_L001-L004_merged	3	0.3089	0.0114	1.0000
PsFluSBW25_chrm01_circ_5967294	Pf_BP_3_D700_S94_L001-L004_merged	3	0.6171	0.0117	1.0000
PsFluSBW25_chrm01_circ_5967294	Pf_BP_3_D728_S130_L001-L004_merged	3	0.2336	0.0099	1.0000
PsFluSBW25_chrm01_circ_5967294	Pf_BP_3_D756_S166_L001-L004_merged	3	0.4510	0.0120	1.0000
PsFluSBW25_chrm01_circ_5967294	Pf_BP_3_D784_S107_L001-L004_merged	3	0.4865	0.0116	1.0000
PsFluSBW25_chrm01_circ_5967294	Pf_BP_3_D84_S13_L001-L004_merged	3	0.0000	0.0000	1.0000
PsFluSBW25_chrm01_circ_5971715	PS_Pf_r03_2017_01_09_L001	3	0.3228	0.0049	1.0000
PsFluSBW25_chrm01_circ_5971715	Pf_BP_3_D112_S46_L001-L004_merged	3	0.0000	0.0000	1.0000
PsFluSBW25_chrm01_circ_5971715	Pf_BP_3_D140_S79_L001-L004_merged	3	0.0000	0.0000	1.0000
PsFluSBW25_chrm01_circ_5971715	Pf_BP_3_D168_S25_L001-L004_merged	3	0.0000	0.0000	1.0000
PsFluSBW25_chrm01_circ_5971715	Pf_BP_3_D196_S58_L001-L004_merged	3	0.0000	0.0001	1.0000
PsFluSBW25_chrm01_circ_5971715	Pf_BP_3_D224_S4_L001-L004_merged	3	0.0000	0.0000	1.0000
PsFluSBW25_chrm01_circ_5971715	Pf_BP_3_D252_S37_L001-L004_merged	3	0.0000	0.0000	1.0000
PsFluSBW25_chrm01_circ_5971715	Pf_BP_3_D279_S70_L001-L004_merged	3	0.0000	0.0000	1.0000
PsFluSBW25_chrm01_circ_5971715	Pf_BP_3_D28_S23_L001-L004_merged	3	0.0000	0.0000	1.0000
PsFluSBW25_chrm01_circ_5971715	Pf_BP_3_D310_S16_L001-L004_merged	3	0.0039	0.0049	1.0000
PsFluSBW25_chrm01_circ_5971715	Pf_BP_3_D336_S49_L001-L004_merged	3	0.0000	0.0001	1.0000
PsFluSBW25_chrm01_circ_5971715	Pf_BP_3_D364_S82_L001-L004_merged	3	0.0000	0.0005	1.0000
PsFluSBW25_chrm01_circ_5971715	Pf_BP_3_D392_S28_L001-L004_merged	3	0.0000	0.0000	1.0000
PsFluSBW25_chrm01_circ_5971715	Pf_BP_3_D420_S61_L001-L004_merged	3	0.0202	0.0008	1.0000
PsFluSBW25_chrm01_circ_5971715	Pf_BP_3_D448_S7_L001-L004_merged	3	0.0902	0.0055	1.0000
PsFluSBW25_chrm01_circ_5971715	Pf_BP_3_D476_S73_L001-L004_merged	3	0.3293	0.0113	1.0000
PsFluSBW25_chrm01_circ_5971715	Pf_BP_3_D504_S173_L001-L004_merged	3	0.3425	0.0100	1.0000
PsFluSBW25_chrm01_circ_5971715	Pf_BP_3_D532_S138_L001-L004_merged	3	0.3391	0.0115	1.0000
PsFluSBW25_chrm01_circ_5971715	Pf_BP_3_D56_S67_L001-L004_merged	3	0.0000	0.0000	1.0000
PsFluSBW25_chrm01_circ_5971715	Pf_BP_3_D588_S174_L001-L004_merged	3	0.3137	0.0117	1.0000
PsFluSBW25_chrm01_circ_5971715	Pf_BP_3_D616_S139_L001-L004_merged	3	0.3764	0.0123	1.0000
PsFluSBW25_chrm01_circ_5971715	Pf_BP_3_D623_S116_L001-L004_merged	3	0.4156	0.0139	1.0000
PsFluSBW25_chrm01_circ_5971715	Pf_BP_3_D644_S164_L001-L004_merged	3	0.3089	0.0114	1.0000
PsFluSBW25_chrm01_circ_5971715	Pf_BP_3_D700_S94_L001-L004_merged	3	0.6171	0.0117	1.0000
PsFluSBW25_chrm01_circ_5971715	Pf_BP_3_D728_S130_L001-L004_merged	3	0.2336	0.0099	1.0000
PsFluSBW25_chrm01_circ_5971715	Pf_BP_3_D756_S166_L001-L004_merged	3	0.4510	0.0120	1.0000
PsFluSBW25_chrm01_circ_5971715	Pf_BP_3_D784_S107_L001-L004_merged	3	0.4865	0.0116	1.0000
PsFluSBW25_chrm01_circ_5971715	Pf_BP_3_D84_S13_L001-L004_merged	3	0.0000	0.0000	1.0000
PsFluSBW25_chrm01_circ_6108733	PS_Pf_r03_2017_01_09_L001	3	0.3228	0.0049	1.0000
PsFluSBW25_chrm01_circ_6108733	Pf_BP_3_D112_S46_L001-L004_merged	3	0.0000	0.0000	1.0000
PsFluSBW25_chrm01_circ_6108733	Pf_BP_3_D140_S79_L001-L004_merged	3	0.0000	0.0000	1.0000
PsFluSBW25_chrm01_circ_6108733	Pf_BP_3_D168_S25_L001-L004_merged	3	0.0000	0.0000	1.0000
PsFluSBW25_chrm01_circ_6108733	Pf_BP_3_D196_S58_L001-L004_merged	3	0.0000	0.0001	1.0000
PsFluSBW25_chrm01_circ_6108733	Pf_BP_3_D224_S4_L001-L004_merged	3	0.0000	0.0000	1.0000
PsFluSBW25_chrm01_circ_6108733	Pf_BP_3_D252_S37_L001-L004_merged	3	0.0000	0.0000	1.0000
PsFluSBW25_chrm01_circ_6108733	Pf_BP_3_D279_S70_L001-L004_merged	3	0.0000	0.0000	1.0000
PsFluSBW25_chrm01_circ_6108733	Pf_BP_3_D28_S23_L001-L004_merged	3	0.0000	0.0000	1.0000
PsFluSBW25_chrm01_circ_6108733	Pf_BP_3_D310_S16_L001-L004_merged	3	0.0039	0.0049	1.0000
PsFluSBW25_chrm01_circ_6108733	Pf_BP_3_D336_S49_L001-L004_merged	3	0.0000	0.0001	1.0000
PsFluSBW25_chrm01_circ_6108733	Pf_BP_3_D364_S82_L001-L004_merged	3	0.0000	0.0005	1.0000
PsFluSBW25_chrm01_circ_6108733	Pf_BP_3_D392_S28_L001-L004_merged	3	0.0000	0.0000	1.0000
PsFluSBW25_chrm01_circ_6108733	Pf_BP_3_D420_S61_L001-L004_merged	3	0.0202	0.0008	1.0000
PsFluSBW25_chrm01_circ_6108733	Pf_BP_3_D448_S7_L001-L004_merged	3	0.0902	0.0055	1.0000
PsFluSBW25_chrm01_circ_6108733	Pf_BP_3_D476_S73_L001-L004_merged	3	0.3293	0.0113	1.0000
PsFluSBW25_chrm01_circ_6108733	Pf_BP_3_D504_S173_L001-L004_merged	3	0.3425	0.0100	1.0000
PsFluSBW25_chrm01_circ_6108733	Pf_BP_3_D532_S138_L001-L004_merged	3	0.3391	0.0115	1.0000
PsFluSBW25_chrm01_circ_6108733	Pf_BP_3_D56_S67_L001-L004_merged	3	0.0000	0.0000	1.0000
PsFluSBW25_chrm01_circ_6108733	Pf_BP_3_D588_S174_L001-L004_merged	3	0.3137	0.0117	1.0000
PsFluSBW25_chrm01_circ_6108733	Pf_BP_3_D616_S139_L001-L004_merged	3	0.3764	0.0123	1.0000
PsFluSBW25_chrm01_circ_6108733	Pf_BP_3_D623_S116_L001-L004_merged	3	0.4156	0.0139	1.0000
PsFluSBW25_chrm01_circ_6108733	Pf_BP_3_D644_S164_L001-L004_merged	3	0.3089	0.0114	1.0000
PsFluSBW25_chrm01_circ_6108733	Pf_BP_3_D700_S94_L001-L004_merged	3	0.6171	0.0117	1.0000
PsFluSBW25_chrm01_circ_6108733	Pf_BP_3_D728_S130_L001-L004_merged	3	0.2336	0.0099	1.0000
PsFluSBW25_chrm01_circ_6108733	Pf_BP_3_D756_S166_L001-L004_merged	3	0.4510	0.0120	1.0000
PsFluSBW25_chrm01_circ_6108733	Pf_BP_3_D784_S107_L001-L004_merged	3	0.4865	0.0116	1.0000
PsFluSBW25_chrm01_circ_6108733	Pf_BP_3_D84_S13_L001-L004_merged	3	0.0000	0.0000	1.0000
PsFluSBW25_chrm01_circ_6280393	PS_Pf_r03_2017_01_09_L001	3	0.3228	0.0049	1.0000
PsFluSBW25_chrm01_circ_6280393	Pf_BP_3_D112_S46_L001-L004_merged	3	0.0000	0.0000	1.0000
PsFluSBW25_chrm01_circ_6280393	Pf_BP_3_D140_S79_L001-L004_merged	3	0.0000	0.0000	1.0000
PsFluSBW25_chrm01_circ_6280393	Pf_BP_3_D168_S25_L001-L004_merged	3	0.0000	0.0000	1.0000
PsFluSBW25_chrm01_circ_6280393	Pf_BP_3_D196_S58_L001-L004_merged	3	0.0000	0.0001	1.0000
PsFluSBW25_chrm01_circ_6280393	Pf_BP_3_D224_S4_L001-L004_merged	3	0.0000	0.0000	1.0000
PsFluSBW25_chrm01_circ_6280393	Pf_BP_3_D252_S37_L001-L004_merged	3	0.0000	0.0000	1.0000
PsFluSBW25_chrm01_circ_6280393	Pf_BP_3_D279_S70_L001-L004_merged	3	0.0000	0.0000	1.0000
PsFluSBW25_chrm01_circ_6280393	Pf_BP_3_D28_S23_L001-L004_merged	3	0.0000	0.0000	1.0000
PsFluSBW25_chrm01_circ_6280393	Pf_BP_3_D310_S16_L001-L004_merged	3	0.0039	0.0049	1.0000
PsFluSBW25_chrm01_circ_6280393	Pf_BP_3_D336_S49_L001-L004_merged	3	0.0000	0.0001	1.0000
PsFluSBW25_chrm01_circ_6280393	Pf_BP_3_D364_S82_L001-L004_merged	3	0.0000	0.0005	1.0000
PsFluSBW25_chrm01_circ_6280393	Pf_BP_3_D392_S28_L001-L004_merged	3	0.0000	0.0000	1.0000
PsFluSBW25_chrm01_circ_6280393	Pf_BP_3_D420_S61_L001-L004_merged	3	0.0202	0.0008	1.0000
PsFluSBW25_chrm01_circ_6280393	Pf_BP_3_D448_S7_L001-L004_merged	3	0.0902	0.0055	1.0000
PsFluSBW25_chrm01_circ_6280393	Pf_BP_3_D476_S73_L001-L004_merged	3	0.3293	0.0113	1.0000
PsFluSBW25_chrm01_circ_6280393	Pf_BP_3_D504_S173_L001-L004_merged	3	0.3425	0.0100	1.0000
PsFluSBW25_chrm01_circ_6280393	Pf_BP_3_D532_S138_L001-L004_merged	3	0.3391	0.0115	1.0000
PsFluSBW25_chrm01_circ_6280393	Pf_BP_3_D56_S67_L001-L004_merged	3	0.0000	0.0000	1.0000
PsFluSBW25_chrm01_circ_6280393	Pf_BP_3_D588_S174_L001-L004_merged	3	0.3137	0.0117	1.0000
PsFluSBW25_chrm01_circ_6280393	Pf_BP_3_D616_S139_L001-L004_merged	3	0.3764	0.0123	1.0000
PsFluSBW25_chrm01_circ_6280393	Pf_BP_3_D623_S116_L001-L004_merged	3	0.4156	0.0139	1.0000
PsFluSBW25_chrm01_circ_6280393	Pf_BP_3_D644_S164_L001-L004_merged	3	0.3089	0.0114	1.0000
PsFluSBW25_chrm01_circ_6280393	Pf_BP_3_D700_S94_L001-L004_merged	3	0.6171	0.0117	1.0000
PsFluSBW25_chrm01_circ_6280393	Pf_BP_3_D728_S130_L001-L004_merged	3	0.2336	0.0099	1.0000
PsFluSBW25_chrm01_circ_6280393	Pf_BP_3_D756_S166_L001-L004_merged	3	0.4510	0.0120	1.0000
PsFluSBW25_chrm01_circ_6280393	Pf_BP_3_D784_S107_L001-L004_merged	3	0.4865	0.0116	1.0000
PsFluSBW25_chrm01_circ_6280393	Pf_BP_3_D84_S13_L001-L004_merged	3	0.0000	0.0000	1.0000
PsFluSBW25_chrm01_circ_650867	PS_Pf_r03_2017_01_09_L001	3	0.3228	0.0049	1.0000
PsFluSBW25_chrm01_circ_650867	Pf_BP_3_D112_S46_L001-L004_merged	3	0.0000	0.0000	1.0000
PsFluSBW25_chrm01_circ_650867	Pf_BP_3_D140_S79_L001-L004_merged	3	0.0000	0.0000	1.0000
PsFluSBW25_chrm01_circ_650867	Pf_BP_3_D168_S25_L001-L004_merged	3	0.0000	0.0000	1.0000
PsFluSBW25_chrm01_circ_650867	Pf_BP_3_D196_S58_L001-L004_merged	3	0.0000	0.0001	1.0000
PsFluSBW25_chrm01_circ_650867	Pf_BP_3_D224_S4_L001-L004_merged	3	0.0000	0.0000	1.0000
PsFluSBW25_chrm01_circ_650867	Pf_BP_3_D252_S37_L001-L004_merged	3	0.0000	0.0000	1.0000
PsFluSBW25_chrm01_circ_650867	Pf_BP_3_D279_S70_L001-L004_merged	3	0.0000	0.0000	1.0000
PsFluSBW25_chrm01_circ_650867	Pf_BP_3_D28_S23_L001-L004_merged	3	0.0000	0.0000	1.0000
PsFluSBW25_chrm01_circ_650867	Pf_BP_3_D310_S16_L001-L004_merged	3	0.0039	0.0049	1.0000
PsFluSBW25_chrm01_circ_650867	Pf_BP_3_D336_S49_L001-L004_merged	3	0.0000	0.0001	1.0000
PsFluSBW25_chrm01_circ_650867	Pf_BP_3_D364_S82_L001-L004_merged	3	0.0000	0.0005	1.0000
PsFluSBW25_chrm01_circ_650867	Pf_BP_3_D392_S28_L001-L004_merged	3	0.0000	0.0000	1.0000
PsFluSBW25_chrm01_circ_650867	Pf_BP_3_D420_S61_L001-L004_merged	3	0.0202	0.0008	1.0000
PsFluSBW25_chrm01_circ_650867	Pf_BP_3_D448_S7_L001-L004_merged	3	0.0902	0.0055	1.0000
PsFluSBW25_chrm01_circ_650867	Pf_BP_3_D476_S73_L001-L004_merged	3	0.3293	0.0113	1.0000
PsFluSBW25_chrm01_circ_650867	Pf_BP_3_D504_S173_L001-L004_merged	3	0.3425	0.0100	1.0000
PsFluSBW25_chrm01_circ_650867	Pf_BP_3_D532_S138_L001-L004_merged	3	0.3391	0.0115	1.0000
PsFluSBW25_chrm01_circ_650867	Pf_BP_3_D56_S67_L001-L004_merged	3	0.0000	0.0000	1.0000
PsFluSBW25_chrm01_circ_650867	Pf_BP_3_D588_S174_L001-L004_merged	3	0.3137	0.0117	1.0000
PsFluSBW25_chrm01_circ_650867	Pf_BP_3_D616_S139_L001-L004_merged	3	0.3764	0.0123	1.0000
PsFluSBW25_chrm01_circ_650867	Pf_BP_3_D623_S116_L001-L004_merged	3	0.4156	0.0139	1.0000
PsFluSBW25_chrm01_circ_650867	Pf_BP_3_D644_S164_L001-L004_merged	3	0.3089	0.0114	1.0000
PsFluSBW25_chrm01_circ_650867	Pf_BP_3_D700_S94_L001-L004_merged	3	0.6171	0.0117	1.0000
PsFluSBW25_chrm01_circ_650867	Pf_BP_3_D728_S130_L001-L004_merged	3	0.2336	0.0099	1.0000
PsFluSBW25_chrm01_circ_650867	Pf_BP_3_D756_S166_L001-L004_merged	3	0.4510	0.0120	1.0000
PsFluSBW25_chrm01_circ_650867	Pf_BP_3_D784_S107_L001-L004_merged	3	0.4865	0.0116	1.0000
PsFluSBW25_chrm01_circ_650867	Pf_BP_3_D84_S13_L001-L004_merged	3	0.0000	0.0000	1.0000
PsFluSBW25_chrm01_circ_721709	PS_Pf_r03_2017_01_09_L001	3	0.3228	0.0049	1.0000
PsFluSBW25_chrm01_circ_721709	Pf_BP_3_D112_S46_L001-L004_merged	3	0.0000	0.0000	1.0000
PsFluSBW25_chrm01_circ_721709	Pf_BP_3_D140_S79_L001-L004_merged	3	0.0000	0.0000	1.0000
PsFluSBW25_chrm01_circ_721709	Pf_BP_3_D168_S25_L001-L004_merged	3	0.0000	0.0000	1.0000
PsFluSBW25_chrm01_circ_721709	Pf_BP_3_D196_S58_L001-L004_merged	3	0.0000	0.0001	1.0000
PsFluSBW25_chrm01_circ_721709	Pf_BP_3_D224_S4_L001-L004_merged	3	0.0000	0.0000	1.0000
PsFluSBW25_chrm01_circ_721709	Pf_BP_3_D252_S37_L001-L004_merged	3	0.0000	0.0000	1.0000
PsFluSBW25_chrm01_circ_721709	Pf_BP_3_D279_S70_L001-L004_merged	3	0.0000	0.0000	1.0000
PsFluSBW25_chrm01_circ_721709	Pf_BP_3_D28_S23_L001-L004_merged	3	0.0000	0.0000	1.0000
PsFluSBW25_chrm01_circ_721709	Pf_BP_3_D310_S16_L001-L004_merged	3	0.0039	0.0049	1.0000
PsFluSBW25_chrm01_circ_721709	Pf_BP_3_D336_S49_L001-L004_merged	3	0.0000	0.0001	1.0000
PsFluSBW25_chrm01_circ_721709	Pf_BP_3_D364_S82_L001-L004_merged	3	0.0000	0.0005	1.0000
PsFluSBW25_chrm01_circ_721709	Pf_BP_3_D392_S28_L001-L004_merged	3	0.0000	0.0000	1.0000
PsFluSBW25_chrm01_circ_721709	Pf_BP_3_D420_S61_L001-L004_merged	3	0.0202	0.0008	1.0000
PsFluSBW25_chrm01_circ_721709	Pf_BP_3_D448_S7_L001-L004_merged	3	0.0902	0.0055	1.0000
PsFluSBW25_chrm01_circ_721709	Pf_BP_3_D476_S73_L001-L004_merged	3	0.3293	0.0113	1.0000
PsFluSBW25_chrm01_circ_721709	Pf_BP_3_D504_S173_L001-L004_merged	3	0.3425	0.0100	1.0000
PsFluSBW25_chrm01_circ_721709	Pf_BP_3_D532_S138_L001-L004_merged	3	0.3391	0.0115	1.0000
PsFluSBW25_chrm01_circ_721709	Pf_BP_3_D56_S67_L001-L004_merged	3	0.0000	0.0000	1.0000
PsFluSBW25_chrm01_circ_721709	Pf_BP_3_D588_S174_L001-L004_merged	3	0.3137	0.0117	1.0000
PsFluSBW25_chrm01_circ_721709	Pf_BP_3_D616_S139_L001-L004_merged	3	0.3764	0.0123	1.0000
PsFluSBW25_chrm01_circ_721709	Pf_BP_3_D623_S116_L001-L004_merged	3	0.4156	0.0139	1.0000
PsFluSBW25_chrm01_circ_721709	Pf_BP_3_D644_S164_L001-L004_merged	3	0.3089	0.0114	1.0000
PsFluSBW25_chrm01_circ_721709	Pf_BP_3_D700_S94_L001-L004_merged	3	0.6171	0.0117	1.0000
PsFluSBW25_chrm01_circ_721709	Pf_BP_3_D728_S130_L001-L004_merged	3	0.2336	0.0099	1.0000
PsFluSBW25_chrm01_circ_721709	Pf_BP_3_D756_S166_L001-L004_merged	3	0.4510	0.0120	1.0000
PsFluSBW25_chrm01_circ_721709	Pf_BP_3_D784_S107_L001-L004_merged	3	0.4865	0.0116	1.0000
PsFluSBW25_chrm01_circ_721709	Pf_BP_3_D84_S13_L001-L004_merged	3	0.0000	0.0000	1.0000
PsFluSBW25_chrm01_circ_825120	PS_Pf_r03_2017_01_09_L001	3	0.3228	0.0049	1.0000
PsFluSBW25_chrm01_circ_825120	Pf_BP_3_D112_S46_L001-L004_merged	3	0.0000	0.0000	1.0000
PsFluSBW25_chrm01_circ_825120	Pf_BP_3_D140_S79_L001-L004_merged	3	0.0000	0.0000	1.0000
PsFluSBW25_chrm01_circ_825120	Pf_BP_3_D168_S25_L001-L004_merged	3	0.0000	0.0000	1.0000
PsFluSBW25_chrm01_circ_825120	Pf_BP_3_D196_S58_L001-L004_merged	3	0.0000	0.0001	1.0000
PsFluSBW25_chrm01_circ_825120	Pf_BP_3_D224_S4_L001-L004_merged	3	0.0000	0.0000	1.0000
PsFluSBW25_chrm01_circ_825120	Pf_BP_3_D252_S37_L001-L004_merged	3	0.0000	0.0000	1.0000
PsFluSBW25_chrm01_circ_825120	Pf_BP_3_D279_S70_L001-L004_merged	3	0.0000	0.0000	1.0000
PsFluSBW25_chrm01_circ_825120	Pf_BP_3_D28_S23_L001-L004_merged	3	0.0000	0.0000	1.0000
PsFluSBW25_chrm01_circ_825120	Pf_BP_3_D310_S16_L001-L004_merged	3	0.0039	0.0049	1.0000
PsFluSBW25_chrm01_circ_825120	Pf_BP_3_D336_S49_L001-L004_merged	3	0.0000	0.0001	1.0000
PsFluSBW25_chrm01_circ_825120	Pf_BP_3_D364_S82_L001-L004_merged	3	0.0000	0.0005	1.0000
PsFluSBW25_chrm01_circ_825120	Pf_BP_3_D392_S28_L001-L004_merged	3	0.0000	0.0000	1.0000
PsFluSBW25_chrm01_circ_825120	Pf_BP_3_D420_S61_L001-L004_merged	3	0.0202	0.0008	1.0000
PsFluSBW25_chrm01_circ_825120	Pf_BP_3_D448_S7_L001-L004_merged	3	0.0902	0.0055	1.0000
PsFluSBW25_chrm01_circ_825120	Pf_BP_3_D476_S73_L001-L004_merged	3	0.3293	0.0113	1.0000
PsFluSBW25_chrm01_circ_825120	Pf_BP_3_D504_S173_L001-L004_merged	3	0.3425	0.0100	1.0000
PsFluSBW25_chrm01_circ_825120	Pf_BP_3_D532_S138_L001-L004_merged	3	0.3391	0.0115	1.0000
PsFluSBW25_chrm01_circ_825120	Pf_BP_3_D56_S67_L001-L004_merged	3	0.0000	0.0000	1.0000
PsFluSBW25_chrm01_circ_825120	Pf_BP_3_D588_S174_L001-L004_merged	3	0.3137	0.0117	1.0000
PsFluSBW25_chrm01_circ_825120	Pf_BP_3_D616_S139_L001-L004_merged	3	0.3764	0.0123	1.0000
PsFluSBW25_chrm01_circ_825120	Pf_BP_3_D623_S116_L001-L004_merged	3	0.4156	0.0139	1.0000
PsFluSBW25_chrm01_circ_825120	Pf_BP_3_D644_S164_L001-L004_merged	3	0.3089	0.0114	1.0000
PsFluSBW25_chrm01_circ_825120	Pf_BP_3_D700_S94_L001-L004_merged	3	0.6171	0.0117	1.0000
PsFluSBW25_chrm01_circ_825120	Pf_BP_3_D728_S130_L001-L004_merged	3	0.2336	0.0099	1.0000
PsFluSBW25_chrm01_circ_825120	Pf_BP_3_D756_S166_L001-L004_merged	3	0.4510	0.0120	1.0000
PsFluSBW25_chrm01_circ_825120	Pf_BP_3_D784_S107_L001-L004_merged	3	0.4865	0.0116	1.0000
PsFluSBW25_chrm01_circ_825120	Pf_BP_3_D84_S13_L001-L004_merged	3	0.0000	0.0000	1.0000
PsFluSBW25_chrm01_circ_839909	PS_Pf_r03_2017_01_09_L001	3	0.3228	0.0049	1.0000
PsFluSBW25_chrm01_circ_839909	Pf_BP_3_D112_S46_L001-L004_merged	3	0.0000	0.0000	1.0000
PsFluSBW25_chrm01_circ_839909	Pf_BP_3_D140_S79_L001-L004_merged	3	0.0000	0.0000	1.0000
PsFluSBW25_chrm01_circ_839909	Pf_BP_3_D168_S25_L001-L004_merged	3	0.0000	0.0000	1.0000
PsFluSBW25_chrm01_circ_839909	Pf_BP_3_D196_S58_L001-L004_merged	3	0.0000	0.0001	1.0000
PsFluSBW25_chrm01_circ_839909	Pf_BP_3_D224_S4_L001-L004_merged	3	0.0000	0.0000	1.0000
PsFluSBW25_chrm01_circ_839909	Pf_BP_3_D252_S37_L001-L004_merged	3	0.0000	0.0000	1.0000
PsFluSBW25_chrm01_circ_839909	Pf_BP_3_D279_S70_L001-L004_merged	3	0.0000	0.0000	1.0000
PsFluSBW25_chrm01_circ_839909	Pf_BP_3_D28_S23_L001-L004_merged	3	0.0000	0.0000	1.0000
PsFluSBW25_chrm01_circ_839909	Pf_BP_3_D310_S16_L001-L004_merged	3	0.0039	0.0049	1.0000
PsFluSBW25_chrm01_circ_839909	Pf_BP_3_D336_S49_L001-L004_merged	3	0.0000	0.0001	1.0000
PsFluSBW25_chrm01_circ_839909	Pf_BP_3_D364_S82_L001-L004_merged	3	0.0000	0.0005	1.0000
PsFluSBW25_chrm01_circ_839909	Pf_BP_3_D392_S28_L001-L004_merged	3	0.0000	0.0000	1.0000
PsFluSBW25_chrm01_circ_839909	Pf_BP_3_D420_S61_L001-L004_merged	3	0.0202	0.0008	1.0000
PsFluSBW25_chrm01_circ_839909	Pf_BP_3_D448_S7_L001-L004_merged	3	0.0902	0.0055	1.0000
PsFluSBW25_chrm01_circ_839909	Pf_BP_3_D476_S73_L001-L004_merged	3	0.3293	0.0113	1.0000
PsFluSBW25_chrm01_circ_839909	Pf_BP_3_D504_S173_L001-L004_merged	3	0.3425	0.0100	1.0000
PsFluSBW25_chrm01_circ_839909	Pf_BP_3_D532_S138_L001-L004_merged	3	0.3391	0.0115	1.0000
PsFluSBW25_chrm01_circ_839909	Pf_BP_3_D56_S67_L001-L004_merged	3	0.0000	0.0000	1.0000
PsFluSBW25_chrm01_circ_839909	Pf_BP_3_D588_S174_L001-L004_merged	3	0.3137	0.0117	1.0000
PsFluSBW25_chrm01_circ_839909	Pf_BP_3_D616_S139_L001-L004_merged	3	0.3764	0.0123	1.0000
PsFluSBW25_chrm01_circ_839909	Pf_BP_3_D623_S116_L001-L004_merged	3	0.4156	0.0139	1.0000
PsFluSBW25_chrm01_circ_839909	Pf_BP_3_D644_S164_L001-L004_merged	3	0.3089	0.0114	1.0000
PsFluSBW25_chrm01_circ_839909	Pf_BP_3_D700_S94_L001-L004_merged	3	0.6171	0.0117	1.0000
PsFluSBW25_chrm01_circ_839909	Pf_BP_3_D728_S130_L001-L004_merged	3	0.2336	0.0099	1.0000
PsFluSBW25_chrm01_circ_839909	Pf_BP_3_D756_S166_L001-L004_merged	3	0.4510	0.0120	1.0000
PsFluSBW25_chrm01_circ_839909	Pf_BP_3_D784_S107_L001-L004_merged	3	0.4865	0.0116	1.0000
PsFluSBW25_chrm01_circ_839909	Pf_BP_3_D84_S13_L001-L004_merged	3	0.0000	0.0000	1.0000
PsFluSBW25_chrm01_circ_866943	PS_Pf_r03_2017_01_09_L001	3	0.3228	0.0049	1.0000
PsFluSBW25_chrm01_circ_866943	Pf_BP_3_D112_S46_L001-L004_merged	3	0.0000	0.0000	1.0000
PsFluSBW25_chrm01_circ_866943	Pf_BP_3_D140_S79_L001-L004_merged	3	0.0000	0.0000	1.0000
PsFluSBW25_chrm01_circ_866943	Pf_BP_3_D168_S25_L001-L004_merged	3	0.0000	0.0000	1.0000
PsFluSBW25_chrm01_circ_866943	Pf_BP_3_D196_S58_L001-L004_merged	3	0.0000	0.0001	1.0000
PsFluSBW25_chrm01_circ_866943	Pf_BP_3_D224_S4_L001-L004_merged	3	0.0000	0.0000	1.0000
PsFluSBW25_chrm01_circ_866943	Pf_BP_3_D252_S37_L001-L004_merged	3	0.0000	0.0000	1.0000
PsFluSBW25_chrm01_circ_866943	Pf_BP_3_D279_S70_L001-L004_merged	3	0.0000	0.0000	1.0000
PsFluSBW25_chrm01_circ_866943	Pf_BP_3_D28_S23_L001-L004_merged	3	0.0000	0.0000	1.0000
PsFluSBW25_chrm01_circ_866943	Pf_BP_3_D310_S16_L001-L004_merged	3	0.0039	0.0049	1.0000
PsFluSBW25_chrm01_circ_866943	Pf_BP_3_D336_S49_L001-L004_merged	3	0.0000	0.0001	1.0000
PsFluSBW25_chrm01_circ_866943	Pf_BP_3_D364_S82_L001-L004_merged	3	0.0000	0.0005	1.0000
PsFluSBW25_chrm01_circ_866943	Pf_BP_3_D392_S28_L001-L004_merged	3	0.0000	0.0000	1.0000
PsFluSBW25_chrm01_circ_866943	Pf_BP_3_D420_S61_L001-L004_merged	3	0.0202	0.0008	1.0000
PsFluSBW25_chrm01_circ_866943	Pf_BP_3_D448_S7_L001-L004_merged	3	0.0902	0.0055	1.0000
PsFluSBW25_chrm01_circ_866943	Pf_BP_3_D476_S73_L001-L004_merged	3	0.3293	0.0113	1.0000
PsFluSBW25_chrm01_circ_866943	Pf_BP_3_D504_S173_L001-L004_merged	3	0.3425	0.0100	1.0000
PsFluSBW25_chrm01_circ_866943	Pf_BP_3_D532_S138_L001-L004_merged	3	0.3391	0.0115	1.0000
PsFluSBW25_chrm01_circ_866943	Pf_BP_3_D56_S67_L001-L004_merged	3	0.0000	0.0000	1.0000
PsFluSBW25_chrm01_circ_866943	Pf_BP_3_D588_S174_L001-L004_merged	3	0.3137	0.0117	1.0000
PsFluSBW25_chrm01_circ_866943	Pf_BP_3_D616_S139_L001-L004_merged	3	0.3764	0.0123	1.0000
PsFluSBW25_chrm01_circ_866943	Pf_BP_3_D623_S116_L001-L004_merged	3	0.4156	0.0139	1.0000
PsFluSBW25_chrm01_circ_866943	Pf_BP_3_D644_S164_L001-L004_merged	3	0.3089	0.0114	1.0000
PsFluSBW25_chrm01_circ_866943	Pf_BP_3_D700_S94_L001-L004_merged	3	0.6171	0.0117	1.0000
PsFluSBW25_chrm01_circ_866943	Pf_BP_3_D728_S130_L001-L004_merged	3	0.2336	0.0099	1.0000
PsFluSBW25_chrm01_circ_866943	Pf_BP_3_D756_S166_L001-L004_merged	3	0.4510	0.0120	1.0000
PsFluSBW25_chrm01_circ_866943	Pf_BP_3_D784_S107_L001-L004_merged	3	0.4865	0.0116	1.0000
PsFluSBW25_chrm01_circ_866943	Pf_BP_3_D84_S13_L001-L004_merged	3	0.0000	0.0000	1.0000
PsFluSBW25_chrm01_circ_963620	PS_Pf_r03_2017_01_09_L001	3	0.3228	0.0049	1.0000
PsFluSBW25_chrm01_circ_963620	Pf_BP_3_D112_S46_L001-L004_merged	3	0.0000	0.0000	1.0000
PsFluSBW25_chrm01_circ_963620	Pf_BP_3_D140_S79_L001-L004_merged	3	0.0000	0.0000	1.0000
PsFluSBW25_chrm01_circ_963620	Pf_BP_3_D168_S25_L001-L004_merged	3	0.0000	0.0000	1.0000
PsFluSBW25_chrm01_circ_963620	Pf_BP_3_D196_S58_L001-L004_merged	3	0.0000	0.0001	1.0000
PsFluSBW25_chrm01_circ_963620	Pf_BP_3_D224_S4_L001-L004_merged	3	0.0000	0.0000	1.0000
PsFluSBW25_chrm01_circ_963620	Pf_BP_3_D252_S37_L001-L004_merged	3	0.0000	0.0000	1.0000
PsFluSBW25_chrm01_circ_963620	Pf_BP_3_D279_S70_L001-L004_merged	3	0.0000	0.0000	1.0000
PsFluSBW25_chrm01_circ_963620	Pf_BP_3_D28_S23_L001-L004_merged	3	0.0000	0.0000	1.0000
PsFluSBW25_chrm01_circ_963620	Pf_BP_3_D310_S16_L001-L004_merged	3	0.0039	0.0049	1.0000
PsFluSBW25_chrm01_circ_963620	Pf_BP_3_D336_S49_L001-L004_merged	3	0.0000	0.0001	1.0000
PsFluSBW25_chrm01_circ_963620	Pf_BP_3_D364_S82_L001-L004_merged	3	0.0000	0.0005	1.0000
PsFluSBW25_chrm01_circ_963620	Pf_BP_3_D392_S28_L001-L004_merged	3	0.0000	0.0000	1.0000
PsFluSBW25_chrm01_circ_963620	Pf_BP_3_D420_S61_L001-L004_merged	3	0.0202	0.0008	1.0000
PsFluSBW25_chrm01_circ_963620	Pf_BP_3_D448_S7_L001-L004_merged	3	0.0902	0.0055	1.0000
PsFluSBW25_chrm01_circ_963620	Pf_BP_3_D476_S73_L001-L004_merged	3	0.3293	0.0113	1.0000
PsFluSBW25_chrm01_circ_963620	Pf_BP_3_D504_S173_L001-L004_merged	3	0.3425	0.0100	1.0000
PsFluSBW25_chrm01_circ_963620	Pf_BP_3_D532_S138_L001-L004_merged	3	0.3391	0.0115	1.0000
PsFluSBW25_chrm01_circ_963620	Pf_BP_3_D56_S67_L001-L004_merged	3	0.0000	0.0000	1.0000
PsFluSBW25_chrm01_circ_963620	Pf_BP_3_D588_S174_L001-L004_merged	3	0.3137	0.0117	1.0000
PsFluSBW25_chrm01_circ_963620	Pf_BP_3_D616_S139_L001-L004_merged	3	0.3764	0.0123	1.0000
PsFluSBW25_chrm01_circ_963620	Pf_BP_3_D623_S116_L001-L004_merged	3	0.4156	0.0139	1.0000
PsFluSBW25_chrm01_circ_963620	Pf_BP_3_D644_S164_L001-L004_merged	3	0.3089	0.0114	1.0000
PsFluSBW25_chrm01_circ_963620	Pf_BP_3_D700_S94_L001-L004_merged	3	0.6171	0.0117	1.0000
PsFluSBW25_chrm01_circ_963620	Pf_BP_3_D728_S130_L001-L004_merged	3	0.2336	0.0099	1.0000
PsFluSBW25_chrm01_circ_963620	Pf_BP_3_D756_S166_L001-L004_merged	3	0.4510	0.0120	1.0000
PsFluSBW25_chrm01_circ_963620	Pf_BP_3_D784_S107_L001-L004_merged	3	0.4865	0.0116	1.0000
PsFluSBW25_chrm01_circ_963620	Pf_BP_3_D84_S13_L001-L004_merged	3	0.0000	0.0000	1.0000
PsFluSBW25_chrm01_circ_1168746	PS_Pf_r03_2017_01_09_L001	4	0.0001	0.0010	1.0000
PsFluSBW25_chrm01_circ_1168746	Pf_BP_3_D112_S46_L001-L004_merged	4	0.1299	0.0254	1.0000
PsFluSBW25_chrm01_circ_1168746	Pf_BP_3_D140_S79_L001-L004_merged	4	0.0834	0.0208	1.0000
PsFluSBW25_chrm01_circ_1168746	Pf_BP_3_D168_S25_L001-L004_merged	4	0.0309	0.0140	1.0000
PsFluSBW25_chrm01_circ_1168746	Pf_BP_3_D196_S58_L001-L004_merged	4	0.1593	0.0366	1.0000
PsFluSBW25_chrm01_circ_1168746	Pf_BP_3_D224_S4_L001-L004_merged	4	0.2551	0.0325	1.0000
PsFluSBW25_chrm01_circ_1168746	Pf_BP_3_D252_S37_L001-L004_merged	4	0.2565	0.0364	1.0000
PsFluSBW25_chrm01_circ_1168746	Pf_BP_3_D279_S70_L001-L004_merged	4	0.2376	0.0351	1.0000
PsFluSBW25_chrm01_circ_1168746	Pf_BP_3_D28_S23_L001-L004_merged	4	0.0019	0.0048	1.0000
PsFluSBW25_chrm01_circ_1168746	Pf_BP_3_D310_S16_L001-L004_merged	4	0.2961	0.0348	1.0000
PsFluSBW25_chrm01_circ_1168746	Pf_BP_3_D336_S49_L001-L004_merged	4	0.3640	0.0406	1.0000
PsFluSBW25_chrm01_circ_1168746	Pf_BP_3_D364_S82_L001-L004_merged	4	0.3279	0.0410	1.0000
PsFluSBW25_chrm01_circ_1168746	Pf_BP_3_D392_S28_L001-L004_merged	4	0.1994	0.0258	1.0000
PsFluSBW25_chrm01_circ_1168746	Pf_BP_3_D420_S61_L001-L004_merged	4	0.2574	0.0294	1.0000
PsFluSBW25_chrm01_circ_1168746	Pf_BP_3_D448_S7_L001-L004_merged	4	0.2382	0.0286	1.0000
PsFluSBW25_chrm01_circ_1168746	Pf_BP_3_D476_S73_L001-L004_merged	4	0.1342	0.0267	1.0000
PsFluSBW25_chrm01_circ_1168746	Pf_BP_3_D504_S173_L001-L004_merged	4	0.0491	0.0154	1.0000
PsFluSBW25_chrm01_circ_1168746	Pf_BP_3_D532_S138_L001-L004_merged	4	0.0335	0.0152	1.0000
PsFluSBW25_chrm01_circ_1168746	Pf_BP_3_D56_S67_L001-L004_merged	4	0.0164	0.0121	1.0000
PsFluSBW25_chrm01_circ_1168746	Pf_BP_3_D588_S174_L001-L004_merged	4	0.0125	0.0097	1.0000
PsFluSBW25_chrm01_circ_1168746	Pf_BP_3_D616_S139_L001-L004_merged	4	0.0031	0.0064	1.0000
PsFluSBW25_chrm01_circ_1168746	Pf_BP_3_D623_S116_L001-L004_merged	4	0.0163	0.0120	1.0000
PsFluSBW25_chrm01_circ_1168746	Pf_BP_3_D644_S164_L001-L004_merged	4	0.0031	0.0064	1.0000
PsFluSBW25_chrm01_circ_1168746	Pf_BP_3_D700_S94_L001-L004_merged	4	0.0019	0.0047	1.0000
PsFluSBW25_chrm01_circ_1168746	Pf_BP_3_D728_S130_L001-L004_merged	4	0.0030	0.0062	1.0000
PsFluSBW25_chrm01_circ_1168746	Pf_BP_3_D756_S166_L001-L004_merged	4	0.0029	0.0062	1.0000
PsFluSBW25_chrm01_circ_1168746	Pf_BP_3_D784_S107_L001-L004_merged	4	0.0027	0.0058	1.0000
PsFluSBW25_chrm01_circ_1168746	Pf_BP_3_D84_S13_L001-L004_merged	4	0.0961	0.0211	1.0000
PsFluSBW25_chrm01_circ_1278375	PS_Pf_r03_2017_01_09_L001	4	0.0001	0.0010	1.0000
PsFluSBW25_chrm01_circ_1278375	Pf_BP_3_D112_S46_L001-L004_merged	4	0.1299	0.0254	1.0000
PsFluSBW25_chrm01_circ_1278375	Pf_BP_3_D140_S79_L001-L004_merged	4	0.0834	0.0208	1.0000
PsFluSBW25_chrm01_circ_1278375	Pf_BP_3_D168_S25_L001-L004_merged	4	0.0309	0.0140	1.0000
PsFluSBW25_chrm01_circ_1278375	Pf_BP_3_D196_S58_L001-L004_merged	4	0.1593	0.0366	1.0000
PsFluSBW25_chrm01_circ_1278375	Pf_BP_3_D224_S4_L001-L004_merged	4	0.2551	0.0325	1.0000
PsFluSBW25_chrm01_circ_1278375	Pf_BP_3_D252_S37_L001-L004_merged	4	0.2565	0.0364	1.0000
PsFluSBW25_chrm01_circ_1278375	Pf_BP_3_D279_S70_L001-L004_merged	4	0.2376	0.0351	1.0000
PsFluSBW25_chrm01_circ_1278375	Pf_BP_3_D28_S23_L001-L004_merged	4	0.0019	0.0048	1.0000
PsFluSBW25_chrm01_circ_1278375	Pf_BP_3_D310_S16_L001-L004_merged	4	0.2961	0.0348	1.0000
PsFluSBW25_chrm01_circ_1278375	Pf_BP_3_D336_S49_L001-L004_merged	4	0.3640	0.0406	1.0000
PsFluSBW25_chrm01_circ_1278375	Pf_BP_3_D364_S82_L001-L004_merged	4	0.3279	0.0410	1.0000
PsFluSBW25_chrm01_circ_1278375	Pf_BP_3_D392_S28_L001-L004_merged	4	0.1994	0.0258	1.0000
PsFluSBW25_chrm01_circ_1278375	Pf_BP_3_D420_S61_L001-L004_merged	4	0.2574	0.0294	1.0000
PsFluSBW25_chrm01_circ_1278375	Pf_BP_3_D448_S7_L001-L004_merged	4	0.2382	0.0286	1.0000
PsFluSBW25_chrm01_circ_1278375	Pf_BP_3_D476_S73_L001-L004_merged	4	0.1342	0.0267	1.0000
PsFluSBW25_chrm01_circ_1278375	Pf_BP_3_D504_S173_L001-L004_merged	4	0.0491	0.0154	1.0000
PsFluSBW25_chrm01_circ_1278375	Pf_BP_3_D532_S138_L001-L004_merged	4	0.0335	0.0152	1.0000
PsFluSBW25_chrm01_circ_1278375	Pf_BP_3_D56_S67_L001-L004_merged	4	0.0164	0.0121	1.0000
PsFluSBW25_chrm01_circ_1278375	Pf_BP_3_D588_S174_L001-L004_merged	4	0.0125	0.0097	1.0000
PsFluSBW25_chrm01_circ_1278375	Pf_BP_3_D616_S139_L001-L004_merged	4	0.0031	0.0064	1.0000
PsFluSBW25_chrm01_circ_1278375	Pf_BP_3_D623_S116_L001-L004_merged	4	0.0163	0.0120	1.0000
PsFluSBW25_chrm01_circ_1278375	Pf_BP_3_D644_S164_L001-L004_merged	4	0.0031	0.0064	1.0000
PsFluSBW25_chrm01_circ_1278375	Pf_BP_3_D700_S94_L001-L004_merged	4	0.0019	0.0047	1.0000
PsFluSBW25_chrm01_circ_1278375	Pf_BP_3_D728_S130_L001-L004_merged	4	0.0030	0.0062	1.0000
PsFluSBW25_chrm01_circ_1278375	Pf_BP_3_D756_S166_L001-L004_merged	4	0.0029	0.0062	1.0000
PsFluSBW25_chrm01_circ_1278375	Pf_BP_3_D784_S107_L001-L004_merged	4	0.0027	0.0058	1.0000
PsFluSBW25_chrm01_circ_1278375	Pf_BP_3_D84_S13_L001-L004_merged	4	0.0961	0.0211	1.0000
PsFluSBW25_chrm01_circ_1358965	PS_Pf_r03_2017_01_09_L001	4	0.0001	0.0010	1.0000
PsFluSBW25_chrm01_circ_1358965	Pf_BP_3_D112_S46_L001-L004_merged	4	0.1299	0.0254	1.0000
PsFluSBW25_chrm01_circ_1358965	Pf_BP_3_D140_S79_L001-L004_merged	4	0.0834	0.0208	1.0000
PsFluSBW25_chrm01_circ_1358965	Pf_BP_3_D168_S25_L001-L004_merged	4	0.0309	0.0140	1.0000
PsFluSBW25_chrm01_circ_1358965	Pf_BP_3_D196_S58_L001-L004_merged	4	0.1593	0.0366	1.0000
PsFluSBW25_chrm01_circ_1358965	Pf_BP_3_D224_S4_L001-L004_merged	4	0.2551	0.0325	1.0000
PsFluSBW25_chrm01_circ_1358965	Pf_BP_3_D252_S37_L001-L004_merged	4	0.2565	0.0364	1.0000
PsFluSBW25_chrm01_circ_1358965	Pf_BP_3_D279_S70_L001-L004_merged	4	0.2376	0.0351	1.0000
PsFluSBW25_chrm01_circ_1358965	Pf_BP_3_D28_S23_L001-L004_merged	4	0.0019	0.0048	1.0000
PsFluSBW25_chrm01_circ_1358965	Pf_BP_3_D310_S16_L001-L004_merged	4	0.2961	0.0348	1.0000
PsFluSBW25_chrm01_circ_1358965	Pf_BP_3_D336_S49_L001-L004_merged	4	0.3640	0.0406	1.0000
PsFluSBW25_chrm01_circ_1358965	Pf_BP_3_D364_S82_L001-L004_merged	4	0.3279	0.0410	1.0000
PsFluSBW25_chrm01_circ_1358965	Pf_BP_3_D392_S28_L001-L004_merged	4	0.1994	0.0258	1.0000
PsFluSBW25_chrm01_circ_1358965	Pf_BP_3_D420_S61_L001-L004_merged	4	0.2574	0.0294	1.0000
PsFluSBW25_chrm01_circ_1358965	Pf_BP_3_D448_S7_L001-L004_merged	4	0.2382	0.0286	1.0000
PsFluSBW25_chrm01_circ_1358965	Pf_BP_3_D476_S73_L001-L004_merged	4	0.1342	0.0267	1.0000
PsFluSBW25_chrm01_circ_1358965	Pf_BP_3_D504_S173_L001-L004_merged	4	0.0491	0.0154	1.0000
PsFluSBW25_chrm01_circ_1358965	Pf_BP_3_D532_S138_L001-L004_merged	4	0.0335	0.0152	1.0000
PsFluSBW25_chrm01_circ_1358965	Pf_BP_3_D56_S67_L001-L004_merged	4	0.0164	0.0121	1.0000
PsFluSBW25_chrm01_circ_1358965	Pf_BP_3_D588_S174_L001-L004_merged	4	0.0125	0.0097	1.0000
PsFluSBW25_chrm01_circ_1358965	Pf_BP_3_D616_S139_L001-L004_merged	4	0.0031	0.0064	1.0000
PsFluSBW25_chrm01_circ_1358965	Pf_BP_3_D623_S116_L001-L004_merged	4	0.0163	0.0120	1.0000
PsFluSBW25_chrm01_circ_1358965	Pf_BP_3_D644_S164_L001-L004_merged	4	0.0031	0.0064	1.0000
PsFluSBW25_chrm01_circ_1358965	Pf_BP_3_D700_S94_L001-L004_merged	4	0.0019	0.0047	1.0000
PsFluSBW25_chrm01_circ_1358965	Pf_BP_3_D728_S130_L001-L004_merged	4	0.0030	0.0062	1.0000
PsFluSBW25_chrm01_circ_1358965	Pf_BP_3_D756_S166_L001-L004_merged	4	0.0029	0.0062	1.0000
PsFluSBW25_chrm01_circ_1358965	Pf_BP_3_D784_S107_L001-L004_merged	4	0.0027	0.0058	1.0000
PsFluSBW25_chrm01_circ_1358965	Pf_BP_3_D84_S13_L001-L004_merged	4	0.0961	0.0211	1.0000
PsFluSBW25_chrm01_circ_2480284	PS_Pf_r03_2017_01_09_L001	4	0.0001	0.0010	1.0000
PsFluSBW25_chrm01_circ_2480284	Pf_BP_3_D112_S46_L001-L004_merged	4	0.1299	0.0254	1.0000
PsFluSBW25_chrm01_circ_2480284	Pf_BP_3_D140_S79_L001-L004_merged	4	0.0834	0.0208	1.0000
PsFluSBW25_chrm01_circ_2480284	Pf_BP_3_D168_S25_L001-L004_merged	4	0.0309	0.0140	1.0000
PsFluSBW25_chrm01_circ_2480284	Pf_BP_3_D196_S58_L001-L004_merged	4	0.1593	0.0366	1.0000
PsFluSBW25_chrm01_circ_2480284	Pf_BP_3_D224_S4_L001-L004_merged	4	0.2551	0.0325	1.0000
PsFluSBW25_chrm01_circ_2480284	Pf_BP_3_D252_S37_L001-L004_merged	4	0.2565	0.0364	1.0000
PsFluSBW25_chrm01_circ_2480284	Pf_BP_3_D279_S70_L001-L004_merged	4	0.2376	0.0351	1.0000
PsFluSBW25_chrm01_circ_2480284	Pf_BP_3_D28_S23_L001-L004_merged	4	0.0019	0.0048	1.0000
PsFluSBW25_chrm01_circ_2480284	Pf_BP_3_D310_S16_L001-L004_merged	4	0.2961	0.0348	1.0000
PsFluSBW25_chrm01_circ_2480284	Pf_BP_3_D336_S49_L001-L004_merged	4	0.3640	0.0406	1.0000
PsFluSBW25_chrm01_circ_2480284	Pf_BP_3_D364_S82_L001-L004_merged	4	0.3279	0.0410	1.0000
PsFluSBW25_chrm01_circ_2480284	Pf_BP_3_D392_S28_L001-L004_merged	4	0.1994	0.0258	1.0000
PsFluSBW25_chrm01_circ_2480284	Pf_BP_3_D420_S61_L001-L004_merged	4	0.2574	0.0294	1.0000
PsFluSBW25_chrm01_circ_2480284	Pf_BP_3_D448_S7_L001-L004_merged	4	0.2382	0.0286	1.0000
PsFluSBW25_chrm01_circ_2480284	Pf_BP_3_D476_S73_L001-L004_merged	4	0.1342	0.0267	1.0000
PsFluSBW25_chrm01_circ_2480284	Pf_BP_3_D504_S173_L001-L004_merged	4	0.0491	0.0154	1.0000
PsFluSBW25_chrm01_circ_2480284	Pf_BP_3_D532_S138_L001-L004_merged	4	0.0335	0.0152	1.0000
PsFluSBW25_chrm01_circ_2480284	Pf_BP_3_D56_S67_L001-L004_merged	4	0.0164	0.0121	1.0000
PsFluSBW25_chrm01_circ_2480284	Pf_BP_3_D588_S174_L001-L004_merged	4	0.0125	0.0097	1.0000
PsFluSBW25_chrm01_circ_2480284	Pf_BP_3_D616_S139_L001-L004_merged	4	0.0031	0.0064	1.0000
PsFluSBW25_chrm01_circ_2480284	Pf_BP_3_D623_S116_L001-L004_merged	4	0.0163	0.0120	1.0000
PsFluSBW25_chrm01_circ_2480284	Pf_BP_3_D644_S164_L001-L004_merged	4	0.0031	0.0064	1.0000
PsFluSBW25_chrm01_circ_2480284	Pf_BP_3_D700_S94_L001-L004_merged	4	0.0019	0.0047	1.0000
PsFluSBW25_chrm01_circ_2480284	Pf_BP_3_D728_S130_L001-L004_merged	4	0.0030	0.0062	1.0000
PsFluSBW25_chrm01_circ_2480284	Pf_BP_3_D756_S166_L001-L004_merged	4	0.0029	0.0062	1.0000
PsFluSBW25_chrm01_circ_2480284	Pf_BP_3_D784_S107_L001-L004_merged	4	0.0027	0.0058	1.0000
PsFluSBW25_chrm01_circ_2480284	Pf_BP_3_D84_S13_L001-L004_merged	4	0.0961	0.0211	1.0000
PsFluSBW25_chrm01_circ_4203626	PS_Pf_r03_2017_01_09_L001	4	0.0001	0.0010	1.0000
PsFluSBW25_chrm01_circ_4203626	Pf_BP_3_D112_S46_L001-L004_merged	4	0.1299	0.0254	1.0000
PsFluSBW25_chrm01_circ_4203626	Pf_BP_3_D140_S79_L001-L004_merged	4	0.0834	0.0208	1.0000
PsFluSBW25_chrm01_circ_4203626	Pf_BP_3_D168_S25_L001-L004_merged	4	0.0309	0.0140	1.0000
PsFluSBW25_chrm01_circ_4203626	Pf_BP_3_D196_S58_L001-L004_merged	4	0.1593	0.0366	1.0000
PsFluSBW25_chrm01_circ_4203626	Pf_BP_3_D224_S4_L001-L004_merged	4	0.2551	0.0325	1.0000
PsFluSBW25_chrm01_circ_4203626	Pf_BP_3_D252_S37_L001-L004_merged	4	0.2565	0.0364	1.0000
PsFluSBW25_chrm01_circ_4203626	Pf_BP_3_D279_S70_L001-L004_merged	4	0.2376	0.0351	1.0000
PsFluSBW25_chrm01_circ_4203626	Pf_BP_3_D28_S23_L001-L004_merged	4	0.0019	0.0048	1.0000
PsFluSBW25_chrm01_circ_4203626	Pf_BP_3_D310_S16_L001-L004_merged	4	0.2961	0.0348	1.0000
PsFluSBW25_chrm01_circ_4203626	Pf_BP_3_D336_S49_L001-L004_merged	4	0.3640	0.0406	1.0000
PsFluSBW25_chrm01_circ_4203626	Pf_BP_3_D364_S82_L001-L004_merged	4	0.3279	0.0410	1.0000
PsFluSBW25_chrm01_circ_4203626	Pf_BP_3_D392_S28_L001-L004_merged	4	0.1994	0.0258	1.0000
PsFluSBW25_chrm01_circ_4203626	Pf_BP_3_D420_S61_L001-L004_merged	4	0.2574	0.0294	1.0000
PsFluSBW25_chrm01_circ_4203626	Pf_BP_3_D448_S7_L001-L004_merged	4	0.2382	0.0286	1.0000
PsFluSBW25_chrm01_circ_4203626	Pf_BP_3_D476_S73_L001-L004_merged	4	0.1342	0.0267	1.0000
PsFluSBW25_chrm01_circ_4203626	Pf_BP_3_D504_S173_L001-L004_merged	4	0.0491	0.0154	1.0000
PsFluSBW25_chrm01_circ_4203626	Pf_BP_3_D532_S138_L001-L004_merged	4	0.0335	0.0152	1.0000
PsFluSBW25_chrm01_circ_4203626	Pf_BP_3_D56_S67_L001-L004_merged	4	0.0164	0.0121	1.0000
PsFluSBW25_chrm01_circ_4203626	Pf_BP_3_D588_S174_L001-L004_merged	4	0.0125	0.0097	1.0000
PsFluSBW25_chrm01_circ_4203626	Pf_BP_3_D616_S139_L001-L004_merged	4	0.0031	0.0064	1.0000
PsFluSBW25_chrm01_circ_4203626	Pf_BP_3_D623_S116_L001-L004_merged	4	0.0163	0.0120	1.0000
PsFluSBW25_chrm01_circ_4203626	Pf_BP_3_D644_S164_L001-L004_merged	4	0.0031	0.0064	1.0000
PsFluSBW25_chrm01_circ_4203626	Pf_BP_3_D700_S94_L001-L004_merged	4	0.0019	0.0047	1.0000
PsFluSBW25_chrm01_circ_4203626	Pf_BP_3_D728_S130_L001-L004_merged	4	0.0030	0.0062	1.0000
PsFluSBW25_chrm01_circ_4203626	Pf_BP_3_D756_S166_L001-L004_merged	4	0.0029	0.0062	1.0000
PsFluSBW25_chrm01_circ_4203626	Pf_BP_3_D784_S107_L001-L004_merged	4	0.0027	0.0058	1.0000
PsFluSBW25_chrm01_circ_4203626	Pf_BP_3_D84_S13_L001-L004_merged	4	0.0961	0.0211	1.0000
PsFluSBW25_chrm01_circ_1183695	PS_Pf_r03_2017_01_09_L001	5	0.0202	0.0002	1.0000
PsFluSBW25_chrm01_circ_1183695	Pf_BP_3_D112_S46_L001-L004_merged	5	0.0000	0.0002	1.0000
PsFluSBW25_chrm01_circ_1183695	Pf_BP_3_D140_S79_L001-L004_merged	5	0.0000	0.0001	1.0000
PsFluSBW25_chrm01_circ_1183695	Pf_BP_3_D168_S25_L001-L004_merged	5	0.0000	0.0002	1.0000
PsFluSBW25_chrm01_circ_1183695	Pf_BP_3_D196_S58_L001-L004_merged	5	0.0000	0.0003	1.0000
PsFluSBW25_chrm01_circ_1183695	Pf_BP_3_D224_S4_L001-L004_merged	5	0.0000	0.0001	1.0000
PsFluSBW25_chrm01_circ_1183695	Pf_BP_3_D252_S37_L001-L004_merged	5	0.0000	0.0001	1.0000
PsFluSBW25_chrm01_circ_1183695	Pf_BP_3_D279_S70_L001-L004_merged	5	0.0000	0.0001	1.0000
PsFluSBW25_chrm01_circ_1183695	Pf_BP_3_D28_S23_L001-L004_merged	5	0.0000	0.0001	1.0000
PsFluSBW25_chrm01_circ_1183695	Pf_BP_3_D310_S16_L001-L004_merged	5	0.0000	0.0000	1.0000
PsFluSBW25_chrm01_circ_1183695	Pf_BP_3_D336_S49_L001-L004_merged	5	0.0000	0.0001	1.0000
PsFluSBW25_chrm01_circ_1183695	Pf_BP_3_D364_S82_L001-L004_merged	5	0.0000	0.0006	1.0000
PsFluSBW25_chrm01_circ_1183695	Pf_BP_3_D392_S28_L001-L004_merged	5	0.0000	0.0000	1.0000
PsFluSBW25_chrm01_circ_1183695	Pf_BP_3_D420_S61_L001-L004_merged	5	0.0000	0.0000	1.0000
PsFluSBW25_chrm01_circ_1183695	Pf_BP_3_D448_S7_L001-L004_merged	5	0.0024	0.0043	1.0000
PsFluSBW25_chrm01_circ_1183695	Pf_BP_3_D476_S73_L001-L004_merged	5	0.0150	0.0052	1.0000
PsFluSBW25_chrm01_circ_1183695	Pf_BP_3_D504_S173_L001-L004_merged	5	0.0118	0.0038	1.0000
PsFluSBW25_chrm01_circ_1183695	Pf_BP_3_D532_S138_L001-L004_merged	5	0.0124	0.0043	1.0000
PsFluSBW25_chrm01_circ_1183695	Pf_BP_3_D56_S67_L001-L004_merged	5	0.0000	0.0006	1.0000
PsFluSBW25_chrm01_circ_1183695	Pf_BP_3_D588_S174_L001-L004_merged	5	0.0738	0.0092	1.0000
PsFluSBW25_chrm01_circ_1183695	Pf_BP_3_D616_S139_L001-L004_merged	5	0.1922	0.0143	1.0000
PsFluSBW25_chrm01_circ_1183695	Pf_BP_3_D623_S116_L001-L004_merged	5	0.2208	0.0160	1.0000
PsFluSBW25_chrm01_circ_1183695	Pf_BP_3_D644_S164_L001-L004_merged	5	0.1664	0.0128	1.0000
PsFluSBW25_chrm01_circ_1183695	Pf_BP_3_D700_S94_L001-L004_merged	5	0.4534	0.0166	1.0000
PsFluSBW25_chrm01_circ_1183695	Pf_BP_3_D728_S130_L001-L004_merged	5	0.1776	0.0125	1.0000
PsFluSBW25_chrm01_circ_1183695	Pf_BP_3_D756_S166_L001-L004_merged	5	0.3282	0.0160	1.0000
PsFluSBW25_chrm01_circ_1183695	Pf_BP_3_D784_S107_L001-L004_merged	5	0.3596	0.0154	1.0000
PsFluSBW25_chrm01_circ_1183695	Pf_BP_3_D84_S13_L001-L004_merged	5	0.0000	0.0001	1.0000
PsFluSBW25_chrm01_circ_1305492	PS_Pf_r03_2017_01_09_L001	5	0.0202	0.0002	1.0000
PsFluSBW25_chrm01_circ_1305492	Pf_BP_3_D112_S46_L001-L004_merged	5	0.0000	0.0002	1.0000
PsFluSBW25_chrm01_circ_1305492	Pf_BP_3_D140_S79_L001-L004_merged	5	0.0000	0.0001	1.0000
PsFluSBW25_chrm01_circ_1305492	Pf_BP_3_D168_S25_L001-L004_merged	5	0.0000	0.0002	1.0000
PsFluSBW25_chrm01_circ_1305492	Pf_BP_3_D196_S58_L001-L004_merged	5	0.0000	0.0003	1.0000
PsFluSBW25_chrm01_circ_1305492	Pf_BP_3_D224_S4_L001-L004_merged	5	0.0000	0.0001	1.0000
PsFluSBW25_chrm01_circ_1305492	Pf_BP_3_D252_S37_L001-L004_merged	5	0.0000	0.0001	1.0000
PsFluSBW25_chrm01_circ_1305492	Pf_BP_3_D279_S70_L001-L004_merged	5	0.0000	0.0001	1.0000
PsFluSBW25_chrm01_circ_1305492	Pf_BP_3_D28_S23_L001-L004_merged	5	0.0000	0.0001	1.0000
PsFluSBW25_chrm01_circ_1305492	Pf_BP_3_D310_S16_L001-L004_merged	5	0.0000	0.0000	1.0000
PsFluSBW25_chrm01_circ_1305492	Pf_BP_3_D336_S49_L001-L004_merged	5	0.0000	0.0001	1.0000
PsFluSBW25_chrm01_circ_1305492	Pf_BP_3_D364_S82_L001-L004_merged	5	0.0000	0.0006	1.0000
PsFluSBW25_chrm01_circ_1305492	Pf_BP_3_D392_S28_L001-L004_merged	5	0.0000	0.0000	1.0000
PsFluSBW25_chrm01_circ_1305492	Pf_BP_3_D420_S61_L001-L004_merged	5	0.0000	0.0000	1.0000
PsFluSBW25_chrm01_circ_1305492	Pf_BP_3_D448_S7_L001-L004_merged	5	0.0024	0.0043	1.0000
PsFluSBW25_chrm01_circ_1305492	Pf_BP_3_D476_S73_L001-L004_merged	5	0.0150	0.0052	1.0000
PsFluSBW25_chrm01_circ_1305492	Pf_BP_3_D504_S173_L001-L004_merged	5	0.0118	0.0038	1.0000
PsFluSBW25_chrm01_circ_1305492	Pf_BP_3_D532_S138_L001-L004_merged	5	0.0124	0.0043	1.0000
PsFluSBW25_chrm01_circ_1305492	Pf_BP_3_D56_S67_L001-L004_merged	5	0.0000	0.0006	1.0000
PsFluSBW25_chrm01_circ_1305492	Pf_BP_3_D588_S174_L001-L004_merged	5	0.0738	0.0092	1.0000
PsFluSBW25_chrm01_circ_1305492	Pf_BP_3_D616_S139_L001-L004_merged	5	0.1922	0.0143	1.0000
PsFluSBW25_chrm01_circ_1305492	Pf_BP_3_D623_S116_L001-L004_merged	5	0.2208	0.0160	1.0000
PsFluSBW25_chrm01_circ_1305492	Pf_BP_3_D644_S164_L001-L004_merged	5	0.1664	0.0128	1.0000
PsFluSBW25_chrm01_circ_1305492	Pf_BP_3_D700_S94_L001-L004_merged	5	0.4534	0.0166	1.0000
PsFluSBW25_chrm01_circ_1305492	Pf_BP_3_D728_S130_L001-L004_merged	5	0.1776	0.0125	1.0000
PsFluSBW25_chrm01_circ_1305492	Pf_BP_3_D756_S166_L001-L004_merged	5	0.3282	0.0160	1.0000
PsFluSBW25_chrm01_circ_1305492	Pf_BP_3_D784_S107_L001-L004_merged	5	0.3596	0.0154	1.0000
PsFluSBW25_chrm01_circ_1305492	Pf_BP_3_D84_S13_L001-L004_merged	5	0.0000	0.0001	1.0000
PsFluSBW25_chrm01_circ_1364472	PS_Pf_r03_2017_01_09_L001	5	0.0202	0.0002	1.0000
PsFluSBW25_chrm01_circ_1364472	Pf_BP_3_D112_S46_L001-L004_merged	5	0.0000	0.0002	1.0000
PsFluSBW25_chrm01_circ_1364472	Pf_BP_3_D140_S79_L001-L004_merged	5	0.0000	0.0001	1.0000
PsFluSBW25_chrm01_circ_1364472	Pf_BP_3_D168_S25_L001-L004_merged	5	0.0000	0.0002	1.0000
PsFluSBW25_chrm01_circ_1364472	Pf_BP_3_D196_S58_L001-L004_merged	5	0.0000	0.0003	1.0000
PsFluSBW25_chrm01_circ_1364472	Pf_BP_3_D224_S4_L001-L004_merged	5	0.0000	0.0001	1.0000
PsFluSBW25_chrm01_circ_1364472	Pf_BP_3_D252_S37_L001-L004_merged	5	0.0000	0.0001	1.0000
PsFluSBW25_chrm01_circ_1364472	Pf_BP_3_D279_S70_L001-L004_merged	5	0.0000	0.0001	1.0000
PsFluSBW25_chrm01_circ_1364472	Pf_BP_3_D28_S23_L001-L004_merged	5	0.0000	0.0001	1.0000
PsFluSBW25_chrm01_circ_1364472	Pf_BP_3_D310_S16_L001-L004_merged	5	0.0000	0.0000	1.0000
PsFluSBW25_chrm01_circ_1364472	Pf_BP_3_D336_S49_L001-L004_merged	5	0.0000	0.0001	1.0000
PsFluSBW25_chrm01_circ_1364472	Pf_BP_3_D364_S82_L001-L004_merged	5	0.0000	0.0006	1.0000
PsFluSBW25_chrm01_circ_1364472	Pf_BP_3_D392_S28_L001-L004_merged	5	0.0000	0.0000	1.0000
PsFluSBW25_chrm01_circ_1364472	Pf_BP_3_D420_S61_L001-L004_merged	5	0.0000	0.0000	1.0000
PsFluSBW25_chrm01_circ_1364472	Pf_BP_3_D448_S7_L001-L004_merged	5	0.0024	0.0043	1.0000
PsFluSBW25_chrm01_circ_1364472	Pf_BP_3_D476_S73_L001-L004_merged	5	0.0150	0.0052	1.0000
PsFluSBW25_chrm01_circ_1364472	Pf_BP_3_D504_S173_L001-L004_merged	5	0.0118	0.0038	1.0000
PsFluSBW25_chrm01_circ_1364472	Pf_BP_3_D532_S138_L001-L004_merged	5	0.0124	0.0043	1.0000
PsFluSBW25_chrm01_circ_1364472	Pf_BP_3_D56_S67_L001-L004_merged	5	0.0000	0.0006	1.0000
PsFluSBW25_chrm01_circ_1364472	Pf_BP_3_D588_S174_L001-L004_merged	5	0.0738	0.0092	1.0000
PsFluSBW25_chrm01_circ_1364472	Pf_BP_3_D616_S139_L001-L004_merged	5	0.1922	0.0143	1.0000
PsFluSBW25_chrm01_circ_1364472	Pf_BP_3_D623_S116_L001-L004_merged	5	0.2208	0.0160	1.0000
PsFluSBW25_chrm01_circ_1364472	Pf_BP_3_D644_S164_L001-L004_merged	5	0.1664	0.0128	1.0000
PsFluSBW25_chrm01_circ_1364472	Pf_BP_3_D700_S94_L001-L004_merged	5	0.4534	0.0166	1.0000
PsFluSBW25_chrm01_circ_1364472	Pf_BP_3_D728_S130_L001-L004_merged	5	0.1776	0.0125	1.0000
PsFluSBW25_chrm01_circ_1364472	Pf_BP_3_D756_S166_L001-L004_merged	5	0.3282	0.0160	1.0000
PsFluSBW25_chrm01_circ_1364472	Pf_BP_3_D784_S107_L001-L004_merged	5	0.3596	0.0154	1.0000
PsFluSBW25_chrm01_circ_1364472	Pf_BP_3_D84_S13_L001-L004_merged	5	0.0000	0.0001	1.0000
PsFluSBW25_chrm01_circ_1867228	PS_Pf_r03_2017_01_09_L001	5	0.0202	0.0002	1.0000
PsFluSBW25_chrm01_circ_1867228	Pf_BP_3_D112_S46_L001-L004_merged	5	0.0000	0.0002	1.0000
PsFluSBW25_chrm01_circ_1867228	Pf_BP_3_D140_S79_L001-L004_merged	5	0.0000	0.0001	1.0000
PsFluSBW25_chrm01_circ_1867228	Pf_BP_3_D168_S25_L001-L004_merged	5	0.0000	0.0002	1.0000
PsFluSBW25_chrm01_circ_1867228	Pf_BP_3_D196_S58_L001-L004_merged	5	0.0000	0.0003	1.0000
PsFluSBW25_chrm01_circ_1867228	Pf_BP_3_D224_S4_L001-L004_merged	5	0.0000	0.0001	1.0000
PsFluSBW25_chrm01_circ_1867228	Pf_BP_3_D252_S37_L001-L004_merged	5	0.0000	0.0001	1.0000
PsFluSBW25_chrm01_circ_1867228	Pf_BP_3_D279_S70_L001-L004_merged	5	0.0000	0.0001	1.0000
PsFluSBW25_chrm01_circ_1867228	Pf_BP_3_D28_S23_L001-L004_merged	5	0.0000	0.0001	1.0000
PsFluSBW25_chrm01_circ_1867228	Pf_BP_3_D310_S16_L001-L004_merged	5	0.0000	0.0000	1.0000
PsFluSBW25_chrm01_circ_1867228	Pf_BP_3_D336_S49_L001-L004_merged	5	0.0000	0.0001	1.0000
PsFluSBW25_chrm01_circ_1867228	Pf_BP_3_D364_S82_L001-L004_merged	5	0.0000	0.0006	1.0000
PsFluSBW25_chrm01_circ_1867228	Pf_BP_3_D392_S28_L001-L004_merged	5	0.0000	0.0000	1.0000
PsFluSBW25_chrm01_circ_1867228	Pf_BP_3_D420_S61_L001-L004_merged	5	0.0000	0.0000	1.0000
PsFluSBW25_chrm01_circ_1867228	Pf_BP_3_D448_S7_L001-L004_merged	5	0.0024	0.0043	1.0000
PsFluSBW25_chrm01_circ_1867228	Pf_BP_3_D476_S73_L001-L004_merged	5	0.0150	0.0052	1.0000
PsFluSBW25_chrm01_circ_1867228	Pf_BP_3_D504_S173_L001-L004_merged	5	0.0118	0.0038	1.0000
PsFluSBW25_chrm01_circ_1867228	Pf_BP_3_D532_S138_L001-L004_merged	5	0.0124	0.0043	1.0000
PsFluSBW25_chrm01_circ_1867228	Pf_BP_3_D56_S67_L001-L004_merged	5	0.0000	0.0006	1.0000
PsFluSBW25_chrm01_circ_1867228	Pf_BP_3_D588_S174_L001-L004_merged	5	0.0738	0.0092	1.0000
PsFluSBW25_chrm01_circ_1867228	Pf_BP_3_D616_S139_L001-L004_merged	5	0.1922	0.0143	1.0000
PsFluSBW25_chrm01_circ_1867228	Pf_BP_3_D623_S116_L001-L004_merged	5	0.2208	0.0160	1.0000
PsFluSBW25_chrm01_circ_1867228	Pf_BP_3_D644_S164_L001-L004_merged	5	0.1664	0.0128	1.0000
PsFluSBW25_chrm01_circ_1867228	Pf_BP_3_D700_S94_L001-L004_merged	5	0.4534	0.0166	1.0000
PsFluSBW25_chrm01_circ_1867228	Pf_BP_3_D728_S130_L001-L004_merged	5	0.1776	0.0125	1.0000
PsFluSBW25_chrm01_circ_1867228	Pf_BP_3_D756_S166_L001-L004_merged	5	0.3282	0.0160	1.0000
PsFluSBW25_chrm01_circ_1867228	Pf_BP_3_D784_S107_L001-L004_merged	5	0.3596	0.0154	1.0000
PsFluSBW25_chrm01_circ_1867228	Pf_BP_3_D84_S13_L001-L004_merged	5	0.0000	0.0001	1.0000
PsFluSBW25_chrm01_circ_2063410	PS_Pf_r03_2017_01_09_L001	5	0.0202	0.0002	1.0000
PsFluSBW25_chrm01_circ_2063410	Pf_BP_3_D112_S46_L001-L004_merged	5	0.0000	0.0002	1.0000
PsFluSBW25_chrm01_circ_2063410	Pf_BP_3_D140_S79_L001-L004_merged	5	0.0000	0.0001	1.0000
PsFluSBW25_chrm01_circ_2063410	Pf_BP_3_D168_S25_L001-L004_merged	5	0.0000	0.0002	1.0000
PsFluSBW25_chrm01_circ_2063410	Pf_BP_3_D196_S58_L001-L004_merged	5	0.0000	0.0003	1.0000
PsFluSBW25_chrm01_circ_2063410	Pf_BP_3_D224_S4_L001-L004_merged	5	0.0000	0.0001	1.0000
PsFluSBW25_chrm01_circ_2063410	Pf_BP_3_D252_S37_L001-L004_merged	5	0.0000	0.0001	1.0000
PsFluSBW25_chrm01_circ_2063410	Pf_BP_3_D279_S70_L001-L004_merged	5	0.0000	0.0001	1.0000
PsFluSBW25_chrm01_circ_2063410	Pf_BP_3_D28_S23_L001-L004_merged	5	0.0000	0.0001	1.0000
PsFluSBW25_chrm01_circ_2063410	Pf_BP_3_D310_S16_L001-L004_merged	5	0.0000	0.0000	1.0000
PsFluSBW25_chrm01_circ_2063410	Pf_BP_3_D336_S49_L001-L004_merged	5	0.0000	0.0001	1.0000
PsFluSBW25_chrm01_circ_2063410	Pf_BP_3_D364_S82_L001-L004_merged	5	0.0000	0.0006	1.0000
PsFluSBW25_chrm01_circ_2063410	Pf_BP_3_D392_S28_L001-L004_merged	5	0.0000	0.0000	1.0000
PsFluSBW25_chrm01_circ_2063410	Pf_BP_3_D420_S61_L001-L004_merged	5	0.0000	0.0000	1.0000
PsFluSBW25_chrm01_circ_2063410	Pf_BP_3_D448_S7_L001-L004_merged	5	0.0024	0.0043	1.0000
PsFluSBW25_chrm01_circ_2063410	Pf_BP_3_D476_S73_L001-L004_merged	5	0.0150	0.0052	1.0000
PsFluSBW25_chrm01_circ_2063410	Pf_BP_3_D504_S173_L001-L004_merged	5	0.0118	0.0038	1.0000
PsFluSBW25_chrm01_circ_2063410	Pf_BP_3_D532_S138_L001-L004_merged	5	0.0124	0.0043	1.0000
PsFluSBW25_chrm01_circ_2063410	Pf_BP_3_D56_S67_L001-L004_merged	5	0.0000	0.0006	1.0000
PsFluSBW25_chrm01_circ_2063410	Pf_BP_3_D588_S174_L001-L004_merged	5	0.0738	0.0092	1.0000
PsFluSBW25_chrm01_circ_2063410	Pf_BP_3_D616_S139_L001-L004_merged	5	0.1922	0.0143	1.0000
PsFluSBW25_chrm01_circ_2063410	Pf_BP_3_D623_S116_L001-L004_merged	5	0.2208	0.0160	1.0000
PsFluSBW25_chrm01_circ_2063410	Pf_BP_3_D644_S164_L001-L004_merged	5	0.1664	0.0128	1.0000
PsFluSBW25_chrm01_circ_2063410	Pf_BP_3_D700_S94_L001-L004_merged	5	0.4534	0.0166	1.0000
PsFluSBW25_chrm01_circ_2063410	Pf_BP_3_D728_S130_L001-L004_merged	5	0.1776	0.0125	1.0000
PsFluSBW25_chrm01_circ_2063410	Pf_BP_3_D756_S166_L001-L004_merged	5	0.3282	0.0160	1.0000
PsFluSBW25_chrm01_circ_2063410	Pf_BP_3_D784_S107_L001-L004_merged	5	0.3596	0.0154	1.0000
PsFluSBW25_chrm01_circ_2063410	Pf_BP_3_D84_S13_L001-L004_merged	5	0.0000	0.0001	1.0000
PsFluSBW25_chrm01_circ_2161074	PS_Pf_r03_2017_01_09_L001	5	0.0202	0.0002	1.0000
PsFluSBW25_chrm01_circ_2161074	Pf_BP_3_D112_S46_L001-L004_merged	5	0.0000	0.0002	1.0000
PsFluSBW25_chrm01_circ_2161074	Pf_BP_3_D140_S79_L001-L004_merged	5	0.0000	0.0001	1.0000
PsFluSBW25_chrm01_circ_2161074	Pf_BP_3_D168_S25_L001-L004_merged	5	0.0000	0.0002	1.0000
PsFluSBW25_chrm01_circ_2161074	Pf_BP_3_D196_S58_L001-L004_merged	5	0.0000	0.0003	1.0000
PsFluSBW25_chrm01_circ_2161074	Pf_BP_3_D224_S4_L001-L004_merged	5	0.0000	0.0001	1.0000
PsFluSBW25_chrm01_circ_2161074	Pf_BP_3_D252_S37_L001-L004_merged	5	0.0000	0.0001	1.0000
PsFluSBW25_chrm01_circ_2161074	Pf_BP_3_D279_S70_L001-L004_merged	5	0.0000	0.0001	1.0000
PsFluSBW25_chrm01_circ_2161074	Pf_BP_3_D28_S23_L001-L004_merged	5	0.0000	0.0001	1.0000
PsFluSBW25_chrm01_circ_2161074	Pf_BP_3_D310_S16_L001-L004_merged	5	0.0000	0.0000	1.0000
PsFluSBW25_chrm01_circ_2161074	Pf_BP_3_D336_S49_L001-L004_merged	5	0.0000	0.0001	1.0000
PsFluSBW25_chrm01_circ_2161074	Pf_BP_3_D364_S82_L001-L004_merged	5	0.0000	0.0006	1.0000
PsFluSBW25_chrm01_circ_2161074	Pf_BP_3_D392_S28_L001-L004_merged	5	0.0000	0.0000	1.0000
PsFluSBW25_chrm01_circ_2161074	Pf_BP_3_D420_S61_L001-L004_merged	5	0.0000	0.0000	1.0000
PsFluSBW25_chrm01_circ_2161074	Pf_BP_3_D448_S7_L001-L004_merged	5	0.0024	0.0043	1.0000
PsFluSBW25_chrm01_circ_2161074	Pf_BP_3_D476_S73_L001-L004_merged	5	0.0150	0.0052	1.0000
PsFluSBW25_chrm01_circ_2161074	Pf_BP_3_D504_S173_L001-L004_merged	5	0.0118	0.0038	1.0000
PsFluSBW25_chrm01_circ_2161074	Pf_BP_3_D532_S138_L001-L004_merged	5	0.0124	0.0043	1.0000
PsFluSBW25_chrm01_circ_2161074	Pf_BP_3_D56_S67_L001-L004_merged	5	0.0000	0.0006	1.0000
PsFluSBW25_chrm01_circ_2161074	Pf_BP_3_D588_S174_L001-L004_merged	5	0.0738	0.0092	1.0000
PsFluSBW25_chrm01_circ_2161074	Pf_BP_3_D616_S139_L001-L004_merged	5	0.1922	0.0143	1.0000
PsFluSBW25_chrm01_circ_2161074	Pf_BP_3_D623_S116_L001-L004_merged	5	0.2208	0.0160	1.0000
PsFluSBW25_chrm01_circ_2161074	Pf_BP_3_D644_S164_L001-L004_merged	5	0.1664	0.0128	1.0000
PsFluSBW25_chrm01_circ_2161074	Pf_BP_3_D700_S94_L001-L004_merged	5	0.4534	0.0166	1.0000
PsFluSBW25_chrm01_circ_2161074	Pf_BP_3_D728_S130_L001-L004_merged	5	0.1776	0.0125	1.0000
PsFluSBW25_chrm01_circ_2161074	Pf_BP_3_D756_S166_L001-L004_merged	5	0.3282	0.0160	1.0000
PsFluSBW25_chrm01_circ_2161074	Pf_BP_3_D784_S107_L001-L004_merged	5	0.3596	0.0154	1.0000
PsFluSBW25_chrm01_circ_2161074	Pf_BP_3_D84_S13_L001-L004_merged	5	0.0000	0.0001	1.0000
PsFluSBW25_chrm01_circ_2167977	PS_Pf_r03_2017_01_09_L001	5	0.0202	0.0002	1.0000
PsFluSBW25_chrm01_circ_2167977	Pf_BP_3_D112_S46_L001-L004_merged	5	0.0000	0.0002	1.0000
PsFluSBW25_chrm01_circ_2167977	Pf_BP_3_D140_S79_L001-L004_merged	5	0.0000	0.0001	1.0000
PsFluSBW25_chrm01_circ_2167977	Pf_BP_3_D168_S25_L001-L004_merged	5	0.0000	0.0002	1.0000
PsFluSBW25_chrm01_circ_2167977	Pf_BP_3_D196_S58_L001-L004_merged	5	0.0000	0.0003	1.0000
PsFluSBW25_chrm01_circ_2167977	Pf_BP_3_D224_S4_L001-L004_merged	5	0.0000	0.0001	1.0000
PsFluSBW25_chrm01_circ_2167977	Pf_BP_3_D252_S37_L001-L004_merged	5	0.0000	0.0001	1.0000
PsFluSBW25_chrm01_circ_2167977	Pf_BP_3_D279_S70_L001-L004_merged	5	0.0000	0.0001	1.0000
PsFluSBW25_chrm01_circ_2167977	Pf_BP_3_D28_S23_L001-L004_merged	5	0.0000	0.0001	1.0000
PsFluSBW25_chrm01_circ_2167977	Pf_BP_3_D310_S16_L001-L004_merged	5	0.0000	0.0000	1.0000
PsFluSBW25_chrm01_circ_2167977	Pf_BP_3_D336_S49_L001-L004_merged	5	0.0000	0.0001	1.0000
PsFluSBW25_chrm01_circ_2167977	Pf_BP_3_D364_S82_L001-L004_merged	5	0.0000	0.0006	1.0000
PsFluSBW25_chrm01_circ_2167977	Pf_BP_3_D392_S28_L001-L004_merged	5	0.0000	0.0000	1.0000
PsFluSBW25_chrm01_circ_2167977	Pf_BP_3_D420_S61_L001-L004_merged	5	0.0000	0.0000	1.0000
PsFluSBW25_chrm01_circ_2167977	Pf_BP_3_D448_S7_L001-L004_merged	5	0.0024	0.0043	1.0000
PsFluSBW25_chrm01_circ_2167977	Pf_BP_3_D476_S73_L001-L004_merged	5	0.0150	0.0052	1.0000
PsFluSBW25_chrm01_circ_2167977	Pf_BP_3_D504_S173_L001-L004_merged	5	0.0118	0.0038	1.0000
PsFluSBW25_chrm01_circ_2167977	Pf_BP_3_D532_S138_L001-L004_merged	5	0.0124	0.0043	1.0000
PsFluSBW25_chrm01_circ_2167977	Pf_BP_3_D56_S67_L001-L004_merged	5	0.0000	0.0006	1.0000
PsFluSBW25_chrm01_circ_2167977	Pf_BP_3_D588_S174_L001-L004_merged	5	0.0738	0.0092	1.0000
PsFluSBW25_chrm01_circ_2167977	Pf_BP_3_D616_S139_L001-L004_merged	5	0.1922	0.0143	1.0000
PsFluSBW25_chrm01_circ_2167977	Pf_BP_3_D623_S116_L001-L004_merged	5	0.2208	0.0160	1.0000
PsFluSBW25_chrm01_circ_2167977	Pf_BP_3_D644_S164_L001-L004_merged	5	0.1664	0.0128	1.0000
PsFluSBW25_chrm01_circ_2167977	Pf_BP_3_D700_S94_L001-L004_merged	5	0.4534	0.0166	1.0000
PsFluSBW25_chrm01_circ_2167977	Pf_BP_3_D728_S130_L001-L004_merged	5	0.1776	0.0125	1.0000
PsFluSBW25_chrm01_circ_2167977	Pf_BP_3_D756_S166_L001-L004_merged	5	0.3282	0.0160	1.0000
PsFluSBW25_chrm01_circ_2167977	Pf_BP_3_D784_S107_L001-L004_merged	5	0.3596	0.0154	1.0000
PsFluSBW25_chrm01_circ_2167977	Pf_BP_3_D84_S13_L001-L004_merged	5	0.0000	0.0001	1.0000
PsFluSBW25_chrm01_circ_2986589	PS_Pf_r03_2017_01_09_L001	5	0.0202	0.0002	1.0000
PsFluSBW25_chrm01_circ_2986589	Pf_BP_3_D112_S46_L001-L004_merged	5	0.0000	0.0002	1.0000
PsFluSBW25_chrm01_circ_2986589	Pf_BP_3_D140_S79_L001-L004_merged	5	0.0000	0.0001	1.0000
PsFluSBW25_chrm01_circ_2986589	Pf_BP_3_D168_S25_L001-L004_merged	5	0.0000	0.0002	1.0000
PsFluSBW25_chrm01_circ_2986589	Pf_BP_3_D196_S58_L001-L004_merged	5	0.0000	0.0003	1.0000
PsFluSBW25_chrm01_circ_2986589	Pf_BP_3_D224_S4_L001-L004_merged	5	0.0000	0.0001	1.0000
PsFluSBW25_chrm01_circ_2986589	Pf_BP_3_D252_S37_L001-L004_merged	5	0.0000	0.0001	1.0000
PsFluSBW25_chrm01_circ_2986589	Pf_BP_3_D279_S70_L001-L004_merged	5	0.0000	0.0001	1.0000
PsFluSBW25_chrm01_circ_2986589	Pf_BP_3_D28_S23_L001-L004_merged	5	0.0000	0.0001	1.0000
PsFluSBW25_chrm01_circ_2986589	Pf_BP_3_D310_S16_L001-L004_merged	5	0.0000	0.0000	1.0000
PsFluSBW25_chrm01_circ_2986589	Pf_BP_3_D336_S49_L001-L004_merged	5	0.0000	0.0001	1.0000
PsFluSBW25_chrm01_circ_2986589	Pf_BP_3_D364_S82_L001-L004_merged	5	0.0000	0.0006	1.0000
PsFluSBW25_chrm01_circ_2986589	Pf_BP_3_D392_S28_L001-L004_merged	5	0.0000	0.0000	1.0000
PsFluSBW25_chrm01_circ_2986589	Pf_BP_3_D420_S61_L001-L004_merged	5	0.0000	0.0000	1.0000
PsFluSBW25_chrm01_circ_2986589	Pf_BP_3_D448_S7_L001-L004_merged	5	0.0024	0.0043	1.0000
PsFluSBW25_chrm01_circ_2986589	Pf_BP_3_D476_S73_L001-L004_merged	5	0.0150	0.0052	1.0000
PsFluSBW25_chrm01_circ_2986589	Pf_BP_3_D504_S173_L001-L004_merged	5	0.0118	0.0038	1.0000
PsFluSBW25_chrm01_circ_2986589	Pf_BP_3_D532_S138_L001-L004_merged	5	0.0124	0.0043	1.0000
PsFluSBW25_chrm01_circ_2986589	Pf_BP_3_D56_S67_L001-L004_merged	5	0.0000	0.0006	1.0000
PsFluSBW25_chrm01_circ_2986589	Pf_BP_3_D588_S174_L001-L004_merged	5	0.0738	0.0092	1.0000
PsFluSBW25_chrm01_circ_2986589	Pf_BP_3_D616_S139_L001-L004_merged	5	0.1922	0.0143	1.0000
PsFluSBW25_chrm01_circ_2986589	Pf_BP_3_D623_S116_L001-L004_merged	5	0.2208	0.0160	1.0000
PsFluSBW25_chrm01_circ_2986589	Pf_BP_3_D644_S164_L001-L004_merged	5	0.1664	0.0128	1.0000
PsFluSBW25_chrm01_circ_2986589	Pf_BP_3_D700_S94_L001-L004_merged	5	0.4534	0.0166	1.0000
PsFluSBW25_chrm01_circ_2986589	Pf_BP_3_D728_S130_L001-L004_merged	5	0.1776	0.0125	1.0000
PsFluSBW25_chrm01_circ_2986589	Pf_BP_3_D756_S166_L001-L004_merged	5	0.3282	0.0160	1.0000
PsFluSBW25_chrm01_circ_2986589	Pf_BP_3_D784_S107_L001-L004_merged	5	0.3596	0.0154	1.0000
PsFluSBW25_chrm01_circ_2986589	Pf_BP_3_D84_S13_L001-L004_merged	5	0.0000	0.0001	1.0000
PsFluSBW25_chrm01_circ_3046319	PS_Pf_r03_2017_01_09_L001	5	0.0202	0.0002	1.0000
PsFluSBW25_chrm01_circ_3046319	Pf_BP_3_D112_S46_L001-L004_merged	5	0.0000	0.0002	1.0000
PsFluSBW25_chrm01_circ_3046319	Pf_BP_3_D140_S79_L001-L004_merged	5	0.0000	0.0001	1.0000
PsFluSBW25_chrm01_circ_3046319	Pf_BP_3_D168_S25_L001-L004_merged	5	0.0000	0.0002	1.0000
PsFluSBW25_chrm01_circ_3046319	Pf_BP_3_D196_S58_L001-L004_merged	5	0.0000	0.0003	1.0000
PsFluSBW25_chrm01_circ_3046319	Pf_BP_3_D224_S4_L001-L004_merged	5	0.0000	0.0001	1.0000
PsFluSBW25_chrm01_circ_3046319	Pf_BP_3_D252_S37_L001-L004_merged	5	0.0000	0.0001	1.0000
PsFluSBW25_chrm01_circ_3046319	Pf_BP_3_D279_S70_L001-L004_merged	5	0.0000	0.0001	1.0000
PsFluSBW25_chrm01_circ_3046319	Pf_BP_3_D28_S23_L001-L004_merged	5	0.0000	0.0001	1.0000
PsFluSBW25_chrm01_circ_3046319	Pf_BP_3_D310_S16_L001-L004_merged	5	0.0000	0.0000	1.0000
PsFluSBW25_chrm01_circ_3046319	Pf_BP_3_D336_S49_L001-L004_merged	5	0.0000	0.0001	1.0000
PsFluSBW25_chrm01_circ_3046319	Pf_BP_3_D364_S82_L001-L004_merged	5	0.0000	0.0006	1.0000
PsFluSBW25_chrm01_circ_3046319	Pf_BP_3_D392_S28_L001-L004_merged	5	0.0000	0.0000	1.0000
PsFluSBW25_chrm01_circ_3046319	Pf_BP_3_D420_S61_L001-L004_merged	5	0.0000	0.0000	1.0000
PsFluSBW25_chrm01_circ_3046319	Pf_BP_3_D448_S7_L001-L004_merged	5	0.0024	0.0043	1.0000
PsFluSBW25_chrm01_circ_3046319	Pf_BP_3_D476_S73_L001-L004_merged	5	0.0150	0.0052	1.0000
PsFluSBW25_chrm01_circ_3046319	Pf_BP_3_D504_S173_L001-L004_merged	5	0.0118	0.0038	1.0000
PsFluSBW25_chrm01_circ_3046319	Pf_BP_3_D532_S138_L001-L004_merged	5	0.0124	0.0043	1.0000
PsFluSBW25_chrm01_circ_3046319	Pf_BP_3_D56_S67_L001-L004_merged	5	0.0000	0.0006	1.0000
PsFluSBW25_chrm01_circ_3046319	Pf_BP_3_D588_S174_L001-L004_merged	5	0.0738	0.0092	1.0000
PsFluSBW25_chrm01_circ_3046319	Pf_BP_3_D616_S139_L001-L004_merged	5	0.1922	0.0143	1.0000
PsFluSBW25_chrm01_circ_3046319	Pf_BP_3_D623_S116_L001-L004_merged	5	0.2208	0.0160	1.0000
PsFluSBW25_chrm01_circ_3046319	Pf_BP_3_D644_S164_L001-L004_merged	5	0.1664	0.0128	1.0000
PsFluSBW25_chrm01_circ_3046319	Pf_BP_3_D700_S94_L001-L004_merged	5	0.4534	0.0166	1.0000
PsFluSBW25_chrm01_circ_3046319	Pf_BP_3_D728_S130_L001-L004_merged	5	0.1776	0.0125	1.0000
PsFluSBW25_chrm01_circ_3046319	Pf_BP_3_D756_S166_L001-L004_merged	5	0.3282	0.0160	1.0000
PsFluSBW25_chrm01_circ_3046319	Pf_BP_3_D784_S107_L001-L004_merged	5	0.3596	0.0154	1.0000
PsFluSBW25_chrm01_circ_3046319	Pf_BP_3_D84_S13_L001-L004_merged	5	0.0000	0.0001	1.0000
PsFluSBW25_chrm01_circ_3838961	PS_Pf_r03_2017_01_09_L001	5	0.0202	0.0002	1.0000
PsFluSBW25_chrm01_circ_3838961	Pf_BP_3_D112_S46_L001-L004_merged	5	0.0000	0.0002	1.0000
PsFluSBW25_chrm01_circ_3838961	Pf_BP_3_D140_S79_L001-L004_merged	5	0.0000	0.0001	1.0000
PsFluSBW25_chrm01_circ_3838961	Pf_BP_3_D168_S25_L001-L004_merged	5	0.0000	0.0002	1.0000
PsFluSBW25_chrm01_circ_3838961	Pf_BP_3_D196_S58_L001-L004_merged	5	0.0000	0.0003	1.0000
PsFluSBW25_chrm01_circ_3838961	Pf_BP_3_D224_S4_L001-L004_merged	5	0.0000	0.0001	1.0000
PsFluSBW25_chrm01_circ_3838961	Pf_BP_3_D252_S37_L001-L004_merged	5	0.0000	0.0001	1.0000
PsFluSBW25_chrm01_circ_3838961	Pf_BP_3_D279_S70_L001-L004_merged	5	0.0000	0.0001	1.0000
PsFluSBW25_chrm01_circ_3838961	Pf_BP_3_D28_S23_L001-L004_merged	5	0.0000	0.0001	1.0000
PsFluSBW25_chrm01_circ_3838961	Pf_BP_3_D310_S16_L001-L004_merged	5	0.0000	0.0000	1.0000
PsFluSBW25_chrm01_circ_3838961	Pf_BP_3_D336_S49_L001-L004_merged	5	0.0000	0.0001	1.0000
PsFluSBW25_chrm01_circ_3838961	Pf_BP_3_D364_S82_L001-L004_merged	5	0.0000	0.0006	1.0000
PsFluSBW25_chrm01_circ_3838961	Pf_BP_3_D392_S28_L001-L004_merged	5	0.0000	0.0000	1.0000
PsFluSBW25_chrm01_circ_3838961	Pf_BP_3_D420_S61_L001-L004_merged	5	0.0000	0.0000	1.0000
PsFluSBW25_chrm01_circ_3838961	Pf_BP_3_D448_S7_L001-L004_merged	5	0.0024	0.0043	1.0000
PsFluSBW25_chrm01_circ_3838961	Pf_BP_3_D476_S73_L001-L004_merged	5	0.0150	0.0052	1.0000
PsFluSBW25_chrm01_circ_3838961	Pf_BP_3_D504_S173_L001-L004_merged	5	0.0118	0.0038	1.0000
PsFluSBW25_chrm01_circ_3838961	Pf_BP_3_D532_S138_L001-L004_merged	5	0.0124	0.0043	1.0000
PsFluSBW25_chrm01_circ_3838961	Pf_BP_3_D56_S67_L001-L004_merged	5	0.0000	0.0006	1.0000
PsFluSBW25_chrm01_circ_3838961	Pf_BP_3_D588_S174_L001-L004_merged	5	0.0738	0.0092	1.0000
PsFluSBW25_chrm01_circ_3838961	Pf_BP_3_D616_S139_L001-L004_merged	5	0.1922	0.0143	1.0000
PsFluSBW25_chrm01_circ_3838961	Pf_BP_3_D623_S116_L001-L004_merged	5	0.2208	0.0160	1.0000
PsFluSBW25_chrm01_circ_3838961	Pf_BP_3_D644_S164_L001-L004_merged	5	0.1664	0.0128	1.0000
PsFluSBW25_chrm01_circ_3838961	Pf_BP_3_D700_S94_L001-L004_merged	5	0.4534	0.0166	1.0000
PsFluSBW25_chrm01_circ_3838961	Pf_BP_3_D728_S130_L001-L004_merged	5	0.1776	0.0125	1.0000
PsFluSBW25_chrm01_circ_3838961	Pf_BP_3_D756_S166_L001-L004_merged	5	0.3282	0.0160	1.0000
PsFluSBW25_chrm01_circ_3838961	Pf_BP_3_D784_S107_L001-L004_merged	5	0.3596	0.0154	1.0000
PsFluSBW25_chrm01_circ_3838961	Pf_BP_3_D84_S13_L001-L004_merged	5	0.0000	0.0001	1.0000
PsFluSBW25_chrm01_circ_3886700	PS_Pf_r03_2017_01_09_L001	5	0.0202	0.0002	1.0000
PsFluSBW25_chrm01_circ_3886700	Pf_BP_3_D112_S46_L001-L004_merged	5	0.0000	0.0002	1.0000
PsFluSBW25_chrm01_circ_3886700	Pf_BP_3_D140_S79_L001-L004_merged	5	0.0000	0.0001	1.0000
PsFluSBW25_chrm01_circ_3886700	Pf_BP_3_D168_S25_L001-L004_merged	5	0.0000	0.0002	1.0000
PsFluSBW25_chrm01_circ_3886700	Pf_BP_3_D196_S58_L001-L004_merged	5	0.0000	0.0003	1.0000
PsFluSBW25_chrm01_circ_3886700	Pf_BP_3_D224_S4_L001-L004_merged	5	0.0000	0.0001	1.0000
PsFluSBW25_chrm01_circ_3886700	Pf_BP_3_D252_S37_L001-L004_merged	5	0.0000	0.0001	1.0000
PsFluSBW25_chrm01_circ_3886700	Pf_BP_3_D279_S70_L001-L004_merged	5	0.0000	0.0001	1.0000
PsFluSBW25_chrm01_circ_3886700	Pf_BP_3_D28_S23_L001-L004_merged	5	0.0000	0.0001	1.0000
PsFluSBW25_chrm01_circ_3886700	Pf_BP_3_D310_S16_L001-L004_merged	5	0.0000	0.0000	1.0000
PsFluSBW25_chrm01_circ_3886700	Pf_BP_3_D336_S49_L001-L004_merged	5	0.0000	0.0001	1.0000
PsFluSBW25_chrm01_circ_3886700	Pf_BP_3_D364_S82_L001-L004_merged	5	0.0000	0.0006	1.0000
PsFluSBW25_chrm01_circ_3886700	Pf_BP_3_D392_S28_L001-L004_merged	5	0.0000	0.0000	1.0000
PsFluSBW25_chrm01_circ_3886700	Pf_BP_3_D420_S61_L001-L004_merged	5	0.0000	0.0000	1.0000
PsFluSBW25_chrm01_circ_3886700	Pf_BP_3_D448_S7_L001-L004_merged	5	0.0024	0.0043	1.0000
PsFluSBW25_chrm01_circ_3886700	Pf_BP_3_D476_S73_L001-L004_merged	5	0.0150	0.0052	1.0000
PsFluSBW25_chrm01_circ_3886700	Pf_BP_3_D504_S173_L001-L004_merged	5	0.0118	0.0038	1.0000
PsFluSBW25_chrm01_circ_3886700	Pf_BP_3_D532_S138_L001-L004_merged	5	0.0124	0.0043	1.0000
PsFluSBW25_chrm01_circ_3886700	Pf_BP_3_D56_S67_L001-L004_merged	5	0.0000	0.0006	1.0000
PsFluSBW25_chrm01_circ_3886700	Pf_BP_3_D588_S174_L001-L004_merged	5	0.0738	0.0092	1.0000
PsFluSBW25_chrm01_circ_3886700	Pf_BP_3_D616_S139_L001-L004_merged	5	0.1922	0.0143	1.0000
PsFluSBW25_chrm01_circ_3886700	Pf_BP_3_D623_S116_L001-L004_merged	5	0.2208	0.0160	1.0000
PsFluSBW25_chrm01_circ_3886700	Pf_BP_3_D644_S164_L001-L004_merged	5	0.1664	0.0128	1.0000
PsFluSBW25_chrm01_circ_3886700	Pf_BP_3_D700_S94_L001-L004_merged	5	0.4534	0.0166	1.0000
PsFluSBW25_chrm01_circ_3886700	Pf_BP_3_D728_S130_L001-L004_merged	5	0.1776	0.0125	1.0000
PsFluSBW25_chrm01_circ_3886700	Pf_BP_3_D756_S166_L001-L004_merged	5	0.3282	0.0160	1.0000
PsFluSBW25_chrm01_circ_3886700	Pf_BP_3_D784_S107_L001-L004_merged	5	0.3596	0.0154	1.0000
PsFluSBW25_chrm01_circ_3886700	Pf_BP_3_D84_S13_L001-L004_merged	5	0.0000	0.0001	1.0000
PsFluSBW25_chrm01_circ_4048876	PS_Pf_r03_2017_01_09_L001	5	0.0202	0.0002	1.0000
PsFluSBW25_chrm01_circ_4048876	Pf_BP_3_D112_S46_L001-L004_merged	5	0.0000	0.0002	1.0000
PsFluSBW25_chrm01_circ_4048876	Pf_BP_3_D140_S79_L001-L004_merged	5	0.0000	0.0001	1.0000
PsFluSBW25_chrm01_circ_4048876	Pf_BP_3_D168_S25_L001-L004_merged	5	0.0000	0.0002	1.0000
PsFluSBW25_chrm01_circ_4048876	Pf_BP_3_D196_S58_L001-L004_merged	5	0.0000	0.0003	1.0000
PsFluSBW25_chrm01_circ_4048876	Pf_BP_3_D224_S4_L001-L004_merged	5	0.0000	0.0001	1.0000
PsFluSBW25_chrm01_circ_4048876	Pf_BP_3_D252_S37_L001-L004_merged	5	0.0000	0.0001	1.0000
PsFluSBW25_chrm01_circ_4048876	Pf_BP_3_D279_S70_L001-L004_merged	5	0.0000	0.0001	1.0000
PsFluSBW25_chrm01_circ_4048876	Pf_BP_3_D28_S23_L001-L004_merged	5	0.0000	0.0001	1.0000
PsFluSBW25_chrm01_circ_4048876	Pf_BP_3_D310_S16_L001-L004_merged	5	0.0000	0.0000	1.0000
PsFluSBW25_chrm01_circ_4048876	Pf_BP_3_D336_S49_L001-L004_merged	5	0.0000	0.0001	1.0000
PsFluSBW25_chrm01_circ_4048876	Pf_BP_3_D364_S82_L001-L004_merged	5	0.0000	0.0006	1.0000
PsFluSBW25_chrm01_circ_4048876	Pf_BP_3_D392_S28_L001-L004_merged	5	0.0000	0.0000	1.0000
PsFluSBW25_chrm01_circ_4048876	Pf_BP_3_D420_S61_L001-L004_merged	5	0.0000	0.0000	1.0000
PsFluSBW25_chrm01_circ_4048876	Pf_BP_3_D448_S7_L001-L004_merged	5	0.0024	0.0043	1.0000
PsFluSBW25_chrm01_circ_4048876	Pf_BP_3_D476_S73_L001-L004_merged	5	0.0150	0.0052	1.0000
PsFluSBW25_chrm01_circ_4048876	Pf_BP_3_D504_S173_L001-L004_merged	5	0.0118	0.0038	1.0000
PsFluSBW25_chrm01_circ_4048876	Pf_BP_3_D532_S138_L001-L004_merged	5	0.0124	0.0043	1.0000
PsFluSBW25_chrm01_circ_4048876	Pf_BP_3_D56_S67_L001-L004_merged	5	0.0000	0.0006	1.0000
PsFluSBW25_chrm01_circ_4048876	Pf_BP_3_D588_S174_L001-L004_merged	5	0.0738	0.0092	1.0000
PsFluSBW25_chrm01_circ_4048876	Pf_BP_3_D616_S139_L001-L004_merged	5	0.1922	0.0143	1.0000
PsFluSBW25_chrm01_circ_4048876	Pf_BP_3_D623_S116_L001-L004_merged	5	0.2208	0.0160	1.0000
PsFluSBW25_chrm01_circ_4048876	Pf_BP_3_D644_S164_L001-L004_merged	5	0.1664	0.0128	1.0000
PsFluSBW25_chrm01_circ_4048876	Pf_BP_3_D700_S94_L001-L004_merged	5	0.4534	0.0166	1.0000
PsFluSBW25_chrm01_circ_4048876	Pf_BP_3_D728_S130_L001-L004_merged	5	0.1776	0.0125	1.0000
PsFluSBW25_chrm01_circ_4048876	Pf_BP_3_D756_S166_L001-L004_merged	5	0.3282	0.0160	1.0000
PsFluSBW25_chrm01_circ_4048876	Pf_BP_3_D784_S107_L001-L004_merged	5	0.3596	0.0154	1.0000
PsFluSBW25_chrm01_circ_4048876	Pf_BP_3_D84_S13_L001-L004_merged	5	0.0000	0.0001	1.0000
PsFluSBW25_chrm01_circ_4155053	PS_Pf_r03_2017_01_09_L001	5	0.0202	0.0002	1.0000
PsFluSBW25_chrm01_circ_4155053	Pf_BP_3_D112_S46_L001-L004_merged	5	0.0000	0.0002	1.0000
PsFluSBW25_chrm01_circ_4155053	Pf_BP_3_D140_S79_L001-L004_merged	5	0.0000	0.0001	1.0000
PsFluSBW25_chrm01_circ_4155053	Pf_BP_3_D168_S25_L001-L004_merged	5	0.0000	0.0002	1.0000
PsFluSBW25_chrm01_circ_4155053	Pf_BP_3_D196_S58_L001-L004_merged	5	0.0000	0.0003	1.0000
PsFluSBW25_chrm01_circ_4155053	Pf_BP_3_D224_S4_L001-L004_merged	5	0.0000	0.0001	1.0000
PsFluSBW25_chrm01_circ_4155053	Pf_BP_3_D252_S37_L001-L004_merged	5	0.0000	0.0001	1.0000
PsFluSBW25_chrm01_circ_4155053	Pf_BP_3_D279_S70_L001-L004_merged	5	0.0000	0.0001	1.0000
PsFluSBW25_chrm01_circ_4155053	Pf_BP_3_D28_S23_L001-L004_merged	5	0.0000	0.0001	1.0000
PsFluSBW25_chrm01_circ_4155053	Pf_BP_3_D310_S16_L001-L004_merged	5	0.0000	0.0000	1.0000
PsFluSBW25_chrm01_circ_4155053	Pf_BP_3_D336_S49_L001-L004_merged	5	0.0000	0.0001	1.0000
PsFluSBW25_chrm01_circ_4155053	Pf_BP_3_D364_S82_L001-L004_merged	5	0.0000	0.0006	1.0000
PsFluSBW25_chrm01_circ_4155053	Pf_BP_3_D392_S28_L001-L004_merged	5	0.0000	0.0000	1.0000
PsFluSBW25_chrm01_circ_4155053	Pf_BP_3_D420_S61_L001-L004_merged	5	0.0000	0.0000	1.0000
PsFluSBW25_chrm01_circ_4155053	Pf_BP_3_D448_S7_L001-L004_merged	5	0.0024	0.0043	1.0000
PsFluSBW25_chrm01_circ_4155053	Pf_BP_3_D476_S73_L001-L004_merged	5	0.0150	0.0052	1.0000
PsFluSBW25_chrm01_circ_4155053	Pf_BP_3_D504_S173_L001-L004_merged	5	0.0118	0.0038	1.0000
PsFluSBW25_chrm01_circ_4155053	Pf_BP_3_D532_S138_L001-L004_merged	5	0.0124	0.0043	1.0000
PsFluSBW25_chrm01_circ_4155053	Pf_BP_3_D56_S67_L001-L004_merged	5	0.0000	0.0006	1.0000
PsFluSBW25_chrm01_circ_4155053	Pf_BP_3_D588_S174_L001-L004_merged	5	0.0738	0.0092	1.0000
PsFluSBW25_chrm01_circ_4155053	Pf_BP_3_D616_S139_L001-L004_merged	5	0.1922	0.0143	1.0000
PsFluSBW25_chrm01_circ_4155053	Pf_BP_3_D623_S116_L001-L004_merged	5	0.2208	0.0160	1.0000
PsFluSBW25_chrm01_circ_4155053	Pf_BP_3_D644_S164_L001-L004_merged	5	0.1664	0.0128	1.0000
PsFluSBW25_chrm01_circ_4155053	Pf_BP_3_D700_S94_L001-L004_merged	5	0.4534	0.0166	1.0000
PsFluSBW25_chrm01_circ_4155053	Pf_BP_3_D728_S130_L001-L004_merged	5	0.1776	0.0125	1.0000
PsFluSBW25_chrm01_circ_4155053	Pf_BP_3_D756_S166_L001-L004_merged	5	0.3282	0.0160	1.0000
PsFluSBW25_chrm01_circ_4155053	Pf_BP_3_D784_S107_L001-L004_merged	5	0.3596	0.0154	1.0000
PsFluSBW25_chrm01_circ_4155053	Pf_BP_3_D84_S13_L001-L004_merged	5	0.0000	0.0001	1.0000
PsFluSBW25_chrm01_circ_4368075	PS_Pf_r03_2017_01_09_L001	5	0.0202	0.0002	1.0000
PsFluSBW25_chrm01_circ_4368075	Pf_BP_3_D112_S46_L001-L004_merged	5	0.0000	0.0002	1.0000
PsFluSBW25_chrm01_circ_4368075	Pf_BP_3_D140_S79_L001-L004_merged	5	0.0000	0.0001	1.0000
PsFluSBW25_chrm01_circ_4368075	Pf_BP_3_D168_S25_L001-L004_merged	5	0.0000	0.0002	1.0000
PsFluSBW25_chrm01_circ_4368075	Pf_BP_3_D196_S58_L001-L004_merged	5	0.0000	0.0003	1.0000
PsFluSBW25_chrm01_circ_4368075	Pf_BP_3_D224_S4_L001-L004_merged	5	0.0000	0.0001	1.0000
PsFluSBW25_chrm01_circ_4368075	Pf_BP_3_D252_S37_L001-L004_merged	5	0.0000	0.0001	1.0000
PsFluSBW25_chrm01_circ_4368075	Pf_BP_3_D279_S70_L001-L004_merged	5	0.0000	0.0001	1.0000
PsFluSBW25_chrm01_circ_4368075	Pf_BP_3_D28_S23_L001-L004_merged	5	0.0000	0.0001	1.0000
PsFluSBW25_chrm01_circ_4368075	Pf_BP_3_D310_S16_L001-L004_merged	5	0.0000	0.0000	1.0000
PsFluSBW25_chrm01_circ_4368075	Pf_BP_3_D336_S49_L001-L004_merged	5	0.0000	0.0001	1.0000
PsFluSBW25_chrm01_circ_4368075	Pf_BP_3_D364_S82_L001-L004_merged	5	0.0000	0.0006	1.0000
PsFluSBW25_chrm01_circ_4368075	Pf_BP_3_D392_S28_L001-L004_merged	5	0.0000	0.0000	1.0000
PsFluSBW25_chrm01_circ_4368075	Pf_BP_3_D420_S61_L001-L004_merged	5	0.0000	0.0000	1.0000
PsFluSBW25_chrm01_circ_4368075	Pf_BP_3_D448_S7_L001-L004_merged	5	0.0024	0.0043	1.0000
PsFluSBW25_chrm01_circ_4368075	Pf_BP_3_D476_S73_L001-L004_merged	5	0.0150	0.0052	1.0000
PsFluSBW25_chrm01_circ_4368075	Pf_BP_3_D504_S173_L001-L004_merged	5	0.0118	0.0038	1.0000
PsFluSBW25_chrm01_circ_4368075	Pf_BP_3_D532_S138_L001-L004_merged	5	0.0124	0.0043	1.0000
PsFluSBW25_chrm01_circ_4368075	Pf_BP_3_D56_S67_L001-L004_merged	5	0.0000	0.0006	1.0000
PsFluSBW25_chrm01_circ_4368075	Pf_BP_3_D588_S174_L001-L004_merged	5	0.0738	0.0092	1.0000
PsFluSBW25_chrm01_circ_4368075	Pf_BP_3_D616_S139_L001-L004_merged	5	0.1922	0.0143	1.0000
PsFluSBW25_chrm01_circ_4368075	Pf_BP_3_D623_S116_L001-L004_merged	5	0.2208	0.0160	1.0000
PsFluSBW25_chrm01_circ_4368075	Pf_BP_3_D644_S164_L001-L004_merged	5	0.1664	0.0128	1.0000
PsFluSBW25_chrm01_circ_4368075	Pf_BP_3_D700_S94_L001-L004_merged	5	0.4534	0.0166	1.0000
PsFluSBW25_chrm01_circ_4368075	Pf_BP_3_D728_S130_L001-L004_merged	5	0.1776	0.0125	1.0000
PsFluSBW25_chrm01_circ_4368075	Pf_BP_3_D756_S166_L001-L004_merged	5	0.3282	0.0160	1.0000
PsFluSBW25_chrm01_circ_4368075	Pf_BP_3_D784_S107_L001-L004_merged	5	0.3596	0.0154	1.0000
PsFluSBW25_chrm01_circ_4368075	Pf_BP_3_D84_S13_L001-L004_merged	5	0.0000	0.0001	1.0000
PsFluSBW25_chrm01_circ_441863	PS_Pf_r03_2017_01_09_L001	5	0.0202	0.0002	1.0000
PsFluSBW25_chrm01_circ_441863	Pf_BP_3_D112_S46_L001-L004_merged	5	0.0000	0.0002	1.0000
PsFluSBW25_chrm01_circ_441863	Pf_BP_3_D140_S79_L001-L004_merged	5	0.0000	0.0001	1.0000
PsFluSBW25_chrm01_circ_441863	Pf_BP_3_D168_S25_L001-L004_merged	5	0.0000	0.0002	1.0000
PsFluSBW25_chrm01_circ_441863	Pf_BP_3_D196_S58_L001-L004_merged	5	0.0000	0.0003	1.0000
PsFluSBW25_chrm01_circ_441863	Pf_BP_3_D224_S4_L001-L004_merged	5	0.0000	0.0001	1.0000
PsFluSBW25_chrm01_circ_441863	Pf_BP_3_D252_S37_L001-L004_merged	5	0.0000	0.0001	1.0000
PsFluSBW25_chrm01_circ_441863	Pf_BP_3_D279_S70_L001-L004_merged	5	0.0000	0.0001	1.0000
PsFluSBW25_chrm01_circ_441863	Pf_BP_3_D28_S23_L001-L004_merged	5	0.0000	0.0001	1.0000
PsFluSBW25_chrm01_circ_441863	Pf_BP_3_D310_S16_L001-L004_merged	5	0.0000	0.0000	1.0000
PsFluSBW25_chrm01_circ_441863	Pf_BP_3_D336_S49_L001-L004_merged	5	0.0000	0.0001	1.0000
PsFluSBW25_chrm01_circ_441863	Pf_BP_3_D364_S82_L001-L004_merged	5	0.0000	0.0006	1.0000
PsFluSBW25_chrm01_circ_441863	Pf_BP_3_D392_S28_L001-L004_merged	5	0.0000	0.0000	1.0000
PsFluSBW25_chrm01_circ_441863	Pf_BP_3_D420_S61_L001-L004_merged	5	0.0000	0.0000	1.0000
PsFluSBW25_chrm01_circ_441863	Pf_BP_3_D448_S7_L001-L004_merged	5	0.0024	0.0043	1.0000
PsFluSBW25_chrm01_circ_441863	Pf_BP_3_D476_S73_L001-L004_merged	5	0.0150	0.0052	1.0000
PsFluSBW25_chrm01_circ_441863	Pf_BP_3_D504_S173_L001-L004_merged	5	0.0118	0.0038	1.0000
PsFluSBW25_chrm01_circ_441863	Pf_BP_3_D532_S138_L001-L004_merged	5	0.0124	0.0043	1.0000
PsFluSBW25_chrm01_circ_441863	Pf_BP_3_D56_S67_L001-L004_merged	5	0.0000	0.0006	1.0000
PsFluSBW25_chrm01_circ_441863	Pf_BP_3_D588_S174_L001-L004_merged	5	0.0738	0.0092	1.0000
PsFluSBW25_chrm01_circ_441863	Pf_BP_3_D616_S139_L001-L004_merged	5	0.1922	0.0143	1.0000
PsFluSBW25_chrm01_circ_441863	Pf_BP_3_D623_S116_L001-L004_merged	5	0.2208	0.0160	1.0000
PsFluSBW25_chrm01_circ_441863	Pf_BP_3_D644_S164_L001-L004_merged	5	0.1664	0.0128	1.0000
PsFluSBW25_chrm01_circ_441863	Pf_BP_3_D700_S94_L001-L004_merged	5	0.4534	0.0166	1.0000
PsFluSBW25_chrm01_circ_441863	Pf_BP_3_D728_S130_L001-L004_merged	5	0.1776	0.0125	1.0000
PsFluSBW25_chrm01_circ_441863	Pf_BP_3_D756_S166_L001-L004_merged	5	0.3282	0.0160	1.0000
PsFluSBW25_chrm01_circ_441863	Pf_BP_3_D784_S107_L001-L004_merged	5	0.3596	0.0154	1.0000
PsFluSBW25_chrm01_circ_441863	Pf_BP_3_D84_S13_L001-L004_merged	5	0.0000	0.0001	1.0000
PsFluSBW25_chrm01_circ_4487200	PS_Pf_r03_2017_01_09_L001	5	0.0202	0.0002	1.0000
PsFluSBW25_chrm01_circ_4487200	Pf_BP_3_D112_S46_L001-L004_merged	5	0.0000	0.0002	1.0000
PsFluSBW25_chrm01_circ_4487200	Pf_BP_3_D140_S79_L001-L004_merged	5	0.0000	0.0001	1.0000
PsFluSBW25_chrm01_circ_4487200	Pf_BP_3_D168_S25_L001-L004_merged	5	0.0000	0.0002	1.0000
PsFluSBW25_chrm01_circ_4487200	Pf_BP_3_D196_S58_L001-L004_merged	5	0.0000	0.0003	1.0000
PsFluSBW25_chrm01_circ_4487200	Pf_BP_3_D224_S4_L001-L004_merged	5	0.0000	0.0001	1.0000
PsFluSBW25_chrm01_circ_4487200	Pf_BP_3_D252_S37_L001-L004_merged	5	0.0000	0.0001	1.0000
PsFluSBW25_chrm01_circ_4487200	Pf_BP_3_D279_S70_L001-L004_merged	5	0.0000	0.0001	1.0000
PsFluSBW25_chrm01_circ_4487200	Pf_BP_3_D28_S23_L001-L004_merged	5	0.0000	0.0001	1.0000
PsFluSBW25_chrm01_circ_4487200	Pf_BP_3_D310_S16_L001-L004_merged	5	0.0000	0.0000	1.0000
PsFluSBW25_chrm01_circ_4487200	Pf_BP_3_D336_S49_L001-L004_merged	5	0.0000	0.0001	1.0000
PsFluSBW25_chrm01_circ_4487200	Pf_BP_3_D364_S82_L001-L004_merged	5	0.0000	0.0006	1.0000
PsFluSBW25_chrm01_circ_4487200	Pf_BP_3_D392_S28_L001-L004_merged	5	0.0000	0.0000	1.0000
PsFluSBW25_chrm01_circ_4487200	Pf_BP_3_D420_S61_L001-L004_merged	5	0.0000	0.0000	1.0000
PsFluSBW25_chrm01_circ_4487200	Pf_BP_3_D448_S7_L001-L004_merged	5	0.0024	0.0043	1.0000
PsFluSBW25_chrm01_circ_4487200	Pf_BP_3_D476_S73_L001-L004_merged	5	0.0150	0.0052	1.0000
PsFluSBW25_chrm01_circ_4487200	Pf_BP_3_D504_S173_L001-L004_merged	5	0.0118	0.0038	1.0000
PsFluSBW25_chrm01_circ_4487200	Pf_BP_3_D532_S138_L001-L004_merged	5	0.0124	0.0043	1.0000
PsFluSBW25_chrm01_circ_4487200	Pf_BP_3_D56_S67_L001-L004_merged	5	0.0000	0.0006	1.0000
PsFluSBW25_chrm01_circ_4487200	Pf_BP_3_D588_S174_L001-L004_merged	5	0.0738	0.0092	1.0000
PsFluSBW25_chrm01_circ_4487200	Pf_BP_3_D616_S139_L001-L004_merged	5	0.1922	0.0143	1.0000
PsFluSBW25_chrm01_circ_4487200	Pf_BP_3_D623_S116_L001-L004_merged	5	0.2208	0.0160	1.0000
PsFluSBW25_chrm01_circ_4487200	Pf_BP_3_D644_S164_L001-L004_merged	5	0.1664	0.0128	1.0000
PsFluSBW25_chrm01_circ_4487200	Pf_BP_3_D700_S94_L001-L004_merged	5	0.4534	0.0166	1.0000
PsFluSBW25_chrm01_circ_4487200	Pf_BP_3_D728_S130_L001-L004_merged	5	0.1776	0.0125	1.0000
PsFluSBW25_chrm01_circ_4487200	Pf_BP_3_D756_S166_L001-L004_merged	5	0.3282	0.0160	1.0000
PsFluSBW25_chrm01_circ_4487200	Pf_BP_3_D784_S107_L001-L004_merged	5	0.3596	0.0154	1.0000
PsFluSBW25_chrm01_circ_4487200	Pf_BP_3_D84_S13_L001-L004_merged	5	0.0000	0.0001	1.0000
PsFluSBW25_chrm01_circ_4566022	PS_Pf_r03_2017_01_09_L001	5	0.0202	0.0002	1.0000
PsFluSBW25_chrm01_circ_4566022	Pf_BP_3_D112_S46_L001-L004_merged	5	0.0000	0.0002	1.0000
PsFluSBW25_chrm01_circ_4566022	Pf_BP_3_D140_S79_L001-L004_merged	5	0.0000	0.0001	1.0000
PsFluSBW25_chrm01_circ_4566022	Pf_BP_3_D168_S25_L001-L004_merged	5	0.0000	0.0002	1.0000
PsFluSBW25_chrm01_circ_4566022	Pf_BP_3_D196_S58_L001-L004_merged	5	0.0000	0.0003	1.0000
PsFluSBW25_chrm01_circ_4566022	Pf_BP_3_D224_S4_L001-L004_merged	5	0.0000	0.0001	1.0000
PsFluSBW25_chrm01_circ_4566022	Pf_BP_3_D252_S37_L001-L004_merged	5	0.0000	0.0001	1.0000
PsFluSBW25_chrm01_circ_4566022	Pf_BP_3_D279_S70_L001-L004_merged	5	0.0000	0.0001	1.0000
PsFluSBW25_chrm01_circ_4566022	Pf_BP_3_D28_S23_L001-L004_merged	5	0.0000	0.0001	1.0000
PsFluSBW25_chrm01_circ_4566022	Pf_BP_3_D310_S16_L001-L004_merged	5	0.0000	0.0000	1.0000
PsFluSBW25_chrm01_circ_4566022	Pf_BP_3_D336_S49_L001-L004_merged	5	0.0000	0.0001	1.0000
PsFluSBW25_chrm01_circ_4566022	Pf_BP_3_D364_S82_L001-L004_merged	5	0.0000	0.0006	1.0000
PsFluSBW25_chrm01_circ_4566022	Pf_BP_3_D392_S28_L001-L004_merged	5	0.0000	0.0000	1.0000
PsFluSBW25_chrm01_circ_4566022	Pf_BP_3_D420_S61_L001-L004_merged	5	0.0000	0.0000	1.0000
PsFluSBW25_chrm01_circ_4566022	Pf_BP_3_D448_S7_L001-L004_merged	5	0.0024	0.0043	1.0000
PsFluSBW25_chrm01_circ_4566022	Pf_BP_3_D476_S73_L001-L004_merged	5	0.0150	0.0052	1.0000
PsFluSBW25_chrm01_circ_4566022	Pf_BP_3_D504_S173_L001-L004_merged	5	0.0118	0.0038	1.0000
PsFluSBW25_chrm01_circ_4566022	Pf_BP_3_D532_S138_L001-L004_merged	5	0.0124	0.0043	1.0000
PsFluSBW25_chrm01_circ_4566022	Pf_BP_3_D56_S67_L001-L004_merged	5	0.0000	0.0006	1.0000
PsFluSBW25_chrm01_circ_4566022	Pf_BP_3_D588_S174_L001-L004_merged	5	0.0738	0.0092	1.0000
PsFluSBW25_chrm01_circ_4566022	Pf_BP_3_D616_S139_L001-L004_merged	5	0.1922	0.0143	1.0000
PsFluSBW25_chrm01_circ_4566022	Pf_BP_3_D623_S116_L001-L004_merged	5	0.2208	0.0160	1.0000
PsFluSBW25_chrm01_circ_4566022	Pf_BP_3_D644_S164_L001-L004_merged	5	0.1664	0.0128	1.0000
PsFluSBW25_chrm01_circ_4566022	Pf_BP_3_D700_S94_L001-L004_merged	5	0.4534	0.0166	1.0000
PsFluSBW25_chrm01_circ_4566022	Pf_BP_3_D728_S130_L001-L004_merged	5	0.1776	0.0125	1.0000
PsFluSBW25_chrm01_circ_4566022	Pf_BP_3_D756_S166_L001-L004_merged	5	0.3282	0.0160	1.0000
PsFluSBW25_chrm01_circ_4566022	Pf_BP_3_D784_S107_L001-L004_merged	5	0.3596	0.0154	1.0000
PsFluSBW25_chrm01_circ_4566022	Pf_BP_3_D84_S13_L001-L004_merged	5	0.0000	0.0001	1.0000
PsFluSBW25_chrm01_circ_4616287	PS_Pf_r03_2017_01_09_L001	5	0.0202	0.0002	1.0000
PsFluSBW25_chrm01_circ_4616287	Pf_BP_3_D112_S46_L001-L004_merged	5	0.0000	0.0002	1.0000
PsFluSBW25_chrm01_circ_4616287	Pf_BP_3_D140_S79_L001-L004_merged	5	0.0000	0.0001	1.0000
PsFluSBW25_chrm01_circ_4616287	Pf_BP_3_D168_S25_L001-L004_merged	5	0.0000	0.0002	1.0000
PsFluSBW25_chrm01_circ_4616287	Pf_BP_3_D196_S58_L001-L004_merged	5	0.0000	0.0003	1.0000
PsFluSBW25_chrm01_circ_4616287	Pf_BP_3_D224_S4_L001-L004_merged	5	0.0000	0.0001	1.0000
PsFluSBW25_chrm01_circ_4616287	Pf_BP_3_D252_S37_L001-L004_merged	5	0.0000	0.0001	1.0000
PsFluSBW25_chrm01_circ_4616287	Pf_BP_3_D279_S70_L001-L004_merged	5	0.0000	0.0001	1.0000
PsFluSBW25_chrm01_circ_4616287	Pf_BP_3_D28_S23_L001-L004_merged	5	0.0000	0.0001	1.0000
PsFluSBW25_chrm01_circ_4616287	Pf_BP_3_D310_S16_L001-L004_merged	5	0.0000	0.0000	1.0000
PsFluSBW25_chrm01_circ_4616287	Pf_BP_3_D336_S49_L001-L004_merged	5	0.0000	0.0001	1.0000
PsFluSBW25_chrm01_circ_4616287	Pf_BP_3_D364_S82_L001-L004_merged	5	0.0000	0.0006	1.0000
PsFluSBW25_chrm01_circ_4616287	Pf_BP_3_D392_S28_L001-L004_merged	5	0.0000	0.0000	1.0000
PsFluSBW25_chrm01_circ_4616287	Pf_BP_3_D420_S61_L001-L004_merged	5	0.0000	0.0000	1.0000
PsFluSBW25_chrm01_circ_4616287	Pf_BP_3_D448_S7_L001-L004_merged	5	0.0024	0.0043	1.0000
PsFluSBW25_chrm01_circ_4616287	Pf_BP_3_D476_S73_L001-L004_merged	5	0.0150	0.0052	1.0000
PsFluSBW25_chrm01_circ_4616287	Pf_BP_3_D504_S173_L001-L004_merged	5	0.0118	0.0038	1.0000
PsFluSBW25_chrm01_circ_4616287	Pf_BP_3_D532_S138_L001-L004_merged	5	0.0124	0.0043	1.0000
PsFluSBW25_chrm01_circ_4616287	Pf_BP_3_D56_S67_L001-L004_merged	5	0.0000	0.0006	1.0000
PsFluSBW25_chrm01_circ_4616287	Pf_BP_3_D588_S174_L001-L004_merged	5	0.0738	0.0092	1.0000
PsFluSBW25_chrm01_circ_4616287	Pf_BP_3_D616_S139_L001-L004_merged	5	0.1922	0.0143	1.0000
PsFluSBW25_chrm01_circ_4616287	Pf_BP_3_D623_S116_L001-L004_merged	5	0.2208	0.0160	1.0000
PsFluSBW25_chrm01_circ_4616287	Pf_BP_3_D644_S164_L001-L004_merged	5	0.1664	0.0128	1.0000
PsFluSBW25_chrm01_circ_4616287	Pf_BP_3_D700_S94_L001-L004_merged	5	0.4534	0.0166	1.0000
PsFluSBW25_chrm01_circ_4616287	Pf_BP_3_D728_S130_L001-L004_merged	5	0.1776	0.0125	1.0000
PsFluSBW25_chrm01_circ_4616287	Pf_BP_3_D756_S166_L001-L004_merged	5	0.3282	0.0160	1.0000
PsFluSBW25_chrm01_circ_4616287	Pf_BP_3_D784_S107_L001-L004_merged	5	0.3596	0.0154	1.0000
PsFluSBW25_chrm01_circ_4616287	Pf_BP_3_D84_S13_L001-L004_merged	5	0.0000	0.0001	1.0000
PsFluSBW25_chrm01_circ_4751880	PS_Pf_r03_2017_01_09_L001	5	0.0202	0.0002	1.0000
PsFluSBW25_chrm01_circ_4751880	Pf_BP_3_D112_S46_L001-L004_merged	5	0.0000	0.0002	1.0000
PsFluSBW25_chrm01_circ_4751880	Pf_BP_3_D140_S79_L001-L004_merged	5	0.0000	0.0001	1.0000
PsFluSBW25_chrm01_circ_4751880	Pf_BP_3_D168_S25_L001-L004_merged	5	0.0000	0.0002	1.0000
PsFluSBW25_chrm01_circ_4751880	Pf_BP_3_D196_S58_L001-L004_merged	5	0.0000	0.0003	1.0000
PsFluSBW25_chrm01_circ_4751880	Pf_BP_3_D224_S4_L001-L004_merged	5	0.0000	0.0001	1.0000
PsFluSBW25_chrm01_circ_4751880	Pf_BP_3_D252_S37_L001-L004_merged	5	0.0000	0.0001	1.0000
PsFluSBW25_chrm01_circ_4751880	Pf_BP_3_D279_S70_L001-L004_merged	5	0.0000	0.0001	1.0000
PsFluSBW25_chrm01_circ_4751880	Pf_BP_3_D28_S23_L001-L004_merged	5	0.0000	0.0001	1.0000
PsFluSBW25_chrm01_circ_4751880	Pf_BP_3_D310_S16_L001-L004_merged	5	0.0000	0.0000	1.0000
PsFluSBW25_chrm01_circ_4751880	Pf_BP_3_D336_S49_L001-L004_merged	5	0.0000	0.0001	1.0000
PsFluSBW25_chrm01_circ_4751880	Pf_BP_3_D364_S82_L001-L004_merged	5	0.0000	0.0006	1.0000
PsFluSBW25_chrm01_circ_4751880	Pf_BP_3_D392_S28_L001-L004_merged	5	0.0000	0.0000	1.0000
PsFluSBW25_chrm01_circ_4751880	Pf_BP_3_D420_S61_L001-L004_merged	5	0.0000	0.0000	1.0000
PsFluSBW25_chrm01_circ_4751880	Pf_BP_3_D448_S7_L001-L004_merged	5	0.0024	0.0043	1.0000
PsFluSBW25_chrm01_circ_4751880	Pf_BP_3_D476_S73_L001-L004_merged	5	0.0150	0.0052	1.0000
PsFluSBW25_chrm01_circ_4751880	Pf_BP_3_D504_S173_L001-L004_merged	5	0.0118	0.0038	1.0000
PsFluSBW25_chrm01_circ_4751880	Pf_BP_3_D532_S138_L001-L004_merged	5	0.0124	0.0043	1.0000
PsFluSBW25_chrm01_circ_4751880	Pf_BP_3_D56_S67_L001-L004_merged	5	0.0000	0.0006	1.0000
PsFluSBW25_chrm01_circ_4751880	Pf_BP_3_D588_S174_L001-L004_merged	5	0.0738	0.0092	1.0000
PsFluSBW25_chrm01_circ_4751880	Pf_BP_3_D616_S139_L001-L004_merged	5	0.1922	0.0143	1.0000
PsFluSBW25_chrm01_circ_4751880	Pf_BP_3_D623_S116_L001-L004_merged	5	0.2208	0.0160	1.0000
PsFluSBW25_chrm01_circ_4751880	Pf_BP_3_D644_S164_L001-L004_merged	5	0.1664	0.0128	1.0000
PsFluSBW25_chrm01_circ_4751880	Pf_BP_3_D700_S94_L001-L004_merged	5	0.4534	0.0166	1.0000
PsFluSBW25_chrm01_circ_4751880	Pf_BP_3_D728_S130_L001-L004_merged	5	0.1776	0.0125	1.0000
PsFluSBW25_chrm01_circ_4751880	Pf_BP_3_D756_S166_L001-L004_merged	5	0.3282	0.0160	1.0000
PsFluSBW25_chrm01_circ_4751880	Pf_BP_3_D784_S107_L001-L004_merged	5	0.3596	0.0154	1.0000
PsFluSBW25_chrm01_circ_4751880	Pf_BP_3_D84_S13_L001-L004_merged	5	0.0000	0.0001	1.0000
PsFluSBW25_chrm01_circ_4803873	PS_Pf_r03_2017_01_09_L001	5	0.0202	0.0002	1.0000
PsFluSBW25_chrm01_circ_4803873	Pf_BP_3_D112_S46_L001-L004_merged	5	0.0000	0.0002	1.0000
PsFluSBW25_chrm01_circ_4803873	Pf_BP_3_D140_S79_L001-L004_merged	5	0.0000	0.0001	1.0000
PsFluSBW25_chrm01_circ_4803873	Pf_BP_3_D168_S25_L001-L004_merged	5	0.0000	0.0002	1.0000
PsFluSBW25_chrm01_circ_4803873	Pf_BP_3_D196_S58_L001-L004_merged	5	0.0000	0.0003	1.0000
PsFluSBW25_chrm01_circ_4803873	Pf_BP_3_D224_S4_L001-L004_merged	5	0.0000	0.0001	1.0000
PsFluSBW25_chrm01_circ_4803873	Pf_BP_3_D252_S37_L001-L004_merged	5	0.0000	0.0001	1.0000
PsFluSBW25_chrm01_circ_4803873	Pf_BP_3_D279_S70_L001-L004_merged	5	0.0000	0.0001	1.0000
PsFluSBW25_chrm01_circ_4803873	Pf_BP_3_D28_S23_L001-L004_merged	5	0.0000	0.0001	1.0000
PsFluSBW25_chrm01_circ_4803873	Pf_BP_3_D310_S16_L001-L004_merged	5	0.0000	0.0000	1.0000
PsFluSBW25_chrm01_circ_4803873	Pf_BP_3_D336_S49_L001-L004_merged	5	0.0000	0.0001	1.0000
PsFluSBW25_chrm01_circ_4803873	Pf_BP_3_D364_S82_L001-L004_merged	5	0.0000	0.0006	1.0000
PsFluSBW25_chrm01_circ_4803873	Pf_BP_3_D392_S28_L001-L004_merged	5	0.0000	0.0000	1.0000
PsFluSBW25_chrm01_circ_4803873	Pf_BP_3_D420_S61_L001-L004_merged	5	0.0000	0.0000	1.0000
PsFluSBW25_chrm01_circ_4803873	Pf_BP_3_D448_S7_L001-L004_merged	5	0.0024	0.0043	1.0000
PsFluSBW25_chrm01_circ_4803873	Pf_BP_3_D476_S73_L001-L004_merged	5	0.0150	0.0052	1.0000
PsFluSBW25_chrm01_circ_4803873	Pf_BP_3_D504_S173_L001-L004_merged	5	0.0118	0.0038	1.0000
PsFluSBW25_chrm01_circ_4803873	Pf_BP_3_D532_S138_L001-L004_merged	5	0.0124	0.0043	1.0000
PsFluSBW25_chrm01_circ_4803873	Pf_BP_3_D56_S67_L001-L004_merged	5	0.0000	0.0006	1.0000
PsFluSBW25_chrm01_circ_4803873	Pf_BP_3_D588_S174_L001-L004_merged	5	0.0738	0.0092	1.0000
PsFluSBW25_chrm01_circ_4803873	Pf_BP_3_D616_S139_L001-L004_merged	5	0.1922	0.0143	1.0000
PsFluSBW25_chrm01_circ_4803873	Pf_BP_3_D623_S116_L001-L004_merged	5	0.2208	0.0160	1.0000
PsFluSBW25_chrm01_circ_4803873	Pf_BP_3_D644_S164_L001-L004_merged	5	0.1664	0.0128	1.0000
PsFluSBW25_chrm01_circ_4803873	Pf_BP_3_D700_S94_L001-L004_merged	5	0.4534	0.0166	1.0000
PsFluSBW25_chrm01_circ_4803873	Pf_BP_3_D728_S130_L001-L004_merged	5	0.1776	0.0125	1.0000
PsFluSBW25_chrm01_circ_4803873	Pf_BP_3_D756_S166_L001-L004_merged	5	0.3282	0.0160	1.0000
PsFluSBW25_chrm01_circ_4803873	Pf_BP_3_D784_S107_L001-L004_merged	5	0.3596	0.0154	1.0000
PsFluSBW25_chrm01_circ_4803873	Pf_BP_3_D84_S13_L001-L004_merged	5	0.0000	0.0001	1.0000
PsFluSBW25_chrm01_circ_5068086	PS_Pf_r03_2017_01_09_L001	5	0.0202	0.0002	1.0000
PsFluSBW25_chrm01_circ_5068086	Pf_BP_3_D112_S46_L001-L004_merged	5	0.0000	0.0002	1.0000
PsFluSBW25_chrm01_circ_5068086	Pf_BP_3_D140_S79_L001-L004_merged	5	0.0000	0.0001	1.0000
PsFluSBW25_chrm01_circ_5068086	Pf_BP_3_D168_S25_L001-L004_merged	5	0.0000	0.0002	1.0000
PsFluSBW25_chrm01_circ_5068086	Pf_BP_3_D196_S58_L001-L004_merged	5	0.0000	0.0003	1.0000
PsFluSBW25_chrm01_circ_5068086	Pf_BP_3_D224_S4_L001-L004_merged	5	0.0000	0.0001	1.0000
PsFluSBW25_chrm01_circ_5068086	Pf_BP_3_D252_S37_L001-L004_merged	5	0.0000	0.0001	1.0000
PsFluSBW25_chrm01_circ_5068086	Pf_BP_3_D279_S70_L001-L004_merged	5	0.0000	0.0001	1.0000
PsFluSBW25_chrm01_circ_5068086	Pf_BP_3_D28_S23_L001-L004_merged	5	0.0000	0.0001	1.0000
PsFluSBW25_chrm01_circ_5068086	Pf_BP_3_D310_S16_L001-L004_merged	5	0.0000	0.0000	1.0000
PsFluSBW25_chrm01_circ_5068086	Pf_BP_3_D336_S49_L001-L004_merged	5	0.0000	0.0001	1.0000
PsFluSBW25_chrm01_circ_5068086	Pf_BP_3_D364_S82_L001-L004_merged	5	0.0000	0.0006	1.0000
PsFluSBW25_chrm01_circ_5068086	Pf_BP_3_D392_S28_L001-L004_merged	5	0.0000	0.0000	1.0000
PsFluSBW25_chrm01_circ_5068086	Pf_BP_3_D420_S61_L001-L004_merged	5	0.0000	0.0000	1.0000
PsFluSBW25_chrm01_circ_5068086	Pf_BP_3_D448_S7_L001-L004_merged	5	0.0024	0.0043	1.0000
PsFluSBW25_chrm01_circ_5068086	Pf_BP_3_D476_S73_L001-L004_merged	5	0.0150	0.0052	1.0000
PsFluSBW25_chrm01_circ_5068086	Pf_BP_3_D504_S173_L001-L004_merged	5	0.0118	0.0038	1.0000
PsFluSBW25_chrm01_circ_5068086	Pf_BP_3_D532_S138_L001-L004_merged	5	0.0124	0.0043	1.0000
PsFluSBW25_chrm01_circ_5068086	Pf_BP_3_D56_S67_L001-L004_merged	5	0.0000	0.0006	1.0000
PsFluSBW25_chrm01_circ_5068086	Pf_BP_3_D588_S174_L001-L004_merged	5	0.0738	0.0092	1.0000
PsFluSBW25_chrm01_circ_5068086	Pf_BP_3_D616_S139_L001-L004_merged	5	0.1922	0.0143	1.0000
PsFluSBW25_chrm01_circ_5068086	Pf_BP_3_D623_S116_L001-L004_merged	5	0.2208	0.0160	1.0000
PsFluSBW25_chrm01_circ_5068086	Pf_BP_3_D644_S164_L001-L004_merged	5	0.1664	0.0128	1.0000
PsFluSBW25_chrm01_circ_5068086	Pf_BP_3_D700_S94_L001-L004_merged	5	0.4534	0.0166	1.0000
PsFluSBW25_chrm01_circ_5068086	Pf_BP_3_D728_S130_L001-L004_merged	5	0.1776	0.0125	1.0000
PsFluSBW25_chrm01_circ_5068086	Pf_BP_3_D756_S166_L001-L004_merged	5	0.3282	0.0160	1.0000
PsFluSBW25_chrm01_circ_5068086	Pf_BP_3_D784_S107_L001-L004_merged	5	0.3596	0.0154	1.0000
PsFluSBW25_chrm01_circ_5068086	Pf_BP_3_D84_S13_L001-L004_merged	5	0.0000	0.0001	1.0000
PsFluSBW25_chrm01_circ_5176227	PS_Pf_r03_2017_01_09_L001	5	0.0202	0.0002	1.0000
PsFluSBW25_chrm01_circ_5176227	Pf_BP_3_D112_S46_L001-L004_merged	5	0.0000	0.0002	1.0000
PsFluSBW25_chrm01_circ_5176227	Pf_BP_3_D140_S79_L001-L004_merged	5	0.0000	0.0001	1.0000
PsFluSBW25_chrm01_circ_5176227	Pf_BP_3_D168_S25_L001-L004_merged	5	0.0000	0.0002	1.0000
PsFluSBW25_chrm01_circ_5176227	Pf_BP_3_D196_S58_L001-L004_merged	5	0.0000	0.0003	1.0000
PsFluSBW25_chrm01_circ_5176227	Pf_BP_3_D224_S4_L001-L004_merged	5	0.0000	0.0001	1.0000
PsFluSBW25_chrm01_circ_5176227	Pf_BP_3_D252_S37_L001-L004_merged	5	0.0000	0.0001	1.0000
PsFluSBW25_chrm01_circ_5176227	Pf_BP_3_D279_S70_L001-L004_merged	5	0.0000	0.0001	1.0000
PsFluSBW25_chrm01_circ_5176227	Pf_BP_3_D28_S23_L001-L004_merged	5	0.0000	0.0001	1.0000
PsFluSBW25_chrm01_circ_5176227	Pf_BP_3_D310_S16_L001-L004_merged	5	0.0000	0.0000	1.0000
PsFluSBW25_chrm01_circ_5176227	Pf_BP_3_D336_S49_L001-L004_merged	5	0.0000	0.0001	1.0000
PsFluSBW25_chrm01_circ_5176227	Pf_BP_3_D364_S82_L001-L004_merged	5	0.0000	0.0006	1.0000
PsFluSBW25_chrm01_circ_5176227	Pf_BP_3_D392_S28_L001-L004_merged	5	0.0000	0.0000	1.0000
PsFluSBW25_chrm01_circ_5176227	Pf_BP_3_D420_S61_L001-L004_merged	5	0.0000	0.0000	1.0000
PsFluSBW25_chrm01_circ_5176227	Pf_BP_3_D448_S7_L001-L004_merged	5	0.0024	0.0043	1.0000
PsFluSBW25_chrm01_circ_5176227	Pf_BP_3_D476_S73_L001-L004_merged	5	0.0150	0.0052	1.0000
PsFluSBW25_chrm01_circ_5176227	Pf_BP_3_D504_S173_L001-L004_merged	5	0.0118	0.0038	1.0000
PsFluSBW25_chrm01_circ_5176227	Pf_BP_3_D532_S138_L001-L004_merged	5	0.0124	0.0043	1.0000
PsFluSBW25_chrm01_circ_5176227	Pf_BP_3_D56_S67_L001-L004_merged	5	0.0000	0.0006	1.0000
PsFluSBW25_chrm01_circ_5176227	Pf_BP_3_D588_S174_L001-L004_merged	5	0.0738	0.0092	1.0000
PsFluSBW25_chrm01_circ_5176227	Pf_BP_3_D616_S139_L001-L004_merged	5	0.1922	0.0143	1.0000
PsFluSBW25_chrm01_circ_5176227	Pf_BP_3_D623_S116_L001-L004_merged	5	0.2208	0.0160	1.0000
PsFluSBW25_chrm01_circ_5176227	Pf_BP_3_D644_S164_L001-L004_merged	5	0.1664	0.0128	1.0000
PsFluSBW25_chrm01_circ_5176227	Pf_BP_3_D700_S94_L001-L004_merged	5	0.4534	0.0166	1.0000
PsFluSBW25_chrm01_circ_5176227	Pf_BP_3_D728_S130_L001-L004_merged	5	0.1776	0.0125	1.0000
PsFluSBW25_chrm01_circ_5176227	Pf_BP_3_D756_S166_L001-L004_merged	5	0.3282	0.0160	1.0000
PsFluSBW25_chrm01_circ_5176227	Pf_BP_3_D784_S107_L001-L004_merged	5	0.3596	0.0154	1.0000
PsFluSBW25_chrm01_circ_5176227	Pf_BP_3_D84_S13_L001-L004_merged	5	0.0000	0.0001	1.0000
PsFluSBW25_chrm01_circ_528492	PS_Pf_r03_2017_01_09_L001	5	0.0202	0.0002	1.0000
PsFluSBW25_chrm01_circ_528492	Pf_BP_3_D112_S46_L001-L004_merged	5	0.0000	0.0002	1.0000
PsFluSBW25_chrm01_circ_528492	Pf_BP_3_D140_S79_L001-L004_merged	5	0.0000	0.0001	1.0000
PsFluSBW25_chrm01_circ_528492	Pf_BP_3_D168_S25_L001-L004_merged	5	0.0000	0.0002	1.0000
PsFluSBW25_chrm01_circ_528492	Pf_BP_3_D196_S58_L001-L004_merged	5	0.0000	0.0003	1.0000
PsFluSBW25_chrm01_circ_528492	Pf_BP_3_D224_S4_L001-L004_merged	5	0.0000	0.0001	1.0000
PsFluSBW25_chrm01_circ_528492	Pf_BP_3_D252_S37_L001-L004_merged	5	0.0000	0.0001	1.0000
PsFluSBW25_chrm01_circ_528492	Pf_BP_3_D279_S70_L001-L004_merged	5	0.0000	0.0001	1.0000
PsFluSBW25_chrm01_circ_528492	Pf_BP_3_D28_S23_L001-L004_merged	5	0.0000	0.0001	1.0000
PsFluSBW25_chrm01_circ_528492	Pf_BP_3_D310_S16_L001-L004_merged	5	0.0000	0.0000	1.0000
PsFluSBW25_chrm01_circ_528492	Pf_BP_3_D336_S49_L001-L004_merged	5	0.0000	0.0001	1.0000
PsFluSBW25_chrm01_circ_528492	Pf_BP_3_D364_S82_L001-L004_merged	5	0.0000	0.0006	1.0000
PsFluSBW25_chrm01_circ_528492	Pf_BP_3_D392_S28_L001-L004_merged	5	0.0000	0.0000	1.0000
PsFluSBW25_chrm01_circ_528492	Pf_BP_3_D420_S61_L001-L004_merged	5	0.0000	0.0000	1.0000
PsFluSBW25_chrm01_circ_528492	Pf_BP_3_D448_S7_L001-L004_merged	5	0.0024	0.0043	1.0000
PsFluSBW25_chrm01_circ_528492	Pf_BP_3_D476_S73_L001-L004_merged	5	0.0150	0.0052	1.0000
PsFluSBW25_chrm01_circ_528492	Pf_BP_3_D504_S173_L001-L004_merged	5	0.0118	0.0038	1.0000
PsFluSBW25_chrm01_circ_528492	Pf_BP_3_D532_S138_L001-L004_merged	5	0.0124	0.0043	1.0000
PsFluSBW25_chrm01_circ_528492	Pf_BP_3_D56_S67_L001-L004_merged	5	0.0000	0.0006	1.0000
PsFluSBW25_chrm01_circ_528492	Pf_BP_3_D588_S174_L001-L004_merged	5	0.0738	0.0092	1.0000
PsFluSBW25_chrm01_circ_528492	Pf_BP_3_D616_S139_L001-L004_merged	5	0.1922	0.0143	1.0000
PsFluSBW25_chrm01_circ_528492	Pf_BP_3_D623_S116_L001-L004_merged	5	0.2208	0.0160	1.0000
PsFluSBW25_chrm01_circ_528492	Pf_BP_3_D644_S164_L001-L004_merged	5	0.1664	0.0128	1.0000
PsFluSBW25_chrm01_circ_528492	Pf_BP_3_D700_S94_L001-L004_merged	5	0.4534	0.0166	1.0000
PsFluSBW25_chrm01_circ_528492	Pf_BP_3_D728_S130_L001-L004_merged	5	0.1776	0.0125	1.0000
PsFluSBW25_chrm01_circ_528492	Pf_BP_3_D756_S166_L001-L004_merged	5	0.3282	0.0160	1.0000
PsFluSBW25_chrm01_circ_528492	Pf_BP_3_D784_S107_L001-L004_merged	5	0.3596	0.0154	1.0000
PsFluSBW25_chrm01_circ_528492	Pf_BP_3_D84_S13_L001-L004_merged	5	0.0000	0.0001	1.0000
PsFluSBW25_chrm01_circ_5306363	PS_Pf_r03_2017_01_09_L001	5	0.0202	0.0002	1.0000
PsFluSBW25_chrm01_circ_5306363	Pf_BP_3_D112_S46_L001-L004_merged	5	0.0000	0.0002	1.0000
PsFluSBW25_chrm01_circ_5306363	Pf_BP_3_D140_S79_L001-L004_merged	5	0.0000	0.0001	1.0000
PsFluSBW25_chrm01_circ_5306363	Pf_BP_3_D168_S25_L001-L004_merged	5	0.0000	0.0002	1.0000
PsFluSBW25_chrm01_circ_5306363	Pf_BP_3_D196_S58_L001-L004_merged	5	0.0000	0.0003	1.0000
PsFluSBW25_chrm01_circ_5306363	Pf_BP_3_D224_S4_L001-L004_merged	5	0.0000	0.0001	1.0000
PsFluSBW25_chrm01_circ_5306363	Pf_BP_3_D252_S37_L001-L004_merged	5	0.0000	0.0001	1.0000
PsFluSBW25_chrm01_circ_5306363	Pf_BP_3_D279_S70_L001-L004_merged	5	0.0000	0.0001	1.0000
PsFluSBW25_chrm01_circ_5306363	Pf_BP_3_D28_S23_L001-L004_merged	5	0.0000	0.0001	1.0000
PsFluSBW25_chrm01_circ_5306363	Pf_BP_3_D310_S16_L001-L004_merged	5	0.0000	0.0000	1.0000
PsFluSBW25_chrm01_circ_5306363	Pf_BP_3_D336_S49_L001-L004_merged	5	0.0000	0.0001	1.0000
PsFluSBW25_chrm01_circ_5306363	Pf_BP_3_D364_S82_L001-L004_merged	5	0.0000	0.0006	1.0000
PsFluSBW25_chrm01_circ_5306363	Pf_BP_3_D392_S28_L001-L004_merged	5	0.0000	0.0000	1.0000
PsFluSBW25_chrm01_circ_5306363	Pf_BP_3_D420_S61_L001-L004_merged	5	0.0000	0.0000	1.0000
PsFluSBW25_chrm01_circ_5306363	Pf_BP_3_D448_S7_L001-L004_merged	5	0.0024	0.0043	1.0000
PsFluSBW25_chrm01_circ_5306363	Pf_BP_3_D476_S73_L001-L004_merged	5	0.0150	0.0052	1.0000
PsFluSBW25_chrm01_circ_5306363	Pf_BP_3_D504_S173_L001-L004_merged	5	0.0118	0.0038	1.0000
PsFluSBW25_chrm01_circ_5306363	Pf_BP_3_D532_S138_L001-L004_merged	5	0.0124	0.0043	1.0000
PsFluSBW25_chrm01_circ_5306363	Pf_BP_3_D56_S67_L001-L004_merged	5	0.0000	0.0006	1.0000
PsFluSBW25_chrm01_circ_5306363	Pf_BP_3_D588_S174_L001-L004_merged	5	0.0738	0.0092	1.0000
PsFluSBW25_chrm01_circ_5306363	Pf_BP_3_D616_S139_L001-L004_merged	5	0.1922	0.0143	1.0000
PsFluSBW25_chrm01_circ_5306363	Pf_BP_3_D623_S116_L001-L004_merged	5	0.2208	0.0160	1.0000
PsFluSBW25_chrm01_circ_5306363	Pf_BP_3_D644_S164_L001-L004_merged	5	0.1664	0.0128	1.0000
PsFluSBW25_chrm01_circ_5306363	Pf_BP_3_D700_S94_L001-L004_merged	5	0.4534	0.0166	1.0000
PsFluSBW25_chrm01_circ_5306363	Pf_BP_3_D728_S130_L001-L004_merged	5	0.1776	0.0125	1.0000
PsFluSBW25_chrm01_circ_5306363	Pf_BP_3_D756_S166_L001-L004_merged	5	0.3282	0.0160	1.0000
PsFluSBW25_chrm01_circ_5306363	Pf_BP_3_D784_S107_L001-L004_merged	5	0.3596	0.0154	1.0000
PsFluSBW25_chrm01_circ_5306363	Pf_BP_3_D84_S13_L001-L004_merged	5	0.0000	0.0001	1.0000
PsFluSBW25_chrm01_circ_5396337	PS_Pf_r03_2017_01_09_L001	5	0.0202	0.0002	1.0000
PsFluSBW25_chrm01_circ_5396337	Pf_BP_3_D112_S46_L001-L004_merged	5	0.0000	0.0002	1.0000
PsFluSBW25_chrm01_circ_5396337	Pf_BP_3_D140_S79_L001-L004_merged	5	0.0000	0.0001	1.0000
PsFluSBW25_chrm01_circ_5396337	Pf_BP_3_D168_S25_L001-L004_merged	5	0.0000	0.0002	1.0000
PsFluSBW25_chrm01_circ_5396337	Pf_BP_3_D196_S58_L001-L004_merged	5	0.0000	0.0003	1.0000
PsFluSBW25_chrm01_circ_5396337	Pf_BP_3_D224_S4_L001-L004_merged	5	0.0000	0.0001	1.0000
PsFluSBW25_chrm01_circ_5396337	Pf_BP_3_D252_S37_L001-L004_merged	5	0.0000	0.0001	1.0000
PsFluSBW25_chrm01_circ_5396337	Pf_BP_3_D279_S70_L001-L004_merged	5	0.0000	0.0001	1.0000
PsFluSBW25_chrm01_circ_5396337	Pf_BP_3_D28_S23_L001-L004_merged	5	0.0000	0.0001	1.0000
PsFluSBW25_chrm01_circ_5396337	Pf_BP_3_D310_S16_L001-L004_merged	5	0.0000	0.0000	1.0000
PsFluSBW25_chrm01_circ_5396337	Pf_BP_3_D336_S49_L001-L004_merged	5	0.0000	0.0001	1.0000
PsFluSBW25_chrm01_circ_5396337	Pf_BP_3_D364_S82_L001-L004_merged	5	0.0000	0.0006	1.0000
PsFluSBW25_chrm01_circ_5396337	Pf_BP_3_D392_S28_L001-L004_merged	5	0.0000	0.0000	1.0000
PsFluSBW25_chrm01_circ_5396337	Pf_BP_3_D420_S61_L001-L004_merged	5	0.0000	0.0000	1.0000
PsFluSBW25_chrm01_circ_5396337	Pf_BP_3_D448_S7_L001-L004_merged	5	0.0024	0.0043	1.0000
PsFluSBW25_chrm01_circ_5396337	Pf_BP_3_D476_S73_L001-L004_merged	5	0.0150	0.0052	1.0000
PsFluSBW25_chrm01_circ_5396337	Pf_BP_3_D504_S173_L001-L004_merged	5	0.0118	0.0038	1.0000
PsFluSBW25_chrm01_circ_5396337	Pf_BP_3_D532_S138_L001-L004_merged	5	0.0124	0.0043	1.0000
PsFluSBW25_chrm01_circ_5396337	Pf_BP_3_D56_S67_L001-L004_merged	5	0.0000	0.0006	1.0000
PsFluSBW25_chrm01_circ_5396337	Pf_BP_3_D588_S174_L001-L004_merged	5	0.0738	0.0092	1.0000
PsFluSBW25_chrm01_circ_5396337	Pf_BP_3_D616_S139_L001-L004_merged	5	0.1922	0.0143	1.0000
PsFluSBW25_chrm01_circ_5396337	Pf_BP_3_D623_S116_L001-L004_merged	5	0.2208	0.0160	1.0000
PsFluSBW25_chrm01_circ_5396337	Pf_BP_3_D644_S164_L001-L004_merged	5	0.1664	0.0128	1.0000
PsFluSBW25_chrm01_circ_5396337	Pf_BP_3_D700_S94_L001-L004_merged	5	0.4534	0.0166	1.0000
PsFluSBW25_chrm01_circ_5396337	Pf_BP_3_D728_S130_L001-L004_merged	5	0.1776	0.0125	1.0000
PsFluSBW25_chrm01_circ_5396337	Pf_BP_3_D756_S166_L001-L004_merged	5	0.3282	0.0160	1.0000
PsFluSBW25_chrm01_circ_5396337	Pf_BP_3_D784_S107_L001-L004_merged	5	0.3596	0.0154	1.0000
PsFluSBW25_chrm01_circ_5396337	Pf_BP_3_D84_S13_L001-L004_merged	5	0.0000	0.0001	1.0000
PsFluSBW25_chrm01_circ_5468527	PS_Pf_r03_2017_01_09_L001	5	0.0202	0.0002	1.0000
PsFluSBW25_chrm01_circ_5468527	Pf_BP_3_D112_S46_L001-L004_merged	5	0.0000	0.0002	1.0000
PsFluSBW25_chrm01_circ_5468527	Pf_BP_3_D140_S79_L001-L004_merged	5	0.0000	0.0001	1.0000
PsFluSBW25_chrm01_circ_5468527	Pf_BP_3_D168_S25_L001-L004_merged	5	0.0000	0.0002	1.0000
PsFluSBW25_chrm01_circ_5468527	Pf_BP_3_D196_S58_L001-L004_merged	5	0.0000	0.0003	1.0000
PsFluSBW25_chrm01_circ_5468527	Pf_BP_3_D224_S4_L001-L004_merged	5	0.0000	0.0001	1.0000
PsFluSBW25_chrm01_circ_5468527	Pf_BP_3_D252_S37_L001-L004_merged	5	0.0000	0.0001	1.0000
PsFluSBW25_chrm01_circ_5468527	Pf_BP_3_D279_S70_L001-L004_merged	5	0.0000	0.0001	1.0000
PsFluSBW25_chrm01_circ_5468527	Pf_BP_3_D28_S23_L001-L004_merged	5	0.0000	0.0001	1.0000
PsFluSBW25_chrm01_circ_5468527	Pf_BP_3_D310_S16_L001-L004_merged	5	0.0000	0.0000	1.0000
PsFluSBW25_chrm01_circ_5468527	Pf_BP_3_D336_S49_L001-L004_merged	5	0.0000	0.0001	1.0000
PsFluSBW25_chrm01_circ_5468527	Pf_BP_3_D364_S82_L001-L004_merged	5	0.0000	0.0006	1.0000
PsFluSBW25_chrm01_circ_5468527	Pf_BP_3_D392_S28_L001-L004_merged	5	0.0000	0.0000	1.0000
PsFluSBW25_chrm01_circ_5468527	Pf_BP_3_D420_S61_L001-L004_merged	5	0.0000	0.0000	1.0000
PsFluSBW25_chrm01_circ_5468527	Pf_BP_3_D448_S7_L001-L004_merged	5	0.0024	0.0043	1.0000
PsFluSBW25_chrm01_circ_5468527	Pf_BP_3_D476_S73_L001-L004_merged	5	0.0150	0.0052	1.0000
PsFluSBW25_chrm01_circ_5468527	Pf_BP_3_D504_S173_L001-L004_merged	5	0.0118	0.0038	1.0000
PsFluSBW25_chrm01_circ_5468527	Pf_BP_3_D532_S138_L001-L004_merged	5	0.0124	0.0043	1.0000
PsFluSBW25_chrm01_circ_5468527	Pf_BP_3_D56_S67_L001-L004_merged	5	0.0000	0.0006	1.0000
PsFluSBW25_chrm01_circ_5468527	Pf_BP_3_D588_S174_L001-L004_merged	5	0.0738	0.0092	1.0000
PsFluSBW25_chrm01_circ_5468527	Pf_BP_3_D616_S139_L001-L004_merged	5	0.1922	0.0143	1.0000
PsFluSBW25_chrm01_circ_5468527	Pf_BP_3_D623_S116_L001-L004_merged	5	0.2208	0.0160	1.0000
PsFluSBW25_chrm01_circ_5468527	Pf_BP_3_D644_S164_L001-L004_merged	5	0.1664	0.0128	1.0000
PsFluSBW25_chrm01_circ_5468527	Pf_BP_3_D700_S94_L001-L004_merged	5	0.4534	0.0166	1.0000
PsFluSBW25_chrm01_circ_5468527	Pf_BP_3_D728_S130_L001-L004_merged	5	0.1776	0.0125	1.0000
PsFluSBW25_chrm01_circ_5468527	Pf_BP_3_D756_S166_L001-L004_merged	5	0.3282	0.0160	1.0000
PsFluSBW25_chrm01_circ_5468527	Pf_BP_3_D784_S107_L001-L004_merged	5	0.3596	0.0154	1.0000
PsFluSBW25_chrm01_circ_5468527	Pf_BP_3_D84_S13_L001-L004_merged	5	0.0000	0.0001	1.0000
PsFluSBW25_chrm01_circ_5516969	PS_Pf_r03_2017_01_09_L001	5	0.0202	0.0002	1.0000
PsFluSBW25_chrm01_circ_5516969	Pf_BP_3_D112_S46_L001-L004_merged	5	0.0000	0.0002	1.0000
PsFluSBW25_chrm01_circ_5516969	Pf_BP_3_D140_S79_L001-L004_merged	5	0.0000	0.0001	1.0000
PsFluSBW25_chrm01_circ_5516969	Pf_BP_3_D168_S25_L001-L004_merged	5	0.0000	0.0002	1.0000
PsFluSBW25_chrm01_circ_5516969	Pf_BP_3_D196_S58_L001-L004_merged	5	0.0000	0.0003	1.0000
PsFluSBW25_chrm01_circ_5516969	Pf_BP_3_D224_S4_L001-L004_merged	5	0.0000	0.0001	1.0000
PsFluSBW25_chrm01_circ_5516969	Pf_BP_3_D252_S37_L001-L004_merged	5	0.0000	0.0001	1.0000
PsFluSBW25_chrm01_circ_5516969	Pf_BP_3_D279_S70_L001-L004_merged	5	0.0000	0.0001	1.0000
PsFluSBW25_chrm01_circ_5516969	Pf_BP_3_D28_S23_L001-L004_merged	5	0.0000	0.0001	1.0000
PsFluSBW25_chrm01_circ_5516969	Pf_BP_3_D310_S16_L001-L004_merged	5	0.0000	0.0000	1.0000
PsFluSBW25_chrm01_circ_5516969	Pf_BP_3_D336_S49_L001-L004_merged	5	0.0000	0.0001	1.0000
PsFluSBW25_chrm01_circ_5516969	Pf_BP_3_D364_S82_L001-L004_merged	5	0.0000	0.0006	1.0000
PsFluSBW25_chrm01_circ_5516969	Pf_BP_3_D392_S28_L001-L004_merged	5	0.0000	0.0000	1.0000
PsFluSBW25_chrm01_circ_5516969	Pf_BP_3_D420_S61_L001-L004_merged	5	0.0000	0.0000	1.0000
PsFluSBW25_chrm01_circ_5516969	Pf_BP_3_D448_S7_L001-L004_merged	5	0.0024	0.0043	1.0000
PsFluSBW25_chrm01_circ_5516969	Pf_BP_3_D476_S73_L001-L004_merged	5	0.0150	0.0052	1.0000
PsFluSBW25_chrm01_circ_5516969	Pf_BP_3_D504_S173_L001-L004_merged	5	0.0118	0.0038	1.0000
PsFluSBW25_chrm01_circ_5516969	Pf_BP_3_D532_S138_L001-L004_merged	5	0.0124	0.0043	1.0000
PsFluSBW25_chrm01_circ_5516969	Pf_BP_3_D56_S67_L001-L004_merged	5	0.0000	0.0006	1.0000
PsFluSBW25_chrm01_circ_5516969	Pf_BP_3_D588_S174_L001-L004_merged	5	0.0738	0.0092	1.0000
PsFluSBW25_chrm01_circ_5516969	Pf_BP_3_D616_S139_L001-L004_merged	5	0.1922	0.0143	1.0000
PsFluSBW25_chrm01_circ_5516969	Pf_BP_3_D623_S116_L001-L004_merged	5	0.2208	0.0160	1.0000
PsFluSBW25_chrm01_circ_5516969	Pf_BP_3_D644_S164_L001-L004_merged	5	0.1664	0.0128	1.0000
PsFluSBW25_chrm01_circ_5516969	Pf_BP_3_D700_S94_L001-L004_merged	5	0.4534	0.0166	1.0000
PsFluSBW25_chrm01_circ_5516969	Pf_BP_3_D728_S130_L001-L004_merged	5	0.1776	0.0125	1.0000
PsFluSBW25_chrm01_circ_5516969	Pf_BP_3_D756_S166_L001-L004_merged	5	0.3282	0.0160	1.0000
PsFluSBW25_chrm01_circ_5516969	Pf_BP_3_D784_S107_L001-L004_merged	5	0.3596	0.0154	1.0000
PsFluSBW25_chrm01_circ_5516969	Pf_BP_3_D84_S13_L001-L004_merged	5	0.0000	0.0001	1.0000
PsFluSBW25_chrm01_circ_5671868	PS_Pf_r03_2017_01_09_L001	5	0.0202	0.0002	1.0000
PsFluSBW25_chrm01_circ_5671868	Pf_BP_3_D112_S46_L001-L004_merged	5	0.0000	0.0002	1.0000
PsFluSBW25_chrm01_circ_5671868	Pf_BP_3_D140_S79_L001-L004_merged	5	0.0000	0.0001	1.0000
PsFluSBW25_chrm01_circ_5671868	Pf_BP_3_D168_S25_L001-L004_merged	5	0.0000	0.0002	1.0000
PsFluSBW25_chrm01_circ_5671868	Pf_BP_3_D196_S58_L001-L004_merged	5	0.0000	0.0003	1.0000
PsFluSBW25_chrm01_circ_5671868	Pf_BP_3_D224_S4_L001-L004_merged	5	0.0000	0.0001	1.0000
PsFluSBW25_chrm01_circ_5671868	Pf_BP_3_D252_S37_L001-L004_merged	5	0.0000	0.0001	1.0000
PsFluSBW25_chrm01_circ_5671868	Pf_BP_3_D279_S70_L001-L004_merged	5	0.0000	0.0001	1.0000
PsFluSBW25_chrm01_circ_5671868	Pf_BP_3_D28_S23_L001-L004_merged	5	0.0000	0.0001	1.0000
PsFluSBW25_chrm01_circ_5671868	Pf_BP_3_D310_S16_L001-L004_merged	5	0.0000	0.0000	1.0000
PsFluSBW25_chrm01_circ_5671868	Pf_BP_3_D336_S49_L001-L004_merged	5	0.0000	0.0001	1.0000
PsFluSBW25_chrm01_circ_5671868	Pf_BP_3_D364_S82_L001-L004_merged	5	0.0000	0.0006	1.0000
PsFluSBW25_chrm01_circ_5671868	Pf_BP_3_D392_S28_L001-L004_merged	5	0.0000	0.0000	1.0000
PsFluSBW25_chrm01_circ_5671868	Pf_BP_3_D420_S61_L001-L004_merged	5	0.0000	0.0000	1.0000
PsFluSBW25_chrm01_circ_5671868	Pf_BP_3_D448_S7_L001-L004_merged	5	0.0024	0.0043	1.0000
PsFluSBW25_chrm01_circ_5671868	Pf_BP_3_D476_S73_L001-L004_merged	5	0.0150	0.0052	1.0000
PsFluSBW25_chrm01_circ_5671868	Pf_BP_3_D504_S173_L001-L004_merged	5	0.0118	0.0038	1.0000
PsFluSBW25_chrm01_circ_5671868	Pf_BP_3_D532_S138_L001-L004_merged	5	0.0124	0.0043	1.0000
PsFluSBW25_chrm01_circ_5671868	Pf_BP_3_D56_S67_L001-L004_merged	5	0.0000	0.0006	1.0000
PsFluSBW25_chrm01_circ_5671868	Pf_BP_3_D588_S174_L001-L004_merged	5	0.0738	0.0092	1.0000
PsFluSBW25_chrm01_circ_5671868	Pf_BP_3_D616_S139_L001-L004_merged	5	0.1922	0.0143	1.0000
PsFluSBW25_chrm01_circ_5671868	Pf_BP_3_D623_S116_L001-L004_merged	5	0.2208	0.0160	1.0000
PsFluSBW25_chrm01_circ_5671868	Pf_BP_3_D644_S164_L001-L004_merged	5	0.1664	0.0128	1.0000
PsFluSBW25_chrm01_circ_5671868	Pf_BP_3_D700_S94_L001-L004_merged	5	0.4534	0.0166	1.0000
PsFluSBW25_chrm01_circ_5671868	Pf_BP_3_D728_S130_L001-L004_merged	5	0.1776	0.0125	1.0000
PsFluSBW25_chrm01_circ_5671868	Pf_BP_3_D756_S166_L001-L004_merged	5	0.3282	0.0160	1.0000
PsFluSBW25_chrm01_circ_5671868	Pf_BP_3_D784_S107_L001-L004_merged	5	0.3596	0.0154	1.0000
PsFluSBW25_chrm01_circ_5671868	Pf_BP_3_D84_S13_L001-L004_merged	5	0.0000	0.0001	1.0000
PsFluSBW25_chrm01_circ_5826120	PS_Pf_r03_2017_01_09_L001	5	0.0202	0.0002	1.0000
PsFluSBW25_chrm01_circ_5826120	Pf_BP_3_D112_S46_L001-L004_merged	5	0.0000	0.0002	1.0000
PsFluSBW25_chrm01_circ_5826120	Pf_BP_3_D140_S79_L001-L004_merged	5	0.0000	0.0001	1.0000
PsFluSBW25_chrm01_circ_5826120	Pf_BP_3_D168_S25_L001-L004_merged	5	0.0000	0.0002	1.0000
PsFluSBW25_chrm01_circ_5826120	Pf_BP_3_D196_S58_L001-L004_merged	5	0.0000	0.0003	1.0000
PsFluSBW25_chrm01_circ_5826120	Pf_BP_3_D224_S4_L001-L004_merged	5	0.0000	0.0001	1.0000
PsFluSBW25_chrm01_circ_5826120	Pf_BP_3_D252_S37_L001-L004_merged	5	0.0000	0.0001	1.0000
PsFluSBW25_chrm01_circ_5826120	Pf_BP_3_D279_S70_L001-L004_merged	5	0.0000	0.0001	1.0000
PsFluSBW25_chrm01_circ_5826120	Pf_BP_3_D28_S23_L001-L004_merged	5	0.0000	0.0001	1.0000
PsFluSBW25_chrm01_circ_5826120	Pf_BP_3_D310_S16_L001-L004_merged	5	0.0000	0.0000	1.0000
PsFluSBW25_chrm01_circ_5826120	Pf_BP_3_D336_S49_L001-L004_merged	5	0.0000	0.0001	1.0000
PsFluSBW25_chrm01_circ_5826120	Pf_BP_3_D364_S82_L001-L004_merged	5	0.0000	0.0006	1.0000
PsFluSBW25_chrm01_circ_5826120	Pf_BP_3_D392_S28_L001-L004_merged	5	0.0000	0.0000	1.0000
PsFluSBW25_chrm01_circ_5826120	Pf_BP_3_D420_S61_L001-L004_merged	5	0.0000	0.0000	1.0000
PsFluSBW25_chrm01_circ_5826120	Pf_BP_3_D448_S7_L001-L004_merged	5	0.0024	0.0043	1.0000
PsFluSBW25_chrm01_circ_5826120	Pf_BP_3_D476_S73_L001-L004_merged	5	0.0150	0.0052	1.0000
PsFluSBW25_chrm01_circ_5826120	Pf_BP_3_D504_S173_L001-L004_merged	5	0.0118	0.0038	1.0000
PsFluSBW25_chrm01_circ_5826120	Pf_BP_3_D532_S138_L001-L004_merged	5	0.0124	0.0043	1.0000
PsFluSBW25_chrm01_circ_5826120	Pf_BP_3_D56_S67_L001-L004_merged	5	0.0000	0.0006	1.0000
PsFluSBW25_chrm01_circ_5826120	Pf_BP_3_D588_S174_L001-L004_merged	5	0.0738	0.0092	1.0000
PsFluSBW25_chrm01_circ_5826120	Pf_BP_3_D616_S139_L001-L004_merged	5	0.1922	0.0143	1.0000
PsFluSBW25_chrm01_circ_5826120	Pf_BP_3_D623_S116_L001-L004_merged	5	0.2208	0.0160	1.0000
PsFluSBW25_chrm01_circ_5826120	Pf_BP_3_D644_S164_L001-L004_merged	5	0.1664	0.0128	1.0000
PsFluSBW25_chrm01_circ_5826120	Pf_BP_3_D700_S94_L001-L004_merged	5	0.4534	0.0166	1.0000
PsFluSBW25_chrm01_circ_5826120	Pf_BP_3_D728_S130_L001-L004_merged	5	0.1776	0.0125	1.0000
PsFluSBW25_chrm01_circ_5826120	Pf_BP_3_D756_S166_L001-L004_merged	5	0.3282	0.0160	1.0000
PsFluSBW25_chrm01_circ_5826120	Pf_BP_3_D784_S107_L001-L004_merged	5	0.3596	0.0154	1.0000
PsFluSBW25_chrm01_circ_5826120	Pf_BP_3_D84_S13_L001-L004_merged	5	0.0000	0.0001	1.0000
PsFluSBW25_chrm01_circ_5847773	PS_Pf_r03_2017_01_09_L001	5	0.0202	0.0002	1.0000
PsFluSBW25_chrm01_circ_5847773	Pf_BP_3_D112_S46_L001-L004_merged	5	0.0000	0.0002	1.0000
PsFluSBW25_chrm01_circ_5847773	Pf_BP_3_D140_S79_L001-L004_merged	5	0.0000	0.0001	1.0000
PsFluSBW25_chrm01_circ_5847773	Pf_BP_3_D168_S25_L001-L004_merged	5	0.0000	0.0002	1.0000
PsFluSBW25_chrm01_circ_5847773	Pf_BP_3_D196_S58_L001-L004_merged	5	0.0000	0.0003	1.0000
PsFluSBW25_chrm01_circ_5847773	Pf_BP_3_D224_S4_L001-L004_merged	5	0.0000	0.0001	1.0000
PsFluSBW25_chrm01_circ_5847773	Pf_BP_3_D252_S37_L001-L004_merged	5	0.0000	0.0001	1.0000
PsFluSBW25_chrm01_circ_5847773	Pf_BP_3_D279_S70_L001-L004_merged	5	0.0000	0.0001	1.0000
PsFluSBW25_chrm01_circ_5847773	Pf_BP_3_D28_S23_L001-L004_merged	5	0.0000	0.0001	1.0000
PsFluSBW25_chrm01_circ_5847773	Pf_BP_3_D310_S16_L001-L004_merged	5	0.0000	0.0000	1.0000
PsFluSBW25_chrm01_circ_5847773	Pf_BP_3_D336_S49_L001-L004_merged	5	0.0000	0.0001	1.0000
PsFluSBW25_chrm01_circ_5847773	Pf_BP_3_D364_S82_L001-L004_merged	5	0.0000	0.0006	1.0000
PsFluSBW25_chrm01_circ_5847773	Pf_BP_3_D392_S28_L001-L004_merged	5	0.0000	0.0000	1.0000
PsFluSBW25_chrm01_circ_5847773	Pf_BP_3_D420_S61_L001-L004_merged	5	0.0000	0.0000	1.0000
PsFluSBW25_chrm01_circ_5847773	Pf_BP_3_D448_S7_L001-L004_merged	5	0.0024	0.0043	1.0000
PsFluSBW25_chrm01_circ_5847773	Pf_BP_3_D476_S73_L001-L004_merged	5	0.0150	0.0052	1.0000
PsFluSBW25_chrm01_circ_5847773	Pf_BP_3_D504_S173_L001-L004_merged	5	0.0118	0.0038	1.0000
PsFluSBW25_chrm01_circ_5847773	Pf_BP_3_D532_S138_L001-L004_merged	5	0.0124	0.0043	1.0000
PsFluSBW25_chrm01_circ_5847773	Pf_BP_3_D56_S67_L001-L004_merged	5	0.0000	0.0006	1.0000
PsFluSBW25_chrm01_circ_5847773	Pf_BP_3_D588_S174_L001-L004_merged	5	0.0738	0.0092	1.0000
PsFluSBW25_chrm01_circ_5847773	Pf_BP_3_D616_S139_L001-L004_merged	5	0.1922	0.0143	1.0000
PsFluSBW25_chrm01_circ_5847773	Pf_BP_3_D623_S116_L001-L004_merged	5	0.2208	0.0160	1.0000
PsFluSBW25_chrm01_circ_5847773	Pf_BP_3_D644_S164_L001-L004_merged	5	0.1664	0.0128	1.0000
PsFluSBW25_chrm01_circ_5847773	Pf_BP_3_D700_S94_L001-L004_merged	5	0.4534	0.0166	1.0000
PsFluSBW25_chrm01_circ_5847773	Pf_BP_3_D728_S130_L001-L004_merged	5	0.1776	0.0125	1.0000
PsFluSBW25_chrm01_circ_5847773	Pf_BP_3_D756_S166_L001-L004_merged	5	0.3282	0.0160	1.0000
PsFluSBW25_chrm01_circ_5847773	Pf_BP_3_D784_S107_L001-L004_merged	5	0.3596	0.0154	1.0000
PsFluSBW25_chrm01_circ_5847773	Pf_BP_3_D84_S13_L001-L004_merged	5	0.0000	0.0001	1.0000
PsFluSBW25_chrm01_circ_5960908	PS_Pf_r03_2017_01_09_L001	5	0.0202	0.0002	1.0000
PsFluSBW25_chrm01_circ_5960908	Pf_BP_3_D112_S46_L001-L004_merged	5	0.0000	0.0002	1.0000
PsFluSBW25_chrm01_circ_5960908	Pf_BP_3_D140_S79_L001-L004_merged	5	0.0000	0.0001	1.0000
PsFluSBW25_chrm01_circ_5960908	Pf_BP_3_D168_S25_L001-L004_merged	5	0.0000	0.0002	1.0000
PsFluSBW25_chrm01_circ_5960908	Pf_BP_3_D196_S58_L001-L004_merged	5	0.0000	0.0003	1.0000
PsFluSBW25_chrm01_circ_5960908	Pf_BP_3_D224_S4_L001-L004_merged	5	0.0000	0.0001	1.0000
PsFluSBW25_chrm01_circ_5960908	Pf_BP_3_D252_S37_L001-L004_merged	5	0.0000	0.0001	1.0000
PsFluSBW25_chrm01_circ_5960908	Pf_BP_3_D279_S70_L001-L004_merged	5	0.0000	0.0001	1.0000
PsFluSBW25_chrm01_circ_5960908	Pf_BP_3_D28_S23_L001-L004_merged	5	0.0000	0.0001	1.0000
PsFluSBW25_chrm01_circ_5960908	Pf_BP_3_D310_S16_L001-L004_merged	5	0.0000	0.0000	1.0000
PsFluSBW25_chrm01_circ_5960908	Pf_BP_3_D336_S49_L001-L004_merged	5	0.0000	0.0001	1.0000
PsFluSBW25_chrm01_circ_5960908	Pf_BP_3_D364_S82_L001-L004_merged	5	0.0000	0.0006	1.0000
PsFluSBW25_chrm01_circ_5960908	Pf_BP_3_D392_S28_L001-L004_merged	5	0.0000	0.0000	1.0000
PsFluSBW25_chrm01_circ_5960908	Pf_BP_3_D420_S61_L001-L004_merged	5	0.0000	0.0000	1.0000
PsFluSBW25_chrm01_circ_5960908	Pf_BP_3_D448_S7_L001-L004_merged	5	0.0024	0.0043	1.0000
PsFluSBW25_chrm01_circ_5960908	Pf_BP_3_D476_S73_L001-L004_merged	5	0.0150	0.0052	1.0000
PsFluSBW25_chrm01_circ_5960908	Pf_BP_3_D504_S173_L001-L004_merged	5	0.0118	0.0038	1.0000
PsFluSBW25_chrm01_circ_5960908	Pf_BP_3_D532_S138_L001-L004_merged	5	0.0124	0.0043	1.0000
PsFluSBW25_chrm01_circ_5960908	Pf_BP_3_D56_S67_L001-L004_merged	5	0.0000	0.0006	1.0000
PsFluSBW25_chrm01_circ_5960908	Pf_BP_3_D588_S174_L001-L004_merged	5	0.0738	0.0092	1.0000
PsFluSBW25_chrm01_circ_5960908	Pf_BP_3_D616_S139_L001-L004_merged	5	0.1922	0.0143	1.0000
PsFluSBW25_chrm01_circ_5960908	Pf_BP_3_D623_S116_L001-L004_merged	5	0.2208	0.0160	1.0000
PsFluSBW25_chrm01_circ_5960908	Pf_BP_3_D644_S164_L001-L004_merged	5	0.1664	0.0128	1.0000
PsFluSBW25_chrm01_circ_5960908	Pf_BP_3_D700_S94_L001-L004_merged	5	0.4534	0.0166	1.0000
PsFluSBW25_chrm01_circ_5960908	Pf_BP_3_D728_S130_L001-L004_merged	5	0.1776	0.0125	1.0000
PsFluSBW25_chrm01_circ_5960908	Pf_BP_3_D756_S166_L001-L004_merged	5	0.3282	0.0160	1.0000
PsFluSBW25_chrm01_circ_5960908	Pf_BP_3_D784_S107_L001-L004_merged	5	0.3596	0.0154	1.0000
PsFluSBW25_chrm01_circ_5960908	Pf_BP_3_D84_S13_L001-L004_merged	5	0.0000	0.0001	1.0000
PsFluSBW25_chrm01_circ_789548	PS_Pf_r03_2017_01_09_L001	5	0.0202	0.0002	1.0000
PsFluSBW25_chrm01_circ_789548	Pf_BP_3_D112_S46_L001-L004_merged	5	0.0000	0.0002	1.0000
PsFluSBW25_chrm01_circ_789548	Pf_BP_3_D140_S79_L001-L004_merged	5	0.0000	0.0001	1.0000
PsFluSBW25_chrm01_circ_789548	Pf_BP_3_D168_S25_L001-L004_merged	5	0.0000	0.0002	1.0000
PsFluSBW25_chrm01_circ_789548	Pf_BP_3_D196_S58_L001-L004_merged	5	0.0000	0.0003	1.0000
PsFluSBW25_chrm01_circ_789548	Pf_BP_3_D224_S4_L001-L004_merged	5	0.0000	0.0001	1.0000
PsFluSBW25_chrm01_circ_789548	Pf_BP_3_D252_S37_L001-L004_merged	5	0.0000	0.0001	1.0000
PsFluSBW25_chrm01_circ_789548	Pf_BP_3_D279_S70_L001-L004_merged	5	0.0000	0.0001	1.0000
PsFluSBW25_chrm01_circ_789548	Pf_BP_3_D28_S23_L001-L004_merged	5	0.0000	0.0001	1.0000
PsFluSBW25_chrm01_circ_789548	Pf_BP_3_D310_S16_L001-L004_merged	5	0.0000	0.0000	1.0000
PsFluSBW25_chrm01_circ_789548	Pf_BP_3_D336_S49_L001-L004_merged	5	0.0000	0.0001	1.0000
PsFluSBW25_chrm01_circ_789548	Pf_BP_3_D364_S82_L001-L004_merged	5	0.0000	0.0006	1.0000
PsFluSBW25_chrm01_circ_789548	Pf_BP_3_D392_S28_L001-L004_merged	5	0.0000	0.0000	1.0000
PsFluSBW25_chrm01_circ_789548	Pf_BP_3_D420_S61_L001-L004_merged	5	0.0000	0.0000	1.0000
PsFluSBW25_chrm01_circ_789548	Pf_BP_3_D448_S7_L001-L004_merged	5	0.0024	0.0043	1.0000
PsFluSBW25_chrm01_circ_789548	Pf_BP_3_D476_S73_L001-L004_merged	5	0.0150	0.0052	1.0000
PsFluSBW25_chrm01_circ_789548	Pf_BP_3_D504_S173_L001-L004_merged	5	0.0118	0.0038	1.0000
PsFluSBW25_chrm01_circ_789548	Pf_BP_3_D532_S138_L001-L004_merged	5	0.0124	0.0043	1.0000
PsFluSBW25_chrm01_circ_789548	Pf_BP_3_D56_S67_L001-L004_merged	5	0.0000	0.0006	1.0000
PsFluSBW25_chrm01_circ_789548	Pf_BP_3_D588_S174_L001-L004_merged	5	0.0738	0.0092	1.0000
PsFluSBW25_chrm01_circ_789548	Pf_BP_3_D616_S139_L001-L004_merged	5	0.1922	0.0143	1.0000
PsFluSBW25_chrm01_circ_789548	Pf_BP_3_D623_S116_L001-L004_merged	5	0.2208	0.0160	1.0000
PsFluSBW25_chrm01_circ_789548	Pf_BP_3_D644_S164_L001-L004_merged	5	0.1664	0.0128	1.0000
PsFluSBW25_chrm01_circ_789548	Pf_BP_3_D700_S94_L001-L004_merged	5	0.4534	0.0166	1.0000
PsFluSBW25_chrm01_circ_789548	Pf_BP_3_D728_S130_L001-L004_merged	5	0.1776	0.0125	1.0000
PsFluSBW25_chrm01_circ_789548	Pf_BP_3_D756_S166_L001-L004_merged	5	0.3282	0.0160	1.0000
PsFluSBW25_chrm01_circ_789548	Pf_BP_3_D784_S107_L001-L004_merged	5	0.3596	0.0154	1.0000
PsFluSBW25_chrm01_circ_789548	Pf_BP_3_D84_S13_L001-L004_merged	5	0.0000	0.0001	1.0000
PsFluSBW25_chrm01_circ_1276483	PS_Pf_r03_2017_01_09_L001	6	0.0000	0.0000	0.9999
PsFluSBW25_chrm01_circ_1276483	Pf_BP_3_D112_S46_L001-L004_merged	6	0.0000	0.0002	0.9999
PsFluSBW25_chrm01_circ_1276483	Pf_BP_3_D140_S79_L001-L004_merged	6	0.0000	0.0003	0.9999
PsFluSBW25_chrm01_circ_1276483	Pf_BP_3_D168_S25_L001-L004_merged	6	0.0000	0.0002	0.9999
PsFluSBW25_chrm01_circ_1276483	Pf_BP_3_D196_S58_L001-L004_merged	6	0.0000	0.0005	0.9999
PsFluSBW25_chrm01_circ_1276483	Pf_BP_3_D224_S4_L001-L004_merged	6	0.0000	0.0001	0.9999
PsFluSBW25_chrm01_circ_1276483	Pf_BP_3_D252_S37_L001-L004_merged	6	0.0000	0.0006	0.9999
PsFluSBW25_chrm01_circ_1276483	Pf_BP_3_D279_S70_L001-L004_merged	6	0.0000	0.0002	0.9999
PsFluSBW25_chrm01_circ_1276483	Pf_BP_3_D28_S23_L001-L004_merged	6	0.0000	0.0002	0.9999
PsFluSBW25_chrm01_circ_1276483	Pf_BP_3_D310_S16_L001-L004_merged	6	0.0000	0.0003	0.9999
PsFluSBW25_chrm01_circ_1276483	Pf_BP_3_D336_S49_L001-L004_merged	6	0.0000	0.0005	0.9999
PsFluSBW25_chrm01_circ_1276483	Pf_BP_3_D364_S82_L001-L004_merged	6	0.0014	0.0036	0.9999
PsFluSBW25_chrm01_circ_1276483	Pf_BP_3_D392_S28_L001-L004_merged	6	0.0000	0.0000	0.9999
PsFluSBW25_chrm01_circ_1276483	Pf_BP_3_D420_S61_L001-L004_merged	6	0.0000	0.0001	0.9999
PsFluSBW25_chrm01_circ_1276483	Pf_BP_3_D448_S7_L001-L004_merged	6	0.0000	0.0001	0.9999
PsFluSBW25_chrm01_circ_1276483	Pf_BP_3_D476_S73_L001-L004_merged	6	0.0000	0.0002	0.9999
PsFluSBW25_chrm01_circ_1276483	Pf_BP_3_D504_S173_L001-L004_merged	6	0.0000	0.0000	0.9999
PsFluSBW25_chrm01_circ_1276483	Pf_BP_3_D532_S138_L001-L004_merged	6	0.0006	0.0023	0.9999
PsFluSBW25_chrm01_circ_1276483	Pf_BP_3_D56_S67_L001-L004_merged	6	0.0000	0.0003	0.9999
PsFluSBW25_chrm01_circ_1276483	Pf_BP_3_D588_S174_L001-L004_merged	6	0.0001	0.0007	0.9999
PsFluSBW25_chrm01_circ_1276483	Pf_BP_3_D616_S139_L001-L004_merged	6	0.0102	0.0012	0.9999
PsFluSBW25_chrm01_circ_1276483	Pf_BP_3_D623_S116_L001-L004_merged	6	0.0001	0.0010	0.9999
PsFluSBW25_chrm01_circ_1276483	Pf_BP_3_D644_S164_L001-L004_merged	6	0.0202	0.0048	0.9999
PsFluSBW25_chrm01_circ_1276483	Pf_BP_3_D700_S94_L001-L004_merged	6	0.0475	0.0074	0.9999
PsFluSBW25_chrm01_circ_1276483	Pf_BP_3_D728_S130_L001-L004_merged	6	0.0549	0.0078	0.9999
PsFluSBW25_chrm01_circ_1276483	Pf_BP_3_D756_S166_L001-L004_merged	6	0.1185	0.0113	0.9999
PsFluSBW25_chrm01_circ_1276483	Pf_BP_3_D784_S107_L001-L004_merged	6	0.1372	0.0116	0.9999
PsFluSBW25_chrm01_circ_1276483	Pf_BP_3_D84_S13_L001-L004_merged	6	0.0000	0.0001	0.9999
PsFluSBW25_chrm01_circ_1352002	PS_Pf_r03_2017_01_09_L001	6	0.0000	0.0000	0.9784
PsFluSBW25_chrm01_circ_1352002	Pf_BP_3_D112_S46_L001-L004_merged	6	0.0000	0.0002	0.9784
PsFluSBW25_chrm01_circ_1352002	Pf_BP_3_D140_S79_L001-L004_merged	6	0.0000	0.0003	0.9784
PsFluSBW25_chrm01_circ_1352002	Pf_BP_3_D168_S25_L001-L004_merged	6	0.0000	0.0002	0.9784
PsFluSBW25_chrm01_circ_1352002	Pf_BP_3_D196_S58_L001-L004_merged	6	0.0000	0.0005	0.9784
PsFluSBW25_chrm01_circ_1352002	Pf_BP_3_D224_S4_L001-L004_merged	6	0.0000	0.0001	0.9784
PsFluSBW25_chrm01_circ_1352002	Pf_BP_3_D252_S37_L001-L004_merged	6	0.0000	0.0006	0.9784
PsFluSBW25_chrm01_circ_1352002	Pf_BP_3_D279_S70_L001-L004_merged	6	0.0000	0.0002	0.9784
PsFluSBW25_chrm01_circ_1352002	Pf_BP_3_D28_S23_L001-L004_merged	6	0.0000	0.0002	0.9784
PsFluSBW25_chrm01_circ_1352002	Pf_BP_3_D310_S16_L001-L004_merged	6	0.0000	0.0003	0.9784
PsFluSBW25_chrm01_circ_1352002	Pf_BP_3_D336_S49_L001-L004_merged	6	0.0000	0.0005	0.9784
PsFluSBW25_chrm01_circ_1352002	Pf_BP_3_D364_S82_L001-L004_merged	6	0.0014	0.0036	0.9784
PsFluSBW25_chrm01_circ_1352002	Pf_BP_3_D392_S28_L001-L004_merged	6	0.0000	0.0000	0.9784
PsFluSBW25_chrm01_circ_1352002	Pf_BP_3_D420_S61_L001-L004_merged	6	0.0000	0.0001	0.9784
PsFluSBW25_chrm01_circ_1352002	Pf_BP_3_D448_S7_L001-L004_merged	6	0.0000	0.0001	0.9784
PsFluSBW25_chrm01_circ_1352002	Pf_BP_3_D476_S73_L001-L004_merged	6	0.0000	0.0002	0.9784
PsFluSBW25_chrm01_circ_1352002	Pf_BP_3_D504_S173_L001-L004_merged	6	0.0000	0.0000	0.9784
PsFluSBW25_chrm01_circ_1352002	Pf_BP_3_D532_S138_L001-L004_merged	6	0.0006	0.0023	0.9784
PsFluSBW25_chrm01_circ_1352002	Pf_BP_3_D56_S67_L001-L004_merged	6	0.0000	0.0003	0.9784
PsFluSBW25_chrm01_circ_1352002	Pf_BP_3_D588_S174_L001-L004_merged	6	0.0001	0.0007	0.9784
PsFluSBW25_chrm01_circ_1352002	Pf_BP_3_D616_S139_L001-L004_merged	6	0.0102	0.0012	0.9784
PsFluSBW25_chrm01_circ_1352002	Pf_BP_3_D623_S116_L001-L004_merged	6	0.0001	0.0010	0.9784
PsFluSBW25_chrm01_circ_1352002	Pf_BP_3_D644_S164_L001-L004_merged	6	0.0202	0.0048	0.9784
PsFluSBW25_chrm01_circ_1352002	Pf_BP_3_D700_S94_L001-L004_merged	6	0.0475	0.0074	0.9784
PsFluSBW25_chrm01_circ_1352002	Pf_BP_3_D728_S130_L001-L004_merged	6	0.0549	0.0078	0.9784
PsFluSBW25_chrm01_circ_1352002	Pf_BP_3_D756_S166_L001-L004_merged	6	0.1185	0.0113	0.9784
PsFluSBW25_chrm01_circ_1352002	Pf_BP_3_D784_S107_L001-L004_merged	6	0.1372	0.0116	0.9784
PsFluSBW25_chrm01_circ_1352002	Pf_BP_3_D84_S13_L001-L004_merged	6	0.0000	0.0001	0.9784
PsFluSBW25_chrm01_circ_1452004	PS_Pf_r03_2017_01_09_L001	6	0.0000	0.0000	1.0000
PsFluSBW25_chrm01_circ_1452004	Pf_BP_3_D112_S46_L001-L004_merged	6	0.0000	0.0002	1.0000
PsFluSBW25_chrm01_circ_1452004	Pf_BP_3_D140_S79_L001-L004_merged	6	0.0000	0.0003	1.0000
PsFluSBW25_chrm01_circ_1452004	Pf_BP_3_D168_S25_L001-L004_merged	6	0.0000	0.0002	1.0000
PsFluSBW25_chrm01_circ_1452004	Pf_BP_3_D196_S58_L001-L004_merged	6	0.0000	0.0005	1.0000
PsFluSBW25_chrm01_circ_1452004	Pf_BP_3_D224_S4_L001-L004_merged	6	0.0000	0.0001	1.0000
PsFluSBW25_chrm01_circ_1452004	Pf_BP_3_D252_S37_L001-L004_merged	6	0.0000	0.0006	1.0000
PsFluSBW25_chrm01_circ_1452004	Pf_BP_3_D279_S70_L001-L004_merged	6	0.0000	0.0002	1.0000
PsFluSBW25_chrm01_circ_1452004	Pf_BP_3_D28_S23_L001-L004_merged	6	0.0000	0.0002	1.0000
PsFluSBW25_chrm01_circ_1452004	Pf_BP_3_D310_S16_L001-L004_merged	6	0.0000	0.0003	1.0000
PsFluSBW25_chrm01_circ_1452004	Pf_BP_3_D336_S49_L001-L004_merged	6	0.0000	0.0005	1.0000
PsFluSBW25_chrm01_circ_1452004	Pf_BP_3_D364_S82_L001-L004_merged	6	0.0014	0.0036	1.0000
PsFluSBW25_chrm01_circ_1452004	Pf_BP_3_D392_S28_L001-L004_merged	6	0.0000	0.0000	1.0000
PsFluSBW25_chrm01_circ_1452004	Pf_BP_3_D420_S61_L001-L004_merged	6	0.0000	0.0001	1.0000
PsFluSBW25_chrm01_circ_1452004	Pf_BP_3_D448_S7_L001-L004_merged	6	0.0000	0.0001	1.0000
PsFluSBW25_chrm01_circ_1452004	Pf_BP_3_D476_S73_L001-L004_merged	6	0.0000	0.0002	1.0000
PsFluSBW25_chrm01_circ_1452004	Pf_BP_3_D504_S173_L001-L004_merged	6	0.0000	0.0000	1.0000
PsFluSBW25_chrm01_circ_1452004	Pf_BP_3_D532_S138_L001-L004_merged	6	0.0006	0.0023	1.0000
PsFluSBW25_chrm01_circ_1452004	Pf_BP_3_D56_S67_L001-L004_merged	6	0.0000	0.0003	1.0000
PsFluSBW25_chrm01_circ_1452004	Pf_BP_3_D588_S174_L001-L004_merged	6	0.0001	0.0007	1.0000
PsFluSBW25_chrm01_circ_1452004	Pf_BP_3_D616_S139_L001-L004_merged	6	0.0102	0.0012	1.0000
PsFluSBW25_chrm01_circ_1452004	Pf_BP_3_D623_S116_L001-L004_merged	6	0.0001	0.0010	1.0000
PsFluSBW25_chrm01_circ_1452004	Pf_BP_3_D644_S164_L001-L004_merged	6	0.0202	0.0048	1.0000
PsFluSBW25_chrm01_circ_1452004	Pf_BP_3_D700_S94_L001-L004_merged	6	0.0475	0.0074	1.0000
PsFluSBW25_chrm01_circ_1452004	Pf_BP_3_D728_S130_L001-L004_merged	6	0.0549	0.0078	1.0000
PsFluSBW25_chrm01_circ_1452004	Pf_BP_3_D756_S166_L001-L004_merged	6	0.1185	0.0113	1.0000
PsFluSBW25_chrm01_circ_1452004	Pf_BP_3_D784_S107_L001-L004_merged	6	0.1372	0.0116	1.0000
PsFluSBW25_chrm01_circ_1452004	Pf_BP_3_D84_S13_L001-L004_merged	6	0.0000	0.0001	1.0000
PsFluSBW25_chrm01_circ_1514552	PS_Pf_r03_2017_01_09_L001	6	0.0000	0.0000	1.0000
PsFluSBW25_chrm01_circ_1514552	Pf_BP_3_D112_S46_L001-L004_merged	6	0.0000	0.0002	1.0000
PsFluSBW25_chrm01_circ_1514552	Pf_BP_3_D140_S79_L001-L004_merged	6	0.0000	0.0003	1.0000
PsFluSBW25_chrm01_circ_1514552	Pf_BP_3_D168_S25_L001-L004_merged	6	0.0000	0.0002	1.0000
PsFluSBW25_chrm01_circ_1514552	Pf_BP_3_D196_S58_L001-L004_merged	6	0.0000	0.0005	1.0000
PsFluSBW25_chrm01_circ_1514552	Pf_BP_3_D224_S4_L001-L004_merged	6	0.0000	0.0001	1.0000
PsFluSBW25_chrm01_circ_1514552	Pf_BP_3_D252_S37_L001-L004_merged	6	0.0000	0.0006	1.0000
PsFluSBW25_chrm01_circ_1514552	Pf_BP_3_D279_S70_L001-L004_merged	6	0.0000	0.0002	1.0000
PsFluSBW25_chrm01_circ_1514552	Pf_BP_3_D28_S23_L001-L004_merged	6	0.0000	0.0002	1.0000
PsFluSBW25_chrm01_circ_1514552	Pf_BP_3_D310_S16_L001-L004_merged	6	0.0000	0.0003	1.0000
PsFluSBW25_chrm01_circ_1514552	Pf_BP_3_D336_S49_L001-L004_merged	6	0.0000	0.0005	1.0000
PsFluSBW25_chrm01_circ_1514552	Pf_BP_3_D364_S82_L001-L004_merged	6	0.0014	0.0036	1.0000
PsFluSBW25_chrm01_circ_1514552	Pf_BP_3_D392_S28_L001-L004_merged	6	0.0000	0.0000	1.0000
PsFluSBW25_chrm01_circ_1514552	Pf_BP_3_D420_S61_L001-L004_merged	6	0.0000	0.0001	1.0000
PsFluSBW25_chrm01_circ_1514552	Pf_BP_3_D448_S7_L001-L004_merged	6	0.0000	0.0001	1.0000
PsFluSBW25_chrm01_circ_1514552	Pf_BP_3_D476_S73_L001-L004_merged	6	0.0000	0.0002	1.0000
PsFluSBW25_chrm01_circ_1514552	Pf_BP_3_D504_S173_L001-L004_merged	6	0.0000	0.0000	1.0000
PsFluSBW25_chrm01_circ_1514552	Pf_BP_3_D532_S138_L001-L004_merged	6	0.0006	0.0023	1.0000
PsFluSBW25_chrm01_circ_1514552	Pf_BP_3_D56_S67_L001-L004_merged	6	0.0000	0.0003	1.0000
PsFluSBW25_chrm01_circ_1514552	Pf_BP_3_D588_S174_L001-L004_merged	6	0.0001	0.0007	1.0000
PsFluSBW25_chrm01_circ_1514552	Pf_BP_3_D616_S139_L001-L004_merged	6	0.0102	0.0012	1.0000
PsFluSBW25_chrm01_circ_1514552	Pf_BP_3_D623_S116_L001-L004_merged	6	0.0001	0.0010	1.0000
PsFluSBW25_chrm01_circ_1514552	Pf_BP_3_D644_S164_L001-L004_merged	6	0.0202	0.0048	1.0000
PsFluSBW25_chrm01_circ_1514552	Pf_BP_3_D700_S94_L001-L004_merged	6	0.0475	0.0074	1.0000
PsFluSBW25_chrm01_circ_1514552	Pf_BP_3_D728_S130_L001-L004_merged	6	0.0549	0.0078	1.0000
PsFluSBW25_chrm01_circ_1514552	Pf_BP_3_D756_S166_L001-L004_merged	6	0.1185	0.0113	1.0000
PsFluSBW25_chrm01_circ_1514552	Pf_BP_3_D784_S107_L001-L004_merged	6	0.1372	0.0116	1.0000
PsFluSBW25_chrm01_circ_1514552	Pf_BP_3_D84_S13_L001-L004_merged	6	0.0000	0.0001	1.0000
PsFluSBW25_chrm01_circ_1680055	PS_Pf_r03_2017_01_09_L001	6	0.0000	0.0000	1.0000
PsFluSBW25_chrm01_circ_1680055	Pf_BP_3_D112_S46_L001-L004_merged	6	0.0000	0.0002	1.0000
PsFluSBW25_chrm01_circ_1680055	Pf_BP_3_D140_S79_L001-L004_merged	6	0.0000	0.0003	1.0000
PsFluSBW25_chrm01_circ_1680055	Pf_BP_3_D168_S25_L001-L004_merged	6	0.0000	0.0002	1.0000
PsFluSBW25_chrm01_circ_1680055	Pf_BP_3_D196_S58_L001-L004_merged	6	0.0000	0.0005	1.0000
PsFluSBW25_chrm01_circ_1680055	Pf_BP_3_D224_S4_L001-L004_merged	6	0.0000	0.0001	1.0000
PsFluSBW25_chrm01_circ_1680055	Pf_BP_3_D252_S37_L001-L004_merged	6	0.0000	0.0006	1.0000
PsFluSBW25_chrm01_circ_1680055	Pf_BP_3_D279_S70_L001-L004_merged	6	0.0000	0.0002	1.0000
PsFluSBW25_chrm01_circ_1680055	Pf_BP_3_D28_S23_L001-L004_merged	6	0.0000	0.0002	1.0000
PsFluSBW25_chrm01_circ_1680055	Pf_BP_3_D310_S16_L001-L004_merged	6	0.0000	0.0003	1.0000
PsFluSBW25_chrm01_circ_1680055	Pf_BP_3_D336_S49_L001-L004_merged	6	0.0000	0.0005	1.0000
PsFluSBW25_chrm01_circ_1680055	Pf_BP_3_D364_S82_L001-L004_merged	6	0.0014	0.0036	1.0000
PsFluSBW25_chrm01_circ_1680055	Pf_BP_3_D392_S28_L001-L004_merged	6	0.0000	0.0000	1.0000
PsFluSBW25_chrm01_circ_1680055	Pf_BP_3_D420_S61_L001-L004_merged	6	0.0000	0.0001	1.0000
PsFluSBW25_chrm01_circ_1680055	Pf_BP_3_D448_S7_L001-L004_merged	6	0.0000	0.0001	1.0000
PsFluSBW25_chrm01_circ_1680055	Pf_BP_3_D476_S73_L001-L004_merged	6	0.0000	0.0002	1.0000
PsFluSBW25_chrm01_circ_1680055	Pf_BP_3_D504_S173_L001-L004_merged	6	0.0000	0.0000	1.0000
PsFluSBW25_chrm01_circ_1680055	Pf_BP_3_D532_S138_L001-L004_merged	6	0.0006	0.0023	1.0000
PsFluSBW25_chrm01_circ_1680055	Pf_BP_3_D56_S67_L001-L004_merged	6	0.0000	0.0003	1.0000
PsFluSBW25_chrm01_circ_1680055	Pf_BP_3_D588_S174_L001-L004_merged	6	0.0001	0.0007	1.0000
PsFluSBW25_chrm01_circ_1680055	Pf_BP_3_D616_S139_L001-L004_merged	6	0.0102	0.0012	1.0000
PsFluSBW25_chrm01_circ_1680055	Pf_BP_3_D623_S116_L001-L004_merged	6	0.0001	0.0010	1.0000
PsFluSBW25_chrm01_circ_1680055	Pf_BP_3_D644_S164_L001-L004_merged	6	0.0202	0.0048	1.0000
PsFluSBW25_chrm01_circ_1680055	Pf_BP_3_D700_S94_L001-L004_merged	6	0.0475	0.0074	1.0000
PsFluSBW25_chrm01_circ_1680055	Pf_BP_3_D728_S130_L001-L004_merged	6	0.0549	0.0078	1.0000
PsFluSBW25_chrm01_circ_1680055	Pf_BP_3_D756_S166_L001-L004_merged	6	0.1185	0.0113	1.0000
PsFluSBW25_chrm01_circ_1680055	Pf_BP_3_D784_S107_L001-L004_merged	6	0.1372	0.0116	1.0000
PsFluSBW25_chrm01_circ_1680055	Pf_BP_3_D84_S13_L001-L004_merged	6	0.0000	0.0001	1.0000
PsFluSBW25_chrm01_circ_1785786	PS_Pf_r03_2017_01_09_L001	6	0.0000	0.0000	1.0000
PsFluSBW25_chrm01_circ_1785786	Pf_BP_3_D112_S46_L001-L004_merged	6	0.0000	0.0002	1.0000
PsFluSBW25_chrm01_circ_1785786	Pf_BP_3_D140_S79_L001-L004_merged	6	0.0000	0.0003	1.0000
PsFluSBW25_chrm01_circ_1785786	Pf_BP_3_D168_S25_L001-L004_merged	6	0.0000	0.0002	1.0000
PsFluSBW25_chrm01_circ_1785786	Pf_BP_3_D196_S58_L001-L004_merged	6	0.0000	0.0005	1.0000
PsFluSBW25_chrm01_circ_1785786	Pf_BP_3_D224_S4_L001-L004_merged	6	0.0000	0.0001	1.0000
PsFluSBW25_chrm01_circ_1785786	Pf_BP_3_D252_S37_L001-L004_merged	6	0.0000	0.0006	1.0000
PsFluSBW25_chrm01_circ_1785786	Pf_BP_3_D279_S70_L001-L004_merged	6	0.0000	0.0002	1.0000
PsFluSBW25_chrm01_circ_1785786	Pf_BP_3_D28_S23_L001-L004_merged	6	0.0000	0.0002	1.0000
PsFluSBW25_chrm01_circ_1785786	Pf_BP_3_D310_S16_L001-L004_merged	6	0.0000	0.0003	1.0000
PsFluSBW25_chrm01_circ_1785786	Pf_BP_3_D336_S49_L001-L004_merged	6	0.0000	0.0005	1.0000
PsFluSBW25_chrm01_circ_1785786	Pf_BP_3_D364_S82_L001-L004_merged	6	0.0014	0.0036	1.0000
PsFluSBW25_chrm01_circ_1785786	Pf_BP_3_D392_S28_L001-L004_merged	6	0.0000	0.0000	1.0000
PsFluSBW25_chrm01_circ_1785786	Pf_BP_3_D420_S61_L001-L004_merged	6	0.0000	0.0001	1.0000
PsFluSBW25_chrm01_circ_1785786	Pf_BP_3_D448_S7_L001-L004_merged	6	0.0000	0.0001	1.0000
PsFluSBW25_chrm01_circ_1785786	Pf_BP_3_D476_S73_L001-L004_merged	6	0.0000	0.0002	1.0000
PsFluSBW25_chrm01_circ_1785786	Pf_BP_3_D504_S173_L001-L004_merged	6	0.0000	0.0000	1.0000
PsFluSBW25_chrm01_circ_1785786	Pf_BP_3_D532_S138_L001-L004_merged	6	0.0006	0.0023	1.0000
PsFluSBW25_chrm01_circ_1785786	Pf_BP_3_D56_S67_L001-L004_merged	6	0.0000	0.0003	1.0000
PsFluSBW25_chrm01_circ_1785786	Pf_BP_3_D588_S174_L001-L004_merged	6	0.0001	0.0007	1.0000
PsFluSBW25_chrm01_circ_1785786	Pf_BP_3_D616_S139_L001-L004_merged	6	0.0102	0.0012	1.0000
PsFluSBW25_chrm01_circ_1785786	Pf_BP_3_D623_S116_L001-L004_merged	6	0.0001	0.0010	1.0000
PsFluSBW25_chrm01_circ_1785786	Pf_BP_3_D644_S164_L001-L004_merged	6	0.0202	0.0048	1.0000
PsFluSBW25_chrm01_circ_1785786	Pf_BP_3_D700_S94_L001-L004_merged	6	0.0475	0.0074	1.0000
PsFluSBW25_chrm01_circ_1785786	Pf_BP_3_D728_S130_L001-L004_merged	6	0.0549	0.0078	1.0000
PsFluSBW25_chrm01_circ_1785786	Pf_BP_3_D756_S166_L001-L004_merged	6	0.1185	0.0113	1.0000
PsFluSBW25_chrm01_circ_1785786	Pf_BP_3_D784_S107_L001-L004_merged	6	0.1372	0.0116	1.0000
PsFluSBW25_chrm01_circ_1785786	Pf_BP_3_D84_S13_L001-L004_merged	6	0.0000	0.0001	1.0000
PsFluSBW25_chrm01_circ_1908691	PS_Pf_r03_2017_01_09_L001	6	0.0000	0.0000	1.0000
PsFluSBW25_chrm01_circ_1908691	Pf_BP_3_D112_S46_L001-L004_merged	6	0.0000	0.0002	1.0000
PsFluSBW25_chrm01_circ_1908691	Pf_BP_3_D140_S79_L001-L004_merged	6	0.0000	0.0003	1.0000
PsFluSBW25_chrm01_circ_1908691	Pf_BP_3_D168_S25_L001-L004_merged	6	0.0000	0.0002	1.0000
PsFluSBW25_chrm01_circ_1908691	Pf_BP_3_D196_S58_L001-L004_merged	6	0.0000	0.0005	1.0000
PsFluSBW25_chrm01_circ_1908691	Pf_BP_3_D224_S4_L001-L004_merged	6	0.0000	0.0001	1.0000
PsFluSBW25_chrm01_circ_1908691	Pf_BP_3_D252_S37_L001-L004_merged	6	0.0000	0.0006	1.0000
PsFluSBW25_chrm01_circ_1908691	Pf_BP_3_D279_S70_L001-L004_merged	6	0.0000	0.0002	1.0000
PsFluSBW25_chrm01_circ_1908691	Pf_BP_3_D28_S23_L001-L004_merged	6	0.0000	0.0002	1.0000
PsFluSBW25_chrm01_circ_1908691	Pf_BP_3_D310_S16_L001-L004_merged	6	0.0000	0.0003	1.0000
PsFluSBW25_chrm01_circ_1908691	Pf_BP_3_D336_S49_L001-L004_merged	6	0.0000	0.0005	1.0000
PsFluSBW25_chrm01_circ_1908691	Pf_BP_3_D364_S82_L001-L004_merged	6	0.0014	0.0036	1.0000
PsFluSBW25_chrm01_circ_1908691	Pf_BP_3_D392_S28_L001-L004_merged	6	0.0000	0.0000	1.0000
PsFluSBW25_chrm01_circ_1908691	Pf_BP_3_D420_S61_L001-L004_merged	6	0.0000	0.0001	1.0000
PsFluSBW25_chrm01_circ_1908691	Pf_BP_3_D448_S7_L001-L004_merged	6	0.0000	0.0001	1.0000
PsFluSBW25_chrm01_circ_1908691	Pf_BP_3_D476_S73_L001-L004_merged	6	0.0000	0.0002	1.0000
PsFluSBW25_chrm01_circ_1908691	Pf_BP_3_D504_S173_L001-L004_merged	6	0.0000	0.0000	1.0000
PsFluSBW25_chrm01_circ_1908691	Pf_BP_3_D532_S138_L001-L004_merged	6	0.0006	0.0023	1.0000
PsFluSBW25_chrm01_circ_1908691	Pf_BP_3_D56_S67_L001-L004_merged	6	0.0000	0.0003	1.0000
PsFluSBW25_chrm01_circ_1908691	Pf_BP_3_D588_S174_L001-L004_merged	6	0.0001	0.0007	1.0000
PsFluSBW25_chrm01_circ_1908691	Pf_BP_3_D616_S139_L001-L004_merged	6	0.0102	0.0012	1.0000
PsFluSBW25_chrm01_circ_1908691	Pf_BP_3_D623_S116_L001-L004_merged	6	0.0001	0.0010	1.0000
PsFluSBW25_chrm01_circ_1908691	Pf_BP_3_D644_S164_L001-L004_merged	6	0.0202	0.0048	1.0000
PsFluSBW25_chrm01_circ_1908691	Pf_BP_3_D700_S94_L001-L004_merged	6	0.0475	0.0074	1.0000
PsFluSBW25_chrm01_circ_1908691	Pf_BP_3_D728_S130_L001-L004_merged	6	0.0549	0.0078	1.0000
PsFluSBW25_chrm01_circ_1908691	Pf_BP_3_D756_S166_L001-L004_merged	6	0.1185	0.0113	1.0000
PsFluSBW25_chrm01_circ_1908691	Pf_BP_3_D784_S107_L001-L004_merged	6	0.1372	0.0116	1.0000
PsFluSBW25_chrm01_circ_1908691	Pf_BP_3_D84_S13_L001-L004_merged	6	0.0000	0.0001	1.0000
PsFluSBW25_chrm01_circ_2564357	PS_Pf_r03_2017_01_09_L001	6	0.0000	0.0000	1.0000
PsFluSBW25_chrm01_circ_2564357	Pf_BP_3_D112_S46_L001-L004_merged	6	0.0000	0.0002	1.0000
PsFluSBW25_chrm01_circ_2564357	Pf_BP_3_D140_S79_L001-L004_merged	6	0.0000	0.0003	1.0000
PsFluSBW25_chrm01_circ_2564357	Pf_BP_3_D168_S25_L001-L004_merged	6	0.0000	0.0002	1.0000
PsFluSBW25_chrm01_circ_2564357	Pf_BP_3_D196_S58_L001-L004_merged	6	0.0000	0.0005	1.0000
PsFluSBW25_chrm01_circ_2564357	Pf_BP_3_D224_S4_L001-L004_merged	6	0.0000	0.0001	1.0000
PsFluSBW25_chrm01_circ_2564357	Pf_BP_3_D252_S37_L001-L004_merged	6	0.0000	0.0006	1.0000
PsFluSBW25_chrm01_circ_2564357	Pf_BP_3_D279_S70_L001-L004_merged	6	0.0000	0.0002	1.0000
PsFluSBW25_chrm01_circ_2564357	Pf_BP_3_D28_S23_L001-L004_merged	6	0.0000	0.0002	1.0000
PsFluSBW25_chrm01_circ_2564357	Pf_BP_3_D310_S16_L001-L004_merged	6	0.0000	0.0003	1.0000
PsFluSBW25_chrm01_circ_2564357	Pf_BP_3_D336_S49_L001-L004_merged	6	0.0000	0.0005	1.0000
PsFluSBW25_chrm01_circ_2564357	Pf_BP_3_D364_S82_L001-L004_merged	6	0.0014	0.0036	1.0000
PsFluSBW25_chrm01_circ_2564357	Pf_BP_3_D392_S28_L001-L004_merged	6	0.0000	0.0000	1.0000
PsFluSBW25_chrm01_circ_2564357	Pf_BP_3_D420_S61_L001-L004_merged	6	0.0000	0.0001	1.0000
PsFluSBW25_chrm01_circ_2564357	Pf_BP_3_D448_S7_L001-L004_merged	6	0.0000	0.0001	1.0000
PsFluSBW25_chrm01_circ_2564357	Pf_BP_3_D476_S73_L001-L004_merged	6	0.0000	0.0002	1.0000
PsFluSBW25_chrm01_circ_2564357	Pf_BP_3_D504_S173_L001-L004_merged	6	0.0000	0.0000	1.0000
PsFluSBW25_chrm01_circ_2564357	Pf_BP_3_D532_S138_L001-L004_merged	6	0.0006	0.0023	1.0000
PsFluSBW25_chrm01_circ_2564357	Pf_BP_3_D56_S67_L001-L004_merged	6	0.0000	0.0003	1.0000
PsFluSBW25_chrm01_circ_2564357	Pf_BP_3_D588_S174_L001-L004_merged	6	0.0001	0.0007	1.0000
PsFluSBW25_chrm01_circ_2564357	Pf_BP_3_D616_S139_L001-L004_merged	6	0.0102	0.0012	1.0000
PsFluSBW25_chrm01_circ_2564357	Pf_BP_3_D623_S116_L001-L004_merged	6	0.0001	0.0010	1.0000
PsFluSBW25_chrm01_circ_2564357	Pf_BP_3_D644_S164_L001-L004_merged	6	0.0202	0.0048	1.0000
PsFluSBW25_chrm01_circ_2564357	Pf_BP_3_D700_S94_L001-L004_merged	6	0.0475	0.0074	1.0000
PsFluSBW25_chrm01_circ_2564357	Pf_BP_3_D728_S130_L001-L004_merged	6	0.0549	0.0078	1.0000
PsFluSBW25_chrm01_circ_2564357	Pf_BP_3_D756_S166_L001-L004_merged	6	0.1185	0.0113	1.0000
PsFluSBW25_chrm01_circ_2564357	Pf_BP_3_D784_S107_L001-L004_merged	6	0.1372	0.0116	1.0000
PsFluSBW25_chrm01_circ_2564357	Pf_BP_3_D84_S13_L001-L004_merged	6	0.0000	0.0001	1.0000
PsFluSBW25_chrm01_circ_2692036	PS_Pf_r03_2017_01_09_L001	6	0.0000	0.0000	1.0000
PsFluSBW25_chrm01_circ_2692036	Pf_BP_3_D112_S46_L001-L004_merged	6	0.0000	0.0002	1.0000
PsFluSBW25_chrm01_circ_2692036	Pf_BP_3_D140_S79_L001-L004_merged	6	0.0000	0.0003	1.0000
PsFluSBW25_chrm01_circ_2692036	Pf_BP_3_D168_S25_L001-L004_merged	6	0.0000	0.0002	1.0000
PsFluSBW25_chrm01_circ_2692036	Pf_BP_3_D196_S58_L001-L004_merged	6	0.0000	0.0005	1.0000
PsFluSBW25_chrm01_circ_2692036	Pf_BP_3_D224_S4_L001-L004_merged	6	0.0000	0.0001	1.0000
PsFluSBW25_chrm01_circ_2692036	Pf_BP_3_D252_S37_L001-L004_merged	6	0.0000	0.0006	1.0000
PsFluSBW25_chrm01_circ_2692036	Pf_BP_3_D279_S70_L001-L004_merged	6	0.0000	0.0002	1.0000
PsFluSBW25_chrm01_circ_2692036	Pf_BP_3_D28_S23_L001-L004_merged	6	0.0000	0.0002	1.0000
PsFluSBW25_chrm01_circ_2692036	Pf_BP_3_D310_S16_L001-L004_merged	6	0.0000	0.0003	1.0000
PsFluSBW25_chrm01_circ_2692036	Pf_BP_3_D336_S49_L001-L004_merged	6	0.0000	0.0005	1.0000
PsFluSBW25_chrm01_circ_2692036	Pf_BP_3_D364_S82_L001-L004_merged	6	0.0014	0.0036	1.0000
PsFluSBW25_chrm01_circ_2692036	Pf_BP_3_D392_S28_L001-L004_merged	6	0.0000	0.0000	1.0000
PsFluSBW25_chrm01_circ_2692036	Pf_BP_3_D420_S61_L001-L004_merged	6	0.0000	0.0001	1.0000
PsFluSBW25_chrm01_circ_2692036	Pf_BP_3_D448_S7_L001-L004_merged	6	0.0000	0.0001	1.0000
PsFluSBW25_chrm01_circ_2692036	Pf_BP_3_D476_S73_L001-L004_merged	6	0.0000	0.0002	1.0000
PsFluSBW25_chrm01_circ_2692036	Pf_BP_3_D504_S173_L001-L004_merged	6	0.0000	0.0000	1.0000
PsFluSBW25_chrm01_circ_2692036	Pf_BP_3_D532_S138_L001-L004_merged	6	0.0006	0.0023	1.0000
PsFluSBW25_chrm01_circ_2692036	Pf_BP_3_D56_S67_L001-L004_merged	6	0.0000	0.0003	1.0000
PsFluSBW25_chrm01_circ_2692036	Pf_BP_3_D588_S174_L001-L004_merged	6	0.0001	0.0007	1.0000
PsFluSBW25_chrm01_circ_2692036	Pf_BP_3_D616_S139_L001-L004_merged	6	0.0102	0.0012	1.0000
PsFluSBW25_chrm01_circ_2692036	Pf_BP_3_D623_S116_L001-L004_merged	6	0.0001	0.0010	1.0000
PsFluSBW25_chrm01_circ_2692036	Pf_BP_3_D644_S164_L001-L004_merged	6	0.0202	0.0048	1.0000
PsFluSBW25_chrm01_circ_2692036	Pf_BP_3_D700_S94_L001-L004_merged	6	0.0475	0.0074	1.0000
PsFluSBW25_chrm01_circ_2692036	Pf_BP_3_D728_S130_L001-L004_merged	6	0.0549	0.0078	1.0000
PsFluSBW25_chrm01_circ_2692036	Pf_BP_3_D756_S166_L001-L004_merged	6	0.1185	0.0113	1.0000
PsFluSBW25_chrm01_circ_2692036	Pf_BP_3_D784_S107_L001-L004_merged	6	0.1372	0.0116	1.0000
PsFluSBW25_chrm01_circ_2692036	Pf_BP_3_D84_S13_L001-L004_merged	6	0.0000	0.0001	1.0000
PsFluSBW25_chrm01_circ_2748923	PS_Pf_r03_2017_01_09_L001	6	0.0000	0.0000	1.0000
PsFluSBW25_chrm01_circ_2748923	Pf_BP_3_D112_S46_L001-L004_merged	6	0.0000	0.0002	1.0000
PsFluSBW25_chrm01_circ_2748923	Pf_BP_3_D140_S79_L001-L004_merged	6	0.0000	0.0003	1.0000
PsFluSBW25_chrm01_circ_2748923	Pf_BP_3_D168_S25_L001-L004_merged	6	0.0000	0.0002	1.0000
PsFluSBW25_chrm01_circ_2748923	Pf_BP_3_D196_S58_L001-L004_merged	6	0.0000	0.0005	1.0000
PsFluSBW25_chrm01_circ_2748923	Pf_BP_3_D224_S4_L001-L004_merged	6	0.0000	0.0001	1.0000
PsFluSBW25_chrm01_circ_2748923	Pf_BP_3_D252_S37_L001-L004_merged	6	0.0000	0.0006	1.0000
PsFluSBW25_chrm01_circ_2748923	Pf_BP_3_D279_S70_L001-L004_merged	6	0.0000	0.0002	1.0000
PsFluSBW25_chrm01_circ_2748923	Pf_BP_3_D28_S23_L001-L004_merged	6	0.0000	0.0002	1.0000
PsFluSBW25_chrm01_circ_2748923	Pf_BP_3_D310_S16_L001-L004_merged	6	0.0000	0.0003	1.0000
PsFluSBW25_chrm01_circ_2748923	Pf_BP_3_D336_S49_L001-L004_merged	6	0.0000	0.0005	1.0000
PsFluSBW25_chrm01_circ_2748923	Pf_BP_3_D364_S82_L001-L004_merged	6	0.0014	0.0036	1.0000
PsFluSBW25_chrm01_circ_2748923	Pf_BP_3_D392_S28_L001-L004_merged	6	0.0000	0.0000	1.0000
PsFluSBW25_chrm01_circ_2748923	Pf_BP_3_D420_S61_L001-L004_merged	6	0.0000	0.0001	1.0000
PsFluSBW25_chrm01_circ_2748923	Pf_BP_3_D448_S7_L001-L004_merged	6	0.0000	0.0001	1.0000
PsFluSBW25_chrm01_circ_2748923	Pf_BP_3_D476_S73_L001-L004_merged	6	0.0000	0.0002	1.0000
PsFluSBW25_chrm01_circ_2748923	Pf_BP_3_D504_S173_L001-L004_merged	6	0.0000	0.0000	1.0000
PsFluSBW25_chrm01_circ_2748923	Pf_BP_3_D532_S138_L001-L004_merged	6	0.0006	0.0023	1.0000
PsFluSBW25_chrm01_circ_2748923	Pf_BP_3_D56_S67_L001-L004_merged	6	0.0000	0.0003	1.0000
PsFluSBW25_chrm01_circ_2748923	Pf_BP_3_D588_S174_L001-L004_merged	6	0.0001	0.0007	1.0000
PsFluSBW25_chrm01_circ_2748923	Pf_BP_3_D616_S139_L001-L004_merged	6	0.0102	0.0012	1.0000
PsFluSBW25_chrm01_circ_2748923	Pf_BP_3_D623_S116_L001-L004_merged	6	0.0001	0.0010	1.0000
PsFluSBW25_chrm01_circ_2748923	Pf_BP_3_D644_S164_L001-L004_merged	6	0.0202	0.0048	1.0000
PsFluSBW25_chrm01_circ_2748923	Pf_BP_3_D700_S94_L001-L004_merged	6	0.0475	0.0074	1.0000
PsFluSBW25_chrm01_circ_2748923	Pf_BP_3_D728_S130_L001-L004_merged	6	0.0549	0.0078	1.0000
PsFluSBW25_chrm01_circ_2748923	Pf_BP_3_D756_S166_L001-L004_merged	6	0.1185	0.0113	1.0000
PsFluSBW25_chrm01_circ_2748923	Pf_BP_3_D784_S107_L001-L004_merged	6	0.1372	0.0116	1.0000
PsFluSBW25_chrm01_circ_2748923	Pf_BP_3_D84_S13_L001-L004_merged	6	0.0000	0.0001	1.0000
PsFluSBW25_chrm01_circ_2844380	PS_Pf_r03_2017_01_09_L001	6	0.0000	0.0000	1.0000
PsFluSBW25_chrm01_circ_2844380	Pf_BP_3_D112_S46_L001-L004_merged	6	0.0000	0.0002	1.0000
PsFluSBW25_chrm01_circ_2844380	Pf_BP_3_D140_S79_L001-L004_merged	6	0.0000	0.0003	1.0000
PsFluSBW25_chrm01_circ_2844380	Pf_BP_3_D168_S25_L001-L004_merged	6	0.0000	0.0002	1.0000
PsFluSBW25_chrm01_circ_2844380	Pf_BP_3_D196_S58_L001-L004_merged	6	0.0000	0.0005	1.0000
PsFluSBW25_chrm01_circ_2844380	Pf_BP_3_D224_S4_L001-L004_merged	6	0.0000	0.0001	1.0000
PsFluSBW25_chrm01_circ_2844380	Pf_BP_3_D252_S37_L001-L004_merged	6	0.0000	0.0006	1.0000
PsFluSBW25_chrm01_circ_2844380	Pf_BP_3_D279_S70_L001-L004_merged	6	0.0000	0.0002	1.0000
PsFluSBW25_chrm01_circ_2844380	Pf_BP_3_D28_S23_L001-L004_merged	6	0.0000	0.0002	1.0000
PsFluSBW25_chrm01_circ_2844380	Pf_BP_3_D310_S16_L001-L004_merged	6	0.0000	0.0003	1.0000
PsFluSBW25_chrm01_circ_2844380	Pf_BP_3_D336_S49_L001-L004_merged	6	0.0000	0.0005	1.0000
PsFluSBW25_chrm01_circ_2844380	Pf_BP_3_D364_S82_L001-L004_merged	6	0.0014	0.0036	1.0000
PsFluSBW25_chrm01_circ_2844380	Pf_BP_3_D392_S28_L001-L004_merged	6	0.0000	0.0000	1.0000
PsFluSBW25_chrm01_circ_2844380	Pf_BP_3_D420_S61_L001-L004_merged	6	0.0000	0.0001	1.0000
PsFluSBW25_chrm01_circ_2844380	Pf_BP_3_D448_S7_L001-L004_merged	6	0.0000	0.0001	1.0000
PsFluSBW25_chrm01_circ_2844380	Pf_BP_3_D476_S73_L001-L004_merged	6	0.0000	0.0002	1.0000
PsFluSBW25_chrm01_circ_2844380	Pf_BP_3_D504_S173_L001-L004_merged	6	0.0000	0.0000	1.0000
PsFluSBW25_chrm01_circ_2844380	Pf_BP_3_D532_S138_L001-L004_merged	6	0.0006	0.0023	1.0000
PsFluSBW25_chrm01_circ_2844380	Pf_BP_3_D56_S67_L001-L004_merged	6	0.0000	0.0003	1.0000
PsFluSBW25_chrm01_circ_2844380	Pf_BP_3_D588_S174_L001-L004_merged	6	0.0001	0.0007	1.0000
PsFluSBW25_chrm01_circ_2844380	Pf_BP_3_D616_S139_L001-L004_merged	6	0.0102	0.0012	1.0000
PsFluSBW25_chrm01_circ_2844380	Pf_BP_3_D623_S116_L001-L004_merged	6	0.0001	0.0010	1.0000
PsFluSBW25_chrm01_circ_2844380	Pf_BP_3_D644_S164_L001-L004_merged	6	0.0202	0.0048	1.0000
PsFluSBW25_chrm01_circ_2844380	Pf_BP_3_D700_S94_L001-L004_merged	6	0.0475	0.0074	1.0000
PsFluSBW25_chrm01_circ_2844380	Pf_BP_3_D728_S130_L001-L004_merged	6	0.0549	0.0078	1.0000
PsFluSBW25_chrm01_circ_2844380	Pf_BP_3_D756_S166_L001-L004_merged	6	0.1185	0.0113	1.0000
PsFluSBW25_chrm01_circ_2844380	Pf_BP_3_D784_S107_L001-L004_merged	6	0.1372	0.0116	1.0000
PsFluSBW25_chrm01_circ_2844380	Pf_BP_3_D84_S13_L001-L004_merged	6	0.0000	0.0001	1.0000
PsFluSBW25_chrm01_circ_342397	PS_Pf_r03_2017_01_09_L001	6	0.0000	0.0000	1.0000
PsFluSBW25_chrm01_circ_342397	Pf_BP_3_D112_S46_L001-L004_merged	6	0.0000	0.0002	1.0000
PsFluSBW25_chrm01_circ_342397	Pf_BP_3_D140_S79_L001-L004_merged	6	0.0000	0.0003	1.0000
PsFluSBW25_chrm01_circ_342397	Pf_BP_3_D168_S25_L001-L004_merged	6	0.0000	0.0002	1.0000
PsFluSBW25_chrm01_circ_342397	Pf_BP_3_D196_S58_L001-L004_merged	6	0.0000	0.0005	1.0000
PsFluSBW25_chrm01_circ_342397	Pf_BP_3_D224_S4_L001-L004_merged	6	0.0000	0.0001	1.0000
PsFluSBW25_chrm01_circ_342397	Pf_BP_3_D252_S37_L001-L004_merged	6	0.0000	0.0006	1.0000
PsFluSBW25_chrm01_circ_342397	Pf_BP_3_D279_S70_L001-L004_merged	6	0.0000	0.0002	1.0000
PsFluSBW25_chrm01_circ_342397	Pf_BP_3_D28_S23_L001-L004_merged	6	0.0000	0.0002	1.0000
PsFluSBW25_chrm01_circ_342397	Pf_BP_3_D310_S16_L001-L004_merged	6	0.0000	0.0003	1.0000
PsFluSBW25_chrm01_circ_342397	Pf_BP_3_D336_S49_L001-L004_merged	6	0.0000	0.0005	1.0000
PsFluSBW25_chrm01_circ_342397	Pf_BP_3_D364_S82_L001-L004_merged	6	0.0014	0.0036	1.0000
PsFluSBW25_chrm01_circ_342397	Pf_BP_3_D392_S28_L001-L004_merged	6	0.0000	0.0000	1.0000
PsFluSBW25_chrm01_circ_342397	Pf_BP_3_D420_S61_L001-L004_merged	6	0.0000	0.0001	1.0000
PsFluSBW25_chrm01_circ_342397	Pf_BP_3_D448_S7_L001-L004_merged	6	0.0000	0.0001	1.0000
PsFluSBW25_chrm01_circ_342397	Pf_BP_3_D476_S73_L001-L004_merged	6	0.0000	0.0002	1.0000
PsFluSBW25_chrm01_circ_342397	Pf_BP_3_D504_S173_L001-L004_merged	6	0.0000	0.0000	1.0000
PsFluSBW25_chrm01_circ_342397	Pf_BP_3_D532_S138_L001-L004_merged	6	0.0006	0.0023	1.0000
PsFluSBW25_chrm01_circ_342397	Pf_BP_3_D56_S67_L001-L004_merged	6	0.0000	0.0003	1.0000
PsFluSBW25_chrm01_circ_342397	Pf_BP_3_D588_S174_L001-L004_merged	6	0.0001	0.0007	1.0000
PsFluSBW25_chrm01_circ_342397	Pf_BP_3_D616_S139_L001-L004_merged	6	0.0102	0.0012	1.0000
PsFluSBW25_chrm01_circ_342397	Pf_BP_3_D623_S116_L001-L004_merged	6	0.0001	0.0010	1.0000
PsFluSBW25_chrm01_circ_342397	Pf_BP_3_D644_S164_L001-L004_merged	6	0.0202	0.0048	1.0000
PsFluSBW25_chrm01_circ_342397	Pf_BP_3_D700_S94_L001-L004_merged	6	0.0475	0.0074	1.0000
PsFluSBW25_chrm01_circ_342397	Pf_BP_3_D728_S130_L001-L004_merged	6	0.0549	0.0078	1.0000
PsFluSBW25_chrm01_circ_342397	Pf_BP_3_D756_S166_L001-L004_merged	6	0.1185	0.0113	1.0000
PsFluSBW25_chrm01_circ_342397	Pf_BP_3_D784_S107_L001-L004_merged	6	0.1372	0.0116	1.0000
PsFluSBW25_chrm01_circ_342397	Pf_BP_3_D84_S13_L001-L004_merged	6	0.0000	0.0001	1.0000
PsFluSBW25_chrm01_circ_407561	PS_Pf_r03_2017_01_09_L001	6	0.0000	0.0000	1.0000
PsFluSBW25_chrm01_circ_407561	Pf_BP_3_D112_S46_L001-L004_merged	6	0.0000	0.0002	1.0000
PsFluSBW25_chrm01_circ_407561	Pf_BP_3_D140_S79_L001-L004_merged	6	0.0000	0.0003	1.0000
PsFluSBW25_chrm01_circ_407561	Pf_BP_3_D168_S25_L001-L004_merged	6	0.0000	0.0002	1.0000
PsFluSBW25_chrm01_circ_407561	Pf_BP_3_D196_S58_L001-L004_merged	6	0.0000	0.0005	1.0000
PsFluSBW25_chrm01_circ_407561	Pf_BP_3_D224_S4_L001-L004_merged	6	0.0000	0.0001	1.0000
PsFluSBW25_chrm01_circ_407561	Pf_BP_3_D252_S37_L001-L004_merged	6	0.0000	0.0006	1.0000
PsFluSBW25_chrm01_circ_407561	Pf_BP_3_D279_S70_L001-L004_merged	6	0.0000	0.0002	1.0000
PsFluSBW25_chrm01_circ_407561	Pf_BP_3_D28_S23_L001-L004_merged	6	0.0000	0.0002	1.0000
PsFluSBW25_chrm01_circ_407561	Pf_BP_3_D310_S16_L001-L004_merged	6	0.0000	0.0003	1.0000
PsFluSBW25_chrm01_circ_407561	Pf_BP_3_D336_S49_L001-L004_merged	6	0.0000	0.0005	1.0000
PsFluSBW25_chrm01_circ_407561	Pf_BP_3_D364_S82_L001-L004_merged	6	0.0014	0.0036	1.0000
PsFluSBW25_chrm01_circ_407561	Pf_BP_3_D392_S28_L001-L004_merged	6	0.0000	0.0000	1.0000
PsFluSBW25_chrm01_circ_407561	Pf_BP_3_D420_S61_L001-L004_merged	6	0.0000	0.0001	1.0000
PsFluSBW25_chrm01_circ_407561	Pf_BP_3_D448_S7_L001-L004_merged	6	0.0000	0.0001	1.0000
PsFluSBW25_chrm01_circ_407561	Pf_BP_3_D476_S73_L001-L004_merged	6	0.0000	0.0002	1.0000
PsFluSBW25_chrm01_circ_407561	Pf_BP_3_D504_S173_L001-L004_merged	6	0.0000	0.0000	1.0000
PsFluSBW25_chrm01_circ_407561	Pf_BP_3_D532_S138_L001-L004_merged	6	0.0006	0.0023	1.0000
PsFluSBW25_chrm01_circ_407561	Pf_BP_3_D56_S67_L001-L004_merged	6	0.0000	0.0003	1.0000
PsFluSBW25_chrm01_circ_407561	Pf_BP_3_D588_S174_L001-L004_merged	6	0.0001	0.0007	1.0000
PsFluSBW25_chrm01_circ_407561	Pf_BP_3_D616_S139_L001-L004_merged	6	0.0102	0.0012	1.0000
PsFluSBW25_chrm01_circ_407561	Pf_BP_3_D623_S116_L001-L004_merged	6	0.0001	0.0010	1.0000
PsFluSBW25_chrm01_circ_407561	Pf_BP_3_D644_S164_L001-L004_merged	6	0.0202	0.0048	1.0000
PsFluSBW25_chrm01_circ_407561	Pf_BP_3_D700_S94_L001-L004_merged	6	0.0475	0.0074	1.0000
PsFluSBW25_chrm01_circ_407561	Pf_BP_3_D728_S130_L001-L004_merged	6	0.0549	0.0078	1.0000
PsFluSBW25_chrm01_circ_407561	Pf_BP_3_D756_S166_L001-L004_merged	6	0.1185	0.0113	1.0000
PsFluSBW25_chrm01_circ_407561	Pf_BP_3_D784_S107_L001-L004_merged	6	0.1372	0.0116	1.0000
PsFluSBW25_chrm01_circ_407561	Pf_BP_3_D84_S13_L001-L004_merged	6	0.0000	0.0001	1.0000
PsFluSBW25_chrm01_circ_4522227	PS_Pf_r03_2017_01_09_L001	6	0.0000	0.0000	1.0000
PsFluSBW25_chrm01_circ_4522227	Pf_BP_3_D112_S46_L001-L004_merged	6	0.0000	0.0002	1.0000
PsFluSBW25_chrm01_circ_4522227	Pf_BP_3_D140_S79_L001-L004_merged	6	0.0000	0.0003	1.0000
PsFluSBW25_chrm01_circ_4522227	Pf_BP_3_D168_S25_L001-L004_merged	6	0.0000	0.0002	1.0000
PsFluSBW25_chrm01_circ_4522227	Pf_BP_3_D196_S58_L001-L004_merged	6	0.0000	0.0005	1.0000
PsFluSBW25_chrm01_circ_4522227	Pf_BP_3_D224_S4_L001-L004_merged	6	0.0000	0.0001	1.0000
PsFluSBW25_chrm01_circ_4522227	Pf_BP_3_D252_S37_L001-L004_merged	6	0.0000	0.0006	1.0000
PsFluSBW25_chrm01_circ_4522227	Pf_BP_3_D279_S70_L001-L004_merged	6	0.0000	0.0002	1.0000
PsFluSBW25_chrm01_circ_4522227	Pf_BP_3_D28_S23_L001-L004_merged	6	0.0000	0.0002	1.0000
PsFluSBW25_chrm01_circ_4522227	Pf_BP_3_D310_S16_L001-L004_merged	6	0.0000	0.0003	1.0000
PsFluSBW25_chrm01_circ_4522227	Pf_BP_3_D336_S49_L001-L004_merged	6	0.0000	0.0005	1.0000
PsFluSBW25_chrm01_circ_4522227	Pf_BP_3_D364_S82_L001-L004_merged	6	0.0014	0.0036	1.0000
PsFluSBW25_chrm01_circ_4522227	Pf_BP_3_D392_S28_L001-L004_merged	6	0.0000	0.0000	1.0000
PsFluSBW25_chrm01_circ_4522227	Pf_BP_3_D420_S61_L001-L004_merged	6	0.0000	0.0001	1.0000
PsFluSBW25_chrm01_circ_4522227	Pf_BP_3_D448_S7_L001-L004_merged	6	0.0000	0.0001	1.0000
PsFluSBW25_chrm01_circ_4522227	Pf_BP_3_D476_S73_L001-L004_merged	6	0.0000	0.0002	1.0000
PsFluSBW25_chrm01_circ_4522227	Pf_BP_3_D504_S173_L001-L004_merged	6	0.0000	0.0000	1.0000
PsFluSBW25_chrm01_circ_4522227	Pf_BP_3_D532_S138_L001-L004_merged	6	0.0006	0.0023	1.0000
PsFluSBW25_chrm01_circ_4522227	Pf_BP_3_D56_S67_L001-L004_merged	6	0.0000	0.0003	1.0000
PsFluSBW25_chrm01_circ_4522227	Pf_BP_3_D588_S174_L001-L004_merged	6	0.0001	0.0007	1.0000
PsFluSBW25_chrm01_circ_4522227	Pf_BP_3_D616_S139_L001-L004_merged	6	0.0102	0.0012	1.0000
PsFluSBW25_chrm01_circ_4522227	Pf_BP_3_D623_S116_L001-L004_merged	6	0.0001	0.0010	1.0000
PsFluSBW25_chrm01_circ_4522227	Pf_BP_3_D644_S164_L001-L004_merged	6	0.0202	0.0048	1.0000
PsFluSBW25_chrm01_circ_4522227	Pf_BP_3_D700_S94_L001-L004_merged	6	0.0475	0.0074	1.0000
PsFluSBW25_chrm01_circ_4522227	Pf_BP_3_D728_S130_L001-L004_merged	6	0.0549	0.0078	1.0000
PsFluSBW25_chrm01_circ_4522227	Pf_BP_3_D756_S166_L001-L004_merged	6	0.1185	0.0113	1.0000
PsFluSBW25_chrm01_circ_4522227	Pf_BP_3_D784_S107_L001-L004_merged	6	0.1372	0.0116	1.0000
PsFluSBW25_chrm01_circ_4522227	Pf_BP_3_D84_S13_L001-L004_merged	6	0.0000	0.0001	1.0000
PsFluSBW25_chrm01_circ_4592386	PS_Pf_r03_2017_01_09_L001	6	0.0000	0.0000	1.0000
PsFluSBW25_chrm01_circ_4592386	Pf_BP_3_D112_S46_L001-L004_merged	6	0.0000	0.0002	1.0000
PsFluSBW25_chrm01_circ_4592386	Pf_BP_3_D140_S79_L001-L004_merged	6	0.0000	0.0003	1.0000
PsFluSBW25_chrm01_circ_4592386	Pf_BP_3_D168_S25_L001-L004_merged	6	0.0000	0.0002	1.0000
PsFluSBW25_chrm01_circ_4592386	Pf_BP_3_D196_S58_L001-L004_merged	6	0.0000	0.0005	1.0000
PsFluSBW25_chrm01_circ_4592386	Pf_BP_3_D224_S4_L001-L004_merged	6	0.0000	0.0001	1.0000
PsFluSBW25_chrm01_circ_4592386	Pf_BP_3_D252_S37_L001-L004_merged	6	0.0000	0.0006	1.0000
PsFluSBW25_chrm01_circ_4592386	Pf_BP_3_D279_S70_L001-L004_merged	6	0.0000	0.0002	1.0000
PsFluSBW25_chrm01_circ_4592386	Pf_BP_3_D28_S23_L001-L004_merged	6	0.0000	0.0002	1.0000
PsFluSBW25_chrm01_circ_4592386	Pf_BP_3_D310_S16_L001-L004_merged	6	0.0000	0.0003	1.0000
PsFluSBW25_chrm01_circ_4592386	Pf_BP_3_D336_S49_L001-L004_merged	6	0.0000	0.0005	1.0000
PsFluSBW25_chrm01_circ_4592386	Pf_BP_3_D364_S82_L001-L004_merged	6	0.0014	0.0036	1.0000
PsFluSBW25_chrm01_circ_4592386	Pf_BP_3_D392_S28_L001-L004_merged	6	0.0000	0.0000	1.0000
PsFluSBW25_chrm01_circ_4592386	Pf_BP_3_D420_S61_L001-L004_merged	6	0.0000	0.0001	1.0000
PsFluSBW25_chrm01_circ_4592386	Pf_BP_3_D448_S7_L001-L004_merged	6	0.0000	0.0001	1.0000
PsFluSBW25_chrm01_circ_4592386	Pf_BP_3_D476_S73_L001-L004_merged	6	0.0000	0.0002	1.0000
PsFluSBW25_chrm01_circ_4592386	Pf_BP_3_D504_S173_L001-L004_merged	6	0.0000	0.0000	1.0000
PsFluSBW25_chrm01_circ_4592386	Pf_BP_3_D532_S138_L001-L004_merged	6	0.0006	0.0023	1.0000
PsFluSBW25_chrm01_circ_4592386	Pf_BP_3_D56_S67_L001-L004_merged	6	0.0000	0.0003	1.0000
PsFluSBW25_chrm01_circ_4592386	Pf_BP_3_D588_S174_L001-L004_merged	6	0.0001	0.0007	1.0000
PsFluSBW25_chrm01_circ_4592386	Pf_BP_3_D616_S139_L001-L004_merged	6	0.0102	0.0012	1.0000
PsFluSBW25_chrm01_circ_4592386	Pf_BP_3_D623_S116_L001-L004_merged	6	0.0001	0.0010	1.0000
PsFluSBW25_chrm01_circ_4592386	Pf_BP_3_D644_S164_L001-L004_merged	6	0.0202	0.0048	1.0000
PsFluSBW25_chrm01_circ_4592386	Pf_BP_3_D700_S94_L001-L004_merged	6	0.0475	0.0074	1.0000
PsFluSBW25_chrm01_circ_4592386	Pf_BP_3_D728_S130_L001-L004_merged	6	0.0549	0.0078	1.0000
PsFluSBW25_chrm01_circ_4592386	Pf_BP_3_D756_S166_L001-L004_merged	6	0.1185	0.0113	1.0000
PsFluSBW25_chrm01_circ_4592386	Pf_BP_3_D784_S107_L001-L004_merged	6	0.1372	0.0116	1.0000
PsFluSBW25_chrm01_circ_4592386	Pf_BP_3_D84_S13_L001-L004_merged	6	0.0000	0.0001	1.0000
PsFluSBW25_chrm01_circ_4644415	PS_Pf_r03_2017_01_09_L001	6	0.0000	0.0000	1.0000
PsFluSBW25_chrm01_circ_4644415	Pf_BP_3_D112_S46_L001-L004_merged	6	0.0000	0.0002	1.0000
PsFluSBW25_chrm01_circ_4644415	Pf_BP_3_D140_S79_L001-L004_merged	6	0.0000	0.0003	1.0000
PsFluSBW25_chrm01_circ_4644415	Pf_BP_3_D168_S25_L001-L004_merged	6	0.0000	0.0002	1.0000
PsFluSBW25_chrm01_circ_4644415	Pf_BP_3_D196_S58_L001-L004_merged	6	0.0000	0.0005	1.0000
PsFluSBW25_chrm01_circ_4644415	Pf_BP_3_D224_S4_L001-L004_merged	6	0.0000	0.0001	1.0000
PsFluSBW25_chrm01_circ_4644415	Pf_BP_3_D252_S37_L001-L004_merged	6	0.0000	0.0006	1.0000
PsFluSBW25_chrm01_circ_4644415	Pf_BP_3_D279_S70_L001-L004_merged	6	0.0000	0.0002	1.0000
PsFluSBW25_chrm01_circ_4644415	Pf_BP_3_D28_S23_L001-L004_merged	6	0.0000	0.0002	1.0000
PsFluSBW25_chrm01_circ_4644415	Pf_BP_3_D310_S16_L001-L004_merged	6	0.0000	0.0003	1.0000
PsFluSBW25_chrm01_circ_4644415	Pf_BP_3_D336_S49_L001-L004_merged	6	0.0000	0.0005	1.0000
PsFluSBW25_chrm01_circ_4644415	Pf_BP_3_D364_S82_L001-L004_merged	6	0.0014	0.0036	1.0000
PsFluSBW25_chrm01_circ_4644415	Pf_BP_3_D392_S28_L001-L004_merged	6	0.0000	0.0000	1.0000
PsFluSBW25_chrm01_circ_4644415	Pf_BP_3_D420_S61_L001-L004_merged	6	0.0000	0.0001	1.0000
PsFluSBW25_chrm01_circ_4644415	Pf_BP_3_D448_S7_L001-L004_merged	6	0.0000	0.0001	1.0000
PsFluSBW25_chrm01_circ_4644415	Pf_BP_3_D476_S73_L001-L004_merged	6	0.0000	0.0002	1.0000
PsFluSBW25_chrm01_circ_4644415	Pf_BP_3_D504_S173_L001-L004_merged	6	0.0000	0.0000	1.0000
PsFluSBW25_chrm01_circ_4644415	Pf_BP_3_D532_S138_L001-L004_merged	6	0.0006	0.0023	1.0000
PsFluSBW25_chrm01_circ_4644415	Pf_BP_3_D56_S67_L001-L004_merged	6	0.0000	0.0003	1.0000
PsFluSBW25_chrm01_circ_4644415	Pf_BP_3_D588_S174_L001-L004_merged	6	0.0001	0.0007	1.0000
PsFluSBW25_chrm01_circ_4644415	Pf_BP_3_D616_S139_L001-L004_merged	6	0.0102	0.0012	1.0000
PsFluSBW25_chrm01_circ_4644415	Pf_BP_3_D623_S116_L001-L004_merged	6	0.0001	0.0010	1.0000
PsFluSBW25_chrm01_circ_4644415	Pf_BP_3_D644_S164_L001-L004_merged	6	0.0202	0.0048	1.0000
PsFluSBW25_chrm01_circ_4644415	Pf_BP_3_D700_S94_L001-L004_merged	6	0.0475	0.0074	1.0000
PsFluSBW25_chrm01_circ_4644415	Pf_BP_3_D728_S130_L001-L004_merged	6	0.0549	0.0078	1.0000
PsFluSBW25_chrm01_circ_4644415	Pf_BP_3_D756_S166_L001-L004_merged	6	0.1185	0.0113	1.0000
PsFluSBW25_chrm01_circ_4644415	Pf_BP_3_D784_S107_L001-L004_merged	6	0.1372	0.0116	1.0000
PsFluSBW25_chrm01_circ_4644415	Pf_BP_3_D84_S13_L001-L004_merged	6	0.0000	0.0001	1.0000
PsFluSBW25_chrm01_circ_4645653	PS_Pf_r03_2017_01_09_L001	6	0.0000	0.0000	1.0000
PsFluSBW25_chrm01_circ_4645653	Pf_BP_3_D112_S46_L001-L004_merged	6	0.0000	0.0002	1.0000
PsFluSBW25_chrm01_circ_4645653	Pf_BP_3_D140_S79_L001-L004_merged	6	0.0000	0.0003	1.0000
PsFluSBW25_chrm01_circ_4645653	Pf_BP_3_D168_S25_L001-L004_merged	6	0.0000	0.0002	1.0000
PsFluSBW25_chrm01_circ_4645653	Pf_BP_3_D196_S58_L001-L004_merged	6	0.0000	0.0005	1.0000
PsFluSBW25_chrm01_circ_4645653	Pf_BP_3_D224_S4_L001-L004_merged	6	0.0000	0.0001	1.0000
PsFluSBW25_chrm01_circ_4645653	Pf_BP_3_D252_S37_L001-L004_merged	6	0.0000	0.0006	1.0000
PsFluSBW25_chrm01_circ_4645653	Pf_BP_3_D279_S70_L001-L004_merged	6	0.0000	0.0002	1.0000
PsFluSBW25_chrm01_circ_4645653	Pf_BP_3_D28_S23_L001-L004_merged	6	0.0000	0.0002	1.0000
PsFluSBW25_chrm01_circ_4645653	Pf_BP_3_D310_S16_L001-L004_merged	6	0.0000	0.0003	1.0000
PsFluSBW25_chrm01_circ_4645653	Pf_BP_3_D336_S49_L001-L004_merged	6	0.0000	0.0005	1.0000
PsFluSBW25_chrm01_circ_4645653	Pf_BP_3_D364_S82_L001-L004_merged	6	0.0014	0.0036	1.0000
PsFluSBW25_chrm01_circ_4645653	Pf_BP_3_D392_S28_L001-L004_merged	6	0.0000	0.0000	1.0000
PsFluSBW25_chrm01_circ_4645653	Pf_BP_3_D420_S61_L001-L004_merged	6	0.0000	0.0001	1.0000
PsFluSBW25_chrm01_circ_4645653	Pf_BP_3_D448_S7_L001-L004_merged	6	0.0000	0.0001	1.0000
PsFluSBW25_chrm01_circ_4645653	Pf_BP_3_D476_S73_L001-L004_merged	6	0.0000	0.0002	1.0000
PsFluSBW25_chrm01_circ_4645653	Pf_BP_3_D504_S173_L001-L004_merged	6	0.0000	0.0000	1.0000
PsFluSBW25_chrm01_circ_4645653	Pf_BP_3_D532_S138_L001-L004_merged	6	0.0006	0.0023	1.0000
PsFluSBW25_chrm01_circ_4645653	Pf_BP_3_D56_S67_L001-L004_merged	6	0.0000	0.0003	1.0000
PsFluSBW25_chrm01_circ_4645653	Pf_BP_3_D588_S174_L001-L004_merged	6	0.0001	0.0007	1.0000
PsFluSBW25_chrm01_circ_4645653	Pf_BP_3_D616_S139_L001-L004_merged	6	0.0102	0.0012	1.0000
PsFluSBW25_chrm01_circ_4645653	Pf_BP_3_D623_S116_L001-L004_merged	6	0.0001	0.0010	1.0000
PsFluSBW25_chrm01_circ_4645653	Pf_BP_3_D644_S164_L001-L004_merged	6	0.0202	0.0048	1.0000
PsFluSBW25_chrm01_circ_4645653	Pf_BP_3_D700_S94_L001-L004_merged	6	0.0475	0.0074	1.0000
PsFluSBW25_chrm01_circ_4645653	Pf_BP_3_D728_S130_L001-L004_merged	6	0.0549	0.0078	1.0000
PsFluSBW25_chrm01_circ_4645653	Pf_BP_3_D756_S166_L001-L004_merged	6	0.1185	0.0113	1.0000
PsFluSBW25_chrm01_circ_4645653	Pf_BP_3_D784_S107_L001-L004_merged	6	0.1372	0.0116	1.0000
PsFluSBW25_chrm01_circ_4645653	Pf_BP_3_D84_S13_L001-L004_merged	6	0.0000	0.0001	1.0000
PsFluSBW25_chrm01_circ_4697010	PS_Pf_r03_2017_01_09_L001	6	0.0000	0.0000	0.9997
PsFluSBW25_chrm01_circ_4697010	Pf_BP_3_D112_S46_L001-L004_merged	6	0.0000	0.0002	0.9997
PsFluSBW25_chrm01_circ_4697010	Pf_BP_3_D140_S79_L001-L004_merged	6	0.0000	0.0003	0.9997
PsFluSBW25_chrm01_circ_4697010	Pf_BP_3_D168_S25_L001-L004_merged	6	0.0000	0.0002	0.9997
PsFluSBW25_chrm01_circ_4697010	Pf_BP_3_D196_S58_L001-L004_merged	6	0.0000	0.0005	0.9997
PsFluSBW25_chrm01_circ_4697010	Pf_BP_3_D224_S4_L001-L004_merged	6	0.0000	0.0001	0.9997
PsFluSBW25_chrm01_circ_4697010	Pf_BP_3_D252_S37_L001-L004_merged	6	0.0000	0.0006	0.9997
PsFluSBW25_chrm01_circ_4697010	Pf_BP_3_D279_S70_L001-L004_merged	6	0.0000	0.0002	0.9997
PsFluSBW25_chrm01_circ_4697010	Pf_BP_3_D28_S23_L001-L004_merged	6	0.0000	0.0002	0.9997
PsFluSBW25_chrm01_circ_4697010	Pf_BP_3_D310_S16_L001-L004_merged	6	0.0000	0.0003	0.9997
PsFluSBW25_chrm01_circ_4697010	Pf_BP_3_D336_S49_L001-L004_merged	6	0.0000	0.0005	0.9997
PsFluSBW25_chrm01_circ_4697010	Pf_BP_3_D364_S82_L001-L004_merged	6	0.0014	0.0036	0.9997
PsFluSBW25_chrm01_circ_4697010	Pf_BP_3_D392_S28_L001-L004_merged	6	0.0000	0.0000	0.9997
PsFluSBW25_chrm01_circ_4697010	Pf_BP_3_D420_S61_L001-L004_merged	6	0.0000	0.0001	0.9997
PsFluSBW25_chrm01_circ_4697010	Pf_BP_3_D448_S7_L001-L004_merged	6	0.0000	0.0001	0.9997
PsFluSBW25_chrm01_circ_4697010	Pf_BP_3_D476_S73_L001-L004_merged	6	0.0000	0.0002	0.9997
PsFluSBW25_chrm01_circ_4697010	Pf_BP_3_D504_S173_L001-L004_merged	6	0.0000	0.0000	0.9997
PsFluSBW25_chrm01_circ_4697010	Pf_BP_3_D532_S138_L001-L004_merged	6	0.0006	0.0023	0.9997
PsFluSBW25_chrm01_circ_4697010	Pf_BP_3_D56_S67_L001-L004_merged	6	0.0000	0.0003	0.9997
PsFluSBW25_chrm01_circ_4697010	Pf_BP_3_D588_S174_L001-L004_merged	6	0.0001	0.0007	0.9997
PsFluSBW25_chrm01_circ_4697010	Pf_BP_3_D616_S139_L001-L004_merged	6	0.0102	0.0012	0.9997
PsFluSBW25_chrm01_circ_4697010	Pf_BP_3_D623_S116_L001-L004_merged	6	0.0001	0.0010	0.9997
PsFluSBW25_chrm01_circ_4697010	Pf_BP_3_D644_S164_L001-L004_merged	6	0.0202	0.0048	0.9997
PsFluSBW25_chrm01_circ_4697010	Pf_BP_3_D700_S94_L001-L004_merged	6	0.0475	0.0074	0.9997
PsFluSBW25_chrm01_circ_4697010	Pf_BP_3_D728_S130_L001-L004_merged	6	0.0549	0.0078	0.9997
PsFluSBW25_chrm01_circ_4697010	Pf_BP_3_D756_S166_L001-L004_merged	6	0.1185	0.0113	0.9997
PsFluSBW25_chrm01_circ_4697010	Pf_BP_3_D784_S107_L001-L004_merged	6	0.1372	0.0116	0.9997
PsFluSBW25_chrm01_circ_4697010	Pf_BP_3_D84_S13_L001-L004_merged	6	0.0000	0.0001	0.9997
PsFluSBW25_chrm01_circ_4941675	PS_Pf_r03_2017_01_09_L001	6	0.0000	0.0000	1.0000
PsFluSBW25_chrm01_circ_4941675	Pf_BP_3_D112_S46_L001-L004_merged	6	0.0000	0.0002	1.0000
PsFluSBW25_chrm01_circ_4941675	Pf_BP_3_D140_S79_L001-L004_merged	6	0.0000	0.0003	1.0000
PsFluSBW25_chrm01_circ_4941675	Pf_BP_3_D168_S25_L001-L004_merged	6	0.0000	0.0002	1.0000
PsFluSBW25_chrm01_circ_4941675	Pf_BP_3_D196_S58_L001-L004_merged	6	0.0000	0.0005	1.0000
PsFluSBW25_chrm01_circ_4941675	Pf_BP_3_D224_S4_L001-L004_merged	6	0.0000	0.0001	1.0000
PsFluSBW25_chrm01_circ_4941675	Pf_BP_3_D252_S37_L001-L004_merged	6	0.0000	0.0006	1.0000
PsFluSBW25_chrm01_circ_4941675	Pf_BP_3_D279_S70_L001-L004_merged	6	0.0000	0.0002	1.0000
PsFluSBW25_chrm01_circ_4941675	Pf_BP_3_D28_S23_L001-L004_merged	6	0.0000	0.0002	1.0000
PsFluSBW25_chrm01_circ_4941675	Pf_BP_3_D310_S16_L001-L004_merged	6	0.0000	0.0003	1.0000
PsFluSBW25_chrm01_circ_4941675	Pf_BP_3_D336_S49_L001-L004_merged	6	0.0000	0.0005	1.0000
PsFluSBW25_chrm01_circ_4941675	Pf_BP_3_D364_S82_L001-L004_merged	6	0.0014	0.0036	1.0000
PsFluSBW25_chrm01_circ_4941675	Pf_BP_3_D392_S28_L001-L004_merged	6	0.0000	0.0000	1.0000
PsFluSBW25_chrm01_circ_4941675	Pf_BP_3_D420_S61_L001-L004_merged	6	0.0000	0.0001	1.0000
PsFluSBW25_chrm01_circ_4941675	Pf_BP_3_D448_S7_L001-L004_merged	6	0.0000	0.0001	1.0000
PsFluSBW25_chrm01_circ_4941675	Pf_BP_3_D476_S73_L001-L004_merged	6	0.0000	0.0002	1.0000
PsFluSBW25_chrm01_circ_4941675	Pf_BP_3_D504_S173_L001-L004_merged	6	0.0000	0.0000	1.0000
PsFluSBW25_chrm01_circ_4941675	Pf_BP_3_D532_S138_L001-L004_merged	6	0.0006	0.0023	1.0000
PsFluSBW25_chrm01_circ_4941675	Pf_BP_3_D56_S67_L001-L004_merged	6	0.0000	0.0003	1.0000
PsFluSBW25_chrm01_circ_4941675	Pf_BP_3_D588_S174_L001-L004_merged	6	0.0001	0.0007	1.0000
PsFluSBW25_chrm01_circ_4941675	Pf_BP_3_D616_S139_L001-L004_merged	6	0.0102	0.0012	1.0000
PsFluSBW25_chrm01_circ_4941675	Pf_BP_3_D623_S116_L001-L004_merged	6	0.0001	0.0010	1.0000
PsFluSBW25_chrm01_circ_4941675	Pf_BP_3_D644_S164_L001-L004_merged	6	0.0202	0.0048	1.0000
PsFluSBW25_chrm01_circ_4941675	Pf_BP_3_D700_S94_L001-L004_merged	6	0.0475	0.0074	1.0000
PsFluSBW25_chrm01_circ_4941675	Pf_BP_3_D728_S130_L001-L004_merged	6	0.0549	0.0078	1.0000
PsFluSBW25_chrm01_circ_4941675	Pf_BP_3_D756_S166_L001-L004_merged	6	0.1185	0.0113	1.0000
PsFluSBW25_chrm01_circ_4941675	Pf_BP_3_D784_S107_L001-L004_merged	6	0.1372	0.0116	1.0000
PsFluSBW25_chrm01_circ_4941675	Pf_BP_3_D84_S13_L001-L004_merged	6	0.0000	0.0001	1.0000
PsFluSBW25_chrm01_circ_4976801	PS_Pf_r03_2017_01_09_L001	6	0.0000	0.0000	0.9999
PsFluSBW25_chrm01_circ_4976801	Pf_BP_3_D112_S46_L001-L004_merged	6	0.0000	0.0002	0.9999
PsFluSBW25_chrm01_circ_4976801	Pf_BP_3_D140_S79_L001-L004_merged	6	0.0000	0.0003	0.9999
PsFluSBW25_chrm01_circ_4976801	Pf_BP_3_D168_S25_L001-L004_merged	6	0.0000	0.0002	0.9999
PsFluSBW25_chrm01_circ_4976801	Pf_BP_3_D196_S58_L001-L004_merged	6	0.0000	0.0005	0.9999
PsFluSBW25_chrm01_circ_4976801	Pf_BP_3_D224_S4_L001-L004_merged	6	0.0000	0.0001	0.9999
PsFluSBW25_chrm01_circ_4976801	Pf_BP_3_D252_S37_L001-L004_merged	6	0.0000	0.0006	0.9999
PsFluSBW25_chrm01_circ_4976801	Pf_BP_3_D279_S70_L001-L004_merged	6	0.0000	0.0002	0.9999
PsFluSBW25_chrm01_circ_4976801	Pf_BP_3_D28_S23_L001-L004_merged	6	0.0000	0.0002	0.9999
PsFluSBW25_chrm01_circ_4976801	Pf_BP_3_D310_S16_L001-L004_merged	6	0.0000	0.0003	0.9999
PsFluSBW25_chrm01_circ_4976801	Pf_BP_3_D336_S49_L001-L004_merged	6	0.0000	0.0005	0.9999
PsFluSBW25_chrm01_circ_4976801	Pf_BP_3_D364_S82_L001-L004_merged	6	0.0014	0.0036	0.9999
PsFluSBW25_chrm01_circ_4976801	Pf_BP_3_D392_S28_L001-L004_merged	6	0.0000	0.0000	0.9999
PsFluSBW25_chrm01_circ_4976801	Pf_BP_3_D420_S61_L001-L004_merged	6	0.0000	0.0001	0.9999
PsFluSBW25_chrm01_circ_4976801	Pf_BP_3_D448_S7_L001-L004_merged	6	0.0000	0.0001	0.9999
PsFluSBW25_chrm01_circ_4976801	Pf_BP_3_D476_S73_L001-L004_merged	6	0.0000	0.0002	0.9999
PsFluSBW25_chrm01_circ_4976801	Pf_BP_3_D504_S173_L001-L004_merged	6	0.0000	0.0000	0.9999
PsFluSBW25_chrm01_circ_4976801	Pf_BP_3_D532_S138_L001-L004_merged	6	0.0006	0.0023	0.9999
PsFluSBW25_chrm01_circ_4976801	Pf_BP_3_D56_S67_L001-L004_merged	6	0.0000	0.0003	0.9999
PsFluSBW25_chrm01_circ_4976801	Pf_BP_3_D588_S174_L001-L004_merged	6	0.0001	0.0007	0.9999
PsFluSBW25_chrm01_circ_4976801	Pf_BP_3_D616_S139_L001-L004_merged	6	0.0102	0.0012	0.9999
PsFluSBW25_chrm01_circ_4976801	Pf_BP_3_D623_S116_L001-L004_merged	6	0.0001	0.0010	0.9999
PsFluSBW25_chrm01_circ_4976801	Pf_BP_3_D644_S164_L001-L004_merged	6	0.0202	0.0048	0.9999
PsFluSBW25_chrm01_circ_4976801	Pf_BP_3_D700_S94_L001-L004_merged	6	0.0475	0.0074	0.9999
PsFluSBW25_chrm01_circ_4976801	Pf_BP_3_D728_S130_L001-L004_merged	6	0.0549	0.0078	0.9999
PsFluSBW25_chrm01_circ_4976801	Pf_BP_3_D756_S166_L001-L004_merged	6	0.1185	0.0113	0.9999
PsFluSBW25_chrm01_circ_4976801	Pf_BP_3_D784_S107_L001-L004_merged	6	0.1372	0.0116	0.9999
PsFluSBW25_chrm01_circ_4976801	Pf_BP_3_D84_S13_L001-L004_merged	6	0.0000	0.0001	0.9999
PsFluSBW25_chrm01_circ_5057411	PS_Pf_r03_2017_01_09_L001	6	0.0000	0.0000	1.0000
PsFluSBW25_chrm01_circ_5057411	Pf_BP_3_D112_S46_L001-L004_merged	6	0.0000	0.0002	1.0000
PsFluSBW25_chrm01_circ_5057411	Pf_BP_3_D140_S79_L001-L004_merged	6	0.0000	0.0003	1.0000
PsFluSBW25_chrm01_circ_5057411	Pf_BP_3_D168_S25_L001-L004_merged	6	0.0000	0.0002	1.0000
PsFluSBW25_chrm01_circ_5057411	Pf_BP_3_D196_S58_L001-L004_merged	6	0.0000	0.0005	1.0000
PsFluSBW25_chrm01_circ_5057411	Pf_BP_3_D224_S4_L001-L004_merged	6	0.0000	0.0001	1.0000
PsFluSBW25_chrm01_circ_5057411	Pf_BP_3_D252_S37_L001-L004_merged	6	0.0000	0.0006	1.0000
PsFluSBW25_chrm01_circ_5057411	Pf_BP_3_D279_S70_L001-L004_merged	6	0.0000	0.0002	1.0000
PsFluSBW25_chrm01_circ_5057411	Pf_BP_3_D28_S23_L001-L004_merged	6	0.0000	0.0002	1.0000
PsFluSBW25_chrm01_circ_5057411	Pf_BP_3_D310_S16_L001-L004_merged	6	0.0000	0.0003	1.0000
PsFluSBW25_chrm01_circ_5057411	Pf_BP_3_D336_S49_L001-L004_merged	6	0.0000	0.0005	1.0000
PsFluSBW25_chrm01_circ_5057411	Pf_BP_3_D364_S82_L001-L004_merged	6	0.0014	0.0036	1.0000
PsFluSBW25_chrm01_circ_5057411	Pf_BP_3_D392_S28_L001-L004_merged	6	0.0000	0.0000	1.0000
PsFluSBW25_chrm01_circ_5057411	Pf_BP_3_D420_S61_L001-L004_merged	6	0.0000	0.0001	1.0000
PsFluSBW25_chrm01_circ_5057411	Pf_BP_3_D448_S7_L001-L004_merged	6	0.0000	0.0001	1.0000
PsFluSBW25_chrm01_circ_5057411	Pf_BP_3_D476_S73_L001-L004_merged	6	0.0000	0.0002	1.0000
PsFluSBW25_chrm01_circ_5057411	Pf_BP_3_D504_S173_L001-L004_merged	6	0.0000	0.0000	1.0000
PsFluSBW25_chrm01_circ_5057411	Pf_BP_3_D532_S138_L001-L004_merged	6	0.0006	0.0023	1.0000
PsFluSBW25_chrm01_circ_5057411	Pf_BP_3_D56_S67_L001-L004_merged	6	0.0000	0.0003	1.0000
PsFluSBW25_chrm01_circ_5057411	Pf_BP_3_D588_S174_L001-L004_merged	6	0.0001	0.0007	1.0000
PsFluSBW25_chrm01_circ_5057411	Pf_BP_3_D616_S139_L001-L004_merged	6	0.0102	0.0012	1.0000
PsFluSBW25_chrm01_circ_5057411	Pf_BP_3_D623_S116_L001-L004_merged	6	0.0001	0.0010	1.0000
PsFluSBW25_chrm01_circ_5057411	Pf_BP_3_D644_S164_L001-L004_merged	6	0.0202	0.0048	1.0000
PsFluSBW25_chrm01_circ_5057411	Pf_BP_3_D700_S94_L001-L004_merged	6	0.0475	0.0074	1.0000
PsFluSBW25_chrm01_circ_5057411	Pf_BP_3_D728_S130_L001-L004_merged	6	0.0549	0.0078	1.0000
PsFluSBW25_chrm01_circ_5057411	Pf_BP_3_D756_S166_L001-L004_merged	6	0.1185	0.0113	1.0000
PsFluSBW25_chrm01_circ_5057411	Pf_BP_3_D784_S107_L001-L004_merged	6	0.1372	0.0116	1.0000
PsFluSBW25_chrm01_circ_5057411	Pf_BP_3_D84_S13_L001-L004_merged	6	0.0000	0.0001	1.0000
PsFluSBW25_chrm01_circ_5088445	PS_Pf_r03_2017_01_09_L001	6	0.0000	0.0000	1.0000
PsFluSBW25_chrm01_circ_5088445	Pf_BP_3_D112_S46_L001-L004_merged	6	0.0000	0.0002	1.0000
PsFluSBW25_chrm01_circ_5088445	Pf_BP_3_D140_S79_L001-L004_merged	6	0.0000	0.0003	1.0000
PsFluSBW25_chrm01_circ_5088445	Pf_BP_3_D168_S25_L001-L004_merged	6	0.0000	0.0002	1.0000
PsFluSBW25_chrm01_circ_5088445	Pf_BP_3_D196_S58_L001-L004_merged	6	0.0000	0.0005	1.0000
PsFluSBW25_chrm01_circ_5088445	Pf_BP_3_D224_S4_L001-L004_merged	6	0.0000	0.0001	1.0000
PsFluSBW25_chrm01_circ_5088445	Pf_BP_3_D252_S37_L001-L004_merged	6	0.0000	0.0006	1.0000
PsFluSBW25_chrm01_circ_5088445	Pf_BP_3_D279_S70_L001-L004_merged	6	0.0000	0.0002	1.0000
PsFluSBW25_chrm01_circ_5088445	Pf_BP_3_D28_S23_L001-L004_merged	6	0.0000	0.0002	1.0000
PsFluSBW25_chrm01_circ_5088445	Pf_BP_3_D310_S16_L001-L004_merged	6	0.0000	0.0003	1.0000
PsFluSBW25_chrm01_circ_5088445	Pf_BP_3_D336_S49_L001-L004_merged	6	0.0000	0.0005	1.0000
PsFluSBW25_chrm01_circ_5088445	Pf_BP_3_D364_S82_L001-L004_merged	6	0.0014	0.0036	1.0000
PsFluSBW25_chrm01_circ_5088445	Pf_BP_3_D392_S28_L001-L004_merged	6	0.0000	0.0000	1.0000
PsFluSBW25_chrm01_circ_5088445	Pf_BP_3_D420_S61_L001-L004_merged	6	0.0000	0.0001	1.0000
PsFluSBW25_chrm01_circ_5088445	Pf_BP_3_D448_S7_L001-L004_merged	6	0.0000	0.0001	1.0000
PsFluSBW25_chrm01_circ_5088445	Pf_BP_3_D476_S73_L001-L004_merged	6	0.0000	0.0002	1.0000
PsFluSBW25_chrm01_circ_5088445	Pf_BP_3_D504_S173_L001-L004_merged	6	0.0000	0.0000	1.0000
PsFluSBW25_chrm01_circ_5088445	Pf_BP_3_D532_S138_L001-L004_merged	6	0.0006	0.0023	1.0000
PsFluSBW25_chrm01_circ_5088445	Pf_BP_3_D56_S67_L001-L004_merged	6	0.0000	0.0003	1.0000
PsFluSBW25_chrm01_circ_5088445	Pf_BP_3_D588_S174_L001-L004_merged	6	0.0001	0.0007	1.0000
PsFluSBW25_chrm01_circ_5088445	Pf_BP_3_D616_S139_L001-L004_merged	6	0.0102	0.0012	1.0000
PsFluSBW25_chrm01_circ_5088445	Pf_BP_3_D623_S116_L001-L004_merged	6	0.0001	0.0010	1.0000
PsFluSBW25_chrm01_circ_5088445	Pf_BP_3_D644_S164_L001-L004_merged	6	0.0202	0.0048	1.0000
PsFluSBW25_chrm01_circ_5088445	Pf_BP_3_D700_S94_L001-L004_merged	6	0.0475	0.0074	1.0000
PsFluSBW25_chrm01_circ_5088445	Pf_BP_3_D728_S130_L001-L004_merged	6	0.0549	0.0078	1.0000
PsFluSBW25_chrm01_circ_5088445	Pf_BP_3_D756_S166_L001-L004_merged	6	0.1185	0.0113	1.0000
PsFluSBW25_chrm01_circ_5088445	Pf_BP_3_D784_S107_L001-L004_merged	6	0.1372	0.0116	1.0000
PsFluSBW25_chrm01_circ_5088445	Pf_BP_3_D84_S13_L001-L004_merged	6	0.0000	0.0001	1.0000
PsFluSBW25_chrm01_circ_5098798	PS_Pf_r03_2017_01_09_L001	6	0.0000	0.0000	1.0000
PsFluSBW25_chrm01_circ_5098798	Pf_BP_3_D112_S46_L001-L004_merged	6	0.0000	0.0002	1.0000
PsFluSBW25_chrm01_circ_5098798	Pf_BP_3_D140_S79_L001-L004_merged	6	0.0000	0.0003	1.0000
PsFluSBW25_chrm01_circ_5098798	Pf_BP_3_D168_S25_L001-L004_merged	6	0.0000	0.0002	1.0000
PsFluSBW25_chrm01_circ_5098798	Pf_BP_3_D196_S58_L001-L004_merged	6	0.0000	0.0005	1.0000
PsFluSBW25_chrm01_circ_5098798	Pf_BP_3_D224_S4_L001-L004_merged	6	0.0000	0.0001	1.0000
PsFluSBW25_chrm01_circ_5098798	Pf_BP_3_D252_S37_L001-L004_merged	6	0.0000	0.0006	1.0000
PsFluSBW25_chrm01_circ_5098798	Pf_BP_3_D279_S70_L001-L004_merged	6	0.0000	0.0002	1.0000
PsFluSBW25_chrm01_circ_5098798	Pf_BP_3_D28_S23_L001-L004_merged	6	0.0000	0.0002	1.0000
PsFluSBW25_chrm01_circ_5098798	Pf_BP_3_D310_S16_L001-L004_merged	6	0.0000	0.0003	1.0000
PsFluSBW25_chrm01_circ_5098798	Pf_BP_3_D336_S49_L001-L004_merged	6	0.0000	0.0005	1.0000
PsFluSBW25_chrm01_circ_5098798	Pf_BP_3_D364_S82_L001-L004_merged	6	0.0014	0.0036	1.0000
PsFluSBW25_chrm01_circ_5098798	Pf_BP_3_D392_S28_L001-L004_merged	6	0.0000	0.0000	1.0000
PsFluSBW25_chrm01_circ_5098798	Pf_BP_3_D420_S61_L001-L004_merged	6	0.0000	0.0001	1.0000
PsFluSBW25_chrm01_circ_5098798	Pf_BP_3_D448_S7_L001-L004_merged	6	0.0000	0.0001	1.0000
PsFluSBW25_chrm01_circ_5098798	Pf_BP_3_D476_S73_L001-L004_merged	6	0.0000	0.0002	1.0000
PsFluSBW25_chrm01_circ_5098798	Pf_BP_3_D504_S173_L001-L004_merged	6	0.0000	0.0000	1.0000
PsFluSBW25_chrm01_circ_5098798	Pf_BP_3_D532_S138_L001-L004_merged	6	0.0006	0.0023	1.0000
PsFluSBW25_chrm01_circ_5098798	Pf_BP_3_D56_S67_L001-L004_merged	6	0.0000	0.0003	1.0000
PsFluSBW25_chrm01_circ_5098798	Pf_BP_3_D588_S174_L001-L004_merged	6	0.0001	0.0007	1.0000
PsFluSBW25_chrm01_circ_5098798	Pf_BP_3_D616_S139_L001-L004_merged	6	0.0102	0.0012	1.0000
PsFluSBW25_chrm01_circ_5098798	Pf_BP_3_D623_S116_L001-L004_merged	6	0.0001	0.0010	1.0000
PsFluSBW25_chrm01_circ_5098798	Pf_BP_3_D644_S164_L001-L004_merged	6	0.0202	0.0048	1.0000
PsFluSBW25_chrm01_circ_5098798	Pf_BP_3_D700_S94_L001-L004_merged	6	0.0475	0.0074	1.0000
PsFluSBW25_chrm01_circ_5098798	Pf_BP_3_D728_S130_L001-L004_merged	6	0.0549	0.0078	1.0000
PsFluSBW25_chrm01_circ_5098798	Pf_BP_3_D756_S166_L001-L004_merged	6	0.1185	0.0113	1.0000
PsFluSBW25_chrm01_circ_5098798	Pf_BP_3_D784_S107_L001-L004_merged	6	0.1372	0.0116	1.0000
PsFluSBW25_chrm01_circ_5098798	Pf_BP_3_D84_S13_L001-L004_merged	6	0.0000	0.0001	1.0000
PsFluSBW25_chrm01_circ_5408499	PS_Pf_r03_2017_01_09_L001	6	0.0000	0.0000	0.7218
PsFluSBW25_chrm01_circ_5408499	Pf_BP_3_D112_S46_L001-L004_merged	6	0.0000	0.0002	0.7218
PsFluSBW25_chrm01_circ_5408499	Pf_BP_3_D140_S79_L001-L004_merged	6	0.0000	0.0003	0.7218
PsFluSBW25_chrm01_circ_5408499	Pf_BP_3_D168_S25_L001-L004_merged	6	0.0000	0.0002	0.7218
PsFluSBW25_chrm01_circ_5408499	Pf_BP_3_D196_S58_L001-L004_merged	6	0.0000	0.0005	0.7218
PsFluSBW25_chrm01_circ_5408499	Pf_BP_3_D224_S4_L001-L004_merged	6	0.0000	0.0001	0.7218
PsFluSBW25_chrm01_circ_5408499	Pf_BP_3_D252_S37_L001-L004_merged	6	0.0000	0.0006	0.7218
PsFluSBW25_chrm01_circ_5408499	Pf_BP_3_D279_S70_L001-L004_merged	6	0.0000	0.0002	0.7218
PsFluSBW25_chrm01_circ_5408499	Pf_BP_3_D28_S23_L001-L004_merged	6	0.0000	0.0002	0.7218
PsFluSBW25_chrm01_circ_5408499	Pf_BP_3_D310_S16_L001-L004_merged	6	0.0000	0.0003	0.7218
PsFluSBW25_chrm01_circ_5408499	Pf_BP_3_D336_S49_L001-L004_merged	6	0.0000	0.0005	0.7218
PsFluSBW25_chrm01_circ_5408499	Pf_BP_3_D364_S82_L001-L004_merged	6	0.0014	0.0036	0.7218
PsFluSBW25_chrm01_circ_5408499	Pf_BP_3_D392_S28_L001-L004_merged	6	0.0000	0.0000	0.7218
PsFluSBW25_chrm01_circ_5408499	Pf_BP_3_D420_S61_L001-L004_merged	6	0.0000	0.0001	0.7218
PsFluSBW25_chrm01_circ_5408499	Pf_BP_3_D448_S7_L001-L004_merged	6	0.0000	0.0001	0.7218
PsFluSBW25_chrm01_circ_5408499	Pf_BP_3_D476_S73_L001-L004_merged	6	0.0000	0.0002	0.7218
PsFluSBW25_chrm01_circ_5408499	Pf_BP_3_D504_S173_L001-L004_merged	6	0.0000	0.0000	0.7218
PsFluSBW25_chrm01_circ_5408499	Pf_BP_3_D532_S138_L001-L004_merged	6	0.0006	0.0023	0.7218
PsFluSBW25_chrm01_circ_5408499	Pf_BP_3_D56_S67_L001-L004_merged	6	0.0000	0.0003	0.7218
PsFluSBW25_chrm01_circ_5408499	Pf_BP_3_D588_S174_L001-L004_merged	6	0.0001	0.0007	0.7218
PsFluSBW25_chrm01_circ_5408499	Pf_BP_3_D616_S139_L001-L004_merged	6	0.0102	0.0012	0.7218
PsFluSBW25_chrm01_circ_5408499	Pf_BP_3_D623_S116_L001-L004_merged	6	0.0001	0.0010	0.7218
PsFluSBW25_chrm01_circ_5408499	Pf_BP_3_D644_S164_L001-L004_merged	6	0.0202	0.0048	0.7218
PsFluSBW25_chrm01_circ_5408499	Pf_BP_3_D700_S94_L001-L004_merged	6	0.0475	0.0074	0.7218
PsFluSBW25_chrm01_circ_5408499	Pf_BP_3_D728_S130_L001-L004_merged	6	0.0549	0.0078	0.7218
PsFluSBW25_chrm01_circ_5408499	Pf_BP_3_D756_S166_L001-L004_merged	6	0.1185	0.0113	0.7218
PsFluSBW25_chrm01_circ_5408499	Pf_BP_3_D784_S107_L001-L004_merged	6	0.1372	0.0116	0.7218
PsFluSBW25_chrm01_circ_5408499	Pf_BP_3_D84_S13_L001-L004_merged	6	0.0000	0.0001	0.7218
PsFluSBW25_chrm01_circ_5486155	PS_Pf_r03_2017_01_09_L001	6	0.0000	0.0000	1.0000
PsFluSBW25_chrm01_circ_5486155	Pf_BP_3_D112_S46_L001-L004_merged	6	0.0000	0.0002	1.0000
PsFluSBW25_chrm01_circ_5486155	Pf_BP_3_D140_S79_L001-L004_merged	6	0.0000	0.0003	1.0000
PsFluSBW25_chrm01_circ_5486155	Pf_BP_3_D168_S25_L001-L004_merged	6	0.0000	0.0002	1.0000
PsFluSBW25_chrm01_circ_5486155	Pf_BP_3_D196_S58_L001-L004_merged	6	0.0000	0.0005	1.0000
PsFluSBW25_chrm01_circ_5486155	Pf_BP_3_D224_S4_L001-L004_merged	6	0.0000	0.0001	1.0000
PsFluSBW25_chrm01_circ_5486155	Pf_BP_3_D252_S37_L001-L004_merged	6	0.0000	0.0006	1.0000
PsFluSBW25_chrm01_circ_5486155	Pf_BP_3_D279_S70_L001-L004_merged	6	0.0000	0.0002	1.0000
PsFluSBW25_chrm01_circ_5486155	Pf_BP_3_D28_S23_L001-L004_merged	6	0.0000	0.0002	1.0000
PsFluSBW25_chrm01_circ_5486155	Pf_BP_3_D310_S16_L001-L004_merged	6	0.0000	0.0003	1.0000
PsFluSBW25_chrm01_circ_5486155	Pf_BP_3_D336_S49_L001-L004_merged	6	0.0000	0.0005	1.0000
PsFluSBW25_chrm01_circ_5486155	Pf_BP_3_D364_S82_L001-L004_merged	6	0.0014	0.0036	1.0000
PsFluSBW25_chrm01_circ_5486155	Pf_BP_3_D392_S28_L001-L004_merged	6	0.0000	0.0000	1.0000
PsFluSBW25_chrm01_circ_5486155	Pf_BP_3_D420_S61_L001-L004_merged	6	0.0000	0.0001	1.0000
PsFluSBW25_chrm01_circ_5486155	Pf_BP_3_D448_S7_L001-L004_merged	6	0.0000	0.0001	1.0000
PsFluSBW25_chrm01_circ_5486155	Pf_BP_3_D476_S73_L001-L004_merged	6	0.0000	0.0002	1.0000
PsFluSBW25_chrm01_circ_5486155	Pf_BP_3_D504_S173_L001-L004_merged	6	0.0000	0.0000	1.0000
PsFluSBW25_chrm01_circ_5486155	Pf_BP_3_D532_S138_L001-L004_merged	6	0.0006	0.0023	1.0000
PsFluSBW25_chrm01_circ_5486155	Pf_BP_3_D56_S67_L001-L004_merged	6	0.0000	0.0003	1.0000
PsFluSBW25_chrm01_circ_5486155	Pf_BP_3_D588_S174_L001-L004_merged	6	0.0001	0.0007	1.0000
PsFluSBW25_chrm01_circ_5486155	Pf_BP_3_D616_S139_L001-L004_merged	6	0.0102	0.0012	1.0000
PsFluSBW25_chrm01_circ_5486155	Pf_BP_3_D623_S116_L001-L004_merged	6	0.0001	0.0010	1.0000
PsFluSBW25_chrm01_circ_5486155	Pf_BP_3_D644_S164_L001-L004_merged	6	0.0202	0.0048	1.0000
PsFluSBW25_chrm01_circ_5486155	Pf_BP_3_D700_S94_L001-L004_merged	6	0.0475	0.0074	1.0000
PsFluSBW25_chrm01_circ_5486155	Pf_BP_3_D728_S130_L001-L004_merged	6	0.0549	0.0078	1.0000
PsFluSBW25_chrm01_circ_5486155	Pf_BP_3_D756_S166_L001-L004_merged	6	0.1185	0.0113	1.0000
PsFluSBW25_chrm01_circ_5486155	Pf_BP_3_D784_S107_L001-L004_merged	6	0.1372	0.0116	1.0000
PsFluSBW25_chrm01_circ_5486155	Pf_BP_3_D84_S13_L001-L004_merged	6	0.0000	0.0001	1.0000
PsFluSBW25_chrm01_circ_5524086	PS_Pf_r03_2017_01_09_L001	6	0.0000	0.0000	0.9997
PsFluSBW25_chrm01_circ_5524086	Pf_BP_3_D112_S46_L001-L004_merged	6	0.0000	0.0002	0.9997
PsFluSBW25_chrm01_circ_5524086	Pf_BP_3_D140_S79_L001-L004_merged	6	0.0000	0.0003	0.9997
PsFluSBW25_chrm01_circ_5524086	Pf_BP_3_D168_S25_L001-L004_merged	6	0.0000	0.0002	0.9997
PsFluSBW25_chrm01_circ_5524086	Pf_BP_3_D196_S58_L001-L004_merged	6	0.0000	0.0005	0.9997
PsFluSBW25_chrm01_circ_5524086	Pf_BP_3_D224_S4_L001-L004_merged	6	0.0000	0.0001	0.9997
PsFluSBW25_chrm01_circ_5524086	Pf_BP_3_D252_S37_L001-L004_merged	6	0.0000	0.0006	0.9997
PsFluSBW25_chrm01_circ_5524086	Pf_BP_3_D279_S70_L001-L004_merged	6	0.0000	0.0002	0.9997
PsFluSBW25_chrm01_circ_5524086	Pf_BP_3_D28_S23_L001-L004_merged	6	0.0000	0.0002	0.9997
PsFluSBW25_chrm01_circ_5524086	Pf_BP_3_D310_S16_L001-L004_merged	6	0.0000	0.0003	0.9997
PsFluSBW25_chrm01_circ_5524086	Pf_BP_3_D336_S49_L001-L004_merged	6	0.0000	0.0005	0.9997
PsFluSBW25_chrm01_circ_5524086	Pf_BP_3_D364_S82_L001-L004_merged	6	0.0014	0.0036	0.9997
PsFluSBW25_chrm01_circ_5524086	Pf_BP_3_D392_S28_L001-L004_merged	6	0.0000	0.0000	0.9997
PsFluSBW25_chrm01_circ_5524086	Pf_BP_3_D420_S61_L001-L004_merged	6	0.0000	0.0001	0.9997
PsFluSBW25_chrm01_circ_5524086	Pf_BP_3_D448_S7_L001-L004_merged	6	0.0000	0.0001	0.9997
PsFluSBW25_chrm01_circ_5524086	Pf_BP_3_D476_S73_L001-L004_merged	6	0.0000	0.0002	0.9997
PsFluSBW25_chrm01_circ_5524086	Pf_BP_3_D504_S173_L001-L004_merged	6	0.0000	0.0000	0.9997
PsFluSBW25_chrm01_circ_5524086	Pf_BP_3_D532_S138_L001-L004_merged	6	0.0006	0.0023	0.9997
PsFluSBW25_chrm01_circ_5524086	Pf_BP_3_D56_S67_L001-L004_merged	6	0.0000	0.0003	0.9997
PsFluSBW25_chrm01_circ_5524086	Pf_BP_3_D588_S174_L001-L004_merged	6	0.0001	0.0007	0.9997
PsFluSBW25_chrm01_circ_5524086	Pf_BP_3_D616_S139_L001-L004_merged	6	0.0102	0.0012	0.9997
PsFluSBW25_chrm01_circ_5524086	Pf_BP_3_D623_S116_L001-L004_merged	6	0.0001	0.0010	0.9997
PsFluSBW25_chrm01_circ_5524086	Pf_BP_3_D644_S164_L001-L004_merged	6	0.0202	0.0048	0.9997
PsFluSBW25_chrm01_circ_5524086	Pf_BP_3_D700_S94_L001-L004_merged	6	0.0475	0.0074	0.9997
PsFluSBW25_chrm01_circ_5524086	Pf_BP_3_D728_S130_L001-L004_merged	6	0.0549	0.0078	0.9997
PsFluSBW25_chrm01_circ_5524086	Pf_BP_3_D756_S166_L001-L004_merged	6	0.1185	0.0113	0.9997
PsFluSBW25_chrm01_circ_5524086	Pf_BP_3_D784_S107_L001-L004_merged	6	0.1372	0.0116	0.9997
PsFluSBW25_chrm01_circ_5524086	Pf_BP_3_D84_S13_L001-L004_merged	6	0.0000	0.0001	0.9997
PsFluSBW25_chrm01_circ_5567439	PS_Pf_r03_2017_01_09_L001	6	0.0000	0.0000	1.0000
PsFluSBW25_chrm01_circ_5567439	Pf_BP_3_D112_S46_L001-L004_merged	6	0.0000	0.0002	1.0000
PsFluSBW25_chrm01_circ_5567439	Pf_BP_3_D140_S79_L001-L004_merged	6	0.0000	0.0003	1.0000
PsFluSBW25_chrm01_circ_5567439	Pf_BP_3_D168_S25_L001-L004_merged	6	0.0000	0.0002	1.0000
PsFluSBW25_chrm01_circ_5567439	Pf_BP_3_D196_S58_L001-L004_merged	6	0.0000	0.0005	1.0000
PsFluSBW25_chrm01_circ_5567439	Pf_BP_3_D224_S4_L001-L004_merged	6	0.0000	0.0001	1.0000
PsFluSBW25_chrm01_circ_5567439	Pf_BP_3_D252_S37_L001-L004_merged	6	0.0000	0.0006	1.0000
PsFluSBW25_chrm01_circ_5567439	Pf_BP_3_D279_S70_L001-L004_merged	6	0.0000	0.0002	1.0000
PsFluSBW25_chrm01_circ_5567439	Pf_BP_3_D28_S23_L001-L004_merged	6	0.0000	0.0002	1.0000
PsFluSBW25_chrm01_circ_5567439	Pf_BP_3_D310_S16_L001-L004_merged	6	0.0000	0.0003	1.0000
PsFluSBW25_chrm01_circ_5567439	Pf_BP_3_D336_S49_L001-L004_merged	6	0.0000	0.0005	1.0000
PsFluSBW25_chrm01_circ_5567439	Pf_BP_3_D364_S82_L001-L004_merged	6	0.0014	0.0036	1.0000
PsFluSBW25_chrm01_circ_5567439	Pf_BP_3_D392_S28_L001-L004_merged	6	0.0000	0.0000	1.0000
PsFluSBW25_chrm01_circ_5567439	Pf_BP_3_D420_S61_L001-L004_merged	6	0.0000	0.0001	1.0000
PsFluSBW25_chrm01_circ_5567439	Pf_BP_3_D448_S7_L001-L004_merged	6	0.0000	0.0001	1.0000
PsFluSBW25_chrm01_circ_5567439	Pf_BP_3_D476_S73_L001-L004_merged	6	0.0000	0.0002	1.0000
PsFluSBW25_chrm01_circ_5567439	Pf_BP_3_D504_S173_L001-L004_merged	6	0.0000	0.0000	1.0000
PsFluSBW25_chrm01_circ_5567439	Pf_BP_3_D532_S138_L001-L004_merged	6	0.0006	0.0023	1.0000
PsFluSBW25_chrm01_circ_5567439	Pf_BP_3_D56_S67_L001-L004_merged	6	0.0000	0.0003	1.0000
PsFluSBW25_chrm01_circ_5567439	Pf_BP_3_D588_S174_L001-L004_merged	6	0.0001	0.0007	1.0000
PsFluSBW25_chrm01_circ_5567439	Pf_BP_3_D616_S139_L001-L004_merged	6	0.0102	0.0012	1.0000
PsFluSBW25_chrm01_circ_5567439	Pf_BP_3_D623_S116_L001-L004_merged	6	0.0001	0.0010	1.0000
PsFluSBW25_chrm01_circ_5567439	Pf_BP_3_D644_S164_L001-L004_merged	6	0.0202	0.0048	1.0000
PsFluSBW25_chrm01_circ_5567439	Pf_BP_3_D700_S94_L001-L004_merged	6	0.0475	0.0074	1.0000
PsFluSBW25_chrm01_circ_5567439	Pf_BP_3_D728_S130_L001-L004_merged	6	0.0549	0.0078	1.0000
PsFluSBW25_chrm01_circ_5567439	Pf_BP_3_D756_S166_L001-L004_merged	6	0.1185	0.0113	1.0000
PsFluSBW25_chrm01_circ_5567439	Pf_BP_3_D784_S107_L001-L004_merged	6	0.1372	0.0116	1.0000
PsFluSBW25_chrm01_circ_5567439	Pf_BP_3_D84_S13_L001-L004_merged	6	0.0000	0.0001	1.0000
PsFluSBW25_chrm01_circ_5624304	PS_Pf_r03_2017_01_09_L001	6	0.0000	0.0000	1.0000
PsFluSBW25_chrm01_circ_5624304	Pf_BP_3_D112_S46_L001-L004_merged	6	0.0000	0.0002	1.0000
PsFluSBW25_chrm01_circ_5624304	Pf_BP_3_D140_S79_L001-L004_merged	6	0.0000	0.0003	1.0000
PsFluSBW25_chrm01_circ_5624304	Pf_BP_3_D168_S25_L001-L004_merged	6	0.0000	0.0002	1.0000
PsFluSBW25_chrm01_circ_5624304	Pf_BP_3_D196_S58_L001-L004_merged	6	0.0000	0.0005	1.0000
PsFluSBW25_chrm01_circ_5624304	Pf_BP_3_D224_S4_L001-L004_merged	6	0.0000	0.0001	1.0000
PsFluSBW25_chrm01_circ_5624304	Pf_BP_3_D252_S37_L001-L004_merged	6	0.0000	0.0006	1.0000
PsFluSBW25_chrm01_circ_5624304	Pf_BP_3_D279_S70_L001-L004_merged	6	0.0000	0.0002	1.0000
PsFluSBW25_chrm01_circ_5624304	Pf_BP_3_D28_S23_L001-L004_merged	6	0.0000	0.0002	1.0000
PsFluSBW25_chrm01_circ_5624304	Pf_BP_3_D310_S16_L001-L004_merged	6	0.0000	0.0003	1.0000
PsFluSBW25_chrm01_circ_5624304	Pf_BP_3_D336_S49_L001-L004_merged	6	0.0000	0.0005	1.0000
PsFluSBW25_chrm01_circ_5624304	Pf_BP_3_D364_S82_L001-L004_merged	6	0.0014	0.0036	1.0000
PsFluSBW25_chrm01_circ_5624304	Pf_BP_3_D392_S28_L001-L004_merged	6	0.0000	0.0000	1.0000
PsFluSBW25_chrm01_circ_5624304	Pf_BP_3_D420_S61_L001-L004_merged	6	0.0000	0.0001	1.0000
PsFluSBW25_chrm01_circ_5624304	Pf_BP_3_D448_S7_L001-L004_merged	6	0.0000	0.0001	1.0000
PsFluSBW25_chrm01_circ_5624304	Pf_BP_3_D476_S73_L001-L004_merged	6	0.0000	0.0002	1.0000
PsFluSBW25_chrm01_circ_5624304	Pf_BP_3_D504_S173_L001-L004_merged	6	0.0000	0.0000	1.0000
PsFluSBW25_chrm01_circ_5624304	Pf_BP_3_D532_S138_L001-L004_merged	6	0.0006	0.0023	1.0000
PsFluSBW25_chrm01_circ_5624304	Pf_BP_3_D56_S67_L001-L004_merged	6	0.0000	0.0003	1.0000
PsFluSBW25_chrm01_circ_5624304	Pf_BP_3_D588_S174_L001-L004_merged	6	0.0001	0.0007	1.0000
PsFluSBW25_chrm01_circ_5624304	Pf_BP_3_D616_S139_L001-L004_merged	6	0.0102	0.0012	1.0000
PsFluSBW25_chrm01_circ_5624304	Pf_BP_3_D623_S116_L001-L004_merged	6	0.0001	0.0010	1.0000
PsFluSBW25_chrm01_circ_5624304	Pf_BP_3_D644_S164_L001-L004_merged	6	0.0202	0.0048	1.0000
PsFluSBW25_chrm01_circ_5624304	Pf_BP_3_D700_S94_L001-L004_merged	6	0.0475	0.0074	1.0000
PsFluSBW25_chrm01_circ_5624304	Pf_BP_3_D728_S130_L001-L004_merged	6	0.0549	0.0078	1.0000
PsFluSBW25_chrm01_circ_5624304	Pf_BP_3_D756_S166_L001-L004_merged	6	0.1185	0.0113	1.0000
PsFluSBW25_chrm01_circ_5624304	Pf_BP_3_D784_S107_L001-L004_merged	6	0.1372	0.0116	1.0000
PsFluSBW25_chrm01_circ_5624304	Pf_BP_3_D84_S13_L001-L004_merged	6	0.0000	0.0001	1.0000
PsFluSBW25_chrm01_circ_5709997	PS_Pf_r03_2017_01_09_L001	6	0.0000	0.0000	1.0000
PsFluSBW25_chrm01_circ_5709997	Pf_BP_3_D112_S46_L001-L004_merged	6	0.0000	0.0002	1.0000
PsFluSBW25_chrm01_circ_5709997	Pf_BP_3_D140_S79_L001-L004_merged	6	0.0000	0.0003	1.0000
PsFluSBW25_chrm01_circ_5709997	Pf_BP_3_D168_S25_L001-L004_merged	6	0.0000	0.0002	1.0000
PsFluSBW25_chrm01_circ_5709997	Pf_BP_3_D196_S58_L001-L004_merged	6	0.0000	0.0005	1.0000
PsFluSBW25_chrm01_circ_5709997	Pf_BP_3_D224_S4_L001-L004_merged	6	0.0000	0.0001	1.0000
PsFluSBW25_chrm01_circ_5709997	Pf_BP_3_D252_S37_L001-L004_merged	6	0.0000	0.0006	1.0000
PsFluSBW25_chrm01_circ_5709997	Pf_BP_3_D279_S70_L001-L004_merged	6	0.0000	0.0002	1.0000
PsFluSBW25_chrm01_circ_5709997	Pf_BP_3_D28_S23_L001-L004_merged	6	0.0000	0.0002	1.0000
PsFluSBW25_chrm01_circ_5709997	Pf_BP_3_D310_S16_L001-L004_merged	6	0.0000	0.0003	1.0000
PsFluSBW25_chrm01_circ_5709997	Pf_BP_3_D336_S49_L001-L004_merged	6	0.0000	0.0005	1.0000
PsFluSBW25_chrm01_circ_5709997	Pf_BP_3_D364_S82_L001-L004_merged	6	0.0014	0.0036	1.0000
PsFluSBW25_chrm01_circ_5709997	Pf_BP_3_D392_S28_L001-L004_merged	6	0.0000	0.0000	1.0000
PsFluSBW25_chrm01_circ_5709997	Pf_BP_3_D420_S61_L001-L004_merged	6	0.0000	0.0001	1.0000
PsFluSBW25_chrm01_circ_5709997	Pf_BP_3_D448_S7_L001-L004_merged	6	0.0000	0.0001	1.0000
PsFluSBW25_chrm01_circ_5709997	Pf_BP_3_D476_S73_L001-L004_merged	6	0.0000	0.0002	1.0000
PsFluSBW25_chrm01_circ_5709997	Pf_BP_3_D504_S173_L001-L004_merged	6	0.0000	0.0000	1.0000
PsFluSBW25_chrm01_circ_5709997	Pf_BP_3_D532_S138_L001-L004_merged	6	0.0006	0.0023	1.0000
PsFluSBW25_chrm01_circ_5709997	Pf_BP_3_D56_S67_L001-L004_merged	6	0.0000	0.0003	1.0000
PsFluSBW25_chrm01_circ_5709997	Pf_BP_3_D588_S174_L001-L004_merged	6	0.0001	0.0007	1.0000
PsFluSBW25_chrm01_circ_5709997	Pf_BP_3_D616_S139_L001-L004_merged	6	0.0102	0.0012	1.0000
PsFluSBW25_chrm01_circ_5709997	Pf_BP_3_D623_S116_L001-L004_merged	6	0.0001	0.0010	1.0000
PsFluSBW25_chrm01_circ_5709997	Pf_BP_3_D644_S164_L001-L004_merged	6	0.0202	0.0048	1.0000
PsFluSBW25_chrm01_circ_5709997	Pf_BP_3_D700_S94_L001-L004_merged	6	0.0475	0.0074	1.0000
PsFluSBW25_chrm01_circ_5709997	Pf_BP_3_D728_S130_L001-L004_merged	6	0.0549	0.0078	1.0000
PsFluSBW25_chrm01_circ_5709997	Pf_BP_3_D756_S166_L001-L004_merged	6	0.1185	0.0113	1.0000
PsFluSBW25_chrm01_circ_5709997	Pf_BP_3_D784_S107_L001-L004_merged	6	0.1372	0.0116	1.0000
PsFluSBW25_chrm01_circ_5709997	Pf_BP_3_D84_S13_L001-L004_merged	6	0.0000	0.0001	1.0000
PsFluSBW25_chrm01_circ_5715825	PS_Pf_r03_2017_01_09_L001	6	0.0000	0.0000	1.0000
PsFluSBW25_chrm01_circ_5715825	Pf_BP_3_D112_S46_L001-L004_merged	6	0.0000	0.0002	1.0000
PsFluSBW25_chrm01_circ_5715825	Pf_BP_3_D140_S79_L001-L004_merged	6	0.0000	0.0003	1.0000
PsFluSBW25_chrm01_circ_5715825	Pf_BP_3_D168_S25_L001-L004_merged	6	0.0000	0.0002	1.0000
PsFluSBW25_chrm01_circ_5715825	Pf_BP_3_D196_S58_L001-L004_merged	6	0.0000	0.0005	1.0000
PsFluSBW25_chrm01_circ_5715825	Pf_BP_3_D224_S4_L001-L004_merged	6	0.0000	0.0001	1.0000
PsFluSBW25_chrm01_circ_5715825	Pf_BP_3_D252_S37_L001-L004_merged	6	0.0000	0.0006	1.0000
PsFluSBW25_chrm01_circ_5715825	Pf_BP_3_D279_S70_L001-L004_merged	6	0.0000	0.0002	1.0000
PsFluSBW25_chrm01_circ_5715825	Pf_BP_3_D28_S23_L001-L004_merged	6	0.0000	0.0002	1.0000
PsFluSBW25_chrm01_circ_5715825	Pf_BP_3_D310_S16_L001-L004_merged	6	0.0000	0.0003	1.0000
PsFluSBW25_chrm01_circ_5715825	Pf_BP_3_D336_S49_L001-L004_merged	6	0.0000	0.0005	1.0000
PsFluSBW25_chrm01_circ_5715825	Pf_BP_3_D364_S82_L001-L004_merged	6	0.0014	0.0036	1.0000
PsFluSBW25_chrm01_circ_5715825	Pf_BP_3_D392_S28_L001-L004_merged	6	0.0000	0.0000	1.0000
PsFluSBW25_chrm01_circ_5715825	Pf_BP_3_D420_S61_L001-L004_merged	6	0.0000	0.0001	1.0000
PsFluSBW25_chrm01_circ_5715825	Pf_BP_3_D448_S7_L001-L004_merged	6	0.0000	0.0001	1.0000
PsFluSBW25_chrm01_circ_5715825	Pf_BP_3_D476_S73_L001-L004_merged	6	0.0000	0.0002	1.0000
PsFluSBW25_chrm01_circ_5715825	Pf_BP_3_D504_S173_L001-L004_merged	6	0.0000	0.0000	1.0000
PsFluSBW25_chrm01_circ_5715825	Pf_BP_3_D532_S138_L001-L004_merged	6	0.0006	0.0023	1.0000
PsFluSBW25_chrm01_circ_5715825	Pf_BP_3_D56_S67_L001-L004_merged	6	0.0000	0.0003	1.0000
PsFluSBW25_chrm01_circ_5715825	Pf_BP_3_D588_S174_L001-L004_merged	6	0.0001	0.0007	1.0000
PsFluSBW25_chrm01_circ_5715825	Pf_BP_3_D616_S139_L001-L004_merged	6	0.0102	0.0012	1.0000
PsFluSBW25_chrm01_circ_5715825	Pf_BP_3_D623_S116_L001-L004_merged	6	0.0001	0.0010	1.0000
PsFluSBW25_chrm01_circ_5715825	Pf_BP_3_D644_S164_L001-L004_merged	6	0.0202	0.0048	1.0000
PsFluSBW25_chrm01_circ_5715825	Pf_BP_3_D700_S94_L001-L004_merged	6	0.0475	0.0074	1.0000
PsFluSBW25_chrm01_circ_5715825	Pf_BP_3_D728_S130_L001-L004_merged	6	0.0549	0.0078	1.0000
PsFluSBW25_chrm01_circ_5715825	Pf_BP_3_D756_S166_L001-L004_merged	6	0.1185	0.0113	1.0000
PsFluSBW25_chrm01_circ_5715825	Pf_BP_3_D784_S107_L001-L004_merged	6	0.1372	0.0116	1.0000
PsFluSBW25_chrm01_circ_5715825	Pf_BP_3_D84_S13_L001-L004_merged	6	0.0000	0.0001	1.0000
PsFluSBW25_chrm01_circ_574868	PS_Pf_r03_2017_01_09_L001	6	0.0000	0.0000	1.0000
PsFluSBW25_chrm01_circ_574868	Pf_BP_3_D112_S46_L001-L004_merged	6	0.0000	0.0002	1.0000
PsFluSBW25_chrm01_circ_574868	Pf_BP_3_D140_S79_L001-L004_merged	6	0.0000	0.0003	1.0000
PsFluSBW25_chrm01_circ_574868	Pf_BP_3_D168_S25_L001-L004_merged	6	0.0000	0.0002	1.0000
PsFluSBW25_chrm01_circ_574868	Pf_BP_3_D196_S58_L001-L004_merged	6	0.0000	0.0005	1.0000
PsFluSBW25_chrm01_circ_574868	Pf_BP_3_D224_S4_L001-L004_merged	6	0.0000	0.0001	1.0000
PsFluSBW25_chrm01_circ_574868	Pf_BP_3_D252_S37_L001-L004_merged	6	0.0000	0.0006	1.0000
PsFluSBW25_chrm01_circ_574868	Pf_BP_3_D279_S70_L001-L004_merged	6	0.0000	0.0002	1.0000
PsFluSBW25_chrm01_circ_574868	Pf_BP_3_D28_S23_L001-L004_merged	6	0.0000	0.0002	1.0000
PsFluSBW25_chrm01_circ_574868	Pf_BP_3_D310_S16_L001-L004_merged	6	0.0000	0.0003	1.0000
PsFluSBW25_chrm01_circ_574868	Pf_BP_3_D336_S49_L001-L004_merged	6	0.0000	0.0005	1.0000
PsFluSBW25_chrm01_circ_574868	Pf_BP_3_D364_S82_L001-L004_merged	6	0.0014	0.0036	1.0000
PsFluSBW25_chrm01_circ_574868	Pf_BP_3_D392_S28_L001-L004_merged	6	0.0000	0.0000	1.0000
PsFluSBW25_chrm01_circ_574868	Pf_BP_3_D420_S61_L001-L004_merged	6	0.0000	0.0001	1.0000
PsFluSBW25_chrm01_circ_574868	Pf_BP_3_D448_S7_L001-L004_merged	6	0.0000	0.0001	1.0000
PsFluSBW25_chrm01_circ_574868	Pf_BP_3_D476_S73_L001-L004_merged	6	0.0000	0.0002	1.0000
PsFluSBW25_chrm01_circ_574868	Pf_BP_3_D504_S173_L001-L004_merged	6	0.0000	0.0000	1.0000
PsFluSBW25_chrm01_circ_574868	Pf_BP_3_D532_S138_L001-L004_merged	6	0.0006	0.0023	1.0000
PsFluSBW25_chrm01_circ_574868	Pf_BP_3_D56_S67_L001-L004_merged	6	0.0000	0.0003	1.0000
PsFluSBW25_chrm01_circ_574868	Pf_BP_3_D588_S174_L001-L004_merged	6	0.0001	0.0007	1.0000
PsFluSBW25_chrm01_circ_574868	Pf_BP_3_D616_S139_L001-L004_merged	6	0.0102	0.0012	1.0000
PsFluSBW25_chrm01_circ_574868	Pf_BP_3_D623_S116_L001-L004_merged	6	0.0001	0.0010	1.0000
PsFluSBW25_chrm01_circ_574868	Pf_BP_3_D644_S164_L001-L004_merged	6	0.0202	0.0048	1.0000
PsFluSBW25_chrm01_circ_574868	Pf_BP_3_D700_S94_L001-L004_merged	6	0.0475	0.0074	1.0000
PsFluSBW25_chrm01_circ_574868	Pf_BP_3_D728_S130_L001-L004_merged	6	0.0549	0.0078	1.0000
PsFluSBW25_chrm01_circ_574868	Pf_BP_3_D756_S166_L001-L004_merged	6	0.1185	0.0113	1.0000
PsFluSBW25_chrm01_circ_574868	Pf_BP_3_D784_S107_L001-L004_merged	6	0.1372	0.0116	1.0000
PsFluSBW25_chrm01_circ_574868	Pf_BP_3_D84_S13_L001-L004_merged	6	0.0000	0.0001	1.0000
PsFluSBW25_chrm01_circ_5857442	PS_Pf_r03_2017_01_09_L001	6	0.0000	0.0000	1.0000
PsFluSBW25_chrm01_circ_5857442	Pf_BP_3_D112_S46_L001-L004_merged	6	0.0000	0.0002	1.0000
PsFluSBW25_chrm01_circ_5857442	Pf_BP_3_D140_S79_L001-L004_merged	6	0.0000	0.0003	1.0000
PsFluSBW25_chrm01_circ_5857442	Pf_BP_3_D168_S25_L001-L004_merged	6	0.0000	0.0002	1.0000
PsFluSBW25_chrm01_circ_5857442	Pf_BP_3_D196_S58_L001-L004_merged	6	0.0000	0.0005	1.0000
PsFluSBW25_chrm01_circ_5857442	Pf_BP_3_D224_S4_L001-L004_merged	6	0.0000	0.0001	1.0000
PsFluSBW25_chrm01_circ_5857442	Pf_BP_3_D252_S37_L001-L004_merged	6	0.0000	0.0006	1.0000
PsFluSBW25_chrm01_circ_5857442	Pf_BP_3_D279_S70_L001-L004_merged	6	0.0000	0.0002	1.0000
PsFluSBW25_chrm01_circ_5857442	Pf_BP_3_D28_S23_L001-L004_merged	6	0.0000	0.0002	1.0000
PsFluSBW25_chrm01_circ_5857442	Pf_BP_3_D310_S16_L001-L004_merged	6	0.0000	0.0003	1.0000
PsFluSBW25_chrm01_circ_5857442	Pf_BP_3_D336_S49_L001-L004_merged	6	0.0000	0.0005	1.0000
PsFluSBW25_chrm01_circ_5857442	Pf_BP_3_D364_S82_L001-L004_merged	6	0.0014	0.0036	1.0000
PsFluSBW25_chrm01_circ_5857442	Pf_BP_3_D392_S28_L001-L004_merged	6	0.0000	0.0000	1.0000
PsFluSBW25_chrm01_circ_5857442	Pf_BP_3_D420_S61_L001-L004_merged	6	0.0000	0.0001	1.0000
PsFluSBW25_chrm01_circ_5857442	Pf_BP_3_D448_S7_L001-L004_merged	6	0.0000	0.0001	1.0000
PsFluSBW25_chrm01_circ_5857442	Pf_BP_3_D476_S73_L001-L004_merged	6	0.0000	0.0002	1.0000
PsFluSBW25_chrm01_circ_5857442	Pf_BP_3_D504_S173_L001-L004_merged	6	0.0000	0.0000	1.0000
PsFluSBW25_chrm01_circ_5857442	Pf_BP_3_D532_S138_L001-L004_merged	6	0.0006	0.0023	1.0000
PsFluSBW25_chrm01_circ_5857442	Pf_BP_3_D56_S67_L001-L004_merged	6	0.0000	0.0003	1.0000
PsFluSBW25_chrm01_circ_5857442	Pf_BP_3_D588_S174_L001-L004_merged	6	0.0001	0.0007	1.0000
PsFluSBW25_chrm01_circ_5857442	Pf_BP_3_D616_S139_L001-L004_merged	6	0.0102	0.0012	1.0000
PsFluSBW25_chrm01_circ_5857442	Pf_BP_3_D623_S116_L001-L004_merged	6	0.0001	0.0010	1.0000
PsFluSBW25_chrm01_circ_5857442	Pf_BP_3_D644_S164_L001-L004_merged	6	0.0202	0.0048	1.0000
PsFluSBW25_chrm01_circ_5857442	Pf_BP_3_D700_S94_L001-L004_merged	6	0.0475	0.0074	1.0000
PsFluSBW25_chrm01_circ_5857442	Pf_BP_3_D728_S130_L001-L004_merged	6	0.0549	0.0078	1.0000
PsFluSBW25_chrm01_circ_5857442	Pf_BP_3_D756_S166_L001-L004_merged	6	0.1185	0.0113	1.0000
PsFluSBW25_chrm01_circ_5857442	Pf_BP_3_D784_S107_L001-L004_merged	6	0.1372	0.0116	1.0000
PsFluSBW25_chrm01_circ_5857442	Pf_BP_3_D84_S13_L001-L004_merged	6	0.0000	0.0001	1.0000
PsFluSBW25_chrm01_circ_6249985	PS_Pf_r03_2017_01_09_L001	6	0.0000	0.0000	1.0000
PsFluSBW25_chrm01_circ_6249985	Pf_BP_3_D112_S46_L001-L004_merged	6	0.0000	0.0002	1.0000
PsFluSBW25_chrm01_circ_6249985	Pf_BP_3_D140_S79_L001-L004_merged	6	0.0000	0.0003	1.0000
PsFluSBW25_chrm01_circ_6249985	Pf_BP_3_D168_S25_L001-L004_merged	6	0.0000	0.0002	1.0000
PsFluSBW25_chrm01_circ_6249985	Pf_BP_3_D196_S58_L001-L004_merged	6	0.0000	0.0005	1.0000
PsFluSBW25_chrm01_circ_6249985	Pf_BP_3_D224_S4_L001-L004_merged	6	0.0000	0.0001	1.0000
PsFluSBW25_chrm01_circ_6249985	Pf_BP_3_D252_S37_L001-L004_merged	6	0.0000	0.0006	1.0000
PsFluSBW25_chrm01_circ_6249985	Pf_BP_3_D279_S70_L001-L004_merged	6	0.0000	0.0002	1.0000
PsFluSBW25_chrm01_circ_6249985	Pf_BP_3_D28_S23_L001-L004_merged	6	0.0000	0.0002	1.0000
PsFluSBW25_chrm01_circ_6249985	Pf_BP_3_D310_S16_L001-L004_merged	6	0.0000	0.0003	1.0000
PsFluSBW25_chrm01_circ_6249985	Pf_BP_3_D336_S49_L001-L004_merged	6	0.0000	0.0005	1.0000
PsFluSBW25_chrm01_circ_6249985	Pf_BP_3_D364_S82_L001-L004_merged	6	0.0014	0.0036	1.0000
PsFluSBW25_chrm01_circ_6249985	Pf_BP_3_D392_S28_L001-L004_merged	6	0.0000	0.0000	1.0000
PsFluSBW25_chrm01_circ_6249985	Pf_BP_3_D420_S61_L001-L004_merged	6	0.0000	0.0001	1.0000
PsFluSBW25_chrm01_circ_6249985	Pf_BP_3_D448_S7_L001-L004_merged	6	0.0000	0.0001	1.0000
PsFluSBW25_chrm01_circ_6249985	Pf_BP_3_D476_S73_L001-L004_merged	6	0.0000	0.0002	1.0000
PsFluSBW25_chrm01_circ_6249985	Pf_BP_3_D504_S173_L001-L004_merged	6	0.0000	0.0000	1.0000
PsFluSBW25_chrm01_circ_6249985	Pf_BP_3_D532_S138_L001-L004_merged	6	0.0006	0.0023	1.0000
PsFluSBW25_chrm01_circ_6249985	Pf_BP_3_D56_S67_L001-L004_merged	6	0.0000	0.0003	1.0000
PsFluSBW25_chrm01_circ_6249985	Pf_BP_3_D588_S174_L001-L004_merged	6	0.0001	0.0007	1.0000
PsFluSBW25_chrm01_circ_6249985	Pf_BP_3_D616_S139_L001-L004_merged	6	0.0102	0.0012	1.0000
PsFluSBW25_chrm01_circ_6249985	Pf_BP_3_D623_S116_L001-L004_merged	6	0.0001	0.0010	1.0000
PsFluSBW25_chrm01_circ_6249985	Pf_BP_3_D644_S164_L001-L004_merged	6	0.0202	0.0048	1.0000
PsFluSBW25_chrm01_circ_6249985	Pf_BP_3_D700_S94_L001-L004_merged	6	0.0475	0.0074	1.0000
PsFluSBW25_chrm01_circ_6249985	Pf_BP_3_D728_S130_L001-L004_merged	6	0.0549	0.0078	1.0000
PsFluSBW25_chrm01_circ_6249985	Pf_BP_3_D756_S166_L001-L004_merged	6	0.1185	0.0113	1.0000
PsFluSBW25_chrm01_circ_6249985	Pf_BP_3_D784_S107_L001-L004_merged	6	0.1372	0.0116	1.0000
PsFluSBW25_chrm01_circ_6249985	Pf_BP_3_D84_S13_L001-L004_merged	6	0.0000	0.0001	1.0000
PsFluSBW25_chrm01_circ_6446610	PS_Pf_r03_2017_01_09_L001	6	0.0000	0.0000	1.0000
PsFluSBW25_chrm01_circ_6446610	Pf_BP_3_D112_S46_L001-L004_merged	6	0.0000	0.0002	1.0000
PsFluSBW25_chrm01_circ_6446610	Pf_BP_3_D140_S79_L001-L004_merged	6	0.0000	0.0003	1.0000
PsFluSBW25_chrm01_circ_6446610	Pf_BP_3_D168_S25_L001-L004_merged	6	0.0000	0.0002	1.0000
PsFluSBW25_chrm01_circ_6446610	Pf_BP_3_D196_S58_L001-L004_merged	6	0.0000	0.0005	1.0000
PsFluSBW25_chrm01_circ_6446610	Pf_BP_3_D224_S4_L001-L004_merged	6	0.0000	0.0001	1.0000
PsFluSBW25_chrm01_circ_6446610	Pf_BP_3_D252_S37_L001-L004_merged	6	0.0000	0.0006	1.0000
PsFluSBW25_chrm01_circ_6446610	Pf_BP_3_D279_S70_L001-L004_merged	6	0.0000	0.0002	1.0000
PsFluSBW25_chrm01_circ_6446610	Pf_BP_3_D28_S23_L001-L004_merged	6	0.0000	0.0002	1.0000
PsFluSBW25_chrm01_circ_6446610	Pf_BP_3_D310_S16_L001-L004_merged	6	0.0000	0.0003	1.0000
PsFluSBW25_chrm01_circ_6446610	Pf_BP_3_D336_S49_L001-L004_merged	6	0.0000	0.0005	1.0000
PsFluSBW25_chrm01_circ_6446610	Pf_BP_3_D364_S82_L001-L004_merged	6	0.0014	0.0036	1.0000
PsFluSBW25_chrm01_circ_6446610	Pf_BP_3_D392_S28_L001-L004_merged	6	0.0000	0.0000	1.0000
PsFluSBW25_chrm01_circ_6446610	Pf_BP_3_D420_S61_L001-L004_merged	6	0.0000	0.0001	1.0000
PsFluSBW25_chrm01_circ_6446610	Pf_BP_3_D448_S7_L001-L004_merged	6	0.0000	0.0001	1.0000
PsFluSBW25_chrm01_circ_6446610	Pf_BP_3_D476_S73_L001-L004_merged	6	0.0000	0.0002	1.0000
PsFluSBW25_chrm01_circ_6446610	Pf_BP_3_D504_S173_L001-L004_merged	6	0.0000	0.0000	1.0000
PsFluSBW25_chrm01_circ_6446610	Pf_BP_3_D532_S138_L001-L004_merged	6	0.0006	0.0023	1.0000
PsFluSBW25_chrm01_circ_6446610	Pf_BP_3_D56_S67_L001-L004_merged	6	0.0000	0.0003	1.0000
PsFluSBW25_chrm01_circ_6446610	Pf_BP_3_D588_S174_L001-L004_merged	6	0.0001	0.0007	1.0000
PsFluSBW25_chrm01_circ_6446610	Pf_BP_3_D616_S139_L001-L004_merged	6	0.0102	0.0012	1.0000
PsFluSBW25_chrm01_circ_6446610	Pf_BP_3_D623_S116_L001-L004_merged	6	0.0001	0.0010	1.0000
PsFluSBW25_chrm01_circ_6446610	Pf_BP_3_D644_S164_L001-L004_merged	6	0.0202	0.0048	1.0000
PsFluSBW25_chrm01_circ_6446610	Pf_BP_3_D700_S94_L001-L004_merged	6	0.0475	0.0074	1.0000
PsFluSBW25_chrm01_circ_6446610	Pf_BP_3_D728_S130_L001-L004_merged	6	0.0549	0.0078	1.0000
PsFluSBW25_chrm01_circ_6446610	Pf_BP_3_D756_S166_L001-L004_merged	6	0.1185	0.0113	1.0000
PsFluSBW25_chrm01_circ_6446610	Pf_BP_3_D784_S107_L001-L004_merged	6	0.1372	0.0116	1.0000
PsFluSBW25_chrm01_circ_6446610	Pf_BP_3_D84_S13_L001-L004_merged	6	0.0000	0.0001	1.0000
PsFluSBW25_chrm01_circ_738710	PS_Pf_r03_2017_01_09_L001	6	0.0000	0.0000	1.0000
PsFluSBW25_chrm01_circ_738710	Pf_BP_3_D112_S46_L001-L004_merged	6	0.0000	0.0002	1.0000
PsFluSBW25_chrm01_circ_738710	Pf_BP_3_D140_S79_L001-L004_merged	6	0.0000	0.0003	1.0000
PsFluSBW25_chrm01_circ_738710	Pf_BP_3_D168_S25_L001-L004_merged	6	0.0000	0.0002	1.0000
PsFluSBW25_chrm01_circ_738710	Pf_BP_3_D196_S58_L001-L004_merged	6	0.0000	0.0005	1.0000
PsFluSBW25_chrm01_circ_738710	Pf_BP_3_D224_S4_L001-L004_merged	6	0.0000	0.0001	1.0000
PsFluSBW25_chrm01_circ_738710	Pf_BP_3_D252_S37_L001-L004_merged	6	0.0000	0.0006	1.0000
PsFluSBW25_chrm01_circ_738710	Pf_BP_3_D279_S70_L001-L004_merged	6	0.0000	0.0002	1.0000
PsFluSBW25_chrm01_circ_738710	Pf_BP_3_D28_S23_L001-L004_merged	6	0.0000	0.0002	1.0000
PsFluSBW25_chrm01_circ_738710	Pf_BP_3_D310_S16_L001-L004_merged	6	0.0000	0.0003	1.0000
PsFluSBW25_chrm01_circ_738710	Pf_BP_3_D336_S49_L001-L004_merged	6	0.0000	0.0005	1.0000
PsFluSBW25_chrm01_circ_738710	Pf_BP_3_D364_S82_L001-L004_merged	6	0.0014	0.0036	1.0000
PsFluSBW25_chrm01_circ_738710	Pf_BP_3_D392_S28_L001-L004_merged	6	0.0000	0.0000	1.0000
PsFluSBW25_chrm01_circ_738710	Pf_BP_3_D420_S61_L001-L004_merged	6	0.0000	0.0001	1.0000
PsFluSBW25_chrm01_circ_738710	Pf_BP_3_D448_S7_L001-L004_merged	6	0.0000	0.0001	1.0000
PsFluSBW25_chrm01_circ_738710	Pf_BP_3_D476_S73_L001-L004_merged	6	0.0000	0.0002	1.0000
PsFluSBW25_chrm01_circ_738710	Pf_BP_3_D504_S173_L001-L004_merged	6	0.0000	0.0000	1.0000
PsFluSBW25_chrm01_circ_738710	Pf_BP_3_D532_S138_L001-L004_merged	6	0.0006	0.0023	1.0000
PsFluSBW25_chrm01_circ_738710	Pf_BP_3_D56_S67_L001-L004_merged	6	0.0000	0.0003	1.0000
PsFluSBW25_chrm01_circ_738710	Pf_BP_3_D588_S174_L001-L004_merged	6	0.0001	0.0007	1.0000
PsFluSBW25_chrm01_circ_738710	Pf_BP_3_D616_S139_L001-L004_merged	6	0.0102	0.0012	1.0000
PsFluSBW25_chrm01_circ_738710	Pf_BP_3_D623_S116_L001-L004_merged	6	0.0001	0.0010	1.0000
PsFluSBW25_chrm01_circ_738710	Pf_BP_3_D644_S164_L001-L004_merged	6	0.0202	0.0048	1.0000
PsFluSBW25_chrm01_circ_738710	Pf_BP_3_D700_S94_L001-L004_merged	6	0.0475	0.0074	1.0000
PsFluSBW25_chrm01_circ_738710	Pf_BP_3_D728_S130_L001-L004_merged	6	0.0549	0.0078	1.0000
PsFluSBW25_chrm01_circ_738710	Pf_BP_3_D756_S166_L001-L004_merged	6	0.1185	0.0113	1.0000
PsFluSBW25_chrm01_circ_738710	Pf_BP_3_D784_S107_L001-L004_merged	6	0.1372	0.0116	1.0000
PsFluSBW25_chrm01_circ_738710	Pf_BP_3_D84_S13_L001-L004_merged	6	0.0000	0.0001	1.0000
PsFluSBW25_chrm01_circ_847781	PS_Pf_r03_2017_01_09_L001	6	0.0000	0.0000	1.0000
PsFluSBW25_chrm01_circ_847781	Pf_BP_3_D112_S46_L001-L004_merged	6	0.0000	0.0002	1.0000
PsFluSBW25_chrm01_circ_847781	Pf_BP_3_D140_S79_L001-L004_merged	6	0.0000	0.0003	1.0000
PsFluSBW25_chrm01_circ_847781	Pf_BP_3_D168_S25_L001-L004_merged	6	0.0000	0.0002	1.0000
PsFluSBW25_chrm01_circ_847781	Pf_BP_3_D196_S58_L001-L004_merged	6	0.0000	0.0005	1.0000
PsFluSBW25_chrm01_circ_847781	Pf_BP_3_D224_S4_L001-L004_merged	6	0.0000	0.0001	1.0000
PsFluSBW25_chrm01_circ_847781	Pf_BP_3_D252_S37_L001-L004_merged	6	0.0000	0.0006	1.0000
PsFluSBW25_chrm01_circ_847781	Pf_BP_3_D279_S70_L001-L004_merged	6	0.0000	0.0002	1.0000
PsFluSBW25_chrm01_circ_847781	Pf_BP_3_D28_S23_L001-L004_merged	6	0.0000	0.0002	1.0000
PsFluSBW25_chrm01_circ_847781	Pf_BP_3_D310_S16_L001-L004_merged	6	0.0000	0.0003	1.0000
PsFluSBW25_chrm01_circ_847781	Pf_BP_3_D336_S49_L001-L004_merged	6	0.0000	0.0005	1.0000
PsFluSBW25_chrm01_circ_847781	Pf_BP_3_D364_S82_L001-L004_merged	6	0.0014	0.0036	1.0000
PsFluSBW25_chrm01_circ_847781	Pf_BP_3_D392_S28_L001-L004_merged	6	0.0000	0.0000	1.0000
PsFluSBW25_chrm01_circ_847781	Pf_BP_3_D420_S61_L001-L004_merged	6	0.0000	0.0001	1.0000
PsFluSBW25_chrm01_circ_847781	Pf_BP_3_D448_S7_L001-L004_merged	6	0.0000	0.0001	1.0000
PsFluSBW25_chrm01_circ_847781	Pf_BP_3_D476_S73_L001-L004_merged	6	0.0000	0.0002	1.0000
PsFluSBW25_chrm01_circ_847781	Pf_BP_3_D504_S173_L001-L004_merged	6	0.0000	0.0000	1.0000
PsFluSBW25_chrm01_circ_847781	Pf_BP_3_D532_S138_L001-L004_merged	6	0.0006	0.0023	1.0000
PsFluSBW25_chrm01_circ_847781	Pf_BP_3_D56_S67_L001-L004_merged	6	0.0000	0.0003	1.0000
PsFluSBW25_chrm01_circ_847781	Pf_BP_3_D588_S174_L001-L004_merged	6	0.0001	0.0007	1.0000
PsFluSBW25_chrm01_circ_847781	Pf_BP_3_D616_S139_L001-L004_merged	6	0.0102	0.0012	1.0000
PsFluSBW25_chrm01_circ_847781	Pf_BP_3_D623_S116_L001-L004_merged	6	0.0001	0.0010	1.0000
PsFluSBW25_chrm01_circ_847781	Pf_BP_3_D644_S164_L001-L004_merged	6	0.0202	0.0048	1.0000
PsFluSBW25_chrm01_circ_847781	Pf_BP_3_D700_S94_L001-L004_merged	6	0.0475	0.0074	1.0000
PsFluSBW25_chrm01_circ_847781	Pf_BP_3_D728_S130_L001-L004_merged	6	0.0549	0.0078	1.0000
PsFluSBW25_chrm01_circ_847781	Pf_BP_3_D756_S166_L001-L004_merged	6	0.1185	0.0113	1.0000
PsFluSBW25_chrm01_circ_847781	Pf_BP_3_D784_S107_L001-L004_merged	6	0.1372	0.0116	1.0000
PsFluSBW25_chrm01_circ_847781	Pf_BP_3_D84_S13_L001-L004_merged	6	0.0000	0.0001	1.0000
PsFluSBW25_chrm01_circ_927323	PS_Pf_r03_2017_01_09_L001	6	0.0000	0.0000	1.0000
PsFluSBW25_chrm01_circ_927323	Pf_BP_3_D112_S46_L001-L004_merged	6	0.0000	0.0002	1.0000
PsFluSBW25_chrm01_circ_927323	Pf_BP_3_D140_S79_L001-L004_merged	6	0.0000	0.0003	1.0000
PsFluSBW25_chrm01_circ_927323	Pf_BP_3_D168_S25_L001-L004_merged	6	0.0000	0.0002	1.0000
PsFluSBW25_chrm01_circ_927323	Pf_BP_3_D196_S58_L001-L004_merged	6	0.0000	0.0005	1.0000
PsFluSBW25_chrm01_circ_927323	Pf_BP_3_D224_S4_L001-L004_merged	6	0.0000	0.0001	1.0000
PsFluSBW25_chrm01_circ_927323	Pf_BP_3_D252_S37_L001-L004_merged	6	0.0000	0.0006	1.0000
PsFluSBW25_chrm01_circ_927323	Pf_BP_3_D279_S70_L001-L004_merged	6	0.0000	0.0002	1.0000
PsFluSBW25_chrm01_circ_927323	Pf_BP_3_D28_S23_L001-L004_merged	6	0.0000	0.0002	1.0000
PsFluSBW25_chrm01_circ_927323	Pf_BP_3_D310_S16_L001-L004_merged	6	0.0000	0.0003	1.0000
PsFluSBW25_chrm01_circ_927323	Pf_BP_3_D336_S49_L001-L004_merged	6	0.0000	0.0005	1.0000
PsFluSBW25_chrm01_circ_927323	Pf_BP_3_D364_S82_L001-L004_merged	6	0.0014	0.0036	1.0000
PsFluSBW25_chrm01_circ_927323	Pf_BP_3_D392_S28_L001-L004_merged	6	0.0000	0.0000	1.0000
PsFluSBW25_chrm01_circ_927323	Pf_BP_3_D420_S61_L001-L004_merged	6	0.0000	0.0001	1.0000
PsFluSBW25_chrm01_circ_927323	Pf_BP_3_D448_S7_L001-L004_merged	6	0.0000	0.0001	1.0000
PsFluSBW25_chrm01_circ_927323	Pf_BP_3_D476_S73_L001-L004_merged	6	0.0000	0.0002	1.0000
PsFluSBW25_chrm01_circ_927323	Pf_BP_3_D504_S173_L001-L004_merged	6	0.0000	0.0000	1.0000
PsFluSBW25_chrm01_circ_927323	Pf_BP_3_D532_S138_L001-L004_merged	6	0.0006	0.0023	1.0000
PsFluSBW25_chrm01_circ_927323	Pf_BP_3_D56_S67_L001-L004_merged	6	0.0000	0.0003	1.0000
PsFluSBW25_chrm01_circ_927323	Pf_BP_3_D588_S174_L001-L004_merged	6	0.0001	0.0007	1.0000
PsFluSBW25_chrm01_circ_927323	Pf_BP_3_D616_S139_L001-L004_merged	6	0.0102	0.0012	1.0000
PsFluSBW25_chrm01_circ_927323	Pf_BP_3_D623_S116_L001-L004_merged	6	0.0001	0.0010	1.0000
PsFluSBW25_chrm01_circ_927323	Pf_BP_3_D644_S164_L001-L004_merged	6	0.0202	0.0048	1.0000
PsFluSBW25_chrm01_circ_927323	Pf_BP_3_D700_S94_L001-L004_merged	6	0.0475	0.0074	1.0000
PsFluSBW25_chrm01_circ_927323	Pf_BP_3_D728_S130_L001-L004_merged	6	0.0549	0.0078	1.0000
PsFluSBW25_chrm01_circ_927323	Pf_BP_3_D756_S166_L001-L004_merged	6	0.1185	0.0113	1.0000
PsFluSBW25_chrm01_circ_927323	Pf_BP_3_D784_S107_L001-L004_merged	6	0.1372	0.0116	1.0000
PsFluSBW25_chrm01_circ_927323	Pf_BP_3_D84_S13_L001-L004_merged	6	0.0000	0.0001	1.0000
PsFluSBW25_chrm01_circ_927626	PS_Pf_r03_2017_01_09_L001	6	0.0000	0.0000	1.0000
PsFluSBW25_chrm01_circ_927626	Pf_BP_3_D112_S46_L001-L004_merged	6	0.0000	0.0002	1.0000
PsFluSBW25_chrm01_circ_927626	Pf_BP_3_D140_S79_L001-L004_merged	6	0.0000	0.0003	1.0000
PsFluSBW25_chrm01_circ_927626	Pf_BP_3_D168_S25_L001-L004_merged	6	0.0000	0.0002	1.0000
PsFluSBW25_chrm01_circ_927626	Pf_BP_3_D196_S58_L001-L004_merged	6	0.0000	0.0005	1.0000
PsFluSBW25_chrm01_circ_927626	Pf_BP_3_D224_S4_L001-L004_merged	6	0.0000	0.0001	1.0000
PsFluSBW25_chrm01_circ_927626	Pf_BP_3_D252_S37_L001-L004_merged	6	0.0000	0.0006	1.0000
PsFluSBW25_chrm01_circ_927626	Pf_BP_3_D279_S70_L001-L004_merged	6	0.0000	0.0002	1.0000
PsFluSBW25_chrm01_circ_927626	Pf_BP_3_D28_S23_L001-L004_merged	6	0.0000	0.0002	1.0000
PsFluSBW25_chrm01_circ_927626	Pf_BP_3_D310_S16_L001-L004_merged	6	0.0000	0.0003	1.0000
PsFluSBW25_chrm01_circ_927626	Pf_BP_3_D336_S49_L001-L004_merged	6	0.0000	0.0005	1.0000
PsFluSBW25_chrm01_circ_927626	Pf_BP_3_D364_S82_L001-L004_merged	6	0.0014	0.0036	1.0000
PsFluSBW25_chrm01_circ_927626	Pf_BP_3_D392_S28_L001-L004_merged	6	0.0000	0.0000	1.0000
PsFluSBW25_chrm01_circ_927626	Pf_BP_3_D420_S61_L001-L004_merged	6	0.0000	0.0001	1.0000
PsFluSBW25_chrm01_circ_927626	Pf_BP_3_D448_S7_L001-L004_merged	6	0.0000	0.0001	1.0000
PsFluSBW25_chrm01_circ_927626	Pf_BP_3_D476_S73_L001-L004_merged	6	0.0000	0.0002	1.0000
PsFluSBW25_chrm01_circ_927626	Pf_BP_3_D504_S173_L001-L004_merged	6	0.0000	0.0000	1.0000
PsFluSBW25_chrm01_circ_927626	Pf_BP_3_D532_S138_L001-L004_merged	6	0.0006	0.0023	1.0000
PsFluSBW25_chrm01_circ_927626	Pf_BP_3_D56_S67_L001-L004_merged	6	0.0000	0.0003	1.0000
PsFluSBW25_chrm01_circ_927626	Pf_BP_3_D588_S174_L001-L004_merged	6	0.0001	0.0007	1.0000
PsFluSBW25_chrm01_circ_927626	Pf_BP_3_D616_S139_L001-L004_merged	6	0.0102	0.0012	1.0000
PsFluSBW25_chrm01_circ_927626	Pf_BP_3_D623_S116_L001-L004_merged	6	0.0001	0.0010	1.0000
PsFluSBW25_chrm01_circ_927626	Pf_BP_3_D644_S164_L001-L004_merged	6	0.0202	0.0048	1.0000
PsFluSBW25_chrm01_circ_927626	Pf_BP_3_D700_S94_L001-L004_merged	6	0.0475	0.0074	1.0000
PsFluSBW25_chrm01_circ_927626	Pf_BP_3_D728_S130_L001-L004_merged	6	0.0549	0.0078	1.0000
PsFluSBW25_chrm01_circ_927626	Pf_BP_3_D756_S166_L001-L004_merged	6	0.1185	0.0113	1.0000
PsFluSBW25_chrm01_circ_927626	Pf_BP_3_D784_S107_L001-L004_merged	6	0.1372	0.0116	1.0000
PsFluSBW25_chrm01_circ_927626	Pf_BP_3_D84_S13_L001-L004_merged	6	0.0000	0.0001	1.0000
PsFluSBW25_chrm01_circ_95741	PS_Pf_r03_2017_01_09_L001	6	0.0000	0.0000	1.0000
PsFluSBW25_chrm01_circ_95741	Pf_BP_3_D112_S46_L001-L004_merged	6	0.0000	0.0002	1.0000
PsFluSBW25_chrm01_circ_95741	Pf_BP_3_D140_S79_L001-L004_merged	6	0.0000	0.0003	1.0000
PsFluSBW25_chrm01_circ_95741	Pf_BP_3_D168_S25_L001-L004_merged	6	0.0000	0.0002	1.0000
PsFluSBW25_chrm01_circ_95741	Pf_BP_3_D196_S58_L001-L004_merged	6	0.0000	0.0005	1.0000
PsFluSBW25_chrm01_circ_95741	Pf_BP_3_D224_S4_L001-L004_merged	6	0.0000	0.0001	1.0000
PsFluSBW25_chrm01_circ_95741	Pf_BP_3_D252_S37_L001-L004_merged	6	0.0000	0.0006	1.0000
PsFluSBW25_chrm01_circ_95741	Pf_BP_3_D279_S70_L001-L004_merged	6	0.0000	0.0002	1.0000
PsFluSBW25_chrm01_circ_95741	Pf_BP_3_D28_S23_L001-L004_merged	6	0.0000	0.0002	1.0000
PsFluSBW25_chrm01_circ_95741	Pf_BP_3_D310_S16_L001-L004_merged	6	0.0000	0.0003	1.0000
PsFluSBW25_chrm01_circ_95741	Pf_BP_3_D336_S49_L001-L004_merged	6	0.0000	0.0005	1.0000
PsFluSBW25_chrm01_circ_95741	Pf_BP_3_D364_S82_L001-L004_merged	6	0.0014	0.0036	1.0000
PsFluSBW25_chrm01_circ_95741	Pf_BP_3_D392_S28_L001-L004_merged	6	0.0000	0.0000	1.0000
PsFluSBW25_chrm01_circ_95741	Pf_BP_3_D420_S61_L001-L004_merged	6	0.0000	0.0001	1.0000
PsFluSBW25_chrm01_circ_95741	Pf_BP_3_D448_S7_L001-L004_merged	6	0.0000	0.0001	1.0000
PsFluSBW25_chrm01_circ_95741	Pf_BP_3_D476_S73_L001-L004_merged	6	0.0000	0.0002	1.0000
PsFluSBW25_chrm01_circ_95741	Pf_BP_3_D504_S173_L001-L004_merged	6	0.0000	0.0000	1.0000
PsFluSBW25_chrm01_circ_95741	Pf_BP_3_D532_S138_L001-L004_merged	6	0.0006	0.0023	1.0000
PsFluSBW25_chrm01_circ_95741	Pf_BP_3_D56_S67_L001-L004_merged	6	0.0000	0.0003	1.0000
PsFluSBW25_chrm01_circ_95741	Pf_BP_3_D588_S174_L001-L004_merged	6	0.0001	0.0007	1.0000
PsFluSBW25_chrm01_circ_95741	Pf_BP_3_D616_S139_L001-L004_merged	6	0.0102	0.0012	1.0000
PsFluSBW25_chrm01_circ_95741	Pf_BP_3_D623_S116_L001-L004_merged	6	0.0001	0.0010	1.0000
PsFluSBW25_chrm01_circ_95741	Pf_BP_3_D644_S164_L001-L004_merged	6	0.0202	0.0048	1.0000
PsFluSBW25_chrm01_circ_95741	Pf_BP_3_D700_S94_L001-L004_merged	6	0.0475	0.0074	1.0000
PsFluSBW25_chrm01_circ_95741	Pf_BP_3_D728_S130_L001-L004_merged	6	0.0549	0.0078	1.0000
PsFluSBW25_chrm01_circ_95741	Pf_BP_3_D756_S166_L001-L004_merged	6	0.1185	0.0113	1.0000
PsFluSBW25_chrm01_circ_95741	Pf_BP_3_D784_S107_L001-L004_merged	6	0.1372	0.0116	1.0000
PsFluSBW25_chrm01_circ_95741	Pf_BP_3_D84_S13_L001-L004_merged	6	0.0000	0.0001	1.0000
PsFluSBW25_chrm01_circ_994031	PS_Pf_r03_2017_01_09_L001	6	0.0000	0.0000	1.0000
PsFluSBW25_chrm01_circ_994031	Pf_BP_3_D112_S46_L001-L004_merged	6	0.0000	0.0002	1.0000
PsFluSBW25_chrm01_circ_994031	Pf_BP_3_D140_S79_L001-L004_merged	6	0.0000	0.0003	1.0000
PsFluSBW25_chrm01_circ_994031	Pf_BP_3_D168_S25_L001-L004_merged	6	0.0000	0.0002	1.0000
PsFluSBW25_chrm01_circ_994031	Pf_BP_3_D196_S58_L001-L004_merged	6	0.0000	0.0005	1.0000
PsFluSBW25_chrm01_circ_994031	Pf_BP_3_D224_S4_L001-L004_merged	6	0.0000	0.0001	1.0000
PsFluSBW25_chrm01_circ_994031	Pf_BP_3_D252_S37_L001-L004_merged	6	0.0000	0.0006	1.0000
PsFluSBW25_chrm01_circ_994031	Pf_BP_3_D279_S70_L001-L004_merged	6	0.0000	0.0002	1.0000
PsFluSBW25_chrm01_circ_994031	Pf_BP_3_D28_S23_L001-L004_merged	6	0.0000	0.0002	1.0000
PsFluSBW25_chrm01_circ_994031	Pf_BP_3_D310_S16_L001-L004_merged	6	0.0000	0.0003	1.0000
PsFluSBW25_chrm01_circ_994031	Pf_BP_3_D336_S49_L001-L004_merged	6	0.0000	0.0005	1.0000
PsFluSBW25_chrm01_circ_994031	Pf_BP_3_D364_S82_L001-L004_merged	6	0.0014	0.0036	1.0000
PsFluSBW25_chrm01_circ_994031	Pf_BP_3_D392_S28_L001-L004_merged	6	0.0000	0.0000	1.0000
PsFluSBW25_chrm01_circ_994031	Pf_BP_3_D420_S61_L001-L004_merged	6	0.0000	0.0001	1.0000
PsFluSBW25_chrm01_circ_994031	Pf_BP_3_D448_S7_L001-L004_merged	6	0.0000	0.0001	1.0000
PsFluSBW25_chrm01_circ_994031	Pf_BP_3_D476_S73_L001-L004_merged	6	0.0000	0.0002	1.0000
PsFluSBW25_chrm01_circ_994031	Pf_BP_3_D504_S173_L001-L004_merged	6	0.0000	0.0000	1.0000
PsFluSBW25_chrm01_circ_994031	Pf_BP_3_D532_S138_L001-L004_merged	6	0.0006	0.0023	1.0000
PsFluSBW25_chrm01_circ_994031	Pf_BP_3_D56_S67_L001-L004_merged	6	0.0000	0.0003	1.0000
PsFluSBW25_chrm01_circ_994031	Pf_BP_3_D588_S174_L001-L004_merged	6	0.0001	0.0007	1.0000
PsFluSBW25_chrm01_circ_994031	Pf_BP_3_D616_S139_L001-L004_merged	6	0.0102	0.0012	1.0000
PsFluSBW25_chrm01_circ_994031	Pf_BP_3_D623_S116_L001-L004_merged	6	0.0001	0.0010	1.0000
PsFluSBW25_chrm01_circ_994031	Pf_BP_3_D644_S164_L001-L004_merged	6	0.0202	0.0048	1.0000
PsFluSBW25_chrm01_circ_994031	Pf_BP_3_D700_S94_L001-L004_merged	6	0.0475	0.0074	1.0000
PsFluSBW25_chrm01_circ_994031	Pf_BP_3_D728_S130_L001-L004_merged	6	0.0549	0.0078	1.0000
PsFluSBW25_chrm01_circ_994031	Pf_BP_3_D756_S166_L001-L004_merged	6	0.1185	0.0113	1.0000
PsFluSBW25_chrm01_circ_994031	Pf_BP_3_D784_S107_L001-L004_merged	6	0.1372	0.0116	1.0000
PsFluSBW25_chrm01_circ_994031	Pf_BP_3_D84_S13_L001-L004_merged	6	0.0000	0.0001	1.0000
