mutation_id	sample_id	cluster_id	cellular_prevalence	cellular_prevalence_std	cluster_assignment_prob
Smarc13880_chrm01_circ_777212	PS_Sm_r02_2015_08_24_L001-L004_merged	0	0.0419	0.0291	1.0000
Smarc13880_chrm01_circ_777212	PS_Sm_r02_2015_09_21_L002	0	0.0599	0.0409	1.0000
Smarc13880_chrm01_circ_777212	PS_Sm_r02_2015_10_19_L001	0	0.0746	0.0256	1.0000
Smarc13880_chrm01_circ_777212	PS_Sm_r02_2015_11_16_L001	0	0.1091	0.0327	1.0000
Smarc13880_chrm01_circ_777212	PS_Sm_r02_2015_12_14_L001	0	0.2018	0.0437	1.0000
Smarc13880_chrm01_circ_777212	PS_Sm_r02_2016_01_11_L001	0	0.1630	0.0352	1.0000
Smarc13880_chrm01_circ_777212	PS_Sm_r02_2016_02_08_L001	0	0.3226	0.0476	1.0000
Smarc13880_chrm01_circ_777212	PS_Sm_r02_2016_03_07_L001	0	0.8507	0.0356	1.0000
Smarc13880_chrm01_circ_777212	PS_Sm_r02_2016_04_03_L001	0	0.7505	0.0522	1.0000
Smarc13880_chrm01_circ_777212	PS_Sm_r02_2016_05_04_L001	0	0.8731	0.0343	1.0000
Smarc13880_chrm01_circ_777212	PS_Sm_r02_2016_05_30_L001	0	0.9032	0.0326	1.0000
Smarc13880_chrm01_circ_777212	PS_Sm_r02_2016_07_25_L003	0	0.8468	0.0445	1.0000
Smarc13880_chrm01_circ_777212	PS_Sm_r02_2016_08_22_L003	0	0.8711	0.0454	1.0000
Smarc13880_chrm01_circ_777212	PS_Sm_r02_2016_09_19_L003	0	0.9008	0.0385	1.0000
Smarc13880_chrm01_circ_777212	PS_Sm_r02_2016_10_17_L001	0	0.8536	0.0427	1.0000
Smarc13880_chrm01_circ_777212	PS_Sm_r02_2016_11_14_L001	0	0.7770	0.0450	1.0000
Smarc13880_chrm01_circ_777212	PS_Sm_r02_2016_12_12_L001	0	0.8817	0.0352	1.0000
Smarc13880_chrm01_circ_777212	PS_Sm_r02_2017_01_09_L001	0	0.8858	0.0341	1.0000
Smarc13880_chrm01_circ_777212	PS_Sm_r02_2017_02_06_L001	0	0.9040	0.0306	1.0000
Smarc13880_chrm01_circ_777212	PS_Sm_r02_2017_03_06_L001	0	0.9139	0.0293	1.0000
Smarc13880_chrm01_circ_777212	PS_Sm_r02_2017_04_03_L001	0	0.8912	0.0364	1.0000
Smarc13880_chrm01_circ_777212	PS_Sm_r02_2017_05_29_L001	0	0.9759	0.0172	1.0000
Smarc13880_chrm01_circ_777212	PS_Sm_r02_2017_07_24_L001	0	0.9554	0.0254	1.0000
Smarc13880_chrm01_circ_777212	PS_Sm_r02_2017_08_21_L001	0	0.9743	0.0183	1.0000
Smarc13880_chrm01_circ_777212	PS_Sm_r02_2017_09_18_L001	0	0.9923	0.0116	1.0000
Smarc13880_chrm01_circ_1237166	PS_Sm_r02_2015_08_24_L001-L004_merged	1	0.0000	0.0000	1.0000
Smarc13880_chrm01_circ_1237166	PS_Sm_r02_2015_09_21_L002	1	0.0000	0.0000	1.0000
Smarc13880_chrm01_circ_1237166	PS_Sm_r02_2015_10_19_L001	1	0.0000	0.0000	1.0000
Smarc13880_chrm01_circ_1237166	PS_Sm_r02_2015_11_16_L001	1	0.0000	0.0000	1.0000
Smarc13880_chrm01_circ_1237166	PS_Sm_r02_2015_12_14_L001	1	0.0000	0.0000	1.0000
Smarc13880_chrm01_circ_1237166	PS_Sm_r02_2016_01_11_L001	1	0.0000	0.0000	1.0000
Smarc13880_chrm01_circ_1237166	PS_Sm_r02_2016_02_08_L001	1	0.0000	0.0000	1.0000
Smarc13880_chrm01_circ_1237166	PS_Sm_r02_2016_03_07_L001	1	0.0000	0.0000	1.0000
Smarc13880_chrm01_circ_1237166	PS_Sm_r02_2016_04_03_L001	1	0.0000	0.0000	1.0000
Smarc13880_chrm01_circ_1237166	PS_Sm_r02_2016_05_04_L001	1	0.0000	0.0000	1.0000
Smarc13880_chrm01_circ_1237166	PS_Sm_r02_2016_05_30_L001	1	0.0000	0.0000	1.0000
Smarc13880_chrm01_circ_1237166	PS_Sm_r02_2016_07_25_L003	1	0.0000	0.0000	1.0000
Smarc13880_chrm01_circ_1237166	PS_Sm_r02_2016_08_22_L003	1	0.0000	0.0000	1.0000
Smarc13880_chrm01_circ_1237166	PS_Sm_r02_2016_09_19_L003	1	0.0000	0.0000	1.0000
Smarc13880_chrm01_circ_1237166	PS_Sm_r02_2016_10_17_L001	1	0.0000	0.0000	1.0000
Smarc13880_chrm01_circ_1237166	PS_Sm_r02_2016_11_14_L001	1	0.0000	0.0000	1.0000
Smarc13880_chrm01_circ_1237166	PS_Sm_r02_2016_12_12_L001	1	0.0000	0.0000	1.0000
Smarc13880_chrm01_circ_1237166	PS_Sm_r02_2017_01_09_L001	1	0.0000	0.0000	1.0000
Smarc13880_chrm01_circ_1237166	PS_Sm_r02_2017_02_06_L001	1	0.0000	0.0000	1.0000
Smarc13880_chrm01_circ_1237166	PS_Sm_r02_2017_03_06_L001	1	0.0000	0.0000	1.0000
Smarc13880_chrm01_circ_1237166	PS_Sm_r02_2017_04_03_L001	1	0.0000	0.0000	1.0000
Smarc13880_chrm01_circ_1237166	PS_Sm_r02_2017_05_29_L001	1	0.1131	0.0067	1.0000
Smarc13880_chrm01_circ_1237166	PS_Sm_r02_2017_07_24_L001	1	0.3127	0.0097	1.0000
Smarc13880_chrm01_circ_1237166	PS_Sm_r02_2017_08_21_L001	1	0.3070	0.0094	1.0000
Smarc13880_chrm01_circ_1237166	PS_Sm_r02_2017_09_18_L001	1	0.3041	0.0096	1.0000
Smarc13880_chrm01_circ_124795	PS_Sm_r02_2015_08_24_L001-L004_merged	1	0.0000	0.0000	1.0000
Smarc13880_chrm01_circ_124795	PS_Sm_r02_2015_09_21_L002	1	0.0000	0.0000	1.0000
Smarc13880_chrm01_circ_124795	PS_Sm_r02_2015_10_19_L001	1	0.0000	0.0000	1.0000
Smarc13880_chrm01_circ_124795	PS_Sm_r02_2015_11_16_L001	1	0.0000	0.0000	1.0000
Smarc13880_chrm01_circ_124795	PS_Sm_r02_2015_12_14_L001	1	0.0000	0.0000	1.0000
Smarc13880_chrm01_circ_124795	PS_Sm_r02_2016_01_11_L001	1	0.0000	0.0000	1.0000
Smarc13880_chrm01_circ_124795	PS_Sm_r02_2016_02_08_L001	1	0.0000	0.0000	1.0000
Smarc13880_chrm01_circ_124795	PS_Sm_r02_2016_03_07_L001	1	0.0000	0.0000	1.0000
Smarc13880_chrm01_circ_124795	PS_Sm_r02_2016_04_03_L001	1	0.0000	0.0000	1.0000
Smarc13880_chrm01_circ_124795	PS_Sm_r02_2016_05_04_L001	1	0.0000	0.0000	1.0000
Smarc13880_chrm01_circ_124795	PS_Sm_r02_2016_05_30_L001	1	0.0000	0.0000	1.0000
Smarc13880_chrm01_circ_124795	PS_Sm_r02_2016_07_25_L003	1	0.0000	0.0000	1.0000
Smarc13880_chrm01_circ_124795	PS_Sm_r02_2016_08_22_L003	1	0.0000	0.0000	1.0000
Smarc13880_chrm01_circ_124795	PS_Sm_r02_2016_09_19_L003	1	0.0000	0.0000	1.0000
Smarc13880_chrm01_circ_124795	PS_Sm_r02_2016_10_17_L001	1	0.0000	0.0000	1.0000
Smarc13880_chrm01_circ_124795	PS_Sm_r02_2016_11_14_L001	1	0.0000	0.0000	1.0000
Smarc13880_chrm01_circ_124795	PS_Sm_r02_2016_12_12_L001	1	0.0000	0.0000	1.0000
Smarc13880_chrm01_circ_124795	PS_Sm_r02_2017_01_09_L001	1	0.0000	0.0000	1.0000
Smarc13880_chrm01_circ_124795	PS_Sm_r02_2017_02_06_L001	1	0.0000	0.0000	1.0000
Smarc13880_chrm01_circ_124795	PS_Sm_r02_2017_03_06_L001	1	0.0000	0.0000	1.0000
Smarc13880_chrm01_circ_124795	PS_Sm_r02_2017_04_03_L001	1	0.0000	0.0000	1.0000
Smarc13880_chrm01_circ_124795	PS_Sm_r02_2017_05_29_L001	1	0.1131	0.0067	1.0000
Smarc13880_chrm01_circ_124795	PS_Sm_r02_2017_07_24_L001	1	0.3127	0.0097	1.0000
Smarc13880_chrm01_circ_124795	PS_Sm_r02_2017_08_21_L001	1	0.3070	0.0094	1.0000
Smarc13880_chrm01_circ_124795	PS_Sm_r02_2017_09_18_L001	1	0.3041	0.0096	1.0000
Smarc13880_chrm01_circ_1282911	PS_Sm_r02_2015_08_24_L001-L004_merged	1	0.0000	0.0000	1.0000
Smarc13880_chrm01_circ_1282911	PS_Sm_r02_2015_09_21_L002	1	0.0000	0.0000	1.0000
Smarc13880_chrm01_circ_1282911	PS_Sm_r02_2015_10_19_L001	1	0.0000	0.0000	1.0000
Smarc13880_chrm01_circ_1282911	PS_Sm_r02_2015_11_16_L001	1	0.0000	0.0000	1.0000
Smarc13880_chrm01_circ_1282911	PS_Sm_r02_2015_12_14_L001	1	0.0000	0.0000	1.0000
Smarc13880_chrm01_circ_1282911	PS_Sm_r02_2016_01_11_L001	1	0.0000	0.0000	1.0000
Smarc13880_chrm01_circ_1282911	PS_Sm_r02_2016_02_08_L001	1	0.0000	0.0000	1.0000
Smarc13880_chrm01_circ_1282911	PS_Sm_r02_2016_03_07_L001	1	0.0000	0.0000	1.0000
Smarc13880_chrm01_circ_1282911	PS_Sm_r02_2016_04_03_L001	1	0.0000	0.0000	1.0000
Smarc13880_chrm01_circ_1282911	PS_Sm_r02_2016_05_04_L001	1	0.0000	0.0000	1.0000
Smarc13880_chrm01_circ_1282911	PS_Sm_r02_2016_05_30_L001	1	0.0000	0.0000	1.0000
Smarc13880_chrm01_circ_1282911	PS_Sm_r02_2016_07_25_L003	1	0.0000	0.0000	1.0000
Smarc13880_chrm01_circ_1282911	PS_Sm_r02_2016_08_22_L003	1	0.0000	0.0000	1.0000
Smarc13880_chrm01_circ_1282911	PS_Sm_r02_2016_09_19_L003	1	0.0000	0.0000	1.0000
Smarc13880_chrm01_circ_1282911	PS_Sm_r02_2016_10_17_L001	1	0.0000	0.0000	1.0000
Smarc13880_chrm01_circ_1282911	PS_Sm_r02_2016_11_14_L001	1	0.0000	0.0000	1.0000
Smarc13880_chrm01_circ_1282911	PS_Sm_r02_2016_12_12_L001	1	0.0000	0.0000	1.0000
Smarc13880_chrm01_circ_1282911	PS_Sm_r02_2017_01_09_L001	1	0.0000	0.0000	1.0000
Smarc13880_chrm01_circ_1282911	PS_Sm_r02_2017_02_06_L001	1	0.0000	0.0000	1.0000
Smarc13880_chrm01_circ_1282911	PS_Sm_r02_2017_03_06_L001	1	0.0000	0.0000	1.0000
Smarc13880_chrm01_circ_1282911	PS_Sm_r02_2017_04_03_L001	1	0.0000	0.0000	1.0000
Smarc13880_chrm01_circ_1282911	PS_Sm_r02_2017_05_29_L001	1	0.1131	0.0067	1.0000
Smarc13880_chrm01_circ_1282911	PS_Sm_r02_2017_07_24_L001	1	0.3127	0.0097	1.0000
Smarc13880_chrm01_circ_1282911	PS_Sm_r02_2017_08_21_L001	1	0.3070	0.0094	1.0000
Smarc13880_chrm01_circ_1282911	PS_Sm_r02_2017_09_18_L001	1	0.3041	0.0096	1.0000
Smarc13880_chrm01_circ_1328234	PS_Sm_r02_2015_08_24_L001-L004_merged	1	0.0000	0.0000	1.0000
Smarc13880_chrm01_circ_1328234	PS_Sm_r02_2015_09_21_L002	1	0.0000	0.0000	1.0000
Smarc13880_chrm01_circ_1328234	PS_Sm_r02_2015_10_19_L001	1	0.0000	0.0000	1.0000
Smarc13880_chrm01_circ_1328234	PS_Sm_r02_2015_11_16_L001	1	0.0000	0.0000	1.0000
Smarc13880_chrm01_circ_1328234	PS_Sm_r02_2015_12_14_L001	1	0.0000	0.0000	1.0000
Smarc13880_chrm01_circ_1328234	PS_Sm_r02_2016_01_11_L001	1	0.0000	0.0000	1.0000
Smarc13880_chrm01_circ_1328234	PS_Sm_r02_2016_02_08_L001	1	0.0000	0.0000	1.0000
Smarc13880_chrm01_circ_1328234	PS_Sm_r02_2016_03_07_L001	1	0.0000	0.0000	1.0000
Smarc13880_chrm01_circ_1328234	PS_Sm_r02_2016_04_03_L001	1	0.0000	0.0000	1.0000
Smarc13880_chrm01_circ_1328234	PS_Sm_r02_2016_05_04_L001	1	0.0000	0.0000	1.0000
Smarc13880_chrm01_circ_1328234	PS_Sm_r02_2016_05_30_L001	1	0.0000	0.0000	1.0000
Smarc13880_chrm01_circ_1328234	PS_Sm_r02_2016_07_25_L003	1	0.0000	0.0000	1.0000
Smarc13880_chrm01_circ_1328234	PS_Sm_r02_2016_08_22_L003	1	0.0000	0.0000	1.0000
Smarc13880_chrm01_circ_1328234	PS_Sm_r02_2016_09_19_L003	1	0.0000	0.0000	1.0000
Smarc13880_chrm01_circ_1328234	PS_Sm_r02_2016_10_17_L001	1	0.0000	0.0000	1.0000
Smarc13880_chrm01_circ_1328234	PS_Sm_r02_2016_11_14_L001	1	0.0000	0.0000	1.0000
Smarc13880_chrm01_circ_1328234	PS_Sm_r02_2016_12_12_L001	1	0.0000	0.0000	1.0000
Smarc13880_chrm01_circ_1328234	PS_Sm_r02_2017_01_09_L001	1	0.0000	0.0000	1.0000
Smarc13880_chrm01_circ_1328234	PS_Sm_r02_2017_02_06_L001	1	0.0000	0.0000	1.0000
Smarc13880_chrm01_circ_1328234	PS_Sm_r02_2017_03_06_L001	1	0.0000	0.0000	1.0000
Smarc13880_chrm01_circ_1328234	PS_Sm_r02_2017_04_03_L001	1	0.0000	0.0000	1.0000
Smarc13880_chrm01_circ_1328234	PS_Sm_r02_2017_05_29_L001	1	0.1131	0.0067	1.0000
Smarc13880_chrm01_circ_1328234	PS_Sm_r02_2017_07_24_L001	1	0.3127	0.0097	1.0000
Smarc13880_chrm01_circ_1328234	PS_Sm_r02_2017_08_21_L001	1	0.3070	0.0094	1.0000
Smarc13880_chrm01_circ_1328234	PS_Sm_r02_2017_09_18_L001	1	0.3041	0.0096	1.0000
Smarc13880_chrm01_circ_1417179	PS_Sm_r02_2015_08_24_L001-L004_merged	1	0.0000	0.0000	1.0000
Smarc13880_chrm01_circ_1417179	PS_Sm_r02_2015_09_21_L002	1	0.0000	0.0000	1.0000
Smarc13880_chrm01_circ_1417179	PS_Sm_r02_2015_10_19_L001	1	0.0000	0.0000	1.0000
Smarc13880_chrm01_circ_1417179	PS_Sm_r02_2015_11_16_L001	1	0.0000	0.0000	1.0000
Smarc13880_chrm01_circ_1417179	PS_Sm_r02_2015_12_14_L001	1	0.0000	0.0000	1.0000
Smarc13880_chrm01_circ_1417179	PS_Sm_r02_2016_01_11_L001	1	0.0000	0.0000	1.0000
Smarc13880_chrm01_circ_1417179	PS_Sm_r02_2016_02_08_L001	1	0.0000	0.0000	1.0000
Smarc13880_chrm01_circ_1417179	PS_Sm_r02_2016_03_07_L001	1	0.0000	0.0000	1.0000
Smarc13880_chrm01_circ_1417179	PS_Sm_r02_2016_04_03_L001	1	0.0000	0.0000	1.0000
Smarc13880_chrm01_circ_1417179	PS_Sm_r02_2016_05_04_L001	1	0.0000	0.0000	1.0000
Smarc13880_chrm01_circ_1417179	PS_Sm_r02_2016_05_30_L001	1	0.0000	0.0000	1.0000
Smarc13880_chrm01_circ_1417179	PS_Sm_r02_2016_07_25_L003	1	0.0000	0.0000	1.0000
Smarc13880_chrm01_circ_1417179	PS_Sm_r02_2016_08_22_L003	1	0.0000	0.0000	1.0000
Smarc13880_chrm01_circ_1417179	PS_Sm_r02_2016_09_19_L003	1	0.0000	0.0000	1.0000
Smarc13880_chrm01_circ_1417179	PS_Sm_r02_2016_10_17_L001	1	0.0000	0.0000	1.0000
Smarc13880_chrm01_circ_1417179	PS_Sm_r02_2016_11_14_L001	1	0.0000	0.0000	1.0000
Smarc13880_chrm01_circ_1417179	PS_Sm_r02_2016_12_12_L001	1	0.0000	0.0000	1.0000
Smarc13880_chrm01_circ_1417179	PS_Sm_r02_2017_01_09_L001	1	0.0000	0.0000	1.0000
Smarc13880_chrm01_circ_1417179	PS_Sm_r02_2017_02_06_L001	1	0.0000	0.0000	1.0000
Smarc13880_chrm01_circ_1417179	PS_Sm_r02_2017_03_06_L001	1	0.0000	0.0000	1.0000
Smarc13880_chrm01_circ_1417179	PS_Sm_r02_2017_04_03_L001	1	0.0000	0.0000	1.0000
Smarc13880_chrm01_circ_1417179	PS_Sm_r02_2017_05_29_L001	1	0.1131	0.0067	1.0000
Smarc13880_chrm01_circ_1417179	PS_Sm_r02_2017_07_24_L001	1	0.3127	0.0097	1.0000
Smarc13880_chrm01_circ_1417179	PS_Sm_r02_2017_08_21_L001	1	0.3070	0.0094	1.0000
Smarc13880_chrm01_circ_1417179	PS_Sm_r02_2017_09_18_L001	1	0.3041	0.0096	1.0000
Smarc13880_chrm01_circ_1655651	PS_Sm_r02_2015_08_24_L001-L004_merged	1	0.0000	0.0000	1.0000
Smarc13880_chrm01_circ_1655651	PS_Sm_r02_2015_09_21_L002	1	0.0000	0.0000	1.0000
Smarc13880_chrm01_circ_1655651	PS_Sm_r02_2015_10_19_L001	1	0.0000	0.0000	1.0000
Smarc13880_chrm01_circ_1655651	PS_Sm_r02_2015_11_16_L001	1	0.0000	0.0000	1.0000
Smarc13880_chrm01_circ_1655651	PS_Sm_r02_2015_12_14_L001	1	0.0000	0.0000	1.0000
Smarc13880_chrm01_circ_1655651	PS_Sm_r02_2016_01_11_L001	1	0.0000	0.0000	1.0000
Smarc13880_chrm01_circ_1655651	PS_Sm_r02_2016_02_08_L001	1	0.0000	0.0000	1.0000
Smarc13880_chrm01_circ_1655651	PS_Sm_r02_2016_03_07_L001	1	0.0000	0.0000	1.0000
Smarc13880_chrm01_circ_1655651	PS_Sm_r02_2016_04_03_L001	1	0.0000	0.0000	1.0000
Smarc13880_chrm01_circ_1655651	PS_Sm_r02_2016_05_04_L001	1	0.0000	0.0000	1.0000
Smarc13880_chrm01_circ_1655651	PS_Sm_r02_2016_05_30_L001	1	0.0000	0.0000	1.0000
Smarc13880_chrm01_circ_1655651	PS_Sm_r02_2016_07_25_L003	1	0.0000	0.0000	1.0000
Smarc13880_chrm01_circ_1655651	PS_Sm_r02_2016_08_22_L003	1	0.0000	0.0000	1.0000
Smarc13880_chrm01_circ_1655651	PS_Sm_r02_2016_09_19_L003	1	0.0000	0.0000	1.0000
Smarc13880_chrm01_circ_1655651	PS_Sm_r02_2016_10_17_L001	1	0.0000	0.0000	1.0000
Smarc13880_chrm01_circ_1655651	PS_Sm_r02_2016_11_14_L001	1	0.0000	0.0000	1.0000
Smarc13880_chrm01_circ_1655651	PS_Sm_r02_2016_12_12_L001	1	0.0000	0.0000	1.0000
Smarc13880_chrm01_circ_1655651	PS_Sm_r02_2017_01_09_L001	1	0.0000	0.0000	1.0000
Smarc13880_chrm01_circ_1655651	PS_Sm_r02_2017_02_06_L001	1	0.0000	0.0000	1.0000
Smarc13880_chrm01_circ_1655651	PS_Sm_r02_2017_03_06_L001	1	0.0000	0.0000	1.0000
Smarc13880_chrm01_circ_1655651	PS_Sm_r02_2017_04_03_L001	1	0.0000	0.0000	1.0000
Smarc13880_chrm01_circ_1655651	PS_Sm_r02_2017_05_29_L001	1	0.1131	0.0067	1.0000
Smarc13880_chrm01_circ_1655651	PS_Sm_r02_2017_07_24_L001	1	0.3127	0.0097	1.0000
Smarc13880_chrm01_circ_1655651	PS_Sm_r02_2017_08_21_L001	1	0.3070	0.0094	1.0000
Smarc13880_chrm01_circ_1655651	PS_Sm_r02_2017_09_18_L001	1	0.3041	0.0096	1.0000
Smarc13880_chrm01_circ_1662020	PS_Sm_r02_2015_08_24_L001-L004_merged	1	0.0000	0.0000	1.0000
Smarc13880_chrm01_circ_1662020	PS_Sm_r02_2015_09_21_L002	1	0.0000	0.0000	1.0000
Smarc13880_chrm01_circ_1662020	PS_Sm_r02_2015_10_19_L001	1	0.0000	0.0000	1.0000
Smarc13880_chrm01_circ_1662020	PS_Sm_r02_2015_11_16_L001	1	0.0000	0.0000	1.0000
Smarc13880_chrm01_circ_1662020	PS_Sm_r02_2015_12_14_L001	1	0.0000	0.0000	1.0000
Smarc13880_chrm01_circ_1662020	PS_Sm_r02_2016_01_11_L001	1	0.0000	0.0000	1.0000
Smarc13880_chrm01_circ_1662020	PS_Sm_r02_2016_02_08_L001	1	0.0000	0.0000	1.0000
Smarc13880_chrm01_circ_1662020	PS_Sm_r02_2016_03_07_L001	1	0.0000	0.0000	1.0000
Smarc13880_chrm01_circ_1662020	PS_Sm_r02_2016_04_03_L001	1	0.0000	0.0000	1.0000
Smarc13880_chrm01_circ_1662020	PS_Sm_r02_2016_05_04_L001	1	0.0000	0.0000	1.0000
Smarc13880_chrm01_circ_1662020	PS_Sm_r02_2016_05_30_L001	1	0.0000	0.0000	1.0000
Smarc13880_chrm01_circ_1662020	PS_Sm_r02_2016_07_25_L003	1	0.0000	0.0000	1.0000
Smarc13880_chrm01_circ_1662020	PS_Sm_r02_2016_08_22_L003	1	0.0000	0.0000	1.0000
Smarc13880_chrm01_circ_1662020	PS_Sm_r02_2016_09_19_L003	1	0.0000	0.0000	1.0000
Smarc13880_chrm01_circ_1662020	PS_Sm_r02_2016_10_17_L001	1	0.0000	0.0000	1.0000
Smarc13880_chrm01_circ_1662020	PS_Sm_r02_2016_11_14_L001	1	0.0000	0.0000	1.0000
Smarc13880_chrm01_circ_1662020	PS_Sm_r02_2016_12_12_L001	1	0.0000	0.0000	1.0000
Smarc13880_chrm01_circ_1662020	PS_Sm_r02_2017_01_09_L001	1	0.0000	0.0000	1.0000
Smarc13880_chrm01_circ_1662020	PS_Sm_r02_2017_02_06_L001	1	0.0000	0.0000	1.0000
Smarc13880_chrm01_circ_1662020	PS_Sm_r02_2017_03_06_L001	1	0.0000	0.0000	1.0000
Smarc13880_chrm01_circ_1662020	PS_Sm_r02_2017_04_03_L001	1	0.0000	0.0000	1.0000
Smarc13880_chrm01_circ_1662020	PS_Sm_r02_2017_05_29_L001	1	0.1131	0.0067	1.0000
Smarc13880_chrm01_circ_1662020	PS_Sm_r02_2017_07_24_L001	1	0.3127	0.0097	1.0000
Smarc13880_chrm01_circ_1662020	PS_Sm_r02_2017_08_21_L001	1	0.3070	0.0094	1.0000
Smarc13880_chrm01_circ_1662020	PS_Sm_r02_2017_09_18_L001	1	0.3041	0.0096	1.0000
Smarc13880_chrm01_circ_1935521	PS_Sm_r02_2015_08_24_L001-L004_merged	1	0.0000	0.0000	1.0000
Smarc13880_chrm01_circ_1935521	PS_Sm_r02_2015_09_21_L002	1	0.0000	0.0000	1.0000
Smarc13880_chrm01_circ_1935521	PS_Sm_r02_2015_10_19_L001	1	0.0000	0.0000	1.0000
Smarc13880_chrm01_circ_1935521	PS_Sm_r02_2015_11_16_L001	1	0.0000	0.0000	1.0000
Smarc13880_chrm01_circ_1935521	PS_Sm_r02_2015_12_14_L001	1	0.0000	0.0000	1.0000
Smarc13880_chrm01_circ_1935521	PS_Sm_r02_2016_01_11_L001	1	0.0000	0.0000	1.0000
Smarc13880_chrm01_circ_1935521	PS_Sm_r02_2016_02_08_L001	1	0.0000	0.0000	1.0000
Smarc13880_chrm01_circ_1935521	PS_Sm_r02_2016_03_07_L001	1	0.0000	0.0000	1.0000
Smarc13880_chrm01_circ_1935521	PS_Sm_r02_2016_04_03_L001	1	0.0000	0.0000	1.0000
Smarc13880_chrm01_circ_1935521	PS_Sm_r02_2016_05_04_L001	1	0.0000	0.0000	1.0000
Smarc13880_chrm01_circ_1935521	PS_Sm_r02_2016_05_30_L001	1	0.0000	0.0000	1.0000
Smarc13880_chrm01_circ_1935521	PS_Sm_r02_2016_07_25_L003	1	0.0000	0.0000	1.0000
Smarc13880_chrm01_circ_1935521	PS_Sm_r02_2016_08_22_L003	1	0.0000	0.0000	1.0000
Smarc13880_chrm01_circ_1935521	PS_Sm_r02_2016_09_19_L003	1	0.0000	0.0000	1.0000
Smarc13880_chrm01_circ_1935521	PS_Sm_r02_2016_10_17_L001	1	0.0000	0.0000	1.0000
Smarc13880_chrm01_circ_1935521	PS_Sm_r02_2016_11_14_L001	1	0.0000	0.0000	1.0000
Smarc13880_chrm01_circ_1935521	PS_Sm_r02_2016_12_12_L001	1	0.0000	0.0000	1.0000
Smarc13880_chrm01_circ_1935521	PS_Sm_r02_2017_01_09_L001	1	0.0000	0.0000	1.0000
Smarc13880_chrm01_circ_1935521	PS_Sm_r02_2017_02_06_L001	1	0.0000	0.0000	1.0000
Smarc13880_chrm01_circ_1935521	PS_Sm_r02_2017_03_06_L001	1	0.0000	0.0000	1.0000
Smarc13880_chrm01_circ_1935521	PS_Sm_r02_2017_04_03_L001	1	0.0000	0.0000	1.0000
Smarc13880_chrm01_circ_1935521	PS_Sm_r02_2017_05_29_L001	1	0.1131	0.0067	1.0000
Smarc13880_chrm01_circ_1935521	PS_Sm_r02_2017_07_24_L001	1	0.3127	0.0097	1.0000
Smarc13880_chrm01_circ_1935521	PS_Sm_r02_2017_08_21_L001	1	0.3070	0.0094	1.0000
Smarc13880_chrm01_circ_1935521	PS_Sm_r02_2017_09_18_L001	1	0.3041	0.0096	1.0000
Smarc13880_chrm01_circ_2115065	PS_Sm_r02_2015_08_24_L001-L004_merged	1	0.0000	0.0000	1.0000
Smarc13880_chrm01_circ_2115065	PS_Sm_r02_2015_09_21_L002	1	0.0000	0.0000	1.0000
Smarc13880_chrm01_circ_2115065	PS_Sm_r02_2015_10_19_L001	1	0.0000	0.0000	1.0000
Smarc13880_chrm01_circ_2115065	PS_Sm_r02_2015_11_16_L001	1	0.0000	0.0000	1.0000
Smarc13880_chrm01_circ_2115065	PS_Sm_r02_2015_12_14_L001	1	0.0000	0.0000	1.0000
Smarc13880_chrm01_circ_2115065	PS_Sm_r02_2016_01_11_L001	1	0.0000	0.0000	1.0000
Smarc13880_chrm01_circ_2115065	PS_Sm_r02_2016_02_08_L001	1	0.0000	0.0000	1.0000
Smarc13880_chrm01_circ_2115065	PS_Sm_r02_2016_03_07_L001	1	0.0000	0.0000	1.0000
Smarc13880_chrm01_circ_2115065	PS_Sm_r02_2016_04_03_L001	1	0.0000	0.0000	1.0000
Smarc13880_chrm01_circ_2115065	PS_Sm_r02_2016_05_04_L001	1	0.0000	0.0000	1.0000
Smarc13880_chrm01_circ_2115065	PS_Sm_r02_2016_05_30_L001	1	0.0000	0.0000	1.0000
Smarc13880_chrm01_circ_2115065	PS_Sm_r02_2016_07_25_L003	1	0.0000	0.0000	1.0000
Smarc13880_chrm01_circ_2115065	PS_Sm_r02_2016_08_22_L003	1	0.0000	0.0000	1.0000
Smarc13880_chrm01_circ_2115065	PS_Sm_r02_2016_09_19_L003	1	0.0000	0.0000	1.0000
Smarc13880_chrm01_circ_2115065	PS_Sm_r02_2016_10_17_L001	1	0.0000	0.0000	1.0000
Smarc13880_chrm01_circ_2115065	PS_Sm_r02_2016_11_14_L001	1	0.0000	0.0000	1.0000
Smarc13880_chrm01_circ_2115065	PS_Sm_r02_2016_12_12_L001	1	0.0000	0.0000	1.0000
Smarc13880_chrm01_circ_2115065	PS_Sm_r02_2017_01_09_L001	1	0.0000	0.0000	1.0000
Smarc13880_chrm01_circ_2115065	PS_Sm_r02_2017_02_06_L001	1	0.0000	0.0000	1.0000
Smarc13880_chrm01_circ_2115065	PS_Sm_r02_2017_03_06_L001	1	0.0000	0.0000	1.0000
Smarc13880_chrm01_circ_2115065	PS_Sm_r02_2017_04_03_L001	1	0.0000	0.0000	1.0000
Smarc13880_chrm01_circ_2115065	PS_Sm_r02_2017_05_29_L001	1	0.1131	0.0067	1.0000
Smarc13880_chrm01_circ_2115065	PS_Sm_r02_2017_07_24_L001	1	0.3127	0.0097	1.0000
Smarc13880_chrm01_circ_2115065	PS_Sm_r02_2017_08_21_L001	1	0.3070	0.0094	1.0000
Smarc13880_chrm01_circ_2115065	PS_Sm_r02_2017_09_18_L001	1	0.3041	0.0096	1.0000
Smarc13880_chrm01_circ_2295290	PS_Sm_r02_2015_08_24_L001-L004_merged	1	0.0000	0.0000	1.0000
Smarc13880_chrm01_circ_2295290	PS_Sm_r02_2015_09_21_L002	1	0.0000	0.0000	1.0000
Smarc13880_chrm01_circ_2295290	PS_Sm_r02_2015_10_19_L001	1	0.0000	0.0000	1.0000
Smarc13880_chrm01_circ_2295290	PS_Sm_r02_2015_11_16_L001	1	0.0000	0.0000	1.0000
Smarc13880_chrm01_circ_2295290	PS_Sm_r02_2015_12_14_L001	1	0.0000	0.0000	1.0000
Smarc13880_chrm01_circ_2295290	PS_Sm_r02_2016_01_11_L001	1	0.0000	0.0000	1.0000
Smarc13880_chrm01_circ_2295290	PS_Sm_r02_2016_02_08_L001	1	0.0000	0.0000	1.0000
Smarc13880_chrm01_circ_2295290	PS_Sm_r02_2016_03_07_L001	1	0.0000	0.0000	1.0000
Smarc13880_chrm01_circ_2295290	PS_Sm_r02_2016_04_03_L001	1	0.0000	0.0000	1.0000
Smarc13880_chrm01_circ_2295290	PS_Sm_r02_2016_05_04_L001	1	0.0000	0.0000	1.0000
Smarc13880_chrm01_circ_2295290	PS_Sm_r02_2016_05_30_L001	1	0.0000	0.0000	1.0000
Smarc13880_chrm01_circ_2295290	PS_Sm_r02_2016_07_25_L003	1	0.0000	0.0000	1.0000
Smarc13880_chrm01_circ_2295290	PS_Sm_r02_2016_08_22_L003	1	0.0000	0.0000	1.0000
Smarc13880_chrm01_circ_2295290	PS_Sm_r02_2016_09_19_L003	1	0.0000	0.0000	1.0000
Smarc13880_chrm01_circ_2295290	PS_Sm_r02_2016_10_17_L001	1	0.0000	0.0000	1.0000
Smarc13880_chrm01_circ_2295290	PS_Sm_r02_2016_11_14_L001	1	0.0000	0.0000	1.0000
Smarc13880_chrm01_circ_2295290	PS_Sm_r02_2016_12_12_L001	1	0.0000	0.0000	1.0000
Smarc13880_chrm01_circ_2295290	PS_Sm_r02_2017_01_09_L001	1	0.0000	0.0000	1.0000
Smarc13880_chrm01_circ_2295290	PS_Sm_r02_2017_02_06_L001	1	0.0000	0.0000	1.0000
Smarc13880_chrm01_circ_2295290	PS_Sm_r02_2017_03_06_L001	1	0.0000	0.0000	1.0000
Smarc13880_chrm01_circ_2295290	PS_Sm_r02_2017_04_03_L001	1	0.0000	0.0000	1.0000
Smarc13880_chrm01_circ_2295290	PS_Sm_r02_2017_05_29_L001	1	0.1131	0.0067	1.0000
Smarc13880_chrm01_circ_2295290	PS_Sm_r02_2017_07_24_L001	1	0.3127	0.0097	1.0000
Smarc13880_chrm01_circ_2295290	PS_Sm_r02_2017_08_21_L001	1	0.3070	0.0094	1.0000
Smarc13880_chrm01_circ_2295290	PS_Sm_r02_2017_09_18_L001	1	0.3041	0.0096	1.0000
Smarc13880_chrm01_circ_2319832	PS_Sm_r02_2015_08_24_L001-L004_merged	1	0.0000	0.0000	1.0000
Smarc13880_chrm01_circ_2319832	PS_Sm_r02_2015_09_21_L002	1	0.0000	0.0000	1.0000
Smarc13880_chrm01_circ_2319832	PS_Sm_r02_2015_10_19_L001	1	0.0000	0.0000	1.0000
Smarc13880_chrm01_circ_2319832	PS_Sm_r02_2015_11_16_L001	1	0.0000	0.0000	1.0000
Smarc13880_chrm01_circ_2319832	PS_Sm_r02_2015_12_14_L001	1	0.0000	0.0000	1.0000
Smarc13880_chrm01_circ_2319832	PS_Sm_r02_2016_01_11_L001	1	0.0000	0.0000	1.0000
Smarc13880_chrm01_circ_2319832	PS_Sm_r02_2016_02_08_L001	1	0.0000	0.0000	1.0000
Smarc13880_chrm01_circ_2319832	PS_Sm_r02_2016_03_07_L001	1	0.0000	0.0000	1.0000
Smarc13880_chrm01_circ_2319832	PS_Sm_r02_2016_04_03_L001	1	0.0000	0.0000	1.0000
Smarc13880_chrm01_circ_2319832	PS_Sm_r02_2016_05_04_L001	1	0.0000	0.0000	1.0000
Smarc13880_chrm01_circ_2319832	PS_Sm_r02_2016_05_30_L001	1	0.0000	0.0000	1.0000
Smarc13880_chrm01_circ_2319832	PS_Sm_r02_2016_07_25_L003	1	0.0000	0.0000	1.0000
Smarc13880_chrm01_circ_2319832	PS_Sm_r02_2016_08_22_L003	1	0.0000	0.0000	1.0000
Smarc13880_chrm01_circ_2319832	PS_Sm_r02_2016_09_19_L003	1	0.0000	0.0000	1.0000
Smarc13880_chrm01_circ_2319832	PS_Sm_r02_2016_10_17_L001	1	0.0000	0.0000	1.0000
Smarc13880_chrm01_circ_2319832	PS_Sm_r02_2016_11_14_L001	1	0.0000	0.0000	1.0000
Smarc13880_chrm01_circ_2319832	PS_Sm_r02_2016_12_12_L001	1	0.0000	0.0000	1.0000
Smarc13880_chrm01_circ_2319832	PS_Sm_r02_2017_01_09_L001	1	0.0000	0.0000	1.0000
Smarc13880_chrm01_circ_2319832	PS_Sm_r02_2017_02_06_L001	1	0.0000	0.0000	1.0000
Smarc13880_chrm01_circ_2319832	PS_Sm_r02_2017_03_06_L001	1	0.0000	0.0000	1.0000
Smarc13880_chrm01_circ_2319832	PS_Sm_r02_2017_04_03_L001	1	0.0000	0.0000	1.0000
Smarc13880_chrm01_circ_2319832	PS_Sm_r02_2017_05_29_L001	1	0.1131	0.0067	1.0000
Smarc13880_chrm01_circ_2319832	PS_Sm_r02_2017_07_24_L001	1	0.3127	0.0097	1.0000
Smarc13880_chrm01_circ_2319832	PS_Sm_r02_2017_08_21_L001	1	0.3070	0.0094	1.0000
Smarc13880_chrm01_circ_2319832	PS_Sm_r02_2017_09_18_L001	1	0.3041	0.0096	1.0000
Smarc13880_chrm01_circ_2480302	PS_Sm_r02_2015_08_24_L001-L004_merged	1	0.0000	0.0000	1.0000
Smarc13880_chrm01_circ_2480302	PS_Sm_r02_2015_09_21_L002	1	0.0000	0.0000	1.0000
Smarc13880_chrm01_circ_2480302	PS_Sm_r02_2015_10_19_L001	1	0.0000	0.0000	1.0000
Smarc13880_chrm01_circ_2480302	PS_Sm_r02_2015_11_16_L001	1	0.0000	0.0000	1.0000
Smarc13880_chrm01_circ_2480302	PS_Sm_r02_2015_12_14_L001	1	0.0000	0.0000	1.0000
Smarc13880_chrm01_circ_2480302	PS_Sm_r02_2016_01_11_L001	1	0.0000	0.0000	1.0000
Smarc13880_chrm01_circ_2480302	PS_Sm_r02_2016_02_08_L001	1	0.0000	0.0000	1.0000
Smarc13880_chrm01_circ_2480302	PS_Sm_r02_2016_03_07_L001	1	0.0000	0.0000	1.0000
Smarc13880_chrm01_circ_2480302	PS_Sm_r02_2016_04_03_L001	1	0.0000	0.0000	1.0000
Smarc13880_chrm01_circ_2480302	PS_Sm_r02_2016_05_04_L001	1	0.0000	0.0000	1.0000
Smarc13880_chrm01_circ_2480302	PS_Sm_r02_2016_05_30_L001	1	0.0000	0.0000	1.0000
Smarc13880_chrm01_circ_2480302	PS_Sm_r02_2016_07_25_L003	1	0.0000	0.0000	1.0000
Smarc13880_chrm01_circ_2480302	PS_Sm_r02_2016_08_22_L003	1	0.0000	0.0000	1.0000
Smarc13880_chrm01_circ_2480302	PS_Sm_r02_2016_09_19_L003	1	0.0000	0.0000	1.0000
Smarc13880_chrm01_circ_2480302	PS_Sm_r02_2016_10_17_L001	1	0.0000	0.0000	1.0000
Smarc13880_chrm01_circ_2480302	PS_Sm_r02_2016_11_14_L001	1	0.0000	0.0000	1.0000
Smarc13880_chrm01_circ_2480302	PS_Sm_r02_2016_12_12_L001	1	0.0000	0.0000	1.0000
Smarc13880_chrm01_circ_2480302	PS_Sm_r02_2017_01_09_L001	1	0.0000	0.0000	1.0000
Smarc13880_chrm01_circ_2480302	PS_Sm_r02_2017_02_06_L001	1	0.0000	0.0000	1.0000
Smarc13880_chrm01_circ_2480302	PS_Sm_r02_2017_03_06_L001	1	0.0000	0.0000	1.0000
Smarc13880_chrm01_circ_2480302	PS_Sm_r02_2017_04_03_L001	1	0.0000	0.0000	1.0000
Smarc13880_chrm01_circ_2480302	PS_Sm_r02_2017_05_29_L001	1	0.1131	0.0067	1.0000
Smarc13880_chrm01_circ_2480302	PS_Sm_r02_2017_07_24_L001	1	0.3127	0.0097	1.0000
Smarc13880_chrm01_circ_2480302	PS_Sm_r02_2017_08_21_L001	1	0.3070	0.0094	1.0000
Smarc13880_chrm01_circ_2480302	PS_Sm_r02_2017_09_18_L001	1	0.3041	0.0096	1.0000
Smarc13880_chrm01_circ_2518265	PS_Sm_r02_2015_08_24_L001-L004_merged	1	0.0000	0.0000	1.0000
Smarc13880_chrm01_circ_2518265	PS_Sm_r02_2015_09_21_L002	1	0.0000	0.0000	1.0000
Smarc13880_chrm01_circ_2518265	PS_Sm_r02_2015_10_19_L001	1	0.0000	0.0000	1.0000
Smarc13880_chrm01_circ_2518265	PS_Sm_r02_2015_11_16_L001	1	0.0000	0.0000	1.0000
Smarc13880_chrm01_circ_2518265	PS_Sm_r02_2015_12_14_L001	1	0.0000	0.0000	1.0000
Smarc13880_chrm01_circ_2518265	PS_Sm_r02_2016_01_11_L001	1	0.0000	0.0000	1.0000
Smarc13880_chrm01_circ_2518265	PS_Sm_r02_2016_02_08_L001	1	0.0000	0.0000	1.0000
Smarc13880_chrm01_circ_2518265	PS_Sm_r02_2016_03_07_L001	1	0.0000	0.0000	1.0000
Smarc13880_chrm01_circ_2518265	PS_Sm_r02_2016_04_03_L001	1	0.0000	0.0000	1.0000
Smarc13880_chrm01_circ_2518265	PS_Sm_r02_2016_05_04_L001	1	0.0000	0.0000	1.0000
Smarc13880_chrm01_circ_2518265	PS_Sm_r02_2016_05_30_L001	1	0.0000	0.0000	1.0000
Smarc13880_chrm01_circ_2518265	PS_Sm_r02_2016_07_25_L003	1	0.0000	0.0000	1.0000
Smarc13880_chrm01_circ_2518265	PS_Sm_r02_2016_08_22_L003	1	0.0000	0.0000	1.0000
Smarc13880_chrm01_circ_2518265	PS_Sm_r02_2016_09_19_L003	1	0.0000	0.0000	1.0000
Smarc13880_chrm01_circ_2518265	PS_Sm_r02_2016_10_17_L001	1	0.0000	0.0000	1.0000
Smarc13880_chrm01_circ_2518265	PS_Sm_r02_2016_11_14_L001	1	0.0000	0.0000	1.0000
Smarc13880_chrm01_circ_2518265	PS_Sm_r02_2016_12_12_L001	1	0.0000	0.0000	1.0000
Smarc13880_chrm01_circ_2518265	PS_Sm_r02_2017_01_09_L001	1	0.0000	0.0000	1.0000
Smarc13880_chrm01_circ_2518265	PS_Sm_r02_2017_02_06_L001	1	0.0000	0.0000	1.0000
Smarc13880_chrm01_circ_2518265	PS_Sm_r02_2017_03_06_L001	1	0.0000	0.0000	1.0000
Smarc13880_chrm01_circ_2518265	PS_Sm_r02_2017_04_03_L001	1	0.0000	0.0000	1.0000
Smarc13880_chrm01_circ_2518265	PS_Sm_r02_2017_05_29_L001	1	0.1131	0.0067	1.0000
Smarc13880_chrm01_circ_2518265	PS_Sm_r02_2017_07_24_L001	1	0.3127	0.0097	1.0000
Smarc13880_chrm01_circ_2518265	PS_Sm_r02_2017_08_21_L001	1	0.3070	0.0094	1.0000
Smarc13880_chrm01_circ_2518265	PS_Sm_r02_2017_09_18_L001	1	0.3041	0.0096	1.0000
Smarc13880_chrm01_circ_2608724	PS_Sm_r02_2015_08_24_L001-L004_merged	1	0.0000	0.0000	1.0000
Smarc13880_chrm01_circ_2608724	PS_Sm_r02_2015_09_21_L002	1	0.0000	0.0000	1.0000
Smarc13880_chrm01_circ_2608724	PS_Sm_r02_2015_10_19_L001	1	0.0000	0.0000	1.0000
Smarc13880_chrm01_circ_2608724	PS_Sm_r02_2015_11_16_L001	1	0.0000	0.0000	1.0000
Smarc13880_chrm01_circ_2608724	PS_Sm_r02_2015_12_14_L001	1	0.0000	0.0000	1.0000
Smarc13880_chrm01_circ_2608724	PS_Sm_r02_2016_01_11_L001	1	0.0000	0.0000	1.0000
Smarc13880_chrm01_circ_2608724	PS_Sm_r02_2016_02_08_L001	1	0.0000	0.0000	1.0000
Smarc13880_chrm01_circ_2608724	PS_Sm_r02_2016_03_07_L001	1	0.0000	0.0000	1.0000
Smarc13880_chrm01_circ_2608724	PS_Sm_r02_2016_04_03_L001	1	0.0000	0.0000	1.0000
Smarc13880_chrm01_circ_2608724	PS_Sm_r02_2016_05_04_L001	1	0.0000	0.0000	1.0000
Smarc13880_chrm01_circ_2608724	PS_Sm_r02_2016_05_30_L001	1	0.0000	0.0000	1.0000
Smarc13880_chrm01_circ_2608724	PS_Sm_r02_2016_07_25_L003	1	0.0000	0.0000	1.0000
Smarc13880_chrm01_circ_2608724	PS_Sm_r02_2016_08_22_L003	1	0.0000	0.0000	1.0000
Smarc13880_chrm01_circ_2608724	PS_Sm_r02_2016_09_19_L003	1	0.0000	0.0000	1.0000
Smarc13880_chrm01_circ_2608724	PS_Sm_r02_2016_10_17_L001	1	0.0000	0.0000	1.0000
Smarc13880_chrm01_circ_2608724	PS_Sm_r02_2016_11_14_L001	1	0.0000	0.0000	1.0000
Smarc13880_chrm01_circ_2608724	PS_Sm_r02_2016_12_12_L001	1	0.0000	0.0000	1.0000
Smarc13880_chrm01_circ_2608724	PS_Sm_r02_2017_01_09_L001	1	0.0000	0.0000	1.0000
Smarc13880_chrm01_circ_2608724	PS_Sm_r02_2017_02_06_L001	1	0.0000	0.0000	1.0000
Smarc13880_chrm01_circ_2608724	PS_Sm_r02_2017_03_06_L001	1	0.0000	0.0000	1.0000
Smarc13880_chrm01_circ_2608724	PS_Sm_r02_2017_04_03_L001	1	0.0000	0.0000	1.0000
Smarc13880_chrm01_circ_2608724	PS_Sm_r02_2017_05_29_L001	1	0.1131	0.0067	1.0000
Smarc13880_chrm01_circ_2608724	PS_Sm_r02_2017_07_24_L001	1	0.3127	0.0097	1.0000
Smarc13880_chrm01_circ_2608724	PS_Sm_r02_2017_08_21_L001	1	0.3070	0.0094	1.0000
Smarc13880_chrm01_circ_2608724	PS_Sm_r02_2017_09_18_L001	1	0.3041	0.0096	1.0000
Smarc13880_chrm01_circ_2612586	PS_Sm_r02_2015_08_24_L001-L004_merged	1	0.0000	0.0000	1.0000
Smarc13880_chrm01_circ_2612586	PS_Sm_r02_2015_09_21_L002	1	0.0000	0.0000	1.0000
Smarc13880_chrm01_circ_2612586	PS_Sm_r02_2015_10_19_L001	1	0.0000	0.0000	1.0000
Smarc13880_chrm01_circ_2612586	PS_Sm_r02_2015_11_16_L001	1	0.0000	0.0000	1.0000
Smarc13880_chrm01_circ_2612586	PS_Sm_r02_2015_12_14_L001	1	0.0000	0.0000	1.0000
Smarc13880_chrm01_circ_2612586	PS_Sm_r02_2016_01_11_L001	1	0.0000	0.0000	1.0000
Smarc13880_chrm01_circ_2612586	PS_Sm_r02_2016_02_08_L001	1	0.0000	0.0000	1.0000
Smarc13880_chrm01_circ_2612586	PS_Sm_r02_2016_03_07_L001	1	0.0000	0.0000	1.0000
Smarc13880_chrm01_circ_2612586	PS_Sm_r02_2016_04_03_L001	1	0.0000	0.0000	1.0000
Smarc13880_chrm01_circ_2612586	PS_Sm_r02_2016_05_04_L001	1	0.0000	0.0000	1.0000
Smarc13880_chrm01_circ_2612586	PS_Sm_r02_2016_05_30_L001	1	0.0000	0.0000	1.0000
Smarc13880_chrm01_circ_2612586	PS_Sm_r02_2016_07_25_L003	1	0.0000	0.0000	1.0000
Smarc13880_chrm01_circ_2612586	PS_Sm_r02_2016_08_22_L003	1	0.0000	0.0000	1.0000
Smarc13880_chrm01_circ_2612586	PS_Sm_r02_2016_09_19_L003	1	0.0000	0.0000	1.0000
Smarc13880_chrm01_circ_2612586	PS_Sm_r02_2016_10_17_L001	1	0.0000	0.0000	1.0000
Smarc13880_chrm01_circ_2612586	PS_Sm_r02_2016_11_14_L001	1	0.0000	0.0000	1.0000
Smarc13880_chrm01_circ_2612586	PS_Sm_r02_2016_12_12_L001	1	0.0000	0.0000	1.0000
Smarc13880_chrm01_circ_2612586	PS_Sm_r02_2017_01_09_L001	1	0.0000	0.0000	1.0000
Smarc13880_chrm01_circ_2612586	PS_Sm_r02_2017_02_06_L001	1	0.0000	0.0000	1.0000
Smarc13880_chrm01_circ_2612586	PS_Sm_r02_2017_03_06_L001	1	0.0000	0.0000	1.0000
Smarc13880_chrm01_circ_2612586	PS_Sm_r02_2017_04_03_L001	1	0.0000	0.0000	1.0000
Smarc13880_chrm01_circ_2612586	PS_Sm_r02_2017_05_29_L001	1	0.1131	0.0067	1.0000
Smarc13880_chrm01_circ_2612586	PS_Sm_r02_2017_07_24_L001	1	0.3127	0.0097	1.0000
Smarc13880_chrm01_circ_2612586	PS_Sm_r02_2017_08_21_L001	1	0.3070	0.0094	1.0000
Smarc13880_chrm01_circ_2612586	PS_Sm_r02_2017_09_18_L001	1	0.3041	0.0096	1.0000
Smarc13880_chrm01_circ_2641041	PS_Sm_r02_2015_08_24_L001-L004_merged	1	0.0000	0.0000	1.0000
Smarc13880_chrm01_circ_2641041	PS_Sm_r02_2015_09_21_L002	1	0.0000	0.0000	1.0000
Smarc13880_chrm01_circ_2641041	PS_Sm_r02_2015_10_19_L001	1	0.0000	0.0000	1.0000
Smarc13880_chrm01_circ_2641041	PS_Sm_r02_2015_11_16_L001	1	0.0000	0.0000	1.0000
Smarc13880_chrm01_circ_2641041	PS_Sm_r02_2015_12_14_L001	1	0.0000	0.0000	1.0000
Smarc13880_chrm01_circ_2641041	PS_Sm_r02_2016_01_11_L001	1	0.0000	0.0000	1.0000
Smarc13880_chrm01_circ_2641041	PS_Sm_r02_2016_02_08_L001	1	0.0000	0.0000	1.0000
Smarc13880_chrm01_circ_2641041	PS_Sm_r02_2016_03_07_L001	1	0.0000	0.0000	1.0000
Smarc13880_chrm01_circ_2641041	PS_Sm_r02_2016_04_03_L001	1	0.0000	0.0000	1.0000
Smarc13880_chrm01_circ_2641041	PS_Sm_r02_2016_05_04_L001	1	0.0000	0.0000	1.0000
Smarc13880_chrm01_circ_2641041	PS_Sm_r02_2016_05_30_L001	1	0.0000	0.0000	1.0000
Smarc13880_chrm01_circ_2641041	PS_Sm_r02_2016_07_25_L003	1	0.0000	0.0000	1.0000
Smarc13880_chrm01_circ_2641041	PS_Sm_r02_2016_08_22_L003	1	0.0000	0.0000	1.0000
Smarc13880_chrm01_circ_2641041	PS_Sm_r02_2016_09_19_L003	1	0.0000	0.0000	1.0000
Smarc13880_chrm01_circ_2641041	PS_Sm_r02_2016_10_17_L001	1	0.0000	0.0000	1.0000
Smarc13880_chrm01_circ_2641041	PS_Sm_r02_2016_11_14_L001	1	0.0000	0.0000	1.0000
Smarc13880_chrm01_circ_2641041	PS_Sm_r02_2016_12_12_L001	1	0.0000	0.0000	1.0000
Smarc13880_chrm01_circ_2641041	PS_Sm_r02_2017_01_09_L001	1	0.0000	0.0000	1.0000
Smarc13880_chrm01_circ_2641041	PS_Sm_r02_2017_02_06_L001	1	0.0000	0.0000	1.0000
Smarc13880_chrm01_circ_2641041	PS_Sm_r02_2017_03_06_L001	1	0.0000	0.0000	1.0000
Smarc13880_chrm01_circ_2641041	PS_Sm_r02_2017_04_03_L001	1	0.0000	0.0000	1.0000
Smarc13880_chrm01_circ_2641041	PS_Sm_r02_2017_05_29_L001	1	0.1131	0.0067	1.0000
Smarc13880_chrm01_circ_2641041	PS_Sm_r02_2017_07_24_L001	1	0.3127	0.0097	1.0000
Smarc13880_chrm01_circ_2641041	PS_Sm_r02_2017_08_21_L001	1	0.3070	0.0094	1.0000
Smarc13880_chrm01_circ_2641041	PS_Sm_r02_2017_09_18_L001	1	0.3041	0.0096	1.0000
Smarc13880_chrm01_circ_2679755	PS_Sm_r02_2015_08_24_L001-L004_merged	1	0.0000	0.0000	1.0000
Smarc13880_chrm01_circ_2679755	PS_Sm_r02_2015_09_21_L002	1	0.0000	0.0000	1.0000
Smarc13880_chrm01_circ_2679755	PS_Sm_r02_2015_10_19_L001	1	0.0000	0.0000	1.0000
Smarc13880_chrm01_circ_2679755	PS_Sm_r02_2015_11_16_L001	1	0.0000	0.0000	1.0000
Smarc13880_chrm01_circ_2679755	PS_Sm_r02_2015_12_14_L001	1	0.0000	0.0000	1.0000
Smarc13880_chrm01_circ_2679755	PS_Sm_r02_2016_01_11_L001	1	0.0000	0.0000	1.0000
Smarc13880_chrm01_circ_2679755	PS_Sm_r02_2016_02_08_L001	1	0.0000	0.0000	1.0000
Smarc13880_chrm01_circ_2679755	PS_Sm_r02_2016_03_07_L001	1	0.0000	0.0000	1.0000
Smarc13880_chrm01_circ_2679755	PS_Sm_r02_2016_04_03_L001	1	0.0000	0.0000	1.0000
Smarc13880_chrm01_circ_2679755	PS_Sm_r02_2016_05_04_L001	1	0.0000	0.0000	1.0000
Smarc13880_chrm01_circ_2679755	PS_Sm_r02_2016_05_30_L001	1	0.0000	0.0000	1.0000
Smarc13880_chrm01_circ_2679755	PS_Sm_r02_2016_07_25_L003	1	0.0000	0.0000	1.0000
Smarc13880_chrm01_circ_2679755	PS_Sm_r02_2016_08_22_L003	1	0.0000	0.0000	1.0000
Smarc13880_chrm01_circ_2679755	PS_Sm_r02_2016_09_19_L003	1	0.0000	0.0000	1.0000
Smarc13880_chrm01_circ_2679755	PS_Sm_r02_2016_10_17_L001	1	0.0000	0.0000	1.0000
Smarc13880_chrm01_circ_2679755	PS_Sm_r02_2016_11_14_L001	1	0.0000	0.0000	1.0000
Smarc13880_chrm01_circ_2679755	PS_Sm_r02_2016_12_12_L001	1	0.0000	0.0000	1.0000
Smarc13880_chrm01_circ_2679755	PS_Sm_r02_2017_01_09_L001	1	0.0000	0.0000	1.0000
Smarc13880_chrm01_circ_2679755	PS_Sm_r02_2017_02_06_L001	1	0.0000	0.0000	1.0000
Smarc13880_chrm01_circ_2679755	PS_Sm_r02_2017_03_06_L001	1	0.0000	0.0000	1.0000
Smarc13880_chrm01_circ_2679755	PS_Sm_r02_2017_04_03_L001	1	0.0000	0.0000	1.0000
Smarc13880_chrm01_circ_2679755	PS_Sm_r02_2017_05_29_L001	1	0.1131	0.0067	1.0000
Smarc13880_chrm01_circ_2679755	PS_Sm_r02_2017_07_24_L001	1	0.3127	0.0097	1.0000
Smarc13880_chrm01_circ_2679755	PS_Sm_r02_2017_08_21_L001	1	0.3070	0.0094	1.0000
Smarc13880_chrm01_circ_2679755	PS_Sm_r02_2017_09_18_L001	1	0.3041	0.0096	1.0000
Smarc13880_chrm01_circ_3093819	PS_Sm_r02_2015_08_24_L001-L004_merged	1	0.0000	0.0000	1.0000
Smarc13880_chrm01_circ_3093819	PS_Sm_r02_2015_09_21_L002	1	0.0000	0.0000	1.0000
Smarc13880_chrm01_circ_3093819	PS_Sm_r02_2015_10_19_L001	1	0.0000	0.0000	1.0000
Smarc13880_chrm01_circ_3093819	PS_Sm_r02_2015_11_16_L001	1	0.0000	0.0000	1.0000
Smarc13880_chrm01_circ_3093819	PS_Sm_r02_2015_12_14_L001	1	0.0000	0.0000	1.0000
Smarc13880_chrm01_circ_3093819	PS_Sm_r02_2016_01_11_L001	1	0.0000	0.0000	1.0000
Smarc13880_chrm01_circ_3093819	PS_Sm_r02_2016_02_08_L001	1	0.0000	0.0000	1.0000
Smarc13880_chrm01_circ_3093819	PS_Sm_r02_2016_03_07_L001	1	0.0000	0.0000	1.0000
Smarc13880_chrm01_circ_3093819	PS_Sm_r02_2016_04_03_L001	1	0.0000	0.0000	1.0000
Smarc13880_chrm01_circ_3093819	PS_Sm_r02_2016_05_04_L001	1	0.0000	0.0000	1.0000
Smarc13880_chrm01_circ_3093819	PS_Sm_r02_2016_05_30_L001	1	0.0000	0.0000	1.0000
Smarc13880_chrm01_circ_3093819	PS_Sm_r02_2016_07_25_L003	1	0.0000	0.0000	1.0000
Smarc13880_chrm01_circ_3093819	PS_Sm_r02_2016_08_22_L003	1	0.0000	0.0000	1.0000
Smarc13880_chrm01_circ_3093819	PS_Sm_r02_2016_09_19_L003	1	0.0000	0.0000	1.0000
Smarc13880_chrm01_circ_3093819	PS_Sm_r02_2016_10_17_L001	1	0.0000	0.0000	1.0000
Smarc13880_chrm01_circ_3093819	PS_Sm_r02_2016_11_14_L001	1	0.0000	0.0000	1.0000
Smarc13880_chrm01_circ_3093819	PS_Sm_r02_2016_12_12_L001	1	0.0000	0.0000	1.0000
Smarc13880_chrm01_circ_3093819	PS_Sm_r02_2017_01_09_L001	1	0.0000	0.0000	1.0000
Smarc13880_chrm01_circ_3093819	PS_Sm_r02_2017_02_06_L001	1	0.0000	0.0000	1.0000
Smarc13880_chrm01_circ_3093819	PS_Sm_r02_2017_03_06_L001	1	0.0000	0.0000	1.0000
Smarc13880_chrm01_circ_3093819	PS_Sm_r02_2017_04_03_L001	1	0.0000	0.0000	1.0000
Smarc13880_chrm01_circ_3093819	PS_Sm_r02_2017_05_29_L001	1	0.1131	0.0067	1.0000
Smarc13880_chrm01_circ_3093819	PS_Sm_r02_2017_07_24_L001	1	0.3127	0.0097	1.0000
Smarc13880_chrm01_circ_3093819	PS_Sm_r02_2017_08_21_L001	1	0.3070	0.0094	1.0000
Smarc13880_chrm01_circ_3093819	PS_Sm_r02_2017_09_18_L001	1	0.3041	0.0096	1.0000
Smarc13880_chrm01_circ_3164591	PS_Sm_r02_2015_08_24_L001-L004_merged	1	0.0000	0.0000	1.0000
Smarc13880_chrm01_circ_3164591	PS_Sm_r02_2015_09_21_L002	1	0.0000	0.0000	1.0000
Smarc13880_chrm01_circ_3164591	PS_Sm_r02_2015_10_19_L001	1	0.0000	0.0000	1.0000
Smarc13880_chrm01_circ_3164591	PS_Sm_r02_2015_11_16_L001	1	0.0000	0.0000	1.0000
Smarc13880_chrm01_circ_3164591	PS_Sm_r02_2015_12_14_L001	1	0.0000	0.0000	1.0000
Smarc13880_chrm01_circ_3164591	PS_Sm_r02_2016_01_11_L001	1	0.0000	0.0000	1.0000
Smarc13880_chrm01_circ_3164591	PS_Sm_r02_2016_02_08_L001	1	0.0000	0.0000	1.0000
Smarc13880_chrm01_circ_3164591	PS_Sm_r02_2016_03_07_L001	1	0.0000	0.0000	1.0000
Smarc13880_chrm01_circ_3164591	PS_Sm_r02_2016_04_03_L001	1	0.0000	0.0000	1.0000
Smarc13880_chrm01_circ_3164591	PS_Sm_r02_2016_05_04_L001	1	0.0000	0.0000	1.0000
Smarc13880_chrm01_circ_3164591	PS_Sm_r02_2016_05_30_L001	1	0.0000	0.0000	1.0000
Smarc13880_chrm01_circ_3164591	PS_Sm_r02_2016_07_25_L003	1	0.0000	0.0000	1.0000
Smarc13880_chrm01_circ_3164591	PS_Sm_r02_2016_08_22_L003	1	0.0000	0.0000	1.0000
Smarc13880_chrm01_circ_3164591	PS_Sm_r02_2016_09_19_L003	1	0.0000	0.0000	1.0000
Smarc13880_chrm01_circ_3164591	PS_Sm_r02_2016_10_17_L001	1	0.0000	0.0000	1.0000
Smarc13880_chrm01_circ_3164591	PS_Sm_r02_2016_11_14_L001	1	0.0000	0.0000	1.0000
Smarc13880_chrm01_circ_3164591	PS_Sm_r02_2016_12_12_L001	1	0.0000	0.0000	1.0000
Smarc13880_chrm01_circ_3164591	PS_Sm_r02_2017_01_09_L001	1	0.0000	0.0000	1.0000
Smarc13880_chrm01_circ_3164591	PS_Sm_r02_2017_02_06_L001	1	0.0000	0.0000	1.0000
Smarc13880_chrm01_circ_3164591	PS_Sm_r02_2017_03_06_L001	1	0.0000	0.0000	1.0000
Smarc13880_chrm01_circ_3164591	PS_Sm_r02_2017_04_03_L001	1	0.0000	0.0000	1.0000
Smarc13880_chrm01_circ_3164591	PS_Sm_r02_2017_05_29_L001	1	0.1131	0.0067	1.0000
Smarc13880_chrm01_circ_3164591	PS_Sm_r02_2017_07_24_L001	1	0.3127	0.0097	1.0000
Smarc13880_chrm01_circ_3164591	PS_Sm_r02_2017_08_21_L001	1	0.3070	0.0094	1.0000
Smarc13880_chrm01_circ_3164591	PS_Sm_r02_2017_09_18_L001	1	0.3041	0.0096	1.0000
Smarc13880_chrm01_circ_3216992	PS_Sm_r02_2015_08_24_L001-L004_merged	1	0.0000	0.0000	1.0000
Smarc13880_chrm01_circ_3216992	PS_Sm_r02_2015_09_21_L002	1	0.0000	0.0000	1.0000
Smarc13880_chrm01_circ_3216992	PS_Sm_r02_2015_10_19_L001	1	0.0000	0.0000	1.0000
Smarc13880_chrm01_circ_3216992	PS_Sm_r02_2015_11_16_L001	1	0.0000	0.0000	1.0000
Smarc13880_chrm01_circ_3216992	PS_Sm_r02_2015_12_14_L001	1	0.0000	0.0000	1.0000
Smarc13880_chrm01_circ_3216992	PS_Sm_r02_2016_01_11_L001	1	0.0000	0.0000	1.0000
Smarc13880_chrm01_circ_3216992	PS_Sm_r02_2016_02_08_L001	1	0.0000	0.0000	1.0000
Smarc13880_chrm01_circ_3216992	PS_Sm_r02_2016_03_07_L001	1	0.0000	0.0000	1.0000
Smarc13880_chrm01_circ_3216992	PS_Sm_r02_2016_04_03_L001	1	0.0000	0.0000	1.0000
Smarc13880_chrm01_circ_3216992	PS_Sm_r02_2016_05_04_L001	1	0.0000	0.0000	1.0000
Smarc13880_chrm01_circ_3216992	PS_Sm_r02_2016_05_30_L001	1	0.0000	0.0000	1.0000
Smarc13880_chrm01_circ_3216992	PS_Sm_r02_2016_07_25_L003	1	0.0000	0.0000	1.0000
Smarc13880_chrm01_circ_3216992	PS_Sm_r02_2016_08_22_L003	1	0.0000	0.0000	1.0000
Smarc13880_chrm01_circ_3216992	PS_Sm_r02_2016_09_19_L003	1	0.0000	0.0000	1.0000
Smarc13880_chrm01_circ_3216992	PS_Sm_r02_2016_10_17_L001	1	0.0000	0.0000	1.0000
Smarc13880_chrm01_circ_3216992	PS_Sm_r02_2016_11_14_L001	1	0.0000	0.0000	1.0000
Smarc13880_chrm01_circ_3216992	PS_Sm_r02_2016_12_12_L001	1	0.0000	0.0000	1.0000
Smarc13880_chrm01_circ_3216992	PS_Sm_r02_2017_01_09_L001	1	0.0000	0.0000	1.0000
Smarc13880_chrm01_circ_3216992	PS_Sm_r02_2017_02_06_L001	1	0.0000	0.0000	1.0000
Smarc13880_chrm01_circ_3216992	PS_Sm_r02_2017_03_06_L001	1	0.0000	0.0000	1.0000
Smarc13880_chrm01_circ_3216992	PS_Sm_r02_2017_04_03_L001	1	0.0000	0.0000	1.0000
Smarc13880_chrm01_circ_3216992	PS_Sm_r02_2017_05_29_L001	1	0.1131	0.0067	1.0000
Smarc13880_chrm01_circ_3216992	PS_Sm_r02_2017_07_24_L001	1	0.3127	0.0097	1.0000
Smarc13880_chrm01_circ_3216992	PS_Sm_r02_2017_08_21_L001	1	0.3070	0.0094	1.0000
Smarc13880_chrm01_circ_3216992	PS_Sm_r02_2017_09_18_L001	1	0.3041	0.0096	1.0000
Smarc13880_chrm01_circ_3322053	PS_Sm_r02_2015_08_24_L001-L004_merged	1	0.0000	0.0000	1.0000
Smarc13880_chrm01_circ_3322053	PS_Sm_r02_2015_09_21_L002	1	0.0000	0.0000	1.0000
Smarc13880_chrm01_circ_3322053	PS_Sm_r02_2015_10_19_L001	1	0.0000	0.0000	1.0000
Smarc13880_chrm01_circ_3322053	PS_Sm_r02_2015_11_16_L001	1	0.0000	0.0000	1.0000
Smarc13880_chrm01_circ_3322053	PS_Sm_r02_2015_12_14_L001	1	0.0000	0.0000	1.0000
Smarc13880_chrm01_circ_3322053	PS_Sm_r02_2016_01_11_L001	1	0.0000	0.0000	1.0000
Smarc13880_chrm01_circ_3322053	PS_Sm_r02_2016_02_08_L001	1	0.0000	0.0000	1.0000
Smarc13880_chrm01_circ_3322053	PS_Sm_r02_2016_03_07_L001	1	0.0000	0.0000	1.0000
Smarc13880_chrm01_circ_3322053	PS_Sm_r02_2016_04_03_L001	1	0.0000	0.0000	1.0000
Smarc13880_chrm01_circ_3322053	PS_Sm_r02_2016_05_04_L001	1	0.0000	0.0000	1.0000
Smarc13880_chrm01_circ_3322053	PS_Sm_r02_2016_05_30_L001	1	0.0000	0.0000	1.0000
Smarc13880_chrm01_circ_3322053	PS_Sm_r02_2016_07_25_L003	1	0.0000	0.0000	1.0000
Smarc13880_chrm01_circ_3322053	PS_Sm_r02_2016_08_22_L003	1	0.0000	0.0000	1.0000
Smarc13880_chrm01_circ_3322053	PS_Sm_r02_2016_09_19_L003	1	0.0000	0.0000	1.0000
Smarc13880_chrm01_circ_3322053	PS_Sm_r02_2016_10_17_L001	1	0.0000	0.0000	1.0000
Smarc13880_chrm01_circ_3322053	PS_Sm_r02_2016_11_14_L001	1	0.0000	0.0000	1.0000
Smarc13880_chrm01_circ_3322053	PS_Sm_r02_2016_12_12_L001	1	0.0000	0.0000	1.0000
Smarc13880_chrm01_circ_3322053	PS_Sm_r02_2017_01_09_L001	1	0.0000	0.0000	1.0000
Smarc13880_chrm01_circ_3322053	PS_Sm_r02_2017_02_06_L001	1	0.0000	0.0000	1.0000
Smarc13880_chrm01_circ_3322053	PS_Sm_r02_2017_03_06_L001	1	0.0000	0.0000	1.0000
Smarc13880_chrm01_circ_3322053	PS_Sm_r02_2017_04_03_L001	1	0.0000	0.0000	1.0000
Smarc13880_chrm01_circ_3322053	PS_Sm_r02_2017_05_29_L001	1	0.1131	0.0067	1.0000
Smarc13880_chrm01_circ_3322053	PS_Sm_r02_2017_07_24_L001	1	0.3127	0.0097	1.0000
Smarc13880_chrm01_circ_3322053	PS_Sm_r02_2017_08_21_L001	1	0.3070	0.0094	1.0000
Smarc13880_chrm01_circ_3322053	PS_Sm_r02_2017_09_18_L001	1	0.3041	0.0096	1.0000
Smarc13880_chrm01_circ_3589612	PS_Sm_r02_2015_08_24_L001-L004_merged	1	0.0000	0.0000	1.0000
Smarc13880_chrm01_circ_3589612	PS_Sm_r02_2015_09_21_L002	1	0.0000	0.0000	1.0000
Smarc13880_chrm01_circ_3589612	PS_Sm_r02_2015_10_19_L001	1	0.0000	0.0000	1.0000
Smarc13880_chrm01_circ_3589612	PS_Sm_r02_2015_11_16_L001	1	0.0000	0.0000	1.0000
Smarc13880_chrm01_circ_3589612	PS_Sm_r02_2015_12_14_L001	1	0.0000	0.0000	1.0000
Smarc13880_chrm01_circ_3589612	PS_Sm_r02_2016_01_11_L001	1	0.0000	0.0000	1.0000
Smarc13880_chrm01_circ_3589612	PS_Sm_r02_2016_02_08_L001	1	0.0000	0.0000	1.0000
Smarc13880_chrm01_circ_3589612	PS_Sm_r02_2016_03_07_L001	1	0.0000	0.0000	1.0000
Smarc13880_chrm01_circ_3589612	PS_Sm_r02_2016_04_03_L001	1	0.0000	0.0000	1.0000
Smarc13880_chrm01_circ_3589612	PS_Sm_r02_2016_05_04_L001	1	0.0000	0.0000	1.0000
Smarc13880_chrm01_circ_3589612	PS_Sm_r02_2016_05_30_L001	1	0.0000	0.0000	1.0000
Smarc13880_chrm01_circ_3589612	PS_Sm_r02_2016_07_25_L003	1	0.0000	0.0000	1.0000
Smarc13880_chrm01_circ_3589612	PS_Sm_r02_2016_08_22_L003	1	0.0000	0.0000	1.0000
Smarc13880_chrm01_circ_3589612	PS_Sm_r02_2016_09_19_L003	1	0.0000	0.0000	1.0000
Smarc13880_chrm01_circ_3589612	PS_Sm_r02_2016_10_17_L001	1	0.0000	0.0000	1.0000
Smarc13880_chrm01_circ_3589612	PS_Sm_r02_2016_11_14_L001	1	0.0000	0.0000	1.0000
Smarc13880_chrm01_circ_3589612	PS_Sm_r02_2016_12_12_L001	1	0.0000	0.0000	1.0000
Smarc13880_chrm01_circ_3589612	PS_Sm_r02_2017_01_09_L001	1	0.0000	0.0000	1.0000
Smarc13880_chrm01_circ_3589612	PS_Sm_r02_2017_02_06_L001	1	0.0000	0.0000	1.0000
Smarc13880_chrm01_circ_3589612	PS_Sm_r02_2017_03_06_L001	1	0.0000	0.0000	1.0000
Smarc13880_chrm01_circ_3589612	PS_Sm_r02_2017_04_03_L001	1	0.0000	0.0000	1.0000
Smarc13880_chrm01_circ_3589612	PS_Sm_r02_2017_05_29_L001	1	0.1131	0.0067	1.0000
Smarc13880_chrm01_circ_3589612	PS_Sm_r02_2017_07_24_L001	1	0.3127	0.0097	1.0000
Smarc13880_chrm01_circ_3589612	PS_Sm_r02_2017_08_21_L001	1	0.3070	0.0094	1.0000
Smarc13880_chrm01_circ_3589612	PS_Sm_r02_2017_09_18_L001	1	0.3041	0.0096	1.0000
Smarc13880_chrm01_circ_3659421	PS_Sm_r02_2015_08_24_L001-L004_merged	1	0.0000	0.0000	1.0000
Smarc13880_chrm01_circ_3659421	PS_Sm_r02_2015_09_21_L002	1	0.0000	0.0000	1.0000
Smarc13880_chrm01_circ_3659421	PS_Sm_r02_2015_10_19_L001	1	0.0000	0.0000	1.0000
Smarc13880_chrm01_circ_3659421	PS_Sm_r02_2015_11_16_L001	1	0.0000	0.0000	1.0000
Smarc13880_chrm01_circ_3659421	PS_Sm_r02_2015_12_14_L001	1	0.0000	0.0000	1.0000
Smarc13880_chrm01_circ_3659421	PS_Sm_r02_2016_01_11_L001	1	0.0000	0.0000	1.0000
Smarc13880_chrm01_circ_3659421	PS_Sm_r02_2016_02_08_L001	1	0.0000	0.0000	1.0000
Smarc13880_chrm01_circ_3659421	PS_Sm_r02_2016_03_07_L001	1	0.0000	0.0000	1.0000
Smarc13880_chrm01_circ_3659421	PS_Sm_r02_2016_04_03_L001	1	0.0000	0.0000	1.0000
Smarc13880_chrm01_circ_3659421	PS_Sm_r02_2016_05_04_L001	1	0.0000	0.0000	1.0000
Smarc13880_chrm01_circ_3659421	PS_Sm_r02_2016_05_30_L001	1	0.0000	0.0000	1.0000
Smarc13880_chrm01_circ_3659421	PS_Sm_r02_2016_07_25_L003	1	0.0000	0.0000	1.0000
Smarc13880_chrm01_circ_3659421	PS_Sm_r02_2016_08_22_L003	1	0.0000	0.0000	1.0000
Smarc13880_chrm01_circ_3659421	PS_Sm_r02_2016_09_19_L003	1	0.0000	0.0000	1.0000
Smarc13880_chrm01_circ_3659421	PS_Sm_r02_2016_10_17_L001	1	0.0000	0.0000	1.0000
Smarc13880_chrm01_circ_3659421	PS_Sm_r02_2016_11_14_L001	1	0.0000	0.0000	1.0000
Smarc13880_chrm01_circ_3659421	PS_Sm_r02_2016_12_12_L001	1	0.0000	0.0000	1.0000
Smarc13880_chrm01_circ_3659421	PS_Sm_r02_2017_01_09_L001	1	0.0000	0.0000	1.0000
Smarc13880_chrm01_circ_3659421	PS_Sm_r02_2017_02_06_L001	1	0.0000	0.0000	1.0000
Smarc13880_chrm01_circ_3659421	PS_Sm_r02_2017_03_06_L001	1	0.0000	0.0000	1.0000
Smarc13880_chrm01_circ_3659421	PS_Sm_r02_2017_04_03_L001	1	0.0000	0.0000	1.0000
Smarc13880_chrm01_circ_3659421	PS_Sm_r02_2017_05_29_L001	1	0.1131	0.0067	1.0000
Smarc13880_chrm01_circ_3659421	PS_Sm_r02_2017_07_24_L001	1	0.3127	0.0097	1.0000
Smarc13880_chrm01_circ_3659421	PS_Sm_r02_2017_08_21_L001	1	0.3070	0.0094	1.0000
Smarc13880_chrm01_circ_3659421	PS_Sm_r02_2017_09_18_L001	1	0.3041	0.0096	1.0000
Smarc13880_chrm01_circ_3767484	PS_Sm_r02_2015_08_24_L001-L004_merged	1	0.0000	0.0000	1.0000
Smarc13880_chrm01_circ_3767484	PS_Sm_r02_2015_09_21_L002	1	0.0000	0.0000	1.0000
Smarc13880_chrm01_circ_3767484	PS_Sm_r02_2015_10_19_L001	1	0.0000	0.0000	1.0000
Smarc13880_chrm01_circ_3767484	PS_Sm_r02_2015_11_16_L001	1	0.0000	0.0000	1.0000
Smarc13880_chrm01_circ_3767484	PS_Sm_r02_2015_12_14_L001	1	0.0000	0.0000	1.0000
Smarc13880_chrm01_circ_3767484	PS_Sm_r02_2016_01_11_L001	1	0.0000	0.0000	1.0000
Smarc13880_chrm01_circ_3767484	PS_Sm_r02_2016_02_08_L001	1	0.0000	0.0000	1.0000
Smarc13880_chrm01_circ_3767484	PS_Sm_r02_2016_03_07_L001	1	0.0000	0.0000	1.0000
Smarc13880_chrm01_circ_3767484	PS_Sm_r02_2016_04_03_L001	1	0.0000	0.0000	1.0000
Smarc13880_chrm01_circ_3767484	PS_Sm_r02_2016_05_04_L001	1	0.0000	0.0000	1.0000
Smarc13880_chrm01_circ_3767484	PS_Sm_r02_2016_05_30_L001	1	0.0000	0.0000	1.0000
Smarc13880_chrm01_circ_3767484	PS_Sm_r02_2016_07_25_L003	1	0.0000	0.0000	1.0000
Smarc13880_chrm01_circ_3767484	PS_Sm_r02_2016_08_22_L003	1	0.0000	0.0000	1.0000
Smarc13880_chrm01_circ_3767484	PS_Sm_r02_2016_09_19_L003	1	0.0000	0.0000	1.0000
Smarc13880_chrm01_circ_3767484	PS_Sm_r02_2016_10_17_L001	1	0.0000	0.0000	1.0000
Smarc13880_chrm01_circ_3767484	PS_Sm_r02_2016_11_14_L001	1	0.0000	0.0000	1.0000
Smarc13880_chrm01_circ_3767484	PS_Sm_r02_2016_12_12_L001	1	0.0000	0.0000	1.0000
Smarc13880_chrm01_circ_3767484	PS_Sm_r02_2017_01_09_L001	1	0.0000	0.0000	1.0000
Smarc13880_chrm01_circ_3767484	PS_Sm_r02_2017_02_06_L001	1	0.0000	0.0000	1.0000
Smarc13880_chrm01_circ_3767484	PS_Sm_r02_2017_03_06_L001	1	0.0000	0.0000	1.0000
Smarc13880_chrm01_circ_3767484	PS_Sm_r02_2017_04_03_L001	1	0.0000	0.0000	1.0000
Smarc13880_chrm01_circ_3767484	PS_Sm_r02_2017_05_29_L001	1	0.1131	0.0067	1.0000
Smarc13880_chrm01_circ_3767484	PS_Sm_r02_2017_07_24_L001	1	0.3127	0.0097	1.0000
Smarc13880_chrm01_circ_3767484	PS_Sm_r02_2017_08_21_L001	1	0.3070	0.0094	1.0000
Smarc13880_chrm01_circ_3767484	PS_Sm_r02_2017_09_18_L001	1	0.3041	0.0096	1.0000
Smarc13880_chrm01_circ_4538783	PS_Sm_r02_2015_08_24_L001-L004_merged	1	0.0000	0.0000	1.0000
Smarc13880_chrm01_circ_4538783	PS_Sm_r02_2015_09_21_L002	1	0.0000	0.0000	1.0000
Smarc13880_chrm01_circ_4538783	PS_Sm_r02_2015_10_19_L001	1	0.0000	0.0000	1.0000
Smarc13880_chrm01_circ_4538783	PS_Sm_r02_2015_11_16_L001	1	0.0000	0.0000	1.0000
Smarc13880_chrm01_circ_4538783	PS_Sm_r02_2015_12_14_L001	1	0.0000	0.0000	1.0000
Smarc13880_chrm01_circ_4538783	PS_Sm_r02_2016_01_11_L001	1	0.0000	0.0000	1.0000
Smarc13880_chrm01_circ_4538783	PS_Sm_r02_2016_02_08_L001	1	0.0000	0.0000	1.0000
Smarc13880_chrm01_circ_4538783	PS_Sm_r02_2016_03_07_L001	1	0.0000	0.0000	1.0000
Smarc13880_chrm01_circ_4538783	PS_Sm_r02_2016_04_03_L001	1	0.0000	0.0000	1.0000
Smarc13880_chrm01_circ_4538783	PS_Sm_r02_2016_05_04_L001	1	0.0000	0.0000	1.0000
Smarc13880_chrm01_circ_4538783	PS_Sm_r02_2016_05_30_L001	1	0.0000	0.0000	1.0000
Smarc13880_chrm01_circ_4538783	PS_Sm_r02_2016_07_25_L003	1	0.0000	0.0000	1.0000
Smarc13880_chrm01_circ_4538783	PS_Sm_r02_2016_08_22_L003	1	0.0000	0.0000	1.0000
Smarc13880_chrm01_circ_4538783	PS_Sm_r02_2016_09_19_L003	1	0.0000	0.0000	1.0000
Smarc13880_chrm01_circ_4538783	PS_Sm_r02_2016_10_17_L001	1	0.0000	0.0000	1.0000
Smarc13880_chrm01_circ_4538783	PS_Sm_r02_2016_11_14_L001	1	0.0000	0.0000	1.0000
Smarc13880_chrm01_circ_4538783	PS_Sm_r02_2016_12_12_L001	1	0.0000	0.0000	1.0000
Smarc13880_chrm01_circ_4538783	PS_Sm_r02_2017_01_09_L001	1	0.0000	0.0000	1.0000
Smarc13880_chrm01_circ_4538783	PS_Sm_r02_2017_02_06_L001	1	0.0000	0.0000	1.0000
Smarc13880_chrm01_circ_4538783	PS_Sm_r02_2017_03_06_L001	1	0.0000	0.0000	1.0000
Smarc13880_chrm01_circ_4538783	PS_Sm_r02_2017_04_03_L001	1	0.0000	0.0000	1.0000
Smarc13880_chrm01_circ_4538783	PS_Sm_r02_2017_05_29_L001	1	0.1131	0.0067	1.0000
Smarc13880_chrm01_circ_4538783	PS_Sm_r02_2017_07_24_L001	1	0.3127	0.0097	1.0000
Smarc13880_chrm01_circ_4538783	PS_Sm_r02_2017_08_21_L001	1	0.3070	0.0094	1.0000
Smarc13880_chrm01_circ_4538783	PS_Sm_r02_2017_09_18_L001	1	0.3041	0.0096	1.0000
Smarc13880_chrm01_circ_4597648	PS_Sm_r02_2015_08_24_L001-L004_merged	1	0.0000	0.0000	1.0000
Smarc13880_chrm01_circ_4597648	PS_Sm_r02_2015_09_21_L002	1	0.0000	0.0000	1.0000
Smarc13880_chrm01_circ_4597648	PS_Sm_r02_2015_10_19_L001	1	0.0000	0.0000	1.0000
Smarc13880_chrm01_circ_4597648	PS_Sm_r02_2015_11_16_L001	1	0.0000	0.0000	1.0000
Smarc13880_chrm01_circ_4597648	PS_Sm_r02_2015_12_14_L001	1	0.0000	0.0000	1.0000
Smarc13880_chrm01_circ_4597648	PS_Sm_r02_2016_01_11_L001	1	0.0000	0.0000	1.0000
Smarc13880_chrm01_circ_4597648	PS_Sm_r02_2016_02_08_L001	1	0.0000	0.0000	1.0000
Smarc13880_chrm01_circ_4597648	PS_Sm_r02_2016_03_07_L001	1	0.0000	0.0000	1.0000
Smarc13880_chrm01_circ_4597648	PS_Sm_r02_2016_04_03_L001	1	0.0000	0.0000	1.0000
Smarc13880_chrm01_circ_4597648	PS_Sm_r02_2016_05_04_L001	1	0.0000	0.0000	1.0000
Smarc13880_chrm01_circ_4597648	PS_Sm_r02_2016_05_30_L001	1	0.0000	0.0000	1.0000
Smarc13880_chrm01_circ_4597648	PS_Sm_r02_2016_07_25_L003	1	0.0000	0.0000	1.0000
Smarc13880_chrm01_circ_4597648	PS_Sm_r02_2016_08_22_L003	1	0.0000	0.0000	1.0000
Smarc13880_chrm01_circ_4597648	PS_Sm_r02_2016_09_19_L003	1	0.0000	0.0000	1.0000
Smarc13880_chrm01_circ_4597648	PS_Sm_r02_2016_10_17_L001	1	0.0000	0.0000	1.0000
Smarc13880_chrm01_circ_4597648	PS_Sm_r02_2016_11_14_L001	1	0.0000	0.0000	1.0000
Smarc13880_chrm01_circ_4597648	PS_Sm_r02_2016_12_12_L001	1	0.0000	0.0000	1.0000
Smarc13880_chrm01_circ_4597648	PS_Sm_r02_2017_01_09_L001	1	0.0000	0.0000	1.0000
Smarc13880_chrm01_circ_4597648	PS_Sm_r02_2017_02_06_L001	1	0.0000	0.0000	1.0000
Smarc13880_chrm01_circ_4597648	PS_Sm_r02_2017_03_06_L001	1	0.0000	0.0000	1.0000
Smarc13880_chrm01_circ_4597648	PS_Sm_r02_2017_04_03_L001	1	0.0000	0.0000	1.0000
Smarc13880_chrm01_circ_4597648	PS_Sm_r02_2017_05_29_L001	1	0.1131	0.0067	1.0000
Smarc13880_chrm01_circ_4597648	PS_Sm_r02_2017_07_24_L001	1	0.3127	0.0097	1.0000
Smarc13880_chrm01_circ_4597648	PS_Sm_r02_2017_08_21_L001	1	0.3070	0.0094	1.0000
Smarc13880_chrm01_circ_4597648	PS_Sm_r02_2017_09_18_L001	1	0.3041	0.0096	1.0000
Smarc13880_chrm01_circ_4637319	PS_Sm_r02_2015_08_24_L001-L004_merged	1	0.0000	0.0000	1.0000
Smarc13880_chrm01_circ_4637319	PS_Sm_r02_2015_09_21_L002	1	0.0000	0.0000	1.0000
Smarc13880_chrm01_circ_4637319	PS_Sm_r02_2015_10_19_L001	1	0.0000	0.0000	1.0000
Smarc13880_chrm01_circ_4637319	PS_Sm_r02_2015_11_16_L001	1	0.0000	0.0000	1.0000
Smarc13880_chrm01_circ_4637319	PS_Sm_r02_2015_12_14_L001	1	0.0000	0.0000	1.0000
Smarc13880_chrm01_circ_4637319	PS_Sm_r02_2016_01_11_L001	1	0.0000	0.0000	1.0000
Smarc13880_chrm01_circ_4637319	PS_Sm_r02_2016_02_08_L001	1	0.0000	0.0000	1.0000
Smarc13880_chrm01_circ_4637319	PS_Sm_r02_2016_03_07_L001	1	0.0000	0.0000	1.0000
Smarc13880_chrm01_circ_4637319	PS_Sm_r02_2016_04_03_L001	1	0.0000	0.0000	1.0000
Smarc13880_chrm01_circ_4637319	PS_Sm_r02_2016_05_04_L001	1	0.0000	0.0000	1.0000
Smarc13880_chrm01_circ_4637319	PS_Sm_r02_2016_05_30_L001	1	0.0000	0.0000	1.0000
Smarc13880_chrm01_circ_4637319	PS_Sm_r02_2016_07_25_L003	1	0.0000	0.0000	1.0000
Smarc13880_chrm01_circ_4637319	PS_Sm_r02_2016_08_22_L003	1	0.0000	0.0000	1.0000
Smarc13880_chrm01_circ_4637319	PS_Sm_r02_2016_09_19_L003	1	0.0000	0.0000	1.0000
Smarc13880_chrm01_circ_4637319	PS_Sm_r02_2016_10_17_L001	1	0.0000	0.0000	1.0000
Smarc13880_chrm01_circ_4637319	PS_Sm_r02_2016_11_14_L001	1	0.0000	0.0000	1.0000
Smarc13880_chrm01_circ_4637319	PS_Sm_r02_2016_12_12_L001	1	0.0000	0.0000	1.0000
Smarc13880_chrm01_circ_4637319	PS_Sm_r02_2017_01_09_L001	1	0.0000	0.0000	1.0000
Smarc13880_chrm01_circ_4637319	PS_Sm_r02_2017_02_06_L001	1	0.0000	0.0000	1.0000
Smarc13880_chrm01_circ_4637319	PS_Sm_r02_2017_03_06_L001	1	0.0000	0.0000	1.0000
Smarc13880_chrm01_circ_4637319	PS_Sm_r02_2017_04_03_L001	1	0.0000	0.0000	1.0000
Smarc13880_chrm01_circ_4637319	PS_Sm_r02_2017_05_29_L001	1	0.1131	0.0067	1.0000
Smarc13880_chrm01_circ_4637319	PS_Sm_r02_2017_07_24_L001	1	0.3127	0.0097	1.0000
Smarc13880_chrm01_circ_4637319	PS_Sm_r02_2017_08_21_L001	1	0.3070	0.0094	1.0000
Smarc13880_chrm01_circ_4637319	PS_Sm_r02_2017_09_18_L001	1	0.3041	0.0096	1.0000
Smarc13880_chrm01_circ_4666903	PS_Sm_r02_2015_08_24_L001-L004_merged	1	0.0000	0.0000	1.0000
Smarc13880_chrm01_circ_4666903	PS_Sm_r02_2015_09_21_L002	1	0.0000	0.0000	1.0000
Smarc13880_chrm01_circ_4666903	PS_Sm_r02_2015_10_19_L001	1	0.0000	0.0000	1.0000
Smarc13880_chrm01_circ_4666903	PS_Sm_r02_2015_11_16_L001	1	0.0000	0.0000	1.0000
Smarc13880_chrm01_circ_4666903	PS_Sm_r02_2015_12_14_L001	1	0.0000	0.0000	1.0000
Smarc13880_chrm01_circ_4666903	PS_Sm_r02_2016_01_11_L001	1	0.0000	0.0000	1.0000
Smarc13880_chrm01_circ_4666903	PS_Sm_r02_2016_02_08_L001	1	0.0000	0.0000	1.0000
Smarc13880_chrm01_circ_4666903	PS_Sm_r02_2016_03_07_L001	1	0.0000	0.0000	1.0000
Smarc13880_chrm01_circ_4666903	PS_Sm_r02_2016_04_03_L001	1	0.0000	0.0000	1.0000
Smarc13880_chrm01_circ_4666903	PS_Sm_r02_2016_05_04_L001	1	0.0000	0.0000	1.0000
Smarc13880_chrm01_circ_4666903	PS_Sm_r02_2016_05_30_L001	1	0.0000	0.0000	1.0000
Smarc13880_chrm01_circ_4666903	PS_Sm_r02_2016_07_25_L003	1	0.0000	0.0000	1.0000
Smarc13880_chrm01_circ_4666903	PS_Sm_r02_2016_08_22_L003	1	0.0000	0.0000	1.0000
Smarc13880_chrm01_circ_4666903	PS_Sm_r02_2016_09_19_L003	1	0.0000	0.0000	1.0000
Smarc13880_chrm01_circ_4666903	PS_Sm_r02_2016_10_17_L001	1	0.0000	0.0000	1.0000
Smarc13880_chrm01_circ_4666903	PS_Sm_r02_2016_11_14_L001	1	0.0000	0.0000	1.0000
Smarc13880_chrm01_circ_4666903	PS_Sm_r02_2016_12_12_L001	1	0.0000	0.0000	1.0000
Smarc13880_chrm01_circ_4666903	PS_Sm_r02_2017_01_09_L001	1	0.0000	0.0000	1.0000
Smarc13880_chrm01_circ_4666903	PS_Sm_r02_2017_02_06_L001	1	0.0000	0.0000	1.0000
Smarc13880_chrm01_circ_4666903	PS_Sm_r02_2017_03_06_L001	1	0.0000	0.0000	1.0000
Smarc13880_chrm01_circ_4666903	PS_Sm_r02_2017_04_03_L001	1	0.0000	0.0000	1.0000
Smarc13880_chrm01_circ_4666903	PS_Sm_r02_2017_05_29_L001	1	0.1131	0.0067	1.0000
Smarc13880_chrm01_circ_4666903	PS_Sm_r02_2017_07_24_L001	1	0.3127	0.0097	1.0000
Smarc13880_chrm01_circ_4666903	PS_Sm_r02_2017_08_21_L001	1	0.3070	0.0094	1.0000
Smarc13880_chrm01_circ_4666903	PS_Sm_r02_2017_09_18_L001	1	0.3041	0.0096	1.0000
Smarc13880_chrm01_circ_472338	PS_Sm_r02_2015_08_24_L001-L004_merged	1	0.0000	0.0000	1.0000
Smarc13880_chrm01_circ_472338	PS_Sm_r02_2015_09_21_L002	1	0.0000	0.0000	1.0000
Smarc13880_chrm01_circ_472338	PS_Sm_r02_2015_10_19_L001	1	0.0000	0.0000	1.0000
Smarc13880_chrm01_circ_472338	PS_Sm_r02_2015_11_16_L001	1	0.0000	0.0000	1.0000
Smarc13880_chrm01_circ_472338	PS_Sm_r02_2015_12_14_L001	1	0.0000	0.0000	1.0000
Smarc13880_chrm01_circ_472338	PS_Sm_r02_2016_01_11_L001	1	0.0000	0.0000	1.0000
Smarc13880_chrm01_circ_472338	PS_Sm_r02_2016_02_08_L001	1	0.0000	0.0000	1.0000
Smarc13880_chrm01_circ_472338	PS_Sm_r02_2016_03_07_L001	1	0.0000	0.0000	1.0000
Smarc13880_chrm01_circ_472338	PS_Sm_r02_2016_04_03_L001	1	0.0000	0.0000	1.0000
Smarc13880_chrm01_circ_472338	PS_Sm_r02_2016_05_04_L001	1	0.0000	0.0000	1.0000
Smarc13880_chrm01_circ_472338	PS_Sm_r02_2016_05_30_L001	1	0.0000	0.0000	1.0000
Smarc13880_chrm01_circ_472338	PS_Sm_r02_2016_07_25_L003	1	0.0000	0.0000	1.0000
Smarc13880_chrm01_circ_472338	PS_Sm_r02_2016_08_22_L003	1	0.0000	0.0000	1.0000
Smarc13880_chrm01_circ_472338	PS_Sm_r02_2016_09_19_L003	1	0.0000	0.0000	1.0000
Smarc13880_chrm01_circ_472338	PS_Sm_r02_2016_10_17_L001	1	0.0000	0.0000	1.0000
Smarc13880_chrm01_circ_472338	PS_Sm_r02_2016_11_14_L001	1	0.0000	0.0000	1.0000
Smarc13880_chrm01_circ_472338	PS_Sm_r02_2016_12_12_L001	1	0.0000	0.0000	1.0000
Smarc13880_chrm01_circ_472338	PS_Sm_r02_2017_01_09_L001	1	0.0000	0.0000	1.0000
Smarc13880_chrm01_circ_472338	PS_Sm_r02_2017_02_06_L001	1	0.0000	0.0000	1.0000
Smarc13880_chrm01_circ_472338	PS_Sm_r02_2017_03_06_L001	1	0.0000	0.0000	1.0000
Smarc13880_chrm01_circ_472338	PS_Sm_r02_2017_04_03_L001	1	0.0000	0.0000	1.0000
Smarc13880_chrm01_circ_472338	PS_Sm_r02_2017_05_29_L001	1	0.1131	0.0067	1.0000
Smarc13880_chrm01_circ_472338	PS_Sm_r02_2017_07_24_L001	1	0.3127	0.0097	1.0000
Smarc13880_chrm01_circ_472338	PS_Sm_r02_2017_08_21_L001	1	0.3070	0.0094	1.0000
Smarc13880_chrm01_circ_472338	PS_Sm_r02_2017_09_18_L001	1	0.3041	0.0096	1.0000
Smarc13880_chrm01_circ_510380	PS_Sm_r02_2015_08_24_L001-L004_merged	1	0.0000	0.0000	1.0000
Smarc13880_chrm01_circ_510380	PS_Sm_r02_2015_09_21_L002	1	0.0000	0.0000	1.0000
Smarc13880_chrm01_circ_510380	PS_Sm_r02_2015_10_19_L001	1	0.0000	0.0000	1.0000
Smarc13880_chrm01_circ_510380	PS_Sm_r02_2015_11_16_L001	1	0.0000	0.0000	1.0000
Smarc13880_chrm01_circ_510380	PS_Sm_r02_2015_12_14_L001	1	0.0000	0.0000	1.0000
Smarc13880_chrm01_circ_510380	PS_Sm_r02_2016_01_11_L001	1	0.0000	0.0000	1.0000
Smarc13880_chrm01_circ_510380	PS_Sm_r02_2016_02_08_L001	1	0.0000	0.0000	1.0000
Smarc13880_chrm01_circ_510380	PS_Sm_r02_2016_03_07_L001	1	0.0000	0.0000	1.0000
Smarc13880_chrm01_circ_510380	PS_Sm_r02_2016_04_03_L001	1	0.0000	0.0000	1.0000
Smarc13880_chrm01_circ_510380	PS_Sm_r02_2016_05_04_L001	1	0.0000	0.0000	1.0000
Smarc13880_chrm01_circ_510380	PS_Sm_r02_2016_05_30_L001	1	0.0000	0.0000	1.0000
Smarc13880_chrm01_circ_510380	PS_Sm_r02_2016_07_25_L003	1	0.0000	0.0000	1.0000
Smarc13880_chrm01_circ_510380	PS_Sm_r02_2016_08_22_L003	1	0.0000	0.0000	1.0000
Smarc13880_chrm01_circ_510380	PS_Sm_r02_2016_09_19_L003	1	0.0000	0.0000	1.0000
Smarc13880_chrm01_circ_510380	PS_Sm_r02_2016_10_17_L001	1	0.0000	0.0000	1.0000
Smarc13880_chrm01_circ_510380	PS_Sm_r02_2016_11_14_L001	1	0.0000	0.0000	1.0000
Smarc13880_chrm01_circ_510380	PS_Sm_r02_2016_12_12_L001	1	0.0000	0.0000	1.0000
Smarc13880_chrm01_circ_510380	PS_Sm_r02_2017_01_09_L001	1	0.0000	0.0000	1.0000
Smarc13880_chrm01_circ_510380	PS_Sm_r02_2017_02_06_L001	1	0.0000	0.0000	1.0000
Smarc13880_chrm01_circ_510380	PS_Sm_r02_2017_03_06_L001	1	0.0000	0.0000	1.0000
Smarc13880_chrm01_circ_510380	PS_Sm_r02_2017_04_03_L001	1	0.0000	0.0000	1.0000
Smarc13880_chrm01_circ_510380	PS_Sm_r02_2017_05_29_L001	1	0.1131	0.0067	1.0000
Smarc13880_chrm01_circ_510380	PS_Sm_r02_2017_07_24_L001	1	0.3127	0.0097	1.0000
Smarc13880_chrm01_circ_510380	PS_Sm_r02_2017_08_21_L001	1	0.3070	0.0094	1.0000
Smarc13880_chrm01_circ_510380	PS_Sm_r02_2017_09_18_L001	1	0.3041	0.0096	1.0000
Smarc13880_chrm01_circ_947766	PS_Sm_r02_2015_08_24_L001-L004_merged	1	0.0000	0.0000	1.0000
Smarc13880_chrm01_circ_947766	PS_Sm_r02_2015_09_21_L002	1	0.0000	0.0000	1.0000
Smarc13880_chrm01_circ_947766	PS_Sm_r02_2015_10_19_L001	1	0.0000	0.0000	1.0000
Smarc13880_chrm01_circ_947766	PS_Sm_r02_2015_11_16_L001	1	0.0000	0.0000	1.0000
Smarc13880_chrm01_circ_947766	PS_Sm_r02_2015_12_14_L001	1	0.0000	0.0000	1.0000
Smarc13880_chrm01_circ_947766	PS_Sm_r02_2016_01_11_L001	1	0.0000	0.0000	1.0000
Smarc13880_chrm01_circ_947766	PS_Sm_r02_2016_02_08_L001	1	0.0000	0.0000	1.0000
Smarc13880_chrm01_circ_947766	PS_Sm_r02_2016_03_07_L001	1	0.0000	0.0000	1.0000
Smarc13880_chrm01_circ_947766	PS_Sm_r02_2016_04_03_L001	1	0.0000	0.0000	1.0000
Smarc13880_chrm01_circ_947766	PS_Sm_r02_2016_05_04_L001	1	0.0000	0.0000	1.0000
Smarc13880_chrm01_circ_947766	PS_Sm_r02_2016_05_30_L001	1	0.0000	0.0000	1.0000
Smarc13880_chrm01_circ_947766	PS_Sm_r02_2016_07_25_L003	1	0.0000	0.0000	1.0000
Smarc13880_chrm01_circ_947766	PS_Sm_r02_2016_08_22_L003	1	0.0000	0.0000	1.0000
Smarc13880_chrm01_circ_947766	PS_Sm_r02_2016_09_19_L003	1	0.0000	0.0000	1.0000
Smarc13880_chrm01_circ_947766	PS_Sm_r02_2016_10_17_L001	1	0.0000	0.0000	1.0000
Smarc13880_chrm01_circ_947766	PS_Sm_r02_2016_11_14_L001	1	0.0000	0.0000	1.0000
Smarc13880_chrm01_circ_947766	PS_Sm_r02_2016_12_12_L001	1	0.0000	0.0000	1.0000
Smarc13880_chrm01_circ_947766	PS_Sm_r02_2017_01_09_L001	1	0.0000	0.0000	1.0000
Smarc13880_chrm01_circ_947766	PS_Sm_r02_2017_02_06_L001	1	0.0000	0.0000	1.0000
Smarc13880_chrm01_circ_947766	PS_Sm_r02_2017_03_06_L001	1	0.0000	0.0000	1.0000
Smarc13880_chrm01_circ_947766	PS_Sm_r02_2017_04_03_L001	1	0.0000	0.0000	1.0000
Smarc13880_chrm01_circ_947766	PS_Sm_r02_2017_05_29_L001	1	0.1131	0.0067	1.0000
Smarc13880_chrm01_circ_947766	PS_Sm_r02_2017_07_24_L001	1	0.3127	0.0097	1.0000
Smarc13880_chrm01_circ_947766	PS_Sm_r02_2017_08_21_L001	1	0.3070	0.0094	1.0000
Smarc13880_chrm01_circ_947766	PS_Sm_r02_2017_09_18_L001	1	0.3041	0.0096	1.0000
Smarc13880_chrm01_circ_1817187	PS_Sm_r02_2015_08_24_L001-L004_merged	2	0.0007	0.0027	1.0000
Smarc13880_chrm01_circ_1817187	PS_Sm_r02_2015_09_21_L002	2	0.1692	0.0262	1.0000
Smarc13880_chrm01_circ_1817187	PS_Sm_r02_2015_10_19_L001	2	0.1428	0.0162	1.0000
Smarc13880_chrm01_circ_1817187	PS_Sm_r02_2015_11_16_L001	2	0.1617	0.0172	1.0000
Smarc13880_chrm01_circ_1817187	PS_Sm_r02_2015_12_14_L001	2	0.1460	0.0156	1.0000
Smarc13880_chrm01_circ_1817187	PS_Sm_r02_2016_01_11_L001	2	0.1507	0.0169	1.0000
Smarc13880_chrm01_circ_1817187	PS_Sm_r02_2016_02_08_L001	2	0.1689	0.0166	1.0000
Smarc13880_chrm01_circ_1817187	PS_Sm_r02_2016_03_07_L001	2	0.1042	0.0141	1.0000
Smarc13880_chrm01_circ_1817187	PS_Sm_r02_2016_04_03_L001	2	0.0846	0.0149	1.0000
Smarc13880_chrm01_circ_1817187	PS_Sm_r02_2016_05_04_L001	2	0.0733	0.0133	1.0000
Smarc13880_chrm01_circ_1817187	PS_Sm_r02_2016_05_30_L001	2	0.0757	0.0137	1.0000
Smarc13880_chrm01_circ_1817187	PS_Sm_r02_2016_07_25_L003	2	0.0300	0.0091	1.0000
Smarc13880_chrm01_circ_1817187	PS_Sm_r02_2016_08_22_L003	2	0.0203	0.0088	1.0000
Smarc13880_chrm01_circ_1817187	PS_Sm_r02_2016_09_19_L003	2	0.0196	0.0085	1.0000
Smarc13880_chrm01_circ_1817187	PS_Sm_r02_2016_10_17_L001	2	0.0125	0.0053	1.0000
Smarc13880_chrm01_circ_1817187	PS_Sm_r02_2016_11_14_L001	2	0.0263	0.0080	1.0000
Smarc13880_chrm01_circ_1817187	PS_Sm_r02_2016_12_12_L001	2	0.0407	0.0102	1.0000
Smarc13880_chrm01_circ_1817187	PS_Sm_r02_2017_01_09_L001	2	0.0297	0.0087	1.0000
Smarc13880_chrm01_circ_1817187	PS_Sm_r02_2017_02_06_L001	2	0.0150	0.0061	1.0000
Smarc13880_chrm01_circ_1817187	PS_Sm_r02_2017_03_06_L001	2	0.0138	0.0056	1.0000
Smarc13880_chrm01_circ_1817187	PS_Sm_r02_2017_04_03_L001	2	0.0032	0.0052	1.0000
Smarc13880_chrm01_circ_1817187	PS_Sm_r02_2017_05_29_L001	2	0.0136	0.0057	1.0000
Smarc13880_chrm01_circ_1817187	PS_Sm_r02_2017_07_24_L001	2	0.0097	0.0054	1.0000
Smarc13880_chrm01_circ_1817187	PS_Sm_r02_2017_08_21_L001	2	0.0002	0.0015	1.0000
Smarc13880_chrm01_circ_1817187	PS_Sm_r02_2017_09_18_L001	2	0.0154	0.0066	1.0000
Smarc13880_chrm01_circ_3121773	PS_Sm_r02_2015_08_24_L001-L004_merged	2	0.0007	0.0027	1.0000
Smarc13880_chrm01_circ_3121773	PS_Sm_r02_2015_09_21_L002	2	0.1692	0.0262	1.0000
Smarc13880_chrm01_circ_3121773	PS_Sm_r02_2015_10_19_L001	2	0.1428	0.0162	1.0000
Smarc13880_chrm01_circ_3121773	PS_Sm_r02_2015_11_16_L001	2	0.1617	0.0172	1.0000
Smarc13880_chrm01_circ_3121773	PS_Sm_r02_2015_12_14_L001	2	0.1460	0.0156	1.0000
Smarc13880_chrm01_circ_3121773	PS_Sm_r02_2016_01_11_L001	2	0.1507	0.0169	1.0000
Smarc13880_chrm01_circ_3121773	PS_Sm_r02_2016_02_08_L001	2	0.1689	0.0166	1.0000
Smarc13880_chrm01_circ_3121773	PS_Sm_r02_2016_03_07_L001	2	0.1042	0.0141	1.0000
Smarc13880_chrm01_circ_3121773	PS_Sm_r02_2016_04_03_L001	2	0.0846	0.0149	1.0000
Smarc13880_chrm01_circ_3121773	PS_Sm_r02_2016_05_04_L001	2	0.0733	0.0133	1.0000
Smarc13880_chrm01_circ_3121773	PS_Sm_r02_2016_05_30_L001	2	0.0757	0.0137	1.0000
Smarc13880_chrm01_circ_3121773	PS_Sm_r02_2016_07_25_L003	2	0.0300	0.0091	1.0000
Smarc13880_chrm01_circ_3121773	PS_Sm_r02_2016_08_22_L003	2	0.0203	0.0088	1.0000
Smarc13880_chrm01_circ_3121773	PS_Sm_r02_2016_09_19_L003	2	0.0196	0.0085	1.0000
Smarc13880_chrm01_circ_3121773	PS_Sm_r02_2016_10_17_L001	2	0.0125	0.0053	1.0000
Smarc13880_chrm01_circ_3121773	PS_Sm_r02_2016_11_14_L001	2	0.0263	0.0080	1.0000
Smarc13880_chrm01_circ_3121773	PS_Sm_r02_2016_12_12_L001	2	0.0407	0.0102	1.0000
Smarc13880_chrm01_circ_3121773	PS_Sm_r02_2017_01_09_L001	2	0.0297	0.0087	1.0000
Smarc13880_chrm01_circ_3121773	PS_Sm_r02_2017_02_06_L001	2	0.0150	0.0061	1.0000
Smarc13880_chrm01_circ_3121773	PS_Sm_r02_2017_03_06_L001	2	0.0138	0.0056	1.0000
Smarc13880_chrm01_circ_3121773	PS_Sm_r02_2017_04_03_L001	2	0.0032	0.0052	1.0000
Smarc13880_chrm01_circ_3121773	PS_Sm_r02_2017_05_29_L001	2	0.0136	0.0057	1.0000
Smarc13880_chrm01_circ_3121773	PS_Sm_r02_2017_07_24_L001	2	0.0097	0.0054	1.0000
Smarc13880_chrm01_circ_3121773	PS_Sm_r02_2017_08_21_L001	2	0.0002	0.0015	1.0000
Smarc13880_chrm01_circ_3121773	PS_Sm_r02_2017_09_18_L001	2	0.0154	0.0066	1.0000
Smarc13880_chrm01_circ_430431	PS_Sm_r02_2015_08_24_L001-L004_merged	2	0.0007	0.0027	1.0000
Smarc13880_chrm01_circ_430431	PS_Sm_r02_2015_09_21_L002	2	0.1692	0.0262	1.0000
Smarc13880_chrm01_circ_430431	PS_Sm_r02_2015_10_19_L001	2	0.1428	0.0162	1.0000
Smarc13880_chrm01_circ_430431	PS_Sm_r02_2015_11_16_L001	2	0.1617	0.0172	1.0000
Smarc13880_chrm01_circ_430431	PS_Sm_r02_2015_12_14_L001	2	0.1460	0.0156	1.0000
Smarc13880_chrm01_circ_430431	PS_Sm_r02_2016_01_11_L001	2	0.1507	0.0169	1.0000
Smarc13880_chrm01_circ_430431	PS_Sm_r02_2016_02_08_L001	2	0.1689	0.0166	1.0000
Smarc13880_chrm01_circ_430431	PS_Sm_r02_2016_03_07_L001	2	0.1042	0.0141	1.0000
Smarc13880_chrm01_circ_430431	PS_Sm_r02_2016_04_03_L001	2	0.0846	0.0149	1.0000
Smarc13880_chrm01_circ_430431	PS_Sm_r02_2016_05_04_L001	2	0.0733	0.0133	1.0000
Smarc13880_chrm01_circ_430431	PS_Sm_r02_2016_05_30_L001	2	0.0757	0.0137	1.0000
Smarc13880_chrm01_circ_430431	PS_Sm_r02_2016_07_25_L003	2	0.0300	0.0091	1.0000
Smarc13880_chrm01_circ_430431	PS_Sm_r02_2016_08_22_L003	2	0.0203	0.0088	1.0000
Smarc13880_chrm01_circ_430431	PS_Sm_r02_2016_09_19_L003	2	0.0196	0.0085	1.0000
Smarc13880_chrm01_circ_430431	PS_Sm_r02_2016_10_17_L001	2	0.0125	0.0053	1.0000
Smarc13880_chrm01_circ_430431	PS_Sm_r02_2016_11_14_L001	2	0.0263	0.0080	1.0000
Smarc13880_chrm01_circ_430431	PS_Sm_r02_2016_12_12_L001	2	0.0407	0.0102	1.0000
Smarc13880_chrm01_circ_430431	PS_Sm_r02_2017_01_09_L001	2	0.0297	0.0087	1.0000
Smarc13880_chrm01_circ_430431	PS_Sm_r02_2017_02_06_L001	2	0.0150	0.0061	1.0000
Smarc13880_chrm01_circ_430431	PS_Sm_r02_2017_03_06_L001	2	0.0138	0.0056	1.0000
Smarc13880_chrm01_circ_430431	PS_Sm_r02_2017_04_03_L001	2	0.0032	0.0052	1.0000
Smarc13880_chrm01_circ_430431	PS_Sm_r02_2017_05_29_L001	2	0.0136	0.0057	1.0000
Smarc13880_chrm01_circ_430431	PS_Sm_r02_2017_07_24_L001	2	0.0097	0.0054	1.0000
Smarc13880_chrm01_circ_430431	PS_Sm_r02_2017_08_21_L001	2	0.0002	0.0015	1.0000
Smarc13880_chrm01_circ_430431	PS_Sm_r02_2017_09_18_L001	2	0.0154	0.0066	1.0000
Smarc13880_chrm01_circ_5058110	PS_Sm_r02_2015_08_24_L001-L004_merged	2	0.0007	0.0027	1.0000
Smarc13880_chrm01_circ_5058110	PS_Sm_r02_2015_09_21_L002	2	0.1692	0.0262	1.0000
Smarc13880_chrm01_circ_5058110	PS_Sm_r02_2015_10_19_L001	2	0.1428	0.0162	1.0000
Smarc13880_chrm01_circ_5058110	PS_Sm_r02_2015_11_16_L001	2	0.1617	0.0172	1.0000
Smarc13880_chrm01_circ_5058110	PS_Sm_r02_2015_12_14_L001	2	0.1460	0.0156	1.0000
Smarc13880_chrm01_circ_5058110	PS_Sm_r02_2016_01_11_L001	2	0.1507	0.0169	1.0000
Smarc13880_chrm01_circ_5058110	PS_Sm_r02_2016_02_08_L001	2	0.1689	0.0166	1.0000
Smarc13880_chrm01_circ_5058110	PS_Sm_r02_2016_03_07_L001	2	0.1042	0.0141	1.0000
Smarc13880_chrm01_circ_5058110	PS_Sm_r02_2016_04_03_L001	2	0.0846	0.0149	1.0000
Smarc13880_chrm01_circ_5058110	PS_Sm_r02_2016_05_04_L001	2	0.0733	0.0133	1.0000
Smarc13880_chrm01_circ_5058110	PS_Sm_r02_2016_05_30_L001	2	0.0757	0.0137	1.0000
Smarc13880_chrm01_circ_5058110	PS_Sm_r02_2016_07_25_L003	2	0.0300	0.0091	1.0000
Smarc13880_chrm01_circ_5058110	PS_Sm_r02_2016_08_22_L003	2	0.0203	0.0088	1.0000
Smarc13880_chrm01_circ_5058110	PS_Sm_r02_2016_09_19_L003	2	0.0196	0.0085	1.0000
Smarc13880_chrm01_circ_5058110	PS_Sm_r02_2016_10_17_L001	2	0.0125	0.0053	1.0000
Smarc13880_chrm01_circ_5058110	PS_Sm_r02_2016_11_14_L001	2	0.0263	0.0080	1.0000
Smarc13880_chrm01_circ_5058110	PS_Sm_r02_2016_12_12_L001	2	0.0407	0.0102	1.0000
Smarc13880_chrm01_circ_5058110	PS_Sm_r02_2017_01_09_L001	2	0.0297	0.0087	1.0000
Smarc13880_chrm01_circ_5058110	PS_Sm_r02_2017_02_06_L001	2	0.0150	0.0061	1.0000
Smarc13880_chrm01_circ_5058110	PS_Sm_r02_2017_03_06_L001	2	0.0138	0.0056	1.0000
Smarc13880_chrm01_circ_5058110	PS_Sm_r02_2017_04_03_L001	2	0.0032	0.0052	1.0000
Smarc13880_chrm01_circ_5058110	PS_Sm_r02_2017_05_29_L001	2	0.0136	0.0057	1.0000
Smarc13880_chrm01_circ_5058110	PS_Sm_r02_2017_07_24_L001	2	0.0097	0.0054	1.0000
Smarc13880_chrm01_circ_5058110	PS_Sm_r02_2017_08_21_L001	2	0.0002	0.0015	1.0000
Smarc13880_chrm01_circ_5058110	PS_Sm_r02_2017_09_18_L001	2	0.0154	0.0066	1.0000
Smarc13880_chrm01_circ_5058585	PS_Sm_r02_2015_08_24_L001-L004_merged	2	0.0007	0.0027	1.0000
Smarc13880_chrm01_circ_5058585	PS_Sm_r02_2015_09_21_L002	2	0.1692	0.0262	1.0000
Smarc13880_chrm01_circ_5058585	PS_Sm_r02_2015_10_19_L001	2	0.1428	0.0162	1.0000
Smarc13880_chrm01_circ_5058585	PS_Sm_r02_2015_11_16_L001	2	0.1617	0.0172	1.0000
Smarc13880_chrm01_circ_5058585	PS_Sm_r02_2015_12_14_L001	2	0.1460	0.0156	1.0000
Smarc13880_chrm01_circ_5058585	PS_Sm_r02_2016_01_11_L001	2	0.1507	0.0169	1.0000
Smarc13880_chrm01_circ_5058585	PS_Sm_r02_2016_02_08_L001	2	0.1689	0.0166	1.0000
Smarc13880_chrm01_circ_5058585	PS_Sm_r02_2016_03_07_L001	2	0.1042	0.0141	1.0000
Smarc13880_chrm01_circ_5058585	PS_Sm_r02_2016_04_03_L001	2	0.0846	0.0149	1.0000
Smarc13880_chrm01_circ_5058585	PS_Sm_r02_2016_05_04_L001	2	0.0733	0.0133	1.0000
Smarc13880_chrm01_circ_5058585	PS_Sm_r02_2016_05_30_L001	2	0.0757	0.0137	1.0000
Smarc13880_chrm01_circ_5058585	PS_Sm_r02_2016_07_25_L003	2	0.0300	0.0091	1.0000
Smarc13880_chrm01_circ_5058585	PS_Sm_r02_2016_08_22_L003	2	0.0203	0.0088	1.0000
Smarc13880_chrm01_circ_5058585	PS_Sm_r02_2016_09_19_L003	2	0.0196	0.0085	1.0000
Smarc13880_chrm01_circ_5058585	PS_Sm_r02_2016_10_17_L001	2	0.0125	0.0053	1.0000
Smarc13880_chrm01_circ_5058585	PS_Sm_r02_2016_11_14_L001	2	0.0263	0.0080	1.0000
Smarc13880_chrm01_circ_5058585	PS_Sm_r02_2016_12_12_L001	2	0.0407	0.0102	1.0000
Smarc13880_chrm01_circ_5058585	PS_Sm_r02_2017_01_09_L001	2	0.0297	0.0087	1.0000
Smarc13880_chrm01_circ_5058585	PS_Sm_r02_2017_02_06_L001	2	0.0150	0.0061	1.0000
Smarc13880_chrm01_circ_5058585	PS_Sm_r02_2017_03_06_L001	2	0.0138	0.0056	1.0000
Smarc13880_chrm01_circ_5058585	PS_Sm_r02_2017_04_03_L001	2	0.0032	0.0052	1.0000
Smarc13880_chrm01_circ_5058585	PS_Sm_r02_2017_05_29_L001	2	0.0136	0.0057	1.0000
Smarc13880_chrm01_circ_5058585	PS_Sm_r02_2017_07_24_L001	2	0.0097	0.0054	1.0000
Smarc13880_chrm01_circ_5058585	PS_Sm_r02_2017_08_21_L001	2	0.0002	0.0015	1.0000
Smarc13880_chrm01_circ_5058585	PS_Sm_r02_2017_09_18_L001	2	0.0154	0.0066	1.0000
Smarc13880_chrm01_circ_1526089	PS_Sm_r02_2015_08_24_L001-L004_merged	3	0.0004	0.0022	1.0000
Smarc13880_chrm01_circ_1526089	PS_Sm_r02_2015_09_21_L002	3	0.0009	0.0031	1.0000
Smarc13880_chrm01_circ_1526089	PS_Sm_r02_2015_10_19_L001	3	0.0000	0.0003	1.0000
Smarc13880_chrm01_circ_1526089	PS_Sm_r02_2015_11_16_L001	3	0.0000	0.0004	1.0000
Smarc13880_chrm01_circ_1526089	PS_Sm_r02_2015_12_14_L001	3	0.0000	0.0005	1.0000
Smarc13880_chrm01_circ_1526089	PS_Sm_r02_2016_01_11_L001	3	0.0004	0.0021	1.0000
Smarc13880_chrm01_circ_1526089	PS_Sm_r02_2016_02_08_L001	3	0.0002	0.0013	1.0000
Smarc13880_chrm01_circ_1526089	PS_Sm_r02_2016_03_07_L001	3	0.0000	0.0006	1.0000
Smarc13880_chrm01_circ_1526089	PS_Sm_r02_2016_04_03_L001	3	0.0110	0.0033	1.0000
Smarc13880_chrm01_circ_1526089	PS_Sm_r02_2016_05_04_L001	3	0.0294	0.0075	1.0000
Smarc13880_chrm01_circ_1526089	PS_Sm_r02_2016_05_30_L001	3	0.0549	0.0109	1.0000
Smarc13880_chrm01_circ_1526089	PS_Sm_r02_2016_07_25_L003	3	0.0967	0.0141	1.0000
Smarc13880_chrm01_circ_1526089	PS_Sm_r02_2016_08_22_L003	3	0.1466	0.0199	1.0000
Smarc13880_chrm01_circ_1526089	PS_Sm_r02_2016_09_19_L003	3	0.1147	0.0170	1.0000
Smarc13880_chrm01_circ_1526089	PS_Sm_r02_2016_10_17_L001	3	0.1343	0.0167	1.0000
Smarc13880_chrm01_circ_1526089	PS_Sm_r02_2016_11_14_L001	3	0.1506	0.0162	1.0000
Smarc13880_chrm01_circ_1526089	PS_Sm_r02_2016_12_12_L001	3	0.1386	0.0157	1.0000
Smarc13880_chrm01_circ_1526089	PS_Sm_r02_2017_01_09_L001	3	0.1336	0.0145	1.0000
Smarc13880_chrm01_circ_1526089	PS_Sm_r02_2017_02_06_L001	3	0.1539	0.0158	1.0000
Smarc13880_chrm01_circ_1526089	PS_Sm_r02_2017_03_06_L001	3	0.1872	0.0170	1.0000
Smarc13880_chrm01_circ_1526089	PS_Sm_r02_2017_04_03_L001	3	0.1901	0.0181	1.0000
Smarc13880_chrm01_circ_1526089	PS_Sm_r02_2017_05_29_L001	3	0.1259	0.0158	1.0000
Smarc13880_chrm01_circ_1526089	PS_Sm_r02_2017_07_24_L001	3	0.0407	0.0099	1.0000
Smarc13880_chrm01_circ_1526089	PS_Sm_r02_2017_08_21_L001	3	0.0401	0.0090	1.0000
Smarc13880_chrm01_circ_1526089	PS_Sm_r02_2017_09_18_L001	3	0.0255	0.0074	1.0000
Smarc13880_chrm01_circ_284231	PS_Sm_r02_2015_08_24_L001-L004_merged	3	0.0004	0.0022	1.0000
Smarc13880_chrm01_circ_284231	PS_Sm_r02_2015_09_21_L002	3	0.0009	0.0031	1.0000
Smarc13880_chrm01_circ_284231	PS_Sm_r02_2015_10_19_L001	3	0.0000	0.0003	1.0000
Smarc13880_chrm01_circ_284231	PS_Sm_r02_2015_11_16_L001	3	0.0000	0.0004	1.0000
Smarc13880_chrm01_circ_284231	PS_Sm_r02_2015_12_14_L001	3	0.0000	0.0005	1.0000
Smarc13880_chrm01_circ_284231	PS_Sm_r02_2016_01_11_L001	3	0.0004	0.0021	1.0000
Smarc13880_chrm01_circ_284231	PS_Sm_r02_2016_02_08_L001	3	0.0002	0.0013	1.0000
Smarc13880_chrm01_circ_284231	PS_Sm_r02_2016_03_07_L001	3	0.0000	0.0006	1.0000
Smarc13880_chrm01_circ_284231	PS_Sm_r02_2016_04_03_L001	3	0.0110	0.0033	1.0000
Smarc13880_chrm01_circ_284231	PS_Sm_r02_2016_05_04_L001	3	0.0294	0.0075	1.0000
Smarc13880_chrm01_circ_284231	PS_Sm_r02_2016_05_30_L001	3	0.0549	0.0109	1.0000
Smarc13880_chrm01_circ_284231	PS_Sm_r02_2016_07_25_L003	3	0.0967	0.0141	1.0000
Smarc13880_chrm01_circ_284231	PS_Sm_r02_2016_08_22_L003	3	0.1466	0.0199	1.0000
Smarc13880_chrm01_circ_284231	PS_Sm_r02_2016_09_19_L003	3	0.1147	0.0170	1.0000
Smarc13880_chrm01_circ_284231	PS_Sm_r02_2016_10_17_L001	3	0.1343	0.0167	1.0000
Smarc13880_chrm01_circ_284231	PS_Sm_r02_2016_11_14_L001	3	0.1506	0.0162	1.0000
Smarc13880_chrm01_circ_284231	PS_Sm_r02_2016_12_12_L001	3	0.1386	0.0157	1.0000
Smarc13880_chrm01_circ_284231	PS_Sm_r02_2017_01_09_L001	3	0.1336	0.0145	1.0000
Smarc13880_chrm01_circ_284231	PS_Sm_r02_2017_02_06_L001	3	0.1539	0.0158	1.0000
Smarc13880_chrm01_circ_284231	PS_Sm_r02_2017_03_06_L001	3	0.1872	0.0170	1.0000
Smarc13880_chrm01_circ_284231	PS_Sm_r02_2017_04_03_L001	3	0.1901	0.0181	1.0000
Smarc13880_chrm01_circ_284231	PS_Sm_r02_2017_05_29_L001	3	0.1259	0.0158	1.0000
Smarc13880_chrm01_circ_284231	PS_Sm_r02_2017_07_24_L001	3	0.0407	0.0099	1.0000
Smarc13880_chrm01_circ_284231	PS_Sm_r02_2017_08_21_L001	3	0.0401	0.0090	1.0000
Smarc13880_chrm01_circ_284231	PS_Sm_r02_2017_09_18_L001	3	0.0255	0.0074	1.0000
Smarc13880_chrm01_circ_3106989	PS_Sm_r02_2015_08_24_L001-L004_merged	3	0.0004	0.0022	1.0000
Smarc13880_chrm01_circ_3106989	PS_Sm_r02_2015_09_21_L002	3	0.0009	0.0031	1.0000
Smarc13880_chrm01_circ_3106989	PS_Sm_r02_2015_10_19_L001	3	0.0000	0.0003	1.0000
Smarc13880_chrm01_circ_3106989	PS_Sm_r02_2015_11_16_L001	3	0.0000	0.0004	1.0000
Smarc13880_chrm01_circ_3106989	PS_Sm_r02_2015_12_14_L001	3	0.0000	0.0005	1.0000
Smarc13880_chrm01_circ_3106989	PS_Sm_r02_2016_01_11_L001	3	0.0004	0.0021	1.0000
Smarc13880_chrm01_circ_3106989	PS_Sm_r02_2016_02_08_L001	3	0.0002	0.0013	1.0000
Smarc13880_chrm01_circ_3106989	PS_Sm_r02_2016_03_07_L001	3	0.0000	0.0006	1.0000
Smarc13880_chrm01_circ_3106989	PS_Sm_r02_2016_04_03_L001	3	0.0110	0.0033	1.0000
Smarc13880_chrm01_circ_3106989	PS_Sm_r02_2016_05_04_L001	3	0.0294	0.0075	1.0000
Smarc13880_chrm01_circ_3106989	PS_Sm_r02_2016_05_30_L001	3	0.0549	0.0109	1.0000
Smarc13880_chrm01_circ_3106989	PS_Sm_r02_2016_07_25_L003	3	0.0967	0.0141	1.0000
Smarc13880_chrm01_circ_3106989	PS_Sm_r02_2016_08_22_L003	3	0.1466	0.0199	1.0000
Smarc13880_chrm01_circ_3106989	PS_Sm_r02_2016_09_19_L003	3	0.1147	0.0170	1.0000
Smarc13880_chrm01_circ_3106989	PS_Sm_r02_2016_10_17_L001	3	0.1343	0.0167	1.0000
Smarc13880_chrm01_circ_3106989	PS_Sm_r02_2016_11_14_L001	3	0.1506	0.0162	1.0000
Smarc13880_chrm01_circ_3106989	PS_Sm_r02_2016_12_12_L001	3	0.1386	0.0157	1.0000
Smarc13880_chrm01_circ_3106989	PS_Sm_r02_2017_01_09_L001	3	0.1336	0.0145	1.0000
Smarc13880_chrm01_circ_3106989	PS_Sm_r02_2017_02_06_L001	3	0.1539	0.0158	1.0000
Smarc13880_chrm01_circ_3106989	PS_Sm_r02_2017_03_06_L001	3	0.1872	0.0170	1.0000
Smarc13880_chrm01_circ_3106989	PS_Sm_r02_2017_04_03_L001	3	0.1901	0.0181	1.0000
Smarc13880_chrm01_circ_3106989	PS_Sm_r02_2017_05_29_L001	3	0.1259	0.0158	1.0000
Smarc13880_chrm01_circ_3106989	PS_Sm_r02_2017_07_24_L001	3	0.0407	0.0099	1.0000
Smarc13880_chrm01_circ_3106989	PS_Sm_r02_2017_08_21_L001	3	0.0401	0.0090	1.0000
Smarc13880_chrm01_circ_3106989	PS_Sm_r02_2017_09_18_L001	3	0.0255	0.0074	1.0000
Smarc13880_chrm01_circ_3121912	PS_Sm_r02_2015_08_24_L001-L004_merged	3	0.0004	0.0022	1.0000
Smarc13880_chrm01_circ_3121912	PS_Sm_r02_2015_09_21_L002	3	0.0009	0.0031	1.0000
Smarc13880_chrm01_circ_3121912	PS_Sm_r02_2015_10_19_L001	3	0.0000	0.0003	1.0000
Smarc13880_chrm01_circ_3121912	PS_Sm_r02_2015_11_16_L001	3	0.0000	0.0004	1.0000
Smarc13880_chrm01_circ_3121912	PS_Sm_r02_2015_12_14_L001	3	0.0000	0.0005	1.0000
Smarc13880_chrm01_circ_3121912	PS_Sm_r02_2016_01_11_L001	3	0.0004	0.0021	1.0000
Smarc13880_chrm01_circ_3121912	PS_Sm_r02_2016_02_08_L001	3	0.0002	0.0013	1.0000
Smarc13880_chrm01_circ_3121912	PS_Sm_r02_2016_03_07_L001	3	0.0000	0.0006	1.0000
Smarc13880_chrm01_circ_3121912	PS_Sm_r02_2016_04_03_L001	3	0.0110	0.0033	1.0000
Smarc13880_chrm01_circ_3121912	PS_Sm_r02_2016_05_04_L001	3	0.0294	0.0075	1.0000
Smarc13880_chrm01_circ_3121912	PS_Sm_r02_2016_05_30_L001	3	0.0549	0.0109	1.0000
Smarc13880_chrm01_circ_3121912	PS_Sm_r02_2016_07_25_L003	3	0.0967	0.0141	1.0000
Smarc13880_chrm01_circ_3121912	PS_Sm_r02_2016_08_22_L003	3	0.1466	0.0199	1.0000
Smarc13880_chrm01_circ_3121912	PS_Sm_r02_2016_09_19_L003	3	0.1147	0.0170	1.0000
Smarc13880_chrm01_circ_3121912	PS_Sm_r02_2016_10_17_L001	3	0.1343	0.0167	1.0000
Smarc13880_chrm01_circ_3121912	PS_Sm_r02_2016_11_14_L001	3	0.1506	0.0162	1.0000
Smarc13880_chrm01_circ_3121912	PS_Sm_r02_2016_12_12_L001	3	0.1386	0.0157	1.0000
Smarc13880_chrm01_circ_3121912	PS_Sm_r02_2017_01_09_L001	3	0.1336	0.0145	1.0000
Smarc13880_chrm01_circ_3121912	PS_Sm_r02_2017_02_06_L001	3	0.1539	0.0158	1.0000
Smarc13880_chrm01_circ_3121912	PS_Sm_r02_2017_03_06_L001	3	0.1872	0.0170	1.0000
Smarc13880_chrm01_circ_3121912	PS_Sm_r02_2017_04_03_L001	3	0.1901	0.0181	1.0000
Smarc13880_chrm01_circ_3121912	PS_Sm_r02_2017_05_29_L001	3	0.1259	0.0158	1.0000
Smarc13880_chrm01_circ_3121912	PS_Sm_r02_2017_07_24_L001	3	0.0407	0.0099	1.0000
Smarc13880_chrm01_circ_3121912	PS_Sm_r02_2017_08_21_L001	3	0.0401	0.0090	1.0000
Smarc13880_chrm01_circ_3121912	PS_Sm_r02_2017_09_18_L001	3	0.0255	0.0074	1.0000
Smarc13880_chrm01_circ_430479	PS_Sm_r02_2015_08_24_L001-L004_merged	3	0.0004	0.0022	1.0000
Smarc13880_chrm01_circ_430479	PS_Sm_r02_2015_09_21_L002	3	0.0009	0.0031	1.0000
Smarc13880_chrm01_circ_430479	PS_Sm_r02_2015_10_19_L001	3	0.0000	0.0003	1.0000
Smarc13880_chrm01_circ_430479	PS_Sm_r02_2015_11_16_L001	3	0.0000	0.0004	1.0000
Smarc13880_chrm01_circ_430479	PS_Sm_r02_2015_12_14_L001	3	0.0000	0.0005	1.0000
Smarc13880_chrm01_circ_430479	PS_Sm_r02_2016_01_11_L001	3	0.0004	0.0021	1.0000
Smarc13880_chrm01_circ_430479	PS_Sm_r02_2016_02_08_L001	3	0.0002	0.0013	1.0000
Smarc13880_chrm01_circ_430479	PS_Sm_r02_2016_03_07_L001	3	0.0000	0.0006	1.0000
Smarc13880_chrm01_circ_430479	PS_Sm_r02_2016_04_03_L001	3	0.0110	0.0033	1.0000
Smarc13880_chrm01_circ_430479	PS_Sm_r02_2016_05_04_L001	3	0.0294	0.0075	1.0000
Smarc13880_chrm01_circ_430479	PS_Sm_r02_2016_05_30_L001	3	0.0549	0.0109	1.0000
Smarc13880_chrm01_circ_430479	PS_Sm_r02_2016_07_25_L003	3	0.0967	0.0141	1.0000
Smarc13880_chrm01_circ_430479	PS_Sm_r02_2016_08_22_L003	3	0.1466	0.0199	1.0000
Smarc13880_chrm01_circ_430479	PS_Sm_r02_2016_09_19_L003	3	0.1147	0.0170	1.0000
Smarc13880_chrm01_circ_430479	PS_Sm_r02_2016_10_17_L001	3	0.1343	0.0167	1.0000
Smarc13880_chrm01_circ_430479	PS_Sm_r02_2016_11_14_L001	3	0.1506	0.0162	1.0000
Smarc13880_chrm01_circ_430479	PS_Sm_r02_2016_12_12_L001	3	0.1386	0.0157	1.0000
Smarc13880_chrm01_circ_430479	PS_Sm_r02_2017_01_09_L001	3	0.1336	0.0145	1.0000
Smarc13880_chrm01_circ_430479	PS_Sm_r02_2017_02_06_L001	3	0.1539	0.0158	1.0000
Smarc13880_chrm01_circ_430479	PS_Sm_r02_2017_03_06_L001	3	0.1872	0.0170	1.0000
Smarc13880_chrm01_circ_430479	PS_Sm_r02_2017_04_03_L001	3	0.1901	0.0181	1.0000
Smarc13880_chrm01_circ_430479	PS_Sm_r02_2017_05_29_L001	3	0.1259	0.0158	1.0000
Smarc13880_chrm01_circ_430479	PS_Sm_r02_2017_07_24_L001	3	0.0407	0.0099	1.0000
Smarc13880_chrm01_circ_430479	PS_Sm_r02_2017_08_21_L001	3	0.0401	0.0090	1.0000
Smarc13880_chrm01_circ_430479	PS_Sm_r02_2017_09_18_L001	3	0.0255	0.0074	1.0000
Smarc13880_chrm01_circ_912447	PS_Sm_r02_2015_08_24_L001-L004_merged	3	0.0004	0.0022	1.0000
Smarc13880_chrm01_circ_912447	PS_Sm_r02_2015_09_21_L002	3	0.0009	0.0031	1.0000
Smarc13880_chrm01_circ_912447	PS_Sm_r02_2015_10_19_L001	3	0.0000	0.0003	1.0000
Smarc13880_chrm01_circ_912447	PS_Sm_r02_2015_11_16_L001	3	0.0000	0.0004	1.0000
Smarc13880_chrm01_circ_912447	PS_Sm_r02_2015_12_14_L001	3	0.0000	0.0005	1.0000
Smarc13880_chrm01_circ_912447	PS_Sm_r02_2016_01_11_L001	3	0.0004	0.0021	1.0000
Smarc13880_chrm01_circ_912447	PS_Sm_r02_2016_02_08_L001	3	0.0002	0.0013	1.0000
Smarc13880_chrm01_circ_912447	PS_Sm_r02_2016_03_07_L001	3	0.0000	0.0006	1.0000
Smarc13880_chrm01_circ_912447	PS_Sm_r02_2016_04_03_L001	3	0.0110	0.0033	1.0000
Smarc13880_chrm01_circ_912447	PS_Sm_r02_2016_05_04_L001	3	0.0294	0.0075	1.0000
Smarc13880_chrm01_circ_912447	PS_Sm_r02_2016_05_30_L001	3	0.0549	0.0109	1.0000
Smarc13880_chrm01_circ_912447	PS_Sm_r02_2016_07_25_L003	3	0.0967	0.0141	1.0000
Smarc13880_chrm01_circ_912447	PS_Sm_r02_2016_08_22_L003	3	0.1466	0.0199	1.0000
Smarc13880_chrm01_circ_912447	PS_Sm_r02_2016_09_19_L003	3	0.1147	0.0170	1.0000
Smarc13880_chrm01_circ_912447	PS_Sm_r02_2016_10_17_L001	3	0.1343	0.0167	1.0000
Smarc13880_chrm01_circ_912447	PS_Sm_r02_2016_11_14_L001	3	0.1506	0.0162	1.0000
Smarc13880_chrm01_circ_912447	PS_Sm_r02_2016_12_12_L001	3	0.1386	0.0157	1.0000
Smarc13880_chrm01_circ_912447	PS_Sm_r02_2017_01_09_L001	3	0.1336	0.0145	1.0000
Smarc13880_chrm01_circ_912447	PS_Sm_r02_2017_02_06_L001	3	0.1539	0.0158	1.0000
Smarc13880_chrm01_circ_912447	PS_Sm_r02_2017_03_06_L001	3	0.1872	0.0170	1.0000
Smarc13880_chrm01_circ_912447	PS_Sm_r02_2017_04_03_L001	3	0.1901	0.0181	1.0000
Smarc13880_chrm01_circ_912447	PS_Sm_r02_2017_05_29_L001	3	0.1259	0.0158	1.0000
Smarc13880_chrm01_circ_912447	PS_Sm_r02_2017_07_24_L001	3	0.0407	0.0099	1.0000
Smarc13880_chrm01_circ_912447	PS_Sm_r02_2017_08_21_L001	3	0.0401	0.0090	1.0000
Smarc13880_chrm01_circ_912447	PS_Sm_r02_2017_09_18_L001	3	0.0255	0.0074	1.0000
Smarc13880_chrm01_circ_2055457	PS_Sm_r02_2015_08_24_L001-L004_merged	4	0.0000	0.0006	1.0000
Smarc13880_chrm01_circ_2055457	PS_Sm_r02_2015_09_21_L002	4	0.0001	0.0011	1.0000
Smarc13880_chrm01_circ_2055457	PS_Sm_r02_2015_10_19_L001	4	0.0000	0.0000	1.0000
Smarc13880_chrm01_circ_2055457	PS_Sm_r02_2015_11_16_L001	4	0.0000	0.0000	1.0000
Smarc13880_chrm01_circ_2055457	PS_Sm_r02_2015_12_14_L001	4	0.0000	0.0000	1.0000
Smarc13880_chrm01_circ_2055457	PS_Sm_r02_2016_01_11_L001	4	0.0000	0.0001	1.0000
Smarc13880_chrm01_circ_2055457	PS_Sm_r02_2016_02_08_L001	4	0.0000	0.0000	1.0000
Smarc13880_chrm01_circ_2055457	PS_Sm_r02_2016_03_07_L001	4	0.0000	0.0001	1.0000
Smarc13880_chrm01_circ_2055457	PS_Sm_r02_2016_04_03_L001	4	0.0000	0.0001	1.0000
Smarc13880_chrm01_circ_2055457	PS_Sm_r02_2016_05_04_L001	4	0.0000	0.0001	1.0000
Smarc13880_chrm01_circ_2055457	PS_Sm_r02_2016_05_30_L001	4	0.0000	0.0001	1.0000
Smarc13880_chrm01_circ_2055457	PS_Sm_r02_2016_07_25_L003	4	0.0000	0.0002	1.0000
Smarc13880_chrm01_circ_2055457	PS_Sm_r02_2016_08_22_L003	4	0.0000	0.0005	1.0000
Smarc13880_chrm01_circ_2055457	PS_Sm_r02_2016_09_19_L003	4	0.0000	0.0003	1.0000
Smarc13880_chrm01_circ_2055457	PS_Sm_r02_2016_10_17_L001	4	0.0000	0.0002	1.0000
Smarc13880_chrm01_circ_2055457	PS_Sm_r02_2016_11_14_L001	4	0.0000	0.0003	1.0000
Smarc13880_chrm01_circ_2055457	PS_Sm_r02_2016_12_12_L001	4	0.0000	0.0001	1.0000
Smarc13880_chrm01_circ_2055457	PS_Sm_r02_2017_01_09_L001	4	0.0000	0.0001	1.0000
Smarc13880_chrm01_circ_2055457	PS_Sm_r02_2017_02_06_L001	4	0.0000	0.0001	1.0000
Smarc13880_chrm01_circ_2055457	PS_Sm_r02_2017_03_06_L001	4	0.0000	0.0001	1.0000
Smarc13880_chrm01_circ_2055457	PS_Sm_r02_2017_04_03_L001	4	0.0103	0.0015	1.0000
Smarc13880_chrm01_circ_2055457	PS_Sm_r02_2017_05_29_L001	4	0.5154	0.0176	1.0000
Smarc13880_chrm01_circ_2055457	PS_Sm_r02_2017_07_24_L001	4	0.8826	0.0111	1.0000
Smarc13880_chrm01_circ_2055457	PS_Sm_r02_2017_08_21_L001	4	0.8323	0.0126	1.0000
Smarc13880_chrm01_circ_2055457	PS_Sm_r02_2017_09_18_L001	4	0.8554	0.0123	1.0000
Smarc13880_chrm01_circ_2276146	PS_Sm_r02_2015_08_24_L001-L004_merged	4	0.0000	0.0006	1.0000
Smarc13880_chrm01_circ_2276146	PS_Sm_r02_2015_09_21_L002	4	0.0001	0.0011	1.0000
Smarc13880_chrm01_circ_2276146	PS_Sm_r02_2015_10_19_L001	4	0.0000	0.0000	1.0000
Smarc13880_chrm01_circ_2276146	PS_Sm_r02_2015_11_16_L001	4	0.0000	0.0000	1.0000
Smarc13880_chrm01_circ_2276146	PS_Sm_r02_2015_12_14_L001	4	0.0000	0.0000	1.0000
Smarc13880_chrm01_circ_2276146	PS_Sm_r02_2016_01_11_L001	4	0.0000	0.0001	1.0000
Smarc13880_chrm01_circ_2276146	PS_Sm_r02_2016_02_08_L001	4	0.0000	0.0000	1.0000
Smarc13880_chrm01_circ_2276146	PS_Sm_r02_2016_03_07_L001	4	0.0000	0.0001	1.0000
Smarc13880_chrm01_circ_2276146	PS_Sm_r02_2016_04_03_L001	4	0.0000	0.0001	1.0000
Smarc13880_chrm01_circ_2276146	PS_Sm_r02_2016_05_04_L001	4	0.0000	0.0001	1.0000
Smarc13880_chrm01_circ_2276146	PS_Sm_r02_2016_05_30_L001	4	0.0000	0.0001	1.0000
Smarc13880_chrm01_circ_2276146	PS_Sm_r02_2016_07_25_L003	4	0.0000	0.0002	1.0000
Smarc13880_chrm01_circ_2276146	PS_Sm_r02_2016_08_22_L003	4	0.0000	0.0005	1.0000
Smarc13880_chrm01_circ_2276146	PS_Sm_r02_2016_09_19_L003	4	0.0000	0.0003	1.0000
Smarc13880_chrm01_circ_2276146	PS_Sm_r02_2016_10_17_L001	4	0.0000	0.0002	1.0000
Smarc13880_chrm01_circ_2276146	PS_Sm_r02_2016_11_14_L001	4	0.0000	0.0003	1.0000
Smarc13880_chrm01_circ_2276146	PS_Sm_r02_2016_12_12_L001	4	0.0000	0.0001	1.0000
Smarc13880_chrm01_circ_2276146	PS_Sm_r02_2017_01_09_L001	4	0.0000	0.0001	1.0000
Smarc13880_chrm01_circ_2276146	PS_Sm_r02_2017_02_06_L001	4	0.0000	0.0001	1.0000
Smarc13880_chrm01_circ_2276146	PS_Sm_r02_2017_03_06_L001	4	0.0000	0.0001	1.0000
Smarc13880_chrm01_circ_2276146	PS_Sm_r02_2017_04_03_L001	4	0.0103	0.0015	1.0000
Smarc13880_chrm01_circ_2276146	PS_Sm_r02_2017_05_29_L001	4	0.5154	0.0176	1.0000
Smarc13880_chrm01_circ_2276146	PS_Sm_r02_2017_07_24_L001	4	0.8826	0.0111	1.0000
Smarc13880_chrm01_circ_2276146	PS_Sm_r02_2017_08_21_L001	4	0.8323	0.0126	1.0000
Smarc13880_chrm01_circ_2276146	PS_Sm_r02_2017_09_18_L001	4	0.8554	0.0123	1.0000
Smarc13880_chrm01_circ_2548839	PS_Sm_r02_2015_08_24_L001-L004_merged	4	0.0000	0.0006	1.0000
Smarc13880_chrm01_circ_2548839	PS_Sm_r02_2015_09_21_L002	4	0.0001	0.0011	1.0000
Smarc13880_chrm01_circ_2548839	PS_Sm_r02_2015_10_19_L001	4	0.0000	0.0000	1.0000
Smarc13880_chrm01_circ_2548839	PS_Sm_r02_2015_11_16_L001	4	0.0000	0.0000	1.0000
Smarc13880_chrm01_circ_2548839	PS_Sm_r02_2015_12_14_L001	4	0.0000	0.0000	1.0000
Smarc13880_chrm01_circ_2548839	PS_Sm_r02_2016_01_11_L001	4	0.0000	0.0001	1.0000
Smarc13880_chrm01_circ_2548839	PS_Sm_r02_2016_02_08_L001	4	0.0000	0.0000	1.0000
Smarc13880_chrm01_circ_2548839	PS_Sm_r02_2016_03_07_L001	4	0.0000	0.0001	1.0000
Smarc13880_chrm01_circ_2548839	PS_Sm_r02_2016_04_03_L001	4	0.0000	0.0001	1.0000
Smarc13880_chrm01_circ_2548839	PS_Sm_r02_2016_05_04_L001	4	0.0000	0.0001	1.0000
Smarc13880_chrm01_circ_2548839	PS_Sm_r02_2016_05_30_L001	4	0.0000	0.0001	1.0000
Smarc13880_chrm01_circ_2548839	PS_Sm_r02_2016_07_25_L003	4	0.0000	0.0002	1.0000
Smarc13880_chrm01_circ_2548839	PS_Sm_r02_2016_08_22_L003	4	0.0000	0.0005	1.0000
Smarc13880_chrm01_circ_2548839	PS_Sm_r02_2016_09_19_L003	4	0.0000	0.0003	1.0000
Smarc13880_chrm01_circ_2548839	PS_Sm_r02_2016_10_17_L001	4	0.0000	0.0002	1.0000
Smarc13880_chrm01_circ_2548839	PS_Sm_r02_2016_11_14_L001	4	0.0000	0.0003	1.0000
Smarc13880_chrm01_circ_2548839	PS_Sm_r02_2016_12_12_L001	4	0.0000	0.0001	1.0000
Smarc13880_chrm01_circ_2548839	PS_Sm_r02_2017_01_09_L001	4	0.0000	0.0001	1.0000
Smarc13880_chrm01_circ_2548839	PS_Sm_r02_2017_02_06_L001	4	0.0000	0.0001	1.0000
Smarc13880_chrm01_circ_2548839	PS_Sm_r02_2017_03_06_L001	4	0.0000	0.0001	1.0000
Smarc13880_chrm01_circ_2548839	PS_Sm_r02_2017_04_03_L001	4	0.0103	0.0015	1.0000
Smarc13880_chrm01_circ_2548839	PS_Sm_r02_2017_05_29_L001	4	0.5154	0.0176	1.0000
Smarc13880_chrm01_circ_2548839	PS_Sm_r02_2017_07_24_L001	4	0.8826	0.0111	1.0000
Smarc13880_chrm01_circ_2548839	PS_Sm_r02_2017_08_21_L001	4	0.8323	0.0126	1.0000
Smarc13880_chrm01_circ_2548839	PS_Sm_r02_2017_09_18_L001	4	0.8554	0.0123	1.0000
Smarc13880_chrm01_circ_3113460	PS_Sm_r02_2015_08_24_L001-L004_merged	4	0.0000	0.0006	1.0000
Smarc13880_chrm01_circ_3113460	PS_Sm_r02_2015_09_21_L002	4	0.0001	0.0011	1.0000
Smarc13880_chrm01_circ_3113460	PS_Sm_r02_2015_10_19_L001	4	0.0000	0.0000	1.0000
Smarc13880_chrm01_circ_3113460	PS_Sm_r02_2015_11_16_L001	4	0.0000	0.0000	1.0000
Smarc13880_chrm01_circ_3113460	PS_Sm_r02_2015_12_14_L001	4	0.0000	0.0000	1.0000
Smarc13880_chrm01_circ_3113460	PS_Sm_r02_2016_01_11_L001	4	0.0000	0.0001	1.0000
Smarc13880_chrm01_circ_3113460	PS_Sm_r02_2016_02_08_L001	4	0.0000	0.0000	1.0000
Smarc13880_chrm01_circ_3113460	PS_Sm_r02_2016_03_07_L001	4	0.0000	0.0001	1.0000
Smarc13880_chrm01_circ_3113460	PS_Sm_r02_2016_04_03_L001	4	0.0000	0.0001	1.0000
Smarc13880_chrm01_circ_3113460	PS_Sm_r02_2016_05_04_L001	4	0.0000	0.0001	1.0000
Smarc13880_chrm01_circ_3113460	PS_Sm_r02_2016_05_30_L001	4	0.0000	0.0001	1.0000
Smarc13880_chrm01_circ_3113460	PS_Sm_r02_2016_07_25_L003	4	0.0000	0.0002	1.0000
Smarc13880_chrm01_circ_3113460	PS_Sm_r02_2016_08_22_L003	4	0.0000	0.0005	1.0000
Smarc13880_chrm01_circ_3113460	PS_Sm_r02_2016_09_19_L003	4	0.0000	0.0003	1.0000
Smarc13880_chrm01_circ_3113460	PS_Sm_r02_2016_10_17_L001	4	0.0000	0.0002	1.0000
Smarc13880_chrm01_circ_3113460	PS_Sm_r02_2016_11_14_L001	4	0.0000	0.0003	1.0000
Smarc13880_chrm01_circ_3113460	PS_Sm_r02_2016_12_12_L001	4	0.0000	0.0001	1.0000
Smarc13880_chrm01_circ_3113460	PS_Sm_r02_2017_01_09_L001	4	0.0000	0.0001	1.0000
Smarc13880_chrm01_circ_3113460	PS_Sm_r02_2017_02_06_L001	4	0.0000	0.0001	1.0000
Smarc13880_chrm01_circ_3113460	PS_Sm_r02_2017_03_06_L001	4	0.0000	0.0001	1.0000
Smarc13880_chrm01_circ_3113460	PS_Sm_r02_2017_04_03_L001	4	0.0103	0.0015	1.0000
Smarc13880_chrm01_circ_3113460	PS_Sm_r02_2017_05_29_L001	4	0.5154	0.0176	1.0000
Smarc13880_chrm01_circ_3113460	PS_Sm_r02_2017_07_24_L001	4	0.8826	0.0111	1.0000
Smarc13880_chrm01_circ_3113460	PS_Sm_r02_2017_08_21_L001	4	0.8323	0.0126	1.0000
Smarc13880_chrm01_circ_3113460	PS_Sm_r02_2017_09_18_L001	4	0.8554	0.0123	1.0000
Smarc13880_chrm01_circ_3286736	PS_Sm_r02_2015_08_24_L001-L004_merged	4	0.0000	0.0006	1.0000
Smarc13880_chrm01_circ_3286736	PS_Sm_r02_2015_09_21_L002	4	0.0001	0.0011	1.0000
Smarc13880_chrm01_circ_3286736	PS_Sm_r02_2015_10_19_L001	4	0.0000	0.0000	1.0000
Smarc13880_chrm01_circ_3286736	PS_Sm_r02_2015_11_16_L001	4	0.0000	0.0000	1.0000
Smarc13880_chrm01_circ_3286736	PS_Sm_r02_2015_12_14_L001	4	0.0000	0.0000	1.0000
Smarc13880_chrm01_circ_3286736	PS_Sm_r02_2016_01_11_L001	4	0.0000	0.0001	1.0000
Smarc13880_chrm01_circ_3286736	PS_Sm_r02_2016_02_08_L001	4	0.0000	0.0000	1.0000
Smarc13880_chrm01_circ_3286736	PS_Sm_r02_2016_03_07_L001	4	0.0000	0.0001	1.0000
Smarc13880_chrm01_circ_3286736	PS_Sm_r02_2016_04_03_L001	4	0.0000	0.0001	1.0000
Smarc13880_chrm01_circ_3286736	PS_Sm_r02_2016_05_04_L001	4	0.0000	0.0001	1.0000
Smarc13880_chrm01_circ_3286736	PS_Sm_r02_2016_05_30_L001	4	0.0000	0.0001	1.0000
Smarc13880_chrm01_circ_3286736	PS_Sm_r02_2016_07_25_L003	4	0.0000	0.0002	1.0000
Smarc13880_chrm01_circ_3286736	PS_Sm_r02_2016_08_22_L003	4	0.0000	0.0005	1.0000
Smarc13880_chrm01_circ_3286736	PS_Sm_r02_2016_09_19_L003	4	0.0000	0.0003	1.0000
Smarc13880_chrm01_circ_3286736	PS_Sm_r02_2016_10_17_L001	4	0.0000	0.0002	1.0000
Smarc13880_chrm01_circ_3286736	PS_Sm_r02_2016_11_14_L001	4	0.0000	0.0003	1.0000
Smarc13880_chrm01_circ_3286736	PS_Sm_r02_2016_12_12_L001	4	0.0000	0.0001	1.0000
Smarc13880_chrm01_circ_3286736	PS_Sm_r02_2017_01_09_L001	4	0.0000	0.0001	1.0000
Smarc13880_chrm01_circ_3286736	PS_Sm_r02_2017_02_06_L001	4	0.0000	0.0001	1.0000
Smarc13880_chrm01_circ_3286736	PS_Sm_r02_2017_03_06_L001	4	0.0000	0.0001	1.0000
Smarc13880_chrm01_circ_3286736	PS_Sm_r02_2017_04_03_L001	4	0.0103	0.0015	1.0000
Smarc13880_chrm01_circ_3286736	PS_Sm_r02_2017_05_29_L001	4	0.5154	0.0176	1.0000
Smarc13880_chrm01_circ_3286736	PS_Sm_r02_2017_07_24_L001	4	0.8826	0.0111	1.0000
Smarc13880_chrm01_circ_3286736	PS_Sm_r02_2017_08_21_L001	4	0.8323	0.0126	1.0000
Smarc13880_chrm01_circ_3286736	PS_Sm_r02_2017_09_18_L001	4	0.8554	0.0123	1.0000
Smarc13880_chrm01_circ_3682954	PS_Sm_r02_2015_08_24_L001-L004_merged	4	0.0000	0.0006	1.0000
Smarc13880_chrm01_circ_3682954	PS_Sm_r02_2015_09_21_L002	4	0.0001	0.0011	1.0000
Smarc13880_chrm01_circ_3682954	PS_Sm_r02_2015_10_19_L001	4	0.0000	0.0000	1.0000
Smarc13880_chrm01_circ_3682954	PS_Sm_r02_2015_11_16_L001	4	0.0000	0.0000	1.0000
Smarc13880_chrm01_circ_3682954	PS_Sm_r02_2015_12_14_L001	4	0.0000	0.0000	1.0000
Smarc13880_chrm01_circ_3682954	PS_Sm_r02_2016_01_11_L001	4	0.0000	0.0001	1.0000
Smarc13880_chrm01_circ_3682954	PS_Sm_r02_2016_02_08_L001	4	0.0000	0.0000	1.0000
Smarc13880_chrm01_circ_3682954	PS_Sm_r02_2016_03_07_L001	4	0.0000	0.0001	1.0000
Smarc13880_chrm01_circ_3682954	PS_Sm_r02_2016_04_03_L001	4	0.0000	0.0001	1.0000
Smarc13880_chrm01_circ_3682954	PS_Sm_r02_2016_05_04_L001	4	0.0000	0.0001	1.0000
Smarc13880_chrm01_circ_3682954	PS_Sm_r02_2016_05_30_L001	4	0.0000	0.0001	1.0000
Smarc13880_chrm01_circ_3682954	PS_Sm_r02_2016_07_25_L003	4	0.0000	0.0002	1.0000
Smarc13880_chrm01_circ_3682954	PS_Sm_r02_2016_08_22_L003	4	0.0000	0.0005	1.0000
Smarc13880_chrm01_circ_3682954	PS_Sm_r02_2016_09_19_L003	4	0.0000	0.0003	1.0000
Smarc13880_chrm01_circ_3682954	PS_Sm_r02_2016_10_17_L001	4	0.0000	0.0002	1.0000
Smarc13880_chrm01_circ_3682954	PS_Sm_r02_2016_11_14_L001	4	0.0000	0.0003	1.0000
Smarc13880_chrm01_circ_3682954	PS_Sm_r02_2016_12_12_L001	4	0.0000	0.0001	1.0000
Smarc13880_chrm01_circ_3682954	PS_Sm_r02_2017_01_09_L001	4	0.0000	0.0001	1.0000
Smarc13880_chrm01_circ_3682954	PS_Sm_r02_2017_02_06_L001	4	0.0000	0.0001	1.0000
Smarc13880_chrm01_circ_3682954	PS_Sm_r02_2017_03_06_L001	4	0.0000	0.0001	1.0000
Smarc13880_chrm01_circ_3682954	PS_Sm_r02_2017_04_03_L001	4	0.0103	0.0015	1.0000
Smarc13880_chrm01_circ_3682954	PS_Sm_r02_2017_05_29_L001	4	0.5154	0.0176	1.0000
Smarc13880_chrm01_circ_3682954	PS_Sm_r02_2017_07_24_L001	4	0.8826	0.0111	1.0000
Smarc13880_chrm01_circ_3682954	PS_Sm_r02_2017_08_21_L001	4	0.8323	0.0126	1.0000
Smarc13880_chrm01_circ_3682954	PS_Sm_r02_2017_09_18_L001	4	0.8554	0.0123	1.0000
Smarc13880_chrm01_circ_3705558	PS_Sm_r02_2015_08_24_L001-L004_merged	4	0.0000	0.0006	1.0000
Smarc13880_chrm01_circ_3705558	PS_Sm_r02_2015_09_21_L002	4	0.0001	0.0011	1.0000
Smarc13880_chrm01_circ_3705558	PS_Sm_r02_2015_10_19_L001	4	0.0000	0.0000	1.0000
Smarc13880_chrm01_circ_3705558	PS_Sm_r02_2015_11_16_L001	4	0.0000	0.0000	1.0000
Smarc13880_chrm01_circ_3705558	PS_Sm_r02_2015_12_14_L001	4	0.0000	0.0000	1.0000
Smarc13880_chrm01_circ_3705558	PS_Sm_r02_2016_01_11_L001	4	0.0000	0.0001	1.0000
Smarc13880_chrm01_circ_3705558	PS_Sm_r02_2016_02_08_L001	4	0.0000	0.0000	1.0000
Smarc13880_chrm01_circ_3705558	PS_Sm_r02_2016_03_07_L001	4	0.0000	0.0001	1.0000
Smarc13880_chrm01_circ_3705558	PS_Sm_r02_2016_04_03_L001	4	0.0000	0.0001	1.0000
Smarc13880_chrm01_circ_3705558	PS_Sm_r02_2016_05_04_L001	4	0.0000	0.0001	1.0000
Smarc13880_chrm01_circ_3705558	PS_Sm_r02_2016_05_30_L001	4	0.0000	0.0001	1.0000
Smarc13880_chrm01_circ_3705558	PS_Sm_r02_2016_07_25_L003	4	0.0000	0.0002	1.0000
Smarc13880_chrm01_circ_3705558	PS_Sm_r02_2016_08_22_L003	4	0.0000	0.0005	1.0000
Smarc13880_chrm01_circ_3705558	PS_Sm_r02_2016_09_19_L003	4	0.0000	0.0003	1.0000
Smarc13880_chrm01_circ_3705558	PS_Sm_r02_2016_10_17_L001	4	0.0000	0.0002	1.0000
Smarc13880_chrm01_circ_3705558	PS_Sm_r02_2016_11_14_L001	4	0.0000	0.0003	1.0000
Smarc13880_chrm01_circ_3705558	PS_Sm_r02_2016_12_12_L001	4	0.0000	0.0001	1.0000
Smarc13880_chrm01_circ_3705558	PS_Sm_r02_2017_01_09_L001	4	0.0000	0.0001	1.0000
Smarc13880_chrm01_circ_3705558	PS_Sm_r02_2017_02_06_L001	4	0.0000	0.0001	1.0000
Smarc13880_chrm01_circ_3705558	PS_Sm_r02_2017_03_06_L001	4	0.0000	0.0001	1.0000
Smarc13880_chrm01_circ_3705558	PS_Sm_r02_2017_04_03_L001	4	0.0103	0.0015	1.0000
Smarc13880_chrm01_circ_3705558	PS_Sm_r02_2017_05_29_L001	4	0.5154	0.0176	1.0000
Smarc13880_chrm01_circ_3705558	PS_Sm_r02_2017_07_24_L001	4	0.8826	0.0111	1.0000
Smarc13880_chrm01_circ_3705558	PS_Sm_r02_2017_08_21_L001	4	0.8323	0.0126	1.0000
Smarc13880_chrm01_circ_3705558	PS_Sm_r02_2017_09_18_L001	4	0.8554	0.0123	1.0000
Smarc13880_chrm01_circ_4529857	PS_Sm_r02_2015_08_24_L001-L004_merged	4	0.0000	0.0006	1.0000
Smarc13880_chrm01_circ_4529857	PS_Sm_r02_2015_09_21_L002	4	0.0001	0.0011	1.0000
Smarc13880_chrm01_circ_4529857	PS_Sm_r02_2015_10_19_L001	4	0.0000	0.0000	1.0000
Smarc13880_chrm01_circ_4529857	PS_Sm_r02_2015_11_16_L001	4	0.0000	0.0000	1.0000
Smarc13880_chrm01_circ_4529857	PS_Sm_r02_2015_12_14_L001	4	0.0000	0.0000	1.0000
Smarc13880_chrm01_circ_4529857	PS_Sm_r02_2016_01_11_L001	4	0.0000	0.0001	1.0000
Smarc13880_chrm01_circ_4529857	PS_Sm_r02_2016_02_08_L001	4	0.0000	0.0000	1.0000
Smarc13880_chrm01_circ_4529857	PS_Sm_r02_2016_03_07_L001	4	0.0000	0.0001	1.0000
Smarc13880_chrm01_circ_4529857	PS_Sm_r02_2016_04_03_L001	4	0.0000	0.0001	1.0000
Smarc13880_chrm01_circ_4529857	PS_Sm_r02_2016_05_04_L001	4	0.0000	0.0001	1.0000
Smarc13880_chrm01_circ_4529857	PS_Sm_r02_2016_05_30_L001	4	0.0000	0.0001	1.0000
Smarc13880_chrm01_circ_4529857	PS_Sm_r02_2016_07_25_L003	4	0.0000	0.0002	1.0000
Smarc13880_chrm01_circ_4529857	PS_Sm_r02_2016_08_22_L003	4	0.0000	0.0005	1.0000
Smarc13880_chrm01_circ_4529857	PS_Sm_r02_2016_09_19_L003	4	0.0000	0.0003	1.0000
Smarc13880_chrm01_circ_4529857	PS_Sm_r02_2016_10_17_L001	4	0.0000	0.0002	1.0000
Smarc13880_chrm01_circ_4529857	PS_Sm_r02_2016_11_14_L001	4	0.0000	0.0003	1.0000
Smarc13880_chrm01_circ_4529857	PS_Sm_r02_2016_12_12_L001	4	0.0000	0.0001	1.0000
Smarc13880_chrm01_circ_4529857	PS_Sm_r02_2017_01_09_L001	4	0.0000	0.0001	1.0000
Smarc13880_chrm01_circ_4529857	PS_Sm_r02_2017_02_06_L001	4	0.0000	0.0001	1.0000
Smarc13880_chrm01_circ_4529857	PS_Sm_r02_2017_03_06_L001	4	0.0000	0.0001	1.0000
Smarc13880_chrm01_circ_4529857	PS_Sm_r02_2017_04_03_L001	4	0.0103	0.0015	1.0000
Smarc13880_chrm01_circ_4529857	PS_Sm_r02_2017_05_29_L001	4	0.5154	0.0176	1.0000
Smarc13880_chrm01_circ_4529857	PS_Sm_r02_2017_07_24_L001	4	0.8826	0.0111	1.0000
Smarc13880_chrm01_circ_4529857	PS_Sm_r02_2017_08_21_L001	4	0.8323	0.0126	1.0000
Smarc13880_chrm01_circ_4529857	PS_Sm_r02_2017_09_18_L001	4	0.8554	0.0123	1.0000
Smarc13880_chrm01_circ_575123	PS_Sm_r02_2015_08_24_L001-L004_merged	4	0.0000	0.0006	1.0000
Smarc13880_chrm01_circ_575123	PS_Sm_r02_2015_09_21_L002	4	0.0001	0.0011	1.0000
Smarc13880_chrm01_circ_575123	PS_Sm_r02_2015_10_19_L001	4	0.0000	0.0000	1.0000
Smarc13880_chrm01_circ_575123	PS_Sm_r02_2015_11_16_L001	4	0.0000	0.0000	1.0000
Smarc13880_chrm01_circ_575123	PS_Sm_r02_2015_12_14_L001	4	0.0000	0.0000	1.0000
Smarc13880_chrm01_circ_575123	PS_Sm_r02_2016_01_11_L001	4	0.0000	0.0001	1.0000
Smarc13880_chrm01_circ_575123	PS_Sm_r02_2016_02_08_L001	4	0.0000	0.0000	1.0000
Smarc13880_chrm01_circ_575123	PS_Sm_r02_2016_03_07_L001	4	0.0000	0.0001	1.0000
Smarc13880_chrm01_circ_575123	PS_Sm_r02_2016_04_03_L001	4	0.0000	0.0001	1.0000
Smarc13880_chrm01_circ_575123	PS_Sm_r02_2016_05_04_L001	4	0.0000	0.0001	1.0000
Smarc13880_chrm01_circ_575123	PS_Sm_r02_2016_05_30_L001	4	0.0000	0.0001	1.0000
Smarc13880_chrm01_circ_575123	PS_Sm_r02_2016_07_25_L003	4	0.0000	0.0002	1.0000
Smarc13880_chrm01_circ_575123	PS_Sm_r02_2016_08_22_L003	4	0.0000	0.0005	1.0000
Smarc13880_chrm01_circ_575123	PS_Sm_r02_2016_09_19_L003	4	0.0000	0.0003	1.0000
Smarc13880_chrm01_circ_575123	PS_Sm_r02_2016_10_17_L001	4	0.0000	0.0002	1.0000
Smarc13880_chrm01_circ_575123	PS_Sm_r02_2016_11_14_L001	4	0.0000	0.0003	1.0000
Smarc13880_chrm01_circ_575123	PS_Sm_r02_2016_12_12_L001	4	0.0000	0.0001	1.0000
Smarc13880_chrm01_circ_575123	PS_Sm_r02_2017_01_09_L001	4	0.0000	0.0001	1.0000
Smarc13880_chrm01_circ_575123	PS_Sm_r02_2017_02_06_L001	4	0.0000	0.0001	1.0000
Smarc13880_chrm01_circ_575123	PS_Sm_r02_2017_03_06_L001	4	0.0000	0.0001	1.0000
Smarc13880_chrm01_circ_575123	PS_Sm_r02_2017_04_03_L001	4	0.0103	0.0015	1.0000
Smarc13880_chrm01_circ_575123	PS_Sm_r02_2017_05_29_L001	4	0.5154	0.0176	1.0000
Smarc13880_chrm01_circ_575123	PS_Sm_r02_2017_07_24_L001	4	0.8826	0.0111	1.0000
Smarc13880_chrm01_circ_575123	PS_Sm_r02_2017_08_21_L001	4	0.8323	0.0126	1.0000
Smarc13880_chrm01_circ_575123	PS_Sm_r02_2017_09_18_L001	4	0.8554	0.0123	1.0000
Smarc13880_chrm01_circ_862318	PS_Sm_r02_2015_08_24_L001-L004_merged	4	0.0000	0.0006	1.0000
Smarc13880_chrm01_circ_862318	PS_Sm_r02_2015_09_21_L002	4	0.0001	0.0011	1.0000
Smarc13880_chrm01_circ_862318	PS_Sm_r02_2015_10_19_L001	4	0.0000	0.0000	1.0000
Smarc13880_chrm01_circ_862318	PS_Sm_r02_2015_11_16_L001	4	0.0000	0.0000	1.0000
Smarc13880_chrm01_circ_862318	PS_Sm_r02_2015_12_14_L001	4	0.0000	0.0000	1.0000
Smarc13880_chrm01_circ_862318	PS_Sm_r02_2016_01_11_L001	4	0.0000	0.0001	1.0000
Smarc13880_chrm01_circ_862318	PS_Sm_r02_2016_02_08_L001	4	0.0000	0.0000	1.0000
Smarc13880_chrm01_circ_862318	PS_Sm_r02_2016_03_07_L001	4	0.0000	0.0001	1.0000
Smarc13880_chrm01_circ_862318	PS_Sm_r02_2016_04_03_L001	4	0.0000	0.0001	1.0000
Smarc13880_chrm01_circ_862318	PS_Sm_r02_2016_05_04_L001	4	0.0000	0.0001	1.0000
Smarc13880_chrm01_circ_862318	PS_Sm_r02_2016_05_30_L001	4	0.0000	0.0001	1.0000
Smarc13880_chrm01_circ_862318	PS_Sm_r02_2016_07_25_L003	4	0.0000	0.0002	1.0000
Smarc13880_chrm01_circ_862318	PS_Sm_r02_2016_08_22_L003	4	0.0000	0.0005	1.0000
Smarc13880_chrm01_circ_862318	PS_Sm_r02_2016_09_19_L003	4	0.0000	0.0003	1.0000
Smarc13880_chrm01_circ_862318	PS_Sm_r02_2016_10_17_L001	4	0.0000	0.0002	1.0000
Smarc13880_chrm01_circ_862318	PS_Sm_r02_2016_11_14_L001	4	0.0000	0.0003	1.0000
Smarc13880_chrm01_circ_862318	PS_Sm_r02_2016_12_12_L001	4	0.0000	0.0001	1.0000
Smarc13880_chrm01_circ_862318	PS_Sm_r02_2017_01_09_L001	4	0.0000	0.0001	1.0000
Smarc13880_chrm01_circ_862318	PS_Sm_r02_2017_02_06_L001	4	0.0000	0.0001	1.0000
Smarc13880_chrm01_circ_862318	PS_Sm_r02_2017_03_06_L001	4	0.0000	0.0001	1.0000
Smarc13880_chrm01_circ_862318	PS_Sm_r02_2017_04_03_L001	4	0.0103	0.0015	1.0000
Smarc13880_chrm01_circ_862318	PS_Sm_r02_2017_05_29_L001	4	0.5154	0.0176	1.0000
Smarc13880_chrm01_circ_862318	PS_Sm_r02_2017_07_24_L001	4	0.8826	0.0111	1.0000
Smarc13880_chrm01_circ_862318	PS_Sm_r02_2017_08_21_L001	4	0.8323	0.0126	1.0000
Smarc13880_chrm01_circ_862318	PS_Sm_r02_2017_09_18_L001	4	0.8554	0.0123	1.0000
Smarc13880_chrm01_circ_878551	PS_Sm_r02_2015_08_24_L001-L004_merged	4	0.0000	0.0006	1.0000
Smarc13880_chrm01_circ_878551	PS_Sm_r02_2015_09_21_L002	4	0.0001	0.0011	1.0000
Smarc13880_chrm01_circ_878551	PS_Sm_r02_2015_10_19_L001	4	0.0000	0.0000	1.0000
Smarc13880_chrm01_circ_878551	PS_Sm_r02_2015_11_16_L001	4	0.0000	0.0000	1.0000
Smarc13880_chrm01_circ_878551	PS_Sm_r02_2015_12_14_L001	4	0.0000	0.0000	1.0000
Smarc13880_chrm01_circ_878551	PS_Sm_r02_2016_01_11_L001	4	0.0000	0.0001	1.0000
Smarc13880_chrm01_circ_878551	PS_Sm_r02_2016_02_08_L001	4	0.0000	0.0000	1.0000
Smarc13880_chrm01_circ_878551	PS_Sm_r02_2016_03_07_L001	4	0.0000	0.0001	1.0000
Smarc13880_chrm01_circ_878551	PS_Sm_r02_2016_04_03_L001	4	0.0000	0.0001	1.0000
Smarc13880_chrm01_circ_878551	PS_Sm_r02_2016_05_04_L001	4	0.0000	0.0001	1.0000
Smarc13880_chrm01_circ_878551	PS_Sm_r02_2016_05_30_L001	4	0.0000	0.0001	1.0000
Smarc13880_chrm01_circ_878551	PS_Sm_r02_2016_07_25_L003	4	0.0000	0.0002	1.0000
Smarc13880_chrm01_circ_878551	PS_Sm_r02_2016_08_22_L003	4	0.0000	0.0005	1.0000
Smarc13880_chrm01_circ_878551	PS_Sm_r02_2016_09_19_L003	4	0.0000	0.0003	1.0000
Smarc13880_chrm01_circ_878551	PS_Sm_r02_2016_10_17_L001	4	0.0000	0.0002	1.0000
Smarc13880_chrm01_circ_878551	PS_Sm_r02_2016_11_14_L001	4	0.0000	0.0003	1.0000
Smarc13880_chrm01_circ_878551	PS_Sm_r02_2016_12_12_L001	4	0.0000	0.0001	1.0000
Smarc13880_chrm01_circ_878551	PS_Sm_r02_2017_01_09_L001	4	0.0000	0.0001	1.0000
Smarc13880_chrm01_circ_878551	PS_Sm_r02_2017_02_06_L001	4	0.0000	0.0001	1.0000
Smarc13880_chrm01_circ_878551	PS_Sm_r02_2017_03_06_L001	4	0.0000	0.0001	1.0000
Smarc13880_chrm01_circ_878551	PS_Sm_r02_2017_04_03_L001	4	0.0103	0.0015	1.0000
Smarc13880_chrm01_circ_878551	PS_Sm_r02_2017_05_29_L001	4	0.5154	0.0176	1.0000
Smarc13880_chrm01_circ_878551	PS_Sm_r02_2017_07_24_L001	4	0.8826	0.0111	1.0000
Smarc13880_chrm01_circ_878551	PS_Sm_r02_2017_08_21_L001	4	0.8323	0.0126	1.0000
Smarc13880_chrm01_circ_878551	PS_Sm_r02_2017_09_18_L001	4	0.8554	0.0123	1.0000
Smarc13880_chrm01_circ_1526069	PS_Sm_r02_2015_08_24_L001-L004_merged	5	0.0014	0.0040	1.0000
Smarc13880_chrm01_circ_1526069	PS_Sm_r02_2015_09_21_L002	5	0.0024	0.0054	1.0000
Smarc13880_chrm01_circ_1526069	PS_Sm_r02_2015_10_19_L001	5	0.0002	0.0013	1.0000
Smarc13880_chrm01_circ_1526069	PS_Sm_r02_2015_11_16_L001	5	0.0002	0.0014	1.0000
Smarc13880_chrm01_circ_1526069	PS_Sm_r02_2015_12_14_L001	5	0.0002	0.0013	1.0000
Smarc13880_chrm01_circ_1526069	PS_Sm_r02_2016_01_11_L001	5	0.0026	0.0047	1.0000
Smarc13880_chrm01_circ_1526069	PS_Sm_r02_2016_02_08_L001	5	0.0066	0.0054	1.0000
Smarc13880_chrm01_circ_1526069	PS_Sm_r02_2016_03_07_L001	5	0.0002	0.0014	1.0000
Smarc13880_chrm01_circ_1526069	PS_Sm_r02_2016_04_03_L001	5	0.0004	0.0020	1.0000
Smarc13880_chrm01_circ_1526069	PS_Sm_r02_2016_05_04_L001	5	0.0184	0.0075	1.0000
Smarc13880_chrm01_circ_1526069	PS_Sm_r02_2016_05_30_L001	5	0.0608	0.0141	1.0000
Smarc13880_chrm01_circ_1526069	PS_Sm_r02_2016_07_25_L003	5	0.2970	0.0261	1.0000
Smarc13880_chrm01_circ_1526069	PS_Sm_r02_2016_08_22_L003	5	0.2688	0.0290	1.0000
Smarc13880_chrm01_circ_1526069	PS_Sm_r02_2016_09_19_L003	5	0.3552	0.0329	1.0000
Smarc13880_chrm01_circ_1526069	PS_Sm_r02_2016_10_17_L001	5	0.3897	0.0293	1.0000
Smarc13880_chrm01_circ_1526069	PS_Sm_r02_2016_11_14_L001	5	0.2900	0.0261	1.0000
Smarc13880_chrm01_circ_1526069	PS_Sm_r02_2016_12_12_L001	5	0.4298	0.0276	1.0000
Smarc13880_chrm01_circ_1526069	PS_Sm_r02_2017_01_09_L001	5	0.4530	0.0258	1.0000
Smarc13880_chrm01_circ_1526069	PS_Sm_r02_2017_02_06_L001	5	0.4433	0.0275	1.0000
Smarc13880_chrm01_circ_1526069	PS_Sm_r02_2017_03_06_L001	5	0.3648	0.0248	1.0000
Smarc13880_chrm01_circ_1526069	PS_Sm_r02_2017_04_03_L001	5	0.3885	0.0290	1.0000
Smarc13880_chrm01_circ_1526069	PS_Sm_r02_2017_05_29_L001	5	0.6434	0.0292	1.0000
Smarc13880_chrm01_circ_1526069	PS_Sm_r02_2017_07_24_L001	5	0.9108	0.0165	1.0000
Smarc13880_chrm01_circ_1526069	PS_Sm_r02_2017_08_21_L001	5	0.8741	0.0192	1.0000
Smarc13880_chrm01_circ_1526069	PS_Sm_r02_2017_09_18_L001	5	0.8499	0.0205	1.0000
Smarc13880_chrm01_circ_2986087	PS_Sm_r02_2015_08_24_L001-L004_merged	5	0.0014	0.0040	1.0000
Smarc13880_chrm01_circ_2986087	PS_Sm_r02_2015_09_21_L002	5	0.0024	0.0054	1.0000
Smarc13880_chrm01_circ_2986087	PS_Sm_r02_2015_10_19_L001	5	0.0002	0.0013	1.0000
Smarc13880_chrm01_circ_2986087	PS_Sm_r02_2015_11_16_L001	5	0.0002	0.0014	1.0000
Smarc13880_chrm01_circ_2986087	PS_Sm_r02_2015_12_14_L001	5	0.0002	0.0013	1.0000
Smarc13880_chrm01_circ_2986087	PS_Sm_r02_2016_01_11_L001	5	0.0026	0.0047	1.0000
Smarc13880_chrm01_circ_2986087	PS_Sm_r02_2016_02_08_L001	5	0.0066	0.0054	1.0000
Smarc13880_chrm01_circ_2986087	PS_Sm_r02_2016_03_07_L001	5	0.0002	0.0014	1.0000
Smarc13880_chrm01_circ_2986087	PS_Sm_r02_2016_04_03_L001	5	0.0004	0.0020	1.0000
Smarc13880_chrm01_circ_2986087	PS_Sm_r02_2016_05_04_L001	5	0.0184	0.0075	1.0000
Smarc13880_chrm01_circ_2986087	PS_Sm_r02_2016_05_30_L001	5	0.0608	0.0141	1.0000
Smarc13880_chrm01_circ_2986087	PS_Sm_r02_2016_07_25_L003	5	0.2970	0.0261	1.0000
Smarc13880_chrm01_circ_2986087	PS_Sm_r02_2016_08_22_L003	5	0.2688	0.0290	1.0000
Smarc13880_chrm01_circ_2986087	PS_Sm_r02_2016_09_19_L003	5	0.3552	0.0329	1.0000
Smarc13880_chrm01_circ_2986087	PS_Sm_r02_2016_10_17_L001	5	0.3897	0.0293	1.0000
Smarc13880_chrm01_circ_2986087	PS_Sm_r02_2016_11_14_L001	5	0.2900	0.0261	1.0000
Smarc13880_chrm01_circ_2986087	PS_Sm_r02_2016_12_12_L001	5	0.4298	0.0276	1.0000
Smarc13880_chrm01_circ_2986087	PS_Sm_r02_2017_01_09_L001	5	0.4530	0.0258	1.0000
Smarc13880_chrm01_circ_2986087	PS_Sm_r02_2017_02_06_L001	5	0.4433	0.0275	1.0000
Smarc13880_chrm01_circ_2986087	PS_Sm_r02_2017_03_06_L001	5	0.3648	0.0248	1.0000
Smarc13880_chrm01_circ_2986087	PS_Sm_r02_2017_04_03_L001	5	0.3885	0.0290	1.0000
Smarc13880_chrm01_circ_2986087	PS_Sm_r02_2017_05_29_L001	5	0.6434	0.0292	1.0000
Smarc13880_chrm01_circ_2986087	PS_Sm_r02_2017_07_24_L001	5	0.9108	0.0165	1.0000
Smarc13880_chrm01_circ_2986087	PS_Sm_r02_2017_08_21_L001	5	0.8741	0.0192	1.0000
Smarc13880_chrm01_circ_2986087	PS_Sm_r02_2017_09_18_L001	5	0.8499	0.0205	1.0000
Smarc13880_chrm01_circ_430404	PS_Sm_r02_2015_08_24_L001-L004_merged	5	0.0014	0.0040	1.0000
Smarc13880_chrm01_circ_430404	PS_Sm_r02_2015_09_21_L002	5	0.0024	0.0054	1.0000
Smarc13880_chrm01_circ_430404	PS_Sm_r02_2015_10_19_L001	5	0.0002	0.0013	1.0000
Smarc13880_chrm01_circ_430404	PS_Sm_r02_2015_11_16_L001	5	0.0002	0.0014	1.0000
Smarc13880_chrm01_circ_430404	PS_Sm_r02_2015_12_14_L001	5	0.0002	0.0013	1.0000
Smarc13880_chrm01_circ_430404	PS_Sm_r02_2016_01_11_L001	5	0.0026	0.0047	1.0000
Smarc13880_chrm01_circ_430404	PS_Sm_r02_2016_02_08_L001	5	0.0066	0.0054	1.0000
Smarc13880_chrm01_circ_430404	PS_Sm_r02_2016_03_07_L001	5	0.0002	0.0014	1.0000
Smarc13880_chrm01_circ_430404	PS_Sm_r02_2016_04_03_L001	5	0.0004	0.0020	1.0000
Smarc13880_chrm01_circ_430404	PS_Sm_r02_2016_05_04_L001	5	0.0184	0.0075	1.0000
Smarc13880_chrm01_circ_430404	PS_Sm_r02_2016_05_30_L001	5	0.0608	0.0141	1.0000
Smarc13880_chrm01_circ_430404	PS_Sm_r02_2016_07_25_L003	5	0.2970	0.0261	1.0000
Smarc13880_chrm01_circ_430404	PS_Sm_r02_2016_08_22_L003	5	0.2688	0.0290	1.0000
Smarc13880_chrm01_circ_430404	PS_Sm_r02_2016_09_19_L003	5	0.3552	0.0329	1.0000
Smarc13880_chrm01_circ_430404	PS_Sm_r02_2016_10_17_L001	5	0.3897	0.0293	1.0000
Smarc13880_chrm01_circ_430404	PS_Sm_r02_2016_11_14_L001	5	0.2900	0.0261	1.0000
Smarc13880_chrm01_circ_430404	PS_Sm_r02_2016_12_12_L001	5	0.4298	0.0276	1.0000
Smarc13880_chrm01_circ_430404	PS_Sm_r02_2017_01_09_L001	5	0.4530	0.0258	1.0000
Smarc13880_chrm01_circ_430404	PS_Sm_r02_2017_02_06_L001	5	0.4433	0.0275	1.0000
Smarc13880_chrm01_circ_430404	PS_Sm_r02_2017_03_06_L001	5	0.3648	0.0248	1.0000
Smarc13880_chrm01_circ_430404	PS_Sm_r02_2017_04_03_L001	5	0.3885	0.0290	1.0000
Smarc13880_chrm01_circ_430404	PS_Sm_r02_2017_05_29_L001	5	0.6434	0.0292	1.0000
Smarc13880_chrm01_circ_430404	PS_Sm_r02_2017_07_24_L001	5	0.9108	0.0165	1.0000
Smarc13880_chrm01_circ_430404	PS_Sm_r02_2017_08_21_L001	5	0.8741	0.0192	1.0000
Smarc13880_chrm01_circ_430404	PS_Sm_r02_2017_09_18_L001	5	0.8499	0.0205	1.0000
Smarc13880_chrm01_circ_630782	PS_Sm_r02_2015_08_24_L001-L004_merged	5	0.0014	0.0040	1.0000
Smarc13880_chrm01_circ_630782	PS_Sm_r02_2015_09_21_L002	5	0.0024	0.0054	1.0000
Smarc13880_chrm01_circ_630782	PS_Sm_r02_2015_10_19_L001	5	0.0002	0.0013	1.0000
Smarc13880_chrm01_circ_630782	PS_Sm_r02_2015_11_16_L001	5	0.0002	0.0014	1.0000
Smarc13880_chrm01_circ_630782	PS_Sm_r02_2015_12_14_L001	5	0.0002	0.0013	1.0000
Smarc13880_chrm01_circ_630782	PS_Sm_r02_2016_01_11_L001	5	0.0026	0.0047	1.0000
Smarc13880_chrm01_circ_630782	PS_Sm_r02_2016_02_08_L001	5	0.0066	0.0054	1.0000
Smarc13880_chrm01_circ_630782	PS_Sm_r02_2016_03_07_L001	5	0.0002	0.0014	1.0000
Smarc13880_chrm01_circ_630782	PS_Sm_r02_2016_04_03_L001	5	0.0004	0.0020	1.0000
Smarc13880_chrm01_circ_630782	PS_Sm_r02_2016_05_04_L001	5	0.0184	0.0075	1.0000
Smarc13880_chrm01_circ_630782	PS_Sm_r02_2016_05_30_L001	5	0.0608	0.0141	1.0000
Smarc13880_chrm01_circ_630782	PS_Sm_r02_2016_07_25_L003	5	0.2970	0.0261	1.0000
Smarc13880_chrm01_circ_630782	PS_Sm_r02_2016_08_22_L003	5	0.2688	0.0290	1.0000
Smarc13880_chrm01_circ_630782	PS_Sm_r02_2016_09_19_L003	5	0.3552	0.0329	1.0000
Smarc13880_chrm01_circ_630782	PS_Sm_r02_2016_10_17_L001	5	0.3897	0.0293	1.0000
Smarc13880_chrm01_circ_630782	PS_Sm_r02_2016_11_14_L001	5	0.2900	0.0261	1.0000
Smarc13880_chrm01_circ_630782	PS_Sm_r02_2016_12_12_L001	5	0.4298	0.0276	1.0000
Smarc13880_chrm01_circ_630782	PS_Sm_r02_2017_01_09_L001	5	0.4530	0.0258	1.0000
Smarc13880_chrm01_circ_630782	PS_Sm_r02_2017_02_06_L001	5	0.4433	0.0275	1.0000
Smarc13880_chrm01_circ_630782	PS_Sm_r02_2017_03_06_L001	5	0.3648	0.0248	1.0000
Smarc13880_chrm01_circ_630782	PS_Sm_r02_2017_04_03_L001	5	0.3885	0.0290	1.0000
Smarc13880_chrm01_circ_630782	PS_Sm_r02_2017_05_29_L001	5	0.6434	0.0292	1.0000
Smarc13880_chrm01_circ_630782	PS_Sm_r02_2017_07_24_L001	5	0.9108	0.0165	1.0000
Smarc13880_chrm01_circ_630782	PS_Sm_r02_2017_08_21_L001	5	0.8741	0.0192	1.0000
Smarc13880_chrm01_circ_630782	PS_Sm_r02_2017_09_18_L001	5	0.8499	0.0205	1.0000
