mutation_id	sample_id	ref_counts	alt_counts	major_cn	minor_cn	normal_cn
HAMBI_0403_chrm01_circ_1041879	NP_Ct_r01_2016_10_11_L001-L004_merged	83	0	1	0	1
HAMBI_0403_chrm01_circ_1048627	NP_Ct_r01_2016_10_11_L001-L004_merged	86	0	1	0	1
HAMBI_0403_chrm01_circ_1087633	NP_Ct_r01_2016_10_11_L001-L004_merged	64	0	1	0	1
HAMBI_0403_chrm01_circ_1089569	NP_Ct_r01_2016_10_11_L001-L004_merged	55	0	1	0	1
HAMBI_0403_chrm01_circ_1179102	NP_Ct_r01_2016_10_11_L001-L004_merged	64	0	1	0	1
HAMBI_0403_chrm01_circ_1204312	NP_Ct_r01_2016_10_11_L001-L004_merged	105	0	1	0	1
HAMBI_0403_chrm01_circ_1208537	NP_Ct_r01_2016_10_11_L001-L004_merged	87	0	1	0	1
HAMBI_0403_chrm01_circ_1220169	NP_Ct_r01_2016_10_11_L001-L004_merged	61	0	1	0	1
HAMBI_0403_chrm01_circ_1269396	NP_Ct_r01_2016_10_11_L001-L004_merged	53	0	1	0	1
HAMBI_0403_chrm01_circ_1274492	NP_Ct_r01_2016_10_11_L001-L004_merged	63	0	1	0	1
HAMBI_0403_chrm01_circ_1276454	NP_Ct_r01_2016_10_11_L001-L004_merged	77	0	1	0	1
HAMBI_0403_chrm01_circ_1331081	NP_Ct_r01_2016_10_11_L001-L004_merged	81	0	1	0	1
HAMBI_0403_chrm01_circ_1381129	NP_Ct_r01_2016_10_11_L001-L004_merged	82	0	1	0	1
HAMBI_0403_chrm01_circ_140925	NP_Ct_r01_2016_10_11_L001-L004_merged	79	0	1	0	1
HAMBI_0403_chrm01_circ_1432433	NP_Ct_r01_2016_10_11_L001-L004_merged	89	0	1	0	1
HAMBI_0403_chrm01_circ_1433097	NP_Ct_r01_2016_10_11_L001-L004_merged	80	0	1	0	1
HAMBI_0403_chrm01_circ_1508043	NP_Ct_r01_2016_10_11_L001-L004_merged	95	0	1	0	1
HAMBI_0403_chrm01_circ_1512989	NP_Ct_r01_2016_10_11_L001-L004_merged	99	0	1	0	1
HAMBI_0403_chrm01_circ_1521289	NP_Ct_r01_2016_10_11_L001-L004_merged	92	0	1	0	1
HAMBI_0403_chrm01_circ_1531856	NP_Ct_r01_2016_10_11_L001-L004_merged	54	0	1	0	1
HAMBI_0403_chrm01_circ_156034	NP_Ct_r01_2016_10_11_L001-L004_merged	101	0	1	0	1
HAMBI_0403_chrm01_circ_1584852	NP_Ct_r01_2016_10_11_L001-L004_merged	87	0	1	0	1
HAMBI_0403_chrm01_circ_1588427	NP_Ct_r01_2016_10_11_L001-L004_merged	85	0	1	0	1
HAMBI_0403_chrm01_circ_162518	NP_Ct_r01_2016_10_11_L001-L004_merged	80	0	1	0	1
HAMBI_0403_chrm01_circ_1631016	NP_Ct_r01_2016_10_11_L001-L004_merged	79	0	1	0	1
HAMBI_0403_chrm01_circ_1655504	NP_Ct_r01_2016_10_11_L001-L004_merged	80	0	1	0	1
HAMBI_0403_chrm01_circ_1680554	NP_Ct_r01_2016_10_11_L001-L004_merged	98	0	1	0	1
HAMBI_0403_chrm01_circ_1684934	NP_Ct_r01_2016_10_11_L001-L004_merged	72	0	1	0	1
HAMBI_0403_chrm01_circ_1748339	NP_Ct_r01_2016_10_11_L001-L004_merged	99	0	1	0	1
HAMBI_0403_chrm01_circ_1825191	NP_Ct_r01_2016_10_11_L001-L004_merged	72	0	1	0	1
HAMBI_0403_chrm01_circ_1831193	NP_Ct_r01_2016_10_11_L001-L004_merged	97	0	1	0	1
HAMBI_0403_chrm01_circ_1964254	NP_Ct_r01_2016_10_11_L001-L004_merged	71	0	1	0	1
HAMBI_0403_chrm01_circ_19727	NP_Ct_r01_2016_10_11_L001-L004_merged	49	0	1	0	1
HAMBI_0403_chrm01_circ_1985537	NP_Ct_r01_2016_10_11_L001-L004_merged	69	0	1	0	1
HAMBI_0403_chrm01_circ_1990830	NP_Ct_r01_2016_10_11_L001-L004_merged	76	0	1	0	1
HAMBI_0403_chrm01_circ_2035209	NP_Ct_r01_2016_10_11_L001-L004_merged	83	0	1	0	1
HAMBI_0403_chrm01_circ_2070393	NP_Ct_r01_2016_10_11_L001-L004_merged	57	0	1	0	1
HAMBI_0403_chrm01_circ_2085642	NP_Ct_r01_2016_10_11_L001-L004_merged	88	0	1	0	1
HAMBI_0403_chrm01_circ_2164967	NP_Ct_r01_2016_10_11_L001-L004_merged	106	0	1	0	1
HAMBI_0403_chrm01_circ_2170475	NP_Ct_r01_2016_10_11_L001-L004_merged	90	0	1	0	1
HAMBI_0403_chrm01_circ_2183342	NP_Ct_r01_2016_10_11_L001-L004_merged	68	0	1	0	1
HAMBI_0403_chrm01_circ_2210141	NP_Ct_r01_2016_10_11_L001-L004_merged	89	0	1	0	1
HAMBI_0403_chrm01_circ_2247210	NP_Ct_r01_2016_10_11_L001-L004_merged	93	0	1	0	1
HAMBI_0403_chrm01_circ_2263832	NP_Ct_r01_2016_10_11_L001-L004_merged	80	0	1	0	1
HAMBI_0403_chrm01_circ_2264970	NP_Ct_r01_2016_10_11_L001-L004_merged	76	0	1	0	1
HAMBI_0403_chrm01_circ_2275854	NP_Ct_r01_2016_10_11_L001-L004_merged	79	0	1	0	1
HAMBI_0403_chrm01_circ_2288765	NP_Ct_r01_2016_10_11_L001-L004_merged	74	0	1	0	1
HAMBI_0403_chrm01_circ_2298099	NP_Ct_r01_2016_10_11_L001-L004_merged	67	0	1	0	1
HAMBI_0403_chrm01_circ_2303297	NP_Ct_r01_2016_10_11_L001-L004_merged	71	0	1	0	1
HAMBI_0403_chrm01_circ_2354987	NP_Ct_r01_2016_10_11_L001-L004_merged	81	0	1	0	1
HAMBI_0403_chrm01_circ_2357485	NP_Ct_r01_2016_10_11_L001-L004_merged	90	0	1	0	1
HAMBI_0403_chrm01_circ_2399050	NP_Ct_r01_2016_10_11_L001-L004_merged	87	0	1	0	1
HAMBI_0403_chrm01_circ_2399143	NP_Ct_r01_2016_10_11_L001-L004_merged	78	0	1	0	1
HAMBI_0403_chrm01_circ_2399712	NP_Ct_r01_2016_10_11_L001-L004_merged	99	0	1	0	1
HAMBI_0403_chrm01_circ_2400679	NP_Ct_r01_2016_10_11_L001-L004_merged	84	0	1	0	1
HAMBI_0403_chrm01_circ_2406988	NP_Ct_r01_2016_10_11_L001-L004_merged	81	0	1	0	1
HAMBI_0403_chrm01_circ_245301	NP_Ct_r01_2016_10_11_L001-L004_merged	99	0	1	0	1
HAMBI_0403_chrm01_circ_2464548	NP_Ct_r01_2016_10_11_L001-L004_merged	59	0	1	0	1
HAMBI_0403_chrm01_circ_2494812	NP_Ct_r01_2016_10_11_L001-L004_merged	82	0	1	0	1
HAMBI_0403_chrm01_circ_2511562	NP_Ct_r01_2016_10_11_L001-L004_merged	77	0	1	0	1
HAMBI_0403_chrm01_circ_2556378	NP_Ct_r01_2016_10_11_L001-L004_merged	76	0	1	0	1
HAMBI_0403_chrm01_circ_2575375	NP_Ct_r01_2016_10_11_L001-L004_merged	66	0	1	0	1
HAMBI_0403_chrm01_circ_2610889	NP_Ct_r01_2016_10_11_L001-L004_merged	71	0	1	0	1
HAMBI_0403_chrm01_circ_264598	NP_Ct_r01_2016_10_11_L001-L004_merged	109	0	1	0	1
HAMBI_0403_chrm01_circ_2695541	NP_Ct_r01_2016_10_11_L001-L004_merged	83	0	1	0	1
HAMBI_0403_chrm01_circ_2742453	NP_Ct_r01_2016_10_11_L001-L004_merged	99	0	1	0	1
HAMBI_0403_chrm01_circ_2835885	NP_Ct_r01_2016_10_11_L001-L004_merged	71	0	1	0	1
HAMBI_0403_chrm01_circ_283781	NP_Ct_r01_2016_10_11_L001-L004_merged	74	0	1	0	1
HAMBI_0403_chrm01_circ_2845191	NP_Ct_r01_2016_10_11_L001-L004_merged	68	0	1	0	1
HAMBI_0403_chrm01_circ_2869812	NP_Ct_r01_2016_10_11_L001-L004_merged	79	0	1	0	1
HAMBI_0403_chrm01_circ_2883870	NP_Ct_r01_2016_10_11_L001-L004_merged	82	0	1	0	1
HAMBI_0403_chrm01_circ_2925854	NP_Ct_r01_2016_10_11_L001-L004_merged	49	0	1	0	1
HAMBI_0403_chrm01_circ_2975196	NP_Ct_r01_2016_10_11_L001-L004_merged	52	0	1	0	1
HAMBI_0403_chrm01_circ_2998776	NP_Ct_r01_2016_10_11_L001-L004_merged	87	0	1	0	1
HAMBI_0403_chrm01_circ_3000465	NP_Ct_r01_2016_10_11_L001-L004_merged	95	0	1	0	1
HAMBI_0403_chrm01_circ_3006282	NP_Ct_r01_2016_10_11_L001-L004_merged	78	0	1	0	1
HAMBI_0403_chrm01_circ_3028838	NP_Ct_r01_2016_10_11_L001-L004_merged	72	0	1	0	1
HAMBI_0403_chrm01_circ_3031198	NP_Ct_r01_2016_10_11_L001-L004_merged	70	0	1	0	1
HAMBI_0403_chrm01_circ_3060179	NP_Ct_r01_2016_10_11_L001-L004_merged	89	0	1	0	1
HAMBI_0403_chrm01_circ_3083534	NP_Ct_r01_2016_10_11_L001-L004_merged	82	0	1	0	1
HAMBI_0403_chrm01_circ_3087289	NP_Ct_r01_2016_10_11_L001-L004_merged	75	0	1	0	1
HAMBI_0403_chrm01_circ_3103731	NP_Ct_r01_2016_10_11_L001-L004_merged	74	0	1	0	1
HAMBI_0403_chrm01_circ_3117371	NP_Ct_r01_2016_10_11_L001-L004_merged	76	0	1	0	1
HAMBI_0403_chrm01_circ_3143395	NP_Ct_r01_2016_10_11_L001-L004_merged	88	0	1	0	1
HAMBI_0403_chrm01_circ_3150420	NP_Ct_r01_2016_10_11_L001-L004_merged	81	0	1	0	1
HAMBI_0403_chrm01_circ_3171763	NP_Ct_r01_2016_10_11_L001-L004_merged	87	0	1	0	1
HAMBI_0403_chrm01_circ_3178892	NP_Ct_r01_2016_10_11_L001-L004_merged	54	0	1	0	1
HAMBI_0403_chrm01_circ_3183496	NP_Ct_r01_2016_10_11_L001-L004_merged	82	0	1	0	1
HAMBI_0403_chrm01_circ_3202926	NP_Ct_r01_2016_10_11_L001-L004_merged	88	0	1	0	1
HAMBI_0403_chrm01_circ_3206418	NP_Ct_r01_2016_10_11_L001-L004_merged	91	0	1	0	1
HAMBI_0403_chrm01_circ_3236488	NP_Ct_r01_2016_10_11_L001-L004_merged	78	0	1	0	1
HAMBI_0403_chrm01_circ_3316564	NP_Ct_r01_2016_10_11_L001-L004_merged	87	0	1	0	1
HAMBI_0403_chrm01_circ_3319670	NP_Ct_r01_2016_10_11_L001-L004_merged	90	0	1	0	1
HAMBI_0403_chrm01_circ_3321404	NP_Ct_r01_2016_10_11_L001-L004_merged	65	0	1	0	1
HAMBI_0403_chrm01_circ_3322346	NP_Ct_r01_2016_10_11_L001-L004_merged	73	0	1	0	1
HAMBI_0403_chrm01_circ_3348412	NP_Ct_r01_2016_10_11_L001-L004_merged	85	0	1	0	1
HAMBI_0403_chrm01_circ_3430586	NP_Ct_r01_2016_10_11_L001-L004_merged	75	0	1	0	1
HAMBI_0403_chrm01_circ_3430600	NP_Ct_r01_2016_10_11_L001-L004_merged	70	0	1	0	1
HAMBI_0403_chrm01_circ_3514428	NP_Ct_r01_2016_10_11_L001-L004_merged	102	0	1	0	1
HAMBI_0403_chrm01_circ_3521312	NP_Ct_r01_2016_10_11_L001-L004_merged	85	0	1	0	1
HAMBI_0403_chrm01_circ_3543589	NP_Ct_r01_2016_10_11_L001-L004_merged	123	0	1	0	1
HAMBI_0403_chrm01_circ_3553466	NP_Ct_r01_2016_10_11_L001-L004_merged	105	0	1	0	1
HAMBI_0403_chrm01_circ_3578564	NP_Ct_r01_2016_10_11_L001-L004_merged	81	0	1	0	1
HAMBI_0403_chrm01_circ_3583051	NP_Ct_r01_2016_10_11_L001-L004_merged	89	0	1	0	1
HAMBI_0403_chrm01_circ_3598998	NP_Ct_r01_2016_10_11_L001-L004_merged	69	0	1	0	1
HAMBI_0403_chrm01_circ_3617983	NP_Ct_r01_2016_10_11_L001-L004_merged	66	0	1	0	1
HAMBI_0403_chrm01_circ_3618655	NP_Ct_r01_2016_10_11_L001-L004_merged	77	0	1	0	1
HAMBI_0403_chrm01_circ_362760	NP_Ct_r01_2016_10_11_L001-L004_merged	68	0	1	0	1
HAMBI_0403_chrm01_circ_363853	NP_Ct_r01_2016_10_11_L001-L004_merged	112	0	1	0	1
HAMBI_0403_chrm01_circ_370267	NP_Ct_r01_2016_10_11_L001-L004_merged	79	0	1	0	1
HAMBI_0403_chrm01_circ_3702984	NP_Ct_r01_2016_10_11_L001-L004_merged	69	0	1	0	1
HAMBI_0403_chrm01_circ_3715513	NP_Ct_r01_2016_10_11_L001-L004_merged	91	0	1	0	1
HAMBI_0403_chrm01_circ_3746085	NP_Ct_r01_2016_10_11_L001-L004_merged	54	0	1	0	1
HAMBI_0403_chrm01_circ_3784310	NP_Ct_r01_2016_10_11_L001-L004_merged	80	0	1	0	1
HAMBI_0403_chrm01_circ_3807928	NP_Ct_r01_2016_10_11_L001-L004_merged	68	0	1	0	1
HAMBI_0403_chrm01_circ_3826549	NP_Ct_r01_2016_10_11_L001-L004_merged	98	0	1	0	1
HAMBI_0403_chrm01_circ_3835502	NP_Ct_r01_2016_10_11_L001-L004_merged	83	0	1	0	1
HAMBI_0403_chrm01_circ_3866040	NP_Ct_r01_2016_10_11_L001-L004_merged	83	0	1	0	1
HAMBI_0403_chrm01_circ_3903420	NP_Ct_r01_2016_10_11_L001-L004_merged	103	0	1	0	1
HAMBI_0403_chrm01_circ_3910409	NP_Ct_r01_2016_10_11_L001-L004_merged	89	0	1	0	1
HAMBI_0403_chrm01_circ_3910572	NP_Ct_r01_2016_10_11_L001-L004_merged	92	0	1	0	1
HAMBI_0403_chrm01_circ_3937432	NP_Ct_r01_2016_10_11_L001-L004_merged	87	0	1	0	1
HAMBI_0403_chrm01_circ_4039075	NP_Ct_r01_2016_10_11_L001-L004_merged	77	0	1	0	1
HAMBI_0403_chrm01_circ_4060726	NP_Ct_r01_2016_10_11_L001-L004_merged	81	0	1	0	1
HAMBI_0403_chrm01_circ_406220	NP_Ct_r01_2016_10_11_L001-L004_merged	98	0	1	0	1
HAMBI_0403_chrm01_circ_4062981	NP_Ct_r01_2016_10_11_L001-L004_merged	71	0	1	0	1
HAMBI_0403_chrm01_circ_4074693	NP_Ct_r01_2016_10_11_L001-L004_merged	88	0	1	0	1
HAMBI_0403_chrm01_circ_4148379	NP_Ct_r01_2016_10_11_L001-L004_merged	107	0	1	0	1
HAMBI_0403_chrm01_circ_4152035	NP_Ct_r01_2016_10_11_L001-L004_merged	96	0	1	0	1
HAMBI_0403_chrm01_circ_417322	NP_Ct_r01_2016_10_11_L001-L004_merged	84	0	1	0	1
HAMBI_0403_chrm01_circ_4206117	NP_Ct_r01_2016_10_11_L001-L004_merged	104	0	1	0	1
HAMBI_0403_chrm01_circ_4214195	NP_Ct_r01_2016_10_11_L001-L004_merged	90	0	1	0	1
HAMBI_0403_chrm01_circ_4217616	NP_Ct_r01_2016_10_11_L001-L004_merged	66	0	1	0	1
HAMBI_0403_chrm01_circ_42377	NP_Ct_r01_2016_10_11_L001-L004_merged	96	0	1	0	1
HAMBI_0403_chrm01_circ_4269316	NP_Ct_r01_2016_10_11_L001-L004_merged	94	0	1	0	1
HAMBI_0403_chrm01_circ_4274685	NP_Ct_r01_2016_10_11_L001-L004_merged	79	0	1	0	1
HAMBI_0403_chrm01_circ_4285286	NP_Ct_r01_2016_10_11_L001-L004_merged	79	0	1	0	1
HAMBI_0403_chrm01_circ_4287997	NP_Ct_r01_2016_10_11_L001-L004_merged	55	0	1	0	1
HAMBI_0403_chrm01_circ_4388411	NP_Ct_r01_2016_10_11_L001-L004_merged	85	0	1	0	1
HAMBI_0403_chrm01_circ_4410252	NP_Ct_r01_2016_10_11_L001-L004_merged	84	0	1	0	1
HAMBI_0403_chrm01_circ_4439367	NP_Ct_r01_2016_10_11_L001-L004_merged	75	0	1	0	1
HAMBI_0403_chrm01_circ_444757	NP_Ct_r01_2016_10_11_L001-L004_merged	96	0	1	0	1
HAMBI_0403_chrm01_circ_4507219	NP_Ct_r01_2016_10_11_L001-L004_merged	89	0	1	0	1
HAMBI_0403_chrm01_circ_4557583	NP_Ct_r01_2016_10_11_L001-L004_merged	80	0	1	0	1
HAMBI_0403_chrm01_circ_4569372	NP_Ct_r01_2016_10_11_L001-L004_merged	55	0	1	0	1
HAMBI_0403_chrm01_circ_4582948	NP_Ct_r01_2016_10_11_L001-L004_merged	71	0	1	0	1
HAMBI_0403_chrm01_circ_4600184	NP_Ct_r01_2016_10_11_L001-L004_merged	78	0	1	0	1
HAMBI_0403_chrm01_circ_4618691	NP_Ct_r01_2016_10_11_L001-L004_merged	91	0	1	0	1
HAMBI_0403_chrm01_circ_4623649	NP_Ct_r01_2016_10_11_L001-L004_merged	75	0	1	0	1
HAMBI_0403_chrm01_circ_464021	NP_Ct_r01_2016_10_11_L001-L004_merged	80	0	1	0	1
HAMBI_0403_chrm01_circ_4743728	NP_Ct_r01_2016_10_11_L001-L004_merged	72	0	1	0	1
HAMBI_0403_chrm01_circ_4765035	NP_Ct_r01_2016_10_11_L001-L004_merged	84	0	1	0	1
HAMBI_0403_chrm01_circ_4781295	NP_Ct_r01_2016_10_11_L001-L004_merged	88	0	1	0	1
HAMBI_0403_chrm01_circ_4792521	NP_Ct_r01_2016_10_11_L001-L004_merged	91	0	1	0	1
HAMBI_0403_chrm01_circ_4799691	NP_Ct_r01_2016_10_11_L001-L004_merged	87	0	1	0	1
HAMBI_0403_chrm01_circ_4809883	NP_Ct_r01_2016_10_11_L001-L004_merged	95	0	1	0	1
HAMBI_0403_chrm01_circ_4855117	NP_Ct_r01_2016_10_11_L001-L004_merged	85	0	1	0	1
HAMBI_0403_chrm01_circ_4857021	NP_Ct_r01_2016_10_11_L001-L004_merged	72	0	1	0	1
HAMBI_0403_chrm01_circ_487954	NP_Ct_r01_2016_10_11_L001-L004_merged	84	0	1	0	1
HAMBI_0403_chrm01_circ_4888902	NP_Ct_r01_2016_10_11_L001-L004_merged	90	0	1	0	1
HAMBI_0403_chrm01_circ_4916373	NP_Ct_r01_2016_10_11_L001-L004_merged	79	0	1	0	1
HAMBI_0403_chrm01_circ_4972460	NP_Ct_r01_2016_10_11_L001-L004_merged	76	0	1	0	1
HAMBI_0403_chrm01_circ_5014718	NP_Ct_r01_2016_10_11_L001-L004_merged	83	0	1	0	1
HAMBI_0403_chrm01_circ_5042624	NP_Ct_r01_2016_10_11_L001-L004_merged	80	0	1	0	1
HAMBI_0403_chrm01_circ_5045700	NP_Ct_r01_2016_10_11_L001-L004_merged	75	0	1	0	1
HAMBI_0403_chrm01_circ_5060740	NP_Ct_r01_2016_10_11_L001-L004_merged	69	0	1	0	1
HAMBI_0403_chrm01_circ_5083897	NP_Ct_r01_2016_10_11_L001-L004_merged	75	0	1	0	1
HAMBI_0403_chrm01_circ_5114950	NP_Ct_r01_2016_10_11_L001-L004_merged	70	0	1	0	1
HAMBI_0403_chrm01_circ_5136938	NP_Ct_r01_2016_10_11_L001-L004_merged	88	0	1	0	1
HAMBI_0403_chrm01_circ_5158099	NP_Ct_r01_2016_10_11_L001-L004_merged	83	0	1	0	1
HAMBI_0403_chrm01_circ_5175068	NP_Ct_r01_2016_10_11_L001-L004_merged	88	0	1	0	1
HAMBI_0403_chrm01_circ_5179281	NP_Ct_r01_2016_10_11_L001-L004_merged	83	0	1	0	1
HAMBI_0403_chrm01_circ_5192590	NP_Ct_r01_2016_10_11_L001-L004_merged	92	0	1	0	1
HAMBI_0403_chrm01_circ_5198526	NP_Ct_r01_2016_10_11_L001-L004_merged	84	0	1	0	1
HAMBI_0403_chrm01_circ_52227	NP_Ct_r01_2016_10_11_L001-L004_merged	96	0	1	0	1
HAMBI_0403_chrm01_circ_5239272	NP_Ct_r01_2016_10_11_L001-L004_merged	69	0	1	0	1
HAMBI_0403_chrm01_circ_5247950	NP_Ct_r01_2016_10_11_L001-L004_merged	112	0	1	0	1
HAMBI_0403_chrm01_circ_5261930	NP_Ct_r01_2016_10_11_L001-L004_merged	79	0	1	0	1
HAMBI_0403_chrm01_circ_5274030	NP_Ct_r01_2016_10_11_L001-L004_merged	100	0	1	0	1
HAMBI_0403_chrm01_circ_5311213	NP_Ct_r01_2016_10_11_L001-L004_merged	72	0	1	0	1
HAMBI_0403_chrm01_circ_5334246	NP_Ct_r01_2016_10_11_L001-L004_merged	121	0	1	0	1
HAMBI_0403_chrm01_circ_5359752	NP_Ct_r01_2016_10_11_L001-L004_merged	114	0	1	0	1
HAMBI_0403_chrm01_circ_5375036	NP_Ct_r01_2016_10_11_L001-L004_merged	94	0	1	0	1
HAMBI_0403_chrm01_circ_538733	NP_Ct_r01_2016_10_11_L001-L004_merged	79	0	1	0	1
HAMBI_0403_chrm01_circ_5398637	NP_Ct_r01_2016_10_11_L001-L004_merged	91	0	1	0	1
HAMBI_0403_chrm01_circ_5452296	NP_Ct_r01_2016_10_11_L001-L004_merged	94	0	1	0	1
HAMBI_0403_chrm01_circ_5488740	NP_Ct_r01_2016_10_11_L001-L004_merged	89	0	1	0	1
HAMBI_0403_chrm01_circ_5582102	NP_Ct_r01_2016_10_11_L001-L004_merged	77	0	1	0	1
HAMBI_0403_chrm01_circ_5582190	NP_Ct_r01_2016_10_11_L001-L004_merged	68	0	1	0	1
HAMBI_0403_chrm01_circ_5582265	NP_Ct_r01_2016_10_11_L001-L004_merged	74	0	1	0	1
HAMBI_0403_chrm01_circ_5604584	NP_Ct_r01_2016_10_11_L001-L004_merged	78	0	1	0	1
HAMBI_0403_chrm01_circ_5614022	NP_Ct_r01_2016_10_11_L001-L004_merged	77	0	1	0	1
HAMBI_0403_chrm01_circ_5638719	NP_Ct_r01_2016_10_11_L001-L004_merged	83	0	1	0	1
HAMBI_0403_chrm01_circ_5644341	NP_Ct_r01_2016_10_11_L001-L004_merged	89	0	1	0	1
HAMBI_0403_chrm01_circ_5691225	NP_Ct_r01_2016_10_11_L001-L004_merged	82	0	1	0	1
HAMBI_0403_chrm01_circ_5709378	NP_Ct_r01_2016_10_11_L001-L004_merged	95	0	1	0	1
HAMBI_0403_chrm01_circ_5714954	NP_Ct_r01_2016_10_11_L001-L004_merged	59	0	1	0	1
HAMBI_0403_chrm01_circ_5730629	NP_Ct_r01_2016_10_11_L001-L004_merged	68	0	1	0	1
HAMBI_0403_chrm01_circ_5738403	NP_Ct_r01_2016_10_11_L001-L004_merged	79	0	1	0	1
HAMBI_0403_chrm01_circ_606028	NP_Ct_r01_2016_10_11_L001-L004_merged	65	0	1	0	1
HAMBI_0403_chrm01_circ_613689	NP_Ct_r01_2016_10_11_L001-L004_merged	117	0	1	0	1
HAMBI_0403_chrm01_circ_616293	NP_Ct_r01_2016_10_11_L001-L004_merged	94	0	1	0	1
HAMBI_0403_chrm01_circ_637391	NP_Ct_r01_2016_10_11_L001-L004_merged	93	0	1	0	1
HAMBI_0403_chrm01_circ_671146	NP_Ct_r01_2016_10_11_L001-L004_merged	65	0	1	0	1
HAMBI_0403_chrm01_circ_684931	NP_Ct_r01_2016_10_11_L001-L004_merged	26	0	1	0	1
HAMBI_0403_chrm01_circ_748850	NP_Ct_r01_2016_10_11_L001-L004_merged	81	0	1	0	1
HAMBI_0403_chrm01_circ_753790	NP_Ct_r01_2016_10_11_L001-L004_merged	90	0	1	0	1
HAMBI_0403_chrm01_circ_788892	NP_Ct_r01_2016_10_11_L001-L004_merged	53	0	1	0	1
HAMBI_0403_chrm01_circ_831854	NP_Ct_r01_2016_10_11_L001-L004_merged	72	0	1	0	1
HAMBI_0403_chrm01_circ_832539	NP_Ct_r01_2016_10_11_L001-L004_merged	49	0	1	0	1
HAMBI_0403_chrm01_circ_842503	NP_Ct_r01_2016_10_11_L001-L004_merged	88	0	1	0	1
HAMBI_0403_chrm01_circ_848535	NP_Ct_r01_2016_10_11_L001-L004_merged	78	0	1	0	1
HAMBI_0403_chrm01_circ_883423	NP_Ct_r01_2016_10_11_L001-L004_merged	87	0	1	0	1
HAMBI_0403_chrm01_circ_906766	NP_Ct_r01_2016_10_11_L001-L004_merged	77	0	1	0	1
HAMBI_0403_chrm01_circ_916431	NP_Ct_r01_2016_10_11_L001-L004_merged	89	0	1	0	1
HAMBI_0403_chrm01_circ_945635	NP_Ct_r01_2016_10_11_L001-L004_merged	86	0	1	0	1
HAMBI_0403_chrm01_circ_957655	NP_Ct_r01_2016_10_11_L001-L004_merged	97	0	1	0	1
HAMBI_0403_chrm01_circ_957797	NP_Ct_r01_2016_10_11_L001-L004_merged	102	0	1	0	1
HAMBI_0403_chrm01_circ_957871	NP_Ct_r01_2016_10_11_L001-L004_merged	94	0	1	0	1
HAMBI_0403_chrm01_circ_958022	NP_Ct_r01_2016_10_11_L001-L004_merged	118	0	1	0	1
HAMBI_0403_chrm01_circ_958598	NP_Ct_r01_2016_10_11_L001-L004_merged	97	0	1	0	1
HAMBI_0403_chrm01_circ_958829	NP_Ct_r01_2016_10_11_L001-L004_merged	97	0	1	0	1
HAMBI_0403_chrm01_circ_958923	NP_Ct_r01_2016_10_11_L001-L004_merged	94	0	1	0	1
HAMBI_0403_chrm01_circ_966980	NP_Ct_r01_2016_10_11_L001-L004_merged	87	0	1	0	1
HAMBI_0403_plas01_circ_27065	NP_Ct_r01_2016_10_11_L001-L004_merged	207	0	1	0	1
HAMBI_0403_plas01_circ_34644	NP_Ct_r01_2016_10_11_L001-L004_merged	246	0	1	0	1
HAMBI_0403_chrm01_circ_1041879	NP_Ct_r01_2016_12_05_L001-L004_merged	63	0	1	0	1
HAMBI_0403_chrm01_circ_1048627	NP_Ct_r01_2016_12_05_L001-L004_merged	67	0	1	0	1
HAMBI_0403_chrm01_circ_1087633	NP_Ct_r01_2016_12_05_L001-L004_merged	66	0	1	0	1
HAMBI_0403_chrm01_circ_1089569	NP_Ct_r01_2016_12_05_L001-L004_merged	76	0	1	0	1
HAMBI_0403_chrm01_circ_1179102	NP_Ct_r01_2016_12_05_L001-L004_merged	85	0	1	0	1
HAMBI_0403_chrm01_circ_1204312	NP_Ct_r01_2016_12_05_L001-L004_merged	109	0	1	0	1
HAMBI_0403_chrm01_circ_1208537	NP_Ct_r01_2016_12_05_L001-L004_merged	69	0	1	0	1
HAMBI_0403_chrm01_circ_1220169	NP_Ct_r01_2016_12_05_L001-L004_merged	65	0	1	0	1
HAMBI_0403_chrm01_circ_1269396	NP_Ct_r01_2016_12_05_L001-L004_merged	59	0	1	0	1
HAMBI_0403_chrm01_circ_1274492	NP_Ct_r01_2016_12_05_L001-L004_merged	65	0	1	0	1
HAMBI_0403_chrm01_circ_1276454	NP_Ct_r01_2016_12_05_L001-L004_merged	85	0	1	0	1
HAMBI_0403_chrm01_circ_1331081	NP_Ct_r01_2016_12_05_L001-L004_merged	58	1	1	0	1
HAMBI_0403_chrm01_circ_1381129	NP_Ct_r01_2016_12_05_L001-L004_merged	87	0	1	0	1
HAMBI_0403_chrm01_circ_140925	NP_Ct_r01_2016_12_05_L001-L004_merged	75	0	1	0	1
HAMBI_0403_chrm01_circ_1432433	NP_Ct_r01_2016_12_05_L001-L004_merged	74	0	1	0	1
HAMBI_0403_chrm01_circ_1433097	NP_Ct_r01_2016_12_05_L001-L004_merged	68	0	1	0	1
HAMBI_0403_chrm01_circ_1508043	NP_Ct_r01_2016_12_05_L001-L004_merged	80	0	1	0	1
HAMBI_0403_chrm01_circ_1512989	NP_Ct_r01_2016_12_05_L001-L004_merged	83	0	1	0	1
HAMBI_0403_chrm01_circ_1521289	NP_Ct_r01_2016_12_05_L001-L004_merged	66	0	1	0	1
HAMBI_0403_chrm01_circ_1531856	NP_Ct_r01_2016_12_05_L001-L004_merged	75	0	1	0	1
HAMBI_0403_chrm01_circ_156034	NP_Ct_r01_2016_12_05_L001-L004_merged	86	0	1	0	1
HAMBI_0403_chrm01_circ_1584852	NP_Ct_r01_2016_12_05_L001-L004_merged	98	0	1	0	1
HAMBI_0403_chrm01_circ_1588427	NP_Ct_r01_2016_12_05_L001-L004_merged	98	0	1	0	1
HAMBI_0403_chrm01_circ_162518	NP_Ct_r01_2016_12_05_L001-L004_merged	73	0	1	0	1
HAMBI_0403_chrm01_circ_1631016	NP_Ct_r01_2016_12_05_L001-L004_merged	53	0	1	0	1
HAMBI_0403_chrm01_circ_1655504	NP_Ct_r01_2016_12_05_L001-L004_merged	68	0	1	0	1
HAMBI_0403_chrm01_circ_1680554	NP_Ct_r01_2016_12_05_L001-L004_merged	83	0	1	0	1
HAMBI_0403_chrm01_circ_1684934	NP_Ct_r01_2016_12_05_L001-L004_merged	68	0	1	0	1
HAMBI_0403_chrm01_circ_1748339	NP_Ct_r01_2016_12_05_L001-L004_merged	86	0	1	0	1
HAMBI_0403_chrm01_circ_1825191	NP_Ct_r01_2016_12_05_L001-L004_merged	69	0	1	0	1
HAMBI_0403_chrm01_circ_1831193	NP_Ct_r01_2016_12_05_L001-L004_merged	90	0	1	0	1
HAMBI_0403_chrm01_circ_1964254	NP_Ct_r01_2016_12_05_L001-L004_merged	74	0	1	0	1
HAMBI_0403_chrm01_circ_19727	NP_Ct_r01_2016_12_05_L001-L004_merged	71	0	1	0	1
HAMBI_0403_chrm01_circ_1985537	NP_Ct_r01_2016_12_05_L001-L004_merged	68	0	1	0	1
HAMBI_0403_chrm01_circ_1990830	NP_Ct_r01_2016_12_05_L001-L004_merged	70	0	1	0	1
HAMBI_0403_chrm01_circ_2035209	NP_Ct_r01_2016_12_05_L001-L004_merged	62	0	1	0	1
HAMBI_0403_chrm01_circ_2070393	NP_Ct_r01_2016_12_05_L001-L004_merged	59	0	1	0	1
HAMBI_0403_chrm01_circ_2085642	NP_Ct_r01_2016_12_05_L001-L004_merged	84	0	1	0	1
HAMBI_0403_chrm01_circ_2164967	NP_Ct_r01_2016_12_05_L001-L004_merged	85	0	1	0	1
HAMBI_0403_chrm01_circ_2170475	NP_Ct_r01_2016_12_05_L001-L004_merged	76	0	1	0	1
HAMBI_0403_chrm01_circ_2183342	NP_Ct_r01_2016_12_05_L001-L004_merged	70	0	1	0	1
HAMBI_0403_chrm01_circ_2210141	NP_Ct_r01_2016_12_05_L001-L004_merged	75	0	1	0	1
HAMBI_0403_chrm01_circ_2247210	NP_Ct_r01_2016_12_05_L001-L004_merged	82	0	1	0	1
HAMBI_0403_chrm01_circ_2263832	NP_Ct_r01_2016_12_05_L001-L004_merged	89	0	1	0	1
HAMBI_0403_chrm01_circ_2264970	NP_Ct_r01_2016_12_05_L001-L004_merged	75	0	1	0	1
HAMBI_0403_chrm01_circ_2275854	NP_Ct_r01_2016_12_05_L001-L004_merged	73	0	1	0	1
HAMBI_0403_chrm01_circ_2288765	NP_Ct_r01_2016_12_05_L001-L004_merged	72	0	1	0	1
HAMBI_0403_chrm01_circ_2298099	NP_Ct_r01_2016_12_05_L001-L004_merged	78	0	1	0	1
HAMBI_0403_chrm01_circ_2303297	NP_Ct_r01_2016_12_05_L001-L004_merged	68	0	1	0	1
HAMBI_0403_chrm01_circ_2354987	NP_Ct_r01_2016_12_05_L001-L004_merged	90	0	1	0	1
HAMBI_0403_chrm01_circ_2357485	NP_Ct_r01_2016_12_05_L001-L004_merged	76	0	1	0	1
HAMBI_0403_chrm01_circ_2399050	NP_Ct_r01_2016_12_05_L001-L004_merged	63	0	1	0	1
HAMBI_0403_chrm01_circ_2399143	NP_Ct_r01_2016_12_05_L001-L004_merged	70	0	1	0	1
HAMBI_0403_chrm01_circ_2399712	NP_Ct_r01_2016_12_05_L001-L004_merged	107	0	1	0	1
HAMBI_0403_chrm01_circ_2400679	NP_Ct_r01_2016_12_05_L001-L004_merged	70	0	1	0	1
HAMBI_0403_chrm01_circ_2406988	NP_Ct_r01_2016_12_05_L001-L004_merged	77	0	1	0	1
HAMBI_0403_chrm01_circ_245301	NP_Ct_r01_2016_12_05_L001-L004_merged	70	0	1	0	1
HAMBI_0403_chrm01_circ_2464548	NP_Ct_r01_2016_12_05_L001-L004_merged	53	0	1	0	1
HAMBI_0403_chrm01_circ_2494812	NP_Ct_r01_2016_12_05_L001-L004_merged	78	0	1	0	1
HAMBI_0403_chrm01_circ_2511562	NP_Ct_r01_2016_12_05_L001-L004_merged	86	0	1	0	1
HAMBI_0403_chrm01_circ_2556378	NP_Ct_r01_2016_12_05_L001-L004_merged	65	0	1	0	1
HAMBI_0403_chrm01_circ_2575375	NP_Ct_r01_2016_12_05_L001-L004_merged	63	0	1	0	1
HAMBI_0403_chrm01_circ_2610889	NP_Ct_r01_2016_12_05_L001-L004_merged	75	0	1	0	1
HAMBI_0403_chrm01_circ_264598	NP_Ct_r01_2016_12_05_L001-L004_merged	96	0	1	0	1
HAMBI_0403_chrm01_circ_2695541	NP_Ct_r01_2016_12_05_L001-L004_merged	66	0	1	0	1
HAMBI_0403_chrm01_circ_2742453	NP_Ct_r01_2016_12_05_L001-L004_merged	82	0	1	0	1
HAMBI_0403_chrm01_circ_2835885	NP_Ct_r01_2016_12_05_L001-L004_merged	55	0	1	0	1
HAMBI_0403_chrm01_circ_283781	NP_Ct_r01_2016_12_05_L001-L004_merged	68	0	1	0	1
HAMBI_0403_chrm01_circ_2845191	NP_Ct_r01_2016_12_05_L001-L004_merged	82	0	1	0	1
HAMBI_0403_chrm01_circ_2869812	NP_Ct_r01_2016_12_05_L001-L004_merged	53	0	1	0	1
HAMBI_0403_chrm01_circ_2883870	NP_Ct_r01_2016_12_05_L001-L004_merged	71	0	1	0	1
HAMBI_0403_chrm01_circ_2925854	NP_Ct_r01_2016_12_05_L001-L004_merged	49	0	1	0	1
HAMBI_0403_chrm01_circ_2975196	NP_Ct_r01_2016_12_05_L001-L004_merged	51	0	1	0	1
HAMBI_0403_chrm01_circ_2998776	NP_Ct_r01_2016_12_05_L001-L004_merged	71	0	1	0	1
HAMBI_0403_chrm01_circ_3000465	NP_Ct_r01_2016_12_05_L001-L004_merged	95	0	1	0	1
HAMBI_0403_chrm01_circ_3006282	NP_Ct_r01_2016_12_05_L001-L004_merged	85	0	1	0	1
HAMBI_0403_chrm01_circ_3028838	NP_Ct_r01_2016_12_05_L001-L004_merged	73	0	1	0	1
HAMBI_0403_chrm01_circ_3031198	NP_Ct_r01_2016_12_05_L001-L004_merged	50	0	1	0	1
HAMBI_0403_chrm01_circ_3060179	NP_Ct_r01_2016_12_05_L001-L004_merged	53	0	1	0	1
HAMBI_0403_chrm01_circ_3083534	NP_Ct_r01_2016_12_05_L001-L004_merged	71	0	1	0	1
HAMBI_0403_chrm01_circ_3087289	NP_Ct_r01_2016_12_05_L001-L004_merged	89	0	1	0	1
HAMBI_0403_chrm01_circ_3103731	NP_Ct_r01_2016_12_05_L001-L004_merged	76	0	1	0	1
HAMBI_0403_chrm01_circ_3117371	NP_Ct_r01_2016_12_05_L001-L004_merged	60	0	1	0	1
HAMBI_0403_chrm01_circ_3143395	NP_Ct_r01_2016_12_05_L001-L004_merged	69	0	1	0	1
HAMBI_0403_chrm01_circ_3150420	NP_Ct_r01_2016_12_05_L001-L004_merged	93	0	1	0	1
HAMBI_0403_chrm01_circ_3171763	NP_Ct_r01_2016_12_05_L001-L004_merged	79	0	1	0	1
HAMBI_0403_chrm01_circ_3178892	NP_Ct_r01_2016_12_05_L001-L004_merged	69	0	1	0	1
HAMBI_0403_chrm01_circ_3183496	NP_Ct_r01_2016_12_05_L001-L004_merged	86	0	1	0	1
HAMBI_0403_chrm01_circ_3202926	NP_Ct_r01_2016_12_05_L001-L004_merged	92	0	1	0	1
HAMBI_0403_chrm01_circ_3206418	NP_Ct_r01_2016_12_05_L001-L004_merged	69	0	1	0	1
HAMBI_0403_chrm01_circ_3236488	NP_Ct_r01_2016_12_05_L001-L004_merged	75	0	1	0	1
HAMBI_0403_chrm01_circ_3316564	NP_Ct_r01_2016_12_05_L001-L004_merged	91	0	1	0	1
HAMBI_0403_chrm01_circ_3319670	NP_Ct_r01_2016_12_05_L001-L004_merged	87	0	1	0	1
HAMBI_0403_chrm01_circ_3321404	NP_Ct_r01_2016_12_05_L001-L004_merged	62	0	1	0	1
HAMBI_0403_chrm01_circ_3322346	NP_Ct_r01_2016_12_05_L001-L004_merged	67	0	1	0	1
HAMBI_0403_chrm01_circ_3348412	NP_Ct_r01_2016_12_05_L001-L004_merged	89	0	1	0	1
HAMBI_0403_chrm01_circ_3430586	NP_Ct_r01_2016_12_05_L001-L004_merged	79	0	1	0	1
HAMBI_0403_chrm01_circ_3430600	NP_Ct_r01_2016_12_05_L001-L004_merged	77	0	1	0	1
HAMBI_0403_chrm01_circ_3514428	NP_Ct_r01_2016_12_05_L001-L004_merged	99	0	1	0	1
HAMBI_0403_chrm01_circ_3521312	NP_Ct_r01_2016_12_05_L001-L004_merged	75	0	1	0	1
HAMBI_0403_chrm01_circ_3543589	NP_Ct_r01_2016_12_05_L001-L004_merged	86	0	1	0	1
HAMBI_0403_chrm01_circ_3553466	NP_Ct_r01_2016_12_05_L001-L004_merged	74	0	1	0	1
HAMBI_0403_chrm01_circ_3578564	NP_Ct_r01_2016_12_05_L001-L004_merged	72	0	1	0	1
HAMBI_0403_chrm01_circ_3583051	NP_Ct_r01_2016_12_05_L001-L004_merged	86	0	1	0	1
HAMBI_0403_chrm01_circ_3598998	NP_Ct_r01_2016_12_05_L001-L004_merged	62	0	1	0	1
HAMBI_0403_chrm01_circ_3617983	NP_Ct_r01_2016_12_05_L001-L004_merged	44	0	1	0	1
HAMBI_0403_chrm01_circ_3618655	NP_Ct_r01_2016_12_05_L001-L004_merged	59	0	1	0	1
HAMBI_0403_chrm01_circ_362760	NP_Ct_r01_2016_12_05_L001-L004_merged	86	0	1	0	1
HAMBI_0403_chrm01_circ_363853	NP_Ct_r01_2016_12_05_L001-L004_merged	92	0	1	0	1
HAMBI_0403_chrm01_circ_370267	NP_Ct_r01_2016_12_05_L001-L004_merged	61	0	1	0	1
HAMBI_0403_chrm01_circ_3702984	NP_Ct_r01_2016_12_05_L001-L004_merged	46	0	1	0	1
HAMBI_0403_chrm01_circ_3715513	NP_Ct_r01_2016_12_05_L001-L004_merged	78	0	1	0	1
HAMBI_0403_chrm01_circ_3746085	NP_Ct_r01_2016_12_05_L001-L004_merged	75	0	1	0	1
HAMBI_0403_chrm01_circ_3784310	NP_Ct_r01_2016_12_05_L001-L004_merged	73	0	1	0	1
HAMBI_0403_chrm01_circ_3807928	NP_Ct_r01_2016_12_05_L001-L004_merged	83	0	1	0	1
HAMBI_0403_chrm01_circ_3826549	NP_Ct_r01_2016_12_05_L001-L004_merged	82	0	1	0	1
HAMBI_0403_chrm01_circ_3835502	NP_Ct_r01_2016_12_05_L001-L004_merged	76	0	1	0	1
HAMBI_0403_chrm01_circ_3866040	NP_Ct_r01_2016_12_05_L001-L004_merged	76	0	1	0	1
HAMBI_0403_chrm01_circ_3903420	NP_Ct_r01_2016_12_05_L001-L004_merged	96	0	1	0	1
HAMBI_0403_chrm01_circ_3910409	NP_Ct_r01_2016_12_05_L001-L004_merged	97	0	1	0	1
HAMBI_0403_chrm01_circ_3910572	NP_Ct_r01_2016_12_05_L001-L004_merged	92	0	1	0	1
HAMBI_0403_chrm01_circ_3937432	NP_Ct_r01_2016_12_05_L001-L004_merged	85	0	1	0	1
HAMBI_0403_chrm01_circ_4039075	NP_Ct_r01_2016_12_05_L001-L004_merged	80	0	1	0	1
HAMBI_0403_chrm01_circ_4060726	NP_Ct_r01_2016_12_05_L001-L004_merged	81	0	1	0	1
HAMBI_0403_chrm01_circ_406220	NP_Ct_r01_2016_12_05_L001-L004_merged	68	0	1	0	1
HAMBI_0403_chrm01_circ_4062981	NP_Ct_r01_2016_12_05_L001-L004_merged	92	0	1	0	1
HAMBI_0403_chrm01_circ_4074693	NP_Ct_r01_2016_12_05_L001-L004_merged	86	0	1	0	1
HAMBI_0403_chrm01_circ_4148379	NP_Ct_r01_2016_12_05_L001-L004_merged	64	0	1	0	1
HAMBI_0403_chrm01_circ_4152035	NP_Ct_r01_2016_12_05_L001-L004_merged	70	0	1	0	1
HAMBI_0403_chrm01_circ_417322	NP_Ct_r01_2016_12_05_L001-L004_merged	98	0	1	0	1
HAMBI_0403_chrm01_circ_4206117	NP_Ct_r01_2016_12_05_L001-L004_merged	77	0	1	0	1
HAMBI_0403_chrm01_circ_4214195	NP_Ct_r01_2016_12_05_L001-L004_merged	81	0	1	0	1
HAMBI_0403_chrm01_circ_4217616	NP_Ct_r01_2016_12_05_L001-L004_merged	88	0	1	0	1
HAMBI_0403_chrm01_circ_42377	NP_Ct_r01_2016_12_05_L001-L004_merged	81	0	1	0	1
HAMBI_0403_chrm01_circ_4269316	NP_Ct_r01_2016_12_05_L001-L004_merged	82	0	1	0	1
HAMBI_0403_chrm01_circ_4274685	NP_Ct_r01_2016_12_05_L001-L004_merged	65	0	1	0	1
HAMBI_0403_chrm01_circ_4285286	NP_Ct_r01_2016_12_05_L001-L004_merged	85	0	1	0	1
HAMBI_0403_chrm01_circ_4287997	NP_Ct_r01_2016_12_05_L001-L004_merged	53	0	1	0	1
HAMBI_0403_chrm01_circ_4388411	NP_Ct_r01_2016_12_05_L001-L004_merged	88	0	1	0	1
HAMBI_0403_chrm01_circ_4410252	NP_Ct_r01_2016_12_05_L001-L004_merged	72	0	1	0	1
HAMBI_0403_chrm01_circ_4439367	NP_Ct_r01_2016_12_05_L001-L004_merged	65	0	1	0	1
HAMBI_0403_chrm01_circ_444757	NP_Ct_r01_2016_12_05_L001-L004_merged	97	0	1	0	1
HAMBI_0403_chrm01_circ_4507219	NP_Ct_r01_2016_12_05_L001-L004_merged	69	0	1	0	1
HAMBI_0403_chrm01_circ_4557583	NP_Ct_r01_2016_12_05_L001-L004_merged	97	0	1	0	1
HAMBI_0403_chrm01_circ_4569372	NP_Ct_r01_2016_12_05_L001-L004_merged	62	0	1	0	1
HAMBI_0403_chrm01_circ_4582948	NP_Ct_r01_2016_12_05_L001-L004_merged	75	0	1	0	1
HAMBI_0403_chrm01_circ_4600184	NP_Ct_r01_2016_12_05_L001-L004_merged	65	0	1	0	1
HAMBI_0403_chrm01_circ_4618691	NP_Ct_r01_2016_12_05_L001-L004_merged	82	0	1	0	1
HAMBI_0403_chrm01_circ_4623649	NP_Ct_r01_2016_12_05_L001-L004_merged	100	0	1	0	1
HAMBI_0403_chrm01_circ_464021	NP_Ct_r01_2016_12_05_L001-L004_merged	89	0	1	0	1
HAMBI_0403_chrm01_circ_4743728	NP_Ct_r01_2016_12_05_L001-L004_merged	77	0	1	0	1
HAMBI_0403_chrm01_circ_4765035	NP_Ct_r01_2016_12_05_L001-L004_merged	82	0	1	0	1
HAMBI_0403_chrm01_circ_4781295	NP_Ct_r01_2016_12_05_L001-L004_merged	89	0	1	0	1
HAMBI_0403_chrm01_circ_4792521	NP_Ct_r01_2016_12_05_L001-L004_merged	81	0	1	0	1
HAMBI_0403_chrm01_circ_4799691	NP_Ct_r01_2016_12_05_L001-L004_merged	77	0	1	0	1
HAMBI_0403_chrm01_circ_4809883	NP_Ct_r01_2016_12_05_L001-L004_merged	88	0	1	0	1
HAMBI_0403_chrm01_circ_4855117	NP_Ct_r01_2016_12_05_L001-L004_merged	80	0	1	0	1
HAMBI_0403_chrm01_circ_4857021	NP_Ct_r01_2016_12_05_L001-L004_merged	81	0	1	0	1
HAMBI_0403_chrm01_circ_487954	NP_Ct_r01_2016_12_05_L001-L004_merged	80	0	1	0	1
HAMBI_0403_chrm01_circ_4888902	NP_Ct_r01_2016_12_05_L001-L004_merged	73	0	1	0	1
HAMBI_0403_chrm01_circ_4916373	NP_Ct_r01_2016_12_05_L001-L004_merged	53	0	1	0	1
HAMBI_0403_chrm01_circ_4972460	NP_Ct_r01_2016_12_05_L001-L004_merged	86	0	1	0	1
HAMBI_0403_chrm01_circ_5014718	NP_Ct_r01_2016_12_05_L001-L004_merged	76	0	1	0	1
HAMBI_0403_chrm01_circ_5042624	NP_Ct_r01_2016_12_05_L001-L004_merged	88	0	1	0	1
HAMBI_0403_chrm01_circ_5045700	NP_Ct_r01_2016_12_05_L001-L004_merged	98	0	1	0	1
HAMBI_0403_chrm01_circ_5060740	NP_Ct_r01_2016_12_05_L001-L004_merged	73	0	1	0	1
HAMBI_0403_chrm01_circ_5083897	NP_Ct_r01_2016_12_05_L001-L004_merged	81	0	1	0	1
HAMBI_0403_chrm01_circ_5114950	NP_Ct_r01_2016_12_05_L001-L004_merged	72	0	1	0	1
HAMBI_0403_chrm01_circ_5136938	NP_Ct_r01_2016_12_05_L001-L004_merged	86	0	1	0	1
HAMBI_0403_chrm01_circ_5158099	NP_Ct_r01_2016_12_05_L001-L004_merged	71	0	1	0	1
HAMBI_0403_chrm01_circ_5175068	NP_Ct_r01_2016_12_05_L001-L004_merged	53	0	1	0	1
HAMBI_0403_chrm01_circ_5179281	NP_Ct_r01_2016_12_05_L001-L004_merged	79	0	1	0	1
HAMBI_0403_chrm01_circ_5192590	NP_Ct_r01_2016_12_05_L001-L004_merged	81	0	1	0	1
HAMBI_0403_chrm01_circ_5198526	NP_Ct_r01_2016_12_05_L001-L004_merged	80	0	1	0	1
HAMBI_0403_chrm01_circ_52227	NP_Ct_r01_2016_12_05_L001-L004_merged	72	0	1	0	1
HAMBI_0403_chrm01_circ_5239272	NP_Ct_r01_2016_12_05_L001-L004_merged	45	0	1	0	1
HAMBI_0403_chrm01_circ_5247950	NP_Ct_r01_2016_12_05_L001-L004_merged	78	0	1	0	1
HAMBI_0403_chrm01_circ_5261930	NP_Ct_r01_2016_12_05_L001-L004_merged	68	0	1	0	1
HAMBI_0403_chrm01_circ_5274030	NP_Ct_r01_2016_12_05_L001-L004_merged	90	0	1	0	1
HAMBI_0403_chrm01_circ_5311213	NP_Ct_r01_2016_12_05_L001-L004_merged	59	0	1	0	1
HAMBI_0403_chrm01_circ_5334246	NP_Ct_r01_2016_12_05_L001-L004_merged	70	0	1	0	1
HAMBI_0403_chrm01_circ_5359752	NP_Ct_r01_2016_12_05_L001-L004_merged	97	0	1	0	1
HAMBI_0403_chrm01_circ_5375036	NP_Ct_r01_2016_12_05_L001-L004_merged	78	0	1	0	1
HAMBI_0403_chrm01_circ_538733	NP_Ct_r01_2016_12_05_L001-L004_merged	82	2	1	0	1
HAMBI_0403_chrm01_circ_5398637	NP_Ct_r01_2016_12_05_L001-L004_merged	93	0	1	0	1
HAMBI_0403_chrm01_circ_5452296	NP_Ct_r01_2016_12_05_L001-L004_merged	92	0	1	0	1
HAMBI_0403_chrm01_circ_5488740	NP_Ct_r01_2016_12_05_L001-L004_merged	100	0	1	0	1
HAMBI_0403_chrm01_circ_5582102	NP_Ct_r01_2016_12_05_L001-L004_merged	73	0	1	0	1
HAMBI_0403_chrm01_circ_5582190	NP_Ct_r01_2016_12_05_L001-L004_merged	81	0	1	0	1
HAMBI_0403_chrm01_circ_5582265	NP_Ct_r01_2016_12_05_L001-L004_merged	93	0	1	0	1
HAMBI_0403_chrm01_circ_5604584	NP_Ct_r01_2016_12_05_L001-L004_merged	60	0	1	0	1
HAMBI_0403_chrm01_circ_5614022	NP_Ct_r01_2016_12_05_L001-L004_merged	79	0	1	0	1
HAMBI_0403_chrm01_circ_5638719	NP_Ct_r01_2016_12_05_L001-L004_merged	92	0	1	0	1
HAMBI_0403_chrm01_circ_5644341	NP_Ct_r01_2016_12_05_L001-L004_merged	77	0	1	0	1
HAMBI_0403_chrm01_circ_5691225	NP_Ct_r01_2016_12_05_L001-L004_merged	71	0	1	0	1
HAMBI_0403_chrm01_circ_5709378	NP_Ct_r01_2016_12_05_L001-L004_merged	85	0	1	0	1
HAMBI_0403_chrm01_circ_5714954	NP_Ct_r01_2016_12_05_L001-L004_merged	55	0	1	0	1
HAMBI_0403_chrm01_circ_5730629	NP_Ct_r01_2016_12_05_L001-L004_merged	68	0	1	0	1
HAMBI_0403_chrm01_circ_5738403	NP_Ct_r01_2016_12_05_L001-L004_merged	79	0	1	0	1
HAMBI_0403_chrm01_circ_606028	NP_Ct_r01_2016_12_05_L001-L004_merged	50	0	1	0	1
HAMBI_0403_chrm01_circ_613689	NP_Ct_r01_2016_12_05_L001-L004_merged	85	0	1	0	1
HAMBI_0403_chrm01_circ_616293	NP_Ct_r01_2016_12_05_L001-L004_merged	76	0	1	0	1
HAMBI_0403_chrm01_circ_637391	NP_Ct_r01_2016_12_05_L001-L004_merged	98	0	1	0	1
HAMBI_0403_chrm01_circ_671146	NP_Ct_r01_2016_12_05_L001-L004_merged	62	0	1	0	1
HAMBI_0403_chrm01_circ_684931	NP_Ct_r01_2016_12_05_L001-L004_merged	16	0	1	0	1
HAMBI_0403_chrm01_circ_748850	NP_Ct_r01_2016_12_05_L001-L004_merged	78	0	1	0	1
HAMBI_0403_chrm01_circ_753790	NP_Ct_r01_2016_12_05_L001-L004_merged	91	0	1	0	1
HAMBI_0403_chrm01_circ_788892	NP_Ct_r01_2016_12_05_L001-L004_merged	56	0	1	0	1
HAMBI_0403_chrm01_circ_831854	NP_Ct_r01_2016_12_05_L001-L004_merged	83	0	1	0	1
HAMBI_0403_chrm01_circ_832539	NP_Ct_r01_2016_12_05_L001-L004_merged	51	0	1	0	1
HAMBI_0403_chrm01_circ_842503	NP_Ct_r01_2016_12_05_L001-L004_merged	83	0	1	0	1
HAMBI_0403_chrm01_circ_848535	NP_Ct_r01_2016_12_05_L001-L004_merged	73	0	1	0	1
HAMBI_0403_chrm01_circ_883423	NP_Ct_r01_2016_12_05_L001-L004_merged	78	0	1	0	1
HAMBI_0403_chrm01_circ_906766	NP_Ct_r01_2016_12_05_L001-L004_merged	60	0	1	0	1
HAMBI_0403_chrm01_circ_916431	NP_Ct_r01_2016_12_05_L001-L004_merged	85	0	1	0	1
HAMBI_0403_chrm01_circ_945635	NP_Ct_r01_2016_12_05_L001-L004_merged	83	0	1	0	1
HAMBI_0403_chrm01_circ_957655	NP_Ct_r01_2016_12_05_L001-L004_merged	79	0	1	0	1
HAMBI_0403_chrm01_circ_957797	NP_Ct_r01_2016_12_05_L001-L004_merged	93	0	1	0	1
HAMBI_0403_chrm01_circ_957871	NP_Ct_r01_2016_12_05_L001-L004_merged	90	0	1	0	1
HAMBI_0403_chrm01_circ_958022	NP_Ct_r01_2016_12_05_L001-L004_merged	75	0	1	0	1
HAMBI_0403_chrm01_circ_958598	NP_Ct_r01_2016_12_05_L001-L004_merged	97	0	1	0	1
HAMBI_0403_chrm01_circ_958829	NP_Ct_r01_2016_12_05_L001-L004_merged	84	0	1	0	1
HAMBI_0403_chrm01_circ_958923	NP_Ct_r01_2016_12_05_L001-L004_merged	84	0	1	0	1
HAMBI_0403_chrm01_circ_966980	NP_Ct_r01_2016_12_05_L001-L004_merged	75	0	1	0	1
HAMBI_0403_plas01_circ_27065	NP_Ct_r01_2016_12_05_L001-L004_merged	148	0	1	0	1
HAMBI_0403_plas01_circ_34644	NP_Ct_r01_2016_12_05_L001-L004_merged	163	0	1	0	1
HAMBI_0403_chrm01_circ_1041879	NP_Ct_r01_2017_02_06_L001-L004_merged	134	0	1	0	1
HAMBI_0403_chrm01_circ_1048627	NP_Ct_r01_2017_02_06_L001-L004_merged	143	0	1	0	1
HAMBI_0403_chrm01_circ_1087633	NP_Ct_r01_2017_02_06_L001-L004_merged	71	0	1	0	1
HAMBI_0403_chrm01_circ_1089569	NP_Ct_r01_2017_02_06_L001-L004_merged	99	0	1	0	1
HAMBI_0403_chrm01_circ_1179102	NP_Ct_r01_2017_02_06_L001-L004_merged	113	0	1	0	1
HAMBI_0403_chrm01_circ_1204312	NP_Ct_r01_2017_02_06_L001-L004_merged	152	0	1	0	1
HAMBI_0403_chrm01_circ_1208537	NP_Ct_r01_2017_02_06_L001-L004_merged	123	0	1	0	1
HAMBI_0403_chrm01_circ_1220169	NP_Ct_r01_2017_02_06_L001-L004_merged	128	0	1	0	1
HAMBI_0403_chrm01_circ_1269396	NP_Ct_r01_2017_02_06_L001-L004_merged	72	0	1	0	1
HAMBI_0403_chrm01_circ_1274492	NP_Ct_r01_2017_02_06_L001-L004_merged	79	0	1	0	1
HAMBI_0403_chrm01_circ_1276454	NP_Ct_r01_2017_02_06_L001-L004_merged	180	0	1	0	1
HAMBI_0403_chrm01_circ_1331081	NP_Ct_r01_2017_02_06_L001-L004_merged	54	21	1	0	1
HAMBI_0403_chrm01_circ_1381129	NP_Ct_r01_2017_02_06_L001-L004_merged	107	0	1	0	1
HAMBI_0403_chrm01_circ_140925	NP_Ct_r01_2017_02_06_L001-L004_merged	144	0	1	0	1
HAMBI_0403_chrm01_circ_1432433	NP_Ct_r01_2017_02_06_L001-L004_merged	128	0	1	0	1
HAMBI_0403_chrm01_circ_1433097	NP_Ct_r01_2017_02_06_L001-L004_merged	121	0	1	0	1
HAMBI_0403_chrm01_circ_1508043	NP_Ct_r01_2017_02_06_L001-L004_merged	177	0	1	0	1
HAMBI_0403_chrm01_circ_1512989	NP_Ct_r01_2017_02_06_L001-L004_merged	157	0	1	0	1
HAMBI_0403_chrm01_circ_1521289	NP_Ct_r01_2017_02_06_L001-L004_merged	155	0	1	0	1
HAMBI_0403_chrm01_circ_1531856	NP_Ct_r01_2017_02_06_L001-L004_merged	87	0	1	0	1
HAMBI_0403_chrm01_circ_156034	NP_Ct_r01_2017_02_06_L001-L004_merged	174	0	1	0	1
HAMBI_0403_chrm01_circ_1584852	NP_Ct_r01_2017_02_06_L001-L004_merged	126	0	1	0	1
HAMBI_0403_chrm01_circ_1588427	NP_Ct_r01_2017_02_06_L001-L004_merged	176	0	1	0	1
HAMBI_0403_chrm01_circ_162518	NP_Ct_r01_2017_02_06_L001-L004_merged	137	0	1	0	1
HAMBI_0403_chrm01_circ_1631016	NP_Ct_r01_2017_02_06_L001-L004_merged	154	0	1	0	1
HAMBI_0403_chrm01_circ_1655504	NP_Ct_r01_2017_02_06_L001-L004_merged	142	0	1	0	1
HAMBI_0403_chrm01_circ_1680554	NP_Ct_r01_2017_02_06_L001-L004_merged	115	0	1	0	1
HAMBI_0403_chrm01_circ_1684934	NP_Ct_r01_2017_02_06_L001-L004_merged	111	0	1	0	1
HAMBI_0403_chrm01_circ_1748339	NP_Ct_r01_2017_02_06_L001-L004_merged	181	0	1	0	1
HAMBI_0403_chrm01_circ_1825191	NP_Ct_r01_2017_02_06_L001-L004_merged	145	0	1	0	1
HAMBI_0403_chrm01_circ_1831193	NP_Ct_r01_2017_02_06_L001-L004_merged	169	0	1	0	1
HAMBI_0403_chrm01_circ_1964254	NP_Ct_r01_2017_02_06_L001-L004_merged	100	0	1	0	1
HAMBI_0403_chrm01_circ_19727	NP_Ct_r01_2017_02_06_L001-L004_merged	99	0	1	0	1
HAMBI_0403_chrm01_circ_1985537	NP_Ct_r01_2017_02_06_L001-L004_merged	92	0	1	0	1
HAMBI_0403_chrm01_circ_1990830	NP_Ct_r01_2017_02_06_L001-L004_merged	97	0	1	0	1
HAMBI_0403_chrm01_circ_2035209	NP_Ct_r01_2017_02_06_L001-L004_merged	134	0	1	0	1
HAMBI_0403_chrm01_circ_2070393	NP_Ct_r01_2017_02_06_L001-L004_merged	90	0	1	0	1
HAMBI_0403_chrm01_circ_2085642	NP_Ct_r01_2017_02_06_L001-L004_merged	173	0	1	0	1
HAMBI_0403_chrm01_circ_2164967	NP_Ct_r01_2017_02_06_L001-L004_merged	193	0	1	0	1
HAMBI_0403_chrm01_circ_2170475	NP_Ct_r01_2017_02_06_L001-L004_merged	186	0	1	0	1
HAMBI_0403_chrm01_circ_2183342	NP_Ct_r01_2017_02_06_L001-L004_merged	115	0	1	0	1
HAMBI_0403_chrm01_circ_2210141	NP_Ct_r01_2017_02_06_L001-L004_merged	159	1	1	0	1
HAMBI_0403_chrm01_circ_2247210	NP_Ct_r01_2017_02_06_L001-L004_merged	153	0	1	0	1
HAMBI_0403_chrm01_circ_2263832	NP_Ct_r01_2017_02_06_L001-L004_merged	126	0	1	0	1
HAMBI_0403_chrm01_circ_2264970	NP_Ct_r01_2017_02_06_L001-L004_merged	87	0	1	0	1
HAMBI_0403_chrm01_circ_2275854	NP_Ct_r01_2017_02_06_L001-L004_merged	158	0	1	0	1
HAMBI_0403_chrm01_circ_2288765	NP_Ct_r01_2017_02_06_L001-L004_merged	116	0	1	0	1
HAMBI_0403_chrm01_circ_2298099	NP_Ct_r01_2017_02_06_L001-L004_merged	142	0	1	0	1
HAMBI_0403_chrm01_circ_2303297	NP_Ct_r01_2017_02_06_L001-L004_merged	115	0	1	0	1
HAMBI_0403_chrm01_circ_2354987	NP_Ct_r01_2017_02_06_L001-L004_merged	157	0	1	0	1
HAMBI_0403_chrm01_circ_2357485	NP_Ct_r01_2017_02_06_L001-L004_merged	199	0	1	0	1
HAMBI_0403_chrm01_circ_2399050	NP_Ct_r01_2017_02_06_L001-L004_merged	167	0	1	0	1
HAMBI_0403_chrm01_circ_2399143	NP_Ct_r01_2017_02_06_L001-L004_merged	154	0	1	0	1
HAMBI_0403_chrm01_circ_2399712	NP_Ct_r01_2017_02_06_L001-L004_merged	137	0	1	0	1
HAMBI_0403_chrm01_circ_2400679	NP_Ct_r01_2017_02_06_L001-L004_merged	140	0	1	0	1
HAMBI_0403_chrm01_circ_2406988	NP_Ct_r01_2017_02_06_L001-L004_merged	148	1	1	0	1
HAMBI_0403_chrm01_circ_245301	NP_Ct_r01_2017_02_06_L001-L004_merged	187	0	1	0	1
HAMBI_0403_chrm01_circ_2464548	NP_Ct_r01_2017_02_06_L001-L004_merged	89	6	1	0	1
HAMBI_0403_chrm01_circ_2494812	NP_Ct_r01_2017_02_06_L001-L004_merged	155	0	1	0	1
HAMBI_0403_chrm01_circ_2511562	NP_Ct_r01_2017_02_06_L001-L004_merged	118	0	1	0	1
HAMBI_0403_chrm01_circ_2556378	NP_Ct_r01_2017_02_06_L001-L004_merged	126	0	1	0	1
HAMBI_0403_chrm01_circ_2575375	NP_Ct_r01_2017_02_06_L001-L004_merged	113	0	1	0	1
HAMBI_0403_chrm01_circ_2610889	NP_Ct_r01_2017_02_06_L001-L004_merged	156	0	1	0	1
HAMBI_0403_chrm01_circ_264598	NP_Ct_r01_2017_02_06_L001-L004_merged	162	0	1	0	1
HAMBI_0403_chrm01_circ_2695541	NP_Ct_r01_2017_02_06_L001-L004_merged	111	0	1	0	1
HAMBI_0403_chrm01_circ_2742453	NP_Ct_r01_2017_02_06_L001-L004_merged	154	0	1	0	1
HAMBI_0403_chrm01_circ_2835885	NP_Ct_r01_2017_02_06_L001-L004_merged	105	0	1	0	1
HAMBI_0403_chrm01_circ_283781	NP_Ct_r01_2017_02_06_L001-L004_merged	86	0	1	0	1
HAMBI_0403_chrm01_circ_2845191	NP_Ct_r01_2017_02_06_L001-L004_merged	100	0	1	0	1
HAMBI_0403_chrm01_circ_2869812	NP_Ct_r01_2017_02_06_L001-L004_merged	99	0	1	0	1
HAMBI_0403_chrm01_circ_2883870	NP_Ct_r01_2017_02_06_L001-L004_merged	191	0	1	0	1
HAMBI_0403_chrm01_circ_2925854	NP_Ct_r01_2017_02_06_L001-L004_merged	92	0	1	0	1
HAMBI_0403_chrm01_circ_2975196	NP_Ct_r01_2017_02_06_L001-L004_merged	71	0	1	0	1
HAMBI_0403_chrm01_circ_2998776	NP_Ct_r01_2017_02_06_L001-L004_merged	149	0	1	0	1
HAMBI_0403_chrm01_circ_3000465	NP_Ct_r01_2017_02_06_L001-L004_merged	184	1	1	0	1
HAMBI_0403_chrm01_circ_3006282	NP_Ct_r01_2017_02_06_L001-L004_merged	122	0	1	0	1
HAMBI_0403_chrm01_circ_3028838	NP_Ct_r01_2017_02_06_L001-L004_merged	145	0	1	0	1
HAMBI_0403_chrm01_circ_3031198	NP_Ct_r01_2017_02_06_L001-L004_merged	119	0	1	0	1
HAMBI_0403_chrm01_circ_3060179	NP_Ct_r01_2017_02_06_L001-L004_merged	169	0	1	0	1
HAMBI_0403_chrm01_circ_3083534	NP_Ct_r01_2017_02_06_L001-L004_merged	160	4	1	0	1
HAMBI_0403_chrm01_circ_3087289	NP_Ct_r01_2017_02_06_L001-L004_merged	142	0	1	0	1
HAMBI_0403_chrm01_circ_3103731	NP_Ct_r01_2017_02_06_L001-L004_merged	71	0	1	0	1
HAMBI_0403_chrm01_circ_3117371	NP_Ct_r01_2017_02_06_L001-L004_merged	83	0	1	0	1
HAMBI_0403_chrm01_circ_3143395	NP_Ct_r01_2017_02_06_L001-L004_merged	96	1	1	0	1
HAMBI_0403_chrm01_circ_3150420	NP_Ct_r01_2017_02_06_L001-L004_merged	168	0	1	0	1
HAMBI_0403_chrm01_circ_3171763	NP_Ct_r01_2017_02_06_L001-L004_merged	155	0	1	0	1
HAMBI_0403_chrm01_circ_3178892	NP_Ct_r01_2017_02_06_L001-L004_merged	84	0	1	0	1
HAMBI_0403_chrm01_circ_3183496	NP_Ct_r01_2017_02_06_L001-L004_merged	98	0	1	0	1
HAMBI_0403_chrm01_circ_3202926	NP_Ct_r01_2017_02_06_L001-L004_merged	141	0	1	0	1
HAMBI_0403_chrm01_circ_3206418	NP_Ct_r01_2017_02_06_L001-L004_merged	74	41	1	0	1
HAMBI_0403_chrm01_circ_3236488	NP_Ct_r01_2017_02_06_L001-L004_merged	174	0	1	0	1
HAMBI_0403_chrm01_circ_3316564	NP_Ct_r01_2017_02_06_L001-L004_merged	123	0	1	0	1
HAMBI_0403_chrm01_circ_3319670	NP_Ct_r01_2017_02_06_L001-L004_merged	129	0	1	0	1
HAMBI_0403_chrm01_circ_3321404	NP_Ct_r01_2017_02_06_L001-L004_merged	121	1	1	0	1
HAMBI_0403_chrm01_circ_3322346	NP_Ct_r01_2017_02_06_L001-L004_merged	139	0	1	0	1
HAMBI_0403_chrm01_circ_3348412	NP_Ct_r01_2017_02_06_L001-L004_merged	121	0	1	0	1
HAMBI_0403_chrm01_circ_3430586	NP_Ct_r01_2017_02_06_L001-L004_merged	105	0	1	0	1
HAMBI_0403_chrm01_circ_3430600	NP_Ct_r01_2017_02_06_L001-L004_merged	105	0	1	0	1
HAMBI_0403_chrm01_circ_3514428	NP_Ct_r01_2017_02_06_L001-L004_merged	199	0	1	0	1
HAMBI_0403_chrm01_circ_3521312	NP_Ct_r01_2017_02_06_L001-L004_merged	199	0	1	0	1
HAMBI_0403_chrm01_circ_3543589	NP_Ct_r01_2017_02_06_L001-L004_merged	220	0	1	0	1
HAMBI_0403_chrm01_circ_3553466	NP_Ct_r01_2017_02_06_L001-L004_merged	180	0	1	0	1
HAMBI_0403_chrm01_circ_3578564	NP_Ct_r01_2017_02_06_L001-L004_merged	114	0	1	0	1
HAMBI_0403_chrm01_circ_3583051	NP_Ct_r01_2017_02_06_L001-L004_merged	154	0	1	0	1
HAMBI_0403_chrm01_circ_3598998	NP_Ct_r01_2017_02_06_L001-L004_merged	141	0	1	0	1
HAMBI_0403_chrm01_circ_3617983	NP_Ct_r01_2017_02_06_L001-L004_merged	73	0	1	0	1
HAMBI_0403_chrm01_circ_3618655	NP_Ct_r01_2017_02_06_L001-L004_merged	115	0	1	0	1
HAMBI_0403_chrm01_circ_362760	NP_Ct_r01_2017_02_06_L001-L004_merged	104	0	1	0	1
HAMBI_0403_chrm01_circ_363853	NP_Ct_r01_2017_02_06_L001-L004_merged	139	0	1	0	1
HAMBI_0403_chrm01_circ_370267	NP_Ct_r01_2017_02_06_L001-L004_merged	96	0	1	0	1
HAMBI_0403_chrm01_circ_3702984	NP_Ct_r01_2017_02_06_L001-L004_merged	91	0	1	0	1
HAMBI_0403_chrm01_circ_3715513	NP_Ct_r01_2017_02_06_L001-L004_merged	127	0	1	0	1
HAMBI_0403_chrm01_circ_3746085	NP_Ct_r01_2017_02_06_L001-L004_merged	93	0	1	0	1
HAMBI_0403_chrm01_circ_3784310	NP_Ct_r01_2017_02_06_L001-L004_merged	150	0	1	0	1
HAMBI_0403_chrm01_circ_3807928	NP_Ct_r01_2017_02_06_L001-L004_merged	89	25	1	0	1
HAMBI_0403_chrm01_circ_3826549	NP_Ct_r01_2017_02_06_L001-L004_merged	203	0	1	0	1
HAMBI_0403_chrm01_circ_3835502	NP_Ct_r01_2017_02_06_L001-L004_merged	161	0	1	0	1
HAMBI_0403_chrm01_circ_3866040	NP_Ct_r01_2017_02_06_L001-L004_merged	182	0	1	0	1
HAMBI_0403_chrm01_circ_3903420	NP_Ct_r01_2017_02_06_L001-L004_merged	197	0	1	0	1
HAMBI_0403_chrm01_circ_3910409	NP_Ct_r01_2017_02_06_L001-L004_merged	158	0	1	0	1
HAMBI_0403_chrm01_circ_3910572	NP_Ct_r01_2017_02_06_L001-L004_merged	143	0	1	0	1
HAMBI_0403_chrm01_circ_3937432	NP_Ct_r01_2017_02_06_L001-L004_merged	157	0	1	0	1
HAMBI_0403_chrm01_circ_4039075	NP_Ct_r01_2017_02_06_L001-L004_merged	112	0	1	0	1
HAMBI_0403_chrm01_circ_4060726	NP_Ct_r01_2017_02_06_L001-L004_merged	139	0	1	0	1
HAMBI_0403_chrm01_circ_406220	NP_Ct_r01_2017_02_06_L001-L004_merged	93	51	1	0	1
HAMBI_0403_chrm01_circ_4062981	NP_Ct_r01_2017_02_06_L001-L004_merged	135	0	1	0	1
HAMBI_0403_chrm01_circ_4074693	NP_Ct_r01_2017_02_06_L001-L004_merged	151	0	1	0	1
HAMBI_0403_chrm01_circ_4148379	NP_Ct_r01_2017_02_06_L001-L004_merged	114	0	1	0	1
HAMBI_0403_chrm01_circ_4152035	NP_Ct_r01_2017_02_06_L001-L004_merged	136	0	1	0	1
HAMBI_0403_chrm01_circ_417322	NP_Ct_r01_2017_02_06_L001-L004_merged	102	0	1	0	1
HAMBI_0403_chrm01_circ_4206117	NP_Ct_r01_2017_02_06_L001-L004_merged	168	0	1	0	1
HAMBI_0403_chrm01_circ_4214195	NP_Ct_r01_2017_02_06_L001-L004_merged	99	0	1	0	1
HAMBI_0403_chrm01_circ_4217616	NP_Ct_r01_2017_02_06_L001-L004_merged	146	0	1	0	1
HAMBI_0403_chrm01_circ_42377	NP_Ct_r01_2017_02_06_L001-L004_merged	125	0	1	0	1
HAMBI_0403_chrm01_circ_4269316	NP_Ct_r01_2017_02_06_L001-L004_merged	177	0	1	0	1
HAMBI_0403_chrm01_circ_4274685	NP_Ct_r01_2017_02_06_L001-L004_merged	64	0	1	0	1
HAMBI_0403_chrm01_circ_4285286	NP_Ct_r01_2017_02_06_L001-L004_merged	133	0	1	0	1
HAMBI_0403_chrm01_circ_4287997	NP_Ct_r01_2017_02_06_L001-L004_merged	74	0	1	0	1
HAMBI_0403_chrm01_circ_4388411	NP_Ct_r01_2017_02_06_L001-L004_merged	114	0	1	0	1
HAMBI_0403_chrm01_circ_4410252	NP_Ct_r01_2017_02_06_L001-L004_merged	130	0	1	0	1
HAMBI_0403_chrm01_circ_4439367	NP_Ct_r01_2017_02_06_L001-L004_merged	111	0	1	0	1
HAMBI_0403_chrm01_circ_444757	NP_Ct_r01_2017_02_06_L001-L004_merged	121	38	1	0	1
HAMBI_0403_chrm01_circ_4507219	NP_Ct_r01_2017_02_06_L001-L004_merged	121	0	1	0	1
HAMBI_0403_chrm01_circ_4557583	NP_Ct_r01_2017_02_06_L001-L004_merged	119	0	1	0	1
HAMBI_0403_chrm01_circ_4569372	NP_Ct_r01_2017_02_06_L001-L004_merged	66	0	1	0	1
HAMBI_0403_chrm01_circ_4582948	NP_Ct_r01_2017_02_06_L001-L004_merged	129	0	1	0	1
HAMBI_0403_chrm01_circ_4600184	NP_Ct_r01_2017_02_06_L001-L004_merged	117	0	1	0	1
HAMBI_0403_chrm01_circ_4618691	NP_Ct_r01_2017_02_06_L001-L004_merged	175	0	1	0	1
HAMBI_0403_chrm01_circ_4623649	NP_Ct_r01_2017_02_06_L001-L004_merged	127	0	1	0	1
HAMBI_0403_chrm01_circ_464021	NP_Ct_r01_2017_02_06_L001-L004_merged	138	0	1	0	1
HAMBI_0403_chrm01_circ_4743728	NP_Ct_r01_2017_02_06_L001-L004_merged	136	1	1	0	1
HAMBI_0403_chrm01_circ_4765035	NP_Ct_r01_2017_02_06_L001-L004_merged	137	0	1	0	1
HAMBI_0403_chrm01_circ_4781295	NP_Ct_r01_2017_02_06_L001-L004_merged	149	0	1	0	1
HAMBI_0403_chrm01_circ_4792521	NP_Ct_r01_2017_02_06_L001-L004_merged	192	0	1	0	1
HAMBI_0403_chrm01_circ_4799691	NP_Ct_r01_2017_02_06_L001-L004_merged	169	0	1	0	1
HAMBI_0403_chrm01_circ_4809883	NP_Ct_r01_2017_02_06_L001-L004_merged	135	0	1	0	1
HAMBI_0403_chrm01_circ_4855117	NP_Ct_r01_2017_02_06_L001-L004_merged	102	0	1	0	1
HAMBI_0403_chrm01_circ_4857021	NP_Ct_r01_2017_02_06_L001-L004_merged	116	0	1	0	1
HAMBI_0403_chrm01_circ_487954	NP_Ct_r01_2017_02_06_L001-L004_merged	109	0	1	0	1
HAMBI_0403_chrm01_circ_4888902	NP_Ct_r01_2017_02_06_L001-L004_merged	134	0	1	0	1
HAMBI_0403_chrm01_circ_4916373	NP_Ct_r01_2017_02_06_L001-L004_merged	126	0	1	0	1
HAMBI_0403_chrm01_circ_4972460	NP_Ct_r01_2017_02_06_L001-L004_merged	112	0	1	0	1
HAMBI_0403_chrm01_circ_5014718	NP_Ct_r01_2017_02_06_L001-L004_merged	109	0	1	0	1
HAMBI_0403_chrm01_circ_5042624	NP_Ct_r01_2017_02_06_L001-L004_merged	135	0	1	0	1
HAMBI_0403_chrm01_circ_5045700	NP_Ct_r01_2017_02_06_L001-L004_merged	98	0	1	0	1
HAMBI_0403_chrm01_circ_5060740	NP_Ct_r01_2017_02_06_L001-L004_merged	120	0	1	0	1
HAMBI_0403_chrm01_circ_5083897	NP_Ct_r01_2017_02_06_L001-L004_merged	99	0	1	0	1
HAMBI_0403_chrm01_circ_5114950	NP_Ct_r01_2017_02_06_L001-L004_merged	114	9	1	0	1
HAMBI_0403_chrm01_circ_5136938	NP_Ct_r01_2017_02_06_L001-L004_merged	176	0	1	0	1
HAMBI_0403_chrm01_circ_5158099	NP_Ct_r01_2017_02_06_L001-L004_merged	116	0	1	0	1
HAMBI_0403_chrm01_circ_5175068	NP_Ct_r01_2017_02_06_L001-L004_merged	106	0	1	0	1
HAMBI_0403_chrm01_circ_5179281	NP_Ct_r01_2017_02_06_L001-L004_merged	92	0	1	0	1
HAMBI_0403_chrm01_circ_5192590	NP_Ct_r01_2017_02_06_L001-L004_merged	121	0	1	0	1
HAMBI_0403_chrm01_circ_5198526	NP_Ct_r01_2017_02_06_L001-L004_merged	113	0	1	0	1
HAMBI_0403_chrm01_circ_52227	NP_Ct_r01_2017_02_06_L001-L004_merged	138	0	1	0	1
HAMBI_0403_chrm01_circ_5239272	NP_Ct_r01_2017_02_06_L001-L004_merged	112	0	1	0	1
HAMBI_0403_chrm01_circ_5247950	NP_Ct_r01_2017_02_06_L001-L004_merged	140	6	1	0	1
HAMBI_0403_chrm01_circ_5261930	NP_Ct_r01_2017_02_06_L001-L004_merged	114	0	1	0	1
HAMBI_0403_chrm01_circ_5274030	NP_Ct_r01_2017_02_06_L001-L004_merged	189	0	1	0	1
HAMBI_0403_chrm01_circ_5311213	NP_Ct_r01_2017_02_06_L001-L004_merged	113	0	1	0	1
HAMBI_0403_chrm01_circ_5334246	NP_Ct_r01_2017_02_06_L001-L004_merged	218	0	1	0	1
HAMBI_0403_chrm01_circ_5359752	NP_Ct_r01_2017_02_06_L001-L004_merged	185	0	1	0	1
HAMBI_0403_chrm01_circ_5375036	NP_Ct_r01_2017_02_06_L001-L004_merged	188	0	1	0	1
HAMBI_0403_chrm01_circ_538733	NP_Ct_r01_2017_02_06_L001-L004_merged	89	1	1	0	1
HAMBI_0403_chrm01_circ_5398637	NP_Ct_r01_2017_02_06_L001-L004_merged	121	0	1	0	1
HAMBI_0403_chrm01_circ_5452296	NP_Ct_r01_2017_02_06_L001-L004_merged	161	0	1	0	1
HAMBI_0403_chrm01_circ_5488740	NP_Ct_r01_2017_02_06_L001-L004_merged	207	0	1	0	1
HAMBI_0403_chrm01_circ_5582102	NP_Ct_r01_2017_02_06_L001-L004_merged	121	0	1	0	1
HAMBI_0403_chrm01_circ_5582190	NP_Ct_r01_2017_02_06_L001-L004_merged	95	0	1	0	1
HAMBI_0403_chrm01_circ_5582265	NP_Ct_r01_2017_02_06_L001-L004_merged	84	0	1	0	1
HAMBI_0403_chrm01_circ_5604584	NP_Ct_r01_2017_02_06_L001-L004_merged	97	0	1	0	1
HAMBI_0403_chrm01_circ_5614022	NP_Ct_r01_2017_02_06_L001-L004_merged	96	0	1	0	1
HAMBI_0403_chrm01_circ_5638719	NP_Ct_r01_2017_02_06_L001-L004_merged	134	0	1	0	1
HAMBI_0403_chrm01_circ_5644341	NP_Ct_r01_2017_02_06_L001-L004_merged	165	0	1	0	1
HAMBI_0403_chrm01_circ_5691225	NP_Ct_r01_2017_02_06_L001-L004_merged	127	0	1	0	1
HAMBI_0403_chrm01_circ_5709378	NP_Ct_r01_2017_02_06_L001-L004_merged	98	0	1	0	1
HAMBI_0403_chrm01_circ_5714954	NP_Ct_r01_2017_02_06_L001-L004_merged	83	0	1	0	1
HAMBI_0403_chrm01_circ_5730629	NP_Ct_r01_2017_02_06_L001-L004_merged	139	0	1	0	1
HAMBI_0403_chrm01_circ_5738403	NP_Ct_r01_2017_02_06_L001-L004_merged	108	0	1	0	1
HAMBI_0403_chrm01_circ_606028	NP_Ct_r01_2017_02_06_L001-L004_merged	107	0	1	0	1
HAMBI_0403_chrm01_circ_613689	NP_Ct_r01_2017_02_06_L001-L004_merged	176	0	1	0	1
HAMBI_0403_chrm01_circ_616293	NP_Ct_r01_2017_02_06_L001-L004_merged	181	0	1	0	1
HAMBI_0403_chrm01_circ_637391	NP_Ct_r01_2017_02_06_L001-L004_merged	182	0	1	0	1
HAMBI_0403_chrm01_circ_671146	NP_Ct_r01_2017_02_06_L001-L004_merged	118	0	1	0	1
HAMBI_0403_chrm01_circ_684931	NP_Ct_r01_2017_02_06_L001-L004_merged	40	0	1	0	1
HAMBI_0403_chrm01_circ_748850	NP_Ct_r01_2017_02_06_L001-L004_merged	153	0	1	0	1
HAMBI_0403_chrm01_circ_753790	NP_Ct_r01_2017_02_06_L001-L004_merged	155	0	1	0	1
HAMBI_0403_chrm01_circ_788892	NP_Ct_r01_2017_02_06_L001-L004_merged	72	0	1	0	1
HAMBI_0403_chrm01_circ_831854	NP_Ct_r01_2017_02_06_L001-L004_merged	140	0	1	0	1
HAMBI_0403_chrm01_circ_832539	NP_Ct_r01_2017_02_06_L001-L004_merged	90	0	1	0	1
HAMBI_0403_chrm01_circ_842503	NP_Ct_r01_2017_02_06_L001-L004_merged	120	0	1	0	1
HAMBI_0403_chrm01_circ_848535	NP_Ct_r01_2017_02_06_L001-L004_merged	127	0	1	0	1
HAMBI_0403_chrm01_circ_883423	NP_Ct_r01_2017_02_06_L001-L004_merged	135	0	1	0	1
HAMBI_0403_chrm01_circ_906766	NP_Ct_r01_2017_02_06_L001-L004_merged	135	0	1	0	1
HAMBI_0403_chrm01_circ_916431	NP_Ct_r01_2017_02_06_L001-L004_merged	170	0	1	0	1
HAMBI_0403_chrm01_circ_945635	NP_Ct_r01_2017_02_06_L001-L004_merged	140	0	1	0	1
HAMBI_0403_chrm01_circ_957655	NP_Ct_r01_2017_02_06_L001-L004_merged	155	0	1	0	1
HAMBI_0403_chrm01_circ_957797	NP_Ct_r01_2017_02_06_L001-L004_merged	166	0	1	0	1
HAMBI_0403_chrm01_circ_957871	NP_Ct_r01_2017_02_06_L001-L004_merged	159	6	1	0	1
HAMBI_0403_chrm01_circ_958022	NP_Ct_r01_2017_02_06_L001-L004_merged	152	0	1	0	1
HAMBI_0403_chrm01_circ_958598	NP_Ct_r01_2017_02_06_L001-L004_merged	214	0	1	0	1
HAMBI_0403_chrm01_circ_958829	NP_Ct_r01_2017_02_06_L001-L004_merged	179	1	1	0	1
HAMBI_0403_chrm01_circ_958923	NP_Ct_r01_2017_02_06_L001-L004_merged	189	0	1	0	1
HAMBI_0403_chrm01_circ_966980	NP_Ct_r01_2017_02_06_L001-L004_merged	155	0	1	0	1
HAMBI_0403_plas01_circ_27065	NP_Ct_r01_2017_02_06_L001-L004_merged	297	0	1	0	1
HAMBI_0403_plas01_circ_34644	NP_Ct_r01_2017_02_06_L001-L004_merged	271	0	1	0	1
HAMBI_0403_chrm01_circ_1041879	NP_Ct_r01_2017_03_06_L002	107	0	1	0	1
HAMBI_0403_chrm01_circ_1048627	NP_Ct_r01_2017_03_06_L002	122	0	1	0	1
HAMBI_0403_chrm01_circ_1087633	NP_Ct_r01_2017_03_06_L002	100	0	1	0	1
HAMBI_0403_chrm01_circ_1089569	NP_Ct_r01_2017_03_06_L002	105	1	1	0	1
HAMBI_0403_chrm01_circ_1179102	NP_Ct_r01_2017_03_06_L002	120	0	1	0	1
HAMBI_0403_chrm01_circ_1204312	NP_Ct_r01_2017_03_06_L002	147	0	1	0	1
HAMBI_0403_chrm01_circ_1208537	NP_Ct_r01_2017_03_06_L002	154	0	1	0	1
HAMBI_0403_chrm01_circ_1220169	NP_Ct_r01_2017_03_06_L002	134	0	1	0	1
HAMBI_0403_chrm01_circ_1269396	NP_Ct_r01_2017_03_06_L002	109	0	1	0	1
HAMBI_0403_chrm01_circ_1274492	NP_Ct_r01_2017_03_06_L002	105	0	1	0	1
HAMBI_0403_chrm01_circ_1276454	NP_Ct_r01_2017_03_06_L002	127	0	1	0	1
HAMBI_0403_chrm01_circ_1331081	NP_Ct_r01_2017_03_06_L002	67	42	1	0	1
HAMBI_0403_chrm01_circ_1381129	NP_Ct_r01_2017_03_06_L002	124	0	1	0	1
HAMBI_0403_chrm01_circ_140925	NP_Ct_r01_2017_03_06_L002	114	0	1	0	1
HAMBI_0403_chrm01_circ_1432433	NP_Ct_r01_2017_03_06_L002	136	0	1	0	1
HAMBI_0403_chrm01_circ_1433097	NP_Ct_r01_2017_03_06_L002	146	0	1	0	1
HAMBI_0403_chrm01_circ_1508043	NP_Ct_r01_2017_03_06_L002	128	0	1	0	1
HAMBI_0403_chrm01_circ_1512989	NP_Ct_r01_2017_03_06_L002	126	0	1	0	1
HAMBI_0403_chrm01_circ_1521289	NP_Ct_r01_2017_03_06_L002	147	0	1	0	1
HAMBI_0403_chrm01_circ_1531856	NP_Ct_r01_2017_03_06_L002	106	0	1	0	1
HAMBI_0403_chrm01_circ_156034	NP_Ct_r01_2017_03_06_L002	169	0	1	0	1
HAMBI_0403_chrm01_circ_1584852	NP_Ct_r01_2017_03_06_L002	129	0	1	0	1
HAMBI_0403_chrm01_circ_1588427	NP_Ct_r01_2017_03_06_L002	164	0	1	0	1
HAMBI_0403_chrm01_circ_162518	NP_Ct_r01_2017_03_06_L002	134	0	1	0	1
HAMBI_0403_chrm01_circ_1631016	NP_Ct_r01_2017_03_06_L002	111	0	1	0	1
HAMBI_0403_chrm01_circ_1655504	NP_Ct_r01_2017_03_06_L002	139	0	1	0	1
HAMBI_0403_chrm01_circ_1680554	NP_Ct_r01_2017_03_06_L002	137	0	1	0	1
HAMBI_0403_chrm01_circ_1684934	NP_Ct_r01_2017_03_06_L002	126	0	1	0	1
HAMBI_0403_chrm01_circ_1748339	NP_Ct_r01_2017_03_06_L002	166	0	1	0	1
HAMBI_0403_chrm01_circ_1825191	NP_Ct_r01_2017_03_06_L002	140	0	1	0	1
HAMBI_0403_chrm01_circ_1831193	NP_Ct_r01_2017_03_06_L002	180	0	1	0	1
HAMBI_0403_chrm01_circ_1964254	NP_Ct_r01_2017_03_06_L002	135	0	1	0	1
HAMBI_0403_chrm01_circ_19727	NP_Ct_r01_2017_03_06_L002	141	0	1	0	1
HAMBI_0403_chrm01_circ_1985537	NP_Ct_r01_2017_03_06_L002	118	0	1	0	1
HAMBI_0403_chrm01_circ_1990830	NP_Ct_r01_2017_03_06_L002	83	0	1	0	1
HAMBI_0403_chrm01_circ_2035209	NP_Ct_r01_2017_03_06_L002	115	0	1	0	1
HAMBI_0403_chrm01_circ_2070393	NP_Ct_r01_2017_03_06_L002	74	0	1	0	1
HAMBI_0403_chrm01_circ_2085642	NP_Ct_r01_2017_03_06_L002	128	0	1	0	1
HAMBI_0403_chrm01_circ_2164967	NP_Ct_r01_2017_03_06_L002	153	0	1	0	1
HAMBI_0403_chrm01_circ_2170475	NP_Ct_r01_2017_03_06_L002	146	0	1	0	1
HAMBI_0403_chrm01_circ_2183342	NP_Ct_r01_2017_03_06_L002	103	0	1	0	1
HAMBI_0403_chrm01_circ_2210141	NP_Ct_r01_2017_03_06_L002	149	0	1	0	1
HAMBI_0403_chrm01_circ_2247210	NP_Ct_r01_2017_03_06_L002	143	0	1	0	1
HAMBI_0403_chrm01_circ_2263832	NP_Ct_r01_2017_03_06_L002	153	0	1	0	1
HAMBI_0403_chrm01_circ_2264970	NP_Ct_r01_2017_03_06_L002	117	0	1	0	1
HAMBI_0403_chrm01_circ_2275854	NP_Ct_r01_2017_03_06_L002	155	0	1	0	1
HAMBI_0403_chrm01_circ_2288765	NP_Ct_r01_2017_03_06_L002	116	0	1	0	1
HAMBI_0403_chrm01_circ_2298099	NP_Ct_r01_2017_03_06_L002	129	0	1	0	1
HAMBI_0403_chrm01_circ_2303297	NP_Ct_r01_2017_03_06_L002	95	0	1	0	1
HAMBI_0403_chrm01_circ_2354987	NP_Ct_r01_2017_03_06_L002	138	0	1	0	1
HAMBI_0403_chrm01_circ_2357485	NP_Ct_r01_2017_03_06_L002	144	0	1	0	1
HAMBI_0403_chrm01_circ_2399050	NP_Ct_r01_2017_03_06_L002	129	0	1	0	1
HAMBI_0403_chrm01_circ_2399143	NP_Ct_r01_2017_03_06_L002	126	0	1	0	1
HAMBI_0403_chrm01_circ_2399712	NP_Ct_r01_2017_03_06_L002	138	0	1	0	1
HAMBI_0403_chrm01_circ_2400679	NP_Ct_r01_2017_03_06_L002	158	0	1	0	1
HAMBI_0403_chrm01_circ_2406988	NP_Ct_r01_2017_03_06_L002	111	3	1	0	1
HAMBI_0403_chrm01_circ_245301	NP_Ct_r01_2017_03_06_L002	167	6	1	0	1
HAMBI_0403_chrm01_circ_2464548	NP_Ct_r01_2017_03_06_L002	93	13	1	0	1
HAMBI_0403_chrm01_circ_2494812	NP_Ct_r01_2017_03_06_L002	125	0	1	0	1
HAMBI_0403_chrm01_circ_2511562	NP_Ct_r01_2017_03_06_L002	113	1	1	0	1
HAMBI_0403_chrm01_circ_2556378	NP_Ct_r01_2017_03_06_L002	101	0	1	0	1
HAMBI_0403_chrm01_circ_2575375	NP_Ct_r01_2017_03_06_L002	99	0	1	0	1
HAMBI_0403_chrm01_circ_2610889	NP_Ct_r01_2017_03_06_L002	141	0	1	0	1
HAMBI_0403_chrm01_circ_264598	NP_Ct_r01_2017_03_06_L002	154	0	1	0	1
HAMBI_0403_chrm01_circ_2695541	NP_Ct_r01_2017_03_06_L002	114	6	1	0	1
HAMBI_0403_chrm01_circ_2742453	NP_Ct_r01_2017_03_06_L002	124	0	1	0	1
HAMBI_0403_chrm01_circ_2835885	NP_Ct_r01_2017_03_06_L002	83	0	1	0	1
HAMBI_0403_chrm01_circ_283781	NP_Ct_r01_2017_03_06_L002	108	0	1	0	1
HAMBI_0403_chrm01_circ_2845191	NP_Ct_r01_2017_03_06_L002	125	0	1	0	1
HAMBI_0403_chrm01_circ_2869812	NP_Ct_r01_2017_03_06_L002	91	0	1	0	1
HAMBI_0403_chrm01_circ_2883870	NP_Ct_r01_2017_03_06_L002	122	0	1	0	1
HAMBI_0403_chrm01_circ_2925854	NP_Ct_r01_2017_03_06_L002	68	0	1	0	1
HAMBI_0403_chrm01_circ_2975196	NP_Ct_r01_2017_03_06_L002	81	0	1	0	1
HAMBI_0403_chrm01_circ_2998776	NP_Ct_r01_2017_03_06_L002	124	1	1	0	1
HAMBI_0403_chrm01_circ_3000465	NP_Ct_r01_2017_03_06_L002	161	0	1	0	1
HAMBI_0403_chrm01_circ_3006282	NP_Ct_r01_2017_03_06_L002	170	0	1	0	1
HAMBI_0403_chrm01_circ_3028838	NP_Ct_r01_2017_03_06_L002	144	0	1	0	1
HAMBI_0403_chrm01_circ_3031198	NP_Ct_r01_2017_03_06_L002	128	0	1	0	1
HAMBI_0403_chrm01_circ_3060179	NP_Ct_r01_2017_03_06_L002	143	0	1	0	1
HAMBI_0403_chrm01_circ_3083534	NP_Ct_r01_2017_03_06_L002	148	14	1	0	1
HAMBI_0403_chrm01_circ_3087289	NP_Ct_r01_2017_03_06_L002	117	0	1	0	1
HAMBI_0403_chrm01_circ_3103731	NP_Ct_r01_2017_03_06_L002	119	0	1	0	1
HAMBI_0403_chrm01_circ_3117371	NP_Ct_r01_2017_03_06_L002	96	0	1	0	1
HAMBI_0403_chrm01_circ_3143395	NP_Ct_r01_2017_03_06_L002	95	0	1	0	1
HAMBI_0403_chrm01_circ_3150420	NP_Ct_r01_2017_03_06_L002	154	0	1	0	1
HAMBI_0403_chrm01_circ_3171763	NP_Ct_r01_2017_03_06_L002	131	0	1	0	1
HAMBI_0403_chrm01_circ_3178892	NP_Ct_r01_2017_03_06_L002	135	0	1	0	1
HAMBI_0403_chrm01_circ_3183496	NP_Ct_r01_2017_03_06_L002	102	0	1	0	1
HAMBI_0403_chrm01_circ_3202926	NP_Ct_r01_2017_03_06_L002	139	0	1	0	1
HAMBI_0403_chrm01_circ_3206418	NP_Ct_r01_2017_03_06_L002	88	76	1	0	1
HAMBI_0403_chrm01_circ_3236488	NP_Ct_r01_2017_03_06_L002	135	0	1	0	1
HAMBI_0403_chrm01_circ_3316564	NP_Ct_r01_2017_03_06_L002	133	0	1	0	1
HAMBI_0403_chrm01_circ_3319670	NP_Ct_r01_2017_03_06_L002	130	0	1	0	1
HAMBI_0403_chrm01_circ_3321404	NP_Ct_r01_2017_03_06_L002	107	2	1	0	1
HAMBI_0403_chrm01_circ_3322346	NP_Ct_r01_2017_03_06_L002	112	0	1	0	1
HAMBI_0403_chrm01_circ_3348412	NP_Ct_r01_2017_03_06_L002	136	0	1	0	1
HAMBI_0403_chrm01_circ_3430586	NP_Ct_r01_2017_03_06_L002	126	0	1	0	1
HAMBI_0403_chrm01_circ_3430600	NP_Ct_r01_2017_03_06_L002	118	2	1	0	1
HAMBI_0403_chrm01_circ_3514428	NP_Ct_r01_2017_03_06_L002	164	0	1	0	1
HAMBI_0403_chrm01_circ_3521312	NP_Ct_r01_2017_03_06_L002	173	0	1	0	1
HAMBI_0403_chrm01_circ_3543589	NP_Ct_r01_2017_03_06_L002	171	0	1	0	1
HAMBI_0403_chrm01_circ_3553466	NP_Ct_r01_2017_03_06_L002	154	0	1	0	1
HAMBI_0403_chrm01_circ_3578564	NP_Ct_r01_2017_03_06_L002	120	0	1	0	1
HAMBI_0403_chrm01_circ_3583051	NP_Ct_r01_2017_03_06_L002	129	0	1	0	1
HAMBI_0403_chrm01_circ_3598998	NP_Ct_r01_2017_03_06_L002	124	0	1	0	1
HAMBI_0403_chrm01_circ_3617983	NP_Ct_r01_2017_03_06_L002	95	0	1	0	1
HAMBI_0403_chrm01_circ_3618655	NP_Ct_r01_2017_03_06_L002	112	0	1	0	1
HAMBI_0403_chrm01_circ_362760	NP_Ct_r01_2017_03_06_L002	141	0	1	0	1
HAMBI_0403_chrm01_circ_363853	NP_Ct_r01_2017_03_06_L002	157	0	1	0	1
HAMBI_0403_chrm01_circ_370267	NP_Ct_r01_2017_03_06_L002	136	0	1	0	1
HAMBI_0403_chrm01_circ_3702984	NP_Ct_r01_2017_03_06_L002	110	0	1	0	1
HAMBI_0403_chrm01_circ_3715513	NP_Ct_r01_2017_03_06_L002	115	0	1	0	1
HAMBI_0403_chrm01_circ_3746085	NP_Ct_r01_2017_03_06_L002	119	0	1	0	1
HAMBI_0403_chrm01_circ_3784310	NP_Ct_r01_2017_03_06_L002	128	0	1	0	1
HAMBI_0403_chrm01_circ_3807928	NP_Ct_r01_2017_03_06_L002	55	53	1	0	1
HAMBI_0403_chrm01_circ_3826549	NP_Ct_r01_2017_03_06_L002	119	0	1	0	1
HAMBI_0403_chrm01_circ_3835502	NP_Ct_r01_2017_03_06_L002	152	1	1	0	1
HAMBI_0403_chrm01_circ_3866040	NP_Ct_r01_2017_03_06_L002	160	0	1	0	1
HAMBI_0403_chrm01_circ_3903420	NP_Ct_r01_2017_03_06_L002	157	0	1	0	1
HAMBI_0403_chrm01_circ_3910409	NP_Ct_r01_2017_03_06_L002	122	0	1	0	1
HAMBI_0403_chrm01_circ_3910572	NP_Ct_r01_2017_03_06_L002	128	0	1	0	1
HAMBI_0403_chrm01_circ_3937432	NP_Ct_r01_2017_03_06_L002	142	0	1	0	1
HAMBI_0403_chrm01_circ_4039075	NP_Ct_r01_2017_03_06_L002	130	0	1	0	1
HAMBI_0403_chrm01_circ_4060726	NP_Ct_r01_2017_03_06_L002	157	0	1	0	1
HAMBI_0403_chrm01_circ_406220	NP_Ct_r01_2017_03_06_L002	75	68	1	0	1
HAMBI_0403_chrm01_circ_4062981	NP_Ct_r01_2017_03_06_L002	126	0	1	0	1
HAMBI_0403_chrm01_circ_4074693	NP_Ct_r01_2017_03_06_L002	142	0	1	0	1
HAMBI_0403_chrm01_circ_4148379	NP_Ct_r01_2017_03_06_L002	151	0	1	0	1
HAMBI_0403_chrm01_circ_4152035	NP_Ct_r01_2017_03_06_L002	167	0	1	0	1
HAMBI_0403_chrm01_circ_417322	NP_Ct_r01_2017_03_06_L002	111	0	1	0	1
HAMBI_0403_chrm01_circ_4206117	NP_Ct_r01_2017_03_06_L002	153	0	1	0	1
HAMBI_0403_chrm01_circ_4214195	NP_Ct_r01_2017_03_06_L002	153	0	1	0	1
HAMBI_0403_chrm01_circ_4217616	NP_Ct_r01_2017_03_06_L002	169	0	1	0	1
HAMBI_0403_chrm01_circ_42377	NP_Ct_r01_2017_03_06_L002	149	0	1	0	1
HAMBI_0403_chrm01_circ_4269316	NP_Ct_r01_2017_03_06_L002	176	0	1	0	1
HAMBI_0403_chrm01_circ_4274685	NP_Ct_r01_2017_03_06_L002	92	0	1	0	1
HAMBI_0403_chrm01_circ_4285286	NP_Ct_r01_2017_03_06_L002	118	0	1	0	1
HAMBI_0403_chrm01_circ_4287997	NP_Ct_r01_2017_03_06_L002	98	0	1	0	1
HAMBI_0403_chrm01_circ_4388411	NP_Ct_r01_2017_03_06_L002	117	0	1	0	1
HAMBI_0403_chrm01_circ_4410252	NP_Ct_r01_2017_03_06_L002	106	0	1	0	1
HAMBI_0403_chrm01_circ_4439367	NP_Ct_r01_2017_03_06_L002	116	0	1	0	1
HAMBI_0403_chrm01_circ_444757	NP_Ct_r01_2017_03_06_L002	96	79	1	0	1
HAMBI_0403_chrm01_circ_4507219	NP_Ct_r01_2017_03_06_L002	147	0	1	0	1
HAMBI_0403_chrm01_circ_4557583	NP_Ct_r01_2017_03_06_L002	132	0	1	0	1
HAMBI_0403_chrm01_circ_4569372	NP_Ct_r01_2017_03_06_L002	100	0	1	0	1
HAMBI_0403_chrm01_circ_4582948	NP_Ct_r01_2017_03_06_L002	129	0	1	0	1
HAMBI_0403_chrm01_circ_4600184	NP_Ct_r01_2017_03_06_L002	125	0	1	0	1
HAMBI_0403_chrm01_circ_4618691	NP_Ct_r01_2017_03_06_L002	128	0	1	0	1
HAMBI_0403_chrm01_circ_4623649	NP_Ct_r01_2017_03_06_L002	130	0	1	0	1
HAMBI_0403_chrm01_circ_464021	NP_Ct_r01_2017_03_06_L002	144	1	1	0	1
HAMBI_0403_chrm01_circ_4743728	NP_Ct_r01_2017_03_06_L002	138	0	1	0	1
HAMBI_0403_chrm01_circ_4765035	NP_Ct_r01_2017_03_06_L002	123	0	1	0	1
HAMBI_0403_chrm01_circ_4781295	NP_Ct_r01_2017_03_06_L002	120	0	1	0	1
HAMBI_0403_chrm01_circ_4792521	NP_Ct_r01_2017_03_06_L002	131	0	1	0	1
HAMBI_0403_chrm01_circ_4799691	NP_Ct_r01_2017_03_06_L002	167	0	1	0	1
HAMBI_0403_chrm01_circ_4809883	NP_Ct_r01_2017_03_06_L002	156	0	1	0	1
HAMBI_0403_chrm01_circ_4855117	NP_Ct_r01_2017_03_06_L002	134	0	1	0	1
HAMBI_0403_chrm01_circ_4857021	NP_Ct_r01_2017_03_06_L002	119	0	1	0	1
HAMBI_0403_chrm01_circ_487954	NP_Ct_r01_2017_03_06_L002	128	0	1	0	1
HAMBI_0403_chrm01_circ_4888902	NP_Ct_r01_2017_03_06_L002	119	0	1	0	1
HAMBI_0403_chrm01_circ_4916373	NP_Ct_r01_2017_03_06_L002	110	0	1	0	1
HAMBI_0403_chrm01_circ_4972460	NP_Ct_r01_2017_03_06_L002	114	0	1	0	1
HAMBI_0403_chrm01_circ_5014718	NP_Ct_r01_2017_03_06_L002	124	0	1	0	1
HAMBI_0403_chrm01_circ_5042624	NP_Ct_r01_2017_03_06_L002	120	0	1	0	1
HAMBI_0403_chrm01_circ_5045700	NP_Ct_r01_2017_03_06_L002	102	0	1	0	1
HAMBI_0403_chrm01_circ_5060740	NP_Ct_r01_2017_03_06_L002	151	0	1	0	1
HAMBI_0403_chrm01_circ_5083897	NP_Ct_r01_2017_03_06_L002	125	0	1	0	1
HAMBI_0403_chrm01_circ_5114950	NP_Ct_r01_2017_03_06_L002	94	9	1	0	1
HAMBI_0403_chrm01_circ_5136938	NP_Ct_r01_2017_03_06_L002	160	0	1	0	1
HAMBI_0403_chrm01_circ_5158099	NP_Ct_r01_2017_03_06_L002	97	0	1	0	1
HAMBI_0403_chrm01_circ_5175068	NP_Ct_r01_2017_03_06_L002	119	1	1	0	1
HAMBI_0403_chrm01_circ_5179281	NP_Ct_r01_2017_03_06_L002	132	0	1	0	1
HAMBI_0403_chrm01_circ_5192590	NP_Ct_r01_2017_03_06_L002	148	0	1	0	1
HAMBI_0403_chrm01_circ_5198526	NP_Ct_r01_2017_03_06_L002	109	5	1	0	1
HAMBI_0403_chrm01_circ_52227	NP_Ct_r01_2017_03_06_L002	127	0	1	0	1
HAMBI_0403_chrm01_circ_5239272	NP_Ct_r01_2017_03_06_L002	113	0	1	0	1
HAMBI_0403_chrm01_circ_5247950	NP_Ct_r01_2017_03_06_L002	116	4	1	0	1
HAMBI_0403_chrm01_circ_5261930	NP_Ct_r01_2017_03_06_L002	146	0	1	0	1
HAMBI_0403_chrm01_circ_5274030	NP_Ct_r01_2017_03_06_L002	173	0	1	0	1
HAMBI_0403_chrm01_circ_5311213	NP_Ct_r01_2017_03_06_L002	125	0	1	0	1
HAMBI_0403_chrm01_circ_5334246	NP_Ct_r01_2017_03_06_L002	142	0	1	0	1
HAMBI_0403_chrm01_circ_5359752	NP_Ct_r01_2017_03_06_L002	136	0	1	0	1
HAMBI_0403_chrm01_circ_5375036	NP_Ct_r01_2017_03_06_L002	180	0	1	0	1
HAMBI_0403_chrm01_circ_538733	NP_Ct_r01_2017_03_06_L002	120	4	1	0	1
HAMBI_0403_chrm01_circ_5398637	NP_Ct_r01_2017_03_06_L002	127	0	1	0	1
HAMBI_0403_chrm01_circ_5452296	NP_Ct_r01_2017_03_06_L002	165	0	1	0	1
HAMBI_0403_chrm01_circ_5488740	NP_Ct_r01_2017_03_06_L002	168	0	1	0	1
HAMBI_0403_chrm01_circ_5582102	NP_Ct_r01_2017_03_06_L002	137	0	1	0	1
HAMBI_0403_chrm01_circ_5582190	NP_Ct_r01_2017_03_06_L002	118	0	1	0	1
HAMBI_0403_chrm01_circ_5582265	NP_Ct_r01_2017_03_06_L002	120	0	1	0	1
HAMBI_0403_chrm01_circ_5604584	NP_Ct_r01_2017_03_06_L002	130	0	1	0	1
HAMBI_0403_chrm01_circ_5614022	NP_Ct_r01_2017_03_06_L002	133	0	1	0	1
HAMBI_0403_chrm01_circ_5638719	NP_Ct_r01_2017_03_06_L002	141	0	1	0	1
HAMBI_0403_chrm01_circ_5644341	NP_Ct_r01_2017_03_06_L002	149	0	1	0	1
HAMBI_0403_chrm01_circ_5691225	NP_Ct_r01_2017_03_06_L002	138	0	1	0	1
HAMBI_0403_chrm01_circ_5709378	NP_Ct_r01_2017_03_06_L002	107	0	1	0	1
HAMBI_0403_chrm01_circ_5714954	NP_Ct_r01_2017_03_06_L002	107	0	1	0	1
HAMBI_0403_chrm01_circ_5730629	NP_Ct_r01_2017_03_06_L002	110	2	1	0	1
HAMBI_0403_chrm01_circ_5738403	NP_Ct_r01_2017_03_06_L002	104	0	1	0	1
HAMBI_0403_chrm01_circ_606028	NP_Ct_r01_2017_03_06_L002	131	0	1	0	1
HAMBI_0403_chrm01_circ_613689	NP_Ct_r01_2017_03_06_L002	170	0	1	0	1
HAMBI_0403_chrm01_circ_616293	NP_Ct_r01_2017_03_06_L002	127	0	1	0	1
HAMBI_0403_chrm01_circ_637391	NP_Ct_r01_2017_03_06_L002	143	0	1	0	1
HAMBI_0403_chrm01_circ_671146	NP_Ct_r01_2017_03_06_L002	106	0	1	0	1
HAMBI_0403_chrm01_circ_684931	NP_Ct_r01_2017_03_06_L002	53	0	1	0	1
HAMBI_0403_chrm01_circ_748850	NP_Ct_r01_2017_03_06_L002	157	0	1	0	1
HAMBI_0403_chrm01_circ_753790	NP_Ct_r01_2017_03_06_L002	116	0	1	0	1
HAMBI_0403_chrm01_circ_788892	NP_Ct_r01_2017_03_06_L002	81	1	1	0	1
HAMBI_0403_chrm01_circ_831854	NP_Ct_r01_2017_03_06_L002	117	0	1	0	1
HAMBI_0403_chrm01_circ_832539	NP_Ct_r01_2017_03_06_L002	98	0	1	0	1
HAMBI_0403_chrm01_circ_842503	NP_Ct_r01_2017_03_06_L002	110	0	1	0	1
HAMBI_0403_chrm01_circ_848535	NP_Ct_r01_2017_03_06_L002	146	0	1	0	1
HAMBI_0403_chrm01_circ_883423	NP_Ct_r01_2017_03_06_L002	143	0	1	0	1
HAMBI_0403_chrm01_circ_906766	NP_Ct_r01_2017_03_06_L002	126	0	1	0	1
HAMBI_0403_chrm01_circ_916431	NP_Ct_r01_2017_03_06_L002	137	0	1	0	1
HAMBI_0403_chrm01_circ_945635	NP_Ct_r01_2017_03_06_L002	151	0	1	0	1
HAMBI_0403_chrm01_circ_957655	NP_Ct_r01_2017_03_06_L002	128	0	1	0	1
HAMBI_0403_chrm01_circ_957797	NP_Ct_r01_2017_03_06_L002	141	0	1	0	1
HAMBI_0403_chrm01_circ_957871	NP_Ct_r01_2017_03_06_L002	111	14	1	0	1
HAMBI_0403_chrm01_circ_958022	NP_Ct_r01_2017_03_06_L002	121	2	1	0	1
HAMBI_0403_chrm01_circ_958598	NP_Ct_r01_2017_03_06_L002	166	0	1	0	1
HAMBI_0403_chrm01_circ_958829	NP_Ct_r01_2017_03_06_L002	141	3	1	0	1
HAMBI_0403_chrm01_circ_958923	NP_Ct_r01_2017_03_06_L002	138	0	1	0	1
HAMBI_0403_chrm01_circ_966980	NP_Ct_r01_2017_03_06_L002	140	0	1	0	1
HAMBI_0403_plas01_circ_27065	NP_Ct_r01_2017_03_06_L002	262	0	1	0	1
HAMBI_0403_plas01_circ_34644	NP_Ct_r01_2017_03_06_L002	286	0	1	0	1
HAMBI_0403_chrm01_circ_1041879	NP_Ct_r01_2017_04_03_L002	88	0	1	0	1
HAMBI_0403_chrm01_circ_1048627	NP_Ct_r01_2017_04_03_L002	93	0	1	0	1
HAMBI_0403_chrm01_circ_1087633	NP_Ct_r01_2017_04_03_L002	72	0	1	0	1
HAMBI_0403_chrm01_circ_1089569	NP_Ct_r01_2017_04_03_L002	48	0	1	0	1
HAMBI_0403_chrm01_circ_1179102	NP_Ct_r01_2017_04_03_L002	74	0	1	0	1
HAMBI_0403_chrm01_circ_1204312	NP_Ct_r01_2017_04_03_L002	72	0	1	0	1
HAMBI_0403_chrm01_circ_1208537	NP_Ct_r01_2017_04_03_L002	79	0	1	0	1
HAMBI_0403_chrm01_circ_1220169	NP_Ct_r01_2017_04_03_L002	78	0	1	0	1
HAMBI_0403_chrm01_circ_1269396	NP_Ct_r01_2017_04_03_L002	83	0	1	0	1
HAMBI_0403_chrm01_circ_1274492	NP_Ct_r01_2017_04_03_L002	77	0	1	0	1
HAMBI_0403_chrm01_circ_1276454	NP_Ct_r01_2017_04_03_L002	85	0	1	0	1
HAMBI_0403_chrm01_circ_1331081	NP_Ct_r01_2017_04_03_L002	13	54	1	0	1
HAMBI_0403_chrm01_circ_1381129	NP_Ct_r01_2017_04_03_L002	51	1	1	0	1
HAMBI_0403_chrm01_circ_140925	NP_Ct_r01_2017_04_03_L002	73	0	1	0	1
HAMBI_0403_chrm01_circ_1432433	NP_Ct_r01_2017_04_03_L002	96	0	1	0	1
HAMBI_0403_chrm01_circ_1433097	NP_Ct_r01_2017_04_03_L002	73	0	1	0	1
HAMBI_0403_chrm01_circ_1508043	NP_Ct_r01_2017_04_03_L002	94	0	1	0	1
HAMBI_0403_chrm01_circ_1512989	NP_Ct_r01_2017_04_03_L002	91	0	1	0	1
HAMBI_0403_chrm01_circ_1521289	NP_Ct_r01_2017_04_03_L002	106	0	1	0	1
HAMBI_0403_chrm01_circ_1531856	NP_Ct_r01_2017_04_03_L002	59	0	1	0	1
HAMBI_0403_chrm01_circ_156034	NP_Ct_r01_2017_04_03_L002	94	0	1	0	1
HAMBI_0403_chrm01_circ_1584852	NP_Ct_r01_2017_04_03_L002	83	0	1	0	1
HAMBI_0403_chrm01_circ_1588427	NP_Ct_r01_2017_04_03_L002	83	0	1	0	1
HAMBI_0403_chrm01_circ_162518	NP_Ct_r01_2017_04_03_L002	92	0	1	0	1
HAMBI_0403_chrm01_circ_1631016	NP_Ct_r01_2017_04_03_L002	66	0	1	0	1
HAMBI_0403_chrm01_circ_1655504	NP_Ct_r01_2017_04_03_L002	80	0	1	0	1
HAMBI_0403_chrm01_circ_1680554	NP_Ct_r01_2017_04_03_L002	93	0	1	0	1
HAMBI_0403_chrm01_circ_1684934	NP_Ct_r01_2017_04_03_L002	81	0	1	0	1
HAMBI_0403_chrm01_circ_1748339	NP_Ct_r01_2017_04_03_L002	86	0	1	0	1
HAMBI_0403_chrm01_circ_1825191	NP_Ct_r01_2017_04_03_L002	95	0	1	0	1
HAMBI_0403_chrm01_circ_1831193	NP_Ct_r01_2017_04_03_L002	94	0	1	0	1
HAMBI_0403_chrm01_circ_1964254	NP_Ct_r01_2017_04_03_L002	78	0	1	0	1
HAMBI_0403_chrm01_circ_19727	NP_Ct_r01_2017_04_03_L002	69	0	1	0	1
HAMBI_0403_chrm01_circ_1985537	NP_Ct_r01_2017_04_03_L002	64	0	1	0	1
HAMBI_0403_chrm01_circ_1990830	NP_Ct_r01_2017_04_03_L002	63	0	1	0	1
HAMBI_0403_chrm01_circ_2035209	NP_Ct_r01_2017_04_03_L002	67	0	1	0	1
HAMBI_0403_chrm01_circ_2070393	NP_Ct_r01_2017_04_03_L002	72	0	1	0	1
HAMBI_0403_chrm01_circ_2085642	NP_Ct_r01_2017_04_03_L002	84	0	1	0	1
HAMBI_0403_chrm01_circ_2164967	NP_Ct_r01_2017_04_03_L002	116	0	1	0	1
HAMBI_0403_chrm01_circ_2170475	NP_Ct_r01_2017_04_03_L002	84	0	1	0	1
HAMBI_0403_chrm01_circ_2183342	NP_Ct_r01_2017_04_03_L002	71	0	1	0	1
HAMBI_0403_chrm01_circ_2210141	NP_Ct_r01_2017_04_03_L002	74	0	1	0	1
HAMBI_0403_chrm01_circ_2247210	NP_Ct_r01_2017_04_03_L002	84	1	1	0	1
HAMBI_0403_chrm01_circ_2263832	NP_Ct_r01_2017_04_03_L002	83	0	1	0	1
HAMBI_0403_chrm01_circ_2264970	NP_Ct_r01_2017_04_03_L002	70	0	1	0	1
HAMBI_0403_chrm01_circ_2275854	NP_Ct_r01_2017_04_03_L002	85	0	1	0	1
HAMBI_0403_chrm01_circ_2288765	NP_Ct_r01_2017_04_03_L002	83	0	1	0	1
HAMBI_0403_chrm01_circ_2298099	NP_Ct_r01_2017_04_03_L002	75	0	1	0	1
HAMBI_0403_chrm01_circ_2303297	NP_Ct_r01_2017_04_03_L002	66	0	1	0	1
HAMBI_0403_chrm01_circ_2354987	NP_Ct_r01_2017_04_03_L002	71	0	1	0	1
HAMBI_0403_chrm01_circ_2357485	NP_Ct_r01_2017_04_03_L002	88	0	1	0	1
HAMBI_0403_chrm01_circ_2399050	NP_Ct_r01_2017_04_03_L002	93	0	1	0	1
HAMBI_0403_chrm01_circ_2399143	NP_Ct_r01_2017_04_03_L002	95	0	1	0	1
HAMBI_0403_chrm01_circ_2399712	NP_Ct_r01_2017_04_03_L002	82	0	1	0	1
HAMBI_0403_chrm01_circ_2400679	NP_Ct_r01_2017_04_03_L002	78	0	1	0	1
HAMBI_0403_chrm01_circ_2406988	NP_Ct_r01_2017_04_03_L002	83	3	1	0	1
HAMBI_0403_chrm01_circ_245301	NP_Ct_r01_2017_04_03_L002	97	4	1	0	1
HAMBI_0403_chrm01_circ_2464548	NP_Ct_r01_2017_04_03_L002	40	38	1	0	1
HAMBI_0403_chrm01_circ_2494812	NP_Ct_r01_2017_04_03_L002	88	0	1	0	1
HAMBI_0403_chrm01_circ_2511562	NP_Ct_r01_2017_04_03_L002	79	1	1	0	1
HAMBI_0403_chrm01_circ_2556378	NP_Ct_r01_2017_04_03_L002	84	0	1	0	1
HAMBI_0403_chrm01_circ_2575375	NP_Ct_r01_2017_04_03_L002	45	0	1	0	1
HAMBI_0403_chrm01_circ_2610889	NP_Ct_r01_2017_04_03_L002	72	0	1	0	1
HAMBI_0403_chrm01_circ_264598	NP_Ct_r01_2017_04_03_L002	87	0	1	0	1
HAMBI_0403_chrm01_circ_2695541	NP_Ct_r01_2017_04_03_L002	53	3	1	0	1
HAMBI_0403_chrm01_circ_2742453	NP_Ct_r01_2017_04_03_L002	88	0	1	0	1
HAMBI_0403_chrm01_circ_2835885	NP_Ct_r01_2017_04_03_L002	74	0	1	0	1
HAMBI_0403_chrm01_circ_283781	NP_Ct_r01_2017_04_03_L002	80	0	1	0	1
HAMBI_0403_chrm01_circ_2845191	NP_Ct_r01_2017_04_03_L002	67	0	1	0	1
HAMBI_0403_chrm01_circ_2869812	NP_Ct_r01_2017_04_03_L002	63	0	1	0	1
HAMBI_0403_chrm01_circ_2883870	NP_Ct_r01_2017_04_03_L002	91	1	1	0	1
HAMBI_0403_chrm01_circ_2925854	NP_Ct_r01_2017_04_03_L002	56	0	1	0	1
HAMBI_0403_chrm01_circ_2975196	NP_Ct_r01_2017_04_03_L002	61	0	1	0	1
HAMBI_0403_chrm01_circ_2998776	NP_Ct_r01_2017_04_03_L002	84	0	1	0	1
HAMBI_0403_chrm01_circ_3000465	NP_Ct_r01_2017_04_03_L002	95	0	1	0	1
HAMBI_0403_chrm01_circ_3006282	NP_Ct_r01_2017_04_03_L002	98	0	1	0	1
HAMBI_0403_chrm01_circ_3028838	NP_Ct_r01_2017_04_03_L002	101	0	1	0	1
HAMBI_0403_chrm01_circ_3031198	NP_Ct_r01_2017_04_03_L002	66	0	1	0	1
HAMBI_0403_chrm01_circ_3060179	NP_Ct_r01_2017_04_03_L002	87	0	1	0	1
HAMBI_0403_chrm01_circ_3083534	NP_Ct_r01_2017_04_03_L002	73	17	1	0	1
HAMBI_0403_chrm01_circ_3087289	NP_Ct_r01_2017_04_03_L002	69	0	1	0	1
HAMBI_0403_chrm01_circ_3103731	NP_Ct_r01_2017_04_03_L002	68	0	1	0	1
HAMBI_0403_chrm01_circ_3117371	NP_Ct_r01_2017_04_03_L002	72	0	1	0	1
HAMBI_0403_chrm01_circ_3143395	NP_Ct_r01_2017_04_03_L002	77	0	1	0	1
HAMBI_0403_chrm01_circ_3150420	NP_Ct_r01_2017_04_03_L002	85	0	1	0	1
HAMBI_0403_chrm01_circ_3171763	NP_Ct_r01_2017_04_03_L002	88	0	1	0	1
HAMBI_0403_chrm01_circ_3178892	NP_Ct_r01_2017_04_03_L002	83	0	1	0	1
HAMBI_0403_chrm01_circ_3183496	NP_Ct_r01_2017_04_03_L002	83	0	1	0	1
HAMBI_0403_chrm01_circ_3202926	NP_Ct_r01_2017_04_03_L002	99	0	1	0	1
HAMBI_0403_chrm01_circ_3206418	NP_Ct_r01_2017_04_03_L002	8	68	1	0	1
HAMBI_0403_chrm01_circ_3236488	NP_Ct_r01_2017_04_03_L002	83	0	1	0	1
HAMBI_0403_chrm01_circ_3316564	NP_Ct_r01_2017_04_03_L002	74	0	1	0	1
HAMBI_0403_chrm01_circ_3319670	NP_Ct_r01_2017_04_03_L002	83	0	1	0	1
HAMBI_0403_chrm01_circ_3321404	NP_Ct_r01_2017_04_03_L002	87	1	1	0	1
HAMBI_0403_chrm01_circ_3322346	NP_Ct_r01_2017_04_03_L002	84	0	1	0	1
HAMBI_0403_chrm01_circ_3348412	NP_Ct_r01_2017_04_03_L002	95	0	1	0	1
HAMBI_0403_chrm01_circ_3430586	NP_Ct_r01_2017_04_03_L002	72	0	1	0	1
HAMBI_0403_chrm01_circ_3430600	NP_Ct_r01_2017_04_03_L002	67	0	1	0	1
HAMBI_0403_chrm01_circ_3514428	NP_Ct_r01_2017_04_03_L002	101	0	1	0	1
HAMBI_0403_chrm01_circ_3521312	NP_Ct_r01_2017_04_03_L002	99	0	1	0	1
HAMBI_0403_chrm01_circ_3543589	NP_Ct_r01_2017_04_03_L002	117	0	1	0	1
HAMBI_0403_chrm01_circ_3553466	NP_Ct_r01_2017_04_03_L002	84	0	1	0	1
HAMBI_0403_chrm01_circ_3578564	NP_Ct_r01_2017_04_03_L002	80	0	1	0	1
HAMBI_0403_chrm01_circ_3583051	NP_Ct_r01_2017_04_03_L002	85	0	1	0	1
HAMBI_0403_chrm01_circ_3598998	NP_Ct_r01_2017_04_03_L002	49	0	1	0	1
HAMBI_0403_chrm01_circ_3617983	NP_Ct_r01_2017_04_03_L002	57	0	1	0	1
HAMBI_0403_chrm01_circ_3618655	NP_Ct_r01_2017_04_03_L002	75	0	1	0	1
HAMBI_0403_chrm01_circ_362760	NP_Ct_r01_2017_04_03_L002	75	0	1	0	1
HAMBI_0403_chrm01_circ_363853	NP_Ct_r01_2017_04_03_L002	86	0	1	0	1
HAMBI_0403_chrm01_circ_370267	NP_Ct_r01_2017_04_03_L002	71	0	1	0	1
HAMBI_0403_chrm01_circ_3702984	NP_Ct_r01_2017_04_03_L002	57	0	1	0	1
HAMBI_0403_chrm01_circ_3715513	NP_Ct_r01_2017_04_03_L002	96	0	1	0	1
HAMBI_0403_chrm01_circ_3746085	NP_Ct_r01_2017_04_03_L002	69	0	1	0	1
HAMBI_0403_chrm01_circ_3784310	NP_Ct_r01_2017_04_03_L002	80	0	1	0	1
HAMBI_0403_chrm01_circ_3807928	NP_Ct_r01_2017_04_03_L002	11	57	1	0	1
HAMBI_0403_chrm01_circ_3826549	NP_Ct_r01_2017_04_03_L002	80	0	1	0	1
HAMBI_0403_chrm01_circ_3835502	NP_Ct_r01_2017_04_03_L002	77	0	1	0	1
HAMBI_0403_chrm01_circ_3866040	NP_Ct_r01_2017_04_03_L002	86	0	1	0	1
HAMBI_0403_chrm01_circ_3903420	NP_Ct_r01_2017_04_03_L002	109	1	1	0	1
HAMBI_0403_chrm01_circ_3910409	NP_Ct_r01_2017_04_03_L002	110	0	1	0	1
HAMBI_0403_chrm01_circ_3910572	NP_Ct_r01_2017_04_03_L002	95	0	1	0	1
HAMBI_0403_chrm01_circ_3937432	NP_Ct_r01_2017_04_03_L002	88	0	1	0	1
HAMBI_0403_chrm01_circ_4039075	NP_Ct_r01_2017_04_03_L002	89	0	1	0	1
HAMBI_0403_chrm01_circ_4060726	NP_Ct_r01_2017_04_03_L002	86	0	1	0	1
HAMBI_0403_chrm01_circ_406220	NP_Ct_r01_2017_04_03_L002	18	71	1	0	1
HAMBI_0403_chrm01_circ_4062981	NP_Ct_r01_2017_04_03_L002	76	0	1	0	1
HAMBI_0403_chrm01_circ_4074693	NP_Ct_r01_2017_04_03_L002	112	0	1	0	1
HAMBI_0403_chrm01_circ_4148379	NP_Ct_r01_2017_04_03_L002	82	0	1	0	1
HAMBI_0403_chrm01_circ_4152035	NP_Ct_r01_2017_04_03_L002	72	0	1	0	1
HAMBI_0403_chrm01_circ_417322	NP_Ct_r01_2017_04_03_L002	86	0	1	0	1
HAMBI_0403_chrm01_circ_4206117	NP_Ct_r01_2017_04_03_L002	102	0	1	0	1
HAMBI_0403_chrm01_circ_4214195	NP_Ct_r01_2017_04_03_L002	83	0	1	0	1
HAMBI_0403_chrm01_circ_4217616	NP_Ct_r01_2017_04_03_L002	110	0	1	0	1
HAMBI_0403_chrm01_circ_42377	NP_Ct_r01_2017_04_03_L002	91	0	1	0	1
HAMBI_0403_chrm01_circ_4269316	NP_Ct_r01_2017_04_03_L002	94	0	1	0	1
HAMBI_0403_chrm01_circ_4274685	NP_Ct_r01_2017_04_03_L002	51	0	1	0	1
HAMBI_0403_chrm01_circ_4285286	NP_Ct_r01_2017_04_03_L002	76	0	1	0	1
HAMBI_0403_chrm01_circ_4287997	NP_Ct_r01_2017_04_03_L002	82	0	1	0	1
HAMBI_0403_chrm01_circ_4388411	NP_Ct_r01_2017_04_03_L002	71	0	1	0	1
HAMBI_0403_chrm01_circ_4410252	NP_Ct_r01_2017_04_03_L002	75	1	1	0	1
HAMBI_0403_chrm01_circ_4439367	NP_Ct_r01_2017_04_03_L002	76	0	1	0	1
HAMBI_0403_chrm01_circ_444757	NP_Ct_r01_2017_04_03_L002	10	60	1	0	1
HAMBI_0403_chrm01_circ_4507219	NP_Ct_r01_2017_04_03_L002	80	0	1	0	1
HAMBI_0403_chrm01_circ_4557583	NP_Ct_r01_2017_04_03_L002	81	0	1	0	1
HAMBI_0403_chrm01_circ_4569372	NP_Ct_r01_2017_04_03_L002	69	0	1	0	1
HAMBI_0403_chrm01_circ_4582948	NP_Ct_r01_2017_04_03_L002	89	0	1	0	1
HAMBI_0403_chrm01_circ_4600184	NP_Ct_r01_2017_04_03_L002	85	0	1	0	1
HAMBI_0403_chrm01_circ_4618691	NP_Ct_r01_2017_04_03_L002	88	0	1	0	1
HAMBI_0403_chrm01_circ_4623649	NP_Ct_r01_2017_04_03_L002	96	0	1	0	1
HAMBI_0403_chrm01_circ_464021	NP_Ct_r01_2017_04_03_L002	67	1	1	0	1
HAMBI_0403_chrm01_circ_4743728	NP_Ct_r01_2017_04_03_L002	71	0	1	0	1
HAMBI_0403_chrm01_circ_4765035	NP_Ct_r01_2017_04_03_L002	89	0	1	0	1
HAMBI_0403_chrm01_circ_4781295	NP_Ct_r01_2017_04_03_L002	82	0	1	0	1
HAMBI_0403_chrm01_circ_4792521	NP_Ct_r01_2017_04_03_L002	77	0	1	0	1
HAMBI_0403_chrm01_circ_4799691	NP_Ct_r01_2017_04_03_L002	92	0	1	0	1
HAMBI_0403_chrm01_circ_4809883	NP_Ct_r01_2017_04_03_L002	89	0	1	0	1
HAMBI_0403_chrm01_circ_4855117	NP_Ct_r01_2017_04_03_L002	67	0	1	0	1
HAMBI_0403_chrm01_circ_4857021	NP_Ct_r01_2017_04_03_L002	76	0	1	0	1
HAMBI_0403_chrm01_circ_487954	NP_Ct_r01_2017_04_03_L002	68	0	1	0	1
HAMBI_0403_chrm01_circ_4888902	NP_Ct_r01_2017_04_03_L002	64	0	1	0	1
HAMBI_0403_chrm01_circ_4916373	NP_Ct_r01_2017_04_03_L002	74	0	1	0	1
HAMBI_0403_chrm01_circ_4972460	NP_Ct_r01_2017_04_03_L002	71	0	1	0	1
HAMBI_0403_chrm01_circ_5014718	NP_Ct_r01_2017_04_03_L002	72	0	1	0	1
HAMBI_0403_chrm01_circ_5042624	NP_Ct_r01_2017_04_03_L002	107	0	1	0	1
HAMBI_0403_chrm01_circ_5045700	NP_Ct_r01_2017_04_03_L002	80	0	1	0	1
HAMBI_0403_chrm01_circ_5060740	NP_Ct_r01_2017_04_03_L002	73	0	1	0	1
HAMBI_0403_chrm01_circ_5083897	NP_Ct_r01_2017_04_03_L002	75	0	1	0	1
HAMBI_0403_chrm01_circ_5114950	NP_Ct_r01_2017_04_03_L002	53	6	1	0	1
HAMBI_0403_chrm01_circ_5136938	NP_Ct_r01_2017_04_03_L002	92	0	1	0	1
HAMBI_0403_chrm01_circ_5158099	NP_Ct_r01_2017_04_03_L002	84	0	1	0	1
HAMBI_0403_chrm01_circ_5175068	NP_Ct_r01_2017_04_03_L002	76	2	1	0	1
HAMBI_0403_chrm01_circ_5179281	NP_Ct_r01_2017_04_03_L002	73	0	1	0	1
HAMBI_0403_chrm01_circ_5192590	NP_Ct_r01_2017_04_03_L002	107	0	1	0	1
HAMBI_0403_chrm01_circ_5198526	NP_Ct_r01_2017_04_03_L002	75	3	1	0	1
HAMBI_0403_chrm01_circ_52227	NP_Ct_r01_2017_04_03_L002	71	0	1	0	1
HAMBI_0403_chrm01_circ_5239272	NP_Ct_r01_2017_04_03_L002	63	0	1	0	1
HAMBI_0403_chrm01_circ_5247950	NP_Ct_r01_2017_04_03_L002	73	7	1	0	1
HAMBI_0403_chrm01_circ_5261930	NP_Ct_r01_2017_04_03_L002	72	0	1	0	1
HAMBI_0403_chrm01_circ_5274030	NP_Ct_r01_2017_04_03_L002	86	0	1	0	1
HAMBI_0403_chrm01_circ_5311213	NP_Ct_r01_2017_04_03_L002	67	0	1	0	1
HAMBI_0403_chrm01_circ_5334246	NP_Ct_r01_2017_04_03_L002	100	0	1	0	1
HAMBI_0403_chrm01_circ_5359752	NP_Ct_r01_2017_04_03_L002	82	0	1	0	1
HAMBI_0403_chrm01_circ_5375036	NP_Ct_r01_2017_04_03_L002	83	0	1	0	1
HAMBI_0403_chrm01_circ_538733	NP_Ct_r01_2017_04_03_L002	67	0	1	0	1
HAMBI_0403_chrm01_circ_5398637	NP_Ct_r01_2017_04_03_L002	83	0	1	0	1
HAMBI_0403_chrm01_circ_5452296	NP_Ct_r01_2017_04_03_L002	87	0	1	0	1
HAMBI_0403_chrm01_circ_5488740	NP_Ct_r01_2017_04_03_L002	79	0	1	0	1
HAMBI_0403_chrm01_circ_5582102	NP_Ct_r01_2017_04_03_L002	78	2	1	0	1
HAMBI_0403_chrm01_circ_5582190	NP_Ct_r01_2017_04_03_L002	80	0	1	0	1
HAMBI_0403_chrm01_circ_5582265	NP_Ct_r01_2017_04_03_L002	76	0	1	0	1
HAMBI_0403_chrm01_circ_5604584	NP_Ct_r01_2017_04_03_L002	75	0	1	0	1
HAMBI_0403_chrm01_circ_5614022	NP_Ct_r01_2017_04_03_L002	69	0	1	0	1
HAMBI_0403_chrm01_circ_5638719	NP_Ct_r01_2017_04_03_L002	97	0	1	0	1
HAMBI_0403_chrm01_circ_5644341	NP_Ct_r01_2017_04_03_L002	84	0	1	0	1
HAMBI_0403_chrm01_circ_5691225	NP_Ct_r01_2017_04_03_L002	86	0	1	0	1
HAMBI_0403_chrm01_circ_5709378	NP_Ct_r01_2017_04_03_L002	78	0	1	0	1
HAMBI_0403_chrm01_circ_5714954	NP_Ct_r01_2017_04_03_L002	67	0	1	0	1
HAMBI_0403_chrm01_circ_5730629	NP_Ct_r01_2017_04_03_L002	92	1	1	0	1
HAMBI_0403_chrm01_circ_5738403	NP_Ct_r01_2017_04_03_L002	101	0	1	0	1
HAMBI_0403_chrm01_circ_606028	NP_Ct_r01_2017_04_03_L002	64	0	1	0	1
HAMBI_0403_chrm01_circ_613689	NP_Ct_r01_2017_04_03_L002	83	1	1	0	1
HAMBI_0403_chrm01_circ_616293	NP_Ct_r01_2017_04_03_L002	76	0	1	0	1
HAMBI_0403_chrm01_circ_637391	NP_Ct_r01_2017_04_03_L002	74	0	1	0	1
HAMBI_0403_chrm01_circ_671146	NP_Ct_r01_2017_04_03_L002	66	0	1	0	1
HAMBI_0403_chrm01_circ_684931	NP_Ct_r01_2017_04_03_L002	39	0	1	0	1
HAMBI_0403_chrm01_circ_748850	NP_Ct_r01_2017_04_03_L002	80	0	1	0	1
HAMBI_0403_chrm01_circ_753790	NP_Ct_r01_2017_04_03_L002	88	0	1	0	1
HAMBI_0403_chrm01_circ_788892	NP_Ct_r01_2017_04_03_L002	58	0	1	0	1
HAMBI_0403_chrm01_circ_831854	NP_Ct_r01_2017_04_03_L002	78	1	1	0	1
HAMBI_0403_chrm01_circ_832539	NP_Ct_r01_2017_04_03_L002	75	0	1	0	1
HAMBI_0403_chrm01_circ_842503	NP_Ct_r01_2017_04_03_L002	83	0	1	0	1
HAMBI_0403_chrm01_circ_848535	NP_Ct_r01_2017_04_03_L002	80	0	1	0	1
HAMBI_0403_chrm01_circ_883423	NP_Ct_r01_2017_04_03_L002	83	0	1	0	1
HAMBI_0403_chrm01_circ_906766	NP_Ct_r01_2017_04_03_L002	77	0	1	0	1
HAMBI_0403_chrm01_circ_916431	NP_Ct_r01_2017_04_03_L002	94	0	1	0	1
HAMBI_0403_chrm01_circ_945635	NP_Ct_r01_2017_04_03_L002	89	0	1	0	1
HAMBI_0403_chrm01_circ_957655	NP_Ct_r01_2017_04_03_L002	85	0	1	0	1
HAMBI_0403_chrm01_circ_957797	NP_Ct_r01_2017_04_03_L002	93	0	1	0	1
HAMBI_0403_chrm01_circ_957871	NP_Ct_r01_2017_04_03_L002	71	14	1	0	1
HAMBI_0403_chrm01_circ_958022	NP_Ct_r01_2017_04_03_L002	71	2	1	0	1
HAMBI_0403_chrm01_circ_958598	NP_Ct_r01_2017_04_03_L002	95	2	1	0	1
HAMBI_0403_chrm01_circ_958829	NP_Ct_r01_2017_04_03_L002	75	10	1	0	1
HAMBI_0403_chrm01_circ_958923	NP_Ct_r01_2017_04_03_L002	104	0	1	0	1
HAMBI_0403_chrm01_circ_966980	NP_Ct_r01_2017_04_03_L002	84	0	1	0	1
HAMBI_0403_plas01_circ_27065	NP_Ct_r01_2017_04_03_L002	172	0	1	0	1
HAMBI_0403_plas01_circ_34644	NP_Ct_r01_2017_04_03_L002	166	2	1	0	1
HAMBI_0403_chrm01_circ_1041879	NP_Ct_r01_2017_08_21_L001	47	0	1	0	1
HAMBI_0403_chrm01_circ_1048627	NP_Ct_r01_2017_08_21_L001	55	0	1	0	1
HAMBI_0403_chrm01_circ_1087633	NP_Ct_r01_2017_08_21_L001	30	0	1	0	1
HAMBI_0403_chrm01_circ_1089569	NP_Ct_r01_2017_08_21_L001	23	0	1	0	1
HAMBI_0403_chrm01_circ_1179102	NP_Ct_r01_2017_08_21_L001	56	0	1	0	1
HAMBI_0403_chrm01_circ_1204312	NP_Ct_r01_2017_08_21_L001	60	0	1	0	1
HAMBI_0403_chrm01_circ_1208537	NP_Ct_r01_2017_08_21_L001	75	0	1	0	1
HAMBI_0403_chrm01_circ_1220169	NP_Ct_r01_2017_08_21_L001	50	0	1	0	1
HAMBI_0403_chrm01_circ_1269396	NP_Ct_r01_2017_08_21_L001	44	0	1	0	1
HAMBI_0403_chrm01_circ_1274492	NP_Ct_r01_2017_08_21_L001	33	0	1	0	1
HAMBI_0403_chrm01_circ_1276454	NP_Ct_r01_2017_08_21_L001	96	0	1	0	1
HAMBI_0403_chrm01_circ_1331081	NP_Ct_r01_2017_08_21_L001	29	0	1	0	1
HAMBI_0403_chrm01_circ_1381129	NP_Ct_r01_2017_08_21_L001	58	0	1	0	1
HAMBI_0403_chrm01_circ_140925	NP_Ct_r01_2017_08_21_L001	54	0	1	0	1
HAMBI_0403_chrm01_circ_1432433	NP_Ct_r01_2017_08_21_L001	52	0	1	0	1
HAMBI_0403_chrm01_circ_1433097	NP_Ct_r01_2017_08_21_L001	48	0	1	0	1
HAMBI_0403_chrm01_circ_1508043	NP_Ct_r01_2017_08_21_L001	71	0	1	0	1
HAMBI_0403_chrm01_circ_1512989	NP_Ct_r01_2017_08_21_L001	84	0	1	0	1
HAMBI_0403_chrm01_circ_1521289	NP_Ct_r01_2017_08_21_L001	68	0	1	0	1
HAMBI_0403_chrm01_circ_1531856	NP_Ct_r01_2017_08_21_L001	34	0	1	0	1
HAMBI_0403_chrm01_circ_156034	NP_Ct_r01_2017_08_21_L001	80	0	1	0	1
HAMBI_0403_chrm01_circ_1584852	NP_Ct_r01_2017_08_21_L001	52	0	1	0	1
HAMBI_0403_chrm01_circ_1588427	NP_Ct_r01_2017_08_21_L001	70	0	1	0	1
HAMBI_0403_chrm01_circ_162518	NP_Ct_r01_2017_08_21_L001	52	0	1	0	1
HAMBI_0403_chrm01_circ_1631016	NP_Ct_r01_2017_08_21_L001	61	0	1	0	1
HAMBI_0403_chrm01_circ_1655504	NP_Ct_r01_2017_08_21_L001	59	0	1	0	1
HAMBI_0403_chrm01_circ_1680554	NP_Ct_r01_2017_08_21_L001	72	0	1	0	1
HAMBI_0403_chrm01_circ_1684934	NP_Ct_r01_2017_08_21_L001	44	0	1	0	1
HAMBI_0403_chrm01_circ_1748339	NP_Ct_r01_2017_08_21_L001	71	0	1	0	1
HAMBI_0403_chrm01_circ_1825191	NP_Ct_r01_2017_08_21_L001	42	0	1	0	1
HAMBI_0403_chrm01_circ_1831193	NP_Ct_r01_2017_08_21_L001	56	0	1	0	1
HAMBI_0403_chrm01_circ_1964254	NP_Ct_r01_2017_08_21_L001	46	0	1	0	1
HAMBI_0403_chrm01_circ_19727	NP_Ct_r01_2017_08_21_L001	44	0	1	0	1
HAMBI_0403_chrm01_circ_1985537	NP_Ct_r01_2017_08_21_L001	37	0	1	0	1
HAMBI_0403_chrm01_circ_1990830	NP_Ct_r01_2017_08_21_L001	37	0	1	0	1
HAMBI_0403_chrm01_circ_2035209	NP_Ct_r01_2017_08_21_L001	46	0	1	0	1
HAMBI_0403_chrm01_circ_2070393	NP_Ct_r01_2017_08_21_L001	46	0	1	0	1
HAMBI_0403_chrm01_circ_2085642	NP_Ct_r01_2017_08_21_L001	79	0	1	0	1
HAMBI_0403_chrm01_circ_2164967	NP_Ct_r01_2017_08_21_L001	98	0	1	0	1
HAMBI_0403_chrm01_circ_2170475	NP_Ct_r01_2017_08_21_L001	82	0	1	0	1
HAMBI_0403_chrm01_circ_2183342	NP_Ct_r01_2017_08_21_L001	54	0	1	0	1
HAMBI_0403_chrm01_circ_2210141	NP_Ct_r01_2017_08_21_L001	78	0	1	0	1
HAMBI_0403_chrm01_circ_2247210	NP_Ct_r01_2017_08_21_L001	75	0	1	0	1
HAMBI_0403_chrm01_circ_2263832	NP_Ct_r01_2017_08_21_L001	56	0	1	0	1
HAMBI_0403_chrm01_circ_2264970	NP_Ct_r01_2017_08_21_L001	38	0	1	0	1
HAMBI_0403_chrm01_circ_2275854	NP_Ct_r01_2017_08_21_L001	63	0	1	0	1
HAMBI_0403_chrm01_circ_2288765	NP_Ct_r01_2017_08_21_L001	41	0	1	0	1
HAMBI_0403_chrm01_circ_2298099	NP_Ct_r01_2017_08_21_L001	49	0	1	0	1
HAMBI_0403_chrm01_circ_2303297	NP_Ct_r01_2017_08_21_L001	44	0	1	0	1
HAMBI_0403_chrm01_circ_2354987	NP_Ct_r01_2017_08_21_L001	84	0	1	0	1
HAMBI_0403_chrm01_circ_2357485	NP_Ct_r01_2017_08_21_L001	72	0	1	0	1
HAMBI_0403_chrm01_circ_2399050	NP_Ct_r01_2017_08_21_L001	63	0	1	0	1
HAMBI_0403_chrm01_circ_2399143	NP_Ct_r01_2017_08_21_L001	57	0	1	0	1
HAMBI_0403_chrm01_circ_2399712	NP_Ct_r01_2017_08_21_L001	78	0	1	0	1
HAMBI_0403_chrm01_circ_2400679	NP_Ct_r01_2017_08_21_L001	52	0	1	0	1
HAMBI_0403_chrm01_circ_2406988	NP_Ct_r01_2017_08_21_L001	57	0	1	0	1
HAMBI_0403_chrm01_circ_245301	NP_Ct_r01_2017_08_21_L001	93	0	1	0	1
HAMBI_0403_chrm01_circ_2464548	NP_Ct_r01_2017_08_21_L001	36	0	1	0	1
HAMBI_0403_chrm01_circ_2494812	NP_Ct_r01_2017_08_21_L001	79	0	1	0	1
HAMBI_0403_chrm01_circ_2511562	NP_Ct_r01_2017_08_21_L001	56	0	1	0	1
HAMBI_0403_chrm01_circ_2556378	NP_Ct_r01_2017_08_21_L001	56	0	1	0	1
HAMBI_0403_chrm01_circ_2575375	NP_Ct_r01_2017_08_21_L001	59	0	1	0	1
HAMBI_0403_chrm01_circ_2610889	NP_Ct_r01_2017_08_21_L001	74	0	1	0	1
HAMBI_0403_chrm01_circ_264598	NP_Ct_r01_2017_08_21_L001	57	0	1	0	1
HAMBI_0403_chrm01_circ_2695541	NP_Ct_r01_2017_08_21_L001	45	0	1	0	1
HAMBI_0403_chrm01_circ_2742453	NP_Ct_r01_2017_08_21_L001	53	0	1	0	1
HAMBI_0403_chrm01_circ_2835885	NP_Ct_r01_2017_08_21_L001	37	0	1	0	1
HAMBI_0403_chrm01_circ_283781	NP_Ct_r01_2017_08_21_L001	37	0	1	0	1
HAMBI_0403_chrm01_circ_2845191	NP_Ct_r01_2017_08_21_L001	53	0	1	0	1
HAMBI_0403_chrm01_circ_2869812	NP_Ct_r01_2017_08_21_L001	45	0	1	0	1
HAMBI_0403_chrm01_circ_2883870	NP_Ct_r01_2017_08_21_L001	79	0	1	0	1
HAMBI_0403_chrm01_circ_2925854	NP_Ct_r01_2017_08_21_L001	40	0	1	0	1
HAMBI_0403_chrm01_circ_2975196	NP_Ct_r01_2017_08_21_L001	29	0	1	0	1
HAMBI_0403_chrm01_circ_2998776	NP_Ct_r01_2017_08_21_L001	53	0	1	0	1
HAMBI_0403_chrm01_circ_3000465	NP_Ct_r01_2017_08_21_L001	94	0	1	0	1
HAMBI_0403_chrm01_circ_3006282	NP_Ct_r01_2017_08_21_L001	62	0	1	0	1
HAMBI_0403_chrm01_circ_3028838	NP_Ct_r01_2017_08_21_L001	69	0	1	0	1
HAMBI_0403_chrm01_circ_3031198	NP_Ct_r01_2017_08_21_L001	44	0	1	0	1
HAMBI_0403_chrm01_circ_3060179	NP_Ct_r01_2017_08_21_L001	76	0	1	0	1
HAMBI_0403_chrm01_circ_3083534	NP_Ct_r01_2017_08_21_L001	58	0	1	0	1
HAMBI_0403_chrm01_circ_3087289	NP_Ct_r01_2017_08_21_L001	52	0	1	0	1
HAMBI_0403_chrm01_circ_3103731	NP_Ct_r01_2017_08_21_L001	21	0	1	0	1
HAMBI_0403_chrm01_circ_3117371	NP_Ct_r01_2017_08_21_L001	33	0	1	0	1
HAMBI_0403_chrm01_circ_3143395	NP_Ct_r01_2017_08_21_L001	59	0	1	0	1
HAMBI_0403_chrm01_circ_3150420	NP_Ct_r01_2017_08_21_L001	64	0	1	0	1
HAMBI_0403_chrm01_circ_3171763	NP_Ct_r01_2017_08_21_L001	74	0	1	0	1
HAMBI_0403_chrm01_circ_3178892	NP_Ct_r01_2017_08_21_L001	36	0	1	0	1
HAMBI_0403_chrm01_circ_3183496	NP_Ct_r01_2017_08_21_L001	55	0	1	0	1
HAMBI_0403_chrm01_circ_3202926	NP_Ct_r01_2017_08_21_L001	67	0	1	0	1
HAMBI_0403_chrm01_circ_3206418	NP_Ct_r01_2017_08_21_L001	63	0	1	0	1
HAMBI_0403_chrm01_circ_3236488	NP_Ct_r01_2017_08_21_L001	61	0	1	0	1
HAMBI_0403_chrm01_circ_3316564	NP_Ct_r01_2017_08_21_L001	58	0	1	0	1
HAMBI_0403_chrm01_circ_3319670	NP_Ct_r01_2017_08_21_L001	55	0	1	0	1
HAMBI_0403_chrm01_circ_3321404	NP_Ct_r01_2017_08_21_L001	52	0	1	0	1
HAMBI_0403_chrm01_circ_3322346	NP_Ct_r01_2017_08_21_L001	52	0	1	0	1
HAMBI_0403_chrm01_circ_3348412	NP_Ct_r01_2017_08_21_L001	45	0	1	0	1
HAMBI_0403_chrm01_circ_3430586	NP_Ct_r01_2017_08_21_L001	43	0	1	0	1
HAMBI_0403_chrm01_circ_3430600	NP_Ct_r01_2017_08_21_L001	40	0	1	0	1
HAMBI_0403_chrm01_circ_3514428	NP_Ct_r01_2017_08_21_L001	90	0	1	0	1
HAMBI_0403_chrm01_circ_3521312	NP_Ct_r01_2017_08_21_L001	80	0	1	0	1
HAMBI_0403_chrm01_circ_3543589	NP_Ct_r01_2017_08_21_L001	92	0	1	0	1
HAMBI_0403_chrm01_circ_3553466	NP_Ct_r01_2017_08_21_L001	70	0	1	0	1
HAMBI_0403_chrm01_circ_3578564	NP_Ct_r01_2017_08_21_L001	29	0	1	0	1
HAMBI_0403_chrm01_circ_3583051	NP_Ct_r01_2017_08_21_L001	56	0	1	0	1
HAMBI_0403_chrm01_circ_3598998	NP_Ct_r01_2017_08_21_L001	54	0	1	0	1
HAMBI_0403_chrm01_circ_3617983	NP_Ct_r01_2017_08_21_L001	37	0	1	0	1
HAMBI_0403_chrm01_circ_3618655	NP_Ct_r01_2017_08_21_L001	58	0	1	0	1
HAMBI_0403_chrm01_circ_362760	NP_Ct_r01_2017_08_21_L001	68	0	1	0	1
HAMBI_0403_chrm01_circ_363853	NP_Ct_r01_2017_08_21_L001	75	0	1	0	1
HAMBI_0403_chrm01_circ_370267	NP_Ct_r01_2017_08_21_L001	37	0	1	0	1
HAMBI_0403_chrm01_circ_3702984	NP_Ct_r01_2017_08_21_L001	48	0	1	0	1
HAMBI_0403_chrm01_circ_3715513	NP_Ct_r01_2017_08_21_L001	68	0	1	0	1
HAMBI_0403_chrm01_circ_3746085	NP_Ct_r01_2017_08_21_L001	51	0	1	0	1
HAMBI_0403_chrm01_circ_3784310	NP_Ct_r01_2017_08_21_L001	74	0	1	0	1
HAMBI_0403_chrm01_circ_3807928	NP_Ct_r01_2017_08_21_L001	35	0	1	0	1
HAMBI_0403_chrm01_circ_3826549	NP_Ct_r01_2017_08_21_L001	74	0	1	0	1
HAMBI_0403_chrm01_circ_3835502	NP_Ct_r01_2017_08_21_L001	64	0	1	0	1
HAMBI_0403_chrm01_circ_3866040	NP_Ct_r01_2017_08_21_L001	78	0	1	0	1
HAMBI_0403_chrm01_circ_3903420	NP_Ct_r01_2017_08_21_L001	93	0	1	0	1
HAMBI_0403_chrm01_circ_3910409	NP_Ct_r01_2017_08_21_L001	55	0	1	0	1
HAMBI_0403_chrm01_circ_3910572	NP_Ct_r01_2017_08_21_L001	58	0	1	0	1
HAMBI_0403_chrm01_circ_3937432	NP_Ct_r01_2017_08_21_L001	92	0	1	0	1
HAMBI_0403_chrm01_circ_4039075	NP_Ct_r01_2017_08_21_L001	56	0	1	0	1
HAMBI_0403_chrm01_circ_4060726	NP_Ct_r01_2017_08_21_L001	65	0	1	0	1
HAMBI_0403_chrm01_circ_406220	NP_Ct_r01_2017_08_21_L001	77	0	1	0	1
HAMBI_0403_chrm01_circ_4062981	NP_Ct_r01_2017_08_21_L001	56	0	1	0	1
HAMBI_0403_chrm01_circ_4074693	NP_Ct_r01_2017_08_21_L001	69	0	1	0	1
HAMBI_0403_chrm01_circ_4148379	NP_Ct_r01_2017_08_21_L001	41	0	1	0	1
HAMBI_0403_chrm01_circ_4152035	NP_Ct_r01_2017_08_21_L001	85	0	1	0	1
HAMBI_0403_chrm01_circ_417322	NP_Ct_r01_2017_08_21_L001	51	0	1	0	1
HAMBI_0403_chrm01_circ_4206117	NP_Ct_r01_2017_08_21_L001	71	0	1	0	1
HAMBI_0403_chrm01_circ_4214195	NP_Ct_r01_2017_08_21_L001	45	0	1	0	1
HAMBI_0403_chrm01_circ_4217616	NP_Ct_r01_2017_08_21_L001	61	0	1	0	1
HAMBI_0403_chrm01_circ_42377	NP_Ct_r01_2017_08_21_L001	54	0	1	0	1
HAMBI_0403_chrm01_circ_4269316	NP_Ct_r01_2017_08_21_L001	78	0	1	0	1
HAMBI_0403_chrm01_circ_4274685	NP_Ct_r01_2017_08_21_L001	42	0	1	0	1
HAMBI_0403_chrm01_circ_4285286	NP_Ct_r01_2017_08_21_L001	51	0	1	0	1
HAMBI_0403_chrm01_circ_4287997	NP_Ct_r01_2017_08_21_L001	36	0	1	0	1
HAMBI_0403_chrm01_circ_4388411	NP_Ct_r01_2017_08_21_L001	30	0	1	0	1
HAMBI_0403_chrm01_circ_4410252	NP_Ct_r01_2017_08_21_L001	53	0	1	0	1
HAMBI_0403_chrm01_circ_4439367	NP_Ct_r01_2017_08_21_L001	43	0	1	0	1
HAMBI_0403_chrm01_circ_444757	NP_Ct_r01_2017_08_21_L001	60	0	1	0	1
HAMBI_0403_chrm01_circ_4507219	NP_Ct_r01_2017_08_21_L001	62	0	1	0	1
HAMBI_0403_chrm01_circ_4557583	NP_Ct_r01_2017_08_21_L001	47	0	1	0	1
HAMBI_0403_chrm01_circ_4569372	NP_Ct_r01_2017_08_21_L001	37	0	1	0	1
HAMBI_0403_chrm01_circ_4582948	NP_Ct_r01_2017_08_21_L001	66	0	1	0	1
HAMBI_0403_chrm01_circ_4600184	NP_Ct_r01_2017_08_21_L001	71	0	1	0	1
HAMBI_0403_chrm01_circ_4618691	NP_Ct_r01_2017_08_21_L001	82	0	1	0	1
HAMBI_0403_chrm01_circ_4623649	NP_Ct_r01_2017_08_21_L001	61	0	1	0	1
HAMBI_0403_chrm01_circ_464021	NP_Ct_r01_2017_08_21_L001	63	0	1	0	1
HAMBI_0403_chrm01_circ_4743728	NP_Ct_r01_2017_08_21_L001	43	0	1	0	1
HAMBI_0403_chrm01_circ_4765035	NP_Ct_r01_2017_08_21_L001	56	0	1	0	1
HAMBI_0403_chrm01_circ_4781295	NP_Ct_r01_2017_08_21_L001	66	0	1	0	1
HAMBI_0403_chrm01_circ_4792521	NP_Ct_r01_2017_08_21_L001	58	0	1	0	1
HAMBI_0403_chrm01_circ_4799691	NP_Ct_r01_2017_08_21_L001	72	0	1	0	1
HAMBI_0403_chrm01_circ_4809883	NP_Ct_r01_2017_08_21_L001	86	0	1	0	1
HAMBI_0403_chrm01_circ_4855117	NP_Ct_r01_2017_08_21_L001	46	0	1	0	1
HAMBI_0403_chrm01_circ_4857021	NP_Ct_r01_2017_08_21_L001	46	0	1	0	1
HAMBI_0403_chrm01_circ_487954	NP_Ct_r01_2017_08_21_L001	54	0	1	0	1
HAMBI_0403_chrm01_circ_4888902	NP_Ct_r01_2017_08_21_L001	62	0	1	0	1
HAMBI_0403_chrm01_circ_4916373	NP_Ct_r01_2017_08_21_L001	48	0	1	0	1
HAMBI_0403_chrm01_circ_4972460	NP_Ct_r01_2017_08_21_L001	37	0	1	0	1
HAMBI_0403_chrm01_circ_5014718	NP_Ct_r01_2017_08_21_L001	35	0	1	0	1
HAMBI_0403_chrm01_circ_5042624	NP_Ct_r01_2017_08_21_L001	47	0	1	0	1
HAMBI_0403_chrm01_circ_5045700	NP_Ct_r01_2017_08_21_L001	43	0	1	0	1
HAMBI_0403_chrm01_circ_5060740	NP_Ct_r01_2017_08_21_L001	45	0	1	0	1
HAMBI_0403_chrm01_circ_5083897	NP_Ct_r01_2017_08_21_L001	35	0	1	0	1
HAMBI_0403_chrm01_circ_5114950	NP_Ct_r01_2017_08_21_L001	51	0	1	0	1
HAMBI_0403_chrm01_circ_5136938	NP_Ct_r01_2017_08_21_L001	104	0	1	0	1
HAMBI_0403_chrm01_circ_5158099	NP_Ct_r01_2017_08_21_L001	63	0	1	0	1
HAMBI_0403_chrm01_circ_5175068	NP_Ct_r01_2017_08_21_L001	59	0	1	0	1
HAMBI_0403_chrm01_circ_5179281	NP_Ct_r01_2017_08_21_L001	57	0	1	0	1
HAMBI_0403_chrm01_circ_5192590	NP_Ct_r01_2017_08_21_L001	72	0	1	0	1
HAMBI_0403_chrm01_circ_5198526	NP_Ct_r01_2017_08_21_L001	42	0	1	0	1
HAMBI_0403_chrm01_circ_52227	NP_Ct_r01_2017_08_21_L001	63	0	1	0	1
HAMBI_0403_chrm01_circ_5239272	NP_Ct_r01_2017_08_21_L001	56	0	1	0	1
HAMBI_0403_chrm01_circ_5247950	NP_Ct_r01_2017_08_21_L001	60	0	1	0	1
HAMBI_0403_chrm01_circ_5261930	NP_Ct_r01_2017_08_21_L001	60	0	1	0	1
HAMBI_0403_chrm01_circ_5274030	NP_Ct_r01_2017_08_21_L001	64	0	1	0	1
HAMBI_0403_chrm01_circ_5311213	NP_Ct_r01_2017_08_21_L001	53	0	1	0	1
HAMBI_0403_chrm01_circ_5334246	NP_Ct_r01_2017_08_21_L001	99	0	1	0	1
HAMBI_0403_chrm01_circ_5359752	NP_Ct_r01_2017_08_21_L001	85	0	1	0	1
HAMBI_0403_chrm01_circ_5375036	NP_Ct_r01_2017_08_21_L001	122	0	1	0	1
HAMBI_0403_chrm01_circ_538733	NP_Ct_r01_2017_08_21_L001	32	0	1	0	1
HAMBI_0403_chrm01_circ_5398637	NP_Ct_r01_2017_08_21_L001	67	0	1	0	1
HAMBI_0403_chrm01_circ_5452296	NP_Ct_r01_2017_08_21_L001	80	0	1	0	1
HAMBI_0403_chrm01_circ_5488740	NP_Ct_r01_2017_08_21_L001	82	0	1	0	1
HAMBI_0403_chrm01_circ_5582102	NP_Ct_r01_2017_08_21_L001	49	0	1	0	1
HAMBI_0403_chrm01_circ_5582190	NP_Ct_r01_2017_08_21_L001	44	0	1	0	1
HAMBI_0403_chrm01_circ_5582265	NP_Ct_r01_2017_08_21_L001	39	0	1	0	1
HAMBI_0403_chrm01_circ_5604584	NP_Ct_r01_2017_08_21_L001	59	0	1	0	1
HAMBI_0403_chrm01_circ_5614022	NP_Ct_r01_2017_08_21_L001	42	0	1	0	1
HAMBI_0403_chrm01_circ_5638719	NP_Ct_r01_2017_08_21_L001	65	0	1	0	1
HAMBI_0403_chrm01_circ_5644341	NP_Ct_r01_2017_08_21_L001	62	0	1	0	1
HAMBI_0403_chrm01_circ_5691225	NP_Ct_r01_2017_08_21_L001	68	0	1	0	1
HAMBI_0403_chrm01_circ_5709378	NP_Ct_r01_2017_08_21_L001	57	0	1	0	1
HAMBI_0403_chrm01_circ_5714954	NP_Ct_r01_2017_08_21_L001	34	0	1	0	1
HAMBI_0403_chrm01_circ_5730629	NP_Ct_r01_2017_08_21_L001	56	0	1	0	1
HAMBI_0403_chrm01_circ_5738403	NP_Ct_r01_2017_08_21_L001	43	0	1	0	1
HAMBI_0403_chrm01_circ_606028	NP_Ct_r01_2017_08_21_L001	29	0	1	0	1
HAMBI_0403_chrm01_circ_613689	NP_Ct_r01_2017_08_21_L001	71	0	1	0	1
HAMBI_0403_chrm01_circ_616293	NP_Ct_r01_2017_08_21_L001	97	0	1	0	1
HAMBI_0403_chrm01_circ_637391	NP_Ct_r01_2017_08_21_L001	88	0	1	0	1
HAMBI_0403_chrm01_circ_671146	NP_Ct_r01_2017_08_21_L001	58	0	1	0	1
HAMBI_0403_chrm01_circ_684931	NP_Ct_r01_2017_08_21_L001	26	0	1	0	1
HAMBI_0403_chrm01_circ_748850	NP_Ct_r01_2017_08_21_L001	54	0	1	0	1
HAMBI_0403_chrm01_circ_753790	NP_Ct_r01_2017_08_21_L001	62	0	1	0	1
HAMBI_0403_chrm01_circ_788892	NP_Ct_r01_2017_08_21_L001	27	0	1	0	1
HAMBI_0403_chrm01_circ_831854	NP_Ct_r01_2017_08_21_L001	63	0	1	0	1
HAMBI_0403_chrm01_circ_832539	NP_Ct_r01_2017_08_21_L001	44	1	1	0	1
HAMBI_0403_chrm01_circ_842503	NP_Ct_r01_2017_08_21_L001	57	0	1	0	1
HAMBI_0403_chrm01_circ_848535	NP_Ct_r01_2017_08_21_L001	74	0	1	0	1
HAMBI_0403_chrm01_circ_883423	NP_Ct_r01_2017_08_21_L001	66	0	1	0	1
HAMBI_0403_chrm01_circ_906766	NP_Ct_r01_2017_08_21_L001	61	0	1	0	1
HAMBI_0403_chrm01_circ_916431	NP_Ct_r01_2017_08_21_L001	75	0	1	0	1
HAMBI_0403_chrm01_circ_945635	NP_Ct_r01_2017_08_21_L001	64	0	1	0	1
HAMBI_0403_chrm01_circ_957655	NP_Ct_r01_2017_08_21_L001	84	0	1	0	1
HAMBI_0403_chrm01_circ_957797	NP_Ct_r01_2017_08_21_L001	79	0	1	0	1
HAMBI_0403_chrm01_circ_957871	NP_Ct_r01_2017_08_21_L001	76	0	1	0	1
HAMBI_0403_chrm01_circ_958022	NP_Ct_r01_2017_08_21_L001	66	0	1	0	1
HAMBI_0403_chrm01_circ_958598	NP_Ct_r01_2017_08_21_L001	75	0	1	0	1
HAMBI_0403_chrm01_circ_958829	NP_Ct_r01_2017_08_21_L001	63	9	1	0	1
HAMBI_0403_chrm01_circ_958923	NP_Ct_r01_2017_08_21_L001	74	0	1	0	1
HAMBI_0403_chrm01_circ_966980	NP_Ct_r01_2017_08_21_L001	91	0	1	0	1
HAMBI_0403_plas01_circ_27065	NP_Ct_r01_2017_08_21_L001	18	0	1	0	1
HAMBI_0403_plas01_circ_34644	NP_Ct_r01_2017_08_21_L001	28	0	1	0	1
HAMBI_0403_chrm01_circ_1041879	NP_Ct_r01_2017_09_18_L001	81	0	1	0	1
HAMBI_0403_chrm01_circ_1048627	NP_Ct_r01_2017_09_18_L001	108	0	1	0	1
HAMBI_0403_chrm01_circ_1087633	NP_Ct_r01_2017_09_18_L001	69	0	1	0	1
HAMBI_0403_chrm01_circ_1089569	NP_Ct_r01_2017_09_18_L001	76	0	1	0	1
HAMBI_0403_chrm01_circ_1179102	NP_Ct_r01_2017_09_18_L001	77	0	1	0	1
HAMBI_0403_chrm01_circ_1204312	NP_Ct_r01_2017_09_18_L001	105	3	1	0	1
HAMBI_0403_chrm01_circ_1208537	NP_Ct_r01_2017_09_18_L001	126	0	1	0	1
HAMBI_0403_chrm01_circ_1220169	NP_Ct_r01_2017_09_18_L001	88	0	1	0	1
HAMBI_0403_chrm01_circ_1269396	NP_Ct_r01_2017_09_18_L001	84	3	1	0	1
HAMBI_0403_chrm01_circ_1274492	NP_Ct_r01_2017_09_18_L001	64	0	1	0	1
HAMBI_0403_chrm01_circ_1276454	NP_Ct_r01_2017_09_18_L001	138	0	1	0	1
HAMBI_0403_chrm01_circ_1331081	NP_Ct_r01_2017_09_18_L001	13	58	1	0	1
HAMBI_0403_chrm01_circ_1381129	NP_Ct_r01_2017_09_18_L001	66	18	1	0	1
HAMBI_0403_chrm01_circ_140925	NP_Ct_r01_2017_09_18_L001	123	0	1	0	1
HAMBI_0403_chrm01_circ_1432433	NP_Ct_r01_2017_09_18_L001	116	0	1	0	1
HAMBI_0403_chrm01_circ_1433097	NP_Ct_r01_2017_09_18_L001	97	0	1	0	1
HAMBI_0403_chrm01_circ_1508043	NP_Ct_r01_2017_09_18_L001	134	0	1	0	1
HAMBI_0403_chrm01_circ_1512989	NP_Ct_r01_2017_09_18_L001	129	0	1	0	1
HAMBI_0403_chrm01_circ_1521289	NP_Ct_r01_2017_09_18_L001	143	0	1	0	1
HAMBI_0403_chrm01_circ_1531856	NP_Ct_r01_2017_09_18_L001	83	2	1	0	1
HAMBI_0403_chrm01_circ_156034	NP_Ct_r01_2017_09_18_L001	118	1	1	0	1
HAMBI_0403_chrm01_circ_1584852	NP_Ct_r01_2017_09_18_L001	67	0	1	0	1
HAMBI_0403_chrm01_circ_1588427	NP_Ct_r01_2017_09_18_L001	112	0	1	0	1
HAMBI_0403_chrm01_circ_162518	NP_Ct_r01_2017_09_18_L001	107	0	1	0	1
HAMBI_0403_chrm01_circ_1631016	NP_Ct_r01_2017_09_18_L001	104	0	1	0	1
HAMBI_0403_chrm01_circ_1655504	NP_Ct_r01_2017_09_18_L001	86	0	1	0	1
HAMBI_0403_chrm01_circ_1680554	NP_Ct_r01_2017_09_18_L001	113	0	1	0	1
HAMBI_0403_chrm01_circ_1684934	NP_Ct_r01_2017_09_18_L001	80	0	1	0	1
HAMBI_0403_chrm01_circ_1748339	NP_Ct_r01_2017_09_18_L001	134	0	1	0	1
HAMBI_0403_chrm01_circ_1825191	NP_Ct_r01_2017_09_18_L001	111	0	1	0	1
HAMBI_0403_chrm01_circ_1831193	NP_Ct_r01_2017_09_18_L001	111	0	1	0	1
HAMBI_0403_chrm01_circ_1964254	NP_Ct_r01_2017_09_18_L001	100	0	1	0	1
HAMBI_0403_chrm01_circ_19727	NP_Ct_r01_2017_09_18_L001	64	0	1	0	1
HAMBI_0403_chrm01_circ_1985537	NP_Ct_r01_2017_09_18_L001	58	0	1	0	1
HAMBI_0403_chrm01_circ_1990830	NP_Ct_r01_2017_09_18_L001	76	1	1	0	1
HAMBI_0403_chrm01_circ_2035209	NP_Ct_r01_2017_09_18_L001	84	0	1	0	1
HAMBI_0403_chrm01_circ_2070393	NP_Ct_r01_2017_09_18_L001	88	0	1	0	1
HAMBI_0403_chrm01_circ_2085642	NP_Ct_r01_2017_09_18_L001	139	0	1	0	1
HAMBI_0403_chrm01_circ_2164967	NP_Ct_r01_2017_09_18_L001	159	0	1	0	1
HAMBI_0403_chrm01_circ_2170475	NP_Ct_r01_2017_09_18_L001	115	0	1	0	1
HAMBI_0403_chrm01_circ_2183342	NP_Ct_r01_2017_09_18_L001	76	0	1	0	1
HAMBI_0403_chrm01_circ_2210141	NP_Ct_r01_2017_09_18_L001	99	3	1	0	1
HAMBI_0403_chrm01_circ_2247210	NP_Ct_r01_2017_09_18_L001	118	6	1	0	1
HAMBI_0403_chrm01_circ_2263832	NP_Ct_r01_2017_09_18_L001	103	0	1	0	1
HAMBI_0403_chrm01_circ_2264970	NP_Ct_r01_2017_09_18_L001	75	0	1	0	1
HAMBI_0403_chrm01_circ_2275854	NP_Ct_r01_2017_09_18_L001	114	0	1	0	1
HAMBI_0403_chrm01_circ_2288765	NP_Ct_r01_2017_09_18_L001	114	0	1	0	1
HAMBI_0403_chrm01_circ_2298099	NP_Ct_r01_2017_09_18_L001	104	1	1	0	1
HAMBI_0403_chrm01_circ_2303297	NP_Ct_r01_2017_09_18_L001	90	0	1	0	1
HAMBI_0403_chrm01_circ_2354987	NP_Ct_r01_2017_09_18_L001	115	0	1	0	1
HAMBI_0403_chrm01_circ_2357485	NP_Ct_r01_2017_09_18_L001	111	0	1	0	1
HAMBI_0403_chrm01_circ_2399050	NP_Ct_r01_2017_09_18_L001	116	0	1	0	1
HAMBI_0403_chrm01_circ_2399143	NP_Ct_r01_2017_09_18_L001	96	0	1	0	1
HAMBI_0403_chrm01_circ_2399712	NP_Ct_r01_2017_09_18_L001	148	0	1	0	1
HAMBI_0403_chrm01_circ_2400679	NP_Ct_r01_2017_09_18_L001	99	0	1	0	1
HAMBI_0403_chrm01_circ_2406988	NP_Ct_r01_2017_09_18_L001	118	0	1	0	1
HAMBI_0403_chrm01_circ_245301	NP_Ct_r01_2017_09_18_L001	130	3	1	0	1
HAMBI_0403_chrm01_circ_2464548	NP_Ct_r01_2017_09_18_L001	79	19	1	0	1
HAMBI_0403_chrm01_circ_2494812	NP_Ct_r01_2017_09_18_L001	90	0	1	0	1
HAMBI_0403_chrm01_circ_2511562	NP_Ct_r01_2017_09_18_L001	96	2	1	0	1
HAMBI_0403_chrm01_circ_2556378	NP_Ct_r01_2017_09_18_L001	97	0	1	0	1
HAMBI_0403_chrm01_circ_2575375	NP_Ct_r01_2017_09_18_L001	102	0	1	0	1
HAMBI_0403_chrm01_circ_2610889	NP_Ct_r01_2017_09_18_L001	151	0	1	0	1
HAMBI_0403_chrm01_circ_264598	NP_Ct_r01_2017_09_18_L001	122	0	1	0	1
HAMBI_0403_chrm01_circ_2695541	NP_Ct_r01_2017_09_18_L001	84	4	1	0	1
HAMBI_0403_chrm01_circ_2742453	NP_Ct_r01_2017_09_18_L001	97	1	1	0	1
HAMBI_0403_chrm01_circ_2835885	NP_Ct_r01_2017_09_18_L001	69	0	1	0	1
HAMBI_0403_chrm01_circ_283781	NP_Ct_r01_2017_09_18_L001	95	0	1	0	1
HAMBI_0403_chrm01_circ_2845191	NP_Ct_r01_2017_09_18_L001	103	0	1	0	1
HAMBI_0403_chrm01_circ_2869812	NP_Ct_r01_2017_09_18_L001	80	0	1	0	1
HAMBI_0403_chrm01_circ_2883870	NP_Ct_r01_2017_09_18_L001	111	0	1	0	1
HAMBI_0403_chrm01_circ_2925854	NP_Ct_r01_2017_09_18_L001	67	0	1	0	1
HAMBI_0403_chrm01_circ_2975196	NP_Ct_r01_2017_09_18_L001	73	0	1	0	1
HAMBI_0403_chrm01_circ_2998776	NP_Ct_r01_2017_09_18_L001	95	0	1	0	1
HAMBI_0403_chrm01_circ_3000465	NP_Ct_r01_2017_09_18_L001	109	1	1	0	1
HAMBI_0403_chrm01_circ_3006282	NP_Ct_r01_2017_09_18_L001	119	0	1	0	1
HAMBI_0403_chrm01_circ_3028838	NP_Ct_r01_2017_09_18_L001	122	0	1	0	1
HAMBI_0403_chrm01_circ_3031198	NP_Ct_r01_2017_09_18_L001	96	0	1	0	1
HAMBI_0403_chrm01_circ_3060179	NP_Ct_r01_2017_09_18_L001	116	0	1	0	1
HAMBI_0403_chrm01_circ_3083534	NP_Ct_r01_2017_09_18_L001	99	18	1	0	1
HAMBI_0403_chrm01_circ_3087289	NP_Ct_r01_2017_09_18_L001	108	0	1	0	1
HAMBI_0403_chrm01_circ_3103731	NP_Ct_r01_2017_09_18_L001	83	0	1	0	1
HAMBI_0403_chrm01_circ_3117371	NP_Ct_r01_2017_09_18_L001	80	0	1	0	1
HAMBI_0403_chrm01_circ_3143395	NP_Ct_r01_2017_09_18_L001	75	0	1	0	1
HAMBI_0403_chrm01_circ_3150420	NP_Ct_r01_2017_09_18_L001	117	0	1	0	1
HAMBI_0403_chrm01_circ_3171763	NP_Ct_r01_2017_09_18_L001	104	0	1	0	1
HAMBI_0403_chrm01_circ_3178892	NP_Ct_r01_2017_09_18_L001	77	0	1	0	1
HAMBI_0403_chrm01_circ_3183496	NP_Ct_r01_2017_09_18_L001	73	0	1	0	1
HAMBI_0403_chrm01_circ_3202926	NP_Ct_r01_2017_09_18_L001	101	1	1	0	1
HAMBI_0403_chrm01_circ_3206418	NP_Ct_r01_2017_09_18_L001	29	91	1	0	1
HAMBI_0403_chrm01_circ_3236488	NP_Ct_r01_2017_09_18_L001	110	0	1	0	1
HAMBI_0403_chrm01_circ_3316564	NP_Ct_r01_2017_09_18_L001	88	0	1	0	1
HAMBI_0403_chrm01_circ_3319670	NP_Ct_r01_2017_09_18_L001	111	0	1	0	1
HAMBI_0403_chrm01_circ_3321404	NP_Ct_r01_2017_09_18_L001	99	0	1	0	1
HAMBI_0403_chrm01_circ_3322346	NP_Ct_r01_2017_09_18_L001	113	0	1	0	1
HAMBI_0403_chrm01_circ_3348412	NP_Ct_r01_2017_09_18_L001	111	0	1	0	1
HAMBI_0403_chrm01_circ_3430586	NP_Ct_r01_2017_09_18_L001	77	0	1	0	1
HAMBI_0403_chrm01_circ_3430600	NP_Ct_r01_2017_09_18_L001	74	0	1	0	1
HAMBI_0403_chrm01_circ_3514428	NP_Ct_r01_2017_09_18_L001	138	0	1	0	1
HAMBI_0403_chrm01_circ_3521312	NP_Ct_r01_2017_09_18_L001	111	0	1	0	1
HAMBI_0403_chrm01_circ_3543589	NP_Ct_r01_2017_09_18_L001	138	0	1	0	1
HAMBI_0403_chrm01_circ_3553466	NP_Ct_r01_2017_09_18_L001	119	0	1	0	1
HAMBI_0403_chrm01_circ_3578564	NP_Ct_r01_2017_09_18_L001	99	0	1	0	1
HAMBI_0403_chrm01_circ_3583051	NP_Ct_r01_2017_09_18_L001	107	0	1	0	1
HAMBI_0403_chrm01_circ_3598998	NP_Ct_r01_2017_09_18_L001	115	0	1	0	1
HAMBI_0403_chrm01_circ_3617983	NP_Ct_r01_2017_09_18_L001	72	0	1	0	1
HAMBI_0403_chrm01_circ_3618655	NP_Ct_r01_2017_09_18_L001	103	0	1	0	1
HAMBI_0403_chrm01_circ_362760	NP_Ct_r01_2017_09_18_L001	103	0	1	0	1
HAMBI_0403_chrm01_circ_363853	NP_Ct_r01_2017_09_18_L001	114	0	1	0	1
HAMBI_0403_chrm01_circ_370267	NP_Ct_r01_2017_09_18_L001	107	3	1	0	1
HAMBI_0403_chrm01_circ_3702984	NP_Ct_r01_2017_09_18_L001	76	0	1	0	1
HAMBI_0403_chrm01_circ_3715513	NP_Ct_r01_2017_09_18_L001	92	0	1	0	1
HAMBI_0403_chrm01_circ_3746085	NP_Ct_r01_2017_09_18_L001	85	0	1	0	1
HAMBI_0403_chrm01_circ_3784310	NP_Ct_r01_2017_09_18_L001	113	1	1	0	1
HAMBI_0403_chrm01_circ_3807928	NP_Ct_r01_2017_09_18_L001	26	76	1	0	1
HAMBI_0403_chrm01_circ_3826549	NP_Ct_r01_2017_09_18_L001	133	0	1	0	1
HAMBI_0403_chrm01_circ_3835502	NP_Ct_r01_2017_09_18_L001	124	4	1	0	1
HAMBI_0403_chrm01_circ_3866040	NP_Ct_r01_2017_09_18_L001	132	0	1	0	1
HAMBI_0403_chrm01_circ_3903420	NP_Ct_r01_2017_09_18_L001	130	1	1	0	1
HAMBI_0403_chrm01_circ_3910409	NP_Ct_r01_2017_09_18_L001	131	0	1	0	1
HAMBI_0403_chrm01_circ_3910572	NP_Ct_r01_2017_09_18_L001	101	1	1	0	1
HAMBI_0403_chrm01_circ_3937432	NP_Ct_r01_2017_09_18_L001	120	0	1	0	1
HAMBI_0403_chrm01_circ_4039075	NP_Ct_r01_2017_09_18_L001	78	0	1	0	1
HAMBI_0403_chrm01_circ_4060726	NP_Ct_r01_2017_09_18_L001	120	0	1	0	1
HAMBI_0403_chrm01_circ_406220	NP_Ct_r01_2017_09_18_L001	33	97	1	0	1
HAMBI_0403_chrm01_circ_4062981	NP_Ct_r01_2017_09_18_L001	83	0	1	0	1
HAMBI_0403_chrm01_circ_4074693	NP_Ct_r01_2017_09_18_L001	114	0	1	0	1
HAMBI_0403_chrm01_circ_4148379	NP_Ct_r01_2017_09_18_L001	97	0	1	0	1
HAMBI_0403_chrm01_circ_4152035	NP_Ct_r01_2017_09_18_L001	102	0	1	0	1
HAMBI_0403_chrm01_circ_417322	NP_Ct_r01_2017_09_18_L001	88	0	1	0	1
HAMBI_0403_chrm01_circ_4206117	NP_Ct_r01_2017_09_18_L001	110	0	1	0	1
HAMBI_0403_chrm01_circ_4214195	NP_Ct_r01_2017_09_18_L001	87	0	1	0	1
HAMBI_0403_chrm01_circ_4217616	NP_Ct_r01_2017_09_18_L001	101	0	1	0	1
HAMBI_0403_chrm01_circ_42377	NP_Ct_r01_2017_09_18_L001	107	0	1	0	1
HAMBI_0403_chrm01_circ_4269316	NP_Ct_r01_2017_09_18_L001	109	0	1	0	1
HAMBI_0403_chrm01_circ_4274685	NP_Ct_r01_2017_09_18_L001	65	0	1	0	1
HAMBI_0403_chrm01_circ_4285286	NP_Ct_r01_2017_09_18_L001	97	0	1	0	1
HAMBI_0403_chrm01_circ_4287997	NP_Ct_r01_2017_09_18_L001	70	2	1	0	1
HAMBI_0403_chrm01_circ_4388411	NP_Ct_r01_2017_09_18_L001	71	0	1	0	1
HAMBI_0403_chrm01_circ_4410252	NP_Ct_r01_2017_09_18_L001	93	0	1	0	1
HAMBI_0403_chrm01_circ_4439367	NP_Ct_r01_2017_09_18_L001	80	0	1	0	1
HAMBI_0403_chrm01_circ_444757	NP_Ct_r01_2017_09_18_L001	23	79	1	0	1
HAMBI_0403_chrm01_circ_4507219	NP_Ct_r01_2017_09_18_L001	113	0	1	0	1
HAMBI_0403_chrm01_circ_4557583	NP_Ct_r01_2017_09_18_L001	113	0	1	0	1
HAMBI_0403_chrm01_circ_4569372	NP_Ct_r01_2017_09_18_L001	71	0	1	0	1
HAMBI_0403_chrm01_circ_4582948	NP_Ct_r01_2017_09_18_L001	120	0	1	0	1
HAMBI_0403_chrm01_circ_4600184	NP_Ct_r01_2017_09_18_L001	126	0	1	0	1
HAMBI_0403_chrm01_circ_4618691	NP_Ct_r01_2017_09_18_L001	123	0	1	0	1
HAMBI_0403_chrm01_circ_4623649	NP_Ct_r01_2017_09_18_L001	116	0	1	0	1
HAMBI_0403_chrm01_circ_464021	NP_Ct_r01_2017_09_18_L001	106	1	1	0	1
HAMBI_0403_chrm01_circ_4743728	NP_Ct_r01_2017_09_18_L001	92	1	1	0	1
HAMBI_0403_chrm01_circ_4765035	NP_Ct_r01_2017_09_18_L001	109	0	1	0	1
HAMBI_0403_chrm01_circ_4781295	NP_Ct_r01_2017_09_18_L001	96	0	1	0	1
HAMBI_0403_chrm01_circ_4792521	NP_Ct_r01_2017_09_18_L001	121	0	1	0	1
HAMBI_0403_chrm01_circ_4799691	NP_Ct_r01_2017_09_18_L001	142	0	1	0	1
HAMBI_0403_chrm01_circ_4809883	NP_Ct_r01_2017_09_18_L001	135	0	1	0	1
HAMBI_0403_chrm01_circ_4855117	NP_Ct_r01_2017_09_18_L001	98	0	1	0	1
HAMBI_0403_chrm01_circ_4857021	NP_Ct_r01_2017_09_18_L001	90	0	1	0	1
HAMBI_0403_chrm01_circ_487954	NP_Ct_r01_2017_09_18_L001	79	0	1	0	1
HAMBI_0403_chrm01_circ_4888902	NP_Ct_r01_2017_09_18_L001	94	0	1	0	1
HAMBI_0403_chrm01_circ_4916373	NP_Ct_r01_2017_09_18_L001	62	0	1	0	1
HAMBI_0403_chrm01_circ_4972460	NP_Ct_r01_2017_09_18_L001	116	2	1	0	1
HAMBI_0403_chrm01_circ_5014718	NP_Ct_r01_2017_09_18_L001	83	0	1	0	1
HAMBI_0403_chrm01_circ_5042624	NP_Ct_r01_2017_09_18_L001	96	0	1	0	1
HAMBI_0403_chrm01_circ_5045700	NP_Ct_r01_2017_09_18_L001	80	0	1	0	1
HAMBI_0403_chrm01_circ_5060740	NP_Ct_r01_2017_09_18_L001	102	0	1	0	1
HAMBI_0403_chrm01_circ_5083897	NP_Ct_r01_2017_09_18_L001	91	0	1	0	1
HAMBI_0403_chrm01_circ_5114950	NP_Ct_r01_2017_09_18_L001	88	24	1	0	1
HAMBI_0403_chrm01_circ_5136938	NP_Ct_r01_2017_09_18_L001	135	0	1	0	1
HAMBI_0403_chrm01_circ_5158099	NP_Ct_r01_2017_09_18_L001	101	0	1	0	1
HAMBI_0403_chrm01_circ_5175068	NP_Ct_r01_2017_09_18_L001	76	2	1	0	1
HAMBI_0403_chrm01_circ_5179281	NP_Ct_r01_2017_09_18_L001	102	0	1	0	1
HAMBI_0403_chrm01_circ_5192590	NP_Ct_r01_2017_09_18_L001	125	0	1	0	1
HAMBI_0403_chrm01_circ_5198526	NP_Ct_r01_2017_09_18_L001	78	4	1	0	1
HAMBI_0403_chrm01_circ_52227	NP_Ct_r01_2017_09_18_L001	98	2	1	0	1
HAMBI_0403_chrm01_circ_5239272	NP_Ct_r01_2017_09_18_L001	71	1	1	0	1
HAMBI_0403_chrm01_circ_5247950	NP_Ct_r01_2017_09_18_L001	97	24	1	0	1
HAMBI_0403_chrm01_circ_5261930	NP_Ct_r01_2017_09_18_L001	126	0	1	0	1
HAMBI_0403_chrm01_circ_5274030	NP_Ct_r01_2017_09_18_L001	138	0	1	0	1
HAMBI_0403_chrm01_circ_5311213	NP_Ct_r01_2017_09_18_L001	73	0	1	0	1
HAMBI_0403_chrm01_circ_5334246	NP_Ct_r01_2017_09_18_L001	103	1	1	0	1
HAMBI_0403_chrm01_circ_5359752	NP_Ct_r01_2017_09_18_L001	124	0	1	0	1
HAMBI_0403_chrm01_circ_5375036	NP_Ct_r01_2017_09_18_L001	156	0	1	0	1
HAMBI_0403_chrm01_circ_538733	NP_Ct_r01_2017_09_18_L001	72	2	1	0	1
HAMBI_0403_chrm01_circ_5398637	NP_Ct_r01_2017_09_18_L001	115	0	1	0	1
HAMBI_0403_chrm01_circ_5452296	NP_Ct_r01_2017_09_18_L001	134	0	1	0	1
HAMBI_0403_chrm01_circ_5488740	NP_Ct_r01_2017_09_18_L001	143	0	1	0	1
HAMBI_0403_chrm01_circ_5582102	NP_Ct_r01_2017_09_18_L001	80	0	1	0	1
HAMBI_0403_chrm01_circ_5582190	NP_Ct_r01_2017_09_18_L001	81	2	1	0	1
HAMBI_0403_chrm01_circ_5582265	NP_Ct_r01_2017_09_18_L001	79	2	1	0	1
HAMBI_0403_chrm01_circ_5604584	NP_Ct_r01_2017_09_18_L001	96	0	1	0	1
HAMBI_0403_chrm01_circ_5614022	NP_Ct_r01_2017_09_18_L001	93	0	1	0	1
HAMBI_0403_chrm01_circ_5638719	NP_Ct_r01_2017_09_18_L001	88	0	1	0	1
HAMBI_0403_chrm01_circ_5644341	NP_Ct_r01_2017_09_18_L001	102	0	1	0	1
HAMBI_0403_chrm01_circ_5691225	NP_Ct_r01_2017_09_18_L001	117	0	1	0	1
HAMBI_0403_chrm01_circ_5709378	NP_Ct_r01_2017_09_18_L001	82	1	1	0	1
HAMBI_0403_chrm01_circ_5714954	NP_Ct_r01_2017_09_18_L001	89	0	1	0	1
HAMBI_0403_chrm01_circ_5730629	NP_Ct_r01_2017_09_18_L001	104	9	1	0	1
HAMBI_0403_chrm01_circ_5738403	NP_Ct_r01_2017_09_18_L001	79	1	1	0	1
HAMBI_0403_chrm01_circ_606028	NP_Ct_r01_2017_09_18_L001	89	0	1	0	1
HAMBI_0403_chrm01_circ_613689	NP_Ct_r01_2017_09_18_L001	119	2	1	0	1
HAMBI_0403_chrm01_circ_616293	NP_Ct_r01_2017_09_18_L001	98	0	1	0	1
HAMBI_0403_chrm01_circ_637391	NP_Ct_r01_2017_09_18_L001	123	0	1	0	1
HAMBI_0403_chrm01_circ_671146	NP_Ct_r01_2017_09_18_L001	97	0	1	0	1
HAMBI_0403_chrm01_circ_684931	NP_Ct_r01_2017_09_18_L001	40	0	1	0	1
HAMBI_0403_chrm01_circ_748850	NP_Ct_r01_2017_09_18_L001	107	1	1	0	1
HAMBI_0403_chrm01_circ_753790	NP_Ct_r01_2017_09_18_L001	119	0	1	0	1
HAMBI_0403_chrm01_circ_788892	NP_Ct_r01_2017_09_18_L001	64	0	1	0	1
HAMBI_0403_chrm01_circ_831854	NP_Ct_r01_2017_09_18_L001	88	7	1	0	1
HAMBI_0403_chrm01_circ_832539	NP_Ct_r01_2017_09_18_L001	88	0	1	0	1
HAMBI_0403_chrm01_circ_842503	NP_Ct_r01_2017_09_18_L001	111	0	1	0	1
HAMBI_0403_chrm01_circ_848535	NP_Ct_r01_2017_09_18_L001	89	0	1	0	1
HAMBI_0403_chrm01_circ_883423	NP_Ct_r01_2017_09_18_L001	107	3	1	0	1
HAMBI_0403_chrm01_circ_906766	NP_Ct_r01_2017_09_18_L001	117	0	1	0	1
HAMBI_0403_chrm01_circ_916431	NP_Ct_r01_2017_09_18_L001	160	0	1	0	1
HAMBI_0403_chrm01_circ_945635	NP_Ct_r01_2017_09_18_L001	78	0	1	0	1
HAMBI_0403_chrm01_circ_957655	NP_Ct_r01_2017_09_18_L001	138	0	1	0	1
HAMBI_0403_chrm01_circ_957797	NP_Ct_r01_2017_09_18_L001	121	9	1	0	1
HAMBI_0403_chrm01_circ_957871	NP_Ct_r01_2017_09_18_L001	106	8	1	0	1
HAMBI_0403_chrm01_circ_958022	NP_Ct_r01_2017_09_18_L001	110	4	1	0	1
HAMBI_0403_chrm01_circ_958598	NP_Ct_r01_2017_09_18_L001	129	0	1	0	1
HAMBI_0403_chrm01_circ_958829	NP_Ct_r01_2017_09_18_L001	92	17	1	0	1
HAMBI_0403_chrm01_circ_958923	NP_Ct_r01_2017_09_18_L001	123	3	1	0	1
HAMBI_0403_chrm01_circ_966980	NP_Ct_r01_2017_09_18_L001	124	0	1	0	1
HAMBI_0403_plas01_circ_27065	NP_Ct_r01_2017_09_18_L001	228	0	1	0	1
HAMBI_0403_plas01_circ_34644	NP_Ct_r01_2017_09_18_L001	192	0	1	0	1
HAMBI_0403_chrm01_circ_1041879	NP_Ct_r01_2017_11_14_L001-L004_merged	153	0	1	0	1
HAMBI_0403_chrm01_circ_1048627	NP_Ct_r01_2017_11_14_L001-L004_merged	137	0	1	0	1
HAMBI_0403_chrm01_circ_1087633	NP_Ct_r01_2017_11_14_L001-L004_merged	126	0	1	0	1
HAMBI_0403_chrm01_circ_1089569	NP_Ct_r01_2017_11_14_L001-L004_merged	171	0	1	0	1
HAMBI_0403_chrm01_circ_1179102	NP_Ct_r01_2017_11_14_L001-L004_merged	165	0	1	0	1
HAMBI_0403_chrm01_circ_1204312	NP_Ct_r01_2017_11_14_L001-L004_merged	134	4	1	0	1
HAMBI_0403_chrm01_circ_1208537	NP_Ct_r01_2017_11_14_L001-L004_merged	155	0	1	0	1
HAMBI_0403_chrm01_circ_1220169	NP_Ct_r01_2017_11_14_L001-L004_merged	146	0	1	0	1
HAMBI_0403_chrm01_circ_1269396	NP_Ct_r01_2017_11_14_L001-L004_merged	133	6	1	0	1
HAMBI_0403_chrm01_circ_1274492	NP_Ct_r01_2017_11_14_L001-L004_merged	120	0	1	0	1
HAMBI_0403_chrm01_circ_1276454	NP_Ct_r01_2017_11_14_L001-L004_merged	136	0	1	0	1
HAMBI_0403_chrm01_circ_1331081	NP_Ct_r01_2017_11_14_L001-L004_merged	31	76	1	0	1
HAMBI_0403_chrm01_circ_1381129	NP_Ct_r01_2017_11_14_L001-L004_merged	134	17	1	0	1
HAMBI_0403_chrm01_circ_140925	NP_Ct_r01_2017_11_14_L001-L004_merged	133	1	1	0	1
HAMBI_0403_chrm01_circ_1432433	NP_Ct_r01_2017_11_14_L001-L004_merged	165	0	1	0	1
HAMBI_0403_chrm01_circ_1433097	NP_Ct_r01_2017_11_14_L001-L004_merged	150	0	1	0	1
HAMBI_0403_chrm01_circ_1508043	NP_Ct_r01_2017_11_14_L001-L004_merged	151	0	1	0	1
HAMBI_0403_chrm01_circ_1512989	NP_Ct_r01_2017_11_14_L001-L004_merged	164	0	1	0	1
HAMBI_0403_chrm01_circ_1521289	NP_Ct_r01_2017_11_14_L001-L004_merged	142	1	1	0	1
HAMBI_0403_chrm01_circ_1531856	NP_Ct_r01_2017_11_14_L001-L004_merged	109	3	1	0	1
HAMBI_0403_chrm01_circ_156034	NP_Ct_r01_2017_11_14_L001-L004_merged	164	2	1	0	1
HAMBI_0403_chrm01_circ_1584852	NP_Ct_r01_2017_11_14_L001-L004_merged	121	0	1	0	1
HAMBI_0403_chrm01_circ_1588427	NP_Ct_r01_2017_11_14_L001-L004_merged	153	15	1	0	1
HAMBI_0403_chrm01_circ_162518	NP_Ct_r01_2017_11_14_L001-L004_merged	115	0	1	0	1
HAMBI_0403_chrm01_circ_1631016	NP_Ct_r01_2017_11_14_L001-L004_merged	143	0	1	0	1
HAMBI_0403_chrm01_circ_1655504	NP_Ct_r01_2017_11_14_L001-L004_merged	140	0	1	0	1
HAMBI_0403_chrm01_circ_1680554	NP_Ct_r01_2017_11_14_L001-L004_merged	162	0	1	0	1
HAMBI_0403_chrm01_circ_1684934	NP_Ct_r01_2017_11_14_L001-L004_merged	179	0	1	0	1
HAMBI_0403_chrm01_circ_1748339	NP_Ct_r01_2017_11_14_L001-L004_merged	175	0	1	0	1
HAMBI_0403_chrm01_circ_1825191	NP_Ct_r01_2017_11_14_L001-L004_merged	148	0	1	0	1
HAMBI_0403_chrm01_circ_1831193	NP_Ct_r01_2017_11_14_L001-L004_merged	156	30	1	0	1
HAMBI_0403_chrm01_circ_1964254	NP_Ct_r01_2017_11_14_L001-L004_merged	136	0	1	0	1
HAMBI_0403_chrm01_circ_19727	NP_Ct_r01_2017_11_14_L001-L004_merged	140	0	1	0	1
HAMBI_0403_chrm01_circ_1985537	NP_Ct_r01_2017_11_14_L001-L004_merged	93	0	1	0	1
HAMBI_0403_chrm01_circ_1990830	NP_Ct_r01_2017_11_14_L001-L004_merged	139	2	1	0	1
HAMBI_0403_chrm01_circ_2035209	NP_Ct_r01_2017_11_14_L001-L004_merged	170	0	1	0	1
HAMBI_0403_chrm01_circ_2070393	NP_Ct_r01_2017_11_14_L001-L004_merged	124	0	1	0	1
HAMBI_0403_chrm01_circ_2085642	NP_Ct_r01_2017_11_14_L001-L004_merged	151	1	1	0	1
HAMBI_0403_chrm01_circ_2164967	NP_Ct_r01_2017_11_14_L001-L004_merged	168	0	1	0	1
HAMBI_0403_chrm01_circ_2170475	NP_Ct_r01_2017_11_14_L001-L004_merged	156	0	1	0	1
HAMBI_0403_chrm01_circ_2183342	NP_Ct_r01_2017_11_14_L001-L004_merged	140	0	1	0	1
HAMBI_0403_chrm01_circ_2210141	NP_Ct_r01_2017_11_14_L001-L004_merged	128	0	1	0	1
HAMBI_0403_chrm01_circ_2247210	NP_Ct_r01_2017_11_14_L001-L004_merged	159	3	1	0	1
HAMBI_0403_chrm01_circ_2263832	NP_Ct_r01_2017_11_14_L001-L004_merged	169	0	1	0	1
HAMBI_0403_chrm01_circ_2264970	NP_Ct_r01_2017_11_14_L001-L004_merged	145	0	1	0	1
HAMBI_0403_chrm01_circ_2275854	NP_Ct_r01_2017_11_14_L001-L004_merged	155	0	1	0	1
HAMBI_0403_chrm01_circ_2288765	NP_Ct_r01_2017_11_14_L001-L004_merged	139	1	1	0	1
HAMBI_0403_chrm01_circ_2298099	NP_Ct_r01_2017_11_14_L001-L004_merged	136	0	1	0	1
HAMBI_0403_chrm01_circ_2303297	NP_Ct_r01_2017_11_14_L001-L004_merged	118	0	1	0	1
HAMBI_0403_chrm01_circ_2354987	NP_Ct_r01_2017_11_14_L001-L004_merged	115	0	1	0	1
HAMBI_0403_chrm01_circ_2357485	NP_Ct_r01_2017_11_14_L001-L004_merged	164	0	1	0	1
HAMBI_0403_chrm01_circ_2399050	NP_Ct_r01_2017_11_14_L001-L004_merged	164	0	1	0	1
HAMBI_0403_chrm01_circ_2399143	NP_Ct_r01_2017_11_14_L001-L004_merged	166	0	1	0	1
HAMBI_0403_chrm01_circ_2399712	NP_Ct_r01_2017_11_14_L001-L004_merged	162	0	1	0	1
HAMBI_0403_chrm01_circ_2400679	NP_Ct_r01_2017_11_14_L001-L004_merged	173	0	1	0	1
HAMBI_0403_chrm01_circ_2406988	NP_Ct_r01_2017_11_14_L001-L004_merged	143	2	1	0	1
HAMBI_0403_chrm01_circ_245301	NP_Ct_r01_2017_11_14_L001-L004_merged	173	0	1	0	1
HAMBI_0403_chrm01_circ_2464548	NP_Ct_r01_2017_11_14_L001-L004_merged	126	56	1	0	1
HAMBI_0403_chrm01_circ_2494812	NP_Ct_r01_2017_11_14_L001-L004_merged	180	0	1	0	1
HAMBI_0403_chrm01_circ_2511562	NP_Ct_r01_2017_11_14_L001-L004_merged	125	8	1	0	1
HAMBI_0403_chrm01_circ_2556378	NP_Ct_r01_2017_11_14_L001-L004_merged	116	22	1	0	1
HAMBI_0403_chrm01_circ_2575375	NP_Ct_r01_2017_11_14_L001-L004_merged	113	0	1	0	1
HAMBI_0403_chrm01_circ_2610889	NP_Ct_r01_2017_11_14_L001-L004_merged	143	0	1	0	1
HAMBI_0403_chrm01_circ_264598	NP_Ct_r01_2017_11_14_L001-L004_merged	164	0	1	0	1
HAMBI_0403_chrm01_circ_2695541	NP_Ct_r01_2017_11_14_L001-L004_merged	148	8	1	0	1
HAMBI_0403_chrm01_circ_2742453	NP_Ct_r01_2017_11_14_L001-L004_merged	168	1	1	0	1
HAMBI_0403_chrm01_circ_2835885	NP_Ct_r01_2017_11_14_L001-L004_merged	95	0	1	0	1
HAMBI_0403_chrm01_circ_283781	NP_Ct_r01_2017_11_14_L001-L004_merged	154	0	1	0	1
HAMBI_0403_chrm01_circ_2845191	NP_Ct_r01_2017_11_14_L001-L004_merged	127	0	1	0	1
HAMBI_0403_chrm01_circ_2869812	NP_Ct_r01_2017_11_14_L001-L004_merged	124	0	1	0	1
HAMBI_0403_chrm01_circ_2883870	NP_Ct_r01_2017_11_14_L001-L004_merged	126	7	1	0	1
HAMBI_0403_chrm01_circ_2925854	NP_Ct_r01_2017_11_14_L001-L004_merged	86	0	1	0	1
HAMBI_0403_chrm01_circ_2975196	NP_Ct_r01_2017_11_14_L001-L004_merged	139	0	1	0	1
HAMBI_0403_chrm01_circ_2998776	NP_Ct_r01_2017_11_14_L001-L004_merged	148	0	1	0	1
HAMBI_0403_chrm01_circ_3000465	NP_Ct_r01_2017_11_14_L001-L004_merged	174	5	1	0	1
HAMBI_0403_chrm01_circ_3006282	NP_Ct_r01_2017_11_14_L001-L004_merged	167	0	1	0	1
HAMBI_0403_chrm01_circ_3028838	NP_Ct_r01_2017_11_14_L001-L004_merged	128	32	1	0	1
HAMBI_0403_chrm01_circ_3031198	NP_Ct_r01_2017_11_14_L001-L004_merged	154	0	1	0	1
HAMBI_0403_chrm01_circ_3060179	NP_Ct_r01_2017_11_14_L001-L004_merged	158	0	1	0	1
HAMBI_0403_chrm01_circ_3083534	NP_Ct_r01_2017_11_14_L001-L004_merged	127	13	1	0	1
HAMBI_0403_chrm01_circ_3087289	NP_Ct_r01_2017_11_14_L001-L004_merged	138	0	1	0	1
HAMBI_0403_chrm01_circ_3103731	NP_Ct_r01_2017_11_14_L001-L004_merged	135	0	1	0	1
HAMBI_0403_chrm01_circ_3117371	NP_Ct_r01_2017_11_14_L001-L004_merged	158	0	1	0	1
HAMBI_0403_chrm01_circ_3143395	NP_Ct_r01_2017_11_14_L001-L004_merged	142	0	1	0	1
HAMBI_0403_chrm01_circ_3150420	NP_Ct_r01_2017_11_14_L001-L004_merged	158	0	1	0	1
HAMBI_0403_chrm01_circ_3171763	NP_Ct_r01_2017_11_14_L001-L004_merged	144	0	1	0	1
HAMBI_0403_chrm01_circ_3178892	NP_Ct_r01_2017_11_14_L001-L004_merged	168	2	1	0	1
HAMBI_0403_chrm01_circ_3183496	NP_Ct_r01_2017_11_14_L001-L004_merged	161	1	1	0	1
HAMBI_0403_chrm01_circ_3202926	NP_Ct_r01_2017_11_14_L001-L004_merged	158	3	1	0	1
HAMBI_0403_chrm01_circ_3206418	NP_Ct_r01_2017_11_14_L001-L004_merged	72	82	1	0	1
HAMBI_0403_chrm01_circ_3236488	NP_Ct_r01_2017_11_14_L001-L004_merged	153	0	1	0	1
HAMBI_0403_chrm01_circ_3316564	NP_Ct_r01_2017_11_14_L001-L004_merged	148	0	1	0	1
HAMBI_0403_chrm01_circ_3319670	NP_Ct_r01_2017_11_14_L001-L004_merged	161	0	1	0	1
HAMBI_0403_chrm01_circ_3321404	NP_Ct_r01_2017_11_14_L001-L004_merged	120	4	1	0	1
HAMBI_0403_chrm01_circ_3322346	NP_Ct_r01_2017_11_14_L001-L004_merged	128	0	1	0	1
HAMBI_0403_chrm01_circ_3348412	NP_Ct_r01_2017_11_14_L001-L004_merged	164	0	1	0	1
HAMBI_0403_chrm01_circ_3430586	NP_Ct_r01_2017_11_14_L001-L004_merged	148	0	1	0	1
HAMBI_0403_chrm01_circ_3430600	NP_Ct_r01_2017_11_14_L001-L004_merged	137	4	1	0	1
HAMBI_0403_chrm01_circ_3514428	NP_Ct_r01_2017_11_14_L001-L004_merged	173	0	1	0	1
HAMBI_0403_chrm01_circ_3521312	NP_Ct_r01_2017_11_14_L001-L004_merged	143	0	1	0	1
HAMBI_0403_chrm01_circ_3543589	NP_Ct_r01_2017_11_14_L001-L004_merged	160	0	1	0	1
HAMBI_0403_chrm01_circ_3553466	NP_Ct_r01_2017_11_14_L001-L004_merged	159	0	1	0	1
HAMBI_0403_chrm01_circ_3578564	NP_Ct_r01_2017_11_14_L001-L004_merged	119	0	1	0	1
HAMBI_0403_chrm01_circ_3583051	NP_Ct_r01_2017_11_14_L001-L004_merged	155	0	1	0	1
HAMBI_0403_chrm01_circ_3598998	NP_Ct_r01_2017_11_14_L001-L004_merged	122	0	1	0	1
HAMBI_0403_chrm01_circ_3617983	NP_Ct_r01_2017_11_14_L001-L004_merged	131	0	1	0	1
HAMBI_0403_chrm01_circ_3618655	NP_Ct_r01_2017_11_14_L001-L004_merged	99	18	1	0	1
HAMBI_0403_chrm01_circ_362760	NP_Ct_r01_2017_11_14_L001-L004_merged	153	0	1	0	1
HAMBI_0403_chrm01_circ_363853	NP_Ct_r01_2017_11_14_L001-L004_merged	175	0	1	0	1
HAMBI_0403_chrm01_circ_370267	NP_Ct_r01_2017_11_14_L001-L004_merged	137	1	1	0	1
HAMBI_0403_chrm01_circ_3702984	NP_Ct_r01_2017_11_14_L001-L004_merged	129	0	1	0	1
HAMBI_0403_chrm01_circ_3715513	NP_Ct_r01_2017_11_14_L001-L004_merged	106	4	1	0	1
HAMBI_0403_chrm01_circ_3746085	NP_Ct_r01_2017_11_14_L001-L004_merged	128	0	1	0	1
HAMBI_0403_chrm01_circ_3784310	NP_Ct_r01_2017_11_14_L001-L004_merged	152	1	1	0	1
HAMBI_0403_chrm01_circ_3807928	NP_Ct_r01_2017_11_14_L001-L004_merged	40	79	1	0	1
HAMBI_0403_chrm01_circ_3826549	NP_Ct_r01_2017_11_14_L001-L004_merged	155	0	1	0	1
HAMBI_0403_chrm01_circ_3835502	NP_Ct_r01_2017_11_14_L001-L004_merged	158	6	1	0	1
HAMBI_0403_chrm01_circ_3866040	NP_Ct_r01_2017_11_14_L001-L004_merged	142	0	1	0	1
HAMBI_0403_chrm01_circ_3903420	NP_Ct_r01_2017_11_14_L001-L004_merged	156	34	1	0	1
HAMBI_0403_chrm01_circ_3910409	NP_Ct_r01_2017_11_14_L001-L004_merged	143	0	1	0	1
HAMBI_0403_chrm01_circ_3910572	NP_Ct_r01_2017_11_14_L001-L004_merged	169	0	1	0	1
HAMBI_0403_chrm01_circ_3937432	NP_Ct_r01_2017_11_14_L001-L004_merged	164	0	1	0	1
HAMBI_0403_chrm01_circ_4039075	NP_Ct_r01_2017_11_14_L001-L004_merged	162	0	1	0	1
HAMBI_0403_chrm01_circ_4060726	NP_Ct_r01_2017_11_14_L001-L004_merged	146	0	1	0	1
HAMBI_0403_chrm01_circ_406220	NP_Ct_r01_2017_11_14_L001-L004_merged	59	97	1	0	1
HAMBI_0403_chrm01_circ_4062981	NP_Ct_r01_2017_11_14_L001-L004_merged	153	3	1	0	1
HAMBI_0403_chrm01_circ_4074693	NP_Ct_r01_2017_11_14_L001-L004_merged	177	1	1	0	1
HAMBI_0403_chrm01_circ_4148379	NP_Ct_r01_2017_11_14_L001-L004_merged	152	5	1	0	1
HAMBI_0403_chrm01_circ_4152035	NP_Ct_r01_2017_11_14_L001-L004_merged	184	0	1	0	1
HAMBI_0403_chrm01_circ_417322	NP_Ct_r01_2017_11_14_L001-L004_merged	109	0	1	0	1
HAMBI_0403_chrm01_circ_4206117	NP_Ct_r01_2017_11_14_L001-L004_merged	169	0	1	0	1
HAMBI_0403_chrm01_circ_4214195	NP_Ct_r01_2017_11_14_L001-L004_merged	146	0	1	0	1
HAMBI_0403_chrm01_circ_4217616	NP_Ct_r01_2017_11_14_L001-L004_merged	185	0	1	0	1
HAMBI_0403_chrm01_circ_42377	NP_Ct_r01_2017_11_14_L001-L004_merged	165	0	1	0	1
HAMBI_0403_chrm01_circ_4269316	NP_Ct_r01_2017_11_14_L001-L004_merged	199	0	1	0	1
HAMBI_0403_chrm01_circ_4274685	NP_Ct_r01_2017_11_14_L001-L004_merged	120	0	1	0	1
HAMBI_0403_chrm01_circ_4285286	NP_Ct_r01_2017_11_14_L001-L004_merged	168	0	1	0	1
HAMBI_0403_chrm01_circ_4287997	NP_Ct_r01_2017_11_14_L001-L004_merged	102	1	1	0	1
HAMBI_0403_chrm01_circ_4388411	NP_Ct_r01_2017_11_14_L001-L004_merged	187	0	1	0	1
HAMBI_0403_chrm01_circ_4410252	NP_Ct_r01_2017_11_14_L001-L004_merged	143	1	1	0	1
HAMBI_0403_chrm01_circ_4439367	NP_Ct_r01_2017_11_14_L001-L004_merged	128	0	1	0	1
HAMBI_0403_chrm01_circ_444757	NP_Ct_r01_2017_11_14_L001-L004_merged	66	98	1	0	1
HAMBI_0403_chrm01_circ_4507219	NP_Ct_r01_2017_11_14_L001-L004_merged	142	0	1	0	1
HAMBI_0403_chrm01_circ_4557583	NP_Ct_r01_2017_11_14_L001-L004_merged	156	0	1	0	1
HAMBI_0403_chrm01_circ_4569372	NP_Ct_r01_2017_11_14_L001-L004_merged	119	0	1	0	1
HAMBI_0403_chrm01_circ_4582948	NP_Ct_r01_2017_11_14_L001-L004_merged	148	0	1	0	1
HAMBI_0403_chrm01_circ_4600184	NP_Ct_r01_2017_11_14_L001-L004_merged	144	0	1	0	1
HAMBI_0403_chrm01_circ_4618691	NP_Ct_r01_2017_11_14_L001-L004_merged	185	0	1	0	1
HAMBI_0403_chrm01_circ_4623649	NP_Ct_r01_2017_11_14_L001-L004_merged	141	0	1	0	1
HAMBI_0403_chrm01_circ_464021	NP_Ct_r01_2017_11_14_L001-L004_merged	111	7	1	0	1
HAMBI_0403_chrm01_circ_4743728	NP_Ct_r01_2017_11_14_L001-L004_merged	148	5	1	0	1
HAMBI_0403_chrm01_circ_4765035	NP_Ct_r01_2017_11_14_L001-L004_merged	134	0	1	0	1
HAMBI_0403_chrm01_circ_4781295	NP_Ct_r01_2017_11_14_L001-L004_merged	162	0	1	0	1
HAMBI_0403_chrm01_circ_4792521	NP_Ct_r01_2017_11_14_L001-L004_merged	174	0	1	0	1
HAMBI_0403_chrm01_circ_4799691	NP_Ct_r01_2017_11_14_L001-L004_merged	170	0	1	0	1
HAMBI_0403_chrm01_circ_4809883	NP_Ct_r01_2017_11_14_L001-L004_merged	141	1	1	0	1
HAMBI_0403_chrm01_circ_4855117	NP_Ct_r01_2017_11_14_L001-L004_merged	169	0	1	0	1
HAMBI_0403_chrm01_circ_4857021	NP_Ct_r01_2017_11_14_L001-L004_merged	108	16	1	0	1
HAMBI_0403_chrm01_circ_487954	NP_Ct_r01_2017_11_14_L001-L004_merged	164	0	1	0	1
HAMBI_0403_chrm01_circ_4888902	NP_Ct_r01_2017_11_14_L001-L004_merged	134	0	1	0	1
HAMBI_0403_chrm01_circ_4916373	NP_Ct_r01_2017_11_14_L001-L004_merged	154	3	1	0	1
HAMBI_0403_chrm01_circ_4972460	NP_Ct_r01_2017_11_14_L001-L004_merged	185	7	1	0	1
HAMBI_0403_chrm01_circ_5014718	NP_Ct_r01_2017_11_14_L001-L004_merged	168	9	1	0	1
HAMBI_0403_chrm01_circ_5042624	NP_Ct_r01_2017_11_14_L001-L004_merged	173	0	1	0	1
HAMBI_0403_chrm01_circ_5045700	NP_Ct_r01_2017_11_14_L001-L004_merged	174	0	1	0	1
HAMBI_0403_chrm01_circ_5060740	NP_Ct_r01_2017_11_14_L001-L004_merged	146	0	1	0	1
HAMBI_0403_chrm01_circ_5083897	NP_Ct_r01_2017_11_14_L001-L004_merged	148	0	1	0	1
HAMBI_0403_chrm01_circ_5114950	NP_Ct_r01_2017_11_14_L001-L004_merged	130	13	1	0	1
HAMBI_0403_chrm01_circ_5136938	NP_Ct_r01_2017_11_14_L001-L004_merged	169	0	1	0	1
HAMBI_0403_chrm01_circ_5158099	NP_Ct_r01_2017_11_14_L001-L004_merged	137	0	1	0	1
HAMBI_0403_chrm01_circ_5175068	NP_Ct_r01_2017_11_14_L001-L004_merged	145	2	1	0	1
HAMBI_0403_chrm01_circ_5179281	NP_Ct_r01_2017_11_14_L001-L004_merged	162	0	1	0	1
HAMBI_0403_chrm01_circ_5192590	NP_Ct_r01_2017_11_14_L001-L004_merged	148	0	1	0	1
HAMBI_0403_chrm01_circ_5198526	NP_Ct_r01_2017_11_14_L001-L004_merged	106	40	1	0	1
HAMBI_0403_chrm01_circ_52227	NP_Ct_r01_2017_11_14_L001-L004_merged	125	5	1	0	1
HAMBI_0403_chrm01_circ_5239272	NP_Ct_r01_2017_11_14_L001-L004_merged	114	21	1	0	1
HAMBI_0403_chrm01_circ_5247950	NP_Ct_r01_2017_11_14_L001-L004_merged	127	23	1	0	1
HAMBI_0403_chrm01_circ_5261930	NP_Ct_r01_2017_11_14_L001-L004_merged	171	0	1	0	1
HAMBI_0403_chrm01_circ_5274030	NP_Ct_r01_2017_11_14_L001-L004_merged	177	0	1	0	1
HAMBI_0403_chrm01_circ_5311213	NP_Ct_r01_2017_11_14_L001-L004_merged	118	0	1	0	1
HAMBI_0403_chrm01_circ_5334246	NP_Ct_r01_2017_11_14_L001-L004_merged	148	5	1	0	1
HAMBI_0403_chrm01_circ_5359752	NP_Ct_r01_2017_11_14_L001-L004_merged	128	0	1	0	1
HAMBI_0403_chrm01_circ_5375036	NP_Ct_r01_2017_11_14_L001-L004_merged	126	0	1	0	1
HAMBI_0403_chrm01_circ_538733	NP_Ct_r01_2017_11_14_L001-L004_merged	139	1	1	0	1
HAMBI_0403_chrm01_circ_5398637	NP_Ct_r01_2017_11_14_L001-L004_merged	144	2	1	0	1
HAMBI_0403_chrm01_circ_5452296	NP_Ct_r01_2017_11_14_L001-L004_merged	174	0	1	0	1
HAMBI_0403_chrm01_circ_5488740	NP_Ct_r01_2017_11_14_L001-L004_merged	172	0	1	0	1
HAMBI_0403_chrm01_circ_5582102	NP_Ct_r01_2017_11_14_L001-L004_merged	173	8	1	0	1
HAMBI_0403_chrm01_circ_5582190	NP_Ct_r01_2017_11_14_L001-L004_merged	147	0	1	0	1
HAMBI_0403_chrm01_circ_5582265	NP_Ct_r01_2017_11_14_L001-L004_merged	137	4	1	0	1
HAMBI_0403_chrm01_circ_5604584	NP_Ct_r01_2017_11_14_L001-L004_merged	139	0	1	0	1
HAMBI_0403_chrm01_circ_5614022	NP_Ct_r01_2017_11_14_L001-L004_merged	155	0	1	0	1
HAMBI_0403_chrm01_circ_5638719	NP_Ct_r01_2017_11_14_L001-L004_merged	160	0	1	0	1
HAMBI_0403_chrm01_circ_5644341	NP_Ct_r01_2017_11_14_L001-L004_merged	163	0	1	0	1
HAMBI_0403_chrm01_circ_5691225	NP_Ct_r01_2017_11_14_L001-L004_merged	143	0	1	0	1
HAMBI_0403_chrm01_circ_5709378	NP_Ct_r01_2017_11_14_L001-L004_merged	135	1	1	0	1
HAMBI_0403_chrm01_circ_5714954	NP_Ct_r01_2017_11_14_L001-L004_merged	136	0	1	0	1
HAMBI_0403_chrm01_circ_5730629	NP_Ct_r01_2017_11_14_L001-L004_merged	134	29	1	0	1
HAMBI_0403_chrm01_circ_5738403	NP_Ct_r01_2017_11_14_L001-L004_merged	168	4	1	0	1
HAMBI_0403_chrm01_circ_606028	NP_Ct_r01_2017_11_14_L001-L004_merged	152	0	1	0	1
HAMBI_0403_chrm01_circ_613689	NP_Ct_r01_2017_11_14_L001-L004_merged	148	8	1	0	1
HAMBI_0403_chrm01_circ_616293	NP_Ct_r01_2017_11_14_L001-L004_merged	128	0	1	0	1
HAMBI_0403_chrm01_circ_637391	NP_Ct_r01_2017_11_14_L001-L004_merged	130	0	1	0	1
HAMBI_0403_chrm01_circ_671146	NP_Ct_r01_2017_11_14_L001-L004_merged	129	0	1	0	1
HAMBI_0403_chrm01_circ_684931	NP_Ct_r01_2017_11_14_L001-L004_merged	49	0	1	0	1
HAMBI_0403_chrm01_circ_748850	NP_Ct_r01_2017_11_14_L001-L004_merged	161	33	1	0	1
HAMBI_0403_chrm01_circ_753790	NP_Ct_r01_2017_11_14_L001-L004_merged	151	0	1	0	1
HAMBI_0403_chrm01_circ_788892	NP_Ct_r01_2017_11_14_L001-L004_merged	104	2	1	0	1
HAMBI_0403_chrm01_circ_831854	NP_Ct_r01_2017_11_14_L001-L004_merged	108	16	1	0	1
HAMBI_0403_chrm01_circ_832539	NP_Ct_r01_2017_11_14_L001-L004_merged	87	2	1	0	1
HAMBI_0403_chrm01_circ_842503	NP_Ct_r01_2017_11_14_L001-L004_merged	134	0	1	0	1
HAMBI_0403_chrm01_circ_848535	NP_Ct_r01_2017_11_14_L001-L004_merged	159	0	1	0	1
HAMBI_0403_chrm01_circ_883423	NP_Ct_r01_2017_11_14_L001-L004_merged	151	1	1	0	1
HAMBI_0403_chrm01_circ_906766	NP_Ct_r01_2017_11_14_L001-L004_merged	146	0	1	0	1
HAMBI_0403_chrm01_circ_916431	NP_Ct_r01_2017_11_14_L001-L004_merged	163	0	1	0	1
HAMBI_0403_chrm01_circ_945635	NP_Ct_r01_2017_11_14_L001-L004_merged	136	0	1	0	1
HAMBI_0403_chrm01_circ_957655	NP_Ct_r01_2017_11_14_L001-L004_merged	145	2	1	0	1
HAMBI_0403_chrm01_circ_957797	NP_Ct_r01_2017_11_14_L001-L004_merged	140	6	1	0	1
HAMBI_0403_chrm01_circ_957871	NP_Ct_r01_2017_11_14_L001-L004_merged	138	6	1	0	1
HAMBI_0403_chrm01_circ_958022	NP_Ct_r01_2017_11_14_L001-L004_merged	140	0	1	0	1
HAMBI_0403_chrm01_circ_958598	NP_Ct_r01_2017_11_14_L001-L004_merged	167	0	1	0	1
HAMBI_0403_chrm01_circ_958829	NP_Ct_r01_2017_11_14_L001-L004_merged	135	26	1	0	1
HAMBI_0403_chrm01_circ_958923	NP_Ct_r01_2017_11_14_L001-L004_merged	175	2	1	0	1
HAMBI_0403_chrm01_circ_966980	NP_Ct_r01_2017_11_14_L001-L004_merged	139	0	1	0	1
HAMBI_0403_plas01_circ_27065	NP_Ct_r01_2017_11_14_L001-L004_merged	300	0	1	0	1
HAMBI_0403_plas01_circ_34644	NP_Ct_r01_2017_11_14_L001-L004_merged	319	0	1	0	1
HAMBI_0403_chrm01_circ_1041879	NP_Ct_r01_2018_03_06_L001	80	0	1	0	1
HAMBI_0403_chrm01_circ_1048627	NP_Ct_r01_2018_03_06_L001	114	0	1	0	1
HAMBI_0403_chrm01_circ_1087633	NP_Ct_r01_2018_03_06_L001	61	0	1	0	1
HAMBI_0403_chrm01_circ_1089569	NP_Ct_r01_2018_03_06_L001	65	0	1	0	1
HAMBI_0403_chrm01_circ_1179102	NP_Ct_r01_2018_03_06_L001	88	0	1	0	1
HAMBI_0403_chrm01_circ_1204312	NP_Ct_r01_2018_03_06_L001	126	0	1	0	1
HAMBI_0403_chrm01_circ_1208537	NP_Ct_r01_2018_03_06_L001	130	0	1	0	1
HAMBI_0403_chrm01_circ_1220169	NP_Ct_r01_2018_03_06_L001	86	0	1	0	1
HAMBI_0403_chrm01_circ_1269396	NP_Ct_r01_2018_03_06_L001	67	0	1	0	1
HAMBI_0403_chrm01_circ_1274492	NP_Ct_r01_2018_03_06_L001	56	0	1	0	1
HAMBI_0403_chrm01_circ_1276454	NP_Ct_r01_2018_03_06_L001	134	0	1	0	1
HAMBI_0403_chrm01_circ_1331081	NP_Ct_r01_2018_03_06_L001	84	0	1	0	1
HAMBI_0403_chrm01_circ_1381129	NP_Ct_r01_2018_03_06_L001	112	0	1	0	1
HAMBI_0403_chrm01_circ_140925	NP_Ct_r01_2018_03_06_L001	100	0	1	0	1
HAMBI_0403_chrm01_circ_1432433	NP_Ct_r01_2018_03_06_L001	97	0	1	0	1
HAMBI_0403_chrm01_circ_1433097	NP_Ct_r01_2018_03_06_L001	91	0	1	0	1
HAMBI_0403_chrm01_circ_1508043	NP_Ct_r01_2018_03_06_L001	164	0	1	0	1
HAMBI_0403_chrm01_circ_1512989	NP_Ct_r01_2018_03_06_L001	121	0	1	0	1
HAMBI_0403_chrm01_circ_1521289	NP_Ct_r01_2018_03_06_L001	135	0	1	0	1
HAMBI_0403_chrm01_circ_1531856	NP_Ct_r01_2018_03_06_L001	61	0	1	0	1
HAMBI_0403_chrm01_circ_156034	NP_Ct_r01_2018_03_06_L001	143	0	1	0	1
HAMBI_0403_chrm01_circ_1584852	NP_Ct_r01_2018_03_06_L001	108	0	1	0	1
HAMBI_0403_chrm01_circ_1588427	NP_Ct_r01_2018_03_06_L001	116	0	1	0	1
HAMBI_0403_chrm01_circ_162518	NP_Ct_r01_2018_03_06_L001	80	0	1	0	1
HAMBI_0403_chrm01_circ_1631016	NP_Ct_r01_2018_03_06_L001	119	0	1	0	1
HAMBI_0403_chrm01_circ_1655504	NP_Ct_r01_2018_03_06_L001	120	0	1	0	1
HAMBI_0403_chrm01_circ_1680554	NP_Ct_r01_2018_03_06_L001	94	0	1	0	1
HAMBI_0403_chrm01_circ_1684934	NP_Ct_r01_2018_03_06_L001	72	0	1	0	1
HAMBI_0403_chrm01_circ_1748339	NP_Ct_r01_2018_03_06_L001	90	0	1	0	1
HAMBI_0403_chrm01_circ_1825191	NP_Ct_r01_2018_03_06_L001	115	0	1	0	1
HAMBI_0403_chrm01_circ_1831193	NP_Ct_r01_2018_03_06_L001	84	0	1	0	1
HAMBI_0403_chrm01_circ_1964254	NP_Ct_r01_2018_03_06_L001	75	0	1	0	1
HAMBI_0403_chrm01_circ_19727	NP_Ct_r01_2018_03_06_L001	101	0	1	0	1
HAMBI_0403_chrm01_circ_1985537	NP_Ct_r01_2018_03_06_L001	69	0	1	0	1
HAMBI_0403_chrm01_circ_1990830	NP_Ct_r01_2018_03_06_L001	62	0	1	0	1
HAMBI_0403_chrm01_circ_2035209	NP_Ct_r01_2018_03_06_L001	78	0	1	0	1
HAMBI_0403_chrm01_circ_2070393	NP_Ct_r01_2018_03_06_L001	75	0	1	0	1
HAMBI_0403_chrm01_circ_2085642	NP_Ct_r01_2018_03_06_L001	125	0	1	0	1
HAMBI_0403_chrm01_circ_2164967	NP_Ct_r01_2018_03_06_L001	175	0	1	0	1
HAMBI_0403_chrm01_circ_2170475	NP_Ct_r01_2018_03_06_L001	177	0	1	0	1
HAMBI_0403_chrm01_circ_2183342	NP_Ct_r01_2018_03_06_L001	86	0	1	0	1
HAMBI_0403_chrm01_circ_2210141	NP_Ct_r01_2018_03_06_L001	135	1	1	0	1
HAMBI_0403_chrm01_circ_2247210	NP_Ct_r01_2018_03_06_L001	118	0	1	0	1
HAMBI_0403_chrm01_circ_2263832	NP_Ct_r01_2018_03_06_L001	89	0	1	0	1
HAMBI_0403_chrm01_circ_2264970	NP_Ct_r01_2018_03_06_L001	66	0	1	0	1
HAMBI_0403_chrm01_circ_2275854	NP_Ct_r01_2018_03_06_L001	87	0	1	0	1
HAMBI_0403_chrm01_circ_2288765	NP_Ct_r01_2018_03_06_L001	86	0	1	0	1
HAMBI_0403_chrm01_circ_2298099	NP_Ct_r01_2018_03_06_L001	94	0	1	0	1
HAMBI_0403_chrm01_circ_2303297	NP_Ct_r01_2018_03_06_L001	79	0	1	0	1
HAMBI_0403_chrm01_circ_2354987	NP_Ct_r01_2018_03_06_L001	122	0	1	0	1
HAMBI_0403_chrm01_circ_2357485	NP_Ct_r01_2018_03_06_L001	128	0	1	0	1
HAMBI_0403_chrm01_circ_2399050	NP_Ct_r01_2018_03_06_L001	93	0	1	0	1
HAMBI_0403_chrm01_circ_2399143	NP_Ct_r01_2018_03_06_L001	107	0	1	0	1
HAMBI_0403_chrm01_circ_2399712	NP_Ct_r01_2018_03_06_L001	113	0	1	0	1
HAMBI_0403_chrm01_circ_2400679	NP_Ct_r01_2018_03_06_L001	133	0	1	0	1
HAMBI_0403_chrm01_circ_2406988	NP_Ct_r01_2018_03_06_L001	119	0	1	0	1
HAMBI_0403_chrm01_circ_245301	NP_Ct_r01_2018_03_06_L001	157	0	1	0	1
HAMBI_0403_chrm01_circ_2464548	NP_Ct_r01_2018_03_06_L001	87	0	1	0	1
HAMBI_0403_chrm01_circ_2494812	NP_Ct_r01_2018_03_06_L001	112	0	1	0	1
HAMBI_0403_chrm01_circ_2511562	NP_Ct_r01_2018_03_06_L001	96	0	1	0	1
HAMBI_0403_chrm01_circ_2556378	NP_Ct_r01_2018_03_06_L001	89	0	1	0	1
HAMBI_0403_chrm01_circ_2575375	NP_Ct_r01_2018_03_06_L001	85	0	1	0	1
HAMBI_0403_chrm01_circ_2610889	NP_Ct_r01_2018_03_06_L001	129	0	1	0	1
HAMBI_0403_chrm01_circ_264598	NP_Ct_r01_2018_03_06_L001	99	0	1	0	1
HAMBI_0403_chrm01_circ_2695541	NP_Ct_r01_2018_03_06_L001	76	0	1	0	1
HAMBI_0403_chrm01_circ_2742453	NP_Ct_r01_2018_03_06_L001	72	1	1	0	1
HAMBI_0403_chrm01_circ_2835885	NP_Ct_r01_2018_03_06_L001	57	0	1	0	1
HAMBI_0403_chrm01_circ_283781	NP_Ct_r01_2018_03_06_L001	69	0	1	0	1
HAMBI_0403_chrm01_circ_2845191	NP_Ct_r01_2018_03_06_L001	86	0	1	0	1
HAMBI_0403_chrm01_circ_2869812	NP_Ct_r01_2018_03_06_L001	54	0	1	0	1
HAMBI_0403_chrm01_circ_2883870	NP_Ct_r01_2018_03_06_L001	132	0	1	0	1
HAMBI_0403_chrm01_circ_2925854	NP_Ct_r01_2018_03_06_L001	58	0	1	0	1
HAMBI_0403_chrm01_circ_2975196	NP_Ct_r01_2018_03_06_L001	52	0	1	0	1
HAMBI_0403_chrm01_circ_2998776	NP_Ct_r01_2018_03_06_L001	87	0	1	0	1
HAMBI_0403_chrm01_circ_3000465	NP_Ct_r01_2018_03_06_L001	111	0	1	0	1
HAMBI_0403_chrm01_circ_3006282	NP_Ct_r01_2018_03_06_L001	108	0	1	0	1
HAMBI_0403_chrm01_circ_3028838	NP_Ct_r01_2018_03_06_L001	128	0	1	0	1
HAMBI_0403_chrm01_circ_3031198	NP_Ct_r01_2018_03_06_L001	90	0	1	0	1
HAMBI_0403_chrm01_circ_3060179	NP_Ct_r01_2018_03_06_L001	140	0	1	0	1
HAMBI_0403_chrm01_circ_3083534	NP_Ct_r01_2018_03_06_L001	113	0	1	0	1
HAMBI_0403_chrm01_circ_3087289	NP_Ct_r01_2018_03_06_L001	93	0	1	0	1
HAMBI_0403_chrm01_circ_3103731	NP_Ct_r01_2018_03_06_L001	54	0	1	0	1
HAMBI_0403_chrm01_circ_3117371	NP_Ct_r01_2018_03_06_L001	70	0	1	0	1
HAMBI_0403_chrm01_circ_3143395	NP_Ct_r01_2018_03_06_L001	61	0	1	0	1
HAMBI_0403_chrm01_circ_3150420	NP_Ct_r01_2018_03_06_L001	123	0	1	0	1
HAMBI_0403_chrm01_circ_3171763	NP_Ct_r01_2018_03_06_L001	137	0	1	0	1
HAMBI_0403_chrm01_circ_3178892	NP_Ct_r01_2018_03_06_L001	70	0	1	0	1
HAMBI_0403_chrm01_circ_3183496	NP_Ct_r01_2018_03_06_L001	80	0	1	0	1
HAMBI_0403_chrm01_circ_3202926	NP_Ct_r01_2018_03_06_L001	91	0	1	0	1
HAMBI_0403_chrm01_circ_3206418	NP_Ct_r01_2018_03_06_L001	103	0	1	0	1
HAMBI_0403_chrm01_circ_3236488	NP_Ct_r01_2018_03_06_L001	131	0	1	0	1
HAMBI_0403_chrm01_circ_3316564	NP_Ct_r01_2018_03_06_L001	82	0	1	0	1
HAMBI_0403_chrm01_circ_3319670	NP_Ct_r01_2018_03_06_L001	98	0	1	0	1
HAMBI_0403_chrm01_circ_3321404	NP_Ct_r01_2018_03_06_L001	106	0	1	0	1
HAMBI_0403_chrm01_circ_3322346	NP_Ct_r01_2018_03_06_L001	86	0	1	0	1
HAMBI_0403_chrm01_circ_3348412	NP_Ct_r01_2018_03_06_L001	87	0	1	0	1
HAMBI_0403_chrm01_circ_3430586	NP_Ct_r01_2018_03_06_L001	57	0	1	0	1
HAMBI_0403_chrm01_circ_3430600	NP_Ct_r01_2018_03_06_L001	52	0	1	0	1
HAMBI_0403_chrm01_circ_3514428	NP_Ct_r01_2018_03_06_L001	152	0	1	0	1
HAMBI_0403_chrm01_circ_3521312	NP_Ct_r01_2018_03_06_L001	179	0	1	0	1
HAMBI_0403_chrm01_circ_3543589	NP_Ct_r01_2018_03_06_L001	154	0	1	0	1
HAMBI_0403_chrm01_circ_3553466	NP_Ct_r01_2018_03_06_L001	162	0	1	0	1
HAMBI_0403_chrm01_circ_3578564	NP_Ct_r01_2018_03_06_L001	101	0	1	0	1
HAMBI_0403_chrm01_circ_3583051	NP_Ct_r01_2018_03_06_L001	115	0	1	0	1
HAMBI_0403_chrm01_circ_3598998	NP_Ct_r01_2018_03_06_L001	106	0	1	0	1
HAMBI_0403_chrm01_circ_3617983	NP_Ct_r01_2018_03_06_L001	58	0	1	0	1
HAMBI_0403_chrm01_circ_3618655	NP_Ct_r01_2018_03_06_L001	84	0	1	0	1
HAMBI_0403_chrm01_circ_362760	NP_Ct_r01_2018_03_06_L001	117	0	1	0	1
HAMBI_0403_chrm01_circ_363853	NP_Ct_r01_2018_03_06_L001	145	0	1	0	1
HAMBI_0403_chrm01_circ_370267	NP_Ct_r01_2018_03_06_L001	67	0	1	0	1
HAMBI_0403_chrm01_circ_3702984	NP_Ct_r01_2018_03_06_L001	71	0	1	0	1
HAMBI_0403_chrm01_circ_3715513	NP_Ct_r01_2018_03_06_L001	100	0	1	0	1
HAMBI_0403_chrm01_circ_3746085	NP_Ct_r01_2018_03_06_L001	81	0	1	0	1
HAMBI_0403_chrm01_circ_3784310	NP_Ct_r01_2018_03_06_L001	100	0	1	0	1
HAMBI_0403_chrm01_circ_3807928	NP_Ct_r01_2018_03_06_L001	63	0	1	0	1
HAMBI_0403_chrm01_circ_3826549	NP_Ct_r01_2018_03_06_L001	125	0	1	0	1
HAMBI_0403_chrm01_circ_3835502	NP_Ct_r01_2018_03_06_L001	120	0	1	0	1
HAMBI_0403_chrm01_circ_3866040	NP_Ct_r01_2018_03_06_L001	124	0	1	0	1
HAMBI_0403_chrm01_circ_3903420	NP_Ct_r01_2018_03_06_L001	150	0	1	0	1
HAMBI_0403_chrm01_circ_3910409	NP_Ct_r01_2018_03_06_L001	109	0	1	0	1
HAMBI_0403_chrm01_circ_3910572	NP_Ct_r01_2018_03_06_L001	90	0	1	0	1
HAMBI_0403_chrm01_circ_3937432	NP_Ct_r01_2018_03_06_L001	135	0	1	0	1
HAMBI_0403_chrm01_circ_4039075	NP_Ct_r01_2018_03_06_L001	103	0	1	0	1
HAMBI_0403_chrm01_circ_4060726	NP_Ct_r01_2018_03_06_L001	109	0	1	0	1
HAMBI_0403_chrm01_circ_406220	NP_Ct_r01_2018_03_06_L001	137	0	1	0	1
HAMBI_0403_chrm01_circ_4062981	NP_Ct_r01_2018_03_06_L001	79	0	1	0	1
HAMBI_0403_chrm01_circ_4074693	NP_Ct_r01_2018_03_06_L001	95	0	1	0	1
HAMBI_0403_chrm01_circ_4148379	NP_Ct_r01_2018_03_06_L001	63	0	1	0	1
HAMBI_0403_chrm01_circ_4152035	NP_Ct_r01_2018_03_06_L001	134	0	1	0	1
HAMBI_0403_chrm01_circ_417322	NP_Ct_r01_2018_03_06_L001	80	1	1	0	1
HAMBI_0403_chrm01_circ_4206117	NP_Ct_r01_2018_03_06_L001	85	0	1	0	1
HAMBI_0403_chrm01_circ_4214195	NP_Ct_r01_2018_03_06_L001	72	0	1	0	1
HAMBI_0403_chrm01_circ_4217616	NP_Ct_r01_2018_03_06_L001	114	1	1	0	1
HAMBI_0403_chrm01_circ_42377	NP_Ct_r01_2018_03_06_L001	106	0	1	0	1
HAMBI_0403_chrm01_circ_4269316	NP_Ct_r01_2018_03_06_L001	153	0	1	0	1
HAMBI_0403_chrm01_circ_4274685	NP_Ct_r01_2018_03_06_L001	55	0	1	0	1
HAMBI_0403_chrm01_circ_4285286	NP_Ct_r01_2018_03_06_L001	94	0	1	0	1
HAMBI_0403_chrm01_circ_4287997	NP_Ct_r01_2018_03_06_L001	76	0	1	0	1
HAMBI_0403_chrm01_circ_4388411	NP_Ct_r01_2018_03_06_L001	85	0	1	0	1
HAMBI_0403_chrm01_circ_4410252	NP_Ct_r01_2018_03_06_L001	73	0	1	0	1
HAMBI_0403_chrm01_circ_4439367	NP_Ct_r01_2018_03_06_L001	66	0	1	0	1
HAMBI_0403_chrm01_circ_444757	NP_Ct_r01_2018_03_06_L001	130	0	1	0	1
HAMBI_0403_chrm01_circ_4507219	NP_Ct_r01_2018_03_06_L001	139	0	1	0	1
HAMBI_0403_chrm01_circ_4557583	NP_Ct_r01_2018_03_06_L001	105	0	1	0	1
HAMBI_0403_chrm01_circ_4569372	NP_Ct_r01_2018_03_06_L001	52	0	1	0	1
HAMBI_0403_chrm01_circ_4582948	NP_Ct_r01_2018_03_06_L001	124	0	1	0	1
HAMBI_0403_chrm01_circ_4600184	NP_Ct_r01_2018_03_06_L001	108	0	1	0	1
HAMBI_0403_chrm01_circ_4618691	NP_Ct_r01_2018_03_06_L001	163	0	1	0	1
HAMBI_0403_chrm01_circ_4623649	NP_Ct_r01_2018_03_06_L001	103	0	1	0	1
HAMBI_0403_chrm01_circ_464021	NP_Ct_r01_2018_03_06_L001	96	0	1	0	1
HAMBI_0403_chrm01_circ_4743728	NP_Ct_r01_2018_03_06_L001	93	0	1	0	1
HAMBI_0403_chrm01_circ_4765035	NP_Ct_r01_2018_03_06_L001	141	0	1	0	1
HAMBI_0403_chrm01_circ_4781295	NP_Ct_r01_2018_03_06_L001	94	0	1	0	1
HAMBI_0403_chrm01_circ_4792521	NP_Ct_r01_2018_03_06_L001	99	0	1	0	1
HAMBI_0403_chrm01_circ_4799691	NP_Ct_r01_2018_03_06_L001	144	0	1	0	1
HAMBI_0403_chrm01_circ_4809883	NP_Ct_r01_2018_03_06_L001	170	0	1	0	1
HAMBI_0403_chrm01_circ_4855117	NP_Ct_r01_2018_03_06_L001	93	0	1	0	1
HAMBI_0403_chrm01_circ_4857021	NP_Ct_r01_2018_03_06_L001	101	0	1	0	1
HAMBI_0403_chrm01_circ_487954	NP_Ct_r01_2018_03_06_L001	99	0	1	0	1
HAMBI_0403_chrm01_circ_4888902	NP_Ct_r01_2018_03_06_L001	83	0	1	0	1
HAMBI_0403_chrm01_circ_4916373	NP_Ct_r01_2018_03_06_L001	100	0	1	0	1
HAMBI_0403_chrm01_circ_4972460	NP_Ct_r01_2018_03_06_L001	69	0	1	0	1
HAMBI_0403_chrm01_circ_5014718	NP_Ct_r01_2018_03_06_L001	63	0	1	0	1
HAMBI_0403_chrm01_circ_5042624	NP_Ct_r01_2018_03_06_L001	72	0	1	0	1
HAMBI_0403_chrm01_circ_5045700	NP_Ct_r01_2018_03_06_L001	83	0	1	0	1
HAMBI_0403_chrm01_circ_5060740	NP_Ct_r01_2018_03_06_L001	80	0	1	0	1
HAMBI_0403_chrm01_circ_5083897	NP_Ct_r01_2018_03_06_L001	75	0	1	0	1
HAMBI_0403_chrm01_circ_5114950	NP_Ct_r01_2018_03_06_L001	93	0	1	0	1
HAMBI_0403_chrm01_circ_5136938	NP_Ct_r01_2018_03_06_L001	172	0	1	0	1
HAMBI_0403_chrm01_circ_5158099	NP_Ct_r01_2018_03_06_L001	139	0	1	0	1
HAMBI_0403_chrm01_circ_5175068	NP_Ct_r01_2018_03_06_L001	88	0	1	0	1
HAMBI_0403_chrm01_circ_5179281	NP_Ct_r01_2018_03_06_L001	100	0	1	0	1
HAMBI_0403_chrm01_circ_5192590	NP_Ct_r01_2018_03_06_L001	141	0	1	0	1
HAMBI_0403_chrm01_circ_5198526	NP_Ct_r01_2018_03_06_L001	63	0	1	0	1
HAMBI_0403_chrm01_circ_52227	NP_Ct_r01_2018_03_06_L001	132	0	1	0	1
HAMBI_0403_chrm01_circ_5239272	NP_Ct_r01_2018_03_06_L001	101	0	1	0	1
HAMBI_0403_chrm01_circ_5247950	NP_Ct_r01_2018_03_06_L001	112	0	1	0	1
HAMBI_0403_chrm01_circ_5261930	NP_Ct_r01_2018_03_06_L001	108	0	1	0	1
HAMBI_0403_chrm01_circ_5274030	NP_Ct_r01_2018_03_06_L001	178	0	1	0	1
HAMBI_0403_chrm01_circ_5311213	NP_Ct_r01_2018_03_06_L001	79	0	1	0	1
HAMBI_0403_chrm01_circ_5334246	NP_Ct_r01_2018_03_06_L001	167	0	1	0	1
HAMBI_0403_chrm01_circ_5359752	NP_Ct_r01_2018_03_06_L001	156	0	1	0	1
HAMBI_0403_chrm01_circ_5375036	NP_Ct_r01_2018_03_06_L001	167	0	1	0	1
HAMBI_0403_chrm01_circ_538733	NP_Ct_r01_2018_03_06_L001	79	0	1	0	1
HAMBI_0403_chrm01_circ_5398637	NP_Ct_r01_2018_03_06_L001	133	0	1	0	1
HAMBI_0403_chrm01_circ_5452296	NP_Ct_r01_2018_03_06_L001	134	0	1	0	1
HAMBI_0403_chrm01_circ_5488740	NP_Ct_r01_2018_03_06_L001	140	0	1	0	1
HAMBI_0403_chrm01_circ_5582102	NP_Ct_r01_2018_03_06_L001	73	0	1	0	1
HAMBI_0403_chrm01_circ_5582190	NP_Ct_r01_2018_03_06_L001	63	0	1	0	1
HAMBI_0403_chrm01_circ_5582265	NP_Ct_r01_2018_03_06_L001	52	0	1	0	1
HAMBI_0403_chrm01_circ_5604584	NP_Ct_r01_2018_03_06_L001	70	0	1	0	1
HAMBI_0403_chrm01_circ_5614022	NP_Ct_r01_2018_03_06_L001	75	0	1	0	1
HAMBI_0403_chrm01_circ_5638719	NP_Ct_r01_2018_03_06_L001	111	0	1	0	1
HAMBI_0403_chrm01_circ_5644341	NP_Ct_r01_2018_03_06_L001	87	0	1	0	1
HAMBI_0403_chrm01_circ_5691225	NP_Ct_r01_2018_03_06_L001	105	0	1	0	1
HAMBI_0403_chrm01_circ_5709378	NP_Ct_r01_2018_03_06_L001	81	0	1	0	1
HAMBI_0403_chrm01_circ_5714954	NP_Ct_r01_2018_03_06_L001	65	0	1	0	1
HAMBI_0403_chrm01_circ_5730629	NP_Ct_r01_2018_03_06_L001	101	0	1	0	1
HAMBI_0403_chrm01_circ_5738403	NP_Ct_r01_2018_03_06_L001	71	0	1	0	1
HAMBI_0403_chrm01_circ_606028	NP_Ct_r01_2018_03_06_L001	52	0	1	0	1
HAMBI_0403_chrm01_circ_613689	NP_Ct_r01_2018_03_06_L001	158	0	1	0	1
HAMBI_0403_chrm01_circ_616293	NP_Ct_r01_2018_03_06_L001	126	0	1	0	1
HAMBI_0403_chrm01_circ_637391	NP_Ct_r01_2018_03_06_L001	158	0	1	0	1
HAMBI_0403_chrm01_circ_671146	NP_Ct_r01_2018_03_06_L001	90	0	1	0	1
HAMBI_0403_chrm01_circ_684931	NP_Ct_r01_2018_03_06_L001	35	0	1	0	1
HAMBI_0403_chrm01_circ_748850	NP_Ct_r01_2018_03_06_L001	85	0	1	0	1
HAMBI_0403_chrm01_circ_753790	NP_Ct_r01_2018_03_06_L001	113	0	1	0	1
HAMBI_0403_chrm01_circ_788892	NP_Ct_r01_2018_03_06_L001	44	0	1	0	1
HAMBI_0403_chrm01_circ_831854	NP_Ct_r01_2018_03_06_L001	110	0	1	0	1
HAMBI_0403_chrm01_circ_832539	NP_Ct_r01_2018_03_06_L001	72	0	1	0	1
HAMBI_0403_chrm01_circ_842503	NP_Ct_r01_2018_03_06_L001	87	0	1	0	1
HAMBI_0403_chrm01_circ_848535	NP_Ct_r01_2018_03_06_L001	131	0	1	0	1
HAMBI_0403_chrm01_circ_883423	NP_Ct_r01_2018_03_06_L001	93	0	1	0	1
HAMBI_0403_chrm01_circ_906766	NP_Ct_r01_2018_03_06_L001	89	0	1	0	1
HAMBI_0403_chrm01_circ_916431	NP_Ct_r01_2018_03_06_L001	136	0	1	0	1
HAMBI_0403_chrm01_circ_945635	NP_Ct_r01_2018_03_06_L001	86	0	1	0	1
HAMBI_0403_chrm01_circ_957655	NP_Ct_r01_2018_03_06_L001	130	0	1	0	1
HAMBI_0403_chrm01_circ_957797	NP_Ct_r01_2018_03_06_L001	144	0	1	0	1
HAMBI_0403_chrm01_circ_957871	NP_Ct_r01_2018_03_06_L001	131	0	1	0	1
HAMBI_0403_chrm01_circ_958022	NP_Ct_r01_2018_03_06_L001	100	0	1	0	1
HAMBI_0403_chrm01_circ_958598	NP_Ct_r01_2018_03_06_L001	127	0	1	0	1
HAMBI_0403_chrm01_circ_958829	NP_Ct_r01_2018_03_06_L001	95	8	1	0	1
HAMBI_0403_chrm01_circ_958923	NP_Ct_r01_2018_03_06_L001	115	0	1	0	1
HAMBI_0403_chrm01_circ_966980	NP_Ct_r01_2018_03_06_L001	167	0	1	0	1
HAMBI_0403_plas01_circ_27065	NP_Ct_r01_2018_03_06_L001	11	0	1	0	1
HAMBI_0403_plas01_circ_34644	NP_Ct_r01_2018_03_06_L001	13	0	1	0	1
HAMBI_0403_chrm01_circ_1041879	NP_Ct_r01_2018_06_26_L001	84	5	1	0	1
HAMBI_0403_chrm01_circ_1048627	NP_Ct_r01_2018_06_26_L001	57	49	1	0	1
HAMBI_0403_chrm01_circ_1087633	NP_Ct_r01_2018_06_26_L001	90	4	1	0	1
HAMBI_0403_chrm01_circ_1089569	NP_Ct_r01_2018_06_26_L001	89	6	1	0	1
HAMBI_0403_chrm01_circ_1179102	NP_Ct_r01_2018_06_26_L001	98	3	1	0	1
HAMBI_0403_chrm01_circ_1204312	NP_Ct_r01_2018_06_26_L001	90	7	1	0	1
HAMBI_0403_chrm01_circ_1208537	NP_Ct_r01_2018_06_26_L001	120	0	1	0	1
HAMBI_0403_chrm01_circ_1220169	NP_Ct_r01_2018_06_26_L001	97	3	1	0	1
HAMBI_0403_chrm01_circ_1269396	NP_Ct_r01_2018_06_26_L001	96	16	1	0	1
HAMBI_0403_chrm01_circ_1274492	NP_Ct_r01_2018_06_26_L001	90	2	1	0	1
HAMBI_0403_chrm01_circ_1276454	NP_Ct_r01_2018_06_26_L001	131	1	1	0	1
HAMBI_0403_chrm01_circ_1331081	NP_Ct_r01_2018_06_26_L001	21	66	1	0	1
HAMBI_0403_chrm01_circ_1381129	NP_Ct_r01_2018_06_26_L001	97	0	1	0	1
HAMBI_0403_chrm01_circ_140925	NP_Ct_r01_2018_06_26_L001	66	36	1	0	1
HAMBI_0403_chrm01_circ_1432433	NP_Ct_r01_2018_06_26_L001	104	7	1	0	1
HAMBI_0403_chrm01_circ_1433097	NP_Ct_r01_2018_06_26_L001	57	32	1	0	1
HAMBI_0403_chrm01_circ_1508043	NP_Ct_r01_2018_06_26_L001	69	60	1	0	1
HAMBI_0403_chrm01_circ_1512989	NP_Ct_r01_2018_06_26_L001	97	1	1	0	1
HAMBI_0403_chrm01_circ_1521289	NP_Ct_r01_2018_06_26_L001	55	53	1	0	1
HAMBI_0403_chrm01_circ_1531856	NP_Ct_r01_2018_06_26_L001	79	2	1	0	1
HAMBI_0403_chrm01_circ_156034	NP_Ct_r01_2018_06_26_L001	48	69	1	0	1
HAMBI_0403_chrm01_circ_1584852	NP_Ct_r01_2018_06_26_L001	90	2	1	0	1
HAMBI_0403_chrm01_circ_1588427	NP_Ct_r01_2018_06_26_L001	114	2	1	0	1
HAMBI_0403_chrm01_circ_162518	NP_Ct_r01_2018_06_26_L001	98	0	1	0	1
HAMBI_0403_chrm01_circ_1631016	NP_Ct_r01_2018_06_26_L001	87	0	1	0	1
HAMBI_0403_chrm01_circ_1655504	NP_Ct_r01_2018_06_26_L001	88	2	1	0	1
HAMBI_0403_chrm01_circ_1680554	NP_Ct_r01_2018_06_26_L001	89	11	1	0	1
HAMBI_0403_chrm01_circ_1684934	NP_Ct_r01_2018_06_26_L001	122	0	1	0	1
HAMBI_0403_chrm01_circ_1748339	NP_Ct_r01_2018_06_26_L001	55	35	1	0	1
HAMBI_0403_chrm01_circ_1825191	NP_Ct_r01_2018_06_26_L001	103	1	1	0	1
HAMBI_0403_chrm01_circ_1831193	NP_Ct_r01_2018_06_26_L001	121	6	1	0	1
HAMBI_0403_chrm01_circ_1964254	NP_Ct_r01_2018_06_26_L001	92	1	1	0	1
HAMBI_0403_chrm01_circ_19727	NP_Ct_r01_2018_06_26_L001	71	4	1	0	1
HAMBI_0403_chrm01_circ_1985537	NP_Ct_r01_2018_06_26_L001	77	0	1	0	1
HAMBI_0403_chrm01_circ_1990830	NP_Ct_r01_2018_06_26_L001	76	7	1	0	1
HAMBI_0403_chrm01_circ_2035209	NP_Ct_r01_2018_06_26_L001	95	0	1	0	1
HAMBI_0403_chrm01_circ_2070393	NP_Ct_r01_2018_06_26_L001	94	1	1	0	1
HAMBI_0403_chrm01_circ_2085642	NP_Ct_r01_2018_06_26_L001	114	7	1	0	1
HAMBI_0403_chrm01_circ_2164967	NP_Ct_r01_2018_06_26_L001	111	11	1	0	1
HAMBI_0403_chrm01_circ_2170475	NP_Ct_r01_2018_06_26_L001	113	6	1	0	1
HAMBI_0403_chrm01_circ_2183342	NP_Ct_r01_2018_06_26_L001	92	5	1	0	1
HAMBI_0403_chrm01_circ_2210141	NP_Ct_r01_2018_06_26_L001	126	0	1	0	1
HAMBI_0403_chrm01_circ_2247210	NP_Ct_r01_2018_06_26_L001	95	3	1	0	1
HAMBI_0403_chrm01_circ_2263832	NP_Ct_r01_2018_06_26_L001	97	8	1	0	1
HAMBI_0403_chrm01_circ_2264970	NP_Ct_r01_2018_06_26_L001	39	26	1	0	1
HAMBI_0403_chrm01_circ_2275854	NP_Ct_r01_2018_06_26_L001	91	1	1	0	1
HAMBI_0403_chrm01_circ_2288765	NP_Ct_r01_2018_06_26_L001	114	0	1	0	1
HAMBI_0403_chrm01_circ_2298099	NP_Ct_r01_2018_06_26_L001	62	58	1	0	1
HAMBI_0403_chrm01_circ_2303297	NP_Ct_r01_2018_06_26_L001	45	27	1	0	1
HAMBI_0403_chrm01_circ_2354987	NP_Ct_r01_2018_06_26_L001	113	2	1	0	1
HAMBI_0403_chrm01_circ_2357485	NP_Ct_r01_2018_06_26_L001	125	2	1	0	1
HAMBI_0403_chrm01_circ_2399050	NP_Ct_r01_2018_06_26_L001	103	5	1	0	1
HAMBI_0403_chrm01_circ_2399143	NP_Ct_r01_2018_06_26_L001	86	1	1	0	1
HAMBI_0403_chrm01_circ_2399712	NP_Ct_r01_2018_06_26_L001	105	3	1	0	1
HAMBI_0403_chrm01_circ_2400679	NP_Ct_r01_2018_06_26_L001	93	11	1	0	1
HAMBI_0403_chrm01_circ_2406988	NP_Ct_r01_2018_06_26_L001	86	11	1	0	1
HAMBI_0403_chrm01_circ_245301	NP_Ct_r01_2018_06_26_L001	129	3	1	0	1
HAMBI_0403_chrm01_circ_2464548	NP_Ct_r01_2018_06_26_L001	93	7	1	0	1
HAMBI_0403_chrm01_circ_2494812	NP_Ct_r01_2018_06_26_L001	107	11	1	0	1
HAMBI_0403_chrm01_circ_2511562	NP_Ct_r01_2018_06_26_L001	80	7	1	0	1
HAMBI_0403_chrm01_circ_2556378	NP_Ct_r01_2018_06_26_L001	88	9	1	0	1
HAMBI_0403_chrm01_circ_2575375	NP_Ct_r01_2018_06_26_L001	79	8	1	0	1
HAMBI_0403_chrm01_circ_2610889	NP_Ct_r01_2018_06_26_L001	56	48	1	0	1
HAMBI_0403_chrm01_circ_264598	NP_Ct_r01_2018_06_26_L001	126	0	1	0	1
HAMBI_0403_chrm01_circ_2695541	NP_Ct_r01_2018_06_26_L001	79	8	1	0	1
HAMBI_0403_chrm01_circ_2742453	NP_Ct_r01_2018_06_26_L001	84	9	1	0	1
HAMBI_0403_chrm01_circ_2835885	NP_Ct_r01_2018_06_26_L001	66	2	1	0	1
HAMBI_0403_chrm01_circ_283781	NP_Ct_r01_2018_06_26_L001	78	1	1	0	1
HAMBI_0403_chrm01_circ_2845191	NP_Ct_r01_2018_06_26_L001	47	27	1	0	1
HAMBI_0403_chrm01_circ_2869812	NP_Ct_r01_2018_06_26_L001	35	27	1	0	1
HAMBI_0403_chrm01_circ_2883870	NP_Ct_r01_2018_06_26_L001	52	69	1	0	1
HAMBI_0403_chrm01_circ_2925854	NP_Ct_r01_2018_06_26_L001	67	2	1	0	1
HAMBI_0403_chrm01_circ_2975196	NP_Ct_r01_2018_06_26_L001	73	0	1	0	1
HAMBI_0403_chrm01_circ_2998776	NP_Ct_r01_2018_06_26_L001	98	4	1	0	1
HAMBI_0403_chrm01_circ_3000465	NP_Ct_r01_2018_06_26_L001	119	7	1	0	1
HAMBI_0403_chrm01_circ_3006282	NP_Ct_r01_2018_06_26_L001	73	46	1	0	1
HAMBI_0403_chrm01_circ_3028838	NP_Ct_r01_2018_06_26_L001	89	4	1	0	1
HAMBI_0403_chrm01_circ_3031198	NP_Ct_r01_2018_06_26_L001	94	2	1	0	1
HAMBI_0403_chrm01_circ_3060179	NP_Ct_r01_2018_06_26_L001	109	5	1	0	1
HAMBI_0403_chrm01_circ_3083534	NP_Ct_r01_2018_06_26_L001	95	0	1	0	1
HAMBI_0403_chrm01_circ_3087289	NP_Ct_r01_2018_06_26_L001	88	0	1	0	1
HAMBI_0403_chrm01_circ_3103731	NP_Ct_r01_2018_06_26_L001	75	0	1	0	1
HAMBI_0403_chrm01_circ_3117371	NP_Ct_r01_2018_06_26_L001	37	42	1	0	1
HAMBI_0403_chrm01_circ_3143395	NP_Ct_r01_2018_06_26_L001	39	37	1	0	1
HAMBI_0403_chrm01_circ_3150420	NP_Ct_r01_2018_06_26_L001	61	54	1	0	1
HAMBI_0403_chrm01_circ_3171763	NP_Ct_r01_2018_06_26_L001	131	8	1	0	1
HAMBI_0403_chrm01_circ_3178892	NP_Ct_r01_2018_06_26_L001	84	4	1	0	1
HAMBI_0403_chrm01_circ_3183496	NP_Ct_r01_2018_06_26_L001	88	11	1	0	1
HAMBI_0403_chrm01_circ_3202926	NP_Ct_r01_2018_06_26_L001	44	79	1	0	1
HAMBI_0403_chrm01_circ_3206418	NP_Ct_r01_2018_06_26_L001	33	71	1	0	1
HAMBI_0403_chrm01_circ_3236488	NP_Ct_r01_2018_06_26_L001	71	49	1	0	1
HAMBI_0403_chrm01_circ_3316564	NP_Ct_r01_2018_06_26_L001	60	44	1	0	1
HAMBI_0403_chrm01_circ_3319670	NP_Ct_r01_2018_06_26_L001	101	1	1	0	1
HAMBI_0403_chrm01_circ_3321404	NP_Ct_r01_2018_06_26_L001	47	56	1	0	1
HAMBI_0403_chrm01_circ_3322346	NP_Ct_r01_2018_06_26_L001	54	61	1	0	1
HAMBI_0403_chrm01_circ_3348412	NP_Ct_r01_2018_06_26_L001	119	1	1	0	1
HAMBI_0403_chrm01_circ_3430586	NP_Ct_r01_2018_06_26_L001	87	1	1	0	1
HAMBI_0403_chrm01_circ_3430600	NP_Ct_r01_2018_06_26_L001	67	6	1	0	1
HAMBI_0403_chrm01_circ_3514428	NP_Ct_r01_2018_06_26_L001	134	3	1	0	1
HAMBI_0403_chrm01_circ_3521312	NP_Ct_r01_2018_06_26_L001	124	7	1	0	1
HAMBI_0403_chrm01_circ_3543589	NP_Ct_r01_2018_06_26_L001	140	11	1	0	1
HAMBI_0403_chrm01_circ_3553466	NP_Ct_r01_2018_06_26_L001	110	8	1	0	1
HAMBI_0403_chrm01_circ_3578564	NP_Ct_r01_2018_06_26_L001	46	32	1	0	1
HAMBI_0403_chrm01_circ_3583051	NP_Ct_r01_2018_06_26_L001	110	0	1	0	1
HAMBI_0403_chrm01_circ_3598998	NP_Ct_r01_2018_06_26_L001	96	2	1	0	1
HAMBI_0403_chrm01_circ_3617983	NP_Ct_r01_2018_06_26_L001	41	21	1	0	1
HAMBI_0403_chrm01_circ_3618655	NP_Ct_r01_2018_06_26_L001	64	4	1	0	1
HAMBI_0403_chrm01_circ_362760	NP_Ct_r01_2018_06_26_L001	102	0	1	0	1
HAMBI_0403_chrm01_circ_363853	NP_Ct_r01_2018_06_26_L001	126	4	1	0	1
HAMBI_0403_chrm01_circ_370267	NP_Ct_r01_2018_06_26_L001	86	13	1	0	1
HAMBI_0403_chrm01_circ_3702984	NP_Ct_r01_2018_06_26_L001	66	32	1	0	1
HAMBI_0403_chrm01_circ_3715513	NP_Ct_r01_2018_06_26_L001	37	30	1	0	1
HAMBI_0403_chrm01_circ_3746085	NP_Ct_r01_2018_06_26_L001	73	0	1	0	1
HAMBI_0403_chrm01_circ_3784310	NP_Ct_r01_2018_06_26_L001	92	3	1	0	1
HAMBI_0403_chrm01_circ_3807928	NP_Ct_r01_2018_06_26_L001	24	62	1	0	1
HAMBI_0403_chrm01_circ_3826549	NP_Ct_r01_2018_06_26_L001	74	7	1	0	1
HAMBI_0403_chrm01_circ_3835502	NP_Ct_r01_2018_06_26_L001	89	10	1	0	1
HAMBI_0403_chrm01_circ_3866040	NP_Ct_r01_2018_06_26_L001	118	5	1	0	1
HAMBI_0403_chrm01_circ_3903420	NP_Ct_r01_2018_06_26_L001	116	1	1	0	1
HAMBI_0403_chrm01_circ_3910409	NP_Ct_r01_2018_06_26_L001	56	31	1	0	1
HAMBI_0403_chrm01_circ_3910572	NP_Ct_r01_2018_06_26_L001	91	5	1	0	1
HAMBI_0403_chrm01_circ_3937432	NP_Ct_r01_2018_06_26_L001	85	4	1	0	1
HAMBI_0403_chrm01_circ_4039075	NP_Ct_r01_2018_06_26_L001	91	0	1	0	1
HAMBI_0403_chrm01_circ_4060726	NP_Ct_r01_2018_06_26_L001	45	48	1	0	1
HAMBI_0403_chrm01_circ_406220	NP_Ct_r01_2018_06_26_L001	38	90	1	0	1
HAMBI_0403_chrm01_circ_4062981	NP_Ct_r01_2018_06_26_L001	95	8	1	0	1
HAMBI_0403_chrm01_circ_4074693	NP_Ct_r01_2018_06_26_L001	125	0	1	0	1
HAMBI_0403_chrm01_circ_4148379	NP_Ct_r01_2018_06_26_L001	84	4	1	0	1
HAMBI_0403_chrm01_circ_4152035	NP_Ct_r01_2018_06_26_L001	53	44	1	0	1
HAMBI_0403_chrm01_circ_417322	NP_Ct_r01_2018_06_26_L001	103	3	1	0	1
HAMBI_0403_chrm01_circ_4206117	NP_Ct_r01_2018_06_26_L001	134	1	1	0	1
HAMBI_0403_chrm01_circ_4214195	NP_Ct_r01_2018_06_26_L001	59	34	1	0	1
HAMBI_0403_chrm01_circ_4217616	NP_Ct_r01_2018_06_26_L001	55	49	1	0	1
HAMBI_0403_chrm01_circ_42377	NP_Ct_r01_2018_06_26_L001	103	3	1	0	1
HAMBI_0403_chrm01_circ_4269316	NP_Ct_r01_2018_06_26_L001	64	90	1	0	1
HAMBI_0403_chrm01_circ_4274685	NP_Ct_r01_2018_06_26_L001	71	0	1	0	1
HAMBI_0403_chrm01_circ_4285286	NP_Ct_r01_2018_06_26_L001	94	10	1	0	1
HAMBI_0403_chrm01_circ_4287997	NP_Ct_r01_2018_06_26_L001	92	4	1	0	1
HAMBI_0403_chrm01_circ_4388411	NP_Ct_r01_2018_06_26_L001	64	29	1	0	1
HAMBI_0403_chrm01_circ_4410252	NP_Ct_r01_2018_06_26_L001	80	7	1	0	1
HAMBI_0403_chrm01_circ_4439367	NP_Ct_r01_2018_06_26_L001	79	6	1	0	1
HAMBI_0403_chrm01_circ_444757	NP_Ct_r01_2018_06_26_L001	24	78	1	0	1
HAMBI_0403_chrm01_circ_4507219	NP_Ct_r01_2018_06_26_L001	111	7	1	0	1
HAMBI_0403_chrm01_circ_4557583	NP_Ct_r01_2018_06_26_L001	104	0	1	0	1
HAMBI_0403_chrm01_circ_4569372	NP_Ct_r01_2018_06_26_L001	90	2	1	0	1
HAMBI_0403_chrm01_circ_4582948	NP_Ct_r01_2018_06_26_L001	99	1	1	0	1
HAMBI_0403_chrm01_circ_4600184	NP_Ct_r01_2018_06_26_L001	102	5	1	0	1
HAMBI_0403_chrm01_circ_4618691	NP_Ct_r01_2018_06_26_L001	143	3	1	0	1
HAMBI_0403_chrm01_circ_4623649	NP_Ct_r01_2018_06_26_L001	88	2	1	0	1
HAMBI_0403_chrm01_circ_464021	NP_Ct_r01_2018_06_26_L001	43	45	1	0	1
HAMBI_0403_chrm01_circ_4743728	NP_Ct_r01_2018_06_26_L001	94	13	1	0	1
HAMBI_0403_chrm01_circ_4765035	NP_Ct_r01_2018_06_26_L001	98	10	1	0	1
HAMBI_0403_chrm01_circ_4781295	NP_Ct_r01_2018_06_26_L001	93	0	1	0	1
HAMBI_0403_chrm01_circ_4792521	NP_Ct_r01_2018_06_26_L001	100	11	1	0	1
HAMBI_0403_chrm01_circ_4799691	NP_Ct_r01_2018_06_26_L001	133	2	1	0	1
HAMBI_0403_chrm01_circ_4809883	NP_Ct_r01_2018_06_26_L001	61	50	1	0	1
HAMBI_0403_chrm01_circ_4855117	NP_Ct_r01_2018_06_26_L001	120	0	1	0	1
HAMBI_0403_chrm01_circ_4857021	NP_Ct_r01_2018_06_26_L001	96	4	1	0	1
HAMBI_0403_chrm01_circ_487954	NP_Ct_r01_2018_06_26_L001	101	1	1	0	1
HAMBI_0403_chrm01_circ_4888902	NP_Ct_r01_2018_06_26_L001	84	6	1	0	1
HAMBI_0403_chrm01_circ_4916373	NP_Ct_r01_2018_06_26_L001	92	3	1	0	1
HAMBI_0403_chrm01_circ_4972460	NP_Ct_r01_2018_06_26_L001	69	8	1	0	1
HAMBI_0403_chrm01_circ_5014718	NP_Ct_r01_2018_06_26_L001	46	50	1	0	1
HAMBI_0403_chrm01_circ_5042624	NP_Ct_r01_2018_06_26_L001	50	48	1	0	1
HAMBI_0403_chrm01_circ_5045700	NP_Ct_r01_2018_06_26_L001	81	4	1	0	1
HAMBI_0403_chrm01_circ_5060740	NP_Ct_r01_2018_06_26_L001	95	1	1	0	1
HAMBI_0403_chrm01_circ_5083897	NP_Ct_r01_2018_06_26_L001	52	23	1	0	1
HAMBI_0403_chrm01_circ_5114950	NP_Ct_r01_2018_06_26_L001	28	73	1	0	1
HAMBI_0403_chrm01_circ_5136938	NP_Ct_r01_2018_06_26_L001	135	4	1	0	1
HAMBI_0403_chrm01_circ_5158099	NP_Ct_r01_2018_06_26_L001	45	38	1	0	1
HAMBI_0403_chrm01_circ_5175068	NP_Ct_r01_2018_06_26_L001	88	4	1	0	1
HAMBI_0403_chrm01_circ_5179281	NP_Ct_r01_2018_06_26_L001	117	1	1	0	1
HAMBI_0403_chrm01_circ_5192590	NP_Ct_r01_2018_06_26_L001	97	4	1	0	1
HAMBI_0403_chrm01_circ_5198526	NP_Ct_r01_2018_06_26_L001	93	1	1	0	1
HAMBI_0403_chrm01_circ_52227	NP_Ct_r01_2018_06_26_L001	95	6	1	0	1
HAMBI_0403_chrm01_circ_5239272	NP_Ct_r01_2018_06_26_L001	77	4	1	0	1
HAMBI_0403_chrm01_circ_5247950	NP_Ct_r01_2018_06_26_L001	123	0	1	0	1
HAMBI_0403_chrm01_circ_5261930	NP_Ct_r01_2018_06_26_L001	107	6	1	0	1
HAMBI_0403_chrm01_circ_5274030	NP_Ct_r01_2018_06_26_L001	132	0	1	0	1
HAMBI_0403_chrm01_circ_5311213	NP_Ct_r01_2018_06_26_L001	86	1	1	0	1
HAMBI_0403_chrm01_circ_5334246	NP_Ct_r01_2018_06_26_L001	135	7	1	0	1
HAMBI_0403_chrm01_circ_5359752	NP_Ct_r01_2018_06_26_L001	103	11	1	0	1
HAMBI_0403_chrm01_circ_5375036	NP_Ct_r01_2018_06_26_L001	127	8	1	0	1
HAMBI_0403_chrm01_circ_538733	NP_Ct_r01_2018_06_26_L001	65	2	1	0	1
HAMBI_0403_chrm01_circ_5398637	NP_Ct_r01_2018_06_26_L001	96	8	1	0	1
HAMBI_0403_chrm01_circ_5452296	NP_Ct_r01_2018_06_26_L001	63	71	1	0	1
HAMBI_0403_chrm01_circ_5488740	NP_Ct_r01_2018_06_26_L001	123	2	1	0	1
HAMBI_0403_chrm01_circ_5582102	NP_Ct_r01_2018_06_26_L001	57	52	1	0	1
HAMBI_0403_chrm01_circ_5582190	NP_Ct_r01_2018_06_26_L001	91	7	1	0	1
HAMBI_0403_chrm01_circ_5582265	NP_Ct_r01_2018_06_26_L001	78	12	1	0	1
HAMBI_0403_chrm01_circ_5604584	NP_Ct_r01_2018_06_26_L001	76	3	1	0	1
HAMBI_0403_chrm01_circ_5614022	NP_Ct_r01_2018_06_26_L001	94	3	1	0	1
HAMBI_0403_chrm01_circ_5638719	NP_Ct_r01_2018_06_26_L001	113	4	1	0	1
HAMBI_0403_chrm01_circ_5644341	NP_Ct_r01_2018_06_26_L001	59	55	1	0	1
HAMBI_0403_chrm01_circ_5691225	NP_Ct_r01_2018_06_26_L001	119	0	1	0	1
HAMBI_0403_chrm01_circ_5709378	NP_Ct_r01_2018_06_26_L001	47	34	1	0	1
HAMBI_0403_chrm01_circ_5714954	NP_Ct_r01_2018_06_26_L001	54	27	1	0	1
HAMBI_0403_chrm01_circ_5730629	NP_Ct_r01_2018_06_26_L001	89	10	1	0	1
HAMBI_0403_chrm01_circ_5738403	NP_Ct_r01_2018_06_26_L001	87	3	1	0	1
HAMBI_0403_chrm01_circ_606028	NP_Ct_r01_2018_06_26_L001	70	0	1	0	1
HAMBI_0403_chrm01_circ_613689	NP_Ct_r01_2018_06_26_L001	41	71	1	0	1
HAMBI_0403_chrm01_circ_616293	NP_Ct_r01_2018_06_26_L001	96	3	1	0	1
HAMBI_0403_chrm01_circ_637391	NP_Ct_r01_2018_06_26_L001	47	57	1	0	1
HAMBI_0403_chrm01_circ_671146	NP_Ct_r01_2018_06_26_L001	113	2	1	0	1
HAMBI_0403_chrm01_circ_684931	NP_Ct_r01_2018_06_26_L001	18	7	1	0	1
HAMBI_0403_chrm01_circ_748850	NP_Ct_r01_2018_06_26_L001	110	3	1	0	1
HAMBI_0403_chrm01_circ_753790	NP_Ct_r01_2018_06_26_L001	97	0	1	0	1
HAMBI_0403_chrm01_circ_788892	NP_Ct_r01_2018_06_26_L001	59	1	1	0	1
HAMBI_0403_chrm01_circ_831854	NP_Ct_r01_2018_06_26_L001	87	14	1	0	1
HAMBI_0403_chrm01_circ_832539	NP_Ct_r01_2018_06_26_L001	57	18	1	0	1
HAMBI_0403_chrm01_circ_842503	NP_Ct_r01_2018_06_26_L001	101	3	1	0	1
HAMBI_0403_chrm01_circ_848535	NP_Ct_r01_2018_06_26_L001	123	2	1	0	1
HAMBI_0403_chrm01_circ_883423	NP_Ct_r01_2018_06_26_L001	106	4	1	0	1
HAMBI_0403_chrm01_circ_906766	NP_Ct_r01_2018_06_26_L001	82	4	1	0	1
HAMBI_0403_chrm01_circ_916431	NP_Ct_r01_2018_06_26_L001	112	6	1	0	1
HAMBI_0403_chrm01_circ_945635	NP_Ct_r01_2018_06_26_L001	65	47	1	0	1
HAMBI_0403_chrm01_circ_957655	NP_Ct_r01_2018_06_26_L001	52	61	1	0	1
HAMBI_0403_chrm01_circ_957797	NP_Ct_r01_2018_06_26_L001	82	22	1	0	1
HAMBI_0403_chrm01_circ_957871	NP_Ct_r01_2018_06_26_L001	86	3	1	0	1
HAMBI_0403_chrm01_circ_958022	NP_Ct_r01_2018_06_26_L001	106	2	1	0	1
HAMBI_0403_chrm01_circ_958598	NP_Ct_r01_2018_06_26_L001	89	11	1	0	1
HAMBI_0403_chrm01_circ_958829	NP_Ct_r01_2018_06_26_L001	93	2	1	0	1
HAMBI_0403_chrm01_circ_958923	NP_Ct_r01_2018_06_26_L001	102	7	1	0	1
HAMBI_0403_chrm01_circ_966980	NP_Ct_r01_2018_06_26_L001	106	12	1	0	1
HAMBI_0403_plas01_circ_27065	NP_Ct_r01_2018_06_26_L001	210	4	1	0	1
HAMBI_0403_plas01_circ_34644	NP_Ct_r01_2018_06_26_L001	208	0	1	0	1
HAMBI_0403_chrm01_circ_1041879	NP_Ct_r01_2018_07_24_L001	59	10	1	0	1
HAMBI_0403_chrm01_circ_1048627	NP_Ct_r01_2018_07_24_L001	41	27	1	0	1
HAMBI_0403_chrm01_circ_1087633	NP_Ct_r01_2018_07_24_L001	54	5	1	0	1
HAMBI_0403_chrm01_circ_1089569	NP_Ct_r01_2018_07_24_L001	48	13	1	0	1
HAMBI_0403_chrm01_circ_1179102	NP_Ct_r01_2018_07_24_L001	70	9	1	0	1
HAMBI_0403_chrm01_circ_1204312	NP_Ct_r01_2018_07_24_L001	73	9	1	0	1
HAMBI_0403_chrm01_circ_1208537	NP_Ct_r01_2018_07_24_L001	88	2	1	0	1
HAMBI_0403_chrm01_circ_1220169	NP_Ct_r01_2018_07_24_L001	64	2	1	0	1
HAMBI_0403_chrm01_circ_1269396	NP_Ct_r01_2018_07_24_L001	62	23	1	0	1
HAMBI_0403_chrm01_circ_1274492	NP_Ct_r01_2018_07_24_L001	66	2	1	0	1
HAMBI_0403_chrm01_circ_1276454	NP_Ct_r01_2018_07_24_L001	99	9	1	0	1
HAMBI_0403_chrm01_circ_1331081	NP_Ct_r01_2018_07_24_L001	12	34	1	0	1
HAMBI_0403_chrm01_circ_1381129	NP_Ct_r01_2018_07_24_L001	87	0	1	0	1
HAMBI_0403_chrm01_circ_140925	NP_Ct_r01_2018_07_24_L001	59	33	1	0	1
HAMBI_0403_chrm01_circ_1432433	NP_Ct_r01_2018_07_24_L001	79	16	1	0	1
HAMBI_0403_chrm01_circ_1433097	NP_Ct_r01_2018_07_24_L001	64	26	1	0	1
HAMBI_0403_chrm01_circ_1508043	NP_Ct_r01_2018_07_24_L001	64	28	1	0	1
HAMBI_0403_chrm01_circ_1512989	NP_Ct_r01_2018_07_24_L001	83	5	1	0	1
HAMBI_0403_chrm01_circ_1521289	NP_Ct_r01_2018_07_24_L001	54	42	1	0	1
HAMBI_0403_chrm01_circ_1531856	NP_Ct_r01_2018_07_24_L001	70	3	1	0	1
HAMBI_0403_chrm01_circ_156034	NP_Ct_r01_2018_07_24_L001	32	44	1	0	1
HAMBI_0403_chrm01_circ_1584852	NP_Ct_r01_2018_07_24_L001	77	0	1	0	1
HAMBI_0403_chrm01_circ_1588427	NP_Ct_r01_2018_07_24_L001	80	2	1	0	1
HAMBI_0403_chrm01_circ_162518	NP_Ct_r01_2018_07_24_L001	64	0	1	0	1
HAMBI_0403_chrm01_circ_1631016	NP_Ct_r01_2018_07_24_L001	94	0	1	0	1
HAMBI_0403_chrm01_circ_1655504	NP_Ct_r01_2018_07_24_L001	78	3	1	0	1
HAMBI_0403_chrm01_circ_1680554	NP_Ct_r01_2018_07_24_L001	77	7	1	0	1
HAMBI_0403_chrm01_circ_1684934	NP_Ct_r01_2018_07_24_L001	72	3	1	0	1
HAMBI_0403_chrm01_circ_1748339	NP_Ct_r01_2018_07_24_L001	51	31	1	0	1
HAMBI_0403_chrm01_circ_1825191	NP_Ct_r01_2018_07_24_L001	101	7	1	0	1
HAMBI_0403_chrm01_circ_1831193	NP_Ct_r01_2018_07_24_L001	91	1	1	0	1
HAMBI_0403_chrm01_circ_1964254	NP_Ct_r01_2018_07_24_L001	64	2	1	0	1
HAMBI_0403_chrm01_circ_19727	NP_Ct_r01_2018_07_24_L001	82	5	1	0	1
HAMBI_0403_chrm01_circ_1985537	NP_Ct_r01_2018_07_24_L001	68	0	1	0	1
HAMBI_0403_chrm01_circ_1990830	NP_Ct_r01_2018_07_24_L001	61	4	1	0	1
HAMBI_0403_chrm01_circ_2035209	NP_Ct_r01_2018_07_24_L001	76	2	1	0	1
HAMBI_0403_chrm01_circ_2070393	NP_Ct_r01_2018_07_24_L001	54	1	1	0	1
HAMBI_0403_chrm01_circ_2085642	NP_Ct_r01_2018_07_24_L001	90	3	1	0	1
HAMBI_0403_chrm01_circ_2164967	NP_Ct_r01_2018_07_24_L001	67	11	1	0	1
HAMBI_0403_chrm01_circ_2170475	NP_Ct_r01_2018_07_24_L001	86	1	1	0	1
HAMBI_0403_chrm01_circ_2183342	NP_Ct_r01_2018_07_24_L001	68	2	1	0	1
HAMBI_0403_chrm01_circ_2210141	NP_Ct_r01_2018_07_24_L001	84	1	1	0	1
HAMBI_0403_chrm01_circ_2247210	NP_Ct_r01_2018_07_24_L001	79	8	1	0	1
HAMBI_0403_chrm01_circ_2263832	NP_Ct_r01_2018_07_24_L001	44	13	1	0	1
HAMBI_0403_chrm01_circ_2264970	NP_Ct_r01_2018_07_24_L001	41	13	1	0	1
HAMBI_0403_chrm01_circ_2275854	NP_Ct_r01_2018_07_24_L001	72	3	1	0	1
HAMBI_0403_chrm01_circ_2288765	NP_Ct_r01_2018_07_24_L001	75	0	1	0	1
HAMBI_0403_chrm01_circ_2298099	NP_Ct_r01_2018_07_24_L001	50	29	1	0	1
HAMBI_0403_chrm01_circ_2303297	NP_Ct_r01_2018_07_24_L001	35	20	1	0	1
HAMBI_0403_chrm01_circ_2354987	NP_Ct_r01_2018_07_24_L001	88	3	1	0	1
HAMBI_0403_chrm01_circ_2357485	NP_Ct_r01_2018_07_24_L001	87	1	1	0	1
HAMBI_0403_chrm01_circ_2399050	NP_Ct_r01_2018_07_24_L001	74	8	1	0	1
HAMBI_0403_chrm01_circ_2399143	NP_Ct_r01_2018_07_24_L001	77	4	1	0	1
HAMBI_0403_chrm01_circ_2399712	NP_Ct_r01_2018_07_24_L001	88	6	1	0	1
HAMBI_0403_chrm01_circ_2400679	NP_Ct_r01_2018_07_24_L001	82	8	1	0	1
HAMBI_0403_chrm01_circ_2406988	NP_Ct_r01_2018_07_24_L001	71	13	1	0	1
HAMBI_0403_chrm01_circ_245301	NP_Ct_r01_2018_07_24_L001	99	2	1	0	1
HAMBI_0403_chrm01_circ_2464548	NP_Ct_r01_2018_07_24_L001	97	1	1	0	1
HAMBI_0403_chrm01_circ_2494812	NP_Ct_r01_2018_07_24_L001	80	13	1	0	1
HAMBI_0403_chrm01_circ_2511562	NP_Ct_r01_2018_07_24_L001	61	9	1	0	1
HAMBI_0403_chrm01_circ_2556378	NP_Ct_r01_2018_07_24_L001	72	2	1	0	1
HAMBI_0403_chrm01_circ_2575375	NP_Ct_r01_2018_07_24_L001	60	10	1	0	1
HAMBI_0403_chrm01_circ_2610889	NP_Ct_r01_2018_07_24_L001	64	34	1	0	1
HAMBI_0403_chrm01_circ_264598	NP_Ct_r01_2018_07_24_L001	84	0	1	0	1
HAMBI_0403_chrm01_circ_2695541	NP_Ct_r01_2018_07_24_L001	65	5	1	0	1
HAMBI_0403_chrm01_circ_2742453	NP_Ct_r01_2018_07_24_L001	70	3	1	0	1
HAMBI_0403_chrm01_circ_2835885	NP_Ct_r01_2018_07_24_L001	64	10	1	0	1
HAMBI_0403_chrm01_circ_283781	NP_Ct_r01_2018_07_24_L001	80	0	1	0	1
HAMBI_0403_chrm01_circ_2845191	NP_Ct_r01_2018_07_24_L001	51	24	1	0	1
HAMBI_0403_chrm01_circ_2869812	NP_Ct_r01_2018_07_24_L001	31	24	1	0	1
HAMBI_0403_chrm01_circ_2883870	NP_Ct_r01_2018_07_24_L001	47	43	1	0	1
HAMBI_0403_chrm01_circ_2925854	NP_Ct_r01_2018_07_24_L001	48	1	1	0	1
HAMBI_0403_chrm01_circ_2975196	NP_Ct_r01_2018_07_24_L001	72	2	1	0	1
HAMBI_0403_chrm01_circ_2998776	NP_Ct_r01_2018_07_24_L001	67	3	1	0	1
HAMBI_0403_chrm01_circ_3000465	NP_Ct_r01_2018_07_24_L001	100	5	1	0	1
HAMBI_0403_chrm01_circ_3006282	NP_Ct_r01_2018_07_24_L001	64	25	1	0	1
HAMBI_0403_chrm01_circ_3028838	NP_Ct_r01_2018_07_24_L001	81	3	1	0	1
HAMBI_0403_chrm01_circ_3031198	NP_Ct_r01_2018_07_24_L001	62	3	1	0	1
HAMBI_0403_chrm01_circ_3060179	NP_Ct_r01_2018_07_24_L001	91	3	1	0	1
HAMBI_0403_chrm01_circ_3083534	NP_Ct_r01_2018_07_24_L001	104	0	1	0	1
HAMBI_0403_chrm01_circ_3087289	NP_Ct_r01_2018_07_24_L001	66	0	1	0	1
HAMBI_0403_chrm01_circ_3103731	NP_Ct_r01_2018_07_24_L001	63	5	1	0	1
HAMBI_0403_chrm01_circ_3117371	NP_Ct_r01_2018_07_24_L001	30	20	1	0	1
HAMBI_0403_chrm01_circ_3143395	NP_Ct_r01_2018_07_24_L001	67	24	1	0	1
HAMBI_0403_chrm01_circ_3150420	NP_Ct_r01_2018_07_24_L001	68	38	1	0	1
HAMBI_0403_chrm01_circ_3171763	NP_Ct_r01_2018_07_24_L001	76	16	1	0	1
HAMBI_0403_chrm01_circ_3178892	NP_Ct_r01_2018_07_24_L001	69	2	1	0	1
HAMBI_0403_chrm01_circ_3183496	NP_Ct_r01_2018_07_24_L001	74	10	1	0	1
HAMBI_0403_chrm01_circ_3202926	NP_Ct_r01_2018_07_24_L001	52	38	1	0	1
HAMBI_0403_chrm01_circ_3206418	NP_Ct_r01_2018_07_24_L001	25	66	1	0	1
HAMBI_0403_chrm01_circ_3236488	NP_Ct_r01_2018_07_24_L001	50	29	1	0	1
HAMBI_0403_chrm01_circ_3316564	NP_Ct_r01_2018_07_24_L001	52	31	1	0	1
HAMBI_0403_chrm01_circ_3319670	NP_Ct_r01_2018_07_24_L001	82	2	1	0	1
HAMBI_0403_chrm01_circ_3321404	NP_Ct_r01_2018_07_24_L001	39	46	1	0	1
HAMBI_0403_chrm01_circ_3322346	NP_Ct_r01_2018_07_24_L001	53	28	1	0	1
HAMBI_0403_chrm01_circ_3348412	NP_Ct_r01_2018_07_24_L001	103	5	1	0	1
HAMBI_0403_chrm01_circ_3430586	NP_Ct_r01_2018_07_24_L001	82	3	1	0	1
HAMBI_0403_chrm01_circ_3430600	NP_Ct_r01_2018_07_24_L001	73	7	1	0	1
HAMBI_0403_chrm01_circ_3514428	NP_Ct_r01_2018_07_24_L001	91	1	1	0	1
HAMBI_0403_chrm01_circ_3521312	NP_Ct_r01_2018_07_24_L001	86	13	1	0	1
HAMBI_0403_chrm01_circ_3543589	NP_Ct_r01_2018_07_24_L001	91	15	1	0	1
HAMBI_0403_chrm01_circ_3553466	NP_Ct_r01_2018_07_24_L001	93	13	1	0	1
HAMBI_0403_chrm01_circ_3578564	NP_Ct_r01_2018_07_24_L001	44	25	1	0	1
HAMBI_0403_chrm01_circ_3583051	NP_Ct_r01_2018_07_24_L001	75	0	1	0	1
HAMBI_0403_chrm01_circ_3598998	NP_Ct_r01_2018_07_24_L001	83	2	1	0	1
HAMBI_0403_chrm01_circ_3617983	NP_Ct_r01_2018_07_24_L001	39	20	1	0	1
HAMBI_0403_chrm01_circ_3618655	NP_Ct_r01_2018_07_24_L001	63	1	1	0	1
HAMBI_0403_chrm01_circ_362760	NP_Ct_r01_2018_07_24_L001	66	2	1	0	1
HAMBI_0403_chrm01_circ_363853	NP_Ct_r01_2018_07_24_L001	59	5	1	0	1
HAMBI_0403_chrm01_circ_370267	NP_Ct_r01_2018_07_24_L001	68	7	1	0	1
HAMBI_0403_chrm01_circ_3702984	NP_Ct_r01_2018_07_24_L001	42	20	1	0	1
HAMBI_0403_chrm01_circ_3715513	NP_Ct_r01_2018_07_24_L001	43	37	1	0	1
HAMBI_0403_chrm01_circ_3746085	NP_Ct_r01_2018_07_24_L001	56	4	1	0	1
HAMBI_0403_chrm01_circ_3784310	NP_Ct_r01_2018_07_24_L001	74	4	1	0	1
HAMBI_0403_chrm01_circ_3807928	NP_Ct_r01_2018_07_24_L001	24	57	1	0	1
HAMBI_0403_chrm01_circ_3826549	NP_Ct_r01_2018_07_24_L001	64	11	1	0	1
HAMBI_0403_chrm01_circ_3835502	NP_Ct_r01_2018_07_24_L001	62	3	1	0	1
HAMBI_0403_chrm01_circ_3866040	NP_Ct_r01_2018_07_24_L001	69	5	1	0	1
HAMBI_0403_chrm01_circ_3903420	NP_Ct_r01_2018_07_24_L001	106	3	1	0	1
HAMBI_0403_chrm01_circ_3910409	NP_Ct_r01_2018_07_24_L001	41	24	1	0	1
HAMBI_0403_chrm01_circ_3910572	NP_Ct_r01_2018_07_24_L001	75	20	1	0	1
HAMBI_0403_chrm01_circ_3937432	NP_Ct_r01_2018_07_24_L001	77	9	1	0	1
HAMBI_0403_chrm01_circ_4039075	NP_Ct_r01_2018_07_24_L001	91	0	1	0	1
HAMBI_0403_chrm01_circ_4060726	NP_Ct_r01_2018_07_24_L001	46	30	1	0	1
HAMBI_0403_chrm01_circ_406220	NP_Ct_r01_2018_07_24_L001	32	66	1	0	1
HAMBI_0403_chrm01_circ_4062981	NP_Ct_r01_2018_07_24_L001	46	8	1	0	1
HAMBI_0403_chrm01_circ_4074693	NP_Ct_r01_2018_07_24_L001	95	0	1	0	1
HAMBI_0403_chrm01_circ_4148379	NP_Ct_r01_2018_07_24_L001	78	6	1	0	1
HAMBI_0403_chrm01_circ_4152035	NP_Ct_r01_2018_07_24_L001	60	30	1	0	1
HAMBI_0403_chrm01_circ_417322	NP_Ct_r01_2018_07_24_L001	94	4	1	0	1
HAMBI_0403_chrm01_circ_4206117	NP_Ct_r01_2018_07_24_L001	97	6	1	0	1
HAMBI_0403_chrm01_circ_4214195	NP_Ct_r01_2018_07_24_L001	52	29	1	0	1
HAMBI_0403_chrm01_circ_4217616	NP_Ct_r01_2018_07_24_L001	67	41	1	0	1
HAMBI_0403_chrm01_circ_42377	NP_Ct_r01_2018_07_24_L001	81	2	1	0	1
HAMBI_0403_chrm01_circ_4269316	NP_Ct_r01_2018_07_24_L001	68	60	1	0	1
HAMBI_0403_chrm01_circ_4274685	NP_Ct_r01_2018_07_24_L001	54	0	1	0	1
HAMBI_0403_chrm01_circ_4285286	NP_Ct_r01_2018_07_24_L001	70	12	1	0	1
HAMBI_0403_chrm01_circ_4287997	NP_Ct_r01_2018_07_24_L001	66	6	1	0	1
HAMBI_0403_chrm01_circ_4388411	NP_Ct_r01_2018_07_24_L001	51	21	1	0	1
HAMBI_0403_chrm01_circ_4410252	NP_Ct_r01_2018_07_24_L001	64	9	1	0	1
HAMBI_0403_chrm01_circ_4439367	NP_Ct_r01_2018_07_24_L001	64	5	1	0	1
HAMBI_0403_chrm01_circ_444757	NP_Ct_r01_2018_07_24_L001	29	56	1	0	1
HAMBI_0403_chrm01_circ_4507219	NP_Ct_r01_2018_07_24_L001	68	13	1	0	1
HAMBI_0403_chrm01_circ_4557583	NP_Ct_r01_2018_07_24_L001	87	2	1	0	1
HAMBI_0403_chrm01_circ_4569372	NP_Ct_r01_2018_07_24_L001	51	3	1	0	1
HAMBI_0403_chrm01_circ_4582948	NP_Ct_r01_2018_07_24_L001	73	8	1	0	1
HAMBI_0403_chrm01_circ_4600184	NP_Ct_r01_2018_07_24_L001	54	2	1	0	1
HAMBI_0403_chrm01_circ_4618691	NP_Ct_r01_2018_07_24_L001	95	8	1	0	1
HAMBI_0403_chrm01_circ_4623649	NP_Ct_r01_2018_07_24_L001	74	4	1	0	1
HAMBI_0403_chrm01_circ_464021	NP_Ct_r01_2018_07_24_L001	30	38	1	0	1
HAMBI_0403_chrm01_circ_4743728	NP_Ct_r01_2018_07_24_L001	84	5	1	0	1
HAMBI_0403_chrm01_circ_4765035	NP_Ct_r01_2018_07_24_L001	81	5	1	0	1
HAMBI_0403_chrm01_circ_4781295	NP_Ct_r01_2018_07_24_L001	68	5	1	0	1
HAMBI_0403_chrm01_circ_4792521	NP_Ct_r01_2018_07_24_L001	74	8	1	0	1
HAMBI_0403_chrm01_circ_4799691	NP_Ct_r01_2018_07_24_L001	100	3	1	0	1
HAMBI_0403_chrm01_circ_4809883	NP_Ct_r01_2018_07_24_L001	60	36	1	0	1
HAMBI_0403_chrm01_circ_4855117	NP_Ct_r01_2018_07_24_L001	74	3	1	0	1
HAMBI_0403_chrm01_circ_4857021	NP_Ct_r01_2018_07_24_L001	69	2	1	0	1
HAMBI_0403_chrm01_circ_487954	NP_Ct_r01_2018_07_24_L001	69	0	1	0	1
HAMBI_0403_chrm01_circ_4888902	NP_Ct_r01_2018_07_24_L001	53	15	1	0	1
HAMBI_0403_chrm01_circ_4916373	NP_Ct_r01_2018_07_24_L001	67	4	1	0	1
HAMBI_0403_chrm01_circ_4972460	NP_Ct_r01_2018_07_24_L001	69	8	1	0	1
HAMBI_0403_chrm01_circ_5014718	NP_Ct_r01_2018_07_24_L001	37	39	1	0	1
HAMBI_0403_chrm01_circ_5042624	NP_Ct_r01_2018_07_24_L001	63	32	1	0	1
HAMBI_0403_chrm01_circ_5045700	NP_Ct_r01_2018_07_24_L001	89	6	1	0	1
HAMBI_0403_chrm01_circ_5060740	NP_Ct_r01_2018_07_24_L001	97	0	1	0	1
HAMBI_0403_chrm01_circ_5083897	NP_Ct_r01_2018_07_24_L001	51	29	1	0	1
HAMBI_0403_chrm01_circ_5114950	NP_Ct_r01_2018_07_24_L001	33	39	1	0	1
HAMBI_0403_chrm01_circ_5136938	NP_Ct_r01_2018_07_24_L001	94	6	1	0	1
HAMBI_0403_chrm01_circ_5158099	NP_Ct_r01_2018_07_24_L001	37	32	1	0	1
HAMBI_0403_chrm01_circ_5175068	NP_Ct_r01_2018_07_24_L001	73	3	1	0	1
HAMBI_0403_chrm01_circ_5179281	NP_Ct_r01_2018_07_24_L001	87	4	1	0	1
HAMBI_0403_chrm01_circ_5192590	NP_Ct_r01_2018_07_24_L001	85	1	1	0	1
HAMBI_0403_chrm01_circ_5198526	NP_Ct_r01_2018_07_24_L001	74	3	1	0	1
HAMBI_0403_chrm01_circ_52227	NP_Ct_r01_2018_07_24_L001	83	4	1	0	1
HAMBI_0403_chrm01_circ_5239272	NP_Ct_r01_2018_07_24_L001	62	2	1	0	1
HAMBI_0403_chrm01_circ_5247950	NP_Ct_r01_2018_07_24_L001	76	1	1	0	1
HAMBI_0403_chrm01_circ_5261930	NP_Ct_r01_2018_07_24_L001	86	4	1	0	1
HAMBI_0403_chrm01_circ_5274030	NP_Ct_r01_2018_07_24_L001	108	2	1	0	1
HAMBI_0403_chrm01_circ_5311213	NP_Ct_r01_2018_07_24_L001	80	2	1	0	1
HAMBI_0403_chrm01_circ_5334246	NP_Ct_r01_2018_07_24_L001	87	5	1	0	1
HAMBI_0403_chrm01_circ_5359752	NP_Ct_r01_2018_07_24_L001	63	9	1	0	1
HAMBI_0403_chrm01_circ_5375036	NP_Ct_r01_2018_07_24_L001	90	12	1	0	1
HAMBI_0403_chrm01_circ_538733	NP_Ct_r01_2018_07_24_L001	80	0	1	0	1
HAMBI_0403_chrm01_circ_5398637	NP_Ct_r01_2018_07_24_L001	66	4	1	0	1
HAMBI_0403_chrm01_circ_5452296	NP_Ct_r01_2018_07_24_L001	57	36	1	0	1
HAMBI_0403_chrm01_circ_5488740	NP_Ct_r01_2018_07_24_L001	91	5	1	0	1
HAMBI_0403_chrm01_circ_5582102	NP_Ct_r01_2018_07_24_L001	41	34	1	0	1
HAMBI_0403_chrm01_circ_5582190	NP_Ct_r01_2018_07_24_L001	68	7	1	0	1
HAMBI_0403_chrm01_circ_5582265	NP_Ct_r01_2018_07_24_L001	61	6	1	0	1
HAMBI_0403_chrm01_circ_5604584	NP_Ct_r01_2018_07_24_L001	72	6	1	0	1
HAMBI_0403_chrm01_circ_5614022	NP_Ct_r01_2018_07_24_L001	70	8	1	0	1
HAMBI_0403_chrm01_circ_5638719	NP_Ct_r01_2018_07_24_L001	75	3	1	0	1
HAMBI_0403_chrm01_circ_5644341	NP_Ct_r01_2018_07_24_L001	77	32	1	0	1
HAMBI_0403_chrm01_circ_5691225	NP_Ct_r01_2018_07_24_L001	87	0	1	0	1
HAMBI_0403_chrm01_circ_5709378	NP_Ct_r01_2018_07_24_L001	52	20	1	0	1
HAMBI_0403_chrm01_circ_5714954	NP_Ct_r01_2018_07_24_L001	48	28	1	0	1
HAMBI_0403_chrm01_circ_5730629	NP_Ct_r01_2018_07_24_L001	74	6	1	0	1
HAMBI_0403_chrm01_circ_5738403	NP_Ct_r01_2018_07_24_L001	72	4	1	0	1
HAMBI_0403_chrm01_circ_606028	NP_Ct_r01_2018_07_24_L001	71	1	1	0	1
HAMBI_0403_chrm01_circ_613689	NP_Ct_r01_2018_07_24_L001	38	65	1	0	1
HAMBI_0403_chrm01_circ_616293	NP_Ct_r01_2018_07_24_L001	76	2	1	0	1
HAMBI_0403_chrm01_circ_637391	NP_Ct_r01_2018_07_24_L001	54	40	1	0	1
HAMBI_0403_chrm01_circ_671146	NP_Ct_r01_2018_07_24_L001	57	0	1	0	1
HAMBI_0403_chrm01_circ_684931	NP_Ct_r01_2018_07_24_L001	15	9	1	0	1
HAMBI_0403_chrm01_circ_748850	NP_Ct_r01_2018_07_24_L001	86	5	1	0	1
HAMBI_0403_chrm01_circ_753790	NP_Ct_r01_2018_07_24_L001	95	0	1	0	1
HAMBI_0403_chrm01_circ_788892	NP_Ct_r01_2018_07_24_L001	54	1	1	0	1
HAMBI_0403_chrm01_circ_831854	NP_Ct_r01_2018_07_24_L001	64	1	1	0	1
HAMBI_0403_chrm01_circ_832539	NP_Ct_r01_2018_07_24_L001	37	19	1	0	1
HAMBI_0403_chrm01_circ_842503	NP_Ct_r01_2018_07_24_L001	79	5	1	0	1
HAMBI_0403_chrm01_circ_848535	NP_Ct_r01_2018_07_24_L001	94	4	1	0	1
HAMBI_0403_chrm01_circ_883423	NP_Ct_r01_2018_07_24_L001	91	9	1	0	1
HAMBI_0403_chrm01_circ_906766	NP_Ct_r01_2018_07_24_L001	72	1	1	0	1
HAMBI_0403_chrm01_circ_916431	NP_Ct_r01_2018_07_24_L001	75	1	1	0	1
HAMBI_0403_chrm01_circ_945635	NP_Ct_r01_2018_07_24_L001	52	24	1	0	1
HAMBI_0403_chrm01_circ_957655	NP_Ct_r01_2018_07_24_L001	50	30	1	0	1
HAMBI_0403_chrm01_circ_957797	NP_Ct_r01_2018_07_24_L001	73	25	1	0	1
HAMBI_0403_chrm01_circ_957871	NP_Ct_r01_2018_07_24_L001	89	0	1	0	1
HAMBI_0403_chrm01_circ_958022	NP_Ct_r01_2018_07_24_L001	59	5	1	0	1
HAMBI_0403_chrm01_circ_958598	NP_Ct_r01_2018_07_24_L001	82	15	1	0	1
HAMBI_0403_chrm01_circ_958829	NP_Ct_r01_2018_07_24_L001	83	5	1	0	1
HAMBI_0403_chrm01_circ_958923	NP_Ct_r01_2018_07_24_L001	98	7	1	0	1
HAMBI_0403_chrm01_circ_966980	NP_Ct_r01_2018_07_24_L001	74	9	1	0	1
HAMBI_0403_plas01_circ_27065	NP_Ct_r01_2018_07_24_L001	182	15	1	0	1
HAMBI_0403_plas01_circ_34644	NP_Ct_r01_2018_07_24_L001	181	0	1	0	1
HAMBI_0403_chrm01_circ_1041879	NP_Ct_r01_2018_08_21_L002	84	21	1	0	1
HAMBI_0403_chrm01_circ_1048627	NP_Ct_r01_2018_08_21_L002	67	44	1	0	1
HAMBI_0403_chrm01_circ_1087633	NP_Ct_r01_2018_08_21_L002	90	3	1	0	1
HAMBI_0403_chrm01_circ_1089569	NP_Ct_r01_2018_08_21_L002	76	23	1	0	1
HAMBI_0403_chrm01_circ_1179102	NP_Ct_r01_2018_08_21_L002	91	3	1	0	1
HAMBI_0403_chrm01_circ_1204312	NP_Ct_r01_2018_08_21_L002	111	3	1	0	1
HAMBI_0403_chrm01_circ_1208537	NP_Ct_r01_2018_08_21_L002	131	0	1	0	1
HAMBI_0403_chrm01_circ_1220169	NP_Ct_r01_2018_08_21_L002	89	3	1	0	1
HAMBI_0403_chrm01_circ_1269396	NP_Ct_r01_2018_08_21_L002	72	21	1	0	1
HAMBI_0403_chrm01_circ_1274492	NP_Ct_r01_2018_08_21_L002	83	1	1	0	1
HAMBI_0403_chrm01_circ_1276454	NP_Ct_r01_2018_08_21_L002	98	14	1	0	1
HAMBI_0403_chrm01_circ_1331081	NP_Ct_r01_2018_08_21_L002	9	74	1	0	1
HAMBI_0403_chrm01_circ_1381129	NP_Ct_r01_2018_08_21_L002	100	0	1	0	1
HAMBI_0403_chrm01_circ_140925	NP_Ct_r01_2018_08_21_L002	67	59	1	0	1
HAMBI_0403_chrm01_circ_1432433	NP_Ct_r01_2018_08_21_L002	106	20	1	0	1
HAMBI_0403_chrm01_circ_1433097	NP_Ct_r01_2018_08_21_L002	56	63	1	0	1
HAMBI_0403_chrm01_circ_1508043	NP_Ct_r01_2018_08_21_L002	49	51	1	0	1
HAMBI_0403_chrm01_circ_1512989	NP_Ct_r01_2018_08_21_L002	108	2	1	0	1
HAMBI_0403_chrm01_circ_1521289	NP_Ct_r01_2018_08_21_L002	34	70	1	0	1
HAMBI_0403_chrm01_circ_1531856	NP_Ct_r01_2018_08_21_L002	83	1	1	0	1
HAMBI_0403_chrm01_circ_156034	NP_Ct_r01_2018_08_21_L002	43	81	1	0	1
HAMBI_0403_chrm01_circ_1584852	NP_Ct_r01_2018_08_21_L002	91	0	1	0	1
HAMBI_0403_chrm01_circ_1588427	NP_Ct_r01_2018_08_21_L002	113	2	1	0	1
HAMBI_0403_chrm01_circ_162518	NP_Ct_r01_2018_08_21_L002	109	0	1	0	1
HAMBI_0403_chrm01_circ_1631016	NP_Ct_r01_2018_08_21_L002	91	0	1	0	1
HAMBI_0403_chrm01_circ_1655504	NP_Ct_r01_2018_08_21_L002	107	4	1	0	1
HAMBI_0403_chrm01_circ_1680554	NP_Ct_r01_2018_08_21_L002	88	22	1	0	1
HAMBI_0403_chrm01_circ_1684934	NP_Ct_r01_2018_08_21_L002	90	33	1	0	1
HAMBI_0403_chrm01_circ_1748339	NP_Ct_r01_2018_08_21_L002	67	50	1	0	1
HAMBI_0403_chrm01_circ_1825191	NP_Ct_r01_2018_08_21_L002	83	29	1	0	1
HAMBI_0403_chrm01_circ_1831193	NP_Ct_r01_2018_08_21_L002	90	0	1	0	1
HAMBI_0403_chrm01_circ_1964254	NP_Ct_r01_2018_08_21_L002	105	1	1	0	1
HAMBI_0403_chrm01_circ_19727	NP_Ct_r01_2018_08_21_L002	82	6	1	0	1
HAMBI_0403_chrm01_circ_1985537	NP_Ct_r01_2018_08_21_L002	75	11	1	0	1
HAMBI_0403_chrm01_circ_1990830	NP_Ct_r01_2018_08_21_L002	106	2	1	0	1
HAMBI_0403_chrm01_circ_2035209	NP_Ct_r01_2018_08_21_L002	111	1	1	0	1
HAMBI_0403_chrm01_circ_2070393	NP_Ct_r01_2018_08_21_L002	82	31	1	0	1
HAMBI_0403_chrm01_circ_2085642	NP_Ct_r01_2018_08_21_L002	97	7	1	0	1
HAMBI_0403_chrm01_circ_2164967	NP_Ct_r01_2018_08_21_L002	121	32	1	0	1
HAMBI_0403_chrm01_circ_2170475	NP_Ct_r01_2018_08_21_L002	117	4	1	0	1
HAMBI_0403_chrm01_circ_2183342	NP_Ct_r01_2018_08_21_L002	82	3	1	0	1
HAMBI_0403_chrm01_circ_2210141	NP_Ct_r01_2018_08_21_L002	123	0	1	0	1
HAMBI_0403_chrm01_circ_2247210	NP_Ct_r01_2018_08_21_L002	129	3	1	0	1
HAMBI_0403_chrm01_circ_2263832	NP_Ct_r01_2018_08_21_L002	69	10	1	0	1
HAMBI_0403_chrm01_circ_2264970	NP_Ct_r01_2018_08_21_L002	44	42	1	0	1
HAMBI_0403_chrm01_circ_2275854	NP_Ct_r01_2018_08_21_L002	100	2	1	0	1
HAMBI_0403_chrm01_circ_2288765	NP_Ct_r01_2018_08_21_L002	99	3	1	0	1
HAMBI_0403_chrm01_circ_2298099	NP_Ct_r01_2018_08_21_L002	51	51	1	0	1
HAMBI_0403_chrm01_circ_2303297	NP_Ct_r01_2018_08_21_L002	50	38	1	0	1
HAMBI_0403_chrm01_circ_2354987	NP_Ct_r01_2018_08_21_L002	118	0	1	0	1
HAMBI_0403_chrm01_circ_2357485	NP_Ct_r01_2018_08_21_L002	120	3	1	0	1
HAMBI_0403_chrm01_circ_2399050	NP_Ct_r01_2018_08_21_L002	90	6	1	0	1
HAMBI_0403_chrm01_circ_2399143	NP_Ct_r01_2018_08_21_L002	92	2	1	0	1
HAMBI_0403_chrm01_circ_2399712	NP_Ct_r01_2018_08_21_L002	102	1	1	0	1
HAMBI_0403_chrm01_circ_2400679	NP_Ct_r01_2018_08_21_L002	108	7	1	0	1
HAMBI_0403_chrm01_circ_2406988	NP_Ct_r01_2018_08_21_L002	80	25	1	0	1
HAMBI_0403_chrm01_circ_245301	NP_Ct_r01_2018_08_21_L002	120	8	1	0	1
HAMBI_0403_chrm01_circ_2464548	NP_Ct_r01_2018_08_21_L002	94	3	1	0	1
HAMBI_0403_chrm01_circ_2494812	NP_Ct_r01_2018_08_21_L002	78	11	1	0	1
HAMBI_0403_chrm01_circ_2511562	NP_Ct_r01_2018_08_21_L002	81	17	1	0	1
HAMBI_0403_chrm01_circ_2556378	NP_Ct_r01_2018_08_21_L002	117	1	1	0	1
HAMBI_0403_chrm01_circ_2575375	NP_Ct_r01_2018_08_21_L002	82	15	1	0	1
HAMBI_0403_chrm01_circ_2610889	NP_Ct_r01_2018_08_21_L002	42	49	1	0	1
HAMBI_0403_chrm01_circ_264598	NP_Ct_r01_2018_08_21_L002	105	1	1	0	1
HAMBI_0403_chrm01_circ_2695541	NP_Ct_r01_2018_08_21_L002	87	8	1	0	1
HAMBI_0403_chrm01_circ_2742453	NP_Ct_r01_2018_08_21_L002	96	4	1	0	1
HAMBI_0403_chrm01_circ_2835885	NP_Ct_r01_2018_08_21_L002	68	10	1	0	1
HAMBI_0403_chrm01_circ_283781	NP_Ct_r01_2018_08_21_L002	74	33	1	0	1
HAMBI_0403_chrm01_circ_2845191	NP_Ct_r01_2018_08_21_L002	61	41	1	0	1
HAMBI_0403_chrm01_circ_2869812	NP_Ct_r01_2018_08_21_L002	31	45	1	0	1
HAMBI_0403_chrm01_circ_2883870	NP_Ct_r01_2018_08_21_L002	42	67	1	0	1
HAMBI_0403_chrm01_circ_2925854	NP_Ct_r01_2018_08_21_L002	57	2	1	0	1
HAMBI_0403_chrm01_circ_2975196	NP_Ct_r01_2018_08_21_L002	87	0	1	0	1
HAMBI_0403_chrm01_circ_2998776	NP_Ct_r01_2018_08_21_L002	100	4	1	0	1
HAMBI_0403_chrm01_circ_3000465	NP_Ct_r01_2018_08_21_L002	136	2	1	0	1
HAMBI_0403_chrm01_circ_3006282	NP_Ct_r01_2018_08_21_L002	48	72	1	0	1
HAMBI_0403_chrm01_circ_3028838	NP_Ct_r01_2018_08_21_L002	109	2	1	0	1
HAMBI_0403_chrm01_circ_3031198	NP_Ct_r01_2018_08_21_L002	96	4	1	0	1
HAMBI_0403_chrm01_circ_3060179	NP_Ct_r01_2018_08_21_L002	112	5	1	0	1
HAMBI_0403_chrm01_circ_3083534	NP_Ct_r01_2018_08_21_L002	117	0	1	0	1
HAMBI_0403_chrm01_circ_3087289	NP_Ct_r01_2018_08_21_L002	109	0	1	0	1
HAMBI_0403_chrm01_circ_3103731	NP_Ct_r01_2018_08_21_L002	88	3	1	0	1
HAMBI_0403_chrm01_circ_3117371	NP_Ct_r01_2018_08_21_L002	14	62	1	0	1
HAMBI_0403_chrm01_circ_3143395	NP_Ct_r01_2018_08_21_L002	48	52	1	0	1
HAMBI_0403_chrm01_circ_3150420	NP_Ct_r01_2018_08_21_L002	46	37	1	0	1
HAMBI_0403_chrm01_circ_3171763	NP_Ct_r01_2018_08_21_L002	111	20	1	0	1
HAMBI_0403_chrm01_circ_3178892	NP_Ct_r01_2018_08_21_L002	108	8	1	0	1
HAMBI_0403_chrm01_circ_3183496	NP_Ct_r01_2018_08_21_L002	78	22	1	0	1
HAMBI_0403_chrm01_circ_3202926	NP_Ct_r01_2018_08_21_L002	27	86	1	0	1
HAMBI_0403_chrm01_circ_3206418	NP_Ct_r01_2018_08_21_L002	22	79	1	0	1
HAMBI_0403_chrm01_circ_3236488	NP_Ct_r01_2018_08_21_L002	49	53	1	0	1
HAMBI_0403_chrm01_circ_3316564	NP_Ct_r01_2018_08_21_L002	50	49	1	0	1
HAMBI_0403_chrm01_circ_3319670	NP_Ct_r01_2018_08_21_L002	54	34	1	0	1
HAMBI_0403_chrm01_circ_3321404	NP_Ct_r01_2018_08_21_L002	27	80	1	0	1
HAMBI_0403_chrm01_circ_3322346	NP_Ct_r01_2018_08_21_L002	43	74	1	0	1
HAMBI_0403_chrm01_circ_3348412	NP_Ct_r01_2018_08_21_L002	126	4	1	0	1
HAMBI_0403_chrm01_circ_3430586	NP_Ct_r01_2018_08_21_L002	108	7	1	0	1
HAMBI_0403_chrm01_circ_3430600	NP_Ct_r01_2018_08_21_L002	98	2	1	0	1
HAMBI_0403_chrm01_circ_3514428	NP_Ct_r01_2018_08_21_L002	126	3	1	0	1
HAMBI_0403_chrm01_circ_3521312	NP_Ct_r01_2018_08_21_L002	106	15	1	0	1
HAMBI_0403_chrm01_circ_3543589	NP_Ct_r01_2018_08_21_L002	107	19	1	0	1
HAMBI_0403_chrm01_circ_3553466	NP_Ct_r01_2018_08_21_L002	84	15	1	0	1
HAMBI_0403_chrm01_circ_3578564	NP_Ct_r01_2018_08_21_L002	48	48	1	0	1
HAMBI_0403_chrm01_circ_3583051	NP_Ct_r01_2018_08_21_L002	119	0	1	0	1
HAMBI_0403_chrm01_circ_3598998	NP_Ct_r01_2018_08_21_L002	100	5	1	0	1
HAMBI_0403_chrm01_circ_3617983	NP_Ct_r01_2018_08_21_L002	34	32	1	0	1
HAMBI_0403_chrm01_circ_3618655	NP_Ct_r01_2018_08_21_L002	94	5	1	0	1
HAMBI_0403_chrm01_circ_362760	NP_Ct_r01_2018_08_21_L002	111	6	1	0	1
HAMBI_0403_chrm01_circ_363853	NP_Ct_r01_2018_08_21_L002	131	4	1	0	1
HAMBI_0403_chrm01_circ_370267	NP_Ct_r01_2018_08_21_L002	88	17	1	0	1
HAMBI_0403_chrm01_circ_3702984	NP_Ct_r01_2018_08_21_L002	42	49	1	0	1
HAMBI_0403_chrm01_circ_3715513	NP_Ct_r01_2018_08_21_L002	34	90	1	0	1
HAMBI_0403_chrm01_circ_3746085	NP_Ct_r01_2018_08_21_L002	78	11	1	0	1
HAMBI_0403_chrm01_circ_3784310	NP_Ct_r01_2018_08_21_L002	103	5	1	0	1
HAMBI_0403_chrm01_circ_3807928	NP_Ct_r01_2018_08_21_L002	18	72	1	0	1
HAMBI_0403_chrm01_circ_3826549	NP_Ct_r01_2018_08_21_L002	89	19	1	0	1
HAMBI_0403_chrm01_circ_3835502	NP_Ct_r01_2018_08_21_L002	112	1	1	0	1
HAMBI_0403_chrm01_circ_3866040	NP_Ct_r01_2018_08_21_L002	87	29	1	0	1
HAMBI_0403_chrm01_circ_3903420	NP_Ct_r01_2018_08_21_L002	112	0	1	0	1
HAMBI_0403_chrm01_circ_3910409	NP_Ct_r01_2018_08_21_L002	46	49	1	0	1
HAMBI_0403_chrm01_circ_3910572	NP_Ct_r01_2018_08_21_L002	87	10	1	0	1
HAMBI_0403_chrm01_circ_3937432	NP_Ct_r01_2018_08_21_L002	84	16	1	0	1
HAMBI_0403_chrm01_circ_4039075	NP_Ct_r01_2018_08_21_L002	76	0	1	0	1
HAMBI_0403_chrm01_circ_4060726	NP_Ct_r01_2018_08_21_L002	48	65	1	0	1
HAMBI_0403_chrm01_circ_406220	NP_Ct_r01_2018_08_21_L002	26	91	1	0	1
HAMBI_0403_chrm01_circ_4062981	NP_Ct_r01_2018_08_21_L002	89	5	1	0	1
HAMBI_0403_chrm01_circ_4074693	NP_Ct_r01_2018_08_21_L002	125	0	1	0	1
HAMBI_0403_chrm01_circ_4148379	NP_Ct_r01_2018_08_21_L002	106	4	1	0	1
HAMBI_0403_chrm01_circ_4152035	NP_Ct_r01_2018_08_21_L002	50	59	1	0	1
HAMBI_0403_chrm01_circ_417322	NP_Ct_r01_2018_08_21_L002	106	2	1	0	1
HAMBI_0403_chrm01_circ_4206117	NP_Ct_r01_2018_08_21_L002	80	33	1	0	1
HAMBI_0403_chrm01_circ_4214195	NP_Ct_r01_2018_08_21_L002	58	67	1	0	1
HAMBI_0403_chrm01_circ_4217616	NP_Ct_r01_2018_08_21_L002	58	56	1	0	1
HAMBI_0403_chrm01_circ_42377	NP_Ct_r01_2018_08_21_L002	117	6	1	0	1
HAMBI_0403_chrm01_circ_4269316	NP_Ct_r01_2018_08_21_L002	49	62	1	0	1
HAMBI_0403_chrm01_circ_4274685	NP_Ct_r01_2018_08_21_L002	88	4	1	0	1
HAMBI_0403_chrm01_circ_4285286	NP_Ct_r01_2018_08_21_L002	88	13	1	0	1
HAMBI_0403_chrm01_circ_4287997	NP_Ct_r01_2018_08_21_L002	89	0	1	0	1
HAMBI_0403_chrm01_circ_4388411	NP_Ct_r01_2018_08_21_L002	50	58	1	0	1
HAMBI_0403_chrm01_circ_4410252	NP_Ct_r01_2018_08_21_L002	77	6	1	0	1
HAMBI_0403_chrm01_circ_4439367	NP_Ct_r01_2018_08_21_L002	79	10	1	0	1
HAMBI_0403_chrm01_circ_444757	NP_Ct_r01_2018_08_21_L002	26	95	1	0	1
HAMBI_0403_chrm01_circ_4507219	NP_Ct_r01_2018_08_21_L002	74	20	1	0	1
HAMBI_0403_chrm01_circ_4557583	NP_Ct_r01_2018_08_21_L002	109	0	1	0	1
HAMBI_0403_chrm01_circ_4569372	NP_Ct_r01_2018_08_21_L002	103	3	1	0	1
HAMBI_0403_chrm01_circ_4582948	NP_Ct_r01_2018_08_21_L002	83	9	1	0	1
HAMBI_0403_chrm01_circ_4600184	NP_Ct_r01_2018_08_21_L002	101	3	1	0	1
HAMBI_0403_chrm01_circ_4618691	NP_Ct_r01_2018_08_21_L002	114	6	1	0	1
HAMBI_0403_chrm01_circ_4623649	NP_Ct_r01_2018_08_21_L002	107	2	1	0	1
HAMBI_0403_chrm01_circ_464021	NP_Ct_r01_2018_08_21_L002	38	76	1	0	1
HAMBI_0403_chrm01_circ_4743728	NP_Ct_r01_2018_08_21_L002	111	5	1	0	1
HAMBI_0403_chrm01_circ_4765035	NP_Ct_r01_2018_08_21_L002	102	2	1	0	1
HAMBI_0403_chrm01_circ_4781295	NP_Ct_r01_2018_08_21_L002	68	21	1	0	1
HAMBI_0403_chrm01_circ_4792521	NP_Ct_r01_2018_08_21_L002	82	12	1	0	1
HAMBI_0403_chrm01_circ_4799691	NP_Ct_r01_2018_08_21_L002	126	4	1	0	1
HAMBI_0403_chrm01_circ_4809883	NP_Ct_r01_2018_08_21_L002	52	64	1	0	1
HAMBI_0403_chrm01_circ_4855117	NP_Ct_r01_2018_08_21_L002	94	1	1	0	1
HAMBI_0403_chrm01_circ_4857021	NP_Ct_r01_2018_08_21_L002	91	0	1	0	1
HAMBI_0403_chrm01_circ_487954	NP_Ct_r01_2018_08_21_L002	106	4	1	0	1
HAMBI_0403_chrm01_circ_4888902	NP_Ct_r01_2018_08_21_L002	92	17	1	0	1
HAMBI_0403_chrm01_circ_4916373	NP_Ct_r01_2018_08_21_L002	93	4	1	0	1
HAMBI_0403_chrm01_circ_4972460	NP_Ct_r01_2018_08_21_L002	88	9	1	0	1
HAMBI_0403_chrm01_circ_5014718	NP_Ct_r01_2018_08_21_L002	42	64	1	0	1
HAMBI_0403_chrm01_circ_5042624	NP_Ct_r01_2018_08_21_L002	47	58	1	0	1
HAMBI_0403_chrm01_circ_5045700	NP_Ct_r01_2018_08_21_L002	106	16	1	0	1
HAMBI_0403_chrm01_circ_5060740	NP_Ct_r01_2018_08_21_L002	108	2	1	0	1
HAMBI_0403_chrm01_circ_5083897	NP_Ct_r01_2018_08_21_L002	43	50	1	0	1
HAMBI_0403_chrm01_circ_5114950	NP_Ct_r01_2018_08_21_L002	22	84	1	0	1
HAMBI_0403_chrm01_circ_5136938	NP_Ct_r01_2018_08_21_L002	107	15	1	0	1
HAMBI_0403_chrm01_circ_5158099	NP_Ct_r01_2018_08_21_L002	36	68	1	0	1
HAMBI_0403_chrm01_circ_5175068	NP_Ct_r01_2018_08_21_L002	114	5	1	0	1
HAMBI_0403_chrm01_circ_5179281	NP_Ct_r01_2018_08_21_L002	121	0	1	0	1
HAMBI_0403_chrm01_circ_5192590	NP_Ct_r01_2018_08_21_L002	104	3	1	0	1
HAMBI_0403_chrm01_circ_5198526	NP_Ct_r01_2018_08_21_L002	101	2	1	0	1
HAMBI_0403_chrm01_circ_52227	NP_Ct_r01_2018_08_21_L002	96	4	1	0	1
HAMBI_0403_chrm01_circ_5239272	NP_Ct_r01_2018_08_21_L002	87	0	1	0	1
HAMBI_0403_chrm01_circ_5247950	NP_Ct_r01_2018_08_21_L002	93	0	1	0	1
HAMBI_0403_chrm01_circ_5261930	NP_Ct_r01_2018_08_21_L002	87	1	1	0	1
HAMBI_0403_chrm01_circ_5274030	NP_Ct_r01_2018_08_21_L002	148	4	1	0	1
HAMBI_0403_chrm01_circ_5311213	NP_Ct_r01_2018_08_21_L002	98	2	1	0	1
HAMBI_0403_chrm01_circ_5334246	NP_Ct_r01_2018_08_21_L002	112	6	1	0	1
HAMBI_0403_chrm01_circ_5359752	NP_Ct_r01_2018_08_21_L002	119	20	1	0	1
HAMBI_0403_chrm01_circ_5375036	NP_Ct_r01_2018_08_21_L002	85	19	1	0	1
HAMBI_0403_chrm01_circ_538733	NP_Ct_r01_2018_08_21_L002	102	2	1	0	1
HAMBI_0403_chrm01_circ_5398637	NP_Ct_r01_2018_08_21_L002	106	5	1	0	1
HAMBI_0403_chrm01_circ_5452296	NP_Ct_r01_2018_08_21_L002	66	69	1	0	1
HAMBI_0403_chrm01_circ_5488740	NP_Ct_r01_2018_08_21_L002	75	36	1	0	1
HAMBI_0403_chrm01_circ_5582102	NP_Ct_r01_2018_08_21_L002	44	67	1	0	1
HAMBI_0403_chrm01_circ_5582190	NP_Ct_r01_2018_08_21_L002	102	8	1	0	1
HAMBI_0403_chrm01_circ_5582265	NP_Ct_r01_2018_08_21_L002	103	8	1	0	1
HAMBI_0403_chrm01_circ_5604584	NP_Ct_r01_2018_08_21_L002	107	3	1	0	1
HAMBI_0403_chrm01_circ_5614022	NP_Ct_r01_2018_08_21_L002	87	9	1	0	1
HAMBI_0403_chrm01_circ_5638719	NP_Ct_r01_2018_08_21_L002	109	4	1	0	1
HAMBI_0403_chrm01_circ_5644341	NP_Ct_r01_2018_08_21_L002	49	54	1	0	1
HAMBI_0403_chrm01_circ_5691225	NP_Ct_r01_2018_08_21_L002	124	0	1	0	1
HAMBI_0403_chrm01_circ_5709378	NP_Ct_r01_2018_08_21_L002	52	36	1	0	1
HAMBI_0403_chrm01_circ_5714954	NP_Ct_r01_2018_08_21_L002	47	51	1	0	1
HAMBI_0403_chrm01_circ_5730629	NP_Ct_r01_2018_08_21_L002	115	3	1	0	1
HAMBI_0403_chrm01_circ_5738403	NP_Ct_r01_2018_08_21_L002	92	4	1	0	1
HAMBI_0403_chrm01_circ_606028	NP_Ct_r01_2018_08_21_L002	85	0	1	0	1
HAMBI_0403_chrm01_circ_613689	NP_Ct_r01_2018_08_21_L002	28	84	1	0	1
HAMBI_0403_chrm01_circ_616293	NP_Ct_r01_2018_08_21_L002	118	1	1	0	1
HAMBI_0403_chrm01_circ_637391	NP_Ct_r01_2018_08_21_L002	59	45	1	0	1
HAMBI_0403_chrm01_circ_671146	NP_Ct_r01_2018_08_21_L002	98	3	1	0	1
HAMBI_0403_chrm01_circ_684931	NP_Ct_r01_2018_08_21_L002	21	6	1	0	1
HAMBI_0403_chrm01_circ_748850	NP_Ct_r01_2018_08_21_L002	117	0	1	0	1
HAMBI_0403_chrm01_circ_753790	NP_Ct_r01_2018_08_21_L002	90	0	1	0	1
HAMBI_0403_chrm01_circ_788892	NP_Ct_r01_2018_08_21_L002	62	5	1	0	1
HAMBI_0403_chrm01_circ_831854	NP_Ct_r01_2018_08_21_L002	106	3	1	0	1
HAMBI_0403_chrm01_circ_832539	NP_Ct_r01_2018_08_21_L002	63	17	1	0	1
HAMBI_0403_chrm01_circ_842503	NP_Ct_r01_2018_08_21_L002	92	7	1	0	1
HAMBI_0403_chrm01_circ_848535	NP_Ct_r01_2018_08_21_L002	84	25	1	0	1
HAMBI_0403_chrm01_circ_883423	NP_Ct_r01_2018_08_21_L002	96	5	1	0	1
HAMBI_0403_chrm01_circ_906766	NP_Ct_r01_2018_08_21_L002	98	4	1	0	1
HAMBI_0403_chrm01_circ_916431	NP_Ct_r01_2018_08_21_L002	111	4	1	0	1
HAMBI_0403_chrm01_circ_945635	NP_Ct_r01_2018_08_21_L002	54	64	1	0	1
HAMBI_0403_chrm01_circ_957655	NP_Ct_r01_2018_08_21_L002	56	74	1	0	1
HAMBI_0403_chrm01_circ_957797	NP_Ct_r01_2018_08_21_L002	105	10	1	0	1
HAMBI_0403_chrm01_circ_957871	NP_Ct_r01_2018_08_21_L002	122	1	1	0	1
HAMBI_0403_chrm01_circ_958022	NP_Ct_r01_2018_08_21_L002	119	2	1	0	1
HAMBI_0403_chrm01_circ_958598	NP_Ct_r01_2018_08_21_L002	93	17	1	0	1
HAMBI_0403_chrm01_circ_958829	NP_Ct_r01_2018_08_21_L002	98	2	1	0	1
HAMBI_0403_chrm01_circ_958923	NP_Ct_r01_2018_08_21_L002	121	7	1	0	1
HAMBI_0403_chrm01_circ_966980	NP_Ct_r01_2018_08_21_L002	100	15	1	0	1
HAMBI_0403_plas01_circ_27065	NP_Ct_r01_2018_08_21_L002	145	57	1	0	1
HAMBI_0403_plas01_circ_34644	NP_Ct_r01_2018_08_21_L002	244	2	1	0	1
HAMBI_0403_chrm01_circ_1041879	NP_Ct_r01_2018_09_18_L001	53	12	1	0	1
HAMBI_0403_chrm01_circ_1048627	NP_Ct_r01_2018_09_18_L001	41	32	1	0	1
HAMBI_0403_chrm01_circ_1087633	NP_Ct_r01_2018_09_18_L001	63	5	1	0	1
HAMBI_0403_chrm01_circ_1089569	NP_Ct_r01_2018_09_18_L001	64	14	1	0	1
HAMBI_0403_chrm01_circ_1179102	NP_Ct_r01_2018_09_18_L001	83	0	1	0	1
HAMBI_0403_chrm01_circ_1204312	NP_Ct_r01_2018_09_18_L001	81	3	1	0	1
HAMBI_0403_chrm01_circ_1208537	NP_Ct_r01_2018_09_18_L001	105	1	1	0	1
HAMBI_0403_chrm01_circ_1220169	NP_Ct_r01_2018_09_18_L001	78	0	1	0	1
HAMBI_0403_chrm01_circ_1269396	NP_Ct_r01_2018_09_18_L001	57	6	1	0	1
HAMBI_0403_chrm01_circ_1274492	NP_Ct_r01_2018_09_18_L001	51	1	1	0	1
HAMBI_0403_chrm01_circ_1276454	NP_Ct_r01_2018_09_18_L001	79	14	1	0	1
HAMBI_0403_chrm01_circ_1331081	NP_Ct_r01_2018_09_18_L001	4	62	1	0	1
HAMBI_0403_chrm01_circ_1381129	NP_Ct_r01_2018_09_18_L001	67	0	1	0	1
HAMBI_0403_chrm01_circ_140925	NP_Ct_r01_2018_09_18_L001	19	39	1	0	1
HAMBI_0403_chrm01_circ_1432433	NP_Ct_r01_2018_09_18_L001	79	14	1	0	1
HAMBI_0403_chrm01_circ_1433097	NP_Ct_r01_2018_09_18_L001	32	44	1	0	1
HAMBI_0403_chrm01_circ_1508043	NP_Ct_r01_2018_09_18_L001	32	69	1	0	1
HAMBI_0403_chrm01_circ_1512989	NP_Ct_r01_2018_09_18_L001	85	2	1	0	1
HAMBI_0403_chrm01_circ_1521289	NP_Ct_r01_2018_09_18_L001	14	55	1	0	1
HAMBI_0403_chrm01_circ_1531856	NP_Ct_r01_2018_09_18_L001	74	1	1	0	1
HAMBI_0403_chrm01_circ_156034	NP_Ct_r01_2018_09_18_L001	25	72	1	0	1
HAMBI_0403_chrm01_circ_1584852	NP_Ct_r01_2018_09_18_L001	55	1	1	0	1
HAMBI_0403_chrm01_circ_1588427	NP_Ct_r01_2018_09_18_L001	84	0	1	0	1
HAMBI_0403_chrm01_circ_162518	NP_Ct_r01_2018_09_18_L001	72	0	1	0	1
HAMBI_0403_chrm01_circ_1631016	NP_Ct_r01_2018_09_18_L001	66	0	1	0	1
HAMBI_0403_chrm01_circ_1655504	NP_Ct_r01_2018_09_18_L001	77	5	1	0	1
HAMBI_0403_chrm01_circ_1680554	NP_Ct_r01_2018_09_18_L001	90	17	1	0	1
HAMBI_0403_chrm01_circ_1684934	NP_Ct_r01_2018_09_18_L001	41	40	1	0	1
HAMBI_0403_chrm01_circ_1748339	NP_Ct_r01_2018_09_18_L001	20	67	1	0	1
HAMBI_0403_chrm01_circ_1825191	NP_Ct_r01_2018_09_18_L001	45	42	1	0	1
HAMBI_0403_chrm01_circ_1831193	NP_Ct_r01_2018_09_18_L001	102	0	1	0	1
HAMBI_0403_chrm01_circ_1964254	NP_Ct_r01_2018_09_18_L001	72	1	1	0	1
HAMBI_0403_chrm01_circ_19727	NP_Ct_r01_2018_09_18_L001	81	0	1	0	1
HAMBI_0403_chrm01_circ_1985537	NP_Ct_r01_2018_09_18_L001	66	10	1	0	1
HAMBI_0403_chrm01_circ_1990830	NP_Ct_r01_2018_09_18_L001	66	2	1	0	1
HAMBI_0403_chrm01_circ_2035209	NP_Ct_r01_2018_09_18_L001	56	1	1	0	1
HAMBI_0403_chrm01_circ_2070393	NP_Ct_r01_2018_09_18_L001	40	34	1	0	1
HAMBI_0403_chrm01_circ_2085642	NP_Ct_r01_2018_09_18_L001	97	3	1	0	1
HAMBI_0403_chrm01_circ_2164967	NP_Ct_r01_2018_09_18_L001	74	19	1	0	1
HAMBI_0403_chrm01_circ_2170475	NP_Ct_r01_2018_09_18_L001	80	3	1	0	1
HAMBI_0403_chrm01_circ_2183342	NP_Ct_r01_2018_09_18_L001	80	1	1	0	1
HAMBI_0403_chrm01_circ_2210141	NP_Ct_r01_2018_09_18_L001	84	3	1	0	1
HAMBI_0403_chrm01_circ_2247210	NP_Ct_r01_2018_09_18_L001	95	3	1	0	1
HAMBI_0403_chrm01_circ_2263832	NP_Ct_r01_2018_09_18_L001	54	11	1	0	1
HAMBI_0403_chrm01_circ_2264970	NP_Ct_r01_2018_09_18_L001	18	44	1	0	1
HAMBI_0403_chrm01_circ_2275854	NP_Ct_r01_2018_09_18_L001	84	0	1	0	1
HAMBI_0403_chrm01_circ_2288765	NP_Ct_r01_2018_09_18_L001	77	7	1	0	1
HAMBI_0403_chrm01_circ_2298099	NP_Ct_r01_2018_09_18_L001	22	61	1	0	1
HAMBI_0403_chrm01_circ_2303297	NP_Ct_r01_2018_09_18_L001	13	41	1	0	1
HAMBI_0403_chrm01_circ_2354987	NP_Ct_r01_2018_09_18_L001	76	1	1	0	1
HAMBI_0403_chrm01_circ_2357485	NP_Ct_r01_2018_09_18_L001	93	4	1	0	1
HAMBI_0403_chrm01_circ_2399050	NP_Ct_r01_2018_09_18_L001	63	6	1	0	1
HAMBI_0403_chrm01_circ_2399143	NP_Ct_r01_2018_09_18_L001	88	0	1	0	1
HAMBI_0403_chrm01_circ_2399712	NP_Ct_r01_2018_09_18_L001	85	4	1	0	1
HAMBI_0403_chrm01_circ_2400679	NP_Ct_r01_2018_09_18_L001	85	1	1	0	1
HAMBI_0403_chrm01_circ_2406988	NP_Ct_r01_2018_09_18_L001	71	14	1	0	1
HAMBI_0403_chrm01_circ_245301	NP_Ct_r01_2018_09_18_L001	96	0	1	0	1
HAMBI_0403_chrm01_circ_2464548	NP_Ct_r01_2018_09_18_L001	63	2	1	0	1
HAMBI_0403_chrm01_circ_2494812	NP_Ct_r01_2018_09_18_L001	62	19	1	0	1
HAMBI_0403_chrm01_circ_2511562	NP_Ct_r01_2018_09_18_L001	59	13	1	0	1
HAMBI_0403_chrm01_circ_2556378	NP_Ct_r01_2018_09_18_L001	80	2	1	0	1
HAMBI_0403_chrm01_circ_2575375	NP_Ct_r01_2018_09_18_L001	61	9	1	0	1
HAMBI_0403_chrm01_circ_2610889	NP_Ct_r01_2018_09_18_L001	32	62	1	0	1
HAMBI_0403_chrm01_circ_264598	NP_Ct_r01_2018_09_18_L001	80	0	1	0	1
HAMBI_0403_chrm01_circ_2695541	NP_Ct_r01_2018_09_18_L001	62	3	1	0	1
HAMBI_0403_chrm01_circ_2742453	NP_Ct_r01_2018_09_18_L001	99	1	1	0	1
HAMBI_0403_chrm01_circ_2835885	NP_Ct_r01_2018_09_18_L001	44	9	1	0	1
HAMBI_0403_chrm01_circ_283781	NP_Ct_r01_2018_09_18_L001	36	34	1	0	1
HAMBI_0403_chrm01_circ_2845191	NP_Ct_r01_2018_09_18_L001	21	45	1	0	1
HAMBI_0403_chrm01_circ_2869812	NP_Ct_r01_2018_09_18_L001	32	50	1	0	1
HAMBI_0403_chrm01_circ_2883870	NP_Ct_r01_2018_09_18_L001	13	73	1	0	1
HAMBI_0403_chrm01_circ_2925854	NP_Ct_r01_2018_09_18_L001	39	0	1	0	1
HAMBI_0403_chrm01_circ_2975196	NP_Ct_r01_2018_09_18_L001	55	0	1	0	1
HAMBI_0403_chrm01_circ_2998776	NP_Ct_r01_2018_09_18_L001	63	3	1	0	1
HAMBI_0403_chrm01_circ_3000465	NP_Ct_r01_2018_09_18_L001	88	1	1	0	1
HAMBI_0403_chrm01_circ_3006282	NP_Ct_r01_2018_09_18_L001	41	44	1	0	1
HAMBI_0403_chrm01_circ_3028838	NP_Ct_r01_2018_09_18_L001	77	1	1	0	1
HAMBI_0403_chrm01_circ_3031198	NP_Ct_r01_2018_09_18_L001	65	3	1	0	1
HAMBI_0403_chrm01_circ_3060179	NP_Ct_r01_2018_09_18_L001	91	1	1	0	1
HAMBI_0403_chrm01_circ_3083534	NP_Ct_r01_2018_09_18_L001	73	0	1	0	1
HAMBI_0403_chrm01_circ_3087289	NP_Ct_r01_2018_09_18_L001	59	0	1	0	1
HAMBI_0403_chrm01_circ_3103731	NP_Ct_r01_2018_09_18_L001	65	2	1	0	1
HAMBI_0403_chrm01_circ_3117371	NP_Ct_r01_2018_09_18_L001	11	46	1	0	1
HAMBI_0403_chrm01_circ_3143395	NP_Ct_r01_2018_09_18_L001	39	48	1	0	1
HAMBI_0403_chrm01_circ_3150420	NP_Ct_r01_2018_09_18_L001	29	61	1	0	1
HAMBI_0403_chrm01_circ_3171763	NP_Ct_r01_2018_09_18_L001	68	8	1	0	1
HAMBI_0403_chrm01_circ_3178892	NP_Ct_r01_2018_09_18_L001	76	1	1	0	1
HAMBI_0403_chrm01_circ_3183496	NP_Ct_r01_2018_09_18_L001	64	13	1	0	1
HAMBI_0403_chrm01_circ_3202926	NP_Ct_r01_2018_09_18_L001	13	73	1	0	1
HAMBI_0403_chrm01_circ_3206418	NP_Ct_r01_2018_09_18_L001	12	65	1	0	1
HAMBI_0403_chrm01_circ_3236488	NP_Ct_r01_2018_09_18_L001	31	53	1	0	1
HAMBI_0403_chrm01_circ_3316564	NP_Ct_r01_2018_09_18_L001	24	57	1	0	1
HAMBI_0403_chrm01_circ_3319670	NP_Ct_r01_2018_09_18_L001	40	49	1	0	1
HAMBI_0403_chrm01_circ_3321404	NP_Ct_r01_2018_09_18_L001	18	50	1	0	1
HAMBI_0403_chrm01_circ_3322346	NP_Ct_r01_2018_09_18_L001	28	69	1	0	1
HAMBI_0403_chrm01_circ_3348412	NP_Ct_r01_2018_09_18_L001	105	2	1	0	1
HAMBI_0403_chrm01_circ_3430586	NP_Ct_r01_2018_09_18_L001	95	2	1	0	1
HAMBI_0403_chrm01_circ_3430600	NP_Ct_r01_2018_09_18_L001	82	3	1	0	1
HAMBI_0403_chrm01_circ_3514428	NP_Ct_r01_2018_09_18_L001	85	1	1	0	1
HAMBI_0403_chrm01_circ_3521312	NP_Ct_r01_2018_09_18_L001	65	8	1	0	1
HAMBI_0403_chrm01_circ_3543589	NP_Ct_r01_2018_09_18_L001	67	6	1	0	1
HAMBI_0403_chrm01_circ_3553466	NP_Ct_r01_2018_09_18_L001	65	17	1	0	1
HAMBI_0403_chrm01_circ_3578564	NP_Ct_r01_2018_09_18_L001	24	52	1	0	1
HAMBI_0403_chrm01_circ_3583051	NP_Ct_r01_2018_09_18_L001	88	0	1	0	1
HAMBI_0403_chrm01_circ_3598998	NP_Ct_r01_2018_09_18_L001	79	2	1	0	1
HAMBI_0403_chrm01_circ_3617983	NP_Ct_r01_2018_09_18_L001	27	31	1	0	1
HAMBI_0403_chrm01_circ_3618655	NP_Ct_r01_2018_09_18_L001	56	0	1	0	1
HAMBI_0403_chrm01_circ_362760	NP_Ct_r01_2018_09_18_L001	81	10	1	0	1
HAMBI_0403_chrm01_circ_363853	NP_Ct_r01_2018_09_18_L001	95	1	1	0	1
HAMBI_0403_chrm01_circ_370267	NP_Ct_r01_2018_09_18_L001	60	12	1	0	1
HAMBI_0403_chrm01_circ_3702984	NP_Ct_r01_2018_09_18_L001	23	44	1	0	1
HAMBI_0403_chrm01_circ_3715513	NP_Ct_r01_2018_09_18_L001	21	61	1	0	1
HAMBI_0403_chrm01_circ_3746085	NP_Ct_r01_2018_09_18_L001	70	15	1	0	1
HAMBI_0403_chrm01_circ_3784310	NP_Ct_r01_2018_09_18_L001	74	3	1	0	1
HAMBI_0403_chrm01_circ_3807928	NP_Ct_r01_2018_09_18_L001	8	55	1	0	1
HAMBI_0403_chrm01_circ_3826549	NP_Ct_r01_2018_09_18_L001	65	17	1	0	1
HAMBI_0403_chrm01_circ_3835502	NP_Ct_r01_2018_09_18_L001	74	1	1	0	1
HAMBI_0403_chrm01_circ_3866040	NP_Ct_r01_2018_09_18_L001	41	41	1	0	1
HAMBI_0403_chrm01_circ_3903420	NP_Ct_r01_2018_09_18_L001	98	0	1	0	1
HAMBI_0403_chrm01_circ_3910409	NP_Ct_r01_2018_09_18_L001	27	49	1	0	1
HAMBI_0403_chrm01_circ_3910572	NP_Ct_r01_2018_09_18_L001	53	16	1	0	1
HAMBI_0403_chrm01_circ_3937432	NP_Ct_r01_2018_09_18_L001	67	20	1	0	1
HAMBI_0403_chrm01_circ_4039075	NP_Ct_r01_2018_09_18_L001	66	1	1	0	1
HAMBI_0403_chrm01_circ_4060726	NP_Ct_r01_2018_09_18_L001	30	59	1	0	1
HAMBI_0403_chrm01_circ_406220	NP_Ct_r01_2018_09_18_L001	6	62	1	0	1
HAMBI_0403_chrm01_circ_4062981	NP_Ct_r01_2018_09_18_L001	71	1	1	0	1
HAMBI_0403_chrm01_circ_4074693	NP_Ct_r01_2018_09_18_L001	82	0	1	0	1
HAMBI_0403_chrm01_circ_4148379	NP_Ct_r01_2018_09_18_L001	88	2	1	0	1
HAMBI_0403_chrm01_circ_4152035	NP_Ct_r01_2018_09_18_L001	24	56	1	0	1
HAMBI_0403_chrm01_circ_417322	NP_Ct_r01_2018_09_18_L001	64	2	1	0	1
HAMBI_0403_chrm01_circ_4206117	NP_Ct_r01_2018_09_18_L001	35	46	1	0	1
HAMBI_0403_chrm01_circ_4214195	NP_Ct_r01_2018_09_18_L001	25	50	1	0	1
HAMBI_0403_chrm01_circ_4217616	NP_Ct_r01_2018_09_18_L001	29	69	1	0	1
HAMBI_0403_chrm01_circ_42377	NP_Ct_r01_2018_09_18_L001	91	0	1	0	1
HAMBI_0403_chrm01_circ_4269316	NP_Ct_r01_2018_09_18_L001	36	62	1	0	1
HAMBI_0403_chrm01_circ_4274685	NP_Ct_r01_2018_09_18_L001	64	0	1	0	1
HAMBI_0403_chrm01_circ_4285286	NP_Ct_r01_2018_09_18_L001	74	16	1	0	1
HAMBI_0403_chrm01_circ_4287997	NP_Ct_r01_2018_09_18_L001	71	2	1	0	1
HAMBI_0403_chrm01_circ_4388411	NP_Ct_r01_2018_09_18_L001	30	57	1	0	1
HAMBI_0403_chrm01_circ_4410252	NP_Ct_r01_2018_09_18_L001	68	6	1	0	1
HAMBI_0403_chrm01_circ_4439367	NP_Ct_r01_2018_09_18_L001	59	6	1	0	1
HAMBI_0403_chrm01_circ_444757	NP_Ct_r01_2018_09_18_L001	13	80	1	0	1
HAMBI_0403_chrm01_circ_4507219	NP_Ct_r01_2018_09_18_L001	62	17	1	0	1
HAMBI_0403_chrm01_circ_4557583	NP_Ct_r01_2018_09_18_L001	75	0	1	0	1
HAMBI_0403_chrm01_circ_4569372	NP_Ct_r01_2018_09_18_L001	54	2	1	0	1
HAMBI_0403_chrm01_circ_4582948	NP_Ct_r01_2018_09_18_L001	65	9	1	0	1
HAMBI_0403_chrm01_circ_4600184	NP_Ct_r01_2018_09_18_L001	79	2	1	0	1
HAMBI_0403_chrm01_circ_4618691	NP_Ct_r01_2018_09_18_L001	79	4	1	0	1
HAMBI_0403_chrm01_circ_4623649	NP_Ct_r01_2018_09_18_L001	71	1	1	0	1
HAMBI_0403_chrm01_circ_464021	NP_Ct_r01_2018_09_18_L001	13	53	1	0	1
HAMBI_0403_chrm01_circ_4743728	NP_Ct_r01_2018_09_18_L001	96	0	1	0	1
HAMBI_0403_chrm01_circ_4765035	NP_Ct_r01_2018_09_18_L001	77	5	1	0	1
HAMBI_0403_chrm01_circ_4781295	NP_Ct_r01_2018_09_18_L001	31	46	1	0	1
HAMBI_0403_chrm01_circ_4792521	NP_Ct_r01_2018_09_18_L001	73	18	1	0	1
HAMBI_0403_chrm01_circ_4799691	NP_Ct_r01_2018_09_18_L001	72	3	1	0	1
HAMBI_0403_chrm01_circ_4809883	NP_Ct_r01_2018_09_18_L001	22	49	1	0	1
HAMBI_0403_chrm01_circ_4855117	NP_Ct_r01_2018_09_18_L001	69	2	1	0	1
HAMBI_0403_chrm01_circ_4857021	NP_Ct_r01_2018_09_18_L001	66	1	1	0	1
HAMBI_0403_chrm01_circ_487954	NP_Ct_r01_2018_09_18_L001	74	1	1	0	1
HAMBI_0403_chrm01_circ_4888902	NP_Ct_r01_2018_09_18_L001	58	7	1	0	1
HAMBI_0403_chrm01_circ_4916373	NP_Ct_r01_2018_09_18_L001	68	1	1	0	1
HAMBI_0403_chrm01_circ_4972460	NP_Ct_r01_2018_09_18_L001	79	0	1	0	1
HAMBI_0403_chrm01_circ_5014718	NP_Ct_r01_2018_09_18_L001	20	66	1	0	1
HAMBI_0403_chrm01_circ_5042624	NP_Ct_r01_2018_09_18_L001	28	61	1	0	1
HAMBI_0403_chrm01_circ_5045700	NP_Ct_r01_2018_09_18_L001	85	11	1	0	1
HAMBI_0403_chrm01_circ_5060740	NP_Ct_r01_2018_09_18_L001	109	0	1	0	1
HAMBI_0403_chrm01_circ_5083897	NP_Ct_r01_2018_09_18_L001	26	43	1	0	1
HAMBI_0403_chrm01_circ_5114950	NP_Ct_r01_2018_09_18_L001	13	70	1	0	1
HAMBI_0403_chrm01_circ_5136938	NP_Ct_r01_2018_09_18_L001	70	15	1	0	1
HAMBI_0403_chrm01_circ_5158099	NP_Ct_r01_2018_09_18_L001	16	51	1	0	1
HAMBI_0403_chrm01_circ_5175068	NP_Ct_r01_2018_09_18_L001	67	5	1	0	1
HAMBI_0403_chrm01_circ_5179281	NP_Ct_r01_2018_09_18_L001	85	0	1	0	1
HAMBI_0403_chrm01_circ_5192590	NP_Ct_r01_2018_09_18_L001	75	1	1	0	1
HAMBI_0403_chrm01_circ_5198526	NP_Ct_r01_2018_09_18_L001	70	0	1	0	1
HAMBI_0403_chrm01_circ_52227	NP_Ct_r01_2018_09_18_L001	77	0	1	0	1
HAMBI_0403_chrm01_circ_5239272	NP_Ct_r01_2018_09_18_L001	73	0	1	0	1
HAMBI_0403_chrm01_circ_5247950	NP_Ct_r01_2018_09_18_L001	91	0	1	0	1
HAMBI_0403_chrm01_circ_5261930	NP_Ct_r01_2018_09_18_L001	75	1	1	0	1
HAMBI_0403_chrm01_circ_5274030	NP_Ct_r01_2018_09_18_L001	65	0	1	0	1
HAMBI_0403_chrm01_circ_5311213	NP_Ct_r01_2018_09_18_L001	73	1	1	0	1
HAMBI_0403_chrm01_circ_5334246	NP_Ct_r01_2018_09_18_L001	79	1	1	0	1
HAMBI_0403_chrm01_circ_5359752	NP_Ct_r01_2018_09_18_L001	71	12	1	0	1
HAMBI_0403_chrm01_circ_5375036	NP_Ct_r01_2018_09_18_L001	82	23	1	0	1
HAMBI_0403_chrm01_circ_538733	NP_Ct_r01_2018_09_18_L001	64	0	1	0	1
HAMBI_0403_chrm01_circ_5398637	NP_Ct_r01_2018_09_18_L001	65	1	1	0	1
HAMBI_0403_chrm01_circ_5452296	NP_Ct_r01_2018_09_18_L001	34	52	1	0	1
HAMBI_0403_chrm01_circ_5488740	NP_Ct_r01_2018_09_18_L001	43	40	1	0	1
HAMBI_0403_chrm01_circ_5582102	NP_Ct_r01_2018_09_18_L001	11	57	1	0	1
HAMBI_0403_chrm01_circ_5582190	NP_Ct_r01_2018_09_18_L001	74	0	1	0	1
HAMBI_0403_chrm01_circ_5582265	NP_Ct_r01_2018_09_18_L001	72	2	1	0	1
HAMBI_0403_chrm01_circ_5604584	NP_Ct_r01_2018_09_18_L001	74	6	1	0	1
HAMBI_0403_chrm01_circ_5614022	NP_Ct_r01_2018_09_18_L001	73	11	1	0	1
HAMBI_0403_chrm01_circ_5638719	NP_Ct_r01_2018_09_18_L001	66	6	1	0	1
HAMBI_0403_chrm01_circ_5644341	NP_Ct_r01_2018_09_18_L001	35	64	1	0	1
HAMBI_0403_chrm01_circ_5691225	NP_Ct_r01_2018_09_18_L001	88	0	1	0	1
HAMBI_0403_chrm01_circ_5709378	NP_Ct_r01_2018_09_18_L001	21	49	1	0	1
HAMBI_0403_chrm01_circ_5714954	NP_Ct_r01_2018_09_18_L001	32	46	1	0	1
HAMBI_0403_chrm01_circ_5730629	NP_Ct_r01_2018_09_18_L001	83	3	1	0	1
HAMBI_0403_chrm01_circ_5738403	NP_Ct_r01_2018_09_18_L001	68	4	1	0	1
HAMBI_0403_chrm01_circ_606028	NP_Ct_r01_2018_09_18_L001	62	0	1	0	1
HAMBI_0403_chrm01_circ_613689	NP_Ct_r01_2018_09_18_L001	9	63	1	0	1
HAMBI_0403_chrm01_circ_616293	NP_Ct_r01_2018_09_18_L001	81	3	1	0	1
HAMBI_0403_chrm01_circ_637391	NP_Ct_r01_2018_09_18_L001	26	44	1	0	1
HAMBI_0403_chrm01_circ_671146	NP_Ct_r01_2018_09_18_L001	77	0	1	0	1
HAMBI_0403_chrm01_circ_684931	NP_Ct_r01_2018_09_18_L001	13	6	1	0	1
HAMBI_0403_chrm01_circ_748850	NP_Ct_r01_2018_09_18_L001	113	0	1	0	1
HAMBI_0403_chrm01_circ_753790	NP_Ct_r01_2018_09_18_L001	93	1	1	0	1
HAMBI_0403_chrm01_circ_788892	NP_Ct_r01_2018_09_18_L001	52	0	1	0	1
HAMBI_0403_chrm01_circ_831854	NP_Ct_r01_2018_09_18_L001	65	7	1	0	1
HAMBI_0403_chrm01_circ_832539	NP_Ct_r01_2018_09_18_L001	47	5	1	0	1
HAMBI_0403_chrm01_circ_842503	NP_Ct_r01_2018_09_18_L001	73	1	1	0	1
HAMBI_0403_chrm01_circ_848535	NP_Ct_r01_2018_09_18_L001	42	34	1	0	1
HAMBI_0403_chrm01_circ_883423	NP_Ct_r01_2018_09_18_L001	69	0	1	0	1
HAMBI_0403_chrm01_circ_906766	NP_Ct_r01_2018_09_18_L001	93	1	1	0	1
HAMBI_0403_chrm01_circ_916431	NP_Ct_r01_2018_09_18_L001	81	4	1	0	1
HAMBI_0403_chrm01_circ_945635	NP_Ct_r01_2018_09_18_L001	25	42	1	0	1
HAMBI_0403_chrm01_circ_957655	NP_Ct_r01_2018_09_18_L001	33	59	1	0	1
HAMBI_0403_chrm01_circ_957797	NP_Ct_r01_2018_09_18_L001	57	4	1	0	1
HAMBI_0403_chrm01_circ_957871	NP_Ct_r01_2018_09_18_L001	54	0	1	0	1
HAMBI_0403_chrm01_circ_958022	NP_Ct_r01_2018_09_18_L001	66	1	1	0	1
HAMBI_0403_chrm01_circ_958598	NP_Ct_r01_2018_09_18_L001	67	11	1	0	1
HAMBI_0403_chrm01_circ_958829	NP_Ct_r01_2018_09_18_L001	70	0	1	0	1
HAMBI_0403_chrm01_circ_958923	NP_Ct_r01_2018_09_18_L001	85	1	1	0	1
HAMBI_0403_chrm01_circ_966980	NP_Ct_r01_2018_09_18_L001	70	17	1	0	1
HAMBI_0403_plas01_circ_27065	NP_Ct_r01_2018_09_18_L001	83	112	1	0	1
HAMBI_0403_plas01_circ_34644	NP_Ct_r01_2018_09_18_L001	170	0	1	0	1
HAMBI_0403_chrm01_circ_1041879	NP_Ct_r01_2018_10_16_L001	74	13	1	0	1
HAMBI_0403_chrm01_circ_1048627	NP_Ct_r01_2018_10_16_L001	39	47	1	0	1
HAMBI_0403_chrm01_circ_1087633	NP_Ct_r01_2018_10_16_L001	85	3	1	0	1
HAMBI_0403_chrm01_circ_1089569	NP_Ct_r01_2018_10_16_L001	65	9	1	0	1
HAMBI_0403_chrm01_circ_1179102	NP_Ct_r01_2018_10_16_L001	82	3	1	0	1
HAMBI_0403_chrm01_circ_1204312	NP_Ct_r01_2018_10_16_L001	100	2	1	0	1
HAMBI_0403_chrm01_circ_1208537	NP_Ct_r01_2018_10_16_L001	107	2	1	0	1
HAMBI_0403_chrm01_circ_1220169	NP_Ct_r01_2018_10_16_L001	107	2	1	0	1
HAMBI_0403_chrm01_circ_1269396	NP_Ct_r01_2018_10_16_L001	61	13	1	0	1
HAMBI_0403_chrm01_circ_1274492	NP_Ct_r01_2018_10_16_L001	95	0	1	0	1
HAMBI_0403_chrm01_circ_1276454	NP_Ct_r01_2018_10_16_L001	96	15	1	0	1
HAMBI_0403_chrm01_circ_1331081	NP_Ct_r01_2018_10_16_L001	13	69	1	0	1
HAMBI_0403_chrm01_circ_1381129	NP_Ct_r01_2018_10_16_L001	92	0	1	0	1
HAMBI_0403_chrm01_circ_140925	NP_Ct_r01_2018_10_16_L001	56	54	1	0	1
HAMBI_0403_chrm01_circ_1432433	NP_Ct_r01_2018_10_16_L001	96	12	1	0	1
HAMBI_0403_chrm01_circ_1433097	NP_Ct_r01_2018_10_16_L001	39	53	1	0	1
HAMBI_0403_chrm01_circ_1508043	NP_Ct_r01_2018_10_16_L001	54	67	1	0	1
HAMBI_0403_chrm01_circ_1512989	NP_Ct_r01_2018_10_16_L001	112	2	1	0	1
HAMBI_0403_chrm01_circ_1521289	NP_Ct_r01_2018_10_16_L001	42	73	1	0	1
HAMBI_0403_chrm01_circ_1531856	NP_Ct_r01_2018_10_16_L001	72	2	1	0	1
HAMBI_0403_chrm01_circ_156034	NP_Ct_r01_2018_10_16_L001	45	81	1	0	1
HAMBI_0403_chrm01_circ_1584852	NP_Ct_r01_2018_10_16_L001	111	0	1	0	1
HAMBI_0403_chrm01_circ_1588427	NP_Ct_r01_2018_10_16_L001	94	2	1	0	1
HAMBI_0403_chrm01_circ_162518	NP_Ct_r01_2018_10_16_L001	115	3	1	0	1
HAMBI_0403_chrm01_circ_1631016	NP_Ct_r01_2018_10_16_L001	88	0	1	0	1
HAMBI_0403_chrm01_circ_1655504	NP_Ct_r01_2018_10_16_L001	87	4	1	0	1
HAMBI_0403_chrm01_circ_1680554	NP_Ct_r01_2018_10_16_L001	83	14	1	0	1
HAMBI_0403_chrm01_circ_1684934	NP_Ct_r01_2018_10_16_L001	48	31	1	0	1
HAMBI_0403_chrm01_circ_1748339	NP_Ct_r01_2018_10_16_L001	53	53	1	0	1
HAMBI_0403_chrm01_circ_1825191	NP_Ct_r01_2018_10_16_L001	58	48	1	0	1
HAMBI_0403_chrm01_circ_1831193	NP_Ct_r01_2018_10_16_L001	128	2	1	0	1
HAMBI_0403_chrm01_circ_1964254	NP_Ct_r01_2018_10_16_L001	100	0	1	0	1
HAMBI_0403_chrm01_circ_19727	NP_Ct_r01_2018_10_16_L001	103	0	1	0	1
HAMBI_0403_chrm01_circ_1985537	NP_Ct_r01_2018_10_16_L001	78	9	1	0	1
HAMBI_0403_chrm01_circ_1990830	NP_Ct_r01_2018_10_16_L001	76	1	1	0	1
HAMBI_0403_chrm01_circ_2035209	NP_Ct_r01_2018_10_16_L001	93	1	1	0	1
HAMBI_0403_chrm01_circ_2070393	NP_Ct_r01_2018_10_16_L001	45	39	1	0	1
HAMBI_0403_chrm01_circ_2085642	NP_Ct_r01_2018_10_16_L001	106	0	1	0	1
HAMBI_0403_chrm01_circ_2164967	NP_Ct_r01_2018_10_16_L001	96	9	1	0	1
HAMBI_0403_chrm01_circ_2170475	NP_Ct_r01_2018_10_16_L001	96	3	1	0	1
HAMBI_0403_chrm01_circ_2183342	NP_Ct_r01_2018_10_16_L001	89	2	1	0	1
HAMBI_0403_chrm01_circ_2210141	NP_Ct_r01_2018_10_16_L001	96	1	1	0	1
HAMBI_0403_chrm01_circ_2247210	NP_Ct_r01_2018_10_16_L001	118	3	1	0	1
HAMBI_0403_chrm01_circ_2263832	NP_Ct_r01_2018_10_16_L001	100	11	1	0	1
HAMBI_0403_chrm01_circ_2264970	NP_Ct_r01_2018_10_16_L001	47	41	1	0	1
HAMBI_0403_chrm01_circ_2275854	NP_Ct_r01_2018_10_16_L001	87	1	1	0	1
HAMBI_0403_chrm01_circ_2288765	NP_Ct_r01_2018_10_16_L001	75	6	1	0	1
HAMBI_0403_chrm01_circ_2298099	NP_Ct_r01_2018_10_16_L001	51	41	1	0	1
HAMBI_0403_chrm01_circ_2303297	NP_Ct_r01_2018_10_16_L001	55	45	1	0	1
HAMBI_0403_chrm01_circ_2354987	NP_Ct_r01_2018_10_16_L001	116	2	1	0	1
HAMBI_0403_chrm01_circ_2357485	NP_Ct_r01_2018_10_16_L001	117	4	1	0	1
HAMBI_0403_chrm01_circ_2399050	NP_Ct_r01_2018_10_16_L001	98	21	1	0	1
HAMBI_0403_chrm01_circ_2399143	NP_Ct_r01_2018_10_16_L001	114	2	1	0	1
HAMBI_0403_chrm01_circ_2399712	NP_Ct_r01_2018_10_16_L001	92	0	1	0	1
HAMBI_0403_chrm01_circ_2400679	NP_Ct_r01_2018_10_16_L001	121	3	1	0	1
HAMBI_0403_chrm01_circ_2406988	NP_Ct_r01_2018_10_16_L001	78	13	1	0	1
HAMBI_0403_chrm01_circ_245301	NP_Ct_r01_2018_10_16_L001	141	2	1	0	1
HAMBI_0403_chrm01_circ_2464548	NP_Ct_r01_2018_10_16_L001	76	3	1	0	1
HAMBI_0403_chrm01_circ_2494812	NP_Ct_r01_2018_10_16_L001	78	17	1	0	1
HAMBI_0403_chrm01_circ_2511562	NP_Ct_r01_2018_10_16_L001	70	15	1	0	1
HAMBI_0403_chrm01_circ_2556378	NP_Ct_r01_2018_10_16_L001	101	3	1	0	1
HAMBI_0403_chrm01_circ_2575375	NP_Ct_r01_2018_10_16_L001	62	15	1	0	1
HAMBI_0403_chrm01_circ_2610889	NP_Ct_r01_2018_10_16_L001	45	54	1	0	1
HAMBI_0403_chrm01_circ_264598	NP_Ct_r01_2018_10_16_L001	98	1	1	0	1
HAMBI_0403_chrm01_circ_2695541	NP_Ct_r01_2018_10_16_L001	89	6	1	0	1
HAMBI_0403_chrm01_circ_2742453	NP_Ct_r01_2018_10_16_L001	121	1	1	0	1
HAMBI_0403_chrm01_circ_2835885	NP_Ct_r01_2018_10_16_L001	77	7	1	0	1
HAMBI_0403_chrm01_circ_283781	NP_Ct_r01_2018_10_16_L001	42	36	1	0	1
HAMBI_0403_chrm01_circ_2845191	NP_Ct_r01_2018_10_16_L001	50	41	1	0	1
HAMBI_0403_chrm01_circ_2869812	NP_Ct_r01_2018_10_16_L001	31	34	1	0	1
HAMBI_0403_chrm01_circ_2883870	NP_Ct_r01_2018_10_16_L001	29	62	1	0	1
HAMBI_0403_chrm01_circ_2925854	NP_Ct_r01_2018_10_16_L001	46	0	1	0	1
HAMBI_0403_chrm01_circ_2975196	NP_Ct_r01_2018_10_16_L001	78	0	1	0	1
HAMBI_0403_chrm01_circ_2998776	NP_Ct_r01_2018_10_16_L001	91	0	1	0	1
HAMBI_0403_chrm01_circ_3000465	NP_Ct_r01_2018_10_16_L001	112	5	1	0	1
HAMBI_0403_chrm01_circ_3006282	NP_Ct_r01_2018_10_16_L001	62	59	1	0	1
HAMBI_0403_chrm01_circ_3028838	NP_Ct_r01_2018_10_16_L001	83	1	1	0	1
HAMBI_0403_chrm01_circ_3031198	NP_Ct_r01_2018_10_16_L001	79	3	1	0	1
HAMBI_0403_chrm01_circ_3060179	NP_Ct_r01_2018_10_16_L001	99	2	1	0	1
HAMBI_0403_chrm01_circ_3083534	NP_Ct_r01_2018_10_16_L001	89	0	1	0	1
HAMBI_0403_chrm01_circ_3087289	NP_Ct_r01_2018_10_16_L001	81	0	1	0	1
HAMBI_0403_chrm01_circ_3103731	NP_Ct_r01_2018_10_16_L001	101	2	1	0	1
HAMBI_0403_chrm01_circ_3117371	NP_Ct_r01_2018_10_16_L001	31	56	1	0	1
HAMBI_0403_chrm01_circ_3143395	NP_Ct_r01_2018_10_16_L001	44	59	1	0	1
HAMBI_0403_chrm01_circ_3150420	NP_Ct_r01_2018_10_16_L001	66	62	1	0	1
HAMBI_0403_chrm01_circ_3171763	NP_Ct_r01_2018_10_16_L001	90	14	1	0	1
HAMBI_0403_chrm01_circ_3178892	NP_Ct_r01_2018_10_16_L001	78	1	1	0	1
HAMBI_0403_chrm01_circ_3183496	NP_Ct_r01_2018_10_16_L001	100	12	1	0	1
HAMBI_0403_chrm01_circ_3202926	NP_Ct_r01_2018_10_16_L001	40	75	1	0	1
HAMBI_0403_chrm01_circ_3206418	NP_Ct_r01_2018_10_16_L001	28	75	1	0	1
HAMBI_0403_chrm01_circ_3236488	NP_Ct_r01_2018_10_16_L001	49	34	1	0	1
HAMBI_0403_chrm01_circ_3316564	NP_Ct_r01_2018_10_16_L001	64	59	1	0	1
HAMBI_0403_chrm01_circ_3319670	NP_Ct_r01_2018_10_16_L001	59	31	1	0	1
HAMBI_0403_chrm01_circ_3321404	NP_Ct_r01_2018_10_16_L001	30	54	1	0	1
HAMBI_0403_chrm01_circ_3322346	NP_Ct_r01_2018_10_16_L001	47	59	1	0	1
HAMBI_0403_chrm01_circ_3348412	NP_Ct_r01_2018_10_16_L001	104	1	1	0	1
HAMBI_0403_chrm01_circ_3430586	NP_Ct_r01_2018_10_16_L001	93	3	1	0	1
HAMBI_0403_chrm01_circ_3430600	NP_Ct_r01_2018_10_16_L001	70	9	1	0	1
HAMBI_0403_chrm01_circ_3514428	NP_Ct_r01_2018_10_16_L001	133	4	1	0	1
HAMBI_0403_chrm01_circ_3521312	NP_Ct_r01_2018_10_16_L001	115	10	1	0	1
HAMBI_0403_chrm01_circ_3543589	NP_Ct_r01_2018_10_16_L001	122	22	1	0	1
HAMBI_0403_chrm01_circ_3553466	NP_Ct_r01_2018_10_16_L001	81	9	1	0	1
HAMBI_0403_chrm01_circ_3578564	NP_Ct_r01_2018_10_16_L001	48	37	1	0	1
HAMBI_0403_chrm01_circ_3583051	NP_Ct_r01_2018_10_16_L001	103	3	1	0	1
HAMBI_0403_chrm01_circ_3598998	NP_Ct_r01_2018_10_16_L001	83	2	1	0	1
HAMBI_0403_chrm01_circ_3617983	NP_Ct_r01_2018_10_16_L001	40	32	1	0	1
HAMBI_0403_chrm01_circ_3618655	NP_Ct_r01_2018_10_16_L001	86	3	1	0	1
HAMBI_0403_chrm01_circ_362760	NP_Ct_r01_2018_10_16_L001	96	13	1	0	1
HAMBI_0403_chrm01_circ_363853	NP_Ct_r01_2018_10_16_L001	94	5	1	0	1
HAMBI_0403_chrm01_circ_370267	NP_Ct_r01_2018_10_16_L001	74	11	1	0	1
HAMBI_0403_chrm01_circ_3702984	NP_Ct_r01_2018_10_16_L001	30	46	1	0	1
HAMBI_0403_chrm01_circ_3715513	NP_Ct_r01_2018_10_16_L001	36	61	1	0	1
HAMBI_0403_chrm01_circ_3746085	NP_Ct_r01_2018_10_16_L001	66	8	1	0	1
HAMBI_0403_chrm01_circ_3784310	NP_Ct_r01_2018_10_16_L001	93	2	1	0	1
HAMBI_0403_chrm01_circ_3807928	NP_Ct_r01_2018_10_16_L001	23	53	1	0	1
HAMBI_0403_chrm01_circ_3826549	NP_Ct_r01_2018_10_16_L001	70	14	1	0	1
HAMBI_0403_chrm01_circ_3835502	NP_Ct_r01_2018_10_16_L001	111	3	1	0	1
HAMBI_0403_chrm01_circ_3866040	NP_Ct_r01_2018_10_16_L001	48	56	1	0	1
HAMBI_0403_chrm01_circ_3903420	NP_Ct_r01_2018_10_16_L001	118	0	1	0	1
HAMBI_0403_chrm01_circ_3910409	NP_Ct_r01_2018_10_16_L001	51	52	1	0	1
HAMBI_0403_chrm01_circ_3910572	NP_Ct_r01_2018_10_16_L001	98	19	1	0	1
HAMBI_0403_chrm01_circ_3937432	NP_Ct_r01_2018_10_16_L001	100	12	1	0	1
HAMBI_0403_chrm01_circ_4039075	NP_Ct_r01_2018_10_16_L001	101	0	1	0	1
HAMBI_0403_chrm01_circ_4060726	NP_Ct_r01_2018_10_16_L001	62	49	1	0	1
HAMBI_0403_chrm01_circ_406220	NP_Ct_r01_2018_10_16_L001	24	61	1	0	1
HAMBI_0403_chrm01_circ_4062981	NP_Ct_r01_2018_10_16_L001	97	6	1	0	1
HAMBI_0403_chrm01_circ_4074693	NP_Ct_r01_2018_10_16_L001	99	1	1	0	1
HAMBI_0403_chrm01_circ_4148379	NP_Ct_r01_2018_10_16_L001	116	2	1	0	1
HAMBI_0403_chrm01_circ_4152035	NP_Ct_r01_2018_10_16_L001	49	60	1	0	1
HAMBI_0403_chrm01_circ_417322	NP_Ct_r01_2018_10_16_L001	86	3	1	0	1
HAMBI_0403_chrm01_circ_4206117	NP_Ct_r01_2018_10_16_L001	65	57	1	0	1
HAMBI_0403_chrm01_circ_4214195	NP_Ct_r01_2018_10_16_L001	49	50	1	0	1
HAMBI_0403_chrm01_circ_4217616	NP_Ct_r01_2018_10_16_L001	73	59	1	0	1
HAMBI_0403_chrm01_circ_42377	NP_Ct_r01_2018_10_16_L001	84	1	1	0	1
HAMBI_0403_chrm01_circ_4269316	NP_Ct_r01_2018_10_16_L001	57	86	1	0	1
HAMBI_0403_chrm01_circ_4274685	NP_Ct_r01_2018_10_16_L001	82	0	1	0	1
HAMBI_0403_chrm01_circ_4285286	NP_Ct_r01_2018_10_16_L001	91	15	1	0	1
HAMBI_0403_chrm01_circ_4287997	NP_Ct_r01_2018_10_16_L001	77	1	1	0	1
HAMBI_0403_chrm01_circ_4388411	NP_Ct_r01_2018_10_16_L001	51	64	1	0	1
HAMBI_0403_chrm01_circ_4410252	NP_Ct_r01_2018_10_16_L001	64	3	1	0	1
HAMBI_0403_chrm01_circ_4439367	NP_Ct_r01_2018_10_16_L001	71	10	1	0	1
HAMBI_0403_chrm01_circ_444757	NP_Ct_r01_2018_10_16_L001	22	69	1	0	1
HAMBI_0403_chrm01_circ_4507219	NP_Ct_r01_2018_10_16_L001	110	14	1	0	1
HAMBI_0403_chrm01_circ_4557583	NP_Ct_r01_2018_10_16_L001	134	2	1	0	1
HAMBI_0403_chrm01_circ_4569372	NP_Ct_r01_2018_10_16_L001	90	1	1	0	1
HAMBI_0403_chrm01_circ_4582948	NP_Ct_r01_2018_10_16_L001	95	11	1	0	1
HAMBI_0403_chrm01_circ_4600184	NP_Ct_r01_2018_10_16_L001	83	1	1	0	1
HAMBI_0403_chrm01_circ_4618691	NP_Ct_r01_2018_10_16_L001	115	1	1	0	1
HAMBI_0403_chrm01_circ_4623649	NP_Ct_r01_2018_10_16_L001	101	1	1	0	1
HAMBI_0403_chrm01_circ_464021	NP_Ct_r01_2018_10_16_L001	33	63	1	0	1
HAMBI_0403_chrm01_circ_4743728	NP_Ct_r01_2018_10_16_L001	102	2	1	0	1
HAMBI_0403_chrm01_circ_4765035	NP_Ct_r01_2018_10_16_L001	73	1	1	0	1
HAMBI_0403_chrm01_circ_4781295	NP_Ct_r01_2018_10_16_L001	43	54	1	0	1
HAMBI_0403_chrm01_circ_4792521	NP_Ct_r01_2018_10_16_L001	73	14	1	0	1
HAMBI_0403_chrm01_circ_4799691	NP_Ct_r01_2018_10_16_L001	129	5	1	0	1
HAMBI_0403_chrm01_circ_4809883	NP_Ct_r01_2018_10_16_L001	60	55	1	0	1
HAMBI_0403_chrm01_circ_4855117	NP_Ct_r01_2018_10_16_L001	88	1	1	0	1
HAMBI_0403_chrm01_circ_4857021	NP_Ct_r01_2018_10_16_L001	78	2	1	0	1
HAMBI_0403_chrm01_circ_487954	NP_Ct_r01_2018_10_16_L001	96	3	1	0	1
HAMBI_0403_chrm01_circ_4888902	NP_Ct_r01_2018_10_16_L001	78	12	1	0	1
HAMBI_0403_chrm01_circ_4916373	NP_Ct_r01_2018_10_16_L001	80	4	1	0	1
HAMBI_0403_chrm01_circ_4972460	NP_Ct_r01_2018_10_16_L001	89	0	1	0	1
HAMBI_0403_chrm01_circ_5014718	NP_Ct_r01_2018_10_16_L001	26	60	1	0	1
HAMBI_0403_chrm01_circ_5042624	NP_Ct_r01_2018_10_16_L001	46	54	1	0	1
HAMBI_0403_chrm01_circ_5045700	NP_Ct_r01_2018_10_16_L001	107	5	1	0	1
HAMBI_0403_chrm01_circ_5060740	NP_Ct_r01_2018_10_16_L001	104	2	1	0	1
HAMBI_0403_chrm01_circ_5083897	NP_Ct_r01_2018_10_16_L001	55	40	1	0	1
HAMBI_0403_chrm01_circ_5114950	NP_Ct_r01_2018_10_16_L001	22	85	1	0	1
HAMBI_0403_chrm01_circ_5136938	NP_Ct_r01_2018_10_16_L001	123	6	1	0	1
HAMBI_0403_chrm01_circ_5158099	NP_Ct_r01_2018_10_16_L001	24	77	1	0	1
HAMBI_0403_chrm01_circ_5175068	NP_Ct_r01_2018_10_16_L001	80	5	1	0	1
HAMBI_0403_chrm01_circ_5179281	NP_Ct_r01_2018_10_16_L001	99	3	1	0	1
HAMBI_0403_chrm01_circ_5192590	NP_Ct_r01_2018_10_16_L001	139	2	1	0	1
HAMBI_0403_chrm01_circ_5198526	NP_Ct_r01_2018_10_16_L001	94	2	1	0	1
HAMBI_0403_chrm01_circ_52227	NP_Ct_r01_2018_10_16_L001	96	7	1	0	1
HAMBI_0403_chrm01_circ_5239272	NP_Ct_r01_2018_10_16_L001	74	2	1	0	1
HAMBI_0403_chrm01_circ_5247950	NP_Ct_r01_2018_10_16_L001	105	0	1	0	1
HAMBI_0403_chrm01_circ_5261930	NP_Ct_r01_2018_10_16_L001	114	6	1	0	1
HAMBI_0403_chrm01_circ_5274030	NP_Ct_r01_2018_10_16_L001	130	2	1	0	1
HAMBI_0403_chrm01_circ_5311213	NP_Ct_r01_2018_10_16_L001	87	1	1	0	1
HAMBI_0403_chrm01_circ_5334246	NP_Ct_r01_2018_10_16_L001	106	1	1	0	1
HAMBI_0403_chrm01_circ_5359752	NP_Ct_r01_2018_10_16_L001	107	9	1	0	1
HAMBI_0403_chrm01_circ_5375036	NP_Ct_r01_2018_10_16_L001	97	16	1	0	1
HAMBI_0403_chrm01_circ_538733	NP_Ct_r01_2018_10_16_L001	86	1	1	0	1
HAMBI_0403_chrm01_circ_5398637	NP_Ct_r01_2018_10_16_L001	123	3	1	0	1
HAMBI_0403_chrm01_circ_5452296	NP_Ct_r01_2018_10_16_L001	57	53	1	0	1
HAMBI_0403_chrm01_circ_5488740	NP_Ct_r01_2018_10_16_L001	78	62	1	0	1
HAMBI_0403_chrm01_circ_5582102	NP_Ct_r01_2018_10_16_L001	39	59	1	0	1
HAMBI_0403_chrm01_circ_5582190	NP_Ct_r01_2018_10_16_L001	93	5	1	0	1
HAMBI_0403_chrm01_circ_5582265	NP_Ct_r01_2018_10_16_L001	86	2	1	0	1
HAMBI_0403_chrm01_circ_5604584	NP_Ct_r01_2018_10_16_L001	91	5	1	0	1
HAMBI_0403_chrm01_circ_5614022	NP_Ct_r01_2018_10_16_L001	72	9	1	0	1
HAMBI_0403_chrm01_circ_5638719	NP_Ct_r01_2018_10_16_L001	98	2	1	0	1
HAMBI_0403_chrm01_circ_5644341	NP_Ct_r01_2018_10_16_L001	43	52	1	0	1
HAMBI_0403_chrm01_circ_5691225	NP_Ct_r01_2018_10_16_L001	108	1	1	0	1
HAMBI_0403_chrm01_circ_5709378	NP_Ct_r01_2018_10_16_L001	55	47	1	0	1
HAMBI_0403_chrm01_circ_5714954	NP_Ct_r01_2018_10_16_L001	51	40	1	0	1
HAMBI_0403_chrm01_circ_5730629	NP_Ct_r01_2018_10_16_L001	100	2	1	0	1
HAMBI_0403_chrm01_circ_5738403	NP_Ct_r01_2018_10_16_L001	81	0	1	0	1
HAMBI_0403_chrm01_circ_606028	NP_Ct_r01_2018_10_16_L001	95	0	1	0	1
HAMBI_0403_chrm01_circ_613689	NP_Ct_r01_2018_10_16_L001	42	81	1	0	1
HAMBI_0403_chrm01_circ_616293	NP_Ct_r01_2018_10_16_L001	111	0	1	0	1
HAMBI_0403_chrm01_circ_637391	NP_Ct_r01_2018_10_16_L001	50	70	1	0	1
HAMBI_0403_chrm01_circ_671146	NP_Ct_r01_2018_10_16_L001	95	2	1	0	1
HAMBI_0403_chrm01_circ_684931	NP_Ct_r01_2018_10_16_L001	14	5	1	0	1
HAMBI_0403_chrm01_circ_748850	NP_Ct_r01_2018_10_16_L001	97	1	1	0	1
HAMBI_0403_chrm01_circ_753790	NP_Ct_r01_2018_10_16_L001	107	0	1	0	1
HAMBI_0403_chrm01_circ_788892	NP_Ct_r01_2018_10_16_L001	77	10	1	0	1
HAMBI_0403_chrm01_circ_831854	NP_Ct_r01_2018_10_16_L001	76	3	1	0	1
HAMBI_0403_chrm01_circ_832539	NP_Ct_r01_2018_10_16_L001	47	20	1	0	1
HAMBI_0403_chrm01_circ_842503	NP_Ct_r01_2018_10_16_L001	76	3	1	0	1
HAMBI_0403_chrm01_circ_848535	NP_Ct_r01_2018_10_16_L001	42	47	1	0	1
HAMBI_0403_chrm01_circ_883423	NP_Ct_r01_2018_10_16_L001	93	3	1	0	1
HAMBI_0403_chrm01_circ_906766	NP_Ct_r01_2018_10_16_L001	85	1	1	0	1
HAMBI_0403_chrm01_circ_916431	NP_Ct_r01_2018_10_16_L001	111	2	1	0	1
HAMBI_0403_chrm01_circ_945635	NP_Ct_r01_2018_10_16_L001	62	59	1	0	1
HAMBI_0403_chrm01_circ_957655	NP_Ct_r01_2018_10_16_L001	51	50	1	0	1
HAMBI_0403_chrm01_circ_957797	NP_Ct_r01_2018_10_16_L001	95	28	1	0	1
HAMBI_0403_chrm01_circ_957871	NP_Ct_r01_2018_10_16_L001	136	4	1	0	1
HAMBI_0403_chrm01_circ_958022	NP_Ct_r01_2018_10_16_L001	99	2	1	0	1
HAMBI_0403_chrm01_circ_958598	NP_Ct_r01_2018_10_16_L001	95	24	1	0	1
HAMBI_0403_chrm01_circ_958829	NP_Ct_r01_2018_10_16_L001	99	2	1	0	1
HAMBI_0403_chrm01_circ_958923	NP_Ct_r01_2018_10_16_L001	109	1	1	0	1
HAMBI_0403_chrm01_circ_966980	NP_Ct_r01_2018_10_16_L001	96	14	1	0	1
HAMBI_0403_plas01_circ_27065	NP_Ct_r01_2018_10_16_L001	69	66	1	0	1
HAMBI_0403_plas01_circ_34644	NP_Ct_r01_2018_10_16_L001	188	3	1	0	1
HAMBI_0403_chrm01_circ_1041879	NP_Ct_r01_2018_11_13_L001	56	16	1	0	1
HAMBI_0403_chrm01_circ_1048627	NP_Ct_r01_2018_11_13_L001	51	21	1	0	1
HAMBI_0403_chrm01_circ_1087633	NP_Ct_r01_2018_11_13_L001	53	6	1	0	1
HAMBI_0403_chrm01_circ_1089569	NP_Ct_r01_2018_11_13_L001	49	2	1	0	1
HAMBI_0403_chrm01_circ_1179102	NP_Ct_r01_2018_11_13_L001	75	8	1	0	1
HAMBI_0403_chrm01_circ_1204312	NP_Ct_r01_2018_11_13_L001	88	4	1	0	1
HAMBI_0403_chrm01_circ_1208537	NP_Ct_r01_2018_11_13_L001	80	1	1	0	1
HAMBI_0403_chrm01_circ_1220169	NP_Ct_r01_2018_11_13_L001	87	3	1	0	1
HAMBI_0403_chrm01_circ_1269396	NP_Ct_r01_2018_11_13_L001	44	10	1	0	1
HAMBI_0403_chrm01_circ_1274492	NP_Ct_r01_2018_11_13_L001	49	3	1	0	1
HAMBI_0403_chrm01_circ_1276454	NP_Ct_r01_2018_11_13_L001	86	8	1	0	1
HAMBI_0403_chrm01_circ_1331081	NP_Ct_r01_2018_11_13_L001	22	45	1	0	1
HAMBI_0403_chrm01_circ_1381129	NP_Ct_r01_2018_11_13_L001	68	0	1	0	1
HAMBI_0403_chrm01_circ_140925	NP_Ct_r01_2018_11_13_L001	54	41	1	0	1
HAMBI_0403_chrm01_circ_1432433	NP_Ct_r01_2018_11_13_L001	81	12	1	0	1
HAMBI_0403_chrm01_circ_1433097	NP_Ct_r01_2018_11_13_L001	42	37	1	0	1
HAMBI_0403_chrm01_circ_1508043	NP_Ct_r01_2018_11_13_L001	57	47	1	0	1
HAMBI_0403_chrm01_circ_1512989	NP_Ct_r01_2018_11_13_L001	100	4	1	0	1
HAMBI_0403_chrm01_circ_1521289	NP_Ct_r01_2018_11_13_L001	33	43	1	0	1
HAMBI_0403_chrm01_circ_1531856	NP_Ct_r01_2018_11_13_L001	54	4	1	0	1
HAMBI_0403_chrm01_circ_156034	NP_Ct_r01_2018_11_13_L001	57	72	1	0	1
HAMBI_0403_chrm01_circ_1584852	NP_Ct_r01_2018_11_13_L001	69	2	1	0	1
HAMBI_0403_chrm01_circ_1588427	NP_Ct_r01_2018_11_13_L001	81	1	1	0	1
HAMBI_0403_chrm01_circ_162518	NP_Ct_r01_2018_11_13_L001	78	1	1	0	1
HAMBI_0403_chrm01_circ_1631016	NP_Ct_r01_2018_11_13_L001	64	1	1	0	1
HAMBI_0403_chrm01_circ_1655504	NP_Ct_r01_2018_11_13_L001	66	6	1	0	1
HAMBI_0403_chrm01_circ_1680554	NP_Ct_r01_2018_11_13_L001	52	17	1	0	1
HAMBI_0403_chrm01_circ_1684934	NP_Ct_r01_2018_11_13_L001	59	17	1	0	1
HAMBI_0403_chrm01_circ_1748339	NP_Ct_r01_2018_11_13_L001	34	21	1	0	1
HAMBI_0403_chrm01_circ_1825191	NP_Ct_r01_2018_11_13_L001	44	14	1	0	1
HAMBI_0403_chrm01_circ_1831193	NP_Ct_r01_2018_11_13_L001	60	0	1	0	1
HAMBI_0403_chrm01_circ_1964254	NP_Ct_r01_2018_11_13_L001	65	2	1	0	1
HAMBI_0403_chrm01_circ_19727	NP_Ct_r01_2018_11_13_L001	64	1	1	0	1
HAMBI_0403_chrm01_circ_1985537	NP_Ct_r01_2018_11_13_L001	45	9	1	0	1
HAMBI_0403_chrm01_circ_1990830	NP_Ct_r01_2018_11_13_L001	39	4	1	0	1
HAMBI_0403_chrm01_circ_2035209	NP_Ct_r01_2018_11_13_L001	58	1	1	0	1
HAMBI_0403_chrm01_circ_2070393	NP_Ct_r01_2018_11_13_L001	41	18	1	0	1
HAMBI_0403_chrm01_circ_2085642	NP_Ct_r01_2018_11_13_L001	84	4	1	0	1
HAMBI_0403_chrm01_circ_2164967	NP_Ct_r01_2018_11_13_L001	84	12	1	0	1
HAMBI_0403_chrm01_circ_2170475	NP_Ct_r01_2018_11_13_L001	93	7	1	0	1
HAMBI_0403_chrm01_circ_2183342	NP_Ct_r01_2018_11_13_L001	95	4	1	0	1
HAMBI_0403_chrm01_circ_2210141	NP_Ct_r01_2018_11_13_L001	73	3	1	0	1
HAMBI_0403_chrm01_circ_2247210	NP_Ct_r01_2018_11_13_L001	60	8	1	0	1
HAMBI_0403_chrm01_circ_2263832	NP_Ct_r01_2018_11_13_L001	55	10	1	0	1
HAMBI_0403_chrm01_circ_2264970	NP_Ct_r01_2018_11_13_L001	29	15	1	0	1
HAMBI_0403_chrm01_circ_2275854	NP_Ct_r01_2018_11_13_L001	78	1	1	0	1
HAMBI_0403_chrm01_circ_2288765	NP_Ct_r01_2018_11_13_L001	44	7	1	0	1
HAMBI_0403_chrm01_circ_2298099	NP_Ct_r01_2018_11_13_L001	45	25	1	0	1
HAMBI_0403_chrm01_circ_2303297	NP_Ct_r01_2018_11_13_L001	36	26	1	0	1
HAMBI_0403_chrm01_circ_2354987	NP_Ct_r01_2018_11_13_L001	106	3	1	0	1
HAMBI_0403_chrm01_circ_2357485	NP_Ct_r01_2018_11_13_L001	109	5	1	0	1
HAMBI_0403_chrm01_circ_2399050	NP_Ct_r01_2018_11_13_L001	65	9	1	0	1
HAMBI_0403_chrm01_circ_2399143	NP_Ct_r01_2018_11_13_L001	69	6	1	0	1
HAMBI_0403_chrm01_circ_2399712	NP_Ct_r01_2018_11_13_L001	66	7	1	0	1
HAMBI_0403_chrm01_circ_2400679	NP_Ct_r01_2018_11_13_L001	83	0	1	0	1
HAMBI_0403_chrm01_circ_2406988	NP_Ct_r01_2018_11_13_L001	49	14	1	0	1
HAMBI_0403_chrm01_circ_245301	NP_Ct_r01_2018_11_13_L001	104	8	1	0	1
HAMBI_0403_chrm01_circ_2464548	NP_Ct_r01_2018_11_13_L001	62	1	1	0	1
HAMBI_0403_chrm01_circ_2494812	NP_Ct_r01_2018_11_13_L001	68	9	1	0	1
HAMBI_0403_chrm01_circ_2511562	NP_Ct_r01_2018_11_13_L001	59	13	1	0	1
HAMBI_0403_chrm01_circ_2556378	NP_Ct_r01_2018_11_13_L001	46	0	1	0	1
HAMBI_0403_chrm01_circ_2575375	NP_Ct_r01_2018_11_13_L001	66	12	1	0	1
HAMBI_0403_chrm01_circ_2610889	NP_Ct_r01_2018_11_13_L001	40	36	1	0	1
HAMBI_0403_chrm01_circ_264598	NP_Ct_r01_2018_11_13_L001	77	2	1	0	1
HAMBI_0403_chrm01_circ_2695541	NP_Ct_r01_2018_11_13_L001	33	2	1	0	1
HAMBI_0403_chrm01_circ_2742453	NP_Ct_r01_2018_11_13_L001	51	7	1	0	1
HAMBI_0403_chrm01_circ_2835885	NP_Ct_r01_2018_11_13_L001	42	4	1	0	1
HAMBI_0403_chrm01_circ_283781	NP_Ct_r01_2018_11_13_L001	35	19	1	0	1
HAMBI_0403_chrm01_circ_2845191	NP_Ct_r01_2018_11_13_L001	32	20	1	0	1
HAMBI_0403_chrm01_circ_2869812	NP_Ct_r01_2018_11_13_L001	23	15	1	0	1
HAMBI_0403_chrm01_circ_2883870	NP_Ct_r01_2018_11_13_L001	38	51	1	0	1
HAMBI_0403_chrm01_circ_2925854	NP_Ct_r01_2018_11_13_L001	40	2	1	0	1
HAMBI_0403_chrm01_circ_2975196	NP_Ct_r01_2018_11_13_L001	39	0	1	0	1
HAMBI_0403_chrm01_circ_2998776	NP_Ct_r01_2018_11_13_L001	48	4	1	0	1
HAMBI_0403_chrm01_circ_3000465	NP_Ct_r01_2018_11_13_L001	85	9	1	0	1
HAMBI_0403_chrm01_circ_3006282	NP_Ct_r01_2018_11_13_L001	39	21	1	0	1
HAMBI_0403_chrm01_circ_3028838	NP_Ct_r01_2018_11_13_L001	90	1	1	0	1
HAMBI_0403_chrm01_circ_3031198	NP_Ct_r01_2018_11_13_L001	67	14	1	0	1
HAMBI_0403_chrm01_circ_3060179	NP_Ct_r01_2018_11_13_L001	95	9	1	0	1
HAMBI_0403_chrm01_circ_3083534	NP_Ct_r01_2018_11_13_L001	65	0	1	0	1
HAMBI_0403_chrm01_circ_3087289	NP_Ct_r01_2018_11_13_L001	56	3	1	0	1
HAMBI_0403_chrm01_circ_3103731	NP_Ct_r01_2018_11_13_L001	65	3	1	0	1
HAMBI_0403_chrm01_circ_3117371	NP_Ct_r01_2018_11_13_L001	22	24	1	0	1
HAMBI_0403_chrm01_circ_3143395	NP_Ct_r01_2018_11_13_L001	43	14	1	0	1
HAMBI_0403_chrm01_circ_3150420	NP_Ct_r01_2018_11_13_L001	49	31	1	0	1
HAMBI_0403_chrm01_circ_3171763	NP_Ct_r01_2018_11_13_L001	85	11	1	0	1
HAMBI_0403_chrm01_circ_3178892	NP_Ct_r01_2018_11_13_L001	37	9	1	0	1
HAMBI_0403_chrm01_circ_3183496	NP_Ct_r01_2018_11_13_L001	67	12	1	0	1
HAMBI_0403_chrm01_circ_3202926	NP_Ct_r01_2018_11_13_L001	44	45	1	0	1
HAMBI_0403_chrm01_circ_3206418	NP_Ct_r01_2018_11_13_L001	19	43	1	0	1
HAMBI_0403_chrm01_circ_3236488	NP_Ct_r01_2018_11_13_L001	48	26	1	0	1
HAMBI_0403_chrm01_circ_3316564	NP_Ct_r01_2018_11_13_L001	49	28	1	0	1
HAMBI_0403_chrm01_circ_3319670	NP_Ct_r01_2018_11_13_L001	50	32	1	0	1
HAMBI_0403_chrm01_circ_3321404	NP_Ct_r01_2018_11_13_L001	37	39	1	0	1
HAMBI_0403_chrm01_circ_3322346	NP_Ct_r01_2018_11_13_L001	44	47	1	0	1
HAMBI_0403_chrm01_circ_3348412	NP_Ct_r01_2018_11_13_L001	83	6	1	0	1
HAMBI_0403_chrm01_circ_3430586	NP_Ct_r01_2018_11_13_L001	37	3	1	0	1
HAMBI_0403_chrm01_circ_3430600	NP_Ct_r01_2018_11_13_L001	35	6	1	0	1
HAMBI_0403_chrm01_circ_3514428	NP_Ct_r01_2018_11_13_L001	113	17	1	0	1
HAMBI_0403_chrm01_circ_3521312	NP_Ct_r01_2018_11_13_L001	107	16	1	0	1
HAMBI_0403_chrm01_circ_3543589	NP_Ct_r01_2018_11_13_L001	128	13	1	0	1
HAMBI_0403_chrm01_circ_3553466	NP_Ct_r01_2018_11_13_L001	84	14	1	0	1
HAMBI_0403_chrm01_circ_3578564	NP_Ct_r01_2018_11_13_L001	32	20	1	0	1
HAMBI_0403_chrm01_circ_3583051	NP_Ct_r01_2018_11_13_L001	76	6	1	0	1
HAMBI_0403_chrm01_circ_3598998	NP_Ct_r01_2018_11_13_L001	44	6	1	0	1
HAMBI_0403_chrm01_circ_3617983	NP_Ct_r01_2018_11_13_L001	20	17	1	0	1
HAMBI_0403_chrm01_circ_3618655	NP_Ct_r01_2018_11_13_L001	72	2	1	0	1
HAMBI_0403_chrm01_circ_362760	NP_Ct_r01_2018_11_13_L001	71	4	1	0	1
HAMBI_0403_chrm01_circ_363853	NP_Ct_r01_2018_11_13_L001	76	11	1	0	1
HAMBI_0403_chrm01_circ_370267	NP_Ct_r01_2018_11_13_L001	51	4	1	0	1
HAMBI_0403_chrm01_circ_3702984	NP_Ct_r01_2018_11_13_L001	35	10	1	0	1
HAMBI_0403_chrm01_circ_3715513	NP_Ct_r01_2018_11_13_L001	23	34	1	0	1
HAMBI_0403_chrm01_circ_3746085	NP_Ct_r01_2018_11_13_L001	50	5	1	0	1
HAMBI_0403_chrm01_circ_3784310	NP_Ct_r01_2018_11_13_L001	80	9	1	0	1
HAMBI_0403_chrm01_circ_3807928	NP_Ct_r01_2018_11_13_L001	15	33	1	0	1
HAMBI_0403_chrm01_circ_3826549	NP_Ct_r01_2018_11_13_L001	53	4	1	0	1
HAMBI_0403_chrm01_circ_3835502	NP_Ct_r01_2018_11_13_L001	53	9	1	0	1
HAMBI_0403_chrm01_circ_3866040	NP_Ct_r01_2018_11_13_L001	51	28	1	0	1
HAMBI_0403_chrm01_circ_3903420	NP_Ct_r01_2018_11_13_L001	116	1	1	0	1
HAMBI_0403_chrm01_circ_3910409	NP_Ct_r01_2018_11_13_L001	48	42	1	0	1
HAMBI_0403_chrm01_circ_3910572	NP_Ct_r01_2018_11_13_L001	81	10	1	0	1
HAMBI_0403_chrm01_circ_3937432	NP_Ct_r01_2018_11_13_L001	73	9	1	0	1
HAMBI_0403_chrm01_circ_4039075	NP_Ct_r01_2018_11_13_L001	63	2	1	0	1
HAMBI_0403_chrm01_circ_4060726	NP_Ct_r01_2018_11_13_L001	44	34	1	0	1
HAMBI_0403_chrm01_circ_406220	NP_Ct_r01_2018_11_13_L001	31	71	1	0	1
HAMBI_0403_chrm01_circ_4062981	NP_Ct_r01_2018_11_13_L001	68	8	1	0	1
HAMBI_0403_chrm01_circ_4074693	NP_Ct_r01_2018_11_13_L001	84	0	1	0	1
HAMBI_0403_chrm01_circ_4148379	NP_Ct_r01_2018_11_13_L001	71	4	1	0	1
HAMBI_0403_chrm01_circ_4152035	NP_Ct_r01_2018_11_13_L001	44	36	1	0	1
HAMBI_0403_chrm01_circ_417322	NP_Ct_r01_2018_11_13_L001	65	6	1	0	1
HAMBI_0403_chrm01_circ_4206117	NP_Ct_r01_2018_11_13_L001	41	24	1	0	1
HAMBI_0403_chrm01_circ_4214195	NP_Ct_r01_2018_11_13_L001	41	23	1	0	1
HAMBI_0403_chrm01_circ_4217616	NP_Ct_r01_2018_11_13_L001	58	29	1	0	1
HAMBI_0403_chrm01_circ_42377	NP_Ct_r01_2018_11_13_L001	84	4	1	0	1
HAMBI_0403_chrm01_circ_4269316	NP_Ct_r01_2018_11_13_L001	73	44	1	0	1
HAMBI_0403_chrm01_circ_4274685	NP_Ct_r01_2018_11_13_L001	42	0	1	0	1
HAMBI_0403_chrm01_circ_4285286	NP_Ct_r01_2018_11_13_L001	58	14	1	0	1
HAMBI_0403_chrm01_circ_4287997	NP_Ct_r01_2018_11_13_L001	28	4	1	0	1
HAMBI_0403_chrm01_circ_4388411	NP_Ct_r01_2018_11_13_L001	47	20	1	0	1
HAMBI_0403_chrm01_circ_4410252	NP_Ct_r01_2018_11_13_L001	58	5	1	0	1
HAMBI_0403_chrm01_circ_4439367	NP_Ct_r01_2018_11_13_L001	42	11	1	0	1
HAMBI_0403_chrm01_circ_444757	NP_Ct_r01_2018_11_13_L001	21	55	1	0	1
HAMBI_0403_chrm01_circ_4507219	NP_Ct_r01_2018_11_13_L001	67	17	1	0	1
HAMBI_0403_chrm01_circ_4557583	NP_Ct_r01_2018_11_13_L001	89	4	1	0	1
HAMBI_0403_chrm01_circ_4569372	NP_Ct_r01_2018_11_13_L001	50	1	1	0	1
HAMBI_0403_chrm01_circ_4582948	NP_Ct_r01_2018_11_13_L001	81	7	1	0	1
HAMBI_0403_chrm01_circ_4600184	NP_Ct_r01_2018_11_13_L001	76	10	1	0	1
HAMBI_0403_chrm01_circ_4618691	NP_Ct_r01_2018_11_13_L001	110	5	1	0	1
HAMBI_0403_chrm01_circ_4623649	NP_Ct_r01_2018_11_13_L001	67	3	1	0	1
HAMBI_0403_chrm01_circ_464021	NP_Ct_r01_2018_11_13_L001	23	48	1	0	1
HAMBI_0403_chrm01_circ_4743728	NP_Ct_r01_2018_11_13_L001	61	13	1	0	1
HAMBI_0403_chrm01_circ_4765035	NP_Ct_r01_2018_11_13_L001	63	10	1	0	1
HAMBI_0403_chrm01_circ_4781295	NP_Ct_r01_2018_11_13_L001	48	23	1	0	1
HAMBI_0403_chrm01_circ_4792521	NP_Ct_r01_2018_11_13_L001	61	5	1	0	1
HAMBI_0403_chrm01_circ_4799691	NP_Ct_r01_2018_11_13_L001	105	14	1	0	1
HAMBI_0403_chrm01_circ_4809883	NP_Ct_r01_2018_11_13_L001	62	46	1	0	1
HAMBI_0403_chrm01_circ_4855117	NP_Ct_r01_2018_11_13_L001	75	4	1	0	1
HAMBI_0403_chrm01_circ_4857021	NP_Ct_r01_2018_11_13_L001	71	1	1	0	1
HAMBI_0403_chrm01_circ_487954	NP_Ct_r01_2018_11_13_L001	69	4	1	0	1
HAMBI_0403_chrm01_circ_4888902	NP_Ct_r01_2018_11_13_L001	74	6	1	0	1
HAMBI_0403_chrm01_circ_4916373	NP_Ct_r01_2018_11_13_L001	80	3	1	0	1
HAMBI_0403_chrm01_circ_4972460	NP_Ct_r01_2018_11_13_L001	71	5	1	0	1
HAMBI_0403_chrm01_circ_5014718	NP_Ct_r01_2018_11_13_L001	28	31	1	0	1
HAMBI_0403_chrm01_circ_5042624	NP_Ct_r01_2018_11_13_L001	47	20	1	0	1
HAMBI_0403_chrm01_circ_5045700	NP_Ct_r01_2018_11_13_L001	68	3	1	0	1
HAMBI_0403_chrm01_circ_5060740	NP_Ct_r01_2018_11_13_L001	63	1	1	0	1
HAMBI_0403_chrm01_circ_5083897	NP_Ct_r01_2018_11_13_L001	48	16	1	0	1
HAMBI_0403_chrm01_circ_5114950	NP_Ct_r01_2018_11_13_L001	24	44	1	0	1
HAMBI_0403_chrm01_circ_5136938	NP_Ct_r01_2018_11_13_L001	84	16	1	0	1
HAMBI_0403_chrm01_circ_5158099	NP_Ct_r01_2018_11_13_L001	29	36	1	0	1
HAMBI_0403_chrm01_circ_5175068	NP_Ct_r01_2018_11_13_L001	66	5	1	0	1
HAMBI_0403_chrm01_circ_5179281	NP_Ct_r01_2018_11_13_L001	68	5	1	0	1
HAMBI_0403_chrm01_circ_5192590	NP_Ct_r01_2018_11_13_L001	97	4	1	0	1
HAMBI_0403_chrm01_circ_5198526	NP_Ct_r01_2018_11_13_L001	35	1	1	0	1
HAMBI_0403_chrm01_circ_52227	NP_Ct_r01_2018_11_13_L001	78	7	1	0	1
HAMBI_0403_chrm01_circ_5239272	NP_Ct_r01_2018_11_13_L001	50	0	1	0	1
HAMBI_0403_chrm01_circ_5247950	NP_Ct_r01_2018_11_13_L001	73	0	1	0	1
HAMBI_0403_chrm01_circ_5261930	NP_Ct_r01_2018_11_13_L001	71	10	1	0	1
HAMBI_0403_chrm01_circ_5274030	NP_Ct_r01_2018_11_13_L001	115	20	1	0	1
HAMBI_0403_chrm01_circ_5311213	NP_Ct_r01_2018_11_13_L001	60	3	1	0	1
HAMBI_0403_chrm01_circ_5334246	NP_Ct_r01_2018_11_13_L001	116	6	1	0	1
HAMBI_0403_chrm01_circ_5359752	NP_Ct_r01_2018_11_13_L001	68	11	1	0	1
HAMBI_0403_chrm01_circ_5375036	NP_Ct_r01_2018_11_13_L001	99	17	1	0	1
HAMBI_0403_chrm01_circ_538733	NP_Ct_r01_2018_11_13_L001	49	1	1	0	1
HAMBI_0403_chrm01_circ_5398637	NP_Ct_r01_2018_11_13_L001	88	9	1	0	1
HAMBI_0403_chrm01_circ_5452296	NP_Ct_r01_2018_11_13_L001	47	44	1	0	1
HAMBI_0403_chrm01_circ_5488740	NP_Ct_r01_2018_11_13_L001	72	39	1	0	1
HAMBI_0403_chrm01_circ_5582102	NP_Ct_r01_2018_11_13_L001	26	32	1	0	1
HAMBI_0403_chrm01_circ_5582190	NP_Ct_r01_2018_11_13_L001	43	5	1	0	1
HAMBI_0403_chrm01_circ_5582265	NP_Ct_r01_2018_11_13_L001	42	3	1	0	1
HAMBI_0403_chrm01_circ_5604584	NP_Ct_r01_2018_11_13_L001	58	6	1	0	1
HAMBI_0403_chrm01_circ_5614022	NP_Ct_r01_2018_11_13_L001	51	8	1	0	1
HAMBI_0403_chrm01_circ_5638719	NP_Ct_r01_2018_11_13_L001	71	10	1	0	1
HAMBI_0403_chrm01_circ_5644341	NP_Ct_r01_2018_11_13_L001	53	50	1	0	1
HAMBI_0403_chrm01_circ_5691225	NP_Ct_r01_2018_11_13_L001	78	1	1	0	1
HAMBI_0403_chrm01_circ_5709378	NP_Ct_r01_2018_11_13_L001	62	27	1	0	1
HAMBI_0403_chrm01_circ_5714954	NP_Ct_r01_2018_11_13_L001	30	16	1	0	1
HAMBI_0403_chrm01_circ_5730629	NP_Ct_r01_2018_11_13_L001	61	11	1	0	1
HAMBI_0403_chrm01_circ_5738403	NP_Ct_r01_2018_11_13_L001	51	8	1	0	1
HAMBI_0403_chrm01_circ_606028	NP_Ct_r01_2018_11_13_L001	52	0	1	0	1
HAMBI_0403_chrm01_circ_613689	NP_Ct_r01_2018_11_13_L001	57	63	1	0	1
HAMBI_0403_chrm01_circ_616293	NP_Ct_r01_2018_11_13_L001	108	3	1	0	1
HAMBI_0403_chrm01_circ_637391	NP_Ct_r01_2018_11_13_L001	67	41	1	0	1
HAMBI_0403_chrm01_circ_671146	NP_Ct_r01_2018_11_13_L001	68	2	1	0	1
HAMBI_0403_chrm01_circ_684931	NP_Ct_r01_2018_11_13_L001	11	0	1	0	1
HAMBI_0403_chrm01_circ_748850	NP_Ct_r01_2018_11_13_L001	74	0	1	0	1
HAMBI_0403_chrm01_circ_753790	NP_Ct_r01_2018_11_13_L001	73	1	1	0	1
HAMBI_0403_chrm01_circ_788892	NP_Ct_r01_2018_11_13_L001	27	3	1	0	1
HAMBI_0403_chrm01_circ_831854	NP_Ct_r01_2018_11_13_L001	76	3	1	0	1
HAMBI_0403_chrm01_circ_832539	NP_Ct_r01_2018_11_13_L001	40	13	1	0	1
HAMBI_0403_chrm01_circ_842503	NP_Ct_r01_2018_11_13_L001	65	7	1	0	1
HAMBI_0403_chrm01_circ_848535	NP_Ct_r01_2018_11_13_L001	59	33	1	0	1
HAMBI_0403_chrm01_circ_883423	NP_Ct_r01_2018_11_13_L001	55	17	1	0	1
HAMBI_0403_chrm01_circ_906766	NP_Ct_r01_2018_11_13_L001	54	1	1	0	1
HAMBI_0403_chrm01_circ_916431	NP_Ct_r01_2018_11_13_L001	78	5	1	0	1
HAMBI_0403_chrm01_circ_945635	NP_Ct_r01_2018_11_13_L001	48	32	1	0	1
HAMBI_0403_chrm01_circ_957655	NP_Ct_r01_2018_11_13_L001	64	27	1	0	1
HAMBI_0403_chrm01_circ_957797	NP_Ct_r01_2018_11_13_L001	86	13	1	0	1
HAMBI_0403_chrm01_circ_957871	NP_Ct_r01_2018_11_13_L001	72	5	1	0	1
HAMBI_0403_chrm01_circ_958022	NP_Ct_r01_2018_11_13_L001	66	6	1	0	1
HAMBI_0403_chrm01_circ_958598	NP_Ct_r01_2018_11_13_L001	82	11	1	0	1
HAMBI_0403_chrm01_circ_958829	NP_Ct_r01_2018_11_13_L001	73	1	1	0	1
HAMBI_0403_chrm01_circ_958923	NP_Ct_r01_2018_11_13_L001	81	5	1	0	1
HAMBI_0403_chrm01_circ_966980	NP_Ct_r01_2018_11_13_L001	80	10	1	0	1
HAMBI_0403_plas01_circ_27065	NP_Ct_r01_2018_11_13_L001	96	55	1	0	1
HAMBI_0403_plas01_circ_34644	NP_Ct_r01_2018_11_13_L001	144	8	1	0	1
HAMBI_0403_chrm01_circ_1041879	NP_Ct_r01_2018_12_11_L001	44	3	1	0	1
HAMBI_0403_chrm01_circ_1048627	NP_Ct_r01_2018_12_11_L001	36	19	1	0	1
HAMBI_0403_chrm01_circ_1087633	NP_Ct_r01_2018_12_11_L001	32	2	1	0	1
HAMBI_0403_chrm01_circ_1089569	NP_Ct_r01_2018_12_11_L001	37	8	1	0	1
HAMBI_0403_chrm01_circ_1179102	NP_Ct_r01_2018_12_11_L001	55	7	1	0	1
HAMBI_0403_chrm01_circ_1204312	NP_Ct_r01_2018_12_11_L001	61	7	1	0	1
HAMBI_0403_chrm01_circ_1208537	NP_Ct_r01_2018_12_11_L001	54	2	1	0	1
HAMBI_0403_chrm01_circ_1220169	NP_Ct_r01_2018_12_11_L001	57	10	1	0	1
HAMBI_0403_chrm01_circ_1269396	NP_Ct_r01_2018_12_11_L001	61	5	1	0	1
HAMBI_0403_chrm01_circ_1274492	NP_Ct_r01_2018_12_11_L001	42	4	1	0	1
HAMBI_0403_chrm01_circ_1276454	NP_Ct_r01_2018_12_11_L001	78	3	1	0	1
HAMBI_0403_chrm01_circ_1331081	NP_Ct_r01_2018_12_11_L001	5	42	1	0	1
HAMBI_0403_chrm01_circ_1381129	NP_Ct_r01_2018_12_11_L001	56	0	1	0	1
HAMBI_0403_chrm01_circ_140925	NP_Ct_r01_2018_12_11_L001	39	24	1	0	1
HAMBI_0403_chrm01_circ_1432433	NP_Ct_r01_2018_12_11_L001	59	8	1	0	1
HAMBI_0403_chrm01_circ_1433097	NP_Ct_r01_2018_12_11_L001	35	28	1	0	1
HAMBI_0403_chrm01_circ_1508043	NP_Ct_r01_2018_12_11_L001	50	41	1	0	1
HAMBI_0403_chrm01_circ_1512989	NP_Ct_r01_2018_12_11_L001	48	5	1	0	1
HAMBI_0403_chrm01_circ_1521289	NP_Ct_r01_2018_12_11_L001	31	43	1	0	1
HAMBI_0403_chrm01_circ_1531856	NP_Ct_r01_2018_12_11_L001	38	11	1	0	1
HAMBI_0403_chrm01_circ_156034	NP_Ct_r01_2018_12_11_L001	32	35	1	0	1
HAMBI_0403_chrm01_circ_1584852	NP_Ct_r01_2018_12_11_L001	63	2	1	0	1
HAMBI_0403_chrm01_circ_1588427	NP_Ct_r01_2018_12_11_L001	62	1	1	0	1
HAMBI_0403_chrm01_circ_162518	NP_Ct_r01_2018_12_11_L001	56	2	1	0	1
HAMBI_0403_chrm01_circ_1631016	NP_Ct_r01_2018_12_11_L001	82	4	1	0	1
HAMBI_0403_chrm01_circ_1655504	NP_Ct_r01_2018_12_11_L001	57	12	1	0	1
HAMBI_0403_chrm01_circ_1680554	NP_Ct_r01_2018_12_11_L001	68	10	1	0	1
HAMBI_0403_chrm01_circ_1684934	NP_Ct_r01_2018_12_11_L001	29	14	1	0	1
HAMBI_0403_chrm01_circ_1748339	NP_Ct_r01_2018_12_11_L001	27	31	1	0	1
HAMBI_0403_chrm01_circ_1825191	NP_Ct_r01_2018_12_11_L001	44	23	1	0	1
HAMBI_0403_chrm01_circ_1831193	NP_Ct_r01_2018_12_11_L001	69	0	1	0	1
HAMBI_0403_chrm01_circ_1964254	NP_Ct_r01_2018_12_11_L001	68	5	1	0	1
HAMBI_0403_chrm01_circ_19727	NP_Ct_r01_2018_12_11_L001	56	0	1	0	1
HAMBI_0403_chrm01_circ_1985537	NP_Ct_r01_2018_12_11_L001	43	4	1	0	1
HAMBI_0403_chrm01_circ_1990830	NP_Ct_r01_2018_12_11_L001	44	4	1	0	1
HAMBI_0403_chrm01_circ_2035209	NP_Ct_r01_2018_12_11_L001	57	1	1	0	1
HAMBI_0403_chrm01_circ_2070393	NP_Ct_r01_2018_12_11_L001	31	34	1	0	1
HAMBI_0403_chrm01_circ_2085642	NP_Ct_r01_2018_12_11_L001	74	3	1	0	1
HAMBI_0403_chrm01_circ_2164967	NP_Ct_r01_2018_12_11_L001	77	7	1	0	1
HAMBI_0403_chrm01_circ_2170475	NP_Ct_r01_2018_12_11_L001	73	14	1	0	1
HAMBI_0403_chrm01_circ_2183342	NP_Ct_r01_2018_12_11_L001	51	14	1	0	1
HAMBI_0403_chrm01_circ_2210141	NP_Ct_r01_2018_12_11_L001	62	4	1	0	1
HAMBI_0403_chrm01_circ_2247210	NP_Ct_r01_2018_12_11_L001	57	14	1	0	1
HAMBI_0403_chrm01_circ_2263832	NP_Ct_r01_2018_12_11_L001	61	8	1	0	1
HAMBI_0403_chrm01_circ_2264970	NP_Ct_r01_2018_12_11_L001	34	19	1	0	1
HAMBI_0403_chrm01_circ_2275854	NP_Ct_r01_2018_12_11_L001	59	5	1	0	1
HAMBI_0403_chrm01_circ_2288765	NP_Ct_r01_2018_12_11_L001	51	8	1	0	1
HAMBI_0403_chrm01_circ_2298099	NP_Ct_r01_2018_12_11_L001	36	34	1	0	1
HAMBI_0403_chrm01_circ_2303297	NP_Ct_r01_2018_12_11_L001	29	31	1	0	1
HAMBI_0403_chrm01_circ_2354987	NP_Ct_r01_2018_12_11_L001	79	9	1	0	1
HAMBI_0403_chrm01_circ_2357485	NP_Ct_r01_2018_12_11_L001	83	1	1	0	1
HAMBI_0403_chrm01_circ_2399050	NP_Ct_r01_2018_12_11_L001	72	8	1	0	1
HAMBI_0403_chrm01_circ_2399143	NP_Ct_r01_2018_12_11_L001	61	2	1	0	1
HAMBI_0403_chrm01_circ_2399712	NP_Ct_r01_2018_12_11_L001	62	9	1	0	1
HAMBI_0403_chrm01_circ_2400679	NP_Ct_r01_2018_12_11_L001	82	0	1	0	1
HAMBI_0403_chrm01_circ_2406988	NP_Ct_r01_2018_12_11_L001	60	8	1	0	1
HAMBI_0403_chrm01_circ_245301	NP_Ct_r01_2018_12_11_L001	86	18	1	0	1
HAMBI_0403_chrm01_circ_2464548	NP_Ct_r01_2018_12_11_L001	42	1	1	0	1
HAMBI_0403_chrm01_circ_2494812	NP_Ct_r01_2018_12_11_L001	66	9	1	0	1
HAMBI_0403_chrm01_circ_2511562	NP_Ct_r01_2018_12_11_L001	59	12	1	0	1
HAMBI_0403_chrm01_circ_2556378	NP_Ct_r01_2018_12_11_L001	58	2	1	0	1
HAMBI_0403_chrm01_circ_2575375	NP_Ct_r01_2018_12_11_L001	40	7	1	0	1
HAMBI_0403_chrm01_circ_2610889	NP_Ct_r01_2018_12_11_L001	58	41	1	0	1
HAMBI_0403_chrm01_circ_264598	NP_Ct_r01_2018_12_11_L001	65	0	1	0	1
HAMBI_0403_chrm01_circ_2695541	NP_Ct_r01_2018_12_11_L001	51	9	1	0	1
HAMBI_0403_chrm01_circ_2742453	NP_Ct_r01_2018_12_11_L001	52	11	1	0	1
HAMBI_0403_chrm01_circ_2835885	NP_Ct_r01_2018_12_11_L001	39	3	1	0	1
HAMBI_0403_chrm01_circ_283781	NP_Ct_r01_2018_12_11_L001	35	20	1	0	1
HAMBI_0403_chrm01_circ_2845191	NP_Ct_r01_2018_12_11_L001	23	32	1	0	1
HAMBI_0403_chrm01_circ_2869812	NP_Ct_r01_2018_12_11_L001	25	20	1	0	1
HAMBI_0403_chrm01_circ_2883870	NP_Ct_r01_2018_12_11_L001	32	44	1	0	1
HAMBI_0403_chrm01_circ_2925854	NP_Ct_r01_2018_12_11_L001	37	3	1	0	1
HAMBI_0403_chrm01_circ_2975196	NP_Ct_r01_2018_12_11_L001	52	3	1	0	1
HAMBI_0403_chrm01_circ_2998776	NP_Ct_r01_2018_12_11_L001	59	5	1	0	1
HAMBI_0403_chrm01_circ_3000465	NP_Ct_r01_2018_12_11_L001	77	12	1	0	1
HAMBI_0403_chrm01_circ_3006282	NP_Ct_r01_2018_12_11_L001	38	40	1	0	1
HAMBI_0403_chrm01_circ_3028838	NP_Ct_r01_2018_12_11_L001	56	2	1	0	1
HAMBI_0403_chrm01_circ_3031198	NP_Ct_r01_2018_12_11_L001	44	8	1	0	1
HAMBI_0403_chrm01_circ_3060179	NP_Ct_r01_2018_12_11_L001	58	4	1	0	1
HAMBI_0403_chrm01_circ_3083534	NP_Ct_r01_2018_12_11_L001	67	0	1	0	1
HAMBI_0403_chrm01_circ_3087289	NP_Ct_r01_2018_12_11_L001	50	1	1	0	1
HAMBI_0403_chrm01_circ_3103731	NP_Ct_r01_2018_12_11_L001	42	1	1	0	1
HAMBI_0403_chrm01_circ_3117371	NP_Ct_r01_2018_12_11_L001	20	28	1	0	1
HAMBI_0403_chrm01_circ_3143395	NP_Ct_r01_2018_12_11_L001	38	20	1	0	1
HAMBI_0403_chrm01_circ_3150420	NP_Ct_r01_2018_12_11_L001	53	48	1	0	1
HAMBI_0403_chrm01_circ_3171763	NP_Ct_r01_2018_12_11_L001	62	6	1	0	1
HAMBI_0403_chrm01_circ_3178892	NP_Ct_r01_2018_12_11_L001	49	10	1	0	1
HAMBI_0403_chrm01_circ_3183496	NP_Ct_r01_2018_12_11_L001	49	5	1	0	1
HAMBI_0403_chrm01_circ_3202926	NP_Ct_r01_2018_12_11_L001	45	49	1	0	1
HAMBI_0403_chrm01_circ_3206418	NP_Ct_r01_2018_12_11_L001	10	61	1	0	1
HAMBI_0403_chrm01_circ_3236488	NP_Ct_r01_2018_12_11_L001	32	32	1	0	1
HAMBI_0403_chrm01_circ_3316564	NP_Ct_r01_2018_12_11_L001	42	25	1	0	1
HAMBI_0403_chrm01_circ_3319670	NP_Ct_r01_2018_12_11_L001	40	30	1	0	1
HAMBI_0403_chrm01_circ_3321404	NP_Ct_r01_2018_12_11_L001	17	39	1	0	1
HAMBI_0403_chrm01_circ_3322346	NP_Ct_r01_2018_12_11_L001	30	37	1	0	1
HAMBI_0403_chrm01_circ_3348412	NP_Ct_r01_2018_12_11_L001	58	4	1	0	1
HAMBI_0403_chrm01_circ_3430586	NP_Ct_r01_2018_12_11_L001	54	4	1	0	1
HAMBI_0403_chrm01_circ_3430600	NP_Ct_r01_2018_12_11_L001	49	2	1	0	1
HAMBI_0403_chrm01_circ_3514428	NP_Ct_r01_2018_12_11_L001	82	14	1	0	1
HAMBI_0403_chrm01_circ_3521312	NP_Ct_r01_2018_12_11_L001	96	12	1	0	1
HAMBI_0403_chrm01_circ_3543589	NP_Ct_r01_2018_12_11_L001	72	10	1	0	1
HAMBI_0403_chrm01_circ_3553466	NP_Ct_r01_2018_12_11_L001	74	10	1	0	1
HAMBI_0403_chrm01_circ_3578564	NP_Ct_r01_2018_12_11_L001	39	24	1	0	1
HAMBI_0403_chrm01_circ_3583051	NP_Ct_r01_2018_12_11_L001	68	0	1	0	1
HAMBI_0403_chrm01_circ_3598998	NP_Ct_r01_2018_12_11_L001	43	10	1	0	1
HAMBI_0403_chrm01_circ_3617983	NP_Ct_r01_2018_12_11_L001	17	15	1	0	1
HAMBI_0403_chrm01_circ_3618655	NP_Ct_r01_2018_12_11_L001	55	3	1	0	1
HAMBI_0403_chrm01_circ_362760	NP_Ct_r01_2018_12_11_L001	77	16	1	0	1
HAMBI_0403_chrm01_circ_363853	NP_Ct_r01_2018_12_11_L001	59	16	1	0	1
HAMBI_0403_chrm01_circ_370267	NP_Ct_r01_2018_12_11_L001	53	2	1	0	1
HAMBI_0403_chrm01_circ_3702984	NP_Ct_r01_2018_12_11_L001	36	24	1	0	1
HAMBI_0403_chrm01_circ_3715513	NP_Ct_r01_2018_12_11_L001	30	35	1	0	1
HAMBI_0403_chrm01_circ_3746085	NP_Ct_r01_2018_12_11_L001	37	1	1	0	1
HAMBI_0403_chrm01_circ_3784310	NP_Ct_r01_2018_12_11_L001	43	11	1	0	1
HAMBI_0403_chrm01_circ_3807928	NP_Ct_r01_2018_12_11_L001	15	46	1	0	1
HAMBI_0403_chrm01_circ_3826549	NP_Ct_r01_2018_12_11_L001	58	8	1	0	1
HAMBI_0403_chrm01_circ_3835502	NP_Ct_r01_2018_12_11_L001	51	10	1	0	1
HAMBI_0403_chrm01_circ_3866040	NP_Ct_r01_2018_12_11_L001	30	36	1	0	1
HAMBI_0403_chrm01_circ_3903420	NP_Ct_r01_2018_12_11_L001	99	4	1	0	1
HAMBI_0403_chrm01_circ_3910409	NP_Ct_r01_2018_12_11_L001	31	25	1	0	1
HAMBI_0403_chrm01_circ_3910572	NP_Ct_r01_2018_12_11_L001	44	11	1	0	1
HAMBI_0403_chrm01_circ_3937432	NP_Ct_r01_2018_12_11_L001	72	9	1	0	1
HAMBI_0403_chrm01_circ_4039075	NP_Ct_r01_2018_12_11_L001	70	5	1	0	1
HAMBI_0403_chrm01_circ_4060726	NP_Ct_r01_2018_12_11_L001	30	30	1	0	1
HAMBI_0403_chrm01_circ_406220	NP_Ct_r01_2018_12_11_L001	15	70	1	0	1
HAMBI_0403_chrm01_circ_4062981	NP_Ct_r01_2018_12_11_L001	51	12	1	0	1
HAMBI_0403_chrm01_circ_4074693	NP_Ct_r01_2018_12_11_L001	67	1	1	0	1
HAMBI_0403_chrm01_circ_4148379	NP_Ct_r01_2018_12_11_L001	48	9	1	0	1
HAMBI_0403_chrm01_circ_4152035	NP_Ct_r01_2018_12_11_L001	30	41	1	0	1
HAMBI_0403_chrm01_circ_417322	NP_Ct_r01_2018_12_11_L001	38	12	1	0	1
HAMBI_0403_chrm01_circ_4206117	NP_Ct_r01_2018_12_11_L001	49	34	1	0	1
HAMBI_0403_chrm01_circ_4214195	NP_Ct_r01_2018_12_11_L001	35	38	1	0	1
HAMBI_0403_chrm01_circ_4217616	NP_Ct_r01_2018_12_11_L001	36	40	1	0	1
HAMBI_0403_chrm01_circ_42377	NP_Ct_r01_2018_12_11_L001	67	6	1	0	1
HAMBI_0403_chrm01_circ_4269316	NP_Ct_r01_2018_12_11_L001	55	70	1	0	1
HAMBI_0403_chrm01_circ_4274685	NP_Ct_r01_2018_12_11_L001	45	2	1	0	1
HAMBI_0403_chrm01_circ_4285286	NP_Ct_r01_2018_12_11_L001	62	3	1	0	1
HAMBI_0403_chrm01_circ_4287997	NP_Ct_r01_2018_12_11_L001	54	12	1	0	1
HAMBI_0403_chrm01_circ_4388411	NP_Ct_r01_2018_12_11_L001	31	34	1	0	1
HAMBI_0403_chrm01_circ_4410252	NP_Ct_r01_2018_12_11_L001	37	11	1	0	1
HAMBI_0403_chrm01_circ_4439367	NP_Ct_r01_2018_12_11_L001	38	3	1	0	1
HAMBI_0403_chrm01_circ_444757	NP_Ct_r01_2018_12_11_L001	15	55	1	0	1
HAMBI_0403_chrm01_circ_4507219	NP_Ct_r01_2018_12_11_L001	68	3	1	0	1
HAMBI_0403_chrm01_circ_4557583	NP_Ct_r01_2018_12_11_L001	77	1	1	0	1
HAMBI_0403_chrm01_circ_4569372	NP_Ct_r01_2018_12_11_L001	36	1	1	0	1
HAMBI_0403_chrm01_circ_4582948	NP_Ct_r01_2018_12_11_L001	66	5	1	0	1
HAMBI_0403_chrm01_circ_4600184	NP_Ct_r01_2018_12_11_L001	57	4	1	0	1
HAMBI_0403_chrm01_circ_4618691	NP_Ct_r01_2018_12_11_L001	106	9	1	0	1
HAMBI_0403_chrm01_circ_4623649	NP_Ct_r01_2018_12_11_L001	62	2	1	0	1
HAMBI_0403_chrm01_circ_464021	NP_Ct_r01_2018_12_11_L001	29	36	1	0	1
HAMBI_0403_chrm01_circ_4743728	NP_Ct_r01_2018_12_11_L001	56	8	1	0	1
HAMBI_0403_chrm01_circ_4765035	NP_Ct_r01_2018_12_11_L001	54	10	1	0	1
HAMBI_0403_chrm01_circ_4781295	NP_Ct_r01_2018_12_11_L001	36	39	1	0	1
HAMBI_0403_chrm01_circ_4792521	NP_Ct_r01_2018_12_11_L001	68	8	1	0	1
HAMBI_0403_chrm01_circ_4799691	NP_Ct_r01_2018_12_11_L001	77	20	1	0	1
HAMBI_0403_chrm01_circ_4809883	NP_Ct_r01_2018_12_11_L001	42	34	1	0	1
HAMBI_0403_chrm01_circ_4855117	NP_Ct_r01_2018_12_11_L001	55	6	1	0	1
HAMBI_0403_chrm01_circ_4857021	NP_Ct_r01_2018_12_11_L001	60	2	1	0	1
HAMBI_0403_chrm01_circ_487954	NP_Ct_r01_2018_12_11_L001	64	3	1	0	1
HAMBI_0403_chrm01_circ_4888902	NP_Ct_r01_2018_12_11_L001	61	5	1	0	1
HAMBI_0403_chrm01_circ_4916373	NP_Ct_r01_2018_12_11_L001	67	15	1	0	1
HAMBI_0403_chrm01_circ_4972460	NP_Ct_r01_2018_12_11_L001	59	17	1	0	1
HAMBI_0403_chrm01_circ_5014718	NP_Ct_r01_2018_12_11_L001	22	34	1	0	1
HAMBI_0403_chrm01_circ_5042624	NP_Ct_r01_2018_12_11_L001	42	33	1	0	1
HAMBI_0403_chrm01_circ_5045700	NP_Ct_r01_2018_12_11_L001	46	1	1	0	1
HAMBI_0403_chrm01_circ_5060740	NP_Ct_r01_2018_12_11_L001	69	1	1	0	1
HAMBI_0403_chrm01_circ_5083897	NP_Ct_r01_2018_12_11_L001	24	16	1	0	1
HAMBI_0403_chrm01_circ_5114950	NP_Ct_r01_2018_12_11_L001	12	54	1	0	1
HAMBI_0403_chrm01_circ_5136938	NP_Ct_r01_2018_12_11_L001	66	11	1	0	1
HAMBI_0403_chrm01_circ_5158099	NP_Ct_r01_2018_12_11_L001	26	52	1	0	1
HAMBI_0403_chrm01_circ_5175068	NP_Ct_r01_2018_12_11_L001	44	12	1	0	1
HAMBI_0403_chrm01_circ_5179281	NP_Ct_r01_2018_12_11_L001	42	4	1	0	1
HAMBI_0403_chrm01_circ_5192590	NP_Ct_r01_2018_12_11_L001	51	5	1	0	1
HAMBI_0403_chrm01_circ_5198526	NP_Ct_r01_2018_12_11_L001	54	1	1	0	1
HAMBI_0403_chrm01_circ_52227	NP_Ct_r01_2018_12_11_L001	73	6	1	0	1
HAMBI_0403_chrm01_circ_5239272	NP_Ct_r01_2018_12_11_L001	44	2	1	0	1
HAMBI_0403_chrm01_circ_5247950	NP_Ct_r01_2018_12_11_L001	66	0	1	0	1
HAMBI_0403_chrm01_circ_5261930	NP_Ct_r01_2018_12_11_L001	52	6	1	0	1
HAMBI_0403_chrm01_circ_5274030	NP_Ct_r01_2018_12_11_L001	84	11	1	0	1
HAMBI_0403_chrm01_circ_5311213	NP_Ct_r01_2018_12_11_L001	52	10	1	0	1
HAMBI_0403_chrm01_circ_5334246	NP_Ct_r01_2018_12_11_L001	78	8	1	0	1
HAMBI_0403_chrm01_circ_5359752	NP_Ct_r01_2018_12_11_L001	58	9	1	0	1
HAMBI_0403_chrm01_circ_5375036	NP_Ct_r01_2018_12_11_L001	64	7	1	0	1
HAMBI_0403_chrm01_circ_538733	NP_Ct_r01_2018_12_11_L001	34	1	1	0	1
HAMBI_0403_chrm01_circ_5398637	NP_Ct_r01_2018_12_11_L001	57	11	1	0	1
HAMBI_0403_chrm01_circ_5452296	NP_Ct_r01_2018_12_11_L001	39	30	1	0	1
HAMBI_0403_chrm01_circ_5488740	NP_Ct_r01_2018_12_11_L001	43	48	1	0	1
HAMBI_0403_chrm01_circ_5582102	NP_Ct_r01_2018_12_11_L001	26	30	1	0	1
HAMBI_0403_chrm01_circ_5582190	NP_Ct_r01_2018_12_11_L001	44	7	1	0	1
HAMBI_0403_chrm01_circ_5582265	NP_Ct_r01_2018_12_11_L001	41	6	1	0	1
HAMBI_0403_chrm01_circ_5604584	NP_Ct_r01_2018_12_11_L001	53	15	1	0	1
HAMBI_0403_chrm01_circ_5614022	NP_Ct_r01_2018_12_11_L001	55	4	1	0	1
HAMBI_0403_chrm01_circ_5638719	NP_Ct_r01_2018_12_11_L001	53	8	1	0	1
HAMBI_0403_chrm01_circ_5644341	NP_Ct_r01_2018_12_11_L001	32	38	1	0	1
HAMBI_0403_chrm01_circ_5691225	NP_Ct_r01_2018_12_11_L001	52	7	1	0	1
HAMBI_0403_chrm01_circ_5709378	NP_Ct_r01_2018_12_11_L001	40	24	1	0	1
HAMBI_0403_chrm01_circ_5714954	NP_Ct_r01_2018_12_11_L001	27	24	1	0	1
HAMBI_0403_chrm01_circ_5730629	NP_Ct_r01_2018_12_11_L001	65	8	1	0	1
HAMBI_0403_chrm01_circ_5738403	NP_Ct_r01_2018_12_11_L001	45	14	1	0	1
HAMBI_0403_chrm01_circ_606028	NP_Ct_r01_2018_12_11_L001	53	1	1	0	1
HAMBI_0403_chrm01_circ_613689	NP_Ct_r01_2018_12_11_L001	31	51	1	0	1
HAMBI_0403_chrm01_circ_616293	NP_Ct_r01_2018_12_11_L001	64	6	1	0	1
HAMBI_0403_chrm01_circ_637391	NP_Ct_r01_2018_12_11_L001	44	37	1	0	1
HAMBI_0403_chrm01_circ_671146	NP_Ct_r01_2018_12_11_L001	58	2	1	0	1
HAMBI_0403_chrm01_circ_684931	NP_Ct_r01_2018_12_11_L001	13	9	1	0	1
HAMBI_0403_chrm01_circ_748850	NP_Ct_r01_2018_12_11_L001	49	0	1	0	1
HAMBI_0403_chrm01_circ_753790	NP_Ct_r01_2018_12_11_L001	62	1	1	0	1
HAMBI_0403_chrm01_circ_788892	NP_Ct_r01_2018_12_11_L001	36	3	1	0	1
HAMBI_0403_chrm01_circ_831854	NP_Ct_r01_2018_12_11_L001	51	15	1	0	1
HAMBI_0403_chrm01_circ_832539	NP_Ct_r01_2018_12_11_L001	59	3	1	0	1
HAMBI_0403_chrm01_circ_842503	NP_Ct_r01_2018_12_11_L001	46	10	1	0	1
HAMBI_0403_chrm01_circ_848535	NP_Ct_r01_2018_12_11_L001	53	31	1	0	1
HAMBI_0403_chrm01_circ_883423	NP_Ct_r01_2018_12_11_L001	62	7	1	0	1
HAMBI_0403_chrm01_circ_906766	NP_Ct_r01_2018_12_11_L001	53	1	1	0	1
HAMBI_0403_chrm01_circ_916431	NP_Ct_r01_2018_12_11_L001	56	6	1	0	1
HAMBI_0403_chrm01_circ_945635	NP_Ct_r01_2018_12_11_L001	33	28	1	0	1
HAMBI_0403_chrm01_circ_957655	NP_Ct_r01_2018_12_11_L001	37	32	1	0	1
HAMBI_0403_chrm01_circ_957797	NP_Ct_r01_2018_12_11_L001	54	5	1	0	1
HAMBI_0403_chrm01_circ_957871	NP_Ct_r01_2018_12_11_L001	55	0	1	0	1
HAMBI_0403_chrm01_circ_958022	NP_Ct_r01_2018_12_11_L001	51	11	1	0	1
HAMBI_0403_chrm01_circ_958598	NP_Ct_r01_2018_12_11_L001	60	7	1	0	1
HAMBI_0403_chrm01_circ_958829	NP_Ct_r01_2018_12_11_L001	50	1	1	0	1
HAMBI_0403_chrm01_circ_958923	NP_Ct_r01_2018_12_11_L001	56	9	1	0	1
HAMBI_0403_chrm01_circ_966980	NP_Ct_r01_2018_12_11_L001	78	6	1	0	1
HAMBI_0403_plas01_circ_27065	NP_Ct_r01_2018_12_11_L001	58	74	1	0	1
HAMBI_0403_plas01_circ_34644	NP_Ct_r01_2018_12_11_L001	109	3	1	0	1
HAMBI_0403_chrm01_circ_1041879	NP_Ct_r01_2019_02_04_L003	61	2	1	0	1
HAMBI_0403_chrm01_circ_1048627	NP_Ct_r01_2019_02_04_L003	69	12	1	0	1
HAMBI_0403_chrm01_circ_1087633	NP_Ct_r01_2019_02_04_L003	73	8	1	0	1
HAMBI_0403_chrm01_circ_1089569	NP_Ct_r01_2019_02_04_L003	71	4	1	0	1
HAMBI_0403_chrm01_circ_1179102	NP_Ct_r01_2019_02_04_L003	50	12	1	0	1
HAMBI_0403_chrm01_circ_1204312	NP_Ct_r01_2019_02_04_L003	54	31	1	0	1
HAMBI_0403_chrm01_circ_1208537	NP_Ct_r01_2019_02_04_L003	77	9	1	0	1
HAMBI_0403_chrm01_circ_1220169	NP_Ct_r01_2019_02_04_L003	55	25	1	0	1
HAMBI_0403_chrm01_circ_1269396	NP_Ct_r01_2019_02_04_L003	73	17	1	0	1
HAMBI_0403_chrm01_circ_1274492	NP_Ct_r01_2019_02_04_L003	47	15	1	0	1
HAMBI_0403_chrm01_circ_1276454	NP_Ct_r01_2019_02_04_L003	95	2	1	0	1
HAMBI_0403_chrm01_circ_1331081	NP_Ct_r01_2019_02_04_L003	7	58	1	0	1
HAMBI_0403_chrm01_circ_1381129	NP_Ct_r01_2019_02_04_L003	82	0	1	0	1
HAMBI_0403_chrm01_circ_140925	NP_Ct_r01_2019_02_04_L003	70	8	1	0	1
HAMBI_0403_chrm01_circ_1432433	NP_Ct_r01_2019_02_04_L003	85	2	1	0	1
HAMBI_0403_chrm01_circ_1433097	NP_Ct_r01_2019_02_04_L003	61	13	1	0	1
HAMBI_0403_chrm01_circ_1508043	NP_Ct_r01_2019_02_04_L003	65	12	1	0	1
HAMBI_0403_chrm01_circ_1512989	NP_Ct_r01_2019_02_04_L003	85	12	1	0	1
HAMBI_0403_chrm01_circ_1521289	NP_Ct_r01_2019_02_04_L003	72	15	1	0	1
HAMBI_0403_chrm01_circ_1531856	NP_Ct_r01_2019_02_04_L003	52	8	1	0	1
HAMBI_0403_chrm01_circ_156034	NP_Ct_r01_2019_02_04_L003	79	18	1	0	1
HAMBI_0403_chrm01_circ_1584852	NP_Ct_r01_2019_02_04_L003	50	26	1	0	1
HAMBI_0403_chrm01_circ_1588427	NP_Ct_r01_2019_02_04_L003	63	10	1	0	1
HAMBI_0403_chrm01_circ_162518	NP_Ct_r01_2019_02_04_L003	72	9	1	0	1
HAMBI_0403_chrm01_circ_1631016	NP_Ct_r01_2019_02_04_L003	62	11	1	0	1
HAMBI_0403_chrm01_circ_1655504	NP_Ct_r01_2019_02_04_L003	64	12	1	0	1
HAMBI_0403_chrm01_circ_1680554	NP_Ct_r01_2019_02_04_L003	92	4	1	0	1
HAMBI_0403_chrm01_circ_1684934	NP_Ct_r01_2019_02_04_L003	60	12	1	0	1
HAMBI_0403_chrm01_circ_1748339	NP_Ct_r01_2019_02_04_L003	75	13	1	0	1
HAMBI_0403_chrm01_circ_1825191	NP_Ct_r01_2019_02_04_L003	80	9	1	0	1
HAMBI_0403_chrm01_circ_1831193	NP_Ct_r01_2019_02_04_L003	80	11	1	0	1
HAMBI_0403_chrm01_circ_1964254	NP_Ct_r01_2019_02_04_L003	64	15	1	0	1
HAMBI_0403_chrm01_circ_19727	NP_Ct_r01_2019_02_04_L003	58	18	1	0	1
HAMBI_0403_chrm01_circ_1985537	NP_Ct_r01_2019_02_04_L003	65	1	1	0	1
HAMBI_0403_chrm01_circ_1990830	NP_Ct_r01_2019_02_04_L003	46	30	1	0	1
HAMBI_0403_chrm01_circ_2035209	NP_Ct_r01_2019_02_04_L003	70	10	1	0	1
HAMBI_0403_chrm01_circ_2070393	NP_Ct_r01_2019_02_04_L003	59	5	1	0	1
HAMBI_0403_chrm01_circ_2085642	NP_Ct_r01_2019_02_04_L003	61	24	1	0	1
HAMBI_0403_chrm01_circ_2164967	NP_Ct_r01_2019_02_04_L003	104	4	1	0	1
HAMBI_0403_chrm01_circ_2170475	NP_Ct_r01_2019_02_04_L003	62	12	1	0	1
HAMBI_0403_chrm01_circ_2183342	NP_Ct_r01_2019_02_04_L003	55	15	1	0	1
HAMBI_0403_chrm01_circ_2210141	NP_Ct_r01_2019_02_04_L003	76	14	1	0	1
HAMBI_0403_chrm01_circ_2247210	NP_Ct_r01_2019_02_04_L003	60	25	1	0	1
HAMBI_0403_chrm01_circ_2263832	NP_Ct_r01_2019_02_04_L003	81	4	1	0	1
HAMBI_0403_chrm01_circ_2264970	NP_Ct_r01_2019_02_04_L003	61	7	1	0	1
HAMBI_0403_chrm01_circ_2275854	NP_Ct_r01_2019_02_04_L003	56	17	1	0	1
HAMBI_0403_chrm01_circ_2288765	NP_Ct_r01_2019_02_04_L003	93	5	1	0	1
HAMBI_0403_chrm01_circ_2298099	NP_Ct_r01_2019_02_04_L003	55	11	1	0	1
HAMBI_0403_chrm01_circ_2303297	NP_Ct_r01_2019_02_04_L003	66	8	1	0	1
HAMBI_0403_chrm01_circ_2354987	NP_Ct_r01_2019_02_04_L003	75	14	1	0	1
HAMBI_0403_chrm01_circ_2357485	NP_Ct_r01_2019_02_04_L003	81	22	1	0	1
HAMBI_0403_chrm01_circ_2399050	NP_Ct_r01_2019_02_04_L003	68	6	1	0	1
HAMBI_0403_chrm01_circ_2399143	NP_Ct_r01_2019_02_04_L003	58	17	1	0	1
HAMBI_0403_chrm01_circ_2399712	NP_Ct_r01_2019_02_04_L003	89	17	1	0	1
HAMBI_0403_chrm01_circ_2400679	NP_Ct_r01_2019_02_04_L003	76	0	1	0	1
HAMBI_0403_chrm01_circ_2406988	NP_Ct_r01_2019_02_04_L003	94	4	1	0	1
HAMBI_0403_chrm01_circ_245301	NP_Ct_r01_2019_02_04_L003	69	21	1	0	1
HAMBI_0403_chrm01_circ_2464548	NP_Ct_r01_2019_02_04_L003	63	7	1	0	1
HAMBI_0403_chrm01_circ_2494812	NP_Ct_r01_2019_02_04_L003	91	3	1	0	1
HAMBI_0403_chrm01_circ_2511562	NP_Ct_r01_2019_02_04_L003	82	14	1	0	1
HAMBI_0403_chrm01_circ_2556378	NP_Ct_r01_2019_02_04_L003	68	10	1	0	1
HAMBI_0403_chrm01_circ_2575375	NP_Ct_r01_2019_02_04_L003	63	2	1	0	1
HAMBI_0403_chrm01_circ_2610889	NP_Ct_r01_2019_02_04_L003	65	8	1	0	1
HAMBI_0403_chrm01_circ_264598	NP_Ct_r01_2019_02_04_L003	75	9	1	0	1
HAMBI_0403_chrm01_circ_2695541	NP_Ct_r01_2019_02_04_L003	64	20	1	0	1
HAMBI_0403_chrm01_circ_2742453	NP_Ct_r01_2019_02_04_L003	63	14	1	0	1
HAMBI_0403_chrm01_circ_2835885	NP_Ct_r01_2019_02_04_L003	48	2	1	0	1
HAMBI_0403_chrm01_circ_283781	NP_Ct_r01_2019_02_04_L003	70	4	1	0	1
HAMBI_0403_chrm01_circ_2845191	NP_Ct_r01_2019_02_04_L003	57	9	1	0	1
HAMBI_0403_chrm01_circ_2869812	NP_Ct_r01_2019_02_04_L003	56	8	1	0	1
HAMBI_0403_chrm01_circ_2883870	NP_Ct_r01_2019_02_04_L003	79	20	1	0	1
HAMBI_0403_chrm01_circ_2925854	NP_Ct_r01_2019_02_04_L003	41	11	1	0	1
HAMBI_0403_chrm01_circ_2975196	NP_Ct_r01_2019_02_04_L003	54	9	1	0	1
HAMBI_0403_chrm01_circ_2998776	NP_Ct_r01_2019_02_04_L003	56	22	1	0	1
HAMBI_0403_chrm01_circ_3000465	NP_Ct_r01_2019_02_04_L003	61	42	1	0	1
HAMBI_0403_chrm01_circ_3006282	NP_Ct_r01_2019_02_04_L003	81	12	1	0	1
HAMBI_0403_chrm01_circ_3028838	NP_Ct_r01_2019_02_04_L003	72	8	1	0	1
HAMBI_0403_chrm01_circ_3031198	NP_Ct_r01_2019_02_04_L003	59	17	1	0	1
HAMBI_0403_chrm01_circ_3060179	NP_Ct_r01_2019_02_04_L003	58	20	1	0	1
HAMBI_0403_chrm01_circ_3083534	NP_Ct_r01_2019_02_04_L003	75	0	1	0	1
HAMBI_0403_chrm01_circ_3087289	NP_Ct_r01_2019_02_04_L003	79	11	1	0	1
HAMBI_0403_chrm01_circ_3103731	NP_Ct_r01_2019_02_04_L003	52	7	1	0	1
HAMBI_0403_chrm01_circ_3117371	NP_Ct_r01_2019_02_04_L003	57	12	1	0	1
HAMBI_0403_chrm01_circ_3143395	NP_Ct_r01_2019_02_04_L003	60	2	1	0	1
HAMBI_0403_chrm01_circ_3150420	NP_Ct_r01_2019_02_04_L003	93	7	1	0	1
HAMBI_0403_chrm01_circ_3171763	NP_Ct_r01_2019_02_04_L003	85	7	1	0	1
HAMBI_0403_chrm01_circ_3178892	NP_Ct_r01_2019_02_04_L003	64	15	1	0	1
HAMBI_0403_chrm01_circ_3183496	NP_Ct_r01_2019_02_04_L003	88	5	1	0	1
HAMBI_0403_chrm01_circ_3202926	NP_Ct_r01_2019_02_04_L003	62	18	1	0	1
HAMBI_0403_chrm01_circ_3206418	NP_Ct_r01_2019_02_04_L003	32	36	1	0	1
HAMBI_0403_chrm01_circ_3236488	NP_Ct_r01_2019_02_04_L003	60	13	1	0	1
HAMBI_0403_chrm01_circ_3316564	NP_Ct_r01_2019_02_04_L003	71	5	1	0	1
HAMBI_0403_chrm01_circ_3319670	NP_Ct_r01_2019_02_04_L003	78	12	1	0	1
HAMBI_0403_chrm01_circ_3321404	NP_Ct_r01_2019_02_04_L003	69	16	1	0	1
HAMBI_0403_chrm01_circ_3322346	NP_Ct_r01_2019_02_04_L003	63	14	1	0	1
HAMBI_0403_chrm01_circ_3348412	NP_Ct_r01_2019_02_04_L003	80	25	1	0	1
HAMBI_0403_chrm01_circ_3430586	NP_Ct_r01_2019_02_04_L003	68	14	1	0	1
HAMBI_0403_chrm01_circ_3430600	NP_Ct_r01_2019_02_04_L003	68	4	1	0	1
HAMBI_0403_chrm01_circ_3514428	NP_Ct_r01_2019_02_04_L003	84	17	1	0	1
HAMBI_0403_chrm01_circ_3521312	NP_Ct_r01_2019_02_04_L003	97	1	1	0	1
HAMBI_0403_chrm01_circ_3543589	NP_Ct_r01_2019_02_04_L003	92	6	1	0	1
HAMBI_0403_chrm01_circ_3553466	NP_Ct_r01_2019_02_04_L003	85	6	1	0	1
HAMBI_0403_chrm01_circ_3578564	NP_Ct_r01_2019_02_04_L003	60	10	1	0	1
HAMBI_0403_chrm01_circ_3583051	NP_Ct_r01_2019_02_04_L003	71	9	1	0	1
HAMBI_0403_chrm01_circ_3598998	NP_Ct_r01_2019_02_04_L003	54	9	1	0	1
HAMBI_0403_chrm01_circ_3617983	NP_Ct_r01_2019_02_04_L003	59	9	1	0	1
HAMBI_0403_chrm01_circ_3618655	NP_Ct_r01_2019_02_04_L003	64	6	1	0	1
HAMBI_0403_chrm01_circ_362760	NP_Ct_r01_2019_02_04_L003	81	3	1	0	1
HAMBI_0403_chrm01_circ_363853	NP_Ct_r01_2019_02_04_L003	74	17	1	0	1
HAMBI_0403_chrm01_circ_370267	NP_Ct_r01_2019_02_04_L003	77	6	1	0	1
HAMBI_0403_chrm01_circ_3702984	NP_Ct_r01_2019_02_04_L003	59	8	1	0	1
HAMBI_0403_chrm01_circ_3715513	NP_Ct_r01_2019_02_04_L003	64	10	1	0	1
HAMBI_0403_chrm01_circ_3746085	NP_Ct_r01_2019_02_04_L003	88	1	1	0	1
HAMBI_0403_chrm01_circ_3784310	NP_Ct_r01_2019_02_04_L003	66	18	1	0	1
HAMBI_0403_chrm01_circ_3807928	NP_Ct_r01_2019_02_04_L003	33	39	1	0	1
HAMBI_0403_chrm01_circ_3826549	NP_Ct_r01_2019_02_04_L003	79	3	1	0	1
HAMBI_0403_chrm01_circ_3835502	NP_Ct_r01_2019_02_04_L003	52	35	1	0	1
HAMBI_0403_chrm01_circ_3866040	NP_Ct_r01_2019_02_04_L003	69	14	1	0	1
HAMBI_0403_chrm01_circ_3903420	NP_Ct_r01_2019_02_04_L003	110	13	1	0	1
HAMBI_0403_chrm01_circ_3910409	NP_Ct_r01_2019_02_04_L003	65	14	1	0	1
HAMBI_0403_chrm01_circ_3910572	NP_Ct_r01_2019_02_04_L003	66	6	1	0	1
HAMBI_0403_chrm01_circ_3937432	NP_Ct_r01_2019_02_04_L003	88	2	1	0	1
HAMBI_0403_chrm01_circ_4039075	NP_Ct_r01_2019_02_04_L003	63	7	1	0	1
HAMBI_0403_chrm01_circ_4060726	NP_Ct_r01_2019_02_04_L003	76	13	1	0	1
HAMBI_0403_chrm01_circ_406220	NP_Ct_r01_2019_02_04_L003	49	38	1	0	1
HAMBI_0403_chrm01_circ_4062981	NP_Ct_r01_2019_02_04_L003	50	34	1	0	1
HAMBI_0403_chrm01_circ_4074693	NP_Ct_r01_2019_02_04_L003	89	10	1	0	1
HAMBI_0403_chrm01_circ_4148379	NP_Ct_r01_2019_02_04_L003	56	40	1	0	1
HAMBI_0403_chrm01_circ_4152035	NP_Ct_r01_2019_02_04_L003	71	14	1	0	1
HAMBI_0403_chrm01_circ_417322	NP_Ct_r01_2019_02_04_L003	48	19	1	0	1
HAMBI_0403_chrm01_circ_4206117	NP_Ct_r01_2019_02_04_L003	80	10	1	0	1
HAMBI_0403_chrm01_circ_4214195	NP_Ct_r01_2019_02_04_L003	80	7	1	0	1
HAMBI_0403_chrm01_circ_4217616	NP_Ct_r01_2019_02_04_L003	91	15	1	0	1
HAMBI_0403_chrm01_circ_42377	NP_Ct_r01_2019_02_04_L003	70	24	1	0	1
HAMBI_0403_chrm01_circ_4269316	NP_Ct_r01_2019_02_04_L003	78	9	1	0	1
HAMBI_0403_chrm01_circ_4274685	NP_Ct_r01_2019_02_04_L003	55	19	1	0	1
HAMBI_0403_chrm01_circ_4285286	NP_Ct_r01_2019_02_04_L003	94	5	1	0	1
HAMBI_0403_chrm01_circ_4287997	NP_Ct_r01_2019_02_04_L003	41	10	1	0	1
HAMBI_0403_chrm01_circ_4388411	NP_Ct_r01_2019_02_04_L003	68	9	1	0	1
HAMBI_0403_chrm01_circ_4410252	NP_Ct_r01_2019_02_04_L003	57	39	1	0	1
HAMBI_0403_chrm01_circ_4439367	NP_Ct_r01_2019_02_04_L003	68	1	1	0	1
HAMBI_0403_chrm01_circ_444757	NP_Ct_r01_2019_02_04_L003	44	45	1	0	1
HAMBI_0403_chrm01_circ_4507219	NP_Ct_r01_2019_02_04_L003	75	4	1	0	1
HAMBI_0403_chrm01_circ_4557583	NP_Ct_r01_2019_02_04_L003	74	9	1	0	1
HAMBI_0403_chrm01_circ_4569372	NP_Ct_r01_2019_02_04_L003	49	11	1	0	1
HAMBI_0403_chrm01_circ_4582948	NP_Ct_r01_2019_02_04_L003	97	3	1	0	1
HAMBI_0403_chrm01_circ_4600184	NP_Ct_r01_2019_02_04_L003	56	12	1	0	1
HAMBI_0403_chrm01_circ_4618691	NP_Ct_r01_2019_02_04_L003	76	18	1	0	1
HAMBI_0403_chrm01_circ_4623649	NP_Ct_r01_2019_02_04_L003	37	14	1	0	1
HAMBI_0403_chrm01_circ_464021	NP_Ct_r01_2019_02_04_L003	86	13	1	0	1
HAMBI_0403_chrm01_circ_4743728	NP_Ct_r01_2019_02_04_L003	50	27	1	0	1
HAMBI_0403_chrm01_circ_4765035	NP_Ct_r01_2019_02_04_L003	74	15	1	0	1
HAMBI_0403_chrm01_circ_4781295	NP_Ct_r01_2019_02_04_L003	90	18	1	0	1
HAMBI_0403_chrm01_circ_4792521	NP_Ct_r01_2019_02_04_L003	94	6	1	0	1
HAMBI_0403_chrm01_circ_4799691	NP_Ct_r01_2019_02_04_L003	73	9	1	0	1
HAMBI_0403_chrm01_circ_4809883	NP_Ct_r01_2019_02_04_L003	86	15	1	0	1
HAMBI_0403_chrm01_circ_4855117	NP_Ct_r01_2019_02_04_L003	56	12	1	0	1
HAMBI_0403_chrm01_circ_4857021	NP_Ct_r01_2019_02_04_L003	70	8	1	0	1
HAMBI_0403_chrm01_circ_487954	NP_Ct_r01_2019_02_04_L003	69	10	1	0	1
HAMBI_0403_chrm01_circ_4888902	NP_Ct_r01_2019_02_04_L003	77	1	1	0	1
HAMBI_0403_chrm01_circ_4916373	NP_Ct_r01_2019_02_04_L003	61	19	1	0	1
HAMBI_0403_chrm01_circ_4972460	NP_Ct_r01_2019_02_04_L003	59	25	1	0	1
HAMBI_0403_chrm01_circ_5014718	NP_Ct_r01_2019_02_04_L003	73	16	1	0	1
HAMBI_0403_chrm01_circ_5042624	NP_Ct_r01_2019_02_04_L003	63	14	1	0	1
HAMBI_0403_chrm01_circ_5045700	NP_Ct_r01_2019_02_04_L003	104	2	1	0	1
HAMBI_0403_chrm01_circ_5060740	NP_Ct_r01_2019_02_04_L003	68	10	1	0	1
HAMBI_0403_chrm01_circ_5083897	NP_Ct_r01_2019_02_04_L003	60	10	1	0	1
HAMBI_0403_chrm01_circ_5114950	NP_Ct_r01_2019_02_04_L003	48	37	1	0	1
HAMBI_0403_chrm01_circ_5136938	NP_Ct_r01_2019_02_04_L003	97	2	1	0	1
HAMBI_0403_chrm01_circ_5158099	NP_Ct_r01_2019_02_04_L003	61	14	1	0	1
HAMBI_0403_chrm01_circ_5175068	NP_Ct_r01_2019_02_04_L003	57	14	1	0	1
HAMBI_0403_chrm01_circ_5179281	NP_Ct_r01_2019_02_04_L003	89	16	1	0	1
HAMBI_0403_chrm01_circ_5192590	NP_Ct_r01_2019_02_04_L003	77	27	1	0	1
HAMBI_0403_chrm01_circ_5198526	NP_Ct_r01_2019_02_04_L003	70	8	1	0	1
HAMBI_0403_chrm01_circ_52227	NP_Ct_r01_2019_02_04_L003	47	42	1	0	1
HAMBI_0403_chrm01_circ_5239272	NP_Ct_r01_2019_02_04_L003	58	7	1	0	1
HAMBI_0403_chrm01_circ_5247950	NP_Ct_r01_2019_02_04_L003	77	0	1	0	1
HAMBI_0403_chrm01_circ_5261930	NP_Ct_r01_2019_02_04_L003	91	18	1	0	1
HAMBI_0403_chrm01_circ_5274030	NP_Ct_r01_2019_02_04_L003	66	17	1	0	1
HAMBI_0403_chrm01_circ_5311213	NP_Ct_r01_2019_02_04_L003	62	15	1	0	1
HAMBI_0403_chrm01_circ_5334246	NP_Ct_r01_2019_02_04_L003	63	26	1	0	1
HAMBI_0403_chrm01_circ_5359752	NP_Ct_r01_2019_02_04_L003	84	5	1	0	1
HAMBI_0403_chrm01_circ_5375036	NP_Ct_r01_2019_02_04_L003	99	5	1	0	1
HAMBI_0403_chrm01_circ_538733	NP_Ct_r01_2019_02_04_L003	62	10	1	0	1
HAMBI_0403_chrm01_circ_5398637	NP_Ct_r01_2019_02_04_L003	57	38	1	0	1
HAMBI_0403_chrm01_circ_5452296	NP_Ct_r01_2019_02_04_L003	71	14	1	0	1
HAMBI_0403_chrm01_circ_5488740	NP_Ct_r01_2019_02_04_L003	79	12	1	0	1
HAMBI_0403_chrm01_circ_5582102	NP_Ct_r01_2019_02_04_L003	56	10	1	0	1
HAMBI_0403_chrm01_circ_5582190	NP_Ct_r01_2019_02_04_L003	61	11	1	0	1
HAMBI_0403_chrm01_circ_5582265	NP_Ct_r01_2019_02_04_L003	34	34	1	0	1
HAMBI_0403_chrm01_circ_5604584	NP_Ct_r01_2019_02_04_L003	59	17	1	0	1
HAMBI_0403_chrm01_circ_5614022	NP_Ct_r01_2019_02_04_L003	64	3	1	0	1
HAMBI_0403_chrm01_circ_5638719	NP_Ct_r01_2019_02_04_L003	56	20	1	0	1
HAMBI_0403_chrm01_circ_5644341	NP_Ct_r01_2019_02_04_L003	95	12	1	0	1
HAMBI_0403_chrm01_circ_5691225	NP_Ct_r01_2019_02_04_L003	88	9	1	0	1
HAMBI_0403_chrm01_circ_5709378	NP_Ct_r01_2019_02_04_L003	62	7	1	0	1
HAMBI_0403_chrm01_circ_5714954	NP_Ct_r01_2019_02_04_L003	61	10	1	0	1
HAMBI_0403_chrm01_circ_5730629	NP_Ct_r01_2019_02_04_L003	60	28	1	0	1
HAMBI_0403_chrm01_circ_5738403	NP_Ct_r01_2019_02_04_L003	67	11	1	0	1
HAMBI_0403_chrm01_circ_606028	NP_Ct_r01_2019_02_04_L003	78	11	1	0	1
HAMBI_0403_chrm01_circ_613689	NP_Ct_r01_2019_02_04_L003	83	14	1	0	1
HAMBI_0403_chrm01_circ_616293	NP_Ct_r01_2019_02_04_L003	52	15	1	0	1
HAMBI_0403_chrm01_circ_637391	NP_Ct_r01_2019_02_04_L003	63	14	1	0	1
HAMBI_0403_chrm01_circ_671146	NP_Ct_r01_2019_02_04_L003	52	14	1	0	1
HAMBI_0403_chrm01_circ_684931	NP_Ct_r01_2019_02_04_L003	27	0	1	0	1
HAMBI_0403_chrm01_circ_748850	NP_Ct_r01_2019_02_04_L003	62	10	1	0	1
HAMBI_0403_chrm01_circ_753790	NP_Ct_r01_2019_02_04_L003	78	10	1	0	1
HAMBI_0403_chrm01_circ_788892	NP_Ct_r01_2019_02_04_L003	61	4	1	0	1
HAMBI_0403_chrm01_circ_831854	NP_Ct_r01_2019_02_04_L003	63	28	1	0	1
HAMBI_0403_chrm01_circ_832539	NP_Ct_r01_2019_02_04_L003	54	7	1	0	1
HAMBI_0403_chrm01_circ_842503	NP_Ct_r01_2019_02_04_L003	65	9	1	0	1
HAMBI_0403_chrm01_circ_848535	NP_Ct_r01_2019_02_04_L003	68	9	1	0	1
HAMBI_0403_chrm01_circ_883423	NP_Ct_r01_2019_02_04_L003	65	8	1	0	1
HAMBI_0403_chrm01_circ_906766	NP_Ct_r01_2019_02_04_L003	61	16	1	0	1
HAMBI_0403_chrm01_circ_916431	NP_Ct_r01_2019_02_04_L003	77	17	1	0	1
HAMBI_0403_chrm01_circ_945635	NP_Ct_r01_2019_02_04_L003	81	15	1	0	1
HAMBI_0403_chrm01_circ_957655	NP_Ct_r01_2019_02_04_L003	86	5	1	0	1
HAMBI_0403_chrm01_circ_957797	NP_Ct_r01_2019_02_04_L003	75	16	1	0	1
HAMBI_0403_chrm01_circ_957871	NP_Ct_r01_2019_02_04_L003	81	0	1	0	1
HAMBI_0403_chrm01_circ_958022	NP_Ct_r01_2019_02_04_L003	64	18	1	0	1
HAMBI_0403_chrm01_circ_958598	NP_Ct_r01_2019_02_04_L003	97	5	1	0	1
HAMBI_0403_chrm01_circ_958829	NP_Ct_r01_2019_02_04_L003	69	0	1	0	1
HAMBI_0403_chrm01_circ_958923	NP_Ct_r01_2019_02_04_L003	47	30	1	0	1
HAMBI_0403_chrm01_circ_966980	NP_Ct_r01_2019_02_04_L003	91	5	1	0	1
HAMBI_0403_plas01_circ_27065	NP_Ct_r01_2019_02_04_L003	88	29	1	0	1
HAMBI_0403_plas01_circ_34644	NP_Ct_r01_2019_02_04_L003	97	19	1	0	1
HAMBI_0403_chrm01_circ_1041879	NP_Ct_r01_2019_02_25_L003	96	2	1	0	1
HAMBI_0403_chrm01_circ_1048627	NP_Ct_r01_2019_02_25_L003	99	9	1	0	1
HAMBI_0403_chrm01_circ_1087633	NP_Ct_r01_2019_02_25_L003	99	19	1	0	1
HAMBI_0403_chrm01_circ_1089569	NP_Ct_r01_2019_02_25_L003	98	6	1	0	1
HAMBI_0403_chrm01_circ_1179102	NP_Ct_r01_2019_02_25_L003	95	15	1	0	1
HAMBI_0403_chrm01_circ_1204312	NP_Ct_r01_2019_02_25_L003	81	38	1	0	1
HAMBI_0403_chrm01_circ_1208537	NP_Ct_r01_2019_02_25_L003	97	16	1	0	1
HAMBI_0403_chrm01_circ_1220169	NP_Ct_r01_2019_02_25_L003	68	40	1	0	1
HAMBI_0403_chrm01_circ_1269396	NP_Ct_r01_2019_02_25_L003	80	7	1	0	1
HAMBI_0403_chrm01_circ_1274492	NP_Ct_r01_2019_02_25_L003	74	27	1	0	1
HAMBI_0403_chrm01_circ_1276454	NP_Ct_r01_2019_02_25_L003	136	3	1	0	1
HAMBI_0403_chrm01_circ_1331081	NP_Ct_r01_2019_02_25_L003	7	90	1	0	1
HAMBI_0403_chrm01_circ_1381129	NP_Ct_r01_2019_02_25_L003	116	0	1	0	1
HAMBI_0403_chrm01_circ_140925	NP_Ct_r01_2019_02_25_L003	88	11	1	0	1
HAMBI_0403_chrm01_circ_1432433	NP_Ct_r01_2019_02_25_L003	110	8	1	0	1
HAMBI_0403_chrm01_circ_1433097	NP_Ct_r01_2019_02_25_L003	108	12	1	0	1
HAMBI_0403_chrm01_circ_1508043	NP_Ct_r01_2019_02_25_L003	93	14	1	0	1
HAMBI_0403_chrm01_circ_1512989	NP_Ct_r01_2019_02_25_L003	132	2	1	0	1
HAMBI_0403_chrm01_circ_1521289	NP_Ct_r01_2019_02_25_L003	85	16	1	0	1
HAMBI_0403_chrm01_circ_1531856	NP_Ct_r01_2019_02_25_L003	84	9	1	0	1
HAMBI_0403_chrm01_circ_156034	NP_Ct_r01_2019_02_25_L003	96	16	1	0	1
HAMBI_0403_chrm01_circ_1584852	NP_Ct_r01_2019_02_25_L003	65	31	1	0	1
HAMBI_0403_chrm01_circ_1588427	NP_Ct_r01_2019_02_25_L003	103	19	1	0	1
HAMBI_0403_chrm01_circ_162518	NP_Ct_r01_2019_02_25_L003	106	11	1	0	1
HAMBI_0403_chrm01_circ_1631016	NP_Ct_r01_2019_02_25_L003	86	15	1	0	1
HAMBI_0403_chrm01_circ_1655504	NP_Ct_r01_2019_02_25_L003	92	12	1	0	1
HAMBI_0403_chrm01_circ_1680554	NP_Ct_r01_2019_02_25_L003	111	5	1	0	1
HAMBI_0403_chrm01_circ_1684934	NP_Ct_r01_2019_02_25_L003	99	13	1	0	1
HAMBI_0403_chrm01_circ_1748339	NP_Ct_r01_2019_02_25_L003	121	4	1	0	1
HAMBI_0403_chrm01_circ_1825191	NP_Ct_r01_2019_02_25_L003	93	21	1	0	1
HAMBI_0403_chrm01_circ_1831193	NP_Ct_r01_2019_02_25_L003	96	16	1	0	1
HAMBI_0403_chrm01_circ_1964254	NP_Ct_r01_2019_02_25_L003	77	41	1	0	1
HAMBI_0403_chrm01_circ_19727	NP_Ct_r01_2019_02_25_L003	78	27	1	0	1
HAMBI_0403_chrm01_circ_1985537	NP_Ct_r01_2019_02_25_L003	89	0	1	0	1
HAMBI_0403_chrm01_circ_1990830	NP_Ct_r01_2019_02_25_L003	49	46	1	0	1
HAMBI_0403_chrm01_circ_2035209	NP_Ct_r01_2019_02_25_L003	72	17	1	0	1
HAMBI_0403_chrm01_circ_2070393	NP_Ct_r01_2019_02_25_L003	89	15	1	0	1
HAMBI_0403_chrm01_circ_2085642	NP_Ct_r01_2019_02_25_L003	79	35	1	0	1
HAMBI_0403_chrm01_circ_2164967	NP_Ct_r01_2019_02_25_L003	103	7	1	0	1
HAMBI_0403_chrm01_circ_2170475	NP_Ct_r01_2019_02_25_L003	101	12	1	0	1
HAMBI_0403_chrm01_circ_2183342	NP_Ct_r01_2019_02_25_L003	84	14	1	0	1
HAMBI_0403_chrm01_circ_2210141	NP_Ct_r01_2019_02_25_L003	101	19	1	0	1
HAMBI_0403_chrm01_circ_2247210	NP_Ct_r01_2019_02_25_L003	67	56	1	0	1
HAMBI_0403_chrm01_circ_2263832	NP_Ct_r01_2019_02_25_L003	108	4	1	0	1
HAMBI_0403_chrm01_circ_2264970	NP_Ct_r01_2019_02_25_L003	106	8	1	0	1
HAMBI_0403_chrm01_circ_2275854	NP_Ct_r01_2019_02_25_L003	84	33	1	0	1
HAMBI_0403_chrm01_circ_2288765	NP_Ct_r01_2019_02_25_L003	114	2	1	0	1
HAMBI_0403_chrm01_circ_2298099	NP_Ct_r01_2019_02_25_L003	91	11	1	0	1
HAMBI_0403_chrm01_circ_2303297	NP_Ct_r01_2019_02_25_L003	90	8	1	0	1
HAMBI_0403_chrm01_circ_2354987	NP_Ct_r01_2019_02_25_L003	89	28	1	0	1
HAMBI_0403_chrm01_circ_2357485	NP_Ct_r01_2019_02_25_L003	94	22	1	0	1
HAMBI_0403_chrm01_circ_2399050	NP_Ct_r01_2019_02_25_L003	135	6	1	0	1
HAMBI_0403_chrm01_circ_2399143	NP_Ct_r01_2019_02_25_L003	99	20	1	0	1
HAMBI_0403_chrm01_circ_2399712	NP_Ct_r01_2019_02_25_L003	97	14	1	0	1
HAMBI_0403_chrm01_circ_2400679	NP_Ct_r01_2019_02_25_L003	129	0	1	0	1
HAMBI_0403_chrm01_circ_2406988	NP_Ct_r01_2019_02_25_L003	100	2	1	0	1
HAMBI_0403_chrm01_circ_245301	NP_Ct_r01_2019_02_25_L003	116	22	1	0	1
HAMBI_0403_chrm01_circ_2464548	NP_Ct_r01_2019_02_25_L003	80	12	1	0	1
HAMBI_0403_chrm01_circ_2494812	NP_Ct_r01_2019_02_25_L003	104	1	1	0	1
HAMBI_0403_chrm01_circ_2511562	NP_Ct_r01_2019_02_25_L003	98	3	1	0	1
HAMBI_0403_chrm01_circ_2556378	NP_Ct_r01_2019_02_25_L003	89	9	1	0	1
HAMBI_0403_chrm01_circ_2575375	NP_Ct_r01_2019_02_25_L003	99	6	1	0	1
HAMBI_0403_chrm01_circ_2610889	NP_Ct_r01_2019_02_25_L003	98	11	1	0	1
HAMBI_0403_chrm01_circ_264598	NP_Ct_r01_2019_02_25_L003	108	15	1	0	1
HAMBI_0403_chrm01_circ_2695541	NP_Ct_r01_2019_02_25_L003	91	19	1	0	1
HAMBI_0403_chrm01_circ_2742453	NP_Ct_r01_2019_02_25_L003	95	12	1	0	1
HAMBI_0403_chrm01_circ_2835885	NP_Ct_r01_2019_02_25_L003	72	7	1	0	1
HAMBI_0403_chrm01_circ_283781	NP_Ct_r01_2019_02_25_L003	103	9	1	0	1
HAMBI_0403_chrm01_circ_2845191	NP_Ct_r01_2019_02_25_L003	100	17	1	0	1
HAMBI_0403_chrm01_circ_2869812	NP_Ct_r01_2019_02_25_L003	74	4	1	0	1
HAMBI_0403_chrm01_circ_2883870	NP_Ct_r01_2019_02_25_L003	106	10	1	0	1
HAMBI_0403_chrm01_circ_2925854	NP_Ct_r01_2019_02_25_L003	56	15	1	0	1
HAMBI_0403_chrm01_circ_2975196	NP_Ct_r01_2019_02_25_L003	79	10	1	0	1
HAMBI_0403_chrm01_circ_2998776	NP_Ct_r01_2019_02_25_L003	68	26	1	0	1
HAMBI_0403_chrm01_circ_3000465	NP_Ct_r01_2019_02_25_L003	70	61	1	0	1
HAMBI_0403_chrm01_circ_3006282	NP_Ct_r01_2019_02_25_L003	114	14	1	0	1
HAMBI_0403_chrm01_circ_3028838	NP_Ct_r01_2019_02_25_L003	103	16	1	0	1
HAMBI_0403_chrm01_circ_3031198	NP_Ct_r01_2019_02_25_L003	76	10	1	0	1
HAMBI_0403_chrm01_circ_3060179	NP_Ct_r01_2019_02_25_L003	92	20	1	0	1
HAMBI_0403_chrm01_circ_3083534	NP_Ct_r01_2019_02_25_L003	101	0	1	0	1
HAMBI_0403_chrm01_circ_3087289	NP_Ct_r01_2019_02_25_L003	88	16	1	0	1
HAMBI_0403_chrm01_circ_3103731	NP_Ct_r01_2019_02_25_L003	71	24	1	0	1
HAMBI_0403_chrm01_circ_3117371	NP_Ct_r01_2019_02_25_L003	74	11	1	0	1
HAMBI_0403_chrm01_circ_3143395	NP_Ct_r01_2019_02_25_L003	99	7	1	0	1
HAMBI_0403_chrm01_circ_3150420	NP_Ct_r01_2019_02_25_L003	124	12	1	0	1
HAMBI_0403_chrm01_circ_3171763	NP_Ct_r01_2019_02_25_L003	116	4	1	0	1
HAMBI_0403_chrm01_circ_3178892	NP_Ct_r01_2019_02_25_L003	90	20	1	0	1
HAMBI_0403_chrm01_circ_3183496	NP_Ct_r01_2019_02_25_L003	107	2	1	0	1
HAMBI_0403_chrm01_circ_3202926	NP_Ct_r01_2019_02_25_L003	102	17	1	0	1
HAMBI_0403_chrm01_circ_3206418	NP_Ct_r01_2019_02_25_L003	59	55	1	0	1
HAMBI_0403_chrm01_circ_3236488	NP_Ct_r01_2019_02_25_L003	91	11	1	0	1
HAMBI_0403_chrm01_circ_3316564	NP_Ct_r01_2019_02_25_L003	104	10	1	0	1
HAMBI_0403_chrm01_circ_3319670	NP_Ct_r01_2019_02_25_L003	99	8	1	0	1
HAMBI_0403_chrm01_circ_3321404	NP_Ct_r01_2019_02_25_L003	84	13	1	0	1
HAMBI_0403_chrm01_circ_3322346	NP_Ct_r01_2019_02_25_L003	102	16	1	0	1
HAMBI_0403_chrm01_circ_3348412	NP_Ct_r01_2019_02_25_L003	80	27	1	0	1
HAMBI_0403_chrm01_circ_3430586	NP_Ct_r01_2019_02_25_L003	72	25	1	0	1
HAMBI_0403_chrm01_circ_3430600	NP_Ct_r01_2019_02_25_L003	75	8	1	0	1
HAMBI_0403_chrm01_circ_3514428	NP_Ct_r01_2019_02_25_L003	85	22	1	0	1
HAMBI_0403_chrm01_circ_3521312	NP_Ct_r01_2019_02_25_L003	104	5	1	0	1
HAMBI_0403_chrm01_circ_3543589	NP_Ct_r01_2019_02_25_L003	134	6	1	0	1
HAMBI_0403_chrm01_circ_3553466	NP_Ct_r01_2019_02_25_L003	134	4	1	0	1
HAMBI_0403_chrm01_circ_3578564	NP_Ct_r01_2019_02_25_L003	83	14	1	0	1
HAMBI_0403_chrm01_circ_3583051	NP_Ct_r01_2019_02_25_L003	94	15	1	0	1
HAMBI_0403_chrm01_circ_3598998	NP_Ct_r01_2019_02_25_L003	79	11	1	0	1
HAMBI_0403_chrm01_circ_3617983	NP_Ct_r01_2019_02_25_L003	89	5	1	0	1
HAMBI_0403_chrm01_circ_3618655	NP_Ct_r01_2019_02_25_L003	80	17	1	0	1
HAMBI_0403_chrm01_circ_362760	NP_Ct_r01_2019_02_25_L003	112	9	1	0	1
HAMBI_0403_chrm01_circ_363853	NP_Ct_r01_2019_02_25_L003	111	28	1	0	1
HAMBI_0403_chrm01_circ_370267	NP_Ct_r01_2019_02_25_L003	113	3	1	0	1
HAMBI_0403_chrm01_circ_3702984	NP_Ct_r01_2019_02_25_L003	107	14	1	0	1
HAMBI_0403_chrm01_circ_3715513	NP_Ct_r01_2019_02_25_L003	92	14	1	0	1
HAMBI_0403_chrm01_circ_3746085	NP_Ct_r01_2019_02_25_L003	102	3	1	0	1
HAMBI_0403_chrm01_circ_3784310	NP_Ct_r01_2019_02_25_L003	99	12	1	0	1
HAMBI_0403_chrm01_circ_3807928	NP_Ct_r01_2019_02_25_L003	48	37	1	0	1
HAMBI_0403_chrm01_circ_3826549	NP_Ct_r01_2019_02_25_L003	114	5	1	0	1
HAMBI_0403_chrm01_circ_3835502	NP_Ct_r01_2019_02_25_L003	57	53	1	0	1
HAMBI_0403_chrm01_circ_3866040	NP_Ct_r01_2019_02_25_L003	99	19	1	0	1
HAMBI_0403_chrm01_circ_3903420	NP_Ct_r01_2019_02_25_L003	112	17	1	0	1
HAMBI_0403_chrm01_circ_3910409	NP_Ct_r01_2019_02_25_L003	117	6	1	0	1
HAMBI_0403_chrm01_circ_3910572	NP_Ct_r01_2019_02_25_L003	102	4	1	0	1
HAMBI_0403_chrm01_circ_3937432	NP_Ct_r01_2019_02_25_L003	120	4	1	0	1
HAMBI_0403_chrm01_circ_4039075	NP_Ct_r01_2019_02_25_L003	118	13	1	0	1
HAMBI_0403_chrm01_circ_4060726	NP_Ct_r01_2019_02_25_L003	101	12	1	0	1
HAMBI_0403_chrm01_circ_406220	NP_Ct_r01_2019_02_25_L003	59	72	1	0	1
HAMBI_0403_chrm01_circ_4062981	NP_Ct_r01_2019_02_25_L003	58	55	1	0	1
HAMBI_0403_chrm01_circ_4074693	NP_Ct_r01_2019_02_25_L003	122	17	1	0	1
HAMBI_0403_chrm01_circ_4148379	NP_Ct_r01_2019_02_25_L003	62	43	1	0	1
HAMBI_0403_chrm01_circ_4152035	NP_Ct_r01_2019_02_25_L003	94	16	1	0	1
HAMBI_0403_chrm01_circ_417322	NP_Ct_r01_2019_02_25_L003	77	14	1	0	1
HAMBI_0403_chrm01_circ_4206117	NP_Ct_r01_2019_02_25_L003	93	12	1	0	1
HAMBI_0403_chrm01_circ_4214195	NP_Ct_r01_2019_02_25_L003	98	9	1	0	1
HAMBI_0403_chrm01_circ_4217616	NP_Ct_r01_2019_02_25_L003	99	11	1	0	1
HAMBI_0403_chrm01_circ_42377	NP_Ct_r01_2019_02_25_L003	76	31	1	0	1
HAMBI_0403_chrm01_circ_4269316	NP_Ct_r01_2019_02_25_L003	132	21	1	0	1
HAMBI_0403_chrm01_circ_4274685	NP_Ct_r01_2019_02_25_L003	65	18	1	0	1
HAMBI_0403_chrm01_circ_4285286	NP_Ct_r01_2019_02_25_L003	100	5	1	0	1
HAMBI_0403_chrm01_circ_4287997	NP_Ct_r01_2019_02_25_L003	69	18	1	0	1
HAMBI_0403_chrm01_circ_4388411	NP_Ct_r01_2019_02_25_L003	92	8	1	0	1
HAMBI_0403_chrm01_circ_4410252	NP_Ct_r01_2019_02_25_L003	54	36	1	0	1
HAMBI_0403_chrm01_circ_4439367	NP_Ct_r01_2019_02_25_L003	109	1	1	0	1
HAMBI_0403_chrm01_circ_444757	NP_Ct_r01_2019_02_25_L003	71	68	1	0	1
HAMBI_0403_chrm01_circ_4507219	NP_Ct_r01_2019_02_25_L003	108	6	1	0	1
HAMBI_0403_chrm01_circ_4557583	NP_Ct_r01_2019_02_25_L003	111	11	1	0	1
HAMBI_0403_chrm01_circ_4569372	NP_Ct_r01_2019_02_25_L003	64	22	1	0	1
HAMBI_0403_chrm01_circ_4582948	NP_Ct_r01_2019_02_25_L003	113	2	1	0	1
HAMBI_0403_chrm01_circ_4600184	NP_Ct_r01_2019_02_25_L003	104	11	1	0	1
HAMBI_0403_chrm01_circ_4618691	NP_Ct_r01_2019_02_25_L003	109	11	1	0	1
HAMBI_0403_chrm01_circ_4623649	NP_Ct_r01_2019_02_25_L003	78	36	1	0	1
HAMBI_0403_chrm01_circ_464021	NP_Ct_r01_2019_02_25_L003	85	16	1	0	1
HAMBI_0403_chrm01_circ_4743728	NP_Ct_r01_2019_02_25_L003	51	39	1	0	1
HAMBI_0403_chrm01_circ_4765035	NP_Ct_r01_2019_02_25_L003	95	20	1	0	1
HAMBI_0403_chrm01_circ_4781295	NP_Ct_r01_2019_02_25_L003	101	8	1	0	1
HAMBI_0403_chrm01_circ_4792521	NP_Ct_r01_2019_02_25_L003	115	5	1	0	1
HAMBI_0403_chrm01_circ_4799691	NP_Ct_r01_2019_02_25_L003	117	17	1	0	1
HAMBI_0403_chrm01_circ_4809883	NP_Ct_r01_2019_02_25_L003	116	13	1	0	1
HAMBI_0403_chrm01_circ_4855117	NP_Ct_r01_2019_02_25_L003	88	22	1	0	1
HAMBI_0403_chrm01_circ_4857021	NP_Ct_r01_2019_02_25_L003	83	12	1	0	1
HAMBI_0403_chrm01_circ_487954	NP_Ct_r01_2019_02_25_L003	97	29	1	0	1
HAMBI_0403_chrm01_circ_4888902	NP_Ct_r01_2019_02_25_L003	99	7	1	0	1
HAMBI_0403_chrm01_circ_4916373	NP_Ct_r01_2019_02_25_L003	78	14	1	0	1
HAMBI_0403_chrm01_circ_4972460	NP_Ct_r01_2019_02_25_L003	57	49	1	0	1
HAMBI_0403_chrm01_circ_5014718	NP_Ct_r01_2019_02_25_L003	91	12	1	0	1
HAMBI_0403_chrm01_circ_5042624	NP_Ct_r01_2019_02_25_L003	90	13	1	0	1
HAMBI_0403_chrm01_circ_5045700	NP_Ct_r01_2019_02_25_L003	112	5	1	0	1
HAMBI_0403_chrm01_circ_5060740	NP_Ct_r01_2019_02_25_L003	94	17	1	0	1
HAMBI_0403_chrm01_circ_5083897	NP_Ct_r01_2019_02_25_L003	85	14	1	0	1
HAMBI_0403_chrm01_circ_5114950	NP_Ct_r01_2019_02_25_L003	80	33	1	0	1
HAMBI_0403_chrm01_circ_5136938	NP_Ct_r01_2019_02_25_L003	120	2	1	0	1
HAMBI_0403_chrm01_circ_5158099	NP_Ct_r01_2019_02_25_L003	98	13	1	0	1
HAMBI_0403_chrm01_circ_5175068	NP_Ct_r01_2019_02_25_L003	75	13	1	0	1
HAMBI_0403_chrm01_circ_5179281	NP_Ct_r01_2019_02_25_L003	108	13	1	0	1
HAMBI_0403_chrm01_circ_5192590	NP_Ct_r01_2019_02_25_L003	120	39	1	0	1
HAMBI_0403_chrm01_circ_5198526	NP_Ct_r01_2019_02_25_L003	85	26	1	0	1
HAMBI_0403_chrm01_circ_52227	NP_Ct_r01_2019_02_25_L003	72	58	1	0	1
HAMBI_0403_chrm01_circ_5239272	NP_Ct_r01_2019_02_25_L003	90	10	1	0	1
HAMBI_0403_chrm01_circ_5247950	NP_Ct_r01_2019_02_25_L003	114	0	1	0	1
HAMBI_0403_chrm01_circ_5261930	NP_Ct_r01_2019_02_25_L003	101	16	1	0	1
HAMBI_0403_chrm01_circ_5274030	NP_Ct_r01_2019_02_25_L003	106	12	1	0	1
HAMBI_0403_chrm01_circ_5311213	NP_Ct_r01_2019_02_25_L003	75	33	1	0	1
HAMBI_0403_chrm01_circ_5334246	NP_Ct_r01_2019_02_25_L003	68	58	1	0	1
HAMBI_0403_chrm01_circ_5359752	NP_Ct_r01_2019_02_25_L003	111	7	1	0	1
HAMBI_0403_chrm01_circ_5375036	NP_Ct_r01_2019_02_25_L003	133	5	1	0	1
HAMBI_0403_chrm01_circ_538733	NP_Ct_r01_2019_02_25_L003	82	20	1	0	1
HAMBI_0403_chrm01_circ_5398637	NP_Ct_r01_2019_02_25_L003	53	48	1	0	1
HAMBI_0403_chrm01_circ_5452296	NP_Ct_r01_2019_02_25_L003	94	19	1	0	1
HAMBI_0403_chrm01_circ_5488740	NP_Ct_r01_2019_02_25_L003	94	8	1	0	1
HAMBI_0403_chrm01_circ_5582102	NP_Ct_r01_2019_02_25_L003	92	16	1	0	1
HAMBI_0403_chrm01_circ_5582190	NP_Ct_r01_2019_02_25_L003	94	16	1	0	1
HAMBI_0403_chrm01_circ_5582265	NP_Ct_r01_2019_02_25_L003	58	35	1	0	1
HAMBI_0403_chrm01_circ_5604584	NP_Ct_r01_2019_02_25_L003	105	15	1	0	1
HAMBI_0403_chrm01_circ_5614022	NP_Ct_r01_2019_02_25_L003	119	5	1	0	1
HAMBI_0403_chrm01_circ_5638719	NP_Ct_r01_2019_02_25_L003	102	10	1	0	1
HAMBI_0403_chrm01_circ_5644341	NP_Ct_r01_2019_02_25_L003	94	17	1	0	1
HAMBI_0403_chrm01_circ_5691225	NP_Ct_r01_2019_02_25_L003	129	13	1	0	1
HAMBI_0403_chrm01_circ_5709378	NP_Ct_r01_2019_02_25_L003	91	11	1	0	1
HAMBI_0403_chrm01_circ_5714954	NP_Ct_r01_2019_02_25_L003	95	9	1	0	1
HAMBI_0403_chrm01_circ_5730629	NP_Ct_r01_2019_02_25_L003	55	62	1	0	1
HAMBI_0403_chrm01_circ_5738403	NP_Ct_r01_2019_02_25_L003	99	16	1	0	1
HAMBI_0403_chrm01_circ_606028	NP_Ct_r01_2019_02_25_L003	94	11	1	0	1
HAMBI_0403_chrm01_circ_613689	NP_Ct_r01_2019_02_25_L003	106	26	1	0	1
HAMBI_0403_chrm01_circ_616293	NP_Ct_r01_2019_02_25_L003	86	28	1	0	1
HAMBI_0403_chrm01_circ_637391	NP_Ct_r01_2019_02_25_L003	101	13	1	0	1
HAMBI_0403_chrm01_circ_671146	NP_Ct_r01_2019_02_25_L003	84	29	1	0	1
HAMBI_0403_chrm01_circ_684931	NP_Ct_r01_2019_02_25_L003	46	1	1	0	1
HAMBI_0403_chrm01_circ_748850	NP_Ct_r01_2019_02_25_L003	85	18	1	0	1
HAMBI_0403_chrm01_circ_753790	NP_Ct_r01_2019_02_25_L003	102	16	1	0	1
HAMBI_0403_chrm01_circ_788892	NP_Ct_r01_2019_02_25_L003	92	3	1	0	1
HAMBI_0403_chrm01_circ_831854	NP_Ct_r01_2019_02_25_L003	57	45	1	0	1
HAMBI_0403_chrm01_circ_832539	NP_Ct_r01_2019_02_25_L003	94	3	1	0	1
HAMBI_0403_chrm01_circ_842503	NP_Ct_r01_2019_02_25_L003	97	25	1	0	1
HAMBI_0403_chrm01_circ_848535	NP_Ct_r01_2019_02_25_L003	107	9	1	0	1
HAMBI_0403_chrm01_circ_883423	NP_Ct_r01_2019_02_25_L003	105	16	1	0	1
HAMBI_0403_chrm01_circ_906766	NP_Ct_r01_2019_02_25_L003	82	30	1	0	1
HAMBI_0403_chrm01_circ_916431	NP_Ct_r01_2019_02_25_L003	101	22	1	0	1
HAMBI_0403_chrm01_circ_945635	NP_Ct_r01_2019_02_25_L003	112	14	1	0	1
HAMBI_0403_chrm01_circ_957655	NP_Ct_r01_2019_02_25_L003	109	7	1	0	1
HAMBI_0403_chrm01_circ_957797	NP_Ct_r01_2019_02_25_L003	101	3	1	0	1
HAMBI_0403_chrm01_circ_957871	NP_Ct_r01_2019_02_25_L003	115	1	1	0	1
HAMBI_0403_chrm01_circ_958022	NP_Ct_r01_2019_02_25_L003	102	27	1	0	1
HAMBI_0403_chrm01_circ_958598	NP_Ct_r01_2019_02_25_L003	116	6	1	0	1
HAMBI_0403_chrm01_circ_958829	NP_Ct_r01_2019_02_25_L003	107	0	1	0	1
HAMBI_0403_chrm01_circ_958923	NP_Ct_r01_2019_02_25_L003	60	61	1	0	1
HAMBI_0403_chrm01_circ_966980	NP_Ct_r01_2019_02_25_L003	110	4	1	0	1
HAMBI_0403_plas01_circ_27065	NP_Ct_r01_2019_02_25_L003	107	21	1	0	1
HAMBI_0403_plas01_circ_34644	NP_Ct_r01_2019_02_25_L003	104	16	1	0	1
