mutation_id	sample_id	ref_counts	alt_counts	major_cn	minor_cn	normal_cn
HAMBI_0403_chrm01_circ_1023542	NP_Ct_r03_2016_10_11_L001-L004_merged	65	0	1	0	1
HAMBI_0403_chrm01_circ_106917	NP_Ct_r03_2016_10_11_L001-L004_merged	55	0	1	0	1
HAMBI_0403_chrm01_circ_1146371	NP_Ct_r03_2016_10_11_L001-L004_merged	70	0	1	0	1
HAMBI_0403_chrm01_circ_1208008	NP_Ct_r03_2016_10_11_L001-L004_merged	79	0	1	0	1
HAMBI_0403_chrm01_circ_1216854	NP_Ct_r03_2016_10_11_L001-L004_merged	62	0	1	0	1
HAMBI_0403_chrm01_circ_1225555	NP_Ct_r03_2016_10_11_L001-L004_merged	57	0	1	0	1
HAMBI_0403_chrm01_circ_1295376	NP_Ct_r03_2016_10_11_L001-L004_merged	65	0	1	0	1
HAMBI_0403_chrm01_circ_1363572	NP_Ct_r03_2016_10_11_L001-L004_merged	55	0	1	0	1
HAMBI_0403_chrm01_circ_1434994	NP_Ct_r03_2016_10_11_L001-L004_merged	80	0	1	0	1
HAMBI_0403_chrm01_circ_1502147	NP_Ct_r03_2016_10_11_L001-L004_merged	59	0	1	0	1
HAMBI_0403_chrm01_circ_1513453	NP_Ct_r03_2016_10_11_L001-L004_merged	59	0	1	0	1
HAMBI_0403_chrm01_circ_1539742	NP_Ct_r03_2016_10_11_L001-L004_merged	69	0	1	0	1
HAMBI_0403_chrm01_circ_1540060	NP_Ct_r03_2016_10_11_L001-L004_merged	96	0	1	0	1
HAMBI_0403_chrm01_circ_1573192	NP_Ct_r03_2016_10_11_L001-L004_merged	75	0	1	0	1
HAMBI_0403_chrm01_circ_1596384	NP_Ct_r03_2016_10_11_L001-L004_merged	58	0	1	0	1
HAMBI_0403_chrm01_circ_1615909	NP_Ct_r03_2016_10_11_L001-L004_merged	55	0	1	0	1
HAMBI_0403_chrm01_circ_1669705	NP_Ct_r03_2016_10_11_L001-L004_merged	67	0	1	0	1
HAMBI_0403_chrm01_circ_1759801	NP_Ct_r03_2016_10_11_L001-L004_merged	65	0	1	0	1
HAMBI_0403_chrm01_circ_1759826	NP_Ct_r03_2016_10_11_L001-L004_merged	62	0	1	0	1
HAMBI_0403_chrm01_circ_1759846	NP_Ct_r03_2016_10_11_L001-L004_merged	61	0	1	0	1
HAMBI_0403_chrm01_circ_1838154	NP_Ct_r03_2016_10_11_L001-L004_merged	56	0	1	0	1
HAMBI_0403_chrm01_circ_1874515	NP_Ct_r03_2016_10_11_L001-L004_merged	69	0	1	0	1
HAMBI_0403_chrm01_circ_1879332	NP_Ct_r03_2016_10_11_L001-L004_merged	67	0	1	0	1
HAMBI_0403_chrm01_circ_1884561	NP_Ct_r03_2016_10_11_L001-L004_merged	74	0	1	0	1
HAMBI_0403_chrm01_circ_2015620	NP_Ct_r03_2016_10_11_L001-L004_merged	49	0	1	0	1
HAMBI_0403_chrm01_circ_2055137	NP_Ct_r03_2016_10_11_L001-L004_merged	81	0	1	0	1
HAMBI_0403_chrm01_circ_2058748	NP_Ct_r03_2016_10_11_L001-L004_merged	47	0	1	0	1
HAMBI_0403_chrm01_circ_2060528	NP_Ct_r03_2016_10_11_L001-L004_merged	70	0	1	0	1
HAMBI_0403_chrm01_circ_208763	NP_Ct_r03_2016_10_11_L001-L004_merged	88	0	1	0	1
HAMBI_0403_chrm01_circ_2090310	NP_Ct_r03_2016_10_11_L001-L004_merged	45	0	1	0	1
HAMBI_0403_chrm01_circ_2098396	NP_Ct_r03_2016_10_11_L001-L004_merged	78	0	1	0	1
HAMBI_0403_chrm01_circ_2171083	NP_Ct_r03_2016_10_11_L001-L004_merged	64	0	1	0	1
HAMBI_0403_chrm01_circ_2182745	NP_Ct_r03_2016_10_11_L001-L004_merged	47	0	1	0	1
HAMBI_0403_chrm01_circ_2183882	NP_Ct_r03_2016_10_11_L001-L004_merged	54	0	1	0	1
HAMBI_0403_chrm01_circ_2295095	NP_Ct_r03_2016_10_11_L001-L004_merged	58	0	1	0	1
HAMBI_0403_chrm01_circ_235764	NP_Ct_r03_2016_10_11_L001-L004_merged	64	0	1	0	1
HAMBI_0403_chrm01_circ_2399361	NP_Ct_r03_2016_10_11_L001-L004_merged	48	0	1	0	1
HAMBI_0403_chrm01_circ_2451784	NP_Ct_r03_2016_10_11_L001-L004_merged	65	0	1	0	1
HAMBI_0403_chrm01_circ_2489220	NP_Ct_r03_2016_10_11_L001-L004_merged	57	0	1	0	1
HAMBI_0403_chrm01_circ_2511570	NP_Ct_r03_2016_10_11_L001-L004_merged	65	0	1	0	1
HAMBI_0403_chrm01_circ_2518477	NP_Ct_r03_2016_10_11_L001-L004_merged	61	0	1	0	1
HAMBI_0403_chrm01_circ_25616	NP_Ct_r03_2016_10_11_L001-L004_merged	53	0	1	0	1
HAMBI_0403_chrm01_circ_2595158	NP_Ct_r03_2016_10_11_L001-L004_merged	42	0	1	0	1
HAMBI_0403_chrm01_circ_2623969	NP_Ct_r03_2016_10_11_L001-L004_merged	29	0	1	0	1
HAMBI_0403_chrm01_circ_2633075	NP_Ct_r03_2016_10_11_L001-L004_merged	64	0	1	0	1
HAMBI_0403_chrm01_circ_2692966	NP_Ct_r03_2016_10_11_L001-L004_merged	65	0	1	0	1
HAMBI_0403_chrm01_circ_2693666	NP_Ct_r03_2016_10_11_L001-L004_merged	59	0	1	0	1
HAMBI_0403_chrm01_circ_27022	NP_Ct_r03_2016_10_11_L001-L004_merged	64	0	1	0	1
HAMBI_0403_chrm01_circ_270829	NP_Ct_r03_2016_10_11_L001-L004_merged	75	0	1	0	1
HAMBI_0403_chrm01_circ_2788284	NP_Ct_r03_2016_10_11_L001-L004_merged	57	0	1	0	1
HAMBI_0403_chrm01_circ_2824864	NP_Ct_r03_2016_10_11_L001-L004_merged	49	0	1	0	1
HAMBI_0403_chrm01_circ_2868271	NP_Ct_r03_2016_10_11_L001-L004_merged	39	0	1	0	1
HAMBI_0403_chrm01_circ_2944548	NP_Ct_r03_2016_10_11_L001-L004_merged	37	0	1	0	1
HAMBI_0403_chrm01_circ_2958128	NP_Ct_r03_2016_10_11_L001-L004_merged	64	0	1	0	1
HAMBI_0403_chrm01_circ_3021874	NP_Ct_r03_2016_10_11_L001-L004_merged	64	0	1	0	1
HAMBI_0403_chrm01_circ_3035671	NP_Ct_r03_2016_10_11_L001-L004_merged	53	0	1	0	1
HAMBI_0403_chrm01_circ_3100821	NP_Ct_r03_2016_10_11_L001-L004_merged	44	1	1	0	1
HAMBI_0403_chrm01_circ_3185483	NP_Ct_r03_2016_10_11_L001-L004_merged	50	0	1	0	1
HAMBI_0403_chrm01_circ_3320753	NP_Ct_r03_2016_10_11_L001-L004_merged	59	0	1	0	1
HAMBI_0403_chrm01_circ_3324607	NP_Ct_r03_2016_10_11_L001-L004_merged	45	0	1	0	1
HAMBI_0403_chrm01_circ_3325786	NP_Ct_r03_2016_10_11_L001-L004_merged	31	0	1	0	1
HAMBI_0403_chrm01_circ_3425316	NP_Ct_r03_2016_10_11_L001-L004_merged	46	0	1	0	1
HAMBI_0403_chrm01_circ_3547421	NP_Ct_r03_2016_10_11_L001-L004_merged	57	0	1	0	1
HAMBI_0403_chrm01_circ_3605936	NP_Ct_r03_2016_10_11_L001-L004_merged	50	0	1	0	1
HAMBI_0403_chrm01_circ_3647360	NP_Ct_r03_2016_10_11_L001-L004_merged	48	0	1	0	1
HAMBI_0403_chrm01_circ_3713288	NP_Ct_r03_2016_10_11_L001-L004_merged	57	0	1	0	1
HAMBI_0403_chrm01_circ_3738840	NP_Ct_r03_2016_10_11_L001-L004_merged	51	0	1	0	1
HAMBI_0403_chrm01_circ_3763855	NP_Ct_r03_2016_10_11_L001-L004_merged	47	0	1	0	1
HAMBI_0403_chrm01_circ_3767311	NP_Ct_r03_2016_10_11_L001-L004_merged	65	0	1	0	1
HAMBI_0403_chrm01_circ_3844951	NP_Ct_r03_2016_10_11_L001-L004_merged	73	0	1	0	1
HAMBI_0403_chrm01_circ_3846801	NP_Ct_r03_2016_10_11_L001-L004_merged	49	0	1	0	1
HAMBI_0403_chrm01_circ_3873026	NP_Ct_r03_2016_10_11_L001-L004_merged	74	0	1	0	1
HAMBI_0403_chrm01_circ_3887450	NP_Ct_r03_2016_10_11_L001-L004_merged	48	0	1	0	1
HAMBI_0403_chrm01_circ_3897204	NP_Ct_r03_2016_10_11_L001-L004_merged	81	0	1	0	1
HAMBI_0403_chrm01_circ_3951089	NP_Ct_r03_2016_10_11_L001-L004_merged	75	0	1	0	1
HAMBI_0403_chrm01_circ_4044088	NP_Ct_r03_2016_10_11_L001-L004_merged	51	0	1	0	1
HAMBI_0403_chrm01_circ_4050144	NP_Ct_r03_2016_10_11_L001-L004_merged	36	0	1	0	1
HAMBI_0403_chrm01_circ_4096236	NP_Ct_r03_2016_10_11_L001-L004_merged	58	0	1	0	1
HAMBI_0403_chrm01_circ_4174302	NP_Ct_r03_2016_10_11_L001-L004_merged	43	0	1	0	1
HAMBI_0403_chrm01_circ_4230635	NP_Ct_r03_2016_10_11_L001-L004_merged	23	0	1	0	1
HAMBI_0403_chrm01_circ_4243310	NP_Ct_r03_2016_10_11_L001-L004_merged	80	0	1	0	1
HAMBI_0403_chrm01_circ_4287176	NP_Ct_r03_2016_10_11_L001-L004_merged	32	0	1	0	1
HAMBI_0403_chrm01_circ_431094	NP_Ct_r03_2016_10_11_L001-L004_merged	56	0	1	0	1
HAMBI_0403_chrm01_circ_4311737	NP_Ct_r03_2016_10_11_L001-L004_merged	33	0	1	0	1
HAMBI_0403_chrm01_circ_431222	NP_Ct_r03_2016_10_11_L001-L004_merged	45	0	1	0	1
HAMBI_0403_chrm01_circ_4420190	NP_Ct_r03_2016_10_11_L001-L004_merged	42	0	1	0	1
HAMBI_0403_chrm01_circ_4445774	NP_Ct_r03_2016_10_11_L001-L004_merged	59	0	1	0	1
HAMBI_0403_chrm01_circ_4466530	NP_Ct_r03_2016_10_11_L001-L004_merged	92	0	1	0	1
HAMBI_0403_chrm01_circ_4466988	NP_Ct_r03_2016_10_11_L001-L004_merged	72	0	1	0	1
HAMBI_0403_chrm01_circ_4671531	NP_Ct_r03_2016_10_11_L001-L004_merged	57	0	1	0	1
HAMBI_0403_chrm01_circ_4703998	NP_Ct_r03_2016_10_11_L001-L004_merged	54	0	1	0	1
HAMBI_0403_chrm01_circ_4706872	NP_Ct_r03_2016_10_11_L001-L004_merged	53	0	1	0	1
HAMBI_0403_chrm01_circ_4743873	NP_Ct_r03_2016_10_11_L001-L004_merged	43	0	1	0	1
HAMBI_0403_chrm01_circ_4758856	NP_Ct_r03_2016_10_11_L001-L004_merged	53	0	1	0	1
HAMBI_0403_chrm01_circ_4795914	NP_Ct_r03_2016_10_11_L001-L004_merged	78	0	1	0	1
HAMBI_0403_chrm01_circ_4834353	NP_Ct_r03_2016_10_11_L001-L004_merged	76	0	1	0	1
HAMBI_0403_chrm01_circ_4841785	NP_Ct_r03_2016_10_11_L001-L004_merged	57	0	1	0	1
HAMBI_0403_chrm01_circ_4842908	NP_Ct_r03_2016_10_11_L001-L004_merged	44	0	1	0	1
HAMBI_0403_chrm01_circ_4937428	NP_Ct_r03_2016_10_11_L001-L004_merged	64	0	1	0	1
HAMBI_0403_chrm01_circ_4942669	NP_Ct_r03_2016_10_11_L001-L004_merged	53	0	1	0	1
HAMBI_0403_chrm01_circ_5049906	NP_Ct_r03_2016_10_11_L001-L004_merged	37	0	1	0	1
HAMBI_0403_chrm01_circ_5134215	NP_Ct_r03_2016_10_11_L001-L004_merged	57	0	1	0	1
HAMBI_0403_chrm01_circ_5191704	NP_Ct_r03_2016_10_11_L001-L004_merged	84	0	1	0	1
HAMBI_0403_chrm01_circ_5321557	NP_Ct_r03_2016_10_11_L001-L004_merged	48	0	1	0	1
HAMBI_0403_chrm01_circ_538720	NP_Ct_r03_2016_10_11_L001-L004_merged	52	0	1	0	1
HAMBI_0403_chrm01_circ_538801	NP_Ct_r03_2016_10_11_L001-L004_merged	52	0	1	0	1
HAMBI_0403_chrm01_circ_5508159	NP_Ct_r03_2016_10_11_L001-L004_merged	36	0	1	0	1
HAMBI_0403_chrm01_circ_5517902	NP_Ct_r03_2016_10_11_L001-L004_merged	40	0	1	0	1
HAMBI_0403_chrm01_circ_5628562	NP_Ct_r03_2016_10_11_L001-L004_merged	51	0	1	0	1
HAMBI_0403_chrm01_circ_5635035	NP_Ct_r03_2016_10_11_L001-L004_merged	49	0	1	0	1
HAMBI_0403_chrm01_circ_565418	NP_Ct_r03_2016_10_11_L001-L004_merged	67	0	1	0	1
HAMBI_0403_chrm01_circ_5681260	NP_Ct_r03_2016_10_11_L001-L004_merged	43	0	1	0	1
HAMBI_0403_chrm01_circ_5740020	NP_Ct_r03_2016_10_11_L001-L004_merged	49	0	1	0	1
HAMBI_0403_chrm01_circ_583929	NP_Ct_r03_2016_10_11_L001-L004_merged	51	0	1	0	1
HAMBI_0403_chrm01_circ_665062	NP_Ct_r03_2016_10_11_L001-L004_merged	48	0	1	0	1
HAMBI_0403_chrm01_circ_665133	NP_Ct_r03_2016_10_11_L001-L004_merged	58	0	1	0	1
HAMBI_0403_chrm01_circ_675744	NP_Ct_r03_2016_10_11_L001-L004_merged	52	0	1	0	1
HAMBI_0403_chrm01_circ_699008	NP_Ct_r03_2016_10_11_L001-L004_merged	60	0	1	0	1
HAMBI_0403_chrm01_circ_837160	NP_Ct_r03_2016_10_11_L001-L004_merged	58	0	1	0	1
HAMBI_0403_chrm01_circ_928479	NP_Ct_r03_2016_10_11_L001-L004_merged	59	0	1	0	1
HAMBI_0403_chrm01_circ_936004	NP_Ct_r03_2016_10_11_L001-L004_merged	38	0	1	0	1
HAMBI_0403_chrm01_circ_957842	NP_Ct_r03_2016_10_11_L001-L004_merged	59	0	1	0	1
HAMBI_0403_chrm01_circ_958622	NP_Ct_r03_2016_10_11_L001-L004_merged	75	0	1	0	1
HAMBI_0403_chrm01_circ_958829	NP_Ct_r03_2016_10_11_L001-L004_merged	78	0	1	0	1
HAMBI_0403_chrm01_circ_96646	NP_Ct_r03_2016_10_11_L001-L004_merged	64	0	1	0	1
HAMBI_0403_chrm01_circ_1023542	NP_Ct_r03_2016_12_05_L001-L004_merged	111	0	1	0	1
HAMBI_0403_chrm01_circ_106917	NP_Ct_r03_2016_12_05_L001-L004_merged	73	0	1	0	1
HAMBI_0403_chrm01_circ_1146371	NP_Ct_r03_2016_12_05_L001-L004_merged	104	0	1	0	1
HAMBI_0403_chrm01_circ_1208008	NP_Ct_r03_2016_12_05_L001-L004_merged	103	0	1	0	1
HAMBI_0403_chrm01_circ_1216854	NP_Ct_r03_2016_12_05_L001-L004_merged	96	0	1	0	1
HAMBI_0403_chrm01_circ_1225555	NP_Ct_r03_2016_12_05_L001-L004_merged	64	0	1	0	1
HAMBI_0403_chrm01_circ_1295376	NP_Ct_r03_2016_12_05_L001-L004_merged	104	0	1	0	1
HAMBI_0403_chrm01_circ_1363572	NP_Ct_r03_2016_12_05_L001-L004_merged	74	0	1	0	1
HAMBI_0403_chrm01_circ_1434994	NP_Ct_r03_2016_12_05_L001-L004_merged	81	0	1	0	1
HAMBI_0403_chrm01_circ_1502147	NP_Ct_r03_2016_12_05_L001-L004_merged	104	0	1	0	1
HAMBI_0403_chrm01_circ_1513453	NP_Ct_r03_2016_12_05_L001-L004_merged	94	0	1	0	1
HAMBI_0403_chrm01_circ_1539742	NP_Ct_r03_2016_12_05_L001-L004_merged	102	0	1	0	1
HAMBI_0403_chrm01_circ_1540060	NP_Ct_r03_2016_12_05_L001-L004_merged	99	0	1	0	1
HAMBI_0403_chrm01_circ_1573192	NP_Ct_r03_2016_12_05_L001-L004_merged	109	0	1	0	1
HAMBI_0403_chrm01_circ_1596384	NP_Ct_r03_2016_12_05_L001-L004_merged	70	0	1	0	1
HAMBI_0403_chrm01_circ_1615909	NP_Ct_r03_2016_12_05_L001-L004_merged	89	0	1	0	1
HAMBI_0403_chrm01_circ_1669705	NP_Ct_r03_2016_12_05_L001-L004_merged	83	0	1	0	1
HAMBI_0403_chrm01_circ_1759801	NP_Ct_r03_2016_12_05_L001-L004_merged	74	0	1	0	1
HAMBI_0403_chrm01_circ_1759826	NP_Ct_r03_2016_12_05_L001-L004_merged	74	0	1	0	1
HAMBI_0403_chrm01_circ_1759846	NP_Ct_r03_2016_12_05_L001-L004_merged	76	0	1	0	1
HAMBI_0403_chrm01_circ_1838154	NP_Ct_r03_2016_12_05_L001-L004_merged	68	0	1	0	1
HAMBI_0403_chrm01_circ_1874515	NP_Ct_r03_2016_12_05_L001-L004_merged	91	0	1	0	1
HAMBI_0403_chrm01_circ_1879332	NP_Ct_r03_2016_12_05_L001-L004_merged	87	0	1	0	1
HAMBI_0403_chrm01_circ_1884561	NP_Ct_r03_2016_12_05_L001-L004_merged	103	0	1	0	1
HAMBI_0403_chrm01_circ_2015620	NP_Ct_r03_2016_12_05_L001-L004_merged	79	0	1	0	1
HAMBI_0403_chrm01_circ_2055137	NP_Ct_r03_2016_12_05_L001-L004_merged	137	0	1	0	1
HAMBI_0403_chrm01_circ_2058748	NP_Ct_r03_2016_12_05_L001-L004_merged	81	0	1	0	1
HAMBI_0403_chrm01_circ_2060528	NP_Ct_r03_2016_12_05_L001-L004_merged	95	0	1	0	1
HAMBI_0403_chrm01_circ_208763	NP_Ct_r03_2016_12_05_L001-L004_merged	100	0	1	0	1
HAMBI_0403_chrm01_circ_2090310	NP_Ct_r03_2016_12_05_L001-L004_merged	77	0	1	0	1
HAMBI_0403_chrm01_circ_2098396	NP_Ct_r03_2016_12_05_L001-L004_merged	95	0	1	0	1
HAMBI_0403_chrm01_circ_2171083	NP_Ct_r03_2016_12_05_L001-L004_merged	98	0	1	0	1
HAMBI_0403_chrm01_circ_2182745	NP_Ct_r03_2016_12_05_L001-L004_merged	87	0	1	0	1
HAMBI_0403_chrm01_circ_2183882	NP_Ct_r03_2016_12_05_L001-L004_merged	74	0	1	0	1
HAMBI_0403_chrm01_circ_2295095	NP_Ct_r03_2016_12_05_L001-L004_merged	88	0	1	0	1
HAMBI_0403_chrm01_circ_235764	NP_Ct_r03_2016_12_05_L001-L004_merged	87	0	1	0	1
HAMBI_0403_chrm01_circ_2399361	NP_Ct_r03_2016_12_05_L001-L004_merged	77	0	1	0	1
HAMBI_0403_chrm01_circ_2451784	NP_Ct_r03_2016_12_05_L001-L004_merged	103	0	1	0	1
HAMBI_0403_chrm01_circ_2489220	NP_Ct_r03_2016_12_05_L001-L004_merged	83	0	1	0	1
HAMBI_0403_chrm01_circ_2511570	NP_Ct_r03_2016_12_05_L001-L004_merged	81	0	1	0	1
HAMBI_0403_chrm01_circ_2518477	NP_Ct_r03_2016_12_05_L001-L004_merged	95	0	1	0	1
HAMBI_0403_chrm01_circ_25616	NP_Ct_r03_2016_12_05_L001-L004_merged	112	0	1	0	1
HAMBI_0403_chrm01_circ_2595158	NP_Ct_r03_2016_12_05_L001-L004_merged	86	14	1	0	1
HAMBI_0403_chrm01_circ_2623969	NP_Ct_r03_2016_12_05_L001-L004_merged	49	0	1	0	1
HAMBI_0403_chrm01_circ_2633075	NP_Ct_r03_2016_12_05_L001-L004_merged	71	0	1	0	1
HAMBI_0403_chrm01_circ_2692966	NP_Ct_r03_2016_12_05_L001-L004_merged	71	0	1	0	1
HAMBI_0403_chrm01_circ_2693666	NP_Ct_r03_2016_12_05_L001-L004_merged	97	0	1	0	1
HAMBI_0403_chrm01_circ_27022	NP_Ct_r03_2016_12_05_L001-L004_merged	69	0	1	0	1
HAMBI_0403_chrm01_circ_270829	NP_Ct_r03_2016_12_05_L001-L004_merged	103	0	1	0	1
HAMBI_0403_chrm01_circ_2788284	NP_Ct_r03_2016_12_05_L001-L004_merged	63	0	1	0	1
HAMBI_0403_chrm01_circ_2824864	NP_Ct_r03_2016_12_05_L001-L004_merged	89	0	1	0	1
HAMBI_0403_chrm01_circ_2868271	NP_Ct_r03_2016_12_05_L001-L004_merged	58	0	1	0	1
HAMBI_0403_chrm01_circ_2944548	NP_Ct_r03_2016_12_05_L001-L004_merged	69	0	1	0	1
HAMBI_0403_chrm01_circ_2958128	NP_Ct_r03_2016_12_05_L001-L004_merged	84	1	1	0	1
HAMBI_0403_chrm01_circ_3021874	NP_Ct_r03_2016_12_05_L001-L004_merged	76	0	1	0	1
HAMBI_0403_chrm01_circ_3035671	NP_Ct_r03_2016_12_05_L001-L004_merged	85	0	1	0	1
HAMBI_0403_chrm01_circ_3100821	NP_Ct_r03_2016_12_05_L001-L004_merged	76	2	1	0	1
HAMBI_0403_chrm01_circ_3185483	NP_Ct_r03_2016_12_05_L001-L004_merged	93	0	1	0	1
HAMBI_0403_chrm01_circ_3320753	NP_Ct_r03_2016_12_05_L001-L004_merged	79	0	1	0	1
HAMBI_0403_chrm01_circ_3324607	NP_Ct_r03_2016_12_05_L001-L004_merged	72	0	1	0	1
HAMBI_0403_chrm01_circ_3325786	NP_Ct_r03_2016_12_05_L001-L004_merged	51	0	1	0	1
HAMBI_0403_chrm01_circ_3425316	NP_Ct_r03_2016_12_05_L001-L004_merged	70	0	1	0	1
HAMBI_0403_chrm01_circ_3547421	NP_Ct_r03_2016_12_05_L001-L004_merged	75	0	1	0	1
HAMBI_0403_chrm01_circ_3605936	NP_Ct_r03_2016_12_05_L001-L004_merged	73	2	1	0	1
HAMBI_0403_chrm01_circ_3647360	NP_Ct_r03_2016_12_05_L001-L004_merged	84	0	1	0	1
HAMBI_0403_chrm01_circ_3713288	NP_Ct_r03_2016_12_05_L001-L004_merged	96	0	1	0	1
HAMBI_0403_chrm01_circ_3738840	NP_Ct_r03_2016_12_05_L001-L004_merged	80	0	1	0	1
HAMBI_0403_chrm01_circ_3763855	NP_Ct_r03_2016_12_05_L001-L004_merged	81	0	1	0	1
HAMBI_0403_chrm01_circ_3767311	NP_Ct_r03_2016_12_05_L001-L004_merged	82	0	1	0	1
HAMBI_0403_chrm01_circ_3844951	NP_Ct_r03_2016_12_05_L001-L004_merged	95	0	1	0	1
HAMBI_0403_chrm01_circ_3846801	NP_Ct_r03_2016_12_05_L001-L004_merged	86	0	1	0	1
HAMBI_0403_chrm01_circ_3873026	NP_Ct_r03_2016_12_05_L001-L004_merged	83	0	1	0	1
HAMBI_0403_chrm01_circ_3887450	NP_Ct_r03_2016_12_05_L001-L004_merged	70	0	1	0	1
HAMBI_0403_chrm01_circ_3897204	NP_Ct_r03_2016_12_05_L001-L004_merged	74	0	1	0	1
HAMBI_0403_chrm01_circ_3951089	NP_Ct_r03_2016_12_05_L001-L004_merged	104	0	1	0	1
HAMBI_0403_chrm01_circ_4044088	NP_Ct_r03_2016_12_05_L001-L004_merged	92	0	1	0	1
HAMBI_0403_chrm01_circ_4050144	NP_Ct_r03_2016_12_05_L001-L004_merged	76	0	1	0	1
HAMBI_0403_chrm01_circ_4096236	NP_Ct_r03_2016_12_05_L001-L004_merged	89	0	1	0	1
HAMBI_0403_chrm01_circ_4174302	NP_Ct_r03_2016_12_05_L001-L004_merged	79	0	1	0	1
HAMBI_0403_chrm01_circ_4230635	NP_Ct_r03_2016_12_05_L001-L004_merged	40	0	1	0	1
HAMBI_0403_chrm01_circ_4243310	NP_Ct_r03_2016_12_05_L001-L004_merged	99	0	1	0	1
HAMBI_0403_chrm01_circ_4287176	NP_Ct_r03_2016_12_05_L001-L004_merged	50	0	1	0	1
HAMBI_0403_chrm01_circ_431094	NP_Ct_r03_2016_12_05_L001-L004_merged	52	14	1	0	1
HAMBI_0403_chrm01_circ_4311737	NP_Ct_r03_2016_12_05_L001-L004_merged	59	0	1	0	1
HAMBI_0403_chrm01_circ_431222	NP_Ct_r03_2016_12_05_L001-L004_merged	84	0	1	0	1
HAMBI_0403_chrm01_circ_4420190	NP_Ct_r03_2016_12_05_L001-L004_merged	69	0	1	0	1
HAMBI_0403_chrm01_circ_4445774	NP_Ct_r03_2016_12_05_L001-L004_merged	92	0	1	0	1
HAMBI_0403_chrm01_circ_4466530	NP_Ct_r03_2016_12_05_L001-L004_merged	117	0	1	0	1
HAMBI_0403_chrm01_circ_4466988	NP_Ct_r03_2016_12_05_L001-L004_merged	100	0	1	0	1
HAMBI_0403_chrm01_circ_4671531	NP_Ct_r03_2016_12_05_L001-L004_merged	79	0	1	0	1
HAMBI_0403_chrm01_circ_4703998	NP_Ct_r03_2016_12_05_L001-L004_merged	96	0	1	0	1
HAMBI_0403_chrm01_circ_4706872	NP_Ct_r03_2016_12_05_L001-L004_merged	86	0	1	0	1
HAMBI_0403_chrm01_circ_4743873	NP_Ct_r03_2016_12_05_L001-L004_merged	81	0	1	0	1
HAMBI_0403_chrm01_circ_4758856	NP_Ct_r03_2016_12_05_L001-L004_merged	89	0	1	0	1
HAMBI_0403_chrm01_circ_4795914	NP_Ct_r03_2016_12_05_L001-L004_merged	100	0	1	0	1
HAMBI_0403_chrm01_circ_4834353	NP_Ct_r03_2016_12_05_L001-L004_merged	99	0	1	0	1
HAMBI_0403_chrm01_circ_4841785	NP_Ct_r03_2016_12_05_L001-L004_merged	85	0	1	0	1
HAMBI_0403_chrm01_circ_4842908	NP_Ct_r03_2016_12_05_L001-L004_merged	84	0	1	0	1
HAMBI_0403_chrm01_circ_4937428	NP_Ct_r03_2016_12_05_L001-L004_merged	101	0	1	0	1
HAMBI_0403_chrm01_circ_4942669	NP_Ct_r03_2016_12_05_L001-L004_merged	55	0	1	0	1
HAMBI_0403_chrm01_circ_5049906	NP_Ct_r03_2016_12_05_L001-L004_merged	80	0	1	0	1
HAMBI_0403_chrm01_circ_5134215	NP_Ct_r03_2016_12_05_L001-L004_merged	91	0	1	0	1
HAMBI_0403_chrm01_circ_5191704	NP_Ct_r03_2016_12_05_L001-L004_merged	109	0	1	0	1
HAMBI_0403_chrm01_circ_5321557	NP_Ct_r03_2016_12_05_L001-L004_merged	84	0	1	0	1
HAMBI_0403_chrm01_circ_538720	NP_Ct_r03_2016_12_05_L001-L004_merged	82	0	1	0	1
HAMBI_0403_chrm01_circ_538801	NP_Ct_r03_2016_12_05_L001-L004_merged	78	0	1	0	1
HAMBI_0403_chrm01_circ_5508159	NP_Ct_r03_2016_12_05_L001-L004_merged	81	0	1	0	1
HAMBI_0403_chrm01_circ_5517902	NP_Ct_r03_2016_12_05_L001-L004_merged	68	0	1	0	1
HAMBI_0403_chrm01_circ_5628562	NP_Ct_r03_2016_12_05_L001-L004_merged	73	0	1	0	1
HAMBI_0403_chrm01_circ_5635035	NP_Ct_r03_2016_12_05_L001-L004_merged	76	0	1	0	1
HAMBI_0403_chrm01_circ_565418	NP_Ct_r03_2016_12_05_L001-L004_merged	72	0	1	0	1
HAMBI_0403_chrm01_circ_5681260	NP_Ct_r03_2016_12_05_L001-L004_merged	81	0	1	0	1
HAMBI_0403_chrm01_circ_5740020	NP_Ct_r03_2016_12_05_L001-L004_merged	102	0	1	0	1
HAMBI_0403_chrm01_circ_583929	NP_Ct_r03_2016_12_05_L001-L004_merged	79	1	1	0	1
HAMBI_0403_chrm01_circ_665062	NP_Ct_r03_2016_12_05_L001-L004_merged	54	20	1	0	1
HAMBI_0403_chrm01_circ_665133	NP_Ct_r03_2016_12_05_L001-L004_merged	90	0	1	0	1
HAMBI_0403_chrm01_circ_675744	NP_Ct_r03_2016_12_05_L001-L004_merged	85	0	1	0	1
HAMBI_0403_chrm01_circ_699008	NP_Ct_r03_2016_12_05_L001-L004_merged	109	0	1	0	1
HAMBI_0403_chrm01_circ_837160	NP_Ct_r03_2016_12_05_L001-L004_merged	102	0	1	0	1
HAMBI_0403_chrm01_circ_928479	NP_Ct_r03_2016_12_05_L001-L004_merged	93	0	1	0	1
HAMBI_0403_chrm01_circ_936004	NP_Ct_r03_2016_12_05_L001-L004_merged	64	0	1	0	1
HAMBI_0403_chrm01_circ_957842	NP_Ct_r03_2016_12_05_L001-L004_merged	95	0	1	0	1
HAMBI_0403_chrm01_circ_958622	NP_Ct_r03_2016_12_05_L001-L004_merged	91	3	1	0	1
HAMBI_0403_chrm01_circ_958829	NP_Ct_r03_2016_12_05_L001-L004_merged	98	0	1	0	1
HAMBI_0403_chrm01_circ_96646	NP_Ct_r03_2016_12_05_L001-L004_merged	93	0	1	0	1
HAMBI_0403_chrm01_circ_1023542	NP_Ct_r03_2017_02_06_L001-L004_merged	94	0	1	0	1
HAMBI_0403_chrm01_circ_106917	NP_Ct_r03_2017_02_06_L001-L004_merged	51	0	1	0	1
HAMBI_0403_chrm01_circ_1146371	NP_Ct_r03_2017_02_06_L001-L004_merged	90	0	1	0	1
HAMBI_0403_chrm01_circ_1208008	NP_Ct_r03_2017_02_06_L001-L004_merged	83	0	1	0	1
HAMBI_0403_chrm01_circ_1216854	NP_Ct_r03_2017_02_06_L001-L004_merged	93	0	1	0	1
HAMBI_0403_chrm01_circ_1225555	NP_Ct_r03_2017_02_06_L001-L004_merged	52	0	1	0	1
HAMBI_0403_chrm01_circ_1295376	NP_Ct_r03_2017_02_06_L001-L004_merged	97	0	1	0	1
HAMBI_0403_chrm01_circ_1363572	NP_Ct_r03_2017_02_06_L001-L004_merged	64	0	1	0	1
HAMBI_0403_chrm01_circ_1434994	NP_Ct_r03_2017_02_06_L001-L004_merged	86	0	1	0	1
HAMBI_0403_chrm01_circ_1502147	NP_Ct_r03_2017_02_06_L001-L004_merged	86	0	1	0	1
HAMBI_0403_chrm01_circ_1513453	NP_Ct_r03_2017_02_06_L001-L004_merged	93	0	1	0	1
HAMBI_0403_chrm01_circ_1539742	NP_Ct_r03_2017_02_06_L001-L004_merged	99	0	1	0	1
HAMBI_0403_chrm01_circ_1540060	NP_Ct_r03_2017_02_06_L001-L004_merged	147	0	1	0	1
HAMBI_0403_chrm01_circ_1573192	NP_Ct_r03_2017_02_06_L001-L004_merged	115	0	1	0	1
HAMBI_0403_chrm01_circ_1596384	NP_Ct_r03_2017_02_06_L001-L004_merged	69	0	1	0	1
HAMBI_0403_chrm01_circ_1615909	NP_Ct_r03_2017_02_06_L001-L004_merged	122	0	1	0	1
HAMBI_0403_chrm01_circ_1669705	NP_Ct_r03_2017_02_06_L001-L004_merged	100	0	1	0	1
HAMBI_0403_chrm01_circ_1759801	NP_Ct_r03_2017_02_06_L001-L004_merged	99	1	1	0	1
HAMBI_0403_chrm01_circ_1759826	NP_Ct_r03_2017_02_06_L001-L004_merged	104	1	1	0	1
HAMBI_0403_chrm01_circ_1759846	NP_Ct_r03_2017_02_06_L001-L004_merged	97	1	1	0	1
HAMBI_0403_chrm01_circ_1838154	NP_Ct_r03_2017_02_06_L001-L004_merged	56	0	1	0	1
HAMBI_0403_chrm01_circ_1874515	NP_Ct_r03_2017_02_06_L001-L004_merged	96	0	1	0	1
HAMBI_0403_chrm01_circ_1879332	NP_Ct_r03_2017_02_06_L001-L004_merged	107	0	1	0	1
HAMBI_0403_chrm01_circ_1884561	NP_Ct_r03_2017_02_06_L001-L004_merged	88	0	1	0	1
HAMBI_0403_chrm01_circ_2015620	NP_Ct_r03_2017_02_06_L001-L004_merged	91	0	1	0	1
HAMBI_0403_chrm01_circ_2055137	NP_Ct_r03_2017_02_06_L001-L004_merged	179	0	1	0	1
HAMBI_0403_chrm01_circ_2058748	NP_Ct_r03_2017_02_06_L001-L004_merged	90	0	1	0	1
HAMBI_0403_chrm01_circ_2060528	NP_Ct_r03_2017_02_06_L001-L004_merged	115	0	1	0	1
HAMBI_0403_chrm01_circ_208763	NP_Ct_r03_2017_02_06_L001-L004_merged	91	0	1	0	1
HAMBI_0403_chrm01_circ_2090310	NP_Ct_r03_2017_02_06_L001-L004_merged	98	0	1	0	1
HAMBI_0403_chrm01_circ_2098396	NP_Ct_r03_2017_02_06_L001-L004_merged	100	0	1	0	1
HAMBI_0403_chrm01_circ_2171083	NP_Ct_r03_2017_02_06_L001-L004_merged	142	0	1	0	1
HAMBI_0403_chrm01_circ_2182745	NP_Ct_r03_2017_02_06_L001-L004_merged	58	0	1	0	1
HAMBI_0403_chrm01_circ_2183882	NP_Ct_r03_2017_02_06_L001-L004_merged	50	0	1	0	1
HAMBI_0403_chrm01_circ_2295095	NP_Ct_r03_2017_02_06_L001-L004_merged	115	0	1	0	1
HAMBI_0403_chrm01_circ_235764	NP_Ct_r03_2017_02_06_L001-L004_merged	64	0	1	0	1
HAMBI_0403_chrm01_circ_2399361	NP_Ct_r03_2017_02_06_L001-L004_merged	73	0	1	0	1
HAMBI_0403_chrm01_circ_2451784	NP_Ct_r03_2017_02_06_L001-L004_merged	97	1	1	0	1
HAMBI_0403_chrm01_circ_2489220	NP_Ct_r03_2017_02_06_L001-L004_merged	71	0	1	0	1
HAMBI_0403_chrm01_circ_2511570	NP_Ct_r03_2017_02_06_L001-L004_merged	79	0	1	0	1
HAMBI_0403_chrm01_circ_2518477	NP_Ct_r03_2017_02_06_L001-L004_merged	89	0	1	0	1
HAMBI_0403_chrm01_circ_25616	NP_Ct_r03_2017_02_06_L001-L004_merged	117	0	1	0	1
HAMBI_0403_chrm01_circ_2595158	NP_Ct_r03_2017_02_06_L001-L004_merged	66	26	1	0	1
HAMBI_0403_chrm01_circ_2623969	NP_Ct_r03_2017_02_06_L001-L004_merged	62	0	1	0	1
HAMBI_0403_chrm01_circ_2633075	NP_Ct_r03_2017_02_06_L001-L004_merged	76	0	1	0	1
HAMBI_0403_chrm01_circ_2692966	NP_Ct_r03_2017_02_06_L001-L004_merged	72	0	1	0	1
HAMBI_0403_chrm01_circ_2693666	NP_Ct_r03_2017_02_06_L001-L004_merged	83	0	1	0	1
HAMBI_0403_chrm01_circ_27022	NP_Ct_r03_2017_02_06_L001-L004_merged	64	0	1	0	1
HAMBI_0403_chrm01_circ_270829	NP_Ct_r03_2017_02_06_L001-L004_merged	96	0	1	0	1
HAMBI_0403_chrm01_circ_2788284	NP_Ct_r03_2017_02_06_L001-L004_merged	52	0	1	0	1
HAMBI_0403_chrm01_circ_2824864	NP_Ct_r03_2017_02_06_L001-L004_merged	120	0	1	0	1
HAMBI_0403_chrm01_circ_2868271	NP_Ct_r03_2017_02_06_L001-L004_merged	40	0	1	0	1
HAMBI_0403_chrm01_circ_2944548	NP_Ct_r03_2017_02_06_L001-L004_merged	71	0	1	0	1
HAMBI_0403_chrm01_circ_2958128	NP_Ct_r03_2017_02_06_L001-L004_merged	82	0	1	0	1
HAMBI_0403_chrm01_circ_3021874	NP_Ct_r03_2017_02_06_L001-L004_merged	90	0	1	0	1
HAMBI_0403_chrm01_circ_3035671	NP_Ct_r03_2017_02_06_L001-L004_merged	71	0	1	0	1
HAMBI_0403_chrm01_circ_3100821	NP_Ct_r03_2017_02_06_L001-L004_merged	81	1	1	0	1
HAMBI_0403_chrm01_circ_3185483	NP_Ct_r03_2017_02_06_L001-L004_merged	53	0	1	0	1
HAMBI_0403_chrm01_circ_3320753	NP_Ct_r03_2017_02_06_L001-L004_merged	69	0	1	0	1
HAMBI_0403_chrm01_circ_3324607	NP_Ct_r03_2017_02_06_L001-L004_merged	57	0	1	0	1
HAMBI_0403_chrm01_circ_3325786	NP_Ct_r03_2017_02_06_L001-L004_merged	47	0	1	0	1
HAMBI_0403_chrm01_circ_3425316	NP_Ct_r03_2017_02_06_L001-L004_merged	36	0	1	0	1
HAMBI_0403_chrm01_circ_3547421	NP_Ct_r03_2017_02_06_L001-L004_merged	118	0	1	0	1
HAMBI_0403_chrm01_circ_3605936	NP_Ct_r03_2017_02_06_L001-L004_merged	55	23	1	0	1
HAMBI_0403_chrm01_circ_3647360	NP_Ct_r03_2017_02_06_L001-L004_merged	65	0	1	0	1
HAMBI_0403_chrm01_circ_3713288	NP_Ct_r03_2017_02_06_L001-L004_merged	124	0	1	0	1
HAMBI_0403_chrm01_circ_3738840	NP_Ct_r03_2017_02_06_L001-L004_merged	38	0	1	0	1
HAMBI_0403_chrm01_circ_3763855	NP_Ct_r03_2017_02_06_L001-L004_merged	59	0	1	0	1
HAMBI_0403_chrm01_circ_3767311	NP_Ct_r03_2017_02_06_L001-L004_merged	45	32	1	0	1
HAMBI_0403_chrm01_circ_3844951	NP_Ct_r03_2017_02_06_L001-L004_merged	104	0	1	0	1
HAMBI_0403_chrm01_circ_3846801	NP_Ct_r03_2017_02_06_L001-L004_merged	89	0	1	0	1
HAMBI_0403_chrm01_circ_3873026	NP_Ct_r03_2017_02_06_L001-L004_merged	119	0	1	0	1
HAMBI_0403_chrm01_circ_3887450	NP_Ct_r03_2017_02_06_L001-L004_merged	70	0	1	0	1
HAMBI_0403_chrm01_circ_3897204	NP_Ct_r03_2017_02_06_L001-L004_merged	68	0	1	0	1
HAMBI_0403_chrm01_circ_3951089	NP_Ct_r03_2017_02_06_L001-L004_merged	137	0	1	0	1
HAMBI_0403_chrm01_circ_4044088	NP_Ct_r03_2017_02_06_L001-L004_merged	80	0	1	0	1
HAMBI_0403_chrm01_circ_4050144	NP_Ct_r03_2017_02_06_L001-L004_merged	44	0	1	0	1
HAMBI_0403_chrm01_circ_4096236	NP_Ct_r03_2017_02_06_L001-L004_merged	93	0	1	0	1
HAMBI_0403_chrm01_circ_4174302	NP_Ct_r03_2017_02_06_L001-L004_merged	59	0	1	0	1
HAMBI_0403_chrm01_circ_4230635	NP_Ct_r03_2017_02_06_L001-L004_merged	33	0	1	0	1
HAMBI_0403_chrm01_circ_4243310	NP_Ct_r03_2017_02_06_L001-L004_merged	118	0	1	0	1
HAMBI_0403_chrm01_circ_4287176	NP_Ct_r03_2017_02_06_L001-L004_merged	23	14	1	0	1
HAMBI_0403_chrm01_circ_431094	NP_Ct_r03_2017_02_06_L001-L004_merged	61	24	1	0	1
HAMBI_0403_chrm01_circ_4311737	NP_Ct_r03_2017_02_06_L001-L004_merged	44	0	1	0	1
HAMBI_0403_chrm01_circ_431222	NP_Ct_r03_2017_02_06_L001-L004_merged	65	0	1	0	1
HAMBI_0403_chrm01_circ_4420190	NP_Ct_r03_2017_02_06_L001-L004_merged	73	0	1	0	1
HAMBI_0403_chrm01_circ_4445774	NP_Ct_r03_2017_02_06_L001-L004_merged	120	0	1	0	1
HAMBI_0403_chrm01_circ_4466530	NP_Ct_r03_2017_02_06_L001-L004_merged	115	0	1	0	1
HAMBI_0403_chrm01_circ_4466988	NP_Ct_r03_2017_02_06_L001-L004_merged	95	0	1	0	1
HAMBI_0403_chrm01_circ_4671531	NP_Ct_r03_2017_02_06_L001-L004_merged	62	0	1	0	1
HAMBI_0403_chrm01_circ_4703998	NP_Ct_r03_2017_02_06_L001-L004_merged	90	0	1	0	1
HAMBI_0403_chrm01_circ_4706872	NP_Ct_r03_2017_02_06_L001-L004_merged	83	0	1	0	1
HAMBI_0403_chrm01_circ_4743873	NP_Ct_r03_2017_02_06_L001-L004_merged	75	0	1	0	1
HAMBI_0403_chrm01_circ_4758856	NP_Ct_r03_2017_02_06_L001-L004_merged	83	0	1	0	1
HAMBI_0403_chrm01_circ_4795914	NP_Ct_r03_2017_02_06_L001-L004_merged	87	0	1	0	1
HAMBI_0403_chrm01_circ_4834353	NP_Ct_r03_2017_02_06_L001-L004_merged	105	0	1	0	1
HAMBI_0403_chrm01_circ_4841785	NP_Ct_r03_2017_02_06_L001-L004_merged	66	0	1	0	1
HAMBI_0403_chrm01_circ_4842908	NP_Ct_r03_2017_02_06_L001-L004_merged	71	0	1	0	1
HAMBI_0403_chrm01_circ_4937428	NP_Ct_r03_2017_02_06_L001-L004_merged	113	0	1	0	1
HAMBI_0403_chrm01_circ_4942669	NP_Ct_r03_2017_02_06_L001-L004_merged	58	0	1	0	1
HAMBI_0403_chrm01_circ_5049906	NP_Ct_r03_2017_02_06_L001-L004_merged	47	0	1	0	1
HAMBI_0403_chrm01_circ_5134215	NP_Ct_r03_2017_02_06_L001-L004_merged	63	0	1	0	1
HAMBI_0403_chrm01_circ_5191704	NP_Ct_r03_2017_02_06_L001-L004_merged	83	0	1	0	1
HAMBI_0403_chrm01_circ_5321557	NP_Ct_r03_2017_02_06_L001-L004_merged	67	0	1	0	1
HAMBI_0403_chrm01_circ_538720	NP_Ct_r03_2017_02_06_L001-L004_merged	76	0	1	0	1
HAMBI_0403_chrm01_circ_538801	NP_Ct_r03_2017_02_06_L001-L004_merged	57	0	1	0	1
HAMBI_0403_chrm01_circ_5508159	NP_Ct_r03_2017_02_06_L001-L004_merged	65	0	1	0	1
HAMBI_0403_chrm01_circ_5517902	NP_Ct_r03_2017_02_06_L001-L004_merged	61	0	1	0	1
HAMBI_0403_chrm01_circ_5628562	NP_Ct_r03_2017_02_06_L001-L004_merged	56	0	1	0	1
HAMBI_0403_chrm01_circ_5635035	NP_Ct_r03_2017_02_06_L001-L004_merged	60	0	1	0	1
HAMBI_0403_chrm01_circ_565418	NP_Ct_r03_2017_02_06_L001-L004_merged	57	0	1	0	1
HAMBI_0403_chrm01_circ_5681260	NP_Ct_r03_2017_02_06_L001-L004_merged	65	0	1	0	1
HAMBI_0403_chrm01_circ_5740020	NP_Ct_r03_2017_02_06_L001-L004_merged	98	0	1	0	1
HAMBI_0403_chrm01_circ_583929	NP_Ct_r03_2017_02_06_L001-L004_merged	77	0	1	0	1
HAMBI_0403_chrm01_circ_665062	NP_Ct_r03_2017_02_06_L001-L004_merged	57	14	1	0	1
HAMBI_0403_chrm01_circ_665133	NP_Ct_r03_2017_02_06_L001-L004_merged	68	0	1	0	1
HAMBI_0403_chrm01_circ_675744	NP_Ct_r03_2017_02_06_L001-L004_merged	90	0	1	0	1
HAMBI_0403_chrm01_circ_699008	NP_Ct_r03_2017_02_06_L001-L004_merged	96	0	1	0	1
HAMBI_0403_chrm01_circ_837160	NP_Ct_r03_2017_02_06_L001-L004_merged	94	0	1	0	1
HAMBI_0403_chrm01_circ_928479	NP_Ct_r03_2017_02_06_L001-L004_merged	88	0	1	0	1
HAMBI_0403_chrm01_circ_936004	NP_Ct_r03_2017_02_06_L001-L004_merged	32	0	1	0	1
HAMBI_0403_chrm01_circ_957842	NP_Ct_r03_2017_02_06_L001-L004_merged	119	0	1	0	1
HAMBI_0403_chrm01_circ_958622	NP_Ct_r03_2017_02_06_L001-L004_merged	93	34	1	0	1
HAMBI_0403_chrm01_circ_958829	NP_Ct_r03_2017_02_06_L001-L004_merged	96	0	1	0	1
HAMBI_0403_chrm01_circ_96646	NP_Ct_r03_2017_02_06_L001-L004_merged	86	0	1	0	1
HAMBI_0403_chrm01_circ_1023542	NP_Ct_r03_2017_03_06_L002	109	0	1	0	1
HAMBI_0403_chrm01_circ_106917	NP_Ct_r03_2017_03_06_L002	93	0	1	0	1
HAMBI_0403_chrm01_circ_1146371	NP_Ct_r03_2017_03_06_L002	104	0	1	0	1
HAMBI_0403_chrm01_circ_1208008	NP_Ct_r03_2017_03_06_L002	99	0	1	0	1
HAMBI_0403_chrm01_circ_1216854	NP_Ct_r03_2017_03_06_L002	107	0	1	0	1
HAMBI_0403_chrm01_circ_1225555	NP_Ct_r03_2017_03_06_L002	86	0	1	0	1
HAMBI_0403_chrm01_circ_1295376	NP_Ct_r03_2017_03_06_L002	100	0	1	0	1
HAMBI_0403_chrm01_circ_1363572	NP_Ct_r03_2017_03_06_L002	100	0	1	0	1
HAMBI_0403_chrm01_circ_1434994	NP_Ct_r03_2017_03_06_L002	105	0	1	0	1
HAMBI_0403_chrm01_circ_1502147	NP_Ct_r03_2017_03_06_L002	118	0	1	0	1
HAMBI_0403_chrm01_circ_1513453	NP_Ct_r03_2017_03_06_L002	98	0	1	0	1
HAMBI_0403_chrm01_circ_1539742	NP_Ct_r03_2017_03_06_L002	122	0	1	0	1
HAMBI_0403_chrm01_circ_1540060	NP_Ct_r03_2017_03_06_L002	132	0	1	0	1
HAMBI_0403_chrm01_circ_1573192	NP_Ct_r03_2017_03_06_L002	129	0	1	0	1
HAMBI_0403_chrm01_circ_1596384	NP_Ct_r03_2017_03_06_L002	100	0	1	0	1
HAMBI_0403_chrm01_circ_1615909	NP_Ct_r03_2017_03_06_L002	125	0	1	0	1
HAMBI_0403_chrm01_circ_1669705	NP_Ct_r03_2017_03_06_L002	131	0	1	0	1
HAMBI_0403_chrm01_circ_1759801	NP_Ct_r03_2017_03_06_L002	112	0	1	0	1
HAMBI_0403_chrm01_circ_1759826	NP_Ct_r03_2017_03_06_L002	109	0	1	0	1
HAMBI_0403_chrm01_circ_1759846	NP_Ct_r03_2017_03_06_L002	114	0	1	0	1
HAMBI_0403_chrm01_circ_1838154	NP_Ct_r03_2017_03_06_L002	104	0	1	0	1
HAMBI_0403_chrm01_circ_1874515	NP_Ct_r03_2017_03_06_L002	89	0	1	0	1
HAMBI_0403_chrm01_circ_1879332	NP_Ct_r03_2017_03_06_L002	103	0	1	0	1
HAMBI_0403_chrm01_circ_1884561	NP_Ct_r03_2017_03_06_L002	120	0	1	0	1
HAMBI_0403_chrm01_circ_2015620	NP_Ct_r03_2017_03_06_L002	97	0	1	0	1
HAMBI_0403_chrm01_circ_2055137	NP_Ct_r03_2017_03_06_L002	137	0	1	0	1
HAMBI_0403_chrm01_circ_2058748	NP_Ct_r03_2017_03_06_L002	121	0	1	0	1
HAMBI_0403_chrm01_circ_2060528	NP_Ct_r03_2017_03_06_L002	142	0	1	0	1
HAMBI_0403_chrm01_circ_208763	NP_Ct_r03_2017_03_06_L002	122	0	1	0	1
HAMBI_0403_chrm01_circ_2090310	NP_Ct_r03_2017_03_06_L002	98	0	1	0	1
HAMBI_0403_chrm01_circ_2098396	NP_Ct_r03_2017_03_06_L002	130	0	1	0	1
HAMBI_0403_chrm01_circ_2171083	NP_Ct_r03_2017_03_06_L002	141	0	1	0	1
HAMBI_0403_chrm01_circ_2182745	NP_Ct_r03_2017_03_06_L002	104	0	1	0	1
HAMBI_0403_chrm01_circ_2183882	NP_Ct_r03_2017_03_06_L002	90	0	1	0	1
HAMBI_0403_chrm01_circ_2295095	NP_Ct_r03_2017_03_06_L002	146	0	1	0	1
HAMBI_0403_chrm01_circ_235764	NP_Ct_r03_2017_03_06_L002	116	0	1	0	1
HAMBI_0403_chrm01_circ_2399361	NP_Ct_r03_2017_03_06_L002	70	0	1	0	1
HAMBI_0403_chrm01_circ_2451784	NP_Ct_r03_2017_03_06_L002	120	0	1	0	1
HAMBI_0403_chrm01_circ_2489220	NP_Ct_r03_2017_03_06_L002	111	0	1	0	1
HAMBI_0403_chrm01_circ_2511570	NP_Ct_r03_2017_03_06_L002	109	0	1	0	1
HAMBI_0403_chrm01_circ_2518477	NP_Ct_r03_2017_03_06_L002	123	0	1	0	1
HAMBI_0403_chrm01_circ_25616	NP_Ct_r03_2017_03_06_L002	125	0	1	0	1
HAMBI_0403_chrm01_circ_2595158	NP_Ct_r03_2017_03_06_L002	126	2	1	0	1
HAMBI_0403_chrm01_circ_2623969	NP_Ct_r03_2017_03_06_L002	72	0	1	0	1
HAMBI_0403_chrm01_circ_2633075	NP_Ct_r03_2017_03_06_L002	101	0	1	0	1
HAMBI_0403_chrm01_circ_2692966	NP_Ct_r03_2017_03_06_L002	97	0	1	0	1
HAMBI_0403_chrm01_circ_2693666	NP_Ct_r03_2017_03_06_L002	108	0	1	0	1
HAMBI_0403_chrm01_circ_27022	NP_Ct_r03_2017_03_06_L002	103	0	1	0	1
HAMBI_0403_chrm01_circ_270829	NP_Ct_r03_2017_03_06_L002	127	0	1	0	1
HAMBI_0403_chrm01_circ_2788284	NP_Ct_r03_2017_03_06_L002	76	0	1	0	1
HAMBI_0403_chrm01_circ_2824864	NP_Ct_r03_2017_03_06_L002	122	0	1	0	1
HAMBI_0403_chrm01_circ_2868271	NP_Ct_r03_2017_03_06_L002	61	0	1	0	1
HAMBI_0403_chrm01_circ_2944548	NP_Ct_r03_2017_03_06_L002	63	0	1	0	1
HAMBI_0403_chrm01_circ_2958128	NP_Ct_r03_2017_03_06_L002	79	0	1	0	1
HAMBI_0403_chrm01_circ_3021874	NP_Ct_r03_2017_03_06_L002	111	0	1	0	1
HAMBI_0403_chrm01_circ_3035671	NP_Ct_r03_2017_03_06_L002	65	0	1	0	1
HAMBI_0403_chrm01_circ_3100821	NP_Ct_r03_2017_03_06_L002	105	10	1	0	1
HAMBI_0403_chrm01_circ_3185483	NP_Ct_r03_2017_03_06_L002	99	0	1	0	1
HAMBI_0403_chrm01_circ_3320753	NP_Ct_r03_2017_03_06_L002	112	0	1	0	1
HAMBI_0403_chrm01_circ_3324607	NP_Ct_r03_2017_03_06_L002	83	0	1	0	1
HAMBI_0403_chrm01_circ_3325786	NP_Ct_r03_2017_03_06_L002	94	0	1	0	1
HAMBI_0403_chrm01_circ_3425316	NP_Ct_r03_2017_03_06_L002	78	0	1	0	1
HAMBI_0403_chrm01_circ_3547421	NP_Ct_r03_2017_03_06_L002	112	0	1	0	1
HAMBI_0403_chrm01_circ_3605936	NP_Ct_r03_2017_03_06_L002	60	54	1	0	1
HAMBI_0403_chrm01_circ_3647360	NP_Ct_r03_2017_03_06_L002	99	0	1	0	1
HAMBI_0403_chrm01_circ_3713288	NP_Ct_r03_2017_03_06_L002	118	0	1	0	1
HAMBI_0403_chrm01_circ_3738840	NP_Ct_r03_2017_03_06_L002	71	0	1	0	1
HAMBI_0403_chrm01_circ_3763855	NP_Ct_r03_2017_03_06_L002	116	0	1	0	1
HAMBI_0403_chrm01_circ_3767311	NP_Ct_r03_2017_03_06_L002	74	52	1	0	1
HAMBI_0403_chrm01_circ_3844951	NP_Ct_r03_2017_03_06_L002	89	0	1	0	1
HAMBI_0403_chrm01_circ_3846801	NP_Ct_r03_2017_03_06_L002	109	0	1	0	1
HAMBI_0403_chrm01_circ_3873026	NP_Ct_r03_2017_03_06_L002	113	0	1	0	1
HAMBI_0403_chrm01_circ_3887450	NP_Ct_r03_2017_03_06_L002	72	0	1	0	1
HAMBI_0403_chrm01_circ_3897204	NP_Ct_r03_2017_03_06_L002	97	0	1	0	1
HAMBI_0403_chrm01_circ_3951089	NP_Ct_r03_2017_03_06_L002	130	0	1	0	1
HAMBI_0403_chrm01_circ_4044088	NP_Ct_r03_2017_03_06_L002	111	0	1	0	1
HAMBI_0403_chrm01_circ_4050144	NP_Ct_r03_2017_03_06_L002	70	0	1	0	1
HAMBI_0403_chrm01_circ_4096236	NP_Ct_r03_2017_03_06_L002	113	0	1	0	1
HAMBI_0403_chrm01_circ_4174302	NP_Ct_r03_2017_03_06_L002	96	0	1	0	1
HAMBI_0403_chrm01_circ_4230635	NP_Ct_r03_2017_03_06_L002	54	0	1	0	1
HAMBI_0403_chrm01_circ_4243310	NP_Ct_r03_2017_03_06_L002	118	1	1	0	1
HAMBI_0403_chrm01_circ_4287176	NP_Ct_r03_2017_03_06_L002	33	21	1	0	1
HAMBI_0403_chrm01_circ_431094	NP_Ct_r03_2017_03_06_L002	83	30	1	0	1
HAMBI_0403_chrm01_circ_4311737	NP_Ct_r03_2017_03_06_L002	62	0	1	0	1
HAMBI_0403_chrm01_circ_431222	NP_Ct_r03_2017_03_06_L002	104	0	1	0	1
HAMBI_0403_chrm01_circ_4420190	NP_Ct_r03_2017_03_06_L002	95	0	1	0	1
HAMBI_0403_chrm01_circ_4445774	NP_Ct_r03_2017_03_06_L002	114	0	1	0	1
HAMBI_0403_chrm01_circ_4466530	NP_Ct_r03_2017_03_06_L002	113	0	1	0	1
HAMBI_0403_chrm01_circ_4466988	NP_Ct_r03_2017_03_06_L002	123	0	1	0	1
HAMBI_0403_chrm01_circ_4671531	NP_Ct_r03_2017_03_06_L002	85	0	1	0	1
HAMBI_0403_chrm01_circ_4703998	NP_Ct_r03_2017_03_06_L002	95	0	1	0	1
HAMBI_0403_chrm01_circ_4706872	NP_Ct_r03_2017_03_06_L002	100	0	1	0	1
HAMBI_0403_chrm01_circ_4743873	NP_Ct_r03_2017_03_06_L002	90	0	1	0	1
HAMBI_0403_chrm01_circ_4758856	NP_Ct_r03_2017_03_06_L002	99	0	1	0	1
HAMBI_0403_chrm01_circ_4795914	NP_Ct_r03_2017_03_06_L002	124	0	1	0	1
HAMBI_0403_chrm01_circ_4834353	NP_Ct_r03_2017_03_06_L002	129	0	1	0	1
HAMBI_0403_chrm01_circ_4841785	NP_Ct_r03_2017_03_06_L002	113	0	1	0	1
HAMBI_0403_chrm01_circ_4842908	NP_Ct_r03_2017_03_06_L002	101	0	1	0	1
HAMBI_0403_chrm01_circ_4937428	NP_Ct_r03_2017_03_06_L002	107	0	1	0	1
HAMBI_0403_chrm01_circ_4942669	NP_Ct_r03_2017_03_06_L002	101	0	1	0	1
HAMBI_0403_chrm01_circ_5049906	NP_Ct_r03_2017_03_06_L002	77	0	1	0	1
HAMBI_0403_chrm01_circ_5134215	NP_Ct_r03_2017_03_06_L002	129	0	1	0	1
HAMBI_0403_chrm01_circ_5191704	NP_Ct_r03_2017_03_06_L002	116	0	1	0	1
HAMBI_0403_chrm01_circ_5321557	NP_Ct_r03_2017_03_06_L002	79	0	1	0	1
HAMBI_0403_chrm01_circ_538720	NP_Ct_r03_2017_03_06_L002	96	0	1	0	1
HAMBI_0403_chrm01_circ_538801	NP_Ct_r03_2017_03_06_L002	93	0	1	0	1
HAMBI_0403_chrm01_circ_5508159	NP_Ct_r03_2017_03_06_L002	132	0	1	0	1
HAMBI_0403_chrm01_circ_5517902	NP_Ct_r03_2017_03_06_L002	118	0	1	0	1
HAMBI_0403_chrm01_circ_5628562	NP_Ct_r03_2017_03_06_L002	87	0	1	0	1
HAMBI_0403_chrm01_circ_5635035	NP_Ct_r03_2017_03_06_L002	111	0	1	0	1
HAMBI_0403_chrm01_circ_565418	NP_Ct_r03_2017_03_06_L002	104	0	1	0	1
HAMBI_0403_chrm01_circ_5681260	NP_Ct_r03_2017_03_06_L002	96	0	1	0	1
HAMBI_0403_chrm01_circ_5740020	NP_Ct_r03_2017_03_06_L002	127	0	1	0	1
HAMBI_0403_chrm01_circ_583929	NP_Ct_r03_2017_03_06_L002	84	0	1	0	1
HAMBI_0403_chrm01_circ_665062	NP_Ct_r03_2017_03_06_L002	45	38	1	0	1
HAMBI_0403_chrm01_circ_665133	NP_Ct_r03_2017_03_06_L002	92	0	1	0	1
HAMBI_0403_chrm01_circ_675744	NP_Ct_r03_2017_03_06_L002	100	0	1	0	1
HAMBI_0403_chrm01_circ_699008	NP_Ct_r03_2017_03_06_L002	110	1	1	0	1
HAMBI_0403_chrm01_circ_837160	NP_Ct_r03_2017_03_06_L002	103	0	1	0	1
HAMBI_0403_chrm01_circ_928479	NP_Ct_r03_2017_03_06_L002	114	0	1	0	1
HAMBI_0403_chrm01_circ_936004	NP_Ct_r03_2017_03_06_L002	79	0	1	0	1
HAMBI_0403_chrm01_circ_957842	NP_Ct_r03_2017_03_06_L002	111	0	1	0	1
HAMBI_0403_chrm01_circ_958622	NP_Ct_r03_2017_03_06_L002	66	49	1	0	1
HAMBI_0403_chrm01_circ_958829	NP_Ct_r03_2017_03_06_L002	121	0	1	0	1
HAMBI_0403_chrm01_circ_96646	NP_Ct_r03_2017_03_06_L002	115	0	1	0	1
HAMBI_0403_chrm01_circ_1023542	NP_Ct_r03_2017_04_03_L002	69	0	1	0	1
HAMBI_0403_chrm01_circ_106917	NP_Ct_r03_2017_04_03_L002	46	0	1	0	1
HAMBI_0403_chrm01_circ_1146371	NP_Ct_r03_2017_04_03_L002	67	0	1	0	1
HAMBI_0403_chrm01_circ_1208008	NP_Ct_r03_2017_04_03_L002	56	0	1	0	1
HAMBI_0403_chrm01_circ_1216854	NP_Ct_r03_2017_04_03_L002	48	0	1	0	1
HAMBI_0403_chrm01_circ_1225555	NP_Ct_r03_2017_04_03_L002	61	0	1	0	1
HAMBI_0403_chrm01_circ_1295376	NP_Ct_r03_2017_04_03_L002	52	0	1	0	1
HAMBI_0403_chrm01_circ_1363572	NP_Ct_r03_2017_04_03_L002	50	0	1	0	1
HAMBI_0403_chrm01_circ_1434994	NP_Ct_r03_2017_04_03_L002	56	0	1	0	1
HAMBI_0403_chrm01_circ_1502147	NP_Ct_r03_2017_04_03_L002	45	0	1	0	1
HAMBI_0403_chrm01_circ_1513453	NP_Ct_r03_2017_04_03_L002	45	0	1	0	1
HAMBI_0403_chrm01_circ_1539742	NP_Ct_r03_2017_04_03_L002	42	0	1	0	1
HAMBI_0403_chrm01_circ_1540060	NP_Ct_r03_2017_04_03_L002	53	0	1	0	1
HAMBI_0403_chrm01_circ_1573192	NP_Ct_r03_2017_04_03_L002	52	0	1	0	1
HAMBI_0403_chrm01_circ_1596384	NP_Ct_r03_2017_04_03_L002	57	0	1	0	1
HAMBI_0403_chrm01_circ_1615909	NP_Ct_r03_2017_04_03_L002	47	0	1	0	1
HAMBI_0403_chrm01_circ_1669705	NP_Ct_r03_2017_04_03_L002	56	0	1	0	1
HAMBI_0403_chrm01_circ_1759801	NP_Ct_r03_2017_04_03_L002	44	0	1	0	1
HAMBI_0403_chrm01_circ_1759826	NP_Ct_r03_2017_04_03_L002	48	0	1	0	1
HAMBI_0403_chrm01_circ_1759846	NP_Ct_r03_2017_04_03_L002	54	0	1	0	1
HAMBI_0403_chrm01_circ_1838154	NP_Ct_r03_2017_04_03_L002	33	0	1	0	1
HAMBI_0403_chrm01_circ_1874515	NP_Ct_r03_2017_04_03_L002	44	0	1	0	1
HAMBI_0403_chrm01_circ_1879332	NP_Ct_r03_2017_04_03_L002	43	0	1	0	1
HAMBI_0403_chrm01_circ_1884561	NP_Ct_r03_2017_04_03_L002	47	0	1	0	1
HAMBI_0403_chrm01_circ_2015620	NP_Ct_r03_2017_04_03_L002	44	0	1	0	1
HAMBI_0403_chrm01_circ_2055137	NP_Ct_r03_2017_04_03_L002	80	0	1	0	1
HAMBI_0403_chrm01_circ_2058748	NP_Ct_r03_2017_04_03_L002	47	0	1	0	1
HAMBI_0403_chrm01_circ_2060528	NP_Ct_r03_2017_04_03_L002	46	0	1	0	1
HAMBI_0403_chrm01_circ_208763	NP_Ct_r03_2017_04_03_L002	47	0	1	0	1
HAMBI_0403_chrm01_circ_2090310	NP_Ct_r03_2017_04_03_L002	38	0	1	0	1
HAMBI_0403_chrm01_circ_2098396	NP_Ct_r03_2017_04_03_L002	71	0	1	0	1
HAMBI_0403_chrm01_circ_2171083	NP_Ct_r03_2017_04_03_L002	59	0	1	0	1
HAMBI_0403_chrm01_circ_2182745	NP_Ct_r03_2017_04_03_L002	40	0	1	0	1
HAMBI_0403_chrm01_circ_2183882	NP_Ct_r03_2017_04_03_L002	36	0	1	0	1
HAMBI_0403_chrm01_circ_2295095	NP_Ct_r03_2017_04_03_L002	81	0	1	0	1
HAMBI_0403_chrm01_circ_235764	NP_Ct_r03_2017_04_03_L002	50	0	1	0	1
HAMBI_0403_chrm01_circ_2399361	NP_Ct_r03_2017_04_03_L002	32	0	1	0	1
HAMBI_0403_chrm01_circ_2451784	NP_Ct_r03_2017_04_03_L002	60	0	1	0	1
HAMBI_0403_chrm01_circ_2489220	NP_Ct_r03_2017_04_03_L002	54	0	1	0	1
HAMBI_0403_chrm01_circ_2511570	NP_Ct_r03_2017_04_03_L002	39	0	1	0	1
HAMBI_0403_chrm01_circ_2518477	NP_Ct_r03_2017_04_03_L002	54	0	1	0	1
HAMBI_0403_chrm01_circ_25616	NP_Ct_r03_2017_04_03_L002	65	0	1	0	1
HAMBI_0403_chrm01_circ_2595158	NP_Ct_r03_2017_04_03_L002	25	23	1	0	1
HAMBI_0403_chrm01_circ_2623969	NP_Ct_r03_2017_04_03_L002	30	0	1	0	1
HAMBI_0403_chrm01_circ_2633075	NP_Ct_r03_2017_04_03_L002	63	0	1	0	1
HAMBI_0403_chrm01_circ_2692966	NP_Ct_r03_2017_04_03_L002	60	0	1	0	1
HAMBI_0403_chrm01_circ_2693666	NP_Ct_r03_2017_04_03_L002	48	0	1	0	1
HAMBI_0403_chrm01_circ_27022	NP_Ct_r03_2017_04_03_L002	45	0	1	0	1
HAMBI_0403_chrm01_circ_270829	NP_Ct_r03_2017_04_03_L002	59	1	1	0	1
HAMBI_0403_chrm01_circ_2788284	NP_Ct_r03_2017_04_03_L002	42	0	1	0	1
HAMBI_0403_chrm01_circ_2824864	NP_Ct_r03_2017_04_03_L002	54	0	1	0	1
HAMBI_0403_chrm01_circ_2868271	NP_Ct_r03_2017_04_03_L002	38	0	1	0	1
HAMBI_0403_chrm01_circ_2944548	NP_Ct_r03_2017_04_03_L002	44	0	1	0	1
HAMBI_0403_chrm01_circ_2958128	NP_Ct_r03_2017_04_03_L002	63	0	1	0	1
HAMBI_0403_chrm01_circ_3021874	NP_Ct_r03_2017_04_03_L002	44	0	1	0	1
HAMBI_0403_chrm01_circ_3035671	NP_Ct_r03_2017_04_03_L002	39	0	1	0	1
HAMBI_0403_chrm01_circ_3100821	NP_Ct_r03_2017_04_03_L002	59	2	1	0	1
HAMBI_0403_chrm01_circ_3185483	NP_Ct_r03_2017_04_03_L002	47	0	1	0	1
HAMBI_0403_chrm01_circ_3320753	NP_Ct_r03_2017_04_03_L002	56	0	1	0	1
HAMBI_0403_chrm01_circ_3324607	NP_Ct_r03_2017_04_03_L002	39	0	1	0	1
HAMBI_0403_chrm01_circ_3325786	NP_Ct_r03_2017_04_03_L002	33	0	1	0	1
HAMBI_0403_chrm01_circ_3425316	NP_Ct_r03_2017_04_03_L002	56	0	1	0	1
HAMBI_0403_chrm01_circ_3547421	NP_Ct_r03_2017_04_03_L002	39	0	1	0	1
HAMBI_0403_chrm01_circ_3605936	NP_Ct_r03_2017_04_03_L002	44	3	1	0	1
HAMBI_0403_chrm01_circ_3647360	NP_Ct_r03_2017_04_03_L002	50	0	1	0	1
HAMBI_0403_chrm01_circ_3713288	NP_Ct_r03_2017_04_03_L002	49	0	1	0	1
HAMBI_0403_chrm01_circ_3738840	NP_Ct_r03_2017_04_03_L002	42	0	1	0	1
HAMBI_0403_chrm01_circ_3763855	NP_Ct_r03_2017_04_03_L002	49	0	1	0	1
HAMBI_0403_chrm01_circ_3767311	NP_Ct_r03_2017_04_03_L002	22	27	1	0	1
HAMBI_0403_chrm01_circ_3844951	NP_Ct_r03_2017_04_03_L002	64	0	1	0	1
HAMBI_0403_chrm01_circ_3846801	NP_Ct_r03_2017_04_03_L002	52	0	1	0	1
HAMBI_0403_chrm01_circ_3873026	NP_Ct_r03_2017_04_03_L002	63	0	1	0	1
HAMBI_0403_chrm01_circ_3887450	NP_Ct_r03_2017_04_03_L002	38	0	1	0	1
HAMBI_0403_chrm01_circ_3897204	NP_Ct_r03_2017_04_03_L002	44	0	1	0	1
HAMBI_0403_chrm01_circ_3951089	NP_Ct_r03_2017_04_03_L002	60	0	1	0	1
HAMBI_0403_chrm01_circ_4044088	NP_Ct_r03_2017_04_03_L002	52	0	1	0	1
HAMBI_0403_chrm01_circ_4050144	NP_Ct_r03_2017_04_03_L002	35	0	1	0	1
HAMBI_0403_chrm01_circ_4096236	NP_Ct_r03_2017_04_03_L002	48	0	1	0	1
HAMBI_0403_chrm01_circ_4174302	NP_Ct_r03_2017_04_03_L002	41	0	1	0	1
HAMBI_0403_chrm01_circ_4230635	NP_Ct_r03_2017_04_03_L002	34	0	1	0	1
HAMBI_0403_chrm01_circ_4243310	NP_Ct_r03_2017_04_03_L002	47	0	1	0	1
HAMBI_0403_chrm01_circ_4287176	NP_Ct_r03_2017_04_03_L002	16	28	1	0	1
HAMBI_0403_chrm01_circ_431094	NP_Ct_r03_2017_04_03_L002	20	39	1	0	1
HAMBI_0403_chrm01_circ_4311737	NP_Ct_r03_2017_04_03_L002	41	0	1	0	1
HAMBI_0403_chrm01_circ_431222	NP_Ct_r03_2017_04_03_L002	47	0	1	0	1
HAMBI_0403_chrm01_circ_4420190	NP_Ct_r03_2017_04_03_L002	49	0	1	0	1
HAMBI_0403_chrm01_circ_4445774	NP_Ct_r03_2017_04_03_L002	52	0	1	0	1
HAMBI_0403_chrm01_circ_4466530	NP_Ct_r03_2017_04_03_L002	50	0	1	0	1
HAMBI_0403_chrm01_circ_4466988	NP_Ct_r03_2017_04_03_L002	56	0	1	0	1
HAMBI_0403_chrm01_circ_4671531	NP_Ct_r03_2017_04_03_L002	47	0	1	0	1
HAMBI_0403_chrm01_circ_4703998	NP_Ct_r03_2017_04_03_L002	62	0	1	0	1
HAMBI_0403_chrm01_circ_4706872	NP_Ct_r03_2017_04_03_L002	69	0	1	0	1
HAMBI_0403_chrm01_circ_4743873	NP_Ct_r03_2017_04_03_L002	46	0	1	0	1
HAMBI_0403_chrm01_circ_4758856	NP_Ct_r03_2017_04_03_L002	43	0	1	0	1
HAMBI_0403_chrm01_circ_4795914	NP_Ct_r03_2017_04_03_L002	55	0	1	0	1
HAMBI_0403_chrm01_circ_4834353	NP_Ct_r03_2017_04_03_L002	65	0	1	0	1
HAMBI_0403_chrm01_circ_4841785	NP_Ct_r03_2017_04_03_L002	45	0	1	0	1
HAMBI_0403_chrm01_circ_4842908	NP_Ct_r03_2017_04_03_L002	46	0	1	0	1
HAMBI_0403_chrm01_circ_4937428	NP_Ct_r03_2017_04_03_L002	62	0	1	0	1
HAMBI_0403_chrm01_circ_4942669	NP_Ct_r03_2017_04_03_L002	35	0	1	0	1
HAMBI_0403_chrm01_circ_5049906	NP_Ct_r03_2017_04_03_L002	58	0	1	0	1
HAMBI_0403_chrm01_circ_5134215	NP_Ct_r03_2017_04_03_L002	38	0	1	0	1
HAMBI_0403_chrm01_circ_5191704	NP_Ct_r03_2017_04_03_L002	42	0	1	0	1
HAMBI_0403_chrm01_circ_5321557	NP_Ct_r03_2017_04_03_L002	50	0	1	0	1
HAMBI_0403_chrm01_circ_538720	NP_Ct_r03_2017_04_03_L002	48	0	1	0	1
HAMBI_0403_chrm01_circ_538801	NP_Ct_r03_2017_04_03_L002	36	0	1	0	1
HAMBI_0403_chrm01_circ_5508159	NP_Ct_r03_2017_04_03_L002	55	0	1	0	1
HAMBI_0403_chrm01_circ_5517902	NP_Ct_r03_2017_04_03_L002	43	0	1	0	1
HAMBI_0403_chrm01_circ_5628562	NP_Ct_r03_2017_04_03_L002	52	0	1	0	1
HAMBI_0403_chrm01_circ_5635035	NP_Ct_r03_2017_04_03_L002	48	0	1	0	1
HAMBI_0403_chrm01_circ_565418	NP_Ct_r03_2017_04_03_L002	53	0	1	0	1
HAMBI_0403_chrm01_circ_5681260	NP_Ct_r03_2017_04_03_L002	46	0	1	0	1
HAMBI_0403_chrm01_circ_5740020	NP_Ct_r03_2017_04_03_L002	54	0	1	0	1
HAMBI_0403_chrm01_circ_583929	NP_Ct_r03_2017_04_03_L002	44	0	1	0	1
HAMBI_0403_chrm01_circ_665062	NP_Ct_r03_2017_04_03_L002	19	22	1	0	1
HAMBI_0403_chrm01_circ_665133	NP_Ct_r03_2017_04_03_L002	51	0	1	0	1
HAMBI_0403_chrm01_circ_675744	NP_Ct_r03_2017_04_03_L002	47	0	1	0	1
HAMBI_0403_chrm01_circ_699008	NP_Ct_r03_2017_04_03_L002	44	0	1	0	1
HAMBI_0403_chrm01_circ_837160	NP_Ct_r03_2017_04_03_L002	48	0	1	0	1
HAMBI_0403_chrm01_circ_928479	NP_Ct_r03_2017_04_03_L002	62	0	1	0	1
HAMBI_0403_chrm01_circ_936004	NP_Ct_r03_2017_04_03_L002	44	0	1	0	1
HAMBI_0403_chrm01_circ_957842	NP_Ct_r03_2017_04_03_L002	50	0	1	0	1
HAMBI_0403_chrm01_circ_958622	NP_Ct_r03_2017_04_03_L002	45	11	1	0	1
HAMBI_0403_chrm01_circ_958829	NP_Ct_r03_2017_04_03_L002	45	2	1	0	1
HAMBI_0403_chrm01_circ_96646	NP_Ct_r03_2017_04_03_L002	38	0	1	0	1
HAMBI_0403_chrm01_circ_1023542	NP_Ct_r03_2017_08_21_L001	113	0	1	0	1
HAMBI_0403_chrm01_circ_106917	NP_Ct_r03_2017_08_21_L001	78	0	1	0	1
HAMBI_0403_chrm01_circ_1146371	NP_Ct_r03_2017_08_21_L001	105	0	1	0	1
HAMBI_0403_chrm01_circ_1208008	NP_Ct_r03_2017_08_21_L001	115	0	1	0	1
HAMBI_0403_chrm01_circ_1216854	NP_Ct_r03_2017_08_21_L001	89	0	1	0	1
HAMBI_0403_chrm01_circ_1225555	NP_Ct_r03_2017_08_21_L001	98	0	1	0	1
HAMBI_0403_chrm01_circ_1295376	NP_Ct_r03_2017_08_21_L001	124	0	1	0	1
HAMBI_0403_chrm01_circ_1363572	NP_Ct_r03_2017_08_21_L001	99	0	1	0	1
HAMBI_0403_chrm01_circ_1434994	NP_Ct_r03_2017_08_21_L001	125	0	1	0	1
HAMBI_0403_chrm01_circ_1502147	NP_Ct_r03_2017_08_21_L001	107	0	1	0	1
HAMBI_0403_chrm01_circ_1513453	NP_Ct_r03_2017_08_21_L001	88	0	1	0	1
HAMBI_0403_chrm01_circ_1539742	NP_Ct_r03_2017_08_21_L001	119	0	1	0	1
HAMBI_0403_chrm01_circ_1540060	NP_Ct_r03_2017_08_21_L001	113	0	1	0	1
HAMBI_0403_chrm01_circ_1573192	NP_Ct_r03_2017_08_21_L001	99	0	1	0	1
HAMBI_0403_chrm01_circ_1596384	NP_Ct_r03_2017_08_21_L001	97	0	1	0	1
HAMBI_0403_chrm01_circ_1615909	NP_Ct_r03_2017_08_21_L001	80	0	1	0	1
HAMBI_0403_chrm01_circ_1669705	NP_Ct_r03_2017_08_21_L001	114	0	1	0	1
HAMBI_0403_chrm01_circ_1759801	NP_Ct_r03_2017_08_21_L001	113	0	1	0	1
HAMBI_0403_chrm01_circ_1759826	NP_Ct_r03_2017_08_21_L001	112	0	1	0	1
HAMBI_0403_chrm01_circ_1759846	NP_Ct_r03_2017_08_21_L001	115	0	1	0	1
HAMBI_0403_chrm01_circ_1838154	NP_Ct_r03_2017_08_21_L001	75	0	1	0	1
HAMBI_0403_chrm01_circ_1874515	NP_Ct_r03_2017_08_21_L001	96	0	1	0	1
HAMBI_0403_chrm01_circ_1879332	NP_Ct_r03_2017_08_21_L001	101	0	1	0	1
HAMBI_0403_chrm01_circ_1884561	NP_Ct_r03_2017_08_21_L001	98	0	1	0	1
HAMBI_0403_chrm01_circ_2015620	NP_Ct_r03_2017_08_21_L001	94	0	1	0	1
HAMBI_0403_chrm01_circ_2055137	NP_Ct_r03_2017_08_21_L001	124	0	1	0	1
HAMBI_0403_chrm01_circ_2058748	NP_Ct_r03_2017_08_21_L001	102	0	1	0	1
HAMBI_0403_chrm01_circ_2060528	NP_Ct_r03_2017_08_21_L001	113	0	1	0	1
HAMBI_0403_chrm01_circ_208763	NP_Ct_r03_2017_08_21_L001	110	0	1	0	1
HAMBI_0403_chrm01_circ_2090310	NP_Ct_r03_2017_08_21_L001	98	0	1	0	1
HAMBI_0403_chrm01_circ_2098396	NP_Ct_r03_2017_08_21_L001	148	0	1	0	1
HAMBI_0403_chrm01_circ_2171083	NP_Ct_r03_2017_08_21_L001	111	0	1	0	1
HAMBI_0403_chrm01_circ_2182745	NP_Ct_r03_2017_08_21_L001	111	0	1	0	1
HAMBI_0403_chrm01_circ_2183882	NP_Ct_r03_2017_08_21_L001	85	0	1	0	1
HAMBI_0403_chrm01_circ_2295095	NP_Ct_r03_2017_08_21_L001	125	0	1	0	1
HAMBI_0403_chrm01_circ_235764	NP_Ct_r03_2017_08_21_L001	123	0	1	0	1
HAMBI_0403_chrm01_circ_2399361	NP_Ct_r03_2017_08_21_L001	90	0	1	0	1
HAMBI_0403_chrm01_circ_2451784	NP_Ct_r03_2017_08_21_L001	131	0	1	0	1
HAMBI_0403_chrm01_circ_2489220	NP_Ct_r03_2017_08_21_L001	95	0	1	0	1
HAMBI_0403_chrm01_circ_2511570	NP_Ct_r03_2017_08_21_L001	100	0	1	0	1
HAMBI_0403_chrm01_circ_2518477	NP_Ct_r03_2017_08_21_L001	104	0	1	0	1
HAMBI_0403_chrm01_circ_25616	NP_Ct_r03_2017_08_21_L001	98	0	1	0	1
HAMBI_0403_chrm01_circ_2595158	NP_Ct_r03_2017_08_21_L001	102	5	1	0	1
HAMBI_0403_chrm01_circ_2623969	NP_Ct_r03_2017_08_21_L001	45	0	1	0	1
HAMBI_0403_chrm01_circ_2633075	NP_Ct_r03_2017_08_21_L001	113	1	1	0	1
HAMBI_0403_chrm01_circ_2692966	NP_Ct_r03_2017_08_21_L001	73	0	1	0	1
HAMBI_0403_chrm01_circ_2693666	NP_Ct_r03_2017_08_21_L001	85	0	1	0	1
HAMBI_0403_chrm01_circ_27022	NP_Ct_r03_2017_08_21_L001	78	0	1	0	1
HAMBI_0403_chrm01_circ_270829	NP_Ct_r03_2017_08_21_L001	101	0	1	0	1
HAMBI_0403_chrm01_circ_2788284	NP_Ct_r03_2017_08_21_L001	92	0	1	0	1
HAMBI_0403_chrm01_circ_2824864	NP_Ct_r03_2017_08_21_L001	101	0	1	0	1
HAMBI_0403_chrm01_circ_2868271	NP_Ct_r03_2017_08_21_L001	84	0	1	0	1
HAMBI_0403_chrm01_circ_2944548	NP_Ct_r03_2017_08_21_L001	102	0	1	0	1
HAMBI_0403_chrm01_circ_2958128	NP_Ct_r03_2017_08_21_L001	94	0	1	0	1
HAMBI_0403_chrm01_circ_3021874	NP_Ct_r03_2017_08_21_L001	97	0	1	0	1
HAMBI_0403_chrm01_circ_3035671	NP_Ct_r03_2017_08_21_L001	96	0	1	0	1
HAMBI_0403_chrm01_circ_3100821	NP_Ct_r03_2017_08_21_L001	100	1	1	0	1
HAMBI_0403_chrm01_circ_3185483	NP_Ct_r03_2017_08_21_L001	85	0	1	0	1
HAMBI_0403_chrm01_circ_3320753	NP_Ct_r03_2017_08_21_L001	97	0	1	0	1
HAMBI_0403_chrm01_circ_3324607	NP_Ct_r03_2017_08_21_L001	88	0	1	0	1
HAMBI_0403_chrm01_circ_3325786	NP_Ct_r03_2017_08_21_L001	88	0	1	0	1
HAMBI_0403_chrm01_circ_3425316	NP_Ct_r03_2017_08_21_L001	85	0	1	0	1
HAMBI_0403_chrm01_circ_3547421	NP_Ct_r03_2017_08_21_L001	100	0	1	0	1
HAMBI_0403_chrm01_circ_3605936	NP_Ct_r03_2017_08_21_L001	95	22	1	0	1
HAMBI_0403_chrm01_circ_3647360	NP_Ct_r03_2017_08_21_L001	118	0	1	0	1
HAMBI_0403_chrm01_circ_3713288	NP_Ct_r03_2017_08_21_L001	105	0	1	0	1
HAMBI_0403_chrm01_circ_3738840	NP_Ct_r03_2017_08_21_L001	80	0	1	0	1
HAMBI_0403_chrm01_circ_3763855	NP_Ct_r03_2017_08_21_L001	97	0	1	0	1
HAMBI_0403_chrm01_circ_3767311	NP_Ct_r03_2017_08_21_L001	81	14	1	0	1
HAMBI_0403_chrm01_circ_3844951	NP_Ct_r03_2017_08_21_L001	114	0	1	0	1
HAMBI_0403_chrm01_circ_3846801	NP_Ct_r03_2017_08_21_L001	115	0	1	0	1
HAMBI_0403_chrm01_circ_3873026	NP_Ct_r03_2017_08_21_L001	110	0	1	0	1
HAMBI_0403_chrm01_circ_3887450	NP_Ct_r03_2017_08_21_L001	79	0	1	0	1
HAMBI_0403_chrm01_circ_3897204	NP_Ct_r03_2017_08_21_L001	104	0	1	0	1
HAMBI_0403_chrm01_circ_3951089	NP_Ct_r03_2017_08_21_L001	135	0	1	0	1
HAMBI_0403_chrm01_circ_4044088	NP_Ct_r03_2017_08_21_L001	113	0	1	0	1
HAMBI_0403_chrm01_circ_4050144	NP_Ct_r03_2017_08_21_L001	84	0	1	0	1
HAMBI_0403_chrm01_circ_4096236	NP_Ct_r03_2017_08_21_L001	114	0	1	0	1
HAMBI_0403_chrm01_circ_4174302	NP_Ct_r03_2017_08_21_L001	88	0	1	0	1
HAMBI_0403_chrm01_circ_4230635	NP_Ct_r03_2017_08_21_L001	52	0	1	0	1
HAMBI_0403_chrm01_circ_4243310	NP_Ct_r03_2017_08_21_L001	131	0	1	0	1
HAMBI_0403_chrm01_circ_4287176	NP_Ct_r03_2017_08_21_L001	57	9	1	0	1
HAMBI_0403_chrm01_circ_431094	NP_Ct_r03_2017_08_21_L001	17	89	1	0	1
HAMBI_0403_chrm01_circ_4311737	NP_Ct_r03_2017_08_21_L001	97	0	1	0	1
HAMBI_0403_chrm01_circ_431222	NP_Ct_r03_2017_08_21_L001	109	0	1	0	1
HAMBI_0403_chrm01_circ_4420190	NP_Ct_r03_2017_08_21_L001	96	0	1	0	1
HAMBI_0403_chrm01_circ_4445774	NP_Ct_r03_2017_08_21_L001	105	0	1	0	1
HAMBI_0403_chrm01_circ_4466530	NP_Ct_r03_2017_08_21_L001	109	0	1	0	1
HAMBI_0403_chrm01_circ_4466988	NP_Ct_r03_2017_08_21_L001	122	0	1	0	1
HAMBI_0403_chrm01_circ_4671531	NP_Ct_r03_2017_08_21_L001	96	0	1	0	1
HAMBI_0403_chrm01_circ_4703998	NP_Ct_r03_2017_08_21_L001	93	0	1	0	1
HAMBI_0403_chrm01_circ_4706872	NP_Ct_r03_2017_08_21_L001	116	0	1	0	1
HAMBI_0403_chrm01_circ_4743873	NP_Ct_r03_2017_08_21_L001	113	0	1	0	1
HAMBI_0403_chrm01_circ_4758856	NP_Ct_r03_2017_08_21_L001	108	0	1	0	1
HAMBI_0403_chrm01_circ_4795914	NP_Ct_r03_2017_08_21_L001	92	0	1	0	1
HAMBI_0403_chrm01_circ_4834353	NP_Ct_r03_2017_08_21_L001	114	0	1	0	1
HAMBI_0403_chrm01_circ_4841785	NP_Ct_r03_2017_08_21_L001	114	0	1	0	1
HAMBI_0403_chrm01_circ_4842908	NP_Ct_r03_2017_08_21_L001	85	0	1	0	1
HAMBI_0403_chrm01_circ_4937428	NP_Ct_r03_2017_08_21_L001	115	0	1	0	1
HAMBI_0403_chrm01_circ_4942669	NP_Ct_r03_2017_08_21_L001	80	0	1	0	1
HAMBI_0403_chrm01_circ_5049906	NP_Ct_r03_2017_08_21_L001	97	0	1	0	1
HAMBI_0403_chrm01_circ_5134215	NP_Ct_r03_2017_08_21_L001	110	0	1	0	1
HAMBI_0403_chrm01_circ_5191704	NP_Ct_r03_2017_08_21_L001	105	0	1	0	1
HAMBI_0403_chrm01_circ_5321557	NP_Ct_r03_2017_08_21_L001	76	0	1	0	1
HAMBI_0403_chrm01_circ_538720	NP_Ct_r03_2017_08_21_L001	110	0	1	0	1
HAMBI_0403_chrm01_circ_538801	NP_Ct_r03_2017_08_21_L001	93	0	1	0	1
HAMBI_0403_chrm01_circ_5508159	NP_Ct_r03_2017_08_21_L001	111	0	1	0	1
HAMBI_0403_chrm01_circ_5517902	NP_Ct_r03_2017_08_21_L001	91	0	1	0	1
HAMBI_0403_chrm01_circ_5628562	NP_Ct_r03_2017_08_21_L001	102	0	1	0	1
HAMBI_0403_chrm01_circ_5635035	NP_Ct_r03_2017_08_21_L001	121	0	1	0	1
HAMBI_0403_chrm01_circ_565418	NP_Ct_r03_2017_08_21_L001	91	0	1	0	1
HAMBI_0403_chrm01_circ_5681260	NP_Ct_r03_2017_08_21_L001	87	0	1	0	1
HAMBI_0403_chrm01_circ_5740020	NP_Ct_r03_2017_08_21_L001	111	0	1	0	1
HAMBI_0403_chrm01_circ_583929	NP_Ct_r03_2017_08_21_L001	87	0	1	0	1
HAMBI_0403_chrm01_circ_665062	NP_Ct_r03_2017_08_21_L001	20	65	1	0	1
HAMBI_0403_chrm01_circ_665133	NP_Ct_r03_2017_08_21_L001	82	0	1	0	1
HAMBI_0403_chrm01_circ_675744	NP_Ct_r03_2017_08_21_L001	81	0	1	0	1
HAMBI_0403_chrm01_circ_699008	NP_Ct_r03_2017_08_21_L001	124	0	1	0	1
HAMBI_0403_chrm01_circ_837160	NP_Ct_r03_2017_08_21_L001	119	0	1	0	1
HAMBI_0403_chrm01_circ_928479	NP_Ct_r03_2017_08_21_L001	103	0	1	0	1
HAMBI_0403_chrm01_circ_936004	NP_Ct_r03_2017_08_21_L001	95	0	1	0	1
HAMBI_0403_chrm01_circ_957842	NP_Ct_r03_2017_08_21_L001	87	0	1	0	1
HAMBI_0403_chrm01_circ_958622	NP_Ct_r03_2017_08_21_L001	76	46	1	0	1
HAMBI_0403_chrm01_circ_958829	NP_Ct_r03_2017_08_21_L001	102	2	1	0	1
HAMBI_0403_chrm01_circ_96646	NP_Ct_r03_2017_08_21_L001	107	0	1	0	1
HAMBI_0403_chrm01_circ_1023542	NP_Ct_r03_2017_09_18_L001	47	0	1	0	1
HAMBI_0403_chrm01_circ_106917	NP_Ct_r03_2017_09_18_L001	41	0	1	0	1
HAMBI_0403_chrm01_circ_1146371	NP_Ct_r03_2017_09_18_L001	58	0	1	0	1
HAMBI_0403_chrm01_circ_1208008	NP_Ct_r03_2017_09_18_L001	57	0	1	0	1
HAMBI_0403_chrm01_circ_1216854	NP_Ct_r03_2017_09_18_L001	34	0	1	0	1
HAMBI_0403_chrm01_circ_1225555	NP_Ct_r03_2017_09_18_L001	21	0	1	0	1
HAMBI_0403_chrm01_circ_1295376	NP_Ct_r03_2017_09_18_L001	50	0	1	0	1
HAMBI_0403_chrm01_circ_1363572	NP_Ct_r03_2017_09_18_L001	32	0	1	0	1
HAMBI_0403_chrm01_circ_1434994	NP_Ct_r03_2017_09_18_L001	41	0	1	0	1
HAMBI_0403_chrm01_circ_1502147	NP_Ct_r03_2017_09_18_L001	47	0	1	0	1
HAMBI_0403_chrm01_circ_1513453	NP_Ct_r03_2017_09_18_L001	45	0	1	0	1
HAMBI_0403_chrm01_circ_1539742	NP_Ct_r03_2017_09_18_L001	56	0	1	0	1
HAMBI_0403_chrm01_circ_1540060	NP_Ct_r03_2017_09_18_L001	48	0	1	0	1
HAMBI_0403_chrm01_circ_1573192	NP_Ct_r03_2017_09_18_L001	57	0	1	0	1
HAMBI_0403_chrm01_circ_1596384	NP_Ct_r03_2017_09_18_L001	34	0	1	0	1
HAMBI_0403_chrm01_circ_1615909	NP_Ct_r03_2017_09_18_L001	61	0	1	0	1
HAMBI_0403_chrm01_circ_1669705	NP_Ct_r03_2017_09_18_L001	30	0	1	0	1
HAMBI_0403_chrm01_circ_1759801	NP_Ct_r03_2017_09_18_L001	46	0	1	0	1
HAMBI_0403_chrm01_circ_1759826	NP_Ct_r03_2017_09_18_L001	51	0	1	0	1
HAMBI_0403_chrm01_circ_1759846	NP_Ct_r03_2017_09_18_L001	50	1	1	0	1
HAMBI_0403_chrm01_circ_1838154	NP_Ct_r03_2017_09_18_L001	39	0	1	0	1
HAMBI_0403_chrm01_circ_1874515	NP_Ct_r03_2017_09_18_L001	46	0	1	0	1
HAMBI_0403_chrm01_circ_1879332	NP_Ct_r03_2017_09_18_L001	42	0	1	0	1
HAMBI_0403_chrm01_circ_1884561	NP_Ct_r03_2017_09_18_L001	34	0	1	0	1
HAMBI_0403_chrm01_circ_2015620	NP_Ct_r03_2017_09_18_L001	43	0	1	0	1
HAMBI_0403_chrm01_circ_2055137	NP_Ct_r03_2017_09_18_L001	66	0	1	0	1
HAMBI_0403_chrm01_circ_2058748	NP_Ct_r03_2017_09_18_L001	41	0	1	0	1
HAMBI_0403_chrm01_circ_2060528	NP_Ct_r03_2017_09_18_L001	52	0	1	0	1
HAMBI_0403_chrm01_circ_208763	NP_Ct_r03_2017_09_18_L001	60	0	1	0	1
HAMBI_0403_chrm01_circ_2090310	NP_Ct_r03_2017_09_18_L001	23	0	1	0	1
HAMBI_0403_chrm01_circ_2098396	NP_Ct_r03_2017_09_18_L001	47	0	1	0	1
HAMBI_0403_chrm01_circ_2171083	NP_Ct_r03_2017_09_18_L001	42	0	1	0	1
HAMBI_0403_chrm01_circ_2182745	NP_Ct_r03_2017_09_18_L001	31	0	1	0	1
HAMBI_0403_chrm01_circ_2183882	NP_Ct_r03_2017_09_18_L001	23	0	1	0	1
HAMBI_0403_chrm01_circ_2295095	NP_Ct_r03_2017_09_18_L001	42	0	1	0	1
HAMBI_0403_chrm01_circ_235764	NP_Ct_r03_2017_09_18_L001	59	0	1	0	1
HAMBI_0403_chrm01_circ_2399361	NP_Ct_r03_2017_09_18_L001	28	0	1	0	1
HAMBI_0403_chrm01_circ_2451784	NP_Ct_r03_2017_09_18_L001	38	0	1	0	1
HAMBI_0403_chrm01_circ_2489220	NP_Ct_r03_2017_09_18_L001	25	0	1	0	1
HAMBI_0403_chrm01_circ_2511570	NP_Ct_r03_2017_09_18_L001	44	0	1	0	1
HAMBI_0403_chrm01_circ_2518477	NP_Ct_r03_2017_09_18_L001	40	0	1	0	1
HAMBI_0403_chrm01_circ_25616	NP_Ct_r03_2017_09_18_L001	43	0	1	0	1
HAMBI_0403_chrm01_circ_2595158	NP_Ct_r03_2017_09_18_L001	31	3	1	0	1
HAMBI_0403_chrm01_circ_2623969	NP_Ct_r03_2017_09_18_L001	30	0	1	0	1
HAMBI_0403_chrm01_circ_2633075	NP_Ct_r03_2017_09_18_L001	48	0	1	0	1
HAMBI_0403_chrm01_circ_2692966	NP_Ct_r03_2017_09_18_L001	33	0	1	0	1
HAMBI_0403_chrm01_circ_2693666	NP_Ct_r03_2017_09_18_L001	47	0	1	0	1
HAMBI_0403_chrm01_circ_27022	NP_Ct_r03_2017_09_18_L001	27	0	1	0	1
HAMBI_0403_chrm01_circ_270829	NP_Ct_r03_2017_09_18_L001	49	0	1	0	1
HAMBI_0403_chrm01_circ_2788284	NP_Ct_r03_2017_09_18_L001	22	0	1	0	1
HAMBI_0403_chrm01_circ_2824864	NP_Ct_r03_2017_09_18_L001	50	0	1	0	1
HAMBI_0403_chrm01_circ_2868271	NP_Ct_r03_2017_09_18_L001	23	0	1	0	1
HAMBI_0403_chrm01_circ_2944548	NP_Ct_r03_2017_09_18_L001	25	0	1	0	1
HAMBI_0403_chrm01_circ_2958128	NP_Ct_r03_2017_09_18_L001	18	0	1	0	1
HAMBI_0403_chrm01_circ_3021874	NP_Ct_r03_2017_09_18_L001	31	0	1	0	1
HAMBI_0403_chrm01_circ_3035671	NP_Ct_r03_2017_09_18_L001	33	0	1	0	1
HAMBI_0403_chrm01_circ_3100821	NP_Ct_r03_2017_09_18_L001	31	1	1	0	1
HAMBI_0403_chrm01_circ_3185483	NP_Ct_r03_2017_09_18_L001	33	0	1	0	1
HAMBI_0403_chrm01_circ_3320753	NP_Ct_r03_2017_09_18_L001	31	0	1	0	1
HAMBI_0403_chrm01_circ_3324607	NP_Ct_r03_2017_09_18_L001	19	0	1	0	1
HAMBI_0403_chrm01_circ_3325786	NP_Ct_r03_2017_09_18_L001	33	0	1	0	1
HAMBI_0403_chrm01_circ_3425316	NP_Ct_r03_2017_09_18_L001	15	0	1	0	1
HAMBI_0403_chrm01_circ_3547421	NP_Ct_r03_2017_09_18_L001	45	0	1	0	1
HAMBI_0403_chrm01_circ_3605936	NP_Ct_r03_2017_09_18_L001	42	1	1	0	1
HAMBI_0403_chrm01_circ_3647360	NP_Ct_r03_2017_09_18_L001	29	0	1	0	1
HAMBI_0403_chrm01_circ_3713288	NP_Ct_r03_2017_09_18_L001	40	0	1	0	1
HAMBI_0403_chrm01_circ_3738840	NP_Ct_r03_2017_09_18_L001	17	0	1	0	1
HAMBI_0403_chrm01_circ_3763855	NP_Ct_r03_2017_09_18_L001	29	0	1	0	1
HAMBI_0403_chrm01_circ_3767311	NP_Ct_r03_2017_09_18_L001	5	29	1	0	1
HAMBI_0403_chrm01_circ_3844951	NP_Ct_r03_2017_09_18_L001	43	0	1	0	1
HAMBI_0403_chrm01_circ_3846801	NP_Ct_r03_2017_09_18_L001	34	0	1	0	1
HAMBI_0403_chrm01_circ_3873026	NP_Ct_r03_2017_09_18_L001	46	0	1	0	1
HAMBI_0403_chrm01_circ_3887450	NP_Ct_r03_2017_09_18_L001	29	0	1	0	1
HAMBI_0403_chrm01_circ_3897204	NP_Ct_r03_2017_09_18_L001	30	0	1	0	1
HAMBI_0403_chrm01_circ_3951089	NP_Ct_r03_2017_09_18_L001	50	0	1	0	1
HAMBI_0403_chrm01_circ_4044088	NP_Ct_r03_2017_09_18_L001	33	0	1	0	1
HAMBI_0403_chrm01_circ_4050144	NP_Ct_r03_2017_09_18_L001	19	0	1	0	1
HAMBI_0403_chrm01_circ_4096236	NP_Ct_r03_2017_09_18_L001	47	0	1	0	1
HAMBI_0403_chrm01_circ_4174302	NP_Ct_r03_2017_09_18_L001	23	0	1	0	1
HAMBI_0403_chrm01_circ_4230635	NP_Ct_r03_2017_09_18_L001	22	0	1	0	1
HAMBI_0403_chrm01_circ_4243310	NP_Ct_r03_2017_09_18_L001	45	0	1	0	1
HAMBI_0403_chrm01_circ_4287176	NP_Ct_r03_2017_09_18_L001	4	13	1	0	1
HAMBI_0403_chrm01_circ_431094	NP_Ct_r03_2017_09_18_L001	4	33	1	0	1
HAMBI_0403_chrm01_circ_4311737	NP_Ct_r03_2017_09_18_L001	24	0	1	0	1
HAMBI_0403_chrm01_circ_431222	NP_Ct_r03_2017_09_18_L001	42	0	1	0	1
HAMBI_0403_chrm01_circ_4420190	NP_Ct_r03_2017_09_18_L001	27	0	1	0	1
HAMBI_0403_chrm01_circ_4445774	NP_Ct_r03_2017_09_18_L001	39	0	1	0	1
HAMBI_0403_chrm01_circ_4466530	NP_Ct_r03_2017_09_18_L001	48	0	1	0	1
HAMBI_0403_chrm01_circ_4466988	NP_Ct_r03_2017_09_18_L001	45	0	1	0	1
HAMBI_0403_chrm01_circ_4671531	NP_Ct_r03_2017_09_18_L001	31	0	1	0	1
HAMBI_0403_chrm01_circ_4703998	NP_Ct_r03_2017_09_18_L001	37	0	1	0	1
HAMBI_0403_chrm01_circ_4706872	NP_Ct_r03_2017_09_18_L001	28	0	1	0	1
HAMBI_0403_chrm01_circ_4743873	NP_Ct_r03_2017_09_18_L001	38	0	1	0	1
HAMBI_0403_chrm01_circ_4758856	NP_Ct_r03_2017_09_18_L001	39	0	1	0	1
HAMBI_0403_chrm01_circ_4795914	NP_Ct_r03_2017_09_18_L001	57	0	1	0	1
HAMBI_0403_chrm01_circ_4834353	NP_Ct_r03_2017_09_18_L001	52	0	1	0	1
HAMBI_0403_chrm01_circ_4841785	NP_Ct_r03_2017_09_18_L001	43	0	1	0	1
HAMBI_0403_chrm01_circ_4842908	NP_Ct_r03_2017_09_18_L001	40	0	1	0	1
HAMBI_0403_chrm01_circ_4937428	NP_Ct_r03_2017_09_18_L001	51	0	1	0	1
HAMBI_0403_chrm01_circ_4942669	NP_Ct_r03_2017_09_18_L001	23	0	1	0	1
HAMBI_0403_chrm01_circ_5049906	NP_Ct_r03_2017_09_18_L001	20	0	1	0	1
HAMBI_0403_chrm01_circ_5134215	NP_Ct_r03_2017_09_18_L001	38	0	1	0	1
HAMBI_0403_chrm01_circ_5191704	NP_Ct_r03_2017_09_18_L001	33	0	1	0	1
HAMBI_0403_chrm01_circ_5321557	NP_Ct_r03_2017_09_18_L001	30	0	1	0	1
HAMBI_0403_chrm01_circ_538720	NP_Ct_r03_2017_09_18_L001	23	0	1	0	1
HAMBI_0403_chrm01_circ_538801	NP_Ct_r03_2017_09_18_L001	25	0	1	0	1
HAMBI_0403_chrm01_circ_5508159	NP_Ct_r03_2017_09_18_L001	43	0	1	0	1
HAMBI_0403_chrm01_circ_5517902	NP_Ct_r03_2017_09_18_L001	22	0	1	0	1
HAMBI_0403_chrm01_circ_5628562	NP_Ct_r03_2017_09_18_L001	26	0	1	0	1
HAMBI_0403_chrm01_circ_5635035	NP_Ct_r03_2017_09_18_L001	28	0	1	0	1
HAMBI_0403_chrm01_circ_565418	NP_Ct_r03_2017_09_18_L001	34	0	1	0	1
HAMBI_0403_chrm01_circ_5681260	NP_Ct_r03_2017_09_18_L001	26	0	1	0	1
HAMBI_0403_chrm01_circ_5740020	NP_Ct_r03_2017_09_18_L001	39	0	1	0	1
HAMBI_0403_chrm01_circ_583929	NP_Ct_r03_2017_09_18_L001	35	0	1	0	1
HAMBI_0403_chrm01_circ_665062	NP_Ct_r03_2017_09_18_L001	0	27	1	0	1
HAMBI_0403_chrm01_circ_665133	NP_Ct_r03_2017_09_18_L001	24	0	1	0	1
HAMBI_0403_chrm01_circ_675744	NP_Ct_r03_2017_09_18_L001	43	0	1	0	1
HAMBI_0403_chrm01_circ_699008	NP_Ct_r03_2017_09_18_L001	51	0	1	0	1
HAMBI_0403_chrm01_circ_837160	NP_Ct_r03_2017_09_18_L001	34	0	1	0	1
HAMBI_0403_chrm01_circ_928479	NP_Ct_r03_2017_09_18_L001	39	0	1	0	1
HAMBI_0403_chrm01_circ_936004	NP_Ct_r03_2017_09_18_L001	33	0	1	0	1
HAMBI_0403_chrm01_circ_957842	NP_Ct_r03_2017_09_18_L001	47	0	1	0	1
HAMBI_0403_chrm01_circ_958622	NP_Ct_r03_2017_09_18_L001	4	32	1	0	1
HAMBI_0403_chrm01_circ_958829	NP_Ct_r03_2017_09_18_L001	18	0	1	0	1
HAMBI_0403_chrm01_circ_96646	NP_Ct_r03_2017_09_18_L001	47	0	1	0	1
HAMBI_0403_chrm01_circ_1023542	NP_Ct_r03_2017_11_14_L001-L004_merged	288	0	1	0	1
HAMBI_0403_chrm01_circ_106917	NP_Ct_r03_2017_11_14_L001-L004_merged	232	0	1	0	1
HAMBI_0403_chrm01_circ_1146371	NP_Ct_r03_2017_11_14_L001-L004_merged	259	0	1	0	1
HAMBI_0403_chrm01_circ_1208008	NP_Ct_r03_2017_11_14_L001-L004_merged	261	0	1	0	1
HAMBI_0403_chrm01_circ_1216854	NP_Ct_r03_2017_11_14_L001-L004_merged	283	0	1	0	1
HAMBI_0403_chrm01_circ_1225555	NP_Ct_r03_2017_11_14_L001-L004_merged	244	0	1	0	1
HAMBI_0403_chrm01_circ_1295376	NP_Ct_r03_2017_11_14_L001-L004_merged	284	0	1	0	1
HAMBI_0403_chrm01_circ_1363572	NP_Ct_r03_2017_11_14_L001-L004_merged	269	0	1	0	1
HAMBI_0403_chrm01_circ_1434994	NP_Ct_r03_2017_11_14_L001-L004_merged	280	0	1	0	1
HAMBI_0403_chrm01_circ_1502147	NP_Ct_r03_2017_11_14_L001-L004_merged	258	0	1	0	1
HAMBI_0403_chrm01_circ_1513453	NP_Ct_r03_2017_11_14_L001-L004_merged	203	0	1	0	1
HAMBI_0403_chrm01_circ_1539742	NP_Ct_r03_2017_11_14_L001-L004_merged	242	0	1	0	1
HAMBI_0403_chrm01_circ_1540060	NP_Ct_r03_2017_11_14_L001-L004_merged	272	0	1	0	1
HAMBI_0403_chrm01_circ_1573192	NP_Ct_r03_2017_11_14_L001-L004_merged	253	0	1	0	1
HAMBI_0403_chrm01_circ_1596384	NP_Ct_r03_2017_11_14_L001-L004_merged	247	0	1	0	1
HAMBI_0403_chrm01_circ_1615909	NP_Ct_r03_2017_11_14_L001-L004_merged	251	0	1	0	1
HAMBI_0403_chrm01_circ_1669705	NP_Ct_r03_2017_11_14_L001-L004_merged	284	0	1	0	1
HAMBI_0403_chrm01_circ_1759801	NP_Ct_r03_2017_11_14_L001-L004_merged	226	0	1	0	1
HAMBI_0403_chrm01_circ_1759826	NP_Ct_r03_2017_11_14_L001-L004_merged	230	1	1	0	1
HAMBI_0403_chrm01_circ_1759846	NP_Ct_r03_2017_11_14_L001-L004_merged	220	2	1	0	1
HAMBI_0403_chrm01_circ_1838154	NP_Ct_r03_2017_11_14_L001-L004_merged	246	0	1	0	1
HAMBI_0403_chrm01_circ_1874515	NP_Ct_r03_2017_11_14_L001-L004_merged	194	0	1	0	1
HAMBI_0403_chrm01_circ_1879332	NP_Ct_r03_2017_11_14_L001-L004_merged	265	0	1	0	1
HAMBI_0403_chrm01_circ_1884561	NP_Ct_r03_2017_11_14_L001-L004_merged	253	0	1	0	1
HAMBI_0403_chrm01_circ_2015620	NP_Ct_r03_2017_11_14_L001-L004_merged	219	0	1	0	1
HAMBI_0403_chrm01_circ_2055137	NP_Ct_r03_2017_11_14_L001-L004_merged	267	0	1	0	1
HAMBI_0403_chrm01_circ_2058748	NP_Ct_r03_2017_11_14_L001-L004_merged	238	0	1	0	1
HAMBI_0403_chrm01_circ_2060528	NP_Ct_r03_2017_11_14_L001-L004_merged	247	0	1	0	1
HAMBI_0403_chrm01_circ_208763	NP_Ct_r03_2017_11_14_L001-L004_merged	323	0	1	0	1
HAMBI_0403_chrm01_circ_2090310	NP_Ct_r03_2017_11_14_L001-L004_merged	207	0	1	0	1
HAMBI_0403_chrm01_circ_2098396	NP_Ct_r03_2017_11_14_L001-L004_merged	283	0	1	0	1
HAMBI_0403_chrm01_circ_2171083	NP_Ct_r03_2017_11_14_L001-L004_merged	285	0	1	0	1
HAMBI_0403_chrm01_circ_2182745	NP_Ct_r03_2017_11_14_L001-L004_merged	227	0	1	0	1
HAMBI_0403_chrm01_circ_2183882	NP_Ct_r03_2017_11_14_L001-L004_merged	232	0	1	0	1
HAMBI_0403_chrm01_circ_2295095	NP_Ct_r03_2017_11_14_L001-L004_merged	290	0	1	0	1
HAMBI_0403_chrm01_circ_235764	NP_Ct_r03_2017_11_14_L001-L004_merged	273	0	1	0	1
HAMBI_0403_chrm01_circ_2399361	NP_Ct_r03_2017_11_14_L001-L004_merged	233	0	1	0	1
HAMBI_0403_chrm01_circ_2451784	NP_Ct_r03_2017_11_14_L001-L004_merged	264	0	1	0	1
HAMBI_0403_chrm01_circ_2489220	NP_Ct_r03_2017_11_14_L001-L004_merged	244	0	1	0	1
HAMBI_0403_chrm01_circ_2511570	NP_Ct_r03_2017_11_14_L001-L004_merged	243	0	1	0	1
HAMBI_0403_chrm01_circ_2518477	NP_Ct_r03_2017_11_14_L001-L004_merged	231	0	1	0	1
HAMBI_0403_chrm01_circ_25616	NP_Ct_r03_2017_11_14_L001-L004_merged	334	0	1	0	1
HAMBI_0403_chrm01_circ_2595158	NP_Ct_r03_2017_11_14_L001-L004_merged	204	7	1	0	1
HAMBI_0403_chrm01_circ_2623969	NP_Ct_r03_2017_11_14_L001-L004_merged	103	0	1	0	1
HAMBI_0403_chrm01_circ_2633075	NP_Ct_r03_2017_11_14_L001-L004_merged	225	1	1	0	1
HAMBI_0403_chrm01_circ_2692966	NP_Ct_r03_2017_11_14_L001-L004_merged	229	0	1	0	1
HAMBI_0403_chrm01_circ_2693666	NP_Ct_r03_2017_11_14_L001-L004_merged	238	0	1	0	1
HAMBI_0403_chrm01_circ_27022	NP_Ct_r03_2017_11_14_L001-L004_merged	238	0	1	0	1
HAMBI_0403_chrm01_circ_270829	NP_Ct_r03_2017_11_14_L001-L004_merged	283	0	1	0	1
HAMBI_0403_chrm01_circ_2788284	NP_Ct_r03_2017_11_14_L001-L004_merged	217	0	1	0	1
HAMBI_0403_chrm01_circ_2824864	NP_Ct_r03_2017_11_14_L001-L004_merged	245	0	1	0	1
HAMBI_0403_chrm01_circ_2868271	NP_Ct_r03_2017_11_14_L001-L004_merged	211	0	1	0	1
HAMBI_0403_chrm01_circ_2944548	NP_Ct_r03_2017_11_14_L001-L004_merged	166	0	1	0	1
HAMBI_0403_chrm01_circ_2958128	NP_Ct_r03_2017_11_14_L001-L004_merged	284	2	1	0	1
HAMBI_0403_chrm01_circ_3021874	NP_Ct_r03_2017_11_14_L001-L004_merged	221	0	1	0	1
HAMBI_0403_chrm01_circ_3035671	NP_Ct_r03_2017_11_14_L001-L004_merged	225	0	1	0	1
HAMBI_0403_chrm01_circ_3100821	NP_Ct_r03_2017_11_14_L001-L004_merged	239	5	1	0	1
HAMBI_0403_chrm01_circ_3185483	NP_Ct_r03_2017_11_14_L001-L004_merged	239	0	1	0	1
HAMBI_0403_chrm01_circ_3320753	NP_Ct_r03_2017_11_14_L001-L004_merged	243	0	1	0	1
HAMBI_0403_chrm01_circ_3324607	NP_Ct_r03_2017_11_14_L001-L004_merged	213	0	1	0	1
HAMBI_0403_chrm01_circ_3325786	NP_Ct_r03_2017_11_14_L001-L004_merged	183	0	1	0	1
HAMBI_0403_chrm01_circ_3425316	NP_Ct_r03_2017_11_14_L001-L004_merged	201	0	1	0	1
HAMBI_0403_chrm01_circ_3547421	NP_Ct_r03_2017_11_14_L001-L004_merged	253	0	1	0	1
HAMBI_0403_chrm01_circ_3605936	NP_Ct_r03_2017_11_14_L001-L004_merged	243	0	1	0	1
HAMBI_0403_chrm01_circ_3647360	NP_Ct_r03_2017_11_14_L001-L004_merged	271	0	1	0	1
HAMBI_0403_chrm01_circ_3713288	NP_Ct_r03_2017_11_14_L001-L004_merged	246	0	1	0	1
HAMBI_0403_chrm01_circ_3738840	NP_Ct_r03_2017_11_14_L001-L004_merged	208	0	1	0	1
HAMBI_0403_chrm01_circ_3763855	NP_Ct_r03_2017_11_14_L001-L004_merged	271	0	1	0	1
HAMBI_0403_chrm01_circ_3767311	NP_Ct_r03_2017_11_14_L001-L004_merged	31	231	1	0	1
HAMBI_0403_chrm01_circ_3844951	NP_Ct_r03_2017_11_14_L001-L004_merged	228	0	1	0	1
HAMBI_0403_chrm01_circ_3846801	NP_Ct_r03_2017_11_14_L001-L004_merged	221	0	1	0	1
HAMBI_0403_chrm01_circ_3873026	NP_Ct_r03_2017_11_14_L001-L004_merged	262	0	1	0	1
HAMBI_0403_chrm01_circ_3887450	NP_Ct_r03_2017_11_14_L001-L004_merged	258	0	1	0	1
HAMBI_0403_chrm01_circ_3897204	NP_Ct_r03_2017_11_14_L001-L004_merged	270	0	1	0	1
HAMBI_0403_chrm01_circ_3951089	NP_Ct_r03_2017_11_14_L001-L004_merged	264	0	1	0	1
HAMBI_0403_chrm01_circ_4044088	NP_Ct_r03_2017_11_14_L001-L004_merged	266	0	1	0	1
HAMBI_0403_chrm01_circ_4050144	NP_Ct_r03_2017_11_14_L001-L004_merged	197	0	1	0	1
HAMBI_0403_chrm01_circ_4096236	NP_Ct_r03_2017_11_14_L001-L004_merged	245	0	1	0	1
HAMBI_0403_chrm01_circ_4174302	NP_Ct_r03_2017_11_14_L001-L004_merged	271	0	1	0	1
HAMBI_0403_chrm01_circ_4230635	NP_Ct_r03_2017_11_14_L001-L004_merged	100	0	1	0	1
HAMBI_0403_chrm01_circ_4243310	NP_Ct_r03_2017_11_14_L001-L004_merged	285	0	1	0	1
HAMBI_0403_chrm01_circ_4287176	NP_Ct_r03_2017_11_14_L001-L004_merged	21	129	1	0	1
HAMBI_0403_chrm01_circ_431094	NP_Ct_r03_2017_11_14_L001-L004_merged	12	233	1	0	1
HAMBI_0403_chrm01_circ_4311737	NP_Ct_r03_2017_11_14_L001-L004_merged	207	0	1	0	1
HAMBI_0403_chrm01_circ_431222	NP_Ct_r03_2017_11_14_L001-L004_merged	224	0	1	0	1
HAMBI_0403_chrm01_circ_4420190	NP_Ct_r03_2017_11_14_L001-L004_merged	234	0	1	0	1
HAMBI_0403_chrm01_circ_4445774	NP_Ct_r03_2017_11_14_L001-L004_merged	267	0	1	0	1
HAMBI_0403_chrm01_circ_4466530	NP_Ct_r03_2017_11_14_L001-L004_merged	252	0	1	0	1
HAMBI_0403_chrm01_circ_4466988	NP_Ct_r03_2017_11_14_L001-L004_merged	279	0	1	0	1
HAMBI_0403_chrm01_circ_4671531	NP_Ct_r03_2017_11_14_L001-L004_merged	245	0	1	0	1
HAMBI_0403_chrm01_circ_4703998	NP_Ct_r03_2017_11_14_L001-L004_merged	250	0	1	0	1
HAMBI_0403_chrm01_circ_4706872	NP_Ct_r03_2017_11_14_L001-L004_merged	273	0	1	0	1
HAMBI_0403_chrm01_circ_4743873	NP_Ct_r03_2017_11_14_L001-L004_merged	268	0	1	0	1
HAMBI_0403_chrm01_circ_4758856	NP_Ct_r03_2017_11_14_L001-L004_merged	216	0	1	0	1
HAMBI_0403_chrm01_circ_4795914	NP_Ct_r03_2017_11_14_L001-L004_merged	311	0	1	0	1
HAMBI_0403_chrm01_circ_4834353	NP_Ct_r03_2017_11_14_L001-L004_merged	291	0	1	0	1
HAMBI_0403_chrm01_circ_4841785	NP_Ct_r03_2017_11_14_L001-L004_merged	237	0	1	0	1
HAMBI_0403_chrm01_circ_4842908	NP_Ct_r03_2017_11_14_L001-L004_merged	232	0	1	0	1
HAMBI_0403_chrm01_circ_4937428	NP_Ct_r03_2017_11_14_L001-L004_merged	242	0	1	0	1
HAMBI_0403_chrm01_circ_4942669	NP_Ct_r03_2017_11_14_L001-L004_merged	224	0	1	0	1
HAMBI_0403_chrm01_circ_5049906	NP_Ct_r03_2017_11_14_L001-L004_merged	178	0	1	0	1
HAMBI_0403_chrm01_circ_5134215	NP_Ct_r03_2017_11_14_L001-L004_merged	233	1	1	0	1
HAMBI_0403_chrm01_circ_5191704	NP_Ct_r03_2017_11_14_L001-L004_merged	264	0	1	0	1
HAMBI_0403_chrm01_circ_5321557	NP_Ct_r03_2017_11_14_L001-L004_merged	215	0	1	0	1
HAMBI_0403_chrm01_circ_538720	NP_Ct_r03_2017_11_14_L001-L004_merged	240	0	1	0	1
HAMBI_0403_chrm01_circ_538801	NP_Ct_r03_2017_11_14_L001-L004_merged	221	0	1	0	1
HAMBI_0403_chrm01_circ_5508159	NP_Ct_r03_2017_11_14_L001-L004_merged	265	0	1	0	1
HAMBI_0403_chrm01_circ_5517902	NP_Ct_r03_2017_11_14_L001-L004_merged	268	0	1	0	1
HAMBI_0403_chrm01_circ_5628562	NP_Ct_r03_2017_11_14_L001-L004_merged	269	0	1	0	1
HAMBI_0403_chrm01_circ_5635035	NP_Ct_r03_2017_11_14_L001-L004_merged	239	0	1	0	1
HAMBI_0403_chrm01_circ_565418	NP_Ct_r03_2017_11_14_L001-L004_merged	244	0	1	0	1
HAMBI_0403_chrm01_circ_5681260	NP_Ct_r03_2017_11_14_L001-L004_merged	234	0	1	0	1
HAMBI_0403_chrm01_circ_5740020	NP_Ct_r03_2017_11_14_L001-L004_merged	297	0	1	0	1
HAMBI_0403_chrm01_circ_583929	NP_Ct_r03_2017_11_14_L001-L004_merged	224	0	1	0	1
HAMBI_0403_chrm01_circ_665062	NP_Ct_r03_2017_11_14_L001-L004_merged	2	260	1	0	1
HAMBI_0403_chrm01_circ_665133	NP_Ct_r03_2017_11_14_L001-L004_merged	262	0	1	0	1
HAMBI_0403_chrm01_circ_675744	NP_Ct_r03_2017_11_14_L001-L004_merged	187	0	1	0	1
HAMBI_0403_chrm01_circ_699008	NP_Ct_r03_2017_11_14_L001-L004_merged	280	0	1	0	1
HAMBI_0403_chrm01_circ_837160	NP_Ct_r03_2017_11_14_L001-L004_merged	240	0	1	0	1
HAMBI_0403_chrm01_circ_928479	NP_Ct_r03_2017_11_14_L001-L004_merged	237	0	1	0	1
HAMBI_0403_chrm01_circ_936004	NP_Ct_r03_2017_11_14_L001-L004_merged	287	0	1	0	1
HAMBI_0403_chrm01_circ_957842	NP_Ct_r03_2017_11_14_L001-L004_merged	245	0	1	0	1
HAMBI_0403_chrm01_circ_958622	NP_Ct_r03_2017_11_14_L001-L004_merged	153	121	1	0	1
HAMBI_0403_chrm01_circ_958829	NP_Ct_r03_2017_11_14_L001-L004_merged	227	0	1	0	1
HAMBI_0403_chrm01_circ_96646	NP_Ct_r03_2017_11_14_L001-L004_merged	272	0	1	0	1
HAMBI_0403_chrm01_circ_1023542	NP_Ct_r03_2018_03_06_L001	110	0	1	0	1
HAMBI_0403_chrm01_circ_106917	NP_Ct_r03_2018_03_06_L001	70	0	1	0	1
HAMBI_0403_chrm01_circ_1146371	NP_Ct_r03_2018_03_06_L001	88	0	1	0	1
HAMBI_0403_chrm01_circ_1208008	NP_Ct_r03_2018_03_06_L001	113	0	1	0	1
HAMBI_0403_chrm01_circ_1216854	NP_Ct_r03_2018_03_06_L001	112	0	1	0	1
HAMBI_0403_chrm01_circ_1225555	NP_Ct_r03_2018_03_06_L001	71	0	1	0	1
HAMBI_0403_chrm01_circ_1295376	NP_Ct_r03_2018_03_06_L001	120	0	1	0	1
HAMBI_0403_chrm01_circ_1363572	NP_Ct_r03_2018_03_06_L001	83	0	1	0	1
HAMBI_0403_chrm01_circ_1434994	NP_Ct_r03_2018_03_06_L001	87	0	1	0	1
HAMBI_0403_chrm01_circ_1502147	NP_Ct_r03_2018_03_06_L001	123	0	1	0	1
HAMBI_0403_chrm01_circ_1513453	NP_Ct_r03_2018_03_06_L001	122	0	1	0	1
HAMBI_0403_chrm01_circ_1539742	NP_Ct_r03_2018_03_06_L001	94	0	1	0	1
HAMBI_0403_chrm01_circ_1540060	NP_Ct_r03_2018_03_06_L001	109	0	1	0	1
HAMBI_0403_chrm01_circ_1573192	NP_Ct_r03_2018_03_06_L001	120	0	1	0	1
HAMBI_0403_chrm01_circ_1596384	NP_Ct_r03_2018_03_06_L001	76	1	1	0	1
HAMBI_0403_chrm01_circ_1615909	NP_Ct_r03_2018_03_06_L001	135	0	1	0	1
HAMBI_0403_chrm01_circ_1669705	NP_Ct_r03_2018_03_06_L001	116	0	1	0	1
HAMBI_0403_chrm01_circ_1759801	NP_Ct_r03_2018_03_06_L001	103	1	1	0	1
HAMBI_0403_chrm01_circ_1759826	NP_Ct_r03_2018_03_06_L001	100	0	1	0	1
HAMBI_0403_chrm01_circ_1759846	NP_Ct_r03_2018_03_06_L001	92	4	1	0	1
HAMBI_0403_chrm01_circ_1838154	NP_Ct_r03_2018_03_06_L001	67	0	1	0	1
HAMBI_0403_chrm01_circ_1874515	NP_Ct_r03_2018_03_06_L001	99	0	1	0	1
HAMBI_0403_chrm01_circ_1879332	NP_Ct_r03_2018_03_06_L001	111	0	1	0	1
HAMBI_0403_chrm01_circ_1884561	NP_Ct_r03_2018_03_06_L001	82	0	1	0	1
HAMBI_0403_chrm01_circ_2015620	NP_Ct_r03_2018_03_06_L001	71	1	1	0	1
HAMBI_0403_chrm01_circ_2055137	NP_Ct_r03_2018_03_06_L001	157	0	1	0	1
HAMBI_0403_chrm01_circ_2058748	NP_Ct_r03_2018_03_06_L001	98	0	1	0	1
HAMBI_0403_chrm01_circ_2060528	NP_Ct_r03_2018_03_06_L001	115	0	1	0	1
HAMBI_0403_chrm01_circ_208763	NP_Ct_r03_2018_03_06_L001	99	0	1	0	1
HAMBI_0403_chrm01_circ_2090310	NP_Ct_r03_2018_03_06_L001	96	0	1	0	1
HAMBI_0403_chrm01_circ_2098396	NP_Ct_r03_2018_03_06_L001	103	0	1	0	1
HAMBI_0403_chrm01_circ_2171083	NP_Ct_r03_2018_03_06_L001	106	0	1	0	1
HAMBI_0403_chrm01_circ_2182745	NP_Ct_r03_2018_03_06_L001	85	0	1	0	1
HAMBI_0403_chrm01_circ_2183882	NP_Ct_r03_2018_03_06_L001	79	0	1	0	1
HAMBI_0403_chrm01_circ_2295095	NP_Ct_r03_2018_03_06_L001	99	0	1	0	1
HAMBI_0403_chrm01_circ_235764	NP_Ct_r03_2018_03_06_L001	84	0	1	0	1
HAMBI_0403_chrm01_circ_2399361	NP_Ct_r03_2018_03_06_L001	105	0	1	0	1
HAMBI_0403_chrm01_circ_2451784	NP_Ct_r03_2018_03_06_L001	106	0	1	0	1
HAMBI_0403_chrm01_circ_2489220	NP_Ct_r03_2018_03_06_L001	73	0	1	0	1
HAMBI_0403_chrm01_circ_2511570	NP_Ct_r03_2018_03_06_L001	99	0	1	0	1
HAMBI_0403_chrm01_circ_2518477	NP_Ct_r03_2018_03_06_L001	85	0	1	0	1
HAMBI_0403_chrm01_circ_25616	NP_Ct_r03_2018_03_06_L001	86	0	1	0	1
HAMBI_0403_chrm01_circ_2595158	NP_Ct_r03_2018_03_06_L001	99	0	1	0	1
HAMBI_0403_chrm01_circ_2623969	NP_Ct_r03_2018_03_06_L001	46	0	1	0	1
HAMBI_0403_chrm01_circ_2633075	NP_Ct_r03_2018_03_06_L001	91	0	1	0	1
HAMBI_0403_chrm01_circ_2692966	NP_Ct_r03_2018_03_06_L001	99	0	1	0	1
HAMBI_0403_chrm01_circ_2693666	NP_Ct_r03_2018_03_06_L001	98	0	1	0	1
HAMBI_0403_chrm01_circ_27022	NP_Ct_r03_2018_03_06_L001	52	0	1	0	1
HAMBI_0403_chrm01_circ_270829	NP_Ct_r03_2018_03_06_L001	114	0	1	0	1
HAMBI_0403_chrm01_circ_2788284	NP_Ct_r03_2018_03_06_L001	66	0	1	0	1
HAMBI_0403_chrm01_circ_2824864	NP_Ct_r03_2018_03_06_L001	97	0	1	0	1
HAMBI_0403_chrm01_circ_2868271	NP_Ct_r03_2018_03_06_L001	69	0	1	0	1
HAMBI_0403_chrm01_circ_2944548	NP_Ct_r03_2018_03_06_L001	74	0	1	0	1
HAMBI_0403_chrm01_circ_2958128	NP_Ct_r03_2018_03_06_L001	78	0	1	0	1
HAMBI_0403_chrm01_circ_3021874	NP_Ct_r03_2018_03_06_L001	86	0	1	0	1
HAMBI_0403_chrm01_circ_3035671	NP_Ct_r03_2018_03_06_L001	77	0	1	0	1
HAMBI_0403_chrm01_circ_3100821	NP_Ct_r03_2018_03_06_L001	92	2	1	0	1
HAMBI_0403_chrm01_circ_3185483	NP_Ct_r03_2018_03_06_L001	55	0	1	0	1
HAMBI_0403_chrm01_circ_3320753	NP_Ct_r03_2018_03_06_L001	110	0	1	0	1
HAMBI_0403_chrm01_circ_3324607	NP_Ct_r03_2018_03_06_L001	56	0	1	0	1
HAMBI_0403_chrm01_circ_3325786	NP_Ct_r03_2018_03_06_L001	57	0	1	0	1
HAMBI_0403_chrm01_circ_3425316	NP_Ct_r03_2018_03_06_L001	72	0	1	0	1
HAMBI_0403_chrm01_circ_3547421	NP_Ct_r03_2018_03_06_L001	108	0	1	0	1
HAMBI_0403_chrm01_circ_3605936	NP_Ct_r03_2018_03_06_L001	107	0	1	0	1
HAMBI_0403_chrm01_circ_3647360	NP_Ct_r03_2018_03_06_L001	76	0	1	0	1
HAMBI_0403_chrm01_circ_3713288	NP_Ct_r03_2018_03_06_L001	122	0	1	0	1
HAMBI_0403_chrm01_circ_3738840	NP_Ct_r03_2018_03_06_L001	59	0	1	0	1
HAMBI_0403_chrm01_circ_3763855	NP_Ct_r03_2018_03_06_L001	71	0	1	0	1
HAMBI_0403_chrm01_circ_3767311	NP_Ct_r03_2018_03_06_L001	85	0	1	0	1
HAMBI_0403_chrm01_circ_3844951	NP_Ct_r03_2018_03_06_L001	109	0	1	0	1
HAMBI_0403_chrm01_circ_3846801	NP_Ct_r03_2018_03_06_L001	107	0	1	0	1
HAMBI_0403_chrm01_circ_3873026	NP_Ct_r03_2018_03_06_L001	111	0	1	0	1
HAMBI_0403_chrm01_circ_3887450	NP_Ct_r03_2018_03_06_L001	83	0	1	0	1
HAMBI_0403_chrm01_circ_3897204	NP_Ct_r03_2018_03_06_L001	65	0	1	0	1
HAMBI_0403_chrm01_circ_3951089	NP_Ct_r03_2018_03_06_L001	111	0	1	0	1
HAMBI_0403_chrm01_circ_4044088	NP_Ct_r03_2018_03_06_L001	79	0	1	0	1
HAMBI_0403_chrm01_circ_4050144	NP_Ct_r03_2018_03_06_L001	56	0	1	0	1
HAMBI_0403_chrm01_circ_4096236	NP_Ct_r03_2018_03_06_L001	104	0	1	0	1
HAMBI_0403_chrm01_circ_4174302	NP_Ct_r03_2018_03_06_L001	63	0	1	0	1
HAMBI_0403_chrm01_circ_4230635	NP_Ct_r03_2018_03_06_L001	46	0	1	0	1
HAMBI_0403_chrm01_circ_4243310	NP_Ct_r03_2018_03_06_L001	106	0	1	0	1
HAMBI_0403_chrm01_circ_4287176	NP_Ct_r03_2018_03_06_L001	57	0	1	0	1
HAMBI_0403_chrm01_circ_431094	NP_Ct_r03_2018_03_06_L001	66	0	1	0	1
HAMBI_0403_chrm01_circ_4311737	NP_Ct_r03_2018_03_06_L001	75	0	1	0	1
HAMBI_0403_chrm01_circ_431222	NP_Ct_r03_2018_03_06_L001	52	0	1	0	1
HAMBI_0403_chrm01_circ_4420190	NP_Ct_r03_2018_03_06_L001	57	0	1	0	1
HAMBI_0403_chrm01_circ_4445774	NP_Ct_r03_2018_03_06_L001	103	0	1	0	1
HAMBI_0403_chrm01_circ_4466530	NP_Ct_r03_2018_03_06_L001	140	0	1	0	1
HAMBI_0403_chrm01_circ_4466988	NP_Ct_r03_2018_03_06_L001	123	0	1	0	1
HAMBI_0403_chrm01_circ_4671531	NP_Ct_r03_2018_03_06_L001	49	0	1	0	1
HAMBI_0403_chrm01_circ_4703998	NP_Ct_r03_2018_03_06_L001	92	0	1	0	1
HAMBI_0403_chrm01_circ_4706872	NP_Ct_r03_2018_03_06_L001	78	0	1	0	1
HAMBI_0403_chrm01_circ_4743873	NP_Ct_r03_2018_03_06_L001	65	0	1	0	1
HAMBI_0403_chrm01_circ_4758856	NP_Ct_r03_2018_03_06_L001	86	0	1	0	1
HAMBI_0403_chrm01_circ_4795914	NP_Ct_r03_2018_03_06_L001	117	0	1	0	1
HAMBI_0403_chrm01_circ_4834353	NP_Ct_r03_2018_03_06_L001	131	0	1	0	1
HAMBI_0403_chrm01_circ_4841785	NP_Ct_r03_2018_03_06_L001	73	0	1	0	1
HAMBI_0403_chrm01_circ_4842908	NP_Ct_r03_2018_03_06_L001	73	0	1	0	1
HAMBI_0403_chrm01_circ_4937428	NP_Ct_r03_2018_03_06_L001	100	0	1	0	1
HAMBI_0403_chrm01_circ_4942669	NP_Ct_r03_2018_03_06_L001	63	0	1	0	1
HAMBI_0403_chrm01_circ_5049906	NP_Ct_r03_2018_03_06_L001	82	0	1	0	1
HAMBI_0403_chrm01_circ_5134215	NP_Ct_r03_2018_03_06_L001	63	0	1	0	1
HAMBI_0403_chrm01_circ_5191704	NP_Ct_r03_2018_03_06_L001	102	0	1	0	1
HAMBI_0403_chrm01_circ_5321557	NP_Ct_r03_2018_03_06_L001	59	0	1	0	1
HAMBI_0403_chrm01_circ_538720	NP_Ct_r03_2018_03_06_L001	71	0	1	0	1
HAMBI_0403_chrm01_circ_538801	NP_Ct_r03_2018_03_06_L001	72	0	1	0	1
HAMBI_0403_chrm01_circ_5508159	NP_Ct_r03_2018_03_06_L001	86	0	1	0	1
HAMBI_0403_chrm01_circ_5517902	NP_Ct_r03_2018_03_06_L001	70	0	1	0	1
HAMBI_0403_chrm01_circ_5628562	NP_Ct_r03_2018_03_06_L001	62	0	1	0	1
HAMBI_0403_chrm01_circ_5635035	NP_Ct_r03_2018_03_06_L001	62	0	1	0	1
HAMBI_0403_chrm01_circ_565418	NP_Ct_r03_2018_03_06_L001	94	0	1	0	1
HAMBI_0403_chrm01_circ_5681260	NP_Ct_r03_2018_03_06_L001	62	0	1	0	1
HAMBI_0403_chrm01_circ_5740020	NP_Ct_r03_2018_03_06_L001	71	0	1	0	1
HAMBI_0403_chrm01_circ_583929	NP_Ct_r03_2018_03_06_L001	90	0	1	0	1
HAMBI_0403_chrm01_circ_665062	NP_Ct_r03_2018_03_06_L001	68	0	1	0	1
HAMBI_0403_chrm01_circ_665133	NP_Ct_r03_2018_03_06_L001	70	0	1	0	1
HAMBI_0403_chrm01_circ_675744	NP_Ct_r03_2018_03_06_L001	85	0	1	0	1
HAMBI_0403_chrm01_circ_699008	NP_Ct_r03_2018_03_06_L001	113	0	1	0	1
HAMBI_0403_chrm01_circ_837160	NP_Ct_r03_2018_03_06_L001	107	0	1	0	1
HAMBI_0403_chrm01_circ_928479	NP_Ct_r03_2018_03_06_L001	79	0	1	0	1
HAMBI_0403_chrm01_circ_936004	NP_Ct_r03_2018_03_06_L001	64	0	1	0	1
HAMBI_0403_chrm01_circ_957842	NP_Ct_r03_2018_03_06_L001	96	0	1	0	1
HAMBI_0403_chrm01_circ_958622	NP_Ct_r03_2018_03_06_L001	111	0	1	0	1
HAMBI_0403_chrm01_circ_958829	NP_Ct_r03_2018_03_06_L001	108	1	1	0	1
HAMBI_0403_chrm01_circ_96646	NP_Ct_r03_2018_03_06_L001	107	0	1	0	1
HAMBI_0403_chrm01_circ_1023542	NP_Ct_r03_2018_04_03_L001	117	0	1	0	1
HAMBI_0403_chrm01_circ_106917	NP_Ct_r03_2018_04_03_L001	63	0	1	0	1
HAMBI_0403_chrm01_circ_1146371	NP_Ct_r03_2018_04_03_L001	93	0	1	0	1
HAMBI_0403_chrm01_circ_1208008	NP_Ct_r03_2018_04_03_L001	101	0	1	0	1
HAMBI_0403_chrm01_circ_1216854	NP_Ct_r03_2018_04_03_L001	104	0	1	0	1
HAMBI_0403_chrm01_circ_1225555	NP_Ct_r03_2018_04_03_L001	63	0	1	0	1
HAMBI_0403_chrm01_circ_1295376	NP_Ct_r03_2018_04_03_L001	88	0	1	0	1
HAMBI_0403_chrm01_circ_1363572	NP_Ct_r03_2018_04_03_L001	74	0	1	0	1
HAMBI_0403_chrm01_circ_1434994	NP_Ct_r03_2018_04_03_L001	92	0	1	0	1
HAMBI_0403_chrm01_circ_1502147	NP_Ct_r03_2018_04_03_L001	91	0	1	0	1
HAMBI_0403_chrm01_circ_1513453	NP_Ct_r03_2018_04_03_L001	82	0	1	0	1
HAMBI_0403_chrm01_circ_1539742	NP_Ct_r03_2018_04_03_L001	101	0	1	0	1
HAMBI_0403_chrm01_circ_1540060	NP_Ct_r03_2018_04_03_L001	98	0	1	0	1
HAMBI_0403_chrm01_circ_1573192	NP_Ct_r03_2018_04_03_L001	108	0	1	0	1
HAMBI_0403_chrm01_circ_1596384	NP_Ct_r03_2018_04_03_L001	73	0	1	0	1
HAMBI_0403_chrm01_circ_1615909	NP_Ct_r03_2018_04_03_L001	87	0	1	0	1
HAMBI_0403_chrm01_circ_1669705	NP_Ct_r03_2018_04_03_L001	89	0	1	0	1
HAMBI_0403_chrm01_circ_1759801	NP_Ct_r03_2018_04_03_L001	85	0	1	0	1
HAMBI_0403_chrm01_circ_1759826	NP_Ct_r03_2018_04_03_L001	83	1	1	0	1
HAMBI_0403_chrm01_circ_1759846	NP_Ct_r03_2018_04_03_L001	73	1	1	0	1
HAMBI_0403_chrm01_circ_1838154	NP_Ct_r03_2018_04_03_L001	69	0	1	0	1
HAMBI_0403_chrm01_circ_1874515	NP_Ct_r03_2018_04_03_L001	66	0	1	0	1
HAMBI_0403_chrm01_circ_1879332	NP_Ct_r03_2018_04_03_L001	92	0	1	0	1
HAMBI_0403_chrm01_circ_1884561	NP_Ct_r03_2018_04_03_L001	95	0	1	0	1
HAMBI_0403_chrm01_circ_2015620	NP_Ct_r03_2018_04_03_L001	70	0	1	0	1
HAMBI_0403_chrm01_circ_2055137	NP_Ct_r03_2018_04_03_L001	136	0	1	0	1
HAMBI_0403_chrm01_circ_2058748	NP_Ct_r03_2018_04_03_L001	73	0	1	0	1
HAMBI_0403_chrm01_circ_2060528	NP_Ct_r03_2018_04_03_L001	117	0	1	0	1
HAMBI_0403_chrm01_circ_208763	NP_Ct_r03_2018_04_03_L001	80	1	1	0	1
HAMBI_0403_chrm01_circ_2090310	NP_Ct_r03_2018_04_03_L001	58	0	1	0	1
HAMBI_0403_chrm01_circ_2098396	NP_Ct_r03_2018_04_03_L001	90	0	1	0	1
HAMBI_0403_chrm01_circ_2171083	NP_Ct_r03_2018_04_03_L001	105	0	1	0	1
HAMBI_0403_chrm01_circ_2182745	NP_Ct_r03_2018_04_03_L001	77	0	1	0	1
HAMBI_0403_chrm01_circ_2183882	NP_Ct_r03_2018_04_03_L001	63	0	1	0	1
HAMBI_0403_chrm01_circ_2295095	NP_Ct_r03_2018_04_03_L001	94	0	1	0	1
HAMBI_0403_chrm01_circ_235764	NP_Ct_r03_2018_04_03_L001	79	0	1	0	1
HAMBI_0403_chrm01_circ_2399361	NP_Ct_r03_2018_04_03_L001	63	0	1	0	1
HAMBI_0403_chrm01_circ_2451784	NP_Ct_r03_2018_04_03_L001	89	0	1	0	1
HAMBI_0403_chrm01_circ_2489220	NP_Ct_r03_2018_04_03_L001	70	0	1	0	1
HAMBI_0403_chrm01_circ_2511570	NP_Ct_r03_2018_04_03_L001	90	0	1	0	1
HAMBI_0403_chrm01_circ_2518477	NP_Ct_r03_2018_04_03_L001	70	0	1	0	1
HAMBI_0403_chrm01_circ_25616	NP_Ct_r03_2018_04_03_L001	78	0	1	0	1
HAMBI_0403_chrm01_circ_2595158	NP_Ct_r03_2018_04_03_L001	74	0	1	0	1
HAMBI_0403_chrm01_circ_2623969	NP_Ct_r03_2018_04_03_L001	56	0	1	0	1
HAMBI_0403_chrm01_circ_2633075	NP_Ct_r03_2018_04_03_L001	89	0	1	0	1
HAMBI_0403_chrm01_circ_2692966	NP_Ct_r03_2018_04_03_L001	71	0	1	0	1
HAMBI_0403_chrm01_circ_2693666	NP_Ct_r03_2018_04_03_L001	82	0	1	0	1
HAMBI_0403_chrm01_circ_27022	NP_Ct_r03_2018_04_03_L001	53	0	1	0	1
HAMBI_0403_chrm01_circ_270829	NP_Ct_r03_2018_04_03_L001	96	0	1	0	1
HAMBI_0403_chrm01_circ_2788284	NP_Ct_r03_2018_04_03_L001	65	0	1	0	1
HAMBI_0403_chrm01_circ_2824864	NP_Ct_r03_2018_04_03_L001	102	0	1	0	1
HAMBI_0403_chrm01_circ_2868271	NP_Ct_r03_2018_04_03_L001	59	0	1	0	1
HAMBI_0403_chrm01_circ_2944548	NP_Ct_r03_2018_04_03_L001	47	0	1	0	1
HAMBI_0403_chrm01_circ_2958128	NP_Ct_r03_2018_04_03_L001	56	0	1	0	1
HAMBI_0403_chrm01_circ_3021874	NP_Ct_r03_2018_04_03_L001	54	0	1	0	1
HAMBI_0403_chrm01_circ_3035671	NP_Ct_r03_2018_04_03_L001	80	0	1	0	1
HAMBI_0403_chrm01_circ_3100821	NP_Ct_r03_2018_04_03_L001	69	3	1	0	1
HAMBI_0403_chrm01_circ_3185483	NP_Ct_r03_2018_04_03_L001	77	0	1	0	1
HAMBI_0403_chrm01_circ_3320753	NP_Ct_r03_2018_04_03_L001	83	0	1	0	1
HAMBI_0403_chrm01_circ_3324607	NP_Ct_r03_2018_04_03_L001	66	0	1	0	1
HAMBI_0403_chrm01_circ_3325786	NP_Ct_r03_2018_04_03_L001	66	0	1	0	1
HAMBI_0403_chrm01_circ_3425316	NP_Ct_r03_2018_04_03_L001	61	0	1	0	1
HAMBI_0403_chrm01_circ_3547421	NP_Ct_r03_2018_04_03_L001	95	0	1	0	1
HAMBI_0403_chrm01_circ_3605936	NP_Ct_r03_2018_04_03_L001	81	0	1	0	1
HAMBI_0403_chrm01_circ_3647360	NP_Ct_r03_2018_04_03_L001	71	0	1	0	1
HAMBI_0403_chrm01_circ_3713288	NP_Ct_r03_2018_04_03_L001	110	0	1	0	1
HAMBI_0403_chrm01_circ_3738840	NP_Ct_r03_2018_04_03_L001	60	0	1	0	1
HAMBI_0403_chrm01_circ_3763855	NP_Ct_r03_2018_04_03_L001	63	0	1	0	1
HAMBI_0403_chrm01_circ_3767311	NP_Ct_r03_2018_04_03_L001	61	0	1	0	1
HAMBI_0403_chrm01_circ_3844951	NP_Ct_r03_2018_04_03_L001	70	0	1	0	1
HAMBI_0403_chrm01_circ_3846801	NP_Ct_r03_2018_04_03_L001	88	0	1	0	1
HAMBI_0403_chrm01_circ_3873026	NP_Ct_r03_2018_04_03_L001	99	0	1	0	1
HAMBI_0403_chrm01_circ_3887450	NP_Ct_r03_2018_04_03_L001	79	0	1	0	1
HAMBI_0403_chrm01_circ_3897204	NP_Ct_r03_2018_04_03_L001	77	0	1	0	1
HAMBI_0403_chrm01_circ_3951089	NP_Ct_r03_2018_04_03_L001	106	0	1	0	1
HAMBI_0403_chrm01_circ_4044088	NP_Ct_r03_2018_04_03_L001	87	0	1	0	1
HAMBI_0403_chrm01_circ_4050144	NP_Ct_r03_2018_04_03_L001	63	0	1	0	1
HAMBI_0403_chrm01_circ_4096236	NP_Ct_r03_2018_04_03_L001	98	0	1	0	1
HAMBI_0403_chrm01_circ_4174302	NP_Ct_r03_2018_04_03_L001	61	0	1	0	1
HAMBI_0403_chrm01_circ_4230635	NP_Ct_r03_2018_04_03_L001	43	0	1	0	1
HAMBI_0403_chrm01_circ_4243310	NP_Ct_r03_2018_04_03_L001	101	0	1	0	1
HAMBI_0403_chrm01_circ_4287176	NP_Ct_r03_2018_04_03_L001	24	0	1	0	1
HAMBI_0403_chrm01_circ_431094	NP_Ct_r03_2018_04_03_L001	75	0	1	0	1
HAMBI_0403_chrm01_circ_4311737	NP_Ct_r03_2018_04_03_L001	58	0	1	0	1
HAMBI_0403_chrm01_circ_431222	NP_Ct_r03_2018_04_03_L001	18	40	1	0	1
HAMBI_0403_chrm01_circ_4420190	NP_Ct_r03_2018_04_03_L001	69	0	1	0	1
HAMBI_0403_chrm01_circ_4445774	NP_Ct_r03_2018_04_03_L001	91	0	1	0	1
HAMBI_0403_chrm01_circ_4466530	NP_Ct_r03_2018_04_03_L001	110	0	1	0	1
HAMBI_0403_chrm01_circ_4466988	NP_Ct_r03_2018_04_03_L001	89	1	1	0	1
HAMBI_0403_chrm01_circ_4671531	NP_Ct_r03_2018_04_03_L001	61	0	1	0	1
HAMBI_0403_chrm01_circ_4703998	NP_Ct_r03_2018_04_03_L001	71	0	1	0	1
HAMBI_0403_chrm01_circ_4706872	NP_Ct_r03_2018_04_03_L001	73	0	1	0	1
HAMBI_0403_chrm01_circ_4743873	NP_Ct_r03_2018_04_03_L001	95	0	1	0	1
HAMBI_0403_chrm01_circ_4758856	NP_Ct_r03_2018_04_03_L001	65	0	1	0	1
HAMBI_0403_chrm01_circ_4795914	NP_Ct_r03_2018_04_03_L001	96	0	1	0	1
HAMBI_0403_chrm01_circ_4834353	NP_Ct_r03_2018_04_03_L001	95	0	1	0	1
HAMBI_0403_chrm01_circ_4841785	NP_Ct_r03_2018_04_03_L001	74	0	1	0	1
HAMBI_0403_chrm01_circ_4842908	NP_Ct_r03_2018_04_03_L001	69	0	1	0	1
HAMBI_0403_chrm01_circ_4937428	NP_Ct_r03_2018_04_03_L001	92	0	1	0	1
HAMBI_0403_chrm01_circ_4942669	NP_Ct_r03_2018_04_03_L001	59	0	1	0	1
HAMBI_0403_chrm01_circ_5049906	NP_Ct_r03_2018_04_03_L001	69	0	1	0	1
HAMBI_0403_chrm01_circ_5134215	NP_Ct_r03_2018_04_03_L001	70	0	1	0	1
HAMBI_0403_chrm01_circ_5191704	NP_Ct_r03_2018_04_03_L001	81	0	1	0	1
HAMBI_0403_chrm01_circ_5321557	NP_Ct_r03_2018_04_03_L001	81	0	1	0	1
HAMBI_0403_chrm01_circ_538720	NP_Ct_r03_2018_04_03_L001	71	0	1	0	1
HAMBI_0403_chrm01_circ_538801	NP_Ct_r03_2018_04_03_L001	81	0	1	0	1
HAMBI_0403_chrm01_circ_5508159	NP_Ct_r03_2018_04_03_L001	86	0	1	0	1
HAMBI_0403_chrm01_circ_5517902	NP_Ct_r03_2018_04_03_L001	46	0	1	0	1
HAMBI_0403_chrm01_circ_5628562	NP_Ct_r03_2018_04_03_L001	69	0	1	0	1
HAMBI_0403_chrm01_circ_5635035	NP_Ct_r03_2018_04_03_L001	79	0	1	0	1
HAMBI_0403_chrm01_circ_565418	NP_Ct_r03_2018_04_03_L001	68	0	1	0	1
HAMBI_0403_chrm01_circ_5681260	NP_Ct_r03_2018_04_03_L001	68	0	1	0	1
HAMBI_0403_chrm01_circ_5740020	NP_Ct_r03_2018_04_03_L001	79	0	1	0	1
HAMBI_0403_chrm01_circ_583929	NP_Ct_r03_2018_04_03_L001	75	0	1	0	1
HAMBI_0403_chrm01_circ_665062	NP_Ct_r03_2018_04_03_L001	73	0	1	0	1
HAMBI_0403_chrm01_circ_665133	NP_Ct_r03_2018_04_03_L001	63	0	1	0	1
HAMBI_0403_chrm01_circ_675744	NP_Ct_r03_2018_04_03_L001	62	0	1	0	1
HAMBI_0403_chrm01_circ_699008	NP_Ct_r03_2018_04_03_L001	91	0	1	0	1
HAMBI_0403_chrm01_circ_837160	NP_Ct_r03_2018_04_03_L001	88	0	1	0	1
HAMBI_0403_chrm01_circ_928479	NP_Ct_r03_2018_04_03_L001	86	0	1	0	1
HAMBI_0403_chrm01_circ_936004	NP_Ct_r03_2018_04_03_L001	75	0	1	0	1
HAMBI_0403_chrm01_circ_957842	NP_Ct_r03_2018_04_03_L001	69	0	1	0	1
HAMBI_0403_chrm01_circ_958622	NP_Ct_r03_2018_04_03_L001	97	0	1	0	1
HAMBI_0403_chrm01_circ_958829	NP_Ct_r03_2018_04_03_L001	71	28	1	0	1
HAMBI_0403_chrm01_circ_96646	NP_Ct_r03_2018_04_03_L001	105	0	1	0	1
HAMBI_0403_chrm01_circ_1023542	NP_Ct_r03_2018_05_01_L001	99	0	1	0	1
HAMBI_0403_chrm01_circ_106917	NP_Ct_r03_2018_05_01_L001	59	0	1	0	1
HAMBI_0403_chrm01_circ_1146371	NP_Ct_r03_2018_05_01_L001	60	0	1	0	1
HAMBI_0403_chrm01_circ_1208008	NP_Ct_r03_2018_05_01_L001	98	0	1	0	1
HAMBI_0403_chrm01_circ_1216854	NP_Ct_r03_2018_05_01_L001	98	0	1	0	1
HAMBI_0403_chrm01_circ_1225555	NP_Ct_r03_2018_05_01_L001	55	0	1	0	1
HAMBI_0403_chrm01_circ_1295376	NP_Ct_r03_2018_05_01_L001	90	0	1	0	1
HAMBI_0403_chrm01_circ_1363572	NP_Ct_r03_2018_05_01_L001	48	0	1	0	1
HAMBI_0403_chrm01_circ_1434994	NP_Ct_r03_2018_05_01_L001	63	0	1	0	1
HAMBI_0403_chrm01_circ_1502147	NP_Ct_r03_2018_05_01_L001	79	0	1	0	1
HAMBI_0403_chrm01_circ_1513453	NP_Ct_r03_2018_05_01_L001	76	0	1	0	1
HAMBI_0403_chrm01_circ_1539742	NP_Ct_r03_2018_05_01_L001	71	0	1	0	1
HAMBI_0403_chrm01_circ_1540060	NP_Ct_r03_2018_05_01_L001	89	0	1	0	1
HAMBI_0403_chrm01_circ_1573192	NP_Ct_r03_2018_05_01_L001	109	0	1	0	1
HAMBI_0403_chrm01_circ_1596384	NP_Ct_r03_2018_05_01_L001	69	0	1	0	1
HAMBI_0403_chrm01_circ_1615909	NP_Ct_r03_2018_05_01_L001	98	0	1	0	1
HAMBI_0403_chrm01_circ_1669705	NP_Ct_r03_2018_05_01_L001	75	0	1	0	1
HAMBI_0403_chrm01_circ_1759801	NP_Ct_r03_2018_05_01_L001	91	18	1	0	1
HAMBI_0403_chrm01_circ_1759826	NP_Ct_r03_2018_05_01_L001	109	17	1	0	1
HAMBI_0403_chrm01_circ_1759846	NP_Ct_r03_2018_05_01_L001	96	43	1	0	1
HAMBI_0403_chrm01_circ_1838154	NP_Ct_r03_2018_05_01_L001	53	0	1	0	1
HAMBI_0403_chrm01_circ_1874515	NP_Ct_r03_2018_05_01_L001	75	0	1	0	1
HAMBI_0403_chrm01_circ_1879332	NP_Ct_r03_2018_05_01_L001	82	0	1	0	1
HAMBI_0403_chrm01_circ_1884561	NP_Ct_r03_2018_05_01_L001	87	0	1	0	1
HAMBI_0403_chrm01_circ_2015620	NP_Ct_r03_2018_05_01_L001	74	0	1	0	1
HAMBI_0403_chrm01_circ_2055137	NP_Ct_r03_2018_05_01_L001	118	0	1	0	1
HAMBI_0403_chrm01_circ_2058748	NP_Ct_r03_2018_05_01_L001	86	0	1	0	1
HAMBI_0403_chrm01_circ_2060528	NP_Ct_r03_2018_05_01_L001	108	0	1	0	1
HAMBI_0403_chrm01_circ_208763	NP_Ct_r03_2018_05_01_L001	87	0	1	0	1
HAMBI_0403_chrm01_circ_2090310	NP_Ct_r03_2018_05_01_L001	65	0	1	0	1
HAMBI_0403_chrm01_circ_2098396	NP_Ct_r03_2018_05_01_L001	86	0	1	0	1
HAMBI_0403_chrm01_circ_2171083	NP_Ct_r03_2018_05_01_L001	97	0	1	0	1
HAMBI_0403_chrm01_circ_2182745	NP_Ct_r03_2018_05_01_L001	58	0	1	0	1
HAMBI_0403_chrm01_circ_2183882	NP_Ct_r03_2018_05_01_L001	61	0	1	0	1
HAMBI_0403_chrm01_circ_2295095	NP_Ct_r03_2018_05_01_L001	83	0	1	0	1
HAMBI_0403_chrm01_circ_235764	NP_Ct_r03_2018_05_01_L001	81	0	1	0	1
HAMBI_0403_chrm01_circ_2399361	NP_Ct_r03_2018_05_01_L001	67	0	1	0	1
HAMBI_0403_chrm01_circ_2451784	NP_Ct_r03_2018_05_01_L001	69	0	1	0	1
HAMBI_0403_chrm01_circ_2489220	NP_Ct_r03_2018_05_01_L001	63	0	1	0	1
HAMBI_0403_chrm01_circ_2511570	NP_Ct_r03_2018_05_01_L001	80	0	1	0	1
HAMBI_0403_chrm01_circ_2518477	NP_Ct_r03_2018_05_01_L001	59	0	1	0	1
HAMBI_0403_chrm01_circ_25616	NP_Ct_r03_2018_05_01_L001	67	0	1	0	1
HAMBI_0403_chrm01_circ_2595158	NP_Ct_r03_2018_05_01_L001	87	0	1	0	1
HAMBI_0403_chrm01_circ_2623969	NP_Ct_r03_2018_05_01_L001	51	0	1	0	1
HAMBI_0403_chrm01_circ_2633075	NP_Ct_r03_2018_05_01_L001	70	0	1	0	1
HAMBI_0403_chrm01_circ_2692966	NP_Ct_r03_2018_05_01_L001	77	0	1	0	1
HAMBI_0403_chrm01_circ_2693666	NP_Ct_r03_2018_05_01_L001	85	0	1	0	1
HAMBI_0403_chrm01_circ_27022	NP_Ct_r03_2018_05_01_L001	53	0	1	0	1
HAMBI_0403_chrm01_circ_270829	NP_Ct_r03_2018_05_01_L001	94	0	1	0	1
HAMBI_0403_chrm01_circ_2788284	NP_Ct_r03_2018_05_01_L001	53	0	1	0	1
HAMBI_0403_chrm01_circ_2824864	NP_Ct_r03_2018_05_01_L001	94	0	1	0	1
HAMBI_0403_chrm01_circ_2868271	NP_Ct_r03_2018_05_01_L001	66	0	1	0	1
HAMBI_0403_chrm01_circ_2944548	NP_Ct_r03_2018_05_01_L001	65	0	1	0	1
HAMBI_0403_chrm01_circ_2958128	NP_Ct_r03_2018_05_01_L001	58	0	1	0	1
HAMBI_0403_chrm01_circ_3021874	NP_Ct_r03_2018_05_01_L001	68	0	1	0	1
HAMBI_0403_chrm01_circ_3035671	NP_Ct_r03_2018_05_01_L001	74	0	1	0	1
HAMBI_0403_chrm01_circ_3100821	NP_Ct_r03_2018_05_01_L001	77	3	1	0	1
HAMBI_0403_chrm01_circ_3185483	NP_Ct_r03_2018_05_01_L001	56	0	1	0	1
HAMBI_0403_chrm01_circ_3320753	NP_Ct_r03_2018_05_01_L001	76	0	1	0	1
HAMBI_0403_chrm01_circ_3324607	NP_Ct_r03_2018_05_01_L001	59	0	1	0	1
HAMBI_0403_chrm01_circ_3325786	NP_Ct_r03_2018_05_01_L001	48	0	1	0	1
HAMBI_0403_chrm01_circ_3425316	NP_Ct_r03_2018_05_01_L001	60	0	1	0	1
HAMBI_0403_chrm01_circ_3547421	NP_Ct_r03_2018_05_01_L001	96	0	1	0	1
HAMBI_0403_chrm01_circ_3605936	NP_Ct_r03_2018_05_01_L001	74	0	1	0	1
HAMBI_0403_chrm01_circ_3647360	NP_Ct_r03_2018_05_01_L001	64	0	1	0	1
HAMBI_0403_chrm01_circ_3713288	NP_Ct_r03_2018_05_01_L001	86	0	1	0	1
HAMBI_0403_chrm01_circ_3738840	NP_Ct_r03_2018_05_01_L001	54	0	1	0	1
HAMBI_0403_chrm01_circ_3763855	NP_Ct_r03_2018_05_01_L001	63	0	1	0	1
HAMBI_0403_chrm01_circ_3767311	NP_Ct_r03_2018_05_01_L001	76	0	1	0	1
HAMBI_0403_chrm01_circ_3844951	NP_Ct_r03_2018_05_01_L001	75	0	1	0	1
HAMBI_0403_chrm01_circ_3846801	NP_Ct_r03_2018_05_01_L001	74	0	1	0	1
HAMBI_0403_chrm01_circ_3873026	NP_Ct_r03_2018_05_01_L001	91	0	1	0	1
HAMBI_0403_chrm01_circ_3887450	NP_Ct_r03_2018_05_01_L001	48	0	1	0	1
HAMBI_0403_chrm01_circ_3897204	NP_Ct_r03_2018_05_01_L001	60	0	1	0	1
HAMBI_0403_chrm01_circ_3951089	NP_Ct_r03_2018_05_01_L001	105	0	1	0	1
HAMBI_0403_chrm01_circ_4044088	NP_Ct_r03_2018_05_01_L001	59	0	1	0	1
HAMBI_0403_chrm01_circ_4050144	NP_Ct_r03_2018_05_01_L001	59	0	1	0	1
HAMBI_0403_chrm01_circ_4096236	NP_Ct_r03_2018_05_01_L001	91	0	1	0	1
HAMBI_0403_chrm01_circ_4174302	NP_Ct_r03_2018_05_01_L001	48	0	1	0	1
HAMBI_0403_chrm01_circ_4230635	NP_Ct_r03_2018_05_01_L001	26	0	1	0	1
HAMBI_0403_chrm01_circ_4243310	NP_Ct_r03_2018_05_01_L001	100	0	1	0	1
HAMBI_0403_chrm01_circ_4287176	NP_Ct_r03_2018_05_01_L001	17	0	1	0	1
HAMBI_0403_chrm01_circ_431094	NP_Ct_r03_2018_05_01_L001	68	0	1	0	1
HAMBI_0403_chrm01_circ_4311737	NP_Ct_r03_2018_05_01_L001	46	0	1	0	1
HAMBI_0403_chrm01_circ_431222	NP_Ct_r03_2018_05_01_L001	0	0	1	0	1
HAMBI_0403_chrm01_circ_4420190	NP_Ct_r03_2018_05_01_L001	52	0	1	0	1
HAMBI_0403_chrm01_circ_4445774	NP_Ct_r03_2018_05_01_L001	67	0	1	0	1
HAMBI_0403_chrm01_circ_4466530	NP_Ct_r03_2018_05_01_L001	97	0	1	0	1
HAMBI_0403_chrm01_circ_4466988	NP_Ct_r03_2018_05_01_L001	83	0	1	0	1
HAMBI_0403_chrm01_circ_4671531	NP_Ct_r03_2018_05_01_L001	51	0	1	0	1
HAMBI_0403_chrm01_circ_4703998	NP_Ct_r03_2018_05_01_L001	55	0	1	0	1
HAMBI_0403_chrm01_circ_4706872	NP_Ct_r03_2018_05_01_L001	72	0	1	0	1
HAMBI_0403_chrm01_circ_4743873	NP_Ct_r03_2018_05_01_L001	60	1	1	0	1
HAMBI_0403_chrm01_circ_4758856	NP_Ct_r03_2018_05_01_L001	76	0	1	0	1
HAMBI_0403_chrm01_circ_4795914	NP_Ct_r03_2018_05_01_L001	96	0	1	0	1
HAMBI_0403_chrm01_circ_4834353	NP_Ct_r03_2018_05_01_L001	84	0	1	0	1
HAMBI_0403_chrm01_circ_4841785	NP_Ct_r03_2018_05_01_L001	72	0	1	0	1
HAMBI_0403_chrm01_circ_4842908	NP_Ct_r03_2018_05_01_L001	71	0	1	0	1
HAMBI_0403_chrm01_circ_4937428	NP_Ct_r03_2018_05_01_L001	91	0	1	0	1
HAMBI_0403_chrm01_circ_4942669	NP_Ct_r03_2018_05_01_L001	49	0	1	0	1
HAMBI_0403_chrm01_circ_5049906	NP_Ct_r03_2018_05_01_L001	77	0	1	0	1
HAMBI_0403_chrm01_circ_5134215	NP_Ct_r03_2018_05_01_L001	56	0	1	0	1
HAMBI_0403_chrm01_circ_5191704	NP_Ct_r03_2018_05_01_L001	74	0	1	0	1
HAMBI_0403_chrm01_circ_5321557	NP_Ct_r03_2018_05_01_L001	46	0	1	0	1
HAMBI_0403_chrm01_circ_538720	NP_Ct_r03_2018_05_01_L001	62	0	1	0	1
HAMBI_0403_chrm01_circ_538801	NP_Ct_r03_2018_05_01_L001	67	0	1	0	1
HAMBI_0403_chrm01_circ_5508159	NP_Ct_r03_2018_05_01_L001	61	0	1	0	1
HAMBI_0403_chrm01_circ_5517902	NP_Ct_r03_2018_05_01_L001	60	0	1	0	1
HAMBI_0403_chrm01_circ_5628562	NP_Ct_r03_2018_05_01_L001	43	0	1	0	1
HAMBI_0403_chrm01_circ_5635035	NP_Ct_r03_2018_05_01_L001	62	0	1	0	1
HAMBI_0403_chrm01_circ_565418	NP_Ct_r03_2018_05_01_L001	60	0	1	0	1
HAMBI_0403_chrm01_circ_5681260	NP_Ct_r03_2018_05_01_L001	80	0	1	0	1
HAMBI_0403_chrm01_circ_5740020	NP_Ct_r03_2018_05_01_L001	68	0	1	0	1
HAMBI_0403_chrm01_circ_583929	NP_Ct_r03_2018_05_01_L001	70	0	1	0	1
HAMBI_0403_chrm01_circ_665062	NP_Ct_r03_2018_05_01_L001	65	0	1	0	1
HAMBI_0403_chrm01_circ_665133	NP_Ct_r03_2018_05_01_L001	63	0	1	0	1
HAMBI_0403_chrm01_circ_675744	NP_Ct_r03_2018_05_01_L001	67	0	1	0	1
HAMBI_0403_chrm01_circ_699008	NP_Ct_r03_2018_05_01_L001	85	0	1	0	1
HAMBI_0403_chrm01_circ_837160	NP_Ct_r03_2018_05_01_L001	72	0	1	0	1
HAMBI_0403_chrm01_circ_928479	NP_Ct_r03_2018_05_01_L001	87	0	1	0	1
HAMBI_0403_chrm01_circ_936004	NP_Ct_r03_2018_05_01_L001	58	0	1	0	1
HAMBI_0403_chrm01_circ_957842	NP_Ct_r03_2018_05_01_L001	97	0	1	0	1
HAMBI_0403_chrm01_circ_958622	NP_Ct_r03_2018_05_01_L001	85	0	1	0	1
HAMBI_0403_chrm01_circ_958829	NP_Ct_r03_2018_05_01_L001	51	39	1	0	1
HAMBI_0403_chrm01_circ_96646	NP_Ct_r03_2018_05_01_L001	79	0	1	0	1
HAMBI_0403_chrm01_circ_1023542	NP_Ct_r03_2018_06_26_L001	100	0	1	0	1
HAMBI_0403_chrm01_circ_106917	NP_Ct_r03_2018_06_26_L001	68	4	1	0	1
HAMBI_0403_chrm01_circ_1146371	NP_Ct_r03_2018_06_26_L001	100	9	1	0	1
HAMBI_0403_chrm01_circ_1208008	NP_Ct_r03_2018_06_26_L001	9	100	1	0	1
HAMBI_0403_chrm01_circ_1216854	NP_Ct_r03_2018_06_26_L001	107	0	1	0	1
HAMBI_0403_chrm01_circ_1225555	NP_Ct_r03_2018_06_26_L001	7	72	1	0	1
HAMBI_0403_chrm01_circ_1295376	NP_Ct_r03_2018_06_26_L001	14	81	1	0	1
HAMBI_0403_chrm01_circ_1363572	NP_Ct_r03_2018_06_26_L001	104	1	1	0	1
HAMBI_0403_chrm01_circ_1434994	NP_Ct_r03_2018_06_26_L001	129	0	1	0	1
HAMBI_0403_chrm01_circ_1502147	NP_Ct_r03_2018_06_26_L001	103	0	1	0	1
HAMBI_0403_chrm01_circ_1513453	NP_Ct_r03_2018_06_26_L001	80	7	1	0	1
HAMBI_0403_chrm01_circ_1539742	NP_Ct_r03_2018_06_26_L001	90	0	1	0	1
HAMBI_0403_chrm01_circ_1540060	NP_Ct_r03_2018_06_26_L001	107	0	1	0	1
HAMBI_0403_chrm01_circ_1573192	NP_Ct_r03_2018_06_26_L001	89	25	1	0	1
HAMBI_0403_chrm01_circ_1596384	NP_Ct_r03_2018_06_26_L001	99	0	1	0	1
HAMBI_0403_chrm01_circ_1615909	NP_Ct_r03_2018_06_26_L001	86	0	1	0	1
HAMBI_0403_chrm01_circ_1669705	NP_Ct_r03_2018_06_26_L001	10	120	1	0	1
HAMBI_0403_chrm01_circ_1759801	NP_Ct_r03_2018_06_26_L001	94	3	1	0	1
HAMBI_0403_chrm01_circ_1759826	NP_Ct_r03_2018_06_26_L001	97	3	1	0	1
HAMBI_0403_chrm01_circ_1759846	NP_Ct_r03_2018_06_26_L001	99	3	1	0	1
HAMBI_0403_chrm01_circ_1838154	NP_Ct_r03_2018_06_26_L001	9	71	1	0	1
HAMBI_0403_chrm01_circ_1874515	NP_Ct_r03_2018_06_26_L001	6	72	1	0	1
HAMBI_0403_chrm01_circ_1879332	NP_Ct_r03_2018_06_26_L001	83	7	1	0	1
HAMBI_0403_chrm01_circ_1884561	NP_Ct_r03_2018_06_26_L001	111	0	1	0	1
HAMBI_0403_chrm01_circ_2015620	NP_Ct_r03_2018_06_26_L001	78	0	1	0	1
HAMBI_0403_chrm01_circ_2055137	NP_Ct_r03_2018_06_26_L001	115	0	1	0	1
HAMBI_0403_chrm01_circ_2058748	NP_Ct_r03_2018_06_26_L001	76	0	1	0	1
HAMBI_0403_chrm01_circ_2060528	NP_Ct_r03_2018_06_26_L001	15	85	1	0	1
HAMBI_0403_chrm01_circ_208763	NP_Ct_r03_2018_06_26_L001	15	113	1	0	1
HAMBI_0403_chrm01_circ_2090310	NP_Ct_r03_2018_06_26_L001	82	0	1	0	1
HAMBI_0403_chrm01_circ_2098396	NP_Ct_r03_2018_06_26_L001	3	72	1	0	1
HAMBI_0403_chrm01_circ_2171083	NP_Ct_r03_2018_06_26_L001	91	0	1	0	1
HAMBI_0403_chrm01_circ_2182745	NP_Ct_r03_2018_06_26_L001	93	0	1	0	1
HAMBI_0403_chrm01_circ_2183882	NP_Ct_r03_2018_06_26_L001	88	0	1	0	1
HAMBI_0403_chrm01_circ_2295095	NP_Ct_r03_2018_06_26_L001	105	16	1	0	1
HAMBI_0403_chrm01_circ_235764	NP_Ct_r03_2018_06_26_L001	46	55	1	0	1
HAMBI_0403_chrm01_circ_2399361	NP_Ct_r03_2018_06_26_L001	11	62	1	0	1
HAMBI_0403_chrm01_circ_2451784	NP_Ct_r03_2018_06_26_L001	135	0	1	0	1
HAMBI_0403_chrm01_circ_2489220	NP_Ct_r03_2018_06_26_L001	108	0	1	0	1
HAMBI_0403_chrm01_circ_2511570	NP_Ct_r03_2018_06_26_L001	79	5	1	0	1
HAMBI_0403_chrm01_circ_2518477	NP_Ct_r03_2018_06_26_L001	92	12	1	0	1
HAMBI_0403_chrm01_circ_25616	NP_Ct_r03_2018_06_26_L001	9	111	1	0	1
HAMBI_0403_chrm01_circ_2595158	NP_Ct_r03_2018_06_26_L001	82	0	1	0	1
HAMBI_0403_chrm01_circ_2623969	NP_Ct_r03_2018_06_26_L001	52	0	1	0	1
HAMBI_0403_chrm01_circ_2633075	NP_Ct_r03_2018_06_26_L001	93	0	1	0	1
HAMBI_0403_chrm01_circ_2692966	NP_Ct_r03_2018_06_26_L001	89	2	1	0	1
HAMBI_0403_chrm01_circ_2693666	NP_Ct_r03_2018_06_26_L001	8	111	1	0	1
HAMBI_0403_chrm01_circ_27022	NP_Ct_r03_2018_06_26_L001	101	0	1	0	1
HAMBI_0403_chrm01_circ_270829	NP_Ct_r03_2018_06_26_L001	11	95	1	0	1
HAMBI_0403_chrm01_circ_2788284	NP_Ct_r03_2018_06_26_L001	6	85	1	0	1
HAMBI_0403_chrm01_circ_2824864	NP_Ct_r03_2018_06_26_L001	12	98	1	0	1
HAMBI_0403_chrm01_circ_2868271	NP_Ct_r03_2018_06_26_L001	92	1	1	0	1
HAMBI_0403_chrm01_circ_2944548	NP_Ct_r03_2018_06_26_L001	68	17	1	0	1
HAMBI_0403_chrm01_circ_2958128	NP_Ct_r03_2018_06_26_L001	17	81	1	0	1
HAMBI_0403_chrm01_circ_3021874	NP_Ct_r03_2018_06_26_L001	95	0	1	0	1
HAMBI_0403_chrm01_circ_3035671	NP_Ct_r03_2018_06_26_L001	83	0	1	0	1
HAMBI_0403_chrm01_circ_3100821	NP_Ct_r03_2018_06_26_L001	8	112	1	0	1
HAMBI_0403_chrm01_circ_3185483	NP_Ct_r03_2018_06_26_L001	106	0	1	0	1
HAMBI_0403_chrm01_circ_3320753	NP_Ct_r03_2018_06_26_L001	88	10	1	0	1
HAMBI_0403_chrm01_circ_3324607	NP_Ct_r03_2018_06_26_L001	79	12	1	0	1
HAMBI_0403_chrm01_circ_3325786	NP_Ct_r03_2018_06_26_L001	71	15	1	0	1
HAMBI_0403_chrm01_circ_3425316	NP_Ct_r03_2018_06_26_L001	112	8	1	0	1
HAMBI_0403_chrm01_circ_3547421	NP_Ct_r03_2018_06_26_L001	89	0	1	0	1
HAMBI_0403_chrm01_circ_3605936	NP_Ct_r03_2018_06_26_L001	97	0	1	0	1
HAMBI_0403_chrm01_circ_3647360	NP_Ct_r03_2018_06_26_L001	78	0	1	0	1
HAMBI_0403_chrm01_circ_3713288	NP_Ct_r03_2018_06_26_L001	12	95	1	0	1
HAMBI_0403_chrm01_circ_3738840	NP_Ct_r03_2018_06_26_L001	7	79	1	0	1
HAMBI_0403_chrm01_circ_3763855	NP_Ct_r03_2018_06_26_L001	91	0	1	0	1
HAMBI_0403_chrm01_circ_3767311	NP_Ct_r03_2018_06_26_L001	0	110	1	0	1
HAMBI_0403_chrm01_circ_3844951	NP_Ct_r03_2018_06_26_L001	86	0	1	0	1
HAMBI_0403_chrm01_circ_3846801	NP_Ct_r03_2018_06_26_L001	80	0	1	0	1
HAMBI_0403_chrm01_circ_3873026	NP_Ct_r03_2018_06_26_L001	95	0	1	0	1
HAMBI_0403_chrm01_circ_3887450	NP_Ct_r03_2018_06_26_L001	86	4	1	0	1
HAMBI_0403_chrm01_circ_3897204	NP_Ct_r03_2018_06_26_L001	82	5	1	0	1
HAMBI_0403_chrm01_circ_3951089	NP_Ct_r03_2018_06_26_L001	111	0	1	0	1
HAMBI_0403_chrm01_circ_4044088	NP_Ct_r03_2018_06_26_L001	10	98	1	0	1
HAMBI_0403_chrm01_circ_4050144	NP_Ct_r03_2018_06_26_L001	84	9	1	0	1
HAMBI_0403_chrm01_circ_4096236	NP_Ct_r03_2018_06_26_L001	14	94	1	0	1
HAMBI_0403_chrm01_circ_4174302	NP_Ct_r03_2018_06_26_L001	84	0	1	0	1
HAMBI_0403_chrm01_circ_4230635	NP_Ct_r03_2018_06_26_L001	44	0	1	0	1
HAMBI_0403_chrm01_circ_4243310	NP_Ct_r03_2018_06_26_L001	19	69	1	0	1
HAMBI_0403_chrm01_circ_4287176	NP_Ct_r03_2018_06_26_L001	0	58	1	0	1
HAMBI_0403_chrm01_circ_431094	NP_Ct_r03_2018_06_26_L001	0	83	1	0	1
HAMBI_0403_chrm01_circ_4311737	NP_Ct_r03_2018_06_26_L001	74	0	1	0	1
HAMBI_0403_chrm01_circ_431222	NP_Ct_r03_2018_06_26_L001	112	0	1	0	1
HAMBI_0403_chrm01_circ_4420190	NP_Ct_r03_2018_06_26_L001	90	0	1	0	1
HAMBI_0403_chrm01_circ_4445774	NP_Ct_r03_2018_06_26_L001	95	0	1	0	1
HAMBI_0403_chrm01_circ_4466530	NP_Ct_r03_2018_06_26_L001	113	0	1	0	1
HAMBI_0403_chrm01_circ_4466988	NP_Ct_r03_2018_06_26_L001	112	0	1	0	1
HAMBI_0403_chrm01_circ_4671531	NP_Ct_r03_2018_06_26_L001	75	15	1	0	1
HAMBI_0403_chrm01_circ_4703998	NP_Ct_r03_2018_06_26_L001	91	0	1	0	1
HAMBI_0403_chrm01_circ_4706872	NP_Ct_r03_2018_06_26_L001	10	93	1	0	1
HAMBI_0403_chrm01_circ_4743873	NP_Ct_r03_2018_06_26_L001	8	78	1	0	1
HAMBI_0403_chrm01_circ_4758856	NP_Ct_r03_2018_06_26_L001	65	12	1	0	1
HAMBI_0403_chrm01_circ_4795914	NP_Ct_r03_2018_06_26_L001	104	0	1	0	1
HAMBI_0403_chrm01_circ_4834353	NP_Ct_r03_2018_06_26_L001	111	0	1	0	1
HAMBI_0403_chrm01_circ_4841785	NP_Ct_r03_2018_06_26_L001	112	0	1	0	1
HAMBI_0403_chrm01_circ_4842908	NP_Ct_r03_2018_06_26_L001	6	84	1	0	1
HAMBI_0403_chrm01_circ_4937428	NP_Ct_r03_2018_06_26_L001	109	2	1	0	1
HAMBI_0403_chrm01_circ_4942669	NP_Ct_r03_2018_06_26_L001	81	0	1	0	1
HAMBI_0403_chrm01_circ_5049906	NP_Ct_r03_2018_06_26_L001	100	0	1	0	1
HAMBI_0403_chrm01_circ_5134215	NP_Ct_r03_2018_06_26_L001	6	74	1	0	1
HAMBI_0403_chrm01_circ_5191704	NP_Ct_r03_2018_06_26_L001	8	92	1	0	1
HAMBI_0403_chrm01_circ_5321557	NP_Ct_r03_2018_06_26_L001	84	0	1	0	1
HAMBI_0403_chrm01_circ_538720	NP_Ct_r03_2018_06_26_L001	103	0	1	0	1
HAMBI_0403_chrm01_circ_538801	NP_Ct_r03_2018_06_26_L001	100	0	1	0	1
HAMBI_0403_chrm01_circ_5508159	NP_Ct_r03_2018_06_26_L001	94	6	1	0	1
HAMBI_0403_chrm01_circ_5517902	NP_Ct_r03_2018_06_26_L001	76	8	1	0	1
HAMBI_0403_chrm01_circ_5628562	NP_Ct_r03_2018_06_26_L001	115	0	1	0	1
HAMBI_0403_chrm01_circ_5635035	NP_Ct_r03_2018_06_26_L001	13	107	1	0	1
HAMBI_0403_chrm01_circ_565418	NP_Ct_r03_2018_06_26_L001	109	0	1	0	1
HAMBI_0403_chrm01_circ_5681260	NP_Ct_r03_2018_06_26_L001	72	16	1	0	1
HAMBI_0403_chrm01_circ_5740020	NP_Ct_r03_2018_06_26_L001	114	0	1	0	1
HAMBI_0403_chrm01_circ_583929	NP_Ct_r03_2018_06_26_L001	13	77	1	0	1
HAMBI_0403_chrm01_circ_665062	NP_Ct_r03_2018_06_26_L001	0	112	1	0	1
HAMBI_0403_chrm01_circ_665133	NP_Ct_r03_2018_06_26_L001	16	100	1	0	1
HAMBI_0403_chrm01_circ_675744	NP_Ct_r03_2018_06_26_L001	77	0	1	0	1
HAMBI_0403_chrm01_circ_699008	NP_Ct_r03_2018_06_26_L001	13	81	1	0	1
HAMBI_0403_chrm01_circ_837160	NP_Ct_r03_2018_06_26_L001	97	11	1	0	1
HAMBI_0403_chrm01_circ_928479	NP_Ct_r03_2018_06_26_L001	10	85	1	0	1
HAMBI_0403_chrm01_circ_936004	NP_Ct_r03_2018_06_26_L001	80	0	1	0	1
HAMBI_0403_chrm01_circ_957842	NP_Ct_r03_2018_06_26_L001	14	100	1	0	1
HAMBI_0403_chrm01_circ_958622	NP_Ct_r03_2018_06_26_L001	104	0	1	0	1
HAMBI_0403_chrm01_circ_958829	NP_Ct_r03_2018_06_26_L001	112	0	1	0	1
HAMBI_0403_chrm01_circ_96646	NP_Ct_r03_2018_06_26_L001	9	90	1	0	1
HAMBI_0403_chrm01_circ_1023542	NP_Ct_r03_2018_07_24_L001	90	0	1	0	1
HAMBI_0403_chrm01_circ_106917	NP_Ct_r03_2018_07_24_L001	57	12	1	0	1
HAMBI_0403_chrm01_circ_1146371	NP_Ct_r03_2018_07_24_L001	59	19	1	0	1
HAMBI_0403_chrm01_circ_1208008	NP_Ct_r03_2018_07_24_L001	1	81	1	0	1
HAMBI_0403_chrm01_circ_1216854	NP_Ct_r03_2018_07_24_L001	73	0	1	0	1
HAMBI_0403_chrm01_circ_1225555	NP_Ct_r03_2018_07_24_L001	2	72	1	0	1
HAMBI_0403_chrm01_circ_1295376	NP_Ct_r03_2018_07_24_L001	3	60	1	0	1
HAMBI_0403_chrm01_circ_1363572	NP_Ct_r03_2018_07_24_L001	70	8	1	0	1
HAMBI_0403_chrm01_circ_1434994	NP_Ct_r03_2018_07_24_L001	77	0	1	0	1
HAMBI_0403_chrm01_circ_1502147	NP_Ct_r03_2018_07_24_L001	72	0	1	0	1
HAMBI_0403_chrm01_circ_1513453	NP_Ct_r03_2018_07_24_L001	62	9	1	0	1
HAMBI_0403_chrm01_circ_1539742	NP_Ct_r03_2018_07_24_L001	79	1	1	0	1
HAMBI_0403_chrm01_circ_1540060	NP_Ct_r03_2018_07_24_L001	80	0	1	0	1
HAMBI_0403_chrm01_circ_1573192	NP_Ct_r03_2018_07_24_L001	61	21	1	0	1
HAMBI_0403_chrm01_circ_1596384	NP_Ct_r03_2018_07_24_L001	72	0	1	0	1
HAMBI_0403_chrm01_circ_1615909	NP_Ct_r03_2018_07_24_L001	67	0	1	0	1
HAMBI_0403_chrm01_circ_1669705	NP_Ct_r03_2018_07_24_L001	6	81	1	0	1
HAMBI_0403_chrm01_circ_1759801	NP_Ct_r03_2018_07_24_L001	86	2	1	0	1
HAMBI_0403_chrm01_circ_1759826	NP_Ct_r03_2018_07_24_L001	89	3	1	0	1
HAMBI_0403_chrm01_circ_1759846	NP_Ct_r03_2018_07_24_L001	92	4	1	0	1
HAMBI_0403_chrm01_circ_1838154	NP_Ct_r03_2018_07_24_L001	0	65	1	0	1
HAMBI_0403_chrm01_circ_1874515	NP_Ct_r03_2018_07_24_L001	3	57	1	0	1
HAMBI_0403_chrm01_circ_1879332	NP_Ct_r03_2018_07_24_L001	56	17	1	0	1
HAMBI_0403_chrm01_circ_1884561	NP_Ct_r03_2018_07_24_L001	81	0	1	0	1
HAMBI_0403_chrm01_circ_2015620	NP_Ct_r03_2018_07_24_L001	58	0	1	0	1
HAMBI_0403_chrm01_circ_2055137	NP_Ct_r03_2018_07_24_L001	97	0	1	0	1
HAMBI_0403_chrm01_circ_2058748	NP_Ct_r03_2018_07_24_L001	76	0	1	0	1
HAMBI_0403_chrm01_circ_2060528	NP_Ct_r03_2018_07_24_L001	3	67	1	0	1
HAMBI_0403_chrm01_circ_208763	NP_Ct_r03_2018_07_24_L001	4	73	1	0	1
HAMBI_0403_chrm01_circ_2090310	NP_Ct_r03_2018_07_24_L001	74	0	1	0	1
HAMBI_0403_chrm01_circ_2098396	NP_Ct_r03_2018_07_24_L001	2	83	1	0	1
HAMBI_0403_chrm01_circ_2171083	NP_Ct_r03_2018_07_24_L001	68	0	1	0	1
HAMBI_0403_chrm01_circ_2182745	NP_Ct_r03_2018_07_24_L001	82	0	1	0	1
HAMBI_0403_chrm01_circ_2183882	NP_Ct_r03_2018_07_24_L001	79	0	1	0	1
HAMBI_0403_chrm01_circ_2295095	NP_Ct_r03_2018_07_24_L001	65	18	1	0	1
HAMBI_0403_chrm01_circ_235764	NP_Ct_r03_2018_07_24_L001	31	59	1	0	1
HAMBI_0403_chrm01_circ_2399361	NP_Ct_r03_2018_07_24_L001	4	74	1	0	1
HAMBI_0403_chrm01_circ_2451784	NP_Ct_r03_2018_07_24_L001	72	0	1	0	1
HAMBI_0403_chrm01_circ_2489220	NP_Ct_r03_2018_07_24_L001	49	0	1	0	1
HAMBI_0403_chrm01_circ_2511570	NP_Ct_r03_2018_07_24_L001	69	13	1	0	1
HAMBI_0403_chrm01_circ_2518477	NP_Ct_r03_2018_07_24_L001	76	13	1	0	1
HAMBI_0403_chrm01_circ_25616	NP_Ct_r03_2018_07_24_L001	3	74	1	0	1
HAMBI_0403_chrm01_circ_2595158	NP_Ct_r03_2018_07_24_L001	70	0	1	0	1
HAMBI_0403_chrm01_circ_2623969	NP_Ct_r03_2018_07_24_L001	44	0	1	0	1
HAMBI_0403_chrm01_circ_2633075	NP_Ct_r03_2018_07_24_L001	88	0	1	0	1
HAMBI_0403_chrm01_circ_2692966	NP_Ct_r03_2018_07_24_L001	72	3	1	0	1
HAMBI_0403_chrm01_circ_2693666	NP_Ct_r03_2018_07_24_L001	0	73	1	0	1
HAMBI_0403_chrm01_circ_27022	NP_Ct_r03_2018_07_24_L001	76	0	1	0	1
HAMBI_0403_chrm01_circ_270829	NP_Ct_r03_2018_07_24_L001	6	90	1	0	1
HAMBI_0403_chrm01_circ_2788284	NP_Ct_r03_2018_07_24_L001	3	61	1	0	1
HAMBI_0403_chrm01_circ_2824864	NP_Ct_r03_2018_07_24_L001	3	79	1	0	1
HAMBI_0403_chrm01_circ_2868271	NP_Ct_r03_2018_07_24_L001	57	1	1	0	1
HAMBI_0403_chrm01_circ_2944548	NP_Ct_r03_2018_07_24_L001	55	5	1	0	1
HAMBI_0403_chrm01_circ_2958128	NP_Ct_r03_2018_07_24_L001	4	86	1	0	1
HAMBI_0403_chrm01_circ_3021874	NP_Ct_r03_2018_07_24_L001	77	2	1	0	1
HAMBI_0403_chrm01_circ_3035671	NP_Ct_r03_2018_07_24_L001	83	1	1	0	1
HAMBI_0403_chrm01_circ_3100821	NP_Ct_r03_2018_07_24_L001	6	93	1	0	1
HAMBI_0403_chrm01_circ_3185483	NP_Ct_r03_2018_07_24_L001	71	0	1	0	1
HAMBI_0403_chrm01_circ_3320753	NP_Ct_r03_2018_07_24_L001	66	13	1	0	1
HAMBI_0403_chrm01_circ_3324607	NP_Ct_r03_2018_07_24_L001	85	12	1	0	1
HAMBI_0403_chrm01_circ_3325786	NP_Ct_r03_2018_07_24_L001	54	13	1	0	1
HAMBI_0403_chrm01_circ_3425316	NP_Ct_r03_2018_07_24_L001	65	22	1	0	1
HAMBI_0403_chrm01_circ_3547421	NP_Ct_r03_2018_07_24_L001	70	0	1	0	1
HAMBI_0403_chrm01_circ_3605936	NP_Ct_r03_2018_07_24_L001	84	0	1	0	1
HAMBI_0403_chrm01_circ_3647360	NP_Ct_r03_2018_07_24_L001	74	0	1	0	1
HAMBI_0403_chrm01_circ_3713288	NP_Ct_r03_2018_07_24_L001	5	65	1	0	1
HAMBI_0403_chrm01_circ_3738840	NP_Ct_r03_2018_07_24_L001	3	62	1	0	1
HAMBI_0403_chrm01_circ_3763855	NP_Ct_r03_2018_07_24_L001	69	0	1	0	1
HAMBI_0403_chrm01_circ_3767311	NP_Ct_r03_2018_07_24_L001	0	79	1	0	1
HAMBI_0403_chrm01_circ_3844951	NP_Ct_r03_2018_07_24_L001	63	0	1	0	1
HAMBI_0403_chrm01_circ_3846801	NP_Ct_r03_2018_07_24_L001	78	0	1	0	1
HAMBI_0403_chrm01_circ_3873026	NP_Ct_r03_2018_07_24_L001	76	0	1	0	1
HAMBI_0403_chrm01_circ_3887450	NP_Ct_r03_2018_07_24_L001	78	10	1	0	1
HAMBI_0403_chrm01_circ_3897204	NP_Ct_r03_2018_07_24_L001	55	16	1	0	1
HAMBI_0403_chrm01_circ_3951089	NP_Ct_r03_2018_07_24_L001	87	1	1	0	1
HAMBI_0403_chrm01_circ_4044088	NP_Ct_r03_2018_07_24_L001	0	81	1	0	1
HAMBI_0403_chrm01_circ_4050144	NP_Ct_r03_2018_07_24_L001	41	10	1	0	1
HAMBI_0403_chrm01_circ_4096236	NP_Ct_r03_2018_07_24_L001	0	74	1	0	1
HAMBI_0403_chrm01_circ_4174302	NP_Ct_r03_2018_07_24_L001	71	0	1	0	1
HAMBI_0403_chrm01_circ_4230635	NP_Ct_r03_2018_07_24_L001	36	0	1	0	1
HAMBI_0403_chrm01_circ_4243310	NP_Ct_r03_2018_07_24_L001	1	52	1	0	1
HAMBI_0403_chrm01_circ_4287176	NP_Ct_r03_2018_07_24_L001	0	43	1	0	1
HAMBI_0403_chrm01_circ_431094	NP_Ct_r03_2018_07_24_L001	0	84	1	0	1
HAMBI_0403_chrm01_circ_4311737	NP_Ct_r03_2018_07_24_L001	76	0	1	0	1
HAMBI_0403_chrm01_circ_431222	NP_Ct_r03_2018_07_24_L001	62	0	1	0	1
HAMBI_0403_chrm01_circ_4420190	NP_Ct_r03_2018_07_24_L001	72	0	1	0	1
HAMBI_0403_chrm01_circ_4445774	NP_Ct_r03_2018_07_24_L001	100	0	1	0	1
HAMBI_0403_chrm01_circ_4466530	NP_Ct_r03_2018_07_24_L001	85	0	1	0	1
HAMBI_0403_chrm01_circ_4466988	NP_Ct_r03_2018_07_24_L001	77	0	1	0	1
HAMBI_0403_chrm01_circ_4671531	NP_Ct_r03_2018_07_24_L001	73	8	1	0	1
HAMBI_0403_chrm01_circ_4703998	NP_Ct_r03_2018_07_24_L001	79	0	1	0	1
HAMBI_0403_chrm01_circ_4706872	NP_Ct_r03_2018_07_24_L001	5	77	1	0	1
HAMBI_0403_chrm01_circ_4743873	NP_Ct_r03_2018_07_24_L001	2	71	1	0	1
HAMBI_0403_chrm01_circ_4758856	NP_Ct_r03_2018_07_24_L001	58	7	1	0	1
HAMBI_0403_chrm01_circ_4795914	NP_Ct_r03_2018_07_24_L001	75	1	1	0	1
HAMBI_0403_chrm01_circ_4834353	NP_Ct_r03_2018_07_24_L001	67	0	1	0	1
HAMBI_0403_chrm01_circ_4841785	NP_Ct_r03_2018_07_24_L001	93	0	1	0	1
HAMBI_0403_chrm01_circ_4842908	NP_Ct_r03_2018_07_24_L001	4	87	1	0	1
HAMBI_0403_chrm01_circ_4937428	NP_Ct_r03_2018_07_24_L001	59	19	1	0	1
HAMBI_0403_chrm01_circ_4942669	NP_Ct_r03_2018_07_24_L001	64	0	1	0	1
HAMBI_0403_chrm01_circ_5049906	NP_Ct_r03_2018_07_24_L001	78	0	1	0	1
HAMBI_0403_chrm01_circ_5134215	NP_Ct_r03_2018_07_24_L001	0	66	1	0	1
HAMBI_0403_chrm01_circ_5191704	NP_Ct_r03_2018_07_24_L001	3	72	1	0	1
HAMBI_0403_chrm01_circ_5321557	NP_Ct_r03_2018_07_24_L001	67	3	1	0	1
HAMBI_0403_chrm01_circ_538720	NP_Ct_r03_2018_07_24_L001	80	0	1	0	1
HAMBI_0403_chrm01_circ_538801	NP_Ct_r03_2018_07_24_L001	74	0	1	0	1
HAMBI_0403_chrm01_circ_5508159	NP_Ct_r03_2018_07_24_L001	68	20	1	0	1
HAMBI_0403_chrm01_circ_5517902	NP_Ct_r03_2018_07_24_L001	78	11	1	0	1
HAMBI_0403_chrm01_circ_5628562	NP_Ct_r03_2018_07_24_L001	73	1	1	0	1
HAMBI_0403_chrm01_circ_5635035	NP_Ct_r03_2018_07_24_L001	6	88	1	0	1
HAMBI_0403_chrm01_circ_565418	NP_Ct_r03_2018_07_24_L001	81	0	1	0	1
HAMBI_0403_chrm01_circ_5681260	NP_Ct_r03_2018_07_24_L001	57	15	1	0	1
HAMBI_0403_chrm01_circ_5740020	NP_Ct_r03_2018_07_24_L001	83	0	1	0	1
HAMBI_0403_chrm01_circ_583929	NP_Ct_r03_2018_07_24_L001	17	45	1	0	1
HAMBI_0403_chrm01_circ_665062	NP_Ct_r03_2018_07_24_L001	0	63	1	0	1
HAMBI_0403_chrm01_circ_665133	NP_Ct_r03_2018_07_24_L001	0	78	1	0	1
HAMBI_0403_chrm01_circ_675744	NP_Ct_r03_2018_07_24_L001	67	0	1	0	1
HAMBI_0403_chrm01_circ_699008	NP_Ct_r03_2018_07_24_L001	4	83	1	0	1
HAMBI_0403_chrm01_circ_837160	NP_Ct_r03_2018_07_24_L001	51	10	1	0	1
HAMBI_0403_chrm01_circ_928479	NP_Ct_r03_2018_07_24_L001	4	79	1	0	1
HAMBI_0403_chrm01_circ_936004	NP_Ct_r03_2018_07_24_L001	86	0	1	0	1
HAMBI_0403_chrm01_circ_957842	NP_Ct_r03_2018_07_24_L001	1	50	1	0	1
HAMBI_0403_chrm01_circ_958622	NP_Ct_r03_2018_07_24_L001	95	0	1	0	1
HAMBI_0403_chrm01_circ_958829	NP_Ct_r03_2018_07_24_L001	71	0	1	0	1
HAMBI_0403_chrm01_circ_96646	NP_Ct_r03_2018_07_24_L001	2	89	1	0	1
HAMBI_0403_chrm01_circ_1023542	NP_Ct_r03_2018_08_21_L002	135	0	1	0	1
HAMBI_0403_chrm01_circ_106917	NP_Ct_r03_2018_08_21_L002	66	9	1	0	1
HAMBI_0403_chrm01_circ_1146371	NP_Ct_r03_2018_08_21_L002	64	56	1	0	1
HAMBI_0403_chrm01_circ_1208008	NP_Ct_r03_2018_08_21_L002	0	106	1	0	1
HAMBI_0403_chrm01_circ_1216854	NP_Ct_r03_2018_08_21_L002	120	1	1	0	1
HAMBI_0403_chrm01_circ_1225555	NP_Ct_r03_2018_08_21_L002	2	85	1	0	1
HAMBI_0403_chrm01_circ_1295376	NP_Ct_r03_2018_08_21_L002	0	112	1	0	1
HAMBI_0403_chrm01_circ_1363572	NP_Ct_r03_2018_08_21_L002	42	54	1	0	1
HAMBI_0403_chrm01_circ_1434994	NP_Ct_r03_2018_08_21_L002	111	0	1	0	1
HAMBI_0403_chrm01_circ_1502147	NP_Ct_r03_2018_08_21_L002	114	0	1	0	1
HAMBI_0403_chrm01_circ_1513453	NP_Ct_r03_2018_08_21_L002	87	10	1	0	1
HAMBI_0403_chrm01_circ_1539742	NP_Ct_r03_2018_08_21_L002	116	3	1	0	1
HAMBI_0403_chrm01_circ_1540060	NP_Ct_r03_2018_08_21_L002	138	3	1	0	1
HAMBI_0403_chrm01_circ_1573192	NP_Ct_r03_2018_08_21_L002	107	19	1	0	1
HAMBI_0403_chrm01_circ_1596384	NP_Ct_r03_2018_08_21_L002	79	4	1	0	1
HAMBI_0403_chrm01_circ_1615909	NP_Ct_r03_2018_08_21_L002	98	0	1	0	1
HAMBI_0403_chrm01_circ_1669705	NP_Ct_r03_2018_08_21_L002	0	140	1	0	1
HAMBI_0403_chrm01_circ_1759801	NP_Ct_r03_2018_08_21_L002	102	8	1	0	1
HAMBI_0403_chrm01_circ_1759826	NP_Ct_r03_2018_08_21_L002	103	9	1	0	1
HAMBI_0403_chrm01_circ_1759846	NP_Ct_r03_2018_08_21_L002	103	15	1	0	1
HAMBI_0403_chrm01_circ_1838154	NP_Ct_r03_2018_08_21_L002	0	89	1	0	1
HAMBI_0403_chrm01_circ_1874515	NP_Ct_r03_2018_08_21_L002	0	90	1	0	1
HAMBI_0403_chrm01_circ_1879332	NP_Ct_r03_2018_08_21_L002	41	74	1	0	1
HAMBI_0403_chrm01_circ_1884561	NP_Ct_r03_2018_08_21_L002	95	3	1	0	1
HAMBI_0403_chrm01_circ_2015620	NP_Ct_r03_2018_08_21_L002	92	1	1	0	1
HAMBI_0403_chrm01_circ_2055137	NP_Ct_r03_2018_08_21_L002	145	5	1	0	1
HAMBI_0403_chrm01_circ_2058748	NP_Ct_r03_2018_08_21_L002	91	1	1	0	1
HAMBI_0403_chrm01_circ_2060528	NP_Ct_r03_2018_08_21_L002	0	107	1	0	1
HAMBI_0403_chrm01_circ_208763	NP_Ct_r03_2018_08_21_L002	0	108	1	0	1
HAMBI_0403_chrm01_circ_2090310	NP_Ct_r03_2018_08_21_L002	115	0	1	0	1
HAMBI_0403_chrm01_circ_2098396	NP_Ct_r03_2018_08_21_L002	0	109	1	0	1
HAMBI_0403_chrm01_circ_2171083	NP_Ct_r03_2018_08_21_L002	96	0	1	0	1
HAMBI_0403_chrm01_circ_2182745	NP_Ct_r03_2018_08_21_L002	114	5	1	0	1
HAMBI_0403_chrm01_circ_2183882	NP_Ct_r03_2018_08_21_L002	83	1	1	0	1
HAMBI_0403_chrm01_circ_2295095	NP_Ct_r03_2018_08_21_L002	49	54	1	0	1
HAMBI_0403_chrm01_circ_235764	NP_Ct_r03_2018_08_21_L002	29	88	1	0	1
HAMBI_0403_chrm01_circ_2399361	NP_Ct_r03_2018_08_21_L002	0	100	1	0	1
HAMBI_0403_chrm01_circ_2451784	NP_Ct_r03_2018_08_21_L002	126	3	1	0	1
HAMBI_0403_chrm01_circ_2489220	NP_Ct_r03_2018_08_21_L002	108	0	1	0	1
HAMBI_0403_chrm01_circ_2511570	NP_Ct_r03_2018_08_21_L002	50	56	1	0	1
HAMBI_0403_chrm01_circ_2518477	NP_Ct_r03_2018_08_21_L002	50	50	1	0	1
HAMBI_0403_chrm01_circ_25616	NP_Ct_r03_2018_08_21_L002	0	105	1	0	1
HAMBI_0403_chrm01_circ_2595158	NP_Ct_r03_2018_08_21_L002	94	0	1	0	1
HAMBI_0403_chrm01_circ_2623969	NP_Ct_r03_2018_08_21_L002	16	1	1	0	1
HAMBI_0403_chrm01_circ_2633075	NP_Ct_r03_2018_08_21_L002	119	2	1	0	1
HAMBI_0403_chrm01_circ_2692966	NP_Ct_r03_2018_08_21_L002	74	5	1	0	1
HAMBI_0403_chrm01_circ_2693666	NP_Ct_r03_2018_08_21_L002	1	95	1	0	1
HAMBI_0403_chrm01_circ_27022	NP_Ct_r03_2018_08_21_L002	82	0	1	0	1
HAMBI_0403_chrm01_circ_270829	NP_Ct_r03_2018_08_21_L002	0	104	1	0	1
HAMBI_0403_chrm01_circ_2788284	NP_Ct_r03_2018_08_21_L002	1	79	1	0	1
HAMBI_0403_chrm01_circ_2824864	NP_Ct_r03_2018_08_21_L002	0	88	1	0	1
HAMBI_0403_chrm01_circ_2868271	NP_Ct_r03_2018_08_21_L002	65	0	1	0	1
HAMBI_0403_chrm01_circ_2944548	NP_Ct_r03_2018_08_21_L002	59	10	1	0	1
HAMBI_0403_chrm01_circ_2958128	NP_Ct_r03_2018_08_21_L002	1	85	1	0	1
HAMBI_0403_chrm01_circ_3021874	NP_Ct_r03_2018_08_21_L002	87	0	1	0	1
HAMBI_0403_chrm01_circ_3035671	NP_Ct_r03_2018_08_21_L002	87	6	1	0	1
HAMBI_0403_chrm01_circ_3100821	NP_Ct_r03_2018_08_21_L002	3	120	1	0	1
HAMBI_0403_chrm01_circ_3185483	NP_Ct_r03_2018_08_21_L002	118	0	1	0	1
HAMBI_0403_chrm01_circ_3320753	NP_Ct_r03_2018_08_21_L002	38	48	1	0	1
HAMBI_0403_chrm01_circ_3324607	NP_Ct_r03_2018_08_21_L002	80	12	1	0	1
HAMBI_0403_chrm01_circ_3325786	NP_Ct_r03_2018_08_21_L002	75	10	1	0	1
HAMBI_0403_chrm01_circ_3425316	NP_Ct_r03_2018_08_21_L002	49	46	1	0	1
HAMBI_0403_chrm01_circ_3547421	NP_Ct_r03_2018_08_21_L002	88	1	1	0	1
HAMBI_0403_chrm01_circ_3605936	NP_Ct_r03_2018_08_21_L002	101	0	1	0	1
HAMBI_0403_chrm01_circ_3647360	NP_Ct_r03_2018_08_21_L002	99	0	1	0	1
HAMBI_0403_chrm01_circ_3713288	NP_Ct_r03_2018_08_21_L002	0	104	1	0	1
HAMBI_0403_chrm01_circ_3738840	NP_Ct_r03_2018_08_21_L002	1	82	1	0	1
HAMBI_0403_chrm01_circ_3763855	NP_Ct_r03_2018_08_21_L002	86	1	1	0	1
HAMBI_0403_chrm01_circ_3767311	NP_Ct_r03_2018_08_21_L002	0	96	1	0	1
HAMBI_0403_chrm01_circ_3844951	NP_Ct_r03_2018_08_21_L002	91	0	1	0	1
HAMBI_0403_chrm01_circ_3846801	NP_Ct_r03_2018_08_21_L002	95	2	1	0	1
HAMBI_0403_chrm01_circ_3873026	NP_Ct_r03_2018_08_21_L002	115	5	1	0	1
HAMBI_0403_chrm01_circ_3887450	NP_Ct_r03_2018_08_21_L002	76	12	1	0	1
HAMBI_0403_chrm01_circ_3897204	NP_Ct_r03_2018_08_21_L002	33	40	1	0	1
HAMBI_0403_chrm01_circ_3951089	NP_Ct_r03_2018_08_21_L002	125	7	1	0	1
HAMBI_0403_chrm01_circ_4044088	NP_Ct_r03_2018_08_21_L002	0	88	1	0	1
HAMBI_0403_chrm01_circ_4050144	NP_Ct_r03_2018_08_21_L002	34	50	1	0	1
HAMBI_0403_chrm01_circ_4096236	NP_Ct_r03_2018_08_21_L002	1	98	1	0	1
HAMBI_0403_chrm01_circ_4174302	NP_Ct_r03_2018_08_21_L002	109	0	1	0	1
HAMBI_0403_chrm01_circ_4230635	NP_Ct_r03_2018_08_21_L002	49	0	1	0	1
HAMBI_0403_chrm01_circ_4243310	NP_Ct_r03_2018_08_21_L002	0	102	1	0	1
HAMBI_0403_chrm01_circ_4287176	NP_Ct_r03_2018_08_21_L002	0	51	1	0	1
HAMBI_0403_chrm01_circ_431094	NP_Ct_r03_2018_08_21_L002	0	104	1	0	1
HAMBI_0403_chrm01_circ_4311737	NP_Ct_r03_2018_08_21_L002	84	1	1	0	1
HAMBI_0403_chrm01_circ_431222	NP_Ct_r03_2018_08_21_L002	84	0	1	0	1
HAMBI_0403_chrm01_circ_4420190	NP_Ct_r03_2018_08_21_L002	83	0	1	0	1
HAMBI_0403_chrm01_circ_4445774	NP_Ct_r03_2018_08_21_L002	104	0	1	0	1
HAMBI_0403_chrm01_circ_4466530	NP_Ct_r03_2018_08_21_L002	129	0	1	0	1
HAMBI_0403_chrm01_circ_4466988	NP_Ct_r03_2018_08_21_L002	108	3	1	0	1
HAMBI_0403_chrm01_circ_4671531	NP_Ct_r03_2018_08_21_L002	85	17	1	0	1
HAMBI_0403_chrm01_circ_4703998	NP_Ct_r03_2018_08_21_L002	89	0	1	0	1
HAMBI_0403_chrm01_circ_4706872	NP_Ct_r03_2018_08_21_L002	0	85	1	0	1
HAMBI_0403_chrm01_circ_4743873	NP_Ct_r03_2018_08_21_L002	0	94	1	0	1
HAMBI_0403_chrm01_circ_4758856	NP_Ct_r03_2018_08_21_L002	90	5	1	0	1
HAMBI_0403_chrm01_circ_4795914	NP_Ct_r03_2018_08_21_L002	106	13	1	0	1
HAMBI_0403_chrm01_circ_4834353	NP_Ct_r03_2018_08_21_L002	101	1	1	0	1
HAMBI_0403_chrm01_circ_4841785	NP_Ct_r03_2018_08_21_L002	97	3	1	0	1
HAMBI_0403_chrm01_circ_4842908	NP_Ct_r03_2018_08_21_L002	0	103	1	0	1
HAMBI_0403_chrm01_circ_4937428	NP_Ct_r03_2018_08_21_L002	52	74	1	0	1
HAMBI_0403_chrm01_circ_4942669	NP_Ct_r03_2018_08_21_L002	72	0	1	0	1
HAMBI_0403_chrm01_circ_5049906	NP_Ct_r03_2018_08_21_L002	80	1	1	0	1
HAMBI_0403_chrm01_circ_5134215	NP_Ct_r03_2018_08_21_L002	1	83	1	0	1
HAMBI_0403_chrm01_circ_5191704	NP_Ct_r03_2018_08_21_L002	2	102	1	0	1
HAMBI_0403_chrm01_circ_5321557	NP_Ct_r03_2018_08_21_L002	86	5	1	0	1
HAMBI_0403_chrm01_circ_538720	NP_Ct_r03_2018_08_21_L002	101	4	1	0	1
HAMBI_0403_chrm01_circ_538801	NP_Ct_r03_2018_08_21_L002	90	2	1	0	1
HAMBI_0403_chrm01_circ_5508159	NP_Ct_r03_2018_08_21_L002	43	51	1	0	1
HAMBI_0403_chrm01_circ_5517902	NP_Ct_r03_2018_08_21_L002	35	49	1	0	1
HAMBI_0403_chrm01_circ_5628562	NP_Ct_r03_2018_08_21_L002	79	0	1	0	1
HAMBI_0403_chrm01_circ_5635035	NP_Ct_r03_2018_08_21_L002	0	93	1	0	1
HAMBI_0403_chrm01_circ_565418	NP_Ct_r03_2018_08_21_L002	94	0	1	0	1
HAMBI_0403_chrm01_circ_5681260	NP_Ct_r03_2018_08_21_L002	79	9	1	0	1
HAMBI_0403_chrm01_circ_5740020	NP_Ct_r03_2018_08_21_L002	103	1	1	0	1
HAMBI_0403_chrm01_circ_583929	NP_Ct_r03_2018_08_21_L002	45	38	1	0	1
HAMBI_0403_chrm01_circ_665062	NP_Ct_r03_2018_08_21_L002	1	82	1	0	1
HAMBI_0403_chrm01_circ_665133	NP_Ct_r03_2018_08_21_L002	1	98	1	0	1
HAMBI_0403_chrm01_circ_675744	NP_Ct_r03_2018_08_21_L002	85	0	1	0	1
HAMBI_0403_chrm01_circ_699008	NP_Ct_r03_2018_08_21_L002	0	121	1	0	1
HAMBI_0403_chrm01_circ_837160	NP_Ct_r03_2018_08_21_L002	104	6	1	0	1
HAMBI_0403_chrm01_circ_928479	NP_Ct_r03_2018_08_21_L002	0	102	1	0	1
HAMBI_0403_chrm01_circ_936004	NP_Ct_r03_2018_08_21_L002	77	1	1	0	1
HAMBI_0403_chrm01_circ_957842	NP_Ct_r03_2018_08_21_L002	0	120	1	0	1
HAMBI_0403_chrm01_circ_958622	NP_Ct_r03_2018_08_21_L002	133	0	1	0	1
HAMBI_0403_chrm01_circ_958829	NP_Ct_r03_2018_08_21_L002	98	0	1	0	1
HAMBI_0403_chrm01_circ_96646	NP_Ct_r03_2018_08_21_L002	1	108	1	0	1
HAMBI_0403_chrm01_circ_1023542	NP_Ct_r03_2018_09_18_L001	72	2	1	0	1
HAMBI_0403_chrm01_circ_106917	NP_Ct_r03_2018_09_18_L001	61	5	1	0	1
HAMBI_0403_chrm01_circ_1146371	NP_Ct_r03_2018_09_18_L001	19	59	1	0	1
HAMBI_0403_chrm01_circ_1208008	NP_Ct_r03_2018_09_18_L001	0	80	1	0	1
HAMBI_0403_chrm01_circ_1216854	NP_Ct_r03_2018_09_18_L001	66	11	1	0	1
HAMBI_0403_chrm01_circ_1225555	NP_Ct_r03_2018_09_18_L001	0	67	1	0	1
HAMBI_0403_chrm01_circ_1295376	NP_Ct_r03_2018_09_18_L001	0	75	1	0	1
HAMBI_0403_chrm01_circ_1363572	NP_Ct_r03_2018_09_18_L001	26	52	1	0	1
HAMBI_0403_chrm01_circ_1434994	NP_Ct_r03_2018_09_18_L001	84	1	1	0	1
HAMBI_0403_chrm01_circ_1502147	NP_Ct_r03_2018_09_18_L001	72	7	1	0	1
HAMBI_0403_chrm01_circ_1513453	NP_Ct_r03_2018_09_18_L001	66	0	1	0	1
HAMBI_0403_chrm01_circ_1539742	NP_Ct_r03_2018_09_18_L001	56	6	1	0	1
HAMBI_0403_chrm01_circ_1540060	NP_Ct_r03_2018_09_18_L001	63	4	1	0	1
HAMBI_0403_chrm01_circ_1573192	NP_Ct_r03_2018_09_18_L001	55	5	1	0	1
HAMBI_0403_chrm01_circ_1596384	NP_Ct_r03_2018_09_18_L001	49	12	1	0	1
HAMBI_0403_chrm01_circ_1615909	NP_Ct_r03_2018_09_18_L001	49	6	1	0	1
HAMBI_0403_chrm01_circ_1669705	NP_Ct_r03_2018_09_18_L001	0	86	1	0	1
HAMBI_0403_chrm01_circ_1759801	NP_Ct_r03_2018_09_18_L001	81	13	1	0	1
HAMBI_0403_chrm01_circ_1759826	NP_Ct_r03_2018_09_18_L001	79	21	1	0	1
HAMBI_0403_chrm01_circ_1759846	NP_Ct_r03_2018_09_18_L001	69	24	1	0	1
HAMBI_0403_chrm01_circ_1838154	NP_Ct_r03_2018_09_18_L001	0	74	1	0	1
HAMBI_0403_chrm01_circ_1874515	NP_Ct_r03_2018_09_18_L001	0	41	1	0	1
HAMBI_0403_chrm01_circ_1879332	NP_Ct_r03_2018_09_18_L001	18	59	1	0	1
HAMBI_0403_chrm01_circ_1884561	NP_Ct_r03_2018_09_18_L001	64	10	1	0	1
HAMBI_0403_chrm01_circ_2015620	NP_Ct_r03_2018_09_18_L001	52	3	1	0	1
HAMBI_0403_chrm01_circ_2055137	NP_Ct_r03_2018_09_18_L001	66	9	1	0	1
HAMBI_0403_chrm01_circ_2058748	NP_Ct_r03_2018_09_18_L001	57	4	1	0	1
HAMBI_0403_chrm01_circ_2060528	NP_Ct_r03_2018_09_18_L001	0	61	1	0	1
HAMBI_0403_chrm01_circ_208763	NP_Ct_r03_2018_09_18_L001	0	60	1	0	1
HAMBI_0403_chrm01_circ_2090310	NP_Ct_r03_2018_09_18_L001	58	1	1	0	1
HAMBI_0403_chrm01_circ_2098396	NP_Ct_r03_2018_09_18_L001	0	71	1	0	1
HAMBI_0403_chrm01_circ_2171083	NP_Ct_r03_2018_09_18_L001	48	2	1	0	1
HAMBI_0403_chrm01_circ_2182745	NP_Ct_r03_2018_09_18_L001	58	7	1	0	1
HAMBI_0403_chrm01_circ_2183882	NP_Ct_r03_2018_09_18_L001	49	4	1	0	1
HAMBI_0403_chrm01_circ_2295095	NP_Ct_r03_2018_09_18_L001	19	47	1	0	1
HAMBI_0403_chrm01_circ_235764	NP_Ct_r03_2018_09_18_L001	10	53	1	0	1
HAMBI_0403_chrm01_circ_2399361	NP_Ct_r03_2018_09_18_L001	0	62	1	0	1
HAMBI_0403_chrm01_circ_2451784	NP_Ct_r03_2018_09_18_L001	71	8	1	0	1
HAMBI_0403_chrm01_circ_2489220	NP_Ct_r03_2018_09_18_L001	68	10	1	0	1
HAMBI_0403_chrm01_circ_2511570	NP_Ct_r03_2018_09_18_L001	17	46	1	0	1
HAMBI_0403_chrm01_circ_2518477	NP_Ct_r03_2018_09_18_L001	13	39	1	0	1
HAMBI_0403_chrm01_circ_25616	NP_Ct_r03_2018_09_18_L001	0	71	1	0	1
HAMBI_0403_chrm01_circ_2595158	NP_Ct_r03_2018_09_18_L001	47	0	1	0	1
HAMBI_0403_chrm01_circ_2623969	NP_Ct_r03_2018_09_18_L001	7	0	1	0	1
HAMBI_0403_chrm01_circ_2633075	NP_Ct_r03_2018_09_18_L001	59	9	1	0	1
HAMBI_0403_chrm01_circ_2692966	NP_Ct_r03_2018_09_18_L001	48	8	1	0	1
HAMBI_0403_chrm01_circ_2693666	NP_Ct_r03_2018_09_18_L001	0	63	1	0	1
HAMBI_0403_chrm01_circ_27022	NP_Ct_r03_2018_09_18_L001	63	1	1	0	1
HAMBI_0403_chrm01_circ_270829	NP_Ct_r03_2018_09_18_L001	1	91	1	0	1
HAMBI_0403_chrm01_circ_2788284	NP_Ct_r03_2018_09_18_L001	0	52	1	0	1
HAMBI_0403_chrm01_circ_2824864	NP_Ct_r03_2018_09_18_L001	0	66	1	0	1
HAMBI_0403_chrm01_circ_2868271	NP_Ct_r03_2018_09_18_L001	50	1	1	0	1
HAMBI_0403_chrm01_circ_2944548	NP_Ct_r03_2018_09_18_L001	61	6	1	0	1
HAMBI_0403_chrm01_circ_2958128	NP_Ct_r03_2018_09_18_L001	4	78	1	0	1
HAMBI_0403_chrm01_circ_3021874	NP_Ct_r03_2018_09_18_L001	63	1	1	0	1
HAMBI_0403_chrm01_circ_3035671	NP_Ct_r03_2018_09_18_L001	47	7	1	0	1
HAMBI_0403_chrm01_circ_3100821	NP_Ct_r03_2018_09_18_L001	3	86	1	0	1
HAMBI_0403_chrm01_circ_3185483	NP_Ct_r03_2018_09_18_L001	55	0	1	0	1
HAMBI_0403_chrm01_circ_3320753	NP_Ct_r03_2018_09_18_L001	20	58	1	0	1
HAMBI_0403_chrm01_circ_3324607	NP_Ct_r03_2018_09_18_L001	59	6	1	0	1
HAMBI_0403_chrm01_circ_3325786	NP_Ct_r03_2018_09_18_L001	54	8	1	0	1
HAMBI_0403_chrm01_circ_3425316	NP_Ct_r03_2018_09_18_L001	9	46	1	0	1
HAMBI_0403_chrm01_circ_3547421	NP_Ct_r03_2018_09_18_L001	57	1	1	0	1
HAMBI_0403_chrm01_circ_3605936	NP_Ct_r03_2018_09_18_L001	83	0	1	0	1
HAMBI_0403_chrm01_circ_3647360	NP_Ct_r03_2018_09_18_L001	55	2	1	0	1
HAMBI_0403_chrm01_circ_3713288	NP_Ct_r03_2018_09_18_L001	2	71	1	0	1
HAMBI_0403_chrm01_circ_3738840	NP_Ct_r03_2018_09_18_L001	1	68	1	0	1
HAMBI_0403_chrm01_circ_3763855	NP_Ct_r03_2018_09_18_L001	60	2	1	0	1
HAMBI_0403_chrm01_circ_3767311	NP_Ct_r03_2018_09_18_L001	0	88	1	0	1
HAMBI_0403_chrm01_circ_3844951	NP_Ct_r03_2018_09_18_L001	75	1	1	0	1
HAMBI_0403_chrm01_circ_3846801	NP_Ct_r03_2018_09_18_L001	49	2	1	0	1
HAMBI_0403_chrm01_circ_3873026	NP_Ct_r03_2018_09_18_L001	52	7	1	0	1
HAMBI_0403_chrm01_circ_3887450	NP_Ct_r03_2018_09_18_L001	45	3	1	0	1
HAMBI_0403_chrm01_circ_3897204	NP_Ct_r03_2018_09_18_L001	15	49	1	0	1
HAMBI_0403_chrm01_circ_3951089	NP_Ct_r03_2018_09_18_L001	48	11	1	0	1
HAMBI_0403_chrm01_circ_4044088	NP_Ct_r03_2018_09_18_L001	0	67	1	0	1
HAMBI_0403_chrm01_circ_4050144	NP_Ct_r03_2018_09_18_L001	14	32	1	0	1
HAMBI_0403_chrm01_circ_4096236	NP_Ct_r03_2018_09_18_L001	1	48	1	0	1
HAMBI_0403_chrm01_circ_4174302	NP_Ct_r03_2018_09_18_L001	67	5	1	0	1
HAMBI_0403_chrm01_circ_4230635	NP_Ct_r03_2018_09_18_L001	33	4	1	0	1
HAMBI_0403_chrm01_circ_4243310	NP_Ct_r03_2018_09_18_L001	0	57	1	0	1
HAMBI_0403_chrm01_circ_4287176	NP_Ct_r03_2018_09_18_L001	0	31	1	0	1
HAMBI_0403_chrm01_circ_431094	NP_Ct_r03_2018_09_18_L001	0	72	1	0	1
HAMBI_0403_chrm01_circ_4311737	NP_Ct_r03_2018_09_18_L001	61	5	1	0	1
HAMBI_0403_chrm01_circ_431222	NP_Ct_r03_2018_09_18_L001	62	0	1	0	1
HAMBI_0403_chrm01_circ_4420190	NP_Ct_r03_2018_09_18_L001	64	3	1	0	1
HAMBI_0403_chrm01_circ_4445774	NP_Ct_r03_2018_09_18_L001	71	4	1	0	1
HAMBI_0403_chrm01_circ_4466530	NP_Ct_r03_2018_09_18_L001	72	7	1	0	1
HAMBI_0403_chrm01_circ_4466988	NP_Ct_r03_2018_09_18_L001	52	9	1	0	1
HAMBI_0403_chrm01_circ_4671531	NP_Ct_r03_2018_09_18_L001	68	10	1	0	1
HAMBI_0403_chrm01_circ_4703998	NP_Ct_r03_2018_09_18_L001	75	6	1	0	1
HAMBI_0403_chrm01_circ_4706872	NP_Ct_r03_2018_09_18_L001	1	76	1	0	1
HAMBI_0403_chrm01_circ_4743873	NP_Ct_r03_2018_09_18_L001	0	71	1	0	1
HAMBI_0403_chrm01_circ_4758856	NP_Ct_r03_2018_09_18_L001	86	0	1	0	1
HAMBI_0403_chrm01_circ_4795914	NP_Ct_r03_2018_09_18_L001	55	6	1	0	1
HAMBI_0403_chrm01_circ_4834353	NP_Ct_r03_2018_09_18_L001	52	4	1	0	1
HAMBI_0403_chrm01_circ_4841785	NP_Ct_r03_2018_09_18_L001	66	9	1	0	1
HAMBI_0403_chrm01_circ_4842908	NP_Ct_r03_2018_09_18_L001	0	79	1	0	1
HAMBI_0403_chrm01_circ_4937428	NP_Ct_r03_2018_09_18_L001	17	66	1	0	1
HAMBI_0403_chrm01_circ_4942669	NP_Ct_r03_2018_09_18_L001	66	2	1	0	1
HAMBI_0403_chrm01_circ_5049906	NP_Ct_r03_2018_09_18_L001	54	3	1	0	1
HAMBI_0403_chrm01_circ_5134215	NP_Ct_r03_2018_09_18_L001	0	48	1	0	1
HAMBI_0403_chrm01_circ_5191704	NP_Ct_r03_2018_09_18_L001	1	81	1	0	1
HAMBI_0403_chrm01_circ_5321557	NP_Ct_r03_2018_09_18_L001	45	11	1	0	1
HAMBI_0403_chrm01_circ_538720	NP_Ct_r03_2018_09_18_L001	70	3	1	0	1
HAMBI_0403_chrm01_circ_538801	NP_Ct_r03_2018_09_18_L001	59	5	1	0	1
HAMBI_0403_chrm01_circ_5508159	NP_Ct_r03_2018_09_18_L001	25	61	1	0	1
HAMBI_0403_chrm01_circ_5517902	NP_Ct_r03_2018_09_18_L001	21	49	1	0	1
HAMBI_0403_chrm01_circ_5628562	NP_Ct_r03_2018_09_18_L001	69	3	1	0	1
HAMBI_0403_chrm01_circ_5635035	NP_Ct_r03_2018_09_18_L001	0	54	1	0	1
HAMBI_0403_chrm01_circ_565418	NP_Ct_r03_2018_09_18_L001	66	2	1	0	1
HAMBI_0403_chrm01_circ_5681260	NP_Ct_r03_2018_09_18_L001	60	3	1	0	1
HAMBI_0403_chrm01_circ_5740020	NP_Ct_r03_2018_09_18_L001	77	3	1	0	1
HAMBI_0403_chrm01_circ_583929	NP_Ct_r03_2018_09_18_L001	53	22	1	0	1
HAMBI_0403_chrm01_circ_665062	NP_Ct_r03_2018_09_18_L001	1	63	1	0	1
HAMBI_0403_chrm01_circ_665133	NP_Ct_r03_2018_09_18_L001	1	85	1	0	1
HAMBI_0403_chrm01_circ_675744	NP_Ct_r03_2018_09_18_L001	48	5	1	0	1
HAMBI_0403_chrm01_circ_699008	NP_Ct_r03_2018_09_18_L001	0	67	1	0	1
HAMBI_0403_chrm01_circ_837160	NP_Ct_r03_2018_09_18_L001	72	0	1	0	1
HAMBI_0403_chrm01_circ_928479	NP_Ct_r03_2018_09_18_L001	0	90	1	0	1
HAMBI_0403_chrm01_circ_936004	NP_Ct_r03_2018_09_18_L001	44	3	1	0	1
HAMBI_0403_chrm01_circ_957842	NP_Ct_r03_2018_09_18_L001	0	74	1	0	1
HAMBI_0403_chrm01_circ_958622	NP_Ct_r03_2018_09_18_L001	83	0	1	0	1
HAMBI_0403_chrm01_circ_958829	NP_Ct_r03_2018_09_18_L001	67	0	1	0	1
HAMBI_0403_chrm01_circ_96646	NP_Ct_r03_2018_09_18_L001	0	55	1	0	1
HAMBI_0403_chrm01_circ_1023542	NP_Ct_r03_2018_10_16_L001	79	1	1	0	1
HAMBI_0403_chrm01_circ_106917	NP_Ct_r03_2018_10_16_L001	45	0	1	0	1
HAMBI_0403_chrm01_circ_1146371	NP_Ct_r03_2018_10_16_L001	15	71	1	0	1
HAMBI_0403_chrm01_circ_1208008	NP_Ct_r03_2018_10_16_L001	1	94	1	0	1
HAMBI_0403_chrm01_circ_1216854	NP_Ct_r03_2018_10_16_L001	62	17	1	0	1
HAMBI_0403_chrm01_circ_1225555	NP_Ct_r03_2018_10_16_L001	0	49	1	0	1
HAMBI_0403_chrm01_circ_1295376	NP_Ct_r03_2018_10_16_L001	0	78	1	0	1
HAMBI_0403_chrm01_circ_1363572	NP_Ct_r03_2018_10_16_L001	12	50	1	0	1
HAMBI_0403_chrm01_circ_1434994	NP_Ct_r03_2018_10_16_L001	70	3	1	0	1
HAMBI_0403_chrm01_circ_1502147	NP_Ct_r03_2018_10_16_L001	71	6	1	0	1
HAMBI_0403_chrm01_circ_1513453	NP_Ct_r03_2018_10_16_L001	65	3	1	0	1
HAMBI_0403_chrm01_circ_1539742	NP_Ct_r03_2018_10_16_L001	53	7	1	0	1
HAMBI_0403_chrm01_circ_1540060	NP_Ct_r03_2018_10_16_L001	77	6	1	0	1
HAMBI_0403_chrm01_circ_1573192	NP_Ct_r03_2018_10_16_L001	92	3	1	0	1
HAMBI_0403_chrm01_circ_1596384	NP_Ct_r03_2018_10_16_L001	34	12	1	0	1
HAMBI_0403_chrm01_circ_1615909	NP_Ct_r03_2018_10_16_L001	55	13	1	0	1
HAMBI_0403_chrm01_circ_1669705	NP_Ct_r03_2018_10_16_L001	0	56	1	0	1
HAMBI_0403_chrm01_circ_1759801	NP_Ct_r03_2018_10_16_L001	49	11	1	0	1
HAMBI_0403_chrm01_circ_1759826	NP_Ct_r03_2018_10_16_L001	52	16	1	0	1
HAMBI_0403_chrm01_circ_1759846	NP_Ct_r03_2018_10_16_L001	49	20	1	0	1
HAMBI_0403_chrm01_circ_1838154	NP_Ct_r03_2018_10_16_L001	0	64	1	0	1
HAMBI_0403_chrm01_circ_1874515	NP_Ct_r03_2018_10_16_L001	1	40	1	0	1
HAMBI_0403_chrm01_circ_1879332	NP_Ct_r03_2018_10_16_L001	15	51	1	0	1
HAMBI_0403_chrm01_circ_1884561	NP_Ct_r03_2018_10_16_L001	56	11	1	0	1
HAMBI_0403_chrm01_circ_2015620	NP_Ct_r03_2018_10_16_L001	46	2	1	0	1
HAMBI_0403_chrm01_circ_2055137	NP_Ct_r03_2018_10_16_L001	88	18	1	0	1
HAMBI_0403_chrm01_circ_2058748	NP_Ct_r03_2018_10_16_L001	62	7	1	0	1
HAMBI_0403_chrm01_circ_2060528	NP_Ct_r03_2018_10_16_L001	2	83	1	0	1
HAMBI_0403_chrm01_circ_208763	NP_Ct_r03_2018_10_16_L001	1	91	1	0	1
HAMBI_0403_chrm01_circ_2090310	NP_Ct_r03_2018_10_16_L001	67	3	1	0	1
HAMBI_0403_chrm01_circ_2098396	NP_Ct_r03_2018_10_16_L001	0	69	1	0	1
HAMBI_0403_chrm01_circ_2171083	NP_Ct_r03_2018_10_16_L001	99	12	1	0	1
HAMBI_0403_chrm01_circ_2182745	NP_Ct_r03_2018_10_16_L001	44	10	1	0	1
HAMBI_0403_chrm01_circ_2183882	NP_Ct_r03_2018_10_16_L001	37	2	1	0	1
HAMBI_0403_chrm01_circ_2295095	NP_Ct_r03_2018_10_16_L001	13	66	1	0	1
HAMBI_0403_chrm01_circ_235764	NP_Ct_r03_2018_10_16_L001	2	72	1	0	1
HAMBI_0403_chrm01_circ_2399361	NP_Ct_r03_2018_10_16_L001	0	62	1	0	1
HAMBI_0403_chrm01_circ_2451784	NP_Ct_r03_2018_10_16_L001	65	17	1	0	1
HAMBI_0403_chrm01_circ_2489220	NP_Ct_r03_2018_10_16_L001	39	11	1	0	1
HAMBI_0403_chrm01_circ_2511570	NP_Ct_r03_2018_10_16_L001	11	52	1	0	1
HAMBI_0403_chrm01_circ_2518477	NP_Ct_r03_2018_10_16_L001	7	57	1	0	1
HAMBI_0403_chrm01_circ_25616	NP_Ct_r03_2018_10_16_L001	0	57	1	0	1
HAMBI_0403_chrm01_circ_2595158	NP_Ct_r03_2018_10_16_L001	64	0	1	0	1
HAMBI_0403_chrm01_circ_2623969	NP_Ct_r03_2018_10_16_L001	7	0	1	0	1
HAMBI_0403_chrm01_circ_2633075	NP_Ct_r03_2018_10_16_L001	50	18	1	0	1
HAMBI_0403_chrm01_circ_2692966	NP_Ct_r03_2018_10_16_L001	35	13	1	0	1
HAMBI_0403_chrm01_circ_2693666	NP_Ct_r03_2018_10_16_L001	0	69	1	0	1
HAMBI_0403_chrm01_circ_27022	NP_Ct_r03_2018_10_16_L001	49	5	1	0	1
HAMBI_0403_chrm01_circ_270829	NP_Ct_r03_2018_10_16_L001	0	80	1	0	1
HAMBI_0403_chrm01_circ_2788284	NP_Ct_r03_2018_10_16_L001	1	41	1	0	1
HAMBI_0403_chrm01_circ_2824864	NP_Ct_r03_2018_10_16_L001	1	65	1	0	1
HAMBI_0403_chrm01_circ_2868271	NP_Ct_r03_2018_10_16_L001	39	3	1	0	1
HAMBI_0403_chrm01_circ_2944548	NP_Ct_r03_2018_10_16_L001	57	3	1	0	1
HAMBI_0403_chrm01_circ_2958128	NP_Ct_r03_2018_10_16_L001	1	51	1	0	1
HAMBI_0403_chrm01_circ_3021874	NP_Ct_r03_2018_10_16_L001	61	2	1	0	1
HAMBI_0403_chrm01_circ_3035671	NP_Ct_r03_2018_10_16_L001	32	20	1	0	1
HAMBI_0403_chrm01_circ_3100821	NP_Ct_r03_2018_10_16_L001	1	69	1	0	1
HAMBI_0403_chrm01_circ_3185483	NP_Ct_r03_2018_10_16_L001	50	8	1	0	1
HAMBI_0403_chrm01_circ_3320753	NP_Ct_r03_2018_10_16_L001	7	62	1	0	1
HAMBI_0403_chrm01_circ_3324607	NP_Ct_r03_2018_10_16_L001	42	6	1	0	1
HAMBI_0403_chrm01_circ_3325786	NP_Ct_r03_2018_10_16_L001	44	1	1	0	1
HAMBI_0403_chrm01_circ_3425316	NP_Ct_r03_2018_10_16_L001	3	44	1	0	1
HAMBI_0403_chrm01_circ_3547421	NP_Ct_r03_2018_10_16_L001	64	4	1	0	1
HAMBI_0403_chrm01_circ_3605936	NP_Ct_r03_2018_10_16_L001	70	0	1	0	1
HAMBI_0403_chrm01_circ_3647360	NP_Ct_r03_2018_10_16_L001	37	6	1	0	1
HAMBI_0403_chrm01_circ_3713288	NP_Ct_r03_2018_10_16_L001	0	64	1	0	1
HAMBI_0403_chrm01_circ_3738840	NP_Ct_r03_2018_10_16_L001	1	45	1	0	1
HAMBI_0403_chrm01_circ_3763855	NP_Ct_r03_2018_10_16_L001	37	4	1	0	1
HAMBI_0403_chrm01_circ_3767311	NP_Ct_r03_2018_10_16_L001	0	70	1	0	1
HAMBI_0403_chrm01_circ_3844951	NP_Ct_r03_2018_10_16_L001	55	13	1	0	1
HAMBI_0403_chrm01_circ_3846801	NP_Ct_r03_2018_10_16_L001	42	14	1	0	1
HAMBI_0403_chrm01_circ_3873026	NP_Ct_r03_2018_10_16_L001	60	13	1	0	1
HAMBI_0403_chrm01_circ_3887450	NP_Ct_r03_2018_10_16_L001	56	0	1	0	1
HAMBI_0403_chrm01_circ_3897204	NP_Ct_r03_2018_10_16_L001	5	35	1	0	1
HAMBI_0403_chrm01_circ_3951089	NP_Ct_r03_2018_10_16_L001	78	12	1	0	1
HAMBI_0403_chrm01_circ_4044088	NP_Ct_r03_2018_10_16_L001	0	66	1	0	1
HAMBI_0403_chrm01_circ_4050144	NP_Ct_r03_2018_10_16_L001	8	40	1	0	1
HAMBI_0403_chrm01_circ_4096236	NP_Ct_r03_2018_10_16_L001	0	60	1	0	1
HAMBI_0403_chrm01_circ_4174302	NP_Ct_r03_2018_10_16_L001	38	9	1	0	1
HAMBI_0403_chrm01_circ_4230635	NP_Ct_r03_2018_10_16_L001	38	10	1	0	1
HAMBI_0403_chrm01_circ_4243310	NP_Ct_r03_2018_10_16_L001	1	81	1	0	1
HAMBI_0403_chrm01_circ_4287176	NP_Ct_r03_2018_10_16_L001	0	39	1	0	1
HAMBI_0403_chrm01_circ_431094	NP_Ct_r03_2018_10_16_L001	0	59	1	0	1
HAMBI_0403_chrm01_circ_4311737	NP_Ct_r03_2018_10_16_L001	50	8	1	0	1
HAMBI_0403_chrm01_circ_431222	NP_Ct_r03_2018_10_16_L001	48	0	1	0	1
HAMBI_0403_chrm01_circ_4420190	NP_Ct_r03_2018_10_16_L001	28	3	1	0	1
HAMBI_0403_chrm01_circ_4445774	NP_Ct_r03_2018_10_16_L001	37	1	1	0	1
HAMBI_0403_chrm01_circ_4466530	NP_Ct_r03_2018_10_16_L001	71	2	1	0	1
HAMBI_0403_chrm01_circ_4466988	NP_Ct_r03_2018_10_16_L001	59	10	1	0	1
HAMBI_0403_chrm01_circ_4671531	NP_Ct_r03_2018_10_16_L001	53	4	1	0	1
HAMBI_0403_chrm01_circ_4703998	NP_Ct_r03_2018_10_16_L001	42	6	1	0	1
HAMBI_0403_chrm01_circ_4706872	NP_Ct_r03_2018_10_16_L001	1	49	1	0	1
HAMBI_0403_chrm01_circ_4743873	NP_Ct_r03_2018_10_16_L001	0	48	1	0	1
HAMBI_0403_chrm01_circ_4758856	NP_Ct_r03_2018_10_16_L001	56	1	1	0	1
HAMBI_0403_chrm01_circ_4795914	NP_Ct_r03_2018_10_16_L001	60	8	1	0	1
HAMBI_0403_chrm01_circ_4834353	NP_Ct_r03_2018_10_16_L001	70	18	1	0	1
HAMBI_0403_chrm01_circ_4841785	NP_Ct_r03_2018_10_16_L001	41	16	1	0	1
HAMBI_0403_chrm01_circ_4842908	NP_Ct_r03_2018_10_16_L001	0	47	1	0	1
HAMBI_0403_chrm01_circ_4937428	NP_Ct_r03_2018_10_16_L001	6	85	1	0	1
HAMBI_0403_chrm01_circ_4942669	NP_Ct_r03_2018_10_16_L001	46	1	1	0	1
HAMBI_0403_chrm01_circ_5049906	NP_Ct_r03_2018_10_16_L001	30	7	1	0	1
HAMBI_0403_chrm01_circ_5134215	NP_Ct_r03_2018_10_16_L001	0	64	1	0	1
HAMBI_0403_chrm01_circ_5191704	NP_Ct_r03_2018_10_16_L001	1	67	1	0	1
HAMBI_0403_chrm01_circ_5321557	NP_Ct_r03_2018_10_16_L001	27	20	1	0	1
HAMBI_0403_chrm01_circ_538720	NP_Ct_r03_2018_10_16_L001	40	4	1	0	1
HAMBI_0403_chrm01_circ_538801	NP_Ct_r03_2018_10_16_L001	27	13	1	0	1
HAMBI_0403_chrm01_circ_5508159	NP_Ct_r03_2018_10_16_L001	2	49	1	0	1
HAMBI_0403_chrm01_circ_5517902	NP_Ct_r03_2018_10_16_L001	8	53	1	0	1
HAMBI_0403_chrm01_circ_5628562	NP_Ct_r03_2018_10_16_L001	61	3	1	0	1
HAMBI_0403_chrm01_circ_5635035	NP_Ct_r03_2018_10_16_L001	1	51	1	0	1
HAMBI_0403_chrm01_circ_565418	NP_Ct_r03_2018_10_16_L001	34	8	1	0	1
HAMBI_0403_chrm01_circ_5681260	NP_Ct_r03_2018_10_16_L001	53	1	1	0	1
HAMBI_0403_chrm01_circ_5740020	NP_Ct_r03_2018_10_16_L001	61	10	1	0	1
HAMBI_0403_chrm01_circ_583929	NP_Ct_r03_2018_10_16_L001	50	12	1	0	1
HAMBI_0403_chrm01_circ_665062	NP_Ct_r03_2018_10_16_L001	0	65	1	0	1
HAMBI_0403_chrm01_circ_665133	NP_Ct_r03_2018_10_16_L001	0	62	1	0	1
HAMBI_0403_chrm01_circ_675744	NP_Ct_r03_2018_10_16_L001	45	8	1	0	1
HAMBI_0403_chrm01_circ_699008	NP_Ct_r03_2018_10_16_L001	0	80	1	0	1
HAMBI_0403_chrm01_circ_837160	NP_Ct_r03_2018_10_16_L001	53	2	1	0	1
HAMBI_0403_chrm01_circ_928479	NP_Ct_r03_2018_10_16_L001	0	63	1	0	1
HAMBI_0403_chrm01_circ_936004	NP_Ct_r03_2018_10_16_L001	49	3	1	0	1
HAMBI_0403_chrm01_circ_957842	NP_Ct_r03_2018_10_16_L001	0	76	1	0	1
HAMBI_0403_chrm01_circ_958622	NP_Ct_r03_2018_10_16_L001	83	0	1	0	1
HAMBI_0403_chrm01_circ_958829	NP_Ct_r03_2018_10_16_L001	68	0	1	0	1
HAMBI_0403_chrm01_circ_96646	NP_Ct_r03_2018_10_16_L001	0	89	1	0	1
HAMBI_0403_chrm01_circ_1023542	NP_Ct_r03_2018_11_13_L001	92	17	1	0	1
HAMBI_0403_chrm01_circ_106917	NP_Ct_r03_2018_11_13_L001	48	0	1	0	1
HAMBI_0403_chrm01_circ_1146371	NP_Ct_r03_2018_11_13_L001	5	80	1	0	1
HAMBI_0403_chrm01_circ_1208008	NP_Ct_r03_2018_11_13_L001	2	88	1	0	1
HAMBI_0403_chrm01_circ_1216854	NP_Ct_r03_2018_11_13_L001	73	20	1	0	1
HAMBI_0403_chrm01_circ_1225555	NP_Ct_r03_2018_11_13_L001	1	48	1	0	1
HAMBI_0403_chrm01_circ_1295376	NP_Ct_r03_2018_11_13_L001	1	69	1	0	1
HAMBI_0403_chrm01_circ_1363572	NP_Ct_r03_2018_11_13_L001	2	65	1	0	1
HAMBI_0403_chrm01_circ_1434994	NP_Ct_r03_2018_11_13_L001	99	5	1	0	1
HAMBI_0403_chrm01_circ_1502147	NP_Ct_r03_2018_11_13_L001	92	18	1	0	1
HAMBI_0403_chrm01_circ_1513453	NP_Ct_r03_2018_11_13_L001	52	0	1	0	1
HAMBI_0403_chrm01_circ_1539742	NP_Ct_r03_2018_11_13_L001	63	12	1	0	1
HAMBI_0403_chrm01_circ_1540060	NP_Ct_r03_2018_11_13_L001	87	8	1	0	1
HAMBI_0403_chrm01_circ_1573192	NP_Ct_r03_2018_11_13_L001	105	1	1	0	1
HAMBI_0403_chrm01_circ_1596384	NP_Ct_r03_2018_11_13_L001	34	9	1	0	1
HAMBI_0403_chrm01_circ_1615909	NP_Ct_r03_2018_11_13_L001	73	20	1	0	1
HAMBI_0403_chrm01_circ_1669705	NP_Ct_r03_2018_11_13_L001	1	88	1	0	1
HAMBI_0403_chrm01_circ_1759801	NP_Ct_r03_2018_11_13_L001	51	9	1	0	1
HAMBI_0403_chrm01_circ_1759826	NP_Ct_r03_2018_11_13_L001	61	12	1	0	1
HAMBI_0403_chrm01_circ_1759846	NP_Ct_r03_2018_11_13_L001	60	20	1	0	1
HAMBI_0403_chrm01_circ_1838154	NP_Ct_r03_2018_11_13_L001	0	53	1	0	1
HAMBI_0403_chrm01_circ_1874515	NP_Ct_r03_2018_11_13_L001	1	51	1	0	1
HAMBI_0403_chrm01_circ_1879332	NP_Ct_r03_2018_11_13_L001	5	88	1	0	1
HAMBI_0403_chrm01_circ_1884561	NP_Ct_r03_2018_11_13_L001	61	20	1	0	1
HAMBI_0403_chrm01_circ_2015620	NP_Ct_r03_2018_11_13_L001	47	9	1	0	1
HAMBI_0403_chrm01_circ_2055137	NP_Ct_r03_2018_11_13_L001	120	37	1	0	1
HAMBI_0403_chrm01_circ_2058748	NP_Ct_r03_2018_11_13_L001	55	11	1	0	1
HAMBI_0403_chrm01_circ_2060528	NP_Ct_r03_2018_11_13_L001	1	107	1	0	1
HAMBI_0403_chrm01_circ_208763	NP_Ct_r03_2018_11_13_L001	3	110	1	0	1
HAMBI_0403_chrm01_circ_2090310	NP_Ct_r03_2018_11_13_L001	60	12	1	0	1
HAMBI_0403_chrm01_circ_2098396	NP_Ct_r03_2018_11_13_L001	2	90	1	0	1
HAMBI_0403_chrm01_circ_2171083	NP_Ct_r03_2018_11_13_L001	107	19	1	0	1
HAMBI_0403_chrm01_circ_2182745	NP_Ct_r03_2018_11_13_L001	51	11	1	0	1
HAMBI_0403_chrm01_circ_2183882	NP_Ct_r03_2018_11_13_L001	41	8	1	0	1
HAMBI_0403_chrm01_circ_2295095	NP_Ct_r03_2018_11_13_L001	9	94	1	0	1
HAMBI_0403_chrm01_circ_235764	NP_Ct_r03_2018_11_13_L001	4	121	1	0	1
HAMBI_0403_chrm01_circ_2399361	NP_Ct_r03_2018_11_13_L001	0	66	1	0	1
HAMBI_0403_chrm01_circ_2451784	NP_Ct_r03_2018_11_13_L001	72	23	1	0	1
HAMBI_0403_chrm01_circ_2489220	NP_Ct_r03_2018_11_13_L001	43	9	1	0	1
HAMBI_0403_chrm01_circ_2511570	NP_Ct_r03_2018_11_13_L001	12	94	1	0	1
HAMBI_0403_chrm01_circ_2518477	NP_Ct_r03_2018_11_13_L001	3	53	1	0	1
HAMBI_0403_chrm01_circ_25616	NP_Ct_r03_2018_11_13_L001	1	94	1	0	1
HAMBI_0403_chrm01_circ_2595158	NP_Ct_r03_2018_11_13_L001	80	0	1	0	1
HAMBI_0403_chrm01_circ_2623969	NP_Ct_r03_2018_11_13_L001	3	0	1	0	1
HAMBI_0403_chrm01_circ_2633075	NP_Ct_r03_2018_11_13_L001	55	15	1	0	1
HAMBI_0403_chrm01_circ_2692966	NP_Ct_r03_2018_11_13_L001	38	10	1	0	1
HAMBI_0403_chrm01_circ_2693666	NP_Ct_r03_2018_11_13_L001	1	65	1	0	1
HAMBI_0403_chrm01_circ_27022	NP_Ct_r03_2018_11_13_L001	38	9	1	0	1
HAMBI_0403_chrm01_circ_270829	NP_Ct_r03_2018_11_13_L001	0	105	1	0	1
HAMBI_0403_chrm01_circ_2788284	NP_Ct_r03_2018_11_13_L001	0	54	1	0	1
HAMBI_0403_chrm01_circ_2824864	NP_Ct_r03_2018_11_13_L001	4	66	1	0	1
HAMBI_0403_chrm01_circ_2868271	NP_Ct_r03_2018_11_13_L001	35	3	1	0	1
HAMBI_0403_chrm01_circ_2944548	NP_Ct_r03_2018_11_13_L001	34	0	1	0	1
HAMBI_0403_chrm01_circ_2958128	NP_Ct_r03_2018_11_13_L001	6	70	1	0	1
HAMBI_0403_chrm01_circ_3021874	NP_Ct_r03_2018_11_13_L001	60	6	1	0	1
HAMBI_0403_chrm01_circ_3035671	NP_Ct_r03_2018_11_13_L001	31	22	1	0	1
HAMBI_0403_chrm01_circ_3100821	NP_Ct_r03_2018_11_13_L001	0	48	1	0	1
HAMBI_0403_chrm01_circ_3185483	NP_Ct_r03_2018_11_13_L001	64	7	1	0	1
HAMBI_0403_chrm01_circ_3320753	NP_Ct_r03_2018_11_13_L001	3	68	1	0	1
HAMBI_0403_chrm01_circ_3324607	NP_Ct_r03_2018_11_13_L001	38	3	1	0	1
HAMBI_0403_chrm01_circ_3325786	NP_Ct_r03_2018_11_13_L001	28	0	1	0	1
HAMBI_0403_chrm01_circ_3425316	NP_Ct_r03_2018_11_13_L001	2	43	1	0	1
HAMBI_0403_chrm01_circ_3547421	NP_Ct_r03_2018_11_13_L001	79	16	1	0	1
HAMBI_0403_chrm01_circ_3605936	NP_Ct_r03_2018_11_13_L001	84	0	1	0	1
HAMBI_0403_chrm01_circ_3647360	NP_Ct_r03_2018_11_13_L001	70	13	1	0	1
HAMBI_0403_chrm01_circ_3713288	NP_Ct_r03_2018_11_13_L001	4	71	1	0	1
HAMBI_0403_chrm01_circ_3738840	NP_Ct_r03_2018_11_13_L001	1	55	1	0	1
HAMBI_0403_chrm01_circ_3763855	NP_Ct_r03_2018_11_13_L001	28	9	1	0	1
HAMBI_0403_chrm01_circ_3767311	NP_Ct_r03_2018_11_13_L001	1	69	1	0	1
HAMBI_0403_chrm01_circ_3844951	NP_Ct_r03_2018_11_13_L001	61	7	1	0	1
HAMBI_0403_chrm01_circ_3846801	NP_Ct_r03_2018_11_13_L001	34	16	1	0	1
HAMBI_0403_chrm01_circ_3873026	NP_Ct_r03_2018_11_13_L001	75	18	1	0	1
HAMBI_0403_chrm01_circ_3887450	NP_Ct_r03_2018_11_13_L001	64	0	1	0	1
HAMBI_0403_chrm01_circ_3897204	NP_Ct_r03_2018_11_13_L001	2	46	1	0	1
HAMBI_0403_chrm01_circ_3951089	NP_Ct_r03_2018_11_13_L001	88	8	1	0	1
HAMBI_0403_chrm01_circ_4044088	NP_Ct_r03_2018_11_13_L001	1	61	1	0	1
HAMBI_0403_chrm01_circ_4050144	NP_Ct_r03_2018_11_13_L001	4	48	1	0	1
HAMBI_0403_chrm01_circ_4096236	NP_Ct_r03_2018_11_13_L001	1	84	1	0	1
HAMBI_0403_chrm01_circ_4174302	NP_Ct_r03_2018_11_13_L001	56	11	1	0	1
HAMBI_0403_chrm01_circ_4230635	NP_Ct_r03_2018_11_13_L001	26	9	1	0	1
HAMBI_0403_chrm01_circ_4243310	NP_Ct_r03_2018_11_13_L001	1	107	1	0	1
HAMBI_0403_chrm01_circ_4287176	NP_Ct_r03_2018_11_13_L001	1	27	1	0	1
HAMBI_0403_chrm01_circ_431094	NP_Ct_r03_2018_11_13_L001	0	84	1	0	1
HAMBI_0403_chrm01_circ_4311737	NP_Ct_r03_2018_11_13_L001	49	11	1	0	1
HAMBI_0403_chrm01_circ_431222	NP_Ct_r03_2018_11_13_L001	58	0	1	0	1
HAMBI_0403_chrm01_circ_4420190	NP_Ct_r03_2018_11_13_L001	45	7	1	0	1
HAMBI_0403_chrm01_circ_4445774	NP_Ct_r03_2018_11_13_L001	41	6	1	0	1
HAMBI_0403_chrm01_circ_4466530	NP_Ct_r03_2018_11_13_L001	99	14	1	0	1
HAMBI_0403_chrm01_circ_4466988	NP_Ct_r03_2018_11_13_L001	90	17	1	0	1
HAMBI_0403_chrm01_circ_4671531	NP_Ct_r03_2018_11_13_L001	66	0	1	0	1
HAMBI_0403_chrm01_circ_4703998	NP_Ct_r03_2018_11_13_L001	46	6	1	0	1
HAMBI_0403_chrm01_circ_4706872	NP_Ct_r03_2018_11_13_L001	1	54	1	0	1
HAMBI_0403_chrm01_circ_4743873	NP_Ct_r03_2018_11_13_L001	0	52	1	0	1
HAMBI_0403_chrm01_circ_4758856	NP_Ct_r03_2018_11_13_L001	49	0	1	0	1
HAMBI_0403_chrm01_circ_4795914	NP_Ct_r03_2018_11_13_L001	77	13	1	0	1
HAMBI_0403_chrm01_circ_4834353	NP_Ct_r03_2018_11_13_L001	111	23	1	0	1
HAMBI_0403_chrm01_circ_4841785	NP_Ct_r03_2018_11_13_L001	35	10	1	0	1
HAMBI_0403_chrm01_circ_4842908	NP_Ct_r03_2018_11_13_L001	0	62	1	0	1
HAMBI_0403_chrm01_circ_4937428	NP_Ct_r03_2018_11_13_L001	7	128	1	0	1
HAMBI_0403_chrm01_circ_4942669	NP_Ct_r03_2018_11_13_L001	44	4	1	0	1
HAMBI_0403_chrm01_circ_5049906	NP_Ct_r03_2018_11_13_L001	44	10	1	0	1
HAMBI_0403_chrm01_circ_5134215	NP_Ct_r03_2018_11_13_L001	2	73	1	0	1
HAMBI_0403_chrm01_circ_5191704	NP_Ct_r03_2018_11_13_L001	2	80	1	0	1
HAMBI_0403_chrm01_circ_5321557	NP_Ct_r03_2018_11_13_L001	28	21	1	0	1
HAMBI_0403_chrm01_circ_538720	NP_Ct_r03_2018_11_13_L001	29	15	1	0	1
HAMBI_0403_chrm01_circ_538801	NP_Ct_r03_2018_11_13_L001	32	17	1	0	1
HAMBI_0403_chrm01_circ_5508159	NP_Ct_r03_2018_11_13_L001	4	77	1	0	1
HAMBI_0403_chrm01_circ_5517902	NP_Ct_r03_2018_11_13_L001	3	57	1	0	1
HAMBI_0403_chrm01_circ_5628562	NP_Ct_r03_2018_11_13_L001	36	10	1	0	1
HAMBI_0403_chrm01_circ_5635035	NP_Ct_r03_2018_11_13_L001	2	78	1	0	1
HAMBI_0403_chrm01_circ_565418	NP_Ct_r03_2018_11_13_L001	34	9	1	0	1
HAMBI_0403_chrm01_circ_5681260	NP_Ct_r03_2018_11_13_L001	69	0	1	0	1
HAMBI_0403_chrm01_circ_5740020	NP_Ct_r03_2018_11_13_L001	68	21	1	0	1
HAMBI_0403_chrm01_circ_583929	NP_Ct_r03_2018_11_13_L001	63	2	1	0	1
HAMBI_0403_chrm01_circ_665062	NP_Ct_r03_2018_11_13_L001	1	66	1	0	1
HAMBI_0403_chrm01_circ_665133	NP_Ct_r03_2018_11_13_L001	1	82	1	0	1
HAMBI_0403_chrm01_circ_675744	NP_Ct_r03_2018_11_13_L001	53	20	1	0	1
HAMBI_0403_chrm01_circ_699008	NP_Ct_r03_2018_11_13_L001	1	107	1	0	1
HAMBI_0403_chrm01_circ_837160	NP_Ct_r03_2018_11_13_L001	74	2	1	0	1
HAMBI_0403_chrm01_circ_928479	NP_Ct_r03_2018_11_13_L001	0	66	1	0	1
HAMBI_0403_chrm01_circ_936004	NP_Ct_r03_2018_11_13_L001	42	6	1	0	1
HAMBI_0403_chrm01_circ_957842	NP_Ct_r03_2018_11_13_L001	2	116	1	0	1
HAMBI_0403_chrm01_circ_958622	NP_Ct_r03_2018_11_13_L001	88	0	1	0	1
HAMBI_0403_chrm01_circ_958829	NP_Ct_r03_2018_11_13_L001	76	0	1	0	1
HAMBI_0403_chrm01_circ_96646	NP_Ct_r03_2018_11_13_L001	1	92	1	0	1
HAMBI_0403_chrm01_circ_1023542	NP_Ct_r03_2018_12_11_L001	71	9	1	0	1
HAMBI_0403_chrm01_circ_106917	NP_Ct_r03_2018_12_11_L001	58	0	1	0	1
HAMBI_0403_chrm01_circ_1146371	NP_Ct_r03_2018_12_11_L001	0	87	1	0	1
HAMBI_0403_chrm01_circ_1208008	NP_Ct_r03_2018_12_11_L001	0	75	1	0	1
HAMBI_0403_chrm01_circ_1216854	NP_Ct_r03_2018_12_11_L001	63	17	1	0	1
HAMBI_0403_chrm01_circ_1225555	NP_Ct_r03_2018_12_11_L001	0	48	1	0	1
HAMBI_0403_chrm01_circ_1295376	NP_Ct_r03_2018_12_11_L001	0	67	1	0	1
HAMBI_0403_chrm01_circ_1363572	NP_Ct_r03_2018_12_11_L001	4	52	1	0	1
HAMBI_0403_chrm01_circ_1434994	NP_Ct_r03_2018_12_11_L001	62	5	1	0	1
HAMBI_0403_chrm01_circ_1502147	NP_Ct_r03_2018_12_11_L001	62	13	1	0	1
HAMBI_0403_chrm01_circ_1513453	NP_Ct_r03_2018_12_11_L001	74	0	1	0	1
HAMBI_0403_chrm01_circ_1539742	NP_Ct_r03_2018_12_11_L001	47	7	1	0	1
HAMBI_0403_chrm01_circ_1540060	NP_Ct_r03_2018_12_11_L001	51	12	1	0	1
HAMBI_0403_chrm01_circ_1573192	NP_Ct_r03_2018_12_11_L001	69	0	1	0	1
HAMBI_0403_chrm01_circ_1596384	NP_Ct_r03_2018_12_11_L001	33	8	1	0	1
HAMBI_0403_chrm01_circ_1615909	NP_Ct_r03_2018_12_11_L001	56	13	1	0	1
HAMBI_0403_chrm01_circ_1669705	NP_Ct_r03_2018_12_11_L001	0	69	1	0	1
HAMBI_0403_chrm01_circ_1759801	NP_Ct_r03_2018_12_11_L001	56	7	1	0	1
HAMBI_0403_chrm01_circ_1759826	NP_Ct_r03_2018_12_11_L001	55	11	1	0	1
HAMBI_0403_chrm01_circ_1759846	NP_Ct_r03_2018_12_11_L001	55	16	1	0	1
HAMBI_0403_chrm01_circ_1838154	NP_Ct_r03_2018_12_11_L001	0	57	1	0	1
HAMBI_0403_chrm01_circ_1874515	NP_Ct_r03_2018_12_11_L001	0	45	1	0	1
HAMBI_0403_chrm01_circ_1879332	NP_Ct_r03_2018_12_11_L001	3	81	1	0	1
HAMBI_0403_chrm01_circ_1884561	NP_Ct_r03_2018_12_11_L001	55	18	1	0	1
HAMBI_0403_chrm01_circ_2015620	NP_Ct_r03_2018_12_11_L001	41	16	1	0	1
HAMBI_0403_chrm01_circ_2055137	NP_Ct_r03_2018_12_11_L001	69	23	1	0	1
HAMBI_0403_chrm01_circ_2058748	NP_Ct_r03_2018_12_11_L001	56	8	1	0	1
HAMBI_0403_chrm01_circ_2060528	NP_Ct_r03_2018_12_11_L001	0	68	1	0	1
HAMBI_0403_chrm01_circ_208763	NP_Ct_r03_2018_12_11_L001	1	90	1	0	1
HAMBI_0403_chrm01_circ_2090310	NP_Ct_r03_2018_12_11_L001	51	10	1	0	1
HAMBI_0403_chrm01_circ_2098396	NP_Ct_r03_2018_12_11_L001	0	79	1	0	1
HAMBI_0403_chrm01_circ_2171083	NP_Ct_r03_2018_12_11_L001	50	13	1	0	1
HAMBI_0403_chrm01_circ_2182745	NP_Ct_r03_2018_12_11_L001	47	11	1	0	1
HAMBI_0403_chrm01_circ_2183882	NP_Ct_r03_2018_12_11_L001	50	2	1	0	1
HAMBI_0403_chrm01_circ_2295095	NP_Ct_r03_2018_12_11_L001	3	82	1	0	1
HAMBI_0403_chrm01_circ_235764	NP_Ct_r03_2018_12_11_L001	1	79	1	0	1
HAMBI_0403_chrm01_circ_2399361	NP_Ct_r03_2018_12_11_L001	0	51	1	0	1
HAMBI_0403_chrm01_circ_2451784	NP_Ct_r03_2018_12_11_L001	66	22	1	0	1
HAMBI_0403_chrm01_circ_2489220	NP_Ct_r03_2018_12_11_L001	51	13	1	0	1
HAMBI_0403_chrm01_circ_2511570	NP_Ct_r03_2018_12_11_L001	2	59	1	0	1
HAMBI_0403_chrm01_circ_2518477	NP_Ct_r03_2018_12_11_L001	0	71	1	0	1
HAMBI_0403_chrm01_circ_25616	NP_Ct_r03_2018_12_11_L001	0	78	1	0	1
HAMBI_0403_chrm01_circ_2595158	NP_Ct_r03_2018_12_11_L001	74	0	1	0	1
HAMBI_0403_chrm01_circ_2623969	NP_Ct_r03_2018_12_11_L001	2	0	1	0	1
HAMBI_0403_chrm01_circ_2633075	NP_Ct_r03_2018_12_11_L001	58	19	1	0	1
HAMBI_0403_chrm01_circ_2692966	NP_Ct_r03_2018_12_11_L001	35	14	1	0	1
HAMBI_0403_chrm01_circ_2693666	NP_Ct_r03_2018_12_11_L001	1	54	1	0	1
HAMBI_0403_chrm01_circ_27022	NP_Ct_r03_2018_12_11_L001	49	10	1	0	1
HAMBI_0403_chrm01_circ_270829	NP_Ct_r03_2018_12_11_L001	1	76	1	0	1
HAMBI_0403_chrm01_circ_2788284	NP_Ct_r03_2018_12_11_L001	0	52	1	0	1
HAMBI_0403_chrm01_circ_2824864	NP_Ct_r03_2018_12_11_L001	0	53	1	0	1
HAMBI_0403_chrm01_circ_2868271	NP_Ct_r03_2018_12_11_L001	36	18	1	0	1
HAMBI_0403_chrm01_circ_2944548	NP_Ct_r03_2018_12_11_L001	50	0	1	0	1
HAMBI_0403_chrm01_circ_2958128	NP_Ct_r03_2018_12_11_L001	0	32	1	0	1
HAMBI_0403_chrm01_circ_3021874	NP_Ct_r03_2018_12_11_L001	72	3	1	0	1
HAMBI_0403_chrm01_circ_3035671	NP_Ct_r03_2018_12_11_L001	15	12	1	0	1
HAMBI_0403_chrm01_circ_3100821	NP_Ct_r03_2018_12_11_L001	1	60	1	0	1
HAMBI_0403_chrm01_circ_3185483	NP_Ct_r03_2018_12_11_L001	43	14	1	0	1
HAMBI_0403_chrm01_circ_3320753	NP_Ct_r03_2018_12_11_L001	4	81	1	0	1
HAMBI_0403_chrm01_circ_3324607	NP_Ct_r03_2018_12_11_L001	54	0	1	0	1
HAMBI_0403_chrm01_circ_3325786	NP_Ct_r03_2018_12_11_L001	52	0	1	0	1
HAMBI_0403_chrm01_circ_3425316	NP_Ct_r03_2018_12_11_L001	3	50	1	0	1
HAMBI_0403_chrm01_circ_3547421	NP_Ct_r03_2018_12_11_L001	54	16	1	0	1
HAMBI_0403_chrm01_circ_3605936	NP_Ct_r03_2018_12_11_L001	70	0	1	0	1
HAMBI_0403_chrm01_circ_3647360	NP_Ct_r03_2018_12_11_L001	61	11	1	0	1
HAMBI_0403_chrm01_circ_3713288	NP_Ct_r03_2018_12_11_L001	0	63	1	0	1
HAMBI_0403_chrm01_circ_3738840	NP_Ct_r03_2018_12_11_L001	0	63	1	0	1
HAMBI_0403_chrm01_circ_3763855	NP_Ct_r03_2018_12_11_L001	46	14	1	0	1
HAMBI_0403_chrm01_circ_3767311	NP_Ct_r03_2018_12_11_L001	0	62	1	0	1
HAMBI_0403_chrm01_circ_3844951	NP_Ct_r03_2018_12_11_L001	47	9	1	0	1
HAMBI_0403_chrm01_circ_3846801	NP_Ct_r03_2018_12_11_L001	51	11	1	0	1
HAMBI_0403_chrm01_circ_3873026	NP_Ct_r03_2018_12_11_L001	58	18	1	0	1
HAMBI_0403_chrm01_circ_3887450	NP_Ct_r03_2018_12_11_L001	54	0	1	0	1
HAMBI_0403_chrm01_circ_3897204	NP_Ct_r03_2018_12_11_L001	2	65	1	0	1
HAMBI_0403_chrm01_circ_3951089	NP_Ct_r03_2018_12_11_L001	84	4	1	0	1
HAMBI_0403_chrm01_circ_4044088	NP_Ct_r03_2018_12_11_L001	0	64	1	0	1
HAMBI_0403_chrm01_circ_4050144	NP_Ct_r03_2018_12_11_L001	0	41	1	0	1
HAMBI_0403_chrm01_circ_4096236	NP_Ct_r03_2018_12_11_L001	0	80	1	0	1
HAMBI_0403_chrm01_circ_4174302	NP_Ct_r03_2018_12_11_L001	65	15	1	0	1
HAMBI_0403_chrm01_circ_4230635	NP_Ct_r03_2018_12_11_L001	31	2	1	0	1
HAMBI_0403_chrm01_circ_4243310	NP_Ct_r03_2018_12_11_L001	0	76	1	0	1
HAMBI_0403_chrm01_circ_4287176	NP_Ct_r03_2018_12_11_L001	0	27	1	0	1
HAMBI_0403_chrm01_circ_431094	NP_Ct_r03_2018_12_11_L001	0	60	1	0	1
HAMBI_0403_chrm01_circ_4311737	NP_Ct_r03_2018_12_11_L001	46	15	1	0	1
HAMBI_0403_chrm01_circ_431222	NP_Ct_r03_2018_12_11_L001	54	0	1	0	1
HAMBI_0403_chrm01_circ_4420190	NP_Ct_r03_2018_12_11_L001	58	10	1	0	1
HAMBI_0403_chrm01_circ_4445774	NP_Ct_r03_2018_12_11_L001	54	14	1	0	1
HAMBI_0403_chrm01_circ_4466530	NP_Ct_r03_2018_12_11_L001	51	10	1	0	1
HAMBI_0403_chrm01_circ_4466988	NP_Ct_r03_2018_12_11_L001	60	29	1	0	1
HAMBI_0403_chrm01_circ_4671531	NP_Ct_r03_2018_12_11_L001	62	5	1	0	1
HAMBI_0403_chrm01_circ_4703998	NP_Ct_r03_2018_12_11_L001	43	18	1	0	1
HAMBI_0403_chrm01_circ_4706872	NP_Ct_r03_2018_12_11_L001	0	56	1	0	1
HAMBI_0403_chrm01_circ_4743873	NP_Ct_r03_2018_12_11_L001	0	42	1	0	1
HAMBI_0403_chrm01_circ_4758856	NP_Ct_r03_2018_12_11_L001	70	0	1	0	1
HAMBI_0403_chrm01_circ_4795914	NP_Ct_r03_2018_12_11_L001	40	28	1	0	1
HAMBI_0403_chrm01_circ_4834353	NP_Ct_r03_2018_12_11_L001	62	22	1	0	1
HAMBI_0403_chrm01_circ_4841785	NP_Ct_r03_2018_12_11_L001	34	18	1	0	1
HAMBI_0403_chrm01_circ_4842908	NP_Ct_r03_2018_12_11_L001	0	68	1	0	1
HAMBI_0403_chrm01_circ_4937428	NP_Ct_r03_2018_12_11_L001	0	98	1	0	1
HAMBI_0403_chrm01_circ_4942669	NP_Ct_r03_2018_12_11_L001	46	9	1	0	1
HAMBI_0403_chrm01_circ_5049906	NP_Ct_r03_2018_12_11_L001	54	14	1	0	1
HAMBI_0403_chrm01_circ_5134215	NP_Ct_r03_2018_12_11_L001	0	69	1	0	1
HAMBI_0403_chrm01_circ_5191704	NP_Ct_r03_2018_12_11_L001	1	58	1	0	1
HAMBI_0403_chrm01_circ_5321557	NP_Ct_r03_2018_12_11_L001	39	27	1	0	1
HAMBI_0403_chrm01_circ_538720	NP_Ct_r03_2018_12_11_L001	46	18	1	0	1
HAMBI_0403_chrm01_circ_538801	NP_Ct_r03_2018_12_11_L001	47	18	1	0	1
HAMBI_0403_chrm01_circ_5508159	NP_Ct_r03_2018_12_11_L001	0	60	1	0	1
HAMBI_0403_chrm01_circ_5517902	NP_Ct_r03_2018_12_11_L001	0	68	1	0	1
HAMBI_0403_chrm01_circ_5628562	NP_Ct_r03_2018_12_11_L001	37	11	1	0	1
HAMBI_0403_chrm01_circ_5635035	NP_Ct_r03_2018_12_11_L001	0	63	1	0	1
HAMBI_0403_chrm01_circ_565418	NP_Ct_r03_2018_12_11_L001	33	19	1	0	1
HAMBI_0403_chrm01_circ_5681260	NP_Ct_r03_2018_12_11_L001	56	1	1	0	1
HAMBI_0403_chrm01_circ_5740020	NP_Ct_r03_2018_12_11_L001	69	11	1	0	1
HAMBI_0403_chrm01_circ_583929	NP_Ct_r03_2018_12_11_L001	50	3	1	0	1
HAMBI_0403_chrm01_circ_665062	NP_Ct_r03_2018_12_11_L001	0	56	1	0	1
HAMBI_0403_chrm01_circ_665133	NP_Ct_r03_2018_12_11_L001	0	55	1	0	1
HAMBI_0403_chrm01_circ_675744	NP_Ct_r03_2018_12_11_L001	50	17	1	0	1
HAMBI_0403_chrm01_circ_699008	NP_Ct_r03_2018_12_11_L001	1	58	1	0	1
HAMBI_0403_chrm01_circ_837160	NP_Ct_r03_2018_12_11_L001	75	0	1	0	1
HAMBI_0403_chrm01_circ_928479	NP_Ct_r03_2018_12_11_L001	0	74	1	0	1
HAMBI_0403_chrm01_circ_936004	NP_Ct_r03_2018_12_11_L001	41	15	1	0	1
HAMBI_0403_chrm01_circ_957842	NP_Ct_r03_2018_12_11_L001	0	64	1	0	1
HAMBI_0403_chrm01_circ_958622	NP_Ct_r03_2018_12_11_L001	89	0	1	0	1
HAMBI_0403_chrm01_circ_958829	NP_Ct_r03_2018_12_11_L001	49	0	1	0	1
HAMBI_0403_chrm01_circ_96646	NP_Ct_r03_2018_12_11_L001	2	68	1	0	1
HAMBI_0403_chrm01_circ_1023542	NP_Ct_r03_2019_02_04_L003	86	16	1	0	1
HAMBI_0403_chrm01_circ_106917	NP_Ct_r03_2019_02_04_L003	87	0	1	0	1
HAMBI_0403_chrm01_circ_1146371	NP_Ct_r03_2019_02_04_L003	1	101	1	0	1
HAMBI_0403_chrm01_circ_1208008	NP_Ct_r03_2019_02_04_L003	1	124	1	0	1
HAMBI_0403_chrm01_circ_1216854	NP_Ct_r03_2019_02_04_L003	112	9	1	0	1
HAMBI_0403_chrm01_circ_1225555	NP_Ct_r03_2019_02_04_L003	0	74	1	0	1
HAMBI_0403_chrm01_circ_1295376	NP_Ct_r03_2019_02_04_L003	1	77	1	0	1
HAMBI_0403_chrm01_circ_1363572	NP_Ct_r03_2019_02_04_L003	1	118	1	0	1
HAMBI_0403_chrm01_circ_1434994	NP_Ct_r03_2019_02_04_L003	111	17	1	0	1
HAMBI_0403_chrm01_circ_1502147	NP_Ct_r03_2019_02_04_L003	89	23	1	0	1
HAMBI_0403_chrm01_circ_1513453	NP_Ct_r03_2019_02_04_L003	102	0	1	0	1
HAMBI_0403_chrm01_circ_1539742	NP_Ct_r03_2019_02_04_L003	95	7	1	0	1
HAMBI_0403_chrm01_circ_1540060	NP_Ct_r03_2019_02_04_L003	69	32	1	0	1
HAMBI_0403_chrm01_circ_1573192	NP_Ct_r03_2019_02_04_L003	119	0	1	0	1
HAMBI_0403_chrm01_circ_1596384	NP_Ct_r03_2019_02_04_L003	74	17	1	0	1
HAMBI_0403_chrm01_circ_1615909	NP_Ct_r03_2019_02_04_L003	82	18	1	0	1
HAMBI_0403_chrm01_circ_1669705	NP_Ct_r03_2019_02_04_L003	1	135	1	0	1
HAMBI_0403_chrm01_circ_1759801	NP_Ct_r03_2019_02_04_L003	92	13	1	0	1
HAMBI_0403_chrm01_circ_1759826	NP_Ct_r03_2019_02_04_L003	102	22	1	0	1
HAMBI_0403_chrm01_circ_1759846	NP_Ct_r03_2019_02_04_L003	96	40	1	0	1
HAMBI_0403_chrm01_circ_1838154	NP_Ct_r03_2019_02_04_L003	0	102	1	0	1
HAMBI_0403_chrm01_circ_1874515	NP_Ct_r03_2019_02_04_L003	0	76	1	0	1
HAMBI_0403_chrm01_circ_1879332	NP_Ct_r03_2019_02_04_L003	1	94	1	0	1
HAMBI_0403_chrm01_circ_1884561	NP_Ct_r03_2019_02_04_L003	92	27	1	0	1
HAMBI_0403_chrm01_circ_2015620	NP_Ct_r03_2019_02_04_L003	66	36	1	0	1
HAMBI_0403_chrm01_circ_2055137	NP_Ct_r03_2019_02_04_L003	109	18	1	0	1
HAMBI_0403_chrm01_circ_2058748	NP_Ct_r03_2019_02_04_L003	76	23	1	0	1
HAMBI_0403_chrm01_circ_2060528	NP_Ct_r03_2019_02_04_L003	0	108	1	0	1
HAMBI_0403_chrm01_circ_208763	NP_Ct_r03_2019_02_04_L003	0	128	1	0	1
HAMBI_0403_chrm01_circ_2090310	NP_Ct_r03_2019_02_04_L003	87	16	1	0	1
HAMBI_0403_chrm01_circ_2098396	NP_Ct_r03_2019_02_04_L003	3	122	1	0	1
HAMBI_0403_chrm01_circ_2171083	NP_Ct_r03_2019_02_04_L003	86	28	1	0	1
HAMBI_0403_chrm01_circ_2182745	NP_Ct_r03_2019_02_04_L003	89	19	1	0	1
HAMBI_0403_chrm01_circ_2183882	NP_Ct_r03_2019_02_04_L003	70	25	1	0	1
HAMBI_0403_chrm01_circ_2295095	NP_Ct_r03_2019_02_04_L003	3	98	1	0	1
HAMBI_0403_chrm01_circ_235764	NP_Ct_r03_2019_02_04_L003	0	111	1	0	1
HAMBI_0403_chrm01_circ_2399361	NP_Ct_r03_2019_02_04_L003	0	83	1	0	1
HAMBI_0403_chrm01_circ_2451784	NP_Ct_r03_2019_02_04_L003	99	17	1	0	1
HAMBI_0403_chrm01_circ_2489220	NP_Ct_r03_2019_02_04_L003	74	15	1	0	1
HAMBI_0403_chrm01_circ_2511570	NP_Ct_r03_2019_02_04_L003	2	109	1	0	1
HAMBI_0403_chrm01_circ_2518477	NP_Ct_r03_2019_02_04_L003	2	95	1	0	1
HAMBI_0403_chrm01_circ_25616	NP_Ct_r03_2019_02_04_L003	0	115	1	0	1
HAMBI_0403_chrm01_circ_2595158	NP_Ct_r03_2019_02_04_L003	110	0	1	0	1
HAMBI_0403_chrm01_circ_2623969	NP_Ct_r03_2019_02_04_L003	0	3	1	0	1
HAMBI_0403_chrm01_circ_2633075	NP_Ct_r03_2019_02_04_L003	83	18	1	0	1
HAMBI_0403_chrm01_circ_2692966	NP_Ct_r03_2019_02_04_L003	57	18	1	0	1
HAMBI_0403_chrm01_circ_2693666	NP_Ct_r03_2019_02_04_L003	2	101	1	0	1
HAMBI_0403_chrm01_circ_27022	NP_Ct_r03_2019_02_04_L003	68	11	1	0	1
HAMBI_0403_chrm01_circ_270829	NP_Ct_r03_2019_02_04_L003	0	117	1	0	1
HAMBI_0403_chrm01_circ_2788284	NP_Ct_r03_2019_02_04_L003	1	84	1	0	1
HAMBI_0403_chrm01_circ_2824864	NP_Ct_r03_2019_02_04_L003	1	109	1	0	1
HAMBI_0403_chrm01_circ_2868271	NP_Ct_r03_2019_02_04_L003	45	11	1	0	1
HAMBI_0403_chrm01_circ_2944548	NP_Ct_r03_2019_02_04_L003	60	0	1	0	1
HAMBI_0403_chrm01_circ_2958128	NP_Ct_r03_2019_02_04_L003	5	92	1	0	1
HAMBI_0403_chrm01_circ_3021874	NP_Ct_r03_2019_02_04_L003	88	10	1	0	1
HAMBI_0403_chrm01_circ_3035671	NP_Ct_r03_2019_02_04_L003	36	32	1	0	1
HAMBI_0403_chrm01_circ_3100821	NP_Ct_r03_2019_02_04_L003	2	89	1	0	1
HAMBI_0403_chrm01_circ_3185483	NP_Ct_r03_2019_02_04_L003	68	22	1	0	1
HAMBI_0403_chrm01_circ_3320753	NP_Ct_r03_2019_02_04_L003	0	122	1	0	1
HAMBI_0403_chrm01_circ_3324607	NP_Ct_r03_2019_02_04_L003	87	0	1	0	1
HAMBI_0403_chrm01_circ_3325786	NP_Ct_r03_2019_02_04_L003	75	0	1	0	1
HAMBI_0403_chrm01_circ_3425316	NP_Ct_r03_2019_02_04_L003	4	78	1	0	1
HAMBI_0403_chrm01_circ_3547421	NP_Ct_r03_2019_02_04_L003	93	11	1	0	1
HAMBI_0403_chrm01_circ_3605936	NP_Ct_r03_2019_02_04_L003	120	0	1	0	1
HAMBI_0403_chrm01_circ_3647360	NP_Ct_r03_2019_02_04_L003	60	22	1	0	1
HAMBI_0403_chrm01_circ_3713288	NP_Ct_r03_2019_02_04_L003	2	108	1	0	1
HAMBI_0403_chrm01_circ_3738840	NP_Ct_r03_2019_02_04_L003	0	85	1	0	1
HAMBI_0403_chrm01_circ_3763855	NP_Ct_r03_2019_02_04_L003	88	15	1	0	1
HAMBI_0403_chrm01_circ_3767311	NP_Ct_r03_2019_02_04_L003	0	115	1	0	1
HAMBI_0403_chrm01_circ_3844951	NP_Ct_r03_2019_02_04_L003	77	14	1	0	1
HAMBI_0403_chrm01_circ_3846801	NP_Ct_r03_2019_02_04_L003	81	13	1	0	1
HAMBI_0403_chrm01_circ_3873026	NP_Ct_r03_2019_02_04_L003	82	16	1	0	1
HAMBI_0403_chrm01_circ_3887450	NP_Ct_r03_2019_02_04_L003	94	0	1	0	1
HAMBI_0403_chrm01_circ_3897204	NP_Ct_r03_2019_02_04_L003	2	107	1	0	1
HAMBI_0403_chrm01_circ_3951089	NP_Ct_r03_2019_02_04_L003	121	16	1	0	1
HAMBI_0403_chrm01_circ_4044088	NP_Ct_r03_2019_02_04_L003	0	93	1	0	1
HAMBI_0403_chrm01_circ_4050144	NP_Ct_r03_2019_02_04_L003	2	77	1	0	1
HAMBI_0403_chrm01_circ_4096236	NP_Ct_r03_2019_02_04_L003	1	99	1	0	1
HAMBI_0403_chrm01_circ_4174302	NP_Ct_r03_2019_02_04_L003	53	21	1	0	1
HAMBI_0403_chrm01_circ_4230635	NP_Ct_r03_2019_02_04_L003	38	10	1	0	1
HAMBI_0403_chrm01_circ_4243310	NP_Ct_r03_2019_02_04_L003	0	109	1	0	1
HAMBI_0403_chrm01_circ_4287176	NP_Ct_r03_2019_02_04_L003	1	55	1	0	1
HAMBI_0403_chrm01_circ_431094	NP_Ct_r03_2019_02_04_L003	0	105	1	0	1
HAMBI_0403_chrm01_circ_4311737	NP_Ct_r03_2019_02_04_L003	73	9	1	0	1
HAMBI_0403_chrm01_circ_431222	NP_Ct_r03_2019_02_04_L003	81	0	1	0	1
HAMBI_0403_chrm01_circ_4420190	NP_Ct_r03_2019_02_04_L003	66	10	1	0	1
HAMBI_0403_chrm01_circ_4445774	NP_Ct_r03_2019_02_04_L003	85	22	1	0	1
HAMBI_0403_chrm01_circ_4466530	NP_Ct_r03_2019_02_04_L003	110	19	1	0	1
HAMBI_0403_chrm01_circ_4466988	NP_Ct_r03_2019_02_04_L003	74	23	1	0	1
HAMBI_0403_chrm01_circ_4671531	NP_Ct_r03_2019_02_04_L003	93	0	1	0	1
HAMBI_0403_chrm01_circ_4703998	NP_Ct_r03_2019_02_04_L003	60	14	1	0	1
HAMBI_0403_chrm01_circ_4706872	NP_Ct_r03_2019_02_04_L003	1	89	1	0	1
HAMBI_0403_chrm01_circ_4743873	NP_Ct_r03_2019_02_04_L003	0	90	1	0	1
HAMBI_0403_chrm01_circ_4758856	NP_Ct_r03_2019_02_04_L003	101	0	1	0	1
HAMBI_0403_chrm01_circ_4795914	NP_Ct_r03_2019_02_04_L003	80	24	1	0	1
HAMBI_0403_chrm01_circ_4834353	NP_Ct_r03_2019_02_04_L003	104	21	1	0	1
HAMBI_0403_chrm01_circ_4841785	NP_Ct_r03_2019_02_04_L003	88	15	1	0	1
HAMBI_0403_chrm01_circ_4842908	NP_Ct_r03_2019_02_04_L003	0	89	1	0	1
HAMBI_0403_chrm01_circ_4937428	NP_Ct_r03_2019_02_04_L003	3	140	1	0	1
HAMBI_0403_chrm01_circ_4942669	NP_Ct_r03_2019_02_04_L003	68	12	1	0	1
HAMBI_0403_chrm01_circ_5049906	NP_Ct_r03_2019_02_04_L003	64	26	1	0	1
HAMBI_0403_chrm01_circ_5134215	NP_Ct_r03_2019_02_04_L003	2	91	1	0	1
HAMBI_0403_chrm01_circ_5191704	NP_Ct_r03_2019_02_04_L003	0	102	1	0	1
HAMBI_0403_chrm01_circ_5321557	NP_Ct_r03_2019_02_04_L003	48	28	1	0	1
HAMBI_0403_chrm01_circ_538720	NP_Ct_r03_2019_02_04_L003	66	25	1	0	1
HAMBI_0403_chrm01_circ_538801	NP_Ct_r03_2019_02_04_L003	57	24	1	0	1
HAMBI_0403_chrm01_circ_5508159	NP_Ct_r03_2019_02_04_L003	0	115	1	0	1
HAMBI_0403_chrm01_circ_5517902	NP_Ct_r03_2019_02_04_L003	3	85	1	0	1
HAMBI_0403_chrm01_circ_5628562	NP_Ct_r03_2019_02_04_L003	60	26	1	0	1
HAMBI_0403_chrm01_circ_5635035	NP_Ct_r03_2019_02_04_L003	1	94	1	0	1
HAMBI_0403_chrm01_circ_565418	NP_Ct_r03_2019_02_04_L003	62	19	1	0	1
HAMBI_0403_chrm01_circ_5681260	NP_Ct_r03_2019_02_04_L003	85	1	1	0	1
HAMBI_0403_chrm01_circ_5740020	NP_Ct_r03_2019_02_04_L003	90	31	1	0	1
HAMBI_0403_chrm01_circ_583929	NP_Ct_r03_2019_02_04_L003	71	3	1	0	1
HAMBI_0403_chrm01_circ_665062	NP_Ct_r03_2019_02_04_L003	0	97	1	0	1
HAMBI_0403_chrm01_circ_665133	NP_Ct_r03_2019_02_04_L003	2	92	1	0	1
HAMBI_0403_chrm01_circ_675744	NP_Ct_r03_2019_02_04_L003	58	25	1	0	1
HAMBI_0403_chrm01_circ_699008	NP_Ct_r03_2019_02_04_L003	0	136	1	0	1
HAMBI_0403_chrm01_circ_837160	NP_Ct_r03_2019_02_04_L003	116	0	1	0	1
HAMBI_0403_chrm01_circ_928479	NP_Ct_r03_2019_02_04_L003	0	103	1	0	1
HAMBI_0403_chrm01_circ_936004	NP_Ct_r03_2019_02_04_L003	75	13	1	0	1
HAMBI_0403_chrm01_circ_957842	NP_Ct_r03_2019_02_04_L003	0	110	1	0	1
HAMBI_0403_chrm01_circ_958622	NP_Ct_r03_2019_02_04_L003	118	0	1	0	1
HAMBI_0403_chrm01_circ_958829	NP_Ct_r03_2019_02_04_L003	116	2	1	0	1
HAMBI_0403_chrm01_circ_96646	NP_Ct_r03_2019_02_04_L003	0	120	1	0	1
HAMBI_0403_chrm01_circ_1023542	NP_Ct_r03_2019_02_25_L003	85	16	1	0	1
HAMBI_0403_chrm01_circ_106917	NP_Ct_r03_2019_02_25_L003	84	1	1	0	1
HAMBI_0403_chrm01_circ_1146371	NP_Ct_r03_2019_02_25_L003	5	136	1	0	1
HAMBI_0403_chrm01_circ_1208008	NP_Ct_r03_2019_02_25_L003	2	126	1	0	1
HAMBI_0403_chrm01_circ_1216854	NP_Ct_r03_2019_02_25_L003	90	17	1	0	1
HAMBI_0403_chrm01_circ_1225555	NP_Ct_r03_2019_02_25_L003	2	83	1	0	1
HAMBI_0403_chrm01_circ_1295376	NP_Ct_r03_2019_02_25_L003	3	119	1	0	1
HAMBI_0403_chrm01_circ_1363572	NP_Ct_r03_2019_02_25_L003	1	93	1	0	1
HAMBI_0403_chrm01_circ_1434994	NP_Ct_r03_2019_02_25_L003	72	24	1	0	1
HAMBI_0403_chrm01_circ_1502147	NP_Ct_r03_2019_02_25_L003	82	37	1	0	1
HAMBI_0403_chrm01_circ_1513453	NP_Ct_r03_2019_02_25_L003	104	0	1	0	1
HAMBI_0403_chrm01_circ_1539742	NP_Ct_r03_2019_02_25_L003	85	10	1	0	1
HAMBI_0403_chrm01_circ_1540060	NP_Ct_r03_2019_02_25_L003	80	25	1	0	1
HAMBI_0403_chrm01_circ_1573192	NP_Ct_r03_2019_02_25_L003	113	1	1	0	1
HAMBI_0403_chrm01_circ_1596384	NP_Ct_r03_2019_02_25_L003	87	15	1	0	1
HAMBI_0403_chrm01_circ_1615909	NP_Ct_r03_2019_02_25_L003	84	9	1	0	1
HAMBI_0403_chrm01_circ_1669705	NP_Ct_r03_2019_02_25_L003	6	117	1	0	1
HAMBI_0403_chrm01_circ_1759801	NP_Ct_r03_2019_02_25_L003	110	14	1	0	1
HAMBI_0403_chrm01_circ_1759826	NP_Ct_r03_2019_02_25_L003	115	20	1	0	1
HAMBI_0403_chrm01_circ_1759846	NP_Ct_r03_2019_02_25_L003	106	32	1	0	1
HAMBI_0403_chrm01_circ_1838154	NP_Ct_r03_2019_02_25_L003	3	101	1	0	1
HAMBI_0403_chrm01_circ_1874515	NP_Ct_r03_2019_02_25_L003	1	83	1	0	1
HAMBI_0403_chrm01_circ_1879332	NP_Ct_r03_2019_02_25_L003	2	76	1	0	1
HAMBI_0403_chrm01_circ_1884561	NP_Ct_r03_2019_02_25_L003	97	20	1	0	1
HAMBI_0403_chrm01_circ_2015620	NP_Ct_r03_2019_02_25_L003	58	27	1	0	1
HAMBI_0403_chrm01_circ_2055137	NP_Ct_r03_2019_02_25_L003	111	24	1	0	1
HAMBI_0403_chrm01_circ_2058748	NP_Ct_r03_2019_02_25_L003	80	34	1	0	1
HAMBI_0403_chrm01_circ_2060528	NP_Ct_r03_2019_02_25_L003	2	103	1	0	1
HAMBI_0403_chrm01_circ_208763	NP_Ct_r03_2019_02_25_L003	3	102	1	0	1
HAMBI_0403_chrm01_circ_2090310	NP_Ct_r03_2019_02_25_L003	81	18	1	0	1
HAMBI_0403_chrm01_circ_2098396	NP_Ct_r03_2019_02_25_L003	2	117	1	0	1
HAMBI_0403_chrm01_circ_2171083	NP_Ct_r03_2019_02_25_L003	82	31	1	0	1
HAMBI_0403_chrm01_circ_2182745	NP_Ct_r03_2019_02_25_L003	96	14	1	0	1
HAMBI_0403_chrm01_circ_2183882	NP_Ct_r03_2019_02_25_L003	77	31	1	0	1
HAMBI_0403_chrm01_circ_2295095	NP_Ct_r03_2019_02_25_L003	2	135	1	0	1
HAMBI_0403_chrm01_circ_235764	NP_Ct_r03_2019_02_25_L003	1	93	1	0	1
HAMBI_0403_chrm01_circ_2399361	NP_Ct_r03_2019_02_25_L003	2	79	1	0	1
HAMBI_0403_chrm01_circ_2451784	NP_Ct_r03_2019_02_25_L003	104	16	1	0	1
HAMBI_0403_chrm01_circ_2489220	NP_Ct_r03_2019_02_25_L003	78	13	1	0	1
HAMBI_0403_chrm01_circ_2511570	NP_Ct_r03_2019_02_25_L003	1	106	1	0	1
HAMBI_0403_chrm01_circ_2518477	NP_Ct_r03_2019_02_25_L003	5	81	1	0	1
HAMBI_0403_chrm01_circ_25616	NP_Ct_r03_2019_02_25_L003	2	115	1	0	1
HAMBI_0403_chrm01_circ_2595158	NP_Ct_r03_2019_02_25_L003	117	0	1	0	1
HAMBI_0403_chrm01_circ_2623969	NP_Ct_r03_2019_02_25_L003	1	4	1	0	1
HAMBI_0403_chrm01_circ_2633075	NP_Ct_r03_2019_02_25_L003	99	16	1	0	1
HAMBI_0403_chrm01_circ_2692966	NP_Ct_r03_2019_02_25_L003	70	10	1	0	1
HAMBI_0403_chrm01_circ_2693666	NP_Ct_r03_2019_02_25_L003	1	107	1	0	1
HAMBI_0403_chrm01_circ_27022	NP_Ct_r03_2019_02_25_L003	74	7	1	0	1
HAMBI_0403_chrm01_circ_270829	NP_Ct_r03_2019_02_25_L003	1	103	1	0	1
HAMBI_0403_chrm01_circ_2788284	NP_Ct_r03_2019_02_25_L003	4	82	1	0	1
HAMBI_0403_chrm01_circ_2824864	NP_Ct_r03_2019_02_25_L003	5	103	1	0	1
HAMBI_0403_chrm01_circ_2868271	NP_Ct_r03_2019_02_25_L003	76	14	1	0	1
HAMBI_0403_chrm01_circ_2944548	NP_Ct_r03_2019_02_25_L003	84	2	1	0	1
HAMBI_0403_chrm01_circ_2958128	NP_Ct_r03_2019_02_25_L003	2	81	1	0	1
HAMBI_0403_chrm01_circ_3021874	NP_Ct_r03_2019_02_25_L003	86	13	1	0	1
HAMBI_0403_chrm01_circ_3035671	NP_Ct_r03_2019_02_25_L003	66	34	1	0	1
HAMBI_0403_chrm01_circ_3100821	NP_Ct_r03_2019_02_25_L003	7	98	1	0	1
HAMBI_0403_chrm01_circ_3185483	NP_Ct_r03_2019_02_25_L003	84	14	1	0	1
HAMBI_0403_chrm01_circ_3320753	NP_Ct_r03_2019_02_25_L003	8	120	1	0	1
HAMBI_0403_chrm01_circ_3324607	NP_Ct_r03_2019_02_25_L003	96	0	1	0	1
HAMBI_0403_chrm01_circ_3325786	NP_Ct_r03_2019_02_25_L003	83	0	1	0	1
HAMBI_0403_chrm01_circ_3425316	NP_Ct_r03_2019_02_25_L003	6	91	1	0	1
HAMBI_0403_chrm01_circ_3547421	NP_Ct_r03_2019_02_25_L003	74	18	1	0	1
HAMBI_0403_chrm01_circ_3605936	NP_Ct_r03_2019_02_25_L003	120	0	1	0	1
HAMBI_0403_chrm01_circ_3647360	NP_Ct_r03_2019_02_25_L003	74	30	1	0	1
HAMBI_0403_chrm01_circ_3713288	NP_Ct_r03_2019_02_25_L003	4	78	1	0	1
HAMBI_0403_chrm01_circ_3738840	NP_Ct_r03_2019_02_25_L003	4	81	1	0	1
HAMBI_0403_chrm01_circ_3763855	NP_Ct_r03_2019_02_25_L003	108	20	1	0	1
HAMBI_0403_chrm01_circ_3767311	NP_Ct_r03_2019_02_25_L003	7	123	1	0	1
HAMBI_0403_chrm01_circ_3844951	NP_Ct_r03_2019_02_25_L003	67	19	1	0	1
HAMBI_0403_chrm01_circ_3846801	NP_Ct_r03_2019_02_25_L003	98	17	1	0	1
HAMBI_0403_chrm01_circ_3873026	NP_Ct_r03_2019_02_25_L003	93	6	1	0	1
HAMBI_0403_chrm01_circ_3887450	NP_Ct_r03_2019_02_25_L003	99	0	1	0	1
HAMBI_0403_chrm01_circ_3897204	NP_Ct_r03_2019_02_25_L003	3	108	1	0	1
HAMBI_0403_chrm01_circ_3951089	NP_Ct_r03_2019_02_25_L003	108	17	1	0	1
HAMBI_0403_chrm01_circ_4044088	NP_Ct_r03_2019_02_25_L003	4	94	1	0	1
HAMBI_0403_chrm01_circ_4050144	NP_Ct_r03_2019_02_25_L003	3	94	1	0	1
HAMBI_0403_chrm01_circ_4096236	NP_Ct_r03_2019_02_25_L003	6	95	1	0	1
HAMBI_0403_chrm01_circ_4174302	NP_Ct_r03_2019_02_25_L003	72	31	1	0	1
HAMBI_0403_chrm01_circ_4230635	NP_Ct_r03_2019_02_25_L003	30	3	1	0	1
HAMBI_0403_chrm01_circ_4243310	NP_Ct_r03_2019_02_25_L003	1	116	1	0	1
HAMBI_0403_chrm01_circ_4287176	NP_Ct_r03_2019_02_25_L003	2	68	1	0	1
HAMBI_0403_chrm01_circ_431094	NP_Ct_r03_2019_02_25_L003	0	123	1	0	1
HAMBI_0403_chrm01_circ_4311737	NP_Ct_r03_2019_02_25_L003	73	12	1	0	1
HAMBI_0403_chrm01_circ_431222	NP_Ct_r03_2019_02_25_L003	117	0	1	0	1
HAMBI_0403_chrm01_circ_4420190	NP_Ct_r03_2019_02_25_L003	79	13	1	0	1
HAMBI_0403_chrm01_circ_4445774	NP_Ct_r03_2019_02_25_L003	83	18	1	0	1
HAMBI_0403_chrm01_circ_4466530	NP_Ct_r03_2019_02_25_L003	97	14	1	0	1
HAMBI_0403_chrm01_circ_4466988	NP_Ct_r03_2019_02_25_L003	111	10	1	0	1
HAMBI_0403_chrm01_circ_4671531	NP_Ct_r03_2019_02_25_L003	98	0	1	0	1
HAMBI_0403_chrm01_circ_4703998	NP_Ct_r03_2019_02_25_L003	90	8	1	0	1
HAMBI_0403_chrm01_circ_4706872	NP_Ct_r03_2019_02_25_L003	2	115	1	0	1
HAMBI_0403_chrm01_circ_4743873	NP_Ct_r03_2019_02_25_L003	3	90	1	0	1
HAMBI_0403_chrm01_circ_4758856	NP_Ct_r03_2019_02_25_L003	97	0	1	0	1
HAMBI_0403_chrm01_circ_4795914	NP_Ct_r03_2019_02_25_L003	94	32	1	0	1
HAMBI_0403_chrm01_circ_4834353	NP_Ct_r03_2019_02_25_L003	97	21	1	0	1
HAMBI_0403_chrm01_circ_4841785	NP_Ct_r03_2019_02_25_L003	92	16	1	0	1
HAMBI_0403_chrm01_circ_4842908	NP_Ct_r03_2019_02_25_L003	6	101	1	0	1
HAMBI_0403_chrm01_circ_4937428	NP_Ct_r03_2019_02_25_L003	3	137	1	0	1
HAMBI_0403_chrm01_circ_4942669	NP_Ct_r03_2019_02_25_L003	82	15	1	0	1
HAMBI_0403_chrm01_circ_5049906	NP_Ct_r03_2019_02_25_L003	93	34	1	0	1
HAMBI_0403_chrm01_circ_5134215	NP_Ct_r03_2019_02_25_L003	3	96	1	0	1
HAMBI_0403_chrm01_circ_5191704	NP_Ct_r03_2019_02_25_L003	3	119	1	0	1
HAMBI_0403_chrm01_circ_5321557	NP_Ct_r03_2019_02_25_L003	49	38	1	0	1
HAMBI_0403_chrm01_circ_538720	NP_Ct_r03_2019_02_25_L003	89	32	1	0	1
HAMBI_0403_chrm01_circ_538801	NP_Ct_r03_2019_02_25_L003	79	37	1	0	1
HAMBI_0403_chrm01_circ_5508159	NP_Ct_r03_2019_02_25_L003	7	141	1	0	1
HAMBI_0403_chrm01_circ_5517902	NP_Ct_r03_2019_02_25_L003	4	104	1	0	1
HAMBI_0403_chrm01_circ_5628562	NP_Ct_r03_2019_02_25_L003	81	23	1	0	1
HAMBI_0403_chrm01_circ_5635035	NP_Ct_r03_2019_02_25_L003	1	87	1	0	1
HAMBI_0403_chrm01_circ_565418	NP_Ct_r03_2019_02_25_L003	86	32	1	0	1
HAMBI_0403_chrm01_circ_5681260	NP_Ct_r03_2019_02_25_L003	101	1	1	0	1
HAMBI_0403_chrm01_circ_5740020	NP_Ct_r03_2019_02_25_L003	72	32	1	0	1
HAMBI_0403_chrm01_circ_583929	NP_Ct_r03_2019_02_25_L003	94	3	1	0	1
HAMBI_0403_chrm01_circ_665062	NP_Ct_r03_2019_02_25_L003	0	104	1	0	1
HAMBI_0403_chrm01_circ_665133	NP_Ct_r03_2019_02_25_L003	1	105	1	0	1
HAMBI_0403_chrm01_circ_675744	NP_Ct_r03_2019_02_25_L003	72	32	1	0	1
HAMBI_0403_chrm01_circ_699008	NP_Ct_r03_2019_02_25_L003	1	107	1	0	1
HAMBI_0403_chrm01_circ_837160	NP_Ct_r03_2019_02_25_L003	101	0	1	0	1
HAMBI_0403_chrm01_circ_928479	NP_Ct_r03_2019_02_25_L003	4	102	1	0	1
HAMBI_0403_chrm01_circ_936004	NP_Ct_r03_2019_02_25_L003	100	12	1	0	1
HAMBI_0403_chrm01_circ_957842	NP_Ct_r03_2019_02_25_L003	2	100	1	0	1
HAMBI_0403_chrm01_circ_958622	NP_Ct_r03_2019_02_25_L003	103	0	1	0	1
HAMBI_0403_chrm01_circ_958829	NP_Ct_r03_2019_02_25_L003	86	2	1	0	1
HAMBI_0403_chrm01_circ_96646	NP_Ct_r03_2019_02_25_L003	4	121	1	0	1
