mutation_id	sample_id	ref_counts	alt_counts	major_cn	minor_cn	normal_cn
HAMBI_0403_chrm01_circ_1046497	PS_Ct_r03_2015_08_24_L001	70	0	1	0	1
HAMBI_0403_chrm01_circ_1080893	PS_Ct_r03_2015_08_24_L001	87	0	1	0	1
HAMBI_0403_chrm01_circ_1119336	PS_Ct_r03_2015_08_24_L001	77	0	1	0	1
HAMBI_0403_chrm01_circ_1119876	PS_Ct_r03_2015_08_24_L001	75	0	1	0	1
HAMBI_0403_chrm01_circ_1132164	PS_Ct_r03_2015_08_24_L001	87	0	1	0	1
HAMBI_0403_chrm01_circ_1154877	PS_Ct_r03_2015_08_24_L001	80	0	1	0	1
HAMBI_0403_chrm01_circ_1177878	PS_Ct_r03_2015_08_24_L001	82	0	1	0	1
HAMBI_0403_chrm01_circ_1191667	PS_Ct_r03_2015_08_24_L001	70	0	1	0	1
HAMBI_0403_chrm01_circ_1246798	PS_Ct_r03_2015_08_24_L001	89	0	1	0	1
HAMBI_0403_chrm01_circ_1272527	PS_Ct_r03_2015_08_24_L001	84	0	1	0	1
HAMBI_0403_chrm01_circ_1277340	PS_Ct_r03_2015_08_24_L001	79	0	1	0	1
HAMBI_0403_chrm01_circ_1295387	PS_Ct_r03_2015_08_24_L001	56	0	1	0	1
HAMBI_0403_chrm01_circ_1350046	PS_Ct_r03_2015_08_24_L001	117	0	1	0	1
HAMBI_0403_chrm01_circ_1359617	PS_Ct_r03_2015_08_24_L001	26	0	1	0	1
HAMBI_0403_chrm01_circ_1361345	PS_Ct_r03_2015_08_24_L001	91	0	1	0	1
HAMBI_0403_chrm01_circ_1392097	PS_Ct_r03_2015_08_24_L001	244	0	1	0	1
HAMBI_0403_chrm01_circ_1427994	PS_Ct_r03_2015_08_24_L001	81	0	1	0	1
HAMBI_0403_chrm01_circ_1449135	PS_Ct_r03_2015_08_24_L001	84	0	1	0	1
HAMBI_0403_chrm01_circ_1483274	PS_Ct_r03_2015_08_24_L001	67	0	1	0	1
HAMBI_0403_chrm01_circ_1488590	PS_Ct_r03_2015_08_24_L001	71	0	1	0	1
HAMBI_0403_chrm01_circ_15131	PS_Ct_r03_2015_08_24_L001	79	0	1	0	1
HAMBI_0403_chrm01_circ_1566075	PS_Ct_r03_2015_08_24_L001	89	0	1	0	1
HAMBI_0403_chrm01_circ_1610814	PS_Ct_r03_2015_08_24_L001	61	0	1	0	1
HAMBI_0403_chrm01_circ_161831	PS_Ct_r03_2015_08_24_L001	75	0	1	0	1
HAMBI_0403_chrm01_circ_16427	PS_Ct_r03_2015_08_24_L001	113	0	1	0	1
HAMBI_0403_chrm01_circ_1649857	PS_Ct_r03_2015_08_24_L001	84	0	1	0	1
HAMBI_0403_chrm01_circ_1732518	PS_Ct_r03_2015_08_24_L001	67	0	1	0	1
HAMBI_0403_chrm01_circ_1738117	PS_Ct_r03_2015_08_24_L001	82	0	1	0	1
HAMBI_0403_chrm01_circ_1759579	PS_Ct_r03_2015_08_24_L001	68	0	1	0	1
HAMBI_0403_chrm01_circ_177120	PS_Ct_r03_2015_08_24_L001	82	0	1	0	1
HAMBI_0403_chrm01_circ_1820962	PS_Ct_r03_2015_08_24_L001	81	0	1	0	1
HAMBI_0403_chrm01_circ_1887917	PS_Ct_r03_2015_08_24_L001	68	0	1	0	1
HAMBI_0403_chrm01_circ_1930553	PS_Ct_r03_2015_08_24_L001	81	0	1	0	1
HAMBI_0403_chrm01_circ_1942108	PS_Ct_r03_2015_08_24_L001	100	0	1	0	1
HAMBI_0403_chrm01_circ_1954454	PS_Ct_r03_2015_08_24_L001	73	0	1	0	1
HAMBI_0403_chrm01_circ_1956423	PS_Ct_r03_2015_08_24_L001	89	0	1	0	1
HAMBI_0403_chrm01_circ_1975660	PS_Ct_r03_2015_08_24_L001	66	0	1	0	1
HAMBI_0403_chrm01_circ_1977057	PS_Ct_r03_2015_08_24_L001	72	0	1	0	1
HAMBI_0403_chrm01_circ_2030365	PS_Ct_r03_2015_08_24_L001	78	0	1	0	1
HAMBI_0403_chrm01_circ_203280	PS_Ct_r03_2015_08_24_L001	88	0	1	0	1
HAMBI_0403_chrm01_circ_2047425	PS_Ct_r03_2015_08_24_L001	79	0	1	0	1
HAMBI_0403_chrm01_circ_204962	PS_Ct_r03_2015_08_24_L001	79	0	1	0	1
HAMBI_0403_chrm01_circ_2107547	PS_Ct_r03_2015_08_24_L001	66	0	1	0	1
HAMBI_0403_chrm01_circ_2168329	PS_Ct_r03_2015_08_24_L001	71	0	1	0	1
HAMBI_0403_chrm01_circ_2211058	PS_Ct_r03_2015_08_24_L001	91	0	1	0	1
HAMBI_0403_chrm01_circ_2255124	PS_Ct_r03_2015_08_24_L001	77	0	1	0	1
HAMBI_0403_chrm01_circ_2326138	PS_Ct_r03_2015_08_24_L001	75	0	1	0	1
HAMBI_0403_chrm01_circ_23479	PS_Ct_r03_2015_08_24_L001	97	0	1	0	1
HAMBI_0403_chrm01_circ_2442113	PS_Ct_r03_2015_08_24_L001	65	0	1	0	1
HAMBI_0403_chrm01_circ_2515857	PS_Ct_r03_2015_08_24_L001	89	0	1	0	1
HAMBI_0403_chrm01_circ_2636197	PS_Ct_r03_2015_08_24_L001	66	0	1	0	1
HAMBI_0403_chrm01_circ_264681	PS_Ct_r03_2015_08_24_L001	101	0	1	0	1
HAMBI_0403_chrm01_circ_2648858	PS_Ct_r03_2015_08_24_L001	70	0	1	0	1
HAMBI_0403_chrm01_circ_2663531	PS_Ct_r03_2015_08_24_L001	86	0	1	0	1
HAMBI_0403_chrm01_circ_267791	PS_Ct_r03_2015_08_24_L001	56	0	1	0	1
HAMBI_0403_chrm01_circ_2688975	PS_Ct_r03_2015_08_24_L001	78	0	1	0	1
HAMBI_0403_chrm01_circ_2693322	PS_Ct_r03_2015_08_24_L001	75	0	1	0	1
HAMBI_0403_chrm01_circ_2734043	PS_Ct_r03_2015_08_24_L001	79	0	1	0	1
HAMBI_0403_chrm01_circ_2751601	PS_Ct_r03_2015_08_24_L001	93	0	1	0	1
HAMBI_0403_chrm01_circ_2752133	PS_Ct_r03_2015_08_24_L001	76	0	1	0	1
HAMBI_0403_chrm01_circ_2754629	PS_Ct_r03_2015_08_24_L001	83	0	1	0	1
HAMBI_0403_chrm01_circ_2793634	PS_Ct_r03_2015_08_24_L001	87	0	1	0	1
HAMBI_0403_chrm01_circ_281980	PS_Ct_r03_2015_08_24_L001	62	0	1	0	1
HAMBI_0403_chrm01_circ_2888794	PS_Ct_r03_2015_08_24_L001	87	0	1	0	1
HAMBI_0403_chrm01_circ_292417	PS_Ct_r03_2015_08_24_L001	89	0	1	0	1
HAMBI_0403_chrm01_circ_2926993	PS_Ct_r03_2015_08_24_L001	81	0	1	0	1
HAMBI_0403_chrm01_circ_2930190	PS_Ct_r03_2015_08_24_L001	74	0	1	0	1
HAMBI_0403_chrm01_circ_2953973	PS_Ct_r03_2015_08_24_L001	80	0	1	0	1
HAMBI_0403_chrm01_circ_2957163	PS_Ct_r03_2015_08_24_L001	79	0	1	0	1
HAMBI_0403_chrm01_circ_2970233	PS_Ct_r03_2015_08_24_L001	72	0	1	0	1
HAMBI_0403_chrm01_circ_2992565	PS_Ct_r03_2015_08_24_L001	94	0	1	0	1
HAMBI_0403_chrm01_circ_2996524	PS_Ct_r03_2015_08_24_L001	92	0	1	0	1
HAMBI_0403_chrm01_circ_3087888	PS_Ct_r03_2015_08_24_L001	101	0	1	0	1
HAMBI_0403_chrm01_circ_3109922	PS_Ct_r03_2015_08_24_L001	99	0	1	0	1
HAMBI_0403_chrm01_circ_3118967	PS_Ct_r03_2015_08_24_L001	104	0	1	0	1
HAMBI_0403_chrm01_circ_3144725	PS_Ct_r03_2015_08_24_L001	84	0	1	0	1
HAMBI_0403_chrm01_circ_3149518	PS_Ct_r03_2015_08_24_L001	79	0	1	0	1
HAMBI_0403_chrm01_circ_3154053	PS_Ct_r03_2015_08_24_L001	64	0	1	0	1
HAMBI_0403_chrm01_circ_3211528	PS_Ct_r03_2015_08_24_L001	57	0	1	0	1
HAMBI_0403_chrm01_circ_3229165	PS_Ct_r03_2015_08_24_L001	86	0	1	0	1
HAMBI_0403_chrm01_circ_3250514	PS_Ct_r03_2015_08_24_L001	97	0	1	0	1
HAMBI_0403_chrm01_circ_3276660	PS_Ct_r03_2015_08_24_L001	70	0	1	0	1
HAMBI_0403_chrm01_circ_3281194	PS_Ct_r03_2015_08_24_L001	43	0	1	0	1
HAMBI_0403_chrm01_circ_3300154	PS_Ct_r03_2015_08_24_L001	84	0	1	0	1
HAMBI_0403_chrm01_circ_3322437	PS_Ct_r03_2015_08_24_L001	64	0	1	0	1
HAMBI_0403_chrm01_circ_3322622	PS_Ct_r03_2015_08_24_L001	67	0	1	0	1
HAMBI_0403_chrm01_circ_3329629	PS_Ct_r03_2015_08_24_L001	85	0	1	0	1
HAMBI_0403_chrm01_circ_338614	PS_Ct_r03_2015_08_24_L001	78	0	1	0	1
HAMBI_0403_chrm01_circ_3393687	PS_Ct_r03_2015_08_24_L001	110	0	1	0	1
HAMBI_0403_chrm01_circ_3394128	PS_Ct_r03_2015_08_24_L001	104	0	1	0	1
HAMBI_0403_chrm01_circ_3405266	PS_Ct_r03_2015_08_24_L001	93	0	1	0	1
HAMBI_0403_chrm01_circ_340602	PS_Ct_r03_2015_08_24_L001	71	0	1	0	1
HAMBI_0403_chrm01_circ_3418753	PS_Ct_r03_2015_08_24_L001	102	0	1	0	1
HAMBI_0403_chrm01_circ_3459098	PS_Ct_r03_2015_08_24_L001	59	0	1	0	1
HAMBI_0403_chrm01_circ_3460941	PS_Ct_r03_2015_08_24_L001	63	0	1	0	1
HAMBI_0403_chrm01_circ_3461599	PS_Ct_r03_2015_08_24_L001	57	0	1	0	1
HAMBI_0403_chrm01_circ_3489004	PS_Ct_r03_2015_08_24_L001	77	0	1	0	1
HAMBI_0403_chrm01_circ_355460	PS_Ct_r03_2015_08_24_L001	80	0	1	0	1
HAMBI_0403_chrm01_circ_3555176	PS_Ct_r03_2015_08_24_L001	82	0	1	0	1
HAMBI_0403_chrm01_circ_3560450	PS_Ct_r03_2015_08_24_L001	101	0	1	0	1
HAMBI_0403_chrm01_circ_3567764	PS_Ct_r03_2015_08_24_L001	72	0	1	0	1
HAMBI_0403_chrm01_circ_3601720	PS_Ct_r03_2015_08_24_L001	79	0	1	0	1
HAMBI_0403_chrm01_circ_360522	PS_Ct_r03_2015_08_24_L001	56	0	1	0	1
HAMBI_0403_chrm01_circ_3647008	PS_Ct_r03_2015_08_24_L001	86	0	1	0	1
HAMBI_0403_chrm01_circ_3652328	PS_Ct_r03_2015_08_24_L001	86	0	1	0	1
HAMBI_0403_chrm01_circ_3734676	PS_Ct_r03_2015_08_24_L001	79	0	1	0	1
HAMBI_0403_chrm01_circ_3808590	PS_Ct_r03_2015_08_24_L001	85	0	1	0	1
HAMBI_0403_chrm01_circ_3813095	PS_Ct_r03_2015_08_24_L001	86	0	1	0	1
HAMBI_0403_chrm01_circ_3832814	PS_Ct_r03_2015_08_24_L001	79	0	1	0	1
HAMBI_0403_chrm01_circ_3885292	PS_Ct_r03_2015_08_24_L001	71	0	1	0	1
HAMBI_0403_chrm01_circ_3900399	PS_Ct_r03_2015_08_24_L001	70	0	1	0	1
HAMBI_0403_chrm01_circ_3910589	PS_Ct_r03_2015_08_24_L001	113	0	1	0	1
HAMBI_0403_chrm01_circ_3911084	PS_Ct_r03_2015_08_24_L001	75	0	1	0	1
HAMBI_0403_chrm01_circ_3993103	PS_Ct_r03_2015_08_24_L001	86	0	1	0	1
HAMBI_0403_chrm01_circ_4025643	PS_Ct_r03_2015_08_24_L001	119	0	1	0	1
HAMBI_0403_chrm01_circ_4025652	PS_Ct_r03_2015_08_24_L001	132	0	1	0	1
HAMBI_0403_chrm01_circ_4025663	PS_Ct_r03_2015_08_24_L001	147	0	1	0	1
HAMBI_0403_chrm01_circ_4025670	PS_Ct_r03_2015_08_24_L001	137	0	1	0	1
HAMBI_0403_chrm01_circ_4025677	PS_Ct_r03_2015_08_24_L001	140	0	1	0	1
HAMBI_0403_chrm01_circ_4025698	PS_Ct_r03_2015_08_24_L001	147	0	1	0	1
HAMBI_0403_chrm01_circ_4025700	PS_Ct_r03_2015_08_24_L001	156	0	1	0	1
HAMBI_0403_chrm01_circ_4040615	PS_Ct_r03_2015_08_24_L001	62	0	1	0	1
HAMBI_0403_chrm01_circ_4047471	PS_Ct_r03_2015_08_24_L001	78	0	1	0	1
HAMBI_0403_chrm01_circ_4063903	PS_Ct_r03_2015_08_24_L001	93	0	1	0	1
HAMBI_0403_chrm01_circ_4082916	PS_Ct_r03_2015_08_24_L001	90	0	1	0	1
HAMBI_0403_chrm01_circ_4098318	PS_Ct_r03_2015_08_24_L001	66	0	1	0	1
HAMBI_0403_chrm01_circ_4111761	PS_Ct_r03_2015_08_24_L001	87	0	1	0	1
HAMBI_0403_chrm01_circ_4119675	PS_Ct_r03_2015_08_24_L001	103	0	1	0	1
HAMBI_0403_chrm01_circ_4204317	PS_Ct_r03_2015_08_24_L001	90	0	1	0	1
HAMBI_0403_chrm01_circ_4211806	PS_Ct_r03_2015_08_24_L001	87	0	1	0	1
HAMBI_0403_chrm01_circ_4225781	PS_Ct_r03_2015_08_24_L001	49	0	1	0	1
HAMBI_0403_chrm01_circ_4227635	PS_Ct_r03_2015_08_24_L001	85	0	1	0	1
HAMBI_0403_chrm01_circ_4252605	PS_Ct_r03_2015_08_24_L001	57	0	1	0	1
HAMBI_0403_chrm01_circ_4295930	PS_Ct_r03_2015_08_24_L001	78	0	1	0	1
HAMBI_0403_chrm01_circ_4332767	PS_Ct_r03_2015_08_24_L001	86	0	1	0	1
HAMBI_0403_chrm01_circ_434325	PS_Ct_r03_2015_08_24_L001	74	0	1	0	1
HAMBI_0403_chrm01_circ_4367530	PS_Ct_r03_2015_08_24_L001	86	0	1	0	1
HAMBI_0403_chrm01_circ_4378839	PS_Ct_r03_2015_08_24_L001	61	0	1	0	1
HAMBI_0403_chrm01_circ_4384070	PS_Ct_r03_2015_08_24_L001	65	0	1	0	1
HAMBI_0403_chrm01_circ_440957	PS_Ct_r03_2015_08_24_L001	67	0	1	0	1
HAMBI_0403_chrm01_circ_4424328	PS_Ct_r03_2015_08_24_L001	102	0	1	0	1
HAMBI_0403_chrm01_circ_4450072	PS_Ct_r03_2015_08_24_L001	84	0	1	0	1
HAMBI_0403_chrm01_circ_4483742	PS_Ct_r03_2015_08_24_L001	80	0	1	0	1
HAMBI_0403_chrm01_circ_4537667	PS_Ct_r03_2015_08_24_L001	102	0	1	0	1
HAMBI_0403_chrm01_circ_4568561	PS_Ct_r03_2015_08_24_L001	72	0	1	0	1
HAMBI_0403_chrm01_circ_4574843	PS_Ct_r03_2015_08_24_L001	69	0	1	0	1
HAMBI_0403_chrm01_circ_4597956	PS_Ct_r03_2015_08_24_L001	92	0	1	0	1
HAMBI_0403_chrm01_circ_4629677	PS_Ct_r03_2015_08_24_L001	72	0	1	0	1
HAMBI_0403_chrm01_circ_4750362	PS_Ct_r03_2015_08_24_L001	75	0	1	0	1
HAMBI_0403_chrm01_circ_4761505	PS_Ct_r03_2015_08_24_L001	24	0	1	0	1
HAMBI_0403_chrm01_circ_4792076	PS_Ct_r03_2015_08_24_L001	82	0	1	0	1
HAMBI_0403_chrm01_circ_4807897	PS_Ct_r03_2015_08_24_L001	75	0	1	0	1
HAMBI_0403_chrm01_circ_4807942	PS_Ct_r03_2015_08_24_L001	60	0	1	0	1
HAMBI_0403_chrm01_circ_4815800	PS_Ct_r03_2015_08_24_L001	98	0	1	0	1
HAMBI_0403_chrm01_circ_4827495	PS_Ct_r03_2015_08_24_L001	79	0	1	0	1
HAMBI_0403_chrm01_circ_4829007	PS_Ct_r03_2015_08_24_L001	68	0	1	0	1
HAMBI_0403_chrm01_circ_4829050	PS_Ct_r03_2015_08_24_L001	75	1	1	0	1
HAMBI_0403_chrm01_circ_4831235	PS_Ct_r03_2015_08_24_L001	70	0	1	0	1
HAMBI_0403_chrm01_circ_4893344	PS_Ct_r03_2015_08_24_L001	66	0	1	0	1
HAMBI_0403_chrm01_circ_4947683	PS_Ct_r03_2015_08_24_L001	87	0	1	0	1
HAMBI_0403_chrm01_circ_4968639	PS_Ct_r03_2015_08_24_L001	77	0	1	0	1
HAMBI_0403_chrm01_circ_4973982	PS_Ct_r03_2015_08_24_L001	95	0	1	0	1
HAMBI_0403_chrm01_circ_4994802	PS_Ct_r03_2015_08_24_L001	86	0	1	0	1
HAMBI_0403_chrm01_circ_500037	PS_Ct_r03_2015_08_24_L001	65	0	1	0	1
HAMBI_0403_chrm01_circ_5035898	PS_Ct_r03_2015_08_24_L001	52	0	1	0	1
HAMBI_0403_chrm01_circ_5041374	PS_Ct_r03_2015_08_24_L001	67	0	1	0	1
HAMBI_0403_chrm01_circ_5060025	PS_Ct_r03_2015_08_24_L001	96	0	1	0	1
HAMBI_0403_chrm01_circ_5074286	PS_Ct_r03_2015_08_24_L001	71	0	1	0	1
HAMBI_0403_chrm01_circ_5102598	PS_Ct_r03_2015_08_24_L001	82	0	1	0	1
HAMBI_0403_chrm01_circ_5106025	PS_Ct_r03_2015_08_24_L001	73	0	1	0	1
HAMBI_0403_chrm01_circ_5130785	PS_Ct_r03_2015_08_24_L001	74	0	1	0	1
HAMBI_0403_chrm01_circ_5165364	PS_Ct_r03_2015_08_24_L001	433	2	1	0	1
HAMBI_0403_chrm01_circ_5170782	PS_Ct_r03_2015_08_24_L001	374	1	1	0	1
HAMBI_0403_chrm01_circ_5191327	PS_Ct_r03_2015_08_24_L001	65	0	1	0	1
HAMBI_0403_chrm01_circ_5198807	PS_Ct_r03_2015_08_24_L001	66	0	1	0	1
HAMBI_0403_chrm01_circ_522539	PS_Ct_r03_2015_08_24_L001	65	0	1	0	1
HAMBI_0403_chrm01_circ_5277914	PS_Ct_r03_2015_08_24_L001	86	0	1	0	1
HAMBI_0403_chrm01_circ_5317143	PS_Ct_r03_2015_08_24_L001	100	0	1	0	1
HAMBI_0403_chrm01_circ_5369259	PS_Ct_r03_2015_08_24_L001	64	0	1	0	1
HAMBI_0403_chrm01_circ_5380330	PS_Ct_r03_2015_08_24_L001	80	0	1	0	1
HAMBI_0403_chrm01_circ_5387471	PS_Ct_r03_2015_08_24_L001	75	0	1	0	1
HAMBI_0403_chrm01_circ_5407887	PS_Ct_r03_2015_08_24_L001	64	0	1	0	1
HAMBI_0403_chrm01_circ_5435929	PS_Ct_r03_2015_08_24_L001	83	0	1	0	1
HAMBI_0403_chrm01_circ_5447164	PS_Ct_r03_2015_08_24_L001	97	0	1	0	1
HAMBI_0403_chrm01_circ_5448089	PS_Ct_r03_2015_08_24_L001	90	0	1	0	1
HAMBI_0403_chrm01_circ_5454777	PS_Ct_r03_2015_08_24_L001	105	0	1	0	1
HAMBI_0403_chrm01_circ_5466654	PS_Ct_r03_2015_08_24_L001	101	0	1	0	1
HAMBI_0403_chrm01_circ_5476119	PS_Ct_r03_2015_08_24_L001	67	0	1	0	1
HAMBI_0403_chrm01_circ_5571996	PS_Ct_r03_2015_08_24_L001	82	0	1	0	1
HAMBI_0403_chrm01_circ_5605380	PS_Ct_r03_2015_08_24_L001	101	0	1	0	1
HAMBI_0403_chrm01_circ_5649091	PS_Ct_r03_2015_08_24_L001	87	0	1	0	1
HAMBI_0403_chrm01_circ_5741782	PS_Ct_r03_2015_08_24_L001	93	0	1	0	1
HAMBI_0403_chrm01_circ_575080	PS_Ct_r03_2015_08_24_L001	72	1	1	0	1
HAMBI_0403_chrm01_circ_5775702	PS_Ct_r03_2015_08_24_L001	75	0	1	0	1
HAMBI_0403_chrm01_circ_61587	PS_Ct_r03_2015_08_24_L001	97	0	1	0	1
HAMBI_0403_chrm01_circ_673240	PS_Ct_r03_2015_08_24_L001	83	0	1	0	1
HAMBI_0403_chrm01_circ_674307	PS_Ct_r03_2015_08_24_L001	74	0	1	0	1
HAMBI_0403_chrm01_circ_674960	PS_Ct_r03_2015_08_24_L001	88	0	1	0	1
HAMBI_0403_chrm01_circ_693893	PS_Ct_r03_2015_08_24_L001	109	0	1	0	1
HAMBI_0403_chrm01_circ_698904	PS_Ct_r03_2015_08_24_L001	85	0	1	0	1
HAMBI_0403_chrm01_circ_70627	PS_Ct_r03_2015_08_24_L001	84	0	1	0	1
HAMBI_0403_chrm01_circ_736327	PS_Ct_r03_2015_08_24_L001	85	0	1	0	1
HAMBI_0403_chrm01_circ_755508	PS_Ct_r03_2015_08_24_L001	84	0	1	0	1
HAMBI_0403_chrm01_circ_759084	PS_Ct_r03_2015_08_24_L001	89	0	1	0	1
HAMBI_0403_chrm01_circ_78846	PS_Ct_r03_2015_08_24_L001	98	0	1	0	1
HAMBI_0403_chrm01_circ_790661	PS_Ct_r03_2015_08_24_L001	92	0	1	0	1
HAMBI_0403_chrm01_circ_808688	PS_Ct_r03_2015_08_24_L001	74	0	1	0	1
HAMBI_0403_chrm01_circ_814505	PS_Ct_r03_2015_08_24_L001	121	0	1	0	1
HAMBI_0403_chrm01_circ_823961	PS_Ct_r03_2015_08_24_L001	98	0	1	0	1
HAMBI_0403_chrm01_circ_83834	PS_Ct_r03_2015_08_24_L001	64	0	1	0	1
HAMBI_0403_chrm01_circ_868194	PS_Ct_r03_2015_08_24_L001	83	0	1	0	1
HAMBI_0403_chrm01_circ_905331	PS_Ct_r03_2015_08_24_L001	85	0	1	0	1
HAMBI_0403_chrm01_circ_928195	PS_Ct_r03_2015_08_24_L001	82	0	1	0	1
HAMBI_0403_chrm01_circ_946980	PS_Ct_r03_2015_08_24_L001	80	0	1	0	1
HAMBI_0403_chrm01_circ_955334	PS_Ct_r03_2015_08_24_L001	63	0	1	0	1
HAMBI_0403_chrm01_circ_958358	PS_Ct_r03_2015_08_24_L001	82	0	1	0	1
HAMBI_0403_chrm01_circ_958650	PS_Ct_r03_2015_08_24_L001	80	0	1	0	1
HAMBI_0403_chrm01_circ_96390	PS_Ct_r03_2015_08_24_L001	84	0	1	0	1
HAMBI_0403_chrm01_circ_99072	PS_Ct_r03_2015_08_24_L001	90	0	1	0	1
HAMBI_0403_chrm01_circ_99696	PS_Ct_r03_2015_08_24_L001	95	0	1	0	1
HAMBI_0403_plas01_circ_13169	PS_Ct_r03_2015_08_24_L001	86	0	1	0	1
HAMBI_0403_plas01_circ_31558	PS_Ct_r03_2015_08_24_L001	73	0	1	0	1
HAMBI_0403_chrm01_circ_1046497	PS_Ct_r03_2015_09_21_L001	61	0	1	0	1
HAMBI_0403_chrm01_circ_1080893	PS_Ct_r03_2015_09_21_L001	66	0	1	0	1
HAMBI_0403_chrm01_circ_1119336	PS_Ct_r03_2015_09_21_L001	81	0	1	0	1
HAMBI_0403_chrm01_circ_1119876	PS_Ct_r03_2015_09_21_L001	50	0	1	0	1
HAMBI_0403_chrm01_circ_1132164	PS_Ct_r03_2015_09_21_L001	77	0	1	0	1
HAMBI_0403_chrm01_circ_1154877	PS_Ct_r03_2015_09_21_L001	69	0	1	0	1
HAMBI_0403_chrm01_circ_1177878	PS_Ct_r03_2015_09_21_L001	72	0	1	0	1
HAMBI_0403_chrm01_circ_1191667	PS_Ct_r03_2015_09_21_L001	73	0	1	0	1
HAMBI_0403_chrm01_circ_1246798	PS_Ct_r03_2015_09_21_L001	59	0	1	0	1
HAMBI_0403_chrm01_circ_1272527	PS_Ct_r03_2015_09_21_L001	65	0	1	0	1
HAMBI_0403_chrm01_circ_1277340	PS_Ct_r03_2015_09_21_L001	63	0	1	0	1
HAMBI_0403_chrm01_circ_1295387	PS_Ct_r03_2015_09_21_L001	62	0	1	0	1
HAMBI_0403_chrm01_circ_1350046	PS_Ct_r03_2015_09_21_L001	101	0	1	0	1
HAMBI_0403_chrm01_circ_1359617	PS_Ct_r03_2015_09_21_L001	11	0	1	0	1
HAMBI_0403_chrm01_circ_1361345	PS_Ct_r03_2015_09_21_L001	63	0	1	0	1
HAMBI_0403_chrm01_circ_1392097	PS_Ct_r03_2015_09_21_L001	206	93	1	0	1
HAMBI_0403_chrm01_circ_1427994	PS_Ct_r03_2015_09_21_L001	78	0	1	0	1
HAMBI_0403_chrm01_circ_1449135	PS_Ct_r03_2015_09_21_L001	76	0	1	0	1
HAMBI_0403_chrm01_circ_1483274	PS_Ct_r03_2015_09_21_L001	59	0	1	0	1
HAMBI_0403_chrm01_circ_1488590	PS_Ct_r03_2015_09_21_L001	79	0	1	0	1
HAMBI_0403_chrm01_circ_15131	PS_Ct_r03_2015_09_21_L001	84	0	1	0	1
HAMBI_0403_chrm01_circ_1566075	PS_Ct_r03_2015_09_21_L001	86	0	1	0	1
HAMBI_0403_chrm01_circ_1610814	PS_Ct_r03_2015_09_21_L001	27	32	1	0	1
HAMBI_0403_chrm01_circ_161831	PS_Ct_r03_2015_09_21_L001	62	0	1	0	1
HAMBI_0403_chrm01_circ_16427	PS_Ct_r03_2015_09_21_L001	95	0	1	0	1
HAMBI_0403_chrm01_circ_1649857	PS_Ct_r03_2015_09_21_L001	65	0	1	0	1
HAMBI_0403_chrm01_circ_1732518	PS_Ct_r03_2015_09_21_L001	54	0	1	0	1
HAMBI_0403_chrm01_circ_1738117	PS_Ct_r03_2015_09_21_L001	72	0	1	0	1
HAMBI_0403_chrm01_circ_1759579	PS_Ct_r03_2015_09_21_L001	50	0	1	0	1
HAMBI_0403_chrm01_circ_177120	PS_Ct_r03_2015_09_21_L001	66	0	1	0	1
HAMBI_0403_chrm01_circ_1820962	PS_Ct_r03_2015_09_21_L001	70	0	1	0	1
HAMBI_0403_chrm01_circ_1887917	PS_Ct_r03_2015_09_21_L001	57	0	1	0	1
HAMBI_0403_chrm01_circ_1930553	PS_Ct_r03_2015_09_21_L001	48	0	1	0	1
HAMBI_0403_chrm01_circ_1942108	PS_Ct_r03_2015_09_21_L001	50	0	1	0	1
HAMBI_0403_chrm01_circ_1954454	PS_Ct_r03_2015_09_21_L001	62	0	1	0	1
HAMBI_0403_chrm01_circ_1956423	PS_Ct_r03_2015_09_21_L001	56	0	1	0	1
HAMBI_0403_chrm01_circ_1975660	PS_Ct_r03_2015_09_21_L001	55	0	1	0	1
HAMBI_0403_chrm01_circ_1977057	PS_Ct_r03_2015_09_21_L001	70	0	1	0	1
HAMBI_0403_chrm01_circ_2030365	PS_Ct_r03_2015_09_21_L001	63	0	1	0	1
HAMBI_0403_chrm01_circ_203280	PS_Ct_r03_2015_09_21_L001	90	0	1	0	1
HAMBI_0403_chrm01_circ_2047425	PS_Ct_r03_2015_09_21_L001	60	0	1	0	1
HAMBI_0403_chrm01_circ_204962	PS_Ct_r03_2015_09_21_L001	75	0	1	0	1
HAMBI_0403_chrm01_circ_2107547	PS_Ct_r03_2015_09_21_L001	67	0	1	0	1
HAMBI_0403_chrm01_circ_2168329	PS_Ct_r03_2015_09_21_L001	54	0	1	0	1
HAMBI_0403_chrm01_circ_2211058	PS_Ct_r03_2015_09_21_L001	71	0	1	0	1
HAMBI_0403_chrm01_circ_2255124	PS_Ct_r03_2015_09_21_L001	78	0	1	0	1
HAMBI_0403_chrm01_circ_2326138	PS_Ct_r03_2015_09_21_L001	71	0	1	0	1
HAMBI_0403_chrm01_circ_23479	PS_Ct_r03_2015_09_21_L001	73	0	1	0	1
HAMBI_0403_chrm01_circ_2442113	PS_Ct_r03_2015_09_21_L001	63	0	1	0	1
HAMBI_0403_chrm01_circ_2515857	PS_Ct_r03_2015_09_21_L001	62	0	1	0	1
HAMBI_0403_chrm01_circ_2636197	PS_Ct_r03_2015_09_21_L001	77	0	1	0	1
HAMBI_0403_chrm01_circ_264681	PS_Ct_r03_2015_09_21_L001	84	0	1	0	1
HAMBI_0403_chrm01_circ_2648858	PS_Ct_r03_2015_09_21_L001	66	0	1	0	1
HAMBI_0403_chrm01_circ_2663531	PS_Ct_r03_2015_09_21_L001	71	0	1	0	1
HAMBI_0403_chrm01_circ_267791	PS_Ct_r03_2015_09_21_L001	51	0	1	0	1
HAMBI_0403_chrm01_circ_2688975	PS_Ct_r03_2015_09_21_L001	70	0	1	0	1
HAMBI_0403_chrm01_circ_2693322	PS_Ct_r03_2015_09_21_L001	53	0	1	0	1
HAMBI_0403_chrm01_circ_2734043	PS_Ct_r03_2015_09_21_L001	49	0	1	0	1
HAMBI_0403_chrm01_circ_2751601	PS_Ct_r03_2015_09_21_L001	62	0	1	0	1
HAMBI_0403_chrm01_circ_2752133	PS_Ct_r03_2015_09_21_L001	58	0	1	0	1
HAMBI_0403_chrm01_circ_2754629	PS_Ct_r03_2015_09_21_L001	81	0	1	0	1
HAMBI_0403_chrm01_circ_2793634	PS_Ct_r03_2015_09_21_L001	54	0	1	0	1
HAMBI_0403_chrm01_circ_281980	PS_Ct_r03_2015_09_21_L001	74	0	1	0	1
HAMBI_0403_chrm01_circ_2888794	PS_Ct_r03_2015_09_21_L001	55	0	1	0	1
HAMBI_0403_chrm01_circ_292417	PS_Ct_r03_2015_09_21_L001	63	0	1	0	1
HAMBI_0403_chrm01_circ_2926993	PS_Ct_r03_2015_09_21_L001	61	0	1	0	1
HAMBI_0403_chrm01_circ_2930190	PS_Ct_r03_2015_09_21_L001	68	0	1	0	1
HAMBI_0403_chrm01_circ_2953973	PS_Ct_r03_2015_09_21_L001	67	0	1	0	1
HAMBI_0403_chrm01_circ_2957163	PS_Ct_r03_2015_09_21_L001	71	0	1	0	1
HAMBI_0403_chrm01_circ_2970233	PS_Ct_r03_2015_09_21_L001	53	0	1	0	1
HAMBI_0403_chrm01_circ_2992565	PS_Ct_r03_2015_09_21_L001	84	0	1	0	1
HAMBI_0403_chrm01_circ_2996524	PS_Ct_r03_2015_09_21_L001	80	0	1	0	1
HAMBI_0403_chrm01_circ_3087888	PS_Ct_r03_2015_09_21_L001	81	0	1	0	1
HAMBI_0403_chrm01_circ_3109922	PS_Ct_r03_2015_09_21_L001	74	0	1	0	1
HAMBI_0403_chrm01_circ_3118967	PS_Ct_r03_2015_09_21_L001	54	0	1	0	1
HAMBI_0403_chrm01_circ_3144725	PS_Ct_r03_2015_09_21_L001	63	0	1	0	1
HAMBI_0403_chrm01_circ_3149518	PS_Ct_r03_2015_09_21_L001	73	0	1	0	1
HAMBI_0403_chrm01_circ_3154053	PS_Ct_r03_2015_09_21_L001	49	0	1	0	1
HAMBI_0403_chrm01_circ_3211528	PS_Ct_r03_2015_09_21_L001	51	0	1	0	1
HAMBI_0403_chrm01_circ_3229165	PS_Ct_r03_2015_09_21_L001	70	0	1	0	1
HAMBI_0403_chrm01_circ_3250514	PS_Ct_r03_2015_09_21_L001	87	0	1	0	1
HAMBI_0403_chrm01_circ_3276660	PS_Ct_r03_2015_09_21_L001	78	0	1	0	1
HAMBI_0403_chrm01_circ_3281194	PS_Ct_r03_2015_09_21_L001	19	0	1	0	1
HAMBI_0403_chrm01_circ_3300154	PS_Ct_r03_2015_09_21_L001	61	2	1	0	1
HAMBI_0403_chrm01_circ_3322437	PS_Ct_r03_2015_09_21_L001	52	0	1	0	1
HAMBI_0403_chrm01_circ_3322622	PS_Ct_r03_2015_09_21_L001	72	0	1	0	1
HAMBI_0403_chrm01_circ_3329629	PS_Ct_r03_2015_09_21_L001	56	0	1	0	1
HAMBI_0403_chrm01_circ_338614	PS_Ct_r03_2015_09_21_L001	49	0	1	0	1
HAMBI_0403_chrm01_circ_3393687	PS_Ct_r03_2015_09_21_L001	41	0	1	0	1
HAMBI_0403_chrm01_circ_3394128	PS_Ct_r03_2015_09_21_L001	62	7	1	0	1
HAMBI_0403_chrm01_circ_3405266	PS_Ct_r03_2015_09_21_L001	77	0	1	0	1
HAMBI_0403_chrm01_circ_340602	PS_Ct_r03_2015_09_21_L001	66	0	1	0	1
HAMBI_0403_chrm01_circ_3418753	PS_Ct_r03_2015_09_21_L001	74	0	1	0	1
HAMBI_0403_chrm01_circ_3459098	PS_Ct_r03_2015_09_21_L001	63	0	1	0	1
HAMBI_0403_chrm01_circ_3460941	PS_Ct_r03_2015_09_21_L001	52	0	1	0	1
HAMBI_0403_chrm01_circ_3461599	PS_Ct_r03_2015_09_21_L001	33	0	1	0	1
HAMBI_0403_chrm01_circ_3489004	PS_Ct_r03_2015_09_21_L001	49	0	1	0	1
HAMBI_0403_chrm01_circ_355460	PS_Ct_r03_2015_09_21_L001	67	0	1	0	1
HAMBI_0403_chrm01_circ_3555176	PS_Ct_r03_2015_09_21_L001	89	0	1	0	1
HAMBI_0403_chrm01_circ_3560450	PS_Ct_r03_2015_09_21_L001	66	0	1	0	1
HAMBI_0403_chrm01_circ_3567764	PS_Ct_r03_2015_09_21_L001	58	0	1	0	1
HAMBI_0403_chrm01_circ_3601720	PS_Ct_r03_2015_09_21_L001	50	0	1	0	1
HAMBI_0403_chrm01_circ_360522	PS_Ct_r03_2015_09_21_L001	56	0	1	0	1
HAMBI_0403_chrm01_circ_3647008	PS_Ct_r03_2015_09_21_L001	61	0	1	0	1
HAMBI_0403_chrm01_circ_3652328	PS_Ct_r03_2015_09_21_L001	81	0	1	0	1
HAMBI_0403_chrm01_circ_3734676	PS_Ct_r03_2015_09_21_L001	54	0	1	0	1
HAMBI_0403_chrm01_circ_3808590	PS_Ct_r03_2015_09_21_L001	68	0	1	0	1
HAMBI_0403_chrm01_circ_3813095	PS_Ct_r03_2015_09_21_L001	62	0	1	0	1
HAMBI_0403_chrm01_circ_3832814	PS_Ct_r03_2015_09_21_L001	52	0	1	0	1
HAMBI_0403_chrm01_circ_3885292	PS_Ct_r03_2015_09_21_L001	49	0	1	0	1
HAMBI_0403_chrm01_circ_3900399	PS_Ct_r03_2015_09_21_L001	52	0	1	0	1
HAMBI_0403_chrm01_circ_3910589	PS_Ct_r03_2015_09_21_L001	73	0	1	0	1
HAMBI_0403_chrm01_circ_3911084	PS_Ct_r03_2015_09_21_L001	62	0	1	0	1
HAMBI_0403_chrm01_circ_3993103	PS_Ct_r03_2015_09_21_L001	47	0	1	0	1
HAMBI_0403_chrm01_circ_4025643	PS_Ct_r03_2015_09_21_L001	91	0	1	0	1
HAMBI_0403_chrm01_circ_4025652	PS_Ct_r03_2015_09_21_L001	99	0	1	0	1
HAMBI_0403_chrm01_circ_4025663	PS_Ct_r03_2015_09_21_L001	107	0	1	0	1
HAMBI_0403_chrm01_circ_4025670	PS_Ct_r03_2015_09_21_L001	97	0	1	0	1
HAMBI_0403_chrm01_circ_4025677	PS_Ct_r03_2015_09_21_L001	92	0	1	0	1
HAMBI_0403_chrm01_circ_4025698	PS_Ct_r03_2015_09_21_L001	102	0	1	0	1
HAMBI_0403_chrm01_circ_4025700	PS_Ct_r03_2015_09_21_L001	103	0	1	0	1
HAMBI_0403_chrm01_circ_4040615	PS_Ct_r03_2015_09_21_L001	64	0	1	0	1
HAMBI_0403_chrm01_circ_4047471	PS_Ct_r03_2015_09_21_L001	51	0	1	0	1
HAMBI_0403_chrm01_circ_4063903	PS_Ct_r03_2015_09_21_L001	78	0	1	0	1
HAMBI_0403_chrm01_circ_4082916	PS_Ct_r03_2015_09_21_L001	62	0	1	0	1
HAMBI_0403_chrm01_circ_4098318	PS_Ct_r03_2015_09_21_L001	64	0	1	0	1
HAMBI_0403_chrm01_circ_4111761	PS_Ct_r03_2015_09_21_L001	67	0	1	0	1
HAMBI_0403_chrm01_circ_4119675	PS_Ct_r03_2015_09_21_L001	66	0	1	0	1
HAMBI_0403_chrm01_circ_4204317	PS_Ct_r03_2015_09_21_L001	68	0	1	0	1
HAMBI_0403_chrm01_circ_4211806	PS_Ct_r03_2015_09_21_L001	43	0	1	0	1
HAMBI_0403_chrm01_circ_4225781	PS_Ct_r03_2015_09_21_L001	42	0	1	0	1
HAMBI_0403_chrm01_circ_4227635	PS_Ct_r03_2015_09_21_L001	74	0	1	0	1
HAMBI_0403_chrm01_circ_4252605	PS_Ct_r03_2015_09_21_L001	41	0	1	0	1
HAMBI_0403_chrm01_circ_4295930	PS_Ct_r03_2015_09_21_L001	62	0	1	0	1
HAMBI_0403_chrm01_circ_4332767	PS_Ct_r03_2015_09_21_L001	57	0	1	0	1
HAMBI_0403_chrm01_circ_434325	PS_Ct_r03_2015_09_21_L001	60	0	1	0	1
HAMBI_0403_chrm01_circ_4367530	PS_Ct_r03_2015_09_21_L001	70	0	1	0	1
HAMBI_0403_chrm01_circ_4378839	PS_Ct_r03_2015_09_21_L001	52	0	1	0	1
HAMBI_0403_chrm01_circ_4384070	PS_Ct_r03_2015_09_21_L001	71	0	1	0	1
HAMBI_0403_chrm01_circ_440957	PS_Ct_r03_2015_09_21_L001	41	0	1	0	1
HAMBI_0403_chrm01_circ_4424328	PS_Ct_r03_2015_09_21_L001	77	0	1	0	1
HAMBI_0403_chrm01_circ_4450072	PS_Ct_r03_2015_09_21_L001	53	0	1	0	1
HAMBI_0403_chrm01_circ_4483742	PS_Ct_r03_2015_09_21_L001	85	0	1	0	1
HAMBI_0403_chrm01_circ_4537667	PS_Ct_r03_2015_09_21_L001	72	0	1	0	1
HAMBI_0403_chrm01_circ_4568561	PS_Ct_r03_2015_09_21_L001	35	0	1	0	1
HAMBI_0403_chrm01_circ_4574843	PS_Ct_r03_2015_09_21_L001	53	0	1	0	1
HAMBI_0403_chrm01_circ_4597956	PS_Ct_r03_2015_09_21_L001	65	0	1	0	1
HAMBI_0403_chrm01_circ_4629677	PS_Ct_r03_2015_09_21_L001	66	0	1	0	1
HAMBI_0403_chrm01_circ_4750362	PS_Ct_r03_2015_09_21_L001	60	0	1	0	1
HAMBI_0403_chrm01_circ_4761505	PS_Ct_r03_2015_09_21_L001	17	0	1	0	1
HAMBI_0403_chrm01_circ_4792076	PS_Ct_r03_2015_09_21_L001	81	0	1	0	1
HAMBI_0403_chrm01_circ_4807897	PS_Ct_r03_2015_09_21_L001	71	0	1	0	1
HAMBI_0403_chrm01_circ_4807942	PS_Ct_r03_2015_09_21_L001	59	0	1	0	1
HAMBI_0403_chrm01_circ_4815800	PS_Ct_r03_2015_09_21_L001	70	0	1	0	1
HAMBI_0403_chrm01_circ_4827495	PS_Ct_r03_2015_09_21_L001	62	0	1	0	1
HAMBI_0403_chrm01_circ_4829007	PS_Ct_r03_2015_09_21_L001	37	0	1	0	1
HAMBI_0403_chrm01_circ_4829050	PS_Ct_r03_2015_09_21_L001	39	0	1	0	1
HAMBI_0403_chrm01_circ_4831235	PS_Ct_r03_2015_09_21_L001	62	0	1	0	1
HAMBI_0403_chrm01_circ_4893344	PS_Ct_r03_2015_09_21_L001	51	0	1	0	1
HAMBI_0403_chrm01_circ_4947683	PS_Ct_r03_2015_09_21_L001	81	0	1	0	1
HAMBI_0403_chrm01_circ_4968639	PS_Ct_r03_2015_09_21_L001	67	0	1	0	1
HAMBI_0403_chrm01_circ_4973982	PS_Ct_r03_2015_09_21_L001	69	0	1	0	1
HAMBI_0403_chrm01_circ_4994802	PS_Ct_r03_2015_09_21_L001	62	0	1	0	1
HAMBI_0403_chrm01_circ_500037	PS_Ct_r03_2015_09_21_L001	70	0	1	0	1
HAMBI_0403_chrm01_circ_5035898	PS_Ct_r03_2015_09_21_L001	61	0	1	0	1
HAMBI_0403_chrm01_circ_5041374	PS_Ct_r03_2015_09_21_L001	64	0	1	0	1
HAMBI_0403_chrm01_circ_5060025	PS_Ct_r03_2015_09_21_L001	78	0	1	0	1
HAMBI_0403_chrm01_circ_5074286	PS_Ct_r03_2015_09_21_L001	72	0	1	0	1
HAMBI_0403_chrm01_circ_5102598	PS_Ct_r03_2015_09_21_L001	76	0	1	0	1
HAMBI_0403_chrm01_circ_5106025	PS_Ct_r03_2015_09_21_L001	48	0	1	0	1
HAMBI_0403_chrm01_circ_5130785	PS_Ct_r03_2015_09_21_L001	51	0	1	0	1
HAMBI_0403_chrm01_circ_5165364	PS_Ct_r03_2015_09_21_L001	278	10	1	0	1
HAMBI_0403_chrm01_circ_5170782	PS_Ct_r03_2015_09_21_L001	268	0	1	0	1
HAMBI_0403_chrm01_circ_5191327	PS_Ct_r03_2015_09_21_L001	70	0	1	0	1
HAMBI_0403_chrm01_circ_5198807	PS_Ct_r03_2015_09_21_L001	78	0	1	0	1
HAMBI_0403_chrm01_circ_522539	PS_Ct_r03_2015_09_21_L001	67	0	1	0	1
HAMBI_0403_chrm01_circ_5277914	PS_Ct_r03_2015_09_21_L001	47	0	1	0	1
HAMBI_0403_chrm01_circ_5317143	PS_Ct_r03_2015_09_21_L001	77	0	1	0	1
HAMBI_0403_chrm01_circ_5369259	PS_Ct_r03_2015_09_21_L001	64	0	1	0	1
HAMBI_0403_chrm01_circ_5380330	PS_Ct_r03_2015_09_21_L001	40	0	1	0	1
HAMBI_0403_chrm01_circ_5387471	PS_Ct_r03_2015_09_21_L001	64	0	1	0	1
HAMBI_0403_chrm01_circ_5407887	PS_Ct_r03_2015_09_21_L001	58	0	1	0	1
HAMBI_0403_chrm01_circ_5435929	PS_Ct_r03_2015_09_21_L001	71	0	1	0	1
HAMBI_0403_chrm01_circ_5447164	PS_Ct_r03_2015_09_21_L001	52	0	1	0	1
HAMBI_0403_chrm01_circ_5448089	PS_Ct_r03_2015_09_21_L001	67	0	1	0	1
HAMBI_0403_chrm01_circ_5454777	PS_Ct_r03_2015_09_21_L001	68	0	1	0	1
HAMBI_0403_chrm01_circ_5466654	PS_Ct_r03_2015_09_21_L001	74	0	1	0	1
HAMBI_0403_chrm01_circ_5476119	PS_Ct_r03_2015_09_21_L001	67	0	1	0	1
HAMBI_0403_chrm01_circ_5571996	PS_Ct_r03_2015_09_21_L001	77	0	1	0	1
HAMBI_0403_chrm01_circ_5605380	PS_Ct_r03_2015_09_21_L001	86	0	1	0	1
HAMBI_0403_chrm01_circ_5649091	PS_Ct_r03_2015_09_21_L001	60	0	1	0	1
HAMBI_0403_chrm01_circ_5741782	PS_Ct_r03_2015_09_21_L001	76	0	1	0	1
HAMBI_0403_chrm01_circ_575080	PS_Ct_r03_2015_09_21_L001	68	0	1	0	1
HAMBI_0403_chrm01_circ_5775702	PS_Ct_r03_2015_09_21_L001	64	0	1	0	1
HAMBI_0403_chrm01_circ_61587	PS_Ct_r03_2015_09_21_L001	76	0	1	0	1
HAMBI_0403_chrm01_circ_673240	PS_Ct_r03_2015_09_21_L001	65	0	1	0	1
HAMBI_0403_chrm01_circ_674307	PS_Ct_r03_2015_09_21_L001	54	0	1	0	1
HAMBI_0403_chrm01_circ_674960	PS_Ct_r03_2015_09_21_L001	63	1	1	0	1
HAMBI_0403_chrm01_circ_693893	PS_Ct_r03_2015_09_21_L001	78	0	1	0	1
HAMBI_0403_chrm01_circ_698904	PS_Ct_r03_2015_09_21_L001	70	0	1	0	1
HAMBI_0403_chrm01_circ_70627	PS_Ct_r03_2015_09_21_L001	83	0	1	0	1
HAMBI_0403_chrm01_circ_736327	PS_Ct_r03_2015_09_21_L001	74	0	1	0	1
HAMBI_0403_chrm01_circ_755508	PS_Ct_r03_2015_09_21_L001	69	0	1	0	1
HAMBI_0403_chrm01_circ_759084	PS_Ct_r03_2015_09_21_L001	71	0	1	0	1
HAMBI_0403_chrm01_circ_78846	PS_Ct_r03_2015_09_21_L001	76	0	1	0	1
HAMBI_0403_chrm01_circ_790661	PS_Ct_r03_2015_09_21_L001	66	0	1	0	1
HAMBI_0403_chrm01_circ_808688	PS_Ct_r03_2015_09_21_L001	54	0	1	0	1
HAMBI_0403_chrm01_circ_814505	PS_Ct_r03_2015_09_21_L001	75	0	1	0	1
HAMBI_0403_chrm01_circ_823961	PS_Ct_r03_2015_09_21_L001	64	0	1	0	1
HAMBI_0403_chrm01_circ_83834	PS_Ct_r03_2015_09_21_L001	64	0	1	0	1
HAMBI_0403_chrm01_circ_868194	PS_Ct_r03_2015_09_21_L001	47	0	1	0	1
HAMBI_0403_chrm01_circ_905331	PS_Ct_r03_2015_09_21_L001	68	0	1	0	1
HAMBI_0403_chrm01_circ_928195	PS_Ct_r03_2015_09_21_L001	59	0	1	0	1
HAMBI_0403_chrm01_circ_946980	PS_Ct_r03_2015_09_21_L001	62	0	1	0	1
HAMBI_0403_chrm01_circ_955334	PS_Ct_r03_2015_09_21_L001	63	0	1	0	1
HAMBI_0403_chrm01_circ_958358	PS_Ct_r03_2015_09_21_L001	51	0	1	0	1
HAMBI_0403_chrm01_circ_958650	PS_Ct_r03_2015_09_21_L001	55	0	1	0	1
HAMBI_0403_chrm01_circ_96390	PS_Ct_r03_2015_09_21_L001	69	0	1	0	1
HAMBI_0403_chrm01_circ_99072	PS_Ct_r03_2015_09_21_L001	64	0	1	0	1
HAMBI_0403_chrm01_circ_99696	PS_Ct_r03_2015_09_21_L001	73	0	1	0	1
HAMBI_0403_plas01_circ_13169	PS_Ct_r03_2015_09_21_L001	90	0	1	0	1
HAMBI_0403_plas01_circ_31558	PS_Ct_r03_2015_09_21_L001	81	0	1	0	1
HAMBI_0403_chrm01_circ_1046497	PS_Ct_r03_2015_10_19_L001	63	0	1	0	1
HAMBI_0403_chrm01_circ_1080893	PS_Ct_r03_2015_10_19_L001	69	0	1	0	1
HAMBI_0403_chrm01_circ_1119336	PS_Ct_r03_2015_10_19_L001	81	0	1	0	1
HAMBI_0403_chrm01_circ_1119876	PS_Ct_r03_2015_10_19_L001	51	0	1	0	1
HAMBI_0403_chrm01_circ_1132164	PS_Ct_r03_2015_10_19_L001	81	0	1	0	1
HAMBI_0403_chrm01_circ_1154877	PS_Ct_r03_2015_10_19_L001	65	0	1	0	1
HAMBI_0403_chrm01_circ_1177878	PS_Ct_r03_2015_10_19_L001	70	0	1	0	1
HAMBI_0403_chrm01_circ_1191667	PS_Ct_r03_2015_10_19_L001	76	0	1	0	1
HAMBI_0403_chrm01_circ_1246798	PS_Ct_r03_2015_10_19_L001	82	0	1	0	1
HAMBI_0403_chrm01_circ_1272527	PS_Ct_r03_2015_10_19_L001	63	0	1	0	1
HAMBI_0403_chrm01_circ_1277340	PS_Ct_r03_2015_10_19_L001	69	0	1	0	1
HAMBI_0403_chrm01_circ_1295387	PS_Ct_r03_2015_10_19_L001	57	0	1	0	1
HAMBI_0403_chrm01_circ_1350046	PS_Ct_r03_2015_10_19_L001	105	0	1	0	1
HAMBI_0403_chrm01_circ_1359617	PS_Ct_r03_2015_10_19_L001	23	0	1	0	1
HAMBI_0403_chrm01_circ_1361345	PS_Ct_r03_2015_10_19_L001	59	0	1	0	1
HAMBI_0403_chrm01_circ_1392097	PS_Ct_r03_2015_10_19_L001	96	207	1	0	1
HAMBI_0403_chrm01_circ_1427994	PS_Ct_r03_2015_10_19_L001	81	0	1	0	1
HAMBI_0403_chrm01_circ_1449135	PS_Ct_r03_2015_10_19_L001	47	0	1	0	1
HAMBI_0403_chrm01_circ_1483274	PS_Ct_r03_2015_10_19_L001	72	0	1	0	1
HAMBI_0403_chrm01_circ_1488590	PS_Ct_r03_2015_10_19_L001	79	0	1	0	1
HAMBI_0403_chrm01_circ_15131	PS_Ct_r03_2015_10_19_L001	76	0	1	0	1
HAMBI_0403_chrm01_circ_1566075	PS_Ct_r03_2015_10_19_L001	68	0	1	0	1
HAMBI_0403_chrm01_circ_1610814	PS_Ct_r03_2015_10_19_L001	36	11	1	0	1
HAMBI_0403_chrm01_circ_161831	PS_Ct_r03_2015_10_19_L001	55	0	1	0	1
HAMBI_0403_chrm01_circ_16427	PS_Ct_r03_2015_10_19_L001	84	0	1	0	1
HAMBI_0403_chrm01_circ_1649857	PS_Ct_r03_2015_10_19_L001	72	0	1	0	1
HAMBI_0403_chrm01_circ_1732518	PS_Ct_r03_2015_10_19_L001	57	0	1	0	1
HAMBI_0403_chrm01_circ_1738117	PS_Ct_r03_2015_10_19_L001	77	0	1	0	1
HAMBI_0403_chrm01_circ_1759579	PS_Ct_r03_2015_10_19_L001	59	0	1	0	1
HAMBI_0403_chrm01_circ_177120	PS_Ct_r03_2015_10_19_L001	75	0	1	0	1
HAMBI_0403_chrm01_circ_1820962	PS_Ct_r03_2015_10_19_L001	67	0	1	0	1
HAMBI_0403_chrm01_circ_1887917	PS_Ct_r03_2015_10_19_L001	57	0	1	0	1
HAMBI_0403_chrm01_circ_1930553	PS_Ct_r03_2015_10_19_L001	66	0	1	0	1
HAMBI_0403_chrm01_circ_1942108	PS_Ct_r03_2015_10_19_L001	77	0	1	0	1
HAMBI_0403_chrm01_circ_1954454	PS_Ct_r03_2015_10_19_L001	63	0	1	0	1
HAMBI_0403_chrm01_circ_1956423	PS_Ct_r03_2015_10_19_L001	52	0	1	0	1
HAMBI_0403_chrm01_circ_1975660	PS_Ct_r03_2015_10_19_L001	64	0	1	0	1
HAMBI_0403_chrm01_circ_1977057	PS_Ct_r03_2015_10_19_L001	73	0	1	0	1
HAMBI_0403_chrm01_circ_2030365	PS_Ct_r03_2015_10_19_L001	58	0	1	0	1
HAMBI_0403_chrm01_circ_203280	PS_Ct_r03_2015_10_19_L001	68	0	1	0	1
HAMBI_0403_chrm01_circ_2047425	PS_Ct_r03_2015_10_19_L001	70	0	1	0	1
HAMBI_0403_chrm01_circ_204962	PS_Ct_r03_2015_10_19_L001	70	0	1	0	1
HAMBI_0403_chrm01_circ_2107547	PS_Ct_r03_2015_10_19_L001	55	0	1	0	1
HAMBI_0403_chrm01_circ_2168329	PS_Ct_r03_2015_10_19_L001	83	0	1	0	1
HAMBI_0403_chrm01_circ_2211058	PS_Ct_r03_2015_10_19_L001	66	0	1	0	1
HAMBI_0403_chrm01_circ_2255124	PS_Ct_r03_2015_10_19_L001	60	0	1	0	1
HAMBI_0403_chrm01_circ_2326138	PS_Ct_r03_2015_10_19_L001	66	0	1	0	1
HAMBI_0403_chrm01_circ_23479	PS_Ct_r03_2015_10_19_L001	70	0	1	0	1
HAMBI_0403_chrm01_circ_2442113	PS_Ct_r03_2015_10_19_L001	73	0	1	0	1
HAMBI_0403_chrm01_circ_2515857	PS_Ct_r03_2015_10_19_L001	97	0	1	0	1
HAMBI_0403_chrm01_circ_2636197	PS_Ct_r03_2015_10_19_L001	65	0	1	0	1
HAMBI_0403_chrm01_circ_264681	PS_Ct_r03_2015_10_19_L001	69	0	1	0	1
HAMBI_0403_chrm01_circ_2648858	PS_Ct_r03_2015_10_19_L001	52	0	1	0	1
HAMBI_0403_chrm01_circ_2663531	PS_Ct_r03_2015_10_19_L001	79	0	1	0	1
HAMBI_0403_chrm01_circ_267791	PS_Ct_r03_2015_10_19_L001	73	0	1	0	1
HAMBI_0403_chrm01_circ_2688975	PS_Ct_r03_2015_10_19_L001	58	0	1	0	1
HAMBI_0403_chrm01_circ_2693322	PS_Ct_r03_2015_10_19_L001	71	0	1	0	1
HAMBI_0403_chrm01_circ_2734043	PS_Ct_r03_2015_10_19_L001	57	0	1	0	1
HAMBI_0403_chrm01_circ_2751601	PS_Ct_r03_2015_10_19_L001	72	0	1	0	1
HAMBI_0403_chrm01_circ_2752133	PS_Ct_r03_2015_10_19_L001	67	0	1	0	1
HAMBI_0403_chrm01_circ_2754629	PS_Ct_r03_2015_10_19_L001	74	0	1	0	1
HAMBI_0403_chrm01_circ_2793634	PS_Ct_r03_2015_10_19_L001	60	0	1	0	1
HAMBI_0403_chrm01_circ_281980	PS_Ct_r03_2015_10_19_L001	59	0	1	0	1
HAMBI_0403_chrm01_circ_2888794	PS_Ct_r03_2015_10_19_L001	68	0	1	0	1
HAMBI_0403_chrm01_circ_292417	PS_Ct_r03_2015_10_19_L001	54	0	1	0	1
HAMBI_0403_chrm01_circ_2926993	PS_Ct_r03_2015_10_19_L001	72	0	1	0	1
HAMBI_0403_chrm01_circ_2930190	PS_Ct_r03_2015_10_19_L001	63	0	1	0	1
HAMBI_0403_chrm01_circ_2953973	PS_Ct_r03_2015_10_19_L001	66	0	1	0	1
HAMBI_0403_chrm01_circ_2957163	PS_Ct_r03_2015_10_19_L001	61	0	1	0	1
HAMBI_0403_chrm01_circ_2970233	PS_Ct_r03_2015_10_19_L001	89	0	1	0	1
HAMBI_0403_chrm01_circ_2992565	PS_Ct_r03_2015_10_19_L001	72	0	1	0	1
HAMBI_0403_chrm01_circ_2996524	PS_Ct_r03_2015_10_19_L001	66	0	1	0	1
HAMBI_0403_chrm01_circ_3087888	PS_Ct_r03_2015_10_19_L001	67	0	1	0	1
HAMBI_0403_chrm01_circ_3109922	PS_Ct_r03_2015_10_19_L001	54	0	1	0	1
HAMBI_0403_chrm01_circ_3118967	PS_Ct_r03_2015_10_19_L001	61	0	1	0	1
HAMBI_0403_chrm01_circ_3144725	PS_Ct_r03_2015_10_19_L001	57	0	1	0	1
HAMBI_0403_chrm01_circ_3149518	PS_Ct_r03_2015_10_19_L001	57	0	1	0	1
HAMBI_0403_chrm01_circ_3154053	PS_Ct_r03_2015_10_19_L001	62	0	1	0	1
HAMBI_0403_chrm01_circ_3211528	PS_Ct_r03_2015_10_19_L001	83	0	1	0	1
HAMBI_0403_chrm01_circ_3229165	PS_Ct_r03_2015_10_19_L001	80	0	1	0	1
HAMBI_0403_chrm01_circ_3250514	PS_Ct_r03_2015_10_19_L001	69	0	1	0	1
HAMBI_0403_chrm01_circ_3276660	PS_Ct_r03_2015_10_19_L001	67	0	1	0	1
HAMBI_0403_chrm01_circ_3281194	PS_Ct_r03_2015_10_19_L001	26	0	1	0	1
HAMBI_0403_chrm01_circ_3300154	PS_Ct_r03_2015_10_19_L001	70	0	1	0	1
HAMBI_0403_chrm01_circ_3322437	PS_Ct_r03_2015_10_19_L001	51	0	1	0	1
HAMBI_0403_chrm01_circ_3322622	PS_Ct_r03_2015_10_19_L001	81	0	1	0	1
HAMBI_0403_chrm01_circ_3329629	PS_Ct_r03_2015_10_19_L001	65	0	1	0	1
HAMBI_0403_chrm01_circ_338614	PS_Ct_r03_2015_10_19_L001	61	0	1	0	1
HAMBI_0403_chrm01_circ_3393687	PS_Ct_r03_2015_10_19_L001	59	0	1	0	1
HAMBI_0403_chrm01_circ_3394128	PS_Ct_r03_2015_10_19_L001	53	3	1	0	1
HAMBI_0403_chrm01_circ_3405266	PS_Ct_r03_2015_10_19_L001	52	0	1	0	1
HAMBI_0403_chrm01_circ_340602	PS_Ct_r03_2015_10_19_L001	69	0	1	0	1
HAMBI_0403_chrm01_circ_3418753	PS_Ct_r03_2015_10_19_L001	85	0	1	0	1
HAMBI_0403_chrm01_circ_3459098	PS_Ct_r03_2015_10_19_L001	57	0	1	0	1
HAMBI_0403_chrm01_circ_3460941	PS_Ct_r03_2015_10_19_L001	42	0	1	0	1
HAMBI_0403_chrm01_circ_3461599	PS_Ct_r03_2015_10_19_L001	31	0	1	0	1
HAMBI_0403_chrm01_circ_3489004	PS_Ct_r03_2015_10_19_L001	61	0	1	0	1
HAMBI_0403_chrm01_circ_355460	PS_Ct_r03_2015_10_19_L001	64	0	1	0	1
HAMBI_0403_chrm01_circ_3555176	PS_Ct_r03_2015_10_19_L001	63	0	1	0	1
HAMBI_0403_chrm01_circ_3560450	PS_Ct_r03_2015_10_19_L001	59	0	1	0	1
HAMBI_0403_chrm01_circ_3567764	PS_Ct_r03_2015_10_19_L001	79	0	1	0	1
HAMBI_0403_chrm01_circ_3601720	PS_Ct_r03_2015_10_19_L001	63	0	1	0	1
HAMBI_0403_chrm01_circ_360522	PS_Ct_r03_2015_10_19_L001	68	0	1	0	1
HAMBI_0403_chrm01_circ_3647008	PS_Ct_r03_2015_10_19_L001	78	0	1	0	1
HAMBI_0403_chrm01_circ_3652328	PS_Ct_r03_2015_10_19_L001	70	0	1	0	1
HAMBI_0403_chrm01_circ_3734676	PS_Ct_r03_2015_10_19_L001	65	0	1	0	1
HAMBI_0403_chrm01_circ_3808590	PS_Ct_r03_2015_10_19_L001	50	0	1	0	1
HAMBI_0403_chrm01_circ_3813095	PS_Ct_r03_2015_10_19_L001	73	0	1	0	1
HAMBI_0403_chrm01_circ_3832814	PS_Ct_r03_2015_10_19_L001	65	0	1	0	1
HAMBI_0403_chrm01_circ_3885292	PS_Ct_r03_2015_10_19_L001	57	0	1	0	1
HAMBI_0403_chrm01_circ_3900399	PS_Ct_r03_2015_10_19_L001	48	0	1	0	1
HAMBI_0403_chrm01_circ_3910589	PS_Ct_r03_2015_10_19_L001	83	0	1	0	1
HAMBI_0403_chrm01_circ_3911084	PS_Ct_r03_2015_10_19_L001	68	0	1	0	1
HAMBI_0403_chrm01_circ_3993103	PS_Ct_r03_2015_10_19_L001	59	0	1	0	1
HAMBI_0403_chrm01_circ_4025643	PS_Ct_r03_2015_10_19_L001	74	0	1	0	1
HAMBI_0403_chrm01_circ_4025652	PS_Ct_r03_2015_10_19_L001	78	0	1	0	1
HAMBI_0403_chrm01_circ_4025663	PS_Ct_r03_2015_10_19_L001	83	0	1	0	1
HAMBI_0403_chrm01_circ_4025670	PS_Ct_r03_2015_10_19_L001	77	0	1	0	1
HAMBI_0403_chrm01_circ_4025677	PS_Ct_r03_2015_10_19_L001	76	0	1	0	1
HAMBI_0403_chrm01_circ_4025698	PS_Ct_r03_2015_10_19_L001	81	0	1	0	1
HAMBI_0403_chrm01_circ_4025700	PS_Ct_r03_2015_10_19_L001	85	0	1	0	1
HAMBI_0403_chrm01_circ_4040615	PS_Ct_r03_2015_10_19_L001	69	0	1	0	1
HAMBI_0403_chrm01_circ_4047471	PS_Ct_r03_2015_10_19_L001	54	0	1	0	1
HAMBI_0403_chrm01_circ_4063903	PS_Ct_r03_2015_10_19_L001	68	0	1	0	1
HAMBI_0403_chrm01_circ_4082916	PS_Ct_r03_2015_10_19_L001	72	0	1	0	1
HAMBI_0403_chrm01_circ_4098318	PS_Ct_r03_2015_10_19_L001	77	0	1	0	1
HAMBI_0403_chrm01_circ_4111761	PS_Ct_r03_2015_10_19_L001	63	0	1	0	1
HAMBI_0403_chrm01_circ_4119675	PS_Ct_r03_2015_10_19_L001	77	0	1	0	1
HAMBI_0403_chrm01_circ_4204317	PS_Ct_r03_2015_10_19_L001	55	0	1	0	1
HAMBI_0403_chrm01_circ_4211806	PS_Ct_r03_2015_10_19_L001	86	0	1	0	1
HAMBI_0403_chrm01_circ_4225781	PS_Ct_r03_2015_10_19_L001	56	0	1	0	1
HAMBI_0403_chrm01_circ_4227635	PS_Ct_r03_2015_10_19_L001	52	0	1	0	1
HAMBI_0403_chrm01_circ_4252605	PS_Ct_r03_2015_10_19_L001	66	0	1	0	1
HAMBI_0403_chrm01_circ_4295930	PS_Ct_r03_2015_10_19_L001	63	0	1	0	1
HAMBI_0403_chrm01_circ_4332767	PS_Ct_r03_2015_10_19_L001	62	0	1	0	1
HAMBI_0403_chrm01_circ_434325	PS_Ct_r03_2015_10_19_L001	89	0	1	0	1
HAMBI_0403_chrm01_circ_4367530	PS_Ct_r03_2015_10_19_L001	86	0	1	0	1
HAMBI_0403_chrm01_circ_4378839	PS_Ct_r03_2015_10_19_L001	62	0	1	0	1
HAMBI_0403_chrm01_circ_4384070	PS_Ct_r03_2015_10_19_L001	68	0	1	0	1
HAMBI_0403_chrm01_circ_440957	PS_Ct_r03_2015_10_19_L001	50	0	1	0	1
HAMBI_0403_chrm01_circ_4424328	PS_Ct_r03_2015_10_19_L001	64	0	1	0	1
HAMBI_0403_chrm01_circ_4450072	PS_Ct_r03_2015_10_19_L001	86	0	1	0	1
HAMBI_0403_chrm01_circ_4483742	PS_Ct_r03_2015_10_19_L001	64	0	1	0	1
HAMBI_0403_chrm01_circ_4537667	PS_Ct_r03_2015_10_19_L001	60	0	1	0	1
HAMBI_0403_chrm01_circ_4568561	PS_Ct_r03_2015_10_19_L001	54	0	1	0	1
HAMBI_0403_chrm01_circ_4574843	PS_Ct_r03_2015_10_19_L001	73	0	1	0	1
HAMBI_0403_chrm01_circ_4597956	PS_Ct_r03_2015_10_19_L001	84	0	1	0	1
HAMBI_0403_chrm01_circ_4629677	PS_Ct_r03_2015_10_19_L001	70	0	1	0	1
HAMBI_0403_chrm01_circ_4750362	PS_Ct_r03_2015_10_19_L001	68	0	1	0	1
HAMBI_0403_chrm01_circ_4761505	PS_Ct_r03_2015_10_19_L001	10	0	1	0	1
HAMBI_0403_chrm01_circ_4792076	PS_Ct_r03_2015_10_19_L001	62	0	1	0	1
HAMBI_0403_chrm01_circ_4807897	PS_Ct_r03_2015_10_19_L001	77	0	1	0	1
HAMBI_0403_chrm01_circ_4807942	PS_Ct_r03_2015_10_19_L001	81	0	1	0	1
HAMBI_0403_chrm01_circ_4815800	PS_Ct_r03_2015_10_19_L001	71	0	1	0	1
HAMBI_0403_chrm01_circ_4827495	PS_Ct_r03_2015_10_19_L001	54	0	1	0	1
HAMBI_0403_chrm01_circ_4829007	PS_Ct_r03_2015_10_19_L001	61	0	1	0	1
HAMBI_0403_chrm01_circ_4829050	PS_Ct_r03_2015_10_19_L001	70	0	1	0	1
HAMBI_0403_chrm01_circ_4831235	PS_Ct_r03_2015_10_19_L001	82	0	1	0	1
HAMBI_0403_chrm01_circ_4893344	PS_Ct_r03_2015_10_19_L001	66	0	1	0	1
HAMBI_0403_chrm01_circ_4947683	PS_Ct_r03_2015_10_19_L001	89	0	1	0	1
HAMBI_0403_chrm01_circ_4968639	PS_Ct_r03_2015_10_19_L001	63	0	1	0	1
HAMBI_0403_chrm01_circ_4973982	PS_Ct_r03_2015_10_19_L001	76	0	1	0	1
HAMBI_0403_chrm01_circ_4994802	PS_Ct_r03_2015_10_19_L001	68	0	1	0	1
HAMBI_0403_chrm01_circ_500037	PS_Ct_r03_2015_10_19_L001	65	0	1	0	1
HAMBI_0403_chrm01_circ_5035898	PS_Ct_r03_2015_10_19_L001	58	0	1	0	1
HAMBI_0403_chrm01_circ_5041374	PS_Ct_r03_2015_10_19_L001	71	0	1	0	1
HAMBI_0403_chrm01_circ_5060025	PS_Ct_r03_2015_10_19_L001	72	0	1	0	1
HAMBI_0403_chrm01_circ_5074286	PS_Ct_r03_2015_10_19_L001	71	0	1	0	1
HAMBI_0403_chrm01_circ_5102598	PS_Ct_r03_2015_10_19_L001	74	0	1	0	1
HAMBI_0403_chrm01_circ_5106025	PS_Ct_r03_2015_10_19_L001	65	0	1	0	1
HAMBI_0403_chrm01_circ_5130785	PS_Ct_r03_2015_10_19_L001	81	0	1	0	1
HAMBI_0403_chrm01_circ_5165364	PS_Ct_r03_2015_10_19_L001	327	149	1	0	1
HAMBI_0403_chrm01_circ_5170782	PS_Ct_r03_2015_10_19_L001	446	1	1	0	1
HAMBI_0403_chrm01_circ_5191327	PS_Ct_r03_2015_10_19_L001	61	0	1	0	1
HAMBI_0403_chrm01_circ_5198807	PS_Ct_r03_2015_10_19_L001	67	0	1	0	1
HAMBI_0403_chrm01_circ_522539	PS_Ct_r03_2015_10_19_L001	75	1	1	0	1
HAMBI_0403_chrm01_circ_5277914	PS_Ct_r03_2015_10_19_L001	63	7	1	0	1
HAMBI_0403_chrm01_circ_5317143	PS_Ct_r03_2015_10_19_L001	57	0	1	0	1
HAMBI_0403_chrm01_circ_5369259	PS_Ct_r03_2015_10_19_L001	68	0	1	0	1
HAMBI_0403_chrm01_circ_5380330	PS_Ct_r03_2015_10_19_L001	76	0	1	0	1
HAMBI_0403_chrm01_circ_5387471	PS_Ct_r03_2015_10_19_L001	82	0	1	0	1
HAMBI_0403_chrm01_circ_5407887	PS_Ct_r03_2015_10_19_L001	68	0	1	0	1
HAMBI_0403_chrm01_circ_5435929	PS_Ct_r03_2015_10_19_L001	62	0	1	0	1
HAMBI_0403_chrm01_circ_5447164	PS_Ct_r03_2015_10_19_L001	76	0	1	0	1
HAMBI_0403_chrm01_circ_5448089	PS_Ct_r03_2015_10_19_L001	78	0	1	0	1
HAMBI_0403_chrm01_circ_5454777	PS_Ct_r03_2015_10_19_L001	62	0	1	0	1
HAMBI_0403_chrm01_circ_5466654	PS_Ct_r03_2015_10_19_L001	67	0	1	0	1
HAMBI_0403_chrm01_circ_5476119	PS_Ct_r03_2015_10_19_L001	68	0	1	0	1
HAMBI_0403_chrm01_circ_5571996	PS_Ct_r03_2015_10_19_L001	73	0	1	0	1
HAMBI_0403_chrm01_circ_5605380	PS_Ct_r03_2015_10_19_L001	52	0	1	0	1
HAMBI_0403_chrm01_circ_5649091	PS_Ct_r03_2015_10_19_L001	64	0	1	0	1
HAMBI_0403_chrm01_circ_5741782	PS_Ct_r03_2015_10_19_L001	76	0	1	0	1
HAMBI_0403_chrm01_circ_575080	PS_Ct_r03_2015_10_19_L001	66	0	1	0	1
HAMBI_0403_chrm01_circ_5775702	PS_Ct_r03_2015_10_19_L001	66	0	1	0	1
HAMBI_0403_chrm01_circ_61587	PS_Ct_r03_2015_10_19_L001	65	0	1	0	1
HAMBI_0403_chrm01_circ_673240	PS_Ct_r03_2015_10_19_L001	64	0	1	0	1
HAMBI_0403_chrm01_circ_674307	PS_Ct_r03_2015_10_19_L001	67	0	1	0	1
HAMBI_0403_chrm01_circ_674960	PS_Ct_r03_2015_10_19_L001	58	0	1	0	1
HAMBI_0403_chrm01_circ_693893	PS_Ct_r03_2015_10_19_L001	89	0	1	0	1
HAMBI_0403_chrm01_circ_698904	PS_Ct_r03_2015_10_19_L001	77	0	1	0	1
HAMBI_0403_chrm01_circ_70627	PS_Ct_r03_2015_10_19_L001	91	0	1	0	1
HAMBI_0403_chrm01_circ_736327	PS_Ct_r03_2015_10_19_L001	65	0	1	0	1
HAMBI_0403_chrm01_circ_755508	PS_Ct_r03_2015_10_19_L001	79	0	1	0	1
HAMBI_0403_chrm01_circ_759084	PS_Ct_r03_2015_10_19_L001	60	0	1	0	1
HAMBI_0403_chrm01_circ_78846	PS_Ct_r03_2015_10_19_L001	81	0	1	0	1
HAMBI_0403_chrm01_circ_790661	PS_Ct_r03_2015_10_19_L001	53	0	1	0	1
HAMBI_0403_chrm01_circ_808688	PS_Ct_r03_2015_10_19_L001	90	0	1	0	1
HAMBI_0403_chrm01_circ_814505	PS_Ct_r03_2015_10_19_L001	74	0	1	0	1
HAMBI_0403_chrm01_circ_823961	PS_Ct_r03_2015_10_19_L001	60	0	1	0	1
HAMBI_0403_chrm01_circ_83834	PS_Ct_r03_2015_10_19_L001	64	0	1	0	1
HAMBI_0403_chrm01_circ_868194	PS_Ct_r03_2015_10_19_L001	69	0	1	0	1
HAMBI_0403_chrm01_circ_905331	PS_Ct_r03_2015_10_19_L001	84	0	1	0	1
HAMBI_0403_chrm01_circ_928195	PS_Ct_r03_2015_10_19_L001	82	0	1	0	1
HAMBI_0403_chrm01_circ_946980	PS_Ct_r03_2015_10_19_L001	77	0	1	0	1
HAMBI_0403_chrm01_circ_955334	PS_Ct_r03_2015_10_19_L001	68	0	1	0	1
HAMBI_0403_chrm01_circ_958358	PS_Ct_r03_2015_10_19_L001	60	1	1	0	1
HAMBI_0403_chrm01_circ_958650	PS_Ct_r03_2015_10_19_L001	80	0	1	0	1
HAMBI_0403_chrm01_circ_96390	PS_Ct_r03_2015_10_19_L001	85	0	1	0	1
HAMBI_0403_chrm01_circ_99072	PS_Ct_r03_2015_10_19_L001	72	0	1	0	1
HAMBI_0403_chrm01_circ_99696	PS_Ct_r03_2015_10_19_L001	81	0	1	0	1
HAMBI_0403_plas01_circ_13169	PS_Ct_r03_2015_10_19_L001	117	0	1	0	1
HAMBI_0403_plas01_circ_31558	PS_Ct_r03_2015_10_19_L001	105	0	1	0	1
HAMBI_0403_chrm01_circ_1046497	PS_Ct_r03_2015_11_16_L002	84	0	1	0	1
HAMBI_0403_chrm01_circ_1080893	PS_Ct_r03_2015_11_16_L002	75	0	1	0	1
HAMBI_0403_chrm01_circ_1119336	PS_Ct_r03_2015_11_16_L002	92	0	1	0	1
HAMBI_0403_chrm01_circ_1119876	PS_Ct_r03_2015_11_16_L002	66	0	1	0	1
HAMBI_0403_chrm01_circ_1132164	PS_Ct_r03_2015_11_16_L002	101	0	1	0	1
HAMBI_0403_chrm01_circ_1154877	PS_Ct_r03_2015_11_16_L002	80	0	1	0	1
HAMBI_0403_chrm01_circ_1177878	PS_Ct_r03_2015_11_16_L002	69	0	1	0	1
HAMBI_0403_chrm01_circ_1191667	PS_Ct_r03_2015_11_16_L002	72	0	1	0	1
HAMBI_0403_chrm01_circ_1246798	PS_Ct_r03_2015_11_16_L002	76	0	1	0	1
HAMBI_0403_chrm01_circ_1272527	PS_Ct_r03_2015_11_16_L002	70	0	1	0	1
HAMBI_0403_chrm01_circ_1277340	PS_Ct_r03_2015_11_16_L002	59	0	1	0	1
HAMBI_0403_chrm01_circ_1295387	PS_Ct_r03_2015_11_16_L002	57	0	1	0	1
HAMBI_0403_chrm01_circ_1350046	PS_Ct_r03_2015_11_16_L002	106	0	1	0	1
HAMBI_0403_chrm01_circ_1359617	PS_Ct_r03_2015_11_16_L002	31	0	1	0	1
HAMBI_0403_chrm01_circ_1361345	PS_Ct_r03_2015_11_16_L002	81	0	1	0	1
HAMBI_0403_chrm01_circ_1392097	PS_Ct_r03_2015_11_16_L002	34	330	1	0	1
HAMBI_0403_chrm01_circ_1427994	PS_Ct_r03_2015_11_16_L002	86	0	1	0	1
HAMBI_0403_chrm01_circ_1449135	PS_Ct_r03_2015_11_16_L002	64	0	1	0	1
HAMBI_0403_chrm01_circ_1483274	PS_Ct_r03_2015_11_16_L002	91	0	1	0	1
HAMBI_0403_chrm01_circ_1488590	PS_Ct_r03_2015_11_16_L002	74	0	1	0	1
HAMBI_0403_chrm01_circ_15131	PS_Ct_r03_2015_11_16_L002	87	0	1	0	1
HAMBI_0403_chrm01_circ_1566075	PS_Ct_r03_2015_11_16_L002	83	0	1	0	1
HAMBI_0403_chrm01_circ_1610814	PS_Ct_r03_2015_11_16_L002	72	1	1	0	1
HAMBI_0403_chrm01_circ_161831	PS_Ct_r03_2015_11_16_L002	86	0	1	0	1
HAMBI_0403_chrm01_circ_16427	PS_Ct_r03_2015_11_16_L002	96	0	1	0	1
HAMBI_0403_chrm01_circ_1649857	PS_Ct_r03_2015_11_16_L002	84	0	1	0	1
HAMBI_0403_chrm01_circ_1732518	PS_Ct_r03_2015_11_16_L002	64	0	1	0	1
HAMBI_0403_chrm01_circ_1738117	PS_Ct_r03_2015_11_16_L002	99	0	1	0	1
HAMBI_0403_chrm01_circ_1759579	PS_Ct_r03_2015_11_16_L002	79	0	1	0	1
HAMBI_0403_chrm01_circ_177120	PS_Ct_r03_2015_11_16_L002	83	0	1	0	1
HAMBI_0403_chrm01_circ_1820962	PS_Ct_r03_2015_11_16_L002	92	0	1	0	1
HAMBI_0403_chrm01_circ_1887917	PS_Ct_r03_2015_11_16_L002	67	0	1	0	1
HAMBI_0403_chrm01_circ_1930553	PS_Ct_r03_2015_11_16_L002	80	0	1	0	1
HAMBI_0403_chrm01_circ_1942108	PS_Ct_r03_2015_11_16_L002	91	1	1	0	1
HAMBI_0403_chrm01_circ_1954454	PS_Ct_r03_2015_11_16_L002	66	0	1	0	1
HAMBI_0403_chrm01_circ_1956423	PS_Ct_r03_2015_11_16_L002	64	0	1	0	1
HAMBI_0403_chrm01_circ_1975660	PS_Ct_r03_2015_11_16_L002	93	0	1	0	1
HAMBI_0403_chrm01_circ_1977057	PS_Ct_r03_2015_11_16_L002	80	0	1	0	1
HAMBI_0403_chrm01_circ_2030365	PS_Ct_r03_2015_11_16_L002	79	0	1	0	1
HAMBI_0403_chrm01_circ_203280	PS_Ct_r03_2015_11_16_L002	81	0	1	0	1
HAMBI_0403_chrm01_circ_2047425	PS_Ct_r03_2015_11_16_L002	75	0	1	0	1
HAMBI_0403_chrm01_circ_204962	PS_Ct_r03_2015_11_16_L002	74	0	1	0	1
HAMBI_0403_chrm01_circ_2107547	PS_Ct_r03_2015_11_16_L002	86	0	1	0	1
HAMBI_0403_chrm01_circ_2168329	PS_Ct_r03_2015_11_16_L002	76	0	1	0	1
HAMBI_0403_chrm01_circ_2211058	PS_Ct_r03_2015_11_16_L002	54	0	1	0	1
HAMBI_0403_chrm01_circ_2255124	PS_Ct_r03_2015_11_16_L002	80	0	1	0	1
HAMBI_0403_chrm01_circ_2326138	PS_Ct_r03_2015_11_16_L002	98	0	1	0	1
HAMBI_0403_chrm01_circ_23479	PS_Ct_r03_2015_11_16_L002	102	0	1	0	1
HAMBI_0403_chrm01_circ_2442113	PS_Ct_r03_2015_11_16_L002	67	0	1	0	1
HAMBI_0403_chrm01_circ_2515857	PS_Ct_r03_2015_11_16_L002	81	0	1	0	1
HAMBI_0403_chrm01_circ_2636197	PS_Ct_r03_2015_11_16_L002	69	0	1	0	1
HAMBI_0403_chrm01_circ_264681	PS_Ct_r03_2015_11_16_L002	93	0	1	0	1
HAMBI_0403_chrm01_circ_2648858	PS_Ct_r03_2015_11_16_L002	72	0	1	0	1
HAMBI_0403_chrm01_circ_2663531	PS_Ct_r03_2015_11_16_L002	98	0	1	0	1
HAMBI_0403_chrm01_circ_267791	PS_Ct_r03_2015_11_16_L002	62	0	1	0	1
HAMBI_0403_chrm01_circ_2688975	PS_Ct_r03_2015_11_16_L002	73	0	1	0	1
HAMBI_0403_chrm01_circ_2693322	PS_Ct_r03_2015_11_16_L002	77	0	1	0	1
HAMBI_0403_chrm01_circ_2734043	PS_Ct_r03_2015_11_16_L002	94	0	1	0	1
HAMBI_0403_chrm01_circ_2751601	PS_Ct_r03_2015_11_16_L002	87	0	1	0	1
HAMBI_0403_chrm01_circ_2752133	PS_Ct_r03_2015_11_16_L002	69	1	1	0	1
HAMBI_0403_chrm01_circ_2754629	PS_Ct_r03_2015_11_16_L002	91	0	1	0	1
HAMBI_0403_chrm01_circ_2793634	PS_Ct_r03_2015_11_16_L002	91	0	1	0	1
HAMBI_0403_chrm01_circ_281980	PS_Ct_r03_2015_11_16_L002	85	0	1	0	1
HAMBI_0403_chrm01_circ_2888794	PS_Ct_r03_2015_11_16_L002	86	0	1	0	1
HAMBI_0403_chrm01_circ_292417	PS_Ct_r03_2015_11_16_L002	80	0	1	0	1
HAMBI_0403_chrm01_circ_2926993	PS_Ct_r03_2015_11_16_L002	75	0	1	0	1
HAMBI_0403_chrm01_circ_2930190	PS_Ct_r03_2015_11_16_L002	85	0	1	0	1
HAMBI_0403_chrm01_circ_2953973	PS_Ct_r03_2015_11_16_L002	68	0	1	0	1
HAMBI_0403_chrm01_circ_2957163	PS_Ct_r03_2015_11_16_L002	91	0	1	0	1
HAMBI_0403_chrm01_circ_2970233	PS_Ct_r03_2015_11_16_L002	74	0	1	0	1
HAMBI_0403_chrm01_circ_2992565	PS_Ct_r03_2015_11_16_L002	75	0	1	0	1
HAMBI_0403_chrm01_circ_2996524	PS_Ct_r03_2015_11_16_L002	89	0	1	0	1
HAMBI_0403_chrm01_circ_3087888	PS_Ct_r03_2015_11_16_L002	85	0	1	0	1
HAMBI_0403_chrm01_circ_3109922	PS_Ct_r03_2015_11_16_L002	84	0	1	0	1
HAMBI_0403_chrm01_circ_3118967	PS_Ct_r03_2015_11_16_L002	83	0	1	0	1
HAMBI_0403_chrm01_circ_3144725	PS_Ct_r03_2015_11_16_L002	87	0	1	0	1
HAMBI_0403_chrm01_circ_3149518	PS_Ct_r03_2015_11_16_L002	73	0	1	0	1
HAMBI_0403_chrm01_circ_3154053	PS_Ct_r03_2015_11_16_L002	82	0	1	0	1
HAMBI_0403_chrm01_circ_3211528	PS_Ct_r03_2015_11_16_L002	91	0	1	0	1
HAMBI_0403_chrm01_circ_3229165	PS_Ct_r03_2015_11_16_L002	83	0	1	0	1
HAMBI_0403_chrm01_circ_3250514	PS_Ct_r03_2015_11_16_L002	94	0	1	0	1
HAMBI_0403_chrm01_circ_3276660	PS_Ct_r03_2015_11_16_L002	62	0	1	0	1
HAMBI_0403_chrm01_circ_3281194	PS_Ct_r03_2015_11_16_L002	34	0	1	0	1
HAMBI_0403_chrm01_circ_3300154	PS_Ct_r03_2015_11_16_L002	84	0	1	0	1
HAMBI_0403_chrm01_circ_3322437	PS_Ct_r03_2015_11_16_L002	78	0	1	0	1
HAMBI_0403_chrm01_circ_3322622	PS_Ct_r03_2015_11_16_L002	79	0	1	0	1
HAMBI_0403_chrm01_circ_3329629	PS_Ct_r03_2015_11_16_L002	74	0	1	0	1
HAMBI_0403_chrm01_circ_338614	PS_Ct_r03_2015_11_16_L002	87	0	1	0	1
HAMBI_0403_chrm01_circ_3393687	PS_Ct_r03_2015_11_16_L002	79	0	1	0	1
HAMBI_0403_chrm01_circ_3394128	PS_Ct_r03_2015_11_16_L002	74	18	1	0	1
HAMBI_0403_chrm01_circ_3405266	PS_Ct_r03_2015_11_16_L002	85	0	1	0	1
HAMBI_0403_chrm01_circ_340602	PS_Ct_r03_2015_11_16_L002	74	1	1	0	1
HAMBI_0403_chrm01_circ_3418753	PS_Ct_r03_2015_11_16_L002	97	0	1	0	1
HAMBI_0403_chrm01_circ_3459098	PS_Ct_r03_2015_11_16_L002	57	0	1	0	1
HAMBI_0403_chrm01_circ_3460941	PS_Ct_r03_2015_11_16_L002	51	0	1	0	1
HAMBI_0403_chrm01_circ_3461599	PS_Ct_r03_2015_11_16_L002	53	0	1	0	1
HAMBI_0403_chrm01_circ_3489004	PS_Ct_r03_2015_11_16_L002	69	0	1	0	1
HAMBI_0403_chrm01_circ_355460	PS_Ct_r03_2015_11_16_L002	96	0	1	0	1
HAMBI_0403_chrm01_circ_3555176	PS_Ct_r03_2015_11_16_L002	85	0	1	0	1
HAMBI_0403_chrm01_circ_3560450	PS_Ct_r03_2015_11_16_L002	84	0	1	0	1
HAMBI_0403_chrm01_circ_3567764	PS_Ct_r03_2015_11_16_L002	73	0	1	0	1
HAMBI_0403_chrm01_circ_3601720	PS_Ct_r03_2015_11_16_L002	85	0	1	0	1
HAMBI_0403_chrm01_circ_360522	PS_Ct_r03_2015_11_16_L002	78	0	1	0	1
HAMBI_0403_chrm01_circ_3647008	PS_Ct_r03_2015_11_16_L002	100	0	1	0	1
HAMBI_0403_chrm01_circ_3652328	PS_Ct_r03_2015_11_16_L002	87	0	1	0	1
HAMBI_0403_chrm01_circ_3734676	PS_Ct_r03_2015_11_16_L002	88	0	1	0	1
HAMBI_0403_chrm01_circ_3808590	PS_Ct_r03_2015_11_16_L002	82	0	1	0	1
HAMBI_0403_chrm01_circ_3813095	PS_Ct_r03_2015_11_16_L002	105	0	1	0	1
HAMBI_0403_chrm01_circ_3832814	PS_Ct_r03_2015_11_16_L002	67	0	1	0	1
HAMBI_0403_chrm01_circ_3885292	PS_Ct_r03_2015_11_16_L002	70	0	1	0	1
HAMBI_0403_chrm01_circ_3900399	PS_Ct_r03_2015_11_16_L002	58	0	1	0	1
HAMBI_0403_chrm01_circ_3910589	PS_Ct_r03_2015_11_16_L002	83	0	1	0	1
HAMBI_0403_chrm01_circ_3911084	PS_Ct_r03_2015_11_16_L002	76	0	1	0	1
HAMBI_0403_chrm01_circ_3993103	PS_Ct_r03_2015_11_16_L002	64	0	1	0	1
HAMBI_0403_chrm01_circ_4025643	PS_Ct_r03_2015_11_16_L002	98	0	1	0	1
HAMBI_0403_chrm01_circ_4025652	PS_Ct_r03_2015_11_16_L002	106	0	1	0	1
HAMBI_0403_chrm01_circ_4025663	PS_Ct_r03_2015_11_16_L002	118	0	1	0	1
HAMBI_0403_chrm01_circ_4025670	PS_Ct_r03_2015_11_16_L002	115	0	1	0	1
HAMBI_0403_chrm01_circ_4025677	PS_Ct_r03_2015_11_16_L002	116	0	1	0	1
HAMBI_0403_chrm01_circ_4025698	PS_Ct_r03_2015_11_16_L002	125	0	1	0	1
HAMBI_0403_chrm01_circ_4025700	PS_Ct_r03_2015_11_16_L002	125	0	1	0	1
HAMBI_0403_chrm01_circ_4040615	PS_Ct_r03_2015_11_16_L002	70	0	1	0	1
HAMBI_0403_chrm01_circ_4047471	PS_Ct_r03_2015_11_16_L002	74	0	1	0	1
HAMBI_0403_chrm01_circ_4063903	PS_Ct_r03_2015_11_16_L002	76	0	1	0	1
HAMBI_0403_chrm01_circ_4082916	PS_Ct_r03_2015_11_16_L002	80	0	1	0	1
HAMBI_0403_chrm01_circ_4098318	PS_Ct_r03_2015_11_16_L002	89	0	1	0	1
HAMBI_0403_chrm01_circ_4111761	PS_Ct_r03_2015_11_16_L002	79	0	1	0	1
HAMBI_0403_chrm01_circ_4119675	PS_Ct_r03_2015_11_16_L002	94	0	1	0	1
HAMBI_0403_chrm01_circ_4204317	PS_Ct_r03_2015_11_16_L002	84	0	1	0	1
HAMBI_0403_chrm01_circ_4211806	PS_Ct_r03_2015_11_16_L002	94	0	1	0	1
HAMBI_0403_chrm01_circ_4225781	PS_Ct_r03_2015_11_16_L002	66	0	1	0	1
HAMBI_0403_chrm01_circ_4227635	PS_Ct_r03_2015_11_16_L002	101	0	1	0	1
HAMBI_0403_chrm01_circ_4252605	PS_Ct_r03_2015_11_16_L002	83	0	1	0	1
HAMBI_0403_chrm01_circ_4295930	PS_Ct_r03_2015_11_16_L002	69	0	1	0	1
HAMBI_0403_chrm01_circ_4332767	PS_Ct_r03_2015_11_16_L002	86	0	1	0	1
HAMBI_0403_chrm01_circ_434325	PS_Ct_r03_2015_11_16_L002	61	0	1	0	1
HAMBI_0403_chrm01_circ_4367530	PS_Ct_r03_2015_11_16_L002	90	0	1	0	1
HAMBI_0403_chrm01_circ_4378839	PS_Ct_r03_2015_11_16_L002	83	0	1	0	1
HAMBI_0403_chrm01_circ_4384070	PS_Ct_r03_2015_11_16_L002	89	0	1	0	1
HAMBI_0403_chrm01_circ_440957	PS_Ct_r03_2015_11_16_L002	67	0	1	0	1
HAMBI_0403_chrm01_circ_4424328	PS_Ct_r03_2015_11_16_L002	83	0	1	0	1
HAMBI_0403_chrm01_circ_4450072	PS_Ct_r03_2015_11_16_L002	86	0	1	0	1
HAMBI_0403_chrm01_circ_4483742	PS_Ct_r03_2015_11_16_L002	67	0	1	0	1
HAMBI_0403_chrm01_circ_4537667	PS_Ct_r03_2015_11_16_L002	87	0	1	0	1
HAMBI_0403_chrm01_circ_4568561	PS_Ct_r03_2015_11_16_L002	73	0	1	0	1
HAMBI_0403_chrm01_circ_4574843	PS_Ct_r03_2015_11_16_L002	73	0	1	0	1
HAMBI_0403_chrm01_circ_4597956	PS_Ct_r03_2015_11_16_L002	74	0	1	0	1
HAMBI_0403_chrm01_circ_4629677	PS_Ct_r03_2015_11_16_L002	76	0	1	0	1
HAMBI_0403_chrm01_circ_4750362	PS_Ct_r03_2015_11_16_L002	62	0	1	0	1
HAMBI_0403_chrm01_circ_4761505	PS_Ct_r03_2015_11_16_L002	26	0	1	0	1
HAMBI_0403_chrm01_circ_4792076	PS_Ct_r03_2015_11_16_L002	75	0	1	0	1
HAMBI_0403_chrm01_circ_4807897	PS_Ct_r03_2015_11_16_L002	72	0	1	0	1
HAMBI_0403_chrm01_circ_4807942	PS_Ct_r03_2015_11_16_L002	78	0	1	0	1
HAMBI_0403_chrm01_circ_4815800	PS_Ct_r03_2015_11_16_L002	102	0	1	0	1
HAMBI_0403_chrm01_circ_4827495	PS_Ct_r03_2015_11_16_L002	73	0	1	0	1
HAMBI_0403_chrm01_circ_4829007	PS_Ct_r03_2015_11_16_L002	72	0	1	0	1
HAMBI_0403_chrm01_circ_4829050	PS_Ct_r03_2015_11_16_L002	68	0	1	0	1
HAMBI_0403_chrm01_circ_4831235	PS_Ct_r03_2015_11_16_L002	81	0	1	0	1
HAMBI_0403_chrm01_circ_4893344	PS_Ct_r03_2015_11_16_L002	67	0	1	0	1
HAMBI_0403_chrm01_circ_4947683	PS_Ct_r03_2015_11_16_L002	79	0	1	0	1
HAMBI_0403_chrm01_circ_4968639	PS_Ct_r03_2015_11_16_L002	89	0	1	0	1
HAMBI_0403_chrm01_circ_4973982	PS_Ct_r03_2015_11_16_L002	86	0	1	0	1
HAMBI_0403_chrm01_circ_4994802	PS_Ct_r03_2015_11_16_L002	76	0	1	0	1
HAMBI_0403_chrm01_circ_500037	PS_Ct_r03_2015_11_16_L002	84	0	1	0	1
HAMBI_0403_chrm01_circ_5035898	PS_Ct_r03_2015_11_16_L002	63	0	1	0	1
HAMBI_0403_chrm01_circ_5041374	PS_Ct_r03_2015_11_16_L002	83	0	1	0	1
HAMBI_0403_chrm01_circ_5060025	PS_Ct_r03_2015_11_16_L002	104	0	1	0	1
HAMBI_0403_chrm01_circ_5074286	PS_Ct_r03_2015_11_16_L002	83	0	1	0	1
HAMBI_0403_chrm01_circ_5102598	PS_Ct_r03_2015_11_16_L002	94	0	1	0	1
HAMBI_0403_chrm01_circ_5106025	PS_Ct_r03_2015_11_16_L002	64	0	1	0	1
HAMBI_0403_chrm01_circ_5130785	PS_Ct_r03_2015_11_16_L002	63	0	1	0	1
HAMBI_0403_chrm01_circ_5165364	PS_Ct_r03_2015_11_16_L002	103	85	1	0	1
HAMBI_0403_chrm01_circ_5170782	PS_Ct_r03_2015_11_16_L002	175	0	1	0	1
HAMBI_0403_chrm01_circ_5191327	PS_Ct_r03_2015_11_16_L002	64	0	1	0	1
HAMBI_0403_chrm01_circ_5198807	PS_Ct_r03_2015_11_16_L002	90	1	1	0	1
HAMBI_0403_chrm01_circ_522539	PS_Ct_r03_2015_11_16_L002	101	0	1	0	1
HAMBI_0403_chrm01_circ_5277914	PS_Ct_r03_2015_11_16_L002	30	32	1	0	1
HAMBI_0403_chrm01_circ_5317143	PS_Ct_r03_2015_11_16_L002	88	0	1	0	1
HAMBI_0403_chrm01_circ_5369259	PS_Ct_r03_2015_11_16_L002	63	0	1	0	1
HAMBI_0403_chrm01_circ_5380330	PS_Ct_r03_2015_11_16_L002	67	0	1	0	1
HAMBI_0403_chrm01_circ_5387471	PS_Ct_r03_2015_11_16_L002	106	0	1	0	1
HAMBI_0403_chrm01_circ_5407887	PS_Ct_r03_2015_11_16_L002	80	0	1	0	1
HAMBI_0403_chrm01_circ_5435929	PS_Ct_r03_2015_11_16_L002	70	0	1	0	1
HAMBI_0403_chrm01_circ_5447164	PS_Ct_r03_2015_11_16_L002	62	0	1	0	1
HAMBI_0403_chrm01_circ_5448089	PS_Ct_r03_2015_11_16_L002	93	1	1	0	1
HAMBI_0403_chrm01_circ_5454777	PS_Ct_r03_2015_11_16_L002	89	0	1	0	1
HAMBI_0403_chrm01_circ_5466654	PS_Ct_r03_2015_11_16_L002	88	0	1	0	1
HAMBI_0403_chrm01_circ_5476119	PS_Ct_r03_2015_11_16_L002	88	0	1	0	1
HAMBI_0403_chrm01_circ_5571996	PS_Ct_r03_2015_11_16_L002	98	0	1	0	1
HAMBI_0403_chrm01_circ_5605380	PS_Ct_r03_2015_11_16_L002	79	0	1	0	1
HAMBI_0403_chrm01_circ_5649091	PS_Ct_r03_2015_11_16_L002	79	0	1	0	1
HAMBI_0403_chrm01_circ_5741782	PS_Ct_r03_2015_11_16_L002	110	0	1	0	1
HAMBI_0403_chrm01_circ_575080	PS_Ct_r03_2015_11_16_L002	58	0	1	0	1
HAMBI_0403_chrm01_circ_5775702	PS_Ct_r03_2015_11_16_L002	101	0	1	0	1
HAMBI_0403_chrm01_circ_61587	PS_Ct_r03_2015_11_16_L002	83	0	1	0	1
HAMBI_0403_chrm01_circ_673240	PS_Ct_r03_2015_11_16_L002	81	0	1	0	1
HAMBI_0403_chrm01_circ_674307	PS_Ct_r03_2015_11_16_L002	78	0	1	0	1
HAMBI_0403_chrm01_circ_674960	PS_Ct_r03_2015_11_16_L002	82	0	1	0	1
HAMBI_0403_chrm01_circ_693893	PS_Ct_r03_2015_11_16_L002	82	0	1	0	1
HAMBI_0403_chrm01_circ_698904	PS_Ct_r03_2015_11_16_L002	75	0	1	0	1
HAMBI_0403_chrm01_circ_70627	PS_Ct_r03_2015_11_16_L002	112	0	1	0	1
HAMBI_0403_chrm01_circ_736327	PS_Ct_r03_2015_11_16_L002	78	0	1	0	1
HAMBI_0403_chrm01_circ_755508	PS_Ct_r03_2015_11_16_L002	61	0	1	0	1
HAMBI_0403_chrm01_circ_759084	PS_Ct_r03_2015_11_16_L002	74	0	1	0	1
HAMBI_0403_chrm01_circ_78846	PS_Ct_r03_2015_11_16_L002	110	0	1	0	1
HAMBI_0403_chrm01_circ_790661	PS_Ct_r03_2015_11_16_L002	90	0	1	0	1
HAMBI_0403_chrm01_circ_808688	PS_Ct_r03_2015_11_16_L002	72	0	1	0	1
HAMBI_0403_chrm01_circ_814505	PS_Ct_r03_2015_11_16_L002	93	0	1	0	1
HAMBI_0403_chrm01_circ_823961	PS_Ct_r03_2015_11_16_L002	76	0	1	0	1
HAMBI_0403_chrm01_circ_83834	PS_Ct_r03_2015_11_16_L002	94	0	1	0	1
HAMBI_0403_chrm01_circ_868194	PS_Ct_r03_2015_11_16_L002	77	0	1	0	1
HAMBI_0403_chrm01_circ_905331	PS_Ct_r03_2015_11_16_L002	75	0	1	0	1
HAMBI_0403_chrm01_circ_928195	PS_Ct_r03_2015_11_16_L002	67	0	1	0	1
HAMBI_0403_chrm01_circ_946980	PS_Ct_r03_2015_11_16_L002	62	0	1	0	1
HAMBI_0403_chrm01_circ_955334	PS_Ct_r03_2015_11_16_L002	89	0	1	0	1
HAMBI_0403_chrm01_circ_958358	PS_Ct_r03_2015_11_16_L002	83	0	1	0	1
HAMBI_0403_chrm01_circ_958650	PS_Ct_r03_2015_11_16_L002	67	0	1	0	1
HAMBI_0403_chrm01_circ_96390	PS_Ct_r03_2015_11_16_L002	91	0	1	0	1
HAMBI_0403_chrm01_circ_99072	PS_Ct_r03_2015_11_16_L002	91	0	1	0	1
HAMBI_0403_chrm01_circ_99696	PS_Ct_r03_2015_11_16_L002	90	0	1	0	1
HAMBI_0403_plas01_circ_13169	PS_Ct_r03_2015_11_16_L002	87	0	1	0	1
HAMBI_0403_plas01_circ_31558	PS_Ct_r03_2015_11_16_L002	72	0	1	0	1
HAMBI_0403_chrm01_circ_1046497	PS_Ct_r03_2015_12_14_L002	68	0	1	0	1
HAMBI_0403_chrm01_circ_1080893	PS_Ct_r03_2015_12_14_L002	61	0	1	0	1
HAMBI_0403_chrm01_circ_1119336	PS_Ct_r03_2015_12_14_L002	68	0	1	0	1
HAMBI_0403_chrm01_circ_1119876	PS_Ct_r03_2015_12_14_L002	56	0	1	0	1
HAMBI_0403_chrm01_circ_1132164	PS_Ct_r03_2015_12_14_L002	53	0	1	0	1
HAMBI_0403_chrm01_circ_1154877	PS_Ct_r03_2015_12_14_L002	71	0	1	0	1
HAMBI_0403_chrm01_circ_1177878	PS_Ct_r03_2015_12_14_L002	56	0	1	0	1
HAMBI_0403_chrm01_circ_1191667	PS_Ct_r03_2015_12_14_L002	58	0	1	0	1
HAMBI_0403_chrm01_circ_1246798	PS_Ct_r03_2015_12_14_L002	45	0	1	0	1
HAMBI_0403_chrm01_circ_1272527	PS_Ct_r03_2015_12_14_L002	47	0	1	0	1
HAMBI_0403_chrm01_circ_1277340	PS_Ct_r03_2015_12_14_L002	44	0	1	0	1
HAMBI_0403_chrm01_circ_1295387	PS_Ct_r03_2015_12_14_L002	58	0	1	0	1
HAMBI_0403_chrm01_circ_1350046	PS_Ct_r03_2015_12_14_L002	81	0	1	0	1
HAMBI_0403_chrm01_circ_1359617	PS_Ct_r03_2015_12_14_L002	17	0	1	0	1
HAMBI_0403_chrm01_circ_1361345	PS_Ct_r03_2015_12_14_L002	63	0	1	0	1
HAMBI_0403_chrm01_circ_1392097	PS_Ct_r03_2015_12_14_L002	10	400	1	0	1
HAMBI_0403_chrm01_circ_1427994	PS_Ct_r03_2015_12_14_L002	55	0	1	0	1
HAMBI_0403_chrm01_circ_1449135	PS_Ct_r03_2015_12_14_L002	51	0	1	0	1
HAMBI_0403_chrm01_circ_1483274	PS_Ct_r03_2015_12_14_L002	50	0	1	0	1
HAMBI_0403_chrm01_circ_1488590	PS_Ct_r03_2015_12_14_L002	47	0	1	0	1
HAMBI_0403_chrm01_circ_15131	PS_Ct_r03_2015_12_14_L002	60	0	1	0	1
HAMBI_0403_chrm01_circ_1566075	PS_Ct_r03_2015_12_14_L002	60	0	1	0	1
HAMBI_0403_chrm01_circ_1610814	PS_Ct_r03_2015_12_14_L002	46	6	1	0	1
HAMBI_0403_chrm01_circ_161831	PS_Ct_r03_2015_12_14_L002	56	0	1	0	1
HAMBI_0403_chrm01_circ_16427	PS_Ct_r03_2015_12_14_L002	88	0	1	0	1
HAMBI_0403_chrm01_circ_1649857	PS_Ct_r03_2015_12_14_L002	63	0	1	0	1
HAMBI_0403_chrm01_circ_1732518	PS_Ct_r03_2015_12_14_L002	60	0	1	0	1
HAMBI_0403_chrm01_circ_1738117	PS_Ct_r03_2015_12_14_L002	65	0	1	0	1
HAMBI_0403_chrm01_circ_1759579	PS_Ct_r03_2015_12_14_L002	61	0	1	0	1
HAMBI_0403_chrm01_circ_177120	PS_Ct_r03_2015_12_14_L002	63	0	1	0	1
HAMBI_0403_chrm01_circ_1820962	PS_Ct_r03_2015_12_14_L002	62	0	1	0	1
HAMBI_0403_chrm01_circ_1887917	PS_Ct_r03_2015_12_14_L002	56	0	1	0	1
HAMBI_0403_chrm01_circ_1930553	PS_Ct_r03_2015_12_14_L002	55	0	1	0	1
HAMBI_0403_chrm01_circ_1942108	PS_Ct_r03_2015_12_14_L002	53	0	1	0	1
HAMBI_0403_chrm01_circ_1954454	PS_Ct_r03_2015_12_14_L002	42	1	1	0	1
HAMBI_0403_chrm01_circ_1956423	PS_Ct_r03_2015_12_14_L002	49	0	1	0	1
HAMBI_0403_chrm01_circ_1975660	PS_Ct_r03_2015_12_14_L002	59	0	1	0	1
HAMBI_0403_chrm01_circ_1977057	PS_Ct_r03_2015_12_14_L002	42	0	1	0	1
HAMBI_0403_chrm01_circ_2030365	PS_Ct_r03_2015_12_14_L002	61	0	1	0	1
HAMBI_0403_chrm01_circ_203280	PS_Ct_r03_2015_12_14_L002	44	0	1	0	1
HAMBI_0403_chrm01_circ_2047425	PS_Ct_r03_2015_12_14_L002	59	0	1	0	1
HAMBI_0403_chrm01_circ_204962	PS_Ct_r03_2015_12_14_L002	56	0	1	0	1
HAMBI_0403_chrm01_circ_2107547	PS_Ct_r03_2015_12_14_L002	47	0	1	0	1
HAMBI_0403_chrm01_circ_2168329	PS_Ct_r03_2015_12_14_L002	42	0	1	0	1
HAMBI_0403_chrm01_circ_2211058	PS_Ct_r03_2015_12_14_L002	45	0	1	0	1
HAMBI_0403_chrm01_circ_2255124	PS_Ct_r03_2015_12_14_L002	64	0	1	0	1
HAMBI_0403_chrm01_circ_2326138	PS_Ct_r03_2015_12_14_L002	62	0	1	0	1
HAMBI_0403_chrm01_circ_23479	PS_Ct_r03_2015_12_14_L002	59	0	1	0	1
HAMBI_0403_chrm01_circ_2442113	PS_Ct_r03_2015_12_14_L002	51	0	1	0	1
HAMBI_0403_chrm01_circ_2515857	PS_Ct_r03_2015_12_14_L002	57	0	1	0	1
HAMBI_0403_chrm01_circ_2636197	PS_Ct_r03_2015_12_14_L002	57	0	1	0	1
HAMBI_0403_chrm01_circ_264681	PS_Ct_r03_2015_12_14_L002	50	0	1	0	1
HAMBI_0403_chrm01_circ_2648858	PS_Ct_r03_2015_12_14_L002	57	0	1	0	1
HAMBI_0403_chrm01_circ_2663531	PS_Ct_r03_2015_12_14_L002	48	0	1	0	1
HAMBI_0403_chrm01_circ_267791	PS_Ct_r03_2015_12_14_L002	52	0	1	0	1
HAMBI_0403_chrm01_circ_2688975	PS_Ct_r03_2015_12_14_L002	46	0	1	0	1
HAMBI_0403_chrm01_circ_2693322	PS_Ct_r03_2015_12_14_L002	45	0	1	0	1
HAMBI_0403_chrm01_circ_2734043	PS_Ct_r03_2015_12_14_L002	55	0	1	0	1
HAMBI_0403_chrm01_circ_2751601	PS_Ct_r03_2015_12_14_L002	70	0	1	0	1
HAMBI_0403_chrm01_circ_2752133	PS_Ct_r03_2015_12_14_L002	49	0	1	0	1
HAMBI_0403_chrm01_circ_2754629	PS_Ct_r03_2015_12_14_L002	47	0	1	0	1
HAMBI_0403_chrm01_circ_2793634	PS_Ct_r03_2015_12_14_L002	48	0	1	0	1
HAMBI_0403_chrm01_circ_281980	PS_Ct_r03_2015_12_14_L002	53	0	1	0	1
HAMBI_0403_chrm01_circ_2888794	PS_Ct_r03_2015_12_14_L002	62	0	1	0	1
HAMBI_0403_chrm01_circ_292417	PS_Ct_r03_2015_12_14_L002	57	0	1	0	1
HAMBI_0403_chrm01_circ_2926993	PS_Ct_r03_2015_12_14_L002	45	0	1	0	1
HAMBI_0403_chrm01_circ_2930190	PS_Ct_r03_2015_12_14_L002	66	0	1	0	1
HAMBI_0403_chrm01_circ_2953973	PS_Ct_r03_2015_12_14_L002	61	0	1	0	1
HAMBI_0403_chrm01_circ_2957163	PS_Ct_r03_2015_12_14_L002	54	0	1	0	1
HAMBI_0403_chrm01_circ_2970233	PS_Ct_r03_2015_12_14_L002	51	0	1	0	1
HAMBI_0403_chrm01_circ_2992565	PS_Ct_r03_2015_12_14_L002	57	0	1	0	1
HAMBI_0403_chrm01_circ_2996524	PS_Ct_r03_2015_12_14_L002	62	0	1	0	1
HAMBI_0403_chrm01_circ_3087888	PS_Ct_r03_2015_12_14_L002	57	0	1	0	1
HAMBI_0403_chrm01_circ_3109922	PS_Ct_r03_2015_12_14_L002	73	0	1	0	1
HAMBI_0403_chrm01_circ_3118967	PS_Ct_r03_2015_12_14_L002	52	0	1	0	1
HAMBI_0403_chrm01_circ_3144725	PS_Ct_r03_2015_12_14_L002	62	0	1	0	1
HAMBI_0403_chrm01_circ_3149518	PS_Ct_r03_2015_12_14_L002	52	0	1	0	1
HAMBI_0403_chrm01_circ_3154053	PS_Ct_r03_2015_12_14_L002	52	0	1	0	1
HAMBI_0403_chrm01_circ_3211528	PS_Ct_r03_2015_12_14_L002	54	0	1	0	1
HAMBI_0403_chrm01_circ_3229165	PS_Ct_r03_2015_12_14_L002	63	0	1	0	1
HAMBI_0403_chrm01_circ_3250514	PS_Ct_r03_2015_12_14_L002	73	0	1	0	1
HAMBI_0403_chrm01_circ_3276660	PS_Ct_r03_2015_12_14_L002	43	0	1	0	1
HAMBI_0403_chrm01_circ_3281194	PS_Ct_r03_2015_12_14_L002	22	0	1	0	1
HAMBI_0403_chrm01_circ_3300154	PS_Ct_r03_2015_12_14_L002	57	0	1	0	1
HAMBI_0403_chrm01_circ_3322437	PS_Ct_r03_2015_12_14_L002	67	0	1	0	1
HAMBI_0403_chrm01_circ_3322622	PS_Ct_r03_2015_12_14_L002	55	0	1	0	1
HAMBI_0403_chrm01_circ_3329629	PS_Ct_r03_2015_12_14_L002	39	0	1	0	1
HAMBI_0403_chrm01_circ_338614	PS_Ct_r03_2015_12_14_L002	50	0	1	0	1
HAMBI_0403_chrm01_circ_3393687	PS_Ct_r03_2015_12_14_L002	45	0	1	0	1
HAMBI_0403_chrm01_circ_3394128	PS_Ct_r03_2015_12_14_L002	46	12	1	0	1
HAMBI_0403_chrm01_circ_3405266	PS_Ct_r03_2015_12_14_L002	59	0	1	0	1
HAMBI_0403_chrm01_circ_340602	PS_Ct_r03_2015_12_14_L002	56	0	1	0	1
HAMBI_0403_chrm01_circ_3418753	PS_Ct_r03_2015_12_14_L002	52	0	1	0	1
HAMBI_0403_chrm01_circ_3459098	PS_Ct_r03_2015_12_14_L002	45	0	1	0	1
HAMBI_0403_chrm01_circ_3460941	PS_Ct_r03_2015_12_14_L002	39	0	1	0	1
HAMBI_0403_chrm01_circ_3461599	PS_Ct_r03_2015_12_14_L002	29	0	1	0	1
HAMBI_0403_chrm01_circ_3489004	PS_Ct_r03_2015_12_14_L002	58	0	1	0	1
HAMBI_0403_chrm01_circ_355460	PS_Ct_r03_2015_12_14_L002	40	0	1	0	1
HAMBI_0403_chrm01_circ_3555176	PS_Ct_r03_2015_12_14_L002	57	1	1	0	1
HAMBI_0403_chrm01_circ_3560450	PS_Ct_r03_2015_12_14_L002	54	0	1	0	1
HAMBI_0403_chrm01_circ_3567764	PS_Ct_r03_2015_12_14_L002	46	0	1	0	1
HAMBI_0403_chrm01_circ_3601720	PS_Ct_r03_2015_12_14_L002	59	0	1	0	1
HAMBI_0403_chrm01_circ_360522	PS_Ct_r03_2015_12_14_L002	39	0	1	0	1
HAMBI_0403_chrm01_circ_3647008	PS_Ct_r03_2015_12_14_L002	77	0	1	0	1
HAMBI_0403_chrm01_circ_3652328	PS_Ct_r03_2015_12_14_L002	52	0	1	0	1
HAMBI_0403_chrm01_circ_3734676	PS_Ct_r03_2015_12_14_L002	38	0	1	0	1
HAMBI_0403_chrm01_circ_3808590	PS_Ct_r03_2015_12_14_L002	55	0	1	0	1
HAMBI_0403_chrm01_circ_3813095	PS_Ct_r03_2015_12_14_L002	47	0	1	0	1
HAMBI_0403_chrm01_circ_3832814	PS_Ct_r03_2015_12_14_L002	52	0	1	0	1
HAMBI_0403_chrm01_circ_3885292	PS_Ct_r03_2015_12_14_L002	49	0	1	0	1
HAMBI_0403_chrm01_circ_3900399	PS_Ct_r03_2015_12_14_L002	57	0	1	0	1
HAMBI_0403_chrm01_circ_3910589	PS_Ct_r03_2015_12_14_L002	62	0	1	0	1
HAMBI_0403_chrm01_circ_3911084	PS_Ct_r03_2015_12_14_L002	56	0	1	0	1
HAMBI_0403_chrm01_circ_3993103	PS_Ct_r03_2015_12_14_L002	53	0	1	0	1
HAMBI_0403_chrm01_circ_4025643	PS_Ct_r03_2015_12_14_L002	50	0	1	0	1
HAMBI_0403_chrm01_circ_4025652	PS_Ct_r03_2015_12_14_L002	49	0	1	0	1
HAMBI_0403_chrm01_circ_4025663	PS_Ct_r03_2015_12_14_L002	61	0	1	0	1
HAMBI_0403_chrm01_circ_4025670	PS_Ct_r03_2015_12_14_L002	59	0	1	0	1
HAMBI_0403_chrm01_circ_4025677	PS_Ct_r03_2015_12_14_L002	57	0	1	0	1
HAMBI_0403_chrm01_circ_4025698	PS_Ct_r03_2015_12_14_L002	64	0	1	0	1
HAMBI_0403_chrm01_circ_4025700	PS_Ct_r03_2015_12_14_L002	64	0	1	0	1
HAMBI_0403_chrm01_circ_4040615	PS_Ct_r03_2015_12_14_L002	44	0	1	0	1
HAMBI_0403_chrm01_circ_4047471	PS_Ct_r03_2015_12_14_L002	48	0	1	0	1
HAMBI_0403_chrm01_circ_4063903	PS_Ct_r03_2015_12_14_L002	42	0	1	0	1
HAMBI_0403_chrm01_circ_4082916	PS_Ct_r03_2015_12_14_L002	61	0	1	0	1
HAMBI_0403_chrm01_circ_4098318	PS_Ct_r03_2015_12_14_L002	56	0	1	0	1
HAMBI_0403_chrm01_circ_4111761	PS_Ct_r03_2015_12_14_L002	68	0	1	0	1
HAMBI_0403_chrm01_circ_4119675	PS_Ct_r03_2015_12_14_L002	82	0	1	0	1
HAMBI_0403_chrm01_circ_4204317	PS_Ct_r03_2015_12_14_L002	56	0	1	0	1
HAMBI_0403_chrm01_circ_4211806	PS_Ct_r03_2015_12_14_L002	66	0	1	0	1
HAMBI_0403_chrm01_circ_4225781	PS_Ct_r03_2015_12_14_L002	39	0	1	0	1
HAMBI_0403_chrm01_circ_4227635	PS_Ct_r03_2015_12_14_L002	48	0	1	0	1
HAMBI_0403_chrm01_circ_4252605	PS_Ct_r03_2015_12_14_L002	53	0	1	0	1
HAMBI_0403_chrm01_circ_4295930	PS_Ct_r03_2015_12_14_L002	47	0	1	0	1
HAMBI_0403_chrm01_circ_4332767	PS_Ct_r03_2015_12_14_L002	60	0	1	0	1
HAMBI_0403_chrm01_circ_434325	PS_Ct_r03_2015_12_14_L002	50	0	1	0	1
HAMBI_0403_chrm01_circ_4367530	PS_Ct_r03_2015_12_14_L002	59	0	1	0	1
HAMBI_0403_chrm01_circ_4378839	PS_Ct_r03_2015_12_14_L002	67	0	1	0	1
HAMBI_0403_chrm01_circ_4384070	PS_Ct_r03_2015_12_14_L002	57	0	1	0	1
HAMBI_0403_chrm01_circ_440957	PS_Ct_r03_2015_12_14_L002	33	0	1	0	1
HAMBI_0403_chrm01_circ_4424328	PS_Ct_r03_2015_12_14_L002	61	0	1	0	1
HAMBI_0403_chrm01_circ_4450072	PS_Ct_r03_2015_12_14_L002	67	0	1	0	1
HAMBI_0403_chrm01_circ_4483742	PS_Ct_r03_2015_12_14_L002	55	0	1	0	1
HAMBI_0403_chrm01_circ_4537667	PS_Ct_r03_2015_12_14_L002	44	0	1	0	1
HAMBI_0403_chrm01_circ_4568561	PS_Ct_r03_2015_12_14_L002	65	0	1	0	1
HAMBI_0403_chrm01_circ_4574843	PS_Ct_r03_2015_12_14_L002	54	0	1	0	1
HAMBI_0403_chrm01_circ_4597956	PS_Ct_r03_2015_12_14_L002	51	0	1	0	1
HAMBI_0403_chrm01_circ_4629677	PS_Ct_r03_2015_12_14_L002	56	0	1	0	1
HAMBI_0403_chrm01_circ_4750362	PS_Ct_r03_2015_12_14_L002	46	0	1	0	1
HAMBI_0403_chrm01_circ_4761505	PS_Ct_r03_2015_12_14_L002	24	0	1	0	1
HAMBI_0403_chrm01_circ_4792076	PS_Ct_r03_2015_12_14_L002	65	0	1	0	1
HAMBI_0403_chrm01_circ_4807897	PS_Ct_r03_2015_12_14_L002	65	0	1	0	1
HAMBI_0403_chrm01_circ_4807942	PS_Ct_r03_2015_12_14_L002	68	0	1	0	1
HAMBI_0403_chrm01_circ_4815800	PS_Ct_r03_2015_12_14_L002	61	0	1	0	1
HAMBI_0403_chrm01_circ_4827495	PS_Ct_r03_2015_12_14_L002	52	0	1	0	1
HAMBI_0403_chrm01_circ_4829007	PS_Ct_r03_2015_12_14_L002	36	0	1	0	1
HAMBI_0403_chrm01_circ_4829050	PS_Ct_r03_2015_12_14_L002	43	0	1	0	1
HAMBI_0403_chrm01_circ_4831235	PS_Ct_r03_2015_12_14_L002	50	0	1	0	1
HAMBI_0403_chrm01_circ_4893344	PS_Ct_r03_2015_12_14_L002	43	0	1	0	1
HAMBI_0403_chrm01_circ_4947683	PS_Ct_r03_2015_12_14_L002	67	0	1	0	1
HAMBI_0403_chrm01_circ_4968639	PS_Ct_r03_2015_12_14_L002	58	0	1	0	1
HAMBI_0403_chrm01_circ_4973982	PS_Ct_r03_2015_12_14_L002	53	0	1	0	1
HAMBI_0403_chrm01_circ_4994802	PS_Ct_r03_2015_12_14_L002	64	0	1	0	1
HAMBI_0403_chrm01_circ_500037	PS_Ct_r03_2015_12_14_L002	40	0	1	0	1
HAMBI_0403_chrm01_circ_5035898	PS_Ct_r03_2015_12_14_L002	51	0	1	0	1
HAMBI_0403_chrm01_circ_5041374	PS_Ct_r03_2015_12_14_L002	51	0	1	0	1
HAMBI_0403_chrm01_circ_5060025	PS_Ct_r03_2015_12_14_L002	63	0	1	0	1
HAMBI_0403_chrm01_circ_5074286	PS_Ct_r03_2015_12_14_L002	43	0	1	0	1
HAMBI_0403_chrm01_circ_5102598	PS_Ct_r03_2015_12_14_L002	56	0	1	0	1
HAMBI_0403_chrm01_circ_5106025	PS_Ct_r03_2015_12_14_L002	60	0	1	0	1
HAMBI_0403_chrm01_circ_5130785	PS_Ct_r03_2015_12_14_L002	47	0	1	0	1
HAMBI_0403_chrm01_circ_5165364	PS_Ct_r03_2015_12_14_L002	100	86	1	0	1
HAMBI_0403_chrm01_circ_5170782	PS_Ct_r03_2015_12_14_L002	170	0	1	0	1
HAMBI_0403_chrm01_circ_5191327	PS_Ct_r03_2015_12_14_L002	60	0	1	0	1
HAMBI_0403_chrm01_circ_5198807	PS_Ct_r03_2015_12_14_L002	37	0	1	0	1
HAMBI_0403_chrm01_circ_522539	PS_Ct_r03_2015_12_14_L002	54	0	1	0	1
HAMBI_0403_chrm01_circ_5277914	PS_Ct_r03_2015_12_14_L002	48	13	1	0	1
HAMBI_0403_chrm01_circ_5317143	PS_Ct_r03_2015_12_14_L002	67	0	1	0	1
HAMBI_0403_chrm01_circ_5369259	PS_Ct_r03_2015_12_14_L002	51	0	1	0	1
HAMBI_0403_chrm01_circ_5380330	PS_Ct_r03_2015_12_14_L002	51	0	1	0	1
HAMBI_0403_chrm01_circ_5387471	PS_Ct_r03_2015_12_14_L002	54	0	1	0	1
HAMBI_0403_chrm01_circ_5407887	PS_Ct_r03_2015_12_14_L002	49	0	1	0	1
HAMBI_0403_chrm01_circ_5435929	PS_Ct_r03_2015_12_14_L002	54	0	1	0	1
HAMBI_0403_chrm01_circ_5447164	PS_Ct_r03_2015_12_14_L002	59	0	1	0	1
HAMBI_0403_chrm01_circ_5448089	PS_Ct_r03_2015_12_14_L002	61	0	1	0	1
HAMBI_0403_chrm01_circ_5454777	PS_Ct_r03_2015_12_14_L002	49	0	1	0	1
HAMBI_0403_chrm01_circ_5466654	PS_Ct_r03_2015_12_14_L002	69	0	1	0	1
HAMBI_0403_chrm01_circ_5476119	PS_Ct_r03_2015_12_14_L002	53	0	1	0	1
HAMBI_0403_chrm01_circ_5571996	PS_Ct_r03_2015_12_14_L002	55	0	1	0	1
HAMBI_0403_chrm01_circ_5605380	PS_Ct_r03_2015_12_14_L002	68	0	1	0	1
HAMBI_0403_chrm01_circ_5649091	PS_Ct_r03_2015_12_14_L002	60	0	1	0	1
HAMBI_0403_chrm01_circ_5741782	PS_Ct_r03_2015_12_14_L002	60	0	1	0	1
HAMBI_0403_chrm01_circ_575080	PS_Ct_r03_2015_12_14_L002	46	0	1	0	1
HAMBI_0403_chrm01_circ_5775702	PS_Ct_r03_2015_12_14_L002	47	0	1	0	1
HAMBI_0403_chrm01_circ_61587	PS_Ct_r03_2015_12_14_L002	54	0	1	0	1
HAMBI_0403_chrm01_circ_673240	PS_Ct_r03_2015_12_14_L002	59	0	1	0	1
HAMBI_0403_chrm01_circ_674307	PS_Ct_r03_2015_12_14_L002	52	0	1	0	1
HAMBI_0403_chrm01_circ_674960	PS_Ct_r03_2015_12_14_L002	55	0	1	0	1
HAMBI_0403_chrm01_circ_693893	PS_Ct_r03_2015_12_14_L002	51	0	1	0	1
HAMBI_0403_chrm01_circ_698904	PS_Ct_r03_2015_12_14_L002	72	0	1	0	1
HAMBI_0403_chrm01_circ_70627	PS_Ct_r03_2015_12_14_L002	69	0	1	0	1
HAMBI_0403_chrm01_circ_736327	PS_Ct_r03_2015_12_14_L002	63	0	1	0	1
HAMBI_0403_chrm01_circ_755508	PS_Ct_r03_2015_12_14_L002	64	0	1	0	1
HAMBI_0403_chrm01_circ_759084	PS_Ct_r03_2015_12_14_L002	42	0	1	0	1
HAMBI_0403_chrm01_circ_78846	PS_Ct_r03_2015_12_14_L002	76	0	1	0	1
HAMBI_0403_chrm01_circ_790661	PS_Ct_r03_2015_12_14_L002	66	0	1	0	1
HAMBI_0403_chrm01_circ_808688	PS_Ct_r03_2015_12_14_L002	61	0	1	0	1
HAMBI_0403_chrm01_circ_814505	PS_Ct_r03_2015_12_14_L002	35	0	1	0	1
HAMBI_0403_chrm01_circ_823961	PS_Ct_r03_2015_12_14_L002	69	0	1	0	1
HAMBI_0403_chrm01_circ_83834	PS_Ct_r03_2015_12_14_L002	66	0	1	0	1
HAMBI_0403_chrm01_circ_868194	PS_Ct_r03_2015_12_14_L002	55	0	1	0	1
HAMBI_0403_chrm01_circ_905331	PS_Ct_r03_2015_12_14_L002	66	0	1	0	1
HAMBI_0403_chrm01_circ_928195	PS_Ct_r03_2015_12_14_L002	48	0	1	0	1
HAMBI_0403_chrm01_circ_946980	PS_Ct_r03_2015_12_14_L002	43	0	1	0	1
HAMBI_0403_chrm01_circ_955334	PS_Ct_r03_2015_12_14_L002	51	0	1	0	1
HAMBI_0403_chrm01_circ_958358	PS_Ct_r03_2015_12_14_L002	73	1	1	0	1
HAMBI_0403_chrm01_circ_958650	PS_Ct_r03_2015_12_14_L002	60	0	1	0	1
HAMBI_0403_chrm01_circ_96390	PS_Ct_r03_2015_12_14_L002	70	0	1	0	1
HAMBI_0403_chrm01_circ_99072	PS_Ct_r03_2015_12_14_L002	52	1	1	0	1
HAMBI_0403_chrm01_circ_99696	PS_Ct_r03_2015_12_14_L002	56	0	1	0	1
HAMBI_0403_plas01_circ_13169	PS_Ct_r03_2015_12_14_L002	57	0	1	0	1
HAMBI_0403_plas01_circ_31558	PS_Ct_r03_2015_12_14_L002	47	0	1	0	1
HAMBI_0403_chrm01_circ_1046497	PS_Ct_r03_2016_01_11_L001	78	0	1	0	1
HAMBI_0403_chrm01_circ_1080893	PS_Ct_r03_2016_01_11_L001	66	0	1	0	1
HAMBI_0403_chrm01_circ_1119336	PS_Ct_r03_2016_01_11_L001	94	0	1	0	1
HAMBI_0403_chrm01_circ_1119876	PS_Ct_r03_2016_01_11_L001	66	0	1	0	1
HAMBI_0403_chrm01_circ_1132164	PS_Ct_r03_2016_01_11_L001	61	0	1	0	1
HAMBI_0403_chrm01_circ_1154877	PS_Ct_r03_2016_01_11_L001	79	0	1	0	1
HAMBI_0403_chrm01_circ_1177878	PS_Ct_r03_2016_01_11_L001	64	0	1	0	1
HAMBI_0403_chrm01_circ_1191667	PS_Ct_r03_2016_01_11_L001	72	0	1	0	1
HAMBI_0403_chrm01_circ_1246798	PS_Ct_r03_2016_01_11_L001	55	0	1	0	1
HAMBI_0403_chrm01_circ_1272527	PS_Ct_r03_2016_01_11_L001	58	0	1	0	1
HAMBI_0403_chrm01_circ_1277340	PS_Ct_r03_2016_01_11_L001	87	0	1	0	1
HAMBI_0403_chrm01_circ_1295387	PS_Ct_r03_2016_01_11_L001	59	0	1	0	1
HAMBI_0403_chrm01_circ_1350046	PS_Ct_r03_2016_01_11_L001	95	0	1	0	1
HAMBI_0403_chrm01_circ_1359617	PS_Ct_r03_2016_01_11_L001	14	0	1	0	1
HAMBI_0403_chrm01_circ_1361345	PS_Ct_r03_2016_01_11_L001	80	0	1	0	1
HAMBI_0403_chrm01_circ_1392097	PS_Ct_r03_2016_01_11_L001	16	594	1	0	1
HAMBI_0403_chrm01_circ_1427994	PS_Ct_r03_2016_01_11_L001	53	0	1	0	1
HAMBI_0403_chrm01_circ_1449135	PS_Ct_r03_2016_01_11_L001	64	0	1	0	1
HAMBI_0403_chrm01_circ_1483274	PS_Ct_r03_2016_01_11_L001	67	0	1	0	1
HAMBI_0403_chrm01_circ_1488590	PS_Ct_r03_2016_01_11_L001	79	0	1	0	1
HAMBI_0403_chrm01_circ_15131	PS_Ct_r03_2016_01_11_L001	82	0	1	0	1
HAMBI_0403_chrm01_circ_1566075	PS_Ct_r03_2016_01_11_L001	78	0	1	0	1
HAMBI_0403_chrm01_circ_1610814	PS_Ct_r03_2016_01_11_L001	62	4	1	0	1
HAMBI_0403_chrm01_circ_161831	PS_Ct_r03_2016_01_11_L001	63	0	1	0	1
HAMBI_0403_chrm01_circ_16427	PS_Ct_r03_2016_01_11_L001	79	0	1	0	1
HAMBI_0403_chrm01_circ_1649857	PS_Ct_r03_2016_01_11_L001	89	0	1	0	1
HAMBI_0403_chrm01_circ_1732518	PS_Ct_r03_2016_01_11_L001	56	0	1	0	1
HAMBI_0403_chrm01_circ_1738117	PS_Ct_r03_2016_01_11_L001	87	0	1	0	1
HAMBI_0403_chrm01_circ_1759579	PS_Ct_r03_2016_01_11_L001	84	0	1	0	1
HAMBI_0403_chrm01_circ_177120	PS_Ct_r03_2016_01_11_L001	66	0	1	0	1
HAMBI_0403_chrm01_circ_1820962	PS_Ct_r03_2016_01_11_L001	66	0	1	0	1
HAMBI_0403_chrm01_circ_1887917	PS_Ct_r03_2016_01_11_L001	63	0	1	0	1
HAMBI_0403_chrm01_circ_1930553	PS_Ct_r03_2016_01_11_L001	64	0	1	0	1
HAMBI_0403_chrm01_circ_1942108	PS_Ct_r03_2016_01_11_L001	58	0	1	0	1
HAMBI_0403_chrm01_circ_1954454	PS_Ct_r03_2016_01_11_L001	68	0	1	0	1
HAMBI_0403_chrm01_circ_1956423	PS_Ct_r03_2016_01_11_L001	64	0	1	0	1
HAMBI_0403_chrm01_circ_1975660	PS_Ct_r03_2016_01_11_L001	64	0	1	0	1
HAMBI_0403_chrm01_circ_1977057	PS_Ct_r03_2016_01_11_L001	70	0	1	0	1
HAMBI_0403_chrm01_circ_2030365	PS_Ct_r03_2016_01_11_L001	78	0	1	0	1
HAMBI_0403_chrm01_circ_203280	PS_Ct_r03_2016_01_11_L001	71	0	1	0	1
HAMBI_0403_chrm01_circ_2047425	PS_Ct_r03_2016_01_11_L001	64	0	1	0	1
HAMBI_0403_chrm01_circ_204962	PS_Ct_r03_2016_01_11_L001	82	0	1	0	1
HAMBI_0403_chrm01_circ_2107547	PS_Ct_r03_2016_01_11_L001	62	0	1	0	1
HAMBI_0403_chrm01_circ_2168329	PS_Ct_r03_2016_01_11_L001	74	0	1	0	1
HAMBI_0403_chrm01_circ_2211058	PS_Ct_r03_2016_01_11_L001	66	0	1	0	1
HAMBI_0403_chrm01_circ_2255124	PS_Ct_r03_2016_01_11_L001	65	0	1	0	1
HAMBI_0403_chrm01_circ_2326138	PS_Ct_r03_2016_01_11_L001	65	0	1	0	1
HAMBI_0403_chrm01_circ_23479	PS_Ct_r03_2016_01_11_L001	75	0	1	0	1
HAMBI_0403_chrm01_circ_2442113	PS_Ct_r03_2016_01_11_L001	77	0	1	0	1
HAMBI_0403_chrm01_circ_2515857	PS_Ct_r03_2016_01_11_L001	58	0	1	0	1
HAMBI_0403_chrm01_circ_2636197	PS_Ct_r03_2016_01_11_L001	80	0	1	0	1
HAMBI_0403_chrm01_circ_264681	PS_Ct_r03_2016_01_11_L001	74	0	1	0	1
HAMBI_0403_chrm01_circ_2648858	PS_Ct_r03_2016_01_11_L001	65	0	1	0	1
HAMBI_0403_chrm01_circ_2663531	PS_Ct_r03_2016_01_11_L001	60	0	1	0	1
HAMBI_0403_chrm01_circ_267791	PS_Ct_r03_2016_01_11_L001	65	0	1	0	1
HAMBI_0403_chrm01_circ_2688975	PS_Ct_r03_2016_01_11_L001	71	0	1	0	1
HAMBI_0403_chrm01_circ_2693322	PS_Ct_r03_2016_01_11_L001	60	0	1	0	1
HAMBI_0403_chrm01_circ_2734043	PS_Ct_r03_2016_01_11_L001	70	0	1	0	1
HAMBI_0403_chrm01_circ_2751601	PS_Ct_r03_2016_01_11_L001	68	0	1	0	1
HAMBI_0403_chrm01_circ_2752133	PS_Ct_r03_2016_01_11_L001	74	0	1	0	1
HAMBI_0403_chrm01_circ_2754629	PS_Ct_r03_2016_01_11_L001	64	0	1	0	1
HAMBI_0403_chrm01_circ_2793634	PS_Ct_r03_2016_01_11_L001	70	0	1	0	1
HAMBI_0403_chrm01_circ_281980	PS_Ct_r03_2016_01_11_L001	83	0	1	0	1
HAMBI_0403_chrm01_circ_2888794	PS_Ct_r03_2016_01_11_L001	59	0	1	0	1
HAMBI_0403_chrm01_circ_292417	PS_Ct_r03_2016_01_11_L001	82	0	1	0	1
HAMBI_0403_chrm01_circ_2926993	PS_Ct_r03_2016_01_11_L001	57	0	1	0	1
HAMBI_0403_chrm01_circ_2930190	PS_Ct_r03_2016_01_11_L001	81	0	1	0	1
HAMBI_0403_chrm01_circ_2953973	PS_Ct_r03_2016_01_11_L001	57	0	1	0	1
HAMBI_0403_chrm01_circ_2957163	PS_Ct_r03_2016_01_11_L001	63	0	1	0	1
HAMBI_0403_chrm01_circ_2970233	PS_Ct_r03_2016_01_11_L001	83	0	1	0	1
HAMBI_0403_chrm01_circ_2992565	PS_Ct_r03_2016_01_11_L001	84	0	1	0	1
HAMBI_0403_chrm01_circ_2996524	PS_Ct_r03_2016_01_11_L001	98	0	1	0	1
HAMBI_0403_chrm01_circ_3087888	PS_Ct_r03_2016_01_11_L001	65	0	1	0	1
HAMBI_0403_chrm01_circ_3109922	PS_Ct_r03_2016_01_11_L001	71	0	1	0	1
HAMBI_0403_chrm01_circ_3118967	PS_Ct_r03_2016_01_11_L001	86	0	1	0	1
HAMBI_0403_chrm01_circ_3144725	PS_Ct_r03_2016_01_11_L001	74	0	1	0	1
HAMBI_0403_chrm01_circ_3149518	PS_Ct_r03_2016_01_11_L001	59	0	1	0	1
HAMBI_0403_chrm01_circ_3154053	PS_Ct_r03_2016_01_11_L001	74	0	1	0	1
HAMBI_0403_chrm01_circ_3211528	PS_Ct_r03_2016_01_11_L001	81	0	1	0	1
HAMBI_0403_chrm01_circ_3229165	PS_Ct_r03_2016_01_11_L001	67	0	1	0	1
HAMBI_0403_chrm01_circ_3250514	PS_Ct_r03_2016_01_11_L001	75	0	1	0	1
HAMBI_0403_chrm01_circ_3276660	PS_Ct_r03_2016_01_11_L001	90	0	1	0	1
HAMBI_0403_chrm01_circ_3281194	PS_Ct_r03_2016_01_11_L001	25	0	1	0	1
HAMBI_0403_chrm01_circ_3300154	PS_Ct_r03_2016_01_11_L001	75	0	1	0	1
HAMBI_0403_chrm01_circ_3322437	PS_Ct_r03_2016_01_11_L001	64	0	1	0	1
HAMBI_0403_chrm01_circ_3322622	PS_Ct_r03_2016_01_11_L001	65	0	1	0	1
HAMBI_0403_chrm01_circ_3329629	PS_Ct_r03_2016_01_11_L001	82	0	1	0	1
HAMBI_0403_chrm01_circ_338614	PS_Ct_r03_2016_01_11_L001	56	0	1	0	1
HAMBI_0403_chrm01_circ_3393687	PS_Ct_r03_2016_01_11_L001	67	0	1	0	1
HAMBI_0403_chrm01_circ_3394128	PS_Ct_r03_2016_01_11_L001	42	6	1	0	1
HAMBI_0403_chrm01_circ_3405266	PS_Ct_r03_2016_01_11_L001	82	0	1	0	1
HAMBI_0403_chrm01_circ_340602	PS_Ct_r03_2016_01_11_L001	74	0	1	0	1
HAMBI_0403_chrm01_circ_3418753	PS_Ct_r03_2016_01_11_L001	79	0	1	0	1
HAMBI_0403_chrm01_circ_3459098	PS_Ct_r03_2016_01_11_L001	38	0	1	0	1
HAMBI_0403_chrm01_circ_3460941	PS_Ct_r03_2016_01_11_L001	45	0	1	0	1
HAMBI_0403_chrm01_circ_3461599	PS_Ct_r03_2016_01_11_L001	50	0	1	0	1
HAMBI_0403_chrm01_circ_3489004	PS_Ct_r03_2016_01_11_L001	71	0	1	0	1
HAMBI_0403_chrm01_circ_355460	PS_Ct_r03_2016_01_11_L001	77	0	1	0	1
HAMBI_0403_chrm01_circ_3555176	PS_Ct_r03_2016_01_11_L001	88	0	1	0	1
HAMBI_0403_chrm01_circ_3560450	PS_Ct_r03_2016_01_11_L001	62	0	1	0	1
HAMBI_0403_chrm01_circ_3567764	PS_Ct_r03_2016_01_11_L001	57	0	1	0	1
HAMBI_0403_chrm01_circ_3601720	PS_Ct_r03_2016_01_11_L001	78	0	1	0	1
HAMBI_0403_chrm01_circ_360522	PS_Ct_r03_2016_01_11_L001	64	0	1	0	1
HAMBI_0403_chrm01_circ_3647008	PS_Ct_r03_2016_01_11_L001	75	0	1	0	1
HAMBI_0403_chrm01_circ_3652328	PS_Ct_r03_2016_01_11_L001	66	0	1	0	1
HAMBI_0403_chrm01_circ_3734676	PS_Ct_r03_2016_01_11_L001	68	0	1	0	1
HAMBI_0403_chrm01_circ_3808590	PS_Ct_r03_2016_01_11_L001	86	0	1	0	1
HAMBI_0403_chrm01_circ_3813095	PS_Ct_r03_2016_01_11_L001	69	0	1	0	1
HAMBI_0403_chrm01_circ_3832814	PS_Ct_r03_2016_01_11_L001	73	0	1	0	1
HAMBI_0403_chrm01_circ_3885292	PS_Ct_r03_2016_01_11_L001	62	0	1	0	1
HAMBI_0403_chrm01_circ_3900399	PS_Ct_r03_2016_01_11_L001	71	0	1	0	1
HAMBI_0403_chrm01_circ_3910589	PS_Ct_r03_2016_01_11_L001	83	0	1	0	1
HAMBI_0403_chrm01_circ_3911084	PS_Ct_r03_2016_01_11_L001	82	0	1	0	1
HAMBI_0403_chrm01_circ_3993103	PS_Ct_r03_2016_01_11_L001	73	0	1	0	1
HAMBI_0403_chrm01_circ_4025643	PS_Ct_r03_2016_01_11_L001	101	0	1	0	1
HAMBI_0403_chrm01_circ_4025652	PS_Ct_r03_2016_01_11_L001	105	0	1	0	1
HAMBI_0403_chrm01_circ_4025663	PS_Ct_r03_2016_01_11_L001	111	0	1	0	1
HAMBI_0403_chrm01_circ_4025670	PS_Ct_r03_2016_01_11_L001	104	0	1	0	1
HAMBI_0403_chrm01_circ_4025677	PS_Ct_r03_2016_01_11_L001	100	0	1	0	1
HAMBI_0403_chrm01_circ_4025698	PS_Ct_r03_2016_01_11_L001	100	0	1	0	1
HAMBI_0403_chrm01_circ_4025700	PS_Ct_r03_2016_01_11_L001	101	0	1	0	1
HAMBI_0403_chrm01_circ_4040615	PS_Ct_r03_2016_01_11_L001	81	0	1	0	1
HAMBI_0403_chrm01_circ_4047471	PS_Ct_r03_2016_01_11_L001	81	0	1	0	1
HAMBI_0403_chrm01_circ_4063903	PS_Ct_r03_2016_01_11_L001	83	0	1	0	1
HAMBI_0403_chrm01_circ_4082916	PS_Ct_r03_2016_01_11_L001	68	0	1	0	1
HAMBI_0403_chrm01_circ_4098318	PS_Ct_r03_2016_01_11_L001	67	0	1	0	1
HAMBI_0403_chrm01_circ_4111761	PS_Ct_r03_2016_01_11_L001	74	0	1	0	1
HAMBI_0403_chrm01_circ_4119675	PS_Ct_r03_2016_01_11_L001	90	0	1	0	1
HAMBI_0403_chrm01_circ_4204317	PS_Ct_r03_2016_01_11_L001	74	0	1	0	1
HAMBI_0403_chrm01_circ_4211806	PS_Ct_r03_2016_01_11_L001	91	0	1	0	1
HAMBI_0403_chrm01_circ_4225781	PS_Ct_r03_2016_01_11_L001	57	0	1	0	1
HAMBI_0403_chrm01_circ_4227635	PS_Ct_r03_2016_01_11_L001	82	0	1	0	1
HAMBI_0403_chrm01_circ_4252605	PS_Ct_r03_2016_01_11_L001	66	0	1	0	1
HAMBI_0403_chrm01_circ_4295930	PS_Ct_r03_2016_01_11_L001	67	0	1	0	1
HAMBI_0403_chrm01_circ_4332767	PS_Ct_r03_2016_01_11_L001	77	0	1	0	1
HAMBI_0403_chrm01_circ_434325	PS_Ct_r03_2016_01_11_L001	79	0	1	0	1
HAMBI_0403_chrm01_circ_4367530	PS_Ct_r03_2016_01_11_L001	88	0	1	0	1
HAMBI_0403_chrm01_circ_4378839	PS_Ct_r03_2016_01_11_L001	74	0	1	0	1
HAMBI_0403_chrm01_circ_4384070	PS_Ct_r03_2016_01_11_L001	64	0	1	0	1
HAMBI_0403_chrm01_circ_440957	PS_Ct_r03_2016_01_11_L001	69	0	1	0	1
HAMBI_0403_chrm01_circ_4424328	PS_Ct_r03_2016_01_11_L001	76	0	1	0	1
HAMBI_0403_chrm01_circ_4450072	PS_Ct_r03_2016_01_11_L001	81	0	1	0	1
HAMBI_0403_chrm01_circ_4483742	PS_Ct_r03_2016_01_11_L001	65	0	1	0	1
HAMBI_0403_chrm01_circ_4537667	PS_Ct_r03_2016_01_11_L001	70	0	1	0	1
HAMBI_0403_chrm01_circ_4568561	PS_Ct_r03_2016_01_11_L001	57	0	1	0	1
HAMBI_0403_chrm01_circ_4574843	PS_Ct_r03_2016_01_11_L001	83	0	1	0	1
HAMBI_0403_chrm01_circ_4597956	PS_Ct_r03_2016_01_11_L001	98	0	1	0	1
HAMBI_0403_chrm01_circ_4629677	PS_Ct_r03_2016_01_11_L001	89	0	1	0	1
HAMBI_0403_chrm01_circ_4750362	PS_Ct_r03_2016_01_11_L001	65	0	1	0	1
HAMBI_0403_chrm01_circ_4761505	PS_Ct_r03_2016_01_11_L001	14	0	1	0	1
HAMBI_0403_chrm01_circ_4792076	PS_Ct_r03_2016_01_11_L001	86	0	1	0	1
HAMBI_0403_chrm01_circ_4807897	PS_Ct_r03_2016_01_11_L001	74	0	1	0	1
HAMBI_0403_chrm01_circ_4807942	PS_Ct_r03_2016_01_11_L001	76	1	1	0	1
HAMBI_0403_chrm01_circ_4815800	PS_Ct_r03_2016_01_11_L001	82	0	1	0	1
HAMBI_0403_chrm01_circ_4827495	PS_Ct_r03_2016_01_11_L001	70	0	1	0	1
HAMBI_0403_chrm01_circ_4829007	PS_Ct_r03_2016_01_11_L001	62	0	1	0	1
HAMBI_0403_chrm01_circ_4829050	PS_Ct_r03_2016_01_11_L001	67	0	1	0	1
HAMBI_0403_chrm01_circ_4831235	PS_Ct_r03_2016_01_11_L001	100	0	1	0	1
HAMBI_0403_chrm01_circ_4893344	PS_Ct_r03_2016_01_11_L001	63	0	1	0	1
HAMBI_0403_chrm01_circ_4947683	PS_Ct_r03_2016_01_11_L001	83	0	1	0	1
HAMBI_0403_chrm01_circ_4968639	PS_Ct_r03_2016_01_11_L001	83	0	1	0	1
HAMBI_0403_chrm01_circ_4973982	PS_Ct_r03_2016_01_11_L001	74	0	1	0	1
HAMBI_0403_chrm01_circ_4994802	PS_Ct_r03_2016_01_11_L001	92	0	1	0	1
HAMBI_0403_chrm01_circ_500037	PS_Ct_r03_2016_01_11_L001	67	0	1	0	1
HAMBI_0403_chrm01_circ_5035898	PS_Ct_r03_2016_01_11_L001	82	0	1	0	1
HAMBI_0403_chrm01_circ_5041374	PS_Ct_r03_2016_01_11_L001	74	0	1	0	1
HAMBI_0403_chrm01_circ_5060025	PS_Ct_r03_2016_01_11_L001	79	0	1	0	1
HAMBI_0403_chrm01_circ_5074286	PS_Ct_r03_2016_01_11_L001	81	0	1	0	1
HAMBI_0403_chrm01_circ_5102598	PS_Ct_r03_2016_01_11_L001	72	0	1	0	1
HAMBI_0403_chrm01_circ_5106025	PS_Ct_r03_2016_01_11_L001	65	0	1	0	1
HAMBI_0403_chrm01_circ_5130785	PS_Ct_r03_2016_01_11_L001	90	0	1	0	1
HAMBI_0403_chrm01_circ_5165364	PS_Ct_r03_2016_01_11_L001	99	96	1	0	1
HAMBI_0403_chrm01_circ_5170782	PS_Ct_r03_2016_01_11_L001	192	2	1	0	1
HAMBI_0403_chrm01_circ_5191327	PS_Ct_r03_2016_01_11_L001	70	0	1	0	1
HAMBI_0403_chrm01_circ_5198807	PS_Ct_r03_2016_01_11_L001	71	0	1	0	1
HAMBI_0403_chrm01_circ_522539	PS_Ct_r03_2016_01_11_L001	75	0	1	0	1
HAMBI_0403_chrm01_circ_5277914	PS_Ct_r03_2016_01_11_L001	56	7	1	0	1
HAMBI_0403_chrm01_circ_5317143	PS_Ct_r03_2016_01_11_L001	66	0	1	0	1
HAMBI_0403_chrm01_circ_5369259	PS_Ct_r03_2016_01_11_L001	71	0	1	0	1
HAMBI_0403_chrm01_circ_5380330	PS_Ct_r03_2016_01_11_L001	72	0	1	0	1
HAMBI_0403_chrm01_circ_5387471	PS_Ct_r03_2016_01_11_L001	98	0	1	0	1
HAMBI_0403_chrm01_circ_5407887	PS_Ct_r03_2016_01_11_L001	70	0	1	0	1
HAMBI_0403_chrm01_circ_5435929	PS_Ct_r03_2016_01_11_L001	87	0	1	0	1
HAMBI_0403_chrm01_circ_5447164	PS_Ct_r03_2016_01_11_L001	61	0	1	0	1
HAMBI_0403_chrm01_circ_5448089	PS_Ct_r03_2016_01_11_L001	92	0	1	0	1
HAMBI_0403_chrm01_circ_5454777	PS_Ct_r03_2016_01_11_L001	77	0	1	0	1
HAMBI_0403_chrm01_circ_5466654	PS_Ct_r03_2016_01_11_L001	78	0	1	0	1
HAMBI_0403_chrm01_circ_5476119	PS_Ct_r03_2016_01_11_L001	74	0	1	0	1
HAMBI_0403_chrm01_circ_5571996	PS_Ct_r03_2016_01_11_L001	71	0	1	0	1
HAMBI_0403_chrm01_circ_5605380	PS_Ct_r03_2016_01_11_L001	72	0	1	0	1
HAMBI_0403_chrm01_circ_5649091	PS_Ct_r03_2016_01_11_L001	72	0	1	0	1
HAMBI_0403_chrm01_circ_5741782	PS_Ct_r03_2016_01_11_L001	70	0	1	0	1
HAMBI_0403_chrm01_circ_575080	PS_Ct_r03_2016_01_11_L001	72	0	1	0	1
HAMBI_0403_chrm01_circ_5775702	PS_Ct_r03_2016_01_11_L001	91	0	1	0	1
HAMBI_0403_chrm01_circ_61587	PS_Ct_r03_2016_01_11_L001	84	0	1	0	1
HAMBI_0403_chrm01_circ_673240	PS_Ct_r03_2016_01_11_L001	68	0	1	0	1
HAMBI_0403_chrm01_circ_674307	PS_Ct_r03_2016_01_11_L001	63	0	1	0	1
HAMBI_0403_chrm01_circ_674960	PS_Ct_r03_2016_01_11_L001	55	0	1	0	1
HAMBI_0403_chrm01_circ_693893	PS_Ct_r03_2016_01_11_L001	85	1	1	0	1
HAMBI_0403_chrm01_circ_698904	PS_Ct_r03_2016_01_11_L001	89	0	1	0	1
HAMBI_0403_chrm01_circ_70627	PS_Ct_r03_2016_01_11_L001	72	0	1	0	1
HAMBI_0403_chrm01_circ_736327	PS_Ct_r03_2016_01_11_L001	80	0	1	0	1
HAMBI_0403_chrm01_circ_755508	PS_Ct_r03_2016_01_11_L001	76	0	1	0	1
HAMBI_0403_chrm01_circ_759084	PS_Ct_r03_2016_01_11_L001	74	0	1	0	1
HAMBI_0403_chrm01_circ_78846	PS_Ct_r03_2016_01_11_L001	84	0	1	0	1
HAMBI_0403_chrm01_circ_790661	PS_Ct_r03_2016_01_11_L001	73	0	1	0	1
HAMBI_0403_chrm01_circ_808688	PS_Ct_r03_2016_01_11_L001	77	0	1	0	1
HAMBI_0403_chrm01_circ_814505	PS_Ct_r03_2016_01_11_L001	68	0	1	0	1
HAMBI_0403_chrm01_circ_823961	PS_Ct_r03_2016_01_11_L001	84	0	1	0	1
HAMBI_0403_chrm01_circ_83834	PS_Ct_r03_2016_01_11_L001	86	0	1	0	1
HAMBI_0403_chrm01_circ_868194	PS_Ct_r03_2016_01_11_L001	78	0	1	0	1
HAMBI_0403_chrm01_circ_905331	PS_Ct_r03_2016_01_11_L001	85	0	1	0	1
HAMBI_0403_chrm01_circ_928195	PS_Ct_r03_2016_01_11_L001	88	0	1	0	1
HAMBI_0403_chrm01_circ_946980	PS_Ct_r03_2016_01_11_L001	80	0	1	0	1
HAMBI_0403_chrm01_circ_955334	PS_Ct_r03_2016_01_11_L001	59	0	1	0	1
HAMBI_0403_chrm01_circ_958358	PS_Ct_r03_2016_01_11_L001	76	6	1	0	1
HAMBI_0403_chrm01_circ_958650	PS_Ct_r03_2016_01_11_L001	82	0	1	0	1
HAMBI_0403_chrm01_circ_96390	PS_Ct_r03_2016_01_11_L001	89	0	1	0	1
HAMBI_0403_chrm01_circ_99072	PS_Ct_r03_2016_01_11_L001	66	0	1	0	1
HAMBI_0403_chrm01_circ_99696	PS_Ct_r03_2016_01_11_L001	74	0	1	0	1
HAMBI_0403_plas01_circ_13169	PS_Ct_r03_2016_01_11_L001	95	0	1	0	1
HAMBI_0403_plas01_circ_31558	PS_Ct_r03_2016_01_11_L001	75	0	1	0	1
HAMBI_0403_chrm01_circ_1046497	PS_Ct_r03_2016_02_08_L001	101	0	1	0	1
HAMBI_0403_chrm01_circ_1080893	PS_Ct_r03_2016_02_08_L001	104	0	1	0	1
HAMBI_0403_chrm01_circ_1119336	PS_Ct_r03_2016_02_08_L001	108	0	1	0	1
HAMBI_0403_chrm01_circ_1119876	PS_Ct_r03_2016_02_08_L001	82	0	1	0	1
HAMBI_0403_chrm01_circ_1132164	PS_Ct_r03_2016_02_08_L001	81	0	1	0	1
HAMBI_0403_chrm01_circ_1154877	PS_Ct_r03_2016_02_08_L001	67	0	1	0	1
HAMBI_0403_chrm01_circ_1177878	PS_Ct_r03_2016_02_08_L001	90	0	1	0	1
HAMBI_0403_chrm01_circ_1191667	PS_Ct_r03_2016_02_08_L001	64	0	1	0	1
HAMBI_0403_chrm01_circ_1246798	PS_Ct_r03_2016_02_08_L001	91	0	1	0	1
HAMBI_0403_chrm01_circ_1272527	PS_Ct_r03_2016_02_08_L001	62	0	1	0	1
HAMBI_0403_chrm01_circ_1277340	PS_Ct_r03_2016_02_08_L001	84	0	1	0	1
HAMBI_0403_chrm01_circ_1295387	PS_Ct_r03_2016_02_08_L001	95	0	1	0	1
HAMBI_0403_chrm01_circ_1350046	PS_Ct_r03_2016_02_08_L001	124	0	1	0	1
HAMBI_0403_chrm01_circ_1359617	PS_Ct_r03_2016_02_08_L001	26	0	1	0	1
HAMBI_0403_chrm01_circ_1361345	PS_Ct_r03_2016_02_08_L001	82	0	1	0	1
HAMBI_0403_chrm01_circ_1392097	PS_Ct_r03_2016_02_08_L001	7	367	1	0	1
HAMBI_0403_chrm01_circ_1427994	PS_Ct_r03_2016_02_08_L001	91	0	1	0	1
HAMBI_0403_chrm01_circ_1449135	PS_Ct_r03_2016_02_08_L001	87	0	1	0	1
HAMBI_0403_chrm01_circ_1483274	PS_Ct_r03_2016_02_08_L001	86	0	1	0	1
HAMBI_0403_chrm01_circ_1488590	PS_Ct_r03_2016_02_08_L001	88	0	1	0	1
HAMBI_0403_chrm01_circ_15131	PS_Ct_r03_2016_02_08_L001	85	0	1	0	1
HAMBI_0403_chrm01_circ_1566075	PS_Ct_r03_2016_02_08_L001	78	0	1	0	1
HAMBI_0403_chrm01_circ_1610814	PS_Ct_r03_2016_02_08_L001	80	1	1	0	1
HAMBI_0403_chrm01_circ_161831	PS_Ct_r03_2016_02_08_L001	83	0	1	0	1
HAMBI_0403_chrm01_circ_16427	PS_Ct_r03_2016_02_08_L001	110	0	1	0	1
HAMBI_0403_chrm01_circ_1649857	PS_Ct_r03_2016_02_08_L001	107	0	1	0	1
HAMBI_0403_chrm01_circ_1732518	PS_Ct_r03_2016_02_08_L001	77	0	1	0	1
HAMBI_0403_chrm01_circ_1738117	PS_Ct_r03_2016_02_08_L001	100	0	1	0	1
HAMBI_0403_chrm01_circ_1759579	PS_Ct_r03_2016_02_08_L001	111	0	1	0	1
HAMBI_0403_chrm01_circ_177120	PS_Ct_r03_2016_02_08_L001	90	0	1	0	1
HAMBI_0403_chrm01_circ_1820962	PS_Ct_r03_2016_02_08_L001	66	1	1	0	1
HAMBI_0403_chrm01_circ_1887917	PS_Ct_r03_2016_02_08_L001	72	0	1	0	1
HAMBI_0403_chrm01_circ_1930553	PS_Ct_r03_2016_02_08_L001	90	0	1	0	1
HAMBI_0403_chrm01_circ_1942108	PS_Ct_r03_2016_02_08_L001	96	0	1	0	1
HAMBI_0403_chrm01_circ_1954454	PS_Ct_r03_2016_02_08_L001	83	0	1	0	1
HAMBI_0403_chrm01_circ_1956423	PS_Ct_r03_2016_02_08_L001	99	0	1	0	1
HAMBI_0403_chrm01_circ_1975660	PS_Ct_r03_2016_02_08_L001	94	0	1	0	1
HAMBI_0403_chrm01_circ_1977057	PS_Ct_r03_2016_02_08_L001	91	0	1	0	1
HAMBI_0403_chrm01_circ_2030365	PS_Ct_r03_2016_02_08_L001	102	0	1	0	1
HAMBI_0403_chrm01_circ_203280	PS_Ct_r03_2016_02_08_L001	95	0	1	0	1
HAMBI_0403_chrm01_circ_2047425	PS_Ct_r03_2016_02_08_L001	90	0	1	0	1
HAMBI_0403_chrm01_circ_204962	PS_Ct_r03_2016_02_08_L001	108	0	1	0	1
HAMBI_0403_chrm01_circ_2107547	PS_Ct_r03_2016_02_08_L001	76	0	1	0	1
HAMBI_0403_chrm01_circ_2168329	PS_Ct_r03_2016_02_08_L001	88	0	1	0	1
HAMBI_0403_chrm01_circ_2211058	PS_Ct_r03_2016_02_08_L001	76	0	1	0	1
HAMBI_0403_chrm01_circ_2255124	PS_Ct_r03_2016_02_08_L001	101	0	1	0	1
HAMBI_0403_chrm01_circ_2326138	PS_Ct_r03_2016_02_08_L001	77	0	1	0	1
HAMBI_0403_chrm01_circ_23479	PS_Ct_r03_2016_02_08_L001	76	0	1	0	1
HAMBI_0403_chrm01_circ_2442113	PS_Ct_r03_2016_02_08_L001	82	0	1	0	1
HAMBI_0403_chrm01_circ_2515857	PS_Ct_r03_2016_02_08_L001	69	0	1	0	1
HAMBI_0403_chrm01_circ_2636197	PS_Ct_r03_2016_02_08_L001	86	0	1	0	1
HAMBI_0403_chrm01_circ_264681	PS_Ct_r03_2016_02_08_L001	89	0	1	0	1
HAMBI_0403_chrm01_circ_2648858	PS_Ct_r03_2016_02_08_L001	77	0	1	0	1
HAMBI_0403_chrm01_circ_2663531	PS_Ct_r03_2016_02_08_L001	97	0	1	0	1
HAMBI_0403_chrm01_circ_267791	PS_Ct_r03_2016_02_08_L001	74	0	1	0	1
HAMBI_0403_chrm01_circ_2688975	PS_Ct_r03_2016_02_08_L001	80	0	1	0	1
HAMBI_0403_chrm01_circ_2693322	PS_Ct_r03_2016_02_08_L001	97	0	1	0	1
HAMBI_0403_chrm01_circ_2734043	PS_Ct_r03_2016_02_08_L001	72	0	1	0	1
HAMBI_0403_chrm01_circ_2751601	PS_Ct_r03_2016_02_08_L001	85	0	1	0	1
HAMBI_0403_chrm01_circ_2752133	PS_Ct_r03_2016_02_08_L001	70	0	1	0	1
HAMBI_0403_chrm01_circ_2754629	PS_Ct_r03_2016_02_08_L001	91	0	1	0	1
HAMBI_0403_chrm01_circ_2793634	PS_Ct_r03_2016_02_08_L001	96	0	1	0	1
HAMBI_0403_chrm01_circ_281980	PS_Ct_r03_2016_02_08_L001	88	0	1	0	1
HAMBI_0403_chrm01_circ_2888794	PS_Ct_r03_2016_02_08_L001	98	1	1	0	1
HAMBI_0403_chrm01_circ_292417	PS_Ct_r03_2016_02_08_L001	84	0	1	0	1
HAMBI_0403_chrm01_circ_2926993	PS_Ct_r03_2016_02_08_L001	83	0	1	0	1
HAMBI_0403_chrm01_circ_2930190	PS_Ct_r03_2016_02_08_L001	68	0	1	0	1
HAMBI_0403_chrm01_circ_2953973	PS_Ct_r03_2016_02_08_L001	74	0	1	0	1
HAMBI_0403_chrm01_circ_2957163	PS_Ct_r03_2016_02_08_L001	91	0	1	0	1
HAMBI_0403_chrm01_circ_2970233	PS_Ct_r03_2016_02_08_L001	82	0	1	0	1
HAMBI_0403_chrm01_circ_2992565	PS_Ct_r03_2016_02_08_L001	108	0	1	0	1
HAMBI_0403_chrm01_circ_2996524	PS_Ct_r03_2016_02_08_L001	87	0	1	0	1
HAMBI_0403_chrm01_circ_3087888	PS_Ct_r03_2016_02_08_L001	86	0	1	0	1
HAMBI_0403_chrm01_circ_3109922	PS_Ct_r03_2016_02_08_L001	92	0	1	0	1
HAMBI_0403_chrm01_circ_3118967	PS_Ct_r03_2016_02_08_L001	76	0	1	0	1
HAMBI_0403_chrm01_circ_3144725	PS_Ct_r03_2016_02_08_L001	102	0	1	0	1
HAMBI_0403_chrm01_circ_3149518	PS_Ct_r03_2016_02_08_L001	95	0	1	0	1
HAMBI_0403_chrm01_circ_3154053	PS_Ct_r03_2016_02_08_L001	85	0	1	0	1
HAMBI_0403_chrm01_circ_3211528	PS_Ct_r03_2016_02_08_L001	80	0	1	0	1
HAMBI_0403_chrm01_circ_3229165	PS_Ct_r03_2016_02_08_L001	114	0	1	0	1
HAMBI_0403_chrm01_circ_3250514	PS_Ct_r03_2016_02_08_L001	78	0	1	0	1
HAMBI_0403_chrm01_circ_3276660	PS_Ct_r03_2016_02_08_L001	97	0	1	0	1
HAMBI_0403_chrm01_circ_3281194	PS_Ct_r03_2016_02_08_L001	39	0	1	0	1
HAMBI_0403_chrm01_circ_3300154	PS_Ct_r03_2016_02_08_L001	73	0	1	0	1
HAMBI_0403_chrm01_circ_3322437	PS_Ct_r03_2016_02_08_L001	84	0	1	0	1
HAMBI_0403_chrm01_circ_3322622	PS_Ct_r03_2016_02_08_L001	89	0	1	0	1
HAMBI_0403_chrm01_circ_3329629	PS_Ct_r03_2016_02_08_L001	59	0	1	0	1
HAMBI_0403_chrm01_circ_338614	PS_Ct_r03_2016_02_08_L001	76	0	1	0	1
HAMBI_0403_chrm01_circ_3393687	PS_Ct_r03_2016_02_08_L001	71	0	1	0	1
HAMBI_0403_chrm01_circ_3394128	PS_Ct_r03_2016_02_08_L001	67	3	1	0	1
HAMBI_0403_chrm01_circ_3405266	PS_Ct_r03_2016_02_08_L001	71	0	1	0	1
HAMBI_0403_chrm01_circ_340602	PS_Ct_r03_2016_02_08_L001	89	0	1	0	1
HAMBI_0403_chrm01_circ_3418753	PS_Ct_r03_2016_02_08_L001	99	0	1	0	1
HAMBI_0403_chrm01_circ_3459098	PS_Ct_r03_2016_02_08_L001	43	0	1	0	1
HAMBI_0403_chrm01_circ_3460941	PS_Ct_r03_2016_02_08_L001	89	0	1	0	1
HAMBI_0403_chrm01_circ_3461599	PS_Ct_r03_2016_02_08_L001	43	0	1	0	1
HAMBI_0403_chrm01_circ_3489004	PS_Ct_r03_2016_02_08_L001	107	0	1	0	1
HAMBI_0403_chrm01_circ_355460	PS_Ct_r03_2016_02_08_L001	81	0	1	0	1
HAMBI_0403_chrm01_circ_3555176	PS_Ct_r03_2016_02_08_L001	71	0	1	0	1
HAMBI_0403_chrm01_circ_3560450	PS_Ct_r03_2016_02_08_L001	74	0	1	0	1
HAMBI_0403_chrm01_circ_3567764	PS_Ct_r03_2016_02_08_L001	104	0	1	0	1
HAMBI_0403_chrm01_circ_3601720	PS_Ct_r03_2016_02_08_L001	74	0	1	0	1
HAMBI_0403_chrm01_circ_360522	PS_Ct_r03_2016_02_08_L001	77	0	1	0	1
HAMBI_0403_chrm01_circ_3647008	PS_Ct_r03_2016_02_08_L001	89	0	1	0	1
HAMBI_0403_chrm01_circ_3652328	PS_Ct_r03_2016_02_08_L001	107	0	1	0	1
HAMBI_0403_chrm01_circ_3734676	PS_Ct_r03_2016_02_08_L001	95	0	1	0	1
HAMBI_0403_chrm01_circ_3808590	PS_Ct_r03_2016_02_08_L001	79	0	1	0	1
HAMBI_0403_chrm01_circ_3813095	PS_Ct_r03_2016_02_08_L001	82	0	1	0	1
HAMBI_0403_chrm01_circ_3832814	PS_Ct_r03_2016_02_08_L001	81	0	1	0	1
HAMBI_0403_chrm01_circ_3885292	PS_Ct_r03_2016_02_08_L001	77	0	1	0	1
HAMBI_0403_chrm01_circ_3900399	PS_Ct_r03_2016_02_08_L001	90	0	1	0	1
HAMBI_0403_chrm01_circ_3910589	PS_Ct_r03_2016_02_08_L001	110	0	1	0	1
HAMBI_0403_chrm01_circ_3911084	PS_Ct_r03_2016_02_08_L001	86	0	1	0	1
HAMBI_0403_chrm01_circ_3993103	PS_Ct_r03_2016_02_08_L001	72	0	1	0	1
HAMBI_0403_chrm01_circ_4025643	PS_Ct_r03_2016_02_08_L001	110	0	1	0	1
HAMBI_0403_chrm01_circ_4025652	PS_Ct_r03_2016_02_08_L001	116	0	1	0	1
HAMBI_0403_chrm01_circ_4025663	PS_Ct_r03_2016_02_08_L001	121	0	1	0	1
HAMBI_0403_chrm01_circ_4025670	PS_Ct_r03_2016_02_08_L001	112	0	1	0	1
HAMBI_0403_chrm01_circ_4025677	PS_Ct_r03_2016_02_08_L001	113	0	1	0	1
HAMBI_0403_chrm01_circ_4025698	PS_Ct_r03_2016_02_08_L001	119	0	1	0	1
HAMBI_0403_chrm01_circ_4025700	PS_Ct_r03_2016_02_08_L001	120	0	1	0	1
HAMBI_0403_chrm01_circ_4040615	PS_Ct_r03_2016_02_08_L001	94	0	1	0	1
HAMBI_0403_chrm01_circ_4047471	PS_Ct_r03_2016_02_08_L001	83	0	1	0	1
HAMBI_0403_chrm01_circ_4063903	PS_Ct_r03_2016_02_08_L001	86	0	1	0	1
HAMBI_0403_chrm01_circ_4082916	PS_Ct_r03_2016_02_08_L001	81	0	1	0	1
HAMBI_0403_chrm01_circ_4098318	PS_Ct_r03_2016_02_08_L001	89	0	1	0	1
HAMBI_0403_chrm01_circ_4111761	PS_Ct_r03_2016_02_08_L001	117	0	1	0	1
HAMBI_0403_chrm01_circ_4119675	PS_Ct_r03_2016_02_08_L001	102	0	1	0	1
HAMBI_0403_chrm01_circ_4204317	PS_Ct_r03_2016_02_08_L001	88	0	1	0	1
HAMBI_0403_chrm01_circ_4211806	PS_Ct_r03_2016_02_08_L001	89	0	1	0	1
HAMBI_0403_chrm01_circ_4225781	PS_Ct_r03_2016_02_08_L001	65	0	1	0	1
HAMBI_0403_chrm01_circ_4227635	PS_Ct_r03_2016_02_08_L001	111	0	1	0	1
HAMBI_0403_chrm01_circ_4252605	PS_Ct_r03_2016_02_08_L001	86	0	1	0	1
HAMBI_0403_chrm01_circ_4295930	PS_Ct_r03_2016_02_08_L001	77	0	1	0	1
HAMBI_0403_chrm01_circ_4332767	PS_Ct_r03_2016_02_08_L001	102	0	1	0	1
HAMBI_0403_chrm01_circ_434325	PS_Ct_r03_2016_02_08_L001	70	0	1	0	1
HAMBI_0403_chrm01_circ_4367530	PS_Ct_r03_2016_02_08_L001	95	0	1	0	1
HAMBI_0403_chrm01_circ_4378839	PS_Ct_r03_2016_02_08_L001	60	0	1	0	1
HAMBI_0403_chrm01_circ_4384070	PS_Ct_r03_2016_02_08_L001	71	0	1	0	1
HAMBI_0403_chrm01_circ_440957	PS_Ct_r03_2016_02_08_L001	66	0	1	0	1
HAMBI_0403_chrm01_circ_4424328	PS_Ct_r03_2016_02_08_L001	91	0	1	0	1
HAMBI_0403_chrm01_circ_4450072	PS_Ct_r03_2016_02_08_L001	94	0	1	0	1
HAMBI_0403_chrm01_circ_4483742	PS_Ct_r03_2016_02_08_L001	102	0	1	0	1
HAMBI_0403_chrm01_circ_4537667	PS_Ct_r03_2016_02_08_L001	74	0	1	0	1
HAMBI_0403_chrm01_circ_4568561	PS_Ct_r03_2016_02_08_L001	62	0	1	0	1
HAMBI_0403_chrm01_circ_4574843	PS_Ct_r03_2016_02_08_L001	83	0	1	0	1
HAMBI_0403_chrm01_circ_4597956	PS_Ct_r03_2016_02_08_L001	108	0	1	0	1
HAMBI_0403_chrm01_circ_4629677	PS_Ct_r03_2016_02_08_L001	84	0	1	0	1
HAMBI_0403_chrm01_circ_4750362	PS_Ct_r03_2016_02_08_L001	84	0	1	0	1
HAMBI_0403_chrm01_circ_4761505	PS_Ct_r03_2016_02_08_L001	20	0	1	0	1
HAMBI_0403_chrm01_circ_4792076	PS_Ct_r03_2016_02_08_L001	105	0	1	0	1
HAMBI_0403_chrm01_circ_4807897	PS_Ct_r03_2016_02_08_L001	88	0	1	0	1
HAMBI_0403_chrm01_circ_4807942	PS_Ct_r03_2016_02_08_L001	84	0	1	0	1
HAMBI_0403_chrm01_circ_4815800	PS_Ct_r03_2016_02_08_L001	95	0	1	0	1
HAMBI_0403_chrm01_circ_4827495	PS_Ct_r03_2016_02_08_L001	75	0	1	0	1
HAMBI_0403_chrm01_circ_4829007	PS_Ct_r03_2016_02_08_L001	83	0	1	0	1
HAMBI_0403_chrm01_circ_4829050	PS_Ct_r03_2016_02_08_L001	91	0	1	0	1
HAMBI_0403_chrm01_circ_4831235	PS_Ct_r03_2016_02_08_L001	108	0	1	0	1
HAMBI_0403_chrm01_circ_4893344	PS_Ct_r03_2016_02_08_L001	93	0	1	0	1
HAMBI_0403_chrm01_circ_4947683	PS_Ct_r03_2016_02_08_L001	95	0	1	0	1
HAMBI_0403_chrm01_circ_4968639	PS_Ct_r03_2016_02_08_L001	104	0	1	0	1
HAMBI_0403_chrm01_circ_4973982	PS_Ct_r03_2016_02_08_L001	80	0	1	0	1
HAMBI_0403_chrm01_circ_4994802	PS_Ct_r03_2016_02_08_L001	86	0	1	0	1
HAMBI_0403_chrm01_circ_500037	PS_Ct_r03_2016_02_08_L001	83	0	1	0	1
HAMBI_0403_chrm01_circ_5035898	PS_Ct_r03_2016_02_08_L001	70	0	1	0	1
HAMBI_0403_chrm01_circ_5041374	PS_Ct_r03_2016_02_08_L001	85	0	1	0	1
HAMBI_0403_chrm01_circ_5060025	PS_Ct_r03_2016_02_08_L001	105	0	1	0	1
HAMBI_0403_chrm01_circ_5074286	PS_Ct_r03_2016_02_08_L001	88	0	1	0	1
HAMBI_0403_chrm01_circ_5102598	PS_Ct_r03_2016_02_08_L001	84	0	1	0	1
HAMBI_0403_chrm01_circ_5106025	PS_Ct_r03_2016_02_08_L001	80	0	1	0	1
HAMBI_0403_chrm01_circ_5130785	PS_Ct_r03_2016_02_08_L001	87	0	1	0	1
HAMBI_0403_chrm01_circ_5165364	PS_Ct_r03_2016_02_08_L001	107	117	1	0	1
HAMBI_0403_chrm01_circ_5170782	PS_Ct_r03_2016_02_08_L001	222	6	1	0	1
HAMBI_0403_chrm01_circ_5191327	PS_Ct_r03_2016_02_08_L001	76	0	1	0	1
HAMBI_0403_chrm01_circ_5198807	PS_Ct_r03_2016_02_08_L001	72	0	1	0	1
HAMBI_0403_chrm01_circ_522539	PS_Ct_r03_2016_02_08_L001	100	0	1	0	1
HAMBI_0403_chrm01_circ_5277914	PS_Ct_r03_2016_02_08_L001	63	11	1	0	1
HAMBI_0403_chrm01_circ_5317143	PS_Ct_r03_2016_02_08_L001	97	4	1	0	1
HAMBI_0403_chrm01_circ_5369259	PS_Ct_r03_2016_02_08_L001	68	0	1	0	1
HAMBI_0403_chrm01_circ_5380330	PS_Ct_r03_2016_02_08_L001	84	0	1	0	1
HAMBI_0403_chrm01_circ_5387471	PS_Ct_r03_2016_02_08_L001	71	0	1	0	1
HAMBI_0403_chrm01_circ_5407887	PS_Ct_r03_2016_02_08_L001	98	0	1	0	1
HAMBI_0403_chrm01_circ_5435929	PS_Ct_r03_2016_02_08_L001	92	0	1	0	1
HAMBI_0403_chrm01_circ_5447164	PS_Ct_r03_2016_02_08_L001	90	0	1	0	1
HAMBI_0403_chrm01_circ_5448089	PS_Ct_r03_2016_02_08_L001	93	0	1	0	1
HAMBI_0403_chrm01_circ_5454777	PS_Ct_r03_2016_02_08_L001	77	0	1	0	1
HAMBI_0403_chrm01_circ_5466654	PS_Ct_r03_2016_02_08_L001	90	0	1	0	1
HAMBI_0403_chrm01_circ_5476119	PS_Ct_r03_2016_02_08_L001	75	0	1	0	1
HAMBI_0403_chrm01_circ_5571996	PS_Ct_r03_2016_02_08_L001	85	0	1	0	1
HAMBI_0403_chrm01_circ_5605380	PS_Ct_r03_2016_02_08_L001	90	0	1	0	1
HAMBI_0403_chrm01_circ_5649091	PS_Ct_r03_2016_02_08_L001	92	1	1	0	1
HAMBI_0403_chrm01_circ_5741782	PS_Ct_r03_2016_02_08_L001	67	0	1	0	1
HAMBI_0403_chrm01_circ_575080	PS_Ct_r03_2016_02_08_L001	81	0	1	0	1
HAMBI_0403_chrm01_circ_5775702	PS_Ct_r03_2016_02_08_L001	91	0	1	0	1
HAMBI_0403_chrm01_circ_61587	PS_Ct_r03_2016_02_08_L001	69	0	1	0	1
HAMBI_0403_chrm01_circ_673240	PS_Ct_r03_2016_02_08_L001	97	0	1	0	1
HAMBI_0403_chrm01_circ_674307	PS_Ct_r03_2016_02_08_L001	95	0	1	0	1
HAMBI_0403_chrm01_circ_674960	PS_Ct_r03_2016_02_08_L001	90	0	1	0	1
HAMBI_0403_chrm01_circ_693893	PS_Ct_r03_2016_02_08_L001	109	0	1	0	1
HAMBI_0403_chrm01_circ_698904	PS_Ct_r03_2016_02_08_L001	89	0	1	0	1
HAMBI_0403_chrm01_circ_70627	PS_Ct_r03_2016_02_08_L001	95	0	1	0	1
HAMBI_0403_chrm01_circ_736327	PS_Ct_r03_2016_02_08_L001	78	0	1	0	1
HAMBI_0403_chrm01_circ_755508	PS_Ct_r03_2016_02_08_L001	91	0	1	0	1
HAMBI_0403_chrm01_circ_759084	PS_Ct_r03_2016_02_08_L001	101	0	1	0	1
HAMBI_0403_chrm01_circ_78846	PS_Ct_r03_2016_02_08_L001	101	0	1	0	1
HAMBI_0403_chrm01_circ_790661	PS_Ct_r03_2016_02_08_L001	86	0	1	0	1
HAMBI_0403_chrm01_circ_808688	PS_Ct_r03_2016_02_08_L001	87	0	1	0	1
HAMBI_0403_chrm01_circ_814505	PS_Ct_r03_2016_02_08_L001	89	0	1	0	1
HAMBI_0403_chrm01_circ_823961	PS_Ct_r03_2016_02_08_L001	82	0	1	0	1
HAMBI_0403_chrm01_circ_83834	PS_Ct_r03_2016_02_08_L001	102	0	1	0	1
HAMBI_0403_chrm01_circ_868194	PS_Ct_r03_2016_02_08_L001	85	0	1	0	1
HAMBI_0403_chrm01_circ_905331	PS_Ct_r03_2016_02_08_L001	96	0	1	0	1
HAMBI_0403_chrm01_circ_928195	PS_Ct_r03_2016_02_08_L001	91	0	1	0	1
HAMBI_0403_chrm01_circ_946980	PS_Ct_r03_2016_02_08_L001	79	0	1	0	1
HAMBI_0403_chrm01_circ_955334	PS_Ct_r03_2016_02_08_L001	94	0	1	0	1
HAMBI_0403_chrm01_circ_958358	PS_Ct_r03_2016_02_08_L001	83	27	1	0	1
HAMBI_0403_chrm01_circ_958650	PS_Ct_r03_2016_02_08_L001	110	0	1	0	1
HAMBI_0403_chrm01_circ_96390	PS_Ct_r03_2016_02_08_L001	73	0	1	0	1
HAMBI_0403_chrm01_circ_99072	PS_Ct_r03_2016_02_08_L001	81	0	1	0	1
HAMBI_0403_chrm01_circ_99696	PS_Ct_r03_2016_02_08_L001	92	0	1	0	1
HAMBI_0403_plas01_circ_13169	PS_Ct_r03_2016_02_08_L001	169	0	1	0	1
HAMBI_0403_plas01_circ_31558	PS_Ct_r03_2016_02_08_L001	149	0	1	0	1
HAMBI_0403_chrm01_circ_1046497	PS_Ct_r03_2016_03_07_L001	79	0	1	0	1
HAMBI_0403_chrm01_circ_1080893	PS_Ct_r03_2016_03_07_L001	86	0	1	0	1
HAMBI_0403_chrm01_circ_1119336	PS_Ct_r03_2016_03_07_L001	97	0	1	0	1
HAMBI_0403_chrm01_circ_1119876	PS_Ct_r03_2016_03_07_L001	67	0	1	0	1
HAMBI_0403_chrm01_circ_1132164	PS_Ct_r03_2016_03_07_L001	96	0	1	0	1
HAMBI_0403_chrm01_circ_1154877	PS_Ct_r03_2016_03_07_L001	64	0	1	0	1
HAMBI_0403_chrm01_circ_1177878	PS_Ct_r03_2016_03_07_L001	69	0	1	0	1
HAMBI_0403_chrm01_circ_1191667	PS_Ct_r03_2016_03_07_L001	75	0	1	0	1
HAMBI_0403_chrm01_circ_1246798	PS_Ct_r03_2016_03_07_L001	83	0	1	0	1
HAMBI_0403_chrm01_circ_1272527	PS_Ct_r03_2016_03_07_L001	87	0	1	0	1
HAMBI_0403_chrm01_circ_1277340	PS_Ct_r03_2016_03_07_L001	67	0	1	0	1
HAMBI_0403_chrm01_circ_1295387	PS_Ct_r03_2016_03_07_L001	71	0	1	0	1
HAMBI_0403_chrm01_circ_1350046	PS_Ct_r03_2016_03_07_L001	104	0	1	0	1
HAMBI_0403_chrm01_circ_1359617	PS_Ct_r03_2016_03_07_L001	31	0	1	0	1
HAMBI_0403_chrm01_circ_1361345	PS_Ct_r03_2016_03_07_L001	75	0	1	0	1
HAMBI_0403_chrm01_circ_1392097	PS_Ct_r03_2016_03_07_L001	3	351	1	0	1
HAMBI_0403_chrm01_circ_1427994	PS_Ct_r03_2016_03_07_L001	104	0	1	0	1
HAMBI_0403_chrm01_circ_1449135	PS_Ct_r03_2016_03_07_L001	71	0	1	0	1
HAMBI_0403_chrm01_circ_1483274	PS_Ct_r03_2016_03_07_L001	73	0	1	0	1
HAMBI_0403_chrm01_circ_1488590	PS_Ct_r03_2016_03_07_L001	73	0	1	0	1
HAMBI_0403_chrm01_circ_15131	PS_Ct_r03_2016_03_07_L001	90	0	1	0	1
HAMBI_0403_chrm01_circ_1566075	PS_Ct_r03_2016_03_07_L001	72	0	1	0	1
HAMBI_0403_chrm01_circ_1610814	PS_Ct_r03_2016_03_07_L001	47	0	1	0	1
HAMBI_0403_chrm01_circ_161831	PS_Ct_r03_2016_03_07_L001	58	0	1	0	1
HAMBI_0403_chrm01_circ_16427	PS_Ct_r03_2016_03_07_L001	78	0	1	0	1
HAMBI_0403_chrm01_circ_1649857	PS_Ct_r03_2016_03_07_L001	101	0	1	0	1
HAMBI_0403_chrm01_circ_1732518	PS_Ct_r03_2016_03_07_L001	60	0	1	0	1
HAMBI_0403_chrm01_circ_1738117	PS_Ct_r03_2016_03_07_L001	90	0	1	0	1
HAMBI_0403_chrm01_circ_1759579	PS_Ct_r03_2016_03_07_L001	78	0	1	0	1
HAMBI_0403_chrm01_circ_177120	PS_Ct_r03_2016_03_07_L001	75	0	1	0	1
HAMBI_0403_chrm01_circ_1820962	PS_Ct_r03_2016_03_07_L001	98	0	1	0	1
HAMBI_0403_chrm01_circ_1887917	PS_Ct_r03_2016_03_07_L001	58	0	1	0	1
HAMBI_0403_chrm01_circ_1930553	PS_Ct_r03_2016_03_07_L001	81	0	1	0	1
HAMBI_0403_chrm01_circ_1942108	PS_Ct_r03_2016_03_07_L001	64	0	1	0	1
HAMBI_0403_chrm01_circ_1954454	PS_Ct_r03_2016_03_07_L001	71	0	1	0	1
HAMBI_0403_chrm01_circ_1956423	PS_Ct_r03_2016_03_07_L001	51	0	1	0	1
HAMBI_0403_chrm01_circ_1975660	PS_Ct_r03_2016_03_07_L001	75	0	1	0	1
HAMBI_0403_chrm01_circ_1977057	PS_Ct_r03_2016_03_07_L001	62	0	1	0	1
HAMBI_0403_chrm01_circ_2030365	PS_Ct_r03_2016_03_07_L001	72	0	1	0	1
HAMBI_0403_chrm01_circ_203280	PS_Ct_r03_2016_03_07_L001	85	0	1	0	1
HAMBI_0403_chrm01_circ_2047425	PS_Ct_r03_2016_03_07_L001	66	0	1	0	1
HAMBI_0403_chrm01_circ_204962	PS_Ct_r03_2016_03_07_L001	57	0	1	0	1
HAMBI_0403_chrm01_circ_2107547	PS_Ct_r03_2016_03_07_L001	66	0	1	0	1
HAMBI_0403_chrm01_circ_2168329	PS_Ct_r03_2016_03_07_L001	58	0	1	0	1
HAMBI_0403_chrm01_circ_2211058	PS_Ct_r03_2016_03_07_L001	81	0	1	0	1
HAMBI_0403_chrm01_circ_2255124	PS_Ct_r03_2016_03_07_L001	83	0	1	0	1
HAMBI_0403_chrm01_circ_2326138	PS_Ct_r03_2016_03_07_L001	64	0	1	0	1
HAMBI_0403_chrm01_circ_23479	PS_Ct_r03_2016_03_07_L001	76	0	1	0	1
HAMBI_0403_chrm01_circ_2442113	PS_Ct_r03_2016_03_07_L001	87	0	1	0	1
HAMBI_0403_chrm01_circ_2515857	PS_Ct_r03_2016_03_07_L001	94	0	1	0	1
HAMBI_0403_chrm01_circ_2636197	PS_Ct_r03_2016_03_07_L001	80	0	1	0	1
HAMBI_0403_chrm01_circ_264681	PS_Ct_r03_2016_03_07_L001	79	0	1	0	1
HAMBI_0403_chrm01_circ_2648858	PS_Ct_r03_2016_03_07_L001	80	0	1	0	1
HAMBI_0403_chrm01_circ_2663531	PS_Ct_r03_2016_03_07_L001	84	0	1	0	1
HAMBI_0403_chrm01_circ_267791	PS_Ct_r03_2016_03_07_L001	60	0	1	0	1
HAMBI_0403_chrm01_circ_2688975	PS_Ct_r03_2016_03_07_L001	66	0	1	0	1
HAMBI_0403_chrm01_circ_2693322	PS_Ct_r03_2016_03_07_L001	66	0	1	0	1
HAMBI_0403_chrm01_circ_2734043	PS_Ct_r03_2016_03_07_L001	74	0	1	0	1
HAMBI_0403_chrm01_circ_2751601	PS_Ct_r03_2016_03_07_L001	78	0	1	0	1
HAMBI_0403_chrm01_circ_2752133	PS_Ct_r03_2016_03_07_L001	66	0	1	0	1
HAMBI_0403_chrm01_circ_2754629	PS_Ct_r03_2016_03_07_L001	90	0	1	0	1
HAMBI_0403_chrm01_circ_2793634	PS_Ct_r03_2016_03_07_L001	76	0	1	0	1
HAMBI_0403_chrm01_circ_281980	PS_Ct_r03_2016_03_07_L001	64	0	1	0	1
HAMBI_0403_chrm01_circ_2888794	PS_Ct_r03_2016_03_07_L001	88	0	1	0	1
HAMBI_0403_chrm01_circ_292417	PS_Ct_r03_2016_03_07_L001	70	0	1	0	1
HAMBI_0403_chrm01_circ_2926993	PS_Ct_r03_2016_03_07_L001	72	0	1	0	1
HAMBI_0403_chrm01_circ_2930190	PS_Ct_r03_2016_03_07_L001	67	0	1	0	1
HAMBI_0403_chrm01_circ_2953973	PS_Ct_r03_2016_03_07_L001	70	0	1	0	1
HAMBI_0403_chrm01_circ_2957163	PS_Ct_r03_2016_03_07_L001	71	0	1	0	1
HAMBI_0403_chrm01_circ_2970233	PS_Ct_r03_2016_03_07_L001	84	0	1	0	1
HAMBI_0403_chrm01_circ_2992565	PS_Ct_r03_2016_03_07_L001	101	0	1	0	1
HAMBI_0403_chrm01_circ_2996524	PS_Ct_r03_2016_03_07_L001	90	0	1	0	1
HAMBI_0403_chrm01_circ_3087888	PS_Ct_r03_2016_03_07_L001	67	0	1	0	1
HAMBI_0403_chrm01_circ_3109922	PS_Ct_r03_2016_03_07_L001	90	0	1	0	1
HAMBI_0403_chrm01_circ_3118967	PS_Ct_r03_2016_03_07_L001	62	0	1	0	1
HAMBI_0403_chrm01_circ_3144725	PS_Ct_r03_2016_03_07_L001	105	0	1	0	1
HAMBI_0403_chrm01_circ_3149518	PS_Ct_r03_2016_03_07_L001	108	0	1	0	1
HAMBI_0403_chrm01_circ_3154053	PS_Ct_r03_2016_03_07_L001	78	0	1	0	1
HAMBI_0403_chrm01_circ_3211528	PS_Ct_r03_2016_03_07_L001	73	0	1	0	1
HAMBI_0403_chrm01_circ_3229165	PS_Ct_r03_2016_03_07_L001	69	0	1	0	1
HAMBI_0403_chrm01_circ_3250514	PS_Ct_r03_2016_03_07_L001	92	0	1	0	1
HAMBI_0403_chrm01_circ_3276660	PS_Ct_r03_2016_03_07_L001	87	0	1	0	1
HAMBI_0403_chrm01_circ_3281194	PS_Ct_r03_2016_03_07_L001	34	0	1	0	1
HAMBI_0403_chrm01_circ_3300154	PS_Ct_r03_2016_03_07_L001	77	0	1	0	1
HAMBI_0403_chrm01_circ_3322437	PS_Ct_r03_2016_03_07_L001	72	0	1	0	1
HAMBI_0403_chrm01_circ_3322622	PS_Ct_r03_2016_03_07_L001	77	0	1	0	1
HAMBI_0403_chrm01_circ_3329629	PS_Ct_r03_2016_03_07_L001	59	0	1	0	1
HAMBI_0403_chrm01_circ_338614	PS_Ct_r03_2016_03_07_L001	93	0	1	0	1
HAMBI_0403_chrm01_circ_3393687	PS_Ct_r03_2016_03_07_L001	73	0	1	0	1
HAMBI_0403_chrm01_circ_3394128	PS_Ct_r03_2016_03_07_L001	83	2	1	0	1
HAMBI_0403_chrm01_circ_3405266	PS_Ct_r03_2016_03_07_L001	92	0	1	0	1
HAMBI_0403_chrm01_circ_340602	PS_Ct_r03_2016_03_07_L001	68	0	1	0	1
HAMBI_0403_chrm01_circ_3418753	PS_Ct_r03_2016_03_07_L001	96	0	1	0	1
HAMBI_0403_chrm01_circ_3459098	PS_Ct_r03_2016_03_07_L001	68	0	1	0	1
HAMBI_0403_chrm01_circ_3460941	PS_Ct_r03_2016_03_07_L001	75	0	1	0	1
HAMBI_0403_chrm01_circ_3461599	PS_Ct_r03_2016_03_07_L001	76	0	1	0	1
HAMBI_0403_chrm01_circ_3489004	PS_Ct_r03_2016_03_07_L001	59	0	1	0	1
HAMBI_0403_chrm01_circ_355460	PS_Ct_r03_2016_03_07_L001	78	0	1	0	1
HAMBI_0403_chrm01_circ_3555176	PS_Ct_r03_2016_03_07_L001	62	0	1	0	1
HAMBI_0403_chrm01_circ_3560450	PS_Ct_r03_2016_03_07_L001	67	0	1	0	1
HAMBI_0403_chrm01_circ_3567764	PS_Ct_r03_2016_03_07_L001	63	0	1	0	1
HAMBI_0403_chrm01_circ_3601720	PS_Ct_r03_2016_03_07_L001	73	0	1	0	1
HAMBI_0403_chrm01_circ_360522	PS_Ct_r03_2016_03_07_L001	70	0	1	0	1
HAMBI_0403_chrm01_circ_3647008	PS_Ct_r03_2016_03_07_L001	66	0	1	0	1
HAMBI_0403_chrm01_circ_3652328	PS_Ct_r03_2016_03_07_L001	87	0	1	0	1
HAMBI_0403_chrm01_circ_3734676	PS_Ct_r03_2016_03_07_L001	80	0	1	0	1
HAMBI_0403_chrm01_circ_3808590	PS_Ct_r03_2016_03_07_L001	86	0	1	0	1
HAMBI_0403_chrm01_circ_3813095	PS_Ct_r03_2016_03_07_L001	88	0	1	0	1
HAMBI_0403_chrm01_circ_3832814	PS_Ct_r03_2016_03_07_L001	70	0	1	0	1
HAMBI_0403_chrm01_circ_3885292	PS_Ct_r03_2016_03_07_L001	76	0	1	0	1
HAMBI_0403_chrm01_circ_3900399	PS_Ct_r03_2016_03_07_L001	74	0	1	0	1
HAMBI_0403_chrm01_circ_3910589	PS_Ct_r03_2016_03_07_L001	92	0	1	0	1
HAMBI_0403_chrm01_circ_3911084	PS_Ct_r03_2016_03_07_L001	80	0	1	0	1
HAMBI_0403_chrm01_circ_3993103	PS_Ct_r03_2016_03_07_L001	68	0	1	0	1
HAMBI_0403_chrm01_circ_4025643	PS_Ct_r03_2016_03_07_L001	105	0	1	0	1
HAMBI_0403_chrm01_circ_4025652	PS_Ct_r03_2016_03_07_L001	115	0	1	0	1
HAMBI_0403_chrm01_circ_4025663	PS_Ct_r03_2016_03_07_L001	121	0	1	0	1
HAMBI_0403_chrm01_circ_4025670	PS_Ct_r03_2016_03_07_L001	119	0	1	0	1
HAMBI_0403_chrm01_circ_4025677	PS_Ct_r03_2016_03_07_L001	122	0	1	0	1
HAMBI_0403_chrm01_circ_4025698	PS_Ct_r03_2016_03_07_L001	132	0	1	0	1
HAMBI_0403_chrm01_circ_4025700	PS_Ct_r03_2016_03_07_L001	136	0	1	0	1
HAMBI_0403_chrm01_circ_4040615	PS_Ct_r03_2016_03_07_L001	93	0	1	0	1
HAMBI_0403_chrm01_circ_4047471	PS_Ct_r03_2016_03_07_L001	76	1	1	0	1
HAMBI_0403_chrm01_circ_4063903	PS_Ct_r03_2016_03_07_L001	67	0	1	0	1
HAMBI_0403_chrm01_circ_4082916	PS_Ct_r03_2016_03_07_L001	57	0	1	0	1
HAMBI_0403_chrm01_circ_4098318	PS_Ct_r03_2016_03_07_L001	80	0	1	0	1
HAMBI_0403_chrm01_circ_4111761	PS_Ct_r03_2016_03_07_L001	92	0	1	0	1
HAMBI_0403_chrm01_circ_4119675	PS_Ct_r03_2016_03_07_L001	83	0	1	0	1
HAMBI_0403_chrm01_circ_4204317	PS_Ct_r03_2016_03_07_L001	69	0	1	0	1
HAMBI_0403_chrm01_circ_4211806	PS_Ct_r03_2016_03_07_L001	77	0	1	0	1
HAMBI_0403_chrm01_circ_4225781	PS_Ct_r03_2016_03_07_L001	52	1	1	0	1
HAMBI_0403_chrm01_circ_4227635	PS_Ct_r03_2016_03_07_L001	86	0	1	0	1
HAMBI_0403_chrm01_circ_4252605	PS_Ct_r03_2016_03_07_L001	60	0	1	0	1
HAMBI_0403_chrm01_circ_4295930	PS_Ct_r03_2016_03_07_L001	81	0	1	0	1
HAMBI_0403_chrm01_circ_4332767	PS_Ct_r03_2016_03_07_L001	68	0	1	0	1
HAMBI_0403_chrm01_circ_434325	PS_Ct_r03_2016_03_07_L001	71	0	1	0	1
HAMBI_0403_chrm01_circ_4367530	PS_Ct_r03_2016_03_07_L001	73	0	1	0	1
HAMBI_0403_chrm01_circ_4378839	PS_Ct_r03_2016_03_07_L001	65	0	1	0	1
HAMBI_0403_chrm01_circ_4384070	PS_Ct_r03_2016_03_07_L001	67	0	1	0	1
HAMBI_0403_chrm01_circ_440957	PS_Ct_r03_2016_03_07_L001	46	0	1	0	1
HAMBI_0403_chrm01_circ_4424328	PS_Ct_r03_2016_03_07_L001	78	2	1	0	1
HAMBI_0403_chrm01_circ_4450072	PS_Ct_r03_2016_03_07_L001	94	0	1	0	1
HAMBI_0403_chrm01_circ_4483742	PS_Ct_r03_2016_03_07_L001	78	0	1	0	1
HAMBI_0403_chrm01_circ_4537667	PS_Ct_r03_2016_03_07_L001	67	0	1	0	1
HAMBI_0403_chrm01_circ_4568561	PS_Ct_r03_2016_03_07_L001	87	0	1	0	1
HAMBI_0403_chrm01_circ_4574843	PS_Ct_r03_2016_03_07_L001	81	0	1	0	1
HAMBI_0403_chrm01_circ_4597956	PS_Ct_r03_2016_03_07_L001	64	0	1	0	1
HAMBI_0403_chrm01_circ_4629677	PS_Ct_r03_2016_03_07_L001	68	0	1	0	1
HAMBI_0403_chrm01_circ_4750362	PS_Ct_r03_2016_03_07_L001	72	0	1	0	1
HAMBI_0403_chrm01_circ_4761505	PS_Ct_r03_2016_03_07_L001	24	0	1	0	1
HAMBI_0403_chrm01_circ_4792076	PS_Ct_r03_2016_03_07_L001	75	0	1	0	1
HAMBI_0403_chrm01_circ_4807897	PS_Ct_r03_2016_03_07_L001	66	0	1	0	1
HAMBI_0403_chrm01_circ_4807942	PS_Ct_r03_2016_03_07_L001	64	0	1	0	1
HAMBI_0403_chrm01_circ_4815800	PS_Ct_r03_2016_03_07_L001	88	0	1	0	1
HAMBI_0403_chrm01_circ_4827495	PS_Ct_r03_2016_03_07_L001	61	0	1	0	1
HAMBI_0403_chrm01_circ_4829007	PS_Ct_r03_2016_03_07_L001	62	0	1	0	1
HAMBI_0403_chrm01_circ_4829050	PS_Ct_r03_2016_03_07_L001	57	0	1	0	1
HAMBI_0403_chrm01_circ_4831235	PS_Ct_r03_2016_03_07_L001	70	0	1	0	1
HAMBI_0403_chrm01_circ_4893344	PS_Ct_r03_2016_03_07_L001	84	0	1	0	1
HAMBI_0403_chrm01_circ_4947683	PS_Ct_r03_2016_03_07_L001	102	0	1	0	1
HAMBI_0403_chrm01_circ_4968639	PS_Ct_r03_2016_03_07_L001	60	0	1	0	1
HAMBI_0403_chrm01_circ_4973982	PS_Ct_r03_2016_03_07_L001	67	0	1	0	1
HAMBI_0403_chrm01_circ_4994802	PS_Ct_r03_2016_03_07_L001	84	0	1	0	1
HAMBI_0403_chrm01_circ_500037	PS_Ct_r03_2016_03_07_L001	73	0	1	0	1
HAMBI_0403_chrm01_circ_5035898	PS_Ct_r03_2016_03_07_L001	52	0	1	0	1
HAMBI_0403_chrm01_circ_5041374	PS_Ct_r03_2016_03_07_L001	77	0	1	0	1
HAMBI_0403_chrm01_circ_5060025	PS_Ct_r03_2016_03_07_L001	83	0	1	0	1
HAMBI_0403_chrm01_circ_5074286	PS_Ct_r03_2016_03_07_L001	75	0	1	0	1
HAMBI_0403_chrm01_circ_5102598	PS_Ct_r03_2016_03_07_L001	69	0	1	0	1
HAMBI_0403_chrm01_circ_5106025	PS_Ct_r03_2016_03_07_L001	62	0	1	0	1
HAMBI_0403_chrm01_circ_5130785	PS_Ct_r03_2016_03_07_L001	54	0	1	0	1
HAMBI_0403_chrm01_circ_5165364	PS_Ct_r03_2016_03_07_L001	113	62	1	0	1
HAMBI_0403_chrm01_circ_5170782	PS_Ct_r03_2016_03_07_L001	163	6	1	0	1
HAMBI_0403_chrm01_circ_5191327	PS_Ct_r03_2016_03_07_L001	62	0	1	0	1
HAMBI_0403_chrm01_circ_5198807	PS_Ct_r03_2016_03_07_L001	84	0	1	0	1
HAMBI_0403_chrm01_circ_522539	PS_Ct_r03_2016_03_07_L001	81	0	1	0	1
HAMBI_0403_chrm01_circ_5277914	PS_Ct_r03_2016_03_07_L001	85	4	1	0	1
HAMBI_0403_chrm01_circ_5317143	PS_Ct_r03_2016_03_07_L001	80	2	1	0	1
HAMBI_0403_chrm01_circ_5369259	PS_Ct_r03_2016_03_07_L001	62	0	1	0	1
HAMBI_0403_chrm01_circ_5380330	PS_Ct_r03_2016_03_07_L001	49	0	1	0	1
HAMBI_0403_chrm01_circ_5387471	PS_Ct_r03_2016_03_07_L001	79	0	1	0	1
HAMBI_0403_chrm01_circ_5407887	PS_Ct_r03_2016_03_07_L001	58	0	1	0	1
HAMBI_0403_chrm01_circ_5435929	PS_Ct_r03_2016_03_07_L001	59	0	1	0	1
HAMBI_0403_chrm01_circ_5447164	PS_Ct_r03_2016_03_07_L001	66	0	1	0	1
HAMBI_0403_chrm01_circ_5448089	PS_Ct_r03_2016_03_07_L001	63	0	1	0	1
HAMBI_0403_chrm01_circ_5454777	PS_Ct_r03_2016_03_07_L001	66	0	1	0	1
HAMBI_0403_chrm01_circ_5466654	PS_Ct_r03_2016_03_07_L001	97	0	1	0	1
HAMBI_0403_chrm01_circ_5476119	PS_Ct_r03_2016_03_07_L001	63	0	1	0	1
HAMBI_0403_chrm01_circ_5571996	PS_Ct_r03_2016_03_07_L001	89	0	1	0	1
HAMBI_0403_chrm01_circ_5605380	PS_Ct_r03_2016_03_07_L001	86	0	1	0	1
HAMBI_0403_chrm01_circ_5649091	PS_Ct_r03_2016_03_07_L001	71	0	1	0	1
HAMBI_0403_chrm01_circ_5741782	PS_Ct_r03_2016_03_07_L001	70	0	1	0	1
HAMBI_0403_chrm01_circ_575080	PS_Ct_r03_2016_03_07_L001	65	0	1	0	1
HAMBI_0403_chrm01_circ_5775702	PS_Ct_r03_2016_03_07_L001	83	0	1	0	1
HAMBI_0403_chrm01_circ_61587	PS_Ct_r03_2016_03_07_L001	76	0	1	0	1
HAMBI_0403_chrm01_circ_673240	PS_Ct_r03_2016_03_07_L001	70	0	1	0	1
HAMBI_0403_chrm01_circ_674307	PS_Ct_r03_2016_03_07_L001	73	0	1	0	1
HAMBI_0403_chrm01_circ_674960	PS_Ct_r03_2016_03_07_L001	73	0	1	0	1
HAMBI_0403_chrm01_circ_693893	PS_Ct_r03_2016_03_07_L001	84	0	1	0	1
HAMBI_0403_chrm01_circ_698904	PS_Ct_r03_2016_03_07_L001	62	0	1	0	1
HAMBI_0403_chrm01_circ_70627	PS_Ct_r03_2016_03_07_L001	72	0	1	0	1
HAMBI_0403_chrm01_circ_736327	PS_Ct_r03_2016_03_07_L001	81	0	1	0	1
HAMBI_0403_chrm01_circ_755508	PS_Ct_r03_2016_03_07_L001	80	0	1	0	1
HAMBI_0403_chrm01_circ_759084	PS_Ct_r03_2016_03_07_L001	89	0	1	0	1
HAMBI_0403_chrm01_circ_78846	PS_Ct_r03_2016_03_07_L001	94	0	1	0	1
HAMBI_0403_chrm01_circ_790661	PS_Ct_r03_2016_03_07_L001	71	0	1	0	1
HAMBI_0403_chrm01_circ_808688	PS_Ct_r03_2016_03_07_L001	83	0	1	0	1
HAMBI_0403_chrm01_circ_814505	PS_Ct_r03_2016_03_07_L001	102	0	1	0	1
HAMBI_0403_chrm01_circ_823961	PS_Ct_r03_2016_03_07_L001	75	0	1	0	1
HAMBI_0403_chrm01_circ_83834	PS_Ct_r03_2016_03_07_L001	85	0	1	0	1
HAMBI_0403_chrm01_circ_868194	PS_Ct_r03_2016_03_07_L001	65	0	1	0	1
HAMBI_0403_chrm01_circ_905331	PS_Ct_r03_2016_03_07_L001	80	0	1	0	1
HAMBI_0403_chrm01_circ_928195	PS_Ct_r03_2016_03_07_L001	84	0	1	0	1
HAMBI_0403_chrm01_circ_946980	PS_Ct_r03_2016_03_07_L001	61	0	1	0	1
HAMBI_0403_chrm01_circ_955334	PS_Ct_r03_2016_03_07_L001	67	0	1	0	1
HAMBI_0403_chrm01_circ_958358	PS_Ct_r03_2016_03_07_L001	65	16	1	0	1
HAMBI_0403_chrm01_circ_958650	PS_Ct_r03_2016_03_07_L001	67	0	1	0	1
HAMBI_0403_chrm01_circ_96390	PS_Ct_r03_2016_03_07_L001	76	0	1	0	1
HAMBI_0403_chrm01_circ_99072	PS_Ct_r03_2016_03_07_L001	57	0	1	0	1
HAMBI_0403_chrm01_circ_99696	PS_Ct_r03_2016_03_07_L001	50	0	1	0	1
HAMBI_0403_plas01_circ_13169	PS_Ct_r03_2016_03_07_L001	146	0	1	0	1
HAMBI_0403_plas01_circ_31558	PS_Ct_r03_2016_03_07_L001	142	0	1	0	1
HAMBI_0403_chrm01_circ_1046497	PS_Ct_r03_2016_04_03_L001	89	0	1	0	1
HAMBI_0403_chrm01_circ_1080893	PS_Ct_r03_2016_04_03_L001	101	0	1	0	1
HAMBI_0403_chrm01_circ_1119336	PS_Ct_r03_2016_04_03_L001	103	0	1	0	1
HAMBI_0403_chrm01_circ_1119876	PS_Ct_r03_2016_04_03_L001	85	0	1	0	1
HAMBI_0403_chrm01_circ_1132164	PS_Ct_r03_2016_04_03_L001	88	0	1	0	1
HAMBI_0403_chrm01_circ_1154877	PS_Ct_r03_2016_04_03_L001	89	0	1	0	1
HAMBI_0403_chrm01_circ_1177878	PS_Ct_r03_2016_04_03_L001	88	0	1	0	1
HAMBI_0403_chrm01_circ_1191667	PS_Ct_r03_2016_04_03_L001	73	0	1	0	1
HAMBI_0403_chrm01_circ_1246798	PS_Ct_r03_2016_04_03_L001	85	0	1	0	1
HAMBI_0403_chrm01_circ_1272527	PS_Ct_r03_2016_04_03_L001	90	0	1	0	1
HAMBI_0403_chrm01_circ_1277340	PS_Ct_r03_2016_04_03_L001	80	0	1	0	1
HAMBI_0403_chrm01_circ_1295387	PS_Ct_r03_2016_04_03_L001	93	0	1	0	1
HAMBI_0403_chrm01_circ_1350046	PS_Ct_r03_2016_04_03_L001	119	0	1	0	1
HAMBI_0403_chrm01_circ_1359617	PS_Ct_r03_2016_04_03_L001	26	0	1	0	1
HAMBI_0403_chrm01_circ_1361345	PS_Ct_r03_2016_04_03_L001	89	0	1	0	1
HAMBI_0403_chrm01_circ_1392097	PS_Ct_r03_2016_04_03_L001	5	755	1	0	1
HAMBI_0403_chrm01_circ_1427994	PS_Ct_r03_2016_04_03_L001	117	0	1	0	1
HAMBI_0403_chrm01_circ_1449135	PS_Ct_r03_2016_04_03_L001	74	0	1	0	1
HAMBI_0403_chrm01_circ_1483274	PS_Ct_r03_2016_04_03_L001	100	0	1	0	1
HAMBI_0403_chrm01_circ_1488590	PS_Ct_r03_2016_04_03_L001	79	0	1	0	1
HAMBI_0403_chrm01_circ_15131	PS_Ct_r03_2016_04_03_L001	94	0	1	0	1
HAMBI_0403_chrm01_circ_1566075	PS_Ct_r03_2016_04_03_L001	105	0	1	0	1
HAMBI_0403_chrm01_circ_1610814	PS_Ct_r03_2016_04_03_L001	82	1	1	0	1
HAMBI_0403_chrm01_circ_161831	PS_Ct_r03_2016_04_03_L001	76	0	1	0	1
HAMBI_0403_chrm01_circ_16427	PS_Ct_r03_2016_04_03_L001	72	0	1	0	1
HAMBI_0403_chrm01_circ_1649857	PS_Ct_r03_2016_04_03_L001	115	0	1	0	1
HAMBI_0403_chrm01_circ_1732518	PS_Ct_r03_2016_04_03_L001	90	0	1	0	1
HAMBI_0403_chrm01_circ_1738117	PS_Ct_r03_2016_04_03_L001	98	0	1	0	1
HAMBI_0403_chrm01_circ_1759579	PS_Ct_r03_2016_04_03_L001	90	0	1	0	1
HAMBI_0403_chrm01_circ_177120	PS_Ct_r03_2016_04_03_L001	79	0	1	0	1
HAMBI_0403_chrm01_circ_1820962	PS_Ct_r03_2016_04_03_L001	104	0	1	0	1
HAMBI_0403_chrm01_circ_1887917	PS_Ct_r03_2016_04_03_L001	78	0	1	0	1
HAMBI_0403_chrm01_circ_1930553	PS_Ct_r03_2016_04_03_L001	109	0	1	0	1
HAMBI_0403_chrm01_circ_1942108	PS_Ct_r03_2016_04_03_L001	95	0	1	0	1
HAMBI_0403_chrm01_circ_1954454	PS_Ct_r03_2016_04_03_L001	68	0	1	0	1
HAMBI_0403_chrm01_circ_1956423	PS_Ct_r03_2016_04_03_L001	75	0	1	0	1
HAMBI_0403_chrm01_circ_1975660	PS_Ct_r03_2016_04_03_L001	87	0	1	0	1
HAMBI_0403_chrm01_circ_1977057	PS_Ct_r03_2016_04_03_L001	91	0	1	0	1
HAMBI_0403_chrm01_circ_2030365	PS_Ct_r03_2016_04_03_L001	106	0	1	0	1
HAMBI_0403_chrm01_circ_203280	PS_Ct_r03_2016_04_03_L001	90	0	1	0	1
HAMBI_0403_chrm01_circ_2047425	PS_Ct_r03_2016_04_03_L001	77	0	1	0	1
HAMBI_0403_chrm01_circ_204962	PS_Ct_r03_2016_04_03_L001	95	0	1	0	1
HAMBI_0403_chrm01_circ_2107547	PS_Ct_r03_2016_04_03_L001	71	0	1	0	1
HAMBI_0403_chrm01_circ_2168329	PS_Ct_r03_2016_04_03_L001	81	0	1	0	1
HAMBI_0403_chrm01_circ_2211058	PS_Ct_r03_2016_04_03_L001	82	0	1	0	1
HAMBI_0403_chrm01_circ_2255124	PS_Ct_r03_2016_04_03_L001	91	0	1	0	1
HAMBI_0403_chrm01_circ_2326138	PS_Ct_r03_2016_04_03_L001	92	0	1	0	1
HAMBI_0403_chrm01_circ_23479	PS_Ct_r03_2016_04_03_L001	104	0	1	0	1
HAMBI_0403_chrm01_circ_2442113	PS_Ct_r03_2016_04_03_L001	77	0	1	0	1
HAMBI_0403_chrm01_circ_2515857	PS_Ct_r03_2016_04_03_L001	120	0	1	0	1
HAMBI_0403_chrm01_circ_2636197	PS_Ct_r03_2016_04_03_L001	91	0	1	0	1
HAMBI_0403_chrm01_circ_264681	PS_Ct_r03_2016_04_03_L001	97	0	1	0	1
HAMBI_0403_chrm01_circ_2648858	PS_Ct_r03_2016_04_03_L001	110	0	1	0	1
HAMBI_0403_chrm01_circ_2663531	PS_Ct_r03_2016_04_03_L001	84	0	1	0	1
HAMBI_0403_chrm01_circ_267791	PS_Ct_r03_2016_04_03_L001	69	0	1	0	1
HAMBI_0403_chrm01_circ_2688975	PS_Ct_r03_2016_04_03_L001	108	0	1	0	1
HAMBI_0403_chrm01_circ_2693322	PS_Ct_r03_2016_04_03_L001	95	0	1	0	1
HAMBI_0403_chrm01_circ_2734043	PS_Ct_r03_2016_04_03_L001	83	0	1	0	1
HAMBI_0403_chrm01_circ_2751601	PS_Ct_r03_2016_04_03_L001	104	0	1	0	1
HAMBI_0403_chrm01_circ_2752133	PS_Ct_r03_2016_04_03_L001	89	0	1	0	1
HAMBI_0403_chrm01_circ_2754629	PS_Ct_r03_2016_04_03_L001	107	0	1	0	1
HAMBI_0403_chrm01_circ_2793634	PS_Ct_r03_2016_04_03_L001	87	0	1	0	1
HAMBI_0403_chrm01_circ_281980	PS_Ct_r03_2016_04_03_L001	84	0	1	0	1
HAMBI_0403_chrm01_circ_2888794	PS_Ct_r03_2016_04_03_L001	104	0	1	0	1
HAMBI_0403_chrm01_circ_292417	PS_Ct_r03_2016_04_03_L001	84	0	1	0	1
HAMBI_0403_chrm01_circ_2926993	PS_Ct_r03_2016_04_03_L001	113	0	1	0	1
HAMBI_0403_chrm01_circ_2930190	PS_Ct_r03_2016_04_03_L001	100	0	1	0	1
HAMBI_0403_chrm01_circ_2953973	PS_Ct_r03_2016_04_03_L001	81	0	1	0	1
HAMBI_0403_chrm01_circ_2957163	PS_Ct_r03_2016_04_03_L001	98	0	1	0	1
HAMBI_0403_chrm01_circ_2970233	PS_Ct_r03_2016_04_03_L001	87	0	1	0	1
HAMBI_0403_chrm01_circ_2992565	PS_Ct_r03_2016_04_03_L001	86	0	1	0	1
HAMBI_0403_chrm01_circ_2996524	PS_Ct_r03_2016_04_03_L001	102	0	1	0	1
HAMBI_0403_chrm01_circ_3087888	PS_Ct_r03_2016_04_03_L001	84	0	1	0	1
HAMBI_0403_chrm01_circ_3109922	PS_Ct_r03_2016_04_03_L001	97	0	1	0	1
HAMBI_0403_chrm01_circ_3118967	PS_Ct_r03_2016_04_03_L001	104	0	1	0	1
HAMBI_0403_chrm01_circ_3144725	PS_Ct_r03_2016_04_03_L001	107	0	1	0	1
HAMBI_0403_chrm01_circ_3149518	PS_Ct_r03_2016_04_03_L001	85	0	1	0	1
HAMBI_0403_chrm01_circ_3154053	PS_Ct_r03_2016_04_03_L001	80	0	1	0	1
HAMBI_0403_chrm01_circ_3211528	PS_Ct_r03_2016_04_03_L001	94	0	1	0	1
HAMBI_0403_chrm01_circ_3229165	PS_Ct_r03_2016_04_03_L001	76	0	1	0	1
HAMBI_0403_chrm01_circ_3250514	PS_Ct_r03_2016_04_03_L001	130	0	1	0	1
HAMBI_0403_chrm01_circ_3276660	PS_Ct_r03_2016_04_03_L001	96	0	1	0	1
HAMBI_0403_chrm01_circ_3281194	PS_Ct_r03_2016_04_03_L001	33	0	1	0	1
HAMBI_0403_chrm01_circ_3300154	PS_Ct_r03_2016_04_03_L001	119	0	1	0	1
HAMBI_0403_chrm01_circ_3322437	PS_Ct_r03_2016_04_03_L001	85	0	1	0	1
HAMBI_0403_chrm01_circ_3322622	PS_Ct_r03_2016_04_03_L001	106	0	1	0	1
HAMBI_0403_chrm01_circ_3329629	PS_Ct_r03_2016_04_03_L001	86	0	1	0	1
HAMBI_0403_chrm01_circ_338614	PS_Ct_r03_2016_04_03_L001	93	0	1	0	1
HAMBI_0403_chrm01_circ_3393687	PS_Ct_r03_2016_04_03_L001	97	1	1	0	1
HAMBI_0403_chrm01_circ_3394128	PS_Ct_r03_2016_04_03_L001	76	19	1	0	1
HAMBI_0403_chrm01_circ_3405266	PS_Ct_r03_2016_04_03_L001	103	0	1	0	1
HAMBI_0403_chrm01_circ_340602	PS_Ct_r03_2016_04_03_L001	84	1	1	0	1
HAMBI_0403_chrm01_circ_3418753	PS_Ct_r03_2016_04_03_L001	103	0	1	0	1
HAMBI_0403_chrm01_circ_3459098	PS_Ct_r03_2016_04_03_L001	97	0	1	0	1
HAMBI_0403_chrm01_circ_3460941	PS_Ct_r03_2016_04_03_L001	117	0	1	0	1
HAMBI_0403_chrm01_circ_3461599	PS_Ct_r03_2016_04_03_L001	107	0	1	0	1
HAMBI_0403_chrm01_circ_3489004	PS_Ct_r03_2016_04_03_L001	83	0	1	0	1
HAMBI_0403_chrm01_circ_355460	PS_Ct_r03_2016_04_03_L001	113	0	1	0	1
HAMBI_0403_chrm01_circ_3555176	PS_Ct_r03_2016_04_03_L001	93	0	1	0	1
HAMBI_0403_chrm01_circ_3560450	PS_Ct_r03_2016_04_03_L001	107	0	1	0	1
HAMBI_0403_chrm01_circ_3567764	PS_Ct_r03_2016_04_03_L001	95	0	1	0	1
HAMBI_0403_chrm01_circ_3601720	PS_Ct_r03_2016_04_03_L001	113	1	1	0	1
HAMBI_0403_chrm01_circ_360522	PS_Ct_r03_2016_04_03_L001	62	0	1	0	1
HAMBI_0403_chrm01_circ_3647008	PS_Ct_r03_2016_04_03_L001	98	0	1	0	1
HAMBI_0403_chrm01_circ_3652328	PS_Ct_r03_2016_04_03_L001	88	0	1	0	1
HAMBI_0403_chrm01_circ_3734676	PS_Ct_r03_2016_04_03_L001	88	0	1	0	1
HAMBI_0403_chrm01_circ_3808590	PS_Ct_r03_2016_04_03_L001	81	0	1	0	1
HAMBI_0403_chrm01_circ_3813095	PS_Ct_r03_2016_04_03_L001	94	0	1	0	1
HAMBI_0403_chrm01_circ_3832814	PS_Ct_r03_2016_04_03_L001	86	0	1	0	1
HAMBI_0403_chrm01_circ_3885292	PS_Ct_r03_2016_04_03_L001	69	0	1	0	1
HAMBI_0403_chrm01_circ_3900399	PS_Ct_r03_2016_04_03_L001	101	0	1	0	1
HAMBI_0403_chrm01_circ_3910589	PS_Ct_r03_2016_04_03_L001	118	0	1	0	1
HAMBI_0403_chrm01_circ_3911084	PS_Ct_r03_2016_04_03_L001	96	1	1	0	1
HAMBI_0403_chrm01_circ_3993103	PS_Ct_r03_2016_04_03_L001	84	0	1	0	1
HAMBI_0403_chrm01_circ_4025643	PS_Ct_r03_2016_04_03_L001	102	0	1	0	1
HAMBI_0403_chrm01_circ_4025652	PS_Ct_r03_2016_04_03_L001	117	0	1	0	1
HAMBI_0403_chrm01_circ_4025663	PS_Ct_r03_2016_04_03_L001	118	0	1	0	1
HAMBI_0403_chrm01_circ_4025670	PS_Ct_r03_2016_04_03_L001	116	0	1	0	1
HAMBI_0403_chrm01_circ_4025677	PS_Ct_r03_2016_04_03_L001	116	0	1	0	1
HAMBI_0403_chrm01_circ_4025698	PS_Ct_r03_2016_04_03_L001	122	0	1	0	1
HAMBI_0403_chrm01_circ_4025700	PS_Ct_r03_2016_04_03_L001	127	0	1	0	1
HAMBI_0403_chrm01_circ_4040615	PS_Ct_r03_2016_04_03_L001	101	0	1	0	1
HAMBI_0403_chrm01_circ_4047471	PS_Ct_r03_2016_04_03_L001	82	0	1	0	1
HAMBI_0403_chrm01_circ_4063903	PS_Ct_r03_2016_04_03_L001	66	0	1	0	1
HAMBI_0403_chrm01_circ_4082916	PS_Ct_r03_2016_04_03_L001	94	0	1	0	1
HAMBI_0403_chrm01_circ_4098318	PS_Ct_r03_2016_04_03_L001	94	0	1	0	1
HAMBI_0403_chrm01_circ_4111761	PS_Ct_r03_2016_04_03_L001	111	0	1	0	1
HAMBI_0403_chrm01_circ_4119675	PS_Ct_r03_2016_04_03_L001	114	0	1	0	1
HAMBI_0403_chrm01_circ_4204317	PS_Ct_r03_2016_04_03_L001	108	0	1	0	1
HAMBI_0403_chrm01_circ_4211806	PS_Ct_r03_2016_04_03_L001	71	0	1	0	1
HAMBI_0403_chrm01_circ_4225781	PS_Ct_r03_2016_04_03_L001	93	0	1	0	1
HAMBI_0403_chrm01_circ_4227635	PS_Ct_r03_2016_04_03_L001	101	0	1	0	1
HAMBI_0403_chrm01_circ_4252605	PS_Ct_r03_2016_04_03_L001	91	0	1	0	1
HAMBI_0403_chrm01_circ_4295930	PS_Ct_r03_2016_04_03_L001	83	0	1	0	1
HAMBI_0403_chrm01_circ_4332767	PS_Ct_r03_2016_04_03_L001	75	0	1	0	1
HAMBI_0403_chrm01_circ_434325	PS_Ct_r03_2016_04_03_L001	84	0	1	0	1
HAMBI_0403_chrm01_circ_4367530	PS_Ct_r03_2016_04_03_L001	106	0	1	0	1
HAMBI_0403_chrm01_circ_4378839	PS_Ct_r03_2016_04_03_L001	96	0	1	0	1
HAMBI_0403_chrm01_circ_4384070	PS_Ct_r03_2016_04_03_L001	77	0	1	0	1
HAMBI_0403_chrm01_circ_440957	PS_Ct_r03_2016_04_03_L001	54	0	1	0	1
HAMBI_0403_chrm01_circ_4424328	PS_Ct_r03_2016_04_03_L001	108	0	1	0	1
HAMBI_0403_chrm01_circ_4450072	PS_Ct_r03_2016_04_03_L001	100	0	1	0	1
HAMBI_0403_chrm01_circ_4483742	PS_Ct_r03_2016_04_03_L001	71	0	1	0	1
HAMBI_0403_chrm01_circ_4537667	PS_Ct_r03_2016_04_03_L001	92	1	1	0	1
HAMBI_0403_chrm01_circ_4568561	PS_Ct_r03_2016_04_03_L001	97	0	1	0	1
HAMBI_0403_chrm01_circ_4574843	PS_Ct_r03_2016_04_03_L001	99	0	1	0	1
HAMBI_0403_chrm01_circ_4597956	PS_Ct_r03_2016_04_03_L001	92	0	1	0	1
HAMBI_0403_chrm01_circ_4629677	PS_Ct_r03_2016_04_03_L001	93	0	1	0	1
HAMBI_0403_chrm01_circ_4750362	PS_Ct_r03_2016_04_03_L001	85	0	1	0	1
HAMBI_0403_chrm01_circ_4761505	PS_Ct_r03_2016_04_03_L001	28	0	1	0	1
HAMBI_0403_chrm01_circ_4792076	PS_Ct_r03_2016_04_03_L001	108	0	1	0	1
HAMBI_0403_chrm01_circ_4807897	PS_Ct_r03_2016_04_03_L001	78	0	1	0	1
HAMBI_0403_chrm01_circ_4807942	PS_Ct_r03_2016_04_03_L001	81	0	1	0	1
HAMBI_0403_chrm01_circ_4815800	PS_Ct_r03_2016_04_03_L001	93	0	1	0	1
HAMBI_0403_chrm01_circ_4827495	PS_Ct_r03_2016_04_03_L001	74	0	1	0	1
HAMBI_0403_chrm01_circ_4829007	PS_Ct_r03_2016_04_03_L001	87	0	1	0	1
HAMBI_0403_chrm01_circ_4829050	PS_Ct_r03_2016_04_03_L001	83	0	1	0	1
HAMBI_0403_chrm01_circ_4831235	PS_Ct_r03_2016_04_03_L001	73	0	1	0	1
HAMBI_0403_chrm01_circ_4893344	PS_Ct_r03_2016_04_03_L001	83	0	1	0	1
HAMBI_0403_chrm01_circ_4947683	PS_Ct_r03_2016_04_03_L001	109	0	1	0	1
HAMBI_0403_chrm01_circ_4968639	PS_Ct_r03_2016_04_03_L001	101	0	1	0	1
HAMBI_0403_chrm01_circ_4973982	PS_Ct_r03_2016_04_03_L001	79	0	1	0	1
HAMBI_0403_chrm01_circ_4994802	PS_Ct_r03_2016_04_03_L001	94	0	1	0	1
HAMBI_0403_chrm01_circ_500037	PS_Ct_r03_2016_04_03_L001	95	0	1	0	1
HAMBI_0403_chrm01_circ_5035898	PS_Ct_r03_2016_04_03_L001	66	0	1	0	1
HAMBI_0403_chrm01_circ_5041374	PS_Ct_r03_2016_04_03_L001	70	0	1	0	1
HAMBI_0403_chrm01_circ_5060025	PS_Ct_r03_2016_04_03_L001	97	0	1	0	1
HAMBI_0403_chrm01_circ_5074286	PS_Ct_r03_2016_04_03_L001	88	0	1	0	1
HAMBI_0403_chrm01_circ_5102598	PS_Ct_r03_2016_04_03_L001	98	0	1	0	1
HAMBI_0403_chrm01_circ_5106025	PS_Ct_r03_2016_04_03_L001	85	0	1	0	1
HAMBI_0403_chrm01_circ_5130785	PS_Ct_r03_2016_04_03_L001	63	0	1	0	1
HAMBI_0403_chrm01_circ_5165364	PS_Ct_r03_2016_04_03_L001	128	46	1	0	1
HAMBI_0403_chrm01_circ_5170782	PS_Ct_r03_2016_04_03_L001	145	3	1	0	1
HAMBI_0403_chrm01_circ_5191327	PS_Ct_r03_2016_04_03_L001	83	0	1	0	1
HAMBI_0403_chrm01_circ_5198807	PS_Ct_r03_2016_04_03_L001	86	0	1	0	1
HAMBI_0403_chrm01_circ_522539	PS_Ct_r03_2016_04_03_L001	87	0	1	0	1
HAMBI_0403_chrm01_circ_5277914	PS_Ct_r03_2016_04_03_L001	71	2	1	0	1
HAMBI_0403_chrm01_circ_5317143	PS_Ct_r03_2016_04_03_L001	91	0	1	0	1
HAMBI_0403_chrm01_circ_5369259	PS_Ct_r03_2016_04_03_L001	73	0	1	0	1
HAMBI_0403_chrm01_circ_5380330	PS_Ct_r03_2016_04_03_L001	79	0	1	0	1
HAMBI_0403_chrm01_circ_5387471	PS_Ct_r03_2016_04_03_L001	103	0	1	0	1
HAMBI_0403_chrm01_circ_5407887	PS_Ct_r03_2016_04_03_L001	73	0	1	0	1
HAMBI_0403_chrm01_circ_5435929	PS_Ct_r03_2016_04_03_L001	102	0	1	0	1
HAMBI_0403_chrm01_circ_5447164	PS_Ct_r03_2016_04_03_L001	85	0	1	0	1
HAMBI_0403_chrm01_circ_5448089	PS_Ct_r03_2016_04_03_L001	100	0	1	0	1
HAMBI_0403_chrm01_circ_5454777	PS_Ct_r03_2016_04_03_L001	96	0	1	0	1
HAMBI_0403_chrm01_circ_5466654	PS_Ct_r03_2016_04_03_L001	107	0	1	0	1
HAMBI_0403_chrm01_circ_5476119	PS_Ct_r03_2016_04_03_L001	82	0	1	0	1
HAMBI_0403_chrm01_circ_5571996	PS_Ct_r03_2016_04_03_L001	102	0	1	0	1
HAMBI_0403_chrm01_circ_5605380	PS_Ct_r03_2016_04_03_L001	99	0	1	0	1
HAMBI_0403_chrm01_circ_5649091	PS_Ct_r03_2016_04_03_L001	90	0	1	0	1
HAMBI_0403_chrm01_circ_5741782	PS_Ct_r03_2016_04_03_L001	76	0	1	0	1
HAMBI_0403_chrm01_circ_575080	PS_Ct_r03_2016_04_03_L001	68	0	1	0	1
HAMBI_0403_chrm01_circ_5775702	PS_Ct_r03_2016_04_03_L001	78	0	1	0	1
HAMBI_0403_chrm01_circ_61587	PS_Ct_r03_2016_04_03_L001	83	0	1	0	1
HAMBI_0403_chrm01_circ_673240	PS_Ct_r03_2016_04_03_L001	90	0	1	0	1
HAMBI_0403_chrm01_circ_674307	PS_Ct_r03_2016_04_03_L001	108	0	1	0	1
HAMBI_0403_chrm01_circ_674960	PS_Ct_r03_2016_04_03_L001	96	0	1	0	1
HAMBI_0403_chrm01_circ_693893	PS_Ct_r03_2016_04_03_L001	79	0	1	0	1
HAMBI_0403_chrm01_circ_698904	PS_Ct_r03_2016_04_03_L001	84	0	1	0	1
HAMBI_0403_chrm01_circ_70627	PS_Ct_r03_2016_04_03_L001	104	0	1	0	1
HAMBI_0403_chrm01_circ_736327	PS_Ct_r03_2016_04_03_L001	78	0	1	0	1
HAMBI_0403_chrm01_circ_755508	PS_Ct_r03_2016_04_03_L001	96	0	1	0	1
HAMBI_0403_chrm01_circ_759084	PS_Ct_r03_2016_04_03_L001	116	0	1	0	1
HAMBI_0403_chrm01_circ_78846	PS_Ct_r03_2016_04_03_L001	97	0	1	0	1
HAMBI_0403_chrm01_circ_790661	PS_Ct_r03_2016_04_03_L001	114	0	1	0	1
HAMBI_0403_chrm01_circ_808688	PS_Ct_r03_2016_04_03_L001	113	0	1	0	1
HAMBI_0403_chrm01_circ_814505	PS_Ct_r03_2016_04_03_L001	101	0	1	0	1
HAMBI_0403_chrm01_circ_823961	PS_Ct_r03_2016_04_03_L001	99	0	1	0	1
HAMBI_0403_chrm01_circ_83834	PS_Ct_r03_2016_04_03_L001	89	0	1	0	1
HAMBI_0403_chrm01_circ_868194	PS_Ct_r03_2016_04_03_L001	84	0	1	0	1
HAMBI_0403_chrm01_circ_905331	PS_Ct_r03_2016_04_03_L001	96	0	1	0	1
HAMBI_0403_chrm01_circ_928195	PS_Ct_r03_2016_04_03_L001	91	0	1	0	1
HAMBI_0403_chrm01_circ_946980	PS_Ct_r03_2016_04_03_L001	87	0	1	0	1
HAMBI_0403_chrm01_circ_955334	PS_Ct_r03_2016_04_03_L001	88	0	1	0	1
HAMBI_0403_chrm01_circ_958358	PS_Ct_r03_2016_04_03_L001	66	22	1	0	1
HAMBI_0403_chrm01_circ_958650	PS_Ct_r03_2016_04_03_L001	92	0	1	0	1
HAMBI_0403_chrm01_circ_96390	PS_Ct_r03_2016_04_03_L001	111	0	1	0	1
HAMBI_0403_chrm01_circ_99072	PS_Ct_r03_2016_04_03_L001	87	0	1	0	1
HAMBI_0403_chrm01_circ_99696	PS_Ct_r03_2016_04_03_L001	98	0	1	0	1
HAMBI_0403_plas01_circ_13169	PS_Ct_r03_2016_04_03_L001	115	0	1	0	1
HAMBI_0403_plas01_circ_31558	PS_Ct_r03_2016_04_03_L001	109	0	1	0	1
HAMBI_0403_chrm01_circ_1046497	PS_Ct_r03_2016_05_04_L001	70	0	1	0	1
HAMBI_0403_chrm01_circ_1080893	PS_Ct_r03_2016_05_04_L001	63	0	1	0	1
HAMBI_0403_chrm01_circ_1119336	PS_Ct_r03_2016_05_04_L001	73	0	1	0	1
HAMBI_0403_chrm01_circ_1119876	PS_Ct_r03_2016_05_04_L001	71	0	1	0	1
HAMBI_0403_chrm01_circ_1132164	PS_Ct_r03_2016_05_04_L001	74	0	1	0	1
HAMBI_0403_chrm01_circ_1154877	PS_Ct_r03_2016_05_04_L001	80	0	1	0	1
HAMBI_0403_chrm01_circ_1177878	PS_Ct_r03_2016_05_04_L001	82	0	1	0	1
HAMBI_0403_chrm01_circ_1191667	PS_Ct_r03_2016_05_04_L001	84	0	1	0	1
HAMBI_0403_chrm01_circ_1246798	PS_Ct_r03_2016_05_04_L001	75	0	1	0	1
HAMBI_0403_chrm01_circ_1272527	PS_Ct_r03_2016_05_04_L001	82	0	1	0	1
HAMBI_0403_chrm01_circ_1277340	PS_Ct_r03_2016_05_04_L001	70	0	1	0	1
HAMBI_0403_chrm01_circ_1295387	PS_Ct_r03_2016_05_04_L001	67	0	1	0	1
HAMBI_0403_chrm01_circ_1350046	PS_Ct_r03_2016_05_04_L001	89	0	1	0	1
HAMBI_0403_chrm01_circ_1359617	PS_Ct_r03_2016_05_04_L001	26	0	1	0	1
HAMBI_0403_chrm01_circ_1361345	PS_Ct_r03_2016_05_04_L001	82	0	1	0	1
HAMBI_0403_chrm01_circ_1392097	PS_Ct_r03_2016_05_04_L001	2	358	1	0	1
HAMBI_0403_chrm01_circ_1427994	PS_Ct_r03_2016_05_04_L001	68	0	1	0	1
HAMBI_0403_chrm01_circ_1449135	PS_Ct_r03_2016_05_04_L001	68	0	1	0	1
HAMBI_0403_chrm01_circ_1483274	PS_Ct_r03_2016_05_04_L001	86	0	1	0	1
HAMBI_0403_chrm01_circ_1488590	PS_Ct_r03_2016_05_04_L001	67	0	1	0	1
HAMBI_0403_chrm01_circ_15131	PS_Ct_r03_2016_05_04_L001	79	0	1	0	1
HAMBI_0403_chrm01_circ_1566075	PS_Ct_r03_2016_05_04_L001	67	0	1	0	1
HAMBI_0403_chrm01_circ_1610814	PS_Ct_r03_2016_05_04_L001	58	6	1	0	1
HAMBI_0403_chrm01_circ_161831	PS_Ct_r03_2016_05_04_L001	61	0	1	0	1
HAMBI_0403_chrm01_circ_16427	PS_Ct_r03_2016_05_04_L001	80	0	1	0	1
HAMBI_0403_chrm01_circ_1649857	PS_Ct_r03_2016_05_04_L001	83	0	1	0	1
HAMBI_0403_chrm01_circ_1732518	PS_Ct_r03_2016_05_04_L001	77	0	1	0	1
HAMBI_0403_chrm01_circ_1738117	PS_Ct_r03_2016_05_04_L001	97	0	1	0	1
HAMBI_0403_chrm01_circ_1759579	PS_Ct_r03_2016_05_04_L001	70	0	1	0	1
HAMBI_0403_chrm01_circ_177120	PS_Ct_r03_2016_05_04_L001	63	0	1	0	1
HAMBI_0403_chrm01_circ_1820962	PS_Ct_r03_2016_05_04_L001	68	0	1	0	1
HAMBI_0403_chrm01_circ_1887917	PS_Ct_r03_2016_05_04_L001	48	0	1	0	1
HAMBI_0403_chrm01_circ_1930553	PS_Ct_r03_2016_05_04_L001	91	0	1	0	1
HAMBI_0403_chrm01_circ_1942108	PS_Ct_r03_2016_05_04_L001	94	0	1	0	1
HAMBI_0403_chrm01_circ_1954454	PS_Ct_r03_2016_05_04_L001	79	0	1	0	1
HAMBI_0403_chrm01_circ_1956423	PS_Ct_r03_2016_05_04_L001	59	0	1	0	1
HAMBI_0403_chrm01_circ_1975660	PS_Ct_r03_2016_05_04_L001	66	0	1	0	1
HAMBI_0403_chrm01_circ_1977057	PS_Ct_r03_2016_05_04_L001	75	0	1	0	1
HAMBI_0403_chrm01_circ_2030365	PS_Ct_r03_2016_05_04_L001	72	0	1	0	1
HAMBI_0403_chrm01_circ_203280	PS_Ct_r03_2016_05_04_L001	70	0	1	0	1
HAMBI_0403_chrm01_circ_2047425	PS_Ct_r03_2016_05_04_L001	85	0	1	0	1
HAMBI_0403_chrm01_circ_204962	PS_Ct_r03_2016_05_04_L001	97	0	1	0	1
HAMBI_0403_chrm01_circ_2107547	PS_Ct_r03_2016_05_04_L001	70	0	1	0	1
HAMBI_0403_chrm01_circ_2168329	PS_Ct_r03_2016_05_04_L001	74	0	1	0	1
HAMBI_0403_chrm01_circ_2211058	PS_Ct_r03_2016_05_04_L001	84	0	1	0	1
HAMBI_0403_chrm01_circ_2255124	PS_Ct_r03_2016_05_04_L001	73	0	1	0	1
HAMBI_0403_chrm01_circ_2326138	PS_Ct_r03_2016_05_04_L001	73	0	1	0	1
HAMBI_0403_chrm01_circ_23479	PS_Ct_r03_2016_05_04_L001	75	0	1	0	1
HAMBI_0403_chrm01_circ_2442113	PS_Ct_r03_2016_05_04_L001	64	0	1	0	1
HAMBI_0403_chrm01_circ_2515857	PS_Ct_r03_2016_05_04_L001	85	0	1	0	1
HAMBI_0403_chrm01_circ_2636197	PS_Ct_r03_2016_05_04_L001	58	0	1	0	1
HAMBI_0403_chrm01_circ_264681	PS_Ct_r03_2016_05_04_L001	76	0	1	0	1
HAMBI_0403_chrm01_circ_2648858	PS_Ct_r03_2016_05_04_L001	68	0	1	0	1
HAMBI_0403_chrm01_circ_2663531	PS_Ct_r03_2016_05_04_L001	70	0	1	0	1
HAMBI_0403_chrm01_circ_267791	PS_Ct_r03_2016_05_04_L001	56	0	1	0	1
HAMBI_0403_chrm01_circ_2688975	PS_Ct_r03_2016_05_04_L001	64	0	1	0	1
HAMBI_0403_chrm01_circ_2693322	PS_Ct_r03_2016_05_04_L001	73	0	1	0	1
HAMBI_0403_chrm01_circ_2734043	PS_Ct_r03_2016_05_04_L001	79	0	1	0	1
HAMBI_0403_chrm01_circ_2751601	PS_Ct_r03_2016_05_04_L001	76	0	1	0	1
HAMBI_0403_chrm01_circ_2752133	PS_Ct_r03_2016_05_04_L001	59	0	1	0	1
HAMBI_0403_chrm01_circ_2754629	PS_Ct_r03_2016_05_04_L001	66	0	1	0	1
HAMBI_0403_chrm01_circ_2793634	PS_Ct_r03_2016_05_04_L001	82	0	1	0	1
HAMBI_0403_chrm01_circ_281980	PS_Ct_r03_2016_05_04_L001	65	0	1	0	1
HAMBI_0403_chrm01_circ_2888794	PS_Ct_r03_2016_05_04_L001	86	0	1	0	1
HAMBI_0403_chrm01_circ_292417	PS_Ct_r03_2016_05_04_L001	65	0	1	0	1
HAMBI_0403_chrm01_circ_2926993	PS_Ct_r03_2016_05_04_L001	72	0	1	0	1
HAMBI_0403_chrm01_circ_2930190	PS_Ct_r03_2016_05_04_L001	60	0	1	0	1
HAMBI_0403_chrm01_circ_2953973	PS_Ct_r03_2016_05_04_L001	80	0	1	0	1
HAMBI_0403_chrm01_circ_2957163	PS_Ct_r03_2016_05_04_L001	62	0	1	0	1
HAMBI_0403_chrm01_circ_2970233	PS_Ct_r03_2016_05_04_L001	76	0	1	0	1
HAMBI_0403_chrm01_circ_2992565	PS_Ct_r03_2016_05_04_L001	82	0	1	0	1
HAMBI_0403_chrm01_circ_2996524	PS_Ct_r03_2016_05_04_L001	68	0	1	0	1
HAMBI_0403_chrm01_circ_3087888	PS_Ct_r03_2016_05_04_L001	88	0	1	0	1
HAMBI_0403_chrm01_circ_3109922	PS_Ct_r03_2016_05_04_L001	75	0	1	0	1
HAMBI_0403_chrm01_circ_3118967	PS_Ct_r03_2016_05_04_L001	82	0	1	0	1
HAMBI_0403_chrm01_circ_3144725	PS_Ct_r03_2016_05_04_L001	70	0	1	0	1
HAMBI_0403_chrm01_circ_3149518	PS_Ct_r03_2016_05_04_L001	89	0	1	0	1
HAMBI_0403_chrm01_circ_3154053	PS_Ct_r03_2016_05_04_L001	73	0	1	0	1
HAMBI_0403_chrm01_circ_3211528	PS_Ct_r03_2016_05_04_L001	75	0	1	0	1
HAMBI_0403_chrm01_circ_3229165	PS_Ct_r03_2016_05_04_L001	66	0	1	0	1
HAMBI_0403_chrm01_circ_3250514	PS_Ct_r03_2016_05_04_L001	85	0	1	0	1
HAMBI_0403_chrm01_circ_3276660	PS_Ct_r03_2016_05_04_L001	80	0	1	0	1
HAMBI_0403_chrm01_circ_3281194	PS_Ct_r03_2016_05_04_L001	53	0	1	0	1
HAMBI_0403_chrm01_circ_3300154	PS_Ct_r03_2016_05_04_L001	67	0	1	0	1
HAMBI_0403_chrm01_circ_3322437	PS_Ct_r03_2016_05_04_L001	55	0	1	0	1
HAMBI_0403_chrm01_circ_3322622	PS_Ct_r03_2016_05_04_L001	56	0	1	0	1
HAMBI_0403_chrm01_circ_3329629	PS_Ct_r03_2016_05_04_L001	74	0	1	0	1
HAMBI_0403_chrm01_circ_338614	PS_Ct_r03_2016_05_04_L001	79	0	1	0	1
HAMBI_0403_chrm01_circ_3393687	PS_Ct_r03_2016_05_04_L001	74	0	1	0	1
HAMBI_0403_chrm01_circ_3394128	PS_Ct_r03_2016_05_04_L001	62	0	1	0	1
HAMBI_0403_chrm01_circ_3405266	PS_Ct_r03_2016_05_04_L001	79	0	1	0	1
HAMBI_0403_chrm01_circ_340602	PS_Ct_r03_2016_05_04_L001	65	0	1	0	1
HAMBI_0403_chrm01_circ_3418753	PS_Ct_r03_2016_05_04_L001	72	0	1	0	1
HAMBI_0403_chrm01_circ_3459098	PS_Ct_r03_2016_05_04_L001	88	0	1	0	1
HAMBI_0403_chrm01_circ_3460941	PS_Ct_r03_2016_05_04_L001	89	0	1	0	1
HAMBI_0403_chrm01_circ_3461599	PS_Ct_r03_2016_05_04_L001	72	0	1	0	1
HAMBI_0403_chrm01_circ_3489004	PS_Ct_r03_2016_05_04_L001	55	0	1	0	1
HAMBI_0403_chrm01_circ_355460	PS_Ct_r03_2016_05_04_L001	88	0	1	0	1
HAMBI_0403_chrm01_circ_3555176	PS_Ct_r03_2016_05_04_L001	79	0	1	0	1
HAMBI_0403_chrm01_circ_3560450	PS_Ct_r03_2016_05_04_L001	72	0	1	0	1
HAMBI_0403_chrm01_circ_3567764	PS_Ct_r03_2016_05_04_L001	85	0	1	0	1
HAMBI_0403_chrm01_circ_3601720	PS_Ct_r03_2016_05_04_L001	63	0	1	0	1
HAMBI_0403_chrm01_circ_360522	PS_Ct_r03_2016_05_04_L001	84	0	1	0	1
HAMBI_0403_chrm01_circ_3647008	PS_Ct_r03_2016_05_04_L001	71	0	1	0	1
HAMBI_0403_chrm01_circ_3652328	PS_Ct_r03_2016_05_04_L001	77	0	1	0	1
HAMBI_0403_chrm01_circ_3734676	PS_Ct_r03_2016_05_04_L001	78	0	1	0	1
HAMBI_0403_chrm01_circ_3808590	PS_Ct_r03_2016_05_04_L001	86	0	1	0	1
HAMBI_0403_chrm01_circ_3813095	PS_Ct_r03_2016_05_04_L001	69	0	1	0	1
HAMBI_0403_chrm01_circ_3832814	PS_Ct_r03_2016_05_04_L001	72	0	1	0	1
HAMBI_0403_chrm01_circ_3885292	PS_Ct_r03_2016_05_04_L001	43	0	1	0	1
HAMBI_0403_chrm01_circ_3900399	PS_Ct_r03_2016_05_04_L001	61	0	1	0	1
HAMBI_0403_chrm01_circ_3910589	PS_Ct_r03_2016_05_04_L001	73	0	1	0	1
HAMBI_0403_chrm01_circ_3911084	PS_Ct_r03_2016_05_04_L001	69	1	1	0	1
HAMBI_0403_chrm01_circ_3993103	PS_Ct_r03_2016_05_04_L001	71	0	1	0	1
HAMBI_0403_chrm01_circ_4025643	PS_Ct_r03_2016_05_04_L001	109	0	1	0	1
HAMBI_0403_chrm01_circ_4025652	PS_Ct_r03_2016_05_04_L001	112	0	1	0	1
HAMBI_0403_chrm01_circ_4025663	PS_Ct_r03_2016_05_04_L001	124	0	1	0	1
HAMBI_0403_chrm01_circ_4025670	PS_Ct_r03_2016_05_04_L001	114	0	1	0	1
HAMBI_0403_chrm01_circ_4025677	PS_Ct_r03_2016_05_04_L001	115	0	1	0	1
HAMBI_0403_chrm01_circ_4025698	PS_Ct_r03_2016_05_04_L001	113	0	1	0	1
HAMBI_0403_chrm01_circ_4025700	PS_Ct_r03_2016_05_04_L001	117	0	1	0	1
HAMBI_0403_chrm01_circ_4040615	PS_Ct_r03_2016_05_04_L001	60	0	1	0	1
HAMBI_0403_chrm01_circ_4047471	PS_Ct_r03_2016_05_04_L001	63	0	1	0	1
HAMBI_0403_chrm01_circ_4063903	PS_Ct_r03_2016_05_04_L001	58	0	1	0	1
HAMBI_0403_chrm01_circ_4082916	PS_Ct_r03_2016_05_04_L001	89	0	1	0	1
HAMBI_0403_chrm01_circ_4098318	PS_Ct_r03_2016_05_04_L001	68	0	1	0	1
HAMBI_0403_chrm01_circ_4111761	PS_Ct_r03_2016_05_04_L001	83	0	1	0	1
HAMBI_0403_chrm01_circ_4119675	PS_Ct_r03_2016_05_04_L001	94	0	1	0	1
HAMBI_0403_chrm01_circ_4204317	PS_Ct_r03_2016_05_04_L001	86	0	1	0	1
HAMBI_0403_chrm01_circ_4211806	PS_Ct_r03_2016_05_04_L001	80	0	1	0	1
HAMBI_0403_chrm01_circ_4225781	PS_Ct_r03_2016_05_04_L001	49	0	1	0	1
HAMBI_0403_chrm01_circ_4227635	PS_Ct_r03_2016_05_04_L001	69	0	1	0	1
HAMBI_0403_chrm01_circ_4252605	PS_Ct_r03_2016_05_04_L001	56	0	1	0	1
HAMBI_0403_chrm01_circ_4295930	PS_Ct_r03_2016_05_04_L001	77	0	1	0	1
HAMBI_0403_chrm01_circ_4332767	PS_Ct_r03_2016_05_04_L001	76	0	1	0	1
HAMBI_0403_chrm01_circ_434325	PS_Ct_r03_2016_05_04_L001	72	0	1	0	1
HAMBI_0403_chrm01_circ_4367530	PS_Ct_r03_2016_05_04_L001	72	0	1	0	1
HAMBI_0403_chrm01_circ_4378839	PS_Ct_r03_2016_05_04_L001	67	0	1	0	1
HAMBI_0403_chrm01_circ_4384070	PS_Ct_r03_2016_05_04_L001	65	0	1	0	1
HAMBI_0403_chrm01_circ_440957	PS_Ct_r03_2016_05_04_L001	67	0	1	0	1
HAMBI_0403_chrm01_circ_4424328	PS_Ct_r03_2016_05_04_L001	77	0	1	0	1
HAMBI_0403_chrm01_circ_4450072	PS_Ct_r03_2016_05_04_L001	90	0	1	0	1
HAMBI_0403_chrm01_circ_4483742	PS_Ct_r03_2016_05_04_L001	72	0	1	0	1
HAMBI_0403_chrm01_circ_4537667	PS_Ct_r03_2016_05_04_L001	87	0	1	0	1
HAMBI_0403_chrm01_circ_4568561	PS_Ct_r03_2016_05_04_L001	43	0	1	0	1
HAMBI_0403_chrm01_circ_4574843	PS_Ct_r03_2016_05_04_L001	65	0	1	0	1
HAMBI_0403_chrm01_circ_4597956	PS_Ct_r03_2016_05_04_L001	51	0	1	0	1
HAMBI_0403_chrm01_circ_4629677	PS_Ct_r03_2016_05_04_L001	70	0	1	0	1
HAMBI_0403_chrm01_circ_4750362	PS_Ct_r03_2016_05_04_L001	59	0	1	0	1
HAMBI_0403_chrm01_circ_4761505	PS_Ct_r03_2016_05_04_L001	22	0	1	0	1
HAMBI_0403_chrm01_circ_4792076	PS_Ct_r03_2016_05_04_L001	56	0	1	0	1
HAMBI_0403_chrm01_circ_4807897	PS_Ct_r03_2016_05_04_L001	75	0	1	0	1
HAMBI_0403_chrm01_circ_4807942	PS_Ct_r03_2016_05_04_L001	80	0	1	0	1
HAMBI_0403_chrm01_circ_4815800	PS_Ct_r03_2016_05_04_L001	76	0	1	0	1
HAMBI_0403_chrm01_circ_4827495	PS_Ct_r03_2016_05_04_L001	72	0	1	0	1
HAMBI_0403_chrm01_circ_4829007	PS_Ct_r03_2016_05_04_L001	64	0	1	0	1
HAMBI_0403_chrm01_circ_4829050	PS_Ct_r03_2016_05_04_L001	68	0	1	0	1
HAMBI_0403_chrm01_circ_4831235	PS_Ct_r03_2016_05_04_L001	74	0	1	0	1
HAMBI_0403_chrm01_circ_4893344	PS_Ct_r03_2016_05_04_L001	70	0	1	0	1
HAMBI_0403_chrm01_circ_4947683	PS_Ct_r03_2016_05_04_L001	76	0	1	0	1
HAMBI_0403_chrm01_circ_4968639	PS_Ct_r03_2016_05_04_L001	72	0	1	0	1
HAMBI_0403_chrm01_circ_4973982	PS_Ct_r03_2016_05_04_L001	63	0	1	0	1
HAMBI_0403_chrm01_circ_4994802	PS_Ct_r03_2016_05_04_L001	69	0	1	0	1
HAMBI_0403_chrm01_circ_500037	PS_Ct_r03_2016_05_04_L001	65	0	1	0	1
HAMBI_0403_chrm01_circ_5035898	PS_Ct_r03_2016_05_04_L001	48	0	1	0	1
HAMBI_0403_chrm01_circ_5041374	PS_Ct_r03_2016_05_04_L001	82	0	1	0	1
HAMBI_0403_chrm01_circ_5060025	PS_Ct_r03_2016_05_04_L001	67	0	1	0	1
HAMBI_0403_chrm01_circ_5074286	PS_Ct_r03_2016_05_04_L001	84	0	1	0	1
HAMBI_0403_chrm01_circ_5102598	PS_Ct_r03_2016_05_04_L001	75	0	1	0	1
HAMBI_0403_chrm01_circ_5106025	PS_Ct_r03_2016_05_04_L001	64	0	1	0	1
HAMBI_0403_chrm01_circ_5130785	PS_Ct_r03_2016_05_04_L001	87	0	1	0	1
HAMBI_0403_chrm01_circ_5165364	PS_Ct_r03_2016_05_04_L001	93	4	1	0	1
HAMBI_0403_chrm01_circ_5170782	PS_Ct_r03_2016_05_04_L001	106	0	1	0	1
HAMBI_0403_chrm01_circ_5191327	PS_Ct_r03_2016_05_04_L001	63	0	1	0	1
HAMBI_0403_chrm01_circ_5198807	PS_Ct_r03_2016_05_04_L001	74	0	1	0	1
HAMBI_0403_chrm01_circ_522539	PS_Ct_r03_2016_05_04_L001	89	0	1	0	1
HAMBI_0403_chrm01_circ_5277914	PS_Ct_r03_2016_05_04_L001	55	3	1	0	1
HAMBI_0403_chrm01_circ_5317143	PS_Ct_r03_2016_05_04_L001	90	1	1	0	1
HAMBI_0403_chrm01_circ_5369259	PS_Ct_r03_2016_05_04_L001	99	0	1	0	1
HAMBI_0403_chrm01_circ_5380330	PS_Ct_r03_2016_05_04_L001	74	0	1	0	1
HAMBI_0403_chrm01_circ_5387471	PS_Ct_r03_2016_05_04_L001	59	0	1	0	1
HAMBI_0403_chrm01_circ_5407887	PS_Ct_r03_2016_05_04_L001	65	0	1	0	1
HAMBI_0403_chrm01_circ_5435929	PS_Ct_r03_2016_05_04_L001	68	0	1	0	1
HAMBI_0403_chrm01_circ_5447164	PS_Ct_r03_2016_05_04_L001	69	0	1	0	1
HAMBI_0403_chrm01_circ_5448089	PS_Ct_r03_2016_05_04_L001	75	0	1	0	1
HAMBI_0403_chrm01_circ_5454777	PS_Ct_r03_2016_05_04_L001	56	0	1	0	1
HAMBI_0403_chrm01_circ_5466654	PS_Ct_r03_2016_05_04_L001	69	0	1	0	1
HAMBI_0403_chrm01_circ_5476119	PS_Ct_r03_2016_05_04_L001	63	0	1	0	1
HAMBI_0403_chrm01_circ_5571996	PS_Ct_r03_2016_05_04_L001	65	0	1	0	1
HAMBI_0403_chrm01_circ_5605380	PS_Ct_r03_2016_05_04_L001	70	0	1	0	1
HAMBI_0403_chrm01_circ_5649091	PS_Ct_r03_2016_05_04_L001	70	0	1	0	1
HAMBI_0403_chrm01_circ_5741782	PS_Ct_r03_2016_05_04_L001	58	0	1	0	1
HAMBI_0403_chrm01_circ_575080	PS_Ct_r03_2016_05_04_L001	60	0	1	0	1
HAMBI_0403_chrm01_circ_5775702	PS_Ct_r03_2016_05_04_L001	57	0	1	0	1
HAMBI_0403_chrm01_circ_61587	PS_Ct_r03_2016_05_04_L001	72	0	1	0	1
HAMBI_0403_chrm01_circ_673240	PS_Ct_r03_2016_05_04_L001	80	0	1	0	1
HAMBI_0403_chrm01_circ_674307	PS_Ct_r03_2016_05_04_L001	63	0	1	0	1
HAMBI_0403_chrm01_circ_674960	PS_Ct_r03_2016_05_04_L001	82	0	1	0	1
HAMBI_0403_chrm01_circ_693893	PS_Ct_r03_2016_05_04_L001	72	0	1	0	1
HAMBI_0403_chrm01_circ_698904	PS_Ct_r03_2016_05_04_L001	67	0	1	0	1
HAMBI_0403_chrm01_circ_70627	PS_Ct_r03_2016_05_04_L001	71	0	1	0	1
HAMBI_0403_chrm01_circ_736327	PS_Ct_r03_2016_05_04_L001	65	0	1	0	1
HAMBI_0403_chrm01_circ_755508	PS_Ct_r03_2016_05_04_L001	59	0	1	0	1
HAMBI_0403_chrm01_circ_759084	PS_Ct_r03_2016_05_04_L001	78	0	1	0	1
HAMBI_0403_chrm01_circ_78846	PS_Ct_r03_2016_05_04_L001	84	0	1	0	1
HAMBI_0403_chrm01_circ_790661	PS_Ct_r03_2016_05_04_L001	74	0	1	0	1
HAMBI_0403_chrm01_circ_808688	PS_Ct_r03_2016_05_04_L001	82	0	1	0	1
HAMBI_0403_chrm01_circ_814505	PS_Ct_r03_2016_05_04_L001	66	0	1	0	1
HAMBI_0403_chrm01_circ_823961	PS_Ct_r03_2016_05_04_L001	72	0	1	0	1
HAMBI_0403_chrm01_circ_83834	PS_Ct_r03_2016_05_04_L001	68	0	1	0	1
HAMBI_0403_chrm01_circ_868194	PS_Ct_r03_2016_05_04_L001	52	0	1	0	1
HAMBI_0403_chrm01_circ_905331	PS_Ct_r03_2016_05_04_L001	79	0	1	0	1
HAMBI_0403_chrm01_circ_928195	PS_Ct_r03_2016_05_04_L001	82	0	1	0	1
HAMBI_0403_chrm01_circ_946980	PS_Ct_r03_2016_05_04_L001	67	0	1	0	1
HAMBI_0403_chrm01_circ_955334	PS_Ct_r03_2016_05_04_L001	73	0	1	0	1
HAMBI_0403_chrm01_circ_958358	PS_Ct_r03_2016_05_04_L001	85	2	1	0	1
HAMBI_0403_chrm01_circ_958650	PS_Ct_r03_2016_05_04_L001	80	1	1	0	1
HAMBI_0403_chrm01_circ_96390	PS_Ct_r03_2016_05_04_L001	82	0	1	0	1
HAMBI_0403_chrm01_circ_99072	PS_Ct_r03_2016_05_04_L001	71	0	1	0	1
HAMBI_0403_chrm01_circ_99696	PS_Ct_r03_2016_05_04_L001	71	0	1	0	1
HAMBI_0403_plas01_circ_13169	PS_Ct_r03_2016_05_04_L001	110	0	1	0	1
HAMBI_0403_plas01_circ_31558	PS_Ct_r03_2016_05_04_L001	115	1	1	0	1
HAMBI_0403_chrm01_circ_1046497	PS_Ct_r03_2016_05_30_L001	81	0	1	0	1
HAMBI_0403_chrm01_circ_1080893	PS_Ct_r03_2016_05_30_L001	71	0	1	0	1
HAMBI_0403_chrm01_circ_1119336	PS_Ct_r03_2016_05_30_L001	74	0	1	0	1
HAMBI_0403_chrm01_circ_1119876	PS_Ct_r03_2016_05_30_L001	77	0	1	0	1
HAMBI_0403_chrm01_circ_1132164	PS_Ct_r03_2016_05_30_L001	69	0	1	0	1
HAMBI_0403_chrm01_circ_1154877	PS_Ct_r03_2016_05_30_L001	53	0	1	0	1
HAMBI_0403_chrm01_circ_1177878	PS_Ct_r03_2016_05_30_L001	55	0	1	0	1
HAMBI_0403_chrm01_circ_1191667	PS_Ct_r03_2016_05_30_L001	61	0	1	0	1
HAMBI_0403_chrm01_circ_1246798	PS_Ct_r03_2016_05_30_L001	82	0	1	0	1
HAMBI_0403_chrm01_circ_1272527	PS_Ct_r03_2016_05_30_L001	53	0	1	0	1
HAMBI_0403_chrm01_circ_1277340	PS_Ct_r03_2016_05_30_L001	100	0	1	0	1
HAMBI_0403_chrm01_circ_1295387	PS_Ct_r03_2016_05_30_L001	90	0	1	0	1
HAMBI_0403_chrm01_circ_1350046	PS_Ct_r03_2016_05_30_L001	106	0	1	0	1
HAMBI_0403_chrm01_circ_1359617	PS_Ct_r03_2016_05_30_L001	30	0	1	0	1
HAMBI_0403_chrm01_circ_1361345	PS_Ct_r03_2016_05_30_L001	81	0	1	0	1
HAMBI_0403_chrm01_circ_1392097	PS_Ct_r03_2016_05_30_L001	1	41	1	0	1
HAMBI_0403_chrm01_circ_1427994	PS_Ct_r03_2016_05_30_L001	66	0	1	0	1
HAMBI_0403_chrm01_circ_1449135	PS_Ct_r03_2016_05_30_L001	66	0	1	0	1
HAMBI_0403_chrm01_circ_1483274	PS_Ct_r03_2016_05_30_L001	113	0	1	0	1
HAMBI_0403_chrm01_circ_1488590	PS_Ct_r03_2016_05_30_L001	96	0	1	0	1
HAMBI_0403_chrm01_circ_15131	PS_Ct_r03_2016_05_30_L001	97	0	1	0	1
HAMBI_0403_chrm01_circ_1566075	PS_Ct_r03_2016_05_30_L001	76	0	1	0	1
HAMBI_0403_chrm01_circ_1610814	PS_Ct_r03_2016_05_30_L001	86	3	1	0	1
HAMBI_0403_chrm01_circ_161831	PS_Ct_r03_2016_05_30_L001	71	0	1	0	1
HAMBI_0403_chrm01_circ_16427	PS_Ct_r03_2016_05_30_L001	90	0	1	0	1
HAMBI_0403_chrm01_circ_1649857	PS_Ct_r03_2016_05_30_L001	75	0	1	0	1
HAMBI_0403_chrm01_circ_1732518	PS_Ct_r03_2016_05_30_L001	60	0	1	0	1
HAMBI_0403_chrm01_circ_1738117	PS_Ct_r03_2016_05_30_L001	95	0	1	0	1
HAMBI_0403_chrm01_circ_1759579	PS_Ct_r03_2016_05_30_L001	76	0	1	0	1
HAMBI_0403_chrm01_circ_177120	PS_Ct_r03_2016_05_30_L001	78	0	1	0	1
HAMBI_0403_chrm01_circ_1820962	PS_Ct_r03_2016_05_30_L001	62	0	1	0	1
HAMBI_0403_chrm01_circ_1887917	PS_Ct_r03_2016_05_30_L001	80	0	1	0	1
HAMBI_0403_chrm01_circ_1930553	PS_Ct_r03_2016_05_30_L001	80	0	1	0	1
HAMBI_0403_chrm01_circ_1942108	PS_Ct_r03_2016_05_30_L001	89	0	1	0	1
HAMBI_0403_chrm01_circ_1954454	PS_Ct_r03_2016_05_30_L001	84	0	1	0	1
HAMBI_0403_chrm01_circ_1956423	PS_Ct_r03_2016_05_30_L001	90	0	1	0	1
HAMBI_0403_chrm01_circ_1975660	PS_Ct_r03_2016_05_30_L001	83	0	1	0	1
HAMBI_0403_chrm01_circ_1977057	PS_Ct_r03_2016_05_30_L001	76	0	1	0	1
HAMBI_0403_chrm01_circ_2030365	PS_Ct_r03_2016_05_30_L001	67	0	1	0	1
HAMBI_0403_chrm01_circ_203280	PS_Ct_r03_2016_05_30_L001	73	0	1	0	1
HAMBI_0403_chrm01_circ_2047425	PS_Ct_r03_2016_05_30_L001	71	0	1	0	1
HAMBI_0403_chrm01_circ_204962	PS_Ct_r03_2016_05_30_L001	97	0	1	0	1
HAMBI_0403_chrm01_circ_2107547	PS_Ct_r03_2016_05_30_L001	77	0	1	0	1
HAMBI_0403_chrm01_circ_2168329	PS_Ct_r03_2016_05_30_L001	100	0	1	0	1
HAMBI_0403_chrm01_circ_2211058	PS_Ct_r03_2016_05_30_L001	84	0	1	0	1
HAMBI_0403_chrm01_circ_2255124	PS_Ct_r03_2016_05_30_L001	69	0	1	0	1
HAMBI_0403_chrm01_circ_2326138	PS_Ct_r03_2016_05_30_L001	68	0	1	0	1
HAMBI_0403_chrm01_circ_23479	PS_Ct_r03_2016_05_30_L001	60	0	1	0	1
HAMBI_0403_chrm01_circ_2442113	PS_Ct_r03_2016_05_30_L001	78	1	1	0	1
HAMBI_0403_chrm01_circ_2515857	PS_Ct_r03_2016_05_30_L001	76	0	1	0	1
HAMBI_0403_chrm01_circ_2636197	PS_Ct_r03_2016_05_30_L001	90	0	1	0	1
HAMBI_0403_chrm01_circ_264681	PS_Ct_r03_2016_05_30_L001	84	0	1	0	1
HAMBI_0403_chrm01_circ_2648858	PS_Ct_r03_2016_05_30_L001	68	0	1	0	1
HAMBI_0403_chrm01_circ_2663531	PS_Ct_r03_2016_05_30_L001	54	0	1	0	1
HAMBI_0403_chrm01_circ_267791	PS_Ct_r03_2016_05_30_L001	75	0	1	0	1
HAMBI_0403_chrm01_circ_2688975	PS_Ct_r03_2016_05_30_L001	75	0	1	0	1
HAMBI_0403_chrm01_circ_2693322	PS_Ct_r03_2016_05_30_L001	77	0	1	0	1
HAMBI_0403_chrm01_circ_2734043	PS_Ct_r03_2016_05_30_L001	94	0	1	0	1
HAMBI_0403_chrm01_circ_2751601	PS_Ct_r03_2016_05_30_L001	77	0	1	0	1
HAMBI_0403_chrm01_circ_2752133	PS_Ct_r03_2016_05_30_L001	66	0	1	0	1
HAMBI_0403_chrm01_circ_2754629	PS_Ct_r03_2016_05_30_L001	76	0	1	0	1
HAMBI_0403_chrm01_circ_2793634	PS_Ct_r03_2016_05_30_L001	93	0	1	0	1
HAMBI_0403_chrm01_circ_281980	PS_Ct_r03_2016_05_30_L001	96	0	1	0	1
HAMBI_0403_chrm01_circ_2888794	PS_Ct_r03_2016_05_30_L001	69	0	1	0	1
HAMBI_0403_chrm01_circ_292417	PS_Ct_r03_2016_05_30_L001	92	0	1	0	1
HAMBI_0403_chrm01_circ_2926993	PS_Ct_r03_2016_05_30_L001	85	0	1	0	1
HAMBI_0403_chrm01_circ_2930190	PS_Ct_r03_2016_05_30_L001	72	0	1	0	1
HAMBI_0403_chrm01_circ_2953973	PS_Ct_r03_2016_05_30_L001	62	0	1	0	1
HAMBI_0403_chrm01_circ_2957163	PS_Ct_r03_2016_05_30_L001	64	0	1	0	1
HAMBI_0403_chrm01_circ_2970233	PS_Ct_r03_2016_05_30_L001	94	0	1	0	1
HAMBI_0403_chrm01_circ_2992565	PS_Ct_r03_2016_05_30_L001	82	0	1	0	1
HAMBI_0403_chrm01_circ_2996524	PS_Ct_r03_2016_05_30_L001	64	0	1	0	1
HAMBI_0403_chrm01_circ_3087888	PS_Ct_r03_2016_05_30_L001	78	0	1	0	1
HAMBI_0403_chrm01_circ_3109922	PS_Ct_r03_2016_05_30_L001	80	0	1	0	1
HAMBI_0403_chrm01_circ_3118967	PS_Ct_r03_2016_05_30_L001	82	0	1	0	1
HAMBI_0403_chrm01_circ_3144725	PS_Ct_r03_2016_05_30_L001	68	0	1	0	1
HAMBI_0403_chrm01_circ_3149518	PS_Ct_r03_2016_05_30_L001	63	0	1	0	1
HAMBI_0403_chrm01_circ_3154053	PS_Ct_r03_2016_05_30_L001	83	0	1	0	1
HAMBI_0403_chrm01_circ_3211528	PS_Ct_r03_2016_05_30_L001	107	0	1	0	1
HAMBI_0403_chrm01_circ_3229165	PS_Ct_r03_2016_05_30_L001	97	0	1	0	1
HAMBI_0403_chrm01_circ_3250514	PS_Ct_r03_2016_05_30_L001	70	0	1	0	1
HAMBI_0403_chrm01_circ_3276660	PS_Ct_r03_2016_05_30_L001	96	0	1	0	1
HAMBI_0403_chrm01_circ_3281194	PS_Ct_r03_2016_05_30_L001	27	0	1	0	1
HAMBI_0403_chrm01_circ_3300154	PS_Ct_r03_2016_05_30_L001	92	0	1	0	1
HAMBI_0403_chrm01_circ_3322437	PS_Ct_r03_2016_05_30_L001	72	0	1	0	1
HAMBI_0403_chrm01_circ_3322622	PS_Ct_r03_2016_05_30_L001	81	0	1	0	1
HAMBI_0403_chrm01_circ_3329629	PS_Ct_r03_2016_05_30_L001	55	0	1	0	1
HAMBI_0403_chrm01_circ_338614	PS_Ct_r03_2016_05_30_L001	82	0	1	0	1
HAMBI_0403_chrm01_circ_3393687	PS_Ct_r03_2016_05_30_L001	52	0	1	0	1
HAMBI_0403_chrm01_circ_3394128	PS_Ct_r03_2016_05_30_L001	55	0	1	0	1
HAMBI_0403_chrm01_circ_3405266	PS_Ct_r03_2016_05_30_L001	62	0	1	0	1
HAMBI_0403_chrm01_circ_340602	PS_Ct_r03_2016_05_30_L001	71	0	1	0	1
HAMBI_0403_chrm01_circ_3418753	PS_Ct_r03_2016_05_30_L001	66	0	1	0	1
HAMBI_0403_chrm01_circ_3459098	PS_Ct_r03_2016_05_30_L001	190	0	1	0	1
HAMBI_0403_chrm01_circ_3460941	PS_Ct_r03_2016_05_30_L001	175	0	1	0	1
HAMBI_0403_chrm01_circ_3461599	PS_Ct_r03_2016_05_30_L001	119	0	1	0	1
HAMBI_0403_chrm01_circ_3489004	PS_Ct_r03_2016_05_30_L001	72	0	1	0	1
HAMBI_0403_chrm01_circ_355460	PS_Ct_r03_2016_05_30_L001	77	0	1	0	1
HAMBI_0403_chrm01_circ_3555176	PS_Ct_r03_2016_05_30_L001	74	0	1	0	1
HAMBI_0403_chrm01_circ_3560450	PS_Ct_r03_2016_05_30_L001	64	0	1	0	1
HAMBI_0403_chrm01_circ_3567764	PS_Ct_r03_2016_05_30_L001	79	0	1	0	1
HAMBI_0403_chrm01_circ_3601720	PS_Ct_r03_2016_05_30_L001	64	0	1	0	1
HAMBI_0403_chrm01_circ_360522	PS_Ct_r03_2016_05_30_L001	90	0	1	0	1
HAMBI_0403_chrm01_circ_3647008	PS_Ct_r03_2016_05_30_L001	87	0	1	0	1
HAMBI_0403_chrm01_circ_3652328	PS_Ct_r03_2016_05_30_L001	94	0	1	0	1
HAMBI_0403_chrm01_circ_3734676	PS_Ct_r03_2016_05_30_L001	90	0	1	0	1
HAMBI_0403_chrm01_circ_3808590	PS_Ct_r03_2016_05_30_L001	81	0	1	0	1
HAMBI_0403_chrm01_circ_3813095	PS_Ct_r03_2016_05_30_L001	66	0	1	0	1
HAMBI_0403_chrm01_circ_3832814	PS_Ct_r03_2016_05_30_L001	74	0	1	0	1
HAMBI_0403_chrm01_circ_3885292	PS_Ct_r03_2016_05_30_L001	91	0	1	0	1
HAMBI_0403_chrm01_circ_3900399	PS_Ct_r03_2016_05_30_L001	100	0	1	0	1
HAMBI_0403_chrm01_circ_3910589	PS_Ct_r03_2016_05_30_L001	90	2	1	0	1
HAMBI_0403_chrm01_circ_3911084	PS_Ct_r03_2016_05_30_L001	69	7	1	0	1
HAMBI_0403_chrm01_circ_3993103	PS_Ct_r03_2016_05_30_L001	65	0	1	0	1
HAMBI_0403_chrm01_circ_4025643	PS_Ct_r03_2016_05_30_L001	73	0	1	0	1
HAMBI_0403_chrm01_circ_4025652	PS_Ct_r03_2016_05_30_L001	78	0	1	0	1
HAMBI_0403_chrm01_circ_4025663	PS_Ct_r03_2016_05_30_L001	87	0	1	0	1
HAMBI_0403_chrm01_circ_4025670	PS_Ct_r03_2016_05_30_L001	86	0	1	0	1
HAMBI_0403_chrm01_circ_4025677	PS_Ct_r03_2016_05_30_L001	80	0	1	0	1
HAMBI_0403_chrm01_circ_4025698	PS_Ct_r03_2016_05_30_L001	82	0	1	0	1
HAMBI_0403_chrm01_circ_4025700	PS_Ct_r03_2016_05_30_L001	88	0	1	0	1
HAMBI_0403_chrm01_circ_4040615	PS_Ct_r03_2016_05_30_L001	103	0	1	0	1
HAMBI_0403_chrm01_circ_4047471	PS_Ct_r03_2016_05_30_L001	75	0	1	0	1
HAMBI_0403_chrm01_circ_4063903	PS_Ct_r03_2016_05_30_L001	68	0	1	0	1
HAMBI_0403_chrm01_circ_4082916	PS_Ct_r03_2016_05_30_L001	64	0	1	0	1
HAMBI_0403_chrm01_circ_4098318	PS_Ct_r03_2016_05_30_L001	84	0	1	0	1
HAMBI_0403_chrm01_circ_4111761	PS_Ct_r03_2016_05_30_L001	96	0	1	0	1
HAMBI_0403_chrm01_circ_4119675	PS_Ct_r03_2016_05_30_L001	105	0	1	0	1
HAMBI_0403_chrm01_circ_4204317	PS_Ct_r03_2016_05_30_L001	83	0	1	0	1
HAMBI_0403_chrm01_circ_4211806	PS_Ct_r03_2016_05_30_L001	98	0	1	0	1
HAMBI_0403_chrm01_circ_4225781	PS_Ct_r03_2016_05_30_L001	85	0	1	0	1
HAMBI_0403_chrm01_circ_4227635	PS_Ct_r03_2016_05_30_L001	96	0	1	0	1
HAMBI_0403_chrm01_circ_4252605	PS_Ct_r03_2016_05_30_L001	82	0	1	0	1
HAMBI_0403_chrm01_circ_4295930	PS_Ct_r03_2016_05_30_L001	87	0	1	0	1
HAMBI_0403_chrm01_circ_4332767	PS_Ct_r03_2016_05_30_L001	75	0	1	0	1
HAMBI_0403_chrm01_circ_434325	PS_Ct_r03_2016_05_30_L001	72	0	1	0	1
HAMBI_0403_chrm01_circ_4367530	PS_Ct_r03_2016_05_30_L001	98	0	1	0	1
HAMBI_0403_chrm01_circ_4378839	PS_Ct_r03_2016_05_30_L001	59	0	1	0	1
HAMBI_0403_chrm01_circ_4384070	PS_Ct_r03_2016_05_30_L001	66	0	1	0	1
HAMBI_0403_chrm01_circ_440957	PS_Ct_r03_2016_05_30_L001	75	0	1	0	1
HAMBI_0403_chrm01_circ_4424328	PS_Ct_r03_2016_05_30_L001	66	0	1	0	1
HAMBI_0403_chrm01_circ_4450072	PS_Ct_r03_2016_05_30_L001	83	0	1	0	1
HAMBI_0403_chrm01_circ_4483742	PS_Ct_r03_2016_05_30_L001	81	0	1	0	1
HAMBI_0403_chrm01_circ_4537667	PS_Ct_r03_2016_05_30_L001	66	0	1	0	1
HAMBI_0403_chrm01_circ_4568561	PS_Ct_r03_2016_05_30_L001	55	0	1	0	1
HAMBI_0403_chrm01_circ_4574843	PS_Ct_r03_2016_05_30_L001	92	0	1	0	1
HAMBI_0403_chrm01_circ_4597956	PS_Ct_r03_2016_05_30_L001	101	0	1	0	1
HAMBI_0403_chrm01_circ_4629677	PS_Ct_r03_2016_05_30_L001	85	0	1	0	1
HAMBI_0403_chrm01_circ_4750362	PS_Ct_r03_2016_05_30_L001	63	0	1	0	1
HAMBI_0403_chrm01_circ_4761505	PS_Ct_r03_2016_05_30_L001	13	0	1	0	1
HAMBI_0403_chrm01_circ_4792076	PS_Ct_r03_2016_05_30_L001	93	0	1	0	1
HAMBI_0403_chrm01_circ_4807897	PS_Ct_r03_2016_05_30_L001	87	0	1	0	1
HAMBI_0403_chrm01_circ_4807942	PS_Ct_r03_2016_05_30_L001	93	0	1	0	1
HAMBI_0403_chrm01_circ_4815800	PS_Ct_r03_2016_05_30_L001	82	0	1	0	1
HAMBI_0403_chrm01_circ_4827495	PS_Ct_r03_2016_05_30_L001	72	0	1	0	1
HAMBI_0403_chrm01_circ_4829007	PS_Ct_r03_2016_05_30_L001	64	0	1	0	1
HAMBI_0403_chrm01_circ_4829050	PS_Ct_r03_2016_05_30_L001	79	0	1	0	1
HAMBI_0403_chrm01_circ_4831235	PS_Ct_r03_2016_05_30_L001	136	0	1	0	1
HAMBI_0403_chrm01_circ_4893344	PS_Ct_r03_2016_05_30_L001	69	0	1	0	1
HAMBI_0403_chrm01_circ_4947683	PS_Ct_r03_2016_05_30_L001	82	0	1	0	1
HAMBI_0403_chrm01_circ_4968639	PS_Ct_r03_2016_05_30_L001	78	0	1	0	1
HAMBI_0403_chrm01_circ_4973982	PS_Ct_r03_2016_05_30_L001	75	0	1	0	1
HAMBI_0403_chrm01_circ_4994802	PS_Ct_r03_2016_05_30_L001	73	0	1	0	1
HAMBI_0403_chrm01_circ_500037	PS_Ct_r03_2016_05_30_L001	72	0	1	0	1
HAMBI_0403_chrm01_circ_5035898	PS_Ct_r03_2016_05_30_L001	78	0	1	0	1
HAMBI_0403_chrm01_circ_5041374	PS_Ct_r03_2016_05_30_L001	81	0	1	0	1
HAMBI_0403_chrm01_circ_5060025	PS_Ct_r03_2016_05_30_L001	89	0	1	0	1
HAMBI_0403_chrm01_circ_5074286	PS_Ct_r03_2016_05_30_L001	91	0	1	0	1
HAMBI_0403_chrm01_circ_5102598	PS_Ct_r03_2016_05_30_L001	76	0	1	0	1
HAMBI_0403_chrm01_circ_5106025	PS_Ct_r03_2016_05_30_L001	58	0	1	0	1
HAMBI_0403_chrm01_circ_5130785	PS_Ct_r03_2016_05_30_L001	99	1	1	0	1
HAMBI_0403_chrm01_circ_5165364	PS_Ct_r03_2016_05_30_L001	71	0	1	0	1
HAMBI_0403_chrm01_circ_5170782	PS_Ct_r03_2016_05_30_L001	85	0	1	0	1
HAMBI_0403_chrm01_circ_5191327	PS_Ct_r03_2016_05_30_L001	88	0	1	0	1
HAMBI_0403_chrm01_circ_5198807	PS_Ct_r03_2016_05_30_L001	84	0	1	0	1
HAMBI_0403_chrm01_circ_522539	PS_Ct_r03_2016_05_30_L001	91	0	1	0	1
HAMBI_0403_chrm01_circ_5277914	PS_Ct_r03_2016_05_30_L001	79	4	1	0	1
HAMBI_0403_chrm01_circ_5317143	PS_Ct_r03_2016_05_30_L001	93	0	1	0	1
HAMBI_0403_chrm01_circ_5369259	PS_Ct_r03_2016_05_30_L001	91	0	1	0	1
HAMBI_0403_chrm01_circ_5380330	PS_Ct_r03_2016_05_30_L001	101	0	1	0	1
HAMBI_0403_chrm01_circ_5387471	PS_Ct_r03_2016_05_30_L001	105	0	1	0	1
HAMBI_0403_chrm01_circ_5407887	PS_Ct_r03_2016_05_30_L001	92	0	1	0	1
HAMBI_0403_chrm01_circ_5435929	PS_Ct_r03_2016_05_30_L001	80	0	1	0	1
HAMBI_0403_chrm01_circ_5447164	PS_Ct_r03_2016_05_30_L001	92	0	1	0	1
HAMBI_0403_chrm01_circ_5448089	PS_Ct_r03_2016_05_30_L001	120	0	1	0	1
HAMBI_0403_chrm01_circ_5454777	PS_Ct_r03_2016_05_30_L001	83	0	1	0	1
HAMBI_0403_chrm01_circ_5466654	PS_Ct_r03_2016_05_30_L001	62	0	1	0	1
HAMBI_0403_chrm01_circ_5476119	PS_Ct_r03_2016_05_30_L001	86	0	1	0	1
HAMBI_0403_chrm01_circ_5571996	PS_Ct_r03_2016_05_30_L001	106	0	1	0	1
HAMBI_0403_chrm01_circ_5605380	PS_Ct_r03_2016_05_30_L001	66	0	1	0	1
HAMBI_0403_chrm01_circ_5649091	PS_Ct_r03_2016_05_30_L001	75	0	1	0	1
HAMBI_0403_chrm01_circ_5741782	PS_Ct_r03_2016_05_30_L001	65	0	1	0	1
HAMBI_0403_chrm01_circ_575080	PS_Ct_r03_2016_05_30_L001	93	0	1	0	1
HAMBI_0403_chrm01_circ_5775702	PS_Ct_r03_2016_05_30_L001	72	0	1	0	1
HAMBI_0403_chrm01_circ_61587	PS_Ct_r03_2016_05_30_L001	63	0	1	0	1
HAMBI_0403_chrm01_circ_673240	PS_Ct_r03_2016_05_30_L001	101	0	1	0	1
HAMBI_0403_chrm01_circ_674307	PS_Ct_r03_2016_05_30_L001	92	0	1	0	1
HAMBI_0403_chrm01_circ_674960	PS_Ct_r03_2016_05_30_L001	74	0	1	0	1
HAMBI_0403_chrm01_circ_693893	PS_Ct_r03_2016_05_30_L001	100	0	1	0	1
HAMBI_0403_chrm01_circ_698904	PS_Ct_r03_2016_05_30_L001	84	0	1	0	1
HAMBI_0403_chrm01_circ_70627	PS_Ct_r03_2016_05_30_L001	95	0	1	0	1
HAMBI_0403_chrm01_circ_736327	PS_Ct_r03_2016_05_30_L001	77	0	1	0	1
HAMBI_0403_chrm01_circ_755508	PS_Ct_r03_2016_05_30_L001	91	0	1	0	1
HAMBI_0403_chrm01_circ_759084	PS_Ct_r03_2016_05_30_L001	72	0	1	0	1
HAMBI_0403_chrm01_circ_78846	PS_Ct_r03_2016_05_30_L001	104	0	1	0	1
HAMBI_0403_chrm01_circ_790661	PS_Ct_r03_2016_05_30_L001	78	0	1	0	1
HAMBI_0403_chrm01_circ_808688	PS_Ct_r03_2016_05_30_L001	81	0	1	0	1
HAMBI_0403_chrm01_circ_814505	PS_Ct_r03_2016_05_30_L001	75	0	1	0	1
HAMBI_0403_chrm01_circ_823961	PS_Ct_r03_2016_05_30_L001	73	0	1	0	1
HAMBI_0403_chrm01_circ_83834	PS_Ct_r03_2016_05_30_L001	59	0	1	0	1
HAMBI_0403_chrm01_circ_868194	PS_Ct_r03_2016_05_30_L001	74	0	1	0	1
HAMBI_0403_chrm01_circ_905331	PS_Ct_r03_2016_05_30_L001	84	0	1	0	1
HAMBI_0403_chrm01_circ_928195	PS_Ct_r03_2016_05_30_L001	96	0	1	0	1
HAMBI_0403_chrm01_circ_946980	PS_Ct_r03_2016_05_30_L001	78	0	1	0	1
HAMBI_0403_chrm01_circ_955334	PS_Ct_r03_2016_05_30_L001	86	0	1	0	1
HAMBI_0403_chrm01_circ_958358	PS_Ct_r03_2016_05_30_L001	86	0	1	0	1
HAMBI_0403_chrm01_circ_958650	PS_Ct_r03_2016_05_30_L001	88	0	1	0	1
HAMBI_0403_chrm01_circ_96390	PS_Ct_r03_2016_05_30_L001	95	0	1	0	1
HAMBI_0403_chrm01_circ_99072	PS_Ct_r03_2016_05_30_L001	67	0	1	0	1
HAMBI_0403_chrm01_circ_99696	PS_Ct_r03_2016_05_30_L001	75	0	1	0	1
HAMBI_0403_plas01_circ_13169	PS_Ct_r03_2016_05_30_L001	163	1	1	0	1
HAMBI_0403_plas01_circ_31558	PS_Ct_r03_2016_05_30_L001	152	0	1	0	1
HAMBI_0403_chrm01_circ_1046497	PS_Ct_r03_2016_07_25_L003	44	0	1	0	1
HAMBI_0403_chrm01_circ_1080893	PS_Ct_r03_2016_07_25_L003	54	0	1	0	1
HAMBI_0403_chrm01_circ_1119336	PS_Ct_r03_2016_07_25_L003	43	0	1	0	1
HAMBI_0403_chrm01_circ_1119876	PS_Ct_r03_2016_07_25_L003	49	0	1	0	1
HAMBI_0403_chrm01_circ_1132164	PS_Ct_r03_2016_07_25_L003	36	0	1	0	1
HAMBI_0403_chrm01_circ_1154877	PS_Ct_r03_2016_07_25_L003	34	0	1	0	1
HAMBI_0403_chrm01_circ_1177878	PS_Ct_r03_2016_07_25_L003	39	0	1	0	1
HAMBI_0403_chrm01_circ_1191667	PS_Ct_r03_2016_07_25_L003	54	0	1	0	1
HAMBI_0403_chrm01_circ_1246798	PS_Ct_r03_2016_07_25_L003	50	0	1	0	1
HAMBI_0403_chrm01_circ_1272527	PS_Ct_r03_2016_07_25_L003	28	0	1	0	1
HAMBI_0403_chrm01_circ_1277340	PS_Ct_r03_2016_07_25_L003	73	0	1	0	1
HAMBI_0403_chrm01_circ_1295387	PS_Ct_r03_2016_07_25_L003	59	0	1	0	1
HAMBI_0403_chrm01_circ_1350046	PS_Ct_r03_2016_07_25_L003	83	0	1	0	1
HAMBI_0403_chrm01_circ_1359617	PS_Ct_r03_2016_07_25_L003	16	0	1	0	1
HAMBI_0403_chrm01_circ_1361345	PS_Ct_r03_2016_07_25_L003	53	0	1	0	1
HAMBI_0403_chrm01_circ_1392097	PS_Ct_r03_2016_07_25_L003	0	24	1	0	1
HAMBI_0403_chrm01_circ_1427994	PS_Ct_r03_2016_07_25_L003	44	0	1	0	1
HAMBI_0403_chrm01_circ_1449135	PS_Ct_r03_2016_07_25_L003	44	0	1	0	1
HAMBI_0403_chrm01_circ_1483274	PS_Ct_r03_2016_07_25_L003	80	0	1	0	1
HAMBI_0403_chrm01_circ_1488590	PS_Ct_r03_2016_07_25_L003	59	0	1	0	1
HAMBI_0403_chrm01_circ_15131	PS_Ct_r03_2016_07_25_L003	72	0	1	0	1
HAMBI_0403_chrm01_circ_1566075	PS_Ct_r03_2016_07_25_L003	40	0	1	0	1
HAMBI_0403_chrm01_circ_1610814	PS_Ct_r03_2016_07_25_L003	68	0	1	0	1
HAMBI_0403_chrm01_circ_161831	PS_Ct_r03_2016_07_25_L003	42	0	1	0	1
HAMBI_0403_chrm01_circ_16427	PS_Ct_r03_2016_07_25_L003	60	0	1	0	1
HAMBI_0403_chrm01_circ_1649857	PS_Ct_r03_2016_07_25_L003	53	0	1	0	1
HAMBI_0403_chrm01_circ_1732518	PS_Ct_r03_2016_07_25_L003	41	0	1	0	1
HAMBI_0403_chrm01_circ_1738117	PS_Ct_r03_2016_07_25_L003	65	0	1	0	1
HAMBI_0403_chrm01_circ_1759579	PS_Ct_r03_2016_07_25_L003	56	0	1	0	1
HAMBI_0403_chrm01_circ_177120	PS_Ct_r03_2016_07_25_L003	44	0	1	0	1
HAMBI_0403_chrm01_circ_1820962	PS_Ct_r03_2016_07_25_L003	40	0	1	0	1
HAMBI_0403_chrm01_circ_1887917	PS_Ct_r03_2016_07_25_L003	57	0	1	0	1
HAMBI_0403_chrm01_circ_1930553	PS_Ct_r03_2016_07_25_L003	58	0	1	0	1
HAMBI_0403_chrm01_circ_1942108	PS_Ct_r03_2016_07_25_L003	62	0	1	0	1
HAMBI_0403_chrm01_circ_1954454	PS_Ct_r03_2016_07_25_L003	60	0	1	0	1
HAMBI_0403_chrm01_circ_1956423	PS_Ct_r03_2016_07_25_L003	52	0	1	0	1
HAMBI_0403_chrm01_circ_1975660	PS_Ct_r03_2016_07_25_L003	75	0	1	0	1
HAMBI_0403_chrm01_circ_1977057	PS_Ct_r03_2016_07_25_L003	50	0	1	0	1
HAMBI_0403_chrm01_circ_2030365	PS_Ct_r03_2016_07_25_L003	56	0	1	0	1
HAMBI_0403_chrm01_circ_203280	PS_Ct_r03_2016_07_25_L003	61	0	1	0	1
HAMBI_0403_chrm01_circ_2047425	PS_Ct_r03_2016_07_25_L003	55	0	1	0	1
HAMBI_0403_chrm01_circ_204962	PS_Ct_r03_2016_07_25_L003	60	0	1	0	1
HAMBI_0403_chrm01_circ_2107547	PS_Ct_r03_2016_07_25_L003	51	0	1	0	1
HAMBI_0403_chrm01_circ_2168329	PS_Ct_r03_2016_07_25_L003	51	0	1	0	1
HAMBI_0403_chrm01_circ_2211058	PS_Ct_r03_2016_07_25_L003	54	1	1	0	1
HAMBI_0403_chrm01_circ_2255124	PS_Ct_r03_2016_07_25_L003	60	0	1	0	1
HAMBI_0403_chrm01_circ_2326138	PS_Ct_r03_2016_07_25_L003	51	0	1	0	1
HAMBI_0403_chrm01_circ_23479	PS_Ct_r03_2016_07_25_L003	44	0	1	0	1
HAMBI_0403_chrm01_circ_2442113	PS_Ct_r03_2016_07_25_L003	28	0	1	0	1
HAMBI_0403_chrm01_circ_2515857	PS_Ct_r03_2016_07_25_L003	48	0	1	0	1
HAMBI_0403_chrm01_circ_2636197	PS_Ct_r03_2016_07_25_L003	51	0	1	0	1
HAMBI_0403_chrm01_circ_264681	PS_Ct_r03_2016_07_25_L003	46	0	1	0	1
HAMBI_0403_chrm01_circ_2648858	PS_Ct_r03_2016_07_25_L003	42	0	1	0	1
HAMBI_0403_chrm01_circ_2663531	PS_Ct_r03_2016_07_25_L003	42	0	1	0	1
HAMBI_0403_chrm01_circ_267791	PS_Ct_r03_2016_07_25_L003	54	0	1	0	1
HAMBI_0403_chrm01_circ_2688975	PS_Ct_r03_2016_07_25_L003	45	0	1	0	1
HAMBI_0403_chrm01_circ_2693322	PS_Ct_r03_2016_07_25_L003	53	0	1	0	1
HAMBI_0403_chrm01_circ_2734043	PS_Ct_r03_2016_07_25_L003	46	0	1	0	1
HAMBI_0403_chrm01_circ_2751601	PS_Ct_r03_2016_07_25_L003	42	0	1	0	1
HAMBI_0403_chrm01_circ_2752133	PS_Ct_r03_2016_07_25_L003	25	0	1	0	1
HAMBI_0403_chrm01_circ_2754629	PS_Ct_r03_2016_07_25_L003	42	0	1	0	1
HAMBI_0403_chrm01_circ_2793634	PS_Ct_r03_2016_07_25_L003	57	0	1	0	1
HAMBI_0403_chrm01_circ_281980	PS_Ct_r03_2016_07_25_L003	65	0	1	0	1
HAMBI_0403_chrm01_circ_2888794	PS_Ct_r03_2016_07_25_L003	67	0	1	0	1
HAMBI_0403_chrm01_circ_292417	PS_Ct_r03_2016_07_25_L003	45	0	1	0	1
HAMBI_0403_chrm01_circ_2926993	PS_Ct_r03_2016_07_25_L003	57	0	1	0	1
HAMBI_0403_chrm01_circ_2930190	PS_Ct_r03_2016_07_25_L003	38	0	1	0	1
HAMBI_0403_chrm01_circ_2953973	PS_Ct_r03_2016_07_25_L003	28	0	1	0	1
HAMBI_0403_chrm01_circ_2957163	PS_Ct_r03_2016_07_25_L003	38	0	1	0	1
HAMBI_0403_chrm01_circ_2970233	PS_Ct_r03_2016_07_25_L003	40	0	1	0	1
HAMBI_0403_chrm01_circ_2992565	PS_Ct_r03_2016_07_25_L003	52	0	1	0	1
HAMBI_0403_chrm01_circ_2996524	PS_Ct_r03_2016_07_25_L003	53	0	1	0	1
HAMBI_0403_chrm01_circ_3087888	PS_Ct_r03_2016_07_25_L003	49	0	1	0	1
HAMBI_0403_chrm01_circ_3109922	PS_Ct_r03_2016_07_25_L003	57	0	1	0	1
HAMBI_0403_chrm01_circ_3118967	PS_Ct_r03_2016_07_25_L003	45	0	1	0	1
HAMBI_0403_chrm01_circ_3144725	PS_Ct_r03_2016_07_25_L003	37	0	1	0	1
HAMBI_0403_chrm01_circ_3149518	PS_Ct_r03_2016_07_25_L003	51	0	1	0	1
HAMBI_0403_chrm01_circ_3154053	PS_Ct_r03_2016_07_25_L003	51	0	1	0	1
HAMBI_0403_chrm01_circ_3211528	PS_Ct_r03_2016_07_25_L003	56	0	1	0	1
HAMBI_0403_chrm01_circ_3229165	PS_Ct_r03_2016_07_25_L003	59	0	1	0	1
HAMBI_0403_chrm01_circ_3250514	PS_Ct_r03_2016_07_25_L003	46	0	1	0	1
HAMBI_0403_chrm01_circ_3276660	PS_Ct_r03_2016_07_25_L003	73	0	1	0	1
HAMBI_0403_chrm01_circ_3281194	PS_Ct_r03_2016_07_25_L003	33	0	1	0	1
HAMBI_0403_chrm01_circ_3300154	PS_Ct_r03_2016_07_25_L003	44	0	1	0	1
HAMBI_0403_chrm01_circ_3322437	PS_Ct_r03_2016_07_25_L003	60	0	1	0	1
HAMBI_0403_chrm01_circ_3322622	PS_Ct_r03_2016_07_25_L003	50	0	1	0	1
HAMBI_0403_chrm01_circ_3329629	PS_Ct_r03_2016_07_25_L003	42	0	1	0	1
HAMBI_0403_chrm01_circ_338614	PS_Ct_r03_2016_07_25_L003	65	0	1	0	1
HAMBI_0403_chrm01_circ_3393687	PS_Ct_r03_2016_07_25_L003	32	0	1	0	1
HAMBI_0403_chrm01_circ_3394128	PS_Ct_r03_2016_07_25_L003	40	0	1	0	1
HAMBI_0403_chrm01_circ_3405266	PS_Ct_r03_2016_07_25_L003	40	0	1	0	1
HAMBI_0403_chrm01_circ_340602	PS_Ct_r03_2016_07_25_L003	44	0	1	0	1
HAMBI_0403_chrm01_circ_3418753	PS_Ct_r03_2016_07_25_L003	36	0	1	0	1
HAMBI_0403_chrm01_circ_3459098	PS_Ct_r03_2016_07_25_L003	134	0	1	0	1
HAMBI_0403_chrm01_circ_3460941	PS_Ct_r03_2016_07_25_L003	114	0	1	0	1
HAMBI_0403_chrm01_circ_3461599	PS_Ct_r03_2016_07_25_L003	101	0	1	0	1
HAMBI_0403_chrm01_circ_3489004	PS_Ct_r03_2016_07_25_L003	52	0	1	0	1
HAMBI_0403_chrm01_circ_355460	PS_Ct_r03_2016_07_25_L003	46	0	1	0	1
HAMBI_0403_chrm01_circ_3555176	PS_Ct_r03_2016_07_25_L003	46	0	1	0	1
HAMBI_0403_chrm01_circ_3560450	PS_Ct_r03_2016_07_25_L003	36	0	1	0	1
HAMBI_0403_chrm01_circ_3567764	PS_Ct_r03_2016_07_25_L003	52	0	1	0	1
HAMBI_0403_chrm01_circ_3601720	PS_Ct_r03_2016_07_25_L003	38	0	1	0	1
HAMBI_0403_chrm01_circ_360522	PS_Ct_r03_2016_07_25_L003	51	0	1	0	1
HAMBI_0403_chrm01_circ_3647008	PS_Ct_r03_2016_07_25_L003	46	0	1	0	1
HAMBI_0403_chrm01_circ_3652328	PS_Ct_r03_2016_07_25_L003	80	0	1	0	1
HAMBI_0403_chrm01_circ_3734676	PS_Ct_r03_2016_07_25_L003	62	0	1	0	1
HAMBI_0403_chrm01_circ_3808590	PS_Ct_r03_2016_07_25_L003	59	0	1	0	1
HAMBI_0403_chrm01_circ_3813095	PS_Ct_r03_2016_07_25_L003	37	0	1	0	1
HAMBI_0403_chrm01_circ_3832814	PS_Ct_r03_2016_07_25_L003	63	0	1	0	1
HAMBI_0403_chrm01_circ_3885292	PS_Ct_r03_2016_07_25_L003	74	0	1	0	1
HAMBI_0403_chrm01_circ_3900399	PS_Ct_r03_2016_07_25_L003	65	0	1	0	1
HAMBI_0403_chrm01_circ_3910589	PS_Ct_r03_2016_07_25_L003	27	22	1	0	1
HAMBI_0403_chrm01_circ_3911084	PS_Ct_r03_2016_07_25_L003	49	27	1	0	1
HAMBI_0403_chrm01_circ_3993103	PS_Ct_r03_2016_07_25_L003	53	0	1	0	1
HAMBI_0403_chrm01_circ_4025643	PS_Ct_r03_2016_07_25_L003	60	0	1	0	1
HAMBI_0403_chrm01_circ_4025652	PS_Ct_r03_2016_07_25_L003	62	0	1	0	1
HAMBI_0403_chrm01_circ_4025663	PS_Ct_r03_2016_07_25_L003	65	0	1	0	1
HAMBI_0403_chrm01_circ_4025670	PS_Ct_r03_2016_07_25_L003	62	0	1	0	1
HAMBI_0403_chrm01_circ_4025677	PS_Ct_r03_2016_07_25_L003	60	0	1	0	1
HAMBI_0403_chrm01_circ_4025698	PS_Ct_r03_2016_07_25_L003	61	0	1	0	1
HAMBI_0403_chrm01_circ_4025700	PS_Ct_r03_2016_07_25_L003	62	0	1	0	1
HAMBI_0403_chrm01_circ_4040615	PS_Ct_r03_2016_07_25_L003	50	0	1	0	1
HAMBI_0403_chrm01_circ_4047471	PS_Ct_r03_2016_07_25_L003	41	0	1	0	1
HAMBI_0403_chrm01_circ_4063903	PS_Ct_r03_2016_07_25_L003	38	0	1	0	1
HAMBI_0403_chrm01_circ_4082916	PS_Ct_r03_2016_07_25_L003	35	0	1	0	1
HAMBI_0403_chrm01_circ_4098318	PS_Ct_r03_2016_07_25_L003	49	0	1	0	1
HAMBI_0403_chrm01_circ_4111761	PS_Ct_r03_2016_07_25_L003	67	0	1	0	1
HAMBI_0403_chrm01_circ_4119675	PS_Ct_r03_2016_07_25_L003	61	0	1	0	1
HAMBI_0403_chrm01_circ_4204317	PS_Ct_r03_2016_07_25_L003	28	0	1	0	1
HAMBI_0403_chrm01_circ_4211806	PS_Ct_r03_2016_07_25_L003	66	0	1	0	1
HAMBI_0403_chrm01_circ_4225781	PS_Ct_r03_2016_07_25_L003	49	0	1	0	1
HAMBI_0403_chrm01_circ_4227635	PS_Ct_r03_2016_07_25_L003	47	0	1	0	1
HAMBI_0403_chrm01_circ_4252605	PS_Ct_r03_2016_07_25_L003	56	0	1	0	1
HAMBI_0403_chrm01_circ_4295930	PS_Ct_r03_2016_07_25_L003	58	0	1	0	1
HAMBI_0403_chrm01_circ_4332767	PS_Ct_r03_2016_07_25_L003	43	0	1	0	1
HAMBI_0403_chrm01_circ_434325	PS_Ct_r03_2016_07_25_L003	52	0	1	0	1
HAMBI_0403_chrm01_circ_4367530	PS_Ct_r03_2016_07_25_L003	57	0	1	0	1
HAMBI_0403_chrm01_circ_4378839	PS_Ct_r03_2016_07_25_L003	23	0	1	0	1
HAMBI_0403_chrm01_circ_4384070	PS_Ct_r03_2016_07_25_L003	44	0	1	0	1
HAMBI_0403_chrm01_circ_440957	PS_Ct_r03_2016_07_25_L003	63	0	1	0	1
HAMBI_0403_chrm01_circ_4424328	PS_Ct_r03_2016_07_25_L003	40	0	1	0	1
HAMBI_0403_chrm01_circ_4450072	PS_Ct_r03_2016_07_25_L003	47	0	1	0	1
HAMBI_0403_chrm01_circ_4483742	PS_Ct_r03_2016_07_25_L003	62	0	1	0	1
HAMBI_0403_chrm01_circ_4537667	PS_Ct_r03_2016_07_25_L003	45	0	1	0	1
HAMBI_0403_chrm01_circ_4568561	PS_Ct_r03_2016_07_25_L003	39	0	1	0	1
HAMBI_0403_chrm01_circ_4574843	PS_Ct_r03_2016_07_25_L003	46	0	1	0	1
HAMBI_0403_chrm01_circ_4597956	PS_Ct_r03_2016_07_25_L003	48	0	1	0	1
HAMBI_0403_chrm01_circ_4629677	PS_Ct_r03_2016_07_25_L003	45	1	1	0	1
HAMBI_0403_chrm01_circ_4750362	PS_Ct_r03_2016_07_25_L003	59	0	1	0	1
HAMBI_0403_chrm01_circ_4761505	PS_Ct_r03_2016_07_25_L003	14	0	1	0	1
HAMBI_0403_chrm01_circ_4792076	PS_Ct_r03_2016_07_25_L003	50	0	1	0	1
HAMBI_0403_chrm01_circ_4807897	PS_Ct_r03_2016_07_25_L003	71	0	1	0	1
HAMBI_0403_chrm01_circ_4807942	PS_Ct_r03_2016_07_25_L003	63	0	1	0	1
HAMBI_0403_chrm01_circ_4815800	PS_Ct_r03_2016_07_25_L003	58	0	1	0	1
HAMBI_0403_chrm01_circ_4827495	PS_Ct_r03_2016_07_25_L003	44	0	1	0	1
HAMBI_0403_chrm01_circ_4829007	PS_Ct_r03_2016_07_25_L003	70	0	1	0	1
HAMBI_0403_chrm01_circ_4829050	PS_Ct_r03_2016_07_25_L003	79	0	1	0	1
HAMBI_0403_chrm01_circ_4831235	PS_Ct_r03_2016_07_25_L003	86	0	1	0	1
HAMBI_0403_chrm01_circ_4893344	PS_Ct_r03_2016_07_25_L003	52	0	1	0	1
HAMBI_0403_chrm01_circ_4947683	PS_Ct_r03_2016_07_25_L003	61	1	1	0	1
HAMBI_0403_chrm01_circ_4968639	PS_Ct_r03_2016_07_25_L003	50	0	1	0	1
HAMBI_0403_chrm01_circ_4973982	PS_Ct_r03_2016_07_25_L003	53	0	1	0	1
HAMBI_0403_chrm01_circ_4994802	PS_Ct_r03_2016_07_25_L003	38	0	1	0	1
HAMBI_0403_chrm01_circ_500037	PS_Ct_r03_2016_07_25_L003	71	0	1	0	1
HAMBI_0403_chrm01_circ_5035898	PS_Ct_r03_2016_07_25_L003	38	0	1	0	1
HAMBI_0403_chrm01_circ_5041374	PS_Ct_r03_2016_07_25_L003	66	0	1	0	1
HAMBI_0403_chrm01_circ_5060025	PS_Ct_r03_2016_07_25_L003	44	0	1	0	1
HAMBI_0403_chrm01_circ_5074286	PS_Ct_r03_2016_07_25_L003	56	0	1	0	1
HAMBI_0403_chrm01_circ_5102598	PS_Ct_r03_2016_07_25_L003	36	0	1	0	1
HAMBI_0403_chrm01_circ_5106025	PS_Ct_r03_2016_07_25_L003	45	0	1	0	1
HAMBI_0403_chrm01_circ_5130785	PS_Ct_r03_2016_07_25_L003	71	0	1	0	1
HAMBI_0403_chrm01_circ_5165364	PS_Ct_r03_2016_07_25_L003	52	0	1	0	1
HAMBI_0403_chrm01_circ_5170782	PS_Ct_r03_2016_07_25_L003	65	0	1	0	1
HAMBI_0403_chrm01_circ_5191327	PS_Ct_r03_2016_07_25_L003	57	0	1	0	1
HAMBI_0403_chrm01_circ_5198807	PS_Ct_r03_2016_07_25_L003	54	0	1	0	1
HAMBI_0403_chrm01_circ_522539	PS_Ct_r03_2016_07_25_L003	51	0	1	0	1
HAMBI_0403_chrm01_circ_5277914	PS_Ct_r03_2016_07_25_L003	48	1	1	0	1
HAMBI_0403_chrm01_circ_5317143	PS_Ct_r03_2016_07_25_L003	45	1	1	0	1
HAMBI_0403_chrm01_circ_5369259	PS_Ct_r03_2016_07_25_L003	83	0	1	0	1
HAMBI_0403_chrm01_circ_5380330	PS_Ct_r03_2016_07_25_L003	79	0	1	0	1
HAMBI_0403_chrm01_circ_5387471	PS_Ct_r03_2016_07_25_L003	51	0	1	0	1
HAMBI_0403_chrm01_circ_5407887	PS_Ct_r03_2016_07_25_L003	75	0	1	0	1
HAMBI_0403_chrm01_circ_5435929	PS_Ct_r03_2016_07_25_L003	69	0	1	0	1
HAMBI_0403_chrm01_circ_5447164	PS_Ct_r03_2016_07_25_L003	63	0	1	0	1
HAMBI_0403_chrm01_circ_5448089	PS_Ct_r03_2016_07_25_L003	59	0	1	0	1
HAMBI_0403_chrm01_circ_5454777	PS_Ct_r03_2016_07_25_L003	43	0	1	0	1
HAMBI_0403_chrm01_circ_5466654	PS_Ct_r03_2016_07_25_L003	43	0	1	0	1
HAMBI_0403_chrm01_circ_5476119	PS_Ct_r03_2016_07_25_L003	63	0	1	0	1
HAMBI_0403_chrm01_circ_5571996	PS_Ct_r03_2016_07_25_L003	54	0	1	0	1
HAMBI_0403_chrm01_circ_5605380	PS_Ct_r03_2016_07_25_L003	40	0	1	0	1
HAMBI_0403_chrm01_circ_5649091	PS_Ct_r03_2016_07_25_L003	61	0	1	0	1
HAMBI_0403_chrm01_circ_5741782	PS_Ct_r03_2016_07_25_L003	40	0	1	0	1
HAMBI_0403_chrm01_circ_575080	PS_Ct_r03_2016_07_25_L003	55	0	1	0	1
HAMBI_0403_chrm01_circ_5775702	PS_Ct_r03_2016_07_25_L003	45	1	1	0	1
HAMBI_0403_chrm01_circ_61587	PS_Ct_r03_2016_07_25_L003	49	0	1	0	1
HAMBI_0403_chrm01_circ_673240	PS_Ct_r03_2016_07_25_L003	64	0	1	0	1
HAMBI_0403_chrm01_circ_674307	PS_Ct_r03_2016_07_25_L003	70	0	1	0	1
HAMBI_0403_chrm01_circ_674960	PS_Ct_r03_2016_07_25_L003	54	0	1	0	1
HAMBI_0403_chrm01_circ_693893	PS_Ct_r03_2016_07_25_L003	76	0	1	0	1
HAMBI_0403_chrm01_circ_698904	PS_Ct_r03_2016_07_25_L003	51	0	1	0	1
HAMBI_0403_chrm01_circ_70627	PS_Ct_r03_2016_07_25_L003	56	0	1	0	1
HAMBI_0403_chrm01_circ_736327	PS_Ct_r03_2016_07_25_L003	43	1	1	0	1
HAMBI_0403_chrm01_circ_755508	PS_Ct_r03_2016_07_25_L003	59	0	1	0	1
HAMBI_0403_chrm01_circ_759084	PS_Ct_r03_2016_07_25_L003	42	0	1	0	1
HAMBI_0403_chrm01_circ_78846	PS_Ct_r03_2016_07_25_L003	57	1	1	0	1
HAMBI_0403_chrm01_circ_790661	PS_Ct_r03_2016_07_25_L003	55	0	1	0	1
HAMBI_0403_chrm01_circ_808688	PS_Ct_r03_2016_07_25_L003	55	0	1	0	1
HAMBI_0403_chrm01_circ_814505	PS_Ct_r03_2016_07_25_L003	57	0	1	0	1
HAMBI_0403_chrm01_circ_823961	PS_Ct_r03_2016_07_25_L003	46	0	1	0	1
HAMBI_0403_chrm01_circ_83834	PS_Ct_r03_2016_07_25_L003	62	0	1	0	1
HAMBI_0403_chrm01_circ_868194	PS_Ct_r03_2016_07_25_L003	44	0	1	0	1
HAMBI_0403_chrm01_circ_905331	PS_Ct_r03_2016_07_25_L003	67	0	1	0	1
HAMBI_0403_chrm01_circ_928195	PS_Ct_r03_2016_07_25_L003	50	0	1	0	1
HAMBI_0403_chrm01_circ_946980	PS_Ct_r03_2016_07_25_L003	50	0	1	0	1
HAMBI_0403_chrm01_circ_955334	PS_Ct_r03_2016_07_25_L003	58	0	1	0	1
HAMBI_0403_chrm01_circ_958358	PS_Ct_r03_2016_07_25_L003	68	0	1	0	1
HAMBI_0403_chrm01_circ_958650	PS_Ct_r03_2016_07_25_L003	75	0	1	0	1
HAMBI_0403_chrm01_circ_96390	PS_Ct_r03_2016_07_25_L003	69	0	1	0	1
HAMBI_0403_chrm01_circ_99072	PS_Ct_r03_2016_07_25_L003	67	0	1	0	1
HAMBI_0403_chrm01_circ_99696	PS_Ct_r03_2016_07_25_L003	66	0	1	0	1
HAMBI_0403_plas01_circ_13169	PS_Ct_r03_2016_07_25_L003	121	0	1	0	1
HAMBI_0403_plas01_circ_31558	PS_Ct_r03_2016_07_25_L003	80	0	1	0	1
HAMBI_0403_chrm01_circ_1046497	PS_Ct_r03_2016_08_22_L003	56	0	1	0	1
HAMBI_0403_chrm01_circ_1080893	PS_Ct_r03_2016_08_22_L003	60	0	1	0	1
HAMBI_0403_chrm01_circ_1119336	PS_Ct_r03_2016_08_22_L003	67	0	1	0	1
HAMBI_0403_chrm01_circ_1119876	PS_Ct_r03_2016_08_22_L003	55	0	1	0	1
HAMBI_0403_chrm01_circ_1132164	PS_Ct_r03_2016_08_22_L003	51	0	1	0	1
HAMBI_0403_chrm01_circ_1154877	PS_Ct_r03_2016_08_22_L003	68	0	1	0	1
HAMBI_0403_chrm01_circ_1177878	PS_Ct_r03_2016_08_22_L003	59	0	1	0	1
HAMBI_0403_chrm01_circ_1191667	PS_Ct_r03_2016_08_22_L003	65	0	1	0	1
HAMBI_0403_chrm01_circ_1246798	PS_Ct_r03_2016_08_22_L003	65	0	1	0	1
HAMBI_0403_chrm01_circ_1272527	PS_Ct_r03_2016_08_22_L003	48	1	1	0	1
HAMBI_0403_chrm01_circ_1277340	PS_Ct_r03_2016_08_22_L003	75	0	1	0	1
HAMBI_0403_chrm01_circ_1295387	PS_Ct_r03_2016_08_22_L003	62	0	1	0	1
HAMBI_0403_chrm01_circ_1350046	PS_Ct_r03_2016_08_22_L003	103	0	1	0	1
HAMBI_0403_chrm01_circ_1359617	PS_Ct_r03_2016_08_22_L003	18	1	1	0	1
HAMBI_0403_chrm01_circ_1361345	PS_Ct_r03_2016_08_22_L003	50	1	1	0	1
HAMBI_0403_chrm01_circ_1392097	PS_Ct_r03_2016_08_22_L003	0	31	1	0	1
HAMBI_0403_chrm01_circ_1427994	PS_Ct_r03_2016_08_22_L003	52	0	1	0	1
HAMBI_0403_chrm01_circ_1449135	PS_Ct_r03_2016_08_22_L003	57	0	1	0	1
HAMBI_0403_chrm01_circ_1483274	PS_Ct_r03_2016_08_22_L003	102	0	1	0	1
HAMBI_0403_chrm01_circ_1488590	PS_Ct_r03_2016_08_22_L003	64	3	1	0	1
HAMBI_0403_chrm01_circ_15131	PS_Ct_r03_2016_08_22_L003	94	0	1	0	1
HAMBI_0403_chrm01_circ_1566075	PS_Ct_r03_2016_08_22_L003	48	0	1	0	1
HAMBI_0403_chrm01_circ_1610814	PS_Ct_r03_2016_08_22_L003	83	1	1	0	1
HAMBI_0403_chrm01_circ_161831	PS_Ct_r03_2016_08_22_L003	58	0	1	0	1
HAMBI_0403_chrm01_circ_16427	PS_Ct_r03_2016_08_22_L003	77	0	1	0	1
HAMBI_0403_chrm01_circ_1649857	PS_Ct_r03_2016_08_22_L003	55	0	1	0	1
HAMBI_0403_chrm01_circ_1732518	PS_Ct_r03_2016_08_22_L003	69	0	1	0	1
HAMBI_0403_chrm01_circ_1738117	PS_Ct_r03_2016_08_22_L003	87	0	1	0	1
HAMBI_0403_chrm01_circ_1759579	PS_Ct_r03_2016_08_22_L003	62	0	1	0	1
HAMBI_0403_chrm01_circ_177120	PS_Ct_r03_2016_08_22_L003	68	0	1	0	1
HAMBI_0403_chrm01_circ_1820962	PS_Ct_r03_2016_08_22_L003	50	0	1	0	1
HAMBI_0403_chrm01_circ_1887917	PS_Ct_r03_2016_08_22_L003	68	0	1	0	1
HAMBI_0403_chrm01_circ_1930553	PS_Ct_r03_2016_08_22_L003	70	1	1	0	1
HAMBI_0403_chrm01_circ_1942108	PS_Ct_r03_2016_08_22_L003	69	0	1	0	1
HAMBI_0403_chrm01_circ_1954454	PS_Ct_r03_2016_08_22_L003	73	0	1	0	1
HAMBI_0403_chrm01_circ_1956423	PS_Ct_r03_2016_08_22_L003	86	0	1	0	1
HAMBI_0403_chrm01_circ_1975660	PS_Ct_r03_2016_08_22_L003	87	0	1	0	1
HAMBI_0403_chrm01_circ_1977057	PS_Ct_r03_2016_08_22_L003	84	0	1	0	1
HAMBI_0403_chrm01_circ_2030365	PS_Ct_r03_2016_08_22_L003	71	1	1	0	1
HAMBI_0403_chrm01_circ_203280	PS_Ct_r03_2016_08_22_L003	69	0	1	0	1
HAMBI_0403_chrm01_circ_2047425	PS_Ct_r03_2016_08_22_L003	77	0	1	0	1
HAMBI_0403_chrm01_circ_204962	PS_Ct_r03_2016_08_22_L003	64	0	1	0	1
HAMBI_0403_chrm01_circ_2107547	PS_Ct_r03_2016_08_22_L003	85	0	1	0	1
HAMBI_0403_chrm01_circ_2168329	PS_Ct_r03_2016_08_22_L003	71	0	1	0	1
HAMBI_0403_chrm01_circ_2211058	PS_Ct_r03_2016_08_22_L003	69	0	1	0	1
HAMBI_0403_chrm01_circ_2255124	PS_Ct_r03_2016_08_22_L003	72	0	1	0	1
HAMBI_0403_chrm01_circ_2326138	PS_Ct_r03_2016_08_22_L003	55	0	1	0	1
HAMBI_0403_chrm01_circ_23479	PS_Ct_r03_2016_08_22_L003	50	0	1	0	1
HAMBI_0403_chrm01_circ_2442113	PS_Ct_r03_2016_08_22_L003	49	2	1	0	1
HAMBI_0403_chrm01_circ_2515857	PS_Ct_r03_2016_08_22_L003	65	0	1	0	1
HAMBI_0403_chrm01_circ_2636197	PS_Ct_r03_2016_08_22_L003	87	0	1	0	1
HAMBI_0403_chrm01_circ_264681	PS_Ct_r03_2016_08_22_L003	52	0	1	0	1
HAMBI_0403_chrm01_circ_2648858	PS_Ct_r03_2016_08_22_L003	54	0	1	0	1
HAMBI_0403_chrm01_circ_2663531	PS_Ct_r03_2016_08_22_L003	52	0	1	0	1
HAMBI_0403_chrm01_circ_267791	PS_Ct_r03_2016_08_22_L003	64	0	1	0	1
HAMBI_0403_chrm01_circ_2688975	PS_Ct_r03_2016_08_22_L003	51	0	1	0	1
HAMBI_0403_chrm01_circ_2693322	PS_Ct_r03_2016_08_22_L003	73	0	1	0	1
HAMBI_0403_chrm01_circ_2734043	PS_Ct_r03_2016_08_22_L003	70	0	1	0	1
HAMBI_0403_chrm01_circ_2751601	PS_Ct_r03_2016_08_22_L003	63	0	1	0	1
HAMBI_0403_chrm01_circ_2752133	PS_Ct_r03_2016_08_22_L003	47	0	1	0	1
HAMBI_0403_chrm01_circ_2754629	PS_Ct_r03_2016_08_22_L003	50	0	1	0	1
HAMBI_0403_chrm01_circ_2793634	PS_Ct_r03_2016_08_22_L003	60	0	1	0	1
HAMBI_0403_chrm01_circ_281980	PS_Ct_r03_2016_08_22_L003	89	0	1	0	1
HAMBI_0403_chrm01_circ_2888794	PS_Ct_r03_2016_08_22_L003	54	0	1	0	1
HAMBI_0403_chrm01_circ_292417	PS_Ct_r03_2016_08_22_L003	65	0	1	0	1
HAMBI_0403_chrm01_circ_2926993	PS_Ct_r03_2016_08_22_L003	69	0	1	0	1
HAMBI_0403_chrm01_circ_2930190	PS_Ct_r03_2016_08_22_L003	44	0	1	0	1
HAMBI_0403_chrm01_circ_2953973	PS_Ct_r03_2016_08_22_L003	43	0	1	0	1
HAMBI_0403_chrm01_circ_2957163	PS_Ct_r03_2016_08_22_L003	58	0	1	0	1
HAMBI_0403_chrm01_circ_2970233	PS_Ct_r03_2016_08_22_L003	72	0	1	0	1
HAMBI_0403_chrm01_circ_2992565	PS_Ct_r03_2016_08_22_L003	52	0	1	0	1
HAMBI_0403_chrm01_circ_2996524	PS_Ct_r03_2016_08_22_L003	67	0	1	0	1
HAMBI_0403_chrm01_circ_3087888	PS_Ct_r03_2016_08_22_L003	56	0	1	0	1
HAMBI_0403_chrm01_circ_3109922	PS_Ct_r03_2016_08_22_L003	87	0	1	0	1
HAMBI_0403_chrm01_circ_3118967	PS_Ct_r03_2016_08_22_L003	66	0	1	0	1
HAMBI_0403_chrm01_circ_3144725	PS_Ct_r03_2016_08_22_L003	51	0	1	0	1
HAMBI_0403_chrm01_circ_3149518	PS_Ct_r03_2016_08_22_L003	74	0	1	0	1
HAMBI_0403_chrm01_circ_3154053	PS_Ct_r03_2016_08_22_L003	55	0	1	0	1
HAMBI_0403_chrm01_circ_3211528	PS_Ct_r03_2016_08_22_L003	67	0	1	0	1
HAMBI_0403_chrm01_circ_3229165	PS_Ct_r03_2016_08_22_L003	69	0	1	0	1
HAMBI_0403_chrm01_circ_3250514	PS_Ct_r03_2016_08_22_L003	65	0	1	0	1
HAMBI_0403_chrm01_circ_3276660	PS_Ct_r03_2016_08_22_L003	101	0	1	0	1
HAMBI_0403_chrm01_circ_3281194	PS_Ct_r03_2016_08_22_L003	34	0	1	0	1
HAMBI_0403_chrm01_circ_3300154	PS_Ct_r03_2016_08_22_L003	61	0	1	0	1
HAMBI_0403_chrm01_circ_3322437	PS_Ct_r03_2016_08_22_L003	66	1	1	0	1
HAMBI_0403_chrm01_circ_3322622	PS_Ct_r03_2016_08_22_L003	59	0	1	0	1
HAMBI_0403_chrm01_circ_3329629	PS_Ct_r03_2016_08_22_L003	45	0	1	0	1
HAMBI_0403_chrm01_circ_338614	PS_Ct_r03_2016_08_22_L003	81	0	1	0	1
HAMBI_0403_chrm01_circ_3393687	PS_Ct_r03_2016_08_22_L003	46	0	1	0	1
HAMBI_0403_chrm01_circ_3394128	PS_Ct_r03_2016_08_22_L003	40	0	1	0	1
HAMBI_0403_chrm01_circ_3405266	PS_Ct_r03_2016_08_22_L003	56	0	1	0	1
HAMBI_0403_chrm01_circ_340602	PS_Ct_r03_2016_08_22_L003	44	0	1	0	1
HAMBI_0403_chrm01_circ_3418753	PS_Ct_r03_2016_08_22_L003	72	0	1	0	1
HAMBI_0403_chrm01_circ_3459098	PS_Ct_r03_2016_08_22_L003	183	0	1	0	1
HAMBI_0403_chrm01_circ_3460941	PS_Ct_r03_2016_08_22_L003	204	0	1	0	1
HAMBI_0403_chrm01_circ_3461599	PS_Ct_r03_2016_08_22_L003	146	0	1	0	1
HAMBI_0403_chrm01_circ_3489004	PS_Ct_r03_2016_08_22_L003	55	0	1	0	1
HAMBI_0403_chrm01_circ_355460	PS_Ct_r03_2016_08_22_L003	70	0	1	0	1
HAMBI_0403_chrm01_circ_3555176	PS_Ct_r03_2016_08_22_L003	59	1	1	0	1
HAMBI_0403_chrm01_circ_3560450	PS_Ct_r03_2016_08_22_L003	45	0	1	0	1
HAMBI_0403_chrm01_circ_3567764	PS_Ct_r03_2016_08_22_L003	84	0	1	0	1
HAMBI_0403_chrm01_circ_3601720	PS_Ct_r03_2016_08_22_L003	57	0	1	0	1
HAMBI_0403_chrm01_circ_360522	PS_Ct_r03_2016_08_22_L003	74	0	1	0	1
HAMBI_0403_chrm01_circ_3647008	PS_Ct_r03_2016_08_22_L003	66	0	1	0	1
HAMBI_0403_chrm01_circ_3652328	PS_Ct_r03_2016_08_22_L003	75	0	1	0	1
HAMBI_0403_chrm01_circ_3734676	PS_Ct_r03_2016_08_22_L003	69	0	1	0	1
HAMBI_0403_chrm01_circ_3808590	PS_Ct_r03_2016_08_22_L003	77	0	1	0	1
HAMBI_0403_chrm01_circ_3813095	PS_Ct_r03_2016_08_22_L003	63	0	1	0	1
HAMBI_0403_chrm01_circ_3832814	PS_Ct_r03_2016_08_22_L003	79	0	1	0	1
HAMBI_0403_chrm01_circ_3885292	PS_Ct_r03_2016_08_22_L003	50	0	1	0	1
HAMBI_0403_chrm01_circ_3900399	PS_Ct_r03_2016_08_22_L003	69	1	1	0	1
HAMBI_0403_chrm01_circ_3910589	PS_Ct_r03_2016_08_22_L003	52	25	1	0	1
HAMBI_0403_chrm01_circ_3911084	PS_Ct_r03_2016_08_22_L003	62	30	1	0	1
HAMBI_0403_chrm01_circ_3993103	PS_Ct_r03_2016_08_22_L003	52	0	1	0	1
HAMBI_0403_chrm01_circ_4025643	PS_Ct_r03_2016_08_22_L003	59	1	1	0	1
HAMBI_0403_chrm01_circ_4025652	PS_Ct_r03_2016_08_22_L003	65	1	1	0	1
HAMBI_0403_chrm01_circ_4025663	PS_Ct_r03_2016_08_22_L003	74	0	1	0	1
HAMBI_0403_chrm01_circ_4025670	PS_Ct_r03_2016_08_22_L003	70	0	1	0	1
HAMBI_0403_chrm01_circ_4025677	PS_Ct_r03_2016_08_22_L003	74	0	1	0	1
HAMBI_0403_chrm01_circ_4025698	PS_Ct_r03_2016_08_22_L003	80	0	1	0	1
HAMBI_0403_chrm01_circ_4025700	PS_Ct_r03_2016_08_22_L003	78	0	1	0	1
HAMBI_0403_chrm01_circ_4040615	PS_Ct_r03_2016_08_22_L003	68	0	1	0	1
HAMBI_0403_chrm01_circ_4047471	PS_Ct_r03_2016_08_22_L003	51	0	1	0	1
HAMBI_0403_chrm01_circ_4063903	PS_Ct_r03_2016_08_22_L003	69	0	1	0	1
HAMBI_0403_chrm01_circ_4082916	PS_Ct_r03_2016_08_22_L003	58	0	1	0	1
HAMBI_0403_chrm01_circ_4098318	PS_Ct_r03_2016_08_22_L003	68	0	1	0	1
HAMBI_0403_chrm01_circ_4111761	PS_Ct_r03_2016_08_22_L003	112	0	1	0	1
HAMBI_0403_chrm01_circ_4119675	PS_Ct_r03_2016_08_22_L003	80	0	1	0	1
HAMBI_0403_chrm01_circ_4204317	PS_Ct_r03_2016_08_22_L003	40	2	1	0	1
HAMBI_0403_chrm01_circ_4211806	PS_Ct_r03_2016_08_22_L003	103	0	1	0	1
HAMBI_0403_chrm01_circ_4225781	PS_Ct_r03_2016_08_22_L003	54	0	1	0	1
HAMBI_0403_chrm01_circ_4227635	PS_Ct_r03_2016_08_22_L003	57	0	1	0	1
HAMBI_0403_chrm01_circ_4252605	PS_Ct_r03_2016_08_22_L003	65	0	1	0	1
HAMBI_0403_chrm01_circ_4295930	PS_Ct_r03_2016_08_22_L003	86	0	1	0	1
HAMBI_0403_chrm01_circ_4332767	PS_Ct_r03_2016_08_22_L003	76	0	1	0	1
HAMBI_0403_chrm01_circ_434325	PS_Ct_r03_2016_08_22_L003	67	1	1	0	1
HAMBI_0403_chrm01_circ_4367530	PS_Ct_r03_2016_08_22_L003	80	0	1	0	1
HAMBI_0403_chrm01_circ_4378839	PS_Ct_r03_2016_08_22_L003	50	0	1	0	1
HAMBI_0403_chrm01_circ_4384070	PS_Ct_r03_2016_08_22_L003	58	0	1	0	1
HAMBI_0403_chrm01_circ_440957	PS_Ct_r03_2016_08_22_L003	71	0	1	0	1
HAMBI_0403_chrm01_circ_4424328	PS_Ct_r03_2016_08_22_L003	54	0	1	0	1
HAMBI_0403_chrm01_circ_4450072	PS_Ct_r03_2016_08_22_L003	64	1	1	0	1
HAMBI_0403_chrm01_circ_4483742	PS_Ct_r03_2016_08_22_L003	66	0	1	0	1
HAMBI_0403_chrm01_circ_4537667	PS_Ct_r03_2016_08_22_L003	73	1	1	0	1
HAMBI_0403_chrm01_circ_4568561	PS_Ct_r03_2016_08_22_L003	34	0	1	0	1
HAMBI_0403_chrm01_circ_4574843	PS_Ct_r03_2016_08_22_L003	61	0	1	0	1
HAMBI_0403_chrm01_circ_4597956	PS_Ct_r03_2016_08_22_L003	68	0	1	0	1
HAMBI_0403_chrm01_circ_4629677	PS_Ct_r03_2016_08_22_L003	63	1	1	0	1
HAMBI_0403_chrm01_circ_4750362	PS_Ct_r03_2016_08_22_L003	69	0	1	0	1
HAMBI_0403_chrm01_circ_4761505	PS_Ct_r03_2016_08_22_L003	16	0	1	0	1
HAMBI_0403_chrm01_circ_4792076	PS_Ct_r03_2016_08_22_L003	76	2	1	0	1
HAMBI_0403_chrm01_circ_4807897	PS_Ct_r03_2016_08_22_L003	95	0	1	0	1
HAMBI_0403_chrm01_circ_4807942	PS_Ct_r03_2016_08_22_L003	87	0	1	0	1
HAMBI_0403_chrm01_circ_4815800	PS_Ct_r03_2016_08_22_L003	58	0	1	0	1
HAMBI_0403_chrm01_circ_4827495	PS_Ct_r03_2016_08_22_L003	50	0	1	0	1
HAMBI_0403_chrm01_circ_4829007	PS_Ct_r03_2016_08_22_L003	85	0	1	0	1
HAMBI_0403_chrm01_circ_4829050	PS_Ct_r03_2016_08_22_L003	88	0	1	0	1
HAMBI_0403_chrm01_circ_4831235	PS_Ct_r03_2016_08_22_L003	99	0	1	0	1
HAMBI_0403_chrm01_circ_4893344	PS_Ct_r03_2016_08_22_L003	79	0	1	0	1
HAMBI_0403_chrm01_circ_4947683	PS_Ct_r03_2016_08_22_L003	69	0	1	0	1
HAMBI_0403_chrm01_circ_4968639	PS_Ct_r03_2016_08_22_L003	67	0	1	0	1
HAMBI_0403_chrm01_circ_4973982	PS_Ct_r03_2016_08_22_L003	83	0	1	0	1
HAMBI_0403_chrm01_circ_4994802	PS_Ct_r03_2016_08_22_L003	55	0	1	0	1
HAMBI_0403_chrm01_circ_500037	PS_Ct_r03_2016_08_22_L003	64	0	1	0	1
HAMBI_0403_chrm01_circ_5035898	PS_Ct_r03_2016_08_22_L003	64	1	1	0	1
HAMBI_0403_chrm01_circ_5041374	PS_Ct_r03_2016_08_22_L003	67	0	1	0	1
HAMBI_0403_chrm01_circ_5060025	PS_Ct_r03_2016_08_22_L003	69	0	1	0	1
HAMBI_0403_chrm01_circ_5074286	PS_Ct_r03_2016_08_22_L003	81	0	1	0	1
HAMBI_0403_chrm01_circ_5102598	PS_Ct_r03_2016_08_22_L003	63	0	1	0	1
HAMBI_0403_chrm01_circ_5106025	PS_Ct_r03_2016_08_22_L003	60	0	1	0	1
HAMBI_0403_chrm01_circ_5130785	PS_Ct_r03_2016_08_22_L003	92	0	1	0	1
HAMBI_0403_chrm01_circ_5165364	PS_Ct_r03_2016_08_22_L003	73	0	1	0	1
HAMBI_0403_chrm01_circ_5170782	PS_Ct_r03_2016_08_22_L003	85	0	1	0	1
HAMBI_0403_chrm01_circ_5191327	PS_Ct_r03_2016_08_22_L003	67	0	1	0	1
HAMBI_0403_chrm01_circ_5198807	PS_Ct_r03_2016_08_22_L003	74	0	1	0	1
HAMBI_0403_chrm01_circ_522539	PS_Ct_r03_2016_08_22_L003	61	0	1	0	1
HAMBI_0403_chrm01_circ_5277914	PS_Ct_r03_2016_08_22_L003	70	0	1	0	1
HAMBI_0403_chrm01_circ_5317143	PS_Ct_r03_2016_08_22_L003	68	0	1	0	1
HAMBI_0403_chrm01_circ_5369259	PS_Ct_r03_2016_08_22_L003	76	0	1	0	1
HAMBI_0403_chrm01_circ_5380330	PS_Ct_r03_2016_08_22_L003	91	0	1	0	1
HAMBI_0403_chrm01_circ_5387471	PS_Ct_r03_2016_08_22_L003	98	0	1	0	1
HAMBI_0403_chrm01_circ_5407887	PS_Ct_r03_2016_08_22_L003	93	0	1	0	1
HAMBI_0403_chrm01_circ_5435929	PS_Ct_r03_2016_08_22_L003	69	0	1	0	1
HAMBI_0403_chrm01_circ_5447164	PS_Ct_r03_2016_08_22_L003	89	0	1	0	1
HAMBI_0403_chrm01_circ_5448089	PS_Ct_r03_2016_08_22_L003	81	0	1	0	1
HAMBI_0403_chrm01_circ_5454777	PS_Ct_r03_2016_08_22_L003	67	0	1	0	1
HAMBI_0403_chrm01_circ_5466654	PS_Ct_r03_2016_08_22_L003	45	3	1	0	1
HAMBI_0403_chrm01_circ_5476119	PS_Ct_r03_2016_08_22_L003	75	0	1	0	1
HAMBI_0403_chrm01_circ_5571996	PS_Ct_r03_2016_08_22_L003	53	0	1	0	1
HAMBI_0403_chrm01_circ_5605380	PS_Ct_r03_2016_08_22_L003	59	0	1	0	1
HAMBI_0403_chrm01_circ_5649091	PS_Ct_r03_2016_08_22_L003	96	0	1	0	1
HAMBI_0403_chrm01_circ_5741782	PS_Ct_r03_2016_08_22_L003	54	0	1	0	1
HAMBI_0403_chrm01_circ_575080	PS_Ct_r03_2016_08_22_L003	68	0	1	0	1
HAMBI_0403_chrm01_circ_5775702	PS_Ct_r03_2016_08_22_L003	54	0	1	0	1
HAMBI_0403_chrm01_circ_61587	PS_Ct_r03_2016_08_22_L003	57	0	1	0	1
HAMBI_0403_chrm01_circ_673240	PS_Ct_r03_2016_08_22_L003	68	0	1	0	1
HAMBI_0403_chrm01_circ_674307	PS_Ct_r03_2016_08_22_L003	71	0	1	0	1
HAMBI_0403_chrm01_circ_674960	PS_Ct_r03_2016_08_22_L003	75	0	1	0	1
HAMBI_0403_chrm01_circ_693893	PS_Ct_r03_2016_08_22_L003	69	0	1	0	1
HAMBI_0403_chrm01_circ_698904	PS_Ct_r03_2016_08_22_L003	79	0	1	0	1
HAMBI_0403_chrm01_circ_70627	PS_Ct_r03_2016_08_22_L003	70	0	1	0	1
HAMBI_0403_chrm01_circ_736327	PS_Ct_r03_2016_08_22_L003	64	1	1	0	1
HAMBI_0403_chrm01_circ_755508	PS_Ct_r03_2016_08_22_L003	61	0	1	0	1
HAMBI_0403_chrm01_circ_759084	PS_Ct_r03_2016_08_22_L003	62	0	1	0	1
HAMBI_0403_chrm01_circ_78846	PS_Ct_r03_2016_08_22_L003	86	0	1	0	1
HAMBI_0403_chrm01_circ_790661	PS_Ct_r03_2016_08_22_L003	76	0	1	0	1
HAMBI_0403_chrm01_circ_808688	PS_Ct_r03_2016_08_22_L003	64	1	1	0	1
HAMBI_0403_chrm01_circ_814505	PS_Ct_r03_2016_08_22_L003	75	0	1	0	1
HAMBI_0403_chrm01_circ_823961	PS_Ct_r03_2016_08_22_L003	81	0	1	0	1
HAMBI_0403_chrm01_circ_83834	PS_Ct_r03_2016_08_22_L003	56	0	1	0	1
HAMBI_0403_chrm01_circ_868194	PS_Ct_r03_2016_08_22_L003	55	0	1	0	1
HAMBI_0403_chrm01_circ_905331	PS_Ct_r03_2016_08_22_L003	90	1	1	0	1
HAMBI_0403_chrm01_circ_928195	PS_Ct_r03_2016_08_22_L003	71	0	1	0	1
HAMBI_0403_chrm01_circ_946980	PS_Ct_r03_2016_08_22_L003	69	0	1	0	1
HAMBI_0403_chrm01_circ_955334	PS_Ct_r03_2016_08_22_L003	64	0	1	0	1
HAMBI_0403_chrm01_circ_958358	PS_Ct_r03_2016_08_22_L003	79	0	1	0	1
HAMBI_0403_chrm01_circ_958650	PS_Ct_r03_2016_08_22_L003	80	2	1	0	1
HAMBI_0403_chrm01_circ_96390	PS_Ct_r03_2016_08_22_L003	97	2	1	0	1
HAMBI_0403_chrm01_circ_99072	PS_Ct_r03_2016_08_22_L003	100	2	1	0	1
HAMBI_0403_chrm01_circ_99696	PS_Ct_r03_2016_08_22_L003	65	0	1	0	1
HAMBI_0403_plas01_circ_13169	PS_Ct_r03_2016_08_22_L003	151	0	1	0	1
HAMBI_0403_plas01_circ_31558	PS_Ct_r03_2016_08_22_L003	138	0	1	0	1
HAMBI_0403_chrm01_circ_1046497	PS_Ct_r03_2016_09_19_L003	61	0	1	0	1
HAMBI_0403_chrm01_circ_1080893	PS_Ct_r03_2016_09_19_L003	67	0	1	0	1
HAMBI_0403_chrm01_circ_1119336	PS_Ct_r03_2016_09_19_L003	60	4	1	0	1
HAMBI_0403_chrm01_circ_1119876	PS_Ct_r03_2016_09_19_L003	46	0	1	0	1
HAMBI_0403_chrm01_circ_1132164	PS_Ct_r03_2016_09_19_L003	47	0	1	0	1
HAMBI_0403_chrm01_circ_1154877	PS_Ct_r03_2016_09_19_L003	74	0	1	0	1
HAMBI_0403_chrm01_circ_1177878	PS_Ct_r03_2016_09_19_L003	58	0	1	0	1
HAMBI_0403_chrm01_circ_1191667	PS_Ct_r03_2016_09_19_L003	50	0	1	0	1
HAMBI_0403_chrm01_circ_1246798	PS_Ct_r03_2016_09_19_L003	66	0	1	0	1
HAMBI_0403_chrm01_circ_1272527	PS_Ct_r03_2016_09_19_L003	51	0	1	0	1
HAMBI_0403_chrm01_circ_1277340	PS_Ct_r03_2016_09_19_L003	60	0	1	0	1
HAMBI_0403_chrm01_circ_1295387	PS_Ct_r03_2016_09_19_L003	60	0	1	0	1
HAMBI_0403_chrm01_circ_1350046	PS_Ct_r03_2016_09_19_L003	104	0	1	0	1
HAMBI_0403_chrm01_circ_1359617	PS_Ct_r03_2016_09_19_L003	28	1	1	0	1
HAMBI_0403_chrm01_circ_1361345	PS_Ct_r03_2016_09_19_L003	60	0	1	0	1
HAMBI_0403_chrm01_circ_1392097	PS_Ct_r03_2016_09_19_L003	1	18	1	0	1
HAMBI_0403_chrm01_circ_1427994	PS_Ct_r03_2016_09_19_L003	51	0	1	0	1
HAMBI_0403_chrm01_circ_1449135	PS_Ct_r03_2016_09_19_L003	59	0	1	0	1
HAMBI_0403_chrm01_circ_1483274	PS_Ct_r03_2016_09_19_L003	60	0	1	0	1
HAMBI_0403_chrm01_circ_1488590	PS_Ct_r03_2016_09_19_L003	61	2	1	0	1
HAMBI_0403_chrm01_circ_15131	PS_Ct_r03_2016_09_19_L003	49	0	1	0	1
HAMBI_0403_chrm01_circ_1566075	PS_Ct_r03_2016_09_19_L003	50	0	1	0	1
HAMBI_0403_chrm01_circ_1610814	PS_Ct_r03_2016_09_19_L003	63	1	1	0	1
HAMBI_0403_chrm01_circ_161831	PS_Ct_r03_2016_09_19_L003	51	0	1	0	1
HAMBI_0403_chrm01_circ_16427	PS_Ct_r03_2016_09_19_L003	71	0	1	0	1
HAMBI_0403_chrm01_circ_1649857	PS_Ct_r03_2016_09_19_L003	62	0	1	0	1
HAMBI_0403_chrm01_circ_1732518	PS_Ct_r03_2016_09_19_L003	54	0	1	0	1
HAMBI_0403_chrm01_circ_1738117	PS_Ct_r03_2016_09_19_L003	59	0	1	0	1
HAMBI_0403_chrm01_circ_1759579	PS_Ct_r03_2016_09_19_L003	64	0	1	0	1
HAMBI_0403_chrm01_circ_177120	PS_Ct_r03_2016_09_19_L003	51	0	1	0	1
HAMBI_0403_chrm01_circ_1820962	PS_Ct_r03_2016_09_19_L003	52	1	1	0	1
HAMBI_0403_chrm01_circ_1887917	PS_Ct_r03_2016_09_19_L003	55	0	1	0	1
HAMBI_0403_chrm01_circ_1930553	PS_Ct_r03_2016_09_19_L003	62	0	1	0	1
HAMBI_0403_chrm01_circ_1942108	PS_Ct_r03_2016_09_19_L003	53	0	1	0	1
HAMBI_0403_chrm01_circ_1954454	PS_Ct_r03_2016_09_19_L003	74	0	1	0	1
HAMBI_0403_chrm01_circ_1956423	PS_Ct_r03_2016_09_19_L003	59	0	1	0	1
HAMBI_0403_chrm01_circ_1975660	PS_Ct_r03_2016_09_19_L003	55	0	1	0	1
HAMBI_0403_chrm01_circ_1977057	PS_Ct_r03_2016_09_19_L003	52	0	1	0	1
HAMBI_0403_chrm01_circ_2030365	PS_Ct_r03_2016_09_19_L003	54	0	1	0	1
HAMBI_0403_chrm01_circ_203280	PS_Ct_r03_2016_09_19_L003	65	0	1	0	1
HAMBI_0403_chrm01_circ_2047425	PS_Ct_r03_2016_09_19_L003	58	0	1	0	1
HAMBI_0403_chrm01_circ_204962	PS_Ct_r03_2016_09_19_L003	71	0	1	0	1
HAMBI_0403_chrm01_circ_2107547	PS_Ct_r03_2016_09_19_L003	49	0	1	0	1
HAMBI_0403_chrm01_circ_2168329	PS_Ct_r03_2016_09_19_L003	63	0	1	0	1
HAMBI_0403_chrm01_circ_2211058	PS_Ct_r03_2016_09_19_L003	36	1	1	0	1
HAMBI_0403_chrm01_circ_2255124	PS_Ct_r03_2016_09_19_L003	63	0	1	0	1
HAMBI_0403_chrm01_circ_2326138	PS_Ct_r03_2016_09_19_L003	61	0	1	0	1
HAMBI_0403_chrm01_circ_23479	PS_Ct_r03_2016_09_19_L003	43	0	1	0	1
HAMBI_0403_chrm01_circ_2442113	PS_Ct_r03_2016_09_19_L003	45	2	1	0	1
HAMBI_0403_chrm01_circ_2515857	PS_Ct_r03_2016_09_19_L003	59	0	1	0	1
HAMBI_0403_chrm01_circ_2636197	PS_Ct_r03_2016_09_19_L003	48	0	1	0	1
HAMBI_0403_chrm01_circ_264681	PS_Ct_r03_2016_09_19_L003	55	0	1	0	1
HAMBI_0403_chrm01_circ_2648858	PS_Ct_r03_2016_09_19_L003	57	0	1	0	1
HAMBI_0403_chrm01_circ_2663531	PS_Ct_r03_2016_09_19_L003	37	0	1	0	1
HAMBI_0403_chrm01_circ_267791	PS_Ct_r03_2016_09_19_L003	57	0	1	0	1
HAMBI_0403_chrm01_circ_2688975	PS_Ct_r03_2016_09_19_L003	44	0	1	0	1
HAMBI_0403_chrm01_circ_2693322	PS_Ct_r03_2016_09_19_L003	64	0	1	0	1
HAMBI_0403_chrm01_circ_2734043	PS_Ct_r03_2016_09_19_L003	54	0	1	0	1
HAMBI_0403_chrm01_circ_2751601	PS_Ct_r03_2016_09_19_L003	63	0	1	0	1
HAMBI_0403_chrm01_circ_2752133	PS_Ct_r03_2016_09_19_L003	44	0	1	0	1
HAMBI_0403_chrm01_circ_2754629	PS_Ct_r03_2016_09_19_L003	66	0	1	0	1
HAMBI_0403_chrm01_circ_2793634	PS_Ct_r03_2016_09_19_L003	57	0	1	0	1
HAMBI_0403_chrm01_circ_281980	PS_Ct_r03_2016_09_19_L003	57	0	1	0	1
HAMBI_0403_chrm01_circ_2888794	PS_Ct_r03_2016_09_19_L003	63	0	1	0	1
HAMBI_0403_chrm01_circ_292417	PS_Ct_r03_2016_09_19_L003	50	0	1	0	1
HAMBI_0403_chrm01_circ_2926993	PS_Ct_r03_2016_09_19_L003	50	0	1	0	1
HAMBI_0403_chrm01_circ_2930190	PS_Ct_r03_2016_09_19_L003	40	0	1	0	1
HAMBI_0403_chrm01_circ_2953973	PS_Ct_r03_2016_09_19_L003	62	0	1	0	1
HAMBI_0403_chrm01_circ_2957163	PS_Ct_r03_2016_09_19_L003	35	0	1	0	1
HAMBI_0403_chrm01_circ_2970233	PS_Ct_r03_2016_09_19_L003	62	0	1	0	1
HAMBI_0403_chrm01_circ_2992565	PS_Ct_r03_2016_09_19_L003	66	0	1	0	1
HAMBI_0403_chrm01_circ_2996524	PS_Ct_r03_2016_09_19_L003	60	0	1	0	1
HAMBI_0403_chrm01_circ_3087888	PS_Ct_r03_2016_09_19_L003	59	0	1	0	1
HAMBI_0403_chrm01_circ_3109922	PS_Ct_r03_2016_09_19_L003	63	0	1	0	1
HAMBI_0403_chrm01_circ_3118967	PS_Ct_r03_2016_09_19_L003	50	1	1	0	1
HAMBI_0403_chrm01_circ_3144725	PS_Ct_r03_2016_09_19_L003	49	0	1	0	1
HAMBI_0403_chrm01_circ_3149518	PS_Ct_r03_2016_09_19_L003	84	0	1	0	1
HAMBI_0403_chrm01_circ_3154053	PS_Ct_r03_2016_09_19_L003	61	0	1	0	1
HAMBI_0403_chrm01_circ_3211528	PS_Ct_r03_2016_09_19_L003	61	0	1	0	1
HAMBI_0403_chrm01_circ_3229165	PS_Ct_r03_2016_09_19_L003	63	0	1	0	1
HAMBI_0403_chrm01_circ_3250514	PS_Ct_r03_2016_09_19_L003	57	0	1	0	1
HAMBI_0403_chrm01_circ_3276660	PS_Ct_r03_2016_09_19_L003	58	0	1	0	1
HAMBI_0403_chrm01_circ_3281194	PS_Ct_r03_2016_09_19_L003	24	0	1	0	1
HAMBI_0403_chrm01_circ_3300154	PS_Ct_r03_2016_09_19_L003	61	0	1	0	1
HAMBI_0403_chrm01_circ_3322437	PS_Ct_r03_2016_09_19_L003	64	0	1	0	1
HAMBI_0403_chrm01_circ_3322622	PS_Ct_r03_2016_09_19_L003	74	0	1	0	1
HAMBI_0403_chrm01_circ_3329629	PS_Ct_r03_2016_09_19_L003	50	0	1	0	1
HAMBI_0403_chrm01_circ_338614	PS_Ct_r03_2016_09_19_L003	66	0	1	0	1
HAMBI_0403_chrm01_circ_3393687	PS_Ct_r03_2016_09_19_L003	50	0	1	0	1
HAMBI_0403_chrm01_circ_3394128	PS_Ct_r03_2016_09_19_L003	53	0	1	0	1
HAMBI_0403_chrm01_circ_3405266	PS_Ct_r03_2016_09_19_L003	60	0	1	0	1
HAMBI_0403_chrm01_circ_340602	PS_Ct_r03_2016_09_19_L003	41	0	1	0	1
HAMBI_0403_chrm01_circ_3418753	PS_Ct_r03_2016_09_19_L003	51	0	1	0	1
HAMBI_0403_chrm01_circ_3459098	PS_Ct_r03_2016_09_19_L003	158	0	1	0	1
HAMBI_0403_chrm01_circ_3460941	PS_Ct_r03_2016_09_19_L003	142	0	1	0	1
HAMBI_0403_chrm01_circ_3461599	PS_Ct_r03_2016_09_19_L003	110	0	1	0	1
HAMBI_0403_chrm01_circ_3489004	PS_Ct_r03_2016_09_19_L003	53	0	1	0	1
HAMBI_0403_chrm01_circ_355460	PS_Ct_r03_2016_09_19_L003	51	0	1	0	1
HAMBI_0403_chrm01_circ_3555176	PS_Ct_r03_2016_09_19_L003	61	0	1	0	1
HAMBI_0403_chrm01_circ_3560450	PS_Ct_r03_2016_09_19_L003	50	0	1	0	1
HAMBI_0403_chrm01_circ_3567764	PS_Ct_r03_2016_09_19_L003	67	0	1	0	1
HAMBI_0403_chrm01_circ_3601720	PS_Ct_r03_2016_09_19_L003	51	0	1	0	1
HAMBI_0403_chrm01_circ_360522	PS_Ct_r03_2016_09_19_L003	52	0	1	0	1
HAMBI_0403_chrm01_circ_3647008	PS_Ct_r03_2016_09_19_L003	55	0	1	0	1
HAMBI_0403_chrm01_circ_3652328	PS_Ct_r03_2016_09_19_L003	52	0	1	0	1
HAMBI_0403_chrm01_circ_3734676	PS_Ct_r03_2016_09_19_L003	62	0	1	0	1
HAMBI_0403_chrm01_circ_3808590	PS_Ct_r03_2016_09_19_L003	66	0	1	0	1
HAMBI_0403_chrm01_circ_3813095	PS_Ct_r03_2016_09_19_L003	59	0	1	0	1
HAMBI_0403_chrm01_circ_3832814	PS_Ct_r03_2016_09_19_L003	63	0	1	0	1
HAMBI_0403_chrm01_circ_3885292	PS_Ct_r03_2016_09_19_L003	57	0	1	0	1
HAMBI_0403_chrm01_circ_3900399	PS_Ct_r03_2016_09_19_L003	60	0	1	0	1
HAMBI_0403_chrm01_circ_3910589	PS_Ct_r03_2016_09_19_L003	34	32	1	0	1
HAMBI_0403_chrm01_circ_3911084	PS_Ct_r03_2016_09_19_L003	49	28	1	0	1
HAMBI_0403_chrm01_circ_3993103	PS_Ct_r03_2016_09_19_L003	51	0	1	0	1
HAMBI_0403_chrm01_circ_4025643	PS_Ct_r03_2016_09_19_L003	69	1	1	0	1
HAMBI_0403_chrm01_circ_4025652	PS_Ct_r03_2016_09_19_L003	70	1	1	0	1
HAMBI_0403_chrm01_circ_4025663	PS_Ct_r03_2016_09_19_L003	71	1	1	0	1
HAMBI_0403_chrm01_circ_4025670	PS_Ct_r03_2016_09_19_L003	69	1	1	0	1
HAMBI_0403_chrm01_circ_4025677	PS_Ct_r03_2016_09_19_L003	68	1	1	0	1
HAMBI_0403_chrm01_circ_4025698	PS_Ct_r03_2016_09_19_L003	70	1	1	0	1
HAMBI_0403_chrm01_circ_4025700	PS_Ct_r03_2016_09_19_L003	72	0	1	0	1
HAMBI_0403_chrm01_circ_4040615	PS_Ct_r03_2016_09_19_L003	66	0	1	0	1
HAMBI_0403_chrm01_circ_4047471	PS_Ct_r03_2016_09_19_L003	66	0	1	0	1
HAMBI_0403_chrm01_circ_4063903	PS_Ct_r03_2016_09_19_L003	64	1	1	0	1
HAMBI_0403_chrm01_circ_4082916	PS_Ct_r03_2016_09_19_L003	59	0	1	0	1
HAMBI_0403_chrm01_circ_4098318	PS_Ct_r03_2016_09_19_L003	55	0	1	0	1
HAMBI_0403_chrm01_circ_4111761	PS_Ct_r03_2016_09_19_L003	69	0	1	0	1
HAMBI_0403_chrm01_circ_4119675	PS_Ct_r03_2016_09_19_L003	61	0	1	0	1
HAMBI_0403_chrm01_circ_4204317	PS_Ct_r03_2016_09_19_L003	49	1	1	0	1
HAMBI_0403_chrm01_circ_4211806	PS_Ct_r03_2016_09_19_L003	64	0	1	0	1
HAMBI_0403_chrm01_circ_4225781	PS_Ct_r03_2016_09_19_L003	48	0	1	0	1
HAMBI_0403_chrm01_circ_4227635	PS_Ct_r03_2016_09_19_L003	71	0	1	0	1
HAMBI_0403_chrm01_circ_4252605	PS_Ct_r03_2016_09_19_L003	56	0	1	0	1
HAMBI_0403_chrm01_circ_4295930	PS_Ct_r03_2016_09_19_L003	63	0	1	0	1
HAMBI_0403_chrm01_circ_4332767	PS_Ct_r03_2016_09_19_L003	58	0	1	0	1
HAMBI_0403_chrm01_circ_434325	PS_Ct_r03_2016_09_19_L003	67	1	1	0	1
HAMBI_0403_chrm01_circ_4367530	PS_Ct_r03_2016_09_19_L003	61	0	1	0	1
HAMBI_0403_chrm01_circ_4378839	PS_Ct_r03_2016_09_19_L003	55	0	1	0	1
HAMBI_0403_chrm01_circ_4384070	PS_Ct_r03_2016_09_19_L003	62	0	1	0	1
HAMBI_0403_chrm01_circ_440957	PS_Ct_r03_2016_09_19_L003	60	0	1	0	1
HAMBI_0403_chrm01_circ_4424328	PS_Ct_r03_2016_09_19_L003	49	0	1	0	1
HAMBI_0403_chrm01_circ_4450072	PS_Ct_r03_2016_09_19_L003	50	0	1	0	1
HAMBI_0403_chrm01_circ_4483742	PS_Ct_r03_2016_09_19_L003	64	0	1	0	1
HAMBI_0403_chrm01_circ_4537667	PS_Ct_r03_2016_09_19_L003	46	0	1	0	1
HAMBI_0403_chrm01_circ_4568561	PS_Ct_r03_2016_09_19_L003	34	0	1	0	1
HAMBI_0403_chrm01_circ_4574843	PS_Ct_r03_2016_09_19_L003	57	0	1	0	1
HAMBI_0403_chrm01_circ_4597956	PS_Ct_r03_2016_09_19_L003	42	0	1	0	1
HAMBI_0403_chrm01_circ_4629677	PS_Ct_r03_2016_09_19_L003	53	0	1	0	1
HAMBI_0403_chrm01_circ_4750362	PS_Ct_r03_2016_09_19_L003	73	0	1	0	1
HAMBI_0403_chrm01_circ_4761505	PS_Ct_r03_2016_09_19_L003	25	0	1	0	1
HAMBI_0403_chrm01_circ_4792076	PS_Ct_r03_2016_09_19_L003	47	2	1	0	1
HAMBI_0403_chrm01_circ_4807897	PS_Ct_r03_2016_09_19_L003	65	0	1	0	1
HAMBI_0403_chrm01_circ_4807942	PS_Ct_r03_2016_09_19_L003	62	0	1	0	1
HAMBI_0403_chrm01_circ_4815800	PS_Ct_r03_2016_09_19_L003	57	0	1	0	1
HAMBI_0403_chrm01_circ_4827495	PS_Ct_r03_2016_09_19_L003	54	0	1	0	1
HAMBI_0403_chrm01_circ_4829007	PS_Ct_r03_2016_09_19_L003	55	0	1	0	1
HAMBI_0403_chrm01_circ_4829050	PS_Ct_r03_2016_09_19_L003	57	0	1	0	1
HAMBI_0403_chrm01_circ_4831235	PS_Ct_r03_2016_09_19_L003	66	0	1	0	1
HAMBI_0403_chrm01_circ_4893344	PS_Ct_r03_2016_09_19_L003	71	0	1	0	1
HAMBI_0403_chrm01_circ_4947683	PS_Ct_r03_2016_09_19_L003	58	1	1	0	1
HAMBI_0403_chrm01_circ_4968639	PS_Ct_r03_2016_09_19_L003	66	0	1	0	1
HAMBI_0403_chrm01_circ_4973982	PS_Ct_r03_2016_09_19_L003	65	0	1	0	1
HAMBI_0403_chrm01_circ_4994802	PS_Ct_r03_2016_09_19_L003	60	0	1	0	1
HAMBI_0403_chrm01_circ_500037	PS_Ct_r03_2016_09_19_L003	60	0	1	0	1
HAMBI_0403_chrm01_circ_5035898	PS_Ct_r03_2016_09_19_L003	67	2	1	0	1
HAMBI_0403_chrm01_circ_5041374	PS_Ct_r03_2016_09_19_L003	65	0	1	0	1
HAMBI_0403_chrm01_circ_5060025	PS_Ct_r03_2016_09_19_L003	55	0	1	0	1
HAMBI_0403_chrm01_circ_5074286	PS_Ct_r03_2016_09_19_L003	54	0	1	0	1
HAMBI_0403_chrm01_circ_5102598	PS_Ct_r03_2016_09_19_L003	60	0	1	0	1
HAMBI_0403_chrm01_circ_5106025	PS_Ct_r03_2016_09_19_L003	37	0	1	0	1
HAMBI_0403_chrm01_circ_5130785	PS_Ct_r03_2016_09_19_L003	62	0	1	0	1
HAMBI_0403_chrm01_circ_5165364	PS_Ct_r03_2016_09_19_L003	63	0	1	0	1
HAMBI_0403_chrm01_circ_5170782	PS_Ct_r03_2016_09_19_L003	71	3	1	0	1
HAMBI_0403_chrm01_circ_5191327	PS_Ct_r03_2016_09_19_L003	53	3	1	0	1
HAMBI_0403_chrm01_circ_5198807	PS_Ct_r03_2016_09_19_L003	46	0	1	0	1
HAMBI_0403_chrm01_circ_522539	PS_Ct_r03_2016_09_19_L003	75	0	1	0	1
HAMBI_0403_chrm01_circ_5277914	PS_Ct_r03_2016_09_19_L003	52	0	1	0	1
HAMBI_0403_chrm01_circ_5317143	PS_Ct_r03_2016_09_19_L003	71	1	1	0	1
HAMBI_0403_chrm01_circ_5369259	PS_Ct_r03_2016_09_19_L003	64	0	1	0	1
HAMBI_0403_chrm01_circ_5380330	PS_Ct_r03_2016_09_19_L003	69	0	1	0	1
HAMBI_0403_chrm01_circ_5387471	PS_Ct_r03_2016_09_19_L003	82	0	1	0	1
HAMBI_0403_chrm01_circ_5407887	PS_Ct_r03_2016_09_19_L003	53	0	1	0	1
HAMBI_0403_chrm01_circ_5435929	PS_Ct_r03_2016_09_19_L003	66	0	1	0	1
HAMBI_0403_chrm01_circ_5447164	PS_Ct_r03_2016_09_19_L003	68	0	1	0	1
HAMBI_0403_chrm01_circ_5448089	PS_Ct_r03_2016_09_19_L003	75	0	1	0	1
HAMBI_0403_chrm01_circ_5454777	PS_Ct_r03_2016_09_19_L003	67	0	1	0	1
HAMBI_0403_chrm01_circ_5466654	PS_Ct_r03_2016_09_19_L003	55	3	1	0	1
HAMBI_0403_chrm01_circ_5476119	PS_Ct_r03_2016_09_19_L003	58	0	1	0	1
HAMBI_0403_chrm01_circ_5571996	PS_Ct_r03_2016_09_19_L003	68	0	1	0	1
HAMBI_0403_chrm01_circ_5605380	PS_Ct_r03_2016_09_19_L003	60	0	1	0	1
HAMBI_0403_chrm01_circ_5649091	PS_Ct_r03_2016_09_19_L003	79	0	1	0	1
HAMBI_0403_chrm01_circ_5741782	PS_Ct_r03_2016_09_19_L003	50	0	1	0	1
HAMBI_0403_chrm01_circ_575080	PS_Ct_r03_2016_09_19_L003	56	0	1	0	1
HAMBI_0403_chrm01_circ_5775702	PS_Ct_r03_2016_09_19_L003	66	0	1	0	1
HAMBI_0403_chrm01_circ_61587	PS_Ct_r03_2016_09_19_L003	54	0	1	0	1
HAMBI_0403_chrm01_circ_673240	PS_Ct_r03_2016_09_19_L003	69	0	1	0	1
HAMBI_0403_chrm01_circ_674307	PS_Ct_r03_2016_09_19_L003	67	0	1	0	1
HAMBI_0403_chrm01_circ_674960	PS_Ct_r03_2016_09_19_L003	59	1	1	0	1
HAMBI_0403_chrm01_circ_693893	PS_Ct_r03_2016_09_19_L003	58	0	1	0	1
HAMBI_0403_chrm01_circ_698904	PS_Ct_r03_2016_09_19_L003	80	1	1	0	1
HAMBI_0403_chrm01_circ_70627	PS_Ct_r03_2016_09_19_L003	58	0	1	0	1
HAMBI_0403_chrm01_circ_736327	PS_Ct_r03_2016_09_19_L003	44	0	1	0	1
HAMBI_0403_chrm01_circ_755508	PS_Ct_r03_2016_09_19_L003	63	0	1	0	1
HAMBI_0403_chrm01_circ_759084	PS_Ct_r03_2016_09_19_L003	54	0	1	0	1
HAMBI_0403_chrm01_circ_78846	PS_Ct_r03_2016_09_19_L003	72	0	1	0	1
HAMBI_0403_chrm01_circ_790661	PS_Ct_r03_2016_09_19_L003	61	0	1	0	1
HAMBI_0403_chrm01_circ_808688	PS_Ct_r03_2016_09_19_L003	65	2	1	0	1
HAMBI_0403_chrm01_circ_814505	PS_Ct_r03_2016_09_19_L003	73	0	1	0	1
HAMBI_0403_chrm01_circ_823961	PS_Ct_r03_2016_09_19_L003	70	0	1	0	1
HAMBI_0403_chrm01_circ_83834	PS_Ct_r03_2016_09_19_L003	50	0	1	0	1
HAMBI_0403_chrm01_circ_868194	PS_Ct_r03_2016_09_19_L003	63	0	1	0	1
HAMBI_0403_chrm01_circ_905331	PS_Ct_r03_2016_09_19_L003	62	0	1	0	1
HAMBI_0403_chrm01_circ_928195	PS_Ct_r03_2016_09_19_L003	69	2	1	0	1
HAMBI_0403_chrm01_circ_946980	PS_Ct_r03_2016_09_19_L003	56	0	1	0	1
HAMBI_0403_chrm01_circ_955334	PS_Ct_r03_2016_09_19_L003	48	0	1	0	1
HAMBI_0403_chrm01_circ_958358	PS_Ct_r03_2016_09_19_L003	67	0	1	0	1
HAMBI_0403_chrm01_circ_958650	PS_Ct_r03_2016_09_19_L003	68	4	1	0	1
HAMBI_0403_chrm01_circ_96390	PS_Ct_r03_2016_09_19_L003	89	1	1	0	1
HAMBI_0403_chrm01_circ_99072	PS_Ct_r03_2016_09_19_L003	69	0	1	0	1
HAMBI_0403_chrm01_circ_99696	PS_Ct_r03_2016_09_19_L003	65	0	1	0	1
HAMBI_0403_plas01_circ_13169	PS_Ct_r03_2016_09_19_L003	122	0	1	0	1
HAMBI_0403_plas01_circ_31558	PS_Ct_r03_2016_09_19_L003	109	0	1	0	1
HAMBI_0403_chrm01_circ_1046497	PS_Ct_r03_2016_10_17_L001	73	0	1	0	1
HAMBI_0403_chrm01_circ_1080893	PS_Ct_r03_2016_10_17_L001	62	0	1	0	1
HAMBI_0403_chrm01_circ_1119336	PS_Ct_r03_2016_10_17_L001	60	2	1	0	1
HAMBI_0403_chrm01_circ_1119876	PS_Ct_r03_2016_10_17_L001	43	0	1	0	1
HAMBI_0403_chrm01_circ_1132164	PS_Ct_r03_2016_10_17_L001	58	2	1	0	1
HAMBI_0403_chrm01_circ_1154877	PS_Ct_r03_2016_10_17_L001	63	0	1	0	1
HAMBI_0403_chrm01_circ_1177878	PS_Ct_r03_2016_10_17_L001	67	0	1	0	1
HAMBI_0403_chrm01_circ_1191667	PS_Ct_r03_2016_10_17_L001	62	0	1	0	1
HAMBI_0403_chrm01_circ_1246798	PS_Ct_r03_2016_10_17_L001	67	0	1	0	1
HAMBI_0403_chrm01_circ_1272527	PS_Ct_r03_2016_10_17_L001	51	0	1	0	1
HAMBI_0403_chrm01_circ_1277340	PS_Ct_r03_2016_10_17_L001	93	0	1	0	1
HAMBI_0403_chrm01_circ_1295387	PS_Ct_r03_2016_10_17_L001	71	0	1	0	1
HAMBI_0403_chrm01_circ_1350046	PS_Ct_r03_2016_10_17_L001	115	3	1	0	1
HAMBI_0403_chrm01_circ_1359617	PS_Ct_r03_2016_10_17_L001	25	0	1	0	1
HAMBI_0403_chrm01_circ_1361345	PS_Ct_r03_2016_10_17_L001	48	0	1	0	1
HAMBI_0403_chrm01_circ_1392097	PS_Ct_r03_2016_10_17_L001	0	64	1	0	1
HAMBI_0403_chrm01_circ_1427994	PS_Ct_r03_2016_10_17_L001	55	0	1	0	1
HAMBI_0403_chrm01_circ_1449135	PS_Ct_r03_2016_10_17_L001	63	0	1	0	1
HAMBI_0403_chrm01_circ_1483274	PS_Ct_r03_2016_10_17_L001	99	0	1	0	1
HAMBI_0403_chrm01_circ_1488590	PS_Ct_r03_2016_10_17_L001	63	11	1	0	1
HAMBI_0403_chrm01_circ_15131	PS_Ct_r03_2016_10_17_L001	83	0	1	0	1
HAMBI_0403_chrm01_circ_1566075	PS_Ct_r03_2016_10_17_L001	57	0	1	0	1
HAMBI_0403_chrm01_circ_1610814	PS_Ct_r03_2016_10_17_L001	62	1	1	0	1
HAMBI_0403_chrm01_circ_161831	PS_Ct_r03_2016_10_17_L001	55	0	1	0	1
HAMBI_0403_chrm01_circ_16427	PS_Ct_r03_2016_10_17_L001	79	3	1	0	1
HAMBI_0403_chrm01_circ_1649857	PS_Ct_r03_2016_10_17_L001	56	0	1	0	1
HAMBI_0403_chrm01_circ_1732518	PS_Ct_r03_2016_10_17_L001	55	0	1	0	1
HAMBI_0403_chrm01_circ_1738117	PS_Ct_r03_2016_10_17_L001	91	0	1	0	1
HAMBI_0403_chrm01_circ_1759579	PS_Ct_r03_2016_10_17_L001	66	0	1	0	1
HAMBI_0403_chrm01_circ_177120	PS_Ct_r03_2016_10_17_L001	58	0	1	0	1
HAMBI_0403_chrm01_circ_1820962	PS_Ct_r03_2016_10_17_L001	46	0	1	0	1
HAMBI_0403_chrm01_circ_1887917	PS_Ct_r03_2016_10_17_L001	59	0	1	0	1
HAMBI_0403_chrm01_circ_1930553	PS_Ct_r03_2016_10_17_L001	76	4	1	0	1
HAMBI_0403_chrm01_circ_1942108	PS_Ct_r03_2016_10_17_L001	69	0	1	0	1
HAMBI_0403_chrm01_circ_1954454	PS_Ct_r03_2016_10_17_L001	78	0	1	0	1
HAMBI_0403_chrm01_circ_1956423	PS_Ct_r03_2016_10_17_L001	75	0	1	0	1
HAMBI_0403_chrm01_circ_1975660	PS_Ct_r03_2016_10_17_L001	75	0	1	0	1
HAMBI_0403_chrm01_circ_1977057	PS_Ct_r03_2016_10_17_L001	43	0	1	0	1
HAMBI_0403_chrm01_circ_2030365	PS_Ct_r03_2016_10_17_L001	55	0	1	0	1
HAMBI_0403_chrm01_circ_203280	PS_Ct_r03_2016_10_17_L001	85	0	1	0	1
HAMBI_0403_chrm01_circ_2047425	PS_Ct_r03_2016_10_17_L001	70	0	1	0	1
HAMBI_0403_chrm01_circ_204962	PS_Ct_r03_2016_10_17_L001	86	0	1	0	1
HAMBI_0403_chrm01_circ_2107547	PS_Ct_r03_2016_10_17_L001	63	0	1	0	1
HAMBI_0403_chrm01_circ_2168329	PS_Ct_r03_2016_10_17_L001	65	0	1	0	1
HAMBI_0403_chrm01_circ_2211058	PS_Ct_r03_2016_10_17_L001	72	0	1	0	1
HAMBI_0403_chrm01_circ_2255124	PS_Ct_r03_2016_10_17_L001	59	0	1	0	1
HAMBI_0403_chrm01_circ_2326138	PS_Ct_r03_2016_10_17_L001	62	0	1	0	1
HAMBI_0403_chrm01_circ_23479	PS_Ct_r03_2016_10_17_L001	66	0	1	0	1
HAMBI_0403_chrm01_circ_2442113	PS_Ct_r03_2016_10_17_L001	52	7	1	0	1
HAMBI_0403_chrm01_circ_2515857	PS_Ct_r03_2016_10_17_L001	75	0	1	0	1
HAMBI_0403_chrm01_circ_2636197	PS_Ct_r03_2016_10_17_L001	78	0	1	0	1
HAMBI_0403_chrm01_circ_264681	PS_Ct_r03_2016_10_17_L001	68	0	1	0	1
HAMBI_0403_chrm01_circ_2648858	PS_Ct_r03_2016_10_17_L001	60	0	1	0	1
HAMBI_0403_chrm01_circ_2663531	PS_Ct_r03_2016_10_17_L001	64	1	1	0	1
HAMBI_0403_chrm01_circ_267791	PS_Ct_r03_2016_10_17_L001	79	0	1	0	1
HAMBI_0403_chrm01_circ_2688975	PS_Ct_r03_2016_10_17_L001	65	0	1	0	1
HAMBI_0403_chrm01_circ_2693322	PS_Ct_r03_2016_10_17_L001	46	0	1	0	1
HAMBI_0403_chrm01_circ_2734043	PS_Ct_r03_2016_10_17_L001	41	0	1	0	1
HAMBI_0403_chrm01_circ_2751601	PS_Ct_r03_2016_10_17_L001	64	0	1	0	1
HAMBI_0403_chrm01_circ_2752133	PS_Ct_r03_2016_10_17_L001	58	1	1	0	1
HAMBI_0403_chrm01_circ_2754629	PS_Ct_r03_2016_10_17_L001	64	1	1	0	1
HAMBI_0403_chrm01_circ_2793634	PS_Ct_r03_2016_10_17_L001	81	0	1	0	1
HAMBI_0403_chrm01_circ_281980	PS_Ct_r03_2016_10_17_L001	87	1	1	0	1
HAMBI_0403_chrm01_circ_2888794	PS_Ct_r03_2016_10_17_L001	67	0	1	0	1
HAMBI_0403_chrm01_circ_292417	PS_Ct_r03_2016_10_17_L001	64	0	1	0	1
HAMBI_0403_chrm01_circ_2926993	PS_Ct_r03_2016_10_17_L001	66	1	1	0	1
HAMBI_0403_chrm01_circ_2930190	PS_Ct_r03_2016_10_17_L001	50	0	1	0	1
HAMBI_0403_chrm01_circ_2953973	PS_Ct_r03_2016_10_17_L001	48	0	1	0	1
HAMBI_0403_chrm01_circ_2957163	PS_Ct_r03_2016_10_17_L001	59	0	1	0	1
HAMBI_0403_chrm01_circ_2970233	PS_Ct_r03_2016_10_17_L001	73	0	1	0	1
HAMBI_0403_chrm01_circ_2992565	PS_Ct_r03_2016_10_17_L001	71	0	1	0	1
HAMBI_0403_chrm01_circ_2996524	PS_Ct_r03_2016_10_17_L001	76	0	1	0	1
HAMBI_0403_chrm01_circ_3087888	PS_Ct_r03_2016_10_17_L001	69	0	1	0	1
HAMBI_0403_chrm01_circ_3109922	PS_Ct_r03_2016_10_17_L001	67	0	1	0	1
HAMBI_0403_chrm01_circ_3118967	PS_Ct_r03_2016_10_17_L001	52	0	1	0	1
HAMBI_0403_chrm01_circ_3144725	PS_Ct_r03_2016_10_17_L001	63	0	1	0	1
HAMBI_0403_chrm01_circ_3149518	PS_Ct_r03_2016_10_17_L001	75	1	1	0	1
HAMBI_0403_chrm01_circ_3154053	PS_Ct_r03_2016_10_17_L001	59	0	1	0	1
HAMBI_0403_chrm01_circ_3211528	PS_Ct_r03_2016_10_17_L001	83	0	1	0	1
HAMBI_0403_chrm01_circ_3229165	PS_Ct_r03_2016_10_17_L001	63	0	1	0	1
HAMBI_0403_chrm01_circ_3250514	PS_Ct_r03_2016_10_17_L001	59	0	1	0	1
HAMBI_0403_chrm01_circ_3276660	PS_Ct_r03_2016_10_17_L001	55	2	1	0	1
HAMBI_0403_chrm01_circ_3281194	PS_Ct_r03_2016_10_17_L001	33	0	1	0	1
HAMBI_0403_chrm01_circ_3300154	PS_Ct_r03_2016_10_17_L001	62	0	1	0	1
HAMBI_0403_chrm01_circ_3322437	PS_Ct_r03_2016_10_17_L001	81	0	1	0	1
HAMBI_0403_chrm01_circ_3322622	PS_Ct_r03_2016_10_17_L001	83	0	1	0	1
HAMBI_0403_chrm01_circ_3329629	PS_Ct_r03_2016_10_17_L001	55	0	1	0	1
HAMBI_0403_chrm01_circ_338614	PS_Ct_r03_2016_10_17_L001	76	0	1	0	1
HAMBI_0403_chrm01_circ_3393687	PS_Ct_r03_2016_10_17_L001	43	0	1	0	1
HAMBI_0403_chrm01_circ_3394128	PS_Ct_r03_2016_10_17_L001	56	0	1	0	1
HAMBI_0403_chrm01_circ_3405266	PS_Ct_r03_2016_10_17_L001	50	0	1	0	1
HAMBI_0403_chrm01_circ_340602	PS_Ct_r03_2016_10_17_L001	80	0	1	0	1
HAMBI_0403_chrm01_circ_3418753	PS_Ct_r03_2016_10_17_L001	61	0	1	0	1
HAMBI_0403_chrm01_circ_3459098	PS_Ct_r03_2016_10_17_L001	160	0	1	0	1
HAMBI_0403_chrm01_circ_3460941	PS_Ct_r03_2016_10_17_L001	119	0	1	0	1
HAMBI_0403_chrm01_circ_3461599	PS_Ct_r03_2016_10_17_L001	108	0	1	0	1
HAMBI_0403_chrm01_circ_3489004	PS_Ct_r03_2016_10_17_L001	56	0	1	0	1
HAMBI_0403_chrm01_circ_355460	PS_Ct_r03_2016_10_17_L001	72	0	1	0	1
HAMBI_0403_chrm01_circ_3555176	PS_Ct_r03_2016_10_17_L001	57	1	1	0	1
HAMBI_0403_chrm01_circ_3560450	PS_Ct_r03_2016_10_17_L001	39	0	1	0	1
HAMBI_0403_chrm01_circ_3567764	PS_Ct_r03_2016_10_17_L001	66	0	1	0	1
HAMBI_0403_chrm01_circ_3601720	PS_Ct_r03_2016_10_17_L001	66	0	1	0	1
HAMBI_0403_chrm01_circ_360522	PS_Ct_r03_2016_10_17_L001	85	1	1	0	1
HAMBI_0403_chrm01_circ_3647008	PS_Ct_r03_2016_10_17_L001	56	0	1	0	1
HAMBI_0403_chrm01_circ_3652328	PS_Ct_r03_2016_10_17_L001	82	0	1	0	1
HAMBI_0403_chrm01_circ_3734676	PS_Ct_r03_2016_10_17_L001	52	0	1	0	1
HAMBI_0403_chrm01_circ_3808590	PS_Ct_r03_2016_10_17_L001	74	0	1	0	1
HAMBI_0403_chrm01_circ_3813095	PS_Ct_r03_2016_10_17_L001	67	0	1	0	1
HAMBI_0403_chrm01_circ_3832814	PS_Ct_r03_2016_10_17_L001	67	1	1	0	1
HAMBI_0403_chrm01_circ_3885292	PS_Ct_r03_2016_10_17_L001	72	0	1	0	1
HAMBI_0403_chrm01_circ_3900399	PS_Ct_r03_2016_10_17_L001	64	0	1	0	1
HAMBI_0403_chrm01_circ_3910589	PS_Ct_r03_2016_10_17_L001	54	32	1	0	1
HAMBI_0403_chrm01_circ_3911084	PS_Ct_r03_2016_10_17_L001	46	22	1	0	1
HAMBI_0403_chrm01_circ_3993103	PS_Ct_r03_2016_10_17_L001	55	0	1	0	1
HAMBI_0403_chrm01_circ_4025643	PS_Ct_r03_2016_10_17_L001	69	1	1	0	1
HAMBI_0403_chrm01_circ_4025652	PS_Ct_r03_2016_10_17_L001	73	1	1	0	1
HAMBI_0403_chrm01_circ_4025663	PS_Ct_r03_2016_10_17_L001	85	1	1	0	1
HAMBI_0403_chrm01_circ_4025670	PS_Ct_r03_2016_10_17_L001	82	1	1	0	1
HAMBI_0403_chrm01_circ_4025677	PS_Ct_r03_2016_10_17_L001	80	1	1	0	1
HAMBI_0403_chrm01_circ_4025698	PS_Ct_r03_2016_10_17_L001	78	0	1	0	1
HAMBI_0403_chrm01_circ_4025700	PS_Ct_r03_2016_10_17_L001	79	0	1	0	1
HAMBI_0403_chrm01_circ_4040615	PS_Ct_r03_2016_10_17_L001	64	0	1	0	1
HAMBI_0403_chrm01_circ_4047471	PS_Ct_r03_2016_10_17_L001	52	0	1	0	1
HAMBI_0403_chrm01_circ_4063903	PS_Ct_r03_2016_10_17_L001	49	0	1	0	1
HAMBI_0403_chrm01_circ_4082916	PS_Ct_r03_2016_10_17_L001	86	0	1	0	1
HAMBI_0403_chrm01_circ_4098318	PS_Ct_r03_2016_10_17_L001	66	0	1	0	1
HAMBI_0403_chrm01_circ_4111761	PS_Ct_r03_2016_10_17_L001	82	0	1	0	1
HAMBI_0403_chrm01_circ_4119675	PS_Ct_r03_2016_10_17_L001	75	0	1	0	1
HAMBI_0403_chrm01_circ_4204317	PS_Ct_r03_2016_10_17_L001	67	2	1	0	1
HAMBI_0403_chrm01_circ_4211806	PS_Ct_r03_2016_10_17_L001	81	0	1	0	1
HAMBI_0403_chrm01_circ_4225781	PS_Ct_r03_2016_10_17_L001	68	1	1	0	1
HAMBI_0403_chrm01_circ_4227635	PS_Ct_r03_2016_10_17_L001	100	0	1	0	1
HAMBI_0403_chrm01_circ_4252605	PS_Ct_r03_2016_10_17_L001	78	0	1	0	1
HAMBI_0403_chrm01_circ_4295930	PS_Ct_r03_2016_10_17_L001	101	0	1	0	1
HAMBI_0403_chrm01_circ_4332767	PS_Ct_r03_2016_10_17_L001	65	0	1	0	1
HAMBI_0403_chrm01_circ_434325	PS_Ct_r03_2016_10_17_L001	79	1	1	0	1
HAMBI_0403_chrm01_circ_4367530	PS_Ct_r03_2016_10_17_L001	72	1	1	0	1
HAMBI_0403_chrm01_circ_4378839	PS_Ct_r03_2016_10_17_L001	68	0	1	0	1
HAMBI_0403_chrm01_circ_4384070	PS_Ct_r03_2016_10_17_L001	58	0	1	0	1
HAMBI_0403_chrm01_circ_440957	PS_Ct_r03_2016_10_17_L001	67	0	1	0	1
HAMBI_0403_chrm01_circ_4424328	PS_Ct_r03_2016_10_17_L001	64	1	1	0	1
HAMBI_0403_chrm01_circ_4450072	PS_Ct_r03_2016_10_17_L001	68	0	1	0	1
HAMBI_0403_chrm01_circ_4483742	PS_Ct_r03_2016_10_17_L001	66	1	1	0	1
HAMBI_0403_chrm01_circ_4537667	PS_Ct_r03_2016_10_17_L001	76	0	1	0	1
HAMBI_0403_chrm01_circ_4568561	PS_Ct_r03_2016_10_17_L001	48	0	1	0	1
HAMBI_0403_chrm01_circ_4574843	PS_Ct_r03_2016_10_17_L001	54	0	1	0	1
HAMBI_0403_chrm01_circ_4597956	PS_Ct_r03_2016_10_17_L001	81	0	1	0	1
HAMBI_0403_chrm01_circ_4629677	PS_Ct_r03_2016_10_17_L001	81	2	1	0	1
HAMBI_0403_chrm01_circ_4750362	PS_Ct_r03_2016_10_17_L001	47	0	1	0	1
HAMBI_0403_chrm01_circ_4761505	PS_Ct_r03_2016_10_17_L001	16	0	1	0	1
HAMBI_0403_chrm01_circ_4792076	PS_Ct_r03_2016_10_17_L001	70	1	1	0	1
HAMBI_0403_chrm01_circ_4807897	PS_Ct_r03_2016_10_17_L001	87	0	1	0	1
HAMBI_0403_chrm01_circ_4807942	PS_Ct_r03_2016_10_17_L001	89	0	1	0	1
HAMBI_0403_chrm01_circ_4815800	PS_Ct_r03_2016_10_17_L001	65	2	1	0	1
HAMBI_0403_chrm01_circ_4827495	PS_Ct_r03_2016_10_17_L001	56	0	1	0	1
HAMBI_0403_chrm01_circ_4829007	PS_Ct_r03_2016_10_17_L001	88	0	1	0	1
HAMBI_0403_chrm01_circ_4829050	PS_Ct_r03_2016_10_17_L001	76	0	1	0	1
HAMBI_0403_chrm01_circ_4831235	PS_Ct_r03_2016_10_17_L001	94	0	1	0	1
HAMBI_0403_chrm01_circ_4893344	PS_Ct_r03_2016_10_17_L001	76	0	1	0	1
HAMBI_0403_chrm01_circ_4947683	PS_Ct_r03_2016_10_17_L001	75	3	1	0	1
HAMBI_0403_chrm01_circ_4968639	PS_Ct_r03_2016_10_17_L001	81	0	1	0	1
HAMBI_0403_chrm01_circ_4973982	PS_Ct_r03_2016_10_17_L001	66	0	1	0	1
HAMBI_0403_chrm01_circ_4994802	PS_Ct_r03_2016_10_17_L001	77	0	1	0	1
HAMBI_0403_chrm01_circ_500037	PS_Ct_r03_2016_10_17_L001	75	0	1	0	1
HAMBI_0403_chrm01_circ_5035898	PS_Ct_r03_2016_10_17_L001	66	0	1	0	1
HAMBI_0403_chrm01_circ_5041374	PS_Ct_r03_2016_10_17_L001	60	0	1	0	1
HAMBI_0403_chrm01_circ_5060025	PS_Ct_r03_2016_10_17_L001	72	0	1	0	1
HAMBI_0403_chrm01_circ_5074286	PS_Ct_r03_2016_10_17_L001	75	0	1	0	1
HAMBI_0403_chrm01_circ_5102598	PS_Ct_r03_2016_10_17_L001	81	1	1	0	1
HAMBI_0403_chrm01_circ_5106025	PS_Ct_r03_2016_10_17_L001	56	0	1	0	1
HAMBI_0403_chrm01_circ_5130785	PS_Ct_r03_2016_10_17_L001	93	0	1	0	1
HAMBI_0403_chrm01_circ_5165364	PS_Ct_r03_2016_10_17_L001	99	0	1	0	1
HAMBI_0403_chrm01_circ_5170782	PS_Ct_r03_2016_10_17_L001	95	14	1	0	1
HAMBI_0403_chrm01_circ_5191327	PS_Ct_r03_2016_10_17_L001	62	1	1	0	1
HAMBI_0403_chrm01_circ_5198807	PS_Ct_r03_2016_10_17_L001	59	0	1	0	1
HAMBI_0403_chrm01_circ_522539	PS_Ct_r03_2016_10_17_L001	68	0	1	0	1
HAMBI_0403_chrm01_circ_5277914	PS_Ct_r03_2016_10_17_L001	82	0	1	0	1
HAMBI_0403_chrm01_circ_5317143	PS_Ct_r03_2016_10_17_L001	69	1	1	0	1
HAMBI_0403_chrm01_circ_5369259	PS_Ct_r03_2016_10_17_L001	68	0	1	0	1
HAMBI_0403_chrm01_circ_5380330	PS_Ct_r03_2016_10_17_L001	95	0	1	0	1
HAMBI_0403_chrm01_circ_5387471	PS_Ct_r03_2016_10_17_L001	87	0	1	0	1
HAMBI_0403_chrm01_circ_5407887	PS_Ct_r03_2016_10_17_L001	79	0	1	0	1
HAMBI_0403_chrm01_circ_5435929	PS_Ct_r03_2016_10_17_L001	91	1	1	0	1
HAMBI_0403_chrm01_circ_5447164	PS_Ct_r03_2016_10_17_L001	71	0	1	0	1
HAMBI_0403_chrm01_circ_5448089	PS_Ct_r03_2016_10_17_L001	77	0	1	0	1
HAMBI_0403_chrm01_circ_5454777	PS_Ct_r03_2016_10_17_L001	87	0	1	0	1
HAMBI_0403_chrm01_circ_5466654	PS_Ct_r03_2016_10_17_L001	74	0	1	0	1
HAMBI_0403_chrm01_circ_5476119	PS_Ct_r03_2016_10_17_L001	70	0	1	0	1
HAMBI_0403_chrm01_circ_5571996	PS_Ct_r03_2016_10_17_L001	64	1	1	0	1
HAMBI_0403_chrm01_circ_5605380	PS_Ct_r03_2016_10_17_L001	67	0	1	0	1
HAMBI_0403_chrm01_circ_5649091	PS_Ct_r03_2016_10_17_L001	122	0	1	0	1
HAMBI_0403_chrm01_circ_5741782	PS_Ct_r03_2016_10_17_L001	74	0	1	0	1
HAMBI_0403_chrm01_circ_575080	PS_Ct_r03_2016_10_17_L001	71	0	1	0	1
HAMBI_0403_chrm01_circ_5775702	PS_Ct_r03_2016_10_17_L001	58	0	1	0	1
HAMBI_0403_chrm01_circ_61587	PS_Ct_r03_2016_10_17_L001	78	0	1	0	1
HAMBI_0403_chrm01_circ_673240	PS_Ct_r03_2016_10_17_L001	63	0	1	0	1
HAMBI_0403_chrm01_circ_674307	PS_Ct_r03_2016_10_17_L001	67	0	1	0	1
HAMBI_0403_chrm01_circ_674960	PS_Ct_r03_2016_10_17_L001	59	0	1	0	1
HAMBI_0403_chrm01_circ_693893	PS_Ct_r03_2016_10_17_L001	86	0	1	0	1
HAMBI_0403_chrm01_circ_698904	PS_Ct_r03_2016_10_17_L001	70	1	1	0	1
HAMBI_0403_chrm01_circ_70627	PS_Ct_r03_2016_10_17_L001	71	0	1	0	1
HAMBI_0403_chrm01_circ_736327	PS_Ct_r03_2016_10_17_L001	70	0	1	0	1
HAMBI_0403_chrm01_circ_755508	PS_Ct_r03_2016_10_17_L001	72	0	1	0	1
HAMBI_0403_chrm01_circ_759084	PS_Ct_r03_2016_10_17_L001	54	0	1	0	1
HAMBI_0403_chrm01_circ_78846	PS_Ct_r03_2016_10_17_L001	80	0	1	0	1
HAMBI_0403_chrm01_circ_790661	PS_Ct_r03_2016_10_17_L001	79	0	1	0	1
HAMBI_0403_chrm01_circ_808688	PS_Ct_r03_2016_10_17_L001	71	0	1	0	1
HAMBI_0403_chrm01_circ_814505	PS_Ct_r03_2016_10_17_L001	46	0	1	0	1
HAMBI_0403_chrm01_circ_823961	PS_Ct_r03_2016_10_17_L001	61	0	1	0	1
HAMBI_0403_chrm01_circ_83834	PS_Ct_r03_2016_10_17_L001	74	0	1	0	1
HAMBI_0403_chrm01_circ_868194	PS_Ct_r03_2016_10_17_L001	75	0	1	0	1
HAMBI_0403_chrm01_circ_905331	PS_Ct_r03_2016_10_17_L001	77	0	1	0	1
HAMBI_0403_chrm01_circ_928195	PS_Ct_r03_2016_10_17_L001	77	3	1	0	1
HAMBI_0403_chrm01_circ_946980	PS_Ct_r03_2016_10_17_L001	69	0	1	0	1
HAMBI_0403_chrm01_circ_955334	PS_Ct_r03_2016_10_17_L001	70	0	1	0	1
HAMBI_0403_chrm01_circ_958358	PS_Ct_r03_2016_10_17_L001	85	0	1	0	1
HAMBI_0403_chrm01_circ_958650	PS_Ct_r03_2016_10_17_L001	70	13	1	0	1
HAMBI_0403_chrm01_circ_96390	PS_Ct_r03_2016_10_17_L001	90	0	1	0	1
HAMBI_0403_chrm01_circ_99072	PS_Ct_r03_2016_10_17_L001	89	0	1	0	1
HAMBI_0403_chrm01_circ_99696	PS_Ct_r03_2016_10_17_L001	90	0	1	0	1
HAMBI_0403_plas01_circ_13169	PS_Ct_r03_2016_10_17_L001	130	0	1	0	1
HAMBI_0403_plas01_circ_31558	PS_Ct_r03_2016_10_17_L001	108	0	1	0	1
HAMBI_0403_chrm01_circ_1046497	PS_Ct_r03_2016_11_14_L001	78	0	1	0	1
HAMBI_0403_chrm01_circ_1080893	PS_Ct_r03_2016_11_14_L001	65	0	1	0	1
HAMBI_0403_chrm01_circ_1119336	PS_Ct_r03_2016_11_14_L001	66	3	1	0	1
HAMBI_0403_chrm01_circ_1119876	PS_Ct_r03_2016_11_14_L001	56	0	1	0	1
HAMBI_0403_chrm01_circ_1132164	PS_Ct_r03_2016_11_14_L001	56	5	1	0	1
HAMBI_0403_chrm01_circ_1154877	PS_Ct_r03_2016_11_14_L001	74	0	1	0	1
HAMBI_0403_chrm01_circ_1177878	PS_Ct_r03_2016_11_14_L001	78	0	1	0	1
HAMBI_0403_chrm01_circ_1191667	PS_Ct_r03_2016_11_14_L001	57	0	1	0	1
HAMBI_0403_chrm01_circ_1246798	PS_Ct_r03_2016_11_14_L001	83	0	1	0	1
HAMBI_0403_chrm01_circ_1272527	PS_Ct_r03_2016_11_14_L001	62	1	1	0	1
HAMBI_0403_chrm01_circ_1277340	PS_Ct_r03_2016_11_14_L001	87	0	1	0	1
HAMBI_0403_chrm01_circ_1295387	PS_Ct_r03_2016_11_14_L001	74	8	1	0	1
HAMBI_0403_chrm01_circ_1350046	PS_Ct_r03_2016_11_14_L001	104	5	1	0	1
HAMBI_0403_chrm01_circ_1359617	PS_Ct_r03_2016_11_14_L001	22	3	1	0	1
HAMBI_0403_chrm01_circ_1361345	PS_Ct_r03_2016_11_14_L001	58	0	1	0	1
HAMBI_0403_chrm01_circ_1392097	PS_Ct_r03_2016_11_14_L001	0	135	1	0	1
HAMBI_0403_chrm01_circ_1427994	PS_Ct_r03_2016_11_14_L001	58	0	1	0	1
HAMBI_0403_chrm01_circ_1449135	PS_Ct_r03_2016_11_14_L001	50	0	1	0	1
HAMBI_0403_chrm01_circ_1483274	PS_Ct_r03_2016_11_14_L001	90	0	1	0	1
HAMBI_0403_chrm01_circ_1488590	PS_Ct_r03_2016_11_14_L001	64	10	1	0	1
HAMBI_0403_chrm01_circ_15131	PS_Ct_r03_2016_11_14_L001	57	0	1	0	1
HAMBI_0403_chrm01_circ_1566075	PS_Ct_r03_2016_11_14_L001	62	0	1	0	1
HAMBI_0403_chrm01_circ_1610814	PS_Ct_r03_2016_11_14_L001	60	6	1	0	1
HAMBI_0403_chrm01_circ_161831	PS_Ct_r03_2016_11_14_L001	53	2	1	0	1
HAMBI_0403_chrm01_circ_16427	PS_Ct_r03_2016_11_14_L001	65	2	1	0	1
HAMBI_0403_chrm01_circ_1649857	PS_Ct_r03_2016_11_14_L001	74	0	1	0	1
HAMBI_0403_chrm01_circ_1732518	PS_Ct_r03_2016_11_14_L001	63	0	1	0	1
HAMBI_0403_chrm01_circ_1738117	PS_Ct_r03_2016_11_14_L001	117	0	1	0	1
HAMBI_0403_chrm01_circ_1759579	PS_Ct_r03_2016_11_14_L001	71	0	1	0	1
HAMBI_0403_chrm01_circ_177120	PS_Ct_r03_2016_11_14_L001	79	0	1	0	1
HAMBI_0403_chrm01_circ_1820962	PS_Ct_r03_2016_11_14_L001	56	0	1	0	1
HAMBI_0403_chrm01_circ_1887917	PS_Ct_r03_2016_11_14_L001	63	0	1	0	1
HAMBI_0403_chrm01_circ_1930553	PS_Ct_r03_2016_11_14_L001	70	0	1	0	1
HAMBI_0403_chrm01_circ_1942108	PS_Ct_r03_2016_11_14_L001	51	0	1	0	1
HAMBI_0403_chrm01_circ_1954454	PS_Ct_r03_2016_11_14_L001	88	0	1	0	1
HAMBI_0403_chrm01_circ_1956423	PS_Ct_r03_2016_11_14_L001	64	0	1	0	1
HAMBI_0403_chrm01_circ_1975660	PS_Ct_r03_2016_11_14_L001	88	0	1	0	1
HAMBI_0403_chrm01_circ_1977057	PS_Ct_r03_2016_11_14_L001	63	1	1	0	1
HAMBI_0403_chrm01_circ_2030365	PS_Ct_r03_2016_11_14_L001	73	0	1	0	1
HAMBI_0403_chrm01_circ_203280	PS_Ct_r03_2016_11_14_L001	85	1	1	0	1
HAMBI_0403_chrm01_circ_2047425	PS_Ct_r03_2016_11_14_L001	84	0	1	0	1
HAMBI_0403_chrm01_circ_204962	PS_Ct_r03_2016_11_14_L001	90	1	1	0	1
HAMBI_0403_chrm01_circ_2107547	PS_Ct_r03_2016_11_14_L001	73	0	1	0	1
HAMBI_0403_chrm01_circ_2168329	PS_Ct_r03_2016_11_14_L001	63	0	1	0	1
HAMBI_0403_chrm01_circ_2211058	PS_Ct_r03_2016_11_14_L001	75	0	1	0	1
HAMBI_0403_chrm01_circ_2255124	PS_Ct_r03_2016_11_14_L001	64	0	1	0	1
HAMBI_0403_chrm01_circ_2326138	PS_Ct_r03_2016_11_14_L001	72	0	1	0	1
HAMBI_0403_chrm01_circ_23479	PS_Ct_r03_2016_11_14_L001	60	0	1	0	1
HAMBI_0403_chrm01_circ_2442113	PS_Ct_r03_2016_11_14_L001	46	18	1	0	1
HAMBI_0403_chrm01_circ_2515857	PS_Ct_r03_2016_11_14_L001	67	0	1	0	1
HAMBI_0403_chrm01_circ_2636197	PS_Ct_r03_2016_11_14_L001	76	0	1	0	1
HAMBI_0403_chrm01_circ_264681	PS_Ct_r03_2016_11_14_L001	80	0	1	0	1
HAMBI_0403_chrm01_circ_2648858	PS_Ct_r03_2016_11_14_L001	69	0	1	0	1
HAMBI_0403_chrm01_circ_2663531	PS_Ct_r03_2016_11_14_L001	84	0	1	0	1
HAMBI_0403_chrm01_circ_267791	PS_Ct_r03_2016_11_14_L001	68	0	1	0	1
HAMBI_0403_chrm01_circ_2688975	PS_Ct_r03_2016_11_14_L001	69	0	1	0	1
HAMBI_0403_chrm01_circ_2693322	PS_Ct_r03_2016_11_14_L001	69	0	1	0	1
HAMBI_0403_chrm01_circ_2734043	PS_Ct_r03_2016_11_14_L001	68	0	1	0	1
HAMBI_0403_chrm01_circ_2751601	PS_Ct_r03_2016_11_14_L001	57	0	1	0	1
HAMBI_0403_chrm01_circ_2752133	PS_Ct_r03_2016_11_14_L001	49	2	1	0	1
HAMBI_0403_chrm01_circ_2754629	PS_Ct_r03_2016_11_14_L001	72	0	1	0	1
HAMBI_0403_chrm01_circ_2793634	PS_Ct_r03_2016_11_14_L001	87	0	1	0	1
HAMBI_0403_chrm01_circ_281980	PS_Ct_r03_2016_11_14_L001	72	0	1	0	1
HAMBI_0403_chrm01_circ_2888794	PS_Ct_r03_2016_11_14_L001	75	2	1	0	1
HAMBI_0403_chrm01_circ_292417	PS_Ct_r03_2016_11_14_L001	74	0	1	0	1
HAMBI_0403_chrm01_circ_2926993	PS_Ct_r03_2016_11_14_L001	54	1	1	0	1
HAMBI_0403_chrm01_circ_2930190	PS_Ct_r03_2016_11_14_L001	58	0	1	0	1
HAMBI_0403_chrm01_circ_2953973	PS_Ct_r03_2016_11_14_L001	69	0	1	0	1
HAMBI_0403_chrm01_circ_2957163	PS_Ct_r03_2016_11_14_L001	68	0	1	0	1
HAMBI_0403_chrm01_circ_2970233	PS_Ct_r03_2016_11_14_L001	78	2	1	0	1
HAMBI_0403_chrm01_circ_2992565	PS_Ct_r03_2016_11_14_L001	58	0	1	0	1
HAMBI_0403_chrm01_circ_2996524	PS_Ct_r03_2016_11_14_L001	76	0	1	0	1
HAMBI_0403_chrm01_circ_3087888	PS_Ct_r03_2016_11_14_L001	60	2	1	0	1
HAMBI_0403_chrm01_circ_3109922	PS_Ct_r03_2016_11_14_L001	82	0	1	0	1
HAMBI_0403_chrm01_circ_3118967	PS_Ct_r03_2016_11_14_L001	68	0	1	0	1
HAMBI_0403_chrm01_circ_3144725	PS_Ct_r03_2016_11_14_L001	59	0	1	0	1
HAMBI_0403_chrm01_circ_3149518	PS_Ct_r03_2016_11_14_L001	78	0	1	0	1
HAMBI_0403_chrm01_circ_3154053	PS_Ct_r03_2016_11_14_L001	63	0	1	0	1
HAMBI_0403_chrm01_circ_3211528	PS_Ct_r03_2016_11_14_L001	112	0	1	0	1
HAMBI_0403_chrm01_circ_3229165	PS_Ct_r03_2016_11_14_L001	79	0	1	0	1
HAMBI_0403_chrm01_circ_3250514	PS_Ct_r03_2016_11_14_L001	61	0	1	0	1
HAMBI_0403_chrm01_circ_3276660	PS_Ct_r03_2016_11_14_L001	64	8	1	0	1
HAMBI_0403_chrm01_circ_3281194	PS_Ct_r03_2016_11_14_L001	36	0	1	0	1
HAMBI_0403_chrm01_circ_3300154	PS_Ct_r03_2016_11_14_L001	64	0	1	0	1
HAMBI_0403_chrm01_circ_3322437	PS_Ct_r03_2016_11_14_L001	75	9	1	0	1
HAMBI_0403_chrm01_circ_3322622	PS_Ct_r03_2016_11_14_L001	73	0	1	0	1
HAMBI_0403_chrm01_circ_3329629	PS_Ct_r03_2016_11_14_L001	50	0	1	0	1
HAMBI_0403_chrm01_circ_338614	PS_Ct_r03_2016_11_14_L001	74	1	1	0	1
HAMBI_0403_chrm01_circ_3393687	PS_Ct_r03_2016_11_14_L001	52	1	1	0	1
HAMBI_0403_chrm01_circ_3394128	PS_Ct_r03_2016_11_14_L001	47	0	1	0	1
HAMBI_0403_chrm01_circ_3405266	PS_Ct_r03_2016_11_14_L001	57	0	1	0	1
HAMBI_0403_chrm01_circ_340602	PS_Ct_r03_2016_11_14_L001	73	1	1	0	1
HAMBI_0403_chrm01_circ_3418753	PS_Ct_r03_2016_11_14_L001	72	0	1	0	1
HAMBI_0403_chrm01_circ_3459098	PS_Ct_r03_2016_11_14_L001	132	0	1	0	1
HAMBI_0403_chrm01_circ_3460941	PS_Ct_r03_2016_11_14_L001	124	0	1	0	1
HAMBI_0403_chrm01_circ_3461599	PS_Ct_r03_2016_11_14_L001	75	0	1	0	1
HAMBI_0403_chrm01_circ_3489004	PS_Ct_r03_2016_11_14_L001	67	0	1	0	1
HAMBI_0403_chrm01_circ_355460	PS_Ct_r03_2016_11_14_L001	57	0	1	0	1
HAMBI_0403_chrm01_circ_3555176	PS_Ct_r03_2016_11_14_L001	58	4	1	0	1
HAMBI_0403_chrm01_circ_3560450	PS_Ct_r03_2016_11_14_L001	62	0	1	0	1
HAMBI_0403_chrm01_circ_3567764	PS_Ct_r03_2016_11_14_L001	86	0	1	0	1
HAMBI_0403_chrm01_circ_3601720	PS_Ct_r03_2016_11_14_L001	72	0	1	0	1
HAMBI_0403_chrm01_circ_360522	PS_Ct_r03_2016_11_14_L001	80	4	1	0	1
HAMBI_0403_chrm01_circ_3647008	PS_Ct_r03_2016_11_14_L001	81	0	1	0	1
HAMBI_0403_chrm01_circ_3652328	PS_Ct_r03_2016_11_14_L001	63	7	1	0	1
HAMBI_0403_chrm01_circ_3734676	PS_Ct_r03_2016_11_14_L001	70	0	1	0	1
HAMBI_0403_chrm01_circ_3808590	PS_Ct_r03_2016_11_14_L001	81	0	1	0	1
HAMBI_0403_chrm01_circ_3813095	PS_Ct_r03_2016_11_14_L001	62	0	1	0	1
HAMBI_0403_chrm01_circ_3832814	PS_Ct_r03_2016_11_14_L001	71	5	1	0	1
HAMBI_0403_chrm01_circ_3885292	PS_Ct_r03_2016_11_14_L001	87	0	1	0	1
HAMBI_0403_chrm01_circ_3900399	PS_Ct_r03_2016_11_14_L001	57	0	1	0	1
HAMBI_0403_chrm01_circ_3910589	PS_Ct_r03_2016_11_14_L001	81	11	1	0	1
HAMBI_0403_chrm01_circ_3911084	PS_Ct_r03_2016_11_14_L001	77	15	1	0	1
HAMBI_0403_chrm01_circ_3993103	PS_Ct_r03_2016_11_14_L001	64	0	1	0	1
HAMBI_0403_chrm01_circ_4025643	PS_Ct_r03_2016_11_14_L001	81	2	1	0	1
HAMBI_0403_chrm01_circ_4025652	PS_Ct_r03_2016_11_14_L001	84	2	1	0	1
HAMBI_0403_chrm01_circ_4025663	PS_Ct_r03_2016_11_14_L001	87	2	1	0	1
HAMBI_0403_chrm01_circ_4025670	PS_Ct_r03_2016_11_14_L001	85	2	1	0	1
HAMBI_0403_chrm01_circ_4025677	PS_Ct_r03_2016_11_14_L001	85	2	1	0	1
HAMBI_0403_chrm01_circ_4025698	PS_Ct_r03_2016_11_14_L001	89	0	1	0	1
HAMBI_0403_chrm01_circ_4025700	PS_Ct_r03_2016_11_14_L001	94	0	1	0	1
HAMBI_0403_chrm01_circ_4040615	PS_Ct_r03_2016_11_14_L001	72	0	1	0	1
HAMBI_0403_chrm01_circ_4047471	PS_Ct_r03_2016_11_14_L001	68	0	1	0	1
HAMBI_0403_chrm01_circ_4063903	PS_Ct_r03_2016_11_14_L001	79	0	1	0	1
HAMBI_0403_chrm01_circ_4082916	PS_Ct_r03_2016_11_14_L001	72	0	1	0	1
HAMBI_0403_chrm01_circ_4098318	PS_Ct_r03_2016_11_14_L001	69	6	1	0	1
HAMBI_0403_chrm01_circ_4111761	PS_Ct_r03_2016_11_14_L001	74	0	1	0	1
HAMBI_0403_chrm01_circ_4119675	PS_Ct_r03_2016_11_14_L001	54	4	1	0	1
HAMBI_0403_chrm01_circ_4204317	PS_Ct_r03_2016_11_14_L001	71	5	1	0	1
HAMBI_0403_chrm01_circ_4211806	PS_Ct_r03_2016_11_14_L001	86	0	1	0	1
HAMBI_0403_chrm01_circ_4225781	PS_Ct_r03_2016_11_14_L001	80	0	1	0	1
HAMBI_0403_chrm01_circ_4227635	PS_Ct_r03_2016_11_14_L001	75	1	1	0	1
HAMBI_0403_chrm01_circ_4252605	PS_Ct_r03_2016_11_14_L001	77	0	1	0	1
HAMBI_0403_chrm01_circ_4295930	PS_Ct_r03_2016_11_14_L001	87	0	1	0	1
HAMBI_0403_chrm01_circ_4332767	PS_Ct_r03_2016_11_14_L001	65	0	1	0	1
HAMBI_0403_chrm01_circ_434325	PS_Ct_r03_2016_11_14_L001	91	0	1	0	1
HAMBI_0403_chrm01_circ_4367530	PS_Ct_r03_2016_11_14_L001	77	0	1	0	1
HAMBI_0403_chrm01_circ_4378839	PS_Ct_r03_2016_11_14_L001	73	0	1	0	1
HAMBI_0403_chrm01_circ_4384070	PS_Ct_r03_2016_11_14_L001	54	0	1	0	1
HAMBI_0403_chrm01_circ_440957	PS_Ct_r03_2016_11_14_L001	64	0	1	0	1
HAMBI_0403_chrm01_circ_4424328	PS_Ct_r03_2016_11_14_L001	62	2	1	0	1
HAMBI_0403_chrm01_circ_4450072	PS_Ct_r03_2016_11_14_L001	74	0	1	0	1
HAMBI_0403_chrm01_circ_4483742	PS_Ct_r03_2016_11_14_L001	58	7	1	0	1
HAMBI_0403_chrm01_circ_4537667	PS_Ct_r03_2016_11_14_L001	81	0	1	0	1
HAMBI_0403_chrm01_circ_4568561	PS_Ct_r03_2016_11_14_L001	57	0	1	0	1
HAMBI_0403_chrm01_circ_4574843	PS_Ct_r03_2016_11_14_L001	95	0	1	0	1
HAMBI_0403_chrm01_circ_4597956	PS_Ct_r03_2016_11_14_L001	65	0	1	0	1
HAMBI_0403_chrm01_circ_4629677	PS_Ct_r03_2016_11_14_L001	85	0	1	0	1
HAMBI_0403_chrm01_circ_4750362	PS_Ct_r03_2016_11_14_L001	73	0	1	0	1
HAMBI_0403_chrm01_circ_4761505	PS_Ct_r03_2016_11_14_L001	21	0	1	0	1
HAMBI_0403_chrm01_circ_4792076	PS_Ct_r03_2016_11_14_L001	71	7	1	0	1
HAMBI_0403_chrm01_circ_4807897	PS_Ct_r03_2016_11_14_L001	94	0	1	0	1
HAMBI_0403_chrm01_circ_4807942	PS_Ct_r03_2016_11_14_L001	82	0	1	0	1
HAMBI_0403_chrm01_circ_4815800	PS_Ct_r03_2016_11_14_L001	75	4	1	0	1
HAMBI_0403_chrm01_circ_4827495	PS_Ct_r03_2016_11_14_L001	61	0	1	0	1
HAMBI_0403_chrm01_circ_4829007	PS_Ct_r03_2016_11_14_L001	80	0	1	0	1
HAMBI_0403_chrm01_circ_4829050	PS_Ct_r03_2016_11_14_L001	93	0	1	0	1
HAMBI_0403_chrm01_circ_4831235	PS_Ct_r03_2016_11_14_L001	116	0	1	0	1
HAMBI_0403_chrm01_circ_4893344	PS_Ct_r03_2016_11_14_L001	70	0	1	0	1
HAMBI_0403_chrm01_circ_4947683	PS_Ct_r03_2016_11_14_L001	79	0	1	0	1
HAMBI_0403_chrm01_circ_4968639	PS_Ct_r03_2016_11_14_L001	78	0	1	0	1
HAMBI_0403_chrm01_circ_4973982	PS_Ct_r03_2016_11_14_L001	81	0	1	0	1
HAMBI_0403_chrm01_circ_4994802	PS_Ct_r03_2016_11_14_L001	74	0	1	0	1
HAMBI_0403_chrm01_circ_500037	PS_Ct_r03_2016_11_14_L001	73	0	1	0	1
HAMBI_0403_chrm01_circ_5035898	PS_Ct_r03_2016_11_14_L001	66	0	1	0	1
HAMBI_0403_chrm01_circ_5041374	PS_Ct_r03_2016_11_14_L001	75	1	1	0	1
HAMBI_0403_chrm01_circ_5060025	PS_Ct_r03_2016_11_14_L001	90	0	1	0	1
HAMBI_0403_chrm01_circ_5074286	PS_Ct_r03_2016_11_14_L001	80	0	1	0	1
HAMBI_0403_chrm01_circ_5102598	PS_Ct_r03_2016_11_14_L001	68	1	1	0	1
HAMBI_0403_chrm01_circ_5106025	PS_Ct_r03_2016_11_14_L001	38	1	1	0	1
HAMBI_0403_chrm01_circ_5130785	PS_Ct_r03_2016_11_14_L001	75	0	1	0	1
HAMBI_0403_chrm01_circ_5165364	PS_Ct_r03_2016_11_14_L001	121	0	1	0	1
HAMBI_0403_chrm01_circ_5170782	PS_Ct_r03_2016_11_14_L001	104	28	1	0	1
HAMBI_0403_chrm01_circ_5191327	PS_Ct_r03_2016_11_14_L001	52	5	1	0	1
HAMBI_0403_chrm01_circ_5198807	PS_Ct_r03_2016_11_14_L001	65	0	1	0	1
HAMBI_0403_chrm01_circ_522539	PS_Ct_r03_2016_11_14_L001	64	23	1	0	1
HAMBI_0403_chrm01_circ_5277914	PS_Ct_r03_2016_11_14_L001	71	0	1	0	1
HAMBI_0403_chrm01_circ_5317143	PS_Ct_r03_2016_11_14_L001	78	1	1	0	1
HAMBI_0403_chrm01_circ_5369259	PS_Ct_r03_2016_11_14_L001	66	0	1	0	1
HAMBI_0403_chrm01_circ_5380330	PS_Ct_r03_2016_11_14_L001	71	0	1	0	1
HAMBI_0403_chrm01_circ_5387471	PS_Ct_r03_2016_11_14_L001	73	0	1	0	1
HAMBI_0403_chrm01_circ_5407887	PS_Ct_r03_2016_11_14_L001	83	0	1	0	1
HAMBI_0403_chrm01_circ_5435929	PS_Ct_r03_2016_11_14_L001	64	1	1	0	1
HAMBI_0403_chrm01_circ_5447164	PS_Ct_r03_2016_11_14_L001	68	0	1	0	1
HAMBI_0403_chrm01_circ_5448089	PS_Ct_r03_2016_11_14_L001	71	0	1	0	1
HAMBI_0403_chrm01_circ_5454777	PS_Ct_r03_2016_11_14_L001	80	0	1	0	1
HAMBI_0403_chrm01_circ_5466654	PS_Ct_r03_2016_11_14_L001	70	0	1	0	1
HAMBI_0403_chrm01_circ_5476119	PS_Ct_r03_2016_11_14_L001	58	0	1	0	1
HAMBI_0403_chrm01_circ_5571996	PS_Ct_r03_2016_11_14_L001	66	11	1	0	1
HAMBI_0403_chrm01_circ_5605380	PS_Ct_r03_2016_11_14_L001	75	0	1	0	1
HAMBI_0403_chrm01_circ_5649091	PS_Ct_r03_2016_11_14_L001	92	0	1	0	1
HAMBI_0403_chrm01_circ_5741782	PS_Ct_r03_2016_11_14_L001	77	0	1	0	1
HAMBI_0403_chrm01_circ_575080	PS_Ct_r03_2016_11_14_L001	70	0	1	0	1
HAMBI_0403_chrm01_circ_5775702	PS_Ct_r03_2016_11_14_L001	53	0	1	0	1
HAMBI_0403_chrm01_circ_61587	PS_Ct_r03_2016_11_14_L001	55	1	1	0	1
HAMBI_0403_chrm01_circ_673240	PS_Ct_r03_2016_11_14_L001	82	0	1	0	1
HAMBI_0403_chrm01_circ_674307	PS_Ct_r03_2016_11_14_L001	85	0	1	0	1
HAMBI_0403_chrm01_circ_674960	PS_Ct_r03_2016_11_14_L001	74	0	1	0	1
HAMBI_0403_chrm01_circ_693893	PS_Ct_r03_2016_11_14_L001	73	0	1	0	1
HAMBI_0403_chrm01_circ_698904	PS_Ct_r03_2016_11_14_L001	73	0	1	0	1
HAMBI_0403_chrm01_circ_70627	PS_Ct_r03_2016_11_14_L001	89	1	1	0	1
HAMBI_0403_chrm01_circ_736327	PS_Ct_r03_2016_11_14_L001	72	1	1	0	1
HAMBI_0403_chrm01_circ_755508	PS_Ct_r03_2016_11_14_L001	77	0	1	0	1
HAMBI_0403_chrm01_circ_759084	PS_Ct_r03_2016_11_14_L001	75	0	1	0	1
HAMBI_0403_chrm01_circ_78846	PS_Ct_r03_2016_11_14_L001	79	0	1	0	1
HAMBI_0403_chrm01_circ_790661	PS_Ct_r03_2016_11_14_L001	72	0	1	0	1
HAMBI_0403_chrm01_circ_808688	PS_Ct_r03_2016_11_14_L001	76	0	1	0	1
HAMBI_0403_chrm01_circ_814505	PS_Ct_r03_2016_11_14_L001	70	0	1	0	1
HAMBI_0403_chrm01_circ_823961	PS_Ct_r03_2016_11_14_L001	76	4	1	0	1
HAMBI_0403_chrm01_circ_83834	PS_Ct_r03_2016_11_14_L001	66	0	1	0	1
HAMBI_0403_chrm01_circ_868194	PS_Ct_r03_2016_11_14_L001	68	0	1	0	1
HAMBI_0403_chrm01_circ_905331	PS_Ct_r03_2016_11_14_L001	82	0	1	0	1
HAMBI_0403_chrm01_circ_928195	PS_Ct_r03_2016_11_14_L001	81	7	1	0	1
HAMBI_0403_chrm01_circ_946980	PS_Ct_r03_2016_11_14_L001	89	1	1	0	1
HAMBI_0403_chrm01_circ_955334	PS_Ct_r03_2016_11_14_L001	82	0	1	0	1
HAMBI_0403_chrm01_circ_958358	PS_Ct_r03_2016_11_14_L001	97	0	1	0	1
HAMBI_0403_chrm01_circ_958650	PS_Ct_r03_2016_11_14_L001	47	17	1	0	1
HAMBI_0403_chrm01_circ_96390	PS_Ct_r03_2016_11_14_L001	84	0	1	0	1
HAMBI_0403_chrm01_circ_99072	PS_Ct_r03_2016_11_14_L001	74	0	1	0	1
HAMBI_0403_chrm01_circ_99696	PS_Ct_r03_2016_11_14_L001	91	0	1	0	1
HAMBI_0403_plas01_circ_13169	PS_Ct_r03_2016_11_14_L001	129	0	1	0	1
HAMBI_0403_plas01_circ_31558	PS_Ct_r03_2016_11_14_L001	127	0	1	0	1
HAMBI_0403_chrm01_circ_1046497	PS_Ct_r03_2016_12_12_L001	58	0	1	0	1
HAMBI_0403_chrm01_circ_1080893	PS_Ct_r03_2016_12_12_L001	83	1	1	0	1
HAMBI_0403_chrm01_circ_1119336	PS_Ct_r03_2016_12_12_L001	75	9	1	0	1
HAMBI_0403_chrm01_circ_1119876	PS_Ct_r03_2016_12_12_L001	43	0	1	0	1
HAMBI_0403_chrm01_circ_1132164	PS_Ct_r03_2016_12_12_L001	57	2	1	0	1
HAMBI_0403_chrm01_circ_1154877	PS_Ct_r03_2016_12_12_L001	56	0	1	0	1
HAMBI_0403_chrm01_circ_1177878	PS_Ct_r03_2016_12_12_L001	61	0	1	0	1
HAMBI_0403_chrm01_circ_1191667	PS_Ct_r03_2016_12_12_L001	71	0	1	0	1
HAMBI_0403_chrm01_circ_1246798	PS_Ct_r03_2016_12_12_L001	83	0	1	0	1
HAMBI_0403_chrm01_circ_1272527	PS_Ct_r03_2016_12_12_L001	54	0	1	0	1
HAMBI_0403_chrm01_circ_1277340	PS_Ct_r03_2016_12_12_L001	78	0	1	0	1
HAMBI_0403_chrm01_circ_1295387	PS_Ct_r03_2016_12_12_L001	64	1	1	0	1
HAMBI_0403_chrm01_circ_1350046	PS_Ct_r03_2016_12_12_L001	90	7	1	0	1
HAMBI_0403_chrm01_circ_1359617	PS_Ct_r03_2016_12_12_L001	17	1	1	0	1
HAMBI_0403_chrm01_circ_1361345	PS_Ct_r03_2016_12_12_L001	63	0	1	0	1
HAMBI_0403_chrm01_circ_1392097	PS_Ct_r03_2016_12_12_L001	0	31	1	0	1
HAMBI_0403_chrm01_circ_1427994	PS_Ct_r03_2016_12_12_L001	49	0	1	0	1
HAMBI_0403_chrm01_circ_1449135	PS_Ct_r03_2016_12_12_L001	65	0	1	0	1
HAMBI_0403_chrm01_circ_1483274	PS_Ct_r03_2016_12_12_L001	83	0	1	0	1
HAMBI_0403_chrm01_circ_1488590	PS_Ct_r03_2016_12_12_L001	45	9	1	0	1
HAMBI_0403_chrm01_circ_15131	PS_Ct_r03_2016_12_12_L001	69	0	1	0	1
HAMBI_0403_chrm01_circ_1566075	PS_Ct_r03_2016_12_12_L001	64	1	1	0	1
HAMBI_0403_chrm01_circ_1610814	PS_Ct_r03_2016_12_12_L001	57	3	1	0	1
HAMBI_0403_chrm01_circ_161831	PS_Ct_r03_2016_12_12_L001	63	2	1	0	1
HAMBI_0403_chrm01_circ_16427	PS_Ct_r03_2016_12_12_L001	71	5	1	0	1
HAMBI_0403_chrm01_circ_1649857	PS_Ct_r03_2016_12_12_L001	54	0	1	0	1
HAMBI_0403_chrm01_circ_1732518	PS_Ct_r03_2016_12_12_L001	50	0	1	0	1
HAMBI_0403_chrm01_circ_1738117	PS_Ct_r03_2016_12_12_L001	65	0	1	0	1
HAMBI_0403_chrm01_circ_1759579	PS_Ct_r03_2016_12_12_L001	60	0	1	0	1
HAMBI_0403_chrm01_circ_177120	PS_Ct_r03_2016_12_12_L001	59	0	1	0	1
HAMBI_0403_chrm01_circ_1820962	PS_Ct_r03_2016_12_12_L001	53	0	1	0	1
HAMBI_0403_chrm01_circ_1887917	PS_Ct_r03_2016_12_12_L001	68	0	1	0	1
HAMBI_0403_chrm01_circ_1930553	PS_Ct_r03_2016_12_12_L001	60	1	1	0	1
HAMBI_0403_chrm01_circ_1942108	PS_Ct_r03_2016_12_12_L001	74	1	1	0	1
HAMBI_0403_chrm01_circ_1954454	PS_Ct_r03_2016_12_12_L001	66	5	1	0	1
HAMBI_0403_chrm01_circ_1956423	PS_Ct_r03_2016_12_12_L001	68	0	1	0	1
HAMBI_0403_chrm01_circ_1975660	PS_Ct_r03_2016_12_12_L001	80	0	1	0	1
HAMBI_0403_chrm01_circ_1977057	PS_Ct_r03_2016_12_12_L001	47	0	1	0	1
HAMBI_0403_chrm01_circ_2030365	PS_Ct_r03_2016_12_12_L001	72	0	1	0	1
HAMBI_0403_chrm01_circ_203280	PS_Ct_r03_2016_12_12_L001	74	2	1	0	1
HAMBI_0403_chrm01_circ_2047425	PS_Ct_r03_2016_12_12_L001	77	1	1	0	1
HAMBI_0403_chrm01_circ_204962	PS_Ct_r03_2016_12_12_L001	88	3	1	0	1
HAMBI_0403_chrm01_circ_2107547	PS_Ct_r03_2016_12_12_L001	49	0	1	0	1
HAMBI_0403_chrm01_circ_2168329	PS_Ct_r03_2016_12_12_L001	77	0	1	0	1
HAMBI_0403_chrm01_circ_2211058	PS_Ct_r03_2016_12_12_L001	78	0	1	0	1
HAMBI_0403_chrm01_circ_2255124	PS_Ct_r03_2016_12_12_L001	55	0	1	0	1
HAMBI_0403_chrm01_circ_2326138	PS_Ct_r03_2016_12_12_L001	58	1	1	0	1
HAMBI_0403_chrm01_circ_23479	PS_Ct_r03_2016_12_12_L001	59	0	1	0	1
HAMBI_0403_chrm01_circ_2442113	PS_Ct_r03_2016_12_12_L001	35	20	1	0	1
HAMBI_0403_chrm01_circ_2515857	PS_Ct_r03_2016_12_12_L001	59	0	1	0	1
HAMBI_0403_chrm01_circ_2636197	PS_Ct_r03_2016_12_12_L001	73	0	1	0	1
HAMBI_0403_chrm01_circ_264681	PS_Ct_r03_2016_12_12_L001	81	0	1	0	1
HAMBI_0403_chrm01_circ_2648858	PS_Ct_r03_2016_12_12_L001	58	0	1	0	1
HAMBI_0403_chrm01_circ_2663531	PS_Ct_r03_2016_12_12_L001	51	1	1	0	1
HAMBI_0403_chrm01_circ_267791	PS_Ct_r03_2016_12_12_L001	72	0	1	0	1
HAMBI_0403_chrm01_circ_2688975	PS_Ct_r03_2016_12_12_L001	74	1	1	0	1
HAMBI_0403_chrm01_circ_2693322	PS_Ct_r03_2016_12_12_L001	72	1	1	0	1
HAMBI_0403_chrm01_circ_2734043	PS_Ct_r03_2016_12_12_L001	52	0	1	0	1
HAMBI_0403_chrm01_circ_2751601	PS_Ct_r03_2016_12_12_L001	69	0	1	0	1
HAMBI_0403_chrm01_circ_2752133	PS_Ct_r03_2016_12_12_L001	43	6	1	0	1
HAMBI_0403_chrm01_circ_2754629	PS_Ct_r03_2016_12_12_L001	73	0	1	0	1
HAMBI_0403_chrm01_circ_2793634	PS_Ct_r03_2016_12_12_L001	62	0	1	0	1
HAMBI_0403_chrm01_circ_281980	PS_Ct_r03_2016_12_12_L001	83	0	1	0	1
HAMBI_0403_chrm01_circ_2888794	PS_Ct_r03_2016_12_12_L001	64	3	1	0	1
HAMBI_0403_chrm01_circ_292417	PS_Ct_r03_2016_12_12_L001	56	1	1	0	1
HAMBI_0403_chrm01_circ_2926993	PS_Ct_r03_2016_12_12_L001	63	0	1	0	1
HAMBI_0403_chrm01_circ_2930190	PS_Ct_r03_2016_12_12_L001	70	0	1	0	1
HAMBI_0403_chrm01_circ_2953973	PS_Ct_r03_2016_12_12_L001	57	0	1	0	1
HAMBI_0403_chrm01_circ_2957163	PS_Ct_r03_2016_12_12_L001	46	0	1	0	1
HAMBI_0403_chrm01_circ_2970233	PS_Ct_r03_2016_12_12_L001	79	1	1	0	1
HAMBI_0403_chrm01_circ_2992565	PS_Ct_r03_2016_12_12_L001	72	0	1	0	1
HAMBI_0403_chrm01_circ_2996524	PS_Ct_r03_2016_12_12_L001	75	0	1	0	1
HAMBI_0403_chrm01_circ_3087888	PS_Ct_r03_2016_12_12_L001	60	0	1	0	1
HAMBI_0403_chrm01_circ_3109922	PS_Ct_r03_2016_12_12_L001	70	0	1	0	1
HAMBI_0403_chrm01_circ_3118967	PS_Ct_r03_2016_12_12_L001	52	0	1	0	1
HAMBI_0403_chrm01_circ_3144725	PS_Ct_r03_2016_12_12_L001	58	0	1	0	1
HAMBI_0403_chrm01_circ_3149518	PS_Ct_r03_2016_12_12_L001	64	4	1	0	1
HAMBI_0403_chrm01_circ_3154053	PS_Ct_r03_2016_12_12_L001	72	1	1	0	1
HAMBI_0403_chrm01_circ_3211528	PS_Ct_r03_2016_12_12_L001	86	0	1	0	1
HAMBI_0403_chrm01_circ_3229165	PS_Ct_r03_2016_12_12_L001	89	0	1	0	1
HAMBI_0403_chrm01_circ_3250514	PS_Ct_r03_2016_12_12_L001	55	0	1	0	1
HAMBI_0403_chrm01_circ_3276660	PS_Ct_r03_2016_12_12_L001	55	2	1	0	1
HAMBI_0403_chrm01_circ_3281194	PS_Ct_r03_2016_12_12_L001	42	0	1	0	1
HAMBI_0403_chrm01_circ_3300154	PS_Ct_r03_2016_12_12_L001	101	0	1	0	1
HAMBI_0403_chrm01_circ_3322437	PS_Ct_r03_2016_12_12_L001	65	6	1	0	1
HAMBI_0403_chrm01_circ_3322622	PS_Ct_r03_2016_12_12_L001	86	0	1	0	1
HAMBI_0403_chrm01_circ_3329629	PS_Ct_r03_2016_12_12_L001	41	0	1	0	1
HAMBI_0403_chrm01_circ_338614	PS_Ct_r03_2016_12_12_L001	70	0	1	0	1
HAMBI_0403_chrm01_circ_3393687	PS_Ct_r03_2016_12_12_L001	42	2	1	0	1
HAMBI_0403_chrm01_circ_3394128	PS_Ct_r03_2016_12_12_L001	42	0	1	0	1
HAMBI_0403_chrm01_circ_3405266	PS_Ct_r03_2016_12_12_L001	48	0	1	0	1
HAMBI_0403_chrm01_circ_340602	PS_Ct_r03_2016_12_12_L001	64	0	1	0	1
HAMBI_0403_chrm01_circ_3418753	PS_Ct_r03_2016_12_12_L001	60	0	1	0	1
HAMBI_0403_chrm01_circ_3459098	PS_Ct_r03_2016_12_12_L001	173	0	1	0	1
HAMBI_0403_chrm01_circ_3460941	PS_Ct_r03_2016_12_12_L001	126	0	1	0	1
HAMBI_0403_chrm01_circ_3461599	PS_Ct_r03_2016_12_12_L001	114	0	1	0	1
HAMBI_0403_chrm01_circ_3489004	PS_Ct_r03_2016_12_12_L001	64	0	1	0	1
HAMBI_0403_chrm01_circ_355460	PS_Ct_r03_2016_12_12_L001	73	0	1	0	1
HAMBI_0403_chrm01_circ_3555176	PS_Ct_r03_2016_12_12_L001	62	3	1	0	1
HAMBI_0403_chrm01_circ_3560450	PS_Ct_r03_2016_12_12_L001	50	0	1	0	1
HAMBI_0403_chrm01_circ_3567764	PS_Ct_r03_2016_12_12_L001	67	0	1	0	1
HAMBI_0403_chrm01_circ_3601720	PS_Ct_r03_2016_12_12_L001	60	0	1	0	1
HAMBI_0403_chrm01_circ_360522	PS_Ct_r03_2016_12_12_L001	90	5	1	0	1
HAMBI_0403_chrm01_circ_3647008	PS_Ct_r03_2016_12_12_L001	72	1	1	0	1
HAMBI_0403_chrm01_circ_3652328	PS_Ct_r03_2016_12_12_L001	81	5	1	0	1
HAMBI_0403_chrm01_circ_3734676	PS_Ct_r03_2016_12_12_L001	61	0	1	0	1
HAMBI_0403_chrm01_circ_3808590	PS_Ct_r03_2016_12_12_L001	53	0	1	0	1
HAMBI_0403_chrm01_circ_3813095	PS_Ct_r03_2016_12_12_L001	51	0	1	0	1
HAMBI_0403_chrm01_circ_3832814	PS_Ct_r03_2016_12_12_L001	66	2	1	0	1
HAMBI_0403_chrm01_circ_3885292	PS_Ct_r03_2016_12_12_L001	88	0	1	0	1
HAMBI_0403_chrm01_circ_3900399	PS_Ct_r03_2016_12_12_L001	55	0	1	0	1
HAMBI_0403_chrm01_circ_3910589	PS_Ct_r03_2016_12_12_L001	51	28	1	0	1
HAMBI_0403_chrm01_circ_3911084	PS_Ct_r03_2016_12_12_L001	63	8	1	0	1
HAMBI_0403_chrm01_circ_3993103	PS_Ct_r03_2016_12_12_L001	60	3	1	0	1
HAMBI_0403_chrm01_circ_4025643	PS_Ct_r03_2016_12_12_L001	78	3	1	0	1
HAMBI_0403_chrm01_circ_4025652	PS_Ct_r03_2016_12_12_L001	81	3	1	0	1
HAMBI_0403_chrm01_circ_4025663	PS_Ct_r03_2016_12_12_L001	84	3	1	0	1
HAMBI_0403_chrm01_circ_4025670	PS_Ct_r03_2016_12_12_L001	81	3	1	0	1
HAMBI_0403_chrm01_circ_4025677	PS_Ct_r03_2016_12_12_L001	76	3	1	0	1
HAMBI_0403_chrm01_circ_4025698	PS_Ct_r03_2016_12_12_L001	74	3	1	0	1
HAMBI_0403_chrm01_circ_4025700	PS_Ct_r03_2016_12_12_L001	73	3	1	0	1
HAMBI_0403_chrm01_circ_4040615	PS_Ct_r03_2016_12_12_L001	75	0	1	0	1
HAMBI_0403_chrm01_circ_4047471	PS_Ct_r03_2016_12_12_L001	59	0	1	0	1
HAMBI_0403_chrm01_circ_4063903	PS_Ct_r03_2016_12_12_L001	47	0	1	0	1
HAMBI_0403_chrm01_circ_4082916	PS_Ct_r03_2016_12_12_L001	69	0	1	0	1
HAMBI_0403_chrm01_circ_4098318	PS_Ct_r03_2016_12_12_L001	79	5	1	0	1
HAMBI_0403_chrm01_circ_4111761	PS_Ct_r03_2016_12_12_L001	83	1	1	0	1
HAMBI_0403_chrm01_circ_4119675	PS_Ct_r03_2016_12_12_L001	56	0	1	0	1
HAMBI_0403_chrm01_circ_4204317	PS_Ct_r03_2016_12_12_L001	42	5	1	0	1
HAMBI_0403_chrm01_circ_4211806	PS_Ct_r03_2016_12_12_L001	87	0	1	0	1
HAMBI_0403_chrm01_circ_4225781	PS_Ct_r03_2016_12_12_L001	62	0	1	0	1
HAMBI_0403_chrm01_circ_4227635	PS_Ct_r03_2016_12_12_L001	67	0	1	0	1
HAMBI_0403_chrm01_circ_4252605	PS_Ct_r03_2016_12_12_L001	57	0	1	0	1
HAMBI_0403_chrm01_circ_4295930	PS_Ct_r03_2016_12_12_L001	86	0	1	0	1
HAMBI_0403_chrm01_circ_4332767	PS_Ct_r03_2016_12_12_L001	54	1	1	0	1
HAMBI_0403_chrm01_circ_434325	PS_Ct_r03_2016_12_12_L001	84	0	1	0	1
HAMBI_0403_chrm01_circ_4367530	PS_Ct_r03_2016_12_12_L001	89	0	1	0	1
HAMBI_0403_chrm01_circ_4378839	PS_Ct_r03_2016_12_12_L001	52	0	1	0	1
HAMBI_0403_chrm01_circ_4384070	PS_Ct_r03_2016_12_12_L001	68	0	1	0	1
HAMBI_0403_chrm01_circ_440957	PS_Ct_r03_2016_12_12_L001	58	0	1	0	1
HAMBI_0403_chrm01_circ_4424328	PS_Ct_r03_2016_12_12_L001	51	3	1	0	1
HAMBI_0403_chrm01_circ_4450072	PS_Ct_r03_2016_12_12_L001	58	3	1	0	1
HAMBI_0403_chrm01_circ_4483742	PS_Ct_r03_2016_12_12_L001	47	1	1	0	1
HAMBI_0403_chrm01_circ_4537667	PS_Ct_r03_2016_12_12_L001	52	0	1	0	1
HAMBI_0403_chrm01_circ_4568561	PS_Ct_r03_2016_12_12_L001	45	0	1	0	1
HAMBI_0403_chrm01_circ_4574843	PS_Ct_r03_2016_12_12_L001	84	0	1	0	1
HAMBI_0403_chrm01_circ_4597956	PS_Ct_r03_2016_12_12_L001	81	0	1	0	1
HAMBI_0403_chrm01_circ_4629677	PS_Ct_r03_2016_12_12_L001	57	1	1	0	1
HAMBI_0403_chrm01_circ_4750362	PS_Ct_r03_2016_12_12_L001	59	0	1	0	1
HAMBI_0403_chrm01_circ_4761505	PS_Ct_r03_2016_12_12_L001	11	0	1	0	1
HAMBI_0403_chrm01_circ_4792076	PS_Ct_r03_2016_12_12_L001	59	2	1	0	1
HAMBI_0403_chrm01_circ_4807897	PS_Ct_r03_2016_12_12_L001	75	0	1	0	1
HAMBI_0403_chrm01_circ_4807942	PS_Ct_r03_2016_12_12_L001	68	0	1	0	1
HAMBI_0403_chrm01_circ_4815800	PS_Ct_r03_2016_12_12_L001	54	2	1	0	1
HAMBI_0403_chrm01_circ_4827495	PS_Ct_r03_2016_12_12_L001	64	0	1	0	1
HAMBI_0403_chrm01_circ_4829007	PS_Ct_r03_2016_12_12_L001	84	0	1	0	1
HAMBI_0403_chrm01_circ_4829050	PS_Ct_r03_2016_12_12_L001	80	0	1	0	1
HAMBI_0403_chrm01_circ_4831235	PS_Ct_r03_2016_12_12_L001	99	0	1	0	1
HAMBI_0403_chrm01_circ_4893344	PS_Ct_r03_2016_12_12_L001	71	0	1	0	1
HAMBI_0403_chrm01_circ_4947683	PS_Ct_r03_2016_12_12_L001	75	1	1	0	1
HAMBI_0403_chrm01_circ_4968639	PS_Ct_r03_2016_12_12_L001	69	0	1	0	1
HAMBI_0403_chrm01_circ_4973982	PS_Ct_r03_2016_12_12_L001	67	0	1	0	1
HAMBI_0403_chrm01_circ_4994802	PS_Ct_r03_2016_12_12_L001	77	0	1	0	1
HAMBI_0403_chrm01_circ_500037	PS_Ct_r03_2016_12_12_L001	72	2	1	0	1
HAMBI_0403_chrm01_circ_5035898	PS_Ct_r03_2016_12_12_L001	68	1	1	0	1
HAMBI_0403_chrm01_circ_5041374	PS_Ct_r03_2016_12_12_L001	70	1	1	0	1
HAMBI_0403_chrm01_circ_5060025	PS_Ct_r03_2016_12_12_L001	80	0	1	0	1
HAMBI_0403_chrm01_circ_5074286	PS_Ct_r03_2016_12_12_L001	67	0	1	0	1
HAMBI_0403_chrm01_circ_5102598	PS_Ct_r03_2016_12_12_L001	60	1	1	0	1
HAMBI_0403_chrm01_circ_5106025	PS_Ct_r03_2016_12_12_L001	59	0	1	0	1
HAMBI_0403_chrm01_circ_5130785	PS_Ct_r03_2016_12_12_L001	78	0	1	0	1
HAMBI_0403_chrm01_circ_5165364	PS_Ct_r03_2016_12_12_L001	92	0	1	0	1
HAMBI_0403_chrm01_circ_5170782	PS_Ct_r03_2016_12_12_L001	96	14	1	0	1
HAMBI_0403_chrm01_circ_5191327	PS_Ct_r03_2016_12_12_L001	55	1	1	0	1
HAMBI_0403_chrm01_circ_5198807	PS_Ct_r03_2016_12_12_L001	67	0	1	0	1
HAMBI_0403_chrm01_circ_522539	PS_Ct_r03_2016_12_12_L001	58	12	1	0	1
HAMBI_0403_chrm01_circ_5277914	PS_Ct_r03_2016_12_12_L001	54	0	1	0	1
HAMBI_0403_chrm01_circ_5317143	PS_Ct_r03_2016_12_12_L001	76	1	1	0	1
HAMBI_0403_chrm01_circ_5369259	PS_Ct_r03_2016_12_12_L001	72	0	1	0	1
HAMBI_0403_chrm01_circ_5380330	PS_Ct_r03_2016_12_12_L001	88	0	1	0	1
HAMBI_0403_chrm01_circ_5387471	PS_Ct_r03_2016_12_12_L001	96	0	1	0	1
HAMBI_0403_chrm01_circ_5407887	PS_Ct_r03_2016_12_12_L001	70	0	1	0	1
HAMBI_0403_chrm01_circ_5435929	PS_Ct_r03_2016_12_12_L001	69	9	1	0	1
HAMBI_0403_chrm01_circ_5447164	PS_Ct_r03_2016_12_12_L001	75	0	1	0	1
HAMBI_0403_chrm01_circ_5448089	PS_Ct_r03_2016_12_12_L001	68	1	1	0	1
HAMBI_0403_chrm01_circ_5454777	PS_Ct_r03_2016_12_12_L001	66	0	1	0	1
HAMBI_0403_chrm01_circ_5466654	PS_Ct_r03_2016_12_12_L001	79	1	1	0	1
HAMBI_0403_chrm01_circ_5476119	PS_Ct_r03_2016_12_12_L001	69	0	1	0	1
HAMBI_0403_chrm01_circ_5571996	PS_Ct_r03_2016_12_12_L001	70	2	1	0	1
HAMBI_0403_chrm01_circ_5605380	PS_Ct_r03_2016_12_12_L001	66	0	1	0	1
HAMBI_0403_chrm01_circ_5649091	PS_Ct_r03_2016_12_12_L001	74	0	1	0	1
HAMBI_0403_chrm01_circ_5741782	PS_Ct_r03_2016_12_12_L001	57	0	1	0	1
HAMBI_0403_chrm01_circ_575080	PS_Ct_r03_2016_12_12_L001	52	1	1	0	1
HAMBI_0403_chrm01_circ_5775702	PS_Ct_r03_2016_12_12_L001	72	0	1	0	1
HAMBI_0403_chrm01_circ_61587	PS_Ct_r03_2016_12_12_L001	46	0	1	0	1
HAMBI_0403_chrm01_circ_673240	PS_Ct_r03_2016_12_12_L001	70	0	1	0	1
HAMBI_0403_chrm01_circ_674307	PS_Ct_r03_2016_12_12_L001	57	0	1	0	1
HAMBI_0403_chrm01_circ_674960	PS_Ct_r03_2016_12_12_L001	60	0	1	0	1
HAMBI_0403_chrm01_circ_693893	PS_Ct_r03_2016_12_12_L001	67	0	1	0	1
HAMBI_0403_chrm01_circ_698904	PS_Ct_r03_2016_12_12_L001	84	1	1	0	1
HAMBI_0403_chrm01_circ_70627	PS_Ct_r03_2016_12_12_L001	59	0	1	0	1
HAMBI_0403_chrm01_circ_736327	PS_Ct_r03_2016_12_12_L001	55	0	1	0	1
HAMBI_0403_chrm01_circ_755508	PS_Ct_r03_2016_12_12_L001	67	3	1	0	1
HAMBI_0403_chrm01_circ_759084	PS_Ct_r03_2016_12_12_L001	47	0	1	0	1
HAMBI_0403_chrm01_circ_78846	PS_Ct_r03_2016_12_12_L001	83	0	1	0	1
HAMBI_0403_chrm01_circ_790661	PS_Ct_r03_2016_12_12_L001	56	0	1	0	1
HAMBI_0403_chrm01_circ_808688	PS_Ct_r03_2016_12_12_L001	60	1	1	0	1
HAMBI_0403_chrm01_circ_814505	PS_Ct_r03_2016_12_12_L001	69	0	1	0	1
HAMBI_0403_chrm01_circ_823961	PS_Ct_r03_2016_12_12_L001	62	2	1	0	1
HAMBI_0403_chrm01_circ_83834	PS_Ct_r03_2016_12_12_L001	65	0	1	0	1
HAMBI_0403_chrm01_circ_868194	PS_Ct_r03_2016_12_12_L001	60	0	1	0	1
HAMBI_0403_chrm01_circ_905331	PS_Ct_r03_2016_12_12_L001	63	0	1	0	1
HAMBI_0403_chrm01_circ_928195	PS_Ct_r03_2016_12_12_L001	64	4	1	0	1
HAMBI_0403_chrm01_circ_946980	PS_Ct_r03_2016_12_12_L001	82	2	1	0	1
HAMBI_0403_chrm01_circ_955334	PS_Ct_r03_2016_12_12_L001	67	0	1	0	1
HAMBI_0403_chrm01_circ_958358	PS_Ct_r03_2016_12_12_L001	75	0	1	0	1
HAMBI_0403_chrm01_circ_958650	PS_Ct_r03_2016_12_12_L001	48	14	1	0	1
HAMBI_0403_chrm01_circ_96390	PS_Ct_r03_2016_12_12_L001	79	0	1	0	1
HAMBI_0403_chrm01_circ_99072	PS_Ct_r03_2016_12_12_L001	78	0	1	0	1
HAMBI_0403_chrm01_circ_99696	PS_Ct_r03_2016_12_12_L001	84	0	1	0	1
HAMBI_0403_plas01_circ_13169	PS_Ct_r03_2016_12_12_L001	99	2	1	0	1
HAMBI_0403_plas01_circ_31558	PS_Ct_r03_2016_12_12_L001	99	0	1	0	1
HAMBI_0403_chrm01_circ_1046497	PS_Ct_r03_2017_01_09_L001	110	0	1	0	1
HAMBI_0403_chrm01_circ_1080893	PS_Ct_r03_2017_01_09_L001	100	0	1	0	1
HAMBI_0403_chrm01_circ_1119336	PS_Ct_r03_2017_01_09_L001	120	8	1	0	1
HAMBI_0403_chrm01_circ_1119876	PS_Ct_r03_2017_01_09_L001	86	0	1	0	1
HAMBI_0403_chrm01_circ_1132164	PS_Ct_r03_2017_01_09_L001	68	9	1	0	1
HAMBI_0403_chrm01_circ_1154877	PS_Ct_r03_2017_01_09_L001	114	0	1	0	1
HAMBI_0403_chrm01_circ_1177878	PS_Ct_r03_2017_01_09_L001	101	0	1	0	1
HAMBI_0403_chrm01_circ_1191667	PS_Ct_r03_2017_01_09_L001	104	0	1	0	1
HAMBI_0403_chrm01_circ_1246798	PS_Ct_r03_2017_01_09_L001	112	0	1	0	1
HAMBI_0403_chrm01_circ_1272527	PS_Ct_r03_2017_01_09_L001	131	1	1	0	1
HAMBI_0403_chrm01_circ_1277340	PS_Ct_r03_2017_01_09_L001	118	0	1	0	1
HAMBI_0403_chrm01_circ_1295387	PS_Ct_r03_2017_01_09_L001	102	6	1	0	1
HAMBI_0403_chrm01_circ_1350046	PS_Ct_r03_2017_01_09_L001	122	12	1	0	1
HAMBI_0403_chrm01_circ_1359617	PS_Ct_r03_2017_01_09_L001	31	3	1	0	1
HAMBI_0403_chrm01_circ_1361345	PS_Ct_r03_2017_01_09_L001	80	1	1	0	1
HAMBI_0403_chrm01_circ_1392097	PS_Ct_r03_2017_01_09_L001	0	15	1	0	1
HAMBI_0403_chrm01_circ_1427994	PS_Ct_r03_2017_01_09_L001	109	1	1	0	1
HAMBI_0403_chrm01_circ_1449135	PS_Ct_r03_2017_01_09_L001	108	0	1	0	1
HAMBI_0403_chrm01_circ_1483274	PS_Ct_r03_2017_01_09_L001	124	0	1	0	1
HAMBI_0403_chrm01_circ_1488590	PS_Ct_r03_2017_01_09_L001	77	18	1	0	1
HAMBI_0403_chrm01_circ_15131	PS_Ct_r03_2017_01_09_L001	133	2	1	0	1
HAMBI_0403_chrm01_circ_1566075	PS_Ct_r03_2017_01_09_L001	108	0	1	0	1
HAMBI_0403_chrm01_circ_1610814	PS_Ct_r03_2017_01_09_L001	102	0	1	0	1
HAMBI_0403_chrm01_circ_161831	PS_Ct_r03_2017_01_09_L001	70	3	1	0	1
HAMBI_0403_chrm01_circ_16427	PS_Ct_r03_2017_01_09_L001	96	10	1	0	1
HAMBI_0403_chrm01_circ_1649857	PS_Ct_r03_2017_01_09_L001	93	0	1	0	1
HAMBI_0403_chrm01_circ_1732518	PS_Ct_r03_2017_01_09_L001	95	1	1	0	1
HAMBI_0403_chrm01_circ_1738117	PS_Ct_r03_2017_01_09_L001	155	2	1	0	1
HAMBI_0403_chrm01_circ_1759579	PS_Ct_r03_2017_01_09_L001	105	0	1	0	1
HAMBI_0403_chrm01_circ_177120	PS_Ct_r03_2017_01_09_L001	105	0	1	0	1
HAMBI_0403_chrm01_circ_1820962	PS_Ct_r03_2017_01_09_L001	114	0	1	0	1
HAMBI_0403_chrm01_circ_1887917	PS_Ct_r03_2017_01_09_L001	112	0	1	0	1
HAMBI_0403_chrm01_circ_1930553	PS_Ct_r03_2017_01_09_L001	108	4	1	0	1
HAMBI_0403_chrm01_circ_1942108	PS_Ct_r03_2017_01_09_L001	115	0	1	0	1
HAMBI_0403_chrm01_circ_1954454	PS_Ct_r03_2017_01_09_L001	106	7	1	0	1
HAMBI_0403_chrm01_circ_1956423	PS_Ct_r03_2017_01_09_L001	105	0	1	0	1
HAMBI_0403_chrm01_circ_1975660	PS_Ct_r03_2017_01_09_L001	107	0	1	0	1
HAMBI_0403_chrm01_circ_1977057	PS_Ct_r03_2017_01_09_L001	127	0	1	0	1
HAMBI_0403_chrm01_circ_2030365	PS_Ct_r03_2017_01_09_L001	105	1	1	0	1
HAMBI_0403_chrm01_circ_203280	PS_Ct_r03_2017_01_09_L001	138	2	1	0	1
HAMBI_0403_chrm01_circ_2047425	PS_Ct_r03_2017_01_09_L001	139	3	1	0	1
HAMBI_0403_chrm01_circ_204962	PS_Ct_r03_2017_01_09_L001	147	0	1	0	1
HAMBI_0403_chrm01_circ_2107547	PS_Ct_r03_2017_01_09_L001	105	0	1	0	1
HAMBI_0403_chrm01_circ_2168329	PS_Ct_r03_2017_01_09_L001	127	1	1	0	1
HAMBI_0403_chrm01_circ_2211058	PS_Ct_r03_2017_01_09_L001	116	2	1	0	1
HAMBI_0403_chrm01_circ_2255124	PS_Ct_r03_2017_01_09_L001	109	2	1	0	1
HAMBI_0403_chrm01_circ_2326138	PS_Ct_r03_2017_01_09_L001	81	2	1	0	1
HAMBI_0403_chrm01_circ_23479	PS_Ct_r03_2017_01_09_L001	98	1	1	0	1
HAMBI_0403_chrm01_circ_2442113	PS_Ct_r03_2017_01_09_L001	80	21	1	0	1
HAMBI_0403_chrm01_circ_2515857	PS_Ct_r03_2017_01_09_L001	100	0	1	0	1
HAMBI_0403_chrm01_circ_2636197	PS_Ct_r03_2017_01_09_L001	126	1	1	0	1
HAMBI_0403_chrm01_circ_264681	PS_Ct_r03_2017_01_09_L001	126	0	1	0	1
HAMBI_0403_chrm01_circ_2648858	PS_Ct_r03_2017_01_09_L001	115	0	1	0	1
HAMBI_0403_chrm01_circ_2663531	PS_Ct_r03_2017_01_09_L001	108	2	1	0	1
HAMBI_0403_chrm01_circ_267791	PS_Ct_r03_2017_01_09_L001	86	0	1	0	1
HAMBI_0403_chrm01_circ_2688975	PS_Ct_r03_2017_01_09_L001	114	0	1	0	1
HAMBI_0403_chrm01_circ_2693322	PS_Ct_r03_2017_01_09_L001	101	0	1	0	1
HAMBI_0403_chrm01_circ_2734043	PS_Ct_r03_2017_01_09_L001	108	0	1	0	1
HAMBI_0403_chrm01_circ_2751601	PS_Ct_r03_2017_01_09_L001	120	0	1	0	1
HAMBI_0403_chrm01_circ_2752133	PS_Ct_r03_2017_01_09_L001	83	2	1	0	1
HAMBI_0403_chrm01_circ_2754629	PS_Ct_r03_2017_01_09_L001	106	2	1	0	1
HAMBI_0403_chrm01_circ_2793634	PS_Ct_r03_2017_01_09_L001	143	0	1	0	1
HAMBI_0403_chrm01_circ_281980	PS_Ct_r03_2017_01_09_L001	136	0	1	0	1
HAMBI_0403_chrm01_circ_2888794	PS_Ct_r03_2017_01_09_L001	111	6	1	0	1
HAMBI_0403_chrm01_circ_292417	PS_Ct_r03_2017_01_09_L001	109	14	1	0	1
HAMBI_0403_chrm01_circ_2926993	PS_Ct_r03_2017_01_09_L001	90	2	1	0	1
HAMBI_0403_chrm01_circ_2930190	PS_Ct_r03_2017_01_09_L001	99	0	1	0	1
HAMBI_0403_chrm01_circ_2953973	PS_Ct_r03_2017_01_09_L001	104	0	1	0	1
HAMBI_0403_chrm01_circ_2957163	PS_Ct_r03_2017_01_09_L001	93	0	1	0	1
HAMBI_0403_chrm01_circ_2970233	PS_Ct_r03_2017_01_09_L001	128	2	1	0	1
HAMBI_0403_chrm01_circ_2992565	PS_Ct_r03_2017_01_09_L001	140	0	1	0	1
HAMBI_0403_chrm01_circ_2996524	PS_Ct_r03_2017_01_09_L001	105	0	1	0	1
HAMBI_0403_chrm01_circ_3087888	PS_Ct_r03_2017_01_09_L001	111	0	1	0	1
HAMBI_0403_chrm01_circ_3109922	PS_Ct_r03_2017_01_09_L001	110	0	1	0	1
HAMBI_0403_chrm01_circ_3118967	PS_Ct_r03_2017_01_09_L001	109	1	1	0	1
HAMBI_0403_chrm01_circ_3144725	PS_Ct_r03_2017_01_09_L001	101	0	1	0	1
HAMBI_0403_chrm01_circ_3149518	PS_Ct_r03_2017_01_09_L001	105	4	1	0	1
HAMBI_0403_chrm01_circ_3154053	PS_Ct_r03_2017_01_09_L001	111	2	1	0	1
HAMBI_0403_chrm01_circ_3211528	PS_Ct_r03_2017_01_09_L001	115	0	1	0	1
HAMBI_0403_chrm01_circ_3229165	PS_Ct_r03_2017_01_09_L001	119	2	1	0	1
HAMBI_0403_chrm01_circ_3250514	PS_Ct_r03_2017_01_09_L001	96	0	1	0	1
HAMBI_0403_chrm01_circ_3276660	PS_Ct_r03_2017_01_09_L001	112	4	1	0	1
HAMBI_0403_chrm01_circ_3281194	PS_Ct_r03_2017_01_09_L001	31	0	1	0	1
HAMBI_0403_chrm01_circ_3300154	PS_Ct_r03_2017_01_09_L001	138	0	1	0	1
HAMBI_0403_chrm01_circ_3322437	PS_Ct_r03_2017_01_09_L001	92	8	1	0	1
HAMBI_0403_chrm01_circ_3322622	PS_Ct_r03_2017_01_09_L001	109	0	1	0	1
HAMBI_0403_chrm01_circ_3329629	PS_Ct_r03_2017_01_09_L001	108	0	1	0	1
HAMBI_0403_chrm01_circ_338614	PS_Ct_r03_2017_01_09_L001	148	4	1	0	1
HAMBI_0403_chrm01_circ_3393687	PS_Ct_r03_2017_01_09_L001	70	10	1	0	1
HAMBI_0403_chrm01_circ_3394128	PS_Ct_r03_2017_01_09_L001	83	0	1	0	1
HAMBI_0403_chrm01_circ_3405266	PS_Ct_r03_2017_01_09_L001	102	0	1	0	1
HAMBI_0403_chrm01_circ_340602	PS_Ct_r03_2017_01_09_L001	95	2	1	0	1
HAMBI_0403_chrm01_circ_3418753	PS_Ct_r03_2017_01_09_L001	78	0	1	0	1
HAMBI_0403_chrm01_circ_3459098	PS_Ct_r03_2017_01_09_L001	245	3	1	0	1
HAMBI_0403_chrm01_circ_3460941	PS_Ct_r03_2017_01_09_L001	257	0	1	0	1
HAMBI_0403_chrm01_circ_3461599	PS_Ct_r03_2017_01_09_L001	169	0	1	0	1
HAMBI_0403_chrm01_circ_3489004	PS_Ct_r03_2017_01_09_L001	116	0	1	0	1
HAMBI_0403_chrm01_circ_355460	PS_Ct_r03_2017_01_09_L001	137	0	1	0	1
HAMBI_0403_chrm01_circ_3555176	PS_Ct_r03_2017_01_09_L001	99	5	1	0	1
HAMBI_0403_chrm01_circ_3560450	PS_Ct_r03_2017_01_09_L001	109	0	1	0	1
HAMBI_0403_chrm01_circ_3567764	PS_Ct_r03_2017_01_09_L001	114	0	1	0	1
HAMBI_0403_chrm01_circ_3601720	PS_Ct_r03_2017_01_09_L001	107	0	1	0	1
HAMBI_0403_chrm01_circ_360522	PS_Ct_r03_2017_01_09_L001	129	9	1	0	1
HAMBI_0403_chrm01_circ_3647008	PS_Ct_r03_2017_01_09_L001	123	1	1	0	1
HAMBI_0403_chrm01_circ_3652328	PS_Ct_r03_2017_01_09_L001	121	9	1	0	1
HAMBI_0403_chrm01_circ_3734676	PS_Ct_r03_2017_01_09_L001	106	0	1	0	1
HAMBI_0403_chrm01_circ_3808590	PS_Ct_r03_2017_01_09_L001	106	0	1	0	1
HAMBI_0403_chrm01_circ_3813095	PS_Ct_r03_2017_01_09_L001	94	0	1	0	1
HAMBI_0403_chrm01_circ_3832814	PS_Ct_r03_2017_01_09_L001	95	5	1	0	1
HAMBI_0403_chrm01_circ_3885292	PS_Ct_r03_2017_01_09_L001	117	0	1	0	1
HAMBI_0403_chrm01_circ_3900399	PS_Ct_r03_2017_01_09_L001	103	0	1	0	1
HAMBI_0403_chrm01_circ_3910589	PS_Ct_r03_2017_01_09_L001	81	51	1	0	1
HAMBI_0403_chrm01_circ_3911084	PS_Ct_r03_2017_01_09_L001	145	19	1	0	1
HAMBI_0403_chrm01_circ_3993103	PS_Ct_r03_2017_01_09_L001	98	3	1	0	1
HAMBI_0403_chrm01_circ_4025643	PS_Ct_r03_2017_01_09_L001	114	9	1	0	1
HAMBI_0403_chrm01_circ_4025652	PS_Ct_r03_2017_01_09_L001	122	9	1	0	1
HAMBI_0403_chrm01_circ_4025663	PS_Ct_r03_2017_01_09_L001	139	9	1	0	1
HAMBI_0403_chrm01_circ_4025670	PS_Ct_r03_2017_01_09_L001	134	6	1	0	1
HAMBI_0403_chrm01_circ_4025677	PS_Ct_r03_2017_01_09_L001	134	6	1	0	1
HAMBI_0403_chrm01_circ_4025698	PS_Ct_r03_2017_01_09_L001	140	3	1	0	1
HAMBI_0403_chrm01_circ_4025700	PS_Ct_r03_2017_01_09_L001	142	3	1	0	1
HAMBI_0403_chrm01_circ_4040615	PS_Ct_r03_2017_01_09_L001	140	0	1	0	1
HAMBI_0403_chrm01_circ_4047471	PS_Ct_r03_2017_01_09_L001	128	0	1	0	1
HAMBI_0403_chrm01_circ_4063903	PS_Ct_r03_2017_01_09_L001	121	0	1	0	1
HAMBI_0403_chrm01_circ_4082916	PS_Ct_r03_2017_01_09_L001	122	0	1	0	1
HAMBI_0403_chrm01_circ_4098318	PS_Ct_r03_2017_01_09_L001	96	8	1	0	1
HAMBI_0403_chrm01_circ_4111761	PS_Ct_r03_2017_01_09_L001	108	0	1	0	1
HAMBI_0403_chrm01_circ_4119675	PS_Ct_r03_2017_01_09_L001	114	0	1	0	1
HAMBI_0403_chrm01_circ_4204317	PS_Ct_r03_2017_01_09_L001	95	3	1	0	1
HAMBI_0403_chrm01_circ_4211806	PS_Ct_r03_2017_01_09_L001	151	0	1	0	1
HAMBI_0403_chrm01_circ_4225781	PS_Ct_r03_2017_01_09_L001	84	0	1	0	1
HAMBI_0403_chrm01_circ_4227635	PS_Ct_r03_2017_01_09_L001	110	2	1	0	1
HAMBI_0403_chrm01_circ_4252605	PS_Ct_r03_2017_01_09_L001	106	0	1	0	1
HAMBI_0403_chrm01_circ_4295930	PS_Ct_r03_2017_01_09_L001	141	1	1	0	1
HAMBI_0403_chrm01_circ_4332767	PS_Ct_r03_2017_01_09_L001	110	3	1	0	1
HAMBI_0403_chrm01_circ_434325	PS_Ct_r03_2017_01_09_L001	100	0	1	0	1
HAMBI_0403_chrm01_circ_4367530	PS_Ct_r03_2017_01_09_L001	127	0	1	0	1
HAMBI_0403_chrm01_circ_4378839	PS_Ct_r03_2017_01_09_L001	99	0	1	0	1
HAMBI_0403_chrm01_circ_4384070	PS_Ct_r03_2017_01_09_L001	123	0	1	0	1
HAMBI_0403_chrm01_circ_440957	PS_Ct_r03_2017_01_09_L001	117	0	1	0	1
HAMBI_0403_chrm01_circ_4424328	PS_Ct_r03_2017_01_09_L001	92	3	1	0	1
HAMBI_0403_chrm01_circ_4450072	PS_Ct_r03_2017_01_09_L001	89	1	1	0	1
HAMBI_0403_chrm01_circ_4483742	PS_Ct_r03_2017_01_09_L001	101	8	1	0	1
HAMBI_0403_chrm01_circ_4537667	PS_Ct_r03_2017_01_09_L001	106	1	1	0	1
HAMBI_0403_chrm01_circ_4568561	PS_Ct_r03_2017_01_09_L001	125	0	1	0	1
HAMBI_0403_chrm01_circ_4574843	PS_Ct_r03_2017_01_09_L001	116	0	1	0	1
HAMBI_0403_chrm01_circ_4597956	PS_Ct_r03_2017_01_09_L001	114	0	1	0	1
HAMBI_0403_chrm01_circ_4629677	PS_Ct_r03_2017_01_09_L001	124	2	1	0	1
HAMBI_0403_chrm01_circ_4750362	PS_Ct_r03_2017_01_09_L001	80	0	1	0	1
HAMBI_0403_chrm01_circ_4761505	PS_Ct_r03_2017_01_09_L001	16	0	1	0	1
HAMBI_0403_chrm01_circ_4792076	PS_Ct_r03_2017_01_09_L001	88	9	1	0	1
HAMBI_0403_chrm01_circ_4807897	PS_Ct_r03_2017_01_09_L001	139	0	1	0	1
HAMBI_0403_chrm01_circ_4807942	PS_Ct_r03_2017_01_09_L001	130	0	1	0	1
HAMBI_0403_chrm01_circ_4815800	PS_Ct_r03_2017_01_09_L001	101	8	1	0	1
HAMBI_0403_chrm01_circ_4827495	PS_Ct_r03_2017_01_09_L001	97	0	1	0	1
HAMBI_0403_chrm01_circ_4829007	PS_Ct_r03_2017_01_09_L001	120	0	1	0	1
HAMBI_0403_chrm01_circ_4829050	PS_Ct_r03_2017_01_09_L001	129	0	1	0	1
HAMBI_0403_chrm01_circ_4831235	PS_Ct_r03_2017_01_09_L001	135	0	1	0	1
HAMBI_0403_chrm01_circ_4893344	PS_Ct_r03_2017_01_09_L001	124	0	1	0	1
HAMBI_0403_chrm01_circ_4947683	PS_Ct_r03_2017_01_09_L001	148	1	1	0	1
HAMBI_0403_chrm01_circ_4968639	PS_Ct_r03_2017_01_09_L001	117	0	1	0	1
HAMBI_0403_chrm01_circ_4973982	PS_Ct_r03_2017_01_09_L001	115	0	1	0	1
HAMBI_0403_chrm01_circ_4994802	PS_Ct_r03_2017_01_09_L001	116	0	1	0	1
HAMBI_0403_chrm01_circ_500037	PS_Ct_r03_2017_01_09_L001	86	12	1	0	1
HAMBI_0403_chrm01_circ_5035898	PS_Ct_r03_2017_01_09_L001	106	4	1	0	1
HAMBI_0403_chrm01_circ_5041374	PS_Ct_r03_2017_01_09_L001	119	0	1	0	1
HAMBI_0403_chrm01_circ_5060025	PS_Ct_r03_2017_01_09_L001	123	0	1	0	1
HAMBI_0403_chrm01_circ_5074286	PS_Ct_r03_2017_01_09_L001	124	1	1	0	1
HAMBI_0403_chrm01_circ_5102598	PS_Ct_r03_2017_01_09_L001	118	3	1	0	1
HAMBI_0403_chrm01_circ_5106025	PS_Ct_r03_2017_01_09_L001	69	0	1	0	1
HAMBI_0403_chrm01_circ_5130785	PS_Ct_r03_2017_01_09_L001	122	1	1	0	1
HAMBI_0403_chrm01_circ_5165364	PS_Ct_r03_2017_01_09_L001	115	0	1	0	1
HAMBI_0403_chrm01_circ_5170782	PS_Ct_r03_2017_01_09_L001	114	1	1	0	1
HAMBI_0403_chrm01_circ_5191327	PS_Ct_r03_2017_01_09_L001	98	4	1	0	1
HAMBI_0403_chrm01_circ_5198807	PS_Ct_r03_2017_01_09_L001	76	0	1	0	1
HAMBI_0403_chrm01_circ_522539	PS_Ct_r03_2017_01_09_L001	109	5	1	0	1
HAMBI_0403_chrm01_circ_5277914	PS_Ct_r03_2017_01_09_L001	104	0	1	0	1
HAMBI_0403_chrm01_circ_5317143	PS_Ct_r03_2017_01_09_L001	112	2	1	0	1
HAMBI_0403_chrm01_circ_5369259	PS_Ct_r03_2017_01_09_L001	87	2	1	0	1
HAMBI_0403_chrm01_circ_5380330	PS_Ct_r03_2017_01_09_L001	123	0	1	0	1
HAMBI_0403_chrm01_circ_5387471	PS_Ct_r03_2017_01_09_L001	118	2	1	0	1
HAMBI_0403_chrm01_circ_5407887	PS_Ct_r03_2017_01_09_L001	93	0	1	0	1
HAMBI_0403_chrm01_circ_5435929	PS_Ct_r03_2017_01_09_L001	127	7	1	0	1
HAMBI_0403_chrm01_circ_5447164	PS_Ct_r03_2017_01_09_L001	104	0	1	0	1
HAMBI_0403_chrm01_circ_5448089	PS_Ct_r03_2017_01_09_L001	113	0	1	0	1
HAMBI_0403_chrm01_circ_5454777	PS_Ct_r03_2017_01_09_L001	115	1	1	0	1
HAMBI_0403_chrm01_circ_5466654	PS_Ct_r03_2017_01_09_L001	121	0	1	0	1
HAMBI_0403_chrm01_circ_5476119	PS_Ct_r03_2017_01_09_L001	111	0	1	0	1
HAMBI_0403_chrm01_circ_5571996	PS_Ct_r03_2017_01_09_L001	136	15	1	0	1
HAMBI_0403_chrm01_circ_5605380	PS_Ct_r03_2017_01_09_L001	90	0	1	0	1
HAMBI_0403_chrm01_circ_5649091	PS_Ct_r03_2017_01_09_L001	127	0	1	0	1
HAMBI_0403_chrm01_circ_5741782	PS_Ct_r03_2017_01_09_L001	96	2	1	0	1
HAMBI_0403_chrm01_circ_575080	PS_Ct_r03_2017_01_09_L001	94	0	1	0	1
HAMBI_0403_chrm01_circ_5775702	PS_Ct_r03_2017_01_09_L001	121	1	1	0	1
HAMBI_0403_chrm01_circ_61587	PS_Ct_r03_2017_01_09_L001	89	0	1	0	1
HAMBI_0403_chrm01_circ_673240	PS_Ct_r03_2017_01_09_L001	131	0	1	0	1
HAMBI_0403_chrm01_circ_674307	PS_Ct_r03_2017_01_09_L001	105	0	1	0	1
HAMBI_0403_chrm01_circ_674960	PS_Ct_r03_2017_01_09_L001	107	0	1	0	1
HAMBI_0403_chrm01_circ_693893	PS_Ct_r03_2017_01_09_L001	132	0	1	0	1
HAMBI_0403_chrm01_circ_698904	PS_Ct_r03_2017_01_09_L001	112	1	1	0	1
HAMBI_0403_chrm01_circ_70627	PS_Ct_r03_2017_01_09_L001	140	2	1	0	1
HAMBI_0403_chrm01_circ_736327	PS_Ct_r03_2017_01_09_L001	110	1	1	0	1
HAMBI_0403_chrm01_circ_755508	PS_Ct_r03_2017_01_09_L001	101	4	1	0	1
HAMBI_0403_chrm01_circ_759084	PS_Ct_r03_2017_01_09_L001	118	0	1	0	1
HAMBI_0403_chrm01_circ_78846	PS_Ct_r03_2017_01_09_L001	134	1	1	0	1
HAMBI_0403_chrm01_circ_790661	PS_Ct_r03_2017_01_09_L001	101	2	1	0	1
HAMBI_0403_chrm01_circ_808688	PS_Ct_r03_2017_01_09_L001	104	1	1	0	1
HAMBI_0403_chrm01_circ_814505	PS_Ct_r03_2017_01_09_L001	127	0	1	0	1
HAMBI_0403_chrm01_circ_823961	PS_Ct_r03_2017_01_09_L001	117	4	1	0	1
HAMBI_0403_chrm01_circ_83834	PS_Ct_r03_2017_01_09_L001	99	0	1	0	1
HAMBI_0403_chrm01_circ_868194	PS_Ct_r03_2017_01_09_L001	99	2	1	0	1
HAMBI_0403_chrm01_circ_905331	PS_Ct_r03_2017_01_09_L001	111	1	1	0	1
HAMBI_0403_chrm01_circ_928195	PS_Ct_r03_2017_01_09_L001	123	8	1	0	1
HAMBI_0403_chrm01_circ_946980	PS_Ct_r03_2017_01_09_L001	138	7	1	0	1
HAMBI_0403_chrm01_circ_955334	PS_Ct_r03_2017_01_09_L001	110	0	1	0	1
HAMBI_0403_chrm01_circ_958358	PS_Ct_r03_2017_01_09_L001	104	0	1	0	1
HAMBI_0403_chrm01_circ_958650	PS_Ct_r03_2017_01_09_L001	78	26	1	0	1
HAMBI_0403_chrm01_circ_96390	PS_Ct_r03_2017_01_09_L001	110	1	1	0	1
HAMBI_0403_chrm01_circ_99072	PS_Ct_r03_2017_01_09_L001	117	2	1	0	1
HAMBI_0403_chrm01_circ_99696	PS_Ct_r03_2017_01_09_L001	117	0	1	0	1
HAMBI_0403_plas01_circ_13169	PS_Ct_r03_2017_01_09_L001	173	13	1	0	1
HAMBI_0403_plas01_circ_31558	PS_Ct_r03_2017_01_09_L001	170	2	1	0	1
HAMBI_0403_chrm01_circ_1046497	PS_Ct_r03_2017_02_06_L001	88	0	1	0	1
HAMBI_0403_chrm01_circ_1080893	PS_Ct_r03_2017_02_06_L001	73	0	1	0	1
HAMBI_0403_chrm01_circ_1119336	PS_Ct_r03_2017_02_06_L001	78	5	1	0	1
HAMBI_0403_chrm01_circ_1119876	PS_Ct_r03_2017_02_06_L001	64	0	1	0	1
HAMBI_0403_chrm01_circ_1132164	PS_Ct_r03_2017_02_06_L001	55	9	1	0	1
HAMBI_0403_chrm01_circ_1154877	PS_Ct_r03_2017_02_06_L001	74	0	1	0	1
HAMBI_0403_chrm01_circ_1177878	PS_Ct_r03_2017_02_06_L001	71	0	1	0	1
HAMBI_0403_chrm01_circ_1191667	PS_Ct_r03_2017_02_06_L001	93	1	1	0	1
HAMBI_0403_chrm01_circ_1246798	PS_Ct_r03_2017_02_06_L001	88	0	1	0	1
HAMBI_0403_chrm01_circ_1272527	PS_Ct_r03_2017_02_06_L001	49	0	1	0	1
HAMBI_0403_chrm01_circ_1277340	PS_Ct_r03_2017_02_06_L001	80	0	1	0	1
HAMBI_0403_chrm01_circ_1295387	PS_Ct_r03_2017_02_06_L001	63	2	1	0	1
HAMBI_0403_chrm01_circ_1350046	PS_Ct_r03_2017_02_06_L001	84	11	1	0	1
HAMBI_0403_chrm01_circ_1359617	PS_Ct_r03_2017_02_06_L001	28	1	1	0	1
HAMBI_0403_chrm01_circ_1361345	PS_Ct_r03_2017_02_06_L001	61	0	1	0	1
HAMBI_0403_chrm01_circ_1392097	PS_Ct_r03_2017_02_06_L001	0	8	1	0	1
HAMBI_0403_chrm01_circ_1427994	PS_Ct_r03_2017_02_06_L001	71	2	1	0	1
HAMBI_0403_chrm01_circ_1449135	PS_Ct_r03_2017_02_06_L001	66	1	1	0	1
HAMBI_0403_chrm01_circ_1483274	PS_Ct_r03_2017_02_06_L001	92	1	1	0	1
HAMBI_0403_chrm01_circ_1488590	PS_Ct_r03_2017_02_06_L001	57	9	1	0	1
HAMBI_0403_chrm01_circ_15131	PS_Ct_r03_2017_02_06_L001	79	2	1	0	1
HAMBI_0403_chrm01_circ_1566075	PS_Ct_r03_2017_02_06_L001	56	0	1	0	1
HAMBI_0403_chrm01_circ_1610814	PS_Ct_r03_2017_02_06_L001	70	0	1	0	1
HAMBI_0403_chrm01_circ_161831	PS_Ct_r03_2017_02_06_L001	63	2	1	0	1
HAMBI_0403_chrm01_circ_16427	PS_Ct_r03_2017_02_06_L001	82	6	1	0	1
HAMBI_0403_chrm01_circ_1649857	PS_Ct_r03_2017_02_06_L001	75	0	1	0	1
HAMBI_0403_chrm01_circ_1732518	PS_Ct_r03_2017_02_06_L001	67	0	1	0	1
HAMBI_0403_chrm01_circ_1738117	PS_Ct_r03_2017_02_06_L001	98	2	1	0	1
HAMBI_0403_chrm01_circ_1759579	PS_Ct_r03_2017_02_06_L001	60	0	1	0	1
HAMBI_0403_chrm01_circ_177120	PS_Ct_r03_2017_02_06_L001	93	0	1	0	1
HAMBI_0403_chrm01_circ_1820962	PS_Ct_r03_2017_02_06_L001	66	0	1	0	1
HAMBI_0403_chrm01_circ_1887917	PS_Ct_r03_2017_02_06_L001	68	0	1	0	1
HAMBI_0403_chrm01_circ_1930553	PS_Ct_r03_2017_02_06_L001	76	1	1	0	1
HAMBI_0403_chrm01_circ_1942108	PS_Ct_r03_2017_02_06_L001	72	0	1	0	1
HAMBI_0403_chrm01_circ_1954454	PS_Ct_r03_2017_02_06_L001	82	3	1	0	1
HAMBI_0403_chrm01_circ_1956423	PS_Ct_r03_2017_02_06_L001	86	1	1	0	1
HAMBI_0403_chrm01_circ_1975660	PS_Ct_r03_2017_02_06_L001	73	0	1	0	1
HAMBI_0403_chrm01_circ_1977057	PS_Ct_r03_2017_02_06_L001	53	0	1	0	1
HAMBI_0403_chrm01_circ_2030365	PS_Ct_r03_2017_02_06_L001	54	2	1	0	1
HAMBI_0403_chrm01_circ_203280	PS_Ct_r03_2017_02_06_L001	85	3	1	0	1
HAMBI_0403_chrm01_circ_2047425	PS_Ct_r03_2017_02_06_L001	89	1	1	0	1
HAMBI_0403_chrm01_circ_204962	PS_Ct_r03_2017_02_06_L001	122	2	1	0	1
HAMBI_0403_chrm01_circ_2107547	PS_Ct_r03_2017_02_06_L001	61	2	1	0	1
HAMBI_0403_chrm01_circ_2168329	PS_Ct_r03_2017_02_06_L001	79	0	1	0	1
HAMBI_0403_chrm01_circ_2211058	PS_Ct_r03_2017_02_06_L001	79	0	1	0	1
HAMBI_0403_chrm01_circ_2255124	PS_Ct_r03_2017_02_06_L001	73	1	1	0	1
HAMBI_0403_chrm01_circ_2326138	PS_Ct_r03_2017_02_06_L001	63	2	1	0	1
HAMBI_0403_chrm01_circ_23479	PS_Ct_r03_2017_02_06_L001	70	0	1	0	1
HAMBI_0403_chrm01_circ_2442113	PS_Ct_r03_2017_02_06_L001	49	25	1	0	1
HAMBI_0403_chrm01_circ_2515857	PS_Ct_r03_2017_02_06_L001	72	1	1	0	1
HAMBI_0403_chrm01_circ_2636197	PS_Ct_r03_2017_02_06_L001	77	0	1	0	1
HAMBI_0403_chrm01_circ_264681	PS_Ct_r03_2017_02_06_L001	73	0	1	0	1
HAMBI_0403_chrm01_circ_2648858	PS_Ct_r03_2017_02_06_L001	73	0	1	0	1
HAMBI_0403_chrm01_circ_2663531	PS_Ct_r03_2017_02_06_L001	65	1	1	0	1
HAMBI_0403_chrm01_circ_267791	PS_Ct_r03_2017_02_06_L001	79	0	1	0	1
HAMBI_0403_chrm01_circ_2688975	PS_Ct_r03_2017_02_06_L001	102	1	1	0	1
HAMBI_0403_chrm01_circ_2693322	PS_Ct_r03_2017_02_06_L001	63	1	1	0	1
HAMBI_0403_chrm01_circ_2734043	PS_Ct_r03_2017_02_06_L001	71	0	1	0	1
HAMBI_0403_chrm01_circ_2751601	PS_Ct_r03_2017_02_06_L001	101	0	1	0	1
HAMBI_0403_chrm01_circ_2752133	PS_Ct_r03_2017_02_06_L001	69	4	1	0	1
HAMBI_0403_chrm01_circ_2754629	PS_Ct_r03_2017_02_06_L001	56	1	1	0	1
HAMBI_0403_chrm01_circ_2793634	PS_Ct_r03_2017_02_06_L001	56	0	1	0	1
HAMBI_0403_chrm01_circ_281980	PS_Ct_r03_2017_02_06_L001	98	0	1	0	1
HAMBI_0403_chrm01_circ_2888794	PS_Ct_r03_2017_02_06_L001	55	2	1	0	1
HAMBI_0403_chrm01_circ_292417	PS_Ct_r03_2017_02_06_L001	66	14	1	0	1
HAMBI_0403_chrm01_circ_2926993	PS_Ct_r03_2017_02_06_L001	52	0	1	0	1
HAMBI_0403_chrm01_circ_2930190	PS_Ct_r03_2017_02_06_L001	56	0	1	0	1
HAMBI_0403_chrm01_circ_2953973	PS_Ct_r03_2017_02_06_L001	51	0	1	0	1
HAMBI_0403_chrm01_circ_2957163	PS_Ct_r03_2017_02_06_L001	57	0	1	0	1
HAMBI_0403_chrm01_circ_2970233	PS_Ct_r03_2017_02_06_L001	91	2	1	0	1
HAMBI_0403_chrm01_circ_2992565	PS_Ct_r03_2017_02_06_L001	69	0	1	0	1
HAMBI_0403_chrm01_circ_2996524	PS_Ct_r03_2017_02_06_L001	75	0	1	0	1
HAMBI_0403_chrm01_circ_3087888	PS_Ct_r03_2017_02_06_L001	63	0	1	0	1
HAMBI_0403_chrm01_circ_3109922	PS_Ct_r03_2017_02_06_L001	78	2	1	0	1
HAMBI_0403_chrm01_circ_3118967	PS_Ct_r03_2017_02_06_L001	75	0	1	0	1
HAMBI_0403_chrm01_circ_3144725	PS_Ct_r03_2017_02_06_L001	70	0	1	0	1
HAMBI_0403_chrm01_circ_3149518	PS_Ct_r03_2017_02_06_L001	95	5	1	0	1
HAMBI_0403_chrm01_circ_3154053	PS_Ct_r03_2017_02_06_L001	68	2	1	0	1
HAMBI_0403_chrm01_circ_3211528	PS_Ct_r03_2017_02_06_L001	92	0	1	0	1
HAMBI_0403_chrm01_circ_3229165	PS_Ct_r03_2017_02_06_L001	87	2	1	0	1
HAMBI_0403_chrm01_circ_3250514	PS_Ct_r03_2017_02_06_L001	55	0	1	0	1
HAMBI_0403_chrm01_circ_3276660	PS_Ct_r03_2017_02_06_L001	55	7	1	0	1
HAMBI_0403_chrm01_circ_3281194	PS_Ct_r03_2017_02_06_L001	28	0	1	0	1
HAMBI_0403_chrm01_circ_3300154	PS_Ct_r03_2017_02_06_L001	96	0	1	0	1
HAMBI_0403_chrm01_circ_3322437	PS_Ct_r03_2017_02_06_L001	78	3	1	0	1
HAMBI_0403_chrm01_circ_3322622	PS_Ct_r03_2017_02_06_L001	73	0	1	0	1
HAMBI_0403_chrm01_circ_3329629	PS_Ct_r03_2017_02_06_L001	67	1	1	0	1
HAMBI_0403_chrm01_circ_338614	PS_Ct_r03_2017_02_06_L001	105	5	1	0	1
HAMBI_0403_chrm01_circ_3393687	PS_Ct_r03_2017_02_06_L001	56	2	1	0	1
HAMBI_0403_chrm01_circ_3394128	PS_Ct_r03_2017_02_06_L001	69	0	1	0	1
HAMBI_0403_chrm01_circ_3405266	PS_Ct_r03_2017_02_06_L001	58	0	1	0	1
HAMBI_0403_chrm01_circ_340602	PS_Ct_r03_2017_02_06_L001	74	4	1	0	1
HAMBI_0403_chrm01_circ_3418753	PS_Ct_r03_2017_02_06_L001	67	0	1	0	1
HAMBI_0403_chrm01_circ_3459098	PS_Ct_r03_2017_02_06_L001	183	0	1	0	1
HAMBI_0403_chrm01_circ_3460941	PS_Ct_r03_2017_02_06_L001	160	0	1	0	1
HAMBI_0403_chrm01_circ_3461599	PS_Ct_r03_2017_02_06_L001	127	0	1	0	1
HAMBI_0403_chrm01_circ_3489004	PS_Ct_r03_2017_02_06_L001	70	0	1	0	1
HAMBI_0403_chrm01_circ_355460	PS_Ct_r03_2017_02_06_L001	54	0	1	0	1
HAMBI_0403_chrm01_circ_3555176	PS_Ct_r03_2017_02_06_L001	57	4	1	0	1
HAMBI_0403_chrm01_circ_3560450	PS_Ct_r03_2017_02_06_L001	68	1	1	0	1
HAMBI_0403_chrm01_circ_3567764	PS_Ct_r03_2017_02_06_L001	73	0	1	0	1
HAMBI_0403_chrm01_circ_3601720	PS_Ct_r03_2017_02_06_L001	79	0	1	0	1
HAMBI_0403_chrm01_circ_360522	PS_Ct_r03_2017_02_06_L001	74	4	1	0	1
HAMBI_0403_chrm01_circ_3647008	PS_Ct_r03_2017_02_06_L001	94	0	1	0	1
HAMBI_0403_chrm01_circ_3652328	PS_Ct_r03_2017_02_06_L001	83	6	1	0	1
HAMBI_0403_chrm01_circ_3734676	PS_Ct_r03_2017_02_06_L001	68	0	1	0	1
HAMBI_0403_chrm01_circ_3808590	PS_Ct_r03_2017_02_06_L001	61	1	1	0	1
HAMBI_0403_chrm01_circ_3813095	PS_Ct_r03_2017_02_06_L001	65	0	1	0	1
HAMBI_0403_chrm01_circ_3832814	PS_Ct_r03_2017_02_06_L001	58	2	1	0	1
HAMBI_0403_chrm01_circ_3885292	PS_Ct_r03_2017_02_06_L001	81	0	1	0	1
HAMBI_0403_chrm01_circ_3900399	PS_Ct_r03_2017_02_06_L001	82	0	1	0	1
HAMBI_0403_chrm01_circ_3910589	PS_Ct_r03_2017_02_06_L001	47	54	1	0	1
HAMBI_0403_chrm01_circ_3911084	PS_Ct_r03_2017_02_06_L001	86	3	1	0	1
HAMBI_0403_chrm01_circ_3993103	PS_Ct_r03_2017_02_06_L001	57	1	1	0	1
HAMBI_0403_chrm01_circ_4025643	PS_Ct_r03_2017_02_06_L001	59	3	1	0	1
HAMBI_0403_chrm01_circ_4025652	PS_Ct_r03_2017_02_06_L001	68	3	1	0	1
HAMBI_0403_chrm01_circ_4025663	PS_Ct_r03_2017_02_06_L001	75	3	1	0	1
HAMBI_0403_chrm01_circ_4025670	PS_Ct_r03_2017_02_06_L001	76	3	1	0	1
HAMBI_0403_chrm01_circ_4025677	PS_Ct_r03_2017_02_06_L001	75	3	1	0	1
HAMBI_0403_chrm01_circ_4025698	PS_Ct_r03_2017_02_06_L001	75	1	1	0	1
HAMBI_0403_chrm01_circ_4025700	PS_Ct_r03_2017_02_06_L001	74	1	1	0	1
HAMBI_0403_chrm01_circ_4040615	PS_Ct_r03_2017_02_06_L001	86	0	1	0	1
HAMBI_0403_chrm01_circ_4047471	PS_Ct_r03_2017_02_06_L001	69	0	1	0	1
HAMBI_0403_chrm01_circ_4063903	PS_Ct_r03_2017_02_06_L001	91	0	1	0	1
HAMBI_0403_chrm01_circ_4082916	PS_Ct_r03_2017_02_06_L001	79	0	1	0	1
HAMBI_0403_chrm01_circ_4098318	PS_Ct_r03_2017_02_06_L001	78	2	1	0	1
HAMBI_0403_chrm01_circ_4111761	PS_Ct_r03_2017_02_06_L001	88	3	1	0	1
HAMBI_0403_chrm01_circ_4119675	PS_Ct_r03_2017_02_06_L001	74	0	1	0	1
HAMBI_0403_chrm01_circ_4204317	PS_Ct_r03_2017_02_06_L001	70	3	1	0	1
HAMBI_0403_chrm01_circ_4211806	PS_Ct_r03_2017_02_06_L001	108	0	1	0	1
HAMBI_0403_chrm01_circ_4225781	PS_Ct_r03_2017_02_06_L001	80	0	1	0	1
HAMBI_0403_chrm01_circ_4227635	PS_Ct_r03_2017_02_06_L001	77	2	1	0	1
HAMBI_0403_chrm01_circ_4252605	PS_Ct_r03_2017_02_06_L001	84	0	1	0	1
HAMBI_0403_chrm01_circ_4295930	PS_Ct_r03_2017_02_06_L001	93	1	1	0	1
HAMBI_0403_chrm01_circ_4332767	PS_Ct_r03_2017_02_06_L001	81	1	1	0	1
HAMBI_0403_chrm01_circ_434325	PS_Ct_r03_2017_02_06_L001	84	0	1	0	1
HAMBI_0403_chrm01_circ_4367530	PS_Ct_r03_2017_02_06_L001	103	0	1	0	1
HAMBI_0403_chrm01_circ_4378839	PS_Ct_r03_2017_02_06_L001	77	0	1	0	1
HAMBI_0403_chrm01_circ_4384070	PS_Ct_r03_2017_02_06_L001	78	1	1	0	1
HAMBI_0403_chrm01_circ_440957	PS_Ct_r03_2017_02_06_L001	71	0	1	0	1
HAMBI_0403_chrm01_circ_4424328	PS_Ct_r03_2017_02_06_L001	52	2	1	0	1
HAMBI_0403_chrm01_circ_4450072	PS_Ct_r03_2017_02_06_L001	57	0	1	0	1
HAMBI_0403_chrm01_circ_4483742	PS_Ct_r03_2017_02_06_L001	64	7	1	0	1
HAMBI_0403_chrm01_circ_4537667	PS_Ct_r03_2017_02_06_L001	89	0	1	0	1
HAMBI_0403_chrm01_circ_4568561	PS_Ct_r03_2017_02_06_L001	45	0	1	0	1
HAMBI_0403_chrm01_circ_4574843	PS_Ct_r03_2017_02_06_L001	78	0	1	0	1
HAMBI_0403_chrm01_circ_4597956	PS_Ct_r03_2017_02_06_L001	98	0	1	0	1
HAMBI_0403_chrm01_circ_4629677	PS_Ct_r03_2017_02_06_L001	97	1	1	0	1
HAMBI_0403_chrm01_circ_4750362	PS_Ct_r03_2017_02_06_L001	49	0	1	0	1
HAMBI_0403_chrm01_circ_4761505	PS_Ct_r03_2017_02_06_L001	20	0	1	0	1
HAMBI_0403_chrm01_circ_4792076	PS_Ct_r03_2017_02_06_L001	73	7	1	0	1
HAMBI_0403_chrm01_circ_4807897	PS_Ct_r03_2017_02_06_L001	94	0	1	0	1
HAMBI_0403_chrm01_circ_4807942	PS_Ct_r03_2017_02_06_L001	86	0	1	0	1
HAMBI_0403_chrm01_circ_4815800	PS_Ct_r03_2017_02_06_L001	58	3	1	0	1
HAMBI_0403_chrm01_circ_4827495	PS_Ct_r03_2017_02_06_L001	59	0	1	0	1
HAMBI_0403_chrm01_circ_4829007	PS_Ct_r03_2017_02_06_L001	91	0	1	0	1
HAMBI_0403_chrm01_circ_4829050	PS_Ct_r03_2017_02_06_L001	89	0	1	0	1
HAMBI_0403_chrm01_circ_4831235	PS_Ct_r03_2017_02_06_L001	102	0	1	0	1
HAMBI_0403_chrm01_circ_4893344	PS_Ct_r03_2017_02_06_L001	76	0	1	0	1
HAMBI_0403_chrm01_circ_4947683	PS_Ct_r03_2017_02_06_L001	69	0	1	0	1
HAMBI_0403_chrm01_circ_4968639	PS_Ct_r03_2017_02_06_L001	84	0	1	0	1
HAMBI_0403_chrm01_circ_4973982	PS_Ct_r03_2017_02_06_L001	75	0	1	0	1
HAMBI_0403_chrm01_circ_4994802	PS_Ct_r03_2017_02_06_L001	66	0	1	0	1
HAMBI_0403_chrm01_circ_500037	PS_Ct_r03_2017_02_06_L001	79	5	1	0	1
HAMBI_0403_chrm01_circ_5035898	PS_Ct_r03_2017_02_06_L001	88	0	1	0	1
HAMBI_0403_chrm01_circ_5041374	PS_Ct_r03_2017_02_06_L001	77	0	1	0	1
HAMBI_0403_chrm01_circ_5060025	PS_Ct_r03_2017_02_06_L001	96	0	1	0	1
HAMBI_0403_chrm01_circ_5074286	PS_Ct_r03_2017_02_06_L001	84	0	1	0	1
HAMBI_0403_chrm01_circ_5102598	PS_Ct_r03_2017_02_06_L001	88	0	1	0	1
HAMBI_0403_chrm01_circ_5106025	PS_Ct_r03_2017_02_06_L001	72	1	1	0	1
HAMBI_0403_chrm01_circ_5130785	PS_Ct_r03_2017_02_06_L001	103	0	1	0	1
HAMBI_0403_chrm01_circ_5165364	PS_Ct_r03_2017_02_06_L001	84	0	1	0	1
HAMBI_0403_chrm01_circ_5170782	PS_Ct_r03_2017_02_06_L001	80	0	1	0	1
HAMBI_0403_chrm01_circ_5191327	PS_Ct_r03_2017_02_06_L001	64	4	1	0	1
HAMBI_0403_chrm01_circ_5198807	PS_Ct_r03_2017_02_06_L001	60	0	1	0	1
HAMBI_0403_chrm01_circ_522539	PS_Ct_r03_2017_02_06_L001	64	0	1	0	1
HAMBI_0403_chrm01_circ_5277914	PS_Ct_r03_2017_02_06_L001	70	0	1	0	1
HAMBI_0403_chrm01_circ_5317143	PS_Ct_r03_2017_02_06_L001	88	0	1	0	1
HAMBI_0403_chrm01_circ_5369259	PS_Ct_r03_2017_02_06_L001	91	0	1	0	1
HAMBI_0403_chrm01_circ_5380330	PS_Ct_r03_2017_02_06_L001	79	0	1	0	1
HAMBI_0403_chrm01_circ_5387471	PS_Ct_r03_2017_02_06_L001	89	1	1	0	1
HAMBI_0403_chrm01_circ_5407887	PS_Ct_r03_2017_02_06_L001	68	0	1	0	1
HAMBI_0403_chrm01_circ_5435929	PS_Ct_r03_2017_02_06_L001	78	3	1	0	1
HAMBI_0403_chrm01_circ_5447164	PS_Ct_r03_2017_02_06_L001	89	0	1	0	1
HAMBI_0403_chrm01_circ_5448089	PS_Ct_r03_2017_02_06_L001	61	0	1	0	1
HAMBI_0403_chrm01_circ_5454777	PS_Ct_r03_2017_02_06_L001	91	0	1	0	1
HAMBI_0403_chrm01_circ_5466654	PS_Ct_r03_2017_02_06_L001	85	0	1	0	1
HAMBI_0403_chrm01_circ_5476119	PS_Ct_r03_2017_02_06_L001	66	0	1	0	1
HAMBI_0403_chrm01_circ_5571996	PS_Ct_r03_2017_02_06_L001	80	9	1	0	1
HAMBI_0403_chrm01_circ_5605380	PS_Ct_r03_2017_02_06_L001	74	0	1	0	1
HAMBI_0403_chrm01_circ_5649091	PS_Ct_r03_2017_02_06_L001	131	0	1	0	1
HAMBI_0403_chrm01_circ_5741782	PS_Ct_r03_2017_02_06_L001	77	0	1	0	1
HAMBI_0403_chrm01_circ_575080	PS_Ct_r03_2017_02_06_L001	72	0	1	0	1
HAMBI_0403_chrm01_circ_5775702	PS_Ct_r03_2017_02_06_L001	70	0	1	0	1
HAMBI_0403_chrm01_circ_61587	PS_Ct_r03_2017_02_06_L001	65	0	1	0	1
HAMBI_0403_chrm01_circ_673240	PS_Ct_r03_2017_02_06_L001	64	0	1	0	1
HAMBI_0403_chrm01_circ_674307	PS_Ct_r03_2017_02_06_L001	74	0	1	0	1
HAMBI_0403_chrm01_circ_674960	PS_Ct_r03_2017_02_06_L001	87	1	1	0	1
HAMBI_0403_chrm01_circ_693893	PS_Ct_r03_2017_02_06_L001	74	1	1	0	1
HAMBI_0403_chrm01_circ_698904	PS_Ct_r03_2017_02_06_L001	93	0	1	0	1
HAMBI_0403_chrm01_circ_70627	PS_Ct_r03_2017_02_06_L001	95	0	1	0	1
HAMBI_0403_chrm01_circ_736327	PS_Ct_r03_2017_02_06_L001	73	0	1	0	1
HAMBI_0403_chrm01_circ_755508	PS_Ct_r03_2017_02_06_L001	88	1	1	0	1
HAMBI_0403_chrm01_circ_759084	PS_Ct_r03_2017_02_06_L001	77	0	1	0	1
HAMBI_0403_chrm01_circ_78846	PS_Ct_r03_2017_02_06_L001	92	1	1	0	1
HAMBI_0403_chrm01_circ_790661	PS_Ct_r03_2017_02_06_L001	63	0	1	0	1
HAMBI_0403_chrm01_circ_808688	PS_Ct_r03_2017_02_06_L001	70	1	1	0	1
HAMBI_0403_chrm01_circ_814505	PS_Ct_r03_2017_02_06_L001	81	0	1	0	1
HAMBI_0403_chrm01_circ_823961	PS_Ct_r03_2017_02_06_L001	70	3	1	0	1
HAMBI_0403_chrm01_circ_83834	PS_Ct_r03_2017_02_06_L001	62	0	1	0	1
HAMBI_0403_chrm01_circ_868194	PS_Ct_r03_2017_02_06_L001	69	1	1	0	1
HAMBI_0403_chrm01_circ_905331	PS_Ct_r03_2017_02_06_L001	87	0	1	0	1
HAMBI_0403_chrm01_circ_928195	PS_Ct_r03_2017_02_06_L001	79	5	1	0	1
HAMBI_0403_chrm01_circ_946980	PS_Ct_r03_2017_02_06_L001	68	4	1	0	1
HAMBI_0403_chrm01_circ_955334	PS_Ct_r03_2017_02_06_L001	76	0	1	0	1
HAMBI_0403_chrm01_circ_958358	PS_Ct_r03_2017_02_06_L001	78	1	1	0	1
HAMBI_0403_chrm01_circ_958650	PS_Ct_r03_2017_02_06_L001	48	21	1	0	1
HAMBI_0403_chrm01_circ_96390	PS_Ct_r03_2017_02_06_L001	100	1	1	0	1
HAMBI_0403_chrm01_circ_99072	PS_Ct_r03_2017_02_06_L001	114	2	1	0	1
HAMBI_0403_chrm01_circ_99696	PS_Ct_r03_2017_02_06_L001	69	0	1	0	1
HAMBI_0403_plas01_circ_13169	PS_Ct_r03_2017_02_06_L001	124	12	1	0	1
HAMBI_0403_plas01_circ_31558	PS_Ct_r03_2017_02_06_L001	117	0	1	0	1
HAMBI_0403_chrm01_circ_1046497	PS_Ct_r03_2017_03_06_L001	38	0	1	0	1
HAMBI_0403_chrm01_circ_1080893	PS_Ct_r03_2017_03_06_L001	18	0	1	0	1
HAMBI_0403_chrm01_circ_1119336	PS_Ct_r03_2017_03_06_L001	22	5	1	0	1
HAMBI_0403_chrm01_circ_1119876	PS_Ct_r03_2017_03_06_L001	27	0	1	0	1
HAMBI_0403_chrm01_circ_1132164	PS_Ct_r03_2017_03_06_L001	24	6	1	0	1
HAMBI_0403_chrm01_circ_1154877	PS_Ct_r03_2017_03_06_L001	11	0	1	0	1
HAMBI_0403_chrm01_circ_1177878	PS_Ct_r03_2017_03_06_L001	21	1	1	0	1
HAMBI_0403_chrm01_circ_1191667	PS_Ct_r03_2017_03_06_L001	33	3	1	0	1
HAMBI_0403_chrm01_circ_1246798	PS_Ct_r03_2017_03_06_L001	25	0	1	0	1
HAMBI_0403_chrm01_circ_1272527	PS_Ct_r03_2017_03_06_L001	25	0	1	0	1
HAMBI_0403_chrm01_circ_1277340	PS_Ct_r03_2017_03_06_L001	26	1	1	0	1
HAMBI_0403_chrm01_circ_1295387	PS_Ct_r03_2017_03_06_L001	21	5	1	0	1
HAMBI_0403_chrm01_circ_1350046	PS_Ct_r03_2017_03_06_L001	34	0	1	0	1
HAMBI_0403_chrm01_circ_1359617	PS_Ct_r03_2017_03_06_L001	11	0	1	0	1
HAMBI_0403_chrm01_circ_1361345	PS_Ct_r03_2017_03_06_L001	21	0	1	0	1
HAMBI_0403_chrm01_circ_1392097	PS_Ct_r03_2017_03_06_L001	0	0	1	0	1
HAMBI_0403_chrm01_circ_1427994	PS_Ct_r03_2017_03_06_L001	16	1	1	0	1
HAMBI_0403_chrm01_circ_1449135	PS_Ct_r03_2017_03_06_L001	28	4	1	0	1
HAMBI_0403_chrm01_circ_1483274	PS_Ct_r03_2017_03_06_L001	33	0	1	0	1
HAMBI_0403_chrm01_circ_1488590	PS_Ct_r03_2017_03_06_L001	28	5	1	0	1
HAMBI_0403_chrm01_circ_15131	PS_Ct_r03_2017_03_06_L001	39	0	1	0	1
HAMBI_0403_chrm01_circ_1566075	PS_Ct_r03_2017_03_06_L001	18	0	1	0	1
HAMBI_0403_chrm01_circ_1610814	PS_Ct_r03_2017_03_06_L001	39	0	1	0	1
HAMBI_0403_chrm01_circ_161831	PS_Ct_r03_2017_03_06_L001	15	5	1	0	1
HAMBI_0403_chrm01_circ_16427	PS_Ct_r03_2017_03_06_L001	20	11	1	0	1
HAMBI_0403_chrm01_circ_1649857	PS_Ct_r03_2017_03_06_L001	26	0	1	0	1
HAMBI_0403_chrm01_circ_1732518	PS_Ct_r03_2017_03_06_L001	22	2	1	0	1
HAMBI_0403_chrm01_circ_1738117	PS_Ct_r03_2017_03_06_L001	23	0	1	0	1
HAMBI_0403_chrm01_circ_1759579	PS_Ct_r03_2017_03_06_L001	27	0	1	0	1
HAMBI_0403_chrm01_circ_177120	PS_Ct_r03_2017_03_06_L001	17	0	1	0	1
HAMBI_0403_chrm01_circ_1820962	PS_Ct_r03_2017_03_06_L001	20	0	1	0	1
HAMBI_0403_chrm01_circ_1887917	PS_Ct_r03_2017_03_06_L001	27	0	1	0	1
HAMBI_0403_chrm01_circ_1930553	PS_Ct_r03_2017_03_06_L001	33	0	1	0	1
HAMBI_0403_chrm01_circ_1942108	PS_Ct_r03_2017_03_06_L001	26	0	1	0	1
HAMBI_0403_chrm01_circ_1954454	PS_Ct_r03_2017_03_06_L001	11	1	1	0	1
HAMBI_0403_chrm01_circ_1956423	PS_Ct_r03_2017_03_06_L001	21	0	1	0	1
HAMBI_0403_chrm01_circ_1975660	PS_Ct_r03_2017_03_06_L001	20	0	1	0	1
HAMBI_0403_chrm01_circ_1977057	PS_Ct_r03_2017_03_06_L001	30	0	1	0	1
HAMBI_0403_chrm01_circ_2030365	PS_Ct_r03_2017_03_06_L001	19	0	1	0	1
HAMBI_0403_chrm01_circ_203280	PS_Ct_r03_2017_03_06_L001	24	6	1	0	1
HAMBI_0403_chrm01_circ_2047425	PS_Ct_r03_2017_03_06_L001	22	2	1	0	1
HAMBI_0403_chrm01_circ_204962	PS_Ct_r03_2017_03_06_L001	19	0	1	0	1
HAMBI_0403_chrm01_circ_2107547	PS_Ct_r03_2017_03_06_L001	25	2	1	0	1
HAMBI_0403_chrm01_circ_2168329	PS_Ct_r03_2017_03_06_L001	18	0	1	0	1
HAMBI_0403_chrm01_circ_2211058	PS_Ct_r03_2017_03_06_L001	26	0	1	0	1
HAMBI_0403_chrm01_circ_2255124	PS_Ct_r03_2017_03_06_L001	26	0	1	0	1
HAMBI_0403_chrm01_circ_2326138	PS_Ct_r03_2017_03_06_L001	23	4	1	0	1
HAMBI_0403_chrm01_circ_23479	PS_Ct_r03_2017_03_06_L001	20	0	1	0	1
HAMBI_0403_chrm01_circ_2442113	PS_Ct_r03_2017_03_06_L001	24	2	1	0	1
HAMBI_0403_chrm01_circ_2515857	PS_Ct_r03_2017_03_06_L001	28	4	1	0	1
HAMBI_0403_chrm01_circ_2636197	PS_Ct_r03_2017_03_06_L001	14	0	1	0	1
HAMBI_0403_chrm01_circ_264681	PS_Ct_r03_2017_03_06_L001	31	2	1	0	1
HAMBI_0403_chrm01_circ_2648858	PS_Ct_r03_2017_03_06_L001	34	0	1	0	1
HAMBI_0403_chrm01_circ_2663531	PS_Ct_r03_2017_03_06_L001	20	0	1	0	1
HAMBI_0403_chrm01_circ_267791	PS_Ct_r03_2017_03_06_L001	34	0	1	0	1
HAMBI_0403_chrm01_circ_2688975	PS_Ct_r03_2017_03_06_L001	27	1	1	0	1
HAMBI_0403_chrm01_circ_2693322	PS_Ct_r03_2017_03_06_L001	27	1	1	0	1
HAMBI_0403_chrm01_circ_2734043	PS_Ct_r03_2017_03_06_L001	20	0	1	0	1
HAMBI_0403_chrm01_circ_2751601	PS_Ct_r03_2017_03_06_L001	25	0	1	0	1
HAMBI_0403_chrm01_circ_2752133	PS_Ct_r03_2017_03_06_L001	18	3	1	0	1
HAMBI_0403_chrm01_circ_2754629	PS_Ct_r03_2017_03_06_L001	24	1	1	0	1
HAMBI_0403_chrm01_circ_2793634	PS_Ct_r03_2017_03_06_L001	28	0	1	0	1
HAMBI_0403_chrm01_circ_281980	PS_Ct_r03_2017_03_06_L001	26	0	1	0	1
HAMBI_0403_chrm01_circ_2888794	PS_Ct_r03_2017_03_06_L001	24	5	1	0	1
HAMBI_0403_chrm01_circ_292417	PS_Ct_r03_2017_03_06_L001	22	2	1	0	1
HAMBI_0403_chrm01_circ_2926993	PS_Ct_r03_2017_03_06_L001	19	0	1	0	1
HAMBI_0403_chrm01_circ_2930190	PS_Ct_r03_2017_03_06_L001	28	0	1	0	1
HAMBI_0403_chrm01_circ_2953973	PS_Ct_r03_2017_03_06_L001	31	0	1	0	1
HAMBI_0403_chrm01_circ_2957163	PS_Ct_r03_2017_03_06_L001	17	0	1	0	1
HAMBI_0403_chrm01_circ_2970233	PS_Ct_r03_2017_03_06_L001	37	0	1	0	1
HAMBI_0403_chrm01_circ_2992565	PS_Ct_r03_2017_03_06_L001	25	0	1	0	1
HAMBI_0403_chrm01_circ_2996524	PS_Ct_r03_2017_03_06_L001	20	0	1	0	1
HAMBI_0403_chrm01_circ_3087888	PS_Ct_r03_2017_03_06_L001	24	0	1	0	1
HAMBI_0403_chrm01_circ_3109922	PS_Ct_r03_2017_03_06_L001	20	5	1	0	1
HAMBI_0403_chrm01_circ_3118967	PS_Ct_r03_2017_03_06_L001	19	1	1	0	1
HAMBI_0403_chrm01_circ_3144725	PS_Ct_r03_2017_03_06_L001	21	0	1	0	1
HAMBI_0403_chrm01_circ_3149518	PS_Ct_r03_2017_03_06_L001	24	2	1	0	1
HAMBI_0403_chrm01_circ_3154053	PS_Ct_r03_2017_03_06_L001	26	0	1	0	1
HAMBI_0403_chrm01_circ_3211528	PS_Ct_r03_2017_03_06_L001	21	0	1	0	1
HAMBI_0403_chrm01_circ_3229165	PS_Ct_r03_2017_03_06_L001	18	8	1	0	1
HAMBI_0403_chrm01_circ_3250514	PS_Ct_r03_2017_03_06_L001	22	0	1	0	1
HAMBI_0403_chrm01_circ_3276660	PS_Ct_r03_2017_03_06_L001	24	4	1	0	1
HAMBI_0403_chrm01_circ_3281194	PS_Ct_r03_2017_03_06_L001	11	0	1	0	1
HAMBI_0403_chrm01_circ_3300154	PS_Ct_r03_2017_03_06_L001	32	0	1	0	1
HAMBI_0403_chrm01_circ_3322437	PS_Ct_r03_2017_03_06_L001	17	7	1	0	1
HAMBI_0403_chrm01_circ_3322622	PS_Ct_r03_2017_03_06_L001	21	0	1	0	1
HAMBI_0403_chrm01_circ_3329629	PS_Ct_r03_2017_03_06_L001	31	0	1	0	1
HAMBI_0403_chrm01_circ_338614	PS_Ct_r03_2017_03_06_L001	25	7	1	0	1
HAMBI_0403_chrm01_circ_3393687	PS_Ct_r03_2017_03_06_L001	21	6	1	0	1
HAMBI_0403_chrm01_circ_3394128	PS_Ct_r03_2017_03_06_L001	14	0	1	0	1
HAMBI_0403_chrm01_circ_3405266	PS_Ct_r03_2017_03_06_L001	31	0	1	0	1
HAMBI_0403_chrm01_circ_340602	PS_Ct_r03_2017_03_06_L001	20	5	1	0	1
HAMBI_0403_chrm01_circ_3418753	PS_Ct_r03_2017_03_06_L001	22	0	1	0	1
HAMBI_0403_chrm01_circ_3459098	PS_Ct_r03_2017_03_06_L001	62	1	1	0	1
HAMBI_0403_chrm01_circ_3460941	PS_Ct_r03_2017_03_06_L001	44	0	1	0	1
HAMBI_0403_chrm01_circ_3461599	PS_Ct_r03_2017_03_06_L001	38	0	1	0	1
HAMBI_0403_chrm01_circ_3489004	PS_Ct_r03_2017_03_06_L001	17	0	1	0	1
HAMBI_0403_chrm01_circ_355460	PS_Ct_r03_2017_03_06_L001	31	0	1	0	1
HAMBI_0403_chrm01_circ_3555176	PS_Ct_r03_2017_03_06_L001	21	1	1	0	1
HAMBI_0403_chrm01_circ_3560450	PS_Ct_r03_2017_03_06_L001	23	0	1	0	1
HAMBI_0403_chrm01_circ_3567764	PS_Ct_r03_2017_03_06_L001	21	0	1	0	1
HAMBI_0403_chrm01_circ_3601720	PS_Ct_r03_2017_03_06_L001	21	0	1	0	1
HAMBI_0403_chrm01_circ_360522	PS_Ct_r03_2017_03_06_L001	19	5	1	0	1
HAMBI_0403_chrm01_circ_3647008	PS_Ct_r03_2017_03_06_L001	34	3	1	0	1
HAMBI_0403_chrm01_circ_3652328	PS_Ct_r03_2017_03_06_L001	22	8	1	0	1
HAMBI_0403_chrm01_circ_3734676	PS_Ct_r03_2017_03_06_L001	26	0	1	0	1
HAMBI_0403_chrm01_circ_3808590	PS_Ct_r03_2017_03_06_L001	21	0	1	0	1
HAMBI_0403_chrm01_circ_3813095	PS_Ct_r03_2017_03_06_L001	32	0	1	0	1
HAMBI_0403_chrm01_circ_3832814	PS_Ct_r03_2017_03_06_L001	28	5	1	0	1
HAMBI_0403_chrm01_circ_3885292	PS_Ct_r03_2017_03_06_L001	37	0	1	0	1
HAMBI_0403_chrm01_circ_3900399	PS_Ct_r03_2017_03_06_L001	28	0	1	0	1
HAMBI_0403_chrm01_circ_3910589	PS_Ct_r03_2017_03_06_L001	14	12	1	0	1
HAMBI_0403_chrm01_circ_3911084	PS_Ct_r03_2017_03_06_L001	28	0	1	0	1
HAMBI_0403_chrm01_circ_3993103	PS_Ct_r03_2017_03_06_L001	19	7	1	0	1
HAMBI_0403_chrm01_circ_4025643	PS_Ct_r03_2017_03_06_L001	27	2	1	0	1
HAMBI_0403_chrm01_circ_4025652	PS_Ct_r03_2017_03_06_L001	30	2	1	0	1
HAMBI_0403_chrm01_circ_4025663	PS_Ct_r03_2017_03_06_L001	36	2	1	0	1
HAMBI_0403_chrm01_circ_4025670	PS_Ct_r03_2017_03_06_L001	34	2	1	0	1
HAMBI_0403_chrm01_circ_4025677	PS_Ct_r03_2017_03_06_L001	33	2	1	0	1
HAMBI_0403_chrm01_circ_4025698	PS_Ct_r03_2017_03_06_L001	34	1	1	0	1
HAMBI_0403_chrm01_circ_4025700	PS_Ct_r03_2017_03_06_L001	36	1	1	0	1
HAMBI_0403_chrm01_circ_4040615	PS_Ct_r03_2017_03_06_L001	22	0	1	0	1
HAMBI_0403_chrm01_circ_4047471	PS_Ct_r03_2017_03_06_L001	22	0	1	0	1
HAMBI_0403_chrm01_circ_4063903	PS_Ct_r03_2017_03_06_L001	22	0	1	0	1
HAMBI_0403_chrm01_circ_4082916	PS_Ct_r03_2017_03_06_L001	34	0	1	0	1
HAMBI_0403_chrm01_circ_4098318	PS_Ct_r03_2017_03_06_L001	22	6	1	0	1
HAMBI_0403_chrm01_circ_4111761	PS_Ct_r03_2017_03_06_L001	34	0	1	0	1
HAMBI_0403_chrm01_circ_4119675	PS_Ct_r03_2017_03_06_L001	29	0	1	0	1
HAMBI_0403_chrm01_circ_4204317	PS_Ct_r03_2017_03_06_L001	18	7	1	0	1
HAMBI_0403_chrm01_circ_4211806	PS_Ct_r03_2017_03_06_L001	22	0	1	0	1
HAMBI_0403_chrm01_circ_4225781	PS_Ct_r03_2017_03_06_L001	25	0	1	0	1
HAMBI_0403_chrm01_circ_4227635	PS_Ct_r03_2017_03_06_L001	24	1	1	0	1
HAMBI_0403_chrm01_circ_4252605	PS_Ct_r03_2017_03_06_L001	22	0	1	0	1
HAMBI_0403_chrm01_circ_4295930	PS_Ct_r03_2017_03_06_L001	29	0	1	0	1
HAMBI_0403_chrm01_circ_4332767	PS_Ct_r03_2017_03_06_L001	30	0	1	0	1
HAMBI_0403_chrm01_circ_434325	PS_Ct_r03_2017_03_06_L001	26	2	1	0	1
HAMBI_0403_chrm01_circ_4367530	PS_Ct_r03_2017_03_06_L001	28	0	1	0	1
HAMBI_0403_chrm01_circ_4378839	PS_Ct_r03_2017_03_06_L001	27	0	1	0	1
HAMBI_0403_chrm01_circ_4384070	PS_Ct_r03_2017_03_06_L001	22	1	1	0	1
HAMBI_0403_chrm01_circ_440957	PS_Ct_r03_2017_03_06_L001	30	0	1	0	1
HAMBI_0403_chrm01_circ_4424328	PS_Ct_r03_2017_03_06_L001	14	6	1	0	1
HAMBI_0403_chrm01_circ_4450072	PS_Ct_r03_2017_03_06_L001	24	0	1	0	1
HAMBI_0403_chrm01_circ_4483742	PS_Ct_r03_2017_03_06_L001	22	9	1	0	1
HAMBI_0403_chrm01_circ_4537667	PS_Ct_r03_2017_03_06_L001	33	0	1	0	1
HAMBI_0403_chrm01_circ_4568561	PS_Ct_r03_2017_03_06_L001	27	0	1	0	1
HAMBI_0403_chrm01_circ_4574843	PS_Ct_r03_2017_03_06_L001	19	0	1	0	1
HAMBI_0403_chrm01_circ_4597956	PS_Ct_r03_2017_03_06_L001	32	1	1	0	1
HAMBI_0403_chrm01_circ_4629677	PS_Ct_r03_2017_03_06_L001	24	0	1	0	1
HAMBI_0403_chrm01_circ_4750362	PS_Ct_r03_2017_03_06_L001	27	0	1	0	1
HAMBI_0403_chrm01_circ_4761505	PS_Ct_r03_2017_03_06_L001	17	0	1	0	1
HAMBI_0403_chrm01_circ_4792076	PS_Ct_r03_2017_03_06_L001	27	9	1	0	1
HAMBI_0403_chrm01_circ_4807897	PS_Ct_r03_2017_03_06_L001	30	0	1	0	1
HAMBI_0403_chrm01_circ_4807942	PS_Ct_r03_2017_03_06_L001	21	0	1	0	1
HAMBI_0403_chrm01_circ_4815800	PS_Ct_r03_2017_03_06_L001	17	5	1	0	1
HAMBI_0403_chrm01_circ_4827495	PS_Ct_r03_2017_03_06_L001	19	0	1	0	1
HAMBI_0403_chrm01_circ_4829007	PS_Ct_r03_2017_03_06_L001	30	0	1	0	1
HAMBI_0403_chrm01_circ_4829050	PS_Ct_r03_2017_03_06_L001	25	0	1	0	1
HAMBI_0403_chrm01_circ_4831235	PS_Ct_r03_2017_03_06_L001	42	0	1	0	1
HAMBI_0403_chrm01_circ_4893344	PS_Ct_r03_2017_03_06_L001	23	0	1	0	1
HAMBI_0403_chrm01_circ_4947683	PS_Ct_r03_2017_03_06_L001	31	0	1	0	1
HAMBI_0403_chrm01_circ_4968639	PS_Ct_r03_2017_03_06_L001	35	0	1	0	1
HAMBI_0403_chrm01_circ_4973982	PS_Ct_r03_2017_03_06_L001	36	0	1	0	1
HAMBI_0403_chrm01_circ_4994802	PS_Ct_r03_2017_03_06_L001	32	0	1	0	1
HAMBI_0403_chrm01_circ_500037	PS_Ct_r03_2017_03_06_L001	26	5	1	0	1
HAMBI_0403_chrm01_circ_5035898	PS_Ct_r03_2017_03_06_L001	17	0	1	0	1
HAMBI_0403_chrm01_circ_5041374	PS_Ct_r03_2017_03_06_L001	32	0	1	0	1
HAMBI_0403_chrm01_circ_5060025	PS_Ct_r03_2017_03_06_L001	17	0	1	0	1
HAMBI_0403_chrm01_circ_5074286	PS_Ct_r03_2017_03_06_L001	39	0	1	0	1
HAMBI_0403_chrm01_circ_5102598	PS_Ct_r03_2017_03_06_L001	24	2	1	0	1
HAMBI_0403_chrm01_circ_5106025	PS_Ct_r03_2017_03_06_L001	20	0	1	0	1
HAMBI_0403_chrm01_circ_5130785	PS_Ct_r03_2017_03_06_L001	31	0	1	0	1
HAMBI_0403_chrm01_circ_5165364	PS_Ct_r03_2017_03_06_L001	34	0	1	0	1
HAMBI_0403_chrm01_circ_5170782	PS_Ct_r03_2017_03_06_L001	22	0	1	0	1
HAMBI_0403_chrm01_circ_5191327	PS_Ct_r03_2017_03_06_L001	19	9	1	0	1
HAMBI_0403_chrm01_circ_5198807	PS_Ct_r03_2017_03_06_L001	33	0	1	0	1
HAMBI_0403_chrm01_circ_522539	PS_Ct_r03_2017_03_06_L001	29	0	1	0	1
HAMBI_0403_chrm01_circ_5277914	PS_Ct_r03_2017_03_06_L001	28	0	1	0	1
HAMBI_0403_chrm01_circ_5317143	PS_Ct_r03_2017_03_06_L001	17	0	1	0	1
HAMBI_0403_chrm01_circ_5369259	PS_Ct_r03_2017_03_06_L001	30	1	1	0	1
HAMBI_0403_chrm01_circ_5380330	PS_Ct_r03_2017_03_06_L001	33	0	1	0	1
HAMBI_0403_chrm01_circ_5387471	PS_Ct_r03_2017_03_06_L001	34	0	1	0	1
HAMBI_0403_chrm01_circ_5407887	PS_Ct_r03_2017_03_06_L001	32	0	1	0	1
HAMBI_0403_chrm01_circ_5435929	PS_Ct_r03_2017_03_06_L001	25	6	1	0	1
HAMBI_0403_chrm01_circ_5447164	PS_Ct_r03_2017_03_06_L001	28	0	1	0	1
HAMBI_0403_chrm01_circ_5448089	PS_Ct_r03_2017_03_06_L001	30	0	1	0	1
HAMBI_0403_chrm01_circ_5454777	PS_Ct_r03_2017_03_06_L001	30	0	1	0	1
HAMBI_0403_chrm01_circ_5466654	PS_Ct_r03_2017_03_06_L001	15	0	1	0	1
HAMBI_0403_chrm01_circ_5476119	PS_Ct_r03_2017_03_06_L001	23	0	1	0	1
HAMBI_0403_chrm01_circ_5571996	PS_Ct_r03_2017_03_06_L001	19	3	1	0	1
HAMBI_0403_chrm01_circ_5605380	PS_Ct_r03_2017_03_06_L001	31	0	1	0	1
HAMBI_0403_chrm01_circ_5649091	PS_Ct_r03_2017_03_06_L001	23	0	1	0	1
HAMBI_0403_chrm01_circ_5741782	PS_Ct_r03_2017_03_06_L001	26	0	1	0	1
HAMBI_0403_chrm01_circ_575080	PS_Ct_r03_2017_03_06_L001	22	0	1	0	1
HAMBI_0403_chrm01_circ_5775702	PS_Ct_r03_2017_03_06_L001	18	0	1	0	1
HAMBI_0403_chrm01_circ_61587	PS_Ct_r03_2017_03_06_L001	23	0	1	0	1
HAMBI_0403_chrm01_circ_673240	PS_Ct_r03_2017_03_06_L001	27	0	1	0	1
HAMBI_0403_chrm01_circ_674307	PS_Ct_r03_2017_03_06_L001	27	0	1	0	1
HAMBI_0403_chrm01_circ_674960	PS_Ct_r03_2017_03_06_L001	29	1	1	0	1
HAMBI_0403_chrm01_circ_693893	PS_Ct_r03_2017_03_06_L001	30	0	1	0	1
HAMBI_0403_chrm01_circ_698904	PS_Ct_r03_2017_03_06_L001	38	0	1	0	1
HAMBI_0403_chrm01_circ_70627	PS_Ct_r03_2017_03_06_L001	31	1	1	0	1
HAMBI_0403_chrm01_circ_736327	PS_Ct_r03_2017_03_06_L001	29	0	1	0	1
HAMBI_0403_chrm01_circ_755508	PS_Ct_r03_2017_03_06_L001	28	2	1	0	1
HAMBI_0403_chrm01_circ_759084	PS_Ct_r03_2017_03_06_L001	26	0	1	0	1
HAMBI_0403_chrm01_circ_78846	PS_Ct_r03_2017_03_06_L001	26	0	1	0	1
HAMBI_0403_chrm01_circ_790661	PS_Ct_r03_2017_03_06_L001	21	0	1	0	1
HAMBI_0403_chrm01_circ_808688	PS_Ct_r03_2017_03_06_L001	16	0	1	0	1
HAMBI_0403_chrm01_circ_814505	PS_Ct_r03_2017_03_06_L001	18	0	1	0	1
HAMBI_0403_chrm01_circ_823961	PS_Ct_r03_2017_03_06_L001	26	0	1	0	1
HAMBI_0403_chrm01_circ_83834	PS_Ct_r03_2017_03_06_L001	15	0	1	0	1
HAMBI_0403_chrm01_circ_868194	PS_Ct_r03_2017_03_06_L001	25	0	1	0	1
HAMBI_0403_chrm01_circ_905331	PS_Ct_r03_2017_03_06_L001	30	0	1	0	1
HAMBI_0403_chrm01_circ_928195	PS_Ct_r03_2017_03_06_L001	20	5	1	0	1
HAMBI_0403_chrm01_circ_946980	PS_Ct_r03_2017_03_06_L001	24	5	1	0	1
HAMBI_0403_chrm01_circ_955334	PS_Ct_r03_2017_03_06_L001	31	0	1	0	1
HAMBI_0403_chrm01_circ_958358	PS_Ct_r03_2017_03_06_L001	35	0	1	0	1
HAMBI_0403_chrm01_circ_958650	PS_Ct_r03_2017_03_06_L001	35	3	1	0	1
HAMBI_0403_chrm01_circ_96390	PS_Ct_r03_2017_03_06_L001	34	1	1	0	1
HAMBI_0403_chrm01_circ_99072	PS_Ct_r03_2017_03_06_L001	29	0	1	0	1
HAMBI_0403_chrm01_circ_99696	PS_Ct_r03_2017_03_06_L001	30	1	1	0	1
HAMBI_0403_plas01_circ_13169	PS_Ct_r03_2017_03_06_L001	38	6	1	0	1
HAMBI_0403_plas01_circ_31558	PS_Ct_r03_2017_03_06_L001	53	0	1	0	1
HAMBI_0403_chrm01_circ_1046497	PS_Ct_r03_2017_05_29_L001	56	6	1	0	1
HAMBI_0403_chrm01_circ_1080893	PS_Ct_r03_2017_05_29_L001	48	3	1	0	1
HAMBI_0403_chrm01_circ_1119336	PS_Ct_r03_2017_05_29_L001	5	74	1	0	1
HAMBI_0403_chrm01_circ_1119876	PS_Ct_r03_2017_05_29_L001	52	0	1	0	1
HAMBI_0403_chrm01_circ_1132164	PS_Ct_r03_2017_05_29_L001	6	61	1	0	1
HAMBI_0403_chrm01_circ_1154877	PS_Ct_r03_2017_05_29_L001	58	1	1	0	1
HAMBI_0403_chrm01_circ_1177878	PS_Ct_r03_2017_05_29_L001	33	19	1	0	1
HAMBI_0403_chrm01_circ_1191667	PS_Ct_r03_2017_05_29_L001	33	33	1	0	1
HAMBI_0403_chrm01_circ_1246798	PS_Ct_r03_2017_05_29_L001	59	0	1	0	1
HAMBI_0403_chrm01_circ_1272527	PS_Ct_r03_2017_05_29_L001	67	1	1	0	1
HAMBI_0403_chrm01_circ_1277340	PS_Ct_r03_2017_05_29_L001	53	5	1	0	1
HAMBI_0403_chrm01_circ_1295387	PS_Ct_r03_2017_05_29_L001	4	38	1	0	1
HAMBI_0403_chrm01_circ_1350046	PS_Ct_r03_2017_05_29_L001	91	0	1	0	1
HAMBI_0403_chrm01_circ_1359617	PS_Ct_r03_2017_05_29_L001	16	10	1	0	1
HAMBI_0403_chrm01_circ_1361345	PS_Ct_r03_2017_05_29_L001	50	5	1	0	1
HAMBI_0403_chrm01_circ_1392097	PS_Ct_r03_2017_05_29_L001	0	29	1	0	1
HAMBI_0403_chrm01_circ_1427994	PS_Ct_r03_2017_05_29_L001	33	14	1	0	1
HAMBI_0403_chrm01_circ_1449135	PS_Ct_r03_2017_05_29_L001	28	24	1	0	1
HAMBI_0403_chrm01_circ_1483274	PS_Ct_r03_2017_05_29_L001	66	3	1	0	1
HAMBI_0403_chrm01_circ_1488590	PS_Ct_r03_2017_05_29_L001	58	4	1	0	1
HAMBI_0403_chrm01_circ_15131	PS_Ct_r03_2017_05_29_L001	92	0	1	0	1
HAMBI_0403_chrm01_circ_1566075	PS_Ct_r03_2017_05_29_L001	56	6	1	0	1
HAMBI_0403_chrm01_circ_1610814	PS_Ct_r03_2017_05_29_L001	62	2	1	0	1
HAMBI_0403_chrm01_circ_161831	PS_Ct_r03_2017_05_29_L001	25	30	1	0	1
HAMBI_0403_chrm01_circ_16427	PS_Ct_r03_2017_05_29_L001	4	82	1	0	1
HAMBI_0403_chrm01_circ_1649857	PS_Ct_r03_2017_05_29_L001	57	7	1	0	1
HAMBI_0403_chrm01_circ_1732518	PS_Ct_r03_2017_05_29_L001	40	18	1	0	1
HAMBI_0403_chrm01_circ_1738117	PS_Ct_r03_2017_05_29_L001	59	10	1	0	1
HAMBI_0403_chrm01_circ_1759579	PS_Ct_r03_2017_05_29_L001	67	6	1	0	1
HAMBI_0403_chrm01_circ_177120	PS_Ct_r03_2017_05_29_L001	66	3	1	0	1
HAMBI_0403_chrm01_circ_1820962	PS_Ct_r03_2017_05_29_L001	39	6	1	0	1
HAMBI_0403_chrm01_circ_1887917	PS_Ct_r03_2017_05_29_L001	55	9	1	0	1
HAMBI_0403_chrm01_circ_1930553	PS_Ct_r03_2017_05_29_L001	67	5	1	0	1
HAMBI_0403_chrm01_circ_1942108	PS_Ct_r03_2017_05_29_L001	62	13	1	0	1
HAMBI_0403_chrm01_circ_1954454	PS_Ct_r03_2017_05_29_L001	7	54	1	0	1
HAMBI_0403_chrm01_circ_1956423	PS_Ct_r03_2017_05_29_L001	70	1	1	0	1
HAMBI_0403_chrm01_circ_1975660	PS_Ct_r03_2017_05_29_L001	46	13	1	0	1
HAMBI_0403_chrm01_circ_1977057	PS_Ct_r03_2017_05_29_L001	60	0	1	0	1
HAMBI_0403_chrm01_circ_2030365	PS_Ct_r03_2017_05_29_L001	63	3	1	0	1
HAMBI_0403_chrm01_circ_203280	PS_Ct_r03_2017_05_29_L001	40	37	1	0	1
HAMBI_0403_chrm01_circ_2047425	PS_Ct_r03_2017_05_29_L001	26	32	1	0	1
HAMBI_0403_chrm01_circ_204962	PS_Ct_r03_2017_05_29_L001	46	20	1	0	1
HAMBI_0403_chrm01_circ_2107547	PS_Ct_r03_2017_05_29_L001	31	31	1	0	1
HAMBI_0403_chrm01_circ_2168329	PS_Ct_r03_2017_05_29_L001	60	0	1	0	1
HAMBI_0403_chrm01_circ_2211058	PS_Ct_r03_2017_05_29_L001	59	1	1	0	1
HAMBI_0403_chrm01_circ_2255124	PS_Ct_r03_2017_05_29_L001	67	3	1	0	1
HAMBI_0403_chrm01_circ_2326138	PS_Ct_r03_2017_05_29_L001	31	29	1	0	1
HAMBI_0403_chrm01_circ_23479	PS_Ct_r03_2017_05_29_L001	49	8	1	0	1
HAMBI_0403_chrm01_circ_2442113	PS_Ct_r03_2017_05_29_L001	53	1	1	0	1
HAMBI_0403_chrm01_circ_2515857	PS_Ct_r03_2017_05_29_L001	26	28	1	0	1
HAMBI_0403_chrm01_circ_2636197	PS_Ct_r03_2017_05_29_L001	52	8	1	0	1
HAMBI_0403_chrm01_circ_264681	PS_Ct_r03_2017_05_29_L001	51	32	1	0	1
HAMBI_0403_chrm01_circ_2648858	PS_Ct_r03_2017_05_29_L001	65	2	1	0	1
HAMBI_0403_chrm01_circ_2663531	PS_Ct_r03_2017_05_29_L001	33	23	1	0	1
HAMBI_0403_chrm01_circ_267791	PS_Ct_r03_2017_05_29_L001	65	7	1	0	1
HAMBI_0403_chrm01_circ_2688975	PS_Ct_r03_2017_05_29_L001	49	20	1	0	1
HAMBI_0403_chrm01_circ_2693322	PS_Ct_r03_2017_05_29_L001	39	17	1	0	1
HAMBI_0403_chrm01_circ_2734043	PS_Ct_r03_2017_05_29_L001	44	7	1	0	1
HAMBI_0403_chrm01_circ_2751601	PS_Ct_r03_2017_05_29_L001	64	2	1	0	1
HAMBI_0403_chrm01_circ_2752133	PS_Ct_r03_2017_05_29_L001	5	45	1	0	1
HAMBI_0403_chrm01_circ_2754629	PS_Ct_r03_2017_05_29_L001	36	12	1	0	1
HAMBI_0403_chrm01_circ_2793634	PS_Ct_r03_2017_05_29_L001	70	0	1	0	1
HAMBI_0403_chrm01_circ_281980	PS_Ct_r03_2017_05_29_L001	57	2	1	0	1
HAMBI_0403_chrm01_circ_2888794	PS_Ct_r03_2017_05_29_L001	27	36	1	0	1
HAMBI_0403_chrm01_circ_292417	PS_Ct_r03_2017_05_29_L001	74	0	1	0	1
HAMBI_0403_chrm01_circ_2926993	PS_Ct_r03_2017_05_29_L001	47	3	1	0	1
HAMBI_0403_chrm01_circ_2930190	PS_Ct_r03_2017_05_29_L001	64	2	1	0	1
HAMBI_0403_chrm01_circ_2953973	PS_Ct_r03_2017_05_29_L001	52	1	1	0	1
HAMBI_0403_chrm01_circ_2957163	PS_Ct_r03_2017_05_29_L001	48	8	1	0	1
HAMBI_0403_chrm01_circ_2970233	PS_Ct_r03_2017_05_29_L001	48	33	1	0	1
HAMBI_0403_chrm01_circ_2992565	PS_Ct_r03_2017_05_29_L001	61	0	1	0	1
HAMBI_0403_chrm01_circ_2996524	PS_Ct_r03_2017_05_29_L001	72	0	1	0	1
HAMBI_0403_chrm01_circ_3087888	PS_Ct_r03_2017_05_29_L001	31	16	1	0	1
HAMBI_0403_chrm01_circ_3109922	PS_Ct_r03_2017_05_29_L001	23	26	1	0	1
HAMBI_0403_chrm01_circ_3118967	PS_Ct_r03_2017_05_29_L001	51	1	1	0	1
HAMBI_0403_chrm01_circ_3144725	PS_Ct_r03_2017_05_29_L001	48	0	1	0	1
HAMBI_0403_chrm01_circ_3149518	PS_Ct_r03_2017_05_29_L001	29	41	1	0	1
HAMBI_0403_chrm01_circ_3154053	PS_Ct_r03_2017_05_29_L001	40	14	1	0	1
HAMBI_0403_chrm01_circ_3211528	PS_Ct_r03_2017_05_29_L001	67	1	1	0	1
HAMBI_0403_chrm01_circ_3229165	PS_Ct_r03_2017_05_29_L001	47	33	1	0	1
HAMBI_0403_chrm01_circ_3250514	PS_Ct_r03_2017_05_29_L001	43	4	1	0	1
HAMBI_0403_chrm01_circ_3276660	PS_Ct_r03_2017_05_29_L001	8	52	1	0	1
HAMBI_0403_chrm01_circ_3281194	PS_Ct_r03_2017_05_29_L001	19	1	1	0	1
HAMBI_0403_chrm01_circ_3300154	PS_Ct_r03_2017_05_29_L001	72	2	1	0	1
HAMBI_0403_chrm01_circ_3322437	PS_Ct_r03_2017_05_29_L001	0	56	1	0	1
HAMBI_0403_chrm01_circ_3322622	PS_Ct_r03_2017_05_29_L001	57	21	1	0	1
HAMBI_0403_chrm01_circ_3329629	PS_Ct_r03_2017_05_29_L001	54	0	1	0	1
HAMBI_0403_chrm01_circ_338614	PS_Ct_r03_2017_05_29_L001	33	35	1	0	1
HAMBI_0403_chrm01_circ_3393687	PS_Ct_r03_2017_05_29_L001	17	36	1	0	1
HAMBI_0403_chrm01_circ_3394128	PS_Ct_r03_2017_05_29_L001	56	0	1	0	1
HAMBI_0403_chrm01_circ_3405266	PS_Ct_r03_2017_05_29_L001	51	2	1	0	1
HAMBI_0403_chrm01_circ_340602	PS_Ct_r03_2017_05_29_L001	29	43	1	0	1
HAMBI_0403_chrm01_circ_3418753	PS_Ct_r03_2017_05_29_L001	59	1	1	0	1
HAMBI_0403_chrm01_circ_3459098	PS_Ct_r03_2017_05_29_L001	40	23	1	0	1
HAMBI_0403_chrm01_circ_3460941	PS_Ct_r03_2017_05_29_L001	51	0	1	0	1
HAMBI_0403_chrm01_circ_3461599	PS_Ct_r03_2017_05_29_L001	29	7	1	0	1
HAMBI_0403_chrm01_circ_3489004	PS_Ct_r03_2017_05_29_L001	45	13	1	0	1
HAMBI_0403_chrm01_circ_355460	PS_Ct_r03_2017_05_29_L001	58	10	1	0	1
HAMBI_0403_chrm01_circ_3555176	PS_Ct_r03_2017_05_29_L001	3	51	1	0	1
HAMBI_0403_chrm01_circ_3560450	PS_Ct_r03_2017_05_29_L001	52	10	1	0	1
HAMBI_0403_chrm01_circ_3567764	PS_Ct_r03_2017_05_29_L001	72	2	1	0	1
HAMBI_0403_chrm01_circ_3601720	PS_Ct_r03_2017_05_29_L001	63	0	1	0	1
HAMBI_0403_chrm01_circ_360522	PS_Ct_r03_2017_05_29_L001	7	55	1	0	1
HAMBI_0403_chrm01_circ_3647008	PS_Ct_r03_2017_05_29_L001	46	26	1	0	1
HAMBI_0403_chrm01_circ_3652328	PS_Ct_r03_2017_05_29_L001	3	69	1	0	1
HAMBI_0403_chrm01_circ_3734676	PS_Ct_r03_2017_05_29_L001	52	1	1	0	1
HAMBI_0403_chrm01_circ_3808590	PS_Ct_r03_2017_05_29_L001	58	0	1	0	1
HAMBI_0403_chrm01_circ_3813095	PS_Ct_r03_2017_05_29_L001	51	10	1	0	1
HAMBI_0403_chrm01_circ_3832814	PS_Ct_r03_2017_05_29_L001	2	53	1	0	1
HAMBI_0403_chrm01_circ_3885292	PS_Ct_r03_2017_05_29_L001	61	1	1	0	1
HAMBI_0403_chrm01_circ_3900399	PS_Ct_r03_2017_05_29_L001	63	4	1	0	1
HAMBI_0403_chrm01_circ_3910589	PS_Ct_r03_2017_05_29_L001	72	1	1	0	1
HAMBI_0403_chrm01_circ_3911084	PS_Ct_r03_2017_05_29_L001	70	0	1	0	1
HAMBI_0403_chrm01_circ_3993103	PS_Ct_r03_2017_05_29_L001	20	41	1	0	1
HAMBI_0403_chrm01_circ_4025643	PS_Ct_r03_2017_05_29_L001	2	24	1	0	1
HAMBI_0403_chrm01_circ_4025652	PS_Ct_r03_2017_05_29_L001	2	22	1	0	1
HAMBI_0403_chrm01_circ_4025663	PS_Ct_r03_2017_05_29_L001	1	21	1	0	1
HAMBI_0403_chrm01_circ_4025670	PS_Ct_r03_2017_05_29_L001	0	16	1	0	1
HAMBI_0403_chrm01_circ_4025677	PS_Ct_r03_2017_05_29_L001	0	13	1	0	1
HAMBI_0403_chrm01_circ_4025698	PS_Ct_r03_2017_05_29_L001	1	11	1	0	1
HAMBI_0403_chrm01_circ_4025700	PS_Ct_r03_2017_05_29_L001	1	8	1	0	1
HAMBI_0403_chrm01_circ_4040615	PS_Ct_r03_2017_05_29_L001	60	2	1	0	1
HAMBI_0403_chrm01_circ_4047471	PS_Ct_r03_2017_05_29_L001	66	7	1	0	1
HAMBI_0403_chrm01_circ_4063903	PS_Ct_r03_2017_05_29_L001	53	2	1	0	1
HAMBI_0403_chrm01_circ_4082916	PS_Ct_r03_2017_05_29_L001	31	7	1	0	1
HAMBI_0403_chrm01_circ_4098318	PS_Ct_r03_2017_05_29_L001	5	61	1	0	1
HAMBI_0403_chrm01_circ_4111761	PS_Ct_r03_2017_05_29_L001	40	22	1	0	1
HAMBI_0403_chrm01_circ_4119675	PS_Ct_r03_2017_05_29_L001	66	8	1	0	1
HAMBI_0403_chrm01_circ_4204317	PS_Ct_r03_2017_05_29_L001	5	64	1	0	1
HAMBI_0403_chrm01_circ_4211806	PS_Ct_r03_2017_05_29_L001	75	0	1	0	1
HAMBI_0403_chrm01_circ_4225781	PS_Ct_r03_2017_05_29_L001	65	1	1	0	1
HAMBI_0403_chrm01_circ_4227635	PS_Ct_r03_2017_05_29_L001	55	9	1	0	1
HAMBI_0403_chrm01_circ_4252605	PS_Ct_r03_2017_05_29_L001	65	0	1	0	1
HAMBI_0403_chrm01_circ_4295930	PS_Ct_r03_2017_05_29_L001	75	2	1	0	1
HAMBI_0403_chrm01_circ_4332767	PS_Ct_r03_2017_05_29_L001	40	22	1	0	1
HAMBI_0403_chrm01_circ_434325	PS_Ct_r03_2017_05_29_L001	74	4	1	0	1
HAMBI_0403_chrm01_circ_4367530	PS_Ct_r03_2017_05_29_L001	70	3	1	0	1
HAMBI_0403_chrm01_circ_4378839	PS_Ct_r03_2017_05_29_L001	39	0	1	0	1
HAMBI_0403_chrm01_circ_4384070	PS_Ct_r03_2017_05_29_L001	46	16	1	0	1
HAMBI_0403_chrm01_circ_440957	PS_Ct_r03_2017_05_29_L001	62	2	1	0	1
HAMBI_0403_chrm01_circ_4424328	PS_Ct_r03_2017_05_29_L001	4	54	1	0	1
HAMBI_0403_chrm01_circ_4450072	PS_Ct_r03_2017_05_29_L001	50	2	1	0	1
HAMBI_0403_chrm01_circ_4483742	PS_Ct_r03_2017_05_29_L001	9	39	1	0	1
HAMBI_0403_chrm01_circ_4537667	PS_Ct_r03_2017_05_29_L001	49	2	1	0	1
HAMBI_0403_chrm01_circ_4568561	PS_Ct_r03_2017_05_29_L001	65	1	1	0	1
HAMBI_0403_chrm01_circ_4574843	PS_Ct_r03_2017_05_29_L001	65	5	1	0	1
HAMBI_0403_chrm01_circ_4597956	PS_Ct_r03_2017_05_29_L001	65	10	1	0	1
HAMBI_0403_chrm01_circ_4629677	PS_Ct_r03_2017_05_29_L001	68	4	1	0	1
HAMBI_0403_chrm01_circ_4750362	PS_Ct_r03_2017_05_29_L001	42	8	1	0	1
HAMBI_0403_chrm01_circ_4761505	PS_Ct_r03_2017_05_29_L001	5	0	1	0	1
HAMBI_0403_chrm01_circ_4792076	PS_Ct_r03_2017_05_29_L001	2	56	1	0	1
HAMBI_0403_chrm01_circ_4807897	PS_Ct_r03_2017_05_29_L001	91	11	1	0	1
HAMBI_0403_chrm01_circ_4807942	PS_Ct_r03_2017_05_29_L001	101	0	1	0	1
HAMBI_0403_chrm01_circ_4815800	PS_Ct_r03_2017_05_29_L001	9	66	1	0	1
HAMBI_0403_chrm01_circ_4827495	PS_Ct_r03_2017_05_29_L001	44	11	1	0	1
HAMBI_0403_chrm01_circ_4829007	PS_Ct_r03_2017_05_29_L001	72	0	1	0	1
HAMBI_0403_chrm01_circ_4829050	PS_Ct_r03_2017_05_29_L001	71	2	1	0	1
HAMBI_0403_chrm01_circ_4831235	PS_Ct_r03_2017_05_29_L001	82	0	1	0	1
HAMBI_0403_chrm01_circ_4893344	PS_Ct_r03_2017_05_29_L001	61	7	1	0	1
HAMBI_0403_chrm01_circ_4947683	PS_Ct_r03_2017_05_29_L001	72	2	1	0	1
HAMBI_0403_chrm01_circ_4968639	PS_Ct_r03_2017_05_29_L001	77	0	1	0	1
HAMBI_0403_chrm01_circ_4973982	PS_Ct_r03_2017_05_29_L001	80	3	1	0	1
HAMBI_0403_chrm01_circ_4994802	PS_Ct_r03_2017_05_29_L001	44	9	1	0	1
HAMBI_0403_chrm01_circ_500037	PS_Ct_r03_2017_05_29_L001	4	82	1	0	1
HAMBI_0403_chrm01_circ_5035898	PS_Ct_r03_2017_05_29_L001	64	0	1	0	1
HAMBI_0403_chrm01_circ_5041374	PS_Ct_r03_2017_05_29_L001	55	25	1	0	1
HAMBI_0403_chrm01_circ_5060025	PS_Ct_r03_2017_05_29_L001	66	4	1	0	1
HAMBI_0403_chrm01_circ_5074286	PS_Ct_r03_2017_05_29_L001	58	2	1	0	1
HAMBI_0403_chrm01_circ_5102598	PS_Ct_r03_2017_05_29_L001	45	25	1	0	1
HAMBI_0403_chrm01_circ_5106025	PS_Ct_r03_2017_05_29_L001	49	3	1	0	1
HAMBI_0403_chrm01_circ_5130785	PS_Ct_r03_2017_05_29_L001	74	2	1	0	1
HAMBI_0403_chrm01_circ_5165364	PS_Ct_r03_2017_05_29_L001	35	0	1	0	1
HAMBI_0403_chrm01_circ_5170782	PS_Ct_r03_2017_05_29_L001	51	0	1	0	1
HAMBI_0403_chrm01_circ_5191327	PS_Ct_r03_2017_05_29_L001	5	53	1	0	1
HAMBI_0403_chrm01_circ_5198807	PS_Ct_r03_2017_05_29_L001	53	2	1	0	1
HAMBI_0403_chrm01_circ_522539	PS_Ct_r03_2017_05_29_L001	75	0	1	0	1
HAMBI_0403_chrm01_circ_5277914	PS_Ct_r03_2017_05_29_L001	56	0	1	0	1
HAMBI_0403_chrm01_circ_5317143	PS_Ct_r03_2017_05_29_L001	54	2	1	0	1
HAMBI_0403_chrm01_circ_5369259	PS_Ct_r03_2017_05_29_L001	41	17	1	0	1
HAMBI_0403_chrm01_circ_5380330	PS_Ct_r03_2017_05_29_L001	61	3	1	0	1
HAMBI_0403_chrm01_circ_5387471	PS_Ct_r03_2017_05_29_L001	71	1	1	0	1
HAMBI_0403_chrm01_circ_5407887	PS_Ct_r03_2017_05_29_L001	62	2	1	0	1
HAMBI_0403_chrm01_circ_5435929	PS_Ct_r03_2017_05_29_L001	8	61	1	0	1
HAMBI_0403_chrm01_circ_5447164	PS_Ct_r03_2017_05_29_L001	50	5	1	0	1
HAMBI_0403_chrm01_circ_5448089	PS_Ct_r03_2017_05_29_L001	50	0	1	0	1
HAMBI_0403_chrm01_circ_5454777	PS_Ct_r03_2017_05_29_L001	59	2	1	0	1
HAMBI_0403_chrm01_circ_5466654	PS_Ct_r03_2017_05_29_L001	62	0	1	0	1
HAMBI_0403_chrm01_circ_5476119	PS_Ct_r03_2017_05_29_L001	63	0	1	0	1
HAMBI_0403_chrm01_circ_5571996	PS_Ct_r03_2017_05_29_L001	5	61	1	0	1
HAMBI_0403_chrm01_circ_5605380	PS_Ct_r03_2017_05_29_L001	43	2	1	0	1
HAMBI_0403_chrm01_circ_5649091	PS_Ct_r03_2017_05_29_L001	80	3	1	0	1
HAMBI_0403_chrm01_circ_5741782	PS_Ct_r03_2017_05_29_L001	59	2	1	0	1
HAMBI_0403_chrm01_circ_575080	PS_Ct_r03_2017_05_29_L001	65	3	1	0	1
HAMBI_0403_chrm01_circ_5775702	PS_Ct_r03_2017_05_29_L001	52	2	1	0	1
HAMBI_0403_chrm01_circ_61587	PS_Ct_r03_2017_05_29_L001	46	7	1	0	1
HAMBI_0403_chrm01_circ_673240	PS_Ct_r03_2017_05_29_L001	67	1	1	0	1
HAMBI_0403_chrm01_circ_674307	PS_Ct_r03_2017_05_29_L001	55	3	1	0	1
HAMBI_0403_chrm01_circ_674960	PS_Ct_r03_2017_05_29_L001	56	2	1	0	1
HAMBI_0403_chrm01_circ_693893	PS_Ct_r03_2017_05_29_L001	53	23	1	0	1
HAMBI_0403_chrm01_circ_698904	PS_Ct_r03_2017_05_29_L001	69	0	1	0	1
HAMBI_0403_chrm01_circ_70627	PS_Ct_r03_2017_05_29_L001	68	26	1	0	1
HAMBI_0403_chrm01_circ_736327	PS_Ct_r03_2017_05_29_L001	47	7	1	0	1
HAMBI_0403_chrm01_circ_755508	PS_Ct_r03_2017_05_29_L001	32	35	1	0	1
HAMBI_0403_chrm01_circ_759084	PS_Ct_r03_2017_05_29_L001	58	0	1	0	1
HAMBI_0403_chrm01_circ_78846	PS_Ct_r03_2017_05_29_L001	82	3	1	0	1
HAMBI_0403_chrm01_circ_790661	PS_Ct_r03_2017_05_29_L001	44	17	1	0	1
HAMBI_0403_chrm01_circ_808688	PS_Ct_r03_2017_05_29_L001	65	6	1	0	1
HAMBI_0403_chrm01_circ_814505	PS_Ct_r03_2017_05_29_L001	74	1	1	0	1
HAMBI_0403_chrm01_circ_823961	PS_Ct_r03_2017_05_29_L001	33	31	1	0	1
HAMBI_0403_chrm01_circ_83834	PS_Ct_r03_2017_05_29_L001	57	0	1	0	1
HAMBI_0403_chrm01_circ_868194	PS_Ct_r03_2017_05_29_L001	62	0	1	0	1
HAMBI_0403_chrm01_circ_905331	PS_Ct_r03_2017_05_29_L001	60	5	1	0	1
HAMBI_0403_chrm01_circ_928195	PS_Ct_r03_2017_05_29_L001	2	53	1	0	1
HAMBI_0403_chrm01_circ_946980	PS_Ct_r03_2017_05_29_L001	32	35	1	0	1
HAMBI_0403_chrm01_circ_955334	PS_Ct_r03_2017_05_29_L001	78	2	1	0	1
HAMBI_0403_chrm01_circ_958358	PS_Ct_r03_2017_05_29_L001	71	0	1	0	1
HAMBI_0403_chrm01_circ_958650	PS_Ct_r03_2017_05_29_L001	60	1	1	0	1
HAMBI_0403_chrm01_circ_96390	PS_Ct_r03_2017_05_29_L001	75	0	1	0	1
HAMBI_0403_chrm01_circ_99072	PS_Ct_r03_2017_05_29_L001	68	4	1	0	1
HAMBI_0403_chrm01_circ_99696	PS_Ct_r03_2017_05_29_L001	49	19	1	0	1
HAMBI_0403_plas01_circ_13169	PS_Ct_r03_2017_05_29_L001	62	87	1	0	1
HAMBI_0403_plas01_circ_31558	PS_Ct_r03_2017_05_29_L001	106	21	1	0	1
HAMBI_0403_chrm01_circ_1046497	PS_Ct_r03_2017_06_26_L001	54	8	1	0	1
HAMBI_0403_chrm01_circ_1080893	PS_Ct_r03_2017_06_26_L001	50	5	1	0	1
HAMBI_0403_chrm01_circ_1119336	PS_Ct_r03_2017_06_26_L001	3	72	1	0	1
HAMBI_0403_chrm01_circ_1119876	PS_Ct_r03_2017_06_26_L001	51	7	1	0	1
HAMBI_0403_chrm01_circ_1132164	PS_Ct_r03_2017_06_26_L001	10	59	1	0	1
HAMBI_0403_chrm01_circ_1154877	PS_Ct_r03_2017_06_26_L001	44	8	1	0	1
HAMBI_0403_chrm01_circ_1177878	PS_Ct_r03_2017_06_26_L001	39	32	1	0	1
HAMBI_0403_chrm01_circ_1191667	PS_Ct_r03_2017_06_26_L001	54	13	1	0	1
HAMBI_0403_chrm01_circ_1246798	PS_Ct_r03_2017_06_26_L001	65	1	1	0	1
HAMBI_0403_chrm01_circ_1272527	PS_Ct_r03_2017_06_26_L001	57	6	1	0	1
HAMBI_0403_chrm01_circ_1277340	PS_Ct_r03_2017_06_26_L001	49	13	1	0	1
HAMBI_0403_chrm01_circ_1295387	PS_Ct_r03_2017_06_26_L001	9	60	1	0	1
HAMBI_0403_chrm01_circ_1350046	PS_Ct_r03_2017_06_26_L001	88	0	1	0	1
HAMBI_0403_chrm01_circ_1359617	PS_Ct_r03_2017_06_26_L001	33	20	1	0	1
HAMBI_0403_chrm01_circ_1361345	PS_Ct_r03_2017_06_26_L001	48	4	1	0	1
HAMBI_0403_chrm01_circ_1392097	PS_Ct_r03_2017_06_26_L001	0	32	1	0	1
HAMBI_0403_chrm01_circ_1427994	PS_Ct_r03_2017_06_26_L001	37	37	1	0	1
HAMBI_0403_chrm01_circ_1449135	PS_Ct_r03_2017_06_26_L001	58	10	1	0	1
HAMBI_0403_chrm01_circ_1483274	PS_Ct_r03_2017_06_26_L001	44	12	1	0	1
HAMBI_0403_chrm01_circ_1488590	PS_Ct_r03_2017_06_26_L001	57	0	1	0	1
HAMBI_0403_chrm01_circ_15131	PS_Ct_r03_2017_06_26_L001	64	8	1	0	1
HAMBI_0403_chrm01_circ_1566075	PS_Ct_r03_2017_06_26_L001	68	6	1	0	1
HAMBI_0403_chrm01_circ_1610814	PS_Ct_r03_2017_06_26_L001	71	3	1	0	1
HAMBI_0403_chrm01_circ_161831	PS_Ct_r03_2017_06_26_L001	42	6	1	0	1
HAMBI_0403_chrm01_circ_16427	PS_Ct_r03_2017_06_26_L001	11	73	1	0	1
HAMBI_0403_chrm01_circ_1649857	PS_Ct_r03_2017_06_26_L001	59	14	1	0	1
HAMBI_0403_chrm01_circ_1732518	PS_Ct_r03_2017_06_26_L001	40	29	1	0	1
HAMBI_0403_chrm01_circ_1738117	PS_Ct_r03_2017_06_26_L001	39	33	1	0	1
HAMBI_0403_chrm01_circ_1759579	PS_Ct_r03_2017_06_26_L001	53	7	1	0	1
HAMBI_0403_chrm01_circ_177120	PS_Ct_r03_2017_06_26_L001	65	4	1	0	1
HAMBI_0403_chrm01_circ_1820962	PS_Ct_r03_2017_06_26_L001	48	8	1	0	1
HAMBI_0403_chrm01_circ_1887917	PS_Ct_r03_2017_06_26_L001	58	6	1	0	1
HAMBI_0403_chrm01_circ_1930553	PS_Ct_r03_2017_06_26_L001	65	10	1	0	1
HAMBI_0403_chrm01_circ_1942108	PS_Ct_r03_2017_06_26_L001	54	8	1	0	1
HAMBI_0403_chrm01_circ_1954454	PS_Ct_r03_2017_06_26_L001	11	57	1	0	1
HAMBI_0403_chrm01_circ_1956423	PS_Ct_r03_2017_06_26_L001	66	6	1	0	1
HAMBI_0403_chrm01_circ_1975660	PS_Ct_r03_2017_06_26_L001	39	28	1	0	1
HAMBI_0403_chrm01_circ_1977057	PS_Ct_r03_2017_06_26_L001	57	5	1	0	1
HAMBI_0403_chrm01_circ_2030365	PS_Ct_r03_2017_06_26_L001	64	6	1	0	1
HAMBI_0403_chrm01_circ_203280	PS_Ct_r03_2017_06_26_L001	57	15	1	0	1
HAMBI_0403_chrm01_circ_2047425	PS_Ct_r03_2017_06_26_L001	55	9	1	0	1
HAMBI_0403_chrm01_circ_204962	PS_Ct_r03_2017_06_26_L001	29	39	1	0	1
HAMBI_0403_chrm01_circ_2107547	PS_Ct_r03_2017_06_26_L001	53	5	1	0	1
HAMBI_0403_chrm01_circ_2168329	PS_Ct_r03_2017_06_26_L001	59	5	1	0	1
HAMBI_0403_chrm01_circ_2211058	PS_Ct_r03_2017_06_26_L001	57	11	1	0	1
HAMBI_0403_chrm01_circ_2255124	PS_Ct_r03_2017_06_26_L001	53	10	1	0	1
HAMBI_0403_chrm01_circ_2326138	PS_Ct_r03_2017_06_26_L001	32	8	1	0	1
HAMBI_0403_chrm01_circ_23479	PS_Ct_r03_2017_06_26_L001	59	8	1	0	1
HAMBI_0403_chrm01_circ_2442113	PS_Ct_r03_2017_06_26_L001	64	0	1	0	1
HAMBI_0403_chrm01_circ_2515857	PS_Ct_r03_2017_06_26_L001	47	8	1	0	1
HAMBI_0403_chrm01_circ_2636197	PS_Ct_r03_2017_06_26_L001	63	16	1	0	1
HAMBI_0403_chrm01_circ_264681	PS_Ct_r03_2017_06_26_L001	32	42	1	0	1
HAMBI_0403_chrm01_circ_2648858	PS_Ct_r03_2017_06_26_L001	68	7	1	0	1
HAMBI_0403_chrm01_circ_2663531	PS_Ct_r03_2017_06_26_L001	25	48	1	0	1
HAMBI_0403_chrm01_circ_267791	PS_Ct_r03_2017_06_26_L001	59	12	1	0	1
HAMBI_0403_chrm01_circ_2688975	PS_Ct_r03_2017_06_26_L001	25	50	1	0	1
HAMBI_0403_chrm01_circ_2693322	PS_Ct_r03_2017_06_26_L001	41	28	1	0	1
HAMBI_0403_chrm01_circ_2734043	PS_Ct_r03_2017_06_26_L001	40	9	1	0	1
HAMBI_0403_chrm01_circ_2751601	PS_Ct_r03_2017_06_26_L001	67	1	1	0	1
HAMBI_0403_chrm01_circ_2752133	PS_Ct_r03_2017_06_26_L001	14	49	1	0	1
HAMBI_0403_chrm01_circ_2754629	PS_Ct_r03_2017_06_26_L001	34	25	1	0	1
HAMBI_0403_chrm01_circ_2793634	PS_Ct_r03_2017_06_26_L001	71	6	1	0	1
HAMBI_0403_chrm01_circ_281980	PS_Ct_r03_2017_06_26_L001	53	7	1	0	1
HAMBI_0403_chrm01_circ_2888794	PS_Ct_r03_2017_06_26_L001	52	28	1	0	1
HAMBI_0403_chrm01_circ_292417	PS_Ct_r03_2017_06_26_L001	71	0	1	0	1
HAMBI_0403_chrm01_circ_2926993	PS_Ct_r03_2017_06_26_L001	37	13	1	0	1
HAMBI_0403_chrm01_circ_2930190	PS_Ct_r03_2017_06_26_L001	64	3	1	0	1
HAMBI_0403_chrm01_circ_2953973	PS_Ct_r03_2017_06_26_L001	50	11	1	0	1
HAMBI_0403_chrm01_circ_2957163	PS_Ct_r03_2017_06_26_L001	32	14	1	0	1
HAMBI_0403_chrm01_circ_2970233	PS_Ct_r03_2017_06_26_L001	36	30	1	0	1
HAMBI_0403_chrm01_circ_2992565	PS_Ct_r03_2017_06_26_L001	78	6	1	0	1
HAMBI_0403_chrm01_circ_2996524	PS_Ct_r03_2017_06_26_L001	66	1	1	0	1
HAMBI_0403_chrm01_circ_3087888	PS_Ct_r03_2017_06_26_L001	18	33	1	0	1
HAMBI_0403_chrm01_circ_3109922	PS_Ct_r03_2017_06_26_L001	56	12	1	0	1
HAMBI_0403_chrm01_circ_3118967	PS_Ct_r03_2017_06_26_L001	60	9	1	0	1
HAMBI_0403_chrm01_circ_3144725	PS_Ct_r03_2017_06_26_L001	53	9	1	0	1
HAMBI_0403_chrm01_circ_3149518	PS_Ct_r03_2017_06_26_L001	60	14	1	0	1
HAMBI_0403_chrm01_circ_3154053	PS_Ct_r03_2017_06_26_L001	29	33	1	0	1
HAMBI_0403_chrm01_circ_3211528	PS_Ct_r03_2017_06_26_L001	77	7	1	0	1
HAMBI_0403_chrm01_circ_3229165	PS_Ct_r03_2017_06_26_L001	64	10	1	0	1
HAMBI_0403_chrm01_circ_3250514	PS_Ct_r03_2017_06_26_L001	45	17	1	0	1
HAMBI_0403_chrm01_circ_3276660	PS_Ct_r03_2017_06_26_L001	13	53	1	0	1
HAMBI_0403_chrm01_circ_3281194	PS_Ct_r03_2017_06_26_L001	26	9	1	0	1
HAMBI_0403_chrm01_circ_3300154	PS_Ct_r03_2017_06_26_L001	57	8	1	0	1
HAMBI_0403_chrm01_circ_3322437	PS_Ct_r03_2017_06_26_L001	2	54	1	0	1
HAMBI_0403_chrm01_circ_3322622	PS_Ct_r03_2017_06_26_L001	39	39	1	0	1
HAMBI_0403_chrm01_circ_3329629	PS_Ct_r03_2017_06_26_L001	54	10	1	0	1
HAMBI_0403_chrm01_circ_338614	PS_Ct_r03_2017_06_26_L001	74	12	1	0	1
HAMBI_0403_chrm01_circ_3393687	PS_Ct_r03_2017_06_26_L001	46	23	1	0	1
HAMBI_0403_chrm01_circ_3394128	PS_Ct_r03_2017_06_26_L001	55	0	1	0	1
HAMBI_0403_chrm01_circ_3405266	PS_Ct_r03_2017_06_26_L001	64	12	1	0	1
HAMBI_0403_chrm01_circ_340602	PS_Ct_r03_2017_06_26_L001	49	10	1	0	1
HAMBI_0403_chrm01_circ_3418753	PS_Ct_r03_2017_06_26_L001	64	7	1	0	1
HAMBI_0403_chrm01_circ_3459098	PS_Ct_r03_2017_06_26_L001	43	9	1	0	1
HAMBI_0403_chrm01_circ_3460941	PS_Ct_r03_2017_06_26_L001	37	1	1	0	1
HAMBI_0403_chrm01_circ_3461599	PS_Ct_r03_2017_06_26_L001	17	38	1	0	1
HAMBI_0403_chrm01_circ_3489004	PS_Ct_r03_2017_06_26_L001	59	11	1	0	1
HAMBI_0403_chrm01_circ_355460	PS_Ct_r03_2017_06_26_L001	48	16	1	0	1
HAMBI_0403_chrm01_circ_3555176	PS_Ct_r03_2017_06_26_L001	5	58	1	0	1
HAMBI_0403_chrm01_circ_3560450	PS_Ct_r03_2017_06_26_L001	40	28	1	0	1
HAMBI_0403_chrm01_circ_3567764	PS_Ct_r03_2017_06_26_L001	67	5	1	0	1
HAMBI_0403_chrm01_circ_3601720	PS_Ct_r03_2017_06_26_L001	68	9	1	0	1
HAMBI_0403_chrm01_circ_360522	PS_Ct_r03_2017_06_26_L001	11	52	1	0	1
HAMBI_0403_chrm01_circ_3647008	PS_Ct_r03_2017_06_26_L001	28	42	1	0	1
HAMBI_0403_chrm01_circ_3652328	PS_Ct_r03_2017_06_26_L001	2	76	1	0	1
HAMBI_0403_chrm01_circ_3734676	PS_Ct_r03_2017_06_26_L001	61	12	1	0	1
HAMBI_0403_chrm01_circ_3808590	PS_Ct_r03_2017_06_26_L001	62	7	1	0	1
HAMBI_0403_chrm01_circ_3813095	PS_Ct_r03_2017_06_26_L001	59	12	1	0	1
HAMBI_0403_chrm01_circ_3832814	PS_Ct_r03_2017_06_26_L001	2	66	1	0	1
HAMBI_0403_chrm01_circ_3885292	PS_Ct_r03_2017_06_26_L001	65	6	1	0	1
HAMBI_0403_chrm01_circ_3900399	PS_Ct_r03_2017_06_26_L001	40	7	1	0	1
HAMBI_0403_chrm01_circ_3910589	PS_Ct_r03_2017_06_26_L001	72	0	1	0	1
HAMBI_0403_chrm01_circ_3911084	PS_Ct_r03_2017_06_26_L001	81	0	1	0	1
HAMBI_0403_chrm01_circ_3993103	PS_Ct_r03_2017_06_26_L001	49	11	1	0	1
HAMBI_0403_chrm01_circ_4025643	PS_Ct_r03_2017_06_26_L001	3	28	1	0	1
HAMBI_0403_chrm01_circ_4025652	PS_Ct_r03_2017_06_26_L001	3	26	1	0	1
HAMBI_0403_chrm01_circ_4025663	PS_Ct_r03_2017_06_26_L001	2	22	1	0	1
HAMBI_0403_chrm01_circ_4025670	PS_Ct_r03_2017_06_26_L001	2	15	1	0	1
HAMBI_0403_chrm01_circ_4025677	PS_Ct_r03_2017_06_26_L001	3	11	1	0	1
HAMBI_0403_chrm01_circ_4025698	PS_Ct_r03_2017_06_26_L001	2	8	1	0	1
HAMBI_0403_chrm01_circ_4025700	PS_Ct_r03_2017_06_26_L001	2	7	1	0	1
HAMBI_0403_chrm01_circ_4040615	PS_Ct_r03_2017_06_26_L001	76	12	1	0	1
HAMBI_0403_chrm01_circ_4047471	PS_Ct_r03_2017_06_26_L001	56	7	1	0	1
HAMBI_0403_chrm01_circ_4063903	PS_Ct_r03_2017_06_26_L001	43	9	1	0	1
HAMBI_0403_chrm01_circ_4082916	PS_Ct_r03_2017_06_26_L001	52	11	1	0	1
HAMBI_0403_chrm01_circ_4098318	PS_Ct_r03_2017_06_26_L001	6	54	1	0	1
HAMBI_0403_chrm01_circ_4111761	PS_Ct_r03_2017_06_26_L001	48	35	1	0	1
HAMBI_0403_chrm01_circ_4119675	PS_Ct_r03_2017_06_26_L001	64	10	1	0	1
HAMBI_0403_chrm01_circ_4204317	PS_Ct_r03_2017_06_26_L001	3	79	1	0	1
HAMBI_0403_chrm01_circ_4211806	PS_Ct_r03_2017_06_26_L001	54	7	1	0	1
HAMBI_0403_chrm01_circ_4225781	PS_Ct_r03_2017_06_26_L001	56	6	1	0	1
HAMBI_0403_chrm01_circ_4227635	PS_Ct_r03_2017_06_26_L001	47	10	1	0	1
HAMBI_0403_chrm01_circ_4252605	PS_Ct_r03_2017_06_26_L001	67	2	1	0	1
HAMBI_0403_chrm01_circ_4295930	PS_Ct_r03_2017_06_26_L001	56	13	1	0	1
HAMBI_0403_chrm01_circ_4332767	PS_Ct_r03_2017_06_26_L001	35	32	1	0	1
HAMBI_0403_chrm01_circ_434325	PS_Ct_r03_2017_06_26_L001	56	3	1	0	1
HAMBI_0403_chrm01_circ_4367530	PS_Ct_r03_2017_06_26_L001	69	9	1	0	1
HAMBI_0403_chrm01_circ_4378839	PS_Ct_r03_2017_06_26_L001	50	4	1	0	1
HAMBI_0403_chrm01_circ_4384070	PS_Ct_r03_2017_06_26_L001	37	22	1	0	1
HAMBI_0403_chrm01_circ_440957	PS_Ct_r03_2017_06_26_L001	56	7	1	0	1
HAMBI_0403_chrm01_circ_4424328	PS_Ct_r03_2017_06_26_L001	8	48	1	0	1
HAMBI_0403_chrm01_circ_4450072	PS_Ct_r03_2017_06_26_L001	51	8	1	0	1
HAMBI_0403_chrm01_circ_4483742	PS_Ct_r03_2017_06_26_L001	6	44	1	0	1
HAMBI_0403_chrm01_circ_4537667	PS_Ct_r03_2017_06_26_L001	64	8	1	0	1
HAMBI_0403_chrm01_circ_4568561	PS_Ct_r03_2017_06_26_L001	49	11	1	0	1
HAMBI_0403_chrm01_circ_4574843	PS_Ct_r03_2017_06_26_L001	66	8	1	0	1
HAMBI_0403_chrm01_circ_4597956	PS_Ct_r03_2017_06_26_L001	44	25	1	0	1
HAMBI_0403_chrm01_circ_4629677	PS_Ct_r03_2017_06_26_L001	49	10	1	0	1
HAMBI_0403_chrm01_circ_4750362	PS_Ct_r03_2017_06_26_L001	31	22	1	0	1
HAMBI_0403_chrm01_circ_4761505	PS_Ct_r03_2017_06_26_L001	16	1	1	0	1
HAMBI_0403_chrm01_circ_4792076	PS_Ct_r03_2017_06_26_L001	1	60	1	0	1
HAMBI_0403_chrm01_circ_4807897	PS_Ct_r03_2017_06_26_L001	54	13	1	0	1
HAMBI_0403_chrm01_circ_4807942	PS_Ct_r03_2017_06_26_L001	62	2	1	0	1
HAMBI_0403_chrm01_circ_4815800	PS_Ct_r03_2017_06_26_L001	11	50	1	0	1
HAMBI_0403_chrm01_circ_4827495	PS_Ct_r03_2017_06_26_L001	42	25	1	0	1
HAMBI_0403_chrm01_circ_4829007	PS_Ct_r03_2017_06_26_L001	52	9	1	0	1
HAMBI_0403_chrm01_circ_4829050	PS_Ct_r03_2017_06_26_L001	55	0	1	0	1
HAMBI_0403_chrm01_circ_4831235	PS_Ct_r03_2017_06_26_L001	75	1	1	0	1
HAMBI_0403_chrm01_circ_4893344	PS_Ct_r03_2017_06_26_L001	53	16	1	0	1
HAMBI_0403_chrm01_circ_4947683	PS_Ct_r03_2017_06_26_L001	56	16	1	0	1
HAMBI_0403_chrm01_circ_4968639	PS_Ct_r03_2017_06_26_L001	68	1	1	0	1
HAMBI_0403_chrm01_circ_4973982	PS_Ct_r03_2017_06_26_L001	61	3	1	0	1
HAMBI_0403_chrm01_circ_4994802	PS_Ct_r03_2017_06_26_L001	47	26	1	0	1
HAMBI_0403_chrm01_circ_500037	PS_Ct_r03_2017_06_26_L001	15	55	1	0	1
HAMBI_0403_chrm01_circ_5035898	PS_Ct_r03_2017_06_26_L001	48	4	1	0	1
HAMBI_0403_chrm01_circ_5041374	PS_Ct_r03_2017_06_26_L001	26	23	1	0	1
HAMBI_0403_chrm01_circ_5060025	PS_Ct_r03_2017_06_26_L001	67	8	1	0	1
HAMBI_0403_chrm01_circ_5074286	PS_Ct_r03_2017_06_26_L001	66	10	1	0	1
HAMBI_0403_chrm01_circ_5102598	PS_Ct_r03_2017_06_26_L001	29	36	1	0	1
HAMBI_0403_chrm01_circ_5106025	PS_Ct_r03_2017_06_26_L001	51	6	1	0	1
HAMBI_0403_chrm01_circ_5130785	PS_Ct_r03_2017_06_26_L001	62	8	1	0	1
HAMBI_0403_chrm01_circ_5165364	PS_Ct_r03_2017_06_26_L001	57	0	1	0	1
HAMBI_0403_chrm01_circ_5170782	PS_Ct_r03_2017_06_26_L001	59	0	1	0	1
HAMBI_0403_chrm01_circ_5191327	PS_Ct_r03_2017_06_26_L001	0	63	1	0	1
HAMBI_0403_chrm01_circ_5198807	PS_Ct_r03_2017_06_26_L001	46	2	1	0	1
HAMBI_0403_chrm01_circ_522539	PS_Ct_r03_2017_06_26_L001	75	0	1	0	1
HAMBI_0403_chrm01_circ_5277914	PS_Ct_r03_2017_06_26_L001	69	0	1	0	1
HAMBI_0403_chrm01_circ_5317143	PS_Ct_r03_2017_06_26_L001	63	5	1	0	1
HAMBI_0403_chrm01_circ_5369259	PS_Ct_r03_2017_06_26_L001	38	21	1	0	1
HAMBI_0403_chrm01_circ_5380330	PS_Ct_r03_2017_06_26_L001	65	6	1	0	1
HAMBI_0403_chrm01_circ_5387471	PS_Ct_r03_2017_06_26_L001	59	4	1	0	1
HAMBI_0403_chrm01_circ_5407887	PS_Ct_r03_2017_06_26_L001	61	6	1	0	1
HAMBI_0403_chrm01_circ_5435929	PS_Ct_r03_2017_06_26_L001	13	39	1	0	1
HAMBI_0403_chrm01_circ_5447164	PS_Ct_r03_2017_06_26_L001	53	9	1	0	1
HAMBI_0403_chrm01_circ_5448089	PS_Ct_r03_2017_06_26_L001	72	9	1	0	1
HAMBI_0403_chrm01_circ_5454777	PS_Ct_r03_2017_06_26_L001	58	8	1	0	1
HAMBI_0403_chrm01_circ_5466654	PS_Ct_r03_2017_06_26_L001	60	9	1	0	1
HAMBI_0403_chrm01_circ_5476119	PS_Ct_r03_2017_06_26_L001	59	3	1	0	1
HAMBI_0403_chrm01_circ_5571996	PS_Ct_r03_2017_06_26_L001	14	62	1	0	1
HAMBI_0403_chrm01_circ_5605380	PS_Ct_r03_2017_06_26_L001	48	22	1	0	1
HAMBI_0403_chrm01_circ_5649091	PS_Ct_r03_2017_06_26_L001	53	15	1	0	1
HAMBI_0403_chrm01_circ_5741782	PS_Ct_r03_2017_06_26_L001	48	2	1	0	1
HAMBI_0403_chrm01_circ_575080	PS_Ct_r03_2017_06_26_L001	73	4	1	0	1
HAMBI_0403_chrm01_circ_5775702	PS_Ct_r03_2017_06_26_L001	52	13	1	0	1
HAMBI_0403_chrm01_circ_61587	PS_Ct_r03_2017_06_26_L001	52	6	1	0	1
HAMBI_0403_chrm01_circ_673240	PS_Ct_r03_2017_06_26_L001	83	6	1	0	1
HAMBI_0403_chrm01_circ_674307	PS_Ct_r03_2017_06_26_L001	54	11	1	0	1
HAMBI_0403_chrm01_circ_674960	PS_Ct_r03_2017_06_26_L001	73	11	1	0	1
HAMBI_0403_chrm01_circ_693893	PS_Ct_r03_2017_06_26_L001	55	32	1	0	1
HAMBI_0403_chrm01_circ_698904	PS_Ct_r03_2017_06_26_L001	61	6	1	0	1
HAMBI_0403_chrm01_circ_70627	PS_Ct_r03_2017_06_26_L001	43	25	1	0	1
HAMBI_0403_chrm01_circ_736327	PS_Ct_r03_2017_06_26_L001	60	4	1	0	1
HAMBI_0403_chrm01_circ_755508	PS_Ct_r03_2017_06_26_L001	52	9	1	0	1
HAMBI_0403_chrm01_circ_759084	PS_Ct_r03_2017_06_26_L001	64	5	1	0	1
HAMBI_0403_chrm01_circ_78846	PS_Ct_r03_2017_06_26_L001	68	15	1	0	1
HAMBI_0403_chrm01_circ_790661	PS_Ct_r03_2017_06_26_L001	40	31	1	0	1
HAMBI_0403_chrm01_circ_808688	PS_Ct_r03_2017_06_26_L001	80	11	1	0	1
HAMBI_0403_chrm01_circ_814505	PS_Ct_r03_2017_06_26_L001	57	7	1	0	1
HAMBI_0403_chrm01_circ_823961	PS_Ct_r03_2017_06_26_L001	23	46	1	0	1
HAMBI_0403_chrm01_circ_83834	PS_Ct_r03_2017_06_26_L001	66	5	1	0	1
HAMBI_0403_chrm01_circ_868194	PS_Ct_r03_2017_06_26_L001	63	7	1	0	1
HAMBI_0403_chrm01_circ_905331	PS_Ct_r03_2017_06_26_L001	68	4	1	0	1
HAMBI_0403_chrm01_circ_928195	PS_Ct_r03_2017_06_26_L001	1	57	1	0	1
HAMBI_0403_chrm01_circ_946980	PS_Ct_r03_2017_06_26_L001	59	13	1	0	1
HAMBI_0403_chrm01_circ_955334	PS_Ct_r03_2017_06_26_L001	55	9	1	0	1
HAMBI_0403_chrm01_circ_958358	PS_Ct_r03_2017_06_26_L001	77	0	1	0	1
HAMBI_0403_chrm01_circ_958650	PS_Ct_r03_2017_06_26_L001	76	0	1	0	1
HAMBI_0403_chrm01_circ_96390	PS_Ct_r03_2017_06_26_L001	70	12	1	0	1
HAMBI_0403_chrm01_circ_99072	PS_Ct_r03_2017_06_26_L001	62	14	1	0	1
HAMBI_0403_chrm01_circ_99696	PS_Ct_r03_2017_06_26_L001	50	22	1	0	1
HAMBI_0403_plas01_circ_13169	PS_Ct_r03_2017_06_26_L001	99	32	1	0	1
HAMBI_0403_plas01_circ_31558	PS_Ct_r03_2017_06_26_L001	90	30	1	0	1
HAMBI_0403_chrm01_circ_1046497	PS_Ct_r03_2017_07_24_L001	61	1	1	0	1
HAMBI_0403_chrm01_circ_1080893	PS_Ct_r03_2017_07_24_L001	75	16	1	0	1
HAMBI_0403_chrm01_circ_1119336	PS_Ct_r03_2017_07_24_L001	15	79	1	0	1
HAMBI_0403_chrm01_circ_1119876	PS_Ct_r03_2017_07_24_L001	57	11	1	0	1
HAMBI_0403_chrm01_circ_1132164	PS_Ct_r03_2017_07_24_L001	31	60	1	0	1
HAMBI_0403_chrm01_circ_1154877	PS_Ct_r03_2017_07_24_L001	61	23	1	0	1
HAMBI_0403_chrm01_circ_1177878	PS_Ct_r03_2017_07_24_L001	40	39	1	0	1
HAMBI_0403_chrm01_circ_1191667	PS_Ct_r03_2017_07_24_L001	76	12	1	0	1
HAMBI_0403_chrm01_circ_1246798	PS_Ct_r03_2017_07_24_L001	62	12	1	0	1
HAMBI_0403_chrm01_circ_1272527	PS_Ct_r03_2017_07_24_L001	75	18	1	0	1
HAMBI_0403_chrm01_circ_1277340	PS_Ct_r03_2017_07_24_L001	72	15	1	0	1
HAMBI_0403_chrm01_circ_1295387	PS_Ct_r03_2017_07_24_L001	18	71	1	0	1
HAMBI_0403_chrm01_circ_1350046	PS_Ct_r03_2017_07_24_L001	121	0	1	0	1
HAMBI_0403_chrm01_circ_1359617	PS_Ct_r03_2017_07_24_L001	31	24	1	0	1
HAMBI_0403_chrm01_circ_1361345	PS_Ct_r03_2017_07_24_L001	51	17	1	0	1
HAMBI_0403_chrm01_circ_1392097	PS_Ct_r03_2017_07_24_L001	0	12	1	0	1
HAMBI_0403_chrm01_circ_1427994	PS_Ct_r03_2017_07_24_L001	31	50	1	0	1
HAMBI_0403_chrm01_circ_1449135	PS_Ct_r03_2017_07_24_L001	63	9	1	0	1
HAMBI_0403_chrm01_circ_1483274	PS_Ct_r03_2017_07_24_L001	71	20	1	0	1
HAMBI_0403_chrm01_circ_1488590	PS_Ct_r03_2017_07_24_L001	88	6	1	0	1
HAMBI_0403_chrm01_circ_15131	PS_Ct_r03_2017_07_24_L001	85	13	1	0	1
HAMBI_0403_chrm01_circ_1566075	PS_Ct_r03_2017_07_24_L001	45	20	1	0	1
HAMBI_0403_chrm01_circ_1610814	PS_Ct_r03_2017_07_24_L001	103	1	1	0	1
HAMBI_0403_chrm01_circ_161831	PS_Ct_r03_2017_07_24_L001	51	8	1	0	1
HAMBI_0403_chrm01_circ_16427	PS_Ct_r03_2017_07_24_L001	22	70	1	0	1
HAMBI_0403_chrm01_circ_1649857	PS_Ct_r03_2017_07_24_L001	59	13	1	0	1
HAMBI_0403_chrm01_circ_1732518	PS_Ct_r03_2017_07_24_L001	34	54	1	0	1
HAMBI_0403_chrm01_circ_1738117	PS_Ct_r03_2017_07_24_L001	57	47	1	0	1
HAMBI_0403_chrm01_circ_1759579	PS_Ct_r03_2017_07_24_L001	49	17	1	0	1
HAMBI_0403_chrm01_circ_177120	PS_Ct_r03_2017_07_24_L001	71	8	1	0	1
HAMBI_0403_chrm01_circ_1820962	PS_Ct_r03_2017_07_24_L001	57	15	1	0	1
HAMBI_0403_chrm01_circ_1887917	PS_Ct_r03_2017_07_24_L001	103	3	1	0	1
HAMBI_0403_chrm01_circ_1930553	PS_Ct_r03_2017_07_24_L001	60	26	1	0	1
HAMBI_0403_chrm01_circ_1942108	PS_Ct_r03_2017_07_24_L001	54	5	1	0	1
HAMBI_0403_chrm01_circ_1954454	PS_Ct_r03_2017_07_24_L001	24	75	1	0	1
HAMBI_0403_chrm01_circ_1956423	PS_Ct_r03_2017_07_24_L001	62	21	1	0	1
HAMBI_0403_chrm01_circ_1975660	PS_Ct_r03_2017_07_24_L001	54	42	1	0	1
HAMBI_0403_chrm01_circ_1977057	PS_Ct_r03_2017_07_24_L001	52	19	1	0	1
HAMBI_0403_chrm01_circ_2030365	PS_Ct_r03_2017_07_24_L001	69	24	1	0	1
HAMBI_0403_chrm01_circ_203280	PS_Ct_r03_2017_07_24_L001	75	10	1	0	1
HAMBI_0403_chrm01_circ_2047425	PS_Ct_r03_2017_07_24_L001	71	7	1	0	1
HAMBI_0403_chrm01_circ_204962	PS_Ct_r03_2017_07_24_L001	44	53	1	0	1
HAMBI_0403_chrm01_circ_2107547	PS_Ct_r03_2017_07_24_L001	62	5	1	0	1
HAMBI_0403_chrm01_circ_2168329	PS_Ct_r03_2017_07_24_L001	71	9	1	0	1
HAMBI_0403_chrm01_circ_2211058	PS_Ct_r03_2017_07_24_L001	57	14	1	0	1
HAMBI_0403_chrm01_circ_2255124	PS_Ct_r03_2017_07_24_L001	69	9	1	0	1
HAMBI_0403_chrm01_circ_2326138	PS_Ct_r03_2017_07_24_L001	56	13	1	0	1
HAMBI_0403_chrm01_circ_23479	PS_Ct_r03_2017_07_24_L001	66	3	1	0	1
HAMBI_0403_chrm01_circ_2442113	PS_Ct_r03_2017_07_24_L001	74	1	1	0	1
HAMBI_0403_chrm01_circ_2515857	PS_Ct_r03_2017_07_24_L001	77	8	1	0	1
HAMBI_0403_chrm01_circ_2636197	PS_Ct_r03_2017_07_24_L001	78	18	1	0	1
HAMBI_0403_chrm01_circ_264681	PS_Ct_r03_2017_07_24_L001	49	49	1	0	1
HAMBI_0403_chrm01_circ_2648858	PS_Ct_r03_2017_07_24_L001	73	13	1	0	1
HAMBI_0403_chrm01_circ_2663531	PS_Ct_r03_2017_07_24_L001	31	43	1	0	1
HAMBI_0403_chrm01_circ_267791	PS_Ct_r03_2017_07_24_L001	89	5	1	0	1
HAMBI_0403_chrm01_circ_2688975	PS_Ct_r03_2017_07_24_L001	39	44	1	0	1
HAMBI_0403_chrm01_circ_2693322	PS_Ct_r03_2017_07_24_L001	34	50	1	0	1
HAMBI_0403_chrm01_circ_2734043	PS_Ct_r03_2017_07_24_L001	50	18	1	0	1
HAMBI_0403_chrm01_circ_2751601	PS_Ct_r03_2017_07_24_L001	65	7	1	0	1
HAMBI_0403_chrm01_circ_2752133	PS_Ct_r03_2017_07_24_L001	22	36	1	0	1
HAMBI_0403_chrm01_circ_2754629	PS_Ct_r03_2017_07_24_L001	26	33	1	0	1
HAMBI_0403_chrm01_circ_2793634	PS_Ct_r03_2017_07_24_L001	73	19	1	0	1
HAMBI_0403_chrm01_circ_281980	PS_Ct_r03_2017_07_24_L001	66	15	1	0	1
HAMBI_0403_chrm01_circ_2888794	PS_Ct_r03_2017_07_24_L001	62	13	1	0	1
HAMBI_0403_chrm01_circ_292417	PS_Ct_r03_2017_07_24_L001	92	1	1	0	1
HAMBI_0403_chrm01_circ_2926993	PS_Ct_r03_2017_07_24_L001	62	24	1	0	1
HAMBI_0403_chrm01_circ_2930190	PS_Ct_r03_2017_07_24_L001	66	12	1	0	1
HAMBI_0403_chrm01_circ_2953973	PS_Ct_r03_2017_07_24_L001	39	17	1	0	1
HAMBI_0403_chrm01_circ_2957163	PS_Ct_r03_2017_07_24_L001	52	32	1	0	1
HAMBI_0403_chrm01_circ_2970233	PS_Ct_r03_2017_07_24_L001	37	69	1	0	1
HAMBI_0403_chrm01_circ_2992565	PS_Ct_r03_2017_07_24_L001	70	27	1	0	1
HAMBI_0403_chrm01_circ_2996524	PS_Ct_r03_2017_07_24_L001	74	7	1	0	1
HAMBI_0403_chrm01_circ_3087888	PS_Ct_r03_2017_07_24_L001	37	52	1	0	1
HAMBI_0403_chrm01_circ_3109922	PS_Ct_r03_2017_07_24_L001	73	8	1	0	1
HAMBI_0403_chrm01_circ_3118967	PS_Ct_r03_2017_07_24_L001	49	13	1	0	1
HAMBI_0403_chrm01_circ_3144725	PS_Ct_r03_2017_07_24_L001	48	24	1	0	1
HAMBI_0403_chrm01_circ_3149518	PS_Ct_r03_2017_07_24_L001	71	19	1	0	1
HAMBI_0403_chrm01_circ_3154053	PS_Ct_r03_2017_07_24_L001	42	44	1	0	1
HAMBI_0403_chrm01_circ_3211528	PS_Ct_r03_2017_07_24_L001	92	24	1	0	1
HAMBI_0403_chrm01_circ_3229165	PS_Ct_r03_2017_07_24_L001	79	6	1	0	1
HAMBI_0403_chrm01_circ_3250514	PS_Ct_r03_2017_07_24_L001	56	14	1	0	1
HAMBI_0403_chrm01_circ_3276660	PS_Ct_r03_2017_07_24_L001	29	61	1	0	1
HAMBI_0403_chrm01_circ_3281194	PS_Ct_r03_2017_07_24_L001	31	8	1	0	1
HAMBI_0403_chrm01_circ_3300154	PS_Ct_r03_2017_07_24_L001	67	19	1	0	1
HAMBI_0403_chrm01_circ_3322437	PS_Ct_r03_2017_07_24_L001	5	73	1	0	1
HAMBI_0403_chrm01_circ_3322622	PS_Ct_r03_2017_07_24_L001	56	58	1	0	1
HAMBI_0403_chrm01_circ_3329629	PS_Ct_r03_2017_07_24_L001	63	20	1	0	1
HAMBI_0403_chrm01_circ_338614	PS_Ct_r03_2017_07_24_L001	66	7	1	0	1
HAMBI_0403_chrm01_circ_3393687	PS_Ct_r03_2017_07_24_L001	59	8	1	0	1
HAMBI_0403_chrm01_circ_3394128	PS_Ct_r03_2017_07_24_L001	78	0	1	0	1
HAMBI_0403_chrm01_circ_3405266	PS_Ct_r03_2017_07_24_L001	53	15	1	0	1
HAMBI_0403_chrm01_circ_340602	PS_Ct_r03_2017_07_24_L001	91	6	1	0	1
HAMBI_0403_chrm01_circ_3418753	PS_Ct_r03_2017_07_24_L001	63	15	1	0	1
HAMBI_0403_chrm01_circ_3459098	PS_Ct_r03_2017_07_24_L001	78	5	1	0	1
HAMBI_0403_chrm01_circ_3460941	PS_Ct_r03_2017_07_24_L001	63	9	1	0	1
HAMBI_0403_chrm01_circ_3461599	PS_Ct_r03_2017_07_24_L001	24	32	1	0	1
HAMBI_0403_chrm01_circ_3489004	PS_Ct_r03_2017_07_24_L001	73	6	1	0	1
HAMBI_0403_chrm01_circ_355460	PS_Ct_r03_2017_07_24_L001	66	12	1	0	1
HAMBI_0403_chrm01_circ_3555176	PS_Ct_r03_2017_07_24_L001	6	102	1	0	1
HAMBI_0403_chrm01_circ_3560450	PS_Ct_r03_2017_07_24_L001	40	32	1	0	1
HAMBI_0403_chrm01_circ_3567764	PS_Ct_r03_2017_07_24_L001	80	15	1	0	1
HAMBI_0403_chrm01_circ_3601720	PS_Ct_r03_2017_07_24_L001	77	20	1	0	1
HAMBI_0403_chrm01_circ_360522	PS_Ct_r03_2017_07_24_L001	31	52	1	0	1
HAMBI_0403_chrm01_circ_3647008	PS_Ct_r03_2017_07_24_L001	40	43	1	0	1
HAMBI_0403_chrm01_circ_3652328	PS_Ct_r03_2017_07_24_L001	3	86	1	0	1
HAMBI_0403_chrm01_circ_3734676	PS_Ct_r03_2017_07_24_L001	72	31	1	0	1
HAMBI_0403_chrm01_circ_3808590	PS_Ct_r03_2017_07_24_L001	55	19	1	0	1
HAMBI_0403_chrm01_circ_3813095	PS_Ct_r03_2017_07_24_L001	62	14	1	0	1
HAMBI_0403_chrm01_circ_3832814	PS_Ct_r03_2017_07_24_L001	6	87	1	0	1
HAMBI_0403_chrm01_circ_3885292	PS_Ct_r03_2017_07_24_L001	78	17	1	0	1
HAMBI_0403_chrm01_circ_3900399	PS_Ct_r03_2017_07_24_L001	60	22	1	0	1
HAMBI_0403_chrm01_circ_3910589	PS_Ct_r03_2017_07_24_L001	115	0	1	0	1
HAMBI_0403_chrm01_circ_3911084	PS_Ct_r03_2017_07_24_L001	87	0	1	0	1
HAMBI_0403_chrm01_circ_3993103	PS_Ct_r03_2017_07_24_L001	59	12	1	0	1
HAMBI_0403_chrm01_circ_4025643	PS_Ct_r03_2017_07_24_L001	5	28	1	0	1
HAMBI_0403_chrm01_circ_4025652	PS_Ct_r03_2017_07_24_L001	6	28	1	0	1
HAMBI_0403_chrm01_circ_4025663	PS_Ct_r03_2017_07_24_L001	7	26	1	0	1
HAMBI_0403_chrm01_circ_4025670	PS_Ct_r03_2017_07_24_L001	7	21	1	0	1
HAMBI_0403_chrm01_circ_4025677	PS_Ct_r03_2017_07_24_L001	6	21	1	0	1
HAMBI_0403_chrm01_circ_4025698	PS_Ct_r03_2017_07_24_L001	9	12	1	0	1
HAMBI_0403_chrm01_circ_4025700	PS_Ct_r03_2017_07_24_L001	9	11	1	0	1
HAMBI_0403_chrm01_circ_4040615	PS_Ct_r03_2017_07_24_L001	73	22	1	0	1
HAMBI_0403_chrm01_circ_4047471	PS_Ct_r03_2017_07_24_L001	93	0	1	0	1
HAMBI_0403_chrm01_circ_4063903	PS_Ct_r03_2017_07_24_L001	50	23	1	0	1
HAMBI_0403_chrm01_circ_4082916	PS_Ct_r03_2017_07_24_L001	64	15	1	0	1
HAMBI_0403_chrm01_circ_4098318	PS_Ct_r03_2017_07_24_L001	29	59	1	0	1
HAMBI_0403_chrm01_circ_4111761	PS_Ct_r03_2017_07_24_L001	59	45	1	0	1
HAMBI_0403_chrm01_circ_4119675	PS_Ct_r03_2017_07_24_L001	100	3	1	0	1
HAMBI_0403_chrm01_circ_4204317	PS_Ct_r03_2017_07_24_L001	6	79	1	0	1
HAMBI_0403_chrm01_circ_4211806	PS_Ct_r03_2017_07_24_L001	73	21	1	0	1
HAMBI_0403_chrm01_circ_4225781	PS_Ct_r03_2017_07_24_L001	64	12	1	0	1
HAMBI_0403_chrm01_circ_4227635	PS_Ct_r03_2017_07_24_L001	81	18	1	0	1
HAMBI_0403_chrm01_circ_4252605	PS_Ct_r03_2017_07_24_L001	79	9	1	0	1
HAMBI_0403_chrm01_circ_4295930	PS_Ct_r03_2017_07_24_L001	92	15	1	0	1
HAMBI_0403_chrm01_circ_4332767	PS_Ct_r03_2017_07_24_L001	44	37	1	0	1
HAMBI_0403_chrm01_circ_434325	PS_Ct_r03_2017_07_24_L001	48	29	1	0	1
HAMBI_0403_chrm01_circ_4367530	PS_Ct_r03_2017_07_24_L001	94	18	1	0	1
HAMBI_0403_chrm01_circ_4378839	PS_Ct_r03_2017_07_24_L001	66	10	1	0	1
HAMBI_0403_chrm01_circ_4384070	PS_Ct_r03_2017_07_24_L001	39	34	1	0	1
HAMBI_0403_chrm01_circ_440957	PS_Ct_r03_2017_07_24_L001	57	18	1	0	1
HAMBI_0403_chrm01_circ_4424328	PS_Ct_r03_2017_07_24_L001	21	53	1	0	1
HAMBI_0403_chrm01_circ_4450072	PS_Ct_r03_2017_07_24_L001	50	12	1	0	1
HAMBI_0403_chrm01_circ_4483742	PS_Ct_r03_2017_07_24_L001	24	67	1	0	1
HAMBI_0403_chrm01_circ_4537667	PS_Ct_r03_2017_07_24_L001	64	15	1	0	1
HAMBI_0403_chrm01_circ_4568561	PS_Ct_r03_2017_07_24_L001	54	15	1	0	1
HAMBI_0403_chrm01_circ_4574843	PS_Ct_r03_2017_07_24_L001	76	22	1	0	1
HAMBI_0403_chrm01_circ_4597956	PS_Ct_r03_2017_07_24_L001	59	17	1	0	1
HAMBI_0403_chrm01_circ_4629677	PS_Ct_r03_2017_07_24_L001	66	19	1	0	1
HAMBI_0403_chrm01_circ_4750362	PS_Ct_r03_2017_07_24_L001	57	13	1	0	1
HAMBI_0403_chrm01_circ_4761505	PS_Ct_r03_2017_07_24_L001	20	0	1	0	1
HAMBI_0403_chrm01_circ_4792076	PS_Ct_r03_2017_07_24_L001	5	80	1	0	1
HAMBI_0403_chrm01_circ_4807897	PS_Ct_r03_2017_07_24_L001	87	11	1	0	1
HAMBI_0403_chrm01_circ_4807942	PS_Ct_r03_2017_07_24_L001	93	11	1	0	1
HAMBI_0403_chrm01_circ_4815800	PS_Ct_r03_2017_07_24_L001	26	72	1	0	1
HAMBI_0403_chrm01_circ_4827495	PS_Ct_r03_2017_07_24_L001	63	14	1	0	1
HAMBI_0403_chrm01_circ_4829007	PS_Ct_r03_2017_07_24_L001	80	18	1	0	1
HAMBI_0403_chrm01_circ_4829050	PS_Ct_r03_2017_07_24_L001	88	14	1	0	1
HAMBI_0403_chrm01_circ_4831235	PS_Ct_r03_2017_07_24_L001	93	10	1	0	1
HAMBI_0403_chrm01_circ_4893344	PS_Ct_r03_2017_07_24_L001	55	13	1	0	1
HAMBI_0403_chrm01_circ_4947683	PS_Ct_r03_2017_07_24_L001	62	17	1	0	1
HAMBI_0403_chrm01_circ_4968639	PS_Ct_r03_2017_07_24_L001	80	11	1	0	1
HAMBI_0403_chrm01_circ_4973982	PS_Ct_r03_2017_07_24_L001	67	19	1	0	1
HAMBI_0403_chrm01_circ_4994802	PS_Ct_r03_2017_07_24_L001	70	30	1	0	1
HAMBI_0403_chrm01_circ_500037	PS_Ct_r03_2017_07_24_L001	27	65	1	0	1
HAMBI_0403_chrm01_circ_5035898	PS_Ct_r03_2017_07_24_L001	65	19	1	0	1
HAMBI_0403_chrm01_circ_5041374	PS_Ct_r03_2017_07_24_L001	35	48	1	0	1
HAMBI_0403_chrm01_circ_5060025	PS_Ct_r03_2017_07_24_L001	64	19	1	0	1
HAMBI_0403_chrm01_circ_5074286	PS_Ct_r03_2017_07_24_L001	59	14	1	0	1
HAMBI_0403_chrm01_circ_5102598	PS_Ct_r03_2017_07_24_L001	24	44	1	0	1
HAMBI_0403_chrm01_circ_5106025	PS_Ct_r03_2017_07_24_L001	73	20	1	0	1
HAMBI_0403_chrm01_circ_5130785	PS_Ct_r03_2017_07_24_L001	81	11	1	0	1
HAMBI_0403_chrm01_circ_5165364	PS_Ct_r03_2017_07_24_L001	71	0	1	0	1
HAMBI_0403_chrm01_circ_5170782	PS_Ct_r03_2017_07_24_L001	89	0	1	0	1
HAMBI_0403_chrm01_circ_5191327	PS_Ct_r03_2017_07_24_L001	8	81	1	0	1
HAMBI_0403_chrm01_circ_5198807	PS_Ct_r03_2017_07_24_L001	54	17	1	0	1
HAMBI_0403_chrm01_circ_522539	PS_Ct_r03_2017_07_24_L001	87	0	1	0	1
HAMBI_0403_chrm01_circ_5277914	PS_Ct_r03_2017_07_24_L001	79	0	1	0	1
HAMBI_0403_chrm01_circ_5317143	PS_Ct_r03_2017_07_24_L001	71	22	1	0	1
HAMBI_0403_chrm01_circ_5369259	PS_Ct_r03_2017_07_24_L001	58	51	1	0	1
HAMBI_0403_chrm01_circ_5380330	PS_Ct_r03_2017_07_24_L001	73	11	1	0	1
HAMBI_0403_chrm01_circ_5387471	PS_Ct_r03_2017_07_24_L001	59	28	1	0	1
HAMBI_0403_chrm01_circ_5407887	PS_Ct_r03_2017_07_24_L001	66	28	1	0	1
HAMBI_0403_chrm01_circ_5435929	PS_Ct_r03_2017_07_24_L001	29	55	1	0	1
HAMBI_0403_chrm01_circ_5447164	PS_Ct_r03_2017_07_24_L001	75	20	1	0	1
HAMBI_0403_chrm01_circ_5448089	PS_Ct_r03_2017_07_24_L001	68	18	1	0	1
HAMBI_0403_chrm01_circ_5454777	PS_Ct_r03_2017_07_24_L001	60	26	1	0	1
HAMBI_0403_chrm01_circ_5466654	PS_Ct_r03_2017_07_24_L001	74	18	1	0	1
HAMBI_0403_chrm01_circ_5476119	PS_Ct_r03_2017_07_24_L001	51	18	1	0	1
HAMBI_0403_chrm01_circ_5571996	PS_Ct_r03_2017_07_24_L001	22	59	1	0	1
HAMBI_0403_chrm01_circ_5605380	PS_Ct_r03_2017_07_24_L001	61	20	1	0	1
HAMBI_0403_chrm01_circ_5649091	PS_Ct_r03_2017_07_24_L001	84	17	1	0	1
HAMBI_0403_chrm01_circ_5741782	PS_Ct_r03_2017_07_24_L001	60	18	1	0	1
HAMBI_0403_chrm01_circ_575080	PS_Ct_r03_2017_07_24_L001	67	12	1	0	1
HAMBI_0403_chrm01_circ_5775702	PS_Ct_r03_2017_07_24_L001	67	14	1	0	1
HAMBI_0403_chrm01_circ_61587	PS_Ct_r03_2017_07_24_L001	72	5	1	0	1
HAMBI_0403_chrm01_circ_673240	PS_Ct_r03_2017_07_24_L001	68	27	1	0	1
HAMBI_0403_chrm01_circ_674307	PS_Ct_r03_2017_07_24_L001	56	16	1	0	1
HAMBI_0403_chrm01_circ_674960	PS_Ct_r03_2017_07_24_L001	71	9	1	0	1
HAMBI_0403_chrm01_circ_693893	PS_Ct_r03_2017_07_24_L001	62	34	1	0	1
HAMBI_0403_chrm01_circ_698904	PS_Ct_r03_2017_07_24_L001	75	26	1	0	1
HAMBI_0403_chrm01_circ_70627	PS_Ct_r03_2017_07_24_L001	47	44	1	0	1
HAMBI_0403_chrm01_circ_736327	PS_Ct_r03_2017_07_24_L001	56	12	1	0	1
HAMBI_0403_chrm01_circ_755508	PS_Ct_r03_2017_07_24_L001	70	7	1	0	1
HAMBI_0403_chrm01_circ_759084	PS_Ct_r03_2017_07_24_L001	69	12	1	0	1
HAMBI_0403_chrm01_circ_78846	PS_Ct_r03_2017_07_24_L001	69	27	1	0	1
HAMBI_0403_chrm01_circ_790661	PS_Ct_r03_2017_07_24_L001	35	42	1	0	1
HAMBI_0403_chrm01_circ_808688	PS_Ct_r03_2017_07_24_L001	63	21	1	0	1
HAMBI_0403_chrm01_circ_814505	PS_Ct_r03_2017_07_24_L001	65	20	1	0	1
HAMBI_0403_chrm01_circ_823961	PS_Ct_r03_2017_07_24_L001	44	47	1	0	1
HAMBI_0403_chrm01_circ_83834	PS_Ct_r03_2017_07_24_L001	44	10	1	0	1
HAMBI_0403_chrm01_circ_868194	PS_Ct_r03_2017_07_24_L001	63	11	1	0	1
HAMBI_0403_chrm01_circ_905331	PS_Ct_r03_2017_07_24_L001	65	18	1	0	1
HAMBI_0403_chrm01_circ_928195	PS_Ct_r03_2017_07_24_L001	9	95	1	0	1
HAMBI_0403_chrm01_circ_946980	PS_Ct_r03_2017_07_24_L001	77	9	1	0	1
HAMBI_0403_chrm01_circ_955334	PS_Ct_r03_2017_07_24_L001	61	24	1	0	1
HAMBI_0403_chrm01_circ_958358	PS_Ct_r03_2017_07_24_L001	107	0	1	0	1
HAMBI_0403_chrm01_circ_958650	PS_Ct_r03_2017_07_24_L001	65	1	1	0	1
HAMBI_0403_chrm01_circ_96390	PS_Ct_r03_2017_07_24_L001	86	22	1	0	1
HAMBI_0403_chrm01_circ_99072	PS_Ct_r03_2017_07_24_L001	78	15	1	0	1
HAMBI_0403_chrm01_circ_99696	PS_Ct_r03_2017_07_24_L001	55	42	1	0	1
HAMBI_0403_plas01_circ_13169	PS_Ct_r03_2017_07_24_L001	121	22	1	0	1
HAMBI_0403_plas01_circ_31558	PS_Ct_r03_2017_07_24_L001	145	26	1	0	1
HAMBI_0403_chrm01_circ_1046497	PS_Ct_r03_2017_08_21_L001	72	0	1	0	1
HAMBI_0403_chrm01_circ_1080893	PS_Ct_r03_2017_08_21_L001	58	24	1	0	1
HAMBI_0403_chrm01_circ_1119336	PS_Ct_r03_2017_08_21_L001	18	62	1	0	1
HAMBI_0403_chrm01_circ_1119876	PS_Ct_r03_2017_08_21_L001	50	12	1	0	1
HAMBI_0403_chrm01_circ_1132164	PS_Ct_r03_2017_08_21_L001	42	39	1	0	1
HAMBI_0403_chrm01_circ_1154877	PS_Ct_r03_2017_08_21_L001	37	15	1	0	1
HAMBI_0403_chrm01_circ_1177878	PS_Ct_r03_2017_08_21_L001	48	30	1	0	1
HAMBI_0403_chrm01_circ_1191667	PS_Ct_r03_2017_08_21_L001	57	10	1	0	1
HAMBI_0403_chrm01_circ_1246798	PS_Ct_r03_2017_08_21_L001	60	14	1	0	1
HAMBI_0403_chrm01_circ_1272527	PS_Ct_r03_2017_08_21_L001	49	19	1	0	1
HAMBI_0403_chrm01_circ_1277340	PS_Ct_r03_2017_08_21_L001	63	7	1	0	1
HAMBI_0403_chrm01_circ_1295387	PS_Ct_r03_2017_08_21_L001	49	39	1	0	1
HAMBI_0403_chrm01_circ_1350046	PS_Ct_r03_2017_08_21_L001	109	0	1	0	1
HAMBI_0403_chrm01_circ_1359617	PS_Ct_r03_2017_08_21_L001	16	13	1	0	1
HAMBI_0403_chrm01_circ_1361345	PS_Ct_r03_2017_08_21_L001	44	18	1	0	1
HAMBI_0403_chrm01_circ_1392097	PS_Ct_r03_2017_08_21_L001	0	0	1	0	1
HAMBI_0403_chrm01_circ_1427994	PS_Ct_r03_2017_08_21_L001	47	29	1	0	1
HAMBI_0403_chrm01_circ_1449135	PS_Ct_r03_2017_08_21_L001	53	9	1	0	1
HAMBI_0403_chrm01_circ_1483274	PS_Ct_r03_2017_08_21_L001	49	19	1	0	1
HAMBI_0403_chrm01_circ_1488590	PS_Ct_r03_2017_08_21_L001	56	15	1	0	1
HAMBI_0403_chrm01_circ_15131	PS_Ct_r03_2017_08_21_L001	56	14	1	0	1
HAMBI_0403_chrm01_circ_1566075	PS_Ct_r03_2017_08_21_L001	45	12	1	0	1
HAMBI_0403_chrm01_circ_1610814	PS_Ct_r03_2017_08_21_L001	75	0	1	0	1
HAMBI_0403_chrm01_circ_161831	PS_Ct_r03_2017_08_21_L001	64	4	1	0	1
HAMBI_0403_chrm01_circ_16427	PS_Ct_r03_2017_08_21_L001	40	38	1	0	1
HAMBI_0403_chrm01_circ_1649857	PS_Ct_r03_2017_08_21_L001	57	28	1	0	1
HAMBI_0403_chrm01_circ_1732518	PS_Ct_r03_2017_08_21_L001	40	36	1	0	1
HAMBI_0403_chrm01_circ_1738117	PS_Ct_r03_2017_08_21_L001	69	41	1	0	1
HAMBI_0403_chrm01_circ_1759579	PS_Ct_r03_2017_08_21_L001	55	14	1	0	1
HAMBI_0403_chrm01_circ_177120	PS_Ct_r03_2017_08_21_L001	28	13	1	0	1
HAMBI_0403_chrm01_circ_1820962	PS_Ct_r03_2017_08_21_L001	45	11	1	0	1
HAMBI_0403_chrm01_circ_1887917	PS_Ct_r03_2017_08_21_L001	79	0	1	0	1
HAMBI_0403_chrm01_circ_1930553	PS_Ct_r03_2017_08_21_L001	62	29	1	0	1
HAMBI_0403_chrm01_circ_1942108	PS_Ct_r03_2017_08_21_L001	64	0	1	0	1
HAMBI_0403_chrm01_circ_1954454	PS_Ct_r03_2017_08_21_L001	42	35	1	0	1
HAMBI_0403_chrm01_circ_1956423	PS_Ct_r03_2017_08_21_L001	67	22	1	0	1
HAMBI_0403_chrm01_circ_1975660	PS_Ct_r03_2017_08_21_L001	52	26	1	0	1
HAMBI_0403_chrm01_circ_1977057	PS_Ct_r03_2017_08_21_L001	57	11	1	0	1
HAMBI_0403_chrm01_circ_2030365	PS_Ct_r03_2017_08_21_L001	51	15	1	0	1
HAMBI_0403_chrm01_circ_203280	PS_Ct_r03_2017_08_21_L001	57	6	1	0	1
HAMBI_0403_chrm01_circ_2047425	PS_Ct_r03_2017_08_21_L001	71	2	1	0	1
HAMBI_0403_chrm01_circ_204962	PS_Ct_r03_2017_08_21_L001	51	24	1	0	1
HAMBI_0403_chrm01_circ_2107547	PS_Ct_r03_2017_08_21_L001	55	8	1	0	1
HAMBI_0403_chrm01_circ_2168329	PS_Ct_r03_2017_08_21_L001	68	14	1	0	1
HAMBI_0403_chrm01_circ_2211058	PS_Ct_r03_2017_08_21_L001	54	9	1	0	1
HAMBI_0403_chrm01_circ_2255124	PS_Ct_r03_2017_08_21_L001	65	19	1	0	1
HAMBI_0403_chrm01_circ_2326138	PS_Ct_r03_2017_08_21_L001	56	7	1	0	1
HAMBI_0403_chrm01_circ_23479	PS_Ct_r03_2017_08_21_L001	88	2	1	0	1
HAMBI_0403_chrm01_circ_2442113	PS_Ct_r03_2017_08_21_L001	41	14	1	0	1
HAMBI_0403_chrm01_circ_2515857	PS_Ct_r03_2017_08_21_L001	64	5	1	0	1
HAMBI_0403_chrm01_circ_2636197	PS_Ct_r03_2017_08_21_L001	45	17	1	0	1
HAMBI_0403_chrm01_circ_264681	PS_Ct_r03_2017_08_21_L001	47	36	1	0	1
HAMBI_0403_chrm01_circ_2648858	PS_Ct_r03_2017_08_21_L001	50	12	1	0	1
HAMBI_0403_chrm01_circ_2663531	PS_Ct_r03_2017_08_21_L001	44	26	1	0	1
HAMBI_0403_chrm01_circ_267791	PS_Ct_r03_2017_08_21_L001	59	9	1	0	1
HAMBI_0403_chrm01_circ_2688975	PS_Ct_r03_2017_08_21_L001	59	25	1	0	1
HAMBI_0403_chrm01_circ_2693322	PS_Ct_r03_2017_08_21_L001	45	30	1	0	1
HAMBI_0403_chrm01_circ_2734043	PS_Ct_r03_2017_08_21_L001	50	17	1	0	1
HAMBI_0403_chrm01_circ_2751601	PS_Ct_r03_2017_08_21_L001	58	8	1	0	1
HAMBI_0403_chrm01_circ_2752133	PS_Ct_r03_2017_08_21_L001	22	29	1	0	1
HAMBI_0403_chrm01_circ_2754629	PS_Ct_r03_2017_08_21_L001	46	20	1	0	1
HAMBI_0403_chrm01_circ_2793634	PS_Ct_r03_2017_08_21_L001	46	18	1	0	1
HAMBI_0403_chrm01_circ_281980	PS_Ct_r03_2017_08_21_L001	45	20	1	0	1
HAMBI_0403_chrm01_circ_2888794	PS_Ct_r03_2017_08_21_L001	54	12	1	0	1
HAMBI_0403_chrm01_circ_292417	PS_Ct_r03_2017_08_21_L001	39	17	1	0	1
HAMBI_0403_chrm01_circ_2926993	PS_Ct_r03_2017_08_21_L001	48	10	1	0	1
HAMBI_0403_chrm01_circ_2930190	PS_Ct_r03_2017_08_21_L001	54	16	1	0	1
HAMBI_0403_chrm01_circ_2953973	PS_Ct_r03_2017_08_21_L001	44	16	1	0	1
HAMBI_0403_chrm01_circ_2957163	PS_Ct_r03_2017_08_21_L001	48	19	1	0	1
HAMBI_0403_chrm01_circ_2970233	PS_Ct_r03_2017_08_21_L001	42	23	1	0	1
HAMBI_0403_chrm01_circ_2992565	PS_Ct_r03_2017_08_21_L001	54	18	1	0	1
HAMBI_0403_chrm01_circ_2996524	PS_Ct_r03_2017_08_21_L001	51	7	1	0	1
HAMBI_0403_chrm01_circ_3087888	PS_Ct_r03_2017_08_21_L001	36	27	1	0	1
HAMBI_0403_chrm01_circ_3109922	PS_Ct_r03_2017_08_21_L001	60	8	1	0	1
HAMBI_0403_chrm01_circ_3118967	PS_Ct_r03_2017_08_21_L001	47	20	1	0	1
HAMBI_0403_chrm01_circ_3144725	PS_Ct_r03_2017_08_21_L001	62	19	1	0	1
HAMBI_0403_chrm01_circ_3149518	PS_Ct_r03_2017_08_21_L001	68	10	1	0	1
HAMBI_0403_chrm01_circ_3154053	PS_Ct_r03_2017_08_21_L001	50	17	1	0	1
HAMBI_0403_chrm01_circ_3211528	PS_Ct_r03_2017_08_21_L001	59	21	1	0	1
HAMBI_0403_chrm01_circ_3229165	PS_Ct_r03_2017_08_21_L001	57	10	1	0	1
HAMBI_0403_chrm01_circ_3250514	PS_Ct_r03_2017_08_21_L001	78	5	1	0	1
HAMBI_0403_chrm01_circ_3276660	PS_Ct_r03_2017_08_21_L001	40	40	1	0	1
HAMBI_0403_chrm01_circ_3281194	PS_Ct_r03_2017_08_21_L001	31	9	1	0	1
HAMBI_0403_chrm01_circ_3300154	PS_Ct_r03_2017_08_21_L001	57	14	1	0	1
HAMBI_0403_chrm01_circ_3322437	PS_Ct_r03_2017_08_21_L001	18	48	1	0	1
HAMBI_0403_chrm01_circ_3322622	PS_Ct_r03_2017_08_21_L001	54	34	1	0	1
HAMBI_0403_chrm01_circ_3329629	PS_Ct_r03_2017_08_21_L001	49	25	1	0	1
HAMBI_0403_chrm01_circ_338614	PS_Ct_r03_2017_08_21_L001	77	9	1	0	1
HAMBI_0403_chrm01_circ_3393687	PS_Ct_r03_2017_08_21_L001	51	9	1	0	1
HAMBI_0403_chrm01_circ_3394128	PS_Ct_r03_2017_08_21_L001	57	0	1	0	1
HAMBI_0403_chrm01_circ_3405266	PS_Ct_r03_2017_08_21_L001	39	25	1	0	1
HAMBI_0403_chrm01_circ_340602	PS_Ct_r03_2017_08_21_L001	55	3	1	0	1
HAMBI_0403_chrm01_circ_3418753	PS_Ct_r03_2017_08_21_L001	59	13	1	0	1
HAMBI_0403_chrm01_circ_3459098	PS_Ct_r03_2017_08_21_L001	102	6	1	0	1
HAMBI_0403_chrm01_circ_3460941	PS_Ct_r03_2017_08_21_L001	82	14	1	0	1
HAMBI_0403_chrm01_circ_3461599	PS_Ct_r03_2017_08_21_L001	61	14	1	0	1
HAMBI_0403_chrm01_circ_3489004	PS_Ct_r03_2017_08_21_L001	56	3	1	0	1
HAMBI_0403_chrm01_circ_355460	PS_Ct_r03_2017_08_21_L001	65	6	1	0	1
HAMBI_0403_chrm01_circ_3555176	PS_Ct_r03_2017_08_21_L001	19	63	1	0	1
HAMBI_0403_chrm01_circ_3560450	PS_Ct_r03_2017_08_21_L001	54	17	1	0	1
HAMBI_0403_chrm01_circ_3567764	PS_Ct_r03_2017_08_21_L001	57	17	1	0	1
HAMBI_0403_chrm01_circ_3601720	PS_Ct_r03_2017_08_21_L001	58	24	1	0	1
HAMBI_0403_chrm01_circ_360522	PS_Ct_r03_2017_08_21_L001	34	27	1	0	1
HAMBI_0403_chrm01_circ_3647008	PS_Ct_r03_2017_08_21_L001	46	22	1	0	1
HAMBI_0403_chrm01_circ_3652328	PS_Ct_r03_2017_08_21_L001	21	87	1	0	1
HAMBI_0403_chrm01_circ_3734676	PS_Ct_r03_2017_08_21_L001	57	29	1	0	1
HAMBI_0403_chrm01_circ_3808590	PS_Ct_r03_2017_08_21_L001	51	15	1	0	1
HAMBI_0403_chrm01_circ_3813095	PS_Ct_r03_2017_08_21_L001	75	8	1	0	1
HAMBI_0403_chrm01_circ_3832814	PS_Ct_r03_2017_08_21_L001	21	53	1	0	1
HAMBI_0403_chrm01_circ_3885292	PS_Ct_r03_2017_08_21_L001	62	25	1	0	1
HAMBI_0403_chrm01_circ_3900399	PS_Ct_r03_2017_08_21_L001	43	22	1	0	1
HAMBI_0403_chrm01_circ_3910589	PS_Ct_r03_2017_08_21_L001	83	0	1	0	1
HAMBI_0403_chrm01_circ_3911084	PS_Ct_r03_2017_08_21_L001	80	0	1	0	1
HAMBI_0403_chrm01_circ_3993103	PS_Ct_r03_2017_08_21_L001	62	7	1	0	1
HAMBI_0403_chrm01_circ_4025643	PS_Ct_r03_2017_08_21_L001	20	33	1	0	1
HAMBI_0403_chrm01_circ_4025652	PS_Ct_r03_2017_08_21_L001	21	33	1	0	1
HAMBI_0403_chrm01_circ_4025663	PS_Ct_r03_2017_08_21_L001	20	26	1	0	1
HAMBI_0403_chrm01_circ_4025670	PS_Ct_r03_2017_08_21_L001	16	20	1	0	1
HAMBI_0403_chrm01_circ_4025677	PS_Ct_r03_2017_08_21_L001	16	16	1	0	1
HAMBI_0403_chrm01_circ_4025698	PS_Ct_r03_2017_08_21_L001	14	11	1	0	1
HAMBI_0403_chrm01_circ_4025700	PS_Ct_r03_2017_08_21_L001	16	9	1	0	1
HAMBI_0403_chrm01_circ_4040615	PS_Ct_r03_2017_08_21_L001	43	18	1	0	1
HAMBI_0403_chrm01_circ_4047471	PS_Ct_r03_2017_08_21_L001	65	1	1	0	1
HAMBI_0403_chrm01_circ_4063903	PS_Ct_r03_2017_08_21_L001	42	18	1	0	1
HAMBI_0403_chrm01_circ_4082916	PS_Ct_r03_2017_08_21_L001	83	4	1	0	1
HAMBI_0403_chrm01_circ_4098318	PS_Ct_r03_2017_08_21_L001	30	39	1	0	1
HAMBI_0403_chrm01_circ_4111761	PS_Ct_r03_2017_08_21_L001	57	34	1	0	1
HAMBI_0403_chrm01_circ_4119675	PS_Ct_r03_2017_08_21_L001	89	0	1	0	1
HAMBI_0403_chrm01_circ_4204317	PS_Ct_r03_2017_08_21_L001	11	60	1	0	1
HAMBI_0403_chrm01_circ_4211806	PS_Ct_r03_2017_08_21_L001	54	24	1	0	1
HAMBI_0403_chrm01_circ_4225781	PS_Ct_r03_2017_08_21_L001	36	18	1	0	1
HAMBI_0403_chrm01_circ_4227635	PS_Ct_r03_2017_08_21_L001	70	3	1	0	1
HAMBI_0403_chrm01_circ_4252605	PS_Ct_r03_2017_08_21_L001	59	8	1	0	1
HAMBI_0403_chrm01_circ_4295930	PS_Ct_r03_2017_08_21_L001	52	14	1	0	1
HAMBI_0403_chrm01_circ_4332767	PS_Ct_r03_2017_08_21_L001	44	26	1	0	1
HAMBI_0403_chrm01_circ_434325	PS_Ct_r03_2017_08_21_L001	49	18	1	0	1
HAMBI_0403_chrm01_circ_4367530	PS_Ct_r03_2017_08_21_L001	57	17	1	0	1
HAMBI_0403_chrm01_circ_4378839	PS_Ct_r03_2017_08_21_L001	55	11	1	0	1
HAMBI_0403_chrm01_circ_4384070	PS_Ct_r03_2017_08_21_L001	48	20	1	0	1
HAMBI_0403_chrm01_circ_440957	PS_Ct_r03_2017_08_21_L001	69	11	1	0	1
HAMBI_0403_chrm01_circ_4424328	PS_Ct_r03_2017_08_21_L001	43	38	1	0	1
HAMBI_0403_chrm01_circ_4450072	PS_Ct_r03_2017_08_21_L001	40	16	1	0	1
HAMBI_0403_chrm01_circ_4483742	PS_Ct_r03_2017_08_21_L001	45	47	1	0	1
HAMBI_0403_chrm01_circ_4537667	PS_Ct_r03_2017_08_21_L001	57	19	1	0	1
HAMBI_0403_chrm01_circ_4568561	PS_Ct_r03_2017_08_21_L001	46	17	1	0	1
HAMBI_0403_chrm01_circ_4574843	PS_Ct_r03_2017_08_21_L001	42	18	1	0	1
HAMBI_0403_chrm01_circ_4597956	PS_Ct_r03_2017_08_21_L001	72	4	1	0	1
HAMBI_0403_chrm01_circ_4629677	PS_Ct_r03_2017_08_21_L001	39	12	1	0	1
HAMBI_0403_chrm01_circ_4750362	PS_Ct_r03_2017_08_21_L001	67	8	1	0	1
HAMBI_0403_chrm01_circ_4761505	PS_Ct_r03_2017_08_21_L001	20	0	1	0	1
HAMBI_0403_chrm01_circ_4792076	PS_Ct_r03_2017_08_21_L001	18	52	1	0	1
HAMBI_0403_chrm01_circ_4807897	PS_Ct_r03_2017_08_21_L001	72	2	1	0	1
HAMBI_0403_chrm01_circ_4807942	PS_Ct_r03_2017_08_21_L001	69	9	1	0	1
HAMBI_0403_chrm01_circ_4815800	PS_Ct_r03_2017_08_21_L001	38	28	1	0	1
HAMBI_0403_chrm01_circ_4827495	PS_Ct_r03_2017_08_21_L001	62	7	1	0	1
HAMBI_0403_chrm01_circ_4829007	PS_Ct_r03_2017_08_21_L001	79	24	1	0	1
HAMBI_0403_chrm01_circ_4829050	PS_Ct_r03_2017_08_21_L001	69	24	1	0	1
HAMBI_0403_chrm01_circ_4831235	PS_Ct_r03_2017_08_21_L001	70	8	1	0	1
HAMBI_0403_chrm01_circ_4893344	PS_Ct_r03_2017_08_21_L001	66	6	1	0	1
HAMBI_0403_chrm01_circ_4947683	PS_Ct_r03_2017_08_21_L001	53	21	1	0	1
HAMBI_0403_chrm01_circ_4968639	PS_Ct_r03_2017_08_21_L001	67	8	1	0	1
HAMBI_0403_chrm01_circ_4973982	PS_Ct_r03_2017_08_21_L001	64	24	1	0	1
HAMBI_0403_chrm01_circ_4994802	PS_Ct_r03_2017_08_21_L001	67	6	1	0	1
HAMBI_0403_chrm01_circ_500037	PS_Ct_r03_2017_08_21_L001	45	31	1	0	1
HAMBI_0403_chrm01_circ_5035898	PS_Ct_r03_2017_08_21_L001	54	8	1	0	1
HAMBI_0403_chrm01_circ_5041374	PS_Ct_r03_2017_08_21_L001	39	22	1	0	1
HAMBI_0403_chrm01_circ_5060025	PS_Ct_r03_2017_08_21_L001	57	17	1	0	1
HAMBI_0403_chrm01_circ_5074286	PS_Ct_r03_2017_08_21_L001	62	20	1	0	1
HAMBI_0403_chrm01_circ_5102598	PS_Ct_r03_2017_08_21_L001	50	25	1	0	1
HAMBI_0403_chrm01_circ_5106025	PS_Ct_r03_2017_08_21_L001	41	21	1	0	1
HAMBI_0403_chrm01_circ_5130785	PS_Ct_r03_2017_08_21_L001	64	6	1	0	1
HAMBI_0403_chrm01_circ_5165364	PS_Ct_r03_2017_08_21_L001	71	0	1	0	1
HAMBI_0403_chrm01_circ_5170782	PS_Ct_r03_2017_08_21_L001	80	0	1	0	1
HAMBI_0403_chrm01_circ_5191327	PS_Ct_r03_2017_08_21_L001	22	56	1	0	1
HAMBI_0403_chrm01_circ_5198807	PS_Ct_r03_2017_08_21_L001	43	26	1	0	1
HAMBI_0403_chrm01_circ_522539	PS_Ct_r03_2017_08_21_L001	60	0	1	0	1
HAMBI_0403_chrm01_circ_5277914	PS_Ct_r03_2017_08_21_L001	60	0	1	0	1
HAMBI_0403_chrm01_circ_5317143	PS_Ct_r03_2017_08_21_L001	62	20	1	0	1
HAMBI_0403_chrm01_circ_5369259	PS_Ct_r03_2017_08_21_L001	54	19	1	0	1
HAMBI_0403_chrm01_circ_5380330	PS_Ct_r03_2017_08_21_L001	50	11	1	0	1
HAMBI_0403_chrm01_circ_5387471	PS_Ct_r03_2017_08_21_L001	57	20	1	0	1
HAMBI_0403_chrm01_circ_5407887	PS_Ct_r03_2017_08_21_L001	64	30	1	0	1
HAMBI_0403_chrm01_circ_5435929	PS_Ct_r03_2017_08_21_L001	43	26	1	0	1
HAMBI_0403_chrm01_circ_5447164	PS_Ct_r03_2017_08_21_L001	58	12	1	0	1
HAMBI_0403_chrm01_circ_5448089	PS_Ct_r03_2017_08_21_L001	52	28	1	0	1
HAMBI_0403_chrm01_circ_5454777	PS_Ct_r03_2017_08_21_L001	60	22	1	0	1
HAMBI_0403_chrm01_circ_5466654	PS_Ct_r03_2017_08_21_L001	54	32	1	0	1
HAMBI_0403_chrm01_circ_5476119	PS_Ct_r03_2017_08_21_L001	70	16	1	0	1
HAMBI_0403_chrm01_circ_5571996	PS_Ct_r03_2017_08_21_L001	42	34	1	0	1
HAMBI_0403_chrm01_circ_5605380	PS_Ct_r03_2017_08_21_L001	53	10	1	0	1
HAMBI_0403_chrm01_circ_5649091	PS_Ct_r03_2017_08_21_L001	50	27	1	0	1
HAMBI_0403_chrm01_circ_5741782	PS_Ct_r03_2017_08_21_L001	36	15	1	0	1
HAMBI_0403_chrm01_circ_575080	PS_Ct_r03_2017_08_21_L001	56	20	1	0	1
HAMBI_0403_chrm01_circ_5775702	PS_Ct_r03_2017_08_21_L001	53	19	1	0	1
HAMBI_0403_chrm01_circ_61587	PS_Ct_r03_2017_08_21_L001	59	0	1	0	1
HAMBI_0403_chrm01_circ_673240	PS_Ct_r03_2017_08_21_L001	73	23	1	0	1
HAMBI_0403_chrm01_circ_674307	PS_Ct_r03_2017_08_21_L001	52	17	1	0	1
HAMBI_0403_chrm01_circ_674960	PS_Ct_r03_2017_08_21_L001	65	9	1	0	1
HAMBI_0403_chrm01_circ_693893	PS_Ct_r03_2017_08_21_L001	48	29	1	0	1
HAMBI_0403_chrm01_circ_698904	PS_Ct_r03_2017_08_21_L001	60	23	1	0	1
HAMBI_0403_chrm01_circ_70627	PS_Ct_r03_2017_08_21_L001	50	24	1	0	1
HAMBI_0403_chrm01_circ_736327	PS_Ct_r03_2017_08_21_L001	45	26	1	0	1
HAMBI_0403_chrm01_circ_755508	PS_Ct_r03_2017_08_21_L001	60	4	1	0	1
HAMBI_0403_chrm01_circ_759084	PS_Ct_r03_2017_08_21_L001	60	11	1	0	1
HAMBI_0403_chrm01_circ_78846	PS_Ct_r03_2017_08_21_L001	57	18	1	0	1
HAMBI_0403_chrm01_circ_790661	PS_Ct_r03_2017_08_21_L001	48	39	1	0	1
HAMBI_0403_chrm01_circ_808688	PS_Ct_r03_2017_08_21_L001	58	16	1	0	1
HAMBI_0403_chrm01_circ_814505	PS_Ct_r03_2017_08_21_L001	59	12	1	0	1
HAMBI_0403_chrm01_circ_823961	PS_Ct_r03_2017_08_21_L001	46	28	1	0	1
HAMBI_0403_chrm01_circ_83834	PS_Ct_r03_2017_08_21_L001	76	14	1	0	1
HAMBI_0403_chrm01_circ_868194	PS_Ct_r03_2017_08_21_L001	46	16	1	0	1
HAMBI_0403_chrm01_circ_905331	PS_Ct_r03_2017_08_21_L001	58	22	1	0	1
HAMBI_0403_chrm01_circ_928195	PS_Ct_r03_2017_08_21_L001	22	70	1	0	1
HAMBI_0403_chrm01_circ_946980	PS_Ct_r03_2017_08_21_L001	69	6	1	0	1
HAMBI_0403_chrm01_circ_955334	PS_Ct_r03_2017_08_21_L001	59	22	1	0	1
HAMBI_0403_chrm01_circ_958358	PS_Ct_r03_2017_08_21_L001	91	0	1	0	1
HAMBI_0403_chrm01_circ_958650	PS_Ct_r03_2017_08_21_L001	60	23	1	0	1
HAMBI_0403_chrm01_circ_96390	PS_Ct_r03_2017_08_21_L001	66	18	1	0	1
HAMBI_0403_chrm01_circ_99072	PS_Ct_r03_2017_08_21_L001	45	32	1	0	1
HAMBI_0403_chrm01_circ_99696	PS_Ct_r03_2017_08_21_L001	62	26	1	0	1
HAMBI_0403_plas01_circ_13169	PS_Ct_r03_2017_08_21_L001	105	14	1	0	1
HAMBI_0403_plas01_circ_31558	PS_Ct_r03_2017_08_21_L001	97	7	1	0	1
