mutation_id	sample_id	ref_counts	alt_counts	major_cn	minor_cn	normal_cn
PsFluSBW25_chrm01_circ_1095666	PS_Pf_r03_2017_01_09_L001	93	55	1	0	1
PsFluSBW25_chrm01_circ_1168746	PS_Pf_r03_2017_01_09_L001	132	0	1	0	1
PsFluSBW25_chrm01_circ_1183695	PS_Pf_r03_2017_01_09_L001	137	14	1	0	1
PsFluSBW25_chrm01_circ_1216959	PS_Pf_r03_2017_01_09_L001	95	37	1	0	1
PsFluSBW25_chrm01_circ_1223902	PS_Pf_r03_2017_01_09_L001	92	36	1	0	1
PsFluSBW25_chrm01_circ_1268939	PS_Pf_r03_2017_01_09_L001	99	43	1	0	1
PsFluSBW25_chrm01_circ_1276483	PS_Pf_r03_2017_01_09_L001	79	2	1	0	1
PsFluSBW25_chrm01_circ_1278375	PS_Pf_r03_2017_01_09_L001	123	1	1	0	1
PsFluSBW25_chrm01_circ_1279463	PS_Pf_r03_2017_01_09_L001	81	35	1	0	1
PsFluSBW25_chrm01_circ_1302422	PS_Pf_r03_2017_01_09_L001	67	42	1	0	1
PsFluSBW25_chrm01_circ_1305492	PS_Pf_r03_2017_01_09_L001	144	6	1	0	1
PsFluSBW25_chrm01_circ_130961	PS_Pf_r03_2017_01_09_L001	94	38	1	0	1
PsFluSBW25_chrm01_circ_1352002	PS_Pf_r03_2017_01_09_L001	82	1	1	0	1
PsFluSBW25_chrm01_circ_1358965	PS_Pf_r03_2017_01_09_L001	159	0	1	0	1
PsFluSBW25_chrm01_circ_1364472	PS_Pf_r03_2017_01_09_L001	126	1	1	0	1
PsFluSBW25_chrm01_circ_1375221	PS_Pf_r03_2017_01_09_L001	92	44	1	0	1
PsFluSBW25_chrm01_circ_1416341	PS_Pf_r03_2017_01_09_L001	102	40	1	0	1
PsFluSBW25_chrm01_circ_1452004	PS_Pf_r03_2017_01_09_L001	149	0	1	0	1
PsFluSBW25_chrm01_circ_1452810	PS_Pf_r03_2017_01_09_L001	96	10	1	0	1
PsFluSBW25_chrm01_circ_1480473	PS_Pf_r03_2017_01_09_L001	81	42	1	0	1
PsFluSBW25_chrm01_circ_1514552	PS_Pf_r03_2017_01_09_L001	85	0	1	0	1
PsFluSBW25_chrm01_circ_1680055	PS_Pf_r03_2017_01_09_L001	58	0	1	0	1
PsFluSBW25_chrm01_circ_1709973	PS_Pf_r03_2017_01_09_L001	95	38	1	0	1
PsFluSBW25_chrm01_circ_1756426	PS_Pf_r03_2017_01_09_L001	127	10	1	0	1
PsFluSBW25_chrm01_circ_1778554	PS_Pf_r03_2017_01_09_L001	83	46	1	0	1
PsFluSBW25_chrm01_circ_1785786	PS_Pf_r03_2017_01_09_L001	57	0	1	0	1
PsFluSBW25_chrm01_circ_1824623	PS_Pf_r03_2017_01_09_L001	104	28	1	0	1
PsFluSBW25_chrm01_circ_1867228	PS_Pf_r03_2017_01_09_L001	106	3	1	0	1
PsFluSBW25_chrm01_circ_1875122	PS_Pf_r03_2017_01_09_L001	87	40	1	0	1
PsFluSBW25_chrm01_circ_1890465	PS_Pf_r03_2017_01_09_L001	84	38	1	0	1
PsFluSBW25_chrm01_circ_1908691	PS_Pf_r03_2017_01_09_L001	134	1	1	0	1
PsFluSBW25_chrm01_circ_1933415	PS_Pf_r03_2017_01_09_L001	93	32	1	0	1
PsFluSBW25_chrm01_circ_1965357	PS_Pf_r03_2017_01_09_L001	107	7	1	0	1
PsFluSBW25_chrm01_circ_1986756	PS_Pf_r03_2017_01_09_L001	88	32	1	0	1
PsFluSBW25_chrm01_circ_2063410	PS_Pf_r03_2017_01_09_L001	121	0	1	0	1
PsFluSBW25_chrm01_circ_2085733	PS_Pf_r03_2017_01_09_L001	103	51	1	0	1
PsFluSBW25_chrm01_circ_213914	PS_Pf_r03_2017_01_09_L001	106	0	1	0	1
PsFluSBW25_chrm01_circ_2161074	PS_Pf_r03_2017_01_09_L001	117	5	1	0	1
PsFluSBW25_chrm01_circ_2163959	PS_Pf_r03_2017_01_09_L001	92	48	1	0	1
PsFluSBW25_chrm01_circ_2167977	PS_Pf_r03_2017_01_09_L001	144	3	1	0	1
PsFluSBW25_chrm01_circ_2198957	PS_Pf_r03_2017_01_09_L001	110	25	1	0	1
PsFluSBW25_chrm01_circ_2244095	PS_Pf_r03_2017_01_09_L001	104	52	1	0	1
PsFluSBW25_chrm01_circ_2402212	PS_Pf_r03_2017_01_09_L001	84	53	1	0	1
PsFluSBW25_chrm01_circ_2453173	PS_Pf_r03_2017_01_09_L001	89	45	1	0	1
PsFluSBW25_chrm01_circ_2480284	PS_Pf_r03_2017_01_09_L001	133	0	1	0	1
PsFluSBW25_chrm01_circ_2533947	PS_Pf_r03_2017_01_09_L001	70	4	1	0	1
PsFluSBW25_chrm01_circ_2564357	PS_Pf_r03_2017_01_09_L001	120	2	1	0	1
PsFluSBW25_chrm01_circ_2692036	PS_Pf_r03_2017_01_09_L001	115	0	1	0	1
PsFluSBW25_chrm01_circ_2748923	PS_Pf_r03_2017_01_09_L001	110	0	1	0	1
PsFluSBW25_chrm01_circ_2766944	PS_Pf_r03_2017_01_09_L001	103	34	1	0	1
PsFluSBW25_chrm01_circ_2776101	PS_Pf_r03_2017_01_09_L001	71	39	1	0	1
PsFluSBW25_chrm01_circ_2844380	PS_Pf_r03_2017_01_09_L001	125	0	1	0	1
PsFluSBW25_chrm01_circ_2857080	PS_Pf_r03_2017_01_09_L001	17	9	1	0	1
PsFluSBW25_chrm01_circ_2948899	PS_Pf_r03_2017_01_09_L001	82	41	1	0	1
PsFluSBW25_chrm01_circ_2986589	PS_Pf_r03_2017_01_09_L001	156	6	1	0	1
PsFluSBW25_chrm01_circ_3046319	PS_Pf_r03_2017_01_09_L001	135	8	1	0	1
PsFluSBW25_chrm01_circ_3049960	PS_Pf_r03_2017_01_09_L001	109	32	1	0	1
PsFluSBW25_chrm01_circ_3301933	PS_Pf_r03_2017_01_09_L001	112	30	1	0	1
PsFluSBW25_chrm01_circ_3332858	PS_Pf_r03_2017_01_09_L001	94	54	1	0	1
PsFluSBW25_chrm01_circ_3351598	PS_Pf_r03_2017_01_09_L001	87	41	1	0	1
PsFluSBW25_chrm01_circ_342397	PS_Pf_r03_2017_01_09_L001	147	0	1	0	1
PsFluSBW25_chrm01_circ_3436927	PS_Pf_r03_2017_01_09_L001	98	49	1	0	1
PsFluSBW25_chrm01_circ_3456540	PS_Pf_r03_2017_01_09_L001	80	36	1	0	1
PsFluSBW25_chrm01_circ_349255	PS_Pf_r03_2017_01_09_L001	50	43	1	0	1
PsFluSBW25_chrm01_circ_37125	PS_Pf_r03_2017_01_09_L001	101	10	1	0	1
PsFluSBW25_chrm01_circ_3798211	PS_Pf_r03_2017_01_09_L001	78	37	1	0	1
PsFluSBW25_chrm01_circ_3838961	PS_Pf_r03_2017_01_09_L001	124	2	1	0	1
PsFluSBW25_chrm01_circ_3845100	PS_Pf_r03_2017_01_09_L001	77	35	1	0	1
PsFluSBW25_chrm01_circ_388609	PS_Pf_r03_2017_01_09_L001	82	42	1	0	1
PsFluSBW25_chrm01_circ_3886700	PS_Pf_r03_2017_01_09_L001	141	0	1	0	1
PsFluSBW25_chrm01_circ_4048876	PS_Pf_r03_2017_01_09_L001	136	0	1	0	1
PsFluSBW25_chrm01_circ_4062482	PS_Pf_r03_2017_01_09_L001	90	38	1	0	1
PsFluSBW25_chrm01_circ_407561	PS_Pf_r03_2017_01_09_L001	115	0	1	0	1
PsFluSBW25_chrm01_circ_4120561	PS_Pf_r03_2017_01_09_L001	77	44	1	0	1
PsFluSBW25_chrm01_circ_4155053	PS_Pf_r03_2017_01_09_L001	156	0	1	0	1
PsFluSBW25_chrm01_circ_4180044	PS_Pf_r03_2017_01_09_L001	66	39	1	0	1
PsFluSBW25_chrm01_circ_4203626	PS_Pf_r03_2017_01_09_L001	148	0	1	0	1
PsFluSBW25_chrm01_circ_425448	PS_Pf_r03_2017_01_09_L001	112	52	1	0	1
PsFluSBW25_chrm01_circ_4337542	PS_Pf_r03_2017_01_09_L001	103	48	1	0	1
PsFluSBW25_chrm01_circ_4368075	PS_Pf_r03_2017_01_09_L001	98	6	1	0	1
PsFluSBW25_chrm01_circ_441863	PS_Pf_r03_2017_01_09_L001	92	0	1	0	1
PsFluSBW25_chrm01_circ_4487200	PS_Pf_r03_2017_01_09_L001	137	1	1	0	1
PsFluSBW25_chrm01_circ_4522227	PS_Pf_r03_2017_01_09_L001	76	1	1	0	1
PsFluSBW25_chrm01_circ_4528974	PS_Pf_r03_2017_01_09_L001	91	46	1	0	1
PsFluSBW25_chrm01_circ_4566022	PS_Pf_r03_2017_01_09_L001	133	0	1	0	1
PsFluSBW25_chrm01_circ_4592386	PS_Pf_r03_2017_01_09_L001	120	1	1	0	1
PsFluSBW25_chrm01_circ_4595167	PS_Pf_r03_2017_01_09_L001	103	51	1	0	1
PsFluSBW25_chrm01_circ_4616287	PS_Pf_r03_2017_01_09_L001	119	1	1	0	1
PsFluSBW25_chrm01_circ_4644415	PS_Pf_r03_2017_01_09_L001	81	0	1	0	1
PsFluSBW25_chrm01_circ_4645653	PS_Pf_r03_2017_01_09_L001	128	0	1	0	1
PsFluSBW25_chrm01_circ_4697010	PS_Pf_r03_2017_01_09_L001	111	1	1	0	1
PsFluSBW25_chrm01_circ_470121	PS_Pf_r03_2017_01_09_L001	122	31	1	0	1
PsFluSBW25_chrm01_circ_4748517	PS_Pf_r03_2017_01_09_L001	86	37	1	0	1
PsFluSBW25_chrm01_circ_4751880	PS_Pf_r03_2017_01_09_L001	131	1	1	0	1
PsFluSBW25_chrm01_circ_4752384	PS_Pf_r03_2017_01_09_L001	104	29	1	0	1
PsFluSBW25_chrm01_circ_4803873	PS_Pf_r03_2017_01_09_L001	107	0	1	0	1
PsFluSBW25_chrm01_circ_4812193	PS_Pf_r03_2017_01_09_L001	93	30	1	0	1
PsFluSBW25_chrm01_circ_4872719	PS_Pf_r03_2017_01_09_L001	67	42	1	0	1
PsFluSBW25_chrm01_circ_4881730	PS_Pf_r03_2017_01_09_L001	97	36	1	0	1
PsFluSBW25_chrm01_circ_4931039	PS_Pf_r03_2017_01_09_L001	74	49	1	0	1
PsFluSBW25_chrm01_circ_4939038	PS_Pf_r03_2017_01_09_L001	87	49	1	0	1
PsFluSBW25_chrm01_circ_4941675	PS_Pf_r03_2017_01_09_L001	127	0	1	0	1
PsFluSBW25_chrm01_circ_4976801	PS_Pf_r03_2017_01_09_L001	46	0	1	0	1
PsFluSBW25_chrm01_circ_5004622	PS_Pf_r03_2017_01_09_L001	69	35	1	0	1
PsFluSBW25_chrm01_circ_5057411	PS_Pf_r03_2017_01_09_L001	105	0	1	0	1
PsFluSBW25_chrm01_circ_5068086	PS_Pf_r03_2017_01_09_L001	147	2	1	0	1
PsFluSBW25_chrm01_circ_5070696	PS_Pf_r03_2017_01_09_L001	125	0	1	0	1
PsFluSBW25_chrm01_circ_5088445	PS_Pf_r03_2017_01_09_L001	136	0	1	0	1
PsFluSBW25_chrm01_circ_5090218	PS_Pf_r03_2017_01_09_L001	96	22	1	0	1
PsFluSBW25_chrm01_circ_5098798	PS_Pf_r03_2017_01_09_L001	118	0	1	0	1
PsFluSBW25_chrm01_circ_5125224	PS_Pf_r03_2017_01_09_L001	77	27	1	0	1
PsFluSBW25_chrm01_circ_5139833	PS_Pf_r03_2017_01_09_L001	93	40	1	0	1
PsFluSBW25_chrm01_circ_514009	PS_Pf_r03_2017_01_09_L001	103	22	1	0	1
PsFluSBW25_chrm01_circ_5176227	PS_Pf_r03_2017_01_09_L001	123	3	1	0	1
PsFluSBW25_chrm01_circ_5177634	PS_Pf_r03_2017_01_09_L001	88	39	1	0	1
PsFluSBW25_chrm01_circ_5229842	PS_Pf_r03_2017_01_09_L001	48	0	1	0	1
PsFluSBW25_chrm01_circ_5229846	PS_Pf_r03_2017_01_09_L001	50	0	1	0	1
PsFluSBW25_chrm01_circ_5229848	PS_Pf_r03_2017_01_09_L001	49	0	1	0	1
PsFluSBW25_chrm01_circ_528492	PS_Pf_r03_2017_01_09_L001	120	0	1	0	1
PsFluSBW25_chrm01_circ_5306363	PS_Pf_r03_2017_01_09_L001	141	4	1	0	1
PsFluSBW25_chrm01_circ_531839	PS_Pf_r03_2017_01_09_L001	130	0	1	0	1
PsFluSBW25_chrm01_circ_5357118	PS_Pf_r03_2017_01_09_L001	85	36	1	0	1
PsFluSBW25_chrm01_circ_5396337	PS_Pf_r03_2017_01_09_L001	136	0	1	0	1
PsFluSBW25_chrm01_circ_5408499	PS_Pf_r03_2017_01_09_L001	62	2	1	0	1
PsFluSBW25_chrm01_circ_5468527	PS_Pf_r03_2017_01_09_L001	144	1	1	0	1
PsFluSBW25_chrm01_circ_5486155	PS_Pf_r03_2017_01_09_L001	118	0	1	0	1
PsFluSBW25_chrm01_circ_5516969	PS_Pf_r03_2017_01_09_L001	142	5	1	0	1
PsFluSBW25_chrm01_circ_5524086	PS_Pf_r03_2017_01_09_L001	52	0	1	0	1
PsFluSBW25_chrm01_circ_5534536	PS_Pf_r03_2017_01_09_L001	75	31	1	0	1
PsFluSBW25_chrm01_circ_5567439	PS_Pf_r03_2017_01_09_L001	114	0	1	0	1
PsFluSBW25_chrm01_circ_5624304	PS_Pf_r03_2017_01_09_L001	130	0	1	0	1
PsFluSBW25_chrm01_circ_5667496	PS_Pf_r03_2017_01_09_L001	142	0	1	0	1
PsFluSBW25_chrm01_circ_5671868	PS_Pf_r03_2017_01_09_L001	120	11	1	0	1
PsFluSBW25_chrm01_circ_5689413	PS_Pf_r03_2017_01_09_L001	91	61	1	0	1
PsFluSBW25_chrm01_circ_5709997	PS_Pf_r03_2017_01_09_L001	124	0	1	0	1
PsFluSBW25_chrm01_circ_5715825	PS_Pf_r03_2017_01_09_L001	144	0	1	0	1
PsFluSBW25_chrm01_circ_5716515	PS_Pf_r03_2017_01_09_L001	72	28	1	0	1
PsFluSBW25_chrm01_circ_5738290	PS_Pf_r03_2017_01_09_L001	79	38	1	0	1
PsFluSBW25_chrm01_circ_574868	PS_Pf_r03_2017_01_09_L001	159	0	1	0	1
PsFluSBW25_chrm01_circ_5826120	PS_Pf_r03_2017_01_09_L001	148	0	1	0	1
PsFluSBW25_chrm01_circ_5847593	PS_Pf_r03_2017_01_09_L001	89	44	1	0	1
PsFluSBW25_chrm01_circ_5847773	PS_Pf_r03_2017_01_09_L001	135	9	1	0	1
PsFluSBW25_chrm01_circ_5857442	PS_Pf_r03_2017_01_09_L001	140	0	1	0	1
PsFluSBW25_chrm01_circ_5857775	PS_Pf_r03_2017_01_09_L001	84	33	1	0	1
PsFluSBW25_chrm01_circ_5960908	PS_Pf_r03_2017_01_09_L001	151	0	1	0	1
PsFluSBW25_chrm01_circ_5967294	PS_Pf_r03_2017_01_09_L001	114	44	1	0	1
PsFluSBW25_chrm01_circ_5971715	PS_Pf_r03_2017_01_09_L001	85	41	1	0	1
PsFluSBW25_chrm01_circ_6079939	PS_Pf_r03_2017_01_09_L001	96	23	1	0	1
PsFluSBW25_chrm01_circ_6108733	PS_Pf_r03_2017_01_09_L001	96	44	1	0	1
PsFluSBW25_chrm01_circ_6154345	PS_Pf_r03_2017_01_09_L001	126	16	1	0	1
PsFluSBW25_chrm01_circ_6162469	PS_Pf_r03_2017_01_09_L001	127	0	1	0	1
PsFluSBW25_chrm01_circ_6193873	PS_Pf_r03_2017_01_09_L001	43	4	1	0	1
PsFluSBW25_chrm01_circ_6249985	PS_Pf_r03_2017_01_09_L001	119	0	1	0	1
PsFluSBW25_chrm01_circ_6280393	PS_Pf_r03_2017_01_09_L001	100	48	1	0	1
PsFluSBW25_chrm01_circ_6396367	PS_Pf_r03_2017_01_09_L001	35	0	1	0	1
PsFluSBW25_chrm01_circ_6446610	PS_Pf_r03_2017_01_09_L001	57	0	1	0	1
PsFluSBW25_chrm01_circ_6456835	PS_Pf_r03_2017_01_09_L001	106	22	1	0	1
PsFluSBW25_chrm01_circ_6457857	PS_Pf_r03_2017_01_09_L001	93	48	1	0	1
PsFluSBW25_chrm01_circ_650867	PS_Pf_r03_2017_01_09_L001	86	46	1	0	1
PsFluSBW25_chrm01_circ_6518389	PS_Pf_r03_2017_01_09_L001	78	19	1	0	1
PsFluSBW25_chrm01_circ_721709	PS_Pf_r03_2017_01_09_L001	93	37	1	0	1
PsFluSBW25_chrm01_circ_738710	PS_Pf_r03_2017_01_09_L001	128	0	1	0	1
PsFluSBW25_chrm01_circ_789548	PS_Pf_r03_2017_01_09_L001	123	0	1	0	1
PsFluSBW25_chrm01_circ_825120	PS_Pf_r03_2017_01_09_L001	95	47	1	0	1
PsFluSBW25_chrm01_circ_839909	PS_Pf_r03_2017_01_09_L001	93	55	1	0	1
PsFluSBW25_chrm01_circ_847781	PS_Pf_r03_2017_01_09_L001	124	0	1	0	1
PsFluSBW25_chrm01_circ_866943	PS_Pf_r03_2017_01_09_L001	67	29	1	0	1
PsFluSBW25_chrm01_circ_895493	PS_Pf_r03_2017_01_09_L001	84	25	1	0	1
PsFluSBW25_chrm01_circ_90695	PS_Pf_r03_2017_01_09_L001	112	15	1	0	1
PsFluSBW25_chrm01_circ_927323	PS_Pf_r03_2017_01_09_L001	137	0	1	0	1
PsFluSBW25_chrm01_circ_927626	PS_Pf_r03_2017_01_09_L001	146	0	1	0	1
PsFluSBW25_chrm01_circ_929036	PS_Pf_r03_2017_01_09_L001	118	54	1	0	1
PsFluSBW25_chrm01_circ_929543	PS_Pf_r03_2017_01_09_L001	176	22	1	0	1
PsFluSBW25_chrm01_circ_935922	PS_Pf_r03_2017_01_09_L001	122	4	1	0	1
PsFluSBW25_chrm01_circ_935928	PS_Pf_r03_2017_01_09_L001	124	4	1	0	1
PsFluSBW25_chrm01_circ_936093	PS_Pf_r03_2017_01_09_L001	106	53	1	0	1
PsFluSBW25_chrm01_circ_95741	PS_Pf_r03_2017_01_09_L001	102	0	1	0	1
PsFluSBW25_chrm01_circ_963620	PS_Pf_r03_2017_01_09_L001	107	45	1	0	1
PsFluSBW25_chrm01_circ_994031	PS_Pf_r03_2017_01_09_L001	124	0	1	0	1
PsFluSBW25_chrm01_circ_994471	PS_Pf_r03_2017_01_09_L001	98	17	1	0	1
PsFluSBW25_chrm01_circ_1095666	Pf_BP_3_D112_S46_L001-L004_merged	32	0	1	0	1
PsFluSBW25_chrm01_circ_1168746	Pf_BP_3_D112_S46_L001-L004_merged	45	0	1	0	1
PsFluSBW25_chrm01_circ_1183695	Pf_BP_3_D112_S46_L001-L004_merged	18	0	1	0	1
PsFluSBW25_chrm01_circ_1216959	Pf_BP_3_D112_S46_L001-L004_merged	18	0	1	0	1
PsFluSBW25_chrm01_circ_1223902	Pf_BP_3_D112_S46_L001-L004_merged	34	0	1	0	1
PsFluSBW25_chrm01_circ_1268939	Pf_BP_3_D112_S46_L001-L004_merged	25	0	1	0	1
PsFluSBW25_chrm01_circ_1276483	Pf_BP_3_D112_S46_L001-L004_merged	6	0	1	0	1
PsFluSBW25_chrm01_circ_1278375	Pf_BP_3_D112_S46_L001-L004_merged	33	0	1	0	1
PsFluSBW25_chrm01_circ_1279463	Pf_BP_3_D112_S46_L001-L004_merged	32	0	1	0	1
PsFluSBW25_chrm01_circ_1302422	Pf_BP_3_D112_S46_L001-L004_merged	23	0	1	0	1
PsFluSBW25_chrm01_circ_1305492	Pf_BP_3_D112_S46_L001-L004_merged	26	0	1	0	1
PsFluSBW25_chrm01_circ_130961	Pf_BP_3_D112_S46_L001-L004_merged	21	0	1	0	1
PsFluSBW25_chrm01_circ_1352002	Pf_BP_3_D112_S46_L001-L004_merged	3	0	1	0	1
PsFluSBW25_chrm01_circ_1358965	Pf_BP_3_D112_S46_L001-L004_merged	15	22	1	0	1
PsFluSBW25_chrm01_circ_1364472	Pf_BP_3_D112_S46_L001-L004_merged	30	0	1	0	1
PsFluSBW25_chrm01_circ_1375221	Pf_BP_3_D112_S46_L001-L004_merged	18	0	1	0	1
PsFluSBW25_chrm01_circ_1416341	Pf_BP_3_D112_S46_L001-L004_merged	20	0	1	0	1
PsFluSBW25_chrm01_circ_1452004	Pf_BP_3_D112_S46_L001-L004_merged	26	0	1	0	1
PsFluSBW25_chrm01_circ_1452810	Pf_BP_3_D112_S46_L001-L004_merged	9	0	1	0	1
PsFluSBW25_chrm01_circ_1480473	Pf_BP_3_D112_S46_L001-L004_merged	17	0	1	0	1
PsFluSBW25_chrm01_circ_1514552	Pf_BP_3_D112_S46_L001-L004_merged	11	0	1	0	1
PsFluSBW25_chrm01_circ_1680055	Pf_BP_3_D112_S46_L001-L004_merged	9	0	1	0	1
PsFluSBW25_chrm01_circ_1709973	Pf_BP_3_D112_S46_L001-L004_merged	25	0	1	0	1
PsFluSBW25_chrm01_circ_1756426	Pf_BP_3_D112_S46_L001-L004_merged	30	0	1	0	1
PsFluSBW25_chrm01_circ_1778554	Pf_BP_3_D112_S46_L001-L004_merged	27	0	1	0	1
PsFluSBW25_chrm01_circ_1785786	Pf_BP_3_D112_S46_L001-L004_merged	8	0	1	0	1
PsFluSBW25_chrm01_circ_1824623	Pf_BP_3_D112_S46_L001-L004_merged	28	7	1	0	1
PsFluSBW25_chrm01_circ_1867228	Pf_BP_3_D112_S46_L001-L004_merged	21	0	1	0	1
PsFluSBW25_chrm01_circ_1875122	Pf_BP_3_D112_S46_L001-L004_merged	24	0	1	0	1
PsFluSBW25_chrm01_circ_1890465	Pf_BP_3_D112_S46_L001-L004_merged	20	0	1	0	1
PsFluSBW25_chrm01_circ_1908691	Pf_BP_3_D112_S46_L001-L004_merged	27	0	1	0	1
PsFluSBW25_chrm01_circ_1933415	Pf_BP_3_D112_S46_L001-L004_merged	20	0	1	0	1
PsFluSBW25_chrm01_circ_1965357	Pf_BP_3_D112_S46_L001-L004_merged	16	0	1	0	1
PsFluSBW25_chrm01_circ_1986756	Pf_BP_3_D112_S46_L001-L004_merged	24	0	1	0	1
PsFluSBW25_chrm01_circ_2063410	Pf_BP_3_D112_S46_L001-L004_merged	19	0	1	0	1
PsFluSBW25_chrm01_circ_2085733	Pf_BP_3_D112_S46_L001-L004_merged	31	0	1	0	1
PsFluSBW25_chrm01_circ_213914	Pf_BP_3_D112_S46_L001-L004_merged	12	0	1	0	1
PsFluSBW25_chrm01_circ_2161074	Pf_BP_3_D112_S46_L001-L004_merged	25	0	1	0	1
PsFluSBW25_chrm01_circ_2163959	Pf_BP_3_D112_S46_L001-L004_merged	34	0	1	0	1
PsFluSBW25_chrm01_circ_2167977	Pf_BP_3_D112_S46_L001-L004_merged	34	0	1	0	1
PsFluSBW25_chrm01_circ_2198957	Pf_BP_3_D112_S46_L001-L004_merged	35	0	1	0	1
PsFluSBW25_chrm01_circ_2244095	Pf_BP_3_D112_S46_L001-L004_merged	36	0	1	0	1
PsFluSBW25_chrm01_circ_2402212	Pf_BP_3_D112_S46_L001-L004_merged	26	0	1	0	1
PsFluSBW25_chrm01_circ_2453173	Pf_BP_3_D112_S46_L001-L004_merged	19	0	1	0	1
PsFluSBW25_chrm01_circ_2480284	Pf_BP_3_D112_S46_L001-L004_merged	35	0	1	0	1
PsFluSBW25_chrm01_circ_2533947	Pf_BP_3_D112_S46_L001-L004_merged	5	0	1	0	1
PsFluSBW25_chrm01_circ_2564357	Pf_BP_3_D112_S46_L001-L004_merged	25	0	1	0	1
PsFluSBW25_chrm01_circ_2692036	Pf_BP_3_D112_S46_L001-L004_merged	22	0	1	0	1
PsFluSBW25_chrm01_circ_2748923	Pf_BP_3_D112_S46_L001-L004_merged	34	0	1	0	1
PsFluSBW25_chrm01_circ_2766944	Pf_BP_3_D112_S46_L001-L004_merged	32	0	1	0	1
PsFluSBW25_chrm01_circ_2776101	Pf_BP_3_D112_S46_L001-L004_merged	52	0	1	0	1
PsFluSBW25_chrm01_circ_2844380	Pf_BP_3_D112_S46_L001-L004_merged	31	0	1	0	1
PsFluSBW25_chrm01_circ_2857080	Pf_BP_3_D112_S46_L001-L004_merged	8	0	1	0	1
PsFluSBW25_chrm01_circ_2948899	Pf_BP_3_D112_S46_L001-L004_merged	31	0	1	0	1
PsFluSBW25_chrm01_circ_2986589	Pf_BP_3_D112_S46_L001-L004_merged	31	0	1	0	1
PsFluSBW25_chrm01_circ_3046319	Pf_BP_3_D112_S46_L001-L004_merged	19	0	1	0	1
PsFluSBW25_chrm01_circ_3049960	Pf_BP_3_D112_S46_L001-L004_merged	26	0	1	0	1
PsFluSBW25_chrm01_circ_3301933	Pf_BP_3_D112_S46_L001-L004_merged	24	0	1	0	1
PsFluSBW25_chrm01_circ_3332858	Pf_BP_3_D112_S46_L001-L004_merged	22	0	1	0	1
PsFluSBW25_chrm01_circ_3351598	Pf_BP_3_D112_S46_L001-L004_merged	24	0	1	0	1
PsFluSBW25_chrm01_circ_342397	Pf_BP_3_D112_S46_L001-L004_merged	28	0	1	0	1
PsFluSBW25_chrm01_circ_3436927	Pf_BP_3_D112_S46_L001-L004_merged	15	0	1	0	1
PsFluSBW25_chrm01_circ_3456540	Pf_BP_3_D112_S46_L001-L004_merged	29	0	1	0	1
PsFluSBW25_chrm01_circ_349255	Pf_BP_3_D112_S46_L001-L004_merged	10	0	1	0	1
PsFluSBW25_chrm01_circ_37125	Pf_BP_3_D112_S46_L001-L004_merged	10	0	1	0	1
PsFluSBW25_chrm01_circ_3798211	Pf_BP_3_D112_S46_L001-L004_merged	31	0	1	0	1
PsFluSBW25_chrm01_circ_3838961	Pf_BP_3_D112_S46_L001-L004_merged	34	0	1	0	1
PsFluSBW25_chrm01_circ_3845100	Pf_BP_3_D112_S46_L001-L004_merged	38	0	1	0	1
PsFluSBW25_chrm01_circ_388609	Pf_BP_3_D112_S46_L001-L004_merged	18	0	1	0	1
PsFluSBW25_chrm01_circ_3886700	Pf_BP_3_D112_S46_L001-L004_merged	25	0	1	0	1
PsFluSBW25_chrm01_circ_4048876	Pf_BP_3_D112_S46_L001-L004_merged	14	0	1	0	1
PsFluSBW25_chrm01_circ_4062482	Pf_BP_3_D112_S46_L001-L004_merged	31	0	1	0	1
PsFluSBW25_chrm01_circ_407561	Pf_BP_3_D112_S46_L001-L004_merged	21	0	1	0	1
PsFluSBW25_chrm01_circ_4120561	Pf_BP_3_D112_S46_L001-L004_merged	29	0	1	0	1
PsFluSBW25_chrm01_circ_4155053	Pf_BP_3_D112_S46_L001-L004_merged	26	0	1	0	1
PsFluSBW25_chrm01_circ_4180044	Pf_BP_3_D112_S46_L001-L004_merged	31	0	1	0	1
PsFluSBW25_chrm01_circ_4203626	Pf_BP_3_D112_S46_L001-L004_merged	24	0	1	0	1
PsFluSBW25_chrm01_circ_425448	Pf_BP_3_D112_S46_L001-L004_merged	22	0	1	0	1
PsFluSBW25_chrm01_circ_4337542	Pf_BP_3_D112_S46_L001-L004_merged	25	0	1	0	1
PsFluSBW25_chrm01_circ_4368075	Pf_BP_3_D112_S46_L001-L004_merged	25	0	1	0	1
PsFluSBW25_chrm01_circ_441863	Pf_BP_3_D112_S46_L001-L004_merged	19	0	1	0	1
PsFluSBW25_chrm01_circ_4487200	Pf_BP_3_D112_S46_L001-L004_merged	30	0	1	0	1
PsFluSBW25_chrm01_circ_4522227	Pf_BP_3_D112_S46_L001-L004_merged	18	0	1	0	1
PsFluSBW25_chrm01_circ_4528974	Pf_BP_3_D112_S46_L001-L004_merged	29	0	1	0	1
PsFluSBW25_chrm01_circ_4566022	Pf_BP_3_D112_S46_L001-L004_merged	23	0	1	0	1
PsFluSBW25_chrm01_circ_4592386	Pf_BP_3_D112_S46_L001-L004_merged	15	0	1	0	1
PsFluSBW25_chrm01_circ_4595167	Pf_BP_3_D112_S46_L001-L004_merged	23	0	1	0	1
PsFluSBW25_chrm01_circ_4616287	Pf_BP_3_D112_S46_L001-L004_merged	28	0	1	0	1
PsFluSBW25_chrm01_circ_4644415	Pf_BP_3_D112_S46_L001-L004_merged	8	0	1	0	1
PsFluSBW25_chrm01_circ_4645653	Pf_BP_3_D112_S46_L001-L004_merged	22	0	1	0	1
PsFluSBW25_chrm01_circ_4697010	Pf_BP_3_D112_S46_L001-L004_merged	5	0	1	0	1
PsFluSBW25_chrm01_circ_470121	Pf_BP_3_D112_S46_L001-L004_merged	41	0	1	0	1
PsFluSBW25_chrm01_circ_4748517	Pf_BP_3_D112_S46_L001-L004_merged	24	0	1	0	1
PsFluSBW25_chrm01_circ_4751880	Pf_BP_3_D112_S46_L001-L004_merged	35	0	1	0	1
PsFluSBW25_chrm01_circ_4752384	Pf_BP_3_D112_S46_L001-L004_merged	27	0	1	0	1
PsFluSBW25_chrm01_circ_4803873	Pf_BP_3_D112_S46_L001-L004_merged	25	0	1	0	1
PsFluSBW25_chrm01_circ_4812193	Pf_BP_3_D112_S46_L001-L004_merged	27	0	1	0	1
PsFluSBW25_chrm01_circ_4872719	Pf_BP_3_D112_S46_L001-L004_merged	23	0	1	0	1
PsFluSBW25_chrm01_circ_4881730	Pf_BP_3_D112_S46_L001-L004_merged	30	0	1	0	1
PsFluSBW25_chrm01_circ_4931039	Pf_BP_3_D112_S46_L001-L004_merged	17	0	1	0	1
PsFluSBW25_chrm01_circ_4939038	Pf_BP_3_D112_S46_L001-L004_merged	23	0	1	0	1
PsFluSBW25_chrm01_circ_4941675	Pf_BP_3_D112_S46_L001-L004_merged	26	0	1	0	1
PsFluSBW25_chrm01_circ_4976801	Pf_BP_3_D112_S46_L001-L004_merged	8	0	1	0	1
PsFluSBW25_chrm01_circ_5004622	Pf_BP_3_D112_S46_L001-L004_merged	31	0	1	0	1
PsFluSBW25_chrm01_circ_5057411	Pf_BP_3_D112_S46_L001-L004_merged	18	0	1	0	1
PsFluSBW25_chrm01_circ_5068086	Pf_BP_3_D112_S46_L001-L004_merged	22	0	1	0	1
PsFluSBW25_chrm01_circ_5070696	Pf_BP_3_D112_S46_L001-L004_merged	23	0	1	0	1
PsFluSBW25_chrm01_circ_5088445	Pf_BP_3_D112_S46_L001-L004_merged	14	0	1	0	1
PsFluSBW25_chrm01_circ_5090218	Pf_BP_3_D112_S46_L001-L004_merged	24	0	1	0	1
PsFluSBW25_chrm01_circ_5098798	Pf_BP_3_D112_S46_L001-L004_merged	20	0	1	0	1
PsFluSBW25_chrm01_circ_5125224	Pf_BP_3_D112_S46_L001-L004_merged	16	0	1	0	1
PsFluSBW25_chrm01_circ_5139833	Pf_BP_3_D112_S46_L001-L004_merged	21	0	1	0	1
PsFluSBW25_chrm01_circ_514009	Pf_BP_3_D112_S46_L001-L004_merged	25	0	1	0	1
PsFluSBW25_chrm01_circ_5176227	Pf_BP_3_D112_S46_L001-L004_merged	34	0	1	0	1
PsFluSBW25_chrm01_circ_5177634	Pf_BP_3_D112_S46_L001-L004_merged	29	0	1	0	1
PsFluSBW25_chrm01_circ_5229842	Pf_BP_3_D112_S46_L001-L004_merged	4	2	1	0	1
PsFluSBW25_chrm01_circ_5229846	Pf_BP_3_D112_S46_L001-L004_merged	4	2	1	0	1
PsFluSBW25_chrm01_circ_5229848	Pf_BP_3_D112_S46_L001-L004_merged	4	2	1	0	1
PsFluSBW25_chrm01_circ_528492	Pf_BP_3_D112_S46_L001-L004_merged	22	0	1	0	1
PsFluSBW25_chrm01_circ_5306363	Pf_BP_3_D112_S46_L001-L004_merged	17	0	1	0	1
PsFluSBW25_chrm01_circ_531839	Pf_BP_3_D112_S46_L001-L004_merged	20	2	1	0	1
PsFluSBW25_chrm01_circ_5357118	Pf_BP_3_D112_S46_L001-L004_merged	18	0	1	0	1
PsFluSBW25_chrm01_circ_5396337	Pf_BP_3_D112_S46_L001-L004_merged	23	0	1	0	1
PsFluSBW25_chrm01_circ_5408499	Pf_BP_3_D112_S46_L001-L004_merged	8	0	1	0	1
PsFluSBW25_chrm01_circ_5468527	Pf_BP_3_D112_S46_L001-L004_merged	22	0	1	0	1
PsFluSBW25_chrm01_circ_5486155	Pf_BP_3_D112_S46_L001-L004_merged	15	0	1	0	1
PsFluSBW25_chrm01_circ_5516969	Pf_BP_3_D112_S46_L001-L004_merged	33	0	1	0	1
PsFluSBW25_chrm01_circ_5524086	Pf_BP_3_D112_S46_L001-L004_merged	8	0	1	0	1
PsFluSBW25_chrm01_circ_5534536	Pf_BP_3_D112_S46_L001-L004_merged	14	0	1	0	1
PsFluSBW25_chrm01_circ_5567439	Pf_BP_3_D112_S46_L001-L004_merged	23	0	1	0	1
PsFluSBW25_chrm01_circ_5624304	Pf_BP_3_D112_S46_L001-L004_merged	30	0	1	0	1
PsFluSBW25_chrm01_circ_5667496	Pf_BP_3_D112_S46_L001-L004_merged	24	0	1	0	1
PsFluSBW25_chrm01_circ_5671868	Pf_BP_3_D112_S46_L001-L004_merged	27	0	1	0	1
PsFluSBW25_chrm01_circ_5689413	Pf_BP_3_D112_S46_L001-L004_merged	27	0	1	0	1
PsFluSBW25_chrm01_circ_5709997	Pf_BP_3_D112_S46_L001-L004_merged	24	0	1	0	1
PsFluSBW25_chrm01_circ_5715825	Pf_BP_3_D112_S46_L001-L004_merged	29	0	1	0	1
PsFluSBW25_chrm01_circ_5716515	Pf_BP_3_D112_S46_L001-L004_merged	13	0	1	0	1
PsFluSBW25_chrm01_circ_5738290	Pf_BP_3_D112_S46_L001-L004_merged	20	0	1	0	1
PsFluSBW25_chrm01_circ_574868	Pf_BP_3_D112_S46_L001-L004_merged	19	0	1	0	1
PsFluSBW25_chrm01_circ_5826120	Pf_BP_3_D112_S46_L001-L004_merged	28	0	1	0	1
PsFluSBW25_chrm01_circ_5847593	Pf_BP_3_D112_S46_L001-L004_merged	17	0	1	0	1
PsFluSBW25_chrm01_circ_5847773	Pf_BP_3_D112_S46_L001-L004_merged	29	0	1	0	1
PsFluSBW25_chrm01_circ_5857442	Pf_BP_3_D112_S46_L001-L004_merged	23	0	1	0	1
PsFluSBW25_chrm01_circ_5857775	Pf_BP_3_D112_S46_L001-L004_merged	27	0	1	0	1
PsFluSBW25_chrm01_circ_5960908	Pf_BP_3_D112_S46_L001-L004_merged	22	0	1	0	1
PsFluSBW25_chrm01_circ_5967294	Pf_BP_3_D112_S46_L001-L004_merged	27	0	1	0	1
PsFluSBW25_chrm01_circ_5971715	Pf_BP_3_D112_S46_L001-L004_merged	37	0	1	0	1
PsFluSBW25_chrm01_circ_6079939	Pf_BP_3_D112_S46_L001-L004_merged	24	0	1	0	1
PsFluSBW25_chrm01_circ_6108733	Pf_BP_3_D112_S46_L001-L004_merged	13	0	1	0	1
PsFluSBW25_chrm01_circ_6154345	Pf_BP_3_D112_S46_L001-L004_merged	26	0	1	0	1
PsFluSBW25_chrm01_circ_6162469	Pf_BP_3_D112_S46_L001-L004_merged	20	3	1	0	1
PsFluSBW25_chrm01_circ_6193873	Pf_BP_3_D112_S46_L001-L004_merged	12	0	1	0	1
PsFluSBW25_chrm01_circ_6249985	Pf_BP_3_D112_S46_L001-L004_merged	16	0	1	0	1
PsFluSBW25_chrm01_circ_6280393	Pf_BP_3_D112_S46_L001-L004_merged	24	0	1	0	1
PsFluSBW25_chrm01_circ_6396367	Pf_BP_3_D112_S46_L001-L004_merged	4	0	1	0	1
PsFluSBW25_chrm01_circ_6446610	Pf_BP_3_D112_S46_L001-L004_merged	9	0	1	0	1
PsFluSBW25_chrm01_circ_6456835	Pf_BP_3_D112_S46_L001-L004_merged	25	0	1	0	1
PsFluSBW25_chrm01_circ_6457857	Pf_BP_3_D112_S46_L001-L004_merged	15	0	1	0	1
PsFluSBW25_chrm01_circ_650867	Pf_BP_3_D112_S46_L001-L004_merged	32	0	1	0	1
PsFluSBW25_chrm01_circ_6518389	Pf_BP_3_D112_S46_L001-L004_merged	24	1	1	0	1
PsFluSBW25_chrm01_circ_721709	Pf_BP_3_D112_S46_L001-L004_merged	27	0	1	0	1
PsFluSBW25_chrm01_circ_738710	Pf_BP_3_D112_S46_L001-L004_merged	17	0	1	0	1
PsFluSBW25_chrm01_circ_789548	Pf_BP_3_D112_S46_L001-L004_merged	31	0	1	0	1
PsFluSBW25_chrm01_circ_825120	Pf_BP_3_D112_S46_L001-L004_merged	26	0	1	0	1
PsFluSBW25_chrm01_circ_839909	Pf_BP_3_D112_S46_L001-L004_merged	29	0	1	0	1
PsFluSBW25_chrm01_circ_847781	Pf_BP_3_D112_S46_L001-L004_merged	28	0	1	0	1
PsFluSBW25_chrm01_circ_866943	Pf_BP_3_D112_S46_L001-L004_merged	11	0	1	0	1
PsFluSBW25_chrm01_circ_895493	Pf_BP_3_D112_S46_L001-L004_merged	16	2	1	0	1
PsFluSBW25_chrm01_circ_90695	Pf_BP_3_D112_S46_L001-L004_merged	31	0	1	0	1
PsFluSBW25_chrm01_circ_927323	Pf_BP_3_D112_S46_L001-L004_merged	25	0	1	0	1
PsFluSBW25_chrm01_circ_927626	Pf_BP_3_D112_S46_L001-L004_merged	29	0	1	0	1
PsFluSBW25_chrm01_circ_929036	Pf_BP_3_D112_S46_L001-L004_merged	21	0	1	0	1
PsFluSBW25_chrm01_circ_929543	Pf_BP_3_D112_S46_L001-L004_merged	15	0	1	0	1
PsFluSBW25_chrm01_circ_935922	Pf_BP_3_D112_S46_L001-L004_merged	22	0	1	0	1
PsFluSBW25_chrm01_circ_935928	Pf_BP_3_D112_S46_L001-L004_merged	23	0	1	0	1
PsFluSBW25_chrm01_circ_936093	Pf_BP_3_D112_S46_L001-L004_merged	27	0	1	0	1
PsFluSBW25_chrm01_circ_95741	Pf_BP_3_D112_S46_L001-L004_merged	16	0	1	0	1
PsFluSBW25_chrm01_circ_963620	Pf_BP_3_D112_S46_L001-L004_merged	28	0	1	0	1
PsFluSBW25_chrm01_circ_994031	Pf_BP_3_D112_S46_L001-L004_merged	37	0	1	0	1
PsFluSBW25_chrm01_circ_994471	Pf_BP_3_D112_S46_L001-L004_merged	31	0	1	0	1
PsFluSBW25_chrm01_circ_1095666	Pf_BP_3_D140_S79_L001-L004_merged	33	0	1	0	1
PsFluSBW25_chrm01_circ_1168746	Pf_BP_3_D140_S79_L001-L004_merged	33	0	1	0	1
PsFluSBW25_chrm01_circ_1183695	Pf_BP_3_D140_S79_L001-L004_merged	21	0	1	0	1
PsFluSBW25_chrm01_circ_1216959	Pf_BP_3_D140_S79_L001-L004_merged	29	0	1	0	1
PsFluSBW25_chrm01_circ_1223902	Pf_BP_3_D140_S79_L001-L004_merged	31	0	1	0	1
PsFluSBW25_chrm01_circ_1268939	Pf_BP_3_D140_S79_L001-L004_merged	34	0	1	0	1
PsFluSBW25_chrm01_circ_1276483	Pf_BP_3_D140_S79_L001-L004_merged	14	0	1	0	1
PsFluSBW25_chrm01_circ_1278375	Pf_BP_3_D140_S79_L001-L004_merged	25	0	1	0	1
PsFluSBW25_chrm01_circ_1279463	Pf_BP_3_D140_S79_L001-L004_merged	36	0	1	0	1
PsFluSBW25_chrm01_circ_1302422	Pf_BP_3_D140_S79_L001-L004_merged	27	0	1	0	1
PsFluSBW25_chrm01_circ_1305492	Pf_BP_3_D140_S79_L001-L004_merged	38	0	1	0	1
PsFluSBW25_chrm01_circ_130961	Pf_BP_3_D140_S79_L001-L004_merged	48	0	1	0	1
PsFluSBW25_chrm01_circ_1352002	Pf_BP_3_D140_S79_L001-L004_merged	7	0	1	0	1
PsFluSBW25_chrm01_circ_1358965	Pf_BP_3_D140_S79_L001-L004_merged	28	14	1	0	1
PsFluSBW25_chrm01_circ_1364472	Pf_BP_3_D140_S79_L001-L004_merged	34	0	1	0	1
PsFluSBW25_chrm01_circ_1375221	Pf_BP_3_D140_S79_L001-L004_merged	31	0	1	0	1
PsFluSBW25_chrm01_circ_1416341	Pf_BP_3_D140_S79_L001-L004_merged	27	0	1	0	1
PsFluSBW25_chrm01_circ_1452004	Pf_BP_3_D140_S79_L001-L004_merged	37	0	1	0	1
PsFluSBW25_chrm01_circ_1452810	Pf_BP_3_D140_S79_L001-L004_merged	9	0	1	0	1
PsFluSBW25_chrm01_circ_1480473	Pf_BP_3_D140_S79_L001-L004_merged	21	0	1	0	1
PsFluSBW25_chrm01_circ_1514552	Pf_BP_3_D140_S79_L001-L004_merged	7	0	1	0	1
PsFluSBW25_chrm01_circ_1680055	Pf_BP_3_D140_S79_L001-L004_merged	7	0	1	0	1
PsFluSBW25_chrm01_circ_1709973	Pf_BP_3_D140_S79_L001-L004_merged	27	0	1	0	1
PsFluSBW25_chrm01_circ_1756426	Pf_BP_3_D140_S79_L001-L004_merged	36	0	1	0	1
PsFluSBW25_chrm01_circ_1778554	Pf_BP_3_D140_S79_L001-L004_merged	38	0	1	0	1
PsFluSBW25_chrm01_circ_1785786	Pf_BP_3_D140_S79_L001-L004_merged	6	0	1	0	1
PsFluSBW25_chrm01_circ_1824623	Pf_BP_3_D140_S79_L001-L004_merged	22	1	1	0	1
PsFluSBW25_chrm01_circ_1867228	Pf_BP_3_D140_S79_L001-L004_merged	27	0	1	0	1
PsFluSBW25_chrm01_circ_1875122	Pf_BP_3_D140_S79_L001-L004_merged	46	0	1	0	1
PsFluSBW25_chrm01_circ_1890465	Pf_BP_3_D140_S79_L001-L004_merged	26	0	1	0	1
PsFluSBW25_chrm01_circ_1908691	Pf_BP_3_D140_S79_L001-L004_merged	34	0	1	0	1
PsFluSBW25_chrm01_circ_1933415	Pf_BP_3_D140_S79_L001-L004_merged	33	0	1	0	1
PsFluSBW25_chrm01_circ_1965357	Pf_BP_3_D140_S79_L001-L004_merged	24	0	1	0	1
PsFluSBW25_chrm01_circ_1986756	Pf_BP_3_D140_S79_L001-L004_merged	29	0	1	0	1
PsFluSBW25_chrm01_circ_2063410	Pf_BP_3_D140_S79_L001-L004_merged	27	0	1	0	1
PsFluSBW25_chrm01_circ_2085733	Pf_BP_3_D140_S79_L001-L004_merged	39	0	1	0	1
PsFluSBW25_chrm01_circ_213914	Pf_BP_3_D140_S79_L001-L004_merged	21	0	1	0	1
PsFluSBW25_chrm01_circ_2161074	Pf_BP_3_D140_S79_L001-L004_merged	39	0	1	0	1
PsFluSBW25_chrm01_circ_2163959	Pf_BP_3_D140_S79_L001-L004_merged	28	0	1	0	1
PsFluSBW25_chrm01_circ_2167977	Pf_BP_3_D140_S79_L001-L004_merged	40	0	1	0	1
PsFluSBW25_chrm01_circ_2198957	Pf_BP_3_D140_S79_L001-L004_merged	35	0	1	0	1
PsFluSBW25_chrm01_circ_2244095	Pf_BP_3_D140_S79_L001-L004_merged	29	0	1	0	1
PsFluSBW25_chrm01_circ_2402212	Pf_BP_3_D140_S79_L001-L004_merged	33	0	1	0	1
PsFluSBW25_chrm01_circ_2453173	Pf_BP_3_D140_S79_L001-L004_merged	35	0	1	0	1
PsFluSBW25_chrm01_circ_2480284	Pf_BP_3_D140_S79_L001-L004_merged	44	0	1	0	1
PsFluSBW25_chrm01_circ_2533947	Pf_BP_3_D140_S79_L001-L004_merged	23	0	1	0	1
PsFluSBW25_chrm01_circ_2564357	Pf_BP_3_D140_S79_L001-L004_merged	37	0	1	0	1
PsFluSBW25_chrm01_circ_2692036	Pf_BP_3_D140_S79_L001-L004_merged	39	0	1	0	1
PsFluSBW25_chrm01_circ_2748923	Pf_BP_3_D140_S79_L001-L004_merged	25	0	1	0	1
PsFluSBW25_chrm01_circ_2766944	Pf_BP_3_D140_S79_L001-L004_merged	35	0	1	0	1
PsFluSBW25_chrm01_circ_2776101	Pf_BP_3_D140_S79_L001-L004_merged	39	0	1	0	1
PsFluSBW25_chrm01_circ_2844380	Pf_BP_3_D140_S79_L001-L004_merged	40	0	1	0	1
PsFluSBW25_chrm01_circ_2857080	Pf_BP_3_D140_S79_L001-L004_merged	6	0	1	0	1
PsFluSBW25_chrm01_circ_2948899	Pf_BP_3_D140_S79_L001-L004_merged	46	0	1	0	1
PsFluSBW25_chrm01_circ_2986589	Pf_BP_3_D140_S79_L001-L004_merged	29	0	1	0	1
PsFluSBW25_chrm01_circ_3046319	Pf_BP_3_D140_S79_L001-L004_merged	26	0	1	0	1
PsFluSBW25_chrm01_circ_3049960	Pf_BP_3_D140_S79_L001-L004_merged	34	0	1	0	1
PsFluSBW25_chrm01_circ_3301933	Pf_BP_3_D140_S79_L001-L004_merged	44	0	1	0	1
PsFluSBW25_chrm01_circ_3332858	Pf_BP_3_D140_S79_L001-L004_merged	20	0	1	0	1
PsFluSBW25_chrm01_circ_3351598	Pf_BP_3_D140_S79_L001-L004_merged	33	0	1	0	1
PsFluSBW25_chrm01_circ_342397	Pf_BP_3_D140_S79_L001-L004_merged	43	0	1	0	1
PsFluSBW25_chrm01_circ_3436927	Pf_BP_3_D140_S79_L001-L004_merged	38	0	1	0	1
PsFluSBW25_chrm01_circ_3456540	Pf_BP_3_D140_S79_L001-L004_merged	31	1	1	0	1
PsFluSBW25_chrm01_circ_349255	Pf_BP_3_D140_S79_L001-L004_merged	10	0	1	0	1
PsFluSBW25_chrm01_circ_37125	Pf_BP_3_D140_S79_L001-L004_merged	14	0	1	0	1
PsFluSBW25_chrm01_circ_3798211	Pf_BP_3_D140_S79_L001-L004_merged	42	0	1	0	1
PsFluSBW25_chrm01_circ_3838961	Pf_BP_3_D140_S79_L001-L004_merged	34	0	1	0	1
PsFluSBW25_chrm01_circ_3845100	Pf_BP_3_D140_S79_L001-L004_merged	33	0	1	0	1
PsFluSBW25_chrm01_circ_388609	Pf_BP_3_D140_S79_L001-L004_merged	33	0	1	0	1
PsFluSBW25_chrm01_circ_3886700	Pf_BP_3_D140_S79_L001-L004_merged	38	0	1	0	1
PsFluSBW25_chrm01_circ_4048876	Pf_BP_3_D140_S79_L001-L004_merged	35	0	1	0	1
PsFluSBW25_chrm01_circ_4062482	Pf_BP_3_D140_S79_L001-L004_merged	36	0	1	0	1
PsFluSBW25_chrm01_circ_407561	Pf_BP_3_D140_S79_L001-L004_merged	23	0	1	0	1
PsFluSBW25_chrm01_circ_4120561	Pf_BP_3_D140_S79_L001-L004_merged	52	0	1	0	1
PsFluSBW25_chrm01_circ_4155053	Pf_BP_3_D140_S79_L001-L004_merged	38	0	1	0	1
PsFluSBW25_chrm01_circ_4180044	Pf_BP_3_D140_S79_L001-L004_merged	23	0	1	0	1
PsFluSBW25_chrm01_circ_4203626	Pf_BP_3_D140_S79_L001-L004_merged	32	0	1	0	1
PsFluSBW25_chrm01_circ_425448	Pf_BP_3_D140_S79_L001-L004_merged	31	0	1	0	1
PsFluSBW25_chrm01_circ_4337542	Pf_BP_3_D140_S79_L001-L004_merged	26	0	1	0	1
PsFluSBW25_chrm01_circ_4368075	Pf_BP_3_D140_S79_L001-L004_merged	30	0	1	0	1
PsFluSBW25_chrm01_circ_441863	Pf_BP_3_D140_S79_L001-L004_merged	33	0	1	0	1
PsFluSBW25_chrm01_circ_4487200	Pf_BP_3_D140_S79_L001-L004_merged	39	0	1	0	1
PsFluSBW25_chrm01_circ_4522227	Pf_BP_3_D140_S79_L001-L004_merged	17	0	1	0	1
PsFluSBW25_chrm01_circ_4528974	Pf_BP_3_D140_S79_L001-L004_merged	32	0	1	0	1
PsFluSBW25_chrm01_circ_4566022	Pf_BP_3_D140_S79_L001-L004_merged	38	0	1	0	1
PsFluSBW25_chrm01_circ_4592386	Pf_BP_3_D140_S79_L001-L004_merged	25	0	1	0	1
PsFluSBW25_chrm01_circ_4595167	Pf_BP_3_D140_S79_L001-L004_merged	38	0	1	0	1
PsFluSBW25_chrm01_circ_4616287	Pf_BP_3_D140_S79_L001-L004_merged	20	0	1	0	1
PsFluSBW25_chrm01_circ_4644415	Pf_BP_3_D140_S79_L001-L004_merged	9	0	1	0	1
PsFluSBW25_chrm01_circ_4645653	Pf_BP_3_D140_S79_L001-L004_merged	35	0	1	0	1
PsFluSBW25_chrm01_circ_4697010	Pf_BP_3_D140_S79_L001-L004_merged	10	0	1	0	1
PsFluSBW25_chrm01_circ_470121	Pf_BP_3_D140_S79_L001-L004_merged	40	0	1	0	1
PsFluSBW25_chrm01_circ_4748517	Pf_BP_3_D140_S79_L001-L004_merged	37	0	1	0	1
PsFluSBW25_chrm01_circ_4751880	Pf_BP_3_D140_S79_L001-L004_merged	34	0	1	0	1
PsFluSBW25_chrm01_circ_4752384	Pf_BP_3_D140_S79_L001-L004_merged	21	11	1	0	1
PsFluSBW25_chrm01_circ_4803873	Pf_BP_3_D140_S79_L001-L004_merged	31	0	1	0	1
PsFluSBW25_chrm01_circ_4812193	Pf_BP_3_D140_S79_L001-L004_merged	51	0	1	0	1
PsFluSBW25_chrm01_circ_4872719	Pf_BP_3_D140_S79_L001-L004_merged	37	0	1	0	1
PsFluSBW25_chrm01_circ_4881730	Pf_BP_3_D140_S79_L001-L004_merged	33	0	1	0	1
PsFluSBW25_chrm01_circ_4931039	Pf_BP_3_D140_S79_L001-L004_merged	31	0	1	0	1
PsFluSBW25_chrm01_circ_4939038	Pf_BP_3_D140_S79_L001-L004_merged	25	0	1	0	1
PsFluSBW25_chrm01_circ_4941675	Pf_BP_3_D140_S79_L001-L004_merged	35	0	1	0	1
PsFluSBW25_chrm01_circ_4976801	Pf_BP_3_D140_S79_L001-L004_merged	9	0	1	0	1
PsFluSBW25_chrm01_circ_5004622	Pf_BP_3_D140_S79_L001-L004_merged	32	0	1	0	1
PsFluSBW25_chrm01_circ_5057411	Pf_BP_3_D140_S79_L001-L004_merged	25	0	1	0	1
PsFluSBW25_chrm01_circ_5068086	Pf_BP_3_D140_S79_L001-L004_merged	33	0	1	0	1
PsFluSBW25_chrm01_circ_5070696	Pf_BP_3_D140_S79_L001-L004_merged	28	3	1	0	1
PsFluSBW25_chrm01_circ_5088445	Pf_BP_3_D140_S79_L001-L004_merged	17	0	1	0	1
PsFluSBW25_chrm01_circ_5090218	Pf_BP_3_D140_S79_L001-L004_merged	33	0	1	0	1
PsFluSBW25_chrm01_circ_5098798	Pf_BP_3_D140_S79_L001-L004_merged	26	0	1	0	1
PsFluSBW25_chrm01_circ_5125224	Pf_BP_3_D140_S79_L001-L004_merged	28	0	1	0	1
PsFluSBW25_chrm01_circ_5139833	Pf_BP_3_D140_S79_L001-L004_merged	33	0	1	0	1
PsFluSBW25_chrm01_circ_514009	Pf_BP_3_D140_S79_L001-L004_merged	28	0	1	0	1
PsFluSBW25_chrm01_circ_5176227	Pf_BP_3_D140_S79_L001-L004_merged	30	0	1	0	1
PsFluSBW25_chrm01_circ_5177634	Pf_BP_3_D140_S79_L001-L004_merged	17	0	1	0	1
PsFluSBW25_chrm01_circ_5229842	Pf_BP_3_D140_S79_L001-L004_merged	6	1	1	0	1
PsFluSBW25_chrm01_circ_5229846	Pf_BP_3_D140_S79_L001-L004_merged	6	1	1	0	1
PsFluSBW25_chrm01_circ_5229848	Pf_BP_3_D140_S79_L001-L004_merged	6	1	1	0	1
PsFluSBW25_chrm01_circ_528492	Pf_BP_3_D140_S79_L001-L004_merged	26	0	1	0	1
PsFluSBW25_chrm01_circ_5306363	Pf_BP_3_D140_S79_L001-L004_merged	25	0	1	0	1
PsFluSBW25_chrm01_circ_531839	Pf_BP_3_D140_S79_L001-L004_merged	13	1	1	0	1
PsFluSBW25_chrm01_circ_5357118	Pf_BP_3_D140_S79_L001-L004_merged	32	0	1	0	1
PsFluSBW25_chrm01_circ_5396337	Pf_BP_3_D140_S79_L001-L004_merged	25	0	1	0	1
PsFluSBW25_chrm01_circ_5408499	Pf_BP_3_D140_S79_L001-L004_merged	3	0	1	0	1
PsFluSBW25_chrm01_circ_5468527	Pf_BP_3_D140_S79_L001-L004_merged	37	0	1	0	1
PsFluSBW25_chrm01_circ_5486155	Pf_BP_3_D140_S79_L001-L004_merged	10	0	1	0	1
PsFluSBW25_chrm01_circ_5516969	Pf_BP_3_D140_S79_L001-L004_merged	31	0	1	0	1
PsFluSBW25_chrm01_circ_5524086	Pf_BP_3_D140_S79_L001-L004_merged	13	1	1	0	1
PsFluSBW25_chrm01_circ_5534536	Pf_BP_3_D140_S79_L001-L004_merged	22	0	1	0	1
PsFluSBW25_chrm01_circ_5567439	Pf_BP_3_D140_S79_L001-L004_merged	44	0	1	0	1
PsFluSBW25_chrm01_circ_5624304	Pf_BP_3_D140_S79_L001-L004_merged	32	0	1	0	1
PsFluSBW25_chrm01_circ_5667496	Pf_BP_3_D140_S79_L001-L004_merged	38	0	1	0	1
PsFluSBW25_chrm01_circ_5671868	Pf_BP_3_D140_S79_L001-L004_merged	24	0	1	0	1
PsFluSBW25_chrm01_circ_5689413	Pf_BP_3_D140_S79_L001-L004_merged	22	0	1	0	1
PsFluSBW25_chrm01_circ_5709997	Pf_BP_3_D140_S79_L001-L004_merged	26	0	1	0	1
PsFluSBW25_chrm01_circ_5715825	Pf_BP_3_D140_S79_L001-L004_merged	30	0	1	0	1
PsFluSBW25_chrm01_circ_5716515	Pf_BP_3_D140_S79_L001-L004_merged	30	0	1	0	1
PsFluSBW25_chrm01_circ_5738290	Pf_BP_3_D140_S79_L001-L004_merged	24	0	1	0	1
PsFluSBW25_chrm01_circ_574868	Pf_BP_3_D140_S79_L001-L004_merged	25	0	1	0	1
PsFluSBW25_chrm01_circ_5826120	Pf_BP_3_D140_S79_L001-L004_merged	37	0	1	0	1
PsFluSBW25_chrm01_circ_5847593	Pf_BP_3_D140_S79_L001-L004_merged	32	0	1	0	1
PsFluSBW25_chrm01_circ_5847773	Pf_BP_3_D140_S79_L001-L004_merged	32	0	1	0	1
PsFluSBW25_chrm01_circ_5857442	Pf_BP_3_D140_S79_L001-L004_merged	30	0	1	0	1
PsFluSBW25_chrm01_circ_5857775	Pf_BP_3_D140_S79_L001-L004_merged	33	0	1	0	1
PsFluSBW25_chrm01_circ_5960908	Pf_BP_3_D140_S79_L001-L004_merged	37	0	1	0	1
PsFluSBW25_chrm01_circ_5967294	Pf_BP_3_D140_S79_L001-L004_merged	33	0	1	0	1
PsFluSBW25_chrm01_circ_5971715	Pf_BP_3_D140_S79_L001-L004_merged	22	0	1	0	1
PsFluSBW25_chrm01_circ_6079939	Pf_BP_3_D140_S79_L001-L004_merged	29	0	1	0	1
PsFluSBW25_chrm01_circ_6108733	Pf_BP_3_D140_S79_L001-L004_merged	29	0	1	0	1
PsFluSBW25_chrm01_circ_6154345	Pf_BP_3_D140_S79_L001-L004_merged	29	0	1	0	1
PsFluSBW25_chrm01_circ_6162469	Pf_BP_3_D140_S79_L001-L004_merged	16	0	1	0	1
PsFluSBW25_chrm01_circ_6193873	Pf_BP_3_D140_S79_L001-L004_merged	12	0	1	0	1
PsFluSBW25_chrm01_circ_6249985	Pf_BP_3_D140_S79_L001-L004_merged	34	0	1	0	1
PsFluSBW25_chrm01_circ_6280393	Pf_BP_3_D140_S79_L001-L004_merged	33	0	1	0	1
PsFluSBW25_chrm01_circ_6396367	Pf_BP_3_D140_S79_L001-L004_merged	6	0	1	0	1
PsFluSBW25_chrm01_circ_6446610	Pf_BP_3_D140_S79_L001-L004_merged	6	0	1	0	1
PsFluSBW25_chrm01_circ_6456835	Pf_BP_3_D140_S79_L001-L004_merged	35	0	1	0	1
PsFluSBW25_chrm01_circ_6457857	Pf_BP_3_D140_S79_L001-L004_merged	16	0	1	0	1
PsFluSBW25_chrm01_circ_650867	Pf_BP_3_D140_S79_L001-L004_merged	28	0	1	0	1
PsFluSBW25_chrm01_circ_6518389	Pf_BP_3_D140_S79_L001-L004_merged	21	5	1	0	1
PsFluSBW25_chrm01_circ_721709	Pf_BP_3_D140_S79_L001-L004_merged	37	0	1	0	1
PsFluSBW25_chrm01_circ_738710	Pf_BP_3_D140_S79_L001-L004_merged	19	0	1	0	1
PsFluSBW25_chrm01_circ_789548	Pf_BP_3_D140_S79_L001-L004_merged	31	0	1	0	1
PsFluSBW25_chrm01_circ_825120	Pf_BP_3_D140_S79_L001-L004_merged	28	0	1	0	1
PsFluSBW25_chrm01_circ_839909	Pf_BP_3_D140_S79_L001-L004_merged	42	0	1	0	1
PsFluSBW25_chrm01_circ_847781	Pf_BP_3_D140_S79_L001-L004_merged	26	0	1	0	1
PsFluSBW25_chrm01_circ_866943	Pf_BP_3_D140_S79_L001-L004_merged	27	0	1	0	1
PsFluSBW25_chrm01_circ_895493	Pf_BP_3_D140_S79_L001-L004_merged	13	4	1	0	1
PsFluSBW25_chrm01_circ_90695	Pf_BP_3_D140_S79_L001-L004_merged	39	0	1	0	1
PsFluSBW25_chrm01_circ_927323	Pf_BP_3_D140_S79_L001-L004_merged	38	0	1	0	1
PsFluSBW25_chrm01_circ_927626	Pf_BP_3_D140_S79_L001-L004_merged	35	0	1	0	1
PsFluSBW25_chrm01_circ_929036	Pf_BP_3_D140_S79_L001-L004_merged	38	0	1	0	1
PsFluSBW25_chrm01_circ_929543	Pf_BP_3_D140_S79_L001-L004_merged	25	0	1	0	1
PsFluSBW25_chrm01_circ_935922	Pf_BP_3_D140_S79_L001-L004_merged	29	1	1	0	1
PsFluSBW25_chrm01_circ_935928	Pf_BP_3_D140_S79_L001-L004_merged	28	1	1	0	1
PsFluSBW25_chrm01_circ_936093	Pf_BP_3_D140_S79_L001-L004_merged	28	2	1	0	1
PsFluSBW25_chrm01_circ_95741	Pf_BP_3_D140_S79_L001-L004_merged	11	0	1	0	1
PsFluSBW25_chrm01_circ_963620	Pf_BP_3_D140_S79_L001-L004_merged	46	0	1	0	1
PsFluSBW25_chrm01_circ_994031	Pf_BP_3_D140_S79_L001-L004_merged	34	0	1	0	1
PsFluSBW25_chrm01_circ_994471	Pf_BP_3_D140_S79_L001-L004_merged	41	0	1	0	1
PsFluSBW25_chrm01_circ_1095666	Pf_BP_3_D168_S25_L001-L004_merged	30	0	1	0	1
PsFluSBW25_chrm01_circ_1168746	Pf_BP_3_D168_S25_L001-L004_merged	33	0	1	0	1
PsFluSBW25_chrm01_circ_1183695	Pf_BP_3_D168_S25_L001-L004_merged	29	0	1	0	1
PsFluSBW25_chrm01_circ_1216959	Pf_BP_3_D168_S25_L001-L004_merged	20	0	1	0	1
PsFluSBW25_chrm01_circ_1223902	Pf_BP_3_D168_S25_L001-L004_merged	25	0	1	0	1
PsFluSBW25_chrm01_circ_1268939	Pf_BP_3_D168_S25_L001-L004_merged	27	0	1	0	1
PsFluSBW25_chrm01_circ_1276483	Pf_BP_3_D168_S25_L001-L004_merged	9	0	1	0	1
PsFluSBW25_chrm01_circ_1278375	Pf_BP_3_D168_S25_L001-L004_merged	34	0	1	0	1
PsFluSBW25_chrm01_circ_1279463	Pf_BP_3_D168_S25_L001-L004_merged	27	0	1	0	1
PsFluSBW25_chrm01_circ_1302422	Pf_BP_3_D168_S25_L001-L004_merged	29	0	1	0	1
PsFluSBW25_chrm01_circ_1305492	Pf_BP_3_D168_S25_L001-L004_merged	29	0	1	0	1
PsFluSBW25_chrm01_circ_130961	Pf_BP_3_D168_S25_L001-L004_merged	34	0	1	0	1
PsFluSBW25_chrm01_circ_1352002	Pf_BP_3_D168_S25_L001-L004_merged	9	0	1	0	1
PsFluSBW25_chrm01_circ_1358965	Pf_BP_3_D168_S25_L001-L004_merged	29	4	1	0	1
PsFluSBW25_chrm01_circ_1364472	Pf_BP_3_D168_S25_L001-L004_merged	16	0	1	0	1
PsFluSBW25_chrm01_circ_1375221	Pf_BP_3_D168_S25_L001-L004_merged	21	0	1	0	1
PsFluSBW25_chrm01_circ_1416341	Pf_BP_3_D168_S25_L001-L004_merged	19	0	1	0	1
PsFluSBW25_chrm01_circ_1452004	Pf_BP_3_D168_S25_L001-L004_merged	16	0	1	0	1
PsFluSBW25_chrm01_circ_1452810	Pf_BP_3_D168_S25_L001-L004_merged	11	0	1	0	1
PsFluSBW25_chrm01_circ_1480473	Pf_BP_3_D168_S25_L001-L004_merged	16	0	1	0	1
PsFluSBW25_chrm01_circ_1514552	Pf_BP_3_D168_S25_L001-L004_merged	10	0	1	0	1
PsFluSBW25_chrm01_circ_1680055	Pf_BP_3_D168_S25_L001-L004_merged	5	0	1	0	1
PsFluSBW25_chrm01_circ_1709973	Pf_BP_3_D168_S25_L001-L004_merged	25	0	1	0	1
PsFluSBW25_chrm01_circ_1756426	Pf_BP_3_D168_S25_L001-L004_merged	14	0	1	0	1
PsFluSBW25_chrm01_circ_1778554	Pf_BP_3_D168_S25_L001-L004_merged	14	0	1	0	1
PsFluSBW25_chrm01_circ_1785786	Pf_BP_3_D168_S25_L001-L004_merged	6	0	1	0	1
PsFluSBW25_chrm01_circ_1824623	Pf_BP_3_D168_S25_L001-L004_merged	14	0	1	0	1
PsFluSBW25_chrm01_circ_1867228	Pf_BP_3_D168_S25_L001-L004_merged	18	0	1	0	1
PsFluSBW25_chrm01_circ_1875122	Pf_BP_3_D168_S25_L001-L004_merged	26	0	1	0	1
PsFluSBW25_chrm01_circ_1890465	Pf_BP_3_D168_S25_L001-L004_merged	20	0	1	0	1
PsFluSBW25_chrm01_circ_1908691	Pf_BP_3_D168_S25_L001-L004_merged	20	0	1	0	1
PsFluSBW25_chrm01_circ_1933415	Pf_BP_3_D168_S25_L001-L004_merged	16	0	1	0	1
PsFluSBW25_chrm01_circ_1965357	Pf_BP_3_D168_S25_L001-L004_merged	10	0	1	0	1
PsFluSBW25_chrm01_circ_1986756	Pf_BP_3_D168_S25_L001-L004_merged	28	0	1	0	1
PsFluSBW25_chrm01_circ_2063410	Pf_BP_3_D168_S25_L001-L004_merged	23	0	1	0	1
PsFluSBW25_chrm01_circ_2085733	Pf_BP_3_D168_S25_L001-L004_merged	19	0	1	0	1
PsFluSBW25_chrm01_circ_213914	Pf_BP_3_D168_S25_L001-L004_merged	15	1	1	0	1
PsFluSBW25_chrm01_circ_2161074	Pf_BP_3_D168_S25_L001-L004_merged	27	0	1	0	1
PsFluSBW25_chrm01_circ_2163959	Pf_BP_3_D168_S25_L001-L004_merged	31	0	1	0	1
PsFluSBW25_chrm01_circ_2167977	Pf_BP_3_D168_S25_L001-L004_merged	35	0	1	0	1
PsFluSBW25_chrm01_circ_2198957	Pf_BP_3_D168_S25_L001-L004_merged	22	0	1	0	1
PsFluSBW25_chrm01_circ_2244095	Pf_BP_3_D168_S25_L001-L004_merged	40	0	1	0	1
PsFluSBW25_chrm01_circ_2402212	Pf_BP_3_D168_S25_L001-L004_merged	26	0	1	0	1
PsFluSBW25_chrm01_circ_2453173	Pf_BP_3_D168_S25_L001-L004_merged	32	0	1	0	1
PsFluSBW25_chrm01_circ_2480284	Pf_BP_3_D168_S25_L001-L004_merged	31	0	1	0	1
PsFluSBW25_chrm01_circ_2533947	Pf_BP_3_D168_S25_L001-L004_merged	9	0	1	0	1
PsFluSBW25_chrm01_circ_2564357	Pf_BP_3_D168_S25_L001-L004_merged	33	0	1	0	1
PsFluSBW25_chrm01_circ_2692036	Pf_BP_3_D168_S25_L001-L004_merged	20	0	1	0	1
PsFluSBW25_chrm01_circ_2748923	Pf_BP_3_D168_S25_L001-L004_merged	29	0	1	0	1
PsFluSBW25_chrm01_circ_2766944	Pf_BP_3_D168_S25_L001-L004_merged	43	0	1	0	1
PsFluSBW25_chrm01_circ_2776101	Pf_BP_3_D168_S25_L001-L004_merged	34	0	1	0	1
PsFluSBW25_chrm01_circ_2844380	Pf_BP_3_D168_S25_L001-L004_merged	31	0	1	0	1
PsFluSBW25_chrm01_circ_2857080	Pf_BP_3_D168_S25_L001-L004_merged	6	0	1	0	1
PsFluSBW25_chrm01_circ_2948899	Pf_BP_3_D168_S25_L001-L004_merged	32	0	1	0	1
PsFluSBW25_chrm01_circ_2986589	Pf_BP_3_D168_S25_L001-L004_merged	26	0	1	0	1
PsFluSBW25_chrm01_circ_3046319	Pf_BP_3_D168_S25_L001-L004_merged	27	0	1	0	1
PsFluSBW25_chrm01_circ_3049960	Pf_BP_3_D168_S25_L001-L004_merged	30	0	1	0	1
PsFluSBW25_chrm01_circ_3301933	Pf_BP_3_D168_S25_L001-L004_merged	27	0	1	0	1
PsFluSBW25_chrm01_circ_3332858	Pf_BP_3_D168_S25_L001-L004_merged	22	0	1	0	1
PsFluSBW25_chrm01_circ_3351598	Pf_BP_3_D168_S25_L001-L004_merged	39	0	1	0	1
PsFluSBW25_chrm01_circ_342397	Pf_BP_3_D168_S25_L001-L004_merged	29	0	1	0	1
PsFluSBW25_chrm01_circ_3436927	Pf_BP_3_D168_S25_L001-L004_merged	26	0	1	0	1
PsFluSBW25_chrm01_circ_3456540	Pf_BP_3_D168_S25_L001-L004_merged	22	0	1	0	1
PsFluSBW25_chrm01_circ_349255	Pf_BP_3_D168_S25_L001-L004_merged	7	0	1	0	1
PsFluSBW25_chrm01_circ_37125	Pf_BP_3_D168_S25_L001-L004_merged	13	0	1	0	1
PsFluSBW25_chrm01_circ_3798211	Pf_BP_3_D168_S25_L001-L004_merged	38	0	1	0	1
PsFluSBW25_chrm01_circ_3838961	Pf_BP_3_D168_S25_L001-L004_merged	28	0	1	0	1
PsFluSBW25_chrm01_circ_3845100	Pf_BP_3_D168_S25_L001-L004_merged	40	0	1	0	1
PsFluSBW25_chrm01_circ_388609	Pf_BP_3_D168_S25_L001-L004_merged	28	0	1	0	1
PsFluSBW25_chrm01_circ_3886700	Pf_BP_3_D168_S25_L001-L004_merged	29	0	1	0	1
PsFluSBW25_chrm01_circ_4048876	Pf_BP_3_D168_S25_L001-L004_merged	31	0	1	0	1
PsFluSBW25_chrm01_circ_4062482	Pf_BP_3_D168_S25_L001-L004_merged	38	0	1	0	1
PsFluSBW25_chrm01_circ_407561	Pf_BP_3_D168_S25_L001-L004_merged	22	0	1	0	1
PsFluSBW25_chrm01_circ_4120561	Pf_BP_3_D168_S25_L001-L004_merged	35	0	1	0	1
PsFluSBW25_chrm01_circ_4155053	Pf_BP_3_D168_S25_L001-L004_merged	16	0	1	0	1
PsFluSBW25_chrm01_circ_4180044	Pf_BP_3_D168_S25_L001-L004_merged	27	0	1	0	1
PsFluSBW25_chrm01_circ_4203626	Pf_BP_3_D168_S25_L001-L004_merged	24	0	1	0	1
PsFluSBW25_chrm01_circ_425448	Pf_BP_3_D168_S25_L001-L004_merged	16	0	1	0	1
PsFluSBW25_chrm01_circ_4337542	Pf_BP_3_D168_S25_L001-L004_merged	15	0	1	0	1
PsFluSBW25_chrm01_circ_4368075	Pf_BP_3_D168_S25_L001-L004_merged	20	0	1	0	1
PsFluSBW25_chrm01_circ_441863	Pf_BP_3_D168_S25_L001-L004_merged	14	0	1	0	1
PsFluSBW25_chrm01_circ_4487200	Pf_BP_3_D168_S25_L001-L004_merged	25	0	1	0	1
PsFluSBW25_chrm01_circ_4522227	Pf_BP_3_D168_S25_L001-L004_merged	15	0	1	0	1
PsFluSBW25_chrm01_circ_4528974	Pf_BP_3_D168_S25_L001-L004_merged	26	0	1	0	1
PsFluSBW25_chrm01_circ_4566022	Pf_BP_3_D168_S25_L001-L004_merged	16	0	1	0	1
PsFluSBW25_chrm01_circ_4592386	Pf_BP_3_D168_S25_L001-L004_merged	26	0	1	0	1
PsFluSBW25_chrm01_circ_4595167	Pf_BP_3_D168_S25_L001-L004_merged	35	0	1	0	1
PsFluSBW25_chrm01_circ_4616287	Pf_BP_3_D168_S25_L001-L004_merged	21	0	1	0	1
PsFluSBW25_chrm01_circ_4644415	Pf_BP_3_D168_S25_L001-L004_merged	13	0	1	0	1
PsFluSBW25_chrm01_circ_4645653	Pf_BP_3_D168_S25_L001-L004_merged	23	0	1	0	1
PsFluSBW25_chrm01_circ_4697010	Pf_BP_3_D168_S25_L001-L004_merged	10	0	1	0	1
PsFluSBW25_chrm01_circ_470121	Pf_BP_3_D168_S25_L001-L004_merged	37	0	1	0	1
PsFluSBW25_chrm01_circ_4748517	Pf_BP_3_D168_S25_L001-L004_merged	24	0	1	0	1
PsFluSBW25_chrm01_circ_4751880	Pf_BP_3_D168_S25_L001-L004_merged	27	0	1	0	1
PsFluSBW25_chrm01_circ_4752384	Pf_BP_3_D168_S25_L001-L004_merged	26	5	1	0	1
PsFluSBW25_chrm01_circ_4803873	Pf_BP_3_D168_S25_L001-L004_merged	27	0	1	0	1
PsFluSBW25_chrm01_circ_4812193	Pf_BP_3_D168_S25_L001-L004_merged	38	0	1	0	1
PsFluSBW25_chrm01_circ_4872719	Pf_BP_3_D168_S25_L001-L004_merged	32	0	1	0	1
PsFluSBW25_chrm01_circ_4881730	Pf_BP_3_D168_S25_L001-L004_merged	28	0	1	0	1
PsFluSBW25_chrm01_circ_4931039	Pf_BP_3_D168_S25_L001-L004_merged	29	0	1	0	1
PsFluSBW25_chrm01_circ_4939038	Pf_BP_3_D168_S25_L001-L004_merged	28	0	1	0	1
PsFluSBW25_chrm01_circ_4941675	Pf_BP_3_D168_S25_L001-L004_merged	25	0	1	0	1
PsFluSBW25_chrm01_circ_4976801	Pf_BP_3_D168_S25_L001-L004_merged	7	0	1	0	1
PsFluSBW25_chrm01_circ_5004622	Pf_BP_3_D168_S25_L001-L004_merged	30	0	1	0	1
PsFluSBW25_chrm01_circ_5057411	Pf_BP_3_D168_S25_L001-L004_merged	18	0	1	0	1
PsFluSBW25_chrm01_circ_5068086	Pf_BP_3_D168_S25_L001-L004_merged	25	0	1	0	1
PsFluSBW25_chrm01_circ_5070696	Pf_BP_3_D168_S25_L001-L004_merged	19	0	1	0	1
PsFluSBW25_chrm01_circ_5088445	Pf_BP_3_D168_S25_L001-L004_merged	24	0	1	0	1
PsFluSBW25_chrm01_circ_5090218	Pf_BP_3_D168_S25_L001-L004_merged	13	0	1	0	1
PsFluSBW25_chrm01_circ_5098798	Pf_BP_3_D168_S25_L001-L004_merged	18	0	1	0	1
PsFluSBW25_chrm01_circ_5125224	Pf_BP_3_D168_S25_L001-L004_merged	14	0	1	0	1
PsFluSBW25_chrm01_circ_5139833	Pf_BP_3_D168_S25_L001-L004_merged	28	0	1	0	1
PsFluSBW25_chrm01_circ_514009	Pf_BP_3_D168_S25_L001-L004_merged	20	0	1	0	1
PsFluSBW25_chrm01_circ_5176227	Pf_BP_3_D168_S25_L001-L004_merged	19	0	1	0	1
PsFluSBW25_chrm01_circ_5177634	Pf_BP_3_D168_S25_L001-L004_merged	24	0	1	0	1
PsFluSBW25_chrm01_circ_5229842	Pf_BP_3_D168_S25_L001-L004_merged	2	0	1	0	1
PsFluSBW25_chrm01_circ_5229846	Pf_BP_3_D168_S25_L001-L004_merged	1	0	1	0	1
PsFluSBW25_chrm01_circ_5229848	Pf_BP_3_D168_S25_L001-L004_merged	1	0	1	0	1
PsFluSBW25_chrm01_circ_528492	Pf_BP_3_D168_S25_L001-L004_merged	16	0	1	0	1
PsFluSBW25_chrm01_circ_5306363	Pf_BP_3_D168_S25_L001-L004_merged	14	0	1	0	1
PsFluSBW25_chrm01_circ_531839	Pf_BP_3_D168_S25_L001-L004_merged	13	0	1	0	1
PsFluSBW25_chrm01_circ_5357118	Pf_BP_3_D168_S25_L001-L004_merged	25	0	1	0	1
PsFluSBW25_chrm01_circ_5396337	Pf_BP_3_D168_S25_L001-L004_merged	19	0	1	0	1
PsFluSBW25_chrm01_circ_5408499	Pf_BP_3_D168_S25_L001-L004_merged	3	0	1	0	1
PsFluSBW25_chrm01_circ_5468527	Pf_BP_3_D168_S25_L001-L004_merged	32	0	1	0	1
PsFluSBW25_chrm01_circ_5486155	Pf_BP_3_D168_S25_L001-L004_merged	13	0	1	0	1
PsFluSBW25_chrm01_circ_5516969	Pf_BP_3_D168_S25_L001-L004_merged	22	0	1	0	1
PsFluSBW25_chrm01_circ_5524086	Pf_BP_3_D168_S25_L001-L004_merged	6	0	1	0	1
PsFluSBW25_chrm01_circ_5534536	Pf_BP_3_D168_S25_L001-L004_merged	17	0	1	0	1
PsFluSBW25_chrm01_circ_5567439	Pf_BP_3_D168_S25_L001-L004_merged	21	0	1	0	1
PsFluSBW25_chrm01_circ_5624304	Pf_BP_3_D168_S25_L001-L004_merged	34	0	1	0	1
PsFluSBW25_chrm01_circ_5667496	Pf_BP_3_D168_S25_L001-L004_merged	24	1	1	0	1
PsFluSBW25_chrm01_circ_5671868	Pf_BP_3_D168_S25_L001-L004_merged	21	0	1	0	1
PsFluSBW25_chrm01_circ_5689413	Pf_BP_3_D168_S25_L001-L004_merged	25	0	1	0	1
PsFluSBW25_chrm01_circ_5709997	Pf_BP_3_D168_S25_L001-L004_merged	19	0	1	0	1
PsFluSBW25_chrm01_circ_5715825	Pf_BP_3_D168_S25_L001-L004_merged	25	0	1	0	1
PsFluSBW25_chrm01_circ_5716515	Pf_BP_3_D168_S25_L001-L004_merged	20	0	1	0	1
PsFluSBW25_chrm01_circ_5738290	Pf_BP_3_D168_S25_L001-L004_merged	17	0	1	0	1
PsFluSBW25_chrm01_circ_574868	Pf_BP_3_D168_S25_L001-L004_merged	22	0	1	0	1
PsFluSBW25_chrm01_circ_5826120	Pf_BP_3_D168_S25_L001-L004_merged	18	0	1	0	1
PsFluSBW25_chrm01_circ_5847593	Pf_BP_3_D168_S25_L001-L004_merged	24	0	1	0	1
PsFluSBW25_chrm01_circ_5847773	Pf_BP_3_D168_S25_L001-L004_merged	23	0	1	0	1
PsFluSBW25_chrm01_circ_5857442	Pf_BP_3_D168_S25_L001-L004_merged	26	0	1	0	1
PsFluSBW25_chrm01_circ_5857775	Pf_BP_3_D168_S25_L001-L004_merged	25	0	1	0	1
PsFluSBW25_chrm01_circ_5960908	Pf_BP_3_D168_S25_L001-L004_merged	25	0	1	0	1
PsFluSBW25_chrm01_circ_5967294	Pf_BP_3_D168_S25_L001-L004_merged	28	0	1	0	1
PsFluSBW25_chrm01_circ_5971715	Pf_BP_3_D168_S25_L001-L004_merged	25	0	1	0	1
PsFluSBW25_chrm01_circ_6079939	Pf_BP_3_D168_S25_L001-L004_merged	28	0	1	0	1
PsFluSBW25_chrm01_circ_6108733	Pf_BP_3_D168_S25_L001-L004_merged	21	0	1	0	1
PsFluSBW25_chrm01_circ_6154345	Pf_BP_3_D168_S25_L001-L004_merged	30	0	1	0	1
PsFluSBW25_chrm01_circ_6162469	Pf_BP_3_D168_S25_L001-L004_merged	23	3	1	0	1
PsFluSBW25_chrm01_circ_6193873	Pf_BP_3_D168_S25_L001-L004_merged	10	0	1	0	1
PsFluSBW25_chrm01_circ_6249985	Pf_BP_3_D168_S25_L001-L004_merged	17	0	1	0	1
PsFluSBW25_chrm01_circ_6280393	Pf_BP_3_D168_S25_L001-L004_merged	20	0	1	0	1
PsFluSBW25_chrm01_circ_6396367	Pf_BP_3_D168_S25_L001-L004_merged	4	0	1	0	1
PsFluSBW25_chrm01_circ_6446610	Pf_BP_3_D168_S25_L001-L004_merged	14	0	1	0	1
PsFluSBW25_chrm01_circ_6456835	Pf_BP_3_D168_S25_L001-L004_merged	23	0	1	0	1
PsFluSBW25_chrm01_circ_6457857	Pf_BP_3_D168_S25_L001-L004_merged	25	0	1	0	1
PsFluSBW25_chrm01_circ_650867	Pf_BP_3_D168_S25_L001-L004_merged	22	0	1	0	1
PsFluSBW25_chrm01_circ_6518389	Pf_BP_3_D168_S25_L001-L004_merged	14	8	1	0	1
PsFluSBW25_chrm01_circ_721709	Pf_BP_3_D168_S25_L001-L004_merged	34	0	1	0	1
PsFluSBW25_chrm01_circ_738710	Pf_BP_3_D168_S25_L001-L004_merged	18	0	1	0	1
PsFluSBW25_chrm01_circ_789548	Pf_BP_3_D168_S25_L001-L004_merged	22	0	1	0	1
PsFluSBW25_chrm01_circ_825120	Pf_BP_3_D168_S25_L001-L004_merged	23	0	1	0	1
PsFluSBW25_chrm01_circ_839909	Pf_BP_3_D168_S25_L001-L004_merged	35	0	1	0	1
PsFluSBW25_chrm01_circ_847781	Pf_BP_3_D168_S25_L001-L004_merged	19	0	1	0	1
PsFluSBW25_chrm01_circ_866943	Pf_BP_3_D168_S25_L001-L004_merged	26	0	1	0	1
PsFluSBW25_chrm01_circ_895493	Pf_BP_3_D168_S25_L001-L004_merged	12	1	1	0	1
PsFluSBW25_chrm01_circ_90695	Pf_BP_3_D168_S25_L001-L004_merged	32	0	1	0	1
PsFluSBW25_chrm01_circ_927323	Pf_BP_3_D168_S25_L001-L004_merged	18	0	1	0	1
PsFluSBW25_chrm01_circ_927626	Pf_BP_3_D168_S25_L001-L004_merged	21	0	1	0	1
PsFluSBW25_chrm01_circ_929036	Pf_BP_3_D168_S25_L001-L004_merged	22	0	1	0	1
PsFluSBW25_chrm01_circ_929543	Pf_BP_3_D168_S25_L001-L004_merged	32	0	1	0	1
PsFluSBW25_chrm01_circ_935922	Pf_BP_3_D168_S25_L001-L004_merged	13	2	1	0	1
PsFluSBW25_chrm01_circ_935928	Pf_BP_3_D168_S25_L001-L004_merged	12	2	1	0	1
PsFluSBW25_chrm01_circ_936093	Pf_BP_3_D168_S25_L001-L004_merged	29	0	1	0	1
PsFluSBW25_chrm01_circ_95741	Pf_BP_3_D168_S25_L001-L004_merged	11	0	1	0	1
PsFluSBW25_chrm01_circ_963620	Pf_BP_3_D168_S25_L001-L004_merged	30	0	1	0	1
PsFluSBW25_chrm01_circ_994031	Pf_BP_3_D168_S25_L001-L004_merged	30	0	1	0	1
PsFluSBW25_chrm01_circ_994471	Pf_BP_3_D168_S25_L001-L004_merged	27	0	1	0	1
PsFluSBW25_chrm01_circ_1095666	Pf_BP_3_D196_S58_L001-L004_merged	15	0	1	0	1
PsFluSBW25_chrm01_circ_1168746	Pf_BP_3_D196_S58_L001-L004_merged	16	0	1	0	1
PsFluSBW25_chrm01_circ_1183695	Pf_BP_3_D196_S58_L001-L004_merged	14	0	1	0	1
PsFluSBW25_chrm01_circ_1216959	Pf_BP_3_D196_S58_L001-L004_merged	14	0	1	0	1
PsFluSBW25_chrm01_circ_1223902	Pf_BP_3_D196_S58_L001-L004_merged	25	0	1	0	1
PsFluSBW25_chrm01_circ_1268939	Pf_BP_3_D196_S58_L001-L004_merged	28	0	1	0	1
PsFluSBW25_chrm01_circ_1276483	Pf_BP_3_D196_S58_L001-L004_merged	7	0	1	0	1
PsFluSBW25_chrm01_circ_1278375	Pf_BP_3_D196_S58_L001-L004_merged	17	0	1	0	1
PsFluSBW25_chrm01_circ_1279463	Pf_BP_3_D196_S58_L001-L004_merged	30	0	1	0	1
PsFluSBW25_chrm01_circ_1302422	Pf_BP_3_D196_S58_L001-L004_merged	14	0	1	0	1
PsFluSBW25_chrm01_circ_1305492	Pf_BP_3_D196_S58_L001-L004_merged	25	0	1	0	1
PsFluSBW25_chrm01_circ_130961	Pf_BP_3_D196_S58_L001-L004_merged	23	0	1	0	1
PsFluSBW25_chrm01_circ_1352002	Pf_BP_3_D196_S58_L001-L004_merged	11	0	1	0	1
PsFluSBW25_chrm01_circ_1358965	Pf_BP_3_D196_S58_L001-L004_merged	12	9	1	0	1
PsFluSBW25_chrm01_circ_1364472	Pf_BP_3_D196_S58_L001-L004_merged	20	0	1	0	1
PsFluSBW25_chrm01_circ_1375221	Pf_BP_3_D196_S58_L001-L004_merged	16	0	1	0	1
PsFluSBW25_chrm01_circ_1416341	Pf_BP_3_D196_S58_L001-L004_merged	18	0	1	0	1
PsFluSBW25_chrm01_circ_1452004	Pf_BP_3_D196_S58_L001-L004_merged	15	0	1	0	1
PsFluSBW25_chrm01_circ_1452810	Pf_BP_3_D196_S58_L001-L004_merged	7	0	1	0	1
PsFluSBW25_chrm01_circ_1480473	Pf_BP_3_D196_S58_L001-L004_merged	26	0	1	0	1
PsFluSBW25_chrm01_circ_1514552	Pf_BP_3_D196_S58_L001-L004_merged	7	0	1	0	1
PsFluSBW25_chrm01_circ_1680055	Pf_BP_3_D196_S58_L001-L004_merged	2	0	1	0	1
PsFluSBW25_chrm01_circ_1709973	Pf_BP_3_D196_S58_L001-L004_merged	21	0	1	0	1
PsFluSBW25_chrm01_circ_1756426	Pf_BP_3_D196_S58_L001-L004_merged	26	0	1	0	1
PsFluSBW25_chrm01_circ_1778554	Pf_BP_3_D196_S58_L001-L004_merged	14	0	1	0	1
PsFluSBW25_chrm01_circ_1785786	Pf_BP_3_D196_S58_L001-L004_merged	6	0	1	0	1
PsFluSBW25_chrm01_circ_1824623	Pf_BP_3_D196_S58_L001-L004_merged	12	0	1	0	1
PsFluSBW25_chrm01_circ_1867228	Pf_BP_3_D196_S58_L001-L004_merged	12	0	1	0	1
PsFluSBW25_chrm01_circ_1875122	Pf_BP_3_D196_S58_L001-L004_merged	23	0	1	0	1
PsFluSBW25_chrm01_circ_1890465	Pf_BP_3_D196_S58_L001-L004_merged	25	0	1	0	1
PsFluSBW25_chrm01_circ_1908691	Pf_BP_3_D196_S58_L001-L004_merged	22	0	1	0	1
PsFluSBW25_chrm01_circ_1933415	Pf_BP_3_D196_S58_L001-L004_merged	26	0	1	0	1
PsFluSBW25_chrm01_circ_1965357	Pf_BP_3_D196_S58_L001-L004_merged	25	0	1	0	1
PsFluSBW25_chrm01_circ_1986756	Pf_BP_3_D196_S58_L001-L004_merged	25	0	1	0	1
PsFluSBW25_chrm01_circ_2063410	Pf_BP_3_D196_S58_L001-L004_merged	18	0	1	0	1
PsFluSBW25_chrm01_circ_2085733	Pf_BP_3_D196_S58_L001-L004_merged	20	0	1	0	1
PsFluSBW25_chrm01_circ_213914	Pf_BP_3_D196_S58_L001-L004_merged	12	2	1	0	1
PsFluSBW25_chrm01_circ_2161074	Pf_BP_3_D196_S58_L001-L004_merged	16	0	1	0	1
PsFluSBW25_chrm01_circ_2163959	Pf_BP_3_D196_S58_L001-L004_merged	23	0	1	0	1
PsFluSBW25_chrm01_circ_2167977	Pf_BP_3_D196_S58_L001-L004_merged	31	0	1	0	1
PsFluSBW25_chrm01_circ_2198957	Pf_BP_3_D196_S58_L001-L004_merged	22	0	1	0	1
PsFluSBW25_chrm01_circ_2244095	Pf_BP_3_D196_S58_L001-L004_merged	21	0	1	0	1
PsFluSBW25_chrm01_circ_2402212	Pf_BP_3_D196_S58_L001-L004_merged	24	0	1	0	1
PsFluSBW25_chrm01_circ_2453173	Pf_BP_3_D196_S58_L001-L004_merged	23	0	1	0	1
PsFluSBW25_chrm01_circ_2480284	Pf_BP_3_D196_S58_L001-L004_merged	21	6	1	0	1
PsFluSBW25_chrm01_circ_2533947	Pf_BP_3_D196_S58_L001-L004_merged	7	0	1	0	1
PsFluSBW25_chrm01_circ_2564357	Pf_BP_3_D196_S58_L001-L004_merged	25	0	1	0	1
PsFluSBW25_chrm01_circ_2692036	Pf_BP_3_D196_S58_L001-L004_merged	20	0	1	0	1
PsFluSBW25_chrm01_circ_2748923	Pf_BP_3_D196_S58_L001-L004_merged	23	0	1	0	1
PsFluSBW25_chrm01_circ_2766944	Pf_BP_3_D196_S58_L001-L004_merged	32	0	1	0	1
PsFluSBW25_chrm01_circ_2776101	Pf_BP_3_D196_S58_L001-L004_merged	21	0	1	0	1
PsFluSBW25_chrm01_circ_2844380	Pf_BP_3_D196_S58_L001-L004_merged	13	0	1	0	1
PsFluSBW25_chrm01_circ_2857080	Pf_BP_3_D196_S58_L001-L004_merged	4	0	1	0	1
PsFluSBW25_chrm01_circ_2948899	Pf_BP_3_D196_S58_L001-L004_merged	40	0	1	0	1
PsFluSBW25_chrm01_circ_2986589	Pf_BP_3_D196_S58_L001-L004_merged	22	0	1	0	1
PsFluSBW25_chrm01_circ_3046319	Pf_BP_3_D196_S58_L001-L004_merged	23	0	1	0	1
PsFluSBW25_chrm01_circ_3049960	Pf_BP_3_D196_S58_L001-L004_merged	25	0	1	0	1
PsFluSBW25_chrm01_circ_3301933	Pf_BP_3_D196_S58_L001-L004_merged	22	0	1	0	1
PsFluSBW25_chrm01_circ_3332858	Pf_BP_3_D196_S58_L001-L004_merged	18	0	1	0	1
PsFluSBW25_chrm01_circ_3351598	Pf_BP_3_D196_S58_L001-L004_merged	36	0	1	0	1
PsFluSBW25_chrm01_circ_342397	Pf_BP_3_D196_S58_L001-L004_merged	21	0	1	0	1
PsFluSBW25_chrm01_circ_3436927	Pf_BP_3_D196_S58_L001-L004_merged	29	0	1	0	1
PsFluSBW25_chrm01_circ_3456540	Pf_BP_3_D196_S58_L001-L004_merged	15	0	1	0	1
PsFluSBW25_chrm01_circ_349255	Pf_BP_3_D196_S58_L001-L004_merged	10	0	1	0	1
PsFluSBW25_chrm01_circ_37125	Pf_BP_3_D196_S58_L001-L004_merged	9	0	1	0	1
PsFluSBW25_chrm01_circ_3798211	Pf_BP_3_D196_S58_L001-L004_merged	23	0	1	0	1
PsFluSBW25_chrm01_circ_3838961	Pf_BP_3_D196_S58_L001-L004_merged	26	0	1	0	1
PsFluSBW25_chrm01_circ_3845100	Pf_BP_3_D196_S58_L001-L004_merged	19	0	1	0	1
PsFluSBW25_chrm01_circ_388609	Pf_BP_3_D196_S58_L001-L004_merged	17	0	1	0	1
PsFluSBW25_chrm01_circ_3886700	Pf_BP_3_D196_S58_L001-L004_merged	22	0	1	0	1
PsFluSBW25_chrm01_circ_4048876	Pf_BP_3_D196_S58_L001-L004_merged	23	0	1	0	1
PsFluSBW25_chrm01_circ_4062482	Pf_BP_3_D196_S58_L001-L004_merged	41	0	1	0	1
PsFluSBW25_chrm01_circ_407561	Pf_BP_3_D196_S58_L001-L004_merged	12	0	1	0	1
PsFluSBW25_chrm01_circ_4120561	Pf_BP_3_D196_S58_L001-L004_merged	27	0	1	0	1
PsFluSBW25_chrm01_circ_4155053	Pf_BP_3_D196_S58_L001-L004_merged	34	0	1	0	1
PsFluSBW25_chrm01_circ_4180044	Pf_BP_3_D196_S58_L001-L004_merged	17	0	1	0	1
PsFluSBW25_chrm01_circ_4203626	Pf_BP_3_D196_S58_L001-L004_merged	17	0	1	0	1
PsFluSBW25_chrm01_circ_425448	Pf_BP_3_D196_S58_L001-L004_merged	24	0	1	0	1
PsFluSBW25_chrm01_circ_4337542	Pf_BP_3_D196_S58_L001-L004_merged	19	0	1	0	1
PsFluSBW25_chrm01_circ_4368075	Pf_BP_3_D196_S58_L001-L004_merged	16	0	1	0	1
PsFluSBW25_chrm01_circ_441863	Pf_BP_3_D196_S58_L001-L004_merged	25	0	1	0	1
PsFluSBW25_chrm01_circ_4487200	Pf_BP_3_D196_S58_L001-L004_merged	28	0	1	0	1
PsFluSBW25_chrm01_circ_4522227	Pf_BP_3_D196_S58_L001-L004_merged	14	0	1	0	1
PsFluSBW25_chrm01_circ_4528974	Pf_BP_3_D196_S58_L001-L004_merged	27	0	1	0	1
PsFluSBW25_chrm01_circ_4566022	Pf_BP_3_D196_S58_L001-L004_merged	23	0	1	0	1
PsFluSBW25_chrm01_circ_4592386	Pf_BP_3_D196_S58_L001-L004_merged	19	0	1	0	1
PsFluSBW25_chrm01_circ_4595167	Pf_BP_3_D196_S58_L001-L004_merged	32	0	1	0	1
PsFluSBW25_chrm01_circ_4616287	Pf_BP_3_D196_S58_L001-L004_merged	15	0	1	0	1
PsFluSBW25_chrm01_circ_4644415	Pf_BP_3_D196_S58_L001-L004_merged	6	0	1	0	1
PsFluSBW25_chrm01_circ_4645653	Pf_BP_3_D196_S58_L001-L004_merged	19	0	1	0	1
PsFluSBW25_chrm01_circ_4697010	Pf_BP_3_D196_S58_L001-L004_merged	9	0	1	0	1
PsFluSBW25_chrm01_circ_470121	Pf_BP_3_D196_S58_L001-L004_merged	34	0	1	0	1
PsFluSBW25_chrm01_circ_4748517	Pf_BP_3_D196_S58_L001-L004_merged	22	0	1	0	1
PsFluSBW25_chrm01_circ_4751880	Pf_BP_3_D196_S58_L001-L004_merged	24	0	1	0	1
PsFluSBW25_chrm01_circ_4752384	Pf_BP_3_D196_S58_L001-L004_merged	23	1	1	0	1
PsFluSBW25_chrm01_circ_4803873	Pf_BP_3_D196_S58_L001-L004_merged	27	0	1	0	1
PsFluSBW25_chrm01_circ_4812193	Pf_BP_3_D196_S58_L001-L004_merged	32	0	1	0	1
PsFluSBW25_chrm01_circ_4872719	Pf_BP_3_D196_S58_L001-L004_merged	25	0	1	0	1
PsFluSBW25_chrm01_circ_4881730	Pf_BP_3_D196_S58_L001-L004_merged	19	0	1	0	1
PsFluSBW25_chrm01_circ_4931039	Pf_BP_3_D196_S58_L001-L004_merged	22	0	1	0	1
PsFluSBW25_chrm01_circ_4939038	Pf_BP_3_D196_S58_L001-L004_merged	10	0	1	0	1
PsFluSBW25_chrm01_circ_4941675	Pf_BP_3_D196_S58_L001-L004_merged	27	0	1	0	1
PsFluSBW25_chrm01_circ_4976801	Pf_BP_3_D196_S58_L001-L004_merged	5	0	1	0	1
PsFluSBW25_chrm01_circ_5004622	Pf_BP_3_D196_S58_L001-L004_merged	18	0	1	0	1
PsFluSBW25_chrm01_circ_5057411	Pf_BP_3_D196_S58_L001-L004_merged	20	0	1	0	1
PsFluSBW25_chrm01_circ_5068086	Pf_BP_3_D196_S58_L001-L004_merged	22	0	1	0	1
PsFluSBW25_chrm01_circ_5070696	Pf_BP_3_D196_S58_L001-L004_merged	18	1	1	0	1
PsFluSBW25_chrm01_circ_5088445	Pf_BP_3_D196_S58_L001-L004_merged	18	0	1	0	1
PsFluSBW25_chrm01_circ_5090218	Pf_BP_3_D196_S58_L001-L004_merged	17	0	1	0	1
PsFluSBW25_chrm01_circ_5098798	Pf_BP_3_D196_S58_L001-L004_merged	14	0	1	0	1
PsFluSBW25_chrm01_circ_5125224	Pf_BP_3_D196_S58_L001-L004_merged	20	0	1	0	1
PsFluSBW25_chrm01_circ_5139833	Pf_BP_3_D196_S58_L001-L004_merged	22	0	1	0	1
PsFluSBW25_chrm01_circ_514009	Pf_BP_3_D196_S58_L001-L004_merged	16	0	1	0	1
PsFluSBW25_chrm01_circ_5176227	Pf_BP_3_D196_S58_L001-L004_merged	25	0	1	0	1
PsFluSBW25_chrm01_circ_5177634	Pf_BP_3_D196_S58_L001-L004_merged	19	0	1	0	1
PsFluSBW25_chrm01_circ_5229842	Pf_BP_3_D196_S58_L001-L004_merged	6	0	1	0	1
PsFluSBW25_chrm01_circ_5229846	Pf_BP_3_D196_S58_L001-L004_merged	6	0	1	0	1
PsFluSBW25_chrm01_circ_5229848	Pf_BP_3_D196_S58_L001-L004_merged	6	0	1	0	1
PsFluSBW25_chrm01_circ_528492	Pf_BP_3_D196_S58_L001-L004_merged	17	0	1	0	1
PsFluSBW25_chrm01_circ_5306363	Pf_BP_3_D196_S58_L001-L004_merged	12	0	1	0	1
PsFluSBW25_chrm01_circ_531839	Pf_BP_3_D196_S58_L001-L004_merged	9	1	1	0	1
PsFluSBW25_chrm01_circ_5357118	Pf_BP_3_D196_S58_L001-L004_merged	20	0	1	0	1
PsFluSBW25_chrm01_circ_5396337	Pf_BP_3_D196_S58_L001-L004_merged	18	0	1	0	1
PsFluSBW25_chrm01_circ_5408499	Pf_BP_3_D196_S58_L001-L004_merged	5	0	1	0	1
PsFluSBW25_chrm01_circ_5468527	Pf_BP_3_D196_S58_L001-L004_merged	24	0	1	0	1
PsFluSBW25_chrm01_circ_5486155	Pf_BP_3_D196_S58_L001-L004_merged	13	0	1	0	1
PsFluSBW25_chrm01_circ_5516969	Pf_BP_3_D196_S58_L001-L004_merged	21	0	1	0	1
PsFluSBW25_chrm01_circ_5524086	Pf_BP_3_D196_S58_L001-L004_merged	8	0	1	0	1
PsFluSBW25_chrm01_circ_5534536	Pf_BP_3_D196_S58_L001-L004_merged	19	0	1	0	1
PsFluSBW25_chrm01_circ_5567439	Pf_BP_3_D196_S58_L001-L004_merged	20	0	1	0	1
PsFluSBW25_chrm01_circ_5624304	Pf_BP_3_D196_S58_L001-L004_merged	20	0	1	0	1
PsFluSBW25_chrm01_circ_5667496	Pf_BP_3_D196_S58_L001-L004_merged	20	0	1	0	1
PsFluSBW25_chrm01_circ_5671868	Pf_BP_3_D196_S58_L001-L004_merged	11	0	1	0	1
PsFluSBW25_chrm01_circ_5689413	Pf_BP_3_D196_S58_L001-L004_merged	32	0	1	0	1
PsFluSBW25_chrm01_circ_5709997	Pf_BP_3_D196_S58_L001-L004_merged	12	0	1	0	1
PsFluSBW25_chrm01_circ_5715825	Pf_BP_3_D196_S58_L001-L004_merged	20	0	1	0	1
PsFluSBW25_chrm01_circ_5716515	Pf_BP_3_D196_S58_L001-L004_merged	8	0	1	0	1
PsFluSBW25_chrm01_circ_5738290	Pf_BP_3_D196_S58_L001-L004_merged	22	0	1	0	1
PsFluSBW25_chrm01_circ_574868	Pf_BP_3_D196_S58_L001-L004_merged	20	0	1	0	1
PsFluSBW25_chrm01_circ_5826120	Pf_BP_3_D196_S58_L001-L004_merged	20	0	1	0	1
PsFluSBW25_chrm01_circ_5847593	Pf_BP_3_D196_S58_L001-L004_merged	19	0	1	0	1
PsFluSBW25_chrm01_circ_5847773	Pf_BP_3_D196_S58_L001-L004_merged	22	0	1	0	1
PsFluSBW25_chrm01_circ_5857442	Pf_BP_3_D196_S58_L001-L004_merged	20	0	1	0	1
PsFluSBW25_chrm01_circ_5857775	Pf_BP_3_D196_S58_L001-L004_merged	25	0	1	0	1
PsFluSBW25_chrm01_circ_5960908	Pf_BP_3_D196_S58_L001-L004_merged	20	0	1	0	1
PsFluSBW25_chrm01_circ_5967294	Pf_BP_3_D196_S58_L001-L004_merged	27	0	1	0	1
PsFluSBW25_chrm01_circ_5971715	Pf_BP_3_D196_S58_L001-L004_merged	27	0	1	0	1
PsFluSBW25_chrm01_circ_6079939	Pf_BP_3_D196_S58_L001-L004_merged	18	0	1	0	1
PsFluSBW25_chrm01_circ_6108733	Pf_BP_3_D196_S58_L001-L004_merged	27	0	1	0	1
PsFluSBW25_chrm01_circ_6154345	Pf_BP_3_D196_S58_L001-L004_merged	18	0	1	0	1
PsFluSBW25_chrm01_circ_6162469	Pf_BP_3_D196_S58_L001-L004_merged	18	3	1	0	1
PsFluSBW25_chrm01_circ_6193873	Pf_BP_3_D196_S58_L001-L004_merged	7	0	1	0	1
PsFluSBW25_chrm01_circ_6249985	Pf_BP_3_D196_S58_L001-L004_merged	19	0	1	0	1
PsFluSBW25_chrm01_circ_6280393	Pf_BP_3_D196_S58_L001-L004_merged	20	0	1	0	1
PsFluSBW25_chrm01_circ_6396367	Pf_BP_3_D196_S58_L001-L004_merged	3	0	1	0	1
PsFluSBW25_chrm01_circ_6446610	Pf_BP_3_D196_S58_L001-L004_merged	7	0	1	0	1
PsFluSBW25_chrm01_circ_6456835	Pf_BP_3_D196_S58_L001-L004_merged	22	0	1	0	1
PsFluSBW25_chrm01_circ_6457857	Pf_BP_3_D196_S58_L001-L004_merged	17	0	1	0	1
PsFluSBW25_chrm01_circ_650867	Pf_BP_3_D196_S58_L001-L004_merged	26	2	1	0	1
PsFluSBW25_chrm01_circ_6518389	Pf_BP_3_D196_S58_L001-L004_merged	16	4	1	0	1
PsFluSBW25_chrm01_circ_721709	Pf_BP_3_D196_S58_L001-L004_merged	33	0	1	0	1
PsFluSBW25_chrm01_circ_738710	Pf_BP_3_D196_S58_L001-L004_merged	10	0	1	0	1
PsFluSBW25_chrm01_circ_789548	Pf_BP_3_D196_S58_L001-L004_merged	16	0	1	0	1
PsFluSBW25_chrm01_circ_825120	Pf_BP_3_D196_S58_L001-L004_merged	28	0	1	0	1
PsFluSBW25_chrm01_circ_839909	Pf_BP_3_D196_S58_L001-L004_merged	28	0	1	0	1
PsFluSBW25_chrm01_circ_847781	Pf_BP_3_D196_S58_L001-L004_merged	19	0	1	0	1
PsFluSBW25_chrm01_circ_866943	Pf_BP_3_D196_S58_L001-L004_merged	23	0	1	0	1
PsFluSBW25_chrm01_circ_895493	Pf_BP_3_D196_S58_L001-L004_merged	15	0	1	0	1
PsFluSBW25_chrm01_circ_90695	Pf_BP_3_D196_S58_L001-L004_merged	21	0	1	0	1
PsFluSBW25_chrm01_circ_927323	Pf_BP_3_D196_S58_L001-L004_merged	18	0	1	0	1
PsFluSBW25_chrm01_circ_927626	Pf_BP_3_D196_S58_L001-L004_merged	25	0	1	0	1
PsFluSBW25_chrm01_circ_929036	Pf_BP_3_D196_S58_L001-L004_merged	23	0	1	0	1
PsFluSBW25_chrm01_circ_929543	Pf_BP_3_D196_S58_L001-L004_merged	20	0	1	0	1
PsFluSBW25_chrm01_circ_935922	Pf_BP_3_D196_S58_L001-L004_merged	25	1	1	0	1
PsFluSBW25_chrm01_circ_935928	Pf_BP_3_D196_S58_L001-L004_merged	23	1	1	0	1
PsFluSBW25_chrm01_circ_936093	Pf_BP_3_D196_S58_L001-L004_merged	13	11	1	0	1
PsFluSBW25_chrm01_circ_95741	Pf_BP_3_D196_S58_L001-L004_merged	8	0	1	0	1
PsFluSBW25_chrm01_circ_963620	Pf_BP_3_D196_S58_L001-L004_merged	22	0	1	0	1
PsFluSBW25_chrm01_circ_994031	Pf_BP_3_D196_S58_L001-L004_merged	23	0	1	0	1
PsFluSBW25_chrm01_circ_994471	Pf_BP_3_D196_S58_L001-L004_merged	26	0	1	0	1
PsFluSBW25_chrm01_circ_1095666	Pf_BP_3_D224_S4_L001-L004_merged	35	0	1	0	1
PsFluSBW25_chrm01_circ_1168746	Pf_BP_3_D224_S4_L001-L004_merged	38	1	1	0	1
PsFluSBW25_chrm01_circ_1183695	Pf_BP_3_D224_S4_L001-L004_merged	25	0	1	0	1
PsFluSBW25_chrm01_circ_1216959	Pf_BP_3_D224_S4_L001-L004_merged	25	0	1	0	1
PsFluSBW25_chrm01_circ_1223902	Pf_BP_3_D224_S4_L001-L004_merged	30	0	1	0	1
PsFluSBW25_chrm01_circ_1268939	Pf_BP_3_D224_S4_L001-L004_merged	35	0	1	0	1
PsFluSBW25_chrm01_circ_1276483	Pf_BP_3_D224_S4_L001-L004_merged	11	0	1	0	1
PsFluSBW25_chrm01_circ_1278375	Pf_BP_3_D224_S4_L001-L004_merged	35	1	1	0	1
PsFluSBW25_chrm01_circ_1279463	Pf_BP_3_D224_S4_L001-L004_merged	35	0	1	0	1
PsFluSBW25_chrm01_circ_1302422	Pf_BP_3_D224_S4_L001-L004_merged	24	0	1	0	1
PsFluSBW25_chrm01_circ_1305492	Pf_BP_3_D224_S4_L001-L004_merged	33	0	1	0	1
PsFluSBW25_chrm01_circ_130961	Pf_BP_3_D224_S4_L001-L004_merged	35	0	1	0	1
PsFluSBW25_chrm01_circ_1352002	Pf_BP_3_D224_S4_L001-L004_merged	11	0	1	0	1
PsFluSBW25_chrm01_circ_1358965	Pf_BP_3_D224_S4_L001-L004_merged	14	24	1	0	1
PsFluSBW25_chrm01_circ_1364472	Pf_BP_3_D224_S4_L001-L004_merged	31	0	1	0	1
PsFluSBW25_chrm01_circ_1375221	Pf_BP_3_D224_S4_L001-L004_merged	34	0	1	0	1
PsFluSBW25_chrm01_circ_1416341	Pf_BP_3_D224_S4_L001-L004_merged	13	0	1	0	1
PsFluSBW25_chrm01_circ_1452004	Pf_BP_3_D224_S4_L001-L004_merged	30	0	1	0	1
PsFluSBW25_chrm01_circ_1452810	Pf_BP_3_D224_S4_L001-L004_merged	11	0	1	0	1
PsFluSBW25_chrm01_circ_1480473	Pf_BP_3_D224_S4_L001-L004_merged	27	0	1	0	1
PsFluSBW25_chrm01_circ_1514552	Pf_BP_3_D224_S4_L001-L004_merged	8	0	1	0	1
PsFluSBW25_chrm01_circ_1680055	Pf_BP_3_D224_S4_L001-L004_merged	15	0	1	0	1
PsFluSBW25_chrm01_circ_1709973	Pf_BP_3_D224_S4_L001-L004_merged	29	0	1	0	1
PsFluSBW25_chrm01_circ_1756426	Pf_BP_3_D224_S4_L001-L004_merged	34	0	1	0	1
PsFluSBW25_chrm01_circ_1778554	Pf_BP_3_D224_S4_L001-L004_merged	24	0	1	0	1
PsFluSBW25_chrm01_circ_1785786	Pf_BP_3_D224_S4_L001-L004_merged	6	0	1	0	1
PsFluSBW25_chrm01_circ_1824623	Pf_BP_3_D224_S4_L001-L004_merged	24	3	1	0	1
PsFluSBW25_chrm01_circ_1867228	Pf_BP_3_D224_S4_L001-L004_merged	16	0	1	0	1
PsFluSBW25_chrm01_circ_1875122	Pf_BP_3_D224_S4_L001-L004_merged	20	0	1	0	1
PsFluSBW25_chrm01_circ_1890465	Pf_BP_3_D224_S4_L001-L004_merged	32	0	1	0	1
PsFluSBW25_chrm01_circ_1908691	Pf_BP_3_D224_S4_L001-L004_merged	28	0	1	0	1
PsFluSBW25_chrm01_circ_1933415	Pf_BP_3_D224_S4_L001-L004_merged	45	0	1	0	1
PsFluSBW25_chrm01_circ_1965357	Pf_BP_3_D224_S4_L001-L004_merged	29	0	1	0	1
PsFluSBW25_chrm01_circ_1986756	Pf_BP_3_D224_S4_L001-L004_merged	29	0	1	0	1
PsFluSBW25_chrm01_circ_2063410	Pf_BP_3_D224_S4_L001-L004_merged	32	0	1	0	1
PsFluSBW25_chrm01_circ_2085733	Pf_BP_3_D224_S4_L001-L004_merged	38	0	1	0	1
PsFluSBW25_chrm01_circ_213914	Pf_BP_3_D224_S4_L001-L004_merged	14	0	1	0	1
PsFluSBW25_chrm01_circ_2161074	Pf_BP_3_D224_S4_L001-L004_merged	34	0	1	0	1
PsFluSBW25_chrm01_circ_2163959	Pf_BP_3_D224_S4_L001-L004_merged	29	0	1	0	1
PsFluSBW25_chrm01_circ_2167977	Pf_BP_3_D224_S4_L001-L004_merged	37	0	1	0	1
PsFluSBW25_chrm01_circ_2198957	Pf_BP_3_D224_S4_L001-L004_merged	32	0	1	0	1
PsFluSBW25_chrm01_circ_2244095	Pf_BP_3_D224_S4_L001-L004_merged	40	0	1	0	1
PsFluSBW25_chrm01_circ_2402212	Pf_BP_3_D224_S4_L001-L004_merged	35	0	1	0	1
PsFluSBW25_chrm01_circ_2453173	Pf_BP_3_D224_S4_L001-L004_merged	32	0	1	0	1
PsFluSBW25_chrm01_circ_2480284	Pf_BP_3_D224_S4_L001-L004_merged	15	19	1	0	1
PsFluSBW25_chrm01_circ_2533947	Pf_BP_3_D224_S4_L001-L004_merged	17	0	1	0	1
PsFluSBW25_chrm01_circ_2564357	Pf_BP_3_D224_S4_L001-L004_merged	26	0	1	0	1
PsFluSBW25_chrm01_circ_2692036	Pf_BP_3_D224_S4_L001-L004_merged	32	0	1	0	1
PsFluSBW25_chrm01_circ_2748923	Pf_BP_3_D224_S4_L001-L004_merged	37	0	1	0	1
PsFluSBW25_chrm01_circ_2766944	Pf_BP_3_D224_S4_L001-L004_merged	39	0	1	0	1
PsFluSBW25_chrm01_circ_2776101	Pf_BP_3_D224_S4_L001-L004_merged	40	0	1	0	1
PsFluSBW25_chrm01_circ_2844380	Pf_BP_3_D224_S4_L001-L004_merged	32	0	1	0	1
PsFluSBW25_chrm01_circ_2857080	Pf_BP_3_D224_S4_L001-L004_merged	10	0	1	0	1
PsFluSBW25_chrm01_circ_2948899	Pf_BP_3_D224_S4_L001-L004_merged	36	0	1	0	1
PsFluSBW25_chrm01_circ_2986589	Pf_BP_3_D224_S4_L001-L004_merged	26	0	1	0	1
PsFluSBW25_chrm01_circ_3046319	Pf_BP_3_D224_S4_L001-L004_merged	30	0	1	0	1
PsFluSBW25_chrm01_circ_3049960	Pf_BP_3_D224_S4_L001-L004_merged	33	0	1	0	1
PsFluSBW25_chrm01_circ_3301933	Pf_BP_3_D224_S4_L001-L004_merged	27	0	1	0	1
PsFluSBW25_chrm01_circ_3332858	Pf_BP_3_D224_S4_L001-L004_merged	21	0	1	0	1
PsFluSBW25_chrm01_circ_3351598	Pf_BP_3_D224_S4_L001-L004_merged	34	0	1	0	1
PsFluSBW25_chrm01_circ_342397	Pf_BP_3_D224_S4_L001-L004_merged	28	0	1	0	1
PsFluSBW25_chrm01_circ_3436927	Pf_BP_3_D224_S4_L001-L004_merged	39	0	1	0	1
PsFluSBW25_chrm01_circ_3456540	Pf_BP_3_D224_S4_L001-L004_merged	28	0	1	0	1
PsFluSBW25_chrm01_circ_349255	Pf_BP_3_D224_S4_L001-L004_merged	7	0	1	0	1
PsFluSBW25_chrm01_circ_37125	Pf_BP_3_D224_S4_L001-L004_merged	5	0	1	0	1
PsFluSBW25_chrm01_circ_3798211	Pf_BP_3_D224_S4_L001-L004_merged	37	0	1	0	1
PsFluSBW25_chrm01_circ_3838961	Pf_BP_3_D224_S4_L001-L004_merged	44	0	1	0	1
PsFluSBW25_chrm01_circ_3845100	Pf_BP_3_D224_S4_L001-L004_merged	38	0	1	0	1
PsFluSBW25_chrm01_circ_388609	Pf_BP_3_D224_S4_L001-L004_merged	40	0	1	0	1
PsFluSBW25_chrm01_circ_3886700	Pf_BP_3_D224_S4_L001-L004_merged	43	0	1	0	1
PsFluSBW25_chrm01_circ_4048876	Pf_BP_3_D224_S4_L001-L004_merged	22	0	1	0	1
PsFluSBW25_chrm01_circ_4062482	Pf_BP_3_D224_S4_L001-L004_merged	39	0	1	0	1
PsFluSBW25_chrm01_circ_407561	Pf_BP_3_D224_S4_L001-L004_merged	31	0	1	0	1
PsFluSBW25_chrm01_circ_4120561	Pf_BP_3_D224_S4_L001-L004_merged	44	0	1	0	1
PsFluSBW25_chrm01_circ_4155053	Pf_BP_3_D224_S4_L001-L004_merged	38	0	1	0	1
PsFluSBW25_chrm01_circ_4180044	Pf_BP_3_D224_S4_L001-L004_merged	33	0	1	0	1
PsFluSBW25_chrm01_circ_4203626	Pf_BP_3_D224_S4_L001-L004_merged	31	0	1	0	1
PsFluSBW25_chrm01_circ_425448	Pf_BP_3_D224_S4_L001-L004_merged	28	0	1	0	1
PsFluSBW25_chrm01_circ_4337542	Pf_BP_3_D224_S4_L001-L004_merged	30	0	1	0	1
PsFluSBW25_chrm01_circ_4368075	Pf_BP_3_D224_S4_L001-L004_merged	32	0	1	0	1
PsFluSBW25_chrm01_circ_441863	Pf_BP_3_D224_S4_L001-L004_merged	34	0	1	0	1
PsFluSBW25_chrm01_circ_4487200	Pf_BP_3_D224_S4_L001-L004_merged	32	0	1	0	1
PsFluSBW25_chrm01_circ_4522227	Pf_BP_3_D224_S4_L001-L004_merged	16	0	1	0	1
PsFluSBW25_chrm01_circ_4528974	Pf_BP_3_D224_S4_L001-L004_merged	25	0	1	0	1
PsFluSBW25_chrm01_circ_4566022	Pf_BP_3_D224_S4_L001-L004_merged	21	0	1	0	1
PsFluSBW25_chrm01_circ_4592386	Pf_BP_3_D224_S4_L001-L004_merged	22	0	1	0	1
PsFluSBW25_chrm01_circ_4595167	Pf_BP_3_D224_S4_L001-L004_merged	30	0	1	0	1
PsFluSBW25_chrm01_circ_4616287	Pf_BP_3_D224_S4_L001-L004_merged	22	0	1	0	1
PsFluSBW25_chrm01_circ_4644415	Pf_BP_3_D224_S4_L001-L004_merged	11	0	1	0	1
PsFluSBW25_chrm01_circ_4645653	Pf_BP_3_D224_S4_L001-L004_merged	24	0	1	0	1
PsFluSBW25_chrm01_circ_4697010	Pf_BP_3_D224_S4_L001-L004_merged	13	0	1	0	1
PsFluSBW25_chrm01_circ_470121	Pf_BP_3_D224_S4_L001-L004_merged	30	0	1	0	1
PsFluSBW25_chrm01_circ_4748517	Pf_BP_3_D224_S4_L001-L004_merged	29	0	1	0	1
PsFluSBW25_chrm01_circ_4751880	Pf_BP_3_D224_S4_L001-L004_merged	39	0	1	0	1
PsFluSBW25_chrm01_circ_4752384	Pf_BP_3_D224_S4_L001-L004_merged	31	2	1	0	1
PsFluSBW25_chrm01_circ_4803873	Pf_BP_3_D224_S4_L001-L004_merged	31	0	1	0	1
PsFluSBW25_chrm01_circ_4812193	Pf_BP_3_D224_S4_L001-L004_merged	40	0	1	0	1
PsFluSBW25_chrm01_circ_4872719	Pf_BP_3_D224_S4_L001-L004_merged	24	0	1	0	1
PsFluSBW25_chrm01_circ_4881730	Pf_BP_3_D224_S4_L001-L004_merged	35	0	1	0	1
PsFluSBW25_chrm01_circ_4931039	Pf_BP_3_D224_S4_L001-L004_merged	24	0	1	0	1
PsFluSBW25_chrm01_circ_4939038	Pf_BP_3_D224_S4_L001-L004_merged	29	0	1	0	1
PsFluSBW25_chrm01_circ_4941675	Pf_BP_3_D224_S4_L001-L004_merged	22	0	1	0	1
PsFluSBW25_chrm01_circ_4976801	Pf_BP_3_D224_S4_L001-L004_merged	12	0	1	0	1
PsFluSBW25_chrm01_circ_5004622	Pf_BP_3_D224_S4_L001-L004_merged	27	0	1	0	1
PsFluSBW25_chrm01_circ_5057411	Pf_BP_3_D224_S4_L001-L004_merged	20	0	1	0	1
PsFluSBW25_chrm01_circ_5068086	Pf_BP_3_D224_S4_L001-L004_merged	22	0	1	0	1
PsFluSBW25_chrm01_circ_5070696	Pf_BP_3_D224_S4_L001-L004_merged	13	0	1	0	1
PsFluSBW25_chrm01_circ_5088445	Pf_BP_3_D224_S4_L001-L004_merged	20	0	1	0	1
PsFluSBW25_chrm01_circ_5090218	Pf_BP_3_D224_S4_L001-L004_merged	25	0	1	0	1
PsFluSBW25_chrm01_circ_5098798	Pf_BP_3_D224_S4_L001-L004_merged	29	0	1	0	1
PsFluSBW25_chrm01_circ_5125224	Pf_BP_3_D224_S4_L001-L004_merged	27	0	1	0	1
PsFluSBW25_chrm01_circ_5139833	Pf_BP_3_D224_S4_L001-L004_merged	29	0	1	0	1
PsFluSBW25_chrm01_circ_514009	Pf_BP_3_D224_S4_L001-L004_merged	35	0	1	0	1
PsFluSBW25_chrm01_circ_5176227	Pf_BP_3_D224_S4_L001-L004_merged	21	0	1	0	1
PsFluSBW25_chrm01_circ_5177634	Pf_BP_3_D224_S4_L001-L004_merged	34	0	1	0	1
PsFluSBW25_chrm01_circ_5229842	Pf_BP_3_D224_S4_L001-L004_merged	6	0	1	0	1
PsFluSBW25_chrm01_circ_5229846	Pf_BP_3_D224_S4_L001-L004_merged	6	0	1	0	1
PsFluSBW25_chrm01_circ_5229848	Pf_BP_3_D224_S4_L001-L004_merged	6	0	1	0	1
PsFluSBW25_chrm01_circ_528492	Pf_BP_3_D224_S4_L001-L004_merged	25	0	1	0	1
PsFluSBW25_chrm01_circ_5306363	Pf_BP_3_D224_S4_L001-L004_merged	23	0	1	0	1
PsFluSBW25_chrm01_circ_531839	Pf_BP_3_D224_S4_L001-L004_merged	17	0	1	0	1
PsFluSBW25_chrm01_circ_5357118	Pf_BP_3_D224_S4_L001-L004_merged	28	0	1	0	1
PsFluSBW25_chrm01_circ_5396337	Pf_BP_3_D224_S4_L001-L004_merged	22	0	1	0	1
PsFluSBW25_chrm01_circ_5408499	Pf_BP_3_D224_S4_L001-L004_merged	8	0	1	0	1
PsFluSBW25_chrm01_circ_5468527	Pf_BP_3_D224_S4_L001-L004_merged	33	0	1	0	1
PsFluSBW25_chrm01_circ_5486155	Pf_BP_3_D224_S4_L001-L004_merged	14	0	1	0	1
PsFluSBW25_chrm01_circ_5516969	Pf_BP_3_D224_S4_L001-L004_merged	41	0	1	0	1
PsFluSBW25_chrm01_circ_5524086	Pf_BP_3_D224_S4_L001-L004_merged	4	0	1	0	1
PsFluSBW25_chrm01_circ_5534536	Pf_BP_3_D224_S4_L001-L004_merged	23	0	1	0	1
PsFluSBW25_chrm01_circ_5567439	Pf_BP_3_D224_S4_L001-L004_merged	29	0	1	0	1
PsFluSBW25_chrm01_circ_5624304	Pf_BP_3_D224_S4_L001-L004_merged	29	0	1	0	1
PsFluSBW25_chrm01_circ_5667496	Pf_BP_3_D224_S4_L001-L004_merged	22	2	1	0	1
PsFluSBW25_chrm01_circ_5671868	Pf_BP_3_D224_S4_L001-L004_merged	34	0	1	0	1
PsFluSBW25_chrm01_circ_5689413	Pf_BP_3_D224_S4_L001-L004_merged	25	0	1	0	1
PsFluSBW25_chrm01_circ_5709997	Pf_BP_3_D224_S4_L001-L004_merged	28	0	1	0	1
PsFluSBW25_chrm01_circ_5715825	Pf_BP_3_D224_S4_L001-L004_merged	22	0	1	0	1
PsFluSBW25_chrm01_circ_5716515	Pf_BP_3_D224_S4_L001-L004_merged	22	0	1	0	1
PsFluSBW25_chrm01_circ_5738290	Pf_BP_3_D224_S4_L001-L004_merged	18	0	1	0	1
PsFluSBW25_chrm01_circ_574868	Pf_BP_3_D224_S4_L001-L004_merged	35	0	1	0	1
PsFluSBW25_chrm01_circ_5826120	Pf_BP_3_D224_S4_L001-L004_merged	28	0	1	0	1
PsFluSBW25_chrm01_circ_5847593	Pf_BP_3_D224_S4_L001-L004_merged	25	0	1	0	1
PsFluSBW25_chrm01_circ_5847773	Pf_BP_3_D224_S4_L001-L004_merged	23	0	1	0	1
PsFluSBW25_chrm01_circ_5857442	Pf_BP_3_D224_S4_L001-L004_merged	25	0	1	0	1
PsFluSBW25_chrm01_circ_5857775	Pf_BP_3_D224_S4_L001-L004_merged	24	0	1	0	1
PsFluSBW25_chrm01_circ_5960908	Pf_BP_3_D224_S4_L001-L004_merged	40	0	1	0	1
PsFluSBW25_chrm01_circ_5967294	Pf_BP_3_D224_S4_L001-L004_merged	31	0	1	0	1
PsFluSBW25_chrm01_circ_5971715	Pf_BP_3_D224_S4_L001-L004_merged	37	0	1	0	1
PsFluSBW25_chrm01_circ_6079939	Pf_BP_3_D224_S4_L001-L004_merged	22	0	1	0	1
PsFluSBW25_chrm01_circ_6108733	Pf_BP_3_D224_S4_L001-L004_merged	27	0	1	0	1
PsFluSBW25_chrm01_circ_6154345	Pf_BP_3_D224_S4_L001-L004_merged	45	0	1	0	1
PsFluSBW25_chrm01_circ_6162469	Pf_BP_3_D224_S4_L001-L004_merged	27	0	1	0	1
PsFluSBW25_chrm01_circ_6193873	Pf_BP_3_D224_S4_L001-L004_merged	16	0	1	0	1
PsFluSBW25_chrm01_circ_6249985	Pf_BP_3_D224_S4_L001-L004_merged	21	0	1	0	1
PsFluSBW25_chrm01_circ_6280393	Pf_BP_3_D224_S4_L001-L004_merged	27	0	1	0	1
PsFluSBW25_chrm01_circ_6396367	Pf_BP_3_D224_S4_L001-L004_merged	5	0	1	0	1
PsFluSBW25_chrm01_circ_6446610	Pf_BP_3_D224_S4_L001-L004_merged	5	0	1	0	1
PsFluSBW25_chrm01_circ_6456835	Pf_BP_3_D224_S4_L001-L004_merged	28	0	1	0	1
PsFluSBW25_chrm01_circ_6457857	Pf_BP_3_D224_S4_L001-L004_merged	24	0	1	0	1
PsFluSBW25_chrm01_circ_650867	Pf_BP_3_D224_S4_L001-L004_merged	23	0	1	0	1
PsFluSBW25_chrm01_circ_6518389	Pf_BP_3_D224_S4_L001-L004_merged	30	1	1	0	1
PsFluSBW25_chrm01_circ_721709	Pf_BP_3_D224_S4_L001-L004_merged	18	0	1	0	1
PsFluSBW25_chrm01_circ_738710	Pf_BP_3_D224_S4_L001-L004_merged	25	0	1	0	1
PsFluSBW25_chrm01_circ_789548	Pf_BP_3_D224_S4_L001-L004_merged	28	0	1	0	1
PsFluSBW25_chrm01_circ_825120	Pf_BP_3_D224_S4_L001-L004_merged	33	0	1	0	1
PsFluSBW25_chrm01_circ_839909	Pf_BP_3_D224_S4_L001-L004_merged	41	0	1	0	1
PsFluSBW25_chrm01_circ_847781	Pf_BP_3_D224_S4_L001-L004_merged	30	0	1	0	1
PsFluSBW25_chrm01_circ_866943	Pf_BP_3_D224_S4_L001-L004_merged	17	0	1	0	1
PsFluSBW25_chrm01_circ_895493	Pf_BP_3_D224_S4_L001-L004_merged	15	2	1	0	1
PsFluSBW25_chrm01_circ_90695	Pf_BP_3_D224_S4_L001-L004_merged	29	0	1	0	1
PsFluSBW25_chrm01_circ_927323	Pf_BP_3_D224_S4_L001-L004_merged	32	0	1	0	1
PsFluSBW25_chrm01_circ_927626	Pf_BP_3_D224_S4_L001-L004_merged	35	0	1	0	1
PsFluSBW25_chrm01_circ_929036	Pf_BP_3_D224_S4_L001-L004_merged	18	1	1	0	1
PsFluSBW25_chrm01_circ_929543	Pf_BP_3_D224_S4_L001-L004_merged	18	0	1	0	1
PsFluSBW25_chrm01_circ_935922	Pf_BP_3_D224_S4_L001-L004_merged	23	2	1	0	1
PsFluSBW25_chrm01_circ_935928	Pf_BP_3_D224_S4_L001-L004_merged	22	2	1	0	1
PsFluSBW25_chrm01_circ_936093	Pf_BP_3_D224_S4_L001-L004_merged	11	18	1	0	1
PsFluSBW25_chrm01_circ_95741	Pf_BP_3_D224_S4_L001-L004_merged	11	0	1	0	1
PsFluSBW25_chrm01_circ_963620	Pf_BP_3_D224_S4_L001-L004_merged	37	0	1	0	1
PsFluSBW25_chrm01_circ_994031	Pf_BP_3_D224_S4_L001-L004_merged	19	0	1	0	1
PsFluSBW25_chrm01_circ_994471	Pf_BP_3_D224_S4_L001-L004_merged	26	0	1	0	1
PsFluSBW25_chrm01_circ_1095666	Pf_BP_3_D252_S37_L001-L004_merged	34	0	1	0	1
PsFluSBW25_chrm01_circ_1168746	Pf_BP_3_D252_S37_L001-L004_merged	25	11	1	0	1
PsFluSBW25_chrm01_circ_1183695	Pf_BP_3_D252_S37_L001-L004_merged	32	0	1	0	1
PsFluSBW25_chrm01_circ_1216959	Pf_BP_3_D252_S37_L001-L004_merged	24	0	1	0	1
PsFluSBW25_chrm01_circ_1223902	Pf_BP_3_D252_S37_L001-L004_merged	20	0	1	0	1
PsFluSBW25_chrm01_circ_1268939	Pf_BP_3_D252_S37_L001-L004_merged	28	0	1	0	1
PsFluSBW25_chrm01_circ_1276483	Pf_BP_3_D252_S37_L001-L004_merged	11	0	1	0	1
PsFluSBW25_chrm01_circ_1278375	Pf_BP_3_D252_S37_L001-L004_merged	22	0	1	0	1
PsFluSBW25_chrm01_circ_1279463	Pf_BP_3_D252_S37_L001-L004_merged	39	0	1	0	1
PsFluSBW25_chrm01_circ_1302422	Pf_BP_3_D252_S37_L001-L004_merged	29	0	1	0	1
PsFluSBW25_chrm01_circ_1305492	Pf_BP_3_D252_S37_L001-L004_merged	27	0	1	0	1
PsFluSBW25_chrm01_circ_130961	Pf_BP_3_D252_S37_L001-L004_merged	25	0	1	0	1
PsFluSBW25_chrm01_circ_1352002	Pf_BP_3_D252_S37_L001-L004_merged	6	0	1	0	1
PsFluSBW25_chrm01_circ_1358965	Pf_BP_3_D252_S37_L001-L004_merged	15	16	1	0	1
PsFluSBW25_chrm01_circ_1364472	Pf_BP_3_D252_S37_L001-L004_merged	26	0	1	0	1
PsFluSBW25_chrm01_circ_1375221	Pf_BP_3_D252_S37_L001-L004_merged	29	0	1	0	1
PsFluSBW25_chrm01_circ_1416341	Pf_BP_3_D252_S37_L001-L004_merged	28	0	1	0	1
PsFluSBW25_chrm01_circ_1452004	Pf_BP_3_D252_S37_L001-L004_merged	22	0	1	0	1
PsFluSBW25_chrm01_circ_1452810	Pf_BP_3_D252_S37_L001-L004_merged	13	0	1	0	1
PsFluSBW25_chrm01_circ_1480473	Pf_BP_3_D252_S37_L001-L004_merged	19	0	1	0	1
PsFluSBW25_chrm01_circ_1514552	Pf_BP_3_D252_S37_L001-L004_merged	7	0	1	0	1
PsFluSBW25_chrm01_circ_1680055	Pf_BP_3_D252_S37_L001-L004_merged	9	0	1	0	1
PsFluSBW25_chrm01_circ_1709973	Pf_BP_3_D252_S37_L001-L004_merged	31	0	1	0	1
PsFluSBW25_chrm01_circ_1756426	Pf_BP_3_D252_S37_L001-L004_merged	43	0	1	0	1
PsFluSBW25_chrm01_circ_1778554	Pf_BP_3_D252_S37_L001-L004_merged	26	0	1	0	1
PsFluSBW25_chrm01_circ_1785786	Pf_BP_3_D252_S37_L001-L004_merged	10	0	1	0	1
PsFluSBW25_chrm01_circ_1824623	Pf_BP_3_D252_S37_L001-L004_merged	27	2	1	0	1
PsFluSBW25_chrm01_circ_1867228	Pf_BP_3_D252_S37_L001-L004_merged	26	0	1	0	1
PsFluSBW25_chrm01_circ_1875122	Pf_BP_3_D252_S37_L001-L004_merged	28	0	1	0	1
PsFluSBW25_chrm01_circ_1890465	Pf_BP_3_D252_S37_L001-L004_merged	18	0	1	0	1
PsFluSBW25_chrm01_circ_1908691	Pf_BP_3_D252_S37_L001-L004_merged	25	0	1	0	1
PsFluSBW25_chrm01_circ_1933415	Pf_BP_3_D252_S37_L001-L004_merged	31	0	1	0	1
PsFluSBW25_chrm01_circ_1965357	Pf_BP_3_D252_S37_L001-L004_merged	18	0	1	0	1
PsFluSBW25_chrm01_circ_1986756	Pf_BP_3_D252_S37_L001-L004_merged	30	0	1	0	1
PsFluSBW25_chrm01_circ_2063410	Pf_BP_3_D252_S37_L001-L004_merged	21	0	1	0	1
PsFluSBW25_chrm01_circ_2085733	Pf_BP_3_D252_S37_L001-L004_merged	33	0	1	0	1
PsFluSBW25_chrm01_circ_213914	Pf_BP_3_D252_S37_L001-L004_merged	19	0	1	0	1
PsFluSBW25_chrm01_circ_2161074	Pf_BP_3_D252_S37_L001-L004_merged	26	0	1	0	1
PsFluSBW25_chrm01_circ_2163959	Pf_BP_3_D252_S37_L001-L004_merged	29	0	1	0	1
PsFluSBW25_chrm01_circ_2167977	Pf_BP_3_D252_S37_L001-L004_merged	48	0	1	0	1
PsFluSBW25_chrm01_circ_2198957	Pf_BP_3_D252_S37_L001-L004_merged	27	0	1	0	1
PsFluSBW25_chrm01_circ_2244095	Pf_BP_3_D252_S37_L001-L004_merged	28	0	1	0	1
PsFluSBW25_chrm01_circ_2402212	Pf_BP_3_D252_S37_L001-L004_merged	22	0	1	0	1
PsFluSBW25_chrm01_circ_2453173	Pf_BP_3_D252_S37_L001-L004_merged	27	0	1	0	1
PsFluSBW25_chrm01_circ_2480284	Pf_BP_3_D252_S37_L001-L004_merged	26	9	1	0	1
PsFluSBW25_chrm01_circ_2533947	Pf_BP_3_D252_S37_L001-L004_merged	13	0	1	0	1
PsFluSBW25_chrm01_circ_2564357	Pf_BP_3_D252_S37_L001-L004_merged	33	0	1	0	1
PsFluSBW25_chrm01_circ_2692036	Pf_BP_3_D252_S37_L001-L004_merged	33	0	1	0	1
PsFluSBW25_chrm01_circ_2748923	Pf_BP_3_D252_S37_L001-L004_merged	29	0	1	0	1
PsFluSBW25_chrm01_circ_2766944	Pf_BP_3_D252_S37_L001-L004_merged	36	0	1	0	1
PsFluSBW25_chrm01_circ_2776101	Pf_BP_3_D252_S37_L001-L004_merged	24	0	1	0	1
PsFluSBW25_chrm01_circ_2844380	Pf_BP_3_D252_S37_L001-L004_merged	19	0	1	0	1
PsFluSBW25_chrm01_circ_2857080	Pf_BP_3_D252_S37_L001-L004_merged	4	0	1	0	1
PsFluSBW25_chrm01_circ_2948899	Pf_BP_3_D252_S37_L001-L004_merged	28	0	1	0	1
PsFluSBW25_chrm01_circ_2986589	Pf_BP_3_D252_S37_L001-L004_merged	20	0	1	0	1
PsFluSBW25_chrm01_circ_3046319	Pf_BP_3_D252_S37_L001-L004_merged	27	0	1	0	1
PsFluSBW25_chrm01_circ_3049960	Pf_BP_3_D252_S37_L001-L004_merged	33	0	1	0	1
PsFluSBW25_chrm01_circ_3301933	Pf_BP_3_D252_S37_L001-L004_merged	32	0	1	0	1
PsFluSBW25_chrm01_circ_3332858	Pf_BP_3_D252_S37_L001-L004_merged	38	0	1	0	1
PsFluSBW25_chrm01_circ_3351598	Pf_BP_3_D252_S37_L001-L004_merged	37	0	1	0	1
PsFluSBW25_chrm01_circ_342397	Pf_BP_3_D252_S37_L001-L004_merged	22	0	1	0	1
PsFluSBW25_chrm01_circ_3436927	Pf_BP_3_D252_S37_L001-L004_merged	34	0	1	0	1
PsFluSBW25_chrm01_circ_3456540	Pf_BP_3_D252_S37_L001-L004_merged	16	0	1	0	1
PsFluSBW25_chrm01_circ_349255	Pf_BP_3_D252_S37_L001-L004_merged	19	0	1	0	1
PsFluSBW25_chrm01_circ_37125	Pf_BP_3_D252_S37_L001-L004_merged	11	0	1	0	1
PsFluSBW25_chrm01_circ_3798211	Pf_BP_3_D252_S37_L001-L004_merged	27	0	1	0	1
PsFluSBW25_chrm01_circ_3838961	Pf_BP_3_D252_S37_L001-L004_merged	24	0	1	0	1
PsFluSBW25_chrm01_circ_3845100	Pf_BP_3_D252_S37_L001-L004_merged	24	0	1	0	1
PsFluSBW25_chrm01_circ_388609	Pf_BP_3_D252_S37_L001-L004_merged	22	0	1	0	1
PsFluSBW25_chrm01_circ_3886700	Pf_BP_3_D252_S37_L001-L004_merged	29	0	1	0	1
PsFluSBW25_chrm01_circ_4048876	Pf_BP_3_D252_S37_L001-L004_merged	22	0	1	0	1
PsFluSBW25_chrm01_circ_4062482	Pf_BP_3_D252_S37_L001-L004_merged	25	0	1	0	1
PsFluSBW25_chrm01_circ_407561	Pf_BP_3_D252_S37_L001-L004_merged	13	0	1	0	1
PsFluSBW25_chrm01_circ_4120561	Pf_BP_3_D252_S37_L001-L004_merged	32	0	1	0	1
PsFluSBW25_chrm01_circ_4155053	Pf_BP_3_D252_S37_L001-L004_merged	24	0	1	0	1
PsFluSBW25_chrm01_circ_4180044	Pf_BP_3_D252_S37_L001-L004_merged	24	0	1	0	1
PsFluSBW25_chrm01_circ_4203626	Pf_BP_3_D252_S37_L001-L004_merged	18	0	1	0	1
PsFluSBW25_chrm01_circ_425448	Pf_BP_3_D252_S37_L001-L004_merged	27	0	1	0	1
PsFluSBW25_chrm01_circ_4337542	Pf_BP_3_D252_S37_L001-L004_merged	33	0	1	0	1
PsFluSBW25_chrm01_circ_4368075	Pf_BP_3_D252_S37_L001-L004_merged	19	0	1	0	1
PsFluSBW25_chrm01_circ_441863	Pf_BP_3_D252_S37_L001-L004_merged	25	0	1	0	1
PsFluSBW25_chrm01_circ_4487200	Pf_BP_3_D252_S37_L001-L004_merged	33	0	1	0	1
PsFluSBW25_chrm01_circ_4522227	Pf_BP_3_D252_S37_L001-L004_merged	10	0	1	0	1
PsFluSBW25_chrm01_circ_4528974	Pf_BP_3_D252_S37_L001-L004_merged	28	0	1	0	1
PsFluSBW25_chrm01_circ_4566022	Pf_BP_3_D252_S37_L001-L004_merged	19	0	1	0	1
PsFluSBW25_chrm01_circ_4592386	Pf_BP_3_D252_S37_L001-L004_merged	27	0	1	0	1
PsFluSBW25_chrm01_circ_4595167	Pf_BP_3_D252_S37_L001-L004_merged	30	0	1	0	1
PsFluSBW25_chrm01_circ_4616287	Pf_BP_3_D252_S37_L001-L004_merged	20	0	1	0	1
PsFluSBW25_chrm01_circ_4644415	Pf_BP_3_D252_S37_L001-L004_merged	6	0	1	0	1
PsFluSBW25_chrm01_circ_4645653	Pf_BP_3_D252_S37_L001-L004_merged	30	0	1	0	1
PsFluSBW25_chrm01_circ_4697010	Pf_BP_3_D252_S37_L001-L004_merged	12	0	1	0	1
PsFluSBW25_chrm01_circ_470121	Pf_BP_3_D252_S37_L001-L004_merged	29	0	1	0	1
PsFluSBW25_chrm01_circ_4748517	Pf_BP_3_D252_S37_L001-L004_merged	23	0	1	0	1
PsFluSBW25_chrm01_circ_4751880	Pf_BP_3_D252_S37_L001-L004_merged	18	0	1	0	1
PsFluSBW25_chrm01_circ_4752384	Pf_BP_3_D252_S37_L001-L004_merged	39	2	1	0	1
PsFluSBW25_chrm01_circ_4803873	Pf_BP_3_D252_S37_L001-L004_merged	29	0	1	0	1
PsFluSBW25_chrm01_circ_4812193	Pf_BP_3_D252_S37_L001-L004_merged	31	0	1	0	1
PsFluSBW25_chrm01_circ_4872719	Pf_BP_3_D252_S37_L001-L004_merged	37	0	1	0	1
PsFluSBW25_chrm01_circ_4881730	Pf_BP_3_D252_S37_L001-L004_merged	26	0	1	0	1
PsFluSBW25_chrm01_circ_4931039	Pf_BP_3_D252_S37_L001-L004_merged	22	0	1	0	1
PsFluSBW25_chrm01_circ_4939038	Pf_BP_3_D252_S37_L001-L004_merged	31	0	1	0	1
PsFluSBW25_chrm01_circ_4941675	Pf_BP_3_D252_S37_L001-L004_merged	21	0	1	0	1
PsFluSBW25_chrm01_circ_4976801	Pf_BP_3_D252_S37_L001-L004_merged	7	0	1	0	1
PsFluSBW25_chrm01_circ_5004622	Pf_BP_3_D252_S37_L001-L004_merged	26	0	1	0	1
PsFluSBW25_chrm01_circ_5057411	Pf_BP_3_D252_S37_L001-L004_merged	21	0	1	0	1
PsFluSBW25_chrm01_circ_5068086	Pf_BP_3_D252_S37_L001-L004_merged	34	0	1	0	1
PsFluSBW25_chrm01_circ_5070696	Pf_BP_3_D252_S37_L001-L004_merged	15	4	1	0	1
PsFluSBW25_chrm01_circ_5088445	Pf_BP_3_D252_S37_L001-L004_merged	23	0	1	0	1
PsFluSBW25_chrm01_circ_5090218	Pf_BP_3_D252_S37_L001-L004_merged	24	0	1	0	1
PsFluSBW25_chrm01_circ_5098798	Pf_BP_3_D252_S37_L001-L004_merged	31	0	1	0	1
PsFluSBW25_chrm01_circ_5125224	Pf_BP_3_D252_S37_L001-L004_merged	23	0	1	0	1
PsFluSBW25_chrm01_circ_5139833	Pf_BP_3_D252_S37_L001-L004_merged	28	0	1	0	1
PsFluSBW25_chrm01_circ_514009	Pf_BP_3_D252_S37_L001-L004_merged	28	0	1	0	1
PsFluSBW25_chrm01_circ_5176227	Pf_BP_3_D252_S37_L001-L004_merged	33	0	1	0	1
PsFluSBW25_chrm01_circ_5177634	Pf_BP_3_D252_S37_L001-L004_merged	30	0	1	0	1
PsFluSBW25_chrm01_circ_5229842	Pf_BP_3_D252_S37_L001-L004_merged	4	0	1	0	1
PsFluSBW25_chrm01_circ_5229846	Pf_BP_3_D252_S37_L001-L004_merged	4	0	1	0	1
PsFluSBW25_chrm01_circ_5229848	Pf_BP_3_D252_S37_L001-L004_merged	4	0	1	0	1
PsFluSBW25_chrm01_circ_528492	Pf_BP_3_D252_S37_L001-L004_merged	40	0	1	0	1
PsFluSBW25_chrm01_circ_5306363	Pf_BP_3_D252_S37_L001-L004_merged	23	0	1	0	1
PsFluSBW25_chrm01_circ_531839	Pf_BP_3_D252_S37_L001-L004_merged	16	0	1	0	1
PsFluSBW25_chrm01_circ_5357118	Pf_BP_3_D252_S37_L001-L004_merged	29	0	1	0	1
PsFluSBW25_chrm01_circ_5396337	Pf_BP_3_D252_S37_L001-L004_merged	21	0	1	0	1
PsFluSBW25_chrm01_circ_5408499	Pf_BP_3_D252_S37_L001-L004_merged	4	0	1	0	1
PsFluSBW25_chrm01_circ_5468527	Pf_BP_3_D252_S37_L001-L004_merged	27	0	1	0	1
PsFluSBW25_chrm01_circ_5486155	Pf_BP_3_D252_S37_L001-L004_merged	11	0	1	0	1
PsFluSBW25_chrm01_circ_5516969	Pf_BP_3_D252_S37_L001-L004_merged	36	0	1	0	1
PsFluSBW25_chrm01_circ_5524086	Pf_BP_3_D252_S37_L001-L004_merged	11	0	1	0	1
PsFluSBW25_chrm01_circ_5534536	Pf_BP_3_D252_S37_L001-L004_merged	23	0	1	0	1
PsFluSBW25_chrm01_circ_5567439	Pf_BP_3_D252_S37_L001-L004_merged	26	0	1	0	1
PsFluSBW25_chrm01_circ_5624304	Pf_BP_3_D252_S37_L001-L004_merged	30	0	1	0	1
PsFluSBW25_chrm01_circ_5667496	Pf_BP_3_D252_S37_L001-L004_merged	15	2	1	0	1
PsFluSBW25_chrm01_circ_5671868	Pf_BP_3_D252_S37_L001-L004_merged	19	0	1	0	1
PsFluSBW25_chrm01_circ_5689413	Pf_BP_3_D252_S37_L001-L004_merged	31	0	1	0	1
PsFluSBW25_chrm01_circ_5709997	Pf_BP_3_D252_S37_L001-L004_merged	30	1	1	0	1
PsFluSBW25_chrm01_circ_5715825	Pf_BP_3_D252_S37_L001-L004_merged	32	0	1	0	1
PsFluSBW25_chrm01_circ_5716515	Pf_BP_3_D252_S37_L001-L004_merged	23	0	1	0	1
PsFluSBW25_chrm01_circ_5738290	Pf_BP_3_D252_S37_L001-L004_merged	33	0	1	0	1
PsFluSBW25_chrm01_circ_574868	Pf_BP_3_D252_S37_L001-L004_merged	25	0	1	0	1
PsFluSBW25_chrm01_circ_5826120	Pf_BP_3_D252_S37_L001-L004_merged	22	0	1	0	1
PsFluSBW25_chrm01_circ_5847593	Pf_BP_3_D252_S37_L001-L004_merged	28	0	1	0	1
PsFluSBW25_chrm01_circ_5847773	Pf_BP_3_D252_S37_L001-L004_merged	25	0	1	0	1
PsFluSBW25_chrm01_circ_5857442	Pf_BP_3_D252_S37_L001-L004_merged	28	0	1	0	1
PsFluSBW25_chrm01_circ_5857775	Pf_BP_3_D252_S37_L001-L004_merged	33	0	1	0	1
PsFluSBW25_chrm01_circ_5960908	Pf_BP_3_D252_S37_L001-L004_merged	27	0	1	0	1
PsFluSBW25_chrm01_circ_5967294	Pf_BP_3_D252_S37_L001-L004_merged	28	0	1	0	1
PsFluSBW25_chrm01_circ_5971715	Pf_BP_3_D252_S37_L001-L004_merged	29	0	1	0	1
PsFluSBW25_chrm01_circ_6079939	Pf_BP_3_D252_S37_L001-L004_merged	23	0	1	0	1
PsFluSBW25_chrm01_circ_6108733	Pf_BP_3_D252_S37_L001-L004_merged	29	0	1	0	1
PsFluSBW25_chrm01_circ_6154345	Pf_BP_3_D252_S37_L001-L004_merged	37	0	1	0	1
PsFluSBW25_chrm01_circ_6162469	Pf_BP_3_D252_S37_L001-L004_merged	21	2	1	0	1
PsFluSBW25_chrm01_circ_6193873	Pf_BP_3_D252_S37_L001-L004_merged	9	0	1	0	1
PsFluSBW25_chrm01_circ_6249985	Pf_BP_3_D252_S37_L001-L004_merged	23	0	1	0	1
PsFluSBW25_chrm01_circ_6280393	Pf_BP_3_D252_S37_L001-L004_merged	37	0	1	0	1
PsFluSBW25_chrm01_circ_6396367	Pf_BP_3_D252_S37_L001-L004_merged	6	0	1	0	1
PsFluSBW25_chrm01_circ_6446610	Pf_BP_3_D252_S37_L001-L004_merged	10	0	1	0	1
PsFluSBW25_chrm01_circ_6456835	Pf_BP_3_D252_S37_L001-L004_merged	28	0	1	0	1
PsFluSBW25_chrm01_circ_6457857	Pf_BP_3_D252_S37_L001-L004_merged	19	0	1	0	1
PsFluSBW25_chrm01_circ_650867	Pf_BP_3_D252_S37_L001-L004_merged	27	0	1	0	1
PsFluSBW25_chrm01_circ_6518389	Pf_BP_3_D252_S37_L001-L004_merged	30	2	1	0	1
PsFluSBW25_chrm01_circ_721709	Pf_BP_3_D252_S37_L001-L004_merged	39	0	1	0	1
PsFluSBW25_chrm01_circ_738710	Pf_BP_3_D252_S37_L001-L004_merged	25	0	1	0	1
PsFluSBW25_chrm01_circ_789548	Pf_BP_3_D252_S37_L001-L004_merged	29	0	1	0	1
PsFluSBW25_chrm01_circ_825120	Pf_BP_3_D252_S37_L001-L004_merged	16	0	1	0	1
PsFluSBW25_chrm01_circ_839909	Pf_BP_3_D252_S37_L001-L004_merged	31	0	1	0	1
PsFluSBW25_chrm01_circ_847781	Pf_BP_3_D252_S37_L001-L004_merged	29	0	1	0	1
PsFluSBW25_chrm01_circ_866943	Pf_BP_3_D252_S37_L001-L004_merged	16	0	1	0	1
PsFluSBW25_chrm01_circ_895493	Pf_BP_3_D252_S37_L001-L004_merged	20	1	1	0	1
PsFluSBW25_chrm01_circ_90695	Pf_BP_3_D252_S37_L001-L004_merged	27	0	1	0	1
PsFluSBW25_chrm01_circ_927323	Pf_BP_3_D252_S37_L001-L004_merged	25	0	1	0	1
PsFluSBW25_chrm01_circ_927626	Pf_BP_3_D252_S37_L001-L004_merged	23	0	1	0	1
PsFluSBW25_chrm01_circ_929036	Pf_BP_3_D252_S37_L001-L004_merged	32	1	1	0	1
PsFluSBW25_chrm01_circ_929543	Pf_BP_3_D252_S37_L001-L004_merged	27	0	1	0	1
PsFluSBW25_chrm01_circ_935922	Pf_BP_3_D252_S37_L001-L004_merged	22	0	1	0	1
PsFluSBW25_chrm01_circ_935928	Pf_BP_3_D252_S37_L001-L004_merged	21	0	1	0	1
PsFluSBW25_chrm01_circ_936093	Pf_BP_3_D252_S37_L001-L004_merged	20	9	1	0	1
PsFluSBW25_chrm01_circ_95741	Pf_BP_3_D252_S37_L001-L004_merged	9	0	1	0	1
PsFluSBW25_chrm01_circ_963620	Pf_BP_3_D252_S37_L001-L004_merged	29	0	1	0	1
PsFluSBW25_chrm01_circ_994031	Pf_BP_3_D252_S37_L001-L004_merged	33	0	1	0	1
PsFluSBW25_chrm01_circ_994471	Pf_BP_3_D252_S37_L001-L004_merged	26	0	1	0	1
PsFluSBW25_chrm01_circ_1095666	Pf_BP_3_D279_S70_L001-L004_merged	27	0	1	0	1
PsFluSBW25_chrm01_circ_1168746	Pf_BP_3_D279_S70_L001-L004_merged	27	3	1	0	1
PsFluSBW25_chrm01_circ_1183695	Pf_BP_3_D279_S70_L001-L004_merged	26	0	1	0	1
PsFluSBW25_chrm01_circ_1216959	Pf_BP_3_D279_S70_L001-L004_merged	18	0	1	0	1
PsFluSBW25_chrm01_circ_1223902	Pf_BP_3_D279_S70_L001-L004_merged	26	0	1	0	1
PsFluSBW25_chrm01_circ_1268939	Pf_BP_3_D279_S70_L001-L004_merged	24	0	1	0	1
PsFluSBW25_chrm01_circ_1276483	Pf_BP_3_D279_S70_L001-L004_merged	14	0	1	0	1
PsFluSBW25_chrm01_circ_1278375	Pf_BP_3_D279_S70_L001-L004_merged	31	3	1	0	1
PsFluSBW25_chrm01_circ_1279463	Pf_BP_3_D279_S70_L001-L004_merged	40	0	1	0	1
PsFluSBW25_chrm01_circ_1302422	Pf_BP_3_D279_S70_L001-L004_merged	22	0	1	0	1
PsFluSBW25_chrm01_circ_1305492	Pf_BP_3_D279_S70_L001-L004_merged	30	0	1	0	1
PsFluSBW25_chrm01_circ_130961	Pf_BP_3_D279_S70_L001-L004_merged	25	0	1	0	1
PsFluSBW25_chrm01_circ_1352002	Pf_BP_3_D279_S70_L001-L004_merged	5	0	1	0	1
PsFluSBW25_chrm01_circ_1358965	Pf_BP_3_D279_S70_L001-L004_merged	16	10	1	0	1
PsFluSBW25_chrm01_circ_1364472	Pf_BP_3_D279_S70_L001-L004_merged	28	0	1	0	1
PsFluSBW25_chrm01_circ_1375221	Pf_BP_3_D279_S70_L001-L004_merged	20	0	1	0	1
PsFluSBW25_chrm01_circ_1416341	Pf_BP_3_D279_S70_L001-L004_merged	20	0	1	0	1
PsFluSBW25_chrm01_circ_1452004	Pf_BP_3_D279_S70_L001-L004_merged	21	0	1	0	1
PsFluSBW25_chrm01_circ_1452810	Pf_BP_3_D279_S70_L001-L004_merged	12	0	1	0	1
PsFluSBW25_chrm01_circ_1480473	Pf_BP_3_D279_S70_L001-L004_merged	37	0	1	0	1
PsFluSBW25_chrm01_circ_1514552	Pf_BP_3_D279_S70_L001-L004_merged	8	0	1	0	1
PsFluSBW25_chrm01_circ_1680055	Pf_BP_3_D279_S70_L001-L004_merged	7	0	1	0	1
PsFluSBW25_chrm01_circ_1709973	Pf_BP_3_D279_S70_L001-L004_merged	26	0	1	0	1
PsFluSBW25_chrm01_circ_1756426	Pf_BP_3_D279_S70_L001-L004_merged	30	0	1	0	1
PsFluSBW25_chrm01_circ_1778554	Pf_BP_3_D279_S70_L001-L004_merged	20	0	1	0	1
PsFluSBW25_chrm01_circ_1785786	Pf_BP_3_D279_S70_L001-L004_merged	11	0	1	0	1
PsFluSBW25_chrm01_circ_1824623	Pf_BP_3_D279_S70_L001-L004_merged	23	1	1	0	1
PsFluSBW25_chrm01_circ_1867228	Pf_BP_3_D279_S70_L001-L004_merged	24	0	1	0	1
PsFluSBW25_chrm01_circ_1875122	Pf_BP_3_D279_S70_L001-L004_merged	24	0	1	0	1
PsFluSBW25_chrm01_circ_1890465	Pf_BP_3_D279_S70_L001-L004_merged	24	0	1	0	1
PsFluSBW25_chrm01_circ_1908691	Pf_BP_3_D279_S70_L001-L004_merged	23	0	1	0	1
PsFluSBW25_chrm01_circ_1933415	Pf_BP_3_D279_S70_L001-L004_merged	26	0	1	0	1
PsFluSBW25_chrm01_circ_1965357	Pf_BP_3_D279_S70_L001-L004_merged	16	0	1	0	1
PsFluSBW25_chrm01_circ_1986756	Pf_BP_3_D279_S70_L001-L004_merged	31	0	1	0	1
PsFluSBW25_chrm01_circ_2063410	Pf_BP_3_D279_S70_L001-L004_merged	23	0	1	0	1
PsFluSBW25_chrm01_circ_2085733	Pf_BP_3_D279_S70_L001-L004_merged	20	0	1	0	1
PsFluSBW25_chrm01_circ_213914	Pf_BP_3_D279_S70_L001-L004_merged	6	1	1	0	1
PsFluSBW25_chrm01_circ_2161074	Pf_BP_3_D279_S70_L001-L004_merged	33	0	1	0	1
PsFluSBW25_chrm01_circ_2163959	Pf_BP_3_D279_S70_L001-L004_merged	22	0	1	0	1
PsFluSBW25_chrm01_circ_2167977	Pf_BP_3_D279_S70_L001-L004_merged	35	0	1	0	1
PsFluSBW25_chrm01_circ_2198957	Pf_BP_3_D279_S70_L001-L004_merged	33	1	1	0	1
PsFluSBW25_chrm01_circ_2244095	Pf_BP_3_D279_S70_L001-L004_merged	16	0	1	0	1
PsFluSBW25_chrm01_circ_2402212	Pf_BP_3_D279_S70_L001-L004_merged	32	0	1	0	1
PsFluSBW25_chrm01_circ_2453173	Pf_BP_3_D279_S70_L001-L004_merged	24	0	1	0	1
PsFluSBW25_chrm01_circ_2480284	Pf_BP_3_D279_S70_L001-L004_merged	20	17	1	0	1
PsFluSBW25_chrm01_circ_2533947	Pf_BP_3_D279_S70_L001-L004_merged	6	0	1	0	1
PsFluSBW25_chrm01_circ_2564357	Pf_BP_3_D279_S70_L001-L004_merged	33	0	1	0	1
PsFluSBW25_chrm01_circ_2692036	Pf_BP_3_D279_S70_L001-L004_merged	19	0	1	0	1
PsFluSBW25_chrm01_circ_2748923	Pf_BP_3_D279_S70_L001-L004_merged	25	0	1	0	1
PsFluSBW25_chrm01_circ_2766944	Pf_BP_3_D279_S70_L001-L004_merged	28	0	1	0	1
PsFluSBW25_chrm01_circ_2776101	Pf_BP_3_D279_S70_L001-L004_merged	38	0	1	0	1
PsFluSBW25_chrm01_circ_2844380	Pf_BP_3_D279_S70_L001-L004_merged	25	0	1	0	1
PsFluSBW25_chrm01_circ_2857080	Pf_BP_3_D279_S70_L001-L004_merged	8	0	1	0	1
PsFluSBW25_chrm01_circ_2948899	Pf_BP_3_D279_S70_L001-L004_merged	30	0	1	0	1
PsFluSBW25_chrm01_circ_2986589	Pf_BP_3_D279_S70_L001-L004_merged	40	0	1	0	1
PsFluSBW25_chrm01_circ_3046319	Pf_BP_3_D279_S70_L001-L004_merged	24	0	1	0	1
PsFluSBW25_chrm01_circ_3049960	Pf_BP_3_D279_S70_L001-L004_merged	33	0	1	0	1
PsFluSBW25_chrm01_circ_3301933	Pf_BP_3_D279_S70_L001-L004_merged	34	0	1	0	1
PsFluSBW25_chrm01_circ_3332858	Pf_BP_3_D279_S70_L001-L004_merged	26	0	1	0	1
PsFluSBW25_chrm01_circ_3351598	Pf_BP_3_D279_S70_L001-L004_merged	45	0	1	0	1
PsFluSBW25_chrm01_circ_342397	Pf_BP_3_D279_S70_L001-L004_merged	22	0	1	0	1
PsFluSBW25_chrm01_circ_3436927	Pf_BP_3_D279_S70_L001-L004_merged	24	0	1	0	1
PsFluSBW25_chrm01_circ_3456540	Pf_BP_3_D279_S70_L001-L004_merged	30	0	1	0	1
PsFluSBW25_chrm01_circ_349255	Pf_BP_3_D279_S70_L001-L004_merged	6	0	1	0	1
PsFluSBW25_chrm01_circ_37125	Pf_BP_3_D279_S70_L001-L004_merged	18	0	1	0	1
PsFluSBW25_chrm01_circ_3798211	Pf_BP_3_D279_S70_L001-L004_merged	33	0	1	0	1
PsFluSBW25_chrm01_circ_3838961	Pf_BP_3_D279_S70_L001-L004_merged	34	0	1	0	1
PsFluSBW25_chrm01_circ_3845100	Pf_BP_3_D279_S70_L001-L004_merged	28	0	1	0	1
PsFluSBW25_chrm01_circ_388609	Pf_BP_3_D279_S70_L001-L004_merged	35	0	1	0	1
PsFluSBW25_chrm01_circ_3886700	Pf_BP_3_D279_S70_L001-L004_merged	29	0	1	0	1
PsFluSBW25_chrm01_circ_4048876	Pf_BP_3_D279_S70_L001-L004_merged	29	0	1	0	1
PsFluSBW25_chrm01_circ_4062482	Pf_BP_3_D279_S70_L001-L004_merged	31	0	1	0	1
PsFluSBW25_chrm01_circ_407561	Pf_BP_3_D279_S70_L001-L004_merged	19	0	1	0	1
PsFluSBW25_chrm01_circ_4120561	Pf_BP_3_D279_S70_L001-L004_merged	29	0	1	0	1
PsFluSBW25_chrm01_circ_4155053	Pf_BP_3_D279_S70_L001-L004_merged	26	0	1	0	1
PsFluSBW25_chrm01_circ_4180044	Pf_BP_3_D279_S70_L001-L004_merged	20	1	1	0	1
PsFluSBW25_chrm01_circ_4203626	Pf_BP_3_D279_S70_L001-L004_merged	17	1	1	0	1
PsFluSBW25_chrm01_circ_425448	Pf_BP_3_D279_S70_L001-L004_merged	32	0	1	0	1
PsFluSBW25_chrm01_circ_4337542	Pf_BP_3_D279_S70_L001-L004_merged	24	0	1	0	1
PsFluSBW25_chrm01_circ_4368075	Pf_BP_3_D279_S70_L001-L004_merged	25	0	1	0	1
PsFluSBW25_chrm01_circ_441863	Pf_BP_3_D279_S70_L001-L004_merged	22	0	1	0	1
PsFluSBW25_chrm01_circ_4487200	Pf_BP_3_D279_S70_L001-L004_merged	31	0	1	0	1
PsFluSBW25_chrm01_circ_4522227	Pf_BP_3_D279_S70_L001-L004_merged	13	0	1	0	1
PsFluSBW25_chrm01_circ_4528974	Pf_BP_3_D279_S70_L001-L004_merged	35	0	1	0	1
PsFluSBW25_chrm01_circ_4566022	Pf_BP_3_D279_S70_L001-L004_merged	19	0	1	0	1
PsFluSBW25_chrm01_circ_4592386	Pf_BP_3_D279_S70_L001-L004_merged	22	0	1	0	1
PsFluSBW25_chrm01_circ_4595167	Pf_BP_3_D279_S70_L001-L004_merged	25	0	1	0	1
PsFluSBW25_chrm01_circ_4616287	Pf_BP_3_D279_S70_L001-L004_merged	19	0	1	0	1
PsFluSBW25_chrm01_circ_4644415	Pf_BP_3_D279_S70_L001-L004_merged	8	0	1	0	1
PsFluSBW25_chrm01_circ_4645653	Pf_BP_3_D279_S70_L001-L004_merged	26	0	1	0	1
PsFluSBW25_chrm01_circ_4697010	Pf_BP_3_D279_S70_L001-L004_merged	3	0	1	0	1
PsFluSBW25_chrm01_circ_470121	Pf_BP_3_D279_S70_L001-L004_merged	30	0	1	0	1
PsFluSBW25_chrm01_circ_4748517	Pf_BP_3_D279_S70_L001-L004_merged	17	0	1	0	1
PsFluSBW25_chrm01_circ_4751880	Pf_BP_3_D279_S70_L001-L004_merged	35	0	1	0	1
PsFluSBW25_chrm01_circ_4752384	Pf_BP_3_D279_S70_L001-L004_merged	28	7	1	0	1
PsFluSBW25_chrm01_circ_4803873	Pf_BP_3_D279_S70_L001-L004_merged	30	0	1	0	1
PsFluSBW25_chrm01_circ_4812193	Pf_BP_3_D279_S70_L001-L004_merged	28	0	1	0	1
PsFluSBW25_chrm01_circ_4872719	Pf_BP_3_D279_S70_L001-L004_merged	32	0	1	0	1
PsFluSBW25_chrm01_circ_4881730	Pf_BP_3_D279_S70_L001-L004_merged	31	0	1	0	1
PsFluSBW25_chrm01_circ_4931039	Pf_BP_3_D279_S70_L001-L004_merged	27	0	1	0	1
PsFluSBW25_chrm01_circ_4939038	Pf_BP_3_D279_S70_L001-L004_merged	30	0	1	0	1
PsFluSBW25_chrm01_circ_4941675	Pf_BP_3_D279_S70_L001-L004_merged	23	0	1	0	1
PsFluSBW25_chrm01_circ_4976801	Pf_BP_3_D279_S70_L001-L004_merged	8	0	1	0	1
PsFluSBW25_chrm01_circ_5004622	Pf_BP_3_D279_S70_L001-L004_merged	24	0	1	0	1
PsFluSBW25_chrm01_circ_5057411	Pf_BP_3_D279_S70_L001-L004_merged	20	0	1	0	1
PsFluSBW25_chrm01_circ_5068086	Pf_BP_3_D279_S70_L001-L004_merged	21	0	1	0	1
PsFluSBW25_chrm01_circ_5070696	Pf_BP_3_D279_S70_L001-L004_merged	12	1	1	0	1
PsFluSBW25_chrm01_circ_5088445	Pf_BP_3_D279_S70_L001-L004_merged	22	0	1	0	1
PsFluSBW25_chrm01_circ_5090218	Pf_BP_3_D279_S70_L001-L004_merged	26	0	1	0	1
PsFluSBW25_chrm01_circ_5098798	Pf_BP_3_D279_S70_L001-L004_merged	28	0	1	0	1
PsFluSBW25_chrm01_circ_5125224	Pf_BP_3_D279_S70_L001-L004_merged	28	0	1	0	1
PsFluSBW25_chrm01_circ_5139833	Pf_BP_3_D279_S70_L001-L004_merged	36	0	1	0	1
PsFluSBW25_chrm01_circ_514009	Pf_BP_3_D279_S70_L001-L004_merged	32	0	1	0	1
PsFluSBW25_chrm01_circ_5176227	Pf_BP_3_D279_S70_L001-L004_merged	20	0	1	0	1
PsFluSBW25_chrm01_circ_5177634	Pf_BP_3_D279_S70_L001-L004_merged	26	0	1	0	1
PsFluSBW25_chrm01_circ_5229842	Pf_BP_3_D279_S70_L001-L004_merged	6	0	1	0	1
PsFluSBW25_chrm01_circ_5229846	Pf_BP_3_D279_S70_L001-L004_merged	6	0	1	0	1
PsFluSBW25_chrm01_circ_5229848	Pf_BP_3_D279_S70_L001-L004_merged	6	0	1	0	1
PsFluSBW25_chrm01_circ_528492	Pf_BP_3_D279_S70_L001-L004_merged	20	0	1	0	1
PsFluSBW25_chrm01_circ_5306363	Pf_BP_3_D279_S70_L001-L004_merged	23	0	1	0	1
PsFluSBW25_chrm01_circ_531839	Pf_BP_3_D279_S70_L001-L004_merged	14	1	1	0	1
PsFluSBW25_chrm01_circ_5357118	Pf_BP_3_D279_S70_L001-L004_merged	11	0	1	0	1
PsFluSBW25_chrm01_circ_5396337	Pf_BP_3_D279_S70_L001-L004_merged	26	0	1	0	1
PsFluSBW25_chrm01_circ_5408499	Pf_BP_3_D279_S70_L001-L004_merged	13	0	1	0	1
PsFluSBW25_chrm01_circ_5468527	Pf_BP_3_D279_S70_L001-L004_merged	30	0	1	0	1
PsFluSBW25_chrm01_circ_5486155	Pf_BP_3_D279_S70_L001-L004_merged	9	0	1	0	1
PsFluSBW25_chrm01_circ_5516969	Pf_BP_3_D279_S70_L001-L004_merged	32	0	1	0	1
PsFluSBW25_chrm01_circ_5524086	Pf_BP_3_D279_S70_L001-L004_merged	5	0	1	0	1
PsFluSBW25_chrm01_circ_5534536	Pf_BP_3_D279_S70_L001-L004_merged	22	0	1	0	1
PsFluSBW25_chrm01_circ_5567439	Pf_BP_3_D279_S70_L001-L004_merged	24	0	1	0	1
PsFluSBW25_chrm01_circ_5624304	Pf_BP_3_D279_S70_L001-L004_merged	25	0	1	0	1
PsFluSBW25_chrm01_circ_5667496	Pf_BP_3_D279_S70_L001-L004_merged	17	1	1	0	1
PsFluSBW25_chrm01_circ_5671868	Pf_BP_3_D279_S70_L001-L004_merged	34	0	1	0	1
PsFluSBW25_chrm01_circ_5689413	Pf_BP_3_D279_S70_L001-L004_merged	18	0	1	0	1
PsFluSBW25_chrm01_circ_5709997	Pf_BP_3_D279_S70_L001-L004_merged	25	0	1	0	1
PsFluSBW25_chrm01_circ_5715825	Pf_BP_3_D279_S70_L001-L004_merged	27	0	1	0	1
PsFluSBW25_chrm01_circ_5716515	Pf_BP_3_D279_S70_L001-L004_merged	28	0	1	0	1
PsFluSBW25_chrm01_circ_5738290	Pf_BP_3_D279_S70_L001-L004_merged	33	0	1	0	1
PsFluSBW25_chrm01_circ_574868	Pf_BP_3_D279_S70_L001-L004_merged	22	0	1	0	1
PsFluSBW25_chrm01_circ_5826120	Pf_BP_3_D279_S70_L001-L004_merged	27	0	1	0	1
PsFluSBW25_chrm01_circ_5847593	Pf_BP_3_D279_S70_L001-L004_merged	21	0	1	0	1
PsFluSBW25_chrm01_circ_5847773	Pf_BP_3_D279_S70_L001-L004_merged	24	0	1	0	1
PsFluSBW25_chrm01_circ_5857442	Pf_BP_3_D279_S70_L001-L004_merged	28	0	1	0	1
PsFluSBW25_chrm01_circ_5857775	Pf_BP_3_D279_S70_L001-L004_merged	26	0	1	0	1
PsFluSBW25_chrm01_circ_5960908	Pf_BP_3_D279_S70_L001-L004_merged	27	0	1	0	1
PsFluSBW25_chrm01_circ_5967294	Pf_BP_3_D279_S70_L001-L004_merged	31	0	1	0	1
PsFluSBW25_chrm01_circ_5971715	Pf_BP_3_D279_S70_L001-L004_merged	24	0	1	0	1
PsFluSBW25_chrm01_circ_6079939	Pf_BP_3_D279_S70_L001-L004_merged	28	0	1	0	1
PsFluSBW25_chrm01_circ_6108733	Pf_BP_3_D279_S70_L001-L004_merged	23	0	1	0	1
PsFluSBW25_chrm01_circ_6154345	Pf_BP_3_D279_S70_L001-L004_merged	29	0	1	0	1
PsFluSBW25_chrm01_circ_6162469	Pf_BP_3_D279_S70_L001-L004_merged	16	1	1	0	1
PsFluSBW25_chrm01_circ_6193873	Pf_BP_3_D279_S70_L001-L004_merged	8	0	1	0	1
PsFluSBW25_chrm01_circ_6249985	Pf_BP_3_D279_S70_L001-L004_merged	21	0	1	0	1
PsFluSBW25_chrm01_circ_6280393	Pf_BP_3_D279_S70_L001-L004_merged	19	0	1	0	1
PsFluSBW25_chrm01_circ_6396367	Pf_BP_3_D279_S70_L001-L004_merged	7	0	1	0	1
PsFluSBW25_chrm01_circ_6446610	Pf_BP_3_D279_S70_L001-L004_merged	9	0	1	0	1
PsFluSBW25_chrm01_circ_6456835	Pf_BP_3_D279_S70_L001-L004_merged	24	0	1	0	1
PsFluSBW25_chrm01_circ_6457857	Pf_BP_3_D279_S70_L001-L004_merged	12	0	1	0	1
PsFluSBW25_chrm01_circ_650867	Pf_BP_3_D279_S70_L001-L004_merged	30	1	1	0	1
PsFluSBW25_chrm01_circ_6518389	Pf_BP_3_D279_S70_L001-L004_merged	20	8	1	0	1
PsFluSBW25_chrm01_circ_721709	Pf_BP_3_D279_S70_L001-L004_merged	27	0	1	0	1
PsFluSBW25_chrm01_circ_738710	Pf_BP_3_D279_S70_L001-L004_merged	17	0	1	0	1
PsFluSBW25_chrm01_circ_789548	Pf_BP_3_D279_S70_L001-L004_merged	25	0	1	0	1
PsFluSBW25_chrm01_circ_825120	Pf_BP_3_D279_S70_L001-L004_merged	25	0	1	0	1
PsFluSBW25_chrm01_circ_839909	Pf_BP_3_D279_S70_L001-L004_merged	37	0	1	0	1
PsFluSBW25_chrm01_circ_847781	Pf_BP_3_D279_S70_L001-L004_merged	20	0	1	0	1
PsFluSBW25_chrm01_circ_866943	Pf_BP_3_D279_S70_L001-L004_merged	12	0	1	0	1
PsFluSBW25_chrm01_circ_895493	Pf_BP_3_D279_S70_L001-L004_merged	5	1	1	0	1
PsFluSBW25_chrm01_circ_90695	Pf_BP_3_D279_S70_L001-L004_merged	25	0	1	0	1
PsFluSBW25_chrm01_circ_927323	Pf_BP_3_D279_S70_L001-L004_merged	30	0	1	0	1
PsFluSBW25_chrm01_circ_927626	Pf_BP_3_D279_S70_L001-L004_merged	26	0	1	0	1
PsFluSBW25_chrm01_circ_929036	Pf_BP_3_D279_S70_L001-L004_merged	19	0	1	0	1
PsFluSBW25_chrm01_circ_929543	Pf_BP_3_D279_S70_L001-L004_merged	13	0	1	0	1
PsFluSBW25_chrm01_circ_935922	Pf_BP_3_D279_S70_L001-L004_merged	26	0	1	0	1
PsFluSBW25_chrm01_circ_935928	Pf_BP_3_D279_S70_L001-L004_merged	26	0	1	0	1
PsFluSBW25_chrm01_circ_936093	Pf_BP_3_D279_S70_L001-L004_merged	22	9	1	0	1
PsFluSBW25_chrm01_circ_95741	Pf_BP_3_D279_S70_L001-L004_merged	10	0	1	0	1
PsFluSBW25_chrm01_circ_963620	Pf_BP_3_D279_S70_L001-L004_merged	24	0	1	0	1
PsFluSBW25_chrm01_circ_994031	Pf_BP_3_D279_S70_L001-L004_merged	24	0	1	0	1
PsFluSBW25_chrm01_circ_994471	Pf_BP_3_D279_S70_L001-L004_merged	23	1	1	0	1
PsFluSBW25_chrm01_circ_1095666	Pf_BP_3_D28_S23_L001-L004_merged	27	0	1	0	1
PsFluSBW25_chrm01_circ_1168746	Pf_BP_3_D28_S23_L001-L004_merged	45	0	1	0	1
PsFluSBW25_chrm01_circ_1183695	Pf_BP_3_D28_S23_L001-L004_merged	15	0	1	0	1
PsFluSBW25_chrm01_circ_1216959	Pf_BP_3_D28_S23_L001-L004_merged	28	0	1	0	1
PsFluSBW25_chrm01_circ_1223902	Pf_BP_3_D28_S23_L001-L004_merged	34	0	1	0	1
PsFluSBW25_chrm01_circ_1268939	Pf_BP_3_D28_S23_L001-L004_merged	30	0	1	0	1
PsFluSBW25_chrm01_circ_1276483	Pf_BP_3_D28_S23_L001-L004_merged	20	0	1	0	1
PsFluSBW25_chrm01_circ_1278375	Pf_BP_3_D28_S23_L001-L004_merged	35	0	1	0	1
PsFluSBW25_chrm01_circ_1279463	Pf_BP_3_D28_S23_L001-L004_merged	31	0	1	0	1
PsFluSBW25_chrm01_circ_1302422	Pf_BP_3_D28_S23_L001-L004_merged	26	0	1	0	1
PsFluSBW25_chrm01_circ_1305492	Pf_BP_3_D28_S23_L001-L004_merged	33	0	1	0	1
PsFluSBW25_chrm01_circ_130961	Pf_BP_3_D28_S23_L001-L004_merged	32	0	1	0	1
PsFluSBW25_chrm01_circ_1352002	Pf_BP_3_D28_S23_L001-L004_merged	8	0	1	0	1
PsFluSBW25_chrm01_circ_1358965	Pf_BP_3_D28_S23_L001-L004_merged	34	0	1	0	1
PsFluSBW25_chrm01_circ_1364472	Pf_BP_3_D28_S23_L001-L004_merged	41	0	1	0	1
PsFluSBW25_chrm01_circ_1375221	Pf_BP_3_D28_S23_L001-L004_merged	26	0	1	0	1
PsFluSBW25_chrm01_circ_1416341	Pf_BP_3_D28_S23_L001-L004_merged	27	0	1	0	1
PsFluSBW25_chrm01_circ_1452004	Pf_BP_3_D28_S23_L001-L004_merged	24	0	1	0	1
PsFluSBW25_chrm01_circ_1452810	Pf_BP_3_D28_S23_L001-L004_merged	9	0	1	0	1
PsFluSBW25_chrm01_circ_1480473	Pf_BP_3_D28_S23_L001-L004_merged	27	0	1	0	1
PsFluSBW25_chrm01_circ_1514552	Pf_BP_3_D28_S23_L001-L004_merged	10	0	1	0	1
PsFluSBW25_chrm01_circ_1680055	Pf_BP_3_D28_S23_L001-L004_merged	9	0	1	0	1
PsFluSBW25_chrm01_circ_1709973	Pf_BP_3_D28_S23_L001-L004_merged	30	0	1	0	1
PsFluSBW25_chrm01_circ_1756426	Pf_BP_3_D28_S23_L001-L004_merged	35	0	1	0	1
PsFluSBW25_chrm01_circ_1778554	Pf_BP_3_D28_S23_L001-L004_merged	34	0	1	0	1
PsFluSBW25_chrm01_circ_1785786	Pf_BP_3_D28_S23_L001-L004_merged	11	0	1	0	1
PsFluSBW25_chrm01_circ_1824623	Pf_BP_3_D28_S23_L001-L004_merged	28	0	1	0	1
PsFluSBW25_chrm01_circ_1867228	Pf_BP_3_D28_S23_L001-L004_merged	37	0	1	0	1
PsFluSBW25_chrm01_circ_1875122	Pf_BP_3_D28_S23_L001-L004_merged	25	0	1	0	1
PsFluSBW25_chrm01_circ_1890465	Pf_BP_3_D28_S23_L001-L004_merged	23	0	1	0	1
PsFluSBW25_chrm01_circ_1908691	Pf_BP_3_D28_S23_L001-L004_merged	30	0	1	0	1
PsFluSBW25_chrm01_circ_1933415	Pf_BP_3_D28_S23_L001-L004_merged	30	0	1	0	1
PsFluSBW25_chrm01_circ_1965357	Pf_BP_3_D28_S23_L001-L004_merged	16	0	1	0	1
PsFluSBW25_chrm01_circ_1986756	Pf_BP_3_D28_S23_L001-L004_merged	24	0	1	0	1
PsFluSBW25_chrm01_circ_2063410	Pf_BP_3_D28_S23_L001-L004_merged	26	0	1	0	1
PsFluSBW25_chrm01_circ_2085733	Pf_BP_3_D28_S23_L001-L004_merged	42	0	1	0	1
PsFluSBW25_chrm01_circ_213914	Pf_BP_3_D28_S23_L001-L004_merged	14	0	1	0	1
PsFluSBW25_chrm01_circ_2161074	Pf_BP_3_D28_S23_L001-L004_merged	37	0	1	0	1
PsFluSBW25_chrm01_circ_2163959	Pf_BP_3_D28_S23_L001-L004_merged	35	0	1	0	1
PsFluSBW25_chrm01_circ_2167977	Pf_BP_3_D28_S23_L001-L004_merged	34	0	1	0	1
PsFluSBW25_chrm01_circ_2198957	Pf_BP_3_D28_S23_L001-L004_merged	31	0	1	0	1
PsFluSBW25_chrm01_circ_2244095	Pf_BP_3_D28_S23_L001-L004_merged	31	0	1	0	1
PsFluSBW25_chrm01_circ_2402212	Pf_BP_3_D28_S23_L001-L004_merged	36	0	1	0	1
PsFluSBW25_chrm01_circ_2453173	Pf_BP_3_D28_S23_L001-L004_merged	33	0	1	0	1
PsFluSBW25_chrm01_circ_2480284	Pf_BP_3_D28_S23_L001-L004_merged	36	0	1	0	1
PsFluSBW25_chrm01_circ_2533947	Pf_BP_3_D28_S23_L001-L004_merged	11	0	1	0	1
PsFluSBW25_chrm01_circ_2564357	Pf_BP_3_D28_S23_L001-L004_merged	24	0	1	0	1
PsFluSBW25_chrm01_circ_2692036	Pf_BP_3_D28_S23_L001-L004_merged	36	0	1	0	1
PsFluSBW25_chrm01_circ_2748923	Pf_BP_3_D28_S23_L001-L004_merged	45	0	1	0	1
PsFluSBW25_chrm01_circ_2766944	Pf_BP_3_D28_S23_L001-L004_merged	37	0	1	0	1
PsFluSBW25_chrm01_circ_2776101	Pf_BP_3_D28_S23_L001-L004_merged	34	0	1	0	1
PsFluSBW25_chrm01_circ_2844380	Pf_BP_3_D28_S23_L001-L004_merged	25	0	1	0	1
PsFluSBW25_chrm01_circ_2857080	Pf_BP_3_D28_S23_L001-L004_merged	8	0	1	0	1
PsFluSBW25_chrm01_circ_2948899	Pf_BP_3_D28_S23_L001-L004_merged	42	0	1	0	1
PsFluSBW25_chrm01_circ_2986589	Pf_BP_3_D28_S23_L001-L004_merged	29	0	1	0	1
PsFluSBW25_chrm01_circ_3046319	Pf_BP_3_D28_S23_L001-L004_merged	28	0	1	0	1
PsFluSBW25_chrm01_circ_3049960	Pf_BP_3_D28_S23_L001-L004_merged	34	0	1	0	1
PsFluSBW25_chrm01_circ_3301933	Pf_BP_3_D28_S23_L001-L004_merged	38	0	1	0	1
PsFluSBW25_chrm01_circ_3332858	Pf_BP_3_D28_S23_L001-L004_merged	26	0	1	0	1
PsFluSBW25_chrm01_circ_3351598	Pf_BP_3_D28_S23_L001-L004_merged	48	0	1	0	1
PsFluSBW25_chrm01_circ_342397	Pf_BP_3_D28_S23_L001-L004_merged	29	0	1	0	1
PsFluSBW25_chrm01_circ_3436927	Pf_BP_3_D28_S23_L001-L004_merged	29	0	1	0	1
PsFluSBW25_chrm01_circ_3456540	Pf_BP_3_D28_S23_L001-L004_merged	31	0	1	0	1
PsFluSBW25_chrm01_circ_349255	Pf_BP_3_D28_S23_L001-L004_merged	11	0	1	0	1
PsFluSBW25_chrm01_circ_37125	Pf_BP_3_D28_S23_L001-L004_merged	27	0	1	0	1
PsFluSBW25_chrm01_circ_3798211	Pf_BP_3_D28_S23_L001-L004_merged	30	0	1	0	1
PsFluSBW25_chrm01_circ_3838961	Pf_BP_3_D28_S23_L001-L004_merged	27	0	1	0	1
PsFluSBW25_chrm01_circ_3845100	Pf_BP_3_D28_S23_L001-L004_merged	38	0	1	0	1
PsFluSBW25_chrm01_circ_388609	Pf_BP_3_D28_S23_L001-L004_merged	24	0	1	0	1
PsFluSBW25_chrm01_circ_3886700	Pf_BP_3_D28_S23_L001-L004_merged	42	0	1	0	1
PsFluSBW25_chrm01_circ_4048876	Pf_BP_3_D28_S23_L001-L004_merged	26	0	1	0	1
PsFluSBW25_chrm01_circ_4062482	Pf_BP_3_D28_S23_L001-L004_merged	33	0	1	0	1
PsFluSBW25_chrm01_circ_407561	Pf_BP_3_D28_S23_L001-L004_merged	29	0	1	0	1
PsFluSBW25_chrm01_circ_4120561	Pf_BP_3_D28_S23_L001-L004_merged	35	0	1	0	1
PsFluSBW25_chrm01_circ_4155053	Pf_BP_3_D28_S23_L001-L004_merged	26	0	1	0	1
PsFluSBW25_chrm01_circ_4180044	Pf_BP_3_D28_S23_L001-L004_merged	31	0	1	0	1
PsFluSBW25_chrm01_circ_4203626	Pf_BP_3_D28_S23_L001-L004_merged	29	0	1	0	1
PsFluSBW25_chrm01_circ_425448	Pf_BP_3_D28_S23_L001-L004_merged	36	0	1	0	1
PsFluSBW25_chrm01_circ_4337542	Pf_BP_3_D28_S23_L001-L004_merged	24	0	1	0	1
PsFluSBW25_chrm01_circ_4368075	Pf_BP_3_D28_S23_L001-L004_merged	28	0	1	0	1
PsFluSBW25_chrm01_circ_441863	Pf_BP_3_D28_S23_L001-L004_merged	26	0	1	0	1
PsFluSBW25_chrm01_circ_4487200	Pf_BP_3_D28_S23_L001-L004_merged	36	0	1	0	1
PsFluSBW25_chrm01_circ_4522227	Pf_BP_3_D28_S23_L001-L004_merged	15	0	1	0	1
PsFluSBW25_chrm01_circ_4528974	Pf_BP_3_D28_S23_L001-L004_merged	31	0	1	0	1
PsFluSBW25_chrm01_circ_4566022	Pf_BP_3_D28_S23_L001-L004_merged	23	0	1	0	1
PsFluSBW25_chrm01_circ_4592386	Pf_BP_3_D28_S23_L001-L004_merged	33	0	1	0	1
PsFluSBW25_chrm01_circ_4595167	Pf_BP_3_D28_S23_L001-L004_merged	40	0	1	0	1
PsFluSBW25_chrm01_circ_4616287	Pf_BP_3_D28_S23_L001-L004_merged	24	0	1	0	1
PsFluSBW25_chrm01_circ_4644415	Pf_BP_3_D28_S23_L001-L004_merged	11	0	1	0	1
PsFluSBW25_chrm01_circ_4645653	Pf_BP_3_D28_S23_L001-L004_merged	24	0	1	0	1
PsFluSBW25_chrm01_circ_4697010	Pf_BP_3_D28_S23_L001-L004_merged	11	0	1	0	1
PsFluSBW25_chrm01_circ_470121	Pf_BP_3_D28_S23_L001-L004_merged	29	0	1	0	1
PsFluSBW25_chrm01_circ_4748517	Pf_BP_3_D28_S23_L001-L004_merged	35	0	1	0	1
PsFluSBW25_chrm01_circ_4751880	Pf_BP_3_D28_S23_L001-L004_merged	42	0	1	0	1
PsFluSBW25_chrm01_circ_4752384	Pf_BP_3_D28_S23_L001-L004_merged	40	0	1	0	1
PsFluSBW25_chrm01_circ_4803873	Pf_BP_3_D28_S23_L001-L004_merged	41	0	1	0	1
PsFluSBW25_chrm01_circ_4812193	Pf_BP_3_D28_S23_L001-L004_merged	38	0	1	0	1
PsFluSBW25_chrm01_circ_4872719	Pf_BP_3_D28_S23_L001-L004_merged	27	0	1	0	1
PsFluSBW25_chrm01_circ_4881730	Pf_BP_3_D28_S23_L001-L004_merged	28	0	1	0	1
PsFluSBW25_chrm01_circ_4931039	Pf_BP_3_D28_S23_L001-L004_merged	33	0	1	0	1
PsFluSBW25_chrm01_circ_4939038	Pf_BP_3_D28_S23_L001-L004_merged	28	0	1	0	1
PsFluSBW25_chrm01_circ_4941675	Pf_BP_3_D28_S23_L001-L004_merged	19	0	1	0	1
PsFluSBW25_chrm01_circ_4976801	Pf_BP_3_D28_S23_L001-L004_merged	10	0	1	0	1
PsFluSBW25_chrm01_circ_5004622	Pf_BP_3_D28_S23_L001-L004_merged	40	0	1	0	1
PsFluSBW25_chrm01_circ_5057411	Pf_BP_3_D28_S23_L001-L004_merged	34	0	1	0	1
PsFluSBW25_chrm01_circ_5068086	Pf_BP_3_D28_S23_L001-L004_merged	15	0	1	0	1
PsFluSBW25_chrm01_circ_5070696	Pf_BP_3_D28_S23_L001-L004_merged	14	0	1	0	1
PsFluSBW25_chrm01_circ_5088445	Pf_BP_3_D28_S23_L001-L004_merged	25	1	1	0	1
PsFluSBW25_chrm01_circ_5090218	Pf_BP_3_D28_S23_L001-L004_merged	30	0	1	0	1
PsFluSBW25_chrm01_circ_5098798	Pf_BP_3_D28_S23_L001-L004_merged	22	0	1	0	1
PsFluSBW25_chrm01_circ_5125224	Pf_BP_3_D28_S23_L001-L004_merged	26	0	1	0	1
PsFluSBW25_chrm01_circ_5139833	Pf_BP_3_D28_S23_L001-L004_merged	36	0	1	0	1
PsFluSBW25_chrm01_circ_514009	Pf_BP_3_D28_S23_L001-L004_merged	25	0	1	0	1
PsFluSBW25_chrm01_circ_5176227	Pf_BP_3_D28_S23_L001-L004_merged	37	0	1	0	1
PsFluSBW25_chrm01_circ_5177634	Pf_BP_3_D28_S23_L001-L004_merged	32	0	1	0	1
PsFluSBW25_chrm01_circ_5229842	Pf_BP_3_D28_S23_L001-L004_merged	11	0	1	0	1
PsFluSBW25_chrm01_circ_5229846	Pf_BP_3_D28_S23_L001-L004_merged	10	0	1	0	1
PsFluSBW25_chrm01_circ_5229848	Pf_BP_3_D28_S23_L001-L004_merged	9	0	1	0	1
PsFluSBW25_chrm01_circ_528492	Pf_BP_3_D28_S23_L001-L004_merged	25	0	1	0	1
PsFluSBW25_chrm01_circ_5306363	Pf_BP_3_D28_S23_L001-L004_merged	31	0	1	0	1
PsFluSBW25_chrm01_circ_531839	Pf_BP_3_D28_S23_L001-L004_merged	21	0	1	0	1
PsFluSBW25_chrm01_circ_5357118	Pf_BP_3_D28_S23_L001-L004_merged	34	0	1	0	1
PsFluSBW25_chrm01_circ_5396337	Pf_BP_3_D28_S23_L001-L004_merged	18	0	1	0	1
PsFluSBW25_chrm01_circ_5408499	Pf_BP_3_D28_S23_L001-L004_merged	11	0	1	0	1
PsFluSBW25_chrm01_circ_5468527	Pf_BP_3_D28_S23_L001-L004_merged	32	0	1	0	1
PsFluSBW25_chrm01_circ_5486155	Pf_BP_3_D28_S23_L001-L004_merged	10	0	1	0	1
PsFluSBW25_chrm01_circ_5516969	Pf_BP_3_D28_S23_L001-L004_merged	43	0	1	0	1
PsFluSBW25_chrm01_circ_5524086	Pf_BP_3_D28_S23_L001-L004_merged	14	0	1	0	1
PsFluSBW25_chrm01_circ_5534536	Pf_BP_3_D28_S23_L001-L004_merged	27	0	1	0	1
PsFluSBW25_chrm01_circ_5567439	Pf_BP_3_D28_S23_L001-L004_merged	40	0	1	0	1
PsFluSBW25_chrm01_circ_5624304	Pf_BP_3_D28_S23_L001-L004_merged	34	0	1	0	1
PsFluSBW25_chrm01_circ_5667496	Pf_BP_3_D28_S23_L001-L004_merged	27	0	1	0	1
PsFluSBW25_chrm01_circ_5671868	Pf_BP_3_D28_S23_L001-L004_merged	29	0	1	0	1
PsFluSBW25_chrm01_circ_5689413	Pf_BP_3_D28_S23_L001-L004_merged	27	0	1	0	1
PsFluSBW25_chrm01_circ_5709997	Pf_BP_3_D28_S23_L001-L004_merged	33	0	1	0	1
PsFluSBW25_chrm01_circ_5715825	Pf_BP_3_D28_S23_L001-L004_merged	36	0	1	0	1
PsFluSBW25_chrm01_circ_5716515	Pf_BP_3_D28_S23_L001-L004_merged	16	0	1	0	1
PsFluSBW25_chrm01_circ_5738290	Pf_BP_3_D28_S23_L001-L004_merged	32	0	1	0	1
PsFluSBW25_chrm01_circ_574868	Pf_BP_3_D28_S23_L001-L004_merged	42	0	1	0	1
PsFluSBW25_chrm01_circ_5826120	Pf_BP_3_D28_S23_L001-L004_merged	56	0	1	0	1
PsFluSBW25_chrm01_circ_5847593	Pf_BP_3_D28_S23_L001-L004_merged	26	0	1	0	1
PsFluSBW25_chrm01_circ_5847773	Pf_BP_3_D28_S23_L001-L004_merged	36	0	1	0	1
PsFluSBW25_chrm01_circ_5857442	Pf_BP_3_D28_S23_L001-L004_merged	38	0	1	0	1
PsFluSBW25_chrm01_circ_5857775	Pf_BP_3_D28_S23_L001-L004_merged	35	0	1	0	1
PsFluSBW25_chrm01_circ_5960908	Pf_BP_3_D28_S23_L001-L004_merged	38	0	1	0	1
PsFluSBW25_chrm01_circ_5967294	Pf_BP_3_D28_S23_L001-L004_merged	35	0	1	0	1
PsFluSBW25_chrm01_circ_5971715	Pf_BP_3_D28_S23_L001-L004_merged	32	0	1	0	1
PsFluSBW25_chrm01_circ_6079939	Pf_BP_3_D28_S23_L001-L004_merged	37	0	1	0	1
PsFluSBW25_chrm01_circ_6108733	Pf_BP_3_D28_S23_L001-L004_merged	28	0	1	0	1
PsFluSBW25_chrm01_circ_6154345	Pf_BP_3_D28_S23_L001-L004_merged	35	0	1	0	1
PsFluSBW25_chrm01_circ_6162469	Pf_BP_3_D28_S23_L001-L004_merged	26	1	1	0	1
PsFluSBW25_chrm01_circ_6193873	Pf_BP_3_D28_S23_L001-L004_merged	21	0	1	0	1
PsFluSBW25_chrm01_circ_6249985	Pf_BP_3_D28_S23_L001-L004_merged	30	0	1	0	1
PsFluSBW25_chrm01_circ_6280393	Pf_BP_3_D28_S23_L001-L004_merged	24	0	1	0	1
PsFluSBW25_chrm01_circ_6396367	Pf_BP_3_D28_S23_L001-L004_merged	10	0	1	0	1
PsFluSBW25_chrm01_circ_6446610	Pf_BP_3_D28_S23_L001-L004_merged	12	0	1	0	1
PsFluSBW25_chrm01_circ_6456835	Pf_BP_3_D28_S23_L001-L004_merged	40	0	1	0	1
PsFluSBW25_chrm01_circ_6457857	Pf_BP_3_D28_S23_L001-L004_merged	36	0	1	0	1
PsFluSBW25_chrm01_circ_650867	Pf_BP_3_D28_S23_L001-L004_merged	46	1	1	0	1
PsFluSBW25_chrm01_circ_6518389	Pf_BP_3_D28_S23_L001-L004_merged	35	0	1	0	1
PsFluSBW25_chrm01_circ_721709	Pf_BP_3_D28_S23_L001-L004_merged	40	0	1	0	1
PsFluSBW25_chrm01_circ_738710	Pf_BP_3_D28_S23_L001-L004_merged	28	0	1	0	1
PsFluSBW25_chrm01_circ_789548	Pf_BP_3_D28_S23_L001-L004_merged	33	0	1	0	1
PsFluSBW25_chrm01_circ_825120	Pf_BP_3_D28_S23_L001-L004_merged	23	0	1	0	1
PsFluSBW25_chrm01_circ_839909	Pf_BP_3_D28_S23_L001-L004_merged	41	0	1	0	1
PsFluSBW25_chrm01_circ_847781	Pf_BP_3_D28_S23_L001-L004_merged	29	0	1	0	1
PsFluSBW25_chrm01_circ_866943	Pf_BP_3_D28_S23_L001-L004_merged	13	0	1	0	1
PsFluSBW25_chrm01_circ_895493	Pf_BP_3_D28_S23_L001-L004_merged	19	0	1	0	1
PsFluSBW25_chrm01_circ_90695	Pf_BP_3_D28_S23_L001-L004_merged	22	0	1	0	1
PsFluSBW25_chrm01_circ_927323	Pf_BP_3_D28_S23_L001-L004_merged	33	0	1	0	1
PsFluSBW25_chrm01_circ_927626	Pf_BP_3_D28_S23_L001-L004_merged	33	0	1	0	1
PsFluSBW25_chrm01_circ_929036	Pf_BP_3_D28_S23_L001-L004_merged	22	0	1	0	1
PsFluSBW25_chrm01_circ_929543	Pf_BP_3_D28_S23_L001-L004_merged	15	0	1	0	1
PsFluSBW25_chrm01_circ_935922	Pf_BP_3_D28_S23_L001-L004_merged	45	0	1	0	1
PsFluSBW25_chrm01_circ_935928	Pf_BP_3_D28_S23_L001-L004_merged	42	0	1	0	1
PsFluSBW25_chrm01_circ_936093	Pf_BP_3_D28_S23_L001-L004_merged	33	0	1	0	1
PsFluSBW25_chrm01_circ_95741	Pf_BP_3_D28_S23_L001-L004_merged	12	0	1	0	1
PsFluSBW25_chrm01_circ_963620	Pf_BP_3_D28_S23_L001-L004_merged	45	0	1	0	1
PsFluSBW25_chrm01_circ_994031	Pf_BP_3_D28_S23_L001-L004_merged	40	0	1	0	1
PsFluSBW25_chrm01_circ_994471	Pf_BP_3_D28_S23_L001-L004_merged	32	0	1	0	1
PsFluSBW25_chrm01_circ_1095666	Pf_BP_3_D310_S16_L001-L004_merged	31	0	1	0	1
PsFluSBW25_chrm01_circ_1168746	Pf_BP_3_D310_S16_L001-L004_merged	34	2	1	0	1
PsFluSBW25_chrm01_circ_1183695	Pf_BP_3_D310_S16_L001-L004_merged	15	0	1	0	1
PsFluSBW25_chrm01_circ_1216959	Pf_BP_3_D310_S16_L001-L004_merged	23	0	1	0	1
PsFluSBW25_chrm01_circ_1223902	Pf_BP_3_D310_S16_L001-L004_merged	32	0	1	0	1
PsFluSBW25_chrm01_circ_1268939	Pf_BP_3_D310_S16_L001-L004_merged	43	0	1	0	1
PsFluSBW25_chrm01_circ_1276483	Pf_BP_3_D310_S16_L001-L004_merged	16	0	1	0	1
PsFluSBW25_chrm01_circ_1278375	Pf_BP_3_D310_S16_L001-L004_merged	32	7	1	0	1
PsFluSBW25_chrm01_circ_1279463	Pf_BP_3_D310_S16_L001-L004_merged	38	1	1	0	1
PsFluSBW25_chrm01_circ_1302422	Pf_BP_3_D310_S16_L001-L004_merged	17	0	1	0	1
PsFluSBW25_chrm01_circ_1305492	Pf_BP_3_D310_S16_L001-L004_merged	37	0	1	0	1
PsFluSBW25_chrm01_circ_130961	Pf_BP_3_D310_S16_L001-L004_merged	46	0	1	0	1
PsFluSBW25_chrm01_circ_1352002	Pf_BP_3_D310_S16_L001-L004_merged	9	0	1	0	1
PsFluSBW25_chrm01_circ_1358965	Pf_BP_3_D310_S16_L001-L004_merged	14	15	1	0	1
PsFluSBW25_chrm01_circ_1364472	Pf_BP_3_D310_S16_L001-L004_merged	37	0	1	0	1
PsFluSBW25_chrm01_circ_1375221	Pf_BP_3_D310_S16_L001-L004_merged	28	0	1	0	1
PsFluSBW25_chrm01_circ_1416341	Pf_BP_3_D310_S16_L001-L004_merged	28	0	1	0	1
PsFluSBW25_chrm01_circ_1452004	Pf_BP_3_D310_S16_L001-L004_merged	35	0	1	0	1
PsFluSBW25_chrm01_circ_1452810	Pf_BP_3_D310_S16_L001-L004_merged	7	0	1	0	1
PsFluSBW25_chrm01_circ_1480473	Pf_BP_3_D310_S16_L001-L004_merged	34	0	1	0	1
PsFluSBW25_chrm01_circ_1514552	Pf_BP_3_D310_S16_L001-L004_merged	12	0	1	0	1
PsFluSBW25_chrm01_circ_1680055	Pf_BP_3_D310_S16_L001-L004_merged	12	0	1	0	1
PsFluSBW25_chrm01_circ_1709973	Pf_BP_3_D310_S16_L001-L004_merged	34	0	1	0	1
PsFluSBW25_chrm01_circ_1756426	Pf_BP_3_D310_S16_L001-L004_merged	37	0	1	0	1
PsFluSBW25_chrm01_circ_1778554	Pf_BP_3_D310_S16_L001-L004_merged	28	1	1	0	1
PsFluSBW25_chrm01_circ_1785786	Pf_BP_3_D310_S16_L001-L004_merged	10	0	1	0	1
PsFluSBW25_chrm01_circ_1824623	Pf_BP_3_D310_S16_L001-L004_merged	30	5	1	0	1
PsFluSBW25_chrm01_circ_1867228	Pf_BP_3_D310_S16_L001-L004_merged	30	0	1	0	1
PsFluSBW25_chrm01_circ_1875122	Pf_BP_3_D310_S16_L001-L004_merged	29	0	1	0	1
PsFluSBW25_chrm01_circ_1890465	Pf_BP_3_D310_S16_L001-L004_merged	20	0	1	0	1
PsFluSBW25_chrm01_circ_1908691	Pf_BP_3_D310_S16_L001-L004_merged	22	0	1	0	1
PsFluSBW25_chrm01_circ_1933415	Pf_BP_3_D310_S16_L001-L004_merged	34	0	1	0	1
PsFluSBW25_chrm01_circ_1965357	Pf_BP_3_D310_S16_L001-L004_merged	24	0	1	0	1
PsFluSBW25_chrm01_circ_1986756	Pf_BP_3_D310_S16_L001-L004_merged	40	0	1	0	1
PsFluSBW25_chrm01_circ_2063410	Pf_BP_3_D310_S16_L001-L004_merged	33	0	1	0	1
PsFluSBW25_chrm01_circ_2085733	Pf_BP_3_D310_S16_L001-L004_merged	31	0	1	0	1
PsFluSBW25_chrm01_circ_213914	Pf_BP_3_D310_S16_L001-L004_merged	17	0	1	0	1
PsFluSBW25_chrm01_circ_2161074	Pf_BP_3_D310_S16_L001-L004_merged	37	0	1	0	1
PsFluSBW25_chrm01_circ_2163959	Pf_BP_3_D310_S16_L001-L004_merged	33	0	1	0	1
PsFluSBW25_chrm01_circ_2167977	Pf_BP_3_D310_S16_L001-L004_merged	39	0	1	0	1
PsFluSBW25_chrm01_circ_2198957	Pf_BP_3_D310_S16_L001-L004_merged	25	1	1	0	1
PsFluSBW25_chrm01_circ_2244095	Pf_BP_3_D310_S16_L001-L004_merged	27	0	1	0	1
PsFluSBW25_chrm01_circ_2402212	Pf_BP_3_D310_S16_L001-L004_merged	31	0	1	0	1
PsFluSBW25_chrm01_circ_2453173	Pf_BP_3_D310_S16_L001-L004_merged	37	0	1	0	1
PsFluSBW25_chrm01_circ_2480284	Pf_BP_3_D310_S16_L001-L004_merged	22	18	1	0	1
PsFluSBW25_chrm01_circ_2533947	Pf_BP_3_D310_S16_L001-L004_merged	14	0	1	0	1
PsFluSBW25_chrm01_circ_2564357	Pf_BP_3_D310_S16_L001-L004_merged	41	0	1	0	1
PsFluSBW25_chrm01_circ_2692036	Pf_BP_3_D310_S16_L001-L004_merged	34	0	1	0	1
PsFluSBW25_chrm01_circ_2748923	Pf_BP_3_D310_S16_L001-L004_merged	43	0	1	0	1
PsFluSBW25_chrm01_circ_2766944	Pf_BP_3_D310_S16_L001-L004_merged	49	0	1	0	1
PsFluSBW25_chrm01_circ_2776101	Pf_BP_3_D310_S16_L001-L004_merged	43	0	1	0	1
PsFluSBW25_chrm01_circ_2844380	Pf_BP_3_D310_S16_L001-L004_merged	30	0	1	0	1
PsFluSBW25_chrm01_circ_2857080	Pf_BP_3_D310_S16_L001-L004_merged	15	0	1	0	1
PsFluSBW25_chrm01_circ_2948899	Pf_BP_3_D310_S16_L001-L004_merged	45	0	1	0	1
PsFluSBW25_chrm01_circ_2986589	Pf_BP_3_D310_S16_L001-L004_merged	32	0	1	0	1
PsFluSBW25_chrm01_circ_3046319	Pf_BP_3_D310_S16_L001-L004_merged	36	0	1	0	1
PsFluSBW25_chrm01_circ_3049960	Pf_BP_3_D310_S16_L001-L004_merged	29	1	1	0	1
PsFluSBW25_chrm01_circ_3301933	Pf_BP_3_D310_S16_L001-L004_merged	25	0	1	0	1
PsFluSBW25_chrm01_circ_3332858	Pf_BP_3_D310_S16_L001-L004_merged	31	0	1	0	1
PsFluSBW25_chrm01_circ_3351598	Pf_BP_3_D310_S16_L001-L004_merged	41	1	1	0	1
PsFluSBW25_chrm01_circ_342397	Pf_BP_3_D310_S16_L001-L004_merged	27	0	1	0	1
PsFluSBW25_chrm01_circ_3436927	Pf_BP_3_D310_S16_L001-L004_merged	30	1	1	0	1
PsFluSBW25_chrm01_circ_3456540	Pf_BP_3_D310_S16_L001-L004_merged	28	1	1	0	1
PsFluSBW25_chrm01_circ_349255	Pf_BP_3_D310_S16_L001-L004_merged	10	0	1	0	1
PsFluSBW25_chrm01_circ_37125	Pf_BP_3_D310_S16_L001-L004_merged	11	0	1	0	1
PsFluSBW25_chrm01_circ_3798211	Pf_BP_3_D310_S16_L001-L004_merged	33	0	1	0	1
PsFluSBW25_chrm01_circ_3838961	Pf_BP_3_D310_S16_L001-L004_merged	51	0	1	0	1
PsFluSBW25_chrm01_circ_3845100	Pf_BP_3_D310_S16_L001-L004_merged	30	0	1	0	1
PsFluSBW25_chrm01_circ_388609	Pf_BP_3_D310_S16_L001-L004_merged	31	0	1	0	1
PsFluSBW25_chrm01_circ_3886700	Pf_BP_3_D310_S16_L001-L004_merged	55	0	1	0	1
PsFluSBW25_chrm01_circ_4048876	Pf_BP_3_D310_S16_L001-L004_merged	23	0	1	0	1
PsFluSBW25_chrm01_circ_4062482	Pf_BP_3_D310_S16_L001-L004_merged	41	0	1	0	1
PsFluSBW25_chrm01_circ_407561	Pf_BP_3_D310_S16_L001-L004_merged	31	0	1	0	1
PsFluSBW25_chrm01_circ_4120561	Pf_BP_3_D310_S16_L001-L004_merged	36	0	1	0	1
PsFluSBW25_chrm01_circ_4155053	Pf_BP_3_D310_S16_L001-L004_merged	32	0	1	0	1
PsFluSBW25_chrm01_circ_4180044	Pf_BP_3_D310_S16_L001-L004_merged	28	0	1	0	1
PsFluSBW25_chrm01_circ_4203626	Pf_BP_3_D310_S16_L001-L004_merged	18	8	1	0	1
PsFluSBW25_chrm01_circ_425448	Pf_BP_3_D310_S16_L001-L004_merged	25	0	1	0	1
PsFluSBW25_chrm01_circ_4337542	Pf_BP_3_D310_S16_L001-L004_merged	28	0	1	0	1
PsFluSBW25_chrm01_circ_4368075	Pf_BP_3_D310_S16_L001-L004_merged	44	0	1	0	1
PsFluSBW25_chrm01_circ_441863	Pf_BP_3_D310_S16_L001-L004_merged	31	0	1	0	1
PsFluSBW25_chrm01_circ_4487200	Pf_BP_3_D310_S16_L001-L004_merged	34	0	1	0	1
PsFluSBW25_chrm01_circ_4522227	Pf_BP_3_D310_S16_L001-L004_merged	18	0	1	0	1
PsFluSBW25_chrm01_circ_4528974	Pf_BP_3_D310_S16_L001-L004_merged	34	1	1	0	1
PsFluSBW25_chrm01_circ_4566022	Pf_BP_3_D310_S16_L001-L004_merged	22	0	1	0	1
PsFluSBW25_chrm01_circ_4592386	Pf_BP_3_D310_S16_L001-L004_merged	26	0	1	0	1
PsFluSBW25_chrm01_circ_4595167	Pf_BP_3_D310_S16_L001-L004_merged	36	0	1	0	1
PsFluSBW25_chrm01_circ_4616287	Pf_BP_3_D310_S16_L001-L004_merged	25	0	1	0	1
PsFluSBW25_chrm01_circ_4644415	Pf_BP_3_D310_S16_L001-L004_merged	12	0	1	0	1
PsFluSBW25_chrm01_circ_4645653	Pf_BP_3_D310_S16_L001-L004_merged	21	0	1	0	1
PsFluSBW25_chrm01_circ_4697010	Pf_BP_3_D310_S16_L001-L004_merged	6	0	1	0	1
PsFluSBW25_chrm01_circ_470121	Pf_BP_3_D310_S16_L001-L004_merged	36	0	1	0	1
PsFluSBW25_chrm01_circ_4748517	Pf_BP_3_D310_S16_L001-L004_merged	32	0	1	0	1
PsFluSBW25_chrm01_circ_4751880	Pf_BP_3_D310_S16_L001-L004_merged	35	0	1	0	1
PsFluSBW25_chrm01_circ_4752384	Pf_BP_3_D310_S16_L001-L004_merged	31	6	1	0	1
PsFluSBW25_chrm01_circ_4803873	Pf_BP_3_D310_S16_L001-L004_merged	34	0	1	0	1
PsFluSBW25_chrm01_circ_4812193	Pf_BP_3_D310_S16_L001-L004_merged	48	0	1	0	1
PsFluSBW25_chrm01_circ_4872719	Pf_BP_3_D310_S16_L001-L004_merged	30	1	1	0	1
PsFluSBW25_chrm01_circ_4881730	Pf_BP_3_D310_S16_L001-L004_merged	28	0	1	0	1
PsFluSBW25_chrm01_circ_4931039	Pf_BP_3_D310_S16_L001-L004_merged	21	0	1	0	1
PsFluSBW25_chrm01_circ_4939038	Pf_BP_3_D310_S16_L001-L004_merged	37	0	1	0	1
PsFluSBW25_chrm01_circ_4941675	Pf_BP_3_D310_S16_L001-L004_merged	25	0	1	0	1
PsFluSBW25_chrm01_circ_4976801	Pf_BP_3_D310_S16_L001-L004_merged	10	0	1	0	1
PsFluSBW25_chrm01_circ_5004622	Pf_BP_3_D310_S16_L001-L004_merged	26	0	1	0	1
PsFluSBW25_chrm01_circ_5057411	Pf_BP_3_D310_S16_L001-L004_merged	19	0	1	0	1
PsFluSBW25_chrm01_circ_5068086	Pf_BP_3_D310_S16_L001-L004_merged	32	0	1	0	1
PsFluSBW25_chrm01_circ_5070696	Pf_BP_3_D310_S16_L001-L004_merged	22	1	1	0	1
PsFluSBW25_chrm01_circ_5088445	Pf_BP_3_D310_S16_L001-L004_merged	27	0	1	0	1
PsFluSBW25_chrm01_circ_5090218	Pf_BP_3_D310_S16_L001-L004_merged	33	0	1	0	1
PsFluSBW25_chrm01_circ_5098798	Pf_BP_3_D310_S16_L001-L004_merged	27	0	1	0	1
PsFluSBW25_chrm01_circ_5125224	Pf_BP_3_D310_S16_L001-L004_merged	21	0	1	0	1
PsFluSBW25_chrm01_circ_5139833	Pf_BP_3_D310_S16_L001-L004_merged	41	0	1	0	1
PsFluSBW25_chrm01_circ_514009	Pf_BP_3_D310_S16_L001-L004_merged	27	0	1	0	1
PsFluSBW25_chrm01_circ_5176227	Pf_BP_3_D310_S16_L001-L004_merged	31	0	1	0	1
PsFluSBW25_chrm01_circ_5177634	Pf_BP_3_D310_S16_L001-L004_merged	26	0	1	0	1
PsFluSBW25_chrm01_circ_5229842	Pf_BP_3_D310_S16_L001-L004_merged	5	0	1	0	1
PsFluSBW25_chrm01_circ_5229846	Pf_BP_3_D310_S16_L001-L004_merged	5	0	1	0	1
PsFluSBW25_chrm01_circ_5229848	Pf_BP_3_D310_S16_L001-L004_merged	5	0	1	0	1
PsFluSBW25_chrm01_circ_528492	Pf_BP_3_D310_S16_L001-L004_merged	18	0	1	0	1
PsFluSBW25_chrm01_circ_5306363	Pf_BP_3_D310_S16_L001-L004_merged	25	0	1	0	1
PsFluSBW25_chrm01_circ_531839	Pf_BP_3_D310_S16_L001-L004_merged	17	1	1	0	1
PsFluSBW25_chrm01_circ_5357118	Pf_BP_3_D310_S16_L001-L004_merged	27	0	1	0	1
PsFluSBW25_chrm01_circ_5396337	Pf_BP_3_D310_S16_L001-L004_merged	26	0	1	0	1
PsFluSBW25_chrm01_circ_5408499	Pf_BP_3_D310_S16_L001-L004_merged	8	0	1	0	1
PsFluSBW25_chrm01_circ_5468527	Pf_BP_3_D310_S16_L001-L004_merged	32	0	1	0	1
PsFluSBW25_chrm01_circ_5486155	Pf_BP_3_D310_S16_L001-L004_merged	13	0	1	0	1
PsFluSBW25_chrm01_circ_5516969	Pf_BP_3_D310_S16_L001-L004_merged	43	0	1	0	1
PsFluSBW25_chrm01_circ_5524086	Pf_BP_3_D310_S16_L001-L004_merged	10	0	1	0	1
PsFluSBW25_chrm01_circ_5534536	Pf_BP_3_D310_S16_L001-L004_merged	33	0	1	0	1
PsFluSBW25_chrm01_circ_5567439	Pf_BP_3_D310_S16_L001-L004_merged	30	0	1	0	1
PsFluSBW25_chrm01_circ_5624304	Pf_BP_3_D310_S16_L001-L004_merged	43	0	1	0	1
PsFluSBW25_chrm01_circ_5667496	Pf_BP_3_D310_S16_L001-L004_merged	32	2	1	0	1
PsFluSBW25_chrm01_circ_5671868	Pf_BP_3_D310_S16_L001-L004_merged	32	0	1	0	1
PsFluSBW25_chrm01_circ_5689413	Pf_BP_3_D310_S16_L001-L004_merged	30	0	1	0	1
PsFluSBW25_chrm01_circ_5709997	Pf_BP_3_D310_S16_L001-L004_merged	32	0	1	0	1
PsFluSBW25_chrm01_circ_5715825	Pf_BP_3_D310_S16_L001-L004_merged	28	0	1	0	1
PsFluSBW25_chrm01_circ_5716515	Pf_BP_3_D310_S16_L001-L004_merged	17	0	1	0	1
PsFluSBW25_chrm01_circ_5738290	Pf_BP_3_D310_S16_L001-L004_merged	17	0	1	0	1
PsFluSBW25_chrm01_circ_574868	Pf_BP_3_D310_S16_L001-L004_merged	42	0	1	0	1
PsFluSBW25_chrm01_circ_5826120	Pf_BP_3_D310_S16_L001-L004_merged	33	0	1	0	1
PsFluSBW25_chrm01_circ_5847593	Pf_BP_3_D310_S16_L001-L004_merged	37	1	1	0	1
PsFluSBW25_chrm01_circ_5847773	Pf_BP_3_D310_S16_L001-L004_merged	29	0	1	0	1
PsFluSBW25_chrm01_circ_5857442	Pf_BP_3_D310_S16_L001-L004_merged	28	0	1	0	1
PsFluSBW25_chrm01_circ_5857775	Pf_BP_3_D310_S16_L001-L004_merged	38	0	1	0	1
PsFluSBW25_chrm01_circ_5960908	Pf_BP_3_D310_S16_L001-L004_merged	35	0	1	0	1
PsFluSBW25_chrm01_circ_5967294	Pf_BP_3_D310_S16_L001-L004_merged	32	0	1	0	1
PsFluSBW25_chrm01_circ_5971715	Pf_BP_3_D310_S16_L001-L004_merged	34	0	1	0	1
PsFluSBW25_chrm01_circ_6079939	Pf_BP_3_D310_S16_L001-L004_merged	23	0	1	0	1
PsFluSBW25_chrm01_circ_6108733	Pf_BP_3_D310_S16_L001-L004_merged	35	1	1	0	1
PsFluSBW25_chrm01_circ_6154345	Pf_BP_3_D310_S16_L001-L004_merged	26	0	1	0	1
PsFluSBW25_chrm01_circ_6162469	Pf_BP_3_D310_S16_L001-L004_merged	28	0	1	0	1
PsFluSBW25_chrm01_circ_6193873	Pf_BP_3_D310_S16_L001-L004_merged	16	0	1	0	1
PsFluSBW25_chrm01_circ_6249985	Pf_BP_3_D310_S16_L001-L004_merged	29	0	1	0	1
PsFluSBW25_chrm01_circ_6280393	Pf_BP_3_D310_S16_L001-L004_merged	37	0	1	0	1
PsFluSBW25_chrm01_circ_6396367	Pf_BP_3_D310_S16_L001-L004_merged	13	0	1	0	1
PsFluSBW25_chrm01_circ_6446610	Pf_BP_3_D310_S16_L001-L004_merged	14	0	1	0	1
PsFluSBW25_chrm01_circ_6456835	Pf_BP_3_D310_S16_L001-L004_merged	25	0	1	0	1
PsFluSBW25_chrm01_circ_6457857	Pf_BP_3_D310_S16_L001-L004_merged	40	4	1	0	1
PsFluSBW25_chrm01_circ_650867	Pf_BP_3_D310_S16_L001-L004_merged	32	0	1	0	1
PsFluSBW25_chrm01_circ_6518389	Pf_BP_3_D310_S16_L001-L004_merged	27	2	1	0	1
PsFluSBW25_chrm01_circ_721709	Pf_BP_3_D310_S16_L001-L004_merged	30	0	1	0	1
PsFluSBW25_chrm01_circ_738710	Pf_BP_3_D310_S16_L001-L004_merged	20	0	1	0	1
PsFluSBW25_chrm01_circ_789548	Pf_BP_3_D310_S16_L001-L004_merged	38	0	1	0	1
PsFluSBW25_chrm01_circ_825120	Pf_BP_3_D310_S16_L001-L004_merged	37	0	1	0	1
PsFluSBW25_chrm01_circ_839909	Pf_BP_3_D310_S16_L001-L004_merged	34	0	1	0	1
PsFluSBW25_chrm01_circ_847781	Pf_BP_3_D310_S16_L001-L004_merged	23	0	1	0	1
PsFluSBW25_chrm01_circ_866943	Pf_BP_3_D310_S16_L001-L004_merged	18	0	1	0	1
PsFluSBW25_chrm01_circ_895493	Pf_BP_3_D310_S16_L001-L004_merged	10	2	1	0	1
PsFluSBW25_chrm01_circ_90695	Pf_BP_3_D310_S16_L001-L004_merged	31	0	1	0	1
PsFluSBW25_chrm01_circ_927323	Pf_BP_3_D310_S16_L001-L004_merged	22	1	1	0	1
PsFluSBW25_chrm01_circ_927626	Pf_BP_3_D310_S16_L001-L004_merged	35	0	1	0	1
PsFluSBW25_chrm01_circ_929036	Pf_BP_3_D310_S16_L001-L004_merged	19	4	1	0	1
PsFluSBW25_chrm01_circ_929543	Pf_BP_3_D310_S16_L001-L004_merged	22	0	1	0	1
PsFluSBW25_chrm01_circ_935922	Pf_BP_3_D310_S16_L001-L004_merged	26	2	1	0	1
PsFluSBW25_chrm01_circ_935928	Pf_BP_3_D310_S16_L001-L004_merged	26	2	1	0	1
PsFluSBW25_chrm01_circ_936093	Pf_BP_3_D310_S16_L001-L004_merged	11	15	1	0	1
PsFluSBW25_chrm01_circ_95741	Pf_BP_3_D310_S16_L001-L004_merged	12	0	1	0	1
PsFluSBW25_chrm01_circ_963620	Pf_BP_3_D310_S16_L001-L004_merged	24	0	1	0	1
PsFluSBW25_chrm01_circ_994031	Pf_BP_3_D310_S16_L001-L004_merged	33	0	1	0	1
PsFluSBW25_chrm01_circ_994471	Pf_BP_3_D310_S16_L001-L004_merged	31	2	1	0	1
PsFluSBW25_chrm01_circ_1095666	Pf_BP_3_D336_S49_L001-L004_merged	27	0	1	0	1
PsFluSBW25_chrm01_circ_1168746	Pf_BP_3_D336_S49_L001-L004_merged	25	2	1	0	1
PsFluSBW25_chrm01_circ_1183695	Pf_BP_3_D336_S49_L001-L004_merged	25	0	1	0	1
PsFluSBW25_chrm01_circ_1216959	Pf_BP_3_D336_S49_L001-L004_merged	21	0	1	0	1
PsFluSBW25_chrm01_circ_1223902	Pf_BP_3_D336_S49_L001-L004_merged	30	0	1	0	1
PsFluSBW25_chrm01_circ_1268939	Pf_BP_3_D336_S49_L001-L004_merged	27	0	1	0	1
PsFluSBW25_chrm01_circ_1276483	Pf_BP_3_D336_S49_L001-L004_merged	14	0	1	0	1
PsFluSBW25_chrm01_circ_1278375	Pf_BP_3_D336_S49_L001-L004_merged	22	9	1	0	1
PsFluSBW25_chrm01_circ_1279463	Pf_BP_3_D336_S49_L001-L004_merged	36	0	1	0	1
PsFluSBW25_chrm01_circ_1302422	Pf_BP_3_D336_S49_L001-L004_merged	21	0	1	0	1
PsFluSBW25_chrm01_circ_1305492	Pf_BP_3_D336_S49_L001-L004_merged	35	0	1	0	1
PsFluSBW25_chrm01_circ_130961	Pf_BP_3_D336_S49_L001-L004_merged	36	0	1	0	1
PsFluSBW25_chrm01_circ_1352002	Pf_BP_3_D336_S49_L001-L004_merged	9	0	1	0	1
PsFluSBW25_chrm01_circ_1358965	Pf_BP_3_D336_S49_L001-L004_merged	8	13	1	0	1
PsFluSBW25_chrm01_circ_1364472	Pf_BP_3_D336_S49_L001-L004_merged	26	0	1	0	1
PsFluSBW25_chrm01_circ_1375221	Pf_BP_3_D336_S49_L001-L004_merged	22	0	1	0	1
PsFluSBW25_chrm01_circ_1416341	Pf_BP_3_D336_S49_L001-L004_merged	21	0	1	0	1
PsFluSBW25_chrm01_circ_1452004	Pf_BP_3_D336_S49_L001-L004_merged	25	0	1	0	1
PsFluSBW25_chrm01_circ_1452810	Pf_BP_3_D336_S49_L001-L004_merged	7	0	1	0	1
PsFluSBW25_chrm01_circ_1480473	Pf_BP_3_D336_S49_L001-L004_merged	29	1	1	0	1
PsFluSBW25_chrm01_circ_1514552	Pf_BP_3_D336_S49_L001-L004_merged	7	0	1	0	1
PsFluSBW25_chrm01_circ_1680055	Pf_BP_3_D336_S49_L001-L004_merged	14	0	1	0	1
PsFluSBW25_chrm01_circ_1709973	Pf_BP_3_D336_S49_L001-L004_merged	31	0	1	0	1
PsFluSBW25_chrm01_circ_1756426	Pf_BP_3_D336_S49_L001-L004_merged	35	0	1	0	1
PsFluSBW25_chrm01_circ_1778554	Pf_BP_3_D336_S49_L001-L004_merged	30	1	1	0	1
PsFluSBW25_chrm01_circ_1785786	Pf_BP_3_D336_S49_L001-L004_merged	7	0	1	0	1
PsFluSBW25_chrm01_circ_1824623	Pf_BP_3_D336_S49_L001-L004_merged	19	3	1	0	1
PsFluSBW25_chrm01_circ_1867228	Pf_BP_3_D336_S49_L001-L004_merged	21	0	1	0	1
PsFluSBW25_chrm01_circ_1875122	Pf_BP_3_D336_S49_L001-L004_merged	24	0	1	0	1
PsFluSBW25_chrm01_circ_1890465	Pf_BP_3_D336_S49_L001-L004_merged	14	0	1	0	1
PsFluSBW25_chrm01_circ_1908691	Pf_BP_3_D336_S49_L001-L004_merged	28	0	1	0	1
PsFluSBW25_chrm01_circ_1933415	Pf_BP_3_D336_S49_L001-L004_merged	30	0	1	0	1
PsFluSBW25_chrm01_circ_1965357	Pf_BP_3_D336_S49_L001-L004_merged	18	0	1	0	1
PsFluSBW25_chrm01_circ_1986756	Pf_BP_3_D336_S49_L001-L004_merged	33	0	1	0	1
PsFluSBW25_chrm01_circ_2063410	Pf_BP_3_D336_S49_L001-L004_merged	16	0	1	0	1
PsFluSBW25_chrm01_circ_2085733	Pf_BP_3_D336_S49_L001-L004_merged	29	0	1	0	1
PsFluSBW25_chrm01_circ_213914	Pf_BP_3_D336_S49_L001-L004_merged	13	1	1	0	1
PsFluSBW25_chrm01_circ_2161074	Pf_BP_3_D336_S49_L001-L004_merged	29	0	1	0	1
PsFluSBW25_chrm01_circ_2163959	Pf_BP_3_D336_S49_L001-L004_merged	30	0	1	0	1
PsFluSBW25_chrm01_circ_2167977	Pf_BP_3_D336_S49_L001-L004_merged	35	0	1	0	1
PsFluSBW25_chrm01_circ_2198957	Pf_BP_3_D336_S49_L001-L004_merged	46	4	1	0	1
PsFluSBW25_chrm01_circ_2244095	Pf_BP_3_D336_S49_L001-L004_merged	31	0	1	0	1
PsFluSBW25_chrm01_circ_2402212	Pf_BP_3_D336_S49_L001-L004_merged	35	0	1	0	1
PsFluSBW25_chrm01_circ_2453173	Pf_BP_3_D336_S49_L001-L004_merged	22	0	1	0	1
PsFluSBW25_chrm01_circ_2480284	Pf_BP_3_D336_S49_L001-L004_merged	24	16	1	0	1
PsFluSBW25_chrm01_circ_2533947	Pf_BP_3_D336_S49_L001-L004_merged	11	0	1	0	1
PsFluSBW25_chrm01_circ_2564357	Pf_BP_3_D336_S49_L001-L004_merged	29	1	1	0	1
PsFluSBW25_chrm01_circ_2692036	Pf_BP_3_D336_S49_L001-L004_merged	34	0	1	0	1
PsFluSBW25_chrm01_circ_2748923	Pf_BP_3_D336_S49_L001-L004_merged	34	0	1	0	1
PsFluSBW25_chrm01_circ_2766944	Pf_BP_3_D336_S49_L001-L004_merged	32	0	1	0	1
PsFluSBW25_chrm01_circ_2776101	Pf_BP_3_D336_S49_L001-L004_merged	35	0	1	0	1
PsFluSBW25_chrm01_circ_2844380	Pf_BP_3_D336_S49_L001-L004_merged	29	0	1	0	1
PsFluSBW25_chrm01_circ_2857080	Pf_BP_3_D336_S49_L001-L004_merged	4	0	1	0	1
PsFluSBW25_chrm01_circ_2948899	Pf_BP_3_D336_S49_L001-L004_merged	37	0	1	0	1
PsFluSBW25_chrm01_circ_2986589	Pf_BP_3_D336_S49_L001-L004_merged	23	0	1	0	1
PsFluSBW25_chrm01_circ_3046319	Pf_BP_3_D336_S49_L001-L004_merged	26	0	1	0	1
PsFluSBW25_chrm01_circ_3049960	Pf_BP_3_D336_S49_L001-L004_merged	42	9	1	0	1
PsFluSBW25_chrm01_circ_3301933	Pf_BP_3_D336_S49_L001-L004_merged	25	0	1	0	1
PsFluSBW25_chrm01_circ_3332858	Pf_BP_3_D336_S49_L001-L004_merged	21	0	1	0	1
PsFluSBW25_chrm01_circ_3351598	Pf_BP_3_D336_S49_L001-L004_merged	31	0	1	0	1
PsFluSBW25_chrm01_circ_342397	Pf_BP_3_D336_S49_L001-L004_merged	31	0	1	0	1
PsFluSBW25_chrm01_circ_3436927	Pf_BP_3_D336_S49_L001-L004_merged	24	0	1	0	1
PsFluSBW25_chrm01_circ_3456540	Pf_BP_3_D336_S49_L001-L004_merged	17	2	1	0	1
PsFluSBW25_chrm01_circ_349255	Pf_BP_3_D336_S49_L001-L004_merged	12	0	1	0	1
PsFluSBW25_chrm01_circ_37125	Pf_BP_3_D336_S49_L001-L004_merged	12	1	1	0	1
PsFluSBW25_chrm01_circ_3798211	Pf_BP_3_D336_S49_L001-L004_merged	27	0	1	0	1
PsFluSBW25_chrm01_circ_3838961	Pf_BP_3_D336_S49_L001-L004_merged	41	0	1	0	1
PsFluSBW25_chrm01_circ_3845100	Pf_BP_3_D336_S49_L001-L004_merged	36	0	1	0	1
PsFluSBW25_chrm01_circ_388609	Pf_BP_3_D336_S49_L001-L004_merged	39	0	1	0	1
PsFluSBW25_chrm01_circ_3886700	Pf_BP_3_D336_S49_L001-L004_merged	39	0	1	0	1
PsFluSBW25_chrm01_circ_4048876	Pf_BP_3_D336_S49_L001-L004_merged	29	0	1	0	1
PsFluSBW25_chrm01_circ_4062482	Pf_BP_3_D336_S49_L001-L004_merged	32	0	1	0	1
PsFluSBW25_chrm01_circ_407561	Pf_BP_3_D336_S49_L001-L004_merged	25	0	1	0	1
PsFluSBW25_chrm01_circ_4120561	Pf_BP_3_D336_S49_L001-L004_merged	34	0	1	0	1
PsFluSBW25_chrm01_circ_4155053	Pf_BP_3_D336_S49_L001-L004_merged	27	0	1	0	1
PsFluSBW25_chrm01_circ_4180044	Pf_BP_3_D336_S49_L001-L004_merged	25	0	1	0	1
PsFluSBW25_chrm01_circ_4203626	Pf_BP_3_D336_S49_L001-L004_merged	9	10	1	0	1
PsFluSBW25_chrm01_circ_425448	Pf_BP_3_D336_S49_L001-L004_merged	31	0	1	0	1
PsFluSBW25_chrm01_circ_4337542	Pf_BP_3_D336_S49_L001-L004_merged	21	0	1	0	1
PsFluSBW25_chrm01_circ_4368075	Pf_BP_3_D336_S49_L001-L004_merged	38	0	1	0	1
PsFluSBW25_chrm01_circ_441863	Pf_BP_3_D336_S49_L001-L004_merged	25	0	1	0	1
PsFluSBW25_chrm01_circ_4487200	Pf_BP_3_D336_S49_L001-L004_merged	22	0	1	0	1
PsFluSBW25_chrm01_circ_4522227	Pf_BP_3_D336_S49_L001-L004_merged	16	0	1	0	1
PsFluSBW25_chrm01_circ_4528974	Pf_BP_3_D336_S49_L001-L004_merged	24	0	1	0	1
PsFluSBW25_chrm01_circ_4566022	Pf_BP_3_D336_S49_L001-L004_merged	26	0	1	0	1
PsFluSBW25_chrm01_circ_4592386	Pf_BP_3_D336_S49_L001-L004_merged	25	0	1	0	1
PsFluSBW25_chrm01_circ_4595167	Pf_BP_3_D336_S49_L001-L004_merged	33	0	1	0	1
PsFluSBW25_chrm01_circ_4616287	Pf_BP_3_D336_S49_L001-L004_merged	22	0	1	0	1
PsFluSBW25_chrm01_circ_4644415	Pf_BP_3_D336_S49_L001-L004_merged	5	0	1	0	1
PsFluSBW25_chrm01_circ_4645653	Pf_BP_3_D336_S49_L001-L004_merged	22	0	1	0	1
PsFluSBW25_chrm01_circ_4697010	Pf_BP_3_D336_S49_L001-L004_merged	11	0	1	0	1
PsFluSBW25_chrm01_circ_470121	Pf_BP_3_D336_S49_L001-L004_merged	29	0	1	0	1
PsFluSBW25_chrm01_circ_4748517	Pf_BP_3_D336_S49_L001-L004_merged	26	0	1	0	1
PsFluSBW25_chrm01_circ_4751880	Pf_BP_3_D336_S49_L001-L004_merged	46	0	1	0	1
PsFluSBW25_chrm01_circ_4752384	Pf_BP_3_D336_S49_L001-L004_merged	21	6	1	0	1
PsFluSBW25_chrm01_circ_4803873	Pf_BP_3_D336_S49_L001-L004_merged	30	0	1	0	1
PsFluSBW25_chrm01_circ_4812193	Pf_BP_3_D336_S49_L001-L004_merged	40	0	1	0	1
PsFluSBW25_chrm01_circ_4872719	Pf_BP_3_D336_S49_L001-L004_merged	30	0	1	0	1
PsFluSBW25_chrm01_circ_4881730	Pf_BP_3_D336_S49_L001-L004_merged	22	0	1	0	1
PsFluSBW25_chrm01_circ_4931039	Pf_BP_3_D336_S49_L001-L004_merged	32	0	1	0	1
PsFluSBW25_chrm01_circ_4939038	Pf_BP_3_D336_S49_L001-L004_merged	24	0	1	0	1
PsFluSBW25_chrm01_circ_4941675	Pf_BP_3_D336_S49_L001-L004_merged	24	0	1	0	1
PsFluSBW25_chrm01_circ_4976801	Pf_BP_3_D336_S49_L001-L004_merged	7	0	1	0	1
PsFluSBW25_chrm01_circ_5004622	Pf_BP_3_D336_S49_L001-L004_merged	33	0	1	0	1
PsFluSBW25_chrm01_circ_5057411	Pf_BP_3_D336_S49_L001-L004_merged	18	0	1	0	1
PsFluSBW25_chrm01_circ_5068086	Pf_BP_3_D336_S49_L001-L004_merged	21	0	1	0	1
PsFluSBW25_chrm01_circ_5070696	Pf_BP_3_D336_S49_L001-L004_merged	22	1	1	0	1
PsFluSBW25_chrm01_circ_5088445	Pf_BP_3_D336_S49_L001-L004_merged	21	0	1	0	1
PsFluSBW25_chrm01_circ_5090218	Pf_BP_3_D336_S49_L001-L004_merged	25	0	1	0	1
PsFluSBW25_chrm01_circ_5098798	Pf_BP_3_D336_S49_L001-L004_merged	28	0	1	0	1
PsFluSBW25_chrm01_circ_5125224	Pf_BP_3_D336_S49_L001-L004_merged	21	0	1	0	1
PsFluSBW25_chrm01_circ_5139833	Pf_BP_3_D336_S49_L001-L004_merged	27	0	1	0	1
PsFluSBW25_chrm01_circ_514009	Pf_BP_3_D336_S49_L001-L004_merged	24	0	1	0	1
PsFluSBW25_chrm01_circ_5176227	Pf_BP_3_D336_S49_L001-L004_merged	30	0	1	0	1
PsFluSBW25_chrm01_circ_5177634	Pf_BP_3_D336_S49_L001-L004_merged	25	0	1	0	1
PsFluSBW25_chrm01_circ_5229842	Pf_BP_3_D336_S49_L001-L004_merged	8	0	1	0	1
PsFluSBW25_chrm01_circ_5229846	Pf_BP_3_D336_S49_L001-L004_merged	8	0	1	0	1
PsFluSBW25_chrm01_circ_5229848	Pf_BP_3_D336_S49_L001-L004_merged	8	0	1	0	1
PsFluSBW25_chrm01_circ_528492	Pf_BP_3_D336_S49_L001-L004_merged	33	0	1	0	1
PsFluSBW25_chrm01_circ_5306363	Pf_BP_3_D336_S49_L001-L004_merged	24	0	1	0	1
PsFluSBW25_chrm01_circ_531839	Pf_BP_3_D336_S49_L001-L004_merged	16	0	1	0	1
PsFluSBW25_chrm01_circ_5357118	Pf_BP_3_D336_S49_L001-L004_merged	22	0	1	0	1
PsFluSBW25_chrm01_circ_5396337	Pf_BP_3_D336_S49_L001-L004_merged	24	0	1	0	1
PsFluSBW25_chrm01_circ_5408499	Pf_BP_3_D336_S49_L001-L004_merged	7	0	1	0	1
PsFluSBW25_chrm01_circ_5468527	Pf_BP_3_D336_S49_L001-L004_merged	23	0	1	0	1
PsFluSBW25_chrm01_circ_5486155	Pf_BP_3_D336_S49_L001-L004_merged	14	0	1	0	1
PsFluSBW25_chrm01_circ_5516969	Pf_BP_3_D336_S49_L001-L004_merged	38	0	1	0	1
PsFluSBW25_chrm01_circ_5524086	Pf_BP_3_D336_S49_L001-L004_merged	13	0	1	0	1
PsFluSBW25_chrm01_circ_5534536	Pf_BP_3_D336_S49_L001-L004_merged	24	0	1	0	1
PsFluSBW25_chrm01_circ_5567439	Pf_BP_3_D336_S49_L001-L004_merged	33	0	1	0	1
PsFluSBW25_chrm01_circ_5624304	Pf_BP_3_D336_S49_L001-L004_merged	29	0	1	0	1
PsFluSBW25_chrm01_circ_5667496	Pf_BP_3_D336_S49_L001-L004_merged	24	2	1	0	1
PsFluSBW25_chrm01_circ_5671868	Pf_BP_3_D336_S49_L001-L004_merged	22	0	1	0	1
PsFluSBW25_chrm01_circ_5689413	Pf_BP_3_D336_S49_L001-L004_merged	18	0	1	0	1
PsFluSBW25_chrm01_circ_5709997	Pf_BP_3_D336_S49_L001-L004_merged	27	0	1	0	1
PsFluSBW25_chrm01_circ_5715825	Pf_BP_3_D336_S49_L001-L004_merged	36	0	1	0	1
PsFluSBW25_chrm01_circ_5716515	Pf_BP_3_D336_S49_L001-L004_merged	15	1	1	0	1
PsFluSBW25_chrm01_circ_5738290	Pf_BP_3_D336_S49_L001-L004_merged	22	0	1	0	1
PsFluSBW25_chrm01_circ_574868	Pf_BP_3_D336_S49_L001-L004_merged	18	0	1	0	1
PsFluSBW25_chrm01_circ_5826120	Pf_BP_3_D336_S49_L001-L004_merged	24	0	1	0	1
PsFluSBW25_chrm01_circ_5847593	Pf_BP_3_D336_S49_L001-L004_merged	11	0	1	0	1
PsFluSBW25_chrm01_circ_5847773	Pf_BP_3_D336_S49_L001-L004_merged	38	0	1	0	1
PsFluSBW25_chrm01_circ_5857442	Pf_BP_3_D336_S49_L001-L004_merged	20	0	1	0	1
PsFluSBW25_chrm01_circ_5857775	Pf_BP_3_D336_S49_L001-L004_merged	24	0	1	0	1
PsFluSBW25_chrm01_circ_5960908	Pf_BP_3_D336_S49_L001-L004_merged	27	0	1	0	1
PsFluSBW25_chrm01_circ_5967294	Pf_BP_3_D336_S49_L001-L004_merged	32	0	1	0	1
PsFluSBW25_chrm01_circ_5971715	Pf_BP_3_D336_S49_L001-L004_merged	38	0	1	0	1
PsFluSBW25_chrm01_circ_6079939	Pf_BP_3_D336_S49_L001-L004_merged	19	0	1	0	1
PsFluSBW25_chrm01_circ_6108733	Pf_BP_3_D336_S49_L001-L004_merged	34	0	1	0	1
PsFluSBW25_chrm01_circ_6154345	Pf_BP_3_D336_S49_L001-L004_merged	36	0	1	0	1
PsFluSBW25_chrm01_circ_6162469	Pf_BP_3_D336_S49_L001-L004_merged	33	0	1	0	1
PsFluSBW25_chrm01_circ_6193873	Pf_BP_3_D336_S49_L001-L004_merged	8	0	1	0	1
PsFluSBW25_chrm01_circ_6249985	Pf_BP_3_D336_S49_L001-L004_merged	20	0	1	0	1
PsFluSBW25_chrm01_circ_6280393	Pf_BP_3_D336_S49_L001-L004_merged	24	0	1	0	1
PsFluSBW25_chrm01_circ_6396367	Pf_BP_3_D336_S49_L001-L004_merged	10	1	1	0	1
PsFluSBW25_chrm01_circ_6446610	Pf_BP_3_D336_S49_L001-L004_merged	18	0	1	0	1
PsFluSBW25_chrm01_circ_6456835	Pf_BP_3_D336_S49_L001-L004_merged	29	0	1	0	1
PsFluSBW25_chrm01_circ_6457857	Pf_BP_3_D336_S49_L001-L004_merged	24	0	1	0	1
PsFluSBW25_chrm01_circ_650867	Pf_BP_3_D336_S49_L001-L004_merged	26	0	1	0	1
PsFluSBW25_chrm01_circ_6518389	Pf_BP_3_D336_S49_L001-L004_merged	22	3	1	0	1
PsFluSBW25_chrm01_circ_721709	Pf_BP_3_D336_S49_L001-L004_merged	36	0	1	0	1
PsFluSBW25_chrm01_circ_738710	Pf_BP_3_D336_S49_L001-L004_merged	17	0	1	0	1
PsFluSBW25_chrm01_circ_789548	Pf_BP_3_D336_S49_L001-L004_merged	25	0	1	0	1
PsFluSBW25_chrm01_circ_825120	Pf_BP_3_D336_S49_L001-L004_merged	20	0	1	0	1
PsFluSBW25_chrm01_circ_839909	Pf_BP_3_D336_S49_L001-L004_merged	25	0	1	0	1
PsFluSBW25_chrm01_circ_847781	Pf_BP_3_D336_S49_L001-L004_merged	26	0	1	0	1
PsFluSBW25_chrm01_circ_866943	Pf_BP_3_D336_S49_L001-L004_merged	19	0	1	0	1
PsFluSBW25_chrm01_circ_895493	Pf_BP_3_D336_S49_L001-L004_merged	16	2	1	0	1
PsFluSBW25_chrm01_circ_90695	Pf_BP_3_D336_S49_L001-L004_merged	34	0	1	0	1
PsFluSBW25_chrm01_circ_927323	Pf_BP_3_D336_S49_L001-L004_merged	29	0	1	0	1
PsFluSBW25_chrm01_circ_927626	Pf_BP_3_D336_S49_L001-L004_merged	24	0	1	0	1
PsFluSBW25_chrm01_circ_929036	Pf_BP_3_D336_S49_L001-L004_merged	17	0	1	0	1
PsFluSBW25_chrm01_circ_929543	Pf_BP_3_D336_S49_L001-L004_merged	29	0	1	0	1
PsFluSBW25_chrm01_circ_935922	Pf_BP_3_D336_S49_L001-L004_merged	19	1	1	0	1
PsFluSBW25_chrm01_circ_935928	Pf_BP_3_D336_S49_L001-L004_merged	18	1	1	0	1
PsFluSBW25_chrm01_circ_936093	Pf_BP_3_D336_S49_L001-L004_merged	11	11	1	0	1
PsFluSBW25_chrm01_circ_95741	Pf_BP_3_D336_S49_L001-L004_merged	14	0	1	0	1
PsFluSBW25_chrm01_circ_963620	Pf_BP_3_D336_S49_L001-L004_merged	29	0	1	0	1
PsFluSBW25_chrm01_circ_994031	Pf_BP_3_D336_S49_L001-L004_merged	25	0	1	0	1
PsFluSBW25_chrm01_circ_994471	Pf_BP_3_D336_S49_L001-L004_merged	27	0	1	0	1
PsFluSBW25_chrm01_circ_1095666	Pf_BP_3_D364_S82_L001-L004_merged	25	0	1	0	1
PsFluSBW25_chrm01_circ_1168746	Pf_BP_3_D364_S82_L001-L004_merged	14	6	1	0	1
PsFluSBW25_chrm01_circ_1183695	Pf_BP_3_D364_S82_L001-L004_merged	15	0	1	0	1
PsFluSBW25_chrm01_circ_1216959	Pf_BP_3_D364_S82_L001-L004_merged	12	0	1	0	1
PsFluSBW25_chrm01_circ_1223902	Pf_BP_3_D364_S82_L001-L004_merged	25	0	1	0	1
PsFluSBW25_chrm01_circ_1268939	Pf_BP_3_D364_S82_L001-L004_merged	27	0	1	0	1
PsFluSBW25_chrm01_circ_1276483	Pf_BP_3_D364_S82_L001-L004_merged	10	0	1	0	1
PsFluSBW25_chrm01_circ_1278375	Pf_BP_3_D364_S82_L001-L004_merged	14	12	1	0	1
PsFluSBW25_chrm01_circ_1279463	Pf_BP_3_D364_S82_L001-L004_merged	20	0	1	0	1
PsFluSBW25_chrm01_circ_1302422	Pf_BP_3_D364_S82_L001-L004_merged	20	0	1	0	1
PsFluSBW25_chrm01_circ_1305492	Pf_BP_3_D364_S82_L001-L004_merged	36	0	1	0	1
PsFluSBW25_chrm01_circ_130961	Pf_BP_3_D364_S82_L001-L004_merged	28	0	1	0	1
PsFluSBW25_chrm01_circ_1352002	Pf_BP_3_D364_S82_L001-L004_merged	1	0	1	0	1
PsFluSBW25_chrm01_circ_1358965	Pf_BP_3_D364_S82_L001-L004_merged	27	8	1	0	1
PsFluSBW25_chrm01_circ_1364472	Pf_BP_3_D364_S82_L001-L004_merged	33	0	1	0	1
PsFluSBW25_chrm01_circ_1375221	Pf_BP_3_D364_S82_L001-L004_merged	18	0	1	0	1
PsFluSBW25_chrm01_circ_1416341	Pf_BP_3_D364_S82_L001-L004_merged	30	0	1	0	1
PsFluSBW25_chrm01_circ_1452004	Pf_BP_3_D364_S82_L001-L004_merged	26	0	1	0	1
PsFluSBW25_chrm01_circ_1452810	Pf_BP_3_D364_S82_L001-L004_merged	11	0	1	0	1
PsFluSBW25_chrm01_circ_1480473	Pf_BP_3_D364_S82_L001-L004_merged	30	0	1	0	1
PsFluSBW25_chrm01_circ_1514552	Pf_BP_3_D364_S82_L001-L004_merged	3	0	1	0	1
PsFluSBW25_chrm01_circ_1680055	Pf_BP_3_D364_S82_L001-L004_merged	3	0	1	0	1
PsFluSBW25_chrm01_circ_1709973	Pf_BP_3_D364_S82_L001-L004_merged	28	0	1	0	1
PsFluSBW25_chrm01_circ_1756426	Pf_BP_3_D364_S82_L001-L004_merged	33	0	1	0	1
PsFluSBW25_chrm01_circ_1778554	Pf_BP_3_D364_S82_L001-L004_merged	20	0	1	0	1
PsFluSBW25_chrm01_circ_1785786	Pf_BP_3_D364_S82_L001-L004_merged	7	0	1	0	1
PsFluSBW25_chrm01_circ_1824623	Pf_BP_3_D364_S82_L001-L004_merged	17	0	1	0	1
PsFluSBW25_chrm01_circ_1867228	Pf_BP_3_D364_S82_L001-L004_merged	20	0	1	0	1
PsFluSBW25_chrm01_circ_1875122	Pf_BP_3_D364_S82_L001-L004_merged	33	0	1	0	1
PsFluSBW25_chrm01_circ_1890465	Pf_BP_3_D364_S82_L001-L004_merged	25	0	1	0	1
PsFluSBW25_chrm01_circ_1908691	Pf_BP_3_D364_S82_L001-L004_merged	20	0	1	0	1
PsFluSBW25_chrm01_circ_1933415	Pf_BP_3_D364_S82_L001-L004_merged	30	0	1	0	1
PsFluSBW25_chrm01_circ_1965357	Pf_BP_3_D364_S82_L001-L004_merged	14	0	1	0	1
PsFluSBW25_chrm01_circ_1986756	Pf_BP_3_D364_S82_L001-L004_merged	23	0	1	0	1
PsFluSBW25_chrm01_circ_2063410	Pf_BP_3_D364_S82_L001-L004_merged	15	0	1	0	1
PsFluSBW25_chrm01_circ_2085733	Pf_BP_3_D364_S82_L001-L004_merged	20	2	1	0	1
PsFluSBW25_chrm01_circ_213914	Pf_BP_3_D364_S82_L001-L004_merged	14	0	1	0	1
PsFluSBW25_chrm01_circ_2161074	Pf_BP_3_D364_S82_L001-L004_merged	24	0	1	0	1
PsFluSBW25_chrm01_circ_2163959	Pf_BP_3_D364_S82_L001-L004_merged	27	0	1	0	1
PsFluSBW25_chrm01_circ_2167977	Pf_BP_3_D364_S82_L001-L004_merged	33	0	1	0	1
PsFluSBW25_chrm01_circ_2198957	Pf_BP_3_D364_S82_L001-L004_merged	18	4	1	0	1
PsFluSBW25_chrm01_circ_2244095	Pf_BP_3_D364_S82_L001-L004_merged	52	0	1	0	1
PsFluSBW25_chrm01_circ_2402212	Pf_BP_3_D364_S82_L001-L004_merged	29	0	1	0	1
PsFluSBW25_chrm01_circ_2453173	Pf_BP_3_D364_S82_L001-L004_merged	17	0	1	0	1
PsFluSBW25_chrm01_circ_2480284	Pf_BP_3_D364_S82_L001-L004_merged	16	9	1	0	1
PsFluSBW25_chrm01_circ_2533947	Pf_BP_3_D364_S82_L001-L004_merged	7	0	1	0	1
PsFluSBW25_chrm01_circ_2564357	Pf_BP_3_D364_S82_L001-L004_merged	23	0	1	0	1
PsFluSBW25_chrm01_circ_2692036	Pf_BP_3_D364_S82_L001-L004_merged	14	0	1	0	1
PsFluSBW25_chrm01_circ_2748923	Pf_BP_3_D364_S82_L001-L004_merged	29	0	1	0	1
PsFluSBW25_chrm01_circ_2766944	Pf_BP_3_D364_S82_L001-L004_merged	40	0	1	0	1
PsFluSBW25_chrm01_circ_2776101	Pf_BP_3_D364_S82_L001-L004_merged	43	0	1	0	1
PsFluSBW25_chrm01_circ_2844380	Pf_BP_3_D364_S82_L001-L004_merged	14	0	1	0	1
PsFluSBW25_chrm01_circ_2857080	Pf_BP_3_D364_S82_L001-L004_merged	10	0	1	0	1
PsFluSBW25_chrm01_circ_2948899	Pf_BP_3_D364_S82_L001-L004_merged	44	1	1	0	1
PsFluSBW25_chrm01_circ_2986589	Pf_BP_3_D364_S82_L001-L004_merged	26	1	1	0	1
PsFluSBW25_chrm01_circ_3046319	Pf_BP_3_D364_S82_L001-L004_merged	22	0	1	0	1
PsFluSBW25_chrm01_circ_3049960	Pf_BP_3_D364_S82_L001-L004_merged	26	7	1	0	1
PsFluSBW25_chrm01_circ_3301933	Pf_BP_3_D364_S82_L001-L004_merged	19	0	1	0	1
PsFluSBW25_chrm01_circ_3332858	Pf_BP_3_D364_S82_L001-L004_merged	24	0	1	0	1
PsFluSBW25_chrm01_circ_3351598	Pf_BP_3_D364_S82_L001-L004_merged	22	0	1	0	1
PsFluSBW25_chrm01_circ_342397	Pf_BP_3_D364_S82_L001-L004_merged	23	0	1	0	1
PsFluSBW25_chrm01_circ_3436927	Pf_BP_3_D364_S82_L001-L004_merged	24	0	1	0	1
PsFluSBW25_chrm01_circ_3456540	Pf_BP_3_D364_S82_L001-L004_merged	25	1	1	0	1
PsFluSBW25_chrm01_circ_349255	Pf_BP_3_D364_S82_L001-L004_merged	7	0	1	0	1
PsFluSBW25_chrm01_circ_37125	Pf_BP_3_D364_S82_L001-L004_merged	6	0	1	0	1
PsFluSBW25_chrm01_circ_3798211	Pf_BP_3_D364_S82_L001-L004_merged	26	0	1	0	1
PsFluSBW25_chrm01_circ_3838961	Pf_BP_3_D364_S82_L001-L004_merged	34	0	1	0	1
PsFluSBW25_chrm01_circ_3845100	Pf_BP_3_D364_S82_L001-L004_merged	30	0	1	0	1
PsFluSBW25_chrm01_circ_388609	Pf_BP_3_D364_S82_L001-L004_merged	22	0	1	0	1
PsFluSBW25_chrm01_circ_3886700	Pf_BP_3_D364_S82_L001-L004_merged	38	0	1	0	1
PsFluSBW25_chrm01_circ_4048876	Pf_BP_3_D364_S82_L001-L004_merged	21	0	1	0	1
PsFluSBW25_chrm01_circ_4062482	Pf_BP_3_D364_S82_L001-L004_merged	28	0	1	0	1
PsFluSBW25_chrm01_circ_407561	Pf_BP_3_D364_S82_L001-L004_merged	26	0	1	0	1
PsFluSBW25_chrm01_circ_4120561	Pf_BP_3_D364_S82_L001-L004_merged	36	0	1	0	1
PsFluSBW25_chrm01_circ_4155053	Pf_BP_3_D364_S82_L001-L004_merged	28	0	1	0	1
PsFluSBW25_chrm01_circ_4180044	Pf_BP_3_D364_S82_L001-L004_merged	29	0	1	0	1
PsFluSBW25_chrm01_circ_4203626	Pf_BP_3_D364_S82_L001-L004_merged	16	7	1	0	1
PsFluSBW25_chrm01_circ_425448	Pf_BP_3_D364_S82_L001-L004_merged	20	0	1	0	1
PsFluSBW25_chrm01_circ_4337542	Pf_BP_3_D364_S82_L001-L004_merged	16	0	1	0	1
PsFluSBW25_chrm01_circ_4368075	Pf_BP_3_D364_S82_L001-L004_merged	28	0	1	0	1
PsFluSBW25_chrm01_circ_441863	Pf_BP_3_D364_S82_L001-L004_merged	23	0	1	0	1
PsFluSBW25_chrm01_circ_4487200	Pf_BP_3_D364_S82_L001-L004_merged	33	0	1	0	1
PsFluSBW25_chrm01_circ_4522227	Pf_BP_3_D364_S82_L001-L004_merged	16	0	1	0	1
PsFluSBW25_chrm01_circ_4528974	Pf_BP_3_D364_S82_L001-L004_merged	18	0	1	0	1
PsFluSBW25_chrm01_circ_4566022	Pf_BP_3_D364_S82_L001-L004_merged	17	0	1	0	1
PsFluSBW25_chrm01_circ_4592386	Pf_BP_3_D364_S82_L001-L004_merged	17	0	1	0	1
PsFluSBW25_chrm01_circ_4595167	Pf_BP_3_D364_S82_L001-L004_merged	34	0	1	0	1
PsFluSBW25_chrm01_circ_4616287	Pf_BP_3_D364_S82_L001-L004_merged	16	0	1	0	1
PsFluSBW25_chrm01_circ_4644415	Pf_BP_3_D364_S82_L001-L004_merged	2	0	1	0	1
PsFluSBW25_chrm01_circ_4645653	Pf_BP_3_D364_S82_L001-L004_merged	17	0	1	0	1
PsFluSBW25_chrm01_circ_4697010	Pf_BP_3_D364_S82_L001-L004_merged	8	0	1	0	1
PsFluSBW25_chrm01_circ_470121	Pf_BP_3_D364_S82_L001-L004_merged	34	0	1	0	1
PsFluSBW25_chrm01_circ_4748517	Pf_BP_3_D364_S82_L001-L004_merged	20	0	1	0	1
PsFluSBW25_chrm01_circ_4751880	Pf_BP_3_D364_S82_L001-L004_merged	30	0	1	0	1
PsFluSBW25_chrm01_circ_4752384	Pf_BP_3_D364_S82_L001-L004_merged	21	6	1	0	1
PsFluSBW25_chrm01_circ_4803873	Pf_BP_3_D364_S82_L001-L004_merged	29	0	1	0	1
PsFluSBW25_chrm01_circ_4812193	Pf_BP_3_D364_S82_L001-L004_merged	29	0	1	0	1
PsFluSBW25_chrm01_circ_4872719	Pf_BP_3_D364_S82_L001-L004_merged	22	0	1	0	1
PsFluSBW25_chrm01_circ_4881730	Pf_BP_3_D364_S82_L001-L004_merged	33	0	1	0	1
PsFluSBW25_chrm01_circ_4931039	Pf_BP_3_D364_S82_L001-L004_merged	37	0	1	0	1
PsFluSBW25_chrm01_circ_4939038	Pf_BP_3_D364_S82_L001-L004_merged	29	0	1	0	1
PsFluSBW25_chrm01_circ_4941675	Pf_BP_3_D364_S82_L001-L004_merged	19	0	1	0	1
PsFluSBW25_chrm01_circ_4976801	Pf_BP_3_D364_S82_L001-L004_merged	12	0	1	0	1
PsFluSBW25_chrm01_circ_5004622	Pf_BP_3_D364_S82_L001-L004_merged	30	0	1	0	1
PsFluSBW25_chrm01_circ_5057411	Pf_BP_3_D364_S82_L001-L004_merged	29	0	1	0	1
PsFluSBW25_chrm01_circ_5068086	Pf_BP_3_D364_S82_L001-L004_merged	19	0	1	0	1
PsFluSBW25_chrm01_circ_5070696	Pf_BP_3_D364_S82_L001-L004_merged	11	3	1	0	1
PsFluSBW25_chrm01_circ_5088445	Pf_BP_3_D364_S82_L001-L004_merged	13	0	1	0	1
PsFluSBW25_chrm01_circ_5090218	Pf_BP_3_D364_S82_L001-L004_merged	19	0	1	0	1
PsFluSBW25_chrm01_circ_5098798	Pf_BP_3_D364_S82_L001-L004_merged	15	0	1	0	1
PsFluSBW25_chrm01_circ_5125224	Pf_BP_3_D364_S82_L001-L004_merged	25	0	1	0	1
PsFluSBW25_chrm01_circ_5139833	Pf_BP_3_D364_S82_L001-L004_merged	23	0	1	0	1
PsFluSBW25_chrm01_circ_514009	Pf_BP_3_D364_S82_L001-L004_merged	27	0	1	0	1
PsFluSBW25_chrm01_circ_5176227	Pf_BP_3_D364_S82_L001-L004_merged	27	0	1	0	1
PsFluSBW25_chrm01_circ_5177634	Pf_BP_3_D364_S82_L001-L004_merged	23	0	1	0	1
PsFluSBW25_chrm01_circ_5229842	Pf_BP_3_D364_S82_L001-L004_merged	5	0	1	0	1
PsFluSBW25_chrm01_circ_5229846	Pf_BP_3_D364_S82_L001-L004_merged	4	0	1	0	1
PsFluSBW25_chrm01_circ_5229848	Pf_BP_3_D364_S82_L001-L004_merged	4	0	1	0	1
PsFluSBW25_chrm01_circ_528492	Pf_BP_3_D364_S82_L001-L004_merged	23	0	1	0	1
PsFluSBW25_chrm01_circ_5306363	Pf_BP_3_D364_S82_L001-L004_merged	23	0	1	0	1
PsFluSBW25_chrm01_circ_531839	Pf_BP_3_D364_S82_L001-L004_merged	15	0	1	0	1
PsFluSBW25_chrm01_circ_5357118	Pf_BP_3_D364_S82_L001-L004_merged	17	0	1	0	1
PsFluSBW25_chrm01_circ_5396337	Pf_BP_3_D364_S82_L001-L004_merged	26	0	1	0	1
PsFluSBW25_chrm01_circ_5408499	Pf_BP_3_D364_S82_L001-L004_merged	6	0	1	0	1
PsFluSBW25_chrm01_circ_5468527	Pf_BP_3_D364_S82_L001-L004_merged	25	0	1	0	1
PsFluSBW25_chrm01_circ_5486155	Pf_BP_3_D364_S82_L001-L004_merged	6	0	1	0	1
PsFluSBW25_chrm01_circ_5516969	Pf_BP_3_D364_S82_L001-L004_merged	39	0	1	0	1
PsFluSBW25_chrm01_circ_5524086	Pf_BP_3_D364_S82_L001-L004_merged	12	0	1	0	1
PsFluSBW25_chrm01_circ_5534536	Pf_BP_3_D364_S82_L001-L004_merged	18	0	1	0	1
PsFluSBW25_chrm01_circ_5567439	Pf_BP_3_D364_S82_L001-L004_merged	24	0	1	0	1
PsFluSBW25_chrm01_circ_5624304	Pf_BP_3_D364_S82_L001-L004_merged	23	0	1	0	1
PsFluSBW25_chrm01_circ_5667496	Pf_BP_3_D364_S82_L001-L004_merged	14	2	1	0	1
PsFluSBW25_chrm01_circ_5671868	Pf_BP_3_D364_S82_L001-L004_merged	28	0	1	0	1
PsFluSBW25_chrm01_circ_5689413	Pf_BP_3_D364_S82_L001-L004_merged	31	0	1	0	1
PsFluSBW25_chrm01_circ_5709997	Pf_BP_3_D364_S82_L001-L004_merged	19	0	1	0	1
PsFluSBW25_chrm01_circ_5715825	Pf_BP_3_D364_S82_L001-L004_merged	28	0	1	0	1
PsFluSBW25_chrm01_circ_5716515	Pf_BP_3_D364_S82_L001-L004_merged	21	0	1	0	1
PsFluSBW25_chrm01_circ_5738290	Pf_BP_3_D364_S82_L001-L004_merged	16	0	1	0	1
PsFluSBW25_chrm01_circ_574868	Pf_BP_3_D364_S82_L001-L004_merged	22	0	1	0	1
PsFluSBW25_chrm01_circ_5826120	Pf_BP_3_D364_S82_L001-L004_merged	12	0	1	0	1
PsFluSBW25_chrm01_circ_5847593	Pf_BP_3_D364_S82_L001-L004_merged	23	0	1	0	1
PsFluSBW25_chrm01_circ_5847773	Pf_BP_3_D364_S82_L001-L004_merged	13	0	1	0	1
PsFluSBW25_chrm01_circ_5857442	Pf_BP_3_D364_S82_L001-L004_merged	20	0	1	0	1
PsFluSBW25_chrm01_circ_5857775	Pf_BP_3_D364_S82_L001-L004_merged	29	1	1	0	1
PsFluSBW25_chrm01_circ_5960908	Pf_BP_3_D364_S82_L001-L004_merged	26	0	1	0	1
PsFluSBW25_chrm01_circ_5967294	Pf_BP_3_D364_S82_L001-L004_merged	25	0	1	0	1
PsFluSBW25_chrm01_circ_5971715	Pf_BP_3_D364_S82_L001-L004_merged	21	0	1	0	1
PsFluSBW25_chrm01_circ_6079939	Pf_BP_3_D364_S82_L001-L004_merged	21	0	1	0	1
PsFluSBW25_chrm01_circ_6108733	Pf_BP_3_D364_S82_L001-L004_merged	22	0	1	0	1
PsFluSBW25_chrm01_circ_6154345	Pf_BP_3_D364_S82_L001-L004_merged	22	0	1	0	1
PsFluSBW25_chrm01_circ_6162469	Pf_BP_3_D364_S82_L001-L004_merged	18	0	1	0	1
PsFluSBW25_chrm01_circ_6193873	Pf_BP_3_D364_S82_L001-L004_merged	16	0	1	0	1
PsFluSBW25_chrm01_circ_6249985	Pf_BP_3_D364_S82_L001-L004_merged	23	0	1	0	1
PsFluSBW25_chrm01_circ_6280393	Pf_BP_3_D364_S82_L001-L004_merged	19	0	1	0	1
PsFluSBW25_chrm01_circ_6396367	Pf_BP_3_D364_S82_L001-L004_merged	7	0	1	0	1
PsFluSBW25_chrm01_circ_6446610	Pf_BP_3_D364_S82_L001-L004_merged	7	0	1	0	1
PsFluSBW25_chrm01_circ_6456835	Pf_BP_3_D364_S82_L001-L004_merged	34	0	1	0	1
PsFluSBW25_chrm01_circ_6457857	Pf_BP_3_D364_S82_L001-L004_merged	15	1	1	0	1
PsFluSBW25_chrm01_circ_650867	Pf_BP_3_D364_S82_L001-L004_merged	22	0	1	0	1
PsFluSBW25_chrm01_circ_6518389	Pf_BP_3_D364_S82_L001-L004_merged	15	8	1	0	1
PsFluSBW25_chrm01_circ_721709	Pf_BP_3_D364_S82_L001-L004_merged	19	0	1	0	1
PsFluSBW25_chrm01_circ_738710	Pf_BP_3_D364_S82_L001-L004_merged	13	0	1	0	1
PsFluSBW25_chrm01_circ_789548	Pf_BP_3_D364_S82_L001-L004_merged	25	0	1	0	1
PsFluSBW25_chrm01_circ_825120	Pf_BP_3_D364_S82_L001-L004_merged	18	0	1	0	1
PsFluSBW25_chrm01_circ_839909	Pf_BP_3_D364_S82_L001-L004_merged	22	0	1	0	1
PsFluSBW25_chrm01_circ_847781	Pf_BP_3_D364_S82_L001-L004_merged	18	0	1	0	1
PsFluSBW25_chrm01_circ_866943	Pf_BP_3_D364_S82_L001-L004_merged	18	0	1	0	1
PsFluSBW25_chrm01_circ_895493	Pf_BP_3_D364_S82_L001-L004_merged	15	1	1	0	1
PsFluSBW25_chrm01_circ_90695	Pf_BP_3_D364_S82_L001-L004_merged	31	0	1	0	1
PsFluSBW25_chrm01_circ_927323	Pf_BP_3_D364_S82_L001-L004_merged	20	0	1	0	1
PsFluSBW25_chrm01_circ_927626	Pf_BP_3_D364_S82_L001-L004_merged	29	2	1	0	1
PsFluSBW25_chrm01_circ_929036	Pf_BP_3_D364_S82_L001-L004_merged	27	1	1	0	1
PsFluSBW25_chrm01_circ_929543	Pf_BP_3_D364_S82_L001-L004_merged	23	0	1	0	1
PsFluSBW25_chrm01_circ_935922	Pf_BP_3_D364_S82_L001-L004_merged	20	2	1	0	1
PsFluSBW25_chrm01_circ_935928	Pf_BP_3_D364_S82_L001-L004_merged	19	2	1	0	1
PsFluSBW25_chrm01_circ_936093	Pf_BP_3_D364_S82_L001-L004_merged	19	7	1	0	1
PsFluSBW25_chrm01_circ_95741	Pf_BP_3_D364_S82_L001-L004_merged	8	0	1	0	1
PsFluSBW25_chrm01_circ_963620	Pf_BP_3_D364_S82_L001-L004_merged	35	0	1	0	1
PsFluSBW25_chrm01_circ_994031	Pf_BP_3_D364_S82_L001-L004_merged	28	0	1	0	1
PsFluSBW25_chrm01_circ_994471	Pf_BP_3_D364_S82_L001-L004_merged	37	1	1	0	1
PsFluSBW25_chrm01_circ_1095666	Pf_BP_3_D392_S28_L001-L004_merged	41	0	1	0	1
PsFluSBW25_chrm01_circ_1168746	Pf_BP_3_D392_S28_L001-L004_merged	31	21	1	0	1
PsFluSBW25_chrm01_circ_1183695	Pf_BP_3_D392_S28_L001-L004_merged	40	0	1	0	1
PsFluSBW25_chrm01_circ_1216959	Pf_BP_3_D392_S28_L001-L004_merged	39	0	1	0	1
PsFluSBW25_chrm01_circ_1223902	Pf_BP_3_D392_S28_L001-L004_merged	41	0	1	0	1
PsFluSBW25_chrm01_circ_1268939	Pf_BP_3_D392_S28_L001-L004_merged	48	0	1	0	1
PsFluSBW25_chrm01_circ_1276483	Pf_BP_3_D392_S28_L001-L004_merged	20	0	1	0	1
PsFluSBW25_chrm01_circ_1278375	Pf_BP_3_D392_S28_L001-L004_merged	33	6	1	0	1
PsFluSBW25_chrm01_circ_1279463	Pf_BP_3_D392_S28_L001-L004_merged	53	0	1	0	1
PsFluSBW25_chrm01_circ_1302422	Pf_BP_3_D392_S28_L001-L004_merged	44	0	1	0	1
PsFluSBW25_chrm01_circ_1305492	Pf_BP_3_D392_S28_L001-L004_merged	43	0	1	0	1
PsFluSBW25_chrm01_circ_130961	Pf_BP_3_D392_S28_L001-L004_merged	50	1	1	0	1
PsFluSBW25_chrm01_circ_1352002	Pf_BP_3_D392_S28_L001-L004_merged	14	0	1	0	1
PsFluSBW25_chrm01_circ_1358965	Pf_BP_3_D392_S28_L001-L004_merged	40	11	1	0	1
PsFluSBW25_chrm01_circ_1364472	Pf_BP_3_D392_S28_L001-L004_merged	51	0	1	0	1
PsFluSBW25_chrm01_circ_1375221	Pf_BP_3_D392_S28_L001-L004_merged	41	0	1	0	1
PsFluSBW25_chrm01_circ_1416341	Pf_BP_3_D392_S28_L001-L004_merged	31	1	1	0	1
PsFluSBW25_chrm01_circ_1452004	Pf_BP_3_D392_S28_L001-L004_merged	33	0	1	0	1
PsFluSBW25_chrm01_circ_1452810	Pf_BP_3_D392_S28_L001-L004_merged	24	0	1	0	1
PsFluSBW25_chrm01_circ_1480473	Pf_BP_3_D392_S28_L001-L004_merged	38	0	1	0	1
PsFluSBW25_chrm01_circ_1514552	Pf_BP_3_D392_S28_L001-L004_merged	7	0	1	0	1
PsFluSBW25_chrm01_circ_1680055	Pf_BP_3_D392_S28_L001-L004_merged	8	0	1	0	1
PsFluSBW25_chrm01_circ_1709973	Pf_BP_3_D392_S28_L001-L004_merged	45	0	1	0	1
PsFluSBW25_chrm01_circ_1756426	Pf_BP_3_D392_S28_L001-L004_merged	52	0	1	0	1
PsFluSBW25_chrm01_circ_1778554	Pf_BP_3_D392_S28_L001-L004_merged	32	0	1	0	1
PsFluSBW25_chrm01_circ_1785786	Pf_BP_3_D392_S28_L001-L004_merged	20	0	1	0	1
PsFluSBW25_chrm01_circ_1824623	Pf_BP_3_D392_S28_L001-L004_merged	35	3	1	0	1
PsFluSBW25_chrm01_circ_1867228	Pf_BP_3_D392_S28_L001-L004_merged	46	0	1	0	1
PsFluSBW25_chrm01_circ_1875122	Pf_BP_3_D392_S28_L001-L004_merged	53	0	1	0	1
PsFluSBW25_chrm01_circ_1890465	Pf_BP_3_D392_S28_L001-L004_merged	50	0	1	0	1
PsFluSBW25_chrm01_circ_1908691	Pf_BP_3_D392_S28_L001-L004_merged	46	0	1	0	1
PsFluSBW25_chrm01_circ_1933415	Pf_BP_3_D392_S28_L001-L004_merged	48	0	1	0	1
PsFluSBW25_chrm01_circ_1965357	Pf_BP_3_D392_S28_L001-L004_merged	25	0	1	0	1
PsFluSBW25_chrm01_circ_1986756	Pf_BP_3_D392_S28_L001-L004_merged	38	0	1	0	1
PsFluSBW25_chrm01_circ_2063410	Pf_BP_3_D392_S28_L001-L004_merged	42	0	1	0	1
PsFluSBW25_chrm01_circ_2085733	Pf_BP_3_D392_S28_L001-L004_merged	41	0	1	0	1
PsFluSBW25_chrm01_circ_213914	Pf_BP_3_D392_S28_L001-L004_merged	23	1	1	0	1
PsFluSBW25_chrm01_circ_2161074	Pf_BP_3_D392_S28_L001-L004_merged	46	0	1	0	1
PsFluSBW25_chrm01_circ_2163959	Pf_BP_3_D392_S28_L001-L004_merged	33	0	1	0	1
PsFluSBW25_chrm01_circ_2167977	Pf_BP_3_D392_S28_L001-L004_merged	39	0	1	0	1
PsFluSBW25_chrm01_circ_2198957	Pf_BP_3_D392_S28_L001-L004_merged	39	21	1	0	1
PsFluSBW25_chrm01_circ_2244095	Pf_BP_3_D392_S28_L001-L004_merged	42	0	1	0	1
PsFluSBW25_chrm01_circ_2402212	Pf_BP_3_D392_S28_L001-L004_merged	59	0	1	0	1
PsFluSBW25_chrm01_circ_2453173	Pf_BP_3_D392_S28_L001-L004_merged	38	0	1	0	1
PsFluSBW25_chrm01_circ_2480284	Pf_BP_3_D392_S28_L001-L004_merged	52	2	1	0	1
PsFluSBW25_chrm01_circ_2533947	Pf_BP_3_D392_S28_L001-L004_merged	16	1	1	0	1
PsFluSBW25_chrm01_circ_2564357	Pf_BP_3_D392_S28_L001-L004_merged	46	0	1	0	1
PsFluSBW25_chrm01_circ_2692036	Pf_BP_3_D392_S28_L001-L004_merged	47	0	1	0	1
PsFluSBW25_chrm01_circ_2748923	Pf_BP_3_D392_S28_L001-L004_merged	56	0	1	0	1
PsFluSBW25_chrm01_circ_2766944	Pf_BP_3_D392_S28_L001-L004_merged	50	0	1	0	1
PsFluSBW25_chrm01_circ_2776101	Pf_BP_3_D392_S28_L001-L004_merged	40	0	1	0	1
PsFluSBW25_chrm01_circ_2844380	Pf_BP_3_D392_S28_L001-L004_merged	52	0	1	0	1
PsFluSBW25_chrm01_circ_2857080	Pf_BP_3_D392_S28_L001-L004_merged	16	0	1	0	1
PsFluSBW25_chrm01_circ_2948899	Pf_BP_3_D392_S28_L001-L004_merged	47	0	1	0	1
PsFluSBW25_chrm01_circ_2986589	Pf_BP_3_D392_S28_L001-L004_merged	38	0	1	0	1
PsFluSBW25_chrm01_circ_3046319	Pf_BP_3_D392_S28_L001-L004_merged	39	0	1	0	1
PsFluSBW25_chrm01_circ_3049960	Pf_BP_3_D392_S28_L001-L004_merged	41	11	1	0	1
PsFluSBW25_chrm01_circ_3301933	Pf_BP_3_D392_S28_L001-L004_merged	39	0	1	0	1
PsFluSBW25_chrm01_circ_3332858	Pf_BP_3_D392_S28_L001-L004_merged	41	0	1	0	1
PsFluSBW25_chrm01_circ_3351598	Pf_BP_3_D392_S28_L001-L004_merged	56	0	1	0	1
PsFluSBW25_chrm01_circ_342397	Pf_BP_3_D392_S28_L001-L004_merged	37	0	1	0	1
PsFluSBW25_chrm01_circ_3436927	Pf_BP_3_D392_S28_L001-L004_merged	53	0	1	0	1
PsFluSBW25_chrm01_circ_3456540	Pf_BP_3_D392_S28_L001-L004_merged	36	0	1	0	1
PsFluSBW25_chrm01_circ_349255	Pf_BP_3_D392_S28_L001-L004_merged	17	0	1	0	1
PsFluSBW25_chrm01_circ_37125	Pf_BP_3_D392_S28_L001-L004_merged	20	0	1	0	1
PsFluSBW25_chrm01_circ_3798211	Pf_BP_3_D392_S28_L001-L004_merged	67	0	1	0	1
PsFluSBW25_chrm01_circ_3838961	Pf_BP_3_D392_S28_L001-L004_merged	47	0	1	0	1
PsFluSBW25_chrm01_circ_3845100	Pf_BP_3_D392_S28_L001-L004_merged	29	0	1	0	1
PsFluSBW25_chrm01_circ_388609	Pf_BP_3_D392_S28_L001-L004_merged	47	0	1	0	1
PsFluSBW25_chrm01_circ_3886700	Pf_BP_3_D392_S28_L001-L004_merged	52	0	1	0	1
PsFluSBW25_chrm01_circ_4048876	Pf_BP_3_D392_S28_L001-L004_merged	42	0	1	0	1
PsFluSBW25_chrm01_circ_4062482	Pf_BP_3_D392_S28_L001-L004_merged	55	0	1	0	1
PsFluSBW25_chrm01_circ_407561	Pf_BP_3_D392_S28_L001-L004_merged	37	0	1	0	1
PsFluSBW25_chrm01_circ_4120561	Pf_BP_3_D392_S28_L001-L004_merged	60	0	1	0	1
PsFluSBW25_chrm01_circ_4155053	Pf_BP_3_D392_S28_L001-L004_merged	39	0	1	0	1
PsFluSBW25_chrm01_circ_4180044	Pf_BP_3_D392_S28_L001-L004_merged	48	0	1	0	1
PsFluSBW25_chrm01_circ_4203626	Pf_BP_3_D392_S28_L001-L004_merged	35	7	1	0	1
PsFluSBW25_chrm01_circ_425448	Pf_BP_3_D392_S28_L001-L004_merged	48	0	1	0	1
PsFluSBW25_chrm01_circ_4337542	Pf_BP_3_D392_S28_L001-L004_merged	34	0	1	0	1
PsFluSBW25_chrm01_circ_4368075	Pf_BP_3_D392_S28_L001-L004_merged	34	0	1	0	1
PsFluSBW25_chrm01_circ_441863	Pf_BP_3_D392_S28_L001-L004_merged	41	0	1	0	1
PsFluSBW25_chrm01_circ_4487200	Pf_BP_3_D392_S28_L001-L004_merged	48	0	1	0	1
PsFluSBW25_chrm01_circ_4522227	Pf_BP_3_D392_S28_L001-L004_merged	15	0	1	0	1
PsFluSBW25_chrm01_circ_4528974	Pf_BP_3_D392_S28_L001-L004_merged	42	0	1	0	1
PsFluSBW25_chrm01_circ_4566022	Pf_BP_3_D392_S28_L001-L004_merged	36	0	1	0	1
PsFluSBW25_chrm01_circ_4592386	Pf_BP_3_D392_S28_L001-L004_merged	29	0	1	0	1
PsFluSBW25_chrm01_circ_4595167	Pf_BP_3_D392_S28_L001-L004_merged	52	0	1	0	1
PsFluSBW25_chrm01_circ_4616287	Pf_BP_3_D392_S28_L001-L004_merged	32	0	1	0	1
PsFluSBW25_chrm01_circ_4644415	Pf_BP_3_D392_S28_L001-L004_merged	14	0	1	0	1
PsFluSBW25_chrm01_circ_4645653	Pf_BP_3_D392_S28_L001-L004_merged	52	0	1	0	1
PsFluSBW25_chrm01_circ_4697010	Pf_BP_3_D392_S28_L001-L004_merged	8	0	1	0	1
PsFluSBW25_chrm01_circ_470121	Pf_BP_3_D392_S28_L001-L004_merged	59	0	1	0	1
PsFluSBW25_chrm01_circ_4748517	Pf_BP_3_D392_S28_L001-L004_merged	45	0	1	0	1
PsFluSBW25_chrm01_circ_4751880	Pf_BP_3_D392_S28_L001-L004_merged	50	0	1	0	1
PsFluSBW25_chrm01_circ_4752384	Pf_BP_3_D392_S28_L001-L004_merged	27	19	1	0	1
PsFluSBW25_chrm01_circ_4803873	Pf_BP_3_D392_S28_L001-L004_merged	45	0	1	0	1
PsFluSBW25_chrm01_circ_4812193	Pf_BP_3_D392_S28_L001-L004_merged	57	0	1	0	1
PsFluSBW25_chrm01_circ_4872719	Pf_BP_3_D392_S28_L001-L004_merged	51	1	1	0	1
PsFluSBW25_chrm01_circ_4881730	Pf_BP_3_D392_S28_L001-L004_merged	47	0	1	0	1
PsFluSBW25_chrm01_circ_4931039	Pf_BP_3_D392_S28_L001-L004_merged	40	0	1	0	1
PsFluSBW25_chrm01_circ_4939038	Pf_BP_3_D392_S28_L001-L004_merged	41	0	1	0	1
PsFluSBW25_chrm01_circ_4941675	Pf_BP_3_D392_S28_L001-L004_merged	52	0	1	0	1
PsFluSBW25_chrm01_circ_4976801	Pf_BP_3_D392_S28_L001-L004_merged	10	0	1	0	1
PsFluSBW25_chrm01_circ_5004622	Pf_BP_3_D392_S28_L001-L004_merged	34	0	1	0	1
PsFluSBW25_chrm01_circ_5057411	Pf_BP_3_D392_S28_L001-L004_merged	24	0	1	0	1
PsFluSBW25_chrm01_circ_5068086	Pf_BP_3_D392_S28_L001-L004_merged	47	0	1	0	1
PsFluSBW25_chrm01_circ_5070696	Pf_BP_3_D392_S28_L001-L004_merged	36	1	1	0	1
PsFluSBW25_chrm01_circ_5088445	Pf_BP_3_D392_S28_L001-L004_merged	35	0	1	0	1
PsFluSBW25_chrm01_circ_5090218	Pf_BP_3_D392_S28_L001-L004_merged	51	0	1	0	1
PsFluSBW25_chrm01_circ_5098798	Pf_BP_3_D392_S28_L001-L004_merged	37	0	1	0	1
PsFluSBW25_chrm01_circ_5125224	Pf_BP_3_D392_S28_L001-L004_merged	43	0	1	0	1
PsFluSBW25_chrm01_circ_5139833	Pf_BP_3_D392_S28_L001-L004_merged	42	0	1	0	1
PsFluSBW25_chrm01_circ_514009	Pf_BP_3_D392_S28_L001-L004_merged	51	0	1	0	1
PsFluSBW25_chrm01_circ_5176227	Pf_BP_3_D392_S28_L001-L004_merged	58	0	1	0	1
PsFluSBW25_chrm01_circ_5177634	Pf_BP_3_D392_S28_L001-L004_merged	51	0	1	0	1
PsFluSBW25_chrm01_circ_5229842	Pf_BP_3_D392_S28_L001-L004_merged	7	0	1	0	1
PsFluSBW25_chrm01_circ_5229846	Pf_BP_3_D392_S28_L001-L004_merged	9	0	1	0	1
PsFluSBW25_chrm01_circ_5229848	Pf_BP_3_D392_S28_L001-L004_merged	9	0	1	0	1
PsFluSBW25_chrm01_circ_528492	Pf_BP_3_D392_S28_L001-L004_merged	46	0	1	0	1
PsFluSBW25_chrm01_circ_5306363	Pf_BP_3_D392_S28_L001-L004_merged	28	0	1	0	1
PsFluSBW25_chrm01_circ_531839	Pf_BP_3_D392_S28_L001-L004_merged	27	0	1	0	1
PsFluSBW25_chrm01_circ_5357118	Pf_BP_3_D392_S28_L001-L004_merged	40	0	1	0	1
PsFluSBW25_chrm01_circ_5396337	Pf_BP_3_D392_S28_L001-L004_merged	40	0	1	0	1
PsFluSBW25_chrm01_circ_5408499	Pf_BP_3_D392_S28_L001-L004_merged	14	0	1	0	1
PsFluSBW25_chrm01_circ_5468527	Pf_BP_3_D392_S28_L001-L004_merged	49	0	1	0	1
PsFluSBW25_chrm01_circ_5486155	Pf_BP_3_D392_S28_L001-L004_merged	15	0	1	0	1
PsFluSBW25_chrm01_circ_5516969	Pf_BP_3_D392_S28_L001-L004_merged	73	0	1	0	1
PsFluSBW25_chrm01_circ_5524086	Pf_BP_3_D392_S28_L001-L004_merged	16	0	1	0	1
PsFluSBW25_chrm01_circ_5534536	Pf_BP_3_D392_S28_L001-L004_merged	35	0	1	0	1
PsFluSBW25_chrm01_circ_5567439	Pf_BP_3_D392_S28_L001-L004_merged	50	0	1	0	1
PsFluSBW25_chrm01_circ_5624304	Pf_BP_3_D392_S28_L001-L004_merged	50	0	1	0	1
PsFluSBW25_chrm01_circ_5667496	Pf_BP_3_D392_S28_L001-L004_merged	39	0	1	0	1
PsFluSBW25_chrm01_circ_5671868	Pf_BP_3_D392_S28_L001-L004_merged	44	0	1	0	1
PsFluSBW25_chrm01_circ_5689413	Pf_BP_3_D392_S28_L001-L004_merged	41	0	1	0	1
PsFluSBW25_chrm01_circ_5709997	Pf_BP_3_D392_S28_L001-L004_merged	32	0	1	0	1
PsFluSBW25_chrm01_circ_5715825	Pf_BP_3_D392_S28_L001-L004_merged	50	0	1	0	1
PsFluSBW25_chrm01_circ_5716515	Pf_BP_3_D392_S28_L001-L004_merged	35	0	1	0	1
PsFluSBW25_chrm01_circ_5738290	Pf_BP_3_D392_S28_L001-L004_merged	52	0	1	0	1
PsFluSBW25_chrm01_circ_574868	Pf_BP_3_D392_S28_L001-L004_merged	43	0	1	0	1
PsFluSBW25_chrm01_circ_5826120	Pf_BP_3_D392_S28_L001-L004_merged	43	0	1	0	1
PsFluSBW25_chrm01_circ_5847593	Pf_BP_3_D392_S28_L001-L004_merged	39	0	1	0	1
PsFluSBW25_chrm01_circ_5847773	Pf_BP_3_D392_S28_L001-L004_merged	47	0	1	0	1
PsFluSBW25_chrm01_circ_5857442	Pf_BP_3_D392_S28_L001-L004_merged	32	0	1	0	1
PsFluSBW25_chrm01_circ_5857775	Pf_BP_3_D392_S28_L001-L004_merged	49	0	1	0	1
PsFluSBW25_chrm01_circ_5960908	Pf_BP_3_D392_S28_L001-L004_merged	48	0	1	0	1
PsFluSBW25_chrm01_circ_5967294	Pf_BP_3_D392_S28_L001-L004_merged	51	0	1	0	1
PsFluSBW25_chrm01_circ_5971715	Pf_BP_3_D392_S28_L001-L004_merged	49	1	1	0	1
PsFluSBW25_chrm01_circ_6079939	Pf_BP_3_D392_S28_L001-L004_merged	36	0	1	0	1
PsFluSBW25_chrm01_circ_6108733	Pf_BP_3_D392_S28_L001-L004_merged	38	0	1	0	1
PsFluSBW25_chrm01_circ_6154345	Pf_BP_3_D392_S28_L001-L004_merged	49	0	1	0	1
PsFluSBW25_chrm01_circ_6162469	Pf_BP_3_D392_S28_L001-L004_merged	32	1	1	0	1
PsFluSBW25_chrm01_circ_6193873	Pf_BP_3_D392_S28_L001-L004_merged	22	0	1	0	1
PsFluSBW25_chrm01_circ_6249985	Pf_BP_3_D392_S28_L001-L004_merged	42	0	1	0	1
PsFluSBW25_chrm01_circ_6280393	Pf_BP_3_D392_S28_L001-L004_merged	59	0	1	0	1
PsFluSBW25_chrm01_circ_6396367	Pf_BP_3_D392_S28_L001-L004_merged	4	0	1	0	1
PsFluSBW25_chrm01_circ_6446610	Pf_BP_3_D392_S28_L001-L004_merged	18	0	1	0	1
PsFluSBW25_chrm01_circ_6456835	Pf_BP_3_D392_S28_L001-L004_merged	33	0	1	0	1
PsFluSBW25_chrm01_circ_6457857	Pf_BP_3_D392_S28_L001-L004_merged	42	4	1	0	1
PsFluSBW25_chrm01_circ_650867	Pf_BP_3_D392_S28_L001-L004_merged	44	1	1	0	1
PsFluSBW25_chrm01_circ_6518389	Pf_BP_3_D392_S28_L001-L004_merged	31	18	1	0	1
PsFluSBW25_chrm01_circ_721709	Pf_BP_3_D392_S28_L001-L004_merged	38	1	1	0	1
PsFluSBW25_chrm01_circ_738710	Pf_BP_3_D392_S28_L001-L004_merged	38	0	1	0	1
PsFluSBW25_chrm01_circ_789548	Pf_BP_3_D392_S28_L001-L004_merged	43	0	1	0	1
PsFluSBW25_chrm01_circ_825120	Pf_BP_3_D392_S28_L001-L004_merged	45	0	1	0	1
PsFluSBW25_chrm01_circ_839909	Pf_BP_3_D392_S28_L001-L004_merged	52	0	1	0	1
PsFluSBW25_chrm01_circ_847781	Pf_BP_3_D392_S28_L001-L004_merged	42	0	1	0	1
PsFluSBW25_chrm01_circ_866943	Pf_BP_3_D392_S28_L001-L004_merged	33	0	1	0	1
PsFluSBW25_chrm01_circ_895493	Pf_BP_3_D392_S28_L001-L004_merged	34	2	1	0	1
PsFluSBW25_chrm01_circ_90695	Pf_BP_3_D392_S28_L001-L004_merged	42	0	1	0	1
PsFluSBW25_chrm01_circ_927323	Pf_BP_3_D392_S28_L001-L004_merged	29	0	1	0	1
PsFluSBW25_chrm01_circ_927626	Pf_BP_3_D392_S28_L001-L004_merged	39	0	1	0	1
PsFluSBW25_chrm01_circ_929036	Pf_BP_3_D392_S28_L001-L004_merged	33	2	1	0	1
PsFluSBW25_chrm01_circ_929543	Pf_BP_3_D392_S28_L001-L004_merged	27	0	1	0	1
PsFluSBW25_chrm01_circ_935922	Pf_BP_3_D392_S28_L001-L004_merged	21	5	1	0	1
PsFluSBW25_chrm01_circ_935928	Pf_BP_3_D392_S28_L001-L004_merged	20	5	1	0	1
PsFluSBW25_chrm01_circ_936093	Pf_BP_3_D392_S28_L001-L004_merged	26	5	1	0	1
PsFluSBW25_chrm01_circ_95741	Pf_BP_3_D392_S28_L001-L004_merged	26	0	1	0	1
PsFluSBW25_chrm01_circ_963620	Pf_BP_3_D392_S28_L001-L004_merged	52	2	1	0	1
PsFluSBW25_chrm01_circ_994031	Pf_BP_3_D392_S28_L001-L004_merged	55	0	1	0	1
PsFluSBW25_chrm01_circ_994471	Pf_BP_3_D392_S28_L001-L004_merged	35	0	1	0	1
PsFluSBW25_chrm01_circ_1095666	Pf_BP_3_D420_S61_L001-L004_merged	39	1	1	0	1
PsFluSBW25_chrm01_circ_1168746	Pf_BP_3_D420_S61_L001-L004_merged	38	15	1	0	1
PsFluSBW25_chrm01_circ_1183695	Pf_BP_3_D420_S61_L001-L004_merged	30	1	1	0	1
PsFluSBW25_chrm01_circ_1216959	Pf_BP_3_D420_S61_L001-L004_merged	39	1	1	0	1
PsFluSBW25_chrm01_circ_1223902	Pf_BP_3_D420_S61_L001-L004_merged	36	0	1	0	1
PsFluSBW25_chrm01_circ_1268939	Pf_BP_3_D420_S61_L001-L004_merged	37	2	1	0	1
PsFluSBW25_chrm01_circ_1276483	Pf_BP_3_D420_S61_L001-L004_merged	13	0	1	0	1
PsFluSBW25_chrm01_circ_1278375	Pf_BP_3_D420_S61_L001-L004_merged	31	7	1	0	1
PsFluSBW25_chrm01_circ_1279463	Pf_BP_3_D420_S61_L001-L004_merged	38	1	1	0	1
PsFluSBW25_chrm01_circ_1302422	Pf_BP_3_D420_S61_L001-L004_merged	44	1	1	0	1
PsFluSBW25_chrm01_circ_1305492	Pf_BP_3_D420_S61_L001-L004_merged	50	0	1	0	1
PsFluSBW25_chrm01_circ_130961	Pf_BP_3_D420_S61_L001-L004_merged	50	3	1	0	1
PsFluSBW25_chrm01_circ_1352002	Pf_BP_3_D420_S61_L001-L004_merged	8	0	1	0	1
PsFluSBW25_chrm01_circ_1358965	Pf_BP_3_D420_S61_L001-L004_merged	29	15	1	0	1
PsFluSBW25_chrm01_circ_1364472	Pf_BP_3_D420_S61_L001-L004_merged	48	0	1	0	1
PsFluSBW25_chrm01_circ_1375221	Pf_BP_3_D420_S61_L001-L004_merged	34	0	1	0	1
PsFluSBW25_chrm01_circ_1416341	Pf_BP_3_D420_S61_L001-L004_merged	28	2	1	0	1
PsFluSBW25_chrm01_circ_1452004	Pf_BP_3_D420_S61_L001-L004_merged	43	0	1	0	1
PsFluSBW25_chrm01_circ_1452810	Pf_BP_3_D420_S61_L001-L004_merged	16	0	1	0	1
PsFluSBW25_chrm01_circ_1480473	Pf_BP_3_D420_S61_L001-L004_merged	32	1	1	0	1
PsFluSBW25_chrm01_circ_1514552	Pf_BP_3_D420_S61_L001-L004_merged	12	0	1	0	1
PsFluSBW25_chrm01_circ_1680055	Pf_BP_3_D420_S61_L001-L004_merged	12	0	1	0	1
PsFluSBW25_chrm01_circ_1709973	Pf_BP_3_D420_S61_L001-L004_merged	51	0	1	0	1
PsFluSBW25_chrm01_circ_1756426	Pf_BP_3_D420_S61_L001-L004_merged	40	0	1	0	1
PsFluSBW25_chrm01_circ_1778554	Pf_BP_3_D420_S61_L001-L004_merged	39	0	1	0	1
PsFluSBW25_chrm01_circ_1785786	Pf_BP_3_D420_S61_L001-L004_merged	9	0	1	0	1
PsFluSBW25_chrm01_circ_1824623	Pf_BP_3_D420_S61_L001-L004_merged	33	2	1	0	1
PsFluSBW25_chrm01_circ_1867228	Pf_BP_3_D420_S61_L001-L004_merged	38	0	1	0	1
PsFluSBW25_chrm01_circ_1875122	Pf_BP_3_D420_S61_L001-L004_merged	37	1	1	0	1
PsFluSBW25_chrm01_circ_1890465	Pf_BP_3_D420_S61_L001-L004_merged	43	0	1	0	1
PsFluSBW25_chrm01_circ_1908691	Pf_BP_3_D420_S61_L001-L004_merged	34	0	1	0	1
PsFluSBW25_chrm01_circ_1933415	Pf_BP_3_D420_S61_L001-L004_merged	42	1	1	0	1
PsFluSBW25_chrm01_circ_1965357	Pf_BP_3_D420_S61_L001-L004_merged	14	0	1	0	1
PsFluSBW25_chrm01_circ_1986756	Pf_BP_3_D420_S61_L001-L004_merged	60	0	1	0	1
PsFluSBW25_chrm01_circ_2063410	Pf_BP_3_D420_S61_L001-L004_merged	40	0	1	0	1
PsFluSBW25_chrm01_circ_2085733	Pf_BP_3_D420_S61_L001-L004_merged	39	0	1	0	1
PsFluSBW25_chrm01_circ_213914	Pf_BP_3_D420_S61_L001-L004_merged	13	1	1	0	1
PsFluSBW25_chrm01_circ_2161074	Pf_BP_3_D420_S61_L001-L004_merged	51	0	1	0	1
PsFluSBW25_chrm01_circ_2163959	Pf_BP_3_D420_S61_L001-L004_merged	31	2	1	0	1
PsFluSBW25_chrm01_circ_2167977	Pf_BP_3_D420_S61_L001-L004_merged	51	0	1	0	1
PsFluSBW25_chrm01_circ_2198957	Pf_BP_3_D420_S61_L001-L004_merged	25	10	1	0	1
PsFluSBW25_chrm01_circ_2244095	Pf_BP_3_D420_S61_L001-L004_merged	30	1	1	0	1
PsFluSBW25_chrm01_circ_2402212	Pf_BP_3_D420_S61_L001-L004_merged	39	0	1	0	1
PsFluSBW25_chrm01_circ_2453173	Pf_BP_3_D420_S61_L001-L004_merged	35	2	1	0	1
PsFluSBW25_chrm01_circ_2480284	Pf_BP_3_D420_S61_L001-L004_merged	30	8	1	0	1
PsFluSBW25_chrm01_circ_2533947	Pf_BP_3_D420_S61_L001-L004_merged	12	1	1	0	1
PsFluSBW25_chrm01_circ_2564357	Pf_BP_3_D420_S61_L001-L004_merged	33	0	1	0	1
PsFluSBW25_chrm01_circ_2692036	Pf_BP_3_D420_S61_L001-L004_merged	39	0	1	0	1
PsFluSBW25_chrm01_circ_2748923	Pf_BP_3_D420_S61_L001-L004_merged	44	0	1	0	1
PsFluSBW25_chrm01_circ_2766944	Pf_BP_3_D420_S61_L001-L004_merged	57	0	1	0	1
PsFluSBW25_chrm01_circ_2776101	Pf_BP_3_D420_S61_L001-L004_merged	37	1	1	0	1
PsFluSBW25_chrm01_circ_2844380	Pf_BP_3_D420_S61_L001-L004_merged	43	0	1	0	1
PsFluSBW25_chrm01_circ_2857080	Pf_BP_3_D420_S61_L001-L004_merged	5	0	1	0	1
PsFluSBW25_chrm01_circ_2948899	Pf_BP_3_D420_S61_L001-L004_merged	61	2	1	0	1
PsFluSBW25_chrm01_circ_2986589	Pf_BP_3_D420_S61_L001-L004_merged	36	0	1	0	1
PsFluSBW25_chrm01_circ_3046319	Pf_BP_3_D420_S61_L001-L004_merged	41	0	1	0	1
PsFluSBW25_chrm01_circ_3049960	Pf_BP_3_D420_S61_L001-L004_merged	47	5	1	0	1
PsFluSBW25_chrm01_circ_3301933	Pf_BP_3_D420_S61_L001-L004_merged	32	0	1	0	1
PsFluSBW25_chrm01_circ_3332858	Pf_BP_3_D420_S61_L001-L004_merged	30	1	1	0	1
PsFluSBW25_chrm01_circ_3351598	Pf_BP_3_D420_S61_L001-L004_merged	51	0	1	0	1
PsFluSBW25_chrm01_circ_342397	Pf_BP_3_D420_S61_L001-L004_merged	33	0	1	0	1
PsFluSBW25_chrm01_circ_3436927	Pf_BP_3_D420_S61_L001-L004_merged	40	0	1	0	1
PsFluSBW25_chrm01_circ_3456540	Pf_BP_3_D420_S61_L001-L004_merged	37	3	1	0	1
PsFluSBW25_chrm01_circ_349255	Pf_BP_3_D420_S61_L001-L004_merged	13	2	1	0	1
PsFluSBW25_chrm01_circ_37125	Pf_BP_3_D420_S61_L001-L004_merged	22	0	1	0	1
PsFluSBW25_chrm01_circ_3798211	Pf_BP_3_D420_S61_L001-L004_merged	50	1	1	0	1
PsFluSBW25_chrm01_circ_3838961	Pf_BP_3_D420_S61_L001-L004_merged	58	0	1	0	1
PsFluSBW25_chrm01_circ_3845100	Pf_BP_3_D420_S61_L001-L004_merged	57	1	1	0	1
PsFluSBW25_chrm01_circ_388609	Pf_BP_3_D420_S61_L001-L004_merged	38	1	1	0	1
PsFluSBW25_chrm01_circ_3886700	Pf_BP_3_D420_S61_L001-L004_merged	50	0	1	0	1
PsFluSBW25_chrm01_circ_4048876	Pf_BP_3_D420_S61_L001-L004_merged	45	0	1	0	1
PsFluSBW25_chrm01_circ_4062482	Pf_BP_3_D420_S61_L001-L004_merged	52	0	1	0	1
PsFluSBW25_chrm01_circ_407561	Pf_BP_3_D420_S61_L001-L004_merged	32	0	1	0	1
PsFluSBW25_chrm01_circ_4120561	Pf_BP_3_D420_S61_L001-L004_merged	48	1	1	0	1
PsFluSBW25_chrm01_circ_4155053	Pf_BP_3_D420_S61_L001-L004_merged	49	0	1	0	1
PsFluSBW25_chrm01_circ_4180044	Pf_BP_3_D420_S61_L001-L004_merged	31	0	1	0	1
PsFluSBW25_chrm01_circ_4203626	Pf_BP_3_D420_S61_L001-L004_merged	35	11	1	0	1
PsFluSBW25_chrm01_circ_425448	Pf_BP_3_D420_S61_L001-L004_merged	33	0	1	0	1
PsFluSBW25_chrm01_circ_4337542	Pf_BP_3_D420_S61_L001-L004_merged	33	0	1	0	1
PsFluSBW25_chrm01_circ_4368075	Pf_BP_3_D420_S61_L001-L004_merged	24	0	1	0	1
PsFluSBW25_chrm01_circ_441863	Pf_BP_3_D420_S61_L001-L004_merged	39	0	1	0	1
PsFluSBW25_chrm01_circ_4487200	Pf_BP_3_D420_S61_L001-L004_merged	26	0	1	0	1
PsFluSBW25_chrm01_circ_4522227	Pf_BP_3_D420_S61_L001-L004_merged	25	0	1	0	1
PsFluSBW25_chrm01_circ_4528974	Pf_BP_3_D420_S61_L001-L004_merged	48	1	1	0	1
PsFluSBW25_chrm01_circ_4566022	Pf_BP_3_D420_S61_L001-L004_merged	36	0	1	0	1
PsFluSBW25_chrm01_circ_4592386	Pf_BP_3_D420_S61_L001-L004_merged	46	0	1	0	1
PsFluSBW25_chrm01_circ_4595167	Pf_BP_3_D420_S61_L001-L004_merged	42	1	1	0	1
PsFluSBW25_chrm01_circ_4616287	Pf_BP_3_D420_S61_L001-L004_merged	45	0	1	0	1
PsFluSBW25_chrm01_circ_4644415	Pf_BP_3_D420_S61_L001-L004_merged	10	0	1	0	1
PsFluSBW25_chrm01_circ_4645653	Pf_BP_3_D420_S61_L001-L004_merged	47	0	1	0	1
PsFluSBW25_chrm01_circ_4697010	Pf_BP_3_D420_S61_L001-L004_merged	9	0	1	0	1
PsFluSBW25_chrm01_circ_470121	Pf_BP_3_D420_S61_L001-L004_merged	47	0	1	0	1
PsFluSBW25_chrm01_circ_4748517	Pf_BP_3_D420_S61_L001-L004_merged	46	0	1	0	1
PsFluSBW25_chrm01_circ_4751880	Pf_BP_3_D420_S61_L001-L004_merged	44	0	1	0	1
PsFluSBW25_chrm01_circ_4752384	Pf_BP_3_D420_S61_L001-L004_merged	30	12	1	0	1
PsFluSBW25_chrm01_circ_4803873	Pf_BP_3_D420_S61_L001-L004_merged	46	0	1	0	1
PsFluSBW25_chrm01_circ_4812193	Pf_BP_3_D420_S61_L001-L004_merged	41	0	1	0	1
PsFluSBW25_chrm01_circ_4872719	Pf_BP_3_D420_S61_L001-L004_merged	36	1	1	0	1
PsFluSBW25_chrm01_circ_4881730	Pf_BP_3_D420_S61_L001-L004_merged	37	2	1	0	1
PsFluSBW25_chrm01_circ_4931039	Pf_BP_3_D420_S61_L001-L004_merged	40	0	1	0	1
PsFluSBW25_chrm01_circ_4939038	Pf_BP_3_D420_S61_L001-L004_merged	36	1	1	0	1
PsFluSBW25_chrm01_circ_4941675	Pf_BP_3_D420_S61_L001-L004_merged	35	0	1	0	1
PsFluSBW25_chrm01_circ_4976801	Pf_BP_3_D420_S61_L001-L004_merged	14	0	1	0	1
PsFluSBW25_chrm01_circ_5004622	Pf_BP_3_D420_S61_L001-L004_merged	41	0	1	0	1
PsFluSBW25_chrm01_circ_5057411	Pf_BP_3_D420_S61_L001-L004_merged	24	0	1	0	1
PsFluSBW25_chrm01_circ_5068086	Pf_BP_3_D420_S61_L001-L004_merged	38	0	1	0	1
PsFluSBW25_chrm01_circ_5070696	Pf_BP_3_D420_S61_L001-L004_merged	23	1	1	0	1
PsFluSBW25_chrm01_circ_5088445	Pf_BP_3_D420_S61_L001-L004_merged	34	0	1	0	1
PsFluSBW25_chrm01_circ_5090218	Pf_BP_3_D420_S61_L001-L004_merged	44	3	1	0	1
PsFluSBW25_chrm01_circ_5098798	Pf_BP_3_D420_S61_L001-L004_merged	40	0	1	0	1
PsFluSBW25_chrm01_circ_5125224	Pf_BP_3_D420_S61_L001-L004_merged	25	0	1	0	1
PsFluSBW25_chrm01_circ_5139833	Pf_BP_3_D420_S61_L001-L004_merged	43	0	1	0	1
PsFluSBW25_chrm01_circ_514009	Pf_BP_3_D420_S61_L001-L004_merged	49	0	1	0	1
PsFluSBW25_chrm01_circ_5176227	Pf_BP_3_D420_S61_L001-L004_merged	43	0	1	0	1
PsFluSBW25_chrm01_circ_5177634	Pf_BP_3_D420_S61_L001-L004_merged	33	0	1	0	1
PsFluSBW25_chrm01_circ_5229842	Pf_BP_3_D420_S61_L001-L004_merged	9	1	1	0	1
PsFluSBW25_chrm01_circ_5229846	Pf_BP_3_D420_S61_L001-L004_merged	10	1	1	0	1
PsFluSBW25_chrm01_circ_5229848	Pf_BP_3_D420_S61_L001-L004_merged	10	1	1	0	1
PsFluSBW25_chrm01_circ_528492	Pf_BP_3_D420_S61_L001-L004_merged	35	0	1	0	1
PsFluSBW25_chrm01_circ_5306363	Pf_BP_3_D420_S61_L001-L004_merged	25	0	1	0	1
PsFluSBW25_chrm01_circ_531839	Pf_BP_3_D420_S61_L001-L004_merged	33	0	1	0	1
PsFluSBW25_chrm01_circ_5357118	Pf_BP_3_D420_S61_L001-L004_merged	45	0	1	0	1
PsFluSBW25_chrm01_circ_5396337	Pf_BP_3_D420_S61_L001-L004_merged	40	0	1	0	1
PsFluSBW25_chrm01_circ_5408499	Pf_BP_3_D420_S61_L001-L004_merged	12	0	1	0	1
PsFluSBW25_chrm01_circ_5468527	Pf_BP_3_D420_S61_L001-L004_merged	34	0	1	0	1
PsFluSBW25_chrm01_circ_5486155	Pf_BP_3_D420_S61_L001-L004_merged	17	0	1	0	1
PsFluSBW25_chrm01_circ_5516969	Pf_BP_3_D420_S61_L001-L004_merged	42	0	1	0	1
PsFluSBW25_chrm01_circ_5524086	Pf_BP_3_D420_S61_L001-L004_merged	11	0	1	0	1
PsFluSBW25_chrm01_circ_5534536	Pf_BP_3_D420_S61_L001-L004_merged	35	0	1	0	1
PsFluSBW25_chrm01_circ_5567439	Pf_BP_3_D420_S61_L001-L004_merged	24	0	1	0	1
PsFluSBW25_chrm01_circ_5624304	Pf_BP_3_D420_S61_L001-L004_merged	36	0	1	0	1
PsFluSBW25_chrm01_circ_5667496	Pf_BP_3_D420_S61_L001-L004_merged	25	2	1	0	1
PsFluSBW25_chrm01_circ_5671868	Pf_BP_3_D420_S61_L001-L004_merged	40	0	1	0	1
PsFluSBW25_chrm01_circ_5689413	Pf_BP_3_D420_S61_L001-L004_merged	33	0	1	0	1
PsFluSBW25_chrm01_circ_5709997	Pf_BP_3_D420_S61_L001-L004_merged	38	0	1	0	1
PsFluSBW25_chrm01_circ_5715825	Pf_BP_3_D420_S61_L001-L004_merged	34	0	1	0	1
PsFluSBW25_chrm01_circ_5716515	Pf_BP_3_D420_S61_L001-L004_merged	33	1	1	0	1
PsFluSBW25_chrm01_circ_5738290	Pf_BP_3_D420_S61_L001-L004_merged	36	0	1	0	1
PsFluSBW25_chrm01_circ_574868	Pf_BP_3_D420_S61_L001-L004_merged	44	0	1	0	1
PsFluSBW25_chrm01_circ_5826120	Pf_BP_3_D420_S61_L001-L004_merged	54	0	1	0	1
PsFluSBW25_chrm01_circ_5847593	Pf_BP_3_D420_S61_L001-L004_merged	44	2	1	0	1
PsFluSBW25_chrm01_circ_5847773	Pf_BP_3_D420_S61_L001-L004_merged	43	0	1	0	1
PsFluSBW25_chrm01_circ_5857442	Pf_BP_3_D420_S61_L001-L004_merged	40	0	1	0	1
PsFluSBW25_chrm01_circ_5857775	Pf_BP_3_D420_S61_L001-L004_merged	35	0	1	0	1
PsFluSBW25_chrm01_circ_5960908	Pf_BP_3_D420_S61_L001-L004_merged	57	0	1	0	1
PsFluSBW25_chrm01_circ_5967294	Pf_BP_3_D420_S61_L001-L004_merged	34	2	1	0	1
PsFluSBW25_chrm01_circ_5971715	Pf_BP_3_D420_S61_L001-L004_merged	44	1	1	0	1
PsFluSBW25_chrm01_circ_6079939	Pf_BP_3_D420_S61_L001-L004_merged	37	0	1	0	1
PsFluSBW25_chrm01_circ_6108733	Pf_BP_3_D420_S61_L001-L004_merged	44	1	1	0	1
PsFluSBW25_chrm01_circ_6154345	Pf_BP_3_D420_S61_L001-L004_merged	38	0	1	0	1
PsFluSBW25_chrm01_circ_6162469	Pf_BP_3_D420_S61_L001-L004_merged	42	4	1	0	1
PsFluSBW25_chrm01_circ_6193873	Pf_BP_3_D420_S61_L001-L004_merged	16	1	1	0	1
PsFluSBW25_chrm01_circ_6249985	Pf_BP_3_D420_S61_L001-L004_merged	33	0	1	0	1
PsFluSBW25_chrm01_circ_6280393	Pf_BP_3_D420_S61_L001-L004_merged	42	1	1	0	1
PsFluSBW25_chrm01_circ_6396367	Pf_BP_3_D420_S61_L001-L004_merged	2	0	1	0	1
PsFluSBW25_chrm01_circ_6446610	Pf_BP_3_D420_S61_L001-L004_merged	18	0	1	0	1
PsFluSBW25_chrm01_circ_6456835	Pf_BP_3_D420_S61_L001-L004_merged	35	0	1	0	1
PsFluSBW25_chrm01_circ_6457857	Pf_BP_3_D420_S61_L001-L004_merged	37	0	1	0	1
PsFluSBW25_chrm01_circ_650867	Pf_BP_3_D420_S61_L001-L004_merged	37	0	1	0	1
PsFluSBW25_chrm01_circ_6518389	Pf_BP_3_D420_S61_L001-L004_merged	36	8	1	0	1
PsFluSBW25_chrm01_circ_721709	Pf_BP_3_D420_S61_L001-L004_merged	32	2	1	0	1
PsFluSBW25_chrm01_circ_738710	Pf_BP_3_D420_S61_L001-L004_merged	28	0	1	0	1
PsFluSBW25_chrm01_circ_789548	Pf_BP_3_D420_S61_L001-L004_merged	40	0	1	0	1
PsFluSBW25_chrm01_circ_825120	Pf_BP_3_D420_S61_L001-L004_merged	41	1	1	0	1
PsFluSBW25_chrm01_circ_839909	Pf_BP_3_D420_S61_L001-L004_merged	45	0	1	0	1
PsFluSBW25_chrm01_circ_847781	Pf_BP_3_D420_S61_L001-L004_merged	39	0	1	0	1
PsFluSBW25_chrm01_circ_866943	Pf_BP_3_D420_S61_L001-L004_merged	33	1	1	0	1
PsFluSBW25_chrm01_circ_895493	Pf_BP_3_D420_S61_L001-L004_merged	14	2	1	0	1
PsFluSBW25_chrm01_circ_90695	Pf_BP_3_D420_S61_L001-L004_merged	39	0	1	0	1
PsFluSBW25_chrm01_circ_927323	Pf_BP_3_D420_S61_L001-L004_merged	38	0	1	0	1
PsFluSBW25_chrm01_circ_927626	Pf_BP_3_D420_S61_L001-L004_merged	44	1	1	0	1
PsFluSBW25_chrm01_circ_929036	Pf_BP_3_D420_S61_L001-L004_merged	38	3	1	0	1
PsFluSBW25_chrm01_circ_929543	Pf_BP_3_D420_S61_L001-L004_merged	33	0	1	0	1
PsFluSBW25_chrm01_circ_935922	Pf_BP_3_D420_S61_L001-L004_merged	22	9	1	0	1
PsFluSBW25_chrm01_circ_935928	Pf_BP_3_D420_S61_L001-L004_merged	22	9	1	0	1
PsFluSBW25_chrm01_circ_936093	Pf_BP_3_D420_S61_L001-L004_merged	26	12	1	0	1
PsFluSBW25_chrm01_circ_95741	Pf_BP_3_D420_S61_L001-L004_merged	18	0	1	0	1
PsFluSBW25_chrm01_circ_963620	Pf_BP_3_D420_S61_L001-L004_merged	48	0	1	0	1
PsFluSBW25_chrm01_circ_994031	Pf_BP_3_D420_S61_L001-L004_merged	52	0	1	0	1
PsFluSBW25_chrm01_circ_994471	Pf_BP_3_D420_S61_L001-L004_merged	44	2	1	0	1
PsFluSBW25_chrm01_circ_1095666	Pf_BP_3_D448_S7_L001-L004_merged	32	3	1	0	1
PsFluSBW25_chrm01_circ_1168746	Pf_BP_3_D448_S7_L001-L004_merged	40	12	1	0	1
PsFluSBW25_chrm01_circ_1183695	Pf_BP_3_D448_S7_L001-L004_merged	30	1	1	0	1
PsFluSBW25_chrm01_circ_1216959	Pf_BP_3_D448_S7_L001-L004_merged	40	3	1	0	1
PsFluSBW25_chrm01_circ_1223902	Pf_BP_3_D448_S7_L001-L004_merged	37	1	1	0	1
PsFluSBW25_chrm01_circ_1268939	Pf_BP_3_D448_S7_L001-L004_merged	38	1	1	0	1
PsFluSBW25_chrm01_circ_1276483	Pf_BP_3_D448_S7_L001-L004_merged	21	0	1	0	1
PsFluSBW25_chrm01_circ_1278375	Pf_BP_3_D448_S7_L001-L004_merged	34	9	1	0	1
PsFluSBW25_chrm01_circ_1279463	Pf_BP_3_D448_S7_L001-L004_merged	45	7	1	0	1
PsFluSBW25_chrm01_circ_1302422	Pf_BP_3_D448_S7_L001-L004_merged	39	2	1	0	1
PsFluSBW25_chrm01_circ_1305492	Pf_BP_3_D448_S7_L001-L004_merged	56	0	1	0	1
PsFluSBW25_chrm01_circ_130961	Pf_BP_3_D448_S7_L001-L004_merged	37	3	1	0	1
PsFluSBW25_chrm01_circ_1352002	Pf_BP_3_D448_S7_L001-L004_merged	13	0	1	0	1
PsFluSBW25_chrm01_circ_1358965	Pf_BP_3_D448_S7_L001-L004_merged	35	14	1	0	1
PsFluSBW25_chrm01_circ_1364472	Pf_BP_3_D448_S7_L001-L004_merged	36	0	1	0	1
PsFluSBW25_chrm01_circ_1375221	Pf_BP_3_D448_S7_L001-L004_merged	23	2	1	0	1
PsFluSBW25_chrm01_circ_1416341	Pf_BP_3_D448_S7_L001-L004_merged	35	7	1	0	1
PsFluSBW25_chrm01_circ_1452004	Pf_BP_3_D448_S7_L001-L004_merged	36	0	1	0	1
PsFluSBW25_chrm01_circ_1452810	Pf_BP_3_D448_S7_L001-L004_merged	18	0	1	0	1
PsFluSBW25_chrm01_circ_1480473	Pf_BP_3_D448_S7_L001-L004_merged	34	3	1	0	1
PsFluSBW25_chrm01_circ_1514552	Pf_BP_3_D448_S7_L001-L004_merged	11	0	1	0	1
PsFluSBW25_chrm01_circ_1680055	Pf_BP_3_D448_S7_L001-L004_merged	11	0	1	0	1
PsFluSBW25_chrm01_circ_1709973	Pf_BP_3_D448_S7_L001-L004_merged	55	7	1	0	1
PsFluSBW25_chrm01_circ_1756426	Pf_BP_3_D448_S7_L001-L004_merged	54	1	1	0	1
PsFluSBW25_chrm01_circ_1778554	Pf_BP_3_D448_S7_L001-L004_merged	40	6	1	0	1
PsFluSBW25_chrm01_circ_1785786	Pf_BP_3_D448_S7_L001-L004_merged	10	0	1	0	1
PsFluSBW25_chrm01_circ_1824623	Pf_BP_3_D448_S7_L001-L004_merged	36	8	1	0	1
PsFluSBW25_chrm01_circ_1867228	Pf_BP_3_D448_S7_L001-L004_merged	32	0	1	0	1
PsFluSBW25_chrm01_circ_1875122	Pf_BP_3_D448_S7_L001-L004_merged	32	3	1	0	1
PsFluSBW25_chrm01_circ_1890465	Pf_BP_3_D448_S7_L001-L004_merged	37	3	1	0	1
PsFluSBW25_chrm01_circ_1908691	Pf_BP_3_D448_S7_L001-L004_merged	48	0	1	0	1
PsFluSBW25_chrm01_circ_1933415	Pf_BP_3_D448_S7_L001-L004_merged	35	13	1	0	1
PsFluSBW25_chrm01_circ_1965357	Pf_BP_3_D448_S7_L001-L004_merged	22	0	1	0	1
PsFluSBW25_chrm01_circ_1986756	Pf_BP_3_D448_S7_L001-L004_merged	49	0	1	0	1
PsFluSBW25_chrm01_circ_2063410	Pf_BP_3_D448_S7_L001-L004_merged	29	0	1	0	1
PsFluSBW25_chrm01_circ_2085733	Pf_BP_3_D448_S7_L001-L004_merged	40	4	1	0	1
PsFluSBW25_chrm01_circ_213914	Pf_BP_3_D448_S7_L001-L004_merged	23	0	1	0	1
PsFluSBW25_chrm01_circ_2161074	Pf_BP_3_D448_S7_L001-L004_merged	34	2	1	0	1
PsFluSBW25_chrm01_circ_2163959	Pf_BP_3_D448_S7_L001-L004_merged	43	3	1	0	1
PsFluSBW25_chrm01_circ_2167977	Pf_BP_3_D448_S7_L001-L004_merged	46	0	1	0	1
PsFluSBW25_chrm01_circ_2198957	Pf_BP_3_D448_S7_L001-L004_merged	36	11	1	0	1
PsFluSBW25_chrm01_circ_2244095	Pf_BP_3_D448_S7_L001-L004_merged	27	6	1	0	1
PsFluSBW25_chrm01_circ_2402212	Pf_BP_3_D448_S7_L001-L004_merged	35	6	1	0	1
PsFluSBW25_chrm01_circ_2453173	Pf_BP_3_D448_S7_L001-L004_merged	40	5	1	0	1
PsFluSBW25_chrm01_circ_2480284	Pf_BP_3_D448_S7_L001-L004_merged	33	11	1	0	1
PsFluSBW25_chrm01_circ_2533947	Pf_BP_3_D448_S7_L001-L004_merged	25	0	1	0	1
PsFluSBW25_chrm01_circ_2564357	Pf_BP_3_D448_S7_L001-L004_merged	36	0	1	0	1
PsFluSBW25_chrm01_circ_2692036	Pf_BP_3_D448_S7_L001-L004_merged	42	0	1	0	1
PsFluSBW25_chrm01_circ_2748923	Pf_BP_3_D448_S7_L001-L004_merged	40	0	1	0	1
PsFluSBW25_chrm01_circ_2766944	Pf_BP_3_D448_S7_L001-L004_merged	45	3	1	0	1
PsFluSBW25_chrm01_circ_2776101	Pf_BP_3_D448_S7_L001-L004_merged	52	6	1	0	1
PsFluSBW25_chrm01_circ_2844380	Pf_BP_3_D448_S7_L001-L004_merged	46	0	1	0	1
PsFluSBW25_chrm01_circ_2857080	Pf_BP_3_D448_S7_L001-L004_merged	6	4	1	0	1
PsFluSBW25_chrm01_circ_2948899	Pf_BP_3_D448_S7_L001-L004_merged	42	6	1	0	1
PsFluSBW25_chrm01_circ_2986589	Pf_BP_3_D448_S7_L001-L004_merged	45	0	1	0	1
PsFluSBW25_chrm01_circ_3046319	Pf_BP_3_D448_S7_L001-L004_merged	42	0	1	0	1
PsFluSBW25_chrm01_circ_3049960	Pf_BP_3_D448_S7_L001-L004_merged	35	5	1	0	1
PsFluSBW25_chrm01_circ_3301933	Pf_BP_3_D448_S7_L001-L004_merged	42	0	1	0	1
PsFluSBW25_chrm01_circ_3332858	Pf_BP_3_D448_S7_L001-L004_merged	24	2	1	0	1
PsFluSBW25_chrm01_circ_3351598	Pf_BP_3_D448_S7_L001-L004_merged	45	6	1	0	1
PsFluSBW25_chrm01_circ_342397	Pf_BP_3_D448_S7_L001-L004_merged	44	0	1	0	1
PsFluSBW25_chrm01_circ_3436927	Pf_BP_3_D448_S7_L001-L004_merged	44	7	1	0	1
PsFluSBW25_chrm01_circ_3456540	Pf_BP_3_D448_S7_L001-L004_merged	36	5	1	0	1
PsFluSBW25_chrm01_circ_349255	Pf_BP_3_D448_S7_L001-L004_merged	18	7	1	0	1
PsFluSBW25_chrm01_circ_37125	Pf_BP_3_D448_S7_L001-L004_merged	18	0	1	0	1
PsFluSBW25_chrm01_circ_3798211	Pf_BP_3_D448_S7_L001-L004_merged	51	4	1	0	1
PsFluSBW25_chrm01_circ_3838961	Pf_BP_3_D448_S7_L001-L004_merged	50	0	1	0	1
PsFluSBW25_chrm01_circ_3845100	Pf_BP_3_D448_S7_L001-L004_merged	43	3	1	0	1
PsFluSBW25_chrm01_circ_388609	Pf_BP_3_D448_S7_L001-L004_merged	46	5	1	0	1
PsFluSBW25_chrm01_circ_3886700	Pf_BP_3_D448_S7_L001-L004_merged	44	0	1	0	1
PsFluSBW25_chrm01_circ_4048876	Pf_BP_3_D448_S7_L001-L004_merged	33	0	1	0	1
PsFluSBW25_chrm01_circ_4062482	Pf_BP_3_D448_S7_L001-L004_merged	36	5	1	0	1
PsFluSBW25_chrm01_circ_407561	Pf_BP_3_D448_S7_L001-L004_merged	33	0	1	0	1
PsFluSBW25_chrm01_circ_4120561	Pf_BP_3_D448_S7_L001-L004_merged	55	2	1	0	1
PsFluSBW25_chrm01_circ_4155053	Pf_BP_3_D448_S7_L001-L004_merged	43	1	1	0	1
PsFluSBW25_chrm01_circ_4180044	Pf_BP_3_D448_S7_L001-L004_merged	36	6	1	0	1
PsFluSBW25_chrm01_circ_4203626	Pf_BP_3_D448_S7_L001-L004_merged	26	6	1	0	1
PsFluSBW25_chrm01_circ_425448	Pf_BP_3_D448_S7_L001-L004_merged	48	4	1	0	1
PsFluSBW25_chrm01_circ_4337542	Pf_BP_3_D448_S7_L001-L004_merged	37	4	1	0	1
PsFluSBW25_chrm01_circ_4368075	Pf_BP_3_D448_S7_L001-L004_merged	38	1	1	0	1
PsFluSBW25_chrm01_circ_441863	Pf_BP_3_D448_S7_L001-L004_merged	36	0	1	0	1
PsFluSBW25_chrm01_circ_4487200	Pf_BP_3_D448_S7_L001-L004_merged	38	0	1	0	1
PsFluSBW25_chrm01_circ_4522227	Pf_BP_3_D448_S7_L001-L004_merged	22	0	1	0	1
PsFluSBW25_chrm01_circ_4528974	Pf_BP_3_D448_S7_L001-L004_merged	40	1	1	0	1
PsFluSBW25_chrm01_circ_4566022	Pf_BP_3_D448_S7_L001-L004_merged	31	0	1	0	1
PsFluSBW25_chrm01_circ_4592386	Pf_BP_3_D448_S7_L001-L004_merged	39	0	1	0	1
PsFluSBW25_chrm01_circ_4595167	Pf_BP_3_D448_S7_L001-L004_merged	38	4	1	0	1
PsFluSBW25_chrm01_circ_4616287	Pf_BP_3_D448_S7_L001-L004_merged	26	0	1	0	1
PsFluSBW25_chrm01_circ_4644415	Pf_BP_3_D448_S7_L001-L004_merged	12	0	1	0	1
PsFluSBW25_chrm01_circ_4645653	Pf_BP_3_D448_S7_L001-L004_merged	41	0	1	0	1
PsFluSBW25_chrm01_circ_4697010	Pf_BP_3_D448_S7_L001-L004_merged	9	0	1	0	1
PsFluSBW25_chrm01_circ_470121	Pf_BP_3_D448_S7_L001-L004_merged	46	4	1	0	1
PsFluSBW25_chrm01_circ_4748517	Pf_BP_3_D448_S7_L001-L004_merged	34	3	1	0	1
PsFluSBW25_chrm01_circ_4751880	Pf_BP_3_D448_S7_L001-L004_merged	49	0	1	0	1
PsFluSBW25_chrm01_circ_4752384	Pf_BP_3_D448_S7_L001-L004_merged	33	4	1	0	1
PsFluSBW25_chrm01_circ_4803873	Pf_BP_3_D448_S7_L001-L004_merged	37	0	1	0	1
PsFluSBW25_chrm01_circ_4812193	Pf_BP_3_D448_S7_L001-L004_merged	39	1	1	0	1
PsFluSBW25_chrm01_circ_4872719	Pf_BP_3_D448_S7_L001-L004_merged	38	3	1	0	1
PsFluSBW25_chrm01_circ_4881730	Pf_BP_3_D448_S7_L001-L004_merged	36	3	1	0	1
PsFluSBW25_chrm01_circ_4931039	Pf_BP_3_D448_S7_L001-L004_merged	36	5	1	0	1
PsFluSBW25_chrm01_circ_4939038	Pf_BP_3_D448_S7_L001-L004_merged	34	4	1	0	1
PsFluSBW25_chrm01_circ_4941675	Pf_BP_3_D448_S7_L001-L004_merged	47	0	1	0	1
PsFluSBW25_chrm01_circ_4976801	Pf_BP_3_D448_S7_L001-L004_merged	6	0	1	0	1
PsFluSBW25_chrm01_circ_5004622	Pf_BP_3_D448_S7_L001-L004_merged	38	3	1	0	1
PsFluSBW25_chrm01_circ_5057411	Pf_BP_3_D448_S7_L001-L004_merged	31	0	1	0	1
PsFluSBW25_chrm01_circ_5068086	Pf_BP_3_D448_S7_L001-L004_merged	43	0	1	0	1
PsFluSBW25_chrm01_circ_5070696	Pf_BP_3_D448_S7_L001-L004_merged	29	1	1	0	1
PsFluSBW25_chrm01_circ_5088445	Pf_BP_3_D448_S7_L001-L004_merged	27	0	1	0	1
PsFluSBW25_chrm01_circ_5090218	Pf_BP_3_D448_S7_L001-L004_merged	46	0	1	0	1
PsFluSBW25_chrm01_circ_5098798	Pf_BP_3_D448_S7_L001-L004_merged	36	0	1	0	1
PsFluSBW25_chrm01_circ_5125224	Pf_BP_3_D448_S7_L001-L004_merged	23	5	1	0	1
PsFluSBW25_chrm01_circ_5139833	Pf_BP_3_D448_S7_L001-L004_merged	29	1	1	0	1
PsFluSBW25_chrm01_circ_514009	Pf_BP_3_D448_S7_L001-L004_merged	53	0	1	0	1
PsFluSBW25_chrm01_circ_5176227	Pf_BP_3_D448_S7_L001-L004_merged	42	0	1	0	1
PsFluSBW25_chrm01_circ_5177634	Pf_BP_3_D448_S7_L001-L004_merged	44	9	1	0	1
PsFluSBW25_chrm01_circ_5229842	Pf_BP_3_D448_S7_L001-L004_merged	12	0	1	0	1
PsFluSBW25_chrm01_circ_5229846	Pf_BP_3_D448_S7_L001-L004_merged	12	0	1	0	1
PsFluSBW25_chrm01_circ_5229848	Pf_BP_3_D448_S7_L001-L004_merged	12	0	1	0	1
PsFluSBW25_chrm01_circ_528492	Pf_BP_3_D448_S7_L001-L004_merged	40	0	1	0	1
PsFluSBW25_chrm01_circ_5306363	Pf_BP_3_D448_S7_L001-L004_merged	33	0	1	0	1
PsFluSBW25_chrm01_circ_531839	Pf_BP_3_D448_S7_L001-L004_merged	29	2	1	0	1
PsFluSBW25_chrm01_circ_5357118	Pf_BP_3_D448_S7_L001-L004_merged	32	6	1	0	1
PsFluSBW25_chrm01_circ_5396337	Pf_BP_3_D448_S7_L001-L004_merged	41	0	1	0	1
PsFluSBW25_chrm01_circ_5408499	Pf_BP_3_D448_S7_L001-L004_merged	10	0	1	0	1
PsFluSBW25_chrm01_circ_5468527	Pf_BP_3_D448_S7_L001-L004_merged	57	0	1	0	1
PsFluSBW25_chrm01_circ_5486155	Pf_BP_3_D448_S7_L001-L004_merged	14	0	1	0	1
PsFluSBW25_chrm01_circ_5516969	Pf_BP_3_D448_S7_L001-L004_merged	49	0	1	0	1
PsFluSBW25_chrm01_circ_5524086	Pf_BP_3_D448_S7_L001-L004_merged	14	0	1	0	1
PsFluSBW25_chrm01_circ_5534536	Pf_BP_3_D448_S7_L001-L004_merged	28	3	1	0	1
PsFluSBW25_chrm01_circ_5567439	Pf_BP_3_D448_S7_L001-L004_merged	41	0	1	0	1
PsFluSBW25_chrm01_circ_5624304	Pf_BP_3_D448_S7_L001-L004_merged	55	0	1	0	1
PsFluSBW25_chrm01_circ_5667496	Pf_BP_3_D448_S7_L001-L004_merged	44	1	1	0	1
PsFluSBW25_chrm01_circ_5671868	Pf_BP_3_D448_S7_L001-L004_merged	43	0	1	0	1
PsFluSBW25_chrm01_circ_5689413	Pf_BP_3_D448_S7_L001-L004_merged	19	2	1	0	1
PsFluSBW25_chrm01_circ_5709997	Pf_BP_3_D448_S7_L001-L004_merged	40	0	1	0	1
PsFluSBW25_chrm01_circ_5715825	Pf_BP_3_D448_S7_L001-L004_merged	37	0	1	0	1
PsFluSBW25_chrm01_circ_5716515	Pf_BP_3_D448_S7_L001-L004_merged	23	2	1	0	1
PsFluSBW25_chrm01_circ_5738290	Pf_BP_3_D448_S7_L001-L004_merged	30	2	1	0	1
PsFluSBW25_chrm01_circ_574868	Pf_BP_3_D448_S7_L001-L004_merged	37	0	1	0	1
PsFluSBW25_chrm01_circ_5826120	Pf_BP_3_D448_S7_L001-L004_merged	52	0	1	0	1
PsFluSBW25_chrm01_circ_5847593	Pf_BP_3_D448_S7_L001-L004_merged	41	4	1	0	1
PsFluSBW25_chrm01_circ_5847773	Pf_BP_3_D448_S7_L001-L004_merged	37	0	1	0	1
PsFluSBW25_chrm01_circ_5857442	Pf_BP_3_D448_S7_L001-L004_merged	28	0	1	0	1
PsFluSBW25_chrm01_circ_5857775	Pf_BP_3_D448_S7_L001-L004_merged	42	1	1	0	1
PsFluSBW25_chrm01_circ_5960908	Pf_BP_3_D448_S7_L001-L004_merged	48	0	1	0	1
PsFluSBW25_chrm01_circ_5967294	Pf_BP_3_D448_S7_L001-L004_merged	31	5	1	0	1
PsFluSBW25_chrm01_circ_5971715	Pf_BP_3_D448_S7_L001-L004_merged	56	3	1	0	1
PsFluSBW25_chrm01_circ_6079939	Pf_BP_3_D448_S7_L001-L004_merged	40	0	1	0	1
PsFluSBW25_chrm01_circ_6108733	Pf_BP_3_D448_S7_L001-L004_merged	37	6	1	0	1
PsFluSBW25_chrm01_circ_6154345	Pf_BP_3_D448_S7_L001-L004_merged	39	0	1	0	1
PsFluSBW25_chrm01_circ_6162469	Pf_BP_3_D448_S7_L001-L004_merged	35	2	1	0	1
PsFluSBW25_chrm01_circ_6193873	Pf_BP_3_D448_S7_L001-L004_merged	11	0	1	0	1
PsFluSBW25_chrm01_circ_6249985	Pf_BP_3_D448_S7_L001-L004_merged	47	0	1	0	1
PsFluSBW25_chrm01_circ_6280393	Pf_BP_3_D448_S7_L001-L004_merged	58	2	1	0	1
PsFluSBW25_chrm01_circ_6396367	Pf_BP_3_D448_S7_L001-L004_merged	11	0	1	0	1
PsFluSBW25_chrm01_circ_6446610	Pf_BP_3_D448_S7_L001-L004_merged	18	0	1	0	1
PsFluSBW25_chrm01_circ_6456835	Pf_BP_3_D448_S7_L001-L004_merged	36	0	1	0	1
PsFluSBW25_chrm01_circ_6457857	Pf_BP_3_D448_S7_L001-L004_merged	32	6	1	0	1
PsFluSBW25_chrm01_circ_650867	Pf_BP_3_D448_S7_L001-L004_merged	38	7	1	0	1
PsFluSBW25_chrm01_circ_6518389	Pf_BP_3_D448_S7_L001-L004_merged	32	4	1	0	1
PsFluSBW25_chrm01_circ_721709	Pf_BP_3_D448_S7_L001-L004_merged	46	2	1	0	1
PsFluSBW25_chrm01_circ_738710	Pf_BP_3_D448_S7_L001-L004_merged	37	0	1	0	1
PsFluSBW25_chrm01_circ_789548	Pf_BP_3_D448_S7_L001-L004_merged	38	0	1	0	1
PsFluSBW25_chrm01_circ_825120	Pf_BP_3_D448_S7_L001-L004_merged	44	1	1	0	1
PsFluSBW25_chrm01_circ_839909	Pf_BP_3_D448_S7_L001-L004_merged	52	2	1	0	1
PsFluSBW25_chrm01_circ_847781	Pf_BP_3_D448_S7_L001-L004_merged	35	0	1	0	1
PsFluSBW25_chrm01_circ_866943	Pf_BP_3_D448_S7_L001-L004_merged	16	2	1	0	1
PsFluSBW25_chrm01_circ_895493	Pf_BP_3_D448_S7_L001-L004_merged	25	3	1	0	1
PsFluSBW25_chrm01_circ_90695	Pf_BP_3_D448_S7_L001-L004_merged	38	2	1	0	1
PsFluSBW25_chrm01_circ_927323	Pf_BP_3_D448_S7_L001-L004_merged	50	0	1	0	1
PsFluSBW25_chrm01_circ_927626	Pf_BP_3_D448_S7_L001-L004_merged	35	0	1	0	1
PsFluSBW25_chrm01_circ_929036	Pf_BP_3_D448_S7_L001-L004_merged	34	4	1	0	1
PsFluSBW25_chrm01_circ_929543	Pf_BP_3_D448_S7_L001-L004_merged	29	2	1	0	1
PsFluSBW25_chrm01_circ_935922	Pf_BP_3_D448_S7_L001-L004_merged	30	2	1	0	1
PsFluSBW25_chrm01_circ_935928	Pf_BP_3_D448_S7_L001-L004_merged	30	2	1	0	1
PsFluSBW25_chrm01_circ_936093	Pf_BP_3_D448_S7_L001-L004_merged	29	13	1	0	1
PsFluSBW25_chrm01_circ_95741	Pf_BP_3_D448_S7_L001-L004_merged	14	0	1	0	1
PsFluSBW25_chrm01_circ_963620	Pf_BP_3_D448_S7_L001-L004_merged	46	3	1	0	1
PsFluSBW25_chrm01_circ_994031	Pf_BP_3_D448_S7_L001-L004_merged	38	1	1	0	1
PsFluSBW25_chrm01_circ_994471	Pf_BP_3_D448_S7_L001-L004_merged	37	3	1	0	1
PsFluSBW25_chrm01_circ_1095666	Pf_BP_3_D476_S73_L001-L004_merged	21	5	1	0	1
PsFluSBW25_chrm01_circ_1168746	Pf_BP_3_D476_S73_L001-L004_merged	30	6	1	0	1
PsFluSBW25_chrm01_circ_1183695	Pf_BP_3_D476_S73_L001-L004_merged	19	1	1	0	1
PsFluSBW25_chrm01_circ_1216959	Pf_BP_3_D476_S73_L001-L004_merged	17	8	1	0	1
PsFluSBW25_chrm01_circ_1223902	Pf_BP_3_D476_S73_L001-L004_merged	21	12	1	0	1
PsFluSBW25_chrm01_circ_1268939	Pf_BP_3_D476_S73_L001-L004_merged	20	9	1	0	1
PsFluSBW25_chrm01_circ_1276483	Pf_BP_3_D476_S73_L001-L004_merged	14	0	1	0	1
PsFluSBW25_chrm01_circ_1278375	Pf_BP_3_D476_S73_L001-L004_merged	22	3	1	0	1
PsFluSBW25_chrm01_circ_1279463	Pf_BP_3_D476_S73_L001-L004_merged	17	12	1	0	1
PsFluSBW25_chrm01_circ_1302422	Pf_BP_3_D476_S73_L001-L004_merged	9	5	1	0	1
PsFluSBW25_chrm01_circ_1305492	Pf_BP_3_D476_S73_L001-L004_merged	26	1	1	0	1
PsFluSBW25_chrm01_circ_130961	Pf_BP_3_D476_S73_L001-L004_merged	25	12	1	0	1
PsFluSBW25_chrm01_circ_1352002	Pf_BP_3_D476_S73_L001-L004_merged	9	0	1	0	1
PsFluSBW25_chrm01_circ_1358965	Pf_BP_3_D476_S73_L001-L004_merged	34	5	1	0	1
PsFluSBW25_chrm01_circ_1364472	Pf_BP_3_D476_S73_L001-L004_merged	24	0	1	0	1
PsFluSBW25_chrm01_circ_1375221	Pf_BP_3_D476_S73_L001-L004_merged	15	5	1	0	1
PsFluSBW25_chrm01_circ_1416341	Pf_BP_3_D476_S73_L001-L004_merged	26	2	1	0	1
PsFluSBW25_chrm01_circ_1452004	Pf_BP_3_D476_S73_L001-L004_merged	31	0	1	0	1
PsFluSBW25_chrm01_circ_1452810	Pf_BP_3_D476_S73_L001-L004_merged	10	0	1	0	1
PsFluSBW25_chrm01_circ_1480473	Pf_BP_3_D476_S73_L001-L004_merged	21	5	1	0	1
PsFluSBW25_chrm01_circ_1514552	Pf_BP_3_D476_S73_L001-L004_merged	10	0	1	0	1
PsFluSBW25_chrm01_circ_1680055	Pf_BP_3_D476_S73_L001-L004_merged	7	0	1	0	1
PsFluSBW25_chrm01_circ_1709973	Pf_BP_3_D476_S73_L001-L004_merged	25	13	1	0	1
PsFluSBW25_chrm01_circ_1756426	Pf_BP_3_D476_S73_L001-L004_merged	27	3	1	0	1
PsFluSBW25_chrm01_circ_1778554	Pf_BP_3_D476_S73_L001-L004_merged	20	5	1	0	1
PsFluSBW25_chrm01_circ_1785786	Pf_BP_3_D476_S73_L001-L004_merged	3	0	1	0	1
PsFluSBW25_chrm01_circ_1824623	Pf_BP_3_D476_S73_L001-L004_merged	26	1	1	0	1
PsFluSBW25_chrm01_circ_1867228	Pf_BP_3_D476_S73_L001-L004_merged	38	0	1	0	1
PsFluSBW25_chrm01_circ_1875122	Pf_BP_3_D476_S73_L001-L004_merged	13	12	1	0	1
PsFluSBW25_chrm01_circ_1890465	Pf_BP_3_D476_S73_L001-L004_merged	21	15	1	0	1
PsFluSBW25_chrm01_circ_1908691	Pf_BP_3_D476_S73_L001-L004_merged	31	0	1	0	1
PsFluSBW25_chrm01_circ_1933415	Pf_BP_3_D476_S73_L001-L004_merged	26	3	1	0	1
PsFluSBW25_chrm01_circ_1965357	Pf_BP_3_D476_S73_L001-L004_merged	16	1	1	0	1
PsFluSBW25_chrm01_circ_1986756	Pf_BP_3_D476_S73_L001-L004_merged	29	0	1	0	1
PsFluSBW25_chrm01_circ_2063410	Pf_BP_3_D476_S73_L001-L004_merged	20	0	1	0	1
PsFluSBW25_chrm01_circ_2085733	Pf_BP_3_D476_S73_L001-L004_merged	11	6	1	0	1
PsFluSBW25_chrm01_circ_213914	Pf_BP_3_D476_S73_L001-L004_merged	12	0	1	0	1
PsFluSBW25_chrm01_circ_2161074	Pf_BP_3_D476_S73_L001-L004_merged	25	0	1	0	1
PsFluSBW25_chrm01_circ_2163959	Pf_BP_3_D476_S73_L001-L004_merged	18	8	1	0	1
PsFluSBW25_chrm01_circ_2167977	Pf_BP_3_D476_S73_L001-L004_merged	35	0	1	0	1
PsFluSBW25_chrm01_circ_2198957	Pf_BP_3_D476_S73_L001-L004_merged	27	4	1	0	1
PsFluSBW25_chrm01_circ_2244095	Pf_BP_3_D476_S73_L001-L004_merged	19	7	1	0	1
PsFluSBW25_chrm01_circ_2402212	Pf_BP_3_D476_S73_L001-L004_merged	15	14	1	0	1
PsFluSBW25_chrm01_circ_2453173	Pf_BP_3_D476_S73_L001-L004_merged	13	4	1	0	1
PsFluSBW25_chrm01_circ_2480284	Pf_BP_3_D476_S73_L001-L004_merged	26	2	1	0	1
PsFluSBW25_chrm01_circ_2533947	Pf_BP_3_D476_S73_L001-L004_merged	17	0	1	0	1
PsFluSBW25_chrm01_circ_2564357	Pf_BP_3_D476_S73_L001-L004_merged	26	0	1	0	1
PsFluSBW25_chrm01_circ_2692036	Pf_BP_3_D476_S73_L001-L004_merged	32	0	1	0	1
PsFluSBW25_chrm01_circ_2748923	Pf_BP_3_D476_S73_L001-L004_merged	24	0	1	0	1
PsFluSBW25_chrm01_circ_2766944	Pf_BP_3_D476_S73_L001-L004_merged	35	5	1	0	1
PsFluSBW25_chrm01_circ_2776101	Pf_BP_3_D476_S73_L001-L004_merged	24	9	1	0	1
PsFluSBW25_chrm01_circ_2844380	Pf_BP_3_D476_S73_L001-L004_merged	23	0	1	0	1
PsFluSBW25_chrm01_circ_2857080	Pf_BP_3_D476_S73_L001-L004_merged	8	0	1	0	1
PsFluSBW25_chrm01_circ_2948899	Pf_BP_3_D476_S73_L001-L004_merged	24	6	1	0	1
PsFluSBW25_chrm01_circ_2986589	Pf_BP_3_D476_S73_L001-L004_merged	34	0	1	0	1
PsFluSBW25_chrm01_circ_3046319	Pf_BP_3_D476_S73_L001-L004_merged	28	2	1	0	1
PsFluSBW25_chrm01_circ_3049960	Pf_BP_3_D476_S73_L001-L004_merged	36	4	1	0	1
PsFluSBW25_chrm01_circ_3301933	Pf_BP_3_D476_S73_L001-L004_merged	28	0	1	0	1
PsFluSBW25_chrm01_circ_3332858	Pf_BP_3_D476_S73_L001-L004_merged	12	4	1	0	1
PsFluSBW25_chrm01_circ_3351598	Pf_BP_3_D476_S73_L001-L004_merged	20	9	1	0	1
PsFluSBW25_chrm01_circ_342397	Pf_BP_3_D476_S73_L001-L004_merged	23	0	1	0	1
PsFluSBW25_chrm01_circ_3436927	Pf_BP_3_D476_S73_L001-L004_merged	15	13	1	0	1
PsFluSBW25_chrm01_circ_3456540	Pf_BP_3_D476_S73_L001-L004_merged	34	4	1	0	1
PsFluSBW25_chrm01_circ_349255	Pf_BP_3_D476_S73_L001-L004_merged	4	6	1	0	1
PsFluSBW25_chrm01_circ_37125	Pf_BP_3_D476_S73_L001-L004_merged	16	0	1	0	1
PsFluSBW25_chrm01_circ_3798211	Pf_BP_3_D476_S73_L001-L004_merged	24	11	1	0	1
PsFluSBW25_chrm01_circ_3838961	Pf_BP_3_D476_S73_L001-L004_merged	39	0	1	0	1
PsFluSBW25_chrm01_circ_3845100	Pf_BP_3_D476_S73_L001-L004_merged	22	10	1	0	1
PsFluSBW25_chrm01_circ_388609	Pf_BP_3_D476_S73_L001-L004_merged	24	2	1	0	1
PsFluSBW25_chrm01_circ_3886700	Pf_BP_3_D476_S73_L001-L004_merged	37	0	1	0	1
PsFluSBW25_chrm01_circ_4048876	Pf_BP_3_D476_S73_L001-L004_merged	23	0	1	0	1
PsFluSBW25_chrm01_circ_4062482	Pf_BP_3_D476_S73_L001-L004_merged	14	13	1	0	1
PsFluSBW25_chrm01_circ_407561	Pf_BP_3_D476_S73_L001-L004_merged	26	0	1	0	1
PsFluSBW25_chrm01_circ_4120561	Pf_BP_3_D476_S73_L001-L004_merged	25	14	1	0	1
PsFluSBW25_chrm01_circ_4155053	Pf_BP_3_D476_S73_L001-L004_merged	28	0	1	0	1
PsFluSBW25_chrm01_circ_4180044	Pf_BP_3_D476_S73_L001-L004_merged	12	7	1	0	1
PsFluSBW25_chrm01_circ_4203626	Pf_BP_3_D476_S73_L001-L004_merged	28	5	1	0	1
PsFluSBW25_chrm01_circ_425448	Pf_BP_3_D476_S73_L001-L004_merged	16	6	1	0	1
PsFluSBW25_chrm01_circ_4337542	Pf_BP_3_D476_S73_L001-L004_merged	13	8	1	0	1
PsFluSBW25_chrm01_circ_4368075	Pf_BP_3_D476_S73_L001-L004_merged	22	3	1	0	1
PsFluSBW25_chrm01_circ_441863	Pf_BP_3_D476_S73_L001-L004_merged	31	0	1	0	1
PsFluSBW25_chrm01_circ_4487200	Pf_BP_3_D476_S73_L001-L004_merged	33	0	1	0	1
PsFluSBW25_chrm01_circ_4522227	Pf_BP_3_D476_S73_L001-L004_merged	20	0	1	0	1
PsFluSBW25_chrm01_circ_4528974	Pf_BP_3_D476_S73_L001-L004_merged	18	13	1	0	1
PsFluSBW25_chrm01_circ_4566022	Pf_BP_3_D476_S73_L001-L004_merged	13	0	1	0	1
PsFluSBW25_chrm01_circ_4592386	Pf_BP_3_D476_S73_L001-L004_merged	23	0	1	0	1
PsFluSBW25_chrm01_circ_4595167	Pf_BP_3_D476_S73_L001-L004_merged	16	14	1	0	1
PsFluSBW25_chrm01_circ_4616287	Pf_BP_3_D476_S73_L001-L004_merged	23	0	1	0	1
PsFluSBW25_chrm01_circ_4644415	Pf_BP_3_D476_S73_L001-L004_merged	13	0	1	0	1
PsFluSBW25_chrm01_circ_4645653	Pf_BP_3_D476_S73_L001-L004_merged	24	0	1	0	1
PsFluSBW25_chrm01_circ_4697010	Pf_BP_3_D476_S73_L001-L004_merged	10	0	1	0	1
PsFluSBW25_chrm01_circ_470121	Pf_BP_3_D476_S73_L001-L004_merged	26	10	1	0	1
PsFluSBW25_chrm01_circ_4748517	Pf_BP_3_D476_S73_L001-L004_merged	15	5	1	0	1
PsFluSBW25_chrm01_circ_4751880	Pf_BP_3_D476_S73_L001-L004_merged	33	0	1	0	1
PsFluSBW25_chrm01_circ_4752384	Pf_BP_3_D476_S73_L001-L004_merged	20	5	1	0	1
PsFluSBW25_chrm01_circ_4803873	Pf_BP_3_D476_S73_L001-L004_merged	33	0	1	0	1
PsFluSBW25_chrm01_circ_4812193	Pf_BP_3_D476_S73_L001-L004_merged	29	2	1	0	1
PsFluSBW25_chrm01_circ_4872719	Pf_BP_3_D476_S73_L001-L004_merged	30	10	1	0	1
PsFluSBW25_chrm01_circ_4881730	Pf_BP_3_D476_S73_L001-L004_merged	17	7	1	0	1
PsFluSBW25_chrm01_circ_4931039	Pf_BP_3_D476_S73_L001-L004_merged	14	13	1	0	1
PsFluSBW25_chrm01_circ_4939038	Pf_BP_3_D476_S73_L001-L004_merged	21	15	1	0	1
PsFluSBW25_chrm01_circ_4941675	Pf_BP_3_D476_S73_L001-L004_merged	27	0	1	0	1
PsFluSBW25_chrm01_circ_4976801	Pf_BP_3_D476_S73_L001-L004_merged	13	0	1	0	1
PsFluSBW25_chrm01_circ_5004622	Pf_BP_3_D476_S73_L001-L004_merged	8	7	1	0	1
PsFluSBW25_chrm01_circ_5057411	Pf_BP_3_D476_S73_L001-L004_merged	13	0	1	0	1
PsFluSBW25_chrm01_circ_5068086	Pf_BP_3_D476_S73_L001-L004_merged	31	0	1	0	1
PsFluSBW25_chrm01_circ_5070696	Pf_BP_3_D476_S73_L001-L004_merged	21	2	1	0	1
PsFluSBW25_chrm01_circ_5088445	Pf_BP_3_D476_S73_L001-L004_merged	26	0	1	0	1
PsFluSBW25_chrm01_circ_5090218	Pf_BP_3_D476_S73_L001-L004_merged	17	12	1	0	1
PsFluSBW25_chrm01_circ_5098798	Pf_BP_3_D476_S73_L001-L004_merged	22	0	1	0	1
PsFluSBW25_chrm01_circ_5125224	Pf_BP_3_D476_S73_L001-L004_merged	20	7	1	0	1
PsFluSBW25_chrm01_circ_5139833	Pf_BP_3_D476_S73_L001-L004_merged	28	5	1	0	1
PsFluSBW25_chrm01_circ_514009	Pf_BP_3_D476_S73_L001-L004_merged	26	0	1	0	1
PsFluSBW25_chrm01_circ_5176227	Pf_BP_3_D476_S73_L001-L004_merged	31	1	1	0	1
PsFluSBW25_chrm01_circ_5177634	Pf_BP_3_D476_S73_L001-L004_merged	14	12	1	0	1
PsFluSBW25_chrm01_circ_5229842	Pf_BP_3_D476_S73_L001-L004_merged	3	0	1	0	1
PsFluSBW25_chrm01_circ_5229846	Pf_BP_3_D476_S73_L001-L004_merged	3	0	1	0	1
PsFluSBW25_chrm01_circ_5229848	Pf_BP_3_D476_S73_L001-L004_merged	3	0	1	0	1
PsFluSBW25_chrm01_circ_528492	Pf_BP_3_D476_S73_L001-L004_merged	31	0	1	0	1
PsFluSBW25_chrm01_circ_5306363	Pf_BP_3_D476_S73_L001-L004_merged	14	1	1	0	1
PsFluSBW25_chrm01_circ_531839	Pf_BP_3_D476_S73_L001-L004_merged	14	1	1	0	1
PsFluSBW25_chrm01_circ_5357118	Pf_BP_3_D476_S73_L001-L004_merged	30	6	1	0	1
PsFluSBW25_chrm01_circ_5396337	Pf_BP_3_D476_S73_L001-L004_merged	27	0	1	0	1
PsFluSBW25_chrm01_circ_5408499	Pf_BP_3_D476_S73_L001-L004_merged	5	0	1	0	1
PsFluSBW25_chrm01_circ_5468527	Pf_BP_3_D476_S73_L001-L004_merged	24	0	1	0	1
PsFluSBW25_chrm01_circ_5486155	Pf_BP_3_D476_S73_L001-L004_merged	10	0	1	0	1
PsFluSBW25_chrm01_circ_5516969	Pf_BP_3_D476_S73_L001-L004_merged	29	0	1	0	1
PsFluSBW25_chrm01_circ_5524086	Pf_BP_3_D476_S73_L001-L004_merged	12	0	1	0	1
PsFluSBW25_chrm01_circ_5534536	Pf_BP_3_D476_S73_L001-L004_merged	14	5	1	0	1
PsFluSBW25_chrm01_circ_5567439	Pf_BP_3_D476_S73_L001-L004_merged	20	0	1	0	1
PsFluSBW25_chrm01_circ_5624304	Pf_BP_3_D476_S73_L001-L004_merged	21	0	1	0	1
PsFluSBW25_chrm01_circ_5667496	Pf_BP_3_D476_S73_L001-L004_merged	22	1	1	0	1
PsFluSBW25_chrm01_circ_5671868	Pf_BP_3_D476_S73_L001-L004_merged	36	5	1	0	1
PsFluSBW25_chrm01_circ_5689413	Pf_BP_3_D476_S73_L001-L004_merged	24	7	1	0	1
PsFluSBW25_chrm01_circ_5709997	Pf_BP_3_D476_S73_L001-L004_merged	27	0	1	0	1
PsFluSBW25_chrm01_circ_5715825	Pf_BP_3_D476_S73_L001-L004_merged	26	0	1	0	1
PsFluSBW25_chrm01_circ_5716515	Pf_BP_3_D476_S73_L001-L004_merged	22	5	1	0	1
PsFluSBW25_chrm01_circ_5738290	Pf_BP_3_D476_S73_L001-L004_merged	14	8	1	0	1
PsFluSBW25_chrm01_circ_574868	Pf_BP_3_D476_S73_L001-L004_merged	27	0	1	0	1
PsFluSBW25_chrm01_circ_5826120	Pf_BP_3_D476_S73_L001-L004_merged	22	0	1	0	1
PsFluSBW25_chrm01_circ_5847593	Pf_BP_3_D476_S73_L001-L004_merged	19	4	1	0	1
PsFluSBW25_chrm01_circ_5847773	Pf_BP_3_D476_S73_L001-L004_merged	30	0	1	0	1
PsFluSBW25_chrm01_circ_5857442	Pf_BP_3_D476_S73_L001-L004_merged	24	0	1	0	1
PsFluSBW25_chrm01_circ_5857775	Pf_BP_3_D476_S73_L001-L004_merged	26	10	1	0	1
PsFluSBW25_chrm01_circ_5960908	Pf_BP_3_D476_S73_L001-L004_merged	26	0	1	0	1
PsFluSBW25_chrm01_circ_5967294	Pf_BP_3_D476_S73_L001-L004_merged	19	16	1	0	1
PsFluSBW25_chrm01_circ_5971715	Pf_BP_3_D476_S73_L001-L004_merged	26	10	1	0	1
PsFluSBW25_chrm01_circ_6079939	Pf_BP_3_D476_S73_L001-L004_merged	29	5	1	0	1
PsFluSBW25_chrm01_circ_6108733	Pf_BP_3_D476_S73_L001-L004_merged	20	16	1	0	1
PsFluSBW25_chrm01_circ_6154345	Pf_BP_3_D476_S73_L001-L004_merged	33	0	1	0	1
PsFluSBW25_chrm01_circ_6162469	Pf_BP_3_D476_S73_L001-L004_merged	20	1	1	0	1
PsFluSBW25_chrm01_circ_6193873	Pf_BP_3_D476_S73_L001-L004_merged	11	0	1	0	1
PsFluSBW25_chrm01_circ_6249985	Pf_BP_3_D476_S73_L001-L004_merged	34	0	1	0	1
PsFluSBW25_chrm01_circ_6280393	Pf_BP_3_D476_S73_L001-L004_merged	19	5	1	0	1
PsFluSBW25_chrm01_circ_6396367	Pf_BP_3_D476_S73_L001-L004_merged	5	1	1	0	1
PsFluSBW25_chrm01_circ_6446610	Pf_BP_3_D476_S73_L001-L004_merged	7	0	1	0	1
PsFluSBW25_chrm01_circ_6456835	Pf_BP_3_D476_S73_L001-L004_merged	26	0	1	0	1
PsFluSBW25_chrm01_circ_6457857	Pf_BP_3_D476_S73_L001-L004_merged	23	2	1	0	1
PsFluSBW25_chrm01_circ_650867	Pf_BP_3_D476_S73_L001-L004_merged	18	13	1	0	1
PsFluSBW25_chrm01_circ_6518389	Pf_BP_3_D476_S73_L001-L004_merged	26	6	1	0	1
PsFluSBW25_chrm01_circ_721709	Pf_BP_3_D476_S73_L001-L004_merged	17	14	1	0	1
PsFluSBW25_chrm01_circ_738710	Pf_BP_3_D476_S73_L001-L004_merged	22	0	1	0	1
PsFluSBW25_chrm01_circ_789548	Pf_BP_3_D476_S73_L001-L004_merged	32	0	1	0	1
PsFluSBW25_chrm01_circ_825120	Pf_BP_3_D476_S73_L001-L004_merged	11	13	1	0	1
PsFluSBW25_chrm01_circ_839909	Pf_BP_3_D476_S73_L001-L004_merged	29	5	1	0	1
PsFluSBW25_chrm01_circ_847781	Pf_BP_3_D476_S73_L001-L004_merged	25	0	1	0	1
PsFluSBW25_chrm01_circ_866943	Pf_BP_3_D476_S73_L001-L004_merged	7	9	1	0	1
PsFluSBW25_chrm01_circ_895493	Pf_BP_3_D476_S73_L001-L004_merged	23	2	1	0	1
PsFluSBW25_chrm01_circ_90695	Pf_BP_3_D476_S73_L001-L004_merged	26	5	1	0	1
PsFluSBW25_chrm01_circ_927323	Pf_BP_3_D476_S73_L001-L004_merged	23	0	1	0	1
PsFluSBW25_chrm01_circ_927626	Pf_BP_3_D476_S73_L001-L004_merged	28	0	1	0	1
PsFluSBW25_chrm01_circ_929036	Pf_BP_3_D476_S73_L001-L004_merged	31	5	1	0	1
PsFluSBW25_chrm01_circ_929543	Pf_BP_3_D476_S73_L001-L004_merged	29	0	1	0	1
PsFluSBW25_chrm01_circ_935922	Pf_BP_3_D476_S73_L001-L004_merged	23	3	1	0	1
PsFluSBW25_chrm01_circ_935928	Pf_BP_3_D476_S73_L001-L004_merged	21	3	1	0	1
PsFluSBW25_chrm01_circ_936093	Pf_BP_3_D476_S73_L001-L004_merged	16	6	1	0	1
PsFluSBW25_chrm01_circ_95741	Pf_BP_3_D476_S73_L001-L004_merged	14	0	1	0	1
PsFluSBW25_chrm01_circ_963620	Pf_BP_3_D476_S73_L001-L004_merged	23	19	1	0	1
PsFluSBW25_chrm01_circ_994031	Pf_BP_3_D476_S73_L001-L004_merged	33	0	1	0	1
PsFluSBW25_chrm01_circ_994471	Pf_BP_3_D476_S73_L001-L004_merged	18	3	1	0	1
PsFluSBW25_chrm01_circ_1095666	Pf_BP_3_D504_S173_L001-L004_merged	26	13	1	0	1
PsFluSBW25_chrm01_circ_1168746	Pf_BP_3_D504_S173_L001-L004_merged	34	3	1	0	1
PsFluSBW25_chrm01_circ_1183695	Pf_BP_3_D504_S173_L001-L004_merged	32	1	1	0	1
PsFluSBW25_chrm01_circ_1216959	Pf_BP_3_D504_S173_L001-L004_merged	21	15	1	0	1
PsFluSBW25_chrm01_circ_1223902	Pf_BP_3_D504_S173_L001-L004_merged	25	17	1	0	1
PsFluSBW25_chrm01_circ_1268939	Pf_BP_3_D504_S173_L001-L004_merged	17	18	1	0	1
PsFluSBW25_chrm01_circ_1276483	Pf_BP_3_D504_S173_L001-L004_merged	18	0	1	0	1
PsFluSBW25_chrm01_circ_1278375	Pf_BP_3_D504_S173_L001-L004_merged	45	0	1	0	1
PsFluSBW25_chrm01_circ_1279463	Pf_BP_3_D504_S173_L001-L004_merged	27	15	1	0	1
PsFluSBW25_chrm01_circ_1302422	Pf_BP_3_D504_S173_L001-L004_merged	19	15	1	0	1
PsFluSBW25_chrm01_circ_1305492	Pf_BP_3_D504_S173_L001-L004_merged	48	4	1	0	1
PsFluSBW25_chrm01_circ_130961	Pf_BP_3_D504_S173_L001-L004_merged	31	20	1	0	1
PsFluSBW25_chrm01_circ_1352002	Pf_BP_3_D504_S173_L001-L004_merged	17	0	1	0	1
PsFluSBW25_chrm01_circ_1358965	Pf_BP_3_D504_S173_L001-L004_merged	34	2	1	0	1
PsFluSBW25_chrm01_circ_1364472	Pf_BP_3_D504_S173_L001-L004_merged	38	0	1	0	1
PsFluSBW25_chrm01_circ_1375221	Pf_BP_3_D504_S173_L001-L004_merged	17	13	1	0	1
PsFluSBW25_chrm01_circ_1416341	Pf_BP_3_D504_S173_L001-L004_merged	26	7	1	0	1
PsFluSBW25_chrm01_circ_1452004	Pf_BP_3_D504_S173_L001-L004_merged	35	0	1	0	1
PsFluSBW25_chrm01_circ_1452810	Pf_BP_3_D504_S173_L001-L004_merged	18	0	1	0	1
PsFluSBW25_chrm01_circ_1480473	Pf_BP_3_D504_S173_L001-L004_merged	22	5	1	0	1
PsFluSBW25_chrm01_circ_1514552	Pf_BP_3_D504_S173_L001-L004_merged	14	0	1	0	1
PsFluSBW25_chrm01_circ_1680055	Pf_BP_3_D504_S173_L001-L004_merged	9	0	1	0	1
PsFluSBW25_chrm01_circ_1709973	Pf_BP_3_D504_S173_L001-L004_merged	22	13	1	0	1
PsFluSBW25_chrm01_circ_1756426	Pf_BP_3_D504_S173_L001-L004_merged	31	3	1	0	1
PsFluSBW25_chrm01_circ_1778554	Pf_BP_3_D504_S173_L001-L004_merged	19	9	1	0	1
PsFluSBW25_chrm01_circ_1785786	Pf_BP_3_D504_S173_L001-L004_merged	11	0	1	0	1
PsFluSBW25_chrm01_circ_1824623	Pf_BP_3_D504_S173_L001-L004_merged	32	11	1	0	1
PsFluSBW25_chrm01_circ_1867228	Pf_BP_3_D504_S173_L001-L004_merged	34	0	1	0	1
PsFluSBW25_chrm01_circ_1875122	Pf_BP_3_D504_S173_L001-L004_merged	27	14	1	0	1
PsFluSBW25_chrm01_circ_1890465	Pf_BP_3_D504_S173_L001-L004_merged	20	13	1	0	1
PsFluSBW25_chrm01_circ_1908691	Pf_BP_3_D504_S173_L001-L004_merged	34	0	1	0	1
PsFluSBW25_chrm01_circ_1933415	Pf_BP_3_D504_S173_L001-L004_merged	38	10	1	0	1
PsFluSBW25_chrm01_circ_1965357	Pf_BP_3_D504_S173_L001-L004_merged	20	1	1	0	1
PsFluSBW25_chrm01_circ_1986756	Pf_BP_3_D504_S173_L001-L004_merged	35	13	1	0	1
PsFluSBW25_chrm01_circ_2063410	Pf_BP_3_D504_S173_L001-L004_merged	29	0	1	0	1
PsFluSBW25_chrm01_circ_2085733	Pf_BP_3_D504_S173_L001-L004_merged	33	13	1	0	1
PsFluSBW25_chrm01_circ_213914	Pf_BP_3_D504_S173_L001-L004_merged	23	2	1	0	1
PsFluSBW25_chrm01_circ_2161074	Pf_BP_3_D504_S173_L001-L004_merged	48	0	1	0	1
PsFluSBW25_chrm01_circ_2163959	Pf_BP_3_D504_S173_L001-L004_merged	20	11	1	0	1
PsFluSBW25_chrm01_circ_2167977	Pf_BP_3_D504_S173_L001-L004_merged	41	0	1	0	1
PsFluSBW25_chrm01_circ_2198957	Pf_BP_3_D504_S173_L001-L004_merged	27	7	1	0	1
PsFluSBW25_chrm01_circ_2244095	Pf_BP_3_D504_S173_L001-L004_merged	36	7	1	0	1
PsFluSBW25_chrm01_circ_2402212	Pf_BP_3_D504_S173_L001-L004_merged	22	9	1	0	1
PsFluSBW25_chrm01_circ_2453173	Pf_BP_3_D504_S173_L001-L004_merged	28	15	1	0	1
PsFluSBW25_chrm01_circ_2480284	Pf_BP_3_D504_S173_L001-L004_merged	41	3	1	0	1
PsFluSBW25_chrm01_circ_2533947	Pf_BP_3_D504_S173_L001-L004_merged	12	0	1	0	1
PsFluSBW25_chrm01_circ_2564357	Pf_BP_3_D504_S173_L001-L004_merged	37	0	1	0	1
PsFluSBW25_chrm01_circ_2692036	Pf_BP_3_D504_S173_L001-L004_merged	33	0	1	0	1
PsFluSBW25_chrm01_circ_2748923	Pf_BP_3_D504_S173_L001-L004_merged	41	0	1	0	1
PsFluSBW25_chrm01_circ_2766944	Pf_BP_3_D504_S173_L001-L004_merged	40	9	1	0	1
PsFluSBW25_chrm01_circ_2776101	Pf_BP_3_D504_S173_L001-L004_merged	27	10	1	0	1
PsFluSBW25_chrm01_circ_2844380	Pf_BP_3_D504_S173_L001-L004_merged	39	0	1	0	1
PsFluSBW25_chrm01_circ_2857080	Pf_BP_3_D504_S173_L001-L004_merged	6	5	1	0	1
PsFluSBW25_chrm01_circ_2948899	Pf_BP_3_D504_S173_L001-L004_merged	21	8	1	0	1
PsFluSBW25_chrm01_circ_2986589	Pf_BP_3_D504_S173_L001-L004_merged	37	0	1	0	1
PsFluSBW25_chrm01_circ_3046319	Pf_BP_3_D504_S173_L001-L004_merged	30	2	1	0	1
PsFluSBW25_chrm01_circ_3049960	Pf_BP_3_D504_S173_L001-L004_merged	38	3	1	0	1
PsFluSBW25_chrm01_circ_3301933	Pf_BP_3_D504_S173_L001-L004_merged	35	0	1	0	1
PsFluSBW25_chrm01_circ_3332858	Pf_BP_3_D504_S173_L001-L004_merged	23	7	1	0	1
PsFluSBW25_chrm01_circ_3351598	Pf_BP_3_D504_S173_L001-L004_merged	29	12	1	0	1
PsFluSBW25_chrm01_circ_342397	Pf_BP_3_D504_S173_L001-L004_merged	27	0	1	0	1
PsFluSBW25_chrm01_circ_3436927	Pf_BP_3_D504_S173_L001-L004_merged	29	21	1	0	1
PsFluSBW25_chrm01_circ_3456540	Pf_BP_3_D504_S173_L001-L004_merged	26	8	1	0	1
PsFluSBW25_chrm01_circ_349255	Pf_BP_3_D504_S173_L001-L004_merged	12	12	1	0	1
PsFluSBW25_chrm01_circ_37125	Pf_BP_3_D504_S173_L001-L004_merged	17	1	1	0	1
PsFluSBW25_chrm01_circ_3798211	Pf_BP_3_D504_S173_L001-L004_merged	43	13	1	0	1
PsFluSBW25_chrm01_circ_3838961	Pf_BP_3_D504_S173_L001-L004_merged	45	0	1	0	1
PsFluSBW25_chrm01_circ_3845100	Pf_BP_3_D504_S173_L001-L004_merged	25	12	1	0	1
PsFluSBW25_chrm01_circ_388609	Pf_BP_3_D504_S173_L001-L004_merged	22	15	1	0	1
PsFluSBW25_chrm01_circ_3886700	Pf_BP_3_D504_S173_L001-L004_merged	38	0	1	0	1
PsFluSBW25_chrm01_circ_4048876	Pf_BP_3_D504_S173_L001-L004_merged	30	0	1	0	1
PsFluSBW25_chrm01_circ_4062482	Pf_BP_3_D504_S173_L001-L004_merged	31	23	1	0	1
PsFluSBW25_chrm01_circ_407561	Pf_BP_3_D504_S173_L001-L004_merged	27	0	1	0	1
PsFluSBW25_chrm01_circ_4120561	Pf_BP_3_D504_S173_L001-L004_merged	37	11	1	0	1
PsFluSBW25_chrm01_circ_4155053	Pf_BP_3_D504_S173_L001-L004_merged	40	0	1	0	1
PsFluSBW25_chrm01_circ_4180044	Pf_BP_3_D504_S173_L001-L004_merged	23	19	1	0	1
PsFluSBW25_chrm01_circ_4203626	Pf_BP_3_D504_S173_L001-L004_merged	35	1	1	0	1
PsFluSBW25_chrm01_circ_425448	Pf_BP_3_D504_S173_L001-L004_merged	20	20	1	0	1
PsFluSBW25_chrm01_circ_4337542	Pf_BP_3_D504_S173_L001-L004_merged	20	10	1	0	1
PsFluSBW25_chrm01_circ_4368075	Pf_BP_3_D504_S173_L001-L004_merged	36	2	1	0	1
PsFluSBW25_chrm01_circ_441863	Pf_BP_3_D504_S173_L001-L004_merged	31	0	1	0	1
PsFluSBW25_chrm01_circ_4487200	Pf_BP_3_D504_S173_L001-L004_merged	51	0	1	0	1
PsFluSBW25_chrm01_circ_4522227	Pf_BP_3_D504_S173_L001-L004_merged	23	0	1	0	1
PsFluSBW25_chrm01_circ_4528974	Pf_BP_3_D504_S173_L001-L004_merged	16	11	1	0	1
PsFluSBW25_chrm01_circ_4566022	Pf_BP_3_D504_S173_L001-L004_merged	33	0	1	0	1
PsFluSBW25_chrm01_circ_4592386	Pf_BP_3_D504_S173_L001-L004_merged	45	0	1	0	1
PsFluSBW25_chrm01_circ_4595167	Pf_BP_3_D504_S173_L001-L004_merged	19	8	1	0	1
PsFluSBW25_chrm01_circ_4616287	Pf_BP_3_D504_S173_L001-L004_merged	38	0	1	0	1
PsFluSBW25_chrm01_circ_4644415	Pf_BP_3_D504_S173_L001-L004_merged	12	0	1	0	1
PsFluSBW25_chrm01_circ_4645653	Pf_BP_3_D504_S173_L001-L004_merged	33	0	1	0	1
PsFluSBW25_chrm01_circ_4697010	Pf_BP_3_D504_S173_L001-L004_merged	4	0	1	0	1
PsFluSBW25_chrm01_circ_470121	Pf_BP_3_D504_S173_L001-L004_merged	31	12	1	0	1
PsFluSBW25_chrm01_circ_4748517	Pf_BP_3_D504_S173_L001-L004_merged	21	10	1	0	1
PsFluSBW25_chrm01_circ_4751880	Pf_BP_3_D504_S173_L001-L004_merged	46	0	1	0	1
PsFluSBW25_chrm01_circ_4752384	Pf_BP_3_D504_S173_L001-L004_merged	32	8	1	0	1
PsFluSBW25_chrm01_circ_4803873	Pf_BP_3_D504_S173_L001-L004_merged	39	0	1	0	1
PsFluSBW25_chrm01_circ_4812193	Pf_BP_3_D504_S173_L001-L004_merged	31	8	1	0	1
PsFluSBW25_chrm01_circ_4872719	Pf_BP_3_D504_S173_L001-L004_merged	26	11	1	0	1
PsFluSBW25_chrm01_circ_4881730	Pf_BP_3_D504_S173_L001-L004_merged	21	12	1	0	1
PsFluSBW25_chrm01_circ_4931039	Pf_BP_3_D504_S173_L001-L004_merged	21	11	1	0	1
PsFluSBW25_chrm01_circ_4939038	Pf_BP_3_D504_S173_L001-L004_merged	28	12	1	0	1
PsFluSBW25_chrm01_circ_4941675	Pf_BP_3_D504_S173_L001-L004_merged	25	0	1	0	1
PsFluSBW25_chrm01_circ_4976801	Pf_BP_3_D504_S173_L001-L004_merged	9	0	1	0	1
PsFluSBW25_chrm01_circ_5004622	Pf_BP_3_D504_S173_L001-L004_merged	25	15	1	0	1
PsFluSBW25_chrm01_circ_5057411	Pf_BP_3_D504_S173_L001-L004_merged	28	0	1	0	1
PsFluSBW25_chrm01_circ_5068086	Pf_BP_3_D504_S173_L001-L004_merged	37	0	1	0	1
PsFluSBW25_chrm01_circ_5070696	Pf_BP_3_D504_S173_L001-L004_merged	32	1	1	0	1
PsFluSBW25_chrm01_circ_5088445	Pf_BP_3_D504_S173_L001-L004_merged	19	0	1	0	1
PsFluSBW25_chrm01_circ_5090218	Pf_BP_3_D504_S173_L001-L004_merged	22	12	1	0	1
PsFluSBW25_chrm01_circ_5098798	Pf_BP_3_D504_S173_L001-L004_merged	26	0	1	0	1
PsFluSBW25_chrm01_circ_5125224	Pf_BP_3_D504_S173_L001-L004_merged	19	9	1	0	1
PsFluSBW25_chrm01_circ_5139833	Pf_BP_3_D504_S173_L001-L004_merged	30	9	1	0	1
PsFluSBW25_chrm01_circ_514009	Pf_BP_3_D504_S173_L001-L004_merged	37	3	1	0	1
PsFluSBW25_chrm01_circ_5176227	Pf_BP_3_D504_S173_L001-L004_merged	39	1	1	0	1
PsFluSBW25_chrm01_circ_5177634	Pf_BP_3_D504_S173_L001-L004_merged	26	10	1	0	1
PsFluSBW25_chrm01_circ_5229842	Pf_BP_3_D504_S173_L001-L004_merged	5	1	1	0	1
PsFluSBW25_chrm01_circ_5229846	Pf_BP_3_D504_S173_L001-L004_merged	4	1	1	0	1
PsFluSBW25_chrm01_circ_5229848	Pf_BP_3_D504_S173_L001-L004_merged	4	1	1	0	1
PsFluSBW25_chrm01_circ_528492	Pf_BP_3_D504_S173_L001-L004_merged	49	0	1	0	1
PsFluSBW25_chrm01_circ_5306363	Pf_BP_3_D504_S173_L001-L004_merged	29	1	1	0	1
PsFluSBW25_chrm01_circ_531839	Pf_BP_3_D504_S173_L001-L004_merged	28	1	1	0	1
PsFluSBW25_chrm01_circ_5357118	Pf_BP_3_D504_S173_L001-L004_merged	21	14	1	0	1
PsFluSBW25_chrm01_circ_5396337	Pf_BP_3_D504_S173_L001-L004_merged	39	0	1	0	1
PsFluSBW25_chrm01_circ_5408499	Pf_BP_3_D504_S173_L001-L004_merged	7	0	1	0	1
PsFluSBW25_chrm01_circ_5468527	Pf_BP_3_D504_S173_L001-L004_merged	38	0	1	0	1
PsFluSBW25_chrm01_circ_5486155	Pf_BP_3_D504_S173_L001-L004_merged	14	0	1	0	1
PsFluSBW25_chrm01_circ_5516969	Pf_BP_3_D504_S173_L001-L004_merged	56	0	1	0	1
PsFluSBW25_chrm01_circ_5524086	Pf_BP_3_D504_S173_L001-L004_merged	20	0	1	0	1
PsFluSBW25_chrm01_circ_5534536	Pf_BP_3_D504_S173_L001-L004_merged	14	14	1	0	1
PsFluSBW25_chrm01_circ_5567439	Pf_BP_3_D504_S173_L001-L004_merged	31	0	1	0	1
PsFluSBW25_chrm01_circ_5624304	Pf_BP_3_D504_S173_L001-L004_merged	41	0	1	0	1
PsFluSBW25_chrm01_circ_5667496	Pf_BP_3_D504_S173_L001-L004_merged	42	1	1	0	1
PsFluSBW25_chrm01_circ_5671868	Pf_BP_3_D504_S173_L001-L004_merged	33	6	1	0	1
PsFluSBW25_chrm01_circ_5689413	Pf_BP_3_D504_S173_L001-L004_merged	16	11	1	0	1
PsFluSBW25_chrm01_circ_5709997	Pf_BP_3_D504_S173_L001-L004_merged	45	0	1	0	1
PsFluSBW25_chrm01_circ_5715825	Pf_BP_3_D504_S173_L001-L004_merged	32	0	1	0	1
PsFluSBW25_chrm01_circ_5716515	Pf_BP_3_D504_S173_L001-L004_merged	20	9	1	0	1
PsFluSBW25_chrm01_circ_5738290	Pf_BP_3_D504_S173_L001-L004_merged	14	6	1	0	1
PsFluSBW25_chrm01_circ_574868	Pf_BP_3_D504_S173_L001-L004_merged	36	0	1	0	1
PsFluSBW25_chrm01_circ_5826120	Pf_BP_3_D504_S173_L001-L004_merged	30	0	1	0	1
PsFluSBW25_chrm01_circ_5847593	Pf_BP_3_D504_S173_L001-L004_merged	22	11	1	0	1
PsFluSBW25_chrm01_circ_5847773	Pf_BP_3_D504_S173_L001-L004_merged	37	0	1	0	1
PsFluSBW25_chrm01_circ_5857442	Pf_BP_3_D504_S173_L001-L004_merged	33	0	1	0	1
PsFluSBW25_chrm01_circ_5857775	Pf_BP_3_D504_S173_L001-L004_merged	21	9	1	0	1
PsFluSBW25_chrm01_circ_5960908	Pf_BP_3_D504_S173_L001-L004_merged	43	0	1	0	1
PsFluSBW25_chrm01_circ_5967294	Pf_BP_3_D504_S173_L001-L004_merged	20	12	1	0	1
PsFluSBW25_chrm01_circ_5971715	Pf_BP_3_D504_S173_L001-L004_merged	21	11	1	0	1
PsFluSBW25_chrm01_circ_6079939	Pf_BP_3_D504_S173_L001-L004_merged	31	8	1	0	1
PsFluSBW25_chrm01_circ_6108733	Pf_BP_3_D504_S173_L001-L004_merged	31	21	1	0	1
PsFluSBW25_chrm01_circ_6154345	Pf_BP_3_D504_S173_L001-L004_merged	41	0	1	0	1
PsFluSBW25_chrm01_circ_6162469	Pf_BP_3_D504_S173_L001-L004_merged	31	1	1	0	1
PsFluSBW25_chrm01_circ_6193873	Pf_BP_3_D504_S173_L001-L004_merged	6	0	1	0	1
PsFluSBW25_chrm01_circ_6249985	Pf_BP_3_D504_S173_L001-L004_merged	32	0	1	0	1
PsFluSBW25_chrm01_circ_6280393	Pf_BP_3_D504_S173_L001-L004_merged	26	13	1	0	1
PsFluSBW25_chrm01_circ_6396367	Pf_BP_3_D504_S173_L001-L004_merged	7	0	1	0	1
PsFluSBW25_chrm01_circ_6446610	Pf_BP_3_D504_S173_L001-L004_merged	10	0	1	0	1
PsFluSBW25_chrm01_circ_6456835	Pf_BP_3_D504_S173_L001-L004_merged	24	8	1	0	1
PsFluSBW25_chrm01_circ_6457857	Pf_BP_3_D504_S173_L001-L004_merged	23	4	1	0	1
PsFluSBW25_chrm01_circ_650867	Pf_BP_3_D504_S173_L001-L004_merged	22	14	1	0	1
PsFluSBW25_chrm01_circ_6518389	Pf_BP_3_D504_S173_L001-L004_merged	24	5	1	0	1
PsFluSBW25_chrm01_circ_721709	Pf_BP_3_D504_S173_L001-L004_merged	25	9	1	0	1
PsFluSBW25_chrm01_circ_738710	Pf_BP_3_D504_S173_L001-L004_merged	29	0	1	0	1
PsFluSBW25_chrm01_circ_789548	Pf_BP_3_D504_S173_L001-L004_merged	33	0	1	0	1
PsFluSBW25_chrm01_circ_825120	Pf_BP_3_D504_S173_L001-L004_merged	28	12	1	0	1
PsFluSBW25_chrm01_circ_839909	Pf_BP_3_D504_S173_L001-L004_merged	31	7	1	0	1
PsFluSBW25_chrm01_circ_847781	Pf_BP_3_D504_S173_L001-L004_merged	51	0	1	0	1
PsFluSBW25_chrm01_circ_866943	Pf_BP_3_D504_S173_L001-L004_merged	19	9	1	0	1
PsFluSBW25_chrm01_circ_895493	Pf_BP_3_D504_S173_L001-L004_merged	14	1	1	0	1
PsFluSBW25_chrm01_circ_90695	Pf_BP_3_D504_S173_L001-L004_merged	26	7	1	0	1
PsFluSBW25_chrm01_circ_927323	Pf_BP_3_D504_S173_L001-L004_merged	39	0	1	0	1
PsFluSBW25_chrm01_circ_927626	Pf_BP_3_D504_S173_L001-L004_merged	35	0	1	0	1
PsFluSBW25_chrm01_circ_929036	Pf_BP_3_D504_S173_L001-L004_merged	34	4	1	0	1
PsFluSBW25_chrm01_circ_929543	Pf_BP_3_D504_S173_L001-L004_merged	39	4	1	0	1
PsFluSBW25_chrm01_circ_935922	Pf_BP_3_D504_S173_L001-L004_merged	25	3	1	0	1
PsFluSBW25_chrm01_circ_935928	Pf_BP_3_D504_S173_L001-L004_merged	22	3	1	0	1
PsFluSBW25_chrm01_circ_936093	Pf_BP_3_D504_S173_L001-L004_merged	34	5	1	0	1
PsFluSBW25_chrm01_circ_95741	Pf_BP_3_D504_S173_L001-L004_merged	11	0	1	0	1
PsFluSBW25_chrm01_circ_963620	Pf_BP_3_D504_S173_L001-L004_merged	21	13	1	0	1
PsFluSBW25_chrm01_circ_994031	Pf_BP_3_D504_S173_L001-L004_merged	45	0	1	0	1
PsFluSBW25_chrm01_circ_994471	Pf_BP_3_D504_S173_L001-L004_merged	27	6	1	0	1
PsFluSBW25_chrm01_circ_1095666	Pf_BP_3_D532_S138_L001-L004_merged	18	4	1	0	1
PsFluSBW25_chrm01_circ_1168746	Pf_BP_3_D532_S138_L001-L004_merged	30	3	1	0	1
PsFluSBW25_chrm01_circ_1183695	Pf_BP_3_D532_S138_L001-L004_merged	13	4	1	0	1
PsFluSBW25_chrm01_circ_1216959	Pf_BP_3_D532_S138_L001-L004_merged	21	7	1	0	1
PsFluSBW25_chrm01_circ_1223902	Pf_BP_3_D532_S138_L001-L004_merged	14	5	1	0	1
PsFluSBW25_chrm01_circ_1268939	Pf_BP_3_D532_S138_L001-L004_merged	21	8	1	0	1
PsFluSBW25_chrm01_circ_1276483	Pf_BP_3_D532_S138_L001-L004_merged	8	0	1	0	1
PsFluSBW25_chrm01_circ_1278375	Pf_BP_3_D532_S138_L001-L004_merged	23	0	1	0	1
PsFluSBW25_chrm01_circ_1279463	Pf_BP_3_D532_S138_L001-L004_merged	14	18	1	0	1
PsFluSBW25_chrm01_circ_1302422	Pf_BP_3_D532_S138_L001-L004_merged	14	6	1	0	1
PsFluSBW25_chrm01_circ_1305492	Pf_BP_3_D532_S138_L001-L004_merged	27	1	1	0	1
PsFluSBW25_chrm01_circ_130961	Pf_BP_3_D532_S138_L001-L004_merged	27	6	1	0	1
PsFluSBW25_chrm01_circ_1352002	Pf_BP_3_D532_S138_L001-L004_merged	8	1	1	0	1
PsFluSBW25_chrm01_circ_1358965	Pf_BP_3_D532_S138_L001-L004_merged	27	0	1	0	1
PsFluSBW25_chrm01_circ_1364472	Pf_BP_3_D532_S138_L001-L004_merged	27	0	1	0	1
PsFluSBW25_chrm01_circ_1375221	Pf_BP_3_D532_S138_L001-L004_merged	15	15	1	0	1
PsFluSBW25_chrm01_circ_1416341	Pf_BP_3_D532_S138_L001-L004_merged	19	4	1	0	1
PsFluSBW25_chrm01_circ_1452004	Pf_BP_3_D532_S138_L001-L004_merged	30	0	1	0	1
PsFluSBW25_chrm01_circ_1452810	Pf_BP_3_D532_S138_L001-L004_merged	11	0	1	0	1
PsFluSBW25_chrm01_circ_1480473	Pf_BP_3_D532_S138_L001-L004_merged	13	6	1	0	1
PsFluSBW25_chrm01_circ_1514552	Pf_BP_3_D532_S138_L001-L004_merged	11	0	1	0	1
PsFluSBW25_chrm01_circ_1680055	Pf_BP_3_D532_S138_L001-L004_merged	7	0	1	0	1
PsFluSBW25_chrm01_circ_1709973	Pf_BP_3_D532_S138_L001-L004_merged	28	14	1	0	1
PsFluSBW25_chrm01_circ_1756426	Pf_BP_3_D532_S138_L001-L004_merged	20	5	1	0	1
PsFluSBW25_chrm01_circ_1778554	Pf_BP_3_D532_S138_L001-L004_merged	19	18	1	0	1
PsFluSBW25_chrm01_circ_1785786	Pf_BP_3_D532_S138_L001-L004_merged	8	0	1	0	1
PsFluSBW25_chrm01_circ_1824623	Pf_BP_3_D532_S138_L001-L004_merged	23	1	1	0	1
PsFluSBW25_chrm01_circ_1867228	Pf_BP_3_D532_S138_L001-L004_merged	22	0	1	0	1
PsFluSBW25_chrm01_circ_1875122	Pf_BP_3_D532_S138_L001-L004_merged	11	12	1	0	1
PsFluSBW25_chrm01_circ_1890465	Pf_BP_3_D532_S138_L001-L004_merged	24	10	1	0	1
PsFluSBW25_chrm01_circ_1908691	Pf_BP_3_D532_S138_L001-L004_merged	28	0	1	0	1
PsFluSBW25_chrm01_circ_1933415	Pf_BP_3_D532_S138_L001-L004_merged	19	5	1	0	1
PsFluSBW25_chrm01_circ_1965357	Pf_BP_3_D532_S138_L001-L004_merged	8	3	1	0	1
PsFluSBW25_chrm01_circ_1986756	Pf_BP_3_D532_S138_L001-L004_merged	23	6	1	0	1
PsFluSBW25_chrm01_circ_2063410	Pf_BP_3_D532_S138_L001-L004_merged	23	0	1	0	1
PsFluSBW25_chrm01_circ_2085733	Pf_BP_3_D532_S138_L001-L004_merged	22	5	1	0	1
PsFluSBW25_chrm01_circ_213914	Pf_BP_3_D532_S138_L001-L004_merged	14	3	1	0	1
PsFluSBW25_chrm01_circ_2161074	Pf_BP_3_D532_S138_L001-L004_merged	25	0	1	0	1
PsFluSBW25_chrm01_circ_2163959	Pf_BP_3_D532_S138_L001-L004_merged	22	10	1	0	1
PsFluSBW25_chrm01_circ_2167977	Pf_BP_3_D532_S138_L001-L004_merged	34	1	1	0	1
PsFluSBW25_chrm01_circ_2198957	Pf_BP_3_D532_S138_L001-L004_merged	13	7	1	0	1
PsFluSBW25_chrm01_circ_2244095	Pf_BP_3_D532_S138_L001-L004_merged	22	16	1	0	1
PsFluSBW25_chrm01_circ_2402212	Pf_BP_3_D532_S138_L001-L004_merged	21	14	1	0	1
PsFluSBW25_chrm01_circ_2453173	Pf_BP_3_D532_S138_L001-L004_merged	18	8	1	0	1
PsFluSBW25_chrm01_circ_2480284	Pf_BP_3_D532_S138_L001-L004_merged	27	0	1	0	1
PsFluSBW25_chrm01_circ_2533947	Pf_BP_3_D532_S138_L001-L004_merged	8	0	1	0	1
PsFluSBW25_chrm01_circ_2564357	Pf_BP_3_D532_S138_L001-L004_merged	36	0	1	0	1
PsFluSBW25_chrm01_circ_2692036	Pf_BP_3_D532_S138_L001-L004_merged	23	0	1	0	1
PsFluSBW25_chrm01_circ_2748923	Pf_BP_3_D532_S138_L001-L004_merged	21	0	1	0	1
PsFluSBW25_chrm01_circ_2766944	Pf_BP_3_D532_S138_L001-L004_merged	26	9	1	0	1
PsFluSBW25_chrm01_circ_2776101	Pf_BP_3_D532_S138_L001-L004_merged	13	12	1	0	1
PsFluSBW25_chrm01_circ_2844380	Pf_BP_3_D532_S138_L001-L004_merged	37	0	1	0	1
PsFluSBW25_chrm01_circ_2857080	Pf_BP_3_D532_S138_L001-L004_merged	6	4	1	0	1
PsFluSBW25_chrm01_circ_2948899	Pf_BP_3_D532_S138_L001-L004_merged	19	5	1	0	1
PsFluSBW25_chrm01_circ_2986589	Pf_BP_3_D532_S138_L001-L004_merged	27	1	1	0	1
PsFluSBW25_chrm01_circ_3046319	Pf_BP_3_D532_S138_L001-L004_merged	32	0	1	0	1
PsFluSBW25_chrm01_circ_3049960	Pf_BP_3_D532_S138_L001-L004_merged	13	4	1	0	1
PsFluSBW25_chrm01_circ_3301933	Pf_BP_3_D532_S138_L001-L004_merged	18	1	1	0	1
PsFluSBW25_chrm01_circ_3332858	Pf_BP_3_D532_S138_L001-L004_merged	11	8	1	0	1
PsFluSBW25_chrm01_circ_3351598	Pf_BP_3_D532_S138_L001-L004_merged	26	9	1	0	1
PsFluSBW25_chrm01_circ_342397	Pf_BP_3_D532_S138_L001-L004_merged	25	0	1	0	1
PsFluSBW25_chrm01_circ_3436927	Pf_BP_3_D532_S138_L001-L004_merged	19	12	1	0	1
PsFluSBW25_chrm01_circ_3456540	Pf_BP_3_D532_S138_L001-L004_merged	29	1	1	0	1
PsFluSBW25_chrm01_circ_349255	Pf_BP_3_D532_S138_L001-L004_merged	9	14	1	0	1
PsFluSBW25_chrm01_circ_37125	Pf_BP_3_D532_S138_L001-L004_merged	15	0	1	0	1
PsFluSBW25_chrm01_circ_3798211	Pf_BP_3_D532_S138_L001-L004_merged	22	5	1	0	1
PsFluSBW25_chrm01_circ_3838961	Pf_BP_3_D532_S138_L001-L004_merged	37	0	1	0	1
PsFluSBW25_chrm01_circ_3845100	Pf_BP_3_D532_S138_L001-L004_merged	19	7	1	0	1
PsFluSBW25_chrm01_circ_388609	Pf_BP_3_D532_S138_L001-L004_merged	30	8	1	0	1
PsFluSBW25_chrm01_circ_3886700	Pf_BP_3_D532_S138_L001-L004_merged	20	0	1	0	1
PsFluSBW25_chrm01_circ_4048876	Pf_BP_3_D532_S138_L001-L004_merged	32	0	1	0	1
PsFluSBW25_chrm01_circ_4062482	Pf_BP_3_D532_S138_L001-L004_merged	19	12	1	0	1
PsFluSBW25_chrm01_circ_407561	Pf_BP_3_D532_S138_L001-L004_merged	22	0	1	0	1
PsFluSBW25_chrm01_circ_4120561	Pf_BP_3_D532_S138_L001-L004_merged	24	9	1	0	1
PsFluSBW25_chrm01_circ_4155053	Pf_BP_3_D532_S138_L001-L004_merged	25	0	1	0	1
PsFluSBW25_chrm01_circ_4180044	Pf_BP_3_D532_S138_L001-L004_merged	19	7	1	0	1
PsFluSBW25_chrm01_circ_4203626	Pf_BP_3_D532_S138_L001-L004_merged	32	1	1	0	1
PsFluSBW25_chrm01_circ_425448	Pf_BP_3_D532_S138_L001-L004_merged	16	8	1	0	1
PsFluSBW25_chrm01_circ_4337542	Pf_BP_3_D532_S138_L001-L004_merged	15	11	1	0	1
PsFluSBW25_chrm01_circ_4368075	Pf_BP_3_D532_S138_L001-L004_merged	28	1	1	0	1
PsFluSBW25_chrm01_circ_441863	Pf_BP_3_D532_S138_L001-L004_merged	27	0	1	0	1
PsFluSBW25_chrm01_circ_4487200	Pf_BP_3_D532_S138_L001-L004_merged	30	0	1	0	1
PsFluSBW25_chrm01_circ_4522227	Pf_BP_3_D532_S138_L001-L004_merged	17	0	1	0	1
PsFluSBW25_chrm01_circ_4528974	Pf_BP_3_D532_S138_L001-L004_merged	18	12	1	0	1
PsFluSBW25_chrm01_circ_4566022	Pf_BP_3_D532_S138_L001-L004_merged	28	0	1	0	1
PsFluSBW25_chrm01_circ_4592386	Pf_BP_3_D532_S138_L001-L004_merged	18	0	1	0	1
PsFluSBW25_chrm01_circ_4595167	Pf_BP_3_D532_S138_L001-L004_merged	17	11	1	0	1
PsFluSBW25_chrm01_circ_4616287	Pf_BP_3_D532_S138_L001-L004_merged	20	0	1	0	1
PsFluSBW25_chrm01_circ_4644415	Pf_BP_3_D532_S138_L001-L004_merged	8	0	1	0	1
PsFluSBW25_chrm01_circ_4645653	Pf_BP_3_D532_S138_L001-L004_merged	19	0	1	0	1
PsFluSBW25_chrm01_circ_4697010	Pf_BP_3_D532_S138_L001-L004_merged	4	0	1	0	1
PsFluSBW25_chrm01_circ_470121	Pf_BP_3_D532_S138_L001-L004_merged	18	8	1	0	1
PsFluSBW25_chrm01_circ_4748517	Pf_BP_3_D532_S138_L001-L004_merged	17	9	1	0	1
PsFluSBW25_chrm01_circ_4751880	Pf_BP_3_D532_S138_L001-L004_merged	31	0	1	0	1
PsFluSBW25_chrm01_circ_4752384	Pf_BP_3_D532_S138_L001-L004_merged	18	10	1	0	1
PsFluSBW25_chrm01_circ_4803873	Pf_BP_3_D532_S138_L001-L004_merged	38	0	1	0	1
PsFluSBW25_chrm01_circ_4812193	Pf_BP_3_D532_S138_L001-L004_merged	39	8	1	0	1
PsFluSBW25_chrm01_circ_4872719	Pf_BP_3_D532_S138_L001-L004_merged	19	5	1	0	1
PsFluSBW25_chrm01_circ_4881730	Pf_BP_3_D532_S138_L001-L004_merged	15	9	1	0	1
PsFluSBW25_chrm01_circ_4931039	Pf_BP_3_D532_S138_L001-L004_merged	19	8	1	0	1
PsFluSBW25_chrm01_circ_4939038	Pf_BP_3_D532_S138_L001-L004_merged	23	13	1	0	1
PsFluSBW25_chrm01_circ_4941675	Pf_BP_3_D532_S138_L001-L004_merged	23	0	1	0	1
PsFluSBW25_chrm01_circ_4976801	Pf_BP_3_D532_S138_L001-L004_merged	9	0	1	0	1
PsFluSBW25_chrm01_circ_5004622	Pf_BP_3_D532_S138_L001-L004_merged	8	10	1	0	1
PsFluSBW25_chrm01_circ_5057411	Pf_BP_3_D532_S138_L001-L004_merged	23	0	1	0	1
PsFluSBW25_chrm01_circ_5068086	Pf_BP_3_D532_S138_L001-L004_merged	28	0	1	0	1
PsFluSBW25_chrm01_circ_5070696	Pf_BP_3_D532_S138_L001-L004_merged	21	4	1	0	1
PsFluSBW25_chrm01_circ_5088445	Pf_BP_3_D532_S138_L001-L004_merged	17	0	1	0	1
PsFluSBW25_chrm01_circ_5090218	Pf_BP_3_D532_S138_L001-L004_merged	12	6	1	0	1
PsFluSBW25_chrm01_circ_5098798	Pf_BP_3_D532_S138_L001-L004_merged	22	0	1	0	1
PsFluSBW25_chrm01_circ_5125224	Pf_BP_3_D532_S138_L001-L004_merged	12	6	1	0	1
PsFluSBW25_chrm01_circ_5139833	Pf_BP_3_D532_S138_L001-L004_merged	13	6	1	0	1
PsFluSBW25_chrm01_circ_514009	Pf_BP_3_D532_S138_L001-L004_merged	23	7	1	0	1
PsFluSBW25_chrm01_circ_5176227	Pf_BP_3_D532_S138_L001-L004_merged	34	0	1	0	1
PsFluSBW25_chrm01_circ_5177634	Pf_BP_3_D532_S138_L001-L004_merged	25	8	1	0	1
PsFluSBW25_chrm01_circ_5229842	Pf_BP_3_D532_S138_L001-L004_merged	5	0	1	0	1
PsFluSBW25_chrm01_circ_5229846	Pf_BP_3_D532_S138_L001-L004_merged	4	0	1	0	1
PsFluSBW25_chrm01_circ_5229848	Pf_BP_3_D532_S138_L001-L004_merged	4	0	1	0	1
PsFluSBW25_chrm01_circ_528492	Pf_BP_3_D532_S138_L001-L004_merged	29	0	1	0	1
PsFluSBW25_chrm01_circ_5306363	Pf_BP_3_D532_S138_L001-L004_merged	15	1	1	0	1
PsFluSBW25_chrm01_circ_531839	Pf_BP_3_D532_S138_L001-L004_merged	14	2	1	0	1
PsFluSBW25_chrm01_circ_5357118	Pf_BP_3_D532_S138_L001-L004_merged	19	2	1	0	1
PsFluSBW25_chrm01_circ_5396337	Pf_BP_3_D532_S138_L001-L004_merged	18	0	1	0	1
PsFluSBW25_chrm01_circ_5408499	Pf_BP_3_D532_S138_L001-L004_merged	9	0	1	0	1
PsFluSBW25_chrm01_circ_5468527	Pf_BP_3_D532_S138_L001-L004_merged	25	0	1	0	1
PsFluSBW25_chrm01_circ_5486155	Pf_BP_3_D532_S138_L001-L004_merged	8	0	1	0	1
PsFluSBW25_chrm01_circ_5516969	Pf_BP_3_D532_S138_L001-L004_merged	48	0	1	0	1
PsFluSBW25_chrm01_circ_5524086	Pf_BP_3_D532_S138_L001-L004_merged	8	0	1	0	1
PsFluSBW25_chrm01_circ_5534536	Pf_BP_3_D532_S138_L001-L004_merged	16	10	1	0	1
PsFluSBW25_chrm01_circ_5567439	Pf_BP_3_D532_S138_L001-L004_merged	28	0	1	0	1
PsFluSBW25_chrm01_circ_5624304	Pf_BP_3_D532_S138_L001-L004_merged	24	0	1	0	1
PsFluSBW25_chrm01_circ_5667496	Pf_BP_3_D532_S138_L001-L004_merged	27	0	1	0	1
PsFluSBW25_chrm01_circ_5671868	Pf_BP_3_D532_S138_L001-L004_merged	20	1	1	0	1
PsFluSBW25_chrm01_circ_5689413	Pf_BP_3_D532_S138_L001-L004_merged	17	8	1	0	1
PsFluSBW25_chrm01_circ_5709997	Pf_BP_3_D532_S138_L001-L004_merged	25	0	1	0	1
PsFluSBW25_chrm01_circ_5715825	Pf_BP_3_D532_S138_L001-L004_merged	31	0	1	0	1
PsFluSBW25_chrm01_circ_5716515	Pf_BP_3_D532_S138_L001-L004_merged	12	8	1	0	1
PsFluSBW25_chrm01_circ_5738290	Pf_BP_3_D532_S138_L001-L004_merged	22	5	1	0	1
PsFluSBW25_chrm01_circ_574868	Pf_BP_3_D532_S138_L001-L004_merged	21	0	1	0	1
PsFluSBW25_chrm01_circ_5826120	Pf_BP_3_D532_S138_L001-L004_merged	33	0	1	0	1
PsFluSBW25_chrm01_circ_5847593	Pf_BP_3_D532_S138_L001-L004_merged	14	8	1	0	1
PsFluSBW25_chrm01_circ_5847773	Pf_BP_3_D532_S138_L001-L004_merged	20	2	1	0	1
PsFluSBW25_chrm01_circ_5857442	Pf_BP_3_D532_S138_L001-L004_merged	25	0	1	0	1
PsFluSBW25_chrm01_circ_5857775	Pf_BP_3_D532_S138_L001-L004_merged	20	8	1	0	1
PsFluSBW25_chrm01_circ_5960908	Pf_BP_3_D532_S138_L001-L004_merged	28	0	1	0	1
PsFluSBW25_chrm01_circ_5967294	Pf_BP_3_D532_S138_L001-L004_merged	16	11	1	0	1
PsFluSBW25_chrm01_circ_5971715	Pf_BP_3_D532_S138_L001-L004_merged	22	6	1	0	1
PsFluSBW25_chrm01_circ_6079939	Pf_BP_3_D532_S138_L001-L004_merged	22	4	1	0	1
PsFluSBW25_chrm01_circ_6108733	Pf_BP_3_D532_S138_L001-L004_merged	24	7	1	0	1
PsFluSBW25_chrm01_circ_6154345	Pf_BP_3_D532_S138_L001-L004_merged	30	4	1	0	1
PsFluSBW25_chrm01_circ_6162469	Pf_BP_3_D532_S138_L001-L004_merged	20	2	1	0	1
PsFluSBW25_chrm01_circ_6193873	Pf_BP_3_D532_S138_L001-L004_merged	7	1	1	0	1
PsFluSBW25_chrm01_circ_6249985	Pf_BP_3_D532_S138_L001-L004_merged	29	0	1	0	1
PsFluSBW25_chrm01_circ_6280393	Pf_BP_3_D532_S138_L001-L004_merged	8	5	1	0	1
PsFluSBW25_chrm01_circ_6396367	Pf_BP_3_D532_S138_L001-L004_merged	4	0	1	0	1
PsFluSBW25_chrm01_circ_6446610	Pf_BP_3_D532_S138_L001-L004_merged	9	0	1	0	1
PsFluSBW25_chrm01_circ_6456835	Pf_BP_3_D532_S138_L001-L004_merged	19	1	1	0	1
PsFluSBW25_chrm01_circ_6457857	Pf_BP_3_D532_S138_L001-L004_merged	22	4	1	0	1
PsFluSBW25_chrm01_circ_650867	Pf_BP_3_D532_S138_L001-L004_merged	22	15	1	0	1
PsFluSBW25_chrm01_circ_6518389	Pf_BP_3_D532_S138_L001-L004_merged	18	6	1	0	1
PsFluSBW25_chrm01_circ_721709	Pf_BP_3_D532_S138_L001-L004_merged	20	14	1	0	1
PsFluSBW25_chrm01_circ_738710	Pf_BP_3_D532_S138_L001-L004_merged	18	0	1	0	1
PsFluSBW25_chrm01_circ_789548	Pf_BP_3_D532_S138_L001-L004_merged	34	0	1	0	1
PsFluSBW25_chrm01_circ_825120	Pf_BP_3_D532_S138_L001-L004_merged	22	13	1	0	1
PsFluSBW25_chrm01_circ_839909	Pf_BP_3_D532_S138_L001-L004_merged	10	12	1	0	1
PsFluSBW25_chrm01_circ_847781	Pf_BP_3_D532_S138_L001-L004_merged	17	0	1	0	1
PsFluSBW25_chrm01_circ_866943	Pf_BP_3_D532_S138_L001-L004_merged	8	4	1	0	1
PsFluSBW25_chrm01_circ_895493	Pf_BP_3_D532_S138_L001-L004_merged	7	0	1	0	1
PsFluSBW25_chrm01_circ_90695	Pf_BP_3_D532_S138_L001-L004_merged	20	3	1	0	1
PsFluSBW25_chrm01_circ_927323	Pf_BP_3_D532_S138_L001-L004_merged	16	0	1	0	1
PsFluSBW25_chrm01_circ_927626	Pf_BP_3_D532_S138_L001-L004_merged	24	0	1	0	1
PsFluSBW25_chrm01_circ_929036	Pf_BP_3_D532_S138_L001-L004_merged	20	2	1	0	1
PsFluSBW25_chrm01_circ_929543	Pf_BP_3_D532_S138_L001-L004_merged	16	4	1	0	1
PsFluSBW25_chrm01_circ_935922	Pf_BP_3_D532_S138_L001-L004_merged	20	3	1	0	1
PsFluSBW25_chrm01_circ_935928	Pf_BP_3_D532_S138_L001-L004_merged	20	6	1	0	1
PsFluSBW25_chrm01_circ_936093	Pf_BP_3_D532_S138_L001-L004_merged	20	3	1	0	1
PsFluSBW25_chrm01_circ_95741	Pf_BP_3_D532_S138_L001-L004_merged	10	1	1	0	1
PsFluSBW25_chrm01_circ_963620	Pf_BP_3_D532_S138_L001-L004_merged	19	14	1	0	1
PsFluSBW25_chrm01_circ_994031	Pf_BP_3_D532_S138_L001-L004_merged	23	0	1	0	1
PsFluSBW25_chrm01_circ_994471	Pf_BP_3_D532_S138_L001-L004_merged	13	7	1	0	1
PsFluSBW25_chrm01_circ_1095666	Pf_BP_3_D56_S67_L001-L004_merged	26	0	1	0	1
PsFluSBW25_chrm01_circ_1168746	Pf_BP_3_D56_S67_L001-L004_merged	27	0	1	0	1
PsFluSBW25_chrm01_circ_1183695	Pf_BP_3_D56_S67_L001-L004_merged	16	0	1	0	1
PsFluSBW25_chrm01_circ_1216959	Pf_BP_3_D56_S67_L001-L004_merged	20	0	1	0	1
PsFluSBW25_chrm01_circ_1223902	Pf_BP_3_D56_S67_L001-L004_merged	26	0	1	0	1
PsFluSBW25_chrm01_circ_1268939	Pf_BP_3_D56_S67_L001-L004_merged	19	0	1	0	1
PsFluSBW25_chrm01_circ_1276483	Pf_BP_3_D56_S67_L001-L004_merged	7	0	1	0	1
PsFluSBW25_chrm01_circ_1278375	Pf_BP_3_D56_S67_L001-L004_merged	21	0	1	0	1
PsFluSBW25_chrm01_circ_1279463	Pf_BP_3_D56_S67_L001-L004_merged	22	0	1	0	1
PsFluSBW25_chrm01_circ_1302422	Pf_BP_3_D56_S67_L001-L004_merged	23	0	1	0	1
PsFluSBW25_chrm01_circ_1305492	Pf_BP_3_D56_S67_L001-L004_merged	27	0	1	0	1
PsFluSBW25_chrm01_circ_130961	Pf_BP_3_D56_S67_L001-L004_merged	31	0	1	0	1
PsFluSBW25_chrm01_circ_1352002	Pf_BP_3_D56_S67_L001-L004_merged	11	0	1	0	1
PsFluSBW25_chrm01_circ_1358965	Pf_BP_3_D56_S67_L001-L004_merged	19	1	1	0	1
PsFluSBW25_chrm01_circ_1364472	Pf_BP_3_D56_S67_L001-L004_merged	16	0	1	0	1
PsFluSBW25_chrm01_circ_1375221	Pf_BP_3_D56_S67_L001-L004_merged	29	0	1	0	1
PsFluSBW25_chrm01_circ_1416341	Pf_BP_3_D56_S67_L001-L004_merged	17	0	1	0	1
PsFluSBW25_chrm01_circ_1452004	Pf_BP_3_D56_S67_L001-L004_merged	25	0	1	0	1
PsFluSBW25_chrm01_circ_1452810	Pf_BP_3_D56_S67_L001-L004_merged	3	0	1	0	1
PsFluSBW25_chrm01_circ_1480473	Pf_BP_3_D56_S67_L001-L004_merged	16	0	1	0	1
PsFluSBW25_chrm01_circ_1514552	Pf_BP_3_D56_S67_L001-L004_merged	6	0	1	0	1
PsFluSBW25_chrm01_circ_1680055	Pf_BP_3_D56_S67_L001-L004_merged	12	0	1	0	1
PsFluSBW25_chrm01_circ_1709973	Pf_BP_3_D56_S67_L001-L004_merged	20	0	1	0	1
PsFluSBW25_chrm01_circ_1756426	Pf_BP_3_D56_S67_L001-L004_merged	34	0	1	0	1
PsFluSBW25_chrm01_circ_1778554	Pf_BP_3_D56_S67_L001-L004_merged	15	0	1	0	1
PsFluSBW25_chrm01_circ_1785786	Pf_BP_3_D56_S67_L001-L004_merged	5	0	1	0	1
PsFluSBW25_chrm01_circ_1824623	Pf_BP_3_D56_S67_L001-L004_merged	20	0	1	0	1
PsFluSBW25_chrm01_circ_1867228	Pf_BP_3_D56_S67_L001-L004_merged	30	0	1	0	1
PsFluSBW25_chrm01_circ_1875122	Pf_BP_3_D56_S67_L001-L004_merged	36	0	1	0	1
PsFluSBW25_chrm01_circ_1890465	Pf_BP_3_D56_S67_L001-L004_merged	18	0	1	0	1
PsFluSBW25_chrm01_circ_1908691	Pf_BP_3_D56_S67_L001-L004_merged	26	0	1	0	1
PsFluSBW25_chrm01_circ_1933415	Pf_BP_3_D56_S67_L001-L004_merged	28	0	1	0	1
PsFluSBW25_chrm01_circ_1965357	Pf_BP_3_D56_S67_L001-L004_merged	14	0	1	0	1
PsFluSBW25_chrm01_circ_1986756	Pf_BP_3_D56_S67_L001-L004_merged	26	0	1	0	1
PsFluSBW25_chrm01_circ_2063410	Pf_BP_3_D56_S67_L001-L004_merged	19	0	1	0	1
PsFluSBW25_chrm01_circ_2085733	Pf_BP_3_D56_S67_L001-L004_merged	26	0	1	0	1
PsFluSBW25_chrm01_circ_213914	Pf_BP_3_D56_S67_L001-L004_merged	16	1	1	0	1
PsFluSBW25_chrm01_circ_2161074	Pf_BP_3_D56_S67_L001-L004_merged	33	0	1	0	1
PsFluSBW25_chrm01_circ_2163959	Pf_BP_3_D56_S67_L001-L004_merged	23	0	1	0	1
PsFluSBW25_chrm01_circ_2167977	Pf_BP_3_D56_S67_L001-L004_merged	34	0	1	0	1
PsFluSBW25_chrm01_circ_2198957	Pf_BP_3_D56_S67_L001-L004_merged	24	0	1	0	1
PsFluSBW25_chrm01_circ_2244095	Pf_BP_3_D56_S67_L001-L004_merged	25	0	1	0	1
PsFluSBW25_chrm01_circ_2402212	Pf_BP_3_D56_S67_L001-L004_merged	25	0	1	0	1
PsFluSBW25_chrm01_circ_2453173	Pf_BP_3_D56_S67_L001-L004_merged	26	0	1	0	1
PsFluSBW25_chrm01_circ_2480284	Pf_BP_3_D56_S67_L001-L004_merged	25	0	1	0	1
PsFluSBW25_chrm01_circ_2533947	Pf_BP_3_D56_S67_L001-L004_merged	9	0	1	0	1
PsFluSBW25_chrm01_circ_2564357	Pf_BP_3_D56_S67_L001-L004_merged	21	0	1	0	1
PsFluSBW25_chrm01_circ_2692036	Pf_BP_3_D56_S67_L001-L004_merged	21	0	1	0	1
PsFluSBW25_chrm01_circ_2748923	Pf_BP_3_D56_S67_L001-L004_merged	28	0	1	0	1
PsFluSBW25_chrm01_circ_2766944	Pf_BP_3_D56_S67_L001-L004_merged	31	0	1	0	1
PsFluSBW25_chrm01_circ_2776101	Pf_BP_3_D56_S67_L001-L004_merged	30	0	1	0	1
PsFluSBW25_chrm01_circ_2844380	Pf_BP_3_D56_S67_L001-L004_merged	19	0	1	0	1
PsFluSBW25_chrm01_circ_2857080	Pf_BP_3_D56_S67_L001-L004_merged	12	0	1	0	1
PsFluSBW25_chrm01_circ_2948899	Pf_BP_3_D56_S67_L001-L004_merged	31	0	1	0	1
PsFluSBW25_chrm01_circ_2986589	Pf_BP_3_D56_S67_L001-L004_merged	31	0	1	0	1
PsFluSBW25_chrm01_circ_3046319	Pf_BP_3_D56_S67_L001-L004_merged	26	0	1	0	1
PsFluSBW25_chrm01_circ_3049960	Pf_BP_3_D56_S67_L001-L004_merged	19	0	1	0	1
PsFluSBW25_chrm01_circ_3301933	Pf_BP_3_D56_S67_L001-L004_merged	32	0	1	0	1
PsFluSBW25_chrm01_circ_3332858	Pf_BP_3_D56_S67_L001-L004_merged	26	0	1	0	1
PsFluSBW25_chrm01_circ_3351598	Pf_BP_3_D56_S67_L001-L004_merged	28	0	1	0	1
PsFluSBW25_chrm01_circ_342397	Pf_BP_3_D56_S67_L001-L004_merged	18	0	1	0	1
PsFluSBW25_chrm01_circ_3436927	Pf_BP_3_D56_S67_L001-L004_merged	25	0	1	0	1
PsFluSBW25_chrm01_circ_3456540	Pf_BP_3_D56_S67_L001-L004_merged	17	1	1	0	1
PsFluSBW25_chrm01_circ_349255	Pf_BP_3_D56_S67_L001-L004_merged	6	0	1	0	1
PsFluSBW25_chrm01_circ_37125	Pf_BP_3_D56_S67_L001-L004_merged	11	1	1	0	1
PsFluSBW25_chrm01_circ_3798211	Pf_BP_3_D56_S67_L001-L004_merged	23	0	1	0	1
PsFluSBW25_chrm01_circ_3838961	Pf_BP_3_D56_S67_L001-L004_merged	31	0	1	0	1
PsFluSBW25_chrm01_circ_3845100	Pf_BP_3_D56_S67_L001-L004_merged	36	0	1	0	1
PsFluSBW25_chrm01_circ_388609	Pf_BP_3_D56_S67_L001-L004_merged	25	0	1	0	1
PsFluSBW25_chrm01_circ_3886700	Pf_BP_3_D56_S67_L001-L004_merged	29	0	1	0	1
PsFluSBW25_chrm01_circ_4048876	Pf_BP_3_D56_S67_L001-L004_merged	18	0	1	0	1
PsFluSBW25_chrm01_circ_4062482	Pf_BP_3_D56_S67_L001-L004_merged	27	0	1	0	1
PsFluSBW25_chrm01_circ_407561	Pf_BP_3_D56_S67_L001-L004_merged	16	0	1	0	1
PsFluSBW25_chrm01_circ_4120561	Pf_BP_3_D56_S67_L001-L004_merged	35	0	1	0	1
PsFluSBW25_chrm01_circ_4155053	Pf_BP_3_D56_S67_L001-L004_merged	21	0	1	0	1
PsFluSBW25_chrm01_circ_4180044	Pf_BP_3_D56_S67_L001-L004_merged	22	0	1	0	1
PsFluSBW25_chrm01_circ_4203626	Pf_BP_3_D56_S67_L001-L004_merged	22	0	1	0	1
PsFluSBW25_chrm01_circ_425448	Pf_BP_3_D56_S67_L001-L004_merged	31	0	1	0	1
PsFluSBW25_chrm01_circ_4337542	Pf_BP_3_D56_S67_L001-L004_merged	21	0	1	0	1
PsFluSBW25_chrm01_circ_4368075	Pf_BP_3_D56_S67_L001-L004_merged	23	0	1	0	1
PsFluSBW25_chrm01_circ_441863	Pf_BP_3_D56_S67_L001-L004_merged	26	0	1	0	1
PsFluSBW25_chrm01_circ_4487200	Pf_BP_3_D56_S67_L001-L004_merged	19	0	1	0	1
PsFluSBW25_chrm01_circ_4522227	Pf_BP_3_D56_S67_L001-L004_merged	18	0	1	0	1
PsFluSBW25_chrm01_circ_4528974	Pf_BP_3_D56_S67_L001-L004_merged	28	0	1	0	1
PsFluSBW25_chrm01_circ_4566022	Pf_BP_3_D56_S67_L001-L004_merged	22	0	1	0	1
PsFluSBW25_chrm01_circ_4592386	Pf_BP_3_D56_S67_L001-L004_merged	22	0	1	0	1
PsFluSBW25_chrm01_circ_4595167	Pf_BP_3_D56_S67_L001-L004_merged	24	0	1	0	1
PsFluSBW25_chrm01_circ_4616287	Pf_BP_3_D56_S67_L001-L004_merged	15	0	1	0	1
PsFluSBW25_chrm01_circ_4644415	Pf_BP_3_D56_S67_L001-L004_merged	4	0	1	0	1
PsFluSBW25_chrm01_circ_4645653	Pf_BP_3_D56_S67_L001-L004_merged	24	0	1	0	1
PsFluSBW25_chrm01_circ_4697010	Pf_BP_3_D56_S67_L001-L004_merged	5	0	1	0	1
PsFluSBW25_chrm01_circ_470121	Pf_BP_3_D56_S67_L001-L004_merged	39	0	1	0	1
PsFluSBW25_chrm01_circ_4748517	Pf_BP_3_D56_S67_L001-L004_merged	28	0	1	0	1
PsFluSBW25_chrm01_circ_4751880	Pf_BP_3_D56_S67_L001-L004_merged	24	0	1	0	1
PsFluSBW25_chrm01_circ_4752384	Pf_BP_3_D56_S67_L001-L004_merged	21	0	1	0	1
PsFluSBW25_chrm01_circ_4803873	Pf_BP_3_D56_S67_L001-L004_merged	28	0	1	0	1
PsFluSBW25_chrm01_circ_4812193	Pf_BP_3_D56_S67_L001-L004_merged	42	0	1	0	1
PsFluSBW25_chrm01_circ_4872719	Pf_BP_3_D56_S67_L001-L004_merged	32	0	1	0	1
PsFluSBW25_chrm01_circ_4881730	Pf_BP_3_D56_S67_L001-L004_merged	31	0	1	0	1
PsFluSBW25_chrm01_circ_4931039	Pf_BP_3_D56_S67_L001-L004_merged	23	0	1	0	1
PsFluSBW25_chrm01_circ_4939038	Pf_BP_3_D56_S67_L001-L004_merged	18	0	1	0	1
PsFluSBW25_chrm01_circ_4941675	Pf_BP_3_D56_S67_L001-L004_merged	29	0	1	0	1
PsFluSBW25_chrm01_circ_4976801	Pf_BP_3_D56_S67_L001-L004_merged	5	0	1	0	1
PsFluSBW25_chrm01_circ_5004622	Pf_BP_3_D56_S67_L001-L004_merged	28	0	1	0	1
PsFluSBW25_chrm01_circ_5057411	Pf_BP_3_D56_S67_L001-L004_merged	15	0	1	0	1
PsFluSBW25_chrm01_circ_5068086	Pf_BP_3_D56_S67_L001-L004_merged	20	1	1	0	1
PsFluSBW25_chrm01_circ_5070696	Pf_BP_3_D56_S67_L001-L004_merged	13	1	1	0	1
PsFluSBW25_chrm01_circ_5088445	Pf_BP_3_D56_S67_L001-L004_merged	19	0	1	0	1
PsFluSBW25_chrm01_circ_5090218	Pf_BP_3_D56_S67_L001-L004_merged	24	0	1	0	1
PsFluSBW25_chrm01_circ_5098798	Pf_BP_3_D56_S67_L001-L004_merged	23	0	1	0	1
PsFluSBW25_chrm01_circ_5125224	Pf_BP_3_D56_S67_L001-L004_merged	24	0	1	0	1
PsFluSBW25_chrm01_circ_5139833	Pf_BP_3_D56_S67_L001-L004_merged	28	0	1	0	1
PsFluSBW25_chrm01_circ_514009	Pf_BP_3_D56_S67_L001-L004_merged	25	0	1	0	1
PsFluSBW25_chrm01_circ_5176227	Pf_BP_3_D56_S67_L001-L004_merged	24	0	1	0	1
PsFluSBW25_chrm01_circ_5177634	Pf_BP_3_D56_S67_L001-L004_merged	26	0	1	0	1
PsFluSBW25_chrm01_circ_5229842	Pf_BP_3_D56_S67_L001-L004_merged	11	0	1	0	1
PsFluSBW25_chrm01_circ_5229846	Pf_BP_3_D56_S67_L001-L004_merged	11	0	1	0	1
PsFluSBW25_chrm01_circ_5229848	Pf_BP_3_D56_S67_L001-L004_merged	11	0	1	0	1
PsFluSBW25_chrm01_circ_528492	Pf_BP_3_D56_S67_L001-L004_merged	28	0	1	0	1
PsFluSBW25_chrm01_circ_5306363	Pf_BP_3_D56_S67_L001-L004_merged	20	0	1	0	1
PsFluSBW25_chrm01_circ_531839	Pf_BP_3_D56_S67_L001-L004_merged	11	0	1	0	1
PsFluSBW25_chrm01_circ_5357118	Pf_BP_3_D56_S67_L001-L004_merged	23	0	1	0	1
PsFluSBW25_chrm01_circ_5396337	Pf_BP_3_D56_S67_L001-L004_merged	27	0	1	0	1
PsFluSBW25_chrm01_circ_5408499	Pf_BP_3_D56_S67_L001-L004_merged	5	0	1	0	1
PsFluSBW25_chrm01_circ_5468527	Pf_BP_3_D56_S67_L001-L004_merged	32	0	1	0	1
PsFluSBW25_chrm01_circ_5486155	Pf_BP_3_D56_S67_L001-L004_merged	13	0	1	0	1
PsFluSBW25_chrm01_circ_5516969	Pf_BP_3_D56_S67_L001-L004_merged	27	0	1	0	1
PsFluSBW25_chrm01_circ_5524086	Pf_BP_3_D56_S67_L001-L004_merged	10	0	1	0	1
PsFluSBW25_chrm01_circ_5534536	Pf_BP_3_D56_S67_L001-L004_merged	18	0	1	0	1
PsFluSBW25_chrm01_circ_5567439	Pf_BP_3_D56_S67_L001-L004_merged	17	0	1	0	1
PsFluSBW25_chrm01_circ_5624304	Pf_BP_3_D56_S67_L001-L004_merged	24	0	1	0	1
PsFluSBW25_chrm01_circ_5667496	Pf_BP_3_D56_S67_L001-L004_merged	16	2	1	0	1
PsFluSBW25_chrm01_circ_5671868	Pf_BP_3_D56_S67_L001-L004_merged	28	0	1	0	1
PsFluSBW25_chrm01_circ_5689413	Pf_BP_3_D56_S67_L001-L004_merged	17	0	1	0	1
PsFluSBW25_chrm01_circ_5709997	Pf_BP_3_D56_S67_L001-L004_merged	28	0	1	0	1
PsFluSBW25_chrm01_circ_5715825	Pf_BP_3_D56_S67_L001-L004_merged	21	0	1	0	1
PsFluSBW25_chrm01_circ_5716515	Pf_BP_3_D56_S67_L001-L004_merged	20	0	1	0	1
PsFluSBW25_chrm01_circ_5738290	Pf_BP_3_D56_S67_L001-L004_merged	19	0	1	0	1
PsFluSBW25_chrm01_circ_574868	Pf_BP_3_D56_S67_L001-L004_merged	18	0	1	0	1
PsFluSBW25_chrm01_circ_5826120	Pf_BP_3_D56_S67_L001-L004_merged	27	0	1	0	1
PsFluSBW25_chrm01_circ_5847593	Pf_BP_3_D56_S67_L001-L004_merged	21	0	1	0	1
PsFluSBW25_chrm01_circ_5847773	Pf_BP_3_D56_S67_L001-L004_merged	20	0	1	0	1
PsFluSBW25_chrm01_circ_5857442	Pf_BP_3_D56_S67_L001-L004_merged	20	0	1	0	1
PsFluSBW25_chrm01_circ_5857775	Pf_BP_3_D56_S67_L001-L004_merged	26	0	1	0	1
PsFluSBW25_chrm01_circ_5960908	Pf_BP_3_D56_S67_L001-L004_merged	35	0	1	0	1
PsFluSBW25_chrm01_circ_5967294	Pf_BP_3_D56_S67_L001-L004_merged	27	0	1	0	1
PsFluSBW25_chrm01_circ_5971715	Pf_BP_3_D56_S67_L001-L004_merged	29	0	1	0	1
PsFluSBW25_chrm01_circ_6079939	Pf_BP_3_D56_S67_L001-L004_merged	26	0	1	0	1
PsFluSBW25_chrm01_circ_6108733	Pf_BP_3_D56_S67_L001-L004_merged	31	0	1	0	1
PsFluSBW25_chrm01_circ_6154345	Pf_BP_3_D56_S67_L001-L004_merged	19	0	1	0	1
PsFluSBW25_chrm01_circ_6162469	Pf_BP_3_D56_S67_L001-L004_merged	25	1	1	0	1
PsFluSBW25_chrm01_circ_6193873	Pf_BP_3_D56_S67_L001-L004_merged	9	0	1	0	1
PsFluSBW25_chrm01_circ_6249985	Pf_BP_3_D56_S67_L001-L004_merged	20	0	1	0	1
PsFluSBW25_chrm01_circ_6280393	Pf_BP_3_D56_S67_L001-L004_merged	36	0	1	0	1
PsFluSBW25_chrm01_circ_6396367	Pf_BP_3_D56_S67_L001-L004_merged	3	0	1	0	1
PsFluSBW25_chrm01_circ_6446610	Pf_BP_3_D56_S67_L001-L004_merged	12	0	1	0	1
PsFluSBW25_chrm01_circ_6456835	Pf_BP_3_D56_S67_L001-L004_merged	23	0	1	0	1
PsFluSBW25_chrm01_circ_6457857	Pf_BP_3_D56_S67_L001-L004_merged	18	0	1	0	1
PsFluSBW25_chrm01_circ_650867	Pf_BP_3_D56_S67_L001-L004_merged	32	0	1	0	1
PsFluSBW25_chrm01_circ_6518389	Pf_BP_3_D56_S67_L001-L004_merged	25	2	1	0	1
PsFluSBW25_chrm01_circ_721709	Pf_BP_3_D56_S67_L001-L004_merged	25	0	1	0	1
PsFluSBW25_chrm01_circ_738710	Pf_BP_3_D56_S67_L001-L004_merged	21	0	1	0	1
PsFluSBW25_chrm01_circ_789548	Pf_BP_3_D56_S67_L001-L004_merged	30	0	1	0	1
PsFluSBW25_chrm01_circ_825120	Pf_BP_3_D56_S67_L001-L004_merged	25	0	1	0	1
PsFluSBW25_chrm01_circ_839909	Pf_BP_3_D56_S67_L001-L004_merged	22	0	1	0	1
PsFluSBW25_chrm01_circ_847781	Pf_BP_3_D56_S67_L001-L004_merged	19	0	1	0	1
PsFluSBW25_chrm01_circ_866943	Pf_BP_3_D56_S67_L001-L004_merged	14	0	1	0	1
PsFluSBW25_chrm01_circ_895493	Pf_BP_3_D56_S67_L001-L004_merged	11	1	1	0	1
PsFluSBW25_chrm01_circ_90695	Pf_BP_3_D56_S67_L001-L004_merged	27	0	1	0	1
PsFluSBW25_chrm01_circ_927323	Pf_BP_3_D56_S67_L001-L004_merged	19	0	1	0	1
PsFluSBW25_chrm01_circ_927626	Pf_BP_3_D56_S67_L001-L004_merged	26	0	1	0	1
PsFluSBW25_chrm01_circ_929036	Pf_BP_3_D56_S67_L001-L004_merged	20	0	1	0	1
PsFluSBW25_chrm01_circ_929543	Pf_BP_3_D56_S67_L001-L004_merged	21	0	1	0	1
PsFluSBW25_chrm01_circ_935922	Pf_BP_3_D56_S67_L001-L004_merged	22	0	1	0	1
PsFluSBW25_chrm01_circ_935928	Pf_BP_3_D56_S67_L001-L004_merged	23	0	1	0	1
PsFluSBW25_chrm01_circ_936093	Pf_BP_3_D56_S67_L001-L004_merged	14	0	1	0	1
PsFluSBW25_chrm01_circ_95741	Pf_BP_3_D56_S67_L001-L004_merged	8	0	1	0	1
PsFluSBW25_chrm01_circ_963620	Pf_BP_3_D56_S67_L001-L004_merged	24	0	1	0	1
PsFluSBW25_chrm01_circ_994031	Pf_BP_3_D56_S67_L001-L004_merged	27	0	1	0	1
PsFluSBW25_chrm01_circ_994471	Pf_BP_3_D56_S67_L001-L004_merged	25	0	1	0	1
PsFluSBW25_chrm01_circ_1095666	Pf_BP_3_D588_S174_L001-L004_merged	20	10	1	0	1
PsFluSBW25_chrm01_circ_1168746	Pf_BP_3_D588_S174_L001-L004_merged	28	1	1	0	1
PsFluSBW25_chrm01_circ_1183695	Pf_BP_3_D588_S174_L001-L004_merged	30	2	1	0	1
PsFluSBW25_chrm01_circ_1216959	Pf_BP_3_D588_S174_L001-L004_merged	11	7	1	0	1
PsFluSBW25_chrm01_circ_1223902	Pf_BP_3_D588_S174_L001-L004_merged	15	3	1	0	1
PsFluSBW25_chrm01_circ_1268939	Pf_BP_3_D588_S174_L001-L004_merged	22	9	1	0	1
PsFluSBW25_chrm01_circ_1276483	Pf_BP_3_D588_S174_L001-L004_merged	11	0	1	0	1
PsFluSBW25_chrm01_circ_1278375	Pf_BP_3_D588_S174_L001-L004_merged	25	0	1	0	1
PsFluSBW25_chrm01_circ_1279463	Pf_BP_3_D588_S174_L001-L004_merged	22	8	1	0	1
PsFluSBW25_chrm01_circ_1302422	Pf_BP_3_D588_S174_L001-L004_merged	15	6	1	0	1
PsFluSBW25_chrm01_circ_1305492	Pf_BP_3_D588_S174_L001-L004_merged	31	1	1	0	1
PsFluSBW25_chrm01_circ_130961	Pf_BP_3_D588_S174_L001-L004_merged	29	7	1	0	1
PsFluSBW25_chrm01_circ_1352002	Pf_BP_3_D588_S174_L001-L004_merged	3	0	1	0	1
PsFluSBW25_chrm01_circ_1358965	Pf_BP_3_D588_S174_L001-L004_merged	37	0	1	0	1
PsFluSBW25_chrm01_circ_1364472	Pf_BP_3_D588_S174_L001-L004_merged	23	2	1	0	1
PsFluSBW25_chrm01_circ_1375221	Pf_BP_3_D588_S174_L001-L004_merged	22	12	1	0	1
PsFluSBW25_chrm01_circ_1416341	Pf_BP_3_D588_S174_L001-L004_merged	18	1	1	0	1
PsFluSBW25_chrm01_circ_1452004	Pf_BP_3_D588_S174_L001-L004_merged	27	0	1	0	1
PsFluSBW25_chrm01_circ_1452810	Pf_BP_3_D588_S174_L001-L004_merged	9	1	1	0	1
PsFluSBW25_chrm01_circ_1480473	Pf_BP_3_D588_S174_L001-L004_merged	17	6	1	0	1
PsFluSBW25_chrm01_circ_1514552	Pf_BP_3_D588_S174_L001-L004_merged	10	0	1	0	1
PsFluSBW25_chrm01_circ_1680055	Pf_BP_3_D588_S174_L001-L004_merged	7	0	1	0	1
PsFluSBW25_chrm01_circ_1709973	Pf_BP_3_D588_S174_L001-L004_merged	24	14	1	0	1
PsFluSBW25_chrm01_circ_1756426	Pf_BP_3_D588_S174_L001-L004_merged	35	4	1	0	1
PsFluSBW25_chrm01_circ_1778554	Pf_BP_3_D588_S174_L001-L004_merged	17	6	1	0	1
PsFluSBW25_chrm01_circ_1785786	Pf_BP_3_D588_S174_L001-L004_merged	11	0	1	0	1
PsFluSBW25_chrm01_circ_1824623	Pf_BP_3_D588_S174_L001-L004_merged	15	3	1	0	1
PsFluSBW25_chrm01_circ_1867228	Pf_BP_3_D588_S174_L001-L004_merged	19	2	1	0	1
PsFluSBW25_chrm01_circ_1875122	Pf_BP_3_D588_S174_L001-L004_merged	21	9	1	0	1
PsFluSBW25_chrm01_circ_1890465	Pf_BP_3_D588_S174_L001-L004_merged	12	6	1	0	1
PsFluSBW25_chrm01_circ_1908691	Pf_BP_3_D588_S174_L001-L004_merged	24	1	1	0	1
PsFluSBW25_chrm01_circ_1933415	Pf_BP_3_D588_S174_L001-L004_merged	31	1	1	0	1
PsFluSBW25_chrm01_circ_1965357	Pf_BP_3_D588_S174_L001-L004_merged	11	1	1	0	1
PsFluSBW25_chrm01_circ_1986756	Pf_BP_3_D588_S174_L001-L004_merged	23	3	1	0	1
PsFluSBW25_chrm01_circ_2063410	Pf_BP_3_D588_S174_L001-L004_merged	22	0	1	0	1
PsFluSBW25_chrm01_circ_2085733	Pf_BP_3_D588_S174_L001-L004_merged	16	17	1	0	1
PsFluSBW25_chrm01_circ_213914	Pf_BP_3_D588_S174_L001-L004_merged	21	1	1	0	1
PsFluSBW25_chrm01_circ_2161074	Pf_BP_3_D588_S174_L001-L004_merged	23	1	1	0	1
PsFluSBW25_chrm01_circ_2163959	Pf_BP_3_D588_S174_L001-L004_merged	20	4	1	0	1
PsFluSBW25_chrm01_circ_2167977	Pf_BP_3_D588_S174_L001-L004_merged	19	4	1	0	1
PsFluSBW25_chrm01_circ_2198957	Pf_BP_3_D588_S174_L001-L004_merged	14	8	1	0	1
PsFluSBW25_chrm01_circ_2244095	Pf_BP_3_D588_S174_L001-L004_merged	16	4	1	0	1
PsFluSBW25_chrm01_circ_2402212	Pf_BP_3_D588_S174_L001-L004_merged	19	11	1	0	1
PsFluSBW25_chrm01_circ_2453173	Pf_BP_3_D588_S174_L001-L004_merged	16	10	1	0	1
PsFluSBW25_chrm01_circ_2480284	Pf_BP_3_D588_S174_L001-L004_merged	30	0	1	0	1
PsFluSBW25_chrm01_circ_2533947	Pf_BP_3_D588_S174_L001-L004_merged	7	0	1	0	1
PsFluSBW25_chrm01_circ_2564357	Pf_BP_3_D588_S174_L001-L004_merged	29	0	1	0	1
PsFluSBW25_chrm01_circ_2692036	Pf_BP_3_D588_S174_L001-L004_merged	22	0	1	0	1
PsFluSBW25_chrm01_circ_2748923	Pf_BP_3_D588_S174_L001-L004_merged	20	0	1	0	1
PsFluSBW25_chrm01_circ_2766944	Pf_BP_3_D588_S174_L001-L004_merged	20	3	1	0	1
PsFluSBW25_chrm01_circ_2776101	Pf_BP_3_D588_S174_L001-L004_merged	21	13	1	0	1
PsFluSBW25_chrm01_circ_2844380	Pf_BP_3_D588_S174_L001-L004_merged	27	0	1	0	1
PsFluSBW25_chrm01_circ_2857080	Pf_BP_3_D588_S174_L001-L004_merged	3	4	1	0	1
PsFluSBW25_chrm01_circ_2948899	Pf_BP_3_D588_S174_L001-L004_merged	26	11	1	0	1
PsFluSBW25_chrm01_circ_2986589	Pf_BP_3_D588_S174_L001-L004_merged	15	4	1	0	1
PsFluSBW25_chrm01_circ_3046319	Pf_BP_3_D588_S174_L001-L004_merged	32	6	1	0	1
PsFluSBW25_chrm01_circ_3049960	Pf_BP_3_D588_S174_L001-L004_merged	8	10	1	0	1
PsFluSBW25_chrm01_circ_3301933	Pf_BP_3_D588_S174_L001-L004_merged	17	3	1	0	1
PsFluSBW25_chrm01_circ_3332858	Pf_BP_3_D588_S174_L001-L004_merged	23	9	1	0	1
PsFluSBW25_chrm01_circ_3351598	Pf_BP_3_D588_S174_L001-L004_merged	21	15	1	0	1
PsFluSBW25_chrm01_circ_342397	Pf_BP_3_D588_S174_L001-L004_merged	21	0	1	0	1
PsFluSBW25_chrm01_circ_3436927	Pf_BP_3_D588_S174_L001-L004_merged	16	6	1	0	1
PsFluSBW25_chrm01_circ_3456540	Pf_BP_3_D588_S174_L001-L004_merged	24	4	1	0	1
PsFluSBW25_chrm01_circ_349255	Pf_BP_3_D588_S174_L001-L004_merged	8	15	1	0	1
PsFluSBW25_chrm01_circ_37125	Pf_BP_3_D588_S174_L001-L004_merged	8	0	1	0	1
PsFluSBW25_chrm01_circ_3798211	Pf_BP_3_D588_S174_L001-L004_merged	16	15	1	0	1
PsFluSBW25_chrm01_circ_3838961	Pf_BP_3_D588_S174_L001-L004_merged	29	1	1	0	1
PsFluSBW25_chrm01_circ_3845100	Pf_BP_3_D588_S174_L001-L004_merged	14	8	1	0	1
PsFluSBW25_chrm01_circ_388609	Pf_BP_3_D588_S174_L001-L004_merged	14	11	1	0	1
PsFluSBW25_chrm01_circ_3886700	Pf_BP_3_D588_S174_L001-L004_merged	38	2	1	0	1
PsFluSBW25_chrm01_circ_4048876	Pf_BP_3_D588_S174_L001-L004_merged	19	0	1	0	1
PsFluSBW25_chrm01_circ_4062482	Pf_BP_3_D588_S174_L001-L004_merged	20	5	1	0	1
PsFluSBW25_chrm01_circ_407561	Pf_BP_3_D588_S174_L001-L004_merged	13	0	1	0	1
PsFluSBW25_chrm01_circ_4120561	Pf_BP_3_D588_S174_L001-L004_merged	25	13	1	0	1
PsFluSBW25_chrm01_circ_4155053	Pf_BP_3_D588_S174_L001-L004_merged	16	2	1	0	1
PsFluSBW25_chrm01_circ_4180044	Pf_BP_3_D588_S174_L001-L004_merged	22	7	1	0	1
PsFluSBW25_chrm01_circ_4203626	Pf_BP_3_D588_S174_L001-L004_merged	27	0	1	0	1
PsFluSBW25_chrm01_circ_425448	Pf_BP_3_D588_S174_L001-L004_merged	13	8	1	0	1
PsFluSBW25_chrm01_circ_4337542	Pf_BP_3_D588_S174_L001-L004_merged	22	6	1	0	1
PsFluSBW25_chrm01_circ_4368075	Pf_BP_3_D588_S174_L001-L004_merged	24	2	1	0	1
PsFluSBW25_chrm01_circ_441863	Pf_BP_3_D588_S174_L001-L004_merged	30	0	1	0	1
PsFluSBW25_chrm01_circ_4487200	Pf_BP_3_D588_S174_L001-L004_merged	23	3	1	0	1
PsFluSBW25_chrm01_circ_4522227	Pf_BP_3_D588_S174_L001-L004_merged	9	0	1	0	1
PsFluSBW25_chrm01_circ_4528974	Pf_BP_3_D588_S174_L001-L004_merged	19	4	1	0	1
PsFluSBW25_chrm01_circ_4566022	Pf_BP_3_D588_S174_L001-L004_merged	17	0	1	0	1
PsFluSBW25_chrm01_circ_4592386	Pf_BP_3_D588_S174_L001-L004_merged	22	0	1	0	1
PsFluSBW25_chrm01_circ_4595167	Pf_BP_3_D588_S174_L001-L004_merged	21	10	1	0	1
PsFluSBW25_chrm01_circ_4616287	Pf_BP_3_D588_S174_L001-L004_merged	21	1	1	0	1
PsFluSBW25_chrm01_circ_4644415	Pf_BP_3_D588_S174_L001-L004_merged	10	0	1	0	1
PsFluSBW25_chrm01_circ_4645653	Pf_BP_3_D588_S174_L001-L004_merged	30	0	1	0	1
PsFluSBW25_chrm01_circ_4697010	Pf_BP_3_D588_S174_L001-L004_merged	6	0	1	0	1
PsFluSBW25_chrm01_circ_470121	Pf_BP_3_D588_S174_L001-L004_merged	22	7	1	0	1
PsFluSBW25_chrm01_circ_4748517	Pf_BP_3_D588_S174_L001-L004_merged	14	3	1	0	1
PsFluSBW25_chrm01_circ_4751880	Pf_BP_3_D588_S174_L001-L004_merged	25	2	1	0	1
PsFluSBW25_chrm01_circ_4752384	Pf_BP_3_D588_S174_L001-L004_merged	21	8	1	0	1
PsFluSBW25_chrm01_circ_4803873	Pf_BP_3_D588_S174_L001-L004_merged	25	1	1	0	1
PsFluSBW25_chrm01_circ_4812193	Pf_BP_3_D588_S174_L001-L004_merged	25	7	1	0	1
PsFluSBW25_chrm01_circ_4872719	Pf_BP_3_D588_S174_L001-L004_merged	24	4	1	0	1
PsFluSBW25_chrm01_circ_4881730	Pf_BP_3_D588_S174_L001-L004_merged	11	4	1	0	1
PsFluSBW25_chrm01_circ_4931039	Pf_BP_3_D588_S174_L001-L004_merged	17	6	1	0	1
PsFluSBW25_chrm01_circ_4939038	Pf_BP_3_D588_S174_L001-L004_merged	16	6	1	0	1
PsFluSBW25_chrm01_circ_4941675	Pf_BP_3_D588_S174_L001-L004_merged	22	0	1	0	1
PsFluSBW25_chrm01_circ_4976801	Pf_BP_3_D588_S174_L001-L004_merged	6	0	1	0	1
PsFluSBW25_chrm01_circ_5004622	Pf_BP_3_D588_S174_L001-L004_merged	12	4	1	0	1
PsFluSBW25_chrm01_circ_5057411	Pf_BP_3_D588_S174_L001-L004_merged	18	0	1	0	1
PsFluSBW25_chrm01_circ_5068086	Pf_BP_3_D588_S174_L001-L004_merged	23	2	1	0	1
PsFluSBW25_chrm01_circ_5070696	Pf_BP_3_D588_S174_L001-L004_merged	13	0	1	0	1
PsFluSBW25_chrm01_circ_5088445	Pf_BP_3_D588_S174_L001-L004_merged	19	0	1	0	1
PsFluSBW25_chrm01_circ_5090218	Pf_BP_3_D588_S174_L001-L004_merged	19	11	1	0	1
PsFluSBW25_chrm01_circ_5098798	Pf_BP_3_D588_S174_L001-L004_merged	21	0	1	0	1
PsFluSBW25_chrm01_circ_5125224	Pf_BP_3_D588_S174_L001-L004_merged	12	7	1	0	1
PsFluSBW25_chrm01_circ_5139833	Pf_BP_3_D588_S174_L001-L004_merged	16	9	1	0	1
PsFluSBW25_chrm01_circ_514009	Pf_BP_3_D588_S174_L001-L004_merged	14	11	1	0	1
PsFluSBW25_chrm01_circ_5176227	Pf_BP_3_D588_S174_L001-L004_merged	19	0	1	0	1
PsFluSBW25_chrm01_circ_5177634	Pf_BP_3_D588_S174_L001-L004_merged	20	8	1	0	1
PsFluSBW25_chrm01_circ_5229842	Pf_BP_3_D588_S174_L001-L004_merged	5	0	1	0	1
PsFluSBW25_chrm01_circ_5229846	Pf_BP_3_D588_S174_L001-L004_merged	6	0	1	0	1
PsFluSBW25_chrm01_circ_5229848	Pf_BP_3_D588_S174_L001-L004_merged	6	0	1	0	1
PsFluSBW25_chrm01_circ_528492	Pf_BP_3_D588_S174_L001-L004_merged	16	0	1	0	1
PsFluSBW25_chrm01_circ_5306363	Pf_BP_3_D588_S174_L001-L004_merged	18	1	1	0	1
PsFluSBW25_chrm01_circ_531839	Pf_BP_3_D588_S174_L001-L004_merged	14	1	1	0	1
PsFluSBW25_chrm01_circ_5357118	Pf_BP_3_D588_S174_L001-L004_merged	12	3	1	0	1
PsFluSBW25_chrm01_circ_5396337	Pf_BP_3_D588_S174_L001-L004_merged	24	5	1	0	1
PsFluSBW25_chrm01_circ_5408499	Pf_BP_3_D588_S174_L001-L004_merged	5	0	1	0	1
PsFluSBW25_chrm01_circ_5468527	Pf_BP_3_D588_S174_L001-L004_merged	32	5	1	0	1
PsFluSBW25_chrm01_circ_5486155	Pf_BP_3_D588_S174_L001-L004_merged	13	0	1	0	1
PsFluSBW25_chrm01_circ_5516969	Pf_BP_3_D588_S174_L001-L004_merged	27	0	1	0	1
PsFluSBW25_chrm01_circ_5524086	Pf_BP_3_D588_S174_L001-L004_merged	11	0	1	0	1
PsFluSBW25_chrm01_circ_5534536	Pf_BP_3_D588_S174_L001-L004_merged	9	5	1	0	1
PsFluSBW25_chrm01_circ_5567439	Pf_BP_3_D588_S174_L001-L004_merged	24	0	1	0	1
PsFluSBW25_chrm01_circ_5624304	Pf_BP_3_D588_S174_L001-L004_merged	29	0	1	0	1
PsFluSBW25_chrm01_circ_5667496	Pf_BP_3_D588_S174_L001-L004_merged	32	1	1	0	1
PsFluSBW25_chrm01_circ_5671868	Pf_BP_3_D588_S174_L001-L004_merged	22	0	1	0	1
PsFluSBW25_chrm01_circ_5689413	Pf_BP_3_D588_S174_L001-L004_merged	14	12	1	0	1
PsFluSBW25_chrm01_circ_5709997	Pf_BP_3_D588_S174_L001-L004_merged	29	0	1	0	1
PsFluSBW25_chrm01_circ_5715825	Pf_BP_3_D588_S174_L001-L004_merged	27	0	1	0	1
PsFluSBW25_chrm01_circ_5716515	Pf_BP_3_D588_S174_L001-L004_merged	10	10	1	0	1
PsFluSBW25_chrm01_circ_5738290	Pf_BP_3_D588_S174_L001-L004_merged	10	5	1	0	1
PsFluSBW25_chrm01_circ_574868	Pf_BP_3_D588_S174_L001-L004_merged	19	0	1	0	1
PsFluSBW25_chrm01_circ_5826120	Pf_BP_3_D588_S174_L001-L004_merged	26	2	1	0	1
PsFluSBW25_chrm01_circ_5847593	Pf_BP_3_D588_S174_L001-L004_merged	14	4	1	0	1
PsFluSBW25_chrm01_circ_5847773	Pf_BP_3_D588_S174_L001-L004_merged	26	5	1	0	1
PsFluSBW25_chrm01_circ_5857442	Pf_BP_3_D588_S174_L001-L004_merged	28	0	1	0	1
PsFluSBW25_chrm01_circ_5857775	Pf_BP_3_D588_S174_L001-L004_merged	18	10	1	0	1
PsFluSBW25_chrm01_circ_5960908	Pf_BP_3_D588_S174_L001-L004_merged	24	2	1	0	1
PsFluSBW25_chrm01_circ_5967294	Pf_BP_3_D588_S174_L001-L004_merged	26	5	1	0	1
PsFluSBW25_chrm01_circ_5971715	Pf_BP_3_D588_S174_L001-L004_merged	15	5	1	0	1
PsFluSBW25_chrm01_circ_6079939	Pf_BP_3_D588_S174_L001-L004_merged	26	1	1	0	1
PsFluSBW25_chrm01_circ_6108733	Pf_BP_3_D588_S174_L001-L004_merged	26	8	1	0	1
PsFluSBW25_chrm01_circ_6154345	Pf_BP_3_D588_S174_L001-L004_merged	27	0	1	0	1
PsFluSBW25_chrm01_circ_6162469	Pf_BP_3_D588_S174_L001-L004_merged	23	2	1	0	1
PsFluSBW25_chrm01_circ_6193873	Pf_BP_3_D588_S174_L001-L004_merged	13	0	1	0	1
PsFluSBW25_chrm01_circ_6249985	Pf_BP_3_D588_S174_L001-L004_merged	23	0	1	0	1
PsFluSBW25_chrm01_circ_6280393	Pf_BP_3_D588_S174_L001-L004_merged	23	12	1	0	1
PsFluSBW25_chrm01_circ_6396367	Pf_BP_3_D588_S174_L001-L004_merged	4	1	1	0	1
PsFluSBW25_chrm01_circ_6446610	Pf_BP_3_D588_S174_L001-L004_merged	12	0	1	0	1
PsFluSBW25_chrm01_circ_6456835	Pf_BP_3_D588_S174_L001-L004_merged	19	1	1	0	1
PsFluSBW25_chrm01_circ_6457857	Pf_BP_3_D588_S174_L001-L004_merged	24	1	1	0	1
PsFluSBW25_chrm01_circ_650867	Pf_BP_3_D588_S174_L001-L004_merged	22	5	1	0	1
PsFluSBW25_chrm01_circ_6518389	Pf_BP_3_D588_S174_L001-L004_merged	14	14	1	0	1
PsFluSBW25_chrm01_circ_721709	Pf_BP_3_D588_S174_L001-L004_merged	8	3	1	0	1
PsFluSBW25_chrm01_circ_738710	Pf_BP_3_D588_S174_L001-L004_merged	25	0	1	0	1
PsFluSBW25_chrm01_circ_789548	Pf_BP_3_D588_S174_L001-L004_merged	17	2	1	0	1
PsFluSBW25_chrm01_circ_825120	Pf_BP_3_D588_S174_L001-L004_merged	17	8	1	0	1
PsFluSBW25_chrm01_circ_839909	Pf_BP_3_D588_S174_L001-L004_merged	11	7	1	0	1
PsFluSBW25_chrm01_circ_847781	Pf_BP_3_D588_S174_L001-L004_merged	22	0	1	0	1
PsFluSBW25_chrm01_circ_866943	Pf_BP_3_D588_S174_L001-L004_merged	9	5	1	0	1
PsFluSBW25_chrm01_circ_895493	Pf_BP_3_D588_S174_L001-L004_merged	10	2	1	0	1
PsFluSBW25_chrm01_circ_90695	Pf_BP_3_D588_S174_L001-L004_merged	16	2	1	0	1
PsFluSBW25_chrm01_circ_927323	Pf_BP_3_D588_S174_L001-L004_merged	29	0	1	0	1
PsFluSBW25_chrm01_circ_927626	Pf_BP_3_D588_S174_L001-L004_merged	31	0	1	0	1
PsFluSBW25_chrm01_circ_929036	Pf_BP_3_D588_S174_L001-L004_merged	15	4	1	0	1
PsFluSBW25_chrm01_circ_929543	Pf_BP_3_D588_S174_L001-L004_merged	23	2	1	0	1
PsFluSBW25_chrm01_circ_935922	Pf_BP_3_D588_S174_L001-L004_merged	23	0	1	0	1
PsFluSBW25_chrm01_circ_935928	Pf_BP_3_D588_S174_L001-L004_merged	23	0	1	0	1
PsFluSBW25_chrm01_circ_936093	Pf_BP_3_D588_S174_L001-L004_merged	20	2	1	0	1
PsFluSBW25_chrm01_circ_95741	Pf_BP_3_D588_S174_L001-L004_merged	15	0	1	0	1
PsFluSBW25_chrm01_circ_963620	Pf_BP_3_D588_S174_L001-L004_merged	24	13	1	0	1
PsFluSBW25_chrm01_circ_994031	Pf_BP_3_D588_S174_L001-L004_merged	30	0	1	0	1
PsFluSBW25_chrm01_circ_994471	Pf_BP_3_D588_S174_L001-L004_merged	29	3	1	0	1
PsFluSBW25_chrm01_circ_1095666	Pf_BP_3_D616_S139_L001-L004_merged	16	5	1	0	1
PsFluSBW25_chrm01_circ_1168746	Pf_BP_3_D616_S139_L001-L004_merged	24	0	1	0	1
PsFluSBW25_chrm01_circ_1183695	Pf_BP_3_D616_S139_L001-L004_merged	13	2	1	0	1
PsFluSBW25_chrm01_circ_1216959	Pf_BP_3_D616_S139_L001-L004_merged	15	4	1	0	1
PsFluSBW25_chrm01_circ_1223902	Pf_BP_3_D616_S139_L001-L004_merged	19	9	1	0	1
PsFluSBW25_chrm01_circ_1268939	Pf_BP_3_D616_S139_L001-L004_merged	20	11	1	0	1
PsFluSBW25_chrm01_circ_1276483	Pf_BP_3_D616_S139_L001-L004_merged	8	0	1	0	1
PsFluSBW25_chrm01_circ_1278375	Pf_BP_3_D616_S139_L001-L004_merged	22	0	1	0	1
PsFluSBW25_chrm01_circ_1279463	Pf_BP_3_D616_S139_L001-L004_merged	16	20	1	0	1
PsFluSBW25_chrm01_circ_1302422	Pf_BP_3_D616_S139_L001-L004_merged	13	5	1	0	1
PsFluSBW25_chrm01_circ_1305492	Pf_BP_3_D616_S139_L001-L004_merged	15	6	1	0	1
PsFluSBW25_chrm01_circ_130961	Pf_BP_3_D616_S139_L001-L004_merged	20	10	1	0	1
PsFluSBW25_chrm01_circ_1352002	Pf_BP_3_D616_S139_L001-L004_merged	7	0	1	0	1
PsFluSBW25_chrm01_circ_1358965	Pf_BP_3_D616_S139_L001-L004_merged	35	0	1	0	1
PsFluSBW25_chrm01_circ_1364472	Pf_BP_3_D616_S139_L001-L004_merged	20	4	1	0	1
PsFluSBW25_chrm01_circ_1375221	Pf_BP_3_D616_S139_L001-L004_merged	13	7	1	0	1
PsFluSBW25_chrm01_circ_1416341	Pf_BP_3_D616_S139_L001-L004_merged	24	3	1	0	1
PsFluSBW25_chrm01_circ_1452004	Pf_BP_3_D616_S139_L001-L004_merged	28	0	1	0	1
PsFluSBW25_chrm01_circ_1452810	Pf_BP_3_D616_S139_L001-L004_merged	12	0	1	0	1
PsFluSBW25_chrm01_circ_1480473	Pf_BP_3_D616_S139_L001-L004_merged	22	3	1	0	1
PsFluSBW25_chrm01_circ_1514552	Pf_BP_3_D616_S139_L001-L004_merged	9	0	1	0	1
PsFluSBW25_chrm01_circ_1680055	Pf_BP_3_D616_S139_L001-L004_merged	9	0	1	0	1
PsFluSBW25_chrm01_circ_1709973	Pf_BP_3_D616_S139_L001-L004_merged	18	11	1	0	1
PsFluSBW25_chrm01_circ_1756426	Pf_BP_3_D616_S139_L001-L004_merged	16	2	1	0	1
PsFluSBW25_chrm01_circ_1778554	Pf_BP_3_D616_S139_L001-L004_merged	17	9	1	0	1
PsFluSBW25_chrm01_circ_1785786	Pf_BP_3_D616_S139_L001-L004_merged	6	0	1	0	1
PsFluSBW25_chrm01_circ_1824623	Pf_BP_3_D616_S139_L001-L004_merged	16	6	1	0	1
PsFluSBW25_chrm01_circ_1867228	Pf_BP_3_D616_S139_L001-L004_merged	14	4	1	0	1
PsFluSBW25_chrm01_circ_1875122	Pf_BP_3_D616_S139_L001-L004_merged	12	9	1	0	1
PsFluSBW25_chrm01_circ_1890465	Pf_BP_3_D616_S139_L001-L004_merged	11	15	1	0	1
PsFluSBW25_chrm01_circ_1908691	Pf_BP_3_D616_S139_L001-L004_merged	20	2	1	0	1
PsFluSBW25_chrm01_circ_1933415	Pf_BP_3_D616_S139_L001-L004_merged	25	1	1	0	1
PsFluSBW25_chrm01_circ_1965357	Pf_BP_3_D616_S139_L001-L004_merged	12	3	1	0	1
PsFluSBW25_chrm01_circ_1986756	Pf_BP_3_D616_S139_L001-L004_merged	16	3	1	0	1
PsFluSBW25_chrm01_circ_2063410	Pf_BP_3_D616_S139_L001-L004_merged	20	3	1	0	1
PsFluSBW25_chrm01_circ_2085733	Pf_BP_3_D616_S139_L001-L004_merged	11	8	1	0	1
PsFluSBW25_chrm01_circ_213914	Pf_BP_3_D616_S139_L001-L004_merged	10	2	1	0	1
PsFluSBW25_chrm01_circ_2161074	Pf_BP_3_D616_S139_L001-L004_merged	20	5	1	0	1
PsFluSBW25_chrm01_circ_2163959	Pf_BP_3_D616_S139_L001-L004_merged	13	14	1	0	1
PsFluSBW25_chrm01_circ_2167977	Pf_BP_3_D616_S139_L001-L004_merged	17	5	1	0	1
PsFluSBW25_chrm01_circ_2198957	Pf_BP_3_D616_S139_L001-L004_merged	25	3	1	0	1
PsFluSBW25_chrm01_circ_2244095	Pf_BP_3_D616_S139_L001-L004_merged	12	16	1	0	1
PsFluSBW25_chrm01_circ_2402212	Pf_BP_3_D616_S139_L001-L004_merged	14	9	1	0	1
PsFluSBW25_chrm01_circ_2453173	Pf_BP_3_D616_S139_L001-L004_merged	11	12	1	0	1
PsFluSBW25_chrm01_circ_2480284	Pf_BP_3_D616_S139_L001-L004_merged	32	0	1	0	1
PsFluSBW25_chrm01_circ_2533947	Pf_BP_3_D616_S139_L001-L004_merged	12	0	1	0	1
PsFluSBW25_chrm01_circ_2564357	Pf_BP_3_D616_S139_L001-L004_merged	21	0	1	0	1
PsFluSBW25_chrm01_circ_2692036	Pf_BP_3_D616_S139_L001-L004_merged	25	0	1	0	1
PsFluSBW25_chrm01_circ_2748923	Pf_BP_3_D616_S139_L001-L004_merged	42	0	1	0	1
PsFluSBW25_chrm01_circ_2766944	Pf_BP_3_D616_S139_L001-L004_merged	33	6	1	0	1
PsFluSBW25_chrm01_circ_2776101	Pf_BP_3_D616_S139_L001-L004_merged	14	9	1	0	1
PsFluSBW25_chrm01_circ_2844380	Pf_BP_3_D616_S139_L001-L004_merged	28	0	1	0	1
PsFluSBW25_chrm01_circ_2857080	Pf_BP_3_D616_S139_L001-L004_merged	3	2	1	0	1
PsFluSBW25_chrm01_circ_2948899	Pf_BP_3_D616_S139_L001-L004_merged	20	8	1	0	1
PsFluSBW25_chrm01_circ_2986589	Pf_BP_3_D616_S139_L001-L004_merged	14	7	1	0	1
PsFluSBW25_chrm01_circ_3046319	Pf_BP_3_D616_S139_L001-L004_merged	17	5	1	0	1
PsFluSBW25_chrm01_circ_3049960	Pf_BP_3_D616_S139_L001-L004_merged	12	7	1	0	1
PsFluSBW25_chrm01_circ_3301933	Pf_BP_3_D616_S139_L001-L004_merged	37	2	1	0	1
PsFluSBW25_chrm01_circ_3332858	Pf_BP_3_D616_S139_L001-L004_merged	13	10	1	0	1
PsFluSBW25_chrm01_circ_3351598	Pf_BP_3_D616_S139_L001-L004_merged	10	7	1	0	1
PsFluSBW25_chrm01_circ_342397	Pf_BP_3_D616_S139_L001-L004_merged	20	0	1	0	1
PsFluSBW25_chrm01_circ_3436927	Pf_BP_3_D616_S139_L001-L004_merged	10	9	1	0	1
PsFluSBW25_chrm01_circ_3456540	Pf_BP_3_D616_S139_L001-L004_merged	20	6	1	0	1
PsFluSBW25_chrm01_circ_349255	Pf_BP_3_D616_S139_L001-L004_merged	6	14	1	0	1
PsFluSBW25_chrm01_circ_37125	Pf_BP_3_D616_S139_L001-L004_merged	10	0	1	0	1
PsFluSBW25_chrm01_circ_3798211	Pf_BP_3_D616_S139_L001-L004_merged	20	12	1	0	1
PsFluSBW25_chrm01_circ_3838961	Pf_BP_3_D616_S139_L001-L004_merged	29	3	1	0	1
PsFluSBW25_chrm01_circ_3845100	Pf_BP_3_D616_S139_L001-L004_merged	17	12	1	0	1
PsFluSBW25_chrm01_circ_388609	Pf_BP_3_D616_S139_L001-L004_merged	13	6	1	0	1
PsFluSBW25_chrm01_circ_3886700	Pf_BP_3_D616_S139_L001-L004_merged	19	2	1	0	1
PsFluSBW25_chrm01_circ_4048876	Pf_BP_3_D616_S139_L001-L004_merged	8	3	1	0	1
PsFluSBW25_chrm01_circ_4062482	Pf_BP_3_D616_S139_L001-L004_merged	21	11	1	0	1
PsFluSBW25_chrm01_circ_407561	Pf_BP_3_D616_S139_L001-L004_merged	24	0	1	0	1
PsFluSBW25_chrm01_circ_4120561	Pf_BP_3_D616_S139_L001-L004_merged	34	11	1	0	1
PsFluSBW25_chrm01_circ_4155053	Pf_BP_3_D616_S139_L001-L004_merged	15	6	1	0	1
PsFluSBW25_chrm01_circ_4180044	Pf_BP_3_D616_S139_L001-L004_merged	11	14	1	0	1
PsFluSBW25_chrm01_circ_4203626	Pf_BP_3_D616_S139_L001-L004_merged	28	0	1	0	1
PsFluSBW25_chrm01_circ_425448	Pf_BP_3_D616_S139_L001-L004_merged	13	5	1	0	1
PsFluSBW25_chrm01_circ_4337542	Pf_BP_3_D616_S139_L001-L004_merged	14	13	1	0	1
PsFluSBW25_chrm01_circ_4368075	Pf_BP_3_D616_S139_L001-L004_merged	20	6	1	0	1
PsFluSBW25_chrm01_circ_441863	Pf_BP_3_D616_S139_L001-L004_merged	13	7	1	0	1
PsFluSBW25_chrm01_circ_4487200	Pf_BP_3_D616_S139_L001-L004_merged	19	3	1	0	1
PsFluSBW25_chrm01_circ_4522227	Pf_BP_3_D616_S139_L001-L004_merged	14	0	1	0	1
PsFluSBW25_chrm01_circ_4528974	Pf_BP_3_D616_S139_L001-L004_merged	17	3	1	0	1
PsFluSBW25_chrm01_circ_4566022	Pf_BP_3_D616_S139_L001-L004_merged	22	3	1	0	1
PsFluSBW25_chrm01_circ_4592386	Pf_BP_3_D616_S139_L001-L004_merged	24	0	1	0	1
PsFluSBW25_chrm01_circ_4595167	Pf_BP_3_D616_S139_L001-L004_merged	23	5	1	0	1
PsFluSBW25_chrm01_circ_4616287	Pf_BP_3_D616_S139_L001-L004_merged	15	4	1	0	1
PsFluSBW25_chrm01_circ_4644415	Pf_BP_3_D616_S139_L001-L004_merged	6	0	1	0	1
PsFluSBW25_chrm01_circ_4645653	Pf_BP_3_D616_S139_L001-L004_merged	32	0	1	0	1
PsFluSBW25_chrm01_circ_4697010	Pf_BP_3_D616_S139_L001-L004_merged	6	0	1	0	1
PsFluSBW25_chrm01_circ_470121	Pf_BP_3_D616_S139_L001-L004_merged	17	10	1	0	1
PsFluSBW25_chrm01_circ_4748517	Pf_BP_3_D616_S139_L001-L004_merged	18	4	1	0	1
PsFluSBW25_chrm01_circ_4751880	Pf_BP_3_D616_S139_L001-L004_merged	24	4	1	0	1
PsFluSBW25_chrm01_circ_4752384	Pf_BP_3_D616_S139_L001-L004_merged	16	5	1	0	1
PsFluSBW25_chrm01_circ_4803873	Pf_BP_3_D616_S139_L001-L004_merged	22	7	1	0	1
PsFluSBW25_chrm01_circ_4812193	Pf_BP_3_D616_S139_L001-L004_merged	28	3	1	0	1
PsFluSBW25_chrm01_circ_4872719	Pf_BP_3_D616_S139_L001-L004_merged	17	14	1	0	1
PsFluSBW25_chrm01_circ_4881730	Pf_BP_3_D616_S139_L001-L004_merged	14	21	1	0	1
PsFluSBW25_chrm01_circ_4931039	Pf_BP_3_D616_S139_L001-L004_merged	17	4	1	0	1
PsFluSBW25_chrm01_circ_4939038	Pf_BP_3_D616_S139_L001-L004_merged	12	8	1	0	1
PsFluSBW25_chrm01_circ_4941675	Pf_BP_3_D616_S139_L001-L004_merged	26	0	1	0	1
PsFluSBW25_chrm01_circ_4976801	Pf_BP_3_D616_S139_L001-L004_merged	7	1	1	0	1
PsFluSBW25_chrm01_circ_5004622	Pf_BP_3_D616_S139_L001-L004_merged	18	12	1	0	1
PsFluSBW25_chrm01_circ_5057411	Pf_BP_3_D616_S139_L001-L004_merged	17	0	1	0	1
PsFluSBW25_chrm01_circ_5068086	Pf_BP_3_D616_S139_L001-L004_merged	27	3	1	0	1
PsFluSBW25_chrm01_circ_5070696	Pf_BP_3_D616_S139_L001-L004_merged	22	1	1	0	1
PsFluSBW25_chrm01_circ_5088445	Pf_BP_3_D616_S139_L001-L004_merged	24	0	1	0	1
PsFluSBW25_chrm01_circ_5090218	Pf_BP_3_D616_S139_L001-L004_merged	16	10	1	0	1
PsFluSBW25_chrm01_circ_5098798	Pf_BP_3_D616_S139_L001-L004_merged	25	0	1	0	1
PsFluSBW25_chrm01_circ_5125224	Pf_BP_3_D616_S139_L001-L004_merged	21	11	1	0	1
PsFluSBW25_chrm01_circ_5139833	Pf_BP_3_D616_S139_L001-L004_merged	21	10	1	0	1
PsFluSBW25_chrm01_circ_514009	Pf_BP_3_D616_S139_L001-L004_merged	13	4	1	0	1
PsFluSBW25_chrm01_circ_5176227	Pf_BP_3_D616_S139_L001-L004_merged	28	7	1	0	1
PsFluSBW25_chrm01_circ_5177634	Pf_BP_3_D616_S139_L001-L004_merged	14	11	1	0	1
PsFluSBW25_chrm01_circ_5229842	Pf_BP_3_D616_S139_L001-L004_merged	9	0	1	0	1
PsFluSBW25_chrm01_circ_5229846	Pf_BP_3_D616_S139_L001-L004_merged	10	0	1	0	1
PsFluSBW25_chrm01_circ_5229848	Pf_BP_3_D616_S139_L001-L004_merged	10	0	1	0	1
PsFluSBW25_chrm01_circ_528492	Pf_BP_3_D616_S139_L001-L004_merged	13	7	1	0	1
PsFluSBW25_chrm01_circ_5306363	Pf_BP_3_D616_S139_L001-L004_merged	24	6	1	0	1
PsFluSBW25_chrm01_circ_531839	Pf_BP_3_D616_S139_L001-L004_merged	22	1	1	0	1
PsFluSBW25_chrm01_circ_5357118	Pf_BP_3_D616_S139_L001-L004_merged	15	11	1	0	1
PsFluSBW25_chrm01_circ_5396337	Pf_BP_3_D616_S139_L001-L004_merged	19	3	1	0	1
PsFluSBW25_chrm01_circ_5408499	Pf_BP_3_D616_S139_L001-L004_merged	6	0	1	0	1
PsFluSBW25_chrm01_circ_5468527	Pf_BP_3_D616_S139_L001-L004_merged	17	8	1	0	1
PsFluSBW25_chrm01_circ_5486155	Pf_BP_3_D616_S139_L001-L004_merged	8	0	1	0	1
PsFluSBW25_chrm01_circ_5516969	Pf_BP_3_D616_S139_L001-L004_merged	29	4	1	0	1
PsFluSBW25_chrm01_circ_5524086	Pf_BP_3_D616_S139_L001-L004_merged	7	0	1	0	1
PsFluSBW25_chrm01_circ_5534536	Pf_BP_3_D616_S139_L001-L004_merged	15	9	1	0	1
PsFluSBW25_chrm01_circ_5567439	Pf_BP_3_D616_S139_L001-L004_merged	22	0	1	0	1
PsFluSBW25_chrm01_circ_5624304	Pf_BP_3_D616_S139_L001-L004_merged	32	0	1	0	1
PsFluSBW25_chrm01_circ_5667496	Pf_BP_3_D616_S139_L001-L004_merged	18	1	1	0	1
PsFluSBW25_chrm01_circ_5671868	Pf_BP_3_D616_S139_L001-L004_merged	21	3	1	0	1
PsFluSBW25_chrm01_circ_5689413	Pf_BP_3_D616_S139_L001-L004_merged	16	12	1	0	1
PsFluSBW25_chrm01_circ_5709997	Pf_BP_3_D616_S139_L001-L004_merged	21	0	1	0	1
PsFluSBW25_chrm01_circ_5715825	Pf_BP_3_D616_S139_L001-L004_merged	39	2	1	0	1
PsFluSBW25_chrm01_circ_5716515	Pf_BP_3_D616_S139_L001-L004_merged	9	8	1	0	1
PsFluSBW25_chrm01_circ_5738290	Pf_BP_3_D616_S139_L001-L004_merged	17	13	1	0	1
PsFluSBW25_chrm01_circ_574868	Pf_BP_3_D616_S139_L001-L004_merged	28	1	1	0	1
PsFluSBW25_chrm01_circ_5826120	Pf_BP_3_D616_S139_L001-L004_merged	26	4	1	0	1
PsFluSBW25_chrm01_circ_5847593	Pf_BP_3_D616_S139_L001-L004_merged	17	5	1	0	1
PsFluSBW25_chrm01_circ_5847773	Pf_BP_3_D616_S139_L001-L004_merged	23	2	1	0	1
PsFluSBW25_chrm01_circ_5857442	Pf_BP_3_D616_S139_L001-L004_merged	30	0	1	0	1
PsFluSBW25_chrm01_circ_5857775	Pf_BP_3_D616_S139_L001-L004_merged	10	6	1	0	1
PsFluSBW25_chrm01_circ_5960908	Pf_BP_3_D616_S139_L001-L004_merged	18	5	1	0	1
PsFluSBW25_chrm01_circ_5967294	Pf_BP_3_D616_S139_L001-L004_merged	11	8	1	0	1
PsFluSBW25_chrm01_circ_5971715	Pf_BP_3_D616_S139_L001-L004_merged	16	9	1	0	1
PsFluSBW25_chrm01_circ_6079939	Pf_BP_3_D616_S139_L001-L004_merged	20	0	1	0	1
PsFluSBW25_chrm01_circ_6108733	Pf_BP_3_D616_S139_L001-L004_merged	15	6	1	0	1
PsFluSBW25_chrm01_circ_6154345	Pf_BP_3_D616_S139_L001-L004_merged	20	6	1	0	1
PsFluSBW25_chrm01_circ_6162469	Pf_BP_3_D616_S139_L001-L004_merged	22	3	1	0	1
PsFluSBW25_chrm01_circ_6193873	Pf_BP_3_D616_S139_L001-L004_merged	12	1	1	0	1
PsFluSBW25_chrm01_circ_6249985	Pf_BP_3_D616_S139_L001-L004_merged	36	0	1	0	1
PsFluSBW25_chrm01_circ_6280393	Pf_BP_3_D616_S139_L001-L004_merged	23	9	1	0	1
PsFluSBW25_chrm01_circ_6396367	Pf_BP_3_D616_S139_L001-L004_merged	2	0	1	0	1
PsFluSBW25_chrm01_circ_6446610	Pf_BP_3_D616_S139_L001-L004_merged	6	0	1	0	1
PsFluSBW25_chrm01_circ_6456835	Pf_BP_3_D616_S139_L001-L004_merged	16	5	1	0	1
PsFluSBW25_chrm01_circ_6457857	Pf_BP_3_D616_S139_L001-L004_merged	19	3	1	0	1
PsFluSBW25_chrm01_circ_650867	Pf_BP_3_D616_S139_L001-L004_merged	20	8	1	0	1
PsFluSBW25_chrm01_circ_6518389	Pf_BP_3_D616_S139_L001-L004_merged	21	9	1	0	1
PsFluSBW25_chrm01_circ_721709	Pf_BP_3_D616_S139_L001-L004_merged	16	10	1	0	1
PsFluSBW25_chrm01_circ_738710	Pf_BP_3_D616_S139_L001-L004_merged	16	0	1	0	1
PsFluSBW25_chrm01_circ_789548	Pf_BP_3_D616_S139_L001-L004_merged	17	6	1	0	1
PsFluSBW25_chrm01_circ_825120	Pf_BP_3_D616_S139_L001-L004_merged	16	4	1	0	1
PsFluSBW25_chrm01_circ_839909	Pf_BP_3_D616_S139_L001-L004_merged	14	11	1	0	1
PsFluSBW25_chrm01_circ_847781	Pf_BP_3_D616_S139_L001-L004_merged	28	0	1	0	1
PsFluSBW25_chrm01_circ_866943	Pf_BP_3_D616_S139_L001-L004_merged	10	11	1	0	1
PsFluSBW25_chrm01_circ_895493	Pf_BP_3_D616_S139_L001-L004_merged	13	0	1	0	1
PsFluSBW25_chrm01_circ_90695	Pf_BP_3_D616_S139_L001-L004_merged	20	3	1	0	1
PsFluSBW25_chrm01_circ_927323	Pf_BP_3_D616_S139_L001-L004_merged	24	0	1	0	1
PsFluSBW25_chrm01_circ_927626	Pf_BP_3_D616_S139_L001-L004_merged	39	0	1	0	1
PsFluSBW25_chrm01_circ_929036	Pf_BP_3_D616_S139_L001-L004_merged	15	4	1	0	1
PsFluSBW25_chrm01_circ_929543	Pf_BP_3_D616_S139_L001-L004_merged	18	3	1	0	1
PsFluSBW25_chrm01_circ_935922	Pf_BP_3_D616_S139_L001-L004_merged	20	1	1	0	1
PsFluSBW25_chrm01_circ_935928	Pf_BP_3_D616_S139_L001-L004_merged	17	1	1	0	1
PsFluSBW25_chrm01_circ_936093	Pf_BP_3_D616_S139_L001-L004_merged	28	0	1	0	1
PsFluSBW25_chrm01_circ_95741	Pf_BP_3_D616_S139_L001-L004_merged	9	0	1	0	1
PsFluSBW25_chrm01_circ_963620	Pf_BP_3_D616_S139_L001-L004_merged	17	5	1	0	1
PsFluSBW25_chrm01_circ_994031	Pf_BP_3_D616_S139_L001-L004_merged	28	0	1	0	1
PsFluSBW25_chrm01_circ_994471	Pf_BP_3_D616_S139_L001-L004_merged	28	5	1	0	1
PsFluSBW25_chrm01_circ_1095666	Pf_BP_3_D623_S116_L001-L004_merged	10	11	1	0	1
PsFluSBW25_chrm01_circ_1168746	Pf_BP_3_D623_S116_L001-L004_merged	31	1	1	0	1
PsFluSBW25_chrm01_circ_1183695	Pf_BP_3_D623_S116_L001-L004_merged	11	3	1	0	1
PsFluSBW25_chrm01_circ_1216959	Pf_BP_3_D623_S116_L001-L004_merged	10	12	1	0	1
PsFluSBW25_chrm01_circ_1223902	Pf_BP_3_D623_S116_L001-L004_merged	15	6	1	0	1
PsFluSBW25_chrm01_circ_1268939	Pf_BP_3_D623_S116_L001-L004_merged	10	8	1	0	1
PsFluSBW25_chrm01_circ_1276483	Pf_BP_3_D623_S116_L001-L004_merged	5	0	1	0	1
PsFluSBW25_chrm01_circ_1278375	Pf_BP_3_D623_S116_L001-L004_merged	27	0	1	0	1
PsFluSBW25_chrm01_circ_1279463	Pf_BP_3_D623_S116_L001-L004_merged	17	9	1	0	1
PsFluSBW25_chrm01_circ_1302422	Pf_BP_3_D623_S116_L001-L004_merged	14	4	1	0	1
PsFluSBW25_chrm01_circ_1305492	Pf_BP_3_D623_S116_L001-L004_merged	13	4	1	0	1
PsFluSBW25_chrm01_circ_130961	Pf_BP_3_D623_S116_L001-L004_merged	12	15	1	0	1
PsFluSBW25_chrm01_circ_1352002	Pf_BP_3_D623_S116_L001-L004_merged	6	0	1	0	1
PsFluSBW25_chrm01_circ_1358965	Pf_BP_3_D623_S116_L001-L004_merged	26	0	1	0	1
PsFluSBW25_chrm01_circ_1364472	Pf_BP_3_D623_S116_L001-L004_merged	20	3	1	0	1
PsFluSBW25_chrm01_circ_1375221	Pf_BP_3_D623_S116_L001-L004_merged	12	6	1	0	1
PsFluSBW25_chrm01_circ_1416341	Pf_BP_3_D623_S116_L001-L004_merged	13	3	1	0	1
PsFluSBW25_chrm01_circ_1452004	Pf_BP_3_D623_S116_L001-L004_merged	21	0	1	0	1
PsFluSBW25_chrm01_circ_1452810	Pf_BP_3_D623_S116_L001-L004_merged	16	0	1	0	1
PsFluSBW25_chrm01_circ_1480473	Pf_BP_3_D623_S116_L001-L004_merged	12	3	1	0	1
PsFluSBW25_chrm01_circ_1514552	Pf_BP_3_D623_S116_L001-L004_merged	4	0	1	0	1
PsFluSBW25_chrm01_circ_1680055	Pf_BP_3_D623_S116_L001-L004_merged	10	0	1	0	1
PsFluSBW25_chrm01_circ_1709973	Pf_BP_3_D623_S116_L001-L004_merged	10	19	1	0	1
PsFluSBW25_chrm01_circ_1756426	Pf_BP_3_D623_S116_L001-L004_merged	16	4	1	0	1
PsFluSBW25_chrm01_circ_1778554	Pf_BP_3_D623_S116_L001-L004_merged	16	3	1	0	1
PsFluSBW25_chrm01_circ_1785786	Pf_BP_3_D623_S116_L001-L004_merged	3	0	1	0	1
PsFluSBW25_chrm01_circ_1824623	Pf_BP_3_D623_S116_L001-L004_merged	12	2	1	0	1
PsFluSBW25_chrm01_circ_1867228	Pf_BP_3_D623_S116_L001-L004_merged	11	6	1	0	1
PsFluSBW25_chrm01_circ_1875122	Pf_BP_3_D623_S116_L001-L004_merged	12	6	1	0	1
PsFluSBW25_chrm01_circ_1890465	Pf_BP_3_D623_S116_L001-L004_merged	10	13	1	0	1
PsFluSBW25_chrm01_circ_1908691	Pf_BP_3_D623_S116_L001-L004_merged	24	0	1	0	1
PsFluSBW25_chrm01_circ_1933415	Pf_BP_3_D623_S116_L001-L004_merged	32	2	1	0	1
PsFluSBW25_chrm01_circ_1965357	Pf_BP_3_D623_S116_L001-L004_merged	12	0	1	0	1
PsFluSBW25_chrm01_circ_1986756	Pf_BP_3_D623_S116_L001-L004_merged	23	1	1	0	1
PsFluSBW25_chrm01_circ_2063410	Pf_BP_3_D623_S116_L001-L004_merged	18	7	1	0	1
PsFluSBW25_chrm01_circ_2085733	Pf_BP_3_D623_S116_L001-L004_merged	11	11	1	0	1
PsFluSBW25_chrm01_circ_213914	Pf_BP_3_D623_S116_L001-L004_merged	9	1	1	0	1
PsFluSBW25_chrm01_circ_2161074	Pf_BP_3_D623_S116_L001-L004_merged	12	4	1	0	1
PsFluSBW25_chrm01_circ_2163959	Pf_BP_3_D623_S116_L001-L004_merged	7	11	1	0	1
PsFluSBW25_chrm01_circ_2167977	Pf_BP_3_D623_S116_L001-L004_merged	19	7	1	0	1
PsFluSBW25_chrm01_circ_2198957	Pf_BP_3_D623_S116_L001-L004_merged	16	4	1	0	1
PsFluSBW25_chrm01_circ_2244095	Pf_BP_3_D623_S116_L001-L004_merged	9	8	1	0	1
PsFluSBW25_chrm01_circ_2402212	Pf_BP_3_D623_S116_L001-L004_merged	22	5	1	0	1
PsFluSBW25_chrm01_circ_2453173	Pf_BP_3_D623_S116_L001-L004_merged	17	4	1	0	1
PsFluSBW25_chrm01_circ_2480284	Pf_BP_3_D623_S116_L001-L004_merged	16	0	1	0	1
PsFluSBW25_chrm01_circ_2533947	Pf_BP_3_D623_S116_L001-L004_merged	12	0	1	0	1
PsFluSBW25_chrm01_circ_2564357	Pf_BP_3_D623_S116_L001-L004_merged	14	0	1	0	1
PsFluSBW25_chrm01_circ_2692036	Pf_BP_3_D623_S116_L001-L004_merged	20	0	1	0	1
PsFluSBW25_chrm01_circ_2748923	Pf_BP_3_D623_S116_L001-L004_merged	27	0	1	0	1
PsFluSBW25_chrm01_circ_2766944	Pf_BP_3_D623_S116_L001-L004_merged	20	6	1	0	1
PsFluSBW25_chrm01_circ_2776101	Pf_BP_3_D623_S116_L001-L004_merged	10	5	1	0	1
PsFluSBW25_chrm01_circ_2844380	Pf_BP_3_D623_S116_L001-L004_merged	20	0	1	0	1
PsFluSBW25_chrm01_circ_2857080	Pf_BP_3_D623_S116_L001-L004_merged	4	2	1	0	1
PsFluSBW25_chrm01_circ_2948899	Pf_BP_3_D623_S116_L001-L004_merged	12	4	1	0	1
PsFluSBW25_chrm01_circ_2986589	Pf_BP_3_D623_S116_L001-L004_merged	16	5	1	0	1
PsFluSBW25_chrm01_circ_3046319	Pf_BP_3_D623_S116_L001-L004_merged	17	6	1	0	1
PsFluSBW25_chrm01_circ_3049960	Pf_BP_3_D623_S116_L001-L004_merged	15	7	1	0	1
PsFluSBW25_chrm01_circ_3301933	Pf_BP_3_D623_S116_L001-L004_merged	14	1	1	0	1
PsFluSBW25_chrm01_circ_3332858	Pf_BP_3_D623_S116_L001-L004_merged	15	12	1	0	1
PsFluSBW25_chrm01_circ_3351598	Pf_BP_3_D623_S116_L001-L004_merged	9	9	1	0	1
PsFluSBW25_chrm01_circ_342397	Pf_BP_3_D623_S116_L001-L004_merged	18	0	1	0	1
PsFluSBW25_chrm01_circ_3436927	Pf_BP_3_D623_S116_L001-L004_merged	15	9	1	0	1
PsFluSBW25_chrm01_circ_3456540	Pf_BP_3_D623_S116_L001-L004_merged	23	1	1	0	1
PsFluSBW25_chrm01_circ_349255	Pf_BP_3_D623_S116_L001-L004_merged	5	11	1	0	1
PsFluSBW25_chrm01_circ_37125	Pf_BP_3_D623_S116_L001-L004_merged	15	1	1	0	1
PsFluSBW25_chrm01_circ_3798211	Pf_BP_3_D623_S116_L001-L004_merged	19	9	1	0	1
PsFluSBW25_chrm01_circ_3838961	Pf_BP_3_D623_S116_L001-L004_merged	24	5	1	0	1
PsFluSBW25_chrm01_circ_3845100	Pf_BP_3_D623_S116_L001-L004_merged	19	9	1	0	1
PsFluSBW25_chrm01_circ_388609	Pf_BP_3_D623_S116_L001-L004_merged	11	11	1	0	1
PsFluSBW25_chrm01_circ_3886700	Pf_BP_3_D623_S116_L001-L004_merged	23	7	1	0	1
PsFluSBW25_chrm01_circ_4048876	Pf_BP_3_D623_S116_L001-L004_merged	15	2	1	0	1
PsFluSBW25_chrm01_circ_4062482	Pf_BP_3_D623_S116_L001-L004_merged	20	18	1	0	1
PsFluSBW25_chrm01_circ_407561	Pf_BP_3_D623_S116_L001-L004_merged	20	0	1	0	1
PsFluSBW25_chrm01_circ_4120561	Pf_BP_3_D623_S116_L001-L004_merged	16	9	1	0	1
PsFluSBW25_chrm01_circ_4155053	Pf_BP_3_D623_S116_L001-L004_merged	11	1	1	0	1
PsFluSBW25_chrm01_circ_4180044	Pf_BP_3_D623_S116_L001-L004_merged	14	6	1	0	1
PsFluSBW25_chrm01_circ_4203626	Pf_BP_3_D623_S116_L001-L004_merged	15	0	1	0	1
PsFluSBW25_chrm01_circ_425448	Pf_BP_3_D623_S116_L001-L004_merged	6	7	1	0	1
PsFluSBW25_chrm01_circ_4337542	Pf_BP_3_D623_S116_L001-L004_merged	11	11	1	0	1
PsFluSBW25_chrm01_circ_4368075	Pf_BP_3_D623_S116_L001-L004_merged	13	5	1	0	1
PsFluSBW25_chrm01_circ_441863	Pf_BP_3_D623_S116_L001-L004_merged	18	2	1	0	1
PsFluSBW25_chrm01_circ_4487200	Pf_BP_3_D623_S116_L001-L004_merged	18	0	1	0	1
PsFluSBW25_chrm01_circ_4522227	Pf_BP_3_D623_S116_L001-L004_merged	8	0	1	0	1
PsFluSBW25_chrm01_circ_4528974	Pf_BP_3_D623_S116_L001-L004_merged	9	3	1	0	1
PsFluSBW25_chrm01_circ_4566022	Pf_BP_3_D623_S116_L001-L004_merged	11	4	1	0	1
PsFluSBW25_chrm01_circ_4592386	Pf_BP_3_D623_S116_L001-L004_merged	21	0	1	0	1
PsFluSBW25_chrm01_circ_4595167	Pf_BP_3_D623_S116_L001-L004_merged	9	9	1	0	1
PsFluSBW25_chrm01_circ_4616287	Pf_BP_3_D623_S116_L001-L004_merged	9	2	1	0	1
PsFluSBW25_chrm01_circ_4644415	Pf_BP_3_D623_S116_L001-L004_merged	5	0	1	0	1
PsFluSBW25_chrm01_circ_4645653	Pf_BP_3_D623_S116_L001-L004_merged	16	0	1	0	1
PsFluSBW25_chrm01_circ_4697010	Pf_BP_3_D623_S116_L001-L004_merged	3	0	1	0	1
PsFluSBW25_chrm01_circ_470121	Pf_BP_3_D623_S116_L001-L004_merged	16	5	1	0	1
PsFluSBW25_chrm01_circ_4748517	Pf_BP_3_D623_S116_L001-L004_merged	15	5	1	0	1
PsFluSBW25_chrm01_circ_4751880	Pf_BP_3_D623_S116_L001-L004_merged	17	7	1	0	1
PsFluSBW25_chrm01_circ_4752384	Pf_BP_3_D623_S116_L001-L004_merged	19	6	1	0	1
PsFluSBW25_chrm01_circ_4803873	Pf_BP_3_D623_S116_L001-L004_merged	20	8	1	0	1
PsFluSBW25_chrm01_circ_4812193	Pf_BP_3_D623_S116_L001-L004_merged	24	5	1	0	1
PsFluSBW25_chrm01_circ_4872719	Pf_BP_3_D623_S116_L001-L004_merged	13	8	1	0	1
PsFluSBW25_chrm01_circ_4881730	Pf_BP_3_D623_S116_L001-L004_merged	5	5	1	0	1
PsFluSBW25_chrm01_circ_4931039	Pf_BP_3_D623_S116_L001-L004_merged	13	4	1	0	1
PsFluSBW25_chrm01_circ_4939038	Pf_BP_3_D623_S116_L001-L004_merged	15	11	1	0	1
PsFluSBW25_chrm01_circ_4941675	Pf_BP_3_D623_S116_L001-L004_merged	14	0	1	0	1
PsFluSBW25_chrm01_circ_4976801	Pf_BP_3_D623_S116_L001-L004_merged	2	0	1	0	1
PsFluSBW25_chrm01_circ_5004622	Pf_BP_3_D623_S116_L001-L004_merged	4	10	1	0	1
PsFluSBW25_chrm01_circ_5057411	Pf_BP_3_D623_S116_L001-L004_merged	12	0	1	0	1
PsFluSBW25_chrm01_circ_5068086	Pf_BP_3_D623_S116_L001-L004_merged	16	5	1	0	1
PsFluSBW25_chrm01_circ_5070696	Pf_BP_3_D623_S116_L001-L004_merged	19	2	1	0	1
PsFluSBW25_chrm01_circ_5088445	Pf_BP_3_D623_S116_L001-L004_merged	16	0	1	0	1
PsFluSBW25_chrm01_circ_5090218	Pf_BP_3_D623_S116_L001-L004_merged	14	9	1	0	1
PsFluSBW25_chrm01_circ_5098798	Pf_BP_3_D623_S116_L001-L004_merged	25	0	1	0	1
PsFluSBW25_chrm01_circ_5125224	Pf_BP_3_D623_S116_L001-L004_merged	6	13	1	0	1
PsFluSBW25_chrm01_circ_5139833	Pf_BP_3_D623_S116_L001-L004_merged	11	5	1	0	1
PsFluSBW25_chrm01_circ_514009	Pf_BP_3_D623_S116_L001-L004_merged	14	7	1	0	1
PsFluSBW25_chrm01_circ_5176227	Pf_BP_3_D623_S116_L001-L004_merged	14	7	1	0	1
PsFluSBW25_chrm01_circ_5177634	Pf_BP_3_D623_S116_L001-L004_merged	16	9	1	0	1
PsFluSBW25_chrm01_circ_5229842	Pf_BP_3_D623_S116_L001-L004_merged	8	0	1	0	1
PsFluSBW25_chrm01_circ_5229846	Pf_BP_3_D623_S116_L001-L004_merged	5	0	1	0	1
PsFluSBW25_chrm01_circ_5229848	Pf_BP_3_D623_S116_L001-L004_merged	5	0	1	0	1
PsFluSBW25_chrm01_circ_528492	Pf_BP_3_D623_S116_L001-L004_merged	19	5	1	0	1
PsFluSBW25_chrm01_circ_5306363	Pf_BP_3_D623_S116_L001-L004_merged	9	3	1	0	1
PsFluSBW25_chrm01_circ_531839	Pf_BP_3_D623_S116_L001-L004_merged	22	0	1	0	1
PsFluSBW25_chrm01_circ_5357118	Pf_BP_3_D623_S116_L001-L004_merged	14	3	1	0	1
PsFluSBW25_chrm01_circ_5396337	Pf_BP_3_D623_S116_L001-L004_merged	11	2	1	0	1
PsFluSBW25_chrm01_circ_5408499	Pf_BP_3_D623_S116_L001-L004_merged	6	1	1	0	1
PsFluSBW25_chrm01_circ_5468527	Pf_BP_3_D623_S116_L001-L004_merged	16	7	1	0	1
PsFluSBW25_chrm01_circ_5486155	Pf_BP_3_D623_S116_L001-L004_merged	14	0	1	0	1
PsFluSBW25_chrm01_circ_5516969	Pf_BP_3_D623_S116_L001-L004_merged	28	7	1	0	1
PsFluSBW25_chrm01_circ_5524086	Pf_BP_3_D623_S116_L001-L004_merged	3	0	1	0	1
PsFluSBW25_chrm01_circ_5534536	Pf_BP_3_D623_S116_L001-L004_merged	5	7	1	0	1
PsFluSBW25_chrm01_circ_5567439	Pf_BP_3_D623_S116_L001-L004_merged	10	0	1	0	1
PsFluSBW25_chrm01_circ_5624304	Pf_BP_3_D623_S116_L001-L004_merged	22	0	1	0	1
PsFluSBW25_chrm01_circ_5667496	Pf_BP_3_D623_S116_L001-L004_merged	16	0	1	0	1
PsFluSBW25_chrm01_circ_5671868	Pf_BP_3_D623_S116_L001-L004_merged	16	3	1	0	1
PsFluSBW25_chrm01_circ_5689413	Pf_BP_3_D623_S116_L001-L004_merged	14	9	1	0	1
PsFluSBW25_chrm01_circ_5709997	Pf_BP_3_D623_S116_L001-L004_merged	25	0	1	0	1
PsFluSBW25_chrm01_circ_5715825	Pf_BP_3_D623_S116_L001-L004_merged	28	0	1	0	1
PsFluSBW25_chrm01_circ_5716515	Pf_BP_3_D623_S116_L001-L004_merged	5	8	1	0	1
PsFluSBW25_chrm01_circ_5738290	Pf_BP_3_D623_S116_L001-L004_merged	12	5	1	0	1
PsFluSBW25_chrm01_circ_574868	Pf_BP_3_D623_S116_L001-L004_merged	19	0	1	0	1
PsFluSBW25_chrm01_circ_5826120	Pf_BP_3_D623_S116_L001-L004_merged	19	3	1	0	1
PsFluSBW25_chrm01_circ_5847593	Pf_BP_3_D623_S116_L001-L004_merged	12	14	1	0	1
PsFluSBW25_chrm01_circ_5847773	Pf_BP_3_D623_S116_L001-L004_merged	21	8	1	0	1
PsFluSBW25_chrm01_circ_5857442	Pf_BP_3_D623_S116_L001-L004_merged	24	0	1	0	1
PsFluSBW25_chrm01_circ_5857775	Pf_BP_3_D623_S116_L001-L004_merged	14	8	1	0	1
PsFluSBW25_chrm01_circ_5960908	Pf_BP_3_D623_S116_L001-L004_merged	20	4	1	0	1
PsFluSBW25_chrm01_circ_5967294	Pf_BP_3_D623_S116_L001-L004_merged	9	8	1	0	1
PsFluSBW25_chrm01_circ_5971715	Pf_BP_3_D623_S116_L001-L004_merged	17	3	1	0	1
PsFluSBW25_chrm01_circ_6079939	Pf_BP_3_D623_S116_L001-L004_merged	21	3	1	0	1
PsFluSBW25_chrm01_circ_6108733	Pf_BP_3_D623_S116_L001-L004_merged	5	10	1	0	1
PsFluSBW25_chrm01_circ_6154345	Pf_BP_3_D623_S116_L001-L004_merged	13	2	1	0	1
PsFluSBW25_chrm01_circ_6162469	Pf_BP_3_D623_S116_L001-L004_merged	24	2	1	0	1
PsFluSBW25_chrm01_circ_6193873	Pf_BP_3_D623_S116_L001-L004_merged	7	0	1	0	1
PsFluSBW25_chrm01_circ_6249985	Pf_BP_3_D623_S116_L001-L004_merged	26	0	1	0	1
PsFluSBW25_chrm01_circ_6280393	Pf_BP_3_D623_S116_L001-L004_merged	13	7	1	0	1
PsFluSBW25_chrm01_circ_6396367	Pf_BP_3_D623_S116_L001-L004_merged	4	0	1	0	1
PsFluSBW25_chrm01_circ_6446610	Pf_BP_3_D623_S116_L001-L004_merged	6	0	1	0	1
PsFluSBW25_chrm01_circ_6456835	Pf_BP_3_D623_S116_L001-L004_merged	15	0	1	0	1
PsFluSBW25_chrm01_circ_6457857	Pf_BP_3_D623_S116_L001-L004_merged	22	2	1	0	1
PsFluSBW25_chrm01_circ_650867	Pf_BP_3_D623_S116_L001-L004_merged	6	11	1	0	1
PsFluSBW25_chrm01_circ_6518389	Pf_BP_3_D623_S116_L001-L004_merged	20	9	1	0	1
PsFluSBW25_chrm01_circ_721709	Pf_BP_3_D623_S116_L001-L004_merged	19	13	1	0	1
PsFluSBW25_chrm01_circ_738710	Pf_BP_3_D623_S116_L001-L004_merged	14	0	1	0	1
PsFluSBW25_chrm01_circ_789548	Pf_BP_3_D623_S116_L001-L004_merged	18	6	1	0	1
PsFluSBW25_chrm01_circ_825120	Pf_BP_3_D623_S116_L001-L004_merged	12	10	1	0	1
PsFluSBW25_chrm01_circ_839909	Pf_BP_3_D623_S116_L001-L004_merged	12	8	1	0	1
PsFluSBW25_chrm01_circ_847781	Pf_BP_3_D623_S116_L001-L004_merged	21	0	1	0	1
PsFluSBW25_chrm01_circ_866943	Pf_BP_3_D623_S116_L001-L004_merged	6	6	1	0	1
PsFluSBW25_chrm01_circ_895493	Pf_BP_3_D623_S116_L001-L004_merged	12	0	1	0	1
PsFluSBW25_chrm01_circ_90695	Pf_BP_3_D623_S116_L001-L004_merged	16	2	1	0	1
PsFluSBW25_chrm01_circ_927323	Pf_BP_3_D623_S116_L001-L004_merged	26	0	1	0	1
PsFluSBW25_chrm01_circ_927626	Pf_BP_3_D623_S116_L001-L004_merged	24	0	1	0	1
PsFluSBW25_chrm01_circ_929036	Pf_BP_3_D623_S116_L001-L004_merged	22	1	1	0	1
PsFluSBW25_chrm01_circ_929543	Pf_BP_3_D623_S116_L001-L004_merged	23	2	1	0	1
PsFluSBW25_chrm01_circ_935922	Pf_BP_3_D623_S116_L001-L004_merged	20	1	1	0	1
PsFluSBW25_chrm01_circ_935928	Pf_BP_3_D623_S116_L001-L004_merged	19	1	1	0	1
PsFluSBW25_chrm01_circ_936093	Pf_BP_3_D623_S116_L001-L004_merged	14	1	1	0	1
PsFluSBW25_chrm01_circ_95741	Pf_BP_3_D623_S116_L001-L004_merged	6	0	1	0	1
PsFluSBW25_chrm01_circ_963620	Pf_BP_3_D623_S116_L001-L004_merged	8	15	1	0	1
PsFluSBW25_chrm01_circ_994031	Pf_BP_3_D623_S116_L001-L004_merged	39	0	1	0	1
PsFluSBW25_chrm01_circ_994471	Pf_BP_3_D623_S116_L001-L004_merged	20	2	1	0	1
PsFluSBW25_chrm01_circ_1095666	Pf_BP_3_D644_S164_L001-L004_merged	13	8	1	0	1
PsFluSBW25_chrm01_circ_1168746	Pf_BP_3_D644_S164_L001-L004_merged	37	0	1	0	1
PsFluSBW25_chrm01_circ_1183695	Pf_BP_3_D644_S164_L001-L004_merged	20	2	1	0	1
PsFluSBW25_chrm01_circ_1216959	Pf_BP_3_D644_S164_L001-L004_merged	15	9	1	0	1
PsFluSBW25_chrm01_circ_1223902	Pf_BP_3_D644_S164_L001-L004_merged	16	6	1	0	1
PsFluSBW25_chrm01_circ_1268939	Pf_BP_3_D644_S164_L001-L004_merged	17	5	1	0	1
PsFluSBW25_chrm01_circ_1276483	Pf_BP_3_D644_S164_L001-L004_merged	8	0	1	0	1
PsFluSBW25_chrm01_circ_1278375	Pf_BP_3_D644_S164_L001-L004_merged	22	0	1	0	1
PsFluSBW25_chrm01_circ_1279463	Pf_BP_3_D644_S164_L001-L004_merged	21	12	1	0	1
PsFluSBW25_chrm01_circ_1302422	Pf_BP_3_D644_S164_L001-L004_merged	26	8	1	0	1
PsFluSBW25_chrm01_circ_1305492	Pf_BP_3_D644_S164_L001-L004_merged	31	5	1	0	1
PsFluSBW25_chrm01_circ_130961	Pf_BP_3_D644_S164_L001-L004_merged	27	9	1	0	1
PsFluSBW25_chrm01_circ_1352002	Pf_BP_3_D644_S164_L001-L004_merged	5	0	1	0	1
PsFluSBW25_chrm01_circ_1358965	Pf_BP_3_D644_S164_L001-L004_merged	29	0	1	0	1
PsFluSBW25_chrm01_circ_1364472	Pf_BP_3_D644_S164_L001-L004_merged	24	3	1	0	1
PsFluSBW25_chrm01_circ_1375221	Pf_BP_3_D644_S164_L001-L004_merged	15	1	1	0	1
PsFluSBW25_chrm01_circ_1416341	Pf_BP_3_D644_S164_L001-L004_merged	28	4	1	0	1
PsFluSBW25_chrm01_circ_1452004	Pf_BP_3_D644_S164_L001-L004_merged	22	0	1	0	1
PsFluSBW25_chrm01_circ_1452810	Pf_BP_3_D644_S164_L001-L004_merged	11	0	1	0	1
PsFluSBW25_chrm01_circ_1480473	Pf_BP_3_D644_S164_L001-L004_merged	14	6	1	0	1
PsFluSBW25_chrm01_circ_1514552	Pf_BP_3_D644_S164_L001-L004_merged	11	0	1	0	1
PsFluSBW25_chrm01_circ_1680055	Pf_BP_3_D644_S164_L001-L004_merged	9	0	1	0	1
PsFluSBW25_chrm01_circ_1709973	Pf_BP_3_D644_S164_L001-L004_merged	22	8	1	0	1
PsFluSBW25_chrm01_circ_1756426	Pf_BP_3_D644_S164_L001-L004_merged	17	3	1	0	1
PsFluSBW25_chrm01_circ_1778554	Pf_BP_3_D644_S164_L001-L004_merged	20	5	1	0	1
PsFluSBW25_chrm01_circ_1785786	Pf_BP_3_D644_S164_L001-L004_merged	6	0	1	0	1
PsFluSBW25_chrm01_circ_1824623	Pf_BP_3_D644_S164_L001-L004_merged	24	5	1	0	1
PsFluSBW25_chrm01_circ_1867228	Pf_BP_3_D644_S164_L001-L004_merged	12	4	1	0	1
PsFluSBW25_chrm01_circ_1875122	Pf_BP_3_D644_S164_L001-L004_merged	15	9	1	0	1
PsFluSBW25_chrm01_circ_1890465	Pf_BP_3_D644_S164_L001-L004_merged	16	7	1	0	1
PsFluSBW25_chrm01_circ_1908691	Pf_BP_3_D644_S164_L001-L004_merged	23	2	1	0	1
PsFluSBW25_chrm01_circ_1933415	Pf_BP_3_D644_S164_L001-L004_merged	26	6	1	0	1
PsFluSBW25_chrm01_circ_1965357	Pf_BP_3_D644_S164_L001-L004_merged	16	2	1	0	1
PsFluSBW25_chrm01_circ_1986756	Pf_BP_3_D644_S164_L001-L004_merged	33	5	1	0	1
PsFluSBW25_chrm01_circ_2063410	Pf_BP_3_D644_S164_L001-L004_merged	28	2	1	0	1
PsFluSBW25_chrm01_circ_2085733	Pf_BP_3_D644_S164_L001-L004_merged	18	9	1	0	1
PsFluSBW25_chrm01_circ_213914	Pf_BP_3_D644_S164_L001-L004_merged	12	1	1	0	1
PsFluSBW25_chrm01_circ_2161074	Pf_BP_3_D644_S164_L001-L004_merged	28	3	1	0	1
PsFluSBW25_chrm01_circ_2163959	Pf_BP_3_D644_S164_L001-L004_merged	18	5	1	0	1
PsFluSBW25_chrm01_circ_2167977	Pf_BP_3_D644_S164_L001-L004_merged	26	5	1	0	1
PsFluSBW25_chrm01_circ_2198957	Pf_BP_3_D644_S164_L001-L004_merged	23	10	1	0	1
PsFluSBW25_chrm01_circ_2244095	Pf_BP_3_D644_S164_L001-L004_merged	17	6	1	0	1
PsFluSBW25_chrm01_circ_2402212	Pf_BP_3_D644_S164_L001-L004_merged	19	7	1	0	1
PsFluSBW25_chrm01_circ_2453173	Pf_BP_3_D644_S164_L001-L004_merged	9	9	1	0	1
PsFluSBW25_chrm01_circ_2480284	Pf_BP_3_D644_S164_L001-L004_merged	32	0	1	0	1
PsFluSBW25_chrm01_circ_2533947	Pf_BP_3_D644_S164_L001-L004_merged	16	0	1	0	1
PsFluSBW25_chrm01_circ_2564357	Pf_BP_3_D644_S164_L001-L004_merged	25	0	1	0	1
PsFluSBW25_chrm01_circ_2692036	Pf_BP_3_D644_S164_L001-L004_merged	23	0	1	0	1
PsFluSBW25_chrm01_circ_2748923	Pf_BP_3_D644_S164_L001-L004_merged	33	0	1	0	1
PsFluSBW25_chrm01_circ_2766944	Pf_BP_3_D644_S164_L001-L004_merged	26	1	1	0	1
PsFluSBW25_chrm01_circ_2776101	Pf_BP_3_D644_S164_L001-L004_merged	26	8	1	0	1
PsFluSBW25_chrm01_circ_2844380	Pf_BP_3_D644_S164_L001-L004_merged	21	0	1	0	1
PsFluSBW25_chrm01_circ_2857080	Pf_BP_3_D644_S164_L001-L004_merged	8	2	1	0	1
PsFluSBW25_chrm01_circ_2948899	Pf_BP_3_D644_S164_L001-L004_merged	22	9	1	0	1
PsFluSBW25_chrm01_circ_2986589	Pf_BP_3_D644_S164_L001-L004_merged	16	2	1	0	1
PsFluSBW25_chrm01_circ_3046319	Pf_BP_3_D644_S164_L001-L004_merged	18	4	1	0	1
PsFluSBW25_chrm01_circ_3049960	Pf_BP_3_D644_S164_L001-L004_merged	13	7	1	0	1
PsFluSBW25_chrm01_circ_3301933	Pf_BP_3_D644_S164_L001-L004_merged	17	1	1	0	1
PsFluSBW25_chrm01_circ_3332858	Pf_BP_3_D644_S164_L001-L004_merged	12	9	1	0	1
PsFluSBW25_chrm01_circ_3351598	Pf_BP_3_D644_S164_L001-L004_merged	22	9	1	0	1
PsFluSBW25_chrm01_circ_342397	Pf_BP_3_D644_S164_L001-L004_merged	19	0	1	0	1
PsFluSBW25_chrm01_circ_3436927	Pf_BP_3_D644_S164_L001-L004_merged	21	11	1	0	1
PsFluSBW25_chrm01_circ_3456540	Pf_BP_3_D644_S164_L001-L004_merged	17	2	1	0	1
PsFluSBW25_chrm01_circ_349255	Pf_BP_3_D644_S164_L001-L004_merged	6	12	1	0	1
PsFluSBW25_chrm01_circ_37125	Pf_BP_3_D644_S164_L001-L004_merged	11	0	1	0	1
PsFluSBW25_chrm01_circ_3798211	Pf_BP_3_D644_S164_L001-L004_merged	19	10	1	0	1
PsFluSBW25_chrm01_circ_3838961	Pf_BP_3_D644_S164_L001-L004_merged	21	7	1	0	1
PsFluSBW25_chrm01_circ_3845100	Pf_BP_3_D644_S164_L001-L004_merged	27	4	1	0	1
PsFluSBW25_chrm01_circ_388609	Pf_BP_3_D644_S164_L001-L004_merged	24	9	1	0	1
PsFluSBW25_chrm01_circ_3886700	Pf_BP_3_D644_S164_L001-L004_merged	32	5	1	0	1
PsFluSBW25_chrm01_circ_4048876	Pf_BP_3_D644_S164_L001-L004_merged	22	9	1	0	1
PsFluSBW25_chrm01_circ_4062482	Pf_BP_3_D644_S164_L001-L004_merged	26	16	1	0	1
PsFluSBW25_chrm01_circ_407561	Pf_BP_3_D644_S164_L001-L004_merged	20	1	1	0	1
PsFluSBW25_chrm01_circ_4120561	Pf_BP_3_D644_S164_L001-L004_merged	24	17	1	0	1
PsFluSBW25_chrm01_circ_4155053	Pf_BP_3_D644_S164_L001-L004_merged	18	9	1	0	1
PsFluSBW25_chrm01_circ_4180044	Pf_BP_3_D644_S164_L001-L004_merged	22	15	1	0	1
PsFluSBW25_chrm01_circ_4203626	Pf_BP_3_D644_S164_L001-L004_merged	22	0	1	0	1
PsFluSBW25_chrm01_circ_425448	Pf_BP_3_D644_S164_L001-L004_merged	19	10	1	0	1
PsFluSBW25_chrm01_circ_4337542	Pf_BP_3_D644_S164_L001-L004_merged	14	8	1	0	1
PsFluSBW25_chrm01_circ_4368075	Pf_BP_3_D644_S164_L001-L004_merged	18	6	1	0	1
PsFluSBW25_chrm01_circ_441863	Pf_BP_3_D644_S164_L001-L004_merged	16	5	1	0	1
PsFluSBW25_chrm01_circ_4487200	Pf_BP_3_D644_S164_L001-L004_merged	30	3	1	0	1
PsFluSBW25_chrm01_circ_4522227	Pf_BP_3_D644_S164_L001-L004_merged	16	0	1	0	1
PsFluSBW25_chrm01_circ_4528974	Pf_BP_3_D644_S164_L001-L004_merged	12	6	1	0	1
PsFluSBW25_chrm01_circ_4566022	Pf_BP_3_D644_S164_L001-L004_merged	17	7	1	0	1
PsFluSBW25_chrm01_circ_4592386	Pf_BP_3_D644_S164_L001-L004_merged	16	0	1	0	1
PsFluSBW25_chrm01_circ_4595167	Pf_BP_3_D644_S164_L001-L004_merged	19	8	1	0	1
PsFluSBW25_chrm01_circ_4616287	Pf_BP_3_D644_S164_L001-L004_merged	12	1	1	0	1
PsFluSBW25_chrm01_circ_4644415	Pf_BP_3_D644_S164_L001-L004_merged	7	0	1	0	1
PsFluSBW25_chrm01_circ_4645653	Pf_BP_3_D644_S164_L001-L004_merged	18	1	1	0	1
PsFluSBW25_chrm01_circ_4697010	Pf_BP_3_D644_S164_L001-L004_merged	4	0	1	0	1
PsFluSBW25_chrm01_circ_470121	Pf_BP_3_D644_S164_L001-L004_merged	22	9	1	0	1
PsFluSBW25_chrm01_circ_4748517	Pf_BP_3_D644_S164_L001-L004_merged	23	10	1	0	1
PsFluSBW25_chrm01_circ_4751880	Pf_BP_3_D644_S164_L001-L004_merged	30	4	1	0	1
PsFluSBW25_chrm01_circ_4752384	Pf_BP_3_D644_S164_L001-L004_merged	26	6	1	0	1
PsFluSBW25_chrm01_circ_4803873	Pf_BP_3_D644_S164_L001-L004_merged	35	5	1	0	1
PsFluSBW25_chrm01_circ_4812193	Pf_BP_3_D644_S164_L001-L004_merged	42	5	1	0	1
PsFluSBW25_chrm01_circ_4872719	Pf_BP_3_D644_S164_L001-L004_merged	21	7	1	0	1
PsFluSBW25_chrm01_circ_4881730	Pf_BP_3_D644_S164_L001-L004_merged	22	5	1	0	1
PsFluSBW25_chrm01_circ_4931039	Pf_BP_3_D644_S164_L001-L004_merged	11	8	1	0	1
PsFluSBW25_chrm01_circ_4939038	Pf_BP_3_D644_S164_L001-L004_merged	25	6	1	0	1
PsFluSBW25_chrm01_circ_4941675	Pf_BP_3_D644_S164_L001-L004_merged	29	0	1	0	1
PsFluSBW25_chrm01_circ_4976801	Pf_BP_3_D644_S164_L001-L004_merged	13	0	1	0	1
PsFluSBW25_chrm01_circ_5004622	Pf_BP_3_D644_S164_L001-L004_merged	18	12	1	0	1
PsFluSBW25_chrm01_circ_5057411	Pf_BP_3_D644_S164_L001-L004_merged	17	0	1	0	1
PsFluSBW25_chrm01_circ_5068086	Pf_BP_3_D644_S164_L001-L004_merged	25	2	1	0	1
PsFluSBW25_chrm01_circ_5070696	Pf_BP_3_D644_S164_L001-L004_merged	18	0	1	0	1
PsFluSBW25_chrm01_circ_5088445	Pf_BP_3_D644_S164_L001-L004_merged	17	0	1	0	1
PsFluSBW25_chrm01_circ_5090218	Pf_BP_3_D644_S164_L001-L004_merged	17	9	1	0	1
PsFluSBW25_chrm01_circ_5098798	Pf_BP_3_D644_S164_L001-L004_merged	23	0	1	0	1
PsFluSBW25_chrm01_circ_5125224	Pf_BP_3_D644_S164_L001-L004_merged	18	4	1	0	1
PsFluSBW25_chrm01_circ_5139833	Pf_BP_3_D644_S164_L001-L004_merged	28	6	1	0	1
PsFluSBW25_chrm01_circ_514009	Pf_BP_3_D644_S164_L001-L004_merged	25	6	1	0	1
PsFluSBW25_chrm01_circ_5176227	Pf_BP_3_D644_S164_L001-L004_merged	28	5	1	0	1
PsFluSBW25_chrm01_circ_5177634	Pf_BP_3_D644_S164_L001-L004_merged	19	9	1	0	1
PsFluSBW25_chrm01_circ_5229842	Pf_BP_3_D644_S164_L001-L004_merged	3	0	1	0	1
PsFluSBW25_chrm01_circ_5229846	Pf_BP_3_D644_S164_L001-L004_merged	3	0	1	0	1
PsFluSBW25_chrm01_circ_5229848	Pf_BP_3_D644_S164_L001-L004_merged	3	0	1	0	1
PsFluSBW25_chrm01_circ_528492	Pf_BP_3_D644_S164_L001-L004_merged	13	5	1	0	1
PsFluSBW25_chrm01_circ_5306363	Pf_BP_3_D644_S164_L001-L004_merged	23	7	1	0	1
PsFluSBW25_chrm01_circ_531839	Pf_BP_3_D644_S164_L001-L004_merged	17	0	1	0	1
PsFluSBW25_chrm01_circ_5357118	Pf_BP_3_D644_S164_L001-L004_merged	17	10	1	0	1
PsFluSBW25_chrm01_circ_5396337	Pf_BP_3_D644_S164_L001-L004_merged	14	1	1	0	1
PsFluSBW25_chrm01_circ_5408499	Pf_BP_3_D644_S164_L001-L004_merged	2	0	1	0	1
PsFluSBW25_chrm01_circ_5468527	Pf_BP_3_D644_S164_L001-L004_merged	17	5	1	0	1
PsFluSBW25_chrm01_circ_5486155	Pf_BP_3_D644_S164_L001-L004_merged	13	0	1	0	1
PsFluSBW25_chrm01_circ_5516969	Pf_BP_3_D644_S164_L001-L004_merged	30	4	1	0	1
PsFluSBW25_chrm01_circ_5524086	Pf_BP_3_D644_S164_L001-L004_merged	8	0	1	0	1
PsFluSBW25_chrm01_circ_5534536	Pf_BP_3_D644_S164_L001-L004_merged	9	10	1	0	1
PsFluSBW25_chrm01_circ_5567439	Pf_BP_3_D644_S164_L001-L004_merged	32	0	1	0	1
PsFluSBW25_chrm01_circ_5624304	Pf_BP_3_D644_S164_L001-L004_merged	26	1	1	0	1
PsFluSBW25_chrm01_circ_5667496	Pf_BP_3_D644_S164_L001-L004_merged	30	2	1	0	1
PsFluSBW25_chrm01_circ_5671868	Pf_BP_3_D644_S164_L001-L004_merged	23	3	1	0	1
PsFluSBW25_chrm01_circ_5689413	Pf_BP_3_D644_S164_L001-L004_merged	18	13	1	0	1
PsFluSBW25_chrm01_circ_5709997	Pf_BP_3_D644_S164_L001-L004_merged	33	0	1	0	1
PsFluSBW25_chrm01_circ_5715825	Pf_BP_3_D644_S164_L001-L004_merged	25	0	1	0	1
PsFluSBW25_chrm01_circ_5716515	Pf_BP_3_D644_S164_L001-L004_merged	11	10	1	0	1
PsFluSBW25_chrm01_circ_5738290	Pf_BP_3_D644_S164_L001-L004_merged	14	7	1	0	1
PsFluSBW25_chrm01_circ_574868	Pf_BP_3_D644_S164_L001-L004_merged	28	0	1	0	1
PsFluSBW25_chrm01_circ_5826120	Pf_BP_3_D644_S164_L001-L004_merged	19	4	1	0	1
PsFluSBW25_chrm01_circ_5847593	Pf_BP_3_D644_S164_L001-L004_merged	21	9	1	0	1
PsFluSBW25_chrm01_circ_5847773	Pf_BP_3_D644_S164_L001-L004_merged	21	5	1	0	1
PsFluSBW25_chrm01_circ_5857442	Pf_BP_3_D644_S164_L001-L004_merged	19	1	1	0	1
PsFluSBW25_chrm01_circ_5857775	Pf_BP_3_D644_S164_L001-L004_merged	13	7	1	0	1
PsFluSBW25_chrm01_circ_5960908	Pf_BP_3_D644_S164_L001-L004_merged	25	6	1	0	1
PsFluSBW25_chrm01_circ_5967294	Pf_BP_3_D644_S164_L001-L004_merged	16	7	1	0	1
PsFluSBW25_chrm01_circ_5971715	Pf_BP_3_D644_S164_L001-L004_merged	24	9	1	0	1
PsFluSBW25_chrm01_circ_6079939	Pf_BP_3_D644_S164_L001-L004_merged	24	3	1	0	1
PsFluSBW25_chrm01_circ_6108733	Pf_BP_3_D644_S164_L001-L004_merged	17	11	1	0	1
PsFluSBW25_chrm01_circ_6154345	Pf_BP_3_D644_S164_L001-L004_merged	27	2	1	0	1
PsFluSBW25_chrm01_circ_6162469	Pf_BP_3_D644_S164_L001-L004_merged	21	1	1	0	1
PsFluSBW25_chrm01_circ_6193873	Pf_BP_3_D644_S164_L001-L004_merged	5	2	1	0	1
PsFluSBW25_chrm01_circ_6249985	Pf_BP_3_D644_S164_L001-L004_merged	25	0	1	0	1
PsFluSBW25_chrm01_circ_6280393	Pf_BP_3_D644_S164_L001-L004_merged	18	10	1	0	1
PsFluSBW25_chrm01_circ_6396367	Pf_BP_3_D644_S164_L001-L004_merged	7	0	1	0	1
PsFluSBW25_chrm01_circ_6446610	Pf_BP_3_D644_S164_L001-L004_merged	15	0	1	0	1
PsFluSBW25_chrm01_circ_6456835	Pf_BP_3_D644_S164_L001-L004_merged	19	2	1	0	1
PsFluSBW25_chrm01_circ_6457857	Pf_BP_3_D644_S164_L001-L004_merged	26	7	1	0	1
PsFluSBW25_chrm01_circ_650867	Pf_BP_3_D644_S164_L001-L004_merged	17	4	1	0	1
PsFluSBW25_chrm01_circ_6518389	Pf_BP_3_D644_S164_L001-L004_merged	21	11	1	0	1
PsFluSBW25_chrm01_circ_721709	Pf_BP_3_D644_S164_L001-L004_merged	25	7	1	0	1
PsFluSBW25_chrm01_circ_738710	Pf_BP_3_D644_S164_L001-L004_merged	26	0	1	0	1
PsFluSBW25_chrm01_circ_789548	Pf_BP_3_D644_S164_L001-L004_merged	20	4	1	0	1
PsFluSBW25_chrm01_circ_825120	Pf_BP_3_D644_S164_L001-L004_merged	18	1	1	0	1
PsFluSBW25_chrm01_circ_839909	Pf_BP_3_D644_S164_L001-L004_merged	26	6	1	0	1
PsFluSBW25_chrm01_circ_847781	Pf_BP_3_D644_S164_L001-L004_merged	29	0	1	0	1
PsFluSBW25_chrm01_circ_866943	Pf_BP_3_D644_S164_L001-L004_merged	6	8	1	0	1
PsFluSBW25_chrm01_circ_895493	Pf_BP_3_D644_S164_L001-L004_merged	8	0	1	0	1
PsFluSBW25_chrm01_circ_90695	Pf_BP_3_D644_S164_L001-L004_merged	31	4	1	0	1
PsFluSBW25_chrm01_circ_927323	Pf_BP_3_D644_S164_L001-L004_merged	19	0	1	0	1
PsFluSBW25_chrm01_circ_927626	Pf_BP_3_D644_S164_L001-L004_merged	21	8	1	0	1
PsFluSBW25_chrm01_circ_929036	Pf_BP_3_D644_S164_L001-L004_merged	27	1	1	0	1
PsFluSBW25_chrm01_circ_929543	Pf_BP_3_D644_S164_L001-L004_merged	23	0	1	0	1
PsFluSBW25_chrm01_circ_935922	Pf_BP_3_D644_S164_L001-L004_merged	14	3	1	0	1
PsFluSBW25_chrm01_circ_935928	Pf_BP_3_D644_S164_L001-L004_merged	14	4	1	0	1
PsFluSBW25_chrm01_circ_936093	Pf_BP_3_D644_S164_L001-L004_merged	23	4	1	0	1
PsFluSBW25_chrm01_circ_95741	Pf_BP_3_D644_S164_L001-L004_merged	15	1	1	0	1
PsFluSBW25_chrm01_circ_963620	Pf_BP_3_D644_S164_L001-L004_merged	12	7	1	0	1
PsFluSBW25_chrm01_circ_994031	Pf_BP_3_D644_S164_L001-L004_merged	35	0	1	0	1
PsFluSBW25_chrm01_circ_994471	Pf_BP_3_D644_S164_L001-L004_merged	24	4	1	0	1
PsFluSBW25_chrm01_circ_1095666	Pf_BP_3_D700_S94_L001-L004_merged	10	22	1	0	1
PsFluSBW25_chrm01_circ_1168746	Pf_BP_3_D700_S94_L001-L004_merged	38	0	1	0	1
PsFluSBW25_chrm01_circ_1183695	Pf_BP_3_D700_S94_L001-L004_merged	13	7	1	0	1
PsFluSBW25_chrm01_circ_1216959	Pf_BP_3_D700_S94_L001-L004_merged	8	12	1	0	1
PsFluSBW25_chrm01_circ_1223902	Pf_BP_3_D700_S94_L001-L004_merged	15	20	1	0	1
PsFluSBW25_chrm01_circ_1268939	Pf_BP_3_D700_S94_L001-L004_merged	14	13	1	0	1
PsFluSBW25_chrm01_circ_1276483	Pf_BP_3_D700_S94_L001-L004_merged	6	0	1	0	1
PsFluSBW25_chrm01_circ_1278375	Pf_BP_3_D700_S94_L001-L004_merged	28	0	1	0	1
PsFluSBW25_chrm01_circ_1279463	Pf_BP_3_D700_S94_L001-L004_merged	10	16	1	0	1
PsFluSBW25_chrm01_circ_1302422	Pf_BP_3_D700_S94_L001-L004_merged	5	10	1	0	1
PsFluSBW25_chrm01_circ_1305492	Pf_BP_3_D700_S94_L001-L004_merged	26	10	1	0	1
PsFluSBW25_chrm01_circ_130961	Pf_BP_3_D700_S94_L001-L004_merged	9	15	1	0	1
PsFluSBW25_chrm01_circ_1352002	Pf_BP_3_D700_S94_L001-L004_merged	5	0	1	0	1
PsFluSBW25_chrm01_circ_1358965	Pf_BP_3_D700_S94_L001-L004_merged	46	0	1	0	1
PsFluSBW25_chrm01_circ_1364472	Pf_BP_3_D700_S94_L001-L004_merged	13	12	1	0	1
PsFluSBW25_chrm01_circ_1375221	Pf_BP_3_D700_S94_L001-L004_merged	12	17	1	0	1
PsFluSBW25_chrm01_circ_1416341	Pf_BP_3_D700_S94_L001-L004_merged	28	2	1	0	1
PsFluSBW25_chrm01_circ_1452004	Pf_BP_3_D700_S94_L001-L004_merged	29	1	1	0	1
PsFluSBW25_chrm01_circ_1452810	Pf_BP_3_D700_S94_L001-L004_merged	19	1	1	0	1
PsFluSBW25_chrm01_circ_1480473	Pf_BP_3_D700_S94_L001-L004_merged	11	19	1	0	1
PsFluSBW25_chrm01_circ_1514552	Pf_BP_3_D700_S94_L001-L004_merged	10	0	1	0	1
PsFluSBW25_chrm01_circ_1680055	Pf_BP_3_D700_S94_L001-L004_merged	6	0	1	0	1
PsFluSBW25_chrm01_circ_1709973	Pf_BP_3_D700_S94_L001-L004_merged	12	17	1	0	1
PsFluSBW25_chrm01_circ_1756426	Pf_BP_3_D700_S94_L001-L004_merged	25	1	1	0	1
PsFluSBW25_chrm01_circ_1778554	Pf_BP_3_D700_S94_L001-L004_merged	13	15	1	0	1
PsFluSBW25_chrm01_circ_1785786	Pf_BP_3_D700_S94_L001-L004_merged	7	0	1	0	1
PsFluSBW25_chrm01_circ_1824623	Pf_BP_3_D700_S94_L001-L004_merged	22	3	1	0	1
PsFluSBW25_chrm01_circ_1867228	Pf_BP_3_D700_S94_L001-L004_merged	18	20	1	0	1
PsFluSBW25_chrm01_circ_1875122	Pf_BP_3_D700_S94_L001-L004_merged	13	21	1	0	1
PsFluSBW25_chrm01_circ_1890465	Pf_BP_3_D700_S94_L001-L004_merged	15	24	1	0	1
PsFluSBW25_chrm01_circ_1908691	Pf_BP_3_D700_S94_L001-L004_merged	34	4	1	0	1
PsFluSBW25_chrm01_circ_1933415	Pf_BP_3_D700_S94_L001-L004_merged	34	2	1	0	1
PsFluSBW25_chrm01_circ_1965357	Pf_BP_3_D700_S94_L001-L004_merged	13	1	1	0	1
PsFluSBW25_chrm01_circ_1986756	Pf_BP_3_D700_S94_L001-L004_merged	25	3	1	0	1
PsFluSBW25_chrm01_circ_2063410	Pf_BP_3_D700_S94_L001-L004_merged	7	8	1	0	1
PsFluSBW25_chrm01_circ_2085733	Pf_BP_3_D700_S94_L001-L004_merged	13	19	1	0	1
PsFluSBW25_chrm01_circ_213914	Pf_BP_3_D700_S94_L001-L004_merged	16	1	1	0	1
PsFluSBW25_chrm01_circ_2161074	Pf_BP_3_D700_S94_L001-L004_merged	18	18	1	0	1
PsFluSBW25_chrm01_circ_2163959	Pf_BP_3_D700_S94_L001-L004_merged	9	11	1	0	1
PsFluSBW25_chrm01_circ_2167977	Pf_BP_3_D700_S94_L001-L004_merged	20	20	1	0	1
PsFluSBW25_chrm01_circ_2198957	Pf_BP_3_D700_S94_L001-L004_merged	20	5	1	0	1
PsFluSBW25_chrm01_circ_2244095	Pf_BP_3_D700_S94_L001-L004_merged	11	19	1	0	1
PsFluSBW25_chrm01_circ_2402212	Pf_BP_3_D700_S94_L001-L004_merged	9	8	1	0	1
PsFluSBW25_chrm01_circ_2453173	Pf_BP_3_D700_S94_L001-L004_merged	8	18	1	0	1
PsFluSBW25_chrm01_circ_2480284	Pf_BP_3_D700_S94_L001-L004_merged	33	0	1	0	1
PsFluSBW25_chrm01_circ_2533947	Pf_BP_3_D700_S94_L001-L004_merged	11	0	1	0	1
PsFluSBW25_chrm01_circ_2564357	Pf_BP_3_D700_S94_L001-L004_merged	27	0	1	0	1
PsFluSBW25_chrm01_circ_2692036	Pf_BP_3_D700_S94_L001-L004_merged	28	0	1	0	1
PsFluSBW25_chrm01_circ_2748923	Pf_BP_3_D700_S94_L001-L004_merged	24	0	1	0	1
PsFluSBW25_chrm01_circ_2766944	Pf_BP_3_D700_S94_L001-L004_merged	29	2	1	0	1
PsFluSBW25_chrm01_circ_2776101	Pf_BP_3_D700_S94_L001-L004_merged	13	19	1	0	1
PsFluSBW25_chrm01_circ_2844380	Pf_BP_3_D700_S94_L001-L004_merged	21	0	1	0	1
PsFluSBW25_chrm01_circ_2857080	Pf_BP_3_D700_S94_L001-L004_merged	2	7	1	0	1
PsFluSBW25_chrm01_circ_2948899	Pf_BP_3_D700_S94_L001-L004_merged	14	10	1	0	1
PsFluSBW25_chrm01_circ_2986589	Pf_BP_3_D700_S94_L001-L004_merged	13	18	1	0	1
PsFluSBW25_chrm01_circ_3046319	Pf_BP_3_D700_S94_L001-L004_merged	12	9	1	0	1
PsFluSBW25_chrm01_circ_3049960	Pf_BP_3_D700_S94_L001-L004_merged	24	6	1	0	1
PsFluSBW25_chrm01_circ_3301933	Pf_BP_3_D700_S94_L001-L004_merged	33	0	1	0	1
PsFluSBW25_chrm01_circ_3332858	Pf_BP_3_D700_S94_L001-L004_merged	11	11	1	0	1
PsFluSBW25_chrm01_circ_3351598	Pf_BP_3_D700_S94_L001-L004_merged	15	28	1	0	1
PsFluSBW25_chrm01_circ_342397	Pf_BP_3_D700_S94_L001-L004_merged	21	1	1	0	1
PsFluSBW25_chrm01_circ_3436927	Pf_BP_3_D700_S94_L001-L004_merged	11	23	1	0	1
PsFluSBW25_chrm01_circ_3456540	Pf_BP_3_D700_S94_L001-L004_merged	26	6	1	0	1
PsFluSBW25_chrm01_circ_349255	Pf_BP_3_D700_S94_L001-L004_merged	4	12	1	0	1
PsFluSBW25_chrm01_circ_37125	Pf_BP_3_D700_S94_L001-L004_merged	9	0	1	0	1
PsFluSBW25_chrm01_circ_3798211	Pf_BP_3_D700_S94_L001-L004_merged	12	14	1	0	1
PsFluSBW25_chrm01_circ_3838961	Pf_BP_3_D700_S94_L001-L004_merged	10	14	1	0	1
PsFluSBW25_chrm01_circ_3845100	Pf_BP_3_D700_S94_L001-L004_merged	10	21	1	0	1
PsFluSBW25_chrm01_circ_388609	Pf_BP_3_D700_S94_L001-L004_merged	9	19	1	0	1
PsFluSBW25_chrm01_circ_3886700	Pf_BP_3_D700_S94_L001-L004_merged	24	13	1	0	1
PsFluSBW25_chrm01_circ_4048876	Pf_BP_3_D700_S94_L001-L004_merged	11	7	1	0	1
PsFluSBW25_chrm01_circ_4062482	Pf_BP_3_D700_S94_L001-L004_merged	13	25	1	0	1
PsFluSBW25_chrm01_circ_407561	Pf_BP_3_D700_S94_L001-L004_merged	24	5	1	0	1
PsFluSBW25_chrm01_circ_4120561	Pf_BP_3_D700_S94_L001-L004_merged	10	28	1	0	1
PsFluSBW25_chrm01_circ_4155053	Pf_BP_3_D700_S94_L001-L004_merged	17	10	1	0	1
PsFluSBW25_chrm01_circ_4180044	Pf_BP_3_D700_S94_L001-L004_merged	9	14	1	0	1
PsFluSBW25_chrm01_circ_4203626	Pf_BP_3_D700_S94_L001-L004_merged	37	0	1	0	1
PsFluSBW25_chrm01_circ_425448	Pf_BP_3_D700_S94_L001-L004_merged	16	13	1	0	1
PsFluSBW25_chrm01_circ_4337542	Pf_BP_3_D700_S94_L001-L004_merged	11	26	1	0	1
PsFluSBW25_chrm01_circ_4368075	Pf_BP_3_D700_S94_L001-L004_merged	8	12	1	0	1
PsFluSBW25_chrm01_circ_441863	Pf_BP_3_D700_S94_L001-L004_merged	13	8	1	0	1
PsFluSBW25_chrm01_circ_4487200	Pf_BP_3_D700_S94_L001-L004_merged	22	11	1	0	1
PsFluSBW25_chrm01_circ_4522227	Pf_BP_3_D700_S94_L001-L004_merged	14	0	1	0	1
PsFluSBW25_chrm01_circ_4528974	Pf_BP_3_D700_S94_L001-L004_merged	6	19	1	0	1
PsFluSBW25_chrm01_circ_4566022	Pf_BP_3_D700_S94_L001-L004_merged	17	8	1	0	1
PsFluSBW25_chrm01_circ_4592386	Pf_BP_3_D700_S94_L001-L004_merged	17	0	1	0	1
PsFluSBW25_chrm01_circ_4595167	Pf_BP_3_D700_S94_L001-L004_merged	6	15	1	0	1
PsFluSBW25_chrm01_circ_4616287	Pf_BP_3_D700_S94_L001-L004_merged	14	14	1	0	1
PsFluSBW25_chrm01_circ_4644415	Pf_BP_3_D700_S94_L001-L004_merged	7	0	1	0	1
PsFluSBW25_chrm01_circ_4645653	Pf_BP_3_D700_S94_L001-L004_merged	36	0	1	0	1
PsFluSBW25_chrm01_circ_4697010	Pf_BP_3_D700_S94_L001-L004_merged	6	0	1	0	1
PsFluSBW25_chrm01_circ_470121	Pf_BP_3_D700_S94_L001-L004_merged	13	32	1	0	1
PsFluSBW25_chrm01_circ_4748517	Pf_BP_3_D700_S94_L001-L004_merged	6	12	1	0	1
PsFluSBW25_chrm01_circ_4751880	Pf_BP_3_D700_S94_L001-L004_merged	20	15	1	0	1
PsFluSBW25_chrm01_circ_4752384	Pf_BP_3_D700_S94_L001-L004_merged	29	6	1	0	1
PsFluSBW25_chrm01_circ_4803873	Pf_BP_3_D700_S94_L001-L004_merged	12	17	1	0	1
PsFluSBW25_chrm01_circ_4812193	Pf_BP_3_D700_S94_L001-L004_merged	31	1	1	0	1
PsFluSBW25_chrm01_circ_4872719	Pf_BP_3_D700_S94_L001-L004_merged	8	18	1	0	1
PsFluSBW25_chrm01_circ_4881730	Pf_BP_3_D700_S94_L001-L004_merged	12	10	1	0	1
PsFluSBW25_chrm01_circ_4931039	Pf_BP_3_D700_S94_L001-L004_merged	13	25	1	0	1
PsFluSBW25_chrm01_circ_4939038	Pf_BP_3_D700_S94_L001-L004_merged	16	21	1	0	1
PsFluSBW25_chrm01_circ_4941675	Pf_BP_3_D700_S94_L001-L004_merged	29	7	1	0	1
PsFluSBW25_chrm01_circ_4976801	Pf_BP_3_D700_S94_L001-L004_merged	9	0	1	0	1
PsFluSBW25_chrm01_circ_5004622	Pf_BP_3_D700_S94_L001-L004_merged	15	14	1	0	1
PsFluSBW25_chrm01_circ_5057411	Pf_BP_3_D700_S94_L001-L004_merged	17	0	1	0	1
PsFluSBW25_chrm01_circ_5068086	Pf_BP_3_D700_S94_L001-L004_merged	12	10	1	0	1
PsFluSBW25_chrm01_circ_5070696	Pf_BP_3_D700_S94_L001-L004_merged	18	2	1	0	1
PsFluSBW25_chrm01_circ_5088445	Pf_BP_3_D700_S94_L001-L004_merged	29	1	1	0	1
PsFluSBW25_chrm01_circ_5090218	Pf_BP_3_D700_S94_L001-L004_merged	11	14	1	0	1
PsFluSBW25_chrm01_circ_5098798	Pf_BP_3_D700_S94_L001-L004_merged	23	1	1	0	1
PsFluSBW25_chrm01_circ_5125224	Pf_BP_3_D700_S94_L001-L004_merged	9	18	1	0	1
PsFluSBW25_chrm01_circ_5139833	Pf_BP_3_D700_S94_L001-L004_merged	6	17	1	0	1
PsFluSBW25_chrm01_circ_514009	Pf_BP_3_D700_S94_L001-L004_merged	18	4	1	0	1
PsFluSBW25_chrm01_circ_5176227	Pf_BP_3_D700_S94_L001-L004_merged	16	18	1	0	1
PsFluSBW25_chrm01_circ_5177634	Pf_BP_3_D700_S94_L001-L004_merged	14	11	1	0	1
PsFluSBW25_chrm01_circ_5229842	Pf_BP_3_D700_S94_L001-L004_merged	5	0	1	0	1
PsFluSBW25_chrm01_circ_5229846	Pf_BP_3_D700_S94_L001-L004_merged	5	0	1	0	1
PsFluSBW25_chrm01_circ_5229848	Pf_BP_3_D700_S94_L001-L004_merged	5	0	1	0	1
PsFluSBW25_chrm01_circ_528492	Pf_BP_3_D700_S94_L001-L004_merged	15	3	1	0	1
PsFluSBW25_chrm01_circ_5306363	Pf_BP_3_D700_S94_L001-L004_merged	21	5	1	0	1
PsFluSBW25_chrm01_circ_531839	Pf_BP_3_D700_S94_L001-L004_merged	17	1	1	0	1
PsFluSBW25_chrm01_circ_5357118	Pf_BP_3_D700_S94_L001-L004_merged	7	21	1	0	1
PsFluSBW25_chrm01_circ_5396337	Pf_BP_3_D700_S94_L001-L004_merged	14	11	1	0	1
PsFluSBW25_chrm01_circ_5408499	Pf_BP_3_D700_S94_L001-L004_merged	7	0	1	0	1
PsFluSBW25_chrm01_circ_5468527	Pf_BP_3_D700_S94_L001-L004_merged	13	14	1	0	1
PsFluSBW25_chrm01_circ_5486155	Pf_BP_3_D700_S94_L001-L004_merged	8	0	1	0	1
PsFluSBW25_chrm01_circ_5516969	Pf_BP_3_D700_S94_L001-L004_merged	20	18	1	0	1
PsFluSBW25_chrm01_circ_5524086	Pf_BP_3_D700_S94_L001-L004_merged	16	0	1	0	1
PsFluSBW25_chrm01_circ_5534536	Pf_BP_3_D700_S94_L001-L004_merged	14	8	1	0	1
PsFluSBW25_chrm01_circ_5567439	Pf_BP_3_D700_S94_L001-L004_merged	40	0	1	0	1
PsFluSBW25_chrm01_circ_5624304	Pf_BP_3_D700_S94_L001-L004_merged	30	1	1	0	1
PsFluSBW25_chrm01_circ_5667496	Pf_BP_3_D700_S94_L001-L004_merged	25	3	1	0	1
PsFluSBW25_chrm01_circ_5671868	Pf_BP_3_D700_S94_L001-L004_merged	13	15	1	0	1
PsFluSBW25_chrm01_circ_5689413	Pf_BP_3_D700_S94_L001-L004_merged	6	16	1	0	1
PsFluSBW25_chrm01_circ_5709997	Pf_BP_3_D700_S94_L001-L004_merged	23	0	1	0	1
PsFluSBW25_chrm01_circ_5715825	Pf_BP_3_D700_S94_L001-L004_merged	27	6	1	0	1
PsFluSBW25_chrm01_circ_5716515	Pf_BP_3_D700_S94_L001-L004_merged	7	19	1	0	1
PsFluSBW25_chrm01_circ_5738290	Pf_BP_3_D700_S94_L001-L004_merged	9	11	1	0	1
PsFluSBW25_chrm01_circ_574868	Pf_BP_3_D700_S94_L001-L004_merged	30	4	1	0	1
PsFluSBW25_chrm01_circ_5826120	Pf_BP_3_D700_S94_L001-L004_merged	11	16	1	0	1
PsFluSBW25_chrm01_circ_5847593	Pf_BP_3_D700_S94_L001-L004_merged	8	20	1	0	1
PsFluSBW25_chrm01_circ_5847773	Pf_BP_3_D700_S94_L001-L004_merged	18	9	1	0	1
PsFluSBW25_chrm01_circ_5857442	Pf_BP_3_D700_S94_L001-L004_merged	20	3	1	0	1
PsFluSBW25_chrm01_circ_5857775	Pf_BP_3_D700_S94_L001-L004_merged	11	9	1	0	1
PsFluSBW25_chrm01_circ_5960908	Pf_BP_3_D700_S94_L001-L004_merged	16	24	1	0	1
PsFluSBW25_chrm01_circ_5967294	Pf_BP_3_D700_S94_L001-L004_merged	13	20	1	0	1
PsFluSBW25_chrm01_circ_5971715	Pf_BP_3_D700_S94_L001-L004_merged	16	19	1	0	1
PsFluSBW25_chrm01_circ_6079939	Pf_BP_3_D700_S94_L001-L004_merged	31	2	1	0	1
PsFluSBW25_chrm01_circ_6108733	Pf_BP_3_D700_S94_L001-L004_merged	11	20	1	0	1
PsFluSBW25_chrm01_circ_6154345	Pf_BP_3_D700_S94_L001-L004_merged	24	0	1	0	1
PsFluSBW25_chrm01_circ_6162469	Pf_BP_3_D700_S94_L001-L004_merged	29	2	1	0	1
PsFluSBW25_chrm01_circ_6193873	Pf_BP_3_D700_S94_L001-L004_merged	18	0	1	0	1
PsFluSBW25_chrm01_circ_6249985	Pf_BP_3_D700_S94_L001-L004_merged	19	1	1	0	1
PsFluSBW25_chrm01_circ_6280393	Pf_BP_3_D700_S94_L001-L004_merged	6	15	1	0	1
PsFluSBW25_chrm01_circ_6396367	Pf_BP_3_D700_S94_L001-L004_merged	3	0	1	0	1
PsFluSBW25_chrm01_circ_6446610	Pf_BP_3_D700_S94_L001-L004_merged	8	0	1	0	1
PsFluSBW25_chrm01_circ_6456835	Pf_BP_3_D700_S94_L001-L004_merged	24	2	1	0	1
PsFluSBW25_chrm01_circ_6457857	Pf_BP_3_D700_S94_L001-L004_merged	18	1	1	0	1
PsFluSBW25_chrm01_circ_650867	Pf_BP_3_D700_S94_L001-L004_merged	9	19	1	0	1
PsFluSBW25_chrm01_circ_6518389	Pf_BP_3_D700_S94_L001-L004_merged	19	9	1	0	1
PsFluSBW25_chrm01_circ_721709	Pf_BP_3_D700_S94_L001-L004_merged	10	19	1	0	1
PsFluSBW25_chrm01_circ_738710	Pf_BP_3_D700_S94_L001-L004_merged	20	0	1	0	1
PsFluSBW25_chrm01_circ_789548	Pf_BP_3_D700_S94_L001-L004_merged	13	13	1	0	1
PsFluSBW25_chrm01_circ_825120	Pf_BP_3_D700_S94_L001-L004_merged	12	16	1	0	1
PsFluSBW25_chrm01_circ_839909	Pf_BP_3_D700_S94_L001-L004_merged	16	23	1	0	1
PsFluSBW25_chrm01_circ_847781	Pf_BP_3_D700_S94_L001-L004_merged	24	0	1	0	1
PsFluSBW25_chrm01_circ_866943	Pf_BP_3_D700_S94_L001-L004_merged	7	9	1	0	1
PsFluSBW25_chrm01_circ_895493	Pf_BP_3_D700_S94_L001-L004_merged	23	0	1	0	1
PsFluSBW25_chrm01_circ_90695	Pf_BP_3_D700_S94_L001-L004_merged	20	5	1	0	1
PsFluSBW25_chrm01_circ_927323	Pf_BP_3_D700_S94_L001-L004_merged	22	0	1	0	1
PsFluSBW25_chrm01_circ_927626	Pf_BP_3_D700_S94_L001-L004_merged	30	2	1	0	1
PsFluSBW25_chrm01_circ_929036	Pf_BP_3_D700_S94_L001-L004_merged	14	3	1	0	1
PsFluSBW25_chrm01_circ_929543	Pf_BP_3_D700_S94_L001-L004_merged	24	0	1	0	1
PsFluSBW25_chrm01_circ_935922	Pf_BP_3_D700_S94_L001-L004_merged	41	0	1	0	1
PsFluSBW25_chrm01_circ_935928	Pf_BP_3_D700_S94_L001-L004_merged	39	0	1	0	1
PsFluSBW25_chrm01_circ_936093	Pf_BP_3_D700_S94_L001-L004_merged	23	2	1	0	1
PsFluSBW25_chrm01_circ_95741	Pf_BP_3_D700_S94_L001-L004_merged	19	2	1	0	1
PsFluSBW25_chrm01_circ_963620	Pf_BP_3_D700_S94_L001-L004_merged	9	12	1	0	1
PsFluSBW25_chrm01_circ_994031	Pf_BP_3_D700_S94_L001-L004_merged	35	1	1	0	1
PsFluSBW25_chrm01_circ_994471	Pf_BP_3_D700_S94_L001-L004_merged	35	0	1	0	1
PsFluSBW25_chrm01_circ_1095666	Pf_BP_3_D728_S130_L001-L004_merged	25	5	1	0	1
PsFluSBW25_chrm01_circ_1168746	Pf_BP_3_D728_S130_L001-L004_merged	37	0	1	0	1
PsFluSBW25_chrm01_circ_1183695	Pf_BP_3_D728_S130_L001-L004_merged	25	10	1	0	1
PsFluSBW25_chrm01_circ_1216959	Pf_BP_3_D728_S130_L001-L004_merged	23	5	1	0	1
PsFluSBW25_chrm01_circ_1223902	Pf_BP_3_D728_S130_L001-L004_merged	29	4	1	0	1
PsFluSBW25_chrm01_circ_1268939	Pf_BP_3_D728_S130_L001-L004_merged	20	8	1	0	1
PsFluSBW25_chrm01_circ_1276483	Pf_BP_3_D728_S130_L001-L004_merged	7	0	1	0	1
PsFluSBW25_chrm01_circ_1278375	Pf_BP_3_D728_S130_L001-L004_merged	37	0	1	0	1
PsFluSBW25_chrm01_circ_1279463	Pf_BP_3_D728_S130_L001-L004_merged	31	13	1	0	1
PsFluSBW25_chrm01_circ_1302422	Pf_BP_3_D728_S130_L001-L004_merged	18	5	1	0	1
PsFluSBW25_chrm01_circ_1305492	Pf_BP_3_D728_S130_L001-L004_merged	24	5	1	0	1
PsFluSBW25_chrm01_circ_130961	Pf_BP_3_D728_S130_L001-L004_merged	21	8	1	0	1
PsFluSBW25_chrm01_circ_1352002	Pf_BP_3_D728_S130_L001-L004_merged	10	1	1	0	1
PsFluSBW25_chrm01_circ_1358965	Pf_BP_3_D728_S130_L001-L004_merged	28	0	1	0	1
PsFluSBW25_chrm01_circ_1364472	Pf_BP_3_D728_S130_L001-L004_merged	25	7	1	0	1
PsFluSBW25_chrm01_circ_1375221	Pf_BP_3_D728_S130_L001-L004_merged	16	3	1	0	1
PsFluSBW25_chrm01_circ_1416341	Pf_BP_3_D728_S130_L001-L004_merged	18	5	1	0	1
PsFluSBW25_chrm01_circ_1452004	Pf_BP_3_D728_S130_L001-L004_merged	38	1	1	0	1
PsFluSBW25_chrm01_circ_1452810	Pf_BP_3_D728_S130_L001-L004_merged	16	0	1	0	1
PsFluSBW25_chrm01_circ_1480473	Pf_BP_3_D728_S130_L001-L004_merged	20	3	1	0	1
PsFluSBW25_chrm01_circ_1514552	Pf_BP_3_D728_S130_L001-L004_merged	9	0	1	0	1
PsFluSBW25_chrm01_circ_1680055	Pf_BP_3_D728_S130_L001-L004_merged	9	0	1	0	1
PsFluSBW25_chrm01_circ_1709973	Pf_BP_3_D728_S130_L001-L004_merged	32	7	1	0	1
PsFluSBW25_chrm01_circ_1756426	Pf_BP_3_D728_S130_L001-L004_merged	42	0	1	0	1
PsFluSBW25_chrm01_circ_1778554	Pf_BP_3_D728_S130_L001-L004_merged	18	8	1	0	1
PsFluSBW25_chrm01_circ_1785786	Pf_BP_3_D728_S130_L001-L004_merged	11	0	1	0	1
PsFluSBW25_chrm01_circ_1824623	Pf_BP_3_D728_S130_L001-L004_merged	17	4	1	0	1
PsFluSBW25_chrm01_circ_1867228	Pf_BP_3_D728_S130_L001-L004_merged	25	5	1	0	1
PsFluSBW25_chrm01_circ_1875122	Pf_BP_3_D728_S130_L001-L004_merged	17	4	1	0	1
PsFluSBW25_chrm01_circ_1890465	Pf_BP_3_D728_S130_L001-L004_merged	23	3	1	0	1
PsFluSBW25_chrm01_circ_1908691	Pf_BP_3_D728_S130_L001-L004_merged	22	6	1	0	1
PsFluSBW25_chrm01_circ_1933415	Pf_BP_3_D728_S130_L001-L004_merged	26	8	1	0	1
PsFluSBW25_chrm01_circ_1965357	Pf_BP_3_D728_S130_L001-L004_merged	22	2	1	0	1
PsFluSBW25_chrm01_circ_1986756	Pf_BP_3_D728_S130_L001-L004_merged	22	5	1	0	1
PsFluSBW25_chrm01_circ_2063410	Pf_BP_3_D728_S130_L001-L004_merged	16	4	1	0	1
PsFluSBW25_chrm01_circ_2085733	Pf_BP_3_D728_S130_L001-L004_merged	16	9	1	0	1
PsFluSBW25_chrm01_circ_213914	Pf_BP_3_D728_S130_L001-L004_merged	17	1	1	0	1
PsFluSBW25_chrm01_circ_2161074	Pf_BP_3_D728_S130_L001-L004_merged	26	2	1	0	1
PsFluSBW25_chrm01_circ_2163959	Pf_BP_3_D728_S130_L001-L004_merged	24	9	1	0	1
PsFluSBW25_chrm01_circ_2167977	Pf_BP_3_D728_S130_L001-L004_merged	28	4	1	0	1
PsFluSBW25_chrm01_circ_2198957	Pf_BP_3_D728_S130_L001-L004_merged	25	0	1	0	1
PsFluSBW25_chrm01_circ_2244095	Pf_BP_3_D728_S130_L001-L004_merged	19	6	1	0	1
PsFluSBW25_chrm01_circ_2402212	Pf_BP_3_D728_S130_L001-L004_merged	20	3	1	0	1
PsFluSBW25_chrm01_circ_2453173	Pf_BP_3_D728_S130_L001-L004_merged	30	10	1	0	1
PsFluSBW25_chrm01_circ_2480284	Pf_BP_3_D728_S130_L001-L004_merged	21	0	1	0	1
PsFluSBW25_chrm01_circ_2533947	Pf_BP_3_D728_S130_L001-L004_merged	18	0	1	0	1
PsFluSBW25_chrm01_circ_2564357	Pf_BP_3_D728_S130_L001-L004_merged	36	1	1	0	1
PsFluSBW25_chrm01_circ_2692036	Pf_BP_3_D728_S130_L001-L004_merged	28	2	1	0	1
PsFluSBW25_chrm01_circ_2748923	Pf_BP_3_D728_S130_L001-L004_merged	32	3	1	0	1
PsFluSBW25_chrm01_circ_2766944	Pf_BP_3_D728_S130_L001-L004_merged	35	4	1	0	1
PsFluSBW25_chrm01_circ_2776101	Pf_BP_3_D728_S130_L001-L004_merged	29	9	1	0	1
PsFluSBW25_chrm01_circ_2844380	Pf_BP_3_D728_S130_L001-L004_merged	20	1	1	0	1
PsFluSBW25_chrm01_circ_2857080	Pf_BP_3_D728_S130_L001-L004_merged	7	3	1	0	1
PsFluSBW25_chrm01_circ_2948899	Pf_BP_3_D728_S130_L001-L004_merged	31	2	1	0	1
PsFluSBW25_chrm01_circ_2986589	Pf_BP_3_D728_S130_L001-L004_merged	24	1	1	0	1
PsFluSBW25_chrm01_circ_3046319	Pf_BP_3_D728_S130_L001-L004_merged	22	9	1	0	1
PsFluSBW25_chrm01_circ_3049960	Pf_BP_3_D728_S130_L001-L004_merged	24	2	1	0	1
PsFluSBW25_chrm01_circ_3301933	Pf_BP_3_D728_S130_L001-L004_merged	47	0	1	0	1
PsFluSBW25_chrm01_circ_3332858	Pf_BP_3_D728_S130_L001-L004_merged	16	3	1	0	1
PsFluSBW25_chrm01_circ_3351598	Pf_BP_3_D728_S130_L001-L004_merged	28	6	1	0	1
PsFluSBW25_chrm01_circ_342397	Pf_BP_3_D728_S130_L001-L004_merged	25	1	1	0	1
PsFluSBW25_chrm01_circ_3436927	Pf_BP_3_D728_S130_L001-L004_merged	26	6	1	0	1
PsFluSBW25_chrm01_circ_3456540	Pf_BP_3_D728_S130_L001-L004_merged	17	4	1	0	1
PsFluSBW25_chrm01_circ_349255	Pf_BP_3_D728_S130_L001-L004_merged	5	9	1	0	1
PsFluSBW25_chrm01_circ_37125	Pf_BP_3_D728_S130_L001-L004_merged	15	0	1	0	1
PsFluSBW25_chrm01_circ_3798211	Pf_BP_3_D728_S130_L001-L004_merged	22	8	1	0	1
PsFluSBW25_chrm01_circ_3838961	Pf_BP_3_D728_S130_L001-L004_merged	31	4	1	0	1
PsFluSBW25_chrm01_circ_3845100	Pf_BP_3_D728_S130_L001-L004_merged	29	9	1	0	1
PsFluSBW25_chrm01_circ_388609	Pf_BP_3_D728_S130_L001-L004_merged	31	5	1	0	1
PsFluSBW25_chrm01_circ_3886700	Pf_BP_3_D728_S130_L001-L004_merged	20	7	1	0	1
PsFluSBW25_chrm01_circ_4048876	Pf_BP_3_D728_S130_L001-L004_merged	13	3	1	0	1
PsFluSBW25_chrm01_circ_4062482	Pf_BP_3_D728_S130_L001-L004_merged	21	11	1	0	1
PsFluSBW25_chrm01_circ_407561	Pf_BP_3_D728_S130_L001-L004_merged	18	2	1	0	1
PsFluSBW25_chrm01_circ_4120561	Pf_BP_3_D728_S130_L001-L004_merged	41	9	1	0	1
PsFluSBW25_chrm01_circ_4155053	Pf_BP_3_D728_S130_L001-L004_merged	19	8	1	0	1
PsFluSBW25_chrm01_circ_4180044	Pf_BP_3_D728_S130_L001-L004_merged	27	9	1	0	1
PsFluSBW25_chrm01_circ_4203626	Pf_BP_3_D728_S130_L001-L004_merged	22	0	1	0	1
PsFluSBW25_chrm01_circ_425448	Pf_BP_3_D728_S130_L001-L004_merged	27	5	1	0	1
PsFluSBW25_chrm01_circ_4337542	Pf_BP_3_D728_S130_L001-L004_merged	18	9	1	0	1
PsFluSBW25_chrm01_circ_4368075	Pf_BP_3_D728_S130_L001-L004_merged	22	6	1	0	1
PsFluSBW25_chrm01_circ_441863	Pf_BP_3_D728_S130_L001-L004_merged	20	3	1	0	1
PsFluSBW25_chrm01_circ_4487200	Pf_BP_3_D728_S130_L001-L004_merged	30	5	1	0	1
PsFluSBW25_chrm01_circ_4522227	Pf_BP_3_D728_S130_L001-L004_merged	18	2	1	0	1
PsFluSBW25_chrm01_circ_4528974	Pf_BP_3_D728_S130_L001-L004_merged	17	8	1	0	1
PsFluSBW25_chrm01_circ_4566022	Pf_BP_3_D728_S130_L001-L004_merged	22	6	1	0	1
PsFluSBW25_chrm01_circ_4592386	Pf_BP_3_D728_S130_L001-L004_merged	27	2	1	0	1
PsFluSBW25_chrm01_circ_4595167	Pf_BP_3_D728_S130_L001-L004_merged	20	5	1	0	1
PsFluSBW25_chrm01_circ_4616287	Pf_BP_3_D728_S130_L001-L004_merged	23	1	1	0	1
PsFluSBW25_chrm01_circ_4644415	Pf_BP_3_D728_S130_L001-L004_merged	22	0	1	0	1
PsFluSBW25_chrm01_circ_4645653	Pf_BP_3_D728_S130_L001-L004_merged	33	0	1	0	1
PsFluSBW25_chrm01_circ_4697010	Pf_BP_3_D728_S130_L001-L004_merged	7	0	1	0	1
PsFluSBW25_chrm01_circ_470121	Pf_BP_3_D728_S130_L001-L004_merged	22	14	1	0	1
PsFluSBW25_chrm01_circ_4748517	Pf_BP_3_D728_S130_L001-L004_merged	28	8	1	0	1
PsFluSBW25_chrm01_circ_4751880	Pf_BP_3_D728_S130_L001-L004_merged	24	6	1	0	1
PsFluSBW25_chrm01_circ_4752384	Pf_BP_3_D728_S130_L001-L004_merged	39	1	1	0	1
PsFluSBW25_chrm01_circ_4803873	Pf_BP_3_D728_S130_L001-L004_merged	24	9	1	0	1
PsFluSBW25_chrm01_circ_4812193	Pf_BP_3_D728_S130_L001-L004_merged	34	0	1	0	1
PsFluSBW25_chrm01_circ_4872719	Pf_BP_3_D728_S130_L001-L004_merged	22	9	1	0	1
PsFluSBW25_chrm01_circ_4881730	Pf_BP_3_D728_S130_L001-L004_merged	21	4	1	0	1
PsFluSBW25_chrm01_circ_4931039	Pf_BP_3_D728_S130_L001-L004_merged	17	3	1	0	1
PsFluSBW25_chrm01_circ_4939038	Pf_BP_3_D728_S130_L001-L004_merged	24	4	1	0	1
PsFluSBW25_chrm01_circ_4941675	Pf_BP_3_D728_S130_L001-L004_merged	28	1	1	0	1
PsFluSBW25_chrm01_circ_4976801	Pf_BP_3_D728_S130_L001-L004_merged	7	0	1	0	1
PsFluSBW25_chrm01_circ_5004622	Pf_BP_3_D728_S130_L001-L004_merged	28	4	1	0	1
PsFluSBW25_chrm01_circ_5057411	Pf_BP_3_D728_S130_L001-L004_merged	17	0	1	0	1
PsFluSBW25_chrm01_circ_5068086	Pf_BP_3_D728_S130_L001-L004_merged	21	3	1	0	1
PsFluSBW25_chrm01_circ_5070696	Pf_BP_3_D728_S130_L001-L004_merged	34	2	1	0	1
PsFluSBW25_chrm01_circ_5088445	Pf_BP_3_D728_S130_L001-L004_merged	21	4	1	0	1
PsFluSBW25_chrm01_circ_5090218	Pf_BP_3_D728_S130_L001-L004_merged	27	10	1	0	1
PsFluSBW25_chrm01_circ_5098798	Pf_BP_3_D728_S130_L001-L004_merged	19	2	1	0	1
PsFluSBW25_chrm01_circ_5125224	Pf_BP_3_D728_S130_L001-L004_merged	23	6	1	0	1
PsFluSBW25_chrm01_circ_5139833	Pf_BP_3_D728_S130_L001-L004_merged	28	5	1	0	1
PsFluSBW25_chrm01_circ_514009	Pf_BP_3_D728_S130_L001-L004_merged	30	1	1	0	1
PsFluSBW25_chrm01_circ_5176227	Pf_BP_3_D728_S130_L001-L004_merged	27	4	1	0	1
PsFluSBW25_chrm01_circ_5177634	Pf_BP_3_D728_S130_L001-L004_merged	24	8	1	0	1
PsFluSBW25_chrm01_circ_5229842	Pf_BP_3_D728_S130_L001-L004_merged	4	2	1	0	1
PsFluSBW25_chrm01_circ_5229846	Pf_BP_3_D728_S130_L001-L004_merged	4	2	1	0	1
PsFluSBW25_chrm01_circ_5229848	Pf_BP_3_D728_S130_L001-L004_merged	4	2	1	0	1
PsFluSBW25_chrm01_circ_528492	Pf_BP_3_D728_S130_L001-L004_merged	24	3	1	0	1
PsFluSBW25_chrm01_circ_5306363	Pf_BP_3_D728_S130_L001-L004_merged	22	2	1	0	1
PsFluSBW25_chrm01_circ_531839	Pf_BP_3_D728_S130_L001-L004_merged	18	1	1	0	1
PsFluSBW25_chrm01_circ_5357118	Pf_BP_3_D728_S130_L001-L004_merged	13	9	1	0	1
PsFluSBW25_chrm01_circ_5396337	Pf_BP_3_D728_S130_L001-L004_merged	21	4	1	0	1
PsFluSBW25_chrm01_circ_5408499	Pf_BP_3_D728_S130_L001-L004_merged	10	0	1	0	1
PsFluSBW25_chrm01_circ_5468527	Pf_BP_3_D728_S130_L001-L004_merged	26	4	1	0	1
PsFluSBW25_chrm01_circ_5486155	Pf_BP_3_D728_S130_L001-L004_merged	12	0	1	0	1
PsFluSBW25_chrm01_circ_5516969	Pf_BP_3_D728_S130_L001-L004_merged	36	10	1	0	1
PsFluSBW25_chrm01_circ_5524086	Pf_BP_3_D728_S130_L001-L004_merged	8	0	1	0	1
PsFluSBW25_chrm01_circ_5534536	Pf_BP_3_D728_S130_L001-L004_merged	27	8	1	0	1
PsFluSBW25_chrm01_circ_5567439	Pf_BP_3_D728_S130_L001-L004_merged	13	0	1	0	1
PsFluSBW25_chrm01_circ_5624304	Pf_BP_3_D728_S130_L001-L004_merged	29	0	1	0	1
PsFluSBW25_chrm01_circ_5667496	Pf_BP_3_D728_S130_L001-L004_merged	39	2	1	0	1
PsFluSBW25_chrm01_circ_5671868	Pf_BP_3_D728_S130_L001-L004_merged	16	6	1	0	1
PsFluSBW25_chrm01_circ_5689413	Pf_BP_3_D728_S130_L001-L004_merged	19	7	1	0	1
PsFluSBW25_chrm01_circ_5709997	Pf_BP_3_D728_S130_L001-L004_merged	28	0	1	0	1
PsFluSBW25_chrm01_circ_5715825	Pf_BP_3_D728_S130_L001-L004_merged	34	3	1	0	1
PsFluSBW25_chrm01_circ_5716515	Pf_BP_3_D728_S130_L001-L004_merged	16	3	1	0	1
PsFluSBW25_chrm01_circ_5738290	Pf_BP_3_D728_S130_L001-L004_merged	22	6	1	0	1
PsFluSBW25_chrm01_circ_574868	Pf_BP_3_D728_S130_L001-L004_merged	25	0	1	0	1
PsFluSBW25_chrm01_circ_5826120	Pf_BP_3_D728_S130_L001-L004_merged	34	7	1	0	1
PsFluSBW25_chrm01_circ_5847593	Pf_BP_3_D728_S130_L001-L004_merged	21	9	1	0	1
PsFluSBW25_chrm01_circ_5847773	Pf_BP_3_D728_S130_L001-L004_merged	40	5	1	0	1
PsFluSBW25_chrm01_circ_5857442	Pf_BP_3_D728_S130_L001-L004_merged	25	5	1	0	1
PsFluSBW25_chrm01_circ_5857775	Pf_BP_3_D728_S130_L001-L004_merged	20	7	1	0	1
PsFluSBW25_chrm01_circ_5960908	Pf_BP_3_D728_S130_L001-L004_merged	15	2	1	0	1
PsFluSBW25_chrm01_circ_5967294	Pf_BP_3_D728_S130_L001-L004_merged	26	7	1	0	1
PsFluSBW25_chrm01_circ_5971715	Pf_BP_3_D728_S130_L001-L004_merged	24	5	1	0	1
PsFluSBW25_chrm01_circ_6079939	Pf_BP_3_D728_S130_L001-L004_merged	31	0	1	0	1
PsFluSBW25_chrm01_circ_6108733	Pf_BP_3_D728_S130_L001-L004_merged	23	11	1	0	1
PsFluSBW25_chrm01_circ_6154345	Pf_BP_3_D728_S130_L001-L004_merged	31	0	1	0	1
PsFluSBW25_chrm01_circ_6162469	Pf_BP_3_D728_S130_L001-L004_merged	22	1	1	0	1
PsFluSBW25_chrm01_circ_6193873	Pf_BP_3_D728_S130_L001-L004_merged	18	0	1	0	1
PsFluSBW25_chrm01_circ_6249985	Pf_BP_3_D728_S130_L001-L004_merged	36	0	1	0	1
PsFluSBW25_chrm01_circ_6280393	Pf_BP_3_D728_S130_L001-L004_merged	22	9	1	0	1
PsFluSBW25_chrm01_circ_6396367	Pf_BP_3_D728_S130_L001-L004_merged	7	0	1	0	1
PsFluSBW25_chrm01_circ_6446610	Pf_BP_3_D728_S130_L001-L004_merged	11	0	1	0	1
PsFluSBW25_chrm01_circ_6456835	Pf_BP_3_D728_S130_L001-L004_merged	22	6	1	0	1
PsFluSBW25_chrm01_circ_6457857	Pf_BP_3_D728_S130_L001-L004_merged	15	7	1	0	1
PsFluSBW25_chrm01_circ_650867	Pf_BP_3_D728_S130_L001-L004_merged	24	7	1	0	1
PsFluSBW25_chrm01_circ_6518389	Pf_BP_3_D728_S130_L001-L004_merged	28	1	1	0	1
PsFluSBW25_chrm01_circ_721709	Pf_BP_3_D728_S130_L001-L004_merged	24	9	1	0	1
PsFluSBW25_chrm01_circ_738710	Pf_BP_3_D728_S130_L001-L004_merged	21	1	1	0	1
PsFluSBW25_chrm01_circ_789548	Pf_BP_3_D728_S130_L001-L004_merged	23	11	1	0	1
PsFluSBW25_chrm01_circ_825120	Pf_BP_3_D728_S130_L001-L004_merged	24	8	1	0	1
PsFluSBW25_chrm01_circ_839909	Pf_BP_3_D728_S130_L001-L004_merged	12	5	1	0	1
PsFluSBW25_chrm01_circ_847781	Pf_BP_3_D728_S130_L001-L004_merged	30	0	1	0	1
PsFluSBW25_chrm01_circ_866943	Pf_BP_3_D728_S130_L001-L004_merged	13	7	1	0	1
PsFluSBW25_chrm01_circ_895493	Pf_BP_3_D728_S130_L001-L004_merged	20	0	1	0	1
PsFluSBW25_chrm01_circ_90695	Pf_BP_3_D728_S130_L001-L004_merged	32	1	1	0	1
PsFluSBW25_chrm01_circ_927323	Pf_BP_3_D728_S130_L001-L004_merged	27	2	1	0	1
PsFluSBW25_chrm01_circ_927626	Pf_BP_3_D728_S130_L001-L004_merged	23	5	1	0	1
PsFluSBW25_chrm01_circ_929036	Pf_BP_3_D728_S130_L001-L004_merged	22	5	1	0	1
PsFluSBW25_chrm01_circ_929543	Pf_BP_3_D728_S130_L001-L004_merged	17	0	1	0	1
PsFluSBW25_chrm01_circ_935922	Pf_BP_3_D728_S130_L001-L004_merged	28	0	1	0	1
PsFluSBW25_chrm01_circ_935928	Pf_BP_3_D728_S130_L001-L004_merged	28	0	1	0	1
PsFluSBW25_chrm01_circ_936093	Pf_BP_3_D728_S130_L001-L004_merged	19	5	1	0	1
PsFluSBW25_chrm01_circ_95741	Pf_BP_3_D728_S130_L001-L004_merged	7	1	1	0	1
PsFluSBW25_chrm01_circ_963620	Pf_BP_3_D728_S130_L001-L004_merged	24	11	1	0	1
PsFluSBW25_chrm01_circ_994031	Pf_BP_3_D728_S130_L001-L004_merged	27	2	1	0	1
PsFluSBW25_chrm01_circ_994471	Pf_BP_3_D728_S130_L001-L004_merged	27	0	1	0	1
PsFluSBW25_chrm01_circ_1095666	Pf_BP_3_D756_S166_L001-L004_merged	8	17	1	0	1
PsFluSBW25_chrm01_circ_1168746	Pf_BP_3_D756_S166_L001-L004_merged	27	0	1	0	1
PsFluSBW25_chrm01_circ_1183695	Pf_BP_3_D756_S166_L001-L004_merged	9	7	1	0	1
PsFluSBW25_chrm01_circ_1216959	Pf_BP_3_D756_S166_L001-L004_merged	19	15	1	0	1
PsFluSBW25_chrm01_circ_1223902	Pf_BP_3_D756_S166_L001-L004_merged	23	20	1	0	1
PsFluSBW25_chrm01_circ_1268939	Pf_BP_3_D756_S166_L001-L004_merged	20	11	1	0	1
PsFluSBW25_chrm01_circ_1276483	Pf_BP_3_D756_S166_L001-L004_merged	5	0	1	0	1
PsFluSBW25_chrm01_circ_1278375	Pf_BP_3_D756_S166_L001-L004_merged	29	0	1	0	1
PsFluSBW25_chrm01_circ_1279463	Pf_BP_3_D756_S166_L001-L004_merged	18	15	1	0	1
PsFluSBW25_chrm01_circ_1302422	Pf_BP_3_D756_S166_L001-L004_merged	8	7	1	0	1
PsFluSBW25_chrm01_circ_1305492	Pf_BP_3_D756_S166_L001-L004_merged	22	10	1	0	1
PsFluSBW25_chrm01_circ_130961	Pf_BP_3_D756_S166_L001-L004_merged	16	14	1	0	1
PsFluSBW25_chrm01_circ_1352002	Pf_BP_3_D756_S166_L001-L004_merged	6	0	1	0	1
PsFluSBW25_chrm01_circ_1358965	Pf_BP_3_D756_S166_L001-L004_merged	31	0	1	0	1
PsFluSBW25_chrm01_circ_1364472	Pf_BP_3_D756_S166_L001-L004_merged	19	9	1	0	1
PsFluSBW25_chrm01_circ_1375221	Pf_BP_3_D756_S166_L001-L004_merged	8	9	1	0	1
PsFluSBW25_chrm01_circ_1416341	Pf_BP_3_D756_S166_L001-L004_merged	28	2	1	0	1
PsFluSBW25_chrm01_circ_1452004	Pf_BP_3_D756_S166_L001-L004_merged	21	4	1	0	1
PsFluSBW25_chrm01_circ_1452810	Pf_BP_3_D756_S166_L001-L004_merged	7	0	1	0	1
PsFluSBW25_chrm01_circ_1480473	Pf_BP_3_D756_S166_L001-L004_merged	12	14	1	0	1
PsFluSBW25_chrm01_circ_1514552	Pf_BP_3_D756_S166_L001-L004_merged	7	0	1	0	1
PsFluSBW25_chrm01_circ_1680055	Pf_BP_3_D756_S166_L001-L004_merged	8	0	1	0	1
PsFluSBW25_chrm01_circ_1709973	Pf_BP_3_D756_S166_L001-L004_merged	18	12	1	0	1
PsFluSBW25_chrm01_circ_1756426	Pf_BP_3_D756_S166_L001-L004_merged	26	0	1	0	1
PsFluSBW25_chrm01_circ_1778554	Pf_BP_3_D756_S166_L001-L004_merged	17	13	1	0	1
PsFluSBW25_chrm01_circ_1785786	Pf_BP_3_D756_S166_L001-L004_merged	13	0	1	0	1
PsFluSBW25_chrm01_circ_1824623	Pf_BP_3_D756_S166_L001-L004_merged	25	3	1	0	1
PsFluSBW25_chrm01_circ_1867228	Pf_BP_3_D756_S166_L001-L004_merged	17	14	1	0	1
PsFluSBW25_chrm01_circ_1875122	Pf_BP_3_D756_S166_L001-L004_merged	15	6	1	0	1
PsFluSBW25_chrm01_circ_1890465	Pf_BP_3_D756_S166_L001-L004_merged	10	10	1	0	1
PsFluSBW25_chrm01_circ_1908691	Pf_BP_3_D756_S166_L001-L004_merged	27	5	1	0	1
PsFluSBW25_chrm01_circ_1933415	Pf_BP_3_D756_S166_L001-L004_merged	26	1	1	0	1
PsFluSBW25_chrm01_circ_1965357	Pf_BP_3_D756_S166_L001-L004_merged	12	0	1	0	1
PsFluSBW25_chrm01_circ_1986756	Pf_BP_3_D756_S166_L001-L004_merged	26	0	1	0	1
PsFluSBW25_chrm01_circ_2063410	Pf_BP_3_D756_S166_L001-L004_merged	7	8	1	0	1
PsFluSBW25_chrm01_circ_2085733	Pf_BP_3_D756_S166_L001-L004_merged	19	15	1	0	1
PsFluSBW25_chrm01_circ_213914	Pf_BP_3_D756_S166_L001-L004_merged	16	2	1	0	1
PsFluSBW25_chrm01_circ_2161074	Pf_BP_3_D756_S166_L001-L004_merged	17	8	1	0	1
PsFluSBW25_chrm01_circ_2163959	Pf_BP_3_D756_S166_L001-L004_merged	21	12	1	0	1
PsFluSBW25_chrm01_circ_2167977	Pf_BP_3_D756_S166_L001-L004_merged	17	3	1	0	1
PsFluSBW25_chrm01_circ_2198957	Pf_BP_3_D756_S166_L001-L004_merged	20	5	1	0	1
PsFluSBW25_chrm01_circ_2244095	Pf_BP_3_D756_S166_L001-L004_merged	13	19	1	0	1
PsFluSBW25_chrm01_circ_2402212	Pf_BP_3_D756_S166_L001-L004_merged	21	10	1	0	1
PsFluSBW25_chrm01_circ_2453173	Pf_BP_3_D756_S166_L001-L004_merged	15	9	1	0	1
PsFluSBW25_chrm01_circ_2480284	Pf_BP_3_D756_S166_L001-L004_merged	29	0	1	0	1
PsFluSBW25_chrm01_circ_2533947	Pf_BP_3_D756_S166_L001-L004_merged	14	0	1	0	1
PsFluSBW25_chrm01_circ_2564357	Pf_BP_3_D756_S166_L001-L004_merged	26	4	1	0	1
PsFluSBW25_chrm01_circ_2692036	Pf_BP_3_D756_S166_L001-L004_merged	23	6	1	0	1
PsFluSBW25_chrm01_circ_2748923	Pf_BP_3_D756_S166_L001-L004_merged	28	3	1	0	1
PsFluSBW25_chrm01_circ_2766944	Pf_BP_3_D756_S166_L001-L004_merged	28	1	1	0	1
PsFluSBW25_chrm01_circ_2776101	Pf_BP_3_D756_S166_L001-L004_merged	21	10	1	0	1
PsFluSBW25_chrm01_circ_2844380	Pf_BP_3_D756_S166_L001-L004_merged	25	3	1	0	1
PsFluSBW25_chrm01_circ_2857080	Pf_BP_3_D756_S166_L001-L004_merged	1	5	1	0	1
PsFluSBW25_chrm01_circ_2948899	Pf_BP_3_D756_S166_L001-L004_merged	13	12	1	0	1
PsFluSBW25_chrm01_circ_2986589	Pf_BP_3_D756_S166_L001-L004_merged	13	12	1	0	1
PsFluSBW25_chrm01_circ_3046319	Pf_BP_3_D756_S166_L001-L004_merged	16	6	1	0	1
PsFluSBW25_chrm01_circ_3049960	Pf_BP_3_D756_S166_L001-L004_merged	23	3	1	0	1
PsFluSBW25_chrm01_circ_3301933	Pf_BP_3_D756_S166_L001-L004_merged	26	0	1	0	1
PsFluSBW25_chrm01_circ_3332858	Pf_BP_3_D756_S166_L001-L004_merged	13	11	1	0	1
PsFluSBW25_chrm01_circ_3351598	Pf_BP_3_D756_S166_L001-L004_merged	18	11	1	0	1
PsFluSBW25_chrm01_circ_342397	Pf_BP_3_D756_S166_L001-L004_merged	23	6	1	0	1
PsFluSBW25_chrm01_circ_3436927	Pf_BP_3_D756_S166_L001-L004_merged	19	8	1	0	1
PsFluSBW25_chrm01_circ_3456540	Pf_BP_3_D756_S166_L001-L004_merged	25	1	1	0	1
PsFluSBW25_chrm01_circ_349255	Pf_BP_3_D756_S166_L001-L004_merged	8	18	1	0	1
PsFluSBW25_chrm01_circ_37125	Pf_BP_3_D756_S166_L001-L004_merged	9	1	1	0	1
PsFluSBW25_chrm01_circ_3798211	Pf_BP_3_D756_S166_L001-L004_merged	16	9	1	0	1
PsFluSBW25_chrm01_circ_3838961	Pf_BP_3_D756_S166_L001-L004_merged	26	7	1	0	1
PsFluSBW25_chrm01_circ_3845100	Pf_BP_3_D756_S166_L001-L004_merged	19	17	1	0	1
PsFluSBW25_chrm01_circ_388609	Pf_BP_3_D756_S166_L001-L004_merged	20	7	1	0	1
PsFluSBW25_chrm01_circ_3886700	Pf_BP_3_D756_S166_L001-L004_merged	22	11	1	0	1
PsFluSBW25_chrm01_circ_4048876	Pf_BP_3_D756_S166_L001-L004_merged	13	3	1	0	1
PsFluSBW25_chrm01_circ_4062482	Pf_BP_3_D756_S166_L001-L004_merged	21	16	1	0	1
PsFluSBW25_chrm01_circ_407561	Pf_BP_3_D756_S166_L001-L004_merged	12	3	1	0	1
PsFluSBW25_chrm01_circ_4120561	Pf_BP_3_D756_S166_L001-L004_merged	18	19	1	0	1
PsFluSBW25_chrm01_circ_4155053	Pf_BP_3_D756_S166_L001-L004_merged	23	4	1	0	1
PsFluSBW25_chrm01_circ_4180044	Pf_BP_3_D756_S166_L001-L004_merged	13	18	1	0	1
PsFluSBW25_chrm01_circ_4203626	Pf_BP_3_D756_S166_L001-L004_merged	30	0	1	0	1
PsFluSBW25_chrm01_circ_425448	Pf_BP_3_D756_S166_L001-L004_merged	20	20	1	0	1
PsFluSBW25_chrm01_circ_4337542	Pf_BP_3_D756_S166_L001-L004_merged	8	12	1	0	1
PsFluSBW25_chrm01_circ_4368075	Pf_BP_3_D756_S166_L001-L004_merged	21	6	1	0	1
PsFluSBW25_chrm01_circ_441863	Pf_BP_3_D756_S166_L001-L004_merged	13	5	1	0	1
PsFluSBW25_chrm01_circ_4487200	Pf_BP_3_D756_S166_L001-L004_merged	17	16	1	0	1
PsFluSBW25_chrm01_circ_4522227	Pf_BP_3_D756_S166_L001-L004_merged	11	3	1	0	1
PsFluSBW25_chrm01_circ_4528974	Pf_BP_3_D756_S166_L001-L004_merged	14	14	1	0	1
PsFluSBW25_chrm01_circ_4566022	Pf_BP_3_D756_S166_L001-L004_merged	15	4	1	0	1
PsFluSBW25_chrm01_circ_4592386	Pf_BP_3_D756_S166_L001-L004_merged	28	3	1	0	1
PsFluSBW25_chrm01_circ_4595167	Pf_BP_3_D756_S166_L001-L004_merged	19	12	1	0	1
PsFluSBW25_chrm01_circ_4616287	Pf_BP_3_D756_S166_L001-L004_merged	16	5	1	0	1
PsFluSBW25_chrm01_circ_4644415	Pf_BP_3_D756_S166_L001-L004_merged	7	0	1	0	1
PsFluSBW25_chrm01_circ_4645653	Pf_BP_3_D756_S166_L001-L004_merged	18	3	1	0	1
PsFluSBW25_chrm01_circ_4697010	Pf_BP_3_D756_S166_L001-L004_merged	4	0	1	0	1
PsFluSBW25_chrm01_circ_470121	Pf_BP_3_D756_S166_L001-L004_merged	23	12	1	0	1
PsFluSBW25_chrm01_circ_4748517	Pf_BP_3_D756_S166_L001-L004_merged	13	12	1	0	1
PsFluSBW25_chrm01_circ_4751880	Pf_BP_3_D756_S166_L001-L004_merged	26	13	1	0	1
PsFluSBW25_chrm01_circ_4752384	Pf_BP_3_D756_S166_L001-L004_merged	25	3	1	0	1
PsFluSBW25_chrm01_circ_4803873	Pf_BP_3_D756_S166_L001-L004_merged	16	8	1	0	1
PsFluSBW25_chrm01_circ_4812193	Pf_BP_3_D756_S166_L001-L004_merged	31	3	1	0	1
PsFluSBW25_chrm01_circ_4872719	Pf_BP_3_D756_S166_L001-L004_merged	27	17	1	0	1
PsFluSBW25_chrm01_circ_4881730	Pf_BP_3_D756_S166_L001-L004_merged	7	13	1	0	1
PsFluSBW25_chrm01_circ_4931039	Pf_BP_3_D756_S166_L001-L004_merged	21	10	1	0	1
PsFluSBW25_chrm01_circ_4939038	Pf_BP_3_D756_S166_L001-L004_merged	11	16	1	0	1
PsFluSBW25_chrm01_circ_4941675	Pf_BP_3_D756_S166_L001-L004_merged	27	4	1	0	1
PsFluSBW25_chrm01_circ_4976801	Pf_BP_3_D756_S166_L001-L004_merged	8	0	1	0	1
PsFluSBW25_chrm01_circ_5004622	Pf_BP_3_D756_S166_L001-L004_merged	5	9	1	0	1
PsFluSBW25_chrm01_circ_5057411	Pf_BP_3_D756_S166_L001-L004_merged	19	2	1	0	1
PsFluSBW25_chrm01_circ_5068086	Pf_BP_3_D756_S166_L001-L004_merged	16	14	1	0	1
PsFluSBW25_chrm01_circ_5070696	Pf_BP_3_D756_S166_L001-L004_merged	15	0	1	0	1
PsFluSBW25_chrm01_circ_5088445	Pf_BP_3_D756_S166_L001-L004_merged	16	1	1	0	1
PsFluSBW25_chrm01_circ_5090218	Pf_BP_3_D756_S166_L001-L004_merged	14	13	1	0	1
PsFluSBW25_chrm01_circ_5098798	Pf_BP_3_D756_S166_L001-L004_merged	26	4	1	0	1
PsFluSBW25_chrm01_circ_5125224	Pf_BP_3_D756_S166_L001-L004_merged	18	13	1	0	1
PsFluSBW25_chrm01_circ_5139833	Pf_BP_3_D756_S166_L001-L004_merged	12	11	1	0	1
PsFluSBW25_chrm01_circ_514009	Pf_BP_3_D756_S166_L001-L004_merged	23	3	1	0	1
PsFluSBW25_chrm01_circ_5176227	Pf_BP_3_D756_S166_L001-L004_merged	18	8	1	0	1
PsFluSBW25_chrm01_circ_5177634	Pf_BP_3_D756_S166_L001-L004_merged	15	16	1	0	1
PsFluSBW25_chrm01_circ_5229842	Pf_BP_3_D756_S166_L001-L004_merged	5	0	1	0	1
PsFluSBW25_chrm01_circ_5229846	Pf_BP_3_D756_S166_L001-L004_merged	5	0	1	0	1
PsFluSBW25_chrm01_circ_5229848	Pf_BP_3_D756_S166_L001-L004_merged	5	0	1	0	1
PsFluSBW25_chrm01_circ_528492	Pf_BP_3_D756_S166_L001-L004_merged	23	11	1	0	1
PsFluSBW25_chrm01_circ_5306363	Pf_BP_3_D756_S166_L001-L004_merged	12	4	1	0	1
PsFluSBW25_chrm01_circ_531839	Pf_BP_3_D756_S166_L001-L004_merged	22	1	1	0	1
PsFluSBW25_chrm01_circ_5357118	Pf_BP_3_D756_S166_L001-L004_merged	11	10	1	0	1
PsFluSBW25_chrm01_circ_5396337	Pf_BP_3_D756_S166_L001-L004_merged	21	10	1	0	1
PsFluSBW25_chrm01_circ_5408499	Pf_BP_3_D756_S166_L001-L004_merged	6	0	1	0	1
PsFluSBW25_chrm01_circ_5468527	Pf_BP_3_D756_S166_L001-L004_merged	22	8	1	0	1
PsFluSBW25_chrm01_circ_5486155	Pf_BP_3_D756_S166_L001-L004_merged	5	0	1	0	1
PsFluSBW25_chrm01_circ_5516969	Pf_BP_3_D756_S166_L001-L004_merged	23	11	1	0	1
PsFluSBW25_chrm01_circ_5524086	Pf_BP_3_D756_S166_L001-L004_merged	16	0	1	0	1
PsFluSBW25_chrm01_circ_5534536	Pf_BP_3_D756_S166_L001-L004_merged	17	13	1	0	1
PsFluSBW25_chrm01_circ_5567439	Pf_BP_3_D756_S166_L001-L004_merged	23	6	1	0	1
PsFluSBW25_chrm01_circ_5624304	Pf_BP_3_D756_S166_L001-L004_merged	23	2	1	0	1
PsFluSBW25_chrm01_circ_5667496	Pf_BP_3_D756_S166_L001-L004_merged	21	1	1	0	1
PsFluSBW25_chrm01_circ_5671868	Pf_BP_3_D756_S166_L001-L004_merged	18	9	1	0	1
PsFluSBW25_chrm01_circ_5689413	Pf_BP_3_D756_S166_L001-L004_merged	10	12	1	0	1
PsFluSBW25_chrm01_circ_5709997	Pf_BP_3_D756_S166_L001-L004_merged	30	7	1	0	1
PsFluSBW25_chrm01_circ_5715825	Pf_BP_3_D756_S166_L001-L004_merged	30	3	1	0	1
PsFluSBW25_chrm01_circ_5716515	Pf_BP_3_D756_S166_L001-L004_merged	15	9	1	0	1
PsFluSBW25_chrm01_circ_5738290	Pf_BP_3_D756_S166_L001-L004_merged	14	7	1	0	1
PsFluSBW25_chrm01_circ_574868	Pf_BP_3_D756_S166_L001-L004_merged	12	1	1	0	1
PsFluSBW25_chrm01_circ_5826120	Pf_BP_3_D756_S166_L001-L004_merged	22	5	1	0	1
PsFluSBW25_chrm01_circ_5847593	Pf_BP_3_D756_S166_L001-L004_merged	10	7	1	0	1
PsFluSBW25_chrm01_circ_5847773	Pf_BP_3_D756_S166_L001-L004_merged	19	11	1	0	1
PsFluSBW25_chrm01_circ_5857442	Pf_BP_3_D756_S166_L001-L004_merged	26	2	1	0	1
PsFluSBW25_chrm01_circ_5857775	Pf_BP_3_D756_S166_L001-L004_merged	19	14	1	0	1
PsFluSBW25_chrm01_circ_5960908	Pf_BP_3_D756_S166_L001-L004_merged	25	19	1	0	1
PsFluSBW25_chrm01_circ_5967294	Pf_BP_3_D756_S166_L001-L004_merged	13	14	1	0	1
PsFluSBW25_chrm01_circ_5971715	Pf_BP_3_D756_S166_L001-L004_merged	21	8	1	0	1
PsFluSBW25_chrm01_circ_6079939	Pf_BP_3_D756_S166_L001-L004_merged	29	3	1	0	1
PsFluSBW25_chrm01_circ_6108733	Pf_BP_3_D756_S166_L001-L004_merged	12	7	1	0	1
PsFluSBW25_chrm01_circ_6154345	Pf_BP_3_D756_S166_L001-L004_merged	33	0	1	0	1
PsFluSBW25_chrm01_circ_6162469	Pf_BP_3_D756_S166_L001-L004_merged	19	3	1	0	1
PsFluSBW25_chrm01_circ_6193873	Pf_BP_3_D756_S166_L001-L004_merged	13	0	1	0	1
PsFluSBW25_chrm01_circ_6249985	Pf_BP_3_D756_S166_L001-L004_merged	23	3	1	0	1
PsFluSBW25_chrm01_circ_6280393	Pf_BP_3_D756_S166_L001-L004_merged	13	15	1	0	1
PsFluSBW25_chrm01_circ_6396367	Pf_BP_3_D756_S166_L001-L004_merged	4	0	1	0	1
PsFluSBW25_chrm01_circ_6446610	Pf_BP_3_D756_S166_L001-L004_merged	5	0	1	0	1
PsFluSBW25_chrm01_circ_6456835	Pf_BP_3_D756_S166_L001-L004_merged	17	4	1	0	1
PsFluSBW25_chrm01_circ_6457857	Pf_BP_3_D756_S166_L001-L004_merged	21	3	1	0	1
PsFluSBW25_chrm01_circ_650867	Pf_BP_3_D756_S166_L001-L004_merged	14	17	1	0	1
PsFluSBW25_chrm01_circ_6518389	Pf_BP_3_D756_S166_L001-L004_merged	23	5	1	0	1
PsFluSBW25_chrm01_circ_721709	Pf_BP_3_D756_S166_L001-L004_merged	21	17	1	0	1
PsFluSBW25_chrm01_circ_738710	Pf_BP_3_D756_S166_L001-L004_merged	22	3	1	0	1
PsFluSBW25_chrm01_circ_789548	Pf_BP_3_D756_S166_L001-L004_merged	15	14	1	0	1
PsFluSBW25_chrm01_circ_825120	Pf_BP_3_D756_S166_L001-L004_merged	12	9	1	0	1
PsFluSBW25_chrm01_circ_839909	Pf_BP_3_D756_S166_L001-L004_merged	21	17	1	0	1
PsFluSBW25_chrm01_circ_847781	Pf_BP_3_D756_S166_L001-L004_merged	18	2	1	0	1
PsFluSBW25_chrm01_circ_866943	Pf_BP_3_D756_S166_L001-L004_merged	4	6	1	0	1
PsFluSBW25_chrm01_circ_895493	Pf_BP_3_D756_S166_L001-L004_merged	6	0	1	0	1
PsFluSBW25_chrm01_circ_90695	Pf_BP_3_D756_S166_L001-L004_merged	23	2	1	0	1
PsFluSBW25_chrm01_circ_927323	Pf_BP_3_D756_S166_L001-L004_merged	19	2	1	0	1
PsFluSBW25_chrm01_circ_927626	Pf_BP_3_D756_S166_L001-L004_merged	35	7	1	0	1
PsFluSBW25_chrm01_circ_929036	Pf_BP_3_D756_S166_L001-L004_merged	23	1	1	0	1
PsFluSBW25_chrm01_circ_929543	Pf_BP_3_D756_S166_L001-L004_merged	24	0	1	0	1
PsFluSBW25_chrm01_circ_935922	Pf_BP_3_D756_S166_L001-L004_merged	21	0	1	0	1
PsFluSBW25_chrm01_circ_935928	Pf_BP_3_D756_S166_L001-L004_merged	19	0	1	0	1
PsFluSBW25_chrm01_circ_936093	Pf_BP_3_D756_S166_L001-L004_merged	16	4	1	0	1
PsFluSBW25_chrm01_circ_95741	Pf_BP_3_D756_S166_L001-L004_merged	14	0	1	0	1
PsFluSBW25_chrm01_circ_963620	Pf_BP_3_D756_S166_L001-L004_merged	18	12	1	0	1
PsFluSBW25_chrm01_circ_994031	Pf_BP_3_D756_S166_L001-L004_merged	29	5	1	0	1
PsFluSBW25_chrm01_circ_994471	Pf_BP_3_D756_S166_L001-L004_merged	19	0	1	0	1
PsFluSBW25_chrm01_circ_1095666	Pf_BP_3_D784_S107_L001-L004_merged	12	6	1	0	1
PsFluSBW25_chrm01_circ_1168746	Pf_BP_3_D784_S107_L001-L004_merged	30	0	1	0	1
PsFluSBW25_chrm01_circ_1183695	Pf_BP_3_D784_S107_L001-L004_merged	8	9	1	0	1
PsFluSBW25_chrm01_circ_1216959	Pf_BP_3_D784_S107_L001-L004_merged	13	22	1	0	1
PsFluSBW25_chrm01_circ_1223902	Pf_BP_3_D784_S107_L001-L004_merged	13	13	1	0	1
PsFluSBW25_chrm01_circ_1268939	Pf_BP_3_D784_S107_L001-L004_merged	17	14	1	0	1
PsFluSBW25_chrm01_circ_1276483	Pf_BP_3_D784_S107_L001-L004_merged	13	0	1	0	1
PsFluSBW25_chrm01_circ_1278375	Pf_BP_3_D784_S107_L001-L004_merged	31	0	1	0	1
PsFluSBW25_chrm01_circ_1279463	Pf_BP_3_D784_S107_L001-L004_merged	19	19	1	0	1
PsFluSBW25_chrm01_circ_1302422	Pf_BP_3_D784_S107_L001-L004_merged	21	11	1	0	1
PsFluSBW25_chrm01_circ_1305492	Pf_BP_3_D784_S107_L001-L004_merged	29	14	1	0	1
PsFluSBW25_chrm01_circ_130961	Pf_BP_3_D784_S107_L001-L004_merged	13	16	1	0	1
PsFluSBW25_chrm01_circ_1352002	Pf_BP_3_D784_S107_L001-L004_merged	10	0	1	0	1
PsFluSBW25_chrm01_circ_1358965	Pf_BP_3_D784_S107_L001-L004_merged	37	0	1	0	1
PsFluSBW25_chrm01_circ_1364472	Pf_BP_3_D784_S107_L001-L004_merged	21	8	1	0	1
PsFluSBW25_chrm01_circ_1375221	Pf_BP_3_D784_S107_L001-L004_merged	16	8	1	0	1
PsFluSBW25_chrm01_circ_1416341	Pf_BP_3_D784_S107_L001-L004_merged	15	0	1	0	1
PsFluSBW25_chrm01_circ_1452004	Pf_BP_3_D784_S107_L001-L004_merged	22	5	1	0	1
PsFluSBW25_chrm01_circ_1452810	Pf_BP_3_D784_S107_L001-L004_merged	8	0	1	0	1
PsFluSBW25_chrm01_circ_1480473	Pf_BP_3_D784_S107_L001-L004_merged	13	12	1	0	1
PsFluSBW25_chrm01_circ_1514552	Pf_BP_3_D784_S107_L001-L004_merged	11	1	1	0	1
PsFluSBW25_chrm01_circ_1680055	Pf_BP_3_D784_S107_L001-L004_merged	13	0	1	0	1
PsFluSBW25_chrm01_circ_1709973	Pf_BP_3_D784_S107_L001-L004_merged	13	16	1	0	1
PsFluSBW25_chrm01_circ_1756426	Pf_BP_3_D784_S107_L001-L004_merged	22	1	1	0	1
PsFluSBW25_chrm01_circ_1778554	Pf_BP_3_D784_S107_L001-L004_merged	10	13	1	0	1
PsFluSBW25_chrm01_circ_1785786	Pf_BP_3_D784_S107_L001-L004_merged	7	0	1	0	1
PsFluSBW25_chrm01_circ_1824623	Pf_BP_3_D784_S107_L001-L004_merged	22	5	1	0	1
PsFluSBW25_chrm01_circ_1867228	Pf_BP_3_D784_S107_L001-L004_merged	17	7	1	0	1
PsFluSBW25_chrm01_circ_1875122	Pf_BP_3_D784_S107_L001-L004_merged	14	13	1	0	1
PsFluSBW25_chrm01_circ_1890465	Pf_BP_3_D784_S107_L001-L004_merged	14	10	1	0	1
PsFluSBW25_chrm01_circ_1908691	Pf_BP_3_D784_S107_L001-L004_merged	27	2	1	0	1
PsFluSBW25_chrm01_circ_1933415	Pf_BP_3_D784_S107_L001-L004_merged	41	3	1	0	1
PsFluSBW25_chrm01_circ_1965357	Pf_BP_3_D784_S107_L001-L004_merged	18	0	1	0	1
PsFluSBW25_chrm01_circ_1986756	Pf_BP_3_D784_S107_L001-L004_merged	27	4	1	0	1
PsFluSBW25_chrm01_circ_2063410	Pf_BP_3_D784_S107_L001-L004_merged	11	9	1	0	1
PsFluSBW25_chrm01_circ_2085733	Pf_BP_3_D784_S107_L001-L004_merged	16	12	1	0	1
PsFluSBW25_chrm01_circ_213914	Pf_BP_3_D784_S107_L001-L004_merged	15	2	1	0	1
PsFluSBW25_chrm01_circ_2161074	Pf_BP_3_D784_S107_L001-L004_merged	21	14	1	0	1
PsFluSBW25_chrm01_circ_2163959	Pf_BP_3_D784_S107_L001-L004_merged	12	13	1	0	1
PsFluSBW25_chrm01_circ_2167977	Pf_BP_3_D784_S107_L001-L004_merged	18	12	1	0	1
PsFluSBW25_chrm01_circ_2198957	Pf_BP_3_D784_S107_L001-L004_merged	23	8	1	0	1
PsFluSBW25_chrm01_circ_2244095	Pf_BP_3_D784_S107_L001-L004_merged	13	11	1	0	1
PsFluSBW25_chrm01_circ_2402212	Pf_BP_3_D784_S107_L001-L004_merged	20	11	1	0	1
PsFluSBW25_chrm01_circ_2453173	Pf_BP_3_D784_S107_L001-L004_merged	12	17	1	0	1
PsFluSBW25_chrm01_circ_2480284	Pf_BP_3_D784_S107_L001-L004_merged	35	0	1	0	1
PsFluSBW25_chrm01_circ_2533947	Pf_BP_3_D784_S107_L001-L004_merged	15	0	1	0	1
PsFluSBW25_chrm01_circ_2564357	Pf_BP_3_D784_S107_L001-L004_merged	27	4	1	0	1
PsFluSBW25_chrm01_circ_2692036	Pf_BP_3_D784_S107_L001-L004_merged	20	5	1	0	1
PsFluSBW25_chrm01_circ_2748923	Pf_BP_3_D784_S107_L001-L004_merged	26	9	1	0	1
PsFluSBW25_chrm01_circ_2766944	Pf_BP_3_D784_S107_L001-L004_merged	24	1	1	0	1
PsFluSBW25_chrm01_circ_2776101	Pf_BP_3_D784_S107_L001-L004_merged	12	24	1	0	1
PsFluSBW25_chrm01_circ_2844380	Pf_BP_3_D784_S107_L001-L004_merged	24	4	1	0	1
PsFluSBW25_chrm01_circ_2857080	Pf_BP_3_D784_S107_L001-L004_merged	5	8	1	0	1
PsFluSBW25_chrm01_circ_2948899	Pf_BP_3_D784_S107_L001-L004_merged	17	11	1	0	1
PsFluSBW25_chrm01_circ_2986589	Pf_BP_3_D784_S107_L001-L004_merged	19	9	1	0	1
PsFluSBW25_chrm01_circ_3046319	Pf_BP_3_D784_S107_L001-L004_merged	18	14	1	0	1
PsFluSBW25_chrm01_circ_3049960	Pf_BP_3_D784_S107_L001-L004_merged	31	10	1	0	1
PsFluSBW25_chrm01_circ_3301933	Pf_BP_3_D784_S107_L001-L004_merged	30	0	1	0	1
PsFluSBW25_chrm01_circ_3332858	Pf_BP_3_D784_S107_L001-L004_merged	13	11	1	0	1
PsFluSBW25_chrm01_circ_3351598	Pf_BP_3_D784_S107_L001-L004_merged	17	16	1	0	1
PsFluSBW25_chrm01_circ_342397	Pf_BP_3_D784_S107_L001-L004_merged	26	4	1	0	1
PsFluSBW25_chrm01_circ_3436927	Pf_BP_3_D784_S107_L001-L004_merged	20	17	1	0	1
PsFluSBW25_chrm01_circ_3456540	Pf_BP_3_D784_S107_L001-L004_merged	26	1	1	0	1
PsFluSBW25_chrm01_circ_349255	Pf_BP_3_D784_S107_L001-L004_merged	1	16	1	0	1
PsFluSBW25_chrm01_circ_37125	Pf_BP_3_D784_S107_L001-L004_merged	10	0	1	0	1
PsFluSBW25_chrm01_circ_3798211	Pf_BP_3_D784_S107_L001-L004_merged	12	17	1	0	1
PsFluSBW25_chrm01_circ_3838961	Pf_BP_3_D784_S107_L001-L004_merged	23	6	1	0	1
PsFluSBW25_chrm01_circ_3845100	Pf_BP_3_D784_S107_L001-L004_merged	19	18	1	0	1
PsFluSBW25_chrm01_circ_388609	Pf_BP_3_D784_S107_L001-L004_merged	6	14	1	0	1
PsFluSBW25_chrm01_circ_3886700	Pf_BP_3_D784_S107_L001-L004_merged	16	19	1	0	1
PsFluSBW25_chrm01_circ_4048876	Pf_BP_3_D784_S107_L001-L004_merged	17	8	1	0	1
PsFluSBW25_chrm01_circ_4062482	Pf_BP_3_D784_S107_L001-L004_merged	9	14	1	0	1
PsFluSBW25_chrm01_circ_407561	Pf_BP_3_D784_S107_L001-L004_merged	21	2	1	0	1
PsFluSBW25_chrm01_circ_4120561	Pf_BP_3_D784_S107_L001-L004_merged	18	15	1	0	1
PsFluSBW25_chrm01_circ_4155053	Pf_BP_3_D784_S107_L001-L004_merged	24	14	1	0	1
PsFluSBW25_chrm01_circ_4180044	Pf_BP_3_D784_S107_L001-L004_merged	15	14	1	0	1
PsFluSBW25_chrm01_circ_4203626	Pf_BP_3_D784_S107_L001-L004_merged	21	0	1	0	1
PsFluSBW25_chrm01_circ_425448	Pf_BP_3_D784_S107_L001-L004_merged	20	13	1	0	1
PsFluSBW25_chrm01_circ_4337542	Pf_BP_3_D784_S107_L001-L004_merged	15	11	1	0	1
PsFluSBW25_chrm01_circ_4368075	Pf_BP_3_D784_S107_L001-L004_merged	18	9	1	0	1
PsFluSBW25_chrm01_circ_441863	Pf_BP_3_D784_S107_L001-L004_merged	23	6	1	0	1
PsFluSBW25_chrm01_circ_4487200	Pf_BP_3_D784_S107_L001-L004_merged	19	13	1	0	1
PsFluSBW25_chrm01_circ_4522227	Pf_BP_3_D784_S107_L001-L004_merged	14	3	1	0	1
PsFluSBW25_chrm01_circ_4528974	Pf_BP_3_D784_S107_L001-L004_merged	17	20	1	0	1
PsFluSBW25_chrm01_circ_4566022	Pf_BP_3_D784_S107_L001-L004_merged	14	10	1	0	1
PsFluSBW25_chrm01_circ_4592386	Pf_BP_3_D784_S107_L001-L004_merged	25	5	1	0	1
PsFluSBW25_chrm01_circ_4595167	Pf_BP_3_D784_S107_L001-L004_merged	17	15	1	0	1
PsFluSBW25_chrm01_circ_4616287	Pf_BP_3_D784_S107_L001-L004_merged	12	5	1	0	1
PsFluSBW25_chrm01_circ_4644415	Pf_BP_3_D784_S107_L001-L004_merged	12	0	1	0	1
PsFluSBW25_chrm01_circ_4645653	Pf_BP_3_D784_S107_L001-L004_merged	21	3	1	0	1
PsFluSBW25_chrm01_circ_4697010	Pf_BP_3_D784_S107_L001-L004_merged	10	0	1	0	1
PsFluSBW25_chrm01_circ_470121	Pf_BP_3_D784_S107_L001-L004_merged	23	16	1	0	1
PsFluSBW25_chrm01_circ_4748517	Pf_BP_3_D784_S107_L001-L004_merged	11	12	1	0	1
PsFluSBW25_chrm01_circ_4751880	Pf_BP_3_D784_S107_L001-L004_merged	30	15	1	0	1
PsFluSBW25_chrm01_circ_4752384	Pf_BP_3_D784_S107_L001-L004_merged	19	8	1	0	1
PsFluSBW25_chrm01_circ_4803873	Pf_BP_3_D784_S107_L001-L004_merged	16	15	1	0	1
PsFluSBW25_chrm01_circ_4812193	Pf_BP_3_D784_S107_L001-L004_merged	31	6	1	0	1
PsFluSBW25_chrm01_circ_4872719	Pf_BP_3_D784_S107_L001-L004_merged	14	17	1	0	1
PsFluSBW25_chrm01_circ_4881730	Pf_BP_3_D784_S107_L001-L004_merged	20	13	1	0	1
PsFluSBW25_chrm01_circ_4931039	Pf_BP_3_D784_S107_L001-L004_merged	19	16	1	0	1
PsFluSBW25_chrm01_circ_4939038	Pf_BP_3_D784_S107_L001-L004_merged	20	14	1	0	1
PsFluSBW25_chrm01_circ_4941675	Pf_BP_3_D784_S107_L001-L004_merged	26	4	1	0	1
PsFluSBW25_chrm01_circ_4976801	Pf_BP_3_D784_S107_L001-L004_merged	17	0	1	0	1
PsFluSBW25_chrm01_circ_5004622	Pf_BP_3_D784_S107_L001-L004_merged	16	14	1	0	1
PsFluSBW25_chrm01_circ_5057411	Pf_BP_3_D784_S107_L001-L004_merged	18	3	1	0	1
PsFluSBW25_chrm01_circ_5068086	Pf_BP_3_D784_S107_L001-L004_merged	20	14	1	0	1
PsFluSBW25_chrm01_circ_5070696	Pf_BP_3_D784_S107_L001-L004_merged	19	0	1	0	1
PsFluSBW25_chrm01_circ_5088445	Pf_BP_3_D784_S107_L001-L004_merged	21	2	1	0	1
PsFluSBW25_chrm01_circ_5090218	Pf_BP_3_D784_S107_L001-L004_merged	20	13	1	0	1
PsFluSBW25_chrm01_circ_5098798	Pf_BP_3_D784_S107_L001-L004_merged	22	3	1	0	1
PsFluSBW25_chrm01_circ_5125224	Pf_BP_3_D784_S107_L001-L004_merged	10	10	1	0	1
PsFluSBW25_chrm01_circ_5139833	Pf_BP_3_D784_S107_L001-L004_merged	17	9	1	0	1
PsFluSBW25_chrm01_circ_514009	Pf_BP_3_D784_S107_L001-L004_merged	17	5	1	0	1
PsFluSBW25_chrm01_circ_5176227	Pf_BP_3_D784_S107_L001-L004_merged	18	9	1	0	1
PsFluSBW25_chrm01_circ_5177634	Pf_BP_3_D784_S107_L001-L004_merged	9	13	1	0	1
PsFluSBW25_chrm01_circ_5229842	Pf_BP_3_D784_S107_L001-L004_merged	8	0	1	0	1
PsFluSBW25_chrm01_circ_5229846	Pf_BP_3_D784_S107_L001-L004_merged	8	0	1	0	1
PsFluSBW25_chrm01_circ_5229848	Pf_BP_3_D784_S107_L001-L004_merged	8	0	1	0	1
PsFluSBW25_chrm01_circ_528492	Pf_BP_3_D784_S107_L001-L004_merged	29	10	1	0	1
PsFluSBW25_chrm01_circ_5306363	Pf_BP_3_D784_S107_L001-L004_merged	18	12	1	0	1
PsFluSBW25_chrm01_circ_531839	Pf_BP_3_D784_S107_L001-L004_merged	28	0	1	0	1
PsFluSBW25_chrm01_circ_5357118	Pf_BP_3_D784_S107_L001-L004_merged	10	11	1	0	1
PsFluSBW25_chrm01_circ_5396337	Pf_BP_3_D784_S107_L001-L004_merged	14	10	1	0	1
PsFluSBW25_chrm01_circ_5408499	Pf_BP_3_D784_S107_L001-L004_merged	5	0	1	0	1
PsFluSBW25_chrm01_circ_5468527	Pf_BP_3_D784_S107_L001-L004_merged	27	16	1	0	1
PsFluSBW25_chrm01_circ_5486155	Pf_BP_3_D784_S107_L001-L004_merged	5	0	1	0	1
PsFluSBW25_chrm01_circ_5516969	Pf_BP_3_D784_S107_L001-L004_merged	24	17	1	0	1
PsFluSBW25_chrm01_circ_5524086	Pf_BP_3_D784_S107_L001-L004_merged	12	0	1	0	1
PsFluSBW25_chrm01_circ_5534536	Pf_BP_3_D784_S107_L001-L004_merged	19	9	1	0	1
PsFluSBW25_chrm01_circ_5567439	Pf_BP_3_D784_S107_L001-L004_merged	24	6	1	0	1
PsFluSBW25_chrm01_circ_5624304	Pf_BP_3_D784_S107_L001-L004_merged	28	6	1	0	1
PsFluSBW25_chrm01_circ_5667496	Pf_BP_3_D784_S107_L001-L004_merged	28	2	1	0	1
PsFluSBW25_chrm01_circ_5671868	Pf_BP_3_D784_S107_L001-L004_merged	8	13	1	0	1
PsFluSBW25_chrm01_circ_5689413	Pf_BP_3_D784_S107_L001-L004_merged	19	20	1	0	1
PsFluSBW25_chrm01_circ_5709997	Pf_BP_3_D784_S107_L001-L004_merged	21	5	1	0	1
PsFluSBW25_chrm01_circ_5715825	Pf_BP_3_D784_S107_L001-L004_merged	27	5	1	0	1
PsFluSBW25_chrm01_circ_5716515	Pf_BP_3_D784_S107_L001-L004_merged	10	9	1	0	1
PsFluSBW25_chrm01_circ_5738290	Pf_BP_3_D784_S107_L001-L004_merged	18	11	1	0	1
PsFluSBW25_chrm01_circ_574868	Pf_BP_3_D784_S107_L001-L004_merged	33	8	1	0	1
PsFluSBW25_chrm01_circ_5826120	Pf_BP_3_D784_S107_L001-L004_merged	22	6	1	0	1
PsFluSBW25_chrm01_circ_5847593	Pf_BP_3_D784_S107_L001-L004_merged	18	18	1	0	1
PsFluSBW25_chrm01_circ_5847773	Pf_BP_3_D784_S107_L001-L004_merged	22	8	1	0	1
PsFluSBW25_chrm01_circ_5857442	Pf_BP_3_D784_S107_L001-L004_merged	17	5	1	0	1
PsFluSBW25_chrm01_circ_5857775	Pf_BP_3_D784_S107_L001-L004_merged	12	11	1	0	1
PsFluSBW25_chrm01_circ_5960908	Pf_BP_3_D784_S107_L001-L004_merged	27	11	1	0	1
PsFluSBW25_chrm01_circ_5967294	Pf_BP_3_D784_S107_L001-L004_merged	12	20	1	0	1
PsFluSBW25_chrm01_circ_5971715	Pf_BP_3_D784_S107_L001-L004_merged	24	19	1	0	1
PsFluSBW25_chrm01_circ_6079939	Pf_BP_3_D784_S107_L001-L004_merged	27	1	1	0	1
PsFluSBW25_chrm01_circ_6108733	Pf_BP_3_D784_S107_L001-L004_merged	21	15	1	0	1
PsFluSBW25_chrm01_circ_6154345	Pf_BP_3_D784_S107_L001-L004_merged	31	0	1	0	1
PsFluSBW25_chrm01_circ_6162469	Pf_BP_3_D784_S107_L001-L004_merged	37	4	1	0	1
PsFluSBW25_chrm01_circ_6193873	Pf_BP_3_D784_S107_L001-L004_merged	12	0	1	0	1
PsFluSBW25_chrm01_circ_6249985	Pf_BP_3_D784_S107_L001-L004_merged	23	5	1	0	1
PsFluSBW25_chrm01_circ_6280393	Pf_BP_3_D784_S107_L001-L004_merged	14	28	1	0	1
PsFluSBW25_chrm01_circ_6396367	Pf_BP_3_D784_S107_L001-L004_merged	10	0	1	0	1
PsFluSBW25_chrm01_circ_6446610	Pf_BP_3_D784_S107_L001-L004_merged	11	0	1	0	1
PsFluSBW25_chrm01_circ_6456835	Pf_BP_3_D784_S107_L001-L004_merged	23	4	1	0	1
PsFluSBW25_chrm01_circ_6457857	Pf_BP_3_D784_S107_L001-L004_merged	14	3	1	0	1
PsFluSBW25_chrm01_circ_650867	Pf_BP_3_D784_S107_L001-L004_merged	27	11	1	0	1
PsFluSBW25_chrm01_circ_6518389	Pf_BP_3_D784_S107_L001-L004_merged	18	9	1	0	1
PsFluSBW25_chrm01_circ_721709	Pf_BP_3_D784_S107_L001-L004_merged	23	16	1	0	1
PsFluSBW25_chrm01_circ_738710	Pf_BP_3_D784_S107_L001-L004_merged	19	4	1	0	1
PsFluSBW25_chrm01_circ_789548	Pf_BP_3_D784_S107_L001-L004_merged	20	8	1	0	1
PsFluSBW25_chrm01_circ_825120	Pf_BP_3_D784_S107_L001-L004_merged	16	24	1	0	1
PsFluSBW25_chrm01_circ_839909	Pf_BP_3_D784_S107_L001-L004_merged	12	20	1	0	1
PsFluSBW25_chrm01_circ_847781	Pf_BP_3_D784_S107_L001-L004_merged	21	2	1	0	1
PsFluSBW25_chrm01_circ_866943	Pf_BP_3_D784_S107_L001-L004_merged	9	9	1	0	1
PsFluSBW25_chrm01_circ_895493	Pf_BP_3_D784_S107_L001-L004_merged	10	0	1	0	1
PsFluSBW25_chrm01_circ_90695	Pf_BP_3_D784_S107_L001-L004_merged	31	3	1	0	1
PsFluSBW25_chrm01_circ_927323	Pf_BP_3_D784_S107_L001-L004_merged	23	4	1	0	1
PsFluSBW25_chrm01_circ_927626	Pf_BP_3_D784_S107_L001-L004_merged	36	4	1	0	1
PsFluSBW25_chrm01_circ_929036	Pf_BP_3_D784_S107_L001-L004_merged	40	2	1	0	1
PsFluSBW25_chrm01_circ_929543	Pf_BP_3_D784_S107_L001-L004_merged	26	0	1	0	1
PsFluSBW25_chrm01_circ_935922	Pf_BP_3_D784_S107_L001-L004_merged	29	2	1	0	1
PsFluSBW25_chrm01_circ_935928	Pf_BP_3_D784_S107_L001-L004_merged	29	2	1	0	1
PsFluSBW25_chrm01_circ_936093	Pf_BP_3_D784_S107_L001-L004_merged	28	1	1	0	1
PsFluSBW25_chrm01_circ_95741	Pf_BP_3_D784_S107_L001-L004_merged	12	1	1	0	1
PsFluSBW25_chrm01_circ_963620	Pf_BP_3_D784_S107_L001-L004_merged	17	15	1	0	1
PsFluSBW25_chrm01_circ_994031	Pf_BP_3_D784_S107_L001-L004_merged	19	8	1	0	1
PsFluSBW25_chrm01_circ_994471	Pf_BP_3_D784_S107_L001-L004_merged	23	0	1	0	1
PsFluSBW25_chrm01_circ_1095666	Pf_BP_3_D84_S13_L001-L004_merged	47	0	1	0	1
PsFluSBW25_chrm01_circ_1168746	Pf_BP_3_D84_S13_L001-L004_merged	41	0	1	0	1
PsFluSBW25_chrm01_circ_1183695	Pf_BP_3_D84_S13_L001-L004_merged	25	0	1	0	1
PsFluSBW25_chrm01_circ_1216959	Pf_BP_3_D84_S13_L001-L004_merged	35	0	1	0	1
PsFluSBW25_chrm01_circ_1223902	Pf_BP_3_D84_S13_L001-L004_merged	34	0	1	0	1
PsFluSBW25_chrm01_circ_1268939	Pf_BP_3_D84_S13_L001-L004_merged	44	0	1	0	1
PsFluSBW25_chrm01_circ_1276483	Pf_BP_3_D84_S13_L001-L004_merged	9	0	1	0	1
PsFluSBW25_chrm01_circ_1278375	Pf_BP_3_D84_S13_L001-L004_merged	38	0	1	0	1
PsFluSBW25_chrm01_circ_1279463	Pf_BP_3_D84_S13_L001-L004_merged	33	0	1	0	1
PsFluSBW25_chrm01_circ_1302422	Pf_BP_3_D84_S13_L001-L004_merged	32	0	1	0	1
PsFluSBW25_chrm01_circ_1305492	Pf_BP_3_D84_S13_L001-L004_merged	52	0	1	0	1
PsFluSBW25_chrm01_circ_130961	Pf_BP_3_D84_S13_L001-L004_merged	40	0	1	0	1
PsFluSBW25_chrm01_circ_1352002	Pf_BP_3_D84_S13_L001-L004_merged	12	0	1	0	1
PsFluSBW25_chrm01_circ_1358965	Pf_BP_3_D84_S13_L001-L004_merged	21	18	1	0	1
PsFluSBW25_chrm01_circ_1364472	Pf_BP_3_D84_S13_L001-L004_merged	42	0	1	0	1
PsFluSBW25_chrm01_circ_1375221	Pf_BP_3_D84_S13_L001-L004_merged	32	0	1	0	1
PsFluSBW25_chrm01_circ_1416341	Pf_BP_3_D84_S13_L001-L004_merged	29	0	1	0	1
PsFluSBW25_chrm01_circ_1452004	Pf_BP_3_D84_S13_L001-L004_merged	34	0	1	0	1
PsFluSBW25_chrm01_circ_1452810	Pf_BP_3_D84_S13_L001-L004_merged	16	0	1	0	1
PsFluSBW25_chrm01_circ_1480473	Pf_BP_3_D84_S13_L001-L004_merged	19	0	1	0	1
PsFluSBW25_chrm01_circ_1514552	Pf_BP_3_D84_S13_L001-L004_merged	11	0	1	0	1
PsFluSBW25_chrm01_circ_1680055	Pf_BP_3_D84_S13_L001-L004_merged	8	0	1	0	1
PsFluSBW25_chrm01_circ_1709973	Pf_BP_3_D84_S13_L001-L004_merged	39	0	1	0	1
PsFluSBW25_chrm01_circ_1756426	Pf_BP_3_D84_S13_L001-L004_merged	31	0	1	0	1
PsFluSBW25_chrm01_circ_1778554	Pf_BP_3_D84_S13_L001-L004_merged	33	0	1	0	1
PsFluSBW25_chrm01_circ_1785786	Pf_BP_3_D84_S13_L001-L004_merged	12	0	1	0	1
PsFluSBW25_chrm01_circ_1824623	Pf_BP_3_D84_S13_L001-L004_merged	39	1	1	0	1
PsFluSBW25_chrm01_circ_1867228	Pf_BP_3_D84_S13_L001-L004_merged	35	0	1	0	1
PsFluSBW25_chrm01_circ_1875122	Pf_BP_3_D84_S13_L001-L004_merged	26	0	1	0	1
PsFluSBW25_chrm01_circ_1890465	Pf_BP_3_D84_S13_L001-L004_merged	39	0	1	0	1
PsFluSBW25_chrm01_circ_1908691	Pf_BP_3_D84_S13_L001-L004_merged	22	0	1	0	1
PsFluSBW25_chrm01_circ_1933415	Pf_BP_3_D84_S13_L001-L004_merged	45	0	1	0	1
PsFluSBW25_chrm01_circ_1965357	Pf_BP_3_D84_S13_L001-L004_merged	24	1	1	0	1
PsFluSBW25_chrm01_circ_1986756	Pf_BP_3_D84_S13_L001-L004_merged	32	0	1	0	1
PsFluSBW25_chrm01_circ_2063410	Pf_BP_3_D84_S13_L001-L004_merged	21	0	1	0	1
PsFluSBW25_chrm01_circ_2085733	Pf_BP_3_D84_S13_L001-L004_merged	42	0	1	0	1
PsFluSBW25_chrm01_circ_213914	Pf_BP_3_D84_S13_L001-L004_merged	20	0	1	0	1
PsFluSBW25_chrm01_circ_2161074	Pf_BP_3_D84_S13_L001-L004_merged	34	0	1	0	1
PsFluSBW25_chrm01_circ_2163959	Pf_BP_3_D84_S13_L001-L004_merged	35	0	1	0	1
PsFluSBW25_chrm01_circ_2167977	Pf_BP_3_D84_S13_L001-L004_merged	35	0	1	0	1
PsFluSBW25_chrm01_circ_2198957	Pf_BP_3_D84_S13_L001-L004_merged	30	0	1	0	1
PsFluSBW25_chrm01_circ_2244095	Pf_BP_3_D84_S13_L001-L004_merged	36	0	1	0	1
PsFluSBW25_chrm01_circ_2402212	Pf_BP_3_D84_S13_L001-L004_merged	35	0	1	0	1
PsFluSBW25_chrm01_circ_2453173	Pf_BP_3_D84_S13_L001-L004_merged	27	0	1	0	1
PsFluSBW25_chrm01_circ_2480284	Pf_BP_3_D84_S13_L001-L004_merged	44	0	1	0	1
PsFluSBW25_chrm01_circ_2533947	Pf_BP_3_D84_S13_L001-L004_merged	17	0	1	0	1
PsFluSBW25_chrm01_circ_2564357	Pf_BP_3_D84_S13_L001-L004_merged	41	0	1	0	1
PsFluSBW25_chrm01_circ_2692036	Pf_BP_3_D84_S13_L001-L004_merged	27	0	1	0	1
PsFluSBW25_chrm01_circ_2748923	Pf_BP_3_D84_S13_L001-L004_merged	40	0	1	0	1
PsFluSBW25_chrm01_circ_2766944	Pf_BP_3_D84_S13_L001-L004_merged	50	0	1	0	1
PsFluSBW25_chrm01_circ_2776101	Pf_BP_3_D84_S13_L001-L004_merged	34	0	1	0	1
PsFluSBW25_chrm01_circ_2844380	Pf_BP_3_D84_S13_L001-L004_merged	32	0	1	0	1
PsFluSBW25_chrm01_circ_2857080	Pf_BP_3_D84_S13_L001-L004_merged	25	0	1	0	1
PsFluSBW25_chrm01_circ_2948899	Pf_BP_3_D84_S13_L001-L004_merged	41	0	1	0	1
PsFluSBW25_chrm01_circ_2986589	Pf_BP_3_D84_S13_L001-L004_merged	37	0	1	0	1
PsFluSBW25_chrm01_circ_3046319	Pf_BP_3_D84_S13_L001-L004_merged	32	0	1	0	1
PsFluSBW25_chrm01_circ_3049960	Pf_BP_3_D84_S13_L001-L004_merged	39	0	1	0	1
PsFluSBW25_chrm01_circ_3301933	Pf_BP_3_D84_S13_L001-L004_merged	30	0	1	0	1
PsFluSBW25_chrm01_circ_3332858	Pf_BP_3_D84_S13_L001-L004_merged	32	0	1	0	1
PsFluSBW25_chrm01_circ_3351598	Pf_BP_3_D84_S13_L001-L004_merged	54	0	1	0	1
PsFluSBW25_chrm01_circ_342397	Pf_BP_3_D84_S13_L001-L004_merged	29	0	1	0	1
PsFluSBW25_chrm01_circ_3436927	Pf_BP_3_D84_S13_L001-L004_merged	45	0	1	0	1
PsFluSBW25_chrm01_circ_3456540	Pf_BP_3_D84_S13_L001-L004_merged	30	0	1	0	1
PsFluSBW25_chrm01_circ_349255	Pf_BP_3_D84_S13_L001-L004_merged	15	0	1	0	1
PsFluSBW25_chrm01_circ_37125	Pf_BP_3_D84_S13_L001-L004_merged	21	0	1	0	1
PsFluSBW25_chrm01_circ_3798211	Pf_BP_3_D84_S13_L001-L004_merged	47	0	1	0	1
PsFluSBW25_chrm01_circ_3838961	Pf_BP_3_D84_S13_L001-L004_merged	54	0	1	0	1
PsFluSBW25_chrm01_circ_3845100	Pf_BP_3_D84_S13_L001-L004_merged	37	0	1	0	1
PsFluSBW25_chrm01_circ_388609	Pf_BP_3_D84_S13_L001-L004_merged	42	0	1	0	1
PsFluSBW25_chrm01_circ_3886700	Pf_BP_3_D84_S13_L001-L004_merged	40	0	1	0	1
PsFluSBW25_chrm01_circ_4048876	Pf_BP_3_D84_S13_L001-L004_merged	32	0	1	0	1
PsFluSBW25_chrm01_circ_4062482	Pf_BP_3_D84_S13_L001-L004_merged	31	0	1	0	1
PsFluSBW25_chrm01_circ_407561	Pf_BP_3_D84_S13_L001-L004_merged	30	0	1	0	1
PsFluSBW25_chrm01_circ_4120561	Pf_BP_3_D84_S13_L001-L004_merged	46	0	1	0	1
PsFluSBW25_chrm01_circ_4155053	Pf_BP_3_D84_S13_L001-L004_merged	31	0	1	0	1
PsFluSBW25_chrm01_circ_4180044	Pf_BP_3_D84_S13_L001-L004_merged	32	0	1	0	1
PsFluSBW25_chrm01_circ_4203626	Pf_BP_3_D84_S13_L001-L004_merged	32	0	1	0	1
PsFluSBW25_chrm01_circ_425448	Pf_BP_3_D84_S13_L001-L004_merged	29	0	1	0	1
PsFluSBW25_chrm01_circ_4337542	Pf_BP_3_D84_S13_L001-L004_merged	31	0	1	0	1
PsFluSBW25_chrm01_circ_4368075	Pf_BP_3_D84_S13_L001-L004_merged	40	0	1	0	1
PsFluSBW25_chrm01_circ_441863	Pf_BP_3_D84_S13_L001-L004_merged	28	0	1	0	1
PsFluSBW25_chrm01_circ_4487200	Pf_BP_3_D84_S13_L001-L004_merged	49	0	1	0	1
PsFluSBW25_chrm01_circ_4522227	Pf_BP_3_D84_S13_L001-L004_merged	18	0	1	0	1
PsFluSBW25_chrm01_circ_4528974	Pf_BP_3_D84_S13_L001-L004_merged	29	0	1	0	1
PsFluSBW25_chrm01_circ_4566022	Pf_BP_3_D84_S13_L001-L004_merged	27	0	1	0	1
PsFluSBW25_chrm01_circ_4592386	Pf_BP_3_D84_S13_L001-L004_merged	27	0	1	0	1
PsFluSBW25_chrm01_circ_4595167	Pf_BP_3_D84_S13_L001-L004_merged	38	0	1	0	1
PsFluSBW25_chrm01_circ_4616287	Pf_BP_3_D84_S13_L001-L004_merged	23	0	1	0	1
PsFluSBW25_chrm01_circ_4644415	Pf_BP_3_D84_S13_L001-L004_merged	9	0	1	0	1
PsFluSBW25_chrm01_circ_4645653	Pf_BP_3_D84_S13_L001-L004_merged	33	0	1	0	1
PsFluSBW25_chrm01_circ_4697010	Pf_BP_3_D84_S13_L001-L004_merged	22	0	1	0	1
PsFluSBW25_chrm01_circ_470121	Pf_BP_3_D84_S13_L001-L004_merged	45	0	1	0	1
PsFluSBW25_chrm01_circ_4748517	Pf_BP_3_D84_S13_L001-L004_merged	31	0	1	0	1
PsFluSBW25_chrm01_circ_4751880	Pf_BP_3_D84_S13_L001-L004_merged	38	0	1	0	1
PsFluSBW25_chrm01_circ_4752384	Pf_BP_3_D84_S13_L001-L004_merged	43	0	1	0	1
PsFluSBW25_chrm01_circ_4803873	Pf_BP_3_D84_S13_L001-L004_merged	46	0	1	0	1
PsFluSBW25_chrm01_circ_4812193	Pf_BP_3_D84_S13_L001-L004_merged	46	0	1	0	1
PsFluSBW25_chrm01_circ_4872719	Pf_BP_3_D84_S13_L001-L004_merged	33	0	1	0	1
PsFluSBW25_chrm01_circ_4881730	Pf_BP_3_D84_S13_L001-L004_merged	31	0	1	0	1
PsFluSBW25_chrm01_circ_4931039	Pf_BP_3_D84_S13_L001-L004_merged	36	0	1	0	1
PsFluSBW25_chrm01_circ_4939038	Pf_BP_3_D84_S13_L001-L004_merged	29	0	1	0	1
PsFluSBW25_chrm01_circ_4941675	Pf_BP_3_D84_S13_L001-L004_merged	31	0	1	0	1
PsFluSBW25_chrm01_circ_4976801	Pf_BP_3_D84_S13_L001-L004_merged	11	0	1	0	1
PsFluSBW25_chrm01_circ_5004622	Pf_BP_3_D84_S13_L001-L004_merged	24	0	1	0	1
PsFluSBW25_chrm01_circ_5057411	Pf_BP_3_D84_S13_L001-L004_merged	28	0	1	0	1
PsFluSBW25_chrm01_circ_5068086	Pf_BP_3_D84_S13_L001-L004_merged	38	0	1	0	1
PsFluSBW25_chrm01_circ_5070696	Pf_BP_3_D84_S13_L001-L004_merged	31	1	1	0	1
PsFluSBW25_chrm01_circ_5088445	Pf_BP_3_D84_S13_L001-L004_merged	25	0	1	0	1
PsFluSBW25_chrm01_circ_5090218	Pf_BP_3_D84_S13_L001-L004_merged	26	0	1	0	1
PsFluSBW25_chrm01_circ_5098798	Pf_BP_3_D84_S13_L001-L004_merged	36	0	1	0	1
PsFluSBW25_chrm01_circ_5125224	Pf_BP_3_D84_S13_L001-L004_merged	32	0	1	0	1
PsFluSBW25_chrm01_circ_5139833	Pf_BP_3_D84_S13_L001-L004_merged	37	0	1	0	1
PsFluSBW25_chrm01_circ_514009	Pf_BP_3_D84_S13_L001-L004_merged	39	0	1	0	1
PsFluSBW25_chrm01_circ_5176227	Pf_BP_3_D84_S13_L001-L004_merged	28	1	1	0	1
PsFluSBW25_chrm01_circ_5177634	Pf_BP_3_D84_S13_L001-L004_merged	25	0	1	0	1
PsFluSBW25_chrm01_circ_5229842	Pf_BP_3_D84_S13_L001-L004_merged	8	0	1	0	1
PsFluSBW25_chrm01_circ_5229846	Pf_BP_3_D84_S13_L001-L004_merged	8	0	1	0	1
PsFluSBW25_chrm01_circ_5229848	Pf_BP_3_D84_S13_L001-L004_merged	8	0	1	0	1
PsFluSBW25_chrm01_circ_528492	Pf_BP_3_D84_S13_L001-L004_merged	31	0	1	0	1
PsFluSBW25_chrm01_circ_5306363	Pf_BP_3_D84_S13_L001-L004_merged	18	0	1	0	1
PsFluSBW25_chrm01_circ_531839	Pf_BP_3_D84_S13_L001-L004_merged	22	1	1	0	1
PsFluSBW25_chrm01_circ_5357118	Pf_BP_3_D84_S13_L001-L004_merged	31	0	1	0	1
PsFluSBW25_chrm01_circ_5396337	Pf_BP_3_D84_S13_L001-L004_merged	22	0	1	0	1
PsFluSBW25_chrm01_circ_5408499	Pf_BP_3_D84_S13_L001-L004_merged	9	0	1	0	1
PsFluSBW25_chrm01_circ_5468527	Pf_BP_3_D84_S13_L001-L004_merged	38	0	1	0	1
PsFluSBW25_chrm01_circ_5486155	Pf_BP_3_D84_S13_L001-L004_merged	25	0	1	0	1
PsFluSBW25_chrm01_circ_5516969	Pf_BP_3_D84_S13_L001-L004_merged	46	0	1	0	1
PsFluSBW25_chrm01_circ_5524086	Pf_BP_3_D84_S13_L001-L004_merged	11	0	1	0	1
PsFluSBW25_chrm01_circ_5534536	Pf_BP_3_D84_S13_L001-L004_merged	25	0	1	0	1
PsFluSBW25_chrm01_circ_5567439	Pf_BP_3_D84_S13_L001-L004_merged	38	0	1	0	1
PsFluSBW25_chrm01_circ_5624304	Pf_BP_3_D84_S13_L001-L004_merged	36	0	1	0	1
PsFluSBW25_chrm01_circ_5667496	Pf_BP_3_D84_S13_L001-L004_merged	25	2	1	0	1
PsFluSBW25_chrm01_circ_5671868	Pf_BP_3_D84_S13_L001-L004_merged	34	0	1	0	1
PsFluSBW25_chrm01_circ_5689413	Pf_BP_3_D84_S13_L001-L004_merged	25	0	1	0	1
PsFluSBW25_chrm01_circ_5709997	Pf_BP_3_D84_S13_L001-L004_merged	34	0	1	0	1
PsFluSBW25_chrm01_circ_5715825	Pf_BP_3_D84_S13_L001-L004_merged	44	0	1	0	1
PsFluSBW25_chrm01_circ_5716515	Pf_BP_3_D84_S13_L001-L004_merged	30	0	1	0	1
PsFluSBW25_chrm01_circ_5738290	Pf_BP_3_D84_S13_L001-L004_merged	30	0	1	0	1
PsFluSBW25_chrm01_circ_574868	Pf_BP_3_D84_S13_L001-L004_merged	31	0	1	0	1
PsFluSBW25_chrm01_circ_5826120	Pf_BP_3_D84_S13_L001-L004_merged	34	0	1	0	1
PsFluSBW25_chrm01_circ_5847593	Pf_BP_3_D84_S13_L001-L004_merged	38	0	1	0	1
PsFluSBW25_chrm01_circ_5847773	Pf_BP_3_D84_S13_L001-L004_merged	44	0	1	0	1
PsFluSBW25_chrm01_circ_5857442	Pf_BP_3_D84_S13_L001-L004_merged	34	0	1	0	1
PsFluSBW25_chrm01_circ_5857775	Pf_BP_3_D84_S13_L001-L004_merged	45	0	1	0	1
PsFluSBW25_chrm01_circ_5960908	Pf_BP_3_D84_S13_L001-L004_merged	38	0	1	0	1
PsFluSBW25_chrm01_circ_5967294	Pf_BP_3_D84_S13_L001-L004_merged	46	0	1	0	1
PsFluSBW25_chrm01_circ_5971715	Pf_BP_3_D84_S13_L001-L004_merged	33	0	1	0	1
PsFluSBW25_chrm01_circ_6079939	Pf_BP_3_D84_S13_L001-L004_merged	36	0	1	0	1
PsFluSBW25_chrm01_circ_6108733	Pf_BP_3_D84_S13_L001-L004_merged	36	0	1	0	1
PsFluSBW25_chrm01_circ_6154345	Pf_BP_3_D84_S13_L001-L004_merged	41	0	1	0	1
PsFluSBW25_chrm01_circ_6162469	Pf_BP_3_D84_S13_L001-L004_merged	24	1	1	0	1
PsFluSBW25_chrm01_circ_6193873	Pf_BP_3_D84_S13_L001-L004_merged	17	0	1	0	1
PsFluSBW25_chrm01_circ_6249985	Pf_BP_3_D84_S13_L001-L004_merged	21	0	1	0	1
PsFluSBW25_chrm01_circ_6280393	Pf_BP_3_D84_S13_L001-L004_merged	37	0	1	0	1
PsFluSBW25_chrm01_circ_6396367	Pf_BP_3_D84_S13_L001-L004_merged	12	0	1	0	1
PsFluSBW25_chrm01_circ_6446610	Pf_BP_3_D84_S13_L001-L004_merged	14	0	1	0	1
PsFluSBW25_chrm01_circ_6456835	Pf_BP_3_D84_S13_L001-L004_merged	28	0	1	0	1
PsFluSBW25_chrm01_circ_6457857	Pf_BP_3_D84_S13_L001-L004_merged	25	0	1	0	1
PsFluSBW25_chrm01_circ_650867	Pf_BP_3_D84_S13_L001-L004_merged	45	0	1	0	1
PsFluSBW25_chrm01_circ_6518389	Pf_BP_3_D84_S13_L001-L004_merged	31	1	1	0	1
PsFluSBW25_chrm01_circ_721709	Pf_BP_3_D84_S13_L001-L004_merged	34	0	1	0	1
PsFluSBW25_chrm01_circ_738710	Pf_BP_3_D84_S13_L001-L004_merged	26	0	1	0	1
PsFluSBW25_chrm01_circ_789548	Pf_BP_3_D84_S13_L001-L004_merged	38	0	1	0	1
PsFluSBW25_chrm01_circ_825120	Pf_BP_3_D84_S13_L001-L004_merged	29	0	1	0	1
PsFluSBW25_chrm01_circ_839909	Pf_BP_3_D84_S13_L001-L004_merged	37	0	1	0	1
PsFluSBW25_chrm01_circ_847781	Pf_BP_3_D84_S13_L001-L004_merged	34	0	1	0	1
PsFluSBW25_chrm01_circ_866943	Pf_BP_3_D84_S13_L001-L004_merged	27	0	1	0	1
PsFluSBW25_chrm01_circ_895493	Pf_BP_3_D84_S13_L001-L004_merged	22	1	1	0	1
PsFluSBW25_chrm01_circ_90695	Pf_BP_3_D84_S13_L001-L004_merged	36	0	1	0	1
PsFluSBW25_chrm01_circ_927323	Pf_BP_3_D84_S13_L001-L004_merged	30	0	1	0	1
PsFluSBW25_chrm01_circ_927626	Pf_BP_3_D84_S13_L001-L004_merged	33	0	1	0	1
PsFluSBW25_chrm01_circ_929036	Pf_BP_3_D84_S13_L001-L004_merged	33	0	1	0	1
PsFluSBW25_chrm01_circ_929543	Pf_BP_3_D84_S13_L001-L004_merged	26	0	1	0	1
PsFluSBW25_chrm01_circ_935922	Pf_BP_3_D84_S13_L001-L004_merged	30	0	1	0	1
PsFluSBW25_chrm01_circ_935928	Pf_BP_3_D84_S13_L001-L004_merged	29	0	1	0	1
PsFluSBW25_chrm01_circ_936093	Pf_BP_3_D84_S13_L001-L004_merged	33	0	1	0	1
PsFluSBW25_chrm01_circ_95741	Pf_BP_3_D84_S13_L001-L004_merged	12	0	1	0	1
PsFluSBW25_chrm01_circ_963620	Pf_BP_3_D84_S13_L001-L004_merged	45	0	1	0	1
PsFluSBW25_chrm01_circ_994031	Pf_BP_3_D84_S13_L001-L004_merged	33	0	1	0	1
PsFluSBW25_chrm01_circ_994471	Pf_BP_3_D84_S13_L001-L004_merged	37	0	1	0	1
